-7.141476E-08,-1.4995715E-01
-7.136476E-08,-1.4995715E-01
-7.131476E-08,-1.4995715E-01
-7.126476E-08,-1.4995715E-01
-7.121476E-08,-1.4995715E-01
-7.116476E-08,-1.4990444E-01
-7.111476E-08,-1.4990444E-01
-7.106476E-08,-1.4990444E-01
-7.101476E-08,-1.4990444E-01
-7.096476E-08,-1.4990444E-01
-7.091476E-08,-1.4985173E-01
-7.086476E-08,-1.4985173E-01
-7.081476E-08,-1.4985173E-01
-7.076476E-08,-1.4985173E-01
-7.071476E-08,-1.4979903E-01
-7.066476E-08,-1.4979903E-01
-7.061476E-08,-1.4979903E-01
-7.056476E-08,-1.4974632E-01
-7.051476E-08,-1.4974632E-01
-7.046476E-08,-1.4974632E-01
-7.041476E-08,-1.4974632E-01
-7.036476E-08,-1.4969361E-01
-7.031476E-08,-1.4969361E-01
-7.026476E-08,-1.4969361E-01
-7.021476E-08,-1.4969361E-01
-7.016476E-08,-1.4969361E-01
-7.011476E-08,-1.4969361E-01
-7.006476E-08,-1.4969361E-01
-7.001476E-08,-1.4969361E-01
-6.996476E-08,-1.4969361E-01
-6.991476E-08,-1.4969361E-01
-6.986476E-08,-1.4969361E-01
-6.981476E-08,-1.4974632E-01
-6.976476E-08,-1.4974632E-01
-6.971476E-08,-1.4974632E-01
-6.966476E-08,-1.4974632E-01
-6.961476E-08,-1.4979903E-01
-6.956476E-08,-1.4979903E-01
-6.951476E-08,-1.4979903E-01
-6.946476E-08,-1.4979903E-01
-6.941476E-08,-1.4985173E-01
-6.936476E-08,-1.4985173E-01
-6.931476E-08,-1.4985173E-01
-6.926476E-08,-1.4985173E-01
-6.921476E-08,-1.4985173E-01
-6.916476E-08,-1.4990444E-01
-6.911476E-08,-1.4990444E-01
-6.906476E-08,-1.4990444E-01
-6.901476E-08,-1.4990444E-01
-6.896476E-08,-1.4990444E-01
-6.891476E-08,-1.4990444E-01
-6.886476E-08,-1.4985173E-01
-6.881476E-08,-1.4985173E-01
-6.876476E-08,-1.4985173E-01
-6.871476E-08,-1.4985173E-01
-6.866476E-08,-1.4985173E-01
-6.861476E-08,-1.4979903E-01
-6.856476E-08,-1.4979903E-01
-6.851476E-08,-1.4979903E-01
-6.846476E-08,-1.4979903E-01
-6.841476E-08,-1.4974632E-01
-6.836476E-08,-1.4974632E-01
-6.831476E-08,-1.4974632E-01
-6.826476E-08,-1.4969361E-01
-6.821476E-08,-1.4969361E-01
-6.816476E-08,-1.4969361E-01
-6.811476E-08,-1.4969361E-01
-6.806476E-08,-1.4969361E-01
-6.801476E-08,-1.4969361E-01
-6.796476E-08,-1.4964090E-01
-6.791476E-08,-1.4964090E-01
-6.786476E-08,-1.4964090E-01
-6.781476E-08,-1.4964090E-01
-6.776476E-08,-1.4964090E-01
-6.771476E-08,-1.4964090E-01
-6.766476E-08,-1.4969361E-01
-6.761476E-08,-1.4969361E-01
-6.756476E-08,-1.4969361E-01
-6.751476E-08,-1.4969361E-01
-6.746476E-08,-1.4969361E-01
-6.741476E-08,-1.4969361E-01
-6.736476E-08,-1.4969361E-01
-6.731476E-08,-1.4969361E-01
-6.726476E-08,-1.4969361E-01
-6.721476E-08,-1.4969361E-01
-6.716476E-08,-1.4969361E-01
-6.711476E-08,-1.4969361E-01
-6.706476E-08,-1.4969361E-01
-6.701476E-08,-1.4969361E-01
-6.696476E-08,-1.4969361E-01
-6.691476E-08,-1.4969361E-01
-6.686476E-08,-1.4969361E-01
-6.681476E-08,-1.4969361E-01
-6.676476E-08,-1.4969361E-01
-6.671476E-08,-1.4969361E-01
-6.666476E-08,-1.4969361E-01
-6.661476E-08,-1.4969361E-01
-6.656476E-08,-1.4969361E-01
-6.651476E-08,-1.4969361E-01
-6.646476E-08,-1.4969361E-01
-6.641476E-08,-1.4969361E-01
-6.636476E-08,-1.4969361E-01
-6.631476E-08,-1.4969361E-01
-6.626476E-08,-1.4974632E-01
-6.621476E-08,-1.4974632E-01
-6.616476E-08,-1.4974632E-01
-6.611476E-08,-1.4974632E-01
-6.606476E-08,-1.4979903E-01
-6.601476E-08,-1.4979903E-01
-6.596476E-08,-1.4985173E-01
-6.591476E-08,-1.4985173E-01
-6.586476E-08,-1.4990444E-01
-6.581476E-08,-1.4990444E-01
-6.576476E-08,-1.4995715E-01
-6.571476E-08,-1.4995715E-01
-6.566476E-08,-1.5000986E-01
-6.561476E-08,-1.5000986E-01
-6.556476E-08,-1.5006257E-01
-6.551476E-08,-1.5011528E-01
-6.546476E-08,-1.5011528E-01
-6.541476E-08,-1.5016799E-01
-6.536476E-08,-1.5016799E-01
-6.531476E-08,-1.5022070E-01
-6.526476E-08,-1.5027341E-01
-6.521476E-08,-1.5027341E-01
-6.516476E-08,-1.5027341E-01
-6.511476E-08,-1.5032612E-01
-6.506476E-08,-1.5032612E-01
-6.501476E-08,-1.5032612E-01
-6.496476E-08,-1.5037883E-01
-6.491476E-08,-1.5037883E-01
-6.486476E-08,-1.5037883E-01
-6.481476E-08,-1.5037883E-01
-6.476476E-08,-1.5037883E-01
-6.471476E-08,-1.5037883E-01
-6.466476E-08,-1.5037883E-01
-6.461476E-08,-1.5037883E-01
-6.456476E-08,-1.5037883E-01
-6.451476E-08,-1.5037883E-01
-6.446476E-08,-1.5032612E-01
-6.441476E-08,-1.5032612E-01
-6.436476E-08,-1.5032612E-01
-6.431476E-08,-1.5032612E-01
-6.426476E-08,-1.5027341E-01
-6.421476E-08,-1.5027341E-01
-6.416476E-08,-1.5027341E-01
-6.411476E-08,-1.5027341E-01
-6.406476E-08,-1.5022070E-01
-6.401476E-08,-1.5022070E-01
-6.396476E-08,-1.5022070E-01
-6.391476E-08,-1.5016799E-01
-6.386476E-08,-1.5016799E-01
-6.381476E-08,-1.5016799E-01
-6.376476E-08,-1.5011528E-01
-6.371476E-08,-1.5011528E-01
-6.366476E-08,-1.5011528E-01
-6.361476E-08,-1.5006257E-01
-6.356476E-08,-1.5006257E-01
-6.351476E-08,-1.5006257E-01
-6.346476E-08,-1.5000986E-01
-6.341476E-08,-1.5000986E-01
-6.336476E-08,-1.5000986E-01
-6.331476E-08,-1.4995715E-01
-6.326476E-08,-1.4995715E-01
-6.321476E-08,-1.4995715E-01
-6.316476E-08,-1.4990444E-01
-6.311476E-08,-1.4990444E-01
-6.306476E-08,-1.4985173E-01
-6.301476E-08,-1.4985173E-01
-6.296476E-08,-1.4979903E-01
-6.291476E-08,-1.4979903E-01
-6.286476E-08,-1.4979903E-01
-6.281476E-08,-1.4974632E-01
-6.276476E-08,-1.4974632E-01
-6.271476E-08,-1.4969361E-01
-6.266476E-08,-1.4969361E-01
-6.261476E-08,-1.4964090E-01
-6.256476E-08,-1.4964090E-01
-6.251476E-08,-1.4964090E-01
-6.246476E-08,-1.4958819E-01
-6.241476E-08,-1.4958819E-01
-6.236476E-08,-1.4958819E-01
-6.231476E-08,-1.4953548E-01
-6.226476E-08,-1.4953548E-01
-6.221476E-08,-1.4953548E-01
-6.216476E-08,-1.4953548E-01
-6.211476E-08,-1.4953548E-01
-6.206476E-08,-1.4953548E-01
-6.201476E-08,-1.4953548E-01
-6.196476E-08,-1.4953548E-01
-6.191476E-08,-1.4953548E-01
-6.186476E-08,-1.4953548E-01
-6.181476E-08,-1.4953548E-01
-6.176476E-08,-1.4953548E-01
-6.171476E-08,-1.4953548E-01
-6.166476E-08,-1.4953548E-01
-6.161476E-08,-1.4953548E-01
-6.156476E-08,-1.4953548E-01
-6.151476E-08,-1.4953548E-01
-6.146476E-08,-1.4953548E-01
-6.141476E-08,-1.4953548E-01
-6.136476E-08,-1.4953548E-01
-6.131476E-08,-1.4953548E-01
-6.126476E-08,-1.4953548E-01
-6.121476E-08,-1.4953548E-01
-6.116476E-08,-1.4953548E-01
-6.111476E-08,-1.4948277E-01
-6.106476E-08,-1.4948277E-01
-6.101476E-08,-1.4948277E-01
-6.096476E-08,-1.4948277E-01
-6.091476E-08,-1.4948277E-01
-6.086476E-08,-1.4948277E-01
-6.081476E-08,-1.4948277E-01
-6.076476E-08,-1.4948277E-01
-6.071476E-08,-1.4943006E-01
-6.066476E-08,-1.4943006E-01
-6.061476E-08,-1.4943006E-01
-6.056476E-08,-1.4943006E-01
-6.051476E-08,-1.4943006E-01
-6.046476E-08,-1.4943006E-01
-6.041476E-08,-1.4943006E-01
-6.036476E-08,-1.4943006E-01
-6.031476E-08,-1.4943006E-01
-6.026476E-08,-1.4943006E-01
-6.021476E-08,-1.4948277E-01
-6.016476E-08,-1.4948277E-01
-6.011476E-08,-1.4948277E-01
-6.006476E-08,-1.4948277E-01
-6.001476E-08,-1.4953548E-01
-5.996476E-08,-1.4953548E-01
-5.991476E-08,-1.4953548E-01
-5.986476E-08,-1.4953548E-01
-5.981476E-08,-1.4958819E-01
-5.976476E-08,-1.4958819E-01
-5.971476E-08,-1.4958819E-01
-5.966476E-08,-1.4958819E-01
-5.961476E-08,-1.4958819E-01
-5.956476E-08,-1.4958819E-01
-5.951476E-08,-1.4958819E-01
-5.946476E-08,-1.4958819E-01
-5.941476E-08,-1.4958819E-01
-5.936476E-08,-1.4958819E-01
-5.931476E-08,-1.4958819E-01
-5.926476E-08,-1.4958819E-01
-5.921476E-08,-1.4953548E-01
-5.916476E-08,-1.4953548E-01
-5.911476E-08,-1.4948277E-01
-5.906476E-08,-1.4948277E-01
-5.901476E-08,-1.4943006E-01
-5.896476E-08,-1.4937735E-01
-5.891476E-08,-1.4932464E-01
-5.886476E-08,-1.4932464E-01
-5.881476E-08,-1.4927194E-01
-5.876476E-08,-1.4921923E-01
-5.871476E-08,-1.4916652E-01
-5.866476E-08,-1.4916652E-01
-5.861476E-08,-1.4911381E-01
-5.856476E-08,-1.4906110E-01
-5.851476E-08,-1.4900839E-01
-5.846476E-08,-1.4900839E-01
-5.841476E-08,-1.4895568E-01
-5.836476E-08,-1.4895568E-01
-5.831476E-08,-1.4895568E-01
-5.826476E-08,-1.4890297E-01
-5.821476E-08,-1.4890297E-01
-5.816476E-08,-1.4890297E-01
-5.811476E-08,-1.4890297E-01
-5.806476E-08,-1.4890297E-01
-5.801476E-08,-1.4895568E-01
-5.796476E-08,-1.4895568E-01
-5.791476E-08,-1.4900839E-01
-5.786476E-08,-1.4906110E-01
-5.781476E-08,-1.4906110E-01
-5.776476E-08,-1.4911381E-01
-5.771476E-08,-1.4916652E-01
-5.766476E-08,-1.4921923E-01
-5.761476E-08,-1.4927194E-01
-5.756476E-08,-1.4932464E-01
-5.751476E-08,-1.4937735E-01
-5.746476E-08,-1.4943006E-01
-5.741476E-08,-1.4948277E-01
-5.736476E-08,-1.4953548E-01
-5.731476E-08,-1.4958819E-01
-5.726476E-08,-1.4964090E-01
-5.721476E-08,-1.4969361E-01
-5.716476E-08,-1.4974632E-01
-5.711476E-08,-1.4974632E-01
-5.706476E-08,-1.4979903E-01
-5.701476E-08,-1.4979903E-01
-5.696476E-08,-1.4979903E-01
-5.691476E-08,-1.4985173E-01
-5.686476E-08,-1.4985173E-01
-5.681476E-08,-1.4979903E-01
-5.676476E-08,-1.4979903E-01
-5.671476E-08,-1.4979903E-01
-5.666476E-08,-1.4974632E-01
-5.661476E-08,-1.4974632E-01
-5.656476E-08,-1.4969361E-01
-5.651476E-08,-1.4964090E-01
-5.646476E-08,-1.4958819E-01
-5.641476E-08,-1.4953548E-01
-5.636476E-08,-1.4948277E-01
-5.631476E-08,-1.4948277E-01
-5.626476E-08,-1.4943006E-01
-5.621476E-08,-1.4937735E-01
-5.616476E-08,-1.4932464E-01
-5.611476E-08,-1.4927194E-01
-5.606476E-08,-1.4921923E-01
-5.601476E-08,-1.4916652E-01
-5.596476E-08,-1.4911381E-01
-5.591476E-08,-1.4906110E-01
-5.586476E-08,-1.4906110E-01
-5.581476E-08,-1.4900839E-01
-5.576476E-08,-1.4900839E-01
-5.571476E-08,-1.4900839E-01
-5.566476E-08,-1.4895568E-01
-5.561476E-08,-1.4895568E-01
-5.556476E-08,-1.4895568E-01
-5.551476E-08,-1.4895568E-01
-5.546476E-08,-1.4900839E-01
-5.541476E-08,-1.4900839E-01
-5.536476E-08,-1.4900839E-01
-5.531476E-08,-1.4906110E-01
-5.526476E-08,-1.4911381E-01
-5.521476E-08,-1.4911381E-01
-5.516476E-08,-1.4916652E-01
-5.511476E-08,-1.4921923E-01
-5.506476E-08,-1.4927194E-01
-5.501476E-08,-1.4932464E-01
-5.496476E-08,-1.4932464E-01
-5.491476E-08,-1.4937735E-01
-5.486476E-08,-1.4943006E-01
-5.481476E-08,-1.4948277E-01
-5.476476E-08,-1.4953548E-01
-5.471476E-08,-1.4958819E-01
-5.466476E-08,-1.4964090E-01
-5.461476E-08,-1.4964090E-01
-5.456476E-08,-1.4969361E-01
-5.451476E-08,-1.4974632E-01
-5.446476E-08,-1.4974632E-01
-5.441476E-08,-1.4974632E-01
-5.436476E-08,-1.4979903E-01
-5.431476E-08,-1.4979903E-01
-5.426476E-08,-1.4979903E-01
-5.421476E-08,-1.4979903E-01
-5.416476E-08,-1.4979903E-01
-5.411476E-08,-1.4979903E-01
-5.406476E-08,-1.4979903E-01
-5.401476E-08,-1.4979903E-01
-5.396476E-08,-1.4974632E-01
-5.391476E-08,-1.4974632E-01
-5.386476E-08,-1.4969361E-01
-5.381476E-08,-1.4969361E-01
-5.376476E-08,-1.4964090E-01
-5.371476E-08,-1.4964090E-01
-5.366476E-08,-1.4958819E-01
-5.361476E-08,-1.4953548E-01
-5.356476E-08,-1.4948277E-01
-5.351476E-08,-1.4943006E-01
-5.346476E-08,-1.4943006E-01
-5.341476E-08,-1.4937735E-01
-5.336476E-08,-1.4932464E-01
-5.331476E-08,-1.4927194E-01
-5.326476E-08,-1.4921923E-01
-5.321476E-08,-1.4916652E-01
-5.316476E-08,-1.4916652E-01
-5.311476E-08,-1.4911381E-01
-5.306476E-08,-1.4906110E-01
-5.301476E-08,-1.4906110E-01
-5.296476E-08,-1.4900839E-01
-5.291476E-08,-1.4895568E-01
-5.286476E-08,-1.4895568E-01
-5.281476E-08,-1.4890297E-01
-5.276476E-08,-1.4890297E-01
-5.271476E-08,-1.4890297E-01
-5.266476E-08,-1.4885026E-01
-5.261476E-08,-1.4885026E-01
-5.256476E-08,-1.4885026E-01
-5.251476E-08,-1.4885026E-01
-5.246476E-08,-1.4885026E-01
-5.241476E-08,-1.4885026E-01
-5.236476E-08,-1.4890297E-01
-5.231476E-08,-1.4890297E-01
-5.226476E-08,-1.4890297E-01
-5.221476E-08,-1.4895568E-01
-5.216476E-08,-1.4900839E-01
-5.211476E-08,-1.4900839E-01
-5.206476E-08,-1.4906110E-01
-5.201476E-08,-1.4911381E-01
-5.196476E-08,-1.4916652E-01
-5.191476E-08,-1.4921923E-01
-5.186476E-08,-1.4927194E-01
-5.181476E-08,-1.4932464E-01
-5.176476E-08,-1.4937735E-01
-5.171476E-08,-1.4943006E-01
-5.166476E-08,-1.4948277E-01
-5.161476E-08,-1.4953548E-01
-5.156476E-08,-1.4958819E-01
-5.151476E-08,-1.4964090E-01
-5.146476E-08,-1.4969361E-01
-5.141476E-08,-1.4974632E-01
-5.136476E-08,-1.4979903E-01
-5.131476E-08,-1.4979903E-01
-5.126476E-08,-1.4985173E-01
-5.121476E-08,-1.4985173E-01
-5.116476E-08,-1.4990444E-01
-5.111476E-08,-1.4990444E-01
-5.106476E-08,-1.4990444E-01
-5.101476E-08,-1.4990444E-01
-5.096476E-08,-1.4990444E-01
-5.091476E-08,-1.4990444E-01
-5.086476E-08,-1.4990444E-01
-5.081476E-08,-1.4990444E-01
-5.076476E-08,-1.4985173E-01
-5.071476E-08,-1.4985173E-01
-5.066476E-08,-1.4979903E-01
-5.061476E-08,-1.4974632E-01
-5.056476E-08,-1.4969361E-01
-5.051476E-08,-1.4964090E-01
-5.046476E-08,-1.4958819E-01
-5.041476E-08,-1.4953548E-01
-5.036476E-08,-1.4948277E-01
-5.031476E-08,-1.4943006E-01
-5.026476E-08,-1.4937735E-01
-5.021476E-08,-1.4932464E-01
-5.016476E-08,-1.4927194E-01
-5.011476E-08,-1.4916652E-01
-5.006476E-08,-1.4911381E-01
-5.001476E-08,-1.4906110E-01
-4.996476E-08,-1.4900839E-01
-4.991476E-08,-1.4895568E-01
-4.986476E-08,-1.4895568E-01
-4.981476E-08,-1.4890297E-01
-4.976476E-08,-1.4885026E-01
-4.971476E-08,-1.4885026E-01
-4.966476E-08,-1.4879755E-01
-4.961476E-08,-1.4879755E-01
-4.956476E-08,-1.4879755E-01
-4.951476E-08,-1.4874485E-01
-4.946476E-08,-1.4874485E-01
-4.941476E-08,-1.4874485E-01
-4.936476E-08,-1.4874485E-01
-4.931476E-08,-1.4879755E-01
-4.926476E-08,-1.4879755E-01
-4.921476E-08,-1.4879755E-01
-4.916476E-08,-1.4885026E-01
-4.911476E-08,-1.4885026E-01
-4.906476E-08,-1.4890297E-01
-4.901476E-08,-1.4890297E-01
-4.896476E-08,-1.4895568E-01
-4.891476E-08,-1.4895568E-01
-4.886476E-08,-1.4900839E-01
-4.881476E-08,-1.4900839E-01
-4.876476E-08,-1.4900839E-01
-4.871476E-08,-1.4906110E-01
-4.866476E-08,-1.4906110E-01
-4.861476E-08,-1.4911381E-01
-4.856476E-08,-1.4911381E-01
-4.851476E-08,-1.4911381E-01
-4.846476E-08,-1.4911381E-01
-4.841476E-08,-1.4911381E-01
-4.836476E-08,-1.4911381E-01
-4.831476E-08,-1.4911381E-01
-4.826476E-08,-1.4911381E-01
-4.821476E-08,-1.4911381E-01
-4.816476E-08,-1.4911381E-01
-4.811476E-08,-1.4911381E-01
-4.806476E-08,-1.4906110E-01
-4.801476E-08,-1.4906110E-01
-4.796476E-08,-1.4906110E-01
-4.791476E-08,-1.4900839E-01
-4.786476E-08,-1.4900839E-01
-4.781476E-08,-1.4900839E-01
-4.776476E-08,-1.4895568E-01
-4.771476E-08,-1.4895568E-01
-4.766476E-08,-1.4895568E-01
-4.761476E-08,-1.4895568E-01
-4.756476E-08,-1.4895568E-01
-4.751476E-08,-1.4895568E-01
-4.746476E-08,-1.4895568E-01
-4.741476E-08,-1.4895568E-01
-4.736476E-08,-1.4895568E-01
-4.731476E-08,-1.4895568E-01
-4.726476E-08,-1.4895568E-01
-4.721476E-08,-1.4895568E-01
-4.716476E-08,-1.4895568E-01
-4.711476E-08,-1.4900839E-01
-4.706476E-08,-1.4900839E-01
-4.701476E-08,-1.4906110E-01
-4.696476E-08,-1.4906110E-01
-4.691476E-08,-1.4906110E-01
-4.686476E-08,-1.4911381E-01
-4.681476E-08,-1.4911381E-01
-4.676476E-08,-1.4916652E-01
-4.671476E-08,-1.4916652E-01
-4.666476E-08,-1.4921923E-01
-4.661476E-08,-1.4921923E-01
-4.656476E-08,-1.4927194E-01
-4.651476E-08,-1.4927194E-01
-4.646476E-08,-1.4927194E-01
-4.641476E-08,-1.4932464E-01
-4.636476E-08,-1.4932464E-01
-4.631476E-08,-1.4932464E-01
-4.626476E-08,-1.4937735E-01
-4.621476E-08,-1.4937735E-01
-4.616476E-08,-1.4937735E-01
-4.611476E-08,-1.4937735E-01
-4.606476E-08,-1.4937735E-01
-4.601476E-08,-1.4937735E-01
-4.596476E-08,-1.4932464E-01
-4.591476E-08,-1.4932464E-01
-4.586476E-08,-1.4932464E-01
-4.581476E-08,-1.4932464E-01
-4.576476E-08,-1.4927194E-01
-4.571476E-08,-1.4927194E-01
-4.566476E-08,-1.4927194E-01
-4.561476E-08,-1.4921923E-01
-4.556476E-08,-1.4921923E-01
-4.551476E-08,-1.4921923E-01
-4.546476E-08,-1.4921923E-01
-4.541476E-08,-1.4916652E-01
-4.536476E-08,-1.4916652E-01
-4.531476E-08,-1.4916652E-01
-4.526476E-08,-1.4916652E-01
-4.521476E-08,-1.4916652E-01
-4.516476E-08,-1.4916652E-01
-4.511476E-08,-1.4916652E-01
-4.506476E-08,-1.4916652E-01
-4.501476E-08,-1.4916652E-01
-4.496476E-08,-1.4916652E-01
-4.491476E-08,-1.4916652E-01
-4.486476E-08,-1.4921923E-01
-4.481476E-08,-1.4921923E-01
-4.476476E-08,-1.4921923E-01
-4.471476E-08,-1.4927194E-01
-4.466476E-08,-1.4927194E-01
-4.461476E-08,-1.4932464E-01
-4.456476E-08,-1.4932464E-01
-4.451476E-08,-1.4937735E-01
-4.446476E-08,-1.4937735E-01
-4.441476E-08,-1.4943006E-01
-4.436476E-08,-1.4948277E-01
-4.431476E-08,-1.4948277E-01
-4.426476E-08,-1.4953548E-01
-4.421476E-08,-1.4953548E-01
-4.416476E-08,-1.4953548E-01
-4.411476E-08,-1.4958819E-01
-4.406476E-08,-1.4958819E-01
-4.401476E-08,-1.4958819E-01
-4.396476E-08,-1.4964090E-01
-4.391476E-08,-1.4964090E-01
-4.386476E-08,-1.4964090E-01
-4.381476E-08,-1.4964090E-01
-4.376476E-08,-1.4964090E-01
-4.371476E-08,-1.4964090E-01
-4.366476E-08,-1.4958819E-01
-4.361476E-08,-1.4958819E-01
-4.356476E-08,-1.4958819E-01
-4.351476E-08,-1.4953548E-01
-4.346476E-08,-1.4953548E-01
-4.341476E-08,-1.4948277E-01
-4.336476E-08,-1.4948277E-01
-4.331476E-08,-1.4943006E-01
-4.326476E-08,-1.4943006E-01
-4.321476E-08,-1.4937735E-01
-4.316476E-08,-1.4937735E-01
-4.311476E-08,-1.4932464E-01
-4.306476E-08,-1.4932464E-01
-4.301476E-08,-1.4927194E-01
-4.296476E-08,-1.4921923E-01
-4.291476E-08,-1.4921923E-01
-4.286476E-08,-1.4921923E-01
-4.281476E-08,-1.4916652E-01
-4.276476E-08,-1.4916652E-01
-4.271476E-08,-1.4916652E-01
-4.266476E-08,-1.4911381E-01
-4.261476E-08,-1.4911381E-01
-4.256476E-08,-1.4911381E-01
-4.251476E-08,-1.4911381E-01
-4.246476E-08,-1.4911381E-01
-4.241476E-08,-1.4911381E-01
-4.236476E-08,-1.4916652E-01
-4.231476E-08,-1.4916652E-01
-4.226476E-08,-1.4916652E-01
-4.221476E-08,-1.4921923E-01
-4.216476E-08,-1.4921923E-01
-4.211476E-08,-1.4927194E-01
-4.206476E-08,-1.4927194E-01
-4.201476E-08,-1.4932464E-01
-4.196476E-08,-1.4932464E-01
-4.191476E-08,-1.4937735E-01
-4.186476E-08,-1.4943006E-01
-4.181476E-08,-1.4943006E-01
-4.176476E-08,-1.4948277E-01
-4.171476E-08,-1.4948277E-01
-4.166476E-08,-1.4948277E-01
-4.161476E-08,-1.4953548E-01
-4.156476E-08,-1.4953548E-01
-4.151476E-08,-1.4953548E-01
-4.146476E-08,-1.4953548E-01
-4.141476E-08,-1.4953548E-01
-4.136476E-08,-1.4953548E-01
-4.131476E-08,-1.4953548E-01
-4.126476E-08,-1.4948277E-01
-4.121476E-08,-1.4948277E-01
-4.116476E-08,-1.4943006E-01
-4.111476E-08,-1.4937735E-01
-4.106476E-08,-1.4937735E-01
-4.101476E-08,-1.4932464E-01
-4.096476E-08,-1.4927194E-01
-4.091476E-08,-1.4921923E-01
-4.086476E-08,-1.4916652E-01
-4.081476E-08,-1.4911381E-01
-4.076476E-08,-1.4906110E-01
-4.071476E-08,-1.4895568E-01
-4.066476E-08,-1.4890297E-01
-4.061476E-08,-1.4885026E-01
-4.056476E-08,-1.4879755E-01
-4.051476E-08,-1.4874485E-01
-4.046476E-08,-1.4869214E-01
-4.041476E-08,-1.4863943E-01
-4.036476E-08,-1.4858672E-01
-4.031476E-08,-1.4858672E-01
-4.026476E-08,-1.4853401E-01
-4.021476E-08,-1.4848130E-01
-4.016476E-08,-1.4848130E-01
-4.011476E-08,-1.4848130E-01
-4.006476E-08,-1.4848130E-01
-4.001476E-08,-1.4848130E-01
-3.996476E-08,-1.4848130E-01
-3.991476E-08,-1.4848130E-01
-3.986476E-08,-1.4853401E-01
-3.981476E-08,-1.4853401E-01
-3.976476E-08,-1.4858672E-01
-3.971476E-08,-1.4863943E-01
-3.966476E-08,-1.4869214E-01
-3.961476E-08,-1.4874485E-01
-3.956476E-08,-1.4879755E-01
-3.951476E-08,-1.4885026E-01
-3.946476E-08,-1.4890297E-01
-3.941476E-08,-1.4895568E-01
-3.936476E-08,-1.4906110E-01
-3.931476E-08,-1.4911381E-01
-3.926476E-08,-1.4916652E-01
-3.921476E-08,-1.4921923E-01
-3.916476E-08,-1.4927194E-01
-3.911476E-08,-1.4932464E-01
-3.906476E-08,-1.4937735E-01
-3.901476E-08,-1.4943006E-01
-3.896476E-08,-1.4948277E-01
-3.891476E-08,-1.4948277E-01
-3.886476E-08,-1.4953548E-01
-3.881476E-08,-1.4953548E-01
-3.876476E-08,-1.4953548E-01
-3.871476E-08,-1.4953548E-01
-3.866476E-08,-1.4953548E-01
-3.861476E-08,-1.4953548E-01
-3.856476E-08,-1.4953548E-01
-3.851476E-08,-1.4948277E-01
-3.846476E-08,-1.4948277E-01
-3.841476E-08,-1.4943006E-01
-3.836476E-08,-1.4937735E-01
-3.831476E-08,-1.4932464E-01
-3.826476E-08,-1.4927194E-01
-3.821476E-08,-1.4921923E-01
-3.816476E-08,-1.4916652E-01
-3.811476E-08,-1.4911381E-01
-3.806476E-08,-1.4911381E-01
-3.801476E-08,-1.4906110E-01
-3.796476E-08,-1.4900839E-01
-3.791476E-08,-1.4895568E-01
-3.786476E-08,-1.4890297E-01
-3.781476E-08,-1.4890297E-01
-3.776476E-08,-1.4885026E-01
-3.771476E-08,-1.4885026E-01
-3.766476E-08,-1.4885026E-01
-3.761476E-08,-1.4885026E-01
-3.756476E-08,-1.4885026E-01
-3.751476E-08,-1.4885026E-01
-3.746476E-08,-1.4885026E-01
-3.741476E-08,-1.4890297E-01
-3.736476E-08,-1.4890297E-01
-3.731476E-08,-1.4895568E-01
-3.726476E-08,-1.4900839E-01
-3.721476E-08,-1.4906110E-01
-3.716476E-08,-1.4911381E-01
-3.711476E-08,-1.4916652E-01
-3.706476E-08,-1.4921923E-01
-3.701476E-08,-1.4927194E-01
-3.696476E-08,-1.4932464E-01
-3.691476E-08,-1.4937735E-01
-3.686476E-08,-1.4943006E-01
-3.681476E-08,-1.4948277E-01
-3.676476E-08,-1.4953548E-01
-3.671476E-08,-1.4958819E-01
-3.666476E-08,-1.4964090E-01
-3.661476E-08,-1.4964090E-01
-3.656476E-08,-1.4969361E-01
-3.651476E-08,-1.4969361E-01
-3.646476E-08,-1.4974632E-01
-3.641476E-08,-1.4974632E-01
-3.636476E-08,-1.4974632E-01
-3.631476E-08,-1.4974632E-01
-3.626476E-08,-1.4974632E-01
-3.621476E-08,-1.4969361E-01
-3.616476E-08,-1.4969361E-01
-3.611476E-08,-1.4969361E-01
-3.606476E-08,-1.4964090E-01
-3.601476E-08,-1.4958819E-01
-3.596476E-08,-1.4958819E-01
-3.591476E-08,-1.4953548E-01
-3.586476E-08,-1.4948277E-01
-3.581476E-08,-1.4943006E-01
-3.576476E-08,-1.4937735E-01
-3.571476E-08,-1.4932464E-01
-3.566476E-08,-1.4927194E-01
-3.561476E-08,-1.4927194E-01
-3.556476E-08,-1.4921923E-01
-3.551476E-08,-1.4916652E-01
-3.546476E-08,-1.4911381E-01
-3.541476E-08,-1.4911381E-01
-3.536476E-08,-1.4906110E-01
-3.531476E-08,-1.4906110E-01
-3.526476E-08,-1.4906110E-01
-3.521476E-08,-1.4906110E-01
-3.516476E-08,-1.4906110E-01
-3.511476E-08,-1.4906110E-01
-3.506476E-08,-1.4906110E-01
-3.501476E-08,-1.4906110E-01
-3.496476E-08,-1.4911381E-01
-3.491476E-08,-1.4911381E-01
-3.486476E-08,-1.4916652E-01
-3.481476E-08,-1.4921923E-01
-3.476476E-08,-1.4921923E-01
-3.471476E-08,-1.4927194E-01
-3.466476E-08,-1.4932464E-01
-3.461476E-08,-1.4937735E-01
-3.456476E-08,-1.4937735E-01
-3.451476E-08,-1.4943006E-01
-3.446476E-08,-1.4948277E-01
-3.441476E-08,-1.4948277E-01
-3.436476E-08,-1.4953548E-01
-3.431476E-08,-1.4953548E-01
-3.426476E-08,-1.4958819E-01
-3.421476E-08,-1.4958819E-01
-3.416476E-08,-1.4964090E-01
-3.411476E-08,-1.4964090E-01
-3.406476E-08,-1.4964090E-01
-3.401476E-08,-1.4964090E-01
-3.396476E-08,-1.4964090E-01
-3.391476E-08,-1.4964090E-01
-3.386476E-08,-1.4958819E-01
-3.381476E-08,-1.4958819E-01
-3.376476E-08,-1.4958819E-01
-3.371476E-08,-1.4953548E-01
-3.366476E-08,-1.4953548E-01
-3.361476E-08,-1.4948277E-01
-3.356476E-08,-1.4948277E-01
-3.351476E-08,-1.4943006E-01
-3.346476E-08,-1.4943006E-01
-3.341476E-08,-1.4937735E-01
-3.336476E-08,-1.4937735E-01
-3.331476E-08,-1.4937735E-01
-3.326476E-08,-1.4932464E-01
-3.321476E-08,-1.4932464E-01
-3.316476E-08,-1.4932464E-01
-3.311476E-08,-1.4932464E-01
-3.306476E-08,-1.4932464E-01
-3.301476E-08,-1.4932464E-01
-3.296476E-08,-1.4932464E-01
-3.291476E-08,-1.4932464E-01
-3.286476E-08,-1.4937735E-01
-3.281476E-08,-1.4937735E-01
-3.276476E-08,-1.4943006E-01
-3.271476E-08,-1.4948277E-01
-3.266476E-08,-1.4948277E-01
-3.261476E-08,-1.4953548E-01
-3.256476E-08,-1.4958819E-01
-3.251476E-08,-1.4964090E-01
-3.246476E-08,-1.4969361E-01
-3.241476E-08,-1.4974632E-01
-3.236476E-08,-1.4979903E-01
-3.231476E-08,-1.4990444E-01
-3.226476E-08,-1.4995715E-01
-3.221476E-08,-1.5000986E-01
-3.216476E-08,-1.5006257E-01
-3.211476E-08,-1.5011528E-01
-3.206476E-08,-1.5011528E-01
-3.201476E-08,-1.5016799E-01
-3.196476E-08,-1.5022070E-01
-3.191476E-08,-1.5022070E-01
-3.186476E-08,-1.5027341E-01
-3.181476E-08,-1.5027341E-01
-3.176476E-08,-1.5027341E-01
-3.171476E-08,-1.5027341E-01
-3.166476E-08,-1.5027341E-01
-3.161476E-08,-1.5027341E-01
-3.156476E-08,-1.5027341E-01
-3.151476E-08,-1.5022070E-01
-3.146476E-08,-1.5022070E-01
-3.141476E-08,-1.5016799E-01
-3.136476E-08,-1.5011528E-01
-3.131476E-08,-1.5006257E-01
-3.126476E-08,-1.5000986E-01
-3.121476E-08,-1.4995715E-01
-3.116476E-08,-1.4990444E-01
-3.111476E-08,-1.4985173E-01
-3.106476E-08,-1.4979903E-01
-3.101476E-08,-1.4974632E-01
-3.096476E-08,-1.4969361E-01
-3.091476E-08,-1.4958819E-01
-3.086476E-08,-1.4953548E-01
-3.081476E-08,-1.4948277E-01
-3.076476E-08,-1.4943006E-01
-3.071476E-08,-1.4937735E-01
-3.066476E-08,-1.4932464E-01
-3.061476E-08,-1.4932464E-01
-3.056476E-08,-1.4927194E-01
-3.051476E-08,-1.4921923E-01
-3.046476E-08,-1.4921923E-01
-3.041476E-08,-1.4921923E-01
-3.036476E-08,-1.4916652E-01
-3.031476E-08,-1.4916652E-01
-3.026476E-08,-1.4916652E-01
-3.021476E-08,-1.4916652E-01
-3.016476E-08,-1.4916652E-01
-3.011476E-08,-1.4916652E-01
-3.006476E-08,-1.4916652E-01
-3.001476E-08,-1.4916652E-01
-2.996476E-08,-1.4916652E-01
-2.991476E-08,-1.4921923E-01
-2.986476E-08,-1.4921923E-01
-2.981476E-08,-1.4921923E-01
-2.976476E-08,-1.4921923E-01
-2.971476E-08,-1.4927194E-01
-2.966476E-08,-1.4927194E-01
-2.961476E-08,-1.4927194E-01
-2.956476E-08,-1.4927194E-01
-2.951476E-08,-1.4932464E-01
-2.946476E-08,-1.4932464E-01
-2.941476E-08,-1.4932464E-01
-2.936476E-08,-1.4932464E-01
-2.931476E-08,-1.4932464E-01
-2.926476E-08,-1.4932464E-01
-2.921476E-08,-1.4932464E-01
-2.916476E-08,-1.4932464E-01
-2.911476E-08,-1.4932464E-01
-2.906476E-08,-1.4932464E-01
-2.901476E-08,-1.4932464E-01
-2.896476E-08,-1.4927194E-01
-2.891476E-08,-1.4927194E-01
-2.886476E-08,-1.4927194E-01
-2.881476E-08,-1.4927194E-01
-2.876476E-08,-1.4927194E-01
-2.871476E-08,-1.4927194E-01
-2.866476E-08,-1.4927194E-01
-2.861476E-08,-1.4927194E-01
-2.856476E-08,-1.4927194E-01
-2.851476E-08,-1.4927194E-01
-2.846476E-08,-1.4927194E-01
-2.841476E-08,-1.4932464E-01
-2.836476E-08,-1.4932464E-01
-2.831476E-08,-1.4932464E-01
-2.826476E-08,-1.4937735E-01
-2.821476E-08,-1.4937735E-01
-2.816476E-08,-1.4943006E-01
-2.811476E-08,-1.4943006E-01
-2.806476E-08,-1.4943006E-01
-2.801476E-08,-1.4948277E-01
-2.796476E-08,-1.4948277E-01
-2.791476E-08,-1.4953548E-01
-2.786476E-08,-1.4953548E-01
-2.781476E-08,-1.4958819E-01
-2.776476E-08,-1.4958819E-01
-2.771476E-08,-1.4958819E-01
-2.766476E-08,-1.4964090E-01
-2.761476E-08,-1.4964090E-01
-2.756476E-08,-1.4964090E-01
-2.751476E-08,-1.4964090E-01
-2.746476E-08,-1.4964090E-01
-2.741476E-08,-1.4958819E-01
-2.736476E-08,-1.4958819E-01
-2.731476E-08,-1.4953548E-01
-2.726476E-08,-1.4953548E-01
-2.721476E-08,-1.4948277E-01
-2.716476E-08,-1.4948277E-01
-2.711476E-08,-1.4943006E-01
-2.706476E-08,-1.4937735E-01
-2.701476E-08,-1.4932464E-01
-2.696476E-08,-1.4927194E-01
-2.691476E-08,-1.4921923E-01
-2.686476E-08,-1.4916652E-01
-2.681476E-08,-1.4911381E-01
-2.676476E-08,-1.4906110E-01
-2.671476E-08,-1.4900839E-01
-2.666476E-08,-1.4895568E-01
-2.661476E-08,-1.4895568E-01
-2.656476E-08,-1.4890297E-01
-2.651476E-08,-1.4885026E-01
-2.646476E-08,-1.4885026E-01
-2.641476E-08,-1.4885026E-01
-2.636476E-08,-1.4879755E-01
-2.631476E-08,-1.4879755E-01
-2.626476E-08,-1.4879755E-01
-2.621476E-08,-1.4885026E-01
-2.616476E-08,-1.4885026E-01
-2.611476E-08,-1.4885026E-01
-2.606476E-08,-1.4890297E-01
-2.601476E-08,-1.4895568E-01
-2.596476E-08,-1.4900839E-01
-2.591476E-08,-1.4900839E-01
-2.586476E-08,-1.4906110E-01
-2.581476E-08,-1.4911381E-01
-2.576476E-08,-1.4916652E-01
-2.571476E-08,-1.4921923E-01
-2.566476E-08,-1.4927194E-01
-2.561476E-08,-1.4932464E-01
-2.556476E-08,-1.4937735E-01
-2.551476E-08,-1.4943006E-01
-2.546476E-08,-1.4948277E-01
-2.541476E-08,-1.4953548E-01
-2.536476E-08,-1.4953548E-01
-2.531476E-08,-1.4958819E-01
-2.526476E-08,-1.4958819E-01
-2.521476E-08,-1.4958819E-01
-2.516476E-08,-1.4958819E-01
-2.511476E-08,-1.4958819E-01
-2.506476E-08,-1.4958819E-01
-2.501476E-08,-1.4958819E-01
-2.496476E-08,-1.4953548E-01
-2.491476E-08,-1.4953548E-01
-2.486476E-08,-1.4948277E-01
-2.481476E-08,-1.4948277E-01
-2.476476E-08,-1.4943006E-01
-2.471476E-08,-1.4937735E-01
-2.466476E-08,-1.4932464E-01
-2.461476E-08,-1.4932464E-01
-2.456476E-08,-1.4927194E-01
-2.451476E-08,-1.4921923E-01
-2.446476E-08,-1.4916652E-01
-2.441476E-08,-1.4916652E-01
-2.436476E-08,-1.4911381E-01
-2.431476E-08,-1.4911381E-01
-2.426476E-08,-1.4911381E-01
-2.421476E-08,-1.4906110E-01
-2.416476E-08,-1.4906110E-01
-2.411476E-08,-1.4906110E-01
-2.406476E-08,-1.4906110E-01
-2.401476E-08,-1.4911381E-01
-2.396476E-08,-1.4911381E-01
-2.391476E-08,-1.4916652E-01
-2.386476E-08,-1.4921923E-01
-2.381476E-08,-1.4921923E-01
-2.376476E-08,-1.4927194E-01
-2.371476E-08,-1.4932464E-01
-2.366476E-08,-1.4937735E-01
-2.361476E-08,-1.4943006E-01
-2.356476E-08,-1.4948277E-01
-2.351476E-08,-1.4953548E-01
-2.346476E-08,-1.4958819E-01
-2.341476E-08,-1.4964090E-01
-2.336476E-08,-1.4969361E-01
-2.331476E-08,-1.4974632E-01
-2.326476E-08,-1.4974632E-01
-2.321476E-08,-1.4979903E-01
-2.316476E-08,-1.4979903E-01
-2.311476E-08,-1.4985173E-01
-2.306476E-08,-1.4985173E-01
-2.301476E-08,-1.4985173E-01
-2.296476E-08,-1.4979903E-01
-2.291476E-08,-1.4979903E-01
-2.286476E-08,-1.4979903E-01
-2.281476E-08,-1.4974632E-01
-2.276476E-08,-1.4969361E-01
-2.271476E-08,-1.4964090E-01
-2.266476E-08,-1.4958819E-01
-2.261476E-08,-1.4953548E-01
-2.256476E-08,-1.4948277E-01
-2.251476E-08,-1.4943006E-01
-2.246476E-08,-1.4932464E-01
-2.241476E-08,-1.4927194E-01
-2.236476E-08,-1.4921923E-01
-2.231476E-08,-1.4916652E-01
-2.226476E-08,-1.4911381E-01
-2.221476E-08,-1.4906110E-01
-2.216476E-08,-1.4900839E-01
-2.211476E-08,-1.4895568E-01
-2.206476E-08,-1.4895568E-01
-2.201476E-08,-1.4890297E-01
-2.196476E-08,-1.4890297E-01
-2.191476E-08,-1.4890297E-01
-2.186476E-08,-1.4890297E-01
-2.181476E-08,-1.4890297E-01
-2.176476E-08,-1.4890297E-01
-2.171476E-08,-1.4890297E-01
-2.166476E-08,-1.4895568E-01
-2.161476E-08,-1.4900839E-01
-2.156476E-08,-1.4900839E-01
-2.151476E-08,-1.4906110E-01
-2.146476E-08,-1.4911381E-01
-2.141476E-08,-1.4916652E-01
-2.136476E-08,-1.4921923E-01
-2.131476E-08,-1.4927194E-01
-2.126476E-08,-1.4932464E-01
-2.121476E-08,-1.4932464E-01
-2.116476E-08,-1.4937735E-01
-2.111476E-08,-1.4943006E-01
-2.106476E-08,-1.4948277E-01
-2.101476E-08,-1.4948277E-01
-2.096476E-08,-1.4948277E-01
-2.091476E-08,-1.4953548E-01
-2.086476E-08,-1.4953548E-01
-2.081476E-08,-1.4953548E-01
-2.076476E-08,-1.4948277E-01
-2.071476E-08,-1.4948277E-01
-2.066476E-08,-1.4948277E-01
-2.061476E-08,-1.4943006E-01
-2.056476E-08,-1.4937735E-01
-2.051476E-08,-1.4937735E-01
-2.046476E-08,-1.4932464E-01
-2.041476E-08,-1.4927194E-01
-2.036476E-08,-1.4921923E-01
-2.031476E-08,-1.4916652E-01
-2.026476E-08,-1.4911381E-01
-2.021476E-08,-1.4906110E-01
-2.016476E-08,-1.4900839E-01
-2.011476E-08,-1.4895568E-01
-2.006476E-08,-1.4890297E-01
-2.001476E-08,-1.4885026E-01
-1.996476E-08,-1.4879755E-01
-1.991476E-08,-1.4879755E-01
-1.986476E-08,-1.4874485E-01
-1.981476E-08,-1.4874485E-01
-1.976476E-08,-1.4874485E-01
-1.971476E-08,-1.4874485E-01
-1.966476E-08,-1.4874485E-01
-1.961476E-08,-1.4874485E-01
-1.956476E-08,-1.4874485E-01
-1.951476E-08,-1.4879755E-01
-1.946476E-08,-1.4879755E-01
-1.941476E-08,-1.4885026E-01
-1.936476E-08,-1.4890297E-01
-1.931476E-08,-1.4895568E-01
-1.926476E-08,-1.4900839E-01
-1.921476E-08,-1.4906110E-01
-1.916476E-08,-1.4911381E-01
-1.911476E-08,-1.4916652E-01
-1.906476E-08,-1.4921923E-01
-1.901476E-08,-1.4921923E-01
-1.896476E-08,-1.4927194E-01
-1.891476E-08,-1.4932464E-01
-1.886476E-08,-1.4937735E-01
-1.881476E-08,-1.4937735E-01
-1.876476E-08,-1.4943006E-01
-1.871476E-08,-1.4943006E-01
-1.866476E-08,-1.4948277E-01
-1.861476E-08,-1.4948277E-01
-1.856476E-08,-1.4948277E-01
-1.851476E-08,-1.4948277E-01
-1.846476E-08,-1.4948277E-01
-1.841476E-08,-1.4948277E-01
-1.836476E-08,-1.4943006E-01
-1.831476E-08,-1.4943006E-01
-1.826476E-08,-1.4937735E-01
-1.821476E-08,-1.4937735E-01
-1.816476E-08,-1.4932464E-01
-1.811476E-08,-1.4932464E-01
-1.806476E-08,-1.4927194E-01
-1.801476E-08,-1.4927194E-01
-1.796476E-08,-1.4921923E-01
-1.791476E-08,-1.4921923E-01
-1.786476E-08,-1.4916652E-01
-1.781476E-08,-1.4916652E-01
-1.776476E-08,-1.4916652E-01
-1.771476E-08,-1.4911381E-01
-1.766476E-08,-1.4911381E-01
-1.761476E-08,-1.4911381E-01
-1.756476E-08,-1.4911381E-01
-1.751476E-08,-1.4911381E-01
-1.746476E-08,-1.4911381E-01
-1.741476E-08,-1.4916652E-01
-1.736476E-08,-1.4916652E-01
-1.731476E-08,-1.4916652E-01
-1.726476E-08,-1.4921923E-01
-1.721476E-08,-1.4921923E-01
-1.716476E-08,-1.4927194E-01
-1.711476E-08,-1.4927194E-01
-1.706476E-08,-1.4932464E-01
-1.701476E-08,-1.4937735E-01
-1.696476E-08,-1.4937735E-01
-1.691476E-08,-1.4943006E-01
-1.686476E-08,-1.4943006E-01
-1.681476E-08,-1.4948277E-01
-1.676476E-08,-1.4953548E-01
-1.671476E-08,-1.4953548E-01
-1.666476E-08,-1.4953548E-01
-1.661476E-08,-1.4958819E-01
-1.656476E-08,-1.4958819E-01
-1.651476E-08,-1.4958819E-01
-1.646476E-08,-1.4964090E-01
-1.641476E-08,-1.4964090E-01
-1.636476E-08,-1.4964090E-01
-1.631476E-08,-1.4964090E-01
-1.626476E-08,-1.4964090E-01
-1.621476E-08,-1.4964090E-01
-1.616476E-08,-1.4964090E-01
-1.611476E-08,-1.4964090E-01
-1.606476E-08,-1.4964090E-01
-1.601476E-08,-1.4964090E-01
-1.596476E-08,-1.4958819E-01
-1.591476E-08,-1.4958819E-01
-1.586476E-08,-1.4958819E-01
-1.581476E-08,-1.4958819E-01
-1.576476E-08,-1.4958819E-01
-1.571476E-08,-1.4953548E-01
-1.566476E-08,-1.4953548E-01
-1.561476E-08,-1.4953548E-01
-1.556476E-08,-1.4953548E-01
-1.551476E-08,-1.4953548E-01
-1.546476E-08,-1.4953548E-01
-1.541476E-08,-1.4953548E-01
-1.536476E-08,-1.4953548E-01
-1.531476E-08,-1.4953548E-01
-1.526476E-08,-1.4953548E-01
-1.521476E-08,-1.4953548E-01
-1.516476E-08,-1.4953548E-01
-1.511476E-08,-1.4953548E-01
-1.506476E-08,-1.4953548E-01
-1.501476E-08,-1.4953548E-01
-1.496476E-08,-1.4953548E-01
-1.491476E-08,-1.4958819E-01
-1.486476E-08,-1.4958819E-01
-1.481476E-08,-1.4958819E-01
-1.476476E-08,-1.4958819E-01
-1.471476E-08,-1.4958819E-01
-1.466476E-08,-1.4958819E-01
-1.461476E-08,-1.4958819E-01
-1.456476E-08,-1.4964090E-01
-1.451476E-08,-1.4964090E-01
-1.446476E-08,-1.4964090E-01
-1.441476E-08,-1.4964090E-01
-1.436476E-08,-1.4964090E-01
-1.431476E-08,-1.4964090E-01
-1.426476E-08,-1.4964090E-01
-1.421476E-08,-1.4964090E-01
-1.416476E-08,-1.4964090E-01
-1.411476E-08,-1.4964090E-01
-1.406476E-08,-1.4964090E-01
-1.401476E-08,-1.4964090E-01
-1.396476E-08,-1.4958819E-01
-1.391476E-08,-1.4958819E-01
-1.386476E-08,-1.4958819E-01
-1.381476E-08,-1.4958819E-01
-1.376476E-08,-1.4958819E-01
-1.371476E-08,-1.4958819E-01
-1.366476E-08,-1.4953548E-01
-1.361476E-08,-1.4953548E-01
-1.356476E-08,-1.4953548E-01
-1.351476E-08,-1.4953548E-01
-1.346476E-08,-1.4953548E-01
-1.341476E-08,-1.4948277E-01
-1.336476E-08,-1.4948277E-01
-1.331476E-08,-1.4948277E-01
-1.326476E-08,-1.4943006E-01
-1.321476E-08,-1.4943006E-01
-1.316476E-08,-1.4943006E-01
-1.311476E-08,-1.4937735E-01
-1.306476E-08,-1.4937735E-01
-1.301476E-08,-1.4937735E-01
-1.296476E-08,-1.4932464E-01
-1.291476E-08,-1.4932464E-01
-1.286476E-08,-1.4927194E-01
-1.281476E-08,-1.4927194E-01
-1.276476E-08,-1.4921923E-01
-1.271476E-08,-1.4921923E-01
-1.266476E-08,-1.4921923E-01
-1.261476E-08,-1.4916652E-01
-1.256476E-08,-1.4916652E-01
-1.251476E-08,-1.4916652E-01
-1.246476E-08,-1.4911381E-01
-1.241476E-08,-1.4911381E-01
-1.236476E-08,-1.4911381E-01
-1.231476E-08,-1.4911381E-01
-1.226476E-08,-1.4911381E-01
-1.221476E-08,-1.4911381E-01
-1.216476E-08,-1.4911381E-01
-1.211476E-08,-1.4911381E-01
-1.206476E-08,-1.4916652E-01
-1.201476E-08,-1.4916652E-01
-1.196476E-08,-1.4916652E-01
-1.191476E-08,-1.4921923E-01
-1.186476E-08,-1.4927194E-01
-1.181476E-08,-1.4927194E-01
-1.176476E-08,-1.4932464E-01
-1.171476E-08,-1.4937735E-01
-1.166476E-08,-1.4937735E-01
-1.161476E-08,-1.4943006E-01
-1.156476E-08,-1.4948277E-01
-1.151476E-08,-1.4953548E-01
-1.146476E-08,-1.4958819E-01
-1.141476E-08,-1.4964090E-01
-1.136476E-08,-1.4964090E-01
-1.131476E-08,-1.4969361E-01
-1.126476E-08,-1.4974632E-01
-1.121476E-08,-1.4979903E-01
-1.116476E-08,-1.4979903E-01
-1.111476E-08,-1.4985173E-01
-1.106476E-08,-1.4990444E-01
-1.101476E-08,-1.4990444E-01
-1.096476E-08,-1.4990444E-01
-1.091476E-08,-1.4995715E-01
-1.086476E-08,-1.4995715E-01
-1.081476E-08,-1.4995715E-01
-1.076476E-08,-1.4995715E-01
-1.071476E-08,-1.4995715E-01
-1.066476E-08,-1.4995715E-01
-1.061476E-08,-1.4995715E-01
-1.056476E-08,-1.4990444E-01
-1.051476E-08,-1.4990444E-01
-1.046476E-08,-1.4985173E-01
-1.041476E-08,-1.4985173E-01
-1.036476E-08,-1.4979903E-01
-1.031476E-08,-1.4979903E-01
-1.026476E-08,-1.4974632E-01
-1.021476E-08,-1.4969361E-01
-1.016476E-08,-1.4964090E-01
-1.011476E-08,-1.4958819E-01
-1.006476E-08,-1.4953548E-01
-1.001476E-08,-1.4953548E-01
-9.96476E-09,-1.4948277E-01
-9.91476E-09,-1.4943006E-01
-9.86476E-09,-1.4937735E-01
-9.81476E-09,-1.4932464E-01
-9.76476E-09,-1.4932464E-01
-9.71476E-09,-1.4927194E-01
-9.66476E-09,-1.4927194E-01
-9.61476E-09,-1.4921923E-01
-9.56476E-09,-1.4921923E-01
-9.51476E-09,-1.4921923E-01
-9.46476E-09,-1.4916652E-01
-9.41476E-09,-1.4916652E-01
-9.36476E-09,-1.4916652E-01
-9.31476E-09,-1.4921923E-01
-9.26476E-09,-1.4921923E-01
-9.21476E-09,-1.4921923E-01
-9.16476E-09,-1.4921923E-01
-9.11476E-09,-1.4927194E-01
-9.06476E-09,-1.4927194E-01
-9.01476E-09,-1.4932464E-01
-8.96476E-09,-1.4937735E-01
-8.91476E-09,-1.4937735E-01
-8.86476E-09,-1.4943006E-01
-8.81476E-09,-1.4948277E-01
-8.76476E-09,-1.4953548E-01
-8.71476E-09,-1.4953548E-01
-8.66476E-09,-1.4958819E-01
-8.61476E-09,-1.4964090E-01
-8.56476E-09,-1.4969361E-01
-8.51476E-09,-1.4969361E-01
-8.46476E-09,-1.4974632E-01
-8.41476E-09,-1.4979903E-01
-8.36476E-09,-1.4985173E-01
-8.31476E-09,-1.4985173E-01
-8.26476E-09,-1.4990444E-01
-8.21476E-09,-1.4990444E-01
-8.16476E-09,-1.4990444E-01
-8.11476E-09,-1.4995715E-01
-8.06476E-09,-1.4995715E-01
-8.01476E-09,-1.4995715E-01
-7.96476E-09,-1.4995715E-01
-7.91476E-09,-1.4995715E-01
-7.86476E-09,-1.4995715E-01
-7.81476E-09,-1.4995715E-01
-7.76476E-09,-1.4995715E-01
-7.71476E-09,-1.4990444E-01
-7.66476E-09,-1.4990444E-01
-7.61476E-09,-1.4985173E-01
-7.56476E-09,-1.4985173E-01
-7.51476E-09,-1.4979903E-01
-7.46476E-09,-1.4979903E-01
-7.41476E-09,-1.4974632E-01
-7.36476E-09,-1.4974632E-01
-7.31476E-09,-1.4969361E-01
-7.26476E-09,-1.4964090E-01
-7.21476E-09,-1.4958819E-01
-7.16476E-09,-1.4958819E-01
-7.11476E-09,-1.4953548E-01
-7.06476E-09,-1.4948277E-01
-7.01476E-09,-1.4943006E-01
-6.96476E-09,-1.4943006E-01
-6.91476E-09,-1.4937735E-01
-6.86476E-09,-1.4937735E-01
-6.81476E-09,-1.4932464E-01
-6.76476E-09,-1.4932464E-01
-6.71476E-09,-1.4927194E-01
-6.66476E-09,-1.4927194E-01
-6.61476E-09,-1.4921923E-01
-6.56476E-09,-1.4921923E-01
-6.51476E-09,-1.4921923E-01
-6.46476E-09,-1.4921923E-01
-6.41476E-09,-1.4921923E-01
-6.36476E-09,-1.4916652E-01
-6.31476E-09,-1.4916652E-01
-6.26476E-09,-1.4916652E-01
-6.21476E-09,-1.4916652E-01
-6.16476E-09,-1.4921923E-01
-6.11476E-09,-1.4921923E-01
-6.06476E-09,-1.4921923E-01
-6.01476E-09,-1.4921923E-01
-5.96476E-09,-1.4921923E-01
-5.91476E-09,-1.4921923E-01
-5.86476E-09,-1.4921923E-01
-5.81476E-09,-1.4921923E-01
-5.76476E-09,-1.4921923E-01
-5.71476E-09,-1.4921923E-01
-5.66476E-09,-1.4921923E-01
-5.61476E-09,-1.4921923E-01
-5.56476E-09,-1.4921923E-01
-5.51476E-09,-1.4921923E-01
-5.46476E-09,-1.4921923E-01
-5.41476E-09,-1.4921923E-01
-5.36476E-09,-1.4921923E-01
-5.31476E-09,-1.4921923E-01
-5.26476E-09,-1.4916652E-01
-5.21476E-09,-1.4916652E-01
-5.16476E-09,-1.4916652E-01
-5.11476E-09,-1.4916652E-01
-5.06476E-09,-1.4911381E-01
-5.01476E-09,-1.4911381E-01
-4.96476E-09,-1.4911381E-01
-4.91476E-09,-1.4911381E-01
-4.86476E-09,-1.4906110E-01
-4.81476E-09,-1.4906110E-01
-4.76476E-09,-1.4906110E-01
-4.71476E-09,-1.4906110E-01
-4.66476E-09,-1.4906110E-01
-4.61476E-09,-1.4906110E-01
-4.56476E-09,-1.4906110E-01
-4.51476E-09,-1.4906110E-01
-4.46476E-09,-1.4906110E-01
-4.41476E-09,-1.4906110E-01
-4.36476E-09,-1.4906110E-01
-4.31476E-09,-1.4906110E-01
-4.26476E-09,-1.4911381E-01
-4.21476E-09,-1.4911381E-01
-4.16476E-09,-1.4916652E-01
-4.11476E-09,-1.4916652E-01
-4.06476E-09,-1.4916652E-01
-4.01476E-09,-1.4921923E-01
-3.96476E-09,-1.4927194E-01
-3.91476E-09,-1.4927194E-01
-3.86476E-09,-1.4932464E-01
-3.81476E-09,-1.4932464E-01
-3.76476E-09,-1.4937735E-01
-3.71476E-09,-1.4943006E-01
-3.66476E-09,-1.4943006E-01
-3.61476E-09,-1.4948277E-01
-3.56476E-09,-1.4953548E-01
-3.51476E-09,-1.4953548E-01
-3.46476E-09,-1.4958819E-01
-3.41476E-09,-1.4958819E-01
-3.36476E-09,-1.4964090E-01
-3.31476E-09,-1.4964090E-01
-3.26476E-09,-1.4964090E-01
-3.21476E-09,-1.4969361E-01
-3.16476E-09,-1.4969361E-01
-3.11476E-09,-1.4969361E-01
-3.06476E-09,-1.4969361E-01
-3.01476E-09,-1.4969361E-01
-2.96476E-09,-1.4969361E-01
-2.91476E-09,-1.4964090E-01
-2.86476E-09,-1.4964090E-01
-2.81476E-09,-1.4964090E-01
-2.76476E-09,-1.4964090E-01
-2.71476E-09,-1.4958819E-01
-2.66476E-09,-1.4958819E-01
-2.61476E-09,-1.4953548E-01
-2.56476E-09,-1.4953548E-01
-2.51476E-09,-1.4953548E-01
-2.46476E-09,-1.4948277E-01
-2.41476E-09,-1.4948277E-01
-2.36476E-09,-1.4943006E-01
-2.31476E-09,-1.4943006E-01
-2.26476E-09,-1.4943006E-01
-2.21476E-09,-1.4937735E-01
-2.16476E-09,-1.4937735E-01
-2.11476E-09,-1.4937735E-01
-2.06476E-09,-1.4937735E-01
-2.01476E-09,-1.4932464E-01
-1.96476E-09,-1.4932464E-01
-1.91476E-09,-1.4932464E-01
-1.86476E-09,-1.4932464E-01
-1.81476E-09,-1.4932464E-01
-1.76476E-09,-1.4937735E-01
-1.71476E-09,-1.4937735E-01
-1.66476E-09,-1.4937735E-01
-1.61476E-09,-1.4937735E-01
-1.56476E-09,-1.4937735E-01
-1.51476E-09,-1.4943006E-01
-1.46476E-09,-1.4943006E-01
-1.41476E-09,-1.4943006E-01
-1.36476E-09,-1.4948277E-01
-1.31476E-09,-1.4948277E-01
-1.26476E-09,-1.4948277E-01
-1.21476E-09,-1.4953548E-01
-1.16476E-09,-1.4953548E-01
-1.11476E-09,-1.4953548E-01
-1.06476E-09,-1.4953548E-01
-1.01476E-09,-1.4958819E-01
-9.6476E-10,-1.4958819E-01
-9.1476E-10,-1.4958819E-01
-8.6476E-10,-1.4958819E-01
-8.1476E-10,-1.4958819E-01
-7.6476E-10,-1.4958819E-01
-7.1476E-10,-1.4958819E-01
-6.6476E-10,-1.4958819E-01
-6.1476E-10,-1.4958819E-01
-5.6476E-10,-1.4958819E-01
-5.1476E-10,-1.4958819E-01
-4.6476E-10,-1.4958819E-01
-4.1476E-10,-1.4958819E-01
-3.6476E-10,-1.4958819E-01
-3.1476E-10,-1.4953548E-01
-2.6476E-10,-1.4953548E-01
-2.1476E-10,-1.4953548E-01
-1.6476E-10,-1.4953548E-01
-1.1476E-10,-1.4948277E-01
-6.476E-11,-1.4948277E-01
-1.476E-11,-1.4948277E-01
3.524E-11,-1.4948277E-01
8.524E-11,-1.4948277E-01
1.3524E-10,-1.4943006E-01
1.8524E-10,-1.4943006E-01
2.3524E-10,-1.4943006E-01
2.8524E-10,-1.4943006E-01
3.3524E-10,-1.4943006E-01
3.8524E-10,-1.4948277E-01
4.3524E-10,-1.4948277E-01
4.8524E-10,-1.4948277E-01
5.3524E-10,-1.4948277E-01
5.8524E-10,-1.4948277E-01
6.3524E-10,-1.4948277E-01
6.8524E-10,-1.4953548E-01
7.3524E-10,-1.4953548E-01
7.8524E-10,-1.4953548E-01
8.3524E-10,-1.4953548E-01
8.8524E-10,-1.4958819E-01
9.3524E-10,-1.4958819E-01
9.8524E-10,-1.4958819E-01
1.03524E-09,-1.4958819E-01
1.08524E-09,-1.4958819E-01
1.13524E-09,-1.4958819E-01
1.18524E-09,-1.4958819E-01
1.23524E-09,-1.4958819E-01
1.28524E-09,-1.4958819E-01
1.33524E-09,-1.4958819E-01
1.38524E-09,-1.4958819E-01
1.43524E-09,-1.4958819E-01
1.48524E-09,-1.4953548E-01
1.53524E-09,-1.4953548E-01
1.58524E-09,-1.4948277E-01
1.63524E-09,-1.4948277E-01
1.68524E-09,-1.4943006E-01
1.73524E-09,-1.4937735E-01
1.78524E-09,-1.4937735E-01
1.83524E-09,-1.4932464E-01
1.88524E-09,-1.4927194E-01
1.93524E-09,-1.4927194E-01
1.98524E-09,-1.4921923E-01
2.03524E-09,-1.4916652E-01
2.08524E-09,-1.4911381E-01
2.13524E-09,-1.4911381E-01
2.18524E-09,-1.4906110E-01
2.23524E-09,-1.4906110E-01
2.28524E-09,-1.4900839E-01
2.33524E-09,-1.4900839E-01
2.38524E-09,-1.4900839E-01
2.43524E-09,-1.4900839E-01
2.48524E-09,-1.4895568E-01
2.53524E-09,-1.4895568E-01
2.58524E-09,-1.4900839E-01
2.63524E-09,-1.4900839E-01
2.68524E-09,-1.4900839E-01
2.73524E-09,-1.4906110E-01
2.78524E-09,-1.4906110E-01
2.83524E-09,-1.4911381E-01
2.88524E-09,-1.4916652E-01
2.93524E-09,-1.4921923E-01
2.98524E-09,-1.4927194E-01
3.03524E-09,-1.4932464E-01
3.08524E-09,-1.4937735E-01
3.13524E-09,-1.4943006E-01
3.18524E-09,-1.4948277E-01
3.23524E-09,-1.4958819E-01
3.28524E-09,-1.4964090E-01
3.33524E-09,-1.4969361E-01
3.38524E-09,-1.4979903E-01
3.43524E-09,-1.4985173E-01
3.48524E-09,-1.4990444E-01
3.53524E-09,-1.4995715E-01
3.58524E-09,-1.5000986E-01
3.63524E-09,-1.5006257E-01
3.68524E-09,-1.5011528E-01
3.73524E-09,-1.5016799E-01
3.78524E-09,-1.5016799E-01
3.83524E-09,-1.5022070E-01
3.88524E-09,-1.5022070E-01
3.93524E-09,-1.5027341E-01
3.98524E-09,-1.5027341E-01
4.03524E-09,-1.5027341E-01
4.08524E-09,-1.5027341E-01
4.13524E-09,-1.5027341E-01
4.18524E-09,-1.5022070E-01
4.23524E-09,-1.5022070E-01
4.28524E-09,-1.5016799E-01
4.33524E-09,-1.5016799E-01
4.38524E-09,-1.5011528E-01
4.43524E-09,-1.5006257E-01
4.48524E-09,-1.5006257E-01
4.53524E-09,-1.5000986E-01
4.58524E-09,-1.4995715E-01
4.63524E-09,-1.4990444E-01
4.68524E-09,-1.4985173E-01
4.73524E-09,-1.4979903E-01
4.78524E-09,-1.4979903E-01
4.83524E-09,-1.4974632E-01
4.88524E-09,-1.4969361E-01
4.93524E-09,-1.4964090E-01
4.98524E-09,-1.4964090E-01
5.03524E-09,-1.4958819E-01
5.08524E-09,-1.4958819E-01
5.13524E-09,-1.4953548E-01
5.18524E-09,-1.4953548E-01
5.23524E-09,-1.4948277E-01
5.28524E-09,-1.4948277E-01
5.33524E-09,-1.4948277E-01
5.38524E-09,-1.4948277E-01
5.43524E-09,-1.4948277E-01
5.48524E-09,-1.4948277E-01
5.53524E-09,-1.4948277E-01
5.58524E-09,-1.4948277E-01
5.63524E-09,-1.4948277E-01
5.68524E-09,-1.4953548E-01
5.73524E-09,-1.4953548E-01
5.78524E-09,-1.4953548E-01
5.83524E-09,-1.4953548E-01
5.88524E-09,-1.4958819E-01
5.93524E-09,-1.4958819E-01
5.98524E-09,-1.4958819E-01
6.03524E-09,-1.4964090E-01
6.08524E-09,-1.4964090E-01
6.13524E-09,-1.4964090E-01
6.18524E-09,-1.4964090E-01
6.23524E-09,-1.4964090E-01
6.28524E-09,-1.4969361E-01
6.33524E-09,-1.4969361E-01
6.38524E-09,-1.4969361E-01
6.43524E-09,-1.4969361E-01
6.48524E-09,-1.4969361E-01
6.53524E-09,-1.4969361E-01
6.58524E-09,-1.4969361E-01
6.63524E-09,-1.4969361E-01
6.68524E-09,-1.4969361E-01
6.73524E-09,-1.4969361E-01
6.78524E-09,-1.4969361E-01
6.83524E-09,-1.4964090E-01
6.88524E-09,-1.4964090E-01
6.93524E-09,-1.4964090E-01
6.98524E-09,-1.4964090E-01
7.03524E-09,-1.4964090E-01
7.08524E-09,-1.4958819E-01
7.13524E-09,-1.4958819E-01
7.18524E-09,-1.4958819E-01
7.23524E-09,-1.4958819E-01
7.28524E-09,-1.4953548E-01
7.33524E-09,-1.4953548E-01
7.38524E-09,-1.4953548E-01
7.43524E-09,-1.4953548E-01
7.48524E-09,-1.4948277E-01
7.53524E-09,-1.4948277E-01
7.58524E-09,-1.4948277E-01
7.63524E-09,-1.4948277E-01
7.68524E-09,-1.4948277E-01
7.73524E-09,-1.4943006E-01
7.78524E-09,-1.4943006E-01
7.83524E-09,-1.4943006E-01
7.88524E-09,-1.4943006E-01
7.93524E-09,-1.4943006E-01
7.98524E-09,-1.4943006E-01
8.03524E-09,-1.4937735E-01
8.08524E-09,-1.4937735E-01
8.13524E-09,-1.4937735E-01
8.18524E-09,-1.4937735E-01
8.23524E-09,-1.4937735E-01
8.28524E-09,-1.4937735E-01
8.33524E-09,-1.4932464E-01
8.38524E-09,-1.4932464E-01
8.43524E-09,-1.4932464E-01
8.48524E-09,-1.4932464E-01
8.53524E-09,-1.4932464E-01
8.58524E-09,-1.4932464E-01
8.63524E-09,-1.4927194E-01
8.68524E-09,-1.4927194E-01
8.73524E-09,-1.4927194E-01
8.78524E-09,-1.4927194E-01
8.83524E-09,-1.4927194E-01
8.88524E-09,-1.4927194E-01
8.93524E-09,-1.4927194E-01
8.98524E-09,-1.4927194E-01
9.03524E-09,-1.4921923E-01
9.08524E-09,-1.4921923E-01
9.13524E-09,-1.4921923E-01
9.18524E-09,-1.4921923E-01
9.23524E-09,-1.4921923E-01
9.28524E-09,-1.4921923E-01
9.33524E-09,-1.4921923E-01
9.38524E-09,-1.4921923E-01
9.43524E-09,-1.4927194E-01
9.48524E-09,-1.4927194E-01
9.53524E-09,-1.4932464E-01
9.58524E-09,-1.4932464E-01
9.63524E-09,-1.4937735E-01
9.68524E-09,-1.4943006E-01
9.73524E-09,-1.4943006E-01
9.78524E-09,-1.4948277E-01
9.83524E-09,-1.4948277E-01
9.88524E-09,-1.4953548E-01
9.93524E-09,-1.4958819E-01
9.98524E-09,-1.4958819E-01
1.003524E-08,-1.4964090E-01
1.008524E-08,-1.4964090E-01
1.013524E-08,-1.4969361E-01
1.018524E-08,-1.4969361E-01
1.023524E-08,-1.4969361E-01
1.028524E-08,-1.4974632E-01
1.033524E-08,-1.4974632E-01
1.038524E-08,-1.4974632E-01
1.043524E-08,-1.4974632E-01
1.048524E-08,-1.4974632E-01
1.053524E-08,-1.4969361E-01
1.058524E-08,-1.4969361E-01
1.063524E-08,-1.4969361E-01
1.068524E-08,-1.4964090E-01
1.073524E-08,-1.4964090E-01
1.078524E-08,-1.4958819E-01
1.083524E-08,-1.4958819E-01
1.088524E-08,-1.4958819E-01
1.093524E-08,-1.4953548E-01
1.098524E-08,-1.4953548E-01
1.103524E-08,-1.4953548E-01
1.108524E-08,-1.4948277E-01
1.113524E-08,-1.4948277E-01
1.118524E-08,-1.4948277E-01
1.123524E-08,-1.4948277E-01
1.128524E-08,-1.4953548E-01
1.133524E-08,-1.4953548E-01
1.138524E-08,-1.4953548E-01
1.143524E-08,-1.4958819E-01
1.148524E-08,-1.4958819E-01
1.153524E-08,-1.4964090E-01
1.158524E-08,-1.4969361E-01
1.163524E-08,-1.4974632E-01
1.168524E-08,-1.4974632E-01
1.173524E-08,-1.4979903E-01
1.178524E-08,-1.4985173E-01
1.183524E-08,-1.4990444E-01
1.188524E-08,-1.4995715E-01
1.193524E-08,-1.4995715E-01
1.198524E-08,-1.5000986E-01
1.203524E-08,-1.5000986E-01
1.208524E-08,-1.5006257E-01
1.213524E-08,-1.5006257E-01
1.218524E-08,-1.5006257E-01
1.223524E-08,-1.5006257E-01
1.228524E-08,-1.5006257E-01
1.233524E-08,-1.5000986E-01
1.238524E-08,-1.5000986E-01
1.243524E-08,-1.4995715E-01
1.248524E-08,-1.4990444E-01
1.253524E-08,-1.4985173E-01
1.258524E-08,-1.4979903E-01
1.263524E-08,-1.4974632E-01
1.268524E-08,-1.4964090E-01
1.273524E-08,-1.4958819E-01
1.278524E-08,-1.4948277E-01
1.283524E-08,-1.4943006E-01
1.288524E-08,-1.4932464E-01
1.293524E-08,-1.4927194E-01
1.298524E-08,-1.4921923E-01
1.303524E-08,-1.4916652E-01
1.308524E-08,-1.4911381E-01
1.313524E-08,-1.4906110E-01
1.318524E-08,-1.4900839E-01
1.323524E-08,-1.4895568E-01
1.328524E-08,-1.4895568E-01
1.333524E-08,-1.4895568E-01
1.338524E-08,-1.4895568E-01
1.343524E-08,-1.4900839E-01
1.348524E-08,-1.4900839E-01
1.353524E-08,-1.4906110E-01
1.358524E-08,-1.4911381E-01
1.363524E-08,-1.4916652E-01
1.368524E-08,-1.4921923E-01
1.373524E-08,-1.4927194E-01
1.378524E-08,-1.4932464E-01
1.383524E-08,-1.4943006E-01
1.388524E-08,-1.4948277E-01
1.393524E-08,-1.4953548E-01
1.398524E-08,-1.4958819E-01
1.403524E-08,-1.4969361E-01
1.408524E-08,-1.4974632E-01
1.413524E-08,-1.4979903E-01
1.418524E-08,-1.4979903E-01
1.423524E-08,-1.4985173E-01
1.428524E-08,-1.4990444E-01
1.433524E-08,-1.4990444E-01
1.438524E-08,-1.4990444E-01
1.443524E-08,-1.4990444E-01
1.448524E-08,-1.4990444E-01
1.453524E-08,-1.4990444E-01
1.458524E-08,-1.4985173E-01
1.463524E-08,-1.4985173E-01
1.468524E-08,-1.4979903E-01
1.473524E-08,-1.4979903E-01
1.478524E-08,-1.4974632E-01
1.483524E-08,-1.4969361E-01
1.488524E-08,-1.4969361E-01
1.493524E-08,-1.4964090E-01
1.498524E-08,-1.4964090E-01
1.503524E-08,-1.4964090E-01
1.508524E-08,-1.4958819E-01
1.513524E-08,-1.4964090E-01
1.518524E-08,-1.4964090E-01
1.523524E-08,-1.4964090E-01
1.528524E-08,-1.4969361E-01
1.533524E-08,-1.4974632E-01
1.538524E-08,-1.4979903E-01
1.543524E-08,-1.4990444E-01
1.548524E-08,-1.4995715E-01
1.553524E-08,-1.5006257E-01
1.558524E-08,-1.5016799E-01
1.563524E-08,-1.5022070E-01
1.568524E-08,-1.5032612E-01
1.573524E-08,-1.5037883E-01
1.578524E-08,-1.5048424E-01
1.583524E-08,-1.5053695E-01
1.588524E-08,-1.5058966E-01
1.593524E-08,-1.5064237E-01
1.598524E-08,-1.5064237E-01
1.603524E-08,-1.5064237E-01
1.608524E-08,-1.5064237E-01
1.613524E-08,-1.5064237E-01
1.618524E-08,-1.5058966E-01
1.623524E-08,-1.5053695E-01
1.628524E-08,-1.5048424E-01
1.633524E-08,-1.5037883E-01
1.638524E-08,-1.5027341E-01
1.643524E-08,-1.5016799E-01
1.648524E-08,-1.5006257E-01
1.653524E-08,-1.4990444E-01
1.658524E-08,-1.4974632E-01
1.663524E-08,-1.4964090E-01
1.668524E-08,-1.4948277E-01
1.673524E-08,-1.4932464E-01
1.678524E-08,-1.4916652E-01
1.683524E-08,-1.4906110E-01
1.688524E-08,-1.4890297E-01
1.693524E-08,-1.4879755E-01
1.698524E-08,-1.4869214E-01
1.703524E-08,-1.4863943E-01
1.708524E-08,-1.4853401E-01
1.713524E-08,-1.4853401E-01
1.718524E-08,-1.4848130E-01
1.723524E-08,-1.4848130E-01
1.728524E-08,-1.4848130E-01
1.733524E-08,-1.4853401E-01
1.738524E-08,-1.4858672E-01
1.743524E-08,-1.4863943E-01
1.748524E-08,-1.4874485E-01
1.753524E-08,-1.4885026E-01
1.758524E-08,-1.4895568E-01
1.763524E-08,-1.4906110E-01
1.768524E-08,-1.4916652E-01
1.773524E-08,-1.4932464E-01
1.778524E-08,-1.4943006E-01
1.783524E-08,-1.4953548E-01
1.788524E-08,-1.4964090E-01
1.793524E-08,-1.4974632E-01
1.798524E-08,-1.4985173E-01
1.803524E-08,-1.4990444E-01
1.808524E-08,-1.4995715E-01
1.813524E-08,-1.5000986E-01
1.818524E-08,-1.5000986E-01
1.823524E-08,-1.5000986E-01
1.828524E-08,-1.5000986E-01
1.833524E-08,-1.4995715E-01
1.838524E-08,-1.4985173E-01
1.843524E-08,-1.4979903E-01
1.848524E-08,-1.4969361E-01
1.853524E-08,-1.4958819E-01
1.858524E-08,-1.4943006E-01
1.863524E-08,-1.4932464E-01
1.868524E-08,-1.4916652E-01
1.873524E-08,-1.4906110E-01
1.878524E-08,-1.4890297E-01
1.883524E-08,-1.4879755E-01
1.888524E-08,-1.4863943E-01
1.893524E-08,-1.4858672E-01
1.898524E-08,-1.4848130E-01
1.903524E-08,-1.4842859E-01
1.908524E-08,-1.4837588E-01
1.913524E-08,-1.4832317E-01
1.918524E-08,-1.4832317E-01
1.923524E-08,-1.4837588E-01
1.928524E-08,-1.4842859E-01
1.933524E-08,-1.4848130E-01
1.938524E-08,-1.4858672E-01
1.943524E-08,-1.4869214E-01
1.948524E-08,-1.4879755E-01
1.953524E-08,-1.4895568E-01
1.958524E-08,-1.4911381E-01
1.963524E-08,-1.4927194E-01
1.968524E-08,-1.4943006E-01
1.973524E-08,-1.4958819E-01
1.978524E-08,-1.4974632E-01
1.983524E-08,-1.4990444E-01
1.988524E-08,-1.5006257E-01
1.993524E-08,-1.5016799E-01
1.998524E-08,-1.5027341E-01
2.003524E-08,-1.5032612E-01
2.008524E-08,-1.5037883E-01
2.013524E-08,-1.5043153E-01
2.018524E-08,-1.5043153E-01
2.023524E-08,-1.5037883E-01
2.028524E-08,-1.5032612E-01
2.033524E-08,-1.5027341E-01
2.038524E-08,-1.5016799E-01
2.043524E-08,-1.5000986E-01
2.048524E-08,-1.4985173E-01
2.053524E-08,-1.4969361E-01
2.058524E-08,-1.4953548E-01
2.063524E-08,-1.4932464E-01
2.068524E-08,-1.4916652E-01
2.073524E-08,-1.4895568E-01
2.078524E-08,-1.4874485E-01
2.083524E-08,-1.4858672E-01
2.088524E-08,-1.4842859E-01
2.093524E-08,-1.4832317E-01
2.098524E-08,-1.4821776E-01
2.103524E-08,-1.4811234E-01
2.108524E-08,-1.4805963E-01
2.113524E-08,-1.4805963E-01
2.118524E-08,-1.4811234E-01
2.123524E-08,-1.4816505E-01
2.128524E-08,-1.4821776E-01
2.133524E-08,-1.4837588E-01
2.138524E-08,-1.4853401E-01
2.143524E-08,-1.4869214E-01
2.148524E-08,-1.4890297E-01
2.153524E-08,-1.4911381E-01
2.158524E-08,-1.4937735E-01
2.163524E-08,-1.4964090E-01
2.168524E-08,-1.4990444E-01
2.173524E-08,-1.5011528E-01
2.178524E-08,-1.5037883E-01
2.183524E-08,-1.5058966E-01
2.188524E-08,-1.5080050E-01
2.193524E-08,-1.5101133E-01
2.198524E-08,-1.5116946E-01
2.203524E-08,-1.5127488E-01
2.208524E-08,-1.5132759E-01
2.213524E-08,-1.5138030E-01
2.218524E-08,-1.5138030E-01
2.223524E-08,-1.5132759E-01
2.228524E-08,-1.5122217E-01
2.233524E-08,-1.5106404E-01
2.238524E-08,-1.5085321E-01
2.243524E-08,-1.5064237E-01
2.248524E-08,-1.5037883E-01
2.253524E-08,-1.5011528E-01
2.258524E-08,-1.4985173E-01
2.263524E-08,-1.4953548E-01
2.268524E-08,-1.4921923E-01
2.273524E-08,-1.4890297E-01
2.278524E-08,-1.4858672E-01
2.283524E-08,-1.4832317E-01
2.288524E-08,-1.4805963E-01
2.293524E-08,-1.4784879E-01
2.298524E-08,-1.4769067E-01
2.303524E-08,-1.4753254E-01
2.308524E-08,-1.4742712E-01
2.313524E-08,-1.4742712E-01
2.318524E-08,-1.4742712E-01
2.323524E-08,-1.4747983E-01
2.328524E-08,-1.4763796E-01
2.333524E-08,-1.4779608E-01
2.338524E-08,-1.4805963E-01
2.343524E-08,-1.4832317E-01
2.348524E-08,-1.4863943E-01
2.353524E-08,-1.4895568E-01
2.358524E-08,-1.4932464E-01
2.363524E-08,-1.4974632E-01
2.368524E-08,-1.5011528E-01
2.373524E-08,-1.5048424E-01
2.378524E-08,-1.5085321E-01
2.383524E-08,-1.5122217E-01
2.388524E-08,-1.5153842E-01
2.393524E-08,-1.5180197E-01
2.398524E-08,-1.5206551E-01
2.403524E-08,-1.5222364E-01
2.408524E-08,-1.5232906E-01
2.413524E-08,-1.5238177E-01
2.418524E-08,-1.5238177E-01
2.423524E-08,-1.5227635E-01
2.428524E-08,-1.5211822E-01
2.433524E-08,-1.5185468E-01
2.438524E-08,-1.5159113E-01
2.443524E-08,-1.5122217E-01
2.448524E-08,-1.5085321E-01
2.453524E-08,-1.5043153E-01
2.458524E-08,-1.4995715E-01
2.463524E-08,-1.4948277E-01
2.468524E-08,-1.4900839E-01
2.473524E-08,-1.4853401E-01
2.478524E-08,-1.4805963E-01
2.483524E-08,-1.4758525E-01
2.488524E-08,-1.4721628E-01
2.493524E-08,-1.4690003E-01
2.498524E-08,-1.4658378E-01
2.503524E-08,-1.4637294E-01
2.508524E-08,-1.4626752E-01
2.513524E-08,-1.4621481E-01
2.518524E-08,-1.4626752E-01
2.523524E-08,-1.4637294E-01
2.528524E-08,-1.4663649E-01
2.533524E-08,-1.4690003E-01
2.538524E-08,-1.4732170E-01
2.543524E-08,-1.4774337E-01
2.548524E-08,-1.4827046E-01
2.553524E-08,-1.4885026E-01
2.558524E-08,-1.4943006E-01
2.563524E-08,-1.5006257E-01
2.568524E-08,-1.5069508E-01
2.573524E-08,-1.5132759E-01
2.578524E-08,-1.5190739E-01
2.583524E-08,-1.5243448E-01
2.588524E-08,-1.5290886E-01
2.593524E-08,-1.5333053E-01
2.598524E-08,-1.5364678E-01
2.603524E-08,-1.5391033E-01
2.608524E-08,-1.5401575E-01
2.613524E-08,-1.5401575E-01
2.618524E-08,-1.5385762E-01
2.623524E-08,-1.5359407E-01
2.628524E-08,-1.5322511E-01
2.633524E-08,-1.5275073E-01
2.638524E-08,-1.5211822E-01
2.643524E-08,-1.5138030E-01
2.648524E-08,-1.5058966E-01
2.653524E-08,-1.4974632E-01
2.658524E-08,-1.4879755E-01
2.663524E-08,-1.4784879E-01
2.668524E-08,-1.4684732E-01
2.673524E-08,-1.4589856E-01
2.678524E-08,-1.4500251E-01
2.683524E-08,-1.4415916E-01
2.688524E-08,-1.4342124E-01
2.693524E-08,-1.4278873E-01
2.698524E-08,-1.4231435E-01
2.703524E-08,-1.4199809E-01
2.708524E-08,-1.4183996E-01
2.713524E-08,-1.4189267E-01
2.718524E-08,-1.4210351E-01
2.723524E-08,-1.4257789E-01
2.728524E-08,-1.4321040E-01
2.733524E-08,-1.4410645E-01
2.738524E-08,-1.4516063E-01
2.743524E-08,-1.4637294E-01
2.748524E-08,-1.4779608E-01
2.753524E-08,-1.4932464E-01
2.758524E-08,-1.5095862E-01
2.763524E-08,-1.5264531E-01
2.768524E-08,-1.5438471E-01
2.773524E-08,-1.5612411E-01
2.778524E-08,-1.5775809E-01
2.783524E-08,-1.5928665E-01
2.788524E-08,-1.6065708E-01
2.793524E-08,-1.6181668E-01
2.798524E-08,-1.6271273E-01
2.803524E-08,-1.6323982E-01
2.808524E-08,-1.6339795E-01
2.813524E-08,-1.6313441E-01
2.818524E-08,-1.6239648E-01
2.823524E-08,-1.6113146E-01
2.828524E-08,-1.5928665E-01
2.833524E-08,-1.5686203E-01
2.838524E-08,-1.5375220E-01
2.843524E-08,-1.5006257E-01
2.848524E-08,-1.4568772E-01
2.853524E-08,-1.4062766E-01
2.858524E-08,-1.3493508E-01
2.863524E-08,-1.2855729E-01
2.868524E-08,-1.2154699E-01
2.873524E-08,-1.1390419E-01
2.878524E-08,-1.0568158E-01
2.883524E-08,-9.693188E-02
2.888524E-08,-8.765510E-02
2.893524E-08,-7.795664E-02
2.898524E-08,-6.783651E-02
2.903524E-08,-5.740012E-02
2.908524E-08,-4.670019E-02
2.913524E-08,-3.578943E-02
2.918524E-08,-2.472054E-02
2.923524E-08,-1.365164E-02
2.928524E-08,-2.58275E-03
2.933524E-08,8.38072E-03
2.938524E-08,1.918607E-02
2.943524E-08,2.978058E-02
2.948524E-08,4.005884E-02
2.953524E-08,4.996814E-02
2.958524E-08,5.950847E-02
2.963524E-08,6.857442E-02
2.968524E-08,7.711328E-02
2.973524E-08,8.512505E-02
2.978524E-08,9.255702E-02
2.983524E-08,9.940919E-02
2.988524E-08,1.0568156E-01
2.993524E-08,1.1126872E-01
2.998524E-08,1.1627608E-01
3.003524E-08,1.2065092E-01
3.008524E-08,1.2444597E-01
3.013524E-08,1.2760851E-01
3.018524E-08,1.3024397E-01
3.023524E-08,1.3235233E-01
3.028524E-08,1.3393360E-01
3.033524E-08,1.3509319E-01
3.038524E-08,1.3577841E-01
3.043524E-08,1.3609467E-01
3.048524E-08,1.3609467E-01
3.053524E-08,1.3583112E-01
3.058524E-08,1.3530403E-01
3.063524E-08,1.3456610E-01
3.068524E-08,1.3372276E-01
3.073524E-08,1.3272129E-01
3.078524E-08,1.3171982E-01
3.083524E-08,1.3066564E-01
3.088524E-08,1.2966417E-01
3.093524E-08,1.2866269E-01
3.098524E-08,1.2776664E-01
3.103524E-08,1.2697601E-01
3.108524E-08,1.2634350E-01
3.113524E-08,1.2581641E-01
3.118524E-08,1.2544744E-01
3.123524E-08,1.2523661E-01
3.128524E-08,1.2518390E-01
3.133524E-08,1.2523661E-01
3.138524E-08,1.2550015E-01
3.143524E-08,1.2592183E-01
3.148524E-08,1.2644892E-01
3.153524E-08,1.2708142E-01
3.158524E-08,1.2781935E-01
3.163524E-08,1.2866269E-01
3.168524E-08,1.2955875E-01
3.173524E-08,1.3045480E-01
3.178524E-08,1.3135085E-01
3.183524E-08,1.3224691E-01
3.188524E-08,1.3314296E-01
3.193524E-08,1.3393360E-01
3.198524E-08,1.3461881E-01
3.203524E-08,1.3525132E-01
3.208524E-08,1.3572570E-01
3.213524E-08,1.3609467E-01
3.218524E-08,1.3630550E-01
3.223524E-08,1.3635821E-01
3.228524E-08,1.3625279E-01
3.233524E-08,1.3593654E-01
3.238524E-08,1.3551487E-01
3.243524E-08,1.3488236E-01
3.248524E-08,1.3409172E-01
3.253524E-08,1.3314296E-01
3.258524E-08,1.3208878E-01
3.263524E-08,1.3087647E-01
3.268524E-08,1.2955875E-01
3.273524E-08,1.2818831E-01
3.278524E-08,1.2676517E-01
3.283524E-08,1.2523661E-01
3.288524E-08,1.2376076E-01
3.293524E-08,1.2233761E-01
3.298524E-08,1.2091447E-01
3.303524E-08,1.1954404E-01
3.308524E-08,1.1833173E-01
3.313524E-08,1.1722484E-01
3.318524E-08,1.1622337E-01
3.323524E-08,1.1543273E-01
3.328524E-08,1.1485293E-01
3.333524E-08,1.1448397E-01
3.338524E-08,1.1432584E-01
3.343524E-08,1.1437855E-01
3.348524E-08,1.1469481E-01
3.353524E-08,1.1527461E-01
3.358524E-08,1.1601253E-01
3.363524E-08,1.1706671E-01
3.368524E-08,1.1827902E-01
3.373524E-08,1.1964945E-01
3.378524E-08,1.2123072E-01
3.383524E-08,1.2291741E-01
3.388524E-08,1.2470952E-01
3.393524E-08,1.2660704E-01
3.398524E-08,1.2850457E-01
3.403524E-08,1.3034938E-01
3.408524E-08,1.3214149E-01
3.413524E-08,1.3377547E-01
3.418524E-08,1.3530403E-01
3.423524E-08,1.3656905E-01
3.428524E-08,1.3751781E-01
3.433524E-08,1.3815032E-01
3.438524E-08,1.3841386E-01
3.443524E-08,1.3825574E-01
3.448524E-08,1.3757052E-01
3.453524E-08,1.3635821E-01
3.458524E-08,1.3461881E-01
3.463524E-08,1.3224691E-01
3.468524E-08,1.2924249E-01
3.473524E-08,1.2560557E-01
3.478524E-08,1.2133614E-01
3.483524E-08,1.1638149E-01
3.488524E-08,1.1074163E-01
3.493524E-08,1.0441655E-01
3.498524E-08,9.745896E-02
3.503524E-08,8.992157E-02
3.508524E-08,8.175167E-02
3.513524E-08,7.300198E-02
3.518524E-08,6.377790E-02
3.523524E-08,5.407944E-02
3.528524E-08,4.401202E-02
3.533524E-08,3.357563E-02
3.538524E-08,2.282299E-02
3.543524E-08,1.191223E-02
3.548524E-08,8.4334E-04
3.553524E-08,-1.027827E-02
3.558524E-08,-2.139987E-02
3.563524E-08,-3.246876E-02
3.568524E-08,-4.337953E-02
3.573524E-08,-5.402675E-02
3.578524E-08,-6.441042E-02
3.583524E-08,-7.442514E-02
3.588524E-08,-8.407089E-02
3.593524E-08,-9.318954E-02
3.598524E-08,-1.0183382E-01
3.603524E-08,-1.0989830E-01
3.608524E-08,-1.1743569E-01
3.613524E-08,-1.2434057E-01
3.618524E-08,-1.3061294E-01
3.623524E-08,-1.3625281E-01
3.628524E-08,-1.4126017E-01
3.633524E-08,-1.4563501E-01
3.638524E-08,-1.4937735E-01
3.643524E-08,-1.5253989E-01
3.648524E-08,-1.5512264E-01
3.653524E-08,-1.5712558E-01
3.658524E-08,-1.5865414E-01
3.663524E-08,-1.5970832E-01
3.668524E-08,-1.6034083E-01
3.673524E-08,-1.6060437E-01
3.678524E-08,-1.6055166E-01
3.683524E-08,-1.6018270E-01
3.688524E-08,-1.5960290E-01
3.693524E-08,-1.5886498E-01
3.698524E-08,-1.5796892E-01
3.703524E-08,-1.5696745E-01
3.708524E-08,-1.5596598E-01
3.713524E-08,-1.5496451E-01
3.718524E-08,-1.5401575E-01
3.723524E-08,-1.5306698E-01
3.728524E-08,-1.5227635E-01
3.733524E-08,-1.5159113E-01
3.738524E-08,-1.5101133E-01
3.743524E-08,-1.5058966E-01
3.748524E-08,-1.5032612E-01
3.753524E-08,-1.5016799E-01
3.758524E-08,-1.5022070E-01
3.763524E-08,-1.5037883E-01
3.768524E-08,-1.5074779E-01
3.773524E-08,-1.5116946E-01
3.778524E-08,-1.5169655E-01
3.783524E-08,-1.5232906E-01
3.788524E-08,-1.5306698E-01
3.793524E-08,-1.5380491E-01
3.798524E-08,-1.5454284E-01
3.803524E-08,-1.5533347E-01
3.808524E-08,-1.5607140E-01
3.813524E-08,-1.5680932E-01
3.818524E-08,-1.5744183E-01
3.823524E-08,-1.5802163E-01
3.828524E-08,-1.5849601E-01
3.833524E-08,-1.5891769E-01
3.838524E-08,-1.5918123E-01
3.843524E-08,-1.5933936E-01
3.848524E-08,-1.5939207E-01
3.853524E-08,-1.5928665E-01
3.858524E-08,-1.5907581E-01
3.863524E-08,-1.5875956E-01
3.868524E-08,-1.5828518E-01
3.873524E-08,-1.5775809E-01
3.878524E-08,-1.5717829E-01
3.883524E-08,-1.5649307E-01
3.888524E-08,-1.5570244E-01
3.893524E-08,-1.5491180E-01
3.898524E-08,-1.5412117E-01
3.903524E-08,-1.5327782E-01
3.908524E-08,-1.5248719E-01
3.913524E-08,-1.5169655E-01
3.918524E-08,-1.5090592E-01
3.923524E-08,-1.5022070E-01
3.928524E-08,-1.4953548E-01
3.933524E-08,-1.4900839E-01
3.938524E-08,-1.4848130E-01
3.943524E-08,-1.4805963E-01
3.948524E-08,-1.4774337E-01
3.953524E-08,-1.4753254E-01
3.958524E-08,-1.4737441E-01
3.963524E-08,-1.4732170E-01
3.968524E-08,-1.4732170E-01
3.973524E-08,-1.4742712E-01
3.978524E-08,-1.4758525E-01
3.983524E-08,-1.4779608E-01
3.988524E-08,-1.4805963E-01
3.993524E-08,-1.4837588E-01
3.998524E-08,-1.4869214E-01
4.003524E-08,-1.4906110E-01
4.008524E-08,-1.4937735E-01
4.013524E-08,-1.4969361E-01
4.018524E-08,-1.5000986E-01
4.023524E-08,-1.5027341E-01
4.028524E-08,-1.5048424E-01
4.033524E-08,-1.5064237E-01
4.038524E-08,-1.5074779E-01
4.043524E-08,-1.5080050E-01
4.048524E-08,-1.5080050E-01
4.053524E-08,-1.5069508E-01
4.058524E-08,-1.5058966E-01
4.063524E-08,-1.5037883E-01
4.068524E-08,-1.5011528E-01
4.073524E-08,-1.4979903E-01
4.078524E-08,-1.4943006E-01
4.083524E-08,-1.4900839E-01
4.088524E-08,-1.4858672E-01
4.093524E-08,-1.4816505E-01
4.098524E-08,-1.4769067E-01
4.103524E-08,-1.4721628E-01
4.108524E-08,-1.4674190E-01
4.113524E-08,-1.4626752E-01
4.118524E-08,-1.4584585E-01
4.123524E-08,-1.4547689E-01
4.128524E-08,-1.4510792E-01
4.133524E-08,-1.4479167E-01
4.138524E-08,-1.4452812E-01
4.143524E-08,-1.4437000E-01
4.148524E-08,-1.4421187E-01
4.153524E-08,-1.4410645E-01
4.158524E-08,-1.4410645E-01
4.163524E-08,-1.4410645E-01
4.168524E-08,-1.4415916E-01
4.173524E-08,-1.4431729E-01
4.178524E-08,-1.4447542E-01
4.183524E-08,-1.4468625E-01
4.188524E-08,-1.4489709E-01
4.193524E-08,-1.4516063E-01
4.198524E-08,-1.4542418E-01
4.203524E-08,-1.4574043E-01
4.208524E-08,-1.4600398E-01
4.213524E-08,-1.4626752E-01
4.218524E-08,-1.4647836E-01
4.223524E-08,-1.4668919E-01
4.228524E-08,-1.4690003E-01
4.233524E-08,-1.4705816E-01
4.238524E-08,-1.4716358E-01
4.243524E-08,-1.4721628E-01
4.248524E-08,-1.4721628E-01
4.253524E-08,-1.4721628E-01
4.258524E-08,-1.4711087E-01
4.263524E-08,-1.4700545E-01
4.268524E-08,-1.4679461E-01
4.273524E-08,-1.4658378E-01
4.278524E-08,-1.4632023E-01
4.283524E-08,-1.4600398E-01
4.288524E-08,-1.4568772E-01
4.293524E-08,-1.4531876E-01
4.298524E-08,-1.4494980E-01
4.303524E-08,-1.4458083E-01
4.308524E-08,-1.4421187E-01
4.313524E-08,-1.4384291E-01
4.318524E-08,-1.4347394E-01
4.323524E-08,-1.4310498E-01
4.328524E-08,-1.4278873E-01
4.333524E-08,-1.4252518E-01
4.338524E-08,-1.4220893E-01
4.343524E-08,-1.4199809E-01
4.348524E-08,-1.4178726E-01
4.353524E-08,-1.4162913E-01
4.358524E-08,-1.4152371E-01
4.363524E-08,-1.4147100E-01
4.368524E-08,-1.4141829E-01
4.373524E-08,-1.4141829E-01
4.378524E-08,-1.4147100E-01
4.383524E-08,-1.4152371E-01
4.388524E-08,-1.4162913E-01
4.393524E-08,-1.4173455E-01
4.398524E-08,-1.4189267E-01
4.403524E-08,-1.4205080E-01
4.408524E-08,-1.4226164E-01
4.413524E-08,-1.4241976E-01
4.418524E-08,-1.4263060E-01
4.423524E-08,-1.4278873E-01
4.428524E-08,-1.4299956E-01
4.433524E-08,-1.4315769E-01
4.438524E-08,-1.4331582E-01
4.443524E-08,-1.4347394E-01
4.448524E-08,-1.4363207E-01
4.453524E-08,-1.4373749E-01
4.458524E-08,-1.4384291E-01
4.463524E-08,-1.4389562E-01
4.468524E-08,-1.4394833E-01
4.473524E-08,-1.4400103E-01
4.478524E-08,-1.4405374E-01
4.483524E-08,-1.4405374E-01
4.488524E-08,-1.4405374E-01
4.493524E-08,-1.4405374E-01
4.498524E-08,-1.4405374E-01
4.503524E-08,-1.4400103E-01
4.508524E-08,-1.4400103E-01
4.513524E-08,-1.4400103E-01
4.518524E-08,-1.4400103E-01
4.523524E-08,-1.4400103E-01
4.528524E-08,-1.4400103E-01
4.533524E-08,-1.4400103E-01
4.538524E-08,-1.4405374E-01
4.543524E-08,-1.4410645E-01
4.548524E-08,-1.4421187E-01
4.553524E-08,-1.4431729E-01
4.558524E-08,-1.4442271E-01
4.563524E-08,-1.4452812E-01
4.568524E-08,-1.4468625E-01
4.573524E-08,-1.4484438E-01
4.578524E-08,-1.4500251E-01
4.583524E-08,-1.4521334E-01
4.588524E-08,-1.4537147E-01
4.593524E-08,-1.4558230E-01
4.598524E-08,-1.4579314E-01
4.603524E-08,-1.4600398E-01
4.608524E-08,-1.4621481E-01
4.613524E-08,-1.4637294E-01
4.618524E-08,-1.4658378E-01
4.623524E-08,-1.4674190E-01
4.628524E-08,-1.4690003E-01
4.633524E-08,-1.4705816E-01
4.638524E-08,-1.4721628E-01
4.643524E-08,-1.4732170E-01
4.648524E-08,-1.4742712E-01
4.653524E-08,-1.4753254E-01
4.658524E-08,-1.4763796E-01
4.663524E-08,-1.4769067E-01
4.668524E-08,-1.4774337E-01
4.673524E-08,-1.4779608E-01
4.678524E-08,-1.4779608E-01
4.683524E-08,-1.4784879E-01
4.688524E-08,-1.4784879E-01
4.693524E-08,-1.4784879E-01
4.698524E-08,-1.4784879E-01
4.703524E-08,-1.4790150E-01
4.708524E-08,-1.4790150E-01
4.713524E-08,-1.4795421E-01
4.718524E-08,-1.4795421E-01
4.723524E-08,-1.4800692E-01
4.728524E-08,-1.4811234E-01
4.733524E-08,-1.4816505E-01
4.738524E-08,-1.4827046E-01
4.743524E-08,-1.4837588E-01
4.748524E-08,-1.4848130E-01
4.753524E-08,-1.4863943E-01
4.758524E-08,-1.4879755E-01
4.763524E-08,-1.4895568E-01
4.768524E-08,-1.4916652E-01
4.773524E-08,-1.4932464E-01
4.778524E-08,-1.4953548E-01
4.783524E-08,-1.4974632E-01
4.788524E-08,-1.4995715E-01
4.793524E-08,-1.5016799E-01
4.798524E-08,-1.5037883E-01
4.803524E-08,-1.5058966E-01
4.808524E-08,-1.5074779E-01
4.813524E-08,-1.5095862E-01
4.818524E-08,-1.5111675E-01
4.823524E-08,-1.5127488E-01
4.828524E-08,-1.5143301E-01
4.833524E-08,-1.5153842E-01
4.838524E-08,-1.5164384E-01
4.843524E-08,-1.5169655E-01
4.848524E-08,-1.5174926E-01
4.853524E-08,-1.5180197E-01
4.858524E-08,-1.5180197E-01
4.863524E-08,-1.5180197E-01
4.868524E-08,-1.5174926E-01
4.873524E-08,-1.5174926E-01
4.878524E-08,-1.5164384E-01
4.883524E-08,-1.5159113E-01
4.888524E-08,-1.5148571E-01
4.893524E-08,-1.5143301E-01
4.898524E-08,-1.5132759E-01
4.903524E-08,-1.5122217E-01
4.908524E-08,-1.5111675E-01
4.913524E-08,-1.5106404E-01
4.918524E-08,-1.5095862E-01
4.923524E-08,-1.5090592E-01
4.928524E-08,-1.5085321E-01
4.933524E-08,-1.5080050E-01
4.938524E-08,-1.5074779E-01
4.943524E-08,-1.5069508E-01
4.948524E-08,-1.5069508E-01
4.953524E-08,-1.5069508E-01
4.958524E-08,-1.5069508E-01
4.963524E-08,-1.5069508E-01
4.968524E-08,-1.5074779E-01
4.973524E-08,-1.5074779E-01
4.978524E-08,-1.5080050E-01
4.983524E-08,-1.5085321E-01
4.988524E-08,-1.5090592E-01
4.993524E-08,-1.5095862E-01
4.998524E-08,-1.5095862E-01
5.003524E-08,-1.5101133E-01
5.008524E-08,-1.5106404E-01
5.013524E-08,-1.5106404E-01
5.018524E-08,-1.5111675E-01
5.023524E-08,-1.5111675E-01
5.028524E-08,-1.5111675E-01
5.033524E-08,-1.5111675E-01
5.038524E-08,-1.5106404E-01
5.043524E-08,-1.5106404E-01
5.048524E-08,-1.5101133E-01
5.053524E-08,-1.5090592E-01
5.058524E-08,-1.5085321E-01
5.063524E-08,-1.5080050E-01
5.068524E-08,-1.5069508E-01
5.073524E-08,-1.5058966E-01
5.078524E-08,-1.5048424E-01
5.083524E-08,-1.5037883E-01
5.088524E-08,-1.5022070E-01
5.093524E-08,-1.5011528E-01
5.098524E-08,-1.5000986E-01
5.103524E-08,-1.4990444E-01
5.108524E-08,-1.4974632E-01
5.113524E-08,-1.4964090E-01
5.118524E-08,-1.4953548E-01
5.123524E-08,-1.4943006E-01
5.128524E-08,-1.4937735E-01
5.133524E-08,-1.4927194E-01
5.138524E-08,-1.4921923E-01
5.143524E-08,-1.4916652E-01
5.148524E-08,-1.4911381E-01
5.153524E-08,-1.4906110E-01
5.158524E-08,-1.4906110E-01
5.163524E-08,-1.4906110E-01
5.168524E-08,-1.4906110E-01
5.173524E-08,-1.4906110E-01
5.178524E-08,-1.4906110E-01
5.183524E-08,-1.4911381E-01
5.188524E-08,-1.4911381E-01
5.193524E-08,-1.4916652E-01
5.198524E-08,-1.4921923E-01
5.203524E-08,-1.4927194E-01
5.208524E-08,-1.4932464E-01
5.213524E-08,-1.4937735E-01
5.218524E-08,-1.4937735E-01
5.223524E-08,-1.4943006E-01
5.228524E-08,-1.4948277E-01
5.233524E-08,-1.4953548E-01
5.238524E-08,-1.4958819E-01
5.243524E-08,-1.4964090E-01
5.248524E-08,-1.4964090E-01
5.253524E-08,-1.4969361E-01
5.258524E-08,-1.4969361E-01
5.263524E-08,-1.4974632E-01
5.268524E-08,-1.4974632E-01
5.273524E-08,-1.4974632E-01
5.278524E-08,-1.4974632E-01
5.283524E-08,-1.4974632E-01
5.288524E-08,-1.4974632E-01
5.293524E-08,-1.4974632E-01
5.298524E-08,-1.4974632E-01
5.303524E-08,-1.4974632E-01
5.308524E-08,-1.4974632E-01
5.313524E-08,-1.4974632E-01
5.318524E-08,-1.4974632E-01
5.323524E-08,-1.4974632E-01
5.328524E-08,-1.4974632E-01
5.333524E-08,-1.4974632E-01
5.338524E-08,-1.4974632E-01
5.343524E-08,-1.4974632E-01
5.348524E-08,-1.4974632E-01
5.353524E-08,-1.4974632E-01
5.358524E-08,-1.4979903E-01
5.363524E-08,-1.4979903E-01
5.368524E-08,-1.4979903E-01
5.373524E-08,-1.4979903E-01
5.378524E-08,-1.4979903E-01
5.383524E-08,-1.4979903E-01
5.388524E-08,-1.4974632E-01
5.393524E-08,-1.4974632E-01
5.398524E-08,-1.4974632E-01
5.403524E-08,-1.4974632E-01
5.408524E-08,-1.4969361E-01
5.413524E-08,-1.4969361E-01
5.418524E-08,-1.4964090E-01
5.423524E-08,-1.4964090E-01
5.428524E-08,-1.4958819E-01
5.433524E-08,-1.4953548E-01
5.438524E-08,-1.4948277E-01
5.443524E-08,-1.4943006E-01
5.448524E-08,-1.4937735E-01
5.453524E-08,-1.4932464E-01
5.458524E-08,-1.4927194E-01
5.463524E-08,-1.4921923E-01
5.468524E-08,-1.4916652E-01
5.473524E-08,-1.4911381E-01
5.478524E-08,-1.4911381E-01
5.483524E-08,-1.4906110E-01
5.488524E-08,-1.4900839E-01
5.493524E-08,-1.4900839E-01
5.498524E-08,-1.4895568E-01
5.503524E-08,-1.4895568E-01
5.508524E-08,-1.4895568E-01
5.513524E-08,-1.4895568E-01
5.518524E-08,-1.4895568E-01
5.523524E-08,-1.4895568E-01
5.528524E-08,-1.4900839E-01
5.533524E-08,-1.4906110E-01
5.538524E-08,-1.4906110E-01
5.543524E-08,-1.4911381E-01
5.548524E-08,-1.4916652E-01
5.553524E-08,-1.4921923E-01
5.558524E-08,-1.4927194E-01
5.563524E-08,-1.4932464E-01
5.568524E-08,-1.4937735E-01
5.573524E-08,-1.4943006E-01
5.578524E-08,-1.4948277E-01
5.583524E-08,-1.4953548E-01
5.588524E-08,-1.4958819E-01
5.593524E-08,-1.4964090E-01
5.598524E-08,-1.4969361E-01
5.603524E-08,-1.4974632E-01
5.608524E-08,-1.4979903E-01
5.613524E-08,-1.4985173E-01
5.618524E-08,-1.4985173E-01
5.623524E-08,-1.4990444E-01
5.628524E-08,-1.4990444E-01
5.633524E-08,-1.4990444E-01
5.638524E-08,-1.4990444E-01
5.643524E-08,-1.4990444E-01
5.648524E-08,-1.4990444E-01
5.653524E-08,-1.4985173E-01
5.658524E-08,-1.4985173E-01
5.663524E-08,-1.4979903E-01
5.668524E-08,-1.4974632E-01
5.673524E-08,-1.4969361E-01
5.678524E-08,-1.4958819E-01
5.683524E-08,-1.4953548E-01
5.688524E-08,-1.4943006E-01
5.693524E-08,-1.4932464E-01
5.698524E-08,-1.4927194E-01
5.703524E-08,-1.4916652E-01
5.708524E-08,-1.4906110E-01
5.713524E-08,-1.4895568E-01
5.718524E-08,-1.4885026E-01
5.723524E-08,-1.4874485E-01
5.728524E-08,-1.4863943E-01
5.733524E-08,-1.4853401E-01
5.738524E-08,-1.4842859E-01
5.743524E-08,-1.4832317E-01
5.748524E-08,-1.4821776E-01
5.753524E-08,-1.4816505E-01
5.758524E-08,-1.4805963E-01
5.763524E-08,-1.4800692E-01
5.768524E-08,-1.4795421E-01
5.773524E-08,-1.4790150E-01
5.778524E-08,-1.4784879E-01
5.783524E-08,-1.4784879E-01
5.788524E-08,-1.4779608E-01
5.793524E-08,-1.4779608E-01
5.798524E-08,-1.4779608E-01
5.803524E-08,-1.4779608E-01
5.808524E-08,-1.4779608E-01
5.813524E-08,-1.4784879E-01
5.818524E-08,-1.4784879E-01
5.823524E-08,-1.4784879E-01
5.828524E-08,-1.4790150E-01
5.833524E-08,-1.4795421E-01
5.838524E-08,-1.4795421E-01
5.843524E-08,-1.4800692E-01
5.848524E-08,-1.4805963E-01
5.853524E-08,-1.4805963E-01
5.858524E-08,-1.4811234E-01
5.863524E-08,-1.4811234E-01
5.868524E-08,-1.4816505E-01
5.873524E-08,-1.4816505E-01
5.878524E-08,-1.4816505E-01
5.883524E-08,-1.4816505E-01
5.888524E-08,-1.4816505E-01
5.893524E-08,-1.4816505E-01
5.898524E-08,-1.4816505E-01
5.903524E-08,-1.4811234E-01
5.908524E-08,-1.4811234E-01
5.913524E-08,-1.4805963E-01
5.918524E-08,-1.4800692E-01
5.923524E-08,-1.4795421E-01
5.928524E-08,-1.4790150E-01
5.933524E-08,-1.4784879E-01
5.938524E-08,-1.4779608E-01
5.943524E-08,-1.4774337E-01
5.948524E-08,-1.4769067E-01
5.953524E-08,-1.4763796E-01
5.958524E-08,-1.4758525E-01
5.963524E-08,-1.4753254E-01
5.968524E-08,-1.4747983E-01
5.973524E-08,-1.4742712E-01
5.978524E-08,-1.4737441E-01
5.983524E-08,-1.4732170E-01
5.988524E-08,-1.4732170E-01
5.993524E-08,-1.4726899E-01
5.998524E-08,-1.4726899E-01
6.003524E-08,-1.4726899E-01
6.008524E-08,-1.4726899E-01
6.013524E-08,-1.4726899E-01
6.018524E-08,-1.4726899E-01
6.023524E-08,-1.4732170E-01
6.028524E-08,-1.4737441E-01
6.033524E-08,-1.4737441E-01
6.038524E-08,-1.4742712E-01
6.043524E-08,-1.4747983E-01
6.048524E-08,-1.4753254E-01
6.053524E-08,-1.4758525E-01
6.058524E-08,-1.4769067E-01
6.063524E-08,-1.4774337E-01
6.068524E-08,-1.4779608E-01
6.073524E-08,-1.4784879E-01
6.078524E-08,-1.4790150E-01
6.083524E-08,-1.4800692E-01
6.088524E-08,-1.4805963E-01
6.093524E-08,-1.4811234E-01
6.098524E-08,-1.4816505E-01
6.103524E-08,-1.4821776E-01
6.108524E-08,-1.4821776E-01
6.113524E-08,-1.4827046E-01
6.118524E-08,-1.4832317E-01
6.123524E-08,-1.4832317E-01
6.128524E-08,-1.4832317E-01
6.133524E-08,-1.4837588E-01
6.138524E-08,-1.4837588E-01
6.143524E-08,-1.4837588E-01
6.148524E-08,-1.4837588E-01
6.153524E-08,-1.4837588E-01
6.158524E-08,-1.4837588E-01
6.163524E-08,-1.4832317E-01
6.168524E-08,-1.4832317E-01
6.173524E-08,-1.4832317E-01
6.178524E-08,-1.4832317E-01
6.183524E-08,-1.4832317E-01
6.188524E-08,-1.4832317E-01
6.193524E-08,-1.4827046E-01
6.198524E-08,-1.4827046E-01
6.203524E-08,-1.4832317E-01
6.208524E-08,-1.4832317E-01
6.213524E-08,-1.4832317E-01
6.218524E-08,-1.4832317E-01
6.223524E-08,-1.4837588E-01
6.228524E-08,-1.4842859E-01
6.233524E-08,-1.4848130E-01
6.238524E-08,-1.4853401E-01
6.243524E-08,-1.4858672E-01
6.248524E-08,-1.4863943E-01
6.253524E-08,-1.4869214E-01
6.258524E-08,-1.4879755E-01
6.263524E-08,-1.4885026E-01
6.268524E-08,-1.4895568E-01
6.273524E-08,-1.4906110E-01
6.278524E-08,-1.4916652E-01
6.283524E-08,-1.4927194E-01
6.288524E-08,-1.4937735E-01
6.293524E-08,-1.4948277E-01
6.298524E-08,-1.4958819E-01
6.303524E-08,-1.4969361E-01
6.308524E-08,-1.4985173E-01
6.313524E-08,-1.4995715E-01
6.318524E-08,-1.5006257E-01
6.323524E-08,-1.5016799E-01
6.328524E-08,-1.5027341E-01
6.333524E-08,-1.5037883E-01
6.338524E-08,-1.5048424E-01
6.343524E-08,-1.5058966E-01
6.348524E-08,-1.5069508E-01
6.353524E-08,-1.5080050E-01
6.358524E-08,-1.5085321E-01
6.363524E-08,-1.5095862E-01
6.368524E-08,-1.5101133E-01
6.373524E-08,-1.5106404E-01
6.378524E-08,-1.5111675E-01
6.383524E-08,-1.5116946E-01
6.388524E-08,-1.5122217E-01
6.393524E-08,-1.5122217E-01
6.398524E-08,-1.5127488E-01
6.403524E-08,-1.5127488E-01
6.408524E-08,-1.5127488E-01
6.413524E-08,-1.5127488E-01
6.418524E-08,-1.5127488E-01
6.423524E-08,-1.5122217E-01
6.428524E-08,-1.5122217E-01
6.433524E-08,-1.5116946E-01
6.438524E-08,-1.5116946E-01
6.443524E-08,-1.5111675E-01
6.448524E-08,-1.5106404E-01
6.453524E-08,-1.5101133E-01
6.458524E-08,-1.5095862E-01
6.463524E-08,-1.5085321E-01
6.468524E-08,-1.5080050E-01
6.473524E-08,-1.5074779E-01
6.478524E-08,-1.5064237E-01
6.483524E-08,-1.5058966E-01
6.488524E-08,-1.5048424E-01
6.493524E-08,-1.5043153E-01
6.498524E-08,-1.5032612E-01
6.503524E-08,-1.5027341E-01
6.508524E-08,-1.5016799E-01
6.513524E-08,-1.5011528E-01
6.518524E-08,-1.5000986E-01
6.523524E-08,-1.4995715E-01
6.528524E-08,-1.4990444E-01
6.533524E-08,-1.4979903E-01
6.538524E-08,-1.4974632E-01
6.543524E-08,-1.4969361E-01
6.548524E-08,-1.4964090E-01
6.553524E-08,-1.4958819E-01
6.558524E-08,-1.4953548E-01
6.563524E-08,-1.4948277E-01
6.568524E-08,-1.4943006E-01
6.573524E-08,-1.4937735E-01
6.578524E-08,-1.4937735E-01
6.583524E-08,-1.4932464E-01
6.588524E-08,-1.4932464E-01
6.593524E-08,-1.4932464E-01
6.598524E-08,-1.4927194E-01
6.603524E-08,-1.4927194E-01
6.608524E-08,-1.4927194E-01
6.613524E-08,-1.4927194E-01
6.618524E-08,-1.4927194E-01
6.623524E-08,-1.4927194E-01
6.628524E-08,-1.4927194E-01
6.633524E-08,-1.4927194E-01
6.638524E-08,-1.4927194E-01
6.643524E-08,-1.4921923E-01
6.648524E-08,-1.4921923E-01
6.653524E-08,-1.4921923E-01
6.658524E-08,-1.4921923E-01
6.663524E-08,-1.4921923E-01
6.668524E-08,-1.4916652E-01
6.673524E-08,-1.4916652E-01
6.678524E-08,-1.4911381E-01
6.683524E-08,-1.4911381E-01
6.688524E-08,-1.4906110E-01
6.693524E-08,-1.4906110E-01
6.698524E-08,-1.4900839E-01
6.703524E-08,-1.4895568E-01
6.708524E-08,-1.4890297E-01
6.713524E-08,-1.4885026E-01
6.718524E-08,-1.4879755E-01
6.723524E-08,-1.4874485E-01
6.728524E-08,-1.4869214E-01
6.733524E-08,-1.4863943E-01
6.738524E-08,-1.4858672E-01
6.743524E-08,-1.4853401E-01
6.748524E-08,-1.4848130E-01
6.753524E-08,-1.4842859E-01
6.758524E-08,-1.4842859E-01
6.763524E-08,-1.4837588E-01
6.768524E-08,-1.4832317E-01
6.773524E-08,-1.4827046E-01
6.778524E-08,-1.4827046E-01
6.783524E-08,-1.4821776E-01
6.788524E-08,-1.4816505E-01
6.793524E-08,-1.4816505E-01
6.798524E-08,-1.4816505E-01
6.803524E-08,-1.4811234E-01
6.808524E-08,-1.4811234E-01
6.813524E-08,-1.4811234E-01
6.818524E-08,-1.4811234E-01
6.823524E-08,-1.4811234E-01
6.828524E-08,-1.4811234E-01
6.833524E-08,-1.4811234E-01
6.838524E-08,-1.4816505E-01
6.843524E-08,-1.4816505E-01
6.848524E-08,-1.4816505E-01
6.853524E-08,-1.4816505E-01
6.858524E-08,-1.4816505E-01
6.863524E-08,-1.4821776E-01
6.868524E-08,-1.4821776E-01
6.873524E-08,-1.4821776E-01
6.878524E-08,-1.4821776E-01
6.883524E-08,-1.4821776E-01
6.888524E-08,-1.4821776E-01
6.893524E-08,-1.4827046E-01
6.898524E-08,-1.4821776E-01
6.903524E-08,-1.4821776E-01
6.908524E-08,-1.4821776E-01
6.913524E-08,-1.4821776E-01
6.918524E-08,-1.4821776E-01
6.923524E-08,-1.4821776E-01
6.928524E-08,-1.4816505E-01
6.933524E-08,-1.4816505E-01
6.938524E-08,-1.4816505E-01
6.943524E-08,-1.4811234E-01
6.948524E-08,-1.4811234E-01
6.953524E-08,-1.4811234E-01
6.958524E-08,-1.4805963E-01
6.963524E-08,-1.4805963E-01
6.968524E-08,-1.4800692E-01
6.973524E-08,-1.4800692E-01
6.978524E-08,-1.4800692E-01
6.983524E-08,-1.4800692E-01
6.988524E-08,-1.4800692E-01
6.993524E-08,-1.4800692E-01
6.998524E-08,-1.4800692E-01
7.003524E-08,-1.4800692E-01
7.008524E-08,-1.4800692E-01
7.013524E-08,-1.4800692E-01
7.018524E-08,-1.4800692E-01
7.023524E-08,-1.4805963E-01
7.028524E-08,-1.4805963E-01
7.033524E-08,-1.4811234E-01
7.038524E-08,-1.4811234E-01
7.043524E-08,-1.4816505E-01
7.048524E-08,-1.4821776E-01
7.053524E-08,-1.4821776E-01
7.058524E-08,-1.4827046E-01
7.063524E-08,-1.4832317E-01
7.068524E-08,-1.4837588E-01
7.073524E-08,-1.4837588E-01
7.078524E-08,-1.4842859E-01
7.083524E-08,-1.4848130E-01
7.088524E-08,-1.4848130E-01
7.093524E-08,-1.4853401E-01
7.098524E-08,-1.4853401E-01
7.103524E-08,-1.4858672E-01
7.108524E-08,-1.4858672E-01
7.113524E-08,-1.4863943E-01
7.118524E-08,-1.4863943E-01
7.123524E-08,-1.4863943E-01
7.128524E-08,-1.4863943E-01
7.133524E-08,-1.4863943E-01
7.138524E-08,-1.4869214E-01
7.143524E-08,-1.4869214E-01
7.148524E-08,-1.4869214E-01
7.153524E-08,-1.4869214E-01
7.158524E-08,-1.4869214E-01
7.163524E-08,-1.4869214E-01
7.168524E-08,-1.4869214E-01
7.173524E-08,-1.4869214E-01
7.178524E-08,-1.4869214E-01
7.183524E-08,-1.4869214E-01
7.188524E-08,-1.4869214E-01
7.193524E-08,-1.4874485E-01
7.198524E-08,-1.4874485E-01
7.203524E-08,-1.4874485E-01
7.208524E-08,-1.4879755E-01
7.213524E-08,-1.4879755E-01
7.218524E-08,-1.4885026E-01
7.223524E-08,-1.4890297E-01
7.228524E-08,-1.4895568E-01
7.233524E-08,-1.4895568E-01
7.238524E-08,-1.4900839E-01
7.243524E-08,-1.4906110E-01
7.248524E-08,-1.4911381E-01
7.253524E-08,-1.4916652E-01
7.258524E-08,-1.4927194E-01
7.263524E-08,-1.4932464E-01
7.268524E-08,-1.4937735E-01
7.273524E-08,-1.4943006E-01
7.278524E-08,-1.4948277E-01
7.283524E-08,-1.4958819E-01
7.288524E-08,-1.4964090E-01
7.293524E-08,-1.4969361E-01
7.298524E-08,-1.4974632E-01
7.303524E-08,-1.4979903E-01
7.308524E-08,-1.4985173E-01
7.313524E-08,-1.4990444E-01
7.318524E-08,-1.4995715E-01
7.323524E-08,-1.5000986E-01
7.328524E-08,-1.5000986E-01
7.333524E-08,-1.5006257E-01
7.338524E-08,-1.5006257E-01
7.343524E-08,-1.5011528E-01
7.348524E-08,-1.5011528E-01
7.353524E-08,-1.5011528E-01
7.358524E-08,-1.5016799E-01
7.363524E-08,-1.5016799E-01
7.368524E-08,-1.5016799E-01
7.373524E-08,-1.5016799E-01
7.378524E-08,-1.5016799E-01
7.383524E-08,-1.5016799E-01
7.388524E-08,-1.5016799E-01
7.393524E-08,-1.5011528E-01
7.398524E-08,-1.5011528E-01
7.403524E-08,-1.5011528E-01
7.408524E-08,-1.5011528E-01
7.413524E-08,-1.5011528E-01
7.418524E-08,-1.5011528E-01
7.423524E-08,-1.5011528E-01
7.428524E-08,-1.5011528E-01
7.433524E-08,-1.5011528E-01
7.438524E-08,-1.5011528E-01
7.443524E-08,-1.5011528E-01
7.448524E-08,-1.5011528E-01
7.453524E-08,-1.5011528E-01
7.458524E-08,-1.5011528E-01
7.463524E-08,-1.5011528E-01
7.468524E-08,-1.5011528E-01
7.473524E-08,-1.5011528E-01
7.478524E-08,-1.5016799E-01
7.483524E-08,-1.5016799E-01
7.488524E-08,-1.5016799E-01
7.493524E-08,-1.5022070E-01
7.498524E-08,-1.5022070E-01
7.503524E-08,-1.5022070E-01
7.508524E-08,-1.5027341E-01
7.513524E-08,-1.5027341E-01
7.518524E-08,-1.5027341E-01
7.523524E-08,-1.5027341E-01
7.528524E-08,-1.5027341E-01
7.533524E-08,-1.5027341E-01
7.538524E-08,-1.5032612E-01
7.543524E-08,-1.5032612E-01
7.548524E-08,-1.5032612E-01
7.553524E-08,-1.5032612E-01
7.558524E-08,-1.5032612E-01
7.563524E-08,-1.5027341E-01
7.568524E-08,-1.5027341E-01
7.573524E-08,-1.5027341E-01
7.578524E-08,-1.5027341E-01
7.583524E-08,-1.5027341E-01
7.588524E-08,-1.5022070E-01
7.593524E-08,-1.5022070E-01
7.598524E-08,-1.5022070E-01
7.603524E-08,-1.5022070E-01
7.608524E-08,-1.5016799E-01
7.613524E-08,-1.5016799E-01
7.618524E-08,-1.5016799E-01
7.623524E-08,-1.5016799E-01
7.628524E-08,-1.5011528E-01
7.633524E-08,-1.5011528E-01
7.638524E-08,-1.5011528E-01
7.643524E-08,-1.5011528E-01
7.648524E-08,-1.5011528E-01
7.653524E-08,-1.5011528E-01
7.658524E-08,-1.5006257E-01
7.663524E-08,-1.5006257E-01
7.668524E-08,-1.5006257E-01
7.673524E-08,-1.5006257E-01
7.678524E-08,-1.5006257E-01
7.683524E-08,-1.5006257E-01
7.688524E-08,-1.5011528E-01
7.693524E-08,-1.5011528E-01
7.698524E-08,-1.5011528E-01
7.703524E-08,-1.5011528E-01
7.708524E-08,-1.5011528E-01
7.713524E-08,-1.5011528E-01
7.718524E-08,-1.5011528E-01
7.723524E-08,-1.5011528E-01
7.728524E-08,-1.5011528E-01
7.733524E-08,-1.5016799E-01
7.738524E-08,-1.5016799E-01
7.743524E-08,-1.5016799E-01
7.748524E-08,-1.5016799E-01
7.753524E-08,-1.5016799E-01
7.758524E-08,-1.5011528E-01
7.763524E-08,-1.5011528E-01
7.768524E-08,-1.5011528E-01
7.773524E-08,-1.5011528E-01
7.778524E-08,-1.5011528E-01
7.783524E-08,-1.5006257E-01
7.788524E-08,-1.5006257E-01
7.793524E-08,-1.5000986E-01
7.798524E-08,-1.5000986E-01
7.803524E-08,-1.4995715E-01
7.808524E-08,-1.4995715E-01
7.813524E-08,-1.4990444E-01
7.818524E-08,-1.4985173E-01
7.823524E-08,-1.4985173E-01
7.828524E-08,-1.4979903E-01
7.833524E-08,-1.4974632E-01
7.838524E-08,-1.4969361E-01
7.843524E-08,-1.4969361E-01
7.848524E-08,-1.4964090E-01
7.853524E-08,-1.4958819E-01
7.858524E-08,-1.4953548E-01
7.863524E-08,-1.4948277E-01
7.868524E-08,-1.4943006E-01
7.873524E-08,-1.4937735E-01
7.878524E-08,-1.4932464E-01
7.883524E-08,-1.4927194E-01
7.888524E-08,-1.4921923E-01
7.893524E-08,-1.4921923E-01
7.898524E-08,-1.4916652E-01
7.903524E-08,-1.4911381E-01
7.908524E-08,-1.4906110E-01
7.913524E-08,-1.4900839E-01
7.918524E-08,-1.4895568E-01
7.923524E-08,-1.4890297E-01
7.928524E-08,-1.4890297E-01
7.933524E-08,-1.4885026E-01
7.938524E-08,-1.4879755E-01
7.943524E-08,-1.4874485E-01
7.948524E-08,-1.4869214E-01
7.953524E-08,-1.4863943E-01
7.958524E-08,-1.4863943E-01
7.963524E-08,-1.4858672E-01
7.968524E-08,-1.4853401E-01
7.973524E-08,-1.4848130E-01
7.978524E-08,-1.4848130E-01
7.983524E-08,-1.4842859E-01
7.988524E-08,-1.4837588E-01
7.993524E-08,-1.4837588E-01
7.998524E-08,-1.4832317E-01
8.003524E-08,-1.4832317E-01
8.008524E-08,-1.4827046E-01
8.013524E-08,-1.4827046E-01
8.018524E-08,-1.4827046E-01
8.023524E-08,-1.4821776E-01
8.028524E-08,-1.4821776E-01
8.033524E-08,-1.4821776E-01
8.038524E-08,-1.4821776E-01
8.043524E-08,-1.4821776E-01
8.048524E-08,-1.4821776E-01
8.053524E-08,-1.4821776E-01
8.058524E-08,-1.4821776E-01
8.063524E-08,-1.4821776E-01
8.068524E-08,-1.4821776E-01
8.073524E-08,-1.4827046E-01
8.078524E-08,-1.4827046E-01
8.083524E-08,-1.4832317E-01
8.088524E-08,-1.4832317E-01
8.093524E-08,-1.4837588E-01
8.098524E-08,-1.4837588E-01
8.103524E-08,-1.4842859E-01
8.108524E-08,-1.4848130E-01
8.113524E-08,-1.4853401E-01
8.118524E-08,-1.4858672E-01
8.123524E-08,-1.4858672E-01
8.128524E-08,-1.4863943E-01
8.133524E-08,-1.4869214E-01
8.138524E-08,-1.4874485E-01
8.143524E-08,-1.4879755E-01
8.148524E-08,-1.4885026E-01
8.153524E-08,-1.4890297E-01
8.158524E-08,-1.4895568E-01
8.163524E-08,-1.4900839E-01
8.168524E-08,-1.4906110E-01
8.173524E-08,-1.4911381E-01
8.178524E-08,-1.4916652E-01
8.183524E-08,-1.4921923E-01
8.188524E-08,-1.4927194E-01
8.193524E-08,-1.4932464E-01
8.198524E-08,-1.4932464E-01
8.203524E-08,-1.4937735E-01
8.208524E-08,-1.4943006E-01
8.213524E-08,-1.4943006E-01
8.218524E-08,-1.4948277E-01
8.223524E-08,-1.4948277E-01
8.228524E-08,-1.4953548E-01
8.233524E-08,-1.4953548E-01
8.238524E-08,-1.4953548E-01
8.243524E-08,-1.4953548E-01
8.248524E-08,-1.4958819E-01
8.253524E-08,-1.4958819E-01
8.258524E-08,-1.4958819E-01
8.263524E-08,-1.4958819E-01
8.268524E-08,-1.4958819E-01
8.273524E-08,-1.4958819E-01
8.278524E-08,-1.4958819E-01
8.283524E-08,-1.4958819E-01
8.288524E-08,-1.4958819E-01
8.293524E-08,-1.4958819E-01
8.298524E-08,-1.4958819E-01
8.303524E-08,-1.4958819E-01
8.308524E-08,-1.4958819E-01
8.313524E-08,-1.4958819E-01
8.318524E-08,-1.4958819E-01
8.323524E-08,-1.4958819E-01
8.328524E-08,-1.4958819E-01
8.333524E-08,-1.4958819E-01
8.338524E-08,-1.4964090E-01
8.343524E-08,-1.4964090E-01
8.348524E-08,-1.4964090E-01
8.353524E-08,-1.4964090E-01
8.358524E-08,-1.4964090E-01
8.363524E-08,-1.4969361E-01
8.368524E-08,-1.4969361E-01
8.373524E-08,-1.4969361E-01
8.378524E-08,-1.4974632E-01
8.383524E-08,-1.4974632E-01
8.388524E-08,-1.4974632E-01
8.393524E-08,-1.4979903E-01
8.398524E-08,-1.4979903E-01
8.403524E-08,-1.4979903E-01
8.408524E-08,-1.4985173E-01
8.413524E-08,-1.4985173E-01
8.418524E-08,-1.4990444E-01
8.423524E-08,-1.4990444E-01
8.428524E-08,-1.4990444E-01
8.433524E-08,-1.4995715E-01
8.438524E-08,-1.4995715E-01
8.443524E-08,-1.4995715E-01
8.448524E-08,-1.5000986E-01
8.453524E-08,-1.5000986E-01
8.458524E-08,-1.5000986E-01
8.463524E-08,-1.5000986E-01
8.468524E-08,-1.5006257E-01
8.473524E-08,-1.5006257E-01
8.478524E-08,-1.5006257E-01
8.483524E-08,-1.5006257E-01
8.488524E-08,-1.5006257E-01
8.493524E-08,-1.5006257E-01
8.498524E-08,-1.5006257E-01
8.503524E-08,-1.5006257E-01
8.508524E-08,-1.5006257E-01
8.513524E-08,-1.5006257E-01
8.518524E-08,-1.5006257E-01
8.523524E-08,-1.5006257E-01
8.528524E-08,-1.5006257E-01
8.533524E-08,-1.5000986E-01
8.538524E-08,-1.5000986E-01
8.543524E-08,-1.5000986E-01
8.548524E-08,-1.5000986E-01
8.553524E-08,-1.5000986E-01
8.558524E-08,-1.5000986E-01
8.563524E-08,-1.5000986E-01
8.568524E-08,-1.4995715E-01
8.573524E-08,-1.4995715E-01
8.578524E-08,-1.4995715E-01
8.583524E-08,-1.4995715E-01
8.588524E-08,-1.4995715E-01
8.593524E-08,-1.4995715E-01
8.598524E-08,-1.4995715E-01
8.603524E-08,-1.4995715E-01
8.608524E-08,-1.4995715E-01
8.613524E-08,-1.4995715E-01
8.618524E-08,-1.4995715E-01
8.623524E-08,-1.4995715E-01
8.628524E-08,-1.4995715E-01
8.633524E-08,-1.4995715E-01
8.638524E-08,-1.4995715E-01
8.643524E-08,-1.4995715E-01
8.648524E-08,-1.4995715E-01
8.653524E-08,-1.4995715E-01
8.658524E-08,-1.4995715E-01
8.663524E-08,-1.4995715E-01
8.668524E-08,-1.4995715E-01
8.673524E-08,-1.4995715E-01
8.678524E-08,-1.4995715E-01
8.683524E-08,-1.4995715E-01
8.688524E-08,-1.4995715E-01
8.693524E-08,-1.5000986E-01
8.698524E-08,-1.5000986E-01
8.703524E-08,-1.5000986E-01
8.708524E-08,-1.5000986E-01
8.713524E-08,-1.5000986E-01
8.718524E-08,-1.5000986E-01
8.723524E-08,-1.5000986E-01
8.728524E-08,-1.5006257E-01
8.733524E-08,-1.5006257E-01
8.738524E-08,-1.5006257E-01
8.743524E-08,-1.5006257E-01
8.748524E-08,-1.5006257E-01
8.753524E-08,-1.5006257E-01
8.758524E-08,-1.5011528E-01
8.763524E-08,-1.5011528E-01
8.768524E-08,-1.5011528E-01
8.773524E-08,-1.5011528E-01
8.778524E-08,-1.5011528E-01
8.783524E-08,-1.5011528E-01
8.788524E-08,-1.5011528E-01
8.793524E-08,-1.5011528E-01
8.798524E-08,-1.5011528E-01
8.803524E-08,-1.5011528E-01
8.808524E-08,-1.5011528E-01
8.813524E-08,-1.5006257E-01
8.818524E-08,-1.5006257E-01
8.823524E-08,-1.5006257E-01
8.828524E-08,-1.5006257E-01
8.833524E-08,-1.5006257E-01
8.838524E-08,-1.5000986E-01
8.843524E-08,-1.5000986E-01
8.848524E-08,-1.5000986E-01
8.853524E-08,-1.4995715E-01
8.858524E-08,-1.4995715E-01
8.863524E-08,-1.4995715E-01
8.868524E-08,-1.4990444E-01
8.873524E-08,-1.4990444E-01
8.878524E-08,-1.4985173E-01
8.883524E-08,-1.4985173E-01
8.888524E-08,-1.4985173E-01
8.893524E-08,-1.4979903E-01
8.898524E-08,-1.4979903E-01
8.903524E-08,-1.4974632E-01
8.908524E-08,-1.4974632E-01
8.913524E-08,-1.4969361E-01
8.918524E-08,-1.4969361E-01
8.923524E-08,-1.4964090E-01
8.928524E-08,-1.4964090E-01
8.933524E-08,-1.4958819E-01
8.938524E-08,-1.4958819E-01
8.943524E-08,-1.4953548E-01
8.948524E-08,-1.4953548E-01
8.953524E-08,-1.4948277E-01
8.958524E-08,-1.4948277E-01
8.963524E-08,-1.4943006E-01
8.968524E-08,-1.4943006E-01
8.973524E-08,-1.4943006E-01
8.978524E-08,-1.4937735E-01
8.983524E-08,-1.4937735E-01
8.988524E-08,-1.4932464E-01
8.993524E-08,-1.4932464E-01
8.998524E-08,-1.4932464E-01
9.003524E-08,-1.4927194E-01
9.008524E-08,-1.4927194E-01
9.013524E-08,-1.4927194E-01
9.018524E-08,-1.4927194E-01
9.023524E-08,-1.4927194E-01
9.028524E-08,-1.4927194E-01
9.033524E-08,-1.4927194E-01
9.038524E-08,-1.4927194E-01
9.043524E-08,-1.4927194E-01
9.048524E-08,-1.4927194E-01
9.053524E-08,-1.4927194E-01
9.058524E-08,-1.4932464E-01
9.063524E-08,-1.4932464E-01
9.068524E-08,-1.4932464E-01
9.073524E-08,-1.4937735E-01
9.078524E-08,-1.4937735E-01
9.083524E-08,-1.4943006E-01
9.088524E-08,-1.4943006E-01
9.093524E-08,-1.4948277E-01
9.098524E-08,-1.4953548E-01
9.103524E-08,-1.4953548E-01
9.108524E-08,-1.4958819E-01
9.113524E-08,-1.4964090E-01
9.118524E-08,-1.4964090E-01
9.123524E-08,-1.4969361E-01
9.128524E-08,-1.4974632E-01
9.133524E-08,-1.4974632E-01
9.138524E-08,-1.4979903E-01
9.143524E-08,-1.4979903E-01
9.148524E-08,-1.4985173E-01
9.153524E-08,-1.4985173E-01
9.158524E-08,-1.4985173E-01
9.163524E-08,-1.4985173E-01
9.168524E-08,-1.4985173E-01
9.173524E-08,-1.4990444E-01
9.178524E-08,-1.4985173E-01
9.183524E-08,-1.4985173E-01
9.188524E-08,-1.4985173E-01
9.193524E-08,-1.4985173E-01
9.198524E-08,-1.4979903E-01
9.203524E-08,-1.4974632E-01
9.208524E-08,-1.4974632E-01
9.213524E-08,-1.4969361E-01
9.218524E-08,-1.4964090E-01
9.223524E-08,-1.4958819E-01
9.228524E-08,-1.4953548E-01
9.233524E-08,-1.4948277E-01
9.238524E-08,-1.4943006E-01
9.243524E-08,-1.4937735E-01
9.248524E-08,-1.4927194E-01
9.253524E-08,-1.4921923E-01
9.258524E-08,-1.4916652E-01
9.263524E-08,-1.4911381E-01
9.268524E-08,-1.4906110E-01
9.273524E-08,-1.4900839E-01
9.278524E-08,-1.4895568E-01
9.283524E-08,-1.4890297E-01
9.288524E-08,-1.4885026E-01
9.293524E-08,-1.4879755E-01
9.298524E-08,-1.4879755E-01
9.303524E-08,-1.4874485E-01
9.308524E-08,-1.4874485E-01
9.313524E-08,-1.4874485E-01
9.318524E-08,-1.4874485E-01
9.323524E-08,-1.4874485E-01
9.328524E-08,-1.4874485E-01
9.333524E-08,-1.4874485E-01
9.338524E-08,-1.4879755E-01
9.343524E-08,-1.4879755E-01
9.348524E-08,-1.4885026E-01
9.353524E-08,-1.4890297E-01
9.358524E-08,-1.4890297E-01
9.363524E-08,-1.4895568E-01
9.368524E-08,-1.4900839E-01
9.373524E-08,-1.4906110E-01
9.378524E-08,-1.4916652E-01
9.383524E-08,-1.4921923E-01
9.388524E-08,-1.4927194E-01
9.393524E-08,-1.4932464E-01
9.398524E-08,-1.4937735E-01
9.403524E-08,-1.4943006E-01
9.408524E-08,-1.4948277E-01
9.413524E-08,-1.4953548E-01
9.418524E-08,-1.4958819E-01
9.423524E-08,-1.4964090E-01
9.428524E-08,-1.4969361E-01
9.433524E-08,-1.4969361E-01
9.438524E-08,-1.4974632E-01
9.443524E-08,-1.4974632E-01
9.448524E-08,-1.4979903E-01
9.453524E-08,-1.4979903E-01
9.458524E-08,-1.4979903E-01
9.463524E-08,-1.4985173E-01
9.468524E-08,-1.4985173E-01
9.473524E-08,-1.4979903E-01
9.478524E-08,-1.4979903E-01
9.483524E-08,-1.4979903E-01
9.488524E-08,-1.4979903E-01
9.493524E-08,-1.4974632E-01
9.498524E-08,-1.4974632E-01
9.503524E-08,-1.4974632E-01
9.508524E-08,-1.4969361E-01
9.513524E-08,-1.4969361E-01
9.518524E-08,-1.4964090E-01
9.523524E-08,-1.4964090E-01
9.528524E-08,-1.4958819E-01
9.533524E-08,-1.4958819E-01
9.538524E-08,-1.4958819E-01
9.543524E-08,-1.4953548E-01
9.548524E-08,-1.4953548E-01
9.553524E-08,-1.4953548E-01
9.558524E-08,-1.4953548E-01
9.563524E-08,-1.4953548E-01
9.568524E-08,-1.4948277E-01
9.573524E-08,-1.4953548E-01
9.578524E-08,-1.4953548E-01
9.583524E-08,-1.4953548E-01
9.588524E-08,-1.4953548E-01
9.593524E-08,-1.4958819E-01
9.598524E-08,-1.4958819E-01
9.603524E-08,-1.4964090E-01
9.608524E-08,-1.4964090E-01
9.613524E-08,-1.4969361E-01
9.618524E-08,-1.4974632E-01
9.623524E-08,-1.4979903E-01
9.628524E-08,-1.4985173E-01
9.633524E-08,-1.4990444E-01
9.638524E-08,-1.4995715E-01
9.643524E-08,-1.5000986E-01
9.648524E-08,-1.5006257E-01
9.653524E-08,-1.5011528E-01
9.658524E-08,-1.5016799E-01
9.663524E-08,-1.5022070E-01
9.668524E-08,-1.5027341E-01
9.673524E-08,-1.5032612E-01
9.678524E-08,-1.5032612E-01
9.683524E-08,-1.5037883E-01
9.688524E-08,-1.5043153E-01
9.693524E-08,-1.5048424E-01
9.698524E-08,-1.5053695E-01
9.703524E-08,-1.5058966E-01
9.708524E-08,-1.5058966E-01
9.713524E-08,-1.5064237E-01
9.718524E-08,-1.5069508E-01
9.723524E-08,-1.5069508E-01
9.728524E-08,-1.5074779E-01
9.733524E-08,-1.5074779E-01
9.738524E-08,-1.5074779E-01
9.743524E-08,-1.5074779E-01
9.748524E-08,-1.5080050E-01
9.753524E-08,-1.5080050E-01
9.758524E-08,-1.5080050E-01
9.763524E-08,-1.5074779E-01
9.768524E-08,-1.5074779E-01
9.773524E-08,-1.5074779E-01
9.778524E-08,-1.5074779E-01
9.783524E-08,-1.5069508E-01
9.788524E-08,-1.5069508E-01
9.793524E-08,-1.5064237E-01
9.798524E-08,-1.5064237E-01
9.803524E-08,-1.5058966E-01
9.808524E-08,-1.5053695E-01
9.813524E-08,-1.5048424E-01
9.818524E-08,-1.5043153E-01
9.823524E-08,-1.5043153E-01
9.828524E-08,-1.5037883E-01
9.833524E-08,-1.5032612E-01
9.838524E-08,-1.5027341E-01
9.843524E-08,-1.5022070E-01
9.848524E-08,-1.5016799E-01
9.853524E-08,-1.5011528E-01
9.858524E-08,-1.5006257E-01
9.863524E-08,-1.5000986E-01
9.868524E-08,-1.5000986E-01
9.873524E-08,-1.4995715E-01
9.878524E-08,-1.4990444E-01
9.883524E-08,-1.4990444E-01
9.888524E-08,-1.4985173E-01
9.893524E-08,-1.4979903E-01
9.898524E-08,-1.4979903E-01
9.903524E-08,-1.4979903E-01
9.908524E-08,-1.4974632E-01
9.913524E-08,-1.4974632E-01
9.918524E-08,-1.4974632E-01
9.923524E-08,-1.4974632E-01
9.928524E-08,-1.4974632E-01
9.933524E-08,-1.4974632E-01
9.938524E-08,-1.4974632E-01
9.943524E-08,-1.4974632E-01
9.948524E-08,-1.4974632E-01
9.953524E-08,-1.4979903E-01
9.958524E-08,-1.4979903E-01
9.963524E-08,-1.4979903E-01
9.968524E-08,-1.4979903E-01
9.973524E-08,-1.4985173E-01
9.978524E-08,-1.4985173E-01
9.983524E-08,-1.4985173E-01
9.988524E-08,-1.4985173E-01
9.993524E-08,-1.4990444E-01
9.998524E-08,-1.4990444E-01
1.0003524E-07,-1.4990444E-01
1.0008524E-07,-1.4990444E-01
1.0013524E-07,-1.4990444E-01
1.0018524E-07,-1.4990444E-01
1.0023524E-07,-1.4990444E-01
1.0028524E-07,-1.4985173E-01
1.0033524E-07,-1.4985173E-01
1.0038524E-07,-1.4985173E-01
1.0043524E-07,-1.4979903E-01
1.0048524E-07,-1.4979903E-01
1.0053524E-07,-1.4974632E-01
1.0058524E-07,-1.4974632E-01
1.0063524E-07,-1.4969361E-01
1.0068524E-07,-1.4964090E-01
1.0073524E-07,-1.4964090E-01
1.0078524E-07,-1.4958819E-01
1.0083524E-07,-1.4958819E-01
1.0088524E-07,-1.4953548E-01
1.0093524E-07,-1.4948277E-01
1.0098524E-07,-1.4948277E-01
1.0103524E-07,-1.4943006E-01
1.0108524E-07,-1.4943006E-01
1.0113524E-07,-1.4937735E-01
1.0118524E-07,-1.4937735E-01
1.0123524E-07,-1.4937735E-01
1.0128524E-07,-1.4937735E-01
1.0133524E-07,-1.4937735E-01
1.0138524E-07,-1.4937735E-01
1.0143524E-07,-1.4937735E-01
1.0148524E-07,-1.4937735E-01
1.0153524E-07,-1.4937735E-01
1.0158524E-07,-1.4943006E-01
1.0163524E-07,-1.4943006E-01
1.0168524E-07,-1.4943006E-01
1.0173524E-07,-1.4948277E-01
1.0178524E-07,-1.4953548E-01
1.0183524E-07,-1.4953548E-01
1.0188524E-07,-1.4958819E-01
1.0193524E-07,-1.4964090E-01
1.0198524E-07,-1.4969361E-01
1.0203524E-07,-1.4974632E-01
1.0208524E-07,-1.4974632E-01
1.0213524E-07,-1.4979903E-01
1.0218524E-07,-1.4985173E-01
1.0223524E-07,-1.4990444E-01
1.0228524E-07,-1.4995715E-01
1.0233524E-07,-1.4995715E-01
1.0238524E-07,-1.5000986E-01
1.0243524E-07,-1.5006257E-01
1.0248524E-07,-1.5006257E-01
1.0253524E-07,-1.5011528E-01
1.0258524E-07,-1.5011528E-01
1.0263524E-07,-1.5011528E-01
1.0268524E-07,-1.5016799E-01
1.0273524E-07,-1.5016799E-01
1.0278524E-07,-1.5016799E-01
1.0283524E-07,-1.5016799E-01
1.0288524E-07,-1.5016799E-01
1.0293524E-07,-1.5022070E-01
1.0298524E-07,-1.5022070E-01
1.0303524E-07,-1.5022070E-01
1.0308524E-07,-1.5022070E-01
1.0313524E-07,-1.5016799E-01
1.0318524E-07,-1.5016799E-01
1.0323524E-07,-1.5016799E-01
1.0328524E-07,-1.5016799E-01
1.0333524E-07,-1.5016799E-01
1.0338524E-07,-1.5016799E-01
1.0343524E-07,-1.5016799E-01
1.0348524E-07,-1.5016799E-01
1.0353524E-07,-1.5016799E-01
1.0358524E-07,-1.5016799E-01
1.0363524E-07,-1.5016799E-01
1.0368524E-07,-1.5011528E-01
1.0373524E-07,-1.5011528E-01
1.0378524E-07,-1.5011528E-01
1.0383524E-07,-1.5011528E-01
1.0388524E-07,-1.5011528E-01
1.0393524E-07,-1.5011528E-01
1.0398524E-07,-1.5011528E-01
1.0403524E-07,-1.5006257E-01
1.0408524E-07,-1.5006257E-01
1.0413524E-07,-1.5006257E-01
1.0418524E-07,-1.5006257E-01
1.0423524E-07,-1.5006257E-01
1.0428524E-07,-1.5000986E-01
1.0433524E-07,-1.5000986E-01
1.0438524E-07,-1.5000986E-01
1.0443524E-07,-1.5000986E-01
1.0448524E-07,-1.5000986E-01
1.0453524E-07,-1.4995715E-01
1.0458524E-07,-1.4995715E-01
1.0463524E-07,-1.4995715E-01
1.0468524E-07,-1.4990444E-01
1.0473524E-07,-1.4990444E-01
1.0478524E-07,-1.4990444E-01
1.0483524E-07,-1.4990444E-01
1.0488524E-07,-1.4990444E-01
1.0493524E-07,-1.4990444E-01
1.0498524E-07,-1.4985173E-01
1.0503524E-07,-1.4985173E-01
1.0508524E-07,-1.4985173E-01
1.0513524E-07,-1.4985173E-01
1.0518524E-07,-1.4985173E-01
1.0523524E-07,-1.4985173E-01
1.0528524E-07,-1.4985173E-01
1.0533524E-07,-1.4990444E-01
1.0538524E-07,-1.4990444E-01
1.0543524E-07,-1.4990444E-01
1.0548524E-07,-1.4990444E-01
1.0553524E-07,-1.4990444E-01
1.0558524E-07,-1.4995715E-01
1.0563524E-07,-1.4995715E-01
1.0568524E-07,-1.4995715E-01
1.0573524E-07,-1.5000986E-01
1.0578524E-07,-1.5000986E-01
1.0583524E-07,-1.5000986E-01
1.0588524E-07,-1.5006257E-01
1.0593524E-07,-1.5006257E-01
1.0598524E-07,-1.5006257E-01
1.0603524E-07,-1.5011528E-01
1.0608524E-07,-1.5011528E-01
1.0613524E-07,-1.5011528E-01
1.0618524E-07,-1.5011528E-01
1.0623524E-07,-1.5011528E-01
1.0628524E-07,-1.5011528E-01
1.0633524E-07,-1.5011528E-01
1.0638524E-07,-1.5011528E-01
1.0643524E-07,-1.5011528E-01
1.0648524E-07,-1.5011528E-01
1.0653524E-07,-1.5011528E-01
1.0658524E-07,-1.5011528E-01
1.0663524E-07,-1.5006257E-01
1.0668524E-07,-1.5006257E-01
1.0673524E-07,-1.5006257E-01
1.0678524E-07,-1.5006257E-01
1.0683524E-07,-1.5000986E-01
1.0688524E-07,-1.5000986E-01
1.0693524E-07,-1.5000986E-01
1.0698524E-07,-1.4995715E-01
1.0703524E-07,-1.4995715E-01
1.0708524E-07,-1.4995715E-01
1.0713524E-07,-1.4995715E-01
1.0718524E-07,-1.4990444E-01
1.0723524E-07,-1.4990444E-01
1.0728524E-07,-1.4990444E-01
1.0733524E-07,-1.4990444E-01
1.0738524E-07,-1.4985173E-01
1.0743524E-07,-1.4985173E-01
1.0748524E-07,-1.4985173E-01
1.0753524E-07,-1.4985173E-01
1.0758524E-07,-1.4985173E-01
1.0763524E-07,-1.4979903E-01
1.0768524E-07,-1.4979903E-01
1.0773524E-07,-1.4979903E-01
1.0778524E-07,-1.4979903E-01
1.0783524E-07,-1.4974632E-01
1.0788524E-07,-1.4974632E-01
1.0793524E-07,-1.4974632E-01
1.0798524E-07,-1.4969361E-01
1.0803524E-07,-1.4969361E-01
1.0808524E-07,-1.4964090E-01
1.0813524E-07,-1.4964090E-01
1.0818524E-07,-1.4958819E-01
1.0823524E-07,-1.4958819E-01
1.0828524E-07,-1.4953548E-01
1.0833524E-07,-1.4953548E-01
1.0838524E-07,-1.4948277E-01
1.0843524E-07,-1.4948277E-01
1.0848524E-07,-1.4943006E-01
1.0853524E-07,-1.4943006E-01
1.0858524E-07,-1.4937735E-01
1.0863524E-07,-1.4937735E-01
1.0868524E-07,-1.4932464E-01
1.0873524E-07,-1.4932464E-01
1.0878524E-07,-1.4927194E-01
1.0883524E-07,-1.4927194E-01
1.0888524E-07,-1.4927194E-01
1.0893524E-07,-1.4927194E-01
1.0898524E-07,-1.4927194E-01
1.0903524E-07,-1.4927194E-01
1.0908524E-07,-1.4927194E-01
1.0913524E-07,-1.4927194E-01
1.0918524E-07,-1.4927194E-01
1.0923524E-07,-1.4932464E-01
1.0928524E-07,-1.4932464E-01
1.0933524E-07,-1.4937735E-01
1.0938524E-07,-1.4937735E-01
1.0943524E-07,-1.4943006E-01
1.0948524E-07,-1.4943006E-01
1.0953524E-07,-1.4948277E-01
1.0958524E-07,-1.4953548E-01
1.0963524E-07,-1.4958819E-01
1.0968524E-07,-1.4964090E-01
1.0973524E-07,-1.4964090E-01
1.0978524E-07,-1.4969361E-01
1.0983524E-07,-1.4974632E-01
1.0988524E-07,-1.4979903E-01
1.0993524E-07,-1.4979903E-01
1.0998524E-07,-1.4985173E-01
1.1003524E-07,-1.4990444E-01
1.1008524E-07,-1.4990444E-01
1.1013524E-07,-1.4990444E-01
1.1018524E-07,-1.4995715E-01
1.1023524E-07,-1.4995715E-01
1.1028524E-07,-1.4995715E-01
1.1033524E-07,-1.4995715E-01
1.1038524E-07,-1.4995715E-01
1.1043524E-07,-1.4995715E-01
1.1048524E-07,-1.4995715E-01
1.1053524E-07,-1.4990444E-01
1.1058524E-07,-1.4990444E-01
1.1063524E-07,-1.4990444E-01
1.1068524E-07,-1.4985173E-01
1.1073524E-07,-1.4985173E-01
1.1078524E-07,-1.4979903E-01
1.1083524E-07,-1.4979903E-01
1.1088524E-07,-1.4974632E-01
1.1093524E-07,-1.4974632E-01
1.1098524E-07,-1.4969361E-01
1.1103524E-07,-1.4969361E-01
1.1108524E-07,-1.4964090E-01
1.1113524E-07,-1.4964090E-01
1.1118524E-07,-1.4958819E-01
1.1123524E-07,-1.4958819E-01
1.1128524E-07,-1.4958819E-01
1.1133524E-07,-1.4958819E-01
1.1138524E-07,-1.4953548E-01
1.1143524E-07,-1.4953548E-01
1.1148524E-07,-1.4953548E-01
1.1153524E-07,-1.4953548E-01
1.1158524E-07,-1.4953548E-01
1.1163524E-07,-1.4953548E-01
1.1168524E-07,-1.4958819E-01
1.1173524E-07,-1.4958819E-01
1.1178524E-07,-1.4958819E-01
1.1183524E-07,-1.4958819E-01
1.1188524E-07,-1.4958819E-01
1.1193524E-07,-1.4958819E-01
1.1198524E-07,-1.4958819E-01
1.1203524E-07,-1.4964090E-01
1.1208524E-07,-1.4964090E-01
1.1213524E-07,-1.4964090E-01
1.1218524E-07,-1.4964090E-01
1.1223524E-07,-1.4964090E-01
1.1228524E-07,-1.4958819E-01
1.1233524E-07,-1.4958819E-01
1.1238524E-07,-1.4958819E-01
1.1243524E-07,-1.4958819E-01
1.1248524E-07,-1.4958819E-01
1.1253524E-07,-1.4953548E-01
1.1258524E-07,-1.4953548E-01
1.1263524E-07,-1.4953548E-01
1.1268524E-07,-1.4948277E-01
1.1273524E-07,-1.4948277E-01
1.1278524E-07,-1.4948277E-01
1.1283524E-07,-1.4943006E-01
1.1288524E-07,-1.4943006E-01
1.1293524E-07,-1.4943006E-01
1.1298524E-07,-1.4943006E-01
1.1303524E-07,-1.4943006E-01
1.1308524E-07,-1.4943006E-01
1.1313524E-07,-1.4943006E-01
1.1318524E-07,-1.4943006E-01
1.1323524E-07,-1.4943006E-01
1.1328524E-07,-1.4943006E-01
1.1333524E-07,-1.4943006E-01
1.1338524E-07,-1.4948277E-01
1.1343524E-07,-1.4948277E-01
1.1348524E-07,-1.4948277E-01
1.1353524E-07,-1.4953548E-01
1.1358524E-07,-1.4953548E-01
1.1363524E-07,-1.4958819E-01
1.1368524E-07,-1.4958819E-01
1.1373524E-07,-1.4964090E-01
1.1378524E-07,-1.4964090E-01
1.1383524E-07,-1.4969361E-01
1.1388524E-07,-1.4969361E-01
1.1393524E-07,-1.4969361E-01
1.1398524E-07,-1.4969361E-01
1.1403524E-07,-1.4974632E-01
1.1408524E-07,-1.4974632E-01
1.1413524E-07,-1.4974632E-01
1.1418524E-07,-1.4969361E-01
1.1423524E-07,-1.4969361E-01
1.1428524E-07,-1.4969361E-01
1.1433524E-07,-1.4964090E-01
1.1438524E-07,-1.4964090E-01
1.1443524E-07,-1.4958819E-01
1.1448524E-07,-1.4953548E-01
1.1453524E-07,-1.4948277E-01
1.1458524E-07,-1.4943006E-01
1.1463524E-07,-1.4937735E-01
1.1468524E-07,-1.4932464E-01
1.1473524E-07,-1.4927194E-01
1.1478524E-07,-1.4916652E-01
1.1483524E-07,-1.4911381E-01
1.1488524E-07,-1.4906110E-01
1.1493524E-07,-1.4895568E-01
1.1498524E-07,-1.4890297E-01
1.1503524E-07,-1.4885026E-01
1.1508524E-07,-1.4879755E-01
1.1513524E-07,-1.4874485E-01
1.1518524E-07,-1.4869214E-01
1.1523524E-07,-1.4863943E-01
1.1528524E-07,-1.4858672E-01
1.1533524E-07,-1.4858672E-01
1.1538524E-07,-1.4853401E-01
1.1543524E-07,-1.4853401E-01
1.1548524E-07,-1.4853401E-01
1.1553524E-07,-1.4853401E-01
1.1558524E-07,-1.4853401E-01
1.1563524E-07,-1.4853401E-01
1.1568524E-07,-1.4858672E-01
1.1573524E-07,-1.4858672E-01
1.1578524E-07,-1.4863943E-01
1.1583524E-07,-1.4863943E-01
1.1588524E-07,-1.4869214E-01
1.1593524E-07,-1.4874485E-01
1.1598524E-07,-1.4879755E-01
1.1603524E-07,-1.4885026E-01
1.1608524E-07,-1.4885026E-01
1.1613524E-07,-1.4890297E-01
1.1618524E-07,-1.4895568E-01
1.1623524E-07,-1.4900839E-01
1.1628524E-07,-1.4900839E-01
1.1633524E-07,-1.4906110E-01
1.1638524E-07,-1.4911381E-01
1.1643524E-07,-1.4911381E-01
1.1648524E-07,-1.4911381E-01
1.1653524E-07,-1.4916652E-01
1.1658524E-07,-1.4916652E-01
1.1663524E-07,-1.4916652E-01
1.1668524E-07,-1.4916652E-01
1.1673524E-07,-1.4911381E-01
1.1678524E-07,-1.4911381E-01
1.1683524E-07,-1.4911381E-01
1.1688524E-07,-1.4906110E-01
1.1693524E-07,-1.4906110E-01
1.1698524E-07,-1.4900839E-01
1.1703524E-07,-1.4900839E-01
1.1708524E-07,-1.4900839E-01
1.1713524E-07,-1.4895568E-01
1.1718524E-07,-1.4895568E-01
1.1723524E-07,-1.4890297E-01
1.1728524E-07,-1.4890297E-01
1.1733524E-07,-1.4890297E-01
1.1738524E-07,-1.4890297E-01
1.1743524E-07,-1.4890297E-01
1.1748524E-07,-1.4890297E-01
1.1753524E-07,-1.4890297E-01
1.1758524E-07,-1.4895568E-01
1.1763524E-07,-1.4895568E-01
1.1768524E-07,-1.4900839E-01
1.1773524E-07,-1.4906110E-01
1.1778524E-07,-1.4906110E-01
1.1783524E-07,-1.4911381E-01
1.1788524E-07,-1.4921923E-01
1.1793524E-07,-1.4927194E-01
1.1798524E-07,-1.4932464E-01
1.1803524E-07,-1.4937735E-01
1.1808524E-07,-1.4948277E-01
1.1813524E-07,-1.4953548E-01
1.1818524E-07,-1.4964090E-01
1.1823524E-07,-1.4969361E-01
1.1828524E-07,-1.4979903E-01
1.1833524E-07,-1.4985173E-01
1.1838524E-07,-1.4990444E-01
1.1843524E-07,-1.5000986E-01
1.1848524E-07,-1.5006257E-01
1.1853524E-07,-1.5011528E-01
1.1858524E-07,-1.5016799E-01
1.1863524E-07,-1.5022070E-01
1.1868524E-07,-1.5022070E-01
1.1873524E-07,-1.5027341E-01
1.1878524E-07,-1.5027341E-01
1.1883524E-07,-1.5027341E-01
1.1888524E-07,-1.5027341E-01
1.1893524E-07,-1.5027341E-01
1.1898524E-07,-1.5027341E-01
1.1903524E-07,-1.5027341E-01
1.1908524E-07,-1.5022070E-01
1.1913524E-07,-1.5016799E-01
1.1918524E-07,-1.5016799E-01
1.1923524E-07,-1.5011528E-01
1.1928524E-07,-1.5006257E-01
1.1933524E-07,-1.5000986E-01
1.1938524E-07,-1.4995715E-01
1.1943524E-07,-1.4990444E-01
1.1948524E-07,-1.4985173E-01
1.1953524E-07,-1.4979903E-01
1.1958524E-07,-1.4974632E-01
1.1963524E-07,-1.4969361E-01
1.1968524E-07,-1.4964090E-01
1.1973524E-07,-1.4958819E-01
1.1978524E-07,-1.4953548E-01
1.1983524E-07,-1.4948277E-01
1.1988524E-07,-1.4948277E-01
1.1993524E-07,-1.4943006E-01
1.1998524E-07,-1.4943006E-01
1.2003524E-07,-1.4937735E-01
1.2008524E-07,-1.4937735E-01
1.2013524E-07,-1.4937735E-01
1.2018524E-07,-1.4937735E-01
1.2023524E-07,-1.4937735E-01
1.2028524E-07,-1.4937735E-01
1.2033524E-07,-1.4937735E-01
1.2038524E-07,-1.4937735E-01
1.2043524E-07,-1.4937735E-01
1.2048524E-07,-1.4937735E-01
1.2053524E-07,-1.4943006E-01
1.2058524E-07,-1.4943006E-01
1.2063524E-07,-1.4943006E-01
1.2068524E-07,-1.4943006E-01
1.2073524E-07,-1.4943006E-01
1.2078524E-07,-1.4948277E-01
1.2083524E-07,-1.4948277E-01
1.2088524E-07,-1.4948277E-01
1.2093524E-07,-1.4948277E-01
1.2098524E-07,-1.4948277E-01
1.2103524E-07,-1.4948277E-01
1.2108524E-07,-1.4948277E-01
1.2113524E-07,-1.4948277E-01
1.2118524E-07,-1.4948277E-01
1.2123524E-07,-1.4948277E-01
1.2128524E-07,-1.4943006E-01
1.2133524E-07,-1.4943006E-01
1.2138524E-07,-1.4943006E-01
1.2143524E-07,-1.4943006E-01
1.2148524E-07,-1.4943006E-01
1.2153524E-07,-1.4937735E-01
1.2158524E-07,-1.4937735E-01
1.2163524E-07,-1.4937735E-01
1.2168524E-07,-1.4937735E-01
1.2173524E-07,-1.4937735E-01
1.2178524E-07,-1.4932464E-01
1.2183524E-07,-1.4932464E-01
1.2188524E-07,-1.4932464E-01
1.2193524E-07,-1.4932464E-01
1.2198524E-07,-1.4932464E-01
1.2203524E-07,-1.4932464E-01
1.2208524E-07,-1.4932464E-01
1.2213524E-07,-1.4937735E-01
1.2218524E-07,-1.4937735E-01
1.2223524E-07,-1.4937735E-01
1.2228524E-07,-1.4937735E-01
1.2233524E-07,-1.4943006E-01
1.2238524E-07,-1.4943006E-01
1.2243524E-07,-1.4943006E-01
1.2248524E-07,-1.4948277E-01
1.2253524E-07,-1.4948277E-01
1.2258524E-07,-1.4948277E-01
1.2263524E-07,-1.4953548E-01
1.2268524E-07,-1.4953548E-01
1.2273524E-07,-1.4953548E-01
1.2278524E-07,-1.4958819E-01
1.2283524E-07,-1.4958819E-01
1.2288524E-07,-1.4958819E-01
1.2293524E-07,-1.4958819E-01
1.2298524E-07,-1.4964090E-01
1.2303524E-07,-1.4964090E-01
1.2308524E-07,-1.4964090E-01
1.2313524E-07,-1.4964090E-01
1.2318524E-07,-1.4964090E-01
1.2323524E-07,-1.4964090E-01
1.2328524E-07,-1.4964090E-01
1.2333524E-07,-1.4964090E-01
1.2338524E-07,-1.4958819E-01
1.2343524E-07,-1.4958819E-01
1.2348524E-07,-1.4958819E-01
1.2353524E-07,-1.4958819E-01
1.2358524E-07,-1.4953548E-01
1.2363524E-07,-1.4953548E-01
1.2368524E-07,-1.4953548E-01
1.2373524E-07,-1.4948277E-01
1.2378524E-07,-1.4948277E-01
1.2383524E-07,-1.4943006E-01
1.2388524E-07,-1.4943006E-01
1.2393524E-07,-1.4937735E-01
1.2398524E-07,-1.4937735E-01
1.2403524E-07,-1.4932464E-01
1.2408524E-07,-1.4932464E-01
1.2413524E-07,-1.4932464E-01
1.2418524E-07,-1.4927194E-01
1.2423524E-07,-1.4927194E-01
1.2428524E-07,-1.4921923E-01
1.2433524E-07,-1.4921923E-01
1.2438524E-07,-1.4921923E-01
1.2443524E-07,-1.4916652E-01
1.2448524E-07,-1.4916652E-01
1.2453524E-07,-1.4916652E-01
1.2458524E-07,-1.4911381E-01
1.2463524E-07,-1.4911381E-01
1.2468524E-07,-1.4911381E-01
1.2473524E-07,-1.4911381E-01
1.2478524E-07,-1.4911381E-01
1.2483524E-07,-1.4911381E-01
1.2488524E-07,-1.4906110E-01
1.2493524E-07,-1.4906110E-01
1.2498524E-07,-1.4906110E-01
1.2503524E-07,-1.4906110E-01
1.2508524E-07,-1.4906110E-01
1.2513524E-07,-1.4906110E-01
1.2518524E-07,-1.4906110E-01
1.2523524E-07,-1.4906110E-01
1.2528524E-07,-1.4906110E-01
1.2533524E-07,-1.4900839E-01
1.2538524E-07,-1.4900839E-01
1.2543524E-07,-1.4900839E-01
1.2548524E-07,-1.4900839E-01
1.2553524E-07,-1.4900839E-01
1.2558524E-07,-1.4900839E-01
1.2563524E-07,-1.4900839E-01
1.2568524E-07,-1.4900839E-01
1.2573524E-07,-1.4900839E-01
1.2578524E-07,-1.4900839E-01
1.2583524E-07,-1.4900839E-01
1.2588524E-07,-1.4895568E-01
1.2593524E-07,-1.4895568E-01
1.2598524E-07,-1.4895568E-01
1.2603524E-07,-1.4895568E-01
1.2608524E-07,-1.4895568E-01
1.2613524E-07,-1.4890297E-01
1.2618524E-07,-1.4890297E-01
1.2623524E-07,-1.4890297E-01
1.2628524E-07,-1.4890297E-01
1.2633524E-07,-1.4885026E-01
1.2638524E-07,-1.4885026E-01
1.2643524E-07,-1.4879755E-01
1.2648524E-07,-1.4879755E-01
1.2653524E-07,-1.4879755E-01
1.2658524E-07,-1.4874485E-01
1.2663524E-07,-1.4874485E-01
1.2668524E-07,-1.4869214E-01
1.2673524E-07,-1.4869214E-01
1.2678524E-07,-1.4869214E-01
1.2683524E-07,-1.4863943E-01
1.2688524E-07,-1.4863943E-01
1.2693524E-07,-1.4858672E-01
1.2698524E-07,-1.4858672E-01
1.2703524E-07,-1.4858672E-01
1.2708524E-07,-1.4853401E-01
1.2713524E-07,-1.4853401E-01
1.2718524E-07,-1.4853401E-01
1.2723524E-07,-1.4848130E-01
1.2728524E-07,-1.4848130E-01
1.2733524E-07,-1.4848130E-01
1.2738524E-07,-1.4848130E-01
1.2743524E-07,-1.4842859E-01
1.2748524E-07,-1.4842859E-01
1.2753524E-07,-1.4842859E-01
1.2758524E-07,-1.4842859E-01
1.2763524E-07,-1.4842859E-01
1.2768524E-07,-1.4842859E-01
1.2773524E-07,-1.4842859E-01
1.2778524E-07,-1.4842859E-01
1.2783524E-07,-1.4842859E-01
1.2788524E-07,-1.4842859E-01
1.2793524E-07,-1.4842859E-01
1.2798524E-07,-1.4842859E-01
1.2803524E-07,-1.4842859E-01
1.2808524E-07,-1.4848130E-01
1.2813524E-07,-1.4848130E-01
1.2818524E-07,-1.4848130E-01
1.2823524E-07,-1.4848130E-01
1.2828524E-07,-1.4848130E-01
1.2833524E-07,-1.4853401E-01
1.2838524E-07,-1.4853401E-01
1.2843524E-07,-1.4853401E-01
1.2848524E-07,-1.4853401E-01
1.2853524E-07,-1.4853401E-01
1.2858524E-07,-1.4858672E-01
1.2863524E-07,-1.4858672E-01
1.2868524E-07,-1.4858672E-01
