-7.141440E-08,-1.4953548E-01
-7.136440E-08,-1.4958819E-01
-7.131440E-08,-1.4958819E-01
-7.126440E-08,-1.4958819E-01
-7.121440E-08,-1.4964090E-01
-7.116440E-08,-1.4964090E-01
-7.111440E-08,-1.4969361E-01
-7.106440E-08,-1.4969361E-01
-7.101440E-08,-1.4974632E-01
-7.096440E-08,-1.4974632E-01
-7.091440E-08,-1.4979903E-01
-7.086440E-08,-1.4979903E-01
-7.081440E-08,-1.4985173E-01
-7.076440E-08,-1.4985173E-01
-7.071440E-08,-1.4990444E-01
-7.066440E-08,-1.4990444E-01
-7.061440E-08,-1.4990444E-01
-7.056440E-08,-1.4995715E-01
-7.051440E-08,-1.4995715E-01
-7.046440E-08,-1.4995715E-01
-7.041440E-08,-1.4995715E-01
-7.036440E-08,-1.4995715E-01
-7.031440E-08,-1.4995715E-01
-7.026440E-08,-1.4995715E-01
-7.021440E-08,-1.4995715E-01
-7.016440E-08,-1.4995715E-01
-7.011440E-08,-1.4995715E-01
-7.006440E-08,-1.4995715E-01
-7.001440E-08,-1.4995715E-01
-6.996440E-08,-1.4995715E-01
-6.991440E-08,-1.4995715E-01
-6.986440E-08,-1.4995715E-01
-6.981440E-08,-1.4995715E-01
-6.976440E-08,-1.4995715E-01
-6.971440E-08,-1.4995715E-01
-6.966440E-08,-1.4995715E-01
-6.961440E-08,-1.4995715E-01
-6.956440E-08,-1.4995715E-01
-6.951440E-08,-1.4995715E-01
-6.946440E-08,-1.5000986E-01
-6.941440E-08,-1.5000986E-01
-6.936440E-08,-1.5000986E-01
-6.931440E-08,-1.5000986E-01
-6.926440E-08,-1.5006257E-01
-6.921440E-08,-1.5006257E-01
-6.916440E-08,-1.5006257E-01
-6.911440E-08,-1.5011528E-01
-6.906440E-08,-1.5011528E-01
-6.901440E-08,-1.5011528E-01
-6.896440E-08,-1.5011528E-01
-6.891440E-08,-1.5011528E-01
-6.886440E-08,-1.5011528E-01
-6.881440E-08,-1.5011528E-01
-6.876440E-08,-1.5011528E-01
-6.871440E-08,-1.5011528E-01
-6.866440E-08,-1.5006257E-01
-6.861440E-08,-1.5006257E-01
-6.856440E-08,-1.5000986E-01
-6.851440E-08,-1.4995715E-01
-6.846440E-08,-1.4995715E-01
-6.841440E-08,-1.4990444E-01
-6.836440E-08,-1.4985173E-01
-6.831440E-08,-1.4979903E-01
-6.826440E-08,-1.4974632E-01
-6.821440E-08,-1.4969361E-01
-6.816440E-08,-1.4964090E-01
-6.811440E-08,-1.4958819E-01
-6.806440E-08,-1.4953548E-01
-6.801440E-08,-1.4943006E-01
-6.796440E-08,-1.4937735E-01
-6.791440E-08,-1.4932464E-01
-6.786440E-08,-1.4927194E-01
-6.781440E-08,-1.4921923E-01
-6.776440E-08,-1.4916652E-01
-6.771440E-08,-1.4911381E-01
-6.766440E-08,-1.4911381E-01
-6.761440E-08,-1.4906110E-01
-6.756440E-08,-1.4900839E-01
-6.751440E-08,-1.4900839E-01
-6.746440E-08,-1.4900839E-01
-6.741440E-08,-1.4895568E-01
-6.736440E-08,-1.4895568E-01
-6.731440E-08,-1.4895568E-01
-6.726440E-08,-1.4900839E-01
-6.721440E-08,-1.4900839E-01
-6.716440E-08,-1.4900839E-01
-6.711440E-08,-1.4906110E-01
-6.706440E-08,-1.4906110E-01
-6.701440E-08,-1.4911381E-01
-6.696440E-08,-1.4911381E-01
-6.691440E-08,-1.4916652E-01
-6.686440E-08,-1.4921923E-01
-6.681440E-08,-1.4921923E-01
-6.676440E-08,-1.4927194E-01
-6.671440E-08,-1.4932464E-01
-6.666440E-08,-1.4932464E-01
-6.661440E-08,-1.4937735E-01
-6.656440E-08,-1.4943006E-01
-6.651440E-08,-1.4943006E-01
-6.646440E-08,-1.4943006E-01
-6.641440E-08,-1.4948277E-01
-6.636440E-08,-1.4948277E-01
-6.631440E-08,-1.4948277E-01
-6.626440E-08,-1.4948277E-01
-6.621440E-08,-1.4948277E-01
-6.616440E-08,-1.4948277E-01
-6.611440E-08,-1.4948277E-01
-6.606440E-08,-1.4948277E-01
-6.601440E-08,-1.4948277E-01
-6.596440E-08,-1.4943006E-01
-6.591440E-08,-1.4943006E-01
-6.586440E-08,-1.4943006E-01
-6.581440E-08,-1.4937735E-01
-6.576440E-08,-1.4937735E-01
-6.571440E-08,-1.4937735E-01
-6.566440E-08,-1.4932464E-01
-6.561440E-08,-1.4932464E-01
-6.556440E-08,-1.4932464E-01
-6.551440E-08,-1.4932464E-01
-6.546440E-08,-1.4932464E-01
-6.541440E-08,-1.4932464E-01
-6.536440E-08,-1.4932464E-01
-6.531440E-08,-1.4932464E-01
-6.526440E-08,-1.4937735E-01
-6.521440E-08,-1.4937735E-01
-6.516440E-08,-1.4943006E-01
-6.511440E-08,-1.4948277E-01
-6.506440E-08,-1.4948277E-01
-6.501440E-08,-1.4953548E-01
-6.496440E-08,-1.4958819E-01
-6.491440E-08,-1.4964090E-01
-6.486440E-08,-1.4969361E-01
-6.481440E-08,-1.4979903E-01
-6.476440E-08,-1.4985173E-01
-6.471440E-08,-1.4990444E-01
-6.466440E-08,-1.4995715E-01
-6.461440E-08,-1.5006257E-01
-6.456440E-08,-1.5011528E-01
-6.451440E-08,-1.5016799E-01
-6.446440E-08,-1.5022070E-01
-6.441440E-08,-1.5027341E-01
-6.436440E-08,-1.5032612E-01
-6.431440E-08,-1.5037883E-01
-6.426440E-08,-1.5037883E-01
-6.421440E-08,-1.5043153E-01
-6.416440E-08,-1.5043153E-01
-6.411440E-08,-1.5048424E-01
-6.406440E-08,-1.5048424E-01
-6.401440E-08,-1.5048424E-01
-6.396440E-08,-1.5048424E-01
-6.391440E-08,-1.5048424E-01
-6.386440E-08,-1.5043153E-01
-6.381440E-08,-1.5043153E-01
-6.376440E-08,-1.5037883E-01
-6.371440E-08,-1.5032612E-01
-6.366440E-08,-1.5027341E-01
-6.361440E-08,-1.5022070E-01
-6.356440E-08,-1.5016799E-01
-6.351440E-08,-1.5011528E-01
-6.346440E-08,-1.5006257E-01
-6.341440E-08,-1.5000986E-01
-6.336440E-08,-1.4990444E-01
-6.331440E-08,-1.4985173E-01
-6.326440E-08,-1.4979903E-01
-6.321440E-08,-1.4974632E-01
-6.316440E-08,-1.4969361E-01
-6.311440E-08,-1.4964090E-01
-6.306440E-08,-1.4958819E-01
-6.301440E-08,-1.4953548E-01
-6.296440E-08,-1.4948277E-01
-6.291440E-08,-1.4943006E-01
-6.286440E-08,-1.4937735E-01
-6.281440E-08,-1.4937735E-01
-6.276440E-08,-1.4932464E-01
-6.271440E-08,-1.4932464E-01
-6.266440E-08,-1.4932464E-01
-6.261440E-08,-1.4927194E-01
-6.256440E-08,-1.4927194E-01
-6.251440E-08,-1.4927194E-01
-6.246440E-08,-1.4932464E-01
-6.241440E-08,-1.4932464E-01
-6.236440E-08,-1.4932464E-01
-6.231440E-08,-1.4932464E-01
-6.226440E-08,-1.4937735E-01
-6.221440E-08,-1.4937735E-01
-6.216440E-08,-1.4943006E-01
-6.211440E-08,-1.4943006E-01
-6.206440E-08,-1.4948277E-01
-6.201440E-08,-1.4948277E-01
-6.196440E-08,-1.4953548E-01
-6.191440E-08,-1.4953548E-01
-6.186440E-08,-1.4953548E-01
-6.181440E-08,-1.4958819E-01
-6.176440E-08,-1.4958819E-01
-6.171440E-08,-1.4958819E-01
-6.166440E-08,-1.4964090E-01
-6.161440E-08,-1.4964090E-01
-6.156440E-08,-1.4964090E-01
-6.151440E-08,-1.4964090E-01
-6.146440E-08,-1.4964090E-01
-6.141440E-08,-1.4964090E-01
-6.136440E-08,-1.4964090E-01
-6.131440E-08,-1.4964090E-01
-6.126440E-08,-1.4964090E-01
-6.121440E-08,-1.4964090E-01
-6.116440E-08,-1.4964090E-01
-6.111440E-08,-1.4964090E-01
-6.106440E-08,-1.4964090E-01
-6.101440E-08,-1.4964090E-01
-6.096440E-08,-1.4964090E-01
-6.091440E-08,-1.4964090E-01
-6.086440E-08,-1.4964090E-01
-6.081440E-08,-1.4964090E-01
-6.076440E-08,-1.4958819E-01
-6.071440E-08,-1.4958819E-01
-6.066440E-08,-1.4958819E-01
-6.061440E-08,-1.4964090E-01
-6.056440E-08,-1.4964090E-01
-6.051440E-08,-1.4964090E-01
-6.046440E-08,-1.4964090E-01
-6.041440E-08,-1.4964090E-01
-6.036440E-08,-1.4964090E-01
-6.031440E-08,-1.4964090E-01
-6.026440E-08,-1.4964090E-01
-6.021440E-08,-1.4969361E-01
-6.016440E-08,-1.4969361E-01
-6.011440E-08,-1.4969361E-01
-6.006440E-08,-1.4969361E-01
-6.001440E-08,-1.4974632E-01
-5.996440E-08,-1.4974632E-01
-5.991440E-08,-1.4974632E-01
-5.986440E-08,-1.4974632E-01
-5.981440E-08,-1.4974632E-01
-5.976440E-08,-1.4979903E-01
-5.971440E-08,-1.4979903E-01
-5.966440E-08,-1.4979903E-01
-5.961440E-08,-1.4979903E-01
-5.956440E-08,-1.4979903E-01
-5.951440E-08,-1.4979903E-01
-5.946440E-08,-1.4979903E-01
-5.941440E-08,-1.4974632E-01
-5.936440E-08,-1.4974632E-01
-5.931440E-08,-1.4974632E-01
-5.926440E-08,-1.4974632E-01
-5.921440E-08,-1.4974632E-01
-5.916440E-08,-1.4969361E-01
-5.911440E-08,-1.4969361E-01
-5.906440E-08,-1.4969361E-01
-5.901440E-08,-1.4964090E-01
-5.896440E-08,-1.4964090E-01
-5.891440E-08,-1.4964090E-01
-5.886440E-08,-1.4958819E-01
-5.881440E-08,-1.4958819E-01
-5.876440E-08,-1.4958819E-01
-5.871440E-08,-1.4953548E-01
-5.866440E-08,-1.4953548E-01
-5.861440E-08,-1.4948277E-01
-5.856440E-08,-1.4948277E-01
-5.851440E-08,-1.4948277E-01
-5.846440E-08,-1.4948277E-01
-5.841440E-08,-1.4943006E-01
-5.836440E-08,-1.4943006E-01
-5.831440E-08,-1.4943006E-01
-5.826440E-08,-1.4943006E-01
-5.821440E-08,-1.4937735E-01
-5.816440E-08,-1.4937735E-01
-5.811440E-08,-1.4937735E-01
-5.806440E-08,-1.4937735E-01
-5.801440E-08,-1.4932464E-01
-5.796440E-08,-1.4932464E-01
-5.791440E-08,-1.4932464E-01
-5.786440E-08,-1.4927194E-01
-5.781440E-08,-1.4927194E-01
-5.776440E-08,-1.4927194E-01
-5.771440E-08,-1.4921923E-01
-5.766440E-08,-1.4921923E-01
-5.761440E-08,-1.4916652E-01
-5.756440E-08,-1.4911381E-01
-5.751440E-08,-1.4911381E-01
-5.746440E-08,-1.4906110E-01
-5.741440E-08,-1.4900839E-01
-5.736440E-08,-1.4900839E-01
-5.731440E-08,-1.4895568E-01
-5.726440E-08,-1.4890297E-01
-5.721440E-08,-1.4885026E-01
-5.716440E-08,-1.4879755E-01
-5.711440E-08,-1.4879755E-01
-5.706440E-08,-1.4874485E-01
-5.701440E-08,-1.4869214E-01
-5.696440E-08,-1.4863943E-01
-5.691440E-08,-1.4863943E-01
-5.686440E-08,-1.4858672E-01
-5.681440E-08,-1.4853401E-01
-5.676440E-08,-1.4853401E-01
-5.671440E-08,-1.4848130E-01
-5.666440E-08,-1.4848130E-01
-5.661440E-08,-1.4848130E-01
-5.656440E-08,-1.4842859E-01
-5.651440E-08,-1.4842859E-01
-5.646440E-08,-1.4842859E-01
-5.641440E-08,-1.4842859E-01
-5.636440E-08,-1.4842859E-01
-5.631440E-08,-1.4848130E-01
-5.626440E-08,-1.4848130E-01
-5.621440E-08,-1.4848130E-01
-5.616440E-08,-1.4853401E-01
-5.611440E-08,-1.4858672E-01
-5.606440E-08,-1.4858672E-01
-5.601440E-08,-1.4863943E-01
-5.596440E-08,-1.4869214E-01
-5.591440E-08,-1.4874485E-01
-5.586440E-08,-1.4879755E-01
-5.581440E-08,-1.4885026E-01
-5.576440E-08,-1.4890297E-01
-5.571440E-08,-1.4895568E-01
-5.566440E-08,-1.4900839E-01
-5.561440E-08,-1.4906110E-01
-5.556440E-08,-1.4906110E-01
-5.551440E-08,-1.4911381E-01
-5.546440E-08,-1.4916652E-01
-5.541440E-08,-1.4921923E-01
-5.536440E-08,-1.4927194E-01
-5.531440E-08,-1.4932464E-01
-5.526440E-08,-1.4932464E-01
-5.521440E-08,-1.4937735E-01
-5.516440E-08,-1.4937735E-01
-5.511440E-08,-1.4943006E-01
-5.506440E-08,-1.4943006E-01
-5.501440E-08,-1.4948277E-01
-5.496440E-08,-1.4948277E-01
-5.491440E-08,-1.4948277E-01
-5.486440E-08,-1.4948277E-01
-5.481440E-08,-1.4948277E-01
-5.476440E-08,-1.4953548E-01
-5.471440E-08,-1.4953548E-01
-5.466440E-08,-1.4953548E-01
-5.461440E-08,-1.4953548E-01
-5.456440E-08,-1.4953548E-01
-5.451440E-08,-1.4953548E-01
-5.446440E-08,-1.4953548E-01
-5.441440E-08,-1.4953548E-01
-5.436440E-08,-1.4953548E-01
-5.431440E-08,-1.4953548E-01
-5.426440E-08,-1.4953548E-01
-5.421440E-08,-1.4953548E-01
-5.416440E-08,-1.4958819E-01
-5.411440E-08,-1.4958819E-01
-5.406440E-08,-1.4958819E-01
-5.401440E-08,-1.4958819E-01
-5.396440E-08,-1.4964090E-01
-5.391440E-08,-1.4964090E-01
-5.386440E-08,-1.4969361E-01
-5.381440E-08,-1.4969361E-01
-5.376440E-08,-1.4969361E-01
-5.371440E-08,-1.4974632E-01
-5.366440E-08,-1.4974632E-01
-5.361440E-08,-1.4974632E-01
-5.356440E-08,-1.4979903E-01
-5.351440E-08,-1.4979903E-01
-5.346440E-08,-1.4979903E-01
-5.341440E-08,-1.4979903E-01
-5.336440E-08,-1.4979903E-01
-5.331440E-08,-1.4979903E-01
-5.326440E-08,-1.4979903E-01
-5.321440E-08,-1.4979903E-01
-5.316440E-08,-1.4979903E-01
-5.311440E-08,-1.4979903E-01
-5.306440E-08,-1.4974632E-01
-5.301440E-08,-1.4974632E-01
-5.296440E-08,-1.4974632E-01
-5.291440E-08,-1.4969361E-01
-5.286440E-08,-1.4969361E-01
-5.281440E-08,-1.4964090E-01
-5.276440E-08,-1.4958819E-01
-5.271440E-08,-1.4958819E-01
-5.266440E-08,-1.4953548E-01
-5.261440E-08,-1.4948277E-01
-5.256440E-08,-1.4943006E-01
-5.251440E-08,-1.4943006E-01
-5.246440E-08,-1.4937735E-01
-5.241440E-08,-1.4932464E-01
-5.236440E-08,-1.4932464E-01
-5.231440E-08,-1.4927194E-01
-5.226440E-08,-1.4927194E-01
-5.221440E-08,-1.4921923E-01
-5.216440E-08,-1.4921923E-01
-5.211440E-08,-1.4916652E-01
-5.206440E-08,-1.4916652E-01
-5.201440E-08,-1.4916652E-01
-5.196440E-08,-1.4916652E-01
-5.191440E-08,-1.4916652E-01
-5.186440E-08,-1.4916652E-01
-5.181440E-08,-1.4921923E-01
-5.176440E-08,-1.4921923E-01
-5.171440E-08,-1.4921923E-01
-5.166440E-08,-1.4927194E-01
-5.161440E-08,-1.4927194E-01
-5.156440E-08,-1.4932464E-01
-5.151440E-08,-1.4932464E-01
-5.146440E-08,-1.4937735E-01
-5.141440E-08,-1.4943006E-01
-5.136440E-08,-1.4943006E-01
-5.131440E-08,-1.4948277E-01
-5.126440E-08,-1.4953548E-01
-5.121440E-08,-1.4958819E-01
-5.116440E-08,-1.4958819E-01
-5.111440E-08,-1.4964090E-01
-5.106440E-08,-1.4964090E-01
-5.101440E-08,-1.4969361E-01
-5.096440E-08,-1.4969361E-01
-5.091440E-08,-1.4974632E-01
-5.086440E-08,-1.4974632E-01
-5.081440E-08,-1.4974632E-01
-5.076440E-08,-1.4974632E-01
-5.071440E-08,-1.4974632E-01
-5.066440E-08,-1.4974632E-01
-5.061440E-08,-1.4974632E-01
-5.056440E-08,-1.4974632E-01
-5.051440E-08,-1.4969361E-01
-5.046440E-08,-1.4969361E-01
-5.041440E-08,-1.4969361E-01
-5.036440E-08,-1.4964090E-01
-5.031440E-08,-1.4958819E-01
-5.026440E-08,-1.4958819E-01
-5.021440E-08,-1.4953548E-01
-5.016440E-08,-1.4948277E-01
-5.011440E-08,-1.4948277E-01
-5.006440E-08,-1.4943006E-01
-5.001440E-08,-1.4937735E-01
-4.996440E-08,-1.4932464E-01
-4.991440E-08,-1.4932464E-01
-4.986440E-08,-1.4927194E-01
-4.981440E-08,-1.4927194E-01
-4.976440E-08,-1.4921923E-01
-4.971440E-08,-1.4921923E-01
-4.966440E-08,-1.4916652E-01
-4.961440E-08,-1.4916652E-01
-4.956440E-08,-1.4916652E-01
-4.951440E-08,-1.4911381E-01
-4.946440E-08,-1.4911381E-01
-4.941440E-08,-1.4911381E-01
-4.936440E-08,-1.4911381E-01
-4.931440E-08,-1.4911381E-01
-4.926440E-08,-1.4916652E-01
-4.921440E-08,-1.4916652E-01
-4.916440E-08,-1.4916652E-01
-4.911440E-08,-1.4916652E-01
-4.906440E-08,-1.4921923E-01
-4.901440E-08,-1.4921923E-01
-4.896440E-08,-1.4927194E-01
-4.891440E-08,-1.4927194E-01
-4.886440E-08,-1.4932464E-01
-4.881440E-08,-1.4932464E-01
-4.876440E-08,-1.4937735E-01
-4.871440E-08,-1.4937735E-01
-4.866440E-08,-1.4943006E-01
-4.861440E-08,-1.4943006E-01
-4.856440E-08,-1.4948277E-01
-4.851440E-08,-1.4948277E-01
-4.846440E-08,-1.4948277E-01
-4.841440E-08,-1.4953548E-01
-4.836440E-08,-1.4953548E-01
-4.831440E-08,-1.4953548E-01
-4.826440E-08,-1.4953548E-01
-4.821440E-08,-1.4953548E-01
-4.816440E-08,-1.4953548E-01
-4.811440E-08,-1.4953548E-01
-4.806440E-08,-1.4953548E-01
-4.801440E-08,-1.4953548E-01
-4.796440E-08,-1.4948277E-01
-4.791440E-08,-1.4948277E-01
-4.786440E-08,-1.4948277E-01
-4.781440E-08,-1.4948277E-01
-4.776440E-08,-1.4943006E-01
-4.771440E-08,-1.4943006E-01
-4.766440E-08,-1.4943006E-01
-4.761440E-08,-1.4937735E-01
-4.756440E-08,-1.4937735E-01
-4.751440E-08,-1.4932464E-01
-4.746440E-08,-1.4932464E-01
-4.741440E-08,-1.4932464E-01
-4.736440E-08,-1.4932464E-01
-4.731440E-08,-1.4927194E-01
-4.726440E-08,-1.4927194E-01
-4.721440E-08,-1.4927194E-01
-4.716440E-08,-1.4927194E-01
-4.711440E-08,-1.4927194E-01
-4.706440E-08,-1.4927194E-01
-4.701440E-08,-1.4927194E-01
-4.696440E-08,-1.4927194E-01
-4.691440E-08,-1.4927194E-01
-4.686440E-08,-1.4927194E-01
-4.681440E-08,-1.4927194E-01
-4.676440E-08,-1.4932464E-01
-4.671440E-08,-1.4932464E-01
-4.666440E-08,-1.4932464E-01
-4.661440E-08,-1.4932464E-01
-4.656440E-08,-1.4937735E-01
-4.651440E-08,-1.4937735E-01
-4.646440E-08,-1.4937735E-01
-4.641440E-08,-1.4937735E-01
-4.636440E-08,-1.4943006E-01
-4.631440E-08,-1.4943006E-01
-4.626440E-08,-1.4943006E-01
-4.621440E-08,-1.4943006E-01
-4.616440E-08,-1.4943006E-01
-4.611440E-08,-1.4943006E-01
-4.606440E-08,-1.4943006E-01
-4.601440E-08,-1.4943006E-01
-4.596440E-08,-1.4943006E-01
-4.591440E-08,-1.4943006E-01
-4.586440E-08,-1.4943006E-01
-4.581440E-08,-1.4943006E-01
-4.576440E-08,-1.4943006E-01
-4.571440E-08,-1.4943006E-01
-4.566440E-08,-1.4937735E-01
-4.561440E-08,-1.4937735E-01
-4.556440E-08,-1.4937735E-01
-4.551440E-08,-1.4937735E-01
-4.546440E-08,-1.4932464E-01
-4.541440E-08,-1.4932464E-01
-4.536440E-08,-1.4932464E-01
-4.531440E-08,-1.4932464E-01
-4.526440E-08,-1.4932464E-01
-4.521440E-08,-1.4927194E-01
-4.516440E-08,-1.4927194E-01
-4.511440E-08,-1.4927194E-01
-4.506440E-08,-1.4927194E-01
-4.501440E-08,-1.4927194E-01
-4.496440E-08,-1.4927194E-01
-4.491440E-08,-1.4927194E-01
-4.486440E-08,-1.4927194E-01
-4.481440E-08,-1.4927194E-01
-4.476440E-08,-1.4927194E-01
-4.471440E-08,-1.4927194E-01
-4.466440E-08,-1.4927194E-01
-4.461440E-08,-1.4927194E-01
-4.456440E-08,-1.4932464E-01
-4.451440E-08,-1.4932464E-01
-4.446440E-08,-1.4932464E-01
-4.441440E-08,-1.4932464E-01
-4.436440E-08,-1.4932464E-01
-4.431440E-08,-1.4932464E-01
-4.426440E-08,-1.4932464E-01
-4.421440E-08,-1.4932464E-01
-4.416440E-08,-1.4932464E-01
-4.411440E-08,-1.4932464E-01
-4.406440E-08,-1.4932464E-01
-4.401440E-08,-1.4932464E-01
-4.396440E-08,-1.4932464E-01
-4.391440E-08,-1.4932464E-01
-4.386440E-08,-1.4932464E-01
-4.381440E-08,-1.4927194E-01
-4.376440E-08,-1.4927194E-01
-4.371440E-08,-1.4927194E-01
-4.366440E-08,-1.4927194E-01
-4.361440E-08,-1.4927194E-01
-4.356440E-08,-1.4921923E-01
-4.351440E-08,-1.4921923E-01
-4.346440E-08,-1.4921923E-01
-4.341440E-08,-1.4921923E-01
-4.336440E-08,-1.4921923E-01
-4.331440E-08,-1.4921923E-01
-4.326440E-08,-1.4916652E-01
-4.321440E-08,-1.4916652E-01
-4.316440E-08,-1.4916652E-01
-4.311440E-08,-1.4916652E-01
-4.306440E-08,-1.4916652E-01
-4.301440E-08,-1.4916652E-01
-4.296440E-08,-1.4916652E-01
-4.291440E-08,-1.4921923E-01
-4.286440E-08,-1.4921923E-01
-4.281440E-08,-1.4921923E-01
-4.276440E-08,-1.4921923E-01
-4.271440E-08,-1.4921923E-01
-4.266440E-08,-1.4921923E-01
-4.261440E-08,-1.4927194E-01
-4.256440E-08,-1.4927194E-01
-4.251440E-08,-1.4927194E-01
-4.246440E-08,-1.4927194E-01
-4.241440E-08,-1.4927194E-01
-4.236440E-08,-1.4927194E-01
-4.231440E-08,-1.4932464E-01
-4.226440E-08,-1.4932464E-01
-4.221440E-08,-1.4927194E-01
-4.216440E-08,-1.4927194E-01
-4.211440E-08,-1.4927194E-01
-4.206440E-08,-1.4927194E-01
-4.201440E-08,-1.4927194E-01
-4.196440E-08,-1.4921923E-01
-4.191440E-08,-1.4921923E-01
-4.186440E-08,-1.4916652E-01
-4.181440E-08,-1.4916652E-01
-4.176440E-08,-1.4911381E-01
-4.171440E-08,-1.4911381E-01
-4.166440E-08,-1.4906110E-01
-4.161440E-08,-1.4906110E-01
-4.156440E-08,-1.4900839E-01
-4.151440E-08,-1.4895568E-01
-4.146440E-08,-1.4895568E-01
-4.141440E-08,-1.4890297E-01
-4.136440E-08,-1.4885026E-01
-4.131440E-08,-1.4885026E-01
-4.126440E-08,-1.4879755E-01
-4.121440E-08,-1.4879755E-01
-4.116440E-08,-1.4874485E-01
-4.111440E-08,-1.4874485E-01
-4.106440E-08,-1.4869214E-01
-4.101440E-08,-1.4869214E-01
-4.096440E-08,-1.4869214E-01
-4.091440E-08,-1.4869214E-01
-4.086440E-08,-1.4869214E-01
-4.081440E-08,-1.4869214E-01
-4.076440E-08,-1.4869214E-01
-4.071440E-08,-1.4869214E-01
-4.066440E-08,-1.4874485E-01
-4.061440E-08,-1.4874485E-01
-4.056440E-08,-1.4874485E-01
-4.051440E-08,-1.4879755E-01
-4.046440E-08,-1.4879755E-01
-4.041440E-08,-1.4885026E-01
-4.036440E-08,-1.4890297E-01
-4.031440E-08,-1.4890297E-01
-4.026440E-08,-1.4895568E-01
-4.021440E-08,-1.4900839E-01
-4.016440E-08,-1.4900839E-01
-4.011440E-08,-1.4906110E-01
-4.006440E-08,-1.4906110E-01
-4.001440E-08,-1.4911381E-01
-3.996440E-08,-1.4911381E-01
-3.991440E-08,-1.4916652E-01
-3.986440E-08,-1.4916652E-01
-3.981440E-08,-1.4921923E-01
-3.976440E-08,-1.4921923E-01
-3.971440E-08,-1.4921923E-01
-3.966440E-08,-1.4921923E-01
-3.961440E-08,-1.4921923E-01
-3.956440E-08,-1.4927194E-01
-3.951440E-08,-1.4927194E-01
-3.946440E-08,-1.4921923E-01
-3.941440E-08,-1.4921923E-01
-3.936440E-08,-1.4921923E-01
-3.931440E-08,-1.4921923E-01
-3.926440E-08,-1.4921923E-01
-3.921440E-08,-1.4916652E-01
-3.916440E-08,-1.4916652E-01
-3.911440E-08,-1.4911381E-01
-3.906440E-08,-1.4911381E-01
-3.901440E-08,-1.4906110E-01
-3.896440E-08,-1.4906110E-01
-3.891440E-08,-1.4900839E-01
-3.886440E-08,-1.4900839E-01
-3.881440E-08,-1.4895568E-01
-3.876440E-08,-1.4895568E-01
-3.871440E-08,-1.4890297E-01
-3.866440E-08,-1.4890297E-01
-3.861440E-08,-1.4885026E-01
-3.856440E-08,-1.4885026E-01
-3.851440E-08,-1.4885026E-01
-3.846440E-08,-1.4879755E-01
-3.841440E-08,-1.4879755E-01
-3.836440E-08,-1.4874485E-01
-3.831440E-08,-1.4874485E-01
-3.826440E-08,-1.4874485E-01
-3.821440E-08,-1.4874485E-01
-3.816440E-08,-1.4869214E-01
-3.811440E-08,-1.4869214E-01
-3.806440E-08,-1.4869214E-01
-3.801440E-08,-1.4869214E-01
-3.796440E-08,-1.4863943E-01
-3.791440E-08,-1.4863943E-01
-3.786440E-08,-1.4863943E-01
-3.781440E-08,-1.4863943E-01
-3.776440E-08,-1.4863943E-01
-3.771440E-08,-1.4863943E-01
-3.766440E-08,-1.4863943E-01
-3.761440E-08,-1.4863943E-01
-3.756440E-08,-1.4863943E-01
-3.751440E-08,-1.4863943E-01
-3.746440E-08,-1.4863943E-01
-3.741440E-08,-1.4869214E-01
-3.736440E-08,-1.4869214E-01
-3.731440E-08,-1.4869214E-01
-3.726440E-08,-1.4869214E-01
-3.721440E-08,-1.4874485E-01
-3.716440E-08,-1.4874485E-01
-3.711440E-08,-1.4874485E-01
-3.706440E-08,-1.4879755E-01
-3.701440E-08,-1.4879755E-01
-3.696440E-08,-1.4879755E-01
-3.691440E-08,-1.4885026E-01
-3.686440E-08,-1.4885026E-01
-3.681440E-08,-1.4890297E-01
-3.676440E-08,-1.4890297E-01
-3.671440E-08,-1.4895568E-01
-3.666440E-08,-1.4895568E-01
-3.661440E-08,-1.4895568E-01
-3.656440E-08,-1.4900839E-01
-3.651440E-08,-1.4900839E-01
-3.646440E-08,-1.4900839E-01
-3.641440E-08,-1.4906110E-01
-3.636440E-08,-1.4906110E-01
-3.631440E-08,-1.4906110E-01
-3.626440E-08,-1.4911381E-01
-3.621440E-08,-1.4911381E-01
-3.616440E-08,-1.4911381E-01
-3.611440E-08,-1.4911381E-01
-3.606440E-08,-1.4911381E-01
-3.601440E-08,-1.4911381E-01
-3.596440E-08,-1.4911381E-01
-3.591440E-08,-1.4916652E-01
-3.586440E-08,-1.4916652E-01
-3.581440E-08,-1.4916652E-01
-3.576440E-08,-1.4916652E-01
-3.571440E-08,-1.4916652E-01
-3.566440E-08,-1.4916652E-01
-3.561440E-08,-1.4916652E-01
-3.556440E-08,-1.4916652E-01
-3.551440E-08,-1.4921923E-01
-3.546440E-08,-1.4921923E-01
-3.541440E-08,-1.4921923E-01
-3.536440E-08,-1.4921923E-01
-3.531440E-08,-1.4927194E-01
-3.526440E-08,-1.4927194E-01
-3.521440E-08,-1.4932464E-01
-3.516440E-08,-1.4932464E-01
-3.511440E-08,-1.4937735E-01
-3.506440E-08,-1.4937735E-01
-3.501440E-08,-1.4943006E-01
-3.496440E-08,-1.4948277E-01
-3.491440E-08,-1.4948277E-01
-3.486440E-08,-1.4953548E-01
-3.481440E-08,-1.4958819E-01
-3.476440E-08,-1.4964090E-01
-3.471440E-08,-1.4964090E-01
-3.466440E-08,-1.4969361E-01
-3.461440E-08,-1.4974632E-01
-3.456440E-08,-1.4974632E-01
-3.451440E-08,-1.4979903E-01
-3.446440E-08,-1.4985173E-01
-3.441440E-08,-1.4985173E-01
-3.436440E-08,-1.4990444E-01
-3.431440E-08,-1.4990444E-01
-3.426440E-08,-1.4995715E-01
-3.421440E-08,-1.4995715E-01
-3.416440E-08,-1.4995715E-01
-3.411440E-08,-1.4995715E-01
-3.406440E-08,-1.4995715E-01
-3.401440E-08,-1.4995715E-01
-3.396440E-08,-1.4995715E-01
-3.391440E-08,-1.4995715E-01
-3.386440E-08,-1.4990444E-01
-3.381440E-08,-1.4990444E-01
-3.376440E-08,-1.4985173E-01
-3.371440E-08,-1.4985173E-01
-3.366440E-08,-1.4979903E-01
-3.361440E-08,-1.4974632E-01
-3.356440E-08,-1.4974632E-01
-3.351440E-08,-1.4969361E-01
-3.346440E-08,-1.4964090E-01
-3.341440E-08,-1.4958819E-01
-3.336440E-08,-1.4958819E-01
-3.331440E-08,-1.4953548E-01
-3.326440E-08,-1.4948277E-01
-3.321440E-08,-1.4948277E-01
-3.316440E-08,-1.4943006E-01
-3.311440E-08,-1.4943006E-01
-3.306440E-08,-1.4937735E-01
-3.301440E-08,-1.4937735E-01
-3.296440E-08,-1.4937735E-01
-3.291440E-08,-1.4937735E-01
-3.286440E-08,-1.4937735E-01
-3.281440E-08,-1.4937735E-01
-3.276440E-08,-1.4937735E-01
-3.271440E-08,-1.4937735E-01
-3.266440E-08,-1.4943006E-01
-3.261440E-08,-1.4943006E-01
-3.256440E-08,-1.4943006E-01
-3.251440E-08,-1.4948277E-01
-3.246440E-08,-1.4948277E-01
-3.241440E-08,-1.4953548E-01
-3.236440E-08,-1.4953548E-01
-3.231440E-08,-1.4958819E-01
-3.226440E-08,-1.4958819E-01
-3.221440E-08,-1.4964090E-01
-3.216440E-08,-1.4964090E-01
-3.211440E-08,-1.4969361E-01
-3.206440E-08,-1.4969361E-01
-3.201440E-08,-1.4969361E-01
-3.196440E-08,-1.4969361E-01
-3.191440E-08,-1.4969361E-01
-3.186440E-08,-1.4969361E-01
-3.181440E-08,-1.4969361E-01
-3.176440E-08,-1.4969361E-01
-3.171440E-08,-1.4969361E-01
-3.166440E-08,-1.4969361E-01
-3.161440E-08,-1.4964090E-01
-3.156440E-08,-1.4964090E-01
-3.151440E-08,-1.4958819E-01
-3.146440E-08,-1.4958819E-01
-3.141440E-08,-1.4953548E-01
-3.136440E-08,-1.4953548E-01
-3.131440E-08,-1.4948277E-01
-3.126440E-08,-1.4948277E-01
-3.121440E-08,-1.4943006E-01
-3.116440E-08,-1.4937735E-01
-3.111440E-08,-1.4937735E-01
-3.106440E-08,-1.4932464E-01
-3.101440E-08,-1.4932464E-01
-3.096440E-08,-1.4932464E-01
-3.091440E-08,-1.4927194E-01
-3.086440E-08,-1.4927194E-01
-3.081440E-08,-1.4927194E-01
-3.076440E-08,-1.4927194E-01
-3.071440E-08,-1.4921923E-01
-3.066440E-08,-1.4921923E-01
-3.061440E-08,-1.4921923E-01
-3.056440E-08,-1.4927194E-01
-3.051440E-08,-1.4927194E-01
-3.046440E-08,-1.4927194E-01
-3.041440E-08,-1.4927194E-01
-3.036440E-08,-1.4927194E-01
-3.031440E-08,-1.4932464E-01
-3.026440E-08,-1.4932464E-01
-3.021440E-08,-1.4932464E-01
-3.016440E-08,-1.4932464E-01
-3.011440E-08,-1.4937735E-01
-3.006440E-08,-1.4937735E-01
-3.001440E-08,-1.4937735E-01
-2.996440E-08,-1.4937735E-01
-2.991440E-08,-1.4937735E-01
-2.986440E-08,-1.4937735E-01
-2.981440E-08,-1.4937735E-01
-2.976440E-08,-1.4937735E-01
-2.971440E-08,-1.4932464E-01
-2.966440E-08,-1.4932464E-01
-2.961440E-08,-1.4927194E-01
-2.956440E-08,-1.4927194E-01
-2.951440E-08,-1.4921923E-01
-2.946440E-08,-1.4921923E-01
-2.941440E-08,-1.4916652E-01
-2.936440E-08,-1.4911381E-01
-2.931440E-08,-1.4906110E-01
-2.926440E-08,-1.4906110E-01
-2.921440E-08,-1.4900839E-01
-2.916440E-08,-1.4895568E-01
-2.911440E-08,-1.4895568E-01
-2.906440E-08,-1.4890297E-01
-2.901440E-08,-1.4885026E-01
-2.896440E-08,-1.4885026E-01
-2.891440E-08,-1.4879755E-01
-2.886440E-08,-1.4879755E-01
-2.881440E-08,-1.4879755E-01
-2.876440E-08,-1.4879755E-01
-2.871440E-08,-1.4874485E-01
-2.866440E-08,-1.4874485E-01
-2.861440E-08,-1.4874485E-01
-2.856440E-08,-1.4879755E-01
-2.851440E-08,-1.4879755E-01
-2.846440E-08,-1.4879755E-01
-2.841440E-08,-1.4885026E-01
-2.836440E-08,-1.4885026E-01
-2.831440E-08,-1.4885026E-01
-2.826440E-08,-1.4890297E-01
-2.821440E-08,-1.4890297E-01
-2.816440E-08,-1.4895568E-01
-2.811440E-08,-1.4895568E-01
-2.806440E-08,-1.4900839E-01
-2.801440E-08,-1.4900839E-01
-2.796440E-08,-1.4900839E-01
-2.791440E-08,-1.4906110E-01
-2.786440E-08,-1.4906110E-01
-2.781440E-08,-1.4906110E-01
-2.776440E-08,-1.4906110E-01
-2.771440E-08,-1.4906110E-01
-2.766440E-08,-1.4906110E-01
-2.761440E-08,-1.4900839E-01
-2.756440E-08,-1.4900839E-01
-2.751440E-08,-1.4895568E-01
-2.746440E-08,-1.4895568E-01
-2.741440E-08,-1.4890297E-01
-2.736440E-08,-1.4890297E-01
-2.731440E-08,-1.4885026E-01
-2.726440E-08,-1.4879755E-01
-2.721440E-08,-1.4879755E-01
-2.716440E-08,-1.4874485E-01
-2.711440E-08,-1.4869214E-01
-2.706440E-08,-1.4869214E-01
-2.701440E-08,-1.4863943E-01
-2.696440E-08,-1.4863943E-01
-2.691440E-08,-1.4858672E-01
-2.686440E-08,-1.4858672E-01
-2.681440E-08,-1.4858672E-01
-2.676440E-08,-1.4858672E-01
-2.671440E-08,-1.4858672E-01
-2.666440E-08,-1.4858672E-01
-2.661440E-08,-1.4858672E-01
-2.656440E-08,-1.4863943E-01
-2.651440E-08,-1.4863943E-01
-2.646440E-08,-1.4869214E-01
-2.641440E-08,-1.4874485E-01
-2.636440E-08,-1.4879755E-01
-2.631440E-08,-1.4885026E-01
-2.626440E-08,-1.4890297E-01
-2.621440E-08,-1.4895568E-01
-2.616440E-08,-1.4906110E-01
-2.611440E-08,-1.4911381E-01
-2.606440E-08,-1.4916652E-01
-2.601440E-08,-1.4921923E-01
-2.596440E-08,-1.4932464E-01
-2.591440E-08,-1.4937735E-01
-2.586440E-08,-1.4943006E-01
-2.581440E-08,-1.4948277E-01
-2.576440E-08,-1.4953548E-01
-2.571440E-08,-1.4953548E-01
-2.566440E-08,-1.4958819E-01
-2.561440E-08,-1.4964090E-01
-2.556440E-08,-1.4964090E-01
-2.551440E-08,-1.4964090E-01
-2.546440E-08,-1.4964090E-01
-2.541440E-08,-1.4964090E-01
-2.536440E-08,-1.4964090E-01
-2.531440E-08,-1.4958819E-01
-2.526440E-08,-1.4958819E-01
-2.521440E-08,-1.4953548E-01
-2.516440E-08,-1.4948277E-01
-2.511440E-08,-1.4943006E-01
-2.506440E-08,-1.4937735E-01
-2.501440E-08,-1.4932464E-01
-2.496440E-08,-1.4927194E-01
-2.491440E-08,-1.4921923E-01
-2.486440E-08,-1.4916652E-01
-2.481440E-08,-1.4911381E-01
-2.476440E-08,-1.4906110E-01
-2.471440E-08,-1.4906110E-01
-2.466440E-08,-1.4900839E-01
-2.461440E-08,-1.4895568E-01
-2.456440E-08,-1.4890297E-01
-2.451440E-08,-1.4890297E-01
-2.446440E-08,-1.4890297E-01
-2.441440E-08,-1.4885026E-01
-2.436440E-08,-1.4885026E-01
-2.431440E-08,-1.4885026E-01
-2.426440E-08,-1.4890297E-01
-2.421440E-08,-1.4890297E-01
-2.416440E-08,-1.4890297E-01
-2.411440E-08,-1.4895568E-01
-2.406440E-08,-1.4895568E-01
-2.401440E-08,-1.4900839E-01
-2.396440E-08,-1.4906110E-01
-2.391440E-08,-1.4906110E-01
-2.386440E-08,-1.4911381E-01
-2.381440E-08,-1.4916652E-01
-2.376440E-08,-1.4916652E-01
-2.371440E-08,-1.4921923E-01
-2.366440E-08,-1.4927194E-01
-2.361440E-08,-1.4927194E-01
-2.356440E-08,-1.4927194E-01
-2.351440E-08,-1.4932464E-01
-2.346440E-08,-1.4932464E-01
-2.341440E-08,-1.4932464E-01
-2.336440E-08,-1.4932464E-01
-2.331440E-08,-1.4927194E-01
-2.326440E-08,-1.4927194E-01
-2.321440E-08,-1.4921923E-01
-2.316440E-08,-1.4921923E-01
-2.311440E-08,-1.4916652E-01
-2.306440E-08,-1.4911381E-01
-2.301440E-08,-1.4906110E-01
-2.296440E-08,-1.4900839E-01
-2.291440E-08,-1.4895568E-01
-2.286440E-08,-1.4890297E-01
-2.281440E-08,-1.4885026E-01
-2.276440E-08,-1.4879755E-01
-2.271440E-08,-1.4874485E-01
-2.266440E-08,-1.4869214E-01
-2.261440E-08,-1.4863943E-01
-2.256440E-08,-1.4863943E-01
-2.251440E-08,-1.4858672E-01
-2.246440E-08,-1.4853401E-01
-2.241440E-08,-1.4853401E-01
-2.236440E-08,-1.4853401E-01
-2.231440E-08,-1.4848130E-01
-2.226440E-08,-1.4848130E-01
-2.221440E-08,-1.4853401E-01
-2.216440E-08,-1.4853401E-01
-2.211440E-08,-1.4853401E-01
-2.206440E-08,-1.4858672E-01
-2.201440E-08,-1.4858672E-01
-2.196440E-08,-1.4863943E-01
-2.191440E-08,-1.4869214E-01
-2.186440E-08,-1.4874485E-01
-2.181440E-08,-1.4879755E-01
-2.176440E-08,-1.4885026E-01
-2.171440E-08,-1.4890297E-01
-2.166440E-08,-1.4895568E-01
-2.161440E-08,-1.4900839E-01
-2.156440E-08,-1.4906110E-01
-2.151440E-08,-1.4911381E-01
-2.146440E-08,-1.4911381E-01
-2.141440E-08,-1.4916652E-01
-2.136440E-08,-1.4916652E-01
-2.131440E-08,-1.4921923E-01
-2.126440E-08,-1.4921923E-01
-2.121440E-08,-1.4921923E-01
-2.116440E-08,-1.4921923E-01
-2.111440E-08,-1.4916652E-01
-2.106440E-08,-1.4916652E-01
-2.101440E-08,-1.4911381E-01
-2.096440E-08,-1.4906110E-01
-2.091440E-08,-1.4900839E-01
-2.086440E-08,-1.4895568E-01
-2.081440E-08,-1.4885026E-01
-2.076440E-08,-1.4879755E-01
-2.071440E-08,-1.4869214E-01
-2.066440E-08,-1.4863943E-01
-2.061440E-08,-1.4853401E-01
-2.056440E-08,-1.4848130E-01
-2.051440E-08,-1.4837588E-01
-2.046440E-08,-1.4832317E-01
-2.041440E-08,-1.4821776E-01
-2.036440E-08,-1.4816505E-01
-2.031440E-08,-1.4811234E-01
-2.026440E-08,-1.4805963E-01
-2.021440E-08,-1.4800692E-01
-2.016440E-08,-1.4795421E-01
-2.011440E-08,-1.4795421E-01
-2.006440E-08,-1.4790150E-01
-2.001440E-08,-1.4790150E-01
-1.996440E-08,-1.4790150E-01
-1.991440E-08,-1.4790150E-01
-1.986440E-08,-1.4795421E-01
-1.981440E-08,-1.4795421E-01
-1.976440E-08,-1.4800692E-01
-1.971440E-08,-1.4805963E-01
-1.966440E-08,-1.4811234E-01
-1.961440E-08,-1.4816505E-01
-1.956440E-08,-1.4827046E-01
-1.951440E-08,-1.4832317E-01
-1.946440E-08,-1.4842859E-01
-1.941440E-08,-1.4848130E-01
-1.936440E-08,-1.4858672E-01
-1.931440E-08,-1.4863943E-01
-1.926440E-08,-1.4874485E-01
-1.921440E-08,-1.4879755E-01
-1.916440E-08,-1.4885026E-01
-1.911440E-08,-1.4895568E-01
-1.906440E-08,-1.4900839E-01
-1.901440E-08,-1.4906110E-01
-1.896440E-08,-1.4906110E-01
-1.891440E-08,-1.4911381E-01
-1.886440E-08,-1.4916652E-01
-1.881440E-08,-1.4916652E-01
-1.876440E-08,-1.4916652E-01
-1.871440E-08,-1.4916652E-01
-1.866440E-08,-1.4916652E-01
-1.861440E-08,-1.4916652E-01
-1.856440E-08,-1.4916652E-01
-1.851440E-08,-1.4911381E-01
-1.846440E-08,-1.4911381E-01
-1.841440E-08,-1.4906110E-01
-1.836440E-08,-1.4900839E-01
-1.831440E-08,-1.4900839E-01
-1.826440E-08,-1.4895568E-01
-1.821440E-08,-1.4890297E-01
-1.816440E-08,-1.4885026E-01
-1.811440E-08,-1.4879755E-01
-1.806440E-08,-1.4879755E-01
-1.801440E-08,-1.4874485E-01
-1.796440E-08,-1.4869214E-01
-1.791440E-08,-1.4869214E-01
-1.786440E-08,-1.4863943E-01
-1.781440E-08,-1.4863943E-01
-1.776440E-08,-1.4858672E-01
-1.771440E-08,-1.4858672E-01
-1.766440E-08,-1.4858672E-01
-1.761440E-08,-1.4858672E-01
-1.756440E-08,-1.4858672E-01
-1.751440E-08,-1.4858672E-01
-1.746440E-08,-1.4863943E-01
-1.741440E-08,-1.4863943E-01
-1.736440E-08,-1.4863943E-01
-1.731440E-08,-1.4869214E-01
-1.726440E-08,-1.4869214E-01
-1.721440E-08,-1.4874485E-01
-1.716440E-08,-1.4874485E-01
-1.711440E-08,-1.4879755E-01
-1.706440E-08,-1.4879755E-01
-1.701440E-08,-1.4885026E-01
-1.696440E-08,-1.4885026E-01
-1.691440E-08,-1.4890297E-01
-1.686440E-08,-1.4890297E-01
-1.681440E-08,-1.4890297E-01
-1.676440E-08,-1.4895568E-01
-1.671440E-08,-1.4895568E-01
-1.666440E-08,-1.4895568E-01
-1.661440E-08,-1.4895568E-01
-1.656440E-08,-1.4895568E-01
-1.651440E-08,-1.4895568E-01
-1.646440E-08,-1.4895568E-01
-1.641440E-08,-1.4900839E-01
-1.636440E-08,-1.4900839E-01
-1.631440E-08,-1.4895568E-01
-1.626440E-08,-1.4895568E-01
-1.621440E-08,-1.4895568E-01
-1.616440E-08,-1.4895568E-01
-1.611440E-08,-1.4895568E-01
-1.606440E-08,-1.4895568E-01
-1.601440E-08,-1.4895568E-01
-1.596440E-08,-1.4900839E-01
-1.591440E-08,-1.4900839E-01
-1.586440E-08,-1.4900839E-01
-1.581440E-08,-1.4900839E-01
-1.576440E-08,-1.4900839E-01
-1.571440E-08,-1.4906110E-01
-1.566440E-08,-1.4906110E-01
-1.561440E-08,-1.4906110E-01
-1.556440E-08,-1.4911381E-01
-1.551440E-08,-1.4911381E-01
-1.546440E-08,-1.4916652E-01
-1.541440E-08,-1.4916652E-01
-1.536440E-08,-1.4921923E-01
-1.531440E-08,-1.4921923E-01
-1.526440E-08,-1.4927194E-01
-1.521440E-08,-1.4932464E-01
-1.516440E-08,-1.4932464E-01
-1.511440E-08,-1.4932464E-01
-1.506440E-08,-1.4937735E-01
-1.501440E-08,-1.4937735E-01
-1.496440E-08,-1.4943006E-01
-1.491440E-08,-1.4943006E-01
-1.486440E-08,-1.4943006E-01
-1.481440E-08,-1.4943006E-01
-1.476440E-08,-1.4943006E-01
-1.471440E-08,-1.4943006E-01
-1.466440E-08,-1.4943006E-01
-1.461440E-08,-1.4943006E-01
-1.456440E-08,-1.4943006E-01
-1.451440E-08,-1.4943006E-01
-1.446440E-08,-1.4943006E-01
-1.441440E-08,-1.4943006E-01
-1.436440E-08,-1.4937735E-01
-1.431440E-08,-1.4937735E-01
-1.426440E-08,-1.4937735E-01
-1.421440E-08,-1.4932464E-01
-1.416440E-08,-1.4932464E-01
-1.411440E-08,-1.4932464E-01
-1.406440E-08,-1.4927194E-01
-1.401440E-08,-1.4927194E-01
-1.396440E-08,-1.4927194E-01
-1.391440E-08,-1.4921923E-01
-1.386440E-08,-1.4921923E-01
-1.381440E-08,-1.4921923E-01
-1.376440E-08,-1.4921923E-01
-1.371440E-08,-1.4921923E-01
-1.366440E-08,-1.4921923E-01
-1.361440E-08,-1.4921923E-01
-1.356440E-08,-1.4921923E-01
-1.351440E-08,-1.4921923E-01
-1.346440E-08,-1.4921923E-01
-1.341440E-08,-1.4921923E-01
-1.336440E-08,-1.4921923E-01
-1.331440E-08,-1.4927194E-01
-1.326440E-08,-1.4927194E-01
-1.321440E-08,-1.4927194E-01
-1.316440E-08,-1.4927194E-01
-1.311440E-08,-1.4932464E-01
-1.306440E-08,-1.4932464E-01
-1.301440E-08,-1.4932464E-01
-1.296440E-08,-1.4932464E-01
-1.291440E-08,-1.4937735E-01
-1.286440E-08,-1.4937735E-01
-1.281440E-08,-1.4937735E-01
-1.276440E-08,-1.4937735E-01
-1.271440E-08,-1.4937735E-01
-1.266440E-08,-1.4937735E-01
-1.261440E-08,-1.4937735E-01
-1.256440E-08,-1.4932464E-01
-1.251440E-08,-1.4932464E-01
-1.246440E-08,-1.4932464E-01
-1.241440E-08,-1.4927194E-01
-1.236440E-08,-1.4927194E-01
-1.231440E-08,-1.4921923E-01
-1.226440E-08,-1.4921923E-01
-1.221440E-08,-1.4916652E-01
-1.216440E-08,-1.4916652E-01
-1.211440E-08,-1.4911381E-01
-1.206440E-08,-1.4906110E-01
-1.201440E-08,-1.4906110E-01
-1.196440E-08,-1.4900839E-01
-1.191440E-08,-1.4895568E-01
-1.186440E-08,-1.4895568E-01
-1.181440E-08,-1.4890297E-01
-1.176440E-08,-1.4890297E-01
-1.171440E-08,-1.4885026E-01
-1.166440E-08,-1.4879755E-01
-1.161440E-08,-1.4879755E-01
-1.156440E-08,-1.4874485E-01
-1.151440E-08,-1.4874485E-01
-1.146440E-08,-1.4874485E-01
-1.141440E-08,-1.4869214E-01
-1.136440E-08,-1.4869214E-01
-1.131440E-08,-1.4869214E-01
-1.126440E-08,-1.4869214E-01
-1.121440E-08,-1.4869214E-01
-1.116440E-08,-1.4869214E-01
-1.111440E-08,-1.4869214E-01
-1.106440E-08,-1.4869214E-01
-1.101440E-08,-1.4869214E-01
-1.096440E-08,-1.4869214E-01
-1.091440E-08,-1.4869214E-01
-1.086440E-08,-1.4869214E-01
-1.081440E-08,-1.4869214E-01
-1.076440E-08,-1.4869214E-01
-1.071440E-08,-1.4874485E-01
-1.066440E-08,-1.4874485E-01
-1.061440E-08,-1.4874485E-01
-1.056440E-08,-1.4874485E-01
-1.051440E-08,-1.4879755E-01
-1.046440E-08,-1.4879755E-01
-1.041440E-08,-1.4879755E-01
-1.036440E-08,-1.4879755E-01
-1.031440E-08,-1.4885026E-01
-1.026440E-08,-1.4885026E-01
-1.021440E-08,-1.4885026E-01
-1.016440E-08,-1.4885026E-01
-1.011440E-08,-1.4890297E-01
-1.006440E-08,-1.4890297E-01
-1.001440E-08,-1.4890297E-01
-9.96440E-09,-1.4890297E-01
-9.91440E-09,-1.4890297E-01
-9.86440E-09,-1.4890297E-01
-9.81440E-09,-1.4890297E-01
-9.76440E-09,-1.4890297E-01
-9.71440E-09,-1.4890297E-01
-9.66440E-09,-1.4885026E-01
-9.61440E-09,-1.4885026E-01
-9.56440E-09,-1.4885026E-01
-9.51440E-09,-1.4885026E-01
-9.46440E-09,-1.4879755E-01
-9.41440E-09,-1.4879755E-01
-9.36440E-09,-1.4874485E-01
-9.31440E-09,-1.4874485E-01
-9.26440E-09,-1.4869214E-01
-9.21440E-09,-1.4869214E-01
-9.16440E-09,-1.4863943E-01
-9.11440E-09,-1.4863943E-01
-9.06440E-09,-1.4858672E-01
-9.01440E-09,-1.4858672E-01
-8.96440E-09,-1.4858672E-01
-8.91440E-09,-1.4853401E-01
-8.86440E-09,-1.4853401E-01
-8.81440E-09,-1.4848130E-01
-8.76440E-09,-1.4848130E-01
-8.71440E-09,-1.4848130E-01
-8.66440E-09,-1.4848130E-01
-8.61440E-09,-1.4848130E-01
-8.56440E-09,-1.4848130E-01
-8.51440E-09,-1.4848130E-01
-8.46440E-09,-1.4848130E-01
-8.41440E-09,-1.4848130E-01
-8.36440E-09,-1.4848130E-01
-8.31440E-09,-1.4853401E-01
-8.26440E-09,-1.4853401E-01
-8.21440E-09,-1.4858672E-01
-8.16440E-09,-1.4863943E-01
-8.11440E-09,-1.4869214E-01
-8.06440E-09,-1.4869214E-01
-8.01440E-09,-1.4874485E-01
-7.96440E-09,-1.4879755E-01
-7.91440E-09,-1.4890297E-01
-7.86440E-09,-1.4895568E-01
-7.81440E-09,-1.4900839E-01
-7.76440E-09,-1.4906110E-01
-7.71440E-09,-1.4911381E-01
-7.66440E-09,-1.4916652E-01
-7.61440E-09,-1.4921923E-01
-7.56440E-09,-1.4932464E-01
-7.51440E-09,-1.4937735E-01
-7.46440E-09,-1.4943006E-01
-7.41440E-09,-1.4948277E-01
-7.36440E-09,-1.4948277E-01
-7.31440E-09,-1.4953548E-01
-7.26440E-09,-1.4958819E-01
-7.21440E-09,-1.4958819E-01
-7.16440E-09,-1.4964090E-01
-7.11440E-09,-1.4964090E-01
-7.06440E-09,-1.4964090E-01
-7.01440E-09,-1.4964090E-01
-6.96440E-09,-1.4964090E-01
-6.91440E-09,-1.4958819E-01
-6.86440E-09,-1.4958819E-01
-6.81440E-09,-1.4958819E-01
-6.76440E-09,-1.4953548E-01
-6.71440E-09,-1.4948277E-01
-6.66440E-09,-1.4943006E-01
-6.61440E-09,-1.4943006E-01
-6.56440E-09,-1.4937735E-01
-6.51440E-09,-1.4932464E-01
-6.46440E-09,-1.4927194E-01
-6.41440E-09,-1.4921923E-01
-6.36440E-09,-1.4916652E-01
-6.31440E-09,-1.4911381E-01
-6.26440E-09,-1.4906110E-01
-6.21440E-09,-1.4900839E-01
-6.16440E-09,-1.4895568E-01
-6.11440E-09,-1.4890297E-01
-6.06440E-09,-1.4885026E-01
-6.01440E-09,-1.4879755E-01
-5.96440E-09,-1.4874485E-01
-5.91440E-09,-1.4874485E-01
-5.86440E-09,-1.4869214E-01
-5.81440E-09,-1.4869214E-01
-5.76440E-09,-1.4863943E-01
-5.71440E-09,-1.4863943E-01
-5.66440E-09,-1.4863943E-01
-5.61440E-09,-1.4858672E-01
-5.56440E-09,-1.4858672E-01
-5.51440E-09,-1.4858672E-01
-5.46440E-09,-1.4858672E-01
-5.41440E-09,-1.4858672E-01
-5.36440E-09,-1.4863943E-01
-5.31440E-09,-1.4863943E-01
-5.26440E-09,-1.4863943E-01
-5.21440E-09,-1.4863943E-01
-5.16440E-09,-1.4863943E-01
-5.11440E-09,-1.4869214E-01
-5.06440E-09,-1.4869214E-01
-5.01440E-09,-1.4869214E-01
-4.96440E-09,-1.4874485E-01
-4.91440E-09,-1.4874485E-01
-4.86440E-09,-1.4874485E-01
-4.81440E-09,-1.4874485E-01
-4.76440E-09,-1.4874485E-01
-4.71440E-09,-1.4879755E-01
-4.66440E-09,-1.4879755E-01
-4.61440E-09,-1.4879755E-01
-4.56440E-09,-1.4879755E-01
-4.51440E-09,-1.4879755E-01
-4.46440E-09,-1.4879755E-01
-4.41440E-09,-1.4879755E-01
-4.36440E-09,-1.4879755E-01
-4.31440E-09,-1.4885026E-01
-4.26440E-09,-1.4885026E-01
-4.21440E-09,-1.4885026E-01
-4.16440E-09,-1.4885026E-01
-4.11440E-09,-1.4885026E-01
-4.06440E-09,-1.4885026E-01
-4.01440E-09,-1.4879755E-01
-3.96440E-09,-1.4879755E-01
-3.91440E-09,-1.4879755E-01
-3.86440E-09,-1.4879755E-01
-3.81440E-09,-1.4879755E-01
-3.76440E-09,-1.4879755E-01
-3.71440E-09,-1.4879755E-01
-3.66440E-09,-1.4879755E-01
-3.61440E-09,-1.4879755E-01
-3.56440E-09,-1.4879755E-01
-3.51440E-09,-1.4879755E-01
-3.46440E-09,-1.4879755E-01
-3.41440E-09,-1.4879755E-01
-3.36440E-09,-1.4879755E-01
-3.31440E-09,-1.4879755E-01
-3.26440E-09,-1.4879755E-01
-3.21440E-09,-1.4879755E-01
-3.16440E-09,-1.4879755E-01
-3.11440E-09,-1.4879755E-01
-3.06440E-09,-1.4879755E-01
-3.01440E-09,-1.4879755E-01
-2.96440E-09,-1.4879755E-01
-2.91440E-09,-1.4879755E-01
-2.86440E-09,-1.4879755E-01
-2.81440E-09,-1.4879755E-01
-2.76440E-09,-1.4879755E-01
-2.71440E-09,-1.4885026E-01
-2.66440E-09,-1.4885026E-01
-2.61440E-09,-1.4885026E-01
-2.56440E-09,-1.4885026E-01
-2.51440E-09,-1.4885026E-01
-2.46440E-09,-1.4885026E-01
-2.41440E-09,-1.4890297E-01
-2.36440E-09,-1.4890297E-01
-2.31440E-09,-1.4890297E-01
-2.26440E-09,-1.4895568E-01
-2.21440E-09,-1.4895568E-01
-2.16440E-09,-1.4900839E-01
-2.11440E-09,-1.4900839E-01
-2.06440E-09,-1.4906110E-01
-2.01440E-09,-1.4906110E-01
-1.96440E-09,-1.4911381E-01
-1.91440E-09,-1.4916652E-01
-1.86440E-09,-1.4916652E-01
-1.81440E-09,-1.4921923E-01
-1.76440E-09,-1.4921923E-01
-1.71440E-09,-1.4927194E-01
-1.66440E-09,-1.4932464E-01
-1.61440E-09,-1.4932464E-01
-1.56440E-09,-1.4937735E-01
-1.51440E-09,-1.4937735E-01
-1.46440E-09,-1.4937735E-01
-1.41440E-09,-1.4943006E-01
-1.36440E-09,-1.4943006E-01
-1.31440E-09,-1.4943006E-01
-1.26440E-09,-1.4943006E-01
-1.21440E-09,-1.4943006E-01
-1.16440E-09,-1.4943006E-01
-1.11440E-09,-1.4943006E-01
-1.06440E-09,-1.4943006E-01
-1.01440E-09,-1.4937735E-01
-9.6440E-10,-1.4937735E-01
-9.1440E-10,-1.4932464E-01
-8.6440E-10,-1.4932464E-01
-8.1440E-10,-1.4927194E-01
-7.6440E-10,-1.4921923E-01
-7.1440E-10,-1.4921923E-01
-6.6440E-10,-1.4916652E-01
-6.1440E-10,-1.4911381E-01
-5.6440E-10,-1.4906110E-01
-5.1440E-10,-1.4900839E-01
-4.6440E-10,-1.4900839E-01
-4.1440E-10,-1.4895568E-01
-3.6440E-10,-1.4890297E-01
-3.1440E-10,-1.4885026E-01
-2.6440E-10,-1.4885026E-01
-2.1440E-10,-1.4879755E-01
-1.6440E-10,-1.4879755E-01
-1.1440E-10,-1.4874485E-01
-6.440E-11,-1.4874485E-01
-1.440E-11,-1.4869214E-01
3.560E-11,-1.4869214E-01
8.560E-11,-1.4869214E-01
1.3560E-10,-1.4869214E-01
1.8560E-10,-1.4869214E-01
2.3560E-10,-1.4869214E-01
2.8560E-10,-1.4869214E-01
3.3560E-10,-1.4869214E-01
3.8560E-10,-1.4869214E-01
4.3560E-10,-1.4874485E-01
4.8560E-10,-1.4874485E-01
5.3560E-10,-1.4874485E-01
5.8560E-10,-1.4879755E-01
6.3560E-10,-1.4879755E-01
6.8560E-10,-1.4879755E-01
7.3560E-10,-1.4885026E-01
7.8560E-10,-1.4885026E-01
8.3560E-10,-1.4885026E-01
8.8560E-10,-1.4890297E-01
9.3560E-10,-1.4890297E-01
9.8560E-10,-1.4890297E-01
1.03560E-09,-1.4890297E-01
1.08560E-09,-1.4895568E-01
1.13560E-09,-1.4895568E-01
1.18560E-09,-1.4895568E-01
1.23560E-09,-1.4895568E-01
1.28560E-09,-1.4890297E-01
1.33560E-09,-1.4890297E-01
1.38560E-09,-1.4890297E-01
1.43560E-09,-1.4890297E-01
1.48560E-09,-1.4890297E-01
1.53560E-09,-1.4885026E-01
1.58560E-09,-1.4885026E-01
1.63560E-09,-1.4885026E-01
1.68560E-09,-1.4879755E-01
1.73560E-09,-1.4879755E-01
1.78560E-09,-1.4874485E-01
1.83560E-09,-1.4874485E-01
1.88560E-09,-1.4874485E-01
1.93560E-09,-1.4874485E-01
1.98560E-09,-1.4869214E-01
2.03560E-09,-1.4869214E-01
2.08560E-09,-1.4869214E-01
2.13560E-09,-1.4869214E-01
2.18560E-09,-1.4869214E-01
2.23560E-09,-1.4869214E-01
2.28560E-09,-1.4874485E-01
2.33560E-09,-1.4874485E-01
2.38560E-09,-1.4874485E-01
2.43560E-09,-1.4879755E-01
2.48560E-09,-1.4879755E-01
2.53560E-09,-1.4885026E-01
2.58560E-09,-1.4885026E-01
2.63560E-09,-1.4890297E-01
2.68560E-09,-1.4895568E-01
2.73560E-09,-1.4900839E-01
2.78560E-09,-1.4900839E-01
2.83560E-09,-1.4906110E-01
2.88560E-09,-1.4911381E-01
2.93560E-09,-1.4916652E-01
2.98560E-09,-1.4921923E-01
3.03560E-09,-1.4927194E-01
3.08560E-09,-1.4932464E-01
3.13560E-09,-1.4932464E-01
3.18560E-09,-1.4937735E-01
3.23560E-09,-1.4943006E-01
3.28560E-09,-1.4948277E-01
3.33560E-09,-1.4948277E-01
3.38560E-09,-1.4953548E-01
3.43560E-09,-1.4958819E-01
3.48560E-09,-1.4958819E-01
3.53560E-09,-1.4964090E-01
3.58560E-09,-1.4964090E-01
3.63560E-09,-1.4964090E-01
3.68560E-09,-1.4969361E-01
3.73560E-09,-1.4969361E-01
3.78560E-09,-1.4969361E-01
3.83560E-09,-1.4969361E-01
3.88560E-09,-1.4969361E-01
3.93560E-09,-1.4969361E-01
3.98560E-09,-1.4969361E-01
4.03560E-09,-1.4969361E-01
4.08560E-09,-1.4969361E-01
4.13560E-09,-1.4969361E-01
4.18560E-09,-1.4969361E-01
4.23560E-09,-1.4969361E-01
4.28560E-09,-1.4969361E-01
4.33560E-09,-1.4964090E-01
4.38560E-09,-1.4964090E-01
4.43560E-09,-1.4964090E-01
4.48560E-09,-1.4964090E-01
4.53560E-09,-1.4964090E-01
4.58560E-09,-1.4964090E-01
4.63560E-09,-1.4964090E-01
4.68560E-09,-1.4964090E-01
4.73560E-09,-1.4964090E-01
4.78560E-09,-1.4964090E-01
4.83560E-09,-1.4964090E-01
4.88560E-09,-1.4969361E-01
4.93560E-09,-1.4969361E-01
4.98560E-09,-1.4969361E-01
5.03560E-09,-1.4969361E-01
5.08560E-09,-1.4974632E-01
5.13560E-09,-1.4974632E-01
5.18560E-09,-1.4979903E-01
5.23560E-09,-1.4979903E-01
5.28560E-09,-1.4985173E-01
5.33560E-09,-1.4985173E-01
5.38560E-09,-1.4990444E-01
5.43560E-09,-1.4990444E-01
5.48560E-09,-1.4995715E-01
5.53560E-09,-1.4995715E-01
5.58560E-09,-1.5000986E-01
5.63560E-09,-1.5000986E-01
5.68560E-09,-1.5006257E-01
5.73560E-09,-1.5006257E-01
5.78560E-09,-1.5006257E-01
5.83560E-09,-1.5011528E-01
5.88560E-09,-1.5011528E-01
5.93560E-09,-1.5011528E-01
5.98560E-09,-1.5011528E-01
6.03560E-09,-1.5011528E-01
6.08560E-09,-1.5011528E-01
6.13560E-09,-1.5011528E-01
6.18560E-09,-1.5006257E-01
6.23560E-09,-1.5006257E-01
6.28560E-09,-1.5006257E-01
6.33560E-09,-1.5000986E-01
6.38560E-09,-1.5000986E-01
6.43560E-09,-1.4995715E-01
6.48560E-09,-1.4995715E-01
6.53560E-09,-1.4990444E-01
6.58560E-09,-1.4990444E-01
6.63560E-09,-1.4985173E-01
6.68560E-09,-1.4985173E-01
6.73560E-09,-1.4979903E-01
6.78560E-09,-1.4979903E-01
6.83560E-09,-1.4979903E-01
6.88560E-09,-1.4974632E-01
6.93560E-09,-1.4974632E-01
6.98560E-09,-1.4974632E-01
7.03560E-09,-1.4969361E-01
7.08560E-09,-1.4969361E-01
7.13560E-09,-1.4969361E-01
7.18560E-09,-1.4969361E-01
7.23560E-09,-1.4969361E-01
7.28560E-09,-1.4969361E-01
7.33560E-09,-1.4969361E-01
7.38560E-09,-1.4974632E-01
7.43560E-09,-1.4974632E-01
7.48560E-09,-1.4974632E-01
7.53560E-09,-1.4974632E-01
7.58560E-09,-1.4979903E-01
7.63560E-09,-1.4979903E-01
7.68560E-09,-1.4979903E-01
7.73560E-09,-1.4985173E-01
7.78560E-09,-1.4985173E-01
7.83560E-09,-1.4985173E-01
7.88560E-09,-1.4985173E-01
7.93560E-09,-1.4990444E-01
7.98560E-09,-1.4990444E-01
8.03560E-09,-1.4990444E-01
8.08560E-09,-1.4985173E-01
8.13560E-09,-1.4985173E-01
8.18560E-09,-1.4985173E-01
8.23560E-09,-1.4979903E-01
8.28560E-09,-1.4979903E-01
8.33560E-09,-1.4974632E-01
8.38560E-09,-1.4969361E-01
8.43560E-09,-1.4964090E-01
8.48560E-09,-1.4958819E-01
8.53560E-09,-1.4953548E-01
8.58560E-09,-1.4948277E-01
8.63560E-09,-1.4943006E-01
8.68560E-09,-1.4937735E-01
8.73560E-09,-1.4927194E-01
8.78560E-09,-1.4921923E-01
8.83560E-09,-1.4916652E-01
8.88560E-09,-1.4906110E-01
8.93560E-09,-1.4900839E-01
8.98560E-09,-1.4895568E-01
9.03560E-09,-1.4890297E-01
9.08560E-09,-1.4885026E-01
9.13560E-09,-1.4879755E-01
9.18560E-09,-1.4874485E-01
9.23560E-09,-1.4869214E-01
9.28560E-09,-1.4869214E-01
9.33560E-09,-1.4863943E-01
9.38560E-09,-1.4863943E-01
9.43560E-09,-1.4863943E-01
9.48560E-09,-1.4863943E-01
9.53560E-09,-1.4863943E-01
9.58560E-09,-1.4863943E-01
9.63560E-09,-1.4869214E-01
9.68560E-09,-1.4869214E-01
9.73560E-09,-1.4874485E-01
9.78560E-09,-1.4879755E-01
9.83560E-09,-1.4879755E-01
9.88560E-09,-1.4885026E-01
9.93560E-09,-1.4890297E-01
9.98560E-09,-1.4895568E-01
1.003560E-08,-1.4900839E-01
1.008560E-08,-1.4911381E-01
1.013560E-08,-1.4916652E-01
1.018560E-08,-1.4921923E-01
1.023560E-08,-1.4927194E-01
1.028560E-08,-1.4927194E-01
1.033560E-08,-1.4932464E-01
1.038560E-08,-1.4937735E-01
1.043560E-08,-1.4943006E-01
1.048560E-08,-1.4943006E-01
1.053560E-08,-1.4943006E-01
1.058560E-08,-1.4948277E-01
1.063560E-08,-1.4948277E-01
1.068560E-08,-1.4948277E-01
1.073560E-08,-1.4948277E-01
1.078560E-08,-1.4948277E-01
1.083560E-08,-1.4948277E-01
1.088560E-08,-1.4943006E-01
1.093560E-08,-1.4943006E-01
1.098560E-08,-1.4937735E-01
1.103560E-08,-1.4937735E-01
1.108560E-08,-1.4932464E-01
1.113560E-08,-1.4932464E-01
1.118560E-08,-1.4927194E-01
1.123560E-08,-1.4927194E-01
1.128560E-08,-1.4921923E-01
1.133560E-08,-1.4916652E-01
1.138560E-08,-1.4916652E-01
1.143560E-08,-1.4911381E-01
1.148560E-08,-1.4911381E-01
1.153560E-08,-1.4906110E-01
1.158560E-08,-1.4906110E-01
1.163560E-08,-1.4906110E-01
1.168560E-08,-1.4906110E-01
1.173560E-08,-1.4906110E-01
1.178560E-08,-1.4906110E-01
1.183560E-08,-1.4906110E-01
1.188560E-08,-1.4906110E-01
1.193560E-08,-1.4906110E-01
1.198560E-08,-1.4906110E-01
1.203560E-08,-1.4906110E-01
1.208560E-08,-1.4906110E-01
1.213560E-08,-1.4911381E-01
1.218560E-08,-1.4911381E-01
1.223560E-08,-1.4911381E-01
1.228560E-08,-1.4916652E-01
1.233560E-08,-1.4916652E-01
1.238560E-08,-1.4916652E-01
1.243560E-08,-1.4916652E-01
1.248560E-08,-1.4921923E-01
1.253560E-08,-1.4921923E-01
1.258560E-08,-1.4921923E-01
1.263560E-08,-1.4921923E-01
1.268560E-08,-1.4921923E-01
1.273560E-08,-1.4921923E-01
1.278560E-08,-1.4921923E-01
1.283560E-08,-1.4921923E-01
1.288560E-08,-1.4921923E-01
1.293560E-08,-1.4921923E-01
1.298560E-08,-1.4921923E-01
1.303560E-08,-1.4921923E-01
1.308560E-08,-1.4921923E-01
1.313560E-08,-1.4916652E-01
1.318560E-08,-1.4916652E-01
1.323560E-08,-1.4916652E-01
1.328560E-08,-1.4916652E-01
1.333560E-08,-1.4916652E-01
1.338560E-08,-1.4916652E-01
1.343560E-08,-1.4916652E-01
1.348560E-08,-1.4916652E-01
1.353560E-08,-1.4916652E-01
1.358560E-08,-1.4921923E-01
1.363560E-08,-1.4921923E-01
1.368560E-08,-1.4921923E-01
1.373560E-08,-1.4927194E-01
1.378560E-08,-1.4927194E-01
1.383560E-08,-1.4932464E-01
1.388560E-08,-1.4932464E-01
1.393560E-08,-1.4937735E-01
1.398560E-08,-1.4937735E-01
1.403560E-08,-1.4943006E-01
1.408560E-08,-1.4943006E-01
1.413560E-08,-1.4948277E-01
1.418560E-08,-1.4948277E-01
1.423560E-08,-1.4953548E-01
1.428560E-08,-1.4953548E-01
1.433560E-08,-1.4958819E-01
1.438560E-08,-1.4958819E-01
1.443560E-08,-1.4964090E-01
1.448560E-08,-1.4964090E-01
1.453560E-08,-1.4964090E-01
1.458560E-08,-1.4969361E-01
1.463560E-08,-1.4969361E-01
1.468560E-08,-1.4969361E-01
1.473560E-08,-1.4969361E-01
1.478560E-08,-1.4969361E-01
1.483560E-08,-1.4969361E-01
1.488560E-08,-1.4974632E-01
1.493560E-08,-1.4974632E-01
1.498560E-08,-1.4974632E-01
1.503560E-08,-1.4974632E-01
1.508560E-08,-1.4974632E-01
1.513560E-08,-1.4974632E-01
1.518560E-08,-1.4979903E-01
1.523560E-08,-1.4979903E-01
1.528560E-08,-1.4979903E-01
1.533560E-08,-1.4985173E-01
1.538560E-08,-1.4985173E-01
1.543560E-08,-1.4990444E-01
1.548560E-08,-1.4995715E-01
1.553560E-08,-1.5000986E-01
1.558560E-08,-1.5000986E-01
1.563560E-08,-1.5006257E-01
1.568560E-08,-1.5011528E-01
1.573560E-08,-1.5016799E-01
1.578560E-08,-1.5022070E-01
1.583560E-08,-1.5027341E-01
1.588560E-08,-1.5032612E-01
1.593560E-08,-1.5037883E-01
1.598560E-08,-1.5043153E-01
1.603560E-08,-1.5048424E-01
1.608560E-08,-1.5053695E-01
1.613560E-08,-1.5058966E-01
1.618560E-08,-1.5064237E-01
1.623560E-08,-1.5069508E-01
1.628560E-08,-1.5069508E-01
1.633560E-08,-1.5074779E-01
1.638560E-08,-1.5074779E-01
1.643560E-08,-1.5074779E-01
1.648560E-08,-1.5074779E-01
1.653560E-08,-1.5074779E-01
1.658560E-08,-1.5069508E-01
1.663560E-08,-1.5069508E-01
1.668560E-08,-1.5064237E-01
1.673560E-08,-1.5058966E-01
1.678560E-08,-1.5053695E-01
1.683560E-08,-1.5048424E-01
1.688560E-08,-1.5043153E-01
1.693560E-08,-1.5032612E-01
1.698560E-08,-1.5027341E-01
1.703560E-08,-1.5016799E-01
1.708560E-08,-1.5006257E-01
1.713560E-08,-1.5000986E-01
1.718560E-08,-1.4990444E-01
1.723560E-08,-1.4979903E-01
1.728560E-08,-1.4974632E-01
1.733560E-08,-1.4964090E-01
1.738560E-08,-1.4953548E-01
1.743560E-08,-1.4948277E-01
1.748560E-08,-1.4943006E-01
1.753560E-08,-1.4932464E-01
1.758560E-08,-1.4927194E-01
1.763560E-08,-1.4921923E-01
1.768560E-08,-1.4921923E-01
1.773560E-08,-1.4916652E-01
1.778560E-08,-1.4911381E-01
1.783560E-08,-1.4911381E-01
1.788560E-08,-1.4911381E-01
1.793560E-08,-1.4911381E-01
1.798560E-08,-1.4911381E-01
1.803560E-08,-1.4916652E-01
1.808560E-08,-1.4916652E-01
1.813560E-08,-1.4921923E-01
1.818560E-08,-1.4927194E-01
1.823560E-08,-1.4932464E-01
1.828560E-08,-1.4937735E-01
1.833560E-08,-1.4943006E-01
1.838560E-08,-1.4948277E-01
1.843560E-08,-1.4953548E-01
1.848560E-08,-1.4964090E-01
1.853560E-08,-1.4969361E-01
1.858560E-08,-1.4974632E-01
1.863560E-08,-1.4979903E-01
1.868560E-08,-1.4985173E-01
1.873560E-08,-1.4990444E-01
1.878560E-08,-1.5000986E-01
1.883560E-08,-1.5000986E-01
1.888560E-08,-1.5006257E-01
1.893560E-08,-1.5011528E-01
1.898560E-08,-1.5016799E-01
1.903560E-08,-1.5016799E-01
1.908560E-08,-1.5022070E-01
1.913560E-08,-1.5022070E-01
1.918560E-08,-1.5027341E-01
1.923560E-08,-1.5027341E-01
1.928560E-08,-1.5027341E-01
1.933560E-08,-1.5027341E-01
1.938560E-08,-1.5027341E-01
1.943560E-08,-1.5027341E-01
1.948560E-08,-1.5027341E-01
1.953560E-08,-1.5022070E-01
1.958560E-08,-1.5022070E-01
1.963560E-08,-1.5022070E-01
1.968560E-08,-1.5022070E-01
1.973560E-08,-1.5016799E-01
1.978560E-08,-1.5016799E-01
1.983560E-08,-1.5011528E-01
1.988560E-08,-1.5011528E-01
1.993560E-08,-1.5011528E-01
1.998560E-08,-1.5006257E-01
2.003560E-08,-1.5006257E-01
2.008560E-08,-1.5000986E-01
2.013560E-08,-1.5000986E-01
2.018560E-08,-1.4995715E-01
2.023560E-08,-1.4995715E-01
2.028560E-08,-1.4990444E-01
2.033560E-08,-1.4990444E-01
2.038560E-08,-1.4985173E-01
2.043560E-08,-1.4985173E-01
2.048560E-08,-1.4985173E-01
2.053560E-08,-1.4979903E-01
2.058560E-08,-1.4979903E-01
2.063560E-08,-1.4974632E-01
2.068560E-08,-1.4974632E-01
2.073560E-08,-1.4969361E-01
2.078560E-08,-1.4969361E-01
2.083560E-08,-1.4964090E-01
2.088560E-08,-1.4964090E-01
2.093560E-08,-1.4958819E-01
2.098560E-08,-1.4958819E-01
2.103560E-08,-1.4953548E-01
2.108560E-08,-1.4953548E-01
2.113560E-08,-1.4948277E-01
2.118560E-08,-1.4948277E-01
2.123560E-08,-1.4943006E-01
2.128560E-08,-1.4943006E-01
2.133560E-08,-1.4943006E-01
2.138560E-08,-1.4937735E-01
2.143560E-08,-1.4937735E-01
2.148560E-08,-1.4937735E-01
2.153560E-08,-1.4932464E-01
2.158560E-08,-1.4932464E-01
2.163560E-08,-1.4932464E-01
2.168560E-08,-1.4932464E-01
2.173560E-08,-1.4932464E-01
2.178560E-08,-1.4932464E-01
2.183560E-08,-1.4932464E-01
2.188560E-08,-1.4932464E-01
2.193560E-08,-1.4932464E-01
2.198560E-08,-1.4937735E-01
2.203560E-08,-1.4937735E-01
2.208560E-08,-1.4937735E-01
2.213560E-08,-1.4937735E-01
2.218560E-08,-1.4943006E-01
2.223560E-08,-1.4943006E-01
2.228560E-08,-1.4943006E-01
2.233560E-08,-1.4943006E-01
2.238560E-08,-1.4948277E-01
2.243560E-08,-1.4948277E-01
2.248560E-08,-1.4948277E-01
2.253560E-08,-1.4953548E-01
2.258560E-08,-1.4953548E-01
2.263560E-08,-1.4953548E-01
2.268560E-08,-1.4953548E-01
2.273560E-08,-1.4953548E-01
2.278560E-08,-1.4958819E-01
2.283560E-08,-1.4958819E-01
2.288560E-08,-1.4958819E-01
2.293560E-08,-1.4958819E-01
2.298560E-08,-1.4958819E-01
2.303560E-08,-1.4958819E-01
2.308560E-08,-1.4958819E-01
2.313560E-08,-1.4958819E-01
2.318560E-08,-1.4958819E-01
2.323560E-08,-1.4958819E-01
2.328560E-08,-1.4958819E-01
2.333560E-08,-1.4964090E-01
2.338560E-08,-1.4964090E-01
2.343560E-08,-1.4964090E-01
2.348560E-08,-1.4964090E-01
2.353560E-08,-1.4964090E-01
2.358560E-08,-1.4969361E-01
2.363560E-08,-1.4969361E-01
2.368560E-08,-1.4969361E-01
2.373560E-08,-1.4969361E-01
2.378560E-08,-1.4974632E-01
2.383560E-08,-1.4974632E-01
2.388560E-08,-1.4979903E-01
2.393560E-08,-1.4979903E-01
2.398560E-08,-1.4979903E-01
2.403560E-08,-1.4985173E-01
2.408560E-08,-1.4985173E-01
2.413560E-08,-1.4990444E-01
2.418560E-08,-1.4990444E-01
2.423560E-08,-1.4990444E-01
2.428560E-08,-1.4990444E-01
2.433560E-08,-1.4995715E-01
2.438560E-08,-1.4995715E-01
2.443560E-08,-1.4995715E-01
2.448560E-08,-1.4995715E-01
2.453560E-08,-1.4990444E-01
2.458560E-08,-1.4990444E-01
2.463560E-08,-1.4990444E-01
2.468560E-08,-1.4990444E-01
2.473560E-08,-1.4985173E-01
2.478560E-08,-1.4985173E-01
2.483560E-08,-1.4979903E-01
2.488560E-08,-1.4974632E-01
2.493560E-08,-1.4969361E-01
2.498560E-08,-1.4969361E-01
2.503560E-08,-1.4964090E-01
2.508560E-08,-1.4958819E-01
2.513560E-08,-1.4953548E-01
2.518560E-08,-1.4948277E-01
2.523560E-08,-1.4943006E-01
2.528560E-08,-1.4937735E-01
2.533560E-08,-1.4932464E-01
2.538560E-08,-1.4927194E-01
2.543560E-08,-1.4921923E-01
2.548560E-08,-1.4916652E-01
2.553560E-08,-1.4911381E-01
2.558560E-08,-1.4911381E-01
2.563560E-08,-1.4906110E-01
2.568560E-08,-1.4906110E-01
2.573560E-08,-1.4900839E-01
2.578560E-08,-1.4900839E-01
2.583560E-08,-1.4895568E-01
2.588560E-08,-1.4895568E-01
2.593560E-08,-1.4895568E-01
2.598560E-08,-1.4895568E-01
2.603560E-08,-1.4895568E-01
2.608560E-08,-1.4895568E-01
2.613560E-08,-1.4895568E-01
2.618560E-08,-1.4900839E-01
2.623560E-08,-1.4900839E-01
2.628560E-08,-1.4900839E-01
2.633560E-08,-1.4906110E-01
2.638560E-08,-1.4906110E-01
2.643560E-08,-1.4911381E-01
2.648560E-08,-1.4911381E-01
2.653560E-08,-1.4916652E-01
2.658560E-08,-1.4916652E-01
2.663560E-08,-1.4921923E-01
2.668560E-08,-1.4921923E-01
2.673560E-08,-1.4927194E-01
2.678560E-08,-1.4927194E-01
2.683560E-08,-1.4927194E-01
2.688560E-08,-1.4927194E-01
2.693560E-08,-1.4932464E-01
2.698560E-08,-1.4932464E-01
2.703560E-08,-1.4932464E-01
2.708560E-08,-1.4932464E-01
2.713560E-08,-1.4932464E-01
2.718560E-08,-1.4932464E-01
2.723560E-08,-1.4932464E-01
2.728560E-08,-1.4932464E-01
2.733560E-08,-1.4927194E-01
2.738560E-08,-1.4927194E-01
2.743560E-08,-1.4927194E-01
2.748560E-08,-1.4927194E-01
2.753560E-08,-1.4927194E-01
2.758560E-08,-1.4927194E-01
2.763560E-08,-1.4921923E-01
2.768560E-08,-1.4921923E-01
2.773560E-08,-1.4921923E-01
2.778560E-08,-1.4921923E-01
2.783560E-08,-1.4921923E-01
2.788560E-08,-1.4921923E-01
2.793560E-08,-1.4927194E-01
2.798560E-08,-1.4927194E-01
2.803560E-08,-1.4927194E-01
2.808560E-08,-1.4927194E-01
2.813560E-08,-1.4932464E-01
2.818560E-08,-1.4932464E-01
2.823560E-08,-1.4937735E-01
2.828560E-08,-1.4937735E-01
2.833560E-08,-1.4943006E-01
2.838560E-08,-1.4948277E-01
2.843560E-08,-1.4948277E-01
2.848560E-08,-1.4953548E-01
2.853560E-08,-1.4953548E-01
2.858560E-08,-1.4958819E-01
2.863560E-08,-1.4964090E-01
2.868560E-08,-1.4964090E-01
2.873560E-08,-1.4969361E-01
2.878560E-08,-1.4969361E-01
2.883560E-08,-1.4974632E-01
2.888560E-08,-1.4974632E-01
2.893560E-08,-1.4979903E-01
2.898560E-08,-1.4979903E-01
2.903560E-08,-1.4979903E-01
2.908560E-08,-1.4985173E-01
2.913560E-08,-1.4985173E-01
2.918560E-08,-1.4985173E-01
2.923560E-08,-1.4985173E-01
2.928560E-08,-1.4985173E-01
2.933560E-08,-1.4985173E-01
2.938560E-08,-1.4985173E-01
2.943560E-08,-1.4985173E-01
2.948560E-08,-1.4979903E-01
2.953560E-08,-1.4979903E-01
2.958560E-08,-1.4979903E-01
2.963560E-08,-1.4974632E-01
2.968560E-08,-1.4974632E-01
2.973560E-08,-1.4974632E-01
2.978560E-08,-1.4969361E-01
2.983560E-08,-1.4969361E-01
2.988560E-08,-1.4964090E-01
2.993560E-08,-1.4964090E-01
2.998560E-08,-1.4958819E-01
3.003560E-08,-1.4958819E-01
3.008560E-08,-1.4953548E-01
3.013560E-08,-1.4953548E-01
3.018560E-08,-1.4948277E-01
3.023560E-08,-1.4943006E-01
3.028560E-08,-1.4943006E-01
3.033560E-08,-1.4937735E-01
3.038560E-08,-1.4937735E-01
3.043560E-08,-1.4932464E-01
3.048560E-08,-1.4932464E-01
3.053560E-08,-1.4927194E-01
3.058560E-08,-1.4927194E-01
3.063560E-08,-1.4921923E-01
3.068560E-08,-1.4921923E-01
3.073560E-08,-1.4916652E-01
3.078560E-08,-1.4916652E-01
3.083560E-08,-1.4916652E-01
3.088560E-08,-1.4911381E-01
3.093560E-08,-1.4911381E-01
3.098560E-08,-1.4911381E-01
3.103560E-08,-1.4911381E-01
3.108560E-08,-1.4906110E-01
3.113560E-08,-1.4906110E-01
3.118560E-08,-1.4906110E-01
3.123560E-08,-1.4906110E-01
3.128560E-08,-1.4906110E-01
3.133560E-08,-1.4911381E-01
3.138560E-08,-1.4911381E-01
3.143560E-08,-1.4911381E-01
3.148560E-08,-1.4911381E-01
3.153560E-08,-1.4916652E-01
3.158560E-08,-1.4916652E-01
3.163560E-08,-1.4921923E-01
3.168560E-08,-1.4921923E-01
3.173560E-08,-1.4927194E-01
3.178560E-08,-1.4927194E-01
3.183560E-08,-1.4932464E-01
3.188560E-08,-1.4937735E-01
3.193560E-08,-1.4943006E-01
3.198560E-08,-1.4943006E-01
3.203560E-08,-1.4948277E-01
3.208560E-08,-1.4953548E-01
3.213560E-08,-1.4953548E-01
3.218560E-08,-1.4958819E-01
3.223560E-08,-1.4964090E-01
3.228560E-08,-1.4964090E-01
3.233560E-08,-1.4969361E-01
3.238560E-08,-1.4969361E-01
3.243560E-08,-1.4974632E-01
3.248560E-08,-1.4974632E-01
3.253560E-08,-1.4979903E-01
3.258560E-08,-1.4979903E-01
3.263560E-08,-1.4979903E-01
3.268560E-08,-1.4979903E-01
3.273560E-08,-1.4979903E-01
3.278560E-08,-1.4979903E-01
3.283560E-08,-1.4979903E-01
3.288560E-08,-1.4979903E-01
3.293560E-08,-1.4974632E-01
3.298560E-08,-1.4974632E-01
3.303560E-08,-1.4974632E-01
3.308560E-08,-1.4969361E-01
3.313560E-08,-1.4969361E-01
3.318560E-08,-1.4964090E-01
3.323560E-08,-1.4964090E-01
3.328560E-08,-1.4958819E-01
3.333560E-08,-1.4958819E-01
3.338560E-08,-1.4953548E-01
3.343560E-08,-1.4953548E-01
3.348560E-08,-1.4948277E-01
3.353560E-08,-1.4948277E-01
3.358560E-08,-1.4948277E-01
3.363560E-08,-1.4943006E-01
3.368560E-08,-1.4943006E-01
3.373560E-08,-1.4943006E-01
3.378560E-08,-1.4943006E-01
3.383560E-08,-1.4943006E-01
3.388560E-08,-1.4943006E-01
3.393560E-08,-1.4943006E-01
3.398560E-08,-1.4943006E-01
3.403560E-08,-1.4948277E-01
3.408560E-08,-1.4948277E-01
3.413560E-08,-1.4948277E-01
3.418560E-08,-1.4953548E-01
3.423560E-08,-1.4953548E-01
3.428560E-08,-1.4953548E-01
3.433560E-08,-1.4958819E-01
3.438560E-08,-1.4958819E-01
3.443560E-08,-1.4964090E-01
3.448560E-08,-1.4964090E-01
3.453560E-08,-1.4969361E-01
3.458560E-08,-1.4969361E-01
3.463560E-08,-1.4974632E-01
3.468560E-08,-1.4974632E-01
3.473560E-08,-1.4979903E-01
3.478560E-08,-1.4979903E-01
3.483560E-08,-1.4979903E-01
3.488560E-08,-1.4985173E-01
3.493560E-08,-1.4985173E-01
3.498560E-08,-1.4985173E-01
3.503560E-08,-1.4985173E-01
3.508560E-08,-1.4985173E-01
3.513560E-08,-1.4985173E-01
3.518560E-08,-1.4985173E-01
3.523560E-08,-1.4985173E-01
3.528560E-08,-1.4985173E-01
3.533560E-08,-1.4985173E-01
3.538560E-08,-1.4985173E-01
3.543560E-08,-1.4985173E-01
3.548560E-08,-1.4979903E-01
3.553560E-08,-1.4979903E-01
3.558560E-08,-1.4979903E-01
3.563560E-08,-1.4974632E-01
3.568560E-08,-1.4974632E-01
3.573560E-08,-1.4969361E-01
3.578560E-08,-1.4969361E-01
3.583560E-08,-1.4964090E-01
3.588560E-08,-1.4964090E-01
3.593560E-08,-1.4964090E-01
3.598560E-08,-1.4958819E-01
3.603560E-08,-1.4958819E-01
3.608560E-08,-1.4953548E-01
3.613560E-08,-1.4953548E-01
3.618560E-08,-1.4948277E-01
3.623560E-08,-1.4948277E-01
3.628560E-08,-1.4948277E-01
3.633560E-08,-1.4943006E-01
3.638560E-08,-1.4943006E-01
3.643560E-08,-1.4937735E-01
3.648560E-08,-1.4937735E-01
3.653560E-08,-1.4937735E-01
3.658560E-08,-1.4932464E-01
3.663560E-08,-1.4932464E-01
3.668560E-08,-1.4932464E-01
3.673560E-08,-1.4932464E-01
3.678560E-08,-1.4927194E-01
3.683560E-08,-1.4927194E-01
3.688560E-08,-1.4927194E-01
3.693560E-08,-1.4927194E-01
3.698560E-08,-1.4927194E-01
3.703560E-08,-1.4921923E-01
3.708560E-08,-1.4921923E-01
3.713560E-08,-1.4921923E-01
3.718560E-08,-1.4921923E-01
3.723560E-08,-1.4921923E-01
3.728560E-08,-1.4921923E-01
3.733560E-08,-1.4921923E-01
3.738560E-08,-1.4921923E-01
3.743560E-08,-1.4921923E-01
3.748560E-08,-1.4921923E-01
3.753560E-08,-1.4916652E-01
3.758560E-08,-1.4916652E-01
3.763560E-08,-1.4916652E-01
3.768560E-08,-1.4916652E-01
3.773560E-08,-1.4916652E-01
3.778560E-08,-1.4916652E-01
3.783560E-08,-1.4916652E-01
3.788560E-08,-1.4916652E-01
3.793560E-08,-1.4916652E-01
3.798560E-08,-1.4916652E-01
3.803560E-08,-1.4911381E-01
3.808560E-08,-1.4911381E-01
3.813560E-08,-1.4911381E-01
3.818560E-08,-1.4911381E-01
3.823560E-08,-1.4911381E-01
3.828560E-08,-1.4911381E-01
3.833560E-08,-1.4911381E-01
3.838560E-08,-1.4911381E-01
3.843560E-08,-1.4911381E-01
3.848560E-08,-1.4911381E-01
3.853560E-08,-1.4911381E-01
3.858560E-08,-1.4911381E-01
3.863560E-08,-1.4911381E-01
3.868560E-08,-1.4911381E-01
3.873560E-08,-1.4916652E-01
3.878560E-08,-1.4916652E-01
3.883560E-08,-1.4916652E-01
3.888560E-08,-1.4921923E-01
3.893560E-08,-1.4921923E-01
3.898560E-08,-1.4927194E-01
3.903560E-08,-1.4927194E-01
3.908560E-08,-1.4932464E-01
3.913560E-08,-1.4937735E-01
3.918560E-08,-1.4943006E-01
3.923560E-08,-1.4948277E-01
3.928560E-08,-1.4948277E-01
3.933560E-08,-1.4953548E-01
3.938560E-08,-1.4958819E-01
3.943560E-08,-1.4964090E-01
3.948560E-08,-1.4969361E-01
3.953560E-08,-1.4979903E-01
3.958560E-08,-1.4985173E-01
3.963560E-08,-1.4990444E-01
3.968560E-08,-1.4995715E-01
3.973560E-08,-1.5000986E-01
3.978560E-08,-1.5006257E-01
3.983560E-08,-1.5006257E-01
3.988560E-08,-1.5011528E-01
3.993560E-08,-1.5016799E-01
3.998560E-08,-1.5022070E-01
4.003560E-08,-1.5022070E-01
4.008560E-08,-1.5027341E-01
4.013560E-08,-1.5027341E-01
4.018560E-08,-1.5027341E-01
4.023560E-08,-1.5032612E-01
4.028560E-08,-1.5032612E-01
4.033560E-08,-1.5032612E-01
4.038560E-08,-1.5032612E-01
4.043560E-08,-1.5032612E-01
4.048560E-08,-1.5032612E-01
4.053560E-08,-1.5032612E-01
4.058560E-08,-1.5032612E-01
4.063560E-08,-1.5027341E-01
4.068560E-08,-1.5027341E-01
4.073560E-08,-1.5027341E-01
4.078560E-08,-1.5027341E-01
4.083560E-08,-1.5022070E-01
4.088560E-08,-1.5022070E-01
4.093560E-08,-1.5022070E-01
4.098560E-08,-1.5022070E-01
4.103560E-08,-1.5022070E-01
4.108560E-08,-1.5016799E-01
4.113560E-08,-1.5016799E-01
4.118560E-08,-1.5016799E-01
4.123560E-08,-1.5016799E-01
4.128560E-08,-1.5016799E-01
4.133560E-08,-1.5022070E-01
4.138560E-08,-1.5022070E-01
4.143560E-08,-1.5022070E-01
4.148560E-08,-1.5022070E-01
4.153560E-08,-1.5022070E-01
4.158560E-08,-1.5027341E-01
4.163560E-08,-1.5027341E-01
4.168560E-08,-1.5027341E-01
4.173560E-08,-1.5032612E-01
4.178560E-08,-1.5032612E-01
4.183560E-08,-1.5032612E-01
4.188560E-08,-1.5032612E-01
4.193560E-08,-1.5032612E-01
4.198560E-08,-1.5037883E-01
4.203560E-08,-1.5037883E-01
4.208560E-08,-1.5037883E-01
4.213560E-08,-1.5032612E-01
4.218560E-08,-1.5032612E-01
4.223560E-08,-1.5032612E-01
4.228560E-08,-1.5032612E-01
4.233560E-08,-1.5027341E-01
4.238560E-08,-1.5027341E-01
4.243560E-08,-1.5022070E-01
4.248560E-08,-1.5022070E-01
4.253560E-08,-1.5016799E-01
4.258560E-08,-1.5011528E-01
4.263560E-08,-1.5006257E-01
4.268560E-08,-1.5006257E-01
4.273560E-08,-1.5000986E-01
4.278560E-08,-1.4995715E-01
4.283560E-08,-1.4990444E-01
4.288560E-08,-1.4990444E-01
4.293560E-08,-1.4985173E-01
4.298560E-08,-1.4985173E-01
4.303560E-08,-1.4979903E-01
4.308560E-08,-1.4979903E-01
4.313560E-08,-1.4974632E-01
4.318560E-08,-1.4974632E-01
4.323560E-08,-1.4974632E-01
4.328560E-08,-1.4969361E-01
4.333560E-08,-1.4969361E-01
4.338560E-08,-1.4969361E-01
4.343560E-08,-1.4969361E-01
4.348560E-08,-1.4969361E-01
4.353560E-08,-1.4969361E-01
4.358560E-08,-1.4974632E-01
4.363560E-08,-1.4974632E-01
4.368560E-08,-1.4974632E-01
4.373560E-08,-1.4974632E-01
4.378560E-08,-1.4974632E-01
4.383560E-08,-1.4974632E-01
4.388560E-08,-1.4979903E-01
4.393560E-08,-1.4979903E-01
4.398560E-08,-1.4974632E-01
4.403560E-08,-1.4974632E-01
4.408560E-08,-1.4974632E-01
4.413560E-08,-1.4974632E-01
4.418560E-08,-1.4969361E-01
4.423560E-08,-1.4969361E-01
4.428560E-08,-1.4964090E-01
4.433560E-08,-1.4958819E-01
4.438560E-08,-1.4953548E-01
4.443560E-08,-1.4948277E-01
4.448560E-08,-1.4943006E-01
4.453560E-08,-1.4937735E-01
4.458560E-08,-1.4932464E-01
4.463560E-08,-1.4927194E-01
4.468560E-08,-1.4916652E-01
4.473560E-08,-1.4911381E-01
4.478560E-08,-1.4906110E-01
4.483560E-08,-1.4895568E-01
4.488560E-08,-1.4890297E-01
4.493560E-08,-1.4885026E-01
4.498560E-08,-1.4879755E-01
4.503560E-08,-1.4874485E-01
4.508560E-08,-1.4869214E-01
4.513560E-08,-1.4863943E-01
4.518560E-08,-1.4863943E-01
4.523560E-08,-1.4858672E-01
4.528560E-08,-1.4858672E-01
4.533560E-08,-1.4858672E-01
4.538560E-08,-1.4858672E-01
4.543560E-08,-1.4858672E-01
4.548560E-08,-1.4858672E-01
4.553560E-08,-1.4858672E-01
4.558560E-08,-1.4863943E-01
4.563560E-08,-1.4863943E-01
4.568560E-08,-1.4869214E-01
4.573560E-08,-1.4869214E-01
4.578560E-08,-1.4874485E-01
4.583560E-08,-1.4879755E-01
4.588560E-08,-1.4885026E-01
4.593560E-08,-1.4885026E-01
4.598560E-08,-1.4890297E-01
4.603560E-08,-1.4895568E-01
4.608560E-08,-1.4900839E-01
4.613560E-08,-1.4900839E-01
4.618560E-08,-1.4906110E-01
4.623560E-08,-1.4906110E-01
4.628560E-08,-1.4906110E-01
4.633560E-08,-1.4906110E-01
4.638560E-08,-1.4906110E-01
4.643560E-08,-1.4906110E-01
4.648560E-08,-1.4906110E-01
4.653560E-08,-1.4906110E-01
4.658560E-08,-1.4900839E-01
4.663560E-08,-1.4895568E-01
4.668560E-08,-1.4895568E-01
4.673560E-08,-1.4890297E-01
4.678560E-08,-1.4885026E-01
4.683560E-08,-1.4879755E-01
4.688560E-08,-1.4874485E-01
4.693560E-08,-1.4874485E-01
4.698560E-08,-1.4869214E-01
4.703560E-08,-1.4863943E-01
4.708560E-08,-1.4858672E-01
4.713560E-08,-1.4853401E-01
4.718560E-08,-1.4853401E-01
4.723560E-08,-1.4848130E-01
4.728560E-08,-1.4848130E-01
4.733560E-08,-1.4848130E-01
4.738560E-08,-1.4848130E-01
4.743560E-08,-1.4848130E-01
4.748560E-08,-1.4848130E-01
4.753560E-08,-1.4853401E-01
4.758560E-08,-1.4853401E-01
4.763560E-08,-1.4858672E-01
4.768560E-08,-1.4863943E-01
4.773560E-08,-1.4869214E-01
4.778560E-08,-1.4874485E-01
4.783560E-08,-1.4879755E-01
4.788560E-08,-1.4885026E-01
4.793560E-08,-1.4895568E-01
4.798560E-08,-1.4900839E-01
4.803560E-08,-1.4906110E-01
4.808560E-08,-1.4911381E-01
4.813560E-08,-1.4921923E-01
4.818560E-08,-1.4927194E-01
4.823560E-08,-1.4932464E-01
4.828560E-08,-1.4937735E-01
4.833560E-08,-1.4943006E-01
4.838560E-08,-1.4948277E-01
4.843560E-08,-1.4948277E-01
4.848560E-08,-1.4953548E-01
4.853560E-08,-1.4953548E-01
4.858560E-08,-1.4953548E-01
4.863560E-08,-1.4953548E-01
4.868560E-08,-1.4953548E-01
4.873560E-08,-1.4953548E-01
4.878560E-08,-1.4948277E-01
4.883560E-08,-1.4948277E-01
4.888560E-08,-1.4943006E-01
4.893560E-08,-1.4937735E-01
4.898560E-08,-1.4932464E-01
4.903560E-08,-1.4927194E-01
4.908560E-08,-1.4927194E-01
4.913560E-08,-1.4921923E-01
4.918560E-08,-1.4916652E-01
4.923560E-08,-1.4911381E-01
4.928560E-08,-1.4906110E-01
4.933560E-08,-1.4900839E-01
4.938560E-08,-1.4900839E-01
4.943560E-08,-1.4895568E-01
4.948560E-08,-1.4895568E-01
4.953560E-08,-1.4895568E-01
4.958560E-08,-1.4890297E-01
4.963560E-08,-1.4890297E-01
4.968560E-08,-1.4890297E-01
4.973560E-08,-1.4895568E-01
4.978560E-08,-1.4895568E-01
4.983560E-08,-1.4895568E-01
4.988560E-08,-1.4900839E-01
4.993560E-08,-1.4906110E-01
4.998560E-08,-1.4906110E-01
5.003560E-08,-1.4911381E-01
5.008560E-08,-1.4916652E-01
5.013560E-08,-1.4921923E-01
5.018560E-08,-1.4927194E-01
5.023560E-08,-1.4932464E-01
5.028560E-08,-1.4932464E-01
5.033560E-08,-1.4937735E-01
5.038560E-08,-1.4943006E-01
5.043560E-08,-1.4948277E-01
5.048560E-08,-1.4948277E-01
5.053560E-08,-1.4953548E-01
5.058560E-08,-1.4953548E-01
5.063560E-08,-1.4953548E-01
5.068560E-08,-1.4953548E-01
5.073560E-08,-1.4953548E-01
5.078560E-08,-1.4953548E-01
5.083560E-08,-1.4953548E-01
5.088560E-08,-1.4948277E-01
5.093560E-08,-1.4948277E-01
5.098560E-08,-1.4943006E-01
5.103560E-08,-1.4937735E-01
5.108560E-08,-1.4937735E-01
5.113560E-08,-1.4932464E-01
5.118560E-08,-1.4927194E-01
5.123560E-08,-1.4921923E-01
5.128560E-08,-1.4916652E-01
5.133560E-08,-1.4911381E-01
5.138560E-08,-1.4911381E-01
5.143560E-08,-1.4906110E-01
5.148560E-08,-1.4900839E-01
5.153560E-08,-1.4900839E-01
5.158560E-08,-1.4900839E-01
5.163560E-08,-1.4895568E-01
5.168560E-08,-1.4895568E-01
5.173560E-08,-1.4895568E-01
5.178560E-08,-1.4895568E-01
5.183560E-08,-1.4900839E-01
5.188560E-08,-1.4900839E-01
5.193560E-08,-1.4906110E-01
5.198560E-08,-1.4911381E-01
5.203560E-08,-1.4916652E-01
5.208560E-08,-1.4916652E-01
5.213560E-08,-1.4927194E-01
5.218560E-08,-1.4932464E-01
5.223560E-08,-1.4937735E-01
5.228560E-08,-1.4943006E-01
5.233560E-08,-1.4948277E-01
5.238560E-08,-1.4958819E-01
5.243560E-08,-1.4964090E-01
5.248560E-08,-1.4969361E-01
5.253560E-08,-1.4974632E-01
5.258560E-08,-1.4979903E-01
5.263560E-08,-1.4985173E-01
5.268560E-08,-1.4990444E-01
5.273560E-08,-1.4995715E-01
5.278560E-08,-1.4995715E-01
5.283560E-08,-1.5000986E-01
5.288560E-08,-1.5000986E-01
5.293560E-08,-1.5000986E-01
5.298560E-08,-1.5000986E-01
5.303560E-08,-1.5000986E-01
5.308560E-08,-1.5000986E-01
5.313560E-08,-1.4995715E-01
5.318560E-08,-1.4995715E-01
5.323560E-08,-1.4990444E-01
5.328560E-08,-1.4985173E-01
5.333560E-08,-1.4979903E-01
5.338560E-08,-1.4974632E-01
5.343560E-08,-1.4969361E-01
5.348560E-08,-1.4964090E-01
5.353560E-08,-1.4958819E-01
5.358560E-08,-1.4953548E-01
5.363560E-08,-1.4948277E-01
5.368560E-08,-1.4943006E-01
5.373560E-08,-1.4937735E-01
5.378560E-08,-1.4932464E-01
5.383560E-08,-1.4927194E-01
5.388560E-08,-1.4927194E-01
5.393560E-08,-1.4921923E-01
5.398560E-08,-1.4916652E-01
5.403560E-08,-1.4916652E-01
5.408560E-08,-1.4911381E-01
5.413560E-08,-1.4911381E-01
5.418560E-08,-1.4911381E-01
5.423560E-08,-1.4911381E-01
5.428560E-08,-1.4911381E-01
5.433560E-08,-1.4916652E-01
5.438560E-08,-1.4916652E-01
5.443560E-08,-1.4916652E-01
5.448560E-08,-1.4921923E-01
5.453560E-08,-1.4921923E-01
5.458560E-08,-1.4927194E-01
5.463560E-08,-1.4932464E-01
5.468560E-08,-1.4932464E-01
5.473560E-08,-1.4937735E-01
5.478560E-08,-1.4943006E-01
5.483560E-08,-1.4943006E-01
5.488560E-08,-1.4948277E-01
5.493560E-08,-1.4948277E-01
5.498560E-08,-1.4953548E-01
5.503560E-08,-1.4953548E-01
5.508560E-08,-1.4958819E-01
5.513560E-08,-1.4958819E-01
5.518560E-08,-1.4964090E-01
5.523560E-08,-1.4964090E-01
5.528560E-08,-1.4964090E-01
5.533560E-08,-1.4964090E-01
5.538560E-08,-1.4964090E-01
5.543560E-08,-1.4964090E-01
5.548560E-08,-1.4964090E-01
5.553560E-08,-1.4964090E-01
5.558560E-08,-1.4964090E-01
5.563560E-08,-1.4964090E-01
5.568560E-08,-1.4964090E-01
5.573560E-08,-1.4964090E-01
5.578560E-08,-1.4964090E-01
5.583560E-08,-1.4964090E-01
5.588560E-08,-1.4958819E-01
5.593560E-08,-1.4958819E-01
5.598560E-08,-1.4958819E-01
5.603560E-08,-1.4964090E-01
5.608560E-08,-1.4964090E-01
5.613560E-08,-1.4964090E-01
5.618560E-08,-1.4964090E-01
5.623560E-08,-1.4969361E-01
5.628560E-08,-1.4969361E-01
5.633560E-08,-1.4969361E-01
5.638560E-08,-1.4974632E-01
5.643560E-08,-1.4974632E-01
5.648560E-08,-1.4979903E-01
5.653560E-08,-1.4985173E-01
5.658560E-08,-1.4985173E-01
5.663560E-08,-1.4990444E-01
5.668560E-08,-1.4995715E-01
5.673560E-08,-1.4995715E-01
5.678560E-08,-1.5000986E-01
5.683560E-08,-1.5006257E-01
5.688560E-08,-1.5006257E-01
5.693560E-08,-1.5011528E-01
5.698560E-08,-1.5011528E-01
5.703560E-08,-1.5016799E-01
5.708560E-08,-1.5016799E-01
5.713560E-08,-1.5016799E-01
5.718560E-08,-1.5022070E-01
5.723560E-08,-1.5022070E-01
5.728560E-08,-1.5022070E-01
5.733560E-08,-1.5022070E-01
5.738560E-08,-1.5022070E-01
5.743560E-08,-1.5016799E-01
5.748560E-08,-1.5016799E-01
5.753560E-08,-1.5011528E-01
5.758560E-08,-1.5011528E-01
5.763560E-08,-1.5006257E-01
5.768560E-08,-1.5000986E-01
5.773560E-08,-1.5000986E-01
5.778560E-08,-1.4995715E-01
5.783560E-08,-1.4990444E-01
5.788560E-08,-1.4985173E-01
5.793560E-08,-1.4974632E-01
5.798560E-08,-1.4969361E-01
5.803560E-08,-1.4964090E-01
5.808560E-08,-1.4953548E-01
5.813560E-08,-1.4948277E-01
5.818560E-08,-1.4943006E-01
5.823560E-08,-1.4932464E-01
5.828560E-08,-1.4927194E-01
5.833560E-08,-1.4916652E-01
5.838560E-08,-1.4911381E-01
5.843560E-08,-1.4906110E-01
5.848560E-08,-1.4895568E-01
5.853560E-08,-1.4890297E-01
5.858560E-08,-1.4885026E-01
5.863560E-08,-1.4874485E-01
5.868560E-08,-1.4869214E-01
5.873560E-08,-1.4863943E-01
5.878560E-08,-1.4853401E-01
5.883560E-08,-1.4848130E-01
5.888560E-08,-1.4842859E-01
5.893560E-08,-1.4837588E-01
5.898560E-08,-1.4832317E-01
5.903560E-08,-1.4827046E-01
5.908560E-08,-1.4821776E-01
5.913560E-08,-1.4816505E-01
5.918560E-08,-1.4816505E-01
5.923560E-08,-1.4811234E-01
5.928560E-08,-1.4805963E-01
5.933560E-08,-1.4805963E-01
5.938560E-08,-1.4800692E-01
5.943560E-08,-1.4800692E-01
5.948560E-08,-1.4795421E-01
5.953560E-08,-1.4795421E-01
5.958560E-08,-1.4795421E-01
5.963560E-08,-1.4795421E-01
5.968560E-08,-1.4795421E-01
5.973560E-08,-1.4795421E-01
5.978560E-08,-1.4800692E-01
5.983560E-08,-1.4800692E-01
5.988560E-08,-1.4800692E-01
5.993560E-08,-1.4805963E-01
5.998560E-08,-1.4811234E-01
6.003560E-08,-1.4816505E-01
6.008560E-08,-1.4821776E-01
6.013560E-08,-1.4827046E-01
6.018560E-08,-1.4832317E-01
6.023560E-08,-1.4837588E-01
6.028560E-08,-1.4848130E-01
6.033560E-08,-1.4853401E-01
6.038560E-08,-1.4863943E-01
6.043560E-08,-1.4869214E-01
6.048560E-08,-1.4879755E-01
6.053560E-08,-1.4885026E-01
6.058560E-08,-1.4895568E-01
6.063560E-08,-1.4906110E-01
6.068560E-08,-1.4916652E-01
6.073560E-08,-1.4921923E-01
6.078560E-08,-1.4932464E-01
6.083560E-08,-1.4943006E-01
6.088560E-08,-1.4948277E-01
6.093560E-08,-1.4958819E-01
6.098560E-08,-1.4964090E-01
6.103560E-08,-1.4969361E-01
6.108560E-08,-1.4979903E-01
6.113560E-08,-1.4985173E-01
6.118560E-08,-1.4990444E-01
6.123560E-08,-1.4995715E-01
6.128560E-08,-1.4995715E-01
6.133560E-08,-1.5000986E-01
6.138560E-08,-1.5000986E-01
6.143560E-08,-1.5006257E-01
6.148560E-08,-1.5006257E-01
6.153560E-08,-1.5006257E-01
6.158560E-08,-1.5006257E-01
6.163560E-08,-1.5000986E-01
6.168560E-08,-1.5000986E-01
6.173560E-08,-1.5000986E-01
6.178560E-08,-1.4995715E-01
6.183560E-08,-1.4995715E-01
6.188560E-08,-1.4990444E-01
6.193560E-08,-1.4985173E-01
6.198560E-08,-1.4979903E-01
6.203560E-08,-1.4974632E-01
6.208560E-08,-1.4974632E-01
6.213560E-08,-1.4969361E-01
6.218560E-08,-1.4964090E-01
6.223560E-08,-1.4958819E-01
6.228560E-08,-1.4958819E-01
6.233560E-08,-1.4953548E-01
6.238560E-08,-1.4948277E-01
6.243560E-08,-1.4948277E-01
6.248560E-08,-1.4943006E-01
6.253560E-08,-1.4943006E-01
6.258560E-08,-1.4943006E-01
6.263560E-08,-1.4943006E-01
6.268560E-08,-1.4943006E-01
6.273560E-08,-1.4943006E-01
6.278560E-08,-1.4943006E-01
6.283560E-08,-1.4948277E-01
6.288560E-08,-1.4948277E-01
6.293560E-08,-1.4953548E-01
6.298560E-08,-1.4953548E-01
6.303560E-08,-1.4958819E-01
6.308560E-08,-1.4964090E-01
6.313560E-08,-1.4969361E-01
6.318560E-08,-1.4969361E-01
6.323560E-08,-1.4974632E-01
6.328560E-08,-1.4979903E-01
6.333560E-08,-1.4985173E-01
6.338560E-08,-1.4990444E-01
6.343560E-08,-1.4995715E-01
6.348560E-08,-1.4995715E-01
6.353560E-08,-1.5000986E-01
6.358560E-08,-1.5006257E-01
6.363560E-08,-1.5006257E-01
6.368560E-08,-1.5006257E-01
6.373560E-08,-1.5011528E-01
6.378560E-08,-1.5011528E-01
6.383560E-08,-1.5011528E-01
6.388560E-08,-1.5011528E-01
6.393560E-08,-1.5006257E-01
6.398560E-08,-1.5006257E-01
6.403560E-08,-1.5000986E-01
6.408560E-08,-1.5000986E-01
6.413560E-08,-1.4995715E-01
6.418560E-08,-1.4990444E-01
6.423560E-08,-1.4985173E-01
6.428560E-08,-1.4979903E-01
6.433560E-08,-1.4969361E-01
6.438560E-08,-1.4964090E-01
6.443560E-08,-1.4958819E-01
6.448560E-08,-1.4948277E-01
6.453560E-08,-1.4943006E-01
6.458560E-08,-1.4932464E-01
6.463560E-08,-1.4927194E-01
6.468560E-08,-1.4916652E-01
6.473560E-08,-1.4911381E-01
6.478560E-08,-1.4906110E-01
6.483560E-08,-1.4895568E-01
6.488560E-08,-1.4890297E-01
6.493560E-08,-1.4885026E-01
6.498560E-08,-1.4879755E-01
6.503560E-08,-1.4874485E-01
6.508560E-08,-1.4869214E-01
6.513560E-08,-1.4869214E-01
6.518560E-08,-1.4863943E-01
6.523560E-08,-1.4858672E-01
6.528560E-08,-1.4858672E-01
6.533560E-08,-1.4858672E-01
6.538560E-08,-1.4858672E-01
6.543560E-08,-1.4858672E-01
6.548560E-08,-1.4858672E-01
6.553560E-08,-1.4858672E-01
6.558560E-08,-1.4858672E-01
6.563560E-08,-1.4858672E-01
6.568560E-08,-1.4858672E-01
6.573560E-08,-1.4863943E-01
6.578560E-08,-1.4863943E-01
6.583560E-08,-1.4863943E-01
6.588560E-08,-1.4869214E-01
6.593560E-08,-1.4869214E-01
6.598560E-08,-1.4869214E-01
6.603560E-08,-1.4874485E-01
6.608560E-08,-1.4874485E-01
6.613560E-08,-1.4879755E-01
6.618560E-08,-1.4879755E-01
6.623560E-08,-1.4879755E-01
6.628560E-08,-1.4879755E-01
6.633560E-08,-1.4885026E-01
6.638560E-08,-1.4885026E-01
6.643560E-08,-1.4885026E-01
6.648560E-08,-1.4885026E-01
6.653560E-08,-1.4885026E-01
6.658560E-08,-1.4885026E-01
6.663560E-08,-1.4885026E-01
6.668560E-08,-1.4885026E-01
6.673560E-08,-1.4885026E-01
6.678560E-08,-1.4890297E-01
6.683560E-08,-1.4890297E-01
6.688560E-08,-1.4890297E-01
6.693560E-08,-1.4890297E-01
6.698560E-08,-1.4890297E-01
6.703560E-08,-1.4895568E-01
6.708560E-08,-1.4895568E-01
6.713560E-08,-1.4895568E-01
6.718560E-08,-1.4900839E-01
6.723560E-08,-1.4900839E-01
6.728560E-08,-1.4906110E-01
6.733560E-08,-1.4911381E-01
6.738560E-08,-1.4911381E-01
6.743560E-08,-1.4916652E-01
6.748560E-08,-1.4921923E-01
6.753560E-08,-1.4927194E-01
6.758560E-08,-1.4932464E-01
6.763560E-08,-1.4937735E-01
6.768560E-08,-1.4943006E-01
6.773560E-08,-1.4948277E-01
6.778560E-08,-1.4953548E-01
6.783560E-08,-1.4958819E-01
6.788560E-08,-1.4958819E-01
6.793560E-08,-1.4964090E-01
6.798560E-08,-1.4969361E-01
6.803560E-08,-1.4974632E-01
6.808560E-08,-1.4974632E-01
6.813560E-08,-1.4979903E-01
6.818560E-08,-1.4979903E-01
6.823560E-08,-1.4985173E-01
6.828560E-08,-1.4985173E-01
6.833560E-08,-1.4985173E-01
6.838560E-08,-1.4985173E-01
6.843560E-08,-1.4985173E-01
6.848560E-08,-1.4985173E-01
6.853560E-08,-1.4985173E-01
6.858560E-08,-1.4985173E-01
6.863560E-08,-1.4979903E-01
6.868560E-08,-1.4979903E-01
6.873560E-08,-1.4979903E-01
6.878560E-08,-1.4974632E-01
6.883560E-08,-1.4969361E-01
6.888560E-08,-1.4969361E-01
6.893560E-08,-1.4964090E-01
6.898560E-08,-1.4964090E-01
6.903560E-08,-1.4958819E-01
6.908560E-08,-1.4958819E-01
6.913560E-08,-1.4953548E-01
6.918560E-08,-1.4953548E-01
6.923560E-08,-1.4953548E-01
6.928560E-08,-1.4948277E-01
6.933560E-08,-1.4948277E-01
6.938560E-08,-1.4948277E-01
6.943560E-08,-1.4948277E-01
6.948560E-08,-1.4948277E-01
6.953560E-08,-1.4953548E-01
6.958560E-08,-1.4953548E-01
6.963560E-08,-1.4958819E-01
6.968560E-08,-1.4958819E-01
6.973560E-08,-1.4964090E-01
6.978560E-08,-1.4969361E-01
6.983560E-08,-1.4974632E-01
6.988560E-08,-1.4979903E-01
6.993560E-08,-1.4985173E-01
6.998560E-08,-1.4995715E-01
7.003560E-08,-1.5000986E-01
7.008560E-08,-1.5006257E-01
7.013560E-08,-1.5011528E-01
7.018560E-08,-1.5016799E-01
7.023560E-08,-1.5022070E-01
7.028560E-08,-1.5032612E-01
7.033560E-08,-1.5037883E-01
7.038560E-08,-1.5043153E-01
7.043560E-08,-1.5043153E-01
7.048560E-08,-1.5048424E-01
7.053560E-08,-1.5053695E-01
7.058560E-08,-1.5053695E-01
7.063560E-08,-1.5053695E-01
7.068560E-08,-1.5053695E-01
7.073560E-08,-1.5053695E-01
7.078560E-08,-1.5053695E-01
7.083560E-08,-1.5053695E-01
7.088560E-08,-1.5048424E-01
7.093560E-08,-1.5043153E-01
7.098560E-08,-1.5037883E-01
7.103560E-08,-1.5032612E-01
7.108560E-08,-1.5027341E-01
7.113560E-08,-1.5022070E-01
7.118560E-08,-1.5016799E-01
7.123560E-08,-1.5006257E-01
7.128560E-08,-1.5000986E-01
7.133560E-08,-1.4990444E-01
7.138560E-08,-1.4985173E-01
7.143560E-08,-1.4974632E-01
7.148560E-08,-1.4969361E-01
7.153560E-08,-1.4958819E-01
7.158560E-08,-1.4953548E-01
7.163560E-08,-1.4948277E-01
7.168560E-08,-1.4943006E-01
7.173560E-08,-1.4937735E-01
7.178560E-08,-1.4932464E-01
7.183560E-08,-1.4927194E-01
7.188560E-08,-1.4927194E-01
7.193560E-08,-1.4921923E-01
7.198560E-08,-1.4921923E-01
7.203560E-08,-1.4921923E-01
7.208560E-08,-1.4921923E-01
7.213560E-08,-1.4927194E-01
7.218560E-08,-1.4927194E-01
7.223560E-08,-1.4932464E-01
7.228560E-08,-1.4937735E-01
7.233560E-08,-1.4943006E-01
7.238560E-08,-1.4948277E-01
7.243560E-08,-1.4953548E-01
7.248560E-08,-1.4958819E-01
7.253560E-08,-1.4964090E-01
7.258560E-08,-1.4969361E-01
7.263560E-08,-1.4979903E-01
7.268560E-08,-1.4985173E-01
7.273560E-08,-1.4990444E-01
7.278560E-08,-1.4995715E-01
7.283560E-08,-1.5000986E-01
7.288560E-08,-1.5006257E-01
7.293560E-08,-1.5011528E-01
7.298560E-08,-1.5016799E-01
7.303560E-08,-1.5022070E-01
7.308560E-08,-1.5022070E-01
7.313560E-08,-1.5027341E-01
7.318560E-08,-1.5027341E-01
7.323560E-08,-1.5027341E-01
7.328560E-08,-1.5027341E-01
7.333560E-08,-1.5027341E-01
7.338560E-08,-1.5027341E-01
7.343560E-08,-1.5022070E-01
7.348560E-08,-1.5022070E-01
7.353560E-08,-1.5016799E-01
7.358560E-08,-1.5011528E-01
7.363560E-08,-1.5006257E-01
7.368560E-08,-1.5000986E-01
7.373560E-08,-1.4995715E-01
7.378560E-08,-1.4990444E-01
7.383560E-08,-1.4985173E-01
7.388560E-08,-1.4979903E-01
7.393560E-08,-1.4974632E-01
7.398560E-08,-1.4969361E-01
7.403560E-08,-1.4964090E-01
7.408560E-08,-1.4958819E-01
7.413560E-08,-1.4958819E-01
7.418560E-08,-1.4953548E-01
7.423560E-08,-1.4953548E-01
7.428560E-08,-1.4948277E-01
7.433560E-08,-1.4948277E-01
7.438560E-08,-1.4948277E-01
7.443560E-08,-1.4948277E-01
7.448560E-08,-1.4948277E-01
7.453560E-08,-1.4953548E-01
7.458560E-08,-1.4953548E-01
7.463560E-08,-1.4958819E-01
7.468560E-08,-1.4964090E-01
7.473560E-08,-1.4969361E-01
7.478560E-08,-1.4974632E-01
7.483560E-08,-1.4974632E-01
7.488560E-08,-1.4979903E-01
7.493560E-08,-1.4985173E-01
7.498560E-08,-1.4995715E-01
7.503560E-08,-1.5000986E-01
7.508560E-08,-1.5000986E-01
7.513560E-08,-1.5006257E-01
7.518560E-08,-1.5011528E-01
7.523560E-08,-1.5016799E-01
7.528560E-08,-1.5022070E-01
7.533560E-08,-1.5022070E-01
7.538560E-08,-1.5022070E-01
7.543560E-08,-1.5027341E-01
7.548560E-08,-1.5027341E-01
7.553560E-08,-1.5027341E-01
7.558560E-08,-1.5022070E-01
7.563560E-08,-1.5022070E-01
7.568560E-08,-1.5016799E-01
7.573560E-08,-1.5016799E-01
7.578560E-08,-1.5011528E-01
7.583560E-08,-1.5006257E-01
7.588560E-08,-1.5000986E-01
7.593560E-08,-1.4995715E-01
7.598560E-08,-1.4990444E-01
7.603560E-08,-1.4985173E-01
7.608560E-08,-1.4974632E-01
7.613560E-08,-1.4969361E-01
7.618560E-08,-1.4964090E-01
7.623560E-08,-1.4958819E-01
7.628560E-08,-1.4948277E-01
7.633560E-08,-1.4943006E-01
7.638560E-08,-1.4937735E-01
7.643560E-08,-1.4932464E-01
7.648560E-08,-1.4927194E-01
7.653560E-08,-1.4927194E-01
7.658560E-08,-1.4921923E-01
7.663560E-08,-1.4921923E-01
7.668560E-08,-1.4916652E-01
7.673560E-08,-1.4916652E-01
7.678560E-08,-1.4916652E-01
7.683560E-08,-1.4921923E-01
7.688560E-08,-1.4921923E-01
7.693560E-08,-1.4921923E-01
7.698560E-08,-1.4927194E-01
7.703560E-08,-1.4932464E-01
7.708560E-08,-1.4932464E-01
7.713560E-08,-1.4937735E-01
7.718560E-08,-1.4943006E-01
7.723560E-08,-1.4948277E-01
7.728560E-08,-1.4953548E-01
7.733560E-08,-1.4958819E-01
7.738560E-08,-1.4964090E-01
7.743560E-08,-1.4969361E-01
7.748560E-08,-1.4974632E-01
7.753560E-08,-1.4974632E-01
7.758560E-08,-1.4979903E-01
7.763560E-08,-1.4985173E-01
7.768560E-08,-1.4985173E-01
7.773560E-08,-1.4990444E-01
7.778560E-08,-1.4990444E-01
7.783560E-08,-1.4990444E-01
7.788560E-08,-1.4990444E-01
7.793560E-08,-1.4990444E-01
7.798560E-08,-1.4990444E-01
7.803560E-08,-1.4985173E-01
7.808560E-08,-1.4985173E-01
7.813560E-08,-1.4985173E-01
7.818560E-08,-1.4979903E-01
7.823560E-08,-1.4979903E-01
7.828560E-08,-1.4974632E-01
7.833560E-08,-1.4969361E-01
7.838560E-08,-1.4969361E-01
7.843560E-08,-1.4964090E-01
7.848560E-08,-1.4964090E-01
7.853560E-08,-1.4958819E-01
7.858560E-08,-1.4958819E-01
7.863560E-08,-1.4953548E-01
7.868560E-08,-1.4953548E-01
7.873560E-08,-1.4953548E-01
7.878560E-08,-1.4953548E-01
7.883560E-08,-1.4953548E-01
7.888560E-08,-1.4953548E-01
7.893560E-08,-1.4953548E-01
7.898560E-08,-1.4958819E-01
7.903560E-08,-1.4958819E-01
7.908560E-08,-1.4964090E-01
7.913560E-08,-1.4969361E-01
7.918560E-08,-1.4969361E-01
7.923560E-08,-1.4974632E-01
7.928560E-08,-1.4979903E-01
7.933560E-08,-1.4985173E-01
7.938560E-08,-1.4990444E-01
7.943560E-08,-1.4995715E-01
7.948560E-08,-1.5000986E-01
7.953560E-08,-1.5006257E-01
7.958560E-08,-1.5011528E-01
7.963560E-08,-1.5016799E-01
7.968560E-08,-1.5016799E-01
7.973560E-08,-1.5022070E-01
7.978560E-08,-1.5022070E-01
7.983560E-08,-1.5027341E-01
7.988560E-08,-1.5027341E-01
7.993560E-08,-1.5027341E-01
7.998560E-08,-1.5027341E-01
8.003560E-08,-1.5027341E-01
8.008560E-08,-1.5027341E-01
8.013560E-08,-1.5022070E-01
8.018560E-08,-1.5022070E-01
8.023560E-08,-1.5016799E-01
8.028560E-08,-1.5011528E-01
8.033560E-08,-1.5011528E-01
8.038560E-08,-1.5006257E-01
8.043560E-08,-1.5000986E-01
8.048560E-08,-1.4995715E-01
8.053560E-08,-1.4990444E-01
8.058560E-08,-1.4985173E-01
8.063560E-08,-1.4979903E-01
8.068560E-08,-1.4974632E-01
8.073560E-08,-1.4969361E-01
8.078560E-08,-1.4969361E-01
8.083560E-08,-1.4964090E-01
8.088560E-08,-1.4964090E-01
8.093560E-08,-1.4958819E-01
8.098560E-08,-1.4958819E-01
8.103560E-08,-1.4958819E-01
8.108560E-08,-1.4958819E-01
8.113560E-08,-1.4958819E-01
8.118560E-08,-1.4958819E-01
8.123560E-08,-1.4964090E-01
8.128560E-08,-1.4964090E-01
8.133560E-08,-1.4969361E-01
8.138560E-08,-1.4974632E-01
8.143560E-08,-1.4979903E-01
8.148560E-08,-1.4985173E-01
8.153560E-08,-1.4990444E-01
8.158560E-08,-1.4995715E-01
8.163560E-08,-1.5000986E-01
8.168560E-08,-1.5006257E-01
8.173560E-08,-1.5011528E-01
8.178560E-08,-1.5011528E-01
8.183560E-08,-1.5016799E-01
8.188560E-08,-1.5022070E-01
8.193560E-08,-1.5022070E-01
8.198560E-08,-1.5027341E-01
8.203560E-08,-1.5027341E-01
8.208560E-08,-1.5027341E-01
8.213560E-08,-1.5027341E-01
8.218560E-08,-1.5027341E-01
8.223560E-08,-1.5027341E-01
8.228560E-08,-1.5022070E-01
8.233560E-08,-1.5016799E-01
8.238560E-08,-1.5016799E-01
8.243560E-08,-1.5011528E-01
8.248560E-08,-1.5006257E-01
8.253560E-08,-1.4995715E-01
8.258560E-08,-1.4990444E-01
8.263560E-08,-1.4985173E-01
8.268560E-08,-1.4979903E-01
8.273560E-08,-1.4969361E-01
8.278560E-08,-1.4964090E-01
8.283560E-08,-1.4958819E-01
8.288560E-08,-1.4948277E-01
8.293560E-08,-1.4943006E-01
8.298560E-08,-1.4937735E-01
8.303560E-08,-1.4932464E-01
8.308560E-08,-1.4927194E-01
8.313560E-08,-1.4921923E-01
8.318560E-08,-1.4916652E-01
8.323560E-08,-1.4916652E-01
8.328560E-08,-1.4916652E-01
8.333560E-08,-1.4911381E-01
8.338560E-08,-1.4911381E-01
8.343560E-08,-1.4911381E-01
8.348560E-08,-1.4916652E-01
8.353560E-08,-1.4916652E-01
8.358560E-08,-1.4921923E-01
8.363560E-08,-1.4921923E-01
8.368560E-08,-1.4927194E-01
8.373560E-08,-1.4932464E-01
8.378560E-08,-1.4937735E-01
8.383560E-08,-1.4937735E-01
8.388560E-08,-1.4943006E-01
8.393560E-08,-1.4948277E-01
8.398560E-08,-1.4953548E-01
8.403560E-08,-1.4958819E-01
8.408560E-08,-1.4964090E-01
8.413560E-08,-1.4969361E-01
8.418560E-08,-1.4969361E-01
8.423560E-08,-1.4974632E-01
8.428560E-08,-1.4974632E-01
8.433560E-08,-1.4979903E-01
8.438560E-08,-1.4979903E-01
8.443560E-08,-1.4979903E-01
8.448560E-08,-1.4979903E-01
8.453560E-08,-1.4979903E-01
8.458560E-08,-1.4979903E-01
8.463560E-08,-1.4974632E-01
8.468560E-08,-1.4974632E-01
8.473560E-08,-1.4969361E-01
8.478560E-08,-1.4969361E-01
8.483560E-08,-1.4964090E-01
8.488560E-08,-1.4964090E-01
8.493560E-08,-1.4958819E-01
8.498560E-08,-1.4953548E-01
8.503560E-08,-1.4948277E-01
8.508560E-08,-1.4948277E-01
8.513560E-08,-1.4943006E-01
8.518560E-08,-1.4937735E-01
8.523560E-08,-1.4937735E-01
8.528560E-08,-1.4932464E-01
8.533560E-08,-1.4932464E-01
8.538560E-08,-1.4932464E-01
8.543560E-08,-1.4927194E-01
8.548560E-08,-1.4927194E-01
8.553560E-08,-1.4927194E-01
8.558560E-08,-1.4927194E-01
8.563560E-08,-1.4927194E-01
8.568560E-08,-1.4927194E-01
8.573560E-08,-1.4932464E-01
8.578560E-08,-1.4932464E-01
8.583560E-08,-1.4932464E-01
8.588560E-08,-1.4937735E-01
8.593560E-08,-1.4937735E-01
8.598560E-08,-1.4943006E-01
8.603560E-08,-1.4943006E-01
8.608560E-08,-1.4948277E-01
8.613560E-08,-1.4948277E-01
8.618560E-08,-1.4953548E-01
8.623560E-08,-1.4953548E-01
8.628560E-08,-1.4953548E-01
8.633560E-08,-1.4958819E-01
8.638560E-08,-1.4958819E-01
8.643560E-08,-1.4958819E-01
8.648560E-08,-1.4958819E-01
8.653560E-08,-1.4958819E-01
8.658560E-08,-1.4958819E-01
8.663560E-08,-1.4958819E-01
8.668560E-08,-1.4958819E-01
8.673560E-08,-1.4958819E-01
8.678560E-08,-1.4958819E-01
8.683560E-08,-1.4958819E-01
8.688560E-08,-1.4953548E-01
8.693560E-08,-1.4953548E-01
8.698560E-08,-1.4953548E-01
8.703560E-08,-1.4953548E-01
8.708560E-08,-1.4953548E-01
8.713560E-08,-1.4953548E-01
8.718560E-08,-1.4948277E-01
8.723560E-08,-1.4948277E-01
8.728560E-08,-1.4953548E-01
8.733560E-08,-1.4953548E-01
8.738560E-08,-1.4953548E-01
8.743560E-08,-1.4953548E-01
8.748560E-08,-1.4953548E-01
8.753560E-08,-1.4958819E-01
8.758560E-08,-1.4958819E-01
8.763560E-08,-1.4958819E-01
8.768560E-08,-1.4964090E-01
8.773560E-08,-1.4964090E-01
8.778560E-08,-1.4969361E-01
8.783560E-08,-1.4969361E-01
8.788560E-08,-1.4974632E-01
8.793560E-08,-1.4974632E-01
8.798560E-08,-1.4974632E-01
8.803560E-08,-1.4979903E-01
8.808560E-08,-1.4979903E-01
8.813560E-08,-1.4979903E-01
8.818560E-08,-1.4979903E-01
8.823560E-08,-1.4979903E-01
8.828560E-08,-1.4979903E-01
8.833560E-08,-1.4979903E-01
8.838560E-08,-1.4974632E-01
8.843560E-08,-1.4974632E-01
8.848560E-08,-1.4969361E-01
8.853560E-08,-1.4969361E-01
8.858560E-08,-1.4964090E-01
8.863560E-08,-1.4958819E-01
8.868560E-08,-1.4953548E-01
8.873560E-08,-1.4948277E-01
8.878560E-08,-1.4943006E-01
8.883560E-08,-1.4937735E-01
8.888560E-08,-1.4932464E-01
8.893560E-08,-1.4927194E-01
8.898560E-08,-1.4921923E-01
8.903560E-08,-1.4916652E-01
8.908560E-08,-1.4911381E-01
8.913560E-08,-1.4906110E-01
8.918560E-08,-1.4900839E-01
8.923560E-08,-1.4900839E-01
8.928560E-08,-1.4895568E-01
8.933560E-08,-1.4895568E-01
8.938560E-08,-1.4895568E-01
8.943560E-08,-1.4890297E-01
8.948560E-08,-1.4890297E-01
8.953560E-08,-1.4890297E-01
8.958560E-08,-1.4895568E-01
8.963560E-08,-1.4895568E-01
8.968560E-08,-1.4900839E-01
8.973560E-08,-1.4900839E-01
8.978560E-08,-1.4906110E-01
8.983560E-08,-1.4911381E-01
8.988560E-08,-1.4911381E-01
8.993560E-08,-1.4916652E-01
8.998560E-08,-1.4921923E-01
9.003560E-08,-1.4927194E-01
9.008560E-08,-1.4932464E-01
9.013560E-08,-1.4937735E-01
9.018560E-08,-1.4943006E-01
9.023560E-08,-1.4943006E-01
9.028560E-08,-1.4948277E-01
9.033560E-08,-1.4948277E-01
9.038560E-08,-1.4953548E-01
9.043560E-08,-1.4953548E-01
9.048560E-08,-1.4953548E-01
9.053560E-08,-1.4953548E-01
9.058560E-08,-1.4953548E-01
9.063560E-08,-1.4953548E-01
9.068560E-08,-1.4953548E-01
9.073560E-08,-1.4948277E-01
9.078560E-08,-1.4948277E-01
9.083560E-08,-1.4943006E-01
9.088560E-08,-1.4937735E-01
9.093560E-08,-1.4932464E-01
9.098560E-08,-1.4932464E-01
9.103560E-08,-1.4927194E-01
9.108560E-08,-1.4921923E-01
9.113560E-08,-1.4916652E-01
9.118560E-08,-1.4916652E-01
9.123560E-08,-1.4911381E-01
9.128560E-08,-1.4911381E-01
9.133560E-08,-1.4906110E-01
9.138560E-08,-1.4906110E-01
9.143560E-08,-1.4906110E-01
9.148560E-08,-1.4906110E-01
9.153560E-08,-1.4906110E-01
9.158560E-08,-1.4906110E-01
9.163560E-08,-1.4911381E-01
9.168560E-08,-1.4911381E-01
9.173560E-08,-1.4916652E-01
9.178560E-08,-1.4921923E-01
9.183560E-08,-1.4927194E-01
9.188560E-08,-1.4932464E-01
9.193560E-08,-1.4937735E-01
9.198560E-08,-1.4943006E-01
9.203560E-08,-1.4948277E-01
9.208560E-08,-1.4953548E-01
9.213560E-08,-1.4958819E-01
9.218560E-08,-1.4969361E-01
9.223560E-08,-1.4974632E-01
9.228560E-08,-1.4979903E-01
9.233560E-08,-1.4985173E-01
9.238560E-08,-1.4985173E-01
9.243560E-08,-1.4990444E-01
9.248560E-08,-1.4995715E-01
9.253560E-08,-1.4995715E-01
9.258560E-08,-1.4995715E-01
9.263560E-08,-1.4995715E-01
9.268560E-08,-1.4995715E-01
9.273560E-08,-1.4990444E-01
9.278560E-08,-1.4990444E-01
9.283560E-08,-1.4985173E-01
9.288560E-08,-1.4979903E-01
9.293560E-08,-1.4974632E-01
9.298560E-08,-1.4969361E-01
9.303560E-08,-1.4964090E-01
9.308560E-08,-1.4958819E-01
9.313560E-08,-1.4948277E-01
9.318560E-08,-1.4943006E-01
9.323560E-08,-1.4932464E-01
9.328560E-08,-1.4927194E-01
9.333560E-08,-1.4916652E-01
9.338560E-08,-1.4911381E-01
9.343560E-08,-1.4906110E-01
9.348560E-08,-1.4895568E-01
9.353560E-08,-1.4890297E-01
9.358560E-08,-1.4885026E-01
9.363560E-08,-1.4879755E-01
9.368560E-08,-1.4879755E-01
9.373560E-08,-1.4874485E-01
9.378560E-08,-1.4874485E-01
9.383560E-08,-1.4869214E-01
9.388560E-08,-1.4869214E-01
9.393560E-08,-1.4869214E-01
9.398560E-08,-1.4869214E-01
9.403560E-08,-1.4869214E-01
9.408560E-08,-1.4874485E-01
9.413560E-08,-1.4874485E-01
9.418560E-08,-1.4879755E-01
9.423560E-08,-1.4879755E-01
9.428560E-08,-1.4885026E-01
9.433560E-08,-1.4890297E-01
9.438560E-08,-1.4890297E-01
9.443560E-08,-1.4895568E-01
9.448560E-08,-1.4895568E-01
9.453560E-08,-1.4900839E-01
9.458560E-08,-1.4900839E-01
9.463560E-08,-1.4906110E-01
9.468560E-08,-1.4906110E-01
9.473560E-08,-1.4906110E-01
9.478560E-08,-1.4906110E-01
9.483560E-08,-1.4906110E-01
9.488560E-08,-1.4906110E-01
9.493560E-08,-1.4900839E-01
9.498560E-08,-1.4900839E-01
9.503560E-08,-1.4895568E-01
9.508560E-08,-1.4895568E-01
9.513560E-08,-1.4890297E-01
9.518560E-08,-1.4885026E-01
9.523560E-08,-1.4879755E-01
9.528560E-08,-1.4874485E-01
9.533560E-08,-1.4874485E-01
9.538560E-08,-1.4869214E-01
9.543560E-08,-1.4863943E-01
9.548560E-08,-1.4858672E-01
9.553560E-08,-1.4853401E-01
9.558560E-08,-1.4848130E-01
9.563560E-08,-1.4848130E-01
9.568560E-08,-1.4842859E-01
9.573560E-08,-1.4842859E-01
9.578560E-08,-1.4837588E-01
9.583560E-08,-1.4837588E-01
9.588560E-08,-1.4837588E-01
9.593560E-08,-1.4837588E-01
9.598560E-08,-1.4837588E-01
9.603560E-08,-1.4837588E-01
9.608560E-08,-1.4842859E-01
9.613560E-08,-1.4842859E-01
9.618560E-08,-1.4848130E-01
9.623560E-08,-1.4848130E-01
9.628560E-08,-1.4853401E-01
9.633560E-08,-1.4858672E-01
9.638560E-08,-1.4863943E-01
9.643560E-08,-1.4863943E-01
9.648560E-08,-1.4869214E-01
9.653560E-08,-1.4874485E-01
9.658560E-08,-1.4879755E-01
9.663560E-08,-1.4885026E-01
9.668560E-08,-1.4890297E-01
9.673560E-08,-1.4890297E-01
9.678560E-08,-1.4895568E-01
9.683560E-08,-1.4900839E-01
9.688560E-08,-1.4900839E-01
9.693560E-08,-1.4906110E-01
9.698560E-08,-1.4911381E-01
9.703560E-08,-1.4911381E-01
9.708560E-08,-1.4911381E-01
9.713560E-08,-1.4916652E-01
9.718560E-08,-1.4916652E-01
9.723560E-08,-1.4916652E-01
9.728560E-08,-1.4916652E-01
9.733560E-08,-1.4916652E-01
9.738560E-08,-1.4921923E-01
9.743560E-08,-1.4921923E-01
9.748560E-08,-1.4921923E-01
9.753560E-08,-1.4921923E-01
9.758560E-08,-1.4921923E-01
9.763560E-08,-1.4921923E-01
9.768560E-08,-1.4921923E-01
9.773560E-08,-1.4921923E-01
9.778560E-08,-1.4921923E-01
9.783560E-08,-1.4921923E-01
9.788560E-08,-1.4927194E-01
9.793560E-08,-1.4927194E-01
9.798560E-08,-1.4927194E-01
9.803560E-08,-1.4927194E-01
9.808560E-08,-1.4927194E-01
9.813560E-08,-1.4932464E-01
9.818560E-08,-1.4932464E-01
9.823560E-08,-1.4932464E-01
9.828560E-08,-1.4937735E-01
9.833560E-08,-1.4937735E-01
9.838560E-08,-1.4937735E-01
9.843560E-08,-1.4943006E-01
9.848560E-08,-1.4943006E-01
9.853560E-08,-1.4943006E-01
9.858560E-08,-1.4943006E-01
9.863560E-08,-1.4943006E-01
9.868560E-08,-1.4943006E-01
9.873560E-08,-1.4943006E-01
9.878560E-08,-1.4943006E-01
9.883560E-08,-1.4943006E-01
9.888560E-08,-1.4943006E-01
9.893560E-08,-1.4943006E-01
9.898560E-08,-1.4937735E-01
9.903560E-08,-1.4937735E-01
9.908560E-08,-1.4932464E-01
9.913560E-08,-1.4932464E-01
9.918560E-08,-1.4932464E-01
9.923560E-08,-1.4927194E-01
9.928560E-08,-1.4927194E-01
9.933560E-08,-1.4921923E-01
9.938560E-08,-1.4921923E-01
9.943560E-08,-1.4916652E-01
9.948560E-08,-1.4916652E-01
9.953560E-08,-1.4916652E-01
9.958560E-08,-1.4916652E-01
9.963560E-08,-1.4916652E-01
9.968560E-08,-1.4916652E-01
9.973560E-08,-1.4916652E-01
9.978560E-08,-1.4916652E-01
9.983560E-08,-1.4916652E-01
9.988560E-08,-1.4916652E-01
9.993560E-08,-1.4921923E-01
9.998560E-08,-1.4921923E-01
1.0003560E-07,-1.4927194E-01
1.0008560E-07,-1.4927194E-01
1.0013560E-07,-1.4932464E-01
1.0018560E-07,-1.4937735E-01
1.0023560E-07,-1.4943006E-01
1.0028560E-07,-1.4943006E-01
1.0033560E-07,-1.4948277E-01
1.0038560E-07,-1.4953548E-01
1.0043560E-07,-1.4953548E-01
1.0048560E-07,-1.4958819E-01
1.0053560E-07,-1.4958819E-01
1.0058560E-07,-1.4964090E-01
1.0063560E-07,-1.4964090E-01
1.0068560E-07,-1.4964090E-01
1.0073560E-07,-1.4969361E-01
1.0078560E-07,-1.4969361E-01
1.0083560E-07,-1.4969361E-01
1.0088560E-07,-1.4964090E-01
1.0093560E-07,-1.4964090E-01
1.0098560E-07,-1.4964090E-01
1.0103560E-07,-1.4958819E-01
1.0108560E-07,-1.4953548E-01
1.0113560E-07,-1.4953548E-01
1.0118560E-07,-1.4948277E-01
1.0123560E-07,-1.4943006E-01
1.0128560E-07,-1.4937735E-01
1.0133560E-07,-1.4932464E-01
1.0138560E-07,-1.4927194E-01
1.0143560E-07,-1.4921923E-01
1.0148560E-07,-1.4916652E-01
1.0153560E-07,-1.4916652E-01
1.0158560E-07,-1.4911381E-01
1.0163560E-07,-1.4906110E-01
1.0168560E-07,-1.4900839E-01
1.0173560E-07,-1.4900839E-01
1.0178560E-07,-1.4895568E-01
1.0183560E-07,-1.4895568E-01
1.0188560E-07,-1.4895568E-01
1.0193560E-07,-1.4895568E-01
1.0198560E-07,-1.4895568E-01
1.0203560E-07,-1.4895568E-01
1.0208560E-07,-1.4895568E-01
1.0213560E-07,-1.4900839E-01
1.0218560E-07,-1.4906110E-01
1.0223560E-07,-1.4906110E-01
1.0228560E-07,-1.4911381E-01
1.0233560E-07,-1.4916652E-01
1.0238560E-07,-1.4921923E-01
1.0243560E-07,-1.4927194E-01
1.0248560E-07,-1.4932464E-01
1.0253560E-07,-1.4937735E-01
1.0258560E-07,-1.4943006E-01
1.0263560E-07,-1.4948277E-01
1.0268560E-07,-1.4953548E-01
1.0273560E-07,-1.4953548E-01
1.0278560E-07,-1.4958819E-01
1.0283560E-07,-1.4964090E-01
1.0288560E-07,-1.4969361E-01
1.0293560E-07,-1.4969361E-01
1.0298560E-07,-1.4969361E-01
1.0303560E-07,-1.4974632E-01
1.0308560E-07,-1.4974632E-01
1.0313560E-07,-1.4974632E-01
1.0318560E-07,-1.4974632E-01
1.0323560E-07,-1.4974632E-01
1.0328560E-07,-1.4969361E-01
1.0333560E-07,-1.4969361E-01
1.0338560E-07,-1.4964090E-01
1.0343560E-07,-1.4964090E-01
1.0348560E-07,-1.4958819E-01
1.0353560E-07,-1.4958819E-01
1.0358560E-07,-1.4953548E-01
1.0363560E-07,-1.4948277E-01
1.0368560E-07,-1.4948277E-01
1.0373560E-07,-1.4943006E-01
1.0378560E-07,-1.4943006E-01
1.0383560E-07,-1.4937735E-01
1.0388560E-07,-1.4937735E-01
1.0393560E-07,-1.4937735E-01
1.0398560E-07,-1.4932464E-01
1.0403560E-07,-1.4932464E-01
1.0408560E-07,-1.4932464E-01
1.0413560E-07,-1.4932464E-01
1.0418560E-07,-1.4932464E-01
1.0423560E-07,-1.4937735E-01
1.0428560E-07,-1.4937735E-01
1.0433560E-07,-1.4937735E-01
1.0438560E-07,-1.4943006E-01
1.0443560E-07,-1.4943006E-01
1.0448560E-07,-1.4948277E-01
1.0453560E-07,-1.4948277E-01
1.0458560E-07,-1.4953548E-01
1.0463560E-07,-1.4953548E-01
1.0468560E-07,-1.4958819E-01
1.0473560E-07,-1.4958819E-01
1.0478560E-07,-1.4964090E-01
1.0483560E-07,-1.4964090E-01
1.0488560E-07,-1.4964090E-01
1.0493560E-07,-1.4964090E-01
1.0498560E-07,-1.4964090E-01
1.0503560E-07,-1.4964090E-01
1.0508560E-07,-1.4958819E-01
1.0513560E-07,-1.4958819E-01
1.0518560E-07,-1.4958819E-01
1.0523560E-07,-1.4953548E-01
1.0528560E-07,-1.4948277E-01
1.0533560E-07,-1.4943006E-01
1.0538560E-07,-1.4937735E-01
1.0543560E-07,-1.4937735E-01
1.0548560E-07,-1.4932464E-01
1.0553560E-07,-1.4921923E-01
1.0558560E-07,-1.4916652E-01
1.0563560E-07,-1.4911381E-01
1.0568560E-07,-1.4906110E-01
1.0573560E-07,-1.4900839E-01
1.0578560E-07,-1.4895568E-01
1.0583560E-07,-1.4895568E-01
1.0588560E-07,-1.4890297E-01
1.0593560E-07,-1.4885026E-01
1.0598560E-07,-1.4885026E-01
1.0603560E-07,-1.4879755E-01
1.0608560E-07,-1.4879755E-01
1.0613560E-07,-1.4879755E-01
1.0618560E-07,-1.4879755E-01
1.0623560E-07,-1.4879755E-01
1.0628560E-07,-1.4885026E-01
1.0633560E-07,-1.4885026E-01
1.0638560E-07,-1.4890297E-01
1.0643560E-07,-1.4890297E-01
1.0648560E-07,-1.4895568E-01
1.0653560E-07,-1.4900839E-01
1.0658560E-07,-1.4906110E-01
1.0663560E-07,-1.4911381E-01
1.0668560E-07,-1.4916652E-01
1.0673560E-07,-1.4921923E-01
1.0678560E-07,-1.4932464E-01
1.0683560E-07,-1.4937735E-01
1.0688560E-07,-1.4943006E-01
1.0693560E-07,-1.4948277E-01
1.0698560E-07,-1.4948277E-01
1.0703560E-07,-1.4953548E-01
1.0708560E-07,-1.4958819E-01
1.0713560E-07,-1.4958819E-01
1.0718560E-07,-1.4964090E-01
1.0723560E-07,-1.4964090E-01
1.0728560E-07,-1.4964090E-01
1.0733560E-07,-1.4964090E-01
1.0738560E-07,-1.4964090E-01
1.0743560E-07,-1.4958819E-01
1.0748560E-07,-1.4958819E-01
1.0753560E-07,-1.4953548E-01
1.0758560E-07,-1.4953548E-01
1.0763560E-07,-1.4948277E-01
1.0768560E-07,-1.4943006E-01
1.0773560E-07,-1.4937735E-01
1.0778560E-07,-1.4932464E-01
1.0783560E-07,-1.4927194E-01
1.0788560E-07,-1.4921923E-01
1.0793560E-07,-1.4916652E-01
1.0798560E-07,-1.4911381E-01
1.0803560E-07,-1.4906110E-01
1.0808560E-07,-1.4900839E-01
1.0813560E-07,-1.4895568E-01
1.0818560E-07,-1.4890297E-01
1.0823560E-07,-1.4890297E-01
1.0828560E-07,-1.4885026E-01
1.0833560E-07,-1.4885026E-01
1.0838560E-07,-1.4885026E-01
1.0843560E-07,-1.4885026E-01
1.0848560E-07,-1.4885026E-01
1.0853560E-07,-1.4885026E-01
1.0858560E-07,-1.4885026E-01
1.0863560E-07,-1.4885026E-01
1.0868560E-07,-1.4890297E-01
1.0873560E-07,-1.4890297E-01
1.0878560E-07,-1.4895568E-01
1.0883560E-07,-1.4900839E-01
1.0888560E-07,-1.4900839E-01
1.0893560E-07,-1.4906110E-01
1.0898560E-07,-1.4911381E-01
1.0903560E-07,-1.4916652E-01
1.0908560E-07,-1.4916652E-01
1.0913560E-07,-1.4921923E-01
1.0918560E-07,-1.4927194E-01
1.0923560E-07,-1.4932464E-01
1.0928560E-07,-1.4932464E-01
1.0933560E-07,-1.4937735E-01
1.0938560E-07,-1.4937735E-01
1.0943560E-07,-1.4943006E-01
1.0948560E-07,-1.4943006E-01
1.0953560E-07,-1.4948277E-01
1.0958560E-07,-1.4948277E-01
1.0963560E-07,-1.4948277E-01
1.0968560E-07,-1.4948277E-01
1.0973560E-07,-1.4948277E-01
1.0978560E-07,-1.4948277E-01
1.0983560E-07,-1.4953548E-01
1.0988560E-07,-1.4953548E-01
1.0993560E-07,-1.4953548E-01
1.0998560E-07,-1.4953548E-01
1.1003560E-07,-1.4953548E-01
1.1008560E-07,-1.4953548E-01
1.1013560E-07,-1.4953548E-01
1.1018560E-07,-1.4953548E-01
1.1023560E-07,-1.4953548E-01
1.1028560E-07,-1.4953548E-01
1.1033560E-07,-1.4958819E-01
1.1038560E-07,-1.4958819E-01
1.1043560E-07,-1.4958819E-01
1.1048560E-07,-1.4964090E-01
1.1053560E-07,-1.4964090E-01
1.1058560E-07,-1.4969361E-01
1.1063560E-07,-1.4969361E-01
1.1068560E-07,-1.4974632E-01
1.1073560E-07,-1.4979903E-01
1.1078560E-07,-1.4979903E-01
1.1083560E-07,-1.4985173E-01
1.1088560E-07,-1.4990444E-01
1.1093560E-07,-1.4995715E-01
1.1098560E-07,-1.4995715E-01
1.1103560E-07,-1.5000986E-01
1.1108560E-07,-1.5006257E-01
1.1113560E-07,-1.5006257E-01
1.1118560E-07,-1.5011528E-01
1.1123560E-07,-1.5011528E-01
1.1128560E-07,-1.5016799E-01
1.1133560E-07,-1.5016799E-01
1.1138560E-07,-1.5016799E-01
1.1143560E-07,-1.5016799E-01
1.1148560E-07,-1.5022070E-01
1.1153560E-07,-1.5022070E-01
1.1158560E-07,-1.5016799E-01
1.1163560E-07,-1.5016799E-01
1.1168560E-07,-1.5016799E-01
1.1173560E-07,-1.5011528E-01
1.1178560E-07,-1.5011528E-01
1.1183560E-07,-1.5006257E-01
1.1188560E-07,-1.5006257E-01
1.1193560E-07,-1.5000986E-01
1.1198560E-07,-1.4995715E-01
1.1203560E-07,-1.4990444E-01
1.1208560E-07,-1.4985173E-01
1.1213560E-07,-1.4979903E-01
1.1218560E-07,-1.4974632E-01
1.1223560E-07,-1.4969361E-01
1.1228560E-07,-1.4964090E-01
1.1233560E-07,-1.4964090E-01
1.1238560E-07,-1.4958819E-01
1.1243560E-07,-1.4953548E-01
1.1248560E-07,-1.4948277E-01
1.1253560E-07,-1.4943006E-01
1.1258560E-07,-1.4943006E-01
1.1263560E-07,-1.4937735E-01
1.1268560E-07,-1.4937735E-01
1.1273560E-07,-1.4932464E-01
1.1278560E-07,-1.4932464E-01
1.1283560E-07,-1.4927194E-01
1.1288560E-07,-1.4927194E-01
1.1293560E-07,-1.4927194E-01
1.1298560E-07,-1.4927194E-01
1.1303560E-07,-1.4927194E-01
1.1308560E-07,-1.4927194E-01
1.1313560E-07,-1.4927194E-01
1.1318560E-07,-1.4927194E-01
1.1323560E-07,-1.4932464E-01
1.1328560E-07,-1.4932464E-01
1.1333560E-07,-1.4932464E-01
1.1338560E-07,-1.4932464E-01
1.1343560E-07,-1.4937735E-01
1.1348560E-07,-1.4937735E-01
1.1353560E-07,-1.4937735E-01
1.1358560E-07,-1.4943006E-01
1.1363560E-07,-1.4943006E-01
1.1368560E-07,-1.4948277E-01
1.1373560E-07,-1.4948277E-01
1.1378560E-07,-1.4948277E-01
1.1383560E-07,-1.4953548E-01
1.1388560E-07,-1.4953548E-01
1.1393560E-07,-1.4953548E-01
1.1398560E-07,-1.4953548E-01
1.1403560E-07,-1.4958819E-01
1.1408560E-07,-1.4958819E-01
1.1413560E-07,-1.4958819E-01
1.1418560E-07,-1.4958819E-01
1.1423560E-07,-1.4958819E-01
1.1428560E-07,-1.4958819E-01
1.1433560E-07,-1.4964090E-01
1.1438560E-07,-1.4964090E-01
1.1443560E-07,-1.4964090E-01
1.1448560E-07,-1.4964090E-01
1.1453560E-07,-1.4958819E-01
1.1458560E-07,-1.4958819E-01
1.1463560E-07,-1.4958819E-01
1.1468560E-07,-1.4958819E-01
1.1473560E-07,-1.4958819E-01
1.1478560E-07,-1.4958819E-01
1.1483560E-07,-1.4958819E-01
1.1488560E-07,-1.4953548E-01
1.1493560E-07,-1.4953548E-01
1.1498560E-07,-1.4953548E-01
1.1503560E-07,-1.4953548E-01
1.1508560E-07,-1.4948277E-01
1.1513560E-07,-1.4948277E-01
1.1518560E-07,-1.4948277E-01
1.1523560E-07,-1.4943006E-01
1.1528560E-07,-1.4943006E-01
1.1533560E-07,-1.4943006E-01
1.1538560E-07,-1.4943006E-01
1.1543560E-07,-1.4937735E-01
1.1548560E-07,-1.4937735E-01
1.1553560E-07,-1.4932464E-01
1.1558560E-07,-1.4932464E-01
1.1563560E-07,-1.4932464E-01
1.1568560E-07,-1.4927194E-01
1.1573560E-07,-1.4927194E-01
1.1578560E-07,-1.4921923E-01
1.1583560E-07,-1.4921923E-01
1.1588560E-07,-1.4921923E-01
1.1593560E-07,-1.4916652E-01
1.1598560E-07,-1.4916652E-01
1.1603560E-07,-1.4911381E-01
1.1608560E-07,-1.4911381E-01
1.1613560E-07,-1.4906110E-01
1.1618560E-07,-1.4906110E-01
1.1623560E-07,-1.4900839E-01
1.1628560E-07,-1.4900839E-01
1.1633560E-07,-1.4895568E-01
1.1638560E-07,-1.4895568E-01
1.1643560E-07,-1.4895568E-01
1.1648560E-07,-1.4890297E-01
1.1653560E-07,-1.4890297E-01
1.1658560E-07,-1.4885026E-01
1.1663560E-07,-1.4885026E-01
1.1668560E-07,-1.4885026E-01
1.1673560E-07,-1.4885026E-01
1.1678560E-07,-1.4885026E-01
1.1683560E-07,-1.4885026E-01
1.1688560E-07,-1.4879755E-01
1.1693560E-07,-1.4885026E-01
1.1698560E-07,-1.4885026E-01
1.1703560E-07,-1.4885026E-01
1.1708560E-07,-1.4885026E-01
1.1713560E-07,-1.4885026E-01
1.1718560E-07,-1.4890297E-01
1.1723560E-07,-1.4890297E-01
1.1728560E-07,-1.4890297E-01
1.1733560E-07,-1.4895568E-01
1.1738560E-07,-1.4895568E-01
1.1743560E-07,-1.4900839E-01
1.1748560E-07,-1.4906110E-01
1.1753560E-07,-1.4906110E-01
1.1758560E-07,-1.4911381E-01
1.1763560E-07,-1.4916652E-01
1.1768560E-07,-1.4921923E-01
1.1773560E-07,-1.4921923E-01
1.1778560E-07,-1.4927194E-01
1.1783560E-07,-1.4932464E-01
1.1788560E-07,-1.4937735E-01
1.1793560E-07,-1.4937735E-01
1.1798560E-07,-1.4943006E-01
1.1803560E-07,-1.4948277E-01
1.1808560E-07,-1.4948277E-01
1.1813560E-07,-1.4953548E-01
1.1818560E-07,-1.4958819E-01
1.1823560E-07,-1.4958819E-01
1.1828560E-07,-1.4964090E-01
1.1833560E-07,-1.4964090E-01
1.1838560E-07,-1.4964090E-01
1.1843560E-07,-1.4969361E-01
1.1848560E-07,-1.4969361E-01
1.1853560E-07,-1.4969361E-01
1.1858560E-07,-1.4969361E-01
1.1863560E-07,-1.4969361E-01
1.1868560E-07,-1.4969361E-01
1.1873560E-07,-1.4969361E-01
1.1878560E-07,-1.4969361E-01
1.1883560E-07,-1.4964090E-01
1.1888560E-07,-1.4964090E-01
1.1893560E-07,-1.4964090E-01
1.1898560E-07,-1.4964090E-01
1.1903560E-07,-1.4958819E-01
1.1908560E-07,-1.4958819E-01
1.1913560E-07,-1.4958819E-01
1.1918560E-07,-1.4953548E-01
1.1923560E-07,-1.4953548E-01
1.1928560E-07,-1.4953548E-01
1.1933560E-07,-1.4953548E-01
1.1938560E-07,-1.4948277E-01
1.1943560E-07,-1.4948277E-01
1.1948560E-07,-1.4948277E-01
1.1953560E-07,-1.4948277E-01
1.1958560E-07,-1.4948277E-01
1.1963560E-07,-1.4948277E-01
1.1968560E-07,-1.4953548E-01
1.1973560E-07,-1.4953548E-01
1.1978560E-07,-1.4953548E-01
1.1983560E-07,-1.4953548E-01
1.1988560E-07,-1.4958819E-01
1.1993560E-07,-1.4958819E-01
1.1998560E-07,-1.4964090E-01
1.2003560E-07,-1.4964090E-01
1.2008560E-07,-1.4969361E-01
1.2013560E-07,-1.4974632E-01
1.2018560E-07,-1.4974632E-01
1.2023560E-07,-1.4979903E-01
1.2028560E-07,-1.4979903E-01
1.2033560E-07,-1.4985173E-01
1.2038560E-07,-1.4985173E-01
1.2043560E-07,-1.4990444E-01
1.2048560E-07,-1.4990444E-01
1.2053560E-07,-1.4990444E-01
1.2058560E-07,-1.4995715E-01
1.2063560E-07,-1.4995715E-01
1.2068560E-07,-1.4995715E-01
1.2073560E-07,-1.4995715E-01
1.2078560E-07,-1.4995715E-01
1.2083560E-07,-1.4990444E-01
1.2088560E-07,-1.4990444E-01
1.2093560E-07,-1.4990444E-01
1.2098560E-07,-1.4985173E-01
1.2103560E-07,-1.4985173E-01
1.2108560E-07,-1.4979903E-01
1.2113560E-07,-1.4974632E-01
1.2118560E-07,-1.4969361E-01
1.2123560E-07,-1.4969361E-01
1.2128560E-07,-1.4964090E-01
1.2133560E-07,-1.4958819E-01
1.2138560E-07,-1.4953548E-01
1.2143560E-07,-1.4948277E-01
1.2148560E-07,-1.4943006E-01
1.2153560E-07,-1.4937735E-01
1.2158560E-07,-1.4932464E-01
1.2163560E-07,-1.4927194E-01
1.2168560E-07,-1.4921923E-01
1.2173560E-07,-1.4916652E-01
1.2178560E-07,-1.4911381E-01
1.2183560E-07,-1.4906110E-01
1.2188560E-07,-1.4900839E-01
1.2193560E-07,-1.4900839E-01
1.2198560E-07,-1.4895568E-01
1.2203560E-07,-1.4895568E-01
1.2208560E-07,-1.4890297E-01
1.2213560E-07,-1.4890297E-01
1.2218560E-07,-1.4890297E-01
1.2223560E-07,-1.4890297E-01
1.2228560E-07,-1.4890297E-01
1.2233560E-07,-1.4895568E-01
1.2238560E-07,-1.4895568E-01
1.2243560E-07,-1.4895568E-01
1.2248560E-07,-1.4900839E-01
1.2253560E-07,-1.4906110E-01
1.2258560E-07,-1.4906110E-01
1.2263560E-07,-1.4911381E-01
1.2268560E-07,-1.4916652E-01
1.2273560E-07,-1.4921923E-01
1.2278560E-07,-1.4927194E-01
1.2283560E-07,-1.4932464E-01
1.2288560E-07,-1.4937735E-01
1.2293560E-07,-1.4937735E-01
1.2298560E-07,-1.4943006E-01
1.2303560E-07,-1.4948277E-01
1.2308560E-07,-1.4953548E-01
1.2313560E-07,-1.4958819E-01
1.2318560E-07,-1.4958819E-01
1.2323560E-07,-1.4964090E-01
1.2328560E-07,-1.4964090E-01
1.2333560E-07,-1.4969361E-01
1.2338560E-07,-1.4969361E-01
1.2343560E-07,-1.4969361E-01
1.2348560E-07,-1.4969361E-01
1.2353560E-07,-1.4969361E-01
1.2358560E-07,-1.4969361E-01
1.2363560E-07,-1.4964090E-01
1.2368560E-07,-1.4964090E-01
1.2373560E-07,-1.4964090E-01
1.2378560E-07,-1.4958819E-01
1.2383560E-07,-1.4953548E-01
1.2388560E-07,-1.4953548E-01
1.2393560E-07,-1.4948277E-01
1.2398560E-07,-1.4943006E-01
1.2403560E-07,-1.4943006E-01
1.2408560E-07,-1.4937735E-01
1.2413560E-07,-1.4932464E-01
1.2418560E-07,-1.4927194E-01
1.2423560E-07,-1.4927194E-01
1.2428560E-07,-1.4921923E-01
1.2433560E-07,-1.4921923E-01
1.2438560E-07,-1.4916652E-01
1.2443560E-07,-1.4916652E-01
1.2448560E-07,-1.4911381E-01
1.2453560E-07,-1.4911381E-01
1.2458560E-07,-1.4911381E-01
1.2463560E-07,-1.4911381E-01
1.2468560E-07,-1.4911381E-01
1.2473560E-07,-1.4911381E-01
1.2478560E-07,-1.4911381E-01
1.2483560E-07,-1.4916652E-01
1.2488560E-07,-1.4916652E-01
1.2493560E-07,-1.4921923E-01
1.2498560E-07,-1.4927194E-01
1.2503560E-07,-1.4932464E-01
1.2508560E-07,-1.4937735E-01
1.2513560E-07,-1.4943006E-01
1.2518560E-07,-1.4948277E-01
1.2523560E-07,-1.4953548E-01
1.2528560E-07,-1.4958819E-01
1.2533560E-07,-1.4964090E-01
1.2538560E-07,-1.4969361E-01
1.2543560E-07,-1.4974632E-01
1.2548560E-07,-1.4979903E-01
1.2553560E-07,-1.4985173E-01
1.2558560E-07,-1.4990444E-01
1.2563560E-07,-1.4995715E-01
1.2568560E-07,-1.4995715E-01
1.2573560E-07,-1.5000986E-01
1.2578560E-07,-1.5006257E-01
1.2583560E-07,-1.5006257E-01
1.2588560E-07,-1.5011528E-01
1.2593560E-07,-1.5011528E-01
1.2598560E-07,-1.5011528E-01
1.2603560E-07,-1.5011528E-01
1.2608560E-07,-1.5011528E-01
1.2613560E-07,-1.5011528E-01
1.2618560E-07,-1.5011528E-01
1.2623560E-07,-1.5011528E-01
1.2628560E-07,-1.5006257E-01
1.2633560E-07,-1.5006257E-01
1.2638560E-07,-1.5006257E-01
1.2643560E-07,-1.5000986E-01
1.2648560E-07,-1.5000986E-01
1.2653560E-07,-1.4995715E-01
1.2658560E-07,-1.4995715E-01
1.2663560E-07,-1.4990444E-01
1.2668560E-07,-1.4990444E-01
1.2673560E-07,-1.4990444E-01
1.2678560E-07,-1.4985173E-01
1.2683560E-07,-1.4985173E-01
1.2688560E-07,-1.4985173E-01
1.2693560E-07,-1.4979903E-01
1.2698560E-07,-1.4979903E-01
1.2703560E-07,-1.4979903E-01
1.2708560E-07,-1.4979903E-01
1.2713560E-07,-1.4979903E-01
1.2718560E-07,-1.4979903E-01
1.2723560E-07,-1.4979903E-01
1.2728560E-07,-1.4985173E-01
1.2733560E-07,-1.4985173E-01
1.2738560E-07,-1.4985173E-01
1.2743560E-07,-1.4985173E-01
1.2748560E-07,-1.4985173E-01
1.2753560E-07,-1.4985173E-01
1.2758560E-07,-1.4985173E-01
1.2763560E-07,-1.4985173E-01
1.2768560E-07,-1.4985173E-01
1.2773560E-07,-1.4985173E-01
1.2778560E-07,-1.4985173E-01
1.2783560E-07,-1.4985173E-01
1.2788560E-07,-1.4985173E-01
1.2793560E-07,-1.4979903E-01
1.2798560E-07,-1.4979903E-01
1.2803560E-07,-1.4979903E-01
1.2808560E-07,-1.4974632E-01
1.2813560E-07,-1.4974632E-01
1.2818560E-07,-1.4969361E-01
1.2823560E-07,-1.4969361E-01
1.2828560E-07,-1.4964090E-01
1.2833560E-07,-1.4958819E-01
1.2838560E-07,-1.4958819E-01
1.2843560E-07,-1.4953548E-01
1.2848560E-07,-1.4953548E-01
1.2853560E-07,-1.4948277E-01
1.2858560E-07,-1.4948277E-01
1.2863560E-07,-1.4948277E-01
1.2868560E-07,-1.4943006E-01
