-7.139850E-08,-1.4932464E-01
-7.134850E-08,-1.4921923E-01
-7.129850E-08,-1.4916652E-01
-7.124850E-08,-1.4911381E-01
-7.119850E-08,-1.4911381E-01
-7.114850E-08,-1.4906110E-01
-7.109850E-08,-1.4906110E-01
-7.104850E-08,-1.4900839E-01
-7.099850E-08,-1.4900839E-01
-7.094850E-08,-1.4900839E-01
-7.089850E-08,-1.4906110E-01
-7.084850E-08,-1.4906110E-01
-7.079850E-08,-1.4911381E-01
-7.074850E-08,-1.4911381E-01
-7.069850E-08,-1.4916652E-01
-7.064850E-08,-1.4921923E-01
-7.059850E-08,-1.4927194E-01
-7.054850E-08,-1.4932464E-01
-7.049850E-08,-1.4937735E-01
-7.044850E-08,-1.4948277E-01
-7.039850E-08,-1.4953548E-01
-7.034850E-08,-1.4958819E-01
-7.029850E-08,-1.4964090E-01
-7.024850E-08,-1.4969361E-01
-7.019850E-08,-1.4974632E-01
-7.014850E-08,-1.4979903E-01
-7.009850E-08,-1.4985173E-01
-7.004850E-08,-1.4990444E-01
-6.999850E-08,-1.4995715E-01
-6.994850E-08,-1.5000986E-01
-6.989850E-08,-1.5000986E-01
-6.984850E-08,-1.5006257E-01
-6.979850E-08,-1.5006257E-01
-6.974850E-08,-1.5006257E-01
-6.969850E-08,-1.5006257E-01
-6.964850E-08,-1.5006257E-01
-6.959850E-08,-1.5006257E-01
-6.954850E-08,-1.5000986E-01
-6.949850E-08,-1.5000986E-01
-6.944850E-08,-1.4995715E-01
-6.939850E-08,-1.4990444E-01
-6.934850E-08,-1.4985173E-01
-6.929850E-08,-1.4979903E-01
-6.924850E-08,-1.4974632E-01
-6.919850E-08,-1.4969361E-01
-6.914850E-08,-1.4964090E-01
-6.909850E-08,-1.4958819E-01
-6.904850E-08,-1.4953548E-01
-6.899850E-08,-1.4943006E-01
-6.894850E-08,-1.4937735E-01
-6.889850E-08,-1.4932464E-01
-6.884850E-08,-1.4927194E-01
-6.879850E-08,-1.4921923E-01
-6.874850E-08,-1.4916652E-01
-6.869850E-08,-1.4911381E-01
-6.864850E-08,-1.4906110E-01
-6.859850E-08,-1.4900839E-01
-6.854850E-08,-1.4895568E-01
-6.849850E-08,-1.4890297E-01
-6.844850E-08,-1.4890297E-01
-6.839850E-08,-1.4885026E-01
-6.834850E-08,-1.4879755E-01
-6.829850E-08,-1.4879755E-01
-6.824850E-08,-1.4879755E-01
-6.819850E-08,-1.4874485E-01
-6.814850E-08,-1.4874485E-01
-6.809850E-08,-1.4874485E-01
-6.804850E-08,-1.4874485E-01
-6.799850E-08,-1.4874485E-01
-6.794850E-08,-1.4874485E-01
-6.789850E-08,-1.4874485E-01
-6.784850E-08,-1.4879755E-01
-6.779850E-08,-1.4879755E-01
-6.774850E-08,-1.4879755E-01
-6.769850E-08,-1.4885026E-01
-6.764850E-08,-1.4885026E-01
-6.759850E-08,-1.4890297E-01
-6.754850E-08,-1.4890297E-01
-6.749850E-08,-1.4895568E-01
-6.744850E-08,-1.4895568E-01
-6.739850E-08,-1.4900839E-01
-6.734850E-08,-1.4900839E-01
-6.729850E-08,-1.4906110E-01
-6.724850E-08,-1.4906110E-01
-6.719850E-08,-1.4911381E-01
-6.714850E-08,-1.4911381E-01
-6.709850E-08,-1.4916652E-01
-6.704850E-08,-1.4921923E-01
-6.699850E-08,-1.4921923E-01
-6.694850E-08,-1.4927194E-01
-6.689850E-08,-1.4932464E-01
-6.684850E-08,-1.4932464E-01
-6.679850E-08,-1.4937735E-01
-6.674850E-08,-1.4937735E-01
-6.669850E-08,-1.4943006E-01
-6.664850E-08,-1.4948277E-01
-6.659850E-08,-1.4948277E-01
-6.654850E-08,-1.4953548E-01
-6.649850E-08,-1.4953548E-01
-6.644850E-08,-1.4958819E-01
-6.639850E-08,-1.4964090E-01
-6.634850E-08,-1.4964090E-01
-6.629850E-08,-1.4969361E-01
-6.624850E-08,-1.4969361E-01
-6.619850E-08,-1.4974632E-01
-6.614850E-08,-1.4974632E-01
-6.609850E-08,-1.4979903E-01
-6.604850E-08,-1.4979903E-01
-6.599850E-08,-1.4979903E-01
-6.594850E-08,-1.4985173E-01
-6.589850E-08,-1.4985173E-01
-6.584850E-08,-1.4985173E-01
-6.579850E-08,-1.4990444E-01
-6.574850E-08,-1.4990444E-01
-6.569850E-08,-1.4990444E-01
-6.564850E-08,-1.4990444E-01
-6.559850E-08,-1.4995715E-01
-6.554850E-08,-1.4995715E-01
-6.549850E-08,-1.4995715E-01
-6.544850E-08,-1.4995715E-01
-6.539850E-08,-1.4995715E-01
-6.534850E-08,-1.4995715E-01
-6.529850E-08,-1.4995715E-01
-6.524850E-08,-1.4995715E-01
-6.519850E-08,-1.4990444E-01
-6.514850E-08,-1.4990444E-01
-6.509850E-08,-1.4990444E-01
-6.504850E-08,-1.4990444E-01
-6.499850E-08,-1.4990444E-01
-6.494850E-08,-1.4990444E-01
-6.489850E-08,-1.4985173E-01
-6.484850E-08,-1.4985173E-01
-6.479850E-08,-1.4985173E-01
-6.474850E-08,-1.4985173E-01
-6.469850E-08,-1.4985173E-01
-6.464850E-08,-1.4985173E-01
-6.459850E-08,-1.4979903E-01
-6.454850E-08,-1.4979903E-01
-6.449850E-08,-1.4979903E-01
-6.444850E-08,-1.4979903E-01
-6.439850E-08,-1.4979903E-01
-6.434850E-08,-1.4979903E-01
-6.429850E-08,-1.4979903E-01
-6.424850E-08,-1.4979903E-01
-6.419850E-08,-1.4979903E-01
-6.414850E-08,-1.4979903E-01
-6.409850E-08,-1.4979903E-01
-6.404850E-08,-1.4979903E-01
-6.399850E-08,-1.4979903E-01
-6.394850E-08,-1.4979903E-01
-6.389850E-08,-1.4979903E-01
-6.384850E-08,-1.4979903E-01
-6.379850E-08,-1.4985173E-01
-6.374850E-08,-1.4985173E-01
-6.369850E-08,-1.4985173E-01
-6.364850E-08,-1.4985173E-01
-6.359850E-08,-1.4985173E-01
-6.354850E-08,-1.4985173E-01
-6.349850E-08,-1.4985173E-01
-6.344850E-08,-1.4985173E-01
-6.339850E-08,-1.4985173E-01
-6.334850E-08,-1.4985173E-01
-6.329850E-08,-1.4985173E-01
-6.324850E-08,-1.4985173E-01
-6.319850E-08,-1.4985173E-01
-6.314850E-08,-1.4979903E-01
-6.309850E-08,-1.4979903E-01
-6.304850E-08,-1.4979903E-01
-6.299850E-08,-1.4979903E-01
-6.294850E-08,-1.4979903E-01
-6.289850E-08,-1.4979903E-01
-6.284850E-08,-1.4979903E-01
-6.279850E-08,-1.4979903E-01
-6.274850E-08,-1.4979903E-01
-6.269850E-08,-1.4979903E-01
-6.264850E-08,-1.4974632E-01
-6.259850E-08,-1.4974632E-01
-6.254850E-08,-1.4974632E-01
-6.249850E-08,-1.4974632E-01
-6.244850E-08,-1.4974632E-01
-6.239850E-08,-1.4974632E-01
-6.234850E-08,-1.4974632E-01
-6.229850E-08,-1.4974632E-01
-6.224850E-08,-1.4979903E-01
-6.219850E-08,-1.4979903E-01
-6.214850E-08,-1.4979903E-01
-6.209850E-08,-1.4979903E-01
-6.204850E-08,-1.4979903E-01
-6.199850E-08,-1.4979903E-01
-6.194850E-08,-1.4985173E-01
-6.189850E-08,-1.4985173E-01
-6.184850E-08,-1.4985173E-01
-6.179850E-08,-1.4985173E-01
-6.174850E-08,-1.4985173E-01
-6.169850E-08,-1.4990444E-01
-6.164850E-08,-1.4990444E-01
-6.159850E-08,-1.4990444E-01
-6.154850E-08,-1.4990444E-01
-6.149850E-08,-1.4995715E-01
-6.144850E-08,-1.4995715E-01
-6.139850E-08,-1.4995715E-01
-6.134850E-08,-1.4995715E-01
-6.129850E-08,-1.4995715E-01
-6.124850E-08,-1.5000986E-01
-6.119850E-08,-1.5000986E-01
-6.114850E-08,-1.5000986E-01
-6.109850E-08,-1.5000986E-01
-6.104850E-08,-1.5000986E-01
-6.099850E-08,-1.5000986E-01
-6.094850E-08,-1.5000986E-01
-6.089850E-08,-1.5000986E-01
-6.084850E-08,-1.5000986E-01
-6.079850E-08,-1.5000986E-01
-6.074850E-08,-1.5000986E-01
-6.069850E-08,-1.5000986E-01
-6.064850E-08,-1.5000986E-01
-6.059850E-08,-1.5000986E-01
-6.054850E-08,-1.4995715E-01
-6.049850E-08,-1.4995715E-01
-6.044850E-08,-1.4995715E-01
-6.039850E-08,-1.4995715E-01
-6.034850E-08,-1.4990444E-01
-6.029850E-08,-1.4990444E-01
-6.024850E-08,-1.4985173E-01
-6.019850E-08,-1.4985173E-01
-6.014850E-08,-1.4985173E-01
-6.009850E-08,-1.4979903E-01
-6.004850E-08,-1.4979903E-01
-5.999850E-08,-1.4974632E-01
-5.994850E-08,-1.4974632E-01
-5.989850E-08,-1.4969361E-01
-5.984850E-08,-1.4964090E-01
-5.979850E-08,-1.4964090E-01
-5.974850E-08,-1.4958819E-01
-5.969850E-08,-1.4958819E-01
-5.964850E-08,-1.4953548E-01
-5.959850E-08,-1.4953548E-01
-5.954850E-08,-1.4948277E-01
-5.949850E-08,-1.4948277E-01
-5.944850E-08,-1.4943006E-01
-5.939850E-08,-1.4943006E-01
-5.934850E-08,-1.4937735E-01
-5.929850E-08,-1.4937735E-01
-5.924850E-08,-1.4937735E-01
-5.919850E-08,-1.4932464E-01
-5.914850E-08,-1.4932464E-01
-5.909850E-08,-1.4932464E-01
-5.904850E-08,-1.4932464E-01
-5.899850E-08,-1.4932464E-01
-5.894850E-08,-1.4932464E-01
-5.889850E-08,-1.4932464E-01
-5.884850E-08,-1.4932464E-01
-5.879850E-08,-1.4932464E-01
-5.874850E-08,-1.4932464E-01
-5.869850E-08,-1.4932464E-01
-5.864850E-08,-1.4937735E-01
-5.859850E-08,-1.4937735E-01
-5.854850E-08,-1.4937735E-01
-5.849850E-08,-1.4937735E-01
-5.844850E-08,-1.4943006E-01
-5.839850E-08,-1.4943006E-01
-5.834850E-08,-1.4943006E-01
-5.829850E-08,-1.4948277E-01
-5.824850E-08,-1.4948277E-01
-5.819850E-08,-1.4948277E-01
-5.814850E-08,-1.4948277E-01
-5.809850E-08,-1.4948277E-01
-5.804850E-08,-1.4948277E-01
-5.799850E-08,-1.4948277E-01
-5.794850E-08,-1.4948277E-01
-5.789850E-08,-1.4948277E-01
-5.784850E-08,-1.4948277E-01
-5.779850E-08,-1.4943006E-01
-5.774850E-08,-1.4943006E-01
-5.769850E-08,-1.4943006E-01
-5.764850E-08,-1.4937735E-01
-5.759850E-08,-1.4937735E-01
-5.754850E-08,-1.4932464E-01
-5.749850E-08,-1.4927194E-01
-5.744850E-08,-1.4927194E-01
-5.739850E-08,-1.4921923E-01
-5.734850E-08,-1.4916652E-01
-5.729850E-08,-1.4916652E-01
-5.724850E-08,-1.4911381E-01
-5.719850E-08,-1.4906110E-01
-5.714850E-08,-1.4900839E-01
-5.709850E-08,-1.4900839E-01
-5.704850E-08,-1.4895568E-01
-5.699850E-08,-1.4895568E-01
-5.694850E-08,-1.4890297E-01
-5.689850E-08,-1.4890297E-01
-5.684850E-08,-1.4885026E-01
-5.679850E-08,-1.4885026E-01
-5.674850E-08,-1.4885026E-01
-5.669850E-08,-1.4885026E-01
-5.664850E-08,-1.4885026E-01
-5.659850E-08,-1.4885026E-01
-5.654850E-08,-1.4885026E-01
-5.649850E-08,-1.4885026E-01
-5.644850E-08,-1.4890297E-01
-5.639850E-08,-1.4890297E-01
-5.634850E-08,-1.4890297E-01
-5.629850E-08,-1.4895568E-01
-5.624850E-08,-1.4895568E-01
-5.619850E-08,-1.4900839E-01
-5.614850E-08,-1.4900839E-01
-5.609850E-08,-1.4906110E-01
-5.604850E-08,-1.4906110E-01
-5.599850E-08,-1.4911381E-01
-5.594850E-08,-1.4911381E-01
-5.589850E-08,-1.4916652E-01
-5.584850E-08,-1.4916652E-01
-5.579850E-08,-1.4916652E-01
-5.574850E-08,-1.4921923E-01
-5.569850E-08,-1.4921923E-01
-5.564850E-08,-1.4921923E-01
-5.559850E-08,-1.4921923E-01
-5.554850E-08,-1.4921923E-01
-5.549850E-08,-1.4921923E-01
-5.544850E-08,-1.4921923E-01
-5.539850E-08,-1.4921923E-01
-5.534850E-08,-1.4921923E-01
-5.529850E-08,-1.4916652E-01
-5.524850E-08,-1.4916652E-01
-5.519850E-08,-1.4916652E-01
-5.514850E-08,-1.4911381E-01
-5.509850E-08,-1.4911381E-01
-5.504850E-08,-1.4906110E-01
-5.499850E-08,-1.4906110E-01
-5.494850E-08,-1.4900839E-01
-5.489850E-08,-1.4900839E-01
-5.484850E-08,-1.4900839E-01
-5.479850E-08,-1.4895568E-01
-5.474850E-08,-1.4895568E-01
-5.469850E-08,-1.4895568E-01
-5.464850E-08,-1.4890297E-01
-5.459850E-08,-1.4890297E-01
-5.454850E-08,-1.4890297E-01
-5.449850E-08,-1.4890297E-01
-5.444850E-08,-1.4890297E-01
-5.439850E-08,-1.4890297E-01
-5.434850E-08,-1.4890297E-01
-5.429850E-08,-1.4895568E-01
-5.424850E-08,-1.4895568E-01
-5.419850E-08,-1.4895568E-01
-5.414850E-08,-1.4895568E-01
-5.409850E-08,-1.4895568E-01
-5.404850E-08,-1.4900839E-01
-5.399850E-08,-1.4900839E-01
-5.394850E-08,-1.4900839E-01
-5.389850E-08,-1.4900839E-01
-5.384850E-08,-1.4900839E-01
-5.379850E-08,-1.4906110E-01
-5.374850E-08,-1.4906110E-01
-5.369850E-08,-1.4906110E-01
-5.364850E-08,-1.4906110E-01
-5.359850E-08,-1.4906110E-01
-5.354850E-08,-1.4906110E-01
-5.349850E-08,-1.4906110E-01
-5.344850E-08,-1.4900839E-01
-5.339850E-08,-1.4900839E-01
-5.334850E-08,-1.4900839E-01
-5.329850E-08,-1.4900839E-01
-5.324850E-08,-1.4900839E-01
-5.319850E-08,-1.4895568E-01
-5.314850E-08,-1.4895568E-01
-5.309850E-08,-1.4895568E-01
-5.304850E-08,-1.4895568E-01
-5.299850E-08,-1.4895568E-01
-5.294850E-08,-1.4895568E-01
-5.289850E-08,-1.4895568E-01
-5.284850E-08,-1.4895568E-01
-5.279850E-08,-1.4895568E-01
-5.274850E-08,-1.4895568E-01
-5.269850E-08,-1.4895568E-01
-5.264850E-08,-1.4900839E-01
-5.259850E-08,-1.4900839E-01
-5.254850E-08,-1.4906110E-01
-5.249850E-08,-1.4906110E-01
-5.244850E-08,-1.4911381E-01
-5.239850E-08,-1.4911381E-01
-5.234850E-08,-1.4916652E-01
-5.229850E-08,-1.4921923E-01
-5.224850E-08,-1.4927194E-01
-5.219850E-08,-1.4927194E-01
-5.214850E-08,-1.4932464E-01
-5.209850E-08,-1.4937735E-01
-5.204850E-08,-1.4943006E-01
-5.199850E-08,-1.4943006E-01
-5.194850E-08,-1.4948277E-01
-5.189850E-08,-1.4948277E-01
-5.184850E-08,-1.4953548E-01
-5.179850E-08,-1.4953548E-01
-5.174850E-08,-1.4953548E-01
-5.169850E-08,-1.4958819E-01
-5.164850E-08,-1.4958819E-01
-5.159850E-08,-1.4953548E-01
-5.154850E-08,-1.4953548E-01
-5.149850E-08,-1.4953548E-01
-5.144850E-08,-1.4948277E-01
-5.139850E-08,-1.4948277E-01
-5.134850E-08,-1.4943006E-01
-5.129850E-08,-1.4943006E-01
-5.124850E-08,-1.4937735E-01
-5.119850E-08,-1.4932464E-01
-5.114850E-08,-1.4927194E-01
-5.109850E-08,-1.4921923E-01
-5.104850E-08,-1.4916652E-01
-5.099850E-08,-1.4911381E-01
-5.094850E-08,-1.4911381E-01
-5.089850E-08,-1.4906110E-01
-5.084850E-08,-1.4900839E-01
-5.079850E-08,-1.4895568E-01
-5.074850E-08,-1.4895568E-01
-5.069850E-08,-1.4895568E-01
-5.064850E-08,-1.4890297E-01
-5.059850E-08,-1.4890297E-01
-5.054850E-08,-1.4890297E-01
-5.049850E-08,-1.4890297E-01
-5.044850E-08,-1.4890297E-01
-5.039850E-08,-1.4895568E-01
-5.034850E-08,-1.4895568E-01
-5.029850E-08,-1.4900839E-01
-5.024850E-08,-1.4906110E-01
-5.019850E-08,-1.4911381E-01
-5.014850E-08,-1.4916652E-01
-5.009850E-08,-1.4921923E-01
-5.004850E-08,-1.4927194E-01
-4.999850E-08,-1.4932464E-01
-4.994850E-08,-1.4943006E-01
-4.989850E-08,-1.4948277E-01
-4.984850E-08,-1.4953548E-01
-4.979850E-08,-1.4958819E-01
-4.974850E-08,-1.4969361E-01
-4.969850E-08,-1.4974632E-01
-4.964850E-08,-1.4979903E-01
-4.959850E-08,-1.4985173E-01
-4.954850E-08,-1.4990444E-01
-4.949850E-08,-1.4990444E-01
-4.944850E-08,-1.4995715E-01
-4.939850E-08,-1.4995715E-01
-4.934850E-08,-1.4995715E-01
-4.929850E-08,-1.4995715E-01
-4.924850E-08,-1.4995715E-01
-4.919850E-08,-1.4995715E-01
-4.914850E-08,-1.4995715E-01
-4.909850E-08,-1.4995715E-01
-4.904850E-08,-1.4990444E-01
-4.899850E-08,-1.4985173E-01
-4.894850E-08,-1.4985173E-01
-4.889850E-08,-1.4979903E-01
-4.884850E-08,-1.4974632E-01
-4.879850E-08,-1.4969361E-01
-4.874850E-08,-1.4964090E-01
-4.869850E-08,-1.4964090E-01
-4.864850E-08,-1.4958819E-01
-4.859850E-08,-1.4953548E-01
-4.854850E-08,-1.4948277E-01
-4.849850E-08,-1.4948277E-01
-4.844850E-08,-1.4943006E-01
-4.839850E-08,-1.4943006E-01
-4.834850E-08,-1.4937735E-01
-4.829850E-08,-1.4937735E-01
-4.824850E-08,-1.4937735E-01
-4.819850E-08,-1.4937735E-01
-4.814850E-08,-1.4937735E-01
-4.809850E-08,-1.4937735E-01
-4.804850E-08,-1.4943006E-01
-4.799850E-08,-1.4943006E-01
-4.794850E-08,-1.4948277E-01
-4.789850E-08,-1.4948277E-01
-4.784850E-08,-1.4953548E-01
-4.779850E-08,-1.4953548E-01
-4.774850E-08,-1.4958819E-01
-4.769850E-08,-1.4964090E-01
-4.764850E-08,-1.4969361E-01
-4.759850E-08,-1.4969361E-01
-4.754850E-08,-1.4974632E-01
-4.749850E-08,-1.4979903E-01
-4.744850E-08,-1.4979903E-01
-4.739850E-08,-1.4985173E-01
-4.734850E-08,-1.4985173E-01
-4.729850E-08,-1.4990444E-01
-4.724850E-08,-1.4990444E-01
-4.719850E-08,-1.4990444E-01
-4.714850E-08,-1.4990444E-01
-4.709850E-08,-1.4990444E-01
-4.704850E-08,-1.4985173E-01
-4.699850E-08,-1.4985173E-01
-4.694850E-08,-1.4979903E-01
-4.689850E-08,-1.4979903E-01
-4.684850E-08,-1.4974632E-01
-4.679850E-08,-1.4969361E-01
-4.674850E-08,-1.4964090E-01
-4.669850E-08,-1.4958819E-01
-4.664850E-08,-1.4953548E-01
-4.659850E-08,-1.4948277E-01
-4.654850E-08,-1.4943006E-01
-4.649850E-08,-1.4937735E-01
-4.644850E-08,-1.4927194E-01
-4.639850E-08,-1.4921923E-01
-4.634850E-08,-1.4916652E-01
-4.629850E-08,-1.4911381E-01
-4.624850E-08,-1.4906110E-01
-4.619850E-08,-1.4900839E-01
-4.614850E-08,-1.4895568E-01
-4.609850E-08,-1.4890297E-01
-4.604850E-08,-1.4885026E-01
-4.599850E-08,-1.4879755E-01
-4.594850E-08,-1.4879755E-01
-4.589850E-08,-1.4874485E-01
-4.584850E-08,-1.4874485E-01
-4.579850E-08,-1.4874485E-01
-4.574850E-08,-1.4869214E-01
-4.569850E-08,-1.4869214E-01
-4.564850E-08,-1.4869214E-01
-4.559850E-08,-1.4874485E-01
-4.554850E-08,-1.4874485E-01
-4.549850E-08,-1.4874485E-01
-4.544850E-08,-1.4879755E-01
-4.539850E-08,-1.4879755E-01
-4.534850E-08,-1.4885026E-01
-4.529850E-08,-1.4885026E-01
-4.524850E-08,-1.4890297E-01
-4.519850E-08,-1.4895568E-01
-4.514850E-08,-1.4895568E-01
-4.509850E-08,-1.4900839E-01
-4.504850E-08,-1.4906110E-01
-4.499850E-08,-1.4911381E-01
-4.494850E-08,-1.4916652E-01
-4.489850E-08,-1.4916652E-01
-4.484850E-08,-1.4921923E-01
-4.479850E-08,-1.4927194E-01
-4.474850E-08,-1.4927194E-01
-4.469850E-08,-1.4932464E-01
-4.464850E-08,-1.4937735E-01
-4.459850E-08,-1.4937735E-01
-4.454850E-08,-1.4943006E-01
-4.449850E-08,-1.4943006E-01
-4.444850E-08,-1.4943006E-01
-4.439850E-08,-1.4948277E-01
-4.434850E-08,-1.4948277E-01
-4.429850E-08,-1.4948277E-01
-4.424850E-08,-1.4948277E-01
-4.419850E-08,-1.4948277E-01
-4.414850E-08,-1.4948277E-01
-4.409850E-08,-1.4948277E-01
-4.404850E-08,-1.4943006E-01
-4.399850E-08,-1.4943006E-01
-4.394850E-08,-1.4937735E-01
-4.389850E-08,-1.4937735E-01
-4.384850E-08,-1.4932464E-01
-4.379850E-08,-1.4927194E-01
-4.374850E-08,-1.4921923E-01
-4.369850E-08,-1.4921923E-01
-4.364850E-08,-1.4916652E-01
-4.359850E-08,-1.4906110E-01
-4.354850E-08,-1.4900839E-01
-4.349850E-08,-1.4895568E-01
-4.344850E-08,-1.4890297E-01
-4.339850E-08,-1.4885026E-01
-4.334850E-08,-1.4879755E-01
-4.329850E-08,-1.4869214E-01
-4.324850E-08,-1.4863943E-01
-4.319850E-08,-1.4858672E-01
-4.314850E-08,-1.4853401E-01
-4.309850E-08,-1.4848130E-01
-4.304850E-08,-1.4842859E-01
-4.299850E-08,-1.4837588E-01
-4.294850E-08,-1.4832317E-01
-4.289850E-08,-1.4827046E-01
-4.284850E-08,-1.4821776E-01
-4.279850E-08,-1.4821776E-01
-4.274850E-08,-1.4816505E-01
-4.269850E-08,-1.4816505E-01
-4.264850E-08,-1.4816505E-01
-4.259850E-08,-1.4811234E-01
-4.254850E-08,-1.4811234E-01
-4.249850E-08,-1.4811234E-01
-4.244850E-08,-1.4816505E-01
-4.239850E-08,-1.4816505E-01
-4.234850E-08,-1.4816505E-01
-4.229850E-08,-1.4821776E-01
-4.224850E-08,-1.4821776E-01
-4.219850E-08,-1.4827046E-01
-4.214850E-08,-1.4832317E-01
-4.209850E-08,-1.4837588E-01
-4.204850E-08,-1.4842859E-01
-4.199850E-08,-1.4848130E-01
-4.194850E-08,-1.4853401E-01
-4.189850E-08,-1.4858672E-01
-4.184850E-08,-1.4863943E-01
-4.179850E-08,-1.4874485E-01
-4.174850E-08,-1.4879755E-01
-4.169850E-08,-1.4885026E-01
-4.164850E-08,-1.4890297E-01
-4.159850E-08,-1.4895568E-01
-4.154850E-08,-1.4906110E-01
-4.149850E-08,-1.4911381E-01
-4.144850E-08,-1.4916652E-01
-4.139850E-08,-1.4921923E-01
-4.134850E-08,-1.4927194E-01
-4.129850E-08,-1.4932464E-01
-4.124850E-08,-1.4932464E-01
-4.119850E-08,-1.4937735E-01
-4.114850E-08,-1.4943006E-01
-4.109850E-08,-1.4943006E-01
-4.104850E-08,-1.4948277E-01
-4.099850E-08,-1.4948277E-01
-4.094850E-08,-1.4953548E-01
-4.089850E-08,-1.4953548E-01
-4.084850E-08,-1.4953548E-01
-4.079850E-08,-1.4958819E-01
-4.074850E-08,-1.4958819E-01
-4.069850E-08,-1.4958819E-01
-4.064850E-08,-1.4958819E-01
-4.059850E-08,-1.4958819E-01
-4.054850E-08,-1.4958819E-01
-4.049850E-08,-1.4964090E-01
-4.044850E-08,-1.4964090E-01
-4.039850E-08,-1.4964090E-01
-4.034850E-08,-1.4964090E-01
-4.029850E-08,-1.4964090E-01
-4.024850E-08,-1.4964090E-01
-4.019850E-08,-1.4964090E-01
-4.014850E-08,-1.4964090E-01
-4.009850E-08,-1.4969361E-01
-4.004850E-08,-1.4969361E-01
-3.999850E-08,-1.4969361E-01
-3.994850E-08,-1.4969361E-01
-3.989850E-08,-1.4974632E-01
-3.984850E-08,-1.4974632E-01
-3.979850E-08,-1.4974632E-01
-3.974850E-08,-1.4974632E-01
-3.969850E-08,-1.4979903E-01
-3.964850E-08,-1.4979903E-01
-3.959850E-08,-1.4979903E-01
-3.954850E-08,-1.4985173E-01
-3.949850E-08,-1.4985173E-01
-3.944850E-08,-1.4985173E-01
-3.939850E-08,-1.4985173E-01
-3.934850E-08,-1.4985173E-01
-3.929850E-08,-1.4985173E-01
-3.924850E-08,-1.4990444E-01
-3.919850E-08,-1.4990444E-01
-3.914850E-08,-1.4985173E-01
-3.909850E-08,-1.4985173E-01
-3.904850E-08,-1.4985173E-01
-3.899850E-08,-1.4985173E-01
-3.894850E-08,-1.4985173E-01
-3.889850E-08,-1.4985173E-01
-3.884850E-08,-1.4979903E-01
-3.879850E-08,-1.4979903E-01
-3.874850E-08,-1.4974632E-01
-3.869850E-08,-1.4974632E-01
-3.864850E-08,-1.4969361E-01
-3.859850E-08,-1.4969361E-01
-3.854850E-08,-1.4964090E-01
-3.849850E-08,-1.4964090E-01
-3.844850E-08,-1.4958819E-01
-3.839850E-08,-1.4958819E-01
-3.834850E-08,-1.4953548E-01
-3.829850E-08,-1.4948277E-01
-3.824850E-08,-1.4948277E-01
-3.819850E-08,-1.4943006E-01
-3.814850E-08,-1.4937735E-01
-3.809850E-08,-1.4937735E-01
-3.804850E-08,-1.4932464E-01
-3.799850E-08,-1.4932464E-01
-3.794850E-08,-1.4927194E-01
-3.789850E-08,-1.4927194E-01
-3.784850E-08,-1.4921923E-01
-3.779850E-08,-1.4921923E-01
-3.774850E-08,-1.4916652E-01
-3.769850E-08,-1.4916652E-01
-3.764850E-08,-1.4916652E-01
-3.759850E-08,-1.4911381E-01
-3.754850E-08,-1.4911381E-01
-3.749850E-08,-1.4911381E-01
-3.744850E-08,-1.4911381E-01
-3.739850E-08,-1.4911381E-01
-3.734850E-08,-1.4911381E-01
-3.729850E-08,-1.4911381E-01
-3.724850E-08,-1.4911381E-01
-3.719850E-08,-1.4911381E-01
-3.714850E-08,-1.4906110E-01
-3.709850E-08,-1.4906110E-01
-3.704850E-08,-1.4906110E-01
-3.699850E-08,-1.4906110E-01
-3.694850E-08,-1.4906110E-01
-3.689850E-08,-1.4906110E-01
-3.684850E-08,-1.4906110E-01
-3.679850E-08,-1.4906110E-01
-3.674850E-08,-1.4906110E-01
-3.669850E-08,-1.4906110E-01
-3.664850E-08,-1.4906110E-01
-3.659850E-08,-1.4906110E-01
-3.654850E-08,-1.4906110E-01
-3.649850E-08,-1.4906110E-01
-3.644850E-08,-1.4906110E-01
-3.639850E-08,-1.4906110E-01
-3.634850E-08,-1.4906110E-01
-3.629850E-08,-1.4900839E-01
-3.624850E-08,-1.4900839E-01
-3.619850E-08,-1.4900839E-01
-3.614850E-08,-1.4900839E-01
-3.609850E-08,-1.4900839E-01
-3.604850E-08,-1.4900839E-01
-3.599850E-08,-1.4895568E-01
-3.594850E-08,-1.4895568E-01
-3.589850E-08,-1.4895568E-01
-3.584850E-08,-1.4895568E-01
-3.579850E-08,-1.4890297E-01
-3.574850E-08,-1.4890297E-01
-3.569850E-08,-1.4890297E-01
-3.564850E-08,-1.4890297E-01
-3.559850E-08,-1.4885026E-01
-3.554850E-08,-1.4885026E-01
-3.549850E-08,-1.4885026E-01
-3.544850E-08,-1.4879755E-01
-3.539850E-08,-1.4879755E-01
-3.534850E-08,-1.4879755E-01
-3.529850E-08,-1.4874485E-01
-3.524850E-08,-1.4874485E-01
-3.519850E-08,-1.4874485E-01
-3.514850E-08,-1.4869214E-01
-3.509850E-08,-1.4869214E-01
-3.504850E-08,-1.4869214E-01
-3.499850E-08,-1.4863943E-01
-3.494850E-08,-1.4863943E-01
-3.489850E-08,-1.4863943E-01
-3.484850E-08,-1.4858672E-01
-3.479850E-08,-1.4858672E-01
-3.474850E-08,-1.4858672E-01
-3.469850E-08,-1.4853401E-01
-3.464850E-08,-1.4853401E-01
-3.459850E-08,-1.4853401E-01
-3.454850E-08,-1.4848130E-01
-3.449850E-08,-1.4848130E-01
-3.444850E-08,-1.4848130E-01
-3.439850E-08,-1.4842859E-01
-3.434850E-08,-1.4842859E-01
-3.429850E-08,-1.4842859E-01
-3.424850E-08,-1.4842859E-01
-3.419850E-08,-1.4842859E-01
-3.414850E-08,-1.4837588E-01
-3.409850E-08,-1.4837588E-01
-3.404850E-08,-1.4837588E-01
-3.399850E-08,-1.4837588E-01
-3.394850E-08,-1.4837588E-01
-3.389850E-08,-1.4837588E-01
-3.384850E-08,-1.4837588E-01
-3.379850E-08,-1.4837588E-01
-3.374850E-08,-1.4837588E-01
-3.369850E-08,-1.4842859E-01
-3.364850E-08,-1.4842859E-01
-3.359850E-08,-1.4842859E-01
-3.354850E-08,-1.4842859E-01
-3.349850E-08,-1.4842859E-01
-3.344850E-08,-1.4848130E-01
-3.339850E-08,-1.4848130E-01
-3.334850E-08,-1.4848130E-01
-3.329850E-08,-1.4848130E-01
-3.324850E-08,-1.4853401E-01
-3.319850E-08,-1.4853401E-01
-3.314850E-08,-1.4853401E-01
-3.309850E-08,-1.4858672E-01
-3.304850E-08,-1.4858672E-01
-3.299850E-08,-1.4858672E-01
-3.294850E-08,-1.4858672E-01
-3.289850E-08,-1.4858672E-01
-3.284850E-08,-1.4863943E-01
-3.279850E-08,-1.4863943E-01
-3.274850E-08,-1.4863943E-01
-3.269850E-08,-1.4863943E-01
-3.264850E-08,-1.4863943E-01
-3.259850E-08,-1.4863943E-01
-3.254850E-08,-1.4863943E-01
-3.249850E-08,-1.4863943E-01
-3.244850E-08,-1.4863943E-01
-3.239850E-08,-1.4863943E-01
-3.234850E-08,-1.4863943E-01
-3.229850E-08,-1.4858672E-01
-3.224850E-08,-1.4858672E-01
-3.219850E-08,-1.4858672E-01
-3.214850E-08,-1.4858672E-01
-3.209850E-08,-1.4858672E-01
-3.204850E-08,-1.4858672E-01
-3.199850E-08,-1.4858672E-01
-3.194850E-08,-1.4858672E-01
-3.189850E-08,-1.4853401E-01
-3.184850E-08,-1.4853401E-01
-3.179850E-08,-1.4853401E-01
-3.174850E-08,-1.4858672E-01
-3.169850E-08,-1.4858672E-01
-3.164850E-08,-1.4858672E-01
-3.159850E-08,-1.4858672E-01
-3.154850E-08,-1.4858672E-01
-3.149850E-08,-1.4863943E-01
-3.144850E-08,-1.4863943E-01
-3.139850E-08,-1.4863943E-01
-3.134850E-08,-1.4869214E-01
-3.129850E-08,-1.4869214E-01
-3.124850E-08,-1.4874485E-01
-3.119850E-08,-1.4879755E-01
-3.114850E-08,-1.4879755E-01
-3.109850E-08,-1.4885026E-01
-3.104850E-08,-1.4890297E-01
-3.099850E-08,-1.4895568E-01
-3.094850E-08,-1.4900839E-01
-3.089850E-08,-1.4906110E-01
-3.084850E-08,-1.4906110E-01
-3.079850E-08,-1.4911381E-01
-3.074850E-08,-1.4916652E-01
-3.069850E-08,-1.4921923E-01
-3.064850E-08,-1.4927194E-01
-3.059850E-08,-1.4932464E-01
-3.054850E-08,-1.4937735E-01
-3.049850E-08,-1.4943006E-01
-3.044850E-08,-1.4948277E-01
-3.039850E-08,-1.4948277E-01
-3.034850E-08,-1.4953548E-01
-3.029850E-08,-1.4958819E-01
-3.024850E-08,-1.4958819E-01
-3.019850E-08,-1.4964090E-01
-3.014850E-08,-1.4964090E-01
-3.009850E-08,-1.4969361E-01
-3.004850E-08,-1.4969361E-01
-2.999850E-08,-1.4969361E-01
-2.994850E-08,-1.4974632E-01
-2.989850E-08,-1.4974632E-01
-2.984850E-08,-1.4974632E-01
-2.979850E-08,-1.4974632E-01
-2.974850E-08,-1.4974632E-01
-2.969850E-08,-1.4974632E-01
-2.964850E-08,-1.4969361E-01
-2.959850E-08,-1.4969361E-01
-2.954850E-08,-1.4969361E-01
-2.949850E-08,-1.4969361E-01
-2.944850E-08,-1.4964090E-01
-2.939850E-08,-1.4964090E-01
-2.934850E-08,-1.4958819E-01
-2.929850E-08,-1.4958819E-01
-2.924850E-08,-1.4958819E-01
-2.919850E-08,-1.4953548E-01
-2.914850E-08,-1.4953548E-01
-2.909850E-08,-1.4953548E-01
-2.904850E-08,-1.4948277E-01
-2.899850E-08,-1.4948277E-01
-2.894850E-08,-1.4948277E-01
-2.889850E-08,-1.4948277E-01
-2.884850E-08,-1.4948277E-01
-2.879850E-08,-1.4948277E-01
-2.874850E-08,-1.4948277E-01
-2.869850E-08,-1.4948277E-01
-2.864850E-08,-1.4948277E-01
-2.859850E-08,-1.4948277E-01
-2.854850E-08,-1.4948277E-01
-2.849850E-08,-1.4953548E-01
-2.844850E-08,-1.4953548E-01
-2.839850E-08,-1.4958819E-01
-2.834850E-08,-1.4958819E-01
-2.829850E-08,-1.4964090E-01
-2.824850E-08,-1.4964090E-01
-2.819850E-08,-1.4969361E-01
-2.814850E-08,-1.4969361E-01
-2.809850E-08,-1.4974632E-01
-2.804850E-08,-1.4974632E-01
-2.799850E-08,-1.4979903E-01
-2.794850E-08,-1.4979903E-01
-2.789850E-08,-1.4985173E-01
-2.784850E-08,-1.4985173E-01
-2.779850E-08,-1.4985173E-01
-2.774850E-08,-1.4985173E-01
-2.769850E-08,-1.4990444E-01
-2.764850E-08,-1.4990444E-01
-2.759850E-08,-1.4990444E-01
-2.754850E-08,-1.4990444E-01
-2.749850E-08,-1.4990444E-01
-2.744850E-08,-1.4985173E-01
-2.739850E-08,-1.4985173E-01
-2.734850E-08,-1.4985173E-01
-2.729850E-08,-1.4979903E-01
-2.724850E-08,-1.4974632E-01
-2.719850E-08,-1.4974632E-01
-2.714850E-08,-1.4969361E-01
-2.709850E-08,-1.4964090E-01
-2.704850E-08,-1.4958819E-01
-2.699850E-08,-1.4953548E-01
-2.694850E-08,-1.4948277E-01
-2.689850E-08,-1.4943006E-01
-2.684850E-08,-1.4937735E-01
-2.679850E-08,-1.4932464E-01
-2.674850E-08,-1.4927194E-01
-2.669850E-08,-1.4921923E-01
-2.664850E-08,-1.4916652E-01
-2.659850E-08,-1.4911381E-01
-2.654850E-08,-1.4906110E-01
-2.649850E-08,-1.4906110E-01
-2.644850E-08,-1.4900839E-01
-2.639850E-08,-1.4895568E-01
-2.634850E-08,-1.4895568E-01
-2.629850E-08,-1.4890297E-01
-2.624850E-08,-1.4890297E-01
-2.619850E-08,-1.4890297E-01
-2.614850E-08,-1.4885026E-01
-2.609850E-08,-1.4885026E-01
-2.604850E-08,-1.4885026E-01
-2.599850E-08,-1.4885026E-01
-2.594850E-08,-1.4890297E-01
-2.589850E-08,-1.4890297E-01
-2.584850E-08,-1.4890297E-01
-2.579850E-08,-1.4895568E-01
-2.574850E-08,-1.4895568E-01
-2.569850E-08,-1.4900839E-01
-2.564850E-08,-1.4900839E-01
-2.559850E-08,-1.4906110E-01
-2.554850E-08,-1.4911381E-01
-2.549850E-08,-1.4911381E-01
-2.544850E-08,-1.4916652E-01
-2.539850E-08,-1.4921923E-01
-2.534850E-08,-1.4927194E-01
-2.529850E-08,-1.4927194E-01
-2.524850E-08,-1.4932464E-01
-2.519850E-08,-1.4932464E-01
-2.514850E-08,-1.4937735E-01
-2.509850E-08,-1.4943006E-01
-2.504850E-08,-1.4943006E-01
-2.499850E-08,-1.4948277E-01
-2.494850E-08,-1.4948277E-01
-2.489850E-08,-1.4948277E-01
-2.484850E-08,-1.4953548E-01
-2.479850E-08,-1.4953548E-01
-2.474850E-08,-1.4953548E-01
-2.469850E-08,-1.4953548E-01
-2.464850E-08,-1.4953548E-01
-2.459850E-08,-1.4953548E-01
-2.454850E-08,-1.4953548E-01
-2.449850E-08,-1.4953548E-01
-2.444850E-08,-1.4953548E-01
-2.439850E-08,-1.4953548E-01
-2.434850E-08,-1.4953548E-01
-2.429850E-08,-1.4953548E-01
-2.424850E-08,-1.4948277E-01
-2.419850E-08,-1.4948277E-01
-2.414850E-08,-1.4948277E-01
-2.409850E-08,-1.4943006E-01
-2.404850E-08,-1.4943006E-01
-2.399850E-08,-1.4943006E-01
-2.394850E-08,-1.4937735E-01
-2.389850E-08,-1.4937735E-01
-2.384850E-08,-1.4937735E-01
-2.379850E-08,-1.4932464E-01
-2.374850E-08,-1.4932464E-01
-2.369850E-08,-1.4932464E-01
-2.364850E-08,-1.4927194E-01
-2.359850E-08,-1.4927194E-01
-2.354850E-08,-1.4921923E-01
-2.349850E-08,-1.4921923E-01
-2.344850E-08,-1.4916652E-01
-2.339850E-08,-1.4916652E-01
-2.334850E-08,-1.4911381E-01
-2.329850E-08,-1.4911381E-01
-2.324850E-08,-1.4911381E-01
-2.319850E-08,-1.4906110E-01
-2.314850E-08,-1.4906110E-01
-2.309850E-08,-1.4900839E-01
-2.304850E-08,-1.4900839E-01
-2.299850E-08,-1.4895568E-01
-2.294850E-08,-1.4895568E-01
-2.289850E-08,-1.4895568E-01
-2.284850E-08,-1.4890297E-01
-2.279850E-08,-1.4890297E-01
-2.274850E-08,-1.4890297E-01
-2.269850E-08,-1.4890297E-01
-2.264850E-08,-1.4890297E-01
-2.259850E-08,-1.4885026E-01
-2.254850E-08,-1.4885026E-01
-2.249850E-08,-1.4885026E-01
-2.244850E-08,-1.4885026E-01
-2.239850E-08,-1.4885026E-01
-2.234850E-08,-1.4885026E-01
-2.229850E-08,-1.4890297E-01
-2.224850E-08,-1.4890297E-01
-2.219850E-08,-1.4890297E-01
-2.214850E-08,-1.4890297E-01
-2.209850E-08,-1.4895568E-01
-2.204850E-08,-1.4895568E-01
-2.199850E-08,-1.4895568E-01
-2.194850E-08,-1.4900839E-01
-2.189850E-08,-1.4900839E-01
-2.184850E-08,-1.4906110E-01
-2.179850E-08,-1.4906110E-01
-2.174850E-08,-1.4906110E-01
-2.169850E-08,-1.4911381E-01
-2.164850E-08,-1.4911381E-01
-2.159850E-08,-1.4916652E-01
-2.154850E-08,-1.4916652E-01
-2.149850E-08,-1.4921923E-01
-2.144850E-08,-1.4921923E-01
-2.139850E-08,-1.4921923E-01
-2.134850E-08,-1.4927194E-01
-2.129850E-08,-1.4927194E-01
-2.124850E-08,-1.4927194E-01
-2.119850E-08,-1.4932464E-01
-2.114850E-08,-1.4932464E-01
-2.109850E-08,-1.4932464E-01
-2.104850E-08,-1.4932464E-01
-2.099850E-08,-1.4932464E-01
-2.094850E-08,-1.4932464E-01
-2.089850E-08,-1.4932464E-01
-2.084850E-08,-1.4932464E-01
-2.079850E-08,-1.4932464E-01
-2.074850E-08,-1.4927194E-01
-2.069850E-08,-1.4927194E-01
-2.064850E-08,-1.4927194E-01
-2.059850E-08,-1.4927194E-01
-2.054850E-08,-1.4927194E-01
-2.049850E-08,-1.4921923E-01
-2.044850E-08,-1.4921923E-01
-2.039850E-08,-1.4921923E-01
-2.034850E-08,-1.4921923E-01
-2.029850E-08,-1.4921923E-01
-2.024850E-08,-1.4921923E-01
-2.019850E-08,-1.4916652E-01
-2.014850E-08,-1.4916652E-01
-2.009850E-08,-1.4916652E-01
-2.004850E-08,-1.4916652E-01
-1.999850E-08,-1.4916652E-01
-1.994850E-08,-1.4916652E-01
-1.989850E-08,-1.4916652E-01
-1.984850E-08,-1.4916652E-01
-1.979850E-08,-1.4916652E-01
-1.974850E-08,-1.4921923E-01
-1.969850E-08,-1.4921923E-01
-1.964850E-08,-1.4921923E-01
-1.959850E-08,-1.4921923E-01
-1.954850E-08,-1.4921923E-01
-1.949850E-08,-1.4927194E-01
-1.944850E-08,-1.4927194E-01
-1.939850E-08,-1.4927194E-01
-1.934850E-08,-1.4927194E-01
-1.929850E-08,-1.4932464E-01
-1.924850E-08,-1.4932464E-01
-1.919850E-08,-1.4932464E-01
-1.914850E-08,-1.4937735E-01
-1.909850E-08,-1.4937735E-01
-1.904850E-08,-1.4937735E-01
-1.899850E-08,-1.4943006E-01
-1.894850E-08,-1.4943006E-01
-1.889850E-08,-1.4943006E-01
-1.884850E-08,-1.4943006E-01
-1.879850E-08,-1.4948277E-01
-1.874850E-08,-1.4948277E-01
-1.869850E-08,-1.4948277E-01
-1.864850E-08,-1.4948277E-01
-1.859850E-08,-1.4953548E-01
-1.854850E-08,-1.4953548E-01
-1.849850E-08,-1.4953548E-01
-1.844850E-08,-1.4953548E-01
-1.839850E-08,-1.4953548E-01
-1.834850E-08,-1.4953548E-01
-1.829850E-08,-1.4958819E-01
-1.824850E-08,-1.4958819E-01
-1.819850E-08,-1.4958819E-01
-1.814850E-08,-1.4958819E-01
-1.809850E-08,-1.4958819E-01
-1.804850E-08,-1.4958819E-01
-1.799850E-08,-1.4958819E-01
-1.794850E-08,-1.4958819E-01
-1.789850E-08,-1.4958819E-01
-1.784850E-08,-1.4953548E-01
-1.779850E-08,-1.4953548E-01
-1.774850E-08,-1.4953548E-01
-1.769850E-08,-1.4953548E-01
-1.764850E-08,-1.4948277E-01
-1.759850E-08,-1.4948277E-01
-1.754850E-08,-1.4948277E-01
-1.749850E-08,-1.4943006E-01
-1.744850E-08,-1.4943006E-01
-1.739850E-08,-1.4937735E-01
-1.734850E-08,-1.4937735E-01
-1.729850E-08,-1.4937735E-01
-1.724850E-08,-1.4932464E-01
-1.719850E-08,-1.4932464E-01
-1.714850E-08,-1.4927194E-01
-1.709850E-08,-1.4927194E-01
-1.704850E-08,-1.4921923E-01
-1.699850E-08,-1.4921923E-01
-1.694850E-08,-1.4916652E-01
-1.689850E-08,-1.4916652E-01
-1.684850E-08,-1.4916652E-01
-1.679850E-08,-1.4911381E-01
-1.674850E-08,-1.4911381E-01
-1.669850E-08,-1.4911381E-01
-1.664850E-08,-1.4911381E-01
-1.659850E-08,-1.4911381E-01
-1.654850E-08,-1.4911381E-01
-1.649850E-08,-1.4911381E-01
-1.644850E-08,-1.4911381E-01
-1.639850E-08,-1.4911381E-01
-1.634850E-08,-1.4916652E-01
-1.629850E-08,-1.4916652E-01
-1.624850E-08,-1.4916652E-01
-1.619850E-08,-1.4921923E-01
-1.614850E-08,-1.4921923E-01
-1.609850E-08,-1.4927194E-01
-1.604850E-08,-1.4927194E-01
-1.599850E-08,-1.4932464E-01
-1.594850E-08,-1.4932464E-01
-1.589850E-08,-1.4937735E-01
-1.584850E-08,-1.4943006E-01
-1.579850E-08,-1.4943006E-01
-1.574850E-08,-1.4948277E-01
-1.569850E-08,-1.4948277E-01
-1.564850E-08,-1.4953548E-01
-1.559850E-08,-1.4953548E-01
-1.554850E-08,-1.4953548E-01
-1.549850E-08,-1.4953548E-01
-1.544850E-08,-1.4953548E-01
-1.539850E-08,-1.4953548E-01
-1.534850E-08,-1.4953548E-01
-1.529850E-08,-1.4953548E-01
-1.524850E-08,-1.4953548E-01
-1.519850E-08,-1.4948277E-01
-1.514850E-08,-1.4948277E-01
-1.509850E-08,-1.4943006E-01
-1.504850E-08,-1.4943006E-01
-1.499850E-08,-1.4937735E-01
-1.494850E-08,-1.4932464E-01
-1.489850E-08,-1.4927194E-01
-1.484850E-08,-1.4927194E-01
-1.479850E-08,-1.4921923E-01
-1.474850E-08,-1.4916652E-01
-1.469850E-08,-1.4911381E-01
-1.464850E-08,-1.4906110E-01
-1.459850E-08,-1.4900839E-01
-1.454850E-08,-1.4895568E-01
-1.449850E-08,-1.4890297E-01
-1.444850E-08,-1.4890297E-01
-1.439850E-08,-1.4885026E-01
-1.434850E-08,-1.4879755E-01
-1.429850E-08,-1.4879755E-01
-1.424850E-08,-1.4874485E-01
-1.419850E-08,-1.4874485E-01
-1.414850E-08,-1.4874485E-01
-1.409850E-08,-1.4874485E-01
-1.404850E-08,-1.4874485E-01
-1.399850E-08,-1.4874485E-01
-1.394850E-08,-1.4874485E-01
-1.389850E-08,-1.4874485E-01
-1.384850E-08,-1.4874485E-01
-1.379850E-08,-1.4879755E-01
-1.374850E-08,-1.4879755E-01
-1.369850E-08,-1.4885026E-01
-1.364850E-08,-1.4890297E-01
-1.359850E-08,-1.4895568E-01
-1.354850E-08,-1.4895568E-01
-1.349850E-08,-1.4900839E-01
-1.344850E-08,-1.4906110E-01
-1.339850E-08,-1.4911381E-01
-1.334850E-08,-1.4916652E-01
-1.329850E-08,-1.4921923E-01
-1.324850E-08,-1.4927194E-01
-1.319850E-08,-1.4927194E-01
-1.314850E-08,-1.4932464E-01
-1.309850E-08,-1.4937735E-01
-1.304850E-08,-1.4943006E-01
-1.299850E-08,-1.4943006E-01
-1.294850E-08,-1.4948277E-01
-1.289850E-08,-1.4953548E-01
-1.284850E-08,-1.4953548E-01
-1.279850E-08,-1.4958819E-01
-1.274850E-08,-1.4958819E-01
-1.269850E-08,-1.4964090E-01
-1.264850E-08,-1.4964090E-01
-1.259850E-08,-1.4964090E-01
-1.254850E-08,-1.4964090E-01
-1.249850E-08,-1.4969361E-01
-1.244850E-08,-1.4969361E-01
-1.239850E-08,-1.4969361E-01
-1.234850E-08,-1.4969361E-01
-1.229850E-08,-1.4969361E-01
-1.224850E-08,-1.4969361E-01
-1.219850E-08,-1.4974632E-01
-1.214850E-08,-1.4974632E-01
-1.209850E-08,-1.4974632E-01
-1.204850E-08,-1.4974632E-01
-1.199850E-08,-1.4974632E-01
-1.194850E-08,-1.4974632E-01
-1.189850E-08,-1.4974632E-01
-1.184850E-08,-1.4979903E-01
-1.179850E-08,-1.4979903E-01
-1.174850E-08,-1.4979903E-01
-1.169850E-08,-1.4979903E-01
-1.164850E-08,-1.4979903E-01
-1.159850E-08,-1.4985173E-01
-1.154850E-08,-1.4985173E-01
-1.149850E-08,-1.4985173E-01
-1.144850E-08,-1.4985173E-01
-1.139850E-08,-1.4990444E-01
-1.134850E-08,-1.4990444E-01
-1.129850E-08,-1.4990444E-01
-1.124850E-08,-1.4990444E-01
-1.119850E-08,-1.4990444E-01
-1.114850E-08,-1.4990444E-01
-1.109850E-08,-1.4990444E-01
-1.104850E-08,-1.4990444E-01
-1.099850E-08,-1.4990444E-01
-1.094850E-08,-1.4990444E-01
-1.089850E-08,-1.4990444E-01
-1.084850E-08,-1.4990444E-01
-1.079850E-08,-1.4990444E-01
-1.074850E-08,-1.4990444E-01
-1.069850E-08,-1.4985173E-01
-1.064850E-08,-1.4985173E-01
-1.059850E-08,-1.4985173E-01
-1.054850E-08,-1.4979903E-01
-1.049850E-08,-1.4979903E-01
-1.044850E-08,-1.4974632E-01
-1.039850E-08,-1.4974632E-01
-1.034850E-08,-1.4974632E-01
-1.029850E-08,-1.4969361E-01
-1.024850E-08,-1.4969361E-01
-1.019850E-08,-1.4964090E-01
-1.014850E-08,-1.4964090E-01
-1.009850E-08,-1.4964090E-01
-1.004850E-08,-1.4958819E-01
-9.99850E-09,-1.4958819E-01
-9.94850E-09,-1.4958819E-01
-9.89850E-09,-1.4958819E-01
-9.84850E-09,-1.4953548E-01
-9.79850E-09,-1.4953548E-01
-9.74850E-09,-1.4953548E-01
-9.69850E-09,-1.4953548E-01
-9.64850E-09,-1.4953548E-01
-9.59850E-09,-1.4953548E-01
-9.54850E-09,-1.4953548E-01
-9.49850E-09,-1.4953548E-01
-9.44850E-09,-1.4953548E-01
-9.39850E-09,-1.4953548E-01
-9.34850E-09,-1.4953548E-01
-9.29850E-09,-1.4953548E-01
-9.24850E-09,-1.4958819E-01
-9.19850E-09,-1.4958819E-01
-9.14850E-09,-1.4958819E-01
-9.09850E-09,-1.4958819E-01
-9.04850E-09,-1.4964090E-01
-8.99850E-09,-1.4964090E-01
-8.94850E-09,-1.4964090E-01
-8.89850E-09,-1.4969361E-01
-8.84850E-09,-1.4969361E-01
-8.79850E-09,-1.4969361E-01
-8.74850E-09,-1.4974632E-01
-8.69850E-09,-1.4974632E-01
-8.64850E-09,-1.4974632E-01
-8.59850E-09,-1.4979903E-01
-8.54850E-09,-1.4979903E-01
-8.49850E-09,-1.4979903E-01
-8.44850E-09,-1.4979903E-01
-8.39850E-09,-1.4985173E-01
-8.34850E-09,-1.4985173E-01
-8.29850E-09,-1.4985173E-01
-8.24850E-09,-1.4985173E-01
-8.19850E-09,-1.4985173E-01
-8.14850E-09,-1.4985173E-01
-8.09850E-09,-1.4985173E-01
-8.04850E-09,-1.4985173E-01
-7.99850E-09,-1.4979903E-01
-7.94850E-09,-1.4979903E-01
-7.89850E-09,-1.4979903E-01
-7.84850E-09,-1.4979903E-01
-7.79850E-09,-1.4974632E-01
-7.74850E-09,-1.4974632E-01
-7.69850E-09,-1.4969361E-01
-7.64850E-09,-1.4969361E-01
-7.59850E-09,-1.4964090E-01
-7.54850E-09,-1.4964090E-01
-7.49850E-09,-1.4958819E-01
-7.44850E-09,-1.4953548E-01
-7.39850E-09,-1.4953548E-01
-7.34850E-09,-1.4948277E-01
-7.29850E-09,-1.4943006E-01
-7.24850E-09,-1.4943006E-01
-7.19850E-09,-1.4937735E-01
-7.14850E-09,-1.4932464E-01
-7.09850E-09,-1.4932464E-01
-7.04850E-09,-1.4927194E-01
-6.99850E-09,-1.4921923E-01
-6.94850E-09,-1.4921923E-01
-6.89850E-09,-1.4916652E-01
-6.84850E-09,-1.4916652E-01
-6.79850E-09,-1.4911381E-01
-6.74850E-09,-1.4911381E-01
-6.69850E-09,-1.4911381E-01
-6.64850E-09,-1.4911381E-01
-6.59850E-09,-1.4906110E-01
-6.54850E-09,-1.4906110E-01
-6.49850E-09,-1.4906110E-01
-6.44850E-09,-1.4906110E-01
-6.39850E-09,-1.4911381E-01
-6.34850E-09,-1.4911381E-01
-6.29850E-09,-1.4911381E-01
-6.24850E-09,-1.4911381E-01
-6.19850E-09,-1.4911381E-01
-6.14850E-09,-1.4916652E-01
-6.09850E-09,-1.4916652E-01
-6.04850E-09,-1.4916652E-01
-5.99850E-09,-1.4916652E-01
-5.94850E-09,-1.4921923E-01
-5.89850E-09,-1.4921923E-01
-5.84850E-09,-1.4921923E-01
-5.79850E-09,-1.4921923E-01
-5.74850E-09,-1.4921923E-01
-5.69850E-09,-1.4921923E-01
-5.64850E-09,-1.4921923E-01
-5.59850E-09,-1.4921923E-01
-5.54850E-09,-1.4921923E-01
-5.49850E-09,-1.4921923E-01
-5.44850E-09,-1.4916652E-01
-5.39850E-09,-1.4916652E-01
-5.34850E-09,-1.4911381E-01
-5.29850E-09,-1.4911381E-01
-5.24850E-09,-1.4906110E-01
-5.19850E-09,-1.4900839E-01
-5.14850E-09,-1.4900839E-01
-5.09850E-09,-1.4895568E-01
-5.04850E-09,-1.4890297E-01
-4.99850E-09,-1.4885026E-01
-4.94850E-09,-1.4879755E-01
-4.89850E-09,-1.4879755E-01
-4.84850E-09,-1.4874485E-01
-4.79850E-09,-1.4869214E-01
-4.74850E-09,-1.4863943E-01
-4.69850E-09,-1.4863943E-01
-4.64850E-09,-1.4858672E-01
-4.59850E-09,-1.4858672E-01
-4.54850E-09,-1.4853401E-01
-4.49850E-09,-1.4853401E-01
-4.44850E-09,-1.4853401E-01
-4.39850E-09,-1.4853401E-01
-4.34850E-09,-1.4848130E-01
-4.29850E-09,-1.4853401E-01
-4.24850E-09,-1.4853401E-01
-4.19850E-09,-1.4853401E-01
-4.14850E-09,-1.4853401E-01
-4.09850E-09,-1.4853401E-01
-4.04850E-09,-1.4858672E-01
-3.99850E-09,-1.4858672E-01
-3.94850E-09,-1.4863943E-01
-3.89850E-09,-1.4863943E-01
-3.84850E-09,-1.4869214E-01
-3.79850E-09,-1.4869214E-01
-3.74850E-09,-1.4874485E-01
-3.69850E-09,-1.4879755E-01
-3.64850E-09,-1.4879755E-01
-3.59850E-09,-1.4885026E-01
-3.54850E-09,-1.4885026E-01
-3.49850E-09,-1.4890297E-01
-3.44850E-09,-1.4890297E-01
-3.39850E-09,-1.4895568E-01
-3.34850E-09,-1.4895568E-01
-3.29850E-09,-1.4895568E-01
-3.24850E-09,-1.4900839E-01
-3.19850E-09,-1.4900839E-01
-3.14850E-09,-1.4900839E-01
-3.09850E-09,-1.4900839E-01
-3.04850E-09,-1.4900839E-01
-2.99850E-09,-1.4900839E-01
-2.94850E-09,-1.4906110E-01
-2.89850E-09,-1.4906110E-01
-2.84850E-09,-1.4906110E-01
-2.79850E-09,-1.4900839E-01
-2.74850E-09,-1.4900839E-01
-2.69850E-09,-1.4900839E-01
-2.64850E-09,-1.4900839E-01
-2.59850E-09,-1.4900839E-01
-2.54850E-09,-1.4900839E-01
-2.49850E-09,-1.4906110E-01
-2.44850E-09,-1.4906110E-01
-2.39850E-09,-1.4906110E-01
-2.34850E-09,-1.4906110E-01
-2.29850E-09,-1.4906110E-01
-2.24850E-09,-1.4911381E-01
-2.19850E-09,-1.4911381E-01
-2.14850E-09,-1.4911381E-01
-2.09850E-09,-1.4916652E-01
-2.04850E-09,-1.4916652E-01
-1.99850E-09,-1.4916652E-01
-1.94850E-09,-1.4921923E-01
-1.89850E-09,-1.4927194E-01
-1.84850E-09,-1.4927194E-01
-1.79850E-09,-1.4932464E-01
-1.74850E-09,-1.4932464E-01
-1.69850E-09,-1.4937735E-01
-1.64850E-09,-1.4937735E-01
-1.59850E-09,-1.4943006E-01
-1.54850E-09,-1.4943006E-01
-1.49850E-09,-1.4948277E-01
-1.44850E-09,-1.4948277E-01
-1.39850E-09,-1.4953548E-01
-1.34850E-09,-1.4953548E-01
-1.29850E-09,-1.4953548E-01
-1.24850E-09,-1.4958819E-01
-1.19850E-09,-1.4958819E-01
-1.14850E-09,-1.4958819E-01
-1.09850E-09,-1.4958819E-01
-1.04850E-09,-1.4958819E-01
-9.9850E-10,-1.4964090E-01
-9.4850E-10,-1.4964090E-01
-8.9850E-10,-1.4964090E-01
-8.4850E-10,-1.4964090E-01
-7.9850E-10,-1.4964090E-01
-7.4850E-10,-1.4964090E-01
-6.9850E-10,-1.4964090E-01
-6.4850E-10,-1.4969361E-01
-5.9850E-10,-1.4969361E-01
-5.4850E-10,-1.4969361E-01
-4.9850E-10,-1.4969361E-01
-4.4850E-10,-1.4969361E-01
-3.9850E-10,-1.4974632E-01
-3.4850E-10,-1.4974632E-01
-2.9850E-10,-1.4974632E-01
-2.4850E-10,-1.4979903E-01
-1.9850E-10,-1.4979903E-01
-1.4850E-10,-1.4985173E-01
-9.850E-11,-1.4985173E-01
-4.850E-11,-1.4990444E-01
1.50E-12,-1.4990444E-01
5.150E-11,-1.4990444E-01
1.0150E-10,-1.4995715E-01
1.5150E-10,-1.4995715E-01
2.0150E-10,-1.4995715E-01
2.5150E-10,-1.5000986E-01
3.0150E-10,-1.5000986E-01
3.5150E-10,-1.5000986E-01
4.0150E-10,-1.5000986E-01
4.5150E-10,-1.5000986E-01
5.0150E-10,-1.5000986E-01
5.5150E-10,-1.5000986E-01
6.0150E-10,-1.4995715E-01
6.5150E-10,-1.4995715E-01
7.0150E-10,-1.4995715E-01
7.5150E-10,-1.4990444E-01
8.0150E-10,-1.4985173E-01
8.5150E-10,-1.4985173E-01
9.0150E-10,-1.4979903E-01
9.5150E-10,-1.4974632E-01
1.00150E-09,-1.4969361E-01
1.05150E-09,-1.4969361E-01
1.10150E-09,-1.4964090E-01
1.15150E-09,-1.4958819E-01
1.20150E-09,-1.4953548E-01
1.25150E-09,-1.4948277E-01
1.30150E-09,-1.4943006E-01
1.35150E-09,-1.4943006E-01
1.40150E-09,-1.4937735E-01
1.45150E-09,-1.4932464E-01
1.50150E-09,-1.4932464E-01
1.55150E-09,-1.4927194E-01
1.60150E-09,-1.4927194E-01
1.65150E-09,-1.4927194E-01
1.70150E-09,-1.4927194E-01
1.75150E-09,-1.4927194E-01
1.80150E-09,-1.4927194E-01
1.85150E-09,-1.4927194E-01
1.90150E-09,-1.4927194E-01
1.95150E-09,-1.4932464E-01
2.00150E-09,-1.4932464E-01
2.05150E-09,-1.4937735E-01
2.10150E-09,-1.4937735E-01
2.15150E-09,-1.4943006E-01
2.20150E-09,-1.4948277E-01
2.25150E-09,-1.4953548E-01
2.30150E-09,-1.4958819E-01
2.35150E-09,-1.4958819E-01
2.40150E-09,-1.4964090E-01
2.45150E-09,-1.4969361E-01
2.50150E-09,-1.4974632E-01
2.55150E-09,-1.4974632E-01
2.60150E-09,-1.4979903E-01
2.65150E-09,-1.4979903E-01
2.70150E-09,-1.4985173E-01
2.75150E-09,-1.4985173E-01
2.80150E-09,-1.4985173E-01
2.85150E-09,-1.4985173E-01
2.90150E-09,-1.4985173E-01
2.95150E-09,-1.4985173E-01
3.00150E-09,-1.4979903E-01
3.05150E-09,-1.4979903E-01
3.10150E-09,-1.4974632E-01
3.15150E-09,-1.4974632E-01
3.20150E-09,-1.4969361E-01
3.25150E-09,-1.4964090E-01
3.30150E-09,-1.4958819E-01
3.35150E-09,-1.4953548E-01
3.40150E-09,-1.4948277E-01
3.45150E-09,-1.4943006E-01
3.50150E-09,-1.4932464E-01
3.55150E-09,-1.4927194E-01
3.60150E-09,-1.4921923E-01
3.65150E-09,-1.4911381E-01
3.70150E-09,-1.4906110E-01
3.75150E-09,-1.4900839E-01
3.80150E-09,-1.4895568E-01
3.85150E-09,-1.4885026E-01
3.90150E-09,-1.4879755E-01
3.95150E-09,-1.4874485E-01
4.00150E-09,-1.4869214E-01
4.05150E-09,-1.4863943E-01
4.10150E-09,-1.4858672E-01
4.15150E-09,-1.4853401E-01
4.20150E-09,-1.4853401E-01
4.25150E-09,-1.4848130E-01
4.30150E-09,-1.4842859E-01
4.35150E-09,-1.4842859E-01
4.40150E-09,-1.4837588E-01
4.45150E-09,-1.4837588E-01
4.50150E-09,-1.4837588E-01
4.55150E-09,-1.4832317E-01
4.60150E-09,-1.4832317E-01
4.65150E-09,-1.4832317E-01
4.70150E-09,-1.4832317E-01
4.75150E-09,-1.4832317E-01
4.80150E-09,-1.4832317E-01
4.85150E-09,-1.4832317E-01
4.90150E-09,-1.4832317E-01
4.95150E-09,-1.4832317E-01
5.00150E-09,-1.4832317E-01
5.05150E-09,-1.4832317E-01
5.10150E-09,-1.4832317E-01
5.15150E-09,-1.4832317E-01
5.20150E-09,-1.4832317E-01
5.25150E-09,-1.4837588E-01
5.30150E-09,-1.4837588E-01
5.35150E-09,-1.4837588E-01
5.40150E-09,-1.4837588E-01
5.45150E-09,-1.4842859E-01
5.50150E-09,-1.4842859E-01
5.55150E-09,-1.4842859E-01
5.60150E-09,-1.4848130E-01
5.65150E-09,-1.4848130E-01
5.70150E-09,-1.4848130E-01
5.75150E-09,-1.4853401E-01
5.80150E-09,-1.4853401E-01
5.85150E-09,-1.4853401E-01
5.90150E-09,-1.4858672E-01
5.95150E-09,-1.4858672E-01
6.00150E-09,-1.4863943E-01
6.05150E-09,-1.4863943E-01
6.10150E-09,-1.4863943E-01
6.15150E-09,-1.4869214E-01
6.20150E-09,-1.4869214E-01
6.25150E-09,-1.4869214E-01
6.30150E-09,-1.4874485E-01
6.35150E-09,-1.4874485E-01
6.40150E-09,-1.4874485E-01
6.45150E-09,-1.4879755E-01
6.50150E-09,-1.4879755E-01
6.55150E-09,-1.4879755E-01
6.60150E-09,-1.4885026E-01
6.65150E-09,-1.4885026E-01
6.70150E-09,-1.4885026E-01
6.75150E-09,-1.4890297E-01
6.80150E-09,-1.4890297E-01
6.85150E-09,-1.4890297E-01
6.90150E-09,-1.4895568E-01
6.95150E-09,-1.4895568E-01
7.00150E-09,-1.4895568E-01
7.05150E-09,-1.4900839E-01
7.10150E-09,-1.4900839E-01
7.15150E-09,-1.4906110E-01
7.20150E-09,-1.4906110E-01
7.25150E-09,-1.4906110E-01
7.30150E-09,-1.4911381E-01
7.35150E-09,-1.4911381E-01
7.40150E-09,-1.4916652E-01
7.45150E-09,-1.4916652E-01
7.50150E-09,-1.4921923E-01
7.55150E-09,-1.4921923E-01
7.60150E-09,-1.4927194E-01
7.65150E-09,-1.4932464E-01
7.70150E-09,-1.4932464E-01
7.75150E-09,-1.4937735E-01
7.80150E-09,-1.4943006E-01
7.85150E-09,-1.4943006E-01
7.90150E-09,-1.4948277E-01
7.95150E-09,-1.4948277E-01
8.00150E-09,-1.4953548E-01
8.05150E-09,-1.4958819E-01
8.10150E-09,-1.4958819E-01
8.15150E-09,-1.4958819E-01
8.20150E-09,-1.4964090E-01
8.25150E-09,-1.4964090E-01
8.30150E-09,-1.4969361E-01
8.35150E-09,-1.4969361E-01
8.40150E-09,-1.4969361E-01
8.45150E-09,-1.4969361E-01
8.50150E-09,-1.4969361E-01
8.55150E-09,-1.4969361E-01
8.60150E-09,-1.4969361E-01
8.65150E-09,-1.4969361E-01
8.70150E-09,-1.4969361E-01
8.75150E-09,-1.4964090E-01
8.80150E-09,-1.4964090E-01
8.85150E-09,-1.4964090E-01
8.90150E-09,-1.4958819E-01
8.95150E-09,-1.4958819E-01
9.00150E-09,-1.4958819E-01
9.05150E-09,-1.4953548E-01
9.10150E-09,-1.4953548E-01
9.15150E-09,-1.4948277E-01
9.20150E-09,-1.4948277E-01
9.25150E-09,-1.4948277E-01
9.30150E-09,-1.4943006E-01
9.35150E-09,-1.4943006E-01
9.40150E-09,-1.4943006E-01
9.45150E-09,-1.4943006E-01
9.50150E-09,-1.4943006E-01
9.55150E-09,-1.4943006E-01
9.60150E-09,-1.4943006E-01
9.65150E-09,-1.4948277E-01
9.70150E-09,-1.4948277E-01
9.75150E-09,-1.4948277E-01
9.80150E-09,-1.4953548E-01
9.85150E-09,-1.4953548E-01
9.90150E-09,-1.4958819E-01
9.95150E-09,-1.4958819E-01
1.000150E-08,-1.4964090E-01
1.005150E-08,-1.4969361E-01
1.010150E-08,-1.4969361E-01
1.015150E-08,-1.4974632E-01
1.020150E-08,-1.4979903E-01
1.025150E-08,-1.4979903E-01
1.030150E-08,-1.4985173E-01
1.035150E-08,-1.4985173E-01
1.040150E-08,-1.4990444E-01
1.045150E-08,-1.4990444E-01
1.050150E-08,-1.4990444E-01
1.055150E-08,-1.4995715E-01
1.060150E-08,-1.4995715E-01
1.065150E-08,-1.4995715E-01
1.070150E-08,-1.4995715E-01
1.075150E-08,-1.4990444E-01
1.080150E-08,-1.4990444E-01
1.085150E-08,-1.4990444E-01
1.090150E-08,-1.4985173E-01
1.095150E-08,-1.4985173E-01
1.100150E-08,-1.4979903E-01
1.105150E-08,-1.4974632E-01
1.110150E-08,-1.4974632E-01
1.115150E-08,-1.4969361E-01
1.120150E-08,-1.4964090E-01
1.125150E-08,-1.4958819E-01
1.130150E-08,-1.4953548E-01
1.135150E-08,-1.4953548E-01
1.140150E-08,-1.4948277E-01
1.145150E-08,-1.4943006E-01
1.150150E-08,-1.4937735E-01
1.155150E-08,-1.4937735E-01
1.160150E-08,-1.4932464E-01
1.165150E-08,-1.4927194E-01
1.170150E-08,-1.4927194E-01
1.175150E-08,-1.4927194E-01
1.180150E-08,-1.4921923E-01
1.185150E-08,-1.4921923E-01
1.190150E-08,-1.4921923E-01
1.195150E-08,-1.4921923E-01
1.200150E-08,-1.4921923E-01
1.205150E-08,-1.4927194E-01
1.210150E-08,-1.4927194E-01
1.215150E-08,-1.4927194E-01
1.220150E-08,-1.4932464E-01
1.225150E-08,-1.4932464E-01
1.230150E-08,-1.4937735E-01
1.235150E-08,-1.4937735E-01
1.240150E-08,-1.4943006E-01
1.245150E-08,-1.4948277E-01
1.250150E-08,-1.4948277E-01
1.255150E-08,-1.4953548E-01
1.260150E-08,-1.4953548E-01
1.265150E-08,-1.4958819E-01
1.270150E-08,-1.4958819E-01
1.275150E-08,-1.4958819E-01
1.280150E-08,-1.4958819E-01
1.285150E-08,-1.4958819E-01
1.290150E-08,-1.4958819E-01
1.295150E-08,-1.4958819E-01
1.300150E-08,-1.4958819E-01
1.305150E-08,-1.4958819E-01
1.310150E-08,-1.4958819E-01
1.315150E-08,-1.4953548E-01
1.320150E-08,-1.4953548E-01
1.325150E-08,-1.4948277E-01
1.330150E-08,-1.4943006E-01
1.335150E-08,-1.4937735E-01
1.340150E-08,-1.4932464E-01
1.345150E-08,-1.4932464E-01
1.350150E-08,-1.4927194E-01
1.355150E-08,-1.4921923E-01
1.360150E-08,-1.4916652E-01
1.365150E-08,-1.4911381E-01
1.370150E-08,-1.4900839E-01
1.375150E-08,-1.4895568E-01
1.380150E-08,-1.4890297E-01
1.385150E-08,-1.4885026E-01
1.390150E-08,-1.4879755E-01
1.395150E-08,-1.4879755E-01
1.400150E-08,-1.4874485E-01
1.405150E-08,-1.4869214E-01
1.410150E-08,-1.4863943E-01
1.415150E-08,-1.4858672E-01
1.420150E-08,-1.4858672E-01
1.425150E-08,-1.4853401E-01
1.430150E-08,-1.4853401E-01
1.435150E-08,-1.4848130E-01
1.440150E-08,-1.4848130E-01
1.445150E-08,-1.4842859E-01
1.450150E-08,-1.4842859E-01
1.455150E-08,-1.4842859E-01
1.460150E-08,-1.4842859E-01
1.465150E-08,-1.4842859E-01
1.470150E-08,-1.4842859E-01
1.475150E-08,-1.4842859E-01
1.480150E-08,-1.4842859E-01
1.485150E-08,-1.4842859E-01
1.490150E-08,-1.4842859E-01
1.495150E-08,-1.4842859E-01
1.500150E-08,-1.4848130E-01
1.505150E-08,-1.4848130E-01
1.510150E-08,-1.4848130E-01
1.515150E-08,-1.4848130E-01
1.520150E-08,-1.4853401E-01
1.525150E-08,-1.4853401E-01
1.530150E-08,-1.4853401E-01
1.535150E-08,-1.4858672E-01
1.540150E-08,-1.4858672E-01
1.545150E-08,-1.4858672E-01
1.550150E-08,-1.4863943E-01
1.555150E-08,-1.4863943E-01
1.560150E-08,-1.4863943E-01
1.565150E-08,-1.4869214E-01
1.570150E-08,-1.4869214E-01
1.575150E-08,-1.4869214E-01
1.580150E-08,-1.4869214E-01
1.585150E-08,-1.4869214E-01
1.590150E-08,-1.4869214E-01
1.595150E-08,-1.4869214E-01
1.600150E-08,-1.4869214E-01
1.605150E-08,-1.4869214E-01
1.610150E-08,-1.4869214E-01
1.615150E-08,-1.4869214E-01
1.620150E-08,-1.4869214E-01
1.625150E-08,-1.4869214E-01
1.630150E-08,-1.4869214E-01
1.635150E-08,-1.4869214E-01
1.640150E-08,-1.4863943E-01
1.645150E-08,-1.4863943E-01
1.650150E-08,-1.4863943E-01
1.655150E-08,-1.4863943E-01
1.660150E-08,-1.4863943E-01
1.665150E-08,-1.4863943E-01
1.670150E-08,-1.4858672E-01
1.675150E-08,-1.4858672E-01
1.680150E-08,-1.4858672E-01
1.685150E-08,-1.4858672E-01
1.690150E-08,-1.4858672E-01
1.695150E-08,-1.4858672E-01
1.700150E-08,-1.4858672E-01
1.705150E-08,-1.4858672E-01
1.710150E-08,-1.4858672E-01
1.715150E-08,-1.4863943E-01
1.720150E-08,-1.4863943E-01
1.725150E-08,-1.4863943E-01
1.730150E-08,-1.4869214E-01
1.735150E-08,-1.4869214E-01
1.740150E-08,-1.4869214E-01
1.745150E-08,-1.4874485E-01
1.750150E-08,-1.4879755E-01
1.755150E-08,-1.4879755E-01
1.760150E-08,-1.4885026E-01
1.765150E-08,-1.4890297E-01
1.770150E-08,-1.4890297E-01
1.775150E-08,-1.4895568E-01
1.780150E-08,-1.4900839E-01
1.785150E-08,-1.4906110E-01
1.790150E-08,-1.4906110E-01
1.795150E-08,-1.4911381E-01
1.800150E-08,-1.4916652E-01
1.805150E-08,-1.4916652E-01
1.810150E-08,-1.4921923E-01
1.815150E-08,-1.4927194E-01
1.820150E-08,-1.4927194E-01
1.825150E-08,-1.4932464E-01
1.830150E-08,-1.4932464E-01
1.835150E-08,-1.4932464E-01
1.840150E-08,-1.4937735E-01
1.845150E-08,-1.4937735E-01
1.850150E-08,-1.4937735E-01
1.855150E-08,-1.4937735E-01
1.860150E-08,-1.4937735E-01
1.865150E-08,-1.4937735E-01
1.870150E-08,-1.4943006E-01
1.875150E-08,-1.4943006E-01
1.880150E-08,-1.4937735E-01
1.885150E-08,-1.4937735E-01
1.890150E-08,-1.4937735E-01
1.895150E-08,-1.4937735E-01
1.900150E-08,-1.4937735E-01
1.905150E-08,-1.4937735E-01
1.910150E-08,-1.4937735E-01
1.915150E-08,-1.4943006E-01
1.920150E-08,-1.4943006E-01
1.925150E-08,-1.4943006E-01
1.930150E-08,-1.4943006E-01
1.935150E-08,-1.4943006E-01
1.940150E-08,-1.4948277E-01
1.945150E-08,-1.4948277E-01
1.950150E-08,-1.4948277E-01
1.955150E-08,-1.4953548E-01
1.960150E-08,-1.4953548E-01
1.965150E-08,-1.4958819E-01
1.970150E-08,-1.4958819E-01
1.975150E-08,-1.4964090E-01
1.980150E-08,-1.4964090E-01
1.985150E-08,-1.4969361E-01
1.990150E-08,-1.4969361E-01
1.995150E-08,-1.4969361E-01
2.000150E-08,-1.4974632E-01
2.005150E-08,-1.4974632E-01
2.010150E-08,-1.4974632E-01
2.015150E-08,-1.4974632E-01
2.020150E-08,-1.4974632E-01
2.025150E-08,-1.4974632E-01
2.030150E-08,-1.4974632E-01
2.035150E-08,-1.4974632E-01
2.040150E-08,-1.4974632E-01
2.045150E-08,-1.4969361E-01
2.050150E-08,-1.4969361E-01
2.055150E-08,-1.4964090E-01
2.060150E-08,-1.4958819E-01
2.065150E-08,-1.4958819E-01
2.070150E-08,-1.4953548E-01
2.075150E-08,-1.4948277E-01
2.080150E-08,-1.4943006E-01
2.085150E-08,-1.4937735E-01
2.090150E-08,-1.4932464E-01
2.095150E-08,-1.4927194E-01
2.100150E-08,-1.4921923E-01
2.105150E-08,-1.4921923E-01
2.110150E-08,-1.4916652E-01
2.115150E-08,-1.4911381E-01
2.120150E-08,-1.4911381E-01
2.125150E-08,-1.4906110E-01
2.130150E-08,-1.4906110E-01
2.135150E-08,-1.4900839E-01
2.140150E-08,-1.4900839E-01
2.145150E-08,-1.4900839E-01
2.150150E-08,-1.4900839E-01
2.155150E-08,-1.4900839E-01
2.160150E-08,-1.4900839E-01
2.165150E-08,-1.4900839E-01
2.170150E-08,-1.4906110E-01
2.175150E-08,-1.4906110E-01
2.180150E-08,-1.4911381E-01
2.185150E-08,-1.4911381E-01
2.190150E-08,-1.4916652E-01
2.195150E-08,-1.4921923E-01
2.200150E-08,-1.4921923E-01
2.205150E-08,-1.4927194E-01
2.210150E-08,-1.4932464E-01
2.215150E-08,-1.4932464E-01
2.220150E-08,-1.4937735E-01
2.225150E-08,-1.4943006E-01
2.230150E-08,-1.4943006E-01
2.235150E-08,-1.4943006E-01
2.240150E-08,-1.4948277E-01
2.245150E-08,-1.4948277E-01
2.250150E-08,-1.4948277E-01
2.255150E-08,-1.4948277E-01
2.260150E-08,-1.4948277E-01
2.265150E-08,-1.4948277E-01
2.270150E-08,-1.4948277E-01
2.275150E-08,-1.4948277E-01
2.280150E-08,-1.4948277E-01
2.285150E-08,-1.4943006E-01
2.290150E-08,-1.4943006E-01
2.295150E-08,-1.4943006E-01
2.300150E-08,-1.4937735E-01
2.305150E-08,-1.4937735E-01
2.310150E-08,-1.4932464E-01
2.315150E-08,-1.4932464E-01
2.320150E-08,-1.4932464E-01
2.325150E-08,-1.4927194E-01
2.330150E-08,-1.4927194E-01
2.335150E-08,-1.4927194E-01
2.340150E-08,-1.4927194E-01
2.345150E-08,-1.4927194E-01
2.350150E-08,-1.4927194E-01
2.355150E-08,-1.4927194E-01
2.360150E-08,-1.4927194E-01
2.365150E-08,-1.4932464E-01
2.370150E-08,-1.4932464E-01
2.375150E-08,-1.4937735E-01
2.380150E-08,-1.4937735E-01
2.385150E-08,-1.4943006E-01
2.390150E-08,-1.4948277E-01
2.395150E-08,-1.4953548E-01
2.400150E-08,-1.4953548E-01
2.405150E-08,-1.4958819E-01
2.410150E-08,-1.4964090E-01
2.415150E-08,-1.4964090E-01
2.420150E-08,-1.4969361E-01
2.425150E-08,-1.4969361E-01
2.430150E-08,-1.4974632E-01
2.435150E-08,-1.4974632E-01
2.440150E-08,-1.4974632E-01
2.445150E-08,-1.4974632E-01
2.450150E-08,-1.4974632E-01
2.455150E-08,-1.4974632E-01
2.460150E-08,-1.4974632E-01
2.465150E-08,-1.4969361E-01
2.470150E-08,-1.4969361E-01
2.475150E-08,-1.4964090E-01
2.480150E-08,-1.4958819E-01
2.485150E-08,-1.4953548E-01
2.490150E-08,-1.4948277E-01
2.495150E-08,-1.4937735E-01
2.500150E-08,-1.4932464E-01
2.505150E-08,-1.4927194E-01
2.510150E-08,-1.4916652E-01
2.515150E-08,-1.4911381E-01
2.520150E-08,-1.4900839E-01
2.525150E-08,-1.4890297E-01
2.530150E-08,-1.4885026E-01
2.535150E-08,-1.4874485E-01
2.540150E-08,-1.4869214E-01
2.545150E-08,-1.4858672E-01
2.550150E-08,-1.4853401E-01
2.555150E-08,-1.4848130E-01
2.560150E-08,-1.4837588E-01
2.565150E-08,-1.4832317E-01
2.570150E-08,-1.4827046E-01
2.575150E-08,-1.4821776E-01
2.580150E-08,-1.4821776E-01
2.585150E-08,-1.4816505E-01
2.590150E-08,-1.4811234E-01
2.595150E-08,-1.4811234E-01
2.600150E-08,-1.4811234E-01
2.605150E-08,-1.4805963E-01
2.610150E-08,-1.4805963E-01
2.615150E-08,-1.4805963E-01
2.620150E-08,-1.4811234E-01
2.625150E-08,-1.4811234E-01
2.630150E-08,-1.4811234E-01
2.635150E-08,-1.4816505E-01
2.640150E-08,-1.4816505E-01
2.645150E-08,-1.4821776E-01
2.650150E-08,-1.4821776E-01
2.655150E-08,-1.4827046E-01
2.660150E-08,-1.4832317E-01
2.665150E-08,-1.4837588E-01
2.670150E-08,-1.4837588E-01
2.675150E-08,-1.4842859E-01
2.680150E-08,-1.4848130E-01
2.685150E-08,-1.4853401E-01
2.690150E-08,-1.4853401E-01
2.695150E-08,-1.4858672E-01
2.700150E-08,-1.4863943E-01
2.705150E-08,-1.4869214E-01
2.710150E-08,-1.4869214E-01
2.715150E-08,-1.4874485E-01
2.720150E-08,-1.4879755E-01
2.725150E-08,-1.4879755E-01
2.730150E-08,-1.4885026E-01
2.735150E-08,-1.4890297E-01
2.740150E-08,-1.4890297E-01
2.745150E-08,-1.4895568E-01
2.750150E-08,-1.4895568E-01
2.755150E-08,-1.4900839E-01
2.760150E-08,-1.4900839E-01
2.765150E-08,-1.4900839E-01
2.770150E-08,-1.4906110E-01
2.775150E-08,-1.4906110E-01
2.780150E-08,-1.4906110E-01
2.785150E-08,-1.4911381E-01
2.790150E-08,-1.4911381E-01
2.795150E-08,-1.4911381E-01
2.800150E-08,-1.4911381E-01
2.805150E-08,-1.4911381E-01
2.810150E-08,-1.4911381E-01
2.815150E-08,-1.4911381E-01
2.820150E-08,-1.4911381E-01
2.825150E-08,-1.4911381E-01
2.830150E-08,-1.4906110E-01
2.835150E-08,-1.4906110E-01
2.840150E-08,-1.4906110E-01
2.845150E-08,-1.4906110E-01
2.850150E-08,-1.4900839E-01
2.855150E-08,-1.4900839E-01
2.860150E-08,-1.4900839E-01
2.865150E-08,-1.4895568E-01
2.870150E-08,-1.4895568E-01
2.875150E-08,-1.4890297E-01
2.880150E-08,-1.4890297E-01
2.885150E-08,-1.4890297E-01
2.890150E-08,-1.4890297E-01
2.895150E-08,-1.4885026E-01
2.900150E-08,-1.4885026E-01
2.905150E-08,-1.4885026E-01
2.910150E-08,-1.4885026E-01
2.915150E-08,-1.4885026E-01
2.920150E-08,-1.4885026E-01
2.925150E-08,-1.4885026E-01
2.930150E-08,-1.4890297E-01
2.935150E-08,-1.4890297E-01
2.940150E-08,-1.4895568E-01
2.945150E-08,-1.4895568E-01
2.950150E-08,-1.4900839E-01
2.955150E-08,-1.4900839E-01
2.960150E-08,-1.4906110E-01
2.965150E-08,-1.4911381E-01
2.970150E-08,-1.4916652E-01
2.975150E-08,-1.4916652E-01
2.980150E-08,-1.4921923E-01
2.985150E-08,-1.4927194E-01
2.990150E-08,-1.4932464E-01
2.995150E-08,-1.4937735E-01
3.000150E-08,-1.4937735E-01
3.005150E-08,-1.4943006E-01
3.010150E-08,-1.4948277E-01
3.015150E-08,-1.4948277E-01
3.020150E-08,-1.4953548E-01
3.025150E-08,-1.4953548E-01
3.030150E-08,-1.4958819E-01
3.035150E-08,-1.4958819E-01
3.040150E-08,-1.4958819E-01
3.045150E-08,-1.4958819E-01
3.050150E-08,-1.4958819E-01
3.055150E-08,-1.4958819E-01
3.060150E-08,-1.4958819E-01
3.065150E-08,-1.4958819E-01
3.070150E-08,-1.4958819E-01
3.075150E-08,-1.4953548E-01
3.080150E-08,-1.4953548E-01
3.085150E-08,-1.4948277E-01
3.090150E-08,-1.4948277E-01
3.095150E-08,-1.4943006E-01
3.100150E-08,-1.4943006E-01
3.105150E-08,-1.4937735E-01
3.110150E-08,-1.4937735E-01
3.115150E-08,-1.4932464E-01
3.120150E-08,-1.4932464E-01
3.125150E-08,-1.4927194E-01
3.130150E-08,-1.4927194E-01
3.135150E-08,-1.4921923E-01
3.140150E-08,-1.4921923E-01
3.145150E-08,-1.4921923E-01
3.150150E-08,-1.4916652E-01
3.155150E-08,-1.4916652E-01
3.160150E-08,-1.4916652E-01
3.165150E-08,-1.4916652E-01
3.170150E-08,-1.4916652E-01
3.175150E-08,-1.4916652E-01
3.180150E-08,-1.4916652E-01
3.185150E-08,-1.4916652E-01
3.190150E-08,-1.4916652E-01
3.195150E-08,-1.4921923E-01
3.200150E-08,-1.4921923E-01
3.205150E-08,-1.4921923E-01
3.210150E-08,-1.4927194E-01
3.215150E-08,-1.4927194E-01
3.220150E-08,-1.4927194E-01
3.225150E-08,-1.4932464E-01
3.230150E-08,-1.4932464E-01
3.235150E-08,-1.4932464E-01
3.240150E-08,-1.4937735E-01
3.245150E-08,-1.4937735E-01
3.250150E-08,-1.4937735E-01
3.255150E-08,-1.4937735E-01
3.260150E-08,-1.4943006E-01
3.265150E-08,-1.4943006E-01
3.270150E-08,-1.4943006E-01
3.275150E-08,-1.4943006E-01
3.280150E-08,-1.4943006E-01
3.285150E-08,-1.4943006E-01
3.290150E-08,-1.4943006E-01
3.295150E-08,-1.4943006E-01
3.300150E-08,-1.4943006E-01
3.305150E-08,-1.4943006E-01
3.310150E-08,-1.4943006E-01
3.315150E-08,-1.4943006E-01
3.320150E-08,-1.4937735E-01
3.325150E-08,-1.4937735E-01
3.330150E-08,-1.4937735E-01
3.335150E-08,-1.4937735E-01
3.340150E-08,-1.4932464E-01
3.345150E-08,-1.4932464E-01
3.350150E-08,-1.4932464E-01
3.355150E-08,-1.4927194E-01
3.360150E-08,-1.4927194E-01
3.365150E-08,-1.4921923E-01
3.370150E-08,-1.4921923E-01
3.375150E-08,-1.4916652E-01
3.380150E-08,-1.4916652E-01
3.385150E-08,-1.4911381E-01
3.390150E-08,-1.4911381E-01
3.395150E-08,-1.4906110E-01
3.400150E-08,-1.4900839E-01
3.405150E-08,-1.4900839E-01
3.410150E-08,-1.4895568E-01
3.415150E-08,-1.4890297E-01
3.420150E-08,-1.4890297E-01
3.425150E-08,-1.4885026E-01
3.430150E-08,-1.4879755E-01
3.435150E-08,-1.4879755E-01
3.440150E-08,-1.4874485E-01
3.445150E-08,-1.4869214E-01
3.450150E-08,-1.4869214E-01
3.455150E-08,-1.4863943E-01
3.460150E-08,-1.4858672E-01
3.465150E-08,-1.4858672E-01
3.470150E-08,-1.4858672E-01
3.475150E-08,-1.4853401E-01
3.480150E-08,-1.4853401E-01
3.485150E-08,-1.4853401E-01
3.490150E-08,-1.4853401E-01
3.495150E-08,-1.4853401E-01
3.500150E-08,-1.4853401E-01
3.505150E-08,-1.4853401E-01
3.510150E-08,-1.4853401E-01
3.515150E-08,-1.4853401E-01
3.520150E-08,-1.4853401E-01
3.525150E-08,-1.4858672E-01
3.530150E-08,-1.4858672E-01
3.535150E-08,-1.4858672E-01
3.540150E-08,-1.4863943E-01
3.545150E-08,-1.4863943E-01
3.550150E-08,-1.4869214E-01
3.555150E-08,-1.4869214E-01
3.560150E-08,-1.4874485E-01
3.565150E-08,-1.4874485E-01
3.570150E-08,-1.4874485E-01
3.575150E-08,-1.4874485E-01
3.580150E-08,-1.4879755E-01
3.585150E-08,-1.4879755E-01
3.590150E-08,-1.4879755E-01
3.595150E-08,-1.4879755E-01
3.600150E-08,-1.4879755E-01
3.605150E-08,-1.4874485E-01
3.610150E-08,-1.4874485E-01
3.615150E-08,-1.4874485E-01
3.620150E-08,-1.4869214E-01
3.625150E-08,-1.4869214E-01
3.630150E-08,-1.4863943E-01
3.635150E-08,-1.4863943E-01
3.640150E-08,-1.4858672E-01
3.645150E-08,-1.4858672E-01
3.650150E-08,-1.4853401E-01
3.655150E-08,-1.4853401E-01
3.660150E-08,-1.4848130E-01
3.665150E-08,-1.4848130E-01
3.670150E-08,-1.4842859E-01
3.675150E-08,-1.4842859E-01
3.680150E-08,-1.4842859E-01
3.685150E-08,-1.4842859E-01
3.690150E-08,-1.4842859E-01
3.695150E-08,-1.4842859E-01
3.700150E-08,-1.4842859E-01
3.705150E-08,-1.4842859E-01
3.710150E-08,-1.4848130E-01
3.715150E-08,-1.4853401E-01
3.720150E-08,-1.4853401E-01
3.725150E-08,-1.4858672E-01
3.730150E-08,-1.4863943E-01
3.735150E-08,-1.4869214E-01
3.740150E-08,-1.4879755E-01
3.745150E-08,-1.4885026E-01
3.750150E-08,-1.4890297E-01
3.755150E-08,-1.4900839E-01
3.760150E-08,-1.4906110E-01
3.765150E-08,-1.4916652E-01
3.770150E-08,-1.4921923E-01
3.775150E-08,-1.4932464E-01
3.780150E-08,-1.4937735E-01
3.785150E-08,-1.4943006E-01
3.790150E-08,-1.4948277E-01
3.795150E-08,-1.4953548E-01
3.800150E-08,-1.4958819E-01
3.805150E-08,-1.4964090E-01
3.810150E-08,-1.4969361E-01
3.815150E-08,-1.4974632E-01
3.820150E-08,-1.4974632E-01
3.825150E-08,-1.4974632E-01
3.830150E-08,-1.4974632E-01
3.835150E-08,-1.4974632E-01
3.840150E-08,-1.4974632E-01
3.845150E-08,-1.4974632E-01
3.850150E-08,-1.4974632E-01
3.855150E-08,-1.4969361E-01
3.860150E-08,-1.4964090E-01
3.865150E-08,-1.4964090E-01
3.870150E-08,-1.4958819E-01
3.875150E-08,-1.4953548E-01
3.880150E-08,-1.4953548E-01
3.885150E-08,-1.4948277E-01
3.890150E-08,-1.4943006E-01
3.895150E-08,-1.4943006E-01
3.900150E-08,-1.4937735E-01
3.905150E-08,-1.4937735E-01
3.910150E-08,-1.4932464E-01
3.915150E-08,-1.4932464E-01
3.920150E-08,-1.4932464E-01
3.925150E-08,-1.4932464E-01
3.930150E-08,-1.4932464E-01
3.935150E-08,-1.4932464E-01
3.940150E-08,-1.4932464E-01
3.945150E-08,-1.4932464E-01
3.950150E-08,-1.4937735E-01
3.955150E-08,-1.4937735E-01
3.960150E-08,-1.4943006E-01
3.965150E-08,-1.4943006E-01
3.970150E-08,-1.4948277E-01
3.975150E-08,-1.4953548E-01
3.980150E-08,-1.4953548E-01
3.985150E-08,-1.4958819E-01
3.990150E-08,-1.4964090E-01
3.995150E-08,-1.4964090E-01
4.000150E-08,-1.4969361E-01
4.005150E-08,-1.4969361E-01
4.010150E-08,-1.4974632E-01
4.015150E-08,-1.4974632E-01
4.020150E-08,-1.4974632E-01
4.025150E-08,-1.4974632E-01
4.030150E-08,-1.4974632E-01
4.035150E-08,-1.4974632E-01
4.040150E-08,-1.4969361E-01
4.045150E-08,-1.4969361E-01
4.050150E-08,-1.4964090E-01
4.055150E-08,-1.4964090E-01
4.060150E-08,-1.4958819E-01
4.065150E-08,-1.4953548E-01
4.070150E-08,-1.4948277E-01
4.075150E-08,-1.4943006E-01
4.080150E-08,-1.4943006E-01
4.085150E-08,-1.4937735E-01
4.090150E-08,-1.4932464E-01
4.095150E-08,-1.4927194E-01
4.100150E-08,-1.4921923E-01
4.105150E-08,-1.4916652E-01
4.110150E-08,-1.4911381E-01
4.115150E-08,-1.4911381E-01
4.120150E-08,-1.4906110E-01
4.125150E-08,-1.4906110E-01
4.130150E-08,-1.4900839E-01
4.135150E-08,-1.4900839E-01
4.140150E-08,-1.4900839E-01
4.145150E-08,-1.4900839E-01
4.150150E-08,-1.4900839E-01
4.155150E-08,-1.4906110E-01
4.160150E-08,-1.4906110E-01
4.165150E-08,-1.4911381E-01
4.170150E-08,-1.4911381E-01
4.175150E-08,-1.4916652E-01
4.180150E-08,-1.4921923E-01
4.185150E-08,-1.4927194E-01
4.190150E-08,-1.4932464E-01
4.195150E-08,-1.4937735E-01
4.200150E-08,-1.4943006E-01
4.205150E-08,-1.4943006E-01
4.210150E-08,-1.4948277E-01
4.215150E-08,-1.4953548E-01
4.220150E-08,-1.4958819E-01
4.225150E-08,-1.4964090E-01
4.230150E-08,-1.4969361E-01
4.235150E-08,-1.4969361E-01
4.240150E-08,-1.4974632E-01
4.245150E-08,-1.4979903E-01
4.250150E-08,-1.4979903E-01
4.255150E-08,-1.4979903E-01
4.260150E-08,-1.4979903E-01
4.265150E-08,-1.4979903E-01
4.270150E-08,-1.4979903E-01
4.275150E-08,-1.4979903E-01
4.280150E-08,-1.4979903E-01
4.285150E-08,-1.4974632E-01
4.290150E-08,-1.4974632E-01
4.295150E-08,-1.4969361E-01
4.300150E-08,-1.4969361E-01
4.305150E-08,-1.4964090E-01
4.310150E-08,-1.4958819E-01
4.315150E-08,-1.4953548E-01
4.320150E-08,-1.4948277E-01
4.325150E-08,-1.4943006E-01
4.330150E-08,-1.4937735E-01
4.335150E-08,-1.4932464E-01
4.340150E-08,-1.4927194E-01
4.345150E-08,-1.4921923E-01
4.350150E-08,-1.4916652E-01
4.355150E-08,-1.4911381E-01
4.360150E-08,-1.4906110E-01
4.365150E-08,-1.4900839E-01
4.370150E-08,-1.4895568E-01
4.375150E-08,-1.4890297E-01
4.380150E-08,-1.4885026E-01
4.385150E-08,-1.4879755E-01
4.390150E-08,-1.4874485E-01
4.395150E-08,-1.4869214E-01
4.400150E-08,-1.4869214E-01
4.405150E-08,-1.4863943E-01
4.410150E-08,-1.4858672E-01
4.415150E-08,-1.4858672E-01
4.420150E-08,-1.4853401E-01
4.425150E-08,-1.4853401E-01
4.430150E-08,-1.4848130E-01
4.435150E-08,-1.4848130E-01
4.440150E-08,-1.4842859E-01
4.445150E-08,-1.4842859E-01
4.450150E-08,-1.4842859E-01
4.455150E-08,-1.4837588E-01
4.460150E-08,-1.4837588E-01
4.465150E-08,-1.4837588E-01
4.470150E-08,-1.4837588E-01
4.475150E-08,-1.4837588E-01
4.480150E-08,-1.4837588E-01
4.485150E-08,-1.4837588E-01
4.490150E-08,-1.4837588E-01
4.495150E-08,-1.4837588E-01
4.500150E-08,-1.4837588E-01
4.505150E-08,-1.4842859E-01
4.510150E-08,-1.4842859E-01
4.515150E-08,-1.4848130E-01
4.520150E-08,-1.4848130E-01
4.525150E-08,-1.4853401E-01
4.530150E-08,-1.4853401E-01
4.535150E-08,-1.4858672E-01
4.540150E-08,-1.4858672E-01
4.545150E-08,-1.4863943E-01
4.550150E-08,-1.4869214E-01
4.555150E-08,-1.4869214E-01
4.560150E-08,-1.4874485E-01
4.565150E-08,-1.4879755E-01
4.570150E-08,-1.4885026E-01
4.575150E-08,-1.4885026E-01
4.580150E-08,-1.4890297E-01
4.585150E-08,-1.4895568E-01
4.590150E-08,-1.4900839E-01
4.595150E-08,-1.4900839E-01
4.600150E-08,-1.4906110E-01
4.605150E-08,-1.4911381E-01
4.610150E-08,-1.4916652E-01
4.615150E-08,-1.4916652E-01
4.620150E-08,-1.4921923E-01
4.625150E-08,-1.4927194E-01
4.630150E-08,-1.4927194E-01
4.635150E-08,-1.4932464E-01
4.640150E-08,-1.4932464E-01
4.645150E-08,-1.4937735E-01
4.650150E-08,-1.4937735E-01
4.655150E-08,-1.4943006E-01
4.660150E-08,-1.4943006E-01
4.665150E-08,-1.4948277E-01
4.670150E-08,-1.4948277E-01
4.675150E-08,-1.4948277E-01
4.680150E-08,-1.4953548E-01
4.685150E-08,-1.4953548E-01
4.690150E-08,-1.4953548E-01
4.695150E-08,-1.4953548E-01
4.700150E-08,-1.4953548E-01
4.705150E-08,-1.4958819E-01
4.710150E-08,-1.4958819E-01
4.715150E-08,-1.4958819E-01
4.720150E-08,-1.4958819E-01
4.725150E-08,-1.4958819E-01
4.730150E-08,-1.4958819E-01
4.735150E-08,-1.4953548E-01
4.740150E-08,-1.4953548E-01
4.745150E-08,-1.4953548E-01
4.750150E-08,-1.4953548E-01
4.755150E-08,-1.4953548E-01
4.760150E-08,-1.4948277E-01
4.765150E-08,-1.4948277E-01
4.770150E-08,-1.4948277E-01
4.775150E-08,-1.4943006E-01
4.780150E-08,-1.4943006E-01
4.785150E-08,-1.4937735E-01
4.790150E-08,-1.4937735E-01
4.795150E-08,-1.4937735E-01
4.800150E-08,-1.4932464E-01
4.805150E-08,-1.4932464E-01
4.810150E-08,-1.4927194E-01
4.815150E-08,-1.4927194E-01
4.820150E-08,-1.4927194E-01
4.825150E-08,-1.4921923E-01
4.830150E-08,-1.4921923E-01
4.835150E-08,-1.4921923E-01
4.840150E-08,-1.4921923E-01
4.845150E-08,-1.4916652E-01
4.850150E-08,-1.4916652E-01
4.855150E-08,-1.4916652E-01
4.860150E-08,-1.4916652E-01
4.865150E-08,-1.4916652E-01
4.870150E-08,-1.4916652E-01
4.875150E-08,-1.4916652E-01
4.880150E-08,-1.4916652E-01
4.885150E-08,-1.4921923E-01
4.890150E-08,-1.4921923E-01
4.895150E-08,-1.4921923E-01
4.900150E-08,-1.4927194E-01
4.905150E-08,-1.4927194E-01
4.910150E-08,-1.4927194E-01
4.915150E-08,-1.4932464E-01
4.920150E-08,-1.4932464E-01
4.925150E-08,-1.4937735E-01
4.930150E-08,-1.4937735E-01
4.935150E-08,-1.4943006E-01
4.940150E-08,-1.4943006E-01
4.945150E-08,-1.4943006E-01
4.950150E-08,-1.4948277E-01
4.955150E-08,-1.4948277E-01
4.960150E-08,-1.4948277E-01
4.965150E-08,-1.4948277E-01
4.970150E-08,-1.4953548E-01
4.975150E-08,-1.4953548E-01
4.980150E-08,-1.4953548E-01
4.985150E-08,-1.4953548E-01
4.990150E-08,-1.4953548E-01
4.995150E-08,-1.4948277E-01
5.000150E-08,-1.4948277E-01
5.005150E-08,-1.4948277E-01
5.010150E-08,-1.4948277E-01
5.015150E-08,-1.4943006E-01
5.020150E-08,-1.4943006E-01
5.025150E-08,-1.4943006E-01
5.030150E-08,-1.4937735E-01
5.035150E-08,-1.4937735E-01
5.040150E-08,-1.4932464E-01
5.045150E-08,-1.4932464E-01
5.050150E-08,-1.4932464E-01
5.055150E-08,-1.4927194E-01
5.060150E-08,-1.4927194E-01
5.065150E-08,-1.4927194E-01
5.070150E-08,-1.4927194E-01
5.075150E-08,-1.4927194E-01
5.080150E-08,-1.4927194E-01
5.085150E-08,-1.4927194E-01
5.090150E-08,-1.4927194E-01
5.095150E-08,-1.4927194E-01
5.100150E-08,-1.4927194E-01
5.105150E-08,-1.4927194E-01
5.110150E-08,-1.4927194E-01
5.115150E-08,-1.4932464E-01
5.120150E-08,-1.4932464E-01
5.125150E-08,-1.4932464E-01
5.130150E-08,-1.4937735E-01
5.135150E-08,-1.4937735E-01
5.140150E-08,-1.4937735E-01
5.145150E-08,-1.4943006E-01
5.150150E-08,-1.4943006E-01
5.155150E-08,-1.4943006E-01
5.160150E-08,-1.4948277E-01
5.165150E-08,-1.4948277E-01
5.170150E-08,-1.4948277E-01
5.175150E-08,-1.4948277E-01
5.180150E-08,-1.4948277E-01
5.185150E-08,-1.4948277E-01
5.190150E-08,-1.4948277E-01
5.195150E-08,-1.4948277E-01
5.200150E-08,-1.4948277E-01
5.205150E-08,-1.4943006E-01
5.210150E-08,-1.4943006E-01
5.215150E-08,-1.4937735E-01
5.220150E-08,-1.4937735E-01
5.225150E-08,-1.4932464E-01
5.230150E-08,-1.4927194E-01
5.235150E-08,-1.4921923E-01
5.240150E-08,-1.4921923E-01
5.245150E-08,-1.4916652E-01
5.250150E-08,-1.4911381E-01
5.255150E-08,-1.4906110E-01
5.260150E-08,-1.4900839E-01
5.265150E-08,-1.4895568E-01
5.270150E-08,-1.4890297E-01
5.275150E-08,-1.4885026E-01
5.280150E-08,-1.4879755E-01
5.285150E-08,-1.4874485E-01
5.290150E-08,-1.4869214E-01
5.295150E-08,-1.4863943E-01
5.300150E-08,-1.4858672E-01
5.305150E-08,-1.4853401E-01
5.310150E-08,-1.4848130E-01
5.315150E-08,-1.4848130E-01
5.320150E-08,-1.4842859E-01
5.325150E-08,-1.4842859E-01
5.330150E-08,-1.4837588E-01
5.335150E-08,-1.4837588E-01
5.340150E-08,-1.4837588E-01
5.345150E-08,-1.4832317E-01
5.350150E-08,-1.4832317E-01
5.355150E-08,-1.4832317E-01
5.360150E-08,-1.4832317E-01
5.365150E-08,-1.4832317E-01
5.370150E-08,-1.4837588E-01
5.375150E-08,-1.4837588E-01
5.380150E-08,-1.4837588E-01
5.385150E-08,-1.4837588E-01
5.390150E-08,-1.4842859E-01
5.395150E-08,-1.4842859E-01
5.400150E-08,-1.4848130E-01
5.405150E-08,-1.4848130E-01
5.410150E-08,-1.4853401E-01
5.415150E-08,-1.4853401E-01
5.420150E-08,-1.4858672E-01
5.425150E-08,-1.4858672E-01
5.430150E-08,-1.4863943E-01
5.435150E-08,-1.4863943E-01
5.440150E-08,-1.4869214E-01
5.445150E-08,-1.4869214E-01
5.450150E-08,-1.4874485E-01
5.455150E-08,-1.4874485E-01
5.460150E-08,-1.4879755E-01
5.465150E-08,-1.4879755E-01
5.470150E-08,-1.4885026E-01
5.475150E-08,-1.4885026E-01
5.480150E-08,-1.4890297E-01
5.485150E-08,-1.4895568E-01
5.490150E-08,-1.4895568E-01
5.495150E-08,-1.4900839E-01
5.500150E-08,-1.4900839E-01
5.505150E-08,-1.4906110E-01
5.510150E-08,-1.4906110E-01
5.515150E-08,-1.4911381E-01
5.520150E-08,-1.4911381E-01
5.525150E-08,-1.4916652E-01
5.530150E-08,-1.4916652E-01
5.535150E-08,-1.4921923E-01
5.540150E-08,-1.4921923E-01
5.545150E-08,-1.4927194E-01
5.550150E-08,-1.4927194E-01
5.555150E-08,-1.4932464E-01
5.560150E-08,-1.4932464E-01
5.565150E-08,-1.4937735E-01
5.570150E-08,-1.4937735E-01
5.575150E-08,-1.4937735E-01
5.580150E-08,-1.4943006E-01
5.585150E-08,-1.4943006E-01
5.590150E-08,-1.4943006E-01
5.595150E-08,-1.4943006E-01
5.600150E-08,-1.4948277E-01
5.605150E-08,-1.4948277E-01
5.610150E-08,-1.4948277E-01
5.615150E-08,-1.4948277E-01
5.620150E-08,-1.4948277E-01
5.625150E-08,-1.4948277E-01
5.630150E-08,-1.4948277E-01
5.635150E-08,-1.4948277E-01
5.640150E-08,-1.4948277E-01
5.645150E-08,-1.4948277E-01
5.650150E-08,-1.4953548E-01
5.655150E-08,-1.4953548E-01
5.660150E-08,-1.4953548E-01
5.665150E-08,-1.4953548E-01
5.670150E-08,-1.4953548E-01
5.675150E-08,-1.4953548E-01
5.680150E-08,-1.4953548E-01
5.685150E-08,-1.4953548E-01
5.690150E-08,-1.4953548E-01
5.695150E-08,-1.4953548E-01
5.700150E-08,-1.4953548E-01
5.705150E-08,-1.4953548E-01
5.710150E-08,-1.4953548E-01
5.715150E-08,-1.4953548E-01
5.720150E-08,-1.4953548E-01
5.725150E-08,-1.4953548E-01
5.730150E-08,-1.4958819E-01
5.735150E-08,-1.4958819E-01
5.740150E-08,-1.4958819E-01
5.745150E-08,-1.4958819E-01
5.750150E-08,-1.4958819E-01
5.755150E-08,-1.4958819E-01
5.760150E-08,-1.4958819E-01
5.765150E-08,-1.4958819E-01
5.770150E-08,-1.4958819E-01
5.775150E-08,-1.4958819E-01
5.780150E-08,-1.4958819E-01
5.785150E-08,-1.4958819E-01
5.790150E-08,-1.4953548E-01
5.795150E-08,-1.4953548E-01
5.800150E-08,-1.4953548E-01
5.805150E-08,-1.4948277E-01
5.810150E-08,-1.4948277E-01
5.815150E-08,-1.4943006E-01
5.820150E-08,-1.4937735E-01
5.825150E-08,-1.4937735E-01
5.830150E-08,-1.4932464E-01
5.835150E-08,-1.4927194E-01
5.840150E-08,-1.4921923E-01
5.845150E-08,-1.4916652E-01
5.850150E-08,-1.4911381E-01
5.855150E-08,-1.4906110E-01
5.860150E-08,-1.4900839E-01
5.865150E-08,-1.4895568E-01
5.870150E-08,-1.4890297E-01
5.875150E-08,-1.4885026E-01
5.880150E-08,-1.4879755E-01
5.885150E-08,-1.4874485E-01
5.890150E-08,-1.4869214E-01
5.895150E-08,-1.4869214E-01
5.900150E-08,-1.4863943E-01
5.905150E-08,-1.4858672E-01
5.910150E-08,-1.4853401E-01
5.915150E-08,-1.4853401E-01
5.920150E-08,-1.4848130E-01
5.925150E-08,-1.4848130E-01
5.930150E-08,-1.4848130E-01
5.935150E-08,-1.4848130E-01
5.940150E-08,-1.4848130E-01
5.945150E-08,-1.4848130E-01
5.950150E-08,-1.4853401E-01
5.955150E-08,-1.4853401E-01
5.960150E-08,-1.4858672E-01
5.965150E-08,-1.4863943E-01
5.970150E-08,-1.4869214E-01
5.975150E-08,-1.4874485E-01
5.980150E-08,-1.4879755E-01
5.985150E-08,-1.4885026E-01
5.990150E-08,-1.4895568E-01
5.995150E-08,-1.4900839E-01
6.000150E-08,-1.4911381E-01
6.005150E-08,-1.4916652E-01
6.010150E-08,-1.4927194E-01
6.015150E-08,-1.4937735E-01
6.020150E-08,-1.4943006E-01
6.025150E-08,-1.4953548E-01
6.030150E-08,-1.4964090E-01
6.035150E-08,-1.4969361E-01
6.040150E-08,-1.4979903E-01
6.045150E-08,-1.4985173E-01
6.050150E-08,-1.4995715E-01
6.055150E-08,-1.5000986E-01
6.060150E-08,-1.5006257E-01
6.065150E-08,-1.5011528E-01
6.070150E-08,-1.5016799E-01
6.075150E-08,-1.5022070E-01
6.080150E-08,-1.5027341E-01
6.085150E-08,-1.5032612E-01
6.090150E-08,-1.5032612E-01
6.095150E-08,-1.5032612E-01
6.100150E-08,-1.5037883E-01
6.105150E-08,-1.5037883E-01
6.110150E-08,-1.5032612E-01
6.115150E-08,-1.5032612E-01
6.120150E-08,-1.5032612E-01
6.125150E-08,-1.5027341E-01
6.130150E-08,-1.5027341E-01
6.135150E-08,-1.5022070E-01
6.140150E-08,-1.5016799E-01
6.145150E-08,-1.5016799E-01
6.150150E-08,-1.5011528E-01
6.155150E-08,-1.5006257E-01
6.160150E-08,-1.5000986E-01
6.165150E-08,-1.4995715E-01
6.170150E-08,-1.4990444E-01
6.175150E-08,-1.4985173E-01
6.180150E-08,-1.4985173E-01
6.185150E-08,-1.4979903E-01
6.190150E-08,-1.4974632E-01
6.195150E-08,-1.4969361E-01
6.200150E-08,-1.4969361E-01
6.205150E-08,-1.4964090E-01
6.210150E-08,-1.4964090E-01
6.215150E-08,-1.4958819E-01
6.220150E-08,-1.4958819E-01
6.225150E-08,-1.4958819E-01
6.230150E-08,-1.4953548E-01
6.235150E-08,-1.4953548E-01
6.240150E-08,-1.4953548E-01
6.245150E-08,-1.4953548E-01
6.250150E-08,-1.4953548E-01
6.255150E-08,-1.4953548E-01
6.260150E-08,-1.4958819E-01
6.265150E-08,-1.4958819E-01
6.270150E-08,-1.4958819E-01
6.275150E-08,-1.4964090E-01
6.280150E-08,-1.4964090E-01
6.285150E-08,-1.4964090E-01
6.290150E-08,-1.4969361E-01
6.295150E-08,-1.4969361E-01
6.300150E-08,-1.4974632E-01
6.305150E-08,-1.4974632E-01
6.310150E-08,-1.4979903E-01
6.315150E-08,-1.4985173E-01
6.320150E-08,-1.4985173E-01
6.325150E-08,-1.4985173E-01
6.330150E-08,-1.4990444E-01
6.335150E-08,-1.4990444E-01
6.340150E-08,-1.4995715E-01
6.345150E-08,-1.4995715E-01
6.350150E-08,-1.4995715E-01
6.355150E-08,-1.5000986E-01
6.360150E-08,-1.5000986E-01
6.365150E-08,-1.5000986E-01
6.370150E-08,-1.5000986E-01
6.375150E-08,-1.5000986E-01
6.380150E-08,-1.5000986E-01
6.385150E-08,-1.5000986E-01
6.390150E-08,-1.5000986E-01
6.395150E-08,-1.4995715E-01
6.400150E-08,-1.4995715E-01
6.405150E-08,-1.4990444E-01
6.410150E-08,-1.4990444E-01
6.415150E-08,-1.4985173E-01
6.420150E-08,-1.4985173E-01
6.425150E-08,-1.4979903E-01
6.430150E-08,-1.4974632E-01
6.435150E-08,-1.4969361E-01
6.440150E-08,-1.4964090E-01
6.445150E-08,-1.4958819E-01
6.450150E-08,-1.4953548E-01
6.455150E-08,-1.4948277E-01
6.460150E-08,-1.4943006E-01
6.465150E-08,-1.4937735E-01
6.470150E-08,-1.4932464E-01
6.475150E-08,-1.4927194E-01
6.480150E-08,-1.4921923E-01
6.485150E-08,-1.4916652E-01
6.490150E-08,-1.4911381E-01
6.495150E-08,-1.4906110E-01
6.500150E-08,-1.4900839E-01
6.505150E-08,-1.4895568E-01
6.510150E-08,-1.4895568E-01
6.515150E-08,-1.4890297E-01
6.520150E-08,-1.4890297E-01
6.525150E-08,-1.4890297E-01
6.530150E-08,-1.4885026E-01
6.535150E-08,-1.4885026E-01
6.540150E-08,-1.4885026E-01
6.545150E-08,-1.4890297E-01
6.550150E-08,-1.4890297E-01
6.555150E-08,-1.4890297E-01
6.560150E-08,-1.4895568E-01
6.565150E-08,-1.4900839E-01
6.570150E-08,-1.4900839E-01
6.575150E-08,-1.4906110E-01
6.580150E-08,-1.4911381E-01
6.585150E-08,-1.4916652E-01
6.590150E-08,-1.4921923E-01
6.595150E-08,-1.4927194E-01
6.600150E-08,-1.4932464E-01
6.605150E-08,-1.4932464E-01
6.610150E-08,-1.4937735E-01
6.615150E-08,-1.4943006E-01
6.620150E-08,-1.4948277E-01
6.625150E-08,-1.4948277E-01
6.630150E-08,-1.4953548E-01
6.635150E-08,-1.4953548E-01
6.640150E-08,-1.4953548E-01
6.645150E-08,-1.4953548E-01
6.650150E-08,-1.4953548E-01
6.655150E-08,-1.4953548E-01
6.660150E-08,-1.4948277E-01
6.665150E-08,-1.4948277E-01
6.670150E-08,-1.4943006E-01
6.675150E-08,-1.4937735E-01
6.680150E-08,-1.4932464E-01
6.685150E-08,-1.4927194E-01
6.690150E-08,-1.4921923E-01
6.695150E-08,-1.4911381E-01
6.700150E-08,-1.4906110E-01
6.705150E-08,-1.4895568E-01
6.710150E-08,-1.4890297E-01
6.715150E-08,-1.4885026E-01
6.720150E-08,-1.4874485E-01
6.725150E-08,-1.4869214E-01
6.730150E-08,-1.4863943E-01
6.735150E-08,-1.4853401E-01
6.740150E-08,-1.4848130E-01
6.745150E-08,-1.4842859E-01
6.750150E-08,-1.4842859E-01
6.755150E-08,-1.4837588E-01
6.760150E-08,-1.4837588E-01
6.765150E-08,-1.4832317E-01
6.770150E-08,-1.4832317E-01
6.775150E-08,-1.4837588E-01
6.780150E-08,-1.4837588E-01
6.785150E-08,-1.4837588E-01
6.790150E-08,-1.4842859E-01
6.795150E-08,-1.4848130E-01
6.800150E-08,-1.4853401E-01
6.805150E-08,-1.4858672E-01
6.810150E-08,-1.4863943E-01
6.815150E-08,-1.4874485E-01
6.820150E-08,-1.4879755E-01
6.825150E-08,-1.4890297E-01
6.830150E-08,-1.4895568E-01
6.835150E-08,-1.4906110E-01
6.840150E-08,-1.4911381E-01
6.845150E-08,-1.4921923E-01
6.850150E-08,-1.4927194E-01
6.855150E-08,-1.4932464E-01
6.860150E-08,-1.4937735E-01
6.865150E-08,-1.4943006E-01
6.870150E-08,-1.4948277E-01
6.875150E-08,-1.4953548E-01
6.880150E-08,-1.4953548E-01
6.885150E-08,-1.4953548E-01
6.890150E-08,-1.4953548E-01
6.895150E-08,-1.4953548E-01
6.900150E-08,-1.4953548E-01
6.905150E-08,-1.4953548E-01
6.910150E-08,-1.4948277E-01
6.915150E-08,-1.4948277E-01
6.920150E-08,-1.4943006E-01
6.925150E-08,-1.4937735E-01
6.930150E-08,-1.4932464E-01
6.935150E-08,-1.4927194E-01
6.940150E-08,-1.4921923E-01
6.945150E-08,-1.4916652E-01
6.950150E-08,-1.4911381E-01
6.955150E-08,-1.4906110E-01
6.960150E-08,-1.4900839E-01
6.965150E-08,-1.4895568E-01
6.970150E-08,-1.4890297E-01
6.975150E-08,-1.4890297E-01
6.980150E-08,-1.4885026E-01
6.985150E-08,-1.4885026E-01
6.990150E-08,-1.4885026E-01
6.995150E-08,-1.4885026E-01
7.000150E-08,-1.4885026E-01
7.005150E-08,-1.4885026E-01
7.010150E-08,-1.4890297E-01
7.015150E-08,-1.4890297E-01
7.020150E-08,-1.4895568E-01
7.025150E-08,-1.4900839E-01
7.030150E-08,-1.4906110E-01
7.035150E-08,-1.4911381E-01
7.040150E-08,-1.4916652E-01
7.045150E-08,-1.4927194E-01
7.050150E-08,-1.4932464E-01
7.055150E-08,-1.4937735E-01
7.060150E-08,-1.4948277E-01
7.065150E-08,-1.4953548E-01
7.070150E-08,-1.4958819E-01
7.075150E-08,-1.4964090E-01
7.080150E-08,-1.4969361E-01
7.085150E-08,-1.4974632E-01
7.090150E-08,-1.4979903E-01
7.095150E-08,-1.4985173E-01
7.100150E-08,-1.4985173E-01
7.105150E-08,-1.4990444E-01
7.110150E-08,-1.4990444E-01
7.115150E-08,-1.4990444E-01
7.120150E-08,-1.4990444E-01
7.125150E-08,-1.4990444E-01
7.130150E-08,-1.4985173E-01
7.135150E-08,-1.4985173E-01
7.140150E-08,-1.4979903E-01
7.145150E-08,-1.4974632E-01
7.150150E-08,-1.4969361E-01
7.155150E-08,-1.4964090E-01
7.160150E-08,-1.4958819E-01
7.165150E-08,-1.4953548E-01
7.170150E-08,-1.4948277E-01
7.175150E-08,-1.4943006E-01
7.180150E-08,-1.4937735E-01
7.185150E-08,-1.4927194E-01
7.190150E-08,-1.4921923E-01
7.195150E-08,-1.4916652E-01
7.200150E-08,-1.4911381E-01
7.205150E-08,-1.4906110E-01
7.210150E-08,-1.4900839E-01
7.215150E-08,-1.4900839E-01
7.220150E-08,-1.4895568E-01
7.225150E-08,-1.4890297E-01
7.230150E-08,-1.4890297E-01
7.235150E-08,-1.4885026E-01
7.240150E-08,-1.4885026E-01
7.245150E-08,-1.4885026E-01
7.250150E-08,-1.4879755E-01
7.255150E-08,-1.4879755E-01
7.260150E-08,-1.4879755E-01
7.265150E-08,-1.4879755E-01
7.270150E-08,-1.4879755E-01
7.275150E-08,-1.4879755E-01
7.280150E-08,-1.4885026E-01
7.285150E-08,-1.4885026E-01
7.290150E-08,-1.4885026E-01
7.295150E-08,-1.4885026E-01
7.300150E-08,-1.4885026E-01
7.305150E-08,-1.4885026E-01
7.310150E-08,-1.4885026E-01
7.315150E-08,-1.4885026E-01
7.320150E-08,-1.4885026E-01
7.325150E-08,-1.4885026E-01
7.330150E-08,-1.4885026E-01
7.335150E-08,-1.4885026E-01
7.340150E-08,-1.4885026E-01
7.345150E-08,-1.4885026E-01
7.350150E-08,-1.4879755E-01
7.355150E-08,-1.4879755E-01
7.360150E-08,-1.4879755E-01
7.365150E-08,-1.4874485E-01
7.370150E-08,-1.4874485E-01
7.375150E-08,-1.4869214E-01
7.380150E-08,-1.4869214E-01
7.385150E-08,-1.4869214E-01
7.390150E-08,-1.4863943E-01
7.395150E-08,-1.4863943E-01
7.400150E-08,-1.4858672E-01
7.405150E-08,-1.4858672E-01
7.410150E-08,-1.4853401E-01
7.415150E-08,-1.4853401E-01
7.420150E-08,-1.4853401E-01
7.425150E-08,-1.4853401E-01
7.430150E-08,-1.4848130E-01
7.435150E-08,-1.4848130E-01
7.440150E-08,-1.4848130E-01
7.445150E-08,-1.4848130E-01
7.450150E-08,-1.4848130E-01
7.455150E-08,-1.4853401E-01
7.460150E-08,-1.4853401E-01
7.465150E-08,-1.4853401E-01
7.470150E-08,-1.4858672E-01
7.475150E-08,-1.4858672E-01
7.480150E-08,-1.4863943E-01
7.485150E-08,-1.4863943E-01
7.490150E-08,-1.4869214E-01
7.495150E-08,-1.4869214E-01
7.500150E-08,-1.4874485E-01
7.505150E-08,-1.4879755E-01
7.510150E-08,-1.4885026E-01
7.515150E-08,-1.4885026E-01
7.520150E-08,-1.4890297E-01
7.525150E-08,-1.4895568E-01
7.530150E-08,-1.4900839E-01
7.535150E-08,-1.4900839E-01
7.540150E-08,-1.4906110E-01
7.545150E-08,-1.4911381E-01
7.550150E-08,-1.4911381E-01
7.555150E-08,-1.4916652E-01
7.560150E-08,-1.4921923E-01
7.565150E-08,-1.4921923E-01
7.570150E-08,-1.4927194E-01
7.575150E-08,-1.4927194E-01
7.580150E-08,-1.4932464E-01
7.585150E-08,-1.4932464E-01
7.590150E-08,-1.4932464E-01
7.595150E-08,-1.4937735E-01
7.600150E-08,-1.4937735E-01
7.605150E-08,-1.4937735E-01
7.610150E-08,-1.4937735E-01
7.615150E-08,-1.4937735E-01
7.620150E-08,-1.4937735E-01
7.625150E-08,-1.4937735E-01
7.630150E-08,-1.4937735E-01
7.635150E-08,-1.4937735E-01
7.640150E-08,-1.4937735E-01
7.645150E-08,-1.4937735E-01
7.650150E-08,-1.4937735E-01
7.655150E-08,-1.4937735E-01
7.660150E-08,-1.4932464E-01
7.665150E-08,-1.4932464E-01
7.670150E-08,-1.4932464E-01
7.675150E-08,-1.4932464E-01
7.680150E-08,-1.4927194E-01
7.685150E-08,-1.4927194E-01
7.690150E-08,-1.4927194E-01
7.695150E-08,-1.4921923E-01
7.700150E-08,-1.4921923E-01
7.705150E-08,-1.4921923E-01
7.710150E-08,-1.4916652E-01
7.715150E-08,-1.4916652E-01
7.720150E-08,-1.4916652E-01
7.725150E-08,-1.4916652E-01
7.730150E-08,-1.4911381E-01
7.735150E-08,-1.4911381E-01
7.740150E-08,-1.4911381E-01
7.745150E-08,-1.4911381E-01
7.750150E-08,-1.4911381E-01
7.755150E-08,-1.4906110E-01
7.760150E-08,-1.4906110E-01
7.765150E-08,-1.4906110E-01
7.770150E-08,-1.4906110E-01
7.775150E-08,-1.4906110E-01
7.780150E-08,-1.4906110E-01
7.785150E-08,-1.4906110E-01
7.790150E-08,-1.4906110E-01
7.795150E-08,-1.4906110E-01
7.800150E-08,-1.4906110E-01
7.805150E-08,-1.4906110E-01
7.810150E-08,-1.4906110E-01
7.815150E-08,-1.4906110E-01
7.820150E-08,-1.4906110E-01
7.825150E-08,-1.4906110E-01
7.830150E-08,-1.4906110E-01
7.835150E-08,-1.4900839E-01
7.840150E-08,-1.4900839E-01
7.845150E-08,-1.4900839E-01
7.850150E-08,-1.4900839E-01
7.855150E-08,-1.4900839E-01
7.860150E-08,-1.4900839E-01
7.865150E-08,-1.4900839E-01
7.870150E-08,-1.4900839E-01
7.875150E-08,-1.4900839E-01
7.880150E-08,-1.4900839E-01
7.885150E-08,-1.4900839E-01
7.890150E-08,-1.4900839E-01
7.895150E-08,-1.4900839E-01
7.900150E-08,-1.4900839E-01
7.905150E-08,-1.4906110E-01
7.910150E-08,-1.4906110E-01
7.915150E-08,-1.4906110E-01
7.920150E-08,-1.4906110E-01
7.925150E-08,-1.4911381E-01
7.930150E-08,-1.4911381E-01
7.935150E-08,-1.4916652E-01
7.940150E-08,-1.4916652E-01
7.945150E-08,-1.4921923E-01
7.950150E-08,-1.4927194E-01
7.955150E-08,-1.4927194E-01
7.960150E-08,-1.4932464E-01
7.965150E-08,-1.4937735E-01
7.970150E-08,-1.4943006E-01
7.975150E-08,-1.4948277E-01
7.980150E-08,-1.4953548E-01
7.985150E-08,-1.4953548E-01
7.990150E-08,-1.4958819E-01
7.995150E-08,-1.4964090E-01
8.000150E-08,-1.4969361E-01
8.005150E-08,-1.4974632E-01
8.010150E-08,-1.4974632E-01
8.015150E-08,-1.4979903E-01
8.020150E-08,-1.4985173E-01
8.025150E-08,-1.4985173E-01
8.030150E-08,-1.4990444E-01
8.035150E-08,-1.4990444E-01
8.040150E-08,-1.4990444E-01
8.045150E-08,-1.4990444E-01
8.050150E-08,-1.4990444E-01
8.055150E-08,-1.4990444E-01
8.060150E-08,-1.4985173E-01
8.065150E-08,-1.4985173E-01
8.070150E-08,-1.4979903E-01
8.075150E-08,-1.4974632E-01
8.080150E-08,-1.4974632E-01
8.085150E-08,-1.4969361E-01
8.090150E-08,-1.4958819E-01
8.095150E-08,-1.4953548E-01
8.100150E-08,-1.4948277E-01
8.105150E-08,-1.4943006E-01
8.110150E-08,-1.4932464E-01
8.115150E-08,-1.4927194E-01
8.120150E-08,-1.4916652E-01
8.125150E-08,-1.4911381E-01
8.130150E-08,-1.4900839E-01
8.135150E-08,-1.4895568E-01
8.140150E-08,-1.4885026E-01
8.145150E-08,-1.4879755E-01
8.150150E-08,-1.4869214E-01
8.155150E-08,-1.4863943E-01
8.160150E-08,-1.4853401E-01
8.165150E-08,-1.4848130E-01
8.170150E-08,-1.4842859E-01
8.175150E-08,-1.4837588E-01
8.180150E-08,-1.4832317E-01
8.185150E-08,-1.4832317E-01
8.190150E-08,-1.4827046E-01
8.195150E-08,-1.4821776E-01
8.200150E-08,-1.4821776E-01
8.205150E-08,-1.4821776E-01
8.210150E-08,-1.4821776E-01
8.215150E-08,-1.4821776E-01
8.220150E-08,-1.4821776E-01
8.225150E-08,-1.4821776E-01
8.230150E-08,-1.4827046E-01
8.235150E-08,-1.4827046E-01
8.240150E-08,-1.4832317E-01
8.245150E-08,-1.4837588E-01
8.250150E-08,-1.4837588E-01
8.255150E-08,-1.4842859E-01
8.260150E-08,-1.4848130E-01
8.265150E-08,-1.4853401E-01
8.270150E-08,-1.4858672E-01
8.275150E-08,-1.4863943E-01
8.280150E-08,-1.4869214E-01
8.285150E-08,-1.4874485E-01
8.290150E-08,-1.4885026E-01
8.295150E-08,-1.4890297E-01
8.300150E-08,-1.4895568E-01
8.305150E-08,-1.4900839E-01
8.310150E-08,-1.4906110E-01
8.315150E-08,-1.4911381E-01
8.320150E-08,-1.4916652E-01
8.325150E-08,-1.4921923E-01
8.330150E-08,-1.4927194E-01
8.335150E-08,-1.4932464E-01
8.340150E-08,-1.4937735E-01
8.345150E-08,-1.4943006E-01
8.350150E-08,-1.4948277E-01
8.355150E-08,-1.4953548E-01
8.360150E-08,-1.4958819E-01
8.365150E-08,-1.4958819E-01
8.370150E-08,-1.4964090E-01
8.375150E-08,-1.4969361E-01
8.380150E-08,-1.4969361E-01
8.385150E-08,-1.4969361E-01
8.390150E-08,-1.4974632E-01
8.395150E-08,-1.4974632E-01
8.400150E-08,-1.4974632E-01
8.405150E-08,-1.4974632E-01
8.410150E-08,-1.4979903E-01
8.415150E-08,-1.4974632E-01
8.420150E-08,-1.4974632E-01
8.425150E-08,-1.4974632E-01
8.430150E-08,-1.4974632E-01
8.435150E-08,-1.4974632E-01
8.440150E-08,-1.4969361E-01
8.445150E-08,-1.4969361E-01
8.450150E-08,-1.4969361E-01
8.455150E-08,-1.4964090E-01
8.460150E-08,-1.4964090E-01
8.465150E-08,-1.4958819E-01
8.470150E-08,-1.4953548E-01
8.475150E-08,-1.4953548E-01
8.480150E-08,-1.4948277E-01
8.485150E-08,-1.4943006E-01
8.490150E-08,-1.4943006E-01
8.495150E-08,-1.4937735E-01
8.500150E-08,-1.4932464E-01
8.505150E-08,-1.4932464E-01
8.510150E-08,-1.4927194E-01
8.515150E-08,-1.4927194E-01
8.520150E-08,-1.4921923E-01
8.525150E-08,-1.4921923E-01
8.530150E-08,-1.4916652E-01
8.535150E-08,-1.4916652E-01
8.540150E-08,-1.4911381E-01
8.545150E-08,-1.4911381E-01
8.550150E-08,-1.4911381E-01
8.555150E-08,-1.4911381E-01
8.560150E-08,-1.4911381E-01
8.565150E-08,-1.4911381E-01
8.570150E-08,-1.4911381E-01
8.575150E-08,-1.4911381E-01
8.580150E-08,-1.4911381E-01
8.585150E-08,-1.4911381E-01
8.590150E-08,-1.4911381E-01
8.595150E-08,-1.4916652E-01
8.600150E-08,-1.4916652E-01
8.605150E-08,-1.4916652E-01
8.610150E-08,-1.4921923E-01
8.615150E-08,-1.4921923E-01
8.620150E-08,-1.4921923E-01
8.625150E-08,-1.4927194E-01
8.630150E-08,-1.4927194E-01
8.635150E-08,-1.4932464E-01
8.640150E-08,-1.4932464E-01
8.645150E-08,-1.4932464E-01
8.650150E-08,-1.4932464E-01
8.655150E-08,-1.4932464E-01
8.660150E-08,-1.4937735E-01
8.665150E-08,-1.4937735E-01
8.670150E-08,-1.4937735E-01
8.675150E-08,-1.4937735E-01
8.680150E-08,-1.4937735E-01
8.685150E-08,-1.4937735E-01
8.690150E-08,-1.4937735E-01
8.695150E-08,-1.4932464E-01
8.700150E-08,-1.4932464E-01
8.705150E-08,-1.4932464E-01
8.710150E-08,-1.4932464E-01
8.715150E-08,-1.4932464E-01
8.720150E-08,-1.4932464E-01
8.725150E-08,-1.4927194E-01
8.730150E-08,-1.4927194E-01
8.735150E-08,-1.4927194E-01
8.740150E-08,-1.4927194E-01
8.745150E-08,-1.4927194E-01
8.750150E-08,-1.4927194E-01
8.755150E-08,-1.4927194E-01
8.760150E-08,-1.4927194E-01
8.765150E-08,-1.4927194E-01
8.770150E-08,-1.4927194E-01
8.775150E-08,-1.4927194E-01
8.780150E-08,-1.4927194E-01
8.785150E-08,-1.4927194E-01
8.790150E-08,-1.4927194E-01
8.795150E-08,-1.4927194E-01
8.800150E-08,-1.4927194E-01
8.805150E-08,-1.4932464E-01
8.810150E-08,-1.4932464E-01
8.815150E-08,-1.4932464E-01
8.820150E-08,-1.4932464E-01
8.825150E-08,-1.4932464E-01
8.830150E-08,-1.4937735E-01
8.835150E-08,-1.4937735E-01
8.840150E-08,-1.4937735E-01
8.845150E-08,-1.4937735E-01
8.850150E-08,-1.4937735E-01
8.855150E-08,-1.4937735E-01
8.860150E-08,-1.4937735E-01
8.865150E-08,-1.4937735E-01
8.870150E-08,-1.4932464E-01
8.875150E-08,-1.4932464E-01
8.880150E-08,-1.4932464E-01
8.885150E-08,-1.4932464E-01
8.890150E-08,-1.4927194E-01
8.895150E-08,-1.4927194E-01
8.900150E-08,-1.4927194E-01
8.905150E-08,-1.4921923E-01
8.910150E-08,-1.4921923E-01
8.915150E-08,-1.4916652E-01
8.920150E-08,-1.4916652E-01
8.925150E-08,-1.4911381E-01
8.930150E-08,-1.4911381E-01
8.935150E-08,-1.4911381E-01
8.940150E-08,-1.4906110E-01
8.945150E-08,-1.4906110E-01
8.950150E-08,-1.4906110E-01
8.955150E-08,-1.4900839E-01
8.960150E-08,-1.4900839E-01
8.965150E-08,-1.4900839E-01
8.970150E-08,-1.4900839E-01
8.975150E-08,-1.4900839E-01
8.980150E-08,-1.4900839E-01
8.985150E-08,-1.4900839E-01
8.990150E-08,-1.4900839E-01
8.995150E-08,-1.4900839E-01
9.000150E-08,-1.4900839E-01
9.005150E-08,-1.4900839E-01
9.010150E-08,-1.4900839E-01
9.015150E-08,-1.4906110E-01
9.020150E-08,-1.4906110E-01
9.025150E-08,-1.4906110E-01
9.030150E-08,-1.4906110E-01
9.035150E-08,-1.4906110E-01
9.040150E-08,-1.4906110E-01
9.045150E-08,-1.4906110E-01
9.050150E-08,-1.4906110E-01
9.055150E-08,-1.4906110E-01
9.060150E-08,-1.4906110E-01
9.065150E-08,-1.4906110E-01
9.070150E-08,-1.4900839E-01
9.075150E-08,-1.4900839E-01
9.080150E-08,-1.4900839E-01
9.085150E-08,-1.4895568E-01
9.090150E-08,-1.4895568E-01
9.095150E-08,-1.4895568E-01
9.100150E-08,-1.4890297E-01
9.105150E-08,-1.4890297E-01
9.110150E-08,-1.4885026E-01
9.115150E-08,-1.4885026E-01
9.120150E-08,-1.4879755E-01
9.125150E-08,-1.4879755E-01
9.130150E-08,-1.4879755E-01
9.135150E-08,-1.4874485E-01
9.140150E-08,-1.4874485E-01
9.145150E-08,-1.4874485E-01
9.150150E-08,-1.4874485E-01
9.155150E-08,-1.4874485E-01
9.160150E-08,-1.4874485E-01
9.165150E-08,-1.4874485E-01
9.170150E-08,-1.4874485E-01
9.175150E-08,-1.4879755E-01
9.180150E-08,-1.4879755E-01
9.185150E-08,-1.4885026E-01
9.190150E-08,-1.4890297E-01
9.195150E-08,-1.4895568E-01
9.200150E-08,-1.4895568E-01
9.205150E-08,-1.4900839E-01
9.210150E-08,-1.4906110E-01
9.215150E-08,-1.4911381E-01
9.220150E-08,-1.4921923E-01
9.225150E-08,-1.4927194E-01
9.230150E-08,-1.4932464E-01
9.235150E-08,-1.4937735E-01
9.240150E-08,-1.4943006E-01
9.245150E-08,-1.4948277E-01
9.250150E-08,-1.4953548E-01
9.255150E-08,-1.4958819E-01
9.260150E-08,-1.4964090E-01
9.265150E-08,-1.4969361E-01
9.270150E-08,-1.4969361E-01
9.275150E-08,-1.4974632E-01
9.280150E-08,-1.4974632E-01
9.285150E-08,-1.4979903E-01
9.290150E-08,-1.4979903E-01
9.295150E-08,-1.4979903E-01
9.300150E-08,-1.4979903E-01
9.305150E-08,-1.4979903E-01
9.310150E-08,-1.4979903E-01
9.315150E-08,-1.4979903E-01
9.320150E-08,-1.4974632E-01
9.325150E-08,-1.4974632E-01
9.330150E-08,-1.4969361E-01
9.335150E-08,-1.4969361E-01
9.340150E-08,-1.4964090E-01
9.345150E-08,-1.4958819E-01
9.350150E-08,-1.4958819E-01
9.355150E-08,-1.4953548E-01
9.360150E-08,-1.4948277E-01
9.365150E-08,-1.4943006E-01
9.370150E-08,-1.4943006E-01
9.375150E-08,-1.4937735E-01
9.380150E-08,-1.4937735E-01
9.385150E-08,-1.4932464E-01
9.390150E-08,-1.4932464E-01
9.395150E-08,-1.4927194E-01
9.400150E-08,-1.4927194E-01
9.405150E-08,-1.4921923E-01
9.410150E-08,-1.4921923E-01
9.415150E-08,-1.4921923E-01
9.420150E-08,-1.4921923E-01
9.425150E-08,-1.4921923E-01
9.430150E-08,-1.4921923E-01
9.435150E-08,-1.4921923E-01
9.440150E-08,-1.4921923E-01
9.445150E-08,-1.4921923E-01
9.450150E-08,-1.4921923E-01
9.455150E-08,-1.4921923E-01
9.460150E-08,-1.4927194E-01
9.465150E-08,-1.4927194E-01
9.470150E-08,-1.4927194E-01
9.475150E-08,-1.4927194E-01
9.480150E-08,-1.4932464E-01
9.485150E-08,-1.4932464E-01
9.490150E-08,-1.4932464E-01
9.495150E-08,-1.4932464E-01
9.500150E-08,-1.4932464E-01
9.505150E-08,-1.4932464E-01
9.510150E-08,-1.4937735E-01
9.515150E-08,-1.4937735E-01
9.520150E-08,-1.4937735E-01
9.525150E-08,-1.4937735E-01
9.530150E-08,-1.4937735E-01
9.535150E-08,-1.4937735E-01
9.540150E-08,-1.4937735E-01
9.545150E-08,-1.4937735E-01
9.550150E-08,-1.4937735E-01
9.555150E-08,-1.4937735E-01
9.560150E-08,-1.4937735E-01
9.565150E-08,-1.4937735E-01
9.570150E-08,-1.4943006E-01
9.575150E-08,-1.4943006E-01
9.580150E-08,-1.4943006E-01
9.585150E-08,-1.4943006E-01
9.590150E-08,-1.4943006E-01
9.595150E-08,-1.4948277E-01
9.600150E-08,-1.4948277E-01
9.605150E-08,-1.4948277E-01
9.610150E-08,-1.4953548E-01
9.615150E-08,-1.4953548E-01
9.620150E-08,-1.4958819E-01
9.625150E-08,-1.4958819E-01
9.630150E-08,-1.4964090E-01
9.635150E-08,-1.4964090E-01
9.640150E-08,-1.4969361E-01
9.645150E-08,-1.4969361E-01
9.650150E-08,-1.4974632E-01
9.655150E-08,-1.4974632E-01
9.660150E-08,-1.4974632E-01
9.665150E-08,-1.4979903E-01
9.670150E-08,-1.4979903E-01
9.675150E-08,-1.4985173E-01
9.680150E-08,-1.4985173E-01
9.685150E-08,-1.4985173E-01
9.690150E-08,-1.4985173E-01
9.695150E-08,-1.4990444E-01
9.700150E-08,-1.4990444E-01
9.705150E-08,-1.4990444E-01
9.710150E-08,-1.4990444E-01
9.715150E-08,-1.4990444E-01
9.720150E-08,-1.4990444E-01
9.725150E-08,-1.4990444E-01
9.730150E-08,-1.4985173E-01
9.735150E-08,-1.4985173E-01
9.740150E-08,-1.4985173E-01
9.745150E-08,-1.4985173E-01
9.750150E-08,-1.4979903E-01
9.755150E-08,-1.4979903E-01
9.760150E-08,-1.4979903E-01
9.765150E-08,-1.4974632E-01
9.770150E-08,-1.4974632E-01
9.775150E-08,-1.4974632E-01
9.780150E-08,-1.4969361E-01
9.785150E-08,-1.4969361E-01
9.790150E-08,-1.4964090E-01
9.795150E-08,-1.4964090E-01
9.800150E-08,-1.4964090E-01
9.805150E-08,-1.4958819E-01
9.810150E-08,-1.4958819E-01
9.815150E-08,-1.4958819E-01
9.820150E-08,-1.4953548E-01
9.825150E-08,-1.4953548E-01
9.830150E-08,-1.4953548E-01
9.835150E-08,-1.4953548E-01
9.840150E-08,-1.4948277E-01
9.845150E-08,-1.4948277E-01
9.850150E-08,-1.4948277E-01
9.855150E-08,-1.4948277E-01
9.860150E-08,-1.4943006E-01
9.865150E-08,-1.4943006E-01
9.870150E-08,-1.4943006E-01
9.875150E-08,-1.4943006E-01
9.880150E-08,-1.4937735E-01
9.885150E-08,-1.4937735E-01
9.890150E-08,-1.4937735E-01
9.895150E-08,-1.4937735E-01
9.900150E-08,-1.4932464E-01
9.905150E-08,-1.4932464E-01
9.910150E-08,-1.4932464E-01
9.915150E-08,-1.4932464E-01
9.920150E-08,-1.4932464E-01
9.925150E-08,-1.4932464E-01
9.930150E-08,-1.4927194E-01
9.935150E-08,-1.4927194E-01
9.940150E-08,-1.4927194E-01
9.945150E-08,-1.4927194E-01
9.950150E-08,-1.4927194E-01
9.955150E-08,-1.4927194E-01
9.960150E-08,-1.4927194E-01
9.965150E-08,-1.4927194E-01
9.970150E-08,-1.4927194E-01
9.975150E-08,-1.4927194E-01
9.980150E-08,-1.4932464E-01
9.985150E-08,-1.4932464E-01
9.990150E-08,-1.4932464E-01
9.995150E-08,-1.4932464E-01
1.0000150E-07,-1.4932464E-01
1.0005150E-07,-1.4937735E-01
1.0010150E-07,-1.4937735E-01
1.0015150E-07,-1.4937735E-01
1.0020150E-07,-1.4937735E-01
1.0025150E-07,-1.4937735E-01
1.0030150E-07,-1.4943006E-01
1.0035150E-07,-1.4943006E-01
1.0040150E-07,-1.4943006E-01
1.0045150E-07,-1.4943006E-01
1.0050150E-07,-1.4943006E-01
1.0055150E-07,-1.4943006E-01
1.0060150E-07,-1.4943006E-01
1.0065150E-07,-1.4943006E-01
1.0070150E-07,-1.4943006E-01
1.0075150E-07,-1.4937735E-01
1.0080150E-07,-1.4937735E-01
1.0085150E-07,-1.4937735E-01
1.0090150E-07,-1.4932464E-01
1.0095150E-07,-1.4932464E-01
1.0100150E-07,-1.4927194E-01
1.0105150E-07,-1.4927194E-01
1.0110150E-07,-1.4921923E-01
1.0115150E-07,-1.4921923E-01
1.0120150E-07,-1.4916652E-01
1.0125150E-07,-1.4916652E-01
1.0130150E-07,-1.4911381E-01
1.0135150E-07,-1.4906110E-01
1.0140150E-07,-1.4906110E-01
1.0145150E-07,-1.4900839E-01
1.0150150E-07,-1.4900839E-01
1.0155150E-07,-1.4895568E-01
1.0160150E-07,-1.4895568E-01
1.0165150E-07,-1.4890297E-01
1.0170150E-07,-1.4890297E-01
1.0175150E-07,-1.4885026E-01
1.0180150E-07,-1.4885026E-01
1.0185150E-07,-1.4885026E-01
1.0190150E-07,-1.4885026E-01
1.0195150E-07,-1.4885026E-01
1.0200150E-07,-1.4885026E-01
1.0205150E-07,-1.4885026E-01
1.0210150E-07,-1.4885026E-01
1.0215150E-07,-1.4885026E-01
1.0220150E-07,-1.4885026E-01
1.0225150E-07,-1.4890297E-01
1.0230150E-07,-1.4890297E-01
1.0235150E-07,-1.4895568E-01
1.0240150E-07,-1.4895568E-01
1.0245150E-07,-1.4895568E-01
1.0250150E-07,-1.4900839E-01
1.0255150E-07,-1.4906110E-01
1.0260150E-07,-1.4906110E-01
1.0265150E-07,-1.4911381E-01
1.0270150E-07,-1.4911381E-01
1.0275150E-07,-1.4916652E-01
1.0280150E-07,-1.4921923E-01
1.0285150E-07,-1.4921923E-01
1.0290150E-07,-1.4927194E-01
1.0295150E-07,-1.4932464E-01
1.0300150E-07,-1.4932464E-01
1.0305150E-07,-1.4937735E-01
1.0310150E-07,-1.4937735E-01
1.0315150E-07,-1.4943006E-01
1.0320150E-07,-1.4943006E-01
1.0325150E-07,-1.4948277E-01
1.0330150E-07,-1.4948277E-01
1.0335150E-07,-1.4953548E-01
1.0340150E-07,-1.4953548E-01
1.0345150E-07,-1.4958819E-01
1.0350150E-07,-1.4958819E-01
1.0355150E-07,-1.4958819E-01
1.0360150E-07,-1.4964090E-01
1.0365150E-07,-1.4964090E-01
1.0370150E-07,-1.4964090E-01
1.0375150E-07,-1.4969361E-01
1.0380150E-07,-1.4969361E-01
1.0385150E-07,-1.4969361E-01
1.0390150E-07,-1.4969361E-01
1.0395150E-07,-1.4969361E-01
1.0400150E-07,-1.4969361E-01
1.0405150E-07,-1.4969361E-01
1.0410150E-07,-1.4969361E-01
1.0415150E-07,-1.4969361E-01
1.0420150E-07,-1.4969361E-01
1.0425150E-07,-1.4964090E-01
1.0430150E-07,-1.4964090E-01
1.0435150E-07,-1.4964090E-01
1.0440150E-07,-1.4958819E-01
1.0445150E-07,-1.4958819E-01
1.0450150E-07,-1.4958819E-01
1.0455150E-07,-1.4953548E-01
1.0460150E-07,-1.4953548E-01
1.0465150E-07,-1.4948277E-01
1.0470150E-07,-1.4948277E-01
1.0475150E-07,-1.4948277E-01
1.0480150E-07,-1.4943006E-01
1.0485150E-07,-1.4943006E-01
1.0490150E-07,-1.4937735E-01
1.0495150E-07,-1.4937735E-01
1.0500150E-07,-1.4932464E-01
1.0505150E-07,-1.4932464E-01
1.0510150E-07,-1.4932464E-01
1.0515150E-07,-1.4927194E-01
1.0520150E-07,-1.4927194E-01
1.0525150E-07,-1.4927194E-01
1.0530150E-07,-1.4927194E-01
1.0535150E-07,-1.4927194E-01
1.0540150E-07,-1.4921923E-01
1.0545150E-07,-1.4921923E-01
1.0550150E-07,-1.4921923E-01
1.0555150E-07,-1.4921923E-01
1.0560150E-07,-1.4921923E-01
1.0565150E-07,-1.4921923E-01
1.0570150E-07,-1.4927194E-01
1.0575150E-07,-1.4927194E-01
1.0580150E-07,-1.4927194E-01
1.0585150E-07,-1.4927194E-01
1.0590150E-07,-1.4927194E-01
1.0595150E-07,-1.4927194E-01
1.0600150E-07,-1.4927194E-01
1.0605150E-07,-1.4932464E-01
1.0610150E-07,-1.4932464E-01
1.0615150E-07,-1.4932464E-01
1.0620150E-07,-1.4932464E-01
1.0625150E-07,-1.4932464E-01
1.0630150E-07,-1.4932464E-01
1.0635150E-07,-1.4932464E-01
1.0640150E-07,-1.4932464E-01
1.0645150E-07,-1.4932464E-01
1.0650150E-07,-1.4932464E-01
1.0655150E-07,-1.4927194E-01
1.0660150E-07,-1.4927194E-01
1.0665150E-07,-1.4927194E-01
1.0670150E-07,-1.4927194E-01
1.0675150E-07,-1.4927194E-01
1.0680150E-07,-1.4927194E-01
1.0685150E-07,-1.4921923E-01
1.0690150E-07,-1.4921923E-01
1.0695150E-07,-1.4921923E-01
1.0700150E-07,-1.4921923E-01
1.0705150E-07,-1.4921923E-01
1.0710150E-07,-1.4921923E-01
1.0715150E-07,-1.4921923E-01
1.0720150E-07,-1.4921923E-01
1.0725150E-07,-1.4927194E-01
1.0730150E-07,-1.4927194E-01
1.0735150E-07,-1.4927194E-01
1.0740150E-07,-1.4932464E-01
1.0745150E-07,-1.4932464E-01
1.0750150E-07,-1.4932464E-01
1.0755150E-07,-1.4937735E-01
1.0760150E-07,-1.4937735E-01
1.0765150E-07,-1.4943006E-01
1.0770150E-07,-1.4943006E-01
1.0775150E-07,-1.4948277E-01
1.0780150E-07,-1.4948277E-01
1.0785150E-07,-1.4953548E-01
1.0790150E-07,-1.4953548E-01
1.0795150E-07,-1.4958819E-01
1.0800150E-07,-1.4958819E-01
1.0805150E-07,-1.4958819E-01
1.0810150E-07,-1.4964090E-01
1.0815150E-07,-1.4964090E-01
1.0820150E-07,-1.4964090E-01
1.0825150E-07,-1.4958819E-01
1.0830150E-07,-1.4958819E-01
1.0835150E-07,-1.4958819E-01
1.0840150E-07,-1.4958819E-01
1.0845150E-07,-1.4953548E-01
1.0850150E-07,-1.4948277E-01
1.0855150E-07,-1.4948277E-01
1.0860150E-07,-1.4943006E-01
1.0865150E-07,-1.4937735E-01
1.0870150E-07,-1.4932464E-01
1.0875150E-07,-1.4927194E-01
1.0880150E-07,-1.4921923E-01
1.0885150E-07,-1.4916652E-01
1.0890150E-07,-1.4911381E-01
1.0895150E-07,-1.4906110E-01
1.0900150E-07,-1.4900839E-01
1.0905150E-07,-1.4895568E-01
1.0910150E-07,-1.4890297E-01
1.0915150E-07,-1.4885026E-01
1.0920150E-07,-1.4885026E-01
1.0925150E-07,-1.4879755E-01
1.0930150E-07,-1.4879755E-01
1.0935150E-07,-1.4879755E-01
1.0940150E-07,-1.4879755E-01
1.0945150E-07,-1.4879755E-01
1.0950150E-07,-1.4879755E-01
1.0955150E-07,-1.4879755E-01
1.0960150E-07,-1.4885026E-01
1.0965150E-07,-1.4885026E-01
1.0970150E-07,-1.4890297E-01
1.0975150E-07,-1.4895568E-01
1.0980150E-07,-1.4895568E-01
1.0985150E-07,-1.4900839E-01
1.0990150E-07,-1.4906110E-01
1.0995150E-07,-1.4911381E-01
1.1000150E-07,-1.4916652E-01
1.1005150E-07,-1.4921923E-01
1.1010150E-07,-1.4927194E-01
1.1015150E-07,-1.4932464E-01
1.1020150E-07,-1.4937735E-01
1.1025150E-07,-1.4943006E-01
1.1030150E-07,-1.4943006E-01
1.1035150E-07,-1.4948277E-01
1.1040150E-07,-1.4948277E-01
1.1045150E-07,-1.4948277E-01
1.1050150E-07,-1.4948277E-01
1.1055150E-07,-1.4948277E-01
1.1060150E-07,-1.4948277E-01
1.1065150E-07,-1.4943006E-01
1.1070150E-07,-1.4943006E-01
1.1075150E-07,-1.4937735E-01
1.1080150E-07,-1.4932464E-01
1.1085150E-07,-1.4927194E-01
1.1090150E-07,-1.4921923E-01
1.1095150E-07,-1.4916652E-01
1.1100150E-07,-1.4911381E-01
1.1105150E-07,-1.4906110E-01
1.1110150E-07,-1.4900839E-01
1.1115150E-07,-1.4895568E-01
1.1120150E-07,-1.4885026E-01
1.1125150E-07,-1.4879755E-01
1.1130150E-07,-1.4874485E-01
1.1135150E-07,-1.4874485E-01
1.1140150E-07,-1.4869214E-01
1.1145150E-07,-1.4863943E-01
1.1150150E-07,-1.4863943E-01
1.1155150E-07,-1.4858672E-01
1.1160150E-07,-1.4858672E-01
1.1165150E-07,-1.4858672E-01
1.1170150E-07,-1.4858672E-01
1.1175150E-07,-1.4858672E-01
1.1180150E-07,-1.4863943E-01
1.1185150E-07,-1.4863943E-01
1.1190150E-07,-1.4869214E-01
1.1195150E-07,-1.4874485E-01
1.1200150E-07,-1.4879755E-01
1.1205150E-07,-1.4885026E-01
1.1210150E-07,-1.4890297E-01
1.1215150E-07,-1.4895568E-01
1.1220150E-07,-1.4900839E-01
1.1225150E-07,-1.4906110E-01
1.1230150E-07,-1.4911381E-01
1.1235150E-07,-1.4916652E-01
1.1240150E-07,-1.4921923E-01
1.1245150E-07,-1.4927194E-01
1.1250150E-07,-1.4927194E-01
1.1255150E-07,-1.4932464E-01
1.1260150E-07,-1.4937735E-01
1.1265150E-07,-1.4937735E-01
1.1270150E-07,-1.4937735E-01
1.1275150E-07,-1.4937735E-01
1.1280150E-07,-1.4937735E-01
1.1285150E-07,-1.4937735E-01
1.1290150E-07,-1.4937735E-01
1.1295150E-07,-1.4937735E-01
1.1300150E-07,-1.4932464E-01
1.1305150E-07,-1.4927194E-01
1.1310150E-07,-1.4927194E-01
1.1315150E-07,-1.4921923E-01
1.1320150E-07,-1.4916652E-01
1.1325150E-07,-1.4911381E-01
1.1330150E-07,-1.4906110E-01
1.1335150E-07,-1.4906110E-01
1.1340150E-07,-1.4900839E-01
1.1345150E-07,-1.4895568E-01
1.1350150E-07,-1.4890297E-01
1.1355150E-07,-1.4885026E-01
1.1360150E-07,-1.4885026E-01
1.1365150E-07,-1.4879755E-01
1.1370150E-07,-1.4879755E-01
1.1375150E-07,-1.4879755E-01
1.1380150E-07,-1.4879755E-01
1.1385150E-07,-1.4879755E-01
1.1390150E-07,-1.4879755E-01
1.1395150E-07,-1.4879755E-01
1.1400150E-07,-1.4879755E-01
1.1405150E-07,-1.4885026E-01
1.1410150E-07,-1.4885026E-01
1.1415150E-07,-1.4890297E-01
1.1420150E-07,-1.4890297E-01
1.1425150E-07,-1.4895568E-01
1.1430150E-07,-1.4900839E-01
1.1435150E-07,-1.4900839E-01
1.1440150E-07,-1.4906110E-01
1.1445150E-07,-1.4911381E-01
1.1450150E-07,-1.4916652E-01
1.1455150E-07,-1.4916652E-01
1.1460150E-07,-1.4921923E-01
1.1465150E-07,-1.4921923E-01
1.1470150E-07,-1.4927194E-01
1.1475150E-07,-1.4927194E-01
1.1480150E-07,-1.4927194E-01
1.1485150E-07,-1.4927194E-01
1.1490150E-07,-1.4932464E-01
1.1495150E-07,-1.4927194E-01
1.1500150E-07,-1.4927194E-01
1.1505150E-07,-1.4927194E-01
1.1510150E-07,-1.4927194E-01
1.1515150E-07,-1.4921923E-01
1.1520150E-07,-1.4921923E-01
1.1525150E-07,-1.4921923E-01
1.1530150E-07,-1.4916652E-01
1.1535150E-07,-1.4916652E-01
1.1540150E-07,-1.4911381E-01
1.1545150E-07,-1.4906110E-01
1.1550150E-07,-1.4906110E-01
1.1555150E-07,-1.4906110E-01
1.1560150E-07,-1.4900839E-01
1.1565150E-07,-1.4900839E-01
1.1570150E-07,-1.4900839E-01
1.1575150E-07,-1.4900839E-01
1.1580150E-07,-1.4895568E-01
1.1585150E-07,-1.4900839E-01
1.1590150E-07,-1.4900839E-01
1.1595150E-07,-1.4900839E-01
1.1600150E-07,-1.4900839E-01
1.1605150E-07,-1.4906110E-01
1.1610150E-07,-1.4906110E-01
1.1615150E-07,-1.4911381E-01
1.1620150E-07,-1.4916652E-01
1.1625150E-07,-1.4921923E-01
1.1630150E-07,-1.4921923E-01
1.1635150E-07,-1.4927194E-01
1.1640150E-07,-1.4932464E-01
1.1645150E-07,-1.4937735E-01
1.1650150E-07,-1.4943006E-01
1.1655150E-07,-1.4948277E-01
1.1660150E-07,-1.4953548E-01
1.1665150E-07,-1.4958819E-01
1.1670150E-07,-1.4964090E-01
1.1675150E-07,-1.4969361E-01
1.1680150E-07,-1.4969361E-01
1.1685150E-07,-1.4974632E-01
1.1690150E-07,-1.4974632E-01
1.1695150E-07,-1.4979903E-01
1.1700150E-07,-1.4979903E-01
1.1705150E-07,-1.4985173E-01
1.1710150E-07,-1.4985173E-01
1.1715150E-07,-1.4985173E-01
1.1720150E-07,-1.4985173E-01
1.1725150E-07,-1.4985173E-01
1.1730150E-07,-1.4979903E-01
1.1735150E-07,-1.4979903E-01
1.1740150E-07,-1.4979903E-01
1.1745150E-07,-1.4979903E-01
1.1750150E-07,-1.4974632E-01
1.1755150E-07,-1.4974632E-01
1.1760150E-07,-1.4969361E-01
1.1765150E-07,-1.4969361E-01
1.1770150E-07,-1.4964090E-01
1.1775150E-07,-1.4964090E-01
1.1780150E-07,-1.4958819E-01
1.1785150E-07,-1.4958819E-01
1.1790150E-07,-1.4953548E-01
1.1795150E-07,-1.4953548E-01
1.1800150E-07,-1.4948277E-01
1.1805150E-07,-1.4948277E-01
1.1810150E-07,-1.4948277E-01
1.1815150E-07,-1.4943006E-01
1.1820150E-07,-1.4943006E-01
1.1825150E-07,-1.4943006E-01
1.1830150E-07,-1.4937735E-01
1.1835150E-07,-1.4937735E-01
1.1840150E-07,-1.4937735E-01
1.1845150E-07,-1.4937735E-01
1.1850150E-07,-1.4937735E-01
1.1855150E-07,-1.4932464E-01
1.1860150E-07,-1.4932464E-01
1.1865150E-07,-1.4932464E-01
1.1870150E-07,-1.4932464E-01
1.1875150E-07,-1.4927194E-01
1.1880150E-07,-1.4927194E-01
1.1885150E-07,-1.4927194E-01
1.1890150E-07,-1.4921923E-01
1.1895150E-07,-1.4921923E-01
1.1900150E-07,-1.4916652E-01
1.1905150E-07,-1.4916652E-01
1.1910150E-07,-1.4911381E-01
1.1915150E-07,-1.4911381E-01
1.1920150E-07,-1.4906110E-01
1.1925150E-07,-1.4900839E-01
1.1930150E-07,-1.4900839E-01
1.1935150E-07,-1.4895568E-01
1.1940150E-07,-1.4895568E-01
1.1945150E-07,-1.4890297E-01
1.1950150E-07,-1.4885026E-01
1.1955150E-07,-1.4885026E-01
1.1960150E-07,-1.4879755E-01
1.1965150E-07,-1.4879755E-01
1.1970150E-07,-1.4874485E-01
1.1975150E-07,-1.4874485E-01
1.1980150E-07,-1.4869214E-01
1.1985150E-07,-1.4869214E-01
1.1990150E-07,-1.4863943E-01
1.1995150E-07,-1.4863943E-01
1.2000150E-07,-1.4863943E-01
1.2005150E-07,-1.4858672E-01
1.2010150E-07,-1.4858672E-01
1.2015150E-07,-1.4858672E-01
1.2020150E-07,-1.4858672E-01
1.2025150E-07,-1.4858672E-01
1.2030150E-07,-1.4858672E-01
1.2035150E-07,-1.4858672E-01
1.2040150E-07,-1.4858672E-01
1.2045150E-07,-1.4858672E-01
1.2050150E-07,-1.4863943E-01
1.2055150E-07,-1.4863943E-01
1.2060150E-07,-1.4863943E-01
1.2065150E-07,-1.4863943E-01
1.2070150E-07,-1.4863943E-01
1.2075150E-07,-1.4869214E-01
1.2080150E-07,-1.4869214E-01
1.2085150E-07,-1.4869214E-01
1.2090150E-07,-1.4874485E-01
1.2095150E-07,-1.4874485E-01
1.2100150E-07,-1.4874485E-01
1.2105150E-07,-1.4879755E-01
1.2110150E-07,-1.4879755E-01
1.2115150E-07,-1.4879755E-01
1.2120150E-07,-1.4885026E-01
1.2125150E-07,-1.4885026E-01
1.2130150E-07,-1.4890297E-01
1.2135150E-07,-1.4890297E-01
1.2140150E-07,-1.4895568E-01
1.2145150E-07,-1.4895568E-01
1.2150150E-07,-1.4900839E-01
1.2155150E-07,-1.4900839E-01
1.2160150E-07,-1.4906110E-01
1.2165150E-07,-1.4906110E-01
1.2170150E-07,-1.4911381E-01
1.2175150E-07,-1.4916652E-01
1.2180150E-07,-1.4916652E-01
1.2185150E-07,-1.4921923E-01
1.2190150E-07,-1.4927194E-01
1.2195150E-07,-1.4927194E-01
1.2200150E-07,-1.4932464E-01
1.2205150E-07,-1.4937735E-01
1.2210150E-07,-1.4943006E-01
1.2215150E-07,-1.4943006E-01
1.2220150E-07,-1.4948277E-01
1.2225150E-07,-1.4948277E-01
1.2230150E-07,-1.4953548E-01
1.2235150E-07,-1.4958819E-01
1.2240150E-07,-1.4958819E-01
1.2245150E-07,-1.4964090E-01
1.2250150E-07,-1.4964090E-01
1.2255150E-07,-1.4964090E-01
1.2260150E-07,-1.4964090E-01
1.2265150E-07,-1.4969361E-01
1.2270150E-07,-1.4969361E-01
1.2275150E-07,-1.4969361E-01
1.2280150E-07,-1.4969361E-01
1.2285150E-07,-1.4969361E-01
1.2290150E-07,-1.4969361E-01
1.2295150E-07,-1.4969361E-01
1.2300150E-07,-1.4964090E-01
1.2305150E-07,-1.4964090E-01
1.2310150E-07,-1.4964090E-01
1.2315150E-07,-1.4958819E-01
1.2320150E-07,-1.4958819E-01
1.2325150E-07,-1.4958819E-01
1.2330150E-07,-1.4953548E-01
1.2335150E-07,-1.4953548E-01
1.2340150E-07,-1.4953548E-01
1.2345150E-07,-1.4953548E-01
1.2350150E-07,-1.4948277E-01
1.2355150E-07,-1.4948277E-01
1.2360150E-07,-1.4948277E-01
1.2365150E-07,-1.4948277E-01
1.2370150E-07,-1.4948277E-01
1.2375150E-07,-1.4948277E-01
1.2380150E-07,-1.4948277E-01
1.2385150E-07,-1.4948277E-01
1.2390150E-07,-1.4948277E-01
1.2395150E-07,-1.4948277E-01
1.2400150E-07,-1.4948277E-01
1.2405150E-07,-1.4948277E-01
1.2410150E-07,-1.4948277E-01
1.2415150E-07,-1.4948277E-01
1.2420150E-07,-1.4948277E-01
1.2425150E-07,-1.4948277E-01
1.2430150E-07,-1.4948277E-01
1.2435150E-07,-1.4943006E-01
1.2440150E-07,-1.4943006E-01
1.2445150E-07,-1.4943006E-01
1.2450150E-07,-1.4943006E-01
1.2455150E-07,-1.4937735E-01
1.2460150E-07,-1.4932464E-01
1.2465150E-07,-1.4932464E-01
1.2470150E-07,-1.4927194E-01
1.2475150E-07,-1.4921923E-01
1.2480150E-07,-1.4916652E-01
1.2485150E-07,-1.4911381E-01
1.2490150E-07,-1.4906110E-01
1.2495150E-07,-1.4900839E-01
1.2500150E-07,-1.4895568E-01
1.2505150E-07,-1.4885026E-01
1.2510150E-07,-1.4879755E-01
1.2515150E-07,-1.4874485E-01
1.2520150E-07,-1.4863943E-01
1.2525150E-07,-1.4858672E-01
1.2530150E-07,-1.4853401E-01
1.2535150E-07,-1.4842859E-01
1.2540150E-07,-1.4837588E-01
1.2545150E-07,-1.4832317E-01
1.2550150E-07,-1.4827046E-01
1.2555150E-07,-1.4821776E-01
1.2560150E-07,-1.4816505E-01
1.2565150E-07,-1.4816505E-01
1.2570150E-07,-1.4811234E-01
1.2575150E-07,-1.4811234E-01
1.2580150E-07,-1.4811234E-01
1.2585150E-07,-1.4811234E-01
1.2590150E-07,-1.4811234E-01
1.2595150E-07,-1.4811234E-01
1.2600150E-07,-1.4816505E-01
1.2605150E-07,-1.4821776E-01
1.2610150E-07,-1.4821776E-01
1.2615150E-07,-1.4827046E-01
1.2620150E-07,-1.4832317E-01
1.2625150E-07,-1.4837588E-01
1.2630150E-07,-1.4848130E-01
1.2635150E-07,-1.4853401E-01
1.2640150E-07,-1.4858672E-01
1.2645150E-07,-1.4863943E-01
1.2650150E-07,-1.4874485E-01
1.2655150E-07,-1.4879755E-01
1.2660150E-07,-1.4885026E-01
1.2665150E-07,-1.4895568E-01
1.2670150E-07,-1.4900839E-01
1.2675150E-07,-1.4906110E-01
1.2680150E-07,-1.4911381E-01
1.2685150E-07,-1.4916652E-01
1.2690150E-07,-1.4921923E-01
1.2695150E-07,-1.4921923E-01
1.2700150E-07,-1.4927194E-01
1.2705150E-07,-1.4927194E-01
1.2710150E-07,-1.4932464E-01
1.2715150E-07,-1.4932464E-01
1.2720150E-07,-1.4932464E-01
1.2725150E-07,-1.4932464E-01
1.2730150E-07,-1.4932464E-01
1.2735150E-07,-1.4927194E-01
1.2740150E-07,-1.4927194E-01
1.2745150E-07,-1.4927194E-01
1.2750150E-07,-1.4921923E-01
1.2755150E-07,-1.4921923E-01
1.2760150E-07,-1.4916652E-01
1.2765150E-07,-1.4911381E-01
1.2770150E-07,-1.4911381E-01
1.2775150E-07,-1.4906110E-01
1.2780150E-07,-1.4906110E-01
1.2785150E-07,-1.4900839E-01
1.2790150E-07,-1.4900839E-01
1.2795150E-07,-1.4895568E-01
1.2800150E-07,-1.4895568E-01
1.2805150E-07,-1.4895568E-01
1.2810150E-07,-1.4890297E-01
1.2815150E-07,-1.4890297E-01
1.2820150E-07,-1.4890297E-01
1.2825150E-07,-1.4890297E-01
1.2830150E-07,-1.4890297E-01
1.2835150E-07,-1.4890297E-01
1.2840150E-07,-1.4890297E-01
1.2845150E-07,-1.4895568E-01
1.2850150E-07,-1.4895568E-01
1.2855150E-07,-1.4895568E-01
1.2860150E-07,-1.4900839E-01
1.2865150E-07,-1.4900839E-01
1.2870150E-07,-1.4906110E-01
