-7.138831E-08,-1.4943006E-01
-7.133831E-08,-1.4943006E-01
-7.128831E-08,-1.4943006E-01
-7.123831E-08,-1.4948277E-01
-7.118831E-08,-1.4948277E-01
-7.113831E-08,-1.4948277E-01
-7.108831E-08,-1.4948277E-01
-7.103831E-08,-1.4948277E-01
-7.098831E-08,-1.4948277E-01
-7.093831E-08,-1.4948277E-01
-7.088831E-08,-1.4948277E-01
-7.083831E-08,-1.4948277E-01
-7.078831E-08,-1.4948277E-01
-7.073831E-08,-1.4948277E-01
-7.068831E-08,-1.4948277E-01
-7.063831E-08,-1.4943006E-01
-7.058831E-08,-1.4943006E-01
-7.053831E-08,-1.4937735E-01
-7.048831E-08,-1.4937735E-01
-7.043831E-08,-1.4932464E-01
-7.038831E-08,-1.4932464E-01
-7.033831E-08,-1.4927194E-01
-7.028831E-08,-1.4921923E-01
-7.023831E-08,-1.4916652E-01
-7.018831E-08,-1.4911381E-01
-7.013831E-08,-1.4911381E-01
-7.008831E-08,-1.4906110E-01
-7.003831E-08,-1.4900839E-01
-6.998831E-08,-1.4895568E-01
-6.993831E-08,-1.4890297E-01
-6.988831E-08,-1.4885026E-01
-6.983831E-08,-1.4879755E-01
-6.978831E-08,-1.4879755E-01
-6.973831E-08,-1.4874485E-01
-6.968831E-08,-1.4869214E-01
-6.963831E-08,-1.4869214E-01
-6.958831E-08,-1.4863943E-01
-6.953831E-08,-1.4863943E-01
-6.948831E-08,-1.4863943E-01
-6.943831E-08,-1.4858672E-01
-6.938831E-08,-1.4858672E-01
-6.933831E-08,-1.4858672E-01
-6.928831E-08,-1.4858672E-01
-6.923831E-08,-1.4858672E-01
-6.918831E-08,-1.4858672E-01
-6.913831E-08,-1.4863943E-01
-6.908831E-08,-1.4863943E-01
-6.903831E-08,-1.4863943E-01
-6.898831E-08,-1.4869214E-01
-6.893831E-08,-1.4869214E-01
-6.888831E-08,-1.4869214E-01
-6.883831E-08,-1.4874485E-01
-6.878831E-08,-1.4879755E-01
-6.873831E-08,-1.4879755E-01
-6.868831E-08,-1.4885026E-01
-6.863831E-08,-1.4885026E-01
-6.858831E-08,-1.4890297E-01
-6.853831E-08,-1.4890297E-01
-6.848831E-08,-1.4890297E-01
-6.843831E-08,-1.4895568E-01
-6.838831E-08,-1.4895568E-01
-6.833831E-08,-1.4895568E-01
-6.828831E-08,-1.4900839E-01
-6.823831E-08,-1.4900839E-01
-6.818831E-08,-1.4900839E-01
-6.813831E-08,-1.4900839E-01
-6.808831E-08,-1.4900839E-01
-6.803831E-08,-1.4895568E-01
-6.798831E-08,-1.4895568E-01
-6.793831E-08,-1.4895568E-01
-6.788831E-08,-1.4890297E-01
-6.783831E-08,-1.4890297E-01
-6.778831E-08,-1.4885026E-01
-6.773831E-08,-1.4879755E-01
-6.768831E-08,-1.4879755E-01
-6.763831E-08,-1.4874485E-01
-6.758831E-08,-1.4869214E-01
-6.753831E-08,-1.4863943E-01
-6.748831E-08,-1.4863943E-01
-6.743831E-08,-1.4858672E-01
-6.738831E-08,-1.4853401E-01
-6.733831E-08,-1.4848130E-01
-6.728831E-08,-1.4848130E-01
-6.723831E-08,-1.4842859E-01
-6.718831E-08,-1.4837588E-01
-6.713831E-08,-1.4837588E-01
-6.708831E-08,-1.4832317E-01
-6.703831E-08,-1.4832317E-01
-6.698831E-08,-1.4832317E-01
-6.693831E-08,-1.4832317E-01
-6.688831E-08,-1.4827046E-01
-6.683831E-08,-1.4827046E-01
-6.678831E-08,-1.4827046E-01
-6.673831E-08,-1.4832317E-01
-6.668831E-08,-1.4832317E-01
-6.663831E-08,-1.4832317E-01
-6.658831E-08,-1.4832317E-01
-6.653831E-08,-1.4837588E-01
-6.648831E-08,-1.4837588E-01
-6.643831E-08,-1.4842859E-01
-6.638831E-08,-1.4842859E-01
-6.633831E-08,-1.4848130E-01
-6.628831E-08,-1.4848130E-01
-6.623831E-08,-1.4853401E-01
-6.618831E-08,-1.4853401E-01
-6.613831E-08,-1.4858672E-01
-6.608831E-08,-1.4858672E-01
-6.603831E-08,-1.4863943E-01
-6.598831E-08,-1.4863943E-01
-6.593831E-08,-1.4863943E-01
-6.588831E-08,-1.4863943E-01
-6.583831E-08,-1.4869214E-01
-6.578831E-08,-1.4869214E-01
-6.573831E-08,-1.4869214E-01
-6.568831E-08,-1.4869214E-01
-6.563831E-08,-1.4863943E-01
-6.558831E-08,-1.4863943E-01
-6.553831E-08,-1.4863943E-01
-6.548831E-08,-1.4858672E-01
-6.543831E-08,-1.4858672E-01
-6.538831E-08,-1.4853401E-01
-6.533831E-08,-1.4853401E-01
-6.528831E-08,-1.4848130E-01
-6.523831E-08,-1.4848130E-01
-6.518831E-08,-1.4842859E-01
-6.513831E-08,-1.4837588E-01
-6.508831E-08,-1.4837588E-01
-6.503831E-08,-1.4832317E-01
-6.498831E-08,-1.4832317E-01
-6.493831E-08,-1.4827046E-01
-6.488831E-08,-1.4827046E-01
-6.483831E-08,-1.4827046E-01
-6.478831E-08,-1.4827046E-01
-6.473831E-08,-1.4827046E-01
-6.468831E-08,-1.4827046E-01
-6.463831E-08,-1.4827046E-01
-6.458831E-08,-1.4827046E-01
-6.453831E-08,-1.4827046E-01
-6.448831E-08,-1.4832317E-01
-6.443831E-08,-1.4837588E-01
-6.438831E-08,-1.4837588E-01
-6.433831E-08,-1.4842859E-01
-6.428831E-08,-1.4848130E-01
-6.423831E-08,-1.4853401E-01
-6.418831E-08,-1.4858672E-01
-6.413831E-08,-1.4863943E-01
-6.408831E-08,-1.4869214E-01
-6.403831E-08,-1.4879755E-01
-6.398831E-08,-1.4885026E-01
-6.393831E-08,-1.4890297E-01
-6.388831E-08,-1.4900839E-01
-6.383831E-08,-1.4906110E-01
-6.378831E-08,-1.4911381E-01
-6.373831E-08,-1.4916652E-01
-6.368831E-08,-1.4921923E-01
-6.363831E-08,-1.4927194E-01
-6.358831E-08,-1.4932464E-01
-6.353831E-08,-1.4937735E-01
-6.348831E-08,-1.4943006E-01
-6.343831E-08,-1.4948277E-01
-6.338831E-08,-1.4948277E-01
-6.333831E-08,-1.4953548E-01
-6.328831E-08,-1.4953548E-01
-6.323831E-08,-1.4953548E-01
-6.318831E-08,-1.4953548E-01
-6.313831E-08,-1.4958819E-01
-6.308831E-08,-1.4958819E-01
-6.303831E-08,-1.4953548E-01
-6.298831E-08,-1.4953548E-01
-6.293831E-08,-1.4953548E-01
-6.288831E-08,-1.4953548E-01
-6.283831E-08,-1.4953548E-01
-6.278831E-08,-1.4948277E-01
-6.273831E-08,-1.4948277E-01
-6.268831E-08,-1.4943006E-01
-6.263831E-08,-1.4943006E-01
-6.258831E-08,-1.4943006E-01
-6.253831E-08,-1.4937735E-01
-6.248831E-08,-1.4937735E-01
-6.243831E-08,-1.4932464E-01
-6.238831E-08,-1.4932464E-01
-6.233831E-08,-1.4932464E-01
-6.228831E-08,-1.4927194E-01
-6.223831E-08,-1.4927194E-01
-6.218831E-08,-1.4927194E-01
-6.213831E-08,-1.4921923E-01
-6.208831E-08,-1.4921923E-01
-6.203831E-08,-1.4921923E-01
-6.198831E-08,-1.4921923E-01
-6.193831E-08,-1.4921923E-01
-6.188831E-08,-1.4916652E-01
-6.183831E-08,-1.4916652E-01
-6.178831E-08,-1.4916652E-01
-6.173831E-08,-1.4916652E-01
-6.168831E-08,-1.4916652E-01
-6.163831E-08,-1.4916652E-01
-6.158831E-08,-1.4911381E-01
-6.153831E-08,-1.4911381E-01
-6.148831E-08,-1.4911381E-01
-6.143831E-08,-1.4911381E-01
-6.138831E-08,-1.4911381E-01
-6.133831E-08,-1.4906110E-01
-6.128831E-08,-1.4906110E-01
-6.123831E-08,-1.4906110E-01
-6.118831E-08,-1.4906110E-01
-6.113831E-08,-1.4906110E-01
-6.108831E-08,-1.4900839E-01
-6.103831E-08,-1.4900839E-01
-6.098831E-08,-1.4900839E-01
-6.093831E-08,-1.4900839E-01
-6.088831E-08,-1.4895568E-01
-6.083831E-08,-1.4895568E-01
-6.078831E-08,-1.4895568E-01
-6.073831E-08,-1.4895568E-01
-6.068831E-08,-1.4895568E-01
-6.063831E-08,-1.4895568E-01
-6.058831E-08,-1.4890297E-01
-6.053831E-08,-1.4890297E-01
-6.048831E-08,-1.4890297E-01
-6.043831E-08,-1.4890297E-01
-6.038831E-08,-1.4890297E-01
-6.033831E-08,-1.4890297E-01
-6.028831E-08,-1.4890297E-01
-6.023831E-08,-1.4890297E-01
-6.018831E-08,-1.4890297E-01
-6.013831E-08,-1.4890297E-01
-6.008831E-08,-1.4890297E-01
-6.003831E-08,-1.4890297E-01
-5.998831E-08,-1.4890297E-01
-5.993831E-08,-1.4890297E-01
-5.988831E-08,-1.4890297E-01
-5.983831E-08,-1.4885026E-01
-5.978831E-08,-1.4885026E-01
-5.973831E-08,-1.4885026E-01
-5.968831E-08,-1.4885026E-01
-5.963831E-08,-1.4879755E-01
-5.958831E-08,-1.4879755E-01
-5.953831E-08,-1.4874485E-01
-5.948831E-08,-1.4874485E-01
-5.943831E-08,-1.4869214E-01
-5.938831E-08,-1.4869214E-01
-5.933831E-08,-1.4863943E-01
-5.928831E-08,-1.4863943E-01
-5.923831E-08,-1.4858672E-01
-5.918831E-08,-1.4858672E-01
-5.913831E-08,-1.4858672E-01
-5.908831E-08,-1.4853401E-01
-5.903831E-08,-1.4853401E-01
-5.898831E-08,-1.4853401E-01
-5.893831E-08,-1.4853401E-01
-5.888831E-08,-1.4853401E-01
-5.883831E-08,-1.4853401E-01
-5.878831E-08,-1.4853401E-01
-5.873831E-08,-1.4853401E-01
-5.868831E-08,-1.4858672E-01
-5.863831E-08,-1.4858672E-01
-5.858831E-08,-1.4863943E-01
-5.853831E-08,-1.4869214E-01
-5.848831E-08,-1.4874485E-01
-5.843831E-08,-1.4879755E-01
-5.838831E-08,-1.4885026E-01
-5.833831E-08,-1.4890297E-01
-5.828831E-08,-1.4900839E-01
-5.823831E-08,-1.4906110E-01
-5.818831E-08,-1.4916652E-01
-5.813831E-08,-1.4921923E-01
-5.808831E-08,-1.4932464E-01
-5.803831E-08,-1.4943006E-01
-5.798831E-08,-1.4948277E-01
-5.793831E-08,-1.4958819E-01
-5.788831E-08,-1.4964090E-01
-5.783831E-08,-1.4974632E-01
-5.778831E-08,-1.4979903E-01
-5.773831E-08,-1.4985173E-01
-5.768831E-08,-1.4990444E-01
-5.763831E-08,-1.4995715E-01
-5.758831E-08,-1.5000986E-01
-5.753831E-08,-1.5006257E-01
-5.748831E-08,-1.5006257E-01
-5.743831E-08,-1.5006257E-01
-5.738831E-08,-1.5006257E-01
-5.733831E-08,-1.5006257E-01
-5.728831E-08,-1.5006257E-01
-5.723831E-08,-1.5006257E-01
-5.718831E-08,-1.5000986E-01
-5.713831E-08,-1.4995715E-01
-5.708831E-08,-1.4990444E-01
-5.703831E-08,-1.4985173E-01
-5.698831E-08,-1.4979903E-01
-5.693831E-08,-1.4974632E-01
-5.688831E-08,-1.4964090E-01
-5.683831E-08,-1.4958819E-01
-5.678831E-08,-1.4953548E-01
-5.673831E-08,-1.4943006E-01
-5.668831E-08,-1.4937735E-01
-5.663831E-08,-1.4932464E-01
-5.658831E-08,-1.4921923E-01
-5.653831E-08,-1.4916652E-01
-5.648831E-08,-1.4911381E-01
-5.643831E-08,-1.4906110E-01
-5.638831E-08,-1.4900839E-01
-5.633831E-08,-1.4895568E-01
-5.628831E-08,-1.4895568E-01
-5.623831E-08,-1.4890297E-01
-5.618831E-08,-1.4890297E-01
-5.613831E-08,-1.4890297E-01
-5.608831E-08,-1.4890297E-01
-5.603831E-08,-1.4890297E-01
-5.598831E-08,-1.4890297E-01
-5.593831E-08,-1.4890297E-01
-5.588831E-08,-1.4890297E-01
-5.583831E-08,-1.4895568E-01
-5.578831E-08,-1.4895568E-01
-5.573831E-08,-1.4900839E-01
-5.568831E-08,-1.4906110E-01
-5.563831E-08,-1.4906110E-01
-5.558831E-08,-1.4911381E-01
-5.553831E-08,-1.4916652E-01
-5.548831E-08,-1.4916652E-01
-5.543831E-08,-1.4921923E-01
-5.538831E-08,-1.4927194E-01
-5.533831E-08,-1.4927194E-01
-5.528831E-08,-1.4932464E-01
-5.523831E-08,-1.4932464E-01
-5.518831E-08,-1.4932464E-01
-5.513831E-08,-1.4937735E-01
-5.508831E-08,-1.4937735E-01
-5.503831E-08,-1.4937735E-01
-5.498831E-08,-1.4937735E-01
-5.493831E-08,-1.4937735E-01
-5.488831E-08,-1.4937735E-01
-5.483831E-08,-1.4937735E-01
-5.478831E-08,-1.4937735E-01
-5.473831E-08,-1.4937735E-01
-5.468831E-08,-1.4937735E-01
-5.463831E-08,-1.4932464E-01
-5.458831E-08,-1.4932464E-01
-5.453831E-08,-1.4932464E-01
-5.448831E-08,-1.4932464E-01
-5.443831E-08,-1.4932464E-01
-5.438831E-08,-1.4932464E-01
-5.433831E-08,-1.4932464E-01
-5.428831E-08,-1.4932464E-01
-5.423831E-08,-1.4932464E-01
-5.418831E-08,-1.4932464E-01
-5.413831E-08,-1.4937735E-01
-5.408831E-08,-1.4937735E-01
-5.403831E-08,-1.4937735E-01
-5.398831E-08,-1.4943006E-01
-5.393831E-08,-1.4943006E-01
-5.388831E-08,-1.4948277E-01
-5.383831E-08,-1.4948277E-01
-5.378831E-08,-1.4953548E-01
-5.373831E-08,-1.4953548E-01
-5.368831E-08,-1.4958819E-01
-5.363831E-08,-1.4958819E-01
-5.358831E-08,-1.4964090E-01
-5.353831E-08,-1.4969361E-01
-5.348831E-08,-1.4969361E-01
-5.343831E-08,-1.4974632E-01
-5.338831E-08,-1.4974632E-01
-5.333831E-08,-1.4974632E-01
-5.328831E-08,-1.4979903E-01
-5.323831E-08,-1.4979903E-01
-5.318831E-08,-1.4979903E-01
-5.313831E-08,-1.4979903E-01
-5.308831E-08,-1.4979903E-01
-5.303831E-08,-1.4985173E-01
-5.298831E-08,-1.4985173E-01
-5.293831E-08,-1.4985173E-01
-5.288831E-08,-1.4979903E-01
-5.283831E-08,-1.4979903E-01
-5.278831E-08,-1.4979903E-01
-5.273831E-08,-1.4979903E-01
-5.268831E-08,-1.4979903E-01
-5.263831E-08,-1.4979903E-01
-5.258831E-08,-1.4979903E-01
-5.253831E-08,-1.4979903E-01
-5.248831E-08,-1.4979903E-01
-5.243831E-08,-1.4979903E-01
-5.238831E-08,-1.4979903E-01
-5.233831E-08,-1.4979903E-01
-5.228831E-08,-1.4979903E-01
-5.223831E-08,-1.4979903E-01
-5.218831E-08,-1.4985173E-01
-5.213831E-08,-1.4985173E-01
-5.208831E-08,-1.4985173E-01
-5.203831E-08,-1.4985173E-01
-5.198831E-08,-1.4990444E-01
-5.193831E-08,-1.4990444E-01
-5.188831E-08,-1.4990444E-01
-5.183831E-08,-1.4990444E-01
-5.178831E-08,-1.4990444E-01
-5.173831E-08,-1.4990444E-01
-5.168831E-08,-1.4990444E-01
-5.163831E-08,-1.4990444E-01
-5.158831E-08,-1.4990444E-01
-5.153831E-08,-1.4990444E-01
-5.148831E-08,-1.4985173E-01
-5.143831E-08,-1.4985173E-01
-5.138831E-08,-1.4979903E-01
-5.133831E-08,-1.4979903E-01
-5.128831E-08,-1.4974632E-01
-5.123831E-08,-1.4969361E-01
-5.118831E-08,-1.4964090E-01
-5.113831E-08,-1.4958819E-01
-5.108831E-08,-1.4953548E-01
-5.103831E-08,-1.4948277E-01
-5.098831E-08,-1.4937735E-01
-5.093831E-08,-1.4932464E-01
-5.088831E-08,-1.4927194E-01
-5.083831E-08,-1.4916652E-01
-5.078831E-08,-1.4911381E-01
-5.073831E-08,-1.4906110E-01
-5.068831E-08,-1.4900839E-01
-5.063831E-08,-1.4890297E-01
-5.058831E-08,-1.4885026E-01
-5.053831E-08,-1.4879755E-01
-5.048831E-08,-1.4874485E-01
-5.043831E-08,-1.4874485E-01
-5.038831E-08,-1.4869214E-01
-5.033831E-08,-1.4863943E-01
-5.028831E-08,-1.4863943E-01
-5.023831E-08,-1.4863943E-01
-5.018831E-08,-1.4863943E-01
-5.013831E-08,-1.4863943E-01
-5.008831E-08,-1.4863943E-01
-5.003831E-08,-1.4869214E-01
-4.998831E-08,-1.4869214E-01
-4.993831E-08,-1.4874485E-01
-4.988831E-08,-1.4874485E-01
-4.983831E-08,-1.4879755E-01
-4.978831E-08,-1.4885026E-01
-4.973831E-08,-1.4890297E-01
-4.968831E-08,-1.4895568E-01
-4.963831E-08,-1.4895568E-01
-4.958831E-08,-1.4900839E-01
-4.953831E-08,-1.4906110E-01
-4.948831E-08,-1.4911381E-01
-4.943831E-08,-1.4911381E-01
-4.938831E-08,-1.4916652E-01
-4.933831E-08,-1.4921923E-01
-4.928831E-08,-1.4921923E-01
-4.923831E-08,-1.4921923E-01
-4.918831E-08,-1.4921923E-01
-4.913831E-08,-1.4921923E-01
-4.908831E-08,-1.4921923E-01
-4.903831E-08,-1.4921923E-01
-4.898831E-08,-1.4921923E-01
-4.893831E-08,-1.4916652E-01
-4.888831E-08,-1.4916652E-01
-4.883831E-08,-1.4911381E-01
-4.878831E-08,-1.4911381E-01
-4.873831E-08,-1.4906110E-01
-4.868831E-08,-1.4900839E-01
-4.863831E-08,-1.4900839E-01
-4.858831E-08,-1.4895568E-01
-4.853831E-08,-1.4890297E-01
-4.848831E-08,-1.4890297E-01
-4.843831E-08,-1.4885026E-01
-4.838831E-08,-1.4885026E-01
-4.833831E-08,-1.4879755E-01
-4.828831E-08,-1.4879755E-01
-4.823831E-08,-1.4879755E-01
-4.818831E-08,-1.4874485E-01
-4.813831E-08,-1.4874485E-01
-4.808831E-08,-1.4874485E-01
-4.803831E-08,-1.4879755E-01
-4.798831E-08,-1.4879755E-01
-4.793831E-08,-1.4879755E-01
-4.788831E-08,-1.4885026E-01
-4.783831E-08,-1.4885026E-01
-4.778831E-08,-1.4890297E-01
-4.773831E-08,-1.4890297E-01
-4.768831E-08,-1.4895568E-01
-4.763831E-08,-1.4895568E-01
-4.758831E-08,-1.4900839E-01
-4.753831E-08,-1.4900839E-01
-4.748831E-08,-1.4906110E-01
-4.743831E-08,-1.4906110E-01
-4.738831E-08,-1.4911381E-01
-4.733831E-08,-1.4911381E-01
-4.728831E-08,-1.4911381E-01
-4.723831E-08,-1.4916652E-01
-4.718831E-08,-1.4916652E-01
-4.713831E-08,-1.4916652E-01
-4.708831E-08,-1.4916652E-01
-4.703831E-08,-1.4911381E-01
-4.698831E-08,-1.4911381E-01
-4.693831E-08,-1.4911381E-01
-4.688831E-08,-1.4911381E-01
-4.683831E-08,-1.4906110E-01
-4.678831E-08,-1.4906110E-01
-4.673831E-08,-1.4900839E-01
-4.668831E-08,-1.4900839E-01
-4.663831E-08,-1.4895568E-01
-4.658831E-08,-1.4895568E-01
-4.653831E-08,-1.4895568E-01
-4.648831E-08,-1.4890297E-01
-4.643831E-08,-1.4890297E-01
-4.638831E-08,-1.4890297E-01
-4.633831E-08,-1.4890297E-01
-4.628831E-08,-1.4890297E-01
-4.623831E-08,-1.4890297E-01
-4.618831E-08,-1.4895568E-01
-4.613831E-08,-1.4895568E-01
-4.608831E-08,-1.4895568E-01
-4.603831E-08,-1.4900839E-01
-4.598831E-08,-1.4900839E-01
-4.593831E-08,-1.4906110E-01
-4.588831E-08,-1.4911381E-01
-4.583831E-08,-1.4911381E-01
-4.578831E-08,-1.4916652E-01
-4.573831E-08,-1.4921923E-01
-4.568831E-08,-1.4927194E-01
-4.563831E-08,-1.4927194E-01
-4.558831E-08,-1.4932464E-01
-4.553831E-08,-1.4932464E-01
-4.548831E-08,-1.4937735E-01
-4.543831E-08,-1.4937735E-01
-4.538831E-08,-1.4937735E-01
-4.533831E-08,-1.4937735E-01
-4.528831E-08,-1.4937735E-01
-4.523831E-08,-1.4937735E-01
-4.518831E-08,-1.4932464E-01
-4.513831E-08,-1.4932464E-01
-4.508831E-08,-1.4927194E-01
-4.503831E-08,-1.4921923E-01
-4.498831E-08,-1.4916652E-01
-4.493831E-08,-1.4911381E-01
-4.488831E-08,-1.4900839E-01
-4.483831E-08,-1.4895568E-01
-4.478831E-08,-1.4890297E-01
-4.473831E-08,-1.4879755E-01
-4.468831E-08,-1.4874485E-01
-4.463831E-08,-1.4869214E-01
-4.458831E-08,-1.4858672E-01
-4.453831E-08,-1.4853401E-01
-4.448831E-08,-1.4848130E-01
-4.443831E-08,-1.4842859E-01
-4.438831E-08,-1.4837588E-01
-4.433831E-08,-1.4832317E-01
-4.428831E-08,-1.4832317E-01
-4.423831E-08,-1.4832317E-01
-4.418831E-08,-1.4832317E-01
-4.413831E-08,-1.4832317E-01
-4.408831E-08,-1.4832317E-01
-4.403831E-08,-1.4837588E-01
-4.398831E-08,-1.4842859E-01
-4.393831E-08,-1.4848130E-01
-4.388831E-08,-1.4853401E-01
-4.383831E-08,-1.4858672E-01
-4.378831E-08,-1.4869214E-01
-4.373831E-08,-1.4879755E-01
-4.368831E-08,-1.4885026E-01
-4.363831E-08,-1.4895568E-01
-4.358831E-08,-1.4906110E-01
-4.353831E-08,-1.4916652E-01
-4.348831E-08,-1.4927194E-01
-4.343831E-08,-1.4937735E-01
-4.338831E-08,-1.4948277E-01
-4.333831E-08,-1.4958819E-01
-4.328831E-08,-1.4964090E-01
-4.323831E-08,-1.4974632E-01
-4.318831E-08,-1.4979903E-01
-4.313831E-08,-1.4985173E-01
-4.308831E-08,-1.4990444E-01
-4.303831E-08,-1.4995715E-01
-4.298831E-08,-1.4995715E-01
-4.293831E-08,-1.5000986E-01
-4.288831E-08,-1.5000986E-01
-4.283831E-08,-1.4995715E-01
-4.278831E-08,-1.4995715E-01
-4.273831E-08,-1.4990444E-01
-4.268831E-08,-1.4990444E-01
-4.263831E-08,-1.4985173E-01
-4.258831E-08,-1.4974632E-01
-4.253831E-08,-1.4969361E-01
-4.248831E-08,-1.4964090E-01
-4.243831E-08,-1.4953548E-01
-4.238831E-08,-1.4948277E-01
-4.233831E-08,-1.4943006E-01
-4.228831E-08,-1.4932464E-01
-4.223831E-08,-1.4927194E-01
-4.218831E-08,-1.4916652E-01
-4.213831E-08,-1.4911381E-01
-4.208831E-08,-1.4906110E-01
-4.203831E-08,-1.4900839E-01
-4.198831E-08,-1.4895568E-01
-4.193831E-08,-1.4895568E-01
-4.188831E-08,-1.4890297E-01
-4.183831E-08,-1.4890297E-01
-4.178831E-08,-1.4890297E-01
-4.173831E-08,-1.4890297E-01
-4.168831E-08,-1.4890297E-01
-4.163831E-08,-1.4890297E-01
-4.158831E-08,-1.4895568E-01
-4.153831E-08,-1.4895568E-01
-4.148831E-08,-1.4900839E-01
-4.143831E-08,-1.4906110E-01
-4.138831E-08,-1.4911381E-01
-4.133831E-08,-1.4916652E-01
-4.128831E-08,-1.4921923E-01
-4.123831E-08,-1.4927194E-01
-4.118831E-08,-1.4932464E-01
-4.113831E-08,-1.4937735E-01
-4.108831E-08,-1.4943006E-01
-4.103831E-08,-1.4948277E-01
-4.098831E-08,-1.4953548E-01
-4.093831E-08,-1.4958819E-01
-4.088831E-08,-1.4964090E-01
-4.083831E-08,-1.4969361E-01
-4.078831E-08,-1.4969361E-01
-4.073831E-08,-1.4974632E-01
-4.068831E-08,-1.4974632E-01
-4.063831E-08,-1.4979903E-01
-4.058831E-08,-1.4979903E-01
-4.053831E-08,-1.4979903E-01
-4.048831E-08,-1.4979903E-01
-4.043831E-08,-1.4979903E-01
-4.038831E-08,-1.4979903E-01
-4.033831E-08,-1.4979903E-01
-4.028831E-08,-1.4979903E-01
-4.023831E-08,-1.4979903E-01
-4.018831E-08,-1.4974632E-01
-4.013831E-08,-1.4974632E-01
-4.008831E-08,-1.4974632E-01
-4.003831E-08,-1.4974632E-01
-3.998831E-08,-1.4974632E-01
-3.993831E-08,-1.4969361E-01
-3.988831E-08,-1.4969361E-01
-3.983831E-08,-1.4969361E-01
-3.978831E-08,-1.4969361E-01
-3.973831E-08,-1.4969361E-01
-3.968831E-08,-1.4969361E-01
-3.963831E-08,-1.4969361E-01
-3.958831E-08,-1.4969361E-01
-3.953831E-08,-1.4969361E-01
-3.948831E-08,-1.4969361E-01
-3.943831E-08,-1.4969361E-01
-3.938831E-08,-1.4969361E-01
-3.933831E-08,-1.4969361E-01
-3.928831E-08,-1.4969361E-01
-3.923831E-08,-1.4969361E-01
-3.918831E-08,-1.4969361E-01
-3.913831E-08,-1.4969361E-01
-3.908831E-08,-1.4969361E-01
-3.903831E-08,-1.4964090E-01
-3.898831E-08,-1.4964090E-01
-3.893831E-08,-1.4964090E-01
-3.888831E-08,-1.4964090E-01
-3.883831E-08,-1.4958819E-01
-3.878831E-08,-1.4958819E-01
-3.873831E-08,-1.4958819E-01
-3.868831E-08,-1.4953548E-01
-3.863831E-08,-1.4953548E-01
-3.858831E-08,-1.4953548E-01
-3.853831E-08,-1.4948277E-01
-3.848831E-08,-1.4948277E-01
-3.843831E-08,-1.4943006E-01
-3.838831E-08,-1.4943006E-01
-3.833831E-08,-1.4943006E-01
-3.828831E-08,-1.4937735E-01
-3.823831E-08,-1.4937735E-01
-3.818831E-08,-1.4937735E-01
-3.813831E-08,-1.4937735E-01
-3.808831E-08,-1.4937735E-01
-3.803831E-08,-1.4937735E-01
-3.798831E-08,-1.4937735E-01
-3.793831E-08,-1.4937735E-01
-3.788831E-08,-1.4943006E-01
-3.783831E-08,-1.4943006E-01
-3.778831E-08,-1.4943006E-01
-3.773831E-08,-1.4948277E-01
-3.768831E-08,-1.4948277E-01
-3.763831E-08,-1.4953548E-01
-3.758831E-08,-1.4958819E-01
-3.753831E-08,-1.4958819E-01
-3.748831E-08,-1.4964090E-01
-3.743831E-08,-1.4969361E-01
-3.738831E-08,-1.4969361E-01
-3.733831E-08,-1.4974632E-01
-3.728831E-08,-1.4974632E-01
-3.723831E-08,-1.4979903E-01
-3.718831E-08,-1.4979903E-01
-3.713831E-08,-1.4985173E-01
-3.708831E-08,-1.4985173E-01
-3.703831E-08,-1.4985173E-01
-3.698831E-08,-1.4985173E-01
-3.693831E-08,-1.4985173E-01
-3.688831E-08,-1.4985173E-01
-3.683831E-08,-1.4985173E-01
-3.678831E-08,-1.4985173E-01
-3.673831E-08,-1.4985173E-01
-3.668831E-08,-1.4979903E-01
-3.663831E-08,-1.4979903E-01
-3.658831E-08,-1.4974632E-01
-3.653831E-08,-1.4974632E-01
-3.648831E-08,-1.4969361E-01
-3.643831E-08,-1.4969361E-01
-3.638831E-08,-1.4964090E-01
-3.633831E-08,-1.4964090E-01
-3.628831E-08,-1.4958819E-01
-3.623831E-08,-1.4958819E-01
-3.618831E-08,-1.4953548E-01
-3.613831E-08,-1.4953548E-01
-3.608831E-08,-1.4948277E-01
-3.603831E-08,-1.4948277E-01
-3.598831E-08,-1.4948277E-01
-3.593831E-08,-1.4948277E-01
-3.588831E-08,-1.4943006E-01
-3.583831E-08,-1.4943006E-01
-3.578831E-08,-1.4943006E-01
-3.573831E-08,-1.4943006E-01
-3.568831E-08,-1.4943006E-01
-3.563831E-08,-1.4948277E-01
-3.558831E-08,-1.4948277E-01
-3.553831E-08,-1.4948277E-01
-3.548831E-08,-1.4948277E-01
-3.543831E-08,-1.4948277E-01
-3.538831E-08,-1.4948277E-01
-3.533831E-08,-1.4948277E-01
-3.528831E-08,-1.4948277E-01
-3.523831E-08,-1.4948277E-01
-3.518831E-08,-1.4948277E-01
-3.513831E-08,-1.4943006E-01
-3.508831E-08,-1.4943006E-01
-3.503831E-08,-1.4937735E-01
-3.498831E-08,-1.4937735E-01
-3.493831E-08,-1.4932464E-01
-3.488831E-08,-1.4927194E-01
-3.483831E-08,-1.4921923E-01
-3.478831E-08,-1.4916652E-01
-3.473831E-08,-1.4911381E-01
-3.468831E-08,-1.4906110E-01
-3.463831E-08,-1.4900839E-01
-3.458831E-08,-1.4895568E-01
-3.453831E-08,-1.4885026E-01
-3.448831E-08,-1.4879755E-01
-3.443831E-08,-1.4874485E-01
-3.438831E-08,-1.4869214E-01
-3.433831E-08,-1.4863943E-01
-3.428831E-08,-1.4858672E-01
-3.423831E-08,-1.4853401E-01
-3.418831E-08,-1.4848130E-01
-3.413831E-08,-1.4842859E-01
-3.408831E-08,-1.4842859E-01
-3.403831E-08,-1.4842859E-01
-3.398831E-08,-1.4837588E-01
-3.393831E-08,-1.4837588E-01
-3.388831E-08,-1.4842859E-01
-3.383831E-08,-1.4842859E-01
-3.378831E-08,-1.4842859E-01
-3.373831E-08,-1.4848130E-01
-3.368831E-08,-1.4853401E-01
-3.363831E-08,-1.4858672E-01
-3.358831E-08,-1.4863943E-01
-3.353831E-08,-1.4869214E-01
-3.348831E-08,-1.4879755E-01
-3.343831E-08,-1.4885026E-01
-3.338831E-08,-1.4895568E-01
-3.333831E-08,-1.4900839E-01
-3.328831E-08,-1.4911381E-01
-3.323831E-08,-1.4921923E-01
-3.318831E-08,-1.4927194E-01
-3.313831E-08,-1.4937735E-01
-3.308831E-08,-1.4948277E-01
-3.303831E-08,-1.4953548E-01
-3.298831E-08,-1.4958819E-01
-3.293831E-08,-1.4969361E-01
-3.288831E-08,-1.4974632E-01
-3.283831E-08,-1.4979903E-01
-3.278831E-08,-1.4985173E-01
-3.273831E-08,-1.4990444E-01
-3.268831E-08,-1.4990444E-01
-3.263831E-08,-1.4995715E-01
-3.258831E-08,-1.4995715E-01
-3.253831E-08,-1.4995715E-01
-3.248831E-08,-1.4995715E-01
-3.243831E-08,-1.4995715E-01
-3.238831E-08,-1.4995715E-01
-3.233831E-08,-1.4990444E-01
-3.228831E-08,-1.4990444E-01
-3.223831E-08,-1.4985173E-01
-3.218831E-08,-1.4985173E-01
-3.213831E-08,-1.4979903E-01
-3.208831E-08,-1.4979903E-01
-3.203831E-08,-1.4974632E-01
-3.198831E-08,-1.4974632E-01
-3.193831E-08,-1.4969361E-01
-3.188831E-08,-1.4969361E-01
-3.183831E-08,-1.4964090E-01
-3.178831E-08,-1.4964090E-01
-3.173831E-08,-1.4958819E-01
-3.168831E-08,-1.4958819E-01
-3.163831E-08,-1.4958819E-01
-3.158831E-08,-1.4958819E-01
-3.153831E-08,-1.4958819E-01
-3.148831E-08,-1.4958819E-01
-3.143831E-08,-1.4958819E-01
-3.138831E-08,-1.4958819E-01
-3.133831E-08,-1.4958819E-01
-3.128831E-08,-1.4964090E-01
-3.123831E-08,-1.4964090E-01
-3.118831E-08,-1.4964090E-01
-3.113831E-08,-1.4964090E-01
-3.108831E-08,-1.4969361E-01
-3.103831E-08,-1.4969361E-01
-3.098831E-08,-1.4969361E-01
-3.093831E-08,-1.4974632E-01
-3.088831E-08,-1.4974632E-01
-3.083831E-08,-1.4974632E-01
-3.078831E-08,-1.4974632E-01
-3.073831E-08,-1.4974632E-01
-3.068831E-08,-1.4974632E-01
-3.063831E-08,-1.4974632E-01
-3.058831E-08,-1.4974632E-01
-3.053831E-08,-1.4974632E-01
-3.048831E-08,-1.4969361E-01
-3.043831E-08,-1.4969361E-01
-3.038831E-08,-1.4964090E-01
-3.033831E-08,-1.4964090E-01
-3.028831E-08,-1.4958819E-01
-3.023831E-08,-1.4958819E-01
-3.018831E-08,-1.4953548E-01
-3.013831E-08,-1.4953548E-01
-3.008831E-08,-1.4948277E-01
-3.003831E-08,-1.4943006E-01
-2.998831E-08,-1.4943006E-01
-2.993831E-08,-1.4937735E-01
-2.988831E-08,-1.4932464E-01
-2.983831E-08,-1.4932464E-01
-2.978831E-08,-1.4927194E-01
-2.973831E-08,-1.4921923E-01
-2.968831E-08,-1.4921923E-01
-2.963831E-08,-1.4916652E-01
-2.958831E-08,-1.4911381E-01
-2.953831E-08,-1.4911381E-01
-2.948831E-08,-1.4906110E-01
-2.943831E-08,-1.4906110E-01
-2.938831E-08,-1.4900839E-01
-2.933831E-08,-1.4895568E-01
-2.928831E-08,-1.4895568E-01
-2.923831E-08,-1.4890297E-01
-2.918831E-08,-1.4890297E-01
-2.913831E-08,-1.4885026E-01
-2.908831E-08,-1.4885026E-01
-2.903831E-08,-1.4879755E-01
-2.898831E-08,-1.4874485E-01
-2.893831E-08,-1.4874485E-01
-2.888831E-08,-1.4869214E-01
-2.883831E-08,-1.4869214E-01
-2.878831E-08,-1.4863943E-01
-2.873831E-08,-1.4858672E-01
-2.868831E-08,-1.4858672E-01
-2.863831E-08,-1.4853401E-01
-2.858831E-08,-1.4853401E-01
-2.853831E-08,-1.4848130E-01
-2.848831E-08,-1.4848130E-01
-2.843831E-08,-1.4842859E-01
-2.838831E-08,-1.4842859E-01
-2.833831E-08,-1.4837588E-01
-2.828831E-08,-1.4837588E-01
-2.823831E-08,-1.4837588E-01
-2.818831E-08,-1.4837588E-01
-2.813831E-08,-1.4837588E-01
-2.808831E-08,-1.4837588E-01
-2.803831E-08,-1.4837588E-01
-2.798831E-08,-1.4837588E-01
-2.793831E-08,-1.4837588E-01
-2.788831E-08,-1.4842859E-01
-2.783831E-08,-1.4842859E-01
-2.778831E-08,-1.4848130E-01
-2.773831E-08,-1.4853401E-01
-2.768831E-08,-1.4858672E-01
-2.763831E-08,-1.4863943E-01
-2.758831E-08,-1.4869214E-01
-2.753831E-08,-1.4874485E-01
-2.748831E-08,-1.4879755E-01
-2.743831E-08,-1.4885026E-01
-2.738831E-08,-1.4890297E-01
-2.733831E-08,-1.4895568E-01
-2.728831E-08,-1.4900839E-01
-2.723831E-08,-1.4911381E-01
-2.718831E-08,-1.4916652E-01
-2.713831E-08,-1.4921923E-01
-2.708831E-08,-1.4927194E-01
-2.703831E-08,-1.4932464E-01
-2.698831E-08,-1.4937735E-01
-2.693831E-08,-1.4943006E-01
-2.688831E-08,-1.4943006E-01
-2.683831E-08,-1.4948277E-01
-2.678831E-08,-1.4948277E-01
-2.673831E-08,-1.4953548E-01
-2.668831E-08,-1.4953548E-01
-2.663831E-08,-1.4953548E-01
-2.658831E-08,-1.4953548E-01
-2.653831E-08,-1.4953548E-01
-2.648831E-08,-1.4953548E-01
-2.643831E-08,-1.4953548E-01
-2.638831E-08,-1.4953548E-01
-2.633831E-08,-1.4948277E-01
-2.628831E-08,-1.4948277E-01
-2.623831E-08,-1.4948277E-01
-2.618831E-08,-1.4943006E-01
-2.613831E-08,-1.4943006E-01
-2.608831E-08,-1.4937735E-01
-2.603831E-08,-1.4937735E-01
-2.598831E-08,-1.4932464E-01
-2.593831E-08,-1.4927194E-01
-2.588831E-08,-1.4927194E-01
-2.583831E-08,-1.4921923E-01
-2.578831E-08,-1.4921923E-01
-2.573831E-08,-1.4921923E-01
-2.568831E-08,-1.4916652E-01
-2.563831E-08,-1.4916652E-01
-2.558831E-08,-1.4911381E-01
-2.553831E-08,-1.4911381E-01
-2.548831E-08,-1.4911381E-01
-2.543831E-08,-1.4906110E-01
-2.538831E-08,-1.4906110E-01
-2.533831E-08,-1.4900839E-01
-2.528831E-08,-1.4900839E-01
-2.523831E-08,-1.4900839E-01
-2.518831E-08,-1.4895568E-01
-2.513831E-08,-1.4895568E-01
-2.508831E-08,-1.4895568E-01
-2.503831E-08,-1.4890297E-01
-2.498831E-08,-1.4890297E-01
-2.493831E-08,-1.4885026E-01
-2.488831E-08,-1.4885026E-01
-2.483831E-08,-1.4885026E-01
-2.478831E-08,-1.4879755E-01
-2.473831E-08,-1.4879755E-01
-2.468831E-08,-1.4874485E-01
-2.463831E-08,-1.4874485E-01
-2.458831E-08,-1.4869214E-01
-2.453831E-08,-1.4869214E-01
-2.448831E-08,-1.4869214E-01
-2.443831E-08,-1.4863943E-01
-2.438831E-08,-1.4863943E-01
-2.433831E-08,-1.4863943E-01
-2.428831E-08,-1.4863943E-01
-2.423831E-08,-1.4863943E-01
-2.418831E-08,-1.4863943E-01
-2.413831E-08,-1.4863943E-01
-2.408831E-08,-1.4863943E-01
-2.403831E-08,-1.4863943E-01
-2.398831E-08,-1.4869214E-01
-2.393831E-08,-1.4869214E-01
-2.388831E-08,-1.4874485E-01
-2.383831E-08,-1.4879755E-01
-2.378831E-08,-1.4885026E-01
-2.373831E-08,-1.4885026E-01
-2.368831E-08,-1.4890297E-01
-2.363831E-08,-1.4895568E-01
-2.358831E-08,-1.4900839E-01
-2.353831E-08,-1.4906110E-01
-2.348831E-08,-1.4911381E-01
-2.343831E-08,-1.4916652E-01
-2.338831E-08,-1.4921923E-01
-2.333831E-08,-1.4927194E-01
-2.328831E-08,-1.4932464E-01
-2.323831E-08,-1.4937735E-01
-2.318831E-08,-1.4937735E-01
-2.313831E-08,-1.4943006E-01
-2.308831E-08,-1.4943006E-01
-2.303831E-08,-1.4943006E-01
-2.298831E-08,-1.4948277E-01
-2.293831E-08,-1.4948277E-01
-2.288831E-08,-1.4943006E-01
-2.283831E-08,-1.4943006E-01
-2.278831E-08,-1.4943006E-01
-2.273831E-08,-1.4937735E-01
-2.268831E-08,-1.4932464E-01
-2.263831E-08,-1.4932464E-01
-2.258831E-08,-1.4927194E-01
-2.253831E-08,-1.4921923E-01
-2.248831E-08,-1.4916652E-01
-2.243831E-08,-1.4906110E-01
-2.238831E-08,-1.4900839E-01
-2.233831E-08,-1.4895568E-01
-2.228831E-08,-1.4890297E-01
-2.223831E-08,-1.4879755E-01
-2.218831E-08,-1.4874485E-01
-2.213831E-08,-1.4869214E-01
-2.208831E-08,-1.4863943E-01
-2.203831E-08,-1.4858672E-01
-2.198831E-08,-1.4853401E-01
-2.193831E-08,-1.4848130E-01
-2.188831E-08,-1.4842859E-01
-2.183831E-08,-1.4842859E-01
-2.178831E-08,-1.4842859E-01
-2.173831E-08,-1.4837588E-01
-2.168831E-08,-1.4837588E-01
-2.163831E-08,-1.4837588E-01
-2.158831E-08,-1.4837588E-01
-2.153831E-08,-1.4837588E-01
-2.148831E-08,-1.4842859E-01
-2.143831E-08,-1.4842859E-01
-2.138831E-08,-1.4848130E-01
-2.133831E-08,-1.4848130E-01
-2.128831E-08,-1.4853401E-01
-2.123831E-08,-1.4858672E-01
-2.118831E-08,-1.4858672E-01
-2.113831E-08,-1.4863943E-01
-2.108831E-08,-1.4869214E-01
-2.103831E-08,-1.4869214E-01
-2.098831E-08,-1.4874485E-01
-2.093831E-08,-1.4874485E-01
-2.088831E-08,-1.4879755E-01
-2.083831E-08,-1.4879755E-01
-2.078831E-08,-1.4885026E-01
-2.073831E-08,-1.4885026E-01
-2.068831E-08,-1.4885026E-01
-2.063831E-08,-1.4885026E-01
-2.058831E-08,-1.4890297E-01
-2.053831E-08,-1.4890297E-01
-2.048831E-08,-1.4885026E-01
-2.043831E-08,-1.4885026E-01
-2.038831E-08,-1.4885026E-01
-2.033831E-08,-1.4885026E-01
-2.028831E-08,-1.4885026E-01
-2.023831E-08,-1.4885026E-01
-2.018831E-08,-1.4879755E-01
-2.013831E-08,-1.4879755E-01
-2.008831E-08,-1.4879755E-01
-2.003831E-08,-1.4879755E-01
-1.998831E-08,-1.4879755E-01
-1.993831E-08,-1.4879755E-01
-1.988831E-08,-1.4879755E-01
-1.983831E-08,-1.4879755E-01
-1.978831E-08,-1.4879755E-01
-1.973831E-08,-1.4879755E-01
-1.968831E-08,-1.4879755E-01
-1.963831E-08,-1.4885026E-01
-1.958831E-08,-1.4885026E-01
-1.953831E-08,-1.4890297E-01
-1.948831E-08,-1.4890297E-01
-1.943831E-08,-1.4895568E-01
-1.938831E-08,-1.4895568E-01
-1.933831E-08,-1.4900839E-01
-1.928831E-08,-1.4906110E-01
-1.923831E-08,-1.4906110E-01
-1.918831E-08,-1.4911381E-01
-1.913831E-08,-1.4916652E-01
-1.908831E-08,-1.4916652E-01
-1.903831E-08,-1.4921923E-01
-1.898831E-08,-1.4921923E-01
-1.893831E-08,-1.4927194E-01
-1.888831E-08,-1.4927194E-01
-1.883831E-08,-1.4927194E-01
-1.878831E-08,-1.4927194E-01
-1.873831E-08,-1.4927194E-01
-1.868831E-08,-1.4927194E-01
-1.863831E-08,-1.4927194E-01
-1.858831E-08,-1.4921923E-01
-1.853831E-08,-1.4921923E-01
-1.848831E-08,-1.4916652E-01
-1.843831E-08,-1.4916652E-01
-1.838831E-08,-1.4911381E-01
-1.833831E-08,-1.4906110E-01
-1.828831E-08,-1.4900839E-01
-1.823831E-08,-1.4895568E-01
-1.818831E-08,-1.4890297E-01
-1.813831E-08,-1.4885026E-01
-1.808831E-08,-1.4879755E-01
-1.803831E-08,-1.4874485E-01
-1.798831E-08,-1.4869214E-01
-1.793831E-08,-1.4863943E-01
-1.788831E-08,-1.4858672E-01
-1.783831E-08,-1.4858672E-01
-1.778831E-08,-1.4853401E-01
-1.773831E-08,-1.4853401E-01
-1.768831E-08,-1.4848130E-01
-1.763831E-08,-1.4848130E-01
-1.758831E-08,-1.4848130E-01
-1.753831E-08,-1.4848130E-01
-1.748831E-08,-1.4848130E-01
-1.743831E-08,-1.4848130E-01
-1.738831E-08,-1.4853401E-01
-1.733831E-08,-1.4853401E-01
-1.728831E-08,-1.4858672E-01
-1.723831E-08,-1.4863943E-01
-1.718831E-08,-1.4863943E-01
-1.713831E-08,-1.4869214E-01
-1.708831E-08,-1.4874485E-01
-1.703831E-08,-1.4879755E-01
-1.698831E-08,-1.4885026E-01
-1.693831E-08,-1.4890297E-01
-1.688831E-08,-1.4895568E-01
-1.683831E-08,-1.4900839E-01
-1.678831E-08,-1.4906110E-01
-1.673831E-08,-1.4911381E-01
-1.668831E-08,-1.4911381E-01
-1.663831E-08,-1.4916652E-01
-1.658831E-08,-1.4921923E-01
-1.653831E-08,-1.4921923E-01
-1.648831E-08,-1.4927194E-01
-1.643831E-08,-1.4927194E-01
-1.638831E-08,-1.4927194E-01
-1.633831E-08,-1.4932464E-01
-1.628831E-08,-1.4932464E-01
-1.623831E-08,-1.4932464E-01
-1.618831E-08,-1.4927194E-01
-1.613831E-08,-1.4927194E-01
-1.608831E-08,-1.4927194E-01
-1.603831E-08,-1.4927194E-01
-1.598831E-08,-1.4921923E-01
-1.593831E-08,-1.4921923E-01
-1.588831E-08,-1.4916652E-01
-1.583831E-08,-1.4916652E-01
-1.578831E-08,-1.4911381E-01
-1.573831E-08,-1.4911381E-01
-1.568831E-08,-1.4906110E-01
-1.563831E-08,-1.4906110E-01
-1.558831E-08,-1.4900839E-01
-1.553831E-08,-1.4900839E-01
-1.548831E-08,-1.4900839E-01
-1.543831E-08,-1.4895568E-01
-1.538831E-08,-1.4895568E-01
-1.533831E-08,-1.4895568E-01
-1.528831E-08,-1.4895568E-01
-1.523831E-08,-1.4895568E-01
-1.518831E-08,-1.4895568E-01
-1.513831E-08,-1.4895568E-01
-1.508831E-08,-1.4895568E-01
-1.503831E-08,-1.4895568E-01
-1.498831E-08,-1.4895568E-01
-1.493831E-08,-1.4900839E-01
-1.488831E-08,-1.4900839E-01
-1.483831E-08,-1.4906110E-01
-1.478831E-08,-1.4906110E-01
-1.473831E-08,-1.4911381E-01
-1.468831E-08,-1.4911381E-01
-1.463831E-08,-1.4916652E-01
-1.458831E-08,-1.4916652E-01
-1.453831E-08,-1.4921923E-01
-1.448831E-08,-1.4927194E-01
-1.443831E-08,-1.4927194E-01
-1.438831E-08,-1.4932464E-01
-1.433831E-08,-1.4932464E-01
-1.428831E-08,-1.4937735E-01
-1.423831E-08,-1.4937735E-01
-1.418831E-08,-1.4943006E-01
-1.413831E-08,-1.4943006E-01
-1.408831E-08,-1.4943006E-01
-1.403831E-08,-1.4948277E-01
-1.398831E-08,-1.4948277E-01
-1.393831E-08,-1.4948277E-01
-1.388831E-08,-1.4948277E-01
-1.383831E-08,-1.4948277E-01
-1.378831E-08,-1.4948277E-01
-1.373831E-08,-1.4948277E-01
-1.368831E-08,-1.4948277E-01
-1.363831E-08,-1.4948277E-01
-1.358831E-08,-1.4948277E-01
-1.353831E-08,-1.4948277E-01
-1.348831E-08,-1.4943006E-01
-1.343831E-08,-1.4943006E-01
-1.338831E-08,-1.4943006E-01
-1.333831E-08,-1.4943006E-01
-1.328831E-08,-1.4937735E-01
-1.323831E-08,-1.4937735E-01
-1.318831E-08,-1.4937735E-01
-1.313831E-08,-1.4937735E-01
-1.308831E-08,-1.4932464E-01
-1.303831E-08,-1.4932464E-01
-1.298831E-08,-1.4932464E-01
-1.293831E-08,-1.4932464E-01
-1.288831E-08,-1.4932464E-01
-1.283831E-08,-1.4932464E-01
-1.278831E-08,-1.4932464E-01
-1.273831E-08,-1.4927194E-01
-1.268831E-08,-1.4927194E-01
-1.263831E-08,-1.4927194E-01
-1.258831E-08,-1.4927194E-01
-1.253831E-08,-1.4932464E-01
-1.248831E-08,-1.4932464E-01
-1.243831E-08,-1.4932464E-01
-1.238831E-08,-1.4932464E-01
-1.233831E-08,-1.4932464E-01
-1.228831E-08,-1.4932464E-01
-1.223831E-08,-1.4937735E-01
-1.218831E-08,-1.4937735E-01
-1.213831E-08,-1.4937735E-01
-1.208831E-08,-1.4937735E-01
-1.203831E-08,-1.4943006E-01
-1.198831E-08,-1.4943006E-01
-1.193831E-08,-1.4943006E-01
-1.188831E-08,-1.4948277E-01
-1.183831E-08,-1.4948277E-01
-1.178831E-08,-1.4948277E-01
-1.173831E-08,-1.4948277E-01
-1.168831E-08,-1.4948277E-01
-1.163831E-08,-1.4953548E-01
-1.158831E-08,-1.4953548E-01
-1.153831E-08,-1.4953548E-01
-1.148831E-08,-1.4953548E-01
-1.143831E-08,-1.4953548E-01
-1.138831E-08,-1.4948277E-01
-1.133831E-08,-1.4948277E-01
-1.128831E-08,-1.4948277E-01
-1.123831E-08,-1.4948277E-01
-1.118831E-08,-1.4948277E-01
-1.113831E-08,-1.4943006E-01
-1.108831E-08,-1.4943006E-01
-1.103831E-08,-1.4943006E-01
-1.098831E-08,-1.4937735E-01
-1.093831E-08,-1.4937735E-01
-1.088831E-08,-1.4937735E-01
-1.083831E-08,-1.4932464E-01
-1.078831E-08,-1.4932464E-01
-1.073831E-08,-1.4932464E-01
-1.068831E-08,-1.4927194E-01
-1.063831E-08,-1.4927194E-01
-1.058831E-08,-1.4927194E-01
-1.053831E-08,-1.4921923E-01
-1.048831E-08,-1.4921923E-01
-1.043831E-08,-1.4921923E-01
-1.038831E-08,-1.4921923E-01
-1.033831E-08,-1.4921923E-01
-1.028831E-08,-1.4921923E-01
-1.023831E-08,-1.4921923E-01
-1.018831E-08,-1.4921923E-01
-1.013831E-08,-1.4921923E-01
-1.008831E-08,-1.4921923E-01
-1.003831E-08,-1.4921923E-01
-9.98831E-09,-1.4921923E-01
-9.93831E-09,-1.4921923E-01
-9.88831E-09,-1.4927194E-01
-9.83831E-09,-1.4927194E-01
-9.78831E-09,-1.4927194E-01
-9.73831E-09,-1.4927194E-01
-9.68831E-09,-1.4927194E-01
-9.63831E-09,-1.4927194E-01
-9.58831E-09,-1.4927194E-01
-9.53831E-09,-1.4927194E-01
-9.48831E-09,-1.4927194E-01
-9.43831E-09,-1.4927194E-01
-9.38831E-09,-1.4927194E-01
-9.33831E-09,-1.4927194E-01
-9.28831E-09,-1.4927194E-01
-9.23831E-09,-1.4927194E-01
-9.18831E-09,-1.4921923E-01
-9.13831E-09,-1.4921923E-01
-9.08831E-09,-1.4921923E-01
-9.03831E-09,-1.4916652E-01
-8.98831E-09,-1.4916652E-01
-8.93831E-09,-1.4916652E-01
-8.88831E-09,-1.4911381E-01
-8.83831E-09,-1.4911381E-01
-8.78831E-09,-1.4906110E-01
-8.73831E-09,-1.4906110E-01
-8.68831E-09,-1.4906110E-01
-8.63831E-09,-1.4900839E-01
-8.58831E-09,-1.4900839E-01
-8.53831E-09,-1.4900839E-01
-8.48831E-09,-1.4900839E-01
-8.43831E-09,-1.4895568E-01
-8.38831E-09,-1.4895568E-01
-8.33831E-09,-1.4895568E-01
-8.28831E-09,-1.4895568E-01
-8.23831E-09,-1.4900839E-01
-8.18831E-09,-1.4900839E-01
-8.13831E-09,-1.4900839E-01
-8.08831E-09,-1.4900839E-01
-8.03831E-09,-1.4906110E-01
-7.98831E-09,-1.4906110E-01
-7.93831E-09,-1.4906110E-01
-7.88831E-09,-1.4911381E-01
-7.83831E-09,-1.4911381E-01
-7.78831E-09,-1.4916652E-01
-7.73831E-09,-1.4916652E-01
-7.68831E-09,-1.4921923E-01
-7.63831E-09,-1.4927194E-01
-7.58831E-09,-1.4927194E-01
-7.53831E-09,-1.4932464E-01
-7.48831E-09,-1.4932464E-01
-7.43831E-09,-1.4932464E-01
-7.38831E-09,-1.4937735E-01
-7.33831E-09,-1.4937735E-01
-7.28831E-09,-1.4937735E-01
-7.23831E-09,-1.4943006E-01
-7.18831E-09,-1.4943006E-01
-7.13831E-09,-1.4943006E-01
-7.08831E-09,-1.4943006E-01
-7.03831E-09,-1.4943006E-01
-6.98831E-09,-1.4937735E-01
-6.93831E-09,-1.4937735E-01
-6.88831E-09,-1.4937735E-01
-6.83831E-09,-1.4937735E-01
-6.78831E-09,-1.4932464E-01
-6.73831E-09,-1.4932464E-01
-6.68831E-09,-1.4932464E-01
-6.63831E-09,-1.4927194E-01
-6.58831E-09,-1.4927194E-01
-6.53831E-09,-1.4921923E-01
-6.48831E-09,-1.4921923E-01
-6.43831E-09,-1.4916652E-01
-6.38831E-09,-1.4916652E-01
-6.33831E-09,-1.4916652E-01
-6.28831E-09,-1.4911381E-01
-6.23831E-09,-1.4911381E-01
-6.18831E-09,-1.4911381E-01
-6.13831E-09,-1.4911381E-01
-6.08831E-09,-1.4906110E-01
-6.03831E-09,-1.4906110E-01
-5.98831E-09,-1.4906110E-01
-5.93831E-09,-1.4906110E-01
-5.88831E-09,-1.4906110E-01
-5.83831E-09,-1.4906110E-01
-5.78831E-09,-1.4906110E-01
-5.73831E-09,-1.4906110E-01
-5.68831E-09,-1.4906110E-01
-5.63831E-09,-1.4906110E-01
-5.58831E-09,-1.4906110E-01
-5.53831E-09,-1.4911381E-01
-5.48831E-09,-1.4911381E-01
-5.43831E-09,-1.4911381E-01
-5.38831E-09,-1.4911381E-01
-5.33831E-09,-1.4911381E-01
-5.28831E-09,-1.4911381E-01
-5.23831E-09,-1.4911381E-01
-5.18831E-09,-1.4911381E-01
-5.13831E-09,-1.4911381E-01
-5.08831E-09,-1.4911381E-01
-5.03831E-09,-1.4911381E-01
-4.98831E-09,-1.4911381E-01
-4.93831E-09,-1.4911381E-01
-4.88831E-09,-1.4911381E-01
-4.83831E-09,-1.4911381E-01
-4.78831E-09,-1.4911381E-01
-4.73831E-09,-1.4911381E-01
-4.68831E-09,-1.4916652E-01
-4.63831E-09,-1.4916652E-01
-4.58831E-09,-1.4916652E-01
-4.53831E-09,-1.4916652E-01
-4.48831E-09,-1.4921923E-01
-4.43831E-09,-1.4921923E-01
-4.38831E-09,-1.4927194E-01
-4.33831E-09,-1.4927194E-01
-4.28831E-09,-1.4932464E-01
-4.23831E-09,-1.4937735E-01
-4.18831E-09,-1.4943006E-01
-4.13831E-09,-1.4948277E-01
-4.08831E-09,-1.4953548E-01
-4.03831E-09,-1.4958819E-01
-3.98831E-09,-1.4964090E-01
-3.93831E-09,-1.4969361E-01
-3.88831E-09,-1.4974632E-01
-3.83831E-09,-1.4979903E-01
-3.78831E-09,-1.4985173E-01
-3.73831E-09,-1.4990444E-01
-3.68831E-09,-1.4995715E-01
-3.63831E-09,-1.5000986E-01
-3.58831E-09,-1.5006257E-01
-3.53831E-09,-1.5011528E-01
-3.48831E-09,-1.5016799E-01
-3.43831E-09,-1.5022070E-01
-3.38831E-09,-1.5022070E-01
-3.33831E-09,-1.5027341E-01
-3.28831E-09,-1.5027341E-01
-3.23831E-09,-1.5027341E-01
-3.18831E-09,-1.5027341E-01
-3.13831E-09,-1.5027341E-01
-3.08831E-09,-1.5027341E-01
-3.03831E-09,-1.5027341E-01
-2.98831E-09,-1.5022070E-01
-2.93831E-09,-1.5022070E-01
-2.88831E-09,-1.5016799E-01
-2.83831E-09,-1.5011528E-01
-2.78831E-09,-1.5006257E-01
-2.73831E-09,-1.5000986E-01
-2.68831E-09,-1.4995715E-01
-2.63831E-09,-1.4985173E-01
-2.58831E-09,-1.4979903E-01
-2.53831E-09,-1.4974632E-01
-2.48831E-09,-1.4969361E-01
-2.43831E-09,-1.4964090E-01
-2.38831E-09,-1.4953548E-01
-2.33831E-09,-1.4948277E-01
-2.28831E-09,-1.4943006E-01
-2.23831E-09,-1.4937735E-01
-2.18831E-09,-1.4932464E-01
-2.13831E-09,-1.4932464E-01
-2.08831E-09,-1.4927194E-01
-2.03831E-09,-1.4921923E-01
-1.98831E-09,-1.4921923E-01
-1.93831E-09,-1.4916652E-01
-1.88831E-09,-1.4916652E-01
-1.83831E-09,-1.4916652E-01
-1.78831E-09,-1.4916652E-01
-1.73831E-09,-1.4916652E-01
-1.68831E-09,-1.4916652E-01
-1.63831E-09,-1.4921923E-01
-1.58831E-09,-1.4921923E-01
-1.53831E-09,-1.4921923E-01
-1.48831E-09,-1.4927194E-01
-1.43831E-09,-1.4927194E-01
-1.38831E-09,-1.4927194E-01
-1.33831E-09,-1.4932464E-01
-1.28831E-09,-1.4932464E-01
-1.23831E-09,-1.4937735E-01
-1.18831E-09,-1.4937735E-01
-1.13831E-09,-1.4937735E-01
-1.08831E-09,-1.4943006E-01
-1.03831E-09,-1.4943006E-01
-9.8831E-10,-1.4943006E-01
-9.3831E-10,-1.4943006E-01
-8.8831E-10,-1.4943006E-01
-8.3831E-10,-1.4943006E-01
-7.8831E-10,-1.4943006E-01
-7.3831E-10,-1.4943006E-01
-6.8831E-10,-1.4937735E-01
-6.3831E-10,-1.4937735E-01
-5.8831E-10,-1.4937735E-01
-5.3831E-10,-1.4932464E-01
-4.8831E-10,-1.4932464E-01
-4.3831E-10,-1.4927194E-01
-3.8831E-10,-1.4927194E-01
-3.3831E-10,-1.4921923E-01
-2.8831E-10,-1.4921923E-01
-2.3831E-10,-1.4916652E-01
-1.8831E-10,-1.4911381E-01
-1.3831E-10,-1.4911381E-01
-8.831E-11,-1.4906110E-01
-3.831E-11,-1.4906110E-01
1.169E-11,-1.4906110E-01
6.169E-11,-1.4900839E-01
1.1169E-10,-1.4900839E-01
1.6169E-10,-1.4895568E-01
2.1169E-10,-1.4895568E-01
2.6169E-10,-1.4895568E-01
3.1169E-10,-1.4895568E-01
3.6169E-10,-1.4890297E-01
4.1169E-10,-1.4890297E-01
4.6169E-10,-1.4890297E-01
5.1169E-10,-1.4890297E-01
5.6169E-10,-1.4890297E-01
6.1169E-10,-1.4890297E-01
6.6169E-10,-1.4890297E-01
7.1169E-10,-1.4890297E-01
7.6169E-10,-1.4890297E-01
8.1169E-10,-1.4885026E-01
8.6169E-10,-1.4885026E-01
9.1169E-10,-1.4885026E-01
9.6169E-10,-1.4885026E-01
1.01169E-09,-1.4885026E-01
1.06169E-09,-1.4885026E-01
1.11169E-09,-1.4885026E-01
1.16169E-09,-1.4885026E-01
1.21169E-09,-1.4885026E-01
1.26169E-09,-1.4885026E-01
1.31169E-09,-1.4885026E-01
1.36169E-09,-1.4885026E-01
1.41169E-09,-1.4885026E-01
1.46169E-09,-1.4885026E-01
1.51169E-09,-1.4885026E-01
1.56169E-09,-1.4890297E-01
1.61169E-09,-1.4890297E-01
1.66169E-09,-1.4890297E-01
1.71169E-09,-1.4895568E-01
1.76169E-09,-1.4895568E-01
1.81169E-09,-1.4895568E-01
1.86169E-09,-1.4900839E-01
1.91169E-09,-1.4906110E-01
1.96169E-09,-1.4906110E-01
2.01169E-09,-1.4911381E-01
2.06169E-09,-1.4916652E-01
2.11169E-09,-1.4921923E-01
2.16169E-09,-1.4921923E-01
2.21169E-09,-1.4927194E-01
2.26169E-09,-1.4932464E-01
2.31169E-09,-1.4937735E-01
2.36169E-09,-1.4943006E-01
2.41169E-09,-1.4948277E-01
2.46169E-09,-1.4953548E-01
2.51169E-09,-1.4958819E-01
2.56169E-09,-1.4964090E-01
2.61169E-09,-1.4969361E-01
2.66169E-09,-1.4969361E-01
2.71169E-09,-1.4974632E-01
2.76169E-09,-1.4979903E-01
2.81169E-09,-1.4979903E-01
2.86169E-09,-1.4979903E-01
2.91169E-09,-1.4985173E-01
2.96169E-09,-1.4985173E-01
3.01169E-09,-1.4985173E-01
3.06169E-09,-1.4985173E-01
3.11169E-09,-1.4985173E-01
3.16169E-09,-1.4985173E-01
3.21169E-09,-1.4985173E-01
3.26169E-09,-1.4979903E-01
3.31169E-09,-1.4979903E-01
3.36169E-09,-1.4974632E-01
3.41169E-09,-1.4974632E-01
3.46169E-09,-1.4969361E-01
3.51169E-09,-1.4969361E-01
3.56169E-09,-1.4964090E-01
3.61169E-09,-1.4964090E-01
3.66169E-09,-1.4958819E-01
3.71169E-09,-1.4958819E-01
3.76169E-09,-1.4953548E-01
3.81169E-09,-1.4953548E-01
3.86169E-09,-1.4948277E-01
3.91169E-09,-1.4948277E-01
3.96169E-09,-1.4943006E-01
4.01169E-09,-1.4943006E-01
4.06169E-09,-1.4943006E-01
4.11169E-09,-1.4943006E-01
4.16169E-09,-1.4943006E-01
4.21169E-09,-1.4943006E-01
4.26169E-09,-1.4937735E-01
4.31169E-09,-1.4937735E-01
4.36169E-09,-1.4943006E-01
4.41169E-09,-1.4943006E-01
4.46169E-09,-1.4943006E-01
4.51169E-09,-1.4943006E-01
4.56169E-09,-1.4943006E-01
4.61169E-09,-1.4943006E-01
4.66169E-09,-1.4943006E-01
4.71169E-09,-1.4943006E-01
4.76169E-09,-1.4943006E-01
4.81169E-09,-1.4948277E-01
4.86169E-09,-1.4948277E-01
4.91169E-09,-1.4948277E-01
4.96169E-09,-1.4948277E-01
5.01169E-09,-1.4948277E-01
5.06169E-09,-1.4948277E-01
5.11169E-09,-1.4948277E-01
5.16169E-09,-1.4943006E-01
5.21169E-09,-1.4943006E-01
5.26169E-09,-1.4943006E-01
5.31169E-09,-1.4943006E-01
5.36169E-09,-1.4937735E-01
5.41169E-09,-1.4937735E-01
5.46169E-09,-1.4937735E-01
5.51169E-09,-1.4937735E-01
5.56169E-09,-1.4932464E-01
5.61169E-09,-1.4932464E-01
5.66169E-09,-1.4932464E-01
5.71169E-09,-1.4927194E-01
5.76169E-09,-1.4927194E-01
5.81169E-09,-1.4927194E-01
5.86169E-09,-1.4927194E-01
5.91169E-09,-1.4927194E-01
5.96169E-09,-1.4927194E-01
6.01169E-09,-1.4927194E-01
6.06169E-09,-1.4927194E-01
6.11169E-09,-1.4927194E-01
6.16169E-09,-1.4927194E-01
6.21169E-09,-1.4927194E-01
6.26169E-09,-1.4927194E-01
6.31169E-09,-1.4932464E-01
6.36169E-09,-1.4932464E-01
6.41169E-09,-1.4937735E-01
6.46169E-09,-1.4937735E-01
6.51169E-09,-1.4937735E-01
6.56169E-09,-1.4943006E-01
6.61169E-09,-1.4948277E-01
6.66169E-09,-1.4948277E-01
6.71169E-09,-1.4953548E-01
6.76169E-09,-1.4953548E-01
6.81169E-09,-1.4953548E-01
6.86169E-09,-1.4958819E-01
6.91169E-09,-1.4958819E-01
6.96169E-09,-1.4958819E-01
7.01169E-09,-1.4964090E-01
7.06169E-09,-1.4964090E-01
7.11169E-09,-1.4964090E-01
7.16169E-09,-1.4964090E-01
7.21169E-09,-1.4964090E-01
7.26169E-09,-1.4964090E-01
7.31169E-09,-1.4958819E-01
7.36169E-09,-1.4958819E-01
7.41169E-09,-1.4958819E-01
7.46169E-09,-1.4953548E-01
7.51169E-09,-1.4953548E-01
7.56169E-09,-1.4948277E-01
7.61169E-09,-1.4948277E-01
7.66169E-09,-1.4943006E-01
7.71169E-09,-1.4937735E-01
7.76169E-09,-1.4937735E-01
7.81169E-09,-1.4932464E-01
7.86169E-09,-1.4927194E-01
7.91169E-09,-1.4921923E-01
7.96169E-09,-1.4921923E-01
8.01169E-09,-1.4916652E-01
8.06169E-09,-1.4916652E-01
8.11169E-09,-1.4911381E-01
8.16169E-09,-1.4906110E-01
8.21169E-09,-1.4906110E-01
8.26169E-09,-1.4900839E-01
8.31169E-09,-1.4900839E-01
8.36169E-09,-1.4900839E-01
8.41169E-09,-1.4900839E-01
8.46169E-09,-1.4895568E-01
8.51169E-09,-1.4895568E-01
8.56169E-09,-1.4895568E-01
8.61169E-09,-1.4895568E-01
8.66169E-09,-1.4895568E-01
8.71169E-09,-1.4895568E-01
8.76169E-09,-1.4900839E-01
8.81169E-09,-1.4900839E-01
8.86169E-09,-1.4900839E-01
8.91169E-09,-1.4900839E-01
8.96169E-09,-1.4906110E-01
9.01169E-09,-1.4906110E-01
9.06169E-09,-1.4906110E-01
9.11169E-09,-1.4911381E-01
9.16169E-09,-1.4911381E-01
9.21169E-09,-1.4911381E-01
9.26169E-09,-1.4916652E-01
9.31169E-09,-1.4916652E-01
9.36169E-09,-1.4916652E-01
9.41169E-09,-1.4921923E-01
9.46169E-09,-1.4921923E-01
9.51169E-09,-1.4921923E-01
9.56169E-09,-1.4921923E-01
9.61169E-09,-1.4921923E-01
9.66169E-09,-1.4921923E-01
9.71169E-09,-1.4921923E-01
9.76169E-09,-1.4921923E-01
9.81169E-09,-1.4921923E-01
9.86169E-09,-1.4921923E-01
9.91169E-09,-1.4921923E-01
9.96169E-09,-1.4921923E-01
1.001169E-08,-1.4916652E-01
1.006169E-08,-1.4916652E-01
1.011169E-08,-1.4916652E-01
1.016169E-08,-1.4916652E-01
1.021169E-08,-1.4911381E-01
1.026169E-08,-1.4911381E-01
1.031169E-08,-1.4911381E-01
1.036169E-08,-1.4906110E-01
1.041169E-08,-1.4906110E-01
1.046169E-08,-1.4906110E-01
1.051169E-08,-1.4906110E-01
1.056169E-08,-1.4906110E-01
1.061169E-08,-1.4906110E-01
1.066169E-08,-1.4906110E-01
1.071169E-08,-1.4906110E-01
1.076169E-08,-1.4906110E-01
1.081169E-08,-1.4906110E-01
1.086169E-08,-1.4906110E-01
1.091169E-08,-1.4906110E-01
1.096169E-08,-1.4911381E-01
1.101169E-08,-1.4911381E-01
1.106169E-08,-1.4911381E-01
1.111169E-08,-1.4916652E-01
1.116169E-08,-1.4916652E-01
1.121169E-08,-1.4921923E-01
1.126169E-08,-1.4921923E-01
1.131169E-08,-1.4927194E-01
1.136169E-08,-1.4927194E-01
1.141169E-08,-1.4932464E-01
1.146169E-08,-1.4937735E-01
1.151169E-08,-1.4937735E-01
1.156169E-08,-1.4943006E-01
1.161169E-08,-1.4943006E-01
1.166169E-08,-1.4948277E-01
1.171169E-08,-1.4948277E-01
1.176169E-08,-1.4948277E-01
1.181169E-08,-1.4953548E-01
1.186169E-08,-1.4953548E-01
1.191169E-08,-1.4953548E-01
1.196169E-08,-1.4953548E-01
1.201169E-08,-1.4953548E-01
1.206169E-08,-1.4953548E-01
1.211169E-08,-1.4953548E-01
1.216169E-08,-1.4953548E-01
1.221169E-08,-1.4953548E-01
1.226169E-08,-1.4953548E-01
1.231169E-08,-1.4948277E-01
1.236169E-08,-1.4948277E-01
1.241169E-08,-1.4943006E-01
1.246169E-08,-1.4943006E-01
1.251169E-08,-1.4937735E-01
1.256169E-08,-1.4937735E-01
1.261169E-08,-1.4932464E-01
1.266169E-08,-1.4927194E-01
1.271169E-08,-1.4927194E-01
1.276169E-08,-1.4921923E-01
1.281169E-08,-1.4916652E-01
1.286169E-08,-1.4916652E-01
1.291169E-08,-1.4911381E-01
1.296169E-08,-1.4911381E-01
1.301169E-08,-1.4906110E-01
1.306169E-08,-1.4906110E-01
1.311169E-08,-1.4900839E-01
1.316169E-08,-1.4900839E-01
1.321169E-08,-1.4900839E-01
1.326169E-08,-1.4900839E-01
1.331169E-08,-1.4900839E-01
1.336169E-08,-1.4900839E-01
1.341169E-08,-1.4900839E-01
1.346169E-08,-1.4900839E-01
1.351169E-08,-1.4906110E-01
1.356169E-08,-1.4906110E-01
1.361169E-08,-1.4911381E-01
1.366169E-08,-1.4911381E-01
1.371169E-08,-1.4916652E-01
1.376169E-08,-1.4921923E-01
1.381169E-08,-1.4921923E-01
1.386169E-08,-1.4927194E-01
1.391169E-08,-1.4932464E-01
1.396169E-08,-1.4937735E-01
1.401169E-08,-1.4943006E-01
1.406169E-08,-1.4948277E-01
1.411169E-08,-1.4953548E-01
1.416169E-08,-1.4958819E-01
1.421169E-08,-1.4958819E-01
1.426169E-08,-1.4964090E-01
1.431169E-08,-1.4969361E-01
1.436169E-08,-1.4974632E-01
1.441169E-08,-1.4974632E-01
1.446169E-08,-1.4979903E-01
1.451169E-08,-1.4979903E-01
1.456169E-08,-1.4979903E-01
1.461169E-08,-1.4985173E-01
1.466169E-08,-1.4985173E-01
1.471169E-08,-1.4985173E-01
1.476169E-08,-1.4985173E-01
1.481169E-08,-1.4985173E-01
1.486169E-08,-1.4979903E-01
1.491169E-08,-1.4979903E-01
1.496169E-08,-1.4979903E-01
1.501169E-08,-1.4974632E-01
1.506169E-08,-1.4974632E-01
1.511169E-08,-1.4969361E-01
1.516169E-08,-1.4969361E-01
1.521169E-08,-1.4964090E-01
1.526169E-08,-1.4964090E-01
1.531169E-08,-1.4958819E-01
1.536169E-08,-1.4953548E-01
1.541169E-08,-1.4953548E-01
1.546169E-08,-1.4948277E-01
1.551169E-08,-1.4948277E-01
1.556169E-08,-1.4943006E-01
1.561169E-08,-1.4943006E-01
1.566169E-08,-1.4937735E-01
1.571169E-08,-1.4937735E-01
1.576169E-08,-1.4932464E-01
1.581169E-08,-1.4932464E-01
1.586169E-08,-1.4932464E-01
1.591169E-08,-1.4932464E-01
1.596169E-08,-1.4932464E-01
1.601169E-08,-1.4927194E-01
1.606169E-08,-1.4927194E-01
1.611169E-08,-1.4927194E-01
1.616169E-08,-1.4927194E-01
1.621169E-08,-1.4927194E-01
1.626169E-08,-1.4927194E-01
1.631169E-08,-1.4932464E-01
1.636169E-08,-1.4932464E-01
1.641169E-08,-1.4932464E-01
1.646169E-08,-1.4932464E-01
1.651169E-08,-1.4932464E-01
1.656169E-08,-1.4932464E-01
1.661169E-08,-1.4932464E-01
1.666169E-08,-1.4932464E-01
1.671169E-08,-1.4932464E-01
1.676169E-08,-1.4932464E-01
1.681169E-08,-1.4932464E-01
1.686169E-08,-1.4932464E-01
1.691169E-08,-1.4927194E-01
1.696169E-08,-1.4927194E-01
1.701169E-08,-1.4927194E-01
1.706169E-08,-1.4921923E-01
1.711169E-08,-1.4921923E-01
1.716169E-08,-1.4921923E-01
1.721169E-08,-1.4916652E-01
1.726169E-08,-1.4916652E-01
1.731169E-08,-1.4911381E-01
1.736169E-08,-1.4911381E-01
1.741169E-08,-1.4906110E-01
1.746169E-08,-1.4906110E-01
1.751169E-08,-1.4900839E-01
1.756169E-08,-1.4900839E-01
1.761169E-08,-1.4900839E-01
1.766169E-08,-1.4895568E-01
1.771169E-08,-1.4895568E-01
1.776169E-08,-1.4895568E-01
1.781169E-08,-1.4895568E-01
1.786169E-08,-1.4895568E-01
1.791169E-08,-1.4895568E-01
1.796169E-08,-1.4895568E-01
1.801169E-08,-1.4895568E-01
1.806169E-08,-1.4900839E-01
1.811169E-08,-1.4900839E-01
1.816169E-08,-1.4906110E-01
1.821169E-08,-1.4906110E-01
1.826169E-08,-1.4911381E-01
1.831169E-08,-1.4916652E-01
1.836169E-08,-1.4916652E-01
1.841169E-08,-1.4921923E-01
1.846169E-08,-1.4927194E-01
1.851169E-08,-1.4932464E-01
1.856169E-08,-1.4932464E-01
1.861169E-08,-1.4937735E-01
1.866169E-08,-1.4943006E-01
1.871169E-08,-1.4948277E-01
1.876169E-08,-1.4948277E-01
1.881169E-08,-1.4953548E-01
1.886169E-08,-1.4953548E-01
1.891169E-08,-1.4958819E-01
1.896169E-08,-1.4958819E-01
1.901169E-08,-1.4964090E-01
1.906169E-08,-1.4964090E-01
1.911169E-08,-1.4964090E-01
1.916169E-08,-1.4964090E-01
1.921169E-08,-1.4964090E-01
1.926169E-08,-1.4958819E-01
1.931169E-08,-1.4958819E-01
1.936169E-08,-1.4958819E-01
1.941169E-08,-1.4953548E-01
1.946169E-08,-1.4948277E-01
1.951169E-08,-1.4948277E-01
1.956169E-08,-1.4943006E-01
1.961169E-08,-1.4937735E-01
1.966169E-08,-1.4932464E-01
1.971169E-08,-1.4927194E-01
1.976169E-08,-1.4927194E-01
1.981169E-08,-1.4921923E-01
1.986169E-08,-1.4916652E-01
1.991169E-08,-1.4911381E-01
1.996169E-08,-1.4906110E-01
2.001169E-08,-1.4906110E-01
2.006169E-08,-1.4900839E-01
2.011169E-08,-1.4895568E-01
2.016169E-08,-1.4895568E-01
2.021169E-08,-1.4890297E-01
2.026169E-08,-1.4890297E-01
2.031169E-08,-1.4890297E-01
2.036169E-08,-1.4890297E-01
2.041169E-08,-1.4890297E-01
2.046169E-08,-1.4890297E-01
2.051169E-08,-1.4890297E-01
2.056169E-08,-1.4890297E-01
2.061169E-08,-1.4895568E-01
2.066169E-08,-1.4895568E-01
2.071169E-08,-1.4900839E-01
2.076169E-08,-1.4906110E-01
2.081169E-08,-1.4906110E-01
2.086169E-08,-1.4911381E-01
2.091169E-08,-1.4916652E-01
2.096169E-08,-1.4921923E-01
2.101169E-08,-1.4927194E-01
2.106169E-08,-1.4927194E-01
2.111169E-08,-1.4932464E-01
2.116169E-08,-1.4937735E-01
2.121169E-08,-1.4943006E-01
2.126169E-08,-1.4948277E-01
2.131169E-08,-1.4948277E-01
2.136169E-08,-1.4953548E-01
2.141169E-08,-1.4958819E-01
2.146169E-08,-1.4958819E-01
2.151169E-08,-1.4964090E-01
2.156169E-08,-1.4964090E-01
2.161169E-08,-1.4964090E-01
2.166169E-08,-1.4964090E-01
2.171169E-08,-1.4969361E-01
2.176169E-08,-1.4969361E-01
2.181169E-08,-1.4969361E-01
2.186169E-08,-1.4969361E-01
2.191169E-08,-1.4969361E-01
2.196169E-08,-1.4969361E-01
2.201169E-08,-1.4969361E-01
2.206169E-08,-1.4969361E-01
2.211169E-08,-1.4969361E-01
2.216169E-08,-1.4969361E-01
2.221169E-08,-1.4969361E-01
2.226169E-08,-1.4969361E-01
2.231169E-08,-1.4969361E-01
2.236169E-08,-1.4969361E-01
2.241169E-08,-1.4969361E-01
2.246169E-08,-1.4969361E-01
2.251169E-08,-1.4969361E-01
2.256169E-08,-1.4969361E-01
2.261169E-08,-1.4969361E-01
2.266169E-08,-1.4969361E-01
2.271169E-08,-1.4969361E-01
2.276169E-08,-1.4974632E-01
2.281169E-08,-1.4974632E-01
2.286169E-08,-1.4974632E-01
2.291169E-08,-1.4974632E-01
2.296169E-08,-1.4974632E-01
2.301169E-08,-1.4974632E-01
2.306169E-08,-1.4974632E-01
2.311169E-08,-1.4974632E-01
2.316169E-08,-1.4974632E-01
2.321169E-08,-1.4974632E-01
2.326169E-08,-1.4974632E-01
2.331169E-08,-1.4974632E-01
2.336169E-08,-1.4974632E-01
2.341169E-08,-1.4974632E-01
2.346169E-08,-1.4974632E-01
2.351169E-08,-1.4969361E-01
2.356169E-08,-1.4969361E-01
2.361169E-08,-1.4969361E-01
2.366169E-08,-1.4969361E-01
2.371169E-08,-1.4964090E-01
2.376169E-08,-1.4964090E-01
2.381169E-08,-1.4964090E-01
2.386169E-08,-1.4958819E-01
2.391169E-08,-1.4958819E-01
2.396169E-08,-1.4953548E-01
2.401169E-08,-1.4953548E-01
2.406169E-08,-1.4953548E-01
2.411169E-08,-1.4948277E-01
2.416169E-08,-1.4948277E-01
2.421169E-08,-1.4948277E-01
2.426169E-08,-1.4948277E-01
2.431169E-08,-1.4943006E-01
2.436169E-08,-1.4943006E-01
2.441169E-08,-1.4943006E-01
2.446169E-08,-1.4943006E-01
2.451169E-08,-1.4943006E-01
2.456169E-08,-1.4943006E-01
2.461169E-08,-1.4943006E-01
2.466169E-08,-1.4943006E-01
2.471169E-08,-1.4943006E-01
2.476169E-08,-1.4948277E-01
2.481169E-08,-1.4948277E-01
2.486169E-08,-1.4948277E-01
2.491169E-08,-1.4948277E-01
2.496169E-08,-1.4948277E-01
2.501169E-08,-1.4948277E-01
2.506169E-08,-1.4948277E-01
2.511169E-08,-1.4948277E-01
2.516169E-08,-1.4953548E-01
2.521169E-08,-1.4953548E-01
2.526169E-08,-1.4953548E-01
2.531169E-08,-1.4948277E-01
2.536169E-08,-1.4948277E-01
2.541169E-08,-1.4948277E-01
2.546169E-08,-1.4948277E-01
2.551169E-08,-1.4948277E-01
2.556169E-08,-1.4948277E-01
2.561169E-08,-1.4943006E-01
2.566169E-08,-1.4943006E-01
2.571169E-08,-1.4937735E-01
2.576169E-08,-1.4937735E-01
2.581169E-08,-1.4937735E-01
2.586169E-08,-1.4932464E-01
2.591169E-08,-1.4932464E-01
2.596169E-08,-1.4927194E-01
2.601169E-08,-1.4927194E-01
2.606169E-08,-1.4927194E-01
2.611169E-08,-1.4921923E-01
2.616169E-08,-1.4921923E-01
2.621169E-08,-1.4921923E-01
2.626169E-08,-1.4921923E-01
2.631169E-08,-1.4916652E-01
2.636169E-08,-1.4916652E-01
2.641169E-08,-1.4916652E-01
2.646169E-08,-1.4916652E-01
2.651169E-08,-1.4921923E-01
2.656169E-08,-1.4921923E-01
2.661169E-08,-1.4921923E-01
2.666169E-08,-1.4921923E-01
2.671169E-08,-1.4927194E-01
2.676169E-08,-1.4927194E-01
2.681169E-08,-1.4932464E-01
2.686169E-08,-1.4932464E-01
2.691169E-08,-1.4932464E-01
2.696169E-08,-1.4937735E-01
2.701169E-08,-1.4937735E-01
2.706169E-08,-1.4943006E-01
2.711169E-08,-1.4943006E-01
2.716169E-08,-1.4948277E-01
2.721169E-08,-1.4948277E-01
2.726169E-08,-1.4953548E-01
2.731169E-08,-1.4953548E-01
2.736169E-08,-1.4953548E-01
2.741169E-08,-1.4953548E-01
2.746169E-08,-1.4958819E-01
2.751169E-08,-1.4958819E-01
2.756169E-08,-1.4958819E-01
2.761169E-08,-1.4958819E-01
2.766169E-08,-1.4958819E-01
2.771169E-08,-1.4958819E-01
2.776169E-08,-1.4964090E-01
2.781169E-08,-1.4964090E-01
2.786169E-08,-1.4964090E-01
2.791169E-08,-1.4964090E-01
2.796169E-08,-1.4964090E-01
2.801169E-08,-1.4964090E-01
2.806169E-08,-1.4964090E-01
2.811169E-08,-1.4969361E-01
2.816169E-08,-1.4969361E-01
2.821169E-08,-1.4969361E-01
2.826169E-08,-1.4974632E-01
2.831169E-08,-1.4974632E-01
2.836169E-08,-1.4979903E-01
2.841169E-08,-1.4979903E-01
2.846169E-08,-1.4985173E-01
2.851169E-08,-1.4990444E-01
2.856169E-08,-1.4990444E-01
2.861169E-08,-1.4995715E-01
2.866169E-08,-1.5000986E-01
2.871169E-08,-1.5006257E-01
2.876169E-08,-1.5011528E-01
2.881169E-08,-1.5016799E-01
2.886169E-08,-1.5022070E-01
2.891169E-08,-1.5027341E-01
2.896169E-08,-1.5032612E-01
2.901169E-08,-1.5037883E-01
2.906169E-08,-1.5043153E-01
2.911169E-08,-1.5048424E-01
2.916169E-08,-1.5048424E-01
2.921169E-08,-1.5053695E-01
2.926169E-08,-1.5058966E-01
2.931169E-08,-1.5058966E-01
2.936169E-08,-1.5064237E-01
2.941169E-08,-1.5064237E-01
2.946169E-08,-1.5064237E-01
2.951169E-08,-1.5064237E-01
2.956169E-08,-1.5064237E-01
2.961169E-08,-1.5058966E-01
2.966169E-08,-1.5058966E-01
2.971169E-08,-1.5053695E-01
2.976169E-08,-1.5048424E-01
2.981169E-08,-1.5048424E-01
2.986169E-08,-1.5043153E-01
2.991169E-08,-1.5032612E-01
2.996169E-08,-1.5027341E-01
3.001169E-08,-1.5022070E-01
3.006169E-08,-1.5011528E-01
3.011169E-08,-1.5006257E-01
3.016169E-08,-1.4995715E-01
3.021169E-08,-1.4985173E-01
3.026169E-08,-1.4979903E-01
3.031169E-08,-1.4969361E-01
3.036169E-08,-1.4958819E-01
3.041169E-08,-1.4953548E-01
3.046169E-08,-1.4943006E-01
3.051169E-08,-1.4937735E-01
3.056169E-08,-1.4927194E-01
3.061169E-08,-1.4921923E-01
3.066169E-08,-1.4911381E-01
3.071169E-08,-1.4906110E-01
3.076169E-08,-1.4900839E-01
3.081169E-08,-1.4895568E-01
3.086169E-08,-1.4890297E-01
3.091169E-08,-1.4885026E-01
3.096169E-08,-1.4879755E-01
3.101169E-08,-1.4874485E-01
3.106169E-08,-1.4874485E-01
3.111169E-08,-1.4874485E-01
3.116169E-08,-1.4869214E-01
3.121169E-08,-1.4869214E-01
3.126169E-08,-1.4869214E-01
3.131169E-08,-1.4869214E-01
3.136169E-08,-1.4869214E-01
3.141169E-08,-1.4874485E-01
3.146169E-08,-1.4874485E-01
3.151169E-08,-1.4879755E-01
3.156169E-08,-1.4879755E-01
3.161169E-08,-1.4885026E-01
3.166169E-08,-1.4890297E-01
3.171169E-08,-1.4895568E-01
3.176169E-08,-1.4900839E-01
3.181169E-08,-1.4906110E-01
3.186169E-08,-1.4911381E-01
3.191169E-08,-1.4916652E-01
3.196169E-08,-1.4921923E-01
3.201169E-08,-1.4927194E-01
3.206169E-08,-1.4932464E-01
3.211169E-08,-1.4943006E-01
3.216169E-08,-1.4948277E-01
3.221169E-08,-1.4953548E-01
3.226169E-08,-1.4964090E-01
3.231169E-08,-1.4969361E-01
3.236169E-08,-1.4974632E-01
3.241169E-08,-1.4979903E-01
3.246169E-08,-1.4990444E-01
3.251169E-08,-1.4995715E-01
3.256169E-08,-1.5000986E-01
3.261169E-08,-1.5006257E-01
3.266169E-08,-1.5011528E-01
3.271169E-08,-1.5016799E-01
3.276169E-08,-1.5022070E-01
3.281169E-08,-1.5027341E-01
3.286169E-08,-1.5032612E-01
3.291169E-08,-1.5037883E-01
3.296169E-08,-1.5037883E-01
3.301169E-08,-1.5043153E-01
3.306169E-08,-1.5043153E-01
3.311169E-08,-1.5048424E-01
3.316169E-08,-1.5048424E-01
3.321169E-08,-1.5053695E-01
3.326169E-08,-1.5053695E-01
3.331169E-08,-1.5053695E-01
3.336169E-08,-1.5053695E-01
3.341169E-08,-1.5053695E-01
3.346169E-08,-1.5053695E-01
3.351169E-08,-1.5053695E-01
3.356169E-08,-1.5053695E-01
3.361169E-08,-1.5053695E-01
3.366169E-08,-1.5053695E-01
3.371169E-08,-1.5053695E-01
3.376169E-08,-1.5048424E-01
3.381169E-08,-1.5048424E-01
3.386169E-08,-1.5048424E-01
3.391169E-08,-1.5048424E-01
3.396169E-08,-1.5043153E-01
3.401169E-08,-1.5043153E-01
3.406169E-08,-1.5043153E-01
3.411169E-08,-1.5037883E-01
3.416169E-08,-1.5037883E-01
3.421169E-08,-1.5037883E-01
3.426169E-08,-1.5037883E-01
3.431169E-08,-1.5037883E-01
3.436169E-08,-1.5037883E-01
3.441169E-08,-1.5032612E-01
3.446169E-08,-1.5032612E-01
3.451169E-08,-1.5032612E-01
3.456169E-08,-1.5032612E-01
3.461169E-08,-1.5032612E-01
3.466169E-08,-1.5032612E-01
3.471169E-08,-1.5032612E-01
3.476169E-08,-1.5032612E-01
3.481169E-08,-1.5032612E-01
3.486169E-08,-1.5032612E-01
3.491169E-08,-1.5032612E-01
3.496169E-08,-1.5032612E-01
3.501169E-08,-1.5032612E-01
3.506169E-08,-1.5032612E-01
3.511169E-08,-1.5032612E-01
3.516169E-08,-1.5032612E-01
3.521169E-08,-1.5032612E-01
3.526169E-08,-1.5032612E-01
3.531169E-08,-1.5032612E-01
3.536169E-08,-1.5032612E-01
3.541169E-08,-1.5027341E-01
3.546169E-08,-1.5027341E-01
3.551169E-08,-1.5027341E-01
3.556169E-08,-1.5022070E-01
3.561169E-08,-1.5022070E-01
3.566169E-08,-1.5016799E-01
3.571169E-08,-1.5011528E-01
3.576169E-08,-1.5011528E-01
3.581169E-08,-1.5006257E-01
3.586169E-08,-1.5000986E-01
3.591169E-08,-1.5000986E-01
3.596169E-08,-1.4995715E-01
3.601169E-08,-1.4990444E-01
3.606169E-08,-1.4985173E-01
3.611169E-08,-1.4979903E-01
3.616169E-08,-1.4974632E-01
3.621169E-08,-1.4974632E-01
3.626169E-08,-1.4969361E-01
3.631169E-08,-1.4964090E-01
3.636169E-08,-1.4958819E-01
3.641169E-08,-1.4953548E-01
3.646169E-08,-1.4948277E-01
3.651169E-08,-1.4943006E-01
3.656169E-08,-1.4937735E-01
3.661169E-08,-1.4937735E-01
3.666169E-08,-1.4932464E-01
3.671169E-08,-1.4927194E-01
3.676169E-08,-1.4921923E-01
3.681169E-08,-1.4921923E-01
3.686169E-08,-1.4916652E-01
3.691169E-08,-1.4911381E-01
3.696169E-08,-1.4906110E-01
3.701169E-08,-1.4906110E-01
3.706169E-08,-1.4900839E-01
3.711169E-08,-1.4900839E-01
3.716169E-08,-1.4895568E-01
3.721169E-08,-1.4895568E-01
3.726169E-08,-1.4890297E-01
3.731169E-08,-1.4890297E-01
3.736169E-08,-1.4890297E-01
3.741169E-08,-1.4885026E-01
3.746169E-08,-1.4885026E-01
3.751169E-08,-1.4885026E-01
3.756169E-08,-1.4885026E-01
3.761169E-08,-1.4885026E-01
3.766169E-08,-1.4885026E-01
3.771169E-08,-1.4885026E-01
3.776169E-08,-1.4885026E-01
3.781169E-08,-1.4885026E-01
3.786169E-08,-1.4885026E-01
3.791169E-08,-1.4890297E-01
3.796169E-08,-1.4890297E-01
3.801169E-08,-1.4890297E-01
3.806169E-08,-1.4895568E-01
3.811169E-08,-1.4895568E-01
3.816169E-08,-1.4900839E-01
3.821169E-08,-1.4900839E-01
3.826169E-08,-1.4906110E-01
3.831169E-08,-1.4911381E-01
3.836169E-08,-1.4911381E-01
3.841169E-08,-1.4916652E-01
3.846169E-08,-1.4921923E-01
3.851169E-08,-1.4927194E-01
3.856169E-08,-1.4927194E-01
3.861169E-08,-1.4932464E-01
3.866169E-08,-1.4937735E-01
3.871169E-08,-1.4943006E-01
3.876169E-08,-1.4948277E-01
3.881169E-08,-1.4948277E-01
3.886169E-08,-1.4953548E-01
3.891169E-08,-1.4958819E-01
3.896169E-08,-1.4964090E-01
3.901169E-08,-1.4969361E-01
3.906169E-08,-1.4969361E-01
3.911169E-08,-1.4974632E-01
3.916169E-08,-1.4979903E-01
3.921169E-08,-1.4985173E-01
3.926169E-08,-1.4985173E-01
3.931169E-08,-1.4990444E-01
3.936169E-08,-1.4995715E-01
3.941169E-08,-1.5000986E-01
3.946169E-08,-1.5000986E-01
3.951169E-08,-1.5006257E-01
3.956169E-08,-1.5006257E-01
3.961169E-08,-1.5011528E-01
3.966169E-08,-1.5016799E-01
3.971169E-08,-1.5016799E-01
3.976169E-08,-1.5022070E-01
3.981169E-08,-1.5022070E-01
3.986169E-08,-1.5027341E-01
3.991169E-08,-1.5027341E-01
3.996169E-08,-1.5027341E-01
4.001169E-08,-1.5032612E-01
4.006169E-08,-1.5032612E-01
4.011169E-08,-1.5032612E-01
4.016169E-08,-1.5037883E-01
4.021169E-08,-1.5037883E-01
4.026169E-08,-1.5037883E-01
4.031169E-08,-1.5037883E-01
4.036169E-08,-1.5037883E-01
4.041169E-08,-1.5037883E-01
4.046169E-08,-1.5037883E-01
4.051169E-08,-1.5037883E-01
4.056169E-08,-1.5037883E-01
4.061169E-08,-1.5037883E-01
4.066169E-08,-1.5032612E-01
4.071169E-08,-1.5032612E-01
4.076169E-08,-1.5032612E-01
4.081169E-08,-1.5027341E-01
4.086169E-08,-1.5027341E-01
4.091169E-08,-1.5022070E-01
4.096169E-08,-1.5022070E-01
4.101169E-08,-1.5016799E-01
4.106169E-08,-1.5016799E-01
4.111169E-08,-1.5011528E-01
4.116169E-08,-1.5006257E-01
4.121169E-08,-1.5006257E-01
4.126169E-08,-1.5000986E-01
4.131169E-08,-1.5000986E-01
4.136169E-08,-1.4995715E-01
4.141169E-08,-1.4995715E-01
4.146169E-08,-1.4990444E-01
4.151169E-08,-1.4990444E-01
4.156169E-08,-1.4985173E-01
4.161169E-08,-1.4985173E-01
4.166169E-08,-1.4985173E-01
4.171169E-08,-1.4985173E-01
4.176169E-08,-1.4985173E-01
4.181169E-08,-1.4985173E-01
4.186169E-08,-1.4985173E-01
4.191169E-08,-1.4985173E-01
4.196169E-08,-1.4985173E-01
4.201169E-08,-1.4985173E-01
4.206169E-08,-1.4990444E-01
4.211169E-08,-1.4990444E-01
4.216169E-08,-1.4995715E-01
4.221169E-08,-1.4995715E-01
4.226169E-08,-1.5000986E-01
4.231169E-08,-1.5000986E-01
4.236169E-08,-1.5006257E-01
4.241169E-08,-1.5006257E-01
4.246169E-08,-1.5011528E-01
4.251169E-08,-1.5011528E-01
4.256169E-08,-1.5016799E-01
4.261169E-08,-1.5016799E-01
4.266169E-08,-1.5016799E-01
4.271169E-08,-1.5016799E-01
4.276169E-08,-1.5022070E-01
4.281169E-08,-1.5022070E-01
4.286169E-08,-1.5022070E-01
4.291169E-08,-1.5016799E-01
4.296169E-08,-1.5016799E-01
4.301169E-08,-1.5016799E-01
4.306169E-08,-1.5011528E-01
4.311169E-08,-1.5011528E-01
4.316169E-08,-1.5006257E-01
4.321169E-08,-1.5006257E-01
4.326169E-08,-1.5000986E-01
4.331169E-08,-1.4995715E-01
4.336169E-08,-1.4990444E-01
4.341169E-08,-1.4985173E-01
4.346169E-08,-1.4979903E-01
4.351169E-08,-1.4974632E-01
4.356169E-08,-1.4969361E-01
4.361169E-08,-1.4964090E-01
4.366169E-08,-1.4958819E-01
4.371169E-08,-1.4958819E-01
4.376169E-08,-1.4953548E-01
4.381169E-08,-1.4948277E-01
4.386169E-08,-1.4943006E-01
4.391169E-08,-1.4937735E-01
4.396169E-08,-1.4937735E-01
4.401169E-08,-1.4932464E-01
4.406169E-08,-1.4927194E-01
4.411169E-08,-1.4927194E-01
4.416169E-08,-1.4927194E-01
4.421169E-08,-1.4921923E-01
4.426169E-08,-1.4921923E-01
4.431169E-08,-1.4921923E-01
4.436169E-08,-1.4921923E-01
4.441169E-08,-1.4921923E-01
4.446169E-08,-1.4921923E-01
4.451169E-08,-1.4921923E-01
4.456169E-08,-1.4921923E-01
4.461169E-08,-1.4927194E-01
4.466169E-08,-1.4927194E-01
4.471169E-08,-1.4927194E-01
4.476169E-08,-1.4927194E-01
4.481169E-08,-1.4932464E-01
4.486169E-08,-1.4932464E-01
4.491169E-08,-1.4932464E-01
4.496169E-08,-1.4937735E-01
4.501169E-08,-1.4937735E-01
4.506169E-08,-1.4937735E-01
4.511169E-08,-1.4937735E-01
4.516169E-08,-1.4943006E-01
4.521169E-08,-1.4943006E-01
4.526169E-08,-1.4943006E-01
4.531169E-08,-1.4943006E-01
4.536169E-08,-1.4948277E-01
4.541169E-08,-1.4948277E-01
4.546169E-08,-1.4948277E-01
4.551169E-08,-1.4948277E-01
4.556169E-08,-1.4948277E-01
4.561169E-08,-1.4953548E-01
4.566169E-08,-1.4953548E-01
4.571169E-08,-1.4953548E-01
4.576169E-08,-1.4953548E-01
4.581169E-08,-1.4958819E-01
4.586169E-08,-1.4958819E-01
4.591169E-08,-1.4958819E-01
4.596169E-08,-1.4964090E-01
4.601169E-08,-1.4964090E-01
4.606169E-08,-1.4964090E-01
4.611169E-08,-1.4969361E-01
4.616169E-08,-1.4969361E-01
4.621169E-08,-1.4974632E-01
4.626169E-08,-1.4974632E-01
4.631169E-08,-1.4979903E-01
4.636169E-08,-1.4979903E-01
4.641169E-08,-1.4985173E-01
4.646169E-08,-1.4985173E-01
4.651169E-08,-1.4990444E-01
4.656169E-08,-1.4990444E-01
4.661169E-08,-1.4995715E-01
4.666169E-08,-1.4995715E-01
4.671169E-08,-1.4995715E-01
4.676169E-08,-1.5000986E-01
4.681169E-08,-1.5000986E-01
4.686169E-08,-1.5000986E-01
4.691169E-08,-1.5000986E-01
4.696169E-08,-1.5000986E-01
4.701169E-08,-1.5000986E-01
4.706169E-08,-1.5000986E-01
4.711169E-08,-1.5000986E-01
4.716169E-08,-1.4995715E-01
4.721169E-08,-1.4995715E-01
4.726169E-08,-1.4995715E-01
4.731169E-08,-1.4990444E-01
4.736169E-08,-1.4990444E-01
4.741169E-08,-1.4985173E-01
4.746169E-08,-1.4985173E-01
4.751169E-08,-1.4979903E-01
4.756169E-08,-1.4979903E-01
4.761169E-08,-1.4974632E-01
4.766169E-08,-1.4974632E-01
4.771169E-08,-1.4969361E-01
4.776169E-08,-1.4969361E-01
4.781169E-08,-1.4964090E-01
4.786169E-08,-1.4964090E-01
4.791169E-08,-1.4964090E-01
4.796169E-08,-1.4958819E-01
4.801169E-08,-1.4958819E-01
4.806169E-08,-1.4958819E-01
4.811169E-08,-1.4958819E-01
4.816169E-08,-1.4958819E-01
4.821169E-08,-1.4958819E-01
4.826169E-08,-1.4958819E-01
4.831169E-08,-1.4958819E-01
4.836169E-08,-1.4958819E-01
4.841169E-08,-1.4964090E-01
4.846169E-08,-1.4964090E-01
4.851169E-08,-1.4964090E-01
4.856169E-08,-1.4969361E-01
4.861169E-08,-1.4969361E-01
4.866169E-08,-1.4969361E-01
4.871169E-08,-1.4974632E-01
4.876169E-08,-1.4974632E-01
4.881169E-08,-1.4979903E-01
4.886169E-08,-1.4979903E-01
4.891169E-08,-1.4979903E-01
4.896169E-08,-1.4985173E-01
4.901169E-08,-1.4985173E-01
4.906169E-08,-1.4985173E-01
4.911169E-08,-1.4985173E-01
4.916169E-08,-1.4990444E-01
4.921169E-08,-1.4990444E-01
4.926169E-08,-1.4990444E-01
4.931169E-08,-1.4990444E-01
4.936169E-08,-1.4985173E-01
4.941169E-08,-1.4985173E-01
4.946169E-08,-1.4985173E-01
4.951169E-08,-1.4985173E-01
4.956169E-08,-1.4979903E-01
4.961169E-08,-1.4979903E-01
4.966169E-08,-1.4974632E-01
4.971169E-08,-1.4974632E-01
4.976169E-08,-1.4969361E-01
4.981169E-08,-1.4964090E-01
4.986169E-08,-1.4958819E-01
4.991169E-08,-1.4958819E-01
4.996169E-08,-1.4953548E-01
5.001169E-08,-1.4948277E-01
5.006169E-08,-1.4943006E-01
5.011169E-08,-1.4937735E-01
5.016169E-08,-1.4932464E-01
5.021169E-08,-1.4927194E-01
5.026169E-08,-1.4927194E-01
5.031169E-08,-1.4921923E-01
5.036169E-08,-1.4916652E-01
5.041169E-08,-1.4911381E-01
5.046169E-08,-1.4906110E-01
5.051169E-08,-1.4906110E-01
5.056169E-08,-1.4900839E-01
5.061169E-08,-1.4900839E-01
5.066169E-08,-1.4895568E-01
5.071169E-08,-1.4895568E-01
5.076169E-08,-1.4890297E-01
5.081169E-08,-1.4890297E-01
5.086169E-08,-1.4885026E-01
5.091169E-08,-1.4885026E-01
5.096169E-08,-1.4885026E-01
5.101169E-08,-1.4885026E-01
5.106169E-08,-1.4885026E-01
5.111169E-08,-1.4885026E-01
5.116169E-08,-1.4885026E-01
5.121169E-08,-1.4885026E-01
5.126169E-08,-1.4885026E-01
5.131169E-08,-1.4890297E-01
5.136169E-08,-1.4890297E-01
5.141169E-08,-1.4895568E-01
5.146169E-08,-1.4895568E-01
5.151169E-08,-1.4900839E-01
5.156169E-08,-1.4900839E-01
5.161169E-08,-1.4906110E-01
5.166169E-08,-1.4906110E-01
5.171169E-08,-1.4911381E-01
5.176169E-08,-1.4916652E-01
5.181169E-08,-1.4921923E-01
5.186169E-08,-1.4921923E-01
5.191169E-08,-1.4927194E-01
5.196169E-08,-1.4927194E-01
5.201169E-08,-1.4932464E-01
5.206169E-08,-1.4937735E-01
5.211169E-08,-1.4937735E-01
5.216169E-08,-1.4937735E-01
5.221169E-08,-1.4943006E-01
5.226169E-08,-1.4943006E-01
5.231169E-08,-1.4943006E-01
5.236169E-08,-1.4943006E-01
5.241169E-08,-1.4943006E-01
5.246169E-08,-1.4943006E-01
5.251169E-08,-1.4943006E-01
5.256169E-08,-1.4937735E-01
5.261169E-08,-1.4937735E-01
5.266169E-08,-1.4932464E-01
5.271169E-08,-1.4932464E-01
5.276169E-08,-1.4927194E-01
5.281169E-08,-1.4921923E-01
5.286169E-08,-1.4916652E-01
5.291169E-08,-1.4911381E-01
5.296169E-08,-1.4911381E-01
5.301169E-08,-1.4906110E-01
5.306169E-08,-1.4900839E-01
5.311169E-08,-1.4895568E-01
5.316169E-08,-1.4890297E-01
5.321169E-08,-1.4890297E-01
5.326169E-08,-1.4885026E-01
5.331169E-08,-1.4879755E-01
5.336169E-08,-1.4879755E-01
5.341169E-08,-1.4879755E-01
5.346169E-08,-1.4874485E-01
5.351169E-08,-1.4874485E-01
5.356169E-08,-1.4874485E-01
5.361169E-08,-1.4874485E-01
5.366169E-08,-1.4879755E-01
5.371169E-08,-1.4879755E-01
5.376169E-08,-1.4885026E-01
5.381169E-08,-1.4885026E-01
5.386169E-08,-1.4890297E-01
5.391169E-08,-1.4895568E-01
5.396169E-08,-1.4900839E-01
5.401169E-08,-1.4906110E-01
5.406169E-08,-1.4911381E-01
5.411169E-08,-1.4921923E-01
5.416169E-08,-1.4927194E-01
5.421169E-08,-1.4932464E-01
5.426169E-08,-1.4937735E-01
5.431169E-08,-1.4948277E-01
5.436169E-08,-1.4953548E-01
5.441169E-08,-1.4958819E-01
5.446169E-08,-1.4964090E-01
5.451169E-08,-1.4969361E-01
5.456169E-08,-1.4974632E-01
5.461169E-08,-1.4979903E-01
5.466169E-08,-1.4985173E-01
5.471169E-08,-1.4990444E-01
5.476169E-08,-1.4990444E-01
5.481169E-08,-1.4995715E-01
5.486169E-08,-1.4995715E-01
5.491169E-08,-1.4995715E-01
5.496169E-08,-1.5000986E-01
5.501169E-08,-1.4995715E-01
5.506169E-08,-1.4995715E-01
5.511169E-08,-1.4995715E-01
5.516169E-08,-1.4995715E-01
5.521169E-08,-1.4990444E-01
5.526169E-08,-1.4990444E-01
5.531169E-08,-1.4985173E-01
5.536169E-08,-1.4985173E-01
5.541169E-08,-1.4979903E-01
5.546169E-08,-1.4974632E-01
5.551169E-08,-1.4974632E-01
5.556169E-08,-1.4969361E-01
5.561169E-08,-1.4969361E-01
5.566169E-08,-1.4969361E-01
5.571169E-08,-1.4964090E-01
5.576169E-08,-1.4964090E-01
5.581169E-08,-1.4964090E-01
5.586169E-08,-1.4964090E-01
5.591169E-08,-1.4964090E-01
5.596169E-08,-1.4964090E-01
5.601169E-08,-1.4969361E-01
5.606169E-08,-1.4969361E-01
5.611169E-08,-1.4969361E-01
5.616169E-08,-1.4974632E-01
5.621169E-08,-1.4979903E-01
5.626169E-08,-1.4979903E-01
5.631169E-08,-1.4985173E-01
5.636169E-08,-1.4990444E-01
5.641169E-08,-1.4995715E-01
5.646169E-08,-1.5000986E-01
5.651169E-08,-1.5000986E-01
5.656169E-08,-1.5006257E-01
5.661169E-08,-1.5011528E-01
5.666169E-08,-1.5016799E-01
5.671169E-08,-1.5016799E-01
5.676169E-08,-1.5022070E-01
5.681169E-08,-1.5022070E-01
5.686169E-08,-1.5022070E-01
5.691169E-08,-1.5022070E-01
5.696169E-08,-1.5022070E-01
5.701169E-08,-1.5022070E-01
5.706169E-08,-1.5022070E-01
5.711169E-08,-1.5022070E-01
5.716169E-08,-1.5016799E-01
5.721169E-08,-1.5016799E-01
5.726169E-08,-1.5011528E-01
5.731169E-08,-1.5006257E-01
5.736169E-08,-1.5000986E-01
5.741169E-08,-1.4995715E-01
5.746169E-08,-1.4990444E-01
5.751169E-08,-1.4985173E-01
5.756169E-08,-1.4979903E-01
5.761169E-08,-1.4974632E-01
5.766169E-08,-1.4969361E-01
5.771169E-08,-1.4964090E-01
5.776169E-08,-1.4958819E-01
5.781169E-08,-1.4948277E-01
5.786169E-08,-1.4943006E-01
5.791169E-08,-1.4943006E-01
5.796169E-08,-1.4937735E-01
5.801169E-08,-1.4932464E-01
5.806169E-08,-1.4927194E-01
5.811169E-08,-1.4921923E-01
5.816169E-08,-1.4921923E-01
5.821169E-08,-1.4916652E-01
5.826169E-08,-1.4916652E-01
5.831169E-08,-1.4911381E-01
5.836169E-08,-1.4911381E-01
5.841169E-08,-1.4911381E-01
5.846169E-08,-1.4906110E-01
5.851169E-08,-1.4906110E-01
5.856169E-08,-1.4906110E-01
5.861169E-08,-1.4906110E-01
5.866169E-08,-1.4906110E-01
5.871169E-08,-1.4906110E-01
5.876169E-08,-1.4906110E-01
5.881169E-08,-1.4906110E-01
5.886169E-08,-1.4906110E-01
5.891169E-08,-1.4906110E-01
5.896169E-08,-1.4906110E-01
5.901169E-08,-1.4906110E-01
5.906169E-08,-1.4906110E-01
5.911169E-08,-1.4900839E-01
5.916169E-08,-1.4900839E-01
5.921169E-08,-1.4900839E-01
5.926169E-08,-1.4900839E-01
5.931169E-08,-1.4900839E-01
5.936169E-08,-1.4900839E-01
5.941169E-08,-1.4900839E-01
5.946169E-08,-1.4895568E-01
5.951169E-08,-1.4895568E-01
5.956169E-08,-1.4895568E-01
5.961169E-08,-1.4895568E-01
5.966169E-08,-1.4895568E-01
5.971169E-08,-1.4895568E-01
5.976169E-08,-1.4895568E-01
5.981169E-08,-1.4895568E-01
5.986169E-08,-1.4895568E-01
5.991169E-08,-1.4895568E-01
5.996169E-08,-1.4895568E-01
6.001169E-08,-1.4895568E-01
6.006169E-08,-1.4895568E-01
6.011169E-08,-1.4900839E-01
6.016169E-08,-1.4900839E-01
6.021169E-08,-1.4906110E-01
6.026169E-08,-1.4906110E-01
6.031169E-08,-1.4911381E-01
6.036169E-08,-1.4916652E-01
6.041169E-08,-1.4921923E-01
6.046169E-08,-1.4927194E-01
6.051169E-08,-1.4932464E-01
6.056169E-08,-1.4937735E-01
6.061169E-08,-1.4943006E-01
6.066169E-08,-1.4948277E-01
6.071169E-08,-1.4953548E-01
6.076169E-08,-1.4958819E-01
6.081169E-08,-1.4964090E-01
6.086169E-08,-1.4969361E-01
6.091169E-08,-1.4974632E-01
6.096169E-08,-1.4985173E-01
6.101169E-08,-1.4990444E-01
6.106169E-08,-1.4995715E-01
6.111169E-08,-1.5000986E-01
6.116169E-08,-1.5006257E-01
6.121169E-08,-1.5011528E-01
6.126169E-08,-1.5016799E-01
6.131169E-08,-1.5022070E-01
6.136169E-08,-1.5027341E-01
6.141169E-08,-1.5027341E-01
6.146169E-08,-1.5032612E-01
6.151169E-08,-1.5037883E-01
6.156169E-08,-1.5037883E-01
6.161169E-08,-1.5043153E-01
6.166169E-08,-1.5043153E-01
6.171169E-08,-1.5048424E-01
6.176169E-08,-1.5048424E-01
6.181169E-08,-1.5048424E-01
6.186169E-08,-1.5053695E-01
6.191169E-08,-1.5053695E-01
6.196169E-08,-1.5053695E-01
6.201169E-08,-1.5053695E-01
6.206169E-08,-1.5053695E-01
6.211169E-08,-1.5048424E-01
6.216169E-08,-1.5048424E-01
6.221169E-08,-1.5048424E-01
6.226169E-08,-1.5048424E-01
6.231169E-08,-1.5048424E-01
6.236169E-08,-1.5043153E-01
6.241169E-08,-1.5043153E-01
6.246169E-08,-1.5043153E-01
6.251169E-08,-1.5037883E-01
6.256169E-08,-1.5037883E-01
6.261169E-08,-1.5037883E-01
6.266169E-08,-1.5032612E-01
6.271169E-08,-1.5032612E-01
6.276169E-08,-1.5032612E-01
6.281169E-08,-1.5027341E-01
6.286169E-08,-1.5027341E-01
6.291169E-08,-1.5027341E-01
6.296169E-08,-1.5027341E-01
6.301169E-08,-1.5027341E-01
6.306169E-08,-1.5027341E-01
6.311169E-08,-1.5027341E-01
6.316169E-08,-1.5027341E-01
6.321169E-08,-1.5027341E-01
6.326169E-08,-1.5027341E-01
6.331169E-08,-1.5032612E-01
6.336169E-08,-1.5032612E-01
6.341169E-08,-1.5032612E-01
6.346169E-08,-1.5032612E-01
6.351169E-08,-1.5037883E-01
6.356169E-08,-1.5037883E-01
6.361169E-08,-1.5037883E-01
6.366169E-08,-1.5037883E-01
6.371169E-08,-1.5037883E-01
6.376169E-08,-1.5037883E-01
6.381169E-08,-1.5037883E-01
6.386169E-08,-1.5037883E-01
6.391169E-08,-1.5037883E-01
6.396169E-08,-1.5032612E-01
6.401169E-08,-1.5032612E-01
6.406169E-08,-1.5027341E-01
6.411169E-08,-1.5022070E-01
6.416169E-08,-1.5016799E-01
6.421169E-08,-1.5011528E-01
6.426169E-08,-1.5006257E-01
6.431169E-08,-1.5000986E-01
6.436169E-08,-1.4990444E-01
6.441169E-08,-1.4979903E-01
6.446169E-08,-1.4974632E-01
6.451169E-08,-1.4964090E-01
6.456169E-08,-1.4953548E-01
6.461169E-08,-1.4943006E-01
6.466169E-08,-1.4932464E-01
6.471169E-08,-1.4921923E-01
6.476169E-08,-1.4911381E-01
6.481169E-08,-1.4900839E-01
6.486169E-08,-1.4890297E-01
6.491169E-08,-1.4879755E-01
6.496169E-08,-1.4869214E-01
6.501169E-08,-1.4858672E-01
6.506169E-08,-1.4853401E-01
6.511169E-08,-1.4842859E-01
6.516169E-08,-1.4837588E-01
6.521169E-08,-1.4832317E-01
6.526169E-08,-1.4827046E-01
6.531169E-08,-1.4827046E-01
6.536169E-08,-1.4821776E-01
6.541169E-08,-1.4821776E-01
6.546169E-08,-1.4821776E-01
6.551169E-08,-1.4827046E-01
6.556169E-08,-1.4827046E-01
6.561169E-08,-1.4832317E-01
6.566169E-08,-1.4837588E-01
6.571169E-08,-1.4848130E-01
6.576169E-08,-1.4853401E-01
6.581169E-08,-1.4863943E-01
6.586169E-08,-1.4869214E-01
6.591169E-08,-1.4879755E-01
6.596169E-08,-1.4890297E-01
6.601169E-08,-1.4900839E-01
6.606169E-08,-1.4911381E-01
6.611169E-08,-1.4921923E-01
6.616169E-08,-1.4932464E-01
6.621169E-08,-1.4943006E-01
6.626169E-08,-1.4948277E-01
6.631169E-08,-1.4958819E-01
6.636169E-08,-1.4969361E-01
6.641169E-08,-1.4974632E-01
6.646169E-08,-1.4979903E-01
6.651169E-08,-1.4985173E-01
6.656169E-08,-1.4990444E-01
6.661169E-08,-1.4990444E-01
6.666169E-08,-1.4995715E-01
6.671169E-08,-1.4995715E-01
6.676169E-08,-1.4995715E-01
6.681169E-08,-1.4990444E-01
6.686169E-08,-1.4990444E-01
6.691169E-08,-1.4985173E-01
6.696169E-08,-1.4979903E-01
6.701169E-08,-1.4974632E-01
6.706169E-08,-1.4969361E-01
6.711169E-08,-1.4964090E-01
6.716169E-08,-1.4958819E-01
6.721169E-08,-1.4953548E-01
6.726169E-08,-1.4943006E-01
6.731169E-08,-1.4937735E-01
6.736169E-08,-1.4932464E-01
6.741169E-08,-1.4927194E-01
6.746169E-08,-1.4921923E-01
6.751169E-08,-1.4916652E-01
6.756169E-08,-1.4911381E-01
6.761169E-08,-1.4911381E-01
6.766169E-08,-1.4906110E-01
6.771169E-08,-1.4906110E-01
6.776169E-08,-1.4906110E-01
6.781169E-08,-1.4906110E-01
6.786169E-08,-1.4906110E-01
6.791169E-08,-1.4906110E-01
6.796169E-08,-1.4911381E-01
6.801169E-08,-1.4916652E-01
6.806169E-08,-1.4921923E-01
6.811169E-08,-1.4921923E-01
6.816169E-08,-1.4927194E-01
6.821169E-08,-1.4937735E-01
6.826169E-08,-1.4943006E-01
6.831169E-08,-1.4948277E-01
6.836169E-08,-1.4953548E-01
6.841169E-08,-1.4964090E-01
6.846169E-08,-1.4969361E-01
6.851169E-08,-1.4974632E-01
6.856169E-08,-1.4979903E-01
6.861169E-08,-1.4985173E-01
6.866169E-08,-1.4990444E-01
6.871169E-08,-1.4995715E-01
6.876169E-08,-1.5000986E-01
6.881169E-08,-1.5006257E-01
6.886169E-08,-1.5011528E-01
6.891169E-08,-1.5011528E-01
6.896169E-08,-1.5011528E-01
6.901169E-08,-1.5016799E-01
6.906169E-08,-1.5016799E-01
6.911169E-08,-1.5016799E-01
6.916169E-08,-1.5016799E-01
6.921169E-08,-1.5011528E-01
6.926169E-08,-1.5011528E-01
6.931169E-08,-1.5011528E-01
6.936169E-08,-1.5006257E-01
6.941169E-08,-1.5006257E-01
6.946169E-08,-1.5000986E-01
6.951169E-08,-1.5000986E-01
6.956169E-08,-1.4995715E-01
6.961169E-08,-1.4995715E-01
6.966169E-08,-1.4990444E-01
6.971169E-08,-1.4985173E-01
6.976169E-08,-1.4985173E-01
6.981169E-08,-1.4979903E-01
6.986169E-08,-1.4979903E-01
6.991169E-08,-1.4974632E-01
6.996169E-08,-1.4974632E-01
7.001169E-08,-1.4969361E-01
7.006169E-08,-1.4969361E-01
7.011169E-08,-1.4964090E-01
7.016169E-08,-1.4964090E-01
7.021169E-08,-1.4958819E-01
7.026169E-08,-1.4958819E-01
7.031169E-08,-1.4953548E-01
7.036169E-08,-1.4953548E-01
7.041169E-08,-1.4953548E-01
7.046169E-08,-1.4948277E-01
7.051169E-08,-1.4948277E-01
7.056169E-08,-1.4943006E-01
7.061169E-08,-1.4943006E-01
7.066169E-08,-1.4937735E-01
7.071169E-08,-1.4937735E-01
7.076169E-08,-1.4932464E-01
7.081169E-08,-1.4927194E-01
7.086169E-08,-1.4927194E-01
7.091169E-08,-1.4921923E-01
7.096169E-08,-1.4921923E-01
7.101169E-08,-1.4916652E-01
7.106169E-08,-1.4911381E-01
7.111169E-08,-1.4911381E-01
7.116169E-08,-1.4906110E-01
7.121169E-08,-1.4906110E-01
7.126169E-08,-1.4900839E-01
7.131169E-08,-1.4900839E-01
7.136169E-08,-1.4895568E-01
7.141169E-08,-1.4895568E-01
7.146169E-08,-1.4895568E-01
7.151169E-08,-1.4895568E-01
7.156169E-08,-1.4895568E-01
7.161169E-08,-1.4895568E-01
7.166169E-08,-1.4895568E-01
7.171169E-08,-1.4895568E-01
7.176169E-08,-1.4900839E-01
7.181169E-08,-1.4900839E-01
7.186169E-08,-1.4906110E-01
7.191169E-08,-1.4906110E-01
7.196169E-08,-1.4911381E-01
7.201169E-08,-1.4916652E-01
7.206169E-08,-1.4916652E-01
7.211169E-08,-1.4921923E-01
7.216169E-08,-1.4927194E-01
7.221169E-08,-1.4932464E-01
7.226169E-08,-1.4937735E-01
7.231169E-08,-1.4943006E-01
7.236169E-08,-1.4943006E-01
7.241169E-08,-1.4948277E-01
7.246169E-08,-1.4953548E-01
7.251169E-08,-1.4953548E-01
7.256169E-08,-1.4958819E-01
7.261169E-08,-1.4958819E-01
7.266169E-08,-1.4964090E-01
7.271169E-08,-1.4964090E-01
7.276169E-08,-1.4964090E-01
7.281169E-08,-1.4964090E-01
7.286169E-08,-1.4964090E-01
7.291169E-08,-1.4958819E-01
7.296169E-08,-1.4958819E-01
7.301169E-08,-1.4958819E-01
7.306169E-08,-1.4953548E-01
7.311169E-08,-1.4953548E-01
7.316169E-08,-1.4948277E-01
7.321169E-08,-1.4948277E-01
7.326169E-08,-1.4943006E-01
7.331169E-08,-1.4937735E-01
7.336169E-08,-1.4937735E-01
7.341169E-08,-1.4932464E-01
7.346169E-08,-1.4927194E-01
7.351169E-08,-1.4927194E-01
7.356169E-08,-1.4921923E-01
7.361169E-08,-1.4921923E-01
7.366169E-08,-1.4921923E-01
7.371169E-08,-1.4916652E-01
7.376169E-08,-1.4916652E-01
7.381169E-08,-1.4916652E-01
7.386169E-08,-1.4916652E-01
7.391169E-08,-1.4916652E-01
7.396169E-08,-1.4921923E-01
7.401169E-08,-1.4921923E-01
7.406169E-08,-1.4921923E-01
7.411169E-08,-1.4927194E-01
7.416169E-08,-1.4927194E-01
7.421169E-08,-1.4932464E-01
7.426169E-08,-1.4937735E-01
7.431169E-08,-1.4943006E-01
7.436169E-08,-1.4943006E-01
7.441169E-08,-1.4948277E-01
7.446169E-08,-1.4953548E-01
7.451169E-08,-1.4958819E-01
7.456169E-08,-1.4964090E-01
7.461169E-08,-1.4964090E-01
7.466169E-08,-1.4969361E-01
7.471169E-08,-1.4974632E-01
7.476169E-08,-1.4974632E-01
7.481169E-08,-1.4979903E-01
7.486169E-08,-1.4979903E-01
7.491169E-08,-1.4985173E-01
7.496169E-08,-1.4985173E-01
7.501169E-08,-1.4985173E-01
7.506169E-08,-1.4985173E-01
7.511169E-08,-1.4990444E-01
7.516169E-08,-1.4990444E-01
7.521169E-08,-1.4990444E-01
7.526169E-08,-1.4990444E-01
7.531169E-08,-1.4985173E-01
7.536169E-08,-1.4985173E-01
7.541169E-08,-1.4985173E-01
7.546169E-08,-1.4985173E-01
7.551169E-08,-1.4979903E-01
7.556169E-08,-1.4979903E-01
7.561169E-08,-1.4979903E-01
7.566169E-08,-1.4979903E-01
7.571169E-08,-1.4979903E-01
7.576169E-08,-1.4974632E-01
7.581169E-08,-1.4974632E-01
7.586169E-08,-1.4974632E-01
7.591169E-08,-1.4974632E-01
7.596169E-08,-1.4974632E-01
7.601169E-08,-1.4974632E-01
7.606169E-08,-1.4974632E-01
7.611169E-08,-1.4974632E-01
7.616169E-08,-1.4974632E-01
7.621169E-08,-1.4974632E-01
7.626169E-08,-1.4979903E-01
7.631169E-08,-1.4979903E-01
7.636169E-08,-1.4979903E-01
7.641169E-08,-1.4979903E-01
7.646169E-08,-1.4985173E-01
7.651169E-08,-1.4985173E-01
7.656169E-08,-1.4985173E-01
7.661169E-08,-1.4985173E-01
7.666169E-08,-1.4985173E-01
7.671169E-08,-1.4985173E-01
7.676169E-08,-1.4985173E-01
7.681169E-08,-1.4985173E-01
7.686169E-08,-1.4985173E-01
7.691169E-08,-1.4985173E-01
7.696169E-08,-1.4985173E-01
7.701169E-08,-1.4985173E-01
7.706169E-08,-1.4985173E-01
7.711169E-08,-1.4979903E-01
7.716169E-08,-1.4979903E-01
7.721169E-08,-1.4974632E-01
7.726169E-08,-1.4974632E-01
7.731169E-08,-1.4969361E-01
7.736169E-08,-1.4964090E-01
7.741169E-08,-1.4964090E-01
7.746169E-08,-1.4958819E-01
7.751169E-08,-1.4953548E-01
7.756169E-08,-1.4948277E-01
7.761169E-08,-1.4943006E-01
7.766169E-08,-1.4937735E-01
7.771169E-08,-1.4937735E-01
7.776169E-08,-1.4932464E-01
7.781169E-08,-1.4927194E-01
7.786169E-08,-1.4921923E-01
7.791169E-08,-1.4916652E-01
7.796169E-08,-1.4911381E-01
7.801169E-08,-1.4911381E-01
7.806169E-08,-1.4906110E-01
7.811169E-08,-1.4906110E-01
7.816169E-08,-1.4900839E-01
7.821169E-08,-1.4900839E-01
7.826169E-08,-1.4895568E-01
7.831169E-08,-1.4895568E-01
7.836169E-08,-1.4895568E-01
7.841169E-08,-1.4895568E-01
7.846169E-08,-1.4895568E-01
7.851169E-08,-1.4895568E-01
7.856169E-08,-1.4895568E-01
7.861169E-08,-1.4895568E-01
7.866169E-08,-1.4895568E-01
7.871169E-08,-1.4895568E-01
7.876169E-08,-1.4900839E-01
7.881169E-08,-1.4900839E-01
7.886169E-08,-1.4906110E-01
7.891169E-08,-1.4906110E-01
7.896169E-08,-1.4911381E-01
7.901169E-08,-1.4916652E-01
7.906169E-08,-1.4916652E-01
7.911169E-08,-1.4921923E-01
7.916169E-08,-1.4921923E-01
7.921169E-08,-1.4927194E-01
7.926169E-08,-1.4932464E-01
7.931169E-08,-1.4932464E-01
7.936169E-08,-1.4937735E-01
7.941169E-08,-1.4937735E-01
7.946169E-08,-1.4943006E-01
7.951169E-08,-1.4943006E-01
7.956169E-08,-1.4943006E-01
7.961169E-08,-1.4948277E-01
7.966169E-08,-1.4948277E-01
7.971169E-08,-1.4948277E-01
7.976169E-08,-1.4948277E-01
7.981169E-08,-1.4948277E-01
7.986169E-08,-1.4943006E-01
7.991169E-08,-1.4943006E-01
7.996169E-08,-1.4943006E-01
8.001169E-08,-1.4943006E-01
8.006169E-08,-1.4937735E-01
8.011169E-08,-1.4937735E-01
8.016169E-08,-1.4932464E-01
8.021169E-08,-1.4927194E-01
8.026169E-08,-1.4927194E-01
8.031169E-08,-1.4921923E-01
8.036169E-08,-1.4921923E-01
8.041169E-08,-1.4916652E-01
8.046169E-08,-1.4911381E-01
8.051169E-08,-1.4911381E-01
8.056169E-08,-1.4906110E-01
8.061169E-08,-1.4906110E-01
8.066169E-08,-1.4900839E-01
8.071169E-08,-1.4900839E-01
8.076169E-08,-1.4895568E-01
8.081169E-08,-1.4895568E-01
8.086169E-08,-1.4895568E-01
8.091169E-08,-1.4895568E-01
8.096169E-08,-1.4895568E-01
8.101169E-08,-1.4895568E-01
8.106169E-08,-1.4900839E-01
8.111169E-08,-1.4900839E-01
8.116169E-08,-1.4900839E-01
8.121169E-08,-1.4906110E-01
8.126169E-08,-1.4911381E-01
8.131169E-08,-1.4916652E-01
8.136169E-08,-1.4921923E-01
8.141169E-08,-1.4927194E-01
8.146169E-08,-1.4932464E-01
8.151169E-08,-1.4937735E-01
8.156169E-08,-1.4943006E-01
8.161169E-08,-1.4948277E-01
8.166169E-08,-1.4958819E-01
8.171169E-08,-1.4964090E-01
8.176169E-08,-1.4969361E-01
8.181169E-08,-1.4974632E-01
8.186169E-08,-1.4979903E-01
8.191169E-08,-1.4985173E-01
8.196169E-08,-1.4990444E-01
8.201169E-08,-1.4995715E-01
8.206169E-08,-1.5000986E-01
8.211169E-08,-1.5006257E-01
8.216169E-08,-1.5006257E-01
8.221169E-08,-1.5011528E-01
8.226169E-08,-1.5011528E-01
8.231169E-08,-1.5011528E-01
8.236169E-08,-1.5011528E-01
8.241169E-08,-1.5011528E-01
8.246169E-08,-1.5011528E-01
8.251169E-08,-1.5011528E-01
8.256169E-08,-1.5006257E-01
8.261169E-08,-1.5006257E-01
8.266169E-08,-1.5000986E-01
8.271169E-08,-1.5000986E-01
8.276169E-08,-1.4995715E-01
8.281169E-08,-1.4990444E-01
8.286169E-08,-1.4985173E-01
8.291169E-08,-1.4985173E-01
8.296169E-08,-1.4979903E-01
8.301169E-08,-1.4974632E-01
8.306169E-08,-1.4974632E-01
8.311169E-08,-1.4969361E-01
8.316169E-08,-1.4964090E-01
8.321169E-08,-1.4964090E-01
8.326169E-08,-1.4964090E-01
8.331169E-08,-1.4958819E-01
8.336169E-08,-1.4958819E-01
8.341169E-08,-1.4958819E-01
8.346169E-08,-1.4964090E-01
8.351169E-08,-1.4964090E-01
8.356169E-08,-1.4964090E-01
8.361169E-08,-1.4969361E-01
8.366169E-08,-1.4969361E-01
8.371169E-08,-1.4974632E-01
8.376169E-08,-1.4979903E-01
8.381169E-08,-1.4985173E-01
8.386169E-08,-1.4985173E-01
8.391169E-08,-1.4990444E-01
8.396169E-08,-1.4995715E-01
8.401169E-08,-1.5000986E-01
8.406169E-08,-1.5011528E-01
8.411169E-08,-1.5016799E-01
8.416169E-08,-1.5016799E-01
8.421169E-08,-1.5022070E-01
8.426169E-08,-1.5027341E-01
8.431169E-08,-1.5032612E-01
8.436169E-08,-1.5037883E-01
8.441169E-08,-1.5037883E-01
8.446169E-08,-1.5043153E-01
8.451169E-08,-1.5043153E-01
8.456169E-08,-1.5048424E-01
8.461169E-08,-1.5048424E-01
8.466169E-08,-1.5048424E-01
8.471169E-08,-1.5048424E-01
8.476169E-08,-1.5048424E-01
8.481169E-08,-1.5043153E-01
8.486169E-08,-1.5043153E-01
8.491169E-08,-1.5037883E-01
8.496169E-08,-1.5037883E-01
8.501169E-08,-1.5032612E-01
8.506169E-08,-1.5027341E-01
8.511169E-08,-1.5022070E-01
8.516169E-08,-1.5022070E-01
8.521169E-08,-1.5016799E-01
8.526169E-08,-1.5011528E-01
8.531169E-08,-1.5006257E-01
8.536169E-08,-1.5000986E-01
8.541169E-08,-1.5000986E-01
8.546169E-08,-1.4995715E-01
8.551169E-08,-1.4990444E-01
8.556169E-08,-1.4990444E-01
8.561169E-08,-1.4985173E-01
8.566169E-08,-1.4985173E-01
8.571169E-08,-1.4979903E-01
8.576169E-08,-1.4979903E-01
8.581169E-08,-1.4979903E-01
8.586169E-08,-1.4979903E-01
8.591169E-08,-1.4979903E-01
8.596169E-08,-1.4979903E-01
8.601169E-08,-1.4979903E-01
8.606169E-08,-1.4985173E-01
8.611169E-08,-1.4985173E-01
8.616169E-08,-1.4985173E-01
8.621169E-08,-1.4985173E-01
8.626169E-08,-1.4990444E-01
8.631169E-08,-1.4990444E-01
8.636169E-08,-1.4990444E-01
8.641169E-08,-1.4990444E-01
8.646169E-08,-1.4990444E-01
8.651169E-08,-1.4990444E-01
8.656169E-08,-1.4990444E-01
8.661169E-08,-1.4990444E-01
8.666169E-08,-1.4990444E-01
8.671169E-08,-1.4985173E-01
8.676169E-08,-1.4985173E-01
8.681169E-08,-1.4979903E-01
8.686169E-08,-1.4974632E-01
8.691169E-08,-1.4969361E-01
8.696169E-08,-1.4964090E-01
8.701169E-08,-1.4958819E-01
8.706169E-08,-1.4953548E-01
8.711169E-08,-1.4948277E-01
8.716169E-08,-1.4943006E-01
8.721169E-08,-1.4932464E-01
8.726169E-08,-1.4927194E-01
8.731169E-08,-1.4916652E-01
8.736169E-08,-1.4911381E-01
8.741169E-08,-1.4906110E-01
8.746169E-08,-1.4895568E-01
8.751169E-08,-1.4890297E-01
8.756169E-08,-1.4885026E-01
8.761169E-08,-1.4879755E-01
8.766169E-08,-1.4874485E-01
8.771169E-08,-1.4869214E-01
8.776169E-08,-1.4863943E-01
8.781169E-08,-1.4863943E-01
8.786169E-08,-1.4863943E-01
8.791169E-08,-1.4858672E-01
8.796169E-08,-1.4858672E-01
8.801169E-08,-1.4863943E-01
8.806169E-08,-1.4863943E-01
8.811169E-08,-1.4863943E-01
8.816169E-08,-1.4869214E-01
8.821169E-08,-1.4874485E-01
8.826169E-08,-1.4879755E-01
8.831169E-08,-1.4885026E-01
8.836169E-08,-1.4890297E-01
8.841169E-08,-1.4895568E-01
8.846169E-08,-1.4906110E-01
8.851169E-08,-1.4911381E-01
8.856169E-08,-1.4916652E-01
8.861169E-08,-1.4927194E-01
8.866169E-08,-1.4932464E-01
8.871169E-08,-1.4937735E-01
8.876169E-08,-1.4948277E-01
8.881169E-08,-1.4953548E-01
8.886169E-08,-1.4958819E-01
8.891169E-08,-1.4964090E-01
8.896169E-08,-1.4969361E-01
8.901169E-08,-1.4969361E-01
8.906169E-08,-1.4974632E-01
8.911169E-08,-1.4974632E-01
8.916169E-08,-1.4974632E-01
8.921169E-08,-1.4974632E-01
8.926169E-08,-1.4974632E-01
8.931169E-08,-1.4974632E-01
8.936169E-08,-1.4974632E-01
8.941169E-08,-1.4969361E-01
8.946169E-08,-1.4964090E-01
8.951169E-08,-1.4964090E-01
8.956169E-08,-1.4958819E-01
8.961169E-08,-1.4953548E-01
8.966169E-08,-1.4948277E-01
8.971169E-08,-1.4943006E-01
8.976169E-08,-1.4937735E-01
8.981169E-08,-1.4932464E-01
8.986169E-08,-1.4927194E-01
8.991169E-08,-1.4921923E-01
8.996169E-08,-1.4916652E-01
9.001169E-08,-1.4911381E-01
9.006169E-08,-1.4911381E-01
9.011169E-08,-1.4906110E-01
9.016169E-08,-1.4906110E-01
9.021169E-08,-1.4900839E-01
9.026169E-08,-1.4900839E-01
9.031169E-08,-1.4900839E-01
9.036169E-08,-1.4900839E-01
9.041169E-08,-1.4900839E-01
9.046169E-08,-1.4906110E-01
9.051169E-08,-1.4906110E-01
9.056169E-08,-1.4911381E-01
9.061169E-08,-1.4916652E-01
9.066169E-08,-1.4921923E-01
9.071169E-08,-1.4921923E-01
9.076169E-08,-1.4927194E-01
9.081169E-08,-1.4932464E-01
9.086169E-08,-1.4937735E-01
9.091169E-08,-1.4943006E-01
9.096169E-08,-1.4948277E-01
9.101169E-08,-1.4953548E-01
9.106169E-08,-1.4958819E-01
9.111169E-08,-1.4964090E-01
9.116169E-08,-1.4969361E-01
9.121169E-08,-1.4969361E-01
9.126169E-08,-1.4974632E-01
9.131169E-08,-1.4974632E-01
9.136169E-08,-1.4979903E-01
9.141169E-08,-1.4979903E-01
9.146169E-08,-1.4979903E-01
9.151169E-08,-1.4979903E-01
9.156169E-08,-1.4979903E-01
9.161169E-08,-1.4979903E-01
9.166169E-08,-1.4974632E-01
9.171169E-08,-1.4974632E-01
9.176169E-08,-1.4969361E-01
9.181169E-08,-1.4969361E-01
9.186169E-08,-1.4964090E-01
9.191169E-08,-1.4958819E-01
9.196169E-08,-1.4953548E-01
9.201169E-08,-1.4948277E-01
9.206169E-08,-1.4948277E-01
9.211169E-08,-1.4943006E-01
9.216169E-08,-1.4937735E-01
9.221169E-08,-1.4932464E-01
9.226169E-08,-1.4927194E-01
9.231169E-08,-1.4927194E-01
9.236169E-08,-1.4921923E-01
9.241169E-08,-1.4916652E-01
9.246169E-08,-1.4916652E-01
9.251169E-08,-1.4916652E-01
9.256169E-08,-1.4911381E-01
9.261169E-08,-1.4911381E-01
9.266169E-08,-1.4911381E-01
9.271169E-08,-1.4911381E-01
9.276169E-08,-1.4911381E-01
9.281169E-08,-1.4911381E-01
9.286169E-08,-1.4916652E-01
9.291169E-08,-1.4916652E-01
9.296169E-08,-1.4916652E-01
9.301169E-08,-1.4921923E-01
9.306169E-08,-1.4921923E-01
9.311169E-08,-1.4927194E-01
9.316169E-08,-1.4927194E-01
9.321169E-08,-1.4932464E-01
9.326169E-08,-1.4932464E-01
9.331169E-08,-1.4937735E-01
9.336169E-08,-1.4937735E-01
9.341169E-08,-1.4943006E-01
9.346169E-08,-1.4943006E-01
9.351169E-08,-1.4943006E-01
9.356169E-08,-1.4943006E-01
9.361169E-08,-1.4948277E-01
9.366169E-08,-1.4948277E-01
9.371169E-08,-1.4948277E-01
9.376169E-08,-1.4948277E-01
9.381169E-08,-1.4948277E-01
9.386169E-08,-1.4948277E-01
9.391169E-08,-1.4943006E-01
9.396169E-08,-1.4943006E-01
9.401169E-08,-1.4943006E-01
9.406169E-08,-1.4943006E-01
9.411169E-08,-1.4937735E-01
9.416169E-08,-1.4937735E-01
9.421169E-08,-1.4932464E-01
9.426169E-08,-1.4932464E-01
9.431169E-08,-1.4932464E-01
9.436169E-08,-1.4927194E-01
9.441169E-08,-1.4927194E-01
9.446169E-08,-1.4921923E-01
9.451169E-08,-1.4921923E-01
9.456169E-08,-1.4921923E-01
9.461169E-08,-1.4916652E-01
9.466169E-08,-1.4916652E-01
9.471169E-08,-1.4916652E-01
9.476169E-08,-1.4916652E-01
9.481169E-08,-1.4911381E-01
9.486169E-08,-1.4911381E-01
9.491169E-08,-1.4911381E-01
9.496169E-08,-1.4911381E-01
9.501169E-08,-1.4911381E-01
9.506169E-08,-1.4911381E-01
9.511169E-08,-1.4911381E-01
9.516169E-08,-1.4906110E-01
9.521169E-08,-1.4906110E-01
9.526169E-08,-1.4906110E-01
9.531169E-08,-1.4906110E-01
9.536169E-08,-1.4911381E-01
9.541169E-08,-1.4911381E-01
9.546169E-08,-1.4911381E-01
9.551169E-08,-1.4911381E-01
9.556169E-08,-1.4911381E-01
9.561169E-08,-1.4911381E-01
9.566169E-08,-1.4911381E-01
9.571169E-08,-1.4911381E-01
9.576169E-08,-1.4916652E-01
9.581169E-08,-1.4916652E-01
9.586169E-08,-1.4916652E-01
9.591169E-08,-1.4921923E-01
9.596169E-08,-1.4921923E-01
9.601169E-08,-1.4921923E-01
9.606169E-08,-1.4927194E-01
9.611169E-08,-1.4927194E-01
9.616169E-08,-1.4932464E-01
9.621169E-08,-1.4932464E-01
9.626169E-08,-1.4937735E-01
9.631169E-08,-1.4937735E-01
9.636169E-08,-1.4943006E-01
9.641169E-08,-1.4948277E-01
9.646169E-08,-1.4948277E-01
9.651169E-08,-1.4953548E-01
9.656169E-08,-1.4958819E-01
9.661169E-08,-1.4958819E-01
9.666169E-08,-1.4964090E-01
9.671169E-08,-1.4969361E-01
9.676169E-08,-1.4969361E-01
9.681169E-08,-1.4974632E-01
9.686169E-08,-1.4979903E-01
9.691169E-08,-1.4979903E-01
9.696169E-08,-1.4985173E-01
9.701169E-08,-1.4985173E-01
9.706169E-08,-1.4990444E-01
9.711169E-08,-1.4990444E-01
9.716169E-08,-1.4995715E-01
9.721169E-08,-1.4995715E-01
9.726169E-08,-1.4995715E-01
9.731169E-08,-1.4995715E-01
9.736169E-08,-1.4995715E-01
9.741169E-08,-1.4995715E-01
9.746169E-08,-1.4995715E-01
9.751169E-08,-1.4995715E-01
9.756169E-08,-1.4995715E-01
9.761169E-08,-1.4995715E-01
9.766169E-08,-1.4995715E-01
9.771169E-08,-1.4990444E-01
9.776169E-08,-1.4990444E-01
9.781169E-08,-1.4990444E-01
9.786169E-08,-1.4985173E-01
9.791169E-08,-1.4985173E-01
9.796169E-08,-1.4979903E-01
9.801169E-08,-1.4979903E-01
9.806169E-08,-1.4974632E-01
9.811169E-08,-1.4974632E-01
9.816169E-08,-1.4974632E-01
9.821169E-08,-1.4969361E-01
9.826169E-08,-1.4969361E-01
9.831169E-08,-1.4969361E-01
9.836169E-08,-1.4964090E-01
9.841169E-08,-1.4964090E-01
9.846169E-08,-1.4964090E-01
9.851169E-08,-1.4964090E-01
9.856169E-08,-1.4964090E-01
9.861169E-08,-1.4964090E-01
9.866169E-08,-1.4964090E-01
9.871169E-08,-1.4964090E-01
9.876169E-08,-1.4964090E-01
9.881169E-08,-1.4964090E-01
9.886169E-08,-1.4964090E-01
9.891169E-08,-1.4964090E-01
9.896169E-08,-1.4964090E-01
9.901169E-08,-1.4964090E-01
9.906169E-08,-1.4964090E-01
9.911169E-08,-1.4969361E-01
9.916169E-08,-1.4969361E-01
9.921169E-08,-1.4969361E-01
9.926169E-08,-1.4969361E-01
9.931169E-08,-1.4969361E-01
9.936169E-08,-1.4969361E-01
9.941169E-08,-1.4964090E-01
9.946169E-08,-1.4964090E-01
9.951169E-08,-1.4964090E-01
9.956169E-08,-1.4964090E-01
9.961169E-08,-1.4964090E-01
9.966169E-08,-1.4958819E-01
9.971169E-08,-1.4958819E-01
9.976169E-08,-1.4958819E-01
9.981169E-08,-1.4953548E-01
9.986169E-08,-1.4953548E-01
9.991169E-08,-1.4948277E-01
9.996169E-08,-1.4948277E-01
1.0001169E-07,-1.4948277E-01
1.0006169E-07,-1.4943006E-01
1.0011169E-07,-1.4943006E-01
1.0016169E-07,-1.4937735E-01
1.0021169E-07,-1.4937735E-01
1.0026169E-07,-1.4932464E-01
1.0031169E-07,-1.4932464E-01
1.0036169E-07,-1.4932464E-01
1.0041169E-07,-1.4927194E-01
1.0046169E-07,-1.4927194E-01
1.0051169E-07,-1.4921923E-01
1.0056169E-07,-1.4921923E-01
1.0061169E-07,-1.4921923E-01
1.0066169E-07,-1.4916652E-01
1.0071169E-07,-1.4916652E-01
1.0076169E-07,-1.4916652E-01
1.0081169E-07,-1.4911381E-01
1.0086169E-07,-1.4911381E-01
1.0091169E-07,-1.4911381E-01
1.0096169E-07,-1.4906110E-01
1.0101169E-07,-1.4906110E-01
1.0106169E-07,-1.4906110E-01
1.0111169E-07,-1.4900839E-01
1.0116169E-07,-1.4900839E-01
1.0121169E-07,-1.4895568E-01
1.0126169E-07,-1.4895568E-01
1.0131169E-07,-1.4895568E-01
1.0136169E-07,-1.4890297E-01
1.0141169E-07,-1.4890297E-01
1.0146169E-07,-1.4885026E-01
1.0151169E-07,-1.4885026E-01
1.0156169E-07,-1.4879755E-01
1.0161169E-07,-1.4879755E-01
1.0166169E-07,-1.4879755E-01
1.0171169E-07,-1.4874485E-01
1.0176169E-07,-1.4874485E-01
1.0181169E-07,-1.4874485E-01
1.0186169E-07,-1.4874485E-01
1.0191169E-07,-1.4869214E-01
1.0196169E-07,-1.4869214E-01
1.0201169E-07,-1.4869214E-01
1.0206169E-07,-1.4874485E-01
1.0211169E-07,-1.4874485E-01
1.0216169E-07,-1.4874485E-01
1.0221169E-07,-1.4879755E-01
1.0226169E-07,-1.4879755E-01
1.0231169E-07,-1.4885026E-01
1.0236169E-07,-1.4885026E-01
1.0241169E-07,-1.4890297E-01
1.0246169E-07,-1.4895568E-01
1.0251169E-07,-1.4900839E-01
1.0256169E-07,-1.4906110E-01
1.0261169E-07,-1.4911381E-01
1.0266169E-07,-1.4916652E-01
1.0271169E-07,-1.4921923E-01
1.0276169E-07,-1.4927194E-01
1.0281169E-07,-1.4932464E-01
1.0286169E-07,-1.4937735E-01
1.0291169E-07,-1.4943006E-01
1.0296169E-07,-1.4948277E-01
1.0301169E-07,-1.4953548E-01
1.0306169E-07,-1.4958819E-01
1.0311169E-07,-1.4964090E-01
1.0316169E-07,-1.4964090E-01
1.0321169E-07,-1.4969361E-01
1.0326169E-07,-1.4974632E-01
1.0331169E-07,-1.4974632E-01
1.0336169E-07,-1.4974632E-01
1.0341169E-07,-1.4979903E-01
1.0346169E-07,-1.4979903E-01
1.0351169E-07,-1.4979903E-01
1.0356169E-07,-1.4974632E-01
1.0361169E-07,-1.4974632E-01
1.0366169E-07,-1.4974632E-01
1.0371169E-07,-1.4969361E-01
1.0376169E-07,-1.4969361E-01
1.0381169E-07,-1.4964090E-01
1.0386169E-07,-1.4964090E-01
1.0391169E-07,-1.4958819E-01
1.0396169E-07,-1.4953548E-01
1.0401169E-07,-1.4948277E-01
1.0406169E-07,-1.4948277E-01
1.0411169E-07,-1.4943006E-01
1.0416169E-07,-1.4937735E-01
1.0421169E-07,-1.4937735E-01
1.0426169E-07,-1.4932464E-01
1.0431169E-07,-1.4927194E-01
1.0436169E-07,-1.4927194E-01
1.0441169E-07,-1.4921923E-01
1.0446169E-07,-1.4921923E-01
1.0451169E-07,-1.4921923E-01
1.0456169E-07,-1.4916652E-01
1.0461169E-07,-1.4916652E-01
1.0466169E-07,-1.4916652E-01
1.0471169E-07,-1.4916652E-01
1.0476169E-07,-1.4921923E-01
1.0481169E-07,-1.4921923E-01
1.0486169E-07,-1.4921923E-01
1.0491169E-07,-1.4921923E-01
1.0496169E-07,-1.4927194E-01
1.0501169E-07,-1.4927194E-01
1.0506169E-07,-1.4932464E-01
1.0511169E-07,-1.4932464E-01
1.0516169E-07,-1.4932464E-01
1.0521169E-07,-1.4937735E-01
1.0526169E-07,-1.4937735E-01
1.0531169E-07,-1.4943006E-01
1.0536169E-07,-1.4943006E-01
1.0541169E-07,-1.4943006E-01
1.0546169E-07,-1.4948277E-01
1.0551169E-07,-1.4948277E-01
1.0556169E-07,-1.4948277E-01
1.0561169E-07,-1.4948277E-01
1.0566169E-07,-1.4948277E-01
1.0571169E-07,-1.4948277E-01
1.0576169E-07,-1.4948277E-01
1.0581169E-07,-1.4948277E-01
1.0586169E-07,-1.4943006E-01
1.0591169E-07,-1.4943006E-01
1.0596169E-07,-1.4943006E-01
1.0601169E-07,-1.4937735E-01
1.0606169E-07,-1.4937735E-01
1.0611169E-07,-1.4932464E-01
1.0616169E-07,-1.4932464E-01
1.0621169E-07,-1.4927194E-01
1.0626169E-07,-1.4927194E-01
1.0631169E-07,-1.4921923E-01
1.0636169E-07,-1.4921923E-01
1.0641169E-07,-1.4916652E-01
1.0646169E-07,-1.4916652E-01
1.0651169E-07,-1.4916652E-01
1.0656169E-07,-1.4911381E-01
1.0661169E-07,-1.4911381E-01
1.0666169E-07,-1.4911381E-01
1.0671169E-07,-1.4906110E-01
1.0676169E-07,-1.4906110E-01
1.0681169E-07,-1.4906110E-01
1.0686169E-07,-1.4906110E-01
1.0691169E-07,-1.4906110E-01
1.0696169E-07,-1.4911381E-01
1.0701169E-07,-1.4911381E-01
1.0706169E-07,-1.4911381E-01
1.0711169E-07,-1.4916652E-01
1.0716169E-07,-1.4916652E-01
1.0721169E-07,-1.4916652E-01
1.0726169E-07,-1.4921923E-01
1.0731169E-07,-1.4921923E-01
1.0736169E-07,-1.4927194E-01
1.0741169E-07,-1.4927194E-01
1.0746169E-07,-1.4932464E-01
1.0751169E-07,-1.4932464E-01
1.0756169E-07,-1.4937735E-01
1.0761169E-07,-1.4937735E-01
1.0766169E-07,-1.4943006E-01
1.0771169E-07,-1.4943006E-01
1.0776169E-07,-1.4948277E-01
1.0781169E-07,-1.4948277E-01
1.0786169E-07,-1.4948277E-01
1.0791169E-07,-1.4953548E-01
1.0796169E-07,-1.4953548E-01
1.0801169E-07,-1.4953548E-01
1.0806169E-07,-1.4953548E-01
1.0811169E-07,-1.4953548E-01
1.0816169E-07,-1.4953548E-01
1.0821169E-07,-1.4953548E-01
1.0826169E-07,-1.4953548E-01
1.0831169E-07,-1.4953548E-01
1.0836169E-07,-1.4953548E-01
1.0841169E-07,-1.4953548E-01
1.0846169E-07,-1.4953548E-01
1.0851169E-07,-1.4953548E-01
1.0856169E-07,-1.4953548E-01
1.0861169E-07,-1.4953548E-01
1.0866169E-07,-1.4948277E-01
1.0871169E-07,-1.4948277E-01
1.0876169E-07,-1.4948277E-01
1.0881169E-07,-1.4948277E-01
1.0886169E-07,-1.4948277E-01
1.0891169E-07,-1.4948277E-01
1.0896169E-07,-1.4943006E-01
1.0901169E-07,-1.4943006E-01
1.0906169E-07,-1.4943006E-01
1.0911169E-07,-1.4943006E-01
1.0916169E-07,-1.4943006E-01
1.0921169E-07,-1.4943006E-01
1.0926169E-07,-1.4937735E-01
1.0931169E-07,-1.4937735E-01
1.0936169E-07,-1.4937735E-01
1.0941169E-07,-1.4937735E-01
1.0946169E-07,-1.4937735E-01
1.0951169E-07,-1.4937735E-01
1.0956169E-07,-1.4937735E-01
1.0961169E-07,-1.4932464E-01
1.0966169E-07,-1.4932464E-01
1.0971169E-07,-1.4932464E-01
1.0976169E-07,-1.4932464E-01
1.0981169E-07,-1.4932464E-01
1.0986169E-07,-1.4927194E-01
1.0991169E-07,-1.4927194E-01
1.0996169E-07,-1.4927194E-01
1.1001169E-07,-1.4927194E-01
1.1006169E-07,-1.4921923E-01
1.1011169E-07,-1.4921923E-01
1.1016169E-07,-1.4921923E-01
1.1021169E-07,-1.4921923E-01
1.1026169E-07,-1.4916652E-01
1.1031169E-07,-1.4916652E-01
1.1036169E-07,-1.4916652E-01
1.1041169E-07,-1.4916652E-01
1.1046169E-07,-1.4916652E-01
1.1051169E-07,-1.4911381E-01
1.1056169E-07,-1.4911381E-01
1.1061169E-07,-1.4911381E-01
1.1066169E-07,-1.4911381E-01
1.1071169E-07,-1.4916652E-01
1.1076169E-07,-1.4916652E-01
1.1081169E-07,-1.4916652E-01
1.1086169E-07,-1.4916652E-01
1.1091169E-07,-1.4921923E-01
1.1096169E-07,-1.4921923E-01
1.1101169E-07,-1.4927194E-01
1.1106169E-07,-1.4932464E-01
1.1111169E-07,-1.4932464E-01
1.1116169E-07,-1.4937735E-01
1.1121169E-07,-1.4943006E-01
1.1126169E-07,-1.4948277E-01
1.1131169E-07,-1.4953548E-01
1.1136169E-07,-1.4958819E-01
1.1141169E-07,-1.4964090E-01
1.1146169E-07,-1.4969361E-01
1.1151169E-07,-1.4974632E-01
1.1156169E-07,-1.4979903E-01
1.1161169E-07,-1.4985173E-01
1.1166169E-07,-1.4990444E-01
1.1171169E-07,-1.4995715E-01
1.1176169E-07,-1.5000986E-01
1.1181169E-07,-1.5006257E-01
1.1186169E-07,-1.5011528E-01
1.1191169E-07,-1.5016799E-01
1.1196169E-07,-1.5016799E-01
1.1201169E-07,-1.5022070E-01
1.1206169E-07,-1.5022070E-01
1.1211169E-07,-1.5022070E-01
1.1216169E-07,-1.5022070E-01
1.1221169E-07,-1.5022070E-01
1.1226169E-07,-1.5022070E-01
1.1231169E-07,-1.5022070E-01
1.1236169E-07,-1.5016799E-01
1.1241169E-07,-1.5016799E-01
1.1246169E-07,-1.5011528E-01
1.1251169E-07,-1.5006257E-01
1.1256169E-07,-1.5006257E-01
1.1261169E-07,-1.5000986E-01
1.1266169E-07,-1.4995715E-01
1.1271169E-07,-1.4990444E-01
1.1276169E-07,-1.4979903E-01
1.1281169E-07,-1.4974632E-01
1.1286169E-07,-1.4969361E-01
1.1291169E-07,-1.4964090E-01
1.1296169E-07,-1.4958819E-01
1.1301169E-07,-1.4953548E-01
1.1306169E-07,-1.4948277E-01
1.1311169E-07,-1.4943006E-01
1.1316169E-07,-1.4937735E-01
1.1321169E-07,-1.4932464E-01
1.1326169E-07,-1.4927194E-01
1.1331169E-07,-1.4921923E-01
1.1336169E-07,-1.4921923E-01
1.1341169E-07,-1.4916652E-01
1.1346169E-07,-1.4916652E-01
1.1351169E-07,-1.4911381E-01
1.1356169E-07,-1.4911381E-01
1.1361169E-07,-1.4911381E-01
1.1366169E-07,-1.4911381E-01
1.1371169E-07,-1.4911381E-01
1.1376169E-07,-1.4911381E-01
1.1381169E-07,-1.4911381E-01
1.1386169E-07,-1.4916652E-01
1.1391169E-07,-1.4916652E-01
1.1396169E-07,-1.4916652E-01
1.1401169E-07,-1.4921923E-01
1.1406169E-07,-1.4921923E-01
1.1411169E-07,-1.4927194E-01
1.1416169E-07,-1.4927194E-01
1.1421169E-07,-1.4932464E-01
1.1426169E-07,-1.4932464E-01
1.1431169E-07,-1.4932464E-01
1.1436169E-07,-1.4937735E-01
1.1441169E-07,-1.4937735E-01
1.1446169E-07,-1.4937735E-01
1.1451169E-07,-1.4943006E-01
1.1456169E-07,-1.4943006E-01
1.1461169E-07,-1.4943006E-01
1.1466169E-07,-1.4943006E-01
1.1471169E-07,-1.4943006E-01
1.1476169E-07,-1.4943006E-01
1.1481169E-07,-1.4943006E-01
1.1486169E-07,-1.4943006E-01
1.1491169E-07,-1.4943006E-01
1.1496169E-07,-1.4943006E-01
1.1501169E-07,-1.4943006E-01
1.1506169E-07,-1.4943006E-01
1.1511169E-07,-1.4943006E-01
1.1516169E-07,-1.4943006E-01
1.1521169E-07,-1.4937735E-01
1.1526169E-07,-1.4937735E-01
1.1531169E-07,-1.4937735E-01
1.1536169E-07,-1.4937735E-01
1.1541169E-07,-1.4937735E-01
1.1546169E-07,-1.4937735E-01
1.1551169E-07,-1.4932464E-01
1.1556169E-07,-1.4932464E-01
1.1561169E-07,-1.4932464E-01
1.1566169E-07,-1.4932464E-01
1.1571169E-07,-1.4932464E-01
1.1576169E-07,-1.4932464E-01
1.1581169E-07,-1.4932464E-01
1.1586169E-07,-1.4932464E-01
1.1591169E-07,-1.4932464E-01
1.1596169E-07,-1.4932464E-01
1.1601169E-07,-1.4927194E-01
1.1606169E-07,-1.4927194E-01
1.1611169E-07,-1.4927194E-01
1.1616169E-07,-1.4927194E-01
1.1621169E-07,-1.4927194E-01
1.1626169E-07,-1.4921923E-01
1.1631169E-07,-1.4921923E-01
1.1636169E-07,-1.4921923E-01
1.1641169E-07,-1.4916652E-01
1.1646169E-07,-1.4916652E-01
1.1651169E-07,-1.4911381E-01
1.1656169E-07,-1.4911381E-01
1.1661169E-07,-1.4906110E-01
1.1666169E-07,-1.4906110E-01
1.1671169E-07,-1.4900839E-01
1.1676169E-07,-1.4895568E-01
1.1681169E-07,-1.4895568E-01
1.1686169E-07,-1.4890297E-01
1.1691169E-07,-1.4890297E-01
1.1696169E-07,-1.4885026E-01
1.1701169E-07,-1.4879755E-01
1.1706169E-07,-1.4879755E-01
1.1711169E-07,-1.4879755E-01
1.1716169E-07,-1.4874485E-01
1.1721169E-07,-1.4874485E-01
1.1726169E-07,-1.4869214E-01
1.1731169E-07,-1.4869214E-01
1.1736169E-07,-1.4869214E-01
1.1741169E-07,-1.4869214E-01
1.1746169E-07,-1.4869214E-01
1.1751169E-07,-1.4869214E-01
1.1756169E-07,-1.4869214E-01
1.1761169E-07,-1.4874485E-01
1.1766169E-07,-1.4874485E-01
1.1771169E-07,-1.4874485E-01
1.1776169E-07,-1.4879755E-01
1.1781169E-07,-1.4879755E-01
1.1786169E-07,-1.4885026E-01
1.1791169E-07,-1.4890297E-01
1.1796169E-07,-1.4890297E-01
1.1801169E-07,-1.4895568E-01
1.1806169E-07,-1.4900839E-01
1.1811169E-07,-1.4900839E-01
1.1816169E-07,-1.4906110E-01
1.1821169E-07,-1.4911381E-01
1.1826169E-07,-1.4911381E-01
1.1831169E-07,-1.4916652E-01
1.1836169E-07,-1.4916652E-01
1.1841169E-07,-1.4921923E-01
1.1846169E-07,-1.4921923E-01
1.1851169E-07,-1.4927194E-01
1.1856169E-07,-1.4927194E-01
1.1861169E-07,-1.4932464E-01
1.1866169E-07,-1.4932464E-01
1.1871169E-07,-1.4932464E-01
1.1876169E-07,-1.4932464E-01
1.1881169E-07,-1.4932464E-01
1.1886169E-07,-1.4932464E-01
1.1891169E-07,-1.4932464E-01
1.1896169E-07,-1.4932464E-01
1.1901169E-07,-1.4932464E-01
1.1906169E-07,-1.4932464E-01
1.1911169E-07,-1.4927194E-01
1.1916169E-07,-1.4927194E-01
1.1921169E-07,-1.4927194E-01
1.1926169E-07,-1.4927194E-01
1.1931169E-07,-1.4927194E-01
1.1936169E-07,-1.4921923E-01
1.1941169E-07,-1.4921923E-01
1.1946169E-07,-1.4921923E-01
1.1951169E-07,-1.4921923E-01
1.1956169E-07,-1.4921923E-01
1.1961169E-07,-1.4921923E-01
1.1966169E-07,-1.4921923E-01
1.1971169E-07,-1.4927194E-01
1.1976169E-07,-1.4927194E-01
1.1981169E-07,-1.4927194E-01
1.1986169E-07,-1.4927194E-01
1.1991169E-07,-1.4932464E-01
1.1996169E-07,-1.4932464E-01
1.2001169E-07,-1.4937735E-01
1.2006169E-07,-1.4937735E-01
1.2011169E-07,-1.4943006E-01
1.2016169E-07,-1.4943006E-01
1.2021169E-07,-1.4948277E-01
1.2026169E-07,-1.4953548E-01
1.2031169E-07,-1.4953548E-01
1.2036169E-07,-1.4958819E-01
1.2041169E-07,-1.4958819E-01
1.2046169E-07,-1.4964090E-01
1.2051169E-07,-1.4964090E-01
1.2056169E-07,-1.4969361E-01
1.2061169E-07,-1.4969361E-01
1.2066169E-07,-1.4969361E-01
1.2071169E-07,-1.4974632E-01
1.2076169E-07,-1.4974632E-01
1.2081169E-07,-1.4974632E-01
1.2086169E-07,-1.4974632E-01
1.2091169E-07,-1.4974632E-01
1.2096169E-07,-1.4974632E-01
1.2101169E-07,-1.4974632E-01
1.2106169E-07,-1.4974632E-01
1.2111169E-07,-1.4974632E-01
1.2116169E-07,-1.4974632E-01
1.2121169E-07,-1.4969361E-01
1.2126169E-07,-1.4969361E-01
1.2131169E-07,-1.4969361E-01
1.2136169E-07,-1.4964090E-01
1.2141169E-07,-1.4964090E-01
1.2146169E-07,-1.4964090E-01
1.2151169E-07,-1.4958819E-01
1.2156169E-07,-1.4958819E-01
1.2161169E-07,-1.4958819E-01
1.2166169E-07,-1.4953548E-01
1.2171169E-07,-1.4953548E-01
1.2176169E-07,-1.4948277E-01
1.2181169E-07,-1.4948277E-01
1.2186169E-07,-1.4948277E-01
1.2191169E-07,-1.4948277E-01
1.2196169E-07,-1.4943006E-01
1.2201169E-07,-1.4943006E-01
1.2206169E-07,-1.4943006E-01
1.2211169E-07,-1.4943006E-01
1.2216169E-07,-1.4943006E-01
1.2221169E-07,-1.4943006E-01
1.2226169E-07,-1.4943006E-01
1.2231169E-07,-1.4943006E-01
1.2236169E-07,-1.4943006E-01
1.2241169E-07,-1.4943006E-01
1.2246169E-07,-1.4943006E-01
1.2251169E-07,-1.4943006E-01
1.2256169E-07,-1.4943006E-01
1.2261169E-07,-1.4943006E-01
1.2266169E-07,-1.4943006E-01
1.2271169E-07,-1.4943006E-01
1.2276169E-07,-1.4943006E-01
1.2281169E-07,-1.4948277E-01
1.2286169E-07,-1.4948277E-01
1.2291169E-07,-1.4948277E-01
1.2296169E-07,-1.4948277E-01
1.2301169E-07,-1.4948277E-01
1.2306169E-07,-1.4948277E-01
1.2311169E-07,-1.4948277E-01
1.2316169E-07,-1.4948277E-01
1.2321169E-07,-1.4948277E-01
1.2326169E-07,-1.4948277E-01
1.2331169E-07,-1.4948277E-01
1.2336169E-07,-1.4948277E-01
1.2341169E-07,-1.4948277E-01
1.2346169E-07,-1.4948277E-01
1.2351169E-07,-1.4948277E-01
1.2356169E-07,-1.4948277E-01
1.2361169E-07,-1.4948277E-01
1.2366169E-07,-1.4943006E-01
1.2371169E-07,-1.4943006E-01
1.2376169E-07,-1.4943006E-01
1.2381169E-07,-1.4943006E-01
1.2386169E-07,-1.4943006E-01
1.2391169E-07,-1.4937735E-01
1.2396169E-07,-1.4937735E-01
1.2401169E-07,-1.4937735E-01
1.2406169E-07,-1.4932464E-01
1.2411169E-07,-1.4932464E-01
1.2416169E-07,-1.4932464E-01
1.2421169E-07,-1.4927194E-01
1.2426169E-07,-1.4927194E-01
1.2431169E-07,-1.4927194E-01
1.2436169E-07,-1.4921923E-01
1.2441169E-07,-1.4921923E-01
1.2446169E-07,-1.4921923E-01
1.2451169E-07,-1.4916652E-01
1.2456169E-07,-1.4916652E-01
1.2461169E-07,-1.4916652E-01
1.2466169E-07,-1.4911381E-01
1.2471169E-07,-1.4911381E-01
1.2476169E-07,-1.4911381E-01
1.2481169E-07,-1.4906110E-01
1.2486169E-07,-1.4906110E-01
1.2491169E-07,-1.4906110E-01
1.2496169E-07,-1.4900839E-01
1.2501169E-07,-1.4900839E-01
1.2506169E-07,-1.4900839E-01
1.2511169E-07,-1.4900839E-01
1.2516169E-07,-1.4900839E-01
1.2521169E-07,-1.4900839E-01
1.2526169E-07,-1.4895568E-01
1.2531169E-07,-1.4895568E-01
1.2536169E-07,-1.4895568E-01
1.2541169E-07,-1.4895568E-01
1.2546169E-07,-1.4895568E-01
1.2551169E-07,-1.4895568E-01
1.2556169E-07,-1.4895568E-01
1.2561169E-07,-1.4895568E-01
1.2566169E-07,-1.4895568E-01
1.2571169E-07,-1.4895568E-01
1.2576169E-07,-1.4890297E-01
1.2581169E-07,-1.4890297E-01
1.2586169E-07,-1.4890297E-01
1.2591169E-07,-1.4890297E-01
1.2596169E-07,-1.4885026E-01
1.2601169E-07,-1.4885026E-01
1.2606169E-07,-1.4885026E-01
1.2611169E-07,-1.4879755E-01
1.2616169E-07,-1.4879755E-01
1.2621169E-07,-1.4874485E-01
1.2626169E-07,-1.4869214E-01
1.2631169E-07,-1.4869214E-01
1.2636169E-07,-1.4863943E-01
1.2641169E-07,-1.4858672E-01
1.2646169E-07,-1.4853401E-01
1.2651169E-07,-1.4848130E-01
1.2656169E-07,-1.4842859E-01
1.2661169E-07,-1.4842859E-01
1.2666169E-07,-1.4837588E-01
1.2671169E-07,-1.4832317E-01
1.2676169E-07,-1.4827046E-01
1.2681169E-07,-1.4821776E-01
1.2686169E-07,-1.4816505E-01
1.2691169E-07,-1.4811234E-01
1.2696169E-07,-1.4805963E-01
1.2701169E-07,-1.4805963E-01
1.2706169E-07,-1.4800692E-01
1.2711169E-07,-1.4800692E-01
1.2716169E-07,-1.4795421E-01
1.2721169E-07,-1.4795421E-01
1.2726169E-07,-1.4795421E-01
1.2731169E-07,-1.4790150E-01
1.2736169E-07,-1.4790150E-01
1.2741169E-07,-1.4795421E-01
1.2746169E-07,-1.4795421E-01
1.2751169E-07,-1.4795421E-01
1.2756169E-07,-1.4800692E-01
1.2761169E-07,-1.4800692E-01
1.2766169E-07,-1.4805963E-01
1.2771169E-07,-1.4811234E-01
1.2776169E-07,-1.4816505E-01
1.2781169E-07,-1.4821776E-01
1.2786169E-07,-1.4827046E-01
1.2791169E-07,-1.4832317E-01
1.2796169E-07,-1.4842859E-01
1.2801169E-07,-1.4848130E-01
1.2806169E-07,-1.4853401E-01
1.2811169E-07,-1.4858672E-01
1.2816169E-07,-1.4869214E-01
1.2821169E-07,-1.4874485E-01
1.2826169E-07,-1.4879755E-01
1.2831169E-07,-1.4885026E-01
1.2836169E-07,-1.4895568E-01
1.2841169E-07,-1.4900839E-01
1.2846169E-07,-1.4906110E-01
1.2851169E-07,-1.4911381E-01
1.2856169E-07,-1.4911381E-01
1.2861169E-07,-1.4916652E-01
1.2866169E-07,-1.4921923E-01
1.2871169E-07,-1.4921923E-01
