-7.137876E-08,-1.4953548E-01
-7.132876E-08,-1.4953548E-01
-7.127876E-08,-1.4953548E-01
-7.122876E-08,-1.4953548E-01
-7.117876E-08,-1.4953548E-01
-7.112876E-08,-1.4953548E-01
-7.107876E-08,-1.4953548E-01
-7.102876E-08,-1.4953548E-01
-7.097876E-08,-1.4953548E-01
-7.092876E-08,-1.4953548E-01
-7.087876E-08,-1.4953548E-01
-7.082876E-08,-1.4958819E-01
-7.077876E-08,-1.4958819E-01
-7.072876E-08,-1.4958819E-01
-7.067876E-08,-1.4964090E-01
-7.062876E-08,-1.4964090E-01
-7.057876E-08,-1.4969361E-01
-7.052876E-08,-1.4969361E-01
-7.047876E-08,-1.4974632E-01
-7.042876E-08,-1.4974632E-01
-7.037876E-08,-1.4979903E-01
-7.032876E-08,-1.4979903E-01
-7.027876E-08,-1.4979903E-01
-7.022876E-08,-1.4985173E-01
-7.017876E-08,-1.4985173E-01
-7.012876E-08,-1.4985173E-01
-7.007876E-08,-1.4990444E-01
-7.002876E-08,-1.4990444E-01
-6.997876E-08,-1.4990444E-01
-6.992876E-08,-1.4990444E-01
-6.987876E-08,-1.4990444E-01
-6.982876E-08,-1.4990444E-01
-6.977876E-08,-1.4990444E-01
-6.972876E-08,-1.4990444E-01
-6.967876E-08,-1.4990444E-01
-6.962876E-08,-1.4985173E-01
-6.957876E-08,-1.4985173E-01
-6.952876E-08,-1.4985173E-01
-6.947876E-08,-1.4985173E-01
-6.942876E-08,-1.4979903E-01
-6.937876E-08,-1.4979903E-01
-6.932876E-08,-1.4979903E-01
-6.927876E-08,-1.4979903E-01
-6.922876E-08,-1.4974632E-01
-6.917876E-08,-1.4974632E-01
-6.912876E-08,-1.4974632E-01
-6.907876E-08,-1.4974632E-01
-6.902876E-08,-1.4974632E-01
-6.897876E-08,-1.4974632E-01
-6.892876E-08,-1.4974632E-01
-6.887876E-08,-1.4969361E-01
-6.882876E-08,-1.4969361E-01
-6.877876E-08,-1.4969361E-01
-6.872876E-08,-1.4969361E-01
-6.867876E-08,-1.4969361E-01
-6.862876E-08,-1.4969361E-01
-6.857876E-08,-1.4969361E-01
-6.852876E-08,-1.4969361E-01
-6.847876E-08,-1.4969361E-01
-6.842876E-08,-1.4969361E-01
-6.837876E-08,-1.4969361E-01
-6.832876E-08,-1.4969361E-01
-6.827876E-08,-1.4969361E-01
-6.822876E-08,-1.4969361E-01
-6.817876E-08,-1.4969361E-01
-6.812876E-08,-1.4969361E-01
-6.807876E-08,-1.4964090E-01
-6.802876E-08,-1.4964090E-01
-6.797876E-08,-1.4964090E-01
-6.792876E-08,-1.4958819E-01
-6.787876E-08,-1.4958819E-01
-6.782876E-08,-1.4958819E-01
-6.777876E-08,-1.4953548E-01
-6.772876E-08,-1.4953548E-01
-6.767876E-08,-1.4948277E-01
-6.762876E-08,-1.4948277E-01
-6.757876E-08,-1.4943006E-01
-6.752876E-08,-1.4943006E-01
-6.747876E-08,-1.4937735E-01
-6.742876E-08,-1.4932464E-01
-6.737876E-08,-1.4932464E-01
-6.732876E-08,-1.4927194E-01
-6.727876E-08,-1.4921923E-01
-6.722876E-08,-1.4921923E-01
-6.717876E-08,-1.4916652E-01
-6.712876E-08,-1.4916652E-01
-6.707876E-08,-1.4911381E-01
-6.702876E-08,-1.4911381E-01
-6.697876E-08,-1.4906110E-01
-6.692876E-08,-1.4906110E-01
-6.687876E-08,-1.4900839E-01
-6.682876E-08,-1.4900839E-01
-6.677876E-08,-1.4895568E-01
-6.672876E-08,-1.4895568E-01
-6.667876E-08,-1.4890297E-01
-6.662876E-08,-1.4890297E-01
-6.657876E-08,-1.4885026E-01
-6.652876E-08,-1.4885026E-01
-6.647876E-08,-1.4885026E-01
-6.642876E-08,-1.4885026E-01
-6.637876E-08,-1.4879755E-01
-6.632876E-08,-1.4879755E-01
-6.627876E-08,-1.4879755E-01
-6.622876E-08,-1.4879755E-01
-6.617876E-08,-1.4874485E-01
-6.612876E-08,-1.4874485E-01
-6.607876E-08,-1.4874485E-01
-6.602876E-08,-1.4874485E-01
-6.597876E-08,-1.4874485E-01
-6.592876E-08,-1.4874485E-01
-6.587876E-08,-1.4874485E-01
-6.582876E-08,-1.4874485E-01
-6.577876E-08,-1.4879755E-01
-6.572876E-08,-1.4879755E-01
-6.567876E-08,-1.4879755E-01
-6.562876E-08,-1.4885026E-01
-6.557876E-08,-1.4885026E-01
-6.552876E-08,-1.4890297E-01
-6.547876E-08,-1.4890297E-01
-6.542876E-08,-1.4895568E-01
-6.537876E-08,-1.4900839E-01
-6.532876E-08,-1.4906110E-01
-6.527876E-08,-1.4906110E-01
-6.522876E-08,-1.4911381E-01
-6.517876E-08,-1.4916652E-01
-6.512876E-08,-1.4927194E-01
-6.507876E-08,-1.4932464E-01
-6.502876E-08,-1.4937735E-01
-6.497876E-08,-1.4943006E-01
-6.492876E-08,-1.4948277E-01
-6.487876E-08,-1.4953548E-01
-6.482876E-08,-1.4958819E-01
-6.477876E-08,-1.4969361E-01
-6.472876E-08,-1.4974632E-01
-6.467876E-08,-1.4979903E-01
-6.462876E-08,-1.4985173E-01
-6.457876E-08,-1.4985173E-01
-6.452876E-08,-1.4990444E-01
-6.447876E-08,-1.4995715E-01
-6.442876E-08,-1.4995715E-01
-6.437876E-08,-1.5000986E-01
-6.432876E-08,-1.5000986E-01
-6.427876E-08,-1.5000986E-01
-6.422876E-08,-1.5000986E-01
-6.417876E-08,-1.5000986E-01
-6.412876E-08,-1.5000986E-01
-6.407876E-08,-1.4995715E-01
-6.402876E-08,-1.4995715E-01
-6.397876E-08,-1.4990444E-01
-6.392876E-08,-1.4985173E-01
-6.387876E-08,-1.4985173E-01
-6.382876E-08,-1.4979903E-01
-6.377876E-08,-1.4974632E-01
-6.372876E-08,-1.4969361E-01
-6.367876E-08,-1.4964090E-01
-6.362876E-08,-1.4958819E-01
-6.357876E-08,-1.4953548E-01
-6.352876E-08,-1.4948277E-01
-6.347876E-08,-1.4948277E-01
-6.342876E-08,-1.4943006E-01
-6.337876E-08,-1.4937735E-01
-6.332876E-08,-1.4937735E-01
-6.327876E-08,-1.4932464E-01
-6.322876E-08,-1.4932464E-01
-6.317876E-08,-1.4932464E-01
-6.312876E-08,-1.4932464E-01
-6.307876E-08,-1.4932464E-01
-6.302876E-08,-1.4932464E-01
-6.297876E-08,-1.4932464E-01
-6.292876E-08,-1.4937735E-01
-6.287876E-08,-1.4943006E-01
-6.282876E-08,-1.4943006E-01
-6.277876E-08,-1.4948277E-01
-6.272876E-08,-1.4953548E-01
-6.267876E-08,-1.4964090E-01
-6.262876E-08,-1.4969361E-01
-6.257876E-08,-1.4974632E-01
-6.252876E-08,-1.4979903E-01
-6.247876E-08,-1.4990444E-01
-6.242876E-08,-1.4995715E-01
-6.237876E-08,-1.5000986E-01
-6.232876E-08,-1.5006257E-01
-6.227876E-08,-1.5016799E-01
-6.222876E-08,-1.5022070E-01
-6.217876E-08,-1.5027341E-01
-6.212876E-08,-1.5032612E-01
-6.207876E-08,-1.5037883E-01
-6.202876E-08,-1.5043153E-01
-6.197876E-08,-1.5043153E-01
-6.192876E-08,-1.5048424E-01
-6.187876E-08,-1.5048424E-01
-6.182876E-08,-1.5048424E-01
-6.177876E-08,-1.5048424E-01
-6.172876E-08,-1.5048424E-01
-6.167876E-08,-1.5048424E-01
-6.162876E-08,-1.5048424E-01
-6.157876E-08,-1.5043153E-01
-6.152876E-08,-1.5043153E-01
-6.147876E-08,-1.5037883E-01
-6.142876E-08,-1.5032612E-01
-6.137876E-08,-1.5027341E-01
-6.132876E-08,-1.5027341E-01
-6.127876E-08,-1.5022070E-01
-6.122876E-08,-1.5016799E-01
-6.117876E-08,-1.5011528E-01
-6.112876E-08,-1.5006257E-01
-6.107876E-08,-1.5000986E-01
-6.102876E-08,-1.4995715E-01
-6.097876E-08,-1.4995715E-01
-6.092876E-08,-1.4990444E-01
-6.087876E-08,-1.4985173E-01
-6.082876E-08,-1.4985173E-01
-6.077876E-08,-1.4979903E-01
-6.072876E-08,-1.4979903E-01
-6.067876E-08,-1.4974632E-01
-6.062876E-08,-1.4974632E-01
-6.057876E-08,-1.4974632E-01
-6.052876E-08,-1.4974632E-01
-6.047876E-08,-1.4974632E-01
-6.042876E-08,-1.4974632E-01
-6.037876E-08,-1.4974632E-01
-6.032876E-08,-1.4974632E-01
-6.027876E-08,-1.4974632E-01
-6.022876E-08,-1.4974632E-01
-6.017876E-08,-1.4974632E-01
-6.012876E-08,-1.4974632E-01
-6.007876E-08,-1.4974632E-01
-6.002876E-08,-1.4979903E-01
-5.997876E-08,-1.4979903E-01
-5.992876E-08,-1.4979903E-01
-5.987876E-08,-1.4979903E-01
-5.982876E-08,-1.4974632E-01
-5.977876E-08,-1.4974632E-01
-5.972876E-08,-1.4974632E-01
-5.967876E-08,-1.4974632E-01
-5.962876E-08,-1.4974632E-01
-5.957876E-08,-1.4969361E-01
-5.952876E-08,-1.4969361E-01
-5.947876E-08,-1.4964090E-01
-5.942876E-08,-1.4964090E-01
-5.937876E-08,-1.4958819E-01
-5.932876E-08,-1.4958819E-01
-5.927876E-08,-1.4953548E-01
-5.922876E-08,-1.4953548E-01
-5.917876E-08,-1.4948277E-01
-5.912876E-08,-1.4948277E-01
-5.907876E-08,-1.4943006E-01
-5.902876E-08,-1.4943006E-01
-5.897876E-08,-1.4937735E-01
-5.892876E-08,-1.4937735E-01
-5.887876E-08,-1.4932464E-01
-5.882876E-08,-1.4932464E-01
-5.877876E-08,-1.4932464E-01
-5.872876E-08,-1.4927194E-01
-5.867876E-08,-1.4927194E-01
-5.862876E-08,-1.4927194E-01
-5.857876E-08,-1.4927194E-01
-5.852876E-08,-1.4927194E-01
-5.847876E-08,-1.4927194E-01
-5.842876E-08,-1.4927194E-01
-5.837876E-08,-1.4927194E-01
-5.832876E-08,-1.4932464E-01
-5.827876E-08,-1.4932464E-01
-5.822876E-08,-1.4932464E-01
-5.817876E-08,-1.4932464E-01
-5.812876E-08,-1.4937735E-01
-5.807876E-08,-1.4937735E-01
-5.802876E-08,-1.4943006E-01
-5.797876E-08,-1.4943006E-01
-5.792876E-08,-1.4943006E-01
-5.787876E-08,-1.4948277E-01
-5.782876E-08,-1.4948277E-01
-5.777876E-08,-1.4948277E-01
-5.772876E-08,-1.4953548E-01
-5.767876E-08,-1.4953548E-01
-5.762876E-08,-1.4953548E-01
-5.757876E-08,-1.4958819E-01
-5.752876E-08,-1.4958819E-01
-5.747876E-08,-1.4958819E-01
-5.742876E-08,-1.4958819E-01
-5.737876E-08,-1.4958819E-01
-5.732876E-08,-1.4958819E-01
-5.727876E-08,-1.4958819E-01
-5.722876E-08,-1.4958819E-01
-5.717876E-08,-1.4958819E-01
-5.712876E-08,-1.4958819E-01
-5.707876E-08,-1.4958819E-01
-5.702876E-08,-1.4958819E-01
-5.697876E-08,-1.4958819E-01
-5.692876E-08,-1.4958819E-01
-5.687876E-08,-1.4958819E-01
-5.682876E-08,-1.4958819E-01
-5.677876E-08,-1.4953548E-01
-5.672876E-08,-1.4953548E-01
-5.667876E-08,-1.4953548E-01
-5.662876E-08,-1.4953548E-01
-5.657876E-08,-1.4953548E-01
-5.652876E-08,-1.4953548E-01
-5.647876E-08,-1.4953548E-01
-5.642876E-08,-1.4953548E-01
-5.637876E-08,-1.4953548E-01
-5.632876E-08,-1.4953548E-01
-5.627876E-08,-1.4953548E-01
-5.622876E-08,-1.4953548E-01
-5.617876E-08,-1.4953548E-01
-5.612876E-08,-1.4953548E-01
-5.607876E-08,-1.4953548E-01
-5.602876E-08,-1.4953548E-01
-5.597876E-08,-1.4958819E-01
-5.592876E-08,-1.4958819E-01
-5.587876E-08,-1.4958819E-01
-5.582876E-08,-1.4958819E-01
-5.577876E-08,-1.4958819E-01
-5.572876E-08,-1.4958819E-01
-5.567876E-08,-1.4958819E-01
-5.562876E-08,-1.4964090E-01
-5.557876E-08,-1.4964090E-01
-5.552876E-08,-1.4964090E-01
-5.547876E-08,-1.4964090E-01
-5.542876E-08,-1.4964090E-01
-5.537876E-08,-1.4964090E-01
-5.532876E-08,-1.4964090E-01
-5.527876E-08,-1.4964090E-01
-5.522876E-08,-1.4964090E-01
-5.517876E-08,-1.4969361E-01
-5.512876E-08,-1.4969361E-01
-5.507876E-08,-1.4969361E-01
-5.502876E-08,-1.4969361E-01
-5.497876E-08,-1.4969361E-01
-5.492876E-08,-1.4969361E-01
-5.487876E-08,-1.4969361E-01
-5.482876E-08,-1.4969361E-01
-5.477876E-08,-1.4969361E-01
-5.472876E-08,-1.4969361E-01
-5.467876E-08,-1.4969361E-01
-5.462876E-08,-1.4969361E-01
-5.457876E-08,-1.4969361E-01
-5.452876E-08,-1.4969361E-01
-5.447876E-08,-1.4969361E-01
-5.442876E-08,-1.4969361E-01
-5.437876E-08,-1.4969361E-01
-5.432876E-08,-1.4969361E-01
-5.427876E-08,-1.4969361E-01
-5.422876E-08,-1.4969361E-01
-5.417876E-08,-1.4969361E-01
-5.412876E-08,-1.4974632E-01
-5.407876E-08,-1.4974632E-01
-5.402876E-08,-1.4974632E-01
-5.397876E-08,-1.4974632E-01
-5.392876E-08,-1.4974632E-01
-5.387876E-08,-1.4974632E-01
-5.382876E-08,-1.4974632E-01
-5.377876E-08,-1.4974632E-01
-5.372876E-08,-1.4974632E-01
-5.367876E-08,-1.4974632E-01
-5.362876E-08,-1.4974632E-01
-5.357876E-08,-1.4979903E-01
-5.352876E-08,-1.4979903E-01
-5.347876E-08,-1.4979903E-01
-5.342876E-08,-1.4979903E-01
-5.337876E-08,-1.4979903E-01
-5.332876E-08,-1.4979903E-01
-5.327876E-08,-1.4979903E-01
-5.322876E-08,-1.4979903E-01
-5.317876E-08,-1.4979903E-01
-5.312876E-08,-1.4979903E-01
-5.307876E-08,-1.4979903E-01
-5.302876E-08,-1.4974632E-01
-5.297876E-08,-1.4974632E-01
-5.292876E-08,-1.4974632E-01
-5.287876E-08,-1.4974632E-01
-5.282876E-08,-1.4974632E-01
-5.277876E-08,-1.4969361E-01
-5.272876E-08,-1.4969361E-01
-5.267876E-08,-1.4969361E-01
-5.262876E-08,-1.4969361E-01
-5.257876E-08,-1.4964090E-01
-5.252876E-08,-1.4964090E-01
-5.247876E-08,-1.4964090E-01
-5.242876E-08,-1.4964090E-01
-5.237876E-08,-1.4958819E-01
-5.232876E-08,-1.4958819E-01
-5.227876E-08,-1.4958819E-01
-5.222876E-08,-1.4958819E-01
-5.217876E-08,-1.4953548E-01
-5.212876E-08,-1.4953548E-01
-5.207876E-08,-1.4953548E-01
-5.202876E-08,-1.4953548E-01
-5.197876E-08,-1.4953548E-01
-5.192876E-08,-1.4953548E-01
-5.187876E-08,-1.4953548E-01
-5.182876E-08,-1.4953548E-01
-5.177876E-08,-1.4953548E-01
-5.172876E-08,-1.4953548E-01
-5.167876E-08,-1.4953548E-01
-5.162876E-08,-1.4953548E-01
-5.157876E-08,-1.4953548E-01
-5.152876E-08,-1.4958819E-01
-5.147876E-08,-1.4958819E-01
-5.142876E-08,-1.4958819E-01
-5.137876E-08,-1.4958819E-01
-5.132876E-08,-1.4964090E-01
-5.127876E-08,-1.4964090E-01
-5.122876E-08,-1.4969361E-01
-5.117876E-08,-1.4969361E-01
-5.112876E-08,-1.4969361E-01
-5.107876E-08,-1.4974632E-01
-5.102876E-08,-1.4974632E-01
-5.097876E-08,-1.4974632E-01
-5.092876E-08,-1.4974632E-01
-5.087876E-08,-1.4979903E-01
-5.082876E-08,-1.4979903E-01
-5.077876E-08,-1.4979903E-01
-5.072876E-08,-1.4979903E-01
-5.067876E-08,-1.4985173E-01
-5.062876E-08,-1.4985173E-01
-5.057876E-08,-1.4985173E-01
-5.052876E-08,-1.4985173E-01
-5.047876E-08,-1.4985173E-01
-5.042876E-08,-1.4985173E-01
-5.037876E-08,-1.4985173E-01
-5.032876E-08,-1.4979903E-01
-5.027876E-08,-1.4979903E-01
-5.022876E-08,-1.4979903E-01
-5.017876E-08,-1.4979903E-01
-5.012876E-08,-1.4979903E-01
-5.007876E-08,-1.4979903E-01
-5.002876E-08,-1.4974632E-01
-4.997876E-08,-1.4974632E-01
-4.992876E-08,-1.4974632E-01
-4.987876E-08,-1.4974632E-01
-4.982876E-08,-1.4969361E-01
-4.977876E-08,-1.4969361E-01
-4.972876E-08,-1.4969361E-01
-4.967876E-08,-1.4969361E-01
-4.962876E-08,-1.4969361E-01
-4.957876E-08,-1.4969361E-01
-4.952876E-08,-1.4969361E-01
-4.947876E-08,-1.4964090E-01
-4.942876E-08,-1.4964090E-01
-4.937876E-08,-1.4964090E-01
-4.932876E-08,-1.4969361E-01
-4.927876E-08,-1.4969361E-01
-4.922876E-08,-1.4969361E-01
-4.917876E-08,-1.4969361E-01
-4.912876E-08,-1.4969361E-01
-4.907876E-08,-1.4969361E-01
-4.902876E-08,-1.4969361E-01
-4.897876E-08,-1.4969361E-01
-4.892876E-08,-1.4969361E-01
-4.887876E-08,-1.4969361E-01
-4.882876E-08,-1.4969361E-01
-4.877876E-08,-1.4969361E-01
-4.872876E-08,-1.4969361E-01
-4.867876E-08,-1.4969361E-01
-4.862876E-08,-1.4969361E-01
-4.857876E-08,-1.4969361E-01
-4.852876E-08,-1.4969361E-01
-4.847876E-08,-1.4969361E-01
-4.842876E-08,-1.4964090E-01
-4.837876E-08,-1.4964090E-01
-4.832876E-08,-1.4964090E-01
-4.827876E-08,-1.4964090E-01
-4.822876E-08,-1.4958819E-01
-4.817876E-08,-1.4958819E-01
-4.812876E-08,-1.4958819E-01
-4.807876E-08,-1.4953548E-01
-4.802876E-08,-1.4953548E-01
-4.797876E-08,-1.4948277E-01
-4.792876E-08,-1.4948277E-01
-4.787876E-08,-1.4943006E-01
-4.782876E-08,-1.4943006E-01
-4.777876E-08,-1.4937735E-01
-4.772876E-08,-1.4937735E-01
-4.767876E-08,-1.4937735E-01
-4.762876E-08,-1.4932464E-01
-4.757876E-08,-1.4932464E-01
-4.752876E-08,-1.4927194E-01
-4.747876E-08,-1.4927194E-01
-4.742876E-08,-1.4921923E-01
-4.737876E-08,-1.4921923E-01
-4.732876E-08,-1.4921923E-01
-4.727876E-08,-1.4916652E-01
-4.722876E-08,-1.4916652E-01
-4.717876E-08,-1.4916652E-01
-4.712876E-08,-1.4911381E-01
-4.707876E-08,-1.4911381E-01
-4.702876E-08,-1.4911381E-01
-4.697876E-08,-1.4911381E-01
-4.692876E-08,-1.4911381E-01
-4.687876E-08,-1.4911381E-01
-4.682876E-08,-1.4906110E-01
-4.677876E-08,-1.4906110E-01
-4.672876E-08,-1.4906110E-01
-4.667876E-08,-1.4906110E-01
-4.662876E-08,-1.4906110E-01
-4.657876E-08,-1.4906110E-01
-4.652876E-08,-1.4906110E-01
-4.647876E-08,-1.4911381E-01
-4.642876E-08,-1.4911381E-01
-4.637876E-08,-1.4911381E-01
-4.632876E-08,-1.4911381E-01
-4.627876E-08,-1.4911381E-01
-4.622876E-08,-1.4916652E-01
-4.617876E-08,-1.4916652E-01
-4.612876E-08,-1.4916652E-01
-4.607876E-08,-1.4916652E-01
-4.602876E-08,-1.4921923E-01
-4.597876E-08,-1.4921923E-01
-4.592876E-08,-1.4927194E-01
-4.587876E-08,-1.4927194E-01
-4.582876E-08,-1.4932464E-01
-4.577876E-08,-1.4932464E-01
-4.572876E-08,-1.4937735E-01
-4.567876E-08,-1.4937735E-01
-4.562876E-08,-1.4943006E-01
-4.557876E-08,-1.4948277E-01
-4.552876E-08,-1.4948277E-01
-4.547876E-08,-1.4953548E-01
-4.542876E-08,-1.4958819E-01
-4.537876E-08,-1.4964090E-01
-4.532876E-08,-1.4964090E-01
-4.527876E-08,-1.4969361E-01
-4.522876E-08,-1.4974632E-01
-4.517876E-08,-1.4979903E-01
-4.512876E-08,-1.4979903E-01
-4.507876E-08,-1.4985173E-01
-4.502876E-08,-1.4990444E-01
-4.497876E-08,-1.4990444E-01
-4.492876E-08,-1.4995715E-01
-4.487876E-08,-1.5000986E-01
-4.482876E-08,-1.5000986E-01
-4.477876E-08,-1.5006257E-01
-4.472876E-08,-1.5006257E-01
-4.467876E-08,-1.5011528E-01
-4.462876E-08,-1.5011528E-01
-4.457876E-08,-1.5011528E-01
-4.452876E-08,-1.5011528E-01
-4.447876E-08,-1.5016799E-01
-4.442876E-08,-1.5016799E-01
-4.437876E-08,-1.5016799E-01
-4.432876E-08,-1.5016799E-01
-4.427876E-08,-1.5016799E-01
-4.422876E-08,-1.5011528E-01
-4.417876E-08,-1.5011528E-01
-4.412876E-08,-1.5011528E-01
-4.407876E-08,-1.5011528E-01
-4.402876E-08,-1.5006257E-01
-4.397876E-08,-1.5006257E-01
-4.392876E-08,-1.5006257E-01
-4.387876E-08,-1.5000986E-01
-4.382876E-08,-1.5000986E-01
-4.377876E-08,-1.4995715E-01
-4.372876E-08,-1.4990444E-01
-4.367876E-08,-1.4990444E-01
-4.362876E-08,-1.4985173E-01
-4.357876E-08,-1.4979903E-01
-4.352876E-08,-1.4979903E-01
-4.347876E-08,-1.4974632E-01
-4.342876E-08,-1.4969361E-01
-4.337876E-08,-1.4969361E-01
-4.332876E-08,-1.4964090E-01
-4.327876E-08,-1.4958819E-01
-4.322876E-08,-1.4958819E-01
-4.317876E-08,-1.4953548E-01
-4.312876E-08,-1.4953548E-01
-4.307876E-08,-1.4948277E-01
-4.302876E-08,-1.4948277E-01
-4.297876E-08,-1.4943006E-01
-4.292876E-08,-1.4943006E-01
-4.287876E-08,-1.4937735E-01
-4.282876E-08,-1.4937735E-01
-4.277876E-08,-1.4937735E-01
-4.272876E-08,-1.4937735E-01
-4.267876E-08,-1.4937735E-01
-4.262876E-08,-1.4937735E-01
-4.257876E-08,-1.4937735E-01
-4.252876E-08,-1.4937735E-01
-4.247876E-08,-1.4937735E-01
-4.242876E-08,-1.4943006E-01
-4.237876E-08,-1.4943006E-01
-4.232876E-08,-1.4943006E-01
-4.227876E-08,-1.4948277E-01
-4.222876E-08,-1.4948277E-01
-4.217876E-08,-1.4953548E-01
-4.212876E-08,-1.4953548E-01
-4.207876E-08,-1.4958819E-01
-4.202876E-08,-1.4958819E-01
-4.197876E-08,-1.4964090E-01
-4.192876E-08,-1.4964090E-01
-4.187876E-08,-1.4969361E-01
-4.182876E-08,-1.4969361E-01
-4.177876E-08,-1.4974632E-01
-4.172876E-08,-1.4974632E-01
-4.167876E-08,-1.4974632E-01
-4.162876E-08,-1.4974632E-01
-4.157876E-08,-1.4974632E-01
-4.152876E-08,-1.4974632E-01
-4.147876E-08,-1.4974632E-01
-4.142876E-08,-1.4974632E-01
-4.137876E-08,-1.4969361E-01
-4.132876E-08,-1.4969361E-01
-4.127876E-08,-1.4964090E-01
-4.122876E-08,-1.4964090E-01
-4.117876E-08,-1.4958819E-01
-4.112876E-08,-1.4953548E-01
-4.107876E-08,-1.4948277E-01
-4.102876E-08,-1.4943006E-01
-4.097876E-08,-1.4932464E-01
-4.092876E-08,-1.4927194E-01
-4.087876E-08,-1.4921923E-01
-4.082876E-08,-1.4916652E-01
-4.077876E-08,-1.4911381E-01
-4.072876E-08,-1.4900839E-01
-4.067876E-08,-1.4895568E-01
-4.062876E-08,-1.4890297E-01
-4.057876E-08,-1.4885026E-01
-4.052876E-08,-1.4879755E-01
-4.047876E-08,-1.4874485E-01
-4.042876E-08,-1.4869214E-01
-4.037876E-08,-1.4869214E-01
-4.032876E-08,-1.4863943E-01
-4.027876E-08,-1.4863943E-01
-4.022876E-08,-1.4863943E-01
-4.017876E-08,-1.4863943E-01
-4.012876E-08,-1.4863943E-01
-4.007876E-08,-1.4863943E-01
-4.002876E-08,-1.4869214E-01
-3.997876E-08,-1.4869214E-01
-3.992876E-08,-1.4874485E-01
-3.987876E-08,-1.4879755E-01
-3.982876E-08,-1.4885026E-01
-3.977876E-08,-1.4890297E-01
-3.972876E-08,-1.4895568E-01
-3.967876E-08,-1.4900839E-01
-3.962876E-08,-1.4906110E-01
-3.957876E-08,-1.4916652E-01
-3.952876E-08,-1.4921923E-01
-3.947876E-08,-1.4927194E-01
-3.942876E-08,-1.4932464E-01
-3.937876E-08,-1.4937735E-01
-3.932876E-08,-1.4943006E-01
-3.927876E-08,-1.4948277E-01
-3.922876E-08,-1.4953548E-01
-3.917876E-08,-1.4958819E-01
-3.912876E-08,-1.4958819E-01
-3.907876E-08,-1.4958819E-01
-3.902876E-08,-1.4964090E-01
-3.897876E-08,-1.4964090E-01
-3.892876E-08,-1.4964090E-01
-3.887876E-08,-1.4964090E-01
-3.882876E-08,-1.4958819E-01
-3.877876E-08,-1.4958819E-01
-3.872876E-08,-1.4953548E-01
-3.867876E-08,-1.4953548E-01
-3.862876E-08,-1.4948277E-01
-3.857876E-08,-1.4943006E-01
-3.852876E-08,-1.4937735E-01
-3.847876E-08,-1.4937735E-01
-3.842876E-08,-1.4932464E-01
-3.837876E-08,-1.4927194E-01
-3.832876E-08,-1.4921923E-01
-3.827876E-08,-1.4916652E-01
-3.822876E-08,-1.4916652E-01
-3.817876E-08,-1.4911381E-01
-3.812876E-08,-1.4911381E-01
-3.807876E-08,-1.4906110E-01
-3.802876E-08,-1.4906110E-01
-3.797876E-08,-1.4906110E-01
-3.792876E-08,-1.4906110E-01
-3.787876E-08,-1.4906110E-01
-3.782876E-08,-1.4906110E-01
-3.777876E-08,-1.4906110E-01
-3.772876E-08,-1.4906110E-01
-3.767876E-08,-1.4911381E-01
-3.762876E-08,-1.4911381E-01
-3.757876E-08,-1.4916652E-01
-3.752876E-08,-1.4921923E-01
-3.747876E-08,-1.4927194E-01
-3.742876E-08,-1.4927194E-01
-3.737876E-08,-1.4932464E-01
-3.732876E-08,-1.4937735E-01
-3.727876E-08,-1.4943006E-01
-3.722876E-08,-1.4948277E-01
-3.717876E-08,-1.4948277E-01
-3.712876E-08,-1.4953548E-01
-3.707876E-08,-1.4953548E-01
-3.702876E-08,-1.4958819E-01
-3.697876E-08,-1.4958819E-01
-3.692876E-08,-1.4964090E-01
-3.687876E-08,-1.4964090E-01
-3.682876E-08,-1.4964090E-01
-3.677876E-08,-1.4964090E-01
-3.672876E-08,-1.4964090E-01
-3.667876E-08,-1.4958819E-01
-3.662876E-08,-1.4958819E-01
-3.657876E-08,-1.4958819E-01
-3.652876E-08,-1.4953548E-01
-3.647876E-08,-1.4953548E-01
-3.642876E-08,-1.4948277E-01
-3.637876E-08,-1.4948277E-01
-3.632876E-08,-1.4943006E-01
-3.627876E-08,-1.4937735E-01
-3.622876E-08,-1.4937735E-01
-3.617876E-08,-1.4932464E-01
-3.612876E-08,-1.4927194E-01
-3.607876E-08,-1.4927194E-01
-3.602876E-08,-1.4921923E-01
-3.597876E-08,-1.4921923E-01
-3.592876E-08,-1.4916652E-01
-3.587876E-08,-1.4916652E-01
-3.582876E-08,-1.4911381E-01
-3.577876E-08,-1.4911381E-01
-3.572876E-08,-1.4911381E-01
-3.567876E-08,-1.4911381E-01
-3.562876E-08,-1.4911381E-01
-3.557876E-08,-1.4911381E-01
-3.552876E-08,-1.4911381E-01
-3.547876E-08,-1.4911381E-01
-3.542876E-08,-1.4911381E-01
-3.537876E-08,-1.4911381E-01
-3.532876E-08,-1.4911381E-01
-3.527876E-08,-1.4911381E-01
-3.522876E-08,-1.4916652E-01
-3.517876E-08,-1.4916652E-01
-3.512876E-08,-1.4916652E-01
-3.507876E-08,-1.4916652E-01
-3.502876E-08,-1.4916652E-01
-3.497876E-08,-1.4916652E-01
-3.492876E-08,-1.4916652E-01
-3.487876E-08,-1.4916652E-01
-3.482876E-08,-1.4911381E-01
-3.477876E-08,-1.4911381E-01
-3.472876E-08,-1.4911381E-01
-3.467876E-08,-1.4911381E-01
-3.462876E-08,-1.4911381E-01
-3.457876E-08,-1.4906110E-01
-3.452876E-08,-1.4906110E-01
-3.447876E-08,-1.4906110E-01
-3.442876E-08,-1.4906110E-01
-3.437876E-08,-1.4900839E-01
-3.432876E-08,-1.4900839E-01
-3.427876E-08,-1.4900839E-01
-3.422876E-08,-1.4900839E-01
-3.417876E-08,-1.4900839E-01
-3.412876E-08,-1.4900839E-01
-3.407876E-08,-1.4900839E-01
-3.402876E-08,-1.4906110E-01
-3.397876E-08,-1.4906110E-01
-3.392876E-08,-1.4906110E-01
-3.387876E-08,-1.4911381E-01
-3.382876E-08,-1.4911381E-01
-3.377876E-08,-1.4916652E-01
-3.372876E-08,-1.4921923E-01
-3.367876E-08,-1.4921923E-01
-3.362876E-08,-1.4927194E-01
-3.357876E-08,-1.4932464E-01
-3.352876E-08,-1.4937735E-01
-3.347876E-08,-1.4943006E-01
-3.342876E-08,-1.4943006E-01
-3.337876E-08,-1.4948277E-01
-3.332876E-08,-1.4953548E-01
-3.327876E-08,-1.4953548E-01
-3.322876E-08,-1.4958819E-01
-3.317876E-08,-1.4958819E-01
-3.312876E-08,-1.4964090E-01
-3.307876E-08,-1.4964090E-01
-3.302876E-08,-1.4964090E-01
-3.297876E-08,-1.4964090E-01
-3.292876E-08,-1.4964090E-01
-3.287876E-08,-1.4964090E-01
-3.282876E-08,-1.4964090E-01
-3.277876E-08,-1.4964090E-01
-3.272876E-08,-1.4958819E-01
-3.267876E-08,-1.4958819E-01
-3.262876E-08,-1.4953548E-01
-3.257876E-08,-1.4953548E-01
-3.252876E-08,-1.4948277E-01
-3.247876E-08,-1.4948277E-01
-3.242876E-08,-1.4943006E-01
-3.237876E-08,-1.4943006E-01
-3.232876E-08,-1.4937735E-01
-3.227876E-08,-1.4937735E-01
-3.222876E-08,-1.4932464E-01
-3.217876E-08,-1.4932464E-01
-3.212876E-08,-1.4932464E-01
-3.207876E-08,-1.4932464E-01
-3.202876E-08,-1.4932464E-01
-3.197876E-08,-1.4932464E-01
-3.192876E-08,-1.4932464E-01
-3.187876E-08,-1.4932464E-01
-3.182876E-08,-1.4937735E-01
-3.177876E-08,-1.4937735E-01
-3.172876E-08,-1.4943006E-01
-3.167876E-08,-1.4948277E-01
-3.162876E-08,-1.4948277E-01
-3.157876E-08,-1.4953548E-01
-3.152876E-08,-1.4958819E-01
-3.147876E-08,-1.4964090E-01
-3.142876E-08,-1.4969361E-01
-3.137876E-08,-1.4969361E-01
-3.132876E-08,-1.4974632E-01
-3.127876E-08,-1.4979903E-01
-3.122876E-08,-1.4979903E-01
-3.117876E-08,-1.4979903E-01
-3.112876E-08,-1.4985173E-01
-3.107876E-08,-1.4985173E-01
-3.102876E-08,-1.4985173E-01
-3.097876E-08,-1.4979903E-01
-3.092876E-08,-1.4979903E-01
-3.087876E-08,-1.4974632E-01
-3.082876E-08,-1.4969361E-01
-3.077876E-08,-1.4964090E-01
-3.072876E-08,-1.4958819E-01
-3.067876E-08,-1.4953548E-01
-3.062876E-08,-1.4943006E-01
-3.057876E-08,-1.4937735E-01
-3.052876E-08,-1.4927194E-01
-3.047876E-08,-1.4916652E-01
-3.042876E-08,-1.4906110E-01
-3.037876E-08,-1.4895568E-01
-3.032876E-08,-1.4885026E-01
-3.027876E-08,-1.4874485E-01
-3.022876E-08,-1.4863943E-01
-3.017876E-08,-1.4853401E-01
-3.012876E-08,-1.4842859E-01
-3.007876E-08,-1.4832317E-01
-3.002876E-08,-1.4827046E-01
-2.997876E-08,-1.4816505E-01
-2.992876E-08,-1.4811234E-01
-2.987876E-08,-1.4805963E-01
-2.982876E-08,-1.4800692E-01
-2.977876E-08,-1.4800692E-01
-2.972876E-08,-1.4800692E-01
-2.967876E-08,-1.4800692E-01
-2.962876E-08,-1.4800692E-01
-2.957876E-08,-1.4800692E-01
-2.952876E-08,-1.4805963E-01
-2.947876E-08,-1.4811234E-01
-2.942876E-08,-1.4816505E-01
-2.937876E-08,-1.4821776E-01
-2.932876E-08,-1.4827046E-01
-2.927876E-08,-1.4837588E-01
-2.922876E-08,-1.4848130E-01
-2.917876E-08,-1.4853401E-01
-2.912876E-08,-1.4863943E-01
-2.907876E-08,-1.4874485E-01
-2.902876E-08,-1.4879755E-01
-2.897876E-08,-1.4890297E-01
-2.892876E-08,-1.4900839E-01
-2.887876E-08,-1.4906110E-01
-2.882876E-08,-1.4911381E-01
-2.877876E-08,-1.4921923E-01
-2.872876E-08,-1.4927194E-01
-2.867876E-08,-1.4932464E-01
-2.862876E-08,-1.4932464E-01
-2.857876E-08,-1.4937735E-01
-2.852876E-08,-1.4937735E-01
-2.847876E-08,-1.4937735E-01
-2.842876E-08,-1.4937735E-01
-2.837876E-08,-1.4937735E-01
-2.832876E-08,-1.4937735E-01
-2.827876E-08,-1.4937735E-01
-2.822876E-08,-1.4932464E-01
-2.817876E-08,-1.4927194E-01
-2.812876E-08,-1.4927194E-01
-2.807876E-08,-1.4921923E-01
-2.802876E-08,-1.4916652E-01
-2.797876E-08,-1.4911381E-01
-2.792876E-08,-1.4906110E-01
-2.787876E-08,-1.4900839E-01
-2.782876E-08,-1.4895568E-01
-2.777876E-08,-1.4890297E-01
-2.772876E-08,-1.4890297E-01
-2.767876E-08,-1.4885026E-01
-2.762876E-08,-1.4879755E-01
-2.757876E-08,-1.4879755E-01
-2.752876E-08,-1.4879755E-01
-2.747876E-08,-1.4874485E-01
-2.742876E-08,-1.4874485E-01
-2.737876E-08,-1.4874485E-01
-2.732876E-08,-1.4874485E-01
-2.727876E-08,-1.4874485E-01
-2.722876E-08,-1.4874485E-01
-2.717876E-08,-1.4879755E-01
-2.712876E-08,-1.4879755E-01
-2.707876E-08,-1.4885026E-01
-2.702876E-08,-1.4885026E-01
-2.697876E-08,-1.4890297E-01
-2.692876E-08,-1.4890297E-01
-2.687876E-08,-1.4895568E-01
-2.682876E-08,-1.4895568E-01
-2.677876E-08,-1.4900839E-01
-2.672876E-08,-1.4900839E-01
-2.667876E-08,-1.4906110E-01
-2.662876E-08,-1.4906110E-01
-2.657876E-08,-1.4906110E-01
-2.652876E-08,-1.4906110E-01
-2.647876E-08,-1.4906110E-01
-2.642876E-08,-1.4906110E-01
-2.637876E-08,-1.4906110E-01
-2.632876E-08,-1.4906110E-01
-2.627876E-08,-1.4906110E-01
-2.622876E-08,-1.4900839E-01
-2.617876E-08,-1.4900839E-01
-2.612876E-08,-1.4895568E-01
-2.607876E-08,-1.4895568E-01
-2.602876E-08,-1.4890297E-01
-2.597876E-08,-1.4890297E-01
-2.592876E-08,-1.4885026E-01
-2.587876E-08,-1.4879755E-01
-2.582876E-08,-1.4879755E-01
-2.577876E-08,-1.4874485E-01
-2.572876E-08,-1.4874485E-01
-2.567876E-08,-1.4874485E-01
-2.562876E-08,-1.4869214E-01
-2.557876E-08,-1.4869214E-01
-2.552876E-08,-1.4869214E-01
-2.547876E-08,-1.4869214E-01
-2.542876E-08,-1.4869214E-01
-2.537876E-08,-1.4869214E-01
-2.532876E-08,-1.4869214E-01
-2.527876E-08,-1.4869214E-01
-2.522876E-08,-1.4874485E-01
-2.517876E-08,-1.4874485E-01
-2.512876E-08,-1.4879755E-01
-2.507876E-08,-1.4879755E-01
-2.502876E-08,-1.4885026E-01
-2.497876E-08,-1.4890297E-01
-2.492876E-08,-1.4890297E-01
-2.487876E-08,-1.4895568E-01
-2.482876E-08,-1.4900839E-01
-2.477876E-08,-1.4906110E-01
-2.472876E-08,-1.4906110E-01
-2.467876E-08,-1.4911381E-01
-2.462876E-08,-1.4916652E-01
-2.457876E-08,-1.4916652E-01
-2.452876E-08,-1.4921923E-01
-2.447876E-08,-1.4921923E-01
-2.442876E-08,-1.4927194E-01
-2.437876E-08,-1.4927194E-01
-2.432876E-08,-1.4927194E-01
-2.427876E-08,-1.4927194E-01
-2.422876E-08,-1.4927194E-01
-2.417876E-08,-1.4932464E-01
-2.412876E-08,-1.4932464E-01
-2.407876E-08,-1.4932464E-01
-2.402876E-08,-1.4932464E-01
-2.397876E-08,-1.4932464E-01
-2.392876E-08,-1.4927194E-01
-2.387876E-08,-1.4927194E-01
-2.382876E-08,-1.4927194E-01
-2.377876E-08,-1.4927194E-01
-2.372876E-08,-1.4927194E-01
-2.367876E-08,-1.4927194E-01
-2.362876E-08,-1.4927194E-01
-2.357876E-08,-1.4927194E-01
-2.352876E-08,-1.4921923E-01
-2.347876E-08,-1.4921923E-01
-2.342876E-08,-1.4921923E-01
-2.337876E-08,-1.4921923E-01
-2.332876E-08,-1.4921923E-01
-2.327876E-08,-1.4921923E-01
-2.322876E-08,-1.4921923E-01
-2.317876E-08,-1.4921923E-01
-2.312876E-08,-1.4921923E-01
-2.307876E-08,-1.4921923E-01
-2.302876E-08,-1.4921923E-01
-2.297876E-08,-1.4921923E-01
-2.292876E-08,-1.4921923E-01
-2.287876E-08,-1.4921923E-01
-2.282876E-08,-1.4921923E-01
-2.277876E-08,-1.4921923E-01
-2.272876E-08,-1.4916652E-01
-2.267876E-08,-1.4916652E-01
-2.262876E-08,-1.4916652E-01
-2.257876E-08,-1.4911381E-01
-2.252876E-08,-1.4911381E-01
-2.247876E-08,-1.4906110E-01
-2.242876E-08,-1.4906110E-01
-2.237876E-08,-1.4900839E-01
-2.232876E-08,-1.4895568E-01
-2.227876E-08,-1.4895568E-01
-2.222876E-08,-1.4890297E-01
-2.217876E-08,-1.4885026E-01
-2.212876E-08,-1.4879755E-01
-2.207876E-08,-1.4879755E-01
-2.202876E-08,-1.4874485E-01
-2.197876E-08,-1.4869214E-01
-2.192876E-08,-1.4863943E-01
-2.187876E-08,-1.4863943E-01
-2.182876E-08,-1.4858672E-01
-2.177876E-08,-1.4858672E-01
-2.172876E-08,-1.4853401E-01
-2.167876E-08,-1.4853401E-01
-2.162876E-08,-1.4848130E-01
-2.157876E-08,-1.4848130E-01
-2.152876E-08,-1.4848130E-01
-2.147876E-08,-1.4848130E-01
-2.142876E-08,-1.4848130E-01
-2.137876E-08,-1.4848130E-01
-2.132876E-08,-1.4848130E-01
-2.127876E-08,-1.4853401E-01
-2.122876E-08,-1.4853401E-01
-2.117876E-08,-1.4858672E-01
-2.112876E-08,-1.4858672E-01
-2.107876E-08,-1.4863943E-01
-2.102876E-08,-1.4863943E-01
-2.097876E-08,-1.4869214E-01
-2.092876E-08,-1.4874485E-01
-2.087876E-08,-1.4874485E-01
-2.082876E-08,-1.4879755E-01
-2.077876E-08,-1.4879755E-01
-2.072876E-08,-1.4885026E-01
-2.067876E-08,-1.4885026E-01
-2.062876E-08,-1.4885026E-01
-2.057876E-08,-1.4890297E-01
-2.052876E-08,-1.4890297E-01
-2.047876E-08,-1.4890297E-01
-2.042876E-08,-1.4890297E-01
-2.037876E-08,-1.4890297E-01
-2.032876E-08,-1.4885026E-01
-2.027876E-08,-1.4885026E-01
-2.022876E-08,-1.4885026E-01
-2.017876E-08,-1.4879755E-01
-2.012876E-08,-1.4879755E-01
-2.007876E-08,-1.4874485E-01
-2.002876E-08,-1.4869214E-01
-1.997876E-08,-1.4869214E-01
-1.992876E-08,-1.4863943E-01
-1.987876E-08,-1.4858672E-01
-1.982876E-08,-1.4853401E-01
-1.977876E-08,-1.4848130E-01
-1.972876E-08,-1.4842859E-01
-1.967876E-08,-1.4842859E-01
-1.962876E-08,-1.4837588E-01
-1.957876E-08,-1.4832317E-01
-1.952876E-08,-1.4827046E-01
-1.947876E-08,-1.4827046E-01
-1.942876E-08,-1.4821776E-01
-1.937876E-08,-1.4816505E-01
-1.932876E-08,-1.4816505E-01
-1.927876E-08,-1.4816505E-01
-1.922876E-08,-1.4811234E-01
-1.917876E-08,-1.4811234E-01
-1.912876E-08,-1.4811234E-01
-1.907876E-08,-1.4811234E-01
-1.902876E-08,-1.4811234E-01
-1.897876E-08,-1.4811234E-01
-1.892876E-08,-1.4811234E-01
-1.887876E-08,-1.4811234E-01
-1.882876E-08,-1.4811234E-01
-1.877876E-08,-1.4811234E-01
-1.872876E-08,-1.4816505E-01
-1.867876E-08,-1.4816505E-01
-1.862876E-08,-1.4816505E-01
-1.857876E-08,-1.4821776E-01
-1.852876E-08,-1.4821776E-01
-1.847876E-08,-1.4821776E-01
-1.842876E-08,-1.4827046E-01
-1.837876E-08,-1.4827046E-01
-1.832876E-08,-1.4827046E-01
-1.827876E-08,-1.4832317E-01
-1.822876E-08,-1.4832317E-01
-1.817876E-08,-1.4832317E-01
-1.812876E-08,-1.4832317E-01
-1.807876E-08,-1.4837588E-01
-1.802876E-08,-1.4837588E-01
-1.797876E-08,-1.4837588E-01
-1.792876E-08,-1.4842859E-01
-1.787876E-08,-1.4842859E-01
-1.782876E-08,-1.4842859E-01
-1.777876E-08,-1.4842859E-01
-1.772876E-08,-1.4848130E-01
-1.767876E-08,-1.4848130E-01
-1.762876E-08,-1.4848130E-01
-1.757876E-08,-1.4853401E-01
-1.752876E-08,-1.4853401E-01
-1.747876E-08,-1.4853401E-01
-1.742876E-08,-1.4853401E-01
-1.737876E-08,-1.4858672E-01
-1.732876E-08,-1.4858672E-01
-1.727876E-08,-1.4858672E-01
-1.722876E-08,-1.4863943E-01
-1.717876E-08,-1.4863943E-01
-1.712876E-08,-1.4863943E-01
-1.707876E-08,-1.4863943E-01
-1.702876E-08,-1.4863943E-01
-1.697876E-08,-1.4869214E-01
-1.692876E-08,-1.4869214E-01
-1.687876E-08,-1.4869214E-01
-1.682876E-08,-1.4869214E-01
-1.677876E-08,-1.4863943E-01
-1.672876E-08,-1.4863943E-01
-1.667876E-08,-1.4863943E-01
-1.662876E-08,-1.4863943E-01
-1.657876E-08,-1.4858672E-01
-1.652876E-08,-1.4858672E-01
-1.647876E-08,-1.4858672E-01
-1.642876E-08,-1.4853401E-01
-1.637876E-08,-1.4848130E-01
-1.632876E-08,-1.4848130E-01
-1.627876E-08,-1.4842859E-01
-1.622876E-08,-1.4842859E-01
-1.617876E-08,-1.4837588E-01
-1.612876E-08,-1.4832317E-01
-1.607876E-08,-1.4827046E-01
-1.602876E-08,-1.4827046E-01
-1.597876E-08,-1.4821776E-01
-1.592876E-08,-1.4821776E-01
-1.587876E-08,-1.4816505E-01
-1.582876E-08,-1.4816505E-01
-1.577876E-08,-1.4811234E-01
-1.572876E-08,-1.4811234E-01
-1.567876E-08,-1.4811234E-01
-1.562876E-08,-1.4805963E-01
-1.557876E-08,-1.4805963E-01
-1.552876E-08,-1.4805963E-01
-1.547876E-08,-1.4811234E-01
-1.542876E-08,-1.4811234E-01
-1.537876E-08,-1.4811234E-01
-1.532876E-08,-1.4811234E-01
-1.527876E-08,-1.4816505E-01
-1.522876E-08,-1.4821776E-01
-1.517876E-08,-1.4821776E-01
-1.512876E-08,-1.4827046E-01
-1.507876E-08,-1.4832317E-01
-1.502876E-08,-1.4832317E-01
-1.497876E-08,-1.4837588E-01
-1.492876E-08,-1.4842859E-01
-1.487876E-08,-1.4848130E-01
-1.482876E-08,-1.4853401E-01
-1.477876E-08,-1.4853401E-01
-1.472876E-08,-1.4858672E-01
-1.467876E-08,-1.4863943E-01
-1.462876E-08,-1.4863943E-01
-1.457876E-08,-1.4869214E-01
-1.452876E-08,-1.4874485E-01
-1.447876E-08,-1.4874485E-01
-1.442876E-08,-1.4879755E-01
-1.437876E-08,-1.4879755E-01
-1.432876E-08,-1.4879755E-01
-1.427876E-08,-1.4885026E-01
-1.422876E-08,-1.4885026E-01
-1.417876E-08,-1.4885026E-01
-1.412876E-08,-1.4885026E-01
-1.407876E-08,-1.4885026E-01
-1.402876E-08,-1.4885026E-01
-1.397876E-08,-1.4885026E-01
-1.392876E-08,-1.4885026E-01
-1.387876E-08,-1.4885026E-01
-1.382876E-08,-1.4885026E-01
-1.377876E-08,-1.4885026E-01
-1.372876E-08,-1.4885026E-01
-1.367876E-08,-1.4885026E-01
-1.362876E-08,-1.4885026E-01
-1.357876E-08,-1.4885026E-01
-1.352876E-08,-1.4885026E-01
-1.347876E-08,-1.4890297E-01
-1.342876E-08,-1.4890297E-01
-1.337876E-08,-1.4890297E-01
-1.332876E-08,-1.4890297E-01
-1.327876E-08,-1.4890297E-01
-1.322876E-08,-1.4895568E-01
-1.317876E-08,-1.4895568E-01
-1.312876E-08,-1.4895568E-01
-1.307876E-08,-1.4900839E-01
-1.302876E-08,-1.4900839E-01
-1.297876E-08,-1.4900839E-01
-1.292876E-08,-1.4906110E-01
-1.287876E-08,-1.4906110E-01
-1.282876E-08,-1.4906110E-01
-1.277876E-08,-1.4911381E-01
-1.272876E-08,-1.4911381E-01
-1.267876E-08,-1.4911381E-01
-1.262876E-08,-1.4916652E-01
-1.257876E-08,-1.4916652E-01
-1.252876E-08,-1.4916652E-01
-1.247876E-08,-1.4916652E-01
-1.242876E-08,-1.4916652E-01
-1.237876E-08,-1.4916652E-01
-1.232876E-08,-1.4921923E-01
-1.227876E-08,-1.4921923E-01
-1.222876E-08,-1.4916652E-01
-1.217876E-08,-1.4916652E-01
-1.212876E-08,-1.4916652E-01
-1.207876E-08,-1.4916652E-01
-1.202876E-08,-1.4916652E-01
-1.197876E-08,-1.4916652E-01
-1.192876E-08,-1.4916652E-01
-1.187876E-08,-1.4916652E-01
-1.182876E-08,-1.4911381E-01
-1.177876E-08,-1.4911381E-01
-1.172876E-08,-1.4911381E-01
-1.167876E-08,-1.4911381E-01
-1.162876E-08,-1.4911381E-01
-1.157876E-08,-1.4911381E-01
-1.152876E-08,-1.4911381E-01
-1.147876E-08,-1.4911381E-01
-1.142876E-08,-1.4911381E-01
-1.137876E-08,-1.4911381E-01
-1.132876E-08,-1.4911381E-01
-1.127876E-08,-1.4911381E-01
-1.122876E-08,-1.4911381E-01
-1.117876E-08,-1.4911381E-01
-1.112876E-08,-1.4911381E-01
-1.107876E-08,-1.4911381E-01
-1.102876E-08,-1.4911381E-01
-1.097876E-08,-1.4911381E-01
-1.092876E-08,-1.4911381E-01
-1.087876E-08,-1.4916652E-01
-1.082876E-08,-1.4916652E-01
-1.077876E-08,-1.4911381E-01
-1.072876E-08,-1.4911381E-01
-1.067876E-08,-1.4911381E-01
-1.062876E-08,-1.4911381E-01
-1.057876E-08,-1.4911381E-01
-1.052876E-08,-1.4906110E-01
-1.047876E-08,-1.4906110E-01
-1.042876E-08,-1.4906110E-01
-1.037876E-08,-1.4900839E-01
-1.032876E-08,-1.4900839E-01
-1.027876E-08,-1.4895568E-01
-1.022876E-08,-1.4895568E-01
-1.017876E-08,-1.4890297E-01
-1.012876E-08,-1.4890297E-01
-1.007876E-08,-1.4885026E-01
-1.002876E-08,-1.4885026E-01
-9.97876E-09,-1.4879755E-01
-9.92876E-09,-1.4874485E-01
-9.87876E-09,-1.4874485E-01
-9.82876E-09,-1.4869214E-01
-9.77876E-09,-1.4869214E-01
-9.72876E-09,-1.4863943E-01
-9.67876E-09,-1.4863943E-01
-9.62876E-09,-1.4863943E-01
-9.57876E-09,-1.4858672E-01
-9.52876E-09,-1.4858672E-01
-9.47876E-09,-1.4858672E-01
-9.42876E-09,-1.4858672E-01
-9.37876E-09,-1.4858672E-01
-9.32876E-09,-1.4853401E-01
-9.27876E-09,-1.4853401E-01
-9.22876E-09,-1.4853401E-01
-9.17876E-09,-1.4853401E-01
-9.12876E-09,-1.4853401E-01
-9.07876E-09,-1.4853401E-01
-9.02876E-09,-1.4853401E-01
-8.97876E-09,-1.4853401E-01
-8.92876E-09,-1.4853401E-01
-8.87876E-09,-1.4853401E-01
-8.82876E-09,-1.4853401E-01
-8.77876E-09,-1.4853401E-01
-8.72876E-09,-1.4848130E-01
-8.67876E-09,-1.4848130E-01
-8.62876E-09,-1.4848130E-01
-8.57876E-09,-1.4848130E-01
-8.52876E-09,-1.4842859E-01
-8.47876E-09,-1.4842859E-01
-8.42876E-09,-1.4837588E-01
-8.37876E-09,-1.4837588E-01
-8.32876E-09,-1.4832317E-01
-8.27876E-09,-1.4832317E-01
-8.22876E-09,-1.4827046E-01
-8.17876E-09,-1.4827046E-01
-8.12876E-09,-1.4821776E-01
-8.07876E-09,-1.4821776E-01
-8.02876E-09,-1.4816505E-01
-7.97876E-09,-1.4816505E-01
-7.92876E-09,-1.4811234E-01
-7.87876E-09,-1.4811234E-01
-7.82876E-09,-1.4811234E-01
-7.77876E-09,-1.4805963E-01
-7.72876E-09,-1.4805963E-01
-7.67876E-09,-1.4805963E-01
-7.62876E-09,-1.4805963E-01
-7.57876E-09,-1.4805963E-01
-7.52876E-09,-1.4805963E-01
-7.47876E-09,-1.4805963E-01
-7.42876E-09,-1.4811234E-01
-7.37876E-09,-1.4811234E-01
-7.32876E-09,-1.4816505E-01
-7.27876E-09,-1.4816505E-01
-7.22876E-09,-1.4821776E-01
-7.17876E-09,-1.4827046E-01
-7.12876E-09,-1.4827046E-01
-7.07876E-09,-1.4832317E-01
-7.02876E-09,-1.4837588E-01
-6.97876E-09,-1.4842859E-01
-6.92876E-09,-1.4848130E-01
-6.87876E-09,-1.4848130E-01
-6.82876E-09,-1.4853401E-01
-6.77876E-09,-1.4858672E-01
-6.72876E-09,-1.4863943E-01
-6.67876E-09,-1.4863943E-01
-6.62876E-09,-1.4869214E-01
-6.57876E-09,-1.4874485E-01
-6.52876E-09,-1.4874485E-01
-6.47876E-09,-1.4879755E-01
-6.42876E-09,-1.4879755E-01
-6.37876E-09,-1.4879755E-01
-6.32876E-09,-1.4879755E-01
-6.27876E-09,-1.4885026E-01
-6.22876E-09,-1.4885026E-01
-6.17876E-09,-1.4885026E-01
-6.12876E-09,-1.4885026E-01
-6.07876E-09,-1.4885026E-01
-6.02876E-09,-1.4879755E-01
-5.97876E-09,-1.4879755E-01
-5.92876E-09,-1.4879755E-01
-5.87876E-09,-1.4879755E-01
-5.82876E-09,-1.4879755E-01
-5.77876E-09,-1.4879755E-01
-5.72876E-09,-1.4879755E-01
-5.67876E-09,-1.4874485E-01
-5.62876E-09,-1.4874485E-01
-5.57876E-09,-1.4874485E-01
-5.52876E-09,-1.4874485E-01
-5.47876E-09,-1.4874485E-01
-5.42876E-09,-1.4874485E-01
-5.37876E-09,-1.4879755E-01
-5.32876E-09,-1.4879755E-01
-5.27876E-09,-1.4879755E-01
-5.22876E-09,-1.4879755E-01
-5.17876E-09,-1.4885026E-01
-5.12876E-09,-1.4885026E-01
-5.07876E-09,-1.4890297E-01
-5.02876E-09,-1.4890297E-01
-4.97876E-09,-1.4890297E-01
-4.92876E-09,-1.4895568E-01
-4.87876E-09,-1.4895568E-01
-4.82876E-09,-1.4900839E-01
-4.77876E-09,-1.4900839E-01
-4.72876E-09,-1.4906110E-01
-4.67876E-09,-1.4911381E-01
-4.62876E-09,-1.4911381E-01
-4.57876E-09,-1.4911381E-01
-4.52876E-09,-1.4916652E-01
-4.47876E-09,-1.4916652E-01
-4.42876E-09,-1.4916652E-01
-4.37876E-09,-1.4921923E-01
-4.32876E-09,-1.4921923E-01
-4.27876E-09,-1.4921923E-01
-4.22876E-09,-1.4921923E-01
-4.17876E-09,-1.4921923E-01
-4.12876E-09,-1.4921923E-01
-4.07876E-09,-1.4921923E-01
-4.02876E-09,-1.4921923E-01
-3.97876E-09,-1.4921923E-01
-3.92876E-09,-1.4921923E-01
-3.87876E-09,-1.4921923E-01
-3.82876E-09,-1.4921923E-01
-3.77876E-09,-1.4921923E-01
-3.72876E-09,-1.4921923E-01
-3.67876E-09,-1.4916652E-01
-3.62876E-09,-1.4916652E-01
-3.57876E-09,-1.4916652E-01
-3.52876E-09,-1.4916652E-01
-3.47876E-09,-1.4911381E-01
-3.42876E-09,-1.4911381E-01
-3.37876E-09,-1.4911381E-01
-3.32876E-09,-1.4911381E-01
-3.27876E-09,-1.4906110E-01
-3.22876E-09,-1.4906110E-01
-3.17876E-09,-1.4906110E-01
-3.12876E-09,-1.4906110E-01
-3.07876E-09,-1.4900839E-01
-3.02876E-09,-1.4900839E-01
-2.97876E-09,-1.4900839E-01
-2.92876E-09,-1.4900839E-01
-2.87876E-09,-1.4895568E-01
-2.82876E-09,-1.4895568E-01
-2.77876E-09,-1.4895568E-01
-2.72876E-09,-1.4895568E-01
-2.67876E-09,-1.4895568E-01
-2.62876E-09,-1.4890297E-01
-2.57876E-09,-1.4890297E-01
-2.52876E-09,-1.4890297E-01
-2.47876E-09,-1.4890297E-01
-2.42876E-09,-1.4890297E-01
-2.37876E-09,-1.4885026E-01
-2.32876E-09,-1.4885026E-01
-2.27876E-09,-1.4885026E-01
-2.22876E-09,-1.4885026E-01
-2.17876E-09,-1.4885026E-01
-2.12876E-09,-1.4885026E-01
-2.07876E-09,-1.4885026E-01
-2.02876E-09,-1.4885026E-01
-1.97876E-09,-1.4885026E-01
-1.92876E-09,-1.4885026E-01
-1.87876E-09,-1.4885026E-01
-1.82876E-09,-1.4885026E-01
-1.77876E-09,-1.4885026E-01
-1.72876E-09,-1.4885026E-01
-1.67876E-09,-1.4885026E-01
-1.62876E-09,-1.4890297E-01
-1.57876E-09,-1.4890297E-01
-1.52876E-09,-1.4890297E-01
-1.47876E-09,-1.4895568E-01
-1.42876E-09,-1.4895568E-01
-1.37876E-09,-1.4895568E-01
-1.32876E-09,-1.4900839E-01
-1.27876E-09,-1.4900839E-01
-1.22876E-09,-1.4900839E-01
-1.17876E-09,-1.4906110E-01
-1.12876E-09,-1.4906110E-01
-1.07876E-09,-1.4906110E-01
-1.02876E-09,-1.4911381E-01
-9.7876E-10,-1.4911381E-01
-9.2876E-10,-1.4911381E-01
-8.7876E-10,-1.4911381E-01
-8.2876E-10,-1.4911381E-01
-7.7876E-10,-1.4911381E-01
-7.2876E-10,-1.4911381E-01
-6.7876E-10,-1.4911381E-01
-6.2876E-10,-1.4911381E-01
-5.7876E-10,-1.4911381E-01
-5.2876E-10,-1.4911381E-01
-4.7876E-10,-1.4906110E-01
-4.2876E-10,-1.4906110E-01
-3.7876E-10,-1.4906110E-01
-3.2876E-10,-1.4900839E-01
-2.7876E-10,-1.4900839E-01
-2.2876E-10,-1.4895568E-01
-1.7876E-10,-1.4895568E-01
-1.2876E-10,-1.4890297E-01
-7.876E-11,-1.4890297E-01
-2.876E-11,-1.4885026E-01
2.124E-11,-1.4879755E-01
7.124E-11,-1.4879755E-01
1.2124E-10,-1.4874485E-01
1.7124E-10,-1.4869214E-01
2.2124E-10,-1.4869214E-01
2.7124E-10,-1.4863943E-01
3.2124E-10,-1.4863943E-01
3.7124E-10,-1.4858672E-01
4.2124E-10,-1.4858672E-01
4.7124E-10,-1.4858672E-01
5.2124E-10,-1.4853401E-01
5.7124E-10,-1.4853401E-01
6.2124E-10,-1.4848130E-01
6.7124E-10,-1.4848130E-01
7.2124E-10,-1.4848130E-01
7.7124E-10,-1.4848130E-01
8.2124E-10,-1.4848130E-01
8.7124E-10,-1.4848130E-01
9.2124E-10,-1.4842859E-01
9.7124E-10,-1.4842859E-01
1.02124E-09,-1.4842859E-01
1.07124E-09,-1.4848130E-01
1.12124E-09,-1.4848130E-01
1.17124E-09,-1.4848130E-01
1.22124E-09,-1.4848130E-01
1.27124E-09,-1.4848130E-01
1.32124E-09,-1.4848130E-01
1.37124E-09,-1.4853401E-01
1.42124E-09,-1.4853401E-01
1.47124E-09,-1.4858672E-01
1.52124E-09,-1.4858672E-01
1.57124E-09,-1.4863943E-01
1.62124E-09,-1.4863943E-01
1.67124E-09,-1.4869214E-01
1.72124E-09,-1.4869214E-01
1.77124E-09,-1.4874485E-01
1.82124E-09,-1.4874485E-01
1.87124E-09,-1.4879755E-01
1.92124E-09,-1.4885026E-01
1.97124E-09,-1.4885026E-01
2.02124E-09,-1.4890297E-01
2.07124E-09,-1.4895568E-01
2.12124E-09,-1.4895568E-01
2.17124E-09,-1.4900839E-01
2.22124E-09,-1.4906110E-01
2.27124E-09,-1.4911381E-01
2.32124E-09,-1.4916652E-01
2.37124E-09,-1.4916652E-01
2.42124E-09,-1.4921923E-01
2.47124E-09,-1.4927194E-01
2.52124E-09,-1.4932464E-01
2.57124E-09,-1.4932464E-01
2.62124E-09,-1.4937735E-01
2.67124E-09,-1.4943006E-01
2.72124E-09,-1.4943006E-01
2.77124E-09,-1.4948277E-01
2.82124E-09,-1.4948277E-01
2.87124E-09,-1.4948277E-01
2.92124E-09,-1.4953548E-01
2.97124E-09,-1.4953548E-01
3.02124E-09,-1.4953548E-01
3.07124E-09,-1.4953548E-01
3.12124E-09,-1.4953548E-01
3.17124E-09,-1.4953548E-01
3.22124E-09,-1.4948277E-01
3.27124E-09,-1.4948277E-01
3.32124E-09,-1.4943006E-01
3.37124E-09,-1.4943006E-01
3.42124E-09,-1.4937735E-01
3.47124E-09,-1.4932464E-01
3.52124E-09,-1.4932464E-01
3.57124E-09,-1.4927194E-01
3.62124E-09,-1.4921923E-01
3.67124E-09,-1.4916652E-01
3.72124E-09,-1.4911381E-01
3.77124E-09,-1.4906110E-01
3.82124E-09,-1.4900839E-01
3.87124E-09,-1.4895568E-01
3.92124E-09,-1.4890297E-01
3.97124E-09,-1.4885026E-01
4.02124E-09,-1.4885026E-01
4.07124E-09,-1.4879755E-01
4.12124E-09,-1.4874485E-01
4.17124E-09,-1.4874485E-01
4.22124E-09,-1.4869214E-01
4.27124E-09,-1.4869214E-01
4.32124E-09,-1.4863943E-01
4.37124E-09,-1.4863943E-01
4.42124E-09,-1.4863943E-01
4.47124E-09,-1.4863943E-01
4.52124E-09,-1.4863943E-01
4.57124E-09,-1.4863943E-01
4.62124E-09,-1.4863943E-01
4.67124E-09,-1.4863943E-01
4.72124E-09,-1.4869214E-01
4.77124E-09,-1.4869214E-01
4.82124E-09,-1.4869214E-01
4.87124E-09,-1.4874485E-01
4.92124E-09,-1.4874485E-01
4.97124E-09,-1.4874485E-01
5.02124E-09,-1.4879755E-01
5.07124E-09,-1.4879755E-01
5.12124E-09,-1.4885026E-01
5.17124E-09,-1.4885026E-01
5.22124E-09,-1.4885026E-01
5.27124E-09,-1.4890297E-01
5.32124E-09,-1.4890297E-01
5.37124E-09,-1.4890297E-01
5.42124E-09,-1.4890297E-01
5.47124E-09,-1.4895568E-01
5.52124E-09,-1.4895568E-01
5.57124E-09,-1.4895568E-01
5.62124E-09,-1.4895568E-01
5.67124E-09,-1.4895568E-01
5.72124E-09,-1.4895568E-01
5.77124E-09,-1.4895568E-01
5.82124E-09,-1.4895568E-01
5.87124E-09,-1.4900839E-01
5.92124E-09,-1.4900839E-01
5.97124E-09,-1.4900839E-01
6.02124E-09,-1.4900839E-01
6.07124E-09,-1.4900839E-01
6.12124E-09,-1.4900839E-01
6.17124E-09,-1.4906110E-01
6.22124E-09,-1.4906110E-01
6.27124E-09,-1.4906110E-01
6.32124E-09,-1.4911381E-01
6.37124E-09,-1.4911381E-01
6.42124E-09,-1.4916652E-01
6.47124E-09,-1.4916652E-01
6.52124E-09,-1.4921923E-01
6.57124E-09,-1.4921923E-01
6.62124E-09,-1.4927194E-01
6.67124E-09,-1.4927194E-01
6.72124E-09,-1.4932464E-01
6.77124E-09,-1.4932464E-01
6.82124E-09,-1.4937735E-01
6.87124E-09,-1.4937735E-01
6.92124E-09,-1.4943006E-01
6.97124E-09,-1.4943006E-01
7.02124E-09,-1.4943006E-01
7.07124E-09,-1.4948277E-01
7.12124E-09,-1.4948277E-01
7.17124E-09,-1.4948277E-01
7.22124E-09,-1.4948277E-01
7.27124E-09,-1.4943006E-01
7.32124E-09,-1.4943006E-01
7.37124E-09,-1.4943006E-01
7.42124E-09,-1.4937735E-01
7.47124E-09,-1.4932464E-01
7.52124E-09,-1.4932464E-01
7.57124E-09,-1.4927194E-01
7.62124E-09,-1.4921923E-01
7.67124E-09,-1.4916652E-01
7.72124E-09,-1.4906110E-01
7.77124E-09,-1.4900839E-01
7.82124E-09,-1.4895568E-01
7.87124E-09,-1.4890297E-01
7.92124E-09,-1.4879755E-01
7.97124E-09,-1.4874485E-01
8.02124E-09,-1.4869214E-01
8.07124E-09,-1.4858672E-01
8.12124E-09,-1.4853401E-01
8.17124E-09,-1.4848130E-01
8.22124E-09,-1.4842859E-01
8.27124E-09,-1.4837588E-01
8.32124E-09,-1.4832317E-01
8.37124E-09,-1.4827046E-01
8.42124E-09,-1.4821776E-01
8.47124E-09,-1.4821776E-01
8.52124E-09,-1.4821776E-01
8.57124E-09,-1.4816505E-01
8.62124E-09,-1.4816505E-01
8.67124E-09,-1.4816505E-01
8.72124E-09,-1.4821776E-01
8.77124E-09,-1.4821776E-01
8.82124E-09,-1.4821776E-01
8.87124E-09,-1.4827046E-01
8.92124E-09,-1.4832317E-01
8.97124E-09,-1.4832317E-01
9.02124E-09,-1.4837588E-01
9.07124E-09,-1.4842859E-01
9.12124E-09,-1.4848130E-01
9.17124E-09,-1.4848130E-01
9.22124E-09,-1.4853401E-01
9.27124E-09,-1.4858672E-01
9.32124E-09,-1.4869214E-01
9.37124E-09,-1.4874485E-01
9.42124E-09,-1.4879755E-01
9.47124E-09,-1.4885026E-01
9.52124E-09,-1.4890297E-01
9.57124E-09,-1.4900839E-01
9.62124E-09,-1.4906110E-01
9.67124E-09,-1.4911381E-01
9.72124E-09,-1.4916652E-01
9.77124E-09,-1.4921923E-01
9.82124E-09,-1.4927194E-01
9.87124E-09,-1.4932464E-01
9.92124E-09,-1.4937735E-01
9.97124E-09,-1.4937735E-01
1.002124E-08,-1.4943006E-01
1.007124E-08,-1.4943006E-01
1.012124E-08,-1.4943006E-01
1.017124E-08,-1.4943006E-01
1.022124E-08,-1.4943006E-01
1.027124E-08,-1.4943006E-01
1.032124E-08,-1.4943006E-01
1.037124E-08,-1.4937735E-01
1.042124E-08,-1.4937735E-01
1.047124E-08,-1.4932464E-01
1.052124E-08,-1.4927194E-01
1.057124E-08,-1.4927194E-01
1.062124E-08,-1.4921923E-01
1.067124E-08,-1.4916652E-01
1.072124E-08,-1.4911381E-01
1.077124E-08,-1.4911381E-01
1.082124E-08,-1.4906110E-01
1.087124E-08,-1.4900839E-01
1.092124E-08,-1.4900839E-01
1.097124E-08,-1.4900839E-01
1.102124E-08,-1.4895568E-01
1.107124E-08,-1.4895568E-01
1.112124E-08,-1.4895568E-01
1.117124E-08,-1.4900839E-01
1.122124E-08,-1.4900839E-01
1.127124E-08,-1.4906110E-01
1.132124E-08,-1.4906110E-01
1.137124E-08,-1.4911381E-01
1.142124E-08,-1.4916652E-01
1.147124E-08,-1.4921923E-01
1.152124E-08,-1.4932464E-01
1.157124E-08,-1.4937735E-01
1.162124E-08,-1.4943006E-01
1.167124E-08,-1.4953548E-01
1.172124E-08,-1.4958819E-01
1.177124E-08,-1.4969361E-01
1.182124E-08,-1.4974632E-01
1.187124E-08,-1.4985173E-01
1.192124E-08,-1.4990444E-01
1.197124E-08,-1.4995715E-01
1.202124E-08,-1.5000986E-01
1.207124E-08,-1.5006257E-01
1.212124E-08,-1.5011528E-01
1.217124E-08,-1.5011528E-01
1.222124E-08,-1.5016799E-01
1.227124E-08,-1.5016799E-01
1.232124E-08,-1.5016799E-01
1.237124E-08,-1.5016799E-01
1.242124E-08,-1.5011528E-01
1.247124E-08,-1.5011528E-01
1.252124E-08,-1.5006257E-01
1.257124E-08,-1.5000986E-01
1.262124E-08,-1.4995715E-01
1.267124E-08,-1.4990444E-01
1.272124E-08,-1.4985173E-01
1.277124E-08,-1.4979903E-01
1.282124E-08,-1.4974632E-01
1.287124E-08,-1.4964090E-01
1.292124E-08,-1.4958819E-01
1.297124E-08,-1.4953548E-01
1.302124E-08,-1.4948277E-01
1.307124E-08,-1.4948277E-01
1.312124E-08,-1.4943006E-01
1.317124E-08,-1.4937735E-01
1.322124E-08,-1.4937735E-01
1.327124E-08,-1.4937735E-01
1.332124E-08,-1.4937735E-01
1.337124E-08,-1.4937735E-01
1.342124E-08,-1.4943006E-01
1.347124E-08,-1.4943006E-01
1.352124E-08,-1.4948277E-01
1.357124E-08,-1.4948277E-01
1.362124E-08,-1.4953548E-01
1.367124E-08,-1.4958819E-01
1.372124E-08,-1.4964090E-01
1.377124E-08,-1.4969361E-01
1.382124E-08,-1.4974632E-01
1.387124E-08,-1.4979903E-01
1.392124E-08,-1.4985173E-01
1.397124E-08,-1.4985173E-01
1.402124E-08,-1.4990444E-01
1.407124E-08,-1.4990444E-01
1.412124E-08,-1.4995715E-01
1.417124E-08,-1.4995715E-01
1.422124E-08,-1.4995715E-01
1.427124E-08,-1.4990444E-01
1.432124E-08,-1.4990444E-01
1.437124E-08,-1.4985173E-01
1.442124E-08,-1.4979903E-01
1.447124E-08,-1.4974632E-01
1.452124E-08,-1.4964090E-01
1.457124E-08,-1.4958819E-01
1.462124E-08,-1.4948277E-01
1.467124E-08,-1.4943006E-01
1.472124E-08,-1.4932464E-01
1.477124E-08,-1.4921923E-01
1.482124E-08,-1.4911381E-01
1.487124E-08,-1.4906110E-01
1.492124E-08,-1.4895568E-01
1.497124E-08,-1.4890297E-01
1.502124E-08,-1.4885026E-01
1.507124E-08,-1.4874485E-01
1.512124E-08,-1.4874485E-01
1.517124E-08,-1.4869214E-01
1.522124E-08,-1.4869214E-01
1.527124E-08,-1.4869214E-01
1.532124E-08,-1.4869214E-01
1.537124E-08,-1.4874485E-01
1.542124E-08,-1.4879755E-01
1.547124E-08,-1.4885026E-01
1.552124E-08,-1.4890297E-01
1.557124E-08,-1.4900839E-01
1.562124E-08,-1.4906110E-01
1.567124E-08,-1.4916652E-01
1.572124E-08,-1.4921923E-01
1.577124E-08,-1.4932464E-01
1.582124E-08,-1.4937735E-01
1.587124E-08,-1.4943006E-01
1.592124E-08,-1.4948277E-01
1.597124E-08,-1.4953548E-01
1.602124E-08,-1.4958819E-01
1.607124E-08,-1.4958819E-01
1.612124E-08,-1.4958819E-01
1.617124E-08,-1.4958819E-01
1.622124E-08,-1.4958819E-01
1.627124E-08,-1.4953548E-01
1.632124E-08,-1.4948277E-01
1.637124E-08,-1.4943006E-01
1.642124E-08,-1.4937735E-01
1.647124E-08,-1.4927194E-01
1.652124E-08,-1.4921923E-01
1.657124E-08,-1.4911381E-01
1.662124E-08,-1.4900839E-01
1.667124E-08,-1.4890297E-01
1.672124E-08,-1.4885026E-01
1.677124E-08,-1.4874485E-01
1.682124E-08,-1.4863943E-01
1.687124E-08,-1.4858672E-01
1.692124E-08,-1.4853401E-01
1.697124E-08,-1.4848130E-01
1.702124E-08,-1.4848130E-01
1.707124E-08,-1.4848130E-01
1.712124E-08,-1.4848130E-01
1.717124E-08,-1.4853401E-01
1.722124E-08,-1.4858672E-01
1.727124E-08,-1.4863943E-01
1.732124E-08,-1.4869214E-01
1.737124E-08,-1.4879755E-01
1.742124E-08,-1.4890297E-01
1.747124E-08,-1.4906110E-01
1.752124E-08,-1.4916652E-01
1.757124E-08,-1.4932464E-01
1.762124E-08,-1.4943006E-01
1.767124E-08,-1.4958819E-01
1.772124E-08,-1.4969361E-01
1.777124E-08,-1.4979903E-01
1.782124E-08,-1.4990444E-01
1.787124E-08,-1.5000986E-01
1.792124E-08,-1.5006257E-01
1.797124E-08,-1.5011528E-01
1.802124E-08,-1.5016799E-01
1.807124E-08,-1.5016799E-01
1.812124E-08,-1.5011528E-01
1.817124E-08,-1.5006257E-01
1.822124E-08,-1.5000986E-01
1.827124E-08,-1.4990444E-01
1.832124E-08,-1.4979903E-01
1.837124E-08,-1.4964090E-01
1.842124E-08,-1.4948277E-01
1.847124E-08,-1.4932464E-01
1.852124E-08,-1.4916652E-01
1.857124E-08,-1.4895568E-01
1.862124E-08,-1.4874485E-01
1.867124E-08,-1.4853401E-01
1.872124E-08,-1.4837588E-01
1.877124E-08,-1.4816505E-01
1.882124E-08,-1.4800692E-01
1.887124E-08,-1.4784879E-01
1.892124E-08,-1.4774337E-01
1.897124E-08,-1.4763796E-01
1.902124E-08,-1.4753254E-01
1.907124E-08,-1.4747983E-01
1.912124E-08,-1.4747983E-01
1.917124E-08,-1.4747983E-01
1.922124E-08,-1.4758525E-01
1.927124E-08,-1.4763796E-01
1.932124E-08,-1.4779608E-01
1.937124E-08,-1.4790150E-01
1.942124E-08,-1.4811234E-01
1.947124E-08,-1.4832317E-01
1.952124E-08,-1.4853401E-01
1.957124E-08,-1.4879755E-01
1.962124E-08,-1.4906110E-01
1.967124E-08,-1.4932464E-01
1.972124E-08,-1.4958819E-01
1.977124E-08,-1.4979903E-01
1.982124E-08,-1.5006257E-01
1.987124E-08,-1.5032612E-01
1.992124E-08,-1.5053695E-01
1.997124E-08,-1.5069508E-01
2.002124E-08,-1.5090592E-01
2.007124E-08,-1.5101133E-01
2.012124E-08,-1.5111675E-01
2.017124E-08,-1.5116946E-01
2.022124E-08,-1.5122217E-01
2.027124E-08,-1.5116946E-01
2.032124E-08,-1.5111675E-01
2.037124E-08,-1.5106404E-01
2.042124E-08,-1.5095862E-01
2.047124E-08,-1.5080050E-01
2.052124E-08,-1.5058966E-01
2.057124E-08,-1.5043153E-01
2.062124E-08,-1.5022070E-01
2.067124E-08,-1.4995715E-01
2.072124E-08,-1.4974632E-01
2.077124E-08,-1.4953548E-01
2.082124E-08,-1.4932464E-01
2.087124E-08,-1.4911381E-01
2.092124E-08,-1.4890297E-01
2.097124E-08,-1.4874485E-01
2.102124E-08,-1.4858672E-01
2.107124E-08,-1.4848130E-01
2.112124E-08,-1.4837588E-01
2.117124E-08,-1.4837588E-01
2.122124E-08,-1.4832317E-01
2.127124E-08,-1.4837588E-01
2.132124E-08,-1.4842859E-01
2.137124E-08,-1.4853401E-01
2.142124E-08,-1.4869214E-01
2.147124E-08,-1.4885026E-01
2.152124E-08,-1.4906110E-01
2.157124E-08,-1.4927194E-01
2.162124E-08,-1.4948277E-01
2.167124E-08,-1.4974632E-01
2.172124E-08,-1.4995715E-01
2.177124E-08,-1.5022070E-01
2.182124E-08,-1.5043153E-01
2.187124E-08,-1.5064237E-01
2.192124E-08,-1.5080050E-01
2.197124E-08,-1.5095862E-01
2.202124E-08,-1.5106404E-01
2.207124E-08,-1.5116946E-01
2.212124E-08,-1.5122217E-01
2.217124E-08,-1.5122217E-01
2.222124E-08,-1.5116946E-01
2.227124E-08,-1.5106404E-01
2.232124E-08,-1.5095862E-01
2.237124E-08,-1.5080050E-01
2.242124E-08,-1.5058966E-01
2.247124E-08,-1.5032612E-01
2.252124E-08,-1.5006257E-01
2.257124E-08,-1.4979903E-01
2.262124E-08,-1.4953548E-01
2.267124E-08,-1.4921923E-01
2.272124E-08,-1.4895568E-01
2.277124E-08,-1.4863943E-01
2.282124E-08,-1.4837588E-01
2.287124E-08,-1.4816505E-01
2.292124E-08,-1.4795421E-01
2.297124E-08,-1.4774337E-01
2.302124E-08,-1.4763796E-01
2.307124E-08,-1.4753254E-01
2.312124E-08,-1.4753254E-01
2.317124E-08,-1.4753254E-01
2.322124E-08,-1.4763796E-01
2.327124E-08,-1.4774337E-01
2.332124E-08,-1.4790150E-01
2.337124E-08,-1.4816505E-01
2.342124E-08,-1.4842859E-01
2.347124E-08,-1.4869214E-01
2.352124E-08,-1.4906110E-01
2.357124E-08,-1.4937735E-01
2.362124E-08,-1.4974632E-01
2.367124E-08,-1.5011528E-01
2.372124E-08,-1.5048424E-01
2.377124E-08,-1.5080050E-01
2.382124E-08,-1.5111675E-01
2.387124E-08,-1.5143301E-01
2.392124E-08,-1.5164384E-01
2.397124E-08,-1.5180197E-01
2.402124E-08,-1.5196010E-01
2.407124E-08,-1.5201280E-01
2.412124E-08,-1.5201280E-01
2.417124E-08,-1.5190739E-01
2.422124E-08,-1.5174926E-01
2.427124E-08,-1.5153842E-01
2.432124E-08,-1.5127488E-01
2.437124E-08,-1.5090592E-01
2.442124E-08,-1.5053695E-01
2.447124E-08,-1.5006257E-01
2.452124E-08,-1.4958819E-01
2.457124E-08,-1.4911381E-01
2.462124E-08,-1.4858672E-01
2.467124E-08,-1.4805963E-01
2.472124E-08,-1.4753254E-01
2.477124E-08,-1.4705816E-01
2.482124E-08,-1.4658378E-01
2.487124E-08,-1.4621481E-01
2.492124E-08,-1.4584585E-01
2.497124E-08,-1.4558230E-01
2.502124E-08,-1.4537147E-01
2.507124E-08,-1.4526605E-01
2.512124E-08,-1.4526605E-01
2.517124E-08,-1.4531876E-01
2.522124E-08,-1.4552960E-01
2.527124E-08,-1.4579314E-01
2.532124E-08,-1.4610939E-01
2.537124E-08,-1.4653107E-01
2.542124E-08,-1.4705816E-01
2.547124E-08,-1.4763796E-01
2.552124E-08,-1.4821776E-01
2.557124E-08,-1.4890297E-01
2.562124E-08,-1.4953548E-01
2.567124E-08,-1.5022070E-01
2.572124E-08,-1.5090592E-01
2.577124E-08,-1.5153842E-01
2.582124E-08,-1.5211822E-01
2.587124E-08,-1.5259260E-01
2.592124E-08,-1.5301428E-01
2.597124E-08,-1.5338324E-01
2.602124E-08,-1.5359407E-01
2.607124E-08,-1.5369949E-01
2.612124E-08,-1.5369949E-01
2.617124E-08,-1.5354137E-01
2.622124E-08,-1.5327782E-01
2.627124E-08,-1.5285615E-01
2.632124E-08,-1.5232906E-01
2.637124E-08,-1.5169655E-01
2.642124E-08,-1.5095862E-01
2.647124E-08,-1.5011528E-01
2.652124E-08,-1.4921923E-01
2.657124E-08,-1.4827046E-01
2.662124E-08,-1.4726899E-01
2.667124E-08,-1.4626752E-01
2.672124E-08,-1.4531876E-01
2.677124E-08,-1.4442271E-01
2.682124E-08,-1.4357936E-01
2.687124E-08,-1.4284144E-01
2.692124E-08,-1.4226164E-01
2.697124E-08,-1.4178726E-01
2.702124E-08,-1.4152371E-01
2.707124E-08,-1.4141829E-01
2.712124E-08,-1.4152371E-01
2.717124E-08,-1.4178726E-01
2.722124E-08,-1.4231435E-01
2.727124E-08,-1.4305227E-01
2.732124E-08,-1.4400103E-01
2.737124E-08,-1.4510792E-01
2.742124E-08,-1.4642565E-01
2.747124E-08,-1.4790150E-01
2.752124E-08,-1.4948277E-01
2.757124E-08,-1.5116946E-01
2.762124E-08,-1.5290886E-01
2.767124E-08,-1.5464826E-01
2.772124E-08,-1.5638765E-01
2.777124E-08,-1.5802163E-01
2.782124E-08,-1.5955019E-01
2.787124E-08,-1.6086792E-01
2.792124E-08,-1.6197481E-01
2.797124E-08,-1.6276544E-01
2.802124E-08,-1.6318712E-01
2.807124E-08,-1.6318712E-01
2.812124E-08,-1.6276544E-01
2.817124E-08,-1.6186939E-01
2.822124E-08,-1.6039354E-01
2.827124E-08,-1.5828518E-01
2.832124E-08,-1.5564973E-01
2.837124E-08,-1.5232906E-01
2.842124E-08,-1.4832317E-01
2.847124E-08,-1.4368478E-01
2.852124E-08,-1.3830846E-01
2.857124E-08,-1.3229963E-01
2.862124E-08,-1.2565830E-01
2.867124E-08,-1.1833174E-01
2.872124E-08,-1.1042539E-01
2.877124E-08,-1.0188653E-01
2.882124E-08,-9.287329E-02
2.887124E-08,-8.333296E-02
2.892124E-08,-7.331825E-02
2.897124E-08,-6.298728E-02
2.902124E-08,-5.234006E-02
2.907124E-08,-4.142929E-02
2.912124E-08,-3.030769E-02
2.917124E-08,-1.913338E-02
2.922124E-08,-7.90636E-03
2.927124E-08,3.26795E-03
2.932124E-08,1.433684E-02
2.937124E-08,2.519490E-02
2.942124E-08,3.584212E-02
2.947124E-08,4.617309E-02
2.952124E-08,5.613509E-02
2.957124E-08,6.562271E-02
2.962124E-08,7.468866E-02
2.967124E-08,8.322752E-02
2.972124E-08,9.118659E-02
2.977124E-08,9.856585E-02
2.982124E-08,1.0536531E-01
2.987124E-08,1.1153227E-01
2.992124E-08,1.1711942E-01
2.997124E-08,1.2207407E-01
3.002124E-08,1.2639621E-01
3.007124E-08,1.3008584E-01
3.012124E-08,1.3324838E-01
3.017124E-08,1.3583112E-01
3.022124E-08,1.3788677E-01
3.027124E-08,1.3946804E-01
3.032124E-08,1.4057493E-01
3.037124E-08,1.4126015E-01
3.042124E-08,1.4157640E-01
3.047124E-08,1.4162911E-01
3.052124E-08,1.4131286E-01
3.057124E-08,1.4083848E-01
3.062124E-08,1.4015326E-01
3.067124E-08,1.3930992E-01
3.072124E-08,1.3836115E-01
3.077124E-08,1.3735968E-01
3.082124E-08,1.3635821E-01
3.087124E-08,1.3535674E-01
3.092124E-08,1.3446069E-01
3.097124E-08,1.3356463E-01
3.102124E-08,1.3277400E-01
3.107124E-08,1.3214149E-01
3.112124E-08,1.3161440E-01
3.117124E-08,1.3124544E-01
3.122124E-08,1.3103460E-01
3.127124E-08,1.3092918E-01
3.132124E-08,1.3103460E-01
3.137124E-08,1.3124544E-01
3.142124E-08,1.3161440E-01
3.147124E-08,1.3214149E-01
3.152124E-08,1.3277400E-01
3.157124E-08,1.3345921E-01
3.162124E-08,1.3424985E-01
3.167124E-08,1.3509319E-01
3.172124E-08,1.3598925E-01
3.177124E-08,1.3693801E-01
3.182124E-08,1.3783406E-01
3.187124E-08,1.3867741E-01
3.192124E-08,1.3952075E-01
3.197124E-08,1.4025868E-01
3.202124E-08,1.4094389E-01
3.207124E-08,1.4147099E-01
3.212124E-08,1.4189266E-01
3.217124E-08,1.4220891E-01
3.222124E-08,1.4231433E-01
3.227124E-08,1.4231433E-01
3.232124E-08,1.4215620E-01
3.237124E-08,1.4183995E-01
3.242124E-08,1.4131286E-01
3.247124E-08,1.4068035E-01
3.252124E-08,1.3983701E-01
3.257124E-08,1.3888824E-01
3.262124E-08,1.3783406E-01
3.267124E-08,1.3662176E-01
3.272124E-08,1.3535674E-01
3.277124E-08,1.3403901E-01
3.282124E-08,1.3261587E-01
3.287124E-08,1.3119273E-01
3.292124E-08,1.2976958E-01
3.297124E-08,1.2839915E-01
3.302124E-08,1.2702872E-01
3.307124E-08,1.2576370E-01
3.312124E-08,1.2465681E-01
3.317124E-08,1.2360263E-01
3.322124E-08,1.2275929E-01
3.327124E-08,1.2207407E-01
3.332124E-08,1.2154698E-01
3.337124E-08,1.2128343E-01
3.342124E-08,1.2123072E-01
3.347124E-08,1.2138885E-01
3.352124E-08,1.2181052E-01
3.357124E-08,1.2244303E-01
3.362124E-08,1.2328638E-01
3.367124E-08,1.2434056E-01
3.372124E-08,1.2565828E-01
3.377124E-08,1.2708142E-01
3.382124E-08,1.2871540E-01
3.387124E-08,1.3045480E-01
3.392124E-08,1.3224691E-01
3.397124E-08,1.3414443E-01
3.402124E-08,1.3604196E-01
3.407124E-08,1.3788677E-01
3.412124E-08,1.3962617E-01
3.417124E-08,1.4126015E-01
3.422124E-08,1.4263058E-01
3.427124E-08,1.4384289E-01
3.432124E-08,1.4468623E-01
3.437124E-08,1.4521333E-01
3.442124E-08,1.4531874E-01
3.447124E-08,1.4494978E-01
3.452124E-08,1.4410644E-01
3.457124E-08,1.4268329E-01
3.462124E-08,1.4068035E-01
3.467124E-08,1.3809761E-01
3.472124E-08,1.3482965E-01
3.477124E-08,1.3087647E-01
3.482124E-08,1.2629079E-01
3.487124E-08,1.2096718E-01
3.492124E-08,1.1501106E-01
3.497124E-08,1.0836972E-01
3.502124E-08,1.0104317E-01
3.507124E-08,9.313682E-02
3.512124E-08,8.459796E-02
3.517124E-08,7.547930E-02
3.522124E-08,6.588626E-02
3.527124E-08,5.581884E-02
3.532124E-08,4.538245E-02
3.537124E-08,3.457710E-02
3.542124E-08,2.350821E-02
3.547124E-08,1.228119E-02
3.552124E-08,8.9604E-04
3.557124E-08,-1.048910E-02
3.562124E-08,-2.187425E-02
3.567124E-08,-3.315398E-02
3.572124E-08,-4.422287E-02
3.577124E-08,-5.502822E-02
3.582124E-08,-6.551731E-02
3.587124E-08,-7.563744E-02
3.592124E-08,-8.528319E-02
3.597124E-08,-9.445456E-02
3.602124E-08,-1.0309884E-01
3.607124E-08,-1.1111061E-01
3.612124E-08,-1.1854258E-01
3.617124E-08,-1.2534204E-01
3.622124E-08,-1.3145629E-01
3.627124E-08,-1.3693803E-01
3.632124E-08,-1.4178726E-01
3.637124E-08,-1.4595127E-01
3.642124E-08,-1.4948277E-01
3.647124E-08,-1.5243448E-01
3.652124E-08,-1.5480638E-01
3.657124E-08,-1.5659849E-01
3.662124E-08,-1.5791621E-01
3.667124E-08,-1.5875956E-01
3.672124E-08,-1.5923394E-01
3.677124E-08,-1.5928665E-01
3.682124E-08,-1.5907581E-01
3.687124E-08,-1.5854872E-01
3.692124E-08,-1.5786350E-01
3.697124E-08,-1.5702016E-01
3.702124E-08,-1.5601869E-01
3.707124E-08,-1.5501722E-01
3.712124E-08,-1.5396304E-01
3.717124E-08,-1.5290886E-01
3.722124E-08,-1.5196010E-01
3.727124E-08,-1.5106404E-01
3.732124E-08,-1.5032612E-01
3.737124E-08,-1.4969361E-01
3.742124E-08,-1.4921923E-01
3.747124E-08,-1.4885026E-01
3.752124E-08,-1.4869214E-01
3.757124E-08,-1.4869214E-01
3.762124E-08,-1.4885026E-01
3.767124E-08,-1.4911381E-01
3.772124E-08,-1.4958819E-01
3.777124E-08,-1.5011528E-01
3.782124E-08,-1.5074779E-01
3.787124E-08,-1.5148571E-01
3.792124E-08,-1.5227635E-01
3.797124E-08,-1.5311969E-01
3.802124E-08,-1.5396304E-01
3.807124E-08,-1.5480638E-01
3.812124E-08,-1.5559702E-01
3.817124E-08,-1.5633494E-01
3.822124E-08,-1.5702016E-01
3.827124E-08,-1.5759996E-01
3.832124E-08,-1.5807434E-01
3.837124E-08,-1.5849601E-01
3.842124E-08,-1.5870685E-01
3.847124E-08,-1.5886498E-01
3.852124E-08,-1.5886498E-01
3.857124E-08,-1.5875956E-01
3.862124E-08,-1.5854872E-01
3.867124E-08,-1.5817976E-01
3.872124E-08,-1.5770538E-01
3.877124E-08,-1.5717829E-01
3.882124E-08,-1.5654578E-01
3.887124E-08,-1.5586056E-01
3.892124E-08,-1.5517535E-01
3.897124E-08,-1.5438471E-01
3.902124E-08,-1.5359407E-01
3.907124E-08,-1.5285615E-01
3.912124E-08,-1.5211822E-01
3.917124E-08,-1.5138030E-01
3.922124E-08,-1.5069508E-01
3.927124E-08,-1.5011528E-01
3.932124E-08,-1.4958819E-01
3.937124E-08,-1.4911381E-01
3.942124E-08,-1.4874485E-01
3.947124E-08,-1.4848130E-01
3.952124E-08,-1.4827046E-01
3.957124E-08,-1.4816505E-01
3.962124E-08,-1.4816505E-01
3.967124E-08,-1.4821776E-01
3.972124E-08,-1.4837588E-01
3.977124E-08,-1.4858672E-01
3.982124E-08,-1.4885026E-01
3.987124E-08,-1.4916652E-01
3.992124E-08,-1.4953548E-01
3.997124E-08,-1.4990444E-01
4.002124E-08,-1.5027341E-01
4.007124E-08,-1.5064237E-01
4.012124E-08,-1.5101133E-01
4.017124E-08,-1.5132759E-01
4.022124E-08,-1.5164384E-01
4.027124E-08,-1.5185468E-01
4.032124E-08,-1.5206551E-01
4.037124E-08,-1.5217093E-01
4.042124E-08,-1.5222364E-01
4.047124E-08,-1.5222364E-01
4.052124E-08,-1.5211822E-01
4.057124E-08,-1.5196010E-01
4.062124E-08,-1.5174926E-01
4.067124E-08,-1.5143301E-01
4.072124E-08,-1.5111675E-01
4.077124E-08,-1.5069508E-01
4.082124E-08,-1.5027341E-01
4.087124E-08,-1.4979903E-01
4.092124E-08,-1.4927194E-01
4.097124E-08,-1.4874485E-01
4.102124E-08,-1.4821776E-01
4.107124E-08,-1.4769067E-01
4.112124E-08,-1.4721628E-01
4.117124E-08,-1.4674190E-01
4.122124E-08,-1.4632023E-01
4.127124E-08,-1.4589856E-01
4.132124E-08,-1.4552960E-01
4.137124E-08,-1.4526605E-01
4.142124E-08,-1.4500251E-01
4.147124E-08,-1.4484438E-01
4.152124E-08,-1.4473896E-01
4.157124E-08,-1.4468625E-01
4.162124E-08,-1.4463354E-01
4.167124E-08,-1.4468625E-01
4.172124E-08,-1.4479167E-01
4.177124E-08,-1.4494980E-01
4.182124E-08,-1.4510792E-01
4.187124E-08,-1.4531876E-01
4.192124E-08,-1.4558230E-01
4.197124E-08,-1.4579314E-01
4.202124E-08,-1.4605669E-01
4.207124E-08,-1.4626752E-01
4.212124E-08,-1.4647836E-01
4.217124E-08,-1.4668919E-01
4.222124E-08,-1.4684732E-01
4.227124E-08,-1.4700545E-01
4.232124E-08,-1.4711087E-01
4.237124E-08,-1.4711087E-01
4.242124E-08,-1.4711087E-01
4.247124E-08,-1.4705816E-01
4.252124E-08,-1.4695274E-01
4.257124E-08,-1.4674190E-01
4.262124E-08,-1.4653107E-01
4.267124E-08,-1.4626752E-01
4.272124E-08,-1.4589856E-01
4.277124E-08,-1.4552960E-01
4.282124E-08,-1.4510792E-01
4.287124E-08,-1.4468625E-01
4.292124E-08,-1.4421187E-01
4.297124E-08,-1.4373749E-01
4.302124E-08,-1.4326311E-01
4.307124E-08,-1.4278873E-01
4.312124E-08,-1.4226164E-01
4.317124E-08,-1.4183996E-01
4.322124E-08,-1.4136558E-01
4.327124E-08,-1.4094391E-01
4.332124E-08,-1.4052224E-01
4.337124E-08,-1.4020599E-01
4.342124E-08,-1.3988973E-01
4.347124E-08,-1.3962619E-01
4.352124E-08,-1.3941535E-01
4.357124E-08,-1.3925722E-01
4.362124E-08,-1.3909910E-01
4.367124E-08,-1.3904639E-01
4.372124E-08,-1.3899368E-01
4.377124E-08,-1.3904639E-01
4.382124E-08,-1.3909910E-01
4.387124E-08,-1.3920451E-01
4.392124E-08,-1.3930993E-01
4.397124E-08,-1.3946806E-01
4.402124E-08,-1.3962619E-01
4.407124E-08,-1.3983702E-01
4.412124E-08,-1.4004786E-01
4.417124E-08,-1.4025869E-01
4.422124E-08,-1.4046953E-01
4.427124E-08,-1.4068037E-01
4.432124E-08,-1.4089120E-01
4.437124E-08,-1.4110204E-01
4.442124E-08,-1.4126017E-01
4.447124E-08,-1.4141829E-01
4.452124E-08,-1.4157642E-01
4.457124E-08,-1.4168184E-01
4.462124E-08,-1.4178726E-01
4.467124E-08,-1.4189267E-01
4.472124E-08,-1.4194538E-01
4.477124E-08,-1.4199809E-01
4.482124E-08,-1.4205080E-01
4.487124E-08,-1.4210351E-01
4.492124E-08,-1.4210351E-01
4.497124E-08,-1.4210351E-01
4.502124E-08,-1.4215622E-01
4.507124E-08,-1.4215622E-01
4.512124E-08,-1.4215622E-01
4.517124E-08,-1.4220893E-01
4.522124E-08,-1.4220893E-01
4.527124E-08,-1.4226164E-01
4.532124E-08,-1.4231435E-01
4.537124E-08,-1.4241976E-01
4.542124E-08,-1.4247247E-01
4.547124E-08,-1.4263060E-01
4.552124E-08,-1.4273602E-01
4.557124E-08,-1.4289415E-01
4.562124E-08,-1.4310498E-01
4.567124E-08,-1.4326311E-01
4.572124E-08,-1.4347394E-01
4.577124E-08,-1.4368478E-01
4.582124E-08,-1.4394833E-01
4.587124E-08,-1.4421187E-01
4.592124E-08,-1.4447542E-01
4.597124E-08,-1.4473896E-01
4.602124E-08,-1.4494980E-01
4.607124E-08,-1.4521334E-01
4.612124E-08,-1.4547689E-01
4.617124E-08,-1.4574043E-01
4.622124E-08,-1.4595127E-01
4.627124E-08,-1.4621481E-01
4.632124E-08,-1.4642565E-01
4.637124E-08,-1.4663649E-01
4.642124E-08,-1.4679461E-01
4.647124E-08,-1.4695274E-01
4.652124E-08,-1.4711087E-01
4.657124E-08,-1.4726899E-01
4.662124E-08,-1.4737441E-01
4.667124E-08,-1.4747983E-01
4.672124E-08,-1.4758525E-01
4.677124E-08,-1.4769067E-01
4.682124E-08,-1.4774337E-01
4.687124E-08,-1.4784879E-01
4.692124E-08,-1.4790150E-01
4.697124E-08,-1.4795421E-01
4.702124E-08,-1.4805963E-01
4.707124E-08,-1.4811234E-01
4.712124E-08,-1.4821776E-01
4.717124E-08,-1.4827046E-01
4.722124E-08,-1.4837588E-01
4.727124E-08,-1.4848130E-01
4.732124E-08,-1.4858672E-01
4.737124E-08,-1.4869214E-01
4.742124E-08,-1.4885026E-01
4.747124E-08,-1.4900839E-01
4.752124E-08,-1.4916652E-01
4.757124E-08,-1.4932464E-01
4.762124E-08,-1.4948277E-01
4.767124E-08,-1.4964090E-01
4.772124E-08,-1.4985173E-01
4.777124E-08,-1.5006257E-01
4.782124E-08,-1.5022070E-01
4.787124E-08,-1.5043153E-01
4.792124E-08,-1.5058966E-01
4.797124E-08,-1.5080050E-01
4.802124E-08,-1.5095862E-01
4.807124E-08,-1.5111675E-01
4.812124E-08,-1.5122217E-01
4.817124E-08,-1.5138030E-01
4.822124E-08,-1.5148571E-01
4.827124E-08,-1.5153842E-01
4.832124E-08,-1.5164384E-01
4.837124E-08,-1.5164384E-01
4.842124E-08,-1.5169655E-01
4.847124E-08,-1.5169655E-01
4.852124E-08,-1.5164384E-01
4.857124E-08,-1.5164384E-01
4.862124E-08,-1.5153842E-01
4.867124E-08,-1.5148571E-01
4.872124E-08,-1.5138030E-01
4.877124E-08,-1.5127488E-01
4.882124E-08,-1.5116946E-01
4.887124E-08,-1.5101133E-01
4.892124E-08,-1.5090592E-01
4.897124E-08,-1.5074779E-01
4.902124E-08,-1.5064237E-01
4.907124E-08,-1.5053695E-01
4.912124E-08,-1.5037883E-01
4.917124E-08,-1.5032612E-01
4.922124E-08,-1.5022070E-01
4.927124E-08,-1.5011528E-01
4.932124E-08,-1.5006257E-01
4.937124E-08,-1.5000986E-01
4.942124E-08,-1.5000986E-01
4.947124E-08,-1.4995715E-01
4.952124E-08,-1.4995715E-01
4.957124E-08,-1.4995715E-01
4.962124E-08,-1.4995715E-01
4.967124E-08,-1.5000986E-01
4.972124E-08,-1.5000986E-01
4.977124E-08,-1.5006257E-01
4.982124E-08,-1.5011528E-01
4.987124E-08,-1.5011528E-01
4.992124E-08,-1.5016799E-01
4.997124E-08,-1.5022070E-01
5.002124E-08,-1.5022070E-01
5.007124E-08,-1.5027341E-01
5.012124E-08,-1.5027341E-01
5.017124E-08,-1.5027341E-01
5.022124E-08,-1.5027341E-01
5.027124E-08,-1.5027341E-01
5.032124E-08,-1.5022070E-01
5.037124E-08,-1.5022070E-01
5.042124E-08,-1.5011528E-01
5.047124E-08,-1.5006257E-01
5.052124E-08,-1.5000986E-01
5.057124E-08,-1.4990444E-01
5.062124E-08,-1.4979903E-01
5.067124E-08,-1.4969361E-01
5.072124E-08,-1.4958819E-01
5.077124E-08,-1.4948277E-01
5.082124E-08,-1.4937735E-01
5.087124E-08,-1.4927194E-01
5.092124E-08,-1.4916652E-01
5.097124E-08,-1.4906110E-01
5.102124E-08,-1.4895568E-01
5.107124E-08,-1.4890297E-01
5.112124E-08,-1.4879755E-01
5.117124E-08,-1.4874485E-01
5.122124E-08,-1.4869214E-01
5.127124E-08,-1.4863943E-01
5.132124E-08,-1.4863943E-01
5.137124E-08,-1.4863943E-01
5.142124E-08,-1.4863943E-01
5.147124E-08,-1.4863943E-01
5.152124E-08,-1.4869214E-01
5.157124E-08,-1.4874485E-01
5.162124E-08,-1.4879755E-01
5.167124E-08,-1.4885026E-01
5.172124E-08,-1.4895568E-01
5.177124E-08,-1.4900839E-01
5.182124E-08,-1.4911381E-01
5.187124E-08,-1.4921923E-01
5.192124E-08,-1.4927194E-01
5.197124E-08,-1.4937735E-01
5.202124E-08,-1.4948277E-01
5.207124E-08,-1.4953548E-01
5.212124E-08,-1.4964090E-01
5.217124E-08,-1.4969361E-01
5.222124E-08,-1.4974632E-01
5.227124E-08,-1.4979903E-01
5.232124E-08,-1.4979903E-01
5.237124E-08,-1.4979903E-01
5.242124E-08,-1.4985173E-01
5.247124E-08,-1.4979903E-01
5.252124E-08,-1.4979903E-01
5.257124E-08,-1.4974632E-01
5.262124E-08,-1.4974632E-01
5.267124E-08,-1.4969361E-01
5.272124E-08,-1.4958819E-01
5.277124E-08,-1.4953548E-01
5.282124E-08,-1.4943006E-01
5.287124E-08,-1.4937735E-01
5.292124E-08,-1.4927194E-01
5.297124E-08,-1.4921923E-01
5.302124E-08,-1.4911381E-01
5.307124E-08,-1.4900839E-01
5.312124E-08,-1.4895568E-01
5.317124E-08,-1.4885026E-01
5.322124E-08,-1.4879755E-01
5.327124E-08,-1.4869214E-01
5.332124E-08,-1.4863943E-01
5.337124E-08,-1.4858672E-01
5.342124E-08,-1.4858672E-01
5.347124E-08,-1.4853401E-01
5.352124E-08,-1.4853401E-01
5.357124E-08,-1.4848130E-01
5.362124E-08,-1.4848130E-01
5.367124E-08,-1.4848130E-01
5.372124E-08,-1.4853401E-01
5.377124E-08,-1.4853401E-01
5.382124E-08,-1.4858672E-01
5.387124E-08,-1.4863943E-01
5.392124E-08,-1.4863943E-01
5.397124E-08,-1.4869214E-01
5.402124E-08,-1.4874485E-01
5.407124E-08,-1.4879755E-01
5.412124E-08,-1.4885026E-01
5.417124E-08,-1.4890297E-01
5.422124E-08,-1.4895568E-01
5.427124E-08,-1.4900839E-01
5.432124E-08,-1.4906110E-01
5.437124E-08,-1.4911381E-01
5.442124E-08,-1.4911381E-01
5.447124E-08,-1.4916652E-01
5.452124E-08,-1.4916652E-01
5.457124E-08,-1.4921923E-01
5.462124E-08,-1.4921923E-01
5.467124E-08,-1.4921923E-01
5.472124E-08,-1.4927194E-01
5.477124E-08,-1.4927194E-01
5.482124E-08,-1.4927194E-01
5.487124E-08,-1.4927194E-01
5.492124E-08,-1.4927194E-01
5.497124E-08,-1.4921923E-01
5.502124E-08,-1.4921923E-01
5.507124E-08,-1.4921923E-01
5.512124E-08,-1.4921923E-01
5.517124E-08,-1.4921923E-01
5.522124E-08,-1.4921923E-01
5.527124E-08,-1.4916652E-01
5.532124E-08,-1.4916652E-01
5.537124E-08,-1.4916652E-01
5.542124E-08,-1.4911381E-01
5.547124E-08,-1.4911381E-01
5.552124E-08,-1.4911381E-01
5.557124E-08,-1.4906110E-01
5.562124E-08,-1.4906110E-01
5.567124E-08,-1.4900839E-01
5.572124E-08,-1.4895568E-01
5.577124E-08,-1.4895568E-01
5.582124E-08,-1.4890297E-01
5.587124E-08,-1.4890297E-01
5.592124E-08,-1.4885026E-01
5.597124E-08,-1.4885026E-01
5.602124E-08,-1.4879755E-01
5.607124E-08,-1.4879755E-01
5.612124E-08,-1.4874485E-01
5.617124E-08,-1.4874485E-01
5.622124E-08,-1.4869214E-01
5.627124E-08,-1.4869214E-01
5.632124E-08,-1.4863943E-01
5.637124E-08,-1.4863943E-01
5.642124E-08,-1.4858672E-01
5.647124E-08,-1.4858672E-01
5.652124E-08,-1.4853401E-01
5.657124E-08,-1.4853401E-01
5.662124E-08,-1.4848130E-01
5.667124E-08,-1.4848130E-01
5.672124E-08,-1.4842859E-01
5.677124E-08,-1.4842859E-01
5.682124E-08,-1.4837588E-01
5.687124E-08,-1.4837588E-01
5.692124E-08,-1.4832317E-01
5.697124E-08,-1.4827046E-01
5.702124E-08,-1.4827046E-01
5.707124E-08,-1.4821776E-01
5.712124E-08,-1.4816505E-01
5.717124E-08,-1.4816505E-01
5.722124E-08,-1.4811234E-01
5.727124E-08,-1.4805963E-01
5.732124E-08,-1.4800692E-01
5.737124E-08,-1.4800692E-01
5.742124E-08,-1.4795421E-01
5.747124E-08,-1.4790150E-01
5.752124E-08,-1.4784879E-01
5.757124E-08,-1.4784879E-01
5.762124E-08,-1.4779608E-01
5.767124E-08,-1.4774337E-01
5.772124E-08,-1.4769067E-01
5.777124E-08,-1.4769067E-01
5.782124E-08,-1.4763796E-01
5.787124E-08,-1.4758525E-01
5.792124E-08,-1.4758525E-01
5.797124E-08,-1.4753254E-01
5.802124E-08,-1.4753254E-01
5.807124E-08,-1.4747983E-01
5.812124E-08,-1.4747983E-01
5.817124E-08,-1.4747983E-01
5.822124E-08,-1.4742712E-01
5.827124E-08,-1.4742712E-01
5.832124E-08,-1.4742712E-01
5.837124E-08,-1.4742712E-01
5.842124E-08,-1.4742712E-01
5.847124E-08,-1.4742712E-01
5.852124E-08,-1.4742712E-01
5.857124E-08,-1.4742712E-01
5.862124E-08,-1.4742712E-01
5.867124E-08,-1.4742712E-01
5.872124E-08,-1.4747983E-01
5.877124E-08,-1.4747983E-01
5.882124E-08,-1.4747983E-01
5.887124E-08,-1.4747983E-01
5.892124E-08,-1.4753254E-01
5.897124E-08,-1.4753254E-01
5.902124E-08,-1.4758525E-01
5.907124E-08,-1.4758525E-01
5.912124E-08,-1.4758525E-01
5.917124E-08,-1.4763796E-01
5.922124E-08,-1.4763796E-01
5.927124E-08,-1.4769067E-01
5.932124E-08,-1.4769067E-01
5.937124E-08,-1.4774337E-01
5.942124E-08,-1.4774337E-01
5.947124E-08,-1.4779608E-01
5.952124E-08,-1.4779608E-01
5.957124E-08,-1.4779608E-01
5.962124E-08,-1.4784879E-01
5.967124E-08,-1.4784879E-01
5.972124E-08,-1.4784879E-01
5.977124E-08,-1.4790150E-01
5.982124E-08,-1.4790150E-01
5.987124E-08,-1.4790150E-01
5.992124E-08,-1.4795421E-01
5.997124E-08,-1.4795421E-01
6.002124E-08,-1.4795421E-01
6.007124E-08,-1.4795421E-01
6.012124E-08,-1.4800692E-01
6.017124E-08,-1.4800692E-01
6.022124E-08,-1.4800692E-01
6.027124E-08,-1.4805963E-01
6.032124E-08,-1.4805963E-01
6.037124E-08,-1.4805963E-01
6.042124E-08,-1.4811234E-01
6.047124E-08,-1.4811234E-01
6.052124E-08,-1.4811234E-01
6.057124E-08,-1.4816505E-01
6.062124E-08,-1.4821776E-01
6.067124E-08,-1.4821776E-01
6.072124E-08,-1.4827046E-01
6.077124E-08,-1.4832317E-01
6.082124E-08,-1.4837588E-01
6.087124E-08,-1.4837588E-01
6.092124E-08,-1.4842859E-01
6.097124E-08,-1.4853401E-01
6.102124E-08,-1.4858672E-01
6.107124E-08,-1.4863943E-01
6.112124E-08,-1.4869214E-01
6.117124E-08,-1.4879755E-01
6.122124E-08,-1.4885026E-01
6.127124E-08,-1.4895568E-01
6.132124E-08,-1.4906110E-01
6.137124E-08,-1.4911381E-01
6.142124E-08,-1.4921923E-01
6.147124E-08,-1.4932464E-01
6.152124E-08,-1.4943006E-01
6.157124E-08,-1.4953548E-01
6.162124E-08,-1.4964090E-01
6.167124E-08,-1.4974632E-01
6.172124E-08,-1.4985173E-01
6.177124E-08,-1.4990444E-01
6.182124E-08,-1.5000986E-01
6.187124E-08,-1.5011528E-01
6.192124E-08,-1.5022070E-01
6.197124E-08,-1.5032612E-01
6.202124E-08,-1.5043153E-01
6.207124E-08,-1.5048424E-01
6.212124E-08,-1.5058966E-01
6.217124E-08,-1.5064237E-01
6.222124E-08,-1.5074779E-01
6.227124E-08,-1.5080050E-01
6.232124E-08,-1.5085321E-01
6.237124E-08,-1.5090592E-01
6.242124E-08,-1.5095862E-01
6.247124E-08,-1.5101133E-01
6.252124E-08,-1.5106404E-01
6.257124E-08,-1.5106404E-01
6.262124E-08,-1.5111675E-01
6.267124E-08,-1.5111675E-01
6.272124E-08,-1.5111675E-01
6.277124E-08,-1.5111675E-01
6.282124E-08,-1.5111675E-01
6.287124E-08,-1.5111675E-01
6.292124E-08,-1.5111675E-01
6.297124E-08,-1.5111675E-01
6.302124E-08,-1.5111675E-01
6.307124E-08,-1.5111675E-01
6.312124E-08,-1.5106404E-01
6.317124E-08,-1.5106404E-01
6.322124E-08,-1.5106404E-01
6.327124E-08,-1.5101133E-01
6.332124E-08,-1.5101133E-01
6.337124E-08,-1.5095862E-01
6.342124E-08,-1.5095862E-01
6.347124E-08,-1.5095862E-01
6.352124E-08,-1.5090592E-01
6.357124E-08,-1.5090592E-01
6.362124E-08,-1.5090592E-01
6.367124E-08,-1.5085321E-01
6.372124E-08,-1.5085321E-01
6.377124E-08,-1.5085321E-01
6.382124E-08,-1.5085321E-01
6.387124E-08,-1.5085321E-01
6.392124E-08,-1.5080050E-01
6.397124E-08,-1.5080050E-01
6.402124E-08,-1.5080050E-01
6.407124E-08,-1.5080050E-01
6.412124E-08,-1.5080050E-01
6.417124E-08,-1.5080050E-01
6.422124E-08,-1.5080050E-01
6.427124E-08,-1.5074779E-01
6.432124E-08,-1.5074779E-01
6.437124E-08,-1.5074779E-01
6.442124E-08,-1.5069508E-01
6.447124E-08,-1.5069508E-01
6.452124E-08,-1.5069508E-01
6.457124E-08,-1.5064237E-01
6.462124E-08,-1.5058966E-01
6.467124E-08,-1.5058966E-01
6.472124E-08,-1.5053695E-01
6.477124E-08,-1.5048424E-01
6.482124E-08,-1.5043153E-01
6.487124E-08,-1.5043153E-01
6.492124E-08,-1.5037883E-01
6.497124E-08,-1.5032612E-01
6.502124E-08,-1.5027341E-01
6.507124E-08,-1.5022070E-01
6.512124E-08,-1.5016799E-01
6.517124E-08,-1.5011528E-01
6.522124E-08,-1.5000986E-01
6.527124E-08,-1.4995715E-01
6.532124E-08,-1.4990444E-01
6.537124E-08,-1.4985173E-01
6.542124E-08,-1.4979903E-01
6.547124E-08,-1.4974632E-01
6.552124E-08,-1.4969361E-01
6.557124E-08,-1.4964090E-01
6.562124E-08,-1.4964090E-01
6.567124E-08,-1.4958819E-01
6.572124E-08,-1.4953548E-01
6.577124E-08,-1.4948277E-01
6.582124E-08,-1.4948277E-01
6.587124E-08,-1.4943006E-01
6.592124E-08,-1.4943006E-01
6.597124E-08,-1.4937735E-01
6.602124E-08,-1.4937735E-01
6.607124E-08,-1.4937735E-01
6.612124E-08,-1.4932464E-01
6.617124E-08,-1.4932464E-01
6.622124E-08,-1.4932464E-01
6.627124E-08,-1.4932464E-01
6.632124E-08,-1.4927194E-01
6.637124E-08,-1.4927194E-01
6.642124E-08,-1.4927194E-01
6.647124E-08,-1.4927194E-01
6.652124E-08,-1.4927194E-01
6.657124E-08,-1.4927194E-01
6.662124E-08,-1.4921923E-01
6.667124E-08,-1.4921923E-01
6.672124E-08,-1.4921923E-01
6.677124E-08,-1.4921923E-01
6.682124E-08,-1.4916652E-01
6.687124E-08,-1.4916652E-01
6.692124E-08,-1.4911381E-01
6.697124E-08,-1.4911381E-01
6.702124E-08,-1.4906110E-01
6.707124E-08,-1.4906110E-01
6.712124E-08,-1.4900839E-01
6.717124E-08,-1.4895568E-01
6.722124E-08,-1.4895568E-01
6.727124E-08,-1.4890297E-01
6.732124E-08,-1.4885026E-01
6.737124E-08,-1.4879755E-01
6.742124E-08,-1.4874485E-01
6.747124E-08,-1.4869214E-01
6.752124E-08,-1.4863943E-01
6.757124E-08,-1.4858672E-01
6.762124E-08,-1.4858672E-01
6.767124E-08,-1.4853401E-01
6.772124E-08,-1.4848130E-01
6.777124E-08,-1.4842859E-01
6.782124E-08,-1.4837588E-01
6.787124E-08,-1.4837588E-01
6.792124E-08,-1.4832317E-01
6.797124E-08,-1.4832317E-01
6.802124E-08,-1.4827046E-01
6.807124E-08,-1.4827046E-01
6.812124E-08,-1.4821776E-01
6.817124E-08,-1.4821776E-01
6.822124E-08,-1.4821776E-01
6.827124E-08,-1.4821776E-01
6.832124E-08,-1.4821776E-01
6.837124E-08,-1.4821776E-01
6.842124E-08,-1.4821776E-01
6.847124E-08,-1.4821776E-01
6.852124E-08,-1.4827046E-01
6.857124E-08,-1.4827046E-01
6.862124E-08,-1.4827046E-01
6.867124E-08,-1.4832317E-01
6.872124E-08,-1.4837588E-01
6.877124E-08,-1.4837588E-01
6.882124E-08,-1.4842859E-01
6.887124E-08,-1.4842859E-01
6.892124E-08,-1.4848130E-01
6.897124E-08,-1.4853401E-01
6.902124E-08,-1.4858672E-01
6.907124E-08,-1.4858672E-01
6.912124E-08,-1.4863943E-01
6.917124E-08,-1.4869214E-01
6.922124E-08,-1.4869214E-01
6.927124E-08,-1.4874485E-01
6.932124E-08,-1.4879755E-01
6.937124E-08,-1.4879755E-01
6.942124E-08,-1.4885026E-01
6.947124E-08,-1.4890297E-01
6.952124E-08,-1.4890297E-01
6.957124E-08,-1.4895568E-01
6.962124E-08,-1.4895568E-01
6.967124E-08,-1.4895568E-01
6.972124E-08,-1.4900839E-01
6.977124E-08,-1.4900839E-01
6.982124E-08,-1.4900839E-01
6.987124E-08,-1.4906110E-01
6.992124E-08,-1.4906110E-01
6.997124E-08,-1.4906110E-01
7.002124E-08,-1.4906110E-01
7.007124E-08,-1.4906110E-01
7.012124E-08,-1.4906110E-01
7.017124E-08,-1.4906110E-01
7.022124E-08,-1.4906110E-01
7.027124E-08,-1.4906110E-01
7.032124E-08,-1.4906110E-01
7.037124E-08,-1.4906110E-01
7.042124E-08,-1.4906110E-01
7.047124E-08,-1.4906110E-01
7.052124E-08,-1.4906110E-01
7.057124E-08,-1.4906110E-01
7.062124E-08,-1.4906110E-01
7.067124E-08,-1.4900839E-01
7.072124E-08,-1.4900839E-01
7.077124E-08,-1.4900839E-01
7.082124E-08,-1.4900839E-01
7.087124E-08,-1.4900839E-01
7.092124E-08,-1.4900839E-01
7.097124E-08,-1.4900839E-01
7.102124E-08,-1.4895568E-01
7.107124E-08,-1.4895568E-01
7.112124E-08,-1.4895568E-01
7.117124E-08,-1.4895568E-01
7.122124E-08,-1.4895568E-01
7.127124E-08,-1.4895568E-01
7.132124E-08,-1.4895568E-01
7.137124E-08,-1.4895568E-01
7.142124E-08,-1.4895568E-01
7.147124E-08,-1.4895568E-01
7.152124E-08,-1.4895568E-01
7.157124E-08,-1.4895568E-01
7.162124E-08,-1.4895568E-01
7.167124E-08,-1.4895568E-01
7.172124E-08,-1.4895568E-01
7.177124E-08,-1.4895568E-01
7.182124E-08,-1.4895568E-01
7.187124E-08,-1.4895568E-01
7.192124E-08,-1.4895568E-01
7.197124E-08,-1.4895568E-01
7.202124E-08,-1.4895568E-01
7.207124E-08,-1.4895568E-01
7.212124E-08,-1.4900839E-01
7.217124E-08,-1.4900839E-01
7.222124E-08,-1.4900839E-01
7.227124E-08,-1.4900839E-01
7.232124E-08,-1.4900839E-01
7.237124E-08,-1.4906110E-01
7.242124E-08,-1.4906110E-01
7.247124E-08,-1.4906110E-01
7.252124E-08,-1.4911381E-01
7.257124E-08,-1.4911381E-01
7.262124E-08,-1.4911381E-01
7.267124E-08,-1.4916652E-01
7.272124E-08,-1.4916652E-01
7.277124E-08,-1.4921923E-01
7.282124E-08,-1.4927194E-01
7.287124E-08,-1.4927194E-01
7.292124E-08,-1.4932464E-01
7.297124E-08,-1.4937735E-01
7.302124E-08,-1.4937735E-01
7.307124E-08,-1.4943006E-01
7.312124E-08,-1.4948277E-01
7.317124E-08,-1.4953548E-01
7.322124E-08,-1.4958819E-01
7.327124E-08,-1.4964090E-01
7.332124E-08,-1.4969361E-01
7.337124E-08,-1.4974632E-01
7.342124E-08,-1.4979903E-01
7.347124E-08,-1.4990444E-01
7.352124E-08,-1.4995715E-01
7.357124E-08,-1.5000986E-01
7.362124E-08,-1.5006257E-01
7.367124E-08,-1.5011528E-01
7.372124E-08,-1.5016799E-01
7.377124E-08,-1.5022070E-01
7.382124E-08,-1.5027341E-01
7.387124E-08,-1.5032612E-01
7.392124E-08,-1.5037883E-01
7.397124E-08,-1.5043153E-01
7.402124E-08,-1.5043153E-01
7.407124E-08,-1.5048424E-01
7.412124E-08,-1.5053695E-01
7.417124E-08,-1.5053695E-01
7.422124E-08,-1.5053695E-01
7.427124E-08,-1.5053695E-01
7.432124E-08,-1.5058966E-01
7.437124E-08,-1.5058966E-01
7.442124E-08,-1.5053695E-01
7.447124E-08,-1.5053695E-01
7.452124E-08,-1.5053695E-01
7.457124E-08,-1.5053695E-01
7.462124E-08,-1.5048424E-01
7.467124E-08,-1.5048424E-01
7.472124E-08,-1.5043153E-01
7.477124E-08,-1.5037883E-01
7.482124E-08,-1.5037883E-01
7.487124E-08,-1.5032612E-01
7.492124E-08,-1.5027341E-01
7.497124E-08,-1.5027341E-01
7.502124E-08,-1.5022070E-01
7.507124E-08,-1.5016799E-01
7.512124E-08,-1.5016799E-01
7.517124E-08,-1.5011528E-01
7.522124E-08,-1.5011528E-01
7.527124E-08,-1.5006257E-01
7.532124E-08,-1.5006257E-01
7.537124E-08,-1.5006257E-01
7.542124E-08,-1.5006257E-01
7.547124E-08,-1.5006257E-01
7.552124E-08,-1.5006257E-01
7.557124E-08,-1.5006257E-01
7.562124E-08,-1.5006257E-01
7.567124E-08,-1.5006257E-01
7.572124E-08,-1.5011528E-01
7.577124E-08,-1.5011528E-01
7.582124E-08,-1.5016799E-01
7.587124E-08,-1.5016799E-01
7.592124E-08,-1.5022070E-01
7.597124E-08,-1.5027341E-01
7.602124E-08,-1.5027341E-01
7.607124E-08,-1.5032612E-01
7.612124E-08,-1.5037883E-01
7.617124E-08,-1.5043153E-01
7.622124E-08,-1.5043153E-01
7.627124E-08,-1.5048424E-01
7.632124E-08,-1.5048424E-01
7.637124E-08,-1.5053695E-01
7.642124E-08,-1.5053695E-01
7.647124E-08,-1.5058966E-01
7.652124E-08,-1.5058966E-01
7.657124E-08,-1.5058966E-01
7.662124E-08,-1.5058966E-01
7.667124E-08,-1.5058966E-01
7.672124E-08,-1.5058966E-01
7.677124E-08,-1.5058966E-01
7.682124E-08,-1.5053695E-01
7.687124E-08,-1.5053695E-01
7.692124E-08,-1.5048424E-01
7.697124E-08,-1.5048424E-01
7.702124E-08,-1.5043153E-01
7.707124E-08,-1.5037883E-01
7.712124E-08,-1.5032612E-01
7.717124E-08,-1.5027341E-01
7.722124E-08,-1.5022070E-01
7.727124E-08,-1.5016799E-01
7.732124E-08,-1.5011528E-01
7.737124E-08,-1.5006257E-01
7.742124E-08,-1.5000986E-01
7.747124E-08,-1.4995715E-01
7.752124E-08,-1.4990444E-01
7.757124E-08,-1.4985173E-01
7.762124E-08,-1.4979903E-01
7.767124E-08,-1.4974632E-01
7.772124E-08,-1.4969361E-01
7.777124E-08,-1.4964090E-01
7.782124E-08,-1.4958819E-01
7.787124E-08,-1.4958819E-01
7.792124E-08,-1.4953548E-01
7.797124E-08,-1.4948277E-01
7.802124E-08,-1.4948277E-01
7.807124E-08,-1.4943006E-01
7.812124E-08,-1.4943006E-01
7.817124E-08,-1.4943006E-01
7.822124E-08,-1.4943006E-01
7.827124E-08,-1.4937735E-01
7.832124E-08,-1.4937735E-01
7.837124E-08,-1.4937735E-01
7.842124E-08,-1.4937735E-01
7.847124E-08,-1.4937735E-01
7.852124E-08,-1.4937735E-01
7.857124E-08,-1.4937735E-01
7.862124E-08,-1.4937735E-01
7.867124E-08,-1.4937735E-01
7.872124E-08,-1.4937735E-01
7.877124E-08,-1.4937735E-01
7.882124E-08,-1.4937735E-01
7.887124E-08,-1.4937735E-01
7.892124E-08,-1.4937735E-01
7.897124E-08,-1.4937735E-01
7.902124E-08,-1.4937735E-01
7.907124E-08,-1.4937735E-01
7.912124E-08,-1.4932464E-01
7.917124E-08,-1.4932464E-01
7.922124E-08,-1.4932464E-01
7.927124E-08,-1.4932464E-01
7.932124E-08,-1.4932464E-01
7.937124E-08,-1.4927194E-01
7.942124E-08,-1.4927194E-01
7.947124E-08,-1.4927194E-01
7.952124E-08,-1.4927194E-01
7.957124E-08,-1.4927194E-01
7.962124E-08,-1.4921923E-01
7.967124E-08,-1.4921923E-01
7.972124E-08,-1.4921923E-01
7.977124E-08,-1.4921923E-01
7.982124E-08,-1.4921923E-01
7.987124E-08,-1.4916652E-01
7.992124E-08,-1.4916652E-01
7.997124E-08,-1.4916652E-01
8.002124E-08,-1.4916652E-01
8.007124E-08,-1.4916652E-01
8.012124E-08,-1.4916652E-01
8.017124E-08,-1.4916652E-01
8.022124E-08,-1.4916652E-01
8.027124E-08,-1.4916652E-01
8.032124E-08,-1.4911381E-01
8.037124E-08,-1.4911381E-01
8.042124E-08,-1.4911381E-01
8.047124E-08,-1.4911381E-01
8.052124E-08,-1.4911381E-01
8.057124E-08,-1.4911381E-01
8.062124E-08,-1.4911381E-01
8.067124E-08,-1.4906110E-01
8.072124E-08,-1.4906110E-01
8.077124E-08,-1.4906110E-01
8.082124E-08,-1.4906110E-01
8.087124E-08,-1.4900839E-01
8.092124E-08,-1.4900839E-01
8.097124E-08,-1.4900839E-01
8.102124E-08,-1.4895568E-01
8.107124E-08,-1.4895568E-01
8.112124E-08,-1.4895568E-01
8.117124E-08,-1.4890297E-01
8.122124E-08,-1.4890297E-01
8.127124E-08,-1.4890297E-01
8.132124E-08,-1.4885026E-01
8.137124E-08,-1.4885026E-01
8.142124E-08,-1.4885026E-01
8.147124E-08,-1.4879755E-01
8.152124E-08,-1.4879755E-01
8.157124E-08,-1.4879755E-01
8.162124E-08,-1.4879755E-01
8.167124E-08,-1.4879755E-01
8.172124E-08,-1.4879755E-01
8.177124E-08,-1.4879755E-01
8.182124E-08,-1.4879755E-01
8.187124E-08,-1.4879755E-01
8.192124E-08,-1.4885026E-01
8.197124E-08,-1.4885026E-01
8.202124E-08,-1.4885026E-01
8.207124E-08,-1.4890297E-01
8.212124E-08,-1.4895568E-01
8.217124E-08,-1.4895568E-01
8.222124E-08,-1.4900839E-01
8.227124E-08,-1.4900839E-01
8.232124E-08,-1.4906110E-01
8.237124E-08,-1.4911381E-01
8.242124E-08,-1.4916652E-01
8.247124E-08,-1.4921923E-01
8.252124E-08,-1.4927194E-01
8.257124E-08,-1.4932464E-01
8.262124E-08,-1.4937735E-01
8.267124E-08,-1.4943006E-01
8.272124E-08,-1.4948277E-01
8.277124E-08,-1.4948277E-01
8.282124E-08,-1.4953548E-01
8.287124E-08,-1.4958819E-01
8.292124E-08,-1.4964090E-01
8.297124E-08,-1.4969361E-01
8.302124E-08,-1.4974632E-01
8.307124E-08,-1.4979903E-01
8.312124E-08,-1.4979903E-01
8.317124E-08,-1.4985173E-01
8.322124E-08,-1.4990444E-01
8.327124E-08,-1.4990444E-01
8.332124E-08,-1.4995715E-01
8.337124E-08,-1.5000986E-01
8.342124E-08,-1.5000986E-01
8.347124E-08,-1.5006257E-01
8.352124E-08,-1.5006257E-01
8.357124E-08,-1.5011528E-01
8.362124E-08,-1.5011528E-01
8.367124E-08,-1.5011528E-01
8.372124E-08,-1.5016799E-01
8.377124E-08,-1.5016799E-01
8.382124E-08,-1.5016799E-01
8.387124E-08,-1.5016799E-01
8.392124E-08,-1.5022070E-01
8.397124E-08,-1.5022070E-01
8.402124E-08,-1.5022070E-01
8.407124E-08,-1.5022070E-01
8.412124E-08,-1.5022070E-01
8.417124E-08,-1.5022070E-01
8.422124E-08,-1.5022070E-01
8.427124E-08,-1.5022070E-01
8.432124E-08,-1.5016799E-01
8.437124E-08,-1.5016799E-01
8.442124E-08,-1.5016799E-01
8.447124E-08,-1.5016799E-01
8.452124E-08,-1.5011528E-01
8.457124E-08,-1.5011528E-01
8.462124E-08,-1.5011528E-01
8.467124E-08,-1.5006257E-01
8.472124E-08,-1.5006257E-01
8.477124E-08,-1.5000986E-01
8.482124E-08,-1.5000986E-01
8.487124E-08,-1.4995715E-01
8.492124E-08,-1.4995715E-01
8.497124E-08,-1.4990444E-01
8.502124E-08,-1.4990444E-01
8.507124E-08,-1.4985173E-01
8.512124E-08,-1.4985173E-01
8.517124E-08,-1.4979903E-01
8.522124E-08,-1.4979903E-01
8.527124E-08,-1.4974632E-01
8.532124E-08,-1.4974632E-01
8.537124E-08,-1.4969361E-01
8.542124E-08,-1.4969361E-01
8.547124E-08,-1.4969361E-01
8.552124E-08,-1.4964090E-01
8.557124E-08,-1.4964090E-01
8.562124E-08,-1.4964090E-01
8.567124E-08,-1.4964090E-01
8.572124E-08,-1.4964090E-01
8.577124E-08,-1.4958819E-01
8.582124E-08,-1.4958819E-01
8.587124E-08,-1.4964090E-01
8.592124E-08,-1.4964090E-01
8.597124E-08,-1.4964090E-01
8.602124E-08,-1.4964090E-01
8.607124E-08,-1.4964090E-01
8.612124E-08,-1.4969361E-01
8.617124E-08,-1.4969361E-01
8.622124E-08,-1.4969361E-01
8.627124E-08,-1.4974632E-01
8.632124E-08,-1.4974632E-01
8.637124E-08,-1.4974632E-01
8.642124E-08,-1.4979903E-01
8.647124E-08,-1.4979903E-01
8.652124E-08,-1.4985173E-01
8.657124E-08,-1.4985173E-01
8.662124E-08,-1.4990444E-01
8.667124E-08,-1.4990444E-01
8.672124E-08,-1.4995715E-01
8.677124E-08,-1.4995715E-01
8.682124E-08,-1.4995715E-01
8.687124E-08,-1.5000986E-01
8.692124E-08,-1.5000986E-01
8.697124E-08,-1.5000986E-01
8.702124E-08,-1.5000986E-01
8.707124E-08,-1.5006257E-01
8.712124E-08,-1.5006257E-01
8.717124E-08,-1.5006257E-01
8.722124E-08,-1.5006257E-01
8.727124E-08,-1.5006257E-01
8.732124E-08,-1.5006257E-01
8.737124E-08,-1.5006257E-01
8.742124E-08,-1.5006257E-01
8.747124E-08,-1.5006257E-01
8.752124E-08,-1.5000986E-01
8.757124E-08,-1.5000986E-01
8.762124E-08,-1.5000986E-01
8.767124E-08,-1.5000986E-01
8.772124E-08,-1.4995715E-01
8.777124E-08,-1.4995715E-01
8.782124E-08,-1.4995715E-01
8.787124E-08,-1.4990444E-01
8.792124E-08,-1.4990444E-01
8.797124E-08,-1.4985173E-01
8.802124E-08,-1.4985173E-01
8.807124E-08,-1.4979903E-01
8.812124E-08,-1.4979903E-01
8.817124E-08,-1.4974632E-01
8.822124E-08,-1.4969361E-01
8.827124E-08,-1.4969361E-01
8.832124E-08,-1.4964090E-01
8.837124E-08,-1.4958819E-01
8.842124E-08,-1.4958819E-01
8.847124E-08,-1.4953548E-01
8.852124E-08,-1.4948277E-01
8.857124E-08,-1.4943006E-01
8.862124E-08,-1.4943006E-01
8.867124E-08,-1.4937735E-01
8.872124E-08,-1.4937735E-01
8.877124E-08,-1.4932464E-01
8.882124E-08,-1.4927194E-01
8.887124E-08,-1.4927194E-01
8.892124E-08,-1.4921923E-01
8.897124E-08,-1.4921923E-01
8.902124E-08,-1.4916652E-01
8.907124E-08,-1.4916652E-01
8.912124E-08,-1.4916652E-01
8.917124E-08,-1.4916652E-01
8.922124E-08,-1.4916652E-01
8.927124E-08,-1.4916652E-01
8.932124E-08,-1.4916652E-01
8.937124E-08,-1.4916652E-01
8.942124E-08,-1.4916652E-01
8.947124E-08,-1.4916652E-01
8.952124E-08,-1.4916652E-01
8.957124E-08,-1.4921923E-01
8.962124E-08,-1.4921923E-01
8.967124E-08,-1.4921923E-01
8.972124E-08,-1.4927194E-01
8.977124E-08,-1.4927194E-01
8.982124E-08,-1.4932464E-01
8.987124E-08,-1.4932464E-01
8.992124E-08,-1.4937735E-01
8.997124E-08,-1.4937735E-01
9.002124E-08,-1.4943006E-01
9.007124E-08,-1.4943006E-01
9.012124E-08,-1.4943006E-01
9.017124E-08,-1.4948277E-01
9.022124E-08,-1.4948277E-01
9.027124E-08,-1.4948277E-01
9.032124E-08,-1.4948277E-01
9.037124E-08,-1.4948277E-01
9.042124E-08,-1.4948277E-01
9.047124E-08,-1.4948277E-01
9.052124E-08,-1.4948277E-01
9.057124E-08,-1.4943006E-01
9.062124E-08,-1.4943006E-01
9.067124E-08,-1.4937735E-01
9.072124E-08,-1.4937735E-01
9.077124E-08,-1.4932464E-01
9.082124E-08,-1.4932464E-01
9.087124E-08,-1.4927194E-01
9.092124E-08,-1.4921923E-01
9.097124E-08,-1.4921923E-01
9.102124E-08,-1.4916652E-01
9.107124E-08,-1.4911381E-01
9.112124E-08,-1.4911381E-01
9.117124E-08,-1.4906110E-01
9.122124E-08,-1.4906110E-01
9.127124E-08,-1.4900839E-01
9.132124E-08,-1.4900839E-01
9.137124E-08,-1.4900839E-01
9.142124E-08,-1.4895568E-01
9.147124E-08,-1.4895568E-01
9.152124E-08,-1.4895568E-01
9.157124E-08,-1.4895568E-01
9.162124E-08,-1.4900839E-01
9.167124E-08,-1.4900839E-01
9.172124E-08,-1.4900839E-01
9.177124E-08,-1.4906110E-01
9.182124E-08,-1.4906110E-01
9.187124E-08,-1.4911381E-01
9.192124E-08,-1.4911381E-01
9.197124E-08,-1.4916652E-01
9.202124E-08,-1.4916652E-01
9.207124E-08,-1.4921923E-01
9.212124E-08,-1.4921923E-01
9.217124E-08,-1.4927194E-01
9.222124E-08,-1.4927194E-01
9.227124E-08,-1.4932464E-01
9.232124E-08,-1.4932464E-01
9.237124E-08,-1.4937735E-01
9.242124E-08,-1.4937735E-01
9.247124E-08,-1.4937735E-01
9.252124E-08,-1.4937735E-01
9.257124E-08,-1.4937735E-01
9.262124E-08,-1.4937735E-01
9.267124E-08,-1.4932464E-01
9.272124E-08,-1.4932464E-01
9.277124E-08,-1.4927194E-01
9.282124E-08,-1.4927194E-01
9.287124E-08,-1.4921923E-01
9.292124E-08,-1.4921923E-01
9.297124E-08,-1.4916652E-01
9.302124E-08,-1.4911381E-01
9.307124E-08,-1.4906110E-01
9.312124E-08,-1.4900839E-01
9.317124E-08,-1.4900839E-01
9.322124E-08,-1.4895568E-01
9.327124E-08,-1.4890297E-01
9.332124E-08,-1.4885026E-01
9.337124E-08,-1.4885026E-01
9.342124E-08,-1.4879755E-01
9.347124E-08,-1.4879755E-01
9.352124E-08,-1.4874485E-01
9.357124E-08,-1.4874485E-01
9.362124E-08,-1.4874485E-01
9.367124E-08,-1.4874485E-01
9.372124E-08,-1.4874485E-01
9.377124E-08,-1.4874485E-01
9.382124E-08,-1.4879755E-01
9.387124E-08,-1.4879755E-01
9.392124E-08,-1.4885026E-01
9.397124E-08,-1.4885026E-01
9.402124E-08,-1.4890297E-01
9.407124E-08,-1.4890297E-01
9.412124E-08,-1.4895568E-01
9.417124E-08,-1.4895568E-01
9.422124E-08,-1.4900839E-01
9.427124E-08,-1.4906110E-01
9.432124E-08,-1.4906110E-01
9.437124E-08,-1.4911381E-01
9.442124E-08,-1.4911381E-01
9.447124E-08,-1.4911381E-01
9.452124E-08,-1.4911381E-01
9.457124E-08,-1.4911381E-01
9.462124E-08,-1.4911381E-01
9.467124E-08,-1.4911381E-01
9.472124E-08,-1.4911381E-01
9.477124E-08,-1.4906110E-01
9.482124E-08,-1.4906110E-01
9.487124E-08,-1.4900839E-01
9.492124E-08,-1.4895568E-01
9.497124E-08,-1.4895568E-01
9.502124E-08,-1.4890297E-01
9.507124E-08,-1.4885026E-01
9.512124E-08,-1.4879755E-01
9.517124E-08,-1.4874485E-01
9.522124E-08,-1.4869214E-01
9.527124E-08,-1.4863943E-01
9.532124E-08,-1.4858672E-01
9.537124E-08,-1.4858672E-01
9.542124E-08,-1.4853401E-01
9.547124E-08,-1.4848130E-01
9.552124E-08,-1.4848130E-01
9.557124E-08,-1.4848130E-01
9.562124E-08,-1.4848130E-01
9.567124E-08,-1.4848130E-01
9.572124E-08,-1.4848130E-01
9.577124E-08,-1.4848130E-01
9.582124E-08,-1.4853401E-01
9.587124E-08,-1.4858672E-01
9.592124E-08,-1.4863943E-01
9.597124E-08,-1.4869214E-01
9.602124E-08,-1.4874485E-01
9.607124E-08,-1.4879755E-01
9.612124E-08,-1.4890297E-01
9.617124E-08,-1.4895568E-01
9.622124E-08,-1.4906110E-01
9.627124E-08,-1.4916652E-01
9.632124E-08,-1.4921923E-01
9.637124E-08,-1.4932464E-01
9.642124E-08,-1.4937735E-01
9.647124E-08,-1.4948277E-01
9.652124E-08,-1.4953548E-01
9.657124E-08,-1.4964090E-01
9.662124E-08,-1.4969361E-01
9.667124E-08,-1.4974632E-01
9.672124E-08,-1.4979903E-01
9.677124E-08,-1.4985173E-01
9.682124E-08,-1.4985173E-01
9.687124E-08,-1.4990444E-01
9.692124E-08,-1.4990444E-01
9.697124E-08,-1.4990444E-01
9.702124E-08,-1.4990444E-01
9.707124E-08,-1.4990444E-01
9.712124E-08,-1.4985173E-01
9.717124E-08,-1.4985173E-01
9.722124E-08,-1.4979903E-01
9.727124E-08,-1.4974632E-01
9.732124E-08,-1.4969361E-01
9.737124E-08,-1.4964090E-01
9.742124E-08,-1.4958819E-01
9.747124E-08,-1.4958819E-01
9.752124E-08,-1.4953548E-01
9.757124E-08,-1.4948277E-01
9.762124E-08,-1.4943006E-01
9.767124E-08,-1.4937735E-01
9.772124E-08,-1.4937735E-01
9.777124E-08,-1.4932464E-01
9.782124E-08,-1.4932464E-01
9.787124E-08,-1.4932464E-01
9.792124E-08,-1.4932464E-01
9.797124E-08,-1.4932464E-01
9.802124E-08,-1.4932464E-01
9.807124E-08,-1.4937735E-01
9.812124E-08,-1.4943006E-01
9.817124E-08,-1.4943006E-01
9.822124E-08,-1.4948277E-01
9.827124E-08,-1.4953548E-01
9.832124E-08,-1.4958819E-01
9.837124E-08,-1.4964090E-01
9.842124E-08,-1.4974632E-01
9.847124E-08,-1.4979903E-01
9.852124E-08,-1.4985173E-01
9.857124E-08,-1.4995715E-01
9.862124E-08,-1.5000986E-01
9.867124E-08,-1.5006257E-01
9.872124E-08,-1.5011528E-01
9.877124E-08,-1.5016799E-01
9.882124E-08,-1.5022070E-01
9.887124E-08,-1.5022070E-01
9.892124E-08,-1.5027341E-01
9.897124E-08,-1.5027341E-01
9.902124E-08,-1.5027341E-01
9.907124E-08,-1.5027341E-01
9.912124E-08,-1.5027341E-01
9.917124E-08,-1.5027341E-01
9.922124E-08,-1.5022070E-01
9.927124E-08,-1.5022070E-01
9.932124E-08,-1.5016799E-01
9.937124E-08,-1.5011528E-01
9.942124E-08,-1.5000986E-01
9.947124E-08,-1.4995715E-01
9.952124E-08,-1.4990444E-01
9.957124E-08,-1.4979903E-01
9.962124E-08,-1.4974632E-01
9.967124E-08,-1.4969361E-01
9.972124E-08,-1.4958819E-01
9.977124E-08,-1.4953548E-01
9.982124E-08,-1.4943006E-01
9.987124E-08,-1.4937735E-01
9.992124E-08,-1.4932464E-01
9.997124E-08,-1.4927194E-01
1.0002124E-07,-1.4921923E-01
1.0007124E-07,-1.4916652E-01
1.0012124E-07,-1.4911381E-01
1.0017124E-07,-1.4906110E-01
1.0022124E-07,-1.4906110E-01
1.0027124E-07,-1.4900839E-01
1.0032124E-07,-1.4900839E-01
1.0037124E-07,-1.4900839E-01
1.0042124E-07,-1.4900839E-01
1.0047124E-07,-1.4900839E-01
1.0052124E-07,-1.4900839E-01
1.0057124E-07,-1.4900839E-01
1.0062124E-07,-1.4900839E-01
1.0067124E-07,-1.4900839E-01
1.0072124E-07,-1.4906110E-01
1.0077124E-07,-1.4906110E-01
1.0082124E-07,-1.4906110E-01
1.0087124E-07,-1.4906110E-01
1.0092124E-07,-1.4906110E-01
1.0097124E-07,-1.4906110E-01
1.0102124E-07,-1.4906110E-01
1.0107124E-07,-1.4906110E-01
1.0112124E-07,-1.4906110E-01
1.0117124E-07,-1.4906110E-01
1.0122124E-07,-1.4906110E-01
1.0127124E-07,-1.4900839E-01
1.0132124E-07,-1.4900839E-01
1.0137124E-07,-1.4895568E-01
1.0142124E-07,-1.4895568E-01
1.0147124E-07,-1.4890297E-01
1.0152124E-07,-1.4885026E-01
1.0157124E-07,-1.4885026E-01
1.0162124E-07,-1.4879755E-01
1.0167124E-07,-1.4874485E-01
1.0172124E-07,-1.4874485E-01
1.0177124E-07,-1.4869214E-01
1.0182124E-07,-1.4869214E-01
1.0187124E-07,-1.4863943E-01
1.0192124E-07,-1.4863943E-01
1.0197124E-07,-1.4863943E-01
1.0202124E-07,-1.4858672E-01
1.0207124E-07,-1.4858672E-01
1.0212124E-07,-1.4863943E-01
1.0217124E-07,-1.4863943E-01
1.0222124E-07,-1.4863943E-01
1.0227124E-07,-1.4869214E-01
1.0232124E-07,-1.4874485E-01
1.0237124E-07,-1.4874485E-01
1.0242124E-07,-1.4879755E-01
1.0247124E-07,-1.4885026E-01
1.0252124E-07,-1.4890297E-01
1.0257124E-07,-1.4900839E-01
1.0262124E-07,-1.4906110E-01
1.0267124E-07,-1.4911381E-01
1.0272124E-07,-1.4916652E-01
1.0277124E-07,-1.4927194E-01
1.0282124E-07,-1.4932464E-01
1.0287124E-07,-1.4937735E-01
1.0292124E-07,-1.4948277E-01
1.0297124E-07,-1.4953548E-01
1.0302124E-07,-1.4958819E-01
1.0307124E-07,-1.4964090E-01
1.0312124E-07,-1.4969361E-01
1.0317124E-07,-1.4969361E-01
1.0322124E-07,-1.4974632E-01
1.0327124E-07,-1.4979903E-01
1.0332124E-07,-1.4979903E-01
1.0337124E-07,-1.4979903E-01
1.0342124E-07,-1.4979903E-01
1.0347124E-07,-1.4979903E-01
1.0352124E-07,-1.4979903E-01
1.0357124E-07,-1.4979903E-01
1.0362124E-07,-1.4979903E-01
1.0367124E-07,-1.4974632E-01
1.0372124E-07,-1.4974632E-01
1.0377124E-07,-1.4969361E-01
1.0382124E-07,-1.4964090E-01
1.0387124E-07,-1.4964090E-01
1.0392124E-07,-1.4958819E-01
1.0397124E-07,-1.4953548E-01
1.0402124E-07,-1.4953548E-01
1.0407124E-07,-1.4948277E-01
1.0412124E-07,-1.4943006E-01
1.0417124E-07,-1.4943006E-01
1.0422124E-07,-1.4937735E-01
1.0427124E-07,-1.4937735E-01
1.0432124E-07,-1.4932464E-01
1.0437124E-07,-1.4932464E-01
1.0442124E-07,-1.4932464E-01
1.0447124E-07,-1.4932464E-01
1.0452124E-07,-1.4927194E-01
1.0457124E-07,-1.4927194E-01
1.0462124E-07,-1.4927194E-01
1.0467124E-07,-1.4927194E-01
1.0472124E-07,-1.4927194E-01
1.0477124E-07,-1.4927194E-01
1.0482124E-07,-1.4927194E-01
1.0487124E-07,-1.4927194E-01
1.0492124E-07,-1.4927194E-01
1.0497124E-07,-1.4927194E-01
1.0502124E-07,-1.4927194E-01
1.0507124E-07,-1.4927194E-01
1.0512124E-07,-1.4927194E-01
1.0517124E-07,-1.4927194E-01
1.0522124E-07,-1.4921923E-01
1.0527124E-07,-1.4921923E-01
1.0532124E-07,-1.4921923E-01
1.0537124E-07,-1.4916652E-01
1.0542124E-07,-1.4916652E-01
1.0547124E-07,-1.4916652E-01
1.0552124E-07,-1.4911381E-01
1.0557124E-07,-1.4911381E-01
1.0562124E-07,-1.4906110E-01
1.0567124E-07,-1.4906110E-01
1.0572124E-07,-1.4900839E-01
1.0577124E-07,-1.4900839E-01
1.0582124E-07,-1.4900839E-01
1.0587124E-07,-1.4895568E-01
1.0592124E-07,-1.4895568E-01
1.0597124E-07,-1.4895568E-01
1.0602124E-07,-1.4895568E-01
1.0607124E-07,-1.4895568E-01
1.0612124E-07,-1.4895568E-01
1.0617124E-07,-1.4895568E-01
1.0622124E-07,-1.4895568E-01
1.0627124E-07,-1.4900839E-01
1.0632124E-07,-1.4900839E-01
1.0637124E-07,-1.4906110E-01
1.0642124E-07,-1.4906110E-01
1.0647124E-07,-1.4911381E-01
1.0652124E-07,-1.4916652E-01
1.0657124E-07,-1.4921923E-01
1.0662124E-07,-1.4927194E-01
1.0667124E-07,-1.4927194E-01
1.0672124E-07,-1.4932464E-01
1.0677124E-07,-1.4937735E-01
1.0682124E-07,-1.4943006E-01
1.0687124E-07,-1.4948277E-01
1.0692124E-07,-1.4948277E-01
1.0697124E-07,-1.4953548E-01
1.0702124E-07,-1.4953548E-01
1.0707124E-07,-1.4958819E-01
1.0712124E-07,-1.4958819E-01
1.0717124E-07,-1.4958819E-01
1.0722124E-07,-1.4958819E-01
1.0727124E-07,-1.4958819E-01
1.0732124E-07,-1.4958819E-01
1.0737124E-07,-1.4953548E-01
1.0742124E-07,-1.4953548E-01
1.0747124E-07,-1.4948277E-01
1.0752124E-07,-1.4943006E-01
1.0757124E-07,-1.4937735E-01
1.0762124E-07,-1.4937735E-01
1.0767124E-07,-1.4927194E-01
1.0772124E-07,-1.4921923E-01
1.0777124E-07,-1.4916652E-01
1.0782124E-07,-1.4911381E-01
1.0787124E-07,-1.4906110E-01
1.0792124E-07,-1.4900839E-01
1.0797124E-07,-1.4895568E-01
1.0802124E-07,-1.4890297E-01
1.0807124E-07,-1.4885026E-01
1.0812124E-07,-1.4885026E-01
1.0817124E-07,-1.4879755E-01
1.0822124E-07,-1.4879755E-01
1.0827124E-07,-1.4879755E-01
1.0832124E-07,-1.4879755E-01
1.0837124E-07,-1.4879755E-01
1.0842124E-07,-1.4879755E-01
1.0847124E-07,-1.4879755E-01
1.0852124E-07,-1.4885026E-01
1.0857124E-07,-1.4890297E-01
1.0862124E-07,-1.4895568E-01
1.0867124E-07,-1.4900839E-01
1.0872124E-07,-1.4906110E-01
1.0877124E-07,-1.4911381E-01
1.0882124E-07,-1.4921923E-01
1.0887124E-07,-1.4927194E-01
1.0892124E-07,-1.4937735E-01
1.0897124E-07,-1.4943006E-01
1.0902124E-07,-1.4948277E-01
1.0907124E-07,-1.4958819E-01
1.0912124E-07,-1.4964090E-01
1.0917124E-07,-1.4969361E-01
1.0922124E-07,-1.4974632E-01
1.0927124E-07,-1.4979903E-01
1.0932124E-07,-1.4985173E-01
1.0937124E-07,-1.4985173E-01
1.0942124E-07,-1.4990444E-01
1.0947124E-07,-1.4990444E-01
1.0952124E-07,-1.4990444E-01
1.0957124E-07,-1.4985173E-01
1.0962124E-07,-1.4985173E-01
1.0967124E-07,-1.4979903E-01
1.0972124E-07,-1.4979903E-01
1.0977124E-07,-1.4974632E-01
1.0982124E-07,-1.4969361E-01
1.0987124E-07,-1.4964090E-01
1.0992124E-07,-1.4953548E-01
1.0997124E-07,-1.4948277E-01
1.1002124E-07,-1.4943006E-01
1.1007124E-07,-1.4932464E-01
1.1012124E-07,-1.4927194E-01
1.1017124E-07,-1.4916652E-01
1.1022124E-07,-1.4911381E-01
1.1027124E-07,-1.4906110E-01
1.1032124E-07,-1.4900839E-01
1.1037124E-07,-1.4895568E-01
1.1042124E-07,-1.4890297E-01
1.1047124E-07,-1.4885026E-01
1.1052124E-07,-1.4879755E-01
1.1057124E-07,-1.4879755E-01
1.1062124E-07,-1.4874485E-01
1.1067124E-07,-1.4874485E-01
1.1072124E-07,-1.4874485E-01
1.1077124E-07,-1.4874485E-01
1.1082124E-07,-1.4874485E-01
1.1087124E-07,-1.4879755E-01
1.1092124E-07,-1.4879755E-01
1.1097124E-07,-1.4879755E-01
1.1102124E-07,-1.4885026E-01
1.1107124E-07,-1.4890297E-01
1.1112124E-07,-1.4890297E-01
1.1117124E-07,-1.4895568E-01
1.1122124E-07,-1.4895568E-01
1.1127124E-07,-1.4900839E-01
1.1132124E-07,-1.4906110E-01
1.1137124E-07,-1.4906110E-01
1.1142124E-07,-1.4911381E-01
1.1147124E-07,-1.4911381E-01
1.1152124E-07,-1.4911381E-01
1.1157124E-07,-1.4911381E-01
1.1162124E-07,-1.4911381E-01
1.1167124E-07,-1.4911381E-01
1.1172124E-07,-1.4911381E-01
1.1177124E-07,-1.4911381E-01
1.1182124E-07,-1.4911381E-01
1.1187124E-07,-1.4906110E-01
1.1192124E-07,-1.4906110E-01
1.1197124E-07,-1.4900839E-01
1.1202124E-07,-1.4895568E-01
1.1207124E-07,-1.4895568E-01
1.1212124E-07,-1.4890297E-01
1.1217124E-07,-1.4885026E-01
1.1222124E-07,-1.4879755E-01
1.1227124E-07,-1.4879755E-01
1.1232124E-07,-1.4874485E-01
1.1237124E-07,-1.4874485E-01
1.1242124E-07,-1.4869214E-01
1.1247124E-07,-1.4869214E-01
1.1252124E-07,-1.4863943E-01
1.1257124E-07,-1.4863943E-01
1.1262124E-07,-1.4863943E-01
1.1267124E-07,-1.4863943E-01
1.1272124E-07,-1.4863943E-01
1.1277124E-07,-1.4863943E-01
1.1282124E-07,-1.4863943E-01
1.1287124E-07,-1.4869214E-01
1.1292124E-07,-1.4869214E-01
1.1297124E-07,-1.4874485E-01
1.1302124E-07,-1.4874485E-01
1.1307124E-07,-1.4879755E-01
1.1312124E-07,-1.4885026E-01
1.1317124E-07,-1.4890297E-01
1.1322124E-07,-1.4890297E-01
1.1327124E-07,-1.4895568E-01
1.1332124E-07,-1.4900839E-01
1.1337124E-07,-1.4906110E-01
1.1342124E-07,-1.4906110E-01
1.1347124E-07,-1.4911381E-01
1.1352124E-07,-1.4911381E-01
1.1357124E-07,-1.4916652E-01
1.1362124E-07,-1.4916652E-01
1.1367124E-07,-1.4916652E-01
1.1372124E-07,-1.4921923E-01
1.1377124E-07,-1.4921923E-01
1.1382124E-07,-1.4921923E-01
1.1387124E-07,-1.4921923E-01
1.1392124E-07,-1.4921923E-01
1.1397124E-07,-1.4921923E-01
1.1402124E-07,-1.4916652E-01
1.1407124E-07,-1.4916652E-01
1.1412124E-07,-1.4916652E-01
1.1417124E-07,-1.4911381E-01
1.1422124E-07,-1.4911381E-01
1.1427124E-07,-1.4911381E-01
1.1432124E-07,-1.4911381E-01
1.1437124E-07,-1.4906110E-01
1.1442124E-07,-1.4906110E-01
1.1447124E-07,-1.4906110E-01
1.1452124E-07,-1.4906110E-01
1.1457124E-07,-1.4906110E-01
1.1462124E-07,-1.4906110E-01
1.1467124E-07,-1.4906110E-01
1.1472124E-07,-1.4911381E-01
1.1477124E-07,-1.4911381E-01
1.1482124E-07,-1.4911381E-01
1.1487124E-07,-1.4916652E-01
1.1492124E-07,-1.4916652E-01
1.1497124E-07,-1.4921923E-01
1.1502124E-07,-1.4921923E-01
1.1507124E-07,-1.4927194E-01
1.1512124E-07,-1.4927194E-01
1.1517124E-07,-1.4932464E-01
1.1522124E-07,-1.4937735E-01
1.1527124E-07,-1.4937735E-01
1.1532124E-07,-1.4943006E-01
1.1537124E-07,-1.4943006E-01
1.1542124E-07,-1.4943006E-01
1.1547124E-07,-1.4943006E-01
1.1552124E-07,-1.4948277E-01
1.1557124E-07,-1.4948277E-01
1.1562124E-07,-1.4948277E-01
1.1567124E-07,-1.4943006E-01
1.1572124E-07,-1.4943006E-01
1.1577124E-07,-1.4943006E-01
1.1582124E-07,-1.4937735E-01
1.1587124E-07,-1.4937735E-01
1.1592124E-07,-1.4932464E-01
1.1597124E-07,-1.4927194E-01
1.1602124E-07,-1.4921923E-01
1.1607124E-07,-1.4921923E-01
1.1612124E-07,-1.4916652E-01
1.1617124E-07,-1.4911381E-01
1.1622124E-07,-1.4906110E-01
1.1627124E-07,-1.4900839E-01
1.1632124E-07,-1.4900839E-01
1.1637124E-07,-1.4895568E-01
1.1642124E-07,-1.4890297E-01
1.1647124E-07,-1.4890297E-01
1.1652124E-07,-1.4885026E-01
1.1657124E-07,-1.4885026E-01
1.1662124E-07,-1.4885026E-01
1.1667124E-07,-1.4885026E-01
1.1672124E-07,-1.4885026E-01
1.1677124E-07,-1.4885026E-01
1.1682124E-07,-1.4885026E-01
1.1687124E-07,-1.4890297E-01
1.1692124E-07,-1.4890297E-01
1.1697124E-07,-1.4895568E-01
1.1702124E-07,-1.4900839E-01
1.1707124E-07,-1.4900839E-01
1.1712124E-07,-1.4906110E-01
1.1717124E-07,-1.4911381E-01
1.1722124E-07,-1.4916652E-01
1.1727124E-07,-1.4921923E-01
1.1732124E-07,-1.4927194E-01
1.1737124E-07,-1.4932464E-01
1.1742124E-07,-1.4937735E-01
1.1747124E-07,-1.4943006E-01
1.1752124E-07,-1.4948277E-01
1.1757124E-07,-1.4948277E-01
1.1762124E-07,-1.4953548E-01
1.1767124E-07,-1.4953548E-01
1.1772124E-07,-1.4958819E-01
1.1777124E-07,-1.4958819E-01
1.1782124E-07,-1.4958819E-01
1.1787124E-07,-1.4958819E-01
1.1792124E-07,-1.4958819E-01
1.1797124E-07,-1.4958819E-01
1.1802124E-07,-1.4958819E-01
1.1807124E-07,-1.4953548E-01
1.1812124E-07,-1.4953548E-01
1.1817124E-07,-1.4953548E-01
1.1822124E-07,-1.4948277E-01
1.1827124E-07,-1.4948277E-01
1.1832124E-07,-1.4943006E-01
1.1837124E-07,-1.4943006E-01
1.1842124E-07,-1.4937735E-01
1.1847124E-07,-1.4937735E-01
1.1852124E-07,-1.4937735E-01
1.1857124E-07,-1.4937735E-01
1.1862124E-07,-1.4937735E-01
1.1867124E-07,-1.4937735E-01
1.1872124E-07,-1.4937735E-01
1.1877124E-07,-1.4937735E-01
1.1882124E-07,-1.4943006E-01
1.1887124E-07,-1.4948277E-01
1.1892124E-07,-1.4948277E-01
1.1897124E-07,-1.4953548E-01
1.1902124E-07,-1.4958819E-01
1.1907124E-07,-1.4964090E-01
1.1912124E-07,-1.4969361E-01
1.1917124E-07,-1.4974632E-01
1.1922124E-07,-1.4985173E-01
1.1927124E-07,-1.4990444E-01
1.1932124E-07,-1.4995715E-01
1.1937124E-07,-1.5000986E-01
1.1942124E-07,-1.5006257E-01
1.1947124E-07,-1.5011528E-01
1.1952124E-07,-1.5016799E-01
1.1957124E-07,-1.5022070E-01
1.1962124E-07,-1.5027341E-01
1.1967124E-07,-1.5027341E-01
1.1972124E-07,-1.5027341E-01
1.1977124E-07,-1.5032612E-01
1.1982124E-07,-1.5032612E-01
1.1987124E-07,-1.5032612E-01
1.1992124E-07,-1.5027341E-01
1.1997124E-07,-1.5027341E-01
1.2002124E-07,-1.5022070E-01
1.2007124E-07,-1.5016799E-01
1.2012124E-07,-1.5011528E-01
1.2017124E-07,-1.5006257E-01
1.2022124E-07,-1.5000986E-01
1.2027124E-07,-1.4990444E-01
1.2032124E-07,-1.4985173E-01
1.2037124E-07,-1.4974632E-01
1.2042124E-07,-1.4969361E-01
1.2047124E-07,-1.4958819E-01
1.2052124E-07,-1.4948277E-01
1.2057124E-07,-1.4943006E-01
1.2062124E-07,-1.4932464E-01
1.2067124E-07,-1.4927194E-01
1.2072124E-07,-1.4916652E-01
1.2077124E-07,-1.4911381E-01
1.2082124E-07,-1.4906110E-01
1.2087124E-07,-1.4900839E-01
1.2092124E-07,-1.4895568E-01
1.2097124E-07,-1.4895568E-01
1.2102124E-07,-1.4890297E-01
1.2107124E-07,-1.4890297E-01
1.2112124E-07,-1.4885026E-01
1.2117124E-07,-1.4885026E-01
1.2122124E-07,-1.4890297E-01
1.2127124E-07,-1.4890297E-01
1.2132124E-07,-1.4890297E-01
1.2137124E-07,-1.4895568E-01
1.2142124E-07,-1.4895568E-01
1.2147124E-07,-1.4900839E-01
1.2152124E-07,-1.4906110E-01
1.2157124E-07,-1.4906110E-01
1.2162124E-07,-1.4911381E-01
1.2167124E-07,-1.4916652E-01
1.2172124E-07,-1.4921923E-01
1.2177124E-07,-1.4921923E-01
1.2182124E-07,-1.4927194E-01
1.2187124E-07,-1.4932464E-01
1.2192124E-07,-1.4932464E-01
1.2197124E-07,-1.4932464E-01
1.2202124E-07,-1.4937735E-01
1.2207124E-07,-1.4937735E-01
1.2212124E-07,-1.4937735E-01
1.2217124E-07,-1.4937735E-01
1.2222124E-07,-1.4937735E-01
1.2227124E-07,-1.4932464E-01
1.2232124E-07,-1.4932464E-01
1.2237124E-07,-1.4932464E-01
1.2242124E-07,-1.4927194E-01
1.2247124E-07,-1.4921923E-01
1.2252124E-07,-1.4921923E-01
1.2257124E-07,-1.4916652E-01
1.2262124E-07,-1.4911381E-01
1.2267124E-07,-1.4906110E-01
1.2272124E-07,-1.4900839E-01
1.2277124E-07,-1.4900839E-01
1.2282124E-07,-1.4895568E-01
1.2287124E-07,-1.4890297E-01
1.2292124E-07,-1.4885026E-01
1.2297124E-07,-1.4885026E-01
1.2302124E-07,-1.4879755E-01
1.2307124E-07,-1.4879755E-01
1.2312124E-07,-1.4874485E-01
1.2317124E-07,-1.4874485E-01
1.2322124E-07,-1.4874485E-01
1.2327124E-07,-1.4874485E-01
1.2332124E-07,-1.4874485E-01
1.2337124E-07,-1.4874485E-01
1.2342124E-07,-1.4874485E-01
1.2347124E-07,-1.4879755E-01
1.2352124E-07,-1.4879755E-01
1.2357124E-07,-1.4879755E-01
1.2362124E-07,-1.4885026E-01
1.2367124E-07,-1.4885026E-01
1.2372124E-07,-1.4890297E-01
1.2377124E-07,-1.4890297E-01
1.2382124E-07,-1.4895568E-01
1.2387124E-07,-1.4895568E-01
1.2392124E-07,-1.4900839E-01
1.2397124E-07,-1.4900839E-01
1.2402124E-07,-1.4906110E-01
1.2407124E-07,-1.4906110E-01
1.2412124E-07,-1.4911381E-01
1.2417124E-07,-1.4911381E-01
1.2422124E-07,-1.4911381E-01
1.2427124E-07,-1.4916652E-01
1.2432124E-07,-1.4916652E-01
1.2437124E-07,-1.4916652E-01
1.2442124E-07,-1.4916652E-01
1.2447124E-07,-1.4916652E-01
1.2452124E-07,-1.4916652E-01
1.2457124E-07,-1.4916652E-01
1.2462124E-07,-1.4916652E-01
1.2467124E-07,-1.4916652E-01
1.2472124E-07,-1.4916652E-01
1.2477124E-07,-1.4916652E-01
1.2482124E-07,-1.4916652E-01
1.2487124E-07,-1.4916652E-01
1.2492124E-07,-1.4911381E-01
1.2497124E-07,-1.4911381E-01
1.2502124E-07,-1.4911381E-01
1.2507124E-07,-1.4911381E-01
1.2512124E-07,-1.4911381E-01
1.2517124E-07,-1.4911381E-01
1.2522124E-07,-1.4911381E-01
1.2527124E-07,-1.4911381E-01
1.2532124E-07,-1.4911381E-01
1.2537124E-07,-1.4911381E-01
1.2542124E-07,-1.4911381E-01
1.2547124E-07,-1.4911381E-01
1.2552124E-07,-1.4911381E-01
1.2557124E-07,-1.4911381E-01
1.2562124E-07,-1.4911381E-01
1.2567124E-07,-1.4911381E-01
1.2572124E-07,-1.4911381E-01
1.2577124E-07,-1.4911381E-01
1.2582124E-07,-1.4911381E-01
1.2587124E-07,-1.4911381E-01
1.2592124E-07,-1.4911381E-01
1.2597124E-07,-1.4911381E-01
1.2602124E-07,-1.4906110E-01
1.2607124E-07,-1.4906110E-01
1.2612124E-07,-1.4906110E-01
1.2617124E-07,-1.4906110E-01
1.2622124E-07,-1.4906110E-01
1.2627124E-07,-1.4900839E-01
1.2632124E-07,-1.4900839E-01
1.2637124E-07,-1.4900839E-01
1.2642124E-07,-1.4895568E-01
1.2647124E-07,-1.4895568E-01
1.2652124E-07,-1.4895568E-01
1.2657124E-07,-1.4890297E-01
1.2662124E-07,-1.4890297E-01
1.2667124E-07,-1.4890297E-01
1.2672124E-07,-1.4885026E-01
1.2677124E-07,-1.4885026E-01
1.2682124E-07,-1.4885026E-01
1.2687124E-07,-1.4885026E-01
1.2692124E-07,-1.4885026E-01
1.2697124E-07,-1.4885026E-01
1.2702124E-07,-1.4885026E-01
1.2707124E-07,-1.4885026E-01
1.2712124E-07,-1.4885026E-01
1.2717124E-07,-1.4885026E-01
1.2722124E-07,-1.4885026E-01
1.2727124E-07,-1.4885026E-01
1.2732124E-07,-1.4885026E-01
1.2737124E-07,-1.4890297E-01
1.2742124E-07,-1.4890297E-01
1.2747124E-07,-1.4890297E-01
1.2752124E-07,-1.4895568E-01
1.2757124E-07,-1.4895568E-01
1.2762124E-07,-1.4900839E-01
1.2767124E-07,-1.4900839E-01
1.2772124E-07,-1.4906110E-01
1.2777124E-07,-1.4906110E-01
1.2782124E-07,-1.4906110E-01
1.2787124E-07,-1.4911381E-01
1.2792124E-07,-1.4911381E-01
1.2797124E-07,-1.4916652E-01
1.2802124E-07,-1.4916652E-01
1.2807124E-07,-1.4916652E-01
1.2812124E-07,-1.4916652E-01
1.2817124E-07,-1.4916652E-01
1.2822124E-07,-1.4921923E-01
1.2827124E-07,-1.4921923E-01
1.2832124E-07,-1.4921923E-01
1.2837124E-07,-1.4921923E-01
1.2842124E-07,-1.4921923E-01
1.2847124E-07,-1.4916652E-01
1.2852124E-07,-1.4916652E-01
1.2857124E-07,-1.4916652E-01
1.2862124E-07,-1.4916652E-01
1.2867124E-07,-1.4916652E-01
1.2872124E-07,-1.4911381E-01
