-7.141283E-08,-1.4895568E-01
-7.136283E-08,-1.4895568E-01
-7.131283E-08,-1.4890297E-01
-7.126283E-08,-1.4890297E-01
-7.121283E-08,-1.4890297E-01
-7.116283E-08,-1.4890297E-01
-7.111283E-08,-1.4890297E-01
-7.106283E-08,-1.4890297E-01
-7.101283E-08,-1.4890297E-01
-7.096283E-08,-1.4890297E-01
-7.091283E-08,-1.4890297E-01
-7.086283E-08,-1.4895568E-01
-7.081283E-08,-1.4895568E-01
-7.076283E-08,-1.4895568E-01
-7.071283E-08,-1.4900839E-01
-7.066283E-08,-1.4900839E-01
-7.061283E-08,-1.4906110E-01
-7.056283E-08,-1.4906110E-01
-7.051283E-08,-1.4911381E-01
-7.046283E-08,-1.4911381E-01
-7.041283E-08,-1.4916652E-01
-7.036283E-08,-1.4916652E-01
-7.031283E-08,-1.4921923E-01
-7.026283E-08,-1.4921923E-01
-7.021283E-08,-1.4927194E-01
-7.016283E-08,-1.4927194E-01
-7.011283E-08,-1.4927194E-01
-7.006283E-08,-1.4927194E-01
-7.001283E-08,-1.4927194E-01
-6.996283E-08,-1.4927194E-01
-6.991283E-08,-1.4927194E-01
-6.986283E-08,-1.4927194E-01
-6.981283E-08,-1.4927194E-01
-6.976283E-08,-1.4921923E-01
-6.971283E-08,-1.4921923E-01
-6.966283E-08,-1.4916652E-01
-6.961283E-08,-1.4911381E-01
-6.956283E-08,-1.4906110E-01
-6.951283E-08,-1.4900839E-01
-6.946283E-08,-1.4895568E-01
-6.941283E-08,-1.4890297E-01
-6.936283E-08,-1.4885026E-01
-6.931283E-08,-1.4879755E-01
-6.926283E-08,-1.4874485E-01
-6.921283E-08,-1.4869214E-01
-6.916283E-08,-1.4863943E-01
-6.911283E-08,-1.4858672E-01
-6.906283E-08,-1.4853401E-01
-6.901283E-08,-1.4848130E-01
-6.896283E-08,-1.4842859E-01
-6.891283E-08,-1.4837588E-01
-6.886283E-08,-1.4832317E-01
-6.881283E-08,-1.4832317E-01
-6.876283E-08,-1.4827046E-01
-6.871283E-08,-1.4827046E-01
-6.866283E-08,-1.4821776E-01
-6.861283E-08,-1.4821776E-01
-6.856283E-08,-1.4821776E-01
-6.851283E-08,-1.4821776E-01
-6.846283E-08,-1.4821776E-01
-6.841283E-08,-1.4827046E-01
-6.836283E-08,-1.4827046E-01
-6.831283E-08,-1.4827046E-01
-6.826283E-08,-1.4832317E-01
-6.821283E-08,-1.4832317E-01
-6.816283E-08,-1.4837588E-01
-6.811283E-08,-1.4842859E-01
-6.806283E-08,-1.4842859E-01
-6.801283E-08,-1.4848130E-01
-6.796283E-08,-1.4853401E-01
-6.791283E-08,-1.4853401E-01
-6.786283E-08,-1.4858672E-01
-6.781283E-08,-1.4863943E-01
-6.776283E-08,-1.4863943E-01
-6.771283E-08,-1.4869214E-01
-6.766283E-08,-1.4869214E-01
-6.761283E-08,-1.4874485E-01
-6.756283E-08,-1.4874485E-01
-6.751283E-08,-1.4874485E-01
-6.746283E-08,-1.4874485E-01
-6.741283E-08,-1.4879755E-01
-6.736283E-08,-1.4879755E-01
-6.731283E-08,-1.4879755E-01
-6.726283E-08,-1.4874485E-01
-6.721283E-08,-1.4874485E-01
-6.716283E-08,-1.4874485E-01
-6.711283E-08,-1.4874485E-01
-6.706283E-08,-1.4874485E-01
-6.701283E-08,-1.4869214E-01
-6.696283E-08,-1.4869214E-01
-6.691283E-08,-1.4863943E-01
-6.686283E-08,-1.4863943E-01
-6.681283E-08,-1.4863943E-01
-6.676283E-08,-1.4858672E-01
-6.671283E-08,-1.4858672E-01
-6.666283E-08,-1.4853401E-01
-6.661283E-08,-1.4853401E-01
-6.656283E-08,-1.4853401E-01
-6.651283E-08,-1.4853401E-01
-6.646283E-08,-1.4853401E-01
-6.641283E-08,-1.4848130E-01
-6.636283E-08,-1.4848130E-01
-6.631283E-08,-1.4848130E-01
-6.626283E-08,-1.4853401E-01
-6.621283E-08,-1.4853401E-01
-6.616283E-08,-1.4853401E-01
-6.611283E-08,-1.4853401E-01
-6.606283E-08,-1.4858672E-01
-6.601283E-08,-1.4858672E-01
-6.596283E-08,-1.4863943E-01
-6.591283E-08,-1.4863943E-01
-6.586283E-08,-1.4869214E-01
-6.581283E-08,-1.4874485E-01
-6.576283E-08,-1.4879755E-01
-6.571283E-08,-1.4879755E-01
-6.566283E-08,-1.4885026E-01
-6.561283E-08,-1.4890297E-01
-6.556283E-08,-1.4895568E-01
-6.551283E-08,-1.4900839E-01
-6.546283E-08,-1.4906110E-01
-6.541283E-08,-1.4911381E-01
-6.536283E-08,-1.4911381E-01
-6.531283E-08,-1.4916652E-01
-6.526283E-08,-1.4921923E-01
-6.521283E-08,-1.4927194E-01
-6.516283E-08,-1.4927194E-01
-6.511283E-08,-1.4932464E-01
-6.506283E-08,-1.4932464E-01
-6.501283E-08,-1.4937735E-01
-6.496283E-08,-1.4937735E-01
-6.491283E-08,-1.4937735E-01
-6.486283E-08,-1.4943006E-01
-6.481283E-08,-1.4943006E-01
-6.476283E-08,-1.4943006E-01
-6.471283E-08,-1.4943006E-01
-6.466283E-08,-1.4937735E-01
-6.461283E-08,-1.4937735E-01
-6.456283E-08,-1.4937735E-01
-6.451283E-08,-1.4937735E-01
-6.446283E-08,-1.4932464E-01
-6.441283E-08,-1.4932464E-01
-6.436283E-08,-1.4927194E-01
-6.431283E-08,-1.4921923E-01
-6.426283E-08,-1.4921923E-01
-6.421283E-08,-1.4916652E-01
-6.416283E-08,-1.4911381E-01
-6.411283E-08,-1.4911381E-01
-6.406283E-08,-1.4906110E-01
-6.401283E-08,-1.4900839E-01
-6.396283E-08,-1.4895568E-01
-6.391283E-08,-1.4895568E-01
-6.386283E-08,-1.4890297E-01
-6.381283E-08,-1.4885026E-01
-6.376283E-08,-1.4885026E-01
-6.371283E-08,-1.4879755E-01
-6.366283E-08,-1.4874485E-01
-6.361283E-08,-1.4874485E-01
-6.356283E-08,-1.4869214E-01
-6.351283E-08,-1.4869214E-01
-6.346283E-08,-1.4869214E-01
-6.341283E-08,-1.4863943E-01
-6.336283E-08,-1.4863943E-01
-6.331283E-08,-1.4863943E-01
-6.326283E-08,-1.4863943E-01
-6.321283E-08,-1.4858672E-01
-6.316283E-08,-1.4858672E-01
-6.311283E-08,-1.4858672E-01
-6.306283E-08,-1.4863943E-01
-6.301283E-08,-1.4863943E-01
-6.296283E-08,-1.4863943E-01
-6.291283E-08,-1.4863943E-01
-6.286283E-08,-1.4863943E-01
-6.281283E-08,-1.4863943E-01
-6.276283E-08,-1.4869214E-01
-6.271283E-08,-1.4869214E-01
-6.266283E-08,-1.4869214E-01
-6.261283E-08,-1.4869214E-01
-6.256283E-08,-1.4874485E-01
-6.251283E-08,-1.4874485E-01
-6.246283E-08,-1.4874485E-01
-6.241283E-08,-1.4874485E-01
-6.236283E-08,-1.4879755E-01
-6.231283E-08,-1.4879755E-01
-6.226283E-08,-1.4879755E-01
-6.221283E-08,-1.4879755E-01
-6.216283E-08,-1.4879755E-01
-6.211283E-08,-1.4885026E-01
-6.206283E-08,-1.4885026E-01
-6.201283E-08,-1.4885026E-01
-6.196283E-08,-1.4885026E-01
-6.191283E-08,-1.4885026E-01
-6.186283E-08,-1.4885026E-01
-6.181283E-08,-1.4885026E-01
-6.176283E-08,-1.4885026E-01
-6.171283E-08,-1.4885026E-01
-6.166283E-08,-1.4885026E-01
-6.161283E-08,-1.4885026E-01
-6.156283E-08,-1.4885026E-01
-6.151283E-08,-1.4885026E-01
-6.146283E-08,-1.4885026E-01
-6.141283E-08,-1.4885026E-01
-6.136283E-08,-1.4885026E-01
-6.131283E-08,-1.4885026E-01
-6.126283E-08,-1.4885026E-01
-6.121283E-08,-1.4885026E-01
-6.116283E-08,-1.4885026E-01
-6.111283E-08,-1.4890297E-01
-6.106283E-08,-1.4890297E-01
-6.101283E-08,-1.4890297E-01
-6.096283E-08,-1.4890297E-01
-6.091283E-08,-1.4890297E-01
-6.086283E-08,-1.4890297E-01
-6.081283E-08,-1.4890297E-01
-6.076283E-08,-1.4890297E-01
-6.071283E-08,-1.4890297E-01
-6.066283E-08,-1.4890297E-01
-6.061283E-08,-1.4890297E-01
-6.056283E-08,-1.4890297E-01
-6.051283E-08,-1.4890297E-01
-6.046283E-08,-1.4890297E-01
-6.041283E-08,-1.4890297E-01
-6.036283E-08,-1.4895568E-01
-6.031283E-08,-1.4895568E-01
-6.026283E-08,-1.4895568E-01
-6.021283E-08,-1.4895568E-01
-6.016283E-08,-1.4895568E-01
-6.011283E-08,-1.4900839E-01
-6.006283E-08,-1.4900839E-01
-6.001283E-08,-1.4900839E-01
-5.996283E-08,-1.4906110E-01
-5.991283E-08,-1.4906110E-01
-5.986283E-08,-1.4906110E-01
-5.981283E-08,-1.4911381E-01
-5.976283E-08,-1.4911381E-01
-5.971283E-08,-1.4916652E-01
-5.966283E-08,-1.4916652E-01
-5.961283E-08,-1.4921923E-01
-5.956283E-08,-1.4921923E-01
-5.951283E-08,-1.4927194E-01
-5.946283E-08,-1.4927194E-01
-5.941283E-08,-1.4932464E-01
-5.936283E-08,-1.4932464E-01
-5.931283E-08,-1.4932464E-01
-5.926283E-08,-1.4937735E-01
-5.921283E-08,-1.4937735E-01
-5.916283E-08,-1.4937735E-01
-5.911283E-08,-1.4937735E-01
-5.906283E-08,-1.4937735E-01
-5.901283E-08,-1.4937735E-01
-5.896283E-08,-1.4937735E-01
-5.891283E-08,-1.4937735E-01
-5.886283E-08,-1.4937735E-01
-5.881283E-08,-1.4932464E-01
-5.876283E-08,-1.4932464E-01
-5.871283E-08,-1.4927194E-01
-5.866283E-08,-1.4927194E-01
-5.861283E-08,-1.4921923E-01
-5.856283E-08,-1.4916652E-01
-5.851283E-08,-1.4911381E-01
-5.846283E-08,-1.4906110E-01
-5.841283E-08,-1.4900839E-01
-5.836283E-08,-1.4895568E-01
-5.831283E-08,-1.4885026E-01
-5.826283E-08,-1.4879755E-01
-5.821283E-08,-1.4874485E-01
-5.816283E-08,-1.4863943E-01
-5.811283E-08,-1.4858672E-01
-5.806283E-08,-1.4853401E-01
-5.801283E-08,-1.4848130E-01
-5.796283E-08,-1.4842859E-01
-5.791283E-08,-1.4832317E-01
-5.786283E-08,-1.4832317E-01
-5.781283E-08,-1.4827046E-01
-5.776283E-08,-1.4821776E-01
-5.771283E-08,-1.4816505E-01
-5.766283E-08,-1.4816505E-01
-5.761283E-08,-1.4811234E-01
-5.756283E-08,-1.4811234E-01
-5.751283E-08,-1.4811234E-01
-5.746283E-08,-1.4811234E-01
-5.741283E-08,-1.4811234E-01
-5.736283E-08,-1.4816505E-01
-5.731283E-08,-1.4816505E-01
-5.726283E-08,-1.4821776E-01
-5.721283E-08,-1.4821776E-01
-5.716283E-08,-1.4827046E-01
-5.711283E-08,-1.4832317E-01
-5.706283E-08,-1.4837588E-01
-5.701283E-08,-1.4842859E-01
-5.696283E-08,-1.4848130E-01
-5.691283E-08,-1.4853401E-01
-5.686283E-08,-1.4858672E-01
-5.681283E-08,-1.4863943E-01
-5.676283E-08,-1.4863943E-01
-5.671283E-08,-1.4869214E-01
-5.666283E-08,-1.4874485E-01
-5.661283E-08,-1.4879755E-01
-5.656283E-08,-1.4879755E-01
-5.651283E-08,-1.4885026E-01
-5.646283E-08,-1.4885026E-01
-5.641283E-08,-1.4890297E-01
-5.636283E-08,-1.4890297E-01
-5.631283E-08,-1.4890297E-01
-5.626283E-08,-1.4890297E-01
-5.621283E-08,-1.4890297E-01
-5.616283E-08,-1.4890297E-01
-5.611283E-08,-1.4890297E-01
-5.606283E-08,-1.4890297E-01
-5.601283E-08,-1.4885026E-01
-5.596283E-08,-1.4885026E-01
-5.591283E-08,-1.4879755E-01
-5.586283E-08,-1.4879755E-01
-5.581283E-08,-1.4879755E-01
-5.576283E-08,-1.4874485E-01
-5.571283E-08,-1.4874485E-01
-5.566283E-08,-1.4869214E-01
-5.561283E-08,-1.4869214E-01
-5.556283E-08,-1.4869214E-01
-5.551283E-08,-1.4869214E-01
-5.546283E-08,-1.4869214E-01
-5.541283E-08,-1.4869214E-01
-5.536283E-08,-1.4869214E-01
-5.531283E-08,-1.4869214E-01
-5.526283E-08,-1.4869214E-01
-5.521283E-08,-1.4869214E-01
-5.516283E-08,-1.4874485E-01
-5.511283E-08,-1.4874485E-01
-5.506283E-08,-1.4879755E-01
-5.501283E-08,-1.4885026E-01
-5.496283E-08,-1.4885026E-01
-5.491283E-08,-1.4890297E-01
-5.486283E-08,-1.4895568E-01
-5.481283E-08,-1.4900839E-01
-5.476283E-08,-1.4900839E-01
-5.471283E-08,-1.4906110E-01
-5.466283E-08,-1.4911381E-01
-5.461283E-08,-1.4916652E-01
-5.456283E-08,-1.4916652E-01
-5.451283E-08,-1.4921923E-01
-5.446283E-08,-1.4927194E-01
-5.441283E-08,-1.4927194E-01
-5.436283E-08,-1.4932464E-01
-5.431283E-08,-1.4932464E-01
-5.426283E-08,-1.4932464E-01
-5.421283E-08,-1.4932464E-01
-5.416283E-08,-1.4937735E-01
-5.411283E-08,-1.4937735E-01
-5.406283E-08,-1.4932464E-01
-5.401283E-08,-1.4932464E-01
-5.396283E-08,-1.4932464E-01
-5.391283E-08,-1.4927194E-01
-5.386283E-08,-1.4927194E-01
-5.381283E-08,-1.4921923E-01
-5.376283E-08,-1.4921923E-01
-5.371283E-08,-1.4916652E-01
-5.366283E-08,-1.4916652E-01
-5.361283E-08,-1.4911381E-01
-5.356283E-08,-1.4906110E-01
-5.351283E-08,-1.4906110E-01
-5.346283E-08,-1.4900839E-01
-5.341283E-08,-1.4895568E-01
-5.336283E-08,-1.4895568E-01
-5.331283E-08,-1.4890297E-01
-5.326283E-08,-1.4885026E-01
-5.321283E-08,-1.4885026E-01
-5.316283E-08,-1.4879755E-01
-5.311283E-08,-1.4879755E-01
-5.306283E-08,-1.4879755E-01
-5.301283E-08,-1.4874485E-01
-5.296283E-08,-1.4874485E-01
-5.291283E-08,-1.4874485E-01
-5.286283E-08,-1.4874485E-01
-5.281283E-08,-1.4869214E-01
-5.276283E-08,-1.4869214E-01
-5.271283E-08,-1.4869214E-01
-5.266283E-08,-1.4869214E-01
-5.261283E-08,-1.4869214E-01
-5.256283E-08,-1.4869214E-01
-5.251283E-08,-1.4869214E-01
-5.246283E-08,-1.4869214E-01
-5.241283E-08,-1.4869214E-01
-5.236283E-08,-1.4869214E-01
-5.231283E-08,-1.4869214E-01
-5.226283E-08,-1.4869214E-01
-5.221283E-08,-1.4869214E-01
-5.216283E-08,-1.4869214E-01
-5.211283E-08,-1.4869214E-01
-5.206283E-08,-1.4869214E-01
-5.201283E-08,-1.4863943E-01
-5.196283E-08,-1.4863943E-01
-5.191283E-08,-1.4863943E-01
-5.186283E-08,-1.4863943E-01
-5.181283E-08,-1.4863943E-01
-5.176283E-08,-1.4858672E-01
-5.171283E-08,-1.4858672E-01
-5.166283E-08,-1.4858672E-01
-5.161283E-08,-1.4858672E-01
-5.156283E-08,-1.4858672E-01
-5.151283E-08,-1.4858672E-01
-5.146283E-08,-1.4853401E-01
-5.141283E-08,-1.4853401E-01
-5.136283E-08,-1.4853401E-01
-5.131283E-08,-1.4853401E-01
-5.126283E-08,-1.4853401E-01
-5.121283E-08,-1.4853401E-01
-5.116283E-08,-1.4853401E-01
-5.111283E-08,-1.4853401E-01
-5.106283E-08,-1.4853401E-01
-5.101283E-08,-1.4858672E-01
-5.096283E-08,-1.4858672E-01
-5.091283E-08,-1.4858672E-01
-5.086283E-08,-1.4858672E-01
-5.081283E-08,-1.4858672E-01
-5.076283E-08,-1.4858672E-01
-5.071283E-08,-1.4863943E-01
-5.066283E-08,-1.4863943E-01
-5.061283E-08,-1.4863943E-01
-5.056283E-08,-1.4863943E-01
-5.051283E-08,-1.4869214E-01
-5.046283E-08,-1.4869214E-01
-5.041283E-08,-1.4869214E-01
-5.036283E-08,-1.4869214E-01
-5.031283E-08,-1.4869214E-01
-5.026283E-08,-1.4874485E-01
-5.021283E-08,-1.4874485E-01
-5.016283E-08,-1.4874485E-01
-5.011283E-08,-1.4874485E-01
-5.006283E-08,-1.4874485E-01
-5.001283E-08,-1.4874485E-01
-4.996283E-08,-1.4874485E-01
-4.991283E-08,-1.4874485E-01
-4.986283E-08,-1.4874485E-01
-4.981283E-08,-1.4874485E-01
-4.976283E-08,-1.4874485E-01
-4.971283E-08,-1.4874485E-01
-4.966283E-08,-1.4874485E-01
-4.961283E-08,-1.4874485E-01
-4.956283E-08,-1.4874485E-01
-4.951283E-08,-1.4874485E-01
-4.946283E-08,-1.4879755E-01
-4.941283E-08,-1.4879755E-01
-4.936283E-08,-1.4879755E-01
-4.931283E-08,-1.4879755E-01
-4.926283E-08,-1.4879755E-01
-4.921283E-08,-1.4879755E-01
-4.916283E-08,-1.4879755E-01
-4.911283E-08,-1.4879755E-01
-4.906283E-08,-1.4879755E-01
-4.901283E-08,-1.4879755E-01
-4.896283E-08,-1.4879755E-01
-4.891283E-08,-1.4879755E-01
-4.886283E-08,-1.4879755E-01
-4.881283E-08,-1.4879755E-01
-4.876283E-08,-1.4879755E-01
-4.871283E-08,-1.4879755E-01
-4.866283E-08,-1.4879755E-01
-4.861283E-08,-1.4879755E-01
-4.856283E-08,-1.4879755E-01
-4.851283E-08,-1.4879755E-01
-4.846283E-08,-1.4874485E-01
-4.841283E-08,-1.4874485E-01
-4.836283E-08,-1.4874485E-01
-4.831283E-08,-1.4869214E-01
-4.826283E-08,-1.4869214E-01
-4.821283E-08,-1.4863943E-01
-4.816283E-08,-1.4863943E-01
-4.811283E-08,-1.4858672E-01
-4.806283E-08,-1.4858672E-01
-4.801283E-08,-1.4853401E-01
-4.796283E-08,-1.4853401E-01
-4.791283E-08,-1.4848130E-01
-4.786283E-08,-1.4848130E-01
-4.781283E-08,-1.4842859E-01
-4.776283E-08,-1.4842859E-01
-4.771283E-08,-1.4837588E-01
-4.766283E-08,-1.4837588E-01
-4.761283E-08,-1.4837588E-01
-4.756283E-08,-1.4837588E-01
-4.751283E-08,-1.4837588E-01
-4.746283E-08,-1.4837588E-01
-4.741283E-08,-1.4837588E-01
-4.736283E-08,-1.4837588E-01
-4.731283E-08,-1.4837588E-01
-4.726283E-08,-1.4842859E-01
-4.721283E-08,-1.4842859E-01
-4.716283E-08,-1.4848130E-01
-4.711283E-08,-1.4848130E-01
-4.706283E-08,-1.4853401E-01
-4.701283E-08,-1.4858672E-01
-4.696283E-08,-1.4863943E-01
-4.691283E-08,-1.4869214E-01
-4.686283E-08,-1.4874485E-01
-4.681283E-08,-1.4879755E-01
-4.676283E-08,-1.4885026E-01
-4.671283E-08,-1.4890297E-01
-4.666283E-08,-1.4895568E-01
-4.661283E-08,-1.4900839E-01
-4.656283E-08,-1.4906110E-01
-4.651283E-08,-1.4911381E-01
-4.646283E-08,-1.4911381E-01
-4.641283E-08,-1.4916652E-01
-4.636283E-08,-1.4921923E-01
-4.631283E-08,-1.4927194E-01
-4.626283E-08,-1.4927194E-01
-4.621283E-08,-1.4932464E-01
-4.616283E-08,-1.4932464E-01
-4.611283E-08,-1.4932464E-01
-4.606283E-08,-1.4932464E-01
-4.601283E-08,-1.4932464E-01
-4.596283E-08,-1.4932464E-01
-4.591283E-08,-1.4932464E-01
-4.586283E-08,-1.4932464E-01
-4.581283E-08,-1.4932464E-01
-4.576283E-08,-1.4927194E-01
-4.571283E-08,-1.4927194E-01
-4.566283E-08,-1.4927194E-01
-4.561283E-08,-1.4921923E-01
-4.556283E-08,-1.4921923E-01
-4.551283E-08,-1.4916652E-01
-4.546283E-08,-1.4916652E-01
-4.541283E-08,-1.4916652E-01
-4.536283E-08,-1.4911381E-01
-4.531283E-08,-1.4911381E-01
-4.526283E-08,-1.4911381E-01
-4.521283E-08,-1.4911381E-01
-4.516283E-08,-1.4911381E-01
-4.511283E-08,-1.4911381E-01
-4.506283E-08,-1.4911381E-01
-4.501283E-08,-1.4911381E-01
-4.496283E-08,-1.4916652E-01
-4.491283E-08,-1.4916652E-01
-4.486283E-08,-1.4921923E-01
-4.481283E-08,-1.4921923E-01
-4.476283E-08,-1.4927194E-01
-4.471283E-08,-1.4932464E-01
-4.466283E-08,-1.4937735E-01
-4.461283E-08,-1.4937735E-01
-4.456283E-08,-1.4943006E-01
-4.451283E-08,-1.4948277E-01
-4.446283E-08,-1.4953548E-01
-4.441283E-08,-1.4958819E-01
-4.436283E-08,-1.4964090E-01
-4.431283E-08,-1.4969361E-01
-4.426283E-08,-1.4974632E-01
-4.421283E-08,-1.4979903E-01
-4.416283E-08,-1.4979903E-01
-4.411283E-08,-1.4985173E-01
-4.406283E-08,-1.4985173E-01
-4.401283E-08,-1.4990444E-01
-4.396283E-08,-1.4990444E-01
-4.391283E-08,-1.4990444E-01
-4.386283E-08,-1.4990444E-01
-4.381283E-08,-1.4990444E-01
-4.376283E-08,-1.4985173E-01
-4.371283E-08,-1.4985173E-01
-4.366283E-08,-1.4979903E-01
-4.361283E-08,-1.4979903E-01
-4.356283E-08,-1.4974632E-01
-4.351283E-08,-1.4969361E-01
-4.346283E-08,-1.4964090E-01
-4.341283E-08,-1.4958819E-01
-4.336283E-08,-1.4953548E-01
-4.331283E-08,-1.4948277E-01
-4.326283E-08,-1.4937735E-01
-4.321283E-08,-1.4932464E-01
-4.316283E-08,-1.4927194E-01
-4.311283E-08,-1.4916652E-01
-4.306283E-08,-1.4911381E-01
-4.301283E-08,-1.4906110E-01
-4.296283E-08,-1.4900839E-01
-4.291283E-08,-1.4895568E-01
-4.286283E-08,-1.4890297E-01
-4.281283E-08,-1.4885026E-01
-4.276283E-08,-1.4879755E-01
-4.271283E-08,-1.4874485E-01
-4.266283E-08,-1.4874485E-01
-4.261283E-08,-1.4869214E-01
-4.256283E-08,-1.4869214E-01
-4.251283E-08,-1.4869214E-01
-4.246283E-08,-1.4863943E-01
-4.241283E-08,-1.4863943E-01
-4.236283E-08,-1.4863943E-01
-4.231283E-08,-1.4869214E-01
-4.226283E-08,-1.4869214E-01
-4.221283E-08,-1.4869214E-01
-4.216283E-08,-1.4869214E-01
-4.211283E-08,-1.4874485E-01
-4.206283E-08,-1.4874485E-01
-4.201283E-08,-1.4879755E-01
-4.196283E-08,-1.4885026E-01
-4.191283E-08,-1.4885026E-01
-4.186283E-08,-1.4890297E-01
-4.181283E-08,-1.4890297E-01
-4.176283E-08,-1.4895568E-01
-4.171283E-08,-1.4900839E-01
-4.166283E-08,-1.4900839E-01
-4.161283E-08,-1.4906110E-01
-4.156283E-08,-1.4906110E-01
-4.151283E-08,-1.4911381E-01
-4.146283E-08,-1.4911381E-01
-4.141283E-08,-1.4916652E-01
-4.136283E-08,-1.4916652E-01
-4.131283E-08,-1.4916652E-01
-4.126283E-08,-1.4921923E-01
-4.121283E-08,-1.4921923E-01
-4.116283E-08,-1.4921923E-01
-4.111283E-08,-1.4921923E-01
-4.106283E-08,-1.4921923E-01
-4.101283E-08,-1.4921923E-01
-4.096283E-08,-1.4921923E-01
-4.091283E-08,-1.4921923E-01
-4.086283E-08,-1.4921923E-01
-4.081283E-08,-1.4921923E-01
-4.076283E-08,-1.4921923E-01
-4.071283E-08,-1.4921923E-01
-4.066283E-08,-1.4921923E-01
-4.061283E-08,-1.4916652E-01
-4.056283E-08,-1.4916652E-01
-4.051283E-08,-1.4916652E-01
-4.046283E-08,-1.4916652E-01
-4.041283E-08,-1.4911381E-01
-4.036283E-08,-1.4911381E-01
-4.031283E-08,-1.4911381E-01
-4.026283E-08,-1.4906110E-01
-4.021283E-08,-1.4906110E-01
-4.016283E-08,-1.4906110E-01
-4.011283E-08,-1.4900839E-01
-4.006283E-08,-1.4900839E-01
-4.001283E-08,-1.4895568E-01
-3.996283E-08,-1.4895568E-01
-3.991283E-08,-1.4890297E-01
-3.986283E-08,-1.4890297E-01
-3.981283E-08,-1.4885026E-01
-3.976283E-08,-1.4885026E-01
-3.971283E-08,-1.4879755E-01
-3.966283E-08,-1.4879755E-01
-3.961283E-08,-1.4879755E-01
-3.956283E-08,-1.4874485E-01
-3.951283E-08,-1.4874485E-01
-3.946283E-08,-1.4869214E-01
-3.941283E-08,-1.4869214E-01
-3.936283E-08,-1.4869214E-01
-3.931283E-08,-1.4863943E-01
-3.926283E-08,-1.4863943E-01
-3.921283E-08,-1.4863943E-01
-3.916283E-08,-1.4863943E-01
-3.911283E-08,-1.4863943E-01
-3.906283E-08,-1.4863943E-01
-3.901283E-08,-1.4863943E-01
-3.896283E-08,-1.4863943E-01
-3.891283E-08,-1.4863943E-01
-3.886283E-08,-1.4863943E-01
-3.881283E-08,-1.4869214E-01
-3.876283E-08,-1.4869214E-01
-3.871283E-08,-1.4874485E-01
-3.866283E-08,-1.4874485E-01
-3.861283E-08,-1.4879755E-01
-3.856283E-08,-1.4879755E-01
-3.851283E-08,-1.4885026E-01
-3.846283E-08,-1.4885026E-01
-3.841283E-08,-1.4890297E-01
-3.836283E-08,-1.4895568E-01
-3.831283E-08,-1.4895568E-01
-3.826283E-08,-1.4900839E-01
-3.821283E-08,-1.4900839E-01
-3.816283E-08,-1.4906110E-01
-3.811283E-08,-1.4911381E-01
-3.806283E-08,-1.4911381E-01
-3.801283E-08,-1.4916652E-01
-3.796283E-08,-1.4916652E-01
-3.791283E-08,-1.4916652E-01
-3.786283E-08,-1.4921923E-01
-3.781283E-08,-1.4921923E-01
-3.776283E-08,-1.4921923E-01
-3.771283E-08,-1.4921923E-01
-3.766283E-08,-1.4921923E-01
-3.761283E-08,-1.4921923E-01
-3.756283E-08,-1.4921923E-01
-3.751283E-08,-1.4921923E-01
-3.746283E-08,-1.4921923E-01
-3.741283E-08,-1.4921923E-01
-3.736283E-08,-1.4921923E-01
-3.731283E-08,-1.4921923E-01
-3.726283E-08,-1.4916652E-01
-3.721283E-08,-1.4916652E-01
-3.716283E-08,-1.4916652E-01
-3.711283E-08,-1.4916652E-01
-3.706283E-08,-1.4916652E-01
-3.701283E-08,-1.4911381E-01
-3.696283E-08,-1.4911381E-01
-3.691283E-08,-1.4911381E-01
-3.686283E-08,-1.4911381E-01
-3.681283E-08,-1.4911381E-01
-3.676283E-08,-1.4911381E-01
-3.671283E-08,-1.4911381E-01
-3.666283E-08,-1.4911381E-01
-3.661283E-08,-1.4911381E-01
-3.656283E-08,-1.4916652E-01
-3.651283E-08,-1.4916652E-01
-3.646283E-08,-1.4916652E-01
-3.641283E-08,-1.4916652E-01
-3.636283E-08,-1.4921923E-01
-3.631283E-08,-1.4921923E-01
-3.626283E-08,-1.4921923E-01
-3.621283E-08,-1.4927194E-01
-3.616283E-08,-1.4927194E-01
-3.611283E-08,-1.4927194E-01
-3.606283E-08,-1.4932464E-01
-3.601283E-08,-1.4932464E-01
-3.596283E-08,-1.4932464E-01
-3.591283E-08,-1.4932464E-01
-3.586283E-08,-1.4937735E-01
-3.581283E-08,-1.4937735E-01
-3.576283E-08,-1.4937735E-01
-3.571283E-08,-1.4937735E-01
-3.566283E-08,-1.4937735E-01
-3.561283E-08,-1.4937735E-01
-3.556283E-08,-1.4932464E-01
-3.551283E-08,-1.4932464E-01
-3.546283E-08,-1.4932464E-01
-3.541283E-08,-1.4927194E-01
-3.536283E-08,-1.4927194E-01
-3.531283E-08,-1.4921923E-01
-3.526283E-08,-1.4921923E-01
-3.521283E-08,-1.4916652E-01
-3.516283E-08,-1.4916652E-01
-3.511283E-08,-1.4911381E-01
-3.506283E-08,-1.4911381E-01
-3.501283E-08,-1.4906110E-01
-3.496283E-08,-1.4900839E-01
-3.491283E-08,-1.4900839E-01
-3.486283E-08,-1.4895568E-01
-3.481283E-08,-1.4895568E-01
-3.476283E-08,-1.4895568E-01
-3.471283E-08,-1.4890297E-01
-3.466283E-08,-1.4890297E-01
-3.461283E-08,-1.4890297E-01
-3.456283E-08,-1.4890297E-01
-3.451283E-08,-1.4890297E-01
-3.446283E-08,-1.4890297E-01
-3.441283E-08,-1.4890297E-01
-3.436283E-08,-1.4895568E-01
-3.431283E-08,-1.4895568E-01
-3.426283E-08,-1.4895568E-01
-3.421283E-08,-1.4900839E-01
-3.416283E-08,-1.4900839E-01
-3.411283E-08,-1.4906110E-01
-3.406283E-08,-1.4906110E-01
-3.401283E-08,-1.4911381E-01
-3.396283E-08,-1.4911381E-01
-3.391283E-08,-1.4916652E-01
-3.386283E-08,-1.4916652E-01
-3.381283E-08,-1.4921923E-01
-3.376283E-08,-1.4921923E-01
-3.371283E-08,-1.4927194E-01
-3.366283E-08,-1.4927194E-01
-3.361283E-08,-1.4927194E-01
-3.356283E-08,-1.4932464E-01
-3.351283E-08,-1.4932464E-01
-3.346283E-08,-1.4932464E-01
-3.341283E-08,-1.4932464E-01
-3.336283E-08,-1.4932464E-01
-3.331283E-08,-1.4932464E-01
-3.326283E-08,-1.4932464E-01
-3.321283E-08,-1.4927194E-01
-3.316283E-08,-1.4927194E-01
-3.311283E-08,-1.4927194E-01
-3.306283E-08,-1.4921923E-01
-3.301283E-08,-1.4921923E-01
-3.296283E-08,-1.4916652E-01
-3.291283E-08,-1.4916652E-01
-3.286283E-08,-1.4911381E-01
-3.281283E-08,-1.4911381E-01
-3.276283E-08,-1.4906110E-01
-3.271283E-08,-1.4906110E-01
-3.266283E-08,-1.4900839E-01
-3.261283E-08,-1.4895568E-01
-3.256283E-08,-1.4895568E-01
-3.251283E-08,-1.4890297E-01
-3.246283E-08,-1.4890297E-01
-3.241283E-08,-1.4890297E-01
-3.236283E-08,-1.4885026E-01
-3.231283E-08,-1.4885026E-01
-3.226283E-08,-1.4885026E-01
-3.221283E-08,-1.4885026E-01
-3.216283E-08,-1.4885026E-01
-3.211283E-08,-1.4885026E-01
-3.206283E-08,-1.4885026E-01
-3.201283E-08,-1.4885026E-01
-3.196283E-08,-1.4885026E-01
-3.191283E-08,-1.4885026E-01
-3.186283E-08,-1.4885026E-01
-3.181283E-08,-1.4890297E-01
-3.176283E-08,-1.4890297E-01
-3.171283E-08,-1.4890297E-01
-3.166283E-08,-1.4895568E-01
-3.161283E-08,-1.4895568E-01
-3.156283E-08,-1.4900839E-01
-3.151283E-08,-1.4900839E-01
-3.146283E-08,-1.4906110E-01
-3.141283E-08,-1.4906110E-01
-3.136283E-08,-1.4906110E-01
-3.131283E-08,-1.4911381E-01
-3.126283E-08,-1.4911381E-01
-3.121283E-08,-1.4911381E-01
-3.116283E-08,-1.4916652E-01
-3.111283E-08,-1.4916652E-01
-3.106283E-08,-1.4916652E-01
-3.101283E-08,-1.4916652E-01
-3.096283E-08,-1.4921923E-01
-3.091283E-08,-1.4921923E-01
-3.086283E-08,-1.4921923E-01
-3.081283E-08,-1.4921923E-01
-3.076283E-08,-1.4921923E-01
-3.071283E-08,-1.4921923E-01
-3.066283E-08,-1.4921923E-01
-3.061283E-08,-1.4916652E-01
-3.056283E-08,-1.4916652E-01
-3.051283E-08,-1.4916652E-01
-3.046283E-08,-1.4916652E-01
-3.041283E-08,-1.4916652E-01
-3.036283E-08,-1.4911381E-01
-3.031283E-08,-1.4911381E-01
-3.026283E-08,-1.4911381E-01
-3.021283E-08,-1.4906110E-01
-3.016283E-08,-1.4906110E-01
-3.011283E-08,-1.4906110E-01
-3.006283E-08,-1.4906110E-01
-3.001283E-08,-1.4900839E-01
-2.996283E-08,-1.4900839E-01
-2.991283E-08,-1.4900839E-01
-2.986283E-08,-1.4900839E-01
-2.981283E-08,-1.4900839E-01
-2.976283E-08,-1.4900839E-01
-2.971283E-08,-1.4900839E-01
-2.966283E-08,-1.4900839E-01
-2.961283E-08,-1.4900839E-01
-2.956283E-08,-1.4900839E-01
-2.951283E-08,-1.4906110E-01
-2.946283E-08,-1.4906110E-01
-2.941283E-08,-1.4911381E-01
-2.936283E-08,-1.4911381E-01
-2.931283E-08,-1.4916652E-01
-2.926283E-08,-1.4921923E-01
-2.921283E-08,-1.4921923E-01
-2.916283E-08,-1.4927194E-01
-2.911283E-08,-1.4932464E-01
-2.906283E-08,-1.4937735E-01
-2.901283E-08,-1.4943006E-01
-2.896283E-08,-1.4948277E-01
-2.891283E-08,-1.4953548E-01
-2.886283E-08,-1.4958819E-01
-2.881283E-08,-1.4964090E-01
-2.876283E-08,-1.4969361E-01
-2.871283E-08,-1.4974632E-01
-2.866283E-08,-1.4979903E-01
-2.861283E-08,-1.4985173E-01
-2.856283E-08,-1.4990444E-01
-2.851283E-08,-1.4995715E-01
-2.846283E-08,-1.5000986E-01
-2.841283E-08,-1.5006257E-01
-2.836283E-08,-1.5011528E-01
-2.831283E-08,-1.5011528E-01
-2.826283E-08,-1.5016799E-01
-2.821283E-08,-1.5016799E-01
-2.816283E-08,-1.5016799E-01
-2.811283E-08,-1.5016799E-01
-2.806283E-08,-1.5016799E-01
-2.801283E-08,-1.5016799E-01
-2.796283E-08,-1.5016799E-01
-2.791283E-08,-1.5016799E-01
-2.786283E-08,-1.5011528E-01
-2.781283E-08,-1.5011528E-01
-2.776283E-08,-1.5006257E-01
-2.771283E-08,-1.5000986E-01
-2.766283E-08,-1.4995715E-01
-2.761283E-08,-1.4995715E-01
-2.756283E-08,-1.4990444E-01
-2.751283E-08,-1.4985173E-01
-2.746283E-08,-1.4979903E-01
-2.741283E-08,-1.4974632E-01
-2.736283E-08,-1.4969361E-01
-2.731283E-08,-1.4964090E-01
-2.726283E-08,-1.4964090E-01
-2.721283E-08,-1.4958819E-01
-2.716283E-08,-1.4953548E-01
-2.711283E-08,-1.4948277E-01
-2.706283E-08,-1.4948277E-01
-2.701283E-08,-1.4943006E-01
-2.696283E-08,-1.4943006E-01
-2.691283E-08,-1.4943006E-01
-2.686283E-08,-1.4943006E-01
-2.681283E-08,-1.4943006E-01
-2.676283E-08,-1.4943006E-01
-2.671283E-08,-1.4943006E-01
-2.666283E-08,-1.4943006E-01
-2.661283E-08,-1.4943006E-01
-2.656283E-08,-1.4948277E-01
-2.651283E-08,-1.4948277E-01
-2.646283E-08,-1.4953548E-01
-2.641283E-08,-1.4953548E-01
-2.636283E-08,-1.4958819E-01
-2.631283E-08,-1.4964090E-01
-2.626283E-08,-1.4969361E-01
-2.621283E-08,-1.4969361E-01
-2.616283E-08,-1.4974632E-01
-2.611283E-08,-1.4979903E-01
-2.606283E-08,-1.4979903E-01
-2.601283E-08,-1.4985173E-01
-2.596283E-08,-1.4985173E-01
-2.591283E-08,-1.4990444E-01
-2.586283E-08,-1.4990444E-01
-2.581283E-08,-1.4990444E-01
-2.576283E-08,-1.4990444E-01
-2.571283E-08,-1.4995715E-01
-2.566283E-08,-1.4995715E-01
-2.561283E-08,-1.4995715E-01
-2.556283E-08,-1.4990444E-01
-2.551283E-08,-1.4990444E-01
-2.546283E-08,-1.4990444E-01
-2.541283E-08,-1.4990444E-01
-2.536283E-08,-1.4985173E-01
-2.531283E-08,-1.4985173E-01
-2.526283E-08,-1.4979903E-01
-2.521283E-08,-1.4979903E-01
-2.516283E-08,-1.4974632E-01
-2.511283E-08,-1.4974632E-01
-2.506283E-08,-1.4969361E-01
-2.501283E-08,-1.4969361E-01
-2.496283E-08,-1.4964090E-01
-2.491283E-08,-1.4964090E-01
-2.486283E-08,-1.4964090E-01
-2.481283E-08,-1.4958819E-01
-2.476283E-08,-1.4958819E-01
-2.471283E-08,-1.4958819E-01
-2.466283E-08,-1.4958819E-01
-2.461283E-08,-1.4958819E-01
-2.456283E-08,-1.4958819E-01
-2.451283E-08,-1.4958819E-01
-2.446283E-08,-1.4958819E-01
-2.441283E-08,-1.4964090E-01
-2.436283E-08,-1.4964090E-01
-2.431283E-08,-1.4964090E-01
-2.426283E-08,-1.4969361E-01
-2.421283E-08,-1.4969361E-01
-2.416283E-08,-1.4974632E-01
-2.411283E-08,-1.4974632E-01
-2.406283E-08,-1.4979903E-01
-2.401283E-08,-1.4979903E-01
-2.396283E-08,-1.4985173E-01
-2.391283E-08,-1.4990444E-01
-2.386283E-08,-1.4990444E-01
-2.381283E-08,-1.4995715E-01
-2.376283E-08,-1.4995715E-01
-2.371283E-08,-1.5000986E-01
-2.366283E-08,-1.5000986E-01
-2.361283E-08,-1.5006257E-01
-2.356283E-08,-1.5006257E-01
-2.351283E-08,-1.5011528E-01
-2.346283E-08,-1.5011528E-01
-2.341283E-08,-1.5011528E-01
-2.336283E-08,-1.5011528E-01
-2.331283E-08,-1.5016799E-01
-2.326283E-08,-1.5016799E-01
-2.321283E-08,-1.5016799E-01
-2.316283E-08,-1.5016799E-01
-2.311283E-08,-1.5016799E-01
-2.306283E-08,-1.5016799E-01
-2.301283E-08,-1.5016799E-01
-2.296283E-08,-1.5011528E-01
-2.291283E-08,-1.5011528E-01
-2.286283E-08,-1.5011528E-01
-2.281283E-08,-1.5011528E-01
-2.276283E-08,-1.5006257E-01
-2.271283E-08,-1.5006257E-01
-2.266283E-08,-1.5006257E-01
-2.261283E-08,-1.5000986E-01
-2.256283E-08,-1.5000986E-01
-2.251283E-08,-1.5000986E-01
-2.246283E-08,-1.4995715E-01
-2.241283E-08,-1.4995715E-01
-2.236283E-08,-1.4995715E-01
-2.231283E-08,-1.4990444E-01
-2.226283E-08,-1.4990444E-01
-2.221283E-08,-1.4985173E-01
-2.216283E-08,-1.4985173E-01
-2.211283E-08,-1.4985173E-01
-2.206283E-08,-1.4979903E-01
-2.201283E-08,-1.4979903E-01
-2.196283E-08,-1.4974632E-01
-2.191283E-08,-1.4974632E-01
-2.186283E-08,-1.4974632E-01
-2.181283E-08,-1.4969361E-01
-2.176283E-08,-1.4969361E-01
-2.171283E-08,-1.4964090E-01
-2.166283E-08,-1.4964090E-01
-2.161283E-08,-1.4964090E-01
-2.156283E-08,-1.4958819E-01
-2.151283E-08,-1.4958819E-01
-2.146283E-08,-1.4958819E-01
-2.141283E-08,-1.4953548E-01
-2.136283E-08,-1.4953548E-01
-2.131283E-08,-1.4953548E-01
-2.126283E-08,-1.4953548E-01
-2.121283E-08,-1.4953548E-01
-2.116283E-08,-1.4948277E-01
-2.111283E-08,-1.4948277E-01
-2.106283E-08,-1.4948277E-01
-2.101283E-08,-1.4948277E-01
-2.096283E-08,-1.4948277E-01
-2.091283E-08,-1.4948277E-01
-2.086283E-08,-1.4948277E-01
-2.081283E-08,-1.4948277E-01
-2.076283E-08,-1.4948277E-01
-2.071283E-08,-1.4948277E-01
-2.066283E-08,-1.4948277E-01
-2.061283E-08,-1.4948277E-01
-2.056283E-08,-1.4948277E-01
-2.051283E-08,-1.4948277E-01
-2.046283E-08,-1.4948277E-01
-2.041283E-08,-1.4948277E-01
-2.036283E-08,-1.4948277E-01
-2.031283E-08,-1.4948277E-01
-2.026283E-08,-1.4948277E-01
-2.021283E-08,-1.4948277E-01
-2.016283E-08,-1.4948277E-01
-2.011283E-08,-1.4943006E-01
-2.006283E-08,-1.4943006E-01
-2.001283E-08,-1.4943006E-01
-1.996283E-08,-1.4943006E-01
-1.991283E-08,-1.4943006E-01
-1.986283E-08,-1.4943006E-01
-1.981283E-08,-1.4943006E-01
-1.976283E-08,-1.4937735E-01
-1.971283E-08,-1.4937735E-01
-1.966283E-08,-1.4937735E-01
-1.961283E-08,-1.4937735E-01
-1.956283E-08,-1.4937735E-01
-1.951283E-08,-1.4937735E-01
-1.946283E-08,-1.4937735E-01
-1.941283E-08,-1.4932464E-01
-1.936283E-08,-1.4932464E-01
-1.931283E-08,-1.4932464E-01
-1.926283E-08,-1.4932464E-01
-1.921283E-08,-1.4937735E-01
-1.916283E-08,-1.4937735E-01
-1.911283E-08,-1.4937735E-01
-1.906283E-08,-1.4937735E-01
-1.901283E-08,-1.4937735E-01
-1.896283E-08,-1.4937735E-01
-1.891283E-08,-1.4943006E-01
-1.886283E-08,-1.4943006E-01
-1.881283E-08,-1.4943006E-01
-1.876283E-08,-1.4948277E-01
-1.871283E-08,-1.4948277E-01
-1.866283E-08,-1.4948277E-01
-1.861283E-08,-1.4953548E-01
-1.856283E-08,-1.4953548E-01
-1.851283E-08,-1.4958819E-01
-1.846283E-08,-1.4958819E-01
-1.841283E-08,-1.4958819E-01
-1.836283E-08,-1.4964090E-01
-1.831283E-08,-1.4964090E-01
-1.826283E-08,-1.4964090E-01
-1.821283E-08,-1.4969361E-01
-1.816283E-08,-1.4969361E-01
-1.811283E-08,-1.4969361E-01
-1.806283E-08,-1.4969361E-01
-1.801283E-08,-1.4969361E-01
-1.796283E-08,-1.4974632E-01
-1.791283E-08,-1.4974632E-01
-1.786283E-08,-1.4974632E-01
-1.781283E-08,-1.4974632E-01
-1.776283E-08,-1.4974632E-01
-1.771283E-08,-1.4974632E-01
-1.766283E-08,-1.4979903E-01
-1.761283E-08,-1.4979903E-01
-1.756283E-08,-1.4979903E-01
-1.751283E-08,-1.4979903E-01
-1.746283E-08,-1.4979903E-01
-1.741283E-08,-1.4985173E-01
-1.736283E-08,-1.4985173E-01
-1.731283E-08,-1.4985173E-01
-1.726283E-08,-1.4990444E-01
-1.721283E-08,-1.4990444E-01
-1.716283E-08,-1.4995715E-01
-1.711283E-08,-1.4995715E-01
-1.706283E-08,-1.5000986E-01
-1.701283E-08,-1.5000986E-01
-1.696283E-08,-1.5006257E-01
-1.691283E-08,-1.5011528E-01
-1.686283E-08,-1.5011528E-01
-1.681283E-08,-1.5016799E-01
-1.676283E-08,-1.5022070E-01
-1.671283E-08,-1.5022070E-01
-1.666283E-08,-1.5027341E-01
-1.661283E-08,-1.5032612E-01
-1.656283E-08,-1.5032612E-01
-1.651283E-08,-1.5037883E-01
-1.646283E-08,-1.5037883E-01
-1.641283E-08,-1.5037883E-01
-1.636283E-08,-1.5043153E-01
-1.631283E-08,-1.5043153E-01
-1.626283E-08,-1.5043153E-01
-1.621283E-08,-1.5043153E-01
-1.616283E-08,-1.5043153E-01
-1.611283E-08,-1.5043153E-01
-1.606283E-08,-1.5043153E-01
-1.601283E-08,-1.5037883E-01
-1.596283E-08,-1.5037883E-01
-1.591283E-08,-1.5032612E-01
-1.586283E-08,-1.5032612E-01
-1.581283E-08,-1.5027341E-01
-1.576283E-08,-1.5022070E-01
-1.571283E-08,-1.5016799E-01
-1.566283E-08,-1.5016799E-01
-1.561283E-08,-1.5011528E-01
-1.556283E-08,-1.5006257E-01
-1.551283E-08,-1.5000986E-01
-1.546283E-08,-1.5000986E-01
-1.541283E-08,-1.4995715E-01
-1.536283E-08,-1.4990444E-01
-1.531283E-08,-1.4990444E-01
-1.526283E-08,-1.4985173E-01
-1.521283E-08,-1.4985173E-01
-1.516283E-08,-1.4985173E-01
-1.511283E-08,-1.4979903E-01
-1.506283E-08,-1.4979903E-01
-1.501283E-08,-1.4979903E-01
-1.496283E-08,-1.4979903E-01
-1.491283E-08,-1.4985173E-01
-1.486283E-08,-1.4985173E-01
-1.481283E-08,-1.4985173E-01
-1.476283E-08,-1.4990444E-01
-1.471283E-08,-1.4990444E-01
-1.466283E-08,-1.4995715E-01
-1.461283E-08,-1.4995715E-01
-1.456283E-08,-1.5000986E-01
-1.451283E-08,-1.5000986E-01
-1.446283E-08,-1.5006257E-01
-1.441283E-08,-1.5006257E-01
-1.436283E-08,-1.5011528E-01
-1.431283E-08,-1.5011528E-01
-1.426283E-08,-1.5016799E-01
-1.421283E-08,-1.5016799E-01
-1.416283E-08,-1.5016799E-01
-1.411283E-08,-1.5016799E-01
-1.406283E-08,-1.5016799E-01
-1.401283E-08,-1.5016799E-01
-1.396283E-08,-1.5016799E-01
-1.391283E-08,-1.5011528E-01
-1.386283E-08,-1.5011528E-01
-1.381283E-08,-1.5006257E-01
-1.376283E-08,-1.5006257E-01
-1.371283E-08,-1.5000986E-01
-1.366283E-08,-1.4995715E-01
-1.361283E-08,-1.4990444E-01
-1.356283E-08,-1.4990444E-01
-1.351283E-08,-1.4985173E-01
-1.346283E-08,-1.4979903E-01
-1.341283E-08,-1.4974632E-01
-1.336283E-08,-1.4969361E-01
-1.331283E-08,-1.4964090E-01
-1.326283E-08,-1.4958819E-01
-1.321283E-08,-1.4953548E-01
-1.316283E-08,-1.4948277E-01
-1.311283E-08,-1.4948277E-01
-1.306283E-08,-1.4943006E-01
-1.301283E-08,-1.4943006E-01
-1.296283E-08,-1.4937735E-01
-1.291283E-08,-1.4937735E-01
-1.286283E-08,-1.4937735E-01
-1.281283E-08,-1.4937735E-01
-1.276283E-08,-1.4937735E-01
-1.271283E-08,-1.4937735E-01
-1.266283E-08,-1.4943006E-01
-1.261283E-08,-1.4943006E-01
-1.256283E-08,-1.4948277E-01
-1.251283E-08,-1.4948277E-01
-1.246283E-08,-1.4953548E-01
-1.241283E-08,-1.4958819E-01
-1.236283E-08,-1.4964090E-01
-1.231283E-08,-1.4969361E-01
-1.226283E-08,-1.4974632E-01
-1.221283E-08,-1.4979903E-01
-1.216283E-08,-1.4985173E-01
-1.211283E-08,-1.4985173E-01
-1.206283E-08,-1.4990444E-01
-1.201283E-08,-1.4995715E-01
-1.196283E-08,-1.5000986E-01
-1.191283E-08,-1.5006257E-01
-1.186283E-08,-1.5006257E-01
-1.181283E-08,-1.5011528E-01
-1.176283E-08,-1.5011528E-01
-1.171283E-08,-1.5016799E-01
-1.166283E-08,-1.5016799E-01
-1.161283E-08,-1.5016799E-01
-1.156283E-08,-1.5016799E-01
-1.151283E-08,-1.5016799E-01
-1.146283E-08,-1.5016799E-01
-1.141283E-08,-1.5016799E-01
-1.136283E-08,-1.5016799E-01
-1.131283E-08,-1.5011528E-01
-1.126283E-08,-1.5011528E-01
-1.121283E-08,-1.5011528E-01
-1.116283E-08,-1.5006257E-01
-1.111283E-08,-1.5006257E-01
-1.106283E-08,-1.5000986E-01
-1.101283E-08,-1.5000986E-01
-1.096283E-08,-1.5000986E-01
-1.091283E-08,-1.4995715E-01
-1.086283E-08,-1.4995715E-01
-1.081283E-08,-1.4995715E-01
-1.076283E-08,-1.4995715E-01
-1.071283E-08,-1.4990444E-01
-1.066283E-08,-1.4990444E-01
-1.061283E-08,-1.4990444E-01
-1.056283E-08,-1.4990444E-01
-1.051283E-08,-1.4990444E-01
-1.046283E-08,-1.4990444E-01
-1.041283E-08,-1.4990444E-01
-1.036283E-08,-1.4990444E-01
-1.031283E-08,-1.4995715E-01
-1.026283E-08,-1.4995715E-01
-1.021283E-08,-1.4995715E-01
-1.016283E-08,-1.4995715E-01
-1.011283E-08,-1.5000986E-01
-1.006283E-08,-1.5000986E-01
-1.001283E-08,-1.5000986E-01
-9.96283E-09,-1.5006257E-01
-9.91283E-09,-1.5006257E-01
-9.86283E-09,-1.5006257E-01
-9.81283E-09,-1.5006257E-01
-9.76283E-09,-1.5011528E-01
-9.71283E-09,-1.5011528E-01
-9.66283E-09,-1.5011528E-01
-9.61283E-09,-1.5011528E-01
-9.56283E-09,-1.5016799E-01
-9.51283E-09,-1.5016799E-01
-9.46283E-09,-1.5016799E-01
-9.41283E-09,-1.5016799E-01
-9.36283E-09,-1.5016799E-01
-9.31283E-09,-1.5016799E-01
-9.26283E-09,-1.5016799E-01
-9.21283E-09,-1.5016799E-01
-9.16283E-09,-1.5016799E-01
-9.11283E-09,-1.5016799E-01
-9.06283E-09,-1.5016799E-01
-9.01283E-09,-1.5016799E-01
-8.96283E-09,-1.5016799E-01
-8.91283E-09,-1.5011528E-01
-8.86283E-09,-1.5011528E-01
-8.81283E-09,-1.5011528E-01
-8.76283E-09,-1.5011528E-01
-8.71283E-09,-1.5006257E-01
-8.66283E-09,-1.5006257E-01
-8.61283E-09,-1.5006257E-01
-8.56283E-09,-1.5000986E-01
-8.51283E-09,-1.5000986E-01
-8.46283E-09,-1.4995715E-01
-8.41283E-09,-1.4995715E-01
-8.36283E-09,-1.4990444E-01
-8.31283E-09,-1.4990444E-01
-8.26283E-09,-1.4985173E-01
-8.21283E-09,-1.4979903E-01
-8.16283E-09,-1.4974632E-01
-8.11283E-09,-1.4974632E-01
-8.06283E-09,-1.4969361E-01
-8.01283E-09,-1.4964090E-01
-7.96283E-09,-1.4958819E-01
-7.91283E-09,-1.4953548E-01
-7.86283E-09,-1.4948277E-01
-7.81283E-09,-1.4943006E-01
-7.76283E-09,-1.4937735E-01
-7.71283E-09,-1.4932464E-01
-7.66283E-09,-1.4927194E-01
-7.61283E-09,-1.4921923E-01
-7.56283E-09,-1.4921923E-01
-7.51283E-09,-1.4916652E-01
-7.46283E-09,-1.4911381E-01
-7.41283E-09,-1.4906110E-01
-7.36283E-09,-1.4906110E-01
-7.31283E-09,-1.4900839E-01
-7.26283E-09,-1.4900839E-01
-7.21283E-09,-1.4895568E-01
-7.16283E-09,-1.4895568E-01
-7.11283E-09,-1.4895568E-01
-7.06283E-09,-1.4895568E-01
-7.01283E-09,-1.4895568E-01
-6.96283E-09,-1.4895568E-01
-6.91283E-09,-1.4895568E-01
-6.86283E-09,-1.4900839E-01
-6.81283E-09,-1.4900839E-01
-6.76283E-09,-1.4906110E-01
-6.71283E-09,-1.4906110E-01
-6.66283E-09,-1.4911381E-01
-6.61283E-09,-1.4916652E-01
-6.56283E-09,-1.4921923E-01
-6.51283E-09,-1.4927194E-01
-6.46283E-09,-1.4932464E-01
-6.41283E-09,-1.4937735E-01
-6.36283E-09,-1.4943006E-01
-6.31283E-09,-1.4948277E-01
-6.26283E-09,-1.4948277E-01
-6.21283E-09,-1.4953548E-01
-6.16283E-09,-1.4958819E-01
-6.11283E-09,-1.4964090E-01
-6.06283E-09,-1.4969361E-01
-6.01283E-09,-1.4969361E-01
-5.96283E-09,-1.4974632E-01
-5.91283E-09,-1.4974632E-01
-5.86283E-09,-1.4979903E-01
-5.81283E-09,-1.4979903E-01
-5.76283E-09,-1.4985173E-01
-5.71283E-09,-1.4985173E-01
-5.66283E-09,-1.4985173E-01
-5.61283E-09,-1.4985173E-01
-5.56283E-09,-1.4985173E-01
-5.51283E-09,-1.4985173E-01
-5.46283E-09,-1.4985173E-01
-5.41283E-09,-1.4985173E-01
-5.36283E-09,-1.4985173E-01
-5.31283E-09,-1.4985173E-01
-5.26283E-09,-1.4985173E-01
-5.21283E-09,-1.4985173E-01
-5.16283E-09,-1.4985173E-01
-5.11283E-09,-1.4985173E-01
-5.06283E-09,-1.4985173E-01
-5.01283E-09,-1.4985173E-01
-4.96283E-09,-1.4985173E-01
-4.91283E-09,-1.4985173E-01
-4.86283E-09,-1.4985173E-01
-4.81283E-09,-1.4990444E-01
-4.76283E-09,-1.4990444E-01
-4.71283E-09,-1.4990444E-01
-4.66283E-09,-1.4995715E-01
-4.61283E-09,-1.4995715E-01
-4.56283E-09,-1.5000986E-01
-4.51283E-09,-1.5000986E-01
-4.46283E-09,-1.5006257E-01
-4.41283E-09,-1.5006257E-01
-4.36283E-09,-1.5011528E-01
-4.31283E-09,-1.5016799E-01
-4.26283E-09,-1.5016799E-01
-4.21283E-09,-1.5022070E-01
-4.16283E-09,-1.5022070E-01
-4.11283E-09,-1.5027341E-01
-4.06283E-09,-1.5027341E-01
-4.01283E-09,-1.5027341E-01
-3.96283E-09,-1.5032612E-01
-3.91283E-09,-1.5032612E-01
-3.86283E-09,-1.5032612E-01
-3.81283E-09,-1.5032612E-01
-3.76283E-09,-1.5032612E-01
-3.71283E-09,-1.5032612E-01
-3.66283E-09,-1.5032612E-01
-3.61283E-09,-1.5032612E-01
-3.56283E-09,-1.5032612E-01
-3.51283E-09,-1.5027341E-01
-3.46283E-09,-1.5027341E-01
-3.41283E-09,-1.5022070E-01
-3.36283E-09,-1.5022070E-01
-3.31283E-09,-1.5016799E-01
-3.26283E-09,-1.5016799E-01
-3.21283E-09,-1.5011528E-01
-3.16283E-09,-1.5011528E-01
-3.11283E-09,-1.5006257E-01
-3.06283E-09,-1.5006257E-01
-3.01283E-09,-1.5000986E-01
-2.96283E-09,-1.5000986E-01
-2.91283E-09,-1.5000986E-01
-2.86283E-09,-1.4995715E-01
-2.81283E-09,-1.4995715E-01
-2.76283E-09,-1.4995715E-01
-2.71283E-09,-1.4995715E-01
-2.66283E-09,-1.4995715E-01
-2.61283E-09,-1.4995715E-01
-2.56283E-09,-1.4995715E-01
-2.51283E-09,-1.4995715E-01
-2.46283E-09,-1.4995715E-01
-2.41283E-09,-1.4995715E-01
-2.36283E-09,-1.4995715E-01
-2.31283E-09,-1.4995715E-01
-2.26283E-09,-1.5000986E-01
-2.21283E-09,-1.5000986E-01
-2.16283E-09,-1.5000986E-01
-2.11283E-09,-1.5000986E-01
-2.06283E-09,-1.5000986E-01
-2.01283E-09,-1.5000986E-01
-1.96283E-09,-1.5000986E-01
-1.91283E-09,-1.4995715E-01
-1.86283E-09,-1.4995715E-01
-1.81283E-09,-1.4995715E-01
-1.76283E-09,-1.4990444E-01
-1.71283E-09,-1.4990444E-01
-1.66283E-09,-1.4985173E-01
-1.61283E-09,-1.4979903E-01
-1.56283E-09,-1.4974632E-01
-1.51283E-09,-1.4969361E-01
-1.46283E-09,-1.4964090E-01
-1.41283E-09,-1.4958819E-01
-1.36283E-09,-1.4953548E-01
-1.31283E-09,-1.4948277E-01
-1.26283E-09,-1.4943006E-01
-1.21283E-09,-1.4937735E-01
-1.16283E-09,-1.4932464E-01
-1.11283E-09,-1.4927194E-01
-1.06283E-09,-1.4921923E-01
-1.01283E-09,-1.4916652E-01
-9.6283E-10,-1.4911381E-01
-9.1283E-10,-1.4911381E-01
-8.6283E-10,-1.4906110E-01
-8.1283E-10,-1.4906110E-01
-7.6283E-10,-1.4906110E-01
-7.1283E-10,-1.4900839E-01
-6.6283E-10,-1.4900839E-01
-6.1283E-10,-1.4906110E-01
-5.6283E-10,-1.4906110E-01
-5.1283E-10,-1.4906110E-01
-4.6283E-10,-1.4911381E-01
-4.1283E-10,-1.4916652E-01
-3.6283E-10,-1.4921923E-01
-3.1283E-10,-1.4927194E-01
-2.6283E-10,-1.4932464E-01
-2.1283E-10,-1.4937735E-01
-1.6283E-10,-1.4948277E-01
-1.1283E-10,-1.4953548E-01
-6.283E-11,-1.4964090E-01
-1.283E-11,-1.4969361E-01
3.717E-11,-1.4979903E-01
8.717E-11,-1.4985173E-01
1.3717E-10,-1.4995715E-01
1.8717E-10,-1.5000986E-01
2.3717E-10,-1.5006257E-01
2.8717E-10,-1.5016799E-01
3.3717E-10,-1.5022070E-01
3.8717E-10,-1.5027341E-01
4.3717E-10,-1.5032612E-01
4.8717E-10,-1.5032612E-01
5.3717E-10,-1.5037883E-01
5.8717E-10,-1.5037883E-01
6.3717E-10,-1.5043153E-01
6.8717E-10,-1.5043153E-01
7.3717E-10,-1.5043153E-01
7.8717E-10,-1.5043153E-01
8.3717E-10,-1.5043153E-01
8.8717E-10,-1.5037883E-01
9.3717E-10,-1.5037883E-01
9.8717E-10,-1.5032612E-01
1.03717E-09,-1.5032612E-01
1.08717E-09,-1.5027341E-01
1.13717E-09,-1.5022070E-01
1.18717E-09,-1.5016799E-01
1.23717E-09,-1.5011528E-01
1.28717E-09,-1.5011528E-01
1.33717E-09,-1.5006257E-01
1.38717E-09,-1.5000986E-01
1.43717E-09,-1.4995715E-01
1.48717E-09,-1.4990444E-01
1.53717E-09,-1.4985173E-01
1.58717E-09,-1.4985173E-01
1.63717E-09,-1.4979903E-01
1.68717E-09,-1.4979903E-01
1.73717E-09,-1.4974632E-01
1.78717E-09,-1.4974632E-01
1.83717E-09,-1.4969361E-01
1.88717E-09,-1.4969361E-01
1.93717E-09,-1.4969361E-01
1.98717E-09,-1.4969361E-01
2.03717E-09,-1.4969361E-01
2.08717E-09,-1.4969361E-01
2.13717E-09,-1.4969361E-01
2.18717E-09,-1.4969361E-01
2.23717E-09,-1.4969361E-01
2.28717E-09,-1.4969361E-01
2.33717E-09,-1.4969361E-01
2.38717E-09,-1.4974632E-01
2.43717E-09,-1.4974632E-01
2.48717E-09,-1.4974632E-01
2.53717E-09,-1.4974632E-01
2.58717E-09,-1.4974632E-01
2.63717E-09,-1.4974632E-01
2.68717E-09,-1.4974632E-01
2.73717E-09,-1.4974632E-01
2.78717E-09,-1.4969361E-01
2.83717E-09,-1.4969361E-01
2.88717E-09,-1.4969361E-01
2.93717E-09,-1.4969361E-01
2.98717E-09,-1.4964090E-01
3.03717E-09,-1.4964090E-01
3.08717E-09,-1.4958819E-01
3.13717E-09,-1.4958819E-01
3.18717E-09,-1.4953548E-01
3.23717E-09,-1.4953548E-01
3.28717E-09,-1.4948277E-01
3.33717E-09,-1.4948277E-01
3.38717E-09,-1.4943006E-01
3.43717E-09,-1.4943006E-01
3.48717E-09,-1.4937735E-01
3.53717E-09,-1.4937735E-01
3.58717E-09,-1.4937735E-01
3.63717E-09,-1.4932464E-01
3.68717E-09,-1.4932464E-01
3.73717E-09,-1.4932464E-01
3.78717E-09,-1.4932464E-01
3.83717E-09,-1.4927194E-01
3.88717E-09,-1.4927194E-01
3.93717E-09,-1.4927194E-01
3.98717E-09,-1.4927194E-01
4.03717E-09,-1.4932464E-01
4.08717E-09,-1.4932464E-01
4.13717E-09,-1.4932464E-01
4.18717E-09,-1.4932464E-01
4.23717E-09,-1.4932464E-01
4.28717E-09,-1.4937735E-01
4.33717E-09,-1.4937735E-01
4.38717E-09,-1.4937735E-01
4.43717E-09,-1.4943006E-01
4.48717E-09,-1.4943006E-01
4.53717E-09,-1.4948277E-01
4.58717E-09,-1.4948277E-01
4.63717E-09,-1.4953548E-01
4.68717E-09,-1.4953548E-01
4.73717E-09,-1.4953548E-01
4.78717E-09,-1.4958819E-01
4.83717E-09,-1.4958819E-01
4.88717E-09,-1.4964090E-01
4.93717E-09,-1.4964090E-01
4.98717E-09,-1.4964090E-01
5.03717E-09,-1.4969361E-01
5.08717E-09,-1.4969361E-01
5.13717E-09,-1.4974632E-01
5.18717E-09,-1.4974632E-01
5.23717E-09,-1.4974632E-01
5.28717E-09,-1.4979903E-01
5.33717E-09,-1.4979903E-01
5.38717E-09,-1.4979903E-01
5.43717E-09,-1.4985173E-01
5.48717E-09,-1.4985173E-01
5.53717E-09,-1.4990444E-01
5.58717E-09,-1.4990444E-01
5.63717E-09,-1.4990444E-01
5.68717E-09,-1.4995715E-01
5.73717E-09,-1.4995715E-01
5.78717E-09,-1.5000986E-01
5.83717E-09,-1.5000986E-01
5.88717E-09,-1.5006257E-01
5.93717E-09,-1.5006257E-01
5.98717E-09,-1.5006257E-01
6.03717E-09,-1.5011528E-01
6.08717E-09,-1.5011528E-01
6.13717E-09,-1.5016799E-01
6.18717E-09,-1.5016799E-01
6.23717E-09,-1.5016799E-01
6.28717E-09,-1.5016799E-01
6.33717E-09,-1.5016799E-01
6.38717E-09,-1.5022070E-01
6.43717E-09,-1.5022070E-01
6.48717E-09,-1.5022070E-01
6.53717E-09,-1.5022070E-01
6.58717E-09,-1.5022070E-01
6.63717E-09,-1.5016799E-01
6.68717E-09,-1.5016799E-01
6.73717E-09,-1.5016799E-01
6.78717E-09,-1.5016799E-01
6.83717E-09,-1.5011528E-01
6.88717E-09,-1.5011528E-01
6.93717E-09,-1.5006257E-01
6.98717E-09,-1.5006257E-01
7.03717E-09,-1.5000986E-01
7.08717E-09,-1.5000986E-01
7.13717E-09,-1.5000986E-01
7.18717E-09,-1.4995715E-01
7.23717E-09,-1.4995715E-01
7.28717E-09,-1.4990444E-01
7.33717E-09,-1.4990444E-01
7.38717E-09,-1.4990444E-01
7.43717E-09,-1.4985173E-01
7.48717E-09,-1.4985173E-01
7.53717E-09,-1.4985173E-01
7.58717E-09,-1.4985173E-01
7.63717E-09,-1.4985173E-01
7.68717E-09,-1.4985173E-01
7.73717E-09,-1.4985173E-01
7.78717E-09,-1.4985173E-01
7.83717E-09,-1.4985173E-01
7.88717E-09,-1.4990444E-01
7.93717E-09,-1.4990444E-01
7.98717E-09,-1.4990444E-01
8.03717E-09,-1.4990444E-01
8.08717E-09,-1.4995715E-01
8.13717E-09,-1.4995715E-01
8.18717E-09,-1.4995715E-01
8.23717E-09,-1.4995715E-01
8.28717E-09,-1.5000986E-01
8.33717E-09,-1.5000986E-01
8.38717E-09,-1.5000986E-01
8.43717E-09,-1.5000986E-01
8.48717E-09,-1.5000986E-01
8.53717E-09,-1.4995715E-01
8.58717E-09,-1.4995715E-01
8.63717E-09,-1.4995715E-01
8.68717E-09,-1.4990444E-01
8.73717E-09,-1.4990444E-01
8.78717E-09,-1.4985173E-01
8.83717E-09,-1.4985173E-01
8.88717E-09,-1.4979903E-01
8.93717E-09,-1.4974632E-01
8.98717E-09,-1.4969361E-01
9.03717E-09,-1.4964090E-01
9.08717E-09,-1.4958819E-01
9.13717E-09,-1.4958819E-01
9.18717E-09,-1.4953548E-01
9.23717E-09,-1.4948277E-01
9.28717E-09,-1.4943006E-01
9.33717E-09,-1.4937735E-01
9.38717E-09,-1.4932464E-01
9.43717E-09,-1.4932464E-01
9.48717E-09,-1.4927194E-01
9.53717E-09,-1.4927194E-01
9.58717E-09,-1.4921923E-01
9.63717E-09,-1.4921923E-01
9.68717E-09,-1.4921923E-01
9.73717E-09,-1.4921923E-01
9.78717E-09,-1.4921923E-01
9.83717E-09,-1.4927194E-01
9.88717E-09,-1.4927194E-01
9.93717E-09,-1.4932464E-01
9.98717E-09,-1.4932464E-01
1.003717E-08,-1.4937735E-01
1.008717E-08,-1.4943006E-01
1.013717E-08,-1.4948277E-01
1.018717E-08,-1.4953548E-01
1.023717E-08,-1.4964090E-01
1.028717E-08,-1.4969361E-01
1.033717E-08,-1.4974632E-01
1.038717E-08,-1.4979903E-01
1.043717E-08,-1.4990444E-01
1.048717E-08,-1.4995715E-01
1.053717E-08,-1.5000986E-01
1.058717E-08,-1.5006257E-01
1.063717E-08,-1.5011528E-01
1.068717E-08,-1.5016799E-01
1.073717E-08,-1.5022070E-01
1.078717E-08,-1.5022070E-01
1.083717E-08,-1.5027341E-01
1.088717E-08,-1.5027341E-01
1.093717E-08,-1.5027341E-01
1.098717E-08,-1.5027341E-01
1.103717E-08,-1.5027341E-01
1.108717E-08,-1.5027341E-01
1.113717E-08,-1.5022070E-01
1.118717E-08,-1.5016799E-01
1.123717E-08,-1.5016799E-01
1.128717E-08,-1.5011528E-01
1.133717E-08,-1.5006257E-01
1.138717E-08,-1.5000986E-01
1.143717E-08,-1.4995715E-01
1.148717E-08,-1.4990444E-01
1.153717E-08,-1.4979903E-01
1.158717E-08,-1.4974632E-01
1.163717E-08,-1.4969361E-01
1.168717E-08,-1.4964090E-01
1.173717E-08,-1.4958819E-01
1.178717E-08,-1.4953548E-01
1.183717E-08,-1.4948277E-01
1.188717E-08,-1.4943006E-01
1.193717E-08,-1.4943006E-01
1.198717E-08,-1.4937735E-01
1.203717E-08,-1.4937735E-01
1.208717E-08,-1.4937735E-01
1.213717E-08,-1.4937735E-01
1.218717E-08,-1.4937735E-01
1.223717E-08,-1.4937735E-01
1.228717E-08,-1.4943006E-01
1.233717E-08,-1.4948277E-01
1.238717E-08,-1.4948277E-01
1.243717E-08,-1.4953548E-01
1.248717E-08,-1.4958819E-01
1.253717E-08,-1.4964090E-01
1.258717E-08,-1.4969361E-01
1.263717E-08,-1.4979903E-01
1.268717E-08,-1.4985173E-01
1.273717E-08,-1.4990444E-01
1.278717E-08,-1.4995715E-01
1.283717E-08,-1.5006257E-01
1.288717E-08,-1.5011528E-01
1.293717E-08,-1.5016799E-01
1.298717E-08,-1.5022070E-01
1.303717E-08,-1.5027341E-01
1.308717E-08,-1.5032612E-01
1.313717E-08,-1.5032612E-01
1.318717E-08,-1.5037883E-01
1.323717E-08,-1.5037883E-01
1.328717E-08,-1.5037883E-01
1.333717E-08,-1.5037883E-01
1.338717E-08,-1.5037883E-01
1.343717E-08,-1.5037883E-01
1.348717E-08,-1.5037883E-01
1.353717E-08,-1.5032612E-01
1.358717E-08,-1.5027341E-01
1.363717E-08,-1.5027341E-01
1.368717E-08,-1.5022070E-01
1.373717E-08,-1.5016799E-01
1.378717E-08,-1.5011528E-01
1.383717E-08,-1.5000986E-01
1.388717E-08,-1.4995715E-01
1.393717E-08,-1.4990444E-01
1.398717E-08,-1.4985173E-01
1.403717E-08,-1.4979903E-01
1.408717E-08,-1.4974632E-01
1.413717E-08,-1.4969361E-01
1.418717E-08,-1.4964090E-01
1.423717E-08,-1.4958819E-01
1.428717E-08,-1.4953548E-01
1.433717E-08,-1.4948277E-01
1.438717E-08,-1.4948277E-01
1.443717E-08,-1.4948277E-01
1.448717E-08,-1.4943006E-01
1.453717E-08,-1.4943006E-01
1.458717E-08,-1.4948277E-01
1.463717E-08,-1.4948277E-01
1.468717E-08,-1.4948277E-01
1.473717E-08,-1.4953548E-01
1.478717E-08,-1.4953548E-01
1.483717E-08,-1.4958819E-01
1.488717E-08,-1.4964090E-01
1.493717E-08,-1.4969361E-01
1.498717E-08,-1.4974632E-01
1.503717E-08,-1.4979903E-01
1.508717E-08,-1.4985173E-01
1.513717E-08,-1.4990444E-01
1.518717E-08,-1.5000986E-01
1.523717E-08,-1.5006257E-01
1.528717E-08,-1.5011528E-01
1.533717E-08,-1.5016799E-01
1.538717E-08,-1.5022070E-01
1.543717E-08,-1.5022070E-01
1.548717E-08,-1.5027341E-01
1.553717E-08,-1.5032612E-01
1.558717E-08,-1.5032612E-01
1.563717E-08,-1.5032612E-01
1.568717E-08,-1.5032612E-01
1.573717E-08,-1.5032612E-01
1.578717E-08,-1.5032612E-01
1.583717E-08,-1.5032612E-01
1.588717E-08,-1.5032612E-01
1.593717E-08,-1.5027341E-01
1.598717E-08,-1.5022070E-01
1.603717E-08,-1.5022070E-01
1.608717E-08,-1.5016799E-01
1.613717E-08,-1.5011528E-01
1.618717E-08,-1.5006257E-01
1.623717E-08,-1.4995715E-01
1.628717E-08,-1.4990444E-01
1.633717E-08,-1.4985173E-01
1.638717E-08,-1.4979903E-01
1.643717E-08,-1.4974632E-01
1.648717E-08,-1.4969361E-01
1.653717E-08,-1.4964090E-01
1.658717E-08,-1.4958819E-01
1.663717E-08,-1.4953548E-01
1.668717E-08,-1.4948277E-01
1.673717E-08,-1.4943006E-01
1.678717E-08,-1.4937735E-01
1.683717E-08,-1.4937735E-01
1.688717E-08,-1.4932464E-01
1.693717E-08,-1.4932464E-01
1.698717E-08,-1.4932464E-01
1.703717E-08,-1.4932464E-01
1.708717E-08,-1.4932464E-01
1.713717E-08,-1.4932464E-01
1.718717E-08,-1.4932464E-01
1.723717E-08,-1.4932464E-01
1.728717E-08,-1.4937735E-01
1.733717E-08,-1.4937735E-01
1.738717E-08,-1.4943006E-01
1.743717E-08,-1.4943006E-01
1.748717E-08,-1.4948277E-01
1.753717E-08,-1.4953548E-01
1.758717E-08,-1.4953548E-01
1.763717E-08,-1.4958819E-01
1.768717E-08,-1.4964090E-01
1.773717E-08,-1.4964090E-01
1.778717E-08,-1.4969361E-01
1.783717E-08,-1.4969361E-01
1.788717E-08,-1.4969361E-01
1.793717E-08,-1.4974632E-01
1.798717E-08,-1.4974632E-01
1.803717E-08,-1.4974632E-01
1.808717E-08,-1.4974632E-01
1.813717E-08,-1.4974632E-01
1.818717E-08,-1.4974632E-01
1.823717E-08,-1.4974632E-01
1.828717E-08,-1.4969361E-01
1.833717E-08,-1.4969361E-01
1.838717E-08,-1.4964090E-01
1.843717E-08,-1.4964090E-01
1.848717E-08,-1.4958819E-01
1.853717E-08,-1.4958819E-01
1.858717E-08,-1.4953548E-01
1.863717E-08,-1.4953548E-01
1.868717E-08,-1.4948277E-01
1.873717E-08,-1.4948277E-01
1.878717E-08,-1.4943006E-01
1.883717E-08,-1.4943006E-01
1.888717E-08,-1.4937735E-01
1.893717E-08,-1.4937735E-01
1.898717E-08,-1.4937735E-01
1.903717E-08,-1.4937735E-01
1.908717E-08,-1.4937735E-01
1.913717E-08,-1.4937735E-01
1.918717E-08,-1.4937735E-01
1.923717E-08,-1.4937735E-01
1.928717E-08,-1.4943006E-01
1.933717E-08,-1.4943006E-01
1.938717E-08,-1.4948277E-01
1.943717E-08,-1.4948277E-01
1.948717E-08,-1.4953548E-01
1.953717E-08,-1.4958819E-01
1.958717E-08,-1.4958819E-01
1.963717E-08,-1.4964090E-01
1.968717E-08,-1.4969361E-01
1.973717E-08,-1.4974632E-01
1.978717E-08,-1.4979903E-01
1.983717E-08,-1.4979903E-01
1.988717E-08,-1.4985173E-01
1.993717E-08,-1.4990444E-01
1.998717E-08,-1.4990444E-01
2.003717E-08,-1.4995715E-01
2.008717E-08,-1.4995715E-01
2.013717E-08,-1.5000986E-01
2.018717E-08,-1.5000986E-01
2.023717E-08,-1.5000986E-01
2.028717E-08,-1.5000986E-01
2.033717E-08,-1.5000986E-01
2.038717E-08,-1.5000986E-01
2.043717E-08,-1.4995715E-01
2.048717E-08,-1.4995715E-01
2.053717E-08,-1.4995715E-01
2.058717E-08,-1.4990444E-01
2.063717E-08,-1.4985173E-01
2.068717E-08,-1.4985173E-01
2.073717E-08,-1.4979903E-01
2.078717E-08,-1.4974632E-01
2.083717E-08,-1.4974632E-01
2.088717E-08,-1.4969361E-01
2.093717E-08,-1.4964090E-01
2.098717E-08,-1.4964090E-01
2.103717E-08,-1.4958819E-01
2.108717E-08,-1.4953548E-01
2.113717E-08,-1.4953548E-01
2.118717E-08,-1.4953548E-01
2.123717E-08,-1.4948277E-01
2.128717E-08,-1.4948277E-01
2.133717E-08,-1.4948277E-01
2.138717E-08,-1.4948277E-01
2.143717E-08,-1.4948277E-01
2.148717E-08,-1.4948277E-01
2.153717E-08,-1.4948277E-01
2.158717E-08,-1.4948277E-01
2.163717E-08,-1.4948277E-01
2.168717E-08,-1.4953548E-01
2.173717E-08,-1.4953548E-01
2.178717E-08,-1.4953548E-01
2.183717E-08,-1.4958819E-01
2.188717E-08,-1.4958819E-01
2.193717E-08,-1.4964090E-01
2.198717E-08,-1.4964090E-01
2.203717E-08,-1.4969361E-01
2.208717E-08,-1.4969361E-01
2.213717E-08,-1.4969361E-01
2.218717E-08,-1.4974632E-01
2.223717E-08,-1.4974632E-01
2.228717E-08,-1.4974632E-01
2.233717E-08,-1.4974632E-01
2.238717E-08,-1.4974632E-01
2.243717E-08,-1.4974632E-01
2.248717E-08,-1.4969361E-01
2.253717E-08,-1.4969361E-01
2.258717E-08,-1.4964090E-01
2.263717E-08,-1.4964090E-01
2.268717E-08,-1.4958819E-01
2.273717E-08,-1.4958819E-01
2.278717E-08,-1.4953548E-01
2.283717E-08,-1.4948277E-01
2.288717E-08,-1.4943006E-01
2.293717E-08,-1.4943006E-01
2.298717E-08,-1.4937735E-01
2.303717E-08,-1.4932464E-01
2.308717E-08,-1.4927194E-01
2.313717E-08,-1.4921923E-01
2.318717E-08,-1.4921923E-01
2.323717E-08,-1.4916652E-01
2.328717E-08,-1.4916652E-01
2.333717E-08,-1.4911381E-01
2.338717E-08,-1.4911381E-01
2.343717E-08,-1.4906110E-01
2.348717E-08,-1.4906110E-01
2.353717E-08,-1.4906110E-01
2.358717E-08,-1.4906110E-01
2.363717E-08,-1.4900839E-01
2.368717E-08,-1.4900839E-01
2.373717E-08,-1.4906110E-01
2.378717E-08,-1.4906110E-01
2.383717E-08,-1.4906110E-01
2.388717E-08,-1.4906110E-01
2.393717E-08,-1.4911381E-01
2.398717E-08,-1.4911381E-01
2.403717E-08,-1.4911381E-01
2.408717E-08,-1.4916652E-01
2.413717E-08,-1.4916652E-01
2.418717E-08,-1.4921923E-01
2.423717E-08,-1.4921923E-01
2.428717E-08,-1.4921923E-01
2.433717E-08,-1.4927194E-01
2.438717E-08,-1.4927194E-01
2.443717E-08,-1.4927194E-01
2.448717E-08,-1.4932464E-01
2.453717E-08,-1.4932464E-01
2.458717E-08,-1.4932464E-01
2.463717E-08,-1.4932464E-01
2.468717E-08,-1.4932464E-01
2.473717E-08,-1.4932464E-01
2.478717E-08,-1.4932464E-01
2.483717E-08,-1.4932464E-01
2.488717E-08,-1.4932464E-01
2.493717E-08,-1.4927194E-01
2.498717E-08,-1.4927194E-01
2.503717E-08,-1.4927194E-01
2.508717E-08,-1.4927194E-01
2.513717E-08,-1.4927194E-01
2.518717E-08,-1.4921923E-01
2.523717E-08,-1.4921923E-01
2.528717E-08,-1.4921923E-01
2.533717E-08,-1.4921923E-01
2.538717E-08,-1.4921923E-01
2.543717E-08,-1.4921923E-01
2.548717E-08,-1.4921923E-01
2.553717E-08,-1.4921923E-01
2.558717E-08,-1.4921923E-01
2.563717E-08,-1.4921923E-01
2.568717E-08,-1.4921923E-01
2.573717E-08,-1.4921923E-01
2.578717E-08,-1.4921923E-01
2.583717E-08,-1.4921923E-01
2.588717E-08,-1.4927194E-01
2.593717E-08,-1.4927194E-01
2.598717E-08,-1.4927194E-01
2.603717E-08,-1.4932464E-01
2.608717E-08,-1.4932464E-01
2.613717E-08,-1.4932464E-01
2.618717E-08,-1.4937735E-01
2.623717E-08,-1.4937735E-01
2.628717E-08,-1.4937735E-01
2.633717E-08,-1.4937735E-01
2.638717E-08,-1.4943006E-01
2.643717E-08,-1.4943006E-01
2.648717E-08,-1.4943006E-01
2.653717E-08,-1.4943006E-01
2.658717E-08,-1.4943006E-01
2.663717E-08,-1.4943006E-01
2.668717E-08,-1.4943006E-01
2.673717E-08,-1.4943006E-01
2.678717E-08,-1.4943006E-01
2.683717E-08,-1.4943006E-01
2.688717E-08,-1.4937735E-01
2.693717E-08,-1.4937735E-01
2.698717E-08,-1.4937735E-01
2.703717E-08,-1.4937735E-01
2.708717E-08,-1.4937735E-01
2.713717E-08,-1.4932464E-01
2.718717E-08,-1.4932464E-01
2.723717E-08,-1.4932464E-01
2.728717E-08,-1.4932464E-01
2.733717E-08,-1.4932464E-01
2.738717E-08,-1.4932464E-01
2.743717E-08,-1.4932464E-01
2.748717E-08,-1.4932464E-01
2.753717E-08,-1.4937735E-01
2.758717E-08,-1.4937735E-01
2.763717E-08,-1.4937735E-01
2.768717E-08,-1.4937735E-01
2.773717E-08,-1.4943006E-01
2.778717E-08,-1.4943006E-01
2.783717E-08,-1.4948277E-01
2.788717E-08,-1.4948277E-01
2.793717E-08,-1.4948277E-01
2.798717E-08,-1.4953548E-01
2.803717E-08,-1.4953548E-01
2.808717E-08,-1.4958819E-01
2.813717E-08,-1.4958819E-01
2.818717E-08,-1.4964090E-01
2.823717E-08,-1.4964090E-01
2.828717E-08,-1.4964090E-01
2.833717E-08,-1.4964090E-01
2.838717E-08,-1.4969361E-01
2.843717E-08,-1.4969361E-01
2.848717E-08,-1.4969361E-01
2.853717E-08,-1.4964090E-01
2.858717E-08,-1.4964090E-01
2.863717E-08,-1.4964090E-01
2.868717E-08,-1.4964090E-01
2.873717E-08,-1.4958819E-01
2.878717E-08,-1.4958819E-01
2.883717E-08,-1.4953548E-01
2.888717E-08,-1.4953548E-01
2.893717E-08,-1.4948277E-01
2.898717E-08,-1.4943006E-01
2.903717E-08,-1.4943006E-01
2.908717E-08,-1.4937735E-01
2.913717E-08,-1.4932464E-01
2.918717E-08,-1.4927194E-01
2.923717E-08,-1.4921923E-01
2.928717E-08,-1.4921923E-01
2.933717E-08,-1.4916652E-01
2.938717E-08,-1.4911381E-01
2.943717E-08,-1.4906110E-01
2.948717E-08,-1.4906110E-01
2.953717E-08,-1.4900839E-01
2.958717E-08,-1.4900839E-01
2.963717E-08,-1.4895568E-01
2.968717E-08,-1.4895568E-01
2.973717E-08,-1.4895568E-01
2.978717E-08,-1.4895568E-01
2.983717E-08,-1.4895568E-01
2.988717E-08,-1.4895568E-01
2.993717E-08,-1.4895568E-01
2.998717E-08,-1.4895568E-01
3.003717E-08,-1.4900839E-01
3.008717E-08,-1.4900839E-01
3.013717E-08,-1.4900839E-01
3.018717E-08,-1.4906110E-01
3.023717E-08,-1.4906110E-01
3.028717E-08,-1.4911381E-01
3.033717E-08,-1.4911381E-01
3.038717E-08,-1.4916652E-01
3.043717E-08,-1.4916652E-01
3.048717E-08,-1.4921923E-01
3.053717E-08,-1.4927194E-01
3.058717E-08,-1.4927194E-01
3.063717E-08,-1.4927194E-01
3.068717E-08,-1.4932464E-01
3.073717E-08,-1.4932464E-01
3.078717E-08,-1.4932464E-01
3.083717E-08,-1.4932464E-01
3.088717E-08,-1.4937735E-01
3.093717E-08,-1.4937735E-01
3.098717E-08,-1.4937735E-01
3.103717E-08,-1.4932464E-01
3.108717E-08,-1.4932464E-01
3.113717E-08,-1.4932464E-01
3.118717E-08,-1.4932464E-01
3.123717E-08,-1.4932464E-01
3.128717E-08,-1.4927194E-01
3.133717E-08,-1.4927194E-01
3.138717E-08,-1.4921923E-01
3.143717E-08,-1.4921923E-01
3.148717E-08,-1.4921923E-01
3.153717E-08,-1.4916652E-01
3.158717E-08,-1.4916652E-01
3.163717E-08,-1.4911381E-01
3.168717E-08,-1.4911381E-01
3.173717E-08,-1.4911381E-01
3.178717E-08,-1.4906110E-01
3.183717E-08,-1.4906110E-01
3.188717E-08,-1.4906110E-01
3.193717E-08,-1.4906110E-01
3.198717E-08,-1.4906110E-01
3.203717E-08,-1.4906110E-01
3.208717E-08,-1.4906110E-01
3.213717E-08,-1.4906110E-01
3.218717E-08,-1.4906110E-01
3.223717E-08,-1.4911381E-01
3.228717E-08,-1.4911381E-01
3.233717E-08,-1.4911381E-01
3.238717E-08,-1.4916652E-01
3.243717E-08,-1.4916652E-01
3.248717E-08,-1.4921923E-01
3.253717E-08,-1.4921923E-01
3.258717E-08,-1.4927194E-01
3.263717E-08,-1.4927194E-01
3.268717E-08,-1.4932464E-01
3.273717E-08,-1.4932464E-01
3.278717E-08,-1.4932464E-01
3.283717E-08,-1.4937735E-01
3.288717E-08,-1.4937735E-01
3.293717E-08,-1.4937735E-01
3.298717E-08,-1.4943006E-01
3.303717E-08,-1.4943006E-01
3.308717E-08,-1.4943006E-01
3.313717E-08,-1.4943006E-01
3.318717E-08,-1.4943006E-01
3.323717E-08,-1.4943006E-01
3.328717E-08,-1.4937735E-01
3.333717E-08,-1.4937735E-01
3.338717E-08,-1.4937735E-01
3.343717E-08,-1.4932464E-01
3.348717E-08,-1.4932464E-01
3.353717E-08,-1.4927194E-01
3.358717E-08,-1.4927194E-01
3.363717E-08,-1.4921923E-01
3.368717E-08,-1.4916652E-01
3.373717E-08,-1.4916652E-01
3.378717E-08,-1.4911381E-01
3.383717E-08,-1.4911381E-01
3.388717E-08,-1.4906110E-01
3.393717E-08,-1.4900839E-01
3.398717E-08,-1.4900839E-01
3.403717E-08,-1.4895568E-01
3.408717E-08,-1.4895568E-01
3.413717E-08,-1.4895568E-01
3.418717E-08,-1.4890297E-01
3.423717E-08,-1.4890297E-01
3.428717E-08,-1.4890297E-01
3.433717E-08,-1.4890297E-01
3.438717E-08,-1.4890297E-01
3.443717E-08,-1.4890297E-01
3.448717E-08,-1.4895568E-01
3.453717E-08,-1.4895568E-01
3.458717E-08,-1.4895568E-01
3.463717E-08,-1.4900839E-01
3.468717E-08,-1.4900839E-01
3.473717E-08,-1.4906110E-01
3.478717E-08,-1.4911381E-01
3.483717E-08,-1.4916652E-01
3.488717E-08,-1.4916652E-01
3.493717E-08,-1.4921923E-01
3.498717E-08,-1.4927194E-01
3.503717E-08,-1.4932464E-01
3.508717E-08,-1.4937735E-01
3.513717E-08,-1.4943006E-01
3.518717E-08,-1.4943006E-01
3.523717E-08,-1.4948277E-01
3.528717E-08,-1.4953548E-01
3.533717E-08,-1.4953548E-01
3.538717E-08,-1.4958819E-01
3.543717E-08,-1.4958819E-01
3.548717E-08,-1.4964090E-01
3.553717E-08,-1.4964090E-01
3.558717E-08,-1.4964090E-01
3.563717E-08,-1.4964090E-01
3.568717E-08,-1.4964090E-01
3.573717E-08,-1.4964090E-01
3.578717E-08,-1.4964090E-01
3.583717E-08,-1.4958819E-01
3.588717E-08,-1.4958819E-01
3.593717E-08,-1.4953548E-01
3.598717E-08,-1.4953548E-01
3.603717E-08,-1.4948277E-01
3.608717E-08,-1.4943006E-01
3.613717E-08,-1.4937735E-01
3.618717E-08,-1.4932464E-01
3.623717E-08,-1.4927194E-01
3.628717E-08,-1.4921923E-01
3.633717E-08,-1.4916652E-01
3.638717E-08,-1.4911381E-01
3.643717E-08,-1.4906110E-01
3.648717E-08,-1.4900839E-01
3.653717E-08,-1.4895568E-01
3.658717E-08,-1.4890297E-01
3.663717E-08,-1.4885026E-01
3.668717E-08,-1.4885026E-01
3.673717E-08,-1.4879755E-01
3.678717E-08,-1.4874485E-01
3.683717E-08,-1.4874485E-01
3.688717E-08,-1.4869214E-01
3.693717E-08,-1.4869214E-01
3.698717E-08,-1.4863943E-01
3.703717E-08,-1.4863943E-01
3.708717E-08,-1.4863943E-01
3.713717E-08,-1.4863943E-01
3.718717E-08,-1.4863943E-01
3.723717E-08,-1.4863943E-01
3.728717E-08,-1.4863943E-01
3.733717E-08,-1.4869214E-01
3.738717E-08,-1.4869214E-01
3.743717E-08,-1.4874485E-01
3.748717E-08,-1.4874485E-01
3.753717E-08,-1.4879755E-01
3.758717E-08,-1.4885026E-01
3.763717E-08,-1.4885026E-01
3.768717E-08,-1.4890297E-01
3.773717E-08,-1.4895568E-01
3.778717E-08,-1.4900839E-01
3.783717E-08,-1.4906110E-01
3.788717E-08,-1.4911381E-01
3.793717E-08,-1.4911381E-01
3.798717E-08,-1.4916652E-01
3.803717E-08,-1.4921923E-01
3.808717E-08,-1.4927194E-01
3.813717E-08,-1.4932464E-01
3.818717E-08,-1.4937735E-01
3.823717E-08,-1.4943006E-01
3.828717E-08,-1.4943006E-01
3.833717E-08,-1.4948277E-01
3.838717E-08,-1.4953548E-01
3.843717E-08,-1.4958819E-01
3.848717E-08,-1.4964090E-01
3.853717E-08,-1.4964090E-01
3.858717E-08,-1.4969361E-01
3.863717E-08,-1.4974632E-01
3.868717E-08,-1.4979903E-01
3.873717E-08,-1.4979903E-01
3.878717E-08,-1.4985173E-01
3.883717E-08,-1.4990444E-01
3.888717E-08,-1.4990444E-01
3.893717E-08,-1.4995715E-01
3.898717E-08,-1.5000986E-01
3.903717E-08,-1.5000986E-01
3.908717E-08,-1.5006257E-01
3.913717E-08,-1.5006257E-01
3.918717E-08,-1.5011528E-01
3.923717E-08,-1.5016799E-01
3.928717E-08,-1.5016799E-01
3.933717E-08,-1.5016799E-01
3.938717E-08,-1.5022070E-01
3.943717E-08,-1.5022070E-01
3.948717E-08,-1.5022070E-01
3.953717E-08,-1.5022070E-01
3.958717E-08,-1.5027341E-01
3.963717E-08,-1.5027341E-01
3.968717E-08,-1.5027341E-01
3.973717E-08,-1.5027341E-01
3.978717E-08,-1.5027341E-01
3.983717E-08,-1.5022070E-01
3.988717E-08,-1.5022070E-01
3.993717E-08,-1.5022070E-01
3.998717E-08,-1.5022070E-01
4.003717E-08,-1.5016799E-01
4.008717E-08,-1.5016799E-01
4.013717E-08,-1.5011528E-01
4.018717E-08,-1.5011528E-01
4.023717E-08,-1.5006257E-01
4.028717E-08,-1.5006257E-01
4.033717E-08,-1.5000986E-01
4.038717E-08,-1.4995715E-01
4.043717E-08,-1.4995715E-01
4.048717E-08,-1.4990444E-01
4.053717E-08,-1.4990444E-01
4.058717E-08,-1.4985173E-01
4.063717E-08,-1.4985173E-01
4.068717E-08,-1.4979903E-01
4.073717E-08,-1.4979903E-01
4.078717E-08,-1.4974632E-01
4.083717E-08,-1.4974632E-01
4.088717E-08,-1.4974632E-01
4.093717E-08,-1.4969361E-01
4.098717E-08,-1.4969361E-01
4.103717E-08,-1.4969361E-01
4.108717E-08,-1.4969361E-01
4.113717E-08,-1.4964090E-01
4.118717E-08,-1.4964090E-01
4.123717E-08,-1.4964090E-01
4.128717E-08,-1.4964090E-01
4.133717E-08,-1.4964090E-01
4.138717E-08,-1.4964090E-01
4.143717E-08,-1.4964090E-01
4.148717E-08,-1.4964090E-01
4.153717E-08,-1.4964090E-01
4.158717E-08,-1.4964090E-01
4.163717E-08,-1.4964090E-01
4.168717E-08,-1.4964090E-01
4.173717E-08,-1.4958819E-01
4.178717E-08,-1.4958819E-01
4.183717E-08,-1.4958819E-01
4.188717E-08,-1.4958819E-01
4.193717E-08,-1.4953548E-01
4.198717E-08,-1.4953548E-01
4.203717E-08,-1.4953548E-01
4.208717E-08,-1.4948277E-01
4.213717E-08,-1.4948277E-01
4.218717E-08,-1.4948277E-01
4.223717E-08,-1.4943006E-01
4.228717E-08,-1.4943006E-01
4.233717E-08,-1.4943006E-01
4.238717E-08,-1.4937735E-01
4.243717E-08,-1.4937735E-01
4.248717E-08,-1.4932464E-01
4.253717E-08,-1.4932464E-01
4.258717E-08,-1.4932464E-01
4.263717E-08,-1.4932464E-01
4.268717E-08,-1.4932464E-01
4.273717E-08,-1.4932464E-01
4.278717E-08,-1.4932464E-01
4.283717E-08,-1.4932464E-01
4.288717E-08,-1.4932464E-01
4.293717E-08,-1.4932464E-01
4.298717E-08,-1.4932464E-01
4.303717E-08,-1.4937735E-01
4.308717E-08,-1.4937735E-01
4.313717E-08,-1.4937735E-01
4.318717E-08,-1.4943006E-01
4.323717E-08,-1.4943006E-01
4.328717E-08,-1.4943006E-01
4.333717E-08,-1.4948277E-01
4.338717E-08,-1.4948277E-01
4.343717E-08,-1.4948277E-01
4.348717E-08,-1.4953548E-01
4.353717E-08,-1.4953548E-01
4.358717E-08,-1.4953548E-01
4.363717E-08,-1.4953548E-01
4.368717E-08,-1.4953548E-01
4.373717E-08,-1.4948277E-01
4.378717E-08,-1.4948277E-01
4.383717E-08,-1.4943006E-01
4.388717E-08,-1.4943006E-01
4.393717E-08,-1.4937735E-01
4.398717E-08,-1.4932464E-01
4.403717E-08,-1.4927194E-01
4.408717E-08,-1.4921923E-01
4.413717E-08,-1.4916652E-01
4.418717E-08,-1.4911381E-01
4.423717E-08,-1.4900839E-01
4.428717E-08,-1.4895568E-01
4.433717E-08,-1.4885026E-01
4.438717E-08,-1.4879755E-01
4.443717E-08,-1.4869214E-01
4.448717E-08,-1.4863943E-01
4.453717E-08,-1.4853401E-01
4.458717E-08,-1.4848130E-01
4.463717E-08,-1.4837588E-01
4.468717E-08,-1.4832317E-01
4.473717E-08,-1.4827046E-01
4.478717E-08,-1.4821776E-01
4.483717E-08,-1.4816505E-01
4.488717E-08,-1.4811234E-01
4.493717E-08,-1.4811234E-01
4.498717E-08,-1.4805963E-01
4.503717E-08,-1.4805963E-01
4.508717E-08,-1.4805963E-01
4.513717E-08,-1.4805963E-01
4.518717E-08,-1.4805963E-01
4.523717E-08,-1.4805963E-01
4.528717E-08,-1.4811234E-01
4.533717E-08,-1.4816505E-01
4.538717E-08,-1.4821776E-01
4.543717E-08,-1.4827046E-01
4.548717E-08,-1.4832317E-01
4.553717E-08,-1.4837588E-01
4.558717E-08,-1.4842859E-01
4.563717E-08,-1.4853401E-01
4.568717E-08,-1.4858672E-01
4.573717E-08,-1.4863943E-01
4.578717E-08,-1.4874485E-01
4.583717E-08,-1.4879755E-01
4.588717E-08,-1.4885026E-01
4.593717E-08,-1.4895568E-01
4.598717E-08,-1.4900839E-01
4.603717E-08,-1.4906110E-01
4.608717E-08,-1.4911381E-01
4.613717E-08,-1.4916652E-01
4.618717E-08,-1.4921923E-01
4.623717E-08,-1.4927194E-01
4.628717E-08,-1.4932464E-01
4.633717E-08,-1.4932464E-01
4.638717E-08,-1.4937735E-01
4.643717E-08,-1.4937735E-01
4.648717E-08,-1.4937735E-01
4.653717E-08,-1.4943006E-01
4.658717E-08,-1.4943006E-01
4.663717E-08,-1.4943006E-01
4.668717E-08,-1.4943006E-01
4.673717E-08,-1.4943006E-01
4.678717E-08,-1.4943006E-01
4.683717E-08,-1.4943006E-01
4.688717E-08,-1.4943006E-01
4.693717E-08,-1.4937735E-01
4.698717E-08,-1.4937735E-01
4.703717E-08,-1.4937735E-01
4.708717E-08,-1.4937735E-01
4.713717E-08,-1.4937735E-01
4.718717E-08,-1.4943006E-01
4.723717E-08,-1.4943006E-01
4.728717E-08,-1.4943006E-01
4.733717E-08,-1.4943006E-01
4.738717E-08,-1.4948277E-01
4.743717E-08,-1.4948277E-01
4.748717E-08,-1.4948277E-01
4.753717E-08,-1.4953548E-01
4.758717E-08,-1.4953548E-01
4.763717E-08,-1.4958819E-01
4.768717E-08,-1.4958819E-01
4.773717E-08,-1.4964090E-01
4.778717E-08,-1.4969361E-01
4.783717E-08,-1.4969361E-01
4.788717E-08,-1.4974632E-01
4.793717E-08,-1.4974632E-01
4.798717E-08,-1.4979903E-01
4.803717E-08,-1.4979903E-01
4.808717E-08,-1.4985173E-01
4.813717E-08,-1.4985173E-01
4.818717E-08,-1.4985173E-01
4.823717E-08,-1.4985173E-01
4.828717E-08,-1.4990444E-01
4.833717E-08,-1.4990444E-01
4.838717E-08,-1.4990444E-01
4.843717E-08,-1.4990444E-01
4.848717E-08,-1.4990444E-01
4.853717E-08,-1.4990444E-01
4.858717E-08,-1.4990444E-01
4.863717E-08,-1.4990444E-01
4.868717E-08,-1.4990444E-01
4.873717E-08,-1.4985173E-01
4.878717E-08,-1.4985173E-01
4.883717E-08,-1.4985173E-01
4.888717E-08,-1.4985173E-01
4.893717E-08,-1.4979903E-01
4.898717E-08,-1.4979903E-01
4.903717E-08,-1.4979903E-01
4.908717E-08,-1.4974632E-01
4.913717E-08,-1.4974632E-01
4.918717E-08,-1.4969361E-01
4.923717E-08,-1.4969361E-01
4.928717E-08,-1.4969361E-01
4.933717E-08,-1.4964090E-01
4.938717E-08,-1.4964090E-01
4.943717E-08,-1.4958819E-01
4.948717E-08,-1.4958819E-01
4.953717E-08,-1.4953548E-01
4.958717E-08,-1.4953548E-01
4.963717E-08,-1.4948277E-01
4.968717E-08,-1.4948277E-01
4.973717E-08,-1.4943006E-01
4.978717E-08,-1.4937735E-01
4.983717E-08,-1.4937735E-01
4.988717E-08,-1.4932464E-01
4.993717E-08,-1.4932464E-01
4.998717E-08,-1.4927194E-01
5.003717E-08,-1.4921923E-01
5.008717E-08,-1.4921923E-01
5.013717E-08,-1.4916652E-01
5.018717E-08,-1.4911381E-01
5.023717E-08,-1.4911381E-01
5.028717E-08,-1.4906110E-01
5.033717E-08,-1.4900839E-01
5.038717E-08,-1.4900839E-01
5.043717E-08,-1.4895568E-01
5.048717E-08,-1.4895568E-01
5.053717E-08,-1.4890297E-01
5.058717E-08,-1.4890297E-01
5.063717E-08,-1.4890297E-01
5.068717E-08,-1.4890297E-01
5.073717E-08,-1.4890297E-01
5.078717E-08,-1.4890297E-01
5.083717E-08,-1.4890297E-01
5.088717E-08,-1.4890297E-01
5.093717E-08,-1.4890297E-01
5.098717E-08,-1.4895568E-01
5.103717E-08,-1.4895568E-01
5.108717E-08,-1.4900839E-01
5.113717E-08,-1.4900839E-01
5.118717E-08,-1.4906110E-01
5.123717E-08,-1.4911381E-01
5.128717E-08,-1.4916652E-01
5.133717E-08,-1.4921923E-01
5.138717E-08,-1.4927194E-01
5.143717E-08,-1.4932464E-01
5.148717E-08,-1.4932464E-01
5.153717E-08,-1.4937735E-01
5.158717E-08,-1.4943006E-01
5.163717E-08,-1.4948277E-01
5.168717E-08,-1.4953548E-01
5.173717E-08,-1.4958819E-01
5.178717E-08,-1.4958819E-01
5.183717E-08,-1.4964090E-01
5.188717E-08,-1.4964090E-01
5.193717E-08,-1.4969361E-01
5.198717E-08,-1.4969361E-01
5.203717E-08,-1.4969361E-01
5.208717E-08,-1.4969361E-01
5.213717E-08,-1.4969361E-01
5.218717E-08,-1.4969361E-01
5.223717E-08,-1.4969361E-01
5.228717E-08,-1.4964090E-01
5.233717E-08,-1.4964090E-01
5.238717E-08,-1.4964090E-01
5.243717E-08,-1.4958819E-01
5.248717E-08,-1.4958819E-01
5.253717E-08,-1.4953548E-01
5.258717E-08,-1.4953548E-01
5.263717E-08,-1.4948277E-01
5.268717E-08,-1.4948277E-01
5.273717E-08,-1.4948277E-01
5.278717E-08,-1.4943006E-01
5.283717E-08,-1.4943006E-01
5.288717E-08,-1.4943006E-01
5.293717E-08,-1.4943006E-01
5.298717E-08,-1.4943006E-01
5.303717E-08,-1.4943006E-01
5.308717E-08,-1.4943006E-01
5.313717E-08,-1.4948277E-01
5.318717E-08,-1.4948277E-01
5.323717E-08,-1.4948277E-01
5.328717E-08,-1.4953548E-01
5.333717E-08,-1.4953548E-01
5.338717E-08,-1.4958819E-01
5.343717E-08,-1.4964090E-01
5.348717E-08,-1.4969361E-01
5.353717E-08,-1.4969361E-01
5.358717E-08,-1.4974632E-01
5.363717E-08,-1.4979903E-01
5.368717E-08,-1.4979903E-01
5.373717E-08,-1.4985173E-01
5.378717E-08,-1.4985173E-01
5.383717E-08,-1.4990444E-01
5.388717E-08,-1.4990444E-01
5.393717E-08,-1.4995715E-01
5.398717E-08,-1.4995715E-01
5.403717E-08,-1.4995715E-01
5.408717E-08,-1.4995715E-01
5.413717E-08,-1.4995715E-01
5.418717E-08,-1.4995715E-01
5.423717E-08,-1.4995715E-01
5.428717E-08,-1.4990444E-01
5.433717E-08,-1.4990444E-01
5.438717E-08,-1.4985173E-01
5.443717E-08,-1.4985173E-01
5.448717E-08,-1.4979903E-01
5.453717E-08,-1.4974632E-01
5.458717E-08,-1.4969361E-01
5.463717E-08,-1.4969361E-01
5.468717E-08,-1.4964090E-01
5.473717E-08,-1.4958819E-01
5.478717E-08,-1.4953548E-01
5.483717E-08,-1.4953548E-01
5.488717E-08,-1.4948277E-01
5.493717E-08,-1.4943006E-01
5.498717E-08,-1.4943006E-01
5.503717E-08,-1.4937735E-01
5.508717E-08,-1.4937735E-01
5.513717E-08,-1.4937735E-01
5.518717E-08,-1.4937735E-01
5.523717E-08,-1.4937735E-01
5.528717E-08,-1.4937735E-01
5.533717E-08,-1.4937735E-01
5.538717E-08,-1.4937735E-01
5.543717E-08,-1.4937735E-01
5.548717E-08,-1.4943006E-01
5.553717E-08,-1.4943006E-01
5.558717E-08,-1.4948277E-01
5.563717E-08,-1.4953548E-01
5.568717E-08,-1.4953548E-01
5.573717E-08,-1.4958819E-01
5.578717E-08,-1.4964090E-01
5.583717E-08,-1.4964090E-01
5.588717E-08,-1.4969361E-01
5.593717E-08,-1.4969361E-01
5.598717E-08,-1.4974632E-01
5.603717E-08,-1.4974632E-01
5.608717E-08,-1.4979903E-01
5.613717E-08,-1.4979903E-01
5.618717E-08,-1.4979903E-01
5.623717E-08,-1.4985173E-01
5.628717E-08,-1.4985173E-01
5.633717E-08,-1.4985173E-01
5.638717E-08,-1.4985173E-01
5.643717E-08,-1.4979903E-01
5.648717E-08,-1.4979903E-01
5.653717E-08,-1.4979903E-01
5.658717E-08,-1.4974632E-01
5.663717E-08,-1.4974632E-01
5.668717E-08,-1.4974632E-01
5.673717E-08,-1.4969361E-01
5.678717E-08,-1.4969361E-01
5.683717E-08,-1.4964090E-01
5.688717E-08,-1.4964090E-01
5.693717E-08,-1.4958819E-01
5.698717E-08,-1.4958819E-01
5.703717E-08,-1.4953548E-01
5.708717E-08,-1.4953548E-01
5.713717E-08,-1.4948277E-01
5.718717E-08,-1.4948277E-01
5.723717E-08,-1.4948277E-01
5.728717E-08,-1.4943006E-01
5.733717E-08,-1.4943006E-01
5.738717E-08,-1.4943006E-01
5.743717E-08,-1.4943006E-01
5.748717E-08,-1.4943006E-01
5.753717E-08,-1.4943006E-01
5.758717E-08,-1.4943006E-01
5.763717E-08,-1.4943006E-01
5.768717E-08,-1.4948277E-01
5.773717E-08,-1.4948277E-01
5.778717E-08,-1.4948277E-01
5.783717E-08,-1.4948277E-01
5.788717E-08,-1.4948277E-01
5.793717E-08,-1.4953548E-01
5.798717E-08,-1.4953548E-01
5.803717E-08,-1.4953548E-01
5.808717E-08,-1.4953548E-01
5.813717E-08,-1.4953548E-01
5.818717E-08,-1.4953548E-01
5.823717E-08,-1.4953548E-01
5.828717E-08,-1.4958819E-01
5.833717E-08,-1.4953548E-01
5.838717E-08,-1.4953548E-01
5.843717E-08,-1.4953548E-01
5.848717E-08,-1.4953548E-01
5.853717E-08,-1.4953548E-01
5.858717E-08,-1.4953548E-01
5.863717E-08,-1.4953548E-01
5.868717E-08,-1.4953548E-01
5.873717E-08,-1.4948277E-01
5.878717E-08,-1.4948277E-01
5.883717E-08,-1.4948277E-01
5.888717E-08,-1.4948277E-01
5.893717E-08,-1.4948277E-01
5.898717E-08,-1.4943006E-01
5.903717E-08,-1.4943006E-01
5.908717E-08,-1.4943006E-01
5.913717E-08,-1.4943006E-01
5.918717E-08,-1.4943006E-01
5.923717E-08,-1.4943006E-01
5.928717E-08,-1.4943006E-01
5.933717E-08,-1.4943006E-01
5.938717E-08,-1.4943006E-01
5.943717E-08,-1.4943006E-01
5.948717E-08,-1.4943006E-01
5.953717E-08,-1.4943006E-01
5.958717E-08,-1.4943006E-01
5.963717E-08,-1.4943006E-01
5.968717E-08,-1.4943006E-01
5.973717E-08,-1.4943006E-01
5.978717E-08,-1.4948277E-01
5.983717E-08,-1.4948277E-01
5.988717E-08,-1.4948277E-01
5.993717E-08,-1.4948277E-01
5.998717E-08,-1.4948277E-01
6.003717E-08,-1.4948277E-01
6.008717E-08,-1.4948277E-01
6.013717E-08,-1.4948277E-01
6.018717E-08,-1.4943006E-01
6.023717E-08,-1.4943006E-01
6.028717E-08,-1.4943006E-01
6.033717E-08,-1.4943006E-01
6.038717E-08,-1.4943006E-01
6.043717E-08,-1.4943006E-01
6.048717E-08,-1.4943006E-01
6.053717E-08,-1.4937735E-01
6.058717E-08,-1.4937735E-01
6.063717E-08,-1.4937735E-01
6.068717E-08,-1.4937735E-01
6.073717E-08,-1.4937735E-01
6.078717E-08,-1.4937735E-01
6.083717E-08,-1.4937735E-01
6.088717E-08,-1.4937735E-01
6.093717E-08,-1.4937735E-01
6.098717E-08,-1.4937735E-01
6.103717E-08,-1.4937735E-01
6.108717E-08,-1.4943006E-01
6.113717E-08,-1.4943006E-01
6.118717E-08,-1.4943006E-01
6.123717E-08,-1.4948277E-01
6.128717E-08,-1.4948277E-01
6.133717E-08,-1.4948277E-01
6.138717E-08,-1.4953548E-01
6.143717E-08,-1.4953548E-01
6.148717E-08,-1.4953548E-01
6.153717E-08,-1.4958819E-01
6.158717E-08,-1.4958819E-01
6.163717E-08,-1.4958819E-01
6.168717E-08,-1.4958819E-01
6.173717E-08,-1.4958819E-01
6.178717E-08,-1.4958819E-01
6.183717E-08,-1.4958819E-01
6.188717E-08,-1.4958819E-01
6.193717E-08,-1.4958819E-01
6.198717E-08,-1.4958819E-01
6.203717E-08,-1.4953548E-01
6.208717E-08,-1.4953548E-01
6.213717E-08,-1.4948277E-01
6.218717E-08,-1.4948277E-01
6.223717E-08,-1.4943006E-01
6.228717E-08,-1.4937735E-01
6.233717E-08,-1.4932464E-01
6.238717E-08,-1.4927194E-01
6.243717E-08,-1.4921923E-01
6.248717E-08,-1.4916652E-01
6.253717E-08,-1.4916652E-01
6.258717E-08,-1.4911381E-01
6.263717E-08,-1.4906110E-01
6.268717E-08,-1.4900839E-01
6.273717E-08,-1.4900839E-01
6.278717E-08,-1.4895568E-01
6.283717E-08,-1.4895568E-01
6.288717E-08,-1.4895568E-01
6.293717E-08,-1.4895568E-01
6.298717E-08,-1.4895568E-01
6.303717E-08,-1.4895568E-01
6.308717E-08,-1.4895568E-01
6.313717E-08,-1.4900839E-01
6.318717E-08,-1.4900839E-01
6.323717E-08,-1.4906110E-01
6.328717E-08,-1.4911381E-01
6.333717E-08,-1.4916652E-01
6.338717E-08,-1.4927194E-01
6.343717E-08,-1.4932464E-01
6.348717E-08,-1.4937735E-01
6.353717E-08,-1.4948277E-01
6.358717E-08,-1.4953548E-01
6.363717E-08,-1.4964090E-01
6.368717E-08,-1.4969361E-01
6.373717E-08,-1.4974632E-01
6.378717E-08,-1.4985173E-01
6.383717E-08,-1.4990444E-01
6.388717E-08,-1.4995715E-01
6.393717E-08,-1.5000986E-01
6.398717E-08,-1.5006257E-01
6.403717E-08,-1.5006257E-01
6.408717E-08,-1.5011528E-01
6.413717E-08,-1.5011528E-01
6.418717E-08,-1.5011528E-01
6.423717E-08,-1.5011528E-01
6.428717E-08,-1.5006257E-01
6.433717E-08,-1.5006257E-01
6.438717E-08,-1.5000986E-01
6.443717E-08,-1.4995715E-01
6.448717E-08,-1.4990444E-01
6.453717E-08,-1.4985173E-01
6.458717E-08,-1.4974632E-01
6.463717E-08,-1.4969361E-01
6.468717E-08,-1.4958819E-01
6.473717E-08,-1.4948277E-01
6.478717E-08,-1.4943006E-01
6.483717E-08,-1.4932464E-01
6.488717E-08,-1.4921923E-01
6.493717E-08,-1.4916652E-01
6.498717E-08,-1.4906110E-01
6.503717E-08,-1.4900839E-01
6.508717E-08,-1.4890297E-01
6.513717E-08,-1.4885026E-01
6.518717E-08,-1.4879755E-01
6.523717E-08,-1.4879755E-01
6.528717E-08,-1.4874485E-01
6.533717E-08,-1.4874485E-01
6.538717E-08,-1.4874485E-01
6.543717E-08,-1.4874485E-01
6.548717E-08,-1.4874485E-01
6.553717E-08,-1.4879755E-01
6.558717E-08,-1.4885026E-01
6.563717E-08,-1.4890297E-01
6.568717E-08,-1.4895568E-01
6.573717E-08,-1.4900839E-01
6.578717E-08,-1.4911381E-01
6.583717E-08,-1.4916652E-01
6.588717E-08,-1.4927194E-01
6.593717E-08,-1.4937735E-01
6.598717E-08,-1.4943006E-01
6.603717E-08,-1.4953548E-01
6.608717E-08,-1.4964090E-01
6.613717E-08,-1.4969361E-01
6.618717E-08,-1.4979903E-01
6.623717E-08,-1.4985173E-01
6.628717E-08,-1.4995715E-01
6.633717E-08,-1.5000986E-01
6.638717E-08,-1.5006257E-01
6.643717E-08,-1.5011528E-01
6.648717E-08,-1.5016799E-01
6.653717E-08,-1.5016799E-01
6.658717E-08,-1.5016799E-01
6.663717E-08,-1.5016799E-01
6.668717E-08,-1.5016799E-01
6.673717E-08,-1.5016799E-01
6.678717E-08,-1.5016799E-01
6.683717E-08,-1.5011528E-01
6.688717E-08,-1.5006257E-01
6.693717E-08,-1.5000986E-01
6.698717E-08,-1.4995715E-01
6.703717E-08,-1.4990444E-01
6.708717E-08,-1.4985173E-01
6.713717E-08,-1.4979903E-01
6.718717E-08,-1.4974632E-01
6.723717E-08,-1.4969361E-01
6.728717E-08,-1.4958819E-01
6.733717E-08,-1.4953548E-01
6.738717E-08,-1.4948277E-01
6.743717E-08,-1.4943006E-01
6.748717E-08,-1.4937735E-01
6.753717E-08,-1.4932464E-01
6.758717E-08,-1.4932464E-01
6.763717E-08,-1.4927194E-01
6.768717E-08,-1.4927194E-01
6.773717E-08,-1.4921923E-01
6.778717E-08,-1.4921923E-01
6.783717E-08,-1.4921923E-01
6.788717E-08,-1.4921923E-01
6.793717E-08,-1.4921923E-01
6.798717E-08,-1.4927194E-01
6.803717E-08,-1.4927194E-01
6.808717E-08,-1.4932464E-01
6.813717E-08,-1.4932464E-01
6.818717E-08,-1.4937735E-01
6.823717E-08,-1.4937735E-01
6.828717E-08,-1.4943006E-01
6.833717E-08,-1.4948277E-01
6.838717E-08,-1.4953548E-01
6.843717E-08,-1.4953548E-01
6.848717E-08,-1.4958819E-01
6.853717E-08,-1.4964090E-01
6.858717E-08,-1.4964090E-01
6.863717E-08,-1.4969361E-01
6.868717E-08,-1.4969361E-01
6.873717E-08,-1.4974632E-01
6.878717E-08,-1.4974632E-01
6.883717E-08,-1.4979903E-01
6.888717E-08,-1.4979903E-01
6.893717E-08,-1.4979903E-01
6.898717E-08,-1.4979903E-01
6.903717E-08,-1.4979903E-01
6.908717E-08,-1.4979903E-01
6.913717E-08,-1.4979903E-01
6.918717E-08,-1.4979903E-01
6.923717E-08,-1.4979903E-01
6.928717E-08,-1.4979903E-01
6.933717E-08,-1.4979903E-01
6.938717E-08,-1.4979903E-01
6.943717E-08,-1.4979903E-01
6.948717E-08,-1.4979903E-01
6.953717E-08,-1.4979903E-01
6.958717E-08,-1.4979903E-01
6.963717E-08,-1.4979903E-01
6.968717E-08,-1.4979903E-01
6.973717E-08,-1.4979903E-01
6.978717E-08,-1.4979903E-01
6.983717E-08,-1.4979903E-01
6.988717E-08,-1.4979903E-01
6.993717E-08,-1.4985173E-01
6.998717E-08,-1.4985173E-01
7.003717E-08,-1.4985173E-01
7.008717E-08,-1.4990444E-01
7.013717E-08,-1.4990444E-01
7.018717E-08,-1.4990444E-01
7.023717E-08,-1.4995715E-01
7.028717E-08,-1.4995715E-01
7.033717E-08,-1.5000986E-01
7.038717E-08,-1.5000986E-01
7.043717E-08,-1.5006257E-01
7.048717E-08,-1.5006257E-01
7.053717E-08,-1.5011528E-01
7.058717E-08,-1.5011528E-01
7.063717E-08,-1.5011528E-01
7.068717E-08,-1.5016799E-01
7.073717E-08,-1.5016799E-01
7.078717E-08,-1.5016799E-01
7.083717E-08,-1.5022070E-01
7.088717E-08,-1.5022070E-01
7.093717E-08,-1.5022070E-01
7.098717E-08,-1.5022070E-01
7.103717E-08,-1.5022070E-01
7.108717E-08,-1.5022070E-01
7.113717E-08,-1.5022070E-01
7.118717E-08,-1.5022070E-01
7.123717E-08,-1.5022070E-01
7.128717E-08,-1.5022070E-01
7.133717E-08,-1.5022070E-01
7.138717E-08,-1.5022070E-01
7.143717E-08,-1.5016799E-01
7.148717E-08,-1.5016799E-01
7.153717E-08,-1.5016799E-01
7.158717E-08,-1.5016799E-01
7.163717E-08,-1.5011528E-01
7.168717E-08,-1.5011528E-01
7.173717E-08,-1.5006257E-01
7.178717E-08,-1.5006257E-01
7.183717E-08,-1.5006257E-01
7.188717E-08,-1.5000986E-01
7.193717E-08,-1.5000986E-01
7.198717E-08,-1.4995715E-01
7.203717E-08,-1.4995715E-01
7.208717E-08,-1.4990444E-01
7.213717E-08,-1.4990444E-01
7.218717E-08,-1.4985173E-01
7.223717E-08,-1.4979903E-01
7.228717E-08,-1.4979903E-01
7.233717E-08,-1.4974632E-01
7.238717E-08,-1.4974632E-01
7.243717E-08,-1.4969361E-01
7.248717E-08,-1.4969361E-01
7.253717E-08,-1.4964090E-01
7.258717E-08,-1.4958819E-01
7.263717E-08,-1.4958819E-01
7.268717E-08,-1.4953548E-01
7.273717E-08,-1.4953548E-01
7.278717E-08,-1.4948277E-01
7.283717E-08,-1.4948277E-01
7.288717E-08,-1.4943006E-01
7.293717E-08,-1.4937735E-01
7.298717E-08,-1.4937735E-01
7.303717E-08,-1.4937735E-01
7.308717E-08,-1.4932464E-01
7.313717E-08,-1.4932464E-01
7.318717E-08,-1.4927194E-01
7.323717E-08,-1.4927194E-01
7.328717E-08,-1.4927194E-01
7.333717E-08,-1.4921923E-01
7.338717E-08,-1.4921923E-01
7.343717E-08,-1.4921923E-01
7.348717E-08,-1.4921923E-01
7.353717E-08,-1.4921923E-01
7.358717E-08,-1.4921923E-01
7.363717E-08,-1.4921923E-01
7.368717E-08,-1.4916652E-01
7.373717E-08,-1.4916652E-01
7.378717E-08,-1.4916652E-01
7.383717E-08,-1.4921923E-01
7.388717E-08,-1.4921923E-01
7.393717E-08,-1.4921923E-01
7.398717E-08,-1.4921923E-01
7.403717E-08,-1.4921923E-01
7.408717E-08,-1.4921923E-01
7.413717E-08,-1.4921923E-01
7.418717E-08,-1.4927194E-01
7.423717E-08,-1.4927194E-01
7.428717E-08,-1.4927194E-01
7.433717E-08,-1.4927194E-01
7.438717E-08,-1.4932464E-01
7.443717E-08,-1.4932464E-01
7.448717E-08,-1.4932464E-01
7.453717E-08,-1.4937735E-01
7.458717E-08,-1.4937735E-01
7.463717E-08,-1.4937735E-01
7.468717E-08,-1.4943006E-01
7.473717E-08,-1.4943006E-01
7.478717E-08,-1.4948277E-01
7.483717E-08,-1.4948277E-01
7.488717E-08,-1.4948277E-01
7.493717E-08,-1.4953548E-01
7.498717E-08,-1.4953548E-01
7.503717E-08,-1.4958819E-01
7.508717E-08,-1.4958819E-01
7.513717E-08,-1.4964090E-01
7.518717E-08,-1.4964090E-01
7.523717E-08,-1.4969361E-01
7.528717E-08,-1.4969361E-01
7.533717E-08,-1.4974632E-01
7.538717E-08,-1.4974632E-01
7.543717E-08,-1.4979903E-01
7.548717E-08,-1.4979903E-01
7.553717E-08,-1.4985173E-01
7.558717E-08,-1.4985173E-01
7.563717E-08,-1.4985173E-01
7.568717E-08,-1.4990444E-01
7.573717E-08,-1.4990444E-01
7.578717E-08,-1.4990444E-01
7.583717E-08,-1.4990444E-01
7.588717E-08,-1.4990444E-01
7.593717E-08,-1.4995715E-01
7.598717E-08,-1.4995715E-01
7.603717E-08,-1.4995715E-01
7.608717E-08,-1.4995715E-01
7.613717E-08,-1.4990444E-01
7.618717E-08,-1.4990444E-01
7.623717E-08,-1.4990444E-01
7.628717E-08,-1.4990444E-01
7.633717E-08,-1.4990444E-01
7.638717E-08,-1.4990444E-01
7.643717E-08,-1.4985173E-01
7.648717E-08,-1.4985173E-01
7.653717E-08,-1.4985173E-01
7.658717E-08,-1.4985173E-01
7.663717E-08,-1.4979903E-01
7.668717E-08,-1.4979903E-01
7.673717E-08,-1.4979903E-01
7.678717E-08,-1.4979903E-01
7.683717E-08,-1.4979903E-01
7.688717E-08,-1.4974632E-01
7.693717E-08,-1.4974632E-01
7.698717E-08,-1.4974632E-01
7.703717E-08,-1.4974632E-01
7.708717E-08,-1.4974632E-01
7.713717E-08,-1.4974632E-01
7.718717E-08,-1.4974632E-01
7.723717E-08,-1.4974632E-01
7.728717E-08,-1.4974632E-01
7.733717E-08,-1.4974632E-01
7.738717E-08,-1.4974632E-01
7.743717E-08,-1.4974632E-01
7.748717E-08,-1.4974632E-01
7.753717E-08,-1.4974632E-01
7.758717E-08,-1.4974632E-01
7.763717E-08,-1.4974632E-01
7.768717E-08,-1.4974632E-01
7.773717E-08,-1.4974632E-01
7.778717E-08,-1.4974632E-01
7.783717E-08,-1.4974632E-01
7.788717E-08,-1.4974632E-01
7.793717E-08,-1.4969361E-01
7.798717E-08,-1.4969361E-01
7.803717E-08,-1.4964090E-01
7.808717E-08,-1.4964090E-01
7.813717E-08,-1.4964090E-01
7.818717E-08,-1.4958819E-01
7.823717E-08,-1.4953548E-01
7.828717E-08,-1.4953548E-01
7.833717E-08,-1.4948277E-01
7.838717E-08,-1.4943006E-01
7.843717E-08,-1.4943006E-01
7.848717E-08,-1.4937735E-01
7.853717E-08,-1.4932464E-01
7.858717E-08,-1.4932464E-01
7.863717E-08,-1.4927194E-01
7.868717E-08,-1.4921923E-01
7.873717E-08,-1.4921923E-01
7.878717E-08,-1.4916652E-01
7.883717E-08,-1.4916652E-01
7.888717E-08,-1.4916652E-01
7.893717E-08,-1.4911381E-01
7.898717E-08,-1.4911381E-01
7.903717E-08,-1.4911381E-01
7.908717E-08,-1.4911381E-01
7.913717E-08,-1.4911381E-01
7.918717E-08,-1.4916652E-01
7.923717E-08,-1.4916652E-01
7.928717E-08,-1.4916652E-01
7.933717E-08,-1.4921923E-01
7.938717E-08,-1.4927194E-01
7.943717E-08,-1.4927194E-01
7.948717E-08,-1.4932464E-01
7.953717E-08,-1.4937735E-01
7.958717E-08,-1.4937735E-01
7.963717E-08,-1.4943006E-01
7.968717E-08,-1.4948277E-01
7.973717E-08,-1.4953548E-01
7.978717E-08,-1.4958819E-01
7.983717E-08,-1.4958819E-01
7.988717E-08,-1.4964090E-01
7.993717E-08,-1.4969361E-01
7.998717E-08,-1.4969361E-01
8.003717E-08,-1.4974632E-01
8.008717E-08,-1.4974632E-01
8.013717E-08,-1.4979903E-01
8.018717E-08,-1.4979903E-01
8.023717E-08,-1.4979903E-01
8.028717E-08,-1.4979903E-01
8.033717E-08,-1.4979903E-01
8.038717E-08,-1.4979903E-01
8.043717E-08,-1.4979903E-01
8.048717E-08,-1.4979903E-01
8.053717E-08,-1.4979903E-01
8.058717E-08,-1.4974632E-01
8.063717E-08,-1.4974632E-01
8.068717E-08,-1.4974632E-01
8.073717E-08,-1.4969361E-01
8.078717E-08,-1.4969361E-01
8.083717E-08,-1.4964090E-01
8.088717E-08,-1.4964090E-01
8.093717E-08,-1.4958819E-01
8.098717E-08,-1.4958819E-01
8.103717E-08,-1.4958819E-01
8.108717E-08,-1.4953548E-01
8.113717E-08,-1.4953548E-01
8.118717E-08,-1.4953548E-01
8.123717E-08,-1.4953548E-01
8.128717E-08,-1.4953548E-01
8.133717E-08,-1.4953548E-01
8.138717E-08,-1.4953548E-01
8.143717E-08,-1.4953548E-01
8.148717E-08,-1.4953548E-01
8.153717E-08,-1.4953548E-01
8.158717E-08,-1.4958819E-01
8.163717E-08,-1.4958819E-01
8.168717E-08,-1.4958819E-01
8.173717E-08,-1.4964090E-01
8.178717E-08,-1.4964090E-01
8.183717E-08,-1.4964090E-01
8.188717E-08,-1.4969361E-01
8.193717E-08,-1.4969361E-01
8.198717E-08,-1.4969361E-01
8.203717E-08,-1.4969361E-01
8.208717E-08,-1.4974632E-01
8.213717E-08,-1.4974632E-01
8.218717E-08,-1.4974632E-01
8.223717E-08,-1.4974632E-01
8.228717E-08,-1.4974632E-01
8.233717E-08,-1.4969361E-01
8.238717E-08,-1.4969361E-01
8.243717E-08,-1.4969361E-01
8.248717E-08,-1.4964090E-01
8.253717E-08,-1.4964090E-01
8.258717E-08,-1.4964090E-01
8.263717E-08,-1.4958819E-01
8.268717E-08,-1.4953548E-01
8.273717E-08,-1.4953548E-01
8.278717E-08,-1.4948277E-01
8.283717E-08,-1.4948277E-01
8.288717E-08,-1.4943006E-01
8.293717E-08,-1.4943006E-01
8.298717E-08,-1.4937735E-01
8.303717E-08,-1.4937735E-01
8.308717E-08,-1.4932464E-01
8.313717E-08,-1.4932464E-01
8.318717E-08,-1.4932464E-01
8.323717E-08,-1.4932464E-01
8.328717E-08,-1.4932464E-01
8.333717E-08,-1.4932464E-01
8.338717E-08,-1.4932464E-01
8.343717E-08,-1.4932464E-01
8.348717E-08,-1.4937735E-01
8.353717E-08,-1.4937735E-01
8.358717E-08,-1.4943006E-01
8.363717E-08,-1.4943006E-01
8.368717E-08,-1.4948277E-01
8.373717E-08,-1.4953548E-01
8.378717E-08,-1.4953548E-01
8.383717E-08,-1.4958819E-01
8.388717E-08,-1.4964090E-01
8.393717E-08,-1.4969361E-01
8.398717E-08,-1.4969361E-01
8.403717E-08,-1.4974632E-01
8.408717E-08,-1.4979903E-01
8.413717E-08,-1.4979903E-01
8.418717E-08,-1.4985173E-01
8.423717E-08,-1.4985173E-01
8.428717E-08,-1.4990444E-01
8.433717E-08,-1.4990444E-01
8.438717E-08,-1.4990444E-01
8.443717E-08,-1.4990444E-01
8.448717E-08,-1.4990444E-01
8.453717E-08,-1.4990444E-01
8.458717E-08,-1.4990444E-01
8.463717E-08,-1.4985173E-01
8.468717E-08,-1.4985173E-01
8.473717E-08,-1.4979903E-01
8.478717E-08,-1.4979903E-01
8.483717E-08,-1.4974632E-01
8.488717E-08,-1.4969361E-01
8.493717E-08,-1.4969361E-01
8.498717E-08,-1.4964090E-01
8.503717E-08,-1.4958819E-01
8.508717E-08,-1.4953548E-01
8.513717E-08,-1.4948277E-01
8.518717E-08,-1.4943006E-01
8.523717E-08,-1.4943006E-01
8.528717E-08,-1.4937735E-01
8.533717E-08,-1.4932464E-01
8.538717E-08,-1.4932464E-01
8.543717E-08,-1.4927194E-01
8.548717E-08,-1.4927194E-01
8.553717E-08,-1.4921923E-01
8.558717E-08,-1.4921923E-01
8.563717E-08,-1.4921923E-01
8.568717E-08,-1.4916652E-01
8.573717E-08,-1.4916652E-01
8.578717E-08,-1.4916652E-01
8.583717E-08,-1.4916652E-01
8.588717E-08,-1.4921923E-01
8.593717E-08,-1.4921923E-01
8.598717E-08,-1.4921923E-01
8.603717E-08,-1.4921923E-01
8.608717E-08,-1.4927194E-01
8.613717E-08,-1.4927194E-01
8.618717E-08,-1.4932464E-01
8.623717E-08,-1.4932464E-01
8.628717E-08,-1.4937735E-01
8.633717E-08,-1.4937735E-01
8.638717E-08,-1.4943006E-01
8.643717E-08,-1.4943006E-01
8.648717E-08,-1.4948277E-01
8.653717E-08,-1.4948277E-01
8.658717E-08,-1.4953548E-01
8.663717E-08,-1.4953548E-01
8.668717E-08,-1.4953548E-01
8.673717E-08,-1.4958819E-01
8.678717E-08,-1.4958819E-01
8.683717E-08,-1.4958819E-01
8.688717E-08,-1.4958819E-01
8.693717E-08,-1.4958819E-01
8.698717E-08,-1.4964090E-01
8.703717E-08,-1.4964090E-01
8.708717E-08,-1.4964090E-01
8.713717E-08,-1.4964090E-01
8.718717E-08,-1.4958819E-01
8.723717E-08,-1.4958819E-01
8.728717E-08,-1.4958819E-01
8.733717E-08,-1.4958819E-01
8.738717E-08,-1.4958819E-01
8.743717E-08,-1.4953548E-01
8.748717E-08,-1.4953548E-01
8.753717E-08,-1.4953548E-01
8.758717E-08,-1.4953548E-01
8.763717E-08,-1.4948277E-01
8.768717E-08,-1.4948277E-01
8.773717E-08,-1.4943006E-01
8.778717E-08,-1.4943006E-01
8.783717E-08,-1.4943006E-01
8.788717E-08,-1.4937735E-01
8.793717E-08,-1.4937735E-01
8.798717E-08,-1.4932464E-01
8.803717E-08,-1.4932464E-01
8.808717E-08,-1.4932464E-01
8.813717E-08,-1.4927194E-01
8.818717E-08,-1.4927194E-01
8.823717E-08,-1.4927194E-01
8.828717E-08,-1.4921923E-01
8.833717E-08,-1.4921923E-01
8.838717E-08,-1.4921923E-01
8.843717E-08,-1.4921923E-01
8.848717E-08,-1.4916652E-01
8.853717E-08,-1.4916652E-01
8.858717E-08,-1.4916652E-01
8.863717E-08,-1.4916652E-01
8.868717E-08,-1.4916652E-01
8.873717E-08,-1.4921923E-01
8.878717E-08,-1.4921923E-01
8.883717E-08,-1.4921923E-01
8.888717E-08,-1.4921923E-01
8.893717E-08,-1.4927194E-01
8.898717E-08,-1.4932464E-01
8.903717E-08,-1.4932464E-01
8.908717E-08,-1.4937735E-01
8.913717E-08,-1.4943006E-01
8.918717E-08,-1.4943006E-01
8.923717E-08,-1.4948277E-01
8.928717E-08,-1.4953548E-01
8.933717E-08,-1.4958819E-01
8.938717E-08,-1.4964090E-01
8.943717E-08,-1.4969361E-01
8.948717E-08,-1.4974632E-01
8.953717E-08,-1.4979903E-01
8.958717E-08,-1.4985173E-01
8.963717E-08,-1.4990444E-01
8.968717E-08,-1.4990444E-01
8.973717E-08,-1.4995715E-01
8.978717E-08,-1.5000986E-01
8.983717E-08,-1.5000986E-01
8.988717E-08,-1.5006257E-01
8.993717E-08,-1.5006257E-01
8.998717E-08,-1.5011528E-01
9.003717E-08,-1.5011528E-01
9.008717E-08,-1.5011528E-01
9.013717E-08,-1.5006257E-01
9.018717E-08,-1.5006257E-01
9.023717E-08,-1.5006257E-01
9.028717E-08,-1.5000986E-01
9.033717E-08,-1.5000986E-01
9.038717E-08,-1.4995715E-01
9.043717E-08,-1.4990444E-01
9.048717E-08,-1.4985173E-01
9.053717E-08,-1.4979903E-01
9.058717E-08,-1.4974632E-01
9.063717E-08,-1.4969361E-01
9.068717E-08,-1.4964090E-01
9.073717E-08,-1.4958819E-01
9.078717E-08,-1.4953548E-01
9.083717E-08,-1.4943006E-01
9.088717E-08,-1.4937735E-01
9.093717E-08,-1.4937735E-01
9.098717E-08,-1.4932464E-01
9.103717E-08,-1.4927194E-01
9.108717E-08,-1.4921923E-01
9.113717E-08,-1.4921923E-01
9.118717E-08,-1.4916652E-01
9.123717E-08,-1.4916652E-01
9.128717E-08,-1.4916652E-01
9.133717E-08,-1.4916652E-01
9.138717E-08,-1.4916652E-01
9.143717E-08,-1.4921923E-01
9.148717E-08,-1.4921923E-01
9.153717E-08,-1.4927194E-01
9.158717E-08,-1.4927194E-01
9.163717E-08,-1.4932464E-01
9.168717E-08,-1.4937735E-01
9.173717E-08,-1.4943006E-01
9.178717E-08,-1.4948277E-01
9.183717E-08,-1.4953548E-01
9.188717E-08,-1.4958819E-01
9.193717E-08,-1.4964090E-01
9.198717E-08,-1.4969361E-01
9.203717E-08,-1.4974632E-01
9.208717E-08,-1.4979903E-01
9.213717E-08,-1.4985173E-01
9.218717E-08,-1.4985173E-01
9.223717E-08,-1.4990444E-01
9.228717E-08,-1.4990444E-01
9.233717E-08,-1.4995715E-01
9.238717E-08,-1.4995715E-01
9.243717E-08,-1.4995715E-01
9.248717E-08,-1.4995715E-01
9.253717E-08,-1.4990444E-01
9.258717E-08,-1.4990444E-01
9.263717E-08,-1.4985173E-01
9.268717E-08,-1.4979903E-01
9.273717E-08,-1.4974632E-01
9.278717E-08,-1.4969361E-01
9.283717E-08,-1.4964090E-01
9.288717E-08,-1.4958819E-01
9.293717E-08,-1.4953548E-01
9.298717E-08,-1.4948277E-01
9.303717E-08,-1.4937735E-01
9.308717E-08,-1.4932464E-01
9.313717E-08,-1.4927194E-01
9.318717E-08,-1.4921923E-01
9.323717E-08,-1.4916652E-01
9.328717E-08,-1.4911381E-01
9.333717E-08,-1.4906110E-01
9.338717E-08,-1.4900839E-01
9.343717E-08,-1.4895568E-01
9.348717E-08,-1.4890297E-01
9.353717E-08,-1.4890297E-01
9.358717E-08,-1.4890297E-01
9.363717E-08,-1.4890297E-01
9.368717E-08,-1.4885026E-01
9.373717E-08,-1.4890297E-01
9.378717E-08,-1.4890297E-01
9.383717E-08,-1.4890297E-01
9.388717E-08,-1.4890297E-01
9.393717E-08,-1.4895568E-01
9.398717E-08,-1.4895568E-01
9.403717E-08,-1.4900839E-01
9.408717E-08,-1.4900839E-01
9.413717E-08,-1.4906110E-01
9.418717E-08,-1.4911381E-01
9.423717E-08,-1.4911381E-01
9.428717E-08,-1.4911381E-01
9.433717E-08,-1.4916652E-01
9.438717E-08,-1.4916652E-01
9.443717E-08,-1.4916652E-01
9.448717E-08,-1.4916652E-01
9.453717E-08,-1.4916652E-01
9.458717E-08,-1.4916652E-01
9.463717E-08,-1.4916652E-01
9.468717E-08,-1.4911381E-01
9.473717E-08,-1.4911381E-01
9.478717E-08,-1.4906110E-01
9.483717E-08,-1.4900839E-01
9.488717E-08,-1.4900839E-01
9.493717E-08,-1.4895568E-01
9.498717E-08,-1.4890297E-01
9.503717E-08,-1.4879755E-01
9.508717E-08,-1.4874485E-01
9.513717E-08,-1.4869214E-01
9.518717E-08,-1.4863943E-01
9.523717E-08,-1.4858672E-01
9.528717E-08,-1.4853401E-01
9.533717E-08,-1.4848130E-01
9.538717E-08,-1.4842859E-01
9.543717E-08,-1.4837588E-01
9.548717E-08,-1.4832317E-01
9.553717E-08,-1.4827046E-01
9.558717E-08,-1.4827046E-01
9.563717E-08,-1.4821776E-01
9.568717E-08,-1.4821776E-01
9.573717E-08,-1.4821776E-01
9.578717E-08,-1.4821776E-01
9.583717E-08,-1.4821776E-01
9.588717E-08,-1.4821776E-01
9.593717E-08,-1.4827046E-01
9.598717E-08,-1.4827046E-01
9.603717E-08,-1.4832317E-01
9.608717E-08,-1.4832317E-01
9.613717E-08,-1.4837588E-01
9.618717E-08,-1.4842859E-01
9.623717E-08,-1.4848130E-01
9.628717E-08,-1.4853401E-01
9.633717E-08,-1.4858672E-01
9.638717E-08,-1.4863943E-01
9.643717E-08,-1.4869214E-01
9.648717E-08,-1.4869214E-01
9.653717E-08,-1.4874485E-01
9.658717E-08,-1.4879755E-01
9.663717E-08,-1.4885026E-01
9.668717E-08,-1.4890297E-01
9.673717E-08,-1.4890297E-01
9.678717E-08,-1.4895568E-01
9.683717E-08,-1.4895568E-01
9.688717E-08,-1.4895568E-01
9.693717E-08,-1.4900839E-01
9.698717E-08,-1.4900839E-01
9.703717E-08,-1.4900839E-01
9.708717E-08,-1.4900839E-01
9.713717E-08,-1.4900839E-01
9.718717E-08,-1.4906110E-01
9.723717E-08,-1.4906110E-01
9.728717E-08,-1.4906110E-01
9.733717E-08,-1.4906110E-01
9.738717E-08,-1.4906110E-01
9.743717E-08,-1.4906110E-01
9.748717E-08,-1.4906110E-01
9.753717E-08,-1.4906110E-01
9.758717E-08,-1.4906110E-01
9.763717E-08,-1.4906110E-01
9.768717E-08,-1.4906110E-01
9.773717E-08,-1.4906110E-01
9.778717E-08,-1.4911381E-01
9.783717E-08,-1.4911381E-01
9.788717E-08,-1.4911381E-01
9.793717E-08,-1.4916652E-01
9.798717E-08,-1.4916652E-01
9.803717E-08,-1.4921923E-01
9.808717E-08,-1.4921923E-01
9.813717E-08,-1.4927194E-01
9.818717E-08,-1.4927194E-01
9.823717E-08,-1.4932464E-01
9.828717E-08,-1.4932464E-01
9.833717E-08,-1.4937735E-01
9.838717E-08,-1.4937735E-01
9.843717E-08,-1.4943006E-01
9.848717E-08,-1.4943006E-01
9.853717E-08,-1.4943006E-01
9.858717E-08,-1.4943006E-01
9.863717E-08,-1.4943006E-01
9.868717E-08,-1.4943006E-01
9.873717E-08,-1.4943006E-01
9.878717E-08,-1.4943006E-01
9.883717E-08,-1.4943006E-01
9.888717E-08,-1.4937735E-01
9.893717E-08,-1.4937735E-01
9.898717E-08,-1.4932464E-01
9.903717E-08,-1.4932464E-01
9.908717E-08,-1.4927194E-01
9.913717E-08,-1.4921923E-01
9.918717E-08,-1.4921923E-01
9.923717E-08,-1.4916652E-01
9.928717E-08,-1.4911381E-01
9.933717E-08,-1.4911381E-01
9.938717E-08,-1.4906110E-01
9.943717E-08,-1.4900839E-01
9.948717E-08,-1.4895568E-01
9.953717E-08,-1.4895568E-01
9.958717E-08,-1.4890297E-01
9.963717E-08,-1.4890297E-01
9.968717E-08,-1.4885026E-01
9.973717E-08,-1.4885026E-01
9.978717E-08,-1.4879755E-01
9.983717E-08,-1.4879755E-01
9.988717E-08,-1.4879755E-01
9.993717E-08,-1.4874485E-01
9.998717E-08,-1.4874485E-01
1.0003717E-07,-1.4874485E-01
1.0008717E-07,-1.4874485E-01
1.0013717E-07,-1.4874485E-01
1.0018717E-07,-1.4874485E-01
1.0023717E-07,-1.4874485E-01
1.0028717E-07,-1.4874485E-01
1.0033717E-07,-1.4874485E-01
1.0038717E-07,-1.4869214E-01
1.0043717E-07,-1.4869214E-01
1.0048717E-07,-1.4869214E-01
1.0053717E-07,-1.4869214E-01
1.0058717E-07,-1.4869214E-01
1.0063717E-07,-1.4869214E-01
1.0068717E-07,-1.4869214E-01
1.0073717E-07,-1.4869214E-01
1.0078717E-07,-1.4863943E-01
1.0083717E-07,-1.4863943E-01
1.0088717E-07,-1.4863943E-01
1.0093717E-07,-1.4863943E-01
1.0098717E-07,-1.4863943E-01
1.0103717E-07,-1.4858672E-01
1.0108717E-07,-1.4858672E-01
1.0113717E-07,-1.4858672E-01
1.0118717E-07,-1.4858672E-01
1.0123717E-07,-1.4858672E-01
1.0128717E-07,-1.4858672E-01
1.0133717E-07,-1.4858672E-01
1.0138717E-07,-1.4858672E-01
1.0143717E-07,-1.4858672E-01
1.0148717E-07,-1.4858672E-01
1.0153717E-07,-1.4863943E-01
1.0158717E-07,-1.4863943E-01
1.0163717E-07,-1.4869214E-01
1.0168717E-07,-1.4869214E-01
1.0173717E-07,-1.4874485E-01
1.0178717E-07,-1.4879755E-01
1.0183717E-07,-1.4879755E-01
1.0188717E-07,-1.4885026E-01
1.0193717E-07,-1.4890297E-01
1.0198717E-07,-1.4895568E-01
1.0203717E-07,-1.4895568E-01
1.0208717E-07,-1.4900839E-01
1.0213717E-07,-1.4906110E-01
1.0218717E-07,-1.4911381E-01
1.0223717E-07,-1.4911381E-01
1.0228717E-07,-1.4916652E-01
1.0233717E-07,-1.4921923E-01
1.0238717E-07,-1.4921923E-01
1.0243717E-07,-1.4921923E-01
1.0248717E-07,-1.4921923E-01
1.0253717E-07,-1.4927194E-01
1.0258717E-07,-1.4927194E-01
1.0263717E-07,-1.4927194E-01
1.0268717E-07,-1.4921923E-01
1.0273717E-07,-1.4921923E-01
1.0278717E-07,-1.4921923E-01
1.0283717E-07,-1.4916652E-01
1.0288717E-07,-1.4916652E-01
1.0293717E-07,-1.4911381E-01
1.0298717E-07,-1.4906110E-01
1.0303717E-07,-1.4906110E-01
1.0308717E-07,-1.4900839E-01
1.0313717E-07,-1.4900839E-01
1.0318717E-07,-1.4895568E-01
1.0323717E-07,-1.4895568E-01
1.0328717E-07,-1.4890297E-01
1.0333717E-07,-1.4890297E-01
1.0338717E-07,-1.4890297E-01
1.0343717E-07,-1.4890297E-01
1.0348717E-07,-1.4890297E-01
1.0353717E-07,-1.4890297E-01
1.0358717E-07,-1.4895568E-01
1.0363717E-07,-1.4895568E-01
1.0368717E-07,-1.4900839E-01
1.0373717E-07,-1.4906110E-01
1.0378717E-07,-1.4911381E-01
1.0383717E-07,-1.4916652E-01
1.0388717E-07,-1.4927194E-01
1.0393717E-07,-1.4932464E-01
1.0398717E-07,-1.4943006E-01
1.0403717E-07,-1.4948277E-01
1.0408717E-07,-1.4958819E-01
1.0413717E-07,-1.4969361E-01
1.0418717E-07,-1.4979903E-01
1.0423717E-07,-1.4985173E-01
1.0428717E-07,-1.4995715E-01
1.0433717E-07,-1.5006257E-01
1.0438717E-07,-1.5011528E-01
1.0443717E-07,-1.5016799E-01
1.0448717E-07,-1.5027341E-01
1.0453717E-07,-1.5032612E-01
1.0458717E-07,-1.5032612E-01
1.0463717E-07,-1.5037883E-01
1.0468717E-07,-1.5037883E-01
1.0473717E-07,-1.5043153E-01
1.0478717E-07,-1.5037883E-01
1.0483717E-07,-1.5037883E-01
1.0488717E-07,-1.5037883E-01
1.0493717E-07,-1.5032612E-01
1.0498717E-07,-1.5027341E-01
1.0503717E-07,-1.5022070E-01
1.0508717E-07,-1.5011528E-01
1.0513717E-07,-1.5006257E-01
1.0518717E-07,-1.4995715E-01
1.0523717E-07,-1.4985173E-01
1.0528717E-07,-1.4974632E-01
1.0533717E-07,-1.4964090E-01
1.0538717E-07,-1.4953548E-01
1.0543717E-07,-1.4943006E-01
1.0548717E-07,-1.4932464E-01
1.0553717E-07,-1.4921923E-01
1.0558717E-07,-1.4916652E-01
1.0563717E-07,-1.4906110E-01
1.0568717E-07,-1.4895568E-01
1.0573717E-07,-1.4890297E-01
1.0578717E-07,-1.4879755E-01
1.0583717E-07,-1.4874485E-01
1.0588717E-07,-1.4869214E-01
1.0593717E-07,-1.4863943E-01
1.0598717E-07,-1.4863943E-01
1.0603717E-07,-1.4863943E-01
1.0608717E-07,-1.4858672E-01
1.0613717E-07,-1.4863943E-01
1.0618717E-07,-1.4863943E-01
1.0623717E-07,-1.4863943E-01
1.0628717E-07,-1.4869214E-01
1.0633717E-07,-1.4874485E-01
1.0638717E-07,-1.4879755E-01
1.0643717E-07,-1.4885026E-01
1.0648717E-07,-1.4890297E-01
1.0653717E-07,-1.4895568E-01
1.0658717E-07,-1.4906110E-01
1.0663717E-07,-1.4911381E-01
1.0668717E-07,-1.4916652E-01
1.0673717E-07,-1.4927194E-01
1.0678717E-07,-1.4932464E-01
1.0683717E-07,-1.4937735E-01
1.0688717E-07,-1.4948277E-01
1.0693717E-07,-1.4953548E-01
1.0698717E-07,-1.4958819E-01
1.0703717E-07,-1.4958819E-01
1.0708717E-07,-1.4964090E-01
1.0713717E-07,-1.4969361E-01
1.0718717E-07,-1.4969361E-01
1.0723717E-07,-1.4974632E-01
1.0728717E-07,-1.4974632E-01
1.0733717E-07,-1.4974632E-01
1.0738717E-07,-1.4974632E-01
1.0743717E-07,-1.4969361E-01
1.0748717E-07,-1.4969361E-01
1.0753717E-07,-1.4969361E-01
1.0758717E-07,-1.4964090E-01
1.0763717E-07,-1.4958819E-01
1.0768717E-07,-1.4958819E-01
1.0773717E-07,-1.4953548E-01
1.0778717E-07,-1.4948277E-01
1.0783717E-07,-1.4943006E-01
1.0788717E-07,-1.4937735E-01
1.0793717E-07,-1.4937735E-01
1.0798717E-07,-1.4932464E-01
1.0803717E-07,-1.4927194E-01
1.0808717E-07,-1.4921923E-01
1.0813717E-07,-1.4916652E-01
1.0818717E-07,-1.4916652E-01
1.0823717E-07,-1.4911381E-01
1.0828717E-07,-1.4906110E-01
1.0833717E-07,-1.4906110E-01
1.0838717E-07,-1.4906110E-01
1.0843717E-07,-1.4900839E-01
1.0848717E-07,-1.4900839E-01
1.0853717E-07,-1.4900839E-01
1.0858717E-07,-1.4895568E-01
1.0863717E-07,-1.4895568E-01
1.0868717E-07,-1.4895568E-01
1.0873717E-07,-1.4895568E-01
1.0878717E-07,-1.4895568E-01
1.0883717E-07,-1.4895568E-01
1.0888717E-07,-1.4895568E-01
1.0893717E-07,-1.4895568E-01
1.0898717E-07,-1.4900839E-01
1.0903717E-07,-1.4900839E-01
1.0908717E-07,-1.4900839E-01
1.0913717E-07,-1.4900839E-01
1.0918717E-07,-1.4900839E-01
1.0923717E-07,-1.4900839E-01
1.0928717E-07,-1.4906110E-01
1.0933717E-07,-1.4906110E-01
1.0938717E-07,-1.4906110E-01
1.0943717E-07,-1.4906110E-01
1.0948717E-07,-1.4906110E-01
1.0953717E-07,-1.4906110E-01
1.0958717E-07,-1.4906110E-01
1.0963717E-07,-1.4906110E-01
1.0968717E-07,-1.4911381E-01
1.0973717E-07,-1.4911381E-01
1.0978717E-07,-1.4911381E-01
1.0983717E-07,-1.4911381E-01
1.0988717E-07,-1.4911381E-01
1.0993717E-07,-1.4911381E-01
1.0998717E-07,-1.4911381E-01
1.1003717E-07,-1.4911381E-01
1.1008717E-07,-1.4911381E-01
1.1013717E-07,-1.4911381E-01
1.1018717E-07,-1.4911381E-01
1.1023717E-07,-1.4916652E-01
1.1028717E-07,-1.4916652E-01
1.1033717E-07,-1.4916652E-01
1.1038717E-07,-1.4916652E-01
1.1043717E-07,-1.4916652E-01
1.1048717E-07,-1.4921923E-01
1.1053717E-07,-1.4921923E-01
1.1058717E-07,-1.4921923E-01
1.1063717E-07,-1.4921923E-01
1.1068717E-07,-1.4927194E-01
1.1073717E-07,-1.4927194E-01
1.1078717E-07,-1.4932464E-01
1.1083717E-07,-1.4932464E-01
1.1088717E-07,-1.4932464E-01
1.1093717E-07,-1.4937735E-01
1.1098717E-07,-1.4937735E-01
1.1103717E-07,-1.4943006E-01
1.1108717E-07,-1.4943006E-01
1.1113717E-07,-1.4948277E-01
1.1118717E-07,-1.4948277E-01
1.1123717E-07,-1.4948277E-01
1.1128717E-07,-1.4953548E-01
1.1133717E-07,-1.4953548E-01
1.1138717E-07,-1.4958819E-01
1.1143717E-07,-1.4964090E-01
1.1148717E-07,-1.4964090E-01
1.1153717E-07,-1.4969361E-01
1.1158717E-07,-1.4969361E-01
1.1163717E-07,-1.4974632E-01
1.1168717E-07,-1.4974632E-01
1.1173717E-07,-1.4979903E-01
1.1178717E-07,-1.4979903E-01
1.1183717E-07,-1.4985173E-01
1.1188717E-07,-1.4985173E-01
1.1193717E-07,-1.4990444E-01
1.1198717E-07,-1.4990444E-01
1.1203717E-07,-1.4995715E-01
1.1208717E-07,-1.4995715E-01
1.1213717E-07,-1.4995715E-01
1.1218717E-07,-1.5000986E-01
1.1223717E-07,-1.5000986E-01
1.1228717E-07,-1.5000986E-01
1.1233717E-07,-1.5000986E-01
1.1238717E-07,-1.5006257E-01
1.1243717E-07,-1.5006257E-01
1.1248717E-07,-1.5006257E-01
1.1253717E-07,-1.5000986E-01
1.1258717E-07,-1.5000986E-01
1.1263717E-07,-1.5000986E-01
1.1268717E-07,-1.5000986E-01
1.1273717E-07,-1.4995715E-01
1.1278717E-07,-1.4995715E-01
1.1283717E-07,-1.4995715E-01
1.1288717E-07,-1.4990444E-01
1.1293717E-07,-1.4990444E-01
1.1298717E-07,-1.4985173E-01
1.1303717E-07,-1.4979903E-01
1.1308717E-07,-1.4979903E-01
1.1313717E-07,-1.4974632E-01
1.1318717E-07,-1.4969361E-01
1.1323717E-07,-1.4964090E-01
1.1328717E-07,-1.4958819E-01
1.1333717E-07,-1.4958819E-01
1.1338717E-07,-1.4953548E-01
1.1343717E-07,-1.4948277E-01
1.1348717E-07,-1.4943006E-01
1.1353717E-07,-1.4937735E-01
1.1358717E-07,-1.4932464E-01
1.1363717E-07,-1.4932464E-01
1.1368717E-07,-1.4927194E-01
1.1373717E-07,-1.4921923E-01
1.1378717E-07,-1.4921923E-01
1.1383717E-07,-1.4916652E-01
1.1388717E-07,-1.4911381E-01
1.1393717E-07,-1.4911381E-01
1.1398717E-07,-1.4906110E-01
1.1403717E-07,-1.4906110E-01
1.1408717E-07,-1.4900839E-01
1.1413717E-07,-1.4900839E-01
1.1418717E-07,-1.4900839E-01
1.1423717E-07,-1.4895568E-01
1.1428717E-07,-1.4895568E-01
1.1433717E-07,-1.4895568E-01
1.1438717E-07,-1.4895568E-01
1.1443717E-07,-1.4895568E-01
1.1448717E-07,-1.4895568E-01
1.1453717E-07,-1.4895568E-01
1.1458717E-07,-1.4895568E-01
1.1463717E-07,-1.4895568E-01
1.1468717E-07,-1.4895568E-01
1.1473717E-07,-1.4895568E-01
1.1478717E-07,-1.4895568E-01
1.1483717E-07,-1.4895568E-01
1.1488717E-07,-1.4900839E-01
1.1493717E-07,-1.4900839E-01
1.1498717E-07,-1.4900839E-01
1.1503717E-07,-1.4900839E-01
1.1508717E-07,-1.4906110E-01
1.1513717E-07,-1.4906110E-01
1.1518717E-07,-1.4906110E-01
1.1523717E-07,-1.4906110E-01
1.1528717E-07,-1.4911381E-01
1.1533717E-07,-1.4911381E-01
1.1538717E-07,-1.4911381E-01
1.1543717E-07,-1.4916652E-01
1.1548717E-07,-1.4916652E-01
1.1553717E-07,-1.4921923E-01
1.1558717E-07,-1.4921923E-01
1.1563717E-07,-1.4921923E-01
1.1568717E-07,-1.4927194E-01
1.1573717E-07,-1.4927194E-01
1.1578717E-07,-1.4927194E-01
1.1583717E-07,-1.4932464E-01
1.1588717E-07,-1.4932464E-01
1.1593717E-07,-1.4932464E-01
1.1598717E-07,-1.4937735E-01
1.1603717E-07,-1.4937735E-01
1.1608717E-07,-1.4937735E-01
1.1613717E-07,-1.4943006E-01
1.1618717E-07,-1.4943006E-01
1.1623717E-07,-1.4943006E-01
1.1628717E-07,-1.4943006E-01
1.1633717E-07,-1.4948277E-01
1.1638717E-07,-1.4948277E-01
1.1643717E-07,-1.4948277E-01
1.1648717E-07,-1.4948277E-01
1.1653717E-07,-1.4948277E-01
1.1658717E-07,-1.4948277E-01
1.1663717E-07,-1.4948277E-01
1.1668717E-07,-1.4948277E-01
1.1673717E-07,-1.4948277E-01
1.1678717E-07,-1.4948277E-01
1.1683717E-07,-1.4948277E-01
1.1688717E-07,-1.4948277E-01
1.1693717E-07,-1.4948277E-01
1.1698717E-07,-1.4948277E-01
1.1703717E-07,-1.4948277E-01
1.1708717E-07,-1.4948277E-01
1.1713717E-07,-1.4948277E-01
1.1718717E-07,-1.4948277E-01
1.1723717E-07,-1.4948277E-01
1.1728717E-07,-1.4948277E-01
1.1733717E-07,-1.4948277E-01
1.1738717E-07,-1.4948277E-01
1.1743717E-07,-1.4948277E-01
1.1748717E-07,-1.4953548E-01
1.1753717E-07,-1.4953548E-01
1.1758717E-07,-1.4953548E-01
1.1763717E-07,-1.4953548E-01
1.1768717E-07,-1.4958819E-01
1.1773717E-07,-1.4958819E-01
1.1778717E-07,-1.4958819E-01
1.1783717E-07,-1.4964090E-01
1.1788717E-07,-1.4964090E-01
1.1793717E-07,-1.4969361E-01
1.1798717E-07,-1.4969361E-01
1.1803717E-07,-1.4969361E-01
1.1808717E-07,-1.4974632E-01
1.1813717E-07,-1.4974632E-01
1.1818717E-07,-1.4974632E-01
1.1823717E-07,-1.4979903E-01
1.1828717E-07,-1.4979903E-01
1.1833717E-07,-1.4979903E-01
1.1838717E-07,-1.4979903E-01
1.1843717E-07,-1.4979903E-01
1.1848717E-07,-1.4979903E-01
1.1853717E-07,-1.4979903E-01
1.1858717E-07,-1.4979903E-01
1.1863717E-07,-1.4979903E-01
1.1868717E-07,-1.4979903E-01
1.1873717E-07,-1.4979903E-01
1.1878717E-07,-1.4974632E-01
1.1883717E-07,-1.4974632E-01
1.1888717E-07,-1.4969361E-01
1.1893717E-07,-1.4969361E-01
1.1898717E-07,-1.4964090E-01
1.1903717E-07,-1.4964090E-01
1.1908717E-07,-1.4958819E-01
1.1913717E-07,-1.4958819E-01
1.1918717E-07,-1.4953548E-01
1.1923717E-07,-1.4948277E-01
1.1928717E-07,-1.4948277E-01
1.1933717E-07,-1.4943006E-01
1.1938717E-07,-1.4937735E-01
1.1943717E-07,-1.4932464E-01
1.1948717E-07,-1.4932464E-01
1.1953717E-07,-1.4927194E-01
1.1958717E-07,-1.4921923E-01
1.1963717E-07,-1.4921923E-01
1.1968717E-07,-1.4916652E-01
1.1973717E-07,-1.4916652E-01
1.1978717E-07,-1.4911381E-01
1.1983717E-07,-1.4911381E-01
1.1988717E-07,-1.4911381E-01
1.1993717E-07,-1.4906110E-01
1.1998717E-07,-1.4906110E-01
1.2003717E-07,-1.4906110E-01
1.2008717E-07,-1.4906110E-01
1.2013717E-07,-1.4900839E-01
1.2018717E-07,-1.4900839E-01
1.2023717E-07,-1.4906110E-01
1.2028717E-07,-1.4906110E-01
1.2033717E-07,-1.4906110E-01
1.2038717E-07,-1.4906110E-01
1.2043717E-07,-1.4906110E-01
1.2048717E-07,-1.4911381E-01
1.2053717E-07,-1.4911381E-01
1.2058717E-07,-1.4911381E-01
1.2063717E-07,-1.4916652E-01
1.2068717E-07,-1.4916652E-01
1.2073717E-07,-1.4921923E-01
1.2078717E-07,-1.4921923E-01
1.2083717E-07,-1.4927194E-01
1.2088717E-07,-1.4927194E-01
1.2093717E-07,-1.4932464E-01
1.2098717E-07,-1.4932464E-01
1.2103717E-07,-1.4937735E-01
1.2108717E-07,-1.4937735E-01
1.2113717E-07,-1.4943006E-01
1.2118717E-07,-1.4943006E-01
1.2123717E-07,-1.4948277E-01
1.2128717E-07,-1.4948277E-01
1.2133717E-07,-1.4948277E-01
1.2138717E-07,-1.4953548E-01
1.2143717E-07,-1.4953548E-01
1.2148717E-07,-1.4953548E-01
1.2153717E-07,-1.4953548E-01
1.2158717E-07,-1.4958819E-01
1.2163717E-07,-1.4958819E-01
1.2168717E-07,-1.4958819E-01
1.2173717E-07,-1.4958819E-01
1.2178717E-07,-1.4958819E-01
1.2183717E-07,-1.4953548E-01
1.2188717E-07,-1.4953548E-01
1.2193717E-07,-1.4953548E-01
1.2198717E-07,-1.4948277E-01
1.2203717E-07,-1.4948277E-01
1.2208717E-07,-1.4943006E-01
1.2213717E-07,-1.4943006E-01
1.2218717E-07,-1.4937735E-01
1.2223717E-07,-1.4932464E-01
1.2228717E-07,-1.4932464E-01
1.2233717E-07,-1.4927194E-01
1.2238717E-07,-1.4921923E-01
1.2243717E-07,-1.4916652E-01
1.2248717E-07,-1.4911381E-01
1.2253717E-07,-1.4906110E-01
1.2258717E-07,-1.4900839E-01
1.2263717E-07,-1.4895568E-01
1.2268717E-07,-1.4890297E-01
1.2273717E-07,-1.4885026E-01
1.2278717E-07,-1.4879755E-01
1.2283717E-07,-1.4874485E-01
1.2288717E-07,-1.4869214E-01
1.2293717E-07,-1.4863943E-01
1.2298717E-07,-1.4858672E-01
1.2303717E-07,-1.4853401E-01
1.2308717E-07,-1.4853401E-01
1.2313717E-07,-1.4848130E-01
1.2318717E-07,-1.4842859E-01
1.2323717E-07,-1.4837588E-01
1.2328717E-07,-1.4837588E-01
1.2333717E-07,-1.4832317E-01
1.2338717E-07,-1.4832317E-01
1.2343717E-07,-1.4827046E-01
1.2348717E-07,-1.4827046E-01
1.2353717E-07,-1.4821776E-01
1.2358717E-07,-1.4821776E-01
1.2363717E-07,-1.4821776E-01
1.2368717E-07,-1.4816505E-01
1.2373717E-07,-1.4816505E-01
1.2378717E-07,-1.4816505E-01
1.2383717E-07,-1.4816505E-01
1.2388717E-07,-1.4816505E-01
1.2393717E-07,-1.4816505E-01
1.2398717E-07,-1.4816505E-01
1.2403717E-07,-1.4816505E-01
1.2408717E-07,-1.4816505E-01
1.2413717E-07,-1.4821776E-01
1.2418717E-07,-1.4821776E-01
1.2423717E-07,-1.4821776E-01
1.2428717E-07,-1.4821776E-01
1.2433717E-07,-1.4827046E-01
1.2438717E-07,-1.4827046E-01
1.2443717E-07,-1.4827046E-01
1.2448717E-07,-1.4832317E-01
1.2453717E-07,-1.4832317E-01
1.2458717E-07,-1.4837588E-01
1.2463717E-07,-1.4837588E-01
1.2468717E-07,-1.4842859E-01
1.2473717E-07,-1.4842859E-01
1.2478717E-07,-1.4848130E-01
1.2483717E-07,-1.4848130E-01
1.2488717E-07,-1.4848130E-01
1.2493717E-07,-1.4853401E-01
1.2498717E-07,-1.4853401E-01
1.2503717E-07,-1.4858672E-01
1.2508717E-07,-1.4858672E-01
1.2513717E-07,-1.4863943E-01
1.2518717E-07,-1.4863943E-01
1.2523717E-07,-1.4869214E-01
1.2528717E-07,-1.4869214E-01
1.2533717E-07,-1.4874485E-01
1.2538717E-07,-1.4874485E-01
1.2543717E-07,-1.4874485E-01
1.2548717E-07,-1.4879755E-01
1.2553717E-07,-1.4879755E-01
1.2558717E-07,-1.4879755E-01
1.2563717E-07,-1.4885026E-01
1.2568717E-07,-1.4885026E-01
1.2573717E-07,-1.4885026E-01
1.2578717E-07,-1.4885026E-01
1.2583717E-07,-1.4885026E-01
1.2588717E-07,-1.4885026E-01
1.2593717E-07,-1.4885026E-01
1.2598717E-07,-1.4885026E-01
1.2603717E-07,-1.4885026E-01
1.2608717E-07,-1.4885026E-01
1.2613717E-07,-1.4885026E-01
1.2618717E-07,-1.4885026E-01
1.2623717E-07,-1.4885026E-01
1.2628717E-07,-1.4885026E-01
1.2633717E-07,-1.4885026E-01
1.2638717E-07,-1.4885026E-01
1.2643717E-07,-1.4885026E-01
1.2648717E-07,-1.4885026E-01
1.2653717E-07,-1.4879755E-01
1.2658717E-07,-1.4879755E-01
1.2663717E-07,-1.4879755E-01
1.2668717E-07,-1.4879755E-01
1.2673717E-07,-1.4879755E-01
1.2678717E-07,-1.4879755E-01
1.2683717E-07,-1.4874485E-01
1.2688717E-07,-1.4874485E-01
1.2693717E-07,-1.4874485E-01
1.2698717E-07,-1.4874485E-01
1.2703717E-07,-1.4874485E-01
1.2708717E-07,-1.4874485E-01
1.2713717E-07,-1.4874485E-01
1.2718717E-07,-1.4874485E-01
1.2723717E-07,-1.4874485E-01
1.2728717E-07,-1.4874485E-01
1.2733717E-07,-1.4869214E-01
1.2738717E-07,-1.4869214E-01
1.2743717E-07,-1.4869214E-01
1.2748717E-07,-1.4869214E-01
1.2753717E-07,-1.4869214E-01
1.2758717E-07,-1.4869214E-01
1.2763717E-07,-1.4869214E-01
1.2768717E-07,-1.4869214E-01
1.2773717E-07,-1.4869214E-01
1.2778717E-07,-1.4869214E-01
1.2783717E-07,-1.4869214E-01
1.2788717E-07,-1.4869214E-01
1.2793717E-07,-1.4869214E-01
1.2798717E-07,-1.4869214E-01
1.2803717E-07,-1.4863943E-01
1.2808717E-07,-1.4863943E-01
1.2813717E-07,-1.4863943E-01
1.2818717E-07,-1.4863943E-01
1.2823717E-07,-1.4863943E-01
1.2828717E-07,-1.4858672E-01
1.2833717E-07,-1.4858672E-01
1.2838717E-07,-1.4858672E-01
1.2843717E-07,-1.4858672E-01
1.2848717E-07,-1.4853401E-01
1.2853717E-07,-1.4853401E-01
1.2858717E-07,-1.4853401E-01
1.2863717E-07,-1.4853401E-01
1.2868717E-07,-1.4853401E-01
