-7.142038E-08,-1.4969361E-01
-7.137038E-08,-1.4964090E-01
-7.132038E-08,-1.4958819E-01
-7.127038E-08,-1.4953548E-01
-7.122038E-08,-1.4953548E-01
-7.117038E-08,-1.4948277E-01
-7.112038E-08,-1.4943006E-01
-7.107038E-08,-1.4937735E-01
-7.102038E-08,-1.4927194E-01
-7.097038E-08,-1.4921923E-01
-7.092038E-08,-1.4916652E-01
-7.087038E-08,-1.4911381E-01
-7.082038E-08,-1.4906110E-01
-7.077038E-08,-1.4906110E-01
-7.072038E-08,-1.4900839E-01
-7.067038E-08,-1.4895568E-01
-7.062038E-08,-1.4890297E-01
-7.057038E-08,-1.4890297E-01
-7.052038E-08,-1.4890297E-01
-7.047038E-08,-1.4885026E-01
-7.042038E-08,-1.4885026E-01
-7.037038E-08,-1.4885026E-01
-7.032038E-08,-1.4885026E-01
-7.027038E-08,-1.4885026E-01
-7.022038E-08,-1.4890297E-01
-7.017038E-08,-1.4890297E-01
-7.012038E-08,-1.4895568E-01
-7.007038E-08,-1.4895568E-01
-7.002038E-08,-1.4900839E-01
-6.997038E-08,-1.4900839E-01
-6.992038E-08,-1.4906110E-01
-6.987038E-08,-1.4911381E-01
-6.982038E-08,-1.4911381E-01
-6.977038E-08,-1.4916652E-01
-6.972038E-08,-1.4921923E-01
-6.967038E-08,-1.4921923E-01
-6.962038E-08,-1.4927194E-01
-6.957038E-08,-1.4927194E-01
-6.952038E-08,-1.4927194E-01
-6.947038E-08,-1.4932464E-01
-6.942038E-08,-1.4932464E-01
-6.937038E-08,-1.4932464E-01
-6.932038E-08,-1.4932464E-01
-6.927038E-08,-1.4932464E-01
-6.922038E-08,-1.4927194E-01
-6.917038E-08,-1.4927194E-01
-6.912038E-08,-1.4927194E-01
-6.907038E-08,-1.4921923E-01
-6.902038E-08,-1.4921923E-01
-6.897038E-08,-1.4916652E-01
-6.892038E-08,-1.4916652E-01
-6.887038E-08,-1.4911381E-01
-6.882038E-08,-1.4911381E-01
-6.877038E-08,-1.4906110E-01
-6.872038E-08,-1.4900839E-01
-6.867038E-08,-1.4900839E-01
-6.862038E-08,-1.4900839E-01
-6.857038E-08,-1.4895568E-01
-6.852038E-08,-1.4895568E-01
-6.847038E-08,-1.4895568E-01
-6.842038E-08,-1.4895568E-01
-6.837038E-08,-1.4895568E-01
-6.832038E-08,-1.4895568E-01
-6.827038E-08,-1.4895568E-01
-6.822038E-08,-1.4895568E-01
-6.817038E-08,-1.4900839E-01
-6.812038E-08,-1.4900839E-01
-6.807038E-08,-1.4906110E-01
-6.802038E-08,-1.4911381E-01
-6.797038E-08,-1.4911381E-01
-6.792038E-08,-1.4916652E-01
-6.787038E-08,-1.4921923E-01
-6.782038E-08,-1.4927194E-01
-6.777038E-08,-1.4932464E-01
-6.772038E-08,-1.4937735E-01
-6.767038E-08,-1.4943006E-01
-6.762038E-08,-1.4948277E-01
-6.757038E-08,-1.4953548E-01
-6.752038E-08,-1.4958819E-01
-6.747038E-08,-1.4958819E-01
-6.742038E-08,-1.4964090E-01
-6.737038E-08,-1.4964090E-01
-6.732038E-08,-1.4969361E-01
-6.727038E-08,-1.4969361E-01
-6.722038E-08,-1.4969361E-01
-6.717038E-08,-1.4969361E-01
-6.712038E-08,-1.4969361E-01
-6.707038E-08,-1.4969361E-01
-6.702038E-08,-1.4964090E-01
-6.697038E-08,-1.4964090E-01
-6.692038E-08,-1.4958819E-01
-6.687038E-08,-1.4953548E-01
-6.682038E-08,-1.4953548E-01
-6.677038E-08,-1.4948277E-01
-6.672038E-08,-1.4943006E-01
-6.667038E-08,-1.4937735E-01
-6.662038E-08,-1.4927194E-01
-6.657038E-08,-1.4921923E-01
-6.652038E-08,-1.4916652E-01
-6.647038E-08,-1.4911381E-01
-6.642038E-08,-1.4906110E-01
-6.637038E-08,-1.4900839E-01
-6.632038E-08,-1.4895568E-01
-6.627038E-08,-1.4890297E-01
-6.622038E-08,-1.4885026E-01
-6.617038E-08,-1.4879755E-01
-6.612038E-08,-1.4874485E-01
-6.607038E-08,-1.4874485E-01
-6.602038E-08,-1.4869214E-01
-6.597038E-08,-1.4869214E-01
-6.592038E-08,-1.4863943E-01
-6.587038E-08,-1.4863943E-01
-6.582038E-08,-1.4863943E-01
-6.577038E-08,-1.4863943E-01
-6.572038E-08,-1.4863943E-01
-6.567038E-08,-1.4869214E-01
-6.562038E-08,-1.4869214E-01
-6.557038E-08,-1.4874485E-01
-6.552038E-08,-1.4874485E-01
-6.547038E-08,-1.4879755E-01
-6.542038E-08,-1.4879755E-01
-6.537038E-08,-1.4885026E-01
-6.532038E-08,-1.4890297E-01
-6.527038E-08,-1.4895568E-01
-6.522038E-08,-1.4900839E-01
-6.517038E-08,-1.4906110E-01
-6.512038E-08,-1.4906110E-01
-6.507038E-08,-1.4911381E-01
-6.502038E-08,-1.4916652E-01
-6.497038E-08,-1.4921923E-01
-6.492038E-08,-1.4921923E-01
-6.487038E-08,-1.4927194E-01
-6.482038E-08,-1.4927194E-01
-6.477038E-08,-1.4932464E-01
-6.472038E-08,-1.4932464E-01
-6.467038E-08,-1.4932464E-01
-6.462038E-08,-1.4937735E-01
-6.457038E-08,-1.4937735E-01
-6.452038E-08,-1.4937735E-01
-6.447038E-08,-1.4932464E-01
-6.442038E-08,-1.4932464E-01
-6.437038E-08,-1.4932464E-01
-6.432038E-08,-1.4927194E-01
-6.427038E-08,-1.4927194E-01
-6.422038E-08,-1.4921923E-01
-6.417038E-08,-1.4921923E-01
-6.412038E-08,-1.4916652E-01
-6.407038E-08,-1.4911381E-01
-6.402038E-08,-1.4906110E-01
-6.397038E-08,-1.4900839E-01
-6.392038E-08,-1.4895568E-01
-6.387038E-08,-1.4890297E-01
-6.382038E-08,-1.4885026E-01
-6.377038E-08,-1.4874485E-01
-6.372038E-08,-1.4869214E-01
-6.367038E-08,-1.4863943E-01
-6.362038E-08,-1.4858672E-01
-6.357038E-08,-1.4853401E-01
-6.352038E-08,-1.4842859E-01
-6.347038E-08,-1.4837588E-01
-6.342038E-08,-1.4832317E-01
-6.337038E-08,-1.4827046E-01
-6.332038E-08,-1.4821776E-01
-6.327038E-08,-1.4816505E-01
-6.322038E-08,-1.4811234E-01
-6.317038E-08,-1.4805963E-01
-6.312038E-08,-1.4800692E-01
-6.307038E-08,-1.4795421E-01
-6.302038E-08,-1.4795421E-01
-6.297038E-08,-1.4790150E-01
-6.292038E-08,-1.4784879E-01
-6.287038E-08,-1.4784879E-01
-6.282038E-08,-1.4784879E-01
-6.277038E-08,-1.4779608E-01
-6.272038E-08,-1.4779608E-01
-6.267038E-08,-1.4779608E-01
-6.262038E-08,-1.4779608E-01
-6.257038E-08,-1.4779608E-01
-6.252038E-08,-1.4779608E-01
-6.247038E-08,-1.4784879E-01
-6.242038E-08,-1.4784879E-01
-6.237038E-08,-1.4784879E-01
-6.232038E-08,-1.4790150E-01
-6.227038E-08,-1.4790150E-01
-6.222038E-08,-1.4795421E-01
-6.217038E-08,-1.4795421E-01
-6.212038E-08,-1.4800692E-01
-6.207038E-08,-1.4805963E-01
-6.202038E-08,-1.4805963E-01
-6.197038E-08,-1.4811234E-01
-6.192038E-08,-1.4816505E-01
-6.187038E-08,-1.4816505E-01
-6.182038E-08,-1.4821776E-01
-6.177038E-08,-1.4827046E-01
-6.172038E-08,-1.4827046E-01
-6.167038E-08,-1.4832317E-01
-6.162038E-08,-1.4832317E-01
-6.157038E-08,-1.4832317E-01
-6.152038E-08,-1.4837588E-01
-6.147038E-08,-1.4837588E-01
-6.142038E-08,-1.4837588E-01
-6.137038E-08,-1.4842859E-01
-6.132038E-08,-1.4842859E-01
-6.127038E-08,-1.4842859E-01
-6.122038E-08,-1.4842859E-01
-6.117038E-08,-1.4842859E-01
-6.112038E-08,-1.4842859E-01
-6.107038E-08,-1.4842859E-01
-6.102038E-08,-1.4842859E-01
-6.097038E-08,-1.4842859E-01
-6.092038E-08,-1.4842859E-01
-6.087038E-08,-1.4842859E-01
-6.082038E-08,-1.4842859E-01
-6.077038E-08,-1.4842859E-01
-6.072038E-08,-1.4837588E-01
-6.067038E-08,-1.4842859E-01
-6.062038E-08,-1.4842859E-01
-6.057038E-08,-1.4842859E-01
-6.052038E-08,-1.4842859E-01
-6.047038E-08,-1.4842859E-01
-6.042038E-08,-1.4842859E-01
-6.037038E-08,-1.4848130E-01
-6.032038E-08,-1.4848130E-01
-6.027038E-08,-1.4848130E-01
-6.022038E-08,-1.4853401E-01
-6.017038E-08,-1.4853401E-01
-6.012038E-08,-1.4858672E-01
-6.007038E-08,-1.4858672E-01
-6.002038E-08,-1.4863943E-01
-5.997038E-08,-1.4863943E-01
-5.992038E-08,-1.4869214E-01
-5.987038E-08,-1.4869214E-01
-5.982038E-08,-1.4874485E-01
-5.977038E-08,-1.4874485E-01
-5.972038E-08,-1.4879755E-01
-5.967038E-08,-1.4879755E-01
-5.962038E-08,-1.4879755E-01
-5.957038E-08,-1.4885026E-01
-5.952038E-08,-1.4885026E-01
-5.947038E-08,-1.4885026E-01
-5.942038E-08,-1.4885026E-01
-5.937038E-08,-1.4885026E-01
-5.932038E-08,-1.4885026E-01
-5.927038E-08,-1.4885026E-01
-5.922038E-08,-1.4879755E-01
-5.917038E-08,-1.4879755E-01
-5.912038E-08,-1.4879755E-01
-5.907038E-08,-1.4874485E-01
-5.902038E-08,-1.4869214E-01
-5.897038E-08,-1.4869214E-01
-5.892038E-08,-1.4863943E-01
-5.887038E-08,-1.4858672E-01
-5.882038E-08,-1.4858672E-01
-5.877038E-08,-1.4853401E-01
-5.872038E-08,-1.4848130E-01
-5.867038E-08,-1.4842859E-01
-5.862038E-08,-1.4842859E-01
-5.857038E-08,-1.4837588E-01
-5.852038E-08,-1.4832317E-01
-5.847038E-08,-1.4832317E-01
-5.842038E-08,-1.4827046E-01
-5.837038E-08,-1.4827046E-01
-5.832038E-08,-1.4821776E-01
-5.827038E-08,-1.4821776E-01
-5.822038E-08,-1.4816505E-01
-5.817038E-08,-1.4816505E-01
-5.812038E-08,-1.4816505E-01
-5.807038E-08,-1.4816505E-01
-5.802038E-08,-1.4816505E-01
-5.797038E-08,-1.4816505E-01
-5.792038E-08,-1.4816505E-01
-5.787038E-08,-1.4821776E-01
-5.782038E-08,-1.4821776E-01
-5.777038E-08,-1.4827046E-01
-5.772038E-08,-1.4827046E-01
-5.767038E-08,-1.4832317E-01
-5.762038E-08,-1.4832317E-01
-5.757038E-08,-1.4837588E-01
-5.752038E-08,-1.4842859E-01
-5.747038E-08,-1.4848130E-01
-5.742038E-08,-1.4848130E-01
-5.737038E-08,-1.4853401E-01
-5.732038E-08,-1.4858672E-01
-5.727038E-08,-1.4863943E-01
-5.722038E-08,-1.4869214E-01
-5.717038E-08,-1.4874485E-01
-5.712038E-08,-1.4874485E-01
-5.707038E-08,-1.4879755E-01
-5.702038E-08,-1.4885026E-01
-5.697038E-08,-1.4890297E-01
-5.692038E-08,-1.4890297E-01
-5.687038E-08,-1.4895568E-01
-5.682038E-08,-1.4895568E-01
-5.677038E-08,-1.4900839E-01
-5.672038E-08,-1.4900839E-01
-5.667038E-08,-1.4906110E-01
-5.662038E-08,-1.4906110E-01
-5.657038E-08,-1.4906110E-01
-5.652038E-08,-1.4906110E-01
-5.647038E-08,-1.4906110E-01
-5.642038E-08,-1.4906110E-01
-5.637038E-08,-1.4906110E-01
-5.632038E-08,-1.4906110E-01
-5.627038E-08,-1.4906110E-01
-5.622038E-08,-1.4906110E-01
-5.617038E-08,-1.4906110E-01
-5.612038E-08,-1.4900839E-01
-5.607038E-08,-1.4900839E-01
-5.602038E-08,-1.4900839E-01
-5.597038E-08,-1.4895568E-01
-5.592038E-08,-1.4895568E-01
-5.587038E-08,-1.4890297E-01
-5.582038E-08,-1.4885026E-01
-5.577038E-08,-1.4885026E-01
-5.572038E-08,-1.4879755E-01
-5.567038E-08,-1.4879755E-01
-5.562038E-08,-1.4874485E-01
-5.557038E-08,-1.4869214E-01
-5.552038E-08,-1.4869214E-01
-5.547038E-08,-1.4863943E-01
-5.542038E-08,-1.4863943E-01
-5.537038E-08,-1.4858672E-01
-5.532038E-08,-1.4853401E-01
-5.527038E-08,-1.4853401E-01
-5.522038E-08,-1.4853401E-01
-5.517038E-08,-1.4848130E-01
-5.512038E-08,-1.4848130E-01
-5.507038E-08,-1.4842859E-01
-5.502038E-08,-1.4842859E-01
-5.497038E-08,-1.4842859E-01
-5.492038E-08,-1.4842859E-01
-5.487038E-08,-1.4842859E-01
-5.482038E-08,-1.4842859E-01
-5.477038E-08,-1.4837588E-01
-5.472038E-08,-1.4842859E-01
-5.467038E-08,-1.4842859E-01
-5.462038E-08,-1.4842859E-01
-5.457038E-08,-1.4842859E-01
-5.452038E-08,-1.4842859E-01
-5.447038E-08,-1.4842859E-01
-5.442038E-08,-1.4848130E-01
-5.437038E-08,-1.4848130E-01
-5.432038E-08,-1.4848130E-01
-5.427038E-08,-1.4853401E-01
-5.422038E-08,-1.4853401E-01
-5.417038E-08,-1.4853401E-01
-5.412038E-08,-1.4858672E-01
-5.407038E-08,-1.4858672E-01
-5.402038E-08,-1.4858672E-01
-5.397038E-08,-1.4858672E-01
-5.392038E-08,-1.4863943E-01
-5.387038E-08,-1.4863943E-01
-5.382038E-08,-1.4863943E-01
-5.377038E-08,-1.4863943E-01
-5.372038E-08,-1.4863943E-01
-5.367038E-08,-1.4863943E-01
-5.362038E-08,-1.4863943E-01
-5.357038E-08,-1.4863943E-01
-5.352038E-08,-1.4863943E-01
-5.347038E-08,-1.4863943E-01
-5.342038E-08,-1.4863943E-01
-5.337038E-08,-1.4863943E-01
-5.332038E-08,-1.4863943E-01
-5.327038E-08,-1.4858672E-01
-5.322038E-08,-1.4858672E-01
-5.317038E-08,-1.4858672E-01
-5.312038E-08,-1.4858672E-01
-5.307038E-08,-1.4858672E-01
-5.302038E-08,-1.4858672E-01
-5.297038E-08,-1.4858672E-01
-5.292038E-08,-1.4858672E-01
-5.287038E-08,-1.4858672E-01
-5.282038E-08,-1.4858672E-01
-5.277038E-08,-1.4863943E-01
-5.272038E-08,-1.4863943E-01
-5.267038E-08,-1.4863943E-01
-5.262038E-08,-1.4869214E-01
-5.257038E-08,-1.4869214E-01
-5.252038E-08,-1.4874485E-01
-5.247038E-08,-1.4874485E-01
-5.242038E-08,-1.4879755E-01
-5.237038E-08,-1.4879755E-01
-5.232038E-08,-1.4885026E-01
-5.227038E-08,-1.4890297E-01
-5.222038E-08,-1.4890297E-01
-5.217038E-08,-1.4895568E-01
-5.212038E-08,-1.4900839E-01
-5.207038E-08,-1.4900839E-01
-5.202038E-08,-1.4906110E-01
-5.197038E-08,-1.4911381E-01
-5.192038E-08,-1.4911381E-01
-5.187038E-08,-1.4916652E-01
-5.182038E-08,-1.4916652E-01
-5.177038E-08,-1.4916652E-01
-5.172038E-08,-1.4921923E-01
-5.167038E-08,-1.4921923E-01
-5.162038E-08,-1.4921923E-01
-5.157038E-08,-1.4921923E-01
-5.152038E-08,-1.4921923E-01
-5.147038E-08,-1.4921923E-01
-5.142038E-08,-1.4921923E-01
-5.137038E-08,-1.4916652E-01
-5.132038E-08,-1.4916652E-01
-5.127038E-08,-1.4916652E-01
-5.122038E-08,-1.4911381E-01
-5.117038E-08,-1.4911381E-01
-5.112038E-08,-1.4906110E-01
-5.107038E-08,-1.4906110E-01
-5.102038E-08,-1.4906110E-01
-5.097038E-08,-1.4900839E-01
-5.092038E-08,-1.4900839E-01
-5.087038E-08,-1.4900839E-01
-5.082038E-08,-1.4895568E-01
-5.077038E-08,-1.4895568E-01
-5.072038E-08,-1.4895568E-01
-5.067038E-08,-1.4895568E-01
-5.062038E-08,-1.4895568E-01
-5.057038E-08,-1.4895568E-01
-5.052038E-08,-1.4895568E-01
-5.047038E-08,-1.4895568E-01
-5.042038E-08,-1.4900839E-01
-5.037038E-08,-1.4900839E-01
-5.032038E-08,-1.4900839E-01
-5.027038E-08,-1.4906110E-01
-5.022038E-08,-1.4906110E-01
-5.017038E-08,-1.4906110E-01
-5.012038E-08,-1.4911381E-01
-5.007038E-08,-1.4911381E-01
-5.002038E-08,-1.4911381E-01
-4.997038E-08,-1.4916652E-01
-4.992038E-08,-1.4916652E-01
-4.987038E-08,-1.4916652E-01
-4.982038E-08,-1.4916652E-01
-4.977038E-08,-1.4916652E-01
-4.972038E-08,-1.4916652E-01
-4.967038E-08,-1.4911381E-01
-4.962038E-08,-1.4911381E-01
-4.957038E-08,-1.4906110E-01
-4.952038E-08,-1.4906110E-01
-4.947038E-08,-1.4900839E-01
-4.942038E-08,-1.4895568E-01
-4.937038E-08,-1.4890297E-01
-4.932038E-08,-1.4885026E-01
-4.927038E-08,-1.4879755E-01
-4.922038E-08,-1.4874485E-01
-4.917038E-08,-1.4863943E-01
-4.912038E-08,-1.4858672E-01
-4.907038E-08,-1.4853401E-01
-4.902038E-08,-1.4848130E-01
-4.897038E-08,-1.4837588E-01
-4.892038E-08,-1.4832317E-01
-4.887038E-08,-1.4827046E-01
-4.882038E-08,-1.4821776E-01
-4.877038E-08,-1.4816505E-01
-4.872038E-08,-1.4811234E-01
-4.867038E-08,-1.4805963E-01
-4.862038E-08,-1.4805963E-01
-4.857038E-08,-1.4800692E-01
-4.852038E-08,-1.4800692E-01
-4.847038E-08,-1.4800692E-01
-4.842038E-08,-1.4800692E-01
-4.837038E-08,-1.4800692E-01
-4.832038E-08,-1.4805963E-01
-4.827038E-08,-1.4805963E-01
-4.822038E-08,-1.4811234E-01
-4.817038E-08,-1.4811234E-01
-4.812038E-08,-1.4816505E-01
-4.807038E-08,-1.4821776E-01
-4.802038E-08,-1.4827046E-01
-4.797038E-08,-1.4832317E-01
-4.792038E-08,-1.4837588E-01
-4.787038E-08,-1.4842859E-01
-4.782038E-08,-1.4848130E-01
-4.777038E-08,-1.4853401E-01
-4.772038E-08,-1.4853401E-01
-4.767038E-08,-1.4858672E-01
-4.762038E-08,-1.4863943E-01
-4.757038E-08,-1.4863943E-01
-4.752038E-08,-1.4869214E-01
-4.747038E-08,-1.4869214E-01
-4.742038E-08,-1.4869214E-01
-4.737038E-08,-1.4869214E-01
-4.732038E-08,-1.4869214E-01
-4.727038E-08,-1.4869214E-01
-4.722038E-08,-1.4869214E-01
-4.717038E-08,-1.4869214E-01
-4.712038E-08,-1.4863943E-01
-4.707038E-08,-1.4863943E-01
-4.702038E-08,-1.4858672E-01
-4.697038E-08,-1.4858672E-01
-4.692038E-08,-1.4853401E-01
-4.687038E-08,-1.4848130E-01
-4.682038E-08,-1.4848130E-01
-4.677038E-08,-1.4842859E-01
-4.672038E-08,-1.4837588E-01
-4.667038E-08,-1.4837588E-01
-4.662038E-08,-1.4837588E-01
-4.657038E-08,-1.4832317E-01
-4.652038E-08,-1.4832317E-01
-4.647038E-08,-1.4832317E-01
-4.642038E-08,-1.4832317E-01
-4.637038E-08,-1.4832317E-01
-4.632038E-08,-1.4832317E-01
-4.627038E-08,-1.4837588E-01
-4.622038E-08,-1.4837588E-01
-4.617038E-08,-1.4842859E-01
-4.612038E-08,-1.4842859E-01
-4.607038E-08,-1.4848130E-01
-4.602038E-08,-1.4853401E-01
-4.597038E-08,-1.4858672E-01
-4.592038E-08,-1.4863943E-01
-4.587038E-08,-1.4863943E-01
-4.582038E-08,-1.4869214E-01
-4.577038E-08,-1.4874485E-01
-4.572038E-08,-1.4879755E-01
-4.567038E-08,-1.4885026E-01
-4.562038E-08,-1.4890297E-01
-4.557038E-08,-1.4890297E-01
-4.552038E-08,-1.4895568E-01
-4.547038E-08,-1.4900839E-01
-4.542038E-08,-1.4900839E-01
-4.537038E-08,-1.4900839E-01
-4.532038E-08,-1.4906110E-01
-4.527038E-08,-1.4906110E-01
-4.522038E-08,-1.4906110E-01
-4.517038E-08,-1.4900839E-01
-4.512038E-08,-1.4900839E-01
-4.507038E-08,-1.4900839E-01
-4.502038E-08,-1.4900839E-01
-4.497038E-08,-1.4895568E-01
-4.492038E-08,-1.4895568E-01
-4.487038E-08,-1.4890297E-01
-4.482038E-08,-1.4885026E-01
-4.477038E-08,-1.4885026E-01
-4.472038E-08,-1.4879755E-01
-4.467038E-08,-1.4879755E-01
-4.462038E-08,-1.4874485E-01
-4.457038E-08,-1.4874485E-01
-4.452038E-08,-1.4869214E-01
-4.447038E-08,-1.4869214E-01
-4.442038E-08,-1.4869214E-01
-4.437038E-08,-1.4869214E-01
-4.432038E-08,-1.4869214E-01
-4.427038E-08,-1.4869214E-01
-4.422038E-08,-1.4869214E-01
-4.417038E-08,-1.4869214E-01
-4.412038E-08,-1.4869214E-01
-4.407038E-08,-1.4869214E-01
-4.402038E-08,-1.4874485E-01
-4.397038E-08,-1.4874485E-01
-4.392038E-08,-1.4879755E-01
-4.387038E-08,-1.4879755E-01
-4.382038E-08,-1.4885026E-01
-4.377038E-08,-1.4885026E-01
-4.372038E-08,-1.4885026E-01
-4.367038E-08,-1.4890297E-01
-4.362038E-08,-1.4890297E-01
-4.357038E-08,-1.4890297E-01
-4.352038E-08,-1.4895568E-01
-4.347038E-08,-1.4895568E-01
-4.342038E-08,-1.4895568E-01
-4.337038E-08,-1.4895568E-01
-4.332038E-08,-1.4890297E-01
-4.327038E-08,-1.4890297E-01
-4.322038E-08,-1.4890297E-01
-4.317038E-08,-1.4885026E-01
-4.312038E-08,-1.4879755E-01
-4.307038E-08,-1.4879755E-01
-4.302038E-08,-1.4874485E-01
-4.297038E-08,-1.4869214E-01
-4.292038E-08,-1.4863943E-01
-4.287038E-08,-1.4858672E-01
-4.282038E-08,-1.4853401E-01
-4.277038E-08,-1.4848130E-01
-4.272038E-08,-1.4842859E-01
-4.267038E-08,-1.4837588E-01
-4.262038E-08,-1.4832317E-01
-4.257038E-08,-1.4827046E-01
-4.252038E-08,-1.4821776E-01
-4.247038E-08,-1.4816505E-01
-4.242038E-08,-1.4816505E-01
-4.237038E-08,-1.4811234E-01
-4.232038E-08,-1.4811234E-01
-4.227038E-08,-1.4805963E-01
-4.222038E-08,-1.4805963E-01
-4.217038E-08,-1.4805963E-01
-4.212038E-08,-1.4805963E-01
-4.207038E-08,-1.4805963E-01
-4.202038E-08,-1.4805963E-01
-4.197038E-08,-1.4805963E-01
-4.192038E-08,-1.4811234E-01
-4.187038E-08,-1.4811234E-01
-4.182038E-08,-1.4811234E-01
-4.177038E-08,-1.4816505E-01
-4.172038E-08,-1.4816505E-01
-4.167038E-08,-1.4821776E-01
-4.162038E-08,-1.4821776E-01
-4.157038E-08,-1.4827046E-01
-4.152038E-08,-1.4827046E-01
-4.147038E-08,-1.4832317E-01
-4.142038E-08,-1.4832317E-01
-4.137038E-08,-1.4837588E-01
-4.132038E-08,-1.4837588E-01
-4.127038E-08,-1.4837588E-01
-4.122038E-08,-1.4842859E-01
-4.117038E-08,-1.4842859E-01
-4.112038E-08,-1.4842859E-01
-4.107038E-08,-1.4842859E-01
-4.102038E-08,-1.4842859E-01
-4.097038E-08,-1.4837588E-01
-4.092038E-08,-1.4837588E-01
-4.087038E-08,-1.4837588E-01
-4.082038E-08,-1.4832317E-01
-4.077038E-08,-1.4832317E-01
-4.072038E-08,-1.4832317E-01
-4.067038E-08,-1.4827046E-01
-4.062038E-08,-1.4827046E-01
-4.057038E-08,-1.4821776E-01
-4.052038E-08,-1.4821776E-01
-4.047038E-08,-1.4821776E-01
-4.042038E-08,-1.4816505E-01
-4.037038E-08,-1.4816505E-01
-4.032038E-08,-1.4816505E-01
-4.027038E-08,-1.4811234E-01
-4.022038E-08,-1.4811234E-01
-4.017038E-08,-1.4811234E-01
-4.012038E-08,-1.4811234E-01
-4.007038E-08,-1.4811234E-01
-4.002038E-08,-1.4811234E-01
-3.997038E-08,-1.4811234E-01
-3.992038E-08,-1.4811234E-01
-3.987038E-08,-1.4811234E-01
-3.982038E-08,-1.4816505E-01
-3.977038E-08,-1.4816505E-01
-3.972038E-08,-1.4816505E-01
-3.967038E-08,-1.4821776E-01
-3.962038E-08,-1.4821776E-01
-3.957038E-08,-1.4827046E-01
-3.952038E-08,-1.4827046E-01
-3.947038E-08,-1.4832317E-01
-3.942038E-08,-1.4832317E-01
-3.937038E-08,-1.4837588E-01
-3.932038E-08,-1.4842859E-01
-3.927038E-08,-1.4842859E-01
-3.922038E-08,-1.4848130E-01
-3.917038E-08,-1.4848130E-01
-3.912038E-08,-1.4853401E-01
-3.907038E-08,-1.4858672E-01
-3.902038E-08,-1.4858672E-01
-3.897038E-08,-1.4863943E-01
-3.892038E-08,-1.4869214E-01
-3.887038E-08,-1.4869214E-01
-3.882038E-08,-1.4874485E-01
-3.877038E-08,-1.4879755E-01
-3.872038E-08,-1.4879755E-01
-3.867038E-08,-1.4885026E-01
-3.862038E-08,-1.4890297E-01
-3.857038E-08,-1.4890297E-01
-3.852038E-08,-1.4895568E-01
-3.847038E-08,-1.4900839E-01
-3.842038E-08,-1.4900839E-01
-3.837038E-08,-1.4906110E-01
-3.832038E-08,-1.4906110E-01
-3.827038E-08,-1.4911381E-01
-3.822038E-08,-1.4911381E-01
-3.817038E-08,-1.4916652E-01
-3.812038E-08,-1.4916652E-01
-3.807038E-08,-1.4921923E-01
-3.802038E-08,-1.4921923E-01
-3.797038E-08,-1.4921923E-01
-3.792038E-08,-1.4921923E-01
-3.787038E-08,-1.4921923E-01
-3.782038E-08,-1.4921923E-01
-3.777038E-08,-1.4921923E-01
-3.772038E-08,-1.4921923E-01
-3.767038E-08,-1.4916652E-01
-3.762038E-08,-1.4916652E-01
-3.757038E-08,-1.4916652E-01
-3.752038E-08,-1.4911381E-01
-3.747038E-08,-1.4906110E-01
-3.742038E-08,-1.4900839E-01
-3.737038E-08,-1.4900839E-01
-3.732038E-08,-1.4895568E-01
-3.727038E-08,-1.4890297E-01
-3.722038E-08,-1.4885026E-01
-3.717038E-08,-1.4879755E-01
-3.712038E-08,-1.4874485E-01
-3.707038E-08,-1.4869214E-01
-3.702038E-08,-1.4863943E-01
-3.697038E-08,-1.4858672E-01
-3.692038E-08,-1.4853401E-01
-3.687038E-08,-1.4853401E-01
-3.682038E-08,-1.4848130E-01
-3.677038E-08,-1.4842859E-01
-3.672038E-08,-1.4842859E-01
-3.667038E-08,-1.4837588E-01
-3.662038E-08,-1.4837588E-01
-3.657038E-08,-1.4832317E-01
-3.652038E-08,-1.4832317E-01
-3.647038E-08,-1.4832317E-01
-3.642038E-08,-1.4832317E-01
-3.637038E-08,-1.4832317E-01
-3.632038E-08,-1.4832317E-01
-3.627038E-08,-1.4832317E-01
-3.622038E-08,-1.4832317E-01
-3.617038E-08,-1.4837588E-01
-3.612038E-08,-1.4837588E-01
-3.607038E-08,-1.4837588E-01
-3.602038E-08,-1.4842859E-01
-3.597038E-08,-1.4842859E-01
-3.592038E-08,-1.4848130E-01
-3.587038E-08,-1.4848130E-01
-3.582038E-08,-1.4848130E-01
-3.577038E-08,-1.4853401E-01
-3.572038E-08,-1.4853401E-01
-3.567038E-08,-1.4853401E-01
-3.562038E-08,-1.4858672E-01
-3.557038E-08,-1.4858672E-01
-3.552038E-08,-1.4858672E-01
-3.547038E-08,-1.4858672E-01
-3.542038E-08,-1.4858672E-01
-3.537038E-08,-1.4858672E-01
-3.532038E-08,-1.4858672E-01
-3.527038E-08,-1.4858672E-01
-3.522038E-08,-1.4858672E-01
-3.517038E-08,-1.4858672E-01
-3.512038E-08,-1.4858672E-01
-3.507038E-08,-1.4858672E-01
-3.502038E-08,-1.4853401E-01
-3.497038E-08,-1.4853401E-01
-3.492038E-08,-1.4853401E-01
-3.487038E-08,-1.4853401E-01
-3.482038E-08,-1.4858672E-01
-3.477038E-08,-1.4858672E-01
-3.472038E-08,-1.4858672E-01
-3.467038E-08,-1.4858672E-01
-3.462038E-08,-1.4863943E-01
-3.457038E-08,-1.4863943E-01
-3.452038E-08,-1.4863943E-01
-3.447038E-08,-1.4869214E-01
-3.442038E-08,-1.4874485E-01
-3.437038E-08,-1.4874485E-01
-3.432038E-08,-1.4879755E-01
-3.427038E-08,-1.4885026E-01
-3.422038E-08,-1.4890297E-01
-3.417038E-08,-1.4890297E-01
-3.412038E-08,-1.4895568E-01
-3.407038E-08,-1.4900839E-01
-3.402038E-08,-1.4906110E-01
-3.397038E-08,-1.4906110E-01
-3.392038E-08,-1.4911381E-01
-3.387038E-08,-1.4911381E-01
-3.382038E-08,-1.4916652E-01
-3.377038E-08,-1.4916652E-01
-3.372038E-08,-1.4916652E-01
-3.367038E-08,-1.4916652E-01
-3.362038E-08,-1.4916652E-01
-3.357038E-08,-1.4916652E-01
-3.352038E-08,-1.4911381E-01
-3.347038E-08,-1.4911381E-01
-3.342038E-08,-1.4906110E-01
-3.337038E-08,-1.4900839E-01
-3.332038E-08,-1.4895568E-01
-3.327038E-08,-1.4890297E-01
-3.322038E-08,-1.4885026E-01
-3.317038E-08,-1.4879755E-01
-3.312038E-08,-1.4874485E-01
-3.307038E-08,-1.4869214E-01
-3.302038E-08,-1.4858672E-01
-3.297038E-08,-1.4853401E-01
-3.292038E-08,-1.4848130E-01
-3.287038E-08,-1.4842859E-01
-3.282038E-08,-1.4837588E-01
-3.277038E-08,-1.4832317E-01
-3.272038E-08,-1.4827046E-01
-3.267038E-08,-1.4821776E-01
-3.262038E-08,-1.4821776E-01
-3.257038E-08,-1.4816505E-01
-3.252038E-08,-1.4816505E-01
-3.247038E-08,-1.4816505E-01
-3.242038E-08,-1.4816505E-01
-3.237038E-08,-1.4816505E-01
-3.232038E-08,-1.4821776E-01
-3.227038E-08,-1.4821776E-01
-3.222038E-08,-1.4827046E-01
-3.217038E-08,-1.4832317E-01
-3.212038E-08,-1.4837588E-01
-3.207038E-08,-1.4848130E-01
-3.202038E-08,-1.4853401E-01
-3.197038E-08,-1.4858672E-01
-3.192038E-08,-1.4869214E-01
-3.187038E-08,-1.4874485E-01
-3.182038E-08,-1.4885026E-01
-3.177038E-08,-1.4890297E-01
-3.172038E-08,-1.4900839E-01
-3.167038E-08,-1.4906110E-01
-3.162038E-08,-1.4911381E-01
-3.157038E-08,-1.4921923E-01
-3.152038E-08,-1.4927194E-01
-3.147038E-08,-1.4932464E-01
-3.142038E-08,-1.4937735E-01
-3.137038E-08,-1.4937735E-01
-3.132038E-08,-1.4943006E-01
-3.127038E-08,-1.4943006E-01
-3.122038E-08,-1.4948277E-01
-3.117038E-08,-1.4948277E-01
-3.112038E-08,-1.4948277E-01
-3.107038E-08,-1.4948277E-01
-3.102038E-08,-1.4943006E-01
-3.097038E-08,-1.4943006E-01
-3.092038E-08,-1.4943006E-01
-3.087038E-08,-1.4937735E-01
-3.082038E-08,-1.4932464E-01
-3.077038E-08,-1.4932464E-01
-3.072038E-08,-1.4927194E-01
-3.067038E-08,-1.4921923E-01
-3.062038E-08,-1.4916652E-01
-3.057038E-08,-1.4916652E-01
-3.052038E-08,-1.4911381E-01
-3.047038E-08,-1.4906110E-01
-3.042038E-08,-1.4906110E-01
-3.037038E-08,-1.4900839E-01
-3.032038E-08,-1.4900839E-01
-3.027038E-08,-1.4895568E-01
-3.022038E-08,-1.4895568E-01
-3.017038E-08,-1.4895568E-01
-3.012038E-08,-1.4895568E-01
-3.007038E-08,-1.4895568E-01
-3.002038E-08,-1.4895568E-01
-2.997038E-08,-1.4895568E-01
-2.992038E-08,-1.4895568E-01
-2.987038E-08,-1.4900839E-01
-2.982038E-08,-1.4900839E-01
-2.977038E-08,-1.4900839E-01
-2.972038E-08,-1.4906110E-01
-2.967038E-08,-1.4906110E-01
-2.962038E-08,-1.4911381E-01
-2.957038E-08,-1.4911381E-01
-2.952038E-08,-1.4911381E-01
-2.947038E-08,-1.4916652E-01
-2.942038E-08,-1.4916652E-01
-2.937038E-08,-1.4921923E-01
-2.932038E-08,-1.4921923E-01
-2.927038E-08,-1.4921923E-01
-2.922038E-08,-1.4921923E-01
-2.917038E-08,-1.4927194E-01
-2.912038E-08,-1.4927194E-01
-2.907038E-08,-1.4927194E-01
-2.902038E-08,-1.4927194E-01
-2.897038E-08,-1.4927194E-01
-2.892038E-08,-1.4921923E-01
-2.887038E-08,-1.4921923E-01
-2.882038E-08,-1.4921923E-01
-2.877038E-08,-1.4921923E-01
-2.872038E-08,-1.4921923E-01
-2.867038E-08,-1.4916652E-01
-2.862038E-08,-1.4916652E-01
-2.857038E-08,-1.4916652E-01
-2.852038E-08,-1.4916652E-01
-2.847038E-08,-1.4916652E-01
-2.842038E-08,-1.4911381E-01
-2.837038E-08,-1.4911381E-01
-2.832038E-08,-1.4911381E-01
-2.827038E-08,-1.4911381E-01
-2.822038E-08,-1.4911381E-01
-2.817038E-08,-1.4916652E-01
-2.812038E-08,-1.4916652E-01
-2.807038E-08,-1.4916652E-01
-2.802038E-08,-1.4916652E-01
-2.797038E-08,-1.4916652E-01
-2.792038E-08,-1.4921923E-01
-2.787038E-08,-1.4921923E-01
-2.782038E-08,-1.4921923E-01
-2.777038E-08,-1.4927194E-01
-2.772038E-08,-1.4927194E-01
-2.767038E-08,-1.4927194E-01
-2.762038E-08,-1.4932464E-01
-2.757038E-08,-1.4932464E-01
-2.752038E-08,-1.4932464E-01
-2.747038E-08,-1.4932464E-01
-2.742038E-08,-1.4932464E-01
-2.737038E-08,-1.4932464E-01
-2.732038E-08,-1.4932464E-01
-2.727038E-08,-1.4932464E-01
-2.722038E-08,-1.4927194E-01
-2.717038E-08,-1.4927194E-01
-2.712038E-08,-1.4921923E-01
-2.707038E-08,-1.4921923E-01
-2.702038E-08,-1.4916652E-01
-2.697038E-08,-1.4911381E-01
-2.692038E-08,-1.4911381E-01
-2.687038E-08,-1.4906110E-01
-2.682038E-08,-1.4900839E-01
-2.677038E-08,-1.4895568E-01
-2.672038E-08,-1.4890297E-01
-2.667038E-08,-1.4885026E-01
-2.662038E-08,-1.4879755E-01
-2.657038E-08,-1.4874485E-01
-2.652038E-08,-1.4874485E-01
-2.647038E-08,-1.4869214E-01
-2.642038E-08,-1.4863943E-01
-2.637038E-08,-1.4858672E-01
-2.632038E-08,-1.4858672E-01
-2.627038E-08,-1.4853401E-01
-2.622038E-08,-1.4853401E-01
-2.617038E-08,-1.4853401E-01
-2.612038E-08,-1.4853401E-01
-2.607038E-08,-1.4853401E-01
-2.602038E-08,-1.4853401E-01
-2.597038E-08,-1.4853401E-01
-2.592038E-08,-1.4853401E-01
-2.587038E-08,-1.4858672E-01
-2.582038E-08,-1.4863943E-01
-2.577038E-08,-1.4863943E-01
-2.572038E-08,-1.4869214E-01
-2.567038E-08,-1.4874485E-01
-2.562038E-08,-1.4879755E-01
-2.557038E-08,-1.4885026E-01
-2.552038E-08,-1.4890297E-01
-2.547038E-08,-1.4895568E-01
-2.542038E-08,-1.4895568E-01
-2.537038E-08,-1.4900839E-01
-2.532038E-08,-1.4906110E-01
-2.527038E-08,-1.4911381E-01
-2.522038E-08,-1.4916652E-01
-2.517038E-08,-1.4921923E-01
-2.512038E-08,-1.4927194E-01
-2.507038E-08,-1.4927194E-01
-2.502038E-08,-1.4932464E-01
-2.497038E-08,-1.4932464E-01
-2.492038E-08,-1.4937735E-01
-2.487038E-08,-1.4937735E-01
-2.482038E-08,-1.4937735E-01
-2.477038E-08,-1.4937735E-01
-2.472038E-08,-1.4937735E-01
-2.467038E-08,-1.4937735E-01
-2.462038E-08,-1.4937735E-01
-2.457038E-08,-1.4937735E-01
-2.452038E-08,-1.4937735E-01
-2.447038E-08,-1.4932464E-01
-2.442038E-08,-1.4932464E-01
-2.437038E-08,-1.4932464E-01
-2.432038E-08,-1.4927194E-01
-2.427038E-08,-1.4927194E-01
-2.422038E-08,-1.4921923E-01
-2.417038E-08,-1.4921923E-01
-2.412038E-08,-1.4921923E-01
-2.407038E-08,-1.4916652E-01
-2.402038E-08,-1.4916652E-01
-2.397038E-08,-1.4916652E-01
-2.392038E-08,-1.4911381E-01
-2.387038E-08,-1.4911381E-01
-2.382038E-08,-1.4911381E-01
-2.377038E-08,-1.4911381E-01
-2.372038E-08,-1.4911381E-01
-2.367038E-08,-1.4911381E-01
-2.362038E-08,-1.4911381E-01
-2.357038E-08,-1.4911381E-01
-2.352038E-08,-1.4911381E-01
-2.347038E-08,-1.4911381E-01
-2.342038E-08,-1.4911381E-01
-2.337038E-08,-1.4911381E-01
-2.332038E-08,-1.4911381E-01
-2.327038E-08,-1.4911381E-01
-2.322038E-08,-1.4916652E-01
-2.317038E-08,-1.4916652E-01
-2.312038E-08,-1.4916652E-01
-2.307038E-08,-1.4916652E-01
-2.302038E-08,-1.4916652E-01
-2.297038E-08,-1.4916652E-01
-2.292038E-08,-1.4911381E-01
-2.287038E-08,-1.4911381E-01
-2.282038E-08,-1.4911381E-01
-2.277038E-08,-1.4911381E-01
-2.272038E-08,-1.4906110E-01
-2.267038E-08,-1.4906110E-01
-2.262038E-08,-1.4900839E-01
-2.257038E-08,-1.4900839E-01
-2.252038E-08,-1.4895568E-01
-2.247038E-08,-1.4890297E-01
-2.242038E-08,-1.4890297E-01
-2.237038E-08,-1.4885026E-01
-2.232038E-08,-1.4879755E-01
-2.227038E-08,-1.4874485E-01
-2.222038E-08,-1.4874485E-01
-2.217038E-08,-1.4869214E-01
-2.212038E-08,-1.4863943E-01
-2.207038E-08,-1.4858672E-01
-2.202038E-08,-1.4853401E-01
-2.197038E-08,-1.4853401E-01
-2.192038E-08,-1.4848130E-01
-2.187038E-08,-1.4842859E-01
-2.182038E-08,-1.4842859E-01
-2.177038E-08,-1.4837588E-01
-2.172038E-08,-1.4837588E-01
-2.167038E-08,-1.4832317E-01
-2.162038E-08,-1.4832317E-01
-2.157038E-08,-1.4827046E-01
-2.152038E-08,-1.4827046E-01
-2.147038E-08,-1.4827046E-01
-2.142038E-08,-1.4827046E-01
-2.137038E-08,-1.4827046E-01
-2.132038E-08,-1.4827046E-01
-2.127038E-08,-1.4827046E-01
-2.122038E-08,-1.4827046E-01
-2.117038E-08,-1.4827046E-01
-2.112038E-08,-1.4827046E-01
-2.107038E-08,-1.4827046E-01
-2.102038E-08,-1.4827046E-01
-2.097038E-08,-1.4832317E-01
-2.092038E-08,-1.4832317E-01
-2.087038E-08,-1.4832317E-01
-2.082038E-08,-1.4832317E-01
-2.077038E-08,-1.4837588E-01
-2.072038E-08,-1.4837588E-01
-2.067038E-08,-1.4837588E-01
-2.062038E-08,-1.4837588E-01
-2.057038E-08,-1.4837588E-01
-2.052038E-08,-1.4842859E-01
-2.047038E-08,-1.4842859E-01
-2.042038E-08,-1.4842859E-01
-2.037038E-08,-1.4842859E-01
-2.032038E-08,-1.4842859E-01
-2.027038E-08,-1.4842859E-01
-2.022038E-08,-1.4842859E-01
-2.017038E-08,-1.4842859E-01
-2.012038E-08,-1.4842859E-01
-2.007038E-08,-1.4842859E-01
-2.002038E-08,-1.4842859E-01
-1.997038E-08,-1.4837588E-01
-1.992038E-08,-1.4837588E-01
-1.987038E-08,-1.4837588E-01
-1.982038E-08,-1.4837588E-01
-1.977038E-08,-1.4837588E-01
-1.972038E-08,-1.4837588E-01
-1.967038E-08,-1.4837588E-01
-1.962038E-08,-1.4837588E-01
-1.957038E-08,-1.4837588E-01
-1.952038E-08,-1.4837588E-01
-1.947038E-08,-1.4837588E-01
-1.942038E-08,-1.4837588E-01
-1.937038E-08,-1.4837588E-01
-1.932038E-08,-1.4842859E-01
-1.927038E-08,-1.4842859E-01
-1.922038E-08,-1.4842859E-01
-1.917038E-08,-1.4848130E-01
-1.912038E-08,-1.4848130E-01
-1.907038E-08,-1.4853401E-01
-1.902038E-08,-1.4858672E-01
-1.897038E-08,-1.4858672E-01
-1.892038E-08,-1.4863943E-01
-1.887038E-08,-1.4869214E-01
-1.882038E-08,-1.4874485E-01
-1.877038E-08,-1.4879755E-01
-1.872038E-08,-1.4885026E-01
-1.867038E-08,-1.4890297E-01
-1.862038E-08,-1.4895568E-01
-1.857038E-08,-1.4900839E-01
-1.852038E-08,-1.4906110E-01
-1.847038E-08,-1.4911381E-01
-1.842038E-08,-1.4911381E-01
-1.837038E-08,-1.4916652E-01
-1.832038E-08,-1.4921923E-01
-1.827038E-08,-1.4927194E-01
-1.822038E-08,-1.4932464E-01
-1.817038E-08,-1.4937735E-01
-1.812038E-08,-1.4937735E-01
-1.807038E-08,-1.4943006E-01
-1.802038E-08,-1.4943006E-01
-1.797038E-08,-1.4943006E-01
-1.792038E-08,-1.4948277E-01
-1.787038E-08,-1.4948277E-01
-1.782038E-08,-1.4948277E-01
-1.777038E-08,-1.4948277E-01
-1.772038E-08,-1.4948277E-01
-1.767038E-08,-1.4943006E-01
-1.762038E-08,-1.4943006E-01
-1.757038E-08,-1.4937735E-01
-1.752038E-08,-1.4937735E-01
-1.747038E-08,-1.4932464E-01
-1.742038E-08,-1.4932464E-01
-1.737038E-08,-1.4927194E-01
-1.732038E-08,-1.4921923E-01
-1.727038E-08,-1.4916652E-01
-1.722038E-08,-1.4911381E-01
-1.717038E-08,-1.4911381E-01
-1.712038E-08,-1.4906110E-01
-1.707038E-08,-1.4900839E-01
-1.702038E-08,-1.4895568E-01
-1.697038E-08,-1.4895568E-01
-1.692038E-08,-1.4890297E-01
-1.687038E-08,-1.4885026E-01
-1.682038E-08,-1.4885026E-01
-1.677038E-08,-1.4885026E-01
-1.672038E-08,-1.4879755E-01
-1.667038E-08,-1.4879755E-01
-1.662038E-08,-1.4879755E-01
-1.657038E-08,-1.4879755E-01
-1.652038E-08,-1.4885026E-01
-1.647038E-08,-1.4885026E-01
-1.642038E-08,-1.4890297E-01
-1.637038E-08,-1.4890297E-01
-1.632038E-08,-1.4895568E-01
-1.627038E-08,-1.4900839E-01
-1.622038E-08,-1.4906110E-01
-1.617038E-08,-1.4911381E-01
-1.612038E-08,-1.4916652E-01
-1.607038E-08,-1.4921923E-01
-1.602038E-08,-1.4927194E-01
-1.597038E-08,-1.4932464E-01
-1.592038E-08,-1.4943006E-01
-1.587038E-08,-1.4948277E-01
-1.582038E-08,-1.4953548E-01
-1.577038E-08,-1.4958819E-01
-1.572038E-08,-1.4964090E-01
-1.567038E-08,-1.4969361E-01
-1.562038E-08,-1.4974632E-01
-1.557038E-08,-1.4979903E-01
-1.552038E-08,-1.4979903E-01
-1.547038E-08,-1.4985173E-01
-1.542038E-08,-1.4985173E-01
-1.537038E-08,-1.4985173E-01
-1.532038E-08,-1.4985173E-01
-1.527038E-08,-1.4985173E-01
-1.522038E-08,-1.4985173E-01
-1.517038E-08,-1.4979903E-01
-1.512038E-08,-1.4974632E-01
-1.507038E-08,-1.4974632E-01
-1.502038E-08,-1.4964090E-01
-1.497038E-08,-1.4958819E-01
-1.492038E-08,-1.4953548E-01
-1.487038E-08,-1.4948277E-01
-1.482038E-08,-1.4937735E-01
-1.477038E-08,-1.4927194E-01
-1.472038E-08,-1.4921923E-01
-1.467038E-08,-1.4911381E-01
-1.462038E-08,-1.4900839E-01
-1.457038E-08,-1.4895568E-01
-1.452038E-08,-1.4885026E-01
-1.447038E-08,-1.4874485E-01
-1.442038E-08,-1.4863943E-01
-1.437038E-08,-1.4858672E-01
-1.432038E-08,-1.4848130E-01
-1.427038E-08,-1.4837588E-01
-1.422038E-08,-1.4832317E-01
-1.417038E-08,-1.4827046E-01
-1.412038E-08,-1.4821776E-01
-1.407038E-08,-1.4811234E-01
-1.402038E-08,-1.4811234E-01
-1.397038E-08,-1.4805963E-01
-1.392038E-08,-1.4800692E-01
-1.387038E-08,-1.4800692E-01
-1.382038E-08,-1.4795421E-01
-1.377038E-08,-1.4795421E-01
-1.372038E-08,-1.4795421E-01
-1.367038E-08,-1.4795421E-01
-1.362038E-08,-1.4800692E-01
-1.357038E-08,-1.4800692E-01
-1.352038E-08,-1.4805963E-01
-1.347038E-08,-1.4805963E-01
-1.342038E-08,-1.4811234E-01
-1.337038E-08,-1.4816505E-01
-1.332038E-08,-1.4821776E-01
-1.327038E-08,-1.4827046E-01
-1.322038E-08,-1.4832317E-01
-1.317038E-08,-1.4837588E-01
-1.312038E-08,-1.4842859E-01
-1.307038E-08,-1.4848130E-01
-1.302038E-08,-1.4853401E-01
-1.297038E-08,-1.4858672E-01
-1.292038E-08,-1.4863943E-01
-1.287038E-08,-1.4869214E-01
-1.282038E-08,-1.4879755E-01
-1.277038E-08,-1.4885026E-01
-1.272038E-08,-1.4885026E-01
-1.267038E-08,-1.4890297E-01
-1.262038E-08,-1.4895568E-01
-1.257038E-08,-1.4900839E-01
-1.252038E-08,-1.4906110E-01
-1.247038E-08,-1.4906110E-01
-1.242038E-08,-1.4911381E-01
-1.237038E-08,-1.4911381E-01
-1.232038E-08,-1.4911381E-01
-1.227038E-08,-1.4916652E-01
-1.222038E-08,-1.4916652E-01
-1.217038E-08,-1.4916652E-01
-1.212038E-08,-1.4916652E-01
-1.207038E-08,-1.4916652E-01
-1.202038E-08,-1.4916652E-01
-1.197038E-08,-1.4911381E-01
-1.192038E-08,-1.4911381E-01
-1.187038E-08,-1.4911381E-01
-1.182038E-08,-1.4906110E-01
-1.177038E-08,-1.4900839E-01
-1.172038E-08,-1.4900839E-01
-1.167038E-08,-1.4895568E-01
-1.162038E-08,-1.4890297E-01
-1.157038E-08,-1.4890297E-01
-1.152038E-08,-1.4885026E-01
-1.147038E-08,-1.4879755E-01
-1.142038E-08,-1.4874485E-01
-1.137038E-08,-1.4869214E-01
-1.132038E-08,-1.4863943E-01
-1.127038E-08,-1.4863943E-01
-1.122038E-08,-1.4858672E-01
-1.117038E-08,-1.4853401E-01
-1.112038E-08,-1.4848130E-01
-1.107038E-08,-1.4842859E-01
-1.102038E-08,-1.4842859E-01
-1.097038E-08,-1.4837588E-01
-1.092038E-08,-1.4837588E-01
-1.087038E-08,-1.4832317E-01
-1.082038E-08,-1.4832317E-01
-1.077038E-08,-1.4827046E-01
-1.072038E-08,-1.4827046E-01
-1.067038E-08,-1.4827046E-01
-1.062038E-08,-1.4827046E-01
-1.057038E-08,-1.4827046E-01
-1.052038E-08,-1.4827046E-01
-1.047038E-08,-1.4832317E-01
-1.042038E-08,-1.4832317E-01
-1.037038E-08,-1.4837588E-01
-1.032038E-08,-1.4837588E-01
-1.027038E-08,-1.4842859E-01
-1.022038E-08,-1.4848130E-01
-1.017038E-08,-1.4853401E-01
-1.012038E-08,-1.4853401E-01
-1.007038E-08,-1.4858672E-01
-1.002038E-08,-1.4869214E-01
-9.97038E-09,-1.4874485E-01
-9.92038E-09,-1.4879755E-01
-9.87038E-09,-1.4885026E-01
-9.82038E-09,-1.4890297E-01
-9.77038E-09,-1.4895568E-01
-9.72038E-09,-1.4900839E-01
-9.67038E-09,-1.4906110E-01
-9.62038E-09,-1.4911381E-01
-9.57038E-09,-1.4916652E-01
-9.52038E-09,-1.4921923E-01
-9.47038E-09,-1.4927194E-01
-9.42038E-09,-1.4932464E-01
-9.37038E-09,-1.4937735E-01
-9.32038E-09,-1.4937735E-01
-9.27038E-09,-1.4943006E-01
-9.22038E-09,-1.4943006E-01
-9.17038E-09,-1.4948277E-01
-9.12038E-09,-1.4948277E-01
-9.07038E-09,-1.4948277E-01
-9.02038E-09,-1.4948277E-01
-8.97038E-09,-1.4948277E-01
-8.92038E-09,-1.4948277E-01
-8.87038E-09,-1.4943006E-01
-8.82038E-09,-1.4943006E-01
-8.77038E-09,-1.4937735E-01
-8.72038E-09,-1.4937735E-01
-8.67038E-09,-1.4932464E-01
-8.62038E-09,-1.4932464E-01
-8.57038E-09,-1.4927194E-01
-8.52038E-09,-1.4921923E-01
-8.47038E-09,-1.4921923E-01
-8.42038E-09,-1.4916652E-01
-8.37038E-09,-1.4911381E-01
-8.32038E-09,-1.4911381E-01
-8.27038E-09,-1.4906110E-01
-8.22038E-09,-1.4900839E-01
-8.17038E-09,-1.4900839E-01
-8.12038E-09,-1.4895568E-01
-8.07038E-09,-1.4895568E-01
-8.02038E-09,-1.4895568E-01
-7.97038E-09,-1.4895568E-01
-7.92038E-09,-1.4890297E-01
-7.87038E-09,-1.4890297E-01
-7.82038E-09,-1.4890297E-01
-7.77038E-09,-1.4890297E-01
-7.72038E-09,-1.4895568E-01
-7.67038E-09,-1.4895568E-01
-7.62038E-09,-1.4895568E-01
-7.57038E-09,-1.4895568E-01
-7.52038E-09,-1.4895568E-01
-7.47038E-09,-1.4900839E-01
-7.42038E-09,-1.4900839E-01
-7.37038E-09,-1.4900839E-01
-7.32038E-09,-1.4906110E-01
-7.27038E-09,-1.4906110E-01
-7.22038E-09,-1.4906110E-01
-7.17038E-09,-1.4911381E-01
-7.12038E-09,-1.4911381E-01
-7.07038E-09,-1.4911381E-01
-7.02038E-09,-1.4911381E-01
-6.97038E-09,-1.4911381E-01
-6.92038E-09,-1.4911381E-01
-6.87038E-09,-1.4911381E-01
-6.82038E-09,-1.4911381E-01
-6.77038E-09,-1.4906110E-01
-6.72038E-09,-1.4906110E-01
-6.67038E-09,-1.4900839E-01
-6.62038E-09,-1.4900839E-01
-6.57038E-09,-1.4895568E-01
-6.52038E-09,-1.4890297E-01
-6.47038E-09,-1.4885026E-01
-6.42038E-09,-1.4885026E-01
-6.37038E-09,-1.4879755E-01
-6.32038E-09,-1.4874485E-01
-6.27038E-09,-1.4869214E-01
-6.22038E-09,-1.4863943E-01
-6.17038E-09,-1.4858672E-01
-6.12038E-09,-1.4853401E-01
-6.07038E-09,-1.4848130E-01
-6.02038E-09,-1.4842859E-01
-5.97038E-09,-1.4837588E-01
-5.92038E-09,-1.4832317E-01
-5.87038E-09,-1.4827046E-01
-5.82038E-09,-1.4821776E-01
-5.77038E-09,-1.4821776E-01
-5.72038E-09,-1.4816505E-01
-5.67038E-09,-1.4816505E-01
-5.62038E-09,-1.4816505E-01
-5.57038E-09,-1.4816505E-01
-5.52038E-09,-1.4816505E-01
-5.47038E-09,-1.4816505E-01
-5.42038E-09,-1.4816505E-01
-5.37038E-09,-1.4821776E-01
-5.32038E-09,-1.4821776E-01
-5.27038E-09,-1.4827046E-01
-5.22038E-09,-1.4832317E-01
-5.17038E-09,-1.4837588E-01
-5.12038E-09,-1.4842859E-01
-5.07038E-09,-1.4848130E-01
-5.02038E-09,-1.4858672E-01
-4.97038E-09,-1.4863943E-01
-4.92038E-09,-1.4874485E-01
-4.87038E-09,-1.4879755E-01
-4.82038E-09,-1.4890297E-01
-4.77038E-09,-1.4900839E-01
-4.72038E-09,-1.4911381E-01
-4.67038E-09,-1.4916652E-01
-4.62038E-09,-1.4927194E-01
-4.57038E-09,-1.4932464E-01
-4.52038E-09,-1.4943006E-01
-4.47038E-09,-1.4953548E-01
-4.42038E-09,-1.4958819E-01
-4.37038E-09,-1.4964090E-01
-4.32038E-09,-1.4974632E-01
-4.27038E-09,-1.4979903E-01
-4.22038E-09,-1.4979903E-01
-4.17038E-09,-1.4985173E-01
-4.12038E-09,-1.4990444E-01
-4.07038E-09,-1.4990444E-01
-4.02038E-09,-1.4995715E-01
-3.97038E-09,-1.4995715E-01
-3.92038E-09,-1.4995715E-01
-3.87038E-09,-1.4995715E-01
-3.82038E-09,-1.4990444E-01
-3.77038E-09,-1.4990444E-01
-3.72038E-09,-1.4985173E-01
-3.67038E-09,-1.4979903E-01
-3.62038E-09,-1.4974632E-01
-3.57038E-09,-1.4969361E-01
-3.52038E-09,-1.4964090E-01
-3.47038E-09,-1.4958819E-01
-3.42038E-09,-1.4953548E-01
-3.37038E-09,-1.4943006E-01
-3.32038E-09,-1.4937735E-01
-3.27038E-09,-1.4927194E-01
-3.22038E-09,-1.4921923E-01
-3.17038E-09,-1.4911381E-01
-3.12038E-09,-1.4906110E-01
-3.07038E-09,-1.4895568E-01
-3.02038E-09,-1.4890297E-01
-2.97038E-09,-1.4879755E-01
-2.92038E-09,-1.4874485E-01
-2.87038E-09,-1.4869214E-01
-2.82038E-09,-1.4863943E-01
-2.77038E-09,-1.4858672E-01
-2.72038E-09,-1.4853401E-01
-2.67038E-09,-1.4848130E-01
-2.62038E-09,-1.4848130E-01
-2.57038E-09,-1.4842859E-01
-2.52038E-09,-1.4842859E-01
-2.47038E-09,-1.4842859E-01
-2.42038E-09,-1.4842859E-01
-2.37038E-09,-1.4842859E-01
-2.32038E-09,-1.4842859E-01
-2.27038E-09,-1.4842859E-01
-2.22038E-09,-1.4842859E-01
-2.17038E-09,-1.4848130E-01
-2.12038E-09,-1.4848130E-01
-2.07038E-09,-1.4853401E-01
-2.02038E-09,-1.4853401E-01
-1.97038E-09,-1.4858672E-01
-1.92038E-09,-1.4858672E-01
-1.87038E-09,-1.4863943E-01
-1.82038E-09,-1.4869214E-01
-1.77038E-09,-1.4874485E-01
-1.72038E-09,-1.4874485E-01
-1.67038E-09,-1.4879755E-01
-1.62038E-09,-1.4885026E-01
-1.57038E-09,-1.4890297E-01
-1.52038E-09,-1.4890297E-01
-1.47038E-09,-1.4895568E-01
-1.42038E-09,-1.4895568E-01
-1.37038E-09,-1.4900839E-01
-1.32038E-09,-1.4900839E-01
-1.27038E-09,-1.4906110E-01
-1.22038E-09,-1.4906110E-01
-1.17038E-09,-1.4911381E-01
-1.12038E-09,-1.4911381E-01
-1.07038E-09,-1.4916652E-01
-1.02038E-09,-1.4916652E-01
-9.7038E-10,-1.4921923E-01
-9.2038E-10,-1.4921923E-01
-8.7038E-10,-1.4921923E-01
-8.2038E-10,-1.4927194E-01
-7.7038E-10,-1.4927194E-01
-7.2038E-10,-1.4932464E-01
-6.7038E-10,-1.4932464E-01
-6.2038E-10,-1.4937735E-01
-5.7038E-10,-1.4937735E-01
-5.2038E-10,-1.4937735E-01
-4.7038E-10,-1.4943006E-01
-4.2038E-10,-1.4943006E-01
-3.7038E-10,-1.4948277E-01
-3.2038E-10,-1.4948277E-01
-2.7038E-10,-1.4953548E-01
-2.2038E-10,-1.4953548E-01
-1.7038E-10,-1.4958819E-01
-1.2038E-10,-1.4958819E-01
-7.038E-11,-1.4958819E-01
-2.038E-11,-1.4958819E-01
2.962E-11,-1.4964090E-01
7.962E-11,-1.4964090E-01
1.2962E-10,-1.4964090E-01
1.7962E-10,-1.4964090E-01
2.2962E-10,-1.4958819E-01
2.7962E-10,-1.4958819E-01
3.2962E-10,-1.4958819E-01
3.7962E-10,-1.4953548E-01
4.2962E-10,-1.4953548E-01
4.7962E-10,-1.4948277E-01
5.2962E-10,-1.4948277E-01
5.7962E-10,-1.4943006E-01
6.2962E-10,-1.4937735E-01
6.7962E-10,-1.4932464E-01
7.2962E-10,-1.4927194E-01
7.7962E-10,-1.4921923E-01
8.2962E-10,-1.4916652E-01
8.7962E-10,-1.4911381E-01
9.2962E-10,-1.4906110E-01
9.7962E-10,-1.4900839E-01
1.02962E-09,-1.4895568E-01
1.07962E-09,-1.4890297E-01
1.12962E-09,-1.4885026E-01
1.17962E-09,-1.4879755E-01
1.22962E-09,-1.4879755E-01
1.27962E-09,-1.4874485E-01
1.32962E-09,-1.4869214E-01
1.37962E-09,-1.4869214E-01
1.42962E-09,-1.4869214E-01
1.47962E-09,-1.4869214E-01
1.52962E-09,-1.4869214E-01
1.57962E-09,-1.4869214E-01
1.62962E-09,-1.4869214E-01
1.67962E-09,-1.4874485E-01
1.72962E-09,-1.4874485E-01
1.77962E-09,-1.4879755E-01
1.82962E-09,-1.4885026E-01
1.87962E-09,-1.4890297E-01
1.92962E-09,-1.4895568E-01
1.97962E-09,-1.4900839E-01
2.02962E-09,-1.4906110E-01
2.07962E-09,-1.4911381E-01
2.12962E-09,-1.4916652E-01
2.17962E-09,-1.4921923E-01
2.22962E-09,-1.4927194E-01
2.27962E-09,-1.4932464E-01
2.32962E-09,-1.4937735E-01
2.37962E-09,-1.4943006E-01
2.42962E-09,-1.4948277E-01
2.47962E-09,-1.4948277E-01
2.52962E-09,-1.4953548E-01
2.57962E-09,-1.4958819E-01
2.62962E-09,-1.4958819E-01
2.67962E-09,-1.4958819E-01
2.72962E-09,-1.4958819E-01
2.77962E-09,-1.4958819E-01
2.82962E-09,-1.4958819E-01
2.87962E-09,-1.4958819E-01
2.92962E-09,-1.4958819E-01
2.97962E-09,-1.4953548E-01
3.02962E-09,-1.4948277E-01
3.07962E-09,-1.4948277E-01
3.12962E-09,-1.4943006E-01
3.17962E-09,-1.4937735E-01
3.22962E-09,-1.4932464E-01
3.27962E-09,-1.4927194E-01
3.32962E-09,-1.4921923E-01
3.37962E-09,-1.4916652E-01
3.42962E-09,-1.4911381E-01
3.47962E-09,-1.4906110E-01
3.52962E-09,-1.4900839E-01
3.57962E-09,-1.4900839E-01
3.62962E-09,-1.4895568E-01
3.67962E-09,-1.4890297E-01
3.72962E-09,-1.4885026E-01
3.77962E-09,-1.4879755E-01
3.82962E-09,-1.4879755E-01
3.87962E-09,-1.4874485E-01
3.92962E-09,-1.4874485E-01
3.97962E-09,-1.4874485E-01
4.02962E-09,-1.4869214E-01
4.07962E-09,-1.4869214E-01
4.12962E-09,-1.4869214E-01
4.17962E-09,-1.4869214E-01
4.22962E-09,-1.4869214E-01
4.27962E-09,-1.4869214E-01
4.32962E-09,-1.4869214E-01
4.37962E-09,-1.4874485E-01
4.42962E-09,-1.4874485E-01
4.47962E-09,-1.4874485E-01
4.52962E-09,-1.4874485E-01
4.57962E-09,-1.4879755E-01
4.62962E-09,-1.4879755E-01
4.67962E-09,-1.4879755E-01
4.72962E-09,-1.4879755E-01
4.77962E-09,-1.4885026E-01
4.82962E-09,-1.4885026E-01
4.87962E-09,-1.4885026E-01
4.92962E-09,-1.4885026E-01
4.97962E-09,-1.4890297E-01
5.02962E-09,-1.4890297E-01
5.07962E-09,-1.4890297E-01
5.12962E-09,-1.4890297E-01
5.17962E-09,-1.4890297E-01
5.22962E-09,-1.4890297E-01
5.27962E-09,-1.4890297E-01
5.32962E-09,-1.4895568E-01
5.37962E-09,-1.4895568E-01
5.42962E-09,-1.4895568E-01
5.47962E-09,-1.4895568E-01
5.52962E-09,-1.4895568E-01
5.57962E-09,-1.4900839E-01
5.62962E-09,-1.4900839E-01
5.67962E-09,-1.4900839E-01
5.72962E-09,-1.4906110E-01
5.77962E-09,-1.4906110E-01
5.82962E-09,-1.4906110E-01
5.87962E-09,-1.4911381E-01
5.92962E-09,-1.4911381E-01
5.97962E-09,-1.4916652E-01
6.02962E-09,-1.4921923E-01
6.07962E-09,-1.4921923E-01
6.12962E-09,-1.4927194E-01
6.17962E-09,-1.4927194E-01
6.22962E-09,-1.4932464E-01
6.27962E-09,-1.4937735E-01
6.32962E-09,-1.4937735E-01
6.37962E-09,-1.4943006E-01
6.42962E-09,-1.4943006E-01
6.47962E-09,-1.4948277E-01
6.52962E-09,-1.4948277E-01
6.57962E-09,-1.4953548E-01
6.62962E-09,-1.4953548E-01
6.67962E-09,-1.4953548E-01
6.72962E-09,-1.4958819E-01
6.77962E-09,-1.4958819E-01
6.82962E-09,-1.4958819E-01
6.87962E-09,-1.4958819E-01
6.92962E-09,-1.4958819E-01
6.97962E-09,-1.4958819E-01
7.02962E-09,-1.4958819E-01
7.07962E-09,-1.4958819E-01
7.12962E-09,-1.4958819E-01
7.17962E-09,-1.4958819E-01
7.22962E-09,-1.4958819E-01
7.27962E-09,-1.4958819E-01
7.32962E-09,-1.4953548E-01
7.37962E-09,-1.4953548E-01
7.42962E-09,-1.4953548E-01
7.47962E-09,-1.4953548E-01
7.52962E-09,-1.4953548E-01
7.57962E-09,-1.4953548E-01
7.62962E-09,-1.4953548E-01
7.67962E-09,-1.4953548E-01
7.72962E-09,-1.4953548E-01
7.77962E-09,-1.4953548E-01
7.82962E-09,-1.4958819E-01
7.87962E-09,-1.4958819E-01
7.92962E-09,-1.4958819E-01
7.97962E-09,-1.4964090E-01
8.02962E-09,-1.4964090E-01
8.07962E-09,-1.4969361E-01
8.12962E-09,-1.4974632E-01
8.17962E-09,-1.4974632E-01
8.22962E-09,-1.4979903E-01
8.27962E-09,-1.4985173E-01
8.32962E-09,-1.4985173E-01
8.37962E-09,-1.4990444E-01
8.42962E-09,-1.4995715E-01
8.47962E-09,-1.4995715E-01
8.52962E-09,-1.5000986E-01
8.57962E-09,-1.5000986E-01
8.62962E-09,-1.5006257E-01
8.67962E-09,-1.5006257E-01
8.72962E-09,-1.5011528E-01
8.77962E-09,-1.5011528E-01
8.82962E-09,-1.5011528E-01
8.87962E-09,-1.5011528E-01
8.92962E-09,-1.5011528E-01
8.97962E-09,-1.5011528E-01
9.02962E-09,-1.5011528E-01
9.07962E-09,-1.5006257E-01
9.12962E-09,-1.5006257E-01
9.17962E-09,-1.5006257E-01
9.22962E-09,-1.5000986E-01
9.27962E-09,-1.5000986E-01
9.32962E-09,-1.4995715E-01
9.37962E-09,-1.4995715E-01
9.42962E-09,-1.4995715E-01
9.47962E-09,-1.4995715E-01
9.52962E-09,-1.4995715E-01
9.57962E-09,-1.4995715E-01
9.62962E-09,-1.4995715E-01
9.67962E-09,-1.4995715E-01
9.72962E-09,-1.4995715E-01
9.77962E-09,-1.5000986E-01
9.82962E-09,-1.5000986E-01
9.87962E-09,-1.5000986E-01
9.92962E-09,-1.5006257E-01
9.97962E-09,-1.5006257E-01
1.002962E-08,-1.5011528E-01
1.007962E-08,-1.5011528E-01
1.012962E-08,-1.5016799E-01
1.017962E-08,-1.5016799E-01
1.022962E-08,-1.5022070E-01
1.027962E-08,-1.5022070E-01
1.032962E-08,-1.5022070E-01
1.037962E-08,-1.5027341E-01
1.042962E-08,-1.5027341E-01
1.047962E-08,-1.5027341E-01
1.052962E-08,-1.5027341E-01
1.057962E-08,-1.5027341E-01
1.062962E-08,-1.5027341E-01
1.067962E-08,-1.5027341E-01
1.072962E-08,-1.5022070E-01
1.077962E-08,-1.5022070E-01
1.082962E-08,-1.5022070E-01
1.087962E-08,-1.5016799E-01
1.092962E-08,-1.5016799E-01
1.097962E-08,-1.5016799E-01
1.102962E-08,-1.5011528E-01
1.107962E-08,-1.5011528E-01
1.112962E-08,-1.5006257E-01
1.117962E-08,-1.5006257E-01
1.122962E-08,-1.5000986E-01
1.127962E-08,-1.5000986E-01
1.132962E-08,-1.4995715E-01
1.137962E-08,-1.4995715E-01
1.142962E-08,-1.4995715E-01
1.147962E-08,-1.4995715E-01
1.152962E-08,-1.4990444E-01
1.157962E-08,-1.4990444E-01
1.162962E-08,-1.4990444E-01
1.167962E-08,-1.4990444E-01
1.172962E-08,-1.4990444E-01
1.177962E-08,-1.4990444E-01
1.182962E-08,-1.4990444E-01
1.187962E-08,-1.4990444E-01
1.192962E-08,-1.4990444E-01
1.197962E-08,-1.4990444E-01
1.202962E-08,-1.4985173E-01
1.207962E-08,-1.4985173E-01
1.212962E-08,-1.4985173E-01
1.217962E-08,-1.4985173E-01
1.222962E-08,-1.4985173E-01
1.227962E-08,-1.4985173E-01
1.232962E-08,-1.4979903E-01
1.237962E-08,-1.4979903E-01
1.242962E-08,-1.4979903E-01
1.247962E-08,-1.4974632E-01
1.252962E-08,-1.4974632E-01
1.257962E-08,-1.4974632E-01
1.262962E-08,-1.4969361E-01
1.267962E-08,-1.4969361E-01
1.272962E-08,-1.4969361E-01
1.277962E-08,-1.4969361E-01
1.282962E-08,-1.4969361E-01
1.287962E-08,-1.4969361E-01
1.292962E-08,-1.4969361E-01
1.297962E-08,-1.4969361E-01
1.302962E-08,-1.4969361E-01
1.307962E-08,-1.4974632E-01
1.312962E-08,-1.4979903E-01
1.317962E-08,-1.4985173E-01
1.322962E-08,-1.4990444E-01
1.327962E-08,-1.4995715E-01
1.332962E-08,-1.5000986E-01
1.337962E-08,-1.5006257E-01
1.342962E-08,-1.5016799E-01
1.347962E-08,-1.5022070E-01
1.352962E-08,-1.5032612E-01
1.357962E-08,-1.5037883E-01
1.362962E-08,-1.5048424E-01
1.367962E-08,-1.5053695E-01
1.372962E-08,-1.5064237E-01
1.377962E-08,-1.5069508E-01
1.382962E-08,-1.5074779E-01
1.387962E-08,-1.5080050E-01
1.392962E-08,-1.5085321E-01
1.397962E-08,-1.5090592E-01
1.402962E-08,-1.5095862E-01
1.407962E-08,-1.5095862E-01
1.412962E-08,-1.5095862E-01
1.417962E-08,-1.5095862E-01
1.422962E-08,-1.5090592E-01
1.427962E-08,-1.5085321E-01
1.432962E-08,-1.5080050E-01
1.437962E-08,-1.5074779E-01
1.442962E-08,-1.5064237E-01
1.447962E-08,-1.5058966E-01
1.452962E-08,-1.5048424E-01
1.457962E-08,-1.5037883E-01
1.462962E-08,-1.5027341E-01
1.467962E-08,-1.5011528E-01
1.472962E-08,-1.5000986E-01
1.477962E-08,-1.4990444E-01
1.482962E-08,-1.4979903E-01
1.487962E-08,-1.4964090E-01
1.492962E-08,-1.4953548E-01
1.497962E-08,-1.4948277E-01
1.502962E-08,-1.4937735E-01
1.507962E-08,-1.4927194E-01
1.512962E-08,-1.4921923E-01
1.517962E-08,-1.4916652E-01
1.522962E-08,-1.4916652E-01
1.527962E-08,-1.4911381E-01
1.532962E-08,-1.4911381E-01
1.537962E-08,-1.4916652E-01
1.542962E-08,-1.4916652E-01
1.547962E-08,-1.4921923E-01
1.552962E-08,-1.4927194E-01
1.557962E-08,-1.4937735E-01
1.562962E-08,-1.4943006E-01
1.567962E-08,-1.4953548E-01
1.572962E-08,-1.4958819E-01
1.577962E-08,-1.4969361E-01
1.582962E-08,-1.4974632E-01
1.587962E-08,-1.4979903E-01
1.592962E-08,-1.4985173E-01
1.597962E-08,-1.4990444E-01
1.602962E-08,-1.4995715E-01
1.607962E-08,-1.4995715E-01
1.612962E-08,-1.4995715E-01
1.617962E-08,-1.4995715E-01
1.622962E-08,-1.4990444E-01
1.627962E-08,-1.4990444E-01
1.632962E-08,-1.4979903E-01
1.637962E-08,-1.4974632E-01
1.642962E-08,-1.4964090E-01
1.647962E-08,-1.4953548E-01
1.652962E-08,-1.4943006E-01
1.657962E-08,-1.4932464E-01
1.662962E-08,-1.4921923E-01
1.667962E-08,-1.4911381E-01
1.672962E-08,-1.4895568E-01
1.677962E-08,-1.4885026E-01
1.682962E-08,-1.4874485E-01
1.687962E-08,-1.4863943E-01
1.692962E-08,-1.4858672E-01
1.697962E-08,-1.4848130E-01
1.702962E-08,-1.4842859E-01
1.707962E-08,-1.4837588E-01
1.712962E-08,-1.4837588E-01
1.717962E-08,-1.4837588E-01
1.722962E-08,-1.4842859E-01
1.727962E-08,-1.4842859E-01
1.732962E-08,-1.4853401E-01
1.737962E-08,-1.4858672E-01
1.742962E-08,-1.4869214E-01
1.747962E-08,-1.4879755E-01
1.752962E-08,-1.4890297E-01
1.757962E-08,-1.4906110E-01
1.762962E-08,-1.4916652E-01
1.767962E-08,-1.4927194E-01
1.772962E-08,-1.4943006E-01
1.777962E-08,-1.4953548E-01
1.782962E-08,-1.4969361E-01
1.787962E-08,-1.4979903E-01
1.792962E-08,-1.4985173E-01
1.797962E-08,-1.4995715E-01
1.802962E-08,-1.5000986E-01
1.807962E-08,-1.5000986E-01
1.812962E-08,-1.5000986E-01
1.817962E-08,-1.5000986E-01
1.822962E-08,-1.4995715E-01
1.827962E-08,-1.4990444E-01
1.832962E-08,-1.4979903E-01
1.837962E-08,-1.4969361E-01
1.842962E-08,-1.4958819E-01
1.847962E-08,-1.4943006E-01
1.852962E-08,-1.4927194E-01
1.857962E-08,-1.4911381E-01
1.862962E-08,-1.4895568E-01
1.867962E-08,-1.4879755E-01
1.872962E-08,-1.4863943E-01
1.877962E-08,-1.4848130E-01
1.882962E-08,-1.4832317E-01
1.887962E-08,-1.4821776E-01
1.892962E-08,-1.4805963E-01
1.897962E-08,-1.4800692E-01
1.902962E-08,-1.4790150E-01
1.907962E-08,-1.4790150E-01
1.912962E-08,-1.4784879E-01
1.917962E-08,-1.4790150E-01
1.922962E-08,-1.4795421E-01
1.927962E-08,-1.4800692E-01
1.932962E-08,-1.4811234E-01
1.937962E-08,-1.4827046E-01
1.942962E-08,-1.4842859E-01
1.947962E-08,-1.4858672E-01
1.952962E-08,-1.4874485E-01
1.957962E-08,-1.4895568E-01
1.962962E-08,-1.4916652E-01
1.967962E-08,-1.4937735E-01
1.972962E-08,-1.4958819E-01
1.977962E-08,-1.4979903E-01
1.982962E-08,-1.5000986E-01
1.987962E-08,-1.5016799E-01
1.992962E-08,-1.5032612E-01
1.997962E-08,-1.5048424E-01
2.002962E-08,-1.5058966E-01
2.007962E-08,-1.5069508E-01
2.012962E-08,-1.5074779E-01
2.017962E-08,-1.5074779E-01
2.022962E-08,-1.5074779E-01
2.027962E-08,-1.5074779E-01
2.032962E-08,-1.5064237E-01
2.037962E-08,-1.5058966E-01
2.042962E-08,-1.5043153E-01
2.047962E-08,-1.5032612E-01
2.052962E-08,-1.5016799E-01
2.057962E-08,-1.4995715E-01
2.062962E-08,-1.4979903E-01
2.067962E-08,-1.4958819E-01
2.072962E-08,-1.4943006E-01
2.077962E-08,-1.4921923E-01
2.082962E-08,-1.4906110E-01
2.087962E-08,-1.4890297E-01
2.092962E-08,-1.4879755E-01
2.097962E-08,-1.4869214E-01
2.102962E-08,-1.4858672E-01
2.107962E-08,-1.4858672E-01
2.112962E-08,-1.4853401E-01
2.117962E-08,-1.4858672E-01
2.122962E-08,-1.4863943E-01
2.127962E-08,-1.4869214E-01
2.132962E-08,-1.4879755E-01
2.137962E-08,-1.4895568E-01
2.142962E-08,-1.4911381E-01
2.147962E-08,-1.4932464E-01
2.152962E-08,-1.4948277E-01
2.157962E-08,-1.4969361E-01
2.162962E-08,-1.4990444E-01
2.167962E-08,-1.5011528E-01
2.172962E-08,-1.5032612E-01
2.177962E-08,-1.5048424E-01
2.182962E-08,-1.5069508E-01
2.187962E-08,-1.5080050E-01
2.192962E-08,-1.5090592E-01
2.197962E-08,-1.5101133E-01
2.202962E-08,-1.5101133E-01
2.207962E-08,-1.5101133E-01
2.212962E-08,-1.5095862E-01
2.217962E-08,-1.5090592E-01
2.222962E-08,-1.5074779E-01
2.227962E-08,-1.5058966E-01
2.232962E-08,-1.5043153E-01
2.237962E-08,-1.5016799E-01
2.242962E-08,-1.4990444E-01
2.247962E-08,-1.4964090E-01
2.252962E-08,-1.4937735E-01
2.257962E-08,-1.4906110E-01
2.262962E-08,-1.4879755E-01
2.267962E-08,-1.4853401E-01
2.272962E-08,-1.4827046E-01
2.277962E-08,-1.4800692E-01
2.282962E-08,-1.4779608E-01
2.287962E-08,-1.4763796E-01
2.292962E-08,-1.4753254E-01
2.297962E-08,-1.4747983E-01
2.302962E-08,-1.4747983E-01
2.307962E-08,-1.4747983E-01
2.312962E-08,-1.4758525E-01
2.317962E-08,-1.4774337E-01
2.322962E-08,-1.4795421E-01
2.327962E-08,-1.4821776E-01
2.332962E-08,-1.4853401E-01
2.337962E-08,-1.4890297E-01
2.342962E-08,-1.4927194E-01
2.347962E-08,-1.4964090E-01
2.352962E-08,-1.5006257E-01
2.357962E-08,-1.5053695E-01
2.362962E-08,-1.5090592E-01
2.367962E-08,-1.5132759E-01
2.372962E-08,-1.5169655E-01
2.377962E-08,-1.5206551E-01
2.382962E-08,-1.5238177E-01
2.387962E-08,-1.5259260E-01
2.392962E-08,-1.5280344E-01
2.397962E-08,-1.5290886E-01
2.402962E-08,-1.5296157E-01
2.407962E-08,-1.5290886E-01
2.412962E-08,-1.5280344E-01
2.417962E-08,-1.5264531E-01
2.422962E-08,-1.5238177E-01
2.427962E-08,-1.5206551E-01
2.432962E-08,-1.5164384E-01
2.437962E-08,-1.5122217E-01
2.442962E-08,-1.5069508E-01
2.447962E-08,-1.5016799E-01
2.452962E-08,-1.4964090E-01
2.457962E-08,-1.4906110E-01
2.462962E-08,-1.4848130E-01
2.467962E-08,-1.4795421E-01
2.472962E-08,-1.4742712E-01
2.477962E-08,-1.4700545E-01
2.482962E-08,-1.4658378E-01
2.487962E-08,-1.4621481E-01
2.492962E-08,-1.4600398E-01
2.497962E-08,-1.4579314E-01
2.502962E-08,-1.4574043E-01
2.507962E-08,-1.4574043E-01
2.512962E-08,-1.4589856E-01
2.517962E-08,-1.4610939E-01
2.522962E-08,-1.4642565E-01
2.527962E-08,-1.4684732E-01
2.532962E-08,-1.4732170E-01
2.537962E-08,-1.4790150E-01
2.542962E-08,-1.4853401E-01
2.547962E-08,-1.4921923E-01
2.552962E-08,-1.4990444E-01
2.557962E-08,-1.5064237E-01
2.562962E-08,-1.5132759E-01
2.567962E-08,-1.5201280E-01
2.572962E-08,-1.5264531E-01
2.577962E-08,-1.5322511E-01
2.582962E-08,-1.5375220E-01
2.587962E-08,-1.5417387E-01
2.592962E-08,-1.5443742E-01
2.597962E-08,-1.5459555E-01
2.602962E-08,-1.5464826E-01
2.607962E-08,-1.5454284E-01
2.612962E-08,-1.5433200E-01
2.617962E-08,-1.5391033E-01
2.622962E-08,-1.5338324E-01
2.627962E-08,-1.5275073E-01
2.632962E-08,-1.5196010E-01
2.637962E-08,-1.5111675E-01
2.642962E-08,-1.5011528E-01
2.647962E-08,-1.4911381E-01
2.652962E-08,-1.4800692E-01
2.657962E-08,-1.4690003E-01
2.662962E-08,-1.4584585E-01
2.667962E-08,-1.4479167E-01
2.672962E-08,-1.4379020E-01
2.677962E-08,-1.4289415E-01
2.682962E-08,-1.4215622E-01
2.687962E-08,-1.4152371E-01
2.692962E-08,-1.4104933E-01
2.697962E-08,-1.4078578E-01
2.702962E-08,-1.4073308E-01
2.707962E-08,-1.4094391E-01
2.712962E-08,-1.4131287E-01
2.717962E-08,-1.4194538E-01
2.722962E-08,-1.4284144E-01
2.727962E-08,-1.4389562E-01
2.732962E-08,-1.4521334E-01
2.737962E-08,-1.4668919E-01
2.742962E-08,-1.4832317E-01
2.747962E-08,-1.5011528E-01
2.752962E-08,-1.5201280E-01
2.757962E-08,-1.5391033E-01
2.762962E-08,-1.5586056E-01
2.767962E-08,-1.5775809E-01
2.772962E-08,-1.5955019E-01
2.777962E-08,-1.6118417E-01
2.782962E-08,-1.6260732E-01
2.787962E-08,-1.6376691E-01
2.792962E-08,-1.6461026E-01
2.797962E-08,-1.6508464E-01
2.802962E-08,-1.6508464E-01
2.807962E-08,-1.6461026E-01
2.812962E-08,-1.6360879E-01
2.817962E-08,-1.6202752E-01
2.822962E-08,-1.5986645E-01
2.827962E-08,-1.5702016E-01
2.832962E-08,-1.5354137E-01
2.837962E-08,-1.4937735E-01
2.842962E-08,-1.4447542E-01
2.847962E-08,-1.3894097E-01
2.852962E-08,-1.3272131E-01
2.857962E-08,-1.2581642E-01
2.862962E-08,-1.1833174E-01
2.867962E-08,-1.1021456E-01
2.872962E-08,-1.0151757E-01
2.877962E-08,-9.229349E-02
2.882962E-08,-8.264774E-02
2.887962E-08,-7.252761E-02
2.892962E-08,-6.214394E-02
2.897962E-08,-5.144401E-02
2.902962E-08,-4.053324E-02
2.907962E-08,-2.951706E-02
2.912962E-08,-1.839545E-02
2.917962E-08,-7.32656E-03
2.922962E-08,3.68962E-03
2.927962E-08,1.454768E-02
2.932962E-08,2.519490E-02
2.937962E-08,3.552587E-02
2.942962E-08,4.554058E-02
2.947962E-08,5.513362E-02
2.952962E-08,6.430499E-02
2.957962E-08,7.300198E-02
2.962962E-08,8.117187E-02
2.967962E-08,8.881468E-02
2.972962E-08,9.587769E-02
2.977962E-08,1.0230819E-01
2.982962E-08,1.0821160E-01
2.987962E-08,1.1348250E-01
2.992962E-08,1.1817360E-01
2.997962E-08,1.2228490E-01
3.002962E-08,1.2581641E-01
3.007962E-08,1.2887353E-01
3.012962E-08,1.3135085E-01
3.017962E-08,1.3335380E-01
3.022962E-08,1.3493507E-01
3.027962E-08,1.3609467E-01
3.032962E-08,1.3688530E-01
3.037962E-08,1.3735968E-01
3.042962E-08,1.3751781E-01
3.047962E-08,1.3741239E-01
3.052962E-08,1.3709614E-01
3.057962E-08,1.3662176E-01
3.062962E-08,1.3604196E-01
3.067962E-08,1.3530403E-01
3.072962E-08,1.3456610E-01
3.077962E-08,1.3372276E-01
3.082962E-08,1.3293212E-01
3.087962E-08,1.3214149E-01
3.092962E-08,1.3135085E-01
3.097962E-08,1.3066564E-01
3.102962E-08,1.3003313E-01
3.107962E-08,1.2945333E-01
3.112962E-08,1.2903166E-01
3.117962E-08,1.2866269E-01
3.122962E-08,1.2845186E-01
3.127962E-08,1.2829373E-01
3.132962E-08,1.2824102E-01
3.137962E-08,1.2829373E-01
3.142962E-08,1.2845186E-01
3.147962E-08,1.2871540E-01
3.152962E-08,1.2903166E-01
3.157962E-08,1.2940062E-01
3.162962E-08,1.2982229E-01
3.167962E-08,1.3029667E-01
3.172962E-08,1.3082376E-01
3.177962E-08,1.3135085E-01
3.182962E-08,1.3193065E-01
3.187962E-08,1.3245774E-01
3.192962E-08,1.3298483E-01
3.197962E-08,1.3345921E-01
3.202962E-08,1.3393360E-01
3.207962E-08,1.3435527E-01
3.212962E-08,1.3467152E-01
3.217962E-08,1.3498778E-01
3.222962E-08,1.3514590E-01
3.227962E-08,1.3530403E-01
3.232962E-08,1.3530403E-01
3.237962E-08,1.3525132E-01
3.242962E-08,1.3504049E-01
3.247962E-08,1.3477694E-01
3.252962E-08,1.3440798E-01
3.257962E-08,1.3393360E-01
3.262962E-08,1.3335380E-01
3.267962E-08,1.3272129E-01
3.272962E-08,1.3198336E-01
3.277962E-08,1.3114002E-01
3.282962E-08,1.3029667E-01
3.287962E-08,1.2934791E-01
3.292962E-08,1.2834644E-01
3.297962E-08,1.2734497E-01
3.302962E-08,1.2634350E-01
3.307962E-08,1.2534203E-01
3.312962E-08,1.2439326E-01
3.317962E-08,1.2344450E-01
3.322962E-08,1.2254845E-01
3.327962E-08,1.2175781E-01
3.332962E-08,1.2107260E-01
3.337962E-08,1.2049280E-01
3.342962E-08,1.2007113E-01
3.347962E-08,1.1980758E-01
3.352962E-08,1.1964945E-01
3.357962E-08,1.1970216E-01
3.362962E-08,1.1991300E-01
3.367962E-08,1.2033467E-01
3.372962E-08,1.2091447E-01
3.377962E-08,1.2170510E-01
3.382962E-08,1.2265387E-01
3.387962E-08,1.2376076E-01
3.392962E-08,1.2497306E-01
3.397962E-08,1.2639621E-01
3.402962E-08,1.2781935E-01
3.407962E-08,1.2940062E-01
3.412962E-08,1.3092918E-01
3.417962E-08,1.3251045E-01
3.422962E-08,1.3403901E-01
3.427962E-08,1.3546216E-01
3.432962E-08,1.3672717E-01
3.437962E-08,1.3783406E-01
3.442962E-08,1.3873012E-01
3.447962E-08,1.3925721E-01
3.452962E-08,1.3952075E-01
3.457962E-08,1.3936262E-01
3.462962E-08,1.3873012E-01
3.467962E-08,1.3762323E-01
3.472962E-08,1.3598925E-01
3.477962E-08,1.3382818E-01
3.482962E-08,1.3098189E-01
3.487962E-08,1.2755581E-01
3.492962E-08,1.2349721E-01
3.497962E-08,1.1875340E-01
3.502962E-08,1.1332437E-01
3.507962E-08,1.0726284E-01
3.512962E-08,1.0051608E-01
3.517962E-08,9.308411E-02
3.522962E-08,8.507234E-02
3.527962E-08,7.648077E-02
3.532962E-08,6.730940E-02
3.537962E-08,5.766365E-02
3.542962E-08,4.759623E-02
3.547962E-08,3.710714E-02
3.552962E-08,2.630179E-02
3.557962E-08,1.528561E-02
3.562962E-08,4.05859E-03
3.567962E-08,-7.27385E-03
3.572962E-08,-1.860629E-02
3.577962E-08,-2.988602E-02
3.582962E-08,-4.106033E-02
3.587962E-08,-5.197110E-02
3.592962E-08,-6.261832E-02
3.597962E-08,-7.294928E-02
3.602962E-08,-8.280587E-02
3.607962E-08,-9.224078E-02
3.612962E-08,-1.0114861E-01
3.617962E-08,-1.0942392E-01
3.622962E-08,-1.1717215E-01
3.627962E-08,-1.2423515E-01
3.632962E-08,-1.3061294E-01
3.637962E-08,-1.3635823E-01
3.642962E-08,-1.4147100E-01
3.647962E-08,-1.4584585E-01
3.652962E-08,-1.4958819E-01
3.657962E-08,-1.5269802E-01
3.662962E-08,-1.5522805E-01
3.667962E-08,-1.5717829E-01
3.672962E-08,-1.5854872E-01
3.677962E-08,-1.5949748E-01
3.682962E-08,-1.5997187E-01
3.687962E-08,-1.6002457E-01
3.692962E-08,-1.5976103E-01
3.697962E-08,-1.5923394E-01
3.702962E-08,-1.5849601E-01
3.707962E-08,-1.5759996E-01
3.712962E-08,-1.5654578E-01
3.717962E-08,-1.5543889E-01
3.722962E-08,-1.5427929E-01
3.727962E-08,-1.5322511E-01
3.732962E-08,-1.5217093E-01
3.737962E-08,-1.5122217E-01
3.742962E-08,-1.5037883E-01
3.747962E-08,-1.4974632E-01
3.752962E-08,-1.4921923E-01
3.757962E-08,-1.4885026E-01
3.762962E-08,-1.4869214E-01
3.767962E-08,-1.4874485E-01
3.772962E-08,-1.4890297E-01
3.777962E-08,-1.4927194E-01
3.782962E-08,-1.4979903E-01
3.787962E-08,-1.5043153E-01
3.792962E-08,-1.5116946E-01
3.797962E-08,-1.5201280E-01
3.802962E-08,-1.5290886E-01
3.807962E-08,-1.5385762E-01
3.812962E-08,-1.5480638E-01
3.817962E-08,-1.5575514E-01
3.822962E-08,-1.5665120E-01
3.827962E-08,-1.5749454E-01
3.832962E-08,-1.5828518E-01
3.837962E-08,-1.5891769E-01
3.842962E-08,-1.5949748E-01
3.847962E-08,-1.5991916E-01
3.852962E-08,-1.6018270E-01
3.857962E-08,-1.6028812E-01
3.862962E-08,-1.6028812E-01
3.867962E-08,-1.6012999E-01
3.872962E-08,-1.5986645E-01
3.877962E-08,-1.5939207E-01
3.882962E-08,-1.5886498E-01
3.887962E-08,-1.5823247E-01
3.892962E-08,-1.5749454E-01
3.897962E-08,-1.5665120E-01
3.902962E-08,-1.5580785E-01
3.907962E-08,-1.5491180E-01
3.912962E-08,-1.5396304E-01
3.917962E-08,-1.5306698E-01
3.922962E-08,-1.5217093E-01
3.927962E-08,-1.5132759E-01
3.932962E-08,-1.5053695E-01
3.937962E-08,-1.4979903E-01
3.942962E-08,-1.4916652E-01
3.947962E-08,-1.4863943E-01
3.952962E-08,-1.4821776E-01
3.957962E-08,-1.4790150E-01
3.962962E-08,-1.4763796E-01
3.967962E-08,-1.4753254E-01
3.972962E-08,-1.4753254E-01
3.977962E-08,-1.4763796E-01
3.982962E-08,-1.4779608E-01
3.987962E-08,-1.4805963E-01
3.992962E-08,-1.4842859E-01
3.997962E-08,-1.4879755E-01
4.002962E-08,-1.4921923E-01
4.007962E-08,-1.4964090E-01
4.012962E-08,-1.5011528E-01
4.017962E-08,-1.5058966E-01
4.022962E-08,-1.5101133E-01
4.027962E-08,-1.5143301E-01
4.032962E-08,-1.5180197E-01
4.037962E-08,-1.5211822E-01
4.042962E-08,-1.5238177E-01
4.047962E-08,-1.5253989E-01
4.052962E-08,-1.5264531E-01
4.057962E-08,-1.5264531E-01
4.062962E-08,-1.5253989E-01
4.067962E-08,-1.5238177E-01
4.072962E-08,-1.5217093E-01
4.077962E-08,-1.5185468E-01
4.082962E-08,-1.5143301E-01
4.087962E-08,-1.5101133E-01
4.092962E-08,-1.5048424E-01
4.097962E-08,-1.4995715E-01
4.102962E-08,-1.4937735E-01
4.107962E-08,-1.4874485E-01
4.112962E-08,-1.4816505E-01
4.117962E-08,-1.4758525E-01
4.122962E-08,-1.4695274E-01
4.127962E-08,-1.4642565E-01
4.132962E-08,-1.4589856E-01
4.137962E-08,-1.4542418E-01
4.142962E-08,-1.4500251E-01
4.147962E-08,-1.4468625E-01
4.152962E-08,-1.4437000E-01
4.157962E-08,-1.4415916E-01
4.162962E-08,-1.4400103E-01
4.167962E-08,-1.4394833E-01
4.172962E-08,-1.4389562E-01
4.177962E-08,-1.4394833E-01
4.182962E-08,-1.4405374E-01
4.187962E-08,-1.4421187E-01
4.192962E-08,-1.4442271E-01
4.197962E-08,-1.4463354E-01
4.202962E-08,-1.4489709E-01
4.207962E-08,-1.4516063E-01
4.212962E-08,-1.4542418E-01
4.217962E-08,-1.4568772E-01
4.222962E-08,-1.4595127E-01
4.227962E-08,-1.4616210E-01
4.232962E-08,-1.4637294E-01
4.237962E-08,-1.4653107E-01
4.242962E-08,-1.4663649E-01
4.247962E-08,-1.4668919E-01
4.252962E-08,-1.4668919E-01
4.257962E-08,-1.4663649E-01
4.262962E-08,-1.4653107E-01
4.267962E-08,-1.4637294E-01
4.272962E-08,-1.4616210E-01
4.277962E-08,-1.4584585E-01
4.282962E-08,-1.4552960E-01
4.287962E-08,-1.4516063E-01
4.292962E-08,-1.4473896E-01
4.297962E-08,-1.4431729E-01
4.302962E-08,-1.4384291E-01
4.307962E-08,-1.4336853E-01
4.312962E-08,-1.4289415E-01
4.317962E-08,-1.4236705E-01
4.322962E-08,-1.4194538E-01
4.327962E-08,-1.4147100E-01
4.332962E-08,-1.4104933E-01
4.337962E-08,-1.4068037E-01
4.342962E-08,-1.4036411E-01
4.347962E-08,-1.4004786E-01
4.352962E-08,-1.3978431E-01
4.357962E-08,-1.3962619E-01
4.362962E-08,-1.3946806E-01
4.367962E-08,-1.3936264E-01
4.372962E-08,-1.3936264E-01
4.377962E-08,-1.3936264E-01
4.382962E-08,-1.3946806E-01
4.387962E-08,-1.3957348E-01
4.392962E-08,-1.3973160E-01
4.397962E-08,-1.3994244E-01
4.402962E-08,-1.4015328E-01
4.407962E-08,-1.4041682E-01
4.412962E-08,-1.4073308E-01
4.417962E-08,-1.4099662E-01
4.422962E-08,-1.4131287E-01
4.427962E-08,-1.4157642E-01
4.432962E-08,-1.4189267E-01
4.437962E-08,-1.4215622E-01
4.442962E-08,-1.4241976E-01
4.447962E-08,-1.4263060E-01
4.452962E-08,-1.4284144E-01
4.457962E-08,-1.4305227E-01
4.462962E-08,-1.4321040E-01
4.467962E-08,-1.4336853E-01
4.472962E-08,-1.4347394E-01
4.477962E-08,-1.4352665E-01
4.482962E-08,-1.4363207E-01
4.487962E-08,-1.4363207E-01
4.492962E-08,-1.4368478E-01
4.497962E-08,-1.4368478E-01
4.502962E-08,-1.4368478E-01
4.507962E-08,-1.4368478E-01
4.512962E-08,-1.4368478E-01
4.517962E-08,-1.4368478E-01
4.522962E-08,-1.4368478E-01
4.527962E-08,-1.4368478E-01
4.532962E-08,-1.4373749E-01
4.537962E-08,-1.4379020E-01
4.542962E-08,-1.4384291E-01
4.547962E-08,-1.4394833E-01
4.552962E-08,-1.4410645E-01
4.557962E-08,-1.4421187E-01
4.562962E-08,-1.4437000E-01
4.567962E-08,-1.4458083E-01
4.572962E-08,-1.4479167E-01
4.577962E-08,-1.4505521E-01
4.582962E-08,-1.4531876E-01
4.587962E-08,-1.4558230E-01
4.592962E-08,-1.4584585E-01
4.597962E-08,-1.4616210E-01
4.602962E-08,-1.4642565E-01
4.607962E-08,-1.4674190E-01
4.612962E-08,-1.4700545E-01
4.617962E-08,-1.4732170E-01
4.622962E-08,-1.4758525E-01
4.627962E-08,-1.4784879E-01
4.632962E-08,-1.4811234E-01
4.637962E-08,-1.4832317E-01
4.642962E-08,-1.4853401E-01
4.647962E-08,-1.4869214E-01
4.652962E-08,-1.4885026E-01
4.657962E-08,-1.4895568E-01
4.662962E-08,-1.4906110E-01
4.667962E-08,-1.4911381E-01
4.672962E-08,-1.4916652E-01
4.677962E-08,-1.4921923E-01
4.682962E-08,-1.4921923E-01
4.687962E-08,-1.4921923E-01
4.692962E-08,-1.4921923E-01
4.697962E-08,-1.4921923E-01
4.702962E-08,-1.4916652E-01
4.707962E-08,-1.4916652E-01
4.712962E-08,-1.4911381E-01
4.717962E-08,-1.4911381E-01
4.722962E-08,-1.4911381E-01
4.727962E-08,-1.4911381E-01
4.732962E-08,-1.4911381E-01
4.737962E-08,-1.4916652E-01
4.742962E-08,-1.4921923E-01
4.747962E-08,-1.4932464E-01
4.752962E-08,-1.4943006E-01
4.757962E-08,-1.4953548E-01
4.762962E-08,-1.4969361E-01
4.767962E-08,-1.4985173E-01
4.772962E-08,-1.5000986E-01
4.777962E-08,-1.5022070E-01
4.782962E-08,-1.5037883E-01
4.787962E-08,-1.5058966E-01
4.792962E-08,-1.5085321E-01
4.797962E-08,-1.5106404E-01
4.802962E-08,-1.5127488E-01
4.807962E-08,-1.5148571E-01
4.812962E-08,-1.5169655E-01
4.817962E-08,-1.5190739E-01
4.822962E-08,-1.5206551E-01
4.827962E-08,-1.5222364E-01
4.832962E-08,-1.5238177E-01
4.837962E-08,-1.5248719E-01
4.842962E-08,-1.5259260E-01
4.847962E-08,-1.5269802E-01
4.852962E-08,-1.5275073E-01
4.857962E-08,-1.5275073E-01
4.862962E-08,-1.5275073E-01
4.867962E-08,-1.5269802E-01
4.872962E-08,-1.5269802E-01
4.877962E-08,-1.5259260E-01
4.882962E-08,-1.5253989E-01
4.887962E-08,-1.5243448E-01
4.892962E-08,-1.5227635E-01
4.897962E-08,-1.5217093E-01
4.902962E-08,-1.5206551E-01
4.907962E-08,-1.5196010E-01
4.912962E-08,-1.5180197E-01
4.917962E-08,-1.5169655E-01
4.922962E-08,-1.5159113E-01
4.927962E-08,-1.5148571E-01
4.932962E-08,-1.5143301E-01
4.937962E-08,-1.5132759E-01
4.942962E-08,-1.5127488E-01
4.947962E-08,-1.5122217E-01
4.952962E-08,-1.5116946E-01
4.957962E-08,-1.5111675E-01
4.962962E-08,-1.5111675E-01
4.967962E-08,-1.5111675E-01
4.972962E-08,-1.5111675E-01
4.977962E-08,-1.5111675E-01
4.982962E-08,-1.5111675E-01
4.987962E-08,-1.5111675E-01
4.992962E-08,-1.5116946E-01
4.997962E-08,-1.5116946E-01
5.002962E-08,-1.5116946E-01
5.007962E-08,-1.5116946E-01
5.012962E-08,-1.5116946E-01
5.017962E-08,-1.5116946E-01
5.022962E-08,-1.5111675E-01
5.027962E-08,-1.5106404E-01
5.032962E-08,-1.5101133E-01
5.037962E-08,-1.5095862E-01
5.042962E-08,-1.5090592E-01
5.047962E-08,-1.5080050E-01
5.052962E-08,-1.5069508E-01
5.057962E-08,-1.5058966E-01
5.062962E-08,-1.5048424E-01
5.067962E-08,-1.5032612E-01
5.072962E-08,-1.5022070E-01
5.077962E-08,-1.5006257E-01
5.082962E-08,-1.4995715E-01
5.087962E-08,-1.4979903E-01
5.092962E-08,-1.4969361E-01
5.097962E-08,-1.4953548E-01
5.102962E-08,-1.4943006E-01
5.107962E-08,-1.4932464E-01
5.112962E-08,-1.4927194E-01
5.117962E-08,-1.4916652E-01
5.122962E-08,-1.4911381E-01
5.127962E-08,-1.4906110E-01
5.132962E-08,-1.4906110E-01
5.137962E-08,-1.4906110E-01
5.142962E-08,-1.4911381E-01
5.147962E-08,-1.4911381E-01
5.152962E-08,-1.4921923E-01
5.157962E-08,-1.4927194E-01
5.162962E-08,-1.4937735E-01
5.167962E-08,-1.4948277E-01
5.172962E-08,-1.4964090E-01
5.177962E-08,-1.4974632E-01
5.182962E-08,-1.4990444E-01
5.187962E-08,-1.5006257E-01
5.192962E-08,-1.5022070E-01
5.197962E-08,-1.5032612E-01
5.202962E-08,-1.5048424E-01
5.207962E-08,-1.5064237E-01
5.212962E-08,-1.5074779E-01
5.217962E-08,-1.5090592E-01
5.222962E-08,-1.5101133E-01
5.227962E-08,-1.5106404E-01
5.232962E-08,-1.5116946E-01
5.237962E-08,-1.5122217E-01
5.242962E-08,-1.5127488E-01
5.247962E-08,-1.5127488E-01
5.252962E-08,-1.5127488E-01
5.257962E-08,-1.5127488E-01
5.262962E-08,-1.5122217E-01
5.267962E-08,-1.5116946E-01
5.272962E-08,-1.5111675E-01
5.277962E-08,-1.5101133E-01
5.282962E-08,-1.5090592E-01
5.287962E-08,-1.5080050E-01
5.292962E-08,-1.5069508E-01
5.297962E-08,-1.5053695E-01
5.302962E-08,-1.5043153E-01
5.307962E-08,-1.5027341E-01
5.312962E-08,-1.5016799E-01
5.317962E-08,-1.5006257E-01
5.322962E-08,-1.4990444E-01
5.327962E-08,-1.4979903E-01
5.332962E-08,-1.4969361E-01
5.337962E-08,-1.4958819E-01
5.342962E-08,-1.4948277E-01
5.347962E-08,-1.4943006E-01
5.352962E-08,-1.4937735E-01
5.357962E-08,-1.4932464E-01
5.362962E-08,-1.4927194E-01
5.367962E-08,-1.4927194E-01
5.372962E-08,-1.4927194E-01
5.377962E-08,-1.4921923E-01
5.382962E-08,-1.4927194E-01
5.387962E-08,-1.4927194E-01
5.392962E-08,-1.4927194E-01
5.397962E-08,-1.4932464E-01
5.402962E-08,-1.4937735E-01
5.407962E-08,-1.4937735E-01
5.412962E-08,-1.4943006E-01
5.417962E-08,-1.4943006E-01
5.422962E-08,-1.4948277E-01
5.427962E-08,-1.4953548E-01
5.432962E-08,-1.4953548E-01
5.437962E-08,-1.4953548E-01
5.442962E-08,-1.4953548E-01
5.447962E-08,-1.4953548E-01
5.452962E-08,-1.4953548E-01
5.457962E-08,-1.4953548E-01
5.462962E-08,-1.4953548E-01
5.467962E-08,-1.4948277E-01
5.472962E-08,-1.4948277E-01
5.477962E-08,-1.4943006E-01
5.482962E-08,-1.4943006E-01
5.487962E-08,-1.4937735E-01
5.492962E-08,-1.4932464E-01
5.497962E-08,-1.4927194E-01
5.502962E-08,-1.4927194E-01
5.507962E-08,-1.4921923E-01
5.512962E-08,-1.4921923E-01
5.517962E-08,-1.4916652E-01
5.522962E-08,-1.4916652E-01
5.527962E-08,-1.4916652E-01
5.532962E-08,-1.4916652E-01
5.537962E-08,-1.4916652E-01
5.542962E-08,-1.4921923E-01
5.547962E-08,-1.4921923E-01
5.552962E-08,-1.4921923E-01
5.557962E-08,-1.4927194E-01
5.562962E-08,-1.4932464E-01
5.567962E-08,-1.4932464E-01
5.572962E-08,-1.4937735E-01
5.577962E-08,-1.4943006E-01
5.582962E-08,-1.4948277E-01
5.587962E-08,-1.4953548E-01
5.592962E-08,-1.4958819E-01
5.597962E-08,-1.4958819E-01
5.602962E-08,-1.4964090E-01
5.607962E-08,-1.4969361E-01
5.612962E-08,-1.4974632E-01
5.617962E-08,-1.4979903E-01
5.622962E-08,-1.4979903E-01
5.627962E-08,-1.4985173E-01
5.632962E-08,-1.4985173E-01
5.637962E-08,-1.4985173E-01
5.642962E-08,-1.4985173E-01
5.647962E-08,-1.4985173E-01
5.652962E-08,-1.4985173E-01
5.657962E-08,-1.4979903E-01
5.662962E-08,-1.4974632E-01
5.667962E-08,-1.4974632E-01
5.672962E-08,-1.4969361E-01
5.677962E-08,-1.4958819E-01
5.682962E-08,-1.4953548E-01
5.687962E-08,-1.4948277E-01
5.692962E-08,-1.4937735E-01
5.697962E-08,-1.4932464E-01
5.702962E-08,-1.4921923E-01
5.707962E-08,-1.4916652E-01
5.712962E-08,-1.4906110E-01
5.717962E-08,-1.4895568E-01
5.722962E-08,-1.4890297E-01
5.727962E-08,-1.4879755E-01
5.732962E-08,-1.4869214E-01
5.737962E-08,-1.4863943E-01
5.742962E-08,-1.4858672E-01
5.747962E-08,-1.4848130E-01
5.752962E-08,-1.4842859E-01
5.757962E-08,-1.4837588E-01
5.762962E-08,-1.4832317E-01
5.767962E-08,-1.4832317E-01
5.772962E-08,-1.4827046E-01
5.777962E-08,-1.4827046E-01
5.782962E-08,-1.4827046E-01
5.787962E-08,-1.4827046E-01
5.792962E-08,-1.4827046E-01
5.797962E-08,-1.4827046E-01
5.802962E-08,-1.4827046E-01
5.807962E-08,-1.4832317E-01
5.812962E-08,-1.4832317E-01
5.817962E-08,-1.4837588E-01
5.822962E-08,-1.4837588E-01
5.827962E-08,-1.4842859E-01
5.832962E-08,-1.4848130E-01
5.837962E-08,-1.4853401E-01
5.842962E-08,-1.4853401E-01
5.847962E-08,-1.4858672E-01
5.852962E-08,-1.4858672E-01
5.857962E-08,-1.4863943E-01
5.862962E-08,-1.4863943E-01
5.867962E-08,-1.4863943E-01
5.872962E-08,-1.4863943E-01
5.877962E-08,-1.4863943E-01
5.882962E-08,-1.4863943E-01
5.887962E-08,-1.4863943E-01
5.892962E-08,-1.4858672E-01
5.897962E-08,-1.4853401E-01
5.902962E-08,-1.4853401E-01
5.907962E-08,-1.4848130E-01
5.912962E-08,-1.4842859E-01
5.917962E-08,-1.4837588E-01
5.922962E-08,-1.4832317E-01
5.927962E-08,-1.4827046E-01
5.932962E-08,-1.4816505E-01
5.937962E-08,-1.4811234E-01
5.942962E-08,-1.4805963E-01
5.947962E-08,-1.4795421E-01
5.952962E-08,-1.4790150E-01
5.957962E-08,-1.4784879E-01
5.962962E-08,-1.4779608E-01
5.967962E-08,-1.4774337E-01
5.972962E-08,-1.4769067E-01
5.977962E-08,-1.4763796E-01
5.982962E-08,-1.4758525E-01
5.987962E-08,-1.4753254E-01
5.992962E-08,-1.4753254E-01
5.997962E-08,-1.4747983E-01
6.002962E-08,-1.4747983E-01
6.007962E-08,-1.4747983E-01
6.012962E-08,-1.4747983E-01
6.017962E-08,-1.4747983E-01
6.022962E-08,-1.4753254E-01
6.027962E-08,-1.4753254E-01
6.032962E-08,-1.4758525E-01
6.037962E-08,-1.4758525E-01
6.042962E-08,-1.4763796E-01
6.047962E-08,-1.4769067E-01
6.052962E-08,-1.4774337E-01
6.057962E-08,-1.4779608E-01
6.062962E-08,-1.4784879E-01
6.067962E-08,-1.4790150E-01
6.072962E-08,-1.4800692E-01
6.077962E-08,-1.4805963E-01
6.082962E-08,-1.4811234E-01
6.087962E-08,-1.4816505E-01
6.092962E-08,-1.4827046E-01
6.097962E-08,-1.4832317E-01
6.102962E-08,-1.4837588E-01
6.107962E-08,-1.4842859E-01
6.112962E-08,-1.4853401E-01
6.117962E-08,-1.4858672E-01
6.122962E-08,-1.4863943E-01
6.127962E-08,-1.4869214E-01
6.132962E-08,-1.4874485E-01
6.137962E-08,-1.4879755E-01
6.142962E-08,-1.4885026E-01
6.147962E-08,-1.4890297E-01
6.152962E-08,-1.4895568E-01
6.157962E-08,-1.4900839E-01
6.162962E-08,-1.4906110E-01
6.167962E-08,-1.4911381E-01
6.172962E-08,-1.4916652E-01
6.177962E-08,-1.4916652E-01
6.182962E-08,-1.4921923E-01
6.187962E-08,-1.4927194E-01
6.192962E-08,-1.4932464E-01
6.197962E-08,-1.4937735E-01
6.202962E-08,-1.4943006E-01
6.207962E-08,-1.4948277E-01
6.212962E-08,-1.4948277E-01
6.217962E-08,-1.4953548E-01
6.222962E-08,-1.4958819E-01
6.227962E-08,-1.4964090E-01
6.232962E-08,-1.4969361E-01
6.237962E-08,-1.4974632E-01
6.242962E-08,-1.4979903E-01
6.247962E-08,-1.4985173E-01
6.252962E-08,-1.4990444E-01
6.257962E-08,-1.4995715E-01
6.262962E-08,-1.5000986E-01
6.267962E-08,-1.5006257E-01
6.272962E-08,-1.5011528E-01
6.277962E-08,-1.5016799E-01
6.282962E-08,-1.5022070E-01
6.287962E-08,-1.5027341E-01
6.292962E-08,-1.5032612E-01
6.297962E-08,-1.5032612E-01
6.302962E-08,-1.5037883E-01
6.307962E-08,-1.5043153E-01
6.312962E-08,-1.5048424E-01
6.317962E-08,-1.5048424E-01
6.322962E-08,-1.5053695E-01
6.327962E-08,-1.5053695E-01
6.332962E-08,-1.5058966E-01
6.337962E-08,-1.5058966E-01
6.342962E-08,-1.5058966E-01
6.347962E-08,-1.5064237E-01
6.352962E-08,-1.5064237E-01
6.357962E-08,-1.5064237E-01
6.362962E-08,-1.5064237E-01
6.367962E-08,-1.5064237E-01
6.372962E-08,-1.5064237E-01
6.377962E-08,-1.5064237E-01
6.382962E-08,-1.5064237E-01
6.387962E-08,-1.5064237E-01
6.392962E-08,-1.5064237E-01
6.397962E-08,-1.5064237E-01
6.402962E-08,-1.5058966E-01
6.407962E-08,-1.5058966E-01
6.412962E-08,-1.5058966E-01
6.417962E-08,-1.5058966E-01
6.422962E-08,-1.5058966E-01
6.427962E-08,-1.5053695E-01
6.432962E-08,-1.5053695E-01
6.437962E-08,-1.5053695E-01
6.442962E-08,-1.5053695E-01
6.447962E-08,-1.5048424E-01
6.452962E-08,-1.5048424E-01
6.457962E-08,-1.5048424E-01
6.462962E-08,-1.5043153E-01
6.467962E-08,-1.5043153E-01
6.472962E-08,-1.5043153E-01
6.477962E-08,-1.5043153E-01
6.482962E-08,-1.5037883E-01
6.487962E-08,-1.5037883E-01
6.492962E-08,-1.5032612E-01
6.497962E-08,-1.5032612E-01
6.502962E-08,-1.5032612E-01
6.507962E-08,-1.5027341E-01
6.512962E-08,-1.5027341E-01
6.517962E-08,-1.5022070E-01
6.522962E-08,-1.5016799E-01
6.527962E-08,-1.5016799E-01
6.532962E-08,-1.5011528E-01
6.537962E-08,-1.5006257E-01
6.542962E-08,-1.5006257E-01
6.547962E-08,-1.5000986E-01
6.552962E-08,-1.4995715E-01
6.557962E-08,-1.4990444E-01
6.562962E-08,-1.4985173E-01
6.567962E-08,-1.4979903E-01
6.572962E-08,-1.4974632E-01
6.577962E-08,-1.4969361E-01
6.582962E-08,-1.4964090E-01
6.587962E-08,-1.4958819E-01
6.592962E-08,-1.4948277E-01
6.597962E-08,-1.4943006E-01
6.602962E-08,-1.4937735E-01
6.607962E-08,-1.4932464E-01
6.612962E-08,-1.4921923E-01
6.617962E-08,-1.4916652E-01
6.622962E-08,-1.4911381E-01
6.627962E-08,-1.4900839E-01
6.632962E-08,-1.4895568E-01
6.637962E-08,-1.4890297E-01
6.642962E-08,-1.4885026E-01
6.647962E-08,-1.4874485E-01
6.652962E-08,-1.4869214E-01
6.657962E-08,-1.4863943E-01
6.662962E-08,-1.4858672E-01
6.667962E-08,-1.4853401E-01
6.672962E-08,-1.4848130E-01
6.677962E-08,-1.4842859E-01
6.682962E-08,-1.4842859E-01
6.687962E-08,-1.4837588E-01
6.692962E-08,-1.4832317E-01
6.697962E-08,-1.4832317E-01
6.702962E-08,-1.4827046E-01
6.707962E-08,-1.4827046E-01
6.712962E-08,-1.4827046E-01
6.717962E-08,-1.4827046E-01
6.722962E-08,-1.4827046E-01
6.727962E-08,-1.4827046E-01
6.732962E-08,-1.4827046E-01
6.737962E-08,-1.4827046E-01
6.742962E-08,-1.4827046E-01
6.747962E-08,-1.4827046E-01
6.752962E-08,-1.4832317E-01
6.757962E-08,-1.4832317E-01
6.762962E-08,-1.4832317E-01
6.767962E-08,-1.4837588E-01
6.772962E-08,-1.4837588E-01
6.777962E-08,-1.4842859E-01
6.782962E-08,-1.4842859E-01
6.787962E-08,-1.4848130E-01
6.792962E-08,-1.4848130E-01
6.797962E-08,-1.4848130E-01
6.802962E-08,-1.4853401E-01
6.807962E-08,-1.4853401E-01
6.812962E-08,-1.4853401E-01
6.817962E-08,-1.4858672E-01
6.822962E-08,-1.4858672E-01
6.827962E-08,-1.4858672E-01
6.832962E-08,-1.4858672E-01
6.837962E-08,-1.4858672E-01
6.842962E-08,-1.4858672E-01
6.847962E-08,-1.4858672E-01
6.852962E-08,-1.4858672E-01
6.857962E-08,-1.4853401E-01
6.862962E-08,-1.4853401E-01
6.867962E-08,-1.4853401E-01
6.872962E-08,-1.4848130E-01
6.877962E-08,-1.4848130E-01
6.882962E-08,-1.4848130E-01
6.887962E-08,-1.4842859E-01
6.892962E-08,-1.4842859E-01
6.897962E-08,-1.4837588E-01
6.902962E-08,-1.4837588E-01
6.907962E-08,-1.4832317E-01
6.912962E-08,-1.4832317E-01
6.917962E-08,-1.4827046E-01
6.922962E-08,-1.4827046E-01
6.927962E-08,-1.4821776E-01
6.932962E-08,-1.4821776E-01
6.937962E-08,-1.4821776E-01
6.942962E-08,-1.4821776E-01
6.947962E-08,-1.4821776E-01
6.952962E-08,-1.4821776E-01
6.957962E-08,-1.4821776E-01
6.962962E-08,-1.4821776E-01
6.967962E-08,-1.4821776E-01
6.972962E-08,-1.4821776E-01
6.977962E-08,-1.4827046E-01
6.982962E-08,-1.4827046E-01
6.987962E-08,-1.4832317E-01
6.992962E-08,-1.4832317E-01
6.997962E-08,-1.4837588E-01
7.002962E-08,-1.4842859E-01
7.007962E-08,-1.4848130E-01
7.012962E-08,-1.4848130E-01
7.017962E-08,-1.4853401E-01
7.022962E-08,-1.4858672E-01
7.027962E-08,-1.4863943E-01
7.032962E-08,-1.4869214E-01
7.037962E-08,-1.4874485E-01
7.042962E-08,-1.4879755E-01
7.047962E-08,-1.4885026E-01
7.052962E-08,-1.4890297E-01
7.057962E-08,-1.4895568E-01
7.062962E-08,-1.4900839E-01
7.067962E-08,-1.4906110E-01
7.072962E-08,-1.4906110E-01
7.077962E-08,-1.4911381E-01
7.082962E-08,-1.4916652E-01
7.087962E-08,-1.4921923E-01
7.092962E-08,-1.4921923E-01
7.097962E-08,-1.4927194E-01
7.102962E-08,-1.4927194E-01
7.107962E-08,-1.4932464E-01
7.112962E-08,-1.4932464E-01
7.117962E-08,-1.4932464E-01
7.122962E-08,-1.4937735E-01
7.127962E-08,-1.4937735E-01
7.132962E-08,-1.4937735E-01
7.137962E-08,-1.4937735E-01
7.142962E-08,-1.4937735E-01
7.147962E-08,-1.4937735E-01
7.152962E-08,-1.4937735E-01
7.157962E-08,-1.4943006E-01
7.162962E-08,-1.4943006E-01
7.167962E-08,-1.4943006E-01
7.172962E-08,-1.4943006E-01
7.177962E-08,-1.4943006E-01
7.182962E-08,-1.4943006E-01
7.187962E-08,-1.4943006E-01
7.192962E-08,-1.4943006E-01
7.197962E-08,-1.4948277E-01
7.202962E-08,-1.4948277E-01
7.207962E-08,-1.4948277E-01
7.212962E-08,-1.4953548E-01
7.217962E-08,-1.4953548E-01
7.222962E-08,-1.4958819E-01
7.227962E-08,-1.4958819E-01
7.232962E-08,-1.4964090E-01
7.237962E-08,-1.4964090E-01
7.242962E-08,-1.4969361E-01
7.247962E-08,-1.4969361E-01
7.252962E-08,-1.4974632E-01
7.257962E-08,-1.4979903E-01
7.262962E-08,-1.4979903E-01
7.267962E-08,-1.4985173E-01
7.272962E-08,-1.4985173E-01
7.277962E-08,-1.4990444E-01
7.282962E-08,-1.4995715E-01
7.287962E-08,-1.4995715E-01
7.292962E-08,-1.5000986E-01
7.297962E-08,-1.5000986E-01
7.302962E-08,-1.5006257E-01
7.307962E-08,-1.5006257E-01
7.312962E-08,-1.5006257E-01
7.317962E-08,-1.5006257E-01
7.322962E-08,-1.5011528E-01
7.327962E-08,-1.5011528E-01
7.332962E-08,-1.5011528E-01
7.337962E-08,-1.5011528E-01
7.342962E-08,-1.5006257E-01
7.347962E-08,-1.5006257E-01
7.352962E-08,-1.5006257E-01
7.357962E-08,-1.5006257E-01
7.362962E-08,-1.5000986E-01
7.367962E-08,-1.5000986E-01
7.372962E-08,-1.4995715E-01
7.377962E-08,-1.4995715E-01
7.382962E-08,-1.4995715E-01
7.387962E-08,-1.4990444E-01
7.392962E-08,-1.4985173E-01
7.397962E-08,-1.4985173E-01
7.402962E-08,-1.4985173E-01
7.407962E-08,-1.4979903E-01
7.412962E-08,-1.4979903E-01
7.417962E-08,-1.4974632E-01
7.422962E-08,-1.4974632E-01
7.427962E-08,-1.4969361E-01
7.432962E-08,-1.4969361E-01
7.437962E-08,-1.4969361E-01
7.442962E-08,-1.4969361E-01
7.447962E-08,-1.4969361E-01
7.452962E-08,-1.4964090E-01
7.457962E-08,-1.4964090E-01
7.462962E-08,-1.4964090E-01
7.467962E-08,-1.4964090E-01
7.472962E-08,-1.4969361E-01
7.477962E-08,-1.4969361E-01
7.482962E-08,-1.4969361E-01
7.487962E-08,-1.4969361E-01
7.492962E-08,-1.4969361E-01
7.497962E-08,-1.4974632E-01
7.502962E-08,-1.4974632E-01
7.507962E-08,-1.4974632E-01
7.512962E-08,-1.4974632E-01
7.517962E-08,-1.4979903E-01
7.522962E-08,-1.4979903E-01
7.527962E-08,-1.4979903E-01
7.532962E-08,-1.4979903E-01
7.537962E-08,-1.4979903E-01
7.542962E-08,-1.4979903E-01
7.547962E-08,-1.4979903E-01
7.552962E-08,-1.4979903E-01
7.557962E-08,-1.4979903E-01
7.562962E-08,-1.4979903E-01
7.567962E-08,-1.4979903E-01
7.572962E-08,-1.4979903E-01
7.577962E-08,-1.4979903E-01
7.582962E-08,-1.4979903E-01
7.587962E-08,-1.4974632E-01
7.592962E-08,-1.4974632E-01
7.597962E-08,-1.4974632E-01
7.602962E-08,-1.4974632E-01
7.607962E-08,-1.4969361E-01
7.612962E-08,-1.4969361E-01
7.617962E-08,-1.4969361E-01
7.622962E-08,-1.4964090E-01
7.627962E-08,-1.4964090E-01
7.632962E-08,-1.4964090E-01
7.637962E-08,-1.4964090E-01
7.642962E-08,-1.4964090E-01
7.647962E-08,-1.4964090E-01
7.652962E-08,-1.4964090E-01
7.657962E-08,-1.4964090E-01
7.662962E-08,-1.4964090E-01
7.667962E-08,-1.4969361E-01
7.672962E-08,-1.4969361E-01
7.677962E-08,-1.4969361E-01
7.682962E-08,-1.4974632E-01
7.687962E-08,-1.4974632E-01
7.692962E-08,-1.4979903E-01
7.697962E-08,-1.4985173E-01
7.702962E-08,-1.4985173E-01
7.707962E-08,-1.4990444E-01
7.712962E-08,-1.4995715E-01
7.717962E-08,-1.5000986E-01
7.722962E-08,-1.5000986E-01
7.727962E-08,-1.5006257E-01
7.732962E-08,-1.5011528E-01
7.737962E-08,-1.5011528E-01
7.742962E-08,-1.5016799E-01
7.747962E-08,-1.5016799E-01
7.752962E-08,-1.5022070E-01
7.757962E-08,-1.5022070E-01
7.762962E-08,-1.5027341E-01
7.767962E-08,-1.5027341E-01
7.772962E-08,-1.5027341E-01
7.777962E-08,-1.5027341E-01
7.782962E-08,-1.5027341E-01
7.787962E-08,-1.5027341E-01
7.792962E-08,-1.5027341E-01
7.797962E-08,-1.5027341E-01
7.802962E-08,-1.5027341E-01
7.807962E-08,-1.5022070E-01
7.812962E-08,-1.5022070E-01
7.817962E-08,-1.5016799E-01
7.822962E-08,-1.5016799E-01
7.827962E-08,-1.5011528E-01
7.832962E-08,-1.5011528E-01
7.837962E-08,-1.5006257E-01
7.842962E-08,-1.5000986E-01
7.847962E-08,-1.5000986E-01
7.852962E-08,-1.4995715E-01
7.857962E-08,-1.4990444E-01
7.862962E-08,-1.4990444E-01
7.867962E-08,-1.4985173E-01
7.872962E-08,-1.4985173E-01
7.877962E-08,-1.4979903E-01
7.882962E-08,-1.4979903E-01
7.887962E-08,-1.4974632E-01
7.892962E-08,-1.4974632E-01
7.897962E-08,-1.4974632E-01
7.902962E-08,-1.4969361E-01
7.907962E-08,-1.4969361E-01
7.912962E-08,-1.4969361E-01
7.917962E-08,-1.4969361E-01
7.922962E-08,-1.4969361E-01
7.927962E-08,-1.4964090E-01
7.932962E-08,-1.4964090E-01
7.937962E-08,-1.4964090E-01
7.942962E-08,-1.4964090E-01
7.947962E-08,-1.4964090E-01
7.952962E-08,-1.4964090E-01
7.957962E-08,-1.4969361E-01
7.962962E-08,-1.4969361E-01
7.967962E-08,-1.4969361E-01
7.972962E-08,-1.4969361E-01
7.977962E-08,-1.4969361E-01
7.982962E-08,-1.4969361E-01
7.987962E-08,-1.4969361E-01
7.992962E-08,-1.4969361E-01
7.997962E-08,-1.4969361E-01
8.002962E-08,-1.4969361E-01
8.007962E-08,-1.4964090E-01
8.012962E-08,-1.4964090E-01
8.017962E-08,-1.4964090E-01
8.022962E-08,-1.4964090E-01
8.027962E-08,-1.4964090E-01
8.032962E-08,-1.4958819E-01
8.037962E-08,-1.4958819E-01
8.042962E-08,-1.4958819E-01
8.047962E-08,-1.4953548E-01
8.052962E-08,-1.4953548E-01
8.057962E-08,-1.4948277E-01
8.062962E-08,-1.4948277E-01
8.067962E-08,-1.4948277E-01
8.072962E-08,-1.4943006E-01
8.077962E-08,-1.4943006E-01
8.082962E-08,-1.4937735E-01
8.087962E-08,-1.4932464E-01
8.092962E-08,-1.4932464E-01
8.097962E-08,-1.4927194E-01
8.102962E-08,-1.4927194E-01
8.107962E-08,-1.4921923E-01
8.112962E-08,-1.4916652E-01
8.117962E-08,-1.4916652E-01
8.122962E-08,-1.4911381E-01
8.127962E-08,-1.4906110E-01
8.132962E-08,-1.4906110E-01
8.137962E-08,-1.4900839E-01
8.142962E-08,-1.4895568E-01
8.147962E-08,-1.4890297E-01
8.152962E-08,-1.4890297E-01
8.157962E-08,-1.4885026E-01
8.162962E-08,-1.4879755E-01
8.167962E-08,-1.4879755E-01
8.172962E-08,-1.4874485E-01
8.177962E-08,-1.4869214E-01
8.182962E-08,-1.4869214E-01
8.187962E-08,-1.4863943E-01
8.192962E-08,-1.4863943E-01
8.197962E-08,-1.4858672E-01
8.202962E-08,-1.4858672E-01
8.207962E-08,-1.4858672E-01
8.212962E-08,-1.4853401E-01
8.217962E-08,-1.4853401E-01
8.222962E-08,-1.4853401E-01
8.227962E-08,-1.4853401E-01
8.232962E-08,-1.4853401E-01
8.237962E-08,-1.4858672E-01
8.242962E-08,-1.4858672E-01
8.247962E-08,-1.4858672E-01
8.252962E-08,-1.4863943E-01
8.257962E-08,-1.4863943E-01
8.262962E-08,-1.4869214E-01
8.267962E-08,-1.4869214E-01
8.272962E-08,-1.4874485E-01
8.277962E-08,-1.4879755E-01
8.282962E-08,-1.4879755E-01
8.287962E-08,-1.4885026E-01
8.292962E-08,-1.4890297E-01
8.297962E-08,-1.4895568E-01
8.302962E-08,-1.4895568E-01
8.307962E-08,-1.4900839E-01
8.312962E-08,-1.4906110E-01
8.317962E-08,-1.4906110E-01
8.322962E-08,-1.4911381E-01
8.327962E-08,-1.4911381E-01
8.332962E-08,-1.4911381E-01
8.337962E-08,-1.4916652E-01
8.342962E-08,-1.4916652E-01
8.347962E-08,-1.4916652E-01
8.352962E-08,-1.4916652E-01
8.357962E-08,-1.4916652E-01
8.362962E-08,-1.4916652E-01
8.367962E-08,-1.4916652E-01
8.372962E-08,-1.4916652E-01
8.377962E-08,-1.4916652E-01
8.382962E-08,-1.4916652E-01
8.387962E-08,-1.4911381E-01
8.392962E-08,-1.4911381E-01
8.397962E-08,-1.4911381E-01
8.402962E-08,-1.4911381E-01
8.407962E-08,-1.4906110E-01
8.412962E-08,-1.4906110E-01
8.417962E-08,-1.4906110E-01
8.422962E-08,-1.4906110E-01
8.427962E-08,-1.4906110E-01
8.432962E-08,-1.4906110E-01
8.437962E-08,-1.4906110E-01
8.442962E-08,-1.4911381E-01
8.447962E-08,-1.4911381E-01
8.452962E-08,-1.4911381E-01
8.457962E-08,-1.4916652E-01
8.462962E-08,-1.4921923E-01
8.467962E-08,-1.4921923E-01
8.472962E-08,-1.4927194E-01
8.477962E-08,-1.4932464E-01
8.482962E-08,-1.4937735E-01
8.487962E-08,-1.4943006E-01
8.492962E-08,-1.4948277E-01
8.497962E-08,-1.4953548E-01
8.502962E-08,-1.4958819E-01
8.507962E-08,-1.4964090E-01
8.512962E-08,-1.4969361E-01
8.517962E-08,-1.4974632E-01
8.522962E-08,-1.4979903E-01
8.527962E-08,-1.4985173E-01
8.532962E-08,-1.4990444E-01
8.537962E-08,-1.4995715E-01
8.542962E-08,-1.4995715E-01
8.547962E-08,-1.5000986E-01
8.552962E-08,-1.5000986E-01
8.557962E-08,-1.5000986E-01
8.562962E-08,-1.5000986E-01
8.567962E-08,-1.5000986E-01
8.572962E-08,-1.5000986E-01
8.577962E-08,-1.4995715E-01
8.582962E-08,-1.4995715E-01
8.587962E-08,-1.4990444E-01
8.592962E-08,-1.4985173E-01
8.597962E-08,-1.4979903E-01
8.602962E-08,-1.4974632E-01
8.607962E-08,-1.4969361E-01
8.612962E-08,-1.4964090E-01
8.617962E-08,-1.4958819E-01
8.622962E-08,-1.4953548E-01
8.627962E-08,-1.4948277E-01
8.632962E-08,-1.4937735E-01
8.637962E-08,-1.4932464E-01
8.642962E-08,-1.4927194E-01
8.647962E-08,-1.4921923E-01
8.652962E-08,-1.4921923E-01
8.657962E-08,-1.4916652E-01
8.662962E-08,-1.4911381E-01
8.667962E-08,-1.4911381E-01
8.672962E-08,-1.4906110E-01
8.677962E-08,-1.4906110E-01
8.682962E-08,-1.4906110E-01
8.687962E-08,-1.4906110E-01
8.692962E-08,-1.4906110E-01
8.697962E-08,-1.4911381E-01
8.702962E-08,-1.4911381E-01
8.707962E-08,-1.4911381E-01
8.712962E-08,-1.4916652E-01
8.717962E-08,-1.4921923E-01
8.722962E-08,-1.4921923E-01
8.727962E-08,-1.4927194E-01
8.732962E-08,-1.4932464E-01
8.737962E-08,-1.4932464E-01
8.742962E-08,-1.4937735E-01
8.747962E-08,-1.4937735E-01
8.752962E-08,-1.4943006E-01
8.757962E-08,-1.4948277E-01
8.762962E-08,-1.4948277E-01
8.767962E-08,-1.4948277E-01
8.772962E-08,-1.4948277E-01
8.777962E-08,-1.4953548E-01
8.782962E-08,-1.4953548E-01
8.787962E-08,-1.4948277E-01
8.792962E-08,-1.4948277E-01
8.797962E-08,-1.4948277E-01
8.802962E-08,-1.4943006E-01
8.807962E-08,-1.4943006E-01
8.812962E-08,-1.4937735E-01
8.817962E-08,-1.4932464E-01
8.822962E-08,-1.4927194E-01
8.827962E-08,-1.4927194E-01
8.832962E-08,-1.4921923E-01
8.837962E-08,-1.4916652E-01
8.842962E-08,-1.4911381E-01
8.847962E-08,-1.4906110E-01
8.852962E-08,-1.4900839E-01
8.857962E-08,-1.4895568E-01
8.862962E-08,-1.4890297E-01
8.867962E-08,-1.4885026E-01
8.872962E-08,-1.4885026E-01
8.877962E-08,-1.4879755E-01
8.882962E-08,-1.4879755E-01
8.887962E-08,-1.4879755E-01
8.892962E-08,-1.4879755E-01
8.897962E-08,-1.4879755E-01
8.902962E-08,-1.4879755E-01
8.907962E-08,-1.4879755E-01
8.912962E-08,-1.4879755E-01
8.917962E-08,-1.4885026E-01
8.922962E-08,-1.4890297E-01
8.927962E-08,-1.4895568E-01
8.932962E-08,-1.4895568E-01
8.937962E-08,-1.4900839E-01
8.942962E-08,-1.4911381E-01
8.947962E-08,-1.4916652E-01
8.952962E-08,-1.4921923E-01
8.957962E-08,-1.4927194E-01
8.962962E-08,-1.4932464E-01
8.967962E-08,-1.4937735E-01
8.972962E-08,-1.4943006E-01
8.977962E-08,-1.4948277E-01
8.982962E-08,-1.4953548E-01
8.987962E-08,-1.4958819E-01
8.992962E-08,-1.4964090E-01
8.997962E-08,-1.4964090E-01
9.002962E-08,-1.4969361E-01
9.007962E-08,-1.4969361E-01
9.012962E-08,-1.4974632E-01
9.017962E-08,-1.4974632E-01
9.022962E-08,-1.4974632E-01
9.027962E-08,-1.4974632E-01
9.032962E-08,-1.4969361E-01
9.037962E-08,-1.4969361E-01
9.042962E-08,-1.4969361E-01
9.047962E-08,-1.4964090E-01
9.052962E-08,-1.4964090E-01
9.057962E-08,-1.4958819E-01
9.062962E-08,-1.4953548E-01
9.067962E-08,-1.4948277E-01
9.072962E-08,-1.4948277E-01
9.077962E-08,-1.4943006E-01
9.082962E-08,-1.4937735E-01
9.087962E-08,-1.4932464E-01
9.092962E-08,-1.4932464E-01
9.097962E-08,-1.4927194E-01
9.102962E-08,-1.4927194E-01
9.107962E-08,-1.4921923E-01
9.112962E-08,-1.4921923E-01
9.117962E-08,-1.4916652E-01
9.122962E-08,-1.4916652E-01
9.127962E-08,-1.4916652E-01
9.132962E-08,-1.4916652E-01
9.137962E-08,-1.4916652E-01
9.142962E-08,-1.4916652E-01
9.147962E-08,-1.4916652E-01
9.152962E-08,-1.4916652E-01
9.157962E-08,-1.4921923E-01
9.162962E-08,-1.4921923E-01
9.167962E-08,-1.4927194E-01
9.172962E-08,-1.4927194E-01
9.177962E-08,-1.4927194E-01
9.182962E-08,-1.4932464E-01
9.187962E-08,-1.4932464E-01
9.192962E-08,-1.4937735E-01
9.197962E-08,-1.4937735E-01
9.202962E-08,-1.4943006E-01
9.207962E-08,-1.4943006E-01
9.212962E-08,-1.4948277E-01
9.217962E-08,-1.4948277E-01
9.222962E-08,-1.4948277E-01
9.227962E-08,-1.4953548E-01
9.232962E-08,-1.4953548E-01
9.237962E-08,-1.4953548E-01
9.242962E-08,-1.4953548E-01
9.247962E-08,-1.4953548E-01
9.252962E-08,-1.4953548E-01
9.257962E-08,-1.4953548E-01
9.262962E-08,-1.4953548E-01
9.267962E-08,-1.4953548E-01
9.272962E-08,-1.4953548E-01
9.277962E-08,-1.4953548E-01
9.282962E-08,-1.4953548E-01
9.287962E-08,-1.4953548E-01
9.292962E-08,-1.4948277E-01
9.297962E-08,-1.4948277E-01
9.302962E-08,-1.4948277E-01
9.307962E-08,-1.4948277E-01
9.312962E-08,-1.4948277E-01
9.317962E-08,-1.4948277E-01
9.322962E-08,-1.4943006E-01
9.327962E-08,-1.4943006E-01
9.332962E-08,-1.4943006E-01
9.337962E-08,-1.4943006E-01
9.342962E-08,-1.4943006E-01
9.347962E-08,-1.4943006E-01
9.352962E-08,-1.4943006E-01
9.357962E-08,-1.4943006E-01
9.362962E-08,-1.4943006E-01
9.367962E-08,-1.4943006E-01
9.372962E-08,-1.4943006E-01
9.377962E-08,-1.4943006E-01
9.382962E-08,-1.4937735E-01
9.387962E-08,-1.4937735E-01
9.392962E-08,-1.4937735E-01
9.397962E-08,-1.4937735E-01
9.402962E-08,-1.4937735E-01
9.407962E-08,-1.4932464E-01
9.412962E-08,-1.4932464E-01
9.417962E-08,-1.4932464E-01
9.422962E-08,-1.4927194E-01
9.427962E-08,-1.4927194E-01
9.432962E-08,-1.4921923E-01
9.437962E-08,-1.4916652E-01
9.442962E-08,-1.4916652E-01
9.447962E-08,-1.4911381E-01
9.452962E-08,-1.4911381E-01
9.457962E-08,-1.4906110E-01
9.462962E-08,-1.4906110E-01
9.467962E-08,-1.4900839E-01
9.472962E-08,-1.4895568E-01
9.477962E-08,-1.4895568E-01
9.482962E-08,-1.4895568E-01
9.487962E-08,-1.4890297E-01
9.492962E-08,-1.4890297E-01
9.497962E-08,-1.4890297E-01
9.502962E-08,-1.4890297E-01
9.507962E-08,-1.4890297E-01
9.512962E-08,-1.4890297E-01
9.517962E-08,-1.4890297E-01
9.522962E-08,-1.4890297E-01
9.527962E-08,-1.4895568E-01
9.532962E-08,-1.4895568E-01
9.537962E-08,-1.4900839E-01
9.542962E-08,-1.4900839E-01
9.547962E-08,-1.4906110E-01
9.552962E-08,-1.4911381E-01
9.557962E-08,-1.4916652E-01
9.562962E-08,-1.4921923E-01
9.567962E-08,-1.4927194E-01
9.572962E-08,-1.4932464E-01
9.577962E-08,-1.4937735E-01
9.582962E-08,-1.4943006E-01
9.587962E-08,-1.4953548E-01
9.592962E-08,-1.4958819E-01
9.597962E-08,-1.4964090E-01
9.602962E-08,-1.4969361E-01
9.607962E-08,-1.4974632E-01
9.612962E-08,-1.4979903E-01
9.617962E-08,-1.4985173E-01
9.622962E-08,-1.4985173E-01
9.627962E-08,-1.4990444E-01
9.632962E-08,-1.4995715E-01
9.637962E-08,-1.4995715E-01
9.642962E-08,-1.5000986E-01
9.647962E-08,-1.5000986E-01
9.652962E-08,-1.5000986E-01
9.657962E-08,-1.5000986E-01
9.662962E-08,-1.5000986E-01
9.667962E-08,-1.5000986E-01
9.672962E-08,-1.5000986E-01
9.677962E-08,-1.5000986E-01
9.682962E-08,-1.5000986E-01
9.687962E-08,-1.4995715E-01
9.692962E-08,-1.4995715E-01
9.697962E-08,-1.4990444E-01
9.702962E-08,-1.4990444E-01
9.707962E-08,-1.4985173E-01
9.712962E-08,-1.4985173E-01
9.717962E-08,-1.4979903E-01
9.722962E-08,-1.4979903E-01
9.727962E-08,-1.4974632E-01
9.732962E-08,-1.4974632E-01
9.737962E-08,-1.4969361E-01
9.742962E-08,-1.4969361E-01
9.747962E-08,-1.4964090E-01
9.752962E-08,-1.4964090E-01
9.757962E-08,-1.4964090E-01
9.762962E-08,-1.4964090E-01
9.767962E-08,-1.4958819E-01
9.772962E-08,-1.4958819E-01
9.777962E-08,-1.4958819E-01
9.782962E-08,-1.4958819E-01
9.787962E-08,-1.4958819E-01
9.792962E-08,-1.4958819E-01
9.797962E-08,-1.4964090E-01
9.802962E-08,-1.4964090E-01
9.807962E-08,-1.4964090E-01
9.812962E-08,-1.4964090E-01
9.817962E-08,-1.4964090E-01
9.822962E-08,-1.4964090E-01
9.827962E-08,-1.4969361E-01
9.832962E-08,-1.4969361E-01
9.837962E-08,-1.4969361E-01
9.842962E-08,-1.4969361E-01
9.847962E-08,-1.4969361E-01
9.852962E-08,-1.4969361E-01
9.857962E-08,-1.4969361E-01
9.862962E-08,-1.4969361E-01
9.867962E-08,-1.4969361E-01
9.872962E-08,-1.4969361E-01
9.877962E-08,-1.4969361E-01
9.882962E-08,-1.4969361E-01
9.887962E-08,-1.4969361E-01
9.892962E-08,-1.4969361E-01
9.897962E-08,-1.4969361E-01
9.902962E-08,-1.4969361E-01
9.907962E-08,-1.4964090E-01
9.912962E-08,-1.4964090E-01
9.917962E-08,-1.4964090E-01
9.922962E-08,-1.4964090E-01
9.927962E-08,-1.4964090E-01
9.932962E-08,-1.4964090E-01
9.937962E-08,-1.4964090E-01
9.942962E-08,-1.4964090E-01
9.947962E-08,-1.4964090E-01
9.952962E-08,-1.4964090E-01
9.957962E-08,-1.4964090E-01
9.962962E-08,-1.4964090E-01
9.967962E-08,-1.4964090E-01
9.972962E-08,-1.4969361E-01
9.977962E-08,-1.4969361E-01
9.982962E-08,-1.4969361E-01
9.987962E-08,-1.4969361E-01
9.992962E-08,-1.4969361E-01
9.997962E-08,-1.4969361E-01
1.0002962E-07,-1.4974632E-01
1.0007962E-07,-1.4974632E-01
1.0012962E-07,-1.4974632E-01
1.0017962E-07,-1.4974632E-01
1.0022962E-07,-1.4974632E-01
1.0027962E-07,-1.4974632E-01
1.0032962E-07,-1.4974632E-01
1.0037962E-07,-1.4974632E-01
1.0042962E-07,-1.4974632E-01
1.0047962E-07,-1.4974632E-01
1.0052962E-07,-1.4974632E-01
1.0057962E-07,-1.4969361E-01
1.0062962E-07,-1.4969361E-01
1.0067962E-07,-1.4969361E-01
1.0072962E-07,-1.4964090E-01
1.0077962E-07,-1.4964090E-01
1.0082962E-07,-1.4958819E-01
1.0087962E-07,-1.4958819E-01
1.0092962E-07,-1.4953548E-01
1.0097962E-07,-1.4953548E-01
1.0102962E-07,-1.4948277E-01
1.0107962E-07,-1.4948277E-01
1.0112962E-07,-1.4943006E-01
1.0117962E-07,-1.4937735E-01
1.0122962E-07,-1.4937735E-01
1.0127962E-07,-1.4932464E-01
1.0132962E-07,-1.4927194E-01
1.0137962E-07,-1.4927194E-01
1.0142962E-07,-1.4921923E-01
1.0147962E-07,-1.4921923E-01
1.0152962E-07,-1.4916652E-01
1.0157962E-07,-1.4911381E-01
1.0162962E-07,-1.4911381E-01
1.0167962E-07,-1.4906110E-01
1.0172962E-07,-1.4906110E-01
1.0177962E-07,-1.4906110E-01
1.0182962E-07,-1.4900839E-01
1.0187962E-07,-1.4900839E-01
1.0192962E-07,-1.4895568E-01
1.0197962E-07,-1.4895568E-01
1.0202962E-07,-1.4895568E-01
1.0207962E-07,-1.4895568E-01
1.0212962E-07,-1.4890297E-01
1.0217962E-07,-1.4890297E-01
1.0222962E-07,-1.4890297E-01
1.0227962E-07,-1.4890297E-01
1.0232962E-07,-1.4890297E-01
1.0237962E-07,-1.4890297E-01
1.0242962E-07,-1.4885026E-01
1.0247962E-07,-1.4885026E-01
1.0252962E-07,-1.4885026E-01
1.0257962E-07,-1.4885026E-01
1.0262962E-07,-1.4885026E-01
1.0267962E-07,-1.4885026E-01
1.0272962E-07,-1.4885026E-01
1.0277962E-07,-1.4885026E-01
1.0282962E-07,-1.4885026E-01
1.0287962E-07,-1.4885026E-01
1.0292962E-07,-1.4885026E-01
1.0297962E-07,-1.4885026E-01
1.0302962E-07,-1.4885026E-01
1.0307962E-07,-1.4890297E-01
1.0312962E-07,-1.4890297E-01
1.0317962E-07,-1.4890297E-01
1.0322962E-07,-1.4895568E-01
1.0327962E-07,-1.4895568E-01
1.0332962E-07,-1.4900839E-01
1.0337962E-07,-1.4900839E-01
1.0342962E-07,-1.4906110E-01
1.0347962E-07,-1.4911381E-01
1.0352962E-07,-1.4911381E-01
1.0357962E-07,-1.4916652E-01
1.0362962E-07,-1.4921923E-01
1.0367962E-07,-1.4927194E-01
1.0372962E-07,-1.4927194E-01
1.0377962E-07,-1.4932464E-01
1.0382962E-07,-1.4937735E-01
1.0387962E-07,-1.4943006E-01
1.0392962E-07,-1.4948277E-01
1.0397962E-07,-1.4948277E-01
1.0402962E-07,-1.4953548E-01
1.0407962E-07,-1.4953548E-01
1.0412962E-07,-1.4958819E-01
1.0417962E-07,-1.4958819E-01
1.0422962E-07,-1.4964090E-01
1.0427962E-07,-1.4964090E-01
1.0432962E-07,-1.4964090E-01
1.0437962E-07,-1.4964090E-01
1.0442962E-07,-1.4964090E-01
1.0447962E-07,-1.4958819E-01
1.0452962E-07,-1.4958819E-01
1.0457962E-07,-1.4953548E-01
1.0462962E-07,-1.4953548E-01
1.0467962E-07,-1.4948277E-01
1.0472962E-07,-1.4943006E-01
1.0477962E-07,-1.4943006E-01
1.0482962E-07,-1.4937735E-01
1.0487962E-07,-1.4932464E-01
1.0492962E-07,-1.4927194E-01
1.0497962E-07,-1.4921923E-01
1.0502962E-07,-1.4916652E-01
1.0507962E-07,-1.4906110E-01
1.0512962E-07,-1.4900839E-01
1.0517962E-07,-1.4895568E-01
1.0522962E-07,-1.4890297E-01
1.0527962E-07,-1.4885026E-01
1.0532962E-07,-1.4885026E-01
1.0537962E-07,-1.4879755E-01
1.0542962E-07,-1.4874485E-01
1.0547962E-07,-1.4869214E-01
1.0552962E-07,-1.4869214E-01
1.0557962E-07,-1.4869214E-01
1.0562962E-07,-1.4863943E-01
1.0567962E-07,-1.4863943E-01
1.0572962E-07,-1.4863943E-01
1.0577962E-07,-1.4863943E-01
1.0582962E-07,-1.4863943E-01
1.0587962E-07,-1.4869214E-01
1.0592962E-07,-1.4869214E-01
1.0597962E-07,-1.4869214E-01
1.0602962E-07,-1.4874485E-01
1.0607962E-07,-1.4879755E-01
1.0612962E-07,-1.4879755E-01
1.0617962E-07,-1.4885026E-01
1.0622962E-07,-1.4890297E-01
1.0627962E-07,-1.4895568E-01
1.0632962E-07,-1.4900839E-01
1.0637962E-07,-1.4900839E-01
1.0642962E-07,-1.4906110E-01
1.0647962E-07,-1.4911381E-01
1.0652962E-07,-1.4916652E-01
1.0657962E-07,-1.4916652E-01
1.0662962E-07,-1.4921923E-01
1.0667962E-07,-1.4921923E-01
1.0672962E-07,-1.4927194E-01
1.0677962E-07,-1.4927194E-01
1.0682962E-07,-1.4932464E-01
1.0687962E-07,-1.4932464E-01
1.0692962E-07,-1.4932464E-01
1.0697962E-07,-1.4932464E-01
1.0702962E-07,-1.4932464E-01
1.0707962E-07,-1.4932464E-01
1.0712962E-07,-1.4927194E-01
1.0717962E-07,-1.4927194E-01
1.0722962E-07,-1.4927194E-01
1.0727962E-07,-1.4921923E-01
1.0732962E-07,-1.4921923E-01
1.0737962E-07,-1.4916652E-01
1.0742962E-07,-1.4916652E-01
1.0747962E-07,-1.4911381E-01
1.0752962E-07,-1.4906110E-01
1.0757962E-07,-1.4906110E-01
1.0762962E-07,-1.4900839E-01
1.0767962E-07,-1.4900839E-01
1.0772962E-07,-1.4895568E-01
1.0777962E-07,-1.4895568E-01
1.0782962E-07,-1.4890297E-01
1.0787962E-07,-1.4890297E-01
1.0792962E-07,-1.4890297E-01
1.0797962E-07,-1.4885026E-01
1.0802962E-07,-1.4885026E-01
1.0807962E-07,-1.4885026E-01
1.0812962E-07,-1.4885026E-01
1.0817962E-07,-1.4885026E-01
1.0822962E-07,-1.4890297E-01
1.0827962E-07,-1.4890297E-01
1.0832962E-07,-1.4890297E-01
1.0837962E-07,-1.4895568E-01
1.0842962E-07,-1.4895568E-01
1.0847962E-07,-1.4900839E-01
1.0852962E-07,-1.4900839E-01
1.0857962E-07,-1.4906110E-01
1.0862962E-07,-1.4906110E-01
1.0867962E-07,-1.4911381E-01
1.0872962E-07,-1.4916652E-01
1.0877962E-07,-1.4921923E-01
1.0882962E-07,-1.4927194E-01
1.0887962E-07,-1.4932464E-01
1.0892962E-07,-1.4932464E-01
1.0897962E-07,-1.4937735E-01
1.0902962E-07,-1.4943006E-01
1.0907962E-07,-1.4948277E-01
1.0912962E-07,-1.4953548E-01
1.0917962E-07,-1.4958819E-01
1.0922962E-07,-1.4964090E-01
1.0927962E-07,-1.4969361E-01
1.0932962E-07,-1.4974632E-01
1.0937962E-07,-1.4974632E-01
1.0942962E-07,-1.4979903E-01
1.0947962E-07,-1.4985173E-01
1.0952962E-07,-1.4990444E-01
1.0957962E-07,-1.4990444E-01
1.0962962E-07,-1.4995715E-01
1.0967962E-07,-1.4995715E-01
1.0972962E-07,-1.5000986E-01
1.0977962E-07,-1.5000986E-01
1.0982962E-07,-1.5000986E-01
1.0987962E-07,-1.5000986E-01
1.0992962E-07,-1.5006257E-01
1.0997962E-07,-1.5006257E-01
1.1002962E-07,-1.5006257E-01
1.1007962E-07,-1.5000986E-01
1.1012962E-07,-1.5000986E-01
1.1017962E-07,-1.5000986E-01
1.1022962E-07,-1.4995715E-01
1.1027962E-07,-1.4995715E-01
1.1032962E-07,-1.4995715E-01
1.1037962E-07,-1.4990444E-01
1.1042962E-07,-1.4985173E-01
1.1047962E-07,-1.4985173E-01
1.1052962E-07,-1.4979903E-01
1.1057962E-07,-1.4974632E-01
1.1062962E-07,-1.4969361E-01
1.1067962E-07,-1.4969361E-01
1.1072962E-07,-1.4964090E-01
1.1077962E-07,-1.4958819E-01
1.1082962E-07,-1.4953548E-01
1.1087962E-07,-1.4948277E-01
1.1092962E-07,-1.4948277E-01
1.1097962E-07,-1.4943006E-01
1.1102962E-07,-1.4937735E-01
1.1107962E-07,-1.4937735E-01
1.1112962E-07,-1.4932464E-01
1.1117962E-07,-1.4932464E-01
1.1122962E-07,-1.4927194E-01
1.1127962E-07,-1.4927194E-01
1.1132962E-07,-1.4927194E-01
1.1137962E-07,-1.4927194E-01
1.1142962E-07,-1.4927194E-01
1.1147962E-07,-1.4927194E-01
1.1152962E-07,-1.4927194E-01
1.1157962E-07,-1.4927194E-01
1.1162962E-07,-1.4927194E-01
1.1167962E-07,-1.4932464E-01
1.1172962E-07,-1.4932464E-01
1.1177962E-07,-1.4937735E-01
1.1182962E-07,-1.4937735E-01
1.1187962E-07,-1.4943006E-01
1.1192962E-07,-1.4943006E-01
1.1197962E-07,-1.4948277E-01
1.1202962E-07,-1.4953548E-01
1.1207962E-07,-1.4953548E-01
1.1212962E-07,-1.4958819E-01
1.1217962E-07,-1.4958819E-01
1.1222962E-07,-1.4964090E-01
1.1227962E-07,-1.4964090E-01
1.1232962E-07,-1.4964090E-01
1.1237962E-07,-1.4969361E-01
1.1242962E-07,-1.4969361E-01
1.1247962E-07,-1.4969361E-01
1.1252962E-07,-1.4969361E-01
1.1257962E-07,-1.4969361E-01
1.1262962E-07,-1.4969361E-01
1.1267962E-07,-1.4969361E-01
1.1272962E-07,-1.4969361E-01
1.1277962E-07,-1.4964090E-01
1.1282962E-07,-1.4964090E-01
1.1287962E-07,-1.4958819E-01
1.1292962E-07,-1.4958819E-01
1.1297962E-07,-1.4953548E-01
1.1302962E-07,-1.4948277E-01
1.1307962E-07,-1.4948277E-01
1.1312962E-07,-1.4943006E-01
1.1317962E-07,-1.4937735E-01
1.1322962E-07,-1.4937735E-01
1.1327962E-07,-1.4932464E-01
1.1332962E-07,-1.4927194E-01
1.1337962E-07,-1.4927194E-01
1.1342962E-07,-1.4921923E-01
1.1347962E-07,-1.4921923E-01
1.1352962E-07,-1.4916652E-01
1.1357962E-07,-1.4916652E-01
1.1362962E-07,-1.4911381E-01
1.1367962E-07,-1.4911381E-01
1.1372962E-07,-1.4911381E-01
1.1377962E-07,-1.4911381E-01
1.1382962E-07,-1.4911381E-01
1.1387962E-07,-1.4911381E-01
1.1392962E-07,-1.4911381E-01
1.1397962E-07,-1.4911381E-01
1.1402962E-07,-1.4916652E-01
1.1407962E-07,-1.4916652E-01
1.1412962E-07,-1.4916652E-01
1.1417962E-07,-1.4921923E-01
1.1422962E-07,-1.4921923E-01
1.1427962E-07,-1.4921923E-01
1.1432962E-07,-1.4927194E-01
1.1437962E-07,-1.4927194E-01
1.1442962E-07,-1.4927194E-01
1.1447962E-07,-1.4932464E-01
1.1452962E-07,-1.4932464E-01
1.1457962E-07,-1.4932464E-01
1.1462962E-07,-1.4932464E-01
1.1467962E-07,-1.4932464E-01
1.1472962E-07,-1.4932464E-01
1.1477962E-07,-1.4932464E-01
1.1482962E-07,-1.4932464E-01
1.1487962E-07,-1.4932464E-01
1.1492962E-07,-1.4932464E-01
1.1497962E-07,-1.4932464E-01
1.1502962E-07,-1.4932464E-01
1.1507962E-07,-1.4927194E-01
1.1512962E-07,-1.4927194E-01
1.1517962E-07,-1.4927194E-01
1.1522962E-07,-1.4921923E-01
1.1527962E-07,-1.4921923E-01
1.1532962E-07,-1.4916652E-01
1.1537962E-07,-1.4916652E-01
1.1542962E-07,-1.4911381E-01
1.1547962E-07,-1.4911381E-01
1.1552962E-07,-1.4906110E-01
1.1557962E-07,-1.4906110E-01
1.1562962E-07,-1.4900839E-01
1.1567962E-07,-1.4900839E-01
1.1572962E-07,-1.4900839E-01
1.1577962E-07,-1.4895568E-01
1.1582962E-07,-1.4895568E-01
1.1587962E-07,-1.4895568E-01
1.1592962E-07,-1.4895568E-01
1.1597962E-07,-1.4895568E-01
1.1602962E-07,-1.4895568E-01
1.1607962E-07,-1.4895568E-01
1.1612962E-07,-1.4895568E-01
1.1617962E-07,-1.4895568E-01
1.1622962E-07,-1.4895568E-01
1.1627962E-07,-1.4895568E-01
1.1632962E-07,-1.4895568E-01
1.1637962E-07,-1.4895568E-01
1.1642962E-07,-1.4900839E-01
1.1647962E-07,-1.4900839E-01
1.1652962E-07,-1.4900839E-01
1.1657962E-07,-1.4906110E-01
1.1662962E-07,-1.4906110E-01
1.1667962E-07,-1.4906110E-01
1.1672962E-07,-1.4911381E-01
1.1677962E-07,-1.4911381E-01
1.1682962E-07,-1.4916652E-01
1.1687962E-07,-1.4916652E-01
1.1692962E-07,-1.4916652E-01
1.1697962E-07,-1.4921923E-01
1.1702962E-07,-1.4921923E-01
1.1707962E-07,-1.4927194E-01
1.1712962E-07,-1.4927194E-01
1.1717962E-07,-1.4927194E-01
1.1722962E-07,-1.4927194E-01
1.1727962E-07,-1.4932464E-01
1.1732962E-07,-1.4932464E-01
1.1737962E-07,-1.4932464E-01
1.1742962E-07,-1.4932464E-01
1.1747962E-07,-1.4937735E-01
1.1752962E-07,-1.4937735E-01
1.1757962E-07,-1.4937735E-01
1.1762962E-07,-1.4937735E-01
1.1767962E-07,-1.4937735E-01
1.1772962E-07,-1.4937735E-01
1.1777962E-07,-1.4937735E-01
1.1782962E-07,-1.4937735E-01
1.1787962E-07,-1.4943006E-01
1.1792962E-07,-1.4937735E-01
1.1797962E-07,-1.4937735E-01
1.1802962E-07,-1.4937735E-01
1.1807962E-07,-1.4937735E-01
1.1812962E-07,-1.4937735E-01
1.1817962E-07,-1.4937735E-01
1.1822962E-07,-1.4937735E-01
1.1827962E-07,-1.4937735E-01
1.1832962E-07,-1.4932464E-01
1.1837962E-07,-1.4932464E-01
1.1842962E-07,-1.4932464E-01
1.1847962E-07,-1.4932464E-01
1.1852962E-07,-1.4927194E-01
1.1857962E-07,-1.4927194E-01
1.1862962E-07,-1.4927194E-01
1.1867962E-07,-1.4927194E-01
1.1872962E-07,-1.4921923E-01
1.1877962E-07,-1.4921923E-01
1.1882962E-07,-1.4921923E-01
1.1887962E-07,-1.4921923E-01
1.1892962E-07,-1.4916652E-01
1.1897962E-07,-1.4916652E-01
1.1902962E-07,-1.4916652E-01
1.1907962E-07,-1.4916652E-01
1.1912962E-07,-1.4916652E-01
1.1917962E-07,-1.4916652E-01
1.1922962E-07,-1.4916652E-01
1.1927962E-07,-1.4916652E-01
1.1932962E-07,-1.4916652E-01
1.1937962E-07,-1.4921923E-01
1.1942962E-07,-1.4921923E-01
1.1947962E-07,-1.4921923E-01
1.1952962E-07,-1.4921923E-01
1.1957962E-07,-1.4927194E-01
1.1962962E-07,-1.4927194E-01
1.1967962E-07,-1.4927194E-01
1.1972962E-07,-1.4932464E-01
1.1977962E-07,-1.4932464E-01
1.1982962E-07,-1.4932464E-01
1.1987962E-07,-1.4937735E-01
1.1992962E-07,-1.4937735E-01
1.1997962E-07,-1.4937735E-01
1.2002962E-07,-1.4937735E-01
1.2007962E-07,-1.4937735E-01
1.2012962E-07,-1.4943006E-01
1.2017962E-07,-1.4943006E-01
1.2022962E-07,-1.4943006E-01
1.2027962E-07,-1.4943006E-01
1.2032962E-07,-1.4943006E-01
1.2037962E-07,-1.4943006E-01
1.2042962E-07,-1.4937735E-01
1.2047962E-07,-1.4937735E-01
1.2052962E-07,-1.4937735E-01
1.2057962E-07,-1.4937735E-01
1.2062962E-07,-1.4932464E-01
1.2067962E-07,-1.4932464E-01
1.2072962E-07,-1.4932464E-01
1.2077962E-07,-1.4927194E-01
1.2082962E-07,-1.4927194E-01
1.2087962E-07,-1.4927194E-01
1.2092962E-07,-1.4921923E-01
1.2097962E-07,-1.4921923E-01
1.2102962E-07,-1.4921923E-01
1.2107962E-07,-1.4916652E-01
1.2112962E-07,-1.4916652E-01
1.2117962E-07,-1.4916652E-01
1.2122962E-07,-1.4916652E-01
1.2127962E-07,-1.4916652E-01
1.2132962E-07,-1.4916652E-01
1.2137962E-07,-1.4916652E-01
1.2142962E-07,-1.4916652E-01
1.2147962E-07,-1.4916652E-01
1.2152962E-07,-1.4916652E-01
1.2157962E-07,-1.4916652E-01
1.2162962E-07,-1.4916652E-01
1.2167962E-07,-1.4916652E-01
1.2172962E-07,-1.4921923E-01
1.2177962E-07,-1.4921923E-01
1.2182962E-07,-1.4921923E-01
1.2187962E-07,-1.4921923E-01
1.2192962E-07,-1.4927194E-01
1.2197962E-07,-1.4927194E-01
1.2202962E-07,-1.4927194E-01
1.2207962E-07,-1.4927194E-01
1.2212962E-07,-1.4932464E-01
1.2217962E-07,-1.4932464E-01
1.2222962E-07,-1.4932464E-01
1.2227962E-07,-1.4932464E-01
1.2232962E-07,-1.4932464E-01
1.2237962E-07,-1.4932464E-01
1.2242962E-07,-1.4932464E-01
1.2247962E-07,-1.4932464E-01
1.2252962E-07,-1.4932464E-01
1.2257962E-07,-1.4932464E-01
1.2262962E-07,-1.4932464E-01
1.2267962E-07,-1.4927194E-01
1.2272962E-07,-1.4927194E-01
1.2277962E-07,-1.4927194E-01
1.2282962E-07,-1.4927194E-01
1.2287962E-07,-1.4927194E-01
1.2292962E-07,-1.4927194E-01
1.2297962E-07,-1.4927194E-01
1.2302962E-07,-1.4927194E-01
1.2307962E-07,-1.4927194E-01
1.2312962E-07,-1.4927194E-01
1.2317962E-07,-1.4927194E-01
1.2322962E-07,-1.4927194E-01
1.2327962E-07,-1.4927194E-01
1.2332962E-07,-1.4932464E-01
1.2337962E-07,-1.4932464E-01
1.2342962E-07,-1.4937735E-01
1.2347962E-07,-1.4943006E-01
1.2352962E-07,-1.4943006E-01
1.2357962E-07,-1.4948277E-01
1.2362962E-07,-1.4953548E-01
1.2367962E-07,-1.4958819E-01
1.2372962E-07,-1.4964090E-01
1.2377962E-07,-1.4969361E-01
1.2382962E-07,-1.4974632E-01
1.2387962E-07,-1.4979903E-01
1.2392962E-07,-1.4985173E-01
1.2397962E-07,-1.4990444E-01
1.2402962E-07,-1.4995715E-01
1.2407962E-07,-1.5000986E-01
1.2412962E-07,-1.5006257E-01
1.2417962E-07,-1.5011528E-01
1.2422962E-07,-1.5011528E-01
1.2427962E-07,-1.5016799E-01
1.2432962E-07,-1.5016799E-01
1.2437962E-07,-1.5022070E-01
1.2442962E-07,-1.5022070E-01
1.2447962E-07,-1.5022070E-01
1.2452962E-07,-1.5027341E-01
1.2457962E-07,-1.5027341E-01
1.2462962E-07,-1.5027341E-01
1.2467962E-07,-1.5022070E-01
1.2472962E-07,-1.5022070E-01
1.2477962E-07,-1.5022070E-01
1.2482962E-07,-1.5022070E-01
1.2487962E-07,-1.5016799E-01
1.2492962E-07,-1.5016799E-01
1.2497962E-07,-1.5011528E-01
1.2502962E-07,-1.5011528E-01
1.2507962E-07,-1.5006257E-01
1.2512962E-07,-1.5006257E-01
1.2517962E-07,-1.5000986E-01
1.2522962E-07,-1.4995715E-01
1.2527962E-07,-1.4995715E-01
1.2532962E-07,-1.4990444E-01
1.2537962E-07,-1.4990444E-01
1.2542962E-07,-1.4985173E-01
1.2547962E-07,-1.4985173E-01
1.2552962E-07,-1.4985173E-01
1.2557962E-07,-1.4979903E-01
1.2562962E-07,-1.4979903E-01
1.2567962E-07,-1.4979903E-01
1.2572962E-07,-1.4974632E-01
1.2577962E-07,-1.4974632E-01
1.2582962E-07,-1.4974632E-01
1.2587962E-07,-1.4974632E-01
1.2592962E-07,-1.4974632E-01
1.2597962E-07,-1.4974632E-01
1.2602962E-07,-1.4969361E-01
1.2607962E-07,-1.4969361E-01
1.2612962E-07,-1.4969361E-01
1.2617962E-07,-1.4969361E-01
1.2622962E-07,-1.4969361E-01
1.2627962E-07,-1.4964090E-01
1.2632962E-07,-1.4964090E-01
1.2637962E-07,-1.4964090E-01
1.2642962E-07,-1.4958819E-01
1.2647962E-07,-1.4958819E-01
1.2652962E-07,-1.4953548E-01
1.2657962E-07,-1.4948277E-01
1.2662962E-07,-1.4948277E-01
1.2667962E-07,-1.4943006E-01
1.2672962E-07,-1.4937735E-01
1.2677962E-07,-1.4937735E-01
1.2682962E-07,-1.4932464E-01
1.2687962E-07,-1.4927194E-01
1.2692962E-07,-1.4921923E-01
1.2697962E-07,-1.4916652E-01
1.2702962E-07,-1.4916652E-01
1.2707962E-07,-1.4911381E-01
1.2712962E-07,-1.4906110E-01
1.2717962E-07,-1.4906110E-01
1.2722962E-07,-1.4900839E-01
1.2727962E-07,-1.4900839E-01
1.2732962E-07,-1.4900839E-01
1.2737962E-07,-1.4895568E-01
1.2742962E-07,-1.4895568E-01
1.2747962E-07,-1.4895568E-01
1.2752962E-07,-1.4900839E-01
1.2757962E-07,-1.4900839E-01
1.2762962E-07,-1.4900839E-01
1.2767962E-07,-1.4906110E-01
1.2772962E-07,-1.4906110E-01
1.2777962E-07,-1.4911381E-01
1.2782962E-07,-1.4916652E-01
1.2787962E-07,-1.4921923E-01
1.2792962E-07,-1.4927194E-01
1.2797962E-07,-1.4932464E-01
1.2802962E-07,-1.4932464E-01
1.2807962E-07,-1.4937735E-01
1.2812962E-07,-1.4943006E-01
1.2817962E-07,-1.4948277E-01
1.2822962E-07,-1.4953548E-01
1.2827962E-07,-1.4958819E-01
1.2832962E-07,-1.4964090E-01
1.2837962E-07,-1.4969361E-01
1.2842962E-07,-1.4969361E-01
1.2847962E-07,-1.4974632E-01
1.2852962E-07,-1.4974632E-01
1.2857962E-07,-1.4979903E-01
1.2862962E-07,-1.4979903E-01
1.2867962E-07,-1.4979903E-01
