-7.141704E-08,-1.4932464E-01
-7.136704E-08,-1.4927194E-01
-7.131704E-08,-1.4921923E-01
-7.126704E-08,-1.4921923E-01
-7.121704E-08,-1.4916652E-01
-7.116704E-08,-1.4911381E-01
-7.111704E-08,-1.4911381E-01
-7.106704E-08,-1.4906110E-01
-7.101704E-08,-1.4906110E-01
-7.096704E-08,-1.4900839E-01
-7.091704E-08,-1.4900839E-01
-7.086704E-08,-1.4895568E-01
-7.081704E-08,-1.4895568E-01
-7.076704E-08,-1.4895568E-01
-7.071704E-08,-1.4895568E-01
-7.066704E-08,-1.4895568E-01
-7.061704E-08,-1.4895568E-01
-7.056704E-08,-1.4895568E-01
-7.051704E-08,-1.4895568E-01
-7.046704E-08,-1.4895568E-01
-7.041704E-08,-1.4895568E-01
-7.036704E-08,-1.4895568E-01
-7.031704E-08,-1.4900839E-01
-7.026704E-08,-1.4900839E-01
-7.021704E-08,-1.4900839E-01
-7.016704E-08,-1.4906110E-01
-7.011704E-08,-1.4906110E-01
-7.006704E-08,-1.4911381E-01
-7.001704E-08,-1.4911381E-01
-6.996704E-08,-1.4916652E-01
-6.991704E-08,-1.4916652E-01
-6.986704E-08,-1.4921923E-01
-6.981704E-08,-1.4921923E-01
-6.976704E-08,-1.4921923E-01
-6.971704E-08,-1.4927194E-01
-6.966704E-08,-1.4927194E-01
-6.961704E-08,-1.4927194E-01
-6.956704E-08,-1.4932464E-01
-6.951704E-08,-1.4932464E-01
-6.946704E-08,-1.4932464E-01
-6.941704E-08,-1.4932464E-01
-6.936704E-08,-1.4932464E-01
-6.931704E-08,-1.4932464E-01
-6.926704E-08,-1.4932464E-01
-6.921704E-08,-1.4927194E-01
-6.916704E-08,-1.4927194E-01
-6.911704E-08,-1.4927194E-01
-6.906704E-08,-1.4927194E-01
-6.901704E-08,-1.4921923E-01
-6.896704E-08,-1.4921923E-01
-6.891704E-08,-1.4916652E-01
-6.886704E-08,-1.4916652E-01
-6.881704E-08,-1.4911381E-01
-6.876704E-08,-1.4911381E-01
-6.871704E-08,-1.4911381E-01
-6.866704E-08,-1.4906110E-01
-6.861704E-08,-1.4906110E-01
-6.856704E-08,-1.4900839E-01
-6.851704E-08,-1.4900839E-01
-6.846704E-08,-1.4900839E-01
-6.841704E-08,-1.4895568E-01
-6.836704E-08,-1.4895568E-01
-6.831704E-08,-1.4895568E-01
-6.826704E-08,-1.4890297E-01
-6.821704E-08,-1.4890297E-01
-6.816704E-08,-1.4890297E-01
-6.811704E-08,-1.4890297E-01
-6.806704E-08,-1.4890297E-01
-6.801704E-08,-1.4890297E-01
-6.796704E-08,-1.4890297E-01
-6.791704E-08,-1.4890297E-01
-6.786704E-08,-1.4890297E-01
-6.781704E-08,-1.4890297E-01
-6.776704E-08,-1.4890297E-01
-6.771704E-08,-1.4890297E-01
-6.766704E-08,-1.4895568E-01
-6.761704E-08,-1.4895568E-01
-6.756704E-08,-1.4895568E-01
-6.751704E-08,-1.4895568E-01
-6.746704E-08,-1.4900839E-01
-6.741704E-08,-1.4900839E-01
-6.736704E-08,-1.4900839E-01
-6.731704E-08,-1.4900839E-01
-6.726704E-08,-1.4906110E-01
-6.721704E-08,-1.4906110E-01
-6.716704E-08,-1.4911381E-01
-6.711704E-08,-1.4911381E-01
-6.706704E-08,-1.4911381E-01
-6.701704E-08,-1.4916652E-01
-6.696704E-08,-1.4916652E-01
-6.691704E-08,-1.4921923E-01
-6.686704E-08,-1.4921923E-01
-6.681704E-08,-1.4927194E-01
-6.676704E-08,-1.4927194E-01
-6.671704E-08,-1.4927194E-01
-6.666704E-08,-1.4932464E-01
-6.661704E-08,-1.4932464E-01
-6.656704E-08,-1.4937735E-01
-6.651704E-08,-1.4937735E-01
-6.646704E-08,-1.4943006E-01
-6.641704E-08,-1.4943006E-01
-6.636704E-08,-1.4943006E-01
-6.631704E-08,-1.4948277E-01
-6.626704E-08,-1.4948277E-01
-6.621704E-08,-1.4948277E-01
-6.616704E-08,-1.4953548E-01
-6.611704E-08,-1.4953548E-01
-6.606704E-08,-1.4953548E-01
-6.601704E-08,-1.4953548E-01
-6.596704E-08,-1.4953548E-01
-6.591704E-08,-1.4953548E-01
-6.586704E-08,-1.4953548E-01
-6.581704E-08,-1.4953548E-01
-6.576704E-08,-1.4953548E-01
-6.571704E-08,-1.4953548E-01
-6.566704E-08,-1.4953548E-01
-6.561704E-08,-1.4953548E-01
-6.556704E-08,-1.4953548E-01
-6.551704E-08,-1.4948277E-01
-6.546704E-08,-1.4948277E-01
-6.541704E-08,-1.4948277E-01
-6.536704E-08,-1.4948277E-01
-6.531704E-08,-1.4943006E-01
-6.526704E-08,-1.4943006E-01
-6.521704E-08,-1.4943006E-01
-6.516704E-08,-1.4937735E-01
-6.511704E-08,-1.4937735E-01
-6.506704E-08,-1.4937735E-01
-6.501704E-08,-1.4932464E-01
-6.496704E-08,-1.4932464E-01
-6.491704E-08,-1.4932464E-01
-6.486704E-08,-1.4927194E-01
-6.481704E-08,-1.4927194E-01
-6.476704E-08,-1.4927194E-01
-6.471704E-08,-1.4927194E-01
-6.466704E-08,-1.4927194E-01
-6.461704E-08,-1.4921923E-01
-6.456704E-08,-1.4921923E-01
-6.451704E-08,-1.4921923E-01
-6.446704E-08,-1.4921923E-01
-6.441704E-08,-1.4921923E-01
-6.436704E-08,-1.4921923E-01
-6.431704E-08,-1.4921923E-01
-6.426704E-08,-1.4921923E-01
-6.421704E-08,-1.4921923E-01
-6.416704E-08,-1.4921923E-01
-6.411704E-08,-1.4921923E-01
-6.406704E-08,-1.4921923E-01
-6.401704E-08,-1.4921923E-01
-6.396704E-08,-1.4921923E-01
-6.391704E-08,-1.4916652E-01
-6.386704E-08,-1.4916652E-01
-6.381704E-08,-1.4916652E-01
-6.376704E-08,-1.4916652E-01
-6.371704E-08,-1.4911381E-01
-6.366704E-08,-1.4911381E-01
-6.361704E-08,-1.4911381E-01
-6.356704E-08,-1.4906110E-01
-6.351704E-08,-1.4906110E-01
-6.346704E-08,-1.4900839E-01
-6.341704E-08,-1.4895568E-01
-6.336704E-08,-1.4895568E-01
-6.331704E-08,-1.4890297E-01
-6.326704E-08,-1.4885026E-01
-6.321704E-08,-1.4885026E-01
-6.316704E-08,-1.4879755E-01
-6.311704E-08,-1.4874485E-01
-6.306704E-08,-1.4869214E-01
-6.301704E-08,-1.4869214E-01
-6.296704E-08,-1.4863943E-01
-6.291704E-08,-1.4858672E-01
-6.286704E-08,-1.4853401E-01
-6.281704E-08,-1.4853401E-01
-6.276704E-08,-1.4848130E-01
-6.271704E-08,-1.4848130E-01
-6.266704E-08,-1.4842859E-01
-6.261704E-08,-1.4842859E-01
-6.256704E-08,-1.4837588E-01
-6.251704E-08,-1.4837588E-01
-6.246704E-08,-1.4837588E-01
-6.241704E-08,-1.4837588E-01
-6.236704E-08,-1.4837588E-01
-6.231704E-08,-1.4837588E-01
-6.226704E-08,-1.4837588E-01
-6.221704E-08,-1.4837588E-01
-6.216704E-08,-1.4842859E-01
-6.211704E-08,-1.4842859E-01
-6.206704E-08,-1.4848130E-01
-6.201704E-08,-1.4848130E-01
-6.196704E-08,-1.4853401E-01
-6.191704E-08,-1.4858672E-01
-6.186704E-08,-1.4858672E-01
-6.181704E-08,-1.4863943E-01
-6.176704E-08,-1.4869214E-01
-6.171704E-08,-1.4874485E-01
-6.166704E-08,-1.4879755E-01
-6.161704E-08,-1.4885026E-01
-6.156704E-08,-1.4890297E-01
-6.151704E-08,-1.4890297E-01
-6.146704E-08,-1.4895568E-01
-6.141704E-08,-1.4900839E-01
-6.136704E-08,-1.4906110E-01
-6.131704E-08,-1.4906110E-01
-6.126704E-08,-1.4911381E-01
-6.121704E-08,-1.4916652E-01
-6.116704E-08,-1.4916652E-01
-6.111704E-08,-1.4921923E-01
-6.106704E-08,-1.4921923E-01
-6.101704E-08,-1.4921923E-01
-6.096704E-08,-1.4927194E-01
-6.091704E-08,-1.4927194E-01
-6.086704E-08,-1.4927194E-01
-6.081704E-08,-1.4927194E-01
-6.076704E-08,-1.4927194E-01
-6.071704E-08,-1.4927194E-01
-6.066704E-08,-1.4927194E-01
-6.061704E-08,-1.4927194E-01
-6.056704E-08,-1.4927194E-01
-6.051704E-08,-1.4927194E-01
-6.046704E-08,-1.4927194E-01
-6.041704E-08,-1.4921923E-01
-6.036704E-08,-1.4921923E-01
-6.031704E-08,-1.4921923E-01
-6.026704E-08,-1.4921923E-01
-6.021704E-08,-1.4921923E-01
-6.016704E-08,-1.4916652E-01
-6.011704E-08,-1.4916652E-01
-6.006704E-08,-1.4916652E-01
-6.001704E-08,-1.4916652E-01
-5.996704E-08,-1.4916652E-01
-5.991704E-08,-1.4916652E-01
-5.986704E-08,-1.4916652E-01
-5.981704E-08,-1.4916652E-01
-5.976704E-08,-1.4921923E-01
-5.971704E-08,-1.4921923E-01
-5.966704E-08,-1.4921923E-01
-5.961704E-08,-1.4921923E-01
-5.956704E-08,-1.4927194E-01
-5.951704E-08,-1.4927194E-01
-5.946704E-08,-1.4927194E-01
-5.941704E-08,-1.4932464E-01
-5.936704E-08,-1.4932464E-01
-5.931704E-08,-1.4932464E-01
-5.926704E-08,-1.4937735E-01
-5.921704E-08,-1.4937735E-01
-5.916704E-08,-1.4937735E-01
-5.911704E-08,-1.4943006E-01
-5.906704E-08,-1.4943006E-01
-5.901704E-08,-1.4943006E-01
-5.896704E-08,-1.4948277E-01
-5.891704E-08,-1.4948277E-01
-5.886704E-08,-1.4948277E-01
-5.881704E-08,-1.4948277E-01
-5.876704E-08,-1.4953548E-01
-5.871704E-08,-1.4953548E-01
-5.866704E-08,-1.4953548E-01
-5.861704E-08,-1.4953548E-01
-5.856704E-08,-1.4953548E-01
-5.851704E-08,-1.4953548E-01
-5.846704E-08,-1.4953548E-01
-5.841704E-08,-1.4953548E-01
-5.836704E-08,-1.4953548E-01
-5.831704E-08,-1.4953548E-01
-5.826704E-08,-1.4953548E-01
-5.821704E-08,-1.4953548E-01
-5.816704E-08,-1.4948277E-01
-5.811704E-08,-1.4948277E-01
-5.806704E-08,-1.4948277E-01
-5.801704E-08,-1.4948277E-01
-5.796704E-08,-1.4948277E-01
-5.791704E-08,-1.4948277E-01
-5.786704E-08,-1.4948277E-01
-5.781704E-08,-1.4948277E-01
-5.776704E-08,-1.4948277E-01
-5.771704E-08,-1.4948277E-01
-5.766704E-08,-1.4943006E-01
-5.761704E-08,-1.4943006E-01
-5.756704E-08,-1.4943006E-01
-5.751704E-08,-1.4943006E-01
-5.746704E-08,-1.4948277E-01
-5.741704E-08,-1.4948277E-01
-5.736704E-08,-1.4948277E-01
-5.731704E-08,-1.4948277E-01
-5.726704E-08,-1.4948277E-01
-5.721704E-08,-1.4948277E-01
-5.716704E-08,-1.4948277E-01
-5.711704E-08,-1.4948277E-01
-5.706704E-08,-1.4948277E-01
-5.701704E-08,-1.4948277E-01
-5.696704E-08,-1.4948277E-01
-5.691704E-08,-1.4948277E-01
-5.686704E-08,-1.4948277E-01
-5.681704E-08,-1.4943006E-01
-5.676704E-08,-1.4943006E-01
-5.671704E-08,-1.4943006E-01
-5.666704E-08,-1.4943006E-01
-5.661704E-08,-1.4943006E-01
-5.656704E-08,-1.4937735E-01
-5.651704E-08,-1.4937735E-01
-5.646704E-08,-1.4937735E-01
-5.641704E-08,-1.4937735E-01
-5.636704E-08,-1.4932464E-01
-5.631704E-08,-1.4932464E-01
-5.626704E-08,-1.4932464E-01
-5.621704E-08,-1.4927194E-01
-5.616704E-08,-1.4927194E-01
-5.611704E-08,-1.4927194E-01
-5.606704E-08,-1.4921923E-01
-5.601704E-08,-1.4921923E-01
-5.596704E-08,-1.4921923E-01
-5.591704E-08,-1.4921923E-01
-5.586704E-08,-1.4916652E-01
-5.581704E-08,-1.4916652E-01
-5.576704E-08,-1.4916652E-01
-5.571704E-08,-1.4916652E-01
-5.566704E-08,-1.4916652E-01
-5.561704E-08,-1.4916652E-01
-5.556704E-08,-1.4916652E-01
-5.551704E-08,-1.4916652E-01
-5.546704E-08,-1.4916652E-01
-5.541704E-08,-1.4916652E-01
-5.536704E-08,-1.4916652E-01
-5.531704E-08,-1.4916652E-01
-5.526704E-08,-1.4916652E-01
-5.521704E-08,-1.4916652E-01
-5.516704E-08,-1.4916652E-01
-5.511704E-08,-1.4916652E-01
-5.506704E-08,-1.4916652E-01
-5.501704E-08,-1.4916652E-01
-5.496704E-08,-1.4916652E-01
-5.491704E-08,-1.4916652E-01
-5.486704E-08,-1.4916652E-01
-5.481704E-08,-1.4916652E-01
-5.476704E-08,-1.4916652E-01
-5.471704E-08,-1.4916652E-01
-5.466704E-08,-1.4911381E-01
-5.461704E-08,-1.4911381E-01
-5.456704E-08,-1.4911381E-01
-5.451704E-08,-1.4906110E-01
-5.446704E-08,-1.4906110E-01
-5.441704E-08,-1.4900839E-01
-5.436704E-08,-1.4900839E-01
-5.431704E-08,-1.4895568E-01
-5.426704E-08,-1.4895568E-01
-5.421704E-08,-1.4890297E-01
-5.416704E-08,-1.4890297E-01
-5.411704E-08,-1.4885026E-01
-5.406704E-08,-1.4879755E-01
-5.401704E-08,-1.4879755E-01
-5.396704E-08,-1.4874485E-01
-5.391704E-08,-1.4869214E-01
-5.386704E-08,-1.4869214E-01
-5.381704E-08,-1.4863943E-01
-5.376704E-08,-1.4858672E-01
-5.371704E-08,-1.4858672E-01
-5.366704E-08,-1.4853401E-01
-5.361704E-08,-1.4848130E-01
-5.356704E-08,-1.4848130E-01
-5.351704E-08,-1.4842859E-01
-5.346704E-08,-1.4842859E-01
-5.341704E-08,-1.4837588E-01
-5.336704E-08,-1.4837588E-01
-5.331704E-08,-1.4837588E-01
-5.326704E-08,-1.4832317E-01
-5.321704E-08,-1.4832317E-01
-5.316704E-08,-1.4832317E-01
-5.311704E-08,-1.4827046E-01
-5.306704E-08,-1.4827046E-01
-5.301704E-08,-1.4827046E-01
-5.296704E-08,-1.4827046E-01
-5.291704E-08,-1.4821776E-01
-5.286704E-08,-1.4821776E-01
-5.281704E-08,-1.4821776E-01
-5.276704E-08,-1.4821776E-01
-5.271704E-08,-1.4821776E-01
-5.266704E-08,-1.4821776E-01
-5.261704E-08,-1.4821776E-01
-5.256704E-08,-1.4821776E-01
-5.251704E-08,-1.4821776E-01
-5.246704E-08,-1.4827046E-01
-5.241704E-08,-1.4827046E-01
-5.236704E-08,-1.4827046E-01
-5.231704E-08,-1.4827046E-01
-5.226704E-08,-1.4827046E-01
-5.221704E-08,-1.4832317E-01
-5.216704E-08,-1.4832317E-01
-5.211704E-08,-1.4832317E-01
-5.206704E-08,-1.4837588E-01
-5.201704E-08,-1.4837588E-01
-5.196704E-08,-1.4842859E-01
-5.191704E-08,-1.4842859E-01
-5.186704E-08,-1.4848130E-01
-5.181704E-08,-1.4853401E-01
-5.176704E-08,-1.4853401E-01
-5.171704E-08,-1.4858672E-01
-5.166704E-08,-1.4863943E-01
-5.161704E-08,-1.4863943E-01
-5.156704E-08,-1.4869214E-01
-5.151704E-08,-1.4874485E-01
-5.146704E-08,-1.4879755E-01
-5.141704E-08,-1.4879755E-01
-5.136704E-08,-1.4885026E-01
-5.131704E-08,-1.4890297E-01
-5.126704E-08,-1.4895568E-01
-5.121704E-08,-1.4895568E-01
-5.116704E-08,-1.4900839E-01
-5.111704E-08,-1.4906110E-01
-5.106704E-08,-1.4906110E-01
-5.101704E-08,-1.4911381E-01
-5.096704E-08,-1.4911381E-01
-5.091704E-08,-1.4916652E-01
-5.086704E-08,-1.4916652E-01
-5.081704E-08,-1.4921923E-01
-5.076704E-08,-1.4921923E-01
-5.071704E-08,-1.4921923E-01
-5.066704E-08,-1.4927194E-01
-5.061704E-08,-1.4927194E-01
-5.056704E-08,-1.4927194E-01
-5.051704E-08,-1.4927194E-01
-5.046704E-08,-1.4927194E-01
-5.041704E-08,-1.4927194E-01
-5.036704E-08,-1.4927194E-01
-5.031704E-08,-1.4927194E-01
-5.026704E-08,-1.4927194E-01
-5.021704E-08,-1.4927194E-01
-5.016704E-08,-1.4927194E-01
-5.011704E-08,-1.4921923E-01
-5.006704E-08,-1.4921923E-01
-5.001704E-08,-1.4921923E-01
-4.996704E-08,-1.4921923E-01
-4.991704E-08,-1.4921923E-01
-4.986704E-08,-1.4921923E-01
-4.981704E-08,-1.4921923E-01
-4.976704E-08,-1.4916652E-01
-4.971704E-08,-1.4916652E-01
-4.966704E-08,-1.4916652E-01
-4.961704E-08,-1.4916652E-01
-4.956704E-08,-1.4916652E-01
-4.951704E-08,-1.4916652E-01
-4.946704E-08,-1.4916652E-01
-4.941704E-08,-1.4911381E-01
-4.936704E-08,-1.4911381E-01
-4.931704E-08,-1.4911381E-01
-4.926704E-08,-1.4911381E-01
-4.921704E-08,-1.4911381E-01
-4.916704E-08,-1.4911381E-01
-4.911704E-08,-1.4911381E-01
-4.906704E-08,-1.4911381E-01
-4.901704E-08,-1.4911381E-01
-4.896704E-08,-1.4911381E-01
-4.891704E-08,-1.4911381E-01
-4.886704E-08,-1.4911381E-01
-4.881704E-08,-1.4911381E-01
-4.876704E-08,-1.4911381E-01
-4.871704E-08,-1.4906110E-01
-4.866704E-08,-1.4906110E-01
-4.861704E-08,-1.4906110E-01
-4.856704E-08,-1.4906110E-01
-4.851704E-08,-1.4906110E-01
-4.846704E-08,-1.4906110E-01
-4.841704E-08,-1.4911381E-01
-4.836704E-08,-1.4911381E-01
-4.831704E-08,-1.4911381E-01
-4.826704E-08,-1.4911381E-01
-4.821704E-08,-1.4911381E-01
-4.816704E-08,-1.4911381E-01
-4.811704E-08,-1.4911381E-01
-4.806704E-08,-1.4911381E-01
-4.801704E-08,-1.4911381E-01
-4.796704E-08,-1.4916652E-01
-4.791704E-08,-1.4916652E-01
-4.786704E-08,-1.4916652E-01
-4.781704E-08,-1.4916652E-01
-4.776704E-08,-1.4916652E-01
-4.771704E-08,-1.4916652E-01
-4.766704E-08,-1.4916652E-01
-4.761704E-08,-1.4916652E-01
-4.756704E-08,-1.4916652E-01
-4.751704E-08,-1.4916652E-01
-4.746704E-08,-1.4916652E-01
-4.741704E-08,-1.4916652E-01
-4.736704E-08,-1.4916652E-01
-4.731704E-08,-1.4916652E-01
-4.726704E-08,-1.4911381E-01
-4.721704E-08,-1.4911381E-01
-4.716704E-08,-1.4906110E-01
-4.711704E-08,-1.4906110E-01
-4.706704E-08,-1.4900839E-01
-4.701704E-08,-1.4895568E-01
-4.696704E-08,-1.4890297E-01
-4.691704E-08,-1.4885026E-01
-4.686704E-08,-1.4879755E-01
-4.681704E-08,-1.4874485E-01
-4.676704E-08,-1.4869214E-01
-4.671704E-08,-1.4863943E-01
-4.666704E-08,-1.4858672E-01
-4.661704E-08,-1.4853401E-01
-4.656704E-08,-1.4848130E-01
-4.651704E-08,-1.4842859E-01
-4.646704E-08,-1.4837588E-01
-4.641704E-08,-1.4832317E-01
-4.636704E-08,-1.4827046E-01
-4.631704E-08,-1.4821776E-01
-4.626704E-08,-1.4816505E-01
-4.621704E-08,-1.4816505E-01
-4.616704E-08,-1.4811234E-01
-4.611704E-08,-1.4811234E-01
-4.606704E-08,-1.4811234E-01
-4.601704E-08,-1.4811234E-01
-4.596704E-08,-1.4811234E-01
-4.591704E-08,-1.4811234E-01
-4.586704E-08,-1.4811234E-01
-4.581704E-08,-1.4816505E-01
-4.576704E-08,-1.4816505E-01
-4.571704E-08,-1.4821776E-01
-4.566704E-08,-1.4827046E-01
-4.561704E-08,-1.4832317E-01
-4.556704E-08,-1.4837588E-01
-4.551704E-08,-1.4842859E-01
-4.546704E-08,-1.4848130E-01
-4.541704E-08,-1.4853401E-01
-4.536704E-08,-1.4863943E-01
-4.531704E-08,-1.4869214E-01
-4.526704E-08,-1.4874485E-01
-4.521704E-08,-1.4879755E-01
-4.516704E-08,-1.4885026E-01
-4.511704E-08,-1.4890297E-01
-4.506704E-08,-1.4895568E-01
-4.501704E-08,-1.4900839E-01
-4.496704E-08,-1.4906110E-01
-4.491704E-08,-1.4906110E-01
-4.486704E-08,-1.4911381E-01
-4.481704E-08,-1.4911381E-01
-4.476704E-08,-1.4911381E-01
-4.471704E-08,-1.4911381E-01
-4.466704E-08,-1.4911381E-01
-4.461704E-08,-1.4911381E-01
-4.456704E-08,-1.4911381E-01
-4.451704E-08,-1.4906110E-01
-4.446704E-08,-1.4906110E-01
-4.441704E-08,-1.4900839E-01
-4.436704E-08,-1.4895568E-01
-4.431704E-08,-1.4890297E-01
-4.426704E-08,-1.4885026E-01
-4.421704E-08,-1.4879755E-01
-4.416704E-08,-1.4874485E-01
-4.411704E-08,-1.4869214E-01
-4.406704E-08,-1.4863943E-01
-4.401704E-08,-1.4858672E-01
-4.396704E-08,-1.4853401E-01
-4.391704E-08,-1.4848130E-01
-4.386704E-08,-1.4842859E-01
-4.381704E-08,-1.4837588E-01
-4.376704E-08,-1.4832317E-01
-4.371704E-08,-1.4832317E-01
-4.366704E-08,-1.4827046E-01
-4.361704E-08,-1.4827046E-01
-4.356704E-08,-1.4821776E-01
-4.351704E-08,-1.4821776E-01
-4.346704E-08,-1.4821776E-01
-4.341704E-08,-1.4821776E-01
-4.336704E-08,-1.4821776E-01
-4.331704E-08,-1.4827046E-01
-4.326704E-08,-1.4827046E-01
-4.321704E-08,-1.4832317E-01
-4.316704E-08,-1.4837588E-01
-4.311704E-08,-1.4837588E-01
-4.306704E-08,-1.4842859E-01
-4.301704E-08,-1.4848130E-01
-4.296704E-08,-1.4853401E-01
-4.291704E-08,-1.4863943E-01
-4.286704E-08,-1.4869214E-01
-4.281704E-08,-1.4874485E-01
-4.276704E-08,-1.4879755E-01
-4.271704E-08,-1.4885026E-01
-4.266704E-08,-1.4890297E-01
-4.261704E-08,-1.4895568E-01
-4.256704E-08,-1.4900839E-01
-4.251704E-08,-1.4906110E-01
-4.246704E-08,-1.4911381E-01
-4.241704E-08,-1.4916652E-01
-4.236704E-08,-1.4921923E-01
-4.231704E-08,-1.4921923E-01
-4.226704E-08,-1.4927194E-01
-4.221704E-08,-1.4932464E-01
-4.216704E-08,-1.4932464E-01
-4.211704E-08,-1.4932464E-01
-4.206704E-08,-1.4937735E-01
-4.201704E-08,-1.4937735E-01
-4.196704E-08,-1.4937735E-01
-4.191704E-08,-1.4937735E-01
-4.186704E-08,-1.4937735E-01
-4.181704E-08,-1.4932464E-01
-4.176704E-08,-1.4932464E-01
-4.171704E-08,-1.4932464E-01
-4.166704E-08,-1.4927194E-01
-4.161704E-08,-1.4927194E-01
-4.156704E-08,-1.4921923E-01
-4.151704E-08,-1.4921923E-01
-4.146704E-08,-1.4916652E-01
-4.141704E-08,-1.4916652E-01
-4.136704E-08,-1.4911381E-01
-4.131704E-08,-1.4911381E-01
-4.126704E-08,-1.4906110E-01
-4.121704E-08,-1.4906110E-01
-4.116704E-08,-1.4900839E-01
-4.111704E-08,-1.4900839E-01
-4.106704E-08,-1.4895568E-01
-4.101704E-08,-1.4895568E-01
-4.096704E-08,-1.4890297E-01
-4.091704E-08,-1.4890297E-01
-4.086704E-08,-1.4885026E-01
-4.081704E-08,-1.4885026E-01
-4.076704E-08,-1.4885026E-01
-4.071704E-08,-1.4885026E-01
-4.066704E-08,-1.4885026E-01
-4.061704E-08,-1.4879755E-01
-4.056704E-08,-1.4879755E-01
-4.051704E-08,-1.4879755E-01
-4.046704E-08,-1.4879755E-01
-4.041704E-08,-1.4885026E-01
-4.036704E-08,-1.4885026E-01
-4.031704E-08,-1.4885026E-01
-4.026704E-08,-1.4885026E-01
-4.021704E-08,-1.4885026E-01
-4.016704E-08,-1.4885026E-01
-4.011704E-08,-1.4890297E-01
-4.006704E-08,-1.4890297E-01
-4.001704E-08,-1.4890297E-01
-3.996704E-08,-1.4890297E-01
-3.991704E-08,-1.4895568E-01
-3.986704E-08,-1.4895568E-01
-3.981704E-08,-1.4895568E-01
-3.976704E-08,-1.4895568E-01
-3.971704E-08,-1.4895568E-01
-3.966704E-08,-1.4895568E-01
-3.961704E-08,-1.4895568E-01
-3.956704E-08,-1.4895568E-01
-3.951704E-08,-1.4895568E-01
-3.946704E-08,-1.4895568E-01
-3.941704E-08,-1.4895568E-01
-3.936704E-08,-1.4895568E-01
-3.931704E-08,-1.4895568E-01
-3.926704E-08,-1.4890297E-01
-3.921704E-08,-1.4890297E-01
-3.916704E-08,-1.4890297E-01
-3.911704E-08,-1.4885026E-01
-3.906704E-08,-1.4885026E-01
-3.901704E-08,-1.4885026E-01
-3.896704E-08,-1.4885026E-01
-3.891704E-08,-1.4879755E-01
-3.886704E-08,-1.4879755E-01
-3.881704E-08,-1.4879755E-01
-3.876704E-08,-1.4879755E-01
-3.871704E-08,-1.4874485E-01
-3.866704E-08,-1.4874485E-01
-3.861704E-08,-1.4874485E-01
-3.856704E-08,-1.4874485E-01
-3.851704E-08,-1.4874485E-01
-3.846704E-08,-1.4874485E-01
-3.841704E-08,-1.4879755E-01
-3.836704E-08,-1.4879755E-01
-3.831704E-08,-1.4879755E-01
-3.826704E-08,-1.4885026E-01
-3.821704E-08,-1.4885026E-01
-3.816704E-08,-1.4890297E-01
-3.811704E-08,-1.4890297E-01
-3.806704E-08,-1.4895568E-01
-3.801704E-08,-1.4900839E-01
-3.796704E-08,-1.4900839E-01
-3.791704E-08,-1.4906110E-01
-3.786704E-08,-1.4911381E-01
-3.781704E-08,-1.4916652E-01
-3.776704E-08,-1.4916652E-01
-3.771704E-08,-1.4921923E-01
-3.766704E-08,-1.4927194E-01
-3.761704E-08,-1.4927194E-01
-3.756704E-08,-1.4932464E-01
-3.751704E-08,-1.4932464E-01
-3.746704E-08,-1.4937735E-01
-3.741704E-08,-1.4937735E-01
-3.736704E-08,-1.4937735E-01
-3.731704E-08,-1.4937735E-01
-3.726704E-08,-1.4937735E-01
-3.721704E-08,-1.4937735E-01
-3.716704E-08,-1.4937735E-01
-3.711704E-08,-1.4932464E-01
-3.706704E-08,-1.4932464E-01
-3.701704E-08,-1.4927194E-01
-3.696704E-08,-1.4927194E-01
-3.691704E-08,-1.4921923E-01
-3.686704E-08,-1.4916652E-01
-3.681704E-08,-1.4911381E-01
-3.676704E-08,-1.4906110E-01
-3.671704E-08,-1.4906110E-01
-3.666704E-08,-1.4900839E-01
-3.661704E-08,-1.4895568E-01
-3.656704E-08,-1.4890297E-01
-3.651704E-08,-1.4885026E-01
-3.646704E-08,-1.4885026E-01
-3.641704E-08,-1.4879755E-01
-3.636704E-08,-1.4874485E-01
-3.631704E-08,-1.4874485E-01
-3.626704E-08,-1.4874485E-01
-3.621704E-08,-1.4869214E-01
-3.616704E-08,-1.4869214E-01
-3.611704E-08,-1.4869214E-01
-3.606704E-08,-1.4874485E-01
-3.601704E-08,-1.4874485E-01
-3.596704E-08,-1.4874485E-01
-3.591704E-08,-1.4879755E-01
-3.586704E-08,-1.4885026E-01
-3.581704E-08,-1.4885026E-01
-3.576704E-08,-1.4890297E-01
-3.571704E-08,-1.4895568E-01
-3.566704E-08,-1.4900839E-01
-3.561704E-08,-1.4906110E-01
-3.556704E-08,-1.4916652E-01
-3.551704E-08,-1.4921923E-01
-3.546704E-08,-1.4927194E-01
-3.541704E-08,-1.4932464E-01
-3.536704E-08,-1.4937735E-01
-3.531704E-08,-1.4943006E-01
-3.526704E-08,-1.4953548E-01
-3.521704E-08,-1.4958819E-01
-3.516704E-08,-1.4958819E-01
-3.511704E-08,-1.4964090E-01
-3.506704E-08,-1.4969361E-01
-3.501704E-08,-1.4974632E-01
-3.496704E-08,-1.4974632E-01
-3.491704E-08,-1.4979903E-01
-3.486704E-08,-1.4979903E-01
-3.481704E-08,-1.4979903E-01
-3.476704E-08,-1.4979903E-01
-3.471704E-08,-1.4979903E-01
-3.466704E-08,-1.4979903E-01
-3.461704E-08,-1.4979903E-01
-3.456704E-08,-1.4979903E-01
-3.451704E-08,-1.4979903E-01
-3.446704E-08,-1.4974632E-01
-3.441704E-08,-1.4974632E-01
-3.436704E-08,-1.4969361E-01
-3.431704E-08,-1.4969361E-01
-3.426704E-08,-1.4969361E-01
-3.421704E-08,-1.4964090E-01
-3.416704E-08,-1.4964090E-01
-3.411704E-08,-1.4964090E-01
-3.406704E-08,-1.4958819E-01
-3.401704E-08,-1.4958819E-01
-3.396704E-08,-1.4958819E-01
-3.391704E-08,-1.4958819E-01
-3.386704E-08,-1.4953548E-01
-3.381704E-08,-1.4953548E-01
-3.376704E-08,-1.4953548E-01
-3.371704E-08,-1.4953548E-01
-3.366704E-08,-1.4958819E-01
-3.361704E-08,-1.4958819E-01
-3.356704E-08,-1.4958819E-01
-3.351704E-08,-1.4958819E-01
-3.346704E-08,-1.4958819E-01
-3.341704E-08,-1.4958819E-01
-3.336704E-08,-1.4958819E-01
-3.331704E-08,-1.4958819E-01
-3.326704E-08,-1.4958819E-01
-3.321704E-08,-1.4958819E-01
-3.316704E-08,-1.4958819E-01
-3.311704E-08,-1.4958819E-01
-3.306704E-08,-1.4958819E-01
-3.301704E-08,-1.4958819E-01
-3.296704E-08,-1.4953548E-01
-3.291704E-08,-1.4953548E-01
-3.286704E-08,-1.4948277E-01
-3.281704E-08,-1.4948277E-01
-3.276704E-08,-1.4943006E-01
-3.271704E-08,-1.4937735E-01
-3.266704E-08,-1.4932464E-01
-3.261704E-08,-1.4927194E-01
-3.256704E-08,-1.4921923E-01
-3.251704E-08,-1.4916652E-01
-3.246704E-08,-1.4911381E-01
-3.241704E-08,-1.4906110E-01
-3.236704E-08,-1.4900839E-01
-3.231704E-08,-1.4895568E-01
-3.226704E-08,-1.4895568E-01
-3.221704E-08,-1.4890297E-01
-3.216704E-08,-1.4885026E-01
-3.211704E-08,-1.4879755E-01
-3.206704E-08,-1.4874485E-01
-3.201704E-08,-1.4874485E-01
-3.196704E-08,-1.4869214E-01
-3.191704E-08,-1.4869214E-01
-3.186704E-08,-1.4869214E-01
-3.181704E-08,-1.4863943E-01
-3.176704E-08,-1.4863943E-01
-3.171704E-08,-1.4863943E-01
-3.166704E-08,-1.4863943E-01
-3.161704E-08,-1.4869214E-01
-3.156704E-08,-1.4869214E-01
-3.151704E-08,-1.4869214E-01
-3.146704E-08,-1.4874485E-01
-3.141704E-08,-1.4874485E-01
-3.136704E-08,-1.4879755E-01
-3.131704E-08,-1.4879755E-01
-3.126704E-08,-1.4885026E-01
-3.121704E-08,-1.4885026E-01
-3.116704E-08,-1.4890297E-01
-3.111704E-08,-1.4890297E-01
-3.106704E-08,-1.4895568E-01
-3.101704E-08,-1.4895568E-01
-3.096704E-08,-1.4895568E-01
-3.091704E-08,-1.4900839E-01
-3.086704E-08,-1.4900839E-01
-3.081704E-08,-1.4900839E-01
-3.076704E-08,-1.4900839E-01
-3.071704E-08,-1.4900839E-01
-3.066704E-08,-1.4900839E-01
-3.061704E-08,-1.4900839E-01
-3.056704E-08,-1.4900839E-01
-3.051704E-08,-1.4900839E-01
-3.046704E-08,-1.4895568E-01
-3.041704E-08,-1.4895568E-01
-3.036704E-08,-1.4895568E-01
-3.031704E-08,-1.4895568E-01
-3.026704E-08,-1.4890297E-01
-3.021704E-08,-1.4890297E-01
-3.016704E-08,-1.4890297E-01
-3.011704E-08,-1.4890297E-01
-3.006704E-08,-1.4890297E-01
-3.001704E-08,-1.4890297E-01
-2.996704E-08,-1.4890297E-01
-2.991704E-08,-1.4890297E-01
-2.986704E-08,-1.4890297E-01
-2.981704E-08,-1.4895568E-01
-2.976704E-08,-1.4895568E-01
-2.971704E-08,-1.4900839E-01
-2.966704E-08,-1.4906110E-01
-2.961704E-08,-1.4906110E-01
-2.956704E-08,-1.4911381E-01
-2.951704E-08,-1.4916652E-01
-2.946704E-08,-1.4921923E-01
-2.941704E-08,-1.4927194E-01
-2.936704E-08,-1.4932464E-01
-2.931704E-08,-1.4937735E-01
-2.926704E-08,-1.4943006E-01
-2.921704E-08,-1.4948277E-01
-2.916704E-08,-1.4953548E-01
-2.911704E-08,-1.4958819E-01
-2.906704E-08,-1.4964090E-01
-2.901704E-08,-1.4969361E-01
-2.896704E-08,-1.4969361E-01
-2.891704E-08,-1.4974632E-01
-2.886704E-08,-1.4979903E-01
-2.881704E-08,-1.4979903E-01
-2.876704E-08,-1.4979903E-01
-2.871704E-08,-1.4985173E-01
-2.866704E-08,-1.4985173E-01
-2.861704E-08,-1.4985173E-01
-2.856704E-08,-1.4985173E-01
-2.851704E-08,-1.4979903E-01
-2.846704E-08,-1.4979903E-01
-2.841704E-08,-1.4979903E-01
-2.836704E-08,-1.4974632E-01
-2.831704E-08,-1.4969361E-01
-2.826704E-08,-1.4969361E-01
-2.821704E-08,-1.4964090E-01
-2.816704E-08,-1.4958819E-01
-2.811704E-08,-1.4958819E-01
-2.806704E-08,-1.4953548E-01
-2.801704E-08,-1.4948277E-01
-2.796704E-08,-1.4943006E-01
-2.791704E-08,-1.4943006E-01
-2.786704E-08,-1.4937735E-01
-2.781704E-08,-1.4937735E-01
-2.776704E-08,-1.4932464E-01
-2.771704E-08,-1.4932464E-01
-2.766704E-08,-1.4927194E-01
-2.761704E-08,-1.4927194E-01
-2.756704E-08,-1.4927194E-01
-2.751704E-08,-1.4927194E-01
-2.746704E-08,-1.4927194E-01
-2.741704E-08,-1.4927194E-01
-2.736704E-08,-1.4927194E-01
-2.731704E-08,-1.4932464E-01
-2.726704E-08,-1.4932464E-01
-2.721704E-08,-1.4932464E-01
-2.716704E-08,-1.4937735E-01
-2.711704E-08,-1.4937735E-01
-2.706704E-08,-1.4943006E-01
-2.701704E-08,-1.4943006E-01
-2.696704E-08,-1.4948277E-01
-2.691704E-08,-1.4948277E-01
-2.686704E-08,-1.4953548E-01
-2.681704E-08,-1.4953548E-01
-2.676704E-08,-1.4958819E-01
-2.671704E-08,-1.4958819E-01
-2.666704E-08,-1.4958819E-01
-2.661704E-08,-1.4958819E-01
-2.656704E-08,-1.4958819E-01
-2.651704E-08,-1.4958819E-01
-2.646704E-08,-1.4958819E-01
-2.641704E-08,-1.4958819E-01
-2.636704E-08,-1.4958819E-01
-2.631704E-08,-1.4958819E-01
-2.626704E-08,-1.4953548E-01
-2.621704E-08,-1.4953548E-01
-2.616704E-08,-1.4948277E-01
-2.611704E-08,-1.4948277E-01
-2.606704E-08,-1.4943006E-01
-2.601704E-08,-1.4943006E-01
-2.596704E-08,-1.4937735E-01
-2.591704E-08,-1.4932464E-01
-2.586704E-08,-1.4932464E-01
-2.581704E-08,-1.4927194E-01
-2.576704E-08,-1.4927194E-01
-2.571704E-08,-1.4921923E-01
-2.566704E-08,-1.4921923E-01
-2.561704E-08,-1.4916652E-01
-2.556704E-08,-1.4916652E-01
-2.551704E-08,-1.4911381E-01
-2.546704E-08,-1.4911381E-01
-2.541704E-08,-1.4911381E-01
-2.536704E-08,-1.4911381E-01
-2.531704E-08,-1.4911381E-01
-2.526704E-08,-1.4911381E-01
-2.521704E-08,-1.4911381E-01
-2.516704E-08,-1.4911381E-01
-2.511704E-08,-1.4916652E-01
-2.506704E-08,-1.4916652E-01
-2.501704E-08,-1.4916652E-01
-2.496704E-08,-1.4921923E-01
-2.491704E-08,-1.4927194E-01
-2.486704E-08,-1.4927194E-01
-2.481704E-08,-1.4932464E-01
-2.476704E-08,-1.4932464E-01
-2.471704E-08,-1.4937735E-01
-2.466704E-08,-1.4943006E-01
-2.461704E-08,-1.4948277E-01
-2.456704E-08,-1.4948277E-01
-2.451704E-08,-1.4953548E-01
-2.446704E-08,-1.4953548E-01
-2.441704E-08,-1.4958819E-01
-2.436704E-08,-1.4964090E-01
-2.431704E-08,-1.4964090E-01
-2.426704E-08,-1.4969361E-01
-2.421704E-08,-1.4969361E-01
-2.416704E-08,-1.4969361E-01
-2.411704E-08,-1.4974632E-01
-2.406704E-08,-1.4974632E-01
-2.401704E-08,-1.4974632E-01
-2.396704E-08,-1.4974632E-01
-2.391704E-08,-1.4974632E-01
-2.386704E-08,-1.4974632E-01
-2.381704E-08,-1.4974632E-01
-2.376704E-08,-1.4974632E-01
-2.371704E-08,-1.4974632E-01
-2.366704E-08,-1.4969361E-01
-2.361704E-08,-1.4969361E-01
-2.356704E-08,-1.4969361E-01
-2.351704E-08,-1.4969361E-01
-2.346704E-08,-1.4964090E-01
-2.341704E-08,-1.4964090E-01
-2.336704E-08,-1.4964090E-01
-2.331704E-08,-1.4958819E-01
-2.326704E-08,-1.4958819E-01
-2.321704E-08,-1.4958819E-01
-2.316704E-08,-1.4958819E-01
-2.311704E-08,-1.4953548E-01
-2.306704E-08,-1.4953548E-01
-2.301704E-08,-1.4953548E-01
-2.296704E-08,-1.4953548E-01
-2.291704E-08,-1.4953548E-01
-2.286704E-08,-1.4953548E-01
-2.281704E-08,-1.4953548E-01
-2.276704E-08,-1.4953548E-01
-2.271704E-08,-1.4953548E-01
-2.266704E-08,-1.4953548E-01
-2.261704E-08,-1.4953548E-01
-2.256704E-08,-1.4953548E-01
-2.251704E-08,-1.4953548E-01
-2.246704E-08,-1.4953548E-01
-2.241704E-08,-1.4953548E-01
-2.236704E-08,-1.4953548E-01
-2.231704E-08,-1.4953548E-01
-2.226704E-08,-1.4953548E-01
-2.221704E-08,-1.4953548E-01
-2.216704E-08,-1.4953548E-01
-2.211704E-08,-1.4953548E-01
-2.206704E-08,-1.4953548E-01
-2.201704E-08,-1.4953548E-01
-2.196704E-08,-1.4953548E-01
-2.191704E-08,-1.4953548E-01
-2.186704E-08,-1.4953548E-01
-2.181704E-08,-1.4953548E-01
-2.176704E-08,-1.4948277E-01
-2.171704E-08,-1.4948277E-01
-2.166704E-08,-1.4948277E-01
-2.161704E-08,-1.4943006E-01
-2.156704E-08,-1.4943006E-01
-2.151704E-08,-1.4943006E-01
-2.146704E-08,-1.4937735E-01
-2.141704E-08,-1.4937735E-01
-2.136704E-08,-1.4932464E-01
-2.131704E-08,-1.4932464E-01
-2.126704E-08,-1.4927194E-01
-2.121704E-08,-1.4927194E-01
-2.116704E-08,-1.4921923E-01
-2.111704E-08,-1.4921923E-01
-2.106704E-08,-1.4916652E-01
-2.101704E-08,-1.4916652E-01
-2.096704E-08,-1.4911381E-01
-2.091704E-08,-1.4911381E-01
-2.086704E-08,-1.4911381E-01
-2.081704E-08,-1.4911381E-01
-2.076704E-08,-1.4911381E-01
-2.071704E-08,-1.4911381E-01
-2.066704E-08,-1.4911381E-01
-2.061704E-08,-1.4911381E-01
-2.056704E-08,-1.4911381E-01
-2.051704E-08,-1.4911381E-01
-2.046704E-08,-1.4916652E-01
-2.041704E-08,-1.4916652E-01
-2.036704E-08,-1.4921923E-01
-2.031704E-08,-1.4927194E-01
-2.026704E-08,-1.4932464E-01
-2.021704E-08,-1.4937735E-01
-2.016704E-08,-1.4937735E-01
-2.011704E-08,-1.4943006E-01
-2.006704E-08,-1.4948277E-01
-2.001704E-08,-1.4958819E-01
-1.996704E-08,-1.4964090E-01
-1.991704E-08,-1.4969361E-01
-1.986704E-08,-1.4974632E-01
-1.981704E-08,-1.4979903E-01
-1.976704E-08,-1.4985173E-01
-1.971704E-08,-1.4990444E-01
-1.966704E-08,-1.4990444E-01
-1.961704E-08,-1.4995715E-01
-1.956704E-08,-1.5000986E-01
-1.951704E-08,-1.5000986E-01
-1.946704E-08,-1.5006257E-01
-1.941704E-08,-1.5006257E-01
-1.936704E-08,-1.5011528E-01
-1.931704E-08,-1.5011528E-01
-1.926704E-08,-1.5011528E-01
-1.921704E-08,-1.5011528E-01
-1.916704E-08,-1.5006257E-01
-1.911704E-08,-1.5006257E-01
-1.906704E-08,-1.5006257E-01
-1.901704E-08,-1.5000986E-01
-1.896704E-08,-1.4995715E-01
-1.891704E-08,-1.4995715E-01
-1.886704E-08,-1.4990444E-01
-1.881704E-08,-1.4985173E-01
-1.876704E-08,-1.4979903E-01
-1.871704E-08,-1.4974632E-01
-1.866704E-08,-1.4969361E-01
-1.861704E-08,-1.4964090E-01
-1.856704E-08,-1.4958819E-01
-1.851704E-08,-1.4953548E-01
-1.846704E-08,-1.4948277E-01
-1.841704E-08,-1.4948277E-01
-1.836704E-08,-1.4943006E-01
-1.831704E-08,-1.4937735E-01
-1.826704E-08,-1.4937735E-01
-1.821704E-08,-1.4932464E-01
-1.816704E-08,-1.4932464E-01
-1.811704E-08,-1.4932464E-01
-1.806704E-08,-1.4927194E-01
-1.801704E-08,-1.4927194E-01
-1.796704E-08,-1.4927194E-01
-1.791704E-08,-1.4927194E-01
-1.786704E-08,-1.4932464E-01
-1.781704E-08,-1.4932464E-01
-1.776704E-08,-1.4937735E-01
-1.771704E-08,-1.4937735E-01
-1.766704E-08,-1.4943006E-01
-1.761704E-08,-1.4943006E-01
-1.756704E-08,-1.4948277E-01
-1.751704E-08,-1.4953548E-01
-1.746704E-08,-1.4953548E-01
-1.741704E-08,-1.4958819E-01
-1.736704E-08,-1.4964090E-01
-1.731704E-08,-1.4969361E-01
-1.726704E-08,-1.4974632E-01
-1.721704E-08,-1.4974632E-01
-1.716704E-08,-1.4979903E-01
-1.711704E-08,-1.4985173E-01
-1.706704E-08,-1.4985173E-01
-1.701704E-08,-1.4990444E-01
-1.696704E-08,-1.4990444E-01
-1.691704E-08,-1.4990444E-01
-1.686704E-08,-1.4995715E-01
-1.681704E-08,-1.4995715E-01
-1.676704E-08,-1.4995715E-01
-1.671704E-08,-1.4995715E-01
-1.666704E-08,-1.4995715E-01
-1.661704E-08,-1.4995715E-01
-1.656704E-08,-1.4995715E-01
-1.651704E-08,-1.4990444E-01
-1.646704E-08,-1.4990444E-01
-1.641704E-08,-1.4990444E-01
-1.636704E-08,-1.4985173E-01
-1.631704E-08,-1.4985173E-01
-1.626704E-08,-1.4985173E-01
-1.621704E-08,-1.4979903E-01
-1.616704E-08,-1.4979903E-01
-1.611704E-08,-1.4974632E-01
-1.606704E-08,-1.4974632E-01
-1.601704E-08,-1.4974632E-01
-1.596704E-08,-1.4969361E-01
-1.591704E-08,-1.4969361E-01
-1.586704E-08,-1.4964090E-01
-1.581704E-08,-1.4964090E-01
-1.576704E-08,-1.4964090E-01
-1.571704E-08,-1.4958819E-01
-1.566704E-08,-1.4958819E-01
-1.561704E-08,-1.4953548E-01
-1.556704E-08,-1.4953548E-01
-1.551704E-08,-1.4953548E-01
-1.546704E-08,-1.4948277E-01
-1.541704E-08,-1.4948277E-01
-1.536704E-08,-1.4948277E-01
-1.531704E-08,-1.4943006E-01
-1.526704E-08,-1.4943006E-01
-1.521704E-08,-1.4943006E-01
-1.516704E-08,-1.4937735E-01
-1.511704E-08,-1.4937735E-01
-1.506704E-08,-1.4937735E-01
-1.501704E-08,-1.4932464E-01
-1.496704E-08,-1.4932464E-01
-1.491704E-08,-1.4927194E-01
-1.486704E-08,-1.4927194E-01
-1.481704E-08,-1.4927194E-01
-1.476704E-08,-1.4921923E-01
-1.471704E-08,-1.4921923E-01
-1.466704E-08,-1.4921923E-01
-1.461704E-08,-1.4916652E-01
-1.456704E-08,-1.4916652E-01
-1.451704E-08,-1.4916652E-01
-1.446704E-08,-1.4911381E-01
-1.441704E-08,-1.4911381E-01
-1.436704E-08,-1.4911381E-01
-1.431704E-08,-1.4911381E-01
-1.426704E-08,-1.4911381E-01
-1.421704E-08,-1.4911381E-01
-1.416704E-08,-1.4911381E-01
-1.411704E-08,-1.4911381E-01
-1.406704E-08,-1.4911381E-01
-1.401704E-08,-1.4911381E-01
-1.396704E-08,-1.4916652E-01
-1.391704E-08,-1.4916652E-01
-1.386704E-08,-1.4916652E-01
-1.381704E-08,-1.4921923E-01
-1.376704E-08,-1.4921923E-01
-1.371704E-08,-1.4921923E-01
-1.366704E-08,-1.4927194E-01
-1.361704E-08,-1.4927194E-01
-1.356704E-08,-1.4932464E-01
-1.351704E-08,-1.4932464E-01
-1.346704E-08,-1.4937735E-01
-1.341704E-08,-1.4937735E-01
-1.336704E-08,-1.4937735E-01
-1.331704E-08,-1.4943006E-01
-1.326704E-08,-1.4943006E-01
-1.321704E-08,-1.4943006E-01
-1.316704E-08,-1.4943006E-01
-1.311704E-08,-1.4943006E-01
-1.306704E-08,-1.4943006E-01
-1.301704E-08,-1.4943006E-01
-1.296704E-08,-1.4937735E-01
-1.291704E-08,-1.4937735E-01
-1.286704E-08,-1.4932464E-01
-1.281704E-08,-1.4932464E-01
-1.276704E-08,-1.4927194E-01
-1.271704E-08,-1.4927194E-01
-1.266704E-08,-1.4921923E-01
-1.261704E-08,-1.4916652E-01
-1.256704E-08,-1.4911381E-01
-1.251704E-08,-1.4906110E-01
-1.246704E-08,-1.4900839E-01
-1.241704E-08,-1.4895568E-01
-1.236704E-08,-1.4890297E-01
-1.231704E-08,-1.4890297E-01
-1.226704E-08,-1.4885026E-01
-1.221704E-08,-1.4879755E-01
-1.216704E-08,-1.4874485E-01
-1.211704E-08,-1.4869214E-01
-1.206704E-08,-1.4863943E-01
-1.201704E-08,-1.4863943E-01
-1.196704E-08,-1.4858672E-01
-1.191704E-08,-1.4853401E-01
-1.186704E-08,-1.4853401E-01
-1.181704E-08,-1.4853401E-01
-1.176704E-08,-1.4848130E-01
-1.171704E-08,-1.4848130E-01
-1.166704E-08,-1.4848130E-01
-1.161704E-08,-1.4848130E-01
-1.156704E-08,-1.4848130E-01
-1.151704E-08,-1.4848130E-01
-1.146704E-08,-1.4848130E-01
-1.141704E-08,-1.4848130E-01
-1.136704E-08,-1.4848130E-01
-1.131704E-08,-1.4853401E-01
-1.126704E-08,-1.4853401E-01
-1.121704E-08,-1.4853401E-01
-1.116704E-08,-1.4858672E-01
-1.111704E-08,-1.4858672E-01
-1.106704E-08,-1.4858672E-01
-1.101704E-08,-1.4858672E-01
-1.096704E-08,-1.4863943E-01
-1.091704E-08,-1.4863943E-01
-1.086704E-08,-1.4863943E-01
-1.081704E-08,-1.4863943E-01
-1.076704E-08,-1.4863943E-01
-1.071704E-08,-1.4869214E-01
-1.066704E-08,-1.4869214E-01
-1.061704E-08,-1.4869214E-01
-1.056704E-08,-1.4869214E-01
-1.051704E-08,-1.4863943E-01
-1.046704E-08,-1.4863943E-01
-1.041704E-08,-1.4863943E-01
-1.036704E-08,-1.4863943E-01
-1.031704E-08,-1.4863943E-01
-1.026704E-08,-1.4863943E-01
-1.021704E-08,-1.4863943E-01
-1.016704E-08,-1.4858672E-01
-1.011704E-08,-1.4858672E-01
-1.006704E-08,-1.4858672E-01
-1.001704E-08,-1.4858672E-01
-9.96704E-09,-1.4858672E-01
-9.91704E-09,-1.4858672E-01
-9.86704E-09,-1.4858672E-01
-9.81704E-09,-1.4858672E-01
-9.76704E-09,-1.4858672E-01
-9.71704E-09,-1.4863943E-01
-9.66704E-09,-1.4863943E-01
-9.61704E-09,-1.4863943E-01
-9.56704E-09,-1.4863943E-01
-9.51704E-09,-1.4869214E-01
-9.46704E-09,-1.4869214E-01
-9.41704E-09,-1.4874485E-01
-9.36704E-09,-1.4874485E-01
-9.31704E-09,-1.4879755E-01
-9.26704E-09,-1.4879755E-01
-9.21704E-09,-1.4885026E-01
-9.16704E-09,-1.4890297E-01
-9.11704E-09,-1.4890297E-01
-9.06704E-09,-1.4895568E-01
-9.01704E-09,-1.4895568E-01
-8.96704E-09,-1.4900839E-01
-8.91704E-09,-1.4900839E-01
-8.86704E-09,-1.4906110E-01
-8.81704E-09,-1.4906110E-01
-8.76704E-09,-1.4911381E-01
-8.71704E-09,-1.4911381E-01
-8.66704E-09,-1.4911381E-01
-8.61704E-09,-1.4911381E-01
-8.56704E-09,-1.4911381E-01
-8.51704E-09,-1.4911381E-01
-8.46704E-09,-1.4911381E-01
-8.41704E-09,-1.4911381E-01
-8.36704E-09,-1.4911381E-01
-8.31704E-09,-1.4911381E-01
-8.26704E-09,-1.4906110E-01
-8.21704E-09,-1.4906110E-01
-8.16704E-09,-1.4906110E-01
-8.11704E-09,-1.4900839E-01
-8.06704E-09,-1.4900839E-01
-8.01704E-09,-1.4895568E-01
-7.96704E-09,-1.4895568E-01
-7.91704E-09,-1.4890297E-01
-7.86704E-09,-1.4890297E-01
-7.81704E-09,-1.4885026E-01
-7.76704E-09,-1.4885026E-01
-7.71704E-09,-1.4879755E-01
-7.66704E-09,-1.4879755E-01
-7.61704E-09,-1.4879755E-01
-7.56704E-09,-1.4874485E-01
-7.51704E-09,-1.4874485E-01
-7.46704E-09,-1.4874485E-01
-7.41704E-09,-1.4874485E-01
-7.36704E-09,-1.4874485E-01
-7.31704E-09,-1.4874485E-01
-7.26704E-09,-1.4874485E-01
-7.21704E-09,-1.4879755E-01
-7.16704E-09,-1.4879755E-01
-7.11704E-09,-1.4879755E-01
-7.06704E-09,-1.4885026E-01
-7.01704E-09,-1.4885026E-01
-6.96704E-09,-1.4890297E-01
-6.91704E-09,-1.4890297E-01
-6.86704E-09,-1.4895568E-01
-6.81704E-09,-1.4895568E-01
-6.76704E-09,-1.4900839E-01
-6.71704E-09,-1.4906110E-01
-6.66704E-09,-1.4906110E-01
-6.61704E-09,-1.4911381E-01
-6.56704E-09,-1.4911381E-01
-6.51704E-09,-1.4916652E-01
-6.46704E-09,-1.4916652E-01
-6.41704E-09,-1.4921923E-01
-6.36704E-09,-1.4921923E-01
-6.31704E-09,-1.4921923E-01
-6.26704E-09,-1.4921923E-01
-6.21704E-09,-1.4921923E-01
-6.16704E-09,-1.4921923E-01
-6.11704E-09,-1.4921923E-01
-6.06704E-09,-1.4916652E-01
-6.01704E-09,-1.4916652E-01
-5.96704E-09,-1.4911381E-01
-5.91704E-09,-1.4911381E-01
-5.86704E-09,-1.4906110E-01
-5.81704E-09,-1.4900839E-01
-5.76704E-09,-1.4900839E-01
-5.71704E-09,-1.4895568E-01
-5.66704E-09,-1.4890297E-01
-5.61704E-09,-1.4885026E-01
-5.56704E-09,-1.4879755E-01
-5.51704E-09,-1.4874485E-01
-5.46704E-09,-1.4869214E-01
-5.41704E-09,-1.4863943E-01
-5.36704E-09,-1.4858672E-01
-5.31704E-09,-1.4853401E-01
-5.26704E-09,-1.4848130E-01
-5.21704E-09,-1.4842859E-01
-5.16704E-09,-1.4842859E-01
-5.11704E-09,-1.4837588E-01
-5.06704E-09,-1.4837588E-01
-5.01704E-09,-1.4832317E-01
-4.96704E-09,-1.4832317E-01
-4.91704E-09,-1.4832317E-01
-4.86704E-09,-1.4832317E-01
-4.81704E-09,-1.4832317E-01
-4.76704E-09,-1.4832317E-01
-4.71704E-09,-1.4837588E-01
-4.66704E-09,-1.4837588E-01
-4.61704E-09,-1.4842859E-01
-4.56704E-09,-1.4842859E-01
-4.51704E-09,-1.4848130E-01
-4.46704E-09,-1.4853401E-01
-4.41704E-09,-1.4858672E-01
-4.36704E-09,-1.4858672E-01
-4.31704E-09,-1.4863943E-01
-4.26704E-09,-1.4869214E-01
-4.21704E-09,-1.4874485E-01
-4.16704E-09,-1.4879755E-01
-4.11704E-09,-1.4885026E-01
-4.06704E-09,-1.4890297E-01
-4.01704E-09,-1.4890297E-01
-3.96704E-09,-1.4895568E-01
-3.91704E-09,-1.4895568E-01
-3.86704E-09,-1.4900839E-01
-3.81704E-09,-1.4900839E-01
-3.76704E-09,-1.4900839E-01
-3.71704E-09,-1.4900839E-01
-3.66704E-09,-1.4900839E-01
-3.61704E-09,-1.4900839E-01
-3.56704E-09,-1.4900839E-01
-3.51704E-09,-1.4895568E-01
-3.46704E-09,-1.4895568E-01
-3.41704E-09,-1.4890297E-01
-3.36704E-09,-1.4885026E-01
-3.31704E-09,-1.4885026E-01
-3.26704E-09,-1.4879755E-01
-3.21704E-09,-1.4874485E-01
-3.16704E-09,-1.4869214E-01
-3.11704E-09,-1.4858672E-01
-3.06704E-09,-1.4853401E-01
-3.01704E-09,-1.4848130E-01
-2.96704E-09,-1.4842859E-01
-2.91704E-09,-1.4837588E-01
-2.86704E-09,-1.4832317E-01
-2.81704E-09,-1.4827046E-01
-2.76704E-09,-1.4821776E-01
-2.71704E-09,-1.4816505E-01
-2.66704E-09,-1.4811234E-01
-2.61704E-09,-1.4805963E-01
-2.56704E-09,-1.4800692E-01
-2.51704E-09,-1.4800692E-01
-2.46704E-09,-1.4795421E-01
-2.41704E-09,-1.4795421E-01
-2.36704E-09,-1.4795421E-01
-2.31704E-09,-1.4795421E-01
-2.26704E-09,-1.4795421E-01
-2.21704E-09,-1.4795421E-01
-2.16704E-09,-1.4800692E-01
-2.11704E-09,-1.4800692E-01
-2.06704E-09,-1.4805963E-01
-2.01704E-09,-1.4811234E-01
-1.96704E-09,-1.4811234E-01
-1.91704E-09,-1.4816505E-01
-1.86704E-09,-1.4821776E-01
-1.81704E-09,-1.4827046E-01
-1.76704E-09,-1.4837588E-01
-1.71704E-09,-1.4842859E-01
-1.66704E-09,-1.4848130E-01
-1.61704E-09,-1.4853401E-01
-1.56704E-09,-1.4858672E-01
-1.51704E-09,-1.4863943E-01
-1.46704E-09,-1.4874485E-01
-1.41704E-09,-1.4879755E-01
-1.36704E-09,-1.4885026E-01
-1.31704E-09,-1.4890297E-01
-1.26704E-09,-1.4895568E-01
-1.21704E-09,-1.4900839E-01
-1.16704E-09,-1.4906110E-01
-1.11704E-09,-1.4911381E-01
-1.06704E-09,-1.4916652E-01
-1.01704E-09,-1.4916652E-01
-9.6704E-10,-1.4921923E-01
-9.1704E-10,-1.4927194E-01
-8.6704E-10,-1.4927194E-01
-8.1704E-10,-1.4927194E-01
-7.6704E-10,-1.4932464E-01
-7.1704E-10,-1.4932464E-01
-6.6704E-10,-1.4932464E-01
-6.1704E-10,-1.4932464E-01
-5.6704E-10,-1.4932464E-01
-5.1704E-10,-1.4932464E-01
-4.6704E-10,-1.4932464E-01
-4.1704E-10,-1.4932464E-01
-3.6704E-10,-1.4932464E-01
-3.1704E-10,-1.4927194E-01
-2.6704E-10,-1.4927194E-01
-2.1704E-10,-1.4927194E-01
-1.6704E-10,-1.4921923E-01
-1.1704E-10,-1.4921923E-01
-6.704E-11,-1.4916652E-01
-1.704E-11,-1.4916652E-01
3.296E-11,-1.4911381E-01
8.296E-11,-1.4906110E-01
1.3296E-10,-1.4906110E-01
1.8296E-10,-1.4900839E-01
2.3296E-10,-1.4895568E-01
2.8296E-10,-1.4895568E-01
3.3296E-10,-1.4890297E-01
3.8296E-10,-1.4890297E-01
4.3296E-10,-1.4885026E-01
4.8296E-10,-1.4879755E-01
5.3296E-10,-1.4879755E-01
5.8296E-10,-1.4874485E-01
6.3296E-10,-1.4874485E-01
6.8296E-10,-1.4869214E-01
7.3296E-10,-1.4869214E-01
7.8296E-10,-1.4863943E-01
8.3296E-10,-1.4863943E-01
8.8296E-10,-1.4863943E-01
9.3296E-10,-1.4858672E-01
9.8296E-10,-1.4858672E-01
1.03296E-09,-1.4858672E-01
1.08296E-09,-1.4858672E-01
1.13296E-09,-1.4858672E-01
1.18296E-09,-1.4858672E-01
1.23296E-09,-1.4863943E-01
1.28296E-09,-1.4863943E-01
1.33296E-09,-1.4863943E-01
1.38296E-09,-1.4869214E-01
1.43296E-09,-1.4869214E-01
1.48296E-09,-1.4874485E-01
1.53296E-09,-1.4874485E-01
1.58296E-09,-1.4879755E-01
1.63296E-09,-1.4885026E-01
1.68296E-09,-1.4885026E-01
1.73296E-09,-1.4890297E-01
1.78296E-09,-1.4895568E-01
1.83296E-09,-1.4900839E-01
1.88296E-09,-1.4906110E-01
1.93296E-09,-1.4906110E-01
1.98296E-09,-1.4911381E-01
2.03296E-09,-1.4916652E-01
2.08296E-09,-1.4921923E-01
2.13296E-09,-1.4921923E-01
2.18296E-09,-1.4927194E-01
2.23296E-09,-1.4932464E-01
2.28296E-09,-1.4932464E-01
2.33296E-09,-1.4937735E-01
2.38296E-09,-1.4937735E-01
2.43296E-09,-1.4937735E-01
2.48296E-09,-1.4937735E-01
2.53296E-09,-1.4943006E-01
2.58296E-09,-1.4937735E-01
2.63296E-09,-1.4937735E-01
2.68296E-09,-1.4937735E-01
2.73296E-09,-1.4937735E-01
2.78296E-09,-1.4937735E-01
2.83296E-09,-1.4932464E-01
2.88296E-09,-1.4932464E-01
2.93296E-09,-1.4927194E-01
2.98296E-09,-1.4921923E-01
3.03296E-09,-1.4921923E-01
3.08296E-09,-1.4916652E-01
3.13296E-09,-1.4911381E-01
3.18296E-09,-1.4906110E-01
3.23296E-09,-1.4906110E-01
3.28296E-09,-1.4900839E-01
3.33296E-09,-1.4895568E-01
3.38296E-09,-1.4890297E-01
3.43296E-09,-1.4890297E-01
3.48296E-09,-1.4885026E-01
3.53296E-09,-1.4879755E-01
3.58296E-09,-1.4879755E-01
3.63296E-09,-1.4874485E-01
3.68296E-09,-1.4874485E-01
3.73296E-09,-1.4869214E-01
3.78296E-09,-1.4869214E-01
3.83296E-09,-1.4869214E-01
3.88296E-09,-1.4869214E-01
3.93296E-09,-1.4863943E-01
3.98296E-09,-1.4863943E-01
4.03296E-09,-1.4869214E-01
4.08296E-09,-1.4869214E-01
4.13296E-09,-1.4869214E-01
4.18296E-09,-1.4869214E-01
4.23296E-09,-1.4874485E-01
4.28296E-09,-1.4874485E-01
4.33296E-09,-1.4874485E-01
4.38296E-09,-1.4879755E-01
4.43296E-09,-1.4879755E-01
4.48296E-09,-1.4885026E-01
4.53296E-09,-1.4890297E-01
4.58296E-09,-1.4890297E-01
4.63296E-09,-1.4895568E-01
4.68296E-09,-1.4900839E-01
4.73296E-09,-1.4900839E-01
4.78296E-09,-1.4906110E-01
4.83296E-09,-1.4906110E-01
4.88296E-09,-1.4911381E-01
4.93296E-09,-1.4916652E-01
4.98296E-09,-1.4916652E-01
5.03296E-09,-1.4921923E-01
5.08296E-09,-1.4921923E-01
5.13296E-09,-1.4927194E-01
5.18296E-09,-1.4927194E-01
5.23296E-09,-1.4927194E-01
5.28296E-09,-1.4932464E-01
5.33296E-09,-1.4932464E-01
5.38296E-09,-1.4932464E-01
5.43296E-09,-1.4932464E-01
5.48296E-09,-1.4932464E-01
5.53296E-09,-1.4937735E-01
5.58296E-09,-1.4937735E-01
5.63296E-09,-1.4932464E-01
5.68296E-09,-1.4932464E-01
5.73296E-09,-1.4932464E-01
5.78296E-09,-1.4932464E-01
5.83296E-09,-1.4932464E-01
5.88296E-09,-1.4927194E-01
5.93296E-09,-1.4927194E-01
5.98296E-09,-1.4927194E-01
6.03296E-09,-1.4921923E-01
6.08296E-09,-1.4921923E-01
6.13296E-09,-1.4916652E-01
6.18296E-09,-1.4916652E-01
6.23296E-09,-1.4911381E-01
6.28296E-09,-1.4906110E-01
6.33296E-09,-1.4900839E-01
6.38296E-09,-1.4900839E-01
6.43296E-09,-1.4895568E-01
6.48296E-09,-1.4890297E-01
6.53296E-09,-1.4885026E-01
6.58296E-09,-1.4879755E-01
6.63296E-09,-1.4874485E-01
6.68296E-09,-1.4874485E-01
6.73296E-09,-1.4869214E-01
6.78296E-09,-1.4863943E-01
6.83296E-09,-1.4858672E-01
6.88296E-09,-1.4853401E-01
6.93296E-09,-1.4848130E-01
6.98296E-09,-1.4842859E-01
7.03296E-09,-1.4837588E-01
7.08296E-09,-1.4837588E-01
7.13296E-09,-1.4832317E-01
7.18296E-09,-1.4827046E-01
7.23296E-09,-1.4827046E-01
7.28296E-09,-1.4821776E-01
7.33296E-09,-1.4821776E-01
7.38296E-09,-1.4821776E-01
7.43296E-09,-1.4821776E-01
7.48296E-09,-1.4821776E-01
7.53296E-09,-1.4821776E-01
7.58296E-09,-1.4821776E-01
7.63296E-09,-1.4821776E-01
7.68296E-09,-1.4827046E-01
7.73296E-09,-1.4827046E-01
7.78296E-09,-1.4832317E-01
7.83296E-09,-1.4832317E-01
7.88296E-09,-1.4837588E-01
7.93296E-09,-1.4842859E-01
7.98296E-09,-1.4848130E-01
8.03296E-09,-1.4853401E-01
8.08296E-09,-1.4863943E-01
8.13296E-09,-1.4869214E-01
8.18296E-09,-1.4874485E-01
8.23296E-09,-1.4879755E-01
8.28296E-09,-1.4890297E-01
8.33296E-09,-1.4895568E-01
8.38296E-09,-1.4900839E-01
8.43296E-09,-1.4906110E-01
8.48296E-09,-1.4911381E-01
8.53296E-09,-1.4921923E-01
8.58296E-09,-1.4927194E-01
8.63296E-09,-1.4932464E-01
8.68296E-09,-1.4932464E-01
8.73296E-09,-1.4937735E-01
8.78296E-09,-1.4943006E-01
8.83296E-09,-1.4943006E-01
8.88296E-09,-1.4948277E-01
8.93296E-09,-1.4948277E-01
8.98296E-09,-1.4948277E-01
9.03296E-09,-1.4953548E-01
9.08296E-09,-1.4953548E-01
9.13296E-09,-1.4953548E-01
9.18296E-09,-1.4948277E-01
9.23296E-09,-1.4948277E-01
9.28296E-09,-1.4948277E-01
9.33296E-09,-1.4943006E-01
9.38296E-09,-1.4943006E-01
9.43296E-09,-1.4943006E-01
9.48296E-09,-1.4937735E-01
9.53296E-09,-1.4937735E-01
9.58296E-09,-1.4932464E-01
9.63296E-09,-1.4927194E-01
9.68296E-09,-1.4927194E-01
9.73296E-09,-1.4921923E-01
9.78296E-09,-1.4921923E-01
9.83296E-09,-1.4916652E-01
9.88296E-09,-1.4916652E-01
9.93296E-09,-1.4916652E-01
9.98296E-09,-1.4911381E-01
1.003296E-08,-1.4911381E-01
1.008296E-08,-1.4911381E-01
1.013296E-08,-1.4906110E-01
1.018296E-08,-1.4906110E-01
1.023296E-08,-1.4906110E-01
1.028296E-08,-1.4906110E-01
1.033296E-08,-1.4906110E-01
1.038296E-08,-1.4906110E-01
1.043296E-08,-1.4906110E-01
1.048296E-08,-1.4906110E-01
1.053296E-08,-1.4906110E-01
1.058296E-08,-1.4906110E-01
1.063296E-08,-1.4906110E-01
1.068296E-08,-1.4900839E-01
1.073296E-08,-1.4900839E-01
1.078296E-08,-1.4900839E-01
1.083296E-08,-1.4900839E-01
1.088296E-08,-1.4900839E-01
1.093296E-08,-1.4900839E-01
1.098296E-08,-1.4895568E-01
1.103296E-08,-1.4895568E-01
1.108296E-08,-1.4895568E-01
1.113296E-08,-1.4890297E-01
1.118296E-08,-1.4890297E-01
1.123296E-08,-1.4890297E-01
1.128296E-08,-1.4885026E-01
1.133296E-08,-1.4885026E-01
1.138296E-08,-1.4879755E-01
1.143296E-08,-1.4879755E-01
1.148296E-08,-1.4874485E-01
1.153296E-08,-1.4874485E-01
1.158296E-08,-1.4869214E-01
1.163296E-08,-1.4869214E-01
1.168296E-08,-1.4863943E-01
1.173296E-08,-1.4863943E-01
1.178296E-08,-1.4858672E-01
1.183296E-08,-1.4858672E-01
1.188296E-08,-1.4858672E-01
1.193296E-08,-1.4858672E-01
1.198296E-08,-1.4853401E-01
1.203296E-08,-1.4853401E-01
1.208296E-08,-1.4853401E-01
1.213296E-08,-1.4853401E-01
1.218296E-08,-1.4853401E-01
1.223296E-08,-1.4853401E-01
1.228296E-08,-1.4853401E-01
1.233296E-08,-1.4858672E-01
1.238296E-08,-1.4858672E-01
1.243296E-08,-1.4858672E-01
1.248296E-08,-1.4858672E-01
1.253296E-08,-1.4858672E-01
1.258296E-08,-1.4863943E-01
1.263296E-08,-1.4863943E-01
1.268296E-08,-1.4863943E-01
1.273296E-08,-1.4869214E-01
1.278296E-08,-1.4869214E-01
1.283296E-08,-1.4869214E-01
1.288296E-08,-1.4874485E-01
1.293296E-08,-1.4874485E-01
1.298296E-08,-1.4879755E-01
1.303296E-08,-1.4879755E-01
1.308296E-08,-1.4879755E-01
1.313296E-08,-1.4885026E-01
1.318296E-08,-1.4885026E-01
1.323296E-08,-1.4885026E-01
1.328296E-08,-1.4890297E-01
1.333296E-08,-1.4890297E-01
1.338296E-08,-1.4890297E-01
1.343296E-08,-1.4895568E-01
1.348296E-08,-1.4895568E-01
1.353296E-08,-1.4895568E-01
1.358296E-08,-1.4900839E-01
1.363296E-08,-1.4900839E-01
1.368296E-08,-1.4906110E-01
1.373296E-08,-1.4906110E-01
1.378296E-08,-1.4911381E-01
1.383296E-08,-1.4911381E-01
1.388296E-08,-1.4916652E-01
1.393296E-08,-1.4916652E-01
1.398296E-08,-1.4921923E-01
1.403296E-08,-1.4927194E-01
1.408296E-08,-1.4927194E-01
1.413296E-08,-1.4932464E-01
1.418296E-08,-1.4932464E-01
1.423296E-08,-1.4937735E-01
1.428296E-08,-1.4937735E-01
1.433296E-08,-1.4943006E-01
1.438296E-08,-1.4943006E-01
1.443296E-08,-1.4948277E-01
1.448296E-08,-1.4948277E-01
1.453296E-08,-1.4948277E-01
1.458296E-08,-1.4948277E-01
1.463296E-08,-1.4948277E-01
1.468296E-08,-1.4948277E-01
1.473296E-08,-1.4948277E-01
1.478296E-08,-1.4948277E-01
1.483296E-08,-1.4948277E-01
1.488296E-08,-1.4948277E-01
1.493296E-08,-1.4943006E-01
1.498296E-08,-1.4943006E-01
1.503296E-08,-1.4937735E-01
1.508296E-08,-1.4937735E-01
1.513296E-08,-1.4932464E-01
1.518296E-08,-1.4927194E-01
1.523296E-08,-1.4921923E-01
1.528296E-08,-1.4921923E-01
1.533296E-08,-1.4916652E-01
1.538296E-08,-1.4911381E-01
1.543296E-08,-1.4906110E-01
1.548296E-08,-1.4900839E-01
1.553296E-08,-1.4895568E-01
1.558296E-08,-1.4885026E-01
1.563296E-08,-1.4879755E-01
1.568296E-08,-1.4874485E-01
1.573296E-08,-1.4869214E-01
1.578296E-08,-1.4863943E-01
1.583296E-08,-1.4863943E-01
1.588296E-08,-1.4858672E-01
1.593296E-08,-1.4853401E-01
1.598296E-08,-1.4848130E-01
1.603296E-08,-1.4848130E-01
1.608296E-08,-1.4842859E-01
1.613296E-08,-1.4842859E-01
1.618296E-08,-1.4837588E-01
1.623296E-08,-1.4837588E-01
1.628296E-08,-1.4837588E-01
1.633296E-08,-1.4837588E-01
1.638296E-08,-1.4832317E-01
1.643296E-08,-1.4837588E-01
1.648296E-08,-1.4837588E-01
1.653296E-08,-1.4837588E-01
1.658296E-08,-1.4837588E-01
1.663296E-08,-1.4837588E-01
1.668296E-08,-1.4842859E-01
1.673296E-08,-1.4842859E-01
1.678296E-08,-1.4848130E-01
1.683296E-08,-1.4848130E-01
1.688296E-08,-1.4853401E-01
1.693296E-08,-1.4853401E-01
1.698296E-08,-1.4858672E-01
1.703296E-08,-1.4858672E-01
1.708296E-08,-1.4863943E-01
1.713296E-08,-1.4863943E-01
1.718296E-08,-1.4869214E-01
1.723296E-08,-1.4869214E-01
1.728296E-08,-1.4869214E-01
1.733296E-08,-1.4874485E-01
1.738296E-08,-1.4874485E-01
1.743296E-08,-1.4874485E-01
1.748296E-08,-1.4874485E-01
1.753296E-08,-1.4874485E-01
1.758296E-08,-1.4879755E-01
1.763296E-08,-1.4879755E-01
1.768296E-08,-1.4874485E-01
1.773296E-08,-1.4874485E-01
1.778296E-08,-1.4874485E-01
1.783296E-08,-1.4874485E-01
1.788296E-08,-1.4869214E-01
1.793296E-08,-1.4869214E-01
1.798296E-08,-1.4863943E-01
1.803296E-08,-1.4863943E-01
1.808296E-08,-1.4858672E-01
1.813296E-08,-1.4858672E-01
1.818296E-08,-1.4853401E-01
1.823296E-08,-1.4848130E-01
1.828296E-08,-1.4842859E-01
1.833296E-08,-1.4842859E-01
1.838296E-08,-1.4837588E-01
1.843296E-08,-1.4832317E-01
1.848296E-08,-1.4827046E-01
1.853296E-08,-1.4827046E-01
1.858296E-08,-1.4821776E-01
1.863296E-08,-1.4816505E-01
1.868296E-08,-1.4816505E-01
1.873296E-08,-1.4811234E-01
1.878296E-08,-1.4811234E-01
1.883296E-08,-1.4805963E-01
1.888296E-08,-1.4805963E-01
1.893296E-08,-1.4805963E-01
1.898296E-08,-1.4800692E-01
1.903296E-08,-1.4800692E-01
1.908296E-08,-1.4800692E-01
1.913296E-08,-1.4800692E-01
1.918296E-08,-1.4805963E-01
1.923296E-08,-1.4805963E-01
1.928296E-08,-1.4811234E-01
1.933296E-08,-1.4811234E-01
1.938296E-08,-1.4816505E-01
1.943296E-08,-1.4821776E-01
1.948296E-08,-1.4827046E-01
1.953296E-08,-1.4827046E-01
1.958296E-08,-1.4832317E-01
1.963296E-08,-1.4837588E-01
1.968296E-08,-1.4848130E-01
1.973296E-08,-1.4853401E-01
1.978296E-08,-1.4858672E-01
1.983296E-08,-1.4863943E-01
1.988296E-08,-1.4869214E-01
1.993296E-08,-1.4874485E-01
1.998296E-08,-1.4879755E-01
2.003296E-08,-1.4885026E-01
2.008296E-08,-1.4890297E-01
2.013296E-08,-1.4895568E-01
2.018296E-08,-1.4900839E-01
2.023296E-08,-1.4906110E-01
2.028296E-08,-1.4911381E-01
2.033296E-08,-1.4911381E-01
2.038296E-08,-1.4916652E-01
2.043296E-08,-1.4916652E-01
2.048296E-08,-1.4916652E-01
2.053296E-08,-1.4916652E-01
2.058296E-08,-1.4916652E-01
2.063296E-08,-1.4916652E-01
2.068296E-08,-1.4916652E-01
2.073296E-08,-1.4916652E-01
2.078296E-08,-1.4911381E-01
2.083296E-08,-1.4911381E-01
2.088296E-08,-1.4906110E-01
2.093296E-08,-1.4900839E-01
2.098296E-08,-1.4900839E-01
2.103296E-08,-1.4895568E-01
2.108296E-08,-1.4890297E-01
2.113296E-08,-1.4885026E-01
2.118296E-08,-1.4879755E-01
2.123296E-08,-1.4879755E-01
2.128296E-08,-1.4874485E-01
2.133296E-08,-1.4869214E-01
2.138296E-08,-1.4863943E-01
2.143296E-08,-1.4858672E-01
2.148296E-08,-1.4858672E-01
2.153296E-08,-1.4853401E-01
2.158296E-08,-1.4853401E-01
2.163296E-08,-1.4848130E-01
2.168296E-08,-1.4848130E-01
2.173296E-08,-1.4842859E-01
2.178296E-08,-1.4842859E-01
2.183296E-08,-1.4842859E-01
2.188296E-08,-1.4842859E-01
2.193296E-08,-1.4842859E-01
2.198296E-08,-1.4842859E-01
2.203296E-08,-1.4848130E-01
2.208296E-08,-1.4848130E-01
2.213296E-08,-1.4848130E-01
2.218296E-08,-1.4853401E-01
2.223296E-08,-1.4853401E-01
2.228296E-08,-1.4858672E-01
2.233296E-08,-1.4863943E-01
2.238296E-08,-1.4863943E-01
2.243296E-08,-1.4869214E-01
2.248296E-08,-1.4874485E-01
2.253296E-08,-1.4874485E-01
2.258296E-08,-1.4879755E-01
2.263296E-08,-1.4885026E-01
2.268296E-08,-1.4890297E-01
2.273296E-08,-1.4895568E-01
2.278296E-08,-1.4895568E-01
2.283296E-08,-1.4900839E-01
2.288296E-08,-1.4906110E-01
2.293296E-08,-1.4906110E-01
2.298296E-08,-1.4911381E-01
2.303296E-08,-1.4916652E-01
2.308296E-08,-1.4916652E-01
2.313296E-08,-1.4921923E-01
2.318296E-08,-1.4921923E-01
2.323296E-08,-1.4927194E-01
2.328296E-08,-1.4927194E-01
2.333296E-08,-1.4927194E-01
2.338296E-08,-1.4932464E-01
2.343296E-08,-1.4932464E-01
2.348296E-08,-1.4932464E-01
2.353296E-08,-1.4937735E-01
2.358296E-08,-1.4937735E-01
2.363296E-08,-1.4937735E-01
2.368296E-08,-1.4937735E-01
2.373296E-08,-1.4937735E-01
2.378296E-08,-1.4937735E-01
2.383296E-08,-1.4937735E-01
2.388296E-08,-1.4937735E-01
2.393296E-08,-1.4943006E-01
2.398296E-08,-1.4943006E-01
2.403296E-08,-1.4943006E-01
2.408296E-08,-1.4943006E-01
2.413296E-08,-1.4943006E-01
2.418296E-08,-1.4943006E-01
2.423296E-08,-1.4943006E-01
2.428296E-08,-1.4943006E-01
2.433296E-08,-1.4943006E-01
2.438296E-08,-1.4943006E-01
2.443296E-08,-1.4943006E-01
2.448296E-08,-1.4943006E-01
2.453296E-08,-1.4937735E-01
2.458296E-08,-1.4937735E-01
2.463296E-08,-1.4937735E-01
2.468296E-08,-1.4937735E-01
2.473296E-08,-1.4937735E-01
2.478296E-08,-1.4937735E-01
2.483296E-08,-1.4937735E-01
2.488296E-08,-1.4932464E-01
2.493296E-08,-1.4932464E-01
2.498296E-08,-1.4932464E-01
2.503296E-08,-1.4932464E-01
2.508296E-08,-1.4927194E-01
2.513296E-08,-1.4927194E-01
2.518296E-08,-1.4927194E-01
2.523296E-08,-1.4921923E-01
2.528296E-08,-1.4921923E-01
2.533296E-08,-1.4916652E-01
2.538296E-08,-1.4916652E-01
2.543296E-08,-1.4916652E-01
2.548296E-08,-1.4911381E-01
2.553296E-08,-1.4911381E-01
2.558296E-08,-1.4906110E-01
2.563296E-08,-1.4906110E-01
2.568296E-08,-1.4900839E-01
2.573296E-08,-1.4900839E-01
2.578296E-08,-1.4895568E-01
2.583296E-08,-1.4895568E-01
2.588296E-08,-1.4895568E-01
2.593296E-08,-1.4890297E-01
2.598296E-08,-1.4890297E-01
2.603296E-08,-1.4890297E-01
2.608296E-08,-1.4885026E-01
2.613296E-08,-1.4885026E-01
2.618296E-08,-1.4885026E-01
2.623296E-08,-1.4885026E-01
2.628296E-08,-1.4879755E-01
2.633296E-08,-1.4879755E-01
2.638296E-08,-1.4879755E-01
2.643296E-08,-1.4879755E-01
2.648296E-08,-1.4879755E-01
2.653296E-08,-1.4879755E-01
2.658296E-08,-1.4879755E-01
2.663296E-08,-1.4879755E-01
2.668296E-08,-1.4879755E-01
2.673296E-08,-1.4879755E-01
2.678296E-08,-1.4879755E-01
2.683296E-08,-1.4879755E-01
2.688296E-08,-1.4879755E-01
2.693296E-08,-1.4879755E-01
2.698296E-08,-1.4879755E-01
2.703296E-08,-1.4879755E-01
2.708296E-08,-1.4879755E-01
2.713296E-08,-1.4879755E-01
2.718296E-08,-1.4874485E-01
2.723296E-08,-1.4874485E-01
2.728296E-08,-1.4874485E-01
2.733296E-08,-1.4874485E-01
2.738296E-08,-1.4869214E-01
2.743296E-08,-1.4869214E-01
2.748296E-08,-1.4869214E-01
2.753296E-08,-1.4863943E-01
2.758296E-08,-1.4863943E-01
2.763296E-08,-1.4858672E-01
2.768296E-08,-1.4853401E-01
2.773296E-08,-1.4853401E-01
2.778296E-08,-1.4848130E-01
2.783296E-08,-1.4842859E-01
2.788296E-08,-1.4842859E-01
2.793296E-08,-1.4837588E-01
2.798296E-08,-1.4832317E-01
2.803296E-08,-1.4827046E-01
2.808296E-08,-1.4827046E-01
2.813296E-08,-1.4821776E-01
2.818296E-08,-1.4816505E-01
2.823296E-08,-1.4816505E-01
2.828296E-08,-1.4811234E-01
2.833296E-08,-1.4811234E-01
2.838296E-08,-1.4805963E-01
2.843296E-08,-1.4805963E-01
2.848296E-08,-1.4805963E-01
2.853296E-08,-1.4800692E-01
2.858296E-08,-1.4800692E-01
2.863296E-08,-1.4800692E-01
2.868296E-08,-1.4805963E-01
2.873296E-08,-1.4805963E-01
2.878296E-08,-1.4805963E-01
2.883296E-08,-1.4811234E-01
2.888296E-08,-1.4811234E-01
2.893296E-08,-1.4816505E-01
2.898296E-08,-1.4821776E-01
2.903296E-08,-1.4827046E-01
2.908296E-08,-1.4832317E-01
2.913296E-08,-1.4837588E-01
2.918296E-08,-1.4842859E-01
2.923296E-08,-1.4848130E-01
2.928296E-08,-1.4853401E-01
2.933296E-08,-1.4858672E-01
2.938296E-08,-1.4863943E-01
2.943296E-08,-1.4874485E-01
2.948296E-08,-1.4879755E-01
2.953296E-08,-1.4885026E-01
2.958296E-08,-1.4890297E-01
2.963296E-08,-1.4895568E-01
2.968296E-08,-1.4900839E-01
2.973296E-08,-1.4906110E-01
2.978296E-08,-1.4911381E-01
2.983296E-08,-1.4916652E-01
2.988296E-08,-1.4921923E-01
2.993296E-08,-1.4927194E-01
2.998296E-08,-1.4927194E-01
3.003296E-08,-1.4932464E-01
3.008296E-08,-1.4932464E-01
3.013296E-08,-1.4932464E-01
3.018296E-08,-1.4932464E-01
3.023296E-08,-1.4932464E-01
3.028296E-08,-1.4932464E-01
3.033296E-08,-1.4932464E-01
3.038296E-08,-1.4932464E-01
3.043296E-08,-1.4932464E-01
3.048296E-08,-1.4927194E-01
3.053296E-08,-1.4927194E-01
3.058296E-08,-1.4927194E-01
3.063296E-08,-1.4921923E-01
3.068296E-08,-1.4921923E-01
3.073296E-08,-1.4916652E-01
3.078296E-08,-1.4916652E-01
3.083296E-08,-1.4911381E-01
3.088296E-08,-1.4911381E-01
3.093296E-08,-1.4906110E-01
3.098296E-08,-1.4906110E-01
3.103296E-08,-1.4900839E-01
3.108296E-08,-1.4900839E-01
3.113296E-08,-1.4900839E-01
3.118296E-08,-1.4900839E-01
3.123296E-08,-1.4895568E-01
3.128296E-08,-1.4895568E-01
3.133296E-08,-1.4895568E-01
3.138296E-08,-1.4895568E-01
3.143296E-08,-1.4895568E-01
3.148296E-08,-1.4895568E-01
3.153296E-08,-1.4895568E-01
3.158296E-08,-1.4895568E-01
3.163296E-08,-1.4900839E-01
3.168296E-08,-1.4900839E-01
3.173296E-08,-1.4900839E-01
3.178296E-08,-1.4900839E-01
3.183296E-08,-1.4906110E-01
3.188296E-08,-1.4906110E-01
3.193296E-08,-1.4906110E-01
3.198296E-08,-1.4911381E-01
3.203296E-08,-1.4911381E-01
3.208296E-08,-1.4911381E-01
3.213296E-08,-1.4916652E-01
3.218296E-08,-1.4916652E-01
3.223296E-08,-1.4916652E-01
3.228296E-08,-1.4916652E-01
3.233296E-08,-1.4916652E-01
3.238296E-08,-1.4916652E-01
3.243296E-08,-1.4921923E-01
3.248296E-08,-1.4921923E-01
3.253296E-08,-1.4921923E-01
3.258296E-08,-1.4921923E-01
3.263296E-08,-1.4921923E-01
3.268296E-08,-1.4916652E-01
3.273296E-08,-1.4916652E-01
3.278296E-08,-1.4916652E-01
3.283296E-08,-1.4916652E-01
3.288296E-08,-1.4916652E-01
3.293296E-08,-1.4916652E-01
3.298296E-08,-1.4916652E-01
3.303296E-08,-1.4916652E-01
3.308296E-08,-1.4916652E-01
3.313296E-08,-1.4916652E-01
3.318296E-08,-1.4916652E-01
3.323296E-08,-1.4916652E-01
3.328296E-08,-1.4916652E-01
3.333296E-08,-1.4916652E-01
3.338296E-08,-1.4916652E-01
3.343296E-08,-1.4921923E-01
3.348296E-08,-1.4921923E-01
3.353296E-08,-1.4921923E-01
3.358296E-08,-1.4921923E-01
3.363296E-08,-1.4927194E-01
3.368296E-08,-1.4927194E-01
3.373296E-08,-1.4927194E-01
3.378296E-08,-1.4932464E-01
3.383296E-08,-1.4932464E-01
3.388296E-08,-1.4932464E-01
3.393296E-08,-1.4937735E-01
3.398296E-08,-1.4937735E-01
3.403296E-08,-1.4943006E-01
3.408296E-08,-1.4943006E-01
3.413296E-08,-1.4948277E-01
3.418296E-08,-1.4948277E-01
3.423296E-08,-1.4948277E-01
3.428296E-08,-1.4953548E-01
3.433296E-08,-1.4953548E-01
3.438296E-08,-1.4953548E-01
3.443296E-08,-1.4953548E-01
3.448296E-08,-1.4958819E-01
3.453296E-08,-1.4958819E-01
3.458296E-08,-1.4958819E-01
3.463296E-08,-1.4958819E-01
3.468296E-08,-1.4958819E-01
3.473296E-08,-1.4964090E-01
3.478296E-08,-1.4964090E-01
3.483296E-08,-1.4964090E-01
3.488296E-08,-1.4964090E-01
3.493296E-08,-1.4964090E-01
3.498296E-08,-1.4964090E-01
3.503296E-08,-1.4964090E-01
3.508296E-08,-1.4964090E-01
3.513296E-08,-1.4964090E-01
3.518296E-08,-1.4964090E-01
3.523296E-08,-1.4964090E-01
3.528296E-08,-1.4964090E-01
3.533296E-08,-1.4964090E-01
3.538296E-08,-1.4969361E-01
3.543296E-08,-1.4969361E-01
3.548296E-08,-1.4969361E-01
3.553296E-08,-1.4969361E-01
3.558296E-08,-1.4969361E-01
3.563296E-08,-1.4969361E-01
3.568296E-08,-1.4969361E-01
3.573296E-08,-1.4974632E-01
3.578296E-08,-1.4974632E-01
3.583296E-08,-1.4974632E-01
3.588296E-08,-1.4974632E-01
3.593296E-08,-1.4974632E-01
3.598296E-08,-1.4974632E-01
3.603296E-08,-1.4974632E-01
3.608296E-08,-1.4974632E-01
3.613296E-08,-1.4974632E-01
3.618296E-08,-1.4969361E-01
3.623296E-08,-1.4969361E-01
3.628296E-08,-1.4969361E-01
3.633296E-08,-1.4969361E-01
3.638296E-08,-1.4964090E-01
3.643296E-08,-1.4964090E-01
3.648296E-08,-1.4958819E-01
3.653296E-08,-1.4958819E-01
3.658296E-08,-1.4953548E-01
3.663296E-08,-1.4948277E-01
3.668296E-08,-1.4943006E-01
3.673296E-08,-1.4937735E-01
3.678296E-08,-1.4932464E-01
3.683296E-08,-1.4927194E-01
3.688296E-08,-1.4921923E-01
3.693296E-08,-1.4916652E-01
3.698296E-08,-1.4911381E-01
3.703296E-08,-1.4906110E-01
3.708296E-08,-1.4900839E-01
3.713296E-08,-1.4895568E-01
3.718296E-08,-1.4890297E-01
3.723296E-08,-1.4885026E-01
3.728296E-08,-1.4879755E-01
3.733296E-08,-1.4874485E-01
3.738296E-08,-1.4869214E-01
3.743296E-08,-1.4863943E-01
3.748296E-08,-1.4863943E-01
3.753296E-08,-1.4858672E-01
3.758296E-08,-1.4853401E-01
3.763296E-08,-1.4853401E-01
3.768296E-08,-1.4853401E-01
3.773296E-08,-1.4848130E-01
3.778296E-08,-1.4848130E-01
3.783296E-08,-1.4848130E-01
3.788296E-08,-1.4848130E-01
3.793296E-08,-1.4848130E-01
3.798296E-08,-1.4848130E-01
3.803296E-08,-1.4853401E-01
3.808296E-08,-1.4853401E-01
3.813296E-08,-1.4858672E-01
3.818296E-08,-1.4858672E-01
3.823296E-08,-1.4863943E-01
3.828296E-08,-1.4869214E-01
3.833296E-08,-1.4874485E-01
3.838296E-08,-1.4874485E-01
3.843296E-08,-1.4879755E-01
3.848296E-08,-1.4885026E-01
3.853296E-08,-1.4890297E-01
3.858296E-08,-1.4895568E-01
3.863296E-08,-1.4900839E-01
3.868296E-08,-1.4906110E-01
3.873296E-08,-1.4906110E-01
3.878296E-08,-1.4911381E-01
3.883296E-08,-1.4916652E-01
3.888296E-08,-1.4921923E-01
3.893296E-08,-1.4927194E-01
3.898296E-08,-1.4927194E-01
3.903296E-08,-1.4932464E-01
3.908296E-08,-1.4937735E-01
3.913296E-08,-1.4937735E-01
3.918296E-08,-1.4943006E-01
3.923296E-08,-1.4943006E-01
3.928296E-08,-1.4943006E-01
3.933296E-08,-1.4948277E-01
3.938296E-08,-1.4948277E-01
3.943296E-08,-1.4953548E-01
3.948296E-08,-1.4953548E-01
3.953296E-08,-1.4953548E-01
3.958296E-08,-1.4958819E-01
3.963296E-08,-1.4958819E-01
3.968296E-08,-1.4958819E-01
3.973296E-08,-1.4958819E-01
3.978296E-08,-1.4964090E-01
3.983296E-08,-1.4964090E-01
3.988296E-08,-1.4964090E-01
3.993296E-08,-1.4969361E-01
3.998296E-08,-1.4969361E-01
4.003296E-08,-1.4974632E-01
4.008296E-08,-1.4974632E-01
4.013296E-08,-1.4974632E-01
4.018296E-08,-1.4979903E-01
4.023296E-08,-1.4979903E-01
4.028296E-08,-1.4985173E-01
4.033296E-08,-1.4985173E-01
4.038296E-08,-1.4990444E-01
4.043296E-08,-1.4990444E-01
4.048296E-08,-1.4995715E-01
4.053296E-08,-1.4995715E-01
4.058296E-08,-1.5000986E-01
4.063296E-08,-1.5000986E-01
4.068296E-08,-1.5006257E-01
4.073296E-08,-1.5006257E-01
4.078296E-08,-1.5006257E-01
4.083296E-08,-1.5011528E-01
4.088296E-08,-1.5011528E-01
4.093296E-08,-1.5011528E-01
4.098296E-08,-1.5011528E-01
4.103296E-08,-1.5011528E-01
4.108296E-08,-1.5011528E-01
4.113296E-08,-1.5011528E-01
4.118296E-08,-1.5011528E-01
4.123296E-08,-1.5011528E-01
4.128296E-08,-1.5011528E-01
4.133296E-08,-1.5011528E-01
4.138296E-08,-1.5011528E-01
4.143296E-08,-1.5011528E-01
4.148296E-08,-1.5011528E-01
4.153296E-08,-1.5006257E-01
4.158296E-08,-1.5006257E-01
4.163296E-08,-1.5006257E-01
4.168296E-08,-1.5006257E-01
4.173296E-08,-1.5000986E-01
4.178296E-08,-1.5000986E-01
4.183296E-08,-1.5000986E-01
4.188296E-08,-1.5000986E-01
4.193296E-08,-1.4995715E-01
4.198296E-08,-1.4995715E-01
4.203296E-08,-1.4995715E-01
4.208296E-08,-1.4995715E-01
4.213296E-08,-1.4995715E-01
4.218296E-08,-1.4995715E-01
4.223296E-08,-1.4990444E-01
4.228296E-08,-1.4990444E-01
4.233296E-08,-1.4990444E-01
4.238296E-08,-1.4990444E-01
4.243296E-08,-1.4990444E-01
4.248296E-08,-1.4990444E-01
4.253296E-08,-1.4985173E-01
4.258296E-08,-1.4985173E-01
4.263296E-08,-1.4985173E-01
4.268296E-08,-1.4985173E-01
4.273296E-08,-1.4979903E-01
4.278296E-08,-1.4979903E-01
4.283296E-08,-1.4974632E-01
4.288296E-08,-1.4974632E-01
4.293296E-08,-1.4969361E-01
4.298296E-08,-1.4964090E-01
4.303296E-08,-1.4964090E-01
4.308296E-08,-1.4958819E-01
4.313296E-08,-1.4953548E-01
4.318296E-08,-1.4948277E-01
4.323296E-08,-1.4943006E-01
4.328296E-08,-1.4937735E-01
4.333296E-08,-1.4932464E-01
4.338296E-08,-1.4927194E-01
4.343296E-08,-1.4921923E-01
4.348296E-08,-1.4911381E-01
4.353296E-08,-1.4906110E-01
4.358296E-08,-1.4900839E-01
4.363296E-08,-1.4895568E-01
4.368296E-08,-1.4890297E-01
4.373296E-08,-1.4879755E-01
4.378296E-08,-1.4874485E-01
4.383296E-08,-1.4869214E-01
4.388296E-08,-1.4863943E-01
4.393296E-08,-1.4858672E-01
4.398296E-08,-1.4853401E-01
4.403296E-08,-1.4848130E-01
4.408296E-08,-1.4848130E-01
4.413296E-08,-1.4842859E-01
4.418296E-08,-1.4837588E-01
4.423296E-08,-1.4832317E-01
4.428296E-08,-1.4832317E-01
4.433296E-08,-1.4827046E-01
4.438296E-08,-1.4827046E-01
4.443296E-08,-1.4821776E-01
4.448296E-08,-1.4821776E-01
4.453296E-08,-1.4821776E-01
4.458296E-08,-1.4821776E-01
4.463296E-08,-1.4816505E-01
4.468296E-08,-1.4816505E-01
4.473296E-08,-1.4816505E-01
4.478296E-08,-1.4816505E-01
4.483296E-08,-1.4816505E-01
4.488296E-08,-1.4816505E-01
4.493296E-08,-1.4816505E-01
4.498296E-08,-1.4816505E-01
4.503296E-08,-1.4816505E-01
4.508296E-08,-1.4816505E-01
4.513296E-08,-1.4816505E-01
4.518296E-08,-1.4816505E-01
4.523296E-08,-1.4816505E-01
4.528296E-08,-1.4816505E-01
4.533296E-08,-1.4816505E-01
4.538296E-08,-1.4821776E-01
4.543296E-08,-1.4821776E-01
4.548296E-08,-1.4821776E-01
4.553296E-08,-1.4821776E-01
4.558296E-08,-1.4827046E-01
4.563296E-08,-1.4827046E-01
4.568296E-08,-1.4827046E-01
4.573296E-08,-1.4832317E-01
4.578296E-08,-1.4832317E-01
4.583296E-08,-1.4837588E-01
4.588296E-08,-1.4842859E-01
4.593296E-08,-1.4848130E-01
4.598296E-08,-1.4848130E-01
4.603296E-08,-1.4853401E-01
4.608296E-08,-1.4858672E-01
4.613296E-08,-1.4863943E-01
4.618296E-08,-1.4869214E-01
4.623296E-08,-1.4874485E-01
4.628296E-08,-1.4879755E-01
4.633296E-08,-1.4890297E-01
4.638296E-08,-1.4895568E-01
4.643296E-08,-1.4900839E-01
4.648296E-08,-1.4906110E-01
4.653296E-08,-1.4911381E-01
4.658296E-08,-1.4921923E-01
4.663296E-08,-1.4927194E-01
4.668296E-08,-1.4932464E-01
4.673296E-08,-1.4937735E-01
4.678296E-08,-1.4943006E-01
4.683296E-08,-1.4948277E-01
4.688296E-08,-1.4953548E-01
4.693296E-08,-1.4958819E-01
4.698296E-08,-1.4964090E-01
4.703296E-08,-1.4964090E-01
4.708296E-08,-1.4969361E-01
4.713296E-08,-1.4969361E-01
4.718296E-08,-1.4974632E-01
4.723296E-08,-1.4974632E-01
4.728296E-08,-1.4979903E-01
4.733296E-08,-1.4979903E-01
4.738296E-08,-1.4979903E-01
4.743296E-08,-1.4979903E-01
4.748296E-08,-1.4979903E-01
4.753296E-08,-1.4979903E-01
4.758296E-08,-1.4979903E-01
4.763296E-08,-1.4979903E-01
4.768296E-08,-1.4974632E-01
4.773296E-08,-1.4974632E-01
4.778296E-08,-1.4974632E-01
4.783296E-08,-1.4974632E-01
4.788296E-08,-1.4969361E-01
4.793296E-08,-1.4969361E-01
4.798296E-08,-1.4969361E-01
4.803296E-08,-1.4969361E-01
4.808296E-08,-1.4969361E-01
4.813296E-08,-1.4964090E-01
4.818296E-08,-1.4964090E-01
4.823296E-08,-1.4964090E-01
4.828296E-08,-1.4964090E-01
4.833296E-08,-1.4964090E-01
4.838296E-08,-1.4964090E-01
4.843296E-08,-1.4958819E-01
4.848296E-08,-1.4958819E-01
4.853296E-08,-1.4958819E-01
4.858296E-08,-1.4958819E-01
4.863296E-08,-1.4958819E-01
4.868296E-08,-1.4958819E-01
4.873296E-08,-1.4958819E-01
4.878296E-08,-1.4958819E-01
4.883296E-08,-1.4958819E-01
4.888296E-08,-1.4958819E-01
4.893296E-08,-1.4958819E-01
4.898296E-08,-1.4958819E-01
4.903296E-08,-1.4958819E-01
4.908296E-08,-1.4958819E-01
4.913296E-08,-1.4958819E-01
4.918296E-08,-1.4958819E-01
4.923296E-08,-1.4953548E-01
4.928296E-08,-1.4953548E-01
4.933296E-08,-1.4953548E-01
4.938296E-08,-1.4953548E-01
4.943296E-08,-1.4953548E-01
4.948296E-08,-1.4953548E-01
4.953296E-08,-1.4948277E-01
4.958296E-08,-1.4948277E-01
4.963296E-08,-1.4948277E-01
4.968296E-08,-1.4948277E-01
4.973296E-08,-1.4948277E-01
4.978296E-08,-1.4948277E-01
4.983296E-08,-1.4948277E-01
4.988296E-08,-1.4948277E-01
4.993296E-08,-1.4943006E-01
4.998296E-08,-1.4943006E-01
5.003296E-08,-1.4943006E-01
5.008296E-08,-1.4943006E-01
5.013296E-08,-1.4943006E-01
5.018296E-08,-1.4943006E-01
5.023296E-08,-1.4943006E-01
5.028296E-08,-1.4943006E-01
5.033296E-08,-1.4943006E-01
5.038296E-08,-1.4943006E-01
5.043296E-08,-1.4943006E-01
5.048296E-08,-1.4943006E-01
5.053296E-08,-1.4943006E-01
5.058296E-08,-1.4943006E-01
5.063296E-08,-1.4943006E-01
5.068296E-08,-1.4943006E-01
5.073296E-08,-1.4943006E-01
5.078296E-08,-1.4937735E-01
5.083296E-08,-1.4937735E-01
5.088296E-08,-1.4937735E-01
5.093296E-08,-1.4937735E-01
5.098296E-08,-1.4937735E-01
5.103296E-08,-1.4937735E-01
5.108296E-08,-1.4932464E-01
5.113296E-08,-1.4932464E-01
5.118296E-08,-1.4932464E-01
5.123296E-08,-1.4932464E-01
5.128296E-08,-1.4932464E-01
5.133296E-08,-1.4932464E-01
5.138296E-08,-1.4932464E-01
5.143296E-08,-1.4927194E-01
5.148296E-08,-1.4927194E-01
5.153296E-08,-1.4927194E-01
5.158296E-08,-1.4927194E-01
5.163296E-08,-1.4932464E-01
5.168296E-08,-1.4932464E-01
5.173296E-08,-1.4932464E-01
5.178296E-08,-1.4932464E-01
5.183296E-08,-1.4932464E-01
5.188296E-08,-1.4937735E-01
5.193296E-08,-1.4937735E-01
5.198296E-08,-1.4943006E-01
5.203296E-08,-1.4943006E-01
5.208296E-08,-1.4948277E-01
5.213296E-08,-1.4948277E-01
5.218296E-08,-1.4953548E-01
5.223296E-08,-1.4953548E-01
5.228296E-08,-1.4958819E-01
5.233296E-08,-1.4958819E-01
5.238296E-08,-1.4964090E-01
5.243296E-08,-1.4969361E-01
5.248296E-08,-1.4969361E-01
5.253296E-08,-1.4974632E-01
5.258296E-08,-1.4974632E-01
5.263296E-08,-1.4979903E-01
5.268296E-08,-1.4979903E-01
5.273296E-08,-1.4985173E-01
5.278296E-08,-1.4985173E-01
5.283296E-08,-1.4985173E-01
5.288296E-08,-1.4985173E-01
5.293296E-08,-1.4990444E-01
5.298296E-08,-1.4990444E-01
5.303296E-08,-1.4990444E-01
5.308296E-08,-1.4990444E-01
5.313296E-08,-1.4990444E-01
5.318296E-08,-1.4990444E-01
5.323296E-08,-1.4990444E-01
5.328296E-08,-1.4990444E-01
5.333296E-08,-1.4985173E-01
5.338296E-08,-1.4985173E-01
5.343296E-08,-1.4985173E-01
5.348296E-08,-1.4985173E-01
5.353296E-08,-1.4985173E-01
5.358296E-08,-1.4985173E-01
5.363296E-08,-1.4979903E-01
5.368296E-08,-1.4979903E-01
5.373296E-08,-1.4979903E-01
5.378296E-08,-1.4979903E-01
5.383296E-08,-1.4979903E-01
5.388296E-08,-1.4979903E-01
5.393296E-08,-1.4979903E-01
5.398296E-08,-1.4979903E-01
5.403296E-08,-1.4979903E-01
5.408296E-08,-1.4979903E-01
5.413296E-08,-1.4979903E-01
5.418296E-08,-1.4979903E-01
5.423296E-08,-1.4979903E-01
5.428296E-08,-1.4985173E-01
5.433296E-08,-1.4985173E-01
5.438296E-08,-1.4985173E-01
5.443296E-08,-1.4985173E-01
5.448296E-08,-1.4985173E-01
5.453296E-08,-1.4985173E-01
5.458296E-08,-1.4990444E-01
5.463296E-08,-1.4990444E-01
5.468296E-08,-1.4990444E-01
5.473296E-08,-1.4990444E-01
5.478296E-08,-1.4990444E-01
5.483296E-08,-1.4990444E-01
5.488296E-08,-1.4995715E-01
5.493296E-08,-1.4995715E-01
5.498296E-08,-1.4995715E-01
5.503296E-08,-1.4995715E-01
5.508296E-08,-1.4995715E-01
5.513296E-08,-1.4995715E-01
5.518296E-08,-1.4995715E-01
5.523296E-08,-1.4995715E-01
5.528296E-08,-1.4995715E-01
5.533296E-08,-1.4995715E-01
5.538296E-08,-1.4995715E-01
5.543296E-08,-1.4995715E-01
5.548296E-08,-1.4995715E-01
5.553296E-08,-1.4995715E-01
5.558296E-08,-1.4995715E-01
5.563296E-08,-1.4995715E-01
5.568296E-08,-1.4995715E-01
5.573296E-08,-1.4995715E-01
5.578296E-08,-1.4995715E-01
5.583296E-08,-1.4995715E-01
5.588296E-08,-1.5000986E-01
5.593296E-08,-1.5000986E-01
5.598296E-08,-1.5000986E-01
5.603296E-08,-1.5000986E-01
5.608296E-08,-1.5000986E-01
5.613296E-08,-1.5000986E-01
5.618296E-08,-1.5000986E-01
5.623296E-08,-1.5006257E-01
5.628296E-08,-1.5006257E-01
5.633296E-08,-1.5006257E-01
5.638296E-08,-1.5006257E-01
5.643296E-08,-1.5006257E-01
5.648296E-08,-1.5006257E-01
5.653296E-08,-1.5006257E-01
5.658296E-08,-1.5006257E-01
5.663296E-08,-1.5006257E-01
5.668296E-08,-1.5006257E-01
5.673296E-08,-1.5006257E-01
5.678296E-08,-1.5006257E-01
5.683296E-08,-1.5006257E-01
5.688296E-08,-1.5006257E-01
5.693296E-08,-1.5000986E-01
5.698296E-08,-1.5000986E-01
5.703296E-08,-1.5000986E-01
5.708296E-08,-1.5000986E-01
5.713296E-08,-1.5000986E-01
5.718296E-08,-1.5000986E-01
5.723296E-08,-1.4995715E-01
5.728296E-08,-1.4995715E-01
5.733296E-08,-1.4995715E-01
5.738296E-08,-1.4995715E-01
5.743296E-08,-1.4995715E-01
5.748296E-08,-1.4995715E-01
5.753296E-08,-1.4995715E-01
5.758296E-08,-1.4990444E-01
5.763296E-08,-1.4990444E-01
5.768296E-08,-1.4990444E-01
5.773296E-08,-1.4990444E-01
5.778296E-08,-1.4990444E-01
5.783296E-08,-1.4990444E-01
5.788296E-08,-1.4990444E-01
5.793296E-08,-1.4990444E-01
5.798296E-08,-1.4990444E-01
5.803296E-08,-1.4990444E-01
5.808296E-08,-1.4990444E-01
5.813296E-08,-1.4990444E-01
5.818296E-08,-1.4990444E-01
5.823296E-08,-1.4990444E-01
5.828296E-08,-1.4985173E-01
5.833296E-08,-1.4985173E-01
5.838296E-08,-1.4985173E-01
5.843296E-08,-1.4985173E-01
5.848296E-08,-1.4979903E-01
5.853296E-08,-1.4979903E-01
5.858296E-08,-1.4974632E-01
5.863296E-08,-1.4974632E-01
5.868296E-08,-1.4969361E-01
5.873296E-08,-1.4969361E-01
5.878296E-08,-1.4964090E-01
5.883296E-08,-1.4958819E-01
5.888296E-08,-1.4958819E-01
5.893296E-08,-1.4953548E-01
5.898296E-08,-1.4948277E-01
5.903296E-08,-1.4948277E-01
5.908296E-08,-1.4943006E-01
5.913296E-08,-1.4937735E-01
5.918296E-08,-1.4937735E-01
5.923296E-08,-1.4932464E-01
5.928296E-08,-1.4927194E-01
5.933296E-08,-1.4927194E-01
5.938296E-08,-1.4921923E-01
5.943296E-08,-1.4921923E-01
5.948296E-08,-1.4921923E-01
5.953296E-08,-1.4916652E-01
5.958296E-08,-1.4916652E-01
5.963296E-08,-1.4916652E-01
5.968296E-08,-1.4916652E-01
5.973296E-08,-1.4916652E-01
5.978296E-08,-1.4916652E-01
5.983296E-08,-1.4916652E-01
5.988296E-08,-1.4916652E-01
5.993296E-08,-1.4916652E-01
5.998296E-08,-1.4916652E-01
6.003296E-08,-1.4921923E-01
6.008296E-08,-1.4921923E-01
6.013296E-08,-1.4921923E-01
6.018296E-08,-1.4921923E-01
6.023296E-08,-1.4927194E-01
6.028296E-08,-1.4927194E-01
6.033296E-08,-1.4927194E-01
6.038296E-08,-1.4932464E-01
6.043296E-08,-1.4932464E-01
6.048296E-08,-1.4932464E-01
6.053296E-08,-1.4937735E-01
6.058296E-08,-1.4937735E-01
6.063296E-08,-1.4937735E-01
6.068296E-08,-1.4937735E-01
6.073296E-08,-1.4943006E-01
6.078296E-08,-1.4943006E-01
6.083296E-08,-1.4943006E-01
6.088296E-08,-1.4943006E-01
6.093296E-08,-1.4948277E-01
6.098296E-08,-1.4948277E-01
6.103296E-08,-1.4948277E-01
6.108296E-08,-1.4948277E-01
6.113296E-08,-1.4953548E-01
6.118296E-08,-1.4953548E-01
6.123296E-08,-1.4953548E-01
6.128296E-08,-1.4958819E-01
6.133296E-08,-1.4958819E-01
6.138296E-08,-1.4964090E-01
6.143296E-08,-1.4964090E-01
6.148296E-08,-1.4969361E-01
6.153296E-08,-1.4969361E-01
6.158296E-08,-1.4974632E-01
6.163296E-08,-1.4974632E-01
6.168296E-08,-1.4979903E-01
6.173296E-08,-1.4979903E-01
6.178296E-08,-1.4985173E-01
6.183296E-08,-1.4985173E-01
6.188296E-08,-1.4990444E-01
6.193296E-08,-1.4995715E-01
6.198296E-08,-1.4995715E-01
6.203296E-08,-1.5000986E-01
6.208296E-08,-1.5000986E-01
6.213296E-08,-1.5006257E-01
6.218296E-08,-1.5006257E-01
6.223296E-08,-1.5006257E-01
6.228296E-08,-1.5011528E-01
6.233296E-08,-1.5011528E-01
6.238296E-08,-1.5011528E-01
6.243296E-08,-1.5011528E-01
6.248296E-08,-1.5016799E-01
6.253296E-08,-1.5016799E-01
6.258296E-08,-1.5016799E-01
6.263296E-08,-1.5016799E-01
6.268296E-08,-1.5016799E-01
6.273296E-08,-1.5016799E-01
6.278296E-08,-1.5016799E-01
6.283296E-08,-1.5016799E-01
6.288296E-08,-1.5016799E-01
6.293296E-08,-1.5016799E-01
6.298296E-08,-1.5016799E-01
6.303296E-08,-1.5016799E-01
6.308296E-08,-1.5016799E-01
6.313296E-08,-1.5016799E-01
6.318296E-08,-1.5016799E-01
6.323296E-08,-1.5016799E-01
6.328296E-08,-1.5016799E-01
6.333296E-08,-1.5022070E-01
6.338296E-08,-1.5022070E-01
6.343296E-08,-1.5027341E-01
6.348296E-08,-1.5027341E-01
6.353296E-08,-1.5032612E-01
6.358296E-08,-1.5032612E-01
6.363296E-08,-1.5037883E-01
6.368296E-08,-1.5037883E-01
6.373296E-08,-1.5043153E-01
6.378296E-08,-1.5043153E-01
6.383296E-08,-1.5048424E-01
6.388296E-08,-1.5048424E-01
6.393296E-08,-1.5048424E-01
6.398296E-08,-1.5053695E-01
6.403296E-08,-1.5053695E-01
6.408296E-08,-1.5053695E-01
6.413296E-08,-1.5053695E-01
6.418296E-08,-1.5053695E-01
6.423296E-08,-1.5048424E-01
6.428296E-08,-1.5048424E-01
6.433296E-08,-1.5043153E-01
6.438296E-08,-1.5037883E-01
6.443296E-08,-1.5032612E-01
6.448296E-08,-1.5027341E-01
6.453296E-08,-1.5022070E-01
6.458296E-08,-1.5016799E-01
6.463296E-08,-1.5006257E-01
6.468296E-08,-1.5000986E-01
6.473296E-08,-1.4990444E-01
6.478296E-08,-1.4979903E-01
6.483296E-08,-1.4969361E-01
6.488296E-08,-1.4958819E-01
6.493296E-08,-1.4948277E-01
6.498296E-08,-1.4937735E-01
6.503296E-08,-1.4927194E-01
6.508296E-08,-1.4916652E-01
6.513296E-08,-1.4911381E-01
6.518296E-08,-1.4900839E-01
6.523296E-08,-1.4890297E-01
6.528296E-08,-1.4885026E-01
6.533296E-08,-1.4879755E-01
6.538296E-08,-1.4874485E-01
6.543296E-08,-1.4869214E-01
6.548296E-08,-1.4863943E-01
6.553296E-08,-1.4863943E-01
6.558296E-08,-1.4858672E-01
6.563296E-08,-1.4858672E-01
6.568296E-08,-1.4858672E-01
6.573296E-08,-1.4863943E-01
6.578296E-08,-1.4863943E-01
6.583296E-08,-1.4869214E-01
6.588296E-08,-1.4874485E-01
6.593296E-08,-1.4879755E-01
6.598296E-08,-1.4885026E-01
6.603296E-08,-1.4890297E-01
6.608296E-08,-1.4895568E-01
6.613296E-08,-1.4906110E-01
6.618296E-08,-1.4911381E-01
6.623296E-08,-1.4921923E-01
6.628296E-08,-1.4927194E-01
6.633296E-08,-1.4937735E-01
6.638296E-08,-1.4943006E-01
6.643296E-08,-1.4953548E-01
6.648296E-08,-1.4958819E-01
6.653296E-08,-1.4969361E-01
6.658296E-08,-1.4974632E-01
6.663296E-08,-1.4979903E-01
6.668296E-08,-1.4985173E-01
6.673296E-08,-1.4990444E-01
6.678296E-08,-1.4995715E-01
6.683296E-08,-1.5000986E-01
6.688296E-08,-1.5000986E-01
6.693296E-08,-1.5006257E-01
6.698296E-08,-1.5006257E-01
6.703296E-08,-1.5006257E-01
6.708296E-08,-1.5006257E-01
6.713296E-08,-1.5006257E-01
6.718296E-08,-1.5006257E-01
6.723296E-08,-1.5006257E-01
6.728296E-08,-1.5006257E-01
6.733296E-08,-1.5006257E-01
6.738296E-08,-1.5006257E-01
6.743296E-08,-1.5000986E-01
6.748296E-08,-1.5000986E-01
6.753296E-08,-1.5000986E-01
6.758296E-08,-1.5000986E-01
6.763296E-08,-1.4995715E-01
6.768296E-08,-1.4995715E-01
6.773296E-08,-1.4995715E-01
6.778296E-08,-1.4995715E-01
6.783296E-08,-1.4990444E-01
6.788296E-08,-1.4990444E-01
6.793296E-08,-1.4990444E-01
6.798296E-08,-1.4990444E-01
6.803296E-08,-1.4990444E-01
6.808296E-08,-1.4990444E-01
6.813296E-08,-1.4985173E-01
6.818296E-08,-1.4985173E-01
6.823296E-08,-1.4985173E-01
6.828296E-08,-1.4985173E-01
6.833296E-08,-1.4985173E-01
6.838296E-08,-1.4985173E-01
6.843296E-08,-1.4979903E-01
6.848296E-08,-1.4979903E-01
6.853296E-08,-1.4979903E-01
6.858296E-08,-1.4979903E-01
6.863296E-08,-1.4974632E-01
6.868296E-08,-1.4974632E-01
6.873296E-08,-1.4969361E-01
6.878296E-08,-1.4969361E-01
6.883296E-08,-1.4969361E-01
6.888296E-08,-1.4964090E-01
6.893296E-08,-1.4964090E-01
6.898296E-08,-1.4958819E-01
6.903296E-08,-1.4958819E-01
6.908296E-08,-1.4953548E-01
6.913296E-08,-1.4953548E-01
6.918296E-08,-1.4948277E-01
6.923296E-08,-1.4948277E-01
6.928296E-08,-1.4943006E-01
6.933296E-08,-1.4943006E-01
6.938296E-08,-1.4943006E-01
6.943296E-08,-1.4943006E-01
6.948296E-08,-1.4943006E-01
6.953296E-08,-1.4943006E-01
6.958296E-08,-1.4943006E-01
6.963296E-08,-1.4943006E-01
6.968296E-08,-1.4943006E-01
6.973296E-08,-1.4943006E-01
6.978296E-08,-1.4948277E-01
6.983296E-08,-1.4948277E-01
6.988296E-08,-1.4953548E-01
6.993296E-08,-1.4953548E-01
6.998296E-08,-1.4958819E-01
7.003296E-08,-1.4958819E-01
7.008296E-08,-1.4964090E-01
7.013296E-08,-1.4969361E-01
7.018296E-08,-1.4969361E-01
7.023296E-08,-1.4974632E-01
7.028296E-08,-1.4979903E-01
7.033296E-08,-1.4979903E-01
7.038296E-08,-1.4985173E-01
7.043296E-08,-1.4990444E-01
7.048296E-08,-1.4990444E-01
7.053296E-08,-1.4990444E-01
7.058296E-08,-1.4995715E-01
7.063296E-08,-1.4995715E-01
7.068296E-08,-1.4995715E-01
7.073296E-08,-1.4995715E-01
7.078296E-08,-1.5000986E-01
7.083296E-08,-1.5000986E-01
7.088296E-08,-1.4995715E-01
7.093296E-08,-1.4995715E-01
7.098296E-08,-1.4995715E-01
7.103296E-08,-1.4995715E-01
7.108296E-08,-1.4990444E-01
7.113296E-08,-1.4990444E-01
7.118296E-08,-1.4985173E-01
7.123296E-08,-1.4985173E-01
7.128296E-08,-1.4979903E-01
7.133296E-08,-1.4974632E-01
7.138296E-08,-1.4974632E-01
7.143296E-08,-1.4969361E-01
7.148296E-08,-1.4964090E-01
7.153296E-08,-1.4964090E-01
7.158296E-08,-1.4958819E-01
7.163296E-08,-1.4953548E-01
7.168296E-08,-1.4953548E-01
7.173296E-08,-1.4948277E-01
7.178296E-08,-1.4943006E-01
7.183296E-08,-1.4943006E-01
7.188296E-08,-1.4937735E-01
7.193296E-08,-1.4937735E-01
7.198296E-08,-1.4932464E-01
7.203296E-08,-1.4932464E-01
7.208296E-08,-1.4927194E-01
7.213296E-08,-1.4927194E-01
7.218296E-08,-1.4927194E-01
7.223296E-08,-1.4921923E-01
7.228296E-08,-1.4921923E-01
7.233296E-08,-1.4921923E-01
7.238296E-08,-1.4921923E-01
7.243296E-08,-1.4916652E-01
7.248296E-08,-1.4916652E-01
7.253296E-08,-1.4916652E-01
7.258296E-08,-1.4916652E-01
7.263296E-08,-1.4916652E-01
7.268296E-08,-1.4916652E-01
7.273296E-08,-1.4916652E-01
7.278296E-08,-1.4916652E-01
7.283296E-08,-1.4916652E-01
7.288296E-08,-1.4916652E-01
7.293296E-08,-1.4916652E-01
7.298296E-08,-1.4921923E-01
7.303296E-08,-1.4921923E-01
7.308296E-08,-1.4921923E-01
7.313296E-08,-1.4921923E-01
7.318296E-08,-1.4921923E-01
7.323296E-08,-1.4927194E-01
7.328296E-08,-1.4927194E-01
7.333296E-08,-1.4927194E-01
7.338296E-08,-1.4932464E-01
7.343296E-08,-1.4932464E-01
7.348296E-08,-1.4937735E-01
7.353296E-08,-1.4937735E-01
7.358296E-08,-1.4937735E-01
7.363296E-08,-1.4943006E-01
7.368296E-08,-1.4943006E-01
7.373296E-08,-1.4943006E-01
7.378296E-08,-1.4948277E-01
7.383296E-08,-1.4948277E-01
7.388296E-08,-1.4948277E-01
7.393296E-08,-1.4948277E-01
7.398296E-08,-1.4953548E-01
7.403296E-08,-1.4953548E-01
7.408296E-08,-1.4953548E-01
7.413296E-08,-1.4953548E-01
7.418296E-08,-1.4953548E-01
7.423296E-08,-1.4953548E-01
7.428296E-08,-1.4948277E-01
7.433296E-08,-1.4948277E-01
7.438296E-08,-1.4948277E-01
7.443296E-08,-1.4943006E-01
7.448296E-08,-1.4943006E-01
7.453296E-08,-1.4937735E-01
7.458296E-08,-1.4937735E-01
7.463296E-08,-1.4932464E-01
7.468296E-08,-1.4932464E-01
7.473296E-08,-1.4927194E-01
7.478296E-08,-1.4927194E-01
7.483296E-08,-1.4921923E-01
7.488296E-08,-1.4921923E-01
7.493296E-08,-1.4916652E-01
7.498296E-08,-1.4916652E-01
7.503296E-08,-1.4911381E-01
7.508296E-08,-1.4911381E-01
7.513296E-08,-1.4911381E-01
7.518296E-08,-1.4911381E-01
7.523296E-08,-1.4911381E-01
7.528296E-08,-1.4911381E-01
7.533296E-08,-1.4916652E-01
7.538296E-08,-1.4916652E-01
7.543296E-08,-1.4921923E-01
7.548296E-08,-1.4921923E-01
7.553296E-08,-1.4927194E-01
7.558296E-08,-1.4932464E-01
7.563296E-08,-1.4937735E-01
7.568296E-08,-1.4943006E-01
7.573296E-08,-1.4948277E-01
7.578296E-08,-1.4958819E-01
7.583296E-08,-1.4964090E-01
7.588296E-08,-1.4974632E-01
7.593296E-08,-1.4979903E-01
7.598296E-08,-1.4990444E-01
7.603296E-08,-1.4995715E-01
7.608296E-08,-1.5006257E-01
7.613296E-08,-1.5016799E-01
7.618296E-08,-1.5022070E-01
7.623296E-08,-1.5032612E-01
7.628296E-08,-1.5037883E-01
7.633296E-08,-1.5048424E-01
7.638296E-08,-1.5053695E-01
7.643296E-08,-1.5058966E-01
7.648296E-08,-1.5064237E-01
7.653296E-08,-1.5069508E-01
7.658296E-08,-1.5074779E-01
7.663296E-08,-1.5080050E-01
7.668296E-08,-1.5085321E-01
7.673296E-08,-1.5085321E-01
7.678296E-08,-1.5090592E-01
7.683296E-08,-1.5090592E-01
7.688296E-08,-1.5090592E-01
7.693296E-08,-1.5090592E-01
7.698296E-08,-1.5090592E-01
7.703296E-08,-1.5090592E-01
7.708296E-08,-1.5085321E-01
7.713296E-08,-1.5085321E-01
7.718296E-08,-1.5080050E-01
7.723296E-08,-1.5080050E-01
7.728296E-08,-1.5074779E-01
7.733296E-08,-1.5069508E-01
7.738296E-08,-1.5069508E-01
7.743296E-08,-1.5064237E-01
7.748296E-08,-1.5058966E-01
7.753296E-08,-1.5053695E-01
7.758296E-08,-1.5048424E-01
7.763296E-08,-1.5043153E-01
7.768296E-08,-1.5043153E-01
7.773296E-08,-1.5037883E-01
7.778296E-08,-1.5032612E-01
7.783296E-08,-1.5027341E-01
7.788296E-08,-1.5022070E-01
7.793296E-08,-1.5016799E-01
7.798296E-08,-1.5011528E-01
7.803296E-08,-1.5006257E-01
7.808296E-08,-1.5006257E-01
7.813296E-08,-1.5000986E-01
7.818296E-08,-1.4995715E-01
7.823296E-08,-1.4990444E-01
7.828296E-08,-1.4985173E-01
7.833296E-08,-1.4985173E-01
7.838296E-08,-1.4979903E-01
7.843296E-08,-1.4974632E-01
7.848296E-08,-1.4969361E-01
7.853296E-08,-1.4969361E-01
7.858296E-08,-1.4964090E-01
7.863296E-08,-1.4958819E-01
7.868296E-08,-1.4958819E-01
7.873296E-08,-1.4953548E-01
7.878296E-08,-1.4953548E-01
7.883296E-08,-1.4948277E-01
7.888296E-08,-1.4948277E-01
7.893296E-08,-1.4943006E-01
7.898296E-08,-1.4943006E-01
7.903296E-08,-1.4937735E-01
7.908296E-08,-1.4937735E-01
7.913296E-08,-1.4937735E-01
7.918296E-08,-1.4937735E-01
7.923296E-08,-1.4937735E-01
7.928296E-08,-1.4937735E-01
7.933296E-08,-1.4937735E-01
7.938296E-08,-1.4937735E-01
7.943296E-08,-1.4937735E-01
7.948296E-08,-1.4937735E-01
7.953296E-08,-1.4937735E-01
7.958296E-08,-1.4943006E-01
7.963296E-08,-1.4943006E-01
7.968296E-08,-1.4943006E-01
7.973296E-08,-1.4948277E-01
7.978296E-08,-1.4948277E-01
7.983296E-08,-1.4948277E-01
7.988296E-08,-1.4953548E-01
7.993296E-08,-1.4953548E-01
7.998296E-08,-1.4958819E-01
8.003296E-08,-1.4958819E-01
8.008296E-08,-1.4958819E-01
8.013296E-08,-1.4964090E-01
8.018296E-08,-1.4964090E-01
8.023296E-08,-1.4964090E-01
8.028296E-08,-1.4964090E-01
8.033296E-08,-1.4969361E-01
8.038296E-08,-1.4969361E-01
8.043296E-08,-1.4969361E-01
8.048296E-08,-1.4964090E-01
8.053296E-08,-1.4964090E-01
8.058296E-08,-1.4964090E-01
8.063296E-08,-1.4964090E-01
8.068296E-08,-1.4958819E-01
8.073296E-08,-1.4958819E-01
8.078296E-08,-1.4953548E-01
8.083296E-08,-1.4953548E-01
8.088296E-08,-1.4948277E-01
8.093296E-08,-1.4948277E-01
8.098296E-08,-1.4943006E-01
8.103296E-08,-1.4943006E-01
8.108296E-08,-1.4937735E-01
8.113296E-08,-1.4937735E-01
8.118296E-08,-1.4932464E-01
8.123296E-08,-1.4932464E-01
8.128296E-08,-1.4927194E-01
8.133296E-08,-1.4927194E-01
8.138296E-08,-1.4927194E-01
8.143296E-08,-1.4921923E-01
8.148296E-08,-1.4921923E-01
8.153296E-08,-1.4921923E-01
8.158296E-08,-1.4921923E-01
8.163296E-08,-1.4921923E-01
8.168296E-08,-1.4927194E-01
8.173296E-08,-1.4927194E-01
8.178296E-08,-1.4927194E-01
8.183296E-08,-1.4932464E-01
8.188296E-08,-1.4932464E-01
8.193296E-08,-1.4937735E-01
8.198296E-08,-1.4943006E-01
8.203296E-08,-1.4943006E-01
8.208296E-08,-1.4948277E-01
8.213296E-08,-1.4948277E-01
8.218296E-08,-1.4953548E-01
8.223296E-08,-1.4958819E-01
8.228296E-08,-1.4958819E-01
8.233296E-08,-1.4964090E-01
8.238296E-08,-1.4969361E-01
8.243296E-08,-1.4969361E-01
8.248296E-08,-1.4974632E-01
8.253296E-08,-1.4974632E-01
8.258296E-08,-1.4974632E-01
8.263296E-08,-1.4974632E-01
8.268296E-08,-1.4974632E-01
8.273296E-08,-1.4974632E-01
8.278296E-08,-1.4974632E-01
8.283296E-08,-1.4974632E-01
8.288296E-08,-1.4974632E-01
8.293296E-08,-1.4969361E-01
8.298296E-08,-1.4969361E-01
8.303296E-08,-1.4964090E-01
8.308296E-08,-1.4964090E-01
8.313296E-08,-1.4958819E-01
8.318296E-08,-1.4953548E-01
8.323296E-08,-1.4953548E-01
8.328296E-08,-1.4948277E-01
8.333296E-08,-1.4943006E-01
8.338296E-08,-1.4937735E-01
8.343296E-08,-1.4937735E-01
8.348296E-08,-1.4932464E-01
8.353296E-08,-1.4927194E-01
8.358296E-08,-1.4921923E-01
8.363296E-08,-1.4921923E-01
8.368296E-08,-1.4916652E-01
8.373296E-08,-1.4916652E-01
8.378296E-08,-1.4911381E-01
8.383296E-08,-1.4911381E-01
8.388296E-08,-1.4911381E-01
8.393296E-08,-1.4906110E-01
8.398296E-08,-1.4906110E-01
8.403296E-08,-1.4906110E-01
8.408296E-08,-1.4906110E-01
8.413296E-08,-1.4906110E-01
8.418296E-08,-1.4911381E-01
8.423296E-08,-1.4911381E-01
8.428296E-08,-1.4911381E-01
8.433296E-08,-1.4911381E-01
8.438296E-08,-1.4916652E-01
8.443296E-08,-1.4916652E-01
8.448296E-08,-1.4921923E-01
8.453296E-08,-1.4921923E-01
8.458296E-08,-1.4927194E-01
8.463296E-08,-1.4927194E-01
8.468296E-08,-1.4932464E-01
8.473296E-08,-1.4932464E-01
8.478296E-08,-1.4937735E-01
8.483296E-08,-1.4937735E-01
8.488296E-08,-1.4943006E-01
8.493296E-08,-1.4943006E-01
8.498296E-08,-1.4943006E-01
8.503296E-08,-1.4948277E-01
8.508296E-08,-1.4948277E-01
8.513296E-08,-1.4948277E-01
8.518296E-08,-1.4953548E-01
8.523296E-08,-1.4953548E-01
8.528296E-08,-1.4953548E-01
8.533296E-08,-1.4958819E-01
8.538296E-08,-1.4958819E-01
8.543296E-08,-1.4958819E-01
8.548296E-08,-1.4958819E-01
8.553296E-08,-1.4964090E-01
8.558296E-08,-1.4964090E-01
8.563296E-08,-1.4964090E-01
8.568296E-08,-1.4964090E-01
8.573296E-08,-1.4969361E-01
8.578296E-08,-1.4969361E-01
8.583296E-08,-1.4969361E-01
8.588296E-08,-1.4969361E-01
8.593296E-08,-1.4974632E-01
8.598296E-08,-1.4974632E-01
8.603296E-08,-1.4974632E-01
8.608296E-08,-1.4974632E-01
8.613296E-08,-1.4979903E-01
8.618296E-08,-1.4979903E-01
8.623296E-08,-1.4979903E-01
8.628296E-08,-1.4985173E-01
8.633296E-08,-1.4985173E-01
8.638296E-08,-1.4985173E-01
8.643296E-08,-1.4985173E-01
8.648296E-08,-1.4985173E-01
8.653296E-08,-1.4990444E-01
8.658296E-08,-1.4990444E-01
8.663296E-08,-1.4990444E-01
8.668296E-08,-1.4990444E-01
8.673296E-08,-1.4990444E-01
8.678296E-08,-1.4990444E-01
8.683296E-08,-1.4990444E-01
8.688296E-08,-1.4985173E-01
8.693296E-08,-1.4985173E-01
8.698296E-08,-1.4985173E-01
8.703296E-08,-1.4985173E-01
8.708296E-08,-1.4979903E-01
8.713296E-08,-1.4979903E-01
8.718296E-08,-1.4974632E-01
8.723296E-08,-1.4974632E-01
8.728296E-08,-1.4969361E-01
8.733296E-08,-1.4969361E-01
8.738296E-08,-1.4964090E-01
8.743296E-08,-1.4964090E-01
8.748296E-08,-1.4958819E-01
8.753296E-08,-1.4958819E-01
8.758296E-08,-1.4953548E-01
8.763296E-08,-1.4953548E-01
8.768296E-08,-1.4953548E-01
8.773296E-08,-1.4948277E-01
8.778296E-08,-1.4948277E-01
8.783296E-08,-1.4948277E-01
8.788296E-08,-1.4948277E-01
8.793296E-08,-1.4943006E-01
8.798296E-08,-1.4943006E-01
8.803296E-08,-1.4943006E-01
8.808296E-08,-1.4948277E-01
8.813296E-08,-1.4948277E-01
8.818296E-08,-1.4948277E-01
8.823296E-08,-1.4948277E-01
8.828296E-08,-1.4948277E-01
8.833296E-08,-1.4953548E-01
8.838296E-08,-1.4953548E-01
8.843296E-08,-1.4958819E-01
8.848296E-08,-1.4958819E-01
8.853296E-08,-1.4964090E-01
8.858296E-08,-1.4964090E-01
8.863296E-08,-1.4969361E-01
8.868296E-08,-1.4969361E-01
8.873296E-08,-1.4974632E-01
8.878296E-08,-1.4974632E-01
8.883296E-08,-1.4974632E-01
8.888296E-08,-1.4979903E-01
8.893296E-08,-1.4979903E-01
8.898296E-08,-1.4979903E-01
8.903296E-08,-1.4985173E-01
8.908296E-08,-1.4985173E-01
8.913296E-08,-1.4985173E-01
8.918296E-08,-1.4985173E-01
8.923296E-08,-1.4985173E-01
8.928296E-08,-1.4985173E-01
8.933296E-08,-1.4985173E-01
8.938296E-08,-1.4979903E-01
8.943296E-08,-1.4979903E-01
8.948296E-08,-1.4979903E-01
8.953296E-08,-1.4979903E-01
8.958296E-08,-1.4974632E-01
8.963296E-08,-1.4974632E-01
8.968296E-08,-1.4969361E-01
8.973296E-08,-1.4969361E-01
8.978296E-08,-1.4964090E-01
8.983296E-08,-1.4964090E-01
8.988296E-08,-1.4964090E-01
8.993296E-08,-1.4958819E-01
8.998296E-08,-1.4958819E-01
9.003296E-08,-1.4953548E-01
9.008296E-08,-1.4953548E-01
9.013296E-08,-1.4953548E-01
9.018296E-08,-1.4948277E-01
9.023296E-08,-1.4948277E-01
9.028296E-08,-1.4948277E-01
9.033296E-08,-1.4948277E-01
9.038296E-08,-1.4948277E-01
9.043296E-08,-1.4948277E-01
9.048296E-08,-1.4948277E-01
9.053296E-08,-1.4948277E-01
9.058296E-08,-1.4948277E-01
9.063296E-08,-1.4948277E-01
9.068296E-08,-1.4953548E-01
9.073296E-08,-1.4953548E-01
9.078296E-08,-1.4953548E-01
9.083296E-08,-1.4953548E-01
9.088296E-08,-1.4958819E-01
9.093296E-08,-1.4958819E-01
9.098296E-08,-1.4958819E-01
9.103296E-08,-1.4964090E-01
9.108296E-08,-1.4964090E-01
9.113296E-08,-1.4964090E-01
9.118296E-08,-1.4969361E-01
9.123296E-08,-1.4969361E-01
9.128296E-08,-1.4969361E-01
9.133296E-08,-1.4969361E-01
9.138296E-08,-1.4969361E-01
9.143296E-08,-1.4974632E-01
9.148296E-08,-1.4974632E-01
9.153296E-08,-1.4974632E-01
9.158296E-08,-1.4974632E-01
9.163296E-08,-1.4974632E-01
9.168296E-08,-1.4974632E-01
9.173296E-08,-1.4974632E-01
9.178296E-08,-1.4974632E-01
9.183296E-08,-1.4974632E-01
9.188296E-08,-1.4974632E-01
9.193296E-08,-1.4974632E-01
9.198296E-08,-1.4974632E-01
9.203296E-08,-1.4974632E-01
9.208296E-08,-1.4974632E-01
9.213296E-08,-1.4974632E-01
9.218296E-08,-1.4974632E-01
9.223296E-08,-1.4974632E-01
9.228296E-08,-1.4974632E-01
9.233296E-08,-1.4974632E-01
9.238296E-08,-1.4974632E-01
9.243296E-08,-1.4974632E-01
9.248296E-08,-1.4974632E-01
9.253296E-08,-1.4974632E-01
9.258296E-08,-1.4974632E-01
9.263296E-08,-1.4979903E-01
9.268296E-08,-1.4979903E-01
9.273296E-08,-1.4979903E-01
9.278296E-08,-1.4979903E-01
9.283296E-08,-1.4979903E-01
9.288296E-08,-1.4979903E-01
9.293296E-08,-1.4979903E-01
9.298296E-08,-1.4979903E-01
9.303296E-08,-1.4974632E-01
9.308296E-08,-1.4974632E-01
9.313296E-08,-1.4974632E-01
9.318296E-08,-1.4969361E-01
9.323296E-08,-1.4969361E-01
9.328296E-08,-1.4964090E-01
9.333296E-08,-1.4964090E-01
9.338296E-08,-1.4958819E-01
9.343296E-08,-1.4953548E-01
9.348296E-08,-1.4948277E-01
9.353296E-08,-1.4943006E-01
9.358296E-08,-1.4937735E-01
9.363296E-08,-1.4932464E-01
9.368296E-08,-1.4927194E-01
9.373296E-08,-1.4921923E-01
9.378296E-08,-1.4916652E-01
9.383296E-08,-1.4911381E-01
9.388296E-08,-1.4906110E-01
9.393296E-08,-1.4895568E-01
9.398296E-08,-1.4890297E-01
9.403296E-08,-1.4885026E-01
9.408296E-08,-1.4879755E-01
9.413296E-08,-1.4874485E-01
9.418296E-08,-1.4869214E-01
9.423296E-08,-1.4863943E-01
9.428296E-08,-1.4858672E-01
9.433296E-08,-1.4853401E-01
9.438296E-08,-1.4853401E-01
9.443296E-08,-1.4848130E-01
9.448296E-08,-1.4848130E-01
9.453296E-08,-1.4842859E-01
9.458296E-08,-1.4842859E-01
9.463296E-08,-1.4842859E-01
9.468296E-08,-1.4842859E-01
9.473296E-08,-1.4842859E-01
9.478296E-08,-1.4842859E-01
9.483296E-08,-1.4842859E-01
9.488296E-08,-1.4842859E-01
9.493296E-08,-1.4848130E-01
9.498296E-08,-1.4848130E-01
9.503296E-08,-1.4848130E-01
9.508296E-08,-1.4853401E-01
9.513296E-08,-1.4853401E-01
9.518296E-08,-1.4858672E-01
9.523296E-08,-1.4858672E-01
9.528296E-08,-1.4863943E-01
9.533296E-08,-1.4863943E-01
9.538296E-08,-1.4869214E-01
9.543296E-08,-1.4869214E-01
9.548296E-08,-1.4874485E-01
9.553296E-08,-1.4874485E-01
9.558296E-08,-1.4874485E-01
9.563296E-08,-1.4879755E-01
9.568296E-08,-1.4879755E-01
9.573296E-08,-1.4879755E-01
9.578296E-08,-1.4879755E-01
9.583296E-08,-1.4879755E-01
9.588296E-08,-1.4885026E-01
9.593296E-08,-1.4885026E-01
9.598296E-08,-1.4885026E-01
9.603296E-08,-1.4885026E-01
9.608296E-08,-1.4885026E-01
9.613296E-08,-1.4885026E-01
9.618296E-08,-1.4885026E-01
9.623296E-08,-1.4885026E-01
9.628296E-08,-1.4885026E-01
9.633296E-08,-1.4885026E-01
9.638296E-08,-1.4885026E-01
9.643296E-08,-1.4885026E-01
9.648296E-08,-1.4890297E-01
9.653296E-08,-1.4890297E-01
9.658296E-08,-1.4890297E-01
9.663296E-08,-1.4890297E-01
9.668296E-08,-1.4895568E-01
9.673296E-08,-1.4895568E-01
9.678296E-08,-1.4900839E-01
9.683296E-08,-1.4900839E-01
9.688296E-08,-1.4906110E-01
9.693296E-08,-1.4906110E-01
9.698296E-08,-1.4911381E-01
9.703296E-08,-1.4916652E-01
9.708296E-08,-1.4916652E-01
9.713296E-08,-1.4921923E-01
9.718296E-08,-1.4927194E-01
9.723296E-08,-1.4927194E-01
9.728296E-08,-1.4932464E-01
9.733296E-08,-1.4937735E-01
9.738296E-08,-1.4937735E-01
9.743296E-08,-1.4943006E-01
9.748296E-08,-1.4948277E-01
9.753296E-08,-1.4948277E-01
9.758296E-08,-1.4953548E-01
9.763296E-08,-1.4953548E-01
9.768296E-08,-1.4958819E-01
9.773296E-08,-1.4958819E-01
9.778296E-08,-1.4964090E-01
9.783296E-08,-1.4964090E-01
9.788296E-08,-1.4964090E-01
9.793296E-08,-1.4964090E-01
9.798296E-08,-1.4969361E-01
9.803296E-08,-1.4969361E-01
9.808296E-08,-1.4969361E-01
9.813296E-08,-1.4969361E-01
9.818296E-08,-1.4969361E-01
9.823296E-08,-1.4969361E-01
9.828296E-08,-1.4964090E-01
9.833296E-08,-1.4964090E-01
9.838296E-08,-1.4964090E-01
9.843296E-08,-1.4964090E-01
9.848296E-08,-1.4964090E-01
9.853296E-08,-1.4964090E-01
9.858296E-08,-1.4958819E-01
9.863296E-08,-1.4958819E-01
9.868296E-08,-1.4958819E-01
9.873296E-08,-1.4958819E-01
9.878296E-08,-1.4958819E-01
9.883296E-08,-1.4958819E-01
9.888296E-08,-1.4958819E-01
9.893296E-08,-1.4958819E-01
9.898296E-08,-1.4958819E-01
9.903296E-08,-1.4958819E-01
9.908296E-08,-1.4958819E-01
9.913296E-08,-1.4958819E-01
9.918296E-08,-1.4958819E-01
9.923296E-08,-1.4958819E-01
9.928296E-08,-1.4958819E-01
9.933296E-08,-1.4958819E-01
9.938296E-08,-1.4958819E-01
9.943296E-08,-1.4958819E-01
9.948296E-08,-1.4958819E-01
9.953296E-08,-1.4958819E-01
9.958296E-08,-1.4958819E-01
9.963296E-08,-1.4958819E-01
9.968296E-08,-1.4958819E-01
9.973296E-08,-1.4958819E-01
9.978296E-08,-1.4958819E-01
9.983296E-08,-1.4953548E-01
9.988296E-08,-1.4953548E-01
9.993296E-08,-1.4953548E-01
9.998296E-08,-1.4948277E-01
1.0003296E-07,-1.4948277E-01
1.0008296E-07,-1.4948277E-01
1.0013296E-07,-1.4943006E-01
1.0018296E-07,-1.4943006E-01
1.0023296E-07,-1.4937735E-01
1.0028296E-07,-1.4932464E-01
1.0033296E-07,-1.4932464E-01
1.0038296E-07,-1.4927194E-01
1.0043296E-07,-1.4921923E-01
1.0048296E-07,-1.4916652E-01
1.0053296E-07,-1.4916652E-01
1.0058296E-07,-1.4911381E-01
1.0063296E-07,-1.4906110E-01
1.0068296E-07,-1.4900839E-01
1.0073296E-07,-1.4895568E-01
1.0078296E-07,-1.4895568E-01
1.0083296E-07,-1.4890297E-01
1.0088296E-07,-1.4885026E-01
1.0093296E-07,-1.4879755E-01
1.0098296E-07,-1.4879755E-01
1.0103296E-07,-1.4874485E-01
1.0108296E-07,-1.4874485E-01
1.0113296E-07,-1.4869214E-01
1.0118296E-07,-1.4863943E-01
1.0123296E-07,-1.4863943E-01
1.0128296E-07,-1.4863943E-01
1.0133296E-07,-1.4858672E-01
1.0138296E-07,-1.4858672E-01
1.0143296E-07,-1.4858672E-01
1.0148296E-07,-1.4858672E-01
1.0153296E-07,-1.4858672E-01
1.0158296E-07,-1.4858672E-01
1.0163296E-07,-1.4858672E-01
1.0168296E-07,-1.4858672E-01
1.0173296E-07,-1.4858672E-01
1.0178296E-07,-1.4863943E-01
1.0183296E-07,-1.4863943E-01
1.0188296E-07,-1.4863943E-01
1.0193296E-07,-1.4869214E-01
1.0198296E-07,-1.4869214E-01
1.0203296E-07,-1.4874485E-01
1.0208296E-07,-1.4874485E-01
1.0213296E-07,-1.4879755E-01
1.0218296E-07,-1.4885026E-01
1.0223296E-07,-1.4885026E-01
1.0228296E-07,-1.4890297E-01
1.0233296E-07,-1.4890297E-01
1.0238296E-07,-1.4895568E-01
1.0243296E-07,-1.4900839E-01
1.0248296E-07,-1.4900839E-01
1.0253296E-07,-1.4906110E-01
1.0258296E-07,-1.4906110E-01
1.0263296E-07,-1.4911381E-01
1.0268296E-07,-1.4911381E-01
1.0273296E-07,-1.4916652E-01
1.0278296E-07,-1.4916652E-01
1.0283296E-07,-1.4916652E-01
1.0288296E-07,-1.4921923E-01
1.0293296E-07,-1.4921923E-01
1.0298296E-07,-1.4921923E-01
1.0303296E-07,-1.4921923E-01
1.0308296E-07,-1.4921923E-01
1.0313296E-07,-1.4927194E-01
1.0318296E-07,-1.4927194E-01
1.0323296E-07,-1.4927194E-01
1.0328296E-07,-1.4921923E-01
1.0333296E-07,-1.4921923E-01
1.0338296E-07,-1.4921923E-01
1.0343296E-07,-1.4921923E-01
1.0348296E-07,-1.4921923E-01
1.0353296E-07,-1.4921923E-01
1.0358296E-07,-1.4916652E-01
1.0363296E-07,-1.4916652E-01
1.0368296E-07,-1.4916652E-01
1.0373296E-07,-1.4911381E-01
1.0378296E-07,-1.4911381E-01
1.0383296E-07,-1.4906110E-01
1.0388296E-07,-1.4906110E-01
1.0393296E-07,-1.4900839E-01
1.0398296E-07,-1.4900839E-01
1.0403296E-07,-1.4900839E-01
1.0408296E-07,-1.4895568E-01
1.0413296E-07,-1.4895568E-01
1.0418296E-07,-1.4890297E-01
1.0423296E-07,-1.4890297E-01
1.0428296E-07,-1.4890297E-01
1.0433296E-07,-1.4885026E-01
1.0438296E-07,-1.4885026E-01
1.0443296E-07,-1.4885026E-01
1.0448296E-07,-1.4885026E-01
1.0453296E-07,-1.4885026E-01
1.0458296E-07,-1.4885026E-01
1.0463296E-07,-1.4885026E-01
1.0468296E-07,-1.4885026E-01
1.0473296E-07,-1.4885026E-01
1.0478296E-07,-1.4890297E-01
1.0483296E-07,-1.4890297E-01
1.0488296E-07,-1.4895568E-01
1.0493296E-07,-1.4895568E-01
1.0498296E-07,-1.4900839E-01
1.0503296E-07,-1.4900839E-01
1.0508296E-07,-1.4906110E-01
1.0513296E-07,-1.4911381E-01
1.0518296E-07,-1.4916652E-01
1.0523296E-07,-1.4921923E-01
1.0528296E-07,-1.4921923E-01
1.0533296E-07,-1.4927194E-01
1.0538296E-07,-1.4932464E-01
1.0543296E-07,-1.4937735E-01
1.0548296E-07,-1.4943006E-01
1.0553296E-07,-1.4948277E-01
1.0558296E-07,-1.4953548E-01
1.0563296E-07,-1.4958819E-01
1.0568296E-07,-1.4958819E-01
1.0573296E-07,-1.4964090E-01
1.0578296E-07,-1.4969361E-01
1.0583296E-07,-1.4969361E-01
1.0588296E-07,-1.4974632E-01
1.0593296E-07,-1.4974632E-01
1.0598296E-07,-1.4974632E-01
1.0603296E-07,-1.4974632E-01
1.0608296E-07,-1.4974632E-01
1.0613296E-07,-1.4974632E-01
1.0618296E-07,-1.4974632E-01
1.0623296E-07,-1.4969361E-01
1.0628296E-07,-1.4969361E-01
1.0633296E-07,-1.4964090E-01
1.0638296E-07,-1.4964090E-01
1.0643296E-07,-1.4958819E-01
1.0648296E-07,-1.4953548E-01
1.0653296E-07,-1.4948277E-01
1.0658296E-07,-1.4943006E-01
1.0663296E-07,-1.4937735E-01
1.0668296E-07,-1.4932464E-01
1.0673296E-07,-1.4927194E-01
1.0678296E-07,-1.4921923E-01
1.0683296E-07,-1.4916652E-01
1.0688296E-07,-1.4916652E-01
1.0693296E-07,-1.4911381E-01
1.0698296E-07,-1.4906110E-01
1.0703296E-07,-1.4900839E-01
1.0708296E-07,-1.4900839E-01
1.0713296E-07,-1.4895568E-01
1.0718296E-07,-1.4895568E-01
1.0723296E-07,-1.4895568E-01
1.0728296E-07,-1.4895568E-01
1.0733296E-07,-1.4895568E-01
1.0738296E-07,-1.4895568E-01
1.0743296E-07,-1.4895568E-01
1.0748296E-07,-1.4895568E-01
1.0753296E-07,-1.4900839E-01
1.0758296E-07,-1.4900839E-01
1.0763296E-07,-1.4906110E-01
1.0768296E-07,-1.4911381E-01
1.0773296E-07,-1.4916652E-01
1.0778296E-07,-1.4916652E-01
1.0783296E-07,-1.4921923E-01
1.0788296E-07,-1.4927194E-01
1.0793296E-07,-1.4932464E-01
1.0798296E-07,-1.4937735E-01
1.0803296E-07,-1.4943006E-01
1.0808296E-07,-1.4943006E-01
1.0813296E-07,-1.4948277E-01
1.0818296E-07,-1.4953548E-01
1.0823296E-07,-1.4953548E-01
1.0828296E-07,-1.4958819E-01
1.0833296E-07,-1.4958819E-01
1.0838296E-07,-1.4958819E-01
1.0843296E-07,-1.4958819E-01
1.0848296E-07,-1.4958819E-01
1.0853296E-07,-1.4958819E-01
1.0858296E-07,-1.4953548E-01
1.0863296E-07,-1.4953548E-01
1.0868296E-07,-1.4948277E-01
1.0873296E-07,-1.4948277E-01
1.0878296E-07,-1.4943006E-01
1.0883296E-07,-1.4937735E-01
1.0888296E-07,-1.4932464E-01
1.0893296E-07,-1.4927194E-01
1.0898296E-07,-1.4916652E-01
1.0903296E-07,-1.4911381E-01
1.0908296E-07,-1.4906110E-01
1.0913296E-07,-1.4900839E-01
1.0918296E-07,-1.4890297E-01
1.0923296E-07,-1.4885026E-01
1.0928296E-07,-1.4879755E-01
1.0933296E-07,-1.4874485E-01
1.0938296E-07,-1.4869214E-01
1.0943296E-07,-1.4858672E-01
1.0948296E-07,-1.4853401E-01
1.0953296E-07,-1.4848130E-01
1.0958296E-07,-1.4848130E-01
1.0963296E-07,-1.4842859E-01
1.0968296E-07,-1.4837588E-01
1.0973296E-07,-1.4832317E-01
1.0978296E-07,-1.4832317E-01
1.0983296E-07,-1.4827046E-01
1.0988296E-07,-1.4827046E-01
1.0993296E-07,-1.4827046E-01
1.0998296E-07,-1.4827046E-01
1.1003296E-07,-1.4827046E-01
1.1008296E-07,-1.4827046E-01
1.1013296E-07,-1.4827046E-01
1.1018296E-07,-1.4827046E-01
1.1023296E-07,-1.4827046E-01
1.1028296E-07,-1.4827046E-01
1.1033296E-07,-1.4827046E-01
1.1038296E-07,-1.4832317E-01
1.1043296E-07,-1.4832317E-01
1.1048296E-07,-1.4832317E-01
1.1053296E-07,-1.4837588E-01
1.1058296E-07,-1.4837588E-01
1.1063296E-07,-1.4842859E-01
1.1068296E-07,-1.4842859E-01
1.1073296E-07,-1.4848130E-01
1.1078296E-07,-1.4848130E-01
1.1083296E-07,-1.4853401E-01
1.1088296E-07,-1.4853401E-01
1.1093296E-07,-1.4858672E-01
1.1098296E-07,-1.4858672E-01
1.1103296E-07,-1.4863943E-01
1.1108296E-07,-1.4863943E-01
1.1113296E-07,-1.4869214E-01
1.1118296E-07,-1.4869214E-01
1.1123296E-07,-1.4874485E-01
1.1128296E-07,-1.4874485E-01
1.1133296E-07,-1.4879755E-01
1.1138296E-07,-1.4885026E-01
1.1143296E-07,-1.4885026E-01
1.1148296E-07,-1.4890297E-01
1.1153296E-07,-1.4890297E-01
1.1158296E-07,-1.4895568E-01
1.1163296E-07,-1.4895568E-01
1.1168296E-07,-1.4900839E-01
1.1173296E-07,-1.4900839E-01
1.1178296E-07,-1.4906110E-01
1.1183296E-07,-1.4906110E-01
1.1188296E-07,-1.4911381E-01
1.1193296E-07,-1.4911381E-01
1.1198296E-07,-1.4916652E-01
1.1203296E-07,-1.4916652E-01
1.1208296E-07,-1.4916652E-01
1.1213296E-07,-1.4921923E-01
1.1218296E-07,-1.4921923E-01
1.1223296E-07,-1.4921923E-01
1.1228296E-07,-1.4921923E-01
1.1233296E-07,-1.4921923E-01
1.1238296E-07,-1.4921923E-01
1.1243296E-07,-1.4916652E-01
1.1248296E-07,-1.4916652E-01
1.1253296E-07,-1.4916652E-01
1.1258296E-07,-1.4911381E-01
1.1263296E-07,-1.4911381E-01
1.1268296E-07,-1.4911381E-01
1.1273296E-07,-1.4906110E-01
1.1278296E-07,-1.4906110E-01
1.1283296E-07,-1.4900839E-01
1.1288296E-07,-1.4895568E-01
1.1293296E-07,-1.4895568E-01
1.1298296E-07,-1.4890297E-01
1.1303296E-07,-1.4890297E-01
1.1308296E-07,-1.4885026E-01
1.1313296E-07,-1.4885026E-01
1.1318296E-07,-1.4879755E-01
1.1323296E-07,-1.4879755E-01
1.1328296E-07,-1.4879755E-01
1.1333296E-07,-1.4874485E-01
1.1338296E-07,-1.4874485E-01
1.1343296E-07,-1.4874485E-01
1.1348296E-07,-1.4874485E-01
1.1353296E-07,-1.4874485E-01
1.1358296E-07,-1.4874485E-01
1.1363296E-07,-1.4874485E-01
1.1368296E-07,-1.4879755E-01
1.1373296E-07,-1.4879755E-01
1.1378296E-07,-1.4879755E-01
1.1383296E-07,-1.4885026E-01
1.1388296E-07,-1.4885026E-01
1.1393296E-07,-1.4890297E-01
1.1398296E-07,-1.4895568E-01
1.1403296E-07,-1.4895568E-01
1.1408296E-07,-1.4900839E-01
1.1413296E-07,-1.4900839E-01
1.1418296E-07,-1.4906110E-01
1.1423296E-07,-1.4906110E-01
1.1428296E-07,-1.4911381E-01
1.1433296E-07,-1.4911381E-01
1.1438296E-07,-1.4916652E-01
1.1443296E-07,-1.4916652E-01
1.1448296E-07,-1.4916652E-01
1.1453296E-07,-1.4916652E-01
1.1458296E-07,-1.4916652E-01
1.1463296E-07,-1.4916652E-01
1.1468296E-07,-1.4916652E-01
1.1473296E-07,-1.4916652E-01
1.1478296E-07,-1.4916652E-01
1.1483296E-07,-1.4916652E-01
1.1488296E-07,-1.4911381E-01
1.1493296E-07,-1.4911381E-01
1.1498296E-07,-1.4911381E-01
1.1503296E-07,-1.4906110E-01
1.1508296E-07,-1.4906110E-01
1.1513296E-07,-1.4900839E-01
1.1518296E-07,-1.4900839E-01
1.1523296E-07,-1.4895568E-01
1.1528296E-07,-1.4895568E-01
1.1533296E-07,-1.4890297E-01
1.1538296E-07,-1.4890297E-01
1.1543296E-07,-1.4890297E-01
1.1548296E-07,-1.4885026E-01
1.1553296E-07,-1.4885026E-01
1.1558296E-07,-1.4885026E-01
1.1563296E-07,-1.4885026E-01
1.1568296E-07,-1.4885026E-01
1.1573296E-07,-1.4885026E-01
1.1578296E-07,-1.4885026E-01
1.1583296E-07,-1.4890297E-01
1.1588296E-07,-1.4890297E-01
1.1593296E-07,-1.4890297E-01
1.1598296E-07,-1.4895568E-01
1.1603296E-07,-1.4895568E-01
1.1608296E-07,-1.4900839E-01
1.1613296E-07,-1.4906110E-01
1.1618296E-07,-1.4906110E-01
1.1623296E-07,-1.4911381E-01
1.1628296E-07,-1.4916652E-01
1.1633296E-07,-1.4916652E-01
1.1638296E-07,-1.4921923E-01
1.1643296E-07,-1.4921923E-01
1.1648296E-07,-1.4927194E-01
1.1653296E-07,-1.4927194E-01
1.1658296E-07,-1.4932464E-01
1.1663296E-07,-1.4932464E-01
1.1668296E-07,-1.4932464E-01
1.1673296E-07,-1.4937735E-01
1.1678296E-07,-1.4937735E-01
1.1683296E-07,-1.4937735E-01
1.1688296E-07,-1.4937735E-01
1.1693296E-07,-1.4932464E-01
1.1698296E-07,-1.4932464E-01
1.1703296E-07,-1.4932464E-01
1.1708296E-07,-1.4927194E-01
1.1713296E-07,-1.4927194E-01
1.1718296E-07,-1.4921923E-01
1.1723296E-07,-1.4916652E-01
1.1728296E-07,-1.4916652E-01
1.1733296E-07,-1.4911381E-01
1.1738296E-07,-1.4906110E-01
1.1743296E-07,-1.4900839E-01
1.1748296E-07,-1.4900839E-01
1.1753296E-07,-1.4895568E-01
1.1758296E-07,-1.4890297E-01
1.1763296E-07,-1.4885026E-01
1.1768296E-07,-1.4885026E-01
1.1773296E-07,-1.4879755E-01
1.1778296E-07,-1.4879755E-01
1.1783296E-07,-1.4874485E-01
1.1788296E-07,-1.4874485E-01
1.1793296E-07,-1.4874485E-01
1.1798296E-07,-1.4869214E-01
1.1803296E-07,-1.4869214E-01
1.1808296E-07,-1.4869214E-01
1.1813296E-07,-1.4869214E-01
1.1818296E-07,-1.4874485E-01
1.1823296E-07,-1.4874485E-01
1.1828296E-07,-1.4874485E-01
1.1833296E-07,-1.4879755E-01
1.1838296E-07,-1.4879755E-01
1.1843296E-07,-1.4885026E-01
1.1848296E-07,-1.4885026E-01
1.1853296E-07,-1.4890297E-01
1.1858296E-07,-1.4895568E-01
1.1863296E-07,-1.4900839E-01
1.1868296E-07,-1.4900839E-01
1.1873296E-07,-1.4906110E-01
1.1878296E-07,-1.4911381E-01
1.1883296E-07,-1.4916652E-01
1.1888296E-07,-1.4916652E-01
1.1893296E-07,-1.4921923E-01
1.1898296E-07,-1.4927194E-01
1.1903296E-07,-1.4927194E-01
1.1908296E-07,-1.4932464E-01
1.1913296E-07,-1.4932464E-01
1.1918296E-07,-1.4937735E-01
1.1923296E-07,-1.4937735E-01
1.1928296E-07,-1.4937735E-01
1.1933296E-07,-1.4937735E-01
1.1938296E-07,-1.4937735E-01
1.1943296E-07,-1.4937735E-01
1.1948296E-07,-1.4937735E-01
1.1953296E-07,-1.4937735E-01
1.1958296E-07,-1.4932464E-01
1.1963296E-07,-1.4932464E-01
1.1968296E-07,-1.4927194E-01
1.1973296E-07,-1.4927194E-01
1.1978296E-07,-1.4921923E-01
1.1983296E-07,-1.4921923E-01
1.1988296E-07,-1.4916652E-01
1.1993296E-07,-1.4911381E-01
1.1998296E-07,-1.4911381E-01
1.2003296E-07,-1.4906110E-01
1.2008296E-07,-1.4906110E-01
1.2013296E-07,-1.4900839E-01
1.2018296E-07,-1.4895568E-01
1.2023296E-07,-1.4895568E-01
1.2028296E-07,-1.4895568E-01
1.2033296E-07,-1.4890297E-01
1.2038296E-07,-1.4890297E-01
1.2043296E-07,-1.4890297E-01
1.2048296E-07,-1.4885026E-01
1.2053296E-07,-1.4885026E-01
1.2058296E-07,-1.4885026E-01
1.2063296E-07,-1.4885026E-01
1.2068296E-07,-1.4885026E-01
1.2073296E-07,-1.4890297E-01
1.2078296E-07,-1.4890297E-01
1.2083296E-07,-1.4890297E-01
1.2088296E-07,-1.4890297E-01
1.2093296E-07,-1.4895568E-01
1.2098296E-07,-1.4895568E-01
1.2103296E-07,-1.4900839E-01
1.2108296E-07,-1.4900839E-01
1.2113296E-07,-1.4900839E-01
1.2118296E-07,-1.4906110E-01
1.2123296E-07,-1.4906110E-01
1.2128296E-07,-1.4906110E-01
1.2133296E-07,-1.4911381E-01
1.2138296E-07,-1.4911381E-01
1.2143296E-07,-1.4911381E-01
1.2148296E-07,-1.4911381E-01
1.2153296E-07,-1.4911381E-01
1.2158296E-07,-1.4911381E-01
1.2163296E-07,-1.4911381E-01
1.2168296E-07,-1.4911381E-01
1.2173296E-07,-1.4906110E-01
1.2178296E-07,-1.4906110E-01
1.2183296E-07,-1.4900839E-01
1.2188296E-07,-1.4900839E-01
1.2193296E-07,-1.4895568E-01
1.2198296E-07,-1.4895568E-01
1.2203296E-07,-1.4890297E-01
1.2208296E-07,-1.4885026E-01
1.2213296E-07,-1.4879755E-01
1.2218296E-07,-1.4879755E-01
1.2223296E-07,-1.4874485E-01
1.2228296E-07,-1.4869214E-01
1.2233296E-07,-1.4863943E-01
1.2238296E-07,-1.4863943E-01
1.2243296E-07,-1.4858672E-01
1.2248296E-07,-1.4853401E-01
1.2253296E-07,-1.4853401E-01
1.2258296E-07,-1.4848130E-01
1.2263296E-07,-1.4848130E-01
1.2268296E-07,-1.4848130E-01
1.2273296E-07,-1.4848130E-01
1.2278296E-07,-1.4848130E-01
1.2283296E-07,-1.4848130E-01
1.2288296E-07,-1.4848130E-01
1.2293296E-07,-1.4853401E-01
1.2298296E-07,-1.4853401E-01
1.2303296E-07,-1.4858672E-01
1.2308296E-07,-1.4858672E-01
1.2313296E-07,-1.4863943E-01
1.2318296E-07,-1.4869214E-01
1.2323296E-07,-1.4874485E-01
1.2328296E-07,-1.4879755E-01
1.2333296E-07,-1.4885026E-01
1.2338296E-07,-1.4890297E-01
1.2343296E-07,-1.4895568E-01
1.2348296E-07,-1.4900839E-01
1.2353296E-07,-1.4906110E-01
1.2358296E-07,-1.4911381E-01
1.2363296E-07,-1.4916652E-01
1.2368296E-07,-1.4921923E-01
1.2373296E-07,-1.4927194E-01
1.2378296E-07,-1.4932464E-01
1.2383296E-07,-1.4932464E-01
1.2388296E-07,-1.4937735E-01
1.2393296E-07,-1.4937735E-01
1.2398296E-07,-1.4937735E-01
1.2403296E-07,-1.4943006E-01
1.2408296E-07,-1.4937735E-01
1.2413296E-07,-1.4937735E-01
1.2418296E-07,-1.4937735E-01
1.2423296E-07,-1.4932464E-01
1.2428296E-07,-1.4932464E-01
1.2433296E-07,-1.4927194E-01
1.2438296E-07,-1.4921923E-01
1.2443296E-07,-1.4916652E-01
1.2448296E-07,-1.4911381E-01
1.2453296E-07,-1.4906110E-01
1.2458296E-07,-1.4900839E-01
1.2463296E-07,-1.4895568E-01
1.2468296E-07,-1.4890297E-01
1.2473296E-07,-1.4885026E-01
1.2478296E-07,-1.4879755E-01
1.2483296E-07,-1.4874485E-01
1.2488296E-07,-1.4869214E-01
1.2493296E-07,-1.4863943E-01
1.2498296E-07,-1.4858672E-01
1.2503296E-07,-1.4858672E-01
1.2508296E-07,-1.4853401E-01
1.2513296E-07,-1.4853401E-01
1.2518296E-07,-1.4848130E-01
1.2523296E-07,-1.4848130E-01
1.2528296E-07,-1.4848130E-01
1.2533296E-07,-1.4848130E-01
1.2538296E-07,-1.4848130E-01
1.2543296E-07,-1.4853401E-01
1.2548296E-07,-1.4853401E-01
1.2553296E-07,-1.4858672E-01
1.2558296E-07,-1.4858672E-01
1.2563296E-07,-1.4863943E-01
1.2568296E-07,-1.4869214E-01
1.2573296E-07,-1.4869214E-01
1.2578296E-07,-1.4874485E-01
1.2583296E-07,-1.4879755E-01
1.2588296E-07,-1.4885026E-01
1.2593296E-07,-1.4885026E-01
1.2598296E-07,-1.4890297E-01
1.2603296E-07,-1.4895568E-01
1.2608296E-07,-1.4895568E-01
1.2613296E-07,-1.4900839E-01
1.2618296E-07,-1.4900839E-01
1.2623296E-07,-1.4900839E-01
1.2628296E-07,-1.4900839E-01
1.2633296E-07,-1.4900839E-01
1.2638296E-07,-1.4900839E-01
1.2643296E-07,-1.4900839E-01
1.2648296E-07,-1.4900839E-01
1.2653296E-07,-1.4900839E-01
1.2658296E-07,-1.4895568E-01
1.2663296E-07,-1.4895568E-01
1.2668296E-07,-1.4890297E-01
1.2673296E-07,-1.4890297E-01
1.2678296E-07,-1.4885026E-01
1.2683296E-07,-1.4885026E-01
1.2688296E-07,-1.4879755E-01
1.2693296E-07,-1.4879755E-01
1.2698296E-07,-1.4874485E-01
1.2703296E-07,-1.4874485E-01
1.2708296E-07,-1.4869214E-01
1.2713296E-07,-1.4869214E-01
1.2718296E-07,-1.4869214E-01
1.2723296E-07,-1.4863943E-01
1.2728296E-07,-1.4863943E-01
1.2733296E-07,-1.4863943E-01
1.2738296E-07,-1.4869214E-01
1.2743296E-07,-1.4869214E-01
1.2748296E-07,-1.4869214E-01
1.2753296E-07,-1.4874485E-01
1.2758296E-07,-1.4879755E-01
1.2763296E-07,-1.4879755E-01
1.2768296E-07,-1.4885026E-01
1.2773296E-07,-1.4890297E-01
1.2778296E-07,-1.4895568E-01
1.2783296E-07,-1.4900839E-01
1.2788296E-07,-1.4906110E-01
1.2793296E-07,-1.4911381E-01
1.2798296E-07,-1.4916652E-01
1.2803296E-07,-1.4921923E-01
1.2808296E-07,-1.4927194E-01
1.2813296E-07,-1.4932464E-01
1.2818296E-07,-1.4937735E-01
1.2823296E-07,-1.4943006E-01
1.2828296E-07,-1.4948277E-01
1.2833296E-07,-1.4948277E-01
1.2838296E-07,-1.4953548E-01
1.2843296E-07,-1.4953548E-01
1.2848296E-07,-1.4953548E-01
1.2853296E-07,-1.4953548E-01
1.2858296E-07,-1.4958819E-01
1.2863296E-07,-1.4953548E-01
1.2868296E-07,-1.4953548E-01
