-7.138777E-08,-1.4943006E-01
-7.133777E-08,-1.4937735E-01
-7.128777E-08,-1.4932464E-01
-7.123777E-08,-1.4927194E-01
-7.118777E-08,-1.4921923E-01
-7.113777E-08,-1.4916652E-01
-7.108777E-08,-1.4911381E-01
-7.103777E-08,-1.4906110E-01
-7.098777E-08,-1.4895568E-01
-7.093777E-08,-1.4890297E-01
-7.088777E-08,-1.4885026E-01
-7.083777E-08,-1.4879755E-01
-7.078777E-08,-1.4874485E-01
-7.073777E-08,-1.4869214E-01
-7.068777E-08,-1.4863943E-01
-7.063777E-08,-1.4863943E-01
-7.058777E-08,-1.4858672E-01
-7.053777E-08,-1.4858672E-01
-7.048777E-08,-1.4853401E-01
-7.043777E-08,-1.4853401E-01
-7.038777E-08,-1.4853401E-01
-7.033777E-08,-1.4853401E-01
-7.028777E-08,-1.4858672E-01
-7.023777E-08,-1.4858672E-01
-7.018777E-08,-1.4858672E-01
-7.013777E-08,-1.4863943E-01
-7.008777E-08,-1.4863943E-01
-7.003777E-08,-1.4869214E-01
-6.998777E-08,-1.4869214E-01
-6.993777E-08,-1.4874485E-01
-6.988777E-08,-1.4879755E-01
-6.983777E-08,-1.4879755E-01
-6.978777E-08,-1.4885026E-01
-6.973777E-08,-1.4885026E-01
-6.968777E-08,-1.4890297E-01
-6.963777E-08,-1.4890297E-01
-6.958777E-08,-1.4895568E-01
-6.953777E-08,-1.4895568E-01
-6.948777E-08,-1.4895568E-01
-6.943777E-08,-1.4895568E-01
-6.938777E-08,-1.4895568E-01
-6.933777E-08,-1.4895568E-01
-6.928777E-08,-1.4895568E-01
-6.923777E-08,-1.4895568E-01
-6.918777E-08,-1.4895568E-01
-6.913777E-08,-1.4890297E-01
-6.908777E-08,-1.4890297E-01
-6.903777E-08,-1.4890297E-01
-6.898777E-08,-1.4885026E-01
-6.893777E-08,-1.4885026E-01
-6.888777E-08,-1.4885026E-01
-6.883777E-08,-1.4885026E-01
-6.878777E-08,-1.4885026E-01
-6.873777E-08,-1.4879755E-01
-6.868777E-08,-1.4879755E-01
-6.863777E-08,-1.4879755E-01
-6.858777E-08,-1.4885026E-01
-6.853777E-08,-1.4885026E-01
-6.848777E-08,-1.4885026E-01
-6.843777E-08,-1.4890297E-01
-6.838777E-08,-1.4895568E-01
-6.833777E-08,-1.4895568E-01
-6.828777E-08,-1.4900839E-01
-6.823777E-08,-1.4906110E-01
-6.818777E-08,-1.4911381E-01
-6.813777E-08,-1.4916652E-01
-6.808777E-08,-1.4927194E-01
-6.803777E-08,-1.4932464E-01
-6.798777E-08,-1.4937735E-01
-6.793777E-08,-1.4943006E-01
-6.788777E-08,-1.4953548E-01
-6.783777E-08,-1.4958819E-01
-6.778777E-08,-1.4964090E-01
-6.773777E-08,-1.4969361E-01
-6.768777E-08,-1.4974632E-01
-6.763777E-08,-1.4979903E-01
-6.758777E-08,-1.4985173E-01
-6.753777E-08,-1.4990444E-01
-6.748777E-08,-1.4990444E-01
-6.743777E-08,-1.4995715E-01
-6.738777E-08,-1.4995715E-01
-6.733777E-08,-1.5000986E-01
-6.728777E-08,-1.5000986E-01
-6.723777E-08,-1.5000986E-01
-6.718777E-08,-1.5000986E-01
-6.713777E-08,-1.4995715E-01
-6.708777E-08,-1.4995715E-01
-6.703777E-08,-1.4995715E-01
-6.698777E-08,-1.4990444E-01
-6.693777E-08,-1.4990444E-01
-6.688777E-08,-1.4985173E-01
-6.683777E-08,-1.4979903E-01
-6.678777E-08,-1.4979903E-01
-6.673777E-08,-1.4974632E-01
-6.668777E-08,-1.4969361E-01
-6.663777E-08,-1.4969361E-01
-6.658777E-08,-1.4964090E-01
-6.653777E-08,-1.4964090E-01
-6.648777E-08,-1.4958819E-01
-6.643777E-08,-1.4958819E-01
-6.638777E-08,-1.4958819E-01
-6.633777E-08,-1.4953548E-01
-6.628777E-08,-1.4953548E-01
-6.623777E-08,-1.4953548E-01
-6.618777E-08,-1.4953548E-01
-6.613777E-08,-1.4953548E-01
-6.608777E-08,-1.4958819E-01
-6.603777E-08,-1.4958819E-01
-6.598777E-08,-1.4958819E-01
-6.593777E-08,-1.4964090E-01
-6.588777E-08,-1.4964090E-01
-6.583777E-08,-1.4964090E-01
-6.578777E-08,-1.4969361E-01
-6.573777E-08,-1.4969361E-01
-6.568777E-08,-1.4969361E-01
-6.563777E-08,-1.4974632E-01
-6.558777E-08,-1.4974632E-01
-6.553777E-08,-1.4974632E-01
-6.548777E-08,-1.4974632E-01
-6.543777E-08,-1.4979903E-01
-6.538777E-08,-1.4974632E-01
-6.533777E-08,-1.4974632E-01
-6.528777E-08,-1.4974632E-01
-6.523777E-08,-1.4974632E-01
-6.518777E-08,-1.4974632E-01
-6.513777E-08,-1.4969361E-01
-6.508777E-08,-1.4969361E-01
-6.503777E-08,-1.4964090E-01
-6.498777E-08,-1.4958819E-01
-6.493777E-08,-1.4958819E-01
-6.488777E-08,-1.4953548E-01
-6.483777E-08,-1.4948277E-01
-6.478777E-08,-1.4943006E-01
-6.473777E-08,-1.4943006E-01
-6.468777E-08,-1.4937735E-01
-6.463777E-08,-1.4932464E-01
-6.458777E-08,-1.4927194E-01
-6.453777E-08,-1.4927194E-01
-6.448777E-08,-1.4921923E-01
-6.443777E-08,-1.4916652E-01
-6.438777E-08,-1.4916652E-01
-6.433777E-08,-1.4916652E-01
-6.428777E-08,-1.4911381E-01
-6.423777E-08,-1.4911381E-01
-6.418777E-08,-1.4911381E-01
-6.413777E-08,-1.4911381E-01
-6.408777E-08,-1.4911381E-01
-6.403777E-08,-1.4911381E-01
-6.398777E-08,-1.4911381E-01
-6.393777E-08,-1.4911381E-01
-6.388777E-08,-1.4911381E-01
-6.383777E-08,-1.4916652E-01
-6.378777E-08,-1.4916652E-01
-6.373777E-08,-1.4916652E-01
-6.368777E-08,-1.4916652E-01
-6.363777E-08,-1.4916652E-01
-6.358777E-08,-1.4921923E-01
-6.353777E-08,-1.4921923E-01
-6.348777E-08,-1.4921923E-01
-6.343777E-08,-1.4921923E-01
-6.338777E-08,-1.4921923E-01
-6.333777E-08,-1.4921923E-01
-6.328777E-08,-1.4921923E-01
-6.323777E-08,-1.4916652E-01
-6.318777E-08,-1.4916652E-01
-6.313777E-08,-1.4911381E-01
-6.308777E-08,-1.4911381E-01
-6.303777E-08,-1.4906110E-01
-6.298777E-08,-1.4906110E-01
-6.293777E-08,-1.4900839E-01
-6.288777E-08,-1.4895568E-01
-6.283777E-08,-1.4890297E-01
-6.278777E-08,-1.4885026E-01
-6.273777E-08,-1.4879755E-01
-6.268777E-08,-1.4879755E-01
-6.263777E-08,-1.4874485E-01
-6.258777E-08,-1.4869214E-01
-6.253777E-08,-1.4863943E-01
-6.248777E-08,-1.4858672E-01
-6.243777E-08,-1.4858672E-01
-6.238777E-08,-1.4853401E-01
-6.233777E-08,-1.4848130E-01
-6.228777E-08,-1.4848130E-01
-6.223777E-08,-1.4848130E-01
-6.218777E-08,-1.4842859E-01
-6.213777E-08,-1.4842859E-01
-6.208777E-08,-1.4842859E-01
-6.203777E-08,-1.4842859E-01
-6.198777E-08,-1.4842859E-01
-6.193777E-08,-1.4842859E-01
-6.188777E-08,-1.4848130E-01
-6.183777E-08,-1.4848130E-01
-6.178777E-08,-1.4853401E-01
-6.173777E-08,-1.4853401E-01
-6.168777E-08,-1.4858672E-01
-6.163777E-08,-1.4863943E-01
-6.158777E-08,-1.4869214E-01
-6.153777E-08,-1.4869214E-01
-6.148777E-08,-1.4874485E-01
-6.143777E-08,-1.4879755E-01
-6.138777E-08,-1.4885026E-01
-6.133777E-08,-1.4890297E-01
-6.128777E-08,-1.4895568E-01
-6.123777E-08,-1.4895568E-01
-6.118777E-08,-1.4900839E-01
-6.113777E-08,-1.4906110E-01
-6.108777E-08,-1.4906110E-01
-6.103777E-08,-1.4911381E-01
-6.098777E-08,-1.4916652E-01
-6.093777E-08,-1.4916652E-01
-6.088777E-08,-1.4921923E-01
-6.083777E-08,-1.4921923E-01
-6.078777E-08,-1.4921923E-01
-6.073777E-08,-1.4927194E-01
-6.068777E-08,-1.4927194E-01
-6.063777E-08,-1.4927194E-01
-6.058777E-08,-1.4927194E-01
-6.053777E-08,-1.4927194E-01
-6.048777E-08,-1.4927194E-01
-6.043777E-08,-1.4927194E-01
-6.038777E-08,-1.4927194E-01
-6.033777E-08,-1.4927194E-01
-6.028777E-08,-1.4927194E-01
-6.023777E-08,-1.4927194E-01
-6.018777E-08,-1.4921923E-01
-6.013777E-08,-1.4921923E-01
-6.008777E-08,-1.4921923E-01
-6.003777E-08,-1.4921923E-01
-5.998777E-08,-1.4916652E-01
-5.993777E-08,-1.4916652E-01
-5.988777E-08,-1.4916652E-01
-5.983777E-08,-1.4911381E-01
-5.978777E-08,-1.4911381E-01
-5.973777E-08,-1.4911381E-01
-5.968777E-08,-1.4911381E-01
-5.963777E-08,-1.4906110E-01
-5.958777E-08,-1.4906110E-01
-5.953777E-08,-1.4906110E-01
-5.948777E-08,-1.4900839E-01
-5.943777E-08,-1.4900839E-01
-5.938777E-08,-1.4900839E-01
-5.933777E-08,-1.4900839E-01
-5.928777E-08,-1.4895568E-01
-5.923777E-08,-1.4895568E-01
-5.918777E-08,-1.4895568E-01
-5.913777E-08,-1.4895568E-01
-5.908777E-08,-1.4895568E-01
-5.903777E-08,-1.4895568E-01
-5.898777E-08,-1.4895568E-01
-5.893777E-08,-1.4895568E-01
-5.888777E-08,-1.4895568E-01
-5.883777E-08,-1.4900839E-01
-5.878777E-08,-1.4900839E-01
-5.873777E-08,-1.4900839E-01
-5.868777E-08,-1.4906110E-01
-5.863777E-08,-1.4906110E-01
-5.858777E-08,-1.4906110E-01
-5.853777E-08,-1.4911381E-01
-5.848777E-08,-1.4916652E-01
-5.843777E-08,-1.4916652E-01
-5.838777E-08,-1.4921923E-01
-5.833777E-08,-1.4921923E-01
-5.828777E-08,-1.4927194E-01
-5.823777E-08,-1.4932464E-01
-5.818777E-08,-1.4932464E-01
-5.813777E-08,-1.4937735E-01
-5.808777E-08,-1.4943006E-01
-5.803777E-08,-1.4943006E-01
-5.798777E-08,-1.4948277E-01
-5.793777E-08,-1.4953548E-01
-5.788777E-08,-1.4953548E-01
-5.783777E-08,-1.4958819E-01
-5.778777E-08,-1.4958819E-01
-5.773777E-08,-1.4958819E-01
-5.768777E-08,-1.4964090E-01
-5.763777E-08,-1.4964090E-01
-5.758777E-08,-1.4964090E-01
-5.753777E-08,-1.4964090E-01
-5.748777E-08,-1.4964090E-01
-5.743777E-08,-1.4964090E-01
-5.738777E-08,-1.4964090E-01
-5.733777E-08,-1.4964090E-01
-5.728777E-08,-1.4964090E-01
-5.723777E-08,-1.4958819E-01
-5.718777E-08,-1.4958819E-01
-5.713777E-08,-1.4958819E-01
-5.708777E-08,-1.4953548E-01
-5.703777E-08,-1.4953548E-01
-5.698777E-08,-1.4953548E-01
-5.693777E-08,-1.4948277E-01
-5.688777E-08,-1.4948277E-01
-5.683777E-08,-1.4948277E-01
-5.678777E-08,-1.4943006E-01
-5.673777E-08,-1.4943006E-01
-5.668777E-08,-1.4943006E-01
-5.663777E-08,-1.4943006E-01
-5.658777E-08,-1.4943006E-01
-5.653777E-08,-1.4943006E-01
-5.648777E-08,-1.4943006E-01
-5.643777E-08,-1.4943006E-01
-5.638777E-08,-1.4943006E-01
-5.633777E-08,-1.4943006E-01
-5.628777E-08,-1.4943006E-01
-5.623777E-08,-1.4948277E-01
-5.618777E-08,-1.4948277E-01
-5.613777E-08,-1.4948277E-01
-5.608777E-08,-1.4953548E-01
-5.603777E-08,-1.4958819E-01
-5.598777E-08,-1.4958819E-01
-5.593777E-08,-1.4964090E-01
-5.588777E-08,-1.4964090E-01
-5.583777E-08,-1.4969361E-01
-5.578777E-08,-1.4969361E-01
-5.573777E-08,-1.4974632E-01
-5.568777E-08,-1.4974632E-01
-5.563777E-08,-1.4974632E-01
-5.558777E-08,-1.4979903E-01
-5.553777E-08,-1.4979903E-01
-5.548777E-08,-1.4979903E-01
-5.543777E-08,-1.4979903E-01
-5.538777E-08,-1.4979903E-01
-5.533777E-08,-1.4979903E-01
-5.528777E-08,-1.4974632E-01
-5.523777E-08,-1.4974632E-01
-5.518777E-08,-1.4969361E-01
-5.513777E-08,-1.4969361E-01
-5.508777E-08,-1.4964090E-01
-5.503777E-08,-1.4958819E-01
-5.498777E-08,-1.4953548E-01
-5.493777E-08,-1.4953548E-01
-5.488777E-08,-1.4948277E-01
-5.483777E-08,-1.4937735E-01
-5.478777E-08,-1.4932464E-01
-5.473777E-08,-1.4927194E-01
-5.468777E-08,-1.4921923E-01
-5.463777E-08,-1.4916652E-01
-5.458777E-08,-1.4911381E-01
-5.453777E-08,-1.4906110E-01
-5.448777E-08,-1.4900839E-01
-5.443777E-08,-1.4895568E-01
-5.438777E-08,-1.4890297E-01
-5.433777E-08,-1.4885026E-01
-5.428777E-08,-1.4879755E-01
-5.423777E-08,-1.4874485E-01
-5.418777E-08,-1.4869214E-01
-5.413777E-08,-1.4869214E-01
-5.408777E-08,-1.4863943E-01
-5.403777E-08,-1.4863943E-01
-5.398777E-08,-1.4858672E-01
-5.393777E-08,-1.4858672E-01
-5.388777E-08,-1.4858672E-01
-5.383777E-08,-1.4858672E-01
-5.378777E-08,-1.4858672E-01
-5.373777E-08,-1.4858672E-01
-5.368777E-08,-1.4858672E-01
-5.363777E-08,-1.4858672E-01
-5.358777E-08,-1.4863943E-01
-5.353777E-08,-1.4863943E-01
-5.348777E-08,-1.4863943E-01
-5.343777E-08,-1.4863943E-01
-5.338777E-08,-1.4869214E-01
-5.333777E-08,-1.4869214E-01
-5.328777E-08,-1.4869214E-01
-5.323777E-08,-1.4874485E-01
-5.318777E-08,-1.4874485E-01
-5.313777E-08,-1.4874485E-01
-5.308777E-08,-1.4874485E-01
-5.303777E-08,-1.4879755E-01
-5.298777E-08,-1.4879755E-01
-5.293777E-08,-1.4879755E-01
-5.288777E-08,-1.4879755E-01
-5.283777E-08,-1.4879755E-01
-5.278777E-08,-1.4879755E-01
-5.273777E-08,-1.4879755E-01
-5.268777E-08,-1.4879755E-01
-5.263777E-08,-1.4879755E-01
-5.258777E-08,-1.4879755E-01
-5.253777E-08,-1.4874485E-01
-5.248777E-08,-1.4874485E-01
-5.243777E-08,-1.4874485E-01
-5.238777E-08,-1.4874485E-01
-5.233777E-08,-1.4874485E-01
-5.228777E-08,-1.4874485E-01
-5.223777E-08,-1.4874485E-01
-5.218777E-08,-1.4874485E-01
-5.213777E-08,-1.4874485E-01
-5.208777E-08,-1.4874485E-01
-5.203777E-08,-1.4874485E-01
-5.198777E-08,-1.4874485E-01
-5.193777E-08,-1.4874485E-01
-5.188777E-08,-1.4874485E-01
-5.183777E-08,-1.4874485E-01
-5.178777E-08,-1.4874485E-01
-5.173777E-08,-1.4874485E-01
-5.168777E-08,-1.4879755E-01
-5.163777E-08,-1.4879755E-01
-5.158777E-08,-1.4879755E-01
-5.153777E-08,-1.4879755E-01
-5.148777E-08,-1.4879755E-01
-5.143777E-08,-1.4879755E-01
-5.138777E-08,-1.4885026E-01
-5.133777E-08,-1.4885026E-01
-5.128777E-08,-1.4885026E-01
-5.123777E-08,-1.4885026E-01
-5.118777E-08,-1.4885026E-01
-5.113777E-08,-1.4885026E-01
-5.108777E-08,-1.4885026E-01
-5.103777E-08,-1.4879755E-01
-5.098777E-08,-1.4879755E-01
-5.093777E-08,-1.4879755E-01
-5.088777E-08,-1.4874485E-01
-5.083777E-08,-1.4874485E-01
-5.078777E-08,-1.4874485E-01
-5.073777E-08,-1.4869214E-01
-5.068777E-08,-1.4869214E-01
-5.063777E-08,-1.4863943E-01
-5.058777E-08,-1.4863943E-01
-5.053777E-08,-1.4858672E-01
-5.048777E-08,-1.4858672E-01
-5.043777E-08,-1.4853401E-01
-5.038777E-08,-1.4853401E-01
-5.033777E-08,-1.4853401E-01
-5.028777E-08,-1.4848130E-01
-5.023777E-08,-1.4848130E-01
-5.018777E-08,-1.4848130E-01
-5.013777E-08,-1.4848130E-01
-5.008777E-08,-1.4848130E-01
-5.003777E-08,-1.4848130E-01
-4.998777E-08,-1.4848130E-01
-4.993777E-08,-1.4848130E-01
-4.988777E-08,-1.4853401E-01
-4.983777E-08,-1.4853401E-01
-4.978777E-08,-1.4858672E-01
-4.973777E-08,-1.4858672E-01
-4.968777E-08,-1.4863943E-01
-4.963777E-08,-1.4869214E-01
-4.958777E-08,-1.4874485E-01
-4.953777E-08,-1.4879755E-01
-4.948777E-08,-1.4885026E-01
-4.943777E-08,-1.4890297E-01
-4.938777E-08,-1.4895568E-01
-4.933777E-08,-1.4900839E-01
-4.928777E-08,-1.4911381E-01
-4.923777E-08,-1.4916652E-01
-4.918777E-08,-1.4921923E-01
-4.913777E-08,-1.4932464E-01
-4.908777E-08,-1.4937735E-01
-4.903777E-08,-1.4943006E-01
-4.898777E-08,-1.4948277E-01
-4.893777E-08,-1.4953548E-01
-4.888777E-08,-1.4958819E-01
-4.883777E-08,-1.4964090E-01
-4.878777E-08,-1.4969361E-01
-4.873777E-08,-1.4974632E-01
-4.868777E-08,-1.4974632E-01
-4.863777E-08,-1.4979903E-01
-4.858777E-08,-1.4979903E-01
-4.853777E-08,-1.4985173E-01
-4.848777E-08,-1.4985173E-01
-4.843777E-08,-1.4985173E-01
-4.838777E-08,-1.4985173E-01
-4.833777E-08,-1.4979903E-01
-4.828777E-08,-1.4979903E-01
-4.823777E-08,-1.4979903E-01
-4.818777E-08,-1.4974632E-01
-4.813777E-08,-1.4974632E-01
-4.808777E-08,-1.4969361E-01
-4.803777E-08,-1.4964090E-01
-4.798777E-08,-1.4964090E-01
-4.793777E-08,-1.4958819E-01
-4.788777E-08,-1.4953548E-01
-4.783777E-08,-1.4948277E-01
-4.778777E-08,-1.4948277E-01
-4.773777E-08,-1.4943006E-01
-4.768777E-08,-1.4937735E-01
-4.763777E-08,-1.4932464E-01
-4.758777E-08,-1.4927194E-01
-4.753777E-08,-1.4927194E-01
-4.748777E-08,-1.4921923E-01
-4.743777E-08,-1.4921923E-01
-4.738777E-08,-1.4916652E-01
-4.733777E-08,-1.4916652E-01
-4.728777E-08,-1.4916652E-01
-4.723777E-08,-1.4911381E-01
-4.718777E-08,-1.4911381E-01
-4.713777E-08,-1.4911381E-01
-4.708777E-08,-1.4911381E-01
-4.703777E-08,-1.4911381E-01
-4.698777E-08,-1.4911381E-01
-4.693777E-08,-1.4916652E-01
-4.688777E-08,-1.4916652E-01
-4.683777E-08,-1.4916652E-01
-4.678777E-08,-1.4916652E-01
-4.673777E-08,-1.4921923E-01
-4.668777E-08,-1.4921923E-01
-4.663777E-08,-1.4927194E-01
-4.658777E-08,-1.4927194E-01
-4.653777E-08,-1.4927194E-01
-4.648777E-08,-1.4932464E-01
-4.643777E-08,-1.4932464E-01
-4.638777E-08,-1.4932464E-01
-4.633777E-08,-1.4937735E-01
-4.628777E-08,-1.4937735E-01
-4.623777E-08,-1.4937735E-01
-4.618777E-08,-1.4937735E-01
-4.613777E-08,-1.4937735E-01
-4.608777E-08,-1.4937735E-01
-4.603777E-08,-1.4937735E-01
-4.598777E-08,-1.4932464E-01
-4.593777E-08,-1.4932464E-01
-4.588777E-08,-1.4932464E-01
-4.583777E-08,-1.4932464E-01
-4.578777E-08,-1.4927194E-01
-4.573777E-08,-1.4927194E-01
-4.568777E-08,-1.4921923E-01
-4.563777E-08,-1.4916652E-01
-4.558777E-08,-1.4916652E-01
-4.553777E-08,-1.4911381E-01
-4.548777E-08,-1.4911381E-01
-4.543777E-08,-1.4906110E-01
-4.538777E-08,-1.4906110E-01
-4.533777E-08,-1.4900839E-01
-4.528777E-08,-1.4900839E-01
-4.523777E-08,-1.4895568E-01
-4.518777E-08,-1.4895568E-01
-4.513777E-08,-1.4890297E-01
-4.508777E-08,-1.4890297E-01
-4.503777E-08,-1.4890297E-01
-4.498777E-08,-1.4885026E-01
-4.493777E-08,-1.4885026E-01
-4.488777E-08,-1.4885026E-01
-4.483777E-08,-1.4885026E-01
-4.478777E-08,-1.4885026E-01
-4.473777E-08,-1.4885026E-01
-4.468777E-08,-1.4885026E-01
-4.463777E-08,-1.4885026E-01
-4.458777E-08,-1.4885026E-01
-4.453777E-08,-1.4885026E-01
-4.448777E-08,-1.4879755E-01
-4.443777E-08,-1.4879755E-01
-4.438777E-08,-1.4879755E-01
-4.433777E-08,-1.4879755E-01
-4.428777E-08,-1.4879755E-01
-4.423777E-08,-1.4879755E-01
-4.418777E-08,-1.4879755E-01
-4.413777E-08,-1.4874485E-01
-4.408777E-08,-1.4874485E-01
-4.403777E-08,-1.4869214E-01
-4.398777E-08,-1.4869214E-01
-4.393777E-08,-1.4863943E-01
-4.388777E-08,-1.4863943E-01
-4.383777E-08,-1.4858672E-01
-4.378777E-08,-1.4858672E-01
-4.373777E-08,-1.4853401E-01
-4.368777E-08,-1.4848130E-01
-4.363777E-08,-1.4842859E-01
-4.358777E-08,-1.4837588E-01
-4.353777E-08,-1.4832317E-01
-4.348777E-08,-1.4832317E-01
-4.343777E-08,-1.4827046E-01
-4.338777E-08,-1.4821776E-01
-4.333777E-08,-1.4816505E-01
-4.328777E-08,-1.4811234E-01
-4.323777E-08,-1.4811234E-01
-4.318777E-08,-1.4805963E-01
-4.313777E-08,-1.4800692E-01
-4.308777E-08,-1.4800692E-01
-4.303777E-08,-1.4795421E-01
-4.298777E-08,-1.4795421E-01
-4.293777E-08,-1.4790150E-01
-4.288777E-08,-1.4790150E-01
-4.283777E-08,-1.4790150E-01
-4.278777E-08,-1.4790150E-01
-4.273777E-08,-1.4790150E-01
-4.268777E-08,-1.4790150E-01
-4.263777E-08,-1.4790150E-01
-4.258777E-08,-1.4790150E-01
-4.253777E-08,-1.4795421E-01
-4.248777E-08,-1.4795421E-01
-4.243777E-08,-1.4800692E-01
-4.238777E-08,-1.4800692E-01
-4.233777E-08,-1.4805963E-01
-4.228777E-08,-1.4805963E-01
-4.223777E-08,-1.4811234E-01
-4.218777E-08,-1.4816505E-01
-4.213777E-08,-1.4816505E-01
-4.208777E-08,-1.4821776E-01
-4.203777E-08,-1.4827046E-01
-4.198777E-08,-1.4827046E-01
-4.193777E-08,-1.4832317E-01
-4.188777E-08,-1.4837588E-01
-4.183777E-08,-1.4837588E-01
-4.178777E-08,-1.4842859E-01
-4.173777E-08,-1.4848130E-01
-4.168777E-08,-1.4848130E-01
-4.163777E-08,-1.4853401E-01
-4.158777E-08,-1.4853401E-01
-4.153777E-08,-1.4858672E-01
-4.148777E-08,-1.4858672E-01
-4.143777E-08,-1.4858672E-01
-4.138777E-08,-1.4863943E-01
-4.133777E-08,-1.4863943E-01
-4.128777E-08,-1.4863943E-01
-4.123777E-08,-1.4869214E-01
-4.118777E-08,-1.4869214E-01
-4.113777E-08,-1.4869214E-01
-4.108777E-08,-1.4869214E-01
-4.103777E-08,-1.4869214E-01
-4.098777E-08,-1.4874485E-01
-4.093777E-08,-1.4874485E-01
-4.088777E-08,-1.4874485E-01
-4.083777E-08,-1.4874485E-01
-4.078777E-08,-1.4874485E-01
-4.073777E-08,-1.4874485E-01
-4.068777E-08,-1.4874485E-01
-4.063777E-08,-1.4879755E-01
-4.058777E-08,-1.4879755E-01
-4.053777E-08,-1.4879755E-01
-4.048777E-08,-1.4879755E-01
-4.043777E-08,-1.4879755E-01
-4.038777E-08,-1.4879755E-01
-4.033777E-08,-1.4879755E-01
-4.028777E-08,-1.4885026E-01
-4.023777E-08,-1.4885026E-01
-4.018777E-08,-1.4885026E-01
-4.013777E-08,-1.4885026E-01
-4.008777E-08,-1.4885026E-01
-4.003777E-08,-1.4890297E-01
-3.998777E-08,-1.4890297E-01
-3.993777E-08,-1.4890297E-01
-3.988777E-08,-1.4890297E-01
-3.983777E-08,-1.4890297E-01
-3.978777E-08,-1.4895568E-01
-3.973777E-08,-1.4895568E-01
-3.968777E-08,-1.4895568E-01
-3.963777E-08,-1.4900839E-01
-3.958777E-08,-1.4900839E-01
-3.953777E-08,-1.4900839E-01
-3.948777E-08,-1.4900839E-01
-3.943777E-08,-1.4906110E-01
-3.938777E-08,-1.4906110E-01
-3.933777E-08,-1.4906110E-01
-3.928777E-08,-1.4911381E-01
-3.923777E-08,-1.4911381E-01
-3.918777E-08,-1.4911381E-01
-3.913777E-08,-1.4916652E-01
-3.908777E-08,-1.4916652E-01
-3.903777E-08,-1.4916652E-01
-3.898777E-08,-1.4916652E-01
-3.893777E-08,-1.4921923E-01
-3.888777E-08,-1.4921923E-01
-3.883777E-08,-1.4921923E-01
-3.878777E-08,-1.4921923E-01
-3.873777E-08,-1.4921923E-01
-3.868777E-08,-1.4921923E-01
-3.863777E-08,-1.4921923E-01
-3.858777E-08,-1.4927194E-01
-3.853777E-08,-1.4927194E-01
-3.848777E-08,-1.4927194E-01
-3.843777E-08,-1.4927194E-01
-3.838777E-08,-1.4927194E-01
-3.833777E-08,-1.4927194E-01
-3.828777E-08,-1.4921923E-01
-3.823777E-08,-1.4921923E-01
-3.818777E-08,-1.4921923E-01
-3.813777E-08,-1.4921923E-01
-3.808777E-08,-1.4921923E-01
-3.803777E-08,-1.4921923E-01
-3.798777E-08,-1.4921923E-01
-3.793777E-08,-1.4921923E-01
-3.788777E-08,-1.4921923E-01
-3.783777E-08,-1.4927194E-01
-3.778777E-08,-1.4927194E-01
-3.773777E-08,-1.4927194E-01
-3.768777E-08,-1.4927194E-01
-3.763777E-08,-1.4927194E-01
-3.758777E-08,-1.4932464E-01
-3.753777E-08,-1.4932464E-01
-3.748777E-08,-1.4937735E-01
-3.743777E-08,-1.4937735E-01
-3.738777E-08,-1.4937735E-01
-3.733777E-08,-1.4943006E-01
-3.728777E-08,-1.4943006E-01
-3.723777E-08,-1.4948277E-01
-3.718777E-08,-1.4953548E-01
-3.713777E-08,-1.4953548E-01
-3.708777E-08,-1.4953548E-01
-3.703777E-08,-1.4958819E-01
-3.698777E-08,-1.4958819E-01
-3.693777E-08,-1.4964090E-01
-3.688777E-08,-1.4964090E-01
-3.683777E-08,-1.4964090E-01
-3.678777E-08,-1.4969361E-01
-3.673777E-08,-1.4969361E-01
-3.668777E-08,-1.4969361E-01
-3.663777E-08,-1.4969361E-01
-3.658777E-08,-1.4969361E-01
-3.653777E-08,-1.4969361E-01
-3.648777E-08,-1.4964090E-01
-3.643777E-08,-1.4964090E-01
-3.638777E-08,-1.4964090E-01
-3.633777E-08,-1.4958819E-01
-3.628777E-08,-1.4953548E-01
-3.623777E-08,-1.4953548E-01
-3.618777E-08,-1.4948277E-01
-3.613777E-08,-1.4943006E-01
-3.608777E-08,-1.4937735E-01
-3.603777E-08,-1.4932464E-01
-3.598777E-08,-1.4927194E-01
-3.593777E-08,-1.4921923E-01
-3.588777E-08,-1.4916652E-01
-3.583777E-08,-1.4911381E-01
-3.578777E-08,-1.4906110E-01
-3.573777E-08,-1.4900839E-01
-3.568777E-08,-1.4895568E-01
-3.563777E-08,-1.4890297E-01
-3.558777E-08,-1.4885026E-01
-3.553777E-08,-1.4885026E-01
-3.548777E-08,-1.4879755E-01
-3.543777E-08,-1.4874485E-01
-3.538777E-08,-1.4874485E-01
-3.533777E-08,-1.4869214E-01
-3.528777E-08,-1.4869214E-01
-3.523777E-08,-1.4869214E-01
-3.518777E-08,-1.4869214E-01
-3.513777E-08,-1.4869214E-01
-3.508777E-08,-1.4869214E-01
-3.503777E-08,-1.4869214E-01
-3.498777E-08,-1.4869214E-01
-3.493777E-08,-1.4869214E-01
-3.488777E-08,-1.4869214E-01
-3.483777E-08,-1.4874485E-01
-3.478777E-08,-1.4874485E-01
-3.473777E-08,-1.4879755E-01
-3.468777E-08,-1.4879755E-01
-3.463777E-08,-1.4885026E-01
-3.458777E-08,-1.4885026E-01
-3.453777E-08,-1.4885026E-01
-3.448777E-08,-1.4890297E-01
-3.443777E-08,-1.4890297E-01
-3.438777E-08,-1.4895568E-01
-3.433777E-08,-1.4895568E-01
-3.428777E-08,-1.4900839E-01
-3.423777E-08,-1.4900839E-01
-3.418777E-08,-1.4900839E-01
-3.413777E-08,-1.4906110E-01
-3.408777E-08,-1.4906110E-01
-3.403777E-08,-1.4906110E-01
-3.398777E-08,-1.4906110E-01
-3.393777E-08,-1.4906110E-01
-3.388777E-08,-1.4911381E-01
-3.383777E-08,-1.4911381E-01
-3.378777E-08,-1.4911381E-01
-3.373777E-08,-1.4911381E-01
-3.368777E-08,-1.4911381E-01
-3.363777E-08,-1.4911381E-01
-3.358777E-08,-1.4911381E-01
-3.353777E-08,-1.4911381E-01
-3.348777E-08,-1.4916652E-01
-3.343777E-08,-1.4916652E-01
-3.338777E-08,-1.4916652E-01
-3.333777E-08,-1.4916652E-01
-3.328777E-08,-1.4916652E-01
-3.323777E-08,-1.4916652E-01
-3.318777E-08,-1.4916652E-01
-3.313777E-08,-1.4916652E-01
-3.308777E-08,-1.4916652E-01
-3.303777E-08,-1.4916652E-01
-3.298777E-08,-1.4916652E-01
-3.293777E-08,-1.4916652E-01
-3.288777E-08,-1.4916652E-01
-3.283777E-08,-1.4916652E-01
-3.278777E-08,-1.4916652E-01
-3.273777E-08,-1.4916652E-01
-3.268777E-08,-1.4916652E-01
-3.263777E-08,-1.4916652E-01
-3.258777E-08,-1.4916652E-01
-3.253777E-08,-1.4911381E-01
-3.248777E-08,-1.4911381E-01
-3.243777E-08,-1.4906110E-01
-3.238777E-08,-1.4906110E-01
-3.233777E-08,-1.4906110E-01
-3.228777E-08,-1.4900839E-01
-3.223777E-08,-1.4900839E-01
-3.218777E-08,-1.4895568E-01
-3.213777E-08,-1.4895568E-01
-3.208777E-08,-1.4890297E-01
-3.203777E-08,-1.4890297E-01
-3.198777E-08,-1.4885026E-01
-3.193777E-08,-1.4885026E-01
-3.188777E-08,-1.4879755E-01
-3.183777E-08,-1.4879755E-01
-3.178777E-08,-1.4874485E-01
-3.173777E-08,-1.4874485E-01
-3.168777E-08,-1.4874485E-01
-3.163777E-08,-1.4874485E-01
-3.158777E-08,-1.4874485E-01
-3.153777E-08,-1.4874485E-01
-3.148777E-08,-1.4874485E-01
-3.143777E-08,-1.4874485E-01
-3.138777E-08,-1.4874485E-01
-3.133777E-08,-1.4874485E-01
-3.128777E-08,-1.4874485E-01
-3.123777E-08,-1.4879755E-01
-3.118777E-08,-1.4879755E-01
-3.113777E-08,-1.4885026E-01
-3.108777E-08,-1.4890297E-01
-3.103777E-08,-1.4890297E-01
-3.098777E-08,-1.4895568E-01
-3.093777E-08,-1.4895568E-01
-3.088777E-08,-1.4900839E-01
-3.083777E-08,-1.4906110E-01
-3.078777E-08,-1.4906110E-01
-3.073777E-08,-1.4911381E-01
-3.068777E-08,-1.4916652E-01
-3.063777E-08,-1.4916652E-01
-3.058777E-08,-1.4921923E-01
-3.053777E-08,-1.4921923E-01
-3.048777E-08,-1.4921923E-01
-3.043777E-08,-1.4921923E-01
-3.038777E-08,-1.4921923E-01
-3.033777E-08,-1.4927194E-01
-3.028777E-08,-1.4927194E-01
-3.023777E-08,-1.4921923E-01
-3.018777E-08,-1.4921923E-01
-3.013777E-08,-1.4921923E-01
-3.008777E-08,-1.4921923E-01
-3.003777E-08,-1.4916652E-01
-2.998777E-08,-1.4916652E-01
-2.993777E-08,-1.4916652E-01
-2.988777E-08,-1.4911381E-01
-2.983777E-08,-1.4911381E-01
-2.978777E-08,-1.4906110E-01
-2.973777E-08,-1.4906110E-01
-2.968777E-08,-1.4906110E-01
-2.963777E-08,-1.4900839E-01
-2.958777E-08,-1.4900839E-01
-2.953777E-08,-1.4900839E-01
-2.948777E-08,-1.4900839E-01
-2.943777E-08,-1.4900839E-01
-2.938777E-08,-1.4900839E-01
-2.933777E-08,-1.4900839E-01
-2.928777E-08,-1.4900839E-01
-2.923777E-08,-1.4900839E-01
-2.918777E-08,-1.4906110E-01
-2.913777E-08,-1.4906110E-01
-2.908777E-08,-1.4911381E-01
-2.903777E-08,-1.4916652E-01
-2.898777E-08,-1.4916652E-01
-2.893777E-08,-1.4921923E-01
-2.888777E-08,-1.4927194E-01
-2.883777E-08,-1.4932464E-01
-2.878777E-08,-1.4932464E-01
-2.873777E-08,-1.4937735E-01
-2.868777E-08,-1.4943006E-01
-2.863777E-08,-1.4948277E-01
-2.858777E-08,-1.4953548E-01
-2.853777E-08,-1.4958819E-01
-2.848777E-08,-1.4958819E-01
-2.843777E-08,-1.4964090E-01
-2.838777E-08,-1.4964090E-01
-2.833777E-08,-1.4969361E-01
-2.828777E-08,-1.4969361E-01
-2.823777E-08,-1.4974632E-01
-2.818777E-08,-1.4974632E-01
-2.813777E-08,-1.4974632E-01
-2.808777E-08,-1.4974632E-01
-2.803777E-08,-1.4974632E-01
-2.798777E-08,-1.4974632E-01
-2.793777E-08,-1.4969361E-01
-2.788777E-08,-1.4969361E-01
-2.783777E-08,-1.4969361E-01
-2.778777E-08,-1.4964090E-01
-2.773777E-08,-1.4964090E-01
-2.768777E-08,-1.4964090E-01
-2.763777E-08,-1.4958819E-01
-2.758777E-08,-1.4958819E-01
-2.753777E-08,-1.4953548E-01
-2.748777E-08,-1.4953548E-01
-2.743777E-08,-1.4948277E-01
-2.738777E-08,-1.4948277E-01
-2.733777E-08,-1.4948277E-01
-2.728777E-08,-1.4943006E-01
-2.723777E-08,-1.4943006E-01
-2.718777E-08,-1.4943006E-01
-2.713777E-08,-1.4943006E-01
-2.708777E-08,-1.4943006E-01
-2.703777E-08,-1.4943006E-01
-2.698777E-08,-1.4943006E-01
-2.693777E-08,-1.4943006E-01
-2.688777E-08,-1.4948277E-01
-2.683777E-08,-1.4948277E-01
-2.678777E-08,-1.4948277E-01
-2.673777E-08,-1.4948277E-01
-2.668777E-08,-1.4953548E-01
-2.663777E-08,-1.4953548E-01
-2.658777E-08,-1.4953548E-01
-2.653777E-08,-1.4958819E-01
-2.648777E-08,-1.4958819E-01
-2.643777E-08,-1.4958819E-01
-2.638777E-08,-1.4964090E-01
-2.633777E-08,-1.4964090E-01
-2.628777E-08,-1.4964090E-01
-2.623777E-08,-1.4964090E-01
-2.618777E-08,-1.4964090E-01
-2.613777E-08,-1.4964090E-01
-2.608777E-08,-1.4964090E-01
-2.603777E-08,-1.4958819E-01
-2.598777E-08,-1.4958819E-01
-2.593777E-08,-1.4953548E-01
-2.588777E-08,-1.4953548E-01
-2.583777E-08,-1.4948277E-01
-2.578777E-08,-1.4943006E-01
-2.573777E-08,-1.4937735E-01
-2.568777E-08,-1.4932464E-01
-2.563777E-08,-1.4927194E-01
-2.558777E-08,-1.4921923E-01
-2.553777E-08,-1.4916652E-01
-2.548777E-08,-1.4911381E-01
-2.543777E-08,-1.4900839E-01
-2.538777E-08,-1.4895568E-01
-2.533777E-08,-1.4890297E-01
-2.528777E-08,-1.4885026E-01
-2.523777E-08,-1.4879755E-01
-2.518777E-08,-1.4874485E-01
-2.513777E-08,-1.4869214E-01
-2.508777E-08,-1.4863943E-01
-2.503777E-08,-1.4858672E-01
-2.498777E-08,-1.4853401E-01
-2.493777E-08,-1.4848130E-01
-2.488777E-08,-1.4842859E-01
-2.483777E-08,-1.4842859E-01
-2.478777E-08,-1.4837588E-01
-2.473777E-08,-1.4837588E-01
-2.468777E-08,-1.4837588E-01
-2.463777E-08,-1.4832317E-01
-2.458777E-08,-1.4832317E-01
-2.453777E-08,-1.4832317E-01
-2.448777E-08,-1.4832317E-01
-2.443777E-08,-1.4837588E-01
-2.438777E-08,-1.4837588E-01
-2.433777E-08,-1.4837588E-01
-2.428777E-08,-1.4837588E-01
-2.423777E-08,-1.4842859E-01
-2.418777E-08,-1.4842859E-01
-2.413777E-08,-1.4848130E-01
-2.408777E-08,-1.4853401E-01
-2.403777E-08,-1.4853401E-01
-2.398777E-08,-1.4858672E-01
-2.393777E-08,-1.4858672E-01
-2.388777E-08,-1.4863943E-01
-2.383777E-08,-1.4869214E-01
-2.378777E-08,-1.4869214E-01
-2.373777E-08,-1.4874485E-01
-2.368777E-08,-1.4874485E-01
-2.363777E-08,-1.4879755E-01
-2.358777E-08,-1.4879755E-01
-2.353777E-08,-1.4885026E-01
-2.348777E-08,-1.4885026E-01
-2.343777E-08,-1.4885026E-01
-2.338777E-08,-1.4890297E-01
-2.333777E-08,-1.4890297E-01
-2.328777E-08,-1.4890297E-01
-2.323777E-08,-1.4890297E-01
-2.318777E-08,-1.4890297E-01
-2.313777E-08,-1.4895568E-01
-2.308777E-08,-1.4895568E-01
-2.303777E-08,-1.4895568E-01
-2.298777E-08,-1.4895568E-01
-2.293777E-08,-1.4895568E-01
-2.288777E-08,-1.4895568E-01
-2.283777E-08,-1.4900839E-01
-2.278777E-08,-1.4900839E-01
-2.273777E-08,-1.4900839E-01
-2.268777E-08,-1.4900839E-01
-2.263777E-08,-1.4900839E-01
-2.258777E-08,-1.4900839E-01
-2.253777E-08,-1.4906110E-01
-2.248777E-08,-1.4906110E-01
-2.243777E-08,-1.4906110E-01
-2.238777E-08,-1.4906110E-01
-2.233777E-08,-1.4911381E-01
-2.228777E-08,-1.4911381E-01
-2.223777E-08,-1.4911381E-01
-2.218777E-08,-1.4911381E-01
-2.213777E-08,-1.4911381E-01
-2.208777E-08,-1.4916652E-01
-2.203777E-08,-1.4916652E-01
-2.198777E-08,-1.4916652E-01
-2.193777E-08,-1.4916652E-01
-2.188777E-08,-1.4916652E-01
-2.183777E-08,-1.4916652E-01
-2.178777E-08,-1.4911381E-01
-2.173777E-08,-1.4911381E-01
-2.168777E-08,-1.4911381E-01
-2.163777E-08,-1.4906110E-01
-2.158777E-08,-1.4900839E-01
-2.153777E-08,-1.4900839E-01
-2.148777E-08,-1.4895568E-01
-2.143777E-08,-1.4890297E-01
-2.138777E-08,-1.4885026E-01
-2.133777E-08,-1.4879755E-01
-2.128777E-08,-1.4869214E-01
-2.123777E-08,-1.4863943E-01
-2.118777E-08,-1.4858672E-01
-2.113777E-08,-1.4848130E-01
-2.108777E-08,-1.4842859E-01
-2.103777E-08,-1.4837588E-01
-2.098777E-08,-1.4827046E-01
-2.093777E-08,-1.4821776E-01
-2.088777E-08,-1.4811234E-01
-2.083777E-08,-1.4805963E-01
-2.078777E-08,-1.4800692E-01
-2.073777E-08,-1.4795421E-01
-2.068777E-08,-1.4790150E-01
-2.063777E-08,-1.4784879E-01
-2.058777E-08,-1.4784879E-01
-2.053777E-08,-1.4779608E-01
-2.048777E-08,-1.4779608E-01
-2.043777E-08,-1.4774337E-01
-2.038777E-08,-1.4774337E-01
-2.033777E-08,-1.4774337E-01
-2.028777E-08,-1.4779608E-01
-2.023777E-08,-1.4779608E-01
-2.018777E-08,-1.4784879E-01
-2.013777E-08,-1.4790150E-01
-2.008777E-08,-1.4790150E-01
-2.003777E-08,-1.4800692E-01
-1.998777E-08,-1.4805963E-01
-1.993777E-08,-1.4811234E-01
-1.988777E-08,-1.4816505E-01
-1.983777E-08,-1.4827046E-01
-1.978777E-08,-1.4832317E-01
-1.973777E-08,-1.4842859E-01
-1.968777E-08,-1.4848130E-01
-1.963777E-08,-1.4858672E-01
-1.958777E-08,-1.4863943E-01
-1.953777E-08,-1.4874485E-01
-1.948777E-08,-1.4879755E-01
-1.943777E-08,-1.4885026E-01
-1.938777E-08,-1.4890297E-01
-1.933777E-08,-1.4895568E-01
-1.928777E-08,-1.4900839E-01
-1.923777E-08,-1.4906110E-01
-1.918777E-08,-1.4911381E-01
-1.913777E-08,-1.4911381E-01
-1.908777E-08,-1.4916652E-01
-1.903777E-08,-1.4916652E-01
-1.898777E-08,-1.4916652E-01
-1.893777E-08,-1.4916652E-01
-1.888777E-08,-1.4911381E-01
-1.883777E-08,-1.4911381E-01
-1.878777E-08,-1.4911381E-01
-1.873777E-08,-1.4906110E-01
-1.868777E-08,-1.4906110E-01
-1.863777E-08,-1.4900839E-01
-1.858777E-08,-1.4895568E-01
-1.853777E-08,-1.4895568E-01
-1.848777E-08,-1.4890297E-01
-1.843777E-08,-1.4890297E-01
-1.838777E-08,-1.4885026E-01
-1.833777E-08,-1.4879755E-01
-1.828777E-08,-1.4879755E-01
-1.823777E-08,-1.4879755E-01
-1.818777E-08,-1.4874485E-01
-1.813777E-08,-1.4874485E-01
-1.808777E-08,-1.4874485E-01
-1.803777E-08,-1.4874485E-01
-1.798777E-08,-1.4874485E-01
-1.793777E-08,-1.4874485E-01
-1.788777E-08,-1.4874485E-01
-1.783777E-08,-1.4874485E-01
-1.778777E-08,-1.4879755E-01
-1.773777E-08,-1.4879755E-01
-1.768777E-08,-1.4879755E-01
-1.763777E-08,-1.4885026E-01
-1.758777E-08,-1.4885026E-01
-1.753777E-08,-1.4890297E-01
-1.748777E-08,-1.4890297E-01
-1.743777E-08,-1.4895568E-01
-1.738777E-08,-1.4895568E-01
-1.733777E-08,-1.4895568E-01
-1.728777E-08,-1.4900839E-01
-1.723777E-08,-1.4900839E-01
-1.718777E-08,-1.4900839E-01
-1.713777E-08,-1.4900839E-01
-1.708777E-08,-1.4906110E-01
-1.703777E-08,-1.4906110E-01
-1.698777E-08,-1.4906110E-01
-1.693777E-08,-1.4900839E-01
-1.688777E-08,-1.4900839E-01
-1.683777E-08,-1.4900839E-01
-1.678777E-08,-1.4900839E-01
-1.673777E-08,-1.4900839E-01
-1.668777E-08,-1.4900839E-01
-1.663777E-08,-1.4895568E-01
-1.658777E-08,-1.4895568E-01
-1.653777E-08,-1.4895568E-01
-1.648777E-08,-1.4895568E-01
-1.643777E-08,-1.4890297E-01
-1.638777E-08,-1.4890297E-01
-1.633777E-08,-1.4890297E-01
-1.628777E-08,-1.4890297E-01
-1.623777E-08,-1.4895568E-01
-1.618777E-08,-1.4895568E-01
-1.613777E-08,-1.4895568E-01
-1.608777E-08,-1.4895568E-01
-1.603777E-08,-1.4900839E-01
-1.598777E-08,-1.4900839E-01
-1.593777E-08,-1.4900839E-01
-1.588777E-08,-1.4906110E-01
-1.583777E-08,-1.4906110E-01
-1.578777E-08,-1.4911381E-01
-1.573777E-08,-1.4916652E-01
-1.568777E-08,-1.4916652E-01
-1.563777E-08,-1.4921923E-01
-1.558777E-08,-1.4921923E-01
-1.553777E-08,-1.4927194E-01
-1.548777E-08,-1.4927194E-01
-1.543777E-08,-1.4927194E-01
-1.538777E-08,-1.4932464E-01
-1.533777E-08,-1.4932464E-01
-1.528777E-08,-1.4932464E-01
-1.523777E-08,-1.4932464E-01
-1.518777E-08,-1.4932464E-01
-1.513777E-08,-1.4927194E-01
-1.508777E-08,-1.4927194E-01
-1.503777E-08,-1.4927194E-01
-1.498777E-08,-1.4921923E-01
-1.493777E-08,-1.4916652E-01
-1.488777E-08,-1.4911381E-01
-1.483777E-08,-1.4911381E-01
-1.478777E-08,-1.4906110E-01
-1.473777E-08,-1.4900839E-01
-1.468777E-08,-1.4895568E-01
-1.463777E-08,-1.4890297E-01
-1.458777E-08,-1.4885026E-01
-1.453777E-08,-1.4879755E-01
-1.448777E-08,-1.4869214E-01
-1.443777E-08,-1.4863943E-01
-1.438777E-08,-1.4858672E-01
-1.433777E-08,-1.4858672E-01
-1.428777E-08,-1.4853401E-01
-1.423777E-08,-1.4848130E-01
-1.418777E-08,-1.4842859E-01
-1.413777E-08,-1.4842859E-01
-1.408777E-08,-1.4837588E-01
-1.403777E-08,-1.4837588E-01
-1.398777E-08,-1.4832317E-01
-1.393777E-08,-1.4832317E-01
-1.388777E-08,-1.4832317E-01
-1.383777E-08,-1.4832317E-01
-1.378777E-08,-1.4832317E-01
-1.373777E-08,-1.4832317E-01
-1.368777E-08,-1.4832317E-01
-1.363777E-08,-1.4832317E-01
-1.358777E-08,-1.4832317E-01
-1.353777E-08,-1.4832317E-01
-1.348777E-08,-1.4832317E-01
-1.343777E-08,-1.4837588E-01
-1.338777E-08,-1.4837588E-01
-1.333777E-08,-1.4837588E-01
-1.328777E-08,-1.4837588E-01
-1.323777E-08,-1.4837588E-01
-1.318777E-08,-1.4837588E-01
-1.313777E-08,-1.4837588E-01
-1.308777E-08,-1.4832317E-01
-1.303777E-08,-1.4832317E-01
-1.298777E-08,-1.4832317E-01
-1.293777E-08,-1.4832317E-01
-1.288777E-08,-1.4827046E-01
-1.283777E-08,-1.4827046E-01
-1.278777E-08,-1.4827046E-01
-1.273777E-08,-1.4821776E-01
-1.268777E-08,-1.4821776E-01
-1.263777E-08,-1.4821776E-01
-1.258777E-08,-1.4821776E-01
-1.253777E-08,-1.4816505E-01
-1.248777E-08,-1.4816505E-01
-1.243777E-08,-1.4816505E-01
-1.238777E-08,-1.4816505E-01
-1.233777E-08,-1.4816505E-01
-1.228777E-08,-1.4816505E-01
-1.223777E-08,-1.4816505E-01
-1.218777E-08,-1.4821776E-01
-1.213777E-08,-1.4821776E-01
-1.208777E-08,-1.4827046E-01
-1.203777E-08,-1.4827046E-01
-1.198777E-08,-1.4832317E-01
-1.193777E-08,-1.4837588E-01
-1.188777E-08,-1.4842859E-01
-1.183777E-08,-1.4848130E-01
-1.178777E-08,-1.4853401E-01
-1.173777E-08,-1.4858672E-01
-1.168777E-08,-1.4863943E-01
-1.163777E-08,-1.4869214E-01
-1.158777E-08,-1.4874485E-01
-1.153777E-08,-1.4879755E-01
-1.148777E-08,-1.4879755E-01
-1.143777E-08,-1.4885026E-01
-1.138777E-08,-1.4890297E-01
-1.133777E-08,-1.4895568E-01
-1.128777E-08,-1.4895568E-01
-1.123777E-08,-1.4900839E-01
-1.118777E-08,-1.4900839E-01
-1.113777E-08,-1.4906110E-01
-1.108777E-08,-1.4906110E-01
-1.103777E-08,-1.4906110E-01
-1.098777E-08,-1.4906110E-01
-1.093777E-08,-1.4906110E-01
-1.088777E-08,-1.4906110E-01
-1.083777E-08,-1.4906110E-01
-1.078777E-08,-1.4906110E-01
-1.073777E-08,-1.4906110E-01
-1.068777E-08,-1.4906110E-01
-1.063777E-08,-1.4906110E-01
-1.058777E-08,-1.4900839E-01
-1.053777E-08,-1.4900839E-01
-1.048777E-08,-1.4900839E-01
-1.043777E-08,-1.4900839E-01
-1.038777E-08,-1.4900839E-01
-1.033777E-08,-1.4900839E-01
-1.028777E-08,-1.4906110E-01
-1.023777E-08,-1.4906110E-01
-1.018777E-08,-1.4906110E-01
-1.013777E-08,-1.4911381E-01
-1.008777E-08,-1.4916652E-01
-1.003777E-08,-1.4916652E-01
-9.98777E-09,-1.4921923E-01
-9.93777E-09,-1.4927194E-01
-9.88777E-09,-1.4932464E-01
-9.83777E-09,-1.4937735E-01
-9.78777E-09,-1.4943006E-01
-9.73777E-09,-1.4948277E-01
-9.68777E-09,-1.4953548E-01
-9.63777E-09,-1.4958819E-01
-9.58777E-09,-1.4964090E-01
-9.53777E-09,-1.4964090E-01
-9.48777E-09,-1.4969361E-01
-9.43777E-09,-1.4974632E-01
-9.38777E-09,-1.4979903E-01
-9.33777E-09,-1.4979903E-01
-9.28777E-09,-1.4979903E-01
-9.23777E-09,-1.4979903E-01
-9.18777E-09,-1.4979903E-01
-9.13777E-09,-1.4979903E-01
-9.08777E-09,-1.4979903E-01
-9.03777E-09,-1.4974632E-01
-8.98777E-09,-1.4974632E-01
-8.93777E-09,-1.4969361E-01
-8.88777E-09,-1.4964090E-01
-8.83777E-09,-1.4958819E-01
-8.78777E-09,-1.4948277E-01
-8.73777E-09,-1.4943006E-01
-8.68777E-09,-1.4932464E-01
-8.63777E-09,-1.4927194E-01
-8.58777E-09,-1.4916652E-01
-8.53777E-09,-1.4911381E-01
-8.48777E-09,-1.4900839E-01
-8.43777E-09,-1.4895568E-01
-8.38777E-09,-1.4885026E-01
-8.33777E-09,-1.4879755E-01
-8.28777E-09,-1.4874485E-01
-8.23777E-09,-1.4869214E-01
-8.18777E-09,-1.4863943E-01
-8.13777E-09,-1.4858672E-01
-8.08777E-09,-1.4853401E-01
-8.03777E-09,-1.4853401E-01
-7.98777E-09,-1.4853401E-01
-7.93777E-09,-1.4848130E-01
-7.88777E-09,-1.4848130E-01
-7.83777E-09,-1.4853401E-01
-7.78777E-09,-1.4853401E-01
-7.73777E-09,-1.4858672E-01
-7.68777E-09,-1.4858672E-01
-7.63777E-09,-1.4863943E-01
-7.58777E-09,-1.4869214E-01
-7.53777E-09,-1.4874485E-01
-7.48777E-09,-1.4879755E-01
-7.43777E-09,-1.4885026E-01
-7.38777E-09,-1.4890297E-01
-7.33777E-09,-1.4895568E-01
-7.28777E-09,-1.4900839E-01
-7.23777E-09,-1.4906110E-01
-7.18777E-09,-1.4911381E-01
-7.13777E-09,-1.4916652E-01
-7.08777E-09,-1.4916652E-01
-7.03777E-09,-1.4921923E-01
-6.98777E-09,-1.4921923E-01
-6.93777E-09,-1.4921923E-01
-6.88777E-09,-1.4927194E-01
-6.83777E-09,-1.4921923E-01
-6.78777E-09,-1.4921923E-01
-6.73777E-09,-1.4921923E-01
-6.68777E-09,-1.4916652E-01
-6.63777E-09,-1.4916652E-01
-6.58777E-09,-1.4911381E-01
-6.53777E-09,-1.4906110E-01
-6.48777E-09,-1.4900839E-01
-6.43777E-09,-1.4895568E-01
-6.38777E-09,-1.4890297E-01
-6.33777E-09,-1.4885026E-01
-6.28777E-09,-1.4879755E-01
-6.23777E-09,-1.4874485E-01
-6.18777E-09,-1.4874485E-01
-6.13777E-09,-1.4869214E-01
-6.08777E-09,-1.4863943E-01
-6.03777E-09,-1.4858672E-01
-5.98777E-09,-1.4858672E-01
-5.93777E-09,-1.4858672E-01
-5.88777E-09,-1.4853401E-01
-5.83777E-09,-1.4853401E-01
-5.78777E-09,-1.4853401E-01
-5.73777E-09,-1.4853401E-01
-5.68777E-09,-1.4858672E-01
-5.63777E-09,-1.4858672E-01
-5.58777E-09,-1.4863943E-01
-5.53777E-09,-1.4869214E-01
-5.48777E-09,-1.4874485E-01
-5.43777E-09,-1.4874485E-01
-5.38777E-09,-1.4879755E-01
-5.33777E-09,-1.4890297E-01
-5.28777E-09,-1.4895568E-01
-5.23777E-09,-1.4900839E-01
-5.18777E-09,-1.4906110E-01
-5.13777E-09,-1.4911381E-01
-5.08777E-09,-1.4916652E-01
-5.03777E-09,-1.4921923E-01
-4.98777E-09,-1.4921923E-01
-4.93777E-09,-1.4927194E-01
-4.88777E-09,-1.4932464E-01
-4.83777E-09,-1.4932464E-01
-4.78777E-09,-1.4937735E-01
-4.73777E-09,-1.4937735E-01
-4.68777E-09,-1.4937735E-01
-4.63777E-09,-1.4937735E-01
-4.58777E-09,-1.4932464E-01
-4.53777E-09,-1.4932464E-01
-4.48777E-09,-1.4932464E-01
-4.43777E-09,-1.4927194E-01
-4.38777E-09,-1.4921923E-01
-4.33777E-09,-1.4921923E-01
-4.28777E-09,-1.4916652E-01
-4.23777E-09,-1.4911381E-01
-4.18777E-09,-1.4906110E-01
-4.13777E-09,-1.4900839E-01
-4.08777E-09,-1.4895568E-01
-4.03777E-09,-1.4890297E-01
-3.98777E-09,-1.4890297E-01
-3.93777E-09,-1.4885026E-01
-3.88777E-09,-1.4885026E-01
-3.83777E-09,-1.4879755E-01
-3.78777E-09,-1.4879755E-01
-3.73777E-09,-1.4879755E-01
-3.68777E-09,-1.4874485E-01
-3.63777E-09,-1.4879755E-01
-3.58777E-09,-1.4879755E-01
-3.53777E-09,-1.4879755E-01
-3.48777E-09,-1.4885026E-01
-3.43777E-09,-1.4885026E-01
-3.38777E-09,-1.4890297E-01
-3.33777E-09,-1.4895568E-01
-3.28777E-09,-1.4900839E-01
-3.23777E-09,-1.4906110E-01
-3.18777E-09,-1.4911381E-01
-3.13777E-09,-1.4916652E-01
-3.08777E-09,-1.4921923E-01
-3.03777E-09,-1.4927194E-01
-2.98777E-09,-1.4932464E-01
-2.93777E-09,-1.4937735E-01
-2.88777E-09,-1.4943006E-01
-2.83777E-09,-1.4948277E-01
-2.78777E-09,-1.4948277E-01
-2.73777E-09,-1.4953548E-01
-2.68777E-09,-1.4953548E-01
-2.63777E-09,-1.4958819E-01
-2.58777E-09,-1.4958819E-01
-2.53777E-09,-1.4958819E-01
-2.48777E-09,-1.4958819E-01
-2.43777E-09,-1.4953548E-01
-2.38777E-09,-1.4953548E-01
-2.33777E-09,-1.4948277E-01
-2.28777E-09,-1.4948277E-01
-2.23777E-09,-1.4943006E-01
-2.18777E-09,-1.4937735E-01
-2.13777E-09,-1.4927194E-01
-2.08777E-09,-1.4921923E-01
-2.03777E-09,-1.4916652E-01
-1.98777E-09,-1.4911381E-01
-1.93777E-09,-1.4900839E-01
-1.88777E-09,-1.4895568E-01
-1.83777E-09,-1.4890297E-01
-1.78777E-09,-1.4879755E-01
-1.73777E-09,-1.4874485E-01
-1.68777E-09,-1.4869214E-01
-1.63777E-09,-1.4863943E-01
-1.58777E-09,-1.4858672E-01
-1.53777E-09,-1.4858672E-01
-1.48777E-09,-1.4853401E-01
-1.43777E-09,-1.4853401E-01
-1.38777E-09,-1.4848130E-01
-1.33777E-09,-1.4848130E-01
-1.28777E-09,-1.4848130E-01
-1.23777E-09,-1.4853401E-01
-1.18777E-09,-1.4853401E-01
-1.13777E-09,-1.4858672E-01
-1.08777E-09,-1.4858672E-01
-1.03777E-09,-1.4863943E-01
-9.8777E-10,-1.4869214E-01
-9.3777E-10,-1.4874485E-01
-8.8777E-10,-1.4879755E-01
-8.3777E-10,-1.4885026E-01
-7.8777E-10,-1.4890297E-01
-7.3777E-10,-1.4900839E-01
-6.8777E-10,-1.4906110E-01
-6.3777E-10,-1.4911381E-01
-5.8777E-10,-1.4916652E-01
-5.3777E-10,-1.4916652E-01
-4.8777E-10,-1.4921923E-01
-4.3777E-10,-1.4927194E-01
-3.8777E-10,-1.4927194E-01
-3.3777E-10,-1.4932464E-01
-2.8777E-10,-1.4932464E-01
-2.3777E-10,-1.4932464E-01
-1.8777E-10,-1.4932464E-01
-1.3777E-10,-1.4927194E-01
-8.777E-11,-1.4927194E-01
-3.777E-11,-1.4921923E-01
1.223E-11,-1.4916652E-01
6.223E-11,-1.4911381E-01
1.1223E-10,-1.4906110E-01
1.6223E-10,-1.4900839E-01
2.1223E-10,-1.4895568E-01
2.6223E-10,-1.4890297E-01
3.1223E-10,-1.4879755E-01
3.6223E-10,-1.4874485E-01
4.1223E-10,-1.4869214E-01
4.6223E-10,-1.4863943E-01
5.1223E-10,-1.4858672E-01
5.6223E-10,-1.4853401E-01
6.1223E-10,-1.4848130E-01
6.6223E-10,-1.4842859E-01
7.1223E-10,-1.4837588E-01
7.6223E-10,-1.4837588E-01
8.1223E-10,-1.4832317E-01
8.6223E-10,-1.4832317E-01
9.1223E-10,-1.4832317E-01
9.6223E-10,-1.4837588E-01
1.01223E-09,-1.4837588E-01
1.06223E-09,-1.4842859E-01
1.11223E-09,-1.4842859E-01
1.16223E-09,-1.4848130E-01
1.21223E-09,-1.4853401E-01
1.26223E-09,-1.4863943E-01
1.31223E-09,-1.4869214E-01
1.36223E-09,-1.4874485E-01
1.41223E-09,-1.4885026E-01
1.46223E-09,-1.4890297E-01
1.51223E-09,-1.4900839E-01
1.56223E-09,-1.4906110E-01
1.61223E-09,-1.4916652E-01
1.66223E-09,-1.4921923E-01
1.71223E-09,-1.4932464E-01
1.76223E-09,-1.4937735E-01
1.81223E-09,-1.4943006E-01
1.86223E-09,-1.4948277E-01
1.91223E-09,-1.4953548E-01
1.96223E-09,-1.4958819E-01
2.01223E-09,-1.4964090E-01
2.06223E-09,-1.4964090E-01
2.11223E-09,-1.4964090E-01
2.16223E-09,-1.4964090E-01
2.21223E-09,-1.4964090E-01
2.26223E-09,-1.4964090E-01
2.31223E-09,-1.4958819E-01
2.36223E-09,-1.4953548E-01
2.41223E-09,-1.4948277E-01
2.46223E-09,-1.4948277E-01
2.51223E-09,-1.4937735E-01
2.56223E-09,-1.4932464E-01
2.61223E-09,-1.4927194E-01
2.66223E-09,-1.4921923E-01
2.71223E-09,-1.4916652E-01
2.76223E-09,-1.4906110E-01
2.81223E-09,-1.4900839E-01
2.86223E-09,-1.4895568E-01
2.91223E-09,-1.4890297E-01
2.96223E-09,-1.4885026E-01
3.01223E-09,-1.4879755E-01
3.06223E-09,-1.4874485E-01
3.11223E-09,-1.4869214E-01
3.16223E-09,-1.4869214E-01
3.21223E-09,-1.4863943E-01
3.26223E-09,-1.4863943E-01
3.31223E-09,-1.4863943E-01
3.36223E-09,-1.4863943E-01
3.41223E-09,-1.4863943E-01
3.46223E-09,-1.4863943E-01
3.51223E-09,-1.4863943E-01
3.56223E-09,-1.4869214E-01
3.61223E-09,-1.4869214E-01
3.66223E-09,-1.4874485E-01
3.71223E-09,-1.4874485E-01
3.76223E-09,-1.4879755E-01
3.81223E-09,-1.4885026E-01
3.86223E-09,-1.4885026E-01
3.91223E-09,-1.4890297E-01
3.96223E-09,-1.4890297E-01
4.01223E-09,-1.4895568E-01
4.06223E-09,-1.4900839E-01
4.11223E-09,-1.4900839E-01
4.16223E-09,-1.4900839E-01
4.21223E-09,-1.4906110E-01
4.26223E-09,-1.4906110E-01
4.31223E-09,-1.4906110E-01
4.36223E-09,-1.4906110E-01
4.41223E-09,-1.4906110E-01
4.46223E-09,-1.4906110E-01
4.51223E-09,-1.4906110E-01
4.56223E-09,-1.4900839E-01
4.61223E-09,-1.4900839E-01
4.66223E-09,-1.4895568E-01
4.71223E-09,-1.4895568E-01
4.76223E-09,-1.4890297E-01
4.81223E-09,-1.4890297E-01
4.86223E-09,-1.4885026E-01
4.91223E-09,-1.4879755E-01
4.96223E-09,-1.4879755E-01
5.01223E-09,-1.4874485E-01
5.06223E-09,-1.4869214E-01
5.11223E-09,-1.4869214E-01
5.16223E-09,-1.4863943E-01
5.21223E-09,-1.4858672E-01
5.26223E-09,-1.4858672E-01
5.31223E-09,-1.4853401E-01
5.36223E-09,-1.4853401E-01
5.41223E-09,-1.4848130E-01
5.46223E-09,-1.4848130E-01
5.51223E-09,-1.4848130E-01
5.56223E-09,-1.4848130E-01
5.61223E-09,-1.4842859E-01
5.66223E-09,-1.4842859E-01
5.71223E-09,-1.4842859E-01
5.76223E-09,-1.4842859E-01
5.81223E-09,-1.4842859E-01
5.86223E-09,-1.4842859E-01
5.91223E-09,-1.4842859E-01
5.96223E-09,-1.4842859E-01
6.01223E-09,-1.4842859E-01
6.06223E-09,-1.4848130E-01
6.11223E-09,-1.4848130E-01
6.16223E-09,-1.4848130E-01
6.21223E-09,-1.4848130E-01
6.26223E-09,-1.4853401E-01
6.31223E-09,-1.4853401E-01
6.36223E-09,-1.4853401E-01
6.41223E-09,-1.4858672E-01
6.46223E-09,-1.4858672E-01
6.51223E-09,-1.4863943E-01
6.56223E-09,-1.4863943E-01
6.61223E-09,-1.4869214E-01
6.66223E-09,-1.4869214E-01
6.71223E-09,-1.4874485E-01
6.76223E-09,-1.4874485E-01
6.81223E-09,-1.4879755E-01
6.86223E-09,-1.4885026E-01
6.91223E-09,-1.4890297E-01
6.96223E-09,-1.4890297E-01
7.01223E-09,-1.4895568E-01
7.06223E-09,-1.4900839E-01
7.11223E-09,-1.4906110E-01
7.16223E-09,-1.4911381E-01
7.21223E-09,-1.4916652E-01
7.26223E-09,-1.4921923E-01
7.31223E-09,-1.4927194E-01
7.36223E-09,-1.4927194E-01
7.41223E-09,-1.4932464E-01
7.46223E-09,-1.4937735E-01
7.51223E-09,-1.4943006E-01
7.56223E-09,-1.4948277E-01
7.61223E-09,-1.4953548E-01
7.66223E-09,-1.4953548E-01
7.71223E-09,-1.4958819E-01
7.76223E-09,-1.4958819E-01
7.81223E-09,-1.4964090E-01
7.86223E-09,-1.4964090E-01
7.91223E-09,-1.4969361E-01
7.96223E-09,-1.4969361E-01
8.01223E-09,-1.4969361E-01
8.06223E-09,-1.4969361E-01
8.11223E-09,-1.4969361E-01
8.16223E-09,-1.4969361E-01
8.21223E-09,-1.4964090E-01
8.26223E-09,-1.4964090E-01
8.31223E-09,-1.4964090E-01
8.36223E-09,-1.4958819E-01
8.41223E-09,-1.4958819E-01
8.46223E-09,-1.4953548E-01
8.51223E-09,-1.4953548E-01
8.56223E-09,-1.4948277E-01
8.61223E-09,-1.4948277E-01
8.66223E-09,-1.4943006E-01
8.71223E-09,-1.4943006E-01
8.76223E-09,-1.4943006E-01
8.81223E-09,-1.4937735E-01
8.86223E-09,-1.4937735E-01
8.91223E-09,-1.4937735E-01
8.96223E-09,-1.4932464E-01
9.01223E-09,-1.4932464E-01
9.06223E-09,-1.4932464E-01
9.11223E-09,-1.4932464E-01
9.16223E-09,-1.4937735E-01
9.21223E-09,-1.4937735E-01
9.26223E-09,-1.4937735E-01
9.31223E-09,-1.4937735E-01
9.36223E-09,-1.4943006E-01
9.41223E-09,-1.4943006E-01
9.46223E-09,-1.4948277E-01
9.51223E-09,-1.4953548E-01
9.56223E-09,-1.4953548E-01
9.61223E-09,-1.4958819E-01
9.66223E-09,-1.4964090E-01
9.71223E-09,-1.4964090E-01
9.76223E-09,-1.4969361E-01
9.81223E-09,-1.4969361E-01
9.86223E-09,-1.4974632E-01
9.91223E-09,-1.4979903E-01
9.96223E-09,-1.4979903E-01
1.001223E-08,-1.4985173E-01
1.006223E-08,-1.4985173E-01
1.011223E-08,-1.4985173E-01
1.016223E-08,-1.4985173E-01
1.021223E-08,-1.4985173E-01
1.026223E-08,-1.4985173E-01
1.031223E-08,-1.4985173E-01
1.036223E-08,-1.4985173E-01
1.041223E-08,-1.4985173E-01
1.046223E-08,-1.4985173E-01
1.051223E-08,-1.4979903E-01
1.056223E-08,-1.4979903E-01
1.061223E-08,-1.4974632E-01
1.066223E-08,-1.4969361E-01
1.071223E-08,-1.4969361E-01
1.076223E-08,-1.4964090E-01
1.081223E-08,-1.4958819E-01
1.086223E-08,-1.4958819E-01
1.091223E-08,-1.4953548E-01
1.096223E-08,-1.4948277E-01
1.101223E-08,-1.4948277E-01
1.106223E-08,-1.4943006E-01
1.111223E-08,-1.4943006E-01
1.116223E-08,-1.4937735E-01
1.121223E-08,-1.4937735E-01
1.126223E-08,-1.4932464E-01
1.131223E-08,-1.4932464E-01
1.136223E-08,-1.4927194E-01
1.141223E-08,-1.4927194E-01
1.146223E-08,-1.4927194E-01
1.151223E-08,-1.4927194E-01
1.156223E-08,-1.4927194E-01
1.161223E-08,-1.4927194E-01
1.166223E-08,-1.4927194E-01
1.171223E-08,-1.4927194E-01
1.176223E-08,-1.4932464E-01
1.181223E-08,-1.4932464E-01
1.186223E-08,-1.4932464E-01
1.191223E-08,-1.4937735E-01
1.196223E-08,-1.4937735E-01
1.201223E-08,-1.4937735E-01
1.206223E-08,-1.4943006E-01
1.211223E-08,-1.4943006E-01
1.216223E-08,-1.4943006E-01
1.221223E-08,-1.4948277E-01
1.226223E-08,-1.4948277E-01
1.231223E-08,-1.4948277E-01
1.236223E-08,-1.4948277E-01
1.241223E-08,-1.4948277E-01
1.246223E-08,-1.4948277E-01
1.251223E-08,-1.4948277E-01
1.256223E-08,-1.4948277E-01
1.261223E-08,-1.4948277E-01
1.266223E-08,-1.4948277E-01
1.271223E-08,-1.4948277E-01
1.276223E-08,-1.4948277E-01
1.281223E-08,-1.4943006E-01
1.286223E-08,-1.4943006E-01
1.291223E-08,-1.4943006E-01
1.296223E-08,-1.4937735E-01
1.301223E-08,-1.4937735E-01
1.306223E-08,-1.4937735E-01
1.311223E-08,-1.4932464E-01
1.316223E-08,-1.4932464E-01
1.321223E-08,-1.4932464E-01
1.326223E-08,-1.4927194E-01
1.331223E-08,-1.4927194E-01
1.336223E-08,-1.4927194E-01
1.341223E-08,-1.4927194E-01
1.346223E-08,-1.4927194E-01
1.351223E-08,-1.4921923E-01
1.356223E-08,-1.4921923E-01
1.361223E-08,-1.4921923E-01
1.366223E-08,-1.4921923E-01
1.371223E-08,-1.4927194E-01
1.376223E-08,-1.4927194E-01
1.381223E-08,-1.4927194E-01
1.386223E-08,-1.4927194E-01
1.391223E-08,-1.4927194E-01
1.396223E-08,-1.4927194E-01
1.401223E-08,-1.4932464E-01
1.406223E-08,-1.4932464E-01
1.411223E-08,-1.4937735E-01
1.416223E-08,-1.4937735E-01
1.421223E-08,-1.4937735E-01
1.426223E-08,-1.4943006E-01
1.431223E-08,-1.4943006E-01
1.436223E-08,-1.4943006E-01
1.441223E-08,-1.4948277E-01
1.446223E-08,-1.4948277E-01
1.451223E-08,-1.4948277E-01
1.456223E-08,-1.4948277E-01
1.461223E-08,-1.4948277E-01
1.466223E-08,-1.4948277E-01
1.471223E-08,-1.4948277E-01
1.476223E-08,-1.4948277E-01
1.481223E-08,-1.4948277E-01
1.486223E-08,-1.4948277E-01
1.491223E-08,-1.4948277E-01
1.496223E-08,-1.4948277E-01
1.501223E-08,-1.4948277E-01
1.506223E-08,-1.4943006E-01
1.511223E-08,-1.4943006E-01
1.516223E-08,-1.4937735E-01
1.521223E-08,-1.4937735E-01
1.526223E-08,-1.4932464E-01
1.531223E-08,-1.4932464E-01
1.536223E-08,-1.4932464E-01
1.541223E-08,-1.4927194E-01
1.546223E-08,-1.4927194E-01
1.551223E-08,-1.4921923E-01
1.556223E-08,-1.4921923E-01
1.561223E-08,-1.4916652E-01
1.566223E-08,-1.4916652E-01
1.571223E-08,-1.4911381E-01
1.576223E-08,-1.4911381E-01
1.581223E-08,-1.4911381E-01
1.586223E-08,-1.4911381E-01
1.591223E-08,-1.4906110E-01
1.596223E-08,-1.4906110E-01
1.601223E-08,-1.4906110E-01
1.606223E-08,-1.4906110E-01
1.611223E-08,-1.4906110E-01
1.616223E-08,-1.4911381E-01
1.621223E-08,-1.4911381E-01
1.626223E-08,-1.4911381E-01
1.631223E-08,-1.4911381E-01
1.636223E-08,-1.4911381E-01
1.641223E-08,-1.4911381E-01
1.646223E-08,-1.4916652E-01
1.651223E-08,-1.4916652E-01
1.656223E-08,-1.4916652E-01
1.661223E-08,-1.4921923E-01
1.666223E-08,-1.4921923E-01
1.671223E-08,-1.4921923E-01
1.676223E-08,-1.4921923E-01
1.681223E-08,-1.4927194E-01
1.686223E-08,-1.4927194E-01
1.691223E-08,-1.4927194E-01
1.696223E-08,-1.4927194E-01
1.701223E-08,-1.4927194E-01
1.706223E-08,-1.4927194E-01
1.711223E-08,-1.4927194E-01
1.716223E-08,-1.4927194E-01
1.721223E-08,-1.4927194E-01
1.726223E-08,-1.4927194E-01
1.731223E-08,-1.4927194E-01
1.736223E-08,-1.4927194E-01
1.741223E-08,-1.4927194E-01
1.746223E-08,-1.4927194E-01
1.751223E-08,-1.4927194E-01
1.756223E-08,-1.4921923E-01
1.761223E-08,-1.4921923E-01
1.766223E-08,-1.4921923E-01
1.771223E-08,-1.4921923E-01
1.776223E-08,-1.4921923E-01
1.781223E-08,-1.4921923E-01
1.786223E-08,-1.4921923E-01
1.791223E-08,-1.4921923E-01
1.796223E-08,-1.4927194E-01
1.801223E-08,-1.4927194E-01
1.806223E-08,-1.4927194E-01
1.811223E-08,-1.4927194E-01
1.816223E-08,-1.4932464E-01
1.821223E-08,-1.4932464E-01
1.826223E-08,-1.4932464E-01
1.831223E-08,-1.4937735E-01
1.836223E-08,-1.4937735E-01
1.841223E-08,-1.4943006E-01
1.846223E-08,-1.4943006E-01
1.851223E-08,-1.4948277E-01
1.856223E-08,-1.4948277E-01
1.861223E-08,-1.4953548E-01
1.866223E-08,-1.4958819E-01
1.871223E-08,-1.4958819E-01
1.876223E-08,-1.4964090E-01
1.881223E-08,-1.4964090E-01
1.886223E-08,-1.4969361E-01
1.891223E-08,-1.4969361E-01
1.896223E-08,-1.4974632E-01
1.901223E-08,-1.4974632E-01
1.906223E-08,-1.4979903E-01
1.911223E-08,-1.4979903E-01
1.916223E-08,-1.4979903E-01
1.921223E-08,-1.4979903E-01
1.926223E-08,-1.4985173E-01
1.931223E-08,-1.4985173E-01
1.936223E-08,-1.4985173E-01
1.941223E-08,-1.4985173E-01
1.946223E-08,-1.4985173E-01
1.951223E-08,-1.4985173E-01
1.956223E-08,-1.4985173E-01
1.961223E-08,-1.4979903E-01
1.966223E-08,-1.4979903E-01
1.971223E-08,-1.4979903E-01
1.976223E-08,-1.4979903E-01
1.981223E-08,-1.4979903E-01
1.986223E-08,-1.4974632E-01
1.991223E-08,-1.4974632E-01
1.996223E-08,-1.4974632E-01
2.001223E-08,-1.4974632E-01
2.006223E-08,-1.4974632E-01
2.011223E-08,-1.4974632E-01
2.016223E-08,-1.4969361E-01
2.021223E-08,-1.4969361E-01
2.026223E-08,-1.4969361E-01
2.031223E-08,-1.4969361E-01
2.036223E-08,-1.4969361E-01
2.041223E-08,-1.4969361E-01
2.046223E-08,-1.4969361E-01
2.051223E-08,-1.4969361E-01
2.056223E-08,-1.4969361E-01
2.061223E-08,-1.4969361E-01
2.066223E-08,-1.4969361E-01
2.071223E-08,-1.4969361E-01
2.076223E-08,-1.4969361E-01
2.081223E-08,-1.4969361E-01
2.086223E-08,-1.4969361E-01
2.091223E-08,-1.4969361E-01
2.096223E-08,-1.4969361E-01
2.101223E-08,-1.4969361E-01
2.106223E-08,-1.4969361E-01
2.111223E-08,-1.4964090E-01
2.116223E-08,-1.4964090E-01
2.121223E-08,-1.4964090E-01
2.126223E-08,-1.4964090E-01
2.131223E-08,-1.4964090E-01
2.136223E-08,-1.4958819E-01
2.141223E-08,-1.4958819E-01
2.146223E-08,-1.4958819E-01
2.151223E-08,-1.4958819E-01
2.156223E-08,-1.4958819E-01
2.161223E-08,-1.4953548E-01
2.166223E-08,-1.4953548E-01
2.171223E-08,-1.4953548E-01
2.176223E-08,-1.4953548E-01
2.181223E-08,-1.4953548E-01
2.186223E-08,-1.4948277E-01
2.191223E-08,-1.4948277E-01
2.196223E-08,-1.4948277E-01
2.201223E-08,-1.4948277E-01
2.206223E-08,-1.4948277E-01
2.211223E-08,-1.4948277E-01
2.216223E-08,-1.4948277E-01
2.221223E-08,-1.4948277E-01
2.226223E-08,-1.4948277E-01
2.231223E-08,-1.4948277E-01
2.236223E-08,-1.4948277E-01
2.241223E-08,-1.4943006E-01
2.246223E-08,-1.4943006E-01
2.251223E-08,-1.4943006E-01
2.256223E-08,-1.4943006E-01
2.261223E-08,-1.4943006E-01
2.266223E-08,-1.4943006E-01
2.271223E-08,-1.4943006E-01
2.276223E-08,-1.4943006E-01
2.281223E-08,-1.4937735E-01
2.286223E-08,-1.4937735E-01
2.291223E-08,-1.4937735E-01
2.296223E-08,-1.4932464E-01
2.301223E-08,-1.4932464E-01
2.306223E-08,-1.4932464E-01
2.311223E-08,-1.4927194E-01
2.316223E-08,-1.4927194E-01
2.321223E-08,-1.4921923E-01
2.326223E-08,-1.4916652E-01
2.331223E-08,-1.4916652E-01
2.336223E-08,-1.4911381E-01
2.341223E-08,-1.4911381E-01
2.346223E-08,-1.4906110E-01
2.351223E-08,-1.4900839E-01
2.356223E-08,-1.4900839E-01
2.361223E-08,-1.4895568E-01
2.366223E-08,-1.4895568E-01
2.371223E-08,-1.4890297E-01
2.376223E-08,-1.4890297E-01
2.381223E-08,-1.4885026E-01
2.386223E-08,-1.4885026E-01
2.391223E-08,-1.4885026E-01
2.396223E-08,-1.4885026E-01
2.401223E-08,-1.4885026E-01
2.406223E-08,-1.4885026E-01
2.411223E-08,-1.4885026E-01
2.416223E-08,-1.4885026E-01
2.421223E-08,-1.4885026E-01
2.426223E-08,-1.4885026E-01
2.431223E-08,-1.4890297E-01
2.436223E-08,-1.4890297E-01
2.441223E-08,-1.4895568E-01
2.446223E-08,-1.4895568E-01
2.451223E-08,-1.4900839E-01
2.456223E-08,-1.4900839E-01
2.461223E-08,-1.4906110E-01
2.466223E-08,-1.4911381E-01
2.471223E-08,-1.4911381E-01
2.476223E-08,-1.4916652E-01
2.481223E-08,-1.4921923E-01
2.486223E-08,-1.4921923E-01
2.491223E-08,-1.4927194E-01
2.496223E-08,-1.4927194E-01
2.501223E-08,-1.4927194E-01
2.506223E-08,-1.4932464E-01
2.511223E-08,-1.4932464E-01
2.516223E-08,-1.4932464E-01
2.521223E-08,-1.4932464E-01
2.526223E-08,-1.4932464E-01
2.531223E-08,-1.4932464E-01
2.536223E-08,-1.4932464E-01
2.541223E-08,-1.4932464E-01
2.546223E-08,-1.4932464E-01
2.551223E-08,-1.4927194E-01
2.556223E-08,-1.4927194E-01
2.561223E-08,-1.4927194E-01
2.566223E-08,-1.4921923E-01
2.571223E-08,-1.4921923E-01
2.576223E-08,-1.4921923E-01
2.581223E-08,-1.4916652E-01
2.586223E-08,-1.4916652E-01
2.591223E-08,-1.4911381E-01
2.596223E-08,-1.4911381E-01
2.601223E-08,-1.4911381E-01
2.606223E-08,-1.4911381E-01
2.611223E-08,-1.4906110E-01
2.616223E-08,-1.4906110E-01
2.621223E-08,-1.4906110E-01
2.626223E-08,-1.4906110E-01
2.631223E-08,-1.4906110E-01
2.636223E-08,-1.4906110E-01
2.641223E-08,-1.4906110E-01
2.646223E-08,-1.4911381E-01
2.651223E-08,-1.4911381E-01
2.656223E-08,-1.4911381E-01
2.661223E-08,-1.4911381E-01
2.666223E-08,-1.4916652E-01
2.671223E-08,-1.4916652E-01
2.676223E-08,-1.4921923E-01
2.681223E-08,-1.4921923E-01
2.686223E-08,-1.4921923E-01
2.691223E-08,-1.4927194E-01
2.696223E-08,-1.4927194E-01
2.701223E-08,-1.4932464E-01
2.706223E-08,-1.4932464E-01
2.711223E-08,-1.4932464E-01
2.716223E-08,-1.4932464E-01
2.721223E-08,-1.4937735E-01
2.726223E-08,-1.4937735E-01
2.731223E-08,-1.4937735E-01
2.736223E-08,-1.4937735E-01
2.741223E-08,-1.4937735E-01
2.746223E-08,-1.4932464E-01
2.751223E-08,-1.4932464E-01
2.756223E-08,-1.4932464E-01
2.761223E-08,-1.4927194E-01
2.766223E-08,-1.4927194E-01
2.771223E-08,-1.4921923E-01
2.776223E-08,-1.4916652E-01
2.781223E-08,-1.4916652E-01
2.786223E-08,-1.4911381E-01
2.791223E-08,-1.4906110E-01
2.796223E-08,-1.4900839E-01
2.801223E-08,-1.4895568E-01
2.806223E-08,-1.4890297E-01
2.811223E-08,-1.4885026E-01
2.816223E-08,-1.4885026E-01
2.821223E-08,-1.4879755E-01
2.826223E-08,-1.4874485E-01
2.831223E-08,-1.4869214E-01
2.836223E-08,-1.4863943E-01
2.841223E-08,-1.4858672E-01
2.846223E-08,-1.4858672E-01
2.851223E-08,-1.4853401E-01
2.856223E-08,-1.4848130E-01
2.861223E-08,-1.4848130E-01
2.866223E-08,-1.4842859E-01
2.871223E-08,-1.4842859E-01
2.876223E-08,-1.4842859E-01
2.881223E-08,-1.4842859E-01
2.886223E-08,-1.4842859E-01
2.891223E-08,-1.4842859E-01
2.896223E-08,-1.4842859E-01
2.901223E-08,-1.4842859E-01
2.906223E-08,-1.4842859E-01
2.911223E-08,-1.4842859E-01
2.916223E-08,-1.4848130E-01
2.921223E-08,-1.4848130E-01
2.926223E-08,-1.4853401E-01
2.931223E-08,-1.4853401E-01
2.936223E-08,-1.4858672E-01
2.941223E-08,-1.4858672E-01
2.946223E-08,-1.4863943E-01
2.951223E-08,-1.4869214E-01
2.956223E-08,-1.4869214E-01
2.961223E-08,-1.4874485E-01
2.966223E-08,-1.4879755E-01
2.971223E-08,-1.4879755E-01
2.976223E-08,-1.4885026E-01
2.981223E-08,-1.4890297E-01
2.986223E-08,-1.4890297E-01
2.991223E-08,-1.4895568E-01
2.996223E-08,-1.4895568E-01
3.001223E-08,-1.4900839E-01
3.006223E-08,-1.4900839E-01
3.011223E-08,-1.4906110E-01
3.016223E-08,-1.4906110E-01
3.021223E-08,-1.4906110E-01
3.026223E-08,-1.4911381E-01
3.031223E-08,-1.4911381E-01
3.036223E-08,-1.4911381E-01
3.041223E-08,-1.4911381E-01
3.046223E-08,-1.4911381E-01
3.051223E-08,-1.4911381E-01
3.056223E-08,-1.4916652E-01
3.061223E-08,-1.4916652E-01
3.066223E-08,-1.4916652E-01
3.071223E-08,-1.4916652E-01
3.076223E-08,-1.4916652E-01
3.081223E-08,-1.4916652E-01
3.086223E-08,-1.4916652E-01
3.091223E-08,-1.4916652E-01
3.096223E-08,-1.4916652E-01
3.101223E-08,-1.4916652E-01
3.106223E-08,-1.4916652E-01
3.111223E-08,-1.4916652E-01
3.116223E-08,-1.4916652E-01
3.121223E-08,-1.4916652E-01
3.126223E-08,-1.4916652E-01
3.131223E-08,-1.4916652E-01
3.136223E-08,-1.4916652E-01
3.141223E-08,-1.4916652E-01
3.146223E-08,-1.4916652E-01
3.151223E-08,-1.4921923E-01
3.156223E-08,-1.4921923E-01
3.161223E-08,-1.4921923E-01
3.166223E-08,-1.4927194E-01
3.171223E-08,-1.4927194E-01
3.176223E-08,-1.4927194E-01
3.181223E-08,-1.4932464E-01
3.186223E-08,-1.4932464E-01
3.191223E-08,-1.4932464E-01
3.196223E-08,-1.4937735E-01
3.201223E-08,-1.4937735E-01
3.206223E-08,-1.4937735E-01
3.211223E-08,-1.4943006E-01
3.216223E-08,-1.4943006E-01
3.221223E-08,-1.4943006E-01
3.226223E-08,-1.4943006E-01
3.231223E-08,-1.4948277E-01
3.236223E-08,-1.4948277E-01
3.241223E-08,-1.4948277E-01
3.246223E-08,-1.4948277E-01
3.251223E-08,-1.4948277E-01
3.256223E-08,-1.4948277E-01
3.261223E-08,-1.4948277E-01
3.266223E-08,-1.4948277E-01
3.271223E-08,-1.4948277E-01
3.276223E-08,-1.4943006E-01
3.281223E-08,-1.4943006E-01
3.286223E-08,-1.4943006E-01
3.291223E-08,-1.4943006E-01
3.296223E-08,-1.4937735E-01
3.301223E-08,-1.4937735E-01
3.306223E-08,-1.4937735E-01
3.311223E-08,-1.4932464E-01
3.316223E-08,-1.4932464E-01
3.321223E-08,-1.4932464E-01
3.326223E-08,-1.4927194E-01
3.331223E-08,-1.4927194E-01
3.336223E-08,-1.4921923E-01
3.341223E-08,-1.4921923E-01
3.346223E-08,-1.4916652E-01
3.351223E-08,-1.4916652E-01
3.356223E-08,-1.4911381E-01
3.361223E-08,-1.4911381E-01
3.366223E-08,-1.4906110E-01
3.371223E-08,-1.4900839E-01
3.376223E-08,-1.4900839E-01
3.381223E-08,-1.4895568E-01
3.386223E-08,-1.4895568E-01
3.391223E-08,-1.4890297E-01
3.396223E-08,-1.4885026E-01
3.401223E-08,-1.4885026E-01
3.406223E-08,-1.4879755E-01
3.411223E-08,-1.4874485E-01
3.416223E-08,-1.4874485E-01
3.421223E-08,-1.4869214E-01
3.426223E-08,-1.4863943E-01
3.431223E-08,-1.4863943E-01
3.436223E-08,-1.4858672E-01
3.441223E-08,-1.4853401E-01
3.446223E-08,-1.4848130E-01
3.451223E-08,-1.4848130E-01
3.456223E-08,-1.4842859E-01
3.461223E-08,-1.4837588E-01
3.466223E-08,-1.4837588E-01
3.471223E-08,-1.4832317E-01
3.476223E-08,-1.4832317E-01
3.481223E-08,-1.4827046E-01
3.486223E-08,-1.4827046E-01
3.491223E-08,-1.4821776E-01
3.496223E-08,-1.4821776E-01
3.501223E-08,-1.4821776E-01
3.506223E-08,-1.4821776E-01
3.511223E-08,-1.4821776E-01
3.516223E-08,-1.4821776E-01
3.521223E-08,-1.4821776E-01
3.526223E-08,-1.4821776E-01
3.531223E-08,-1.4821776E-01
3.536223E-08,-1.4821776E-01
3.541223E-08,-1.4827046E-01
3.546223E-08,-1.4827046E-01
3.551223E-08,-1.4832317E-01
3.556223E-08,-1.4837588E-01
3.561223E-08,-1.4837588E-01
3.566223E-08,-1.4842859E-01
3.571223E-08,-1.4848130E-01
3.576223E-08,-1.4853401E-01
3.581223E-08,-1.4858672E-01
3.586223E-08,-1.4863943E-01
3.591223E-08,-1.4863943E-01
3.596223E-08,-1.4869214E-01
3.601223E-08,-1.4874485E-01
3.606223E-08,-1.4879755E-01
3.611223E-08,-1.4879755E-01
3.616223E-08,-1.4885026E-01
3.621223E-08,-1.4885026E-01
3.626223E-08,-1.4890297E-01
3.631223E-08,-1.4890297E-01
3.636223E-08,-1.4890297E-01
3.641223E-08,-1.4890297E-01
3.646223E-08,-1.4890297E-01
3.651223E-08,-1.4890297E-01
3.656223E-08,-1.4890297E-01
3.661223E-08,-1.4890297E-01
3.666223E-08,-1.4885026E-01
3.671223E-08,-1.4885026E-01
3.676223E-08,-1.4879755E-01
3.681223E-08,-1.4879755E-01
3.686223E-08,-1.4874485E-01
3.691223E-08,-1.4869214E-01
3.696223E-08,-1.4869214E-01
3.701223E-08,-1.4863943E-01
3.706223E-08,-1.4858672E-01
3.711223E-08,-1.4853401E-01
3.716223E-08,-1.4853401E-01
3.721223E-08,-1.4848130E-01
3.726223E-08,-1.4842859E-01
3.731223E-08,-1.4842859E-01
3.736223E-08,-1.4837588E-01
3.741223E-08,-1.4837588E-01
3.746223E-08,-1.4837588E-01
3.751223E-08,-1.4837588E-01
3.756223E-08,-1.4837588E-01
3.761223E-08,-1.4837588E-01
3.766223E-08,-1.4837588E-01
3.771223E-08,-1.4837588E-01
3.776223E-08,-1.4837588E-01
3.781223E-08,-1.4837588E-01
3.786223E-08,-1.4842859E-01
3.791223E-08,-1.4842859E-01
3.796223E-08,-1.4848130E-01
3.801223E-08,-1.4853401E-01
3.806223E-08,-1.4853401E-01
3.811223E-08,-1.4858672E-01
3.816223E-08,-1.4863943E-01
3.821223E-08,-1.4863943E-01
3.826223E-08,-1.4869214E-01
3.831223E-08,-1.4874485E-01
3.836223E-08,-1.4879755E-01
3.841223E-08,-1.4885026E-01
3.846223E-08,-1.4885026E-01
3.851223E-08,-1.4890297E-01
3.856223E-08,-1.4895568E-01
3.861223E-08,-1.4895568E-01
3.866223E-08,-1.4900839E-01
3.871223E-08,-1.4900839E-01
3.876223E-08,-1.4906110E-01
3.881223E-08,-1.4906110E-01
3.886223E-08,-1.4906110E-01
3.891223E-08,-1.4911381E-01
3.896223E-08,-1.4911381E-01
3.901223E-08,-1.4911381E-01
3.906223E-08,-1.4911381E-01
3.911223E-08,-1.4911381E-01
3.916223E-08,-1.4916652E-01
3.921223E-08,-1.4916652E-01
3.926223E-08,-1.4916652E-01
3.931223E-08,-1.4916652E-01
3.936223E-08,-1.4916652E-01
3.941223E-08,-1.4916652E-01
3.946223E-08,-1.4921923E-01
3.951223E-08,-1.4921923E-01
3.956223E-08,-1.4921923E-01
3.961223E-08,-1.4921923E-01
3.966223E-08,-1.4927194E-01
3.971223E-08,-1.4927194E-01
3.976223E-08,-1.4927194E-01
3.981223E-08,-1.4932464E-01
3.986223E-08,-1.4932464E-01
3.991223E-08,-1.4932464E-01
3.996223E-08,-1.4937735E-01
4.001223E-08,-1.4937735E-01
4.006223E-08,-1.4937735E-01
4.011223E-08,-1.4943006E-01
4.016223E-08,-1.4943006E-01
4.021223E-08,-1.4948277E-01
4.026223E-08,-1.4948277E-01
4.031223E-08,-1.4948277E-01
4.036223E-08,-1.4948277E-01
4.041223E-08,-1.4953548E-01
4.046223E-08,-1.4953548E-01
4.051223E-08,-1.4953548E-01
4.056223E-08,-1.4953548E-01
4.061223E-08,-1.4953548E-01
4.066223E-08,-1.4953548E-01
4.071223E-08,-1.4953548E-01
4.076223E-08,-1.4953548E-01
4.081223E-08,-1.4953548E-01
4.086223E-08,-1.4953548E-01
4.091223E-08,-1.4953548E-01
4.096223E-08,-1.4953548E-01
4.101223E-08,-1.4948277E-01
4.106223E-08,-1.4948277E-01
4.111223E-08,-1.4948277E-01
4.116223E-08,-1.4948277E-01
4.121223E-08,-1.4948277E-01
4.126223E-08,-1.4948277E-01
4.131223E-08,-1.4943006E-01
4.136223E-08,-1.4943006E-01
4.141223E-08,-1.4943006E-01
4.146223E-08,-1.4943006E-01
4.151223E-08,-1.4943006E-01
4.156223E-08,-1.4943006E-01
4.161223E-08,-1.4943006E-01
4.166223E-08,-1.4943006E-01
4.171223E-08,-1.4937735E-01
4.176223E-08,-1.4937735E-01
4.181223E-08,-1.4937735E-01
4.186223E-08,-1.4937735E-01
4.191223E-08,-1.4937735E-01
4.196223E-08,-1.4937735E-01
4.201223E-08,-1.4932464E-01
4.206223E-08,-1.4932464E-01
4.211223E-08,-1.4932464E-01
4.216223E-08,-1.4927194E-01
4.221223E-08,-1.4927194E-01
4.226223E-08,-1.4927194E-01
4.231223E-08,-1.4921923E-01
4.236223E-08,-1.4921923E-01
4.241223E-08,-1.4916652E-01
4.246223E-08,-1.4911381E-01
4.251223E-08,-1.4911381E-01
4.256223E-08,-1.4906110E-01
4.261223E-08,-1.4900839E-01
4.266223E-08,-1.4900839E-01
4.271223E-08,-1.4895568E-01
4.276223E-08,-1.4890297E-01
4.281223E-08,-1.4890297E-01
4.286223E-08,-1.4885026E-01
4.291223E-08,-1.4879755E-01
4.296223E-08,-1.4879755E-01
4.301223E-08,-1.4874485E-01
4.306223E-08,-1.4869214E-01
4.311223E-08,-1.4869214E-01
4.316223E-08,-1.4869214E-01
4.321223E-08,-1.4863943E-01
4.326223E-08,-1.4863943E-01
4.331223E-08,-1.4863943E-01
4.336223E-08,-1.4863943E-01
4.341223E-08,-1.4863943E-01
4.346223E-08,-1.4863943E-01
4.351223E-08,-1.4863943E-01
4.356223E-08,-1.4869214E-01
4.361223E-08,-1.4869214E-01
4.366223E-08,-1.4874485E-01
4.371223E-08,-1.4874485E-01
4.376223E-08,-1.4879755E-01
4.381223E-08,-1.4879755E-01
4.386223E-08,-1.4885026E-01
4.391223E-08,-1.4890297E-01
4.396223E-08,-1.4890297E-01
4.401223E-08,-1.4895568E-01
4.406223E-08,-1.4900839E-01
4.411223E-08,-1.4900839E-01
4.416223E-08,-1.4906110E-01
4.421223E-08,-1.4906110E-01
4.426223E-08,-1.4906110E-01
4.431223E-08,-1.4911381E-01
4.436223E-08,-1.4911381E-01
4.441223E-08,-1.4911381E-01
4.446223E-08,-1.4911381E-01
4.451223E-08,-1.4906110E-01
4.456223E-08,-1.4906110E-01
4.461223E-08,-1.4906110E-01
4.466223E-08,-1.4900839E-01
4.471223E-08,-1.4895568E-01
4.476223E-08,-1.4890297E-01
4.481223E-08,-1.4890297E-01
4.486223E-08,-1.4885026E-01
4.491223E-08,-1.4879755E-01
4.496223E-08,-1.4874485E-01
4.501223E-08,-1.4863943E-01
4.506223E-08,-1.4858672E-01
4.511223E-08,-1.4853401E-01
4.516223E-08,-1.4848130E-01
4.521223E-08,-1.4842859E-01
4.526223E-08,-1.4837588E-01
4.531223E-08,-1.4832317E-01
4.536223E-08,-1.4832317E-01
4.541223E-08,-1.4827046E-01
4.546223E-08,-1.4821776E-01
4.551223E-08,-1.4821776E-01
4.556223E-08,-1.4816505E-01
4.561223E-08,-1.4816505E-01
4.566223E-08,-1.4816505E-01
4.571223E-08,-1.4816505E-01
4.576223E-08,-1.4821776E-01
4.581223E-08,-1.4821776E-01
4.586223E-08,-1.4827046E-01
4.591223E-08,-1.4827046E-01
4.596223E-08,-1.4832317E-01
4.601223E-08,-1.4837588E-01
4.606223E-08,-1.4842859E-01
4.611223E-08,-1.4848130E-01
4.616223E-08,-1.4853401E-01
4.621223E-08,-1.4858672E-01
4.626223E-08,-1.4863943E-01
4.631223E-08,-1.4869214E-01
4.636223E-08,-1.4879755E-01
4.641223E-08,-1.4885026E-01
4.646223E-08,-1.4890297E-01
4.651223E-08,-1.4895568E-01
4.656223E-08,-1.4900839E-01
4.661223E-08,-1.4906110E-01
4.666223E-08,-1.4911381E-01
4.671223E-08,-1.4916652E-01
4.676223E-08,-1.4916652E-01
4.681223E-08,-1.4921923E-01
4.686223E-08,-1.4927194E-01
4.691223E-08,-1.4927194E-01
4.696223E-08,-1.4927194E-01
4.701223E-08,-1.4927194E-01
4.706223E-08,-1.4932464E-01
4.711223E-08,-1.4932464E-01
4.716223E-08,-1.4927194E-01
4.721223E-08,-1.4927194E-01
4.726223E-08,-1.4927194E-01
4.731223E-08,-1.4927194E-01
4.736223E-08,-1.4921923E-01
4.741223E-08,-1.4921923E-01
4.746223E-08,-1.4916652E-01
4.751223E-08,-1.4916652E-01
4.756223E-08,-1.4911381E-01
4.761223E-08,-1.4911381E-01
4.766223E-08,-1.4906110E-01
4.771223E-08,-1.4906110E-01
4.776223E-08,-1.4900839E-01
4.781223E-08,-1.4900839E-01
4.786223E-08,-1.4900839E-01
4.791223E-08,-1.4895568E-01
4.796223E-08,-1.4895568E-01
4.801223E-08,-1.4895568E-01
4.806223E-08,-1.4895568E-01
4.811223E-08,-1.4895568E-01
4.816223E-08,-1.4895568E-01
4.821223E-08,-1.4895568E-01
4.826223E-08,-1.4895568E-01
4.831223E-08,-1.4895568E-01
4.836223E-08,-1.4895568E-01
4.841223E-08,-1.4900839E-01
4.846223E-08,-1.4900839E-01
4.851223E-08,-1.4906110E-01
4.856223E-08,-1.4906110E-01
4.861223E-08,-1.4911381E-01
4.866223E-08,-1.4911381E-01
4.871223E-08,-1.4916652E-01
4.876223E-08,-1.4916652E-01
4.881223E-08,-1.4921923E-01
4.886223E-08,-1.4921923E-01
4.891223E-08,-1.4927194E-01
4.896223E-08,-1.4927194E-01
4.901223E-08,-1.4932464E-01
4.906223E-08,-1.4932464E-01
4.911223E-08,-1.4932464E-01
4.916223E-08,-1.4937735E-01
4.921223E-08,-1.4937735E-01
4.926223E-08,-1.4937735E-01
4.931223E-08,-1.4937735E-01
4.936223E-08,-1.4937735E-01
4.941223E-08,-1.4937735E-01
4.946223E-08,-1.4937735E-01
4.951223E-08,-1.4937735E-01
4.956223E-08,-1.4937735E-01
4.961223E-08,-1.4937735E-01
4.966223E-08,-1.4937735E-01
4.971223E-08,-1.4937735E-01
4.976223E-08,-1.4932464E-01
4.981223E-08,-1.4932464E-01
4.986223E-08,-1.4932464E-01
4.991223E-08,-1.4932464E-01
4.996223E-08,-1.4927194E-01
5.001223E-08,-1.4927194E-01
5.006223E-08,-1.4927194E-01
5.011223E-08,-1.4921923E-01
5.016223E-08,-1.4921923E-01
5.021223E-08,-1.4921923E-01
5.026223E-08,-1.4921923E-01
5.031223E-08,-1.4921923E-01
5.036223E-08,-1.4921923E-01
5.041223E-08,-1.4916652E-01
5.046223E-08,-1.4916652E-01
5.051223E-08,-1.4921923E-01
5.056223E-08,-1.4921923E-01
5.061223E-08,-1.4921923E-01
5.066223E-08,-1.4921923E-01
5.071223E-08,-1.4927194E-01
5.076223E-08,-1.4927194E-01
5.081223E-08,-1.4927194E-01
5.086223E-08,-1.4932464E-01
5.091223E-08,-1.4932464E-01
5.096223E-08,-1.4937735E-01
5.101223E-08,-1.4943006E-01
5.106223E-08,-1.4943006E-01
5.111223E-08,-1.4948277E-01
5.116223E-08,-1.4953548E-01
5.121223E-08,-1.4953548E-01
5.126223E-08,-1.4958819E-01
5.131223E-08,-1.4958819E-01
5.136223E-08,-1.4964090E-01
5.141223E-08,-1.4964090E-01
5.146223E-08,-1.4964090E-01
5.151223E-08,-1.4964090E-01
5.156223E-08,-1.4969361E-01
5.161223E-08,-1.4964090E-01
5.166223E-08,-1.4964090E-01
5.171223E-08,-1.4964090E-01
5.176223E-08,-1.4964090E-01
5.181223E-08,-1.4958819E-01
5.186223E-08,-1.4958819E-01
5.191223E-08,-1.4953548E-01
5.196223E-08,-1.4948277E-01
5.201223E-08,-1.4943006E-01
5.206223E-08,-1.4937735E-01
5.211223E-08,-1.4932464E-01
5.216223E-08,-1.4927194E-01
5.221223E-08,-1.4921923E-01
5.226223E-08,-1.4916652E-01
5.231223E-08,-1.4911381E-01
5.236223E-08,-1.4900839E-01
5.241223E-08,-1.4895568E-01
5.246223E-08,-1.4890297E-01
5.251223E-08,-1.4885026E-01
5.256223E-08,-1.4879755E-01
5.261223E-08,-1.4874485E-01
5.266223E-08,-1.4869214E-01
5.271223E-08,-1.4869214E-01
5.276223E-08,-1.4863943E-01
5.281223E-08,-1.4863943E-01
5.286223E-08,-1.4863943E-01
5.291223E-08,-1.4863943E-01
5.296223E-08,-1.4863943E-01
5.301223E-08,-1.4863943E-01
5.306223E-08,-1.4869214E-01
5.311223E-08,-1.4869214E-01
5.316223E-08,-1.4874485E-01
5.321223E-08,-1.4879755E-01
5.326223E-08,-1.4885026E-01
5.331223E-08,-1.4890297E-01
5.336223E-08,-1.4895568E-01
5.341223E-08,-1.4906110E-01
5.346223E-08,-1.4911381E-01
5.351223E-08,-1.4921923E-01
5.356223E-08,-1.4927194E-01
5.361223E-08,-1.4937735E-01
5.366223E-08,-1.4943006E-01
5.371223E-08,-1.4953548E-01
5.376223E-08,-1.4958819E-01
5.381223E-08,-1.4969361E-01
5.386223E-08,-1.4974632E-01
5.391223E-08,-1.4979903E-01
5.396223E-08,-1.4990444E-01
5.401223E-08,-1.4995715E-01
5.406223E-08,-1.5000986E-01
5.411223E-08,-1.5006257E-01
5.416223E-08,-1.5006257E-01
5.421223E-08,-1.5011528E-01
5.426223E-08,-1.5011528E-01
5.431223E-08,-1.5016799E-01
5.436223E-08,-1.5016799E-01
5.441223E-08,-1.5016799E-01
5.446223E-08,-1.5016799E-01
5.451223E-08,-1.5016799E-01
5.456223E-08,-1.5016799E-01
5.461223E-08,-1.5016799E-01
5.466223E-08,-1.5016799E-01
5.471223E-08,-1.5016799E-01
5.476223E-08,-1.5011528E-01
5.481223E-08,-1.5011528E-01
5.486223E-08,-1.5011528E-01
5.491223E-08,-1.5011528E-01
5.496223E-08,-1.5011528E-01
5.501223E-08,-1.5011528E-01
5.506223E-08,-1.5011528E-01
5.511223E-08,-1.5011528E-01
5.516223E-08,-1.5011528E-01
5.521223E-08,-1.5011528E-01
5.526223E-08,-1.5011528E-01
5.531223E-08,-1.5016799E-01
5.536223E-08,-1.5016799E-01
5.541223E-08,-1.5022070E-01
5.546223E-08,-1.5022070E-01
5.551223E-08,-1.5027341E-01
5.556223E-08,-1.5032612E-01
5.561223E-08,-1.5037883E-01
5.566223E-08,-1.5037883E-01
5.571223E-08,-1.5043153E-01
5.576223E-08,-1.5048424E-01
5.581223E-08,-1.5053695E-01
5.586223E-08,-1.5058966E-01
5.591223E-08,-1.5058966E-01
5.596223E-08,-1.5064237E-01
5.601223E-08,-1.5069508E-01
5.606223E-08,-1.5069508E-01
5.611223E-08,-1.5069508E-01
5.616223E-08,-1.5074779E-01
5.621223E-08,-1.5074779E-01
5.626223E-08,-1.5074779E-01
5.631223E-08,-1.5069508E-01
5.636223E-08,-1.5069508E-01
5.641223E-08,-1.5064237E-01
5.646223E-08,-1.5064237E-01
5.651223E-08,-1.5058966E-01
5.656223E-08,-1.5053695E-01
5.661223E-08,-1.5048424E-01
5.666223E-08,-1.5037883E-01
5.671223E-08,-1.5032612E-01
5.676223E-08,-1.5022070E-01
5.681223E-08,-1.5016799E-01
5.686223E-08,-1.5006257E-01
5.691223E-08,-1.4995715E-01
5.696223E-08,-1.4985173E-01
5.701223E-08,-1.4979903E-01
5.706223E-08,-1.4969361E-01
5.711223E-08,-1.4958819E-01
5.716223E-08,-1.4948277E-01
5.721223E-08,-1.4937735E-01
5.726223E-08,-1.4927194E-01
5.731223E-08,-1.4921923E-01
5.736223E-08,-1.4911381E-01
5.741223E-08,-1.4900839E-01
5.746223E-08,-1.4895568E-01
5.751223E-08,-1.4890297E-01
5.756223E-08,-1.4885026E-01
5.761223E-08,-1.4879755E-01
5.766223E-08,-1.4874485E-01
5.771223E-08,-1.4869214E-01
5.776223E-08,-1.4869214E-01
5.781223E-08,-1.4863943E-01
5.786223E-08,-1.4863943E-01
5.791223E-08,-1.4863943E-01
5.796223E-08,-1.4869214E-01
5.801223E-08,-1.4869214E-01
5.806223E-08,-1.4869214E-01
5.811223E-08,-1.4874485E-01
5.816223E-08,-1.4879755E-01
5.821223E-08,-1.4885026E-01
5.826223E-08,-1.4890297E-01
5.831223E-08,-1.4895568E-01
5.836223E-08,-1.4900839E-01
5.841223E-08,-1.4911381E-01
5.846223E-08,-1.4916652E-01
5.851223E-08,-1.4927194E-01
5.856223E-08,-1.4932464E-01
5.861223E-08,-1.4943006E-01
5.866223E-08,-1.4948277E-01
5.871223E-08,-1.4958819E-01
5.876223E-08,-1.4964090E-01
5.881223E-08,-1.4969361E-01
5.886223E-08,-1.4979903E-01
5.891223E-08,-1.4985173E-01
5.896223E-08,-1.4990444E-01
5.901223E-08,-1.4995715E-01
5.906223E-08,-1.5000986E-01
5.911223E-08,-1.5006257E-01
5.916223E-08,-1.5011528E-01
5.921223E-08,-1.5011528E-01
5.926223E-08,-1.5016799E-01
5.931223E-08,-1.5016799E-01
5.936223E-08,-1.5022070E-01
5.941223E-08,-1.5022070E-01
5.946223E-08,-1.5022070E-01
5.951223E-08,-1.5022070E-01
5.956223E-08,-1.5016799E-01
5.961223E-08,-1.5016799E-01
5.966223E-08,-1.5016799E-01
5.971223E-08,-1.5011528E-01
5.976223E-08,-1.5011528E-01
5.981223E-08,-1.5006257E-01
5.986223E-08,-1.5000986E-01
5.991223E-08,-1.5000986E-01
5.996223E-08,-1.4995715E-01
6.001223E-08,-1.4990444E-01
6.006223E-08,-1.4990444E-01
6.011223E-08,-1.4985173E-01
6.016223E-08,-1.4979903E-01
6.021223E-08,-1.4979903E-01
6.026223E-08,-1.4974632E-01
6.031223E-08,-1.4974632E-01
6.036223E-08,-1.4974632E-01
6.041223E-08,-1.4969361E-01
6.046223E-08,-1.4969361E-01
6.051223E-08,-1.4969361E-01
6.056223E-08,-1.4969361E-01
6.061223E-08,-1.4969361E-01
6.066223E-08,-1.4969361E-01
6.071223E-08,-1.4969361E-01
6.076223E-08,-1.4974632E-01
6.081223E-08,-1.4974632E-01
6.086223E-08,-1.4979903E-01
6.091223E-08,-1.4979903E-01
6.096223E-08,-1.4985173E-01
6.101223E-08,-1.4985173E-01
6.106223E-08,-1.4990444E-01
6.111223E-08,-1.4990444E-01
6.116223E-08,-1.4995715E-01
6.121223E-08,-1.4995715E-01
6.126223E-08,-1.5000986E-01
6.131223E-08,-1.5000986E-01
6.136223E-08,-1.5000986E-01
6.141223E-08,-1.5000986E-01
6.146223E-08,-1.5006257E-01
6.151223E-08,-1.5006257E-01
6.156223E-08,-1.5000986E-01
6.161223E-08,-1.5000986E-01
6.166223E-08,-1.5000986E-01
6.171223E-08,-1.4995715E-01
6.176223E-08,-1.4995715E-01
6.181223E-08,-1.4990444E-01
6.186223E-08,-1.4985173E-01
6.191223E-08,-1.4979903E-01
6.196223E-08,-1.4974632E-01
6.201223E-08,-1.4969361E-01
6.206223E-08,-1.4964090E-01
6.211223E-08,-1.4958819E-01
6.216223E-08,-1.4953548E-01
6.221223E-08,-1.4943006E-01
6.226223E-08,-1.4937735E-01
6.231223E-08,-1.4932464E-01
6.236223E-08,-1.4927194E-01
6.241223E-08,-1.4921923E-01
6.246223E-08,-1.4916652E-01
6.251223E-08,-1.4911381E-01
6.256223E-08,-1.4911381E-01
6.261223E-08,-1.4906110E-01
6.266223E-08,-1.4906110E-01
6.271223E-08,-1.4906110E-01
6.276223E-08,-1.4906110E-01
6.281223E-08,-1.4906110E-01
6.286223E-08,-1.4906110E-01
6.291223E-08,-1.4906110E-01
6.296223E-08,-1.4911381E-01
6.301223E-08,-1.4911381E-01
6.306223E-08,-1.4916652E-01
6.311223E-08,-1.4921923E-01
6.316223E-08,-1.4927194E-01
6.321223E-08,-1.4932464E-01
6.326223E-08,-1.4937735E-01
6.331223E-08,-1.4943006E-01
6.336223E-08,-1.4953548E-01
6.341223E-08,-1.4958819E-01
6.346223E-08,-1.4964090E-01
6.351223E-08,-1.4969361E-01
6.356223E-08,-1.4974632E-01
6.361223E-08,-1.4979903E-01
6.366223E-08,-1.4985173E-01
6.371223E-08,-1.4985173E-01
6.376223E-08,-1.4990444E-01
6.381223E-08,-1.4990444E-01
6.386223E-08,-1.4995715E-01
6.391223E-08,-1.4995715E-01
6.396223E-08,-1.4995715E-01
6.401223E-08,-1.4995715E-01
6.406223E-08,-1.4990444E-01
6.411223E-08,-1.4990444E-01
6.416223E-08,-1.4985173E-01
6.421223E-08,-1.4985173E-01
6.426223E-08,-1.4979903E-01
6.431223E-08,-1.4974632E-01
6.436223E-08,-1.4969361E-01
6.441223E-08,-1.4964090E-01
6.446223E-08,-1.4958819E-01
6.451223E-08,-1.4953548E-01
6.456223E-08,-1.4948277E-01
6.461223E-08,-1.4943006E-01
6.466223E-08,-1.4943006E-01
6.471223E-08,-1.4937735E-01
6.476223E-08,-1.4932464E-01
6.481223E-08,-1.4932464E-01
6.486223E-08,-1.4927194E-01
6.491223E-08,-1.4927194E-01
6.496223E-08,-1.4927194E-01
6.501223E-08,-1.4921923E-01
6.506223E-08,-1.4921923E-01
6.511223E-08,-1.4927194E-01
6.516223E-08,-1.4927194E-01
6.521223E-08,-1.4927194E-01
6.526223E-08,-1.4932464E-01
6.531223E-08,-1.4932464E-01
6.536223E-08,-1.4937735E-01
6.541223E-08,-1.4943006E-01
6.546223E-08,-1.4948277E-01
6.551223E-08,-1.4948277E-01
6.556223E-08,-1.4953548E-01
6.561223E-08,-1.4958819E-01
6.566223E-08,-1.4964090E-01
6.571223E-08,-1.4969361E-01
6.576223E-08,-1.4969361E-01
6.581223E-08,-1.4974632E-01
6.586223E-08,-1.4974632E-01
6.591223E-08,-1.4979903E-01
6.596223E-08,-1.4979903E-01
6.601223E-08,-1.4979903E-01
6.606223E-08,-1.4979903E-01
6.611223E-08,-1.4979903E-01
6.616223E-08,-1.4979903E-01
6.621223E-08,-1.4979903E-01
6.626223E-08,-1.4974632E-01
6.631223E-08,-1.4974632E-01
6.636223E-08,-1.4974632E-01
6.641223E-08,-1.4969361E-01
6.646223E-08,-1.4964090E-01
6.651223E-08,-1.4964090E-01
6.656223E-08,-1.4958819E-01
6.661223E-08,-1.4958819E-01
6.666223E-08,-1.4953548E-01
6.671223E-08,-1.4953548E-01
6.676223E-08,-1.4953548E-01
6.681223E-08,-1.4953548E-01
6.686223E-08,-1.4948277E-01
6.691223E-08,-1.4948277E-01
6.696223E-08,-1.4953548E-01
6.701223E-08,-1.4953548E-01
6.706223E-08,-1.4953548E-01
6.711223E-08,-1.4958819E-01
6.716223E-08,-1.4964090E-01
6.721223E-08,-1.4969361E-01
6.726223E-08,-1.4969361E-01
6.731223E-08,-1.4979903E-01
6.736223E-08,-1.4985173E-01
6.741223E-08,-1.4990444E-01
6.746223E-08,-1.5000986E-01
6.751223E-08,-1.5006257E-01
6.756223E-08,-1.5011528E-01
6.761223E-08,-1.5022070E-01
6.766223E-08,-1.5027341E-01
6.771223E-08,-1.5037883E-01
6.776223E-08,-1.5043153E-01
6.781223E-08,-1.5053695E-01
6.786223E-08,-1.5058966E-01
6.791223E-08,-1.5064237E-01
6.796223E-08,-1.5069508E-01
6.801223E-08,-1.5074779E-01
6.806223E-08,-1.5080050E-01
6.811223E-08,-1.5085321E-01
6.816223E-08,-1.5090592E-01
6.821223E-08,-1.5090592E-01
6.826223E-08,-1.5095862E-01
6.831223E-08,-1.5095862E-01
6.836223E-08,-1.5095862E-01
6.841223E-08,-1.5095862E-01
6.846223E-08,-1.5095862E-01
6.851223E-08,-1.5090592E-01
6.856223E-08,-1.5090592E-01
6.861223E-08,-1.5085321E-01
6.866223E-08,-1.5085321E-01
6.871223E-08,-1.5080050E-01
6.876223E-08,-1.5080050E-01
6.881223E-08,-1.5074779E-01
6.886223E-08,-1.5074779E-01
6.891223E-08,-1.5069508E-01
6.896223E-08,-1.5064237E-01
6.901223E-08,-1.5064237E-01
6.906223E-08,-1.5058966E-01
6.911223E-08,-1.5058966E-01
6.916223E-08,-1.5058966E-01
6.921223E-08,-1.5053695E-01
6.926223E-08,-1.5053695E-01
6.931223E-08,-1.5053695E-01
6.936223E-08,-1.5053695E-01
6.941223E-08,-1.5053695E-01
6.946223E-08,-1.5053695E-01
6.951223E-08,-1.5053695E-01
6.956223E-08,-1.5053695E-01
6.961223E-08,-1.5053695E-01
6.966223E-08,-1.5058966E-01
6.971223E-08,-1.5058966E-01
6.976223E-08,-1.5058966E-01
6.981223E-08,-1.5058966E-01
6.986223E-08,-1.5058966E-01
6.991223E-08,-1.5058966E-01
6.996223E-08,-1.5058966E-01
7.001223E-08,-1.5058966E-01
7.006223E-08,-1.5053695E-01
7.011223E-08,-1.5053695E-01
7.016223E-08,-1.5048424E-01
7.021223E-08,-1.5048424E-01
7.026223E-08,-1.5043153E-01
7.031223E-08,-1.5037883E-01
7.036223E-08,-1.5032612E-01
7.041223E-08,-1.5027341E-01
7.046223E-08,-1.5022070E-01
7.051223E-08,-1.5016799E-01
7.056223E-08,-1.5011528E-01
7.061223E-08,-1.5006257E-01
7.066223E-08,-1.4995715E-01
7.071223E-08,-1.4990444E-01
7.076223E-08,-1.4985173E-01
7.081223E-08,-1.4979903E-01
7.086223E-08,-1.4969361E-01
7.091223E-08,-1.4964090E-01
7.096223E-08,-1.4958819E-01
7.101223E-08,-1.4953548E-01
7.106223E-08,-1.4948277E-01
7.111223E-08,-1.4943006E-01
7.116223E-08,-1.4943006E-01
7.121223E-08,-1.4937735E-01
7.126223E-08,-1.4932464E-01
7.131223E-08,-1.4932464E-01
7.136223E-08,-1.4932464E-01
7.141223E-08,-1.4932464E-01
7.146223E-08,-1.4932464E-01
7.151223E-08,-1.4932464E-01
7.156223E-08,-1.4932464E-01
7.161223E-08,-1.4937735E-01
7.166223E-08,-1.4937735E-01
7.171223E-08,-1.4943006E-01
7.176223E-08,-1.4943006E-01
7.181223E-08,-1.4948277E-01
7.186223E-08,-1.4948277E-01
7.191223E-08,-1.4953548E-01
7.196223E-08,-1.4958819E-01
7.201223E-08,-1.4958819E-01
7.206223E-08,-1.4964090E-01
7.211223E-08,-1.4969361E-01
7.216223E-08,-1.4969361E-01
7.221223E-08,-1.4969361E-01
7.226223E-08,-1.4974632E-01
7.231223E-08,-1.4974632E-01
7.236223E-08,-1.4974632E-01
7.241223E-08,-1.4974632E-01
7.246223E-08,-1.4974632E-01
7.251223E-08,-1.4974632E-01
7.256223E-08,-1.4974632E-01
7.261223E-08,-1.4974632E-01
7.266223E-08,-1.4969361E-01
7.271223E-08,-1.4969361E-01
7.276223E-08,-1.4969361E-01
7.281223E-08,-1.4964090E-01
7.286223E-08,-1.4964090E-01
7.291223E-08,-1.4958819E-01
7.296223E-08,-1.4958819E-01
7.301223E-08,-1.4953548E-01
7.306223E-08,-1.4953548E-01
7.311223E-08,-1.4953548E-01
7.316223E-08,-1.4948277E-01
7.321223E-08,-1.4948277E-01
7.326223E-08,-1.4948277E-01
7.331223E-08,-1.4948277E-01
7.336223E-08,-1.4948277E-01
7.341223E-08,-1.4948277E-01
7.346223E-08,-1.4953548E-01
7.351223E-08,-1.4953548E-01
7.356223E-08,-1.4958819E-01
7.361223E-08,-1.4958819E-01
7.366223E-08,-1.4964090E-01
7.371223E-08,-1.4969361E-01
7.376223E-08,-1.4974632E-01
7.381223E-08,-1.4979903E-01
7.386223E-08,-1.4985173E-01
7.391223E-08,-1.4990444E-01
7.396223E-08,-1.4995715E-01
7.401223E-08,-1.5000986E-01
7.406223E-08,-1.5006257E-01
7.411223E-08,-1.5011528E-01
7.416223E-08,-1.5016799E-01
7.421223E-08,-1.5022070E-01
7.426223E-08,-1.5022070E-01
7.431223E-08,-1.5027341E-01
7.436223E-08,-1.5032612E-01
7.441223E-08,-1.5032612E-01
7.446223E-08,-1.5037883E-01
7.451223E-08,-1.5037883E-01
7.456223E-08,-1.5037883E-01
7.461223E-08,-1.5037883E-01
7.466223E-08,-1.5037883E-01
7.471223E-08,-1.5032612E-01
7.476223E-08,-1.5032612E-01
7.481223E-08,-1.5032612E-01
7.486223E-08,-1.5027341E-01
7.491223E-08,-1.5022070E-01
7.496223E-08,-1.5022070E-01
7.501223E-08,-1.5016799E-01
7.506223E-08,-1.5011528E-01
7.511223E-08,-1.5006257E-01
7.516223E-08,-1.5000986E-01
7.521223E-08,-1.5000986E-01
7.526223E-08,-1.4995715E-01
7.531223E-08,-1.4990444E-01
7.536223E-08,-1.4985173E-01
7.541223E-08,-1.4979903E-01
7.546223E-08,-1.4979903E-01
7.551223E-08,-1.4974632E-01
7.556223E-08,-1.4969361E-01
7.561223E-08,-1.4969361E-01
7.566223E-08,-1.4964090E-01
7.571223E-08,-1.4964090E-01
7.576223E-08,-1.4958819E-01
7.581223E-08,-1.4958819E-01
7.586223E-08,-1.4958819E-01
7.591223E-08,-1.4958819E-01
7.596223E-08,-1.4953548E-01
7.601223E-08,-1.4953548E-01
7.606223E-08,-1.4953548E-01
7.611223E-08,-1.4953548E-01
7.616223E-08,-1.4953548E-01
7.621223E-08,-1.4953548E-01
7.626223E-08,-1.4953548E-01
7.631223E-08,-1.4953548E-01
7.636223E-08,-1.4953548E-01
7.641223E-08,-1.4953548E-01
7.646223E-08,-1.4953548E-01
7.651223E-08,-1.4953548E-01
7.656223E-08,-1.4953548E-01
7.661223E-08,-1.4948277E-01
7.666223E-08,-1.4948277E-01
7.671223E-08,-1.4948277E-01
7.676223E-08,-1.4943006E-01
7.681223E-08,-1.4943006E-01
7.686223E-08,-1.4937735E-01
7.691223E-08,-1.4937735E-01
7.696223E-08,-1.4932464E-01
7.701223E-08,-1.4932464E-01
7.706223E-08,-1.4927194E-01
7.711223E-08,-1.4927194E-01
7.716223E-08,-1.4927194E-01
7.721223E-08,-1.4921923E-01
7.726223E-08,-1.4921923E-01
7.731223E-08,-1.4921923E-01
7.736223E-08,-1.4916652E-01
7.741223E-08,-1.4916652E-01
7.746223E-08,-1.4916652E-01
7.751223E-08,-1.4916652E-01
7.756223E-08,-1.4916652E-01
7.761223E-08,-1.4916652E-01
7.766223E-08,-1.4916652E-01
7.771223E-08,-1.4921923E-01
7.776223E-08,-1.4921923E-01
7.781223E-08,-1.4921923E-01
7.786223E-08,-1.4927194E-01
7.791223E-08,-1.4927194E-01
7.796223E-08,-1.4932464E-01
7.801223E-08,-1.4937735E-01
7.806223E-08,-1.4937735E-01
7.811223E-08,-1.4943006E-01
7.816223E-08,-1.4948277E-01
7.821223E-08,-1.4948277E-01
7.826223E-08,-1.4953548E-01
7.831223E-08,-1.4958819E-01
7.836223E-08,-1.4958819E-01
7.841223E-08,-1.4964090E-01
7.846223E-08,-1.4964090E-01
7.851223E-08,-1.4964090E-01
7.856223E-08,-1.4964090E-01
7.861223E-08,-1.4969361E-01
7.866223E-08,-1.4969361E-01
7.871223E-08,-1.4964090E-01
7.876223E-08,-1.4964090E-01
7.881223E-08,-1.4964090E-01
7.886223E-08,-1.4958819E-01
7.891223E-08,-1.4958819E-01
7.896223E-08,-1.4953548E-01
7.901223E-08,-1.4953548E-01
7.906223E-08,-1.4948277E-01
7.911223E-08,-1.4943006E-01
7.916223E-08,-1.4937735E-01
7.921223E-08,-1.4932464E-01
7.926223E-08,-1.4932464E-01
7.931223E-08,-1.4927194E-01
7.936223E-08,-1.4921923E-01
7.941223E-08,-1.4916652E-01
7.946223E-08,-1.4911381E-01
7.951223E-08,-1.4911381E-01
7.956223E-08,-1.4906110E-01
7.961223E-08,-1.4906110E-01
7.966223E-08,-1.4900839E-01
7.971223E-08,-1.4900839E-01
7.976223E-08,-1.4895568E-01
7.981223E-08,-1.4895568E-01
7.986223E-08,-1.4895568E-01
7.991223E-08,-1.4895568E-01
7.996223E-08,-1.4895568E-01
8.001223E-08,-1.4895568E-01
8.006223E-08,-1.4895568E-01
8.011223E-08,-1.4900839E-01
8.016223E-08,-1.4900839E-01
8.021223E-08,-1.4900839E-01
8.026223E-08,-1.4906110E-01
8.031223E-08,-1.4906110E-01
8.036223E-08,-1.4911381E-01
8.041223E-08,-1.4911381E-01
8.046223E-08,-1.4916652E-01
8.051223E-08,-1.4916652E-01
8.056223E-08,-1.4921923E-01
8.061223E-08,-1.4921923E-01
8.066223E-08,-1.4921923E-01
8.071223E-08,-1.4927194E-01
8.076223E-08,-1.4927194E-01
8.081223E-08,-1.4927194E-01
8.086223E-08,-1.4927194E-01
8.091223E-08,-1.4927194E-01
8.096223E-08,-1.4927194E-01
8.101223E-08,-1.4927194E-01
8.106223E-08,-1.4921923E-01
8.111223E-08,-1.4921923E-01
8.116223E-08,-1.4921923E-01
8.121223E-08,-1.4916652E-01
8.126223E-08,-1.4916652E-01
8.131223E-08,-1.4911381E-01
8.136223E-08,-1.4911381E-01
8.141223E-08,-1.4906110E-01
8.146223E-08,-1.4906110E-01
8.151223E-08,-1.4900839E-01
8.156223E-08,-1.4895568E-01
8.161223E-08,-1.4895568E-01
8.166223E-08,-1.4890297E-01
8.171223E-08,-1.4890297E-01
8.176223E-08,-1.4885026E-01
8.181223E-08,-1.4885026E-01
8.186223E-08,-1.4885026E-01
8.191223E-08,-1.4879755E-01
8.196223E-08,-1.4879755E-01
8.201223E-08,-1.4879755E-01
8.206223E-08,-1.4879755E-01
8.211223E-08,-1.4879755E-01
8.216223E-08,-1.4879755E-01
8.221223E-08,-1.4879755E-01
8.226223E-08,-1.4879755E-01
8.231223E-08,-1.4879755E-01
8.236223E-08,-1.4879755E-01
8.241223E-08,-1.4879755E-01
8.246223E-08,-1.4885026E-01
8.251223E-08,-1.4885026E-01
8.256223E-08,-1.4885026E-01
8.261223E-08,-1.4890297E-01
8.266223E-08,-1.4890297E-01
8.271223E-08,-1.4895568E-01
8.276223E-08,-1.4895568E-01
8.281223E-08,-1.4900839E-01
8.286223E-08,-1.4900839E-01
8.291223E-08,-1.4906110E-01
8.296223E-08,-1.4906110E-01
8.301223E-08,-1.4911381E-01
8.306223E-08,-1.4911381E-01
8.311223E-08,-1.4916652E-01
8.316223E-08,-1.4921923E-01
8.321223E-08,-1.4921923E-01
8.326223E-08,-1.4927194E-01
8.331223E-08,-1.4927194E-01
8.336223E-08,-1.4932464E-01
8.341223E-08,-1.4937735E-01
8.346223E-08,-1.4943006E-01
8.351223E-08,-1.4943006E-01
8.356223E-08,-1.4948277E-01
8.361223E-08,-1.4953548E-01
8.366223E-08,-1.4958819E-01
8.371223E-08,-1.4964090E-01
8.376223E-08,-1.4969361E-01
8.381223E-08,-1.4974632E-01
8.386223E-08,-1.4974632E-01
8.391223E-08,-1.4979903E-01
8.396223E-08,-1.4985173E-01
8.401223E-08,-1.4990444E-01
8.406223E-08,-1.4995715E-01
8.411223E-08,-1.5000986E-01
8.416223E-08,-1.5000986E-01
8.421223E-08,-1.5006257E-01
8.426223E-08,-1.5006257E-01
8.431223E-08,-1.5011528E-01
8.436223E-08,-1.5011528E-01
8.441223E-08,-1.5016799E-01
8.446223E-08,-1.5016799E-01
8.451223E-08,-1.5016799E-01
8.456223E-08,-1.5016799E-01
8.461223E-08,-1.5011528E-01
8.466223E-08,-1.5011528E-01
8.471223E-08,-1.5011528E-01
8.476223E-08,-1.5006257E-01
8.481223E-08,-1.5006257E-01
8.486223E-08,-1.5000986E-01
8.491223E-08,-1.4995715E-01
8.496223E-08,-1.4990444E-01
8.501223E-08,-1.4985173E-01
8.506223E-08,-1.4979903E-01
8.511223E-08,-1.4974632E-01
8.516223E-08,-1.4964090E-01
8.521223E-08,-1.4958819E-01
8.526223E-08,-1.4953548E-01
8.531223E-08,-1.4948277E-01
8.536223E-08,-1.4943006E-01
8.541223E-08,-1.4932464E-01
8.546223E-08,-1.4927194E-01
8.551223E-08,-1.4921923E-01
8.556223E-08,-1.4916652E-01
8.561223E-08,-1.4911381E-01
8.566223E-08,-1.4911381E-01
8.571223E-08,-1.4906110E-01
8.576223E-08,-1.4900839E-01
8.581223E-08,-1.4900839E-01
8.586223E-08,-1.4895568E-01
8.591223E-08,-1.4895568E-01
8.596223E-08,-1.4895568E-01
8.601223E-08,-1.4895568E-01
8.606223E-08,-1.4895568E-01
8.611223E-08,-1.4895568E-01
8.616223E-08,-1.4895568E-01
8.621223E-08,-1.4895568E-01
8.626223E-08,-1.4895568E-01
8.631223E-08,-1.4900839E-01
8.636223E-08,-1.4900839E-01
8.641223E-08,-1.4906110E-01
8.646223E-08,-1.4906110E-01
8.651223E-08,-1.4911381E-01
8.656223E-08,-1.4911381E-01
8.661223E-08,-1.4911381E-01
8.666223E-08,-1.4916652E-01
8.671223E-08,-1.4916652E-01
8.676223E-08,-1.4921923E-01
8.681223E-08,-1.4921923E-01
8.686223E-08,-1.4921923E-01
8.691223E-08,-1.4921923E-01
8.696223E-08,-1.4927194E-01
8.701223E-08,-1.4927194E-01
8.706223E-08,-1.4927194E-01
8.711223E-08,-1.4927194E-01
8.716223E-08,-1.4927194E-01
8.721223E-08,-1.4927194E-01
8.726223E-08,-1.4927194E-01
8.731223E-08,-1.4927194E-01
8.736223E-08,-1.4921923E-01
8.741223E-08,-1.4921923E-01
8.746223E-08,-1.4921923E-01
8.751223E-08,-1.4921923E-01
8.756223E-08,-1.4921923E-01
8.761223E-08,-1.4921923E-01
8.766223E-08,-1.4921923E-01
8.771223E-08,-1.4921923E-01
8.776223E-08,-1.4921923E-01
8.781223E-08,-1.4921923E-01
8.786223E-08,-1.4921923E-01
8.791223E-08,-1.4921923E-01
8.796223E-08,-1.4921923E-01
8.801223E-08,-1.4927194E-01
8.806223E-08,-1.4927194E-01
8.811223E-08,-1.4927194E-01
8.816223E-08,-1.4927194E-01
8.821223E-08,-1.4932464E-01
8.826223E-08,-1.4932464E-01
8.831223E-08,-1.4932464E-01
8.836223E-08,-1.4932464E-01
8.841223E-08,-1.4932464E-01
8.846223E-08,-1.4932464E-01
8.851223E-08,-1.4937735E-01
8.856223E-08,-1.4937735E-01
8.861223E-08,-1.4937735E-01
8.866223E-08,-1.4937735E-01
8.871223E-08,-1.4932464E-01
8.876223E-08,-1.4932464E-01
8.881223E-08,-1.4932464E-01
8.886223E-08,-1.4932464E-01
8.891223E-08,-1.4932464E-01
8.896223E-08,-1.4927194E-01
8.901223E-08,-1.4927194E-01
8.906223E-08,-1.4921923E-01
8.911223E-08,-1.4921923E-01
8.916223E-08,-1.4916652E-01
8.921223E-08,-1.4916652E-01
8.926223E-08,-1.4916652E-01
8.931223E-08,-1.4911381E-01
8.936223E-08,-1.4911381E-01
8.941223E-08,-1.4906110E-01
8.946223E-08,-1.4906110E-01
8.951223E-08,-1.4906110E-01
8.956223E-08,-1.4900839E-01
8.961223E-08,-1.4900839E-01
8.966223E-08,-1.4900839E-01
8.971223E-08,-1.4900839E-01
8.976223E-08,-1.4900839E-01
8.981223E-08,-1.4900839E-01
8.986223E-08,-1.4906110E-01
8.991223E-08,-1.4906110E-01
8.996223E-08,-1.4906110E-01
9.001223E-08,-1.4911381E-01
9.006223E-08,-1.4911381E-01
9.011223E-08,-1.4911381E-01
9.016223E-08,-1.4916652E-01
9.021223E-08,-1.4916652E-01
9.026223E-08,-1.4921923E-01
9.031223E-08,-1.4921923E-01
9.036223E-08,-1.4927194E-01
9.041223E-08,-1.4927194E-01
9.046223E-08,-1.4932464E-01
9.051223E-08,-1.4932464E-01
9.056223E-08,-1.4932464E-01
9.061223E-08,-1.4937735E-01
9.066223E-08,-1.4937735E-01
9.071223E-08,-1.4937735E-01
9.076223E-08,-1.4937735E-01
9.081223E-08,-1.4937735E-01
9.086223E-08,-1.4937735E-01
9.091223E-08,-1.4937735E-01
9.096223E-08,-1.4932464E-01
9.101223E-08,-1.4932464E-01
9.106223E-08,-1.4932464E-01
9.111223E-08,-1.4927194E-01
9.116223E-08,-1.4927194E-01
9.121223E-08,-1.4921923E-01
9.126223E-08,-1.4921923E-01
9.131223E-08,-1.4921923E-01
9.136223E-08,-1.4916652E-01
9.141223E-08,-1.4916652E-01
9.146223E-08,-1.4911381E-01
9.151223E-08,-1.4911381E-01
9.156223E-08,-1.4911381E-01
9.161223E-08,-1.4911381E-01
9.166223E-08,-1.4911381E-01
9.171223E-08,-1.4911381E-01
9.176223E-08,-1.4911381E-01
9.181223E-08,-1.4911381E-01
9.186223E-08,-1.4911381E-01
9.191223E-08,-1.4916652E-01
9.196223E-08,-1.4916652E-01
9.201223E-08,-1.4921923E-01
9.206223E-08,-1.4921923E-01
9.211223E-08,-1.4927194E-01
9.216223E-08,-1.4932464E-01
9.221223E-08,-1.4937735E-01
9.226223E-08,-1.4937735E-01
9.231223E-08,-1.4943006E-01
9.236223E-08,-1.4948277E-01
9.241223E-08,-1.4953548E-01
9.246223E-08,-1.4958819E-01
9.251223E-08,-1.4958819E-01
9.256223E-08,-1.4964090E-01
9.261223E-08,-1.4964090E-01
9.266223E-08,-1.4969361E-01
9.271223E-08,-1.4969361E-01
9.276223E-08,-1.4969361E-01
9.281223E-08,-1.4969361E-01
9.286223E-08,-1.4969361E-01
9.291223E-08,-1.4969361E-01
9.296223E-08,-1.4969361E-01
9.301223E-08,-1.4964090E-01
9.306223E-08,-1.4958819E-01
9.311223E-08,-1.4958819E-01
9.316223E-08,-1.4953548E-01
9.321223E-08,-1.4948277E-01
9.326223E-08,-1.4937735E-01
9.331223E-08,-1.4932464E-01
9.336223E-08,-1.4927194E-01
9.341223E-08,-1.4916652E-01
9.346223E-08,-1.4911381E-01
9.351223E-08,-1.4906110E-01
9.356223E-08,-1.4895568E-01
9.361223E-08,-1.4890297E-01
9.366223E-08,-1.4879755E-01
9.371223E-08,-1.4874485E-01
9.376223E-08,-1.4863943E-01
9.381223E-08,-1.4858672E-01
9.386223E-08,-1.4853401E-01
9.391223E-08,-1.4848130E-01
9.396223E-08,-1.4842859E-01
9.401223E-08,-1.4837588E-01
9.406223E-08,-1.4832317E-01
9.411223E-08,-1.4827046E-01
9.416223E-08,-1.4827046E-01
9.421223E-08,-1.4827046E-01
9.426223E-08,-1.4821776E-01
9.431223E-08,-1.4821776E-01
9.436223E-08,-1.4821776E-01
9.441223E-08,-1.4827046E-01
9.446223E-08,-1.4827046E-01
9.451223E-08,-1.4827046E-01
9.456223E-08,-1.4832317E-01
9.461223E-08,-1.4832317E-01
9.466223E-08,-1.4837588E-01
9.471223E-08,-1.4842859E-01
9.476223E-08,-1.4842859E-01
9.481223E-08,-1.4848130E-01
9.486223E-08,-1.4853401E-01
9.491223E-08,-1.4858672E-01
9.496223E-08,-1.4863943E-01
9.501223E-08,-1.4869214E-01
9.506223E-08,-1.4869214E-01
9.511223E-08,-1.4874485E-01
9.516223E-08,-1.4879755E-01
9.521223E-08,-1.4885026E-01
9.526223E-08,-1.4885026E-01
9.531223E-08,-1.4890297E-01
9.536223E-08,-1.4895568E-01
9.541223E-08,-1.4895568E-01
9.546223E-08,-1.4900839E-01
9.551223E-08,-1.4900839E-01
9.556223E-08,-1.4906110E-01
9.561223E-08,-1.4906110E-01
9.566223E-08,-1.4906110E-01
9.571223E-08,-1.4911381E-01
9.576223E-08,-1.4911381E-01
9.581223E-08,-1.4911381E-01
9.586223E-08,-1.4911381E-01
9.591223E-08,-1.4916652E-01
9.596223E-08,-1.4916652E-01
9.601223E-08,-1.4916652E-01
9.606223E-08,-1.4916652E-01
9.611223E-08,-1.4921923E-01
9.616223E-08,-1.4921923E-01
9.621223E-08,-1.4921923E-01
9.626223E-08,-1.4927194E-01
9.631223E-08,-1.4927194E-01
9.636223E-08,-1.4927194E-01
9.641223E-08,-1.4932464E-01
9.646223E-08,-1.4932464E-01
9.651223E-08,-1.4937735E-01
9.656223E-08,-1.4937735E-01
9.661223E-08,-1.4943006E-01
9.666223E-08,-1.4948277E-01
9.671223E-08,-1.4948277E-01
9.676223E-08,-1.4953548E-01
9.681223E-08,-1.4953548E-01
9.686223E-08,-1.4958819E-01
9.691223E-08,-1.4964090E-01
9.696223E-08,-1.4964090E-01
9.701223E-08,-1.4969361E-01
9.706223E-08,-1.4969361E-01
9.711223E-08,-1.4974632E-01
9.716223E-08,-1.4974632E-01
9.721223E-08,-1.4974632E-01
9.726223E-08,-1.4974632E-01
9.731223E-08,-1.4979903E-01
9.736223E-08,-1.4979903E-01
9.741223E-08,-1.4979903E-01
9.746223E-08,-1.4974632E-01
9.751223E-08,-1.4974632E-01
9.756223E-08,-1.4974632E-01
9.761223E-08,-1.4969361E-01
9.766223E-08,-1.4969361E-01
9.771223E-08,-1.4964090E-01
9.776223E-08,-1.4958819E-01
9.781223E-08,-1.4958819E-01
9.786223E-08,-1.4953548E-01
9.791223E-08,-1.4948277E-01
9.796223E-08,-1.4943006E-01
9.801223E-08,-1.4937735E-01
9.806223E-08,-1.4932464E-01
9.811223E-08,-1.4921923E-01
9.816223E-08,-1.4916652E-01
9.821223E-08,-1.4911381E-01
9.826223E-08,-1.4906110E-01
9.831223E-08,-1.4895568E-01
9.836223E-08,-1.4890297E-01
9.841223E-08,-1.4885026E-01
9.846223E-08,-1.4879755E-01
9.851223E-08,-1.4874485E-01
9.856223E-08,-1.4869214E-01
9.861223E-08,-1.4863943E-01
9.866223E-08,-1.4858672E-01
9.871223E-08,-1.4853401E-01
9.876223E-08,-1.4853401E-01
9.881223E-08,-1.4848130E-01
9.886223E-08,-1.4848130E-01
9.891223E-08,-1.4842859E-01
9.896223E-08,-1.4842859E-01
9.901223E-08,-1.4842859E-01
9.906223E-08,-1.4842859E-01
9.911223E-08,-1.4842859E-01
9.916223E-08,-1.4842859E-01
9.921223E-08,-1.4842859E-01
9.926223E-08,-1.4848130E-01
9.931223E-08,-1.4848130E-01
9.936223E-08,-1.4848130E-01
9.941223E-08,-1.4853401E-01
9.946223E-08,-1.4853401E-01
9.951223E-08,-1.4858672E-01
9.956223E-08,-1.4858672E-01
9.961223E-08,-1.4858672E-01
9.966223E-08,-1.4863943E-01
9.971223E-08,-1.4863943E-01
9.976223E-08,-1.4869214E-01
9.981223E-08,-1.4869214E-01
9.986223E-08,-1.4869214E-01
9.991223E-08,-1.4869214E-01
9.996223E-08,-1.4874485E-01
1.0001223E-07,-1.4874485E-01
1.0006223E-07,-1.4874485E-01
1.0011223E-07,-1.4874485E-01
1.0016223E-07,-1.4874485E-01
1.0021223E-07,-1.4869214E-01
1.0026223E-07,-1.4869214E-01
1.0031223E-07,-1.4869214E-01
1.0036223E-07,-1.4869214E-01
1.0041223E-07,-1.4869214E-01
1.0046223E-07,-1.4863943E-01
1.0051223E-07,-1.4863943E-01
1.0056223E-07,-1.4863943E-01
1.0061223E-07,-1.4858672E-01
1.0066223E-07,-1.4858672E-01
1.0071223E-07,-1.4853401E-01
1.0076223E-07,-1.4853401E-01
1.0081223E-07,-1.4853401E-01
1.0086223E-07,-1.4853401E-01
1.0091223E-07,-1.4853401E-01
1.0096223E-07,-1.4848130E-01
1.0101223E-07,-1.4848130E-01
1.0106223E-07,-1.4848130E-01
1.0111223E-07,-1.4848130E-01
1.0116223E-07,-1.4848130E-01
1.0121223E-07,-1.4848130E-01
1.0126223E-07,-1.4853401E-01
1.0131223E-07,-1.4853401E-01
1.0136223E-07,-1.4853401E-01
1.0141223E-07,-1.4853401E-01
1.0146223E-07,-1.4853401E-01
1.0151223E-07,-1.4858672E-01
1.0156223E-07,-1.4858672E-01
1.0161223E-07,-1.4858672E-01
1.0166223E-07,-1.4863943E-01
1.0171223E-07,-1.4863943E-01
1.0176223E-07,-1.4863943E-01
1.0181223E-07,-1.4863943E-01
1.0186223E-07,-1.4863943E-01
1.0191223E-07,-1.4863943E-01
1.0196223E-07,-1.4869214E-01
1.0201223E-07,-1.4869214E-01
1.0206223E-07,-1.4869214E-01
1.0211223E-07,-1.4869214E-01
1.0216223E-07,-1.4869214E-01
1.0221223E-07,-1.4869214E-01
1.0226223E-07,-1.4869214E-01
1.0231223E-07,-1.4863943E-01
1.0236223E-07,-1.4863943E-01
1.0241223E-07,-1.4863943E-01
1.0246223E-07,-1.4863943E-01
1.0251223E-07,-1.4863943E-01
1.0256223E-07,-1.4863943E-01
1.0261223E-07,-1.4858672E-01
1.0266223E-07,-1.4858672E-01
1.0271223E-07,-1.4858672E-01
1.0276223E-07,-1.4858672E-01
1.0281223E-07,-1.4853401E-01
1.0286223E-07,-1.4853401E-01
1.0291223E-07,-1.4853401E-01
1.0296223E-07,-1.4853401E-01
1.0301223E-07,-1.4853401E-01
1.0306223E-07,-1.4853401E-01
1.0311223E-07,-1.4853401E-01
1.0316223E-07,-1.4853401E-01
1.0321223E-07,-1.4853401E-01
1.0326223E-07,-1.4853401E-01
1.0331223E-07,-1.4853401E-01
1.0336223E-07,-1.4853401E-01
1.0341223E-07,-1.4853401E-01
1.0346223E-07,-1.4853401E-01
1.0351223E-07,-1.4853401E-01
1.0356223E-07,-1.4853401E-01
1.0361223E-07,-1.4853401E-01
1.0366223E-07,-1.4858672E-01
1.0371223E-07,-1.4858672E-01
1.0376223E-07,-1.4858672E-01
1.0381223E-07,-1.4858672E-01
1.0386223E-07,-1.4858672E-01
1.0391223E-07,-1.4858672E-01
1.0396223E-07,-1.4858672E-01
1.0401223E-07,-1.4858672E-01
1.0406223E-07,-1.4858672E-01
1.0411223E-07,-1.4858672E-01
1.0416223E-07,-1.4853401E-01
1.0421223E-07,-1.4853401E-01
1.0426223E-07,-1.4853401E-01
1.0431223E-07,-1.4853401E-01
1.0436223E-07,-1.4853401E-01
1.0441223E-07,-1.4848130E-01
1.0446223E-07,-1.4848130E-01
1.0451223E-07,-1.4848130E-01
1.0456223E-07,-1.4848130E-01
1.0461223E-07,-1.4842859E-01
1.0466223E-07,-1.4842859E-01
1.0471223E-07,-1.4842859E-01
1.0476223E-07,-1.4842859E-01
1.0481223E-07,-1.4837588E-01
1.0486223E-07,-1.4837588E-01
1.0491223E-07,-1.4837588E-01
1.0496223E-07,-1.4837588E-01
1.0501223E-07,-1.4832317E-01
1.0506223E-07,-1.4832317E-01
1.0511223E-07,-1.4832317E-01
1.0516223E-07,-1.4832317E-01
1.0521223E-07,-1.4827046E-01
1.0526223E-07,-1.4827046E-01
1.0531223E-07,-1.4827046E-01
1.0536223E-07,-1.4827046E-01
1.0541223E-07,-1.4827046E-01
1.0546223E-07,-1.4821776E-01
1.0551223E-07,-1.4821776E-01
1.0556223E-07,-1.4821776E-01
1.0561223E-07,-1.4821776E-01
1.0566223E-07,-1.4821776E-01
1.0571223E-07,-1.4816505E-01
1.0576223E-07,-1.4816505E-01
1.0581223E-07,-1.4816505E-01
1.0586223E-07,-1.4816505E-01
1.0591223E-07,-1.4816505E-01
1.0596223E-07,-1.4816505E-01
1.0601223E-07,-1.4816505E-01
1.0606223E-07,-1.4816505E-01
1.0611223E-07,-1.4816505E-01
1.0616223E-07,-1.4816505E-01
1.0621223E-07,-1.4816505E-01
1.0626223E-07,-1.4816505E-01
1.0631223E-07,-1.4816505E-01
1.0636223E-07,-1.4821776E-01
1.0641223E-07,-1.4821776E-01
1.0646223E-07,-1.4821776E-01
1.0651223E-07,-1.4827046E-01
1.0656223E-07,-1.4827046E-01
1.0661223E-07,-1.4832317E-01
1.0666223E-07,-1.4837588E-01
1.0671223E-07,-1.4837588E-01
1.0676223E-07,-1.4842859E-01
1.0681223E-07,-1.4848130E-01
1.0686223E-07,-1.4853401E-01
1.0691223E-07,-1.4858672E-01
1.0696223E-07,-1.4863943E-01
1.0701223E-07,-1.4863943E-01
1.0706223E-07,-1.4869214E-01
1.0711223E-07,-1.4874485E-01
1.0716223E-07,-1.4879755E-01
1.0721223E-07,-1.4885026E-01
1.0726223E-07,-1.4890297E-01
1.0731223E-07,-1.4890297E-01
1.0736223E-07,-1.4895568E-01
1.0741223E-07,-1.4895568E-01
1.0746223E-07,-1.4900839E-01
1.0751223E-07,-1.4900839E-01
1.0756223E-07,-1.4900839E-01
1.0761223E-07,-1.4906110E-01
1.0766223E-07,-1.4906110E-01
1.0771223E-07,-1.4906110E-01
1.0776223E-07,-1.4900839E-01
1.0781223E-07,-1.4900839E-01
1.0786223E-07,-1.4900839E-01
1.0791223E-07,-1.4895568E-01
1.0796223E-07,-1.4895568E-01
1.0801223E-07,-1.4890297E-01
1.0806223E-07,-1.4890297E-01
1.0811223E-07,-1.4885026E-01
1.0816223E-07,-1.4885026E-01
1.0821223E-07,-1.4879755E-01
1.0826223E-07,-1.4874485E-01
1.0831223E-07,-1.4874485E-01
1.0836223E-07,-1.4869214E-01
1.0841223E-07,-1.4863943E-01
1.0846223E-07,-1.4863943E-01
1.0851223E-07,-1.4858672E-01
1.0856223E-07,-1.4858672E-01
1.0861223E-07,-1.4853401E-01
1.0866223E-07,-1.4853401E-01
1.0871223E-07,-1.4853401E-01
1.0876223E-07,-1.4853401E-01
1.0881223E-07,-1.4848130E-01
1.0886223E-07,-1.4848130E-01
1.0891223E-07,-1.4848130E-01
1.0896223E-07,-1.4853401E-01
1.0901223E-07,-1.4853401E-01
1.0906223E-07,-1.4853401E-01
1.0911223E-07,-1.4853401E-01
1.0916223E-07,-1.4858672E-01
1.0921223E-07,-1.4858672E-01
1.0926223E-07,-1.4858672E-01
1.0931223E-07,-1.4858672E-01
1.0936223E-07,-1.4863943E-01
1.0941223E-07,-1.4863943E-01
1.0946223E-07,-1.4863943E-01
1.0951223E-07,-1.4863943E-01
1.0956223E-07,-1.4863943E-01
1.0961223E-07,-1.4863943E-01
1.0966223E-07,-1.4863943E-01
1.0971223E-07,-1.4863943E-01
1.0976223E-07,-1.4858672E-01
1.0981223E-07,-1.4858672E-01
1.0986223E-07,-1.4858672E-01
1.0991223E-07,-1.4853401E-01
1.0996223E-07,-1.4848130E-01
1.1001223E-07,-1.4848130E-01
1.1006223E-07,-1.4842859E-01
1.1011223E-07,-1.4837588E-01
1.1016223E-07,-1.4832317E-01
1.1021223E-07,-1.4827046E-01
1.1026223E-07,-1.4827046E-01
1.1031223E-07,-1.4821776E-01
1.1036223E-07,-1.4816505E-01
1.1041223E-07,-1.4811234E-01
1.1046223E-07,-1.4805963E-01
1.1051223E-07,-1.4805963E-01
1.1056223E-07,-1.4800692E-01
1.1061223E-07,-1.4800692E-01
1.1066223E-07,-1.4795421E-01
1.1071223E-07,-1.4795421E-01
1.1076223E-07,-1.4795421E-01
1.1081223E-07,-1.4795421E-01
1.1086223E-07,-1.4795421E-01
1.1091223E-07,-1.4795421E-01
1.1096223E-07,-1.4800692E-01
1.1101223E-07,-1.4800692E-01
1.1106223E-07,-1.4805963E-01
1.1111223E-07,-1.4811234E-01
1.1116223E-07,-1.4816505E-01
1.1121223E-07,-1.4821776E-01
1.1126223E-07,-1.4827046E-01
1.1131223E-07,-1.4832317E-01
1.1136223E-07,-1.4842859E-01
1.1141223E-07,-1.4848130E-01
1.1146223E-07,-1.4858672E-01
1.1151223E-07,-1.4863943E-01
1.1156223E-07,-1.4874485E-01
1.1161223E-07,-1.4885026E-01
1.1166223E-07,-1.4890297E-01
1.1171223E-07,-1.4900839E-01
1.1176223E-07,-1.4906110E-01
1.1181223E-07,-1.4916652E-01
1.1186223E-07,-1.4921923E-01
1.1191223E-07,-1.4927194E-01
1.1196223E-07,-1.4937735E-01
1.1201223E-07,-1.4943006E-01
1.1206223E-07,-1.4948277E-01
1.1211223E-07,-1.4953548E-01
1.1216223E-07,-1.4958819E-01
1.1221223E-07,-1.4958819E-01
1.1226223E-07,-1.4964090E-01
1.1231223E-07,-1.4969361E-01
1.1236223E-07,-1.4969361E-01
1.1241223E-07,-1.4969361E-01
1.1246223E-07,-1.4974632E-01
1.1251223E-07,-1.4974632E-01
1.1256223E-07,-1.4974632E-01
1.1261223E-07,-1.4974632E-01
1.1266223E-07,-1.4974632E-01
1.1271223E-07,-1.4974632E-01
1.1276223E-07,-1.4969361E-01
1.1281223E-07,-1.4969361E-01
1.1286223E-07,-1.4969361E-01
1.1291223E-07,-1.4964090E-01
1.1296223E-07,-1.4964090E-01
1.1301223E-07,-1.4958819E-01
1.1306223E-07,-1.4958819E-01
1.1311223E-07,-1.4958819E-01
1.1316223E-07,-1.4953548E-01
1.1321223E-07,-1.4953548E-01
1.1326223E-07,-1.4948277E-01
1.1331223E-07,-1.4943006E-01
1.1336223E-07,-1.4943006E-01
1.1341223E-07,-1.4937735E-01
1.1346223E-07,-1.4937735E-01
1.1351223E-07,-1.4932464E-01
1.1356223E-07,-1.4932464E-01
1.1361223E-07,-1.4932464E-01
1.1366223E-07,-1.4927194E-01
1.1371223E-07,-1.4927194E-01
1.1376223E-07,-1.4921923E-01
1.1381223E-07,-1.4921923E-01
1.1386223E-07,-1.4916652E-01
1.1391223E-07,-1.4916652E-01
1.1396223E-07,-1.4911381E-01
1.1401223E-07,-1.4911381E-01
1.1406223E-07,-1.4906110E-01
1.1411223E-07,-1.4906110E-01
1.1416223E-07,-1.4900839E-01
1.1421223E-07,-1.4900839E-01
1.1426223E-07,-1.4895568E-01
1.1431223E-07,-1.4895568E-01
1.1436223E-07,-1.4890297E-01
1.1441223E-07,-1.4890297E-01
1.1446223E-07,-1.4890297E-01
1.1451223E-07,-1.4885026E-01
1.1456223E-07,-1.4885026E-01
1.1461223E-07,-1.4879755E-01
1.1466223E-07,-1.4879755E-01
1.1471223E-07,-1.4879755E-01
1.1476223E-07,-1.4879755E-01
1.1481223E-07,-1.4874485E-01
1.1486223E-07,-1.4874485E-01
1.1491223E-07,-1.4874485E-01
1.1496223E-07,-1.4874485E-01
1.1501223E-07,-1.4874485E-01
1.1506223E-07,-1.4874485E-01
1.1511223E-07,-1.4869214E-01
1.1516223E-07,-1.4869214E-01
1.1521223E-07,-1.4869214E-01
1.1526223E-07,-1.4869214E-01
1.1531223E-07,-1.4869214E-01
1.1536223E-07,-1.4869214E-01
1.1541223E-07,-1.4869214E-01
1.1546223E-07,-1.4863943E-01
1.1551223E-07,-1.4863943E-01
1.1556223E-07,-1.4863943E-01
1.1561223E-07,-1.4863943E-01
1.1566223E-07,-1.4863943E-01
1.1571223E-07,-1.4858672E-01
1.1576223E-07,-1.4858672E-01
1.1581223E-07,-1.4858672E-01
1.1586223E-07,-1.4858672E-01
1.1591223E-07,-1.4858672E-01
1.1596223E-07,-1.4853401E-01
1.1601223E-07,-1.4853401E-01
1.1606223E-07,-1.4853401E-01
1.1611223E-07,-1.4853401E-01
1.1616223E-07,-1.4853401E-01
1.1621223E-07,-1.4848130E-01
1.1626223E-07,-1.4848130E-01
1.1631223E-07,-1.4848130E-01
1.1636223E-07,-1.4848130E-01
1.1641223E-07,-1.4848130E-01
1.1646223E-07,-1.4848130E-01
1.1651223E-07,-1.4848130E-01
1.1656223E-07,-1.4848130E-01
1.1661223E-07,-1.4848130E-01
1.1666223E-07,-1.4853401E-01
1.1671223E-07,-1.4853401E-01
1.1676223E-07,-1.4853401E-01
1.1681223E-07,-1.4853401E-01
1.1686223E-07,-1.4858672E-01
1.1691223E-07,-1.4858672E-01
1.1696223E-07,-1.4858672E-01
1.1701223E-07,-1.4863943E-01
1.1706223E-07,-1.4863943E-01
1.1711223E-07,-1.4869214E-01
1.1716223E-07,-1.4869214E-01
1.1721223E-07,-1.4869214E-01
1.1726223E-07,-1.4874485E-01
1.1731223E-07,-1.4874485E-01
1.1736223E-07,-1.4874485E-01
1.1741223E-07,-1.4879755E-01
1.1746223E-07,-1.4879755E-01
1.1751223E-07,-1.4879755E-01
1.1756223E-07,-1.4879755E-01
1.1761223E-07,-1.4879755E-01
1.1766223E-07,-1.4885026E-01
1.1771223E-07,-1.4885026E-01
1.1776223E-07,-1.4885026E-01
1.1781223E-07,-1.4885026E-01
1.1786223E-07,-1.4885026E-01
1.1791223E-07,-1.4885026E-01
1.1796223E-07,-1.4879755E-01
1.1801223E-07,-1.4879755E-01
1.1806223E-07,-1.4879755E-01
1.1811223E-07,-1.4879755E-01
1.1816223E-07,-1.4879755E-01
1.1821223E-07,-1.4879755E-01
1.1826223E-07,-1.4879755E-01
1.1831223E-07,-1.4879755E-01
1.1836223E-07,-1.4879755E-01
1.1841223E-07,-1.4879755E-01
1.1846223E-07,-1.4879755E-01
1.1851223E-07,-1.4879755E-01
1.1856223E-07,-1.4879755E-01
1.1861223E-07,-1.4879755E-01
1.1866223E-07,-1.4879755E-01
1.1871223E-07,-1.4885026E-01
1.1876223E-07,-1.4885026E-01
1.1881223E-07,-1.4885026E-01
1.1886223E-07,-1.4890297E-01
1.1891223E-07,-1.4890297E-01
1.1896223E-07,-1.4895568E-01
1.1901223E-07,-1.4895568E-01
1.1906223E-07,-1.4900839E-01
1.1911223E-07,-1.4900839E-01
1.1916223E-07,-1.4906110E-01
1.1921223E-07,-1.4906110E-01
1.1926223E-07,-1.4911381E-01
1.1931223E-07,-1.4916652E-01
1.1936223E-07,-1.4916652E-01
1.1941223E-07,-1.4921923E-01
1.1946223E-07,-1.4921923E-01
1.1951223E-07,-1.4927194E-01
1.1956223E-07,-1.4927194E-01
1.1961223E-07,-1.4927194E-01
1.1966223E-07,-1.4927194E-01
1.1971223E-07,-1.4932464E-01
1.1976223E-07,-1.4932464E-01
1.1981223E-07,-1.4932464E-01
1.1986223E-07,-1.4932464E-01
1.1991223E-07,-1.4932464E-01
1.1996223E-07,-1.4927194E-01
1.2001223E-07,-1.4927194E-01
1.2006223E-07,-1.4927194E-01
1.2011223E-07,-1.4921923E-01
1.2016223E-07,-1.4921923E-01
1.2021223E-07,-1.4921923E-01
1.2026223E-07,-1.4916652E-01
1.2031223E-07,-1.4916652E-01
1.2036223E-07,-1.4911381E-01
1.2041223E-07,-1.4911381E-01
1.2046223E-07,-1.4906110E-01
1.2051223E-07,-1.4900839E-01
1.2056223E-07,-1.4900839E-01
1.2061223E-07,-1.4895568E-01
1.2066223E-07,-1.4895568E-01
1.2071223E-07,-1.4890297E-01
1.2076223E-07,-1.4890297E-01
1.2081223E-07,-1.4890297E-01
1.2086223E-07,-1.4885026E-01
1.2091223E-07,-1.4885026E-01
1.2096223E-07,-1.4885026E-01
1.2101223E-07,-1.4885026E-01
1.2106223E-07,-1.4885026E-01
1.2111223E-07,-1.4885026E-01
1.2116223E-07,-1.4885026E-01
1.2121223E-07,-1.4885026E-01
1.2126223E-07,-1.4885026E-01
1.2131223E-07,-1.4885026E-01
1.2136223E-07,-1.4885026E-01
1.2141223E-07,-1.4885026E-01
1.2146223E-07,-1.4885026E-01
1.2151223E-07,-1.4885026E-01
1.2156223E-07,-1.4885026E-01
1.2161223E-07,-1.4890297E-01
1.2166223E-07,-1.4890297E-01
1.2171223E-07,-1.4890297E-01
1.2176223E-07,-1.4890297E-01
1.2181223E-07,-1.4890297E-01
1.2186223E-07,-1.4890297E-01
1.2191223E-07,-1.4890297E-01
1.2196223E-07,-1.4890297E-01
1.2201223E-07,-1.4885026E-01
1.2206223E-07,-1.4885026E-01
1.2211223E-07,-1.4885026E-01
1.2216223E-07,-1.4885026E-01
1.2221223E-07,-1.4879755E-01
1.2226223E-07,-1.4879755E-01
1.2231223E-07,-1.4879755E-01
1.2236223E-07,-1.4874485E-01
1.2241223E-07,-1.4874485E-01
1.2246223E-07,-1.4874485E-01
1.2251223E-07,-1.4869214E-01
1.2256223E-07,-1.4869214E-01
1.2261223E-07,-1.4869214E-01
1.2266223E-07,-1.4863943E-01
1.2271223E-07,-1.4863943E-01
1.2276223E-07,-1.4863943E-01
1.2281223E-07,-1.4863943E-01
1.2286223E-07,-1.4863943E-01
1.2291223E-07,-1.4863943E-01
1.2296223E-07,-1.4863943E-01
1.2301223E-07,-1.4863943E-01
1.2306223E-07,-1.4869214E-01
1.2311223E-07,-1.4869214E-01
1.2316223E-07,-1.4874485E-01
1.2321223E-07,-1.4874485E-01
1.2326223E-07,-1.4879755E-01
1.2331223E-07,-1.4879755E-01
1.2336223E-07,-1.4885026E-01
1.2341223E-07,-1.4890297E-01
1.2346223E-07,-1.4895568E-01
1.2351223E-07,-1.4900839E-01
1.2356223E-07,-1.4900839E-01
1.2361223E-07,-1.4906110E-01
1.2366223E-07,-1.4911381E-01
1.2371223E-07,-1.4916652E-01
1.2376223E-07,-1.4921923E-01
1.2381223E-07,-1.4927194E-01
1.2386223E-07,-1.4932464E-01
1.2391223E-07,-1.4932464E-01
1.2396223E-07,-1.4937735E-01
1.2401223E-07,-1.4943006E-01
1.2406223E-07,-1.4943006E-01
1.2411223E-07,-1.4948277E-01
1.2416223E-07,-1.4948277E-01
1.2421223E-07,-1.4953548E-01
1.2426223E-07,-1.4953548E-01
1.2431223E-07,-1.4953548E-01
1.2436223E-07,-1.4953548E-01
1.2441223E-07,-1.4953548E-01
1.2446223E-07,-1.4953548E-01
1.2451223E-07,-1.4948277E-01
1.2456223E-07,-1.4948277E-01
1.2461223E-07,-1.4948277E-01
1.2466223E-07,-1.4943006E-01
1.2471223E-07,-1.4943006E-01
1.2476223E-07,-1.4937735E-01
1.2481223E-07,-1.4937735E-01
1.2486223E-07,-1.4932464E-01
1.2491223E-07,-1.4927194E-01
1.2496223E-07,-1.4921923E-01
1.2501223E-07,-1.4921923E-01
1.2506223E-07,-1.4916652E-01
1.2511223E-07,-1.4911381E-01
1.2516223E-07,-1.4906110E-01
1.2521223E-07,-1.4906110E-01
1.2526223E-07,-1.4900839E-01
1.2531223E-07,-1.4895568E-01
1.2536223E-07,-1.4890297E-01
1.2541223E-07,-1.4890297E-01
1.2546223E-07,-1.4885026E-01
1.2551223E-07,-1.4885026E-01
1.2556223E-07,-1.4879755E-01
1.2561223E-07,-1.4879755E-01
1.2566223E-07,-1.4874485E-01
1.2571223E-07,-1.4874485E-01
1.2576223E-07,-1.4874485E-01
1.2581223E-07,-1.4869214E-01
1.2586223E-07,-1.4869214E-01
1.2591223E-07,-1.4869214E-01
1.2596223E-07,-1.4869214E-01
1.2601223E-07,-1.4863943E-01
1.2606223E-07,-1.4863943E-01
1.2611223E-07,-1.4863943E-01
1.2616223E-07,-1.4863943E-01
1.2621223E-07,-1.4863943E-01
1.2626223E-07,-1.4863943E-01
1.2631223E-07,-1.4863943E-01
1.2636223E-07,-1.4863943E-01
1.2641223E-07,-1.4863943E-01
1.2646223E-07,-1.4863943E-01
1.2651223E-07,-1.4863943E-01
1.2656223E-07,-1.4863943E-01
1.2661223E-07,-1.4863943E-01
1.2666223E-07,-1.4863943E-01
1.2671223E-07,-1.4863943E-01
1.2676223E-07,-1.4863943E-01
1.2681223E-07,-1.4863943E-01
1.2686223E-07,-1.4869214E-01
1.2691223E-07,-1.4869214E-01
1.2696223E-07,-1.4869214E-01
1.2701223E-07,-1.4869214E-01
1.2706223E-07,-1.4869214E-01
1.2711223E-07,-1.4869214E-01
1.2716223E-07,-1.4874485E-01
1.2721223E-07,-1.4874485E-01
1.2726223E-07,-1.4874485E-01
1.2731223E-07,-1.4874485E-01
1.2736223E-07,-1.4879755E-01
1.2741223E-07,-1.4879755E-01
1.2746223E-07,-1.4879755E-01
1.2751223E-07,-1.4885026E-01
1.2756223E-07,-1.4885026E-01
1.2761223E-07,-1.4885026E-01
1.2766223E-07,-1.4890297E-01
1.2771223E-07,-1.4890297E-01
1.2776223E-07,-1.4895568E-01
1.2781223E-07,-1.4895568E-01
1.2786223E-07,-1.4895568E-01
1.2791223E-07,-1.4900839E-01
1.2796223E-07,-1.4900839E-01
1.2801223E-07,-1.4906110E-01
1.2806223E-07,-1.4906110E-01
1.2811223E-07,-1.4906110E-01
1.2816223E-07,-1.4911381E-01
1.2821223E-07,-1.4911381E-01
1.2826223E-07,-1.4916652E-01
1.2831223E-07,-1.4916652E-01
1.2836223E-07,-1.4921923E-01
1.2841223E-07,-1.4921923E-01
1.2846223E-07,-1.4927194E-01
1.2851223E-07,-1.4927194E-01
1.2856223E-07,-1.4927194E-01
1.2861223E-07,-1.4932464E-01
1.2866223E-07,-1.4932464E-01
1.2871223E-07,-1.4937735E-01
