-7.141569E-08,-1.4969361E-01
-7.136569E-08,-1.4969361E-01
-7.131569E-08,-1.4969361E-01
-7.126569E-08,-1.4964090E-01
-7.121569E-08,-1.4964090E-01
-7.116569E-08,-1.4958819E-01
-7.111569E-08,-1.4958819E-01
-7.106569E-08,-1.4953548E-01
-7.101569E-08,-1.4948277E-01
-7.096569E-08,-1.4943006E-01
-7.091569E-08,-1.4937735E-01
-7.086569E-08,-1.4932464E-01
-7.081569E-08,-1.4932464E-01
-7.076569E-08,-1.4927194E-01
-7.071569E-08,-1.4921923E-01
-7.066569E-08,-1.4916652E-01
-7.061569E-08,-1.4911381E-01
-7.056569E-08,-1.4906110E-01
-7.051569E-08,-1.4906110E-01
-7.046569E-08,-1.4900839E-01
-7.041569E-08,-1.4895568E-01
-7.036569E-08,-1.4895568E-01
-7.031569E-08,-1.4895568E-01
-7.026569E-08,-1.4890297E-01
-7.021569E-08,-1.4890297E-01
-7.016569E-08,-1.4890297E-01
-7.011569E-08,-1.4890297E-01
-7.006569E-08,-1.4895568E-01
-7.001569E-08,-1.4895568E-01
-6.996569E-08,-1.4895568E-01
-6.991569E-08,-1.4900839E-01
-6.986569E-08,-1.4900839E-01
-6.981569E-08,-1.4906110E-01
-6.976569E-08,-1.4911381E-01
-6.971569E-08,-1.4911381E-01
-6.966569E-08,-1.4916652E-01
-6.961569E-08,-1.4921923E-01
-6.956569E-08,-1.4927194E-01
-6.951569E-08,-1.4932464E-01
-6.946569E-08,-1.4937735E-01
-6.941569E-08,-1.4937735E-01
-6.936569E-08,-1.4943006E-01
-6.931569E-08,-1.4948277E-01
-6.926569E-08,-1.4953548E-01
-6.921569E-08,-1.4953548E-01
-6.916569E-08,-1.4958819E-01
-6.911569E-08,-1.4964090E-01
-6.906569E-08,-1.4964090E-01
-6.901569E-08,-1.4969361E-01
-6.896569E-08,-1.4969361E-01
-6.891569E-08,-1.4969361E-01
-6.886569E-08,-1.4974632E-01
-6.881569E-08,-1.4974632E-01
-6.876569E-08,-1.4974632E-01
-6.871569E-08,-1.4974632E-01
-6.866569E-08,-1.4974632E-01
-6.861569E-08,-1.4974632E-01
-6.856569E-08,-1.4974632E-01
-6.851569E-08,-1.4974632E-01
-6.846569E-08,-1.4974632E-01
-6.841569E-08,-1.4974632E-01
-6.836569E-08,-1.4974632E-01
-6.831569E-08,-1.4974632E-01
-6.826569E-08,-1.4969361E-01
-6.821569E-08,-1.4969361E-01
-6.816569E-08,-1.4969361E-01
-6.811569E-08,-1.4969361E-01
-6.806569E-08,-1.4969361E-01
-6.801569E-08,-1.4964090E-01
-6.796569E-08,-1.4964090E-01
-6.791569E-08,-1.4964090E-01
-6.786569E-08,-1.4964090E-01
-6.781569E-08,-1.4958819E-01
-6.776569E-08,-1.4958819E-01
-6.771569E-08,-1.4958819E-01
-6.766569E-08,-1.4958819E-01
-6.761569E-08,-1.4953548E-01
-6.756569E-08,-1.4953548E-01
-6.751569E-08,-1.4953548E-01
-6.746569E-08,-1.4948277E-01
-6.741569E-08,-1.4948277E-01
-6.736569E-08,-1.4948277E-01
-6.731569E-08,-1.4948277E-01
-6.726569E-08,-1.4943006E-01
-6.721569E-08,-1.4943006E-01
-6.716569E-08,-1.4943006E-01
-6.711569E-08,-1.4943006E-01
-6.706569E-08,-1.4937735E-01
-6.701569E-08,-1.4937735E-01
-6.696569E-08,-1.4937735E-01
-6.691569E-08,-1.4937735E-01
-6.686569E-08,-1.4937735E-01
-6.681569E-08,-1.4932464E-01
-6.676569E-08,-1.4932464E-01
-6.671569E-08,-1.4932464E-01
-6.666569E-08,-1.4932464E-01
-6.661569E-08,-1.4932464E-01
-6.656569E-08,-1.4932464E-01
-6.651569E-08,-1.4932464E-01
-6.646569E-08,-1.4932464E-01
-6.641569E-08,-1.4932464E-01
-6.636569E-08,-1.4932464E-01
-6.631569E-08,-1.4932464E-01
-6.626569E-08,-1.4932464E-01
-6.621569E-08,-1.4932464E-01
-6.616569E-08,-1.4932464E-01
-6.611569E-08,-1.4932464E-01
-6.606569E-08,-1.4932464E-01
-6.601569E-08,-1.4932464E-01
-6.596569E-08,-1.4932464E-01
-6.591569E-08,-1.4932464E-01
-6.586569E-08,-1.4932464E-01
-6.581569E-08,-1.4932464E-01
-6.576569E-08,-1.4932464E-01
-6.571569E-08,-1.4932464E-01
-6.566569E-08,-1.4932464E-01
-6.561569E-08,-1.4932464E-01
-6.556569E-08,-1.4927194E-01
-6.551569E-08,-1.4927194E-01
-6.546569E-08,-1.4927194E-01
-6.541569E-08,-1.4927194E-01
-6.536569E-08,-1.4927194E-01
-6.531569E-08,-1.4927194E-01
-6.526569E-08,-1.4921923E-01
-6.521569E-08,-1.4921923E-01
-6.516569E-08,-1.4921923E-01
-6.511569E-08,-1.4921923E-01
-6.506569E-08,-1.4921923E-01
-6.501569E-08,-1.4916652E-01
-6.496569E-08,-1.4916652E-01
-6.491569E-08,-1.4916652E-01
-6.486569E-08,-1.4911381E-01
-6.481569E-08,-1.4911381E-01
-6.476569E-08,-1.4911381E-01
-6.471569E-08,-1.4911381E-01
-6.466569E-08,-1.4906110E-01
-6.461569E-08,-1.4906110E-01
-6.456569E-08,-1.4906110E-01
-6.451569E-08,-1.4900839E-01
-6.446569E-08,-1.4900839E-01
-6.441569E-08,-1.4900839E-01
-6.436569E-08,-1.4900839E-01
-6.431569E-08,-1.4895568E-01
-6.426569E-08,-1.4895568E-01
-6.421569E-08,-1.4895568E-01
-6.416569E-08,-1.4895568E-01
-6.411569E-08,-1.4890297E-01
-6.406569E-08,-1.4890297E-01
-6.401569E-08,-1.4890297E-01
-6.396569E-08,-1.4890297E-01
-6.391569E-08,-1.4890297E-01
-6.386569E-08,-1.4885026E-01
-6.381569E-08,-1.4885026E-01
-6.376569E-08,-1.4885026E-01
-6.371569E-08,-1.4885026E-01
-6.366569E-08,-1.4885026E-01
-6.361569E-08,-1.4890297E-01
-6.356569E-08,-1.4890297E-01
-6.351569E-08,-1.4890297E-01
-6.346569E-08,-1.4890297E-01
-6.341569E-08,-1.4895568E-01
-6.336569E-08,-1.4895568E-01
-6.331569E-08,-1.4900839E-01
-6.326569E-08,-1.4900839E-01
-6.321569E-08,-1.4906110E-01
-6.316569E-08,-1.4906110E-01
-6.311569E-08,-1.4911381E-01
-6.306569E-08,-1.4916652E-01
-6.301569E-08,-1.4921923E-01
-6.296569E-08,-1.4927194E-01
-6.291569E-08,-1.4932464E-01
-6.286569E-08,-1.4937735E-01
-6.281569E-08,-1.4943006E-01
-6.276569E-08,-1.4948277E-01
-6.271569E-08,-1.4953548E-01
-6.266569E-08,-1.4958819E-01
-6.261569E-08,-1.4964090E-01
-6.256569E-08,-1.4964090E-01
-6.251569E-08,-1.4969361E-01
-6.246569E-08,-1.4974632E-01
-6.241569E-08,-1.4979903E-01
-6.236569E-08,-1.4985173E-01
-6.231569E-08,-1.4985173E-01
-6.226569E-08,-1.4990444E-01
-6.221569E-08,-1.4990444E-01
-6.216569E-08,-1.4990444E-01
-6.211569E-08,-1.4995715E-01
-6.206569E-08,-1.4995715E-01
-6.201569E-08,-1.4995715E-01
-6.196569E-08,-1.4995715E-01
-6.191569E-08,-1.4990444E-01
-6.186569E-08,-1.4990444E-01
-6.181569E-08,-1.4985173E-01
-6.176569E-08,-1.4985173E-01
-6.171569E-08,-1.4979903E-01
-6.166569E-08,-1.4979903E-01
-6.161569E-08,-1.4974632E-01
-6.156569E-08,-1.4969361E-01
-6.151569E-08,-1.4964090E-01
-6.146569E-08,-1.4964090E-01
-6.141569E-08,-1.4958819E-01
-6.136569E-08,-1.4953548E-01
-6.131569E-08,-1.4953548E-01
-6.126569E-08,-1.4948277E-01
-6.121569E-08,-1.4943006E-01
-6.116569E-08,-1.4943006E-01
-6.111569E-08,-1.4943006E-01
-6.106569E-08,-1.4937735E-01
-6.101569E-08,-1.4937735E-01
-6.096569E-08,-1.4937735E-01
-6.091569E-08,-1.4937735E-01
-6.086569E-08,-1.4937735E-01
-6.081569E-08,-1.4937735E-01
-6.076569E-08,-1.4943006E-01
-6.071569E-08,-1.4943006E-01
-6.066569E-08,-1.4948277E-01
-6.061569E-08,-1.4948277E-01
-6.056569E-08,-1.4953548E-01
-6.051569E-08,-1.4958819E-01
-6.046569E-08,-1.4958819E-01
-6.041569E-08,-1.4964090E-01
-6.036569E-08,-1.4969361E-01
-6.031569E-08,-1.4969361E-01
-6.026569E-08,-1.4974632E-01
-6.021569E-08,-1.4979903E-01
-6.016569E-08,-1.4979903E-01
-6.011569E-08,-1.4985173E-01
-6.006569E-08,-1.4985173E-01
-6.001569E-08,-1.4990444E-01
-5.996569E-08,-1.4990444E-01
-5.991569E-08,-1.4990444E-01
-5.986569E-08,-1.4990444E-01
-5.981569E-08,-1.4995715E-01
-5.976569E-08,-1.4990444E-01
-5.971569E-08,-1.4990444E-01
-5.966569E-08,-1.4990444E-01
-5.961569E-08,-1.4990444E-01
-5.956569E-08,-1.4990444E-01
-5.951569E-08,-1.4985173E-01
-5.946569E-08,-1.4985173E-01
-5.941569E-08,-1.4979903E-01
-5.936569E-08,-1.4979903E-01
-5.931569E-08,-1.4974632E-01
-5.926569E-08,-1.4974632E-01
-5.921569E-08,-1.4974632E-01
-5.916569E-08,-1.4969361E-01
-5.911569E-08,-1.4969361E-01
-5.906569E-08,-1.4969361E-01
-5.901569E-08,-1.4969361E-01
-5.896569E-08,-1.4969361E-01
-5.891569E-08,-1.4969361E-01
-5.886569E-08,-1.4969361E-01
-5.881569E-08,-1.4969361E-01
-5.876569E-08,-1.4974632E-01
-5.871569E-08,-1.4974632E-01
-5.866569E-08,-1.4979903E-01
-5.861569E-08,-1.4985173E-01
-5.856569E-08,-1.4985173E-01
-5.851569E-08,-1.4990444E-01
-5.846569E-08,-1.4995715E-01
-5.841569E-08,-1.5000986E-01
-5.836569E-08,-1.5006257E-01
-5.831569E-08,-1.5011528E-01
-5.826569E-08,-1.5016799E-01
-5.821569E-08,-1.5022070E-01
-5.816569E-08,-1.5027341E-01
-5.811569E-08,-1.5032612E-01
-5.806569E-08,-1.5037883E-01
-5.801569E-08,-1.5037883E-01
-5.796569E-08,-1.5043153E-01
-5.791569E-08,-1.5048424E-01
-5.786569E-08,-1.5048424E-01
-5.781569E-08,-1.5048424E-01
-5.776569E-08,-1.5048424E-01
-5.771569E-08,-1.5048424E-01
-5.766569E-08,-1.5048424E-01
-5.761569E-08,-1.5048424E-01
-5.756569E-08,-1.5048424E-01
-5.751569E-08,-1.5043153E-01
-5.746569E-08,-1.5043153E-01
-5.741569E-08,-1.5037883E-01
-5.736569E-08,-1.5032612E-01
-5.731569E-08,-1.5027341E-01
-5.726569E-08,-1.5027341E-01
-5.721569E-08,-1.5022070E-01
-5.716569E-08,-1.5016799E-01
-5.711569E-08,-1.5011528E-01
-5.706569E-08,-1.5006257E-01
-5.701569E-08,-1.5000986E-01
-5.696569E-08,-1.4995715E-01
-5.691569E-08,-1.4990444E-01
-5.686569E-08,-1.4985173E-01
-5.681569E-08,-1.4985173E-01
-5.676569E-08,-1.4979903E-01
-5.671569E-08,-1.4974632E-01
-5.666569E-08,-1.4974632E-01
-5.661569E-08,-1.4969361E-01
-5.656569E-08,-1.4969361E-01
-5.651569E-08,-1.4969361E-01
-5.646569E-08,-1.4969361E-01
-5.641569E-08,-1.4969361E-01
-5.636569E-08,-1.4969361E-01
-5.631569E-08,-1.4969361E-01
-5.626569E-08,-1.4969361E-01
-5.621569E-08,-1.4969361E-01
-5.616569E-08,-1.4969361E-01
-5.611569E-08,-1.4969361E-01
-5.606569E-08,-1.4974632E-01
-5.601569E-08,-1.4974632E-01
-5.596569E-08,-1.4974632E-01
-5.591569E-08,-1.4974632E-01
-5.586569E-08,-1.4979903E-01
-5.581569E-08,-1.4979903E-01
-5.576569E-08,-1.4979903E-01
-5.571569E-08,-1.4979903E-01
-5.566569E-08,-1.4979903E-01
-5.561569E-08,-1.4979903E-01
-5.556569E-08,-1.4979903E-01
-5.551569E-08,-1.4979903E-01
-5.546569E-08,-1.4979903E-01
-5.541569E-08,-1.4979903E-01
-5.536569E-08,-1.4979903E-01
-5.531569E-08,-1.4979903E-01
-5.526569E-08,-1.4979903E-01
-5.521569E-08,-1.4974632E-01
-5.516569E-08,-1.4974632E-01
-5.511569E-08,-1.4974632E-01
-5.506569E-08,-1.4974632E-01
-5.501569E-08,-1.4974632E-01
-5.496569E-08,-1.4974632E-01
-5.491569E-08,-1.4969361E-01
-5.486569E-08,-1.4969361E-01
-5.481569E-08,-1.4969361E-01
-5.476569E-08,-1.4969361E-01
-5.471569E-08,-1.4969361E-01
-5.466569E-08,-1.4969361E-01
-5.461569E-08,-1.4969361E-01
-5.456569E-08,-1.4969361E-01
-5.451569E-08,-1.4969361E-01
-5.446569E-08,-1.4969361E-01
-5.441569E-08,-1.4964090E-01
-5.436569E-08,-1.4964090E-01
-5.431569E-08,-1.4964090E-01
-5.426569E-08,-1.4964090E-01
-5.421569E-08,-1.4964090E-01
-5.416569E-08,-1.4964090E-01
-5.411569E-08,-1.4964090E-01
-5.406569E-08,-1.4964090E-01
-5.401569E-08,-1.4958819E-01
-5.396569E-08,-1.4958819E-01
-5.391569E-08,-1.4958819E-01
-5.386569E-08,-1.4953548E-01
-5.381569E-08,-1.4953548E-01
-5.376569E-08,-1.4953548E-01
-5.371569E-08,-1.4948277E-01
-5.366569E-08,-1.4943006E-01
-5.361569E-08,-1.4943006E-01
-5.356569E-08,-1.4937735E-01
-5.351569E-08,-1.4937735E-01
-5.346569E-08,-1.4932464E-01
-5.341569E-08,-1.4927194E-01
-5.336569E-08,-1.4927194E-01
-5.331569E-08,-1.4921923E-01
-5.326569E-08,-1.4921923E-01
-5.321569E-08,-1.4916652E-01
-5.316569E-08,-1.4916652E-01
-5.311569E-08,-1.4911381E-01
-5.306569E-08,-1.4911381E-01
-5.301569E-08,-1.4911381E-01
-5.296569E-08,-1.4911381E-01
-5.291569E-08,-1.4911381E-01
-5.286569E-08,-1.4911381E-01
-5.281569E-08,-1.4911381E-01
-5.276569E-08,-1.4911381E-01
-5.271569E-08,-1.4916652E-01
-5.266569E-08,-1.4916652E-01
-5.261569E-08,-1.4921923E-01
-5.256569E-08,-1.4921923E-01
-5.251569E-08,-1.4927194E-01
-5.246569E-08,-1.4932464E-01
-5.241569E-08,-1.4937735E-01
-5.236569E-08,-1.4943006E-01
-5.231569E-08,-1.4948277E-01
-5.226569E-08,-1.4953548E-01
-5.221569E-08,-1.4958819E-01
-5.216569E-08,-1.4964090E-01
-5.211569E-08,-1.4969361E-01
-5.206569E-08,-1.4969361E-01
-5.201569E-08,-1.4974632E-01
-5.196569E-08,-1.4979903E-01
-5.191569E-08,-1.4985173E-01
-5.186569E-08,-1.4985173E-01
-5.181569E-08,-1.4990444E-01
-5.176569E-08,-1.4990444E-01
-5.171569E-08,-1.4995715E-01
-5.166569E-08,-1.4995715E-01
-5.161569E-08,-1.4995715E-01
-5.156569E-08,-1.4995715E-01
-5.151569E-08,-1.4995715E-01
-5.146569E-08,-1.4995715E-01
-5.141569E-08,-1.4995715E-01
-5.136569E-08,-1.4990444E-01
-5.131569E-08,-1.4990444E-01
-5.126569E-08,-1.4985173E-01
-5.121569E-08,-1.4985173E-01
-5.116569E-08,-1.4979903E-01
-5.111569E-08,-1.4974632E-01
-5.106569E-08,-1.4974632E-01
-5.101569E-08,-1.4969361E-01
-5.096569E-08,-1.4964090E-01
-5.091569E-08,-1.4964090E-01
-5.086569E-08,-1.4958819E-01
-5.081569E-08,-1.4953548E-01
-5.076569E-08,-1.4953548E-01
-5.071569E-08,-1.4948277E-01
-5.066569E-08,-1.4948277E-01
-5.061569E-08,-1.4943006E-01
-5.056569E-08,-1.4943006E-01
-5.051569E-08,-1.4937735E-01
-5.046569E-08,-1.4937735E-01
-5.041569E-08,-1.4937735E-01
-5.036569E-08,-1.4932464E-01
-5.031569E-08,-1.4932464E-01
-5.026569E-08,-1.4932464E-01
-5.021569E-08,-1.4932464E-01
-5.016569E-08,-1.4932464E-01
-5.011569E-08,-1.4932464E-01
-5.006569E-08,-1.4932464E-01
-5.001569E-08,-1.4932464E-01
-4.996569E-08,-1.4932464E-01
-4.991569E-08,-1.4932464E-01
-4.986569E-08,-1.4932464E-01
-4.981569E-08,-1.4932464E-01
-4.976569E-08,-1.4932464E-01
-4.971569E-08,-1.4937735E-01
-4.966569E-08,-1.4937735E-01
-4.961569E-08,-1.4937735E-01
-4.956569E-08,-1.4937735E-01
-4.951569E-08,-1.4937735E-01
-4.946569E-08,-1.4943006E-01
-4.941569E-08,-1.4943006E-01
-4.936569E-08,-1.4943006E-01
-4.931569E-08,-1.4943006E-01
-4.926569E-08,-1.4948277E-01
-4.921569E-08,-1.4948277E-01
-4.916569E-08,-1.4948277E-01
-4.911569E-08,-1.4953548E-01
-4.906569E-08,-1.4953548E-01
-4.901569E-08,-1.4958819E-01
-4.896569E-08,-1.4958819E-01
-4.891569E-08,-1.4964090E-01
-4.886569E-08,-1.4969361E-01
-4.881569E-08,-1.4969361E-01
-4.876569E-08,-1.4974632E-01
-4.871569E-08,-1.4979903E-01
-4.866569E-08,-1.4979903E-01
-4.861569E-08,-1.4985173E-01
-4.856569E-08,-1.4990444E-01
-4.851569E-08,-1.4995715E-01
-4.846569E-08,-1.5000986E-01
-4.841569E-08,-1.5000986E-01
-4.836569E-08,-1.5006257E-01
-4.831569E-08,-1.5011528E-01
-4.826569E-08,-1.5011528E-01
-4.821569E-08,-1.5016799E-01
-4.816569E-08,-1.5022070E-01
-4.811569E-08,-1.5022070E-01
-4.806569E-08,-1.5027341E-01
-4.801569E-08,-1.5027341E-01
-4.796569E-08,-1.5027341E-01
-4.791569E-08,-1.5027341E-01
-4.786569E-08,-1.5027341E-01
-4.781569E-08,-1.5027341E-01
-4.776569E-08,-1.5027341E-01
-4.771569E-08,-1.5027341E-01
-4.766569E-08,-1.5022070E-01
-4.761569E-08,-1.5022070E-01
-4.756569E-08,-1.5016799E-01
-4.751569E-08,-1.5011528E-01
-4.746569E-08,-1.5011528E-01
-4.741569E-08,-1.5006257E-01
-4.736569E-08,-1.5000986E-01
-4.731569E-08,-1.4995715E-01
-4.726569E-08,-1.4990444E-01
-4.721569E-08,-1.4985173E-01
-4.716569E-08,-1.4979903E-01
-4.711569E-08,-1.4974632E-01
-4.706569E-08,-1.4969361E-01
-4.701569E-08,-1.4964090E-01
-4.696569E-08,-1.4958819E-01
-4.691569E-08,-1.4953548E-01
-4.686569E-08,-1.4948277E-01
-4.681569E-08,-1.4943006E-01
-4.676569E-08,-1.4943006E-01
-4.671569E-08,-1.4937735E-01
-4.666569E-08,-1.4937735E-01
-4.661569E-08,-1.4932464E-01
-4.656569E-08,-1.4932464E-01
-4.651569E-08,-1.4932464E-01
-4.646569E-08,-1.4932464E-01
-4.641569E-08,-1.4932464E-01
-4.636569E-08,-1.4932464E-01
-4.631569E-08,-1.4932464E-01
-4.626569E-08,-1.4932464E-01
-4.621569E-08,-1.4937735E-01
-4.616569E-08,-1.4937735E-01
-4.611569E-08,-1.4943006E-01
-4.606569E-08,-1.4943006E-01
-4.601569E-08,-1.4948277E-01
-4.596569E-08,-1.4948277E-01
-4.591569E-08,-1.4953548E-01
-4.586569E-08,-1.4953548E-01
-4.581569E-08,-1.4958819E-01
-4.576569E-08,-1.4958819E-01
-4.571569E-08,-1.4958819E-01
-4.566569E-08,-1.4964090E-01
-4.561569E-08,-1.4964090E-01
-4.556569E-08,-1.4969361E-01
-4.551569E-08,-1.4969361E-01
-4.546569E-08,-1.4969361E-01
-4.541569E-08,-1.4969361E-01
-4.536569E-08,-1.4974632E-01
-4.531569E-08,-1.4974632E-01
-4.526569E-08,-1.4974632E-01
-4.521569E-08,-1.4974632E-01
-4.516569E-08,-1.4974632E-01
-4.511569E-08,-1.4974632E-01
-4.506569E-08,-1.4969361E-01
-4.501569E-08,-1.4969361E-01
-4.496569E-08,-1.4969361E-01
-4.491569E-08,-1.4969361E-01
-4.486569E-08,-1.4969361E-01
-4.481569E-08,-1.4964090E-01
-4.476569E-08,-1.4964090E-01
-4.471569E-08,-1.4964090E-01
-4.466569E-08,-1.4958819E-01
-4.461569E-08,-1.4958819E-01
-4.456569E-08,-1.4958819E-01
-4.451569E-08,-1.4953548E-01
-4.446569E-08,-1.4953548E-01
-4.441569E-08,-1.4953548E-01
-4.436569E-08,-1.4948277E-01
-4.431569E-08,-1.4948277E-01
-4.426569E-08,-1.4948277E-01
-4.421569E-08,-1.4943006E-01
-4.416569E-08,-1.4943006E-01
-4.411569E-08,-1.4937735E-01
-4.406569E-08,-1.4937735E-01
-4.401569E-08,-1.4937735E-01
-4.396569E-08,-1.4932464E-01
-4.391569E-08,-1.4932464E-01
-4.386569E-08,-1.4932464E-01
-4.381569E-08,-1.4932464E-01
-4.376569E-08,-1.4927194E-01
-4.371569E-08,-1.4927194E-01
-4.366569E-08,-1.4927194E-01
-4.361569E-08,-1.4921923E-01
-4.356569E-08,-1.4921923E-01
-4.351569E-08,-1.4921923E-01
-4.346569E-08,-1.4921923E-01
-4.341569E-08,-1.4921923E-01
-4.336569E-08,-1.4916652E-01
-4.331569E-08,-1.4916652E-01
-4.326569E-08,-1.4916652E-01
-4.321569E-08,-1.4916652E-01
-4.316569E-08,-1.4916652E-01
-4.311569E-08,-1.4916652E-01
-4.306569E-08,-1.4916652E-01
-4.301569E-08,-1.4916652E-01
-4.296569E-08,-1.4916652E-01
-4.291569E-08,-1.4916652E-01
-4.286569E-08,-1.4916652E-01
-4.281569E-08,-1.4916652E-01
-4.276569E-08,-1.4916652E-01
-4.271569E-08,-1.4921923E-01
-4.266569E-08,-1.4921923E-01
-4.261569E-08,-1.4921923E-01
-4.256569E-08,-1.4921923E-01
-4.251569E-08,-1.4927194E-01
-4.246569E-08,-1.4927194E-01
-4.241569E-08,-1.4927194E-01
-4.236569E-08,-1.4932464E-01
-4.231569E-08,-1.4932464E-01
-4.226569E-08,-1.4932464E-01
-4.221569E-08,-1.4937735E-01
-4.216569E-08,-1.4937735E-01
-4.211569E-08,-1.4937735E-01
-4.206569E-08,-1.4943006E-01
-4.201569E-08,-1.4943006E-01
-4.196569E-08,-1.4943006E-01
-4.191569E-08,-1.4948277E-01
-4.186569E-08,-1.4948277E-01
-4.181569E-08,-1.4948277E-01
-4.176569E-08,-1.4948277E-01
-4.171569E-08,-1.4948277E-01
-4.166569E-08,-1.4953548E-01
-4.161569E-08,-1.4953548E-01
-4.156569E-08,-1.4953548E-01
-4.151569E-08,-1.4953548E-01
-4.146569E-08,-1.4953548E-01
-4.141569E-08,-1.4953548E-01
-4.136569E-08,-1.4953548E-01
-4.131569E-08,-1.4953548E-01
-4.126569E-08,-1.4953548E-01
-4.121569E-08,-1.4958819E-01
-4.116569E-08,-1.4958819E-01
-4.111569E-08,-1.4958819E-01
-4.106569E-08,-1.4958819E-01
-4.101569E-08,-1.4964090E-01
-4.096569E-08,-1.4964090E-01
-4.091569E-08,-1.4964090E-01
-4.086569E-08,-1.4969361E-01
-4.081569E-08,-1.4969361E-01
-4.076569E-08,-1.4969361E-01
-4.071569E-08,-1.4974632E-01
-4.066569E-08,-1.4974632E-01
-4.061569E-08,-1.4979903E-01
-4.056569E-08,-1.4979903E-01
-4.051569E-08,-1.4985173E-01
-4.046569E-08,-1.4985173E-01
-4.041569E-08,-1.4990444E-01
-4.036569E-08,-1.4990444E-01
-4.031569E-08,-1.4995715E-01
-4.026569E-08,-1.4995715E-01
-4.021569E-08,-1.5000986E-01
-4.016569E-08,-1.5000986E-01
-4.011569E-08,-1.5006257E-01
-4.006569E-08,-1.5006257E-01
-4.001569E-08,-1.5011528E-01
-3.996569E-08,-1.5011528E-01
-3.991569E-08,-1.5011528E-01
-3.986569E-08,-1.5016799E-01
-3.981569E-08,-1.5016799E-01
-3.976569E-08,-1.5016799E-01
-3.971569E-08,-1.5016799E-01
-3.966569E-08,-1.5016799E-01
-3.961569E-08,-1.5022070E-01
-3.956569E-08,-1.5022070E-01
-3.951569E-08,-1.5022070E-01
-3.946569E-08,-1.5022070E-01
-3.941569E-08,-1.5022070E-01
-3.936569E-08,-1.5022070E-01
-3.931569E-08,-1.5022070E-01
-3.926569E-08,-1.5022070E-01
-3.921569E-08,-1.5016799E-01
-3.916569E-08,-1.5016799E-01
-3.911569E-08,-1.5016799E-01
-3.906569E-08,-1.5016799E-01
-3.901569E-08,-1.5016799E-01
-3.896569E-08,-1.5011528E-01
-3.891569E-08,-1.5011528E-01
-3.886569E-08,-1.5011528E-01
-3.881569E-08,-1.5006257E-01
-3.876569E-08,-1.5006257E-01
-3.871569E-08,-1.5000986E-01
-3.866569E-08,-1.5000986E-01
-3.861569E-08,-1.4995715E-01
-3.856569E-08,-1.4995715E-01
-3.851569E-08,-1.4990444E-01
-3.846569E-08,-1.4990444E-01
-3.841569E-08,-1.4985173E-01
-3.836569E-08,-1.4985173E-01
-3.831569E-08,-1.4979903E-01
-3.826569E-08,-1.4974632E-01
-3.821569E-08,-1.4969361E-01
-3.816569E-08,-1.4969361E-01
-3.811569E-08,-1.4964090E-01
-3.806569E-08,-1.4958819E-01
-3.801569E-08,-1.4958819E-01
-3.796569E-08,-1.4953548E-01
-3.791569E-08,-1.4948277E-01
-3.786569E-08,-1.4948277E-01
-3.781569E-08,-1.4943006E-01
-3.776569E-08,-1.4943006E-01
-3.771569E-08,-1.4937735E-01
-3.766569E-08,-1.4937735E-01
-3.761569E-08,-1.4937735E-01
-3.756569E-08,-1.4932464E-01
-3.751569E-08,-1.4932464E-01
-3.746569E-08,-1.4932464E-01
-3.741569E-08,-1.4932464E-01
-3.736569E-08,-1.4932464E-01
-3.731569E-08,-1.4937735E-01
-3.726569E-08,-1.4937735E-01
-3.721569E-08,-1.4943006E-01
-3.716569E-08,-1.4943006E-01
-3.711569E-08,-1.4948277E-01
-3.706569E-08,-1.4953548E-01
-3.701569E-08,-1.4958819E-01
-3.696569E-08,-1.4958819E-01
-3.691569E-08,-1.4964090E-01
-3.686569E-08,-1.4974632E-01
-3.681569E-08,-1.4979903E-01
-3.676569E-08,-1.4985173E-01
-3.671569E-08,-1.4990444E-01
-3.666569E-08,-1.4995715E-01
-3.661569E-08,-1.5000986E-01
-3.656569E-08,-1.5006257E-01
-3.651569E-08,-1.5011528E-01
-3.646569E-08,-1.5016799E-01
-3.641569E-08,-1.5022070E-01
-3.636569E-08,-1.5022070E-01
-3.631569E-08,-1.5027341E-01
-3.626569E-08,-1.5027341E-01
-3.621569E-08,-1.5032612E-01
-3.616569E-08,-1.5032612E-01
-3.611569E-08,-1.5032612E-01
-3.606569E-08,-1.5032612E-01
-3.601569E-08,-1.5032612E-01
-3.596569E-08,-1.5027341E-01
-3.591569E-08,-1.5027341E-01
-3.586569E-08,-1.5022070E-01
-3.581569E-08,-1.5022070E-01
-3.576569E-08,-1.5016799E-01
-3.571569E-08,-1.5011528E-01
-3.566569E-08,-1.5006257E-01
-3.561569E-08,-1.5000986E-01
-3.556569E-08,-1.4995715E-01
-3.551569E-08,-1.4990444E-01
-3.546569E-08,-1.4985173E-01
-3.541569E-08,-1.4979903E-01
-3.536569E-08,-1.4974632E-01
-3.531569E-08,-1.4969361E-01
-3.526569E-08,-1.4964090E-01
-3.521569E-08,-1.4958819E-01
-3.516569E-08,-1.4953548E-01
-3.511569E-08,-1.4953548E-01
-3.506569E-08,-1.4948277E-01
-3.501569E-08,-1.4943006E-01
-3.496569E-08,-1.4937735E-01
-3.491569E-08,-1.4937735E-01
-3.486569E-08,-1.4932464E-01
-3.481569E-08,-1.4932464E-01
-3.476569E-08,-1.4932464E-01
-3.471569E-08,-1.4927194E-01
-3.466569E-08,-1.4927194E-01
-3.461569E-08,-1.4927194E-01
-3.456569E-08,-1.4921923E-01
-3.451569E-08,-1.4921923E-01
-3.446569E-08,-1.4921923E-01
-3.441569E-08,-1.4921923E-01
-3.436569E-08,-1.4921923E-01
-3.431569E-08,-1.4916652E-01
-3.426569E-08,-1.4916652E-01
-3.421569E-08,-1.4916652E-01
-3.416569E-08,-1.4911381E-01
-3.411569E-08,-1.4911381E-01
-3.406569E-08,-1.4906110E-01
-3.401569E-08,-1.4906110E-01
-3.396569E-08,-1.4900839E-01
-3.391569E-08,-1.4900839E-01
-3.386569E-08,-1.4895568E-01
-3.381569E-08,-1.4890297E-01
-3.376569E-08,-1.4890297E-01
-3.371569E-08,-1.4885026E-01
-3.366569E-08,-1.4879755E-01
-3.361569E-08,-1.4874485E-01
-3.356569E-08,-1.4869214E-01
-3.351569E-08,-1.4869214E-01
-3.346569E-08,-1.4863943E-01
-3.341569E-08,-1.4858672E-01
-3.336569E-08,-1.4853401E-01
-3.331569E-08,-1.4853401E-01
-3.326569E-08,-1.4848130E-01
-3.321569E-08,-1.4848130E-01
-3.316569E-08,-1.4842859E-01
-3.311569E-08,-1.4842859E-01
-3.306569E-08,-1.4842859E-01
-3.301569E-08,-1.4842859E-01
-3.296569E-08,-1.4842859E-01
-3.291569E-08,-1.4842859E-01
-3.286569E-08,-1.4842859E-01
-3.281569E-08,-1.4842859E-01
-3.276569E-08,-1.4848130E-01
-3.271569E-08,-1.4848130E-01
-3.266569E-08,-1.4853401E-01
-3.261569E-08,-1.4853401E-01
-3.256569E-08,-1.4858672E-01
-3.251569E-08,-1.4858672E-01
-3.246569E-08,-1.4863943E-01
-3.241569E-08,-1.4869214E-01
-3.236569E-08,-1.4869214E-01
-3.231569E-08,-1.4874485E-01
-3.226569E-08,-1.4879755E-01
-3.221569E-08,-1.4879755E-01
-3.216569E-08,-1.4885026E-01
-3.211569E-08,-1.4885026E-01
-3.206569E-08,-1.4885026E-01
-3.201569E-08,-1.4890297E-01
-3.196569E-08,-1.4890297E-01
-3.191569E-08,-1.4890297E-01
-3.186569E-08,-1.4890297E-01
-3.181569E-08,-1.4890297E-01
-3.176569E-08,-1.4890297E-01
-3.171569E-08,-1.4890297E-01
-3.166569E-08,-1.4890297E-01
-3.161569E-08,-1.4885026E-01
-3.156569E-08,-1.4885026E-01
-3.151569E-08,-1.4885026E-01
-3.146569E-08,-1.4885026E-01
-3.141569E-08,-1.4879755E-01
-3.136569E-08,-1.4879755E-01
-3.131569E-08,-1.4879755E-01
-3.126569E-08,-1.4879755E-01
-3.121569E-08,-1.4879755E-01
-3.116569E-08,-1.4879755E-01
-3.111569E-08,-1.4879755E-01
-3.106569E-08,-1.4879755E-01
-3.101569E-08,-1.4879755E-01
-3.096569E-08,-1.4879755E-01
-3.091569E-08,-1.4879755E-01
-3.086569E-08,-1.4885026E-01
-3.081569E-08,-1.4885026E-01
-3.076569E-08,-1.4890297E-01
-3.071569E-08,-1.4895568E-01
-3.066569E-08,-1.4895568E-01
-3.061569E-08,-1.4900839E-01
-3.056569E-08,-1.4906110E-01
-3.051569E-08,-1.4911381E-01
-3.046569E-08,-1.4916652E-01
-3.041569E-08,-1.4916652E-01
-3.036569E-08,-1.4921923E-01
-3.031569E-08,-1.4927194E-01
-3.026569E-08,-1.4932464E-01
-3.021569E-08,-1.4937735E-01
-3.016569E-08,-1.4937735E-01
-3.011569E-08,-1.4943006E-01
-3.006569E-08,-1.4948277E-01
-3.001569E-08,-1.4948277E-01
-2.996569E-08,-1.4953548E-01
-2.991569E-08,-1.4953548E-01
-2.986569E-08,-1.4953548E-01
-2.981569E-08,-1.4953548E-01
-2.976569E-08,-1.4953548E-01
-2.971569E-08,-1.4953548E-01
-2.966569E-08,-1.4953548E-01
-2.961569E-08,-1.4953548E-01
-2.956569E-08,-1.4953548E-01
-2.951569E-08,-1.4953548E-01
-2.946569E-08,-1.4948277E-01
-2.941569E-08,-1.4948277E-01
-2.936569E-08,-1.4943006E-01
-2.931569E-08,-1.4943006E-01
-2.926569E-08,-1.4937735E-01
-2.921569E-08,-1.4937735E-01
-2.916569E-08,-1.4932464E-01
-2.911569E-08,-1.4932464E-01
-2.906569E-08,-1.4927194E-01
-2.901569E-08,-1.4927194E-01
-2.896569E-08,-1.4921923E-01
-2.891569E-08,-1.4921923E-01
-2.886569E-08,-1.4916652E-01
-2.881569E-08,-1.4916652E-01
-2.876569E-08,-1.4916652E-01
-2.871569E-08,-1.4916652E-01
-2.866569E-08,-1.4911381E-01
-2.861569E-08,-1.4911381E-01
-2.856569E-08,-1.4911381E-01
-2.851569E-08,-1.4911381E-01
-2.846569E-08,-1.4911381E-01
-2.841569E-08,-1.4911381E-01
-2.836569E-08,-1.4911381E-01
-2.831569E-08,-1.4911381E-01
-2.826569E-08,-1.4911381E-01
-2.821569E-08,-1.4911381E-01
-2.816569E-08,-1.4911381E-01
-2.811569E-08,-1.4911381E-01
-2.806569E-08,-1.4911381E-01
-2.801569E-08,-1.4906110E-01
-2.796569E-08,-1.4906110E-01
-2.791569E-08,-1.4906110E-01
-2.786569E-08,-1.4906110E-01
-2.781569E-08,-1.4900839E-01
-2.776569E-08,-1.4900839E-01
-2.771569E-08,-1.4900839E-01
-2.766569E-08,-1.4895568E-01
-2.761569E-08,-1.4895568E-01
-2.756569E-08,-1.4895568E-01
-2.751569E-08,-1.4890297E-01
-2.746569E-08,-1.4890297E-01
-2.741569E-08,-1.4885026E-01
-2.736569E-08,-1.4885026E-01
-2.731569E-08,-1.4885026E-01
-2.726569E-08,-1.4879755E-01
-2.721569E-08,-1.4879755E-01
-2.716569E-08,-1.4879755E-01
-2.711569E-08,-1.4874485E-01
-2.706569E-08,-1.4874485E-01
-2.701569E-08,-1.4874485E-01
-2.696569E-08,-1.4874485E-01
-2.691569E-08,-1.4874485E-01
-2.686569E-08,-1.4879755E-01
-2.681569E-08,-1.4879755E-01
-2.676569E-08,-1.4879755E-01
-2.671569E-08,-1.4879755E-01
-2.666569E-08,-1.4885026E-01
-2.661569E-08,-1.4885026E-01
-2.656569E-08,-1.4890297E-01
-2.651569E-08,-1.4890297E-01
-2.646569E-08,-1.4895568E-01
-2.641569E-08,-1.4900839E-01
-2.636569E-08,-1.4900839E-01
-2.631569E-08,-1.4906110E-01
-2.626569E-08,-1.4906110E-01
-2.621569E-08,-1.4911381E-01
-2.616569E-08,-1.4911381E-01
-2.611569E-08,-1.4916652E-01
-2.606569E-08,-1.4916652E-01
-2.601569E-08,-1.4921923E-01
-2.596569E-08,-1.4921923E-01
-2.591569E-08,-1.4921923E-01
-2.586569E-08,-1.4927194E-01
-2.581569E-08,-1.4927194E-01
-2.576569E-08,-1.4927194E-01
-2.571569E-08,-1.4927194E-01
-2.566569E-08,-1.4927194E-01
-2.561569E-08,-1.4927194E-01
-2.556569E-08,-1.4927194E-01
-2.551569E-08,-1.4927194E-01
-2.546569E-08,-1.4927194E-01
-2.541569E-08,-1.4927194E-01
-2.536569E-08,-1.4921923E-01
-2.531569E-08,-1.4921923E-01
-2.526569E-08,-1.4921923E-01
-2.521569E-08,-1.4921923E-01
-2.516569E-08,-1.4921923E-01
-2.511569E-08,-1.4921923E-01
-2.506569E-08,-1.4921923E-01
-2.501569E-08,-1.4916652E-01
-2.496569E-08,-1.4916652E-01
-2.491569E-08,-1.4916652E-01
-2.486569E-08,-1.4916652E-01
-2.481569E-08,-1.4916652E-01
-2.476569E-08,-1.4921923E-01
-2.471569E-08,-1.4921923E-01
-2.466569E-08,-1.4921923E-01
-2.461569E-08,-1.4921923E-01
-2.456569E-08,-1.4921923E-01
-2.451569E-08,-1.4921923E-01
-2.446569E-08,-1.4921923E-01
-2.441569E-08,-1.4927194E-01
-2.436569E-08,-1.4927194E-01
-2.431569E-08,-1.4927194E-01
-2.426569E-08,-1.4927194E-01
-2.421569E-08,-1.4927194E-01
-2.416569E-08,-1.4927194E-01
-2.411569E-08,-1.4927194E-01
-2.406569E-08,-1.4927194E-01
-2.401569E-08,-1.4927194E-01
-2.396569E-08,-1.4927194E-01
-2.391569E-08,-1.4921923E-01
-2.386569E-08,-1.4921923E-01
-2.381569E-08,-1.4921923E-01
-2.376569E-08,-1.4916652E-01
-2.371569E-08,-1.4916652E-01
-2.366569E-08,-1.4911381E-01
-2.361569E-08,-1.4906110E-01
-2.356569E-08,-1.4906110E-01
-2.351569E-08,-1.4900839E-01
-2.346569E-08,-1.4900839E-01
-2.341569E-08,-1.4895568E-01
-2.336569E-08,-1.4895568E-01
-2.331569E-08,-1.4890297E-01
-2.326569E-08,-1.4890297E-01
-2.321569E-08,-1.4885026E-01
-2.316569E-08,-1.4885026E-01
-2.311569E-08,-1.4879755E-01
-2.306569E-08,-1.4879755E-01
-2.301569E-08,-1.4879755E-01
-2.296569E-08,-1.4879755E-01
-2.291569E-08,-1.4879755E-01
-2.286569E-08,-1.4879755E-01
-2.281569E-08,-1.4885026E-01
-2.276569E-08,-1.4885026E-01
-2.271569E-08,-1.4890297E-01
-2.266569E-08,-1.4890297E-01
-2.261569E-08,-1.4895568E-01
-2.256569E-08,-1.4900839E-01
-2.251569E-08,-1.4900839E-01
-2.246569E-08,-1.4906110E-01
-2.241569E-08,-1.4911381E-01
-2.236569E-08,-1.4916652E-01
-2.231569E-08,-1.4921923E-01
-2.226569E-08,-1.4927194E-01
-2.221569E-08,-1.4932464E-01
-2.216569E-08,-1.4932464E-01
-2.211569E-08,-1.4937735E-01
-2.206569E-08,-1.4943006E-01
-2.201569E-08,-1.4948277E-01
-2.196569E-08,-1.4948277E-01
-2.191569E-08,-1.4953548E-01
-2.186569E-08,-1.4953548E-01
-2.181569E-08,-1.4958819E-01
-2.176569E-08,-1.4958819E-01
-2.171569E-08,-1.4958819E-01
-2.166569E-08,-1.4958819E-01
-2.161569E-08,-1.4964090E-01
-2.156569E-08,-1.4964090E-01
-2.151569E-08,-1.4964090E-01
-2.146569E-08,-1.4958819E-01
-2.141569E-08,-1.4958819E-01
-2.136569E-08,-1.4958819E-01
-2.131569E-08,-1.4958819E-01
-2.126569E-08,-1.4958819E-01
-2.121569E-08,-1.4958819E-01
-2.116569E-08,-1.4953548E-01
-2.111569E-08,-1.4953548E-01
-2.106569E-08,-1.4953548E-01
-2.101569E-08,-1.4953548E-01
-2.096569E-08,-1.4953548E-01
-2.091569E-08,-1.4953548E-01
-2.086569E-08,-1.4953548E-01
-2.081569E-08,-1.4953548E-01
-2.076569E-08,-1.4953548E-01
-2.071569E-08,-1.4958819E-01
-2.066569E-08,-1.4958819E-01
-2.061569E-08,-1.4958819E-01
-2.056569E-08,-1.4964090E-01
-2.051569E-08,-1.4964090E-01
-2.046569E-08,-1.4964090E-01
-2.041569E-08,-1.4969361E-01
-2.036569E-08,-1.4969361E-01
-2.031569E-08,-1.4974632E-01
-2.026569E-08,-1.4974632E-01
-2.021569E-08,-1.4979903E-01
-2.016569E-08,-1.4979903E-01
-2.011569E-08,-1.4985173E-01
-2.006569E-08,-1.4985173E-01
-2.001569E-08,-1.4985173E-01
-1.996569E-08,-1.4990444E-01
-1.991569E-08,-1.4990444E-01
-1.986569E-08,-1.4990444E-01
-1.981569E-08,-1.4990444E-01
-1.976569E-08,-1.4990444E-01
-1.971569E-08,-1.4990444E-01
-1.966569E-08,-1.4990444E-01
-1.961569E-08,-1.4990444E-01
-1.956569E-08,-1.4990444E-01
-1.951569E-08,-1.4985173E-01
-1.946569E-08,-1.4985173E-01
-1.941569E-08,-1.4979903E-01
-1.936569E-08,-1.4979903E-01
-1.931569E-08,-1.4979903E-01
-1.926569E-08,-1.4974632E-01
-1.921569E-08,-1.4974632E-01
-1.916569E-08,-1.4974632E-01
-1.911569E-08,-1.4969361E-01
-1.906569E-08,-1.4969361E-01
-1.901569E-08,-1.4969361E-01
-1.896569E-08,-1.4969361E-01
-1.891569E-08,-1.4969361E-01
-1.886569E-08,-1.4969361E-01
-1.881569E-08,-1.4969361E-01
-1.876569E-08,-1.4969361E-01
-1.871569E-08,-1.4969361E-01
-1.866569E-08,-1.4969361E-01
-1.861569E-08,-1.4974632E-01
-1.856569E-08,-1.4974632E-01
-1.851569E-08,-1.4979903E-01
-1.846569E-08,-1.4979903E-01
-1.841569E-08,-1.4985173E-01
-1.836569E-08,-1.4990444E-01
-1.831569E-08,-1.4990444E-01
-1.826569E-08,-1.4995715E-01
-1.821569E-08,-1.4995715E-01
-1.816569E-08,-1.5000986E-01
-1.811569E-08,-1.5006257E-01
-1.806569E-08,-1.5006257E-01
-1.801569E-08,-1.5006257E-01
-1.796569E-08,-1.5006257E-01
-1.791569E-08,-1.5011528E-01
-1.786569E-08,-1.5011528E-01
-1.781569E-08,-1.5006257E-01
-1.776569E-08,-1.5006257E-01
-1.771569E-08,-1.5006257E-01
-1.766569E-08,-1.5000986E-01
-1.761569E-08,-1.4995715E-01
-1.756569E-08,-1.4990444E-01
-1.751569E-08,-1.4985173E-01
-1.746569E-08,-1.4979903E-01
-1.741569E-08,-1.4974632E-01
-1.736569E-08,-1.4969361E-01
-1.731569E-08,-1.4958819E-01
-1.726569E-08,-1.4953548E-01
-1.721569E-08,-1.4943006E-01
-1.716569E-08,-1.4932464E-01
-1.711569E-08,-1.4927194E-01
-1.706569E-08,-1.4916652E-01
-1.701569E-08,-1.4906110E-01
-1.696569E-08,-1.4900839E-01
-1.691569E-08,-1.4890297E-01
-1.686569E-08,-1.4885026E-01
-1.681569E-08,-1.4879755E-01
-1.676569E-08,-1.4869214E-01
-1.671569E-08,-1.4863943E-01
-1.666569E-08,-1.4858672E-01
-1.661569E-08,-1.4858672E-01
-1.656569E-08,-1.4853401E-01
-1.651569E-08,-1.4853401E-01
-1.646569E-08,-1.4848130E-01
-1.641569E-08,-1.4848130E-01
-1.636569E-08,-1.4848130E-01
-1.631569E-08,-1.4853401E-01
-1.626569E-08,-1.4853401E-01
-1.621569E-08,-1.4858672E-01
-1.616569E-08,-1.4858672E-01
-1.611569E-08,-1.4863943E-01
-1.606569E-08,-1.4869214E-01
-1.601569E-08,-1.4874485E-01
-1.596569E-08,-1.4879755E-01
-1.591569E-08,-1.4885026E-01
-1.586569E-08,-1.4890297E-01
-1.581569E-08,-1.4895568E-01
-1.576569E-08,-1.4900839E-01
-1.571569E-08,-1.4906110E-01
-1.566569E-08,-1.4911381E-01
-1.561569E-08,-1.4916652E-01
-1.556569E-08,-1.4916652E-01
-1.551569E-08,-1.4921923E-01
-1.546569E-08,-1.4927194E-01
-1.541569E-08,-1.4927194E-01
-1.536569E-08,-1.4927194E-01
-1.531569E-08,-1.4932464E-01
-1.526569E-08,-1.4932464E-01
-1.521569E-08,-1.4927194E-01
-1.516569E-08,-1.4927194E-01
-1.511569E-08,-1.4927194E-01
-1.506569E-08,-1.4927194E-01
-1.501569E-08,-1.4921923E-01
-1.496569E-08,-1.4916652E-01
-1.491569E-08,-1.4916652E-01
-1.486569E-08,-1.4911381E-01
-1.481569E-08,-1.4906110E-01
-1.476569E-08,-1.4900839E-01
-1.471569E-08,-1.4900839E-01
-1.466569E-08,-1.4895568E-01
-1.461569E-08,-1.4890297E-01
-1.456569E-08,-1.4885026E-01
-1.451569E-08,-1.4879755E-01
-1.446569E-08,-1.4879755E-01
-1.441569E-08,-1.4874485E-01
-1.436569E-08,-1.4874485E-01
-1.431569E-08,-1.4869214E-01
-1.426569E-08,-1.4869214E-01
-1.421569E-08,-1.4869214E-01
-1.416569E-08,-1.4863943E-01
-1.411569E-08,-1.4863943E-01
-1.406569E-08,-1.4863943E-01
-1.401569E-08,-1.4869214E-01
-1.396569E-08,-1.4869214E-01
-1.391569E-08,-1.4869214E-01
-1.386569E-08,-1.4874485E-01
-1.381569E-08,-1.4874485E-01
-1.376569E-08,-1.4879755E-01
-1.371569E-08,-1.4879755E-01
-1.366569E-08,-1.4885026E-01
-1.361569E-08,-1.4890297E-01
-1.356569E-08,-1.4890297E-01
-1.351569E-08,-1.4895568E-01
-1.346569E-08,-1.4900839E-01
-1.341569E-08,-1.4906110E-01
-1.336569E-08,-1.4906110E-01
-1.331569E-08,-1.4911381E-01
-1.326569E-08,-1.4911381E-01
-1.321569E-08,-1.4916652E-01
-1.316569E-08,-1.4916652E-01
-1.311569E-08,-1.4921923E-01
-1.306569E-08,-1.4921923E-01
-1.301569E-08,-1.4927194E-01
-1.296569E-08,-1.4927194E-01
-1.291569E-08,-1.4927194E-01
-1.286569E-08,-1.4927194E-01
-1.281569E-08,-1.4927194E-01
-1.276569E-08,-1.4927194E-01
-1.271569E-08,-1.4927194E-01
-1.266569E-08,-1.4927194E-01
-1.261569E-08,-1.4927194E-01
-1.256569E-08,-1.4921923E-01
-1.251569E-08,-1.4921923E-01
-1.246569E-08,-1.4921923E-01
-1.241569E-08,-1.4921923E-01
-1.236569E-08,-1.4916652E-01
-1.231569E-08,-1.4916652E-01
-1.226569E-08,-1.4911381E-01
-1.221569E-08,-1.4911381E-01
-1.216569E-08,-1.4911381E-01
-1.211569E-08,-1.4906110E-01
-1.206569E-08,-1.4906110E-01
-1.201569E-08,-1.4906110E-01
-1.196569E-08,-1.4906110E-01
-1.191569E-08,-1.4900839E-01
-1.186569E-08,-1.4900839E-01
-1.181569E-08,-1.4900839E-01
-1.176569E-08,-1.4900839E-01
-1.171569E-08,-1.4900839E-01
-1.166569E-08,-1.4895568E-01
-1.161569E-08,-1.4895568E-01
-1.156569E-08,-1.4895568E-01
-1.151569E-08,-1.4895568E-01
-1.146569E-08,-1.4895568E-01
-1.141569E-08,-1.4895568E-01
-1.136569E-08,-1.4895568E-01
-1.131569E-08,-1.4895568E-01
-1.126569E-08,-1.4895568E-01
-1.121569E-08,-1.4895568E-01
-1.116569E-08,-1.4895568E-01
-1.111569E-08,-1.4895568E-01
-1.106569E-08,-1.4895568E-01
-1.101569E-08,-1.4895568E-01
-1.096569E-08,-1.4895568E-01
-1.091569E-08,-1.4895568E-01
-1.086569E-08,-1.4895568E-01
-1.081569E-08,-1.4895568E-01
-1.076569E-08,-1.4895568E-01
-1.071569E-08,-1.4895568E-01
-1.066569E-08,-1.4895568E-01
-1.061569E-08,-1.4895568E-01
-1.056569E-08,-1.4895568E-01
-1.051569E-08,-1.4895568E-01
-1.046569E-08,-1.4895568E-01
-1.041569E-08,-1.4895568E-01
-1.036569E-08,-1.4895568E-01
-1.031569E-08,-1.4895568E-01
-1.026569E-08,-1.4895568E-01
-1.021569E-08,-1.4895568E-01
-1.016569E-08,-1.4895568E-01
-1.011569E-08,-1.4895568E-01
-1.006569E-08,-1.4895568E-01
-1.001569E-08,-1.4895568E-01
-9.96569E-09,-1.4895568E-01
-9.91569E-09,-1.4895568E-01
-9.86569E-09,-1.4895568E-01
-9.81569E-09,-1.4895568E-01
-9.76569E-09,-1.4895568E-01
-9.71569E-09,-1.4900839E-01
-9.66569E-09,-1.4900839E-01
-9.61569E-09,-1.4900839E-01
-9.56569E-09,-1.4906110E-01
-9.51569E-09,-1.4906110E-01
-9.46569E-09,-1.4911381E-01
-9.41569E-09,-1.4911381E-01
-9.36569E-09,-1.4916652E-01
-9.31569E-09,-1.4916652E-01
-9.26569E-09,-1.4921923E-01
-9.21569E-09,-1.4927194E-01
-9.16569E-09,-1.4932464E-01
-9.11569E-09,-1.4932464E-01
-9.06569E-09,-1.4937735E-01
-9.01569E-09,-1.4943006E-01
-8.96569E-09,-1.4948277E-01
-8.91569E-09,-1.4953548E-01
-8.86569E-09,-1.4958819E-01
-8.81569E-09,-1.4964090E-01
-8.76569E-09,-1.4969361E-01
-8.71569E-09,-1.4974632E-01
-8.66569E-09,-1.4979903E-01
-8.61569E-09,-1.4985173E-01
-8.56569E-09,-1.4990444E-01
-8.51569E-09,-1.4990444E-01
-8.46569E-09,-1.4995715E-01
-8.41569E-09,-1.5000986E-01
-8.36569E-09,-1.5006257E-01
-8.31569E-09,-1.5011528E-01
-8.26569E-09,-1.5011528E-01
-8.21569E-09,-1.5016799E-01
-8.16569E-09,-1.5016799E-01
-8.11569E-09,-1.5022070E-01
-8.06569E-09,-1.5022070E-01
-8.01569E-09,-1.5022070E-01
-7.96569E-09,-1.5022070E-01
-7.91569E-09,-1.5022070E-01
-7.86569E-09,-1.5022070E-01
-7.81569E-09,-1.5022070E-01
-7.76569E-09,-1.5016799E-01
-7.71569E-09,-1.5016799E-01
-7.66569E-09,-1.5011528E-01
-7.61569E-09,-1.5011528E-01
-7.56569E-09,-1.5006257E-01
-7.51569E-09,-1.5000986E-01
-7.46569E-09,-1.4995715E-01
-7.41569E-09,-1.4990444E-01
-7.36569E-09,-1.4985173E-01
-7.31569E-09,-1.4979903E-01
-7.26569E-09,-1.4974632E-01
-7.21569E-09,-1.4964090E-01
-7.16569E-09,-1.4958819E-01
-7.11569E-09,-1.4953548E-01
-7.06569E-09,-1.4943006E-01
-7.01569E-09,-1.4937735E-01
-6.96569E-09,-1.4932464E-01
-6.91569E-09,-1.4921923E-01
-6.86569E-09,-1.4916652E-01
-6.81569E-09,-1.4911381E-01
-6.76569E-09,-1.4906110E-01
-6.71569E-09,-1.4895568E-01
-6.66569E-09,-1.4890297E-01
-6.61569E-09,-1.4885026E-01
-6.56569E-09,-1.4879755E-01
-6.51569E-09,-1.4874485E-01
-6.46569E-09,-1.4869214E-01
-6.41569E-09,-1.4869214E-01
-6.36569E-09,-1.4863943E-01
-6.31569E-09,-1.4858672E-01
-6.26569E-09,-1.4858672E-01
-6.21569E-09,-1.4858672E-01
-6.16569E-09,-1.4853401E-01
-6.11569E-09,-1.4853401E-01
-6.06569E-09,-1.4853401E-01
-6.01569E-09,-1.4853401E-01
-5.96569E-09,-1.4853401E-01
-5.91569E-09,-1.4853401E-01
-5.86569E-09,-1.4853401E-01
-5.81569E-09,-1.4853401E-01
-5.76569E-09,-1.4853401E-01
-5.71569E-09,-1.4853401E-01
-5.66569E-09,-1.4858672E-01
-5.61569E-09,-1.4858672E-01
-5.56569E-09,-1.4858672E-01
-5.51569E-09,-1.4858672E-01
-5.46569E-09,-1.4863943E-01
-5.41569E-09,-1.4863943E-01
-5.36569E-09,-1.4863943E-01
-5.31569E-09,-1.4869214E-01
-5.26569E-09,-1.4869214E-01
-5.21569E-09,-1.4869214E-01
-5.16569E-09,-1.4874485E-01
-5.11569E-09,-1.4874485E-01
-5.06569E-09,-1.4874485E-01
-5.01569E-09,-1.4879755E-01
-4.96569E-09,-1.4879755E-01
-4.91569E-09,-1.4879755E-01
-4.86569E-09,-1.4885026E-01
-4.81569E-09,-1.4885026E-01
-4.76569E-09,-1.4885026E-01
-4.71569E-09,-1.4890297E-01
-4.66569E-09,-1.4890297E-01
-4.61569E-09,-1.4890297E-01
-4.56569E-09,-1.4895568E-01
-4.51569E-09,-1.4895568E-01
-4.46569E-09,-1.4895568E-01
-4.41569E-09,-1.4900839E-01
-4.36569E-09,-1.4900839E-01
-4.31569E-09,-1.4906110E-01
-4.26569E-09,-1.4906110E-01
-4.21569E-09,-1.4906110E-01
-4.16569E-09,-1.4911381E-01
-4.11569E-09,-1.4911381E-01
-4.06569E-09,-1.4916652E-01
-4.01569E-09,-1.4916652E-01
-3.96569E-09,-1.4921923E-01
-3.91569E-09,-1.4921923E-01
-3.86569E-09,-1.4921923E-01
-3.81569E-09,-1.4927194E-01
-3.76569E-09,-1.4927194E-01
-3.71569E-09,-1.4927194E-01
-3.66569E-09,-1.4932464E-01
-3.61569E-09,-1.4932464E-01
-3.56569E-09,-1.4932464E-01
-3.51569E-09,-1.4932464E-01
-3.46569E-09,-1.4932464E-01
-3.41569E-09,-1.4932464E-01
-3.36569E-09,-1.4932464E-01
-3.31569E-09,-1.4932464E-01
-3.26569E-09,-1.4932464E-01
-3.21569E-09,-1.4927194E-01
-3.16569E-09,-1.4927194E-01
-3.11569E-09,-1.4927194E-01
-3.06569E-09,-1.4921923E-01
-3.01569E-09,-1.4921923E-01
-2.96569E-09,-1.4916652E-01
-2.91569E-09,-1.4911381E-01
-2.86569E-09,-1.4911381E-01
-2.81569E-09,-1.4906110E-01
-2.76569E-09,-1.4900839E-01
-2.71569E-09,-1.4900839E-01
-2.66569E-09,-1.4895568E-01
-2.61569E-09,-1.4890297E-01
-2.56569E-09,-1.4885026E-01
-2.51569E-09,-1.4885026E-01
-2.46569E-09,-1.4879755E-01
-2.41569E-09,-1.4874485E-01
-2.36569E-09,-1.4874485E-01
-2.31569E-09,-1.4869214E-01
-2.26569E-09,-1.4869214E-01
-2.21569E-09,-1.4863943E-01
-2.16569E-09,-1.4863943E-01
-2.11569E-09,-1.4858672E-01
-2.06569E-09,-1.4858672E-01
-2.01569E-09,-1.4858672E-01
-1.96569E-09,-1.4858672E-01
-1.91569E-09,-1.4858672E-01
-1.86569E-09,-1.4858672E-01
-1.81569E-09,-1.4858672E-01
-1.76569E-09,-1.4858672E-01
-1.71569E-09,-1.4863943E-01
-1.66569E-09,-1.4863943E-01
-1.61569E-09,-1.4869214E-01
-1.56569E-09,-1.4869214E-01
-1.51569E-09,-1.4874485E-01
-1.46569E-09,-1.4874485E-01
-1.41569E-09,-1.4879755E-01
-1.36569E-09,-1.4885026E-01
-1.31569E-09,-1.4885026E-01
-1.26569E-09,-1.4890297E-01
-1.21569E-09,-1.4895568E-01
-1.16569E-09,-1.4895568E-01
-1.11569E-09,-1.4900839E-01
-1.06569E-09,-1.4906110E-01
-1.01569E-09,-1.4906110E-01
-9.6569E-10,-1.4911381E-01
-9.1569E-10,-1.4911381E-01
-8.6569E-10,-1.4911381E-01
-8.1569E-10,-1.4916652E-01
-7.6569E-10,-1.4916652E-01
-7.1569E-10,-1.4916652E-01
-6.6569E-10,-1.4916652E-01
-6.1569E-10,-1.4916652E-01
-5.6569E-10,-1.4916652E-01
-5.1569E-10,-1.4916652E-01
-4.6569E-10,-1.4916652E-01
-4.1569E-10,-1.4916652E-01
-3.6569E-10,-1.4916652E-01
-3.1569E-10,-1.4911381E-01
-2.6569E-10,-1.4911381E-01
-2.1569E-10,-1.4911381E-01
-1.6569E-10,-1.4906110E-01
-1.1569E-10,-1.4906110E-01
-6.569E-11,-1.4900839E-01
-1.569E-11,-1.4900839E-01
3.431E-11,-1.4900839E-01
8.431E-11,-1.4895568E-01
1.3431E-10,-1.4895568E-01
1.8431E-10,-1.4895568E-01
2.3431E-10,-1.4895568E-01
2.8431E-10,-1.4895568E-01
3.3431E-10,-1.4895568E-01
3.8431E-10,-1.4895568E-01
4.3431E-10,-1.4895568E-01
4.8431E-10,-1.4895568E-01
5.3431E-10,-1.4895568E-01
5.8431E-10,-1.4900839E-01
6.3431E-10,-1.4900839E-01
6.8431E-10,-1.4900839E-01
7.3431E-10,-1.4906110E-01
7.8431E-10,-1.4906110E-01
8.3431E-10,-1.4911381E-01
8.8431E-10,-1.4911381E-01
9.3431E-10,-1.4916652E-01
9.8431E-10,-1.4921923E-01
1.03431E-09,-1.4921923E-01
1.08431E-09,-1.4927194E-01
1.13431E-09,-1.4927194E-01
1.18431E-09,-1.4932464E-01
1.23431E-09,-1.4937735E-01
1.28431E-09,-1.4937735E-01
1.33431E-09,-1.4937735E-01
1.38431E-09,-1.4943006E-01
1.43431E-09,-1.4943006E-01
1.48431E-09,-1.4943006E-01
1.53431E-09,-1.4948277E-01
1.58431E-09,-1.4948277E-01
1.63431E-09,-1.4948277E-01
1.68431E-09,-1.4948277E-01
1.73431E-09,-1.4948277E-01
1.78431E-09,-1.4948277E-01
1.83431E-09,-1.4943006E-01
1.88431E-09,-1.4943006E-01
1.93431E-09,-1.4943006E-01
1.98431E-09,-1.4943006E-01
2.03431E-09,-1.4937735E-01
2.08431E-09,-1.4937735E-01
2.13431E-09,-1.4932464E-01
2.18431E-09,-1.4932464E-01
2.23431E-09,-1.4932464E-01
2.28431E-09,-1.4927194E-01
2.33431E-09,-1.4927194E-01
2.38431E-09,-1.4921923E-01
2.43431E-09,-1.4921923E-01
2.48431E-09,-1.4921923E-01
2.53431E-09,-1.4921923E-01
2.58431E-09,-1.4921923E-01
2.63431E-09,-1.4921923E-01
2.68431E-09,-1.4921923E-01
2.73431E-09,-1.4921923E-01
2.78431E-09,-1.4921923E-01
2.83431E-09,-1.4921923E-01
2.88431E-09,-1.4921923E-01
2.93431E-09,-1.4921923E-01
2.98431E-09,-1.4927194E-01
3.03431E-09,-1.4927194E-01
3.08431E-09,-1.4927194E-01
3.13431E-09,-1.4932464E-01
3.18431E-09,-1.4932464E-01
3.23431E-09,-1.4937735E-01
3.28431E-09,-1.4937735E-01
3.33431E-09,-1.4943006E-01
3.38431E-09,-1.4943006E-01
3.43431E-09,-1.4943006E-01
3.48431E-09,-1.4948277E-01
3.53431E-09,-1.4948277E-01
3.58431E-09,-1.4948277E-01
3.63431E-09,-1.4948277E-01
3.68431E-09,-1.4953548E-01
3.73431E-09,-1.4953548E-01
3.78431E-09,-1.4948277E-01
3.83431E-09,-1.4948277E-01
3.88431E-09,-1.4948277E-01
3.93431E-09,-1.4948277E-01
3.98431E-09,-1.4948277E-01
4.03431E-09,-1.4943006E-01
4.08431E-09,-1.4943006E-01
4.13431E-09,-1.4937735E-01
4.18431E-09,-1.4937735E-01
4.23431E-09,-1.4932464E-01
4.28431E-09,-1.4932464E-01
4.33431E-09,-1.4927194E-01
4.38431E-09,-1.4921923E-01
4.43431E-09,-1.4921923E-01
4.48431E-09,-1.4916652E-01
4.53431E-09,-1.4911381E-01
4.58431E-09,-1.4911381E-01
4.63431E-09,-1.4906110E-01
4.68431E-09,-1.4906110E-01
4.73431E-09,-1.4900839E-01
4.78431E-09,-1.4900839E-01
4.83431E-09,-1.4900839E-01
4.88431E-09,-1.4895568E-01
4.93431E-09,-1.4895568E-01
4.98431E-09,-1.4895568E-01
5.03431E-09,-1.4895568E-01
5.08431E-09,-1.4895568E-01
5.13431E-09,-1.4900839E-01
5.18431E-09,-1.4900839E-01
5.23431E-09,-1.4900839E-01
5.28431E-09,-1.4906110E-01
5.33431E-09,-1.4906110E-01
5.38431E-09,-1.4911381E-01
5.43431E-09,-1.4916652E-01
5.48431E-09,-1.4916652E-01
5.53431E-09,-1.4921923E-01
5.58431E-09,-1.4927194E-01
5.63431E-09,-1.4932464E-01
5.68431E-09,-1.4937735E-01
5.73431E-09,-1.4937735E-01
5.78431E-09,-1.4943006E-01
5.83431E-09,-1.4948277E-01
5.88431E-09,-1.4953548E-01
5.93431E-09,-1.4953548E-01
5.98431E-09,-1.4958819E-01
6.03431E-09,-1.4964090E-01
6.08431E-09,-1.4964090E-01
6.13431E-09,-1.4969361E-01
6.18431E-09,-1.4969361E-01
6.23431E-09,-1.4969361E-01
6.28431E-09,-1.4969361E-01
6.33431E-09,-1.4969361E-01
6.38431E-09,-1.4974632E-01
6.43431E-09,-1.4969361E-01
6.48431E-09,-1.4969361E-01
6.53431E-09,-1.4969361E-01
6.58431E-09,-1.4969361E-01
6.63431E-09,-1.4964090E-01
6.68431E-09,-1.4964090E-01
6.73431E-09,-1.4958819E-01
6.78431E-09,-1.4958819E-01
6.83431E-09,-1.4953548E-01
6.88431E-09,-1.4948277E-01
6.93431E-09,-1.4943006E-01
6.98431E-09,-1.4943006E-01
7.03431E-09,-1.4937735E-01
7.08431E-09,-1.4932464E-01
7.13431E-09,-1.4932464E-01
7.18431E-09,-1.4927194E-01
7.23431E-09,-1.4921923E-01
7.28431E-09,-1.4921923E-01
7.33431E-09,-1.4916652E-01
7.38431E-09,-1.4916652E-01
7.43431E-09,-1.4911381E-01
7.48431E-09,-1.4911381E-01
7.53431E-09,-1.4906110E-01
7.58431E-09,-1.4906110E-01
7.63431E-09,-1.4906110E-01
7.68431E-09,-1.4906110E-01
7.73431E-09,-1.4906110E-01
7.78431E-09,-1.4906110E-01
7.83431E-09,-1.4906110E-01
7.88431E-09,-1.4906110E-01
7.93431E-09,-1.4906110E-01
7.98431E-09,-1.4911381E-01
8.03431E-09,-1.4911381E-01
8.08431E-09,-1.4916652E-01
8.13431E-09,-1.4916652E-01
8.18431E-09,-1.4921923E-01
8.23431E-09,-1.4921923E-01
8.28431E-09,-1.4927194E-01
8.33431E-09,-1.4927194E-01
8.38431E-09,-1.4932464E-01
8.43431E-09,-1.4937735E-01
8.48431E-09,-1.4937735E-01
8.53431E-09,-1.4943006E-01
8.58431E-09,-1.4943006E-01
8.63431E-09,-1.4948277E-01
8.68431E-09,-1.4948277E-01
8.73431E-09,-1.4948277E-01
8.78431E-09,-1.4953548E-01
8.83431E-09,-1.4953548E-01
8.88431E-09,-1.4953548E-01
8.93431E-09,-1.4953548E-01
8.98431E-09,-1.4953548E-01
9.03431E-09,-1.4953548E-01
9.08431E-09,-1.4953548E-01
9.13431E-09,-1.4948277E-01
9.18431E-09,-1.4948277E-01
9.23431E-09,-1.4948277E-01
9.28431E-09,-1.4943006E-01
9.33431E-09,-1.4943006E-01
9.38431E-09,-1.4943006E-01
9.43431E-09,-1.4937735E-01
9.48431E-09,-1.4937735E-01
9.53431E-09,-1.4937735E-01
9.58431E-09,-1.4937735E-01
9.63431E-09,-1.4937735E-01
9.68431E-09,-1.4932464E-01
9.73431E-09,-1.4932464E-01
9.78431E-09,-1.4932464E-01
9.83431E-09,-1.4932464E-01
9.88431E-09,-1.4932464E-01
9.93431E-09,-1.4932464E-01
9.98431E-09,-1.4932464E-01
1.003431E-08,-1.4932464E-01
1.008431E-08,-1.4932464E-01
1.013431E-08,-1.4932464E-01
1.018431E-08,-1.4932464E-01
1.023431E-08,-1.4932464E-01
1.028431E-08,-1.4937735E-01
1.033431E-08,-1.4937735E-01
1.038431E-08,-1.4937735E-01
1.043431E-08,-1.4937735E-01
1.048431E-08,-1.4937735E-01
1.053431E-08,-1.4937735E-01
1.058431E-08,-1.4937735E-01
1.063431E-08,-1.4937735E-01
1.068431E-08,-1.4937735E-01
1.073431E-08,-1.4943006E-01
1.078431E-08,-1.4943006E-01
1.083431E-08,-1.4943006E-01
1.088431E-08,-1.4943006E-01
1.093431E-08,-1.4948277E-01
1.098431E-08,-1.4948277E-01
1.103431E-08,-1.4948277E-01
1.108431E-08,-1.4953548E-01
1.113431E-08,-1.4953548E-01
1.118431E-08,-1.4958819E-01
1.123431E-08,-1.4964090E-01
1.128431E-08,-1.4964090E-01
1.133431E-08,-1.4969361E-01
1.138431E-08,-1.4969361E-01
1.143431E-08,-1.4974632E-01
1.148431E-08,-1.4979903E-01
1.153431E-08,-1.4979903E-01
1.158431E-08,-1.4985173E-01
1.163431E-08,-1.4985173E-01
1.168431E-08,-1.4990444E-01
1.173431E-08,-1.4990444E-01
1.178431E-08,-1.4990444E-01
1.183431E-08,-1.4990444E-01
1.188431E-08,-1.4990444E-01
1.193431E-08,-1.4985173E-01
1.198431E-08,-1.4985173E-01
1.203431E-08,-1.4979903E-01
1.208431E-08,-1.4974632E-01
1.213431E-08,-1.4969361E-01
1.218431E-08,-1.4964090E-01
1.223431E-08,-1.4958819E-01
1.228431E-08,-1.4948277E-01
1.233431E-08,-1.4937735E-01
1.238431E-08,-1.4932464E-01
1.243431E-08,-1.4921923E-01
1.248431E-08,-1.4911381E-01
1.253431E-08,-1.4900839E-01
1.258431E-08,-1.4885026E-01
1.263431E-08,-1.4874485E-01
1.268431E-08,-1.4863943E-01
1.273431E-08,-1.4853401E-01
1.278431E-08,-1.4848130E-01
1.283431E-08,-1.4837588E-01
1.288431E-08,-1.4827046E-01
1.293431E-08,-1.4821776E-01
1.298431E-08,-1.4816505E-01
1.303431E-08,-1.4811234E-01
1.308431E-08,-1.4805963E-01
1.313431E-08,-1.4805963E-01
1.318431E-08,-1.4805963E-01
1.323431E-08,-1.4805963E-01
1.328431E-08,-1.4811234E-01
1.333431E-08,-1.4811234E-01
1.338431E-08,-1.4816505E-01
1.343431E-08,-1.4821776E-01
1.348431E-08,-1.4832317E-01
1.353431E-08,-1.4837588E-01
1.358431E-08,-1.4848130E-01
1.363431E-08,-1.4858672E-01
1.368431E-08,-1.4869214E-01
1.373431E-08,-1.4874485E-01
1.378431E-08,-1.4885026E-01
1.383431E-08,-1.4895568E-01
1.388431E-08,-1.4906110E-01
1.393431E-08,-1.4911381E-01
1.398431E-08,-1.4921923E-01
1.403431E-08,-1.4927194E-01
1.408431E-08,-1.4932464E-01
1.413431E-08,-1.4937735E-01
1.418431E-08,-1.4937735E-01
1.423431E-08,-1.4943006E-01
1.428431E-08,-1.4943006E-01
1.433431E-08,-1.4937735E-01
1.438431E-08,-1.4937735E-01
1.443431E-08,-1.4932464E-01
1.448431E-08,-1.4927194E-01
1.453431E-08,-1.4921923E-01
1.458431E-08,-1.4916652E-01
1.463431E-08,-1.4906110E-01
1.468431E-08,-1.4900839E-01
1.473431E-08,-1.4890297E-01
1.478431E-08,-1.4885026E-01
1.483431E-08,-1.4874485E-01
1.488431E-08,-1.4869214E-01
1.493431E-08,-1.4863943E-01
1.498431E-08,-1.4858672E-01
1.503431E-08,-1.4853401E-01
1.508431E-08,-1.4848130E-01
1.513431E-08,-1.4848130E-01
1.518431E-08,-1.4848130E-01
1.523431E-08,-1.4853401E-01
1.528431E-08,-1.4853401E-01
1.533431E-08,-1.4863943E-01
1.538431E-08,-1.4869214E-01
1.543431E-08,-1.4879755E-01
1.548431E-08,-1.4885026E-01
1.553431E-08,-1.4895568E-01
1.558431E-08,-1.4906110E-01
1.563431E-08,-1.4921923E-01
1.568431E-08,-1.4932464E-01
1.573431E-08,-1.4943006E-01
1.578431E-08,-1.4953548E-01
1.583431E-08,-1.4964090E-01
1.588431E-08,-1.4974632E-01
1.593431E-08,-1.4985173E-01
1.598431E-08,-1.4990444E-01
1.603431E-08,-1.4995715E-01
1.608431E-08,-1.5000986E-01
1.613431E-08,-1.5006257E-01
1.618431E-08,-1.5006257E-01
1.623431E-08,-1.5006257E-01
1.628431E-08,-1.5006257E-01
1.633431E-08,-1.5000986E-01
1.638431E-08,-1.4995715E-01
1.643431E-08,-1.4990444E-01
1.648431E-08,-1.4979903E-01
1.653431E-08,-1.4974632E-01
1.658431E-08,-1.4964090E-01
1.663431E-08,-1.4953548E-01
1.668431E-08,-1.4943006E-01
1.673431E-08,-1.4932464E-01
1.678431E-08,-1.4921923E-01
1.683431E-08,-1.4911381E-01
1.688431E-08,-1.4900839E-01
1.693431E-08,-1.4895568E-01
1.698431E-08,-1.4890297E-01
1.703431E-08,-1.4885026E-01
1.708431E-08,-1.4879755E-01
1.713431E-08,-1.4874485E-01
1.718431E-08,-1.4874485E-01
1.723431E-08,-1.4879755E-01
1.728431E-08,-1.4879755E-01
1.733431E-08,-1.4885026E-01
1.738431E-08,-1.4895568E-01
1.743431E-08,-1.4900839E-01
1.748431E-08,-1.4911381E-01
1.753431E-08,-1.4921923E-01
1.758431E-08,-1.4937735E-01
1.763431E-08,-1.4948277E-01
1.768431E-08,-1.4958819E-01
1.773431E-08,-1.4974632E-01
1.778431E-08,-1.4990444E-01
1.783431E-08,-1.5000986E-01
1.788431E-08,-1.5011528E-01
1.793431E-08,-1.5022070E-01
1.798431E-08,-1.5032612E-01
1.803431E-08,-1.5043153E-01
1.808431E-08,-1.5048424E-01
1.813431E-08,-1.5053695E-01
1.818431E-08,-1.5053695E-01
1.823431E-08,-1.5053695E-01
1.828431E-08,-1.5053695E-01
1.833431E-08,-1.5053695E-01
1.838431E-08,-1.5048424E-01
1.843431E-08,-1.5037883E-01
1.848431E-08,-1.5027341E-01
1.853431E-08,-1.5022070E-01
1.858431E-08,-1.5011528E-01
1.863431E-08,-1.4995715E-01
1.868431E-08,-1.4985173E-01
1.873431E-08,-1.4969361E-01
1.878431E-08,-1.4958819E-01
1.883431E-08,-1.4948277E-01
1.888431E-08,-1.4937735E-01
1.893431E-08,-1.4927194E-01
1.898431E-08,-1.4916652E-01
1.903431E-08,-1.4911381E-01
1.908431E-08,-1.4906110E-01
1.913431E-08,-1.4906110E-01
1.918431E-08,-1.4900839E-01
1.923431E-08,-1.4906110E-01
1.928431E-08,-1.4911381E-01
1.933431E-08,-1.4916652E-01
1.938431E-08,-1.4927194E-01
1.943431E-08,-1.4937735E-01
1.948431E-08,-1.4948277E-01
1.953431E-08,-1.4964090E-01
1.958431E-08,-1.4979903E-01
1.963431E-08,-1.4995715E-01
1.968431E-08,-1.5011528E-01
1.973431E-08,-1.5027341E-01
1.978431E-08,-1.5043153E-01
1.983431E-08,-1.5058966E-01
1.988431E-08,-1.5069508E-01
1.993431E-08,-1.5085321E-01
1.998431E-08,-1.5095862E-01
2.003431E-08,-1.5106404E-01
2.008431E-08,-1.5111675E-01
2.013431E-08,-1.5111675E-01
2.018431E-08,-1.5111675E-01
2.023431E-08,-1.5111675E-01
2.028431E-08,-1.5106404E-01
2.033431E-08,-1.5101133E-01
2.038431E-08,-1.5085321E-01
2.043431E-08,-1.5074779E-01
2.048431E-08,-1.5058966E-01
2.053431E-08,-1.5043153E-01
2.058431E-08,-1.5022070E-01
2.063431E-08,-1.5000986E-01
2.068431E-08,-1.4979903E-01
2.073431E-08,-1.4958819E-01
2.078431E-08,-1.4937735E-01
2.083431E-08,-1.4916652E-01
2.088431E-08,-1.4895568E-01
2.093431E-08,-1.4874485E-01
2.098431E-08,-1.4858672E-01
2.103431E-08,-1.4848130E-01
2.108431E-08,-1.4832317E-01
2.113431E-08,-1.4827046E-01
2.118431E-08,-1.4821776E-01
2.123431E-08,-1.4816505E-01
2.128431E-08,-1.4816505E-01
2.133431E-08,-1.4821776E-01
2.138431E-08,-1.4827046E-01
2.143431E-08,-1.4837588E-01
2.148431E-08,-1.4853401E-01
2.153431E-08,-1.4863943E-01
2.158431E-08,-1.4879755E-01
2.163431E-08,-1.4900839E-01
2.168431E-08,-1.4916652E-01
2.173431E-08,-1.4937735E-01
2.178431E-08,-1.4958819E-01
2.183431E-08,-1.4974632E-01
2.188431E-08,-1.4990444E-01
2.193431E-08,-1.5006257E-01
2.198431E-08,-1.5022070E-01
2.203431E-08,-1.5032612E-01
2.208431E-08,-1.5037883E-01
2.213431E-08,-1.5043153E-01
2.218431E-08,-1.5043153E-01
2.223431E-08,-1.5043153E-01
2.228431E-08,-1.5032612E-01
2.233431E-08,-1.5022070E-01
2.238431E-08,-1.5011528E-01
2.243431E-08,-1.4995715E-01
2.248431E-08,-1.4974632E-01
2.253431E-08,-1.4953548E-01
2.258431E-08,-1.4932464E-01
2.263431E-08,-1.4906110E-01
2.268431E-08,-1.4879755E-01
2.273431E-08,-1.4858672E-01
2.278431E-08,-1.4832317E-01
2.283431E-08,-1.4805963E-01
2.288431E-08,-1.4784879E-01
2.293431E-08,-1.4763796E-01
2.298431E-08,-1.4747983E-01
2.303431E-08,-1.4732170E-01
2.308431E-08,-1.4726899E-01
2.313431E-08,-1.4716358E-01
2.318431E-08,-1.4716358E-01
2.323431E-08,-1.4716358E-01
2.328431E-08,-1.4726899E-01
2.333431E-08,-1.4737441E-01
2.338431E-08,-1.4747983E-01
2.343431E-08,-1.4769067E-01
2.348431E-08,-1.4790150E-01
2.353431E-08,-1.4811234E-01
2.358431E-08,-1.4837588E-01
2.363431E-08,-1.4863943E-01
2.368431E-08,-1.4890297E-01
2.373431E-08,-1.4921923E-01
2.378431E-08,-1.4943006E-01
2.383431E-08,-1.4969361E-01
2.388431E-08,-1.4990444E-01
2.393431E-08,-1.5011528E-01
2.398431E-08,-1.5027341E-01
2.403431E-08,-1.5037883E-01
2.408431E-08,-1.5043153E-01
2.413431E-08,-1.5043153E-01
2.418431E-08,-1.5037883E-01
2.423431E-08,-1.5032612E-01
2.428431E-08,-1.5016799E-01
2.433431E-08,-1.4995715E-01
2.438431E-08,-1.4974632E-01
2.443431E-08,-1.4943006E-01
2.448431E-08,-1.4911381E-01
2.453431E-08,-1.4879755E-01
2.458431E-08,-1.4842859E-01
2.463431E-08,-1.4805963E-01
2.468431E-08,-1.4769067E-01
2.473431E-08,-1.4737441E-01
2.478431E-08,-1.4705816E-01
2.483431E-08,-1.4674190E-01
2.488431E-08,-1.4647836E-01
2.493431E-08,-1.4626752E-01
2.498431E-08,-1.4610939E-01
2.503431E-08,-1.4600398E-01
2.508431E-08,-1.4600398E-01
2.513431E-08,-1.4605669E-01
2.518431E-08,-1.4616210E-01
2.523431E-08,-1.4637294E-01
2.528431E-08,-1.4663649E-01
2.533431E-08,-1.4700545E-01
2.538431E-08,-1.4737441E-01
2.543431E-08,-1.4784879E-01
2.548431E-08,-1.4832317E-01
2.553431E-08,-1.4890297E-01
2.558431E-08,-1.4943006E-01
2.563431E-08,-1.5000986E-01
2.568431E-08,-1.5053695E-01
2.573431E-08,-1.5111675E-01
2.578431E-08,-1.5159113E-01
2.583431E-08,-1.5206551E-01
2.588431E-08,-1.5243448E-01
2.593431E-08,-1.5280344E-01
2.598431E-08,-1.5301428E-01
2.603431E-08,-1.5317240E-01
2.608431E-08,-1.5317240E-01
2.613431E-08,-1.5311969E-01
2.618431E-08,-1.5290886E-01
2.623431E-08,-1.5264531E-01
2.628431E-08,-1.5222364E-01
2.633431E-08,-1.5169655E-01
2.638431E-08,-1.5106404E-01
2.643431E-08,-1.5037883E-01
2.648431E-08,-1.4958819E-01
2.653431E-08,-1.4879755E-01
2.658431E-08,-1.4790150E-01
2.663431E-08,-1.4700545E-01
2.668431E-08,-1.4616210E-01
2.673431E-08,-1.4531876E-01
2.678431E-08,-1.4447542E-01
2.683431E-08,-1.4379020E-01
2.688431E-08,-1.4315769E-01
2.693431E-08,-1.4263060E-01
2.698431E-08,-1.4226164E-01
2.703431E-08,-1.4205080E-01
2.708431E-08,-1.4199809E-01
2.713431E-08,-1.4210351E-01
2.718431E-08,-1.4241976E-01
2.723431E-08,-1.4294685E-01
2.728431E-08,-1.4368478E-01
2.733431E-08,-1.4458083E-01
2.738431E-08,-1.4568772E-01
2.743431E-08,-1.4690003E-01
2.748431E-08,-1.4832317E-01
2.753431E-08,-1.4979903E-01
2.758431E-08,-1.5138030E-01
2.763431E-08,-1.5301428E-01
2.768431E-08,-1.5470096E-01
2.773431E-08,-1.5633494E-01
2.778431E-08,-1.5786350E-01
2.783431E-08,-1.5928665E-01
2.788431E-08,-1.6055166E-01
2.793431E-08,-1.6155314E-01
2.798431E-08,-1.6229106E-01
2.803431E-08,-1.6271273E-01
2.808431E-08,-1.6276544E-01
2.813431E-08,-1.6239648E-01
2.818431E-08,-1.6150043E-01
2.823431E-08,-1.6012999E-01
2.828431E-08,-1.5823247E-01
2.833431E-08,-1.5570244E-01
2.838431E-08,-1.5259260E-01
2.843431E-08,-1.4885026E-01
2.848431E-08,-1.4447542E-01
2.853431E-08,-1.3941535E-01
2.858431E-08,-1.3377549E-01
2.863431E-08,-1.2745040E-01
2.868431E-08,-1.2049281E-01
2.873431E-08,-1.1300813E-01
2.878431E-08,-1.0489095E-01
2.883431E-08,-9.624667E-02
2.888431E-08,-8.718072E-02
2.893431E-08,-7.764039E-02
2.898431E-08,-6.773109E-02
2.903431E-08,-5.750554E-02
2.908431E-08,-4.701645E-02
2.913431E-08,-3.636923E-02
2.918431E-08,-2.561659E-02
2.923431E-08,-1.475853E-02
2.928431E-08,-4.00589E-03
2.933431E-08,6.69404E-03
2.938431E-08,1.718313E-02
2.943431E-08,2.746139E-02
2.948431E-08,3.747610E-02
2.953431E-08,4.706914E-02
2.958431E-08,5.629322E-02
2.963431E-08,6.504291E-02
2.968431E-08,7.326552E-02
2.973431E-08,8.096104E-02
2.978431E-08,8.807675E-02
2.983431E-08,9.461267E-02
2.988431E-08,1.0056879E-01
2.993431E-08,1.0583969E-01
2.998431E-08,1.1053079E-01
3.003431E-08,1.1453668E-01
3.008431E-08,1.1801547E-01
3.013431E-08,1.2086176E-01
3.018431E-08,1.2312825E-01
3.023431E-08,1.2492035E-01
3.028431E-08,1.2618537E-01
3.033431E-08,1.2697601E-01
3.038431E-08,1.2734497E-01
3.043431E-08,1.2734497E-01
3.048431E-08,1.2702872E-01
3.053431E-08,1.2644892E-01
3.058431E-08,1.2560557E-01
3.063431E-08,1.2460410E-01
3.068431E-08,1.2349721E-01
3.073431E-08,1.2223219E-01
3.078431E-08,1.2096718E-01
3.083431E-08,1.1970216E-01
3.088431E-08,1.1848985E-01
3.093431E-08,1.1727755E-01
3.098431E-08,1.1622337E-01
3.103431E-08,1.1527461E-01
3.108431E-08,1.1448397E-01
3.113431E-08,1.1385146E-01
3.118431E-08,1.1337708E-01
3.123431E-08,1.1306083E-01
3.128431E-08,1.1295541E-01
3.133431E-08,1.1300812E-01
3.138431E-08,1.1327166E-01
3.143431E-08,1.1364063E-01
3.148431E-08,1.1416772E-01
3.153431E-08,1.1480022E-01
3.158431E-08,1.1553815E-01
3.163431E-08,1.1638149E-01
3.168431E-08,1.1722484E-01
3.173431E-08,1.1812089E-01
3.178431E-08,1.1906965E-01
3.183431E-08,1.1991300E-01
3.188431E-08,1.2075634E-01
3.193431E-08,1.2149427E-01
3.198431E-08,1.2217949E-01
3.203431E-08,1.2270658E-01
3.208431E-08,1.2312825E-01
3.213431E-08,1.2339179E-01
3.218431E-08,1.2344450E-01
3.223431E-08,1.2339179E-01
3.228431E-08,1.2312825E-01
3.233431E-08,1.2265387E-01
3.238431E-08,1.2207407E-01
3.243431E-08,1.2128343E-01
3.248431E-08,1.2033467E-01
3.253431E-08,1.1922778E-01
3.258431E-08,1.1801547E-01
3.263431E-08,1.1669775E-01
3.268431E-08,1.1527461E-01
3.273431E-08,1.1379875E-01
3.278431E-08,1.1232290E-01
3.283431E-08,1.1079434E-01
3.288431E-08,1.0931849E-01
3.293431E-08,1.0789534E-01
3.298431E-08,1.0657762E-01
3.303431E-08,1.0536531E-01
3.308431E-08,1.0425842E-01
3.313431E-08,1.0336237E-01
3.318431E-08,1.0262444E-01
3.323431E-08,1.0209735E-01
3.328431E-08,1.0183381E-01
3.333431E-08,1.0178110E-01
3.338431E-08,1.0193922E-01
3.343431E-08,1.0236090E-01
3.348431E-08,1.0304611E-01
3.353431E-08,1.0399488E-01
3.358431E-08,1.0510177E-01
3.363431E-08,1.0641949E-01
3.368431E-08,1.0794805E-01
3.373431E-08,1.0963474E-01
3.378431E-08,1.1137414E-01
3.383431E-08,1.1327166E-01
3.388431E-08,1.1516919E-01
3.393431E-08,1.1706671E-01
3.398431E-08,1.1885882E-01
3.403431E-08,1.2059822E-01
3.408431E-08,1.2217949E-01
3.413431E-08,1.2349721E-01
3.418431E-08,1.2460410E-01
3.423431E-08,1.2534203E-01
3.428431E-08,1.2571099E-01
3.433431E-08,1.2571099E-01
3.438431E-08,1.2518390E-01
3.443431E-08,1.2418243E-01
3.448431E-08,1.2260116E-01
3.453431E-08,1.2044009E-01
3.458431E-08,1.1769922E-01
3.463431E-08,1.1427313E-01
3.468431E-08,1.1026725E-01
3.473431E-08,1.0557615E-01
3.478431E-08,1.0019983E-01
3.483431E-08,9.424371E-02
3.488431E-08,8.760237E-02
3.493431E-08,8.038124E-02
3.498431E-08,7.258030E-02
3.503431E-08,6.425228E-02
3.508431E-08,5.539717E-02
3.513431E-08,4.612038E-02
3.518431E-08,3.642192E-02
3.523431E-08,2.640721E-02
3.528431E-08,1.612895E-02
3.533431E-08,5.63986E-03
3.538431E-08,-5.00736E-03
3.543431E-08,-1.565459E-02
3.548431E-08,-2.635452E-02
3.553431E-08,-3.694903E-02
3.558431E-08,-4.738541E-02
3.563431E-08,-5.761096E-02
3.568431E-08,-6.757296E-02
3.573431E-08,-7.721871E-02
3.578431E-08,-8.644279E-02
3.583431E-08,-9.519249E-02
3.588431E-08,-1.0346780E-01
3.593431E-08,-1.1126874E-01
3.598431E-08,-1.1848987E-01
3.603431E-08,-1.2513121E-01
3.608431E-08,-1.3114003E-01
3.613431E-08,-1.3656906E-01
3.618431E-08,-1.4141829E-01
3.623431E-08,-1.4563501E-01
3.628431E-08,-1.4927194E-01
3.633431E-08,-1.5232906E-01
3.638431E-08,-1.5485909E-01
3.643431E-08,-1.5686203E-01
3.648431E-08,-1.5839060E-01
3.653431E-08,-1.5944478E-01
3.658431E-08,-1.6012999E-01
3.663431E-08,-1.6044625E-01
3.668431E-08,-1.6044625E-01
3.673431E-08,-1.6018270E-01
3.678431E-08,-1.5970832E-01
3.683431E-08,-1.5902310E-01
3.688431E-08,-1.5823247E-01
3.693431E-08,-1.5738912E-01
3.698431E-08,-1.5644036E-01
3.703431E-08,-1.5554431E-01
3.708431E-08,-1.5464826E-01
3.713431E-08,-1.5380491E-01
3.718431E-08,-1.5301428E-01
3.723431E-08,-1.5238177E-01
3.728431E-08,-1.5180197E-01
3.733431E-08,-1.5138030E-01
3.738431E-08,-1.5111675E-01
3.743431E-08,-1.5101133E-01
3.748431E-08,-1.5101133E-01
3.753431E-08,-1.5111675E-01
3.758431E-08,-1.5138030E-01
3.763431E-08,-1.5174926E-01
3.768431E-08,-1.5222364E-01
3.773431E-08,-1.5280344E-01
3.778431E-08,-1.5343595E-01
3.783431E-08,-1.5406846E-01
3.788431E-08,-1.5480638E-01
3.793431E-08,-1.5549160E-01
3.798431E-08,-1.5617682E-01
3.803431E-08,-1.5680932E-01
3.808431E-08,-1.5744183E-01
3.813431E-08,-1.5796892E-01
3.818431E-08,-1.5844330E-01
3.823431E-08,-1.5886498E-01
3.828431E-08,-1.5912852E-01
3.833431E-08,-1.5928665E-01
3.838431E-08,-1.5939207E-01
3.843431E-08,-1.5933936E-01
3.848431E-08,-1.5923394E-01
3.853431E-08,-1.5897039E-01
3.858431E-08,-1.5865414E-01
3.863431E-08,-1.5823247E-01
3.868431E-08,-1.5770538E-01
3.873431E-08,-1.5712558E-01
3.878431E-08,-1.5649307E-01
3.883431E-08,-1.5586056E-01
3.888431E-08,-1.5517535E-01
3.893431E-08,-1.5443742E-01
3.898431E-08,-1.5375220E-01
3.903431E-08,-1.5306698E-01
3.908431E-08,-1.5238177E-01
3.913431E-08,-1.5180197E-01
3.918431E-08,-1.5122217E-01
3.923431E-08,-1.5069508E-01
3.928431E-08,-1.5027341E-01
3.933431E-08,-1.4985173E-01
3.938431E-08,-1.4958819E-01
3.943431E-08,-1.4932464E-01
3.948431E-08,-1.4916652E-01
3.953431E-08,-1.4911381E-01
3.958431E-08,-1.4906110E-01
3.963431E-08,-1.4911381E-01
3.968431E-08,-1.4921923E-01
3.973431E-08,-1.4937735E-01
3.978431E-08,-1.4958819E-01
3.983431E-08,-1.4979903E-01
3.988431E-08,-1.5000986E-01
3.993431E-08,-1.5027341E-01
3.998431E-08,-1.5053695E-01
4.003431E-08,-1.5074779E-01
4.008431E-08,-1.5095862E-01
4.013431E-08,-1.5116946E-01
4.018431E-08,-1.5132759E-01
4.023431E-08,-1.5143301E-01
4.028431E-08,-1.5148571E-01
4.033431E-08,-1.5148571E-01
4.038431E-08,-1.5143301E-01
4.043431E-08,-1.5138030E-01
4.048431E-08,-1.5122217E-01
4.053431E-08,-1.5101133E-01
4.058431E-08,-1.5074779E-01
4.063431E-08,-1.5048424E-01
4.068431E-08,-1.5016799E-01
4.073431E-08,-1.4979903E-01
4.078431E-08,-1.4937735E-01
4.083431E-08,-1.4895568E-01
4.088431E-08,-1.4853401E-01
4.093431E-08,-1.4811234E-01
4.098431E-08,-1.4769067E-01
4.103431E-08,-1.4726899E-01
4.108431E-08,-1.4690003E-01
4.113431E-08,-1.4653107E-01
4.118431E-08,-1.4616210E-01
4.123431E-08,-1.4589856E-01
4.128431E-08,-1.4563501E-01
4.133431E-08,-1.4537147E-01
4.138431E-08,-1.4521334E-01
4.143431E-08,-1.4510792E-01
4.148431E-08,-1.4500251E-01
4.153431E-08,-1.4494980E-01
4.158431E-08,-1.4494980E-01
4.163431E-08,-1.4494980E-01
4.168431E-08,-1.4505521E-01
4.173431E-08,-1.4510792E-01
4.178431E-08,-1.4521334E-01
4.183431E-08,-1.4537147E-01
4.188431E-08,-1.4547689E-01
4.193431E-08,-1.4563501E-01
4.198431E-08,-1.4574043E-01
4.203431E-08,-1.4584585E-01
4.208431E-08,-1.4595127E-01
4.213431E-08,-1.4600398E-01
4.218431E-08,-1.4605669E-01
4.223431E-08,-1.4605669E-01
4.228431E-08,-1.4605669E-01
4.233431E-08,-1.4600398E-01
4.238431E-08,-1.4589856E-01
4.243431E-08,-1.4574043E-01
4.248431E-08,-1.4552960E-01
4.253431E-08,-1.4531876E-01
4.258431E-08,-1.4505521E-01
4.263431E-08,-1.4479167E-01
4.268431E-08,-1.4442271E-01
4.273431E-08,-1.4410645E-01
4.278431E-08,-1.4373749E-01
4.283431E-08,-1.4331582E-01
4.288431E-08,-1.4294685E-01
4.293431E-08,-1.4252518E-01
4.298431E-08,-1.4210351E-01
4.303431E-08,-1.4173455E-01
4.308431E-08,-1.4136558E-01
4.313431E-08,-1.4099662E-01
4.318431E-08,-1.4068037E-01
4.323431E-08,-1.4036411E-01
4.328431E-08,-1.4010057E-01
4.333431E-08,-1.3988973E-01
4.338431E-08,-1.3967890E-01
4.343431E-08,-1.3952077E-01
4.348431E-08,-1.3941535E-01
4.353431E-08,-1.3930993E-01
4.358431E-08,-1.3925722E-01
4.363431E-08,-1.3925722E-01
4.368431E-08,-1.3930993E-01
4.373431E-08,-1.3936264E-01
4.378431E-08,-1.3946806E-01
4.383431E-08,-1.3962619E-01
4.388431E-08,-1.3978431E-01
4.393431E-08,-1.3994244E-01
4.398431E-08,-1.4015328E-01
4.403431E-08,-1.4036411E-01
4.408431E-08,-1.4057495E-01
4.413431E-08,-1.4078578E-01
4.418431E-08,-1.4099662E-01
4.423431E-08,-1.4126017E-01
4.428431E-08,-1.4147100E-01
4.433431E-08,-1.4168184E-01
4.438431E-08,-1.4183996E-01
4.443431E-08,-1.4205080E-01
4.448431E-08,-1.4220893E-01
4.453431E-08,-1.4236705E-01
4.458431E-08,-1.4252518E-01
4.463431E-08,-1.4263060E-01
4.468431E-08,-1.4273602E-01
4.473431E-08,-1.4284144E-01
4.478431E-08,-1.4294685E-01
4.483431E-08,-1.4305227E-01
4.488431E-08,-1.4310498E-01
4.493431E-08,-1.4321040E-01
4.498431E-08,-1.4326311E-01
4.503431E-08,-1.4331582E-01
4.508431E-08,-1.4342124E-01
4.513431E-08,-1.4347394E-01
4.518431E-08,-1.4357936E-01
4.523431E-08,-1.4363207E-01
4.528431E-08,-1.4373749E-01
4.533431E-08,-1.4384291E-01
4.538431E-08,-1.4394833E-01
4.543431E-08,-1.4410645E-01
4.548431E-08,-1.4421187E-01
4.553431E-08,-1.4437000E-01
4.558431E-08,-1.4452812E-01
4.563431E-08,-1.4468625E-01
4.568431E-08,-1.4484438E-01
4.573431E-08,-1.4505521E-01
4.578431E-08,-1.4521334E-01
4.583431E-08,-1.4537147E-01
4.588431E-08,-1.4558230E-01
4.593431E-08,-1.4574043E-01
4.598431E-08,-1.4589856E-01
4.603431E-08,-1.4610939E-01
4.608431E-08,-1.4626752E-01
4.613431E-08,-1.4642565E-01
4.618431E-08,-1.4658378E-01
4.623431E-08,-1.4668919E-01
4.628431E-08,-1.4684732E-01
4.633431E-08,-1.4695274E-01
4.638431E-08,-1.4705816E-01
4.643431E-08,-1.4716358E-01
4.648431E-08,-1.4726899E-01
4.653431E-08,-1.4732170E-01
4.658431E-08,-1.4742712E-01
4.663431E-08,-1.4747983E-01
4.668431E-08,-1.4758525E-01
4.673431E-08,-1.4763796E-01
4.678431E-08,-1.4769067E-01
4.683431E-08,-1.4774337E-01
4.688431E-08,-1.4779608E-01
4.693431E-08,-1.4790150E-01
4.698431E-08,-1.4795421E-01
4.703431E-08,-1.4805963E-01
4.708431E-08,-1.4816505E-01
4.713431E-08,-1.4827046E-01
4.718431E-08,-1.4837588E-01
4.723431E-08,-1.4848130E-01
4.728431E-08,-1.4863943E-01
4.733431E-08,-1.4874485E-01
4.738431E-08,-1.4890297E-01
4.743431E-08,-1.4906110E-01
4.748431E-08,-1.4927194E-01
4.753431E-08,-1.4943006E-01
4.758431E-08,-1.4964090E-01
4.763431E-08,-1.4979903E-01
4.768431E-08,-1.5000986E-01
4.773431E-08,-1.5016799E-01
4.778431E-08,-1.5037883E-01
4.783431E-08,-1.5053695E-01
4.788431E-08,-1.5074779E-01
4.793431E-08,-1.5090592E-01
4.798431E-08,-1.5106404E-01
4.803431E-08,-1.5122217E-01
4.808431E-08,-1.5132759E-01
4.813431E-08,-1.5143301E-01
4.818431E-08,-1.5153842E-01
4.823431E-08,-1.5164384E-01
4.828431E-08,-1.5169655E-01
4.833431E-08,-1.5174926E-01
4.838431E-08,-1.5174926E-01
4.843431E-08,-1.5180197E-01
4.848431E-08,-1.5174926E-01
4.853431E-08,-1.5174926E-01
4.858431E-08,-1.5169655E-01
4.863431E-08,-1.5164384E-01
4.868431E-08,-1.5159113E-01
4.873431E-08,-1.5148571E-01
4.878431E-08,-1.5143301E-01
4.883431E-08,-1.5132759E-01
4.888431E-08,-1.5122217E-01
4.893431E-08,-1.5111675E-01
4.898431E-08,-1.5101133E-01
4.903431E-08,-1.5090592E-01
4.908431E-08,-1.5085321E-01
4.913431E-08,-1.5074779E-01
4.918431E-08,-1.5069508E-01
4.923431E-08,-1.5058966E-01
4.928431E-08,-1.5053695E-01
4.933431E-08,-1.5048424E-01
4.938431E-08,-1.5048424E-01
4.943431E-08,-1.5043153E-01
4.948431E-08,-1.5043153E-01
4.953431E-08,-1.5037883E-01
4.958431E-08,-1.5037883E-01
4.963431E-08,-1.5037883E-01
4.968431E-08,-1.5037883E-01
4.973431E-08,-1.5037883E-01
4.978431E-08,-1.5037883E-01
4.983431E-08,-1.5037883E-01
4.988431E-08,-1.5032612E-01
4.993431E-08,-1.5032612E-01
4.998431E-08,-1.5032612E-01
5.003431E-08,-1.5032612E-01
5.008431E-08,-1.5032612E-01
5.013431E-08,-1.5027341E-01
5.018431E-08,-1.5027341E-01
5.023431E-08,-1.5022070E-01
5.028431E-08,-1.5016799E-01
5.033431E-08,-1.5016799E-01
5.038431E-08,-1.5011528E-01
5.043431E-08,-1.5006257E-01
5.048431E-08,-1.4995715E-01
5.053431E-08,-1.4990444E-01
5.058431E-08,-1.4985173E-01
5.063431E-08,-1.4979903E-01
5.068431E-08,-1.4974632E-01
5.073431E-08,-1.4969361E-01
5.078431E-08,-1.4964090E-01
5.083431E-08,-1.4958819E-01
5.088431E-08,-1.4958819E-01
5.093431E-08,-1.4953548E-01
5.098431E-08,-1.4948277E-01
5.103431E-08,-1.4948277E-01
5.108431E-08,-1.4948277E-01
5.113431E-08,-1.4948277E-01
5.118431E-08,-1.4948277E-01
5.123431E-08,-1.4948277E-01
5.128431E-08,-1.4948277E-01
5.133431E-08,-1.4948277E-01
5.138431E-08,-1.4953548E-01
5.143431E-08,-1.4953548E-01
5.148431E-08,-1.4958819E-01
5.153431E-08,-1.4964090E-01
5.158431E-08,-1.4964090E-01
5.163431E-08,-1.4969361E-01
5.168431E-08,-1.4974632E-01
5.173431E-08,-1.4974632E-01
5.178431E-08,-1.4979903E-01
5.183431E-08,-1.4979903E-01
5.188431E-08,-1.4979903E-01
5.193431E-08,-1.4979903E-01
5.198431E-08,-1.4979903E-01
5.203431E-08,-1.4979903E-01
5.208431E-08,-1.4979903E-01
5.213431E-08,-1.4974632E-01
5.218431E-08,-1.4974632E-01
5.223431E-08,-1.4969361E-01
5.228431E-08,-1.4964090E-01
5.233431E-08,-1.4958819E-01
5.238431E-08,-1.4953548E-01
5.243431E-08,-1.4948277E-01
5.248431E-08,-1.4937735E-01
5.253431E-08,-1.4932464E-01
5.258431E-08,-1.4927194E-01
5.263431E-08,-1.4921923E-01
5.268431E-08,-1.4916652E-01
5.273431E-08,-1.4906110E-01
5.278431E-08,-1.4900839E-01
5.283431E-08,-1.4900839E-01
5.288431E-08,-1.4895568E-01
5.293431E-08,-1.4890297E-01
5.298431E-08,-1.4890297E-01
5.303431E-08,-1.4890297E-01
5.308431E-08,-1.4890297E-01
5.313431E-08,-1.4890297E-01
5.318431E-08,-1.4890297E-01
5.323431E-08,-1.4895568E-01
5.328431E-08,-1.4895568E-01
5.333431E-08,-1.4900839E-01
5.338431E-08,-1.4906110E-01
5.343431E-08,-1.4911381E-01
5.348431E-08,-1.4916652E-01
5.353431E-08,-1.4921923E-01
5.358431E-08,-1.4927194E-01
5.363431E-08,-1.4932464E-01
5.368431E-08,-1.4937735E-01
5.373431E-08,-1.4943006E-01
5.378431E-08,-1.4948277E-01
5.383431E-08,-1.4953548E-01
5.388431E-08,-1.4958819E-01
5.393431E-08,-1.4964090E-01
5.398431E-08,-1.4964090E-01
5.403431E-08,-1.4969361E-01
5.408431E-08,-1.4969361E-01
5.413431E-08,-1.4969361E-01
5.418431E-08,-1.4969361E-01
5.423431E-08,-1.4964090E-01
5.428431E-08,-1.4964090E-01
5.433431E-08,-1.4958819E-01
5.438431E-08,-1.4958819E-01
5.443431E-08,-1.4953548E-01
5.448431E-08,-1.4948277E-01
5.453431E-08,-1.4943006E-01
5.458431E-08,-1.4937735E-01
5.463431E-08,-1.4937735E-01
5.468431E-08,-1.4932464E-01
5.473431E-08,-1.4927194E-01
5.478431E-08,-1.4927194E-01
5.483431E-08,-1.4921923E-01
5.488431E-08,-1.4921923E-01
5.493431E-08,-1.4921923E-01
5.498431E-08,-1.4921923E-01
5.503431E-08,-1.4921923E-01
5.508431E-08,-1.4921923E-01
5.513431E-08,-1.4921923E-01
5.518431E-08,-1.4927194E-01
5.523431E-08,-1.4932464E-01
5.528431E-08,-1.4932464E-01
5.533431E-08,-1.4937735E-01
5.538431E-08,-1.4943006E-01
5.543431E-08,-1.4948277E-01
5.548431E-08,-1.4948277E-01
5.553431E-08,-1.4953548E-01
5.558431E-08,-1.4958819E-01
5.563431E-08,-1.4964090E-01
5.568431E-08,-1.4964090E-01
5.573431E-08,-1.4969361E-01
5.578431E-08,-1.4974632E-01
5.583431E-08,-1.4974632E-01
5.588431E-08,-1.4974632E-01
5.593431E-08,-1.4979903E-01
5.598431E-08,-1.4979903E-01
5.603431E-08,-1.4979903E-01
5.608431E-08,-1.4979903E-01
5.613431E-08,-1.4979903E-01
5.618431E-08,-1.4974632E-01
5.623431E-08,-1.4974632E-01
5.628431E-08,-1.4969361E-01
5.633431E-08,-1.4964090E-01
5.638431E-08,-1.4958819E-01
5.643431E-08,-1.4953548E-01
5.648431E-08,-1.4948277E-01
5.653431E-08,-1.4943006E-01
5.658431E-08,-1.4937735E-01
5.663431E-08,-1.4927194E-01
5.668431E-08,-1.4921923E-01
5.673431E-08,-1.4916652E-01
5.678431E-08,-1.4906110E-01
5.683431E-08,-1.4900839E-01
5.688431E-08,-1.4895568E-01
5.693431E-08,-1.4885026E-01
5.698431E-08,-1.4879755E-01
5.703431E-08,-1.4874485E-01
5.708431E-08,-1.4869214E-01
5.713431E-08,-1.4863943E-01
5.718431E-08,-1.4858672E-01
5.723431E-08,-1.4858672E-01
5.728431E-08,-1.4853401E-01
5.733431E-08,-1.4853401E-01
5.738431E-08,-1.4848130E-01
5.743431E-08,-1.4848130E-01
5.748431E-08,-1.4848130E-01
5.753431E-08,-1.4848130E-01
5.758431E-08,-1.4848130E-01
5.763431E-08,-1.4848130E-01
5.768431E-08,-1.4848130E-01
5.773431E-08,-1.4853401E-01
5.778431E-08,-1.4853401E-01
5.783431E-08,-1.4853401E-01
5.788431E-08,-1.4858672E-01
5.793431E-08,-1.4858672E-01
5.798431E-08,-1.4858672E-01
5.803431E-08,-1.4863943E-01
5.808431E-08,-1.4863943E-01
5.813431E-08,-1.4869214E-01
5.818431E-08,-1.4869214E-01
5.823431E-08,-1.4869214E-01
5.828431E-08,-1.4869214E-01
5.833431E-08,-1.4869214E-01
5.838431E-08,-1.4869214E-01
5.843431E-08,-1.4869214E-01
5.848431E-08,-1.4869214E-01
5.853431E-08,-1.4869214E-01
5.858431E-08,-1.4869214E-01
5.863431E-08,-1.4869214E-01
5.868431E-08,-1.4863943E-01
5.873431E-08,-1.4863943E-01
5.878431E-08,-1.4858672E-01
5.883431E-08,-1.4858672E-01
5.888431E-08,-1.4853401E-01
5.893431E-08,-1.4848130E-01
5.898431E-08,-1.4848130E-01
5.903431E-08,-1.4842859E-01
5.908431E-08,-1.4837588E-01
5.913431E-08,-1.4837588E-01
5.918431E-08,-1.4832317E-01
5.923431E-08,-1.4832317E-01
5.928431E-08,-1.4827046E-01
5.933431E-08,-1.4821776E-01
5.938431E-08,-1.4821776E-01
5.943431E-08,-1.4816505E-01
5.948431E-08,-1.4816505E-01
5.953431E-08,-1.4811234E-01
5.958431E-08,-1.4811234E-01
5.963431E-08,-1.4811234E-01
5.968431E-08,-1.4811234E-01
5.973431E-08,-1.4805963E-01
5.978431E-08,-1.4805963E-01
5.983431E-08,-1.4805963E-01
5.988431E-08,-1.4805963E-01
5.993431E-08,-1.4805963E-01
5.998431E-08,-1.4805963E-01
6.003431E-08,-1.4805963E-01
6.008431E-08,-1.4805963E-01
6.013431E-08,-1.4805963E-01
6.018431E-08,-1.4811234E-01
6.023431E-08,-1.4811234E-01
6.028431E-08,-1.4811234E-01
6.033431E-08,-1.4811234E-01
6.038431E-08,-1.4816505E-01
6.043431E-08,-1.4816505E-01
6.048431E-08,-1.4821776E-01
6.053431E-08,-1.4821776E-01
6.058431E-08,-1.4827046E-01
6.063431E-08,-1.4827046E-01
6.068431E-08,-1.4832317E-01
6.073431E-08,-1.4837588E-01
6.078431E-08,-1.4842859E-01
6.083431E-08,-1.4848130E-01
6.088431E-08,-1.4853401E-01
6.093431E-08,-1.4858672E-01
6.098431E-08,-1.4863943E-01
6.103431E-08,-1.4869214E-01
6.108431E-08,-1.4874485E-01
6.113431E-08,-1.4879755E-01
6.118431E-08,-1.4890297E-01
6.123431E-08,-1.4895568E-01
6.128431E-08,-1.4906110E-01
6.133431E-08,-1.4911381E-01
6.138431E-08,-1.4921923E-01
6.143431E-08,-1.4927194E-01
6.148431E-08,-1.4937735E-01
6.153431E-08,-1.4948277E-01
6.158431E-08,-1.4958819E-01
6.163431E-08,-1.4964090E-01
6.168431E-08,-1.4974632E-01
6.173431E-08,-1.4985173E-01
6.178431E-08,-1.4995715E-01
6.183431E-08,-1.5006257E-01
6.188431E-08,-1.5011528E-01
6.193431E-08,-1.5022070E-01
6.198431E-08,-1.5032612E-01
6.203431E-08,-1.5037883E-01
6.208431E-08,-1.5048424E-01
6.213431E-08,-1.5053695E-01
6.218431E-08,-1.5064237E-01
6.223431E-08,-1.5069508E-01
6.228431E-08,-1.5080050E-01
6.233431E-08,-1.5085321E-01
6.238431E-08,-1.5090592E-01
6.243431E-08,-1.5095862E-01
6.248431E-08,-1.5101133E-01
6.253431E-08,-1.5106404E-01
6.258431E-08,-1.5111675E-01
6.263431E-08,-1.5116946E-01
6.268431E-08,-1.5116946E-01
6.273431E-08,-1.5122217E-01
6.278431E-08,-1.5122217E-01
6.283431E-08,-1.5127488E-01
6.288431E-08,-1.5132759E-01
6.293431E-08,-1.5132759E-01
6.298431E-08,-1.5132759E-01
6.303431E-08,-1.5138030E-01
6.308431E-08,-1.5138030E-01
6.313431E-08,-1.5138030E-01
6.318431E-08,-1.5143301E-01
6.323431E-08,-1.5143301E-01
6.328431E-08,-1.5143301E-01
6.333431E-08,-1.5143301E-01
6.338431E-08,-1.5143301E-01
6.343431E-08,-1.5148571E-01
6.348431E-08,-1.5148571E-01
6.353431E-08,-1.5148571E-01
6.358431E-08,-1.5148571E-01
6.363431E-08,-1.5148571E-01
6.368431E-08,-1.5148571E-01
6.373431E-08,-1.5148571E-01
6.378431E-08,-1.5148571E-01
6.383431E-08,-1.5143301E-01
6.388431E-08,-1.5143301E-01
6.393431E-08,-1.5143301E-01
6.398431E-08,-1.5143301E-01
6.403431E-08,-1.5138030E-01
6.408431E-08,-1.5138030E-01
6.413431E-08,-1.5132759E-01
6.418431E-08,-1.5127488E-01
6.423431E-08,-1.5127488E-01
6.428431E-08,-1.5122217E-01
6.433431E-08,-1.5116946E-01
6.438431E-08,-1.5111675E-01
6.443431E-08,-1.5106404E-01
6.448431E-08,-1.5106404E-01
6.453431E-08,-1.5101133E-01
6.458431E-08,-1.5095862E-01
6.463431E-08,-1.5090592E-01
6.468431E-08,-1.5080050E-01
6.473431E-08,-1.5074779E-01
6.478431E-08,-1.5069508E-01
6.483431E-08,-1.5064237E-01
6.488431E-08,-1.5058966E-01
6.493431E-08,-1.5053695E-01
6.498431E-08,-1.5048424E-01
6.503431E-08,-1.5043153E-01
6.508431E-08,-1.5037883E-01
6.513431E-08,-1.5032612E-01
6.518431E-08,-1.5027341E-01
6.523431E-08,-1.5022070E-01
6.528431E-08,-1.5016799E-01
6.533431E-08,-1.5016799E-01
6.538431E-08,-1.5011528E-01
6.543431E-08,-1.5006257E-01
6.548431E-08,-1.5000986E-01
6.553431E-08,-1.4995715E-01
6.558431E-08,-1.4995715E-01
6.563431E-08,-1.4990444E-01
6.568431E-08,-1.4985173E-01
6.573431E-08,-1.4985173E-01
6.578431E-08,-1.4979903E-01
6.583431E-08,-1.4974632E-01
6.588431E-08,-1.4974632E-01
6.593431E-08,-1.4969361E-01
6.598431E-08,-1.4964090E-01
6.603431E-08,-1.4964090E-01
6.608431E-08,-1.4958819E-01
6.613431E-08,-1.4953548E-01
6.618431E-08,-1.4948277E-01
6.623431E-08,-1.4948277E-01
6.628431E-08,-1.4943006E-01
6.633431E-08,-1.4937735E-01
6.638431E-08,-1.4937735E-01
6.643431E-08,-1.4932464E-01
6.648431E-08,-1.4927194E-01
6.653431E-08,-1.4927194E-01
6.658431E-08,-1.4921923E-01
6.663431E-08,-1.4916652E-01
6.668431E-08,-1.4916652E-01
6.673431E-08,-1.4911381E-01
6.678431E-08,-1.4911381E-01
6.683431E-08,-1.4906110E-01
6.688431E-08,-1.4906110E-01
6.693431E-08,-1.4906110E-01
6.698431E-08,-1.4900839E-01
6.703431E-08,-1.4900839E-01
6.708431E-08,-1.4900839E-01
6.713431E-08,-1.4900839E-01
6.718431E-08,-1.4900839E-01
6.723431E-08,-1.4900839E-01
6.728431E-08,-1.4900839E-01
6.733431E-08,-1.4906110E-01
6.738431E-08,-1.4906110E-01
6.743431E-08,-1.4906110E-01
6.748431E-08,-1.4911381E-01
6.753431E-08,-1.4911381E-01
6.758431E-08,-1.4911381E-01
6.763431E-08,-1.4916652E-01
6.768431E-08,-1.4916652E-01
6.773431E-08,-1.4921923E-01
6.778431E-08,-1.4921923E-01
6.783431E-08,-1.4921923E-01
6.788431E-08,-1.4927194E-01
6.793431E-08,-1.4927194E-01
6.798431E-08,-1.4927194E-01
6.803431E-08,-1.4932464E-01
6.808431E-08,-1.4932464E-01
6.813431E-08,-1.4932464E-01
6.818431E-08,-1.4932464E-01
6.823431E-08,-1.4932464E-01
6.828431E-08,-1.4932464E-01
6.833431E-08,-1.4927194E-01
6.838431E-08,-1.4927194E-01
6.843431E-08,-1.4927194E-01
6.848431E-08,-1.4927194E-01
6.853431E-08,-1.4921923E-01
6.858431E-08,-1.4921923E-01
6.863431E-08,-1.4916652E-01
6.868431E-08,-1.4916652E-01
6.873431E-08,-1.4911381E-01
6.878431E-08,-1.4911381E-01
6.883431E-08,-1.4906110E-01
6.888431E-08,-1.4906110E-01
6.893431E-08,-1.4900839E-01
6.898431E-08,-1.4900839E-01
6.903431E-08,-1.4895568E-01
6.908431E-08,-1.4895568E-01
6.913431E-08,-1.4890297E-01
6.918431E-08,-1.4890297E-01
6.923431E-08,-1.4890297E-01
6.928431E-08,-1.4890297E-01
6.933431E-08,-1.4890297E-01
6.938431E-08,-1.4890297E-01
6.943431E-08,-1.4890297E-01
6.948431E-08,-1.4890297E-01
6.953431E-08,-1.4890297E-01
6.958431E-08,-1.4890297E-01
6.963431E-08,-1.4895568E-01
6.968431E-08,-1.4895568E-01
6.973431E-08,-1.4895568E-01
6.978431E-08,-1.4900839E-01
6.983431E-08,-1.4900839E-01
6.988431E-08,-1.4906110E-01
6.993431E-08,-1.4906110E-01
6.998431E-08,-1.4911381E-01
7.003431E-08,-1.4911381E-01
7.008431E-08,-1.4916652E-01
7.013431E-08,-1.4921923E-01
7.018431E-08,-1.4921923E-01
7.023431E-08,-1.4927194E-01
7.028431E-08,-1.4927194E-01
7.033431E-08,-1.4932464E-01
7.038431E-08,-1.4937735E-01
7.043431E-08,-1.4937735E-01
7.048431E-08,-1.4943006E-01
7.053431E-08,-1.4943006E-01
7.058431E-08,-1.4948277E-01
7.063431E-08,-1.4948277E-01
7.068431E-08,-1.4953548E-01
7.073431E-08,-1.4953548E-01
7.078431E-08,-1.4958819E-01
7.083431E-08,-1.4958819E-01
7.088431E-08,-1.4964090E-01
7.093431E-08,-1.4964090E-01
7.098431E-08,-1.4964090E-01
7.103431E-08,-1.4969361E-01
7.108431E-08,-1.4969361E-01
7.113431E-08,-1.4969361E-01
7.118431E-08,-1.4974632E-01
7.123431E-08,-1.4974632E-01
7.128431E-08,-1.4979903E-01
7.133431E-08,-1.4979903E-01
7.138431E-08,-1.4979903E-01
7.143431E-08,-1.4985173E-01
7.148431E-08,-1.4985173E-01
7.153431E-08,-1.4990444E-01
7.158431E-08,-1.4990444E-01
7.163431E-08,-1.4990444E-01
7.168431E-08,-1.4995715E-01
7.173431E-08,-1.4995715E-01
7.178431E-08,-1.4995715E-01
7.183431E-08,-1.5000986E-01
7.188431E-08,-1.5000986E-01
7.193431E-08,-1.5000986E-01
7.198431E-08,-1.5000986E-01
7.203431E-08,-1.5000986E-01
7.208431E-08,-1.5006257E-01
7.213431E-08,-1.5006257E-01
7.218431E-08,-1.5006257E-01
7.223431E-08,-1.5006257E-01
7.228431E-08,-1.5006257E-01
7.233431E-08,-1.5006257E-01
7.238431E-08,-1.5006257E-01
7.243431E-08,-1.5000986E-01
7.248431E-08,-1.5000986E-01
7.253431E-08,-1.5000986E-01
7.258431E-08,-1.5000986E-01
7.263431E-08,-1.5000986E-01
7.268431E-08,-1.4995715E-01
7.273431E-08,-1.4995715E-01
7.278431E-08,-1.4995715E-01
7.283431E-08,-1.4995715E-01
7.288431E-08,-1.4990444E-01
7.293431E-08,-1.4990444E-01
7.298431E-08,-1.4990444E-01
7.303431E-08,-1.4990444E-01
7.308431E-08,-1.4990444E-01
7.313431E-08,-1.4990444E-01
7.318431E-08,-1.4990444E-01
7.323431E-08,-1.4990444E-01
7.328431E-08,-1.4990444E-01
7.333431E-08,-1.4990444E-01
7.338431E-08,-1.4995715E-01
7.343431E-08,-1.4995715E-01
7.348431E-08,-1.4995715E-01
7.353431E-08,-1.5000986E-01
7.358431E-08,-1.5000986E-01
7.363431E-08,-1.5006257E-01
7.368431E-08,-1.5006257E-01
7.373431E-08,-1.5011528E-01
7.378431E-08,-1.5016799E-01
7.383431E-08,-1.5016799E-01
7.388431E-08,-1.5022070E-01
7.393431E-08,-1.5022070E-01
7.398431E-08,-1.5027341E-01
7.403431E-08,-1.5032612E-01
7.408431E-08,-1.5032612E-01
7.413431E-08,-1.5037883E-01
7.418431E-08,-1.5037883E-01
7.423431E-08,-1.5037883E-01
7.428431E-08,-1.5043153E-01
7.433431E-08,-1.5043153E-01
7.438431E-08,-1.5043153E-01
7.443431E-08,-1.5043153E-01
7.448431E-08,-1.5043153E-01
7.453431E-08,-1.5043153E-01
7.458431E-08,-1.5043153E-01
7.463431E-08,-1.5043153E-01
7.468431E-08,-1.5043153E-01
7.473431E-08,-1.5037883E-01
7.478431E-08,-1.5037883E-01
7.483431E-08,-1.5037883E-01
7.488431E-08,-1.5032612E-01
7.493431E-08,-1.5027341E-01
7.498431E-08,-1.5027341E-01
7.503431E-08,-1.5022070E-01
7.508431E-08,-1.5022070E-01
7.513431E-08,-1.5016799E-01
7.518431E-08,-1.5011528E-01
7.523431E-08,-1.5011528E-01
7.528431E-08,-1.5006257E-01
7.533431E-08,-1.5000986E-01
7.538431E-08,-1.5000986E-01
7.543431E-08,-1.4995715E-01
7.548431E-08,-1.4995715E-01
7.553431E-08,-1.4990444E-01
7.558431E-08,-1.4990444E-01
7.563431E-08,-1.4990444E-01
7.568431E-08,-1.4985173E-01
7.573431E-08,-1.4985173E-01
7.578431E-08,-1.4985173E-01
7.583431E-08,-1.4985173E-01
7.588431E-08,-1.4985173E-01
7.593431E-08,-1.4985173E-01
7.598431E-08,-1.4985173E-01
7.603431E-08,-1.4985173E-01
7.608431E-08,-1.4990444E-01
7.613431E-08,-1.4990444E-01
7.618431E-08,-1.4990444E-01
7.623431E-08,-1.4995715E-01
7.628431E-08,-1.4995715E-01
7.633431E-08,-1.4995715E-01
7.638431E-08,-1.5000986E-01
7.643431E-08,-1.5000986E-01
7.648431E-08,-1.5000986E-01
7.653431E-08,-1.5006257E-01
7.658431E-08,-1.5006257E-01
7.663431E-08,-1.5006257E-01
7.668431E-08,-1.5011528E-01
7.673431E-08,-1.5011528E-01
7.678431E-08,-1.5011528E-01
7.683431E-08,-1.5011528E-01
7.688431E-08,-1.5016799E-01
7.693431E-08,-1.5016799E-01
7.698431E-08,-1.5016799E-01
7.703431E-08,-1.5016799E-01
7.708431E-08,-1.5016799E-01
7.713431E-08,-1.5016799E-01
7.718431E-08,-1.5016799E-01
7.723431E-08,-1.5016799E-01
7.728431E-08,-1.5016799E-01
7.733431E-08,-1.5016799E-01
7.738431E-08,-1.5016799E-01
7.743431E-08,-1.5016799E-01
7.748431E-08,-1.5016799E-01
7.753431E-08,-1.5016799E-01
7.758431E-08,-1.5016799E-01
7.763431E-08,-1.5016799E-01
7.768431E-08,-1.5016799E-01
7.773431E-08,-1.5016799E-01
7.778431E-08,-1.5022070E-01
7.783431E-08,-1.5022070E-01
7.788431E-08,-1.5022070E-01
7.793431E-08,-1.5022070E-01
7.798431E-08,-1.5022070E-01
7.803431E-08,-1.5027341E-01
7.808431E-08,-1.5027341E-01
7.813431E-08,-1.5027341E-01
7.818431E-08,-1.5032612E-01
7.823431E-08,-1.5032612E-01
7.828431E-08,-1.5037883E-01
7.833431E-08,-1.5037883E-01
7.838431E-08,-1.5043153E-01
7.843431E-08,-1.5043153E-01
7.848431E-08,-1.5048424E-01
7.853431E-08,-1.5048424E-01
7.858431E-08,-1.5053695E-01
7.863431E-08,-1.5053695E-01
7.868431E-08,-1.5058966E-01
7.873431E-08,-1.5058966E-01
7.878431E-08,-1.5064237E-01
7.883431E-08,-1.5064237E-01
7.888431E-08,-1.5064237E-01
7.893431E-08,-1.5069508E-01
7.898431E-08,-1.5069508E-01
7.903431E-08,-1.5069508E-01
7.908431E-08,-1.5069508E-01
7.913431E-08,-1.5069508E-01
7.918431E-08,-1.5069508E-01
7.923431E-08,-1.5069508E-01
7.928431E-08,-1.5069508E-01
7.933431E-08,-1.5069508E-01
7.938431E-08,-1.5069508E-01
7.943431E-08,-1.5064237E-01
7.948431E-08,-1.5064237E-01
7.953431E-08,-1.5064237E-01
7.958431E-08,-1.5058966E-01
7.963431E-08,-1.5053695E-01
7.968431E-08,-1.5053695E-01
7.973431E-08,-1.5048424E-01
7.978431E-08,-1.5043153E-01
7.983431E-08,-1.5043153E-01
7.988431E-08,-1.5037883E-01
7.993431E-08,-1.5032612E-01
7.998431E-08,-1.5027341E-01
8.003431E-08,-1.5022070E-01
8.008431E-08,-1.5016799E-01
8.013431E-08,-1.5016799E-01
8.018431E-08,-1.5011528E-01
8.023431E-08,-1.5006257E-01
8.028431E-08,-1.5000986E-01
8.033431E-08,-1.4995715E-01
8.038431E-08,-1.4995715E-01
8.043431E-08,-1.4990444E-01
8.048431E-08,-1.4985173E-01
8.053431E-08,-1.4979903E-01
8.058431E-08,-1.4979903E-01
8.063431E-08,-1.4974632E-01
8.068431E-08,-1.4974632E-01
8.073431E-08,-1.4969361E-01
8.078431E-08,-1.4969361E-01
8.083431E-08,-1.4964090E-01
8.088431E-08,-1.4964090E-01
8.093431E-08,-1.4964090E-01
8.098431E-08,-1.4958819E-01
8.103431E-08,-1.4958819E-01
8.108431E-08,-1.4953548E-01
8.113431E-08,-1.4953548E-01
8.118431E-08,-1.4953548E-01
8.123431E-08,-1.4948277E-01
8.128431E-08,-1.4948277E-01
8.133431E-08,-1.4943006E-01
8.138431E-08,-1.4943006E-01
8.143431E-08,-1.4943006E-01
8.148431E-08,-1.4937735E-01
8.153431E-08,-1.4937735E-01
8.158431E-08,-1.4932464E-01
8.163431E-08,-1.4927194E-01
8.168431E-08,-1.4927194E-01
8.173431E-08,-1.4921923E-01
8.178431E-08,-1.4916652E-01
8.183431E-08,-1.4916652E-01
8.188431E-08,-1.4911381E-01
8.193431E-08,-1.4906110E-01
8.198431E-08,-1.4900839E-01
8.203431E-08,-1.4900839E-01
8.208431E-08,-1.4895568E-01
8.213431E-08,-1.4890297E-01
8.218431E-08,-1.4885026E-01
8.223431E-08,-1.4885026E-01
8.228431E-08,-1.4879755E-01
8.233431E-08,-1.4879755E-01
8.238431E-08,-1.4874485E-01
8.243431E-08,-1.4874485E-01
8.248431E-08,-1.4874485E-01
8.253431E-08,-1.4869214E-01
8.258431E-08,-1.4869214E-01
8.263431E-08,-1.4869214E-01
8.268431E-08,-1.4869214E-01
8.273431E-08,-1.4874485E-01
8.278431E-08,-1.4874485E-01
8.283431E-08,-1.4874485E-01
8.288431E-08,-1.4879755E-01
8.293431E-08,-1.4885026E-01
8.298431E-08,-1.4890297E-01
8.303431E-08,-1.4890297E-01
8.308431E-08,-1.4895568E-01
8.313431E-08,-1.4900839E-01
8.318431E-08,-1.4906110E-01
8.323431E-08,-1.4911381E-01
8.328431E-08,-1.4916652E-01
8.333431E-08,-1.4927194E-01
8.338431E-08,-1.4932464E-01
8.343431E-08,-1.4937735E-01
8.348431E-08,-1.4943006E-01
8.353431E-08,-1.4948277E-01
8.358431E-08,-1.4948277E-01
8.363431E-08,-1.4953548E-01
8.368431E-08,-1.4958819E-01
8.373431E-08,-1.4964090E-01
8.378431E-08,-1.4964090E-01
8.383431E-08,-1.4969361E-01
8.388431E-08,-1.4969361E-01
8.393431E-08,-1.4969361E-01
8.398431E-08,-1.4974632E-01
8.403431E-08,-1.4974632E-01
8.408431E-08,-1.4974632E-01
8.413431E-08,-1.4974632E-01
8.418431E-08,-1.4969361E-01
8.423431E-08,-1.4969361E-01
8.428431E-08,-1.4969361E-01
8.433431E-08,-1.4969361E-01
8.438431E-08,-1.4964090E-01
8.443431E-08,-1.4964090E-01
8.448431E-08,-1.4964090E-01
8.453431E-08,-1.4958819E-01
8.458431E-08,-1.4958819E-01
8.463431E-08,-1.4958819E-01
8.468431E-08,-1.4958819E-01
8.473431E-08,-1.4958819E-01
8.478431E-08,-1.4958819E-01
8.483431E-08,-1.4958819E-01
8.488431E-08,-1.4958819E-01
8.493431E-08,-1.4958819E-01
8.498431E-08,-1.4958819E-01
8.503431E-08,-1.4964090E-01
8.508431E-08,-1.4964090E-01
8.513431E-08,-1.4969361E-01
8.518431E-08,-1.4969361E-01
8.523431E-08,-1.4974632E-01
8.528431E-08,-1.4974632E-01
8.533431E-08,-1.4979903E-01
8.538431E-08,-1.4985173E-01
8.543431E-08,-1.4985173E-01
8.548431E-08,-1.4990444E-01
8.553431E-08,-1.4995715E-01
8.558431E-08,-1.5000986E-01
8.563431E-08,-1.5000986E-01
8.568431E-08,-1.5006257E-01
8.573431E-08,-1.5006257E-01
8.578431E-08,-1.5011528E-01
8.583431E-08,-1.5011528E-01
8.588431E-08,-1.5011528E-01
8.593431E-08,-1.5016799E-01
8.598431E-08,-1.5016799E-01
8.603431E-08,-1.5016799E-01
8.608431E-08,-1.5016799E-01
8.613431E-08,-1.5011528E-01
8.618431E-08,-1.5011528E-01
8.623431E-08,-1.5011528E-01
8.628431E-08,-1.5006257E-01
8.633431E-08,-1.5006257E-01
8.638431E-08,-1.5000986E-01
8.643431E-08,-1.4995715E-01
8.648431E-08,-1.4995715E-01
8.653431E-08,-1.4990444E-01
8.658431E-08,-1.4985173E-01
8.663431E-08,-1.4985173E-01
8.668431E-08,-1.4979903E-01
8.673431E-08,-1.4974632E-01
8.678431E-08,-1.4974632E-01
8.683431E-08,-1.4969361E-01
8.688431E-08,-1.4969361E-01
8.693431E-08,-1.4964090E-01
8.698431E-08,-1.4964090E-01
8.703431E-08,-1.4958819E-01
8.708431E-08,-1.4958819E-01
8.713431E-08,-1.4958819E-01
8.718431E-08,-1.4958819E-01
8.723431E-08,-1.4958819E-01
8.728431E-08,-1.4958819E-01
8.733431E-08,-1.4964090E-01
8.738431E-08,-1.4964090E-01
8.743431E-08,-1.4964090E-01
8.748431E-08,-1.4964090E-01
8.753431E-08,-1.4969361E-01
8.758431E-08,-1.4969361E-01
8.763431E-08,-1.4974632E-01
8.768431E-08,-1.4974632E-01
8.773431E-08,-1.4974632E-01
8.778431E-08,-1.4979903E-01
8.783431E-08,-1.4979903E-01
8.788431E-08,-1.4979903E-01
8.793431E-08,-1.4985173E-01
8.798431E-08,-1.4985173E-01
8.803431E-08,-1.4985173E-01
8.808431E-08,-1.4985173E-01
8.813431E-08,-1.4985173E-01
8.818431E-08,-1.4985173E-01
8.823431E-08,-1.4985173E-01
8.828431E-08,-1.4985173E-01
8.833431E-08,-1.4979903E-01
8.838431E-08,-1.4979903E-01
8.843431E-08,-1.4979903E-01
8.848431E-08,-1.4974632E-01
8.853431E-08,-1.4974632E-01
8.858431E-08,-1.4974632E-01
8.863431E-08,-1.4974632E-01
8.868431E-08,-1.4969361E-01
8.873431E-08,-1.4969361E-01
8.878431E-08,-1.4969361E-01
8.883431E-08,-1.4969361E-01
8.888431E-08,-1.4964090E-01
8.893431E-08,-1.4964090E-01
8.898431E-08,-1.4964090E-01
8.903431E-08,-1.4964090E-01
8.908431E-08,-1.4964090E-01
8.913431E-08,-1.4964090E-01
8.918431E-08,-1.4964090E-01
8.923431E-08,-1.4964090E-01
8.928431E-08,-1.4969361E-01
8.933431E-08,-1.4969361E-01
8.938431E-08,-1.4969361E-01
8.943431E-08,-1.4969361E-01
8.948431E-08,-1.4969361E-01
8.953431E-08,-1.4969361E-01
8.958431E-08,-1.4974632E-01
8.963431E-08,-1.4974632E-01
8.968431E-08,-1.4974632E-01
8.973431E-08,-1.4974632E-01
8.978431E-08,-1.4974632E-01
8.983431E-08,-1.4974632E-01
8.988431E-08,-1.4969361E-01
8.993431E-08,-1.4969361E-01
8.998431E-08,-1.4969361E-01
9.003431E-08,-1.4964090E-01
9.008431E-08,-1.4964090E-01
9.013431E-08,-1.4958819E-01
9.018431E-08,-1.4953548E-01
9.023431E-08,-1.4948277E-01
9.028431E-08,-1.4948277E-01
9.033431E-08,-1.4943006E-01
9.038431E-08,-1.4937735E-01
9.043431E-08,-1.4932464E-01
9.048431E-08,-1.4927194E-01
9.053431E-08,-1.4921923E-01
9.058431E-08,-1.4916652E-01
9.063431E-08,-1.4911381E-01
9.068431E-08,-1.4911381E-01
9.073431E-08,-1.4906110E-01
9.078431E-08,-1.4900839E-01
9.083431E-08,-1.4900839E-01
9.088431E-08,-1.4895568E-01
9.093431E-08,-1.4895568E-01
9.098431E-08,-1.4895568E-01
9.103431E-08,-1.4890297E-01
9.108431E-08,-1.4890297E-01
9.113431E-08,-1.4895568E-01
9.118431E-08,-1.4895568E-01
9.123431E-08,-1.4895568E-01
9.128431E-08,-1.4900839E-01
9.133431E-08,-1.4900839E-01
9.138431E-08,-1.4906110E-01
9.143431E-08,-1.4911381E-01
9.148431E-08,-1.4916652E-01
9.153431E-08,-1.4916652E-01
9.158431E-08,-1.4921923E-01
9.163431E-08,-1.4927194E-01
9.168431E-08,-1.4932464E-01
9.173431E-08,-1.4937735E-01
9.178431E-08,-1.4943006E-01
9.183431E-08,-1.4948277E-01
9.188431E-08,-1.4953548E-01
9.193431E-08,-1.4958819E-01
9.198431E-08,-1.4964090E-01
9.203431E-08,-1.4969361E-01
9.208431E-08,-1.4969361E-01
9.213431E-08,-1.4974632E-01
9.218431E-08,-1.4974632E-01
9.223431E-08,-1.4979903E-01
9.228431E-08,-1.4979903E-01
9.233431E-08,-1.4979903E-01
9.238431E-08,-1.4979903E-01
9.243431E-08,-1.4979903E-01
9.248431E-08,-1.4979903E-01
9.253431E-08,-1.4979903E-01
9.258431E-08,-1.4974632E-01
9.263431E-08,-1.4974632E-01
9.268431E-08,-1.4974632E-01
9.273431E-08,-1.4969361E-01
9.278431E-08,-1.4969361E-01
9.283431E-08,-1.4964090E-01
9.288431E-08,-1.4958819E-01
9.293431E-08,-1.4958819E-01
9.298431E-08,-1.4953548E-01
9.303431E-08,-1.4953548E-01
9.308431E-08,-1.4948277E-01
9.313431E-08,-1.4948277E-01
9.318431E-08,-1.4943006E-01
9.323431E-08,-1.4943006E-01
9.328431E-08,-1.4937735E-01
9.333431E-08,-1.4937735E-01
9.338431E-08,-1.4937735E-01
9.343431E-08,-1.4932464E-01
9.348431E-08,-1.4932464E-01
9.353431E-08,-1.4932464E-01
9.358431E-08,-1.4927194E-01
9.363431E-08,-1.4927194E-01
9.368431E-08,-1.4921923E-01
9.373431E-08,-1.4921923E-01
9.378431E-08,-1.4921923E-01
9.383431E-08,-1.4916652E-01
9.388431E-08,-1.4916652E-01
9.393431E-08,-1.4911381E-01
9.398431E-08,-1.4911381E-01
9.403431E-08,-1.4906110E-01
9.408431E-08,-1.4906110E-01
9.413431E-08,-1.4900839E-01
9.418431E-08,-1.4900839E-01
9.423431E-08,-1.4895568E-01
9.428431E-08,-1.4890297E-01
9.433431E-08,-1.4890297E-01
9.438431E-08,-1.4885026E-01
9.443431E-08,-1.4879755E-01
9.448431E-08,-1.4874485E-01
9.453431E-08,-1.4874485E-01
9.458431E-08,-1.4869214E-01
9.463431E-08,-1.4869214E-01
9.468431E-08,-1.4863943E-01
9.473431E-08,-1.4863943E-01
9.478431E-08,-1.4858672E-01
9.483431E-08,-1.4858672E-01
9.488431E-08,-1.4858672E-01
9.493431E-08,-1.4858672E-01
9.498431E-08,-1.4858672E-01
9.503431E-08,-1.4858672E-01
9.508431E-08,-1.4858672E-01
9.513431E-08,-1.4863943E-01
9.518431E-08,-1.4863943E-01
9.523431E-08,-1.4869214E-01
9.528431E-08,-1.4869214E-01
9.533431E-08,-1.4874485E-01
9.538431E-08,-1.4879755E-01
9.543431E-08,-1.4885026E-01
9.548431E-08,-1.4895568E-01
9.553431E-08,-1.4900839E-01
9.558431E-08,-1.4906110E-01
9.563431E-08,-1.4911381E-01
9.568431E-08,-1.4921923E-01
9.573431E-08,-1.4927194E-01
9.578431E-08,-1.4937735E-01
9.583431E-08,-1.4943006E-01
9.588431E-08,-1.4953548E-01
9.593431E-08,-1.4958819E-01
9.598431E-08,-1.4969361E-01
9.603431E-08,-1.4974632E-01
9.608431E-08,-1.4985173E-01
9.613431E-08,-1.4990444E-01
9.618431E-08,-1.4995715E-01
9.623431E-08,-1.5006257E-01
9.628431E-08,-1.5011528E-01
9.633431E-08,-1.5016799E-01
9.638431E-08,-1.5022070E-01
9.643431E-08,-1.5027341E-01
9.648431E-08,-1.5027341E-01
9.653431E-08,-1.5032612E-01
9.658431E-08,-1.5037883E-01
9.663431E-08,-1.5037883E-01
9.668431E-08,-1.5043153E-01
9.673431E-08,-1.5043153E-01
9.678431E-08,-1.5048424E-01
9.683431E-08,-1.5048424E-01
9.688431E-08,-1.5048424E-01
9.693431E-08,-1.5048424E-01
9.698431E-08,-1.5053695E-01
9.703431E-08,-1.5053695E-01
9.708431E-08,-1.5053695E-01
9.713431E-08,-1.5053695E-01
9.718431E-08,-1.5053695E-01
9.723431E-08,-1.5053695E-01
9.728431E-08,-1.5053695E-01
9.733431E-08,-1.5053695E-01
9.738431E-08,-1.5053695E-01
9.743431E-08,-1.5053695E-01
9.748431E-08,-1.5053695E-01
9.753431E-08,-1.5048424E-01
9.758431E-08,-1.5048424E-01
9.763431E-08,-1.5048424E-01
9.768431E-08,-1.5048424E-01
9.773431E-08,-1.5043153E-01
9.778431E-08,-1.5043153E-01
9.783431E-08,-1.5043153E-01
9.788431E-08,-1.5037883E-01
9.793431E-08,-1.5037883E-01
9.798431E-08,-1.5037883E-01
9.803431E-08,-1.5032612E-01
9.808431E-08,-1.5032612E-01
9.813431E-08,-1.5027341E-01
9.818431E-08,-1.5027341E-01
9.823431E-08,-1.5022070E-01
9.828431E-08,-1.5022070E-01
9.833431E-08,-1.5016799E-01
9.838431E-08,-1.5016799E-01
9.843431E-08,-1.5016799E-01
9.848431E-08,-1.5011528E-01
9.853431E-08,-1.5011528E-01
9.858431E-08,-1.5011528E-01
9.863431E-08,-1.5006257E-01
9.868431E-08,-1.5006257E-01
9.873431E-08,-1.5006257E-01
9.878431E-08,-1.5006257E-01
9.883431E-08,-1.5006257E-01
9.888431E-08,-1.5006257E-01
9.893431E-08,-1.5006257E-01
9.898431E-08,-1.5006257E-01
9.903431E-08,-1.5006257E-01
9.908431E-08,-1.5006257E-01
9.913431E-08,-1.5006257E-01
9.918431E-08,-1.5006257E-01
9.923431E-08,-1.5011528E-01
9.928431E-08,-1.5011528E-01
9.933431E-08,-1.5011528E-01
9.938431E-08,-1.5011528E-01
9.943431E-08,-1.5011528E-01
9.948431E-08,-1.5011528E-01
9.953431E-08,-1.5011528E-01
9.958431E-08,-1.5011528E-01
9.963431E-08,-1.5011528E-01
9.968431E-08,-1.5011528E-01
9.973431E-08,-1.5011528E-01
9.978431E-08,-1.5011528E-01
9.983431E-08,-1.5006257E-01
9.988431E-08,-1.5006257E-01
9.993431E-08,-1.5006257E-01
9.998431E-08,-1.5000986E-01
1.0003431E-07,-1.5000986E-01
1.0008431E-07,-1.4995715E-01
1.0013431E-07,-1.4990444E-01
1.0018431E-07,-1.4990444E-01
1.0023431E-07,-1.4985173E-01
1.0028431E-07,-1.4979903E-01
1.0033431E-07,-1.4979903E-01
1.0038431E-07,-1.4974632E-01
1.0043431E-07,-1.4969361E-01
1.0048431E-07,-1.4964090E-01
1.0053431E-07,-1.4964090E-01
1.0058431E-07,-1.4958819E-01
1.0063431E-07,-1.4953548E-01
1.0068431E-07,-1.4953548E-01
1.0073431E-07,-1.4953548E-01
1.0078431E-07,-1.4948277E-01
1.0083431E-07,-1.4948277E-01
1.0088431E-07,-1.4948277E-01
1.0093431E-07,-1.4943006E-01
1.0098431E-07,-1.4943006E-01
1.0103431E-07,-1.4943006E-01
1.0108431E-07,-1.4943006E-01
1.0113431E-07,-1.4948277E-01
1.0118431E-07,-1.4948277E-01
1.0123431E-07,-1.4948277E-01
1.0128431E-07,-1.4948277E-01
1.0133431E-07,-1.4953548E-01
1.0138431E-07,-1.4953548E-01
1.0143431E-07,-1.4953548E-01
1.0148431E-07,-1.4958819E-01
1.0153431E-07,-1.4958819E-01
1.0158431E-07,-1.4958819E-01
1.0163431E-07,-1.4958819E-01
1.0168431E-07,-1.4964090E-01
1.0173431E-07,-1.4964090E-01
1.0178431E-07,-1.4964090E-01
1.0183431E-07,-1.4964090E-01
1.0188431E-07,-1.4964090E-01
1.0193431E-07,-1.4958819E-01
1.0198431E-07,-1.4958819E-01
1.0203431E-07,-1.4958819E-01
1.0208431E-07,-1.4953548E-01
1.0213431E-07,-1.4953548E-01
1.0218431E-07,-1.4948277E-01
1.0223431E-07,-1.4948277E-01
1.0228431E-07,-1.4943006E-01
1.0233431E-07,-1.4937735E-01
1.0238431E-07,-1.4937735E-01
1.0243431E-07,-1.4932464E-01
1.0248431E-07,-1.4927194E-01
1.0253431E-07,-1.4927194E-01
1.0258431E-07,-1.4921923E-01
1.0263431E-07,-1.4921923E-01
1.0268431E-07,-1.4921923E-01
1.0273431E-07,-1.4916652E-01
1.0278431E-07,-1.4916652E-01
1.0283431E-07,-1.4916652E-01
1.0288431E-07,-1.4916652E-01
1.0293431E-07,-1.4916652E-01
1.0298431E-07,-1.4921923E-01
1.0303431E-07,-1.4921923E-01
1.0308431E-07,-1.4927194E-01
1.0313431E-07,-1.4932464E-01
1.0318431E-07,-1.4932464E-01
1.0323431E-07,-1.4937735E-01
1.0328431E-07,-1.4943006E-01
1.0333431E-07,-1.4953548E-01
1.0338431E-07,-1.4958819E-01
1.0343431E-07,-1.4964090E-01
1.0348431E-07,-1.4974632E-01
1.0353431E-07,-1.4979903E-01
1.0358431E-07,-1.4985173E-01
1.0363431E-07,-1.4995715E-01
1.0368431E-07,-1.5000986E-01
1.0373431E-07,-1.5006257E-01
1.0378431E-07,-1.5016799E-01
1.0383431E-07,-1.5022070E-01
1.0388431E-07,-1.5027341E-01
1.0393431E-07,-1.5032612E-01
1.0398431E-07,-1.5032612E-01
1.0403431E-07,-1.5037883E-01
1.0408431E-07,-1.5043153E-01
1.0413431E-07,-1.5043153E-01
1.0418431E-07,-1.5043153E-01
1.0423431E-07,-1.5043153E-01
1.0428431E-07,-1.5043153E-01
1.0433431E-07,-1.5043153E-01
1.0438431E-07,-1.5037883E-01
1.0443431E-07,-1.5037883E-01
1.0448431E-07,-1.5032612E-01
1.0453431E-07,-1.5027341E-01
1.0458431E-07,-1.5022070E-01
1.0463431E-07,-1.5016799E-01
1.0468431E-07,-1.5011528E-01
1.0473431E-07,-1.5006257E-01
1.0478431E-07,-1.5000986E-01
1.0483431E-07,-1.4995715E-01
1.0488431E-07,-1.4990444E-01
1.0493431E-07,-1.4979903E-01
1.0498431E-07,-1.4974632E-01
1.0503431E-07,-1.4969361E-01
1.0508431E-07,-1.4964090E-01
1.0513431E-07,-1.4958819E-01
1.0518431E-07,-1.4953548E-01
1.0523431E-07,-1.4948277E-01
1.0528431E-07,-1.4943006E-01
1.0533431E-07,-1.4937735E-01
1.0538431E-07,-1.4937735E-01
1.0543431E-07,-1.4932464E-01
1.0548431E-07,-1.4932464E-01
1.0553431E-07,-1.4927194E-01
1.0558431E-07,-1.4927194E-01
1.0563431E-07,-1.4927194E-01
1.0568431E-07,-1.4927194E-01
1.0573431E-07,-1.4927194E-01
1.0578431E-07,-1.4932464E-01
1.0583431E-07,-1.4932464E-01
1.0588431E-07,-1.4937735E-01
1.0593431E-07,-1.4937735E-01
1.0598431E-07,-1.4943006E-01
1.0603431E-07,-1.4943006E-01
1.0608431E-07,-1.4948277E-01
1.0613431E-07,-1.4953548E-01
1.0618431E-07,-1.4953548E-01
1.0623431E-07,-1.4958819E-01
1.0628431E-07,-1.4964090E-01
1.0633431E-07,-1.4964090E-01
1.0638431E-07,-1.4969361E-01
1.0643431E-07,-1.4974632E-01
1.0648431E-07,-1.4974632E-01
1.0653431E-07,-1.4979903E-01
1.0658431E-07,-1.4979903E-01
1.0663431E-07,-1.4985173E-01
1.0668431E-07,-1.4985173E-01
1.0673431E-07,-1.4990444E-01
1.0678431E-07,-1.4990444E-01
1.0683431E-07,-1.4990444E-01
1.0688431E-07,-1.4990444E-01
1.0693431E-07,-1.4990444E-01
1.0698431E-07,-1.4990444E-01
1.0703431E-07,-1.4990444E-01
1.0708431E-07,-1.4990444E-01
1.0713431E-07,-1.4990444E-01
1.0718431E-07,-1.4990444E-01
1.0723431E-07,-1.4990444E-01
1.0728431E-07,-1.4985173E-01
1.0733431E-07,-1.4985173E-01
1.0738431E-07,-1.4985173E-01
1.0743431E-07,-1.4979903E-01
1.0748431E-07,-1.4979903E-01
1.0753431E-07,-1.4974632E-01
1.0758431E-07,-1.4974632E-01
1.0763431E-07,-1.4969361E-01
1.0768431E-07,-1.4969361E-01
1.0773431E-07,-1.4964090E-01
1.0778431E-07,-1.4964090E-01
1.0783431E-07,-1.4964090E-01
1.0788431E-07,-1.4958819E-01
1.0793431E-07,-1.4958819E-01
1.0798431E-07,-1.4958819E-01
1.0803431E-07,-1.4953548E-01
1.0808431E-07,-1.4953548E-01
1.0813431E-07,-1.4953548E-01
1.0818431E-07,-1.4953548E-01
1.0823431E-07,-1.4953548E-01
1.0828431E-07,-1.4953548E-01
1.0833431E-07,-1.4953548E-01
1.0838431E-07,-1.4953548E-01
1.0843431E-07,-1.4958819E-01
1.0848431E-07,-1.4958819E-01
1.0853431E-07,-1.4958819E-01
1.0858431E-07,-1.4964090E-01
1.0863431E-07,-1.4964090E-01
1.0868431E-07,-1.4969361E-01
1.0873431E-07,-1.4974632E-01
1.0878431E-07,-1.4974632E-01
1.0883431E-07,-1.4979903E-01
1.0888431E-07,-1.4985173E-01
1.0893431E-07,-1.4990444E-01
1.0898431E-07,-1.4990444E-01
1.0903431E-07,-1.4995715E-01
1.0908431E-07,-1.5000986E-01
1.0913431E-07,-1.5006257E-01
1.0918431E-07,-1.5006257E-01
1.0923431E-07,-1.5011528E-01
1.0928431E-07,-1.5016799E-01
1.0933431E-07,-1.5016799E-01
1.0938431E-07,-1.5022070E-01
1.0943431E-07,-1.5027341E-01
1.0948431E-07,-1.5027341E-01
1.0953431E-07,-1.5032612E-01
1.0958431E-07,-1.5032612E-01
1.0963431E-07,-1.5037883E-01
1.0968431E-07,-1.5037883E-01
1.0973431E-07,-1.5037883E-01
1.0978431E-07,-1.5043153E-01
1.0983431E-07,-1.5043153E-01
1.0988431E-07,-1.5043153E-01
1.0993431E-07,-1.5043153E-01
1.0998431E-07,-1.5048424E-01
1.1003431E-07,-1.5048424E-01
1.1008431E-07,-1.5048424E-01
1.1013431E-07,-1.5048424E-01
1.1018431E-07,-1.5053695E-01
1.1023431E-07,-1.5053695E-01
1.1028431E-07,-1.5053695E-01
1.1033431E-07,-1.5053695E-01
1.1038431E-07,-1.5058966E-01
1.1043431E-07,-1.5058966E-01
1.1048431E-07,-1.5058966E-01
1.1053431E-07,-1.5058966E-01
1.1058431E-07,-1.5064237E-01
1.1063431E-07,-1.5064237E-01
1.1068431E-07,-1.5064237E-01
1.1073431E-07,-1.5069508E-01
1.1078431E-07,-1.5069508E-01
1.1083431E-07,-1.5069508E-01
1.1088431E-07,-1.5069508E-01
1.1093431E-07,-1.5074779E-01
1.1098431E-07,-1.5074779E-01
1.1103431E-07,-1.5074779E-01
1.1108431E-07,-1.5074779E-01
1.1113431E-07,-1.5074779E-01
1.1118431E-07,-1.5074779E-01
1.1123431E-07,-1.5074779E-01
1.1128431E-07,-1.5069508E-01
1.1133431E-07,-1.5069508E-01
1.1138431E-07,-1.5069508E-01
1.1143431E-07,-1.5064237E-01
1.1148431E-07,-1.5064237E-01
1.1153431E-07,-1.5058966E-01
1.1158431E-07,-1.5053695E-01
1.1163431E-07,-1.5053695E-01
1.1168431E-07,-1.5048424E-01
1.1173431E-07,-1.5043153E-01
1.1178431E-07,-1.5037883E-01
1.1183431E-07,-1.5032612E-01
1.1188431E-07,-1.5027341E-01
1.1193431E-07,-1.5022070E-01
1.1198431E-07,-1.5016799E-01
1.1203431E-07,-1.5011528E-01
1.1208431E-07,-1.5006257E-01
1.1213431E-07,-1.5000986E-01
1.1218431E-07,-1.4995715E-01
1.1223431E-07,-1.4990444E-01
1.1228431E-07,-1.4985173E-01
1.1233431E-07,-1.4979903E-01
1.1238431E-07,-1.4979903E-01
1.1243431E-07,-1.4974632E-01
1.1248431E-07,-1.4969361E-01
1.1253431E-07,-1.4969361E-01
1.1258431E-07,-1.4969361E-01
1.1263431E-07,-1.4964090E-01
1.1268431E-07,-1.4964090E-01
1.1273431E-07,-1.4964090E-01
1.1278431E-07,-1.4964090E-01
1.1283431E-07,-1.4964090E-01
1.1288431E-07,-1.4964090E-01
1.1293431E-07,-1.4964090E-01
1.1298431E-07,-1.4964090E-01
1.1303431E-07,-1.4964090E-01
1.1308431E-07,-1.4964090E-01
1.1313431E-07,-1.4964090E-01
1.1318431E-07,-1.4964090E-01
1.1323431E-07,-1.4964090E-01
1.1328431E-07,-1.4964090E-01
1.1333431E-07,-1.4964090E-01
1.1338431E-07,-1.4964090E-01
1.1343431E-07,-1.4964090E-01
1.1348431E-07,-1.4958819E-01
1.1353431E-07,-1.4958819E-01
1.1358431E-07,-1.4953548E-01
1.1363431E-07,-1.4953548E-01
1.1368431E-07,-1.4948277E-01
1.1373431E-07,-1.4943006E-01
1.1378431E-07,-1.4937735E-01
1.1383431E-07,-1.4932464E-01
1.1388431E-07,-1.4927194E-01
1.1393431E-07,-1.4921923E-01
1.1398431E-07,-1.4916652E-01
1.1403431E-07,-1.4911381E-01
1.1408431E-07,-1.4906110E-01
1.1413431E-07,-1.4900839E-01
1.1418431E-07,-1.4895568E-01
1.1423431E-07,-1.4890297E-01
1.1428431E-07,-1.4885026E-01
1.1433431E-07,-1.4879755E-01
1.1438431E-07,-1.4874485E-01
1.1443431E-07,-1.4869214E-01
1.1448431E-07,-1.4869214E-01
1.1453431E-07,-1.4863943E-01
1.1458431E-07,-1.4863943E-01
1.1463431E-07,-1.4863943E-01
1.1468431E-07,-1.4863943E-01
1.1473431E-07,-1.4863943E-01
1.1478431E-07,-1.4863943E-01
1.1483431E-07,-1.4863943E-01
1.1488431E-07,-1.4869214E-01
1.1493431E-07,-1.4869214E-01
1.1498431E-07,-1.4874485E-01
1.1503431E-07,-1.4879755E-01
1.1508431E-07,-1.4885026E-01
1.1513431E-07,-1.4890297E-01
1.1518431E-07,-1.4895568E-01
1.1523431E-07,-1.4900839E-01
1.1528431E-07,-1.4906110E-01
1.1533431E-07,-1.4911381E-01
1.1538431E-07,-1.4916652E-01
1.1543431E-07,-1.4921923E-01
1.1548431E-07,-1.4927194E-01
1.1553431E-07,-1.4927194E-01
1.1558431E-07,-1.4932464E-01
1.1563431E-07,-1.4937735E-01
1.1568431E-07,-1.4943006E-01
1.1573431E-07,-1.4943006E-01
1.1578431E-07,-1.4943006E-01
1.1583431E-07,-1.4948277E-01
1.1588431E-07,-1.4948277E-01
1.1593431E-07,-1.4948277E-01
1.1598431E-07,-1.4948277E-01
1.1603431E-07,-1.4948277E-01
1.1608431E-07,-1.4948277E-01
1.1613431E-07,-1.4943006E-01
1.1618431E-07,-1.4943006E-01
1.1623431E-07,-1.4943006E-01
1.1628431E-07,-1.4937735E-01
1.1633431E-07,-1.4937735E-01
1.1638431E-07,-1.4932464E-01
1.1643431E-07,-1.4927194E-01
1.1648431E-07,-1.4927194E-01
1.1653431E-07,-1.4921923E-01
1.1658431E-07,-1.4921923E-01
1.1663431E-07,-1.4916652E-01
1.1668431E-07,-1.4916652E-01
1.1673431E-07,-1.4911381E-01
1.1678431E-07,-1.4906110E-01
1.1683431E-07,-1.4906110E-01
1.1688431E-07,-1.4906110E-01
1.1693431E-07,-1.4900839E-01
1.1698431E-07,-1.4900839E-01
1.1703431E-07,-1.4900839E-01
1.1708431E-07,-1.4900839E-01
1.1713431E-07,-1.4895568E-01
1.1718431E-07,-1.4895568E-01
1.1723431E-07,-1.4895568E-01
1.1728431E-07,-1.4895568E-01
1.1733431E-07,-1.4895568E-01
1.1738431E-07,-1.4895568E-01
1.1743431E-07,-1.4895568E-01
1.1748431E-07,-1.4895568E-01
1.1753431E-07,-1.4895568E-01
1.1758431E-07,-1.4895568E-01
1.1763431E-07,-1.4895568E-01
1.1768431E-07,-1.4895568E-01
1.1773431E-07,-1.4895568E-01
1.1778431E-07,-1.4895568E-01
1.1783431E-07,-1.4895568E-01
1.1788431E-07,-1.4895568E-01
1.1793431E-07,-1.4895568E-01
1.1798431E-07,-1.4890297E-01
1.1803431E-07,-1.4890297E-01
1.1808431E-07,-1.4890297E-01
1.1813431E-07,-1.4890297E-01
1.1818431E-07,-1.4890297E-01
1.1823431E-07,-1.4890297E-01
1.1828431E-07,-1.4890297E-01
1.1833431E-07,-1.4885026E-01
1.1838431E-07,-1.4885026E-01
1.1843431E-07,-1.4885026E-01
1.1848431E-07,-1.4885026E-01
1.1853431E-07,-1.4885026E-01
1.1858431E-07,-1.4885026E-01
1.1863431E-07,-1.4885026E-01
1.1868431E-07,-1.4885026E-01
1.1873431E-07,-1.4890297E-01
1.1878431E-07,-1.4890297E-01
1.1883431E-07,-1.4890297E-01
1.1888431E-07,-1.4890297E-01
1.1893431E-07,-1.4890297E-01
1.1898431E-07,-1.4895568E-01
1.1903431E-07,-1.4895568E-01
1.1908431E-07,-1.4895568E-01
1.1913431E-07,-1.4900839E-01
1.1918431E-07,-1.4900839E-01
1.1923431E-07,-1.4900839E-01
1.1928431E-07,-1.4906110E-01
1.1933431E-07,-1.4906110E-01
1.1938431E-07,-1.4911381E-01
1.1943431E-07,-1.4911381E-01
1.1948431E-07,-1.4911381E-01
1.1953431E-07,-1.4916652E-01
1.1958431E-07,-1.4916652E-01
1.1963431E-07,-1.4916652E-01
1.1968431E-07,-1.4921923E-01
1.1973431E-07,-1.4921923E-01
1.1978431E-07,-1.4921923E-01
1.1983431E-07,-1.4921923E-01
1.1988431E-07,-1.4927194E-01
1.1993431E-07,-1.4927194E-01
1.1998431E-07,-1.4927194E-01
1.2003431E-07,-1.4932464E-01
1.2008431E-07,-1.4932464E-01
1.2013431E-07,-1.4932464E-01
1.2018431E-07,-1.4937735E-01
1.2023431E-07,-1.4937735E-01
1.2028431E-07,-1.4937735E-01
1.2033431E-07,-1.4943006E-01
1.2038431E-07,-1.4943006E-01
1.2043431E-07,-1.4948277E-01
1.2048431E-07,-1.4948277E-01
1.2053431E-07,-1.4948277E-01
1.2058431E-07,-1.4953548E-01
1.2063431E-07,-1.4958819E-01
1.2068431E-07,-1.4958819E-01
1.2073431E-07,-1.4964090E-01
1.2078431E-07,-1.4964090E-01
1.2083431E-07,-1.4969361E-01
1.2088431E-07,-1.4969361E-01
1.2093431E-07,-1.4974632E-01
1.2098431E-07,-1.4974632E-01
1.2103431E-07,-1.4979903E-01
1.2108431E-07,-1.4979903E-01
1.2113431E-07,-1.4985173E-01
1.2118431E-07,-1.4985173E-01
1.2123431E-07,-1.4985173E-01
1.2128431E-07,-1.4990444E-01
1.2133431E-07,-1.4990444E-01
1.2138431E-07,-1.4990444E-01
1.2143431E-07,-1.4990444E-01
1.2148431E-07,-1.4990444E-01
1.2153431E-07,-1.4990444E-01
1.2158431E-07,-1.4990444E-01
1.2163431E-07,-1.4990444E-01
1.2168431E-07,-1.4990444E-01
1.2173431E-07,-1.4990444E-01
1.2178431E-07,-1.4990444E-01
1.2183431E-07,-1.4990444E-01
1.2188431E-07,-1.4985173E-01
1.2193431E-07,-1.4985173E-01
1.2198431E-07,-1.4985173E-01
1.2203431E-07,-1.4985173E-01
1.2208431E-07,-1.4985173E-01
1.2213431E-07,-1.4985173E-01
1.2218431E-07,-1.4985173E-01
1.2223431E-07,-1.4985173E-01
1.2228431E-07,-1.4985173E-01
1.2233431E-07,-1.4985173E-01
1.2238431E-07,-1.4985173E-01
1.2243431E-07,-1.4985173E-01
1.2248431E-07,-1.4985173E-01
1.2253431E-07,-1.4990444E-01
1.2258431E-07,-1.4990444E-01
1.2263431E-07,-1.4995715E-01
1.2268431E-07,-1.4995715E-01
1.2273431E-07,-1.5000986E-01
1.2278431E-07,-1.5006257E-01
1.2283431E-07,-1.5006257E-01
1.2288431E-07,-1.5011528E-01
1.2293431E-07,-1.5016799E-01
1.2298431E-07,-1.5016799E-01
1.2303431E-07,-1.5022070E-01
1.2308431E-07,-1.5027341E-01
1.2313431E-07,-1.5027341E-01
1.2318431E-07,-1.5032612E-01
1.2323431E-07,-1.5032612E-01
1.2328431E-07,-1.5032612E-01
1.2333431E-07,-1.5032612E-01
1.2338431E-07,-1.5032612E-01
1.2343431E-07,-1.5032612E-01
1.2348431E-07,-1.5032612E-01
1.2353431E-07,-1.5032612E-01
1.2358431E-07,-1.5027341E-01
1.2363431E-07,-1.5027341E-01
1.2368431E-07,-1.5022070E-01
1.2373431E-07,-1.5016799E-01
1.2378431E-07,-1.5011528E-01
1.2383431E-07,-1.5006257E-01
1.2388431E-07,-1.5000986E-01
1.2393431E-07,-1.4990444E-01
1.2398431E-07,-1.4985173E-01
1.2403431E-07,-1.4979903E-01
1.2408431E-07,-1.4969361E-01
1.2413431E-07,-1.4964090E-01
1.2418431E-07,-1.4953548E-01
1.2423431E-07,-1.4948277E-01
1.2428431E-07,-1.4943006E-01
1.2433431E-07,-1.4932464E-01
1.2438431E-07,-1.4927194E-01
1.2443431E-07,-1.4921923E-01
1.2448431E-07,-1.4916652E-01
1.2453431E-07,-1.4911381E-01
1.2458431E-07,-1.4906110E-01
1.2463431E-07,-1.4900839E-01
1.2468431E-07,-1.4900839E-01
1.2473431E-07,-1.4895568E-01
1.2478431E-07,-1.4895568E-01
1.2483431E-07,-1.4895568E-01
1.2488431E-07,-1.4890297E-01
1.2493431E-07,-1.4890297E-01
1.2498431E-07,-1.4895568E-01
1.2503431E-07,-1.4895568E-01
1.2508431E-07,-1.4895568E-01
1.2513431E-07,-1.4900839E-01
1.2518431E-07,-1.4900839E-01
1.2523431E-07,-1.4906110E-01
1.2528431E-07,-1.4906110E-01
1.2533431E-07,-1.4911381E-01
1.2538431E-07,-1.4916652E-01
1.2543431E-07,-1.4921923E-01
1.2548431E-07,-1.4921923E-01
1.2553431E-07,-1.4927194E-01
1.2558431E-07,-1.4932464E-01
1.2563431E-07,-1.4932464E-01
1.2568431E-07,-1.4937735E-01
1.2573431E-07,-1.4943006E-01
1.2578431E-07,-1.4943006E-01
1.2583431E-07,-1.4948277E-01
1.2588431E-07,-1.4948277E-01
1.2593431E-07,-1.4948277E-01
1.2598431E-07,-1.4953548E-01
1.2603431E-07,-1.4953548E-01
1.2608431E-07,-1.4953548E-01
1.2613431E-07,-1.4953548E-01
1.2618431E-07,-1.4953548E-01
1.2623431E-07,-1.4953548E-01
1.2628431E-07,-1.4953548E-01
1.2633431E-07,-1.4953548E-01
1.2638431E-07,-1.4953548E-01
1.2643431E-07,-1.4953548E-01
1.2648431E-07,-1.4958819E-01
1.2653431E-07,-1.4958819E-01
1.2658431E-07,-1.4958819E-01
1.2663431E-07,-1.4958819E-01
1.2668431E-07,-1.4958819E-01
1.2673431E-07,-1.4958819E-01
1.2678431E-07,-1.4958819E-01
1.2683431E-07,-1.4958819E-01
1.2688431E-07,-1.4964090E-01
1.2693431E-07,-1.4964090E-01
1.2698431E-07,-1.4964090E-01
1.2703431E-07,-1.4969361E-01
1.2708431E-07,-1.4969361E-01
1.2713431E-07,-1.4974632E-01
1.2718431E-07,-1.4974632E-01
1.2723431E-07,-1.4974632E-01
1.2728431E-07,-1.4979903E-01
1.2733431E-07,-1.4979903E-01
1.2738431E-07,-1.4979903E-01
1.2743431E-07,-1.4985173E-01
1.2748431E-07,-1.4985173E-01
1.2753431E-07,-1.4985173E-01
1.2758431E-07,-1.4985173E-01
1.2763431E-07,-1.4985173E-01
1.2768431E-07,-1.4985173E-01
1.2773431E-07,-1.4985173E-01
1.2778431E-07,-1.4985173E-01
1.2783431E-07,-1.4979903E-01
1.2788431E-07,-1.4979903E-01
1.2793431E-07,-1.4979903E-01
1.2798431E-07,-1.4974632E-01
1.2803431E-07,-1.4974632E-01
1.2808431E-07,-1.4969361E-01
1.2813431E-07,-1.4964090E-01
1.2818431E-07,-1.4964090E-01
1.2823431E-07,-1.4958819E-01
1.2828431E-07,-1.4953548E-01
1.2833431E-07,-1.4948277E-01
1.2838431E-07,-1.4948277E-01
1.2843431E-07,-1.4943006E-01
1.2848431E-07,-1.4937735E-01
1.2853431E-07,-1.4937735E-01
1.2858431E-07,-1.4932464E-01
1.2863431E-07,-1.4932464E-01
1.2868431E-07,-1.4927194E-01
