-7.139099E-08,-1.4911381E-01
-7.134099E-08,-1.4911381E-01
-7.129099E-08,-1.4906110E-01
-7.124099E-08,-1.4900839E-01
-7.119099E-08,-1.4900839E-01
-7.114099E-08,-1.4895568E-01
-7.109099E-08,-1.4890297E-01
-7.104099E-08,-1.4885026E-01
-7.099099E-08,-1.4885026E-01
-7.094099E-08,-1.4879755E-01
-7.089099E-08,-1.4874485E-01
-7.084099E-08,-1.4869214E-01
-7.079099E-08,-1.4869214E-01
-7.074099E-08,-1.4863943E-01
-7.069099E-08,-1.4863943E-01
-7.064099E-08,-1.4858672E-01
-7.059099E-08,-1.4858672E-01
-7.054099E-08,-1.4853401E-01
-7.049099E-08,-1.4853401E-01
-7.044099E-08,-1.4853401E-01
-7.039099E-08,-1.4853401E-01
-7.034099E-08,-1.4853401E-01
-7.029099E-08,-1.4858672E-01
-7.024099E-08,-1.4858672E-01
-7.019099E-08,-1.4858672E-01
-7.014099E-08,-1.4863943E-01
-7.009099E-08,-1.4863943E-01
-7.004099E-08,-1.4869214E-01
-6.999099E-08,-1.4874485E-01
-6.994099E-08,-1.4879755E-01
-6.989099E-08,-1.4879755E-01
-6.984099E-08,-1.4885026E-01
-6.979099E-08,-1.4890297E-01
-6.974099E-08,-1.4895568E-01
-6.969099E-08,-1.4900839E-01
-6.964099E-08,-1.4906110E-01
-6.959099E-08,-1.4911381E-01
-6.954099E-08,-1.4911381E-01
-6.949099E-08,-1.4916652E-01
-6.944099E-08,-1.4921923E-01
-6.939099E-08,-1.4927194E-01
-6.934099E-08,-1.4927194E-01
-6.929099E-08,-1.4932464E-01
-6.924099E-08,-1.4932464E-01
-6.919099E-08,-1.4937735E-01
-6.914099E-08,-1.4937735E-01
-6.909099E-08,-1.4943006E-01
-6.904099E-08,-1.4943006E-01
-6.899099E-08,-1.4943006E-01
-6.894099E-08,-1.4948277E-01
-6.889099E-08,-1.4948277E-01
-6.884099E-08,-1.4948277E-01
-6.879099E-08,-1.4948277E-01
-6.874099E-08,-1.4948277E-01
-6.869099E-08,-1.4948277E-01
-6.864099E-08,-1.4948277E-01
-6.859099E-08,-1.4948277E-01
-6.854099E-08,-1.4948277E-01
-6.849099E-08,-1.4948277E-01
-6.844099E-08,-1.4948277E-01
-6.839099E-08,-1.4948277E-01
-6.834099E-08,-1.4948277E-01
-6.829099E-08,-1.4948277E-01
-6.824099E-08,-1.4948277E-01
-6.819099E-08,-1.4943006E-01
-6.814099E-08,-1.4943006E-01
-6.809099E-08,-1.4943006E-01
-6.804099E-08,-1.4943006E-01
-6.799099E-08,-1.4943006E-01
-6.794099E-08,-1.4943006E-01
-6.789099E-08,-1.4943006E-01
-6.784099E-08,-1.4937735E-01
-6.779099E-08,-1.4937735E-01
-6.774099E-08,-1.4937735E-01
-6.769099E-08,-1.4937735E-01
-6.764099E-08,-1.4937735E-01
-6.759099E-08,-1.4932464E-01
-6.754099E-08,-1.4932464E-01
-6.749099E-08,-1.4932464E-01
-6.744099E-08,-1.4932464E-01
-6.739099E-08,-1.4927194E-01
-6.734099E-08,-1.4927194E-01
-6.729099E-08,-1.4927194E-01
-6.724099E-08,-1.4927194E-01
-6.719099E-08,-1.4921923E-01
-6.714099E-08,-1.4921923E-01
-6.709099E-08,-1.4921923E-01
-6.704099E-08,-1.4921923E-01
-6.699099E-08,-1.4916652E-01
-6.694099E-08,-1.4916652E-01
-6.689099E-08,-1.4916652E-01
-6.684099E-08,-1.4916652E-01
-6.679099E-08,-1.4916652E-01
-6.674099E-08,-1.4916652E-01
-6.669099E-08,-1.4916652E-01
-6.664099E-08,-1.4916652E-01
-6.659099E-08,-1.4916652E-01
-6.654099E-08,-1.4916652E-01
-6.649099E-08,-1.4916652E-01
-6.644099E-08,-1.4916652E-01
-6.639099E-08,-1.4916652E-01
-6.634099E-08,-1.4916652E-01
-6.629099E-08,-1.4916652E-01
-6.624099E-08,-1.4916652E-01
-6.619099E-08,-1.4916652E-01
-6.614099E-08,-1.4916652E-01
-6.609099E-08,-1.4916652E-01
-6.604099E-08,-1.4916652E-01
-6.599099E-08,-1.4921923E-01
-6.594099E-08,-1.4921923E-01
-6.589099E-08,-1.4921923E-01
-6.584099E-08,-1.4921923E-01
-6.579099E-08,-1.4921923E-01
-6.574099E-08,-1.4921923E-01
-6.569099E-08,-1.4921923E-01
-6.564099E-08,-1.4921923E-01
-6.559099E-08,-1.4921923E-01
-6.554099E-08,-1.4921923E-01
-6.549099E-08,-1.4921923E-01
-6.544099E-08,-1.4921923E-01
-6.539099E-08,-1.4921923E-01
-6.534099E-08,-1.4921923E-01
-6.529099E-08,-1.4921923E-01
-6.524099E-08,-1.4921923E-01
-6.519099E-08,-1.4921923E-01
-6.514099E-08,-1.4921923E-01
-6.509099E-08,-1.4921923E-01
-6.504099E-08,-1.4921923E-01
-6.499099E-08,-1.4921923E-01
-6.494099E-08,-1.4921923E-01
-6.489099E-08,-1.4921923E-01
-6.484099E-08,-1.4927194E-01
-6.479099E-08,-1.4927194E-01
-6.474099E-08,-1.4927194E-01
-6.469099E-08,-1.4932464E-01
-6.464099E-08,-1.4932464E-01
-6.459099E-08,-1.4937735E-01
-6.454099E-08,-1.4937735E-01
-6.449099E-08,-1.4943006E-01
-6.444099E-08,-1.4943006E-01
-6.439099E-08,-1.4948277E-01
-6.434099E-08,-1.4948277E-01
-6.429099E-08,-1.4953548E-01
-6.424099E-08,-1.4953548E-01
-6.419099E-08,-1.4958819E-01
-6.414099E-08,-1.4958819E-01
-6.409099E-08,-1.4964090E-01
-6.404099E-08,-1.4964090E-01
-6.399099E-08,-1.4964090E-01
-6.394099E-08,-1.4969361E-01
-6.389099E-08,-1.4969361E-01
-6.384099E-08,-1.4969361E-01
-6.379099E-08,-1.4969361E-01
-6.374099E-08,-1.4969361E-01
-6.369099E-08,-1.4964090E-01
-6.364099E-08,-1.4964090E-01
-6.359099E-08,-1.4964090E-01
-6.354099E-08,-1.4958819E-01
-6.349099E-08,-1.4958819E-01
-6.344099E-08,-1.4953548E-01
-6.339099E-08,-1.4948277E-01
-6.334099E-08,-1.4948277E-01
-6.329099E-08,-1.4943006E-01
-6.324099E-08,-1.4937735E-01
-6.319099E-08,-1.4932464E-01
-6.314099E-08,-1.4927194E-01
-6.309099E-08,-1.4921923E-01
-6.304099E-08,-1.4916652E-01
-6.299099E-08,-1.4911381E-01
-6.294099E-08,-1.4911381E-01
-6.289099E-08,-1.4906110E-01
-6.284099E-08,-1.4900839E-01
-6.279099E-08,-1.4895568E-01
-6.274099E-08,-1.4895568E-01
-6.269099E-08,-1.4890297E-01
-6.264099E-08,-1.4890297E-01
-6.259099E-08,-1.4890297E-01
-6.254099E-08,-1.4885026E-01
-6.249099E-08,-1.4885026E-01
-6.244099E-08,-1.4885026E-01
-6.239099E-08,-1.4885026E-01
-6.234099E-08,-1.4885026E-01
-6.229099E-08,-1.4885026E-01
-6.224099E-08,-1.4885026E-01
-6.219099E-08,-1.4885026E-01
-6.214099E-08,-1.4890297E-01
-6.209099E-08,-1.4890297E-01
-6.204099E-08,-1.4890297E-01
-6.199099E-08,-1.4895568E-01
-6.194099E-08,-1.4895568E-01
-6.189099E-08,-1.4895568E-01
-6.184099E-08,-1.4900839E-01
-6.179099E-08,-1.4900839E-01
-6.174099E-08,-1.4900839E-01
-6.169099E-08,-1.4906110E-01
-6.164099E-08,-1.4906110E-01
-6.159099E-08,-1.4906110E-01
-6.154099E-08,-1.4906110E-01
-6.149099E-08,-1.4906110E-01
-6.144099E-08,-1.4906110E-01
-6.139099E-08,-1.4906110E-01
-6.134099E-08,-1.4906110E-01
-6.129099E-08,-1.4900839E-01
-6.124099E-08,-1.4900839E-01
-6.119099E-08,-1.4900839E-01
-6.114099E-08,-1.4895568E-01
-6.109099E-08,-1.4895568E-01
-6.104099E-08,-1.4895568E-01
-6.099099E-08,-1.4890297E-01
-6.094099E-08,-1.4890297E-01
-6.089099E-08,-1.4885026E-01
-6.084099E-08,-1.4885026E-01
-6.079099E-08,-1.4879755E-01
-6.074099E-08,-1.4879755E-01
-6.069099E-08,-1.4879755E-01
-6.064099E-08,-1.4874485E-01
-6.059099E-08,-1.4874485E-01
-6.054099E-08,-1.4874485E-01
-6.049099E-08,-1.4874485E-01
-6.044099E-08,-1.4874485E-01
-6.039099E-08,-1.4874485E-01
-6.034099E-08,-1.4874485E-01
-6.029099E-08,-1.4874485E-01
-6.024099E-08,-1.4874485E-01
-6.019099E-08,-1.4874485E-01
-6.014099E-08,-1.4874485E-01
-6.009099E-08,-1.4879755E-01
-6.004099E-08,-1.4879755E-01
-5.999099E-08,-1.4879755E-01
-5.994099E-08,-1.4885026E-01
-5.989099E-08,-1.4885026E-01
-5.984099E-08,-1.4890297E-01
-5.979099E-08,-1.4890297E-01
-5.974099E-08,-1.4890297E-01
-5.969099E-08,-1.4895568E-01
-5.964099E-08,-1.4895568E-01
-5.959099E-08,-1.4900839E-01
-5.954099E-08,-1.4900839E-01
-5.949099E-08,-1.4900839E-01
-5.944099E-08,-1.4900839E-01
-5.939099E-08,-1.4906110E-01
-5.934099E-08,-1.4906110E-01
-5.929099E-08,-1.4906110E-01
-5.924099E-08,-1.4906110E-01
-5.919099E-08,-1.4906110E-01
-5.914099E-08,-1.4906110E-01
-5.909099E-08,-1.4906110E-01
-5.904099E-08,-1.4906110E-01
-5.899099E-08,-1.4906110E-01
-5.894099E-08,-1.4906110E-01
-5.889099E-08,-1.4906110E-01
-5.884099E-08,-1.4906110E-01
-5.879099E-08,-1.4906110E-01
-5.874099E-08,-1.4906110E-01
-5.869099E-08,-1.4906110E-01
-5.864099E-08,-1.4906110E-01
-5.859099E-08,-1.4911381E-01
-5.854099E-08,-1.4911381E-01
-5.849099E-08,-1.4911381E-01
-5.844099E-08,-1.4911381E-01
-5.839099E-08,-1.4911381E-01
-5.834099E-08,-1.4916652E-01
-5.829099E-08,-1.4916652E-01
-5.824099E-08,-1.4916652E-01
-5.819099E-08,-1.4921923E-01
-5.814099E-08,-1.4921923E-01
-5.809099E-08,-1.4927194E-01
-5.804099E-08,-1.4927194E-01
-5.799099E-08,-1.4927194E-01
-5.794099E-08,-1.4932464E-01
-5.789099E-08,-1.4932464E-01
-5.784099E-08,-1.4932464E-01
-5.779099E-08,-1.4937735E-01
-5.774099E-08,-1.4937735E-01
-5.769099E-08,-1.4937735E-01
-5.764099E-08,-1.4937735E-01
-5.759099E-08,-1.4943006E-01
-5.754099E-08,-1.4943006E-01
-5.749099E-08,-1.4943006E-01
-5.744099E-08,-1.4943006E-01
-5.739099E-08,-1.4943006E-01
-5.734099E-08,-1.4943006E-01
-5.729099E-08,-1.4943006E-01
-5.724099E-08,-1.4943006E-01
-5.719099E-08,-1.4943006E-01
-5.714099E-08,-1.4943006E-01
-5.709099E-08,-1.4943006E-01
-5.704099E-08,-1.4943006E-01
-5.699099E-08,-1.4943006E-01
-5.694099E-08,-1.4937735E-01
-5.689099E-08,-1.4937735E-01
-5.684099E-08,-1.4937735E-01
-5.679099E-08,-1.4937735E-01
-5.674099E-08,-1.4937735E-01
-5.669099E-08,-1.4937735E-01
-5.664099E-08,-1.4937735E-01
-5.659099E-08,-1.4937735E-01
-5.654099E-08,-1.4937735E-01
-5.649099E-08,-1.4937735E-01
-5.644099E-08,-1.4937735E-01
-5.639099E-08,-1.4937735E-01
-5.634099E-08,-1.4937735E-01
-5.629099E-08,-1.4937735E-01
-5.624099E-08,-1.4937735E-01
-5.619099E-08,-1.4937735E-01
-5.614099E-08,-1.4937735E-01
-5.609099E-08,-1.4937735E-01
-5.604099E-08,-1.4937735E-01
-5.599099E-08,-1.4937735E-01
-5.594099E-08,-1.4943006E-01
-5.589099E-08,-1.4943006E-01
-5.584099E-08,-1.4943006E-01
-5.579099E-08,-1.4943006E-01
-5.574099E-08,-1.4943006E-01
-5.569099E-08,-1.4943006E-01
-5.564099E-08,-1.4943006E-01
-5.559099E-08,-1.4943006E-01
-5.554099E-08,-1.4943006E-01
-5.549099E-08,-1.4943006E-01
-5.544099E-08,-1.4943006E-01
-5.539099E-08,-1.4943006E-01
-5.534099E-08,-1.4937735E-01
-5.529099E-08,-1.4937735E-01
-5.524099E-08,-1.4937735E-01
-5.519099E-08,-1.4937735E-01
-5.514099E-08,-1.4932464E-01
-5.509099E-08,-1.4932464E-01
-5.504099E-08,-1.4932464E-01
-5.499099E-08,-1.4932464E-01
-5.494099E-08,-1.4927194E-01
-5.489099E-08,-1.4927194E-01
-5.484099E-08,-1.4927194E-01
-5.479099E-08,-1.4921923E-01
-5.474099E-08,-1.4921923E-01
-5.469099E-08,-1.4921923E-01
-5.464099E-08,-1.4921923E-01
-5.459099E-08,-1.4921923E-01
-5.454099E-08,-1.4916652E-01
-5.449099E-08,-1.4916652E-01
-5.444099E-08,-1.4916652E-01
-5.439099E-08,-1.4916652E-01
-5.434099E-08,-1.4916652E-01
-5.429099E-08,-1.4916652E-01
-5.424099E-08,-1.4916652E-01
-5.419099E-08,-1.4916652E-01
-5.414099E-08,-1.4916652E-01
-5.409099E-08,-1.4916652E-01
-5.404099E-08,-1.4916652E-01
-5.399099E-08,-1.4916652E-01
-5.394099E-08,-1.4916652E-01
-5.389099E-08,-1.4916652E-01
-5.384099E-08,-1.4916652E-01
-5.379099E-08,-1.4916652E-01
-5.374099E-08,-1.4916652E-01
-5.369099E-08,-1.4916652E-01
-5.364099E-08,-1.4916652E-01
-5.359099E-08,-1.4916652E-01
-5.354099E-08,-1.4916652E-01
-5.349099E-08,-1.4921923E-01
-5.344099E-08,-1.4921923E-01
-5.339099E-08,-1.4921923E-01
-5.334099E-08,-1.4921923E-01
-5.329099E-08,-1.4921923E-01
-5.324099E-08,-1.4921923E-01
-5.319099E-08,-1.4921923E-01
-5.314099E-08,-1.4921923E-01
-5.309099E-08,-1.4927194E-01
-5.304099E-08,-1.4927194E-01
-5.299099E-08,-1.4927194E-01
-5.294099E-08,-1.4927194E-01
-5.289099E-08,-1.4932464E-01
-5.284099E-08,-1.4932464E-01
-5.279099E-08,-1.4932464E-01
-5.274099E-08,-1.4932464E-01
-5.269099E-08,-1.4937735E-01
-5.264099E-08,-1.4937735E-01
-5.259099E-08,-1.4937735E-01
-5.254099E-08,-1.4937735E-01
-5.249099E-08,-1.4937735E-01
-5.244099E-08,-1.4937735E-01
-5.239099E-08,-1.4943006E-01
-5.234099E-08,-1.4943006E-01
-5.229099E-08,-1.4943006E-01
-5.224099E-08,-1.4943006E-01
-5.219099E-08,-1.4937735E-01
-5.214099E-08,-1.4937735E-01
-5.209099E-08,-1.4937735E-01
-5.204099E-08,-1.4937735E-01
-5.199099E-08,-1.4932464E-01
-5.194099E-08,-1.4932464E-01
-5.189099E-08,-1.4927194E-01
-5.184099E-08,-1.4927194E-01
-5.179099E-08,-1.4921923E-01
-5.174099E-08,-1.4921923E-01
-5.169099E-08,-1.4916652E-01
-5.164099E-08,-1.4911381E-01
-5.159099E-08,-1.4906110E-01
-5.154099E-08,-1.4900839E-01
-5.149099E-08,-1.4900839E-01
-5.144099E-08,-1.4895568E-01
-5.139099E-08,-1.4890297E-01
-5.134099E-08,-1.4885026E-01
-5.129099E-08,-1.4879755E-01
-5.124099E-08,-1.4879755E-01
-5.119099E-08,-1.4874485E-01
-5.114099E-08,-1.4869214E-01
-5.109099E-08,-1.4869214E-01
-5.104099E-08,-1.4869214E-01
-5.099099E-08,-1.4863943E-01
-5.094099E-08,-1.4863943E-01
-5.089099E-08,-1.4863943E-01
-5.084099E-08,-1.4863943E-01
-5.079099E-08,-1.4863943E-01
-5.074099E-08,-1.4863943E-01
-5.069099E-08,-1.4869214E-01
-5.064099E-08,-1.4869214E-01
-5.059099E-08,-1.4874485E-01
-5.054099E-08,-1.4879755E-01
-5.049099E-08,-1.4879755E-01
-5.044099E-08,-1.4885026E-01
-5.039099E-08,-1.4890297E-01
-5.034099E-08,-1.4895568E-01
-5.029099E-08,-1.4900839E-01
-5.024099E-08,-1.4906110E-01
-5.019099E-08,-1.4911381E-01
-5.014099E-08,-1.4916652E-01
-5.009099E-08,-1.4921923E-01
-5.004099E-08,-1.4927194E-01
-4.999099E-08,-1.4932464E-01
-4.994099E-08,-1.4932464E-01
-4.989099E-08,-1.4937735E-01
-4.984099E-08,-1.4943006E-01
-4.979099E-08,-1.4943006E-01
-4.974099E-08,-1.4948277E-01
-4.969099E-08,-1.4948277E-01
-4.964099E-08,-1.4948277E-01
-4.959099E-08,-1.4948277E-01
-4.954099E-08,-1.4948277E-01
-4.949099E-08,-1.4948277E-01
-4.944099E-08,-1.4948277E-01
-4.939099E-08,-1.4948277E-01
-4.934099E-08,-1.4948277E-01
-4.929099E-08,-1.4943006E-01
-4.924099E-08,-1.4943006E-01
-4.919099E-08,-1.4943006E-01
-4.914099E-08,-1.4937735E-01
-4.909099E-08,-1.4937735E-01
-4.904099E-08,-1.4932464E-01
-4.899099E-08,-1.4932464E-01
-4.894099E-08,-1.4932464E-01
-4.889099E-08,-1.4927194E-01
-4.884099E-08,-1.4927194E-01
-4.879099E-08,-1.4927194E-01
-4.874099E-08,-1.4927194E-01
-4.869099E-08,-1.4927194E-01
-4.864099E-08,-1.4927194E-01
-4.859099E-08,-1.4927194E-01
-4.854099E-08,-1.4927194E-01
-4.849099E-08,-1.4932464E-01
-4.844099E-08,-1.4932464E-01
-4.839099E-08,-1.4932464E-01
-4.834099E-08,-1.4937735E-01
-4.829099E-08,-1.4937735E-01
-4.824099E-08,-1.4943006E-01
-4.819099E-08,-1.4943006E-01
-4.814099E-08,-1.4948277E-01
-4.809099E-08,-1.4948277E-01
-4.804099E-08,-1.4953548E-01
-4.799099E-08,-1.4958819E-01
-4.794099E-08,-1.4958819E-01
-4.789099E-08,-1.4958819E-01
-4.784099E-08,-1.4964090E-01
-4.779099E-08,-1.4964090E-01
-4.774099E-08,-1.4969361E-01
-4.769099E-08,-1.4969361E-01
-4.764099E-08,-1.4969361E-01
-4.759099E-08,-1.4969361E-01
-4.754099E-08,-1.4969361E-01
-4.749099E-08,-1.4969361E-01
-4.744099E-08,-1.4969361E-01
-4.739099E-08,-1.4964090E-01
-4.734099E-08,-1.4964090E-01
-4.729099E-08,-1.4964090E-01
-4.724099E-08,-1.4958819E-01
-4.719099E-08,-1.4958819E-01
-4.714099E-08,-1.4953548E-01
-4.709099E-08,-1.4953548E-01
-4.704099E-08,-1.4948277E-01
-4.699099E-08,-1.4948277E-01
-4.694099E-08,-1.4943006E-01
-4.689099E-08,-1.4943006E-01
-4.684099E-08,-1.4937735E-01
-4.679099E-08,-1.4937735E-01
-4.674099E-08,-1.4932464E-01
-4.669099E-08,-1.4932464E-01
-4.664099E-08,-1.4932464E-01
-4.659099E-08,-1.4932464E-01
-4.654099E-08,-1.4927194E-01
-4.649099E-08,-1.4927194E-01
-4.644099E-08,-1.4927194E-01
-4.639099E-08,-1.4927194E-01
-4.634099E-08,-1.4927194E-01
-4.629099E-08,-1.4927194E-01
-4.624099E-08,-1.4927194E-01
-4.619099E-08,-1.4932464E-01
-4.614099E-08,-1.4932464E-01
-4.609099E-08,-1.4932464E-01
-4.604099E-08,-1.4932464E-01
-4.599099E-08,-1.4932464E-01
-4.594099E-08,-1.4937735E-01
-4.589099E-08,-1.4937735E-01
-4.584099E-08,-1.4937735E-01
-4.579099E-08,-1.4937735E-01
-4.574099E-08,-1.4937735E-01
-4.569099E-08,-1.4937735E-01
-4.564099E-08,-1.4937735E-01
-4.559099E-08,-1.4937735E-01
-4.554099E-08,-1.4932464E-01
-4.549099E-08,-1.4932464E-01
-4.544099E-08,-1.4932464E-01
-4.539099E-08,-1.4927194E-01
-4.534099E-08,-1.4927194E-01
-4.529099E-08,-1.4927194E-01
-4.524099E-08,-1.4921923E-01
-4.519099E-08,-1.4921923E-01
-4.514099E-08,-1.4916652E-01
-4.509099E-08,-1.4911381E-01
-4.504099E-08,-1.4911381E-01
-4.499099E-08,-1.4906110E-01
-4.494099E-08,-1.4906110E-01
-4.489099E-08,-1.4900839E-01
-4.484099E-08,-1.4900839E-01
-4.479099E-08,-1.4900839E-01
-4.474099E-08,-1.4895568E-01
-4.469099E-08,-1.4895568E-01
-4.464099E-08,-1.4895568E-01
-4.459099E-08,-1.4895568E-01
-4.454099E-08,-1.4895568E-01
-4.449099E-08,-1.4895568E-01
-4.444099E-08,-1.4895568E-01
-4.439099E-08,-1.4895568E-01
-4.434099E-08,-1.4900839E-01
-4.429099E-08,-1.4900839E-01
-4.424099E-08,-1.4900839E-01
-4.419099E-08,-1.4906110E-01
-4.414099E-08,-1.4906110E-01
-4.409099E-08,-1.4911381E-01
-4.404099E-08,-1.4911381E-01
-4.399099E-08,-1.4916652E-01
-4.394099E-08,-1.4921923E-01
-4.389099E-08,-1.4921923E-01
-4.384099E-08,-1.4927194E-01
-4.379099E-08,-1.4927194E-01
-4.374099E-08,-1.4932464E-01
-4.369099E-08,-1.4937735E-01
-4.364099E-08,-1.4937735E-01
-4.359099E-08,-1.4943006E-01
-4.354099E-08,-1.4943006E-01
-4.349099E-08,-1.4943006E-01
-4.344099E-08,-1.4948277E-01
-4.339099E-08,-1.4948277E-01
-4.334099E-08,-1.4948277E-01
-4.329099E-08,-1.4948277E-01
-4.324099E-08,-1.4948277E-01
-4.319099E-08,-1.4948277E-01
-4.314099E-08,-1.4948277E-01
-4.309099E-08,-1.4948277E-01
-4.304099E-08,-1.4948277E-01
-4.299099E-08,-1.4948277E-01
-4.294099E-08,-1.4948277E-01
-4.289099E-08,-1.4948277E-01
-4.284099E-08,-1.4943006E-01
-4.279099E-08,-1.4943006E-01
-4.274099E-08,-1.4943006E-01
-4.269099E-08,-1.4943006E-01
-4.264099E-08,-1.4937735E-01
-4.259099E-08,-1.4937735E-01
-4.254099E-08,-1.4937735E-01
-4.249099E-08,-1.4932464E-01
-4.244099E-08,-1.4932464E-01
-4.239099E-08,-1.4932464E-01
-4.234099E-08,-1.4927194E-01
-4.229099E-08,-1.4927194E-01
-4.224099E-08,-1.4927194E-01
-4.219099E-08,-1.4921923E-01
-4.214099E-08,-1.4921923E-01
-4.209099E-08,-1.4916652E-01
-4.204099E-08,-1.4916652E-01
-4.199099E-08,-1.4911381E-01
-4.194099E-08,-1.4911381E-01
-4.189099E-08,-1.4906110E-01
-4.184099E-08,-1.4900839E-01
-4.179099E-08,-1.4900839E-01
-4.174099E-08,-1.4895568E-01
-4.169099E-08,-1.4890297E-01
-4.164099E-08,-1.4885026E-01
-4.159099E-08,-1.4885026E-01
-4.154099E-08,-1.4879755E-01
-4.149099E-08,-1.4874485E-01
-4.144099E-08,-1.4869214E-01
-4.139099E-08,-1.4863943E-01
-4.134099E-08,-1.4858672E-01
-4.129099E-08,-1.4853401E-01
-4.124099E-08,-1.4853401E-01
-4.119099E-08,-1.4848130E-01
-4.114099E-08,-1.4842859E-01
-4.109099E-08,-1.4837588E-01
-4.104099E-08,-1.4837588E-01
-4.099099E-08,-1.4832317E-01
-4.094099E-08,-1.4832317E-01
-4.089099E-08,-1.4827046E-01
-4.084099E-08,-1.4827046E-01
-4.079099E-08,-1.4827046E-01
-4.074099E-08,-1.4821776E-01
-4.069099E-08,-1.4821776E-01
-4.064099E-08,-1.4827046E-01
-4.059099E-08,-1.4827046E-01
-4.054099E-08,-1.4827046E-01
-4.049099E-08,-1.4832317E-01
-4.044099E-08,-1.4832317E-01
-4.039099E-08,-1.4837588E-01
-4.034099E-08,-1.4842859E-01
-4.029099E-08,-1.4848130E-01
-4.024099E-08,-1.4853401E-01
-4.019099E-08,-1.4858672E-01
-4.014099E-08,-1.4863943E-01
-4.009099E-08,-1.4869214E-01
-4.004099E-08,-1.4879755E-01
-3.999099E-08,-1.4885026E-01
-3.994099E-08,-1.4890297E-01
-3.989099E-08,-1.4895568E-01
-3.984099E-08,-1.4900839E-01
-3.979099E-08,-1.4911381E-01
-3.974099E-08,-1.4916652E-01
-3.969099E-08,-1.4921923E-01
-3.964099E-08,-1.4927194E-01
-3.959099E-08,-1.4932464E-01
-3.954099E-08,-1.4937735E-01
-3.949099E-08,-1.4937735E-01
-3.944099E-08,-1.4943006E-01
-3.939099E-08,-1.4948277E-01
-3.934099E-08,-1.4948277E-01
-3.929099E-08,-1.4948277E-01
-3.924099E-08,-1.4953548E-01
-3.919099E-08,-1.4953548E-01
-3.914099E-08,-1.4953548E-01
-3.909099E-08,-1.4953548E-01
-3.904099E-08,-1.4953548E-01
-3.899099E-08,-1.4953548E-01
-3.894099E-08,-1.4953548E-01
-3.889099E-08,-1.4953548E-01
-3.884099E-08,-1.4953548E-01
-3.879099E-08,-1.4948277E-01
-3.874099E-08,-1.4948277E-01
-3.869099E-08,-1.4948277E-01
-3.864099E-08,-1.4948277E-01
-3.859099E-08,-1.4943006E-01
-3.854099E-08,-1.4943006E-01
-3.849099E-08,-1.4943006E-01
-3.844099E-08,-1.4937735E-01
-3.839099E-08,-1.4937735E-01
-3.834099E-08,-1.4937735E-01
-3.829099E-08,-1.4937735E-01
-3.824099E-08,-1.4932464E-01
-3.819099E-08,-1.4932464E-01
-3.814099E-08,-1.4932464E-01
-3.809099E-08,-1.4932464E-01
-3.804099E-08,-1.4932464E-01
-3.799099E-08,-1.4927194E-01
-3.794099E-08,-1.4927194E-01
-3.789099E-08,-1.4927194E-01
-3.784099E-08,-1.4927194E-01
-3.779099E-08,-1.4927194E-01
-3.774099E-08,-1.4927194E-01
-3.769099E-08,-1.4927194E-01
-3.764099E-08,-1.4927194E-01
-3.759099E-08,-1.4921923E-01
-3.754099E-08,-1.4921923E-01
-3.749099E-08,-1.4921923E-01
-3.744099E-08,-1.4921923E-01
-3.739099E-08,-1.4921923E-01
-3.734099E-08,-1.4921923E-01
-3.729099E-08,-1.4921923E-01
-3.724099E-08,-1.4916652E-01
-3.719099E-08,-1.4916652E-01
-3.714099E-08,-1.4916652E-01
-3.709099E-08,-1.4916652E-01
-3.704099E-08,-1.4916652E-01
-3.699099E-08,-1.4911381E-01
-3.694099E-08,-1.4911381E-01
-3.689099E-08,-1.4911381E-01
-3.684099E-08,-1.4911381E-01
-3.679099E-08,-1.4911381E-01
-3.674099E-08,-1.4906110E-01
-3.669099E-08,-1.4906110E-01
-3.664099E-08,-1.4906110E-01
-3.659099E-08,-1.4906110E-01
-3.654099E-08,-1.4906110E-01
-3.649099E-08,-1.4906110E-01
-3.644099E-08,-1.4906110E-01
-3.639099E-08,-1.4900839E-01
-3.634099E-08,-1.4900839E-01
-3.629099E-08,-1.4900839E-01
-3.624099E-08,-1.4900839E-01
-3.619099E-08,-1.4900839E-01
-3.614099E-08,-1.4900839E-01
-3.609099E-08,-1.4900839E-01
-3.604099E-08,-1.4895568E-01
-3.599099E-08,-1.4895568E-01
-3.594099E-08,-1.4895568E-01
-3.589099E-08,-1.4895568E-01
-3.584099E-08,-1.4890297E-01
-3.579099E-08,-1.4890297E-01
-3.574099E-08,-1.4890297E-01
-3.569099E-08,-1.4885026E-01
-3.564099E-08,-1.4885026E-01
-3.559099E-08,-1.4879755E-01
-3.554099E-08,-1.4879755E-01
-3.549099E-08,-1.4874485E-01
-3.544099E-08,-1.4874485E-01
-3.539099E-08,-1.4869214E-01
-3.534099E-08,-1.4869214E-01
-3.529099E-08,-1.4863943E-01
-3.524099E-08,-1.4863943E-01
-3.519099E-08,-1.4863943E-01
-3.514099E-08,-1.4858672E-01
-3.509099E-08,-1.4858672E-01
-3.504099E-08,-1.4858672E-01
-3.499099E-08,-1.4858672E-01
-3.494099E-08,-1.4858672E-01
-3.489099E-08,-1.4858672E-01
-3.484099E-08,-1.4858672E-01
-3.479099E-08,-1.4858672E-01
-3.474099E-08,-1.4858672E-01
-3.469099E-08,-1.4858672E-01
-3.464099E-08,-1.4863943E-01
-3.459099E-08,-1.4863943E-01
-3.454099E-08,-1.4863943E-01
-3.449099E-08,-1.4869214E-01
-3.444099E-08,-1.4874485E-01
-3.439099E-08,-1.4874485E-01
-3.434099E-08,-1.4879755E-01
-3.429099E-08,-1.4885026E-01
-3.424099E-08,-1.4890297E-01
-3.419099E-08,-1.4890297E-01
-3.414099E-08,-1.4895568E-01
-3.409099E-08,-1.4900839E-01
-3.404099E-08,-1.4906110E-01
-3.399099E-08,-1.4911381E-01
-3.394099E-08,-1.4911381E-01
-3.389099E-08,-1.4916652E-01
-3.384099E-08,-1.4921923E-01
-3.379099E-08,-1.4921923E-01
-3.374099E-08,-1.4927194E-01
-3.369099E-08,-1.4927194E-01
-3.364099E-08,-1.4927194E-01
-3.359099E-08,-1.4932464E-01
-3.354099E-08,-1.4932464E-01
-3.349099E-08,-1.4932464E-01
-3.344099E-08,-1.4932464E-01
-3.339099E-08,-1.4932464E-01
-3.334099E-08,-1.4932464E-01
-3.329099E-08,-1.4932464E-01
-3.324099E-08,-1.4932464E-01
-3.319099E-08,-1.4927194E-01
-3.314099E-08,-1.4927194E-01
-3.309099E-08,-1.4927194E-01
-3.304099E-08,-1.4927194E-01
-3.299099E-08,-1.4921923E-01
-3.294099E-08,-1.4921923E-01
-3.289099E-08,-1.4921923E-01
-3.284099E-08,-1.4916652E-01
-3.279099E-08,-1.4916652E-01
-3.274099E-08,-1.4916652E-01
-3.269099E-08,-1.4911381E-01
-3.264099E-08,-1.4911381E-01
-3.259099E-08,-1.4911381E-01
-3.254099E-08,-1.4911381E-01
-3.249099E-08,-1.4911381E-01
-3.244099E-08,-1.4911381E-01
-3.239099E-08,-1.4911381E-01
-3.234099E-08,-1.4911381E-01
-3.229099E-08,-1.4911381E-01
-3.224099E-08,-1.4911381E-01
-3.219099E-08,-1.4911381E-01
-3.214099E-08,-1.4911381E-01
-3.209099E-08,-1.4916652E-01
-3.204099E-08,-1.4916652E-01
-3.199099E-08,-1.4916652E-01
-3.194099E-08,-1.4916652E-01
-3.189099E-08,-1.4916652E-01
-3.184099E-08,-1.4921923E-01
-3.179099E-08,-1.4921923E-01
-3.174099E-08,-1.4921923E-01
-3.169099E-08,-1.4921923E-01
-3.164099E-08,-1.4921923E-01
-3.159099E-08,-1.4921923E-01
-3.154099E-08,-1.4916652E-01
-3.149099E-08,-1.4916652E-01
-3.144099E-08,-1.4916652E-01
-3.139099E-08,-1.4916652E-01
-3.134099E-08,-1.4911381E-01
-3.129099E-08,-1.4911381E-01
-3.124099E-08,-1.4906110E-01
-3.119099E-08,-1.4906110E-01
-3.114099E-08,-1.4900839E-01
-3.109099E-08,-1.4895568E-01
-3.104099E-08,-1.4895568E-01
-3.099099E-08,-1.4890297E-01
-3.094099E-08,-1.4885026E-01
-3.089099E-08,-1.4879755E-01
-3.084099E-08,-1.4879755E-01
-3.079099E-08,-1.4874485E-01
-3.074099E-08,-1.4874485E-01
-3.069099E-08,-1.4869214E-01
-3.064099E-08,-1.4869214E-01
-3.059099E-08,-1.4863943E-01
-3.054099E-08,-1.4863943E-01
-3.049099E-08,-1.4863943E-01
-3.044099E-08,-1.4858672E-01
-3.039099E-08,-1.4858672E-01
-3.034099E-08,-1.4858672E-01
-3.029099E-08,-1.4858672E-01
-3.024099E-08,-1.4863943E-01
-3.019099E-08,-1.4863943E-01
-3.014099E-08,-1.4863943E-01
-3.009099E-08,-1.4869214E-01
-3.004099E-08,-1.4874485E-01
-2.999099E-08,-1.4874485E-01
-2.994099E-08,-1.4879755E-01
-2.989099E-08,-1.4885026E-01
-2.984099E-08,-1.4890297E-01
-2.979099E-08,-1.4890297E-01
-2.974099E-08,-1.4895568E-01
-2.969099E-08,-1.4900839E-01
-2.964099E-08,-1.4906110E-01
-2.959099E-08,-1.4911381E-01
-2.954099E-08,-1.4916652E-01
-2.949099E-08,-1.4921923E-01
-2.944099E-08,-1.4927194E-01
-2.939099E-08,-1.4932464E-01
-2.934099E-08,-1.4937735E-01
-2.929099E-08,-1.4937735E-01
-2.924099E-08,-1.4943006E-01
-2.919099E-08,-1.4948277E-01
-2.914099E-08,-1.4948277E-01
-2.909099E-08,-1.4953548E-01
-2.904099E-08,-1.4953548E-01
-2.899099E-08,-1.4958819E-01
-2.894099E-08,-1.4958819E-01
-2.889099E-08,-1.4958819E-01
-2.884099E-08,-1.4958819E-01
-2.879099E-08,-1.4958819E-01
-2.874099E-08,-1.4958819E-01
-2.869099E-08,-1.4958819E-01
-2.864099E-08,-1.4958819E-01
-2.859099E-08,-1.4958819E-01
-2.854099E-08,-1.4953548E-01
-2.849099E-08,-1.4953548E-01
-2.844099E-08,-1.4953548E-01
-2.839099E-08,-1.4948277E-01
-2.834099E-08,-1.4948277E-01
-2.829099E-08,-1.4948277E-01
-2.824099E-08,-1.4943006E-01
-2.819099E-08,-1.4943006E-01
-2.814099E-08,-1.4937735E-01
-2.809099E-08,-1.4937735E-01
-2.804099E-08,-1.4932464E-01
-2.799099E-08,-1.4932464E-01
-2.794099E-08,-1.4932464E-01
-2.789099E-08,-1.4927194E-01
-2.784099E-08,-1.4927194E-01
-2.779099E-08,-1.4927194E-01
-2.774099E-08,-1.4921923E-01
-2.769099E-08,-1.4921923E-01
-2.764099E-08,-1.4921923E-01
-2.759099E-08,-1.4921923E-01
-2.754099E-08,-1.4916652E-01
-2.749099E-08,-1.4916652E-01
-2.744099E-08,-1.4916652E-01
-2.739099E-08,-1.4916652E-01
-2.734099E-08,-1.4916652E-01
-2.729099E-08,-1.4916652E-01
-2.724099E-08,-1.4916652E-01
-2.719099E-08,-1.4916652E-01
-2.714099E-08,-1.4916652E-01
-2.709099E-08,-1.4916652E-01
-2.704099E-08,-1.4916652E-01
-2.699099E-08,-1.4916652E-01
-2.694099E-08,-1.4916652E-01
-2.689099E-08,-1.4916652E-01
-2.684099E-08,-1.4916652E-01
-2.679099E-08,-1.4911381E-01
-2.674099E-08,-1.4911381E-01
-2.669099E-08,-1.4916652E-01
-2.664099E-08,-1.4911381E-01
-2.659099E-08,-1.4916652E-01
-2.654099E-08,-1.4916652E-01
-2.649099E-08,-1.4916652E-01
-2.644099E-08,-1.4916652E-01
-2.639099E-08,-1.4916652E-01
-2.634099E-08,-1.4916652E-01
-2.629099E-08,-1.4916652E-01
-2.624099E-08,-1.4916652E-01
-2.619099E-08,-1.4916652E-01
-2.614099E-08,-1.4921923E-01
-2.609099E-08,-1.4921923E-01
-2.604099E-08,-1.4921923E-01
-2.599099E-08,-1.4921923E-01
-2.594099E-08,-1.4927194E-01
-2.589099E-08,-1.4927194E-01
-2.584099E-08,-1.4927194E-01
-2.579099E-08,-1.4932464E-01
-2.574099E-08,-1.4932464E-01
-2.569099E-08,-1.4937735E-01
-2.564099E-08,-1.4937735E-01
-2.559099E-08,-1.4943006E-01
-2.554099E-08,-1.4943006E-01
-2.549099E-08,-1.4948277E-01
-2.544099E-08,-1.4948277E-01
-2.539099E-08,-1.4953548E-01
-2.534099E-08,-1.4953548E-01
-2.529099E-08,-1.4953548E-01
-2.524099E-08,-1.4958819E-01
-2.519099E-08,-1.4958819E-01
-2.514099E-08,-1.4964090E-01
-2.509099E-08,-1.4964090E-01
-2.504099E-08,-1.4969361E-01
-2.499099E-08,-1.4969361E-01
-2.494099E-08,-1.4969361E-01
-2.489099E-08,-1.4969361E-01
-2.484099E-08,-1.4974632E-01
-2.479099E-08,-1.4974632E-01
-2.474099E-08,-1.4974632E-01
-2.469099E-08,-1.4974632E-01
-2.464099E-08,-1.4974632E-01
-2.459099E-08,-1.4974632E-01
-2.454099E-08,-1.4974632E-01
-2.449099E-08,-1.4974632E-01
-2.444099E-08,-1.4969361E-01
-2.439099E-08,-1.4969361E-01
-2.434099E-08,-1.4969361E-01
-2.429099E-08,-1.4964090E-01
-2.424099E-08,-1.4964090E-01
-2.419099E-08,-1.4964090E-01
-2.414099E-08,-1.4958819E-01
-2.409099E-08,-1.4958819E-01
-2.404099E-08,-1.4953548E-01
-2.399099E-08,-1.4953548E-01
-2.394099E-08,-1.4948277E-01
-2.389099E-08,-1.4943006E-01
-2.384099E-08,-1.4943006E-01
-2.379099E-08,-1.4937735E-01
-2.374099E-08,-1.4937735E-01
-2.369099E-08,-1.4932464E-01
-2.364099E-08,-1.4932464E-01
-2.359099E-08,-1.4927194E-01
-2.354099E-08,-1.4927194E-01
-2.349099E-08,-1.4921923E-01
-2.344099E-08,-1.4921923E-01
-2.339099E-08,-1.4916652E-01
-2.334099E-08,-1.4916652E-01
-2.329099E-08,-1.4916652E-01
-2.324099E-08,-1.4911381E-01
-2.319099E-08,-1.4911381E-01
-2.314099E-08,-1.4911381E-01
-2.309099E-08,-1.4911381E-01
-2.304099E-08,-1.4906110E-01
-2.299099E-08,-1.4906110E-01
-2.294099E-08,-1.4906110E-01
-2.289099E-08,-1.4906110E-01
-2.284099E-08,-1.4906110E-01
-2.279099E-08,-1.4906110E-01
-2.274099E-08,-1.4906110E-01
-2.269099E-08,-1.4906110E-01
-2.264099E-08,-1.4906110E-01
-2.259099E-08,-1.4906110E-01
-2.254099E-08,-1.4906110E-01
-2.249099E-08,-1.4900839E-01
-2.244099E-08,-1.4900839E-01
-2.239099E-08,-1.4900839E-01
-2.234099E-08,-1.4900839E-01
-2.229099E-08,-1.4900839E-01
-2.224099E-08,-1.4900839E-01
-2.219099E-08,-1.4900839E-01
-2.214099E-08,-1.4900839E-01
-2.209099E-08,-1.4900839E-01
-2.204099E-08,-1.4900839E-01
-2.199099E-08,-1.4900839E-01
-2.194099E-08,-1.4900839E-01
-2.189099E-08,-1.4900839E-01
-2.184099E-08,-1.4900839E-01
-2.179099E-08,-1.4900839E-01
-2.174099E-08,-1.4900839E-01
-2.169099E-08,-1.4900839E-01
-2.164099E-08,-1.4900839E-01
-2.159099E-08,-1.4900839E-01
-2.154099E-08,-1.4900839E-01
-2.149099E-08,-1.4900839E-01
-2.144099E-08,-1.4900839E-01
-2.139099E-08,-1.4900839E-01
-2.134099E-08,-1.4895568E-01
-2.129099E-08,-1.4895568E-01
-2.124099E-08,-1.4895568E-01
-2.119099E-08,-1.4895568E-01
-2.114099E-08,-1.4890297E-01
-2.109099E-08,-1.4890297E-01
-2.104099E-08,-1.4885026E-01
-2.099099E-08,-1.4885026E-01
-2.094099E-08,-1.4879755E-01
-2.089099E-08,-1.4879755E-01
-2.084099E-08,-1.4874485E-01
-2.079099E-08,-1.4874485E-01
-2.074099E-08,-1.4869214E-01
-2.069099E-08,-1.4869214E-01
-2.064099E-08,-1.4863943E-01
-2.059099E-08,-1.4858672E-01
-2.054099E-08,-1.4858672E-01
-2.049099E-08,-1.4853401E-01
-2.044099E-08,-1.4853401E-01
-2.039099E-08,-1.4848130E-01
-2.034099E-08,-1.4842859E-01
-2.029099E-08,-1.4842859E-01
-2.024099E-08,-1.4837588E-01
-2.019099E-08,-1.4837588E-01
-2.014099E-08,-1.4832317E-01
-2.009099E-08,-1.4832317E-01
-2.004099E-08,-1.4832317E-01
-1.999099E-08,-1.4827046E-01
-1.994099E-08,-1.4827046E-01
-1.989099E-08,-1.4827046E-01
-1.984099E-08,-1.4827046E-01
-1.979099E-08,-1.4832317E-01
-1.974099E-08,-1.4832317E-01
-1.969099E-08,-1.4832317E-01
-1.964099E-08,-1.4837588E-01
-1.959099E-08,-1.4837588E-01
-1.954099E-08,-1.4842859E-01
-1.949099E-08,-1.4848130E-01
-1.944099E-08,-1.4853401E-01
-1.939099E-08,-1.4858672E-01
-1.934099E-08,-1.4863943E-01
-1.929099E-08,-1.4869214E-01
-1.924099E-08,-1.4874485E-01
-1.919099E-08,-1.4885026E-01
-1.914099E-08,-1.4890297E-01
-1.909099E-08,-1.4895568E-01
-1.904099E-08,-1.4900839E-01
-1.899099E-08,-1.4911381E-01
-1.894099E-08,-1.4916652E-01
-1.889099E-08,-1.4921923E-01
-1.884099E-08,-1.4927194E-01
-1.879099E-08,-1.4932464E-01
-1.874099E-08,-1.4937735E-01
-1.869099E-08,-1.4943006E-01
-1.864099E-08,-1.4948277E-01
-1.859099E-08,-1.4948277E-01
-1.854099E-08,-1.4953548E-01
-1.849099E-08,-1.4953548E-01
-1.844099E-08,-1.4953548E-01
-1.839099E-08,-1.4953548E-01
-1.834099E-08,-1.4953548E-01
-1.829099E-08,-1.4953548E-01
-1.824099E-08,-1.4948277E-01
-1.819099E-08,-1.4943006E-01
-1.814099E-08,-1.4943006E-01
-1.809099E-08,-1.4937735E-01
-1.804099E-08,-1.4932464E-01
-1.799099E-08,-1.4927194E-01
-1.794099E-08,-1.4916652E-01
-1.789099E-08,-1.4911381E-01
-1.784099E-08,-1.4906110E-01
-1.779099E-08,-1.4895568E-01
-1.774099E-08,-1.4890297E-01
-1.769099E-08,-1.4879755E-01
-1.764099E-08,-1.4874485E-01
-1.759099E-08,-1.4863943E-01
-1.754099E-08,-1.4858672E-01
-1.749099E-08,-1.4853401E-01
-1.744099E-08,-1.4842859E-01
-1.739099E-08,-1.4837588E-01
-1.734099E-08,-1.4832317E-01
-1.729099E-08,-1.4827046E-01
-1.724099E-08,-1.4827046E-01
-1.719099E-08,-1.4821776E-01
-1.714099E-08,-1.4816505E-01
-1.709099E-08,-1.4816505E-01
-1.704099E-08,-1.4816505E-01
-1.699099E-08,-1.4811234E-01
-1.694099E-08,-1.4811234E-01
-1.689099E-08,-1.4816505E-01
-1.684099E-08,-1.4816505E-01
-1.679099E-08,-1.4816505E-01
-1.674099E-08,-1.4821776E-01
-1.669099E-08,-1.4821776E-01
-1.664099E-08,-1.4827046E-01
-1.659099E-08,-1.4827046E-01
-1.654099E-08,-1.4832317E-01
-1.649099E-08,-1.4837588E-01
-1.644099E-08,-1.4842859E-01
-1.639099E-08,-1.4848130E-01
-1.634099E-08,-1.4853401E-01
-1.629099E-08,-1.4853401E-01
-1.624099E-08,-1.4858672E-01
-1.619099E-08,-1.4863943E-01
-1.614099E-08,-1.4869214E-01
-1.609099E-08,-1.4874485E-01
-1.604099E-08,-1.4879755E-01
-1.599099E-08,-1.4879755E-01
-1.594099E-08,-1.4885026E-01
-1.589099E-08,-1.4890297E-01
-1.584099E-08,-1.4890297E-01
-1.579099E-08,-1.4895568E-01
-1.574099E-08,-1.4895568E-01
-1.569099E-08,-1.4900839E-01
-1.564099E-08,-1.4900839E-01
-1.559099E-08,-1.4906110E-01
-1.554099E-08,-1.4906110E-01
-1.549099E-08,-1.4906110E-01
-1.544099E-08,-1.4911381E-01
-1.539099E-08,-1.4911381E-01
-1.534099E-08,-1.4916652E-01
-1.529099E-08,-1.4916652E-01
-1.524099E-08,-1.4921923E-01
-1.519099E-08,-1.4921923E-01
-1.514099E-08,-1.4927194E-01
-1.509099E-08,-1.4932464E-01
-1.504099E-08,-1.4932464E-01
-1.499099E-08,-1.4937735E-01
-1.494099E-08,-1.4943006E-01
-1.489099E-08,-1.4948277E-01
-1.484099E-08,-1.4948277E-01
-1.479099E-08,-1.4953548E-01
-1.474099E-08,-1.4958819E-01
-1.469099E-08,-1.4964090E-01
-1.464099E-08,-1.4969361E-01
-1.459099E-08,-1.4974632E-01
-1.454099E-08,-1.4974632E-01
-1.449099E-08,-1.4979903E-01
-1.444099E-08,-1.4985173E-01
-1.439099E-08,-1.4985173E-01
-1.434099E-08,-1.4990444E-01
-1.429099E-08,-1.4990444E-01
-1.424099E-08,-1.4995715E-01
-1.419099E-08,-1.4995715E-01
-1.414099E-08,-1.4995715E-01
-1.409099E-08,-1.5000986E-01
-1.404099E-08,-1.5000986E-01
-1.399099E-08,-1.5000986E-01
-1.394099E-08,-1.5000986E-01
-1.389099E-08,-1.4995715E-01
-1.384099E-08,-1.4995715E-01
-1.379099E-08,-1.4995715E-01
-1.374099E-08,-1.4990444E-01
-1.369099E-08,-1.4990444E-01
-1.364099E-08,-1.4985173E-01
-1.359099E-08,-1.4979903E-01
-1.354099E-08,-1.4979903E-01
-1.349099E-08,-1.4974632E-01
-1.344099E-08,-1.4969361E-01
-1.339099E-08,-1.4964090E-01
-1.334099E-08,-1.4964090E-01
-1.329099E-08,-1.4958819E-01
-1.324099E-08,-1.4953548E-01
-1.319099E-08,-1.4948277E-01
-1.314099E-08,-1.4948277E-01
-1.309099E-08,-1.4943006E-01
-1.304099E-08,-1.4937735E-01
-1.299099E-08,-1.4937735E-01
-1.294099E-08,-1.4932464E-01
-1.289099E-08,-1.4932464E-01
-1.284099E-08,-1.4927194E-01
-1.279099E-08,-1.4927194E-01
-1.274099E-08,-1.4927194E-01
-1.269099E-08,-1.4927194E-01
-1.264099E-08,-1.4921923E-01
-1.259099E-08,-1.4921923E-01
-1.254099E-08,-1.4921923E-01
-1.249099E-08,-1.4921923E-01
-1.244099E-08,-1.4921923E-01
-1.239099E-08,-1.4921923E-01
-1.234099E-08,-1.4927194E-01
-1.229099E-08,-1.4927194E-01
-1.224099E-08,-1.4927194E-01
-1.219099E-08,-1.4927194E-01
-1.214099E-08,-1.4927194E-01
-1.209099E-08,-1.4932464E-01
-1.204099E-08,-1.4932464E-01
-1.199099E-08,-1.4932464E-01
-1.194099E-08,-1.4932464E-01
-1.189099E-08,-1.4932464E-01
-1.184099E-08,-1.4932464E-01
-1.179099E-08,-1.4937735E-01
-1.174099E-08,-1.4937735E-01
-1.169099E-08,-1.4937735E-01
-1.164099E-08,-1.4937735E-01
-1.159099E-08,-1.4937735E-01
-1.154099E-08,-1.4937735E-01
-1.149099E-08,-1.4937735E-01
-1.144099E-08,-1.4937735E-01
-1.139099E-08,-1.4937735E-01
-1.134099E-08,-1.4937735E-01
-1.129099E-08,-1.4937735E-01
-1.124099E-08,-1.4937735E-01
-1.119099E-08,-1.4937735E-01
-1.114099E-08,-1.4932464E-01
-1.109099E-08,-1.4932464E-01
-1.104099E-08,-1.4932464E-01
-1.099099E-08,-1.4932464E-01
-1.094099E-08,-1.4932464E-01
-1.089099E-08,-1.4932464E-01
-1.084099E-08,-1.4932464E-01
-1.079099E-08,-1.4932464E-01
-1.074099E-08,-1.4932464E-01
-1.069099E-08,-1.4932464E-01
-1.064099E-08,-1.4932464E-01
-1.059099E-08,-1.4932464E-01
-1.054099E-08,-1.4932464E-01
-1.049099E-08,-1.4932464E-01
-1.044099E-08,-1.4932464E-01
-1.039099E-08,-1.4932464E-01
-1.034099E-08,-1.4932464E-01
-1.029099E-08,-1.4932464E-01
-1.024099E-08,-1.4932464E-01
-1.019099E-08,-1.4932464E-01
-1.014099E-08,-1.4932464E-01
-1.009099E-08,-1.4932464E-01
-1.004099E-08,-1.4927194E-01
-9.99099E-09,-1.4927194E-01
-9.94099E-09,-1.4927194E-01
-9.89099E-09,-1.4927194E-01
-9.84099E-09,-1.4927194E-01
-9.79099E-09,-1.4927194E-01
-9.74099E-09,-1.4927194E-01
-9.69099E-09,-1.4927194E-01
-9.64099E-09,-1.4927194E-01
-9.59099E-09,-1.4927194E-01
-9.54099E-09,-1.4927194E-01
-9.49099E-09,-1.4927194E-01
-9.44099E-09,-1.4927194E-01
-9.39099E-09,-1.4927194E-01
-9.34099E-09,-1.4932464E-01
-9.29099E-09,-1.4932464E-01
-9.24099E-09,-1.4932464E-01
-9.19099E-09,-1.4932464E-01
-9.14099E-09,-1.4937735E-01
-9.09099E-09,-1.4937735E-01
-9.04099E-09,-1.4937735E-01
-8.99099E-09,-1.4943006E-01
-8.94099E-09,-1.4943006E-01
-8.89099E-09,-1.4943006E-01
-8.84099E-09,-1.4943006E-01
-8.79099E-09,-1.4948277E-01
-8.74099E-09,-1.4948277E-01
-8.69099E-09,-1.4948277E-01
-8.64099E-09,-1.4948277E-01
-8.59099E-09,-1.4948277E-01
-8.54099E-09,-1.4948277E-01
-8.49099E-09,-1.4948277E-01
-8.44099E-09,-1.4948277E-01
-8.39099E-09,-1.4948277E-01
-8.34099E-09,-1.4943006E-01
-8.29099E-09,-1.4943006E-01
-8.24099E-09,-1.4943006E-01
-8.19099E-09,-1.4937735E-01
-8.14099E-09,-1.4937735E-01
-8.09099E-09,-1.4932464E-01
-8.04099E-09,-1.4927194E-01
-7.99099E-09,-1.4927194E-01
-7.94099E-09,-1.4921923E-01
-7.89099E-09,-1.4916652E-01
-7.84099E-09,-1.4911381E-01
-7.79099E-09,-1.4911381E-01
-7.74099E-09,-1.4906110E-01
-7.69099E-09,-1.4900839E-01
-7.64099E-09,-1.4895568E-01
-7.59099E-09,-1.4895568E-01
-7.54099E-09,-1.4890297E-01
-7.49099E-09,-1.4890297E-01
-7.44099E-09,-1.4885026E-01
-7.39099E-09,-1.4885026E-01
-7.34099E-09,-1.4885026E-01
-7.29099E-09,-1.4885026E-01
-7.24099E-09,-1.4885026E-01
-7.19099E-09,-1.4885026E-01
-7.14099E-09,-1.4885026E-01
-7.09099E-09,-1.4885026E-01
-7.04099E-09,-1.4890297E-01
-6.99099E-09,-1.4890297E-01
-6.94099E-09,-1.4895568E-01
-6.89099E-09,-1.4900839E-01
-6.84099E-09,-1.4906110E-01
-6.79099E-09,-1.4911381E-01
-6.74099E-09,-1.4916652E-01
-6.69099E-09,-1.4921923E-01
-6.64099E-09,-1.4927194E-01
-6.59099E-09,-1.4932464E-01
-6.54099E-09,-1.4937735E-01
-6.49099E-09,-1.4943006E-01
-6.44099E-09,-1.4948277E-01
-6.39099E-09,-1.4958819E-01
-6.34099E-09,-1.4964090E-01
-6.29099E-09,-1.4969361E-01
-6.24099E-09,-1.4974632E-01
-6.19099E-09,-1.4979903E-01
-6.14099E-09,-1.4985173E-01
-6.09099E-09,-1.4990444E-01
-6.04099E-09,-1.4990444E-01
-5.99099E-09,-1.4995715E-01
-5.94099E-09,-1.5000986E-01
-5.89099E-09,-1.5000986E-01
-5.84099E-09,-1.5000986E-01
-5.79099E-09,-1.5006257E-01
-5.74099E-09,-1.5006257E-01
-5.69099E-09,-1.5006257E-01
-5.64099E-09,-1.5006257E-01
-5.59099E-09,-1.5006257E-01
-5.54099E-09,-1.5006257E-01
-5.49099E-09,-1.5006257E-01
-5.44099E-09,-1.5006257E-01
-5.39099E-09,-1.5006257E-01
-5.34099E-09,-1.5006257E-01
-5.29099E-09,-1.5006257E-01
-5.24099E-09,-1.5006257E-01
-5.19099E-09,-1.5006257E-01
-5.14099E-09,-1.5006257E-01
-5.09099E-09,-1.5000986E-01
-5.04099E-09,-1.5000986E-01
-4.99099E-09,-1.5000986E-01
-4.94099E-09,-1.5000986E-01
-4.89099E-09,-1.5000986E-01
-4.84099E-09,-1.4995715E-01
-4.79099E-09,-1.4995715E-01
-4.74099E-09,-1.4995715E-01
-4.69099E-09,-1.4995715E-01
-4.64099E-09,-1.4990444E-01
-4.59099E-09,-1.4990444E-01
-4.54099E-09,-1.4990444E-01
-4.49099E-09,-1.4990444E-01
-4.44099E-09,-1.4985173E-01
-4.39099E-09,-1.4985173E-01
-4.34099E-09,-1.4985173E-01
-4.29099E-09,-1.4979903E-01
-4.24099E-09,-1.4979903E-01
-4.19099E-09,-1.4974632E-01
-4.14099E-09,-1.4974632E-01
-4.09099E-09,-1.4969361E-01
-4.04099E-09,-1.4969361E-01
-3.99099E-09,-1.4969361E-01
-3.94099E-09,-1.4964090E-01
-3.89099E-09,-1.4964090E-01
-3.84099E-09,-1.4958819E-01
-3.79099E-09,-1.4958819E-01
-3.74099E-09,-1.4958819E-01
-3.69099E-09,-1.4953548E-01
-3.64099E-09,-1.4953548E-01
-3.59099E-09,-1.4953548E-01
-3.54099E-09,-1.4953548E-01
-3.49099E-09,-1.4953548E-01
-3.44099E-09,-1.4953548E-01
-3.39099E-09,-1.4953548E-01
-3.34099E-09,-1.4953548E-01
-3.29099E-09,-1.4953548E-01
-3.24099E-09,-1.4953548E-01
-3.19099E-09,-1.4958819E-01
-3.14099E-09,-1.4958819E-01
-3.09099E-09,-1.4958819E-01
-3.04099E-09,-1.4964090E-01
-2.99099E-09,-1.4964090E-01
-2.94099E-09,-1.4964090E-01
-2.89099E-09,-1.4969361E-01
-2.84099E-09,-1.4969361E-01
-2.79099E-09,-1.4969361E-01
-2.74099E-09,-1.4969361E-01
-2.69099E-09,-1.4974632E-01
-2.64099E-09,-1.4974632E-01
-2.59099E-09,-1.4974632E-01
-2.54099E-09,-1.4974632E-01
-2.49099E-09,-1.4974632E-01
-2.44099E-09,-1.4974632E-01
-2.39099E-09,-1.4974632E-01
-2.34099E-09,-1.4969361E-01
-2.29099E-09,-1.4969361E-01
-2.24099E-09,-1.4969361E-01
-2.19099E-09,-1.4964090E-01
-2.14099E-09,-1.4964090E-01
-2.09099E-09,-1.4958819E-01
-2.04099E-09,-1.4953548E-01
-1.99099E-09,-1.4953548E-01
-1.94099E-09,-1.4948277E-01
-1.89099E-09,-1.4943006E-01
-1.84099E-09,-1.4943006E-01
-1.79099E-09,-1.4937735E-01
-1.74099E-09,-1.4932464E-01
-1.69099E-09,-1.4932464E-01
-1.64099E-09,-1.4927194E-01
-1.59099E-09,-1.4921923E-01
-1.54099E-09,-1.4921923E-01
-1.49099E-09,-1.4921923E-01
-1.44099E-09,-1.4916652E-01
-1.39099E-09,-1.4916652E-01
-1.34099E-09,-1.4916652E-01
-1.29099E-09,-1.4916652E-01
-1.24099E-09,-1.4921923E-01
-1.19099E-09,-1.4921923E-01
-1.14099E-09,-1.4921923E-01
-1.09099E-09,-1.4927194E-01
-1.04099E-09,-1.4932464E-01
-9.9099E-10,-1.4932464E-01
-9.4099E-10,-1.4937735E-01
-8.9099E-10,-1.4943006E-01
-8.4099E-10,-1.4948277E-01
-7.9099E-10,-1.4953548E-01
-7.4099E-10,-1.4953548E-01
-6.9099E-10,-1.4958819E-01
-6.4099E-10,-1.4964090E-01
-5.9099E-10,-1.4969361E-01
-5.4099E-10,-1.4969361E-01
-4.9099E-10,-1.4974632E-01
-4.4099E-10,-1.4974632E-01
-3.9099E-10,-1.4979903E-01
-3.4099E-10,-1.4979903E-01
-2.9099E-10,-1.4979903E-01
-2.4099E-10,-1.4979903E-01
-1.9099E-10,-1.4979903E-01
-1.4099E-10,-1.4979903E-01
-9.099E-11,-1.4974632E-01
-4.099E-11,-1.4974632E-01
9.01E-12,-1.4969361E-01
5.901E-11,-1.4964090E-01
1.0901E-10,-1.4958819E-01
1.5901E-10,-1.4958819E-01
2.0901E-10,-1.4953548E-01
2.5901E-10,-1.4948277E-01
3.0901E-10,-1.4943006E-01
3.5901E-10,-1.4937735E-01
4.0901E-10,-1.4932464E-01
4.5901E-10,-1.4927194E-01
5.0901E-10,-1.4921923E-01
5.5901E-10,-1.4916652E-01
6.0901E-10,-1.4911381E-01
6.5901E-10,-1.4911381E-01
7.0901E-10,-1.4906110E-01
7.5901E-10,-1.4906110E-01
8.0901E-10,-1.4906110E-01
8.5901E-10,-1.4900839E-01
9.0901E-10,-1.4900839E-01
9.5901E-10,-1.4900839E-01
1.00901E-09,-1.4906110E-01
1.05901E-09,-1.4906110E-01
1.10901E-09,-1.4906110E-01
1.15901E-09,-1.4911381E-01
1.20901E-09,-1.4911381E-01
1.25901E-09,-1.4916652E-01
1.30901E-09,-1.4921923E-01
1.35901E-09,-1.4921923E-01
1.40901E-09,-1.4927194E-01
1.45901E-09,-1.4932464E-01
1.50901E-09,-1.4937735E-01
1.55901E-09,-1.4937735E-01
1.60901E-09,-1.4943006E-01
1.65901E-09,-1.4948277E-01
1.70901E-09,-1.4948277E-01
1.75901E-09,-1.4953548E-01
1.80901E-09,-1.4953548E-01
1.85901E-09,-1.4958819E-01
1.90901E-09,-1.4958819E-01
1.95901E-09,-1.4958819E-01
2.00901E-09,-1.4958819E-01
2.05901E-09,-1.4958819E-01
2.10901E-09,-1.4958819E-01
2.15901E-09,-1.4958819E-01
2.20901E-09,-1.4958819E-01
2.25901E-09,-1.4958819E-01
2.30901E-09,-1.4958819E-01
2.35901E-09,-1.4958819E-01
2.40901E-09,-1.4953548E-01
2.45901E-09,-1.4953548E-01
2.50901E-09,-1.4953548E-01
2.55901E-09,-1.4953548E-01
2.60901E-09,-1.4953548E-01
2.65901E-09,-1.4948277E-01
2.70901E-09,-1.4948277E-01
2.75901E-09,-1.4948277E-01
2.80901E-09,-1.4948277E-01
2.85901E-09,-1.4948277E-01
2.90901E-09,-1.4948277E-01
2.95901E-09,-1.4948277E-01
3.00901E-09,-1.4948277E-01
3.05901E-09,-1.4953548E-01
3.10901E-09,-1.4953548E-01
3.15901E-09,-1.4953548E-01
3.20901E-09,-1.4958819E-01
3.25901E-09,-1.4958819E-01
3.30901E-09,-1.4958819E-01
3.35901E-09,-1.4964090E-01
3.40901E-09,-1.4964090E-01
3.45901E-09,-1.4969361E-01
3.50901E-09,-1.4969361E-01
3.55901E-09,-1.4969361E-01
3.60901E-09,-1.4969361E-01
3.65901E-09,-1.4974632E-01
3.70901E-09,-1.4974632E-01
3.75901E-09,-1.4974632E-01
3.80901E-09,-1.4974632E-01
3.85901E-09,-1.4974632E-01
3.90901E-09,-1.4974632E-01
3.95901E-09,-1.4969361E-01
4.00901E-09,-1.4969361E-01
4.05901E-09,-1.4969361E-01
4.10901E-09,-1.4964090E-01
4.15901E-09,-1.4964090E-01
4.20901E-09,-1.4958819E-01
4.25901E-09,-1.4958819E-01
4.30901E-09,-1.4953548E-01
4.35901E-09,-1.4953548E-01
4.40901E-09,-1.4948277E-01
4.45901E-09,-1.4948277E-01
4.50901E-09,-1.4943006E-01
4.55901E-09,-1.4943006E-01
4.60901E-09,-1.4937735E-01
4.65901E-09,-1.4937735E-01
4.70901E-09,-1.4937735E-01
4.75901E-09,-1.4932464E-01
4.80901E-09,-1.4932464E-01
4.85901E-09,-1.4932464E-01
4.90901E-09,-1.4932464E-01
4.95901E-09,-1.4932464E-01
5.00901E-09,-1.4932464E-01
5.05901E-09,-1.4937735E-01
5.10901E-09,-1.4937735E-01
5.15901E-09,-1.4937735E-01
5.20901E-09,-1.4943006E-01
5.25901E-09,-1.4943006E-01
5.30901E-09,-1.4948277E-01
5.35901E-09,-1.4948277E-01
5.40901E-09,-1.4953548E-01
5.45901E-09,-1.4953548E-01
5.50901E-09,-1.4958819E-01
5.55901E-09,-1.4964090E-01
5.60901E-09,-1.4964090E-01
5.65901E-09,-1.4969361E-01
5.70901E-09,-1.4969361E-01
5.75901E-09,-1.4974632E-01
5.80901E-09,-1.4974632E-01
5.85901E-09,-1.4974632E-01
5.90901E-09,-1.4979903E-01
5.95901E-09,-1.4979903E-01
6.00901E-09,-1.4979903E-01
6.05901E-09,-1.4979903E-01
6.10901E-09,-1.4979903E-01
6.15901E-09,-1.4979903E-01
6.20901E-09,-1.4979903E-01
6.25901E-09,-1.4979903E-01
6.30901E-09,-1.4979903E-01
6.35901E-09,-1.4974632E-01
6.40901E-09,-1.4974632E-01
6.45901E-09,-1.4974632E-01
6.50901E-09,-1.4969361E-01
6.55901E-09,-1.4969361E-01
6.60901E-09,-1.4969361E-01
6.65901E-09,-1.4964090E-01
6.70901E-09,-1.4964090E-01
6.75901E-09,-1.4964090E-01
6.80901E-09,-1.4958819E-01
6.85901E-09,-1.4958819E-01
6.90901E-09,-1.4953548E-01
6.95901E-09,-1.4953548E-01
7.00901E-09,-1.4953548E-01
7.05901E-09,-1.4948277E-01
7.10901E-09,-1.4948277E-01
7.15901E-09,-1.4948277E-01
7.20901E-09,-1.4943006E-01
7.25901E-09,-1.4943006E-01
7.30901E-09,-1.4943006E-01
7.35901E-09,-1.4937735E-01
7.40901E-09,-1.4937735E-01
7.45901E-09,-1.4932464E-01
7.50901E-09,-1.4932464E-01
7.55901E-09,-1.4932464E-01
7.60901E-09,-1.4927194E-01
7.65901E-09,-1.4927194E-01
7.70901E-09,-1.4921923E-01
7.75901E-09,-1.4921923E-01
7.80901E-09,-1.4916652E-01
7.85901E-09,-1.4916652E-01
7.90901E-09,-1.4911381E-01
7.95901E-09,-1.4911381E-01
8.00901E-09,-1.4906110E-01
8.05901E-09,-1.4900839E-01
8.10901E-09,-1.4900839E-01
8.15901E-09,-1.4895568E-01
8.20901E-09,-1.4895568E-01
8.25901E-09,-1.4890297E-01
8.30901E-09,-1.4890297E-01
8.35901E-09,-1.4885026E-01
8.40901E-09,-1.4885026E-01
8.45901E-09,-1.4879755E-01
8.50901E-09,-1.4879755E-01
8.55901E-09,-1.4879755E-01
8.60901E-09,-1.4879755E-01
8.65901E-09,-1.4879755E-01
8.70901E-09,-1.4879755E-01
8.75901E-09,-1.4879755E-01
8.80901E-09,-1.4879755E-01
8.85901E-09,-1.4879755E-01
8.90901E-09,-1.4885026E-01
8.95901E-09,-1.4885026E-01
9.00901E-09,-1.4890297E-01
9.05901E-09,-1.4890297E-01
9.10901E-09,-1.4895568E-01
9.15901E-09,-1.4900839E-01
9.20901E-09,-1.4906110E-01
9.25901E-09,-1.4906110E-01
9.30901E-09,-1.4911381E-01
9.35901E-09,-1.4916652E-01
9.40901E-09,-1.4921923E-01
9.45901E-09,-1.4927194E-01
9.50901E-09,-1.4932464E-01
9.55901E-09,-1.4932464E-01
9.60901E-09,-1.4937735E-01
9.65901E-09,-1.4943006E-01
9.70901E-09,-1.4943006E-01
9.75901E-09,-1.4948277E-01
9.80901E-09,-1.4948277E-01
9.85901E-09,-1.4953548E-01
9.90901E-09,-1.4953548E-01
9.95901E-09,-1.4953548E-01
1.000901E-08,-1.4953548E-01
1.005901E-08,-1.4953548E-01
1.010901E-08,-1.4948277E-01
1.015901E-08,-1.4948277E-01
1.020901E-08,-1.4948277E-01
1.025901E-08,-1.4943006E-01
1.030901E-08,-1.4943006E-01
1.035901E-08,-1.4937735E-01
1.040901E-08,-1.4932464E-01
1.045901E-08,-1.4927194E-01
1.050901E-08,-1.4927194E-01
1.055901E-08,-1.4921923E-01
1.060901E-08,-1.4916652E-01
1.065901E-08,-1.4911381E-01
1.070901E-08,-1.4906110E-01
1.075901E-08,-1.4900839E-01
1.080901E-08,-1.4900839E-01
1.085901E-08,-1.4895568E-01
1.090901E-08,-1.4890297E-01
1.095901E-08,-1.4890297E-01
1.100901E-08,-1.4885026E-01
1.105901E-08,-1.4885026E-01
1.110901E-08,-1.4885026E-01
1.115901E-08,-1.4885026E-01
1.120901E-08,-1.4885026E-01
1.125901E-08,-1.4885026E-01
1.130901E-08,-1.4885026E-01
1.135901E-08,-1.4890297E-01
1.140901E-08,-1.4890297E-01
1.145901E-08,-1.4895568E-01
1.150901E-08,-1.4900839E-01
1.155901E-08,-1.4900839E-01
1.160901E-08,-1.4906110E-01
1.165901E-08,-1.4911381E-01
1.170901E-08,-1.4916652E-01
1.175901E-08,-1.4927194E-01
1.180901E-08,-1.4932464E-01
1.185901E-08,-1.4937735E-01
1.190901E-08,-1.4943006E-01
1.195901E-08,-1.4948277E-01
1.200901E-08,-1.4958819E-01
1.205901E-08,-1.4964090E-01
1.210901E-08,-1.4969361E-01
1.215901E-08,-1.4974632E-01
1.220901E-08,-1.4979903E-01
1.225901E-08,-1.4985173E-01
1.230901E-08,-1.4990444E-01
1.235901E-08,-1.4990444E-01
1.240901E-08,-1.4995715E-01
1.245901E-08,-1.4995715E-01
1.250901E-08,-1.5000986E-01
1.255901E-08,-1.5000986E-01
1.260901E-08,-1.5000986E-01
1.265901E-08,-1.5000986E-01
1.270901E-08,-1.5000986E-01
1.275901E-08,-1.4995715E-01
1.280901E-08,-1.4995715E-01
1.285901E-08,-1.4990444E-01
1.290901E-08,-1.4985173E-01
1.295901E-08,-1.4985173E-01
1.300901E-08,-1.4979903E-01
1.305901E-08,-1.4974632E-01
1.310901E-08,-1.4969361E-01
1.315901E-08,-1.4964090E-01
1.320901E-08,-1.4958819E-01
1.325901E-08,-1.4953548E-01
1.330901E-08,-1.4948277E-01
1.335901E-08,-1.4943006E-01
1.340901E-08,-1.4937735E-01
1.345901E-08,-1.4932464E-01
1.350901E-08,-1.4927194E-01
1.355901E-08,-1.4921923E-01
1.360901E-08,-1.4921923E-01
1.365901E-08,-1.4916652E-01
1.370901E-08,-1.4916652E-01
1.375901E-08,-1.4916652E-01
1.380901E-08,-1.4916652E-01
1.385901E-08,-1.4916652E-01
1.390901E-08,-1.4916652E-01
1.395901E-08,-1.4916652E-01
1.400901E-08,-1.4916652E-01
1.405901E-08,-1.4921923E-01
1.410901E-08,-1.4921923E-01
1.415901E-08,-1.4927194E-01
1.420901E-08,-1.4932464E-01
1.425901E-08,-1.4937735E-01
1.430901E-08,-1.4943006E-01
1.435901E-08,-1.4948277E-01
1.440901E-08,-1.4953548E-01
1.445901E-08,-1.4958819E-01
1.450901E-08,-1.4964090E-01
1.455901E-08,-1.4969361E-01
1.460901E-08,-1.4974632E-01
1.465901E-08,-1.4979903E-01
1.470901E-08,-1.4985173E-01
1.475901E-08,-1.4990444E-01
1.480901E-08,-1.4990444E-01
1.485901E-08,-1.4995715E-01
1.490901E-08,-1.5000986E-01
1.495901E-08,-1.5000986E-01
1.500901E-08,-1.5000986E-01
1.505901E-08,-1.5000986E-01
1.510901E-08,-1.5000986E-01
1.515901E-08,-1.5000986E-01
1.520901E-08,-1.5000986E-01
1.525901E-08,-1.5000986E-01
1.530901E-08,-1.4995715E-01
1.535901E-08,-1.4990444E-01
1.540901E-08,-1.4990444E-01
1.545901E-08,-1.4985173E-01
1.550901E-08,-1.4979903E-01
1.555901E-08,-1.4974632E-01
1.560901E-08,-1.4969361E-01
1.565901E-08,-1.4964090E-01
1.570901E-08,-1.4958819E-01
1.575901E-08,-1.4953548E-01
1.580901E-08,-1.4948277E-01
1.585901E-08,-1.4948277E-01
1.590901E-08,-1.4943006E-01
1.595901E-08,-1.4937735E-01
1.600901E-08,-1.4932464E-01
1.605901E-08,-1.4932464E-01
1.610901E-08,-1.4927194E-01
1.615901E-08,-1.4927194E-01
1.620901E-08,-1.4927194E-01
1.625901E-08,-1.4927194E-01
1.630901E-08,-1.4927194E-01
1.635901E-08,-1.4927194E-01
1.640901E-08,-1.4927194E-01
1.645901E-08,-1.4932464E-01
1.650901E-08,-1.4932464E-01
1.655901E-08,-1.4937735E-01
1.660901E-08,-1.4943006E-01
1.665901E-08,-1.4943006E-01
1.670901E-08,-1.4948277E-01
1.675901E-08,-1.4953548E-01
1.680901E-08,-1.4958819E-01
1.685901E-08,-1.4958819E-01
1.690901E-08,-1.4964090E-01
1.695901E-08,-1.4969361E-01
1.700901E-08,-1.4974632E-01
1.705901E-08,-1.4974632E-01
1.710901E-08,-1.4979903E-01
1.715901E-08,-1.4979903E-01
1.720901E-08,-1.4985173E-01
1.725901E-08,-1.4985173E-01
1.730901E-08,-1.4985173E-01
1.735901E-08,-1.4985173E-01
1.740901E-08,-1.4985173E-01
1.745901E-08,-1.4985173E-01
1.750901E-08,-1.4985173E-01
1.755901E-08,-1.4985173E-01
1.760901E-08,-1.4985173E-01
1.765901E-08,-1.4979903E-01
1.770901E-08,-1.4979903E-01
1.775901E-08,-1.4974632E-01
1.780901E-08,-1.4969361E-01
1.785901E-08,-1.4969361E-01
1.790901E-08,-1.4964090E-01
1.795901E-08,-1.4958819E-01
1.800901E-08,-1.4958819E-01
1.805901E-08,-1.4953548E-01
1.810901E-08,-1.4948277E-01
1.815901E-08,-1.4943006E-01
1.820901E-08,-1.4937735E-01
1.825901E-08,-1.4937735E-01
1.830901E-08,-1.4932464E-01
1.835901E-08,-1.4927194E-01
1.840901E-08,-1.4927194E-01
1.845901E-08,-1.4921923E-01
1.850901E-08,-1.4921923E-01
1.855901E-08,-1.4916652E-01
1.860901E-08,-1.4916652E-01
1.865901E-08,-1.4911381E-01
1.870901E-08,-1.4911381E-01
1.875901E-08,-1.4911381E-01
1.880901E-08,-1.4906110E-01
1.885901E-08,-1.4906110E-01
1.890901E-08,-1.4906110E-01
1.895901E-08,-1.4900839E-01
1.900901E-08,-1.4900839E-01
1.905901E-08,-1.4900839E-01
1.910901E-08,-1.4900839E-01
1.915901E-08,-1.4895568E-01
1.920901E-08,-1.4895568E-01
1.925901E-08,-1.4895568E-01
1.930901E-08,-1.4890297E-01
1.935901E-08,-1.4890297E-01
1.940901E-08,-1.4890297E-01
1.945901E-08,-1.4885026E-01
1.950901E-08,-1.4885026E-01
1.955901E-08,-1.4879755E-01
1.960901E-08,-1.4879755E-01
1.965901E-08,-1.4879755E-01
1.970901E-08,-1.4874485E-01
1.975901E-08,-1.4874485E-01
1.980901E-08,-1.4869214E-01
1.985901E-08,-1.4869214E-01
1.990901E-08,-1.4869214E-01
1.995901E-08,-1.4863943E-01
2.000901E-08,-1.4863943E-01
2.005901E-08,-1.4863943E-01
2.010901E-08,-1.4863943E-01
2.015901E-08,-1.4858672E-01
2.020901E-08,-1.4858672E-01
2.025901E-08,-1.4858672E-01
2.030901E-08,-1.4858672E-01
2.035901E-08,-1.4858672E-01
2.040901E-08,-1.4858672E-01
2.045901E-08,-1.4863943E-01
2.050901E-08,-1.4863943E-01
2.055901E-08,-1.4863943E-01
2.060901E-08,-1.4863943E-01
2.065901E-08,-1.4863943E-01
2.070901E-08,-1.4863943E-01
2.075901E-08,-1.4869214E-01
2.080901E-08,-1.4869214E-01
2.085901E-08,-1.4869214E-01
2.090901E-08,-1.4869214E-01
2.095901E-08,-1.4869214E-01
2.100901E-08,-1.4869214E-01
2.105901E-08,-1.4869214E-01
2.110901E-08,-1.4869214E-01
2.115901E-08,-1.4869214E-01
2.120901E-08,-1.4869214E-01
2.125901E-08,-1.4863943E-01
2.130901E-08,-1.4863943E-01
2.135901E-08,-1.4863943E-01
2.140901E-08,-1.4858672E-01
2.145901E-08,-1.4858672E-01
2.150901E-08,-1.4853401E-01
2.155901E-08,-1.4853401E-01
2.160901E-08,-1.4848130E-01
2.165901E-08,-1.4848130E-01
2.170901E-08,-1.4842859E-01
2.175901E-08,-1.4842859E-01
2.180901E-08,-1.4837588E-01
2.185901E-08,-1.4837588E-01
2.190901E-08,-1.4837588E-01
2.195901E-08,-1.4832317E-01
2.200901E-08,-1.4832317E-01
2.205901E-08,-1.4832317E-01
2.210901E-08,-1.4832317E-01
2.215901E-08,-1.4832317E-01
2.220901E-08,-1.4832317E-01
2.225901E-08,-1.4832317E-01
2.230901E-08,-1.4832317E-01
2.235901E-08,-1.4837588E-01
2.240901E-08,-1.4837588E-01
2.245901E-08,-1.4837588E-01
2.250901E-08,-1.4842859E-01
2.255901E-08,-1.4848130E-01
2.260901E-08,-1.4848130E-01
2.265901E-08,-1.4853401E-01
2.270901E-08,-1.4858672E-01
2.275901E-08,-1.4863943E-01
2.280901E-08,-1.4863943E-01
2.285901E-08,-1.4869214E-01
2.290901E-08,-1.4874485E-01
2.295901E-08,-1.4879755E-01
2.300901E-08,-1.4879755E-01
2.305901E-08,-1.4885026E-01
2.310901E-08,-1.4890297E-01
2.315901E-08,-1.4890297E-01
2.320901E-08,-1.4895568E-01
2.325901E-08,-1.4895568E-01
2.330901E-08,-1.4900839E-01
2.335901E-08,-1.4900839E-01
2.340901E-08,-1.4900839E-01
2.345901E-08,-1.4906110E-01
2.350901E-08,-1.4906110E-01
2.355901E-08,-1.4906110E-01
2.360901E-08,-1.4906110E-01
2.365901E-08,-1.4906110E-01
2.370901E-08,-1.4906110E-01
2.375901E-08,-1.4906110E-01
2.380901E-08,-1.4906110E-01
2.385901E-08,-1.4906110E-01
2.390901E-08,-1.4906110E-01
2.395901E-08,-1.4906110E-01
2.400901E-08,-1.4906110E-01
2.405901E-08,-1.4906110E-01
2.410901E-08,-1.4906110E-01
2.415901E-08,-1.4906110E-01
2.420901E-08,-1.4906110E-01
2.425901E-08,-1.4906110E-01
2.430901E-08,-1.4911381E-01
2.435901E-08,-1.4911381E-01
2.440901E-08,-1.4911381E-01
2.445901E-08,-1.4916652E-01
2.450901E-08,-1.4916652E-01
2.455901E-08,-1.4921923E-01
2.460901E-08,-1.4921923E-01
2.465901E-08,-1.4927194E-01
2.470901E-08,-1.4927194E-01
2.475901E-08,-1.4932464E-01
2.480901E-08,-1.4932464E-01
2.485901E-08,-1.4932464E-01
2.490901E-08,-1.4937735E-01
2.495901E-08,-1.4937735E-01
2.500901E-08,-1.4937735E-01
2.505901E-08,-1.4937735E-01
2.510901E-08,-1.4937735E-01
2.515901E-08,-1.4937735E-01
2.520901E-08,-1.4937735E-01
2.525901E-08,-1.4937735E-01
2.530901E-08,-1.4932464E-01
2.535901E-08,-1.4932464E-01
2.540901E-08,-1.4927194E-01
2.545901E-08,-1.4921923E-01
2.550901E-08,-1.4921923E-01
2.555901E-08,-1.4916652E-01
2.560901E-08,-1.4911381E-01
2.565901E-08,-1.4906110E-01
2.570901E-08,-1.4900839E-01
2.575901E-08,-1.4895568E-01
2.580901E-08,-1.4890297E-01
2.585901E-08,-1.4890297E-01
2.590901E-08,-1.4885026E-01
2.595901E-08,-1.4879755E-01
2.600901E-08,-1.4879755E-01
2.605901E-08,-1.4879755E-01
2.610901E-08,-1.4879755E-01
2.615901E-08,-1.4879755E-01
2.620901E-08,-1.4879755E-01
2.625901E-08,-1.4879755E-01
2.630901E-08,-1.4885026E-01
2.635901E-08,-1.4885026E-01
2.640901E-08,-1.4890297E-01
2.645901E-08,-1.4900839E-01
2.650901E-08,-1.4906110E-01
2.655901E-08,-1.4911381E-01
2.660901E-08,-1.4921923E-01
2.665901E-08,-1.4932464E-01
2.670901E-08,-1.4937735E-01
2.675901E-08,-1.4948277E-01
2.680901E-08,-1.4958819E-01
2.685901E-08,-1.4969361E-01
2.690901E-08,-1.4979903E-01
2.695901E-08,-1.4990444E-01
2.700901E-08,-1.4995715E-01
2.705901E-08,-1.5006257E-01
2.710901E-08,-1.5016799E-01
2.715901E-08,-1.5022070E-01
2.720901E-08,-1.5027341E-01
2.725901E-08,-1.5032612E-01
2.730901E-08,-1.5037883E-01
2.735901E-08,-1.5043153E-01
2.740901E-08,-1.5043153E-01
2.745901E-08,-1.5043153E-01
2.750901E-08,-1.5043153E-01
2.755901E-08,-1.5043153E-01
2.760901E-08,-1.5037883E-01
2.765901E-08,-1.5037883E-01
2.770901E-08,-1.5032612E-01
2.775901E-08,-1.5027341E-01
2.780901E-08,-1.5022070E-01
2.785901E-08,-1.5011528E-01
2.790901E-08,-1.5006257E-01
2.795901E-08,-1.4995715E-01
2.800901E-08,-1.4990444E-01
2.805901E-08,-1.4985173E-01
2.810901E-08,-1.4974632E-01
2.815901E-08,-1.4969361E-01
2.820901E-08,-1.4958819E-01
2.825901E-08,-1.4953548E-01
2.830901E-08,-1.4948277E-01
2.835901E-08,-1.4943006E-01
2.840901E-08,-1.4937735E-01
2.845901E-08,-1.4937735E-01
2.850901E-08,-1.4937735E-01
2.855901E-08,-1.4932464E-01
2.860901E-08,-1.4932464E-01
2.865901E-08,-1.4937735E-01
2.870901E-08,-1.4937735E-01
2.875901E-08,-1.4943006E-01
2.880901E-08,-1.4943006E-01
2.885901E-08,-1.4948277E-01
2.890901E-08,-1.4953548E-01
2.895901E-08,-1.4958819E-01
2.900901E-08,-1.4964090E-01
2.905901E-08,-1.4969361E-01
2.910901E-08,-1.4979903E-01
2.915901E-08,-1.4985173E-01
2.920901E-08,-1.4990444E-01
2.925901E-08,-1.4995715E-01
2.930901E-08,-1.5000986E-01
2.935901E-08,-1.5000986E-01
2.940901E-08,-1.5006257E-01
2.945901E-08,-1.5006257E-01
2.950901E-08,-1.5011528E-01
2.955901E-08,-1.5011528E-01
2.960901E-08,-1.5006257E-01
2.965901E-08,-1.5006257E-01
2.970901E-08,-1.5000986E-01
2.975901E-08,-1.4995715E-01
2.980901E-08,-1.4990444E-01
2.985901E-08,-1.4985173E-01
2.990901E-08,-1.4979903E-01
2.995901E-08,-1.4974632E-01
3.000901E-08,-1.4964090E-01
3.005901E-08,-1.4953548E-01
3.010901E-08,-1.4948277E-01
3.015901E-08,-1.4937735E-01
3.020901E-08,-1.4927194E-01
3.025901E-08,-1.4921923E-01
3.030901E-08,-1.4911381E-01
3.035901E-08,-1.4900839E-01
3.040901E-08,-1.4895568E-01
3.045901E-08,-1.4890297E-01
3.050901E-08,-1.4885026E-01
3.055901E-08,-1.4879755E-01
3.060901E-08,-1.4874485E-01
3.065901E-08,-1.4869214E-01
3.070901E-08,-1.4869214E-01
3.075901E-08,-1.4869214E-01
3.080901E-08,-1.4863943E-01
3.085901E-08,-1.4869214E-01
3.090901E-08,-1.4869214E-01
3.095901E-08,-1.4869214E-01
3.100901E-08,-1.4874485E-01
3.105901E-08,-1.4874485E-01
3.110901E-08,-1.4879755E-01
3.115901E-08,-1.4885026E-01
3.120901E-08,-1.4885026E-01
3.125901E-08,-1.4890297E-01
3.130901E-08,-1.4895568E-01
3.135901E-08,-1.4900839E-01
3.140901E-08,-1.4900839E-01
3.145901E-08,-1.4906110E-01
3.150901E-08,-1.4906110E-01
3.155901E-08,-1.4911381E-01
3.160901E-08,-1.4911381E-01
3.165901E-08,-1.4911381E-01
3.170901E-08,-1.4911381E-01
3.175901E-08,-1.4911381E-01
3.180901E-08,-1.4911381E-01
3.185901E-08,-1.4906110E-01
3.190901E-08,-1.4906110E-01
3.195901E-08,-1.4900839E-01
3.200901E-08,-1.4895568E-01
3.205901E-08,-1.4890297E-01
3.210901E-08,-1.4885026E-01
3.215901E-08,-1.4879755E-01
3.220901E-08,-1.4879755E-01
3.225901E-08,-1.4874485E-01
3.230901E-08,-1.4869214E-01
3.235901E-08,-1.4863943E-01
3.240901E-08,-1.4858672E-01
3.245901E-08,-1.4858672E-01
3.250901E-08,-1.4853401E-01
3.255901E-08,-1.4853401E-01
3.260901E-08,-1.4853401E-01
3.265901E-08,-1.4853401E-01
3.270901E-08,-1.4853401E-01
3.275901E-08,-1.4858672E-01
3.280901E-08,-1.4858672E-01
3.285901E-08,-1.4863943E-01
3.290901E-08,-1.4869214E-01
3.295901E-08,-1.4874485E-01
3.300901E-08,-1.4879755E-01
3.305901E-08,-1.4885026E-01
3.310901E-08,-1.4895568E-01
3.315901E-08,-1.4900839E-01
3.320901E-08,-1.4911381E-01
3.325901E-08,-1.4916652E-01
3.330901E-08,-1.4921923E-01
3.335901E-08,-1.4932464E-01
3.340901E-08,-1.4937735E-01
3.345901E-08,-1.4943006E-01
3.350901E-08,-1.4948277E-01
3.355901E-08,-1.4953548E-01
3.360901E-08,-1.4953548E-01
3.365901E-08,-1.4958819E-01
3.370901E-08,-1.4958819E-01
3.375901E-08,-1.4958819E-01
3.380901E-08,-1.4953548E-01
3.385901E-08,-1.4953548E-01
3.390901E-08,-1.4948277E-01
3.395901E-08,-1.4943006E-01
3.400901E-08,-1.4937735E-01
3.405901E-08,-1.4927194E-01
3.410901E-08,-1.4921923E-01
3.415901E-08,-1.4911381E-01
3.420901E-08,-1.4900839E-01
3.425901E-08,-1.4890297E-01
3.430901E-08,-1.4885026E-01
3.435901E-08,-1.4874485E-01
3.440901E-08,-1.4863943E-01
3.445901E-08,-1.4853401E-01
3.450901E-08,-1.4842859E-01
3.455901E-08,-1.4832317E-01
3.460901E-08,-1.4827046E-01
3.465901E-08,-1.4816505E-01
3.470901E-08,-1.4811234E-01
3.475901E-08,-1.4805963E-01
3.480901E-08,-1.4800692E-01
3.485901E-08,-1.4800692E-01
3.490901E-08,-1.4795421E-01
3.495901E-08,-1.4795421E-01
3.500901E-08,-1.4800692E-01
3.505901E-08,-1.4800692E-01
3.510901E-08,-1.4800692E-01
3.515901E-08,-1.4805963E-01
3.520901E-08,-1.4811234E-01
3.525901E-08,-1.4816505E-01
3.530901E-08,-1.4821776E-01
3.535901E-08,-1.4832317E-01
3.540901E-08,-1.4837588E-01
3.545901E-08,-1.4848130E-01
3.550901E-08,-1.4853401E-01
3.555901E-08,-1.4863943E-01
3.560901E-08,-1.4869214E-01
3.565901E-08,-1.4879755E-01
3.570901E-08,-1.4885026E-01
3.575901E-08,-1.4890297E-01
3.580901E-08,-1.4895568E-01
3.585901E-08,-1.4900839E-01
3.590901E-08,-1.4906110E-01
3.595901E-08,-1.4911381E-01
3.600901E-08,-1.4911381E-01
3.605901E-08,-1.4911381E-01
3.610901E-08,-1.4911381E-01
3.615901E-08,-1.4911381E-01
3.620901E-08,-1.4911381E-01
3.625901E-08,-1.4906110E-01
3.630901E-08,-1.4906110E-01
3.635901E-08,-1.4900839E-01
3.640901E-08,-1.4895568E-01
3.645901E-08,-1.4890297E-01
3.650901E-08,-1.4885026E-01
3.655901E-08,-1.4879755E-01
3.660901E-08,-1.4874485E-01
3.665901E-08,-1.4869214E-01
3.670901E-08,-1.4858672E-01
3.675901E-08,-1.4853401E-01
3.680901E-08,-1.4848130E-01
3.685901E-08,-1.4842859E-01
3.690901E-08,-1.4837588E-01
3.695901E-08,-1.4837588E-01
3.700901E-08,-1.4832317E-01
3.705901E-08,-1.4827046E-01
3.710901E-08,-1.4827046E-01
3.715901E-08,-1.4821776E-01
3.720901E-08,-1.4821776E-01
3.725901E-08,-1.4821776E-01
3.730901E-08,-1.4821776E-01
3.735901E-08,-1.4821776E-01
3.740901E-08,-1.4827046E-01
3.745901E-08,-1.4827046E-01
3.750901E-08,-1.4827046E-01
3.755901E-08,-1.4832317E-01
3.760901E-08,-1.4837588E-01
3.765901E-08,-1.4837588E-01
3.770901E-08,-1.4842859E-01
3.775901E-08,-1.4848130E-01
3.780901E-08,-1.4848130E-01
3.785901E-08,-1.4853401E-01
3.790901E-08,-1.4858672E-01
3.795901E-08,-1.4863943E-01
3.800901E-08,-1.4863943E-01
3.805901E-08,-1.4869214E-01
3.810901E-08,-1.4874485E-01
3.815901E-08,-1.4879755E-01
3.820901E-08,-1.4879755E-01
3.825901E-08,-1.4885026E-01
3.830901E-08,-1.4885026E-01
3.835901E-08,-1.4890297E-01
3.840901E-08,-1.4890297E-01
3.845901E-08,-1.4895568E-01
3.850901E-08,-1.4895568E-01
3.855901E-08,-1.4900839E-01
3.860901E-08,-1.4900839E-01
3.865901E-08,-1.4906110E-01
3.870901E-08,-1.4906110E-01
3.875901E-08,-1.4911381E-01
3.880901E-08,-1.4911381E-01
3.885901E-08,-1.4916652E-01
3.890901E-08,-1.4921923E-01
3.895901E-08,-1.4921923E-01
3.900901E-08,-1.4927194E-01
3.905901E-08,-1.4927194E-01
3.910901E-08,-1.4932464E-01
3.915901E-08,-1.4937735E-01
3.920901E-08,-1.4937735E-01
3.925901E-08,-1.4943006E-01
3.930901E-08,-1.4943006E-01
3.935901E-08,-1.4948277E-01
3.940901E-08,-1.4948277E-01
3.945901E-08,-1.4953548E-01
3.950901E-08,-1.4953548E-01
3.955901E-08,-1.4958819E-01
3.960901E-08,-1.4958819E-01
3.965901E-08,-1.4958819E-01
3.970901E-08,-1.4958819E-01
3.975901E-08,-1.4964090E-01
3.980901E-08,-1.4964090E-01
3.985901E-08,-1.4958819E-01
3.990901E-08,-1.4958819E-01
3.995901E-08,-1.4958819E-01
4.000901E-08,-1.4958819E-01
4.005901E-08,-1.4953548E-01
4.010901E-08,-1.4953548E-01
4.015901E-08,-1.4948277E-01
4.020901E-08,-1.4943006E-01
4.025901E-08,-1.4943006E-01
4.030901E-08,-1.4937735E-01
4.035901E-08,-1.4932464E-01
4.040901E-08,-1.4927194E-01
4.045901E-08,-1.4921923E-01
4.050901E-08,-1.4921923E-01
4.055901E-08,-1.4916652E-01
4.060901E-08,-1.4911381E-01
4.065901E-08,-1.4906110E-01
4.070901E-08,-1.4906110E-01
4.075901E-08,-1.4900839E-01
4.080901E-08,-1.4900839E-01
4.085901E-08,-1.4895568E-01
4.090901E-08,-1.4895568E-01
4.095901E-08,-1.4895568E-01
4.100901E-08,-1.4895568E-01
4.105901E-08,-1.4895568E-01
4.110901E-08,-1.4895568E-01
4.115901E-08,-1.4900839E-01
4.120901E-08,-1.4900839E-01
4.125901E-08,-1.4906110E-01
4.130901E-08,-1.4906110E-01
4.135901E-08,-1.4911381E-01
4.140901E-08,-1.4916652E-01
4.145901E-08,-1.4921923E-01
4.150901E-08,-1.4927194E-01
4.155901E-08,-1.4932464E-01
4.160901E-08,-1.4937735E-01
4.165901E-08,-1.4943006E-01
4.170901E-08,-1.4948277E-01
4.175901E-08,-1.4953548E-01
4.180901E-08,-1.4958819E-01
4.185901E-08,-1.4964090E-01
4.190901E-08,-1.4964090E-01
4.195901E-08,-1.4969361E-01
4.200901E-08,-1.4974632E-01
4.205901E-08,-1.4979903E-01
4.210901E-08,-1.4979903E-01
4.215901E-08,-1.4985173E-01
4.220901E-08,-1.4985173E-01
4.225901E-08,-1.4990444E-01
4.230901E-08,-1.4990444E-01
4.235901E-08,-1.4990444E-01
4.240901E-08,-1.4990444E-01
4.245901E-08,-1.4990444E-01
4.250901E-08,-1.4990444E-01
4.255901E-08,-1.4985173E-01
4.260901E-08,-1.4985173E-01
4.265901E-08,-1.4985173E-01
4.270901E-08,-1.4979903E-01
4.275901E-08,-1.4979903E-01
4.280901E-08,-1.4979903E-01
4.285901E-08,-1.4974632E-01
4.290901E-08,-1.4974632E-01
4.295901E-08,-1.4969361E-01
4.300901E-08,-1.4969361E-01
4.305901E-08,-1.4964090E-01
4.310901E-08,-1.4964090E-01
4.315901E-08,-1.4964090E-01
4.320901E-08,-1.4958819E-01
4.325901E-08,-1.4958819E-01
4.330901E-08,-1.4958819E-01
4.335901E-08,-1.4953548E-01
4.340901E-08,-1.4953548E-01
4.345901E-08,-1.4953548E-01
4.350901E-08,-1.4953548E-01
4.355901E-08,-1.4948277E-01
4.360901E-08,-1.4948277E-01
4.365901E-08,-1.4948277E-01
4.370901E-08,-1.4948277E-01
4.375901E-08,-1.4948277E-01
4.380901E-08,-1.4943006E-01
4.385901E-08,-1.4943006E-01
4.390901E-08,-1.4943006E-01
4.395901E-08,-1.4937735E-01
4.400901E-08,-1.4937735E-01
4.405901E-08,-1.4937735E-01
4.410901E-08,-1.4932464E-01
4.415901E-08,-1.4932464E-01
4.420901E-08,-1.4927194E-01
4.425901E-08,-1.4927194E-01
4.430901E-08,-1.4921923E-01
4.435901E-08,-1.4921923E-01
4.440901E-08,-1.4916652E-01
4.445901E-08,-1.4911381E-01
4.450901E-08,-1.4911381E-01
4.455901E-08,-1.4906110E-01
4.460901E-08,-1.4906110E-01
4.465901E-08,-1.4900839E-01
4.470901E-08,-1.4895568E-01
4.475901E-08,-1.4895568E-01
4.480901E-08,-1.4890297E-01
4.485901E-08,-1.4890297E-01
4.490901E-08,-1.4885026E-01
4.495901E-08,-1.4885026E-01
4.500901E-08,-1.4885026E-01
4.505901E-08,-1.4879755E-01
4.510901E-08,-1.4879755E-01
4.515901E-08,-1.4879755E-01
4.520901E-08,-1.4879755E-01
4.525901E-08,-1.4879755E-01
4.530901E-08,-1.4879755E-01
4.535901E-08,-1.4879755E-01
4.540901E-08,-1.4879755E-01
4.545901E-08,-1.4879755E-01
4.550901E-08,-1.4885026E-01
4.555901E-08,-1.4885026E-01
4.560901E-08,-1.4890297E-01
4.565901E-08,-1.4890297E-01
4.570901E-08,-1.4890297E-01
4.575901E-08,-1.4895568E-01
4.580901E-08,-1.4895568E-01
4.585901E-08,-1.4900839E-01
4.590901E-08,-1.4900839E-01
4.595901E-08,-1.4906110E-01
4.600901E-08,-1.4906110E-01
4.605901E-08,-1.4911381E-01
4.610901E-08,-1.4911381E-01
4.615901E-08,-1.4911381E-01
4.620901E-08,-1.4916652E-01
4.625901E-08,-1.4916652E-01
4.630901E-08,-1.4916652E-01
4.635901E-08,-1.4916652E-01
4.640901E-08,-1.4916652E-01
4.645901E-08,-1.4916652E-01
4.650901E-08,-1.4916652E-01
4.655901E-08,-1.4916652E-01
4.660901E-08,-1.4916652E-01
4.665901E-08,-1.4911381E-01
4.670901E-08,-1.4911381E-01
4.675901E-08,-1.4911381E-01
4.680901E-08,-1.4906110E-01
4.685901E-08,-1.4906110E-01
4.690901E-08,-1.4906110E-01
4.695901E-08,-1.4900839E-01
4.700901E-08,-1.4900839E-01
4.705901E-08,-1.4900839E-01
4.710901E-08,-1.4895568E-01
4.715901E-08,-1.4895568E-01
4.720901E-08,-1.4895568E-01
4.725901E-08,-1.4895568E-01
4.730901E-08,-1.4890297E-01
4.735901E-08,-1.4890297E-01
4.740901E-08,-1.4890297E-01
4.745901E-08,-1.4890297E-01
4.750901E-08,-1.4890297E-01
4.755901E-08,-1.4895568E-01
4.760901E-08,-1.4895568E-01
4.765901E-08,-1.4895568E-01
4.770901E-08,-1.4895568E-01
4.775901E-08,-1.4900839E-01
4.780901E-08,-1.4900839E-01
4.785901E-08,-1.4906110E-01
4.790901E-08,-1.4906110E-01
4.795901E-08,-1.4911381E-01
4.800901E-08,-1.4916652E-01
4.805901E-08,-1.4916652E-01
4.810901E-08,-1.4921923E-01
4.815901E-08,-1.4921923E-01
4.820901E-08,-1.4927194E-01
4.825901E-08,-1.4932464E-01
4.830901E-08,-1.4932464E-01
4.835901E-08,-1.4937735E-01
4.840901E-08,-1.4937735E-01
4.845901E-08,-1.4943006E-01
4.850901E-08,-1.4943006E-01
4.855901E-08,-1.4948277E-01
4.860901E-08,-1.4948277E-01
4.865901E-08,-1.4953548E-01
4.870901E-08,-1.4953548E-01
4.875901E-08,-1.4953548E-01
4.880901E-08,-1.4953548E-01
4.885901E-08,-1.4958819E-01
4.890901E-08,-1.4958819E-01
4.895901E-08,-1.4958819E-01
4.900901E-08,-1.4958819E-01
4.905901E-08,-1.4958819E-01
4.910901E-08,-1.4958819E-01
4.915901E-08,-1.4958819E-01
4.920901E-08,-1.4958819E-01
4.925901E-08,-1.4958819E-01
4.930901E-08,-1.4958819E-01
4.935901E-08,-1.4958819E-01
4.940901E-08,-1.4953548E-01
4.945901E-08,-1.4953548E-01
4.950901E-08,-1.4953548E-01
4.955901E-08,-1.4953548E-01
4.960901E-08,-1.4953548E-01
4.965901E-08,-1.4953548E-01
4.970901E-08,-1.4953548E-01
4.975901E-08,-1.4953548E-01
4.980901E-08,-1.4953548E-01
4.985901E-08,-1.4953548E-01
4.990901E-08,-1.4953548E-01
4.995901E-08,-1.4948277E-01
5.000901E-08,-1.4948277E-01
5.005901E-08,-1.4948277E-01
5.010901E-08,-1.4948277E-01
5.015901E-08,-1.4948277E-01
5.020901E-08,-1.4948277E-01
5.025901E-08,-1.4948277E-01
5.030901E-08,-1.4948277E-01
5.035901E-08,-1.4948277E-01
5.040901E-08,-1.4948277E-01
5.045901E-08,-1.4948277E-01
5.050901E-08,-1.4948277E-01
5.055901E-08,-1.4948277E-01
5.060901E-08,-1.4948277E-01
5.065901E-08,-1.4943006E-01
5.070901E-08,-1.4943006E-01
5.075901E-08,-1.4943006E-01
5.080901E-08,-1.4943006E-01
5.085901E-08,-1.4943006E-01
5.090901E-08,-1.4943006E-01
5.095901E-08,-1.4943006E-01
5.100901E-08,-1.4943006E-01
5.105901E-08,-1.4943006E-01
5.110901E-08,-1.4943006E-01
5.115901E-08,-1.4943006E-01
5.120901E-08,-1.4948277E-01
5.125901E-08,-1.4948277E-01
5.130901E-08,-1.4948277E-01
5.135901E-08,-1.4948277E-01
5.140901E-08,-1.4953548E-01
5.145901E-08,-1.4953548E-01
5.150901E-08,-1.4958819E-01
5.155901E-08,-1.4958819E-01
5.160901E-08,-1.4964090E-01
5.165901E-08,-1.4964090E-01
5.170901E-08,-1.4969361E-01
5.175901E-08,-1.4969361E-01
5.180901E-08,-1.4974632E-01
5.185901E-08,-1.4979903E-01
5.190901E-08,-1.4979903E-01
5.195901E-08,-1.4985173E-01
5.200901E-08,-1.4985173E-01
5.205901E-08,-1.4990444E-01
5.210901E-08,-1.4990444E-01
5.215901E-08,-1.4995715E-01
5.220901E-08,-1.4995715E-01
5.225901E-08,-1.4995715E-01
5.230901E-08,-1.4995715E-01
5.235901E-08,-1.5000986E-01
5.240901E-08,-1.5000986E-01
5.245901E-08,-1.5000986E-01
5.250901E-08,-1.4995715E-01
5.255901E-08,-1.4995715E-01
5.260901E-08,-1.4995715E-01
5.265901E-08,-1.4995715E-01
5.270901E-08,-1.4990444E-01
5.275901E-08,-1.4990444E-01
5.280901E-08,-1.4985173E-01
5.285901E-08,-1.4979903E-01
5.290901E-08,-1.4979903E-01
5.295901E-08,-1.4974632E-01
5.300901E-08,-1.4969361E-01
5.305901E-08,-1.4964090E-01
5.310901E-08,-1.4958819E-01
5.315901E-08,-1.4958819E-01
5.320901E-08,-1.4953548E-01
5.325901E-08,-1.4948277E-01
5.330901E-08,-1.4943006E-01
5.335901E-08,-1.4937735E-01
5.340901E-08,-1.4937735E-01
5.345901E-08,-1.4932464E-01
5.350901E-08,-1.4927194E-01
5.355901E-08,-1.4921923E-01
5.360901E-08,-1.4921923E-01
5.365901E-08,-1.4916652E-01
5.370901E-08,-1.4916652E-01
5.375901E-08,-1.4911381E-01
5.380901E-08,-1.4911381E-01
5.385901E-08,-1.4911381E-01
5.390901E-08,-1.4906110E-01
5.395901E-08,-1.4906110E-01
5.400901E-08,-1.4906110E-01
5.405901E-08,-1.4906110E-01
5.410901E-08,-1.4900839E-01
5.415901E-08,-1.4900839E-01
5.420901E-08,-1.4900839E-01
5.425901E-08,-1.4900839E-01
5.430901E-08,-1.4900839E-01
5.435901E-08,-1.4895568E-01
5.440901E-08,-1.4895568E-01
5.445901E-08,-1.4895568E-01
5.450901E-08,-1.4890297E-01
5.455901E-08,-1.4890297E-01
5.460901E-08,-1.4890297E-01
5.465901E-08,-1.4885026E-01
5.470901E-08,-1.4885026E-01
5.475901E-08,-1.4879755E-01
5.480901E-08,-1.4874485E-01
5.485901E-08,-1.4874485E-01
5.490901E-08,-1.4869214E-01
5.495901E-08,-1.4863943E-01
5.500901E-08,-1.4858672E-01
5.505901E-08,-1.4858672E-01
5.510901E-08,-1.4853401E-01
5.515901E-08,-1.4848130E-01
5.520901E-08,-1.4842859E-01
5.525901E-08,-1.4842859E-01
5.530901E-08,-1.4837588E-01
5.535901E-08,-1.4832317E-01
5.540901E-08,-1.4832317E-01
5.545901E-08,-1.4827046E-01
5.550901E-08,-1.4827046E-01
5.555901E-08,-1.4821776E-01
5.560901E-08,-1.4821776E-01
5.565901E-08,-1.4821776E-01
5.570901E-08,-1.4821776E-01
5.575901E-08,-1.4821776E-01
5.580901E-08,-1.4821776E-01
5.585901E-08,-1.4821776E-01
5.590901E-08,-1.4821776E-01
5.595901E-08,-1.4827046E-01
5.600901E-08,-1.4827046E-01
5.605901E-08,-1.4832317E-01
5.610901E-08,-1.4837588E-01
5.615901E-08,-1.4837588E-01
5.620901E-08,-1.4842859E-01
5.625901E-08,-1.4848130E-01
5.630901E-08,-1.4853401E-01
5.635901E-08,-1.4858672E-01
5.640901E-08,-1.4863943E-01
5.645901E-08,-1.4869214E-01
5.650901E-08,-1.4869214E-01
5.655901E-08,-1.4874485E-01
5.660901E-08,-1.4879755E-01
5.665901E-08,-1.4885026E-01
5.670901E-08,-1.4885026E-01
5.675901E-08,-1.4890297E-01
5.680901E-08,-1.4895568E-01
5.685901E-08,-1.4895568E-01
5.690901E-08,-1.4895568E-01
5.695901E-08,-1.4900839E-01
5.700901E-08,-1.4900839E-01
5.705901E-08,-1.4900839E-01
5.710901E-08,-1.4900839E-01
5.715901E-08,-1.4900839E-01
5.720901E-08,-1.4900839E-01
5.725901E-08,-1.4900839E-01
5.730901E-08,-1.4900839E-01
5.735901E-08,-1.4900839E-01
5.740901E-08,-1.4895568E-01
5.745901E-08,-1.4895568E-01
5.750901E-08,-1.4895568E-01
5.755901E-08,-1.4890297E-01
5.760901E-08,-1.4890297E-01
5.765901E-08,-1.4890297E-01
5.770901E-08,-1.4890297E-01
5.775901E-08,-1.4885026E-01
5.780901E-08,-1.4885026E-01
5.785901E-08,-1.4885026E-01
5.790901E-08,-1.4885026E-01
5.795901E-08,-1.4879755E-01
5.800901E-08,-1.4879755E-01
5.805901E-08,-1.4879755E-01
5.810901E-08,-1.4879755E-01
5.815901E-08,-1.4879755E-01
5.820901E-08,-1.4879755E-01
5.825901E-08,-1.4885026E-01
5.830901E-08,-1.4885026E-01
5.835901E-08,-1.4885026E-01
5.840901E-08,-1.4885026E-01
5.845901E-08,-1.4885026E-01
5.850901E-08,-1.4890297E-01
5.855901E-08,-1.4890297E-01
5.860901E-08,-1.4890297E-01
5.865901E-08,-1.4890297E-01
5.870901E-08,-1.4890297E-01
5.875901E-08,-1.4890297E-01
5.880901E-08,-1.4895568E-01
5.885901E-08,-1.4895568E-01
5.890901E-08,-1.4895568E-01
5.895901E-08,-1.4895568E-01
5.900901E-08,-1.4895568E-01
5.905901E-08,-1.4890297E-01
5.910901E-08,-1.4890297E-01
5.915901E-08,-1.4890297E-01
5.920901E-08,-1.4890297E-01
5.925901E-08,-1.4885026E-01
5.930901E-08,-1.4885026E-01
5.935901E-08,-1.4885026E-01
5.940901E-08,-1.4879755E-01
5.945901E-08,-1.4879755E-01
5.950901E-08,-1.4874485E-01
5.955901E-08,-1.4874485E-01
5.960901E-08,-1.4874485E-01
5.965901E-08,-1.4869214E-01
5.970901E-08,-1.4869214E-01
5.975901E-08,-1.4869214E-01
5.980901E-08,-1.4869214E-01
5.985901E-08,-1.4869214E-01
5.990901E-08,-1.4869214E-01
5.995901E-08,-1.4869214E-01
6.000901E-08,-1.4869214E-01
6.005901E-08,-1.4869214E-01
6.010901E-08,-1.4874485E-01
6.015901E-08,-1.4874485E-01
6.020901E-08,-1.4879755E-01
6.025901E-08,-1.4885026E-01
6.030901E-08,-1.4885026E-01
6.035901E-08,-1.4890297E-01
6.040901E-08,-1.4895568E-01
6.045901E-08,-1.4900839E-01
6.050901E-08,-1.4906110E-01
6.055901E-08,-1.4911381E-01
6.060901E-08,-1.4916652E-01
6.065901E-08,-1.4921923E-01
6.070901E-08,-1.4927194E-01
6.075901E-08,-1.4932464E-01
6.080901E-08,-1.4937735E-01
6.085901E-08,-1.4943006E-01
6.090901E-08,-1.4948277E-01
6.095901E-08,-1.4953548E-01
6.100901E-08,-1.4958819E-01
6.105901E-08,-1.4958819E-01
6.110901E-08,-1.4964090E-01
6.115901E-08,-1.4964090E-01
6.120901E-08,-1.4964090E-01
6.125901E-08,-1.4969361E-01
6.130901E-08,-1.4964090E-01
6.135901E-08,-1.4964090E-01
6.140901E-08,-1.4964090E-01
6.145901E-08,-1.4964090E-01
6.150901E-08,-1.4958819E-01
6.155901E-08,-1.4953548E-01
6.160901E-08,-1.4953548E-01
6.165901E-08,-1.4948277E-01
6.170901E-08,-1.4943006E-01
6.175901E-08,-1.4937735E-01
6.180901E-08,-1.4932464E-01
6.185901E-08,-1.4927194E-01
6.190901E-08,-1.4921923E-01
6.195901E-08,-1.4916652E-01
6.200901E-08,-1.4906110E-01
6.205901E-08,-1.4900839E-01
6.210901E-08,-1.4895568E-01
6.215901E-08,-1.4890297E-01
6.220901E-08,-1.4890297E-01
6.225901E-08,-1.4885026E-01
6.230901E-08,-1.4879755E-01
6.235901E-08,-1.4879755E-01
6.240901E-08,-1.4874485E-01
6.245901E-08,-1.4874485E-01
6.250901E-08,-1.4874485E-01
6.255901E-08,-1.4874485E-01
6.260901E-08,-1.4874485E-01
6.265901E-08,-1.4874485E-01
6.270901E-08,-1.4874485E-01
6.275901E-08,-1.4874485E-01
6.280901E-08,-1.4879755E-01
6.285901E-08,-1.4879755E-01
6.290901E-08,-1.4885026E-01
6.295901E-08,-1.4890297E-01
6.300901E-08,-1.4895568E-01
6.305901E-08,-1.4895568E-01
6.310901E-08,-1.4900839E-01
6.315901E-08,-1.4906110E-01
6.320901E-08,-1.4911381E-01
6.325901E-08,-1.4911381E-01
6.330901E-08,-1.4916652E-01
6.335901E-08,-1.4921923E-01
6.340901E-08,-1.4921923E-01
6.345901E-08,-1.4921923E-01
6.350901E-08,-1.4927194E-01
6.355901E-08,-1.4927194E-01
6.360901E-08,-1.4927194E-01
6.365901E-08,-1.4927194E-01
6.370901E-08,-1.4921923E-01
6.375901E-08,-1.4921923E-01
6.380901E-08,-1.4916652E-01
6.385901E-08,-1.4916652E-01
6.390901E-08,-1.4911381E-01
6.395901E-08,-1.4906110E-01
6.400901E-08,-1.4900839E-01
6.405901E-08,-1.4895568E-01
6.410901E-08,-1.4890297E-01
6.415901E-08,-1.4885026E-01
6.420901E-08,-1.4874485E-01
6.425901E-08,-1.4869214E-01
6.430901E-08,-1.4863943E-01
6.435901E-08,-1.4858672E-01
6.440901E-08,-1.4848130E-01
6.445901E-08,-1.4842859E-01
6.450901E-08,-1.4837588E-01
6.455901E-08,-1.4832317E-01
6.460901E-08,-1.4827046E-01
6.465901E-08,-1.4821776E-01
6.470901E-08,-1.4816505E-01
6.475901E-08,-1.4816505E-01
6.480901E-08,-1.4811234E-01
6.485901E-08,-1.4811234E-01
6.490901E-08,-1.4811234E-01
6.495901E-08,-1.4811234E-01
6.500901E-08,-1.4811234E-01
6.505901E-08,-1.4811234E-01
6.510901E-08,-1.4811234E-01
6.515901E-08,-1.4811234E-01
6.520901E-08,-1.4816505E-01
6.525901E-08,-1.4821776E-01
6.530901E-08,-1.4821776E-01
6.535901E-08,-1.4827046E-01
6.540901E-08,-1.4832317E-01
6.545901E-08,-1.4837588E-01
6.550901E-08,-1.4842859E-01
6.555901E-08,-1.4848130E-01
6.560901E-08,-1.4853401E-01
6.565901E-08,-1.4863943E-01
6.570901E-08,-1.4869214E-01
6.575901E-08,-1.4874485E-01
6.580901E-08,-1.4879755E-01
6.585901E-08,-1.4885026E-01
6.590901E-08,-1.4890297E-01
6.595901E-08,-1.4895568E-01
6.600901E-08,-1.4900839E-01
6.605901E-08,-1.4906110E-01
6.610901E-08,-1.4911381E-01
6.615901E-08,-1.4911381E-01
6.620901E-08,-1.4916652E-01
6.625901E-08,-1.4916652E-01
6.630901E-08,-1.4921923E-01
6.635901E-08,-1.4921923E-01
6.640901E-08,-1.4927194E-01
6.645901E-08,-1.4927194E-01
6.650901E-08,-1.4927194E-01
6.655901E-08,-1.4927194E-01
6.660901E-08,-1.4927194E-01
6.665901E-08,-1.4927194E-01
6.670901E-08,-1.4927194E-01
6.675901E-08,-1.4927194E-01
6.680901E-08,-1.4927194E-01
6.685901E-08,-1.4927194E-01
6.690901E-08,-1.4921923E-01
6.695901E-08,-1.4921923E-01
6.700901E-08,-1.4921923E-01
6.705901E-08,-1.4921923E-01
6.710901E-08,-1.4921923E-01
6.715901E-08,-1.4916652E-01
6.720901E-08,-1.4916652E-01
6.725901E-08,-1.4916652E-01
6.730901E-08,-1.4916652E-01
6.735901E-08,-1.4911381E-01
6.740901E-08,-1.4911381E-01
6.745901E-08,-1.4911381E-01
6.750901E-08,-1.4911381E-01
6.755901E-08,-1.4906110E-01
6.760901E-08,-1.4906110E-01
6.765901E-08,-1.4906110E-01
6.770901E-08,-1.4906110E-01
6.775901E-08,-1.4906110E-01
6.780901E-08,-1.4900839E-01
6.785901E-08,-1.4900839E-01
6.790901E-08,-1.4900839E-01
6.795901E-08,-1.4900839E-01
6.800901E-08,-1.4900839E-01
6.805901E-08,-1.4900839E-01
6.810901E-08,-1.4900839E-01
6.815901E-08,-1.4900839E-01
6.820901E-08,-1.4900839E-01
6.825901E-08,-1.4900839E-01
6.830901E-08,-1.4900839E-01
6.835901E-08,-1.4900839E-01
6.840901E-08,-1.4900839E-01
6.845901E-08,-1.4900839E-01
6.850901E-08,-1.4900839E-01
6.855901E-08,-1.4900839E-01
6.860901E-08,-1.4900839E-01
6.865901E-08,-1.4906110E-01
6.870901E-08,-1.4906110E-01
6.875901E-08,-1.4906110E-01
6.880901E-08,-1.4911381E-01
6.885901E-08,-1.4911381E-01
6.890901E-08,-1.4916652E-01
6.895901E-08,-1.4916652E-01
6.900901E-08,-1.4921923E-01
6.905901E-08,-1.4921923E-01
6.910901E-08,-1.4927194E-01
6.915901E-08,-1.4927194E-01
6.920901E-08,-1.4932464E-01
6.925901E-08,-1.4932464E-01
6.930901E-08,-1.4937735E-01
6.935901E-08,-1.4943006E-01
6.940901E-08,-1.4943006E-01
6.945901E-08,-1.4948277E-01
6.950901E-08,-1.4948277E-01
6.955901E-08,-1.4953548E-01
6.960901E-08,-1.4953548E-01
6.965901E-08,-1.4953548E-01
6.970901E-08,-1.4958819E-01
6.975901E-08,-1.4958819E-01
6.980901E-08,-1.4958819E-01
6.985901E-08,-1.4958819E-01
6.990901E-08,-1.4958819E-01
6.995901E-08,-1.4958819E-01
7.000901E-08,-1.4958819E-01
7.005901E-08,-1.4958819E-01
7.010901E-08,-1.4958819E-01
7.015901E-08,-1.4953548E-01
7.020901E-08,-1.4953548E-01
7.025901E-08,-1.4953548E-01
7.030901E-08,-1.4948277E-01
7.035901E-08,-1.4948277E-01
7.040901E-08,-1.4948277E-01
7.045901E-08,-1.4943006E-01
7.050901E-08,-1.4943006E-01
7.055901E-08,-1.4937735E-01
7.060901E-08,-1.4937735E-01
7.065901E-08,-1.4932464E-01
7.070901E-08,-1.4932464E-01
7.075901E-08,-1.4932464E-01
7.080901E-08,-1.4927194E-01
7.085901E-08,-1.4927194E-01
7.090901E-08,-1.4927194E-01
7.095901E-08,-1.4921923E-01
7.100901E-08,-1.4921923E-01
7.105901E-08,-1.4921923E-01
7.110901E-08,-1.4921923E-01
7.115901E-08,-1.4921923E-01
7.120901E-08,-1.4921923E-01
7.125901E-08,-1.4927194E-01
7.130901E-08,-1.4927194E-01
7.135901E-08,-1.4927194E-01
7.140901E-08,-1.4932464E-01
7.145901E-08,-1.4932464E-01
7.150901E-08,-1.4932464E-01
7.155901E-08,-1.4937735E-01
7.160901E-08,-1.4943006E-01
7.165901E-08,-1.4943006E-01
7.170901E-08,-1.4948277E-01
7.175901E-08,-1.4948277E-01
7.180901E-08,-1.4953548E-01
7.185901E-08,-1.4958819E-01
7.190901E-08,-1.4958819E-01
7.195901E-08,-1.4964090E-01
7.200901E-08,-1.4969361E-01
7.205901E-08,-1.4969361E-01
7.210901E-08,-1.4974632E-01
7.215901E-08,-1.4974632E-01
7.220901E-08,-1.4979903E-01
7.225901E-08,-1.4979903E-01
7.230901E-08,-1.4985173E-01
7.235901E-08,-1.4985173E-01
7.240901E-08,-1.4985173E-01
7.245901E-08,-1.4985173E-01
7.250901E-08,-1.4990444E-01
7.255901E-08,-1.4990444E-01
7.260901E-08,-1.4990444E-01
7.265901E-08,-1.4990444E-01
7.270901E-08,-1.4990444E-01
7.275901E-08,-1.4990444E-01
7.280901E-08,-1.4985173E-01
7.285901E-08,-1.4985173E-01
7.290901E-08,-1.4985173E-01
7.295901E-08,-1.4979903E-01
7.300901E-08,-1.4979903E-01
7.305901E-08,-1.4974632E-01
7.310901E-08,-1.4974632E-01
7.315901E-08,-1.4969361E-01
7.320901E-08,-1.4969361E-01
7.325901E-08,-1.4964090E-01
7.330901E-08,-1.4958819E-01
7.335901E-08,-1.4953548E-01
7.340901E-08,-1.4948277E-01
7.345901E-08,-1.4948277E-01
7.350901E-08,-1.4943006E-01
7.355901E-08,-1.4937735E-01
7.360901E-08,-1.4932464E-01
7.365901E-08,-1.4927194E-01
7.370901E-08,-1.4921923E-01
7.375901E-08,-1.4916652E-01
7.380901E-08,-1.4911381E-01
7.385901E-08,-1.4906110E-01
7.390901E-08,-1.4906110E-01
7.395901E-08,-1.4900839E-01
7.400901E-08,-1.4895568E-01
7.405901E-08,-1.4890297E-01
7.410901E-08,-1.4890297E-01
7.415901E-08,-1.4885026E-01
7.420901E-08,-1.4879755E-01
7.425901E-08,-1.4879755E-01
7.430901E-08,-1.4874485E-01
7.435901E-08,-1.4874485E-01
7.440901E-08,-1.4874485E-01
7.445901E-08,-1.4874485E-01
7.450901E-08,-1.4869214E-01
7.455901E-08,-1.4869214E-01
7.460901E-08,-1.4869214E-01
7.465901E-08,-1.4869214E-01
7.470901E-08,-1.4869214E-01
7.475901E-08,-1.4874485E-01
7.480901E-08,-1.4874485E-01
7.485901E-08,-1.4874485E-01
7.490901E-08,-1.4879755E-01
7.495901E-08,-1.4879755E-01
7.500901E-08,-1.4879755E-01
7.505901E-08,-1.4885026E-01
7.510901E-08,-1.4885026E-01
7.515901E-08,-1.4890297E-01
7.520901E-08,-1.4890297E-01
7.525901E-08,-1.4895568E-01
7.530901E-08,-1.4895568E-01
7.535901E-08,-1.4900839E-01
7.540901E-08,-1.4900839E-01
7.545901E-08,-1.4900839E-01
7.550901E-08,-1.4906110E-01
7.555901E-08,-1.4906110E-01
7.560901E-08,-1.4906110E-01
7.565901E-08,-1.4911381E-01
7.570901E-08,-1.4911381E-01
7.575901E-08,-1.4911381E-01
7.580901E-08,-1.4911381E-01
7.585901E-08,-1.4911381E-01
7.590901E-08,-1.4911381E-01
7.595901E-08,-1.4911381E-01
7.600901E-08,-1.4911381E-01
7.605901E-08,-1.4911381E-01
7.610901E-08,-1.4906110E-01
7.615901E-08,-1.4906110E-01
7.620901E-08,-1.4906110E-01
7.625901E-08,-1.4906110E-01
7.630901E-08,-1.4900839E-01
7.635901E-08,-1.4900839E-01
7.640901E-08,-1.4900839E-01
7.645901E-08,-1.4895568E-01
7.650901E-08,-1.4895568E-01
7.655901E-08,-1.4895568E-01
7.660901E-08,-1.4890297E-01
7.665901E-08,-1.4890297E-01
7.670901E-08,-1.4890297E-01
7.675901E-08,-1.4890297E-01
7.680901E-08,-1.4890297E-01
7.685901E-08,-1.4890297E-01
7.690901E-08,-1.4885026E-01
7.695901E-08,-1.4885026E-01
7.700901E-08,-1.4885026E-01
7.705901E-08,-1.4885026E-01
7.710901E-08,-1.4885026E-01
7.715901E-08,-1.4890297E-01
7.720901E-08,-1.4890297E-01
7.725901E-08,-1.4890297E-01
7.730901E-08,-1.4890297E-01
7.735901E-08,-1.4890297E-01
7.740901E-08,-1.4890297E-01
7.745901E-08,-1.4895568E-01
7.750901E-08,-1.4895568E-01
7.755901E-08,-1.4895568E-01
7.760901E-08,-1.4900839E-01
7.765901E-08,-1.4900839E-01
7.770901E-08,-1.4900839E-01
7.775901E-08,-1.4906110E-01
7.780901E-08,-1.4906110E-01
7.785901E-08,-1.4906110E-01
7.790901E-08,-1.4911381E-01
7.795901E-08,-1.4911381E-01
7.800901E-08,-1.4916652E-01
7.805901E-08,-1.4916652E-01
7.810901E-08,-1.4921923E-01
7.815901E-08,-1.4921923E-01
7.820901E-08,-1.4927194E-01
7.825901E-08,-1.4927194E-01
7.830901E-08,-1.4932464E-01
7.835901E-08,-1.4932464E-01
7.840901E-08,-1.4937735E-01
7.845901E-08,-1.4943006E-01
7.850901E-08,-1.4943006E-01
7.855901E-08,-1.4948277E-01
7.860901E-08,-1.4948277E-01
7.865901E-08,-1.4953548E-01
7.870901E-08,-1.4953548E-01
7.875901E-08,-1.4958819E-01
7.880901E-08,-1.4958819E-01
7.885901E-08,-1.4964090E-01
7.890901E-08,-1.4964090E-01
7.895901E-08,-1.4964090E-01
7.900901E-08,-1.4969361E-01
7.905901E-08,-1.4969361E-01
7.910901E-08,-1.4969361E-01
7.915901E-08,-1.4969361E-01
7.920901E-08,-1.4969361E-01
7.925901E-08,-1.4969361E-01
7.930901E-08,-1.4964090E-01
7.935901E-08,-1.4964090E-01
7.940901E-08,-1.4964090E-01
7.945901E-08,-1.4958819E-01
7.950901E-08,-1.4953548E-01
7.955901E-08,-1.4953548E-01
7.960901E-08,-1.4948277E-01
7.965901E-08,-1.4943006E-01
7.970901E-08,-1.4937735E-01
7.975901E-08,-1.4932464E-01
7.980901E-08,-1.4932464E-01
7.985901E-08,-1.4927194E-01
7.990901E-08,-1.4921923E-01
7.995901E-08,-1.4916652E-01
8.000901E-08,-1.4911381E-01
8.005901E-08,-1.4906110E-01
8.010901E-08,-1.4900839E-01
8.015901E-08,-1.4895568E-01
8.020901E-08,-1.4895568E-01
8.025901E-08,-1.4890297E-01
8.030901E-08,-1.4885026E-01
8.035901E-08,-1.4885026E-01
8.040901E-08,-1.4885026E-01
8.045901E-08,-1.4885026E-01
8.050901E-08,-1.4885026E-01
8.055901E-08,-1.4885026E-01
8.060901E-08,-1.4885026E-01
8.065901E-08,-1.4885026E-01
8.070901E-08,-1.4890297E-01
8.075901E-08,-1.4895568E-01
8.080901E-08,-1.4895568E-01
8.085901E-08,-1.4900839E-01
8.090901E-08,-1.4906110E-01
8.095901E-08,-1.4911381E-01
8.100901E-08,-1.4916652E-01
8.105901E-08,-1.4921923E-01
8.110901E-08,-1.4927194E-01
8.115901E-08,-1.4932464E-01
8.120901E-08,-1.4937735E-01
8.125901E-08,-1.4943006E-01
8.130901E-08,-1.4948277E-01
8.135901E-08,-1.4948277E-01
8.140901E-08,-1.4953548E-01
8.145901E-08,-1.4958819E-01
8.150901E-08,-1.4958819E-01
8.155901E-08,-1.4958819E-01
8.160901E-08,-1.4958819E-01
8.165901E-08,-1.4958819E-01
8.170901E-08,-1.4958819E-01
8.175901E-08,-1.4958819E-01
8.180901E-08,-1.4958819E-01
8.185901E-08,-1.4953548E-01
8.190901E-08,-1.4953548E-01
8.195901E-08,-1.4948277E-01
8.200901E-08,-1.4943006E-01
8.205901E-08,-1.4937735E-01
8.210901E-08,-1.4932464E-01
8.215901E-08,-1.4927194E-01
8.220901E-08,-1.4927194E-01
8.225901E-08,-1.4921923E-01
8.230901E-08,-1.4916652E-01
8.235901E-08,-1.4911381E-01
8.240901E-08,-1.4906110E-01
8.245901E-08,-1.4900839E-01
8.250901E-08,-1.4900839E-01
8.255901E-08,-1.4895568E-01
8.260901E-08,-1.4895568E-01
8.265901E-08,-1.4890297E-01
8.270901E-08,-1.4890297E-01
8.275901E-08,-1.4890297E-01
8.280901E-08,-1.4890297E-01
8.285901E-08,-1.4890297E-01
8.290901E-08,-1.4895568E-01
8.295901E-08,-1.4895568E-01
8.300901E-08,-1.4900839E-01
8.305901E-08,-1.4900839E-01
8.310901E-08,-1.4906110E-01
8.315901E-08,-1.4911381E-01
8.320901E-08,-1.4911381E-01
8.325901E-08,-1.4916652E-01
8.330901E-08,-1.4921923E-01
8.335901E-08,-1.4927194E-01
8.340901E-08,-1.4932464E-01
8.345901E-08,-1.4937735E-01
8.350901E-08,-1.4937735E-01
8.355901E-08,-1.4943006E-01
8.360901E-08,-1.4948277E-01
8.365901E-08,-1.4948277E-01
8.370901E-08,-1.4953548E-01
8.375901E-08,-1.4953548E-01
8.380901E-08,-1.4953548E-01
8.385901E-08,-1.4953548E-01
8.390901E-08,-1.4953548E-01
8.395901E-08,-1.4953548E-01
8.400901E-08,-1.4948277E-01
8.405901E-08,-1.4948277E-01
8.410901E-08,-1.4948277E-01
8.415901E-08,-1.4943006E-01
8.420901E-08,-1.4937735E-01
8.425901E-08,-1.4937735E-01
8.430901E-08,-1.4932464E-01
8.435901E-08,-1.4927194E-01
8.440901E-08,-1.4921923E-01
8.445901E-08,-1.4921923E-01
8.450901E-08,-1.4916652E-01
8.455901E-08,-1.4911381E-01
8.460901E-08,-1.4906110E-01
8.465901E-08,-1.4906110E-01
8.470901E-08,-1.4900839E-01
8.475901E-08,-1.4900839E-01
8.480901E-08,-1.4895568E-01
8.485901E-08,-1.4895568E-01
8.490901E-08,-1.4895568E-01
8.495901E-08,-1.4895568E-01
8.500901E-08,-1.4895568E-01
8.505901E-08,-1.4895568E-01
8.510901E-08,-1.4895568E-01
8.515901E-08,-1.4895568E-01
8.520901E-08,-1.4895568E-01
8.525901E-08,-1.4895568E-01
8.530901E-08,-1.4900839E-01
8.535901E-08,-1.4900839E-01
8.540901E-08,-1.4900839E-01
8.545901E-08,-1.4906110E-01
8.550901E-08,-1.4906110E-01
8.555901E-08,-1.4906110E-01
8.560901E-08,-1.4906110E-01
8.565901E-08,-1.4906110E-01
8.570901E-08,-1.4906110E-01
8.575901E-08,-1.4911381E-01
8.580901E-08,-1.4906110E-01
8.585901E-08,-1.4906110E-01
8.590901E-08,-1.4906110E-01
8.595901E-08,-1.4906110E-01
8.600901E-08,-1.4906110E-01
8.605901E-08,-1.4900839E-01
8.610901E-08,-1.4900839E-01
8.615901E-08,-1.4895568E-01
8.620901E-08,-1.4895568E-01
8.625901E-08,-1.4890297E-01
8.630901E-08,-1.4890297E-01
8.635901E-08,-1.4885026E-01
8.640901E-08,-1.4885026E-01
8.645901E-08,-1.4879755E-01
8.650901E-08,-1.4879755E-01
8.655901E-08,-1.4879755E-01
8.660901E-08,-1.4879755E-01
8.665901E-08,-1.4874485E-01
8.670901E-08,-1.4874485E-01
8.675901E-08,-1.4874485E-01
8.680901E-08,-1.4874485E-01
8.685901E-08,-1.4879755E-01
8.690901E-08,-1.4879755E-01
8.695901E-08,-1.4879755E-01
8.700901E-08,-1.4885026E-01
8.705901E-08,-1.4885026E-01
8.710901E-08,-1.4890297E-01
8.715901E-08,-1.4890297E-01
8.720901E-08,-1.4895568E-01
8.725901E-08,-1.4900839E-01
8.730901E-08,-1.4906110E-01
8.735901E-08,-1.4906110E-01
8.740901E-08,-1.4911381E-01
8.745901E-08,-1.4916652E-01
8.750901E-08,-1.4916652E-01
8.755901E-08,-1.4921923E-01
8.760901E-08,-1.4921923E-01
8.765901E-08,-1.4921923E-01
8.770901E-08,-1.4927194E-01
8.775901E-08,-1.4927194E-01
8.780901E-08,-1.4927194E-01
8.785901E-08,-1.4927194E-01
8.790901E-08,-1.4927194E-01
8.795901E-08,-1.4921923E-01
8.800901E-08,-1.4921923E-01
8.805901E-08,-1.4916652E-01
8.810901E-08,-1.4916652E-01
8.815901E-08,-1.4911381E-01
8.820901E-08,-1.4906110E-01
8.825901E-08,-1.4900839E-01
8.830901E-08,-1.4900839E-01
8.835901E-08,-1.4895568E-01
8.840901E-08,-1.4890297E-01
8.845901E-08,-1.4885026E-01
8.850901E-08,-1.4879755E-01
8.855901E-08,-1.4879755E-01
8.860901E-08,-1.4874485E-01
8.865901E-08,-1.4869214E-01
8.870901E-08,-1.4869214E-01
8.875901E-08,-1.4869214E-01
8.880901E-08,-1.4863943E-01
8.885901E-08,-1.4863943E-01
8.890901E-08,-1.4863943E-01
8.895901E-08,-1.4863943E-01
8.900901E-08,-1.4863943E-01
8.905901E-08,-1.4869214E-01
8.910901E-08,-1.4869214E-01
8.915901E-08,-1.4874485E-01
8.920901E-08,-1.4874485E-01
8.925901E-08,-1.4879755E-01
8.930901E-08,-1.4879755E-01
8.935901E-08,-1.4885026E-01
8.940901E-08,-1.4890297E-01
8.945901E-08,-1.4895568E-01
8.950901E-08,-1.4895568E-01
8.955901E-08,-1.4900839E-01
8.960901E-08,-1.4906110E-01
8.965901E-08,-1.4906110E-01
8.970901E-08,-1.4911381E-01
8.975901E-08,-1.4911381E-01
8.980901E-08,-1.4911381E-01
8.985901E-08,-1.4911381E-01
8.990901E-08,-1.4911381E-01
8.995901E-08,-1.4911381E-01
9.000901E-08,-1.4906110E-01
9.005901E-08,-1.4906110E-01
9.010901E-08,-1.4900839E-01
9.015901E-08,-1.4900839E-01
9.020901E-08,-1.4895568E-01
9.025901E-08,-1.4890297E-01
9.030901E-08,-1.4885026E-01
9.035901E-08,-1.4879755E-01
9.040901E-08,-1.4874485E-01
9.045901E-08,-1.4869214E-01
9.050901E-08,-1.4863943E-01
9.055901E-08,-1.4858672E-01
9.060901E-08,-1.4853401E-01
9.065901E-08,-1.4848130E-01
9.070901E-08,-1.4842859E-01
9.075901E-08,-1.4837588E-01
9.080901E-08,-1.4837588E-01
9.085901E-08,-1.4832317E-01
9.090901E-08,-1.4832317E-01
9.095901E-08,-1.4832317E-01
9.100901E-08,-1.4832317E-01
9.105901E-08,-1.4832317E-01
9.110901E-08,-1.4837588E-01
9.115901E-08,-1.4842859E-01
9.120901E-08,-1.4848130E-01
9.125901E-08,-1.4853401E-01
9.130901E-08,-1.4858672E-01
9.135901E-08,-1.4869214E-01
9.140901E-08,-1.4874485E-01
9.145901E-08,-1.4885026E-01
9.150901E-08,-1.4895568E-01
9.155901E-08,-1.4906110E-01
9.160901E-08,-1.4916652E-01
9.165901E-08,-1.4927194E-01
9.170901E-08,-1.4937735E-01
9.175901E-08,-1.4953548E-01
9.180901E-08,-1.4964090E-01
9.185901E-08,-1.4974632E-01
9.190901E-08,-1.4985173E-01
9.195901E-08,-1.4995715E-01
9.200901E-08,-1.5006257E-01
9.205901E-08,-1.5011528E-01
9.210901E-08,-1.5022070E-01
9.215901E-08,-1.5027341E-01
9.220901E-08,-1.5037883E-01
9.225901E-08,-1.5043153E-01
9.230901E-08,-1.5048424E-01
9.235901E-08,-1.5048424E-01
9.240901E-08,-1.5053695E-01
9.245901E-08,-1.5053695E-01
9.250901E-08,-1.5058966E-01
9.255901E-08,-1.5058966E-01
9.260901E-08,-1.5058966E-01
9.265901E-08,-1.5053695E-01
9.270901E-08,-1.5053695E-01
9.275901E-08,-1.5053695E-01
9.280901E-08,-1.5048424E-01
9.285901E-08,-1.5043153E-01
9.290901E-08,-1.5037883E-01
9.295901E-08,-1.5037883E-01
9.300901E-08,-1.5032612E-01
9.305901E-08,-1.5027341E-01
9.310901E-08,-1.5022070E-01
9.315901E-08,-1.5016799E-01
9.320901E-08,-1.5006257E-01
9.325901E-08,-1.5000986E-01
9.330901E-08,-1.4995715E-01
9.335901E-08,-1.4990444E-01
9.340901E-08,-1.4985173E-01
9.345901E-08,-1.4979903E-01
9.350901E-08,-1.4974632E-01
9.355901E-08,-1.4969361E-01
9.360901E-08,-1.4964090E-01
9.365901E-08,-1.4958819E-01
9.370901E-08,-1.4953548E-01
9.375901E-08,-1.4948277E-01
9.380901E-08,-1.4948277E-01
9.385901E-08,-1.4943006E-01
9.390901E-08,-1.4937735E-01
9.395901E-08,-1.4937735E-01
9.400901E-08,-1.4932464E-01
9.405901E-08,-1.4932464E-01
9.410901E-08,-1.4927194E-01
9.415901E-08,-1.4927194E-01
9.420901E-08,-1.4927194E-01
9.425901E-08,-1.4921923E-01
9.430901E-08,-1.4921923E-01
9.435901E-08,-1.4921923E-01
9.440901E-08,-1.4921923E-01
9.445901E-08,-1.4921923E-01
9.450901E-08,-1.4921923E-01
9.455901E-08,-1.4921923E-01
9.460901E-08,-1.4921923E-01
9.465901E-08,-1.4921923E-01
9.470901E-08,-1.4927194E-01
9.475901E-08,-1.4927194E-01
9.480901E-08,-1.4927194E-01
9.485901E-08,-1.4932464E-01
9.490901E-08,-1.4932464E-01
9.495901E-08,-1.4932464E-01
9.500901E-08,-1.4937735E-01
9.505901E-08,-1.4937735E-01
9.510901E-08,-1.4943006E-01
9.515901E-08,-1.4948277E-01
9.520901E-08,-1.4948277E-01
9.525901E-08,-1.4953548E-01
9.530901E-08,-1.4953548E-01
9.535901E-08,-1.4958819E-01
9.540901E-08,-1.4958819E-01
9.545901E-08,-1.4964090E-01
9.550901E-08,-1.4964090E-01
9.555901E-08,-1.4964090E-01
9.560901E-08,-1.4969361E-01
9.565901E-08,-1.4969361E-01
9.570901E-08,-1.4969361E-01
9.575901E-08,-1.4969361E-01
9.580901E-08,-1.4969361E-01
9.585901E-08,-1.4974632E-01
9.590901E-08,-1.4974632E-01
9.595901E-08,-1.4974632E-01
9.600901E-08,-1.4974632E-01
9.605901E-08,-1.4974632E-01
9.610901E-08,-1.4974632E-01
9.615901E-08,-1.4969361E-01
9.620901E-08,-1.4969361E-01
9.625901E-08,-1.4969361E-01
9.630901E-08,-1.4969361E-01
9.635901E-08,-1.4969361E-01
9.640901E-08,-1.4969361E-01
9.645901E-08,-1.4974632E-01
9.650901E-08,-1.4974632E-01
9.655901E-08,-1.4974632E-01
9.660901E-08,-1.4974632E-01
9.665901E-08,-1.4974632E-01
9.670901E-08,-1.4979903E-01
9.675901E-08,-1.4979903E-01
9.680901E-08,-1.4985173E-01
9.685901E-08,-1.4985173E-01
9.690901E-08,-1.4990444E-01
9.695901E-08,-1.4990444E-01
9.700901E-08,-1.4995715E-01
9.705901E-08,-1.5000986E-01
9.710901E-08,-1.5000986E-01
9.715901E-08,-1.5006257E-01
9.720901E-08,-1.5006257E-01
9.725901E-08,-1.5011528E-01
9.730901E-08,-1.5011528E-01
9.735901E-08,-1.5016799E-01
9.740901E-08,-1.5016799E-01
9.745901E-08,-1.5016799E-01
9.750901E-08,-1.5016799E-01
9.755901E-08,-1.5016799E-01
9.760901E-08,-1.5016799E-01
9.765901E-08,-1.5016799E-01
9.770901E-08,-1.5016799E-01
9.775901E-08,-1.5011528E-01
9.780901E-08,-1.5011528E-01
9.785901E-08,-1.5006257E-01
9.790901E-08,-1.5006257E-01
9.795901E-08,-1.5000986E-01
9.800901E-08,-1.4995715E-01
9.805901E-08,-1.4990444E-01
9.810901E-08,-1.4985173E-01
9.815901E-08,-1.4979903E-01
9.820901E-08,-1.4974632E-01
9.825901E-08,-1.4969361E-01
9.830901E-08,-1.4964090E-01
9.835901E-08,-1.4958819E-01
9.840901E-08,-1.4953548E-01
9.845901E-08,-1.4948277E-01
9.850901E-08,-1.4943006E-01
9.855901E-08,-1.4937735E-01
9.860901E-08,-1.4937735E-01
9.865901E-08,-1.4932464E-01
9.870901E-08,-1.4932464E-01
9.875901E-08,-1.4932464E-01
9.880901E-08,-1.4932464E-01
9.885901E-08,-1.4932464E-01
9.890901E-08,-1.4932464E-01
9.895901E-08,-1.4937735E-01
9.900901E-08,-1.4937735E-01
9.905901E-08,-1.4943006E-01
9.910901E-08,-1.4948277E-01
9.915901E-08,-1.4953548E-01
9.920901E-08,-1.4958819E-01
9.925901E-08,-1.4964090E-01
9.930901E-08,-1.4969361E-01
9.935901E-08,-1.4974632E-01
9.940901E-08,-1.4979903E-01
9.945901E-08,-1.4985173E-01
9.950901E-08,-1.4990444E-01
9.955901E-08,-1.4995715E-01
9.960901E-08,-1.5000986E-01
9.965901E-08,-1.5006257E-01
9.970901E-08,-1.5006257E-01
9.975901E-08,-1.5011528E-01
9.980901E-08,-1.5011528E-01
9.985901E-08,-1.5016799E-01
9.990901E-08,-1.5016799E-01
9.995901E-08,-1.5016799E-01
1.0000901E-07,-1.5011528E-01
1.0005901E-07,-1.5011528E-01
1.0010901E-07,-1.5011528E-01
1.0015901E-07,-1.5006257E-01
1.0020901E-07,-1.5000986E-01
1.0025901E-07,-1.4995715E-01
1.0030901E-07,-1.4990444E-01
1.0035901E-07,-1.4985173E-01
1.0040901E-07,-1.4979903E-01
1.0045901E-07,-1.4974632E-01
1.0050901E-07,-1.4969361E-01
1.0055901E-07,-1.4964090E-01
1.0060901E-07,-1.4958819E-01
1.0065901E-07,-1.4953548E-01
1.0070901E-07,-1.4953548E-01
1.0075901E-07,-1.4948277E-01
1.0080901E-07,-1.4943006E-01
1.0085901E-07,-1.4943006E-01
1.0090901E-07,-1.4937735E-01
1.0095901E-07,-1.4937735E-01
1.0100901E-07,-1.4937735E-01
1.0105901E-07,-1.4937735E-01
1.0110901E-07,-1.4937735E-01
1.0115901E-07,-1.4937735E-01
1.0120901E-07,-1.4943006E-01
1.0125901E-07,-1.4943006E-01
1.0130901E-07,-1.4948277E-01
1.0135901E-07,-1.4948277E-01
1.0140901E-07,-1.4953548E-01
1.0145901E-07,-1.4958819E-01
1.0150901E-07,-1.4964090E-01
1.0155901E-07,-1.4964090E-01
1.0160901E-07,-1.4969361E-01
1.0165901E-07,-1.4974632E-01
1.0170901E-07,-1.4979903E-01
1.0175901E-07,-1.4979903E-01
1.0180901E-07,-1.4985173E-01
1.0185901E-07,-1.4990444E-01
1.0190901E-07,-1.4990444E-01
1.0195901E-07,-1.4990444E-01
1.0200901E-07,-1.4995715E-01
1.0205901E-07,-1.4995715E-01
1.0210901E-07,-1.4995715E-01
1.0215901E-07,-1.4995715E-01
1.0220901E-07,-1.4995715E-01
1.0225901E-07,-1.4990444E-01
1.0230901E-07,-1.4990444E-01
1.0235901E-07,-1.4990444E-01
1.0240901E-07,-1.4985173E-01
1.0245901E-07,-1.4985173E-01
1.0250901E-07,-1.4979903E-01
1.0255901E-07,-1.4979903E-01
1.0260901E-07,-1.4974632E-01
1.0265901E-07,-1.4974632E-01
1.0270901E-07,-1.4969361E-01
1.0275901E-07,-1.4969361E-01
1.0280901E-07,-1.4969361E-01
1.0285901E-07,-1.4964090E-01
1.0290901E-07,-1.4964090E-01
1.0295901E-07,-1.4964090E-01
1.0300901E-07,-1.4964090E-01
1.0305901E-07,-1.4964090E-01
1.0310901E-07,-1.4964090E-01
1.0315901E-07,-1.4964090E-01
1.0320901E-07,-1.4964090E-01
1.0325901E-07,-1.4969361E-01
1.0330901E-07,-1.4969361E-01
1.0335901E-07,-1.4974632E-01
1.0340901E-07,-1.4974632E-01
1.0345901E-07,-1.4979903E-01
1.0350901E-07,-1.4979903E-01
1.0355901E-07,-1.4985173E-01
1.0360901E-07,-1.4985173E-01
1.0365901E-07,-1.4990444E-01
1.0370901E-07,-1.4995715E-01
1.0375901E-07,-1.4995715E-01
1.0380901E-07,-1.5000986E-01
1.0385901E-07,-1.5000986E-01
1.0390901E-07,-1.5000986E-01
1.0395901E-07,-1.5000986E-01
1.0400901E-07,-1.5000986E-01
1.0405901E-07,-1.5000986E-01
1.0410901E-07,-1.5000986E-01
1.0415901E-07,-1.5000986E-01
1.0420901E-07,-1.5000986E-01
1.0425901E-07,-1.4995715E-01
1.0430901E-07,-1.4990444E-01
1.0435901E-07,-1.4990444E-01
1.0440901E-07,-1.4985173E-01
1.0445901E-07,-1.4979903E-01
1.0450901E-07,-1.4974632E-01
1.0455901E-07,-1.4969361E-01
1.0460901E-07,-1.4964090E-01
1.0465901E-07,-1.4958819E-01
1.0470901E-07,-1.4948277E-01
1.0475901E-07,-1.4943006E-01
1.0480901E-07,-1.4937735E-01
1.0485901E-07,-1.4932464E-01
1.0490901E-07,-1.4927194E-01
1.0495901E-07,-1.4921923E-01
1.0500901E-07,-1.4916652E-01
1.0505901E-07,-1.4911381E-01
1.0510901E-07,-1.4906110E-01
1.0515901E-07,-1.4900839E-01
1.0520901E-07,-1.4900839E-01
1.0525901E-07,-1.4895568E-01
1.0530901E-07,-1.4895568E-01
1.0535901E-07,-1.4890297E-01
1.0540901E-07,-1.4890297E-01
1.0545901E-07,-1.4890297E-01
1.0550901E-07,-1.4890297E-01
1.0555901E-07,-1.4890297E-01
1.0560901E-07,-1.4895568E-01
1.0565901E-07,-1.4895568E-01
1.0570901E-07,-1.4895568E-01
1.0575901E-07,-1.4900839E-01
1.0580901E-07,-1.4900839E-01
1.0585901E-07,-1.4906110E-01
1.0590901E-07,-1.4911381E-01
1.0595901E-07,-1.4916652E-01
1.0600901E-07,-1.4916652E-01
1.0605901E-07,-1.4921923E-01
1.0610901E-07,-1.4927194E-01
1.0615901E-07,-1.4932464E-01
1.0620901E-07,-1.4937735E-01
1.0625901E-07,-1.4937735E-01
1.0630901E-07,-1.4943006E-01
1.0635901E-07,-1.4948277E-01
1.0640901E-07,-1.4953548E-01
1.0645901E-07,-1.4953548E-01
1.0650901E-07,-1.4958819E-01
1.0655901E-07,-1.4964090E-01
1.0660901E-07,-1.4964090E-01
1.0665901E-07,-1.4969361E-01
1.0670901E-07,-1.4969361E-01
1.0675901E-07,-1.4974632E-01
1.0680901E-07,-1.4974632E-01
1.0685901E-07,-1.4974632E-01
1.0690901E-07,-1.4979903E-01
1.0695901E-07,-1.4979903E-01
1.0700901E-07,-1.4979903E-01
1.0705901E-07,-1.4979903E-01
1.0710901E-07,-1.4979903E-01
1.0715901E-07,-1.4979903E-01
1.0720901E-07,-1.4979903E-01
1.0725901E-07,-1.4979903E-01
1.0730901E-07,-1.4979903E-01
1.0735901E-07,-1.4974632E-01
1.0740901E-07,-1.4974632E-01
1.0745901E-07,-1.4974632E-01
1.0750901E-07,-1.4969361E-01
1.0755901E-07,-1.4969361E-01
1.0760901E-07,-1.4964090E-01
1.0765901E-07,-1.4964090E-01
1.0770901E-07,-1.4958819E-01
1.0775901E-07,-1.4953548E-01
1.0780901E-07,-1.4953548E-01
1.0785901E-07,-1.4948277E-01
1.0790901E-07,-1.4948277E-01
1.0795901E-07,-1.4943006E-01
1.0800901E-07,-1.4943006E-01
1.0805901E-07,-1.4937735E-01
1.0810901E-07,-1.4932464E-01
1.0815901E-07,-1.4932464E-01
1.0820901E-07,-1.4927194E-01
1.0825901E-07,-1.4927194E-01
1.0830901E-07,-1.4927194E-01
1.0835901E-07,-1.4921923E-01
1.0840901E-07,-1.4921923E-01
1.0845901E-07,-1.4921923E-01
1.0850901E-07,-1.4921923E-01
1.0855901E-07,-1.4921923E-01
1.0860901E-07,-1.4921923E-01
1.0865901E-07,-1.4921923E-01
1.0870901E-07,-1.4921923E-01
1.0875901E-07,-1.4927194E-01
1.0880901E-07,-1.4927194E-01
1.0885901E-07,-1.4927194E-01
1.0890901E-07,-1.4932464E-01
1.0895901E-07,-1.4932464E-01
1.0900901E-07,-1.4937735E-01
1.0905901E-07,-1.4943006E-01
1.0910901E-07,-1.4943006E-01
1.0915901E-07,-1.4948277E-01
1.0920901E-07,-1.4953548E-01
1.0925901E-07,-1.4953548E-01
1.0930901E-07,-1.4958819E-01
1.0935901E-07,-1.4964090E-01
1.0940901E-07,-1.4969361E-01
1.0945901E-07,-1.4969361E-01
1.0950901E-07,-1.4974632E-01
1.0955901E-07,-1.4979903E-01
1.0960901E-07,-1.4985173E-01
1.0965901E-07,-1.4985173E-01
1.0970901E-07,-1.4990444E-01
1.0975901E-07,-1.4990444E-01
1.0980901E-07,-1.4995715E-01
1.0985901E-07,-1.4995715E-01
1.0990901E-07,-1.4995715E-01
1.0995901E-07,-1.5000986E-01
1.1000901E-07,-1.5000986E-01
1.1005901E-07,-1.5000986E-01
1.1010901E-07,-1.5000986E-01
1.1015901E-07,-1.5000986E-01
1.1020901E-07,-1.5000986E-01
1.1025901E-07,-1.5000986E-01
1.1030901E-07,-1.5000986E-01
1.1035901E-07,-1.5000986E-01
1.1040901E-07,-1.4995715E-01
1.1045901E-07,-1.4995715E-01
1.1050901E-07,-1.4995715E-01
1.1055901E-07,-1.4995715E-01
1.1060901E-07,-1.4990444E-01
1.1065901E-07,-1.4990444E-01
1.1070901E-07,-1.4990444E-01
1.1075901E-07,-1.4985173E-01
1.1080901E-07,-1.4985173E-01
1.1085901E-07,-1.4985173E-01
1.1090901E-07,-1.4979903E-01
1.1095901E-07,-1.4979903E-01
1.1100901E-07,-1.4979903E-01
1.1105901E-07,-1.4979903E-01
1.1110901E-07,-1.4974632E-01
1.1115901E-07,-1.4974632E-01
1.1120901E-07,-1.4974632E-01
1.1125901E-07,-1.4969361E-01
1.1130901E-07,-1.4969361E-01
1.1135901E-07,-1.4969361E-01
1.1140901E-07,-1.4969361E-01
1.1145901E-07,-1.4964090E-01
1.1150901E-07,-1.4964090E-01
1.1155901E-07,-1.4964090E-01
1.1160901E-07,-1.4964090E-01
1.1165901E-07,-1.4958819E-01
1.1170901E-07,-1.4958819E-01
1.1175901E-07,-1.4958819E-01
1.1180901E-07,-1.4958819E-01
1.1185901E-07,-1.4953548E-01
1.1190901E-07,-1.4953548E-01
1.1195901E-07,-1.4953548E-01
1.1200901E-07,-1.4948277E-01
1.1205901E-07,-1.4948277E-01
1.1210901E-07,-1.4948277E-01
1.1215901E-07,-1.4948277E-01
1.1220901E-07,-1.4943006E-01
1.1225901E-07,-1.4943006E-01
1.1230901E-07,-1.4943006E-01
1.1235901E-07,-1.4943006E-01
1.1240901E-07,-1.4943006E-01
1.1245901E-07,-1.4943006E-01
1.1250901E-07,-1.4937735E-01
1.1255901E-07,-1.4937735E-01
1.1260901E-07,-1.4937735E-01
1.1265901E-07,-1.4937735E-01
1.1270901E-07,-1.4937735E-01
1.1275901E-07,-1.4937735E-01
1.1280901E-07,-1.4937735E-01
1.1285901E-07,-1.4937735E-01
1.1290901E-07,-1.4937735E-01
1.1295901E-07,-1.4937735E-01
1.1300901E-07,-1.4937735E-01
1.1305901E-07,-1.4937735E-01
1.1310901E-07,-1.4937735E-01
1.1315901E-07,-1.4937735E-01
1.1320901E-07,-1.4937735E-01
1.1325901E-07,-1.4937735E-01
1.1330901E-07,-1.4932464E-01
1.1335901E-07,-1.4932464E-01
1.1340901E-07,-1.4932464E-01
1.1345901E-07,-1.4932464E-01
1.1350901E-07,-1.4932464E-01
1.1355901E-07,-1.4932464E-01
1.1360901E-07,-1.4932464E-01
1.1365901E-07,-1.4932464E-01
1.1370901E-07,-1.4932464E-01
1.1375901E-07,-1.4927194E-01
1.1380901E-07,-1.4927194E-01
1.1385901E-07,-1.4927194E-01
1.1390901E-07,-1.4927194E-01
1.1395901E-07,-1.4927194E-01
1.1400901E-07,-1.4927194E-01
1.1405901E-07,-1.4927194E-01
1.1410901E-07,-1.4927194E-01
1.1415901E-07,-1.4927194E-01
1.1420901E-07,-1.4927194E-01
1.1425901E-07,-1.4932464E-01
1.1430901E-07,-1.4932464E-01
1.1435901E-07,-1.4932464E-01
1.1440901E-07,-1.4932464E-01
1.1445901E-07,-1.4937735E-01
1.1450901E-07,-1.4937735E-01
1.1455901E-07,-1.4937735E-01
1.1460901E-07,-1.4943006E-01
1.1465901E-07,-1.4943006E-01
1.1470901E-07,-1.4948277E-01
1.1475901E-07,-1.4948277E-01
1.1480901E-07,-1.4953548E-01
1.1485901E-07,-1.4953548E-01
1.1490901E-07,-1.4953548E-01
1.1495901E-07,-1.4958819E-01
1.1500901E-07,-1.4958819E-01
1.1505901E-07,-1.4964090E-01
1.1510901E-07,-1.4964090E-01
1.1515901E-07,-1.4964090E-01
1.1520901E-07,-1.4969361E-01
1.1525901E-07,-1.4969361E-01
1.1530901E-07,-1.4969361E-01
1.1535901E-07,-1.4969361E-01
1.1540901E-07,-1.4969361E-01
1.1545901E-07,-1.4964090E-01
1.1550901E-07,-1.4964090E-01
1.1555901E-07,-1.4964090E-01
1.1560901E-07,-1.4958819E-01
1.1565901E-07,-1.4958819E-01
1.1570901E-07,-1.4953548E-01
1.1575901E-07,-1.4948277E-01
1.1580901E-07,-1.4943006E-01
1.1585901E-07,-1.4943006E-01
1.1590901E-07,-1.4937735E-01
1.1595901E-07,-1.4932464E-01
1.1600901E-07,-1.4927194E-01
1.1605901E-07,-1.4921923E-01
1.1610901E-07,-1.4916652E-01
1.1615901E-07,-1.4911381E-01
1.1620901E-07,-1.4906110E-01
1.1625901E-07,-1.4900839E-01
1.1630901E-07,-1.4895568E-01
1.1635901E-07,-1.4895568E-01
1.1640901E-07,-1.4890297E-01
1.1645901E-07,-1.4885026E-01
1.1650901E-07,-1.4885026E-01
1.1655901E-07,-1.4879755E-01
1.1660901E-07,-1.4879755E-01
1.1665901E-07,-1.4879755E-01
1.1670901E-07,-1.4879755E-01
1.1675901E-07,-1.4879755E-01
1.1680901E-07,-1.4879755E-01
1.1685901E-07,-1.4879755E-01
1.1690901E-07,-1.4879755E-01
1.1695901E-07,-1.4879755E-01
1.1700901E-07,-1.4885026E-01
1.1705901E-07,-1.4885026E-01
1.1710901E-07,-1.4890297E-01
1.1715901E-07,-1.4890297E-01
1.1720901E-07,-1.4890297E-01
1.1725901E-07,-1.4895568E-01
1.1730901E-07,-1.4895568E-01
1.1735901E-07,-1.4900839E-01
1.1740901E-07,-1.4900839E-01
1.1745901E-07,-1.4906110E-01
1.1750901E-07,-1.4906110E-01
1.1755901E-07,-1.4906110E-01
1.1760901E-07,-1.4906110E-01
1.1765901E-07,-1.4906110E-01
1.1770901E-07,-1.4906110E-01
1.1775901E-07,-1.4906110E-01
1.1780901E-07,-1.4906110E-01
1.1785901E-07,-1.4906110E-01
1.1790901E-07,-1.4906110E-01
1.1795901E-07,-1.4906110E-01
1.1800901E-07,-1.4906110E-01
1.1805901E-07,-1.4906110E-01
1.1810901E-07,-1.4900839E-01
1.1815901E-07,-1.4900839E-01
1.1820901E-07,-1.4900839E-01
1.1825901E-07,-1.4900839E-01
1.1830901E-07,-1.4900839E-01
1.1835901E-07,-1.4895568E-01
1.1840901E-07,-1.4895568E-01
1.1845901E-07,-1.4895568E-01
1.1850901E-07,-1.4895568E-01
1.1855901E-07,-1.4895568E-01
1.1860901E-07,-1.4900839E-01
1.1865901E-07,-1.4900839E-01
1.1870901E-07,-1.4900839E-01
1.1875901E-07,-1.4906110E-01
1.1880901E-07,-1.4906110E-01
1.1885901E-07,-1.4911381E-01
1.1890901E-07,-1.4911381E-01
1.1895901E-07,-1.4916652E-01
1.1900901E-07,-1.4921923E-01
1.1905901E-07,-1.4921923E-01
1.1910901E-07,-1.4927194E-01
1.1915901E-07,-1.4932464E-01
1.1920901E-07,-1.4937735E-01
1.1925901E-07,-1.4943006E-01
1.1930901E-07,-1.4943006E-01
1.1935901E-07,-1.4948277E-01
1.1940901E-07,-1.4953548E-01
1.1945901E-07,-1.4958819E-01
1.1950901E-07,-1.4958819E-01
1.1955901E-07,-1.4964090E-01
1.1960901E-07,-1.4964090E-01
1.1965901E-07,-1.4969361E-01
1.1970901E-07,-1.4969361E-01
1.1975901E-07,-1.4969361E-01
1.1980901E-07,-1.4974632E-01
1.1985901E-07,-1.4974632E-01
1.1990901E-07,-1.4974632E-01
1.1995901E-07,-1.4974632E-01
1.2000901E-07,-1.4969361E-01
1.2005901E-07,-1.4969361E-01
1.2010901E-07,-1.4969361E-01
1.2015901E-07,-1.4969361E-01
1.2020901E-07,-1.4969361E-01
1.2025901E-07,-1.4964090E-01
1.2030901E-07,-1.4964090E-01
1.2035901E-07,-1.4964090E-01
1.2040901E-07,-1.4958819E-01
1.2045901E-07,-1.4958819E-01
1.2050901E-07,-1.4958819E-01
1.2055901E-07,-1.4953548E-01
1.2060901E-07,-1.4953548E-01
1.2065901E-07,-1.4953548E-01
1.2070901E-07,-1.4953548E-01
1.2075901E-07,-1.4953548E-01
1.2080901E-07,-1.4953548E-01
1.2085901E-07,-1.4953548E-01
1.2090901E-07,-1.4953548E-01
1.2095901E-07,-1.4953548E-01
1.2100901E-07,-1.4953548E-01
1.2105901E-07,-1.4953548E-01
1.2110901E-07,-1.4953548E-01
1.2115901E-07,-1.4953548E-01
1.2120901E-07,-1.4953548E-01
1.2125901E-07,-1.4953548E-01
1.2130901E-07,-1.4953548E-01
1.2135901E-07,-1.4953548E-01
1.2140901E-07,-1.4953548E-01
1.2145901E-07,-1.4953548E-01
1.2150901E-07,-1.4948277E-01
1.2155901E-07,-1.4948277E-01
1.2160901E-07,-1.4948277E-01
1.2165901E-07,-1.4943006E-01
1.2170901E-07,-1.4943006E-01
1.2175901E-07,-1.4937735E-01
1.2180901E-07,-1.4932464E-01
1.2185901E-07,-1.4932464E-01
1.2190901E-07,-1.4927194E-01
1.2195901E-07,-1.4921923E-01
1.2200901E-07,-1.4916652E-01
1.2205901E-07,-1.4911381E-01
1.2210901E-07,-1.4906110E-01
1.2215901E-07,-1.4900839E-01
1.2220901E-07,-1.4900839E-01
1.2225901E-07,-1.4895568E-01
1.2230901E-07,-1.4890297E-01
1.2235901E-07,-1.4885026E-01
1.2240901E-07,-1.4885026E-01
1.2245901E-07,-1.4879755E-01
1.2250901E-07,-1.4879755E-01
1.2255901E-07,-1.4874485E-01
1.2260901E-07,-1.4874485E-01
1.2265901E-07,-1.4874485E-01
1.2270901E-07,-1.4874485E-01
1.2275901E-07,-1.4874485E-01
1.2280901E-07,-1.4874485E-01
1.2285901E-07,-1.4879755E-01
1.2290901E-07,-1.4879755E-01
1.2295901E-07,-1.4885026E-01
1.2300901E-07,-1.4885026E-01
1.2305901E-07,-1.4890297E-01
1.2310901E-07,-1.4895568E-01
1.2315901E-07,-1.4895568E-01
1.2320901E-07,-1.4900839E-01
1.2325901E-07,-1.4906110E-01
1.2330901E-07,-1.4911381E-01
1.2335901E-07,-1.4911381E-01
1.2340901E-07,-1.4916652E-01
1.2345901E-07,-1.4921923E-01
1.2350901E-07,-1.4921923E-01
1.2355901E-07,-1.4927194E-01
1.2360901E-07,-1.4927194E-01
1.2365901E-07,-1.4932464E-01
1.2370901E-07,-1.4932464E-01
1.2375901E-07,-1.4932464E-01
1.2380901E-07,-1.4932464E-01
1.2385901E-07,-1.4932464E-01
1.2390901E-07,-1.4927194E-01
1.2395901E-07,-1.4927194E-01
1.2400901E-07,-1.4927194E-01
1.2405901E-07,-1.4921923E-01
1.2410901E-07,-1.4921923E-01
1.2415901E-07,-1.4916652E-01
1.2420901E-07,-1.4911381E-01
1.2425901E-07,-1.4906110E-01
1.2430901E-07,-1.4900839E-01
1.2435901E-07,-1.4900839E-01
1.2440901E-07,-1.4895568E-01
1.2445901E-07,-1.4890297E-01
1.2450901E-07,-1.4885026E-01
1.2455901E-07,-1.4879755E-01
1.2460901E-07,-1.4874485E-01
1.2465901E-07,-1.4874485E-01
1.2470901E-07,-1.4869214E-01
1.2475901E-07,-1.4869214E-01
1.2480901E-07,-1.4863943E-01
1.2485901E-07,-1.4863943E-01
1.2490901E-07,-1.4858672E-01
1.2495901E-07,-1.4858672E-01
1.2500901E-07,-1.4858672E-01
1.2505901E-07,-1.4858672E-01
1.2510901E-07,-1.4858672E-01
1.2515901E-07,-1.4858672E-01
1.2520901E-07,-1.4858672E-01
1.2525901E-07,-1.4858672E-01
1.2530901E-07,-1.4858672E-01
1.2535901E-07,-1.4863943E-01
1.2540901E-07,-1.4863943E-01
1.2545901E-07,-1.4863943E-01
1.2550901E-07,-1.4863943E-01
1.2555901E-07,-1.4863943E-01
1.2560901E-07,-1.4869214E-01
1.2565901E-07,-1.4869214E-01
1.2570901E-07,-1.4869214E-01
1.2575901E-07,-1.4869214E-01
1.2580901E-07,-1.4869214E-01
1.2585901E-07,-1.4869214E-01
1.2590901E-07,-1.4869214E-01
1.2595901E-07,-1.4869214E-01
1.2600901E-07,-1.4869214E-01
1.2605901E-07,-1.4869214E-01
1.2610901E-07,-1.4869214E-01
1.2615901E-07,-1.4869214E-01
1.2620901E-07,-1.4869214E-01
1.2625901E-07,-1.4869214E-01
1.2630901E-07,-1.4869214E-01
1.2635901E-07,-1.4869214E-01
1.2640901E-07,-1.4869214E-01
1.2645901E-07,-1.4869214E-01
1.2650901E-07,-1.4874485E-01
1.2655901E-07,-1.4874485E-01
1.2660901E-07,-1.4874485E-01
1.2665901E-07,-1.4874485E-01
1.2670901E-07,-1.4879755E-01
1.2675901E-07,-1.4879755E-01
1.2680901E-07,-1.4885026E-01
1.2685901E-07,-1.4885026E-01
1.2690901E-07,-1.4890297E-01
1.2695901E-07,-1.4890297E-01
1.2700901E-07,-1.4895568E-01
1.2705901E-07,-1.4900839E-01
1.2710901E-07,-1.4900839E-01
1.2715901E-07,-1.4906110E-01
1.2720901E-07,-1.4911381E-01
1.2725901E-07,-1.4911381E-01
1.2730901E-07,-1.4916652E-01
1.2735901E-07,-1.4916652E-01
1.2740901E-07,-1.4921923E-01
1.2745901E-07,-1.4927194E-01
1.2750901E-07,-1.4927194E-01
1.2755901E-07,-1.4927194E-01
1.2760901E-07,-1.4932464E-01
1.2765901E-07,-1.4932464E-01
1.2770901E-07,-1.4932464E-01
1.2775901E-07,-1.4937735E-01
1.2780901E-07,-1.4937735E-01
1.2785901E-07,-1.4937735E-01
1.2790901E-07,-1.4937735E-01
1.2795901E-07,-1.4937735E-01
1.2800901E-07,-1.4937735E-01
1.2805901E-07,-1.4937735E-01
1.2810901E-07,-1.4937735E-01
1.2815901E-07,-1.4937735E-01
1.2820901E-07,-1.4937735E-01
1.2825901E-07,-1.4937735E-01
1.2830901E-07,-1.4937735E-01
1.2835901E-07,-1.4937735E-01
1.2840901E-07,-1.4943006E-01
1.2845901E-07,-1.4943006E-01
1.2850901E-07,-1.4943006E-01
1.2855901E-07,-1.4948277E-01
1.2860901E-07,-1.4948277E-01
1.2865901E-07,-1.4953548E-01
1.2870901E-07,-1.4953548E-01
