-7.141948E-08,-1.4885026E-01
-7.136948E-08,-1.4879755E-01
-7.131948E-08,-1.4879755E-01
-7.126948E-08,-1.4874485E-01
-7.121948E-08,-1.4874485E-01
-7.116948E-08,-1.4874485E-01
-7.111948E-08,-1.4874485E-01
-7.106948E-08,-1.4874485E-01
-7.101948E-08,-1.4874485E-01
-7.096948E-08,-1.4879755E-01
-7.091948E-08,-1.4879755E-01
-7.086948E-08,-1.4885026E-01
-7.081948E-08,-1.4890297E-01
-7.076948E-08,-1.4895568E-01
-7.071948E-08,-1.4900839E-01
-7.066948E-08,-1.4906110E-01
-7.061948E-08,-1.4916652E-01
-7.056948E-08,-1.4921923E-01
-7.051948E-08,-1.4927194E-01
-7.046948E-08,-1.4937735E-01
-7.041948E-08,-1.4943006E-01
-7.036948E-08,-1.4948277E-01
-7.031948E-08,-1.4958819E-01
-7.026948E-08,-1.4964090E-01
-7.021948E-08,-1.4969361E-01
-7.016948E-08,-1.4974632E-01
-7.011948E-08,-1.4979903E-01
-7.006948E-08,-1.4985173E-01
-7.001948E-08,-1.4990444E-01
-6.996948E-08,-1.4995715E-01
-6.991948E-08,-1.4995715E-01
-6.986948E-08,-1.4995715E-01
-6.981948E-08,-1.4995715E-01
-6.976948E-08,-1.5000986E-01
-6.971948E-08,-1.4995715E-01
-6.966948E-08,-1.4995715E-01
-6.961948E-08,-1.4995715E-01
-6.956948E-08,-1.4990444E-01
-6.951948E-08,-1.4985173E-01
-6.946948E-08,-1.4985173E-01
-6.941948E-08,-1.4979903E-01
-6.936948E-08,-1.4974632E-01
-6.931948E-08,-1.4969361E-01
-6.926948E-08,-1.4964090E-01
-6.921948E-08,-1.4958819E-01
-6.916948E-08,-1.4953548E-01
-6.911948E-08,-1.4948277E-01
-6.906948E-08,-1.4943006E-01
-6.901948E-08,-1.4937735E-01
-6.896948E-08,-1.4932464E-01
-6.891948E-08,-1.4927194E-01
-6.886948E-08,-1.4921923E-01
-6.881948E-08,-1.4916652E-01
-6.876948E-08,-1.4911381E-01
-6.871948E-08,-1.4911381E-01
-6.866948E-08,-1.4911381E-01
-6.861948E-08,-1.4906110E-01
-6.856948E-08,-1.4906110E-01
-6.851948E-08,-1.4906110E-01
-6.846948E-08,-1.4906110E-01
-6.841948E-08,-1.4906110E-01
-6.836948E-08,-1.4911381E-01
-6.831948E-08,-1.4911381E-01
-6.826948E-08,-1.4916652E-01
-6.821948E-08,-1.4916652E-01
-6.816948E-08,-1.4921923E-01
-6.811948E-08,-1.4927194E-01
-6.806948E-08,-1.4927194E-01
-6.801948E-08,-1.4932464E-01
-6.796948E-08,-1.4937735E-01
-6.791948E-08,-1.4943006E-01
-6.786948E-08,-1.4948277E-01
-6.781948E-08,-1.4953548E-01
-6.776948E-08,-1.4958819E-01
-6.771948E-08,-1.4964090E-01
-6.766948E-08,-1.4964090E-01
-6.761948E-08,-1.4969361E-01
-6.756948E-08,-1.4974632E-01
-6.751948E-08,-1.4974632E-01
-6.746948E-08,-1.4979903E-01
-6.741948E-08,-1.4979903E-01
-6.736948E-08,-1.4979903E-01
-6.731948E-08,-1.4985173E-01
-6.726948E-08,-1.4985173E-01
-6.721948E-08,-1.4985173E-01
-6.716948E-08,-1.4985173E-01
-6.711948E-08,-1.4979903E-01
-6.706948E-08,-1.4979903E-01
-6.701948E-08,-1.4979903E-01
-6.696948E-08,-1.4974632E-01
-6.691948E-08,-1.4974632E-01
-6.686948E-08,-1.4969361E-01
-6.681948E-08,-1.4964090E-01
-6.676948E-08,-1.4964090E-01
-6.671948E-08,-1.4958819E-01
-6.666948E-08,-1.4953548E-01
-6.661948E-08,-1.4948277E-01
-6.656948E-08,-1.4948277E-01
-6.651948E-08,-1.4943006E-01
-6.646948E-08,-1.4937735E-01
-6.641948E-08,-1.4932464E-01
-6.636948E-08,-1.4932464E-01
-6.631948E-08,-1.4927194E-01
-6.626948E-08,-1.4921923E-01
-6.621948E-08,-1.4921923E-01
-6.616948E-08,-1.4916652E-01
-6.611948E-08,-1.4916652E-01
-6.606948E-08,-1.4911381E-01
-6.601948E-08,-1.4911381E-01
-6.596948E-08,-1.4911381E-01
-6.591948E-08,-1.4906110E-01
-6.586948E-08,-1.4906110E-01
-6.581948E-08,-1.4906110E-01
-6.576948E-08,-1.4906110E-01
-6.571948E-08,-1.4906110E-01
-6.566948E-08,-1.4906110E-01
-6.561948E-08,-1.4906110E-01
-6.556948E-08,-1.4906110E-01
-6.551948E-08,-1.4911381E-01
-6.546948E-08,-1.4911381E-01
-6.541948E-08,-1.4911381E-01
-6.536948E-08,-1.4911381E-01
-6.531948E-08,-1.4916652E-01
-6.526948E-08,-1.4916652E-01
-6.521948E-08,-1.4916652E-01
-6.516948E-08,-1.4916652E-01
-6.511948E-08,-1.4921923E-01
-6.506948E-08,-1.4921923E-01
-6.501948E-08,-1.4921923E-01
-6.496948E-08,-1.4921923E-01
-6.491948E-08,-1.4921923E-01
-6.486948E-08,-1.4921923E-01
-6.481948E-08,-1.4921923E-01
-6.476948E-08,-1.4921923E-01
-6.471948E-08,-1.4921923E-01
-6.466948E-08,-1.4921923E-01
-6.461948E-08,-1.4921923E-01
-6.456948E-08,-1.4921923E-01
-6.451948E-08,-1.4921923E-01
-6.446948E-08,-1.4921923E-01
-6.441948E-08,-1.4916652E-01
-6.436948E-08,-1.4916652E-01
-6.431948E-08,-1.4916652E-01
-6.426948E-08,-1.4916652E-01
-6.421948E-08,-1.4911381E-01
-6.416948E-08,-1.4911381E-01
-6.411948E-08,-1.4911381E-01
-6.406948E-08,-1.4906110E-01
-6.401948E-08,-1.4906110E-01
-6.396948E-08,-1.4906110E-01
-6.391948E-08,-1.4906110E-01
-6.386948E-08,-1.4906110E-01
-6.381948E-08,-1.4906110E-01
-6.376948E-08,-1.4900839E-01
-6.371948E-08,-1.4900839E-01
-6.366948E-08,-1.4900839E-01
-6.361948E-08,-1.4900839E-01
-6.356948E-08,-1.4906110E-01
-6.351948E-08,-1.4906110E-01
-6.346948E-08,-1.4906110E-01
-6.341948E-08,-1.4906110E-01
-6.336948E-08,-1.4906110E-01
-6.331948E-08,-1.4911381E-01
-6.326948E-08,-1.4911381E-01
-6.321948E-08,-1.4916652E-01
-6.316948E-08,-1.4916652E-01
-6.311948E-08,-1.4921923E-01
-6.306948E-08,-1.4921923E-01
-6.301948E-08,-1.4927194E-01
-6.296948E-08,-1.4927194E-01
-6.291948E-08,-1.4932464E-01
-6.286948E-08,-1.4937735E-01
-6.281948E-08,-1.4937735E-01
-6.276948E-08,-1.4943006E-01
-6.271948E-08,-1.4943006E-01
-6.266948E-08,-1.4948277E-01
-6.261948E-08,-1.4948277E-01
-6.256948E-08,-1.4953548E-01
-6.251948E-08,-1.4953548E-01
-6.246948E-08,-1.4953548E-01
-6.241948E-08,-1.4958819E-01
-6.236948E-08,-1.4958819E-01
-6.231948E-08,-1.4958819E-01
-6.226948E-08,-1.4958819E-01
-6.221948E-08,-1.4958819E-01
-6.216948E-08,-1.4958819E-01
-6.211948E-08,-1.4958819E-01
-6.206948E-08,-1.4958819E-01
-6.201948E-08,-1.4958819E-01
-6.196948E-08,-1.4953548E-01
-6.191948E-08,-1.4953548E-01
-6.186948E-08,-1.4948277E-01
-6.181948E-08,-1.4948277E-01
-6.176948E-08,-1.4943006E-01
-6.171948E-08,-1.4937735E-01
-6.166948E-08,-1.4932464E-01
-6.161948E-08,-1.4932464E-01
-6.156948E-08,-1.4927194E-01
-6.151948E-08,-1.4921923E-01
-6.146948E-08,-1.4916652E-01
-6.141948E-08,-1.4911381E-01
-6.136948E-08,-1.4906110E-01
-6.131948E-08,-1.4906110E-01
-6.126948E-08,-1.4900839E-01
-6.121948E-08,-1.4895568E-01
-6.116948E-08,-1.4890297E-01
-6.111948E-08,-1.4885026E-01
-6.106948E-08,-1.4885026E-01
-6.101948E-08,-1.4879755E-01
-6.096948E-08,-1.4874485E-01
-6.091948E-08,-1.4874485E-01
-6.086948E-08,-1.4869214E-01
-6.081948E-08,-1.4869214E-01
-6.076948E-08,-1.4869214E-01
-6.071948E-08,-1.4869214E-01
-6.066948E-08,-1.4863943E-01
-6.061948E-08,-1.4863943E-01
-6.056948E-08,-1.4863943E-01
-6.051948E-08,-1.4863943E-01
-6.046948E-08,-1.4869214E-01
-6.041948E-08,-1.4869214E-01
-6.036948E-08,-1.4869214E-01
-6.031948E-08,-1.4869214E-01
-6.026948E-08,-1.4874485E-01
-6.021948E-08,-1.4874485E-01
-6.016948E-08,-1.4879755E-01
-6.011948E-08,-1.4879755E-01
-6.006948E-08,-1.4885026E-01
-6.001948E-08,-1.4885026E-01
-5.996948E-08,-1.4890297E-01
-5.991948E-08,-1.4890297E-01
-5.986948E-08,-1.4895568E-01
-5.981948E-08,-1.4895568E-01
-5.976948E-08,-1.4900839E-01
-5.971948E-08,-1.4900839E-01
-5.966948E-08,-1.4906110E-01
-5.961948E-08,-1.4906110E-01
-5.956948E-08,-1.4906110E-01
-5.951948E-08,-1.4911381E-01
-5.946948E-08,-1.4911381E-01
-5.941948E-08,-1.4911381E-01
-5.936948E-08,-1.4911381E-01
-5.931948E-08,-1.4916652E-01
-5.926948E-08,-1.4916652E-01
-5.921948E-08,-1.4916652E-01
-5.916948E-08,-1.4916652E-01
-5.911948E-08,-1.4916652E-01
-5.906948E-08,-1.4916652E-01
-5.901948E-08,-1.4911381E-01
-5.896948E-08,-1.4911381E-01
-5.891948E-08,-1.4911381E-01
-5.886948E-08,-1.4911381E-01
-5.881948E-08,-1.4911381E-01
-5.876948E-08,-1.4906110E-01
-5.871948E-08,-1.4906110E-01
-5.866948E-08,-1.4906110E-01
-5.861948E-08,-1.4906110E-01
-5.856948E-08,-1.4900839E-01
-5.851948E-08,-1.4900839E-01
-5.846948E-08,-1.4900839E-01
-5.841948E-08,-1.4900839E-01
-5.836948E-08,-1.4900839E-01
-5.831948E-08,-1.4900839E-01
-5.826948E-08,-1.4900839E-01
-5.821948E-08,-1.4900839E-01
-5.816948E-08,-1.4900839E-01
-5.811948E-08,-1.4906110E-01
-5.806948E-08,-1.4906110E-01
-5.801948E-08,-1.4906110E-01
-5.796948E-08,-1.4911381E-01
-5.791948E-08,-1.4911381E-01
-5.786948E-08,-1.4916652E-01
-5.781948E-08,-1.4916652E-01
-5.776948E-08,-1.4921923E-01
-5.771948E-08,-1.4927194E-01
-5.766948E-08,-1.4927194E-01
-5.761948E-08,-1.4932464E-01
-5.756948E-08,-1.4937735E-01
-5.751948E-08,-1.4943006E-01
-5.746948E-08,-1.4948277E-01
-5.741948E-08,-1.4948277E-01
-5.736948E-08,-1.4953548E-01
-5.731948E-08,-1.4958819E-01
-5.726948E-08,-1.4964090E-01
-5.721948E-08,-1.4964090E-01
-5.716948E-08,-1.4969361E-01
-5.711948E-08,-1.4974632E-01
-5.706948E-08,-1.4974632E-01
-5.701948E-08,-1.4974632E-01
-5.696948E-08,-1.4979903E-01
-5.691948E-08,-1.4979903E-01
-5.686948E-08,-1.4979903E-01
-5.681948E-08,-1.4979903E-01
-5.676948E-08,-1.4979903E-01
-5.671948E-08,-1.4979903E-01
-5.666948E-08,-1.4979903E-01
-5.661948E-08,-1.4979903E-01
-5.656948E-08,-1.4974632E-01
-5.651948E-08,-1.4974632E-01
-5.646948E-08,-1.4969361E-01
-5.641948E-08,-1.4964090E-01
-5.636948E-08,-1.4958819E-01
-5.631948E-08,-1.4958819E-01
-5.626948E-08,-1.4953548E-01
-5.621948E-08,-1.4948277E-01
-5.616948E-08,-1.4943006E-01
-5.611948E-08,-1.4937735E-01
-5.606948E-08,-1.4932464E-01
-5.601948E-08,-1.4927194E-01
-5.596948E-08,-1.4921923E-01
-5.591948E-08,-1.4916652E-01
-5.586948E-08,-1.4911381E-01
-5.581948E-08,-1.4906110E-01
-5.576948E-08,-1.4900839E-01
-5.571948E-08,-1.4900839E-01
-5.566948E-08,-1.4895568E-01
-5.561948E-08,-1.4890297E-01
-5.556948E-08,-1.4890297E-01
-5.551948E-08,-1.4885026E-01
-5.546948E-08,-1.4885026E-01
-5.541948E-08,-1.4885026E-01
-5.536948E-08,-1.4885026E-01
-5.531948E-08,-1.4885026E-01
-5.526948E-08,-1.4885026E-01
-5.521948E-08,-1.4885026E-01
-5.516948E-08,-1.4890297E-01
-5.511948E-08,-1.4890297E-01
-5.506948E-08,-1.4895568E-01
-5.501948E-08,-1.4895568E-01
-5.496948E-08,-1.4900839E-01
-5.491948E-08,-1.4906110E-01
-5.486948E-08,-1.4911381E-01
-5.481948E-08,-1.4916652E-01
-5.476948E-08,-1.4916652E-01
-5.471948E-08,-1.4921923E-01
-5.466948E-08,-1.4927194E-01
-5.461948E-08,-1.4932464E-01
-5.456948E-08,-1.4937735E-01
-5.451948E-08,-1.4943006E-01
-5.446948E-08,-1.4948277E-01
-5.441948E-08,-1.4953548E-01
-5.436948E-08,-1.4958819E-01
-5.431948E-08,-1.4958819E-01
-5.426948E-08,-1.4964090E-01
-5.421948E-08,-1.4964090E-01
-5.416948E-08,-1.4969361E-01
-5.411948E-08,-1.4969361E-01
-5.406948E-08,-1.4969361E-01
-5.401948E-08,-1.4974632E-01
-5.396948E-08,-1.4974632E-01
-5.391948E-08,-1.4974632E-01
-5.386948E-08,-1.4969361E-01
-5.381948E-08,-1.4969361E-01
-5.376948E-08,-1.4969361E-01
-5.371948E-08,-1.4964090E-01
-5.366948E-08,-1.4958819E-01
-5.361948E-08,-1.4958819E-01
-5.356948E-08,-1.4953548E-01
-5.351948E-08,-1.4948277E-01
-5.346948E-08,-1.4943006E-01
-5.341948E-08,-1.4937735E-01
-5.336948E-08,-1.4932464E-01
-5.331948E-08,-1.4927194E-01
-5.326948E-08,-1.4921923E-01
-5.321948E-08,-1.4916652E-01
-5.316948E-08,-1.4911381E-01
-5.311948E-08,-1.4906110E-01
-5.306948E-08,-1.4900839E-01
-5.301948E-08,-1.4895568E-01
-5.296948E-08,-1.4890297E-01
-5.291948E-08,-1.4885026E-01
-5.286948E-08,-1.4879755E-01
-5.281948E-08,-1.4874485E-01
-5.276948E-08,-1.4869214E-01
-5.271948E-08,-1.4869214E-01
-5.266948E-08,-1.4863943E-01
-5.261948E-08,-1.4863943E-01
-5.256948E-08,-1.4858672E-01
-5.251948E-08,-1.4858672E-01
-5.246948E-08,-1.4858672E-01
-5.241948E-08,-1.4853401E-01
-5.236948E-08,-1.4853401E-01
-5.231948E-08,-1.4853401E-01
-5.226948E-08,-1.4853401E-01
-5.221948E-08,-1.4858672E-01
-5.216948E-08,-1.4858672E-01
-5.211948E-08,-1.4858672E-01
-5.206948E-08,-1.4858672E-01
-5.201948E-08,-1.4863943E-01
-5.196948E-08,-1.4863943E-01
-5.191948E-08,-1.4869214E-01
-5.186948E-08,-1.4869214E-01
-5.181948E-08,-1.4874485E-01
-5.176948E-08,-1.4874485E-01
-5.171948E-08,-1.4879755E-01
-5.166948E-08,-1.4879755E-01
-5.161948E-08,-1.4885026E-01
-5.156948E-08,-1.4885026E-01
-5.151948E-08,-1.4885026E-01
-5.146948E-08,-1.4890297E-01
-5.141948E-08,-1.4890297E-01
-5.136948E-08,-1.4890297E-01
-5.131948E-08,-1.4895568E-01
-5.126948E-08,-1.4895568E-01
-5.121948E-08,-1.4895568E-01
-5.116948E-08,-1.4895568E-01
-5.111948E-08,-1.4895568E-01
-5.106948E-08,-1.4895568E-01
-5.101948E-08,-1.4895568E-01
-5.096948E-08,-1.4895568E-01
-5.091948E-08,-1.4895568E-01
-5.086948E-08,-1.4890297E-01
-5.081948E-08,-1.4890297E-01
-5.076948E-08,-1.4890297E-01
-5.071948E-08,-1.4890297E-01
-5.066948E-08,-1.4885026E-01
-5.061948E-08,-1.4885026E-01
-5.056948E-08,-1.4885026E-01
-5.051948E-08,-1.4879755E-01
-5.046948E-08,-1.4879755E-01
-5.041948E-08,-1.4879755E-01
-5.036948E-08,-1.4874485E-01
-5.031948E-08,-1.4874485E-01
-5.026948E-08,-1.4874485E-01
-5.021948E-08,-1.4874485E-01
-5.016948E-08,-1.4869214E-01
-5.011948E-08,-1.4869214E-01
-5.006948E-08,-1.4869214E-01
-5.001948E-08,-1.4869214E-01
-4.996948E-08,-1.4869214E-01
-4.991948E-08,-1.4869214E-01
-4.986948E-08,-1.4869214E-01
-4.981948E-08,-1.4869214E-01
-4.976948E-08,-1.4869214E-01
-4.971948E-08,-1.4874485E-01
-4.966948E-08,-1.4874485E-01
-4.961948E-08,-1.4874485E-01
-4.956948E-08,-1.4874485E-01
-4.951948E-08,-1.4879755E-01
-4.946948E-08,-1.4879755E-01
-4.941948E-08,-1.4885026E-01
-4.936948E-08,-1.4885026E-01
-4.931948E-08,-1.4885026E-01
-4.926948E-08,-1.4890297E-01
-4.921948E-08,-1.4890297E-01
-4.916948E-08,-1.4895568E-01
-4.911948E-08,-1.4895568E-01
-4.906948E-08,-1.4900839E-01
-4.901948E-08,-1.4900839E-01
-4.896948E-08,-1.4906110E-01
-4.891948E-08,-1.4906110E-01
-4.886948E-08,-1.4906110E-01
-4.881948E-08,-1.4911381E-01
-4.876948E-08,-1.4911381E-01
-4.871948E-08,-1.4911381E-01
-4.866948E-08,-1.4916652E-01
-4.861948E-08,-1.4916652E-01
-4.856948E-08,-1.4916652E-01
-4.851948E-08,-1.4916652E-01
-4.846948E-08,-1.4916652E-01
-4.841948E-08,-1.4921923E-01
-4.836948E-08,-1.4921923E-01
-4.831948E-08,-1.4921923E-01
-4.826948E-08,-1.4921923E-01
-4.821948E-08,-1.4921923E-01
-4.816948E-08,-1.4921923E-01
-4.811948E-08,-1.4921923E-01
-4.806948E-08,-1.4916652E-01
-4.801948E-08,-1.4916652E-01
-4.796948E-08,-1.4916652E-01
-4.791948E-08,-1.4916652E-01
-4.786948E-08,-1.4916652E-01
-4.781948E-08,-1.4911381E-01
-4.776948E-08,-1.4911381E-01
-4.771948E-08,-1.4911381E-01
-4.766948E-08,-1.4911381E-01
-4.761948E-08,-1.4906110E-01
-4.756948E-08,-1.4906110E-01
-4.751948E-08,-1.4906110E-01
-4.746948E-08,-1.4900839E-01
-4.741948E-08,-1.4900839E-01
-4.736948E-08,-1.4900839E-01
-4.731948E-08,-1.4900839E-01
-4.726948E-08,-1.4895568E-01
-4.721948E-08,-1.4895568E-01
-4.716948E-08,-1.4895568E-01
-4.711948E-08,-1.4895568E-01
-4.706948E-08,-1.4895568E-01
-4.701948E-08,-1.4890297E-01
-4.696948E-08,-1.4890297E-01
-4.691948E-08,-1.4890297E-01
-4.686948E-08,-1.4890297E-01
-4.681948E-08,-1.4890297E-01
-4.676948E-08,-1.4895568E-01
-4.671948E-08,-1.4895568E-01
-4.666948E-08,-1.4895568E-01
-4.661948E-08,-1.4895568E-01
-4.656948E-08,-1.4895568E-01
-4.651948E-08,-1.4900839E-01
-4.646948E-08,-1.4900839E-01
-4.641948E-08,-1.4906110E-01
-4.636948E-08,-1.4906110E-01
-4.631948E-08,-1.4911381E-01
-4.626948E-08,-1.4911381E-01
-4.621948E-08,-1.4916652E-01
-4.616948E-08,-1.4916652E-01
-4.611948E-08,-1.4921923E-01
-4.606948E-08,-1.4921923E-01
-4.601948E-08,-1.4927194E-01
-4.596948E-08,-1.4932464E-01
-4.591948E-08,-1.4932464E-01
-4.586948E-08,-1.4937735E-01
-4.581948E-08,-1.4937735E-01
-4.576948E-08,-1.4943006E-01
-4.571948E-08,-1.4943006E-01
-4.566948E-08,-1.4948277E-01
-4.561948E-08,-1.4948277E-01
-4.556948E-08,-1.4948277E-01
-4.551948E-08,-1.4953548E-01
-4.546948E-08,-1.4953548E-01
-4.541948E-08,-1.4953548E-01
-4.536948E-08,-1.4953548E-01
-4.531948E-08,-1.4953548E-01
-4.526948E-08,-1.4953548E-01
-4.521948E-08,-1.4953548E-01
-4.516948E-08,-1.4948277E-01
-4.511948E-08,-1.4948277E-01
-4.506948E-08,-1.4943006E-01
-4.501948E-08,-1.4943006E-01
-4.496948E-08,-1.4937735E-01
-4.491948E-08,-1.4937735E-01
-4.486948E-08,-1.4932464E-01
-4.481948E-08,-1.4927194E-01
-4.476948E-08,-1.4927194E-01
-4.471948E-08,-1.4921923E-01
-4.466948E-08,-1.4916652E-01
-4.461948E-08,-1.4911381E-01
-4.456948E-08,-1.4911381E-01
-4.451948E-08,-1.4906110E-01
-4.446948E-08,-1.4900839E-01
-4.441948E-08,-1.4895568E-01
-4.436948E-08,-1.4895568E-01
-4.431948E-08,-1.4890297E-01
-4.426948E-08,-1.4885026E-01
-4.421948E-08,-1.4885026E-01
-4.416948E-08,-1.4879755E-01
-4.411948E-08,-1.4879755E-01
-4.406948E-08,-1.4879755E-01
-4.401948E-08,-1.4874485E-01
-4.396948E-08,-1.4874485E-01
-4.391948E-08,-1.4874485E-01
-4.386948E-08,-1.4874485E-01
-4.381948E-08,-1.4874485E-01
-4.376948E-08,-1.4879755E-01
-4.371948E-08,-1.4879755E-01
-4.366948E-08,-1.4879755E-01
-4.361948E-08,-1.4885026E-01
-4.356948E-08,-1.4885026E-01
-4.351948E-08,-1.4890297E-01
-4.346948E-08,-1.4895568E-01
-4.341948E-08,-1.4895568E-01
-4.336948E-08,-1.4900839E-01
-4.331948E-08,-1.4906110E-01
-4.326948E-08,-1.4911381E-01
-4.321948E-08,-1.4911381E-01
-4.316948E-08,-1.4916652E-01
-4.311948E-08,-1.4921923E-01
-4.306948E-08,-1.4927194E-01
-4.301948E-08,-1.4927194E-01
-4.296948E-08,-1.4932464E-01
-4.291948E-08,-1.4937735E-01
-4.286948E-08,-1.4937735E-01
-4.281948E-08,-1.4943006E-01
-4.276948E-08,-1.4943006E-01
-4.271948E-08,-1.4948277E-01
-4.266948E-08,-1.4948277E-01
-4.261948E-08,-1.4948277E-01
-4.256948E-08,-1.4948277E-01
-4.251948E-08,-1.4948277E-01
-4.246948E-08,-1.4953548E-01
-4.241948E-08,-1.4953548E-01
-4.236948E-08,-1.4953548E-01
-4.231948E-08,-1.4948277E-01
-4.226948E-08,-1.4948277E-01
-4.221948E-08,-1.4948277E-01
-4.216948E-08,-1.4948277E-01
-4.211948E-08,-1.4948277E-01
-4.206948E-08,-1.4943006E-01
-4.201948E-08,-1.4943006E-01
-4.196948E-08,-1.4943006E-01
-4.191948E-08,-1.4943006E-01
-4.186948E-08,-1.4937735E-01
-4.181948E-08,-1.4937735E-01
-4.176948E-08,-1.4937735E-01
-4.171948E-08,-1.4937735E-01
-4.166948E-08,-1.4937735E-01
-4.161948E-08,-1.4937735E-01
-4.156948E-08,-1.4937735E-01
-4.151948E-08,-1.4937735E-01
-4.146948E-08,-1.4937735E-01
-4.141948E-08,-1.4937735E-01
-4.136948E-08,-1.4943006E-01
-4.131948E-08,-1.4943006E-01
-4.126948E-08,-1.4948277E-01
-4.121948E-08,-1.4948277E-01
-4.116948E-08,-1.4953548E-01
-4.111948E-08,-1.4953548E-01
-4.106948E-08,-1.4958819E-01
-4.101948E-08,-1.4958819E-01
-4.096948E-08,-1.4964090E-01
-4.091948E-08,-1.4969361E-01
-4.086948E-08,-1.4969361E-01
-4.081948E-08,-1.4974632E-01
-4.076948E-08,-1.4979903E-01
-4.071948E-08,-1.4979903E-01
-4.066948E-08,-1.4985173E-01
-4.061948E-08,-1.4990444E-01
-4.056948E-08,-1.4990444E-01
-4.051948E-08,-1.4995715E-01
-4.046948E-08,-1.4995715E-01
-4.041948E-08,-1.4995715E-01
-4.036948E-08,-1.5000986E-01
-4.031948E-08,-1.5000986E-01
-4.026948E-08,-1.5000986E-01
-4.021948E-08,-1.5000986E-01
-4.016948E-08,-1.5000986E-01
-4.011948E-08,-1.5000986E-01
-4.006948E-08,-1.5000986E-01
-4.001948E-08,-1.5000986E-01
-3.996948E-08,-1.5000986E-01
-3.991948E-08,-1.4995715E-01
-3.986948E-08,-1.4995715E-01
-3.981948E-08,-1.4990444E-01
-3.976948E-08,-1.4990444E-01
-3.971948E-08,-1.4985173E-01
-3.966948E-08,-1.4985173E-01
-3.961948E-08,-1.4979903E-01
-3.956948E-08,-1.4979903E-01
-3.951948E-08,-1.4974632E-01
-3.946948E-08,-1.4969361E-01
-3.941948E-08,-1.4969361E-01
-3.936948E-08,-1.4964090E-01
-3.931948E-08,-1.4958819E-01
-3.926948E-08,-1.4953548E-01
-3.921948E-08,-1.4953548E-01
-3.916948E-08,-1.4948277E-01
-3.911948E-08,-1.4943006E-01
-3.906948E-08,-1.4943006E-01
-3.901948E-08,-1.4937735E-01
-3.896948E-08,-1.4932464E-01
-3.891948E-08,-1.4932464E-01
-3.886948E-08,-1.4927194E-01
-3.881948E-08,-1.4927194E-01
-3.876948E-08,-1.4921923E-01
-3.871948E-08,-1.4921923E-01
-3.866948E-08,-1.4921923E-01
-3.861948E-08,-1.4916652E-01
-3.856948E-08,-1.4916652E-01
-3.851948E-08,-1.4916652E-01
-3.846948E-08,-1.4916652E-01
-3.841948E-08,-1.4916652E-01
-3.836948E-08,-1.4911381E-01
-3.831948E-08,-1.4911381E-01
-3.826948E-08,-1.4916652E-01
-3.821948E-08,-1.4916652E-01
-3.816948E-08,-1.4916652E-01
-3.811948E-08,-1.4916652E-01
-3.806948E-08,-1.4916652E-01
-3.801948E-08,-1.4921923E-01
-3.796948E-08,-1.4921923E-01
-3.791948E-08,-1.4921923E-01
-3.786948E-08,-1.4927194E-01
-3.781948E-08,-1.4927194E-01
-3.776948E-08,-1.4932464E-01
-3.771948E-08,-1.4932464E-01
-3.766948E-08,-1.4937735E-01
-3.761948E-08,-1.4943006E-01
-3.756948E-08,-1.4943006E-01
-3.751948E-08,-1.4948277E-01
-3.746948E-08,-1.4953548E-01
-3.741948E-08,-1.4953548E-01
-3.736948E-08,-1.4958819E-01
-3.731948E-08,-1.4958819E-01
-3.726948E-08,-1.4964090E-01
-3.721948E-08,-1.4969361E-01
-3.716948E-08,-1.4969361E-01
-3.711948E-08,-1.4974632E-01
-3.706948E-08,-1.4974632E-01
-3.701948E-08,-1.4974632E-01
-3.696948E-08,-1.4979903E-01
-3.691948E-08,-1.4979903E-01
-3.686948E-08,-1.4979903E-01
-3.681948E-08,-1.4979903E-01
-3.676948E-08,-1.4979903E-01
-3.671948E-08,-1.4979903E-01
-3.666948E-08,-1.4979903E-01
-3.661948E-08,-1.4979903E-01
-3.656948E-08,-1.4974632E-01
-3.651948E-08,-1.4974632E-01
-3.646948E-08,-1.4974632E-01
-3.641948E-08,-1.4969361E-01
-3.636948E-08,-1.4969361E-01
-3.631948E-08,-1.4964090E-01
-3.626948E-08,-1.4964090E-01
-3.621948E-08,-1.4958819E-01
-3.616948E-08,-1.4958819E-01
-3.611948E-08,-1.4953548E-01
-3.606948E-08,-1.4953548E-01
-3.601948E-08,-1.4953548E-01
-3.596948E-08,-1.4948277E-01
-3.591948E-08,-1.4948277E-01
-3.586948E-08,-1.4948277E-01
-3.581948E-08,-1.4948277E-01
-3.576948E-08,-1.4948277E-01
-3.571948E-08,-1.4948277E-01
-3.566948E-08,-1.4948277E-01
-3.561948E-08,-1.4948277E-01
-3.556948E-08,-1.4948277E-01
-3.551948E-08,-1.4948277E-01
-3.546948E-08,-1.4953548E-01
-3.541948E-08,-1.4953548E-01
-3.536948E-08,-1.4958819E-01
-3.531948E-08,-1.4958819E-01
-3.526948E-08,-1.4964090E-01
-3.521948E-08,-1.4964090E-01
-3.516948E-08,-1.4969361E-01
-3.511948E-08,-1.4969361E-01
-3.506948E-08,-1.4974632E-01
-3.501948E-08,-1.4979903E-01
-3.496948E-08,-1.4979903E-01
-3.491948E-08,-1.4985173E-01
-3.486948E-08,-1.4985173E-01
-3.481948E-08,-1.4990444E-01
-3.476948E-08,-1.4990444E-01
-3.471948E-08,-1.4990444E-01
-3.466948E-08,-1.4990444E-01
-3.461948E-08,-1.4990444E-01
-3.456948E-08,-1.4990444E-01
-3.451948E-08,-1.4990444E-01
-3.446948E-08,-1.4990444E-01
-3.441948E-08,-1.4990444E-01
-3.436948E-08,-1.4985173E-01
-3.431948E-08,-1.4985173E-01
-3.426948E-08,-1.4979903E-01
-3.421948E-08,-1.4979903E-01
-3.416948E-08,-1.4974632E-01
-3.411948E-08,-1.4969361E-01
-3.406948E-08,-1.4964090E-01
-3.401948E-08,-1.4964090E-01
-3.396948E-08,-1.4958819E-01
-3.391948E-08,-1.4953548E-01
-3.386948E-08,-1.4948277E-01
-3.381948E-08,-1.4948277E-01
-3.376948E-08,-1.4943006E-01
-3.371948E-08,-1.4937735E-01
-3.366948E-08,-1.4937735E-01
-3.361948E-08,-1.4932464E-01
-3.356948E-08,-1.4932464E-01
-3.351948E-08,-1.4932464E-01
-3.346948E-08,-1.4927194E-01
-3.341948E-08,-1.4927194E-01
-3.336948E-08,-1.4927194E-01
-3.331948E-08,-1.4927194E-01
-3.326948E-08,-1.4932464E-01
-3.321948E-08,-1.4932464E-01
-3.316948E-08,-1.4932464E-01
-3.311948E-08,-1.4932464E-01
-3.306948E-08,-1.4937735E-01
-3.301948E-08,-1.4937735E-01
-3.296948E-08,-1.4943006E-01
-3.291948E-08,-1.4948277E-01
-3.286948E-08,-1.4948277E-01
-3.281948E-08,-1.4953548E-01
-3.276948E-08,-1.4953548E-01
-3.271948E-08,-1.4958819E-01
-3.266948E-08,-1.4958819E-01
-3.261948E-08,-1.4958819E-01
-3.256948E-08,-1.4964090E-01
-3.251948E-08,-1.4964090E-01
-3.246948E-08,-1.4964090E-01
-3.241948E-08,-1.4964090E-01
-3.236948E-08,-1.4964090E-01
-3.231948E-08,-1.4964090E-01
-3.226948E-08,-1.4964090E-01
-3.221948E-08,-1.4964090E-01
-3.216948E-08,-1.4958819E-01
-3.211948E-08,-1.4958819E-01
-3.206948E-08,-1.4953548E-01
-3.201948E-08,-1.4953548E-01
-3.196948E-08,-1.4948277E-01
-3.191948E-08,-1.4948277E-01
-3.186948E-08,-1.4943006E-01
-3.181948E-08,-1.4937735E-01
-3.176948E-08,-1.4937735E-01
-3.171948E-08,-1.4932464E-01
-3.166948E-08,-1.4932464E-01
-3.161948E-08,-1.4927194E-01
-3.156948E-08,-1.4927194E-01
-3.151948E-08,-1.4921923E-01
-3.146948E-08,-1.4921923E-01
-3.141948E-08,-1.4916652E-01
-3.136948E-08,-1.4916652E-01
-3.131948E-08,-1.4916652E-01
-3.126948E-08,-1.4916652E-01
-3.121948E-08,-1.4916652E-01
-3.116948E-08,-1.4916652E-01
-3.111948E-08,-1.4921923E-01
-3.106948E-08,-1.4921923E-01
-3.101948E-08,-1.4921923E-01
-3.096948E-08,-1.4927194E-01
-3.091948E-08,-1.4927194E-01
-3.086948E-08,-1.4932464E-01
-3.081948E-08,-1.4937735E-01
-3.076948E-08,-1.4937735E-01
-3.071948E-08,-1.4943006E-01
-3.066948E-08,-1.4948277E-01
-3.061948E-08,-1.4948277E-01
-3.056948E-08,-1.4953548E-01
-3.051948E-08,-1.4958819E-01
-3.046948E-08,-1.4958819E-01
-3.041948E-08,-1.4964090E-01
-3.036948E-08,-1.4969361E-01
-3.031948E-08,-1.4969361E-01
-3.026948E-08,-1.4974632E-01
-3.021948E-08,-1.4974632E-01
-3.016948E-08,-1.4979903E-01
-3.011948E-08,-1.4979903E-01
-3.006948E-08,-1.4985173E-01
-3.001948E-08,-1.4985173E-01
-2.996948E-08,-1.4985173E-01
-2.991948E-08,-1.4990444E-01
-2.986948E-08,-1.4990444E-01
-2.981948E-08,-1.4990444E-01
-2.976948E-08,-1.4990444E-01
-2.971948E-08,-1.4995715E-01
-2.966948E-08,-1.4995715E-01
-2.961948E-08,-1.4995715E-01
-2.956948E-08,-1.5000986E-01
-2.951948E-08,-1.5000986E-01
-2.946948E-08,-1.5000986E-01
-2.941948E-08,-1.5006257E-01
-2.936948E-08,-1.5006257E-01
-2.931948E-08,-1.5011528E-01
-2.926948E-08,-1.5011528E-01
-2.921948E-08,-1.5011528E-01
-2.916948E-08,-1.5016799E-01
-2.911948E-08,-1.5022070E-01
-2.906948E-08,-1.5022070E-01
-2.901948E-08,-1.5027341E-01
-2.896948E-08,-1.5027341E-01
-2.891948E-08,-1.5032612E-01
-2.886948E-08,-1.5032612E-01
-2.881948E-08,-1.5037883E-01
-2.876948E-08,-1.5037883E-01
-2.871948E-08,-1.5037883E-01
-2.866948E-08,-1.5043153E-01
-2.861948E-08,-1.5043153E-01
-2.856948E-08,-1.5043153E-01
-2.851948E-08,-1.5043153E-01
-2.846948E-08,-1.5043153E-01
-2.841948E-08,-1.5037883E-01
-2.836948E-08,-1.5037883E-01
-2.831948E-08,-1.5037883E-01
-2.826948E-08,-1.5032612E-01
-2.821948E-08,-1.5027341E-01
-2.816948E-08,-1.5022070E-01
-2.811948E-08,-1.5016799E-01
-2.806948E-08,-1.5011528E-01
-2.801948E-08,-1.5006257E-01
-2.796948E-08,-1.5000986E-01
-2.791948E-08,-1.4995715E-01
-2.786948E-08,-1.4990444E-01
-2.781948E-08,-1.4979903E-01
-2.776948E-08,-1.4974632E-01
-2.771948E-08,-1.4969361E-01
-2.766948E-08,-1.4964090E-01
-2.761948E-08,-1.4953548E-01
-2.756948E-08,-1.4948277E-01
-2.751948E-08,-1.4943006E-01
-2.746948E-08,-1.4937735E-01
-2.741948E-08,-1.4932464E-01
-2.736948E-08,-1.4932464E-01
-2.731948E-08,-1.4927194E-01
-2.726948E-08,-1.4927194E-01
-2.721948E-08,-1.4921923E-01
-2.716948E-08,-1.4921923E-01
-2.711948E-08,-1.4921923E-01
-2.706948E-08,-1.4921923E-01
-2.701948E-08,-1.4927194E-01
-2.696948E-08,-1.4927194E-01
-2.691948E-08,-1.4927194E-01
-2.686948E-08,-1.4932464E-01
-2.681948E-08,-1.4937735E-01
-2.676948E-08,-1.4937735E-01
-2.671948E-08,-1.4943006E-01
-2.666948E-08,-1.4948277E-01
-2.661948E-08,-1.4953548E-01
-2.656948E-08,-1.4958819E-01
-2.651948E-08,-1.4964090E-01
-2.646948E-08,-1.4969361E-01
-2.641948E-08,-1.4974632E-01
-2.636948E-08,-1.4979903E-01
-2.631948E-08,-1.4985173E-01
-2.626948E-08,-1.4990444E-01
-2.621948E-08,-1.4990444E-01
-2.616948E-08,-1.4995715E-01
-2.611948E-08,-1.5000986E-01
-2.606948E-08,-1.5000986E-01
-2.601948E-08,-1.5000986E-01
-2.596948E-08,-1.5006257E-01
-2.591948E-08,-1.5006257E-01
-2.586948E-08,-1.5006257E-01
-2.581948E-08,-1.5006257E-01
-2.576948E-08,-1.5006257E-01
-2.571948E-08,-1.5006257E-01
-2.566948E-08,-1.5006257E-01
-2.561948E-08,-1.5000986E-01
-2.556948E-08,-1.5000986E-01
-2.551948E-08,-1.5000986E-01
-2.546948E-08,-1.5000986E-01
-2.541948E-08,-1.4995715E-01
-2.536948E-08,-1.4995715E-01
-2.531948E-08,-1.4995715E-01
-2.526948E-08,-1.4995715E-01
-2.521948E-08,-1.4990444E-01
-2.516948E-08,-1.4990444E-01
-2.511948E-08,-1.4990444E-01
-2.506948E-08,-1.4990444E-01
-2.501948E-08,-1.4990444E-01
-2.496948E-08,-1.4995715E-01
-2.491948E-08,-1.4995715E-01
-2.486948E-08,-1.4995715E-01
-2.481948E-08,-1.4995715E-01
-2.476948E-08,-1.5000986E-01
-2.471948E-08,-1.5000986E-01
-2.466948E-08,-1.5006257E-01
-2.461948E-08,-1.5006257E-01
-2.456948E-08,-1.5011528E-01
-2.451948E-08,-1.5016799E-01
-2.446948E-08,-1.5016799E-01
-2.441948E-08,-1.5022070E-01
-2.436948E-08,-1.5022070E-01
-2.431948E-08,-1.5027341E-01
-2.426948E-08,-1.5027341E-01
-2.421948E-08,-1.5032612E-01
-2.416948E-08,-1.5032612E-01
-2.411948E-08,-1.5032612E-01
-2.406948E-08,-1.5037883E-01
-2.401948E-08,-1.5037883E-01
-2.396948E-08,-1.5037883E-01
-2.391948E-08,-1.5037883E-01
-2.386948E-08,-1.5032612E-01
-2.381948E-08,-1.5032612E-01
-2.376948E-08,-1.5032612E-01
-2.371948E-08,-1.5027341E-01
-2.366948E-08,-1.5027341E-01
-2.361948E-08,-1.5022070E-01
-2.356948E-08,-1.5022070E-01
-2.351948E-08,-1.5016799E-01
-2.346948E-08,-1.5011528E-01
-2.341948E-08,-1.5011528E-01
-2.336948E-08,-1.5006257E-01
-2.331948E-08,-1.5000986E-01
-2.326948E-08,-1.4995715E-01
-2.321948E-08,-1.4995715E-01
-2.316948E-08,-1.4990444E-01
-2.311948E-08,-1.4985173E-01
-2.306948E-08,-1.4985173E-01
-2.301948E-08,-1.4985173E-01
-2.296948E-08,-1.4979903E-01
-2.291948E-08,-1.4979903E-01
-2.286948E-08,-1.4979903E-01
-2.281948E-08,-1.4979903E-01
-2.276948E-08,-1.4979903E-01
-2.271948E-08,-1.4979903E-01
-2.266948E-08,-1.4979903E-01
-2.261948E-08,-1.4985173E-01
-2.256948E-08,-1.4985173E-01
-2.251948E-08,-1.4990444E-01
-2.246948E-08,-1.4990444E-01
-2.241948E-08,-1.4995715E-01
-2.236948E-08,-1.5000986E-01
-2.231948E-08,-1.5006257E-01
-2.226948E-08,-1.5011528E-01
-2.221948E-08,-1.5016799E-01
-2.216948E-08,-1.5022070E-01
-2.211948E-08,-1.5027341E-01
-2.206948E-08,-1.5027341E-01
-2.201948E-08,-1.5032612E-01
-2.196948E-08,-1.5037883E-01
-2.191948E-08,-1.5043153E-01
-2.186948E-08,-1.5048424E-01
-2.181948E-08,-1.5053695E-01
-2.176948E-08,-1.5053695E-01
-2.171948E-08,-1.5058966E-01
-2.166948E-08,-1.5058966E-01
-2.161948E-08,-1.5058966E-01
-2.156948E-08,-1.5064237E-01
-2.151948E-08,-1.5064237E-01
-2.146948E-08,-1.5058966E-01
-2.141948E-08,-1.5058966E-01
-2.136948E-08,-1.5058966E-01
-2.131948E-08,-1.5053695E-01
-2.126948E-08,-1.5053695E-01
-2.121948E-08,-1.5048424E-01
-2.116948E-08,-1.5043153E-01
-2.111948E-08,-1.5037883E-01
-2.106948E-08,-1.5032612E-01
-2.101948E-08,-1.5027341E-01
-2.096948E-08,-1.5022070E-01
-2.091948E-08,-1.5016799E-01
-2.086948E-08,-1.5011528E-01
-2.081948E-08,-1.5000986E-01
-2.076948E-08,-1.4995715E-01
-2.071948E-08,-1.4990444E-01
-2.066948E-08,-1.4979903E-01
-2.061948E-08,-1.4974632E-01
-2.056948E-08,-1.4969361E-01
-2.051948E-08,-1.4964090E-01
-2.046948E-08,-1.4958819E-01
-2.041948E-08,-1.4953548E-01
-2.036948E-08,-1.4948277E-01
-2.031948E-08,-1.4943006E-01
-2.026948E-08,-1.4937735E-01
-2.021948E-08,-1.4932464E-01
-2.016948E-08,-1.4932464E-01
-2.011948E-08,-1.4927194E-01
-2.006948E-08,-1.4927194E-01
-2.001948E-08,-1.4927194E-01
-1.996948E-08,-1.4927194E-01
-1.991948E-08,-1.4927194E-01
-1.986948E-08,-1.4927194E-01
-1.981948E-08,-1.4927194E-01
-1.976948E-08,-1.4927194E-01
-1.971948E-08,-1.4932464E-01
-1.966948E-08,-1.4932464E-01
-1.961948E-08,-1.4937735E-01
-1.956948E-08,-1.4937735E-01
-1.951948E-08,-1.4943006E-01
-1.946948E-08,-1.4948277E-01
-1.941948E-08,-1.4948277E-01
-1.936948E-08,-1.4953548E-01
-1.931948E-08,-1.4958819E-01
-1.926948E-08,-1.4958819E-01
-1.921948E-08,-1.4964090E-01
-1.916948E-08,-1.4969361E-01
-1.911948E-08,-1.4974632E-01
-1.906948E-08,-1.4974632E-01
-1.901948E-08,-1.4979903E-01
-1.896948E-08,-1.4979903E-01
-1.891948E-08,-1.4985173E-01
-1.886948E-08,-1.4985173E-01
-1.881948E-08,-1.4985173E-01
-1.876948E-08,-1.4990444E-01
-1.871948E-08,-1.4990444E-01
-1.866948E-08,-1.4990444E-01
-1.861948E-08,-1.4990444E-01
-1.856948E-08,-1.4990444E-01
-1.851948E-08,-1.4990444E-01
-1.846948E-08,-1.4990444E-01
-1.841948E-08,-1.4990444E-01
-1.836948E-08,-1.4990444E-01
-1.831948E-08,-1.4985173E-01
-1.826948E-08,-1.4985173E-01
-1.821948E-08,-1.4985173E-01
-1.816948E-08,-1.4979903E-01
-1.811948E-08,-1.4979903E-01
-1.806948E-08,-1.4979903E-01
-1.801948E-08,-1.4974632E-01
-1.796948E-08,-1.4974632E-01
-1.791948E-08,-1.4974632E-01
-1.786948E-08,-1.4969361E-01
-1.781948E-08,-1.4969361E-01
-1.776948E-08,-1.4969361E-01
-1.771948E-08,-1.4969361E-01
-1.766948E-08,-1.4969361E-01
-1.761948E-08,-1.4969361E-01
-1.756948E-08,-1.4969361E-01
-1.751948E-08,-1.4969361E-01
-1.746948E-08,-1.4969361E-01
-1.741948E-08,-1.4969361E-01
-1.736948E-08,-1.4974632E-01
-1.731948E-08,-1.4974632E-01
-1.726948E-08,-1.4974632E-01
-1.721948E-08,-1.4979903E-01
-1.716948E-08,-1.4979903E-01
-1.711948E-08,-1.4985173E-01
-1.706948E-08,-1.4990444E-01
-1.701948E-08,-1.4990444E-01
-1.696948E-08,-1.4995715E-01
-1.691948E-08,-1.5000986E-01
-1.686948E-08,-1.5000986E-01
-1.681948E-08,-1.5006257E-01
-1.676948E-08,-1.5011528E-01
-1.671948E-08,-1.5016799E-01
-1.666948E-08,-1.5016799E-01
-1.661948E-08,-1.5022070E-01
-1.656948E-08,-1.5027341E-01
-1.651948E-08,-1.5027341E-01
-1.646948E-08,-1.5032612E-01
-1.641948E-08,-1.5032612E-01
-1.636948E-08,-1.5032612E-01
-1.631948E-08,-1.5037883E-01
-1.626948E-08,-1.5037883E-01
-1.621948E-08,-1.5037883E-01
-1.616948E-08,-1.5037883E-01
-1.611948E-08,-1.5037883E-01
-1.606948E-08,-1.5032612E-01
-1.601948E-08,-1.5032612E-01
-1.596948E-08,-1.5032612E-01
-1.591948E-08,-1.5027341E-01
-1.586948E-08,-1.5022070E-01
-1.581948E-08,-1.5022070E-01
-1.576948E-08,-1.5016799E-01
-1.571948E-08,-1.5011528E-01
-1.566948E-08,-1.5006257E-01
-1.561948E-08,-1.5000986E-01
-1.556948E-08,-1.4995715E-01
-1.551948E-08,-1.4985173E-01
-1.546948E-08,-1.4979903E-01
-1.541948E-08,-1.4974632E-01
-1.536948E-08,-1.4964090E-01
-1.531948E-08,-1.4958819E-01
-1.526948E-08,-1.4953548E-01
-1.521948E-08,-1.4943006E-01
-1.516948E-08,-1.4937735E-01
-1.511948E-08,-1.4932464E-01
-1.506948E-08,-1.4921923E-01
-1.501948E-08,-1.4916652E-01
-1.496948E-08,-1.4911381E-01
-1.491948E-08,-1.4906110E-01
-1.486948E-08,-1.4900839E-01
-1.481948E-08,-1.4895568E-01
-1.476948E-08,-1.4890297E-01
-1.471948E-08,-1.4885026E-01
-1.466948E-08,-1.4885026E-01
-1.461948E-08,-1.4879755E-01
-1.456948E-08,-1.4879755E-01
-1.451948E-08,-1.4879755E-01
-1.446948E-08,-1.4879755E-01
-1.441948E-08,-1.4879755E-01
-1.436948E-08,-1.4879755E-01
-1.431948E-08,-1.4879755E-01
-1.426948E-08,-1.4879755E-01
-1.421948E-08,-1.4885026E-01
-1.416948E-08,-1.4885026E-01
-1.411948E-08,-1.4890297E-01
-1.406948E-08,-1.4890297E-01
-1.401948E-08,-1.4895568E-01
-1.396948E-08,-1.4900839E-01
-1.391948E-08,-1.4906110E-01
-1.386948E-08,-1.4906110E-01
-1.381948E-08,-1.4911381E-01
-1.376948E-08,-1.4916652E-01
-1.371948E-08,-1.4921923E-01
-1.366948E-08,-1.4927194E-01
-1.361948E-08,-1.4932464E-01
-1.356948E-08,-1.4932464E-01
-1.351948E-08,-1.4937735E-01
-1.346948E-08,-1.4943006E-01
-1.341948E-08,-1.4948277E-01
-1.336948E-08,-1.4948277E-01
-1.331948E-08,-1.4953548E-01
-1.326948E-08,-1.4953548E-01
-1.321948E-08,-1.4958819E-01
-1.316948E-08,-1.4958819E-01
-1.311948E-08,-1.4958819E-01
-1.306948E-08,-1.4964090E-01
-1.301948E-08,-1.4964090E-01
-1.296948E-08,-1.4964090E-01
-1.291948E-08,-1.4964090E-01
-1.286948E-08,-1.4964090E-01
-1.281948E-08,-1.4964090E-01
-1.276948E-08,-1.4964090E-01
-1.271948E-08,-1.4964090E-01
-1.266948E-08,-1.4964090E-01
-1.261948E-08,-1.4964090E-01
-1.256948E-08,-1.4964090E-01
-1.251948E-08,-1.4964090E-01
-1.246948E-08,-1.4964090E-01
-1.241948E-08,-1.4964090E-01
-1.236948E-08,-1.4964090E-01
-1.231948E-08,-1.4964090E-01
-1.226948E-08,-1.4964090E-01
-1.221948E-08,-1.4964090E-01
-1.216948E-08,-1.4964090E-01
-1.211948E-08,-1.4964090E-01
-1.206948E-08,-1.4964090E-01
-1.201948E-08,-1.4969361E-01
-1.196948E-08,-1.4969361E-01
-1.191948E-08,-1.4969361E-01
-1.186948E-08,-1.4969361E-01
-1.181948E-08,-1.4969361E-01
-1.176948E-08,-1.4969361E-01
-1.171948E-08,-1.4969361E-01
-1.166948E-08,-1.4969361E-01
-1.161948E-08,-1.4969361E-01
-1.156948E-08,-1.4969361E-01
-1.151948E-08,-1.4969361E-01
-1.146948E-08,-1.4969361E-01
-1.141948E-08,-1.4969361E-01
-1.136948E-08,-1.4969361E-01
-1.131948E-08,-1.4969361E-01
-1.126948E-08,-1.4969361E-01
-1.121948E-08,-1.4964090E-01
-1.116948E-08,-1.4964090E-01
-1.111948E-08,-1.4958819E-01
-1.106948E-08,-1.4958819E-01
-1.101948E-08,-1.4953548E-01
-1.096948E-08,-1.4953548E-01
-1.091948E-08,-1.4948277E-01
-1.086948E-08,-1.4943006E-01
-1.081948E-08,-1.4943006E-01
-1.076948E-08,-1.4937735E-01
-1.071948E-08,-1.4932464E-01
-1.066948E-08,-1.4932464E-01
-1.061948E-08,-1.4927194E-01
-1.056948E-08,-1.4927194E-01
-1.051948E-08,-1.4921923E-01
-1.046948E-08,-1.4916652E-01
-1.041948E-08,-1.4916652E-01
-1.036948E-08,-1.4916652E-01
-1.031948E-08,-1.4911381E-01
-1.026948E-08,-1.4911381E-01
-1.021948E-08,-1.4911381E-01
-1.016948E-08,-1.4911381E-01
-1.011948E-08,-1.4911381E-01
-1.006948E-08,-1.4911381E-01
-1.001948E-08,-1.4911381E-01
-9.96948E-09,-1.4916652E-01
-9.91948E-09,-1.4916652E-01
-9.86948E-09,-1.4921923E-01
-9.81948E-09,-1.4921923E-01
-9.76948E-09,-1.4927194E-01
-9.71948E-09,-1.4927194E-01
-9.66948E-09,-1.4932464E-01
-9.61948E-09,-1.4937735E-01
-9.56948E-09,-1.4937735E-01
-9.51948E-09,-1.4943006E-01
-9.46948E-09,-1.4948277E-01
-9.41948E-09,-1.4953548E-01
-9.36948E-09,-1.4953548E-01
-9.31948E-09,-1.4958819E-01
-9.26948E-09,-1.4964090E-01
-9.21948E-09,-1.4964090E-01
-9.16948E-09,-1.4969361E-01
-9.11948E-09,-1.4969361E-01
-9.06948E-09,-1.4969361E-01
-9.01948E-09,-1.4974632E-01
-8.96948E-09,-1.4974632E-01
-8.91948E-09,-1.4974632E-01
-8.86948E-09,-1.4974632E-01
-8.81948E-09,-1.4974632E-01
-8.76948E-09,-1.4969361E-01
-8.71948E-09,-1.4969361E-01
-8.66948E-09,-1.4969361E-01
-8.61948E-09,-1.4964090E-01
-8.56948E-09,-1.4964090E-01
-8.51948E-09,-1.4958819E-01
-8.46948E-09,-1.4958819E-01
-8.41948E-09,-1.4953548E-01
-8.36948E-09,-1.4948277E-01
-8.31948E-09,-1.4948277E-01
-8.26948E-09,-1.4943006E-01
-8.21948E-09,-1.4937735E-01
-8.16948E-09,-1.4937735E-01
-8.11948E-09,-1.4932464E-01
-8.06948E-09,-1.4927194E-01
-8.01948E-09,-1.4927194E-01
-7.96948E-09,-1.4927194E-01
-7.91948E-09,-1.4921923E-01
-7.86948E-09,-1.4921923E-01
-7.81948E-09,-1.4921923E-01
-7.76948E-09,-1.4921923E-01
-7.71948E-09,-1.4916652E-01
-7.66948E-09,-1.4921923E-01
-7.61948E-09,-1.4921923E-01
-7.56948E-09,-1.4921923E-01
-7.51948E-09,-1.4921923E-01
-7.46948E-09,-1.4921923E-01
-7.41948E-09,-1.4927194E-01
-7.36948E-09,-1.4927194E-01
-7.31948E-09,-1.4932464E-01
-7.26948E-09,-1.4932464E-01
-7.21948E-09,-1.4937735E-01
-7.16948E-09,-1.4937735E-01
-7.11948E-09,-1.4943006E-01
-7.06948E-09,-1.4943006E-01
-7.01948E-09,-1.4948277E-01
-6.96948E-09,-1.4948277E-01
-6.91948E-09,-1.4953548E-01
-6.86948E-09,-1.4953548E-01
-6.81948E-09,-1.4958819E-01
-6.76948E-09,-1.4958819E-01
-6.71948E-09,-1.4958819E-01
-6.66948E-09,-1.4958819E-01
-6.61948E-09,-1.4964090E-01
-6.56948E-09,-1.4964090E-01
-6.51948E-09,-1.4964090E-01
-6.46948E-09,-1.4964090E-01
-6.41948E-09,-1.4958819E-01
-6.36948E-09,-1.4958819E-01
-6.31948E-09,-1.4958819E-01
-6.26948E-09,-1.4958819E-01
-6.21948E-09,-1.4958819E-01
-6.16948E-09,-1.4953548E-01
-6.11948E-09,-1.4953548E-01
-6.06948E-09,-1.4948277E-01
-6.01948E-09,-1.4948277E-01
-5.96948E-09,-1.4948277E-01
-5.91948E-09,-1.4943006E-01
-5.86948E-09,-1.4943006E-01
-5.81948E-09,-1.4943006E-01
-5.76948E-09,-1.4943006E-01
-5.71948E-09,-1.4937735E-01
-5.66948E-09,-1.4937735E-01
-5.61948E-09,-1.4937735E-01
-5.56948E-09,-1.4937735E-01
-5.51948E-09,-1.4937735E-01
-5.46948E-09,-1.4937735E-01
-5.41948E-09,-1.4937735E-01
-5.36948E-09,-1.4937735E-01
-5.31948E-09,-1.4937735E-01
-5.26948E-09,-1.4943006E-01
-5.21948E-09,-1.4943006E-01
-5.16948E-09,-1.4943006E-01
-5.11948E-09,-1.4948277E-01
-5.06948E-09,-1.4948277E-01
-5.01948E-09,-1.4953548E-01
-4.96948E-09,-1.4953548E-01
-4.91948E-09,-1.4958819E-01
-4.86948E-09,-1.4958819E-01
-4.81948E-09,-1.4964090E-01
-4.76948E-09,-1.4964090E-01
-4.71948E-09,-1.4969361E-01
-4.66948E-09,-1.4969361E-01
-4.61948E-09,-1.4974632E-01
-4.56948E-09,-1.4974632E-01
-4.51948E-09,-1.4974632E-01
-4.46948E-09,-1.4979903E-01
-4.41948E-09,-1.4979903E-01
-4.36948E-09,-1.4979903E-01
-4.31948E-09,-1.4979903E-01
-4.26948E-09,-1.4985173E-01
-4.21948E-09,-1.4985173E-01
-4.16948E-09,-1.4985173E-01
-4.11948E-09,-1.4985173E-01
-4.06948E-09,-1.4979903E-01
-4.01948E-09,-1.4979903E-01
-3.96948E-09,-1.4979903E-01
-3.91948E-09,-1.4979903E-01
-3.86948E-09,-1.4979903E-01
-3.81948E-09,-1.4974632E-01
-3.76948E-09,-1.4974632E-01
-3.71948E-09,-1.4974632E-01
-3.66948E-09,-1.4969361E-01
-3.61948E-09,-1.4969361E-01
-3.56948E-09,-1.4964090E-01
-3.51948E-09,-1.4964090E-01
-3.46948E-09,-1.4964090E-01
-3.41948E-09,-1.4958819E-01
-3.36948E-09,-1.4958819E-01
-3.31948E-09,-1.4958819E-01
-3.26948E-09,-1.4958819E-01
-3.21948E-09,-1.4958819E-01
-3.16948E-09,-1.4958819E-01
-3.11948E-09,-1.4953548E-01
-3.06948E-09,-1.4953548E-01
-3.01948E-09,-1.4958819E-01
-2.96948E-09,-1.4958819E-01
-2.91948E-09,-1.4958819E-01
-2.86948E-09,-1.4958819E-01
-2.81948E-09,-1.4964090E-01
-2.76948E-09,-1.4964090E-01
-2.71948E-09,-1.4964090E-01
-2.66948E-09,-1.4969361E-01
-2.61948E-09,-1.4974632E-01
-2.56948E-09,-1.4974632E-01
-2.51948E-09,-1.4979903E-01
-2.46948E-09,-1.4985173E-01
-2.41948E-09,-1.4990444E-01
-2.36948E-09,-1.4990444E-01
-2.31948E-09,-1.4995715E-01
-2.26948E-09,-1.5000986E-01
-2.21948E-09,-1.5006257E-01
-2.16948E-09,-1.5011528E-01
-2.11948E-09,-1.5016799E-01
-2.06948E-09,-1.5016799E-01
-2.01948E-09,-1.5022070E-01
-1.96948E-09,-1.5027341E-01
-1.91948E-09,-1.5032612E-01
-1.86948E-09,-1.5032612E-01
-1.81948E-09,-1.5037883E-01
-1.76948E-09,-1.5037883E-01
-1.71948E-09,-1.5043153E-01
-1.66948E-09,-1.5043153E-01
-1.61948E-09,-1.5043153E-01
-1.56948E-09,-1.5043153E-01
-1.51948E-09,-1.5043153E-01
-1.46948E-09,-1.5043153E-01
-1.41948E-09,-1.5043153E-01
-1.36948E-09,-1.5043153E-01
-1.31948E-09,-1.5037883E-01
-1.26948E-09,-1.5037883E-01
-1.21948E-09,-1.5032612E-01
-1.16948E-09,-1.5027341E-01
-1.11948E-09,-1.5022070E-01
-1.06948E-09,-1.5016799E-01
-1.01948E-09,-1.5011528E-01
-9.6948E-10,-1.5006257E-01
-9.1948E-10,-1.5000986E-01
-8.6948E-10,-1.4995715E-01
-8.1948E-10,-1.4990444E-01
-7.6948E-10,-1.4985173E-01
-7.1948E-10,-1.4979903E-01
-6.6948E-10,-1.4969361E-01
-6.1948E-10,-1.4964090E-01
-5.6948E-10,-1.4958819E-01
-5.1948E-10,-1.4953548E-01
-4.6948E-10,-1.4948277E-01
-4.1948E-10,-1.4943006E-01
-3.6948E-10,-1.4937735E-01
-3.1948E-10,-1.4937735E-01
-2.6948E-10,-1.4932464E-01
-2.1948E-10,-1.4932464E-01
-1.6948E-10,-1.4927194E-01
-1.1948E-10,-1.4927194E-01
-6.948E-11,-1.4927194E-01
-1.948E-11,-1.4927194E-01
3.052E-11,-1.4927194E-01
8.052E-11,-1.4927194E-01
1.3052E-10,-1.4927194E-01
1.8052E-10,-1.4932464E-01
2.3052E-10,-1.4932464E-01
2.8052E-10,-1.4932464E-01
3.3052E-10,-1.4937735E-01
3.8052E-10,-1.4937735E-01
4.3052E-10,-1.4943006E-01
4.8052E-10,-1.4948277E-01
5.3052E-10,-1.4948277E-01
5.8052E-10,-1.4953548E-01
6.3052E-10,-1.4953548E-01
6.8052E-10,-1.4958819E-01
7.3052E-10,-1.4964090E-01
7.8052E-10,-1.4964090E-01
8.3052E-10,-1.4964090E-01
8.8052E-10,-1.4969361E-01
9.3052E-10,-1.4969361E-01
9.8052E-10,-1.4969361E-01
1.03052E-09,-1.4974632E-01
1.08052E-09,-1.4974632E-01
1.13052E-09,-1.4974632E-01
1.18052E-09,-1.4974632E-01
1.23052E-09,-1.4974632E-01
1.28052E-09,-1.4969361E-01
1.33052E-09,-1.4969361E-01
1.38052E-09,-1.4969361E-01
1.43052E-09,-1.4969361E-01
1.48052E-09,-1.4964090E-01
1.53052E-09,-1.4964090E-01
1.58052E-09,-1.4964090E-01
1.63052E-09,-1.4958819E-01
1.68052E-09,-1.4958819E-01
1.73052E-09,-1.4958819E-01
1.78052E-09,-1.4958819E-01
1.83052E-09,-1.4953548E-01
1.88052E-09,-1.4953548E-01
1.93052E-09,-1.4953548E-01
1.98052E-09,-1.4953548E-01
2.03052E-09,-1.4953548E-01
2.08052E-09,-1.4953548E-01
2.13052E-09,-1.4953548E-01
2.18052E-09,-1.4953548E-01
2.23052E-09,-1.4953548E-01
2.28052E-09,-1.4953548E-01
2.33052E-09,-1.4958819E-01
2.38052E-09,-1.4958819E-01
2.43052E-09,-1.4958819E-01
2.48052E-09,-1.4958819E-01
2.53052E-09,-1.4964090E-01
2.58052E-09,-1.4964090E-01
2.63052E-09,-1.4964090E-01
2.68052E-09,-1.4969361E-01
2.73052E-09,-1.4969361E-01
2.78052E-09,-1.4969361E-01
2.83052E-09,-1.4969361E-01
2.88052E-09,-1.4974632E-01
2.93052E-09,-1.4974632E-01
2.98052E-09,-1.4974632E-01
3.03052E-09,-1.4974632E-01
3.08052E-09,-1.4974632E-01
3.13052E-09,-1.4974632E-01
3.18052E-09,-1.4969361E-01
3.23052E-09,-1.4969361E-01
3.28052E-09,-1.4969361E-01
3.33052E-09,-1.4964090E-01
3.38052E-09,-1.4964090E-01
3.43052E-09,-1.4958819E-01
3.48052E-09,-1.4958819E-01
3.53052E-09,-1.4953548E-01
3.58052E-09,-1.4953548E-01
3.63052E-09,-1.4948277E-01
3.68052E-09,-1.4943006E-01
3.73052E-09,-1.4943006E-01
3.78052E-09,-1.4937735E-01
3.83052E-09,-1.4937735E-01
3.88052E-09,-1.4932464E-01
3.93052E-09,-1.4932464E-01
3.98052E-09,-1.4927194E-01
4.03052E-09,-1.4927194E-01
4.08052E-09,-1.4927194E-01
4.13052E-09,-1.4927194E-01
4.18052E-09,-1.4927194E-01
4.23052E-09,-1.4921923E-01
4.28052E-09,-1.4921923E-01
4.33052E-09,-1.4927194E-01
4.38052E-09,-1.4927194E-01
4.43052E-09,-1.4927194E-01
4.48052E-09,-1.4927194E-01
4.53052E-09,-1.4932464E-01
4.58052E-09,-1.4932464E-01
4.63052E-09,-1.4932464E-01
4.68052E-09,-1.4937735E-01
4.73052E-09,-1.4937735E-01
4.78052E-09,-1.4943006E-01
4.83052E-09,-1.4943006E-01
4.88052E-09,-1.4948277E-01
4.93052E-09,-1.4953548E-01
4.98052E-09,-1.4953548E-01
5.03052E-09,-1.4958819E-01
5.08052E-09,-1.4958819E-01
5.13052E-09,-1.4964090E-01
5.18052E-09,-1.4964090E-01
5.23052E-09,-1.4969361E-01
5.28052E-09,-1.4969361E-01
5.33052E-09,-1.4974632E-01
5.38052E-09,-1.4974632E-01
5.43052E-09,-1.4974632E-01
5.48052E-09,-1.4979903E-01
5.53052E-09,-1.4979903E-01
5.58052E-09,-1.4979903E-01
5.63052E-09,-1.4979903E-01
5.68052E-09,-1.4985173E-01
5.73052E-09,-1.4985173E-01
5.78052E-09,-1.4985173E-01
5.83052E-09,-1.4985173E-01
5.88052E-09,-1.4985173E-01
5.93052E-09,-1.4985173E-01
5.98052E-09,-1.4990444E-01
6.03052E-09,-1.4990444E-01
6.08052E-09,-1.4990444E-01
6.13052E-09,-1.4990444E-01
6.18052E-09,-1.4990444E-01
6.23052E-09,-1.4990444E-01
6.28052E-09,-1.4995715E-01
6.33052E-09,-1.4995715E-01
6.38052E-09,-1.4995715E-01
6.43052E-09,-1.4995715E-01
6.48052E-09,-1.5000986E-01
6.53052E-09,-1.5000986E-01
6.58052E-09,-1.5000986E-01
6.63052E-09,-1.5006257E-01
6.68052E-09,-1.5006257E-01
6.73052E-09,-1.5006257E-01
6.78052E-09,-1.5011528E-01
6.83052E-09,-1.5011528E-01
6.88052E-09,-1.5011528E-01
6.93052E-09,-1.5016799E-01
6.98052E-09,-1.5016799E-01
7.03052E-09,-1.5016799E-01
7.08052E-09,-1.5022070E-01
7.13052E-09,-1.5022070E-01
7.18052E-09,-1.5022070E-01
7.23052E-09,-1.5022070E-01
7.28052E-09,-1.5022070E-01
7.33052E-09,-1.5022070E-01
7.38052E-09,-1.5022070E-01
7.43052E-09,-1.5022070E-01
7.48052E-09,-1.5022070E-01
7.53052E-09,-1.5022070E-01
7.58052E-09,-1.5022070E-01
7.63052E-09,-1.5022070E-01
7.68052E-09,-1.5022070E-01
7.73052E-09,-1.5022070E-01
7.78052E-09,-1.5022070E-01
7.83052E-09,-1.5022070E-01
7.88052E-09,-1.5022070E-01
7.93052E-09,-1.5016799E-01
7.98052E-09,-1.5016799E-01
8.03052E-09,-1.5016799E-01
8.08052E-09,-1.5016799E-01
8.13052E-09,-1.5016799E-01
8.18052E-09,-1.5016799E-01
8.23052E-09,-1.5016799E-01
8.28052E-09,-1.5016799E-01
8.33052E-09,-1.5016799E-01
8.38052E-09,-1.5016799E-01
8.43052E-09,-1.5016799E-01
8.48052E-09,-1.5022070E-01
8.53052E-09,-1.5022070E-01
8.58052E-09,-1.5022070E-01
8.63052E-09,-1.5022070E-01
8.68052E-09,-1.5022070E-01
8.73052E-09,-1.5027341E-01
8.78052E-09,-1.5027341E-01
8.83052E-09,-1.5027341E-01
8.88052E-09,-1.5027341E-01
8.93052E-09,-1.5027341E-01
8.98052E-09,-1.5027341E-01
9.03052E-09,-1.5027341E-01
9.08052E-09,-1.5027341E-01
9.13052E-09,-1.5027341E-01
9.18052E-09,-1.5027341E-01
9.23052E-09,-1.5027341E-01
9.28052E-09,-1.5027341E-01
9.33052E-09,-1.5027341E-01
9.38052E-09,-1.5027341E-01
9.43052E-09,-1.5022070E-01
9.48052E-09,-1.5022070E-01
9.53052E-09,-1.5016799E-01
9.58052E-09,-1.5016799E-01
9.63052E-09,-1.5011528E-01
9.68052E-09,-1.5006257E-01
9.73052E-09,-1.5000986E-01
9.78052E-09,-1.5000986E-01
9.83052E-09,-1.4995715E-01
9.88052E-09,-1.4990444E-01
9.93052E-09,-1.4985173E-01
9.98052E-09,-1.4979903E-01
1.003052E-08,-1.4974632E-01
1.008052E-08,-1.4969361E-01
1.013052E-08,-1.4969361E-01
1.018052E-08,-1.4964090E-01
1.023052E-08,-1.4958819E-01
1.028052E-08,-1.4953548E-01
1.033052E-08,-1.4948277E-01
1.038052E-08,-1.4948277E-01
1.043052E-08,-1.4943006E-01
1.048052E-08,-1.4943006E-01
1.053052E-08,-1.4943006E-01
1.058052E-08,-1.4937735E-01
1.063052E-08,-1.4937735E-01
1.068052E-08,-1.4937735E-01
1.073052E-08,-1.4943006E-01
1.078052E-08,-1.4943006E-01
1.083052E-08,-1.4943006E-01
1.088052E-08,-1.4948277E-01
1.093052E-08,-1.4948277E-01
1.098052E-08,-1.4953548E-01
1.103052E-08,-1.4958819E-01
1.108052E-08,-1.4958819E-01
1.113052E-08,-1.4964090E-01
1.118052E-08,-1.4969361E-01
1.123052E-08,-1.4974632E-01
1.128052E-08,-1.4979903E-01
1.133052E-08,-1.4985173E-01
1.138052E-08,-1.4990444E-01
1.143052E-08,-1.4995715E-01
1.148052E-08,-1.5000986E-01
1.153052E-08,-1.5006257E-01
1.158052E-08,-1.5006257E-01
1.163052E-08,-1.5011528E-01
1.168052E-08,-1.5011528E-01
1.173052E-08,-1.5016799E-01
1.178052E-08,-1.5016799E-01
1.183052E-08,-1.5016799E-01
1.188052E-08,-1.5016799E-01
1.193052E-08,-1.5016799E-01
1.198052E-08,-1.5016799E-01
1.203052E-08,-1.5016799E-01
1.208052E-08,-1.5011528E-01
1.213052E-08,-1.5011528E-01
1.218052E-08,-1.5006257E-01
1.223052E-08,-1.5006257E-01
1.228052E-08,-1.5000986E-01
1.233052E-08,-1.4995715E-01
1.238052E-08,-1.4990444E-01
1.243052E-08,-1.4985173E-01
1.248052E-08,-1.4979903E-01
1.253052E-08,-1.4974632E-01
1.258052E-08,-1.4969361E-01
1.263052E-08,-1.4964090E-01
1.268052E-08,-1.4958819E-01
1.273052E-08,-1.4953548E-01
1.278052E-08,-1.4948277E-01
1.283052E-08,-1.4948277E-01
1.288052E-08,-1.4943006E-01
1.293052E-08,-1.4937735E-01
1.298052E-08,-1.4937735E-01
1.303052E-08,-1.4932464E-01
1.308052E-08,-1.4932464E-01
1.313052E-08,-1.4932464E-01
1.318052E-08,-1.4927194E-01
1.323052E-08,-1.4927194E-01
1.328052E-08,-1.4927194E-01
1.333052E-08,-1.4932464E-01
1.338052E-08,-1.4932464E-01
1.343052E-08,-1.4932464E-01
1.348052E-08,-1.4937735E-01
1.353052E-08,-1.4937735E-01
1.358052E-08,-1.4943006E-01
1.363052E-08,-1.4943006E-01
1.368052E-08,-1.4948277E-01
1.373052E-08,-1.4948277E-01
1.378052E-08,-1.4953548E-01
1.383052E-08,-1.4958819E-01
1.388052E-08,-1.4958819E-01
1.393052E-08,-1.4964090E-01
1.398052E-08,-1.4964090E-01
1.403052E-08,-1.4969361E-01
1.408052E-08,-1.4969361E-01
1.413052E-08,-1.4974632E-01
1.418052E-08,-1.4974632E-01
1.423052E-08,-1.4974632E-01
1.428052E-08,-1.4979903E-01
1.433052E-08,-1.4979903E-01
1.438052E-08,-1.4979903E-01
1.443052E-08,-1.4979903E-01
1.448052E-08,-1.4979903E-01
1.453052E-08,-1.4979903E-01
1.458052E-08,-1.4974632E-01
1.463052E-08,-1.4974632E-01
1.468052E-08,-1.4974632E-01
1.473052E-08,-1.4974632E-01
1.478052E-08,-1.4969361E-01
1.483052E-08,-1.4969361E-01
1.488052E-08,-1.4969361E-01
1.493052E-08,-1.4969361E-01
1.498052E-08,-1.4964090E-01
1.503052E-08,-1.4964090E-01
1.508052E-08,-1.4964090E-01
1.513052E-08,-1.4964090E-01
1.518052E-08,-1.4964090E-01
1.523052E-08,-1.4958819E-01
1.528052E-08,-1.4958819E-01
1.533052E-08,-1.4958819E-01
1.538052E-08,-1.4964090E-01
1.543052E-08,-1.4964090E-01
1.548052E-08,-1.4964090E-01
1.553052E-08,-1.4964090E-01
1.558052E-08,-1.4964090E-01
1.563052E-08,-1.4969361E-01
1.568052E-08,-1.4969361E-01
1.573052E-08,-1.4969361E-01
1.578052E-08,-1.4969361E-01
1.583052E-08,-1.4974632E-01
1.588052E-08,-1.4974632E-01
1.593052E-08,-1.4974632E-01
1.598052E-08,-1.4979903E-01
1.603052E-08,-1.4979903E-01
1.608052E-08,-1.4979903E-01
1.613052E-08,-1.4979903E-01
1.618052E-08,-1.4979903E-01
1.623052E-08,-1.4979903E-01
1.628052E-08,-1.4979903E-01
1.633052E-08,-1.4979903E-01
1.638052E-08,-1.4979903E-01
1.643052E-08,-1.4974632E-01
1.648052E-08,-1.4974632E-01
1.653052E-08,-1.4974632E-01
1.658052E-08,-1.4969361E-01
1.663052E-08,-1.4969361E-01
1.668052E-08,-1.4964090E-01
1.673052E-08,-1.4958819E-01
1.678052E-08,-1.4958819E-01
1.683052E-08,-1.4953548E-01
1.688052E-08,-1.4948277E-01
1.693052E-08,-1.4943006E-01
1.698052E-08,-1.4943006E-01
1.703052E-08,-1.4937735E-01
1.708052E-08,-1.4932464E-01
1.713052E-08,-1.4927194E-01
1.718052E-08,-1.4927194E-01
1.723052E-08,-1.4921923E-01
1.728052E-08,-1.4916652E-01
1.733052E-08,-1.4916652E-01
1.738052E-08,-1.4911381E-01
1.743052E-08,-1.4911381E-01
1.748052E-08,-1.4911381E-01
1.753052E-08,-1.4906110E-01
1.758052E-08,-1.4906110E-01
1.763052E-08,-1.4906110E-01
1.768052E-08,-1.4906110E-01
1.773052E-08,-1.4906110E-01
1.778052E-08,-1.4906110E-01
1.783052E-08,-1.4906110E-01
1.788052E-08,-1.4906110E-01
1.793052E-08,-1.4906110E-01
1.798052E-08,-1.4911381E-01
1.803052E-08,-1.4911381E-01
1.808052E-08,-1.4916652E-01
1.813052E-08,-1.4916652E-01
1.818052E-08,-1.4916652E-01
1.823052E-08,-1.4921923E-01
1.828052E-08,-1.4921923E-01
1.833052E-08,-1.4927194E-01
1.838052E-08,-1.4927194E-01
1.843052E-08,-1.4932464E-01
1.848052E-08,-1.4932464E-01
1.853052E-08,-1.4937735E-01
1.858052E-08,-1.4937735E-01
1.863052E-08,-1.4943006E-01
1.868052E-08,-1.4943006E-01
1.873052E-08,-1.4943006E-01
1.878052E-08,-1.4948277E-01
1.883052E-08,-1.4948277E-01
1.888052E-08,-1.4948277E-01
1.893052E-08,-1.4948277E-01
1.898052E-08,-1.4948277E-01
1.903052E-08,-1.4953548E-01
1.908052E-08,-1.4953548E-01
1.913052E-08,-1.4953548E-01
1.918052E-08,-1.4953548E-01
1.923052E-08,-1.4953548E-01
1.928052E-08,-1.4953548E-01
1.933052E-08,-1.4953548E-01
1.938052E-08,-1.4958819E-01
1.943052E-08,-1.4958819E-01
1.948052E-08,-1.4958819E-01
1.953052E-08,-1.4958819E-01
1.958052E-08,-1.4958819E-01
1.963052E-08,-1.4958819E-01
1.968052E-08,-1.4964090E-01
1.973052E-08,-1.4964090E-01
1.978052E-08,-1.4964090E-01
1.983052E-08,-1.4964090E-01
1.988052E-08,-1.4969361E-01
1.993052E-08,-1.4969361E-01
1.998052E-08,-1.4969361E-01
2.003052E-08,-1.4974632E-01
2.008052E-08,-1.4974632E-01
2.013052E-08,-1.4974632E-01
2.018052E-08,-1.4974632E-01
2.023052E-08,-1.4979903E-01
2.028052E-08,-1.4979903E-01
2.033052E-08,-1.4979903E-01
2.038052E-08,-1.4979903E-01
2.043052E-08,-1.4979903E-01
2.048052E-08,-1.4979903E-01
2.053052E-08,-1.4979903E-01
2.058052E-08,-1.4979903E-01
2.063052E-08,-1.4979903E-01
2.068052E-08,-1.4979903E-01
2.073052E-08,-1.4979903E-01
2.078052E-08,-1.4974632E-01
2.083052E-08,-1.4974632E-01
2.088052E-08,-1.4974632E-01
2.093052E-08,-1.4969361E-01
2.098052E-08,-1.4969361E-01
2.103052E-08,-1.4964090E-01
2.108052E-08,-1.4964090E-01
2.113052E-08,-1.4964090E-01
2.118052E-08,-1.4958819E-01
2.123052E-08,-1.4953548E-01
2.128052E-08,-1.4953548E-01
2.133052E-08,-1.4948277E-01
2.138052E-08,-1.4948277E-01
2.143052E-08,-1.4943006E-01
2.148052E-08,-1.4943006E-01
2.153052E-08,-1.4943006E-01
2.158052E-08,-1.4937735E-01
2.163052E-08,-1.4937735E-01
2.168052E-08,-1.4937735E-01
2.173052E-08,-1.4937735E-01
2.178052E-08,-1.4937735E-01
2.183052E-08,-1.4937735E-01
2.188052E-08,-1.4937735E-01
2.193052E-08,-1.4937735E-01
2.198052E-08,-1.4937735E-01
2.203052E-08,-1.4937735E-01
2.208052E-08,-1.4943006E-01
2.213052E-08,-1.4943006E-01
2.218052E-08,-1.4948277E-01
2.223052E-08,-1.4948277E-01
2.228052E-08,-1.4953548E-01
2.233052E-08,-1.4958819E-01
2.238052E-08,-1.4958819E-01
2.243052E-08,-1.4964090E-01
2.248052E-08,-1.4969361E-01
2.253052E-08,-1.4969361E-01
2.258052E-08,-1.4974632E-01
2.263052E-08,-1.4979903E-01
2.268052E-08,-1.4979903E-01
2.273052E-08,-1.4985173E-01
2.278052E-08,-1.4990444E-01
2.283052E-08,-1.4990444E-01
2.288052E-08,-1.4995715E-01
2.293052E-08,-1.4995715E-01
2.298052E-08,-1.5000986E-01
2.303052E-08,-1.5000986E-01
2.308052E-08,-1.5000986E-01
2.313052E-08,-1.5000986E-01
2.318052E-08,-1.5000986E-01
2.323052E-08,-1.5000986E-01
2.328052E-08,-1.5000986E-01
2.333052E-08,-1.5000986E-01
2.338052E-08,-1.5000986E-01
2.343052E-08,-1.4995715E-01
2.348052E-08,-1.4995715E-01
2.353052E-08,-1.4995715E-01
2.358052E-08,-1.4990444E-01
2.363052E-08,-1.4990444E-01
2.368052E-08,-1.4985173E-01
2.373052E-08,-1.4985173E-01
2.378052E-08,-1.4979903E-01
2.383052E-08,-1.4974632E-01
2.388052E-08,-1.4974632E-01
2.393052E-08,-1.4969361E-01
2.398052E-08,-1.4964090E-01
2.403052E-08,-1.4964090E-01
2.408052E-08,-1.4958819E-01
2.413052E-08,-1.4958819E-01
2.418052E-08,-1.4953548E-01
2.423052E-08,-1.4948277E-01
2.428052E-08,-1.4948277E-01
2.433052E-08,-1.4943006E-01
2.438052E-08,-1.4943006E-01
2.443052E-08,-1.4937735E-01
2.448052E-08,-1.4937735E-01
2.453052E-08,-1.4932464E-01
2.458052E-08,-1.4932464E-01
2.463052E-08,-1.4927194E-01
2.468052E-08,-1.4927194E-01
2.473052E-08,-1.4927194E-01
2.478052E-08,-1.4921923E-01
2.483052E-08,-1.4921923E-01
2.488052E-08,-1.4921923E-01
2.493052E-08,-1.4916652E-01
2.498052E-08,-1.4916652E-01
2.503052E-08,-1.4916652E-01
2.508052E-08,-1.4916652E-01
2.513052E-08,-1.4911381E-01
2.518052E-08,-1.4911381E-01
2.523052E-08,-1.4911381E-01
2.528052E-08,-1.4911381E-01
2.533052E-08,-1.4911381E-01
2.538052E-08,-1.4911381E-01
2.543052E-08,-1.4911381E-01
2.548052E-08,-1.4911381E-01
2.553052E-08,-1.4911381E-01
2.558052E-08,-1.4911381E-01
2.563052E-08,-1.4916652E-01
2.568052E-08,-1.4916652E-01
2.573052E-08,-1.4916652E-01
2.578052E-08,-1.4921923E-01
2.583052E-08,-1.4921923E-01
2.588052E-08,-1.4927194E-01
2.593052E-08,-1.4927194E-01
2.598052E-08,-1.4932464E-01
2.603052E-08,-1.4932464E-01
2.608052E-08,-1.4937735E-01
2.613052E-08,-1.4943006E-01
2.618052E-08,-1.4948277E-01
2.623052E-08,-1.4948277E-01
2.628052E-08,-1.4953548E-01
2.633052E-08,-1.4958819E-01
2.638052E-08,-1.4964090E-01
2.643052E-08,-1.4969361E-01
2.648052E-08,-1.4969361E-01
2.653052E-08,-1.4974632E-01
2.658052E-08,-1.4979903E-01
2.663052E-08,-1.4985173E-01
2.668052E-08,-1.4985173E-01
2.673052E-08,-1.4990444E-01
2.678052E-08,-1.4990444E-01
2.683052E-08,-1.4995715E-01
2.688052E-08,-1.4995715E-01
2.693052E-08,-1.4995715E-01
2.698052E-08,-1.4995715E-01
2.703052E-08,-1.4995715E-01
2.708052E-08,-1.4995715E-01
2.713052E-08,-1.4990444E-01
2.718052E-08,-1.4990444E-01
2.723052E-08,-1.4990444E-01
2.728052E-08,-1.4985173E-01
2.733052E-08,-1.4979903E-01
2.738052E-08,-1.4974632E-01
2.743052E-08,-1.4974632E-01
2.748052E-08,-1.4969361E-01
2.753052E-08,-1.4964090E-01
2.758052E-08,-1.4958819E-01
2.763052E-08,-1.4953548E-01
2.768052E-08,-1.4948277E-01
2.773052E-08,-1.4943006E-01
2.778052E-08,-1.4937735E-01
2.783052E-08,-1.4937735E-01
2.788052E-08,-1.4932464E-01
2.793052E-08,-1.4927194E-01
2.798052E-08,-1.4927194E-01
2.803052E-08,-1.4921923E-01
2.808052E-08,-1.4921923E-01
2.813052E-08,-1.4921923E-01
2.818052E-08,-1.4921923E-01
2.823052E-08,-1.4921923E-01
2.828052E-08,-1.4927194E-01
2.833052E-08,-1.4927194E-01
2.838052E-08,-1.4932464E-01
2.843052E-08,-1.4932464E-01
2.848052E-08,-1.4937735E-01
2.853052E-08,-1.4943006E-01
2.858052E-08,-1.4948277E-01
2.863052E-08,-1.4958819E-01
2.868052E-08,-1.4964090E-01
2.873052E-08,-1.4969361E-01
2.878052E-08,-1.4974632E-01
2.883052E-08,-1.4985173E-01
2.888052E-08,-1.4990444E-01
2.893052E-08,-1.4995715E-01
2.898052E-08,-1.5000986E-01
2.903052E-08,-1.5011528E-01
2.908052E-08,-1.5016799E-01
2.913052E-08,-1.5022070E-01
2.918052E-08,-1.5022070E-01
2.923052E-08,-1.5027341E-01
2.928052E-08,-1.5032612E-01
2.933052E-08,-1.5032612E-01
2.938052E-08,-1.5037883E-01
2.943052E-08,-1.5037883E-01
2.948052E-08,-1.5037883E-01
2.953052E-08,-1.5037883E-01
2.958052E-08,-1.5032612E-01
2.963052E-08,-1.5032612E-01
2.968052E-08,-1.5027341E-01
2.973052E-08,-1.5027341E-01
2.978052E-08,-1.5022070E-01
2.983052E-08,-1.5016799E-01
2.988052E-08,-1.5011528E-01
2.993052E-08,-1.5006257E-01
2.998052E-08,-1.5000986E-01
3.003052E-08,-1.4995715E-01
3.008052E-08,-1.4985173E-01
3.013052E-08,-1.4979903E-01
3.018052E-08,-1.4974632E-01
3.023052E-08,-1.4969361E-01
3.028052E-08,-1.4964090E-01
3.033052E-08,-1.4958819E-01
3.038052E-08,-1.4953548E-01
3.043052E-08,-1.4948277E-01
3.048052E-08,-1.4943006E-01
3.053052E-08,-1.4943006E-01
3.058052E-08,-1.4937735E-01
3.063052E-08,-1.4937735E-01
3.068052E-08,-1.4937735E-01
3.073052E-08,-1.4932464E-01
3.078052E-08,-1.4932464E-01
3.083052E-08,-1.4932464E-01
3.088052E-08,-1.4932464E-01
3.093052E-08,-1.4932464E-01
3.098052E-08,-1.4932464E-01
3.103052E-08,-1.4937735E-01
3.108052E-08,-1.4937735E-01
3.113052E-08,-1.4937735E-01
3.118052E-08,-1.4943006E-01
3.123052E-08,-1.4943006E-01
3.128052E-08,-1.4943006E-01
3.133052E-08,-1.4943006E-01
3.138052E-08,-1.4948277E-01
3.143052E-08,-1.4948277E-01
3.148052E-08,-1.4948277E-01
3.153052E-08,-1.4948277E-01
3.158052E-08,-1.4948277E-01
3.163052E-08,-1.4948277E-01
3.168052E-08,-1.4948277E-01
3.173052E-08,-1.4943006E-01
3.178052E-08,-1.4943006E-01
3.183052E-08,-1.4943006E-01
3.188052E-08,-1.4937735E-01
3.193052E-08,-1.4937735E-01
3.198052E-08,-1.4932464E-01
3.203052E-08,-1.4932464E-01
3.208052E-08,-1.4927194E-01
3.213052E-08,-1.4927194E-01
3.218052E-08,-1.4921923E-01
3.223052E-08,-1.4916652E-01
3.228052E-08,-1.4916652E-01
3.233052E-08,-1.4911381E-01
3.238052E-08,-1.4911381E-01
3.243052E-08,-1.4906110E-01
3.248052E-08,-1.4906110E-01
3.253052E-08,-1.4906110E-01
3.258052E-08,-1.4900839E-01
3.263052E-08,-1.4900839E-01
3.268052E-08,-1.4900839E-01
3.273052E-08,-1.4900839E-01
3.278052E-08,-1.4900839E-01
3.283052E-08,-1.4900839E-01
3.288052E-08,-1.4906110E-01
3.293052E-08,-1.4906110E-01
3.298052E-08,-1.4906110E-01
3.303052E-08,-1.4911381E-01
3.308052E-08,-1.4911381E-01
3.313052E-08,-1.4916652E-01
3.318052E-08,-1.4916652E-01
3.323052E-08,-1.4921923E-01
3.328052E-08,-1.4921923E-01
3.333052E-08,-1.4927194E-01
3.338052E-08,-1.4932464E-01
3.343052E-08,-1.4932464E-01
3.348052E-08,-1.4937735E-01
3.353052E-08,-1.4943006E-01
3.358052E-08,-1.4943006E-01
3.363052E-08,-1.4948277E-01
3.368052E-08,-1.4948277E-01
3.373052E-08,-1.4953548E-01
3.378052E-08,-1.4953548E-01
3.383052E-08,-1.4958819E-01
3.388052E-08,-1.4958819E-01
3.393052E-08,-1.4958819E-01
3.398052E-08,-1.4958819E-01
3.403052E-08,-1.4958819E-01
3.408052E-08,-1.4964090E-01
3.413052E-08,-1.4964090E-01
3.418052E-08,-1.4964090E-01
3.423052E-08,-1.4958819E-01
3.428052E-08,-1.4958819E-01
3.433052E-08,-1.4958819E-01
3.438052E-08,-1.4958819E-01
3.443052E-08,-1.4958819E-01
3.448052E-08,-1.4958819E-01
3.453052E-08,-1.4958819E-01
3.458052E-08,-1.4953548E-01
3.463052E-08,-1.4953548E-01
3.468052E-08,-1.4953548E-01
3.473052E-08,-1.4953548E-01
3.478052E-08,-1.4953548E-01
3.483052E-08,-1.4953548E-01
3.488052E-08,-1.4948277E-01
3.493052E-08,-1.4948277E-01
3.498052E-08,-1.4948277E-01
3.503052E-08,-1.4948277E-01
3.508052E-08,-1.4948277E-01
3.513052E-08,-1.4953548E-01
3.518052E-08,-1.4953548E-01
3.523052E-08,-1.4953548E-01
3.528052E-08,-1.4953548E-01
3.533052E-08,-1.4953548E-01
3.538052E-08,-1.4958819E-01
3.543052E-08,-1.4958819E-01
3.548052E-08,-1.4958819E-01
3.553052E-08,-1.4964090E-01
3.558052E-08,-1.4964090E-01
3.563052E-08,-1.4964090E-01
3.568052E-08,-1.4969361E-01
3.573052E-08,-1.4969361E-01
3.578052E-08,-1.4969361E-01
3.583052E-08,-1.4969361E-01
3.588052E-08,-1.4974632E-01
3.593052E-08,-1.4974632E-01
3.598052E-08,-1.4974632E-01
3.603052E-08,-1.4974632E-01
3.608052E-08,-1.4974632E-01
3.613052E-08,-1.4974632E-01
3.618052E-08,-1.4974632E-01
3.623052E-08,-1.4974632E-01
3.628052E-08,-1.4974632E-01
3.633052E-08,-1.4974632E-01
3.638052E-08,-1.4974632E-01
3.643052E-08,-1.4974632E-01
3.648052E-08,-1.4969361E-01
3.653052E-08,-1.4969361E-01
3.658052E-08,-1.4969361E-01
3.663052E-08,-1.4969361E-01
3.668052E-08,-1.4964090E-01
3.673052E-08,-1.4964090E-01
3.678052E-08,-1.4964090E-01
3.683052E-08,-1.4964090E-01
3.688052E-08,-1.4958819E-01
3.693052E-08,-1.4958819E-01
3.698052E-08,-1.4958819E-01
3.703052E-08,-1.4958819E-01
3.708052E-08,-1.4958819E-01
3.713052E-08,-1.4953548E-01
3.718052E-08,-1.4953548E-01
3.723052E-08,-1.4953548E-01
3.728052E-08,-1.4953548E-01
3.733052E-08,-1.4953548E-01
3.738052E-08,-1.4958819E-01
3.743052E-08,-1.4958819E-01
3.748052E-08,-1.4958819E-01
3.753052E-08,-1.4958819E-01
3.758052E-08,-1.4964090E-01
3.763052E-08,-1.4964090E-01
3.768052E-08,-1.4964090E-01
3.773052E-08,-1.4969361E-01
3.778052E-08,-1.4969361E-01
3.783052E-08,-1.4974632E-01
3.788052E-08,-1.4974632E-01
3.793052E-08,-1.4979903E-01
3.798052E-08,-1.4979903E-01
3.803052E-08,-1.4985173E-01
3.808052E-08,-1.4985173E-01
3.813052E-08,-1.4990444E-01
3.818052E-08,-1.4990444E-01
3.823052E-08,-1.4990444E-01
3.828052E-08,-1.4995715E-01
3.833052E-08,-1.4995715E-01
3.838052E-08,-1.4995715E-01
3.843052E-08,-1.5000986E-01
3.848052E-08,-1.5000986E-01
3.853052E-08,-1.5000986E-01
3.858052E-08,-1.5000986E-01
3.863052E-08,-1.5000986E-01
3.868052E-08,-1.5000986E-01
3.873052E-08,-1.5000986E-01
3.878052E-08,-1.5000986E-01
3.883052E-08,-1.5000986E-01
3.888052E-08,-1.5000986E-01
3.893052E-08,-1.5000986E-01
3.898052E-08,-1.5000986E-01
3.903052E-08,-1.5000986E-01
3.908052E-08,-1.4995715E-01
3.913052E-08,-1.4995715E-01
3.918052E-08,-1.4995715E-01
3.923052E-08,-1.4995715E-01
3.928052E-08,-1.4995715E-01
3.933052E-08,-1.4995715E-01
3.938052E-08,-1.4995715E-01
3.943052E-08,-1.4995715E-01
3.948052E-08,-1.4995715E-01
3.953052E-08,-1.4995715E-01
3.958052E-08,-1.4995715E-01
3.963052E-08,-1.4995715E-01
3.968052E-08,-1.4995715E-01
3.973052E-08,-1.4995715E-01
3.978052E-08,-1.5000986E-01
3.983052E-08,-1.5000986E-01
3.988052E-08,-1.5000986E-01
3.993052E-08,-1.5000986E-01
3.998052E-08,-1.5000986E-01
4.003052E-08,-1.5000986E-01
4.008052E-08,-1.5000986E-01
4.013052E-08,-1.5000986E-01
4.018052E-08,-1.5000986E-01
4.023052E-08,-1.5000986E-01
4.028052E-08,-1.5000986E-01
4.033052E-08,-1.5000986E-01
4.038052E-08,-1.5000986E-01
4.043052E-08,-1.5000986E-01
4.048052E-08,-1.5000986E-01
4.053052E-08,-1.5000986E-01
4.058052E-08,-1.4995715E-01
4.063052E-08,-1.4995715E-01
4.068052E-08,-1.4995715E-01
4.073052E-08,-1.4995715E-01
4.078052E-08,-1.4990444E-01
4.083052E-08,-1.4990444E-01
4.088052E-08,-1.4990444E-01
4.093052E-08,-1.4985173E-01
4.098052E-08,-1.4985173E-01
4.103052E-08,-1.4979903E-01
4.108052E-08,-1.4979903E-01
4.113052E-08,-1.4979903E-01
4.118052E-08,-1.4974632E-01
4.123052E-08,-1.4974632E-01
4.128052E-08,-1.4974632E-01
4.133052E-08,-1.4974632E-01
4.138052E-08,-1.4974632E-01
4.143052E-08,-1.4974632E-01
4.148052E-08,-1.4969361E-01
4.153052E-08,-1.4969361E-01
4.158052E-08,-1.4969361E-01
4.163052E-08,-1.4969361E-01
4.168052E-08,-1.4974632E-01
4.173052E-08,-1.4974632E-01
4.178052E-08,-1.4974632E-01
4.183052E-08,-1.4974632E-01
4.188052E-08,-1.4974632E-01
4.193052E-08,-1.4974632E-01
4.198052E-08,-1.4974632E-01
4.203052E-08,-1.4974632E-01
4.208052E-08,-1.4974632E-01
4.213052E-08,-1.4974632E-01
4.218052E-08,-1.4974632E-01
4.223052E-08,-1.4974632E-01
4.228052E-08,-1.4974632E-01
4.233052E-08,-1.4974632E-01
4.238052E-08,-1.4969361E-01
4.243052E-08,-1.4969361E-01
4.248052E-08,-1.4964090E-01
4.253052E-08,-1.4964090E-01
4.258052E-08,-1.4958819E-01
4.263052E-08,-1.4958819E-01
4.268052E-08,-1.4953548E-01
4.273052E-08,-1.4948277E-01
4.278052E-08,-1.4943006E-01
4.283052E-08,-1.4943006E-01
4.288052E-08,-1.4937735E-01
4.293052E-08,-1.4932464E-01
4.298052E-08,-1.4927194E-01
4.303052E-08,-1.4921923E-01
4.308052E-08,-1.4916652E-01
4.313052E-08,-1.4916652E-01
4.318052E-08,-1.4911381E-01
4.323052E-08,-1.4906110E-01
4.328052E-08,-1.4906110E-01
4.333052E-08,-1.4900839E-01
4.338052E-08,-1.4900839E-01
4.343052E-08,-1.4895568E-01
4.348052E-08,-1.4895568E-01
4.353052E-08,-1.4895568E-01
4.358052E-08,-1.4895568E-01
4.363052E-08,-1.4895568E-01
4.368052E-08,-1.4895568E-01
4.373052E-08,-1.4895568E-01
4.378052E-08,-1.4895568E-01
4.383052E-08,-1.4900839E-01
4.388052E-08,-1.4900839E-01
4.393052E-08,-1.4906110E-01
4.398052E-08,-1.4906110E-01
4.403052E-08,-1.4911381E-01
4.408052E-08,-1.4911381E-01
4.413052E-08,-1.4916652E-01
4.418052E-08,-1.4921923E-01
4.423052E-08,-1.4921923E-01
4.428052E-08,-1.4927194E-01
4.433052E-08,-1.4927194E-01
4.438052E-08,-1.4932464E-01
4.443052E-08,-1.4932464E-01
4.448052E-08,-1.4937735E-01
4.453052E-08,-1.4937735E-01
4.458052E-08,-1.4937735E-01
4.463052E-08,-1.4943006E-01
4.468052E-08,-1.4943006E-01
4.473052E-08,-1.4943006E-01
4.478052E-08,-1.4943006E-01
4.483052E-08,-1.4943006E-01
4.488052E-08,-1.4943006E-01
4.493052E-08,-1.4943006E-01
4.498052E-08,-1.4943006E-01
4.503052E-08,-1.4943006E-01
4.508052E-08,-1.4943006E-01
4.513052E-08,-1.4943006E-01
4.518052E-08,-1.4943006E-01
4.523052E-08,-1.4943006E-01
4.528052E-08,-1.4943006E-01
4.533052E-08,-1.4943006E-01
4.538052E-08,-1.4948277E-01
4.543052E-08,-1.4948277E-01
4.548052E-08,-1.4948277E-01
4.553052E-08,-1.4953548E-01
4.558052E-08,-1.4953548E-01
4.563052E-08,-1.4958819E-01
4.568052E-08,-1.4964090E-01
4.573052E-08,-1.4964090E-01
4.578052E-08,-1.4969361E-01
4.583052E-08,-1.4974632E-01
4.588052E-08,-1.4979903E-01
4.593052E-08,-1.4985173E-01
4.598052E-08,-1.4990444E-01
4.603052E-08,-1.4995715E-01
4.608052E-08,-1.5000986E-01
4.613052E-08,-1.5006257E-01
4.618052E-08,-1.5011528E-01
4.623052E-08,-1.5016799E-01
4.628052E-08,-1.5022070E-01
4.633052E-08,-1.5027341E-01
4.638052E-08,-1.5032612E-01
4.643052E-08,-1.5037883E-01
4.648052E-08,-1.5043153E-01
4.653052E-08,-1.5043153E-01
4.658052E-08,-1.5048424E-01
4.663052E-08,-1.5048424E-01
4.668052E-08,-1.5053695E-01
4.673052E-08,-1.5053695E-01
4.678052E-08,-1.5053695E-01
4.683052E-08,-1.5053695E-01
4.688052E-08,-1.5053695E-01
4.693052E-08,-1.5048424E-01
4.698052E-08,-1.5048424E-01
4.703052E-08,-1.5043153E-01
4.708052E-08,-1.5037883E-01
4.713052E-08,-1.5037883E-01
4.718052E-08,-1.5032612E-01
4.723052E-08,-1.5027341E-01
4.728052E-08,-1.5022070E-01
4.733052E-08,-1.5016799E-01
4.738052E-08,-1.5011528E-01
4.743052E-08,-1.5006257E-01
4.748052E-08,-1.5000986E-01
4.753052E-08,-1.4995715E-01
4.758052E-08,-1.4990444E-01
4.763052E-08,-1.4985173E-01
4.768052E-08,-1.4979903E-01
4.773052E-08,-1.4974632E-01
4.778052E-08,-1.4969361E-01
4.783052E-08,-1.4964090E-01
4.788052E-08,-1.4958819E-01
4.793052E-08,-1.4958819E-01
4.798052E-08,-1.4953548E-01
4.803052E-08,-1.4948277E-01
4.808052E-08,-1.4948277E-01
4.813052E-08,-1.4948277E-01
4.818052E-08,-1.4943006E-01
4.823052E-08,-1.4943006E-01
4.828052E-08,-1.4943006E-01
4.833052E-08,-1.4943006E-01
4.838052E-08,-1.4943006E-01
4.843052E-08,-1.4943006E-01
4.848052E-08,-1.4937735E-01
4.853052E-08,-1.4937735E-01
4.858052E-08,-1.4943006E-01
4.863052E-08,-1.4943006E-01
4.868052E-08,-1.4943006E-01
4.873052E-08,-1.4943006E-01
4.878052E-08,-1.4943006E-01
4.883052E-08,-1.4943006E-01
4.888052E-08,-1.4943006E-01
4.893052E-08,-1.4943006E-01
4.898052E-08,-1.4943006E-01
4.903052E-08,-1.4943006E-01
4.908052E-08,-1.4943006E-01
4.913052E-08,-1.4943006E-01
4.918052E-08,-1.4943006E-01
4.923052E-08,-1.4943006E-01
4.928052E-08,-1.4943006E-01
4.933052E-08,-1.4943006E-01
4.938052E-08,-1.4943006E-01
4.943052E-08,-1.4943006E-01
4.948052E-08,-1.4943006E-01
4.953052E-08,-1.4943006E-01
4.958052E-08,-1.4937735E-01
4.963052E-08,-1.4937735E-01
4.968052E-08,-1.4937735E-01
4.973052E-08,-1.4937735E-01
4.978052E-08,-1.4932464E-01
4.983052E-08,-1.4932464E-01
4.988052E-08,-1.4932464E-01
4.993052E-08,-1.4927194E-01
4.998052E-08,-1.4927194E-01
5.003052E-08,-1.4927194E-01
5.008052E-08,-1.4921923E-01
5.013052E-08,-1.4921923E-01
5.018052E-08,-1.4921923E-01
5.023052E-08,-1.4916652E-01
5.028052E-08,-1.4916652E-01
5.033052E-08,-1.4911381E-01
5.038052E-08,-1.4911381E-01
5.043052E-08,-1.4911381E-01
5.048052E-08,-1.4906110E-01
5.053052E-08,-1.4906110E-01
5.058052E-08,-1.4906110E-01
5.063052E-08,-1.4906110E-01
5.068052E-08,-1.4900839E-01
5.073052E-08,-1.4900839E-01
5.078052E-08,-1.4900839E-01
5.083052E-08,-1.4900839E-01
5.088052E-08,-1.4900839E-01
5.093052E-08,-1.4900839E-01
5.098052E-08,-1.4900839E-01
5.103052E-08,-1.4906110E-01
5.108052E-08,-1.4906110E-01
5.113052E-08,-1.4906110E-01
5.118052E-08,-1.4906110E-01
5.123052E-08,-1.4911381E-01
5.128052E-08,-1.4911381E-01
5.133052E-08,-1.4916652E-01
5.138052E-08,-1.4916652E-01
5.143052E-08,-1.4921923E-01
5.148052E-08,-1.4927194E-01
5.153052E-08,-1.4927194E-01
5.158052E-08,-1.4932464E-01
5.163052E-08,-1.4937735E-01
5.168052E-08,-1.4937735E-01
5.173052E-08,-1.4943006E-01
5.178052E-08,-1.4948277E-01
5.183052E-08,-1.4948277E-01
5.188052E-08,-1.4953548E-01
5.193052E-08,-1.4958819E-01
5.198052E-08,-1.4958819E-01
5.203052E-08,-1.4964090E-01
5.208052E-08,-1.4964090E-01
5.213052E-08,-1.4964090E-01
5.218052E-08,-1.4969361E-01
5.223052E-08,-1.4969361E-01
5.228052E-08,-1.4969361E-01
5.233052E-08,-1.4969361E-01
5.238052E-08,-1.4969361E-01
5.243052E-08,-1.4969361E-01
5.248052E-08,-1.4969361E-01
5.253052E-08,-1.4964090E-01
5.258052E-08,-1.4964090E-01
5.263052E-08,-1.4964090E-01
5.268052E-08,-1.4958819E-01
5.273052E-08,-1.4958819E-01
5.278052E-08,-1.4953548E-01
5.283052E-08,-1.4953548E-01
5.288052E-08,-1.4948277E-01
5.293052E-08,-1.4943006E-01
5.298052E-08,-1.4943006E-01
5.303052E-08,-1.4937735E-01
5.308052E-08,-1.4937735E-01
5.313052E-08,-1.4937735E-01
5.318052E-08,-1.4932464E-01
5.323052E-08,-1.4932464E-01
5.328052E-08,-1.4932464E-01
5.333052E-08,-1.4932464E-01
5.338052E-08,-1.4932464E-01
5.343052E-08,-1.4932464E-01
5.348052E-08,-1.4932464E-01
5.353052E-08,-1.4937735E-01
5.358052E-08,-1.4937735E-01
5.363052E-08,-1.4943006E-01
5.368052E-08,-1.4948277E-01
5.373052E-08,-1.4953548E-01
5.378052E-08,-1.4958819E-01
5.383052E-08,-1.4964090E-01
5.388052E-08,-1.4969361E-01
5.393052E-08,-1.4974632E-01
5.398052E-08,-1.4979903E-01
5.403052E-08,-1.4990444E-01
5.408052E-08,-1.4995715E-01
5.413052E-08,-1.5000986E-01
5.418052E-08,-1.5011528E-01
5.423052E-08,-1.5016799E-01
5.428052E-08,-1.5022070E-01
5.433052E-08,-1.5027341E-01
5.438052E-08,-1.5037883E-01
5.443052E-08,-1.5043153E-01
5.448052E-08,-1.5048424E-01
5.453052E-08,-1.5048424E-01
5.458052E-08,-1.5053695E-01
5.463052E-08,-1.5058966E-01
5.468052E-08,-1.5058966E-01
5.473052E-08,-1.5064237E-01
5.478052E-08,-1.5064237E-01
5.483052E-08,-1.5064237E-01
5.488052E-08,-1.5064237E-01
5.493052E-08,-1.5064237E-01
5.498052E-08,-1.5064237E-01
5.503052E-08,-1.5064237E-01
5.508052E-08,-1.5058966E-01
5.513052E-08,-1.5058966E-01
5.518052E-08,-1.5053695E-01
5.523052E-08,-1.5048424E-01
5.528052E-08,-1.5048424E-01
5.533052E-08,-1.5043153E-01
5.538052E-08,-1.5037883E-01
5.543052E-08,-1.5032612E-01
5.548052E-08,-1.5027341E-01
5.553052E-08,-1.5022070E-01
5.558052E-08,-1.5016799E-01
5.563052E-08,-1.5016799E-01
5.568052E-08,-1.5011528E-01
5.573052E-08,-1.5006257E-01
5.578052E-08,-1.5000986E-01
5.583052E-08,-1.4995715E-01
5.588052E-08,-1.4995715E-01
5.593052E-08,-1.4990444E-01
5.598052E-08,-1.4990444E-01
5.603052E-08,-1.4985173E-01
5.608052E-08,-1.4985173E-01
5.613052E-08,-1.4985173E-01
5.618052E-08,-1.4985173E-01
5.623052E-08,-1.4985173E-01
5.628052E-08,-1.4985173E-01
5.633052E-08,-1.4985173E-01
5.638052E-08,-1.4985173E-01
5.643052E-08,-1.4985173E-01
5.648052E-08,-1.4985173E-01
5.653052E-08,-1.4985173E-01
5.658052E-08,-1.4990444E-01
5.663052E-08,-1.4990444E-01
5.668052E-08,-1.4995715E-01
5.673052E-08,-1.4995715E-01
5.678052E-08,-1.4995715E-01
5.683052E-08,-1.5000986E-01
5.688052E-08,-1.5000986E-01
5.693052E-08,-1.5000986E-01
5.698052E-08,-1.5006257E-01
5.703052E-08,-1.5006257E-01
5.708052E-08,-1.5006257E-01
5.713052E-08,-1.5006257E-01
5.718052E-08,-1.5006257E-01
5.723052E-08,-1.5006257E-01
5.728052E-08,-1.5006257E-01
5.733052E-08,-1.5006257E-01
5.738052E-08,-1.5000986E-01
5.743052E-08,-1.5000986E-01
5.748052E-08,-1.4995715E-01
5.753052E-08,-1.4995715E-01
5.758052E-08,-1.4990444E-01
5.763052E-08,-1.4985173E-01
5.768052E-08,-1.4979903E-01
5.773052E-08,-1.4974632E-01
5.778052E-08,-1.4969361E-01
5.783052E-08,-1.4964090E-01
5.788052E-08,-1.4953548E-01
5.793052E-08,-1.4948277E-01
5.798052E-08,-1.4937735E-01
5.803052E-08,-1.4932464E-01
5.808052E-08,-1.4927194E-01
5.813052E-08,-1.4916652E-01
5.818052E-08,-1.4911381E-01
5.823052E-08,-1.4900839E-01
5.828052E-08,-1.4895568E-01
5.833052E-08,-1.4885026E-01
5.838052E-08,-1.4879755E-01
5.843052E-08,-1.4874485E-01
5.848052E-08,-1.4869214E-01
5.853052E-08,-1.4863943E-01
5.858052E-08,-1.4858672E-01
5.863052E-08,-1.4858672E-01
5.868052E-08,-1.4853401E-01
5.873052E-08,-1.4853401E-01
5.878052E-08,-1.4848130E-01
5.883052E-08,-1.4848130E-01
5.888052E-08,-1.4848130E-01
5.893052E-08,-1.4853401E-01
5.898052E-08,-1.4853401E-01
5.903052E-08,-1.4858672E-01
5.908052E-08,-1.4858672E-01
5.913052E-08,-1.4863943E-01
5.918052E-08,-1.4869214E-01
5.923052E-08,-1.4874485E-01
5.928052E-08,-1.4879755E-01
5.933052E-08,-1.4885026E-01
5.938052E-08,-1.4895568E-01
5.943052E-08,-1.4900839E-01
5.948052E-08,-1.4906110E-01
5.953052E-08,-1.4911381E-01
5.958052E-08,-1.4921923E-01
5.963052E-08,-1.4927194E-01
5.968052E-08,-1.4932464E-01
5.973052E-08,-1.4937735E-01
5.978052E-08,-1.4943006E-01
5.983052E-08,-1.4948277E-01
5.988052E-08,-1.4953548E-01
5.993052E-08,-1.4958819E-01
5.998052E-08,-1.4958819E-01
6.003052E-08,-1.4964090E-01
6.008052E-08,-1.4964090E-01
6.013052E-08,-1.4964090E-01
6.018052E-08,-1.4964090E-01
6.023052E-08,-1.4964090E-01
6.028052E-08,-1.4964090E-01
6.033052E-08,-1.4964090E-01
6.038052E-08,-1.4964090E-01
6.043052E-08,-1.4958819E-01
6.048052E-08,-1.4958819E-01
6.053052E-08,-1.4953548E-01
6.058052E-08,-1.4953548E-01
6.063052E-08,-1.4953548E-01
6.068052E-08,-1.4948277E-01
6.073052E-08,-1.4948277E-01
6.078052E-08,-1.4948277E-01
6.083052E-08,-1.4943006E-01
6.088052E-08,-1.4943006E-01
6.093052E-08,-1.4943006E-01
6.098052E-08,-1.4943006E-01
6.103052E-08,-1.4943006E-01
6.108052E-08,-1.4943006E-01
6.113052E-08,-1.4948277E-01
6.118052E-08,-1.4948277E-01
6.123052E-08,-1.4948277E-01
6.128052E-08,-1.4953548E-01
6.133052E-08,-1.4958819E-01
6.138052E-08,-1.4958819E-01
6.143052E-08,-1.4964090E-01
6.148052E-08,-1.4969361E-01
6.153052E-08,-1.4974632E-01
6.158052E-08,-1.4974632E-01
6.163052E-08,-1.4979903E-01
6.168052E-08,-1.4985173E-01
6.173052E-08,-1.4990444E-01
6.178052E-08,-1.4990444E-01
6.183052E-08,-1.4995715E-01
6.188052E-08,-1.4995715E-01
6.193052E-08,-1.5000986E-01
6.198052E-08,-1.5000986E-01
6.203052E-08,-1.5000986E-01
6.208052E-08,-1.5000986E-01
6.213052E-08,-1.5000986E-01
6.218052E-08,-1.5000986E-01
6.223052E-08,-1.5000986E-01
6.228052E-08,-1.4995715E-01
6.233052E-08,-1.4995715E-01
6.238052E-08,-1.4990444E-01
6.243052E-08,-1.4985173E-01
6.248052E-08,-1.4979903E-01
6.253052E-08,-1.4974632E-01
6.258052E-08,-1.4969361E-01
6.263052E-08,-1.4964090E-01
6.268052E-08,-1.4958819E-01
6.273052E-08,-1.4953548E-01
6.278052E-08,-1.4953548E-01
6.283052E-08,-1.4948277E-01
6.288052E-08,-1.4943006E-01
6.293052E-08,-1.4937735E-01
6.298052E-08,-1.4937735E-01
6.303052E-08,-1.4932464E-01
6.308052E-08,-1.4932464E-01
6.313052E-08,-1.4932464E-01
6.318052E-08,-1.4932464E-01
6.323052E-08,-1.4932464E-01
6.328052E-08,-1.4937735E-01
6.333052E-08,-1.4937735E-01
6.338052E-08,-1.4943006E-01
6.343052E-08,-1.4943006E-01
6.348052E-08,-1.4948277E-01
6.353052E-08,-1.4953548E-01
6.358052E-08,-1.4964090E-01
6.363052E-08,-1.4969361E-01
6.368052E-08,-1.4974632E-01
6.373052E-08,-1.4979903E-01
6.378052E-08,-1.4990444E-01
6.383052E-08,-1.4995715E-01
6.388052E-08,-1.5000986E-01
6.393052E-08,-1.5006257E-01
6.398052E-08,-1.5011528E-01
6.403052E-08,-1.5016799E-01
6.408052E-08,-1.5022070E-01
6.413052E-08,-1.5027341E-01
6.418052E-08,-1.5027341E-01
6.423052E-08,-1.5032612E-01
6.428052E-08,-1.5032612E-01
6.433052E-08,-1.5032612E-01
6.438052E-08,-1.5032612E-01
6.443052E-08,-1.5027341E-01
6.448052E-08,-1.5027341E-01
6.453052E-08,-1.5022070E-01
6.458052E-08,-1.5022070E-01
6.463052E-08,-1.5016799E-01
6.468052E-08,-1.5011528E-01
6.473052E-08,-1.5000986E-01
6.478052E-08,-1.4995715E-01
6.483052E-08,-1.4990444E-01
6.488052E-08,-1.4985173E-01
6.493052E-08,-1.4974632E-01
6.498052E-08,-1.4969361E-01
6.503052E-08,-1.4964090E-01
6.508052E-08,-1.4953548E-01
6.513052E-08,-1.4948277E-01
6.518052E-08,-1.4943006E-01
6.523052E-08,-1.4937735E-01
6.528052E-08,-1.4932464E-01
6.533052E-08,-1.4927194E-01
6.538052E-08,-1.4927194E-01
6.543052E-08,-1.4921923E-01
6.548052E-08,-1.4921923E-01
6.553052E-08,-1.4916652E-01
6.558052E-08,-1.4916652E-01
6.563052E-08,-1.4916652E-01
6.568052E-08,-1.4916652E-01
6.573052E-08,-1.4921923E-01
6.578052E-08,-1.4921923E-01
6.583052E-08,-1.4927194E-01
6.588052E-08,-1.4927194E-01
6.593052E-08,-1.4932464E-01
6.598052E-08,-1.4932464E-01
6.603052E-08,-1.4937735E-01
6.608052E-08,-1.4943006E-01
6.613052E-08,-1.4943006E-01
6.618052E-08,-1.4948277E-01
6.623052E-08,-1.4953548E-01
6.628052E-08,-1.4953548E-01
6.633052E-08,-1.4958819E-01
6.638052E-08,-1.4958819E-01
6.643052E-08,-1.4964090E-01
6.648052E-08,-1.4964090E-01
6.653052E-08,-1.4964090E-01
6.658052E-08,-1.4964090E-01
6.663052E-08,-1.4964090E-01
6.668052E-08,-1.4964090E-01
6.673052E-08,-1.4964090E-01
6.678052E-08,-1.4958819E-01
6.683052E-08,-1.4958819E-01
6.688052E-08,-1.4953548E-01
6.693052E-08,-1.4953548E-01
6.698052E-08,-1.4948277E-01
6.703052E-08,-1.4943006E-01
6.708052E-08,-1.4943006E-01
6.713052E-08,-1.4937735E-01
6.718052E-08,-1.4932464E-01
6.723052E-08,-1.4932464E-01
6.728052E-08,-1.4927194E-01
6.733052E-08,-1.4927194E-01
6.738052E-08,-1.4921923E-01
6.743052E-08,-1.4921923E-01
6.748052E-08,-1.4921923E-01
6.753052E-08,-1.4921923E-01
6.758052E-08,-1.4921923E-01
6.763052E-08,-1.4921923E-01
6.768052E-08,-1.4921923E-01
6.773052E-08,-1.4921923E-01
6.778052E-08,-1.4927194E-01
6.783052E-08,-1.4927194E-01
6.788052E-08,-1.4932464E-01
6.793052E-08,-1.4937735E-01
6.798052E-08,-1.4937735E-01
6.803052E-08,-1.4943006E-01
6.808052E-08,-1.4948277E-01
6.813052E-08,-1.4958819E-01
6.818052E-08,-1.4964090E-01
6.823052E-08,-1.4969361E-01
6.828052E-08,-1.4974632E-01
6.833052E-08,-1.4979903E-01
6.838052E-08,-1.4985173E-01
6.843052E-08,-1.4990444E-01
6.848052E-08,-1.4995715E-01
6.853052E-08,-1.5000986E-01
6.858052E-08,-1.5006257E-01
6.863052E-08,-1.5011528E-01
6.868052E-08,-1.5016799E-01
6.873052E-08,-1.5022070E-01
6.878052E-08,-1.5022070E-01
6.883052E-08,-1.5027341E-01
6.888052E-08,-1.5027341E-01
6.893052E-08,-1.5027341E-01
6.898052E-08,-1.5032612E-01
6.903052E-08,-1.5032612E-01
6.908052E-08,-1.5032612E-01
6.913052E-08,-1.5027341E-01
6.918052E-08,-1.5027341E-01
6.923052E-08,-1.5027341E-01
6.928052E-08,-1.5027341E-01
6.933052E-08,-1.5022070E-01
6.938052E-08,-1.5022070E-01
6.943052E-08,-1.5016799E-01
6.948052E-08,-1.5016799E-01
6.953052E-08,-1.5011528E-01
6.958052E-08,-1.5006257E-01
6.963052E-08,-1.5006257E-01
6.968052E-08,-1.5000986E-01
6.973052E-08,-1.5000986E-01
6.978052E-08,-1.4995715E-01
6.983052E-08,-1.4995715E-01
6.988052E-08,-1.4990444E-01
6.993052E-08,-1.4990444E-01
6.998052E-08,-1.4990444E-01
7.003052E-08,-1.4985173E-01
7.008052E-08,-1.4985173E-01
7.013052E-08,-1.4985173E-01
7.018052E-08,-1.4985173E-01
7.023052E-08,-1.4985173E-01
7.028052E-08,-1.4985173E-01
7.033052E-08,-1.4985173E-01
7.038052E-08,-1.4985173E-01
7.043052E-08,-1.4985173E-01
7.048052E-08,-1.4985173E-01
7.053052E-08,-1.4985173E-01
7.058052E-08,-1.4990444E-01
7.063052E-08,-1.4990444E-01
7.068052E-08,-1.4990444E-01
7.073052E-08,-1.4995715E-01
7.078052E-08,-1.4995715E-01
7.083052E-08,-1.4995715E-01
7.088052E-08,-1.5000986E-01
7.093052E-08,-1.5000986E-01
7.098052E-08,-1.5000986E-01
7.103052E-08,-1.5000986E-01
7.108052E-08,-1.5000986E-01
7.113052E-08,-1.5006257E-01
7.118052E-08,-1.5006257E-01
7.123052E-08,-1.5006257E-01
7.128052E-08,-1.5006257E-01
7.133052E-08,-1.5006257E-01
7.138052E-08,-1.5006257E-01
7.143052E-08,-1.5000986E-01
7.148052E-08,-1.5000986E-01
7.153052E-08,-1.5000986E-01
7.158052E-08,-1.5000986E-01
7.163052E-08,-1.4995715E-01
7.168052E-08,-1.4995715E-01
7.173052E-08,-1.4990444E-01
7.178052E-08,-1.4990444E-01
7.183052E-08,-1.4985173E-01
7.188052E-08,-1.4979903E-01
7.193052E-08,-1.4979903E-01
7.198052E-08,-1.4974632E-01
7.203052E-08,-1.4969361E-01
7.208052E-08,-1.4969361E-01
7.213052E-08,-1.4964090E-01
7.218052E-08,-1.4958819E-01
7.223052E-08,-1.4953548E-01
7.228052E-08,-1.4948277E-01
7.233052E-08,-1.4943006E-01
7.238052E-08,-1.4937735E-01
7.243052E-08,-1.4932464E-01
7.248052E-08,-1.4932464E-01
7.253052E-08,-1.4927194E-01
7.258052E-08,-1.4921923E-01
7.263052E-08,-1.4916652E-01
7.268052E-08,-1.4911381E-01
7.273052E-08,-1.4906110E-01
7.278052E-08,-1.4900839E-01
7.283052E-08,-1.4895568E-01
7.288052E-08,-1.4895568E-01
7.293052E-08,-1.4890297E-01
7.298052E-08,-1.4885026E-01
7.303052E-08,-1.4879755E-01
7.308052E-08,-1.4879755E-01
7.313052E-08,-1.4874485E-01
7.318052E-08,-1.4874485E-01
7.323052E-08,-1.4869214E-01
7.328052E-08,-1.4869214E-01
7.333052E-08,-1.4863943E-01
7.338052E-08,-1.4863943E-01
7.343052E-08,-1.4863943E-01
7.348052E-08,-1.4863943E-01
7.353052E-08,-1.4863943E-01
7.358052E-08,-1.4863943E-01
7.363052E-08,-1.4863943E-01
7.368052E-08,-1.4863943E-01
7.373052E-08,-1.4863943E-01
7.378052E-08,-1.4869214E-01
7.383052E-08,-1.4869214E-01
7.388052E-08,-1.4869214E-01
7.393052E-08,-1.4874485E-01
7.398052E-08,-1.4874485E-01
7.403052E-08,-1.4879755E-01
7.408052E-08,-1.4879755E-01
7.413052E-08,-1.4885026E-01
7.418052E-08,-1.4890297E-01
7.423052E-08,-1.4890297E-01
7.428052E-08,-1.4895568E-01
7.433052E-08,-1.4895568E-01
7.438052E-08,-1.4900839E-01
7.443052E-08,-1.4906110E-01
7.448052E-08,-1.4906110E-01
7.453052E-08,-1.4911381E-01
7.458052E-08,-1.4911381E-01
7.463052E-08,-1.4911381E-01
7.468052E-08,-1.4916652E-01
7.473052E-08,-1.4916652E-01
7.478052E-08,-1.4916652E-01
7.483052E-08,-1.4916652E-01
7.488052E-08,-1.4916652E-01
7.493052E-08,-1.4916652E-01
7.498052E-08,-1.4916652E-01
7.503052E-08,-1.4916652E-01
7.508052E-08,-1.4916652E-01
7.513052E-08,-1.4911381E-01
7.518052E-08,-1.4911381E-01
7.523052E-08,-1.4911381E-01
7.528052E-08,-1.4906110E-01
7.533052E-08,-1.4906110E-01
7.538052E-08,-1.4900839E-01
7.543052E-08,-1.4895568E-01
7.548052E-08,-1.4895568E-01
7.553052E-08,-1.4890297E-01
7.558052E-08,-1.4890297E-01
7.563052E-08,-1.4885026E-01
7.568052E-08,-1.4879755E-01
7.573052E-08,-1.4879755E-01
7.578052E-08,-1.4874485E-01
7.583052E-08,-1.4874485E-01
7.588052E-08,-1.4874485E-01
7.593052E-08,-1.4869214E-01
7.598052E-08,-1.4869214E-01
7.603052E-08,-1.4869214E-01
7.608052E-08,-1.4869214E-01
7.613052E-08,-1.4869214E-01
7.618052E-08,-1.4869214E-01
7.623052E-08,-1.4869214E-01
7.628052E-08,-1.4874485E-01
7.633052E-08,-1.4874485E-01
7.638052E-08,-1.4874485E-01
7.643052E-08,-1.4879755E-01
7.648052E-08,-1.4885026E-01
7.653052E-08,-1.4885026E-01
7.658052E-08,-1.4890297E-01
7.663052E-08,-1.4895568E-01
7.668052E-08,-1.4900839E-01
7.673052E-08,-1.4900839E-01
7.678052E-08,-1.4906110E-01
7.683052E-08,-1.4911381E-01
7.688052E-08,-1.4916652E-01
7.693052E-08,-1.4921923E-01
7.698052E-08,-1.4921923E-01
7.703052E-08,-1.4927194E-01
7.708052E-08,-1.4932464E-01
7.713052E-08,-1.4932464E-01
7.718052E-08,-1.4937735E-01
7.723052E-08,-1.4937735E-01
7.728052E-08,-1.4937735E-01
7.733052E-08,-1.4943006E-01
7.738052E-08,-1.4943006E-01
7.743052E-08,-1.4943006E-01
7.748052E-08,-1.4943006E-01
7.753052E-08,-1.4943006E-01
7.758052E-08,-1.4943006E-01
7.763052E-08,-1.4943006E-01
7.768052E-08,-1.4943006E-01
7.773052E-08,-1.4943006E-01
7.778052E-08,-1.4943006E-01
7.783052E-08,-1.4943006E-01
7.788052E-08,-1.4937735E-01
7.793052E-08,-1.4937735E-01
7.798052E-08,-1.4937735E-01
7.803052E-08,-1.4937735E-01
7.808052E-08,-1.4937735E-01
7.813052E-08,-1.4937735E-01
7.818052E-08,-1.4937735E-01
7.823052E-08,-1.4937735E-01
7.828052E-08,-1.4937735E-01
7.833052E-08,-1.4937735E-01
7.838052E-08,-1.4937735E-01
7.843052E-08,-1.4937735E-01
7.848052E-08,-1.4937735E-01
7.853052E-08,-1.4937735E-01
7.858052E-08,-1.4943006E-01
7.863052E-08,-1.4943006E-01
7.868052E-08,-1.4943006E-01
7.873052E-08,-1.4948277E-01
7.878052E-08,-1.4948277E-01
7.883052E-08,-1.4948277E-01
7.888052E-08,-1.4953548E-01
7.893052E-08,-1.4953548E-01
7.898052E-08,-1.4953548E-01
7.903052E-08,-1.4958819E-01
7.908052E-08,-1.4958819E-01
7.913052E-08,-1.4958819E-01
7.918052E-08,-1.4958819E-01
7.923052E-08,-1.4958819E-01
7.928052E-08,-1.4958819E-01
7.933052E-08,-1.4958819E-01
7.938052E-08,-1.4958819E-01
7.943052E-08,-1.4958819E-01
7.948052E-08,-1.4958819E-01
7.953052E-08,-1.4953548E-01
7.958052E-08,-1.4953548E-01
7.963052E-08,-1.4953548E-01
7.968052E-08,-1.4948277E-01
7.973052E-08,-1.4948277E-01
7.978052E-08,-1.4948277E-01
7.983052E-08,-1.4943006E-01
7.988052E-08,-1.4943006E-01
7.993052E-08,-1.4943006E-01
7.998052E-08,-1.4937735E-01
8.003052E-08,-1.4937735E-01
8.008052E-08,-1.4937735E-01
8.013052E-08,-1.4937735E-01
8.018052E-08,-1.4932464E-01
8.023052E-08,-1.4932464E-01
8.028052E-08,-1.4932464E-01
8.033052E-08,-1.4932464E-01
8.038052E-08,-1.4937735E-01
8.043052E-08,-1.4937735E-01
8.048052E-08,-1.4937735E-01
8.053052E-08,-1.4937735E-01
8.058052E-08,-1.4943006E-01
8.063052E-08,-1.4943006E-01
8.068052E-08,-1.4943006E-01
8.073052E-08,-1.4948277E-01
8.078052E-08,-1.4948277E-01
8.083052E-08,-1.4953548E-01
8.088052E-08,-1.4953548E-01
8.093052E-08,-1.4958819E-01
8.098052E-08,-1.4958819E-01
8.103052E-08,-1.4958819E-01
8.108052E-08,-1.4958819E-01
8.113052E-08,-1.4958819E-01
8.118052E-08,-1.4958819E-01
8.123052E-08,-1.4958819E-01
8.128052E-08,-1.4958819E-01
8.133052E-08,-1.4958819E-01
8.138052E-08,-1.4958819E-01
8.143052E-08,-1.4953548E-01
8.148052E-08,-1.4948277E-01
8.153052E-08,-1.4948277E-01
8.158052E-08,-1.4943006E-01
8.163052E-08,-1.4937735E-01
8.168052E-08,-1.4932464E-01
8.173052E-08,-1.4932464E-01
8.178052E-08,-1.4927194E-01
8.183052E-08,-1.4921923E-01
8.188052E-08,-1.4916652E-01
8.193052E-08,-1.4911381E-01
8.198052E-08,-1.4906110E-01
8.203052E-08,-1.4900839E-01
8.208052E-08,-1.4895568E-01
8.213052E-08,-1.4895568E-01
8.218052E-08,-1.4890297E-01
8.223052E-08,-1.4890297E-01
8.228052E-08,-1.4890297E-01
8.233052E-08,-1.4885026E-01
8.238052E-08,-1.4885026E-01
8.243052E-08,-1.4890297E-01
8.248052E-08,-1.4890297E-01
8.253052E-08,-1.4890297E-01
8.258052E-08,-1.4895568E-01
8.263052E-08,-1.4895568E-01
8.268052E-08,-1.4900839E-01
8.273052E-08,-1.4906110E-01
8.278052E-08,-1.4911381E-01
8.283052E-08,-1.4916652E-01
8.288052E-08,-1.4921923E-01
8.293052E-08,-1.4927194E-01
8.298052E-08,-1.4932464E-01
8.303052E-08,-1.4937735E-01
8.308052E-08,-1.4948277E-01
8.313052E-08,-1.4953548E-01
8.318052E-08,-1.4958819E-01
8.323052E-08,-1.4958819E-01
8.328052E-08,-1.4964090E-01
8.333052E-08,-1.4969361E-01
8.338052E-08,-1.4969361E-01
8.343052E-08,-1.4974632E-01
8.348052E-08,-1.4974632E-01
8.353052E-08,-1.4974632E-01
8.358052E-08,-1.4974632E-01
8.363052E-08,-1.4974632E-01
8.368052E-08,-1.4969361E-01
8.373052E-08,-1.4969361E-01
8.378052E-08,-1.4964090E-01
8.383052E-08,-1.4964090E-01
8.388052E-08,-1.4958819E-01
8.393052E-08,-1.4953548E-01
8.398052E-08,-1.4948277E-01
8.403052E-08,-1.4943006E-01
8.408052E-08,-1.4937735E-01
8.413052E-08,-1.4932464E-01
8.418052E-08,-1.4927194E-01
8.423052E-08,-1.4921923E-01
8.428052E-08,-1.4911381E-01
8.433052E-08,-1.4911381E-01
8.438052E-08,-1.4906110E-01
8.443052E-08,-1.4900839E-01
8.448052E-08,-1.4895568E-01
8.453052E-08,-1.4895568E-01
8.458052E-08,-1.4890297E-01
8.463052E-08,-1.4890297E-01
8.468052E-08,-1.4890297E-01
8.473052E-08,-1.4885026E-01
8.478052E-08,-1.4885026E-01
8.483052E-08,-1.4890297E-01
8.488052E-08,-1.4890297E-01
8.493052E-08,-1.4890297E-01
8.498052E-08,-1.4895568E-01
8.503052E-08,-1.4895568E-01
8.508052E-08,-1.4900839E-01
8.513052E-08,-1.4900839E-01
8.518052E-08,-1.4906110E-01
8.523052E-08,-1.4906110E-01
8.528052E-08,-1.4911381E-01
8.533052E-08,-1.4911381E-01
8.538052E-08,-1.4916652E-01
8.543052E-08,-1.4916652E-01
8.548052E-08,-1.4921923E-01
8.553052E-08,-1.4921923E-01
8.558052E-08,-1.4927194E-01
8.563052E-08,-1.4927194E-01
8.568052E-08,-1.4927194E-01
8.573052E-08,-1.4927194E-01
8.578052E-08,-1.4927194E-01
8.583052E-08,-1.4927194E-01
8.588052E-08,-1.4927194E-01
8.593052E-08,-1.4927194E-01
8.598052E-08,-1.4921923E-01
8.603052E-08,-1.4921923E-01
8.608052E-08,-1.4921923E-01
8.613052E-08,-1.4921923E-01
8.618052E-08,-1.4916652E-01
8.623052E-08,-1.4916652E-01
8.628052E-08,-1.4916652E-01
8.633052E-08,-1.4916652E-01
8.638052E-08,-1.4911381E-01
8.643052E-08,-1.4911381E-01
8.648052E-08,-1.4911381E-01
8.653052E-08,-1.4911381E-01
8.658052E-08,-1.4911381E-01
8.663052E-08,-1.4916652E-01
8.668052E-08,-1.4916652E-01
8.673052E-08,-1.4916652E-01
8.678052E-08,-1.4916652E-01
8.683052E-08,-1.4921923E-01
8.688052E-08,-1.4921923E-01
8.693052E-08,-1.4927194E-01
8.698052E-08,-1.4927194E-01
8.703052E-08,-1.4932464E-01
8.708052E-08,-1.4937735E-01
8.713052E-08,-1.4937735E-01
8.718052E-08,-1.4943006E-01
8.723052E-08,-1.4943006E-01
8.728052E-08,-1.4948277E-01
8.733052E-08,-1.4948277E-01
8.738052E-08,-1.4953548E-01
8.743052E-08,-1.4953548E-01
8.748052E-08,-1.4953548E-01
8.753052E-08,-1.4953548E-01
8.758052E-08,-1.4958819E-01
8.763052E-08,-1.4958819E-01
8.768052E-08,-1.4953548E-01
8.773052E-08,-1.4953548E-01
8.778052E-08,-1.4953548E-01
8.783052E-08,-1.4953548E-01
8.788052E-08,-1.4948277E-01
8.793052E-08,-1.4948277E-01
8.798052E-08,-1.4943006E-01
8.803052E-08,-1.4937735E-01
8.808052E-08,-1.4937735E-01
8.813052E-08,-1.4932464E-01
8.818052E-08,-1.4927194E-01
8.823052E-08,-1.4921923E-01
8.828052E-08,-1.4921923E-01
8.833052E-08,-1.4916652E-01
8.838052E-08,-1.4911381E-01
8.843052E-08,-1.4911381E-01
8.848052E-08,-1.4906110E-01
8.853052E-08,-1.4906110E-01
8.858052E-08,-1.4906110E-01
8.863052E-08,-1.4900839E-01
8.868052E-08,-1.4900839E-01
8.873052E-08,-1.4900839E-01
8.878052E-08,-1.4900839E-01
8.883052E-08,-1.4900839E-01
8.888052E-08,-1.4906110E-01
8.893052E-08,-1.4906110E-01
8.898052E-08,-1.4906110E-01
8.903052E-08,-1.4911381E-01
8.908052E-08,-1.4911381E-01
8.913052E-08,-1.4916652E-01
8.918052E-08,-1.4916652E-01
8.923052E-08,-1.4921923E-01
8.928052E-08,-1.4921923E-01
8.933052E-08,-1.4927194E-01
8.938052E-08,-1.4927194E-01
8.943052E-08,-1.4932464E-01
8.948052E-08,-1.4932464E-01
8.953052E-08,-1.4937735E-01
8.958052E-08,-1.4937735E-01
8.963052E-08,-1.4937735E-01
8.968052E-08,-1.4943006E-01
8.973052E-08,-1.4943006E-01
8.978052E-08,-1.4943006E-01
8.983052E-08,-1.4943006E-01
8.988052E-08,-1.4943006E-01
8.993052E-08,-1.4943006E-01
8.998052E-08,-1.4937735E-01
9.003052E-08,-1.4937735E-01
9.008052E-08,-1.4937735E-01
9.013052E-08,-1.4937735E-01
9.018052E-08,-1.4932464E-01
9.023052E-08,-1.4932464E-01
9.028052E-08,-1.4932464E-01
9.033052E-08,-1.4927194E-01
9.038052E-08,-1.4927194E-01
9.043052E-08,-1.4927194E-01
9.048052E-08,-1.4921923E-01
9.053052E-08,-1.4921923E-01
9.058052E-08,-1.4921923E-01
9.063052E-08,-1.4921923E-01
9.068052E-08,-1.4921923E-01
9.073052E-08,-1.4921923E-01
9.078052E-08,-1.4921923E-01
9.083052E-08,-1.4921923E-01
9.088052E-08,-1.4927194E-01
9.093052E-08,-1.4927194E-01
9.098052E-08,-1.4927194E-01
9.103052E-08,-1.4932464E-01
9.108052E-08,-1.4932464E-01
9.113052E-08,-1.4932464E-01
9.118052E-08,-1.4937735E-01
9.123052E-08,-1.4937735E-01
9.128052E-08,-1.4943006E-01
9.133052E-08,-1.4943006E-01
9.138052E-08,-1.4943006E-01
9.143052E-08,-1.4948277E-01
9.148052E-08,-1.4948277E-01
9.153052E-08,-1.4948277E-01
9.158052E-08,-1.4948277E-01
9.163052E-08,-1.4953548E-01
9.168052E-08,-1.4953548E-01
9.173052E-08,-1.4953548E-01
9.178052E-08,-1.4953548E-01
9.183052E-08,-1.4948277E-01
9.188052E-08,-1.4948277E-01
9.193052E-08,-1.4948277E-01
9.198052E-08,-1.4948277E-01
9.203052E-08,-1.4943006E-01
9.208052E-08,-1.4943006E-01
9.213052E-08,-1.4937735E-01
9.218052E-08,-1.4937735E-01
9.223052E-08,-1.4937735E-01
9.228052E-08,-1.4932464E-01
9.233052E-08,-1.4932464E-01
9.238052E-08,-1.4927194E-01
9.243052E-08,-1.4927194E-01
9.248052E-08,-1.4927194E-01
9.253052E-08,-1.4921923E-01
9.258052E-08,-1.4921923E-01
9.263052E-08,-1.4921923E-01
9.268052E-08,-1.4921923E-01
9.273052E-08,-1.4921923E-01
9.278052E-08,-1.4921923E-01
9.283052E-08,-1.4921923E-01
9.288052E-08,-1.4921923E-01
9.293052E-08,-1.4927194E-01
9.298052E-08,-1.4927194E-01
9.303052E-08,-1.4932464E-01
9.308052E-08,-1.4932464E-01
9.313052E-08,-1.4937735E-01
9.318052E-08,-1.4937735E-01
9.323052E-08,-1.4943006E-01
9.328052E-08,-1.4943006E-01
9.333052E-08,-1.4948277E-01
9.338052E-08,-1.4953548E-01
9.343052E-08,-1.4953548E-01
9.348052E-08,-1.4958819E-01
9.353052E-08,-1.4958819E-01
9.358052E-08,-1.4964090E-01
9.363052E-08,-1.4964090E-01
9.368052E-08,-1.4969361E-01
9.373052E-08,-1.4969361E-01
9.378052E-08,-1.4969361E-01
9.383052E-08,-1.4969361E-01
9.388052E-08,-1.4969361E-01
9.393052E-08,-1.4969361E-01
9.398052E-08,-1.4969361E-01
9.403052E-08,-1.4969361E-01
9.408052E-08,-1.4969361E-01
9.413052E-08,-1.4964090E-01
9.418052E-08,-1.4964090E-01
9.423052E-08,-1.4958819E-01
9.428052E-08,-1.4958819E-01
9.433052E-08,-1.4958819E-01
9.438052E-08,-1.4953548E-01
9.443052E-08,-1.4953548E-01
9.448052E-08,-1.4948277E-01
9.453052E-08,-1.4948277E-01
9.458052E-08,-1.4943006E-01
9.463052E-08,-1.4943006E-01
9.468052E-08,-1.4943006E-01
9.473052E-08,-1.4937735E-01
9.478052E-08,-1.4937735E-01
9.483052E-08,-1.4937735E-01
9.488052E-08,-1.4937735E-01
9.493052E-08,-1.4937735E-01
9.498052E-08,-1.4937735E-01
9.503052E-08,-1.4937735E-01
9.508052E-08,-1.4937735E-01
9.513052E-08,-1.4937735E-01
9.518052E-08,-1.4937735E-01
9.523052E-08,-1.4943006E-01
9.528052E-08,-1.4943006E-01
9.533052E-08,-1.4943006E-01
9.538052E-08,-1.4948277E-01
9.543052E-08,-1.4948277E-01
9.548052E-08,-1.4948277E-01
9.553052E-08,-1.4953548E-01
9.558052E-08,-1.4953548E-01
9.563052E-08,-1.4958819E-01
9.568052E-08,-1.4958819E-01
9.573052E-08,-1.4958819E-01
9.578052E-08,-1.4964090E-01
9.583052E-08,-1.4964090E-01
9.588052E-08,-1.4964090E-01
9.593052E-08,-1.4964090E-01
9.598052E-08,-1.4964090E-01
9.603052E-08,-1.4964090E-01
9.608052E-08,-1.4969361E-01
9.613052E-08,-1.4969361E-01
9.618052E-08,-1.4969361E-01
9.623052E-08,-1.4964090E-01
9.628052E-08,-1.4964090E-01
9.633052E-08,-1.4964090E-01
9.638052E-08,-1.4964090E-01
9.643052E-08,-1.4964090E-01
9.648052E-08,-1.4964090E-01
9.653052E-08,-1.4964090E-01
9.658052E-08,-1.4964090E-01
9.663052E-08,-1.4958819E-01
9.668052E-08,-1.4958819E-01
9.673052E-08,-1.4958819E-01
9.678052E-08,-1.4958819E-01
9.683052E-08,-1.4958819E-01
9.688052E-08,-1.4958819E-01
9.693052E-08,-1.4953548E-01
9.698052E-08,-1.4953548E-01
9.703052E-08,-1.4953548E-01
9.708052E-08,-1.4953548E-01
9.713052E-08,-1.4953548E-01
9.718052E-08,-1.4953548E-01
9.723052E-08,-1.4953548E-01
9.728052E-08,-1.4953548E-01
9.733052E-08,-1.4953548E-01
9.738052E-08,-1.4953548E-01
9.743052E-08,-1.4953548E-01
9.748052E-08,-1.4948277E-01
9.753052E-08,-1.4948277E-01
9.758052E-08,-1.4948277E-01
9.763052E-08,-1.4948277E-01
9.768052E-08,-1.4948277E-01
9.773052E-08,-1.4948277E-01
9.778052E-08,-1.4943006E-01
9.783052E-08,-1.4943006E-01
9.788052E-08,-1.4943006E-01
9.793052E-08,-1.4943006E-01
9.798052E-08,-1.4937735E-01
9.803052E-08,-1.4937735E-01
9.808052E-08,-1.4937735E-01
9.813052E-08,-1.4932464E-01
9.818052E-08,-1.4932464E-01
9.823052E-08,-1.4927194E-01
9.828052E-08,-1.4927194E-01
9.833052E-08,-1.4927194E-01
9.838052E-08,-1.4921923E-01
9.843052E-08,-1.4921923E-01
9.848052E-08,-1.4921923E-01
9.853052E-08,-1.4916652E-01
9.858052E-08,-1.4916652E-01
9.863052E-08,-1.4916652E-01
9.868052E-08,-1.4916652E-01
9.873052E-08,-1.4911381E-01
9.878052E-08,-1.4911381E-01
9.883052E-08,-1.4911381E-01
9.888052E-08,-1.4911381E-01
9.893052E-08,-1.4911381E-01
9.898052E-08,-1.4911381E-01
9.903052E-08,-1.4911381E-01
9.908052E-08,-1.4911381E-01
9.913052E-08,-1.4911381E-01
9.918052E-08,-1.4911381E-01
9.923052E-08,-1.4911381E-01
9.928052E-08,-1.4911381E-01
9.933052E-08,-1.4911381E-01
9.938052E-08,-1.4911381E-01
9.943052E-08,-1.4911381E-01
9.948052E-08,-1.4911381E-01
9.953052E-08,-1.4911381E-01
9.958052E-08,-1.4911381E-01
9.963052E-08,-1.4911381E-01
9.968052E-08,-1.4911381E-01
9.973052E-08,-1.4911381E-01
9.978052E-08,-1.4911381E-01
9.983052E-08,-1.4911381E-01
9.988052E-08,-1.4911381E-01
9.993052E-08,-1.4911381E-01
9.998052E-08,-1.4911381E-01
1.0003052E-07,-1.4911381E-01
1.0008052E-07,-1.4911381E-01
1.0013052E-07,-1.4911381E-01
1.0018052E-07,-1.4911381E-01
1.0023052E-07,-1.4911381E-01
1.0028052E-07,-1.4911381E-01
1.0033052E-07,-1.4911381E-01
1.0038052E-07,-1.4916652E-01
1.0043052E-07,-1.4916652E-01
1.0048052E-07,-1.4916652E-01
1.0053052E-07,-1.4921923E-01
1.0058052E-07,-1.4921923E-01
1.0063052E-07,-1.4927194E-01
1.0068052E-07,-1.4927194E-01
1.0073052E-07,-1.4932464E-01
1.0078052E-07,-1.4932464E-01
1.0083052E-07,-1.4937735E-01
1.0088052E-07,-1.4943006E-01
1.0093052E-07,-1.4943006E-01
1.0098052E-07,-1.4948277E-01
1.0103052E-07,-1.4948277E-01
1.0108052E-07,-1.4953548E-01
1.0113052E-07,-1.4953548E-01
1.0118052E-07,-1.4958819E-01
1.0123052E-07,-1.4958819E-01
1.0128052E-07,-1.4964090E-01
1.0133052E-07,-1.4964090E-01
1.0138052E-07,-1.4964090E-01
1.0143052E-07,-1.4964090E-01
1.0148052E-07,-1.4964090E-01
1.0153052E-07,-1.4964090E-01
1.0158052E-07,-1.4964090E-01
1.0163052E-07,-1.4964090E-01
1.0168052E-07,-1.4964090E-01
1.0173052E-07,-1.4958819E-01
1.0178052E-07,-1.4958819E-01
1.0183052E-07,-1.4953548E-01
1.0188052E-07,-1.4953548E-01
1.0193052E-07,-1.4948277E-01
1.0198052E-07,-1.4948277E-01
1.0203052E-07,-1.4943006E-01
1.0208052E-07,-1.4943006E-01
1.0213052E-07,-1.4937735E-01
1.0218052E-07,-1.4932464E-01
1.0223052E-07,-1.4932464E-01
1.0228052E-07,-1.4927194E-01
1.0233052E-07,-1.4927194E-01
1.0238052E-07,-1.4921923E-01
1.0243052E-07,-1.4921923E-01
1.0248052E-07,-1.4921923E-01
1.0253052E-07,-1.4916652E-01
1.0258052E-07,-1.4916652E-01
1.0263052E-07,-1.4916652E-01
1.0268052E-07,-1.4916652E-01
1.0273052E-07,-1.4921923E-01
1.0278052E-07,-1.4921923E-01
1.0283052E-07,-1.4921923E-01
1.0288052E-07,-1.4927194E-01
1.0293052E-07,-1.4927194E-01
1.0298052E-07,-1.4932464E-01
1.0303052E-07,-1.4937735E-01
1.0308052E-07,-1.4937735E-01
1.0313052E-07,-1.4943006E-01
1.0318052E-07,-1.4948277E-01
1.0323052E-07,-1.4953548E-01
1.0328052E-07,-1.4958819E-01
1.0333052E-07,-1.4958819E-01
1.0338052E-07,-1.4964090E-01
1.0343052E-07,-1.4969361E-01
1.0348052E-07,-1.4969361E-01
1.0353052E-07,-1.4974632E-01
1.0358052E-07,-1.4974632E-01
1.0363052E-07,-1.4974632E-01
1.0368052E-07,-1.4979903E-01
1.0373052E-07,-1.4979903E-01
1.0378052E-07,-1.4974632E-01
1.0383052E-07,-1.4974632E-01
1.0388052E-07,-1.4974632E-01
1.0393052E-07,-1.4974632E-01
1.0398052E-07,-1.4969361E-01
1.0403052E-07,-1.4964090E-01
1.0408052E-07,-1.4964090E-01
1.0413052E-07,-1.4958819E-01
1.0418052E-07,-1.4953548E-01
1.0423052E-07,-1.4948277E-01
1.0428052E-07,-1.4943006E-01
1.0433052E-07,-1.4937735E-01
1.0438052E-07,-1.4932464E-01
1.0443052E-07,-1.4927194E-01
1.0448052E-07,-1.4921923E-01
1.0453052E-07,-1.4916652E-01
1.0458052E-07,-1.4911381E-01
1.0463052E-07,-1.4911381E-01
1.0468052E-07,-1.4906110E-01
1.0473052E-07,-1.4900839E-01
1.0478052E-07,-1.4900839E-01
1.0483052E-07,-1.4895568E-01
1.0488052E-07,-1.4895568E-01
1.0493052E-07,-1.4890297E-01
1.0498052E-07,-1.4890297E-01
1.0503052E-07,-1.4890297E-01
1.0508052E-07,-1.4890297E-01
1.0513052E-07,-1.4890297E-01
1.0518052E-07,-1.4895568E-01
1.0523052E-07,-1.4895568E-01
1.0528052E-07,-1.4900839E-01
1.0533052E-07,-1.4900839E-01
1.0538052E-07,-1.4906110E-01
1.0543052E-07,-1.4906110E-01
1.0548052E-07,-1.4911381E-01
1.0553052E-07,-1.4916652E-01
1.0558052E-07,-1.4921923E-01
1.0563052E-07,-1.4927194E-01
1.0568052E-07,-1.4927194E-01
1.0573052E-07,-1.4932464E-01
1.0578052E-07,-1.4937735E-01
1.0583052E-07,-1.4943006E-01
1.0588052E-07,-1.4948277E-01
1.0593052E-07,-1.4953548E-01
1.0598052E-07,-1.4953548E-01
1.0603052E-07,-1.4958819E-01
1.0608052E-07,-1.4964090E-01
1.0613052E-07,-1.4964090E-01
1.0618052E-07,-1.4969361E-01
1.0623052E-07,-1.4969361E-01
1.0628052E-07,-1.4974632E-01
1.0633052E-07,-1.4974632E-01
1.0638052E-07,-1.4974632E-01
1.0643052E-07,-1.4974632E-01
1.0648052E-07,-1.4979903E-01
1.0653052E-07,-1.4979903E-01
1.0658052E-07,-1.4979903E-01
1.0663052E-07,-1.4979903E-01
1.0668052E-07,-1.4979903E-01
1.0673052E-07,-1.4979903E-01
1.0678052E-07,-1.4974632E-01
1.0683052E-07,-1.4974632E-01
1.0688052E-07,-1.4974632E-01
1.0693052E-07,-1.4974632E-01
1.0698052E-07,-1.4969361E-01
1.0703052E-07,-1.4969361E-01
1.0708052E-07,-1.4969361E-01
1.0713052E-07,-1.4964090E-01
1.0718052E-07,-1.4964090E-01
1.0723052E-07,-1.4958819E-01
1.0728052E-07,-1.4958819E-01
1.0733052E-07,-1.4953548E-01
1.0738052E-07,-1.4953548E-01
1.0743052E-07,-1.4948277E-01
1.0748052E-07,-1.4948277E-01
1.0753052E-07,-1.4943006E-01
1.0758052E-07,-1.4943006E-01
1.0763052E-07,-1.4937735E-01
1.0768052E-07,-1.4937735E-01
1.0773052E-07,-1.4932464E-01
1.0778052E-07,-1.4927194E-01
1.0783052E-07,-1.4927194E-01
1.0788052E-07,-1.4921923E-01
1.0793052E-07,-1.4916652E-01
1.0798052E-07,-1.4916652E-01
1.0803052E-07,-1.4911381E-01
1.0808052E-07,-1.4906110E-01
1.0813052E-07,-1.4906110E-01
1.0818052E-07,-1.4900839E-01
1.0823052E-07,-1.4900839E-01
1.0828052E-07,-1.4895568E-01
1.0833052E-07,-1.4890297E-01
1.0838052E-07,-1.4890297E-01
1.0843052E-07,-1.4885026E-01
1.0848052E-07,-1.4885026E-01
1.0853052E-07,-1.4879755E-01
1.0858052E-07,-1.4879755E-01
1.0863052E-07,-1.4874485E-01
1.0868052E-07,-1.4874485E-01
1.0873052E-07,-1.4874485E-01
1.0878052E-07,-1.4869214E-01
1.0883052E-07,-1.4869214E-01
1.0888052E-07,-1.4863943E-01
1.0893052E-07,-1.4863943E-01
1.0898052E-07,-1.4863943E-01
1.0903052E-07,-1.4863943E-01
1.0908052E-07,-1.4858672E-01
1.0913052E-07,-1.4858672E-01
1.0918052E-07,-1.4858672E-01
1.0923052E-07,-1.4858672E-01
1.0928052E-07,-1.4858672E-01
1.0933052E-07,-1.4858672E-01
1.0938052E-07,-1.4858672E-01
1.0943052E-07,-1.4853401E-01
1.0948052E-07,-1.4853401E-01
1.0953052E-07,-1.4853401E-01
1.0958052E-07,-1.4853401E-01
1.0963052E-07,-1.4853401E-01
1.0968052E-07,-1.4853401E-01
1.0973052E-07,-1.4853401E-01
1.0978052E-07,-1.4853401E-01
1.0983052E-07,-1.4853401E-01
1.0988052E-07,-1.4853401E-01
1.0993052E-07,-1.4853401E-01
1.0998052E-07,-1.4848130E-01
1.1003052E-07,-1.4848130E-01
1.1008052E-07,-1.4848130E-01
1.1013052E-07,-1.4848130E-01
1.1018052E-07,-1.4848130E-01
1.1023052E-07,-1.4848130E-01
1.1028052E-07,-1.4848130E-01
1.1033052E-07,-1.4848130E-01
1.1038052E-07,-1.4848130E-01
1.1043052E-07,-1.4848130E-01
1.1048052E-07,-1.4848130E-01
1.1053052E-07,-1.4848130E-01
1.1058052E-07,-1.4848130E-01
1.1063052E-07,-1.4848130E-01
1.1068052E-07,-1.4848130E-01
1.1073052E-07,-1.4848130E-01
1.1078052E-07,-1.4848130E-01
1.1083052E-07,-1.4848130E-01
1.1088052E-07,-1.4848130E-01
1.1093052E-07,-1.4848130E-01
1.1098052E-07,-1.4853401E-01
1.1103052E-07,-1.4853401E-01
1.1108052E-07,-1.4853401E-01
1.1113052E-07,-1.4853401E-01
1.1118052E-07,-1.4858672E-01
1.1123052E-07,-1.4858672E-01
1.1128052E-07,-1.4858672E-01
1.1133052E-07,-1.4863943E-01
1.1138052E-07,-1.4863943E-01
1.1143052E-07,-1.4863943E-01
1.1148052E-07,-1.4869214E-01
1.1153052E-07,-1.4869214E-01
1.1158052E-07,-1.4874485E-01
1.1163052E-07,-1.4874485E-01
1.1168052E-07,-1.4879755E-01
1.1173052E-07,-1.4879755E-01
1.1178052E-07,-1.4885026E-01
1.1183052E-07,-1.4890297E-01
1.1188052E-07,-1.4890297E-01
1.1193052E-07,-1.4895568E-01
1.1198052E-07,-1.4895568E-01
1.1203052E-07,-1.4900839E-01
1.1208052E-07,-1.4906110E-01
1.1213052E-07,-1.4906110E-01
1.1218052E-07,-1.4911381E-01
1.1223052E-07,-1.4916652E-01
1.1228052E-07,-1.4916652E-01
1.1233052E-07,-1.4921923E-01
1.1238052E-07,-1.4927194E-01
1.1243052E-07,-1.4927194E-01
1.1248052E-07,-1.4932464E-01
1.1253052E-07,-1.4932464E-01
1.1258052E-07,-1.4937735E-01
1.1263052E-07,-1.4943006E-01
1.1268052E-07,-1.4943006E-01
1.1273052E-07,-1.4948277E-01
1.1278052E-07,-1.4948277E-01
1.1283052E-07,-1.4948277E-01
1.1288052E-07,-1.4953548E-01
1.1293052E-07,-1.4953548E-01
1.1298052E-07,-1.4958819E-01
1.1303052E-07,-1.4958819E-01
1.1308052E-07,-1.4958819E-01
1.1313052E-07,-1.4958819E-01
1.1318052E-07,-1.4958819E-01
1.1323052E-07,-1.4958819E-01
1.1328052E-07,-1.4958819E-01
1.1333052E-07,-1.4958819E-01
1.1338052E-07,-1.4958819E-01
1.1343052E-07,-1.4958819E-01
1.1348052E-07,-1.4958819E-01
1.1353052E-07,-1.4958819E-01
1.1358052E-07,-1.4953548E-01
1.1363052E-07,-1.4953548E-01
1.1368052E-07,-1.4953548E-01
1.1373052E-07,-1.4953548E-01
1.1378052E-07,-1.4948277E-01
1.1383052E-07,-1.4948277E-01
1.1388052E-07,-1.4948277E-01
1.1393052E-07,-1.4943006E-01
1.1398052E-07,-1.4943006E-01
1.1403052E-07,-1.4943006E-01
1.1408052E-07,-1.4937735E-01
1.1413052E-07,-1.4937735E-01
1.1418052E-07,-1.4937735E-01
1.1423052E-07,-1.4937735E-01
1.1428052E-07,-1.4932464E-01
1.1433052E-07,-1.4932464E-01
1.1438052E-07,-1.4932464E-01
1.1443052E-07,-1.4932464E-01
1.1448052E-07,-1.4932464E-01
1.1453052E-07,-1.4932464E-01
1.1458052E-07,-1.4932464E-01
1.1463052E-07,-1.4932464E-01
1.1468052E-07,-1.4937735E-01
1.1473052E-07,-1.4937735E-01
1.1478052E-07,-1.4937735E-01
1.1483052E-07,-1.4937735E-01
1.1488052E-07,-1.4937735E-01
1.1493052E-07,-1.4943006E-01
1.1498052E-07,-1.4943006E-01
1.1503052E-07,-1.4943006E-01
1.1508052E-07,-1.4943006E-01
1.1513052E-07,-1.4943006E-01
1.1518052E-07,-1.4948277E-01
1.1523052E-07,-1.4948277E-01
1.1528052E-07,-1.4948277E-01
1.1533052E-07,-1.4948277E-01
1.1538052E-07,-1.4948277E-01
1.1543052E-07,-1.4948277E-01
1.1548052E-07,-1.4948277E-01
1.1553052E-07,-1.4948277E-01
1.1558052E-07,-1.4948277E-01
1.1563052E-07,-1.4948277E-01
1.1568052E-07,-1.4948277E-01
1.1573052E-07,-1.4948277E-01
1.1578052E-07,-1.4948277E-01
1.1583052E-07,-1.4948277E-01
1.1588052E-07,-1.4948277E-01
1.1593052E-07,-1.4943006E-01
1.1598052E-07,-1.4943006E-01
1.1603052E-07,-1.4943006E-01
1.1608052E-07,-1.4943006E-01
1.1613052E-07,-1.4943006E-01
1.1618052E-07,-1.4943006E-01
1.1623052E-07,-1.4937735E-01
1.1628052E-07,-1.4937735E-01
1.1633052E-07,-1.4937735E-01
1.1638052E-07,-1.4937735E-01
1.1643052E-07,-1.4937735E-01
1.1648052E-07,-1.4937735E-01
1.1653052E-07,-1.4937735E-01
1.1658052E-07,-1.4937735E-01
1.1663052E-07,-1.4943006E-01
1.1668052E-07,-1.4943006E-01
1.1673052E-07,-1.4943006E-01
1.1678052E-07,-1.4943006E-01
1.1683052E-07,-1.4948277E-01
1.1688052E-07,-1.4948277E-01
1.1693052E-07,-1.4948277E-01
1.1698052E-07,-1.4953548E-01
1.1703052E-07,-1.4953548E-01
1.1708052E-07,-1.4953548E-01
1.1713052E-07,-1.4958819E-01
1.1718052E-07,-1.4958819E-01
1.1723052E-07,-1.4958819E-01
1.1728052E-07,-1.4964090E-01
1.1733052E-07,-1.4964090E-01
1.1738052E-07,-1.4964090E-01
1.1743052E-07,-1.4964090E-01
1.1748052E-07,-1.4969361E-01
1.1753052E-07,-1.4969361E-01
1.1758052E-07,-1.4969361E-01
1.1763052E-07,-1.4969361E-01
1.1768052E-07,-1.4969361E-01
1.1773052E-07,-1.4964090E-01
1.1778052E-07,-1.4964090E-01
1.1783052E-07,-1.4964090E-01
1.1788052E-07,-1.4958819E-01
1.1793052E-07,-1.4958819E-01
1.1798052E-07,-1.4953548E-01
1.1803052E-07,-1.4953548E-01
1.1808052E-07,-1.4948277E-01
1.1813052E-07,-1.4943006E-01
1.1818052E-07,-1.4943006E-01
1.1823052E-07,-1.4937735E-01
1.1828052E-07,-1.4932464E-01
1.1833052E-07,-1.4927194E-01
1.1838052E-07,-1.4921923E-01
1.1843052E-07,-1.4916652E-01
1.1848052E-07,-1.4911381E-01
1.1853052E-07,-1.4906110E-01
1.1858052E-07,-1.4900839E-01
1.1863052E-07,-1.4895568E-01
1.1868052E-07,-1.4890297E-01
1.1873052E-07,-1.4890297E-01
1.1878052E-07,-1.4885026E-01
1.1883052E-07,-1.4879755E-01
1.1888052E-07,-1.4874485E-01
1.1893052E-07,-1.4869214E-01
1.1898052E-07,-1.4869214E-01
1.1903052E-07,-1.4863943E-01
1.1908052E-07,-1.4863943E-01
1.1913052E-07,-1.4858672E-01
1.1918052E-07,-1.4858672E-01
1.1923052E-07,-1.4853401E-01
1.1928052E-07,-1.4853401E-01
1.1933052E-07,-1.4853401E-01
1.1938052E-07,-1.4853401E-01
1.1943052E-07,-1.4853401E-01
1.1948052E-07,-1.4853401E-01
1.1953052E-07,-1.4853401E-01
1.1958052E-07,-1.4853401E-01
1.1963052E-07,-1.4853401E-01
1.1968052E-07,-1.4858672E-01
1.1973052E-07,-1.4858672E-01
1.1978052E-07,-1.4858672E-01
1.1983052E-07,-1.4863943E-01
1.1988052E-07,-1.4863943E-01
1.1993052E-07,-1.4869214E-01
1.1998052E-07,-1.4874485E-01
1.2003052E-07,-1.4874485E-01
1.2008052E-07,-1.4879755E-01
1.2013052E-07,-1.4885026E-01
1.2018052E-07,-1.4885026E-01
1.2023052E-07,-1.4890297E-01
1.2028052E-07,-1.4895568E-01
1.2033052E-07,-1.4900839E-01
1.2038052E-07,-1.4900839E-01
1.2043052E-07,-1.4906110E-01
1.2048052E-07,-1.4911381E-01
1.2053052E-07,-1.4911381E-01
1.2058052E-07,-1.4916652E-01
1.2063052E-07,-1.4916652E-01
1.2068052E-07,-1.4921923E-01
1.2073052E-07,-1.4921923E-01
1.2078052E-07,-1.4927194E-01
1.2083052E-07,-1.4927194E-01
1.2088052E-07,-1.4927194E-01
1.2093052E-07,-1.4932464E-01
1.2098052E-07,-1.4932464E-01
1.2103052E-07,-1.4932464E-01
1.2108052E-07,-1.4932464E-01
1.2113052E-07,-1.4932464E-01
1.2118052E-07,-1.4932464E-01
1.2123052E-07,-1.4927194E-01
1.2128052E-07,-1.4927194E-01
1.2133052E-07,-1.4927194E-01
1.2138052E-07,-1.4927194E-01
1.2143052E-07,-1.4921923E-01
1.2148052E-07,-1.4921923E-01
1.2153052E-07,-1.4916652E-01
1.2158052E-07,-1.4916652E-01
1.2163052E-07,-1.4911381E-01
1.2168052E-07,-1.4911381E-01
1.2173052E-07,-1.4906110E-01
1.2178052E-07,-1.4906110E-01
1.2183052E-07,-1.4900839E-01
1.2188052E-07,-1.4900839E-01
1.2193052E-07,-1.4895568E-01
1.2198052E-07,-1.4895568E-01
1.2203052E-07,-1.4895568E-01
1.2208052E-07,-1.4890297E-01
1.2213052E-07,-1.4890297E-01
1.2218052E-07,-1.4890297E-01
1.2223052E-07,-1.4890297E-01
1.2228052E-07,-1.4890297E-01
1.2233052E-07,-1.4890297E-01
1.2238052E-07,-1.4890297E-01
1.2243052E-07,-1.4890297E-01
1.2248052E-07,-1.4890297E-01
1.2253052E-07,-1.4895568E-01
1.2258052E-07,-1.4895568E-01
1.2263052E-07,-1.4900839E-01
1.2268052E-07,-1.4900839E-01
1.2273052E-07,-1.4906110E-01
1.2278052E-07,-1.4906110E-01
1.2283052E-07,-1.4911381E-01
1.2288052E-07,-1.4911381E-01
1.2293052E-07,-1.4916652E-01
1.2298052E-07,-1.4921923E-01
1.2303052E-07,-1.4921923E-01
1.2308052E-07,-1.4927194E-01
1.2313052E-07,-1.4927194E-01
1.2318052E-07,-1.4932464E-01
1.2323052E-07,-1.4937735E-01
1.2328052E-07,-1.4937735E-01
1.2333052E-07,-1.4943006E-01
1.2338052E-07,-1.4943006E-01
1.2343052E-07,-1.4943006E-01
1.2348052E-07,-1.4948277E-01
1.2353052E-07,-1.4948277E-01
1.2358052E-07,-1.4948277E-01
1.2363052E-07,-1.4948277E-01
1.2368052E-07,-1.4948277E-01
1.2373052E-07,-1.4948277E-01
1.2378052E-07,-1.4948277E-01
1.2383052E-07,-1.4948277E-01
1.2388052E-07,-1.4948277E-01
1.2393052E-07,-1.4943006E-01
1.2398052E-07,-1.4943006E-01
1.2403052E-07,-1.4943006E-01
1.2408052E-07,-1.4943006E-01
1.2413052E-07,-1.4937735E-01
1.2418052E-07,-1.4937735E-01
1.2423052E-07,-1.4932464E-01
1.2428052E-07,-1.4932464E-01
1.2433052E-07,-1.4932464E-01
1.2438052E-07,-1.4932464E-01
1.2443052E-07,-1.4927194E-01
1.2448052E-07,-1.4927194E-01
1.2453052E-07,-1.4927194E-01
1.2458052E-07,-1.4927194E-01
1.2463052E-07,-1.4927194E-01
1.2468052E-07,-1.4927194E-01
1.2473052E-07,-1.4927194E-01
1.2478052E-07,-1.4927194E-01
1.2483052E-07,-1.4932464E-01
1.2488052E-07,-1.4932464E-01
1.2493052E-07,-1.4932464E-01
1.2498052E-07,-1.4937735E-01
1.2503052E-07,-1.4943006E-01
1.2508052E-07,-1.4943006E-01
1.2513052E-07,-1.4948277E-01
1.2518052E-07,-1.4953548E-01
1.2523052E-07,-1.4958819E-01
1.2528052E-07,-1.4964090E-01
1.2533052E-07,-1.4969361E-01
1.2538052E-07,-1.4974632E-01
1.2543052E-07,-1.4979903E-01
1.2548052E-07,-1.4985173E-01
1.2553052E-07,-1.4990444E-01
1.2558052E-07,-1.4995715E-01
1.2563052E-07,-1.5000986E-01
1.2568052E-07,-1.5006257E-01
1.2573052E-07,-1.5016799E-01
1.2578052E-07,-1.5022070E-01
1.2583052E-07,-1.5022070E-01
1.2588052E-07,-1.5027341E-01
1.2593052E-07,-1.5032612E-01
1.2598052E-07,-1.5037883E-01
1.2603052E-07,-1.5043153E-01
1.2608052E-07,-1.5043153E-01
1.2613052E-07,-1.5043153E-01
1.2618052E-07,-1.5048424E-01
1.2623052E-07,-1.5048424E-01
1.2628052E-07,-1.5048424E-01
1.2633052E-07,-1.5048424E-01
1.2638052E-07,-1.5048424E-01
1.2643052E-07,-1.5048424E-01
1.2648052E-07,-1.5043153E-01
1.2653052E-07,-1.5043153E-01
1.2658052E-07,-1.5037883E-01
1.2663052E-07,-1.5037883E-01
1.2668052E-07,-1.5032612E-01
1.2673052E-07,-1.5032612E-01
1.2678052E-07,-1.5027341E-01
1.2683052E-07,-1.5022070E-01
1.2688052E-07,-1.5016799E-01
1.2693052E-07,-1.5011528E-01
1.2698052E-07,-1.5006257E-01
1.2703052E-07,-1.5006257E-01
1.2708052E-07,-1.5000986E-01
1.2713052E-07,-1.4995715E-01
1.2718052E-07,-1.4990444E-01
1.2723052E-07,-1.4990444E-01
1.2728052E-07,-1.4985173E-01
1.2733052E-07,-1.4985173E-01
1.2738052E-07,-1.4985173E-01
1.2743052E-07,-1.4979903E-01
1.2748052E-07,-1.4979903E-01
1.2753052E-07,-1.4979903E-01
1.2758052E-07,-1.4979903E-01
1.2763052E-07,-1.4985173E-01
1.2768052E-07,-1.4985173E-01
1.2773052E-07,-1.4985173E-01
1.2778052E-07,-1.4990444E-01
1.2783052E-07,-1.4995715E-01
1.2788052E-07,-1.4995715E-01
1.2793052E-07,-1.5000986E-01
1.2798052E-07,-1.5006257E-01
1.2803052E-07,-1.5011528E-01
1.2808052E-07,-1.5016799E-01
1.2813052E-07,-1.5022070E-01
1.2818052E-07,-1.5027341E-01
1.2823052E-07,-1.5032612E-01
1.2828052E-07,-1.5037883E-01
1.2833052E-07,-1.5037883E-01
1.2838052E-07,-1.5043153E-01
1.2843052E-07,-1.5048424E-01
1.2848052E-07,-1.5048424E-01
1.2853052E-07,-1.5053695E-01
1.2858052E-07,-1.5053695E-01
1.2863052E-07,-1.5053695E-01
1.2868052E-07,-1.5058966E-01
