-7.138813E-08,-1.4943006E-01
-7.133813E-08,-1.4948277E-01
-7.128813E-08,-1.4948277E-01
-7.123813E-08,-1.4948277E-01
-7.118813E-08,-1.4953548E-01
-7.113813E-08,-1.4953548E-01
-7.108813E-08,-1.4953548E-01
-7.103813E-08,-1.4953548E-01
-7.098813E-08,-1.4958819E-01
-7.093813E-08,-1.4958819E-01
-7.088813E-08,-1.4958819E-01
-7.083813E-08,-1.4958819E-01
-7.078813E-08,-1.4958819E-01
-7.073813E-08,-1.4958819E-01
-7.068813E-08,-1.4958819E-01
-7.063813E-08,-1.4958819E-01
-7.058813E-08,-1.4958819E-01
-7.053813E-08,-1.4953548E-01
-7.048813E-08,-1.4953548E-01
-7.043813E-08,-1.4953548E-01
-7.038813E-08,-1.4953548E-01
-7.033813E-08,-1.4953548E-01
-7.028813E-08,-1.4953548E-01
-7.023813E-08,-1.4953548E-01
-7.018813E-08,-1.4953548E-01
-7.013813E-08,-1.4953548E-01
-7.008813E-08,-1.4953548E-01
-7.003813E-08,-1.4953548E-01
-6.998813E-08,-1.4953548E-01
-6.993813E-08,-1.4953548E-01
-6.988813E-08,-1.4953548E-01
-6.983813E-08,-1.4953548E-01
-6.978813E-08,-1.4953548E-01
-6.973813E-08,-1.4953548E-01
-6.968813E-08,-1.4958819E-01
-6.963813E-08,-1.4958819E-01
-6.958813E-08,-1.4958819E-01
-6.953813E-08,-1.4958819E-01
-6.948813E-08,-1.4958819E-01
-6.943813E-08,-1.4964090E-01
-6.938813E-08,-1.4964090E-01
-6.933813E-08,-1.4964090E-01
-6.928813E-08,-1.4964090E-01
-6.923813E-08,-1.4964090E-01
-6.918813E-08,-1.4969361E-01
-6.913813E-08,-1.4969361E-01
-6.908813E-08,-1.4969361E-01
-6.903813E-08,-1.4969361E-01
-6.898813E-08,-1.4969361E-01
-6.893813E-08,-1.4969361E-01
-6.888813E-08,-1.4969361E-01
-6.883813E-08,-1.4969361E-01
-6.878813E-08,-1.4969361E-01
-6.873813E-08,-1.4969361E-01
-6.868813E-08,-1.4969361E-01
-6.863813E-08,-1.4974632E-01
-6.858813E-08,-1.4974632E-01
-6.853813E-08,-1.4974632E-01
-6.848813E-08,-1.4974632E-01
-6.843813E-08,-1.4974632E-01
-6.838813E-08,-1.4974632E-01
-6.833813E-08,-1.4974632E-01
-6.828813E-08,-1.4979903E-01
-6.823813E-08,-1.4979903E-01
-6.818813E-08,-1.4979903E-01
-6.813813E-08,-1.4985173E-01
-6.808813E-08,-1.4985173E-01
-6.803813E-08,-1.4990444E-01
-6.798813E-08,-1.4990444E-01
-6.793813E-08,-1.4995715E-01
-6.788813E-08,-1.4995715E-01
-6.783813E-08,-1.5000986E-01
-6.778813E-08,-1.5006257E-01
-6.773813E-08,-1.5006257E-01
-6.768813E-08,-1.5011528E-01
-6.763813E-08,-1.5016799E-01
-6.758813E-08,-1.5016799E-01
-6.753813E-08,-1.5022070E-01
-6.748813E-08,-1.5022070E-01
-6.743813E-08,-1.5027341E-01
-6.738813E-08,-1.5032612E-01
-6.733813E-08,-1.5032612E-01
-6.728813E-08,-1.5032612E-01
-6.723813E-08,-1.5037883E-01
-6.718813E-08,-1.5037883E-01
-6.713813E-08,-1.5037883E-01
-6.708813E-08,-1.5037883E-01
-6.703813E-08,-1.5037883E-01
-6.698813E-08,-1.5032612E-01
-6.693813E-08,-1.5032612E-01
-6.688813E-08,-1.5032612E-01
-6.683813E-08,-1.5027341E-01
-6.678813E-08,-1.5027341E-01
-6.673813E-08,-1.5022070E-01
-6.668813E-08,-1.5016799E-01
-6.663813E-08,-1.5011528E-01
-6.658813E-08,-1.5006257E-01
-6.653813E-08,-1.5000986E-01
-6.648813E-08,-1.4995715E-01
-6.643813E-08,-1.4990444E-01
-6.638813E-08,-1.4985173E-01
-6.633813E-08,-1.4979903E-01
-6.628813E-08,-1.4974632E-01
-6.623813E-08,-1.4969361E-01
-6.618813E-08,-1.4964090E-01
-6.613813E-08,-1.4958819E-01
-6.608813E-08,-1.4953548E-01
-6.603813E-08,-1.4948277E-01
-6.598813E-08,-1.4943006E-01
-6.593813E-08,-1.4943006E-01
-6.588813E-08,-1.4937735E-01
-6.583813E-08,-1.4937735E-01
-6.578813E-08,-1.4937735E-01
-6.573813E-08,-1.4932464E-01
-6.568813E-08,-1.4932464E-01
-6.563813E-08,-1.4932464E-01
-6.558813E-08,-1.4932464E-01
-6.553813E-08,-1.4937735E-01
-6.548813E-08,-1.4937735E-01
-6.543813E-08,-1.4937735E-01
-6.538813E-08,-1.4943006E-01
-6.533813E-08,-1.4943006E-01
-6.528813E-08,-1.4948277E-01
-6.523813E-08,-1.4953548E-01
-6.518813E-08,-1.4953548E-01
-6.513813E-08,-1.4958819E-01
-6.508813E-08,-1.4958819E-01
-6.503813E-08,-1.4964090E-01
-6.498813E-08,-1.4969361E-01
-6.493813E-08,-1.4969361E-01
-6.488813E-08,-1.4974632E-01
-6.483813E-08,-1.4974632E-01
-6.478813E-08,-1.4974632E-01
-6.473813E-08,-1.4979903E-01
-6.468813E-08,-1.4979903E-01
-6.463813E-08,-1.4979903E-01
-6.458813E-08,-1.4979903E-01
-6.453813E-08,-1.4979903E-01
-6.448813E-08,-1.4979903E-01
-6.443813E-08,-1.4979903E-01
-6.438813E-08,-1.4979903E-01
-6.433813E-08,-1.4974632E-01
-6.428813E-08,-1.4974632E-01
-6.423813E-08,-1.4974632E-01
-6.418813E-08,-1.4969361E-01
-6.413813E-08,-1.4969361E-01
-6.408813E-08,-1.4964090E-01
-6.403813E-08,-1.4964090E-01
-6.398813E-08,-1.4958819E-01
-6.393813E-08,-1.4953548E-01
-6.388813E-08,-1.4953548E-01
-6.383813E-08,-1.4948277E-01
-6.378813E-08,-1.4948277E-01
-6.373813E-08,-1.4943006E-01
-6.368813E-08,-1.4943006E-01
-6.363813E-08,-1.4937735E-01
-6.358813E-08,-1.4937735E-01
-6.353813E-08,-1.4932464E-01
-6.348813E-08,-1.4932464E-01
-6.343813E-08,-1.4932464E-01
-6.338813E-08,-1.4927194E-01
-6.333813E-08,-1.4927194E-01
-6.328813E-08,-1.4927194E-01
-6.323813E-08,-1.4927194E-01
-6.318813E-08,-1.4921923E-01
-6.313813E-08,-1.4921923E-01
-6.308813E-08,-1.4921923E-01
-6.303813E-08,-1.4921923E-01
-6.298813E-08,-1.4921923E-01
-6.293813E-08,-1.4921923E-01
-6.288813E-08,-1.4921923E-01
-6.283813E-08,-1.4921923E-01
-6.278813E-08,-1.4921923E-01
-6.273813E-08,-1.4921923E-01
-6.268813E-08,-1.4921923E-01
-6.263813E-08,-1.4916652E-01
-6.258813E-08,-1.4916652E-01
-6.253813E-08,-1.4916652E-01
-6.248813E-08,-1.4916652E-01
-6.243813E-08,-1.4916652E-01
-6.238813E-08,-1.4911381E-01
-6.233813E-08,-1.4911381E-01
-6.228813E-08,-1.4911381E-01
-6.223813E-08,-1.4911381E-01
-6.218813E-08,-1.4906110E-01
-6.213813E-08,-1.4906110E-01
-6.208813E-08,-1.4906110E-01
-6.203813E-08,-1.4900839E-01
-6.198813E-08,-1.4900839E-01
-6.193813E-08,-1.4900839E-01
-6.188813E-08,-1.4895568E-01
-6.183813E-08,-1.4895568E-01
-6.178813E-08,-1.4895568E-01
-6.173813E-08,-1.4895568E-01
-6.168813E-08,-1.4895568E-01
-6.163813E-08,-1.4890297E-01
-6.158813E-08,-1.4890297E-01
-6.153813E-08,-1.4890297E-01
-6.148813E-08,-1.4890297E-01
-6.143813E-08,-1.4890297E-01
-6.138813E-08,-1.4890297E-01
-6.133813E-08,-1.4890297E-01
-6.128813E-08,-1.4890297E-01
-6.123813E-08,-1.4890297E-01
-6.118813E-08,-1.4890297E-01
-6.113813E-08,-1.4890297E-01
-6.108813E-08,-1.4890297E-01
-6.103813E-08,-1.4890297E-01
-6.098813E-08,-1.4890297E-01
-6.093813E-08,-1.4890297E-01
-6.088813E-08,-1.4890297E-01
-6.083813E-08,-1.4890297E-01
-6.078813E-08,-1.4890297E-01
-6.073813E-08,-1.4895568E-01
-6.068813E-08,-1.4895568E-01
-6.063813E-08,-1.4895568E-01
-6.058813E-08,-1.4895568E-01
-6.053813E-08,-1.4895568E-01
-6.048813E-08,-1.4895568E-01
-6.043813E-08,-1.4895568E-01
-6.038813E-08,-1.4895568E-01
-6.033813E-08,-1.4895568E-01
-6.028813E-08,-1.4895568E-01
-6.023813E-08,-1.4895568E-01
-6.018813E-08,-1.4895568E-01
-6.013813E-08,-1.4895568E-01
-6.008813E-08,-1.4900839E-01
-6.003813E-08,-1.4900839E-01
-5.998813E-08,-1.4900839E-01
-5.993813E-08,-1.4900839E-01
-5.988813E-08,-1.4900839E-01
-5.983813E-08,-1.4906110E-01
-5.978813E-08,-1.4906110E-01
-5.973813E-08,-1.4906110E-01
-5.968813E-08,-1.4906110E-01
-5.963813E-08,-1.4911381E-01
-5.958813E-08,-1.4911381E-01
-5.953813E-08,-1.4911381E-01
-5.948813E-08,-1.4916652E-01
-5.943813E-08,-1.4916652E-01
-5.938813E-08,-1.4916652E-01
-5.933813E-08,-1.4916652E-01
-5.928813E-08,-1.4921923E-01
-5.923813E-08,-1.4921923E-01
-5.918813E-08,-1.4921923E-01
-5.913813E-08,-1.4921923E-01
-5.908813E-08,-1.4921923E-01
-5.903813E-08,-1.4921923E-01
-5.898813E-08,-1.4921923E-01
-5.893813E-08,-1.4921923E-01
-5.888813E-08,-1.4916652E-01
-5.883813E-08,-1.4916652E-01
-5.878813E-08,-1.4916652E-01
-5.873813E-08,-1.4911381E-01
-5.868813E-08,-1.4911381E-01
-5.863813E-08,-1.4906110E-01
-5.858813E-08,-1.4906110E-01
-5.853813E-08,-1.4900839E-01
-5.848813E-08,-1.4900839E-01
-5.843813E-08,-1.4895568E-01
-5.838813E-08,-1.4890297E-01
-5.833813E-08,-1.4890297E-01
-5.828813E-08,-1.4885026E-01
-5.823813E-08,-1.4885026E-01
-5.818813E-08,-1.4879755E-01
-5.813813E-08,-1.4879755E-01
-5.808813E-08,-1.4879755E-01
-5.803813E-08,-1.4874485E-01
-5.798813E-08,-1.4874485E-01
-5.793813E-08,-1.4874485E-01
-5.788813E-08,-1.4874485E-01
-5.783813E-08,-1.4874485E-01
-5.778813E-08,-1.4874485E-01
-5.773813E-08,-1.4879755E-01
-5.768813E-08,-1.4879755E-01
-5.763813E-08,-1.4885026E-01
-5.758813E-08,-1.4885026E-01
-5.753813E-08,-1.4890297E-01
-5.748813E-08,-1.4895568E-01
-5.743813E-08,-1.4900839E-01
-5.738813E-08,-1.4906110E-01
-5.733813E-08,-1.4911381E-01
-5.728813E-08,-1.4916652E-01
-5.723813E-08,-1.4921923E-01
-5.718813E-08,-1.4927194E-01
-5.713813E-08,-1.4932464E-01
-5.708813E-08,-1.4937735E-01
-5.703813E-08,-1.4943006E-01
-5.698813E-08,-1.4948277E-01
-5.693813E-08,-1.4953548E-01
-5.688813E-08,-1.4953548E-01
-5.683813E-08,-1.4958819E-01
-5.678813E-08,-1.4964090E-01
-5.673813E-08,-1.4964090E-01
-5.668813E-08,-1.4969361E-01
-5.663813E-08,-1.4969361E-01
-5.658813E-08,-1.4969361E-01
-5.653813E-08,-1.4969361E-01
-5.648813E-08,-1.4969361E-01
-5.643813E-08,-1.4969361E-01
-5.638813E-08,-1.4969361E-01
-5.633813E-08,-1.4969361E-01
-5.628813E-08,-1.4969361E-01
-5.623813E-08,-1.4964090E-01
-5.618813E-08,-1.4964090E-01
-5.613813E-08,-1.4958819E-01
-5.608813E-08,-1.4958819E-01
-5.603813E-08,-1.4953548E-01
-5.598813E-08,-1.4953548E-01
-5.593813E-08,-1.4948277E-01
-5.588813E-08,-1.4948277E-01
-5.583813E-08,-1.4943006E-01
-5.578813E-08,-1.4943006E-01
-5.573813E-08,-1.4937735E-01
-5.568813E-08,-1.4937735E-01
-5.563813E-08,-1.4932464E-01
-5.558813E-08,-1.4932464E-01
-5.553813E-08,-1.4932464E-01
-5.548813E-08,-1.4927194E-01
-5.543813E-08,-1.4927194E-01
-5.538813E-08,-1.4927194E-01
-5.533813E-08,-1.4921923E-01
-5.528813E-08,-1.4921923E-01
-5.523813E-08,-1.4921923E-01
-5.518813E-08,-1.4921923E-01
-5.513813E-08,-1.4921923E-01
-5.508813E-08,-1.4916652E-01
-5.503813E-08,-1.4916652E-01
-5.498813E-08,-1.4916652E-01
-5.493813E-08,-1.4916652E-01
-5.488813E-08,-1.4911381E-01
-5.483813E-08,-1.4911381E-01
-5.478813E-08,-1.4911381E-01
-5.473813E-08,-1.4911381E-01
-5.468813E-08,-1.4906110E-01
-5.463813E-08,-1.4906110E-01
-5.458813E-08,-1.4900839E-01
-5.453813E-08,-1.4900839E-01
-5.448813E-08,-1.4900839E-01
-5.443813E-08,-1.4895568E-01
-5.438813E-08,-1.4895568E-01
-5.433813E-08,-1.4895568E-01
-5.428813E-08,-1.4890297E-01
-5.423813E-08,-1.4890297E-01
-5.418813E-08,-1.4890297E-01
-5.413813E-08,-1.4890297E-01
-5.408813E-08,-1.4890297E-01
-5.403813E-08,-1.4885026E-01
-5.398813E-08,-1.4885026E-01
-5.393813E-08,-1.4890297E-01
-5.388813E-08,-1.4890297E-01
-5.383813E-08,-1.4890297E-01
-5.378813E-08,-1.4890297E-01
-5.373813E-08,-1.4890297E-01
-5.368813E-08,-1.4895568E-01
-5.363813E-08,-1.4895568E-01
-5.358813E-08,-1.4900839E-01
-5.353813E-08,-1.4900839E-01
-5.348813E-08,-1.4906110E-01
-5.343813E-08,-1.4906110E-01
-5.338813E-08,-1.4911381E-01
-5.333813E-08,-1.4911381E-01
-5.328813E-08,-1.4916652E-01
-5.323813E-08,-1.4916652E-01
-5.318813E-08,-1.4921923E-01
-5.313813E-08,-1.4921923E-01
-5.308813E-08,-1.4921923E-01
-5.303813E-08,-1.4921923E-01
-5.298813E-08,-1.4921923E-01
-5.293813E-08,-1.4921923E-01
-5.288813E-08,-1.4921923E-01
-5.283813E-08,-1.4921923E-01
-5.278813E-08,-1.4921923E-01
-5.273813E-08,-1.4916652E-01
-5.268813E-08,-1.4916652E-01
-5.263813E-08,-1.4911381E-01
-5.258813E-08,-1.4906110E-01
-5.253813E-08,-1.4900839E-01
-5.248813E-08,-1.4895568E-01
-5.243813E-08,-1.4895568E-01
-5.238813E-08,-1.4890297E-01
-5.233813E-08,-1.4885026E-01
-5.228813E-08,-1.4874485E-01
-5.223813E-08,-1.4874485E-01
-5.218813E-08,-1.4869214E-01
-5.213813E-08,-1.4863943E-01
-5.208813E-08,-1.4858672E-01
-5.203813E-08,-1.4853401E-01
-5.198813E-08,-1.4848130E-01
-5.193813E-08,-1.4848130E-01
-5.188813E-08,-1.4842859E-01
-5.183813E-08,-1.4842859E-01
-5.178813E-08,-1.4842859E-01
-5.173813E-08,-1.4842859E-01
-5.168813E-08,-1.4842859E-01
-5.163813E-08,-1.4842859E-01
-5.158813E-08,-1.4848130E-01
-5.153813E-08,-1.4848130E-01
-5.148813E-08,-1.4853401E-01
-5.143813E-08,-1.4858672E-01
-5.138813E-08,-1.4858672E-01
-5.133813E-08,-1.4863943E-01
-5.128813E-08,-1.4869214E-01
-5.123813E-08,-1.4874485E-01
-5.118813E-08,-1.4879755E-01
-5.113813E-08,-1.4885026E-01
-5.108813E-08,-1.4890297E-01
-5.103813E-08,-1.4895568E-01
-5.098813E-08,-1.4900839E-01
-5.093813E-08,-1.4906110E-01
-5.088813E-08,-1.4911381E-01
-5.083813E-08,-1.4916652E-01
-5.078813E-08,-1.4916652E-01
-5.073813E-08,-1.4921923E-01
-5.068813E-08,-1.4921923E-01
-5.063813E-08,-1.4921923E-01
-5.058813E-08,-1.4921923E-01
-5.053813E-08,-1.4921923E-01
-5.048813E-08,-1.4921923E-01
-5.043813E-08,-1.4921923E-01
-5.038813E-08,-1.4916652E-01
-5.033813E-08,-1.4916652E-01
-5.028813E-08,-1.4911381E-01
-5.023813E-08,-1.4906110E-01
-5.018813E-08,-1.4900839E-01
-5.013813E-08,-1.4900839E-01
-5.008813E-08,-1.4895568E-01
-5.003813E-08,-1.4890297E-01
-4.998813E-08,-1.4885026E-01
-4.993813E-08,-1.4879755E-01
-4.988813E-08,-1.4874485E-01
-4.983813E-08,-1.4874485E-01
-4.978813E-08,-1.4869214E-01
-4.973813E-08,-1.4863943E-01
-4.968813E-08,-1.4863943E-01
-4.963813E-08,-1.4863943E-01
-4.958813E-08,-1.4858672E-01
-4.953813E-08,-1.4858672E-01
-4.948813E-08,-1.4858672E-01
-4.943813E-08,-1.4858672E-01
-4.938813E-08,-1.4858672E-01
-4.933813E-08,-1.4858672E-01
-4.928813E-08,-1.4858672E-01
-4.923813E-08,-1.4863943E-01
-4.918813E-08,-1.4863943E-01
-4.913813E-08,-1.4869214E-01
-4.908813E-08,-1.4869214E-01
-4.903813E-08,-1.4874485E-01
-4.898813E-08,-1.4874485E-01
-4.893813E-08,-1.4879755E-01
-4.888813E-08,-1.4885026E-01
-4.883813E-08,-1.4885026E-01
-4.878813E-08,-1.4890297E-01
-4.873813E-08,-1.4890297E-01
-4.868813E-08,-1.4895568E-01
-4.863813E-08,-1.4895568E-01
-4.858813E-08,-1.4900839E-01
-4.853813E-08,-1.4900839E-01
-4.848813E-08,-1.4900839E-01
-4.843813E-08,-1.4900839E-01
-4.838813E-08,-1.4906110E-01
-4.833813E-08,-1.4906110E-01
-4.828813E-08,-1.4906110E-01
-4.823813E-08,-1.4906110E-01
-4.818813E-08,-1.4906110E-01
-4.813813E-08,-1.4906110E-01
-4.808813E-08,-1.4906110E-01
-4.803813E-08,-1.4906110E-01
-4.798813E-08,-1.4906110E-01
-4.793813E-08,-1.4906110E-01
-4.788813E-08,-1.4906110E-01
-4.783813E-08,-1.4906110E-01
-4.778813E-08,-1.4906110E-01
-4.773813E-08,-1.4906110E-01
-4.768813E-08,-1.4906110E-01
-4.763813E-08,-1.4906110E-01
-4.758813E-08,-1.4906110E-01
-4.753813E-08,-1.4906110E-01
-4.748813E-08,-1.4911381E-01
-4.743813E-08,-1.4911381E-01
-4.738813E-08,-1.4911381E-01
-4.733813E-08,-1.4916652E-01
-4.728813E-08,-1.4916652E-01
-4.723813E-08,-1.4916652E-01
-4.718813E-08,-1.4921923E-01
-4.713813E-08,-1.4921923E-01
-4.708813E-08,-1.4921923E-01
-4.703813E-08,-1.4927194E-01
-4.698813E-08,-1.4927194E-01
-4.693813E-08,-1.4927194E-01
-4.688813E-08,-1.4927194E-01
-4.683813E-08,-1.4927194E-01
-4.678813E-08,-1.4927194E-01
-4.673813E-08,-1.4927194E-01
-4.668813E-08,-1.4927194E-01
-4.663813E-08,-1.4927194E-01
-4.658813E-08,-1.4921923E-01
-4.653813E-08,-1.4921923E-01
-4.648813E-08,-1.4916652E-01
-4.643813E-08,-1.4916652E-01
-4.638813E-08,-1.4911381E-01
-4.633813E-08,-1.4906110E-01
-4.628813E-08,-1.4900839E-01
-4.623813E-08,-1.4900839E-01
-4.618813E-08,-1.4895568E-01
-4.613813E-08,-1.4890297E-01
-4.608813E-08,-1.4885026E-01
-4.603813E-08,-1.4885026E-01
-4.598813E-08,-1.4879755E-01
-4.593813E-08,-1.4874485E-01
-4.588813E-08,-1.4874485E-01
-4.583813E-08,-1.4869214E-01
-4.578813E-08,-1.4869214E-01
-4.573813E-08,-1.4869214E-01
-4.568813E-08,-1.4869214E-01
-4.563813E-08,-1.4869214E-01
-4.558813E-08,-1.4869214E-01
-4.553813E-08,-1.4869214E-01
-4.548813E-08,-1.4874485E-01
-4.543813E-08,-1.4874485E-01
-4.538813E-08,-1.4879755E-01
-4.533813E-08,-1.4879755E-01
-4.528813E-08,-1.4885026E-01
-4.523813E-08,-1.4890297E-01
-4.518813E-08,-1.4895568E-01
-4.513813E-08,-1.4900839E-01
-4.508813E-08,-1.4906110E-01
-4.503813E-08,-1.4911381E-01
-4.498813E-08,-1.4916652E-01
-4.493813E-08,-1.4921923E-01
-4.488813E-08,-1.4927194E-01
-4.483813E-08,-1.4932464E-01
-4.478813E-08,-1.4937735E-01
-4.473813E-08,-1.4943006E-01
-4.468813E-08,-1.4943006E-01
-4.463813E-08,-1.4948277E-01
-4.458813E-08,-1.4948277E-01
-4.453813E-08,-1.4953548E-01
-4.448813E-08,-1.4953548E-01
-4.443813E-08,-1.4953548E-01
-4.438813E-08,-1.4953548E-01
-4.433813E-08,-1.4953548E-01
-4.428813E-08,-1.4948277E-01
-4.423813E-08,-1.4948277E-01
-4.418813E-08,-1.4943006E-01
-4.413813E-08,-1.4943006E-01
-4.408813E-08,-1.4937735E-01
-4.403813E-08,-1.4932464E-01
-4.398813E-08,-1.4927194E-01
-4.393813E-08,-1.4927194E-01
-4.388813E-08,-1.4921923E-01
-4.383813E-08,-1.4916652E-01
-4.378813E-08,-1.4911381E-01
-4.373813E-08,-1.4906110E-01
-4.368813E-08,-1.4900839E-01
-4.363813E-08,-1.4895568E-01
-4.358813E-08,-1.4890297E-01
-4.353813E-08,-1.4890297E-01
-4.348813E-08,-1.4885026E-01
-4.343813E-08,-1.4879755E-01
-4.338813E-08,-1.4879755E-01
-4.333813E-08,-1.4879755E-01
-4.328813E-08,-1.4874485E-01
-4.323813E-08,-1.4874485E-01
-4.318813E-08,-1.4874485E-01
-4.313813E-08,-1.4874485E-01
-4.308813E-08,-1.4879755E-01
-4.303813E-08,-1.4879755E-01
-4.298813E-08,-1.4879755E-01
-4.293813E-08,-1.4885026E-01
-4.288813E-08,-1.4885026E-01
-4.283813E-08,-1.4890297E-01
-4.278813E-08,-1.4895568E-01
-4.273813E-08,-1.4900839E-01
-4.268813E-08,-1.4900839E-01
-4.263813E-08,-1.4906110E-01
-4.258813E-08,-1.4911381E-01
-4.253813E-08,-1.4916652E-01
-4.248813E-08,-1.4921923E-01
-4.243813E-08,-1.4921923E-01
-4.238813E-08,-1.4927194E-01
-4.233813E-08,-1.4932464E-01
-4.228813E-08,-1.4932464E-01
-4.223813E-08,-1.4937735E-01
-4.218813E-08,-1.4937735E-01
-4.213813E-08,-1.4943006E-01
-4.208813E-08,-1.4943006E-01
-4.203813E-08,-1.4943006E-01
-4.198813E-08,-1.4948277E-01
-4.193813E-08,-1.4948277E-01
-4.188813E-08,-1.4948277E-01
-4.183813E-08,-1.4948277E-01
-4.178813E-08,-1.4948277E-01
-4.173813E-08,-1.4943006E-01
-4.168813E-08,-1.4943006E-01
-4.163813E-08,-1.4943006E-01
-4.158813E-08,-1.4943006E-01
-4.153813E-08,-1.4937735E-01
-4.148813E-08,-1.4937735E-01
-4.143813E-08,-1.4932464E-01
-4.138813E-08,-1.4932464E-01
-4.133813E-08,-1.4927194E-01
-4.128813E-08,-1.4921923E-01
-4.123813E-08,-1.4921923E-01
-4.118813E-08,-1.4916652E-01
-4.113813E-08,-1.4916652E-01
-4.108813E-08,-1.4911381E-01
-4.103813E-08,-1.4906110E-01
-4.098813E-08,-1.4906110E-01
-4.093813E-08,-1.4900839E-01
-4.088813E-08,-1.4900839E-01
-4.083813E-08,-1.4895568E-01
-4.078813E-08,-1.4895568E-01
-4.073813E-08,-1.4890297E-01
-4.068813E-08,-1.4890297E-01
-4.063813E-08,-1.4885026E-01
-4.058813E-08,-1.4885026E-01
-4.053813E-08,-1.4885026E-01
-4.048813E-08,-1.4885026E-01
-4.043813E-08,-1.4879755E-01
-4.038813E-08,-1.4879755E-01
-4.033813E-08,-1.4879755E-01
-4.028813E-08,-1.4879755E-01
-4.023813E-08,-1.4879755E-01
-4.018813E-08,-1.4879755E-01
-4.013813E-08,-1.4885026E-01
-4.008813E-08,-1.4885026E-01
-4.003813E-08,-1.4885026E-01
-3.998813E-08,-1.4885026E-01
-3.993813E-08,-1.4890297E-01
-3.988813E-08,-1.4890297E-01
-3.983813E-08,-1.4890297E-01
-3.978813E-08,-1.4895568E-01
-3.973813E-08,-1.4895568E-01
-3.968813E-08,-1.4900839E-01
-3.963813E-08,-1.4900839E-01
-3.958813E-08,-1.4900839E-01
-3.953813E-08,-1.4906110E-01
-3.948813E-08,-1.4906110E-01
-3.943813E-08,-1.4911381E-01
-3.938813E-08,-1.4911381E-01
-3.933813E-08,-1.4911381E-01
-3.928813E-08,-1.4916652E-01
-3.923813E-08,-1.4916652E-01
-3.918813E-08,-1.4916652E-01
-3.913813E-08,-1.4916652E-01
-3.908813E-08,-1.4916652E-01
-3.903813E-08,-1.4916652E-01
-3.898813E-08,-1.4916652E-01
-3.893813E-08,-1.4916652E-01
-3.888813E-08,-1.4916652E-01
-3.883813E-08,-1.4916652E-01
-3.878813E-08,-1.4911381E-01
-3.873813E-08,-1.4911381E-01
-3.868813E-08,-1.4911381E-01
-3.863813E-08,-1.4906110E-01
-3.858813E-08,-1.4906110E-01
-3.853813E-08,-1.4906110E-01
-3.848813E-08,-1.4900839E-01
-3.843813E-08,-1.4900839E-01
-3.838813E-08,-1.4895568E-01
-3.833813E-08,-1.4895568E-01
-3.828813E-08,-1.4895568E-01
-3.823813E-08,-1.4890297E-01
-3.818813E-08,-1.4890297E-01
-3.813813E-08,-1.4890297E-01
-3.808813E-08,-1.4890297E-01
-3.803813E-08,-1.4885026E-01
-3.798813E-08,-1.4885026E-01
-3.793813E-08,-1.4885026E-01
-3.788813E-08,-1.4885026E-01
-3.783813E-08,-1.4890297E-01
-3.778813E-08,-1.4890297E-01
-3.773813E-08,-1.4890297E-01
-3.768813E-08,-1.4895568E-01
-3.763813E-08,-1.4895568E-01
-3.758813E-08,-1.4895568E-01
-3.753813E-08,-1.4900839E-01
-3.748813E-08,-1.4906110E-01
-3.743813E-08,-1.4906110E-01
-3.738813E-08,-1.4911381E-01
-3.733813E-08,-1.4916652E-01
-3.728813E-08,-1.4921923E-01
-3.723813E-08,-1.4921923E-01
-3.718813E-08,-1.4927194E-01
-3.713813E-08,-1.4932464E-01
-3.708813E-08,-1.4937735E-01
-3.703813E-08,-1.4937735E-01
-3.698813E-08,-1.4943006E-01
-3.693813E-08,-1.4948277E-01
-3.688813E-08,-1.4948277E-01
-3.683813E-08,-1.4953548E-01
-3.678813E-08,-1.4953548E-01
-3.673813E-08,-1.4953548E-01
-3.668813E-08,-1.4958819E-01
-3.663813E-08,-1.4958819E-01
-3.658813E-08,-1.4958819E-01
-3.653813E-08,-1.4958819E-01
-3.648813E-08,-1.4958819E-01
-3.643813E-08,-1.4958819E-01
-3.638813E-08,-1.4953548E-01
-3.633813E-08,-1.4953548E-01
-3.628813E-08,-1.4953548E-01
-3.623813E-08,-1.4948277E-01
-3.618813E-08,-1.4948277E-01
-3.613813E-08,-1.4943006E-01
-3.608813E-08,-1.4943006E-01
-3.603813E-08,-1.4937735E-01
-3.598813E-08,-1.4932464E-01
-3.593813E-08,-1.4932464E-01
-3.588813E-08,-1.4927194E-01
-3.583813E-08,-1.4921923E-01
-3.578813E-08,-1.4921923E-01
-3.573813E-08,-1.4916652E-01
-3.568813E-08,-1.4911381E-01
-3.563813E-08,-1.4906110E-01
-3.558813E-08,-1.4906110E-01
-3.553813E-08,-1.4900839E-01
-3.548813E-08,-1.4900839E-01
-3.543813E-08,-1.4895568E-01
-3.538813E-08,-1.4895568E-01
-3.533813E-08,-1.4890297E-01
-3.528813E-08,-1.4890297E-01
-3.523813E-08,-1.4890297E-01
-3.518813E-08,-1.4885026E-01
-3.513813E-08,-1.4885026E-01
-3.508813E-08,-1.4885026E-01
-3.503813E-08,-1.4885026E-01
-3.498813E-08,-1.4885026E-01
-3.493813E-08,-1.4885026E-01
-3.488813E-08,-1.4885026E-01
-3.483813E-08,-1.4885026E-01
-3.478813E-08,-1.4885026E-01
-3.473813E-08,-1.4885026E-01
-3.468813E-08,-1.4885026E-01
-3.463813E-08,-1.4885026E-01
-3.458813E-08,-1.4885026E-01
-3.453813E-08,-1.4885026E-01
-3.448813E-08,-1.4885026E-01
-3.443813E-08,-1.4885026E-01
-3.438813E-08,-1.4890297E-01
-3.433813E-08,-1.4890297E-01
-3.428813E-08,-1.4890297E-01
-3.423813E-08,-1.4890297E-01
-3.418813E-08,-1.4890297E-01
-3.413813E-08,-1.4890297E-01
-3.408813E-08,-1.4890297E-01
-3.403813E-08,-1.4890297E-01
-3.398813E-08,-1.4890297E-01
-3.393813E-08,-1.4890297E-01
-3.388813E-08,-1.4890297E-01
-3.383813E-08,-1.4885026E-01
-3.378813E-08,-1.4885026E-01
-3.373813E-08,-1.4885026E-01
-3.368813E-08,-1.4885026E-01
-3.363813E-08,-1.4885026E-01
-3.358813E-08,-1.4879755E-01
-3.353813E-08,-1.4879755E-01
-3.348813E-08,-1.4879755E-01
-3.343813E-08,-1.4874485E-01
-3.338813E-08,-1.4874485E-01
-3.333813E-08,-1.4874485E-01
-3.328813E-08,-1.4869214E-01
-3.323813E-08,-1.4869214E-01
-3.318813E-08,-1.4863943E-01
-3.313813E-08,-1.4863943E-01
-3.308813E-08,-1.4863943E-01
-3.303813E-08,-1.4858672E-01
-3.298813E-08,-1.4858672E-01
-3.293813E-08,-1.4858672E-01
-3.288813E-08,-1.4858672E-01
-3.283813E-08,-1.4858672E-01
-3.278813E-08,-1.4853401E-01
-3.273813E-08,-1.4853401E-01
-3.268813E-08,-1.4853401E-01
-3.263813E-08,-1.4858672E-01
-3.258813E-08,-1.4858672E-01
-3.253813E-08,-1.4858672E-01
-3.248813E-08,-1.4858672E-01
-3.243813E-08,-1.4858672E-01
-3.238813E-08,-1.4863943E-01
-3.233813E-08,-1.4863943E-01
-3.228813E-08,-1.4869214E-01
-3.223813E-08,-1.4869214E-01
-3.218813E-08,-1.4874485E-01
-3.213813E-08,-1.4879755E-01
-3.208813E-08,-1.4879755E-01
-3.203813E-08,-1.4885026E-01
-3.198813E-08,-1.4885026E-01
-3.193813E-08,-1.4890297E-01
-3.188813E-08,-1.4895568E-01
-3.183813E-08,-1.4895568E-01
-3.178813E-08,-1.4900839E-01
-3.173813E-08,-1.4900839E-01
-3.168813E-08,-1.4906110E-01
-3.163813E-08,-1.4906110E-01
-3.158813E-08,-1.4911381E-01
-3.153813E-08,-1.4911381E-01
-3.148813E-08,-1.4911381E-01
-3.143813E-08,-1.4911381E-01
-3.138813E-08,-1.4911381E-01
-3.133813E-08,-1.4911381E-01
-3.128813E-08,-1.4911381E-01
-3.123813E-08,-1.4911381E-01
-3.118813E-08,-1.4906110E-01
-3.113813E-08,-1.4906110E-01
-3.108813E-08,-1.4906110E-01
-3.103813E-08,-1.4900839E-01
-3.098813E-08,-1.4895568E-01
-3.093813E-08,-1.4895568E-01
-3.088813E-08,-1.4890297E-01
-3.083813E-08,-1.4885026E-01
-3.078813E-08,-1.4885026E-01
-3.073813E-08,-1.4879755E-01
-3.068813E-08,-1.4874485E-01
-3.063813E-08,-1.4869214E-01
-3.058813E-08,-1.4869214E-01
-3.053813E-08,-1.4863943E-01
-3.048813E-08,-1.4863943E-01
-3.043813E-08,-1.4858672E-01
-3.038813E-08,-1.4858672E-01
-3.033813E-08,-1.4853401E-01
-3.028813E-08,-1.4853401E-01
-3.023813E-08,-1.4853401E-01
-3.018813E-08,-1.4853401E-01
-3.013813E-08,-1.4853401E-01
-3.008813E-08,-1.4853401E-01
-3.003813E-08,-1.4858672E-01
-2.998813E-08,-1.4858672E-01
-2.993813E-08,-1.4863943E-01
-2.988813E-08,-1.4863943E-01
-2.983813E-08,-1.4869214E-01
-2.978813E-08,-1.4874485E-01
-2.973813E-08,-1.4879755E-01
-2.968813E-08,-1.4885026E-01
-2.963813E-08,-1.4890297E-01
-2.958813E-08,-1.4895568E-01
-2.953813E-08,-1.4906110E-01
-2.948813E-08,-1.4911381E-01
-2.943813E-08,-1.4916652E-01
-2.938813E-08,-1.4921923E-01
-2.933813E-08,-1.4932464E-01
-2.928813E-08,-1.4937735E-01
-2.923813E-08,-1.4943006E-01
-2.918813E-08,-1.4948277E-01
-2.913813E-08,-1.4953548E-01
-2.908813E-08,-1.4958819E-01
-2.903813E-08,-1.4964090E-01
-2.898813E-08,-1.4964090E-01
-2.893813E-08,-1.4969361E-01
-2.888813E-08,-1.4969361E-01
-2.883813E-08,-1.4974632E-01
-2.878813E-08,-1.4974632E-01
-2.873813E-08,-1.4974632E-01
-2.868813E-08,-1.4974632E-01
-2.863813E-08,-1.4974632E-01
-2.858813E-08,-1.4969361E-01
-2.853813E-08,-1.4969361E-01
-2.848813E-08,-1.4964090E-01
-2.843813E-08,-1.4958819E-01
-2.838813E-08,-1.4953548E-01
-2.833813E-08,-1.4953548E-01
-2.828813E-08,-1.4943006E-01
-2.823813E-08,-1.4937735E-01
-2.818813E-08,-1.4932464E-01
-2.813813E-08,-1.4927194E-01
-2.808813E-08,-1.4916652E-01
-2.803813E-08,-1.4911381E-01
-2.798813E-08,-1.4906110E-01
-2.793813E-08,-1.4895568E-01
-2.788813E-08,-1.4890297E-01
-2.783813E-08,-1.4885026E-01
-2.778813E-08,-1.4874485E-01
-2.773813E-08,-1.4869214E-01
-2.768813E-08,-1.4863943E-01
-2.763813E-08,-1.4858672E-01
-2.758813E-08,-1.4853401E-01
-2.753813E-08,-1.4848130E-01
-2.748813E-08,-1.4842859E-01
-2.743813E-08,-1.4842859E-01
-2.738813E-08,-1.4837588E-01
-2.733813E-08,-1.4837588E-01
-2.728813E-08,-1.4837588E-01
-2.723813E-08,-1.4832317E-01
-2.718813E-08,-1.4832317E-01
-2.713813E-08,-1.4837588E-01
-2.708813E-08,-1.4837588E-01
-2.703813E-08,-1.4837588E-01
-2.698813E-08,-1.4842859E-01
-2.693813E-08,-1.4848130E-01
-2.688813E-08,-1.4848130E-01
-2.683813E-08,-1.4853401E-01
-2.678813E-08,-1.4858672E-01
-2.673813E-08,-1.4863943E-01
-2.668813E-08,-1.4869214E-01
-2.663813E-08,-1.4874485E-01
-2.658813E-08,-1.4879755E-01
-2.653813E-08,-1.4885026E-01
-2.648813E-08,-1.4890297E-01
-2.643813E-08,-1.4900839E-01
-2.638813E-08,-1.4906110E-01
-2.633813E-08,-1.4911381E-01
-2.628813E-08,-1.4916652E-01
-2.623813E-08,-1.4921923E-01
-2.618813E-08,-1.4927194E-01
-2.613813E-08,-1.4927194E-01
-2.608813E-08,-1.4932464E-01
-2.603813E-08,-1.4937735E-01
-2.598813E-08,-1.4937735E-01
-2.593813E-08,-1.4943006E-01
-2.588813E-08,-1.4943006E-01
-2.583813E-08,-1.4948277E-01
-2.578813E-08,-1.4948277E-01
-2.573813E-08,-1.4948277E-01
-2.568813E-08,-1.4948277E-01
-2.563813E-08,-1.4948277E-01
-2.558813E-08,-1.4948277E-01
-2.553813E-08,-1.4943006E-01
-2.548813E-08,-1.4943006E-01
-2.543813E-08,-1.4943006E-01
-2.538813E-08,-1.4937735E-01
-2.533813E-08,-1.4937735E-01
-2.528813E-08,-1.4937735E-01
-2.523813E-08,-1.4932464E-01
-2.518813E-08,-1.4932464E-01
-2.513813E-08,-1.4927194E-01
-2.508813E-08,-1.4927194E-01
-2.503813E-08,-1.4921923E-01
-2.498813E-08,-1.4921923E-01
-2.493813E-08,-1.4921923E-01
-2.488813E-08,-1.4916652E-01
-2.483813E-08,-1.4916652E-01
-2.478813E-08,-1.4916652E-01
-2.473813E-08,-1.4911381E-01
-2.468813E-08,-1.4911381E-01
-2.463813E-08,-1.4911381E-01
-2.458813E-08,-1.4911381E-01
-2.453813E-08,-1.4911381E-01
-2.448813E-08,-1.4911381E-01
-2.443813E-08,-1.4911381E-01
-2.438813E-08,-1.4911381E-01
-2.433813E-08,-1.4911381E-01
-2.428813E-08,-1.4911381E-01
-2.423813E-08,-1.4911381E-01
-2.418813E-08,-1.4911381E-01
-2.413813E-08,-1.4911381E-01
-2.408813E-08,-1.4911381E-01
-2.403813E-08,-1.4911381E-01
-2.398813E-08,-1.4911381E-01
-2.393813E-08,-1.4911381E-01
-2.388813E-08,-1.4911381E-01
-2.383813E-08,-1.4911381E-01
-2.378813E-08,-1.4911381E-01
-2.373813E-08,-1.4911381E-01
-2.368813E-08,-1.4906110E-01
-2.363813E-08,-1.4906110E-01
-2.358813E-08,-1.4906110E-01
-2.353813E-08,-1.4900839E-01
-2.348813E-08,-1.4900839E-01
-2.343813E-08,-1.4900839E-01
-2.338813E-08,-1.4895568E-01
-2.333813E-08,-1.4895568E-01
-2.328813E-08,-1.4890297E-01
-2.323813E-08,-1.4890297E-01
-2.318813E-08,-1.4890297E-01
-2.313813E-08,-1.4885026E-01
-2.308813E-08,-1.4885026E-01
-2.303813E-08,-1.4885026E-01
-2.298813E-08,-1.4879755E-01
-2.293813E-08,-1.4879755E-01
-2.288813E-08,-1.4879755E-01
-2.283813E-08,-1.4879755E-01
-2.278813E-08,-1.4879755E-01
-2.273813E-08,-1.4879755E-01
-2.268813E-08,-1.4879755E-01
-2.263813E-08,-1.4879755E-01
-2.258813E-08,-1.4879755E-01
-2.253813E-08,-1.4879755E-01
-2.248813E-08,-1.4879755E-01
-2.243813E-08,-1.4879755E-01
-2.238813E-08,-1.4885026E-01
-2.233813E-08,-1.4885026E-01
-2.228813E-08,-1.4885026E-01
-2.223813E-08,-1.4890297E-01
-2.218813E-08,-1.4890297E-01
-2.213813E-08,-1.4890297E-01
-2.208813E-08,-1.4895568E-01
-2.203813E-08,-1.4895568E-01
-2.198813E-08,-1.4900839E-01
-2.193813E-08,-1.4900839E-01
-2.188813E-08,-1.4900839E-01
-2.183813E-08,-1.4906110E-01
-2.178813E-08,-1.4906110E-01
-2.173813E-08,-1.4911381E-01
-2.168813E-08,-1.4911381E-01
-2.163813E-08,-1.4911381E-01
-2.158813E-08,-1.4916652E-01
-2.153813E-08,-1.4916652E-01
-2.148813E-08,-1.4916652E-01
-2.143813E-08,-1.4921923E-01
-2.138813E-08,-1.4921923E-01
-2.133813E-08,-1.4921923E-01
-2.128813E-08,-1.4921923E-01
-2.123813E-08,-1.4927194E-01
-2.118813E-08,-1.4927194E-01
-2.113813E-08,-1.4927194E-01
-2.108813E-08,-1.4927194E-01
-2.103813E-08,-1.4927194E-01
-2.098813E-08,-1.4932464E-01
-2.093813E-08,-1.4932464E-01
-2.088813E-08,-1.4932464E-01
-2.083813E-08,-1.4932464E-01
-2.078813E-08,-1.4932464E-01
-2.073813E-08,-1.4932464E-01
-2.068813E-08,-1.4937735E-01
-2.063813E-08,-1.4937735E-01
-2.058813E-08,-1.4937735E-01
-2.053813E-08,-1.4937735E-01
-2.048813E-08,-1.4937735E-01
-2.043813E-08,-1.4937735E-01
-2.038813E-08,-1.4937735E-01
-2.033813E-08,-1.4937735E-01
-2.028813E-08,-1.4937735E-01
-2.023813E-08,-1.4932464E-01
-2.018813E-08,-1.4932464E-01
-2.013813E-08,-1.4932464E-01
-2.008813E-08,-1.4927194E-01
-2.003813E-08,-1.4927194E-01
-1.998813E-08,-1.4921923E-01
-1.993813E-08,-1.4921923E-01
-1.988813E-08,-1.4916652E-01
-1.983813E-08,-1.4916652E-01
-1.978813E-08,-1.4911381E-01
-1.973813E-08,-1.4906110E-01
-1.968813E-08,-1.4906110E-01
-1.963813E-08,-1.4900839E-01
-1.958813E-08,-1.4895568E-01
-1.953813E-08,-1.4890297E-01
-1.948813E-08,-1.4890297E-01
-1.943813E-08,-1.4885026E-01
-1.938813E-08,-1.4879755E-01
-1.933813E-08,-1.4874485E-01
-1.928813E-08,-1.4874485E-01
-1.923813E-08,-1.4869214E-01
-1.918813E-08,-1.4869214E-01
-1.913813E-08,-1.4863943E-01
-1.908813E-08,-1.4863943E-01
-1.903813E-08,-1.4863943E-01
-1.898813E-08,-1.4863943E-01
-1.893813E-08,-1.4863943E-01
-1.888813E-08,-1.4863943E-01
-1.883813E-08,-1.4863943E-01
-1.878813E-08,-1.4863943E-01
-1.873813E-08,-1.4863943E-01
-1.868813E-08,-1.4863943E-01
-1.863813E-08,-1.4869214E-01
-1.858813E-08,-1.4869214E-01
-1.853813E-08,-1.4874485E-01
-1.848813E-08,-1.4874485E-01
-1.843813E-08,-1.4874485E-01
-1.838813E-08,-1.4879755E-01
-1.833813E-08,-1.4879755E-01
-1.828813E-08,-1.4885026E-01
-1.823813E-08,-1.4885026E-01
-1.818813E-08,-1.4885026E-01
-1.813813E-08,-1.4885026E-01
-1.808813E-08,-1.4885026E-01
-1.803813E-08,-1.4885026E-01
-1.798813E-08,-1.4885026E-01
-1.793813E-08,-1.4885026E-01
-1.788813E-08,-1.4885026E-01
-1.783813E-08,-1.4885026E-01
-1.778813E-08,-1.4879755E-01
-1.773813E-08,-1.4879755E-01
-1.768813E-08,-1.4874485E-01
-1.763813E-08,-1.4869214E-01
-1.758813E-08,-1.4869214E-01
-1.753813E-08,-1.4863943E-01
-1.748813E-08,-1.4858672E-01
-1.743813E-08,-1.4853401E-01
-1.738813E-08,-1.4848130E-01
-1.733813E-08,-1.4842859E-01
-1.728813E-08,-1.4837588E-01
-1.723813E-08,-1.4837588E-01
-1.718813E-08,-1.4832317E-01
-1.713813E-08,-1.4827046E-01
-1.708813E-08,-1.4821776E-01
-1.703813E-08,-1.4821776E-01
-1.698813E-08,-1.4821776E-01
-1.693813E-08,-1.4816505E-01
-1.688813E-08,-1.4816505E-01
-1.683813E-08,-1.4816505E-01
-1.678813E-08,-1.4816505E-01
-1.673813E-08,-1.4816505E-01
-1.668813E-08,-1.4816505E-01
-1.663813E-08,-1.4821776E-01
-1.658813E-08,-1.4821776E-01
-1.653813E-08,-1.4827046E-01
-1.648813E-08,-1.4832317E-01
-1.643813E-08,-1.4832317E-01
-1.638813E-08,-1.4837588E-01
-1.633813E-08,-1.4842859E-01
-1.628813E-08,-1.4848130E-01
-1.623813E-08,-1.4853401E-01
-1.618813E-08,-1.4858672E-01
-1.613813E-08,-1.4863943E-01
-1.608813E-08,-1.4863943E-01
-1.603813E-08,-1.4869214E-01
-1.598813E-08,-1.4874485E-01
-1.593813E-08,-1.4879755E-01
-1.588813E-08,-1.4879755E-01
-1.583813E-08,-1.4885026E-01
-1.578813E-08,-1.4885026E-01
-1.573813E-08,-1.4885026E-01
-1.568813E-08,-1.4885026E-01
-1.563813E-08,-1.4885026E-01
-1.558813E-08,-1.4885026E-01
-1.553813E-08,-1.4885026E-01
-1.548813E-08,-1.4885026E-01
-1.543813E-08,-1.4879755E-01
-1.538813E-08,-1.4879755E-01
-1.533813E-08,-1.4874485E-01
-1.528813E-08,-1.4869214E-01
-1.523813E-08,-1.4863943E-01
-1.518813E-08,-1.4863943E-01
-1.513813E-08,-1.4858672E-01
-1.508813E-08,-1.4853401E-01
-1.503813E-08,-1.4848130E-01
-1.498813E-08,-1.4842859E-01
-1.493813E-08,-1.4837588E-01
-1.488813E-08,-1.4832317E-01
-1.483813E-08,-1.4832317E-01
-1.478813E-08,-1.4827046E-01
-1.473813E-08,-1.4821776E-01
-1.468813E-08,-1.4821776E-01
-1.463813E-08,-1.4821776E-01
-1.458813E-08,-1.4816505E-01
-1.453813E-08,-1.4816505E-01
-1.448813E-08,-1.4816505E-01
-1.443813E-08,-1.4816505E-01
-1.438813E-08,-1.4816505E-01
-1.433813E-08,-1.4816505E-01
-1.428813E-08,-1.4821776E-01
-1.423813E-08,-1.4821776E-01
-1.418813E-08,-1.4827046E-01
-1.413813E-08,-1.4827046E-01
-1.408813E-08,-1.4832317E-01
-1.403813E-08,-1.4837588E-01
-1.398813E-08,-1.4842859E-01
-1.393813E-08,-1.4848130E-01
-1.388813E-08,-1.4853401E-01
-1.383813E-08,-1.4858672E-01
-1.378813E-08,-1.4863943E-01
-1.373813E-08,-1.4869214E-01
-1.368813E-08,-1.4874485E-01
-1.363813E-08,-1.4879755E-01
-1.358813E-08,-1.4885026E-01
-1.353813E-08,-1.4890297E-01
-1.348813E-08,-1.4895568E-01
-1.343813E-08,-1.4900839E-01
-1.338813E-08,-1.4906110E-01
-1.333813E-08,-1.4911381E-01
-1.328813E-08,-1.4916652E-01
-1.323813E-08,-1.4916652E-01
-1.318813E-08,-1.4921923E-01
-1.313813E-08,-1.4927194E-01
-1.308813E-08,-1.4932464E-01
-1.303813E-08,-1.4937735E-01
-1.298813E-08,-1.4943006E-01
-1.293813E-08,-1.4948277E-01
-1.288813E-08,-1.4948277E-01
-1.283813E-08,-1.4953548E-01
-1.278813E-08,-1.4958819E-01
-1.273813E-08,-1.4964090E-01
-1.268813E-08,-1.4964090E-01
-1.263813E-08,-1.4969361E-01
-1.258813E-08,-1.4974632E-01
-1.253813E-08,-1.4974632E-01
-1.248813E-08,-1.4979903E-01
-1.243813E-08,-1.4985173E-01
-1.238813E-08,-1.4985173E-01
-1.233813E-08,-1.4990444E-01
-1.228813E-08,-1.4990444E-01
-1.223813E-08,-1.4995715E-01
-1.218813E-08,-1.4995715E-01
-1.213813E-08,-1.4995715E-01
-1.208813E-08,-1.4995715E-01
-1.203813E-08,-1.5000986E-01
-1.198813E-08,-1.5000986E-01
-1.193813E-08,-1.5000986E-01
-1.188813E-08,-1.5000986E-01
-1.183813E-08,-1.5000986E-01
-1.178813E-08,-1.5000986E-01
-1.173813E-08,-1.5000986E-01
-1.168813E-08,-1.4995715E-01
-1.163813E-08,-1.4995715E-01
-1.158813E-08,-1.4995715E-01
-1.153813E-08,-1.4990444E-01
-1.148813E-08,-1.4990444E-01
-1.143813E-08,-1.4990444E-01
-1.138813E-08,-1.4985173E-01
-1.133813E-08,-1.4985173E-01
-1.128813E-08,-1.4979903E-01
-1.123813E-08,-1.4979903E-01
-1.118813E-08,-1.4974632E-01
-1.113813E-08,-1.4974632E-01
-1.108813E-08,-1.4969361E-01
-1.103813E-08,-1.4969361E-01
-1.098813E-08,-1.4964090E-01
-1.093813E-08,-1.4964090E-01
-1.088813E-08,-1.4964090E-01
-1.083813E-08,-1.4958819E-01
-1.078813E-08,-1.4958819E-01
-1.073813E-08,-1.4958819E-01
-1.068813E-08,-1.4958819E-01
-1.063813E-08,-1.4953548E-01
-1.058813E-08,-1.4953548E-01
-1.053813E-08,-1.4953548E-01
-1.048813E-08,-1.4953548E-01
-1.043813E-08,-1.4953548E-01
-1.038813E-08,-1.4953548E-01
-1.033813E-08,-1.4953548E-01
-1.028813E-08,-1.4953548E-01
-1.023813E-08,-1.4953548E-01
-1.018813E-08,-1.4953548E-01
-1.013813E-08,-1.4953548E-01
-1.008813E-08,-1.4958819E-01
-1.003813E-08,-1.4958819E-01
-9.98813E-09,-1.4958819E-01
-9.93813E-09,-1.4958819E-01
-9.88813E-09,-1.4958819E-01
-9.83813E-09,-1.4958819E-01
-9.78813E-09,-1.4953548E-01
-9.73813E-09,-1.4953548E-01
-9.68813E-09,-1.4953548E-01
-9.63813E-09,-1.4953548E-01
-9.58813E-09,-1.4953548E-01
-9.53813E-09,-1.4948277E-01
-9.48813E-09,-1.4948277E-01
-9.43813E-09,-1.4943006E-01
-9.38813E-09,-1.4943006E-01
-9.33813E-09,-1.4943006E-01
-9.28813E-09,-1.4937735E-01
-9.23813E-09,-1.4937735E-01
-9.18813E-09,-1.4932464E-01
-9.13813E-09,-1.4932464E-01
-9.08813E-09,-1.4927194E-01
-9.03813E-09,-1.4927194E-01
-8.98813E-09,-1.4921923E-01
-8.93813E-09,-1.4921923E-01
-8.88813E-09,-1.4916652E-01
-8.83813E-09,-1.4916652E-01
-8.78813E-09,-1.4911381E-01
-8.73813E-09,-1.4911381E-01
-8.68813E-09,-1.4911381E-01
-8.63813E-09,-1.4911381E-01
-8.58813E-09,-1.4906110E-01
-8.53813E-09,-1.4906110E-01
-8.48813E-09,-1.4906110E-01
-8.43813E-09,-1.4906110E-01
-8.38813E-09,-1.4906110E-01
-8.33813E-09,-1.4906110E-01
-8.28813E-09,-1.4906110E-01
-8.23813E-09,-1.4900839E-01
-8.18813E-09,-1.4900839E-01
-8.13813E-09,-1.4900839E-01
-8.08813E-09,-1.4906110E-01
-8.03813E-09,-1.4906110E-01
-7.98813E-09,-1.4906110E-01
-7.93813E-09,-1.4906110E-01
-7.88813E-09,-1.4906110E-01
-7.83813E-09,-1.4906110E-01
-7.78813E-09,-1.4906110E-01
-7.73813E-09,-1.4906110E-01
-7.68813E-09,-1.4906110E-01
-7.63813E-09,-1.4906110E-01
-7.58813E-09,-1.4906110E-01
-7.53813E-09,-1.4906110E-01
-7.48813E-09,-1.4906110E-01
-7.43813E-09,-1.4906110E-01
-7.38813E-09,-1.4906110E-01
-7.33813E-09,-1.4906110E-01
-7.28813E-09,-1.4906110E-01
-7.23813E-09,-1.4906110E-01
-7.18813E-09,-1.4906110E-01
-7.13813E-09,-1.4906110E-01
-7.08813E-09,-1.4906110E-01
-7.03813E-09,-1.4900839E-01
-6.98813E-09,-1.4900839E-01
-6.93813E-09,-1.4900839E-01
-6.88813E-09,-1.4900839E-01
-6.83813E-09,-1.4895568E-01
-6.78813E-09,-1.4895568E-01
-6.73813E-09,-1.4895568E-01
-6.68813E-09,-1.4895568E-01
-6.63813E-09,-1.4895568E-01
-6.58813E-09,-1.4890297E-01
-6.53813E-09,-1.4890297E-01
-6.48813E-09,-1.4890297E-01
-6.43813E-09,-1.4890297E-01
-6.38813E-09,-1.4890297E-01
-6.33813E-09,-1.4890297E-01
-6.28813E-09,-1.4885026E-01
-6.23813E-09,-1.4885026E-01
-6.18813E-09,-1.4885026E-01
-6.13813E-09,-1.4885026E-01
-6.08813E-09,-1.4885026E-01
-6.03813E-09,-1.4885026E-01
-5.98813E-09,-1.4890297E-01
-5.93813E-09,-1.4890297E-01
-5.88813E-09,-1.4890297E-01
-5.83813E-09,-1.4890297E-01
-5.78813E-09,-1.4890297E-01
-5.73813E-09,-1.4895568E-01
-5.68813E-09,-1.4895568E-01
-5.63813E-09,-1.4895568E-01
-5.58813E-09,-1.4900839E-01
-5.53813E-09,-1.4900839E-01
-5.48813E-09,-1.4906110E-01
-5.43813E-09,-1.4906110E-01
-5.38813E-09,-1.4906110E-01
-5.33813E-09,-1.4911381E-01
-5.28813E-09,-1.4911381E-01
-5.23813E-09,-1.4916652E-01
-5.18813E-09,-1.4916652E-01
-5.13813E-09,-1.4921923E-01
-5.08813E-09,-1.4921923E-01
-5.03813E-09,-1.4921923E-01
-4.98813E-09,-1.4927194E-01
-4.93813E-09,-1.4927194E-01
-4.88813E-09,-1.4932464E-01
-4.83813E-09,-1.4932464E-01
-4.78813E-09,-1.4932464E-01
-4.73813E-09,-1.4937735E-01
-4.68813E-09,-1.4937735E-01
-4.63813E-09,-1.4937735E-01
-4.58813E-09,-1.4937735E-01
-4.53813E-09,-1.4937735E-01
-4.48813E-09,-1.4937735E-01
-4.43813E-09,-1.4937735E-01
-4.38813E-09,-1.4937735E-01
-4.33813E-09,-1.4937735E-01
-4.28813E-09,-1.4937735E-01
-4.23813E-09,-1.4937735E-01
-4.18813E-09,-1.4937735E-01
-4.13813E-09,-1.4937735E-01
-4.08813E-09,-1.4932464E-01
-4.03813E-09,-1.4932464E-01
-3.98813E-09,-1.4927194E-01
-3.93813E-09,-1.4927194E-01
-3.88813E-09,-1.4927194E-01
-3.83813E-09,-1.4921923E-01
-3.78813E-09,-1.4921923E-01
-3.73813E-09,-1.4916652E-01
-3.68813E-09,-1.4911381E-01
-3.63813E-09,-1.4911381E-01
-3.58813E-09,-1.4906110E-01
-3.53813E-09,-1.4906110E-01
-3.48813E-09,-1.4900839E-01
-3.43813E-09,-1.4900839E-01
-3.38813E-09,-1.4895568E-01
-3.33813E-09,-1.4895568E-01
-3.28813E-09,-1.4890297E-01
-3.23813E-09,-1.4890297E-01
-3.18813E-09,-1.4885026E-01
-3.13813E-09,-1.4885026E-01
-3.08813E-09,-1.4885026E-01
-3.03813E-09,-1.4879755E-01
-2.98813E-09,-1.4879755E-01
-2.93813E-09,-1.4879755E-01
-2.88813E-09,-1.4879755E-01
-2.83813E-09,-1.4879755E-01
-2.78813E-09,-1.4879755E-01
-2.73813E-09,-1.4879755E-01
-2.68813E-09,-1.4879755E-01
-2.63813E-09,-1.4879755E-01
-2.58813E-09,-1.4885026E-01
-2.53813E-09,-1.4885026E-01
-2.48813E-09,-1.4885026E-01
-2.43813E-09,-1.4890297E-01
-2.38813E-09,-1.4890297E-01
-2.33813E-09,-1.4895568E-01
-2.28813E-09,-1.4895568E-01
-2.23813E-09,-1.4900839E-01
-2.18813E-09,-1.4906110E-01
-2.13813E-09,-1.4906110E-01
-2.08813E-09,-1.4911381E-01
-2.03813E-09,-1.4916652E-01
-1.98813E-09,-1.4921923E-01
-1.93813E-09,-1.4927194E-01
-1.88813E-09,-1.4927194E-01
-1.83813E-09,-1.4932464E-01
-1.78813E-09,-1.4937735E-01
-1.73813E-09,-1.4943006E-01
-1.68813E-09,-1.4943006E-01
-1.63813E-09,-1.4948277E-01
-1.58813E-09,-1.4948277E-01
-1.53813E-09,-1.4953548E-01
-1.48813E-09,-1.4953548E-01
-1.43813E-09,-1.4958819E-01
-1.38813E-09,-1.4958819E-01
-1.33813E-09,-1.4958819E-01
-1.28813E-09,-1.4958819E-01
-1.23813E-09,-1.4958819E-01
-1.18813E-09,-1.4958819E-01
-1.13813E-09,-1.4958819E-01
-1.08813E-09,-1.4958819E-01
-1.03813E-09,-1.4953548E-01
-9.8813E-10,-1.4953548E-01
-9.3813E-10,-1.4953548E-01
-8.8813E-10,-1.4948277E-01
-8.3813E-10,-1.4948277E-01
-7.8813E-10,-1.4943006E-01
-7.3813E-10,-1.4937735E-01
-6.8813E-10,-1.4937735E-01
-6.3813E-10,-1.4932464E-01
-5.8813E-10,-1.4927194E-01
-5.3813E-10,-1.4927194E-01
-4.8813E-10,-1.4921923E-01
-4.3813E-10,-1.4921923E-01
-3.8813E-10,-1.4916652E-01
-3.3813E-10,-1.4916652E-01
-2.8813E-10,-1.4911381E-01
-2.3813E-10,-1.4911381E-01
-1.8813E-10,-1.4911381E-01
-1.3813E-10,-1.4911381E-01
-8.813E-11,-1.4911381E-01
-3.813E-11,-1.4911381E-01
1.187E-11,-1.4911381E-01
6.187E-11,-1.4911381E-01
1.1187E-10,-1.4916652E-01
1.6187E-10,-1.4916652E-01
2.1187E-10,-1.4921923E-01
2.6187E-10,-1.4921923E-01
3.1187E-10,-1.4927194E-01
3.6187E-10,-1.4932464E-01
4.1187E-10,-1.4937735E-01
4.6187E-10,-1.4943006E-01
5.1187E-10,-1.4948277E-01
5.6187E-10,-1.4953548E-01
6.1187E-10,-1.4958819E-01
6.6187E-10,-1.4964090E-01
7.1187E-10,-1.4969361E-01
7.6187E-10,-1.4974632E-01
8.1187E-10,-1.4979903E-01
8.6187E-10,-1.4985173E-01
9.1187E-10,-1.4985173E-01
9.6187E-10,-1.4990444E-01
1.01187E-09,-1.4995715E-01
1.06187E-09,-1.4995715E-01
1.11187E-09,-1.4995715E-01
1.16187E-09,-1.5000986E-01
1.21187E-09,-1.5000986E-01
1.26187E-09,-1.5000986E-01
1.31187E-09,-1.4995715E-01
1.36187E-09,-1.4995715E-01
1.41187E-09,-1.4995715E-01
1.46187E-09,-1.4990444E-01
1.51187E-09,-1.4990444E-01
1.56187E-09,-1.4985173E-01
1.61187E-09,-1.4979903E-01
1.66187E-09,-1.4974632E-01
1.71187E-09,-1.4969361E-01
1.76187E-09,-1.4964090E-01
1.81187E-09,-1.4958819E-01
1.86187E-09,-1.4953548E-01
1.91187E-09,-1.4948277E-01
1.96187E-09,-1.4943006E-01
2.01187E-09,-1.4937735E-01
2.06187E-09,-1.4932464E-01
2.11187E-09,-1.4927194E-01
2.16187E-09,-1.4927194E-01
2.21187E-09,-1.4921923E-01
2.26187E-09,-1.4916652E-01
2.31187E-09,-1.4916652E-01
2.36187E-09,-1.4916652E-01
2.41187E-09,-1.4911381E-01
2.46187E-09,-1.4911381E-01
2.51187E-09,-1.4911381E-01
2.56187E-09,-1.4911381E-01
2.61187E-09,-1.4911381E-01
2.66187E-09,-1.4916652E-01
2.71187E-09,-1.4916652E-01
2.76187E-09,-1.4916652E-01
2.81187E-09,-1.4921923E-01
2.86187E-09,-1.4921923E-01
2.91187E-09,-1.4927194E-01
2.96187E-09,-1.4927194E-01
3.01187E-09,-1.4932464E-01
3.06187E-09,-1.4937735E-01
3.11187E-09,-1.4937735E-01
3.16187E-09,-1.4943006E-01
3.21187E-09,-1.4943006E-01
3.26187E-09,-1.4943006E-01
3.31187E-09,-1.4948277E-01
3.36187E-09,-1.4948277E-01
3.41187E-09,-1.4948277E-01
3.46187E-09,-1.4948277E-01
3.51187E-09,-1.4948277E-01
3.56187E-09,-1.4948277E-01
3.61187E-09,-1.4948277E-01
3.66187E-09,-1.4943006E-01
3.71187E-09,-1.4943006E-01
3.76187E-09,-1.4937735E-01
3.81187E-09,-1.4937735E-01
3.86187E-09,-1.4932464E-01
3.91187E-09,-1.4927194E-01
3.96187E-09,-1.4921923E-01
4.01187E-09,-1.4916652E-01
4.06187E-09,-1.4911381E-01
4.11187E-09,-1.4906110E-01
4.16187E-09,-1.4900839E-01
4.21187E-09,-1.4895568E-01
4.26187E-09,-1.4890297E-01
4.31187E-09,-1.4885026E-01
4.36187E-09,-1.4879755E-01
4.41187E-09,-1.4874485E-01
4.46187E-09,-1.4874485E-01
4.51187E-09,-1.4869214E-01
4.56187E-09,-1.4863943E-01
4.61187E-09,-1.4858672E-01
4.66187E-09,-1.4858672E-01
4.71187E-09,-1.4853401E-01
4.76187E-09,-1.4848130E-01
4.81187E-09,-1.4848130E-01
4.86187E-09,-1.4848130E-01
4.91187E-09,-1.4842859E-01
4.96187E-09,-1.4842859E-01
5.01187E-09,-1.4842859E-01
5.06187E-09,-1.4842859E-01
5.11187E-09,-1.4837588E-01
5.16187E-09,-1.4837588E-01
5.21187E-09,-1.4837588E-01
5.26187E-09,-1.4837588E-01
5.31187E-09,-1.4842859E-01
5.36187E-09,-1.4842859E-01
5.41187E-09,-1.4842859E-01
5.46187E-09,-1.4842859E-01
5.51187E-09,-1.4842859E-01
5.56187E-09,-1.4842859E-01
5.61187E-09,-1.4842859E-01
5.66187E-09,-1.4848130E-01
5.71187E-09,-1.4848130E-01
5.76187E-09,-1.4848130E-01
5.81187E-09,-1.4848130E-01
5.86187E-09,-1.4848130E-01
5.91187E-09,-1.4853401E-01
5.96187E-09,-1.4853401E-01
6.01187E-09,-1.4853401E-01
6.06187E-09,-1.4853401E-01
6.11187E-09,-1.4853401E-01
6.16187E-09,-1.4858672E-01
6.21187E-09,-1.4858672E-01
6.26187E-09,-1.4858672E-01
6.31187E-09,-1.4858672E-01
6.36187E-09,-1.4863943E-01
6.41187E-09,-1.4863943E-01
6.46187E-09,-1.4863943E-01
6.51187E-09,-1.4869214E-01
6.56187E-09,-1.4869214E-01
6.61187E-09,-1.4869214E-01
6.66187E-09,-1.4874485E-01
6.71187E-09,-1.4874485E-01
6.76187E-09,-1.4874485E-01
6.81187E-09,-1.4879755E-01
6.86187E-09,-1.4879755E-01
6.91187E-09,-1.4885026E-01
6.96187E-09,-1.4885026E-01
7.01187E-09,-1.4890297E-01
7.06187E-09,-1.4890297E-01
7.11187E-09,-1.4895568E-01
7.16187E-09,-1.4895568E-01
7.21187E-09,-1.4900839E-01
7.26187E-09,-1.4900839E-01
7.31187E-09,-1.4906110E-01
7.36187E-09,-1.4906110E-01
7.41187E-09,-1.4906110E-01
7.46187E-09,-1.4911381E-01
7.51187E-09,-1.4911381E-01
7.56187E-09,-1.4911381E-01
7.61187E-09,-1.4916652E-01
7.66187E-09,-1.4916652E-01
7.71187E-09,-1.4916652E-01
7.76187E-09,-1.4916652E-01
7.81187E-09,-1.4916652E-01
7.86187E-09,-1.4921923E-01
7.91187E-09,-1.4921923E-01
7.96187E-09,-1.4921923E-01
8.01187E-09,-1.4921923E-01
8.06187E-09,-1.4921923E-01
8.11187E-09,-1.4921923E-01
8.16187E-09,-1.4916652E-01
8.21187E-09,-1.4916652E-01
8.26187E-09,-1.4916652E-01
8.31187E-09,-1.4916652E-01
8.36187E-09,-1.4916652E-01
8.41187E-09,-1.4916652E-01
8.46187E-09,-1.4911381E-01
8.51187E-09,-1.4911381E-01
8.56187E-09,-1.4911381E-01
8.61187E-09,-1.4911381E-01
8.66187E-09,-1.4906110E-01
8.71187E-09,-1.4906110E-01
8.76187E-09,-1.4906110E-01
8.81187E-09,-1.4906110E-01
8.86187E-09,-1.4900839E-01
8.91187E-09,-1.4900839E-01
8.96187E-09,-1.4900839E-01
9.01187E-09,-1.4900839E-01
9.06187E-09,-1.4895568E-01
9.11187E-09,-1.4895568E-01
9.16187E-09,-1.4895568E-01
9.21187E-09,-1.4890297E-01
9.26187E-09,-1.4890297E-01
9.31187E-09,-1.4890297E-01
9.36187E-09,-1.4890297E-01
9.41187E-09,-1.4890297E-01
9.46187E-09,-1.4895568E-01
9.51187E-09,-1.4895568E-01
9.56187E-09,-1.4900839E-01
9.61187E-09,-1.4900839E-01
9.66187E-09,-1.4906110E-01
9.71187E-09,-1.4911381E-01
9.76187E-09,-1.4911381E-01
9.81187E-09,-1.4916652E-01
9.86187E-09,-1.4921923E-01
9.91187E-09,-1.4927194E-01
9.96187E-09,-1.4932464E-01
1.001187E-08,-1.4937735E-01
1.006187E-08,-1.4943006E-01
1.011187E-08,-1.4948277E-01
1.016187E-08,-1.4948277E-01
1.021187E-08,-1.4953548E-01
1.026187E-08,-1.4958819E-01
1.031187E-08,-1.4958819E-01
1.036187E-08,-1.4964090E-01
1.041187E-08,-1.4964090E-01
1.046187E-08,-1.4969361E-01
1.051187E-08,-1.4969361E-01
1.056187E-08,-1.4969361E-01
1.061187E-08,-1.4969361E-01
1.066187E-08,-1.4969361E-01
1.071187E-08,-1.4969361E-01
1.076187E-08,-1.4969361E-01
1.081187E-08,-1.4969361E-01
1.086187E-08,-1.4969361E-01
1.091187E-08,-1.4969361E-01
1.096187E-08,-1.4969361E-01
1.101187E-08,-1.4969361E-01
1.106187E-08,-1.4969361E-01
1.111187E-08,-1.4969361E-01
1.116187E-08,-1.4969361E-01
1.121187E-08,-1.4969361E-01
1.126187E-08,-1.4974632E-01
1.131187E-08,-1.4974632E-01
1.136187E-08,-1.4974632E-01
1.141187E-08,-1.4979903E-01
1.146187E-08,-1.4985173E-01
1.151187E-08,-1.4985173E-01
1.156187E-08,-1.4990444E-01
1.161187E-08,-1.4995715E-01
1.166187E-08,-1.5000986E-01
1.171187E-08,-1.5006257E-01
1.176187E-08,-1.5011528E-01
1.181187E-08,-1.5016799E-01
1.186187E-08,-1.5022070E-01
1.191187E-08,-1.5027341E-01
1.196187E-08,-1.5032612E-01
1.201187E-08,-1.5037883E-01
1.206187E-08,-1.5037883E-01
1.211187E-08,-1.5037883E-01
1.216187E-08,-1.5043153E-01
1.221187E-08,-1.5043153E-01
1.226187E-08,-1.5043153E-01
1.231187E-08,-1.5037883E-01
1.236187E-08,-1.5037883E-01
1.241187E-08,-1.5032612E-01
1.246187E-08,-1.5027341E-01
1.251187E-08,-1.5022070E-01
1.256187E-08,-1.5016799E-01
1.261187E-08,-1.5011528E-01
1.266187E-08,-1.5000986E-01
1.271187E-08,-1.4995715E-01
1.276187E-08,-1.4985173E-01
1.281187E-08,-1.4974632E-01
1.286187E-08,-1.4964090E-01
1.291187E-08,-1.4958819E-01
1.296187E-08,-1.4948277E-01
1.301187E-08,-1.4943006E-01
1.306187E-08,-1.4932464E-01
1.311187E-08,-1.4927194E-01
1.316187E-08,-1.4921923E-01
1.321187E-08,-1.4916652E-01
1.326187E-08,-1.4916652E-01
1.331187E-08,-1.4916652E-01
1.336187E-08,-1.4916652E-01
1.341187E-08,-1.4916652E-01
1.346187E-08,-1.4916652E-01
1.351187E-08,-1.4921923E-01
1.356187E-08,-1.4927194E-01
1.361187E-08,-1.4932464E-01
1.366187E-08,-1.4943006E-01
1.371187E-08,-1.4948277E-01
1.376187E-08,-1.4958819E-01
1.381187E-08,-1.4964090E-01
1.386187E-08,-1.4974632E-01
1.391187E-08,-1.4985173E-01
1.396187E-08,-1.4990444E-01
1.401187E-08,-1.5000986E-01
1.406187E-08,-1.5006257E-01
1.411187E-08,-1.5011528E-01
1.416187E-08,-1.5016799E-01
1.421187E-08,-1.5022070E-01
1.426187E-08,-1.5022070E-01
1.431187E-08,-1.5022070E-01
1.436187E-08,-1.5022070E-01
1.441187E-08,-1.5022070E-01
1.446187E-08,-1.5016799E-01
1.451187E-08,-1.5011528E-01
1.456187E-08,-1.5000986E-01
1.461187E-08,-1.4990444E-01
1.466187E-08,-1.4979903E-01
1.471187E-08,-1.4969361E-01
1.476187E-08,-1.4958819E-01
1.481187E-08,-1.4943006E-01
1.486187E-08,-1.4932464E-01
1.491187E-08,-1.4916652E-01
1.496187E-08,-1.4906110E-01
1.501187E-08,-1.4895568E-01
1.506187E-08,-1.4879755E-01
1.511187E-08,-1.4869214E-01
1.516187E-08,-1.4863943E-01
1.521187E-08,-1.4853401E-01
1.526187E-08,-1.4848130E-01
1.531187E-08,-1.4842859E-01
1.536187E-08,-1.4837588E-01
1.541187E-08,-1.4837588E-01
1.546187E-08,-1.4832317E-01
1.551187E-08,-1.4832317E-01
1.556187E-08,-1.4837588E-01
1.561187E-08,-1.4842859E-01
1.566187E-08,-1.4848130E-01
1.571187E-08,-1.4853401E-01
1.576187E-08,-1.4858672E-01
1.581187E-08,-1.4869214E-01
1.586187E-08,-1.4879755E-01
1.591187E-08,-1.4885026E-01
1.596187E-08,-1.4895568E-01
1.601187E-08,-1.4906110E-01
1.606187E-08,-1.4916652E-01
1.611187E-08,-1.4927194E-01
1.616187E-08,-1.4937735E-01
1.621187E-08,-1.4943006E-01
1.626187E-08,-1.4948277E-01
1.631187E-08,-1.4958819E-01
1.636187E-08,-1.4958819E-01
1.641187E-08,-1.4964090E-01
1.646187E-08,-1.4964090E-01
1.651187E-08,-1.4964090E-01
1.656187E-08,-1.4964090E-01
1.661187E-08,-1.4958819E-01
1.666187E-08,-1.4958819E-01
1.671187E-08,-1.4953548E-01
1.676187E-08,-1.4943006E-01
1.681187E-08,-1.4937735E-01
1.686187E-08,-1.4927194E-01
1.691187E-08,-1.4921923E-01
1.696187E-08,-1.4911381E-01
1.701187E-08,-1.4900839E-01
1.706187E-08,-1.4895568E-01
1.711187E-08,-1.4885026E-01
1.716187E-08,-1.4879755E-01
1.721187E-08,-1.4869214E-01
1.726187E-08,-1.4863943E-01
1.731187E-08,-1.4858672E-01
1.736187E-08,-1.4858672E-01
1.741187E-08,-1.4858672E-01
1.746187E-08,-1.4858672E-01
1.751187E-08,-1.4858672E-01
1.756187E-08,-1.4863943E-01
1.761187E-08,-1.4869214E-01
1.766187E-08,-1.4874485E-01
1.771187E-08,-1.4885026E-01
1.776187E-08,-1.4895568E-01
1.781187E-08,-1.4906110E-01
1.786187E-08,-1.4916652E-01
1.791187E-08,-1.4932464E-01
1.796187E-08,-1.4943006E-01
1.801187E-08,-1.4958819E-01
1.806187E-08,-1.4969361E-01
1.811187E-08,-1.4985173E-01
1.816187E-08,-1.4995715E-01
1.821187E-08,-1.5006257E-01
1.826187E-08,-1.5016799E-01
1.831187E-08,-1.5027341E-01
1.836187E-08,-1.5032612E-01
1.841187E-08,-1.5037883E-01
1.846187E-08,-1.5043153E-01
1.851187E-08,-1.5048424E-01
1.856187E-08,-1.5048424E-01
1.861187E-08,-1.5043153E-01
1.866187E-08,-1.5043153E-01
1.871187E-08,-1.5037883E-01
1.876187E-08,-1.5032612E-01
1.881187E-08,-1.5027341E-01
1.886187E-08,-1.5016799E-01
1.891187E-08,-1.5006257E-01
1.896187E-08,-1.5000986E-01
1.901187E-08,-1.4990444E-01
1.906187E-08,-1.4979903E-01
1.911187E-08,-1.4969361E-01
1.916187E-08,-1.4958819E-01
1.921187E-08,-1.4953548E-01
1.926187E-08,-1.4943006E-01
1.931187E-08,-1.4937735E-01
1.936187E-08,-1.4932464E-01
1.941187E-08,-1.4932464E-01
1.946187E-08,-1.4927194E-01
1.951187E-08,-1.4927194E-01
1.956187E-08,-1.4927194E-01
1.961187E-08,-1.4932464E-01
1.966187E-08,-1.4937735E-01
1.971187E-08,-1.4943006E-01
1.976187E-08,-1.4948277E-01
1.981187E-08,-1.4953548E-01
1.986187E-08,-1.4964090E-01
1.991187E-08,-1.4969361E-01
1.996187E-08,-1.4974632E-01
2.001187E-08,-1.4985173E-01
2.006187E-08,-1.4990444E-01
2.011187E-08,-1.4995715E-01
2.016187E-08,-1.5000986E-01
2.021187E-08,-1.5006257E-01
2.026187E-08,-1.5011528E-01
2.031187E-08,-1.5011528E-01
2.036187E-08,-1.5006257E-01
2.041187E-08,-1.5006257E-01
2.046187E-08,-1.5000986E-01
2.051187E-08,-1.4995715E-01
2.056187E-08,-1.4985173E-01
2.061187E-08,-1.4974632E-01
2.066187E-08,-1.4964090E-01
2.071187E-08,-1.4953548E-01
2.076187E-08,-1.4937735E-01
2.081187E-08,-1.4921923E-01
2.086187E-08,-1.4911381E-01
2.091187E-08,-1.4895568E-01
2.096187E-08,-1.4879755E-01
2.101187E-08,-1.4869214E-01
2.106187E-08,-1.4853401E-01
2.111187E-08,-1.4842859E-01
2.116187E-08,-1.4837588E-01
2.121187E-08,-1.4832317E-01
2.126187E-08,-1.4827046E-01
2.131187E-08,-1.4821776E-01
2.136187E-08,-1.4821776E-01
2.141187E-08,-1.4827046E-01
2.146187E-08,-1.4832317E-01
2.151187E-08,-1.4842859E-01
2.156187E-08,-1.4853401E-01
2.161187E-08,-1.4863943E-01
2.166187E-08,-1.4879755E-01
2.171187E-08,-1.4895568E-01
2.176187E-08,-1.4916652E-01
2.181187E-08,-1.4937735E-01
2.186187E-08,-1.4953548E-01
2.191187E-08,-1.4974632E-01
2.196187E-08,-1.4995715E-01
2.201187E-08,-1.5011528E-01
2.206187E-08,-1.5027341E-01
2.211187E-08,-1.5043153E-01
2.216187E-08,-1.5053695E-01
2.221187E-08,-1.5064237E-01
2.226187E-08,-1.5074779E-01
2.231187E-08,-1.5074779E-01
2.236187E-08,-1.5074779E-01
2.241187E-08,-1.5074779E-01
2.246187E-08,-1.5064237E-01
2.251187E-08,-1.5058966E-01
2.256187E-08,-1.5043153E-01
2.261187E-08,-1.5027341E-01
2.266187E-08,-1.5006257E-01
2.271187E-08,-1.4985173E-01
2.276187E-08,-1.4964090E-01
2.281187E-08,-1.4943006E-01
2.286187E-08,-1.4916652E-01
2.291187E-08,-1.4890297E-01
2.296187E-08,-1.4869214E-01
2.301187E-08,-1.4842859E-01
2.306187E-08,-1.4821776E-01
2.311187E-08,-1.4805963E-01
2.316187E-08,-1.4790150E-01
2.321187E-08,-1.4779608E-01
2.326187E-08,-1.4769067E-01
2.331187E-08,-1.4763796E-01
2.336187E-08,-1.4763796E-01
2.341187E-08,-1.4763796E-01
2.346187E-08,-1.4774337E-01
2.351187E-08,-1.4784879E-01
2.356187E-08,-1.4800692E-01
2.361187E-08,-1.4816505E-01
2.366187E-08,-1.4842859E-01
2.371187E-08,-1.4863943E-01
2.376187E-08,-1.4890297E-01
2.381187E-08,-1.4921923E-01
2.386187E-08,-1.4948277E-01
2.391187E-08,-1.4979903E-01
2.396187E-08,-1.5006257E-01
2.401187E-08,-1.5032612E-01
2.406187E-08,-1.5053695E-01
2.411187E-08,-1.5074779E-01
2.416187E-08,-1.5095862E-01
2.421187E-08,-1.5106404E-01
2.426187E-08,-1.5116946E-01
2.431187E-08,-1.5122217E-01
2.436187E-08,-1.5122217E-01
2.441187E-08,-1.5111675E-01
2.446187E-08,-1.5101133E-01
2.451187E-08,-1.5085321E-01
2.456187E-08,-1.5064237E-01
2.461187E-08,-1.5037883E-01
2.466187E-08,-1.5006257E-01
2.471187E-08,-1.4974632E-01
2.476187E-08,-1.4943006E-01
2.481187E-08,-1.4906110E-01
2.486187E-08,-1.4874485E-01
2.491187E-08,-1.4837588E-01
2.496187E-08,-1.4805963E-01
2.501187E-08,-1.4774337E-01
2.506187E-08,-1.4742712E-01
2.511187E-08,-1.4721628E-01
2.516187E-08,-1.4705816E-01
2.521187E-08,-1.4690003E-01
2.526187E-08,-1.4684732E-01
2.531187E-08,-1.4684732E-01
2.536187E-08,-1.4695274E-01
2.541187E-08,-1.4705816E-01
2.546187E-08,-1.4726899E-01
2.551187E-08,-1.4753254E-01
2.556187E-08,-1.4790150E-01
2.561187E-08,-1.4827046E-01
2.566187E-08,-1.4869214E-01
2.571187E-08,-1.4916652E-01
2.576187E-08,-1.4964090E-01
2.581187E-08,-1.5011528E-01
2.586187E-08,-1.5058966E-01
2.591187E-08,-1.5106404E-01
2.596187E-08,-1.5153842E-01
2.601187E-08,-1.5190739E-01
2.606187E-08,-1.5222364E-01
2.611187E-08,-1.5248719E-01
2.616187E-08,-1.5269802E-01
2.621187E-08,-1.5280344E-01
2.626187E-08,-1.5280344E-01
2.631187E-08,-1.5269802E-01
2.636187E-08,-1.5248719E-01
2.641187E-08,-1.5217093E-01
2.646187E-08,-1.5180197E-01
2.651187E-08,-1.5127488E-01
2.656187E-08,-1.5069508E-01
2.661187E-08,-1.5006257E-01
2.666187E-08,-1.4932464E-01
2.671187E-08,-1.4853401E-01
2.676187E-08,-1.4774337E-01
2.681187E-08,-1.4695274E-01
2.686187E-08,-1.4616210E-01
2.691187E-08,-1.4542418E-01
2.696187E-08,-1.4473896E-01
2.701187E-08,-1.4415916E-01
2.706187E-08,-1.4363207E-01
2.711187E-08,-1.4326311E-01
2.716187E-08,-1.4305227E-01
2.721187E-08,-1.4294685E-01
2.726187E-08,-1.4305227E-01
2.731187E-08,-1.4331582E-01
2.736187E-08,-1.4379020E-01
2.741187E-08,-1.4447542E-01
2.746187E-08,-1.4531876E-01
2.751187E-08,-1.4632023E-01
2.756187E-08,-1.4747983E-01
2.761187E-08,-1.4879755E-01
2.766187E-08,-1.5022070E-01
2.771187E-08,-1.5169655E-01
2.776187E-08,-1.5327782E-01
2.781187E-08,-1.5480638E-01
2.786187E-08,-1.5633494E-01
2.791187E-08,-1.5781080E-01
2.796187E-08,-1.5912852E-01
2.801187E-08,-1.6023541E-01
2.806187E-08,-1.6113146E-01
2.811187E-08,-1.6171126E-01
2.816187E-08,-1.6197481E-01
2.821187E-08,-1.6181668E-01
2.826187E-08,-1.6118417E-01
2.831187E-08,-1.6002457E-01
2.836187E-08,-1.5833789E-01
2.841187E-08,-1.5607140E-01
2.846187E-08,-1.5317240E-01
2.851187E-08,-1.4958819E-01
2.856187E-08,-1.4537147E-01
2.861187E-08,-1.4041682E-01
2.866187E-08,-1.3472425E-01
2.871187E-08,-1.2839917E-01
2.876187E-08,-1.2133616E-01
2.881187E-08,-1.1364064E-01
2.886187E-08,-1.0525991E-01
2.891187E-08,-9.629938E-02
2.896187E-08,-8.675905E-02
2.901187E-08,-7.669162E-02
2.906187E-08,-6.620253E-02
2.911187E-08,-5.529176E-02
2.916187E-08,-4.406474E-02
2.921187E-08,-3.262689E-02
2.926187E-08,-2.097820E-02
2.931187E-08,-9.22409E-03
2.936187E-08,2.47732E-03
2.941187E-08,1.417872E-02
2.946187E-08,2.566928E-02
2.951187E-08,3.694901E-02
2.956187E-08,4.785978E-02
2.961187E-08,5.845429E-02
2.966187E-08,6.857442E-02
2.971187E-08,7.816746E-02
2.976187E-08,8.718070E-02
2.981187E-08,9.561414E-02
2.986187E-08,1.0341508E-01
2.991187E-08,1.1053079E-01
2.996187E-08,1.1690858E-01
3.001187E-08,1.2260116E-01
3.006187E-08,1.2760851E-01
3.011187E-08,1.3187794E-01
3.016187E-08,1.3546216E-01
3.021187E-08,1.3841386E-01
3.026187E-08,1.4073306E-01
3.031187E-08,1.4241975E-01
3.036187E-08,1.4357935E-01
3.041187E-08,1.4426456E-01
3.046187E-08,1.4447540E-01
3.051187E-08,1.4436998E-01
3.056187E-08,1.4389560E-01
3.061187E-08,1.4315767E-01
3.066187E-08,1.4226162E-01
3.071187E-08,1.4120744E-01
3.076187E-08,1.4004784E-01
3.081187E-08,1.3888824E-01
3.086187E-08,1.3778135E-01
3.091187E-08,1.3672717E-01
3.096187E-08,1.3583112E-01
3.101187E-08,1.3504049E-01
3.106187E-08,1.3446069E-01
3.111187E-08,1.3409172E-01
3.116187E-08,1.3398631E-01
3.121187E-08,1.3403901E-01
3.126187E-08,1.3435527E-01
3.131187E-08,1.3493507E-01
3.136187E-08,1.3567299E-01
3.141187E-08,1.3662176E-01
3.146187E-08,1.3778135E-01
3.151187E-08,1.3904637E-01
3.156187E-08,1.4041680E-01
3.161187E-08,1.4189266E-01
3.166187E-08,1.4336851E-01
3.171187E-08,1.4484436E-01
3.176187E-08,1.4632021E-01
3.181187E-08,1.4769065E-01
3.186187E-08,1.4895567E-01
3.191187E-08,1.5006255E-01
3.196187E-08,1.5101132E-01
3.201187E-08,1.5169653E-01
3.206187E-08,1.5222362E-01
3.211187E-08,1.5243446E-01
3.216187E-08,1.5243446E-01
3.221187E-08,1.5211821E-01
3.226187E-08,1.5159112E-01
3.231187E-08,1.5074777E-01
3.236187E-08,1.4969359E-01
3.241187E-08,1.4842857E-01
3.246187E-08,1.4695272E-01
3.251187E-08,1.4526603E-01
3.256187E-08,1.4347393E-01
3.261187E-08,1.4157640E-01
3.266187E-08,1.3962617E-01
3.271187E-08,1.3762323E-01
3.276187E-08,1.3567299E-01
3.281187E-08,1.3377547E-01
3.286187E-08,1.3203607E-01
3.291187E-08,1.3040209E-01
3.296187E-08,1.2897895E-01
3.301187E-08,1.2781935E-01
3.306187E-08,1.2687059E-01
3.311187E-08,1.2623808E-01
3.316187E-08,1.2592183E-01
3.321187E-08,1.2592183E-01
3.326187E-08,1.2629079E-01
3.331187E-08,1.2692330E-01
3.336187E-08,1.2792477E-01
3.341187E-08,1.2924249E-01
3.346187E-08,1.3077106E-01
3.351187E-08,1.3261587E-01
3.356187E-08,1.3467152E-01
3.361187E-08,1.3683259E-01
3.366187E-08,1.3915179E-01
3.371187E-08,1.4152369E-01
3.376187E-08,1.4384289E-01
3.381187E-08,1.4616209E-01
3.386187E-08,1.4827045E-01
3.391187E-08,1.5022068E-01
3.396187E-08,1.5185466E-01
3.401187E-08,1.5317239E-01
3.406187E-08,1.5406844E-01
3.411187E-08,1.5449011E-01
3.416187E-08,1.5433198E-01
3.421187E-08,1.5359406E-01
3.426187E-08,1.5222362E-01
3.431187E-08,1.5016797E-01
3.436187E-08,1.4742710E-01
3.441187E-08,1.4389560E-01
3.446187E-08,1.3957346E-01
3.451187E-08,1.3451340E-01
3.456187E-08,1.2871540E-01
3.461187E-08,1.2212678E-01
3.466187E-08,1.1480022E-01
3.471187E-08,1.0678845E-01
3.476187E-08,9.809147E-02
3.481187E-08,8.876197E-02
3.486187E-08,7.890539E-02
3.491187E-08,6.852171E-02
3.496187E-08,5.771636E-02
3.501187E-08,4.654205E-02
3.506187E-08,3.510419E-02
3.511187E-08,2.345550E-02
3.516187E-08,1.164868E-02
3.521187E-08,-1.5814E-04
3.526187E-08,-1.191225E-02
3.531187E-08,-2.350823E-02
3.536187E-08,-3.494608E-02
3.541187E-08,-4.612040E-02
3.546187E-08,-5.692574E-02
3.551187E-08,-6.730942E-02
3.556187E-08,-7.721871E-02
3.561187E-08,-8.660092E-02
3.566187E-08,-9.545603E-02
3.571187E-08,-1.0367864E-01
3.576187E-08,-1.1132145E-01
3.581187E-08,-1.1827904E-01
3.586187E-08,-1.2460412E-01
3.591187E-08,-1.3029669E-01
3.596187E-08,-1.3530405E-01
3.601187E-08,-1.3967890E-01
3.606187E-08,-1.4342124E-01
3.611187E-08,-1.4658378E-01
3.616187E-08,-1.4921923E-01
3.621187E-08,-1.5127488E-01
3.626187E-08,-1.5290886E-01
3.631187E-08,-1.5406846E-01
3.636187E-08,-1.5485909E-01
3.641187E-08,-1.5533347E-01
3.646187E-08,-1.5549160E-01
3.651187E-08,-1.5538618E-01
3.656187E-08,-1.5512264E-01
3.661187E-08,-1.5470096E-01
3.666187E-08,-1.5417387E-01
3.671187E-08,-1.5359407E-01
3.676187E-08,-1.5301428E-01
3.681187E-08,-1.5243448E-01
3.686187E-08,-1.5185468E-01
3.691187E-08,-1.5138030E-01
3.696187E-08,-1.5101133E-01
3.701187E-08,-1.5069508E-01
3.706187E-08,-1.5048424E-01
3.711187E-08,-1.5043153E-01
3.716187E-08,-1.5048424E-01
3.721187E-08,-1.5064237E-01
3.726187E-08,-1.5090592E-01
3.731187E-08,-1.5132759E-01
3.736187E-08,-1.5174926E-01
3.741187E-08,-1.5232906E-01
3.746187E-08,-1.5290886E-01
3.751187E-08,-1.5354137E-01
3.756187E-08,-1.5417387E-01
3.761187E-08,-1.5480638E-01
3.766187E-08,-1.5543889E-01
3.771187E-08,-1.5607140E-01
3.776187E-08,-1.5659849E-01
3.781187E-08,-1.5707287E-01
3.786187E-08,-1.5749454E-01
3.791187E-08,-1.5781080E-01
3.796187E-08,-1.5802163E-01
3.801187E-08,-1.5812705E-01
3.806187E-08,-1.5812705E-01
3.811187E-08,-1.5802163E-01
3.816187E-08,-1.5775809E-01
3.821187E-08,-1.5744183E-01
3.826187E-08,-1.5702016E-01
3.831187E-08,-1.5654578E-01
3.836187E-08,-1.5596598E-01
3.841187E-08,-1.5528076E-01
3.846187E-08,-1.5459555E-01
3.851187E-08,-1.5385762E-01
3.856187E-08,-1.5306698E-01
3.861187E-08,-1.5227635E-01
3.866187E-08,-1.5153842E-01
3.871187E-08,-1.5074779E-01
3.876187E-08,-1.5006257E-01
3.881187E-08,-1.4937735E-01
3.886187E-08,-1.4874485E-01
3.891187E-08,-1.4816505E-01
3.896187E-08,-1.4769067E-01
3.901187E-08,-1.4726899E-01
3.906187E-08,-1.4695274E-01
3.911187E-08,-1.4668919E-01
3.916187E-08,-1.4653107E-01
3.921187E-08,-1.4642565E-01
3.926187E-08,-1.4642565E-01
3.931187E-08,-1.4647836E-01
3.936187E-08,-1.4663649E-01
3.941187E-08,-1.4684732E-01
3.946187E-08,-1.4705816E-01
3.951187E-08,-1.4737441E-01
3.956187E-08,-1.4769067E-01
3.961187E-08,-1.4800692E-01
3.966187E-08,-1.4837588E-01
3.971187E-08,-1.4869214E-01
3.976187E-08,-1.4906110E-01
3.981187E-08,-1.4937735E-01
3.986187E-08,-1.4969361E-01
3.991187E-08,-1.4995715E-01
3.996187E-08,-1.5016799E-01
4.001187E-08,-1.5032612E-01
4.006187E-08,-1.5048424E-01
4.011187E-08,-1.5053695E-01
4.016187E-08,-1.5058966E-01
4.021187E-08,-1.5058966E-01
4.026187E-08,-1.5048424E-01
4.031187E-08,-1.5037883E-01
4.036187E-08,-1.5022070E-01
4.041187E-08,-1.5000986E-01
4.046187E-08,-1.4979903E-01
4.051187E-08,-1.4948277E-01
4.056187E-08,-1.4921923E-01
4.061187E-08,-1.4890297E-01
4.066187E-08,-1.4858672E-01
4.071187E-08,-1.4827046E-01
4.076187E-08,-1.4800692E-01
4.081187E-08,-1.4769067E-01
4.086187E-08,-1.4737441E-01
4.091187E-08,-1.4711087E-01
4.096187E-08,-1.4690003E-01
4.101187E-08,-1.4668919E-01
4.106187E-08,-1.4647836E-01
4.111187E-08,-1.4632023E-01
4.116187E-08,-1.4621481E-01
4.121187E-08,-1.4610939E-01
4.126187E-08,-1.4605669E-01
4.131187E-08,-1.4605669E-01
4.136187E-08,-1.4605669E-01
4.141187E-08,-1.4605669E-01
4.146187E-08,-1.4610939E-01
4.151187E-08,-1.4616210E-01
4.156187E-08,-1.4626752E-01
4.161187E-08,-1.4632023E-01
4.166187E-08,-1.4642565E-01
4.171187E-08,-1.4653107E-01
4.176187E-08,-1.4663649E-01
4.181187E-08,-1.4668919E-01
4.186187E-08,-1.4674190E-01
4.191187E-08,-1.4679461E-01
4.196187E-08,-1.4684732E-01
4.201187E-08,-1.4684732E-01
4.206187E-08,-1.4684732E-01
4.211187E-08,-1.4684732E-01
4.216187E-08,-1.4679461E-01
4.221187E-08,-1.4668919E-01
4.226187E-08,-1.4658378E-01
4.231187E-08,-1.4647836E-01
4.236187E-08,-1.4637294E-01
4.241187E-08,-1.4621481E-01
4.246187E-08,-1.4600398E-01
4.251187E-08,-1.4584585E-01
4.256187E-08,-1.4563501E-01
4.261187E-08,-1.4542418E-01
4.266187E-08,-1.4521334E-01
4.271187E-08,-1.4500251E-01
4.276187E-08,-1.4484438E-01
4.281187E-08,-1.4463354E-01
4.286187E-08,-1.4442271E-01
4.291187E-08,-1.4421187E-01
4.296187E-08,-1.4405374E-01
4.301187E-08,-1.4389562E-01
4.306187E-08,-1.4373749E-01
4.311187E-08,-1.4357936E-01
4.316187E-08,-1.4342124E-01
4.321187E-08,-1.4331582E-01
4.326187E-08,-1.4321040E-01
4.331187E-08,-1.4310498E-01
4.336187E-08,-1.4299956E-01
4.341187E-08,-1.4294685E-01
4.346187E-08,-1.4284144E-01
4.351187E-08,-1.4278873E-01
4.356187E-08,-1.4273602E-01
4.361187E-08,-1.4263060E-01
4.366187E-08,-1.4257789E-01
4.371187E-08,-1.4252518E-01
4.376187E-08,-1.4247247E-01
4.381187E-08,-1.4241976E-01
4.386187E-08,-1.4231435E-01
4.391187E-08,-1.4226164E-01
4.396187E-08,-1.4220893E-01
4.401187E-08,-1.4215622E-01
4.406187E-08,-1.4205080E-01
4.411187E-08,-1.4199809E-01
4.416187E-08,-1.4194538E-01
4.421187E-08,-1.4189267E-01
4.426187E-08,-1.4183996E-01
4.431187E-08,-1.4178726E-01
4.436187E-08,-1.4173455E-01
4.441187E-08,-1.4173455E-01
4.446187E-08,-1.4168184E-01
4.451187E-08,-1.4168184E-01
4.456187E-08,-1.4173455E-01
4.461187E-08,-1.4173455E-01
4.466187E-08,-1.4178726E-01
4.471187E-08,-1.4183996E-01
4.476187E-08,-1.4194538E-01
4.481187E-08,-1.4205080E-01
4.486187E-08,-1.4215622E-01
4.491187E-08,-1.4226164E-01
4.496187E-08,-1.4241976E-01
4.501187E-08,-1.4257789E-01
4.506187E-08,-1.4273602E-01
4.511187E-08,-1.4289415E-01
4.516187E-08,-1.4305227E-01
4.521187E-08,-1.4326311E-01
4.526187E-08,-1.4342124E-01
4.531187E-08,-1.4363207E-01
4.536187E-08,-1.4379020E-01
4.541187E-08,-1.4394833E-01
4.546187E-08,-1.4410645E-01
4.551187E-08,-1.4426458E-01
4.556187E-08,-1.4437000E-01
4.561187E-08,-1.4452812E-01
4.566187E-08,-1.4458083E-01
4.571187E-08,-1.4468625E-01
4.576187E-08,-1.4473896E-01
4.581187E-08,-1.4479167E-01
4.586187E-08,-1.4479167E-01
4.591187E-08,-1.4479167E-01
4.596187E-08,-1.4479167E-01
4.601187E-08,-1.4479167E-01
4.606187E-08,-1.4473896E-01
4.611187E-08,-1.4468625E-01
4.616187E-08,-1.4468625E-01
4.621187E-08,-1.4463354E-01
4.626187E-08,-1.4458083E-01
4.631187E-08,-1.4452812E-01
4.636187E-08,-1.4447542E-01
4.641187E-08,-1.4442271E-01
4.646187E-08,-1.4442271E-01
4.651187E-08,-1.4442271E-01
4.656187E-08,-1.4442271E-01
4.661187E-08,-1.4447542E-01
4.666187E-08,-1.4452812E-01
4.671187E-08,-1.4458083E-01
4.676187E-08,-1.4468625E-01
4.681187E-08,-1.4479167E-01
4.686187E-08,-1.4494980E-01
4.691187E-08,-1.4516063E-01
4.696187E-08,-1.4537147E-01
4.701187E-08,-1.4558230E-01
4.706187E-08,-1.4584585E-01
4.711187E-08,-1.4610939E-01
4.716187E-08,-1.4642565E-01
4.721187E-08,-1.4674190E-01
4.726187E-08,-1.4705816E-01
4.731187E-08,-1.4737441E-01
4.736187E-08,-1.4769067E-01
4.741187E-08,-1.4800692E-01
4.746187E-08,-1.4832317E-01
4.751187E-08,-1.4863943E-01
4.756187E-08,-1.4895568E-01
4.761187E-08,-1.4921923E-01
4.766187E-08,-1.4948277E-01
4.771187E-08,-1.4974632E-01
4.776187E-08,-1.4995715E-01
4.781187E-08,-1.5016799E-01
4.786187E-08,-1.5032612E-01
4.791187E-08,-1.5048424E-01
4.796187E-08,-1.5064237E-01
4.801187E-08,-1.5069508E-01
4.806187E-08,-1.5074779E-01
4.811187E-08,-1.5080050E-01
4.816187E-08,-1.5080050E-01
4.821187E-08,-1.5080050E-01
4.826187E-08,-1.5080050E-01
4.831187E-08,-1.5074779E-01
4.836187E-08,-1.5069508E-01
4.841187E-08,-1.5058966E-01
4.846187E-08,-1.5053695E-01
4.851187E-08,-1.5043153E-01
4.856187E-08,-1.5032612E-01
4.861187E-08,-1.5022070E-01
4.866187E-08,-1.5011528E-01
4.871187E-08,-1.5006257E-01
4.876187E-08,-1.4995715E-01
4.881187E-08,-1.4990444E-01
4.886187E-08,-1.4985173E-01
4.891187E-08,-1.4979903E-01
4.896187E-08,-1.4979903E-01
4.901187E-08,-1.4979903E-01
4.906187E-08,-1.4979903E-01
4.911187E-08,-1.4979903E-01
4.916187E-08,-1.4990444E-01
4.921187E-08,-1.4995715E-01
4.926187E-08,-1.5006257E-01
4.931187E-08,-1.5016799E-01
4.936187E-08,-1.5027341E-01
4.941187E-08,-1.5043153E-01
4.946187E-08,-1.5058966E-01
4.951187E-08,-1.5069508E-01
4.956187E-08,-1.5085321E-01
4.961187E-08,-1.5101133E-01
4.966187E-08,-1.5116946E-01
4.971187E-08,-1.5132759E-01
4.976187E-08,-1.5143301E-01
4.981187E-08,-1.5159113E-01
4.986187E-08,-1.5169655E-01
4.991187E-08,-1.5174926E-01
4.996187E-08,-1.5185468E-01
5.001187E-08,-1.5190739E-01
5.006187E-08,-1.5196010E-01
5.011187E-08,-1.5201280E-01
5.016187E-08,-1.5206551E-01
5.021187E-08,-1.5206551E-01
5.026187E-08,-1.5201280E-01
5.031187E-08,-1.5201280E-01
5.036187E-08,-1.5196010E-01
5.041187E-08,-1.5190739E-01
5.046187E-08,-1.5190739E-01
5.051187E-08,-1.5180197E-01
5.056187E-08,-1.5174926E-01
5.061187E-08,-1.5169655E-01
5.066187E-08,-1.5164384E-01
5.071187E-08,-1.5153842E-01
5.076187E-08,-1.5148571E-01
5.081187E-08,-1.5143301E-01
5.086187E-08,-1.5138030E-01
5.091187E-08,-1.5138030E-01
5.096187E-08,-1.5132759E-01
5.101187E-08,-1.5132759E-01
5.106187E-08,-1.5127488E-01
5.111187E-08,-1.5127488E-01
5.116187E-08,-1.5127488E-01
5.121187E-08,-1.5132759E-01
5.126187E-08,-1.5132759E-01
5.131187E-08,-1.5138030E-01
5.136187E-08,-1.5138030E-01
5.141187E-08,-1.5143301E-01
5.146187E-08,-1.5148571E-01
5.151187E-08,-1.5153842E-01
5.156187E-08,-1.5159113E-01
5.161187E-08,-1.5159113E-01
5.166187E-08,-1.5164384E-01
5.171187E-08,-1.5169655E-01
5.176187E-08,-1.5169655E-01
5.181187E-08,-1.5174926E-01
5.186187E-08,-1.5174926E-01
5.191187E-08,-1.5174926E-01
5.196187E-08,-1.5174926E-01
5.201187E-08,-1.5169655E-01
5.206187E-08,-1.5169655E-01
5.211187E-08,-1.5164384E-01
5.216187E-08,-1.5159113E-01
5.221187E-08,-1.5153842E-01
5.226187E-08,-1.5143301E-01
5.231187E-08,-1.5138030E-01
5.236187E-08,-1.5127488E-01
5.241187E-08,-1.5122217E-01
5.246187E-08,-1.5111675E-01
5.251187E-08,-1.5101133E-01
5.256187E-08,-1.5090592E-01
5.261187E-08,-1.5080050E-01
5.266187E-08,-1.5069508E-01
5.271187E-08,-1.5058966E-01
5.276187E-08,-1.5048424E-01
5.281187E-08,-1.5037883E-01
5.286187E-08,-1.5032612E-01
5.291187E-08,-1.5022070E-01
5.296187E-08,-1.5016799E-01
5.301187E-08,-1.5011528E-01
5.306187E-08,-1.5006257E-01
5.311187E-08,-1.5000986E-01
5.316187E-08,-1.4995715E-01
5.321187E-08,-1.4995715E-01
5.326187E-08,-1.4990444E-01
5.331187E-08,-1.4990444E-01
5.336187E-08,-1.4985173E-01
5.341187E-08,-1.4985173E-01
5.346187E-08,-1.4985173E-01
5.351187E-08,-1.4985173E-01
5.356187E-08,-1.4979903E-01
5.361187E-08,-1.4979903E-01
5.366187E-08,-1.4979903E-01
5.371187E-08,-1.4974632E-01
5.376187E-08,-1.4974632E-01
5.381187E-08,-1.4969361E-01
5.386187E-08,-1.4964090E-01
5.391187E-08,-1.4964090E-01
5.396187E-08,-1.4958819E-01
5.401187E-08,-1.4948277E-01
5.406187E-08,-1.4943006E-01
5.411187E-08,-1.4937735E-01
5.416187E-08,-1.4927194E-01
5.421187E-08,-1.4916652E-01
5.426187E-08,-1.4911381E-01
5.431187E-08,-1.4900839E-01
5.436187E-08,-1.4890297E-01
5.441187E-08,-1.4879755E-01
5.446187E-08,-1.4869214E-01
5.451187E-08,-1.4858672E-01
5.456187E-08,-1.4848130E-01
5.461187E-08,-1.4837588E-01
5.466187E-08,-1.4832317E-01
5.471187E-08,-1.4821776E-01
5.476187E-08,-1.4811234E-01
5.481187E-08,-1.4805963E-01
5.486187E-08,-1.4800692E-01
5.491187E-08,-1.4790150E-01
5.496187E-08,-1.4784879E-01
5.501187E-08,-1.4779608E-01
5.506187E-08,-1.4779608E-01
5.511187E-08,-1.4774337E-01
5.516187E-08,-1.4769067E-01
5.521187E-08,-1.4763796E-01
5.526187E-08,-1.4763796E-01
5.531187E-08,-1.4758525E-01
5.536187E-08,-1.4758525E-01
5.541187E-08,-1.4758525E-01
5.546187E-08,-1.4758525E-01
5.551187E-08,-1.4758525E-01
5.556187E-08,-1.4758525E-01
5.561187E-08,-1.4758525E-01
5.566187E-08,-1.4758525E-01
5.571187E-08,-1.4758525E-01
5.576187E-08,-1.4763796E-01
5.581187E-08,-1.4763796E-01
5.586187E-08,-1.4769067E-01
5.591187E-08,-1.4769067E-01
5.596187E-08,-1.4774337E-01
5.601187E-08,-1.4774337E-01
5.606187E-08,-1.4779608E-01
5.611187E-08,-1.4784879E-01
5.616187E-08,-1.4784879E-01
5.621187E-08,-1.4790150E-01
5.626187E-08,-1.4790150E-01
5.631187E-08,-1.4795421E-01
5.636187E-08,-1.4800692E-01
5.641187E-08,-1.4800692E-01
5.646187E-08,-1.4805963E-01
5.651187E-08,-1.4805963E-01
5.656187E-08,-1.4811234E-01
5.661187E-08,-1.4811234E-01
5.666187E-08,-1.4816505E-01
5.671187E-08,-1.4816505E-01
5.676187E-08,-1.4816505E-01
5.681187E-08,-1.4816505E-01
5.686187E-08,-1.4816505E-01
5.691187E-08,-1.4816505E-01
5.696187E-08,-1.4816505E-01
5.701187E-08,-1.4816505E-01
5.706187E-08,-1.4816505E-01
5.711187E-08,-1.4816505E-01
5.716187E-08,-1.4811234E-01
5.721187E-08,-1.4811234E-01
5.726187E-08,-1.4805963E-01
5.731187E-08,-1.4805963E-01
5.736187E-08,-1.4800692E-01
5.741187E-08,-1.4795421E-01
5.746187E-08,-1.4790150E-01
5.751187E-08,-1.4784879E-01
5.756187E-08,-1.4784879E-01
5.761187E-08,-1.4779608E-01
5.766187E-08,-1.4774337E-01
5.771187E-08,-1.4769067E-01
5.776187E-08,-1.4763796E-01
5.781187E-08,-1.4758525E-01
5.786187E-08,-1.4753254E-01
5.791187E-08,-1.4753254E-01
5.796187E-08,-1.4747983E-01
5.801187E-08,-1.4742712E-01
5.806187E-08,-1.4737441E-01
5.811187E-08,-1.4737441E-01
5.816187E-08,-1.4737441E-01
5.821187E-08,-1.4732170E-01
5.826187E-08,-1.4732170E-01
5.831187E-08,-1.4732170E-01
5.836187E-08,-1.4732170E-01
5.841187E-08,-1.4732170E-01
5.846187E-08,-1.4732170E-01
5.851187E-08,-1.4737441E-01
5.856187E-08,-1.4737441E-01
5.861187E-08,-1.4737441E-01
5.866187E-08,-1.4742712E-01
5.871187E-08,-1.4747983E-01
5.876187E-08,-1.4753254E-01
5.881187E-08,-1.4753254E-01
5.886187E-08,-1.4758525E-01
5.891187E-08,-1.4763796E-01
5.896187E-08,-1.4769067E-01
5.901187E-08,-1.4774337E-01
5.906187E-08,-1.4779608E-01
5.911187E-08,-1.4784879E-01
5.916187E-08,-1.4790150E-01
5.921187E-08,-1.4795421E-01
5.926187E-08,-1.4795421E-01
5.931187E-08,-1.4800692E-01
5.936187E-08,-1.4805963E-01
5.941187E-08,-1.4805963E-01
5.946187E-08,-1.4811234E-01
5.951187E-08,-1.4811234E-01
5.956187E-08,-1.4811234E-01
5.961187E-08,-1.4811234E-01
5.966187E-08,-1.4816505E-01
5.971187E-08,-1.4816505E-01
5.976187E-08,-1.4811234E-01
5.981187E-08,-1.4811234E-01
5.986187E-08,-1.4811234E-01
5.991187E-08,-1.4811234E-01
5.996187E-08,-1.4811234E-01
6.001187E-08,-1.4811234E-01
6.006187E-08,-1.4805963E-01
6.011187E-08,-1.4805963E-01
6.016187E-08,-1.4805963E-01
6.021187E-08,-1.4805963E-01
6.026187E-08,-1.4805963E-01
6.031187E-08,-1.4805963E-01
6.036187E-08,-1.4811234E-01
6.041187E-08,-1.4811234E-01
6.046187E-08,-1.4816505E-01
6.051187E-08,-1.4816505E-01
6.056187E-08,-1.4821776E-01
6.061187E-08,-1.4827046E-01
6.066187E-08,-1.4832317E-01
6.071187E-08,-1.4842859E-01
6.076187E-08,-1.4848130E-01
6.081187E-08,-1.4858672E-01
6.086187E-08,-1.4863943E-01
6.091187E-08,-1.4874485E-01
6.096187E-08,-1.4885026E-01
6.101187E-08,-1.4890297E-01
6.106187E-08,-1.4900839E-01
6.111187E-08,-1.4911381E-01
6.116187E-08,-1.4921923E-01
6.121187E-08,-1.4932464E-01
6.126187E-08,-1.4943006E-01
6.131187E-08,-1.4948277E-01
6.136187E-08,-1.4958819E-01
6.141187E-08,-1.4969361E-01
6.146187E-08,-1.4974632E-01
6.151187E-08,-1.4985173E-01
6.156187E-08,-1.4990444E-01
6.161187E-08,-1.4995715E-01
6.166187E-08,-1.5000986E-01
6.171187E-08,-1.5000986E-01
6.176187E-08,-1.5006257E-01
6.181187E-08,-1.5006257E-01
6.186187E-08,-1.5006257E-01
6.191187E-08,-1.5011528E-01
6.196187E-08,-1.5006257E-01
6.201187E-08,-1.5006257E-01
6.206187E-08,-1.5006257E-01
6.211187E-08,-1.5006257E-01
6.216187E-08,-1.5000986E-01
6.221187E-08,-1.5000986E-01
6.226187E-08,-1.4995715E-01
6.231187E-08,-1.4995715E-01
6.236187E-08,-1.4990444E-01
6.241187E-08,-1.4985173E-01
6.246187E-08,-1.4985173E-01
6.251187E-08,-1.4985173E-01
6.256187E-08,-1.4979903E-01
6.261187E-08,-1.4979903E-01
6.266187E-08,-1.4979903E-01
6.271187E-08,-1.4979903E-01
6.276187E-08,-1.4979903E-01
6.281187E-08,-1.4985173E-01
6.286187E-08,-1.4985173E-01
6.291187E-08,-1.4990444E-01
6.296187E-08,-1.4990444E-01
6.301187E-08,-1.4995715E-01
6.306187E-08,-1.5000986E-01
6.311187E-08,-1.5006257E-01
6.316187E-08,-1.5011528E-01
6.321187E-08,-1.5022070E-01
6.326187E-08,-1.5027341E-01
6.331187E-08,-1.5032612E-01
6.336187E-08,-1.5043153E-01
6.341187E-08,-1.5048424E-01
6.346187E-08,-1.5058966E-01
6.351187E-08,-1.5064237E-01
6.356187E-08,-1.5069508E-01
6.361187E-08,-1.5074779E-01
6.366187E-08,-1.5080050E-01
6.371187E-08,-1.5085321E-01
6.376187E-08,-1.5090592E-01
6.381187E-08,-1.5095862E-01
6.386187E-08,-1.5095862E-01
6.391187E-08,-1.5095862E-01
6.396187E-08,-1.5095862E-01
6.401187E-08,-1.5095862E-01
6.406187E-08,-1.5095862E-01
6.411187E-08,-1.5090592E-01
6.416187E-08,-1.5090592E-01
6.421187E-08,-1.5085321E-01
6.426187E-08,-1.5080050E-01
6.431187E-08,-1.5074779E-01
6.436187E-08,-1.5069508E-01
6.441187E-08,-1.5058966E-01
6.446187E-08,-1.5053695E-01
6.451187E-08,-1.5043153E-01
6.456187E-08,-1.5037883E-01
6.461187E-08,-1.5027341E-01
6.466187E-08,-1.5016799E-01
6.471187E-08,-1.5011528E-01
6.476187E-08,-1.5000986E-01
6.481187E-08,-1.4995715E-01
6.486187E-08,-1.4985173E-01
6.491187E-08,-1.4979903E-01
6.496187E-08,-1.4969361E-01
6.501187E-08,-1.4964090E-01
6.506187E-08,-1.4958819E-01
6.511187E-08,-1.4953548E-01
6.516187E-08,-1.4948277E-01
6.521187E-08,-1.4943006E-01
6.526187E-08,-1.4937735E-01
6.531187E-08,-1.4937735E-01
6.536187E-08,-1.4932464E-01
6.541187E-08,-1.4932464E-01
6.546187E-08,-1.4927194E-01
6.551187E-08,-1.4927194E-01
6.556187E-08,-1.4927194E-01
6.561187E-08,-1.4921923E-01
6.566187E-08,-1.4921923E-01
6.571187E-08,-1.4921923E-01
6.576187E-08,-1.4921923E-01
6.581187E-08,-1.4921923E-01
6.586187E-08,-1.4921923E-01
6.591187E-08,-1.4921923E-01
6.596187E-08,-1.4921923E-01
6.601187E-08,-1.4921923E-01
6.606187E-08,-1.4921923E-01
6.611187E-08,-1.4916652E-01
6.616187E-08,-1.4916652E-01
6.621187E-08,-1.4916652E-01
6.626187E-08,-1.4911381E-01
6.631187E-08,-1.4911381E-01
6.636187E-08,-1.4906110E-01
6.641187E-08,-1.4906110E-01
6.646187E-08,-1.4900839E-01
6.651187E-08,-1.4895568E-01
6.656187E-08,-1.4890297E-01
6.661187E-08,-1.4885026E-01
6.666187E-08,-1.4885026E-01
6.671187E-08,-1.4879755E-01
6.676187E-08,-1.4874485E-01
6.681187E-08,-1.4869214E-01
6.686187E-08,-1.4863943E-01
6.691187E-08,-1.4858672E-01
6.696187E-08,-1.4853401E-01
6.701187E-08,-1.4848130E-01
6.706187E-08,-1.4842859E-01
6.711187E-08,-1.4837588E-01
6.716187E-08,-1.4832317E-01
6.721187E-08,-1.4827046E-01
6.726187E-08,-1.4821776E-01
6.731187E-08,-1.4821776E-01
6.736187E-08,-1.4816505E-01
6.741187E-08,-1.4811234E-01
6.746187E-08,-1.4811234E-01
6.751187E-08,-1.4805963E-01
6.756187E-08,-1.4805963E-01
6.761187E-08,-1.4800692E-01
6.766187E-08,-1.4800692E-01
6.771187E-08,-1.4800692E-01
6.776187E-08,-1.4795421E-01
6.781187E-08,-1.4795421E-01
6.786187E-08,-1.4795421E-01
6.791187E-08,-1.4795421E-01
6.796187E-08,-1.4790150E-01
6.801187E-08,-1.4790150E-01
6.806187E-08,-1.4790150E-01
6.811187E-08,-1.4790150E-01
6.816187E-08,-1.4790150E-01
6.821187E-08,-1.4790150E-01
6.826187E-08,-1.4790150E-01
6.831187E-08,-1.4790150E-01
6.836187E-08,-1.4790150E-01
6.841187E-08,-1.4790150E-01
6.846187E-08,-1.4790150E-01
6.851187E-08,-1.4790150E-01
6.856187E-08,-1.4790150E-01
6.861187E-08,-1.4790150E-01
6.866187E-08,-1.4790150E-01
6.871187E-08,-1.4790150E-01
6.876187E-08,-1.4790150E-01
6.881187E-08,-1.4790150E-01
6.886187E-08,-1.4790150E-01
6.891187E-08,-1.4790150E-01
6.896187E-08,-1.4795421E-01
6.901187E-08,-1.4795421E-01
6.906187E-08,-1.4795421E-01
6.911187E-08,-1.4795421E-01
6.916187E-08,-1.4800692E-01
6.921187E-08,-1.4800692E-01
6.926187E-08,-1.4800692E-01
6.931187E-08,-1.4805963E-01
6.936187E-08,-1.4805963E-01
6.941187E-08,-1.4811234E-01
6.946187E-08,-1.4811234E-01
6.951187E-08,-1.4816505E-01
6.956187E-08,-1.4816505E-01
6.961187E-08,-1.4816505E-01
6.966187E-08,-1.4821776E-01
6.971187E-08,-1.4821776E-01
6.976187E-08,-1.4827046E-01
6.981187E-08,-1.4827046E-01
6.986187E-08,-1.4832317E-01
6.991187E-08,-1.4832317E-01
6.996187E-08,-1.4832317E-01
7.001187E-08,-1.4837588E-01
7.006187E-08,-1.4837588E-01
7.011187E-08,-1.4842859E-01
7.016187E-08,-1.4842859E-01
7.021187E-08,-1.4848130E-01
7.026187E-08,-1.4848130E-01
7.031187E-08,-1.4853401E-01
7.036187E-08,-1.4853401E-01
7.041187E-08,-1.4858672E-01
7.046187E-08,-1.4858672E-01
7.051187E-08,-1.4863943E-01
7.056187E-08,-1.4863943E-01
7.061187E-08,-1.4869214E-01
7.066187E-08,-1.4869214E-01
7.071187E-08,-1.4874485E-01
7.076187E-08,-1.4879755E-01
7.081187E-08,-1.4879755E-01
7.086187E-08,-1.4885026E-01
7.091187E-08,-1.4890297E-01
7.096187E-08,-1.4895568E-01
7.101187E-08,-1.4900839E-01
7.106187E-08,-1.4900839E-01
7.111187E-08,-1.4906110E-01
7.116187E-08,-1.4911381E-01
7.121187E-08,-1.4916652E-01
7.126187E-08,-1.4921923E-01
7.131187E-08,-1.4927194E-01
7.136187E-08,-1.4932464E-01
7.141187E-08,-1.4937735E-01
7.146187E-08,-1.4943006E-01
7.151187E-08,-1.4948277E-01
7.156187E-08,-1.4953548E-01
7.161187E-08,-1.4958819E-01
7.166187E-08,-1.4958819E-01
7.171187E-08,-1.4964090E-01
7.176187E-08,-1.4969361E-01
7.181187E-08,-1.4974632E-01
7.186187E-08,-1.4974632E-01
7.191187E-08,-1.4979903E-01
7.196187E-08,-1.4979903E-01
7.201187E-08,-1.4979903E-01
7.206187E-08,-1.4979903E-01
7.211187E-08,-1.4985173E-01
7.216187E-08,-1.4985173E-01
7.221187E-08,-1.4985173E-01
7.226187E-08,-1.4979903E-01
7.231187E-08,-1.4979903E-01
7.236187E-08,-1.4979903E-01
7.241187E-08,-1.4974632E-01
7.246187E-08,-1.4974632E-01
7.251187E-08,-1.4974632E-01
7.256187E-08,-1.4969361E-01
7.261187E-08,-1.4964090E-01
7.266187E-08,-1.4964090E-01
7.271187E-08,-1.4958819E-01
7.276187E-08,-1.4958819E-01
7.281187E-08,-1.4953548E-01
7.286187E-08,-1.4953548E-01
7.291187E-08,-1.4948277E-01
7.296187E-08,-1.4948277E-01
7.301187E-08,-1.4943006E-01
7.306187E-08,-1.4943006E-01
7.311187E-08,-1.4943006E-01
7.316187E-08,-1.4943006E-01
7.321187E-08,-1.4943006E-01
7.326187E-08,-1.4943006E-01
7.331187E-08,-1.4943006E-01
7.336187E-08,-1.4943006E-01
7.341187E-08,-1.4948277E-01
7.346187E-08,-1.4948277E-01
7.351187E-08,-1.4953548E-01
7.356187E-08,-1.4958819E-01
7.361187E-08,-1.4958819E-01
7.366187E-08,-1.4964090E-01
7.371187E-08,-1.4969361E-01
7.376187E-08,-1.4974632E-01
7.381187E-08,-1.4979903E-01
7.386187E-08,-1.4985173E-01
7.391187E-08,-1.4990444E-01
7.396187E-08,-1.5000986E-01
7.401187E-08,-1.5006257E-01
7.406187E-08,-1.5011528E-01
7.411187E-08,-1.5016799E-01
7.416187E-08,-1.5022070E-01
7.421187E-08,-1.5027341E-01
7.426187E-08,-1.5037883E-01
7.431187E-08,-1.5043153E-01
7.436187E-08,-1.5048424E-01
7.441187E-08,-1.5053695E-01
7.446187E-08,-1.5058966E-01
7.451187E-08,-1.5058966E-01
7.456187E-08,-1.5064237E-01
7.461187E-08,-1.5069508E-01
7.466187E-08,-1.5074779E-01
7.471187E-08,-1.5074779E-01
7.476187E-08,-1.5080050E-01
7.481187E-08,-1.5080050E-01
7.486187E-08,-1.5080050E-01
7.491187E-08,-1.5080050E-01
7.496187E-08,-1.5080050E-01
7.501187E-08,-1.5080050E-01
7.506187E-08,-1.5080050E-01
7.511187E-08,-1.5080050E-01
7.516187E-08,-1.5080050E-01
7.521187E-08,-1.5080050E-01
7.526187E-08,-1.5074779E-01
7.531187E-08,-1.5074779E-01
7.536187E-08,-1.5069508E-01
7.541187E-08,-1.5069508E-01
7.546187E-08,-1.5064237E-01
7.551187E-08,-1.5058966E-01
7.556187E-08,-1.5058966E-01
7.561187E-08,-1.5053695E-01
7.566187E-08,-1.5048424E-01
7.571187E-08,-1.5043153E-01
7.576187E-08,-1.5037883E-01
7.581187E-08,-1.5037883E-01
7.586187E-08,-1.5032612E-01
7.591187E-08,-1.5027341E-01
7.596187E-08,-1.5022070E-01
7.601187E-08,-1.5022070E-01
7.606187E-08,-1.5016799E-01
7.611187E-08,-1.5011528E-01
7.616187E-08,-1.5011528E-01
7.621187E-08,-1.5006257E-01
7.626187E-08,-1.5006257E-01
7.631187E-08,-1.5000986E-01
7.636187E-08,-1.5000986E-01
7.641187E-08,-1.5000986E-01
7.646187E-08,-1.5000986E-01
7.651187E-08,-1.5000986E-01
7.656187E-08,-1.5000986E-01
7.661187E-08,-1.5000986E-01
7.666187E-08,-1.5000986E-01
7.671187E-08,-1.5006257E-01
7.676187E-08,-1.5006257E-01
7.681187E-08,-1.5006257E-01
7.686187E-08,-1.5011528E-01
7.691187E-08,-1.5011528E-01
7.696187E-08,-1.5016799E-01
7.701187E-08,-1.5016799E-01
7.706187E-08,-1.5022070E-01
7.711187E-08,-1.5027341E-01
7.716187E-08,-1.5027341E-01
7.721187E-08,-1.5032612E-01
7.726187E-08,-1.5032612E-01
7.731187E-08,-1.5037883E-01
7.736187E-08,-1.5037883E-01
7.741187E-08,-1.5043153E-01
7.746187E-08,-1.5043153E-01
7.751187E-08,-1.5043153E-01
7.756187E-08,-1.5043153E-01
7.761187E-08,-1.5043153E-01
7.766187E-08,-1.5043153E-01
7.771187E-08,-1.5037883E-01
7.776187E-08,-1.5037883E-01
7.781187E-08,-1.5032612E-01
7.786187E-08,-1.5032612E-01
7.791187E-08,-1.5027341E-01
7.796187E-08,-1.5022070E-01
7.801187E-08,-1.5016799E-01
7.806187E-08,-1.5006257E-01
7.811187E-08,-1.5000986E-01
7.816187E-08,-1.4995715E-01
7.821187E-08,-1.4985173E-01
7.826187E-08,-1.4979903E-01
7.831187E-08,-1.4969361E-01
7.836187E-08,-1.4964090E-01
7.841187E-08,-1.4953548E-01
7.846187E-08,-1.4943006E-01
7.851187E-08,-1.4937735E-01
7.856187E-08,-1.4927194E-01
7.861187E-08,-1.4921923E-01
7.866187E-08,-1.4916652E-01
7.871187E-08,-1.4906110E-01
7.876187E-08,-1.4900839E-01
7.881187E-08,-1.4895568E-01
7.886187E-08,-1.4890297E-01
7.891187E-08,-1.4885026E-01
7.896187E-08,-1.4879755E-01
7.901187E-08,-1.4874485E-01
7.906187E-08,-1.4874485E-01
7.911187E-08,-1.4869214E-01
7.916187E-08,-1.4869214E-01
7.921187E-08,-1.4863943E-01
7.926187E-08,-1.4863943E-01
7.931187E-08,-1.4863943E-01
7.936187E-08,-1.4863943E-01
7.941187E-08,-1.4858672E-01
7.946187E-08,-1.4858672E-01
7.951187E-08,-1.4858672E-01
7.956187E-08,-1.4858672E-01
7.961187E-08,-1.4858672E-01
7.966187E-08,-1.4858672E-01
7.971187E-08,-1.4858672E-01
7.976187E-08,-1.4858672E-01
7.981187E-08,-1.4858672E-01
7.986187E-08,-1.4853401E-01
7.991187E-08,-1.4853401E-01
7.996187E-08,-1.4853401E-01
8.001187E-08,-1.4848130E-01
8.006187E-08,-1.4848130E-01
8.011187E-08,-1.4848130E-01
8.016187E-08,-1.4842859E-01
8.021187E-08,-1.4842859E-01
8.026187E-08,-1.4837588E-01
8.031187E-08,-1.4837588E-01
8.036187E-08,-1.4832317E-01
8.041187E-08,-1.4832317E-01
8.046187E-08,-1.4827046E-01
8.051187E-08,-1.4827046E-01
8.056187E-08,-1.4821776E-01
8.061187E-08,-1.4821776E-01
8.066187E-08,-1.4816505E-01
8.071187E-08,-1.4816505E-01
8.076187E-08,-1.4811234E-01
8.081187E-08,-1.4811234E-01
8.086187E-08,-1.4811234E-01
8.091187E-08,-1.4811234E-01
8.096187E-08,-1.4811234E-01
8.101187E-08,-1.4811234E-01
8.106187E-08,-1.4811234E-01
8.111187E-08,-1.4811234E-01
8.116187E-08,-1.4811234E-01
8.121187E-08,-1.4811234E-01
8.126187E-08,-1.4811234E-01
8.131187E-08,-1.4816505E-01
8.136187E-08,-1.4816505E-01
8.141187E-08,-1.4821776E-01
8.146187E-08,-1.4821776E-01
8.151187E-08,-1.4827046E-01
8.156187E-08,-1.4827046E-01
8.161187E-08,-1.4832317E-01
8.166187E-08,-1.4832317E-01
8.171187E-08,-1.4837588E-01
8.176187E-08,-1.4837588E-01
8.181187E-08,-1.4842859E-01
8.186187E-08,-1.4842859E-01
8.191187E-08,-1.4848130E-01
8.196187E-08,-1.4848130E-01
8.201187E-08,-1.4853401E-01
8.206187E-08,-1.4853401E-01
8.211187E-08,-1.4853401E-01
8.216187E-08,-1.4858672E-01
8.221187E-08,-1.4858672E-01
8.226187E-08,-1.4858672E-01
8.231187E-08,-1.4858672E-01
8.236187E-08,-1.4858672E-01
8.241187E-08,-1.4863943E-01
8.246187E-08,-1.4863943E-01
8.251187E-08,-1.4863943E-01
8.256187E-08,-1.4869214E-01
8.261187E-08,-1.4869214E-01
8.266187E-08,-1.4869214E-01
8.271187E-08,-1.4874485E-01
8.276187E-08,-1.4874485E-01
8.281187E-08,-1.4879755E-01
8.286187E-08,-1.4879755E-01
8.291187E-08,-1.4885026E-01
8.296187E-08,-1.4890297E-01
8.301187E-08,-1.4890297E-01
8.306187E-08,-1.4895568E-01
8.311187E-08,-1.4900839E-01
8.316187E-08,-1.4906110E-01
8.321187E-08,-1.4911381E-01
8.326187E-08,-1.4916652E-01
8.331187E-08,-1.4921923E-01
8.336187E-08,-1.4927194E-01
8.341187E-08,-1.4937735E-01
8.346187E-08,-1.4943006E-01
8.351187E-08,-1.4948277E-01
8.356187E-08,-1.4953548E-01
8.361187E-08,-1.4958819E-01
8.366187E-08,-1.4964090E-01
8.371187E-08,-1.4969361E-01
8.376187E-08,-1.4974632E-01
8.381187E-08,-1.4979903E-01
8.386187E-08,-1.4985173E-01
8.391187E-08,-1.4990444E-01
8.396187E-08,-1.4995715E-01
8.401187E-08,-1.5000986E-01
8.406187E-08,-1.5000986E-01
8.411187E-08,-1.5006257E-01
8.416187E-08,-1.5011528E-01
8.421187E-08,-1.5011528E-01
8.426187E-08,-1.5016799E-01
8.431187E-08,-1.5016799E-01
8.436187E-08,-1.5022070E-01
8.441187E-08,-1.5022070E-01
8.446187E-08,-1.5022070E-01
8.451187E-08,-1.5022070E-01
8.456187E-08,-1.5027341E-01
8.461187E-08,-1.5027341E-01
8.466187E-08,-1.5027341E-01
8.471187E-08,-1.5027341E-01
8.476187E-08,-1.5027341E-01
8.481187E-08,-1.5027341E-01
8.486187E-08,-1.5027341E-01
8.491187E-08,-1.5027341E-01
8.496187E-08,-1.5027341E-01
8.501187E-08,-1.5027341E-01
8.506187E-08,-1.5027341E-01
8.511187E-08,-1.5027341E-01
8.516187E-08,-1.5027341E-01
8.521187E-08,-1.5027341E-01
8.526187E-08,-1.5022070E-01
8.531187E-08,-1.5022070E-01
8.536187E-08,-1.5022070E-01
8.541187E-08,-1.5016799E-01
8.546187E-08,-1.5016799E-01
8.551187E-08,-1.5011528E-01
8.556187E-08,-1.5011528E-01
8.561187E-08,-1.5006257E-01
8.566187E-08,-1.5000986E-01
8.571187E-08,-1.5000986E-01
8.576187E-08,-1.4995715E-01
8.581187E-08,-1.4990444E-01
8.586187E-08,-1.4990444E-01
8.591187E-08,-1.4985173E-01
8.596187E-08,-1.4979903E-01
8.601187E-08,-1.4979903E-01
8.606187E-08,-1.4974632E-01
8.611187E-08,-1.4969361E-01
8.616187E-08,-1.4964090E-01
8.621187E-08,-1.4964090E-01
8.626187E-08,-1.4958819E-01
8.631187E-08,-1.4958819E-01
8.636187E-08,-1.4953548E-01
8.641187E-08,-1.4953548E-01
8.646187E-08,-1.4948277E-01
8.651187E-08,-1.4948277E-01
8.656187E-08,-1.4948277E-01
8.661187E-08,-1.4948277E-01
8.666187E-08,-1.4948277E-01
8.671187E-08,-1.4943006E-01
8.676187E-08,-1.4948277E-01
8.681187E-08,-1.4948277E-01
8.686187E-08,-1.4948277E-01
8.691187E-08,-1.4948277E-01
8.696187E-08,-1.4948277E-01
8.701187E-08,-1.4953548E-01
8.706187E-08,-1.4953548E-01
8.711187E-08,-1.4958819E-01
8.716187E-08,-1.4958819E-01
8.721187E-08,-1.4958819E-01
8.726187E-08,-1.4964090E-01
8.731187E-08,-1.4964090E-01
8.736187E-08,-1.4964090E-01
8.741187E-08,-1.4969361E-01
8.746187E-08,-1.4969361E-01
8.751187E-08,-1.4969361E-01
8.756187E-08,-1.4969361E-01
8.761187E-08,-1.4964090E-01
8.766187E-08,-1.4964090E-01
8.771187E-08,-1.4964090E-01
8.776187E-08,-1.4958819E-01
8.781187E-08,-1.4958819E-01
8.786187E-08,-1.4953548E-01
8.791187E-08,-1.4953548E-01
8.796187E-08,-1.4948277E-01
8.801187E-08,-1.4943006E-01
8.806187E-08,-1.4937735E-01
8.811187E-08,-1.4932464E-01
8.816187E-08,-1.4927194E-01
8.821187E-08,-1.4921923E-01
8.826187E-08,-1.4916652E-01
8.831187E-08,-1.4911381E-01
8.836187E-08,-1.4911381E-01
8.841187E-08,-1.4906110E-01
8.846187E-08,-1.4900839E-01
8.851187E-08,-1.4900839E-01
8.856187E-08,-1.4895568E-01
8.861187E-08,-1.4895568E-01
8.866187E-08,-1.4895568E-01
8.871187E-08,-1.4895568E-01
8.876187E-08,-1.4895568E-01
8.881187E-08,-1.4895568E-01
8.886187E-08,-1.4900839E-01
8.891187E-08,-1.4900839E-01
8.896187E-08,-1.4906110E-01
8.901187E-08,-1.4911381E-01
8.906187E-08,-1.4916652E-01
8.911187E-08,-1.4921923E-01
8.916187E-08,-1.4927194E-01
8.921187E-08,-1.4932464E-01
8.926187E-08,-1.4937735E-01
8.931187E-08,-1.4943006E-01
8.936187E-08,-1.4948277E-01
8.941187E-08,-1.4953548E-01
8.946187E-08,-1.4958819E-01
8.951187E-08,-1.4964090E-01
8.956187E-08,-1.4969361E-01
8.961187E-08,-1.4974632E-01
8.966187E-08,-1.4974632E-01
8.971187E-08,-1.4979903E-01
8.976187E-08,-1.4979903E-01
8.981187E-08,-1.4979903E-01
8.986187E-08,-1.4979903E-01
8.991187E-08,-1.4979903E-01
8.996187E-08,-1.4979903E-01
9.001187E-08,-1.4979903E-01
9.006187E-08,-1.4974632E-01
9.011187E-08,-1.4969361E-01
9.016187E-08,-1.4969361E-01
9.021187E-08,-1.4964090E-01
9.026187E-08,-1.4958819E-01
9.031187E-08,-1.4953548E-01
9.036187E-08,-1.4948277E-01
9.041187E-08,-1.4943006E-01
9.046187E-08,-1.4937735E-01
9.051187E-08,-1.4932464E-01
9.056187E-08,-1.4927194E-01
9.061187E-08,-1.4921923E-01
9.066187E-08,-1.4921923E-01
9.071187E-08,-1.4916652E-01
9.076187E-08,-1.4911381E-01
9.081187E-08,-1.4911381E-01
9.086187E-08,-1.4906110E-01
9.091187E-08,-1.4906110E-01
9.096187E-08,-1.4906110E-01
9.101187E-08,-1.4906110E-01
9.106187E-08,-1.4906110E-01
9.111187E-08,-1.4906110E-01
9.116187E-08,-1.4906110E-01
9.121187E-08,-1.4911381E-01
9.126187E-08,-1.4911381E-01
9.131187E-08,-1.4916652E-01
9.136187E-08,-1.4916652E-01
9.141187E-08,-1.4921923E-01
9.146187E-08,-1.4927194E-01
9.151187E-08,-1.4932464E-01
9.156187E-08,-1.4932464E-01
9.161187E-08,-1.4937735E-01
9.166187E-08,-1.4943006E-01
9.171187E-08,-1.4948277E-01
9.176187E-08,-1.4948277E-01
9.181187E-08,-1.4953548E-01
9.186187E-08,-1.4953548E-01
9.191187E-08,-1.4958819E-01
9.196187E-08,-1.4958819E-01
9.201187E-08,-1.4964090E-01
9.206187E-08,-1.4964090E-01
9.211187E-08,-1.4964090E-01
9.216187E-08,-1.4964090E-01
9.221187E-08,-1.4964090E-01
9.226187E-08,-1.4964090E-01
9.231187E-08,-1.4964090E-01
9.236187E-08,-1.4964090E-01
9.241187E-08,-1.4964090E-01
9.246187E-08,-1.4958819E-01
9.251187E-08,-1.4958819E-01
9.256187E-08,-1.4958819E-01
9.261187E-08,-1.4958819E-01
9.266187E-08,-1.4958819E-01
9.271187E-08,-1.4958819E-01
9.276187E-08,-1.4958819E-01
9.281187E-08,-1.4958819E-01
9.286187E-08,-1.4958819E-01
9.291187E-08,-1.4958819E-01
9.296187E-08,-1.4958819E-01
9.301187E-08,-1.4964090E-01
9.306187E-08,-1.4964090E-01
9.311187E-08,-1.4964090E-01
9.316187E-08,-1.4969361E-01
9.321187E-08,-1.4969361E-01
9.326187E-08,-1.4974632E-01
9.331187E-08,-1.4974632E-01
9.336187E-08,-1.4979903E-01
9.341187E-08,-1.4979903E-01
9.346187E-08,-1.4985173E-01
9.351187E-08,-1.4985173E-01
9.356187E-08,-1.4985173E-01
9.361187E-08,-1.4990444E-01
9.366187E-08,-1.4990444E-01
9.371187E-08,-1.4990444E-01
9.376187E-08,-1.4990444E-01
9.381187E-08,-1.4990444E-01
9.386187E-08,-1.4990444E-01
9.391187E-08,-1.4990444E-01
9.396187E-08,-1.4990444E-01
9.401187E-08,-1.4990444E-01
9.406187E-08,-1.4985173E-01
9.411187E-08,-1.4985173E-01
9.416187E-08,-1.4985173E-01
9.421187E-08,-1.4979903E-01
9.426187E-08,-1.4979903E-01
9.431187E-08,-1.4974632E-01
9.436187E-08,-1.4974632E-01
9.441187E-08,-1.4969361E-01
9.446187E-08,-1.4964090E-01
9.451187E-08,-1.4964090E-01
9.456187E-08,-1.4958819E-01
9.461187E-08,-1.4958819E-01
9.466187E-08,-1.4958819E-01
9.471187E-08,-1.4953548E-01
9.476187E-08,-1.4953548E-01
9.481187E-08,-1.4953548E-01
9.486187E-08,-1.4953548E-01
9.491187E-08,-1.4953548E-01
9.496187E-08,-1.4953548E-01
9.501187E-08,-1.4953548E-01
9.506187E-08,-1.4953548E-01
9.511187E-08,-1.4958819E-01
9.516187E-08,-1.4958819E-01
9.521187E-08,-1.4964090E-01
9.526187E-08,-1.4964090E-01
9.531187E-08,-1.4969361E-01
9.536187E-08,-1.4969361E-01
9.541187E-08,-1.4974632E-01
9.546187E-08,-1.4979903E-01
9.551187E-08,-1.4979903E-01
9.556187E-08,-1.4985173E-01
9.561187E-08,-1.4990444E-01
9.566187E-08,-1.4990444E-01
9.571187E-08,-1.4995715E-01
9.576187E-08,-1.4995715E-01
9.581187E-08,-1.5000986E-01
9.586187E-08,-1.5000986E-01
9.591187E-08,-1.5006257E-01
9.596187E-08,-1.5006257E-01
9.601187E-08,-1.5006257E-01
9.606187E-08,-1.5006257E-01
9.611187E-08,-1.5006257E-01
9.616187E-08,-1.5006257E-01
9.621187E-08,-1.5006257E-01
9.626187E-08,-1.5006257E-01
9.631187E-08,-1.5006257E-01
9.636187E-08,-1.5006257E-01
9.641187E-08,-1.5000986E-01
9.646187E-08,-1.5000986E-01
9.651187E-08,-1.5000986E-01
9.656187E-08,-1.5000986E-01
9.661187E-08,-1.4995715E-01
9.666187E-08,-1.4995715E-01
9.671187E-08,-1.4995715E-01
9.676187E-08,-1.4995715E-01
9.681187E-08,-1.4990444E-01
9.686187E-08,-1.4990444E-01
9.691187E-08,-1.4990444E-01
9.696187E-08,-1.4990444E-01
9.701187E-08,-1.4990444E-01
9.706187E-08,-1.4990444E-01
9.711187E-08,-1.4990444E-01
9.716187E-08,-1.4990444E-01
9.721187E-08,-1.4990444E-01
9.726187E-08,-1.4995715E-01
9.731187E-08,-1.4995715E-01
9.736187E-08,-1.4995715E-01
9.741187E-08,-1.4995715E-01
9.746187E-08,-1.5000986E-01
9.751187E-08,-1.5000986E-01
9.756187E-08,-1.5000986E-01
9.761187E-08,-1.5000986E-01
9.766187E-08,-1.5006257E-01
9.771187E-08,-1.5006257E-01
9.776187E-08,-1.5006257E-01
9.781187E-08,-1.5006257E-01
9.786187E-08,-1.5006257E-01
9.791187E-08,-1.5006257E-01
9.796187E-08,-1.5006257E-01
9.801187E-08,-1.5006257E-01
9.806187E-08,-1.5006257E-01
9.811187E-08,-1.5000986E-01
9.816187E-08,-1.5000986E-01
9.821187E-08,-1.5000986E-01
9.826187E-08,-1.4995715E-01
9.831187E-08,-1.4995715E-01
9.836187E-08,-1.4990444E-01
9.841187E-08,-1.4990444E-01
9.846187E-08,-1.4985173E-01
9.851187E-08,-1.4985173E-01
9.856187E-08,-1.4979903E-01
9.861187E-08,-1.4979903E-01
9.866187E-08,-1.4974632E-01
9.871187E-08,-1.4974632E-01
9.876187E-08,-1.4969361E-01
9.881187E-08,-1.4964090E-01
9.886187E-08,-1.4964090E-01
9.891187E-08,-1.4958819E-01
9.896187E-08,-1.4958819E-01
9.901187E-08,-1.4953548E-01
9.906187E-08,-1.4948277E-01
9.911187E-08,-1.4948277E-01
9.916187E-08,-1.4943006E-01
9.921187E-08,-1.4943006E-01
9.926187E-08,-1.4937735E-01
9.931187E-08,-1.4937735E-01
9.936187E-08,-1.4932464E-01
9.941187E-08,-1.4927194E-01
9.946187E-08,-1.4927194E-01
9.951187E-08,-1.4921923E-01
9.956187E-08,-1.4921923E-01
9.961187E-08,-1.4916652E-01
9.966187E-08,-1.4916652E-01
9.971187E-08,-1.4911381E-01
9.976187E-08,-1.4911381E-01
9.981187E-08,-1.4906110E-01
9.986187E-08,-1.4906110E-01
9.991187E-08,-1.4906110E-01
9.996187E-08,-1.4900839E-01
1.0001187E-07,-1.4900839E-01
1.0006187E-07,-1.4900839E-01
1.0011187E-07,-1.4900839E-01
1.0016187E-07,-1.4895568E-01
1.0021187E-07,-1.4895568E-01
1.0026187E-07,-1.4895568E-01
1.0031187E-07,-1.4895568E-01
1.0036187E-07,-1.4895568E-01
1.0041187E-07,-1.4895568E-01
1.0046187E-07,-1.4900839E-01
1.0051187E-07,-1.4900839E-01
1.0056187E-07,-1.4900839E-01
1.0061187E-07,-1.4906110E-01
1.0066187E-07,-1.4906110E-01
1.0071187E-07,-1.4911381E-01
1.0076187E-07,-1.4911381E-01
1.0081187E-07,-1.4916652E-01
1.0086187E-07,-1.4921923E-01
1.0091187E-07,-1.4921923E-01
1.0096187E-07,-1.4927194E-01
1.0101187E-07,-1.4932464E-01
1.0106187E-07,-1.4937735E-01
1.0111187E-07,-1.4943006E-01
1.0116187E-07,-1.4943006E-01
1.0121187E-07,-1.4948277E-01
1.0126187E-07,-1.4953548E-01
1.0131187E-07,-1.4958819E-01
1.0136187E-07,-1.4964090E-01
1.0141187E-07,-1.4964090E-01
1.0146187E-07,-1.4969361E-01
1.0151187E-07,-1.4974632E-01
1.0156187E-07,-1.4974632E-01
1.0161187E-07,-1.4979903E-01
1.0166187E-07,-1.4979903E-01
1.0171187E-07,-1.4985173E-01
1.0176187E-07,-1.4985173E-01
1.0181187E-07,-1.4985173E-01
1.0186187E-07,-1.4985173E-01
1.0191187E-07,-1.4985173E-01
1.0196187E-07,-1.4985173E-01
1.0201187E-07,-1.4985173E-01
1.0206187E-07,-1.4985173E-01
1.0211187E-07,-1.4985173E-01
1.0216187E-07,-1.4985173E-01
1.0221187E-07,-1.4979903E-01
1.0226187E-07,-1.4979903E-01
1.0231187E-07,-1.4979903E-01
1.0236187E-07,-1.4974632E-01
1.0241187E-07,-1.4974632E-01
1.0246187E-07,-1.4974632E-01
1.0251187E-07,-1.4969361E-01
1.0256187E-07,-1.4969361E-01
1.0261187E-07,-1.4969361E-01
1.0266187E-07,-1.4969361E-01
1.0271187E-07,-1.4964090E-01
1.0276187E-07,-1.4964090E-01
1.0281187E-07,-1.4964090E-01
1.0286187E-07,-1.4964090E-01
1.0291187E-07,-1.4964090E-01
1.0296187E-07,-1.4964090E-01
1.0301187E-07,-1.4964090E-01
1.0306187E-07,-1.4958819E-01
1.0311187E-07,-1.4958819E-01
1.0316187E-07,-1.4958819E-01
1.0321187E-07,-1.4958819E-01
1.0326187E-07,-1.4958819E-01
1.0331187E-07,-1.4958819E-01
1.0336187E-07,-1.4958819E-01
1.0341187E-07,-1.4958819E-01
1.0346187E-07,-1.4958819E-01
1.0351187E-07,-1.4958819E-01
1.0356187E-07,-1.4958819E-01
1.0361187E-07,-1.4958819E-01
1.0366187E-07,-1.4958819E-01
1.0371187E-07,-1.4958819E-01
1.0376187E-07,-1.4958819E-01
1.0381187E-07,-1.4958819E-01
1.0386187E-07,-1.4958819E-01
1.0391187E-07,-1.4958819E-01
1.0396187E-07,-1.4958819E-01
1.0401187E-07,-1.4958819E-01
1.0406187E-07,-1.4958819E-01
1.0411187E-07,-1.4958819E-01
1.0416187E-07,-1.4958819E-01
1.0421187E-07,-1.4958819E-01
1.0426187E-07,-1.4964090E-01
1.0431187E-07,-1.4964090E-01
1.0436187E-07,-1.4964090E-01
1.0441187E-07,-1.4969361E-01
1.0446187E-07,-1.4969361E-01
1.0451187E-07,-1.4974632E-01
1.0456187E-07,-1.4974632E-01
1.0461187E-07,-1.4979903E-01
1.0466187E-07,-1.4979903E-01
1.0471187E-07,-1.4985173E-01
1.0476187E-07,-1.4990444E-01
1.0481187E-07,-1.4990444E-01
1.0486187E-07,-1.4995715E-01
1.0491187E-07,-1.5000986E-01
1.0496187E-07,-1.5000986E-01
1.0501187E-07,-1.5006257E-01
1.0506187E-07,-1.5011528E-01
1.0511187E-07,-1.5011528E-01
1.0516187E-07,-1.5016799E-01
1.0521187E-07,-1.5016799E-01
1.0526187E-07,-1.5016799E-01
1.0531187E-07,-1.5022070E-01
1.0536187E-07,-1.5022070E-01
1.0541187E-07,-1.5022070E-01
1.0546187E-07,-1.5022070E-01
1.0551187E-07,-1.5022070E-01
1.0556187E-07,-1.5022070E-01
1.0561187E-07,-1.5016799E-01
1.0566187E-07,-1.5016799E-01
1.0571187E-07,-1.5016799E-01
1.0576187E-07,-1.5011528E-01
1.0581187E-07,-1.5011528E-01
1.0586187E-07,-1.5006257E-01
1.0591187E-07,-1.5006257E-01
1.0596187E-07,-1.5000986E-01
1.0601187E-07,-1.4995715E-01
1.0606187E-07,-1.4995715E-01
1.0611187E-07,-1.4990444E-01
1.0616187E-07,-1.4990444E-01
1.0621187E-07,-1.4985173E-01
1.0626187E-07,-1.4985173E-01
1.0631187E-07,-1.4979903E-01
1.0636187E-07,-1.4979903E-01
1.0641187E-07,-1.4979903E-01
1.0646187E-07,-1.4974632E-01
1.0651187E-07,-1.4974632E-01
1.0656187E-07,-1.4974632E-01
1.0661187E-07,-1.4979903E-01
1.0666187E-07,-1.4979903E-01
1.0671187E-07,-1.4979903E-01
1.0676187E-07,-1.4985173E-01
1.0681187E-07,-1.4985173E-01
1.0686187E-07,-1.4990444E-01
1.0691187E-07,-1.4990444E-01
1.0696187E-07,-1.4995715E-01
1.0701187E-07,-1.5000986E-01
1.0706187E-07,-1.5006257E-01
1.0711187E-07,-1.5006257E-01
1.0716187E-07,-1.5011528E-01
1.0721187E-07,-1.5016799E-01
1.0726187E-07,-1.5016799E-01
1.0731187E-07,-1.5022070E-01
1.0736187E-07,-1.5022070E-01
1.0741187E-07,-1.5027341E-01
1.0746187E-07,-1.5027341E-01
1.0751187E-07,-1.5027341E-01
1.0756187E-07,-1.5027341E-01
1.0761187E-07,-1.5027341E-01
1.0766187E-07,-1.5027341E-01
1.0771187E-07,-1.5027341E-01
1.0776187E-07,-1.5022070E-01
1.0781187E-07,-1.5022070E-01
1.0786187E-07,-1.5016799E-01
1.0791187E-07,-1.5016799E-01
1.0796187E-07,-1.5011528E-01
1.0801187E-07,-1.5006257E-01
1.0806187E-07,-1.5000986E-01
1.0811187E-07,-1.4995715E-01
1.0816187E-07,-1.4990444E-01
1.0821187E-07,-1.4990444E-01
1.0826187E-07,-1.4985173E-01
1.0831187E-07,-1.4979903E-01
1.0836187E-07,-1.4974632E-01
1.0841187E-07,-1.4969361E-01
1.0846187E-07,-1.4969361E-01
1.0851187E-07,-1.4964090E-01
1.0856187E-07,-1.4964090E-01
1.0861187E-07,-1.4964090E-01
1.0866187E-07,-1.4958819E-01
1.0871187E-07,-1.4958819E-01
1.0876187E-07,-1.4958819E-01
1.0881187E-07,-1.4958819E-01
1.0886187E-07,-1.4964090E-01
1.0891187E-07,-1.4964090E-01
1.0896187E-07,-1.4964090E-01
1.0901187E-07,-1.4969361E-01
1.0906187E-07,-1.4969361E-01
1.0911187E-07,-1.4969361E-01
1.0916187E-07,-1.4974632E-01
1.0921187E-07,-1.4979903E-01
1.0926187E-07,-1.4979903E-01
1.0931187E-07,-1.4985173E-01
1.0936187E-07,-1.4985173E-01
1.0941187E-07,-1.4985173E-01
1.0946187E-07,-1.4990444E-01
1.0951187E-07,-1.4990444E-01
1.0956187E-07,-1.4990444E-01
1.0961187E-07,-1.4990444E-01
1.0966187E-07,-1.4990444E-01
1.0971187E-07,-1.4990444E-01
1.0976187E-07,-1.4990444E-01
1.0981187E-07,-1.4990444E-01
1.0986187E-07,-1.4990444E-01
1.0991187E-07,-1.4985173E-01
1.0996187E-07,-1.4985173E-01
1.1001187E-07,-1.4979903E-01
1.1006187E-07,-1.4979903E-01
1.1011187E-07,-1.4974632E-01
1.1016187E-07,-1.4974632E-01
1.1021187E-07,-1.4969361E-01
1.1026187E-07,-1.4964090E-01
1.1031187E-07,-1.4964090E-01
1.1036187E-07,-1.4958819E-01
1.1041187E-07,-1.4958819E-01
1.1046187E-07,-1.4953548E-01
1.1051187E-07,-1.4953548E-01
1.1056187E-07,-1.4953548E-01
1.1061187E-07,-1.4953548E-01
1.1066187E-07,-1.4953548E-01
1.1071187E-07,-1.4953548E-01
1.1076187E-07,-1.4953548E-01
1.1081187E-07,-1.4958819E-01
1.1086187E-07,-1.4964090E-01
1.1091187E-07,-1.4964090E-01
1.1096187E-07,-1.4969361E-01
1.1101187E-07,-1.4974632E-01
1.1106187E-07,-1.4979903E-01
1.1111187E-07,-1.4990444E-01
1.1116187E-07,-1.4995715E-01
1.1121187E-07,-1.5000986E-01
1.1126187E-07,-1.5011528E-01
1.1131187E-07,-1.5022070E-01
1.1136187E-07,-1.5027341E-01
1.1141187E-07,-1.5037883E-01
1.1146187E-07,-1.5043153E-01
1.1151187E-07,-1.5053695E-01
1.1156187E-07,-1.5064237E-01
1.1161187E-07,-1.5069508E-01
1.1166187E-07,-1.5080050E-01
1.1171187E-07,-1.5085321E-01
1.1176187E-07,-1.5090592E-01
1.1181187E-07,-1.5095862E-01
1.1186187E-07,-1.5101133E-01
1.1191187E-07,-1.5106404E-01
1.1196187E-07,-1.5111675E-01
1.1201187E-07,-1.5116946E-01
1.1206187E-07,-1.5116946E-01
1.1211187E-07,-1.5116946E-01
1.1216187E-07,-1.5116946E-01
1.1221187E-07,-1.5122217E-01
1.1226187E-07,-1.5116946E-01
1.1231187E-07,-1.5116946E-01
1.1236187E-07,-1.5116946E-01
1.1241187E-07,-1.5116946E-01
1.1246187E-07,-1.5111675E-01
1.1251187E-07,-1.5106404E-01
1.1256187E-07,-1.5106404E-01
1.1261187E-07,-1.5101133E-01
1.1266187E-07,-1.5095862E-01
1.1271187E-07,-1.5090592E-01
1.1276187E-07,-1.5090592E-01
1.1281187E-07,-1.5085321E-01
1.1286187E-07,-1.5080050E-01
1.1291187E-07,-1.5074779E-01
1.1296187E-07,-1.5069508E-01
1.1301187E-07,-1.5064237E-01
1.1306187E-07,-1.5058966E-01
1.1311187E-07,-1.5053695E-01
1.1316187E-07,-1.5048424E-01
1.1321187E-07,-1.5043153E-01
1.1326187E-07,-1.5037883E-01
1.1331187E-07,-1.5037883E-01
1.1336187E-07,-1.5032612E-01
1.1341187E-07,-1.5027341E-01
1.1346187E-07,-1.5022070E-01
1.1351187E-07,-1.5022070E-01
1.1356187E-07,-1.5016799E-01
1.1361187E-07,-1.5011528E-01
1.1366187E-07,-1.5011528E-01
1.1371187E-07,-1.5006257E-01
1.1376187E-07,-1.5000986E-01
1.1381187E-07,-1.5000986E-01
1.1386187E-07,-1.5000986E-01
1.1391187E-07,-1.4995715E-01
1.1396187E-07,-1.4995715E-01
1.1401187E-07,-1.4995715E-01
1.1406187E-07,-1.4990444E-01
1.1411187E-07,-1.4990444E-01
1.1416187E-07,-1.4990444E-01
1.1421187E-07,-1.4990444E-01
1.1426187E-07,-1.4990444E-01
1.1431187E-07,-1.4990444E-01
1.1436187E-07,-1.4990444E-01
1.1441187E-07,-1.4990444E-01
1.1446187E-07,-1.4990444E-01
1.1451187E-07,-1.4990444E-01
1.1456187E-07,-1.4990444E-01
1.1461187E-07,-1.4995715E-01
1.1466187E-07,-1.4995715E-01
1.1471187E-07,-1.4995715E-01
1.1476187E-07,-1.4995715E-01
1.1481187E-07,-1.5000986E-01
1.1486187E-07,-1.5000986E-01
1.1491187E-07,-1.5000986E-01
1.1496187E-07,-1.5000986E-01
1.1501187E-07,-1.5000986E-01
1.1506187E-07,-1.5006257E-01
1.1511187E-07,-1.5006257E-01
1.1516187E-07,-1.5006257E-01
1.1521187E-07,-1.5006257E-01
1.1526187E-07,-1.5006257E-01
1.1531187E-07,-1.5006257E-01
1.1536187E-07,-1.5006257E-01
1.1541187E-07,-1.5000986E-01
1.1546187E-07,-1.5000986E-01
1.1551187E-07,-1.5000986E-01
1.1556187E-07,-1.5000986E-01
1.1561187E-07,-1.4995715E-01
1.1566187E-07,-1.4995715E-01
1.1571187E-07,-1.4990444E-01
1.1576187E-07,-1.4990444E-01
1.1581187E-07,-1.4985173E-01
1.1586187E-07,-1.4985173E-01
1.1591187E-07,-1.4979903E-01
1.1596187E-07,-1.4974632E-01
1.1601187E-07,-1.4974632E-01
1.1606187E-07,-1.4969361E-01
1.1611187E-07,-1.4969361E-01
1.1616187E-07,-1.4964090E-01
1.1621187E-07,-1.4964090E-01
1.1626187E-07,-1.4958819E-01
1.1631187E-07,-1.4958819E-01
1.1636187E-07,-1.4958819E-01
1.1641187E-07,-1.4953548E-01
1.1646187E-07,-1.4953548E-01
1.1651187E-07,-1.4953548E-01
1.1656187E-07,-1.4953548E-01
1.1661187E-07,-1.4953548E-01
1.1666187E-07,-1.4953548E-01
1.1671187E-07,-1.4953548E-01
1.1676187E-07,-1.4953548E-01
1.1681187E-07,-1.4953548E-01
1.1686187E-07,-1.4958819E-01
1.1691187E-07,-1.4958819E-01
1.1696187E-07,-1.4958819E-01
1.1701187E-07,-1.4964090E-01
1.1706187E-07,-1.4964090E-01
1.1711187E-07,-1.4969361E-01
1.1716187E-07,-1.4969361E-01
1.1721187E-07,-1.4969361E-01
1.1726187E-07,-1.4974632E-01
1.1731187E-07,-1.4974632E-01
1.1736187E-07,-1.4974632E-01
1.1741187E-07,-1.4974632E-01
1.1746187E-07,-1.4974632E-01
1.1751187E-07,-1.4974632E-01
1.1756187E-07,-1.4974632E-01
1.1761187E-07,-1.4974632E-01
1.1766187E-07,-1.4974632E-01
1.1771187E-07,-1.4969361E-01
1.1776187E-07,-1.4969361E-01
1.1781187E-07,-1.4964090E-01
1.1786187E-07,-1.4964090E-01
1.1791187E-07,-1.4958819E-01
1.1796187E-07,-1.4953548E-01
1.1801187E-07,-1.4948277E-01
1.1806187E-07,-1.4948277E-01
1.1811187E-07,-1.4943006E-01
1.1816187E-07,-1.4937735E-01
1.1821187E-07,-1.4932464E-01
1.1826187E-07,-1.4927194E-01
1.1831187E-07,-1.4927194E-01
1.1836187E-07,-1.4921923E-01
1.1841187E-07,-1.4916652E-01
1.1846187E-07,-1.4916652E-01
1.1851187E-07,-1.4911381E-01
1.1856187E-07,-1.4911381E-01
1.1861187E-07,-1.4906110E-01
1.1866187E-07,-1.4906110E-01
1.1871187E-07,-1.4906110E-01
1.1876187E-07,-1.4906110E-01
1.1881187E-07,-1.4906110E-01
1.1886187E-07,-1.4906110E-01
1.1891187E-07,-1.4906110E-01
1.1896187E-07,-1.4911381E-01
1.1901187E-07,-1.4911381E-01
1.1906187E-07,-1.4916652E-01
1.1911187E-07,-1.4916652E-01
1.1916187E-07,-1.4921923E-01
1.1921187E-07,-1.4921923E-01
1.1926187E-07,-1.4927194E-01
1.1931187E-07,-1.4932464E-01
1.1936187E-07,-1.4937735E-01
1.1941187E-07,-1.4937735E-01
1.1946187E-07,-1.4943006E-01
1.1951187E-07,-1.4948277E-01
1.1956187E-07,-1.4953548E-01
1.1961187E-07,-1.4953548E-01
1.1966187E-07,-1.4958819E-01
1.1971187E-07,-1.4964090E-01
1.1976187E-07,-1.4964090E-01
1.1981187E-07,-1.4969361E-01
1.1986187E-07,-1.4974632E-01
1.1991187E-07,-1.4974632E-01
1.1996187E-07,-1.4979903E-01
1.2001187E-07,-1.4979903E-01
1.2006187E-07,-1.4979903E-01
1.2011187E-07,-1.4985173E-01
1.2016187E-07,-1.4985173E-01
1.2021187E-07,-1.4985173E-01
1.2026187E-07,-1.4990444E-01
1.2031187E-07,-1.4990444E-01
1.2036187E-07,-1.4990444E-01
1.2041187E-07,-1.4990444E-01
1.2046187E-07,-1.4990444E-01
1.2051187E-07,-1.4995715E-01
1.2056187E-07,-1.4995715E-01
1.2061187E-07,-1.4995715E-01
1.2066187E-07,-1.4995715E-01
1.2071187E-07,-1.4995715E-01
1.2076187E-07,-1.4995715E-01
1.2081187E-07,-1.4995715E-01
1.2086187E-07,-1.5000986E-01
1.2091187E-07,-1.5000986E-01
1.2096187E-07,-1.5000986E-01
1.2101187E-07,-1.5000986E-01
1.2106187E-07,-1.5000986E-01
1.2111187E-07,-1.5000986E-01
1.2116187E-07,-1.5000986E-01
1.2121187E-07,-1.5000986E-01
1.2126187E-07,-1.5000986E-01
1.2131187E-07,-1.5000986E-01
1.2136187E-07,-1.5000986E-01
1.2141187E-07,-1.5000986E-01
1.2146187E-07,-1.5000986E-01
1.2151187E-07,-1.4995715E-01
1.2156187E-07,-1.4995715E-01
1.2161187E-07,-1.4990444E-01
1.2166187E-07,-1.4990444E-01
1.2171187E-07,-1.4985173E-01
1.2176187E-07,-1.4979903E-01
1.2181187E-07,-1.4974632E-01
1.2186187E-07,-1.4969361E-01
1.2191187E-07,-1.4964090E-01
1.2196187E-07,-1.4958819E-01
1.2201187E-07,-1.4953548E-01
1.2206187E-07,-1.4948277E-01
1.2211187E-07,-1.4943006E-01
1.2216187E-07,-1.4932464E-01
1.2221187E-07,-1.4927194E-01
1.2226187E-07,-1.4921923E-01
1.2231187E-07,-1.4916652E-01
1.2236187E-07,-1.4911381E-01
1.2241187E-07,-1.4906110E-01
1.2246187E-07,-1.4900839E-01
1.2251187E-07,-1.4895568E-01
1.2256187E-07,-1.4890297E-01
1.2261187E-07,-1.4890297E-01
1.2266187E-07,-1.4885026E-01
1.2271187E-07,-1.4885026E-01
1.2276187E-07,-1.4885026E-01
1.2281187E-07,-1.4885026E-01
1.2286187E-07,-1.4885026E-01
1.2291187E-07,-1.4885026E-01
1.2296187E-07,-1.4885026E-01
1.2301187E-07,-1.4890297E-01
1.2306187E-07,-1.4890297E-01
1.2311187E-07,-1.4895568E-01
1.2316187E-07,-1.4900839E-01
1.2321187E-07,-1.4906110E-01
1.2326187E-07,-1.4911381E-01
1.2331187E-07,-1.4916652E-01
1.2336187E-07,-1.4921923E-01
1.2341187E-07,-1.4927194E-01
1.2346187E-07,-1.4932464E-01
1.2351187E-07,-1.4937735E-01
1.2356187E-07,-1.4943006E-01
1.2361187E-07,-1.4948277E-01
1.2366187E-07,-1.4953548E-01
1.2371187E-07,-1.4958819E-01
1.2376187E-07,-1.4964090E-01
1.2381187E-07,-1.4964090E-01
1.2386187E-07,-1.4969361E-01
1.2391187E-07,-1.4974632E-01
1.2396187E-07,-1.4974632E-01
1.2401187E-07,-1.4979903E-01
1.2406187E-07,-1.4979903E-01
1.2411187E-07,-1.4985173E-01
1.2416187E-07,-1.4985173E-01
1.2421187E-07,-1.4985173E-01
1.2426187E-07,-1.4985173E-01
1.2431187E-07,-1.4985173E-01
1.2436187E-07,-1.4985173E-01
1.2441187E-07,-1.4985173E-01
1.2446187E-07,-1.4985173E-01
1.2451187E-07,-1.4979903E-01
1.2456187E-07,-1.4979903E-01
1.2461187E-07,-1.4979903E-01
1.2466187E-07,-1.4979903E-01
1.2471187E-07,-1.4974632E-01
1.2476187E-07,-1.4974632E-01
1.2481187E-07,-1.4974632E-01
1.2486187E-07,-1.4969361E-01
1.2491187E-07,-1.4969361E-01
1.2496187E-07,-1.4969361E-01
1.2501187E-07,-1.4969361E-01
1.2506187E-07,-1.4964090E-01
1.2511187E-07,-1.4964090E-01
1.2516187E-07,-1.4964090E-01
1.2521187E-07,-1.4964090E-01
1.2526187E-07,-1.4964090E-01
1.2531187E-07,-1.4964090E-01
1.2536187E-07,-1.4964090E-01
1.2541187E-07,-1.4964090E-01
1.2546187E-07,-1.4964090E-01
1.2551187E-07,-1.4964090E-01
1.2556187E-07,-1.4964090E-01
1.2561187E-07,-1.4964090E-01
1.2566187E-07,-1.4964090E-01
1.2571187E-07,-1.4964090E-01
1.2576187E-07,-1.4964090E-01
1.2581187E-07,-1.4964090E-01
1.2586187E-07,-1.4958819E-01
1.2591187E-07,-1.4958819E-01
1.2596187E-07,-1.4958819E-01
1.2601187E-07,-1.4958819E-01
1.2606187E-07,-1.4953548E-01
1.2611187E-07,-1.4953548E-01
1.2616187E-07,-1.4948277E-01
1.2621187E-07,-1.4948277E-01
1.2626187E-07,-1.4943006E-01
1.2631187E-07,-1.4943006E-01
1.2636187E-07,-1.4937735E-01
1.2641187E-07,-1.4932464E-01
1.2646187E-07,-1.4932464E-01
1.2651187E-07,-1.4927194E-01
1.2656187E-07,-1.4927194E-01
1.2661187E-07,-1.4921923E-01
1.2666187E-07,-1.4916652E-01
1.2671187E-07,-1.4916652E-01
1.2676187E-07,-1.4911381E-01
1.2681187E-07,-1.4911381E-01
1.2686187E-07,-1.4906110E-01
1.2691187E-07,-1.4906110E-01
1.2696187E-07,-1.4906110E-01
1.2701187E-07,-1.4900839E-01
1.2706187E-07,-1.4900839E-01
1.2711187E-07,-1.4900839E-01
1.2716187E-07,-1.4900839E-01
1.2721187E-07,-1.4900839E-01
1.2726187E-07,-1.4900839E-01
1.2731187E-07,-1.4900839E-01
1.2736187E-07,-1.4900839E-01
1.2741187E-07,-1.4900839E-01
1.2746187E-07,-1.4900839E-01
1.2751187E-07,-1.4900839E-01
1.2756187E-07,-1.4900839E-01
1.2761187E-07,-1.4906110E-01
1.2766187E-07,-1.4906110E-01
1.2771187E-07,-1.4906110E-01
1.2776187E-07,-1.4906110E-01
1.2781187E-07,-1.4906110E-01
1.2786187E-07,-1.4906110E-01
1.2791187E-07,-1.4906110E-01
1.2796187E-07,-1.4906110E-01
1.2801187E-07,-1.4906110E-01
1.2806187E-07,-1.4906110E-01
1.2811187E-07,-1.4900839E-01
1.2816187E-07,-1.4900839E-01
1.2821187E-07,-1.4900839E-01
1.2826187E-07,-1.4895568E-01
1.2831187E-07,-1.4895568E-01
1.2836187E-07,-1.4895568E-01
1.2841187E-07,-1.4890297E-01
1.2846187E-07,-1.4885026E-01
1.2851187E-07,-1.4885026E-01
1.2856187E-07,-1.4879755E-01
1.2861187E-07,-1.4874485E-01
1.2866187E-07,-1.4874485E-01
1.2871187E-07,-1.4869214E-01
