-7.137121E-08,-1.4953548E-01
-7.132121E-08,-1.4953548E-01
-7.127121E-08,-1.4948277E-01
-7.122121E-08,-1.4948277E-01
-7.117121E-08,-1.4943006E-01
-7.112121E-08,-1.4943006E-01
-7.107121E-08,-1.4937735E-01
-7.102121E-08,-1.4937735E-01
-7.097121E-08,-1.4932464E-01
-7.092121E-08,-1.4932464E-01
-7.087121E-08,-1.4927194E-01
-7.082121E-08,-1.4927194E-01
-7.077121E-08,-1.4927194E-01
-7.072121E-08,-1.4921923E-01
-7.067121E-08,-1.4921923E-01
-7.062121E-08,-1.4921923E-01
-7.057121E-08,-1.4916652E-01
-7.052121E-08,-1.4916652E-01
-7.047121E-08,-1.4916652E-01
-7.042121E-08,-1.4916652E-01
-7.037121E-08,-1.4916652E-01
-7.032121E-08,-1.4916652E-01
-7.027121E-08,-1.4916652E-01
-7.022121E-08,-1.4921923E-01
-7.017121E-08,-1.4921923E-01
-7.012121E-08,-1.4921923E-01
-7.007121E-08,-1.4927194E-01
-7.002121E-08,-1.4927194E-01
-6.997121E-08,-1.4932464E-01
-6.992121E-08,-1.4932464E-01
-6.987121E-08,-1.4937735E-01
-6.982121E-08,-1.4943006E-01
-6.977121E-08,-1.4943006E-01
-6.972121E-08,-1.4948277E-01
-6.967121E-08,-1.4953548E-01
-6.962121E-08,-1.4953548E-01
-6.957121E-08,-1.4958819E-01
-6.952121E-08,-1.4964090E-01
-6.947121E-08,-1.4969361E-01
-6.942121E-08,-1.4969361E-01
-6.937121E-08,-1.4974632E-01
-6.932121E-08,-1.4974632E-01
-6.927121E-08,-1.4979903E-01
-6.922121E-08,-1.4979903E-01
-6.917121E-08,-1.4985173E-01
-6.912121E-08,-1.4985173E-01
-6.907121E-08,-1.4985173E-01
-6.902121E-08,-1.4990444E-01
-6.897121E-08,-1.4990444E-01
-6.892121E-08,-1.4990444E-01
-6.887121E-08,-1.4990444E-01
-6.882121E-08,-1.4990444E-01
-6.877121E-08,-1.4990444E-01
-6.872121E-08,-1.4990444E-01
-6.867121E-08,-1.4990444E-01
-6.862121E-08,-1.4990444E-01
-6.857121E-08,-1.4990444E-01
-6.852121E-08,-1.4990444E-01
-6.847121E-08,-1.4990444E-01
-6.842121E-08,-1.4995715E-01
-6.837121E-08,-1.4995715E-01
-6.832121E-08,-1.4995715E-01
-6.827121E-08,-1.4995715E-01
-6.822121E-08,-1.4995715E-01
-6.817121E-08,-1.5000986E-01
-6.812121E-08,-1.5000986E-01
-6.807121E-08,-1.5006257E-01
-6.802121E-08,-1.5006257E-01
-6.797121E-08,-1.5011528E-01
-6.792121E-08,-1.5011528E-01
-6.787121E-08,-1.5016799E-01
-6.782121E-08,-1.5016799E-01
-6.777121E-08,-1.5022070E-01
-6.772121E-08,-1.5027341E-01
-6.767121E-08,-1.5027341E-01
-6.762121E-08,-1.5032612E-01
-6.757121E-08,-1.5032612E-01
-6.752121E-08,-1.5037883E-01
-6.747121E-08,-1.5043153E-01
-6.742121E-08,-1.5043153E-01
-6.737121E-08,-1.5048424E-01
-6.732121E-08,-1.5048424E-01
-6.727121E-08,-1.5048424E-01
-6.722121E-08,-1.5053695E-01
-6.717121E-08,-1.5053695E-01
-6.712121E-08,-1.5053695E-01
-6.707121E-08,-1.5053695E-01
-6.702121E-08,-1.5053695E-01
-6.697121E-08,-1.5053695E-01
-6.692121E-08,-1.5048424E-01
-6.687121E-08,-1.5048424E-01
-6.682121E-08,-1.5048424E-01
-6.677121E-08,-1.5043153E-01
-6.672121E-08,-1.5037883E-01
-6.667121E-08,-1.5037883E-01
-6.662121E-08,-1.5032612E-01
-6.657121E-08,-1.5027341E-01
-6.652121E-08,-1.5022070E-01
-6.647121E-08,-1.5022070E-01
-6.642121E-08,-1.5016799E-01
-6.637121E-08,-1.5011528E-01
-6.632121E-08,-1.5006257E-01
-6.627121E-08,-1.5000986E-01
-6.622121E-08,-1.4995715E-01
-6.617121E-08,-1.4995715E-01
-6.612121E-08,-1.4990444E-01
-6.607121E-08,-1.4985173E-01
-6.602121E-08,-1.4979903E-01
-6.597121E-08,-1.4979903E-01
-6.592121E-08,-1.4974632E-01
-6.587121E-08,-1.4974632E-01
-6.582121E-08,-1.4974632E-01
-6.577121E-08,-1.4969361E-01
-6.572121E-08,-1.4969361E-01
-6.567121E-08,-1.4969361E-01
-6.562121E-08,-1.4969361E-01
-6.557121E-08,-1.4969361E-01
-6.552121E-08,-1.4969361E-01
-6.547121E-08,-1.4969361E-01
-6.542121E-08,-1.4969361E-01
-6.537121E-08,-1.4969361E-01
-6.532121E-08,-1.4969361E-01
-6.527121E-08,-1.4969361E-01
-6.522121E-08,-1.4974632E-01
-6.517121E-08,-1.4974632E-01
-6.512121E-08,-1.4974632E-01
-6.507121E-08,-1.4974632E-01
-6.502121E-08,-1.4979903E-01
-6.497121E-08,-1.4979903E-01
-6.492121E-08,-1.4979903E-01
-6.487121E-08,-1.4979903E-01
-6.482121E-08,-1.4985173E-01
-6.477121E-08,-1.4985173E-01
-6.472121E-08,-1.4985173E-01
-6.467121E-08,-1.4985173E-01
-6.462121E-08,-1.4985173E-01
-6.457121E-08,-1.4990444E-01
-6.452121E-08,-1.4990444E-01
-6.447121E-08,-1.4990444E-01
-6.442121E-08,-1.4990444E-01
-6.437121E-08,-1.4990444E-01
-6.432121E-08,-1.4990444E-01
-6.427121E-08,-1.4990444E-01
-6.422121E-08,-1.4990444E-01
-6.417121E-08,-1.4990444E-01
-6.412121E-08,-1.4990444E-01
-6.407121E-08,-1.4990444E-01
-6.402121E-08,-1.4995715E-01
-6.397121E-08,-1.4995715E-01
-6.392121E-08,-1.4995715E-01
-6.387121E-08,-1.4995715E-01
-6.382121E-08,-1.4995715E-01
-6.377121E-08,-1.4995715E-01
-6.372121E-08,-1.4995715E-01
-6.367121E-08,-1.4995715E-01
-6.362121E-08,-1.4995715E-01
-6.357121E-08,-1.4995715E-01
-6.352121E-08,-1.4995715E-01
-6.347121E-08,-1.4995715E-01
-6.342121E-08,-1.4990444E-01
-6.337121E-08,-1.4990444E-01
-6.332121E-08,-1.4990444E-01
-6.327121E-08,-1.4990444E-01
-6.322121E-08,-1.4990444E-01
-6.317121E-08,-1.4985173E-01
-6.312121E-08,-1.4985173E-01
-6.307121E-08,-1.4985173E-01
-6.302121E-08,-1.4979903E-01
-6.297121E-08,-1.4979903E-01
-6.292121E-08,-1.4974632E-01
-6.287121E-08,-1.4974632E-01
-6.282121E-08,-1.4969361E-01
-6.277121E-08,-1.4969361E-01
-6.272121E-08,-1.4969361E-01
-6.267121E-08,-1.4964090E-01
-6.262121E-08,-1.4964090E-01
-6.257121E-08,-1.4964090E-01
-6.252121E-08,-1.4958819E-01
-6.247121E-08,-1.4958819E-01
-6.242121E-08,-1.4958819E-01
-6.237121E-08,-1.4958819E-01
-6.232121E-08,-1.4958819E-01
-6.227121E-08,-1.4958819E-01
-6.222121E-08,-1.4958819E-01
-6.217121E-08,-1.4958819E-01
-6.212121E-08,-1.4958819E-01
-6.207121E-08,-1.4958819E-01
-6.202121E-08,-1.4958819E-01
-6.197121E-08,-1.4964090E-01
-6.192121E-08,-1.4964090E-01
-6.187121E-08,-1.4964090E-01
-6.182121E-08,-1.4969361E-01
-6.177121E-08,-1.4969361E-01
-6.172121E-08,-1.4969361E-01
-6.167121E-08,-1.4974632E-01
-6.162121E-08,-1.4974632E-01
-6.157121E-08,-1.4979903E-01
-6.152121E-08,-1.4979903E-01
-6.147121E-08,-1.4979903E-01
-6.142121E-08,-1.4979903E-01
-6.137121E-08,-1.4985173E-01
-6.132121E-08,-1.4985173E-01
-6.127121E-08,-1.4985173E-01
-6.122121E-08,-1.4985173E-01
-6.117121E-08,-1.4979903E-01
-6.112121E-08,-1.4979903E-01
-6.107121E-08,-1.4979903E-01
-6.102121E-08,-1.4974632E-01
-6.097121E-08,-1.4974632E-01
-6.092121E-08,-1.4969361E-01
-6.087121E-08,-1.4969361E-01
-6.082121E-08,-1.4964090E-01
-6.077121E-08,-1.4964090E-01
-6.072121E-08,-1.4958819E-01
-6.067121E-08,-1.4953548E-01
-6.062121E-08,-1.4948277E-01
-6.057121E-08,-1.4948277E-01
-6.052121E-08,-1.4943006E-01
-6.047121E-08,-1.4937735E-01
-6.042121E-08,-1.4937735E-01
-6.037121E-08,-1.4932464E-01
-6.032121E-08,-1.4932464E-01
-6.027121E-08,-1.4932464E-01
-6.022121E-08,-1.4927194E-01
-6.017121E-08,-1.4927194E-01
-6.012121E-08,-1.4927194E-01
-6.007121E-08,-1.4927194E-01
-6.002121E-08,-1.4932464E-01
-5.997121E-08,-1.4932464E-01
-5.992121E-08,-1.4932464E-01
-5.987121E-08,-1.4937735E-01
-5.982121E-08,-1.4943006E-01
-5.977121E-08,-1.4948277E-01
-5.972121E-08,-1.4948277E-01
-5.967121E-08,-1.4953548E-01
-5.962121E-08,-1.4958819E-01
-5.957121E-08,-1.4964090E-01
-5.952121E-08,-1.4969361E-01
-5.947121E-08,-1.4979903E-01
-5.942121E-08,-1.4985173E-01
-5.937121E-08,-1.4990444E-01
-5.932121E-08,-1.4995715E-01
-5.927121E-08,-1.5000986E-01
-5.922121E-08,-1.5000986E-01
-5.917121E-08,-1.5006257E-01
-5.912121E-08,-1.5011528E-01
-5.907121E-08,-1.5016799E-01
-5.902121E-08,-1.5016799E-01
-5.897121E-08,-1.5016799E-01
-5.892121E-08,-1.5022070E-01
-5.887121E-08,-1.5022070E-01
-5.882121E-08,-1.5022070E-01
-5.877121E-08,-1.5022070E-01
-5.872121E-08,-1.5022070E-01
-5.867121E-08,-1.5016799E-01
-5.862121E-08,-1.5016799E-01
-5.857121E-08,-1.5011528E-01
-5.852121E-08,-1.5011528E-01
-5.847121E-08,-1.5006257E-01
-5.842121E-08,-1.5006257E-01
-5.837121E-08,-1.5000986E-01
-5.832121E-08,-1.5000986E-01
-5.827121E-08,-1.4995715E-01
-5.822121E-08,-1.4990444E-01
-5.817121E-08,-1.4990444E-01
-5.812121E-08,-1.4985173E-01
-5.807121E-08,-1.4985173E-01
-5.802121E-08,-1.4979903E-01
-5.797121E-08,-1.4979903E-01
-5.792121E-08,-1.4979903E-01
-5.787121E-08,-1.4979903E-01
-5.782121E-08,-1.4979903E-01
-5.777121E-08,-1.4979903E-01
-5.772121E-08,-1.4979903E-01
-5.767121E-08,-1.4979903E-01
-5.762121E-08,-1.4979903E-01
-5.757121E-08,-1.4979903E-01
-5.752121E-08,-1.4979903E-01
-5.747121E-08,-1.4985173E-01
-5.742121E-08,-1.4985173E-01
-5.737121E-08,-1.4985173E-01
-5.732121E-08,-1.4985173E-01
-5.727121E-08,-1.4990444E-01
-5.722121E-08,-1.4990444E-01
-5.717121E-08,-1.4990444E-01
-5.712121E-08,-1.4990444E-01
-5.707121E-08,-1.4990444E-01
-5.702121E-08,-1.4990444E-01
-5.697121E-08,-1.4990444E-01
-5.692121E-08,-1.4990444E-01
-5.687121E-08,-1.4990444E-01
-5.682121E-08,-1.4985173E-01
-5.677121E-08,-1.4985173E-01
-5.672121E-08,-1.4979903E-01
-5.667121E-08,-1.4979903E-01
-5.662121E-08,-1.4974632E-01
-5.657121E-08,-1.4969361E-01
-5.652121E-08,-1.4969361E-01
-5.647121E-08,-1.4964090E-01
-5.642121E-08,-1.4958819E-01
-5.637121E-08,-1.4953548E-01
-5.632121E-08,-1.4948277E-01
-5.627121E-08,-1.4943006E-01
-5.622121E-08,-1.4943006E-01
-5.617121E-08,-1.4937735E-01
-5.612121E-08,-1.4932464E-01
-5.607121E-08,-1.4927194E-01
-5.602121E-08,-1.4921923E-01
-5.597121E-08,-1.4921923E-01
-5.592121E-08,-1.4916652E-01
-5.587121E-08,-1.4916652E-01
-5.582121E-08,-1.4916652E-01
-5.577121E-08,-1.4911381E-01
-5.572121E-08,-1.4911381E-01
-5.567121E-08,-1.4911381E-01
-5.562121E-08,-1.4911381E-01
-5.557121E-08,-1.4911381E-01
-5.552121E-08,-1.4911381E-01
-5.547121E-08,-1.4916652E-01
-5.542121E-08,-1.4916652E-01
-5.537121E-08,-1.4916652E-01
-5.532121E-08,-1.4921923E-01
-5.527121E-08,-1.4921923E-01
-5.522121E-08,-1.4921923E-01
-5.517121E-08,-1.4927194E-01
-5.512121E-08,-1.4927194E-01
-5.507121E-08,-1.4932464E-01
-5.502121E-08,-1.4932464E-01
-5.497121E-08,-1.4932464E-01
-5.492121E-08,-1.4937735E-01
-5.487121E-08,-1.4937735E-01
-5.482121E-08,-1.4937735E-01
-5.477121E-08,-1.4937735E-01
-5.472121E-08,-1.4937735E-01
-5.467121E-08,-1.4937735E-01
-5.462121E-08,-1.4937735E-01
-5.457121E-08,-1.4937735E-01
-5.452121E-08,-1.4937735E-01
-5.447121E-08,-1.4937735E-01
-5.442121E-08,-1.4932464E-01
-5.437121E-08,-1.4932464E-01
-5.432121E-08,-1.4932464E-01
-5.427121E-08,-1.4927194E-01
-5.422121E-08,-1.4927194E-01
-5.417121E-08,-1.4927194E-01
-5.412121E-08,-1.4921923E-01
-5.407121E-08,-1.4921923E-01
-5.402121E-08,-1.4921923E-01
-5.397121E-08,-1.4916652E-01
-5.392121E-08,-1.4916652E-01
-5.387121E-08,-1.4916652E-01
-5.382121E-08,-1.4916652E-01
-5.377121E-08,-1.4911381E-01
-5.372121E-08,-1.4911381E-01
-5.367121E-08,-1.4911381E-01
-5.362121E-08,-1.4911381E-01
-5.357121E-08,-1.4911381E-01
-5.352121E-08,-1.4911381E-01
-5.347121E-08,-1.4911381E-01
-5.342121E-08,-1.4911381E-01
-5.337121E-08,-1.4911381E-01
-5.332121E-08,-1.4911381E-01
-5.327121E-08,-1.4911381E-01
-5.322121E-08,-1.4911381E-01
-5.317121E-08,-1.4916652E-01
-5.312121E-08,-1.4916652E-01
-5.307121E-08,-1.4916652E-01
-5.302121E-08,-1.4916652E-01
-5.297121E-08,-1.4916652E-01
-5.292121E-08,-1.4916652E-01
-5.287121E-08,-1.4916652E-01
-5.282121E-08,-1.4916652E-01
-5.277121E-08,-1.4916652E-01
-5.272121E-08,-1.4916652E-01
-5.267121E-08,-1.4916652E-01
-5.262121E-08,-1.4916652E-01
-5.257121E-08,-1.4916652E-01
-5.252121E-08,-1.4916652E-01
-5.247121E-08,-1.4916652E-01
-5.242121E-08,-1.4916652E-01
-5.237121E-08,-1.4916652E-01
-5.232121E-08,-1.4921923E-01
-5.227121E-08,-1.4921923E-01
-5.222121E-08,-1.4921923E-01
-5.217121E-08,-1.4921923E-01
-5.212121E-08,-1.4927194E-01
-5.207121E-08,-1.4927194E-01
-5.202121E-08,-1.4927194E-01
-5.197121E-08,-1.4932464E-01
-5.192121E-08,-1.4937735E-01
-5.187121E-08,-1.4937735E-01
-5.182121E-08,-1.4943006E-01
-5.177121E-08,-1.4948277E-01
-5.172121E-08,-1.4953548E-01
-5.167121E-08,-1.4958819E-01
-5.162121E-08,-1.4964090E-01
-5.157121E-08,-1.4974632E-01
-5.152121E-08,-1.4979903E-01
-5.147121E-08,-1.4985173E-01
-5.142121E-08,-1.4995715E-01
-5.137121E-08,-1.5000986E-01
-5.132121E-08,-1.5006257E-01
-5.127121E-08,-1.5016799E-01
-5.122121E-08,-1.5022070E-01
-5.117121E-08,-1.5032612E-01
-5.112121E-08,-1.5037883E-01
-5.107121E-08,-1.5043153E-01
-5.102121E-08,-1.5048424E-01
-5.097121E-08,-1.5053695E-01
-5.092121E-08,-1.5058966E-01
-5.087121E-08,-1.5064237E-01
-5.082121E-08,-1.5069508E-01
-5.077121E-08,-1.5069508E-01
-5.072121E-08,-1.5074779E-01
-5.067121E-08,-1.5074779E-01
-5.062121E-08,-1.5074779E-01
-5.057121E-08,-1.5074779E-01
-5.052121E-08,-1.5074779E-01
-5.047121E-08,-1.5074779E-01
-5.042121E-08,-1.5074779E-01
-5.037121E-08,-1.5069508E-01
-5.032121E-08,-1.5069508E-01
-5.027121E-08,-1.5064237E-01
-5.022121E-08,-1.5058966E-01
-5.017121E-08,-1.5053695E-01
-5.012121E-08,-1.5053695E-01
-5.007121E-08,-1.5048424E-01
-5.002121E-08,-1.5043153E-01
-4.997121E-08,-1.5037883E-01
-4.992121E-08,-1.5032612E-01
-4.987121E-08,-1.5027341E-01
-4.982121E-08,-1.5022070E-01
-4.977121E-08,-1.5016799E-01
-4.972121E-08,-1.5011528E-01
-4.967121E-08,-1.5006257E-01
-4.962121E-08,-1.5000986E-01
-4.957121E-08,-1.4995715E-01
-4.952121E-08,-1.4990444E-01
-4.947121E-08,-1.4985173E-01
-4.942121E-08,-1.4985173E-01
-4.937121E-08,-1.4979903E-01
-4.932121E-08,-1.4979903E-01
-4.927121E-08,-1.4974632E-01
-4.922121E-08,-1.4974632E-01
-4.917121E-08,-1.4974632E-01
-4.912121E-08,-1.4974632E-01
-4.907121E-08,-1.4969361E-01
-4.902121E-08,-1.4969361E-01
-4.897121E-08,-1.4969361E-01
-4.892121E-08,-1.4969361E-01
-4.887121E-08,-1.4974632E-01
-4.882121E-08,-1.4974632E-01
-4.877121E-08,-1.4974632E-01
-4.872121E-08,-1.4974632E-01
-4.867121E-08,-1.4974632E-01
-4.862121E-08,-1.4979903E-01
-4.857121E-08,-1.4979903E-01
-4.852121E-08,-1.4979903E-01
-4.847121E-08,-1.4979903E-01
-4.842121E-08,-1.4985173E-01
-4.837121E-08,-1.4985173E-01
-4.832121E-08,-1.4985173E-01
-4.827121E-08,-1.4985173E-01
-4.822121E-08,-1.4990444E-01
-4.817121E-08,-1.4990444E-01
-4.812121E-08,-1.4990444E-01
-4.807121E-08,-1.4990444E-01
-4.802121E-08,-1.4990444E-01
-4.797121E-08,-1.4990444E-01
-4.792121E-08,-1.4995715E-01
-4.787121E-08,-1.4995715E-01
-4.782121E-08,-1.4995715E-01
-4.777121E-08,-1.4995715E-01
-4.772121E-08,-1.4995715E-01
-4.767121E-08,-1.4995715E-01
-4.762121E-08,-1.4995715E-01
-4.757121E-08,-1.4995715E-01
-4.752121E-08,-1.4995715E-01
-4.747121E-08,-1.4995715E-01
-4.742121E-08,-1.4995715E-01
-4.737121E-08,-1.4995715E-01
-4.732121E-08,-1.4995715E-01
-4.727121E-08,-1.4995715E-01
-4.722121E-08,-1.4995715E-01
-4.717121E-08,-1.4990444E-01
-4.712121E-08,-1.4990444E-01
-4.707121E-08,-1.4990444E-01
-4.702121E-08,-1.4990444E-01
-4.697121E-08,-1.4990444E-01
-4.692121E-08,-1.4990444E-01
-4.687121E-08,-1.4985173E-01
-4.682121E-08,-1.4985173E-01
-4.677121E-08,-1.4985173E-01
-4.672121E-08,-1.4985173E-01
-4.667121E-08,-1.4979903E-01
-4.662121E-08,-1.4979903E-01
-4.657121E-08,-1.4979903E-01
-4.652121E-08,-1.4974632E-01
-4.647121E-08,-1.4974632E-01
-4.642121E-08,-1.4974632E-01
-4.637121E-08,-1.4969361E-01
-4.632121E-08,-1.4969361E-01
-4.627121E-08,-1.4964090E-01
-4.622121E-08,-1.4964090E-01
-4.617121E-08,-1.4964090E-01
-4.612121E-08,-1.4958819E-01
-4.607121E-08,-1.4958819E-01
-4.602121E-08,-1.4953548E-01
-4.597121E-08,-1.4953548E-01
-4.592121E-08,-1.4948277E-01
-4.587121E-08,-1.4948277E-01
-4.582121E-08,-1.4943006E-01
-4.577121E-08,-1.4943006E-01
-4.572121E-08,-1.4937735E-01
-4.567121E-08,-1.4937735E-01
-4.562121E-08,-1.4937735E-01
-4.557121E-08,-1.4932464E-01
-4.552121E-08,-1.4932464E-01
-4.547121E-08,-1.4932464E-01
-4.542121E-08,-1.4927194E-01
-4.537121E-08,-1.4927194E-01
-4.532121E-08,-1.4927194E-01
-4.527121E-08,-1.4927194E-01
-4.522121E-08,-1.4927194E-01
-4.517121E-08,-1.4927194E-01
-4.512121E-08,-1.4921923E-01
-4.507121E-08,-1.4921923E-01
-4.502121E-08,-1.4921923E-01
-4.497121E-08,-1.4921923E-01
-4.492121E-08,-1.4921923E-01
-4.487121E-08,-1.4921923E-01
-4.482121E-08,-1.4921923E-01
-4.477121E-08,-1.4921923E-01
-4.472121E-08,-1.4927194E-01
-4.467121E-08,-1.4927194E-01
-4.462121E-08,-1.4927194E-01
-4.457121E-08,-1.4927194E-01
-4.452121E-08,-1.4927194E-01
-4.447121E-08,-1.4927194E-01
-4.442121E-08,-1.4932464E-01
-4.437121E-08,-1.4932464E-01
-4.432121E-08,-1.4932464E-01
-4.427121E-08,-1.4932464E-01
-4.422121E-08,-1.4937735E-01
-4.417121E-08,-1.4937735E-01
-4.412121E-08,-1.4937735E-01
-4.407121E-08,-1.4943006E-01
-4.402121E-08,-1.4943006E-01
-4.397121E-08,-1.4943006E-01
-4.392121E-08,-1.4943006E-01
-4.387121E-08,-1.4943006E-01
-4.382121E-08,-1.4943006E-01
-4.377121E-08,-1.4943006E-01
-4.372121E-08,-1.4948277E-01
-4.367121E-08,-1.4948277E-01
-4.362121E-08,-1.4943006E-01
-4.357121E-08,-1.4943006E-01
-4.352121E-08,-1.4943006E-01
-4.347121E-08,-1.4943006E-01
-4.342121E-08,-1.4943006E-01
-4.337121E-08,-1.4943006E-01
-4.332121E-08,-1.4943006E-01
-4.327121E-08,-1.4937735E-01
-4.322121E-08,-1.4937735E-01
-4.317121E-08,-1.4937735E-01
-4.312121E-08,-1.4937735E-01
-4.307121E-08,-1.4932464E-01
-4.302121E-08,-1.4932464E-01
-4.297121E-08,-1.4932464E-01
-4.292121E-08,-1.4927194E-01
-4.287121E-08,-1.4927194E-01
-4.282121E-08,-1.4927194E-01
-4.277121E-08,-1.4927194E-01
-4.272121E-08,-1.4927194E-01
-4.267121E-08,-1.4927194E-01
-4.262121E-08,-1.4927194E-01
-4.257121E-08,-1.4927194E-01
-4.252121E-08,-1.4927194E-01
-4.247121E-08,-1.4932464E-01
-4.242121E-08,-1.4932464E-01
-4.237121E-08,-1.4932464E-01
-4.232121E-08,-1.4937735E-01
-4.227121E-08,-1.4943006E-01
-4.222121E-08,-1.4943006E-01
-4.217121E-08,-1.4948277E-01
-4.212121E-08,-1.4953548E-01
-4.207121E-08,-1.4958819E-01
-4.202121E-08,-1.4964090E-01
-4.197121E-08,-1.4969361E-01
-4.192121E-08,-1.4979903E-01
-4.187121E-08,-1.4985173E-01
-4.182121E-08,-1.4990444E-01
-4.177121E-08,-1.4995715E-01
-4.172121E-08,-1.5000986E-01
-4.167121E-08,-1.5011528E-01
-4.162121E-08,-1.5016799E-01
-4.157121E-08,-1.5022070E-01
-4.152121E-08,-1.5027341E-01
-4.147121E-08,-1.5032612E-01
-4.142121E-08,-1.5032612E-01
-4.137121E-08,-1.5037883E-01
-4.132121E-08,-1.5043153E-01
-4.127121E-08,-1.5043153E-01
-4.122121E-08,-1.5048424E-01
-4.117121E-08,-1.5048424E-01
-4.112121E-08,-1.5048424E-01
-4.107121E-08,-1.5048424E-01
-4.102121E-08,-1.5048424E-01
-4.097121E-08,-1.5048424E-01
-4.092121E-08,-1.5043153E-01
-4.087121E-08,-1.5043153E-01
-4.082121E-08,-1.5043153E-01
-4.077121E-08,-1.5037883E-01
-4.072121E-08,-1.5032612E-01
-4.067121E-08,-1.5032612E-01
-4.062121E-08,-1.5027341E-01
-4.057121E-08,-1.5022070E-01
-4.052121E-08,-1.5016799E-01
-4.047121E-08,-1.5016799E-01
-4.042121E-08,-1.5011528E-01
-4.037121E-08,-1.5006257E-01
-4.032121E-08,-1.5006257E-01
-4.027121E-08,-1.5000986E-01
-4.022121E-08,-1.5000986E-01
-4.017121E-08,-1.4995715E-01
-4.012121E-08,-1.4995715E-01
-4.007121E-08,-1.4995715E-01
-4.002121E-08,-1.4995715E-01
-3.997121E-08,-1.4995715E-01
-3.992121E-08,-1.5000986E-01
-3.987121E-08,-1.5000986E-01
-3.982121E-08,-1.5006257E-01
-3.977121E-08,-1.5006257E-01
-3.972121E-08,-1.5011528E-01
-3.967121E-08,-1.5016799E-01
-3.962121E-08,-1.5022070E-01
-3.957121E-08,-1.5027341E-01
-3.952121E-08,-1.5032612E-01
-3.947121E-08,-1.5037883E-01
-3.942121E-08,-1.5043153E-01
-3.937121E-08,-1.5048424E-01
-3.932121E-08,-1.5053695E-01
-3.927121E-08,-1.5058966E-01
-3.922121E-08,-1.5058966E-01
-3.917121E-08,-1.5064237E-01
-3.912121E-08,-1.5069508E-01
-3.907121E-08,-1.5069508E-01
-3.902121E-08,-1.5074779E-01
-3.897121E-08,-1.5074779E-01
-3.892121E-08,-1.5074779E-01
-3.887121E-08,-1.5074779E-01
-3.882121E-08,-1.5074779E-01
-3.877121E-08,-1.5074779E-01
-3.872121E-08,-1.5074779E-01
-3.867121E-08,-1.5074779E-01
-3.862121E-08,-1.5069508E-01
-3.857121E-08,-1.5064237E-01
-3.852121E-08,-1.5064237E-01
-3.847121E-08,-1.5058966E-01
-3.842121E-08,-1.5053695E-01
-3.837121E-08,-1.5048424E-01
-3.832121E-08,-1.5043153E-01
-3.827121E-08,-1.5043153E-01
-3.822121E-08,-1.5037883E-01
-3.817121E-08,-1.5032612E-01
-3.812121E-08,-1.5027341E-01
-3.807121E-08,-1.5022070E-01
-3.802121E-08,-1.5016799E-01
-3.797121E-08,-1.5016799E-01
-3.792121E-08,-1.5011528E-01
-3.787121E-08,-1.5011528E-01
-3.782121E-08,-1.5006257E-01
-3.777121E-08,-1.5006257E-01
-3.772121E-08,-1.5006257E-01
-3.767121E-08,-1.5006257E-01
-3.762121E-08,-1.5006257E-01
-3.757121E-08,-1.5006257E-01
-3.752121E-08,-1.5006257E-01
-3.747121E-08,-1.5006257E-01
-3.742121E-08,-1.5011528E-01
-3.737121E-08,-1.5011528E-01
-3.732121E-08,-1.5016799E-01
-3.727121E-08,-1.5016799E-01
-3.722121E-08,-1.5022070E-01
-3.717121E-08,-1.5027341E-01
-3.712121E-08,-1.5027341E-01
-3.707121E-08,-1.5032612E-01
-3.702121E-08,-1.5037883E-01
-3.697121E-08,-1.5037883E-01
-3.692121E-08,-1.5043153E-01
-3.687121E-08,-1.5043153E-01
-3.682121E-08,-1.5043153E-01
-3.677121E-08,-1.5048424E-01
-3.672121E-08,-1.5048424E-01
-3.667121E-08,-1.5048424E-01
-3.662121E-08,-1.5048424E-01
-3.657121E-08,-1.5048424E-01
-3.652121E-08,-1.5048424E-01
-3.647121E-08,-1.5048424E-01
-3.642121E-08,-1.5048424E-01
-3.637121E-08,-1.5048424E-01
-3.632121E-08,-1.5048424E-01
-3.627121E-08,-1.5043153E-01
-3.622121E-08,-1.5043153E-01
-3.617121E-08,-1.5043153E-01
-3.612121E-08,-1.5037883E-01
-3.607121E-08,-1.5037883E-01
-3.602121E-08,-1.5037883E-01
-3.597121E-08,-1.5032612E-01
-3.592121E-08,-1.5032612E-01
-3.587121E-08,-1.5027341E-01
-3.582121E-08,-1.5027341E-01
-3.577121E-08,-1.5027341E-01
-3.572121E-08,-1.5027341E-01
-3.567121E-08,-1.5022070E-01
-3.562121E-08,-1.5022070E-01
-3.557121E-08,-1.5022070E-01
-3.552121E-08,-1.5022070E-01
-3.547121E-08,-1.5022070E-01
-3.542121E-08,-1.5022070E-01
-3.537121E-08,-1.5022070E-01
-3.532121E-08,-1.5022070E-01
-3.527121E-08,-1.5022070E-01
-3.522121E-08,-1.5022070E-01
-3.517121E-08,-1.5022070E-01
-3.512121E-08,-1.5022070E-01
-3.507121E-08,-1.5022070E-01
-3.502121E-08,-1.5022070E-01
-3.497121E-08,-1.5022070E-01
-3.492121E-08,-1.5022070E-01
-3.487121E-08,-1.5016799E-01
-3.482121E-08,-1.5016799E-01
-3.477121E-08,-1.5016799E-01
-3.472121E-08,-1.5016799E-01
-3.467121E-08,-1.5016799E-01
-3.462121E-08,-1.5016799E-01
-3.457121E-08,-1.5016799E-01
-3.452121E-08,-1.5011528E-01
-3.447121E-08,-1.5011528E-01
-3.442121E-08,-1.5011528E-01
-3.437121E-08,-1.5011528E-01
-3.432121E-08,-1.5011528E-01
-3.427121E-08,-1.5011528E-01
-3.422121E-08,-1.5006257E-01
-3.417121E-08,-1.5006257E-01
-3.412121E-08,-1.5006257E-01
-3.407121E-08,-1.5006257E-01
-3.402121E-08,-1.5006257E-01
-3.397121E-08,-1.5006257E-01
-3.392121E-08,-1.5011528E-01
-3.387121E-08,-1.5011528E-01
-3.382121E-08,-1.5011528E-01
-3.377121E-08,-1.5011528E-01
-3.372121E-08,-1.5011528E-01
-3.367121E-08,-1.5016799E-01
-3.362121E-08,-1.5016799E-01
-3.357121E-08,-1.5022070E-01
-3.352121E-08,-1.5022070E-01
-3.347121E-08,-1.5022070E-01
-3.342121E-08,-1.5027341E-01
-3.337121E-08,-1.5027341E-01
-3.332121E-08,-1.5032612E-01
-3.327121E-08,-1.5032612E-01
-3.322121E-08,-1.5032612E-01
-3.317121E-08,-1.5037883E-01
-3.312121E-08,-1.5037883E-01
-3.307121E-08,-1.5037883E-01
-3.302121E-08,-1.5037883E-01
-3.297121E-08,-1.5037883E-01
-3.292121E-08,-1.5037883E-01
-3.287121E-08,-1.5037883E-01
-3.282121E-08,-1.5037883E-01
-3.277121E-08,-1.5037883E-01
-3.272121E-08,-1.5037883E-01
-3.267121E-08,-1.5032612E-01
-3.262121E-08,-1.5032612E-01
-3.257121E-08,-1.5032612E-01
-3.252121E-08,-1.5027341E-01
-3.247121E-08,-1.5027341E-01
-3.242121E-08,-1.5022070E-01
-3.237121E-08,-1.5016799E-01
-3.232121E-08,-1.5016799E-01
-3.227121E-08,-1.5011528E-01
-3.222121E-08,-1.5011528E-01
-3.217121E-08,-1.5006257E-01
-3.212121E-08,-1.5006257E-01
-3.207121E-08,-1.5000986E-01
-3.202121E-08,-1.5000986E-01
-3.197121E-08,-1.4995715E-01
-3.192121E-08,-1.4995715E-01
-3.187121E-08,-1.4995715E-01
-3.182121E-08,-1.4990444E-01
-3.177121E-08,-1.4990444E-01
-3.172121E-08,-1.4990444E-01
-3.167121E-08,-1.4990444E-01
-3.162121E-08,-1.4990444E-01
-3.157121E-08,-1.4990444E-01
-3.152121E-08,-1.4990444E-01
-3.147121E-08,-1.4995715E-01
-3.142121E-08,-1.4995715E-01
-3.137121E-08,-1.4995715E-01
-3.132121E-08,-1.5000986E-01
-3.127121E-08,-1.5000986E-01
-3.122121E-08,-1.5000986E-01
-3.117121E-08,-1.5006257E-01
-3.112121E-08,-1.5006257E-01
-3.107121E-08,-1.5006257E-01
-3.102121E-08,-1.5011528E-01
-3.097121E-08,-1.5011528E-01
-3.092121E-08,-1.5011528E-01
-3.087121E-08,-1.5016799E-01
-3.082121E-08,-1.5016799E-01
-3.077121E-08,-1.5016799E-01
-3.072121E-08,-1.5016799E-01
-3.067121E-08,-1.5016799E-01
-3.062121E-08,-1.5016799E-01
-3.057121E-08,-1.5016799E-01
-3.052121E-08,-1.5016799E-01
-3.047121E-08,-1.5016799E-01
-3.042121E-08,-1.5016799E-01
-3.037121E-08,-1.5016799E-01
-3.032121E-08,-1.5016799E-01
-3.027121E-08,-1.5016799E-01
-3.022121E-08,-1.5016799E-01
-3.017121E-08,-1.5016799E-01
-3.012121E-08,-1.5016799E-01
-3.007121E-08,-1.5016799E-01
-3.002121E-08,-1.5016799E-01
-2.997121E-08,-1.5016799E-01
-2.992121E-08,-1.5016799E-01
-2.987121E-08,-1.5016799E-01
-2.982121E-08,-1.5016799E-01
-2.977121E-08,-1.5016799E-01
-2.972121E-08,-1.5016799E-01
-2.967121E-08,-1.5016799E-01
-2.962121E-08,-1.5016799E-01
-2.957121E-08,-1.5016799E-01
-2.952121E-08,-1.5016799E-01
-2.947121E-08,-1.5022070E-01
-2.942121E-08,-1.5022070E-01
-2.937121E-08,-1.5022070E-01
-2.932121E-08,-1.5022070E-01
-2.927121E-08,-1.5022070E-01
-2.922121E-08,-1.5027341E-01
-2.917121E-08,-1.5027341E-01
-2.912121E-08,-1.5027341E-01
-2.907121E-08,-1.5027341E-01
-2.902121E-08,-1.5027341E-01
-2.897121E-08,-1.5027341E-01
-2.892121E-08,-1.5027341E-01
-2.887121E-08,-1.5032612E-01
-2.882121E-08,-1.5032612E-01
-2.877121E-08,-1.5032612E-01
-2.872121E-08,-1.5032612E-01
-2.867121E-08,-1.5032612E-01
-2.862121E-08,-1.5032612E-01
-2.857121E-08,-1.5032612E-01
-2.852121E-08,-1.5037883E-01
-2.847121E-08,-1.5037883E-01
-2.842121E-08,-1.5037883E-01
-2.837121E-08,-1.5037883E-01
-2.832121E-08,-1.5043153E-01
-2.827121E-08,-1.5043153E-01
-2.822121E-08,-1.5043153E-01
-2.817121E-08,-1.5043153E-01
-2.812121E-08,-1.5048424E-01
-2.807121E-08,-1.5048424E-01
-2.802121E-08,-1.5053695E-01
-2.797121E-08,-1.5053695E-01
-2.792121E-08,-1.5053695E-01
-2.787121E-08,-1.5058966E-01
-2.782121E-08,-1.5058966E-01
-2.777121E-08,-1.5064237E-01
-2.772121E-08,-1.5064237E-01
-2.767121E-08,-1.5069508E-01
-2.762121E-08,-1.5069508E-01
-2.757121E-08,-1.5069508E-01
-2.752121E-08,-1.5074779E-01
-2.747121E-08,-1.5074779E-01
-2.742121E-08,-1.5074779E-01
-2.737121E-08,-1.5074779E-01
-2.732121E-08,-1.5074779E-01
-2.727121E-08,-1.5074779E-01
-2.722121E-08,-1.5074779E-01
-2.717121E-08,-1.5074779E-01
-2.712121E-08,-1.5074779E-01
-2.707121E-08,-1.5074779E-01
-2.702121E-08,-1.5069508E-01
-2.697121E-08,-1.5069508E-01
-2.692121E-08,-1.5064237E-01
-2.687121E-08,-1.5064237E-01
-2.682121E-08,-1.5058966E-01
-2.677121E-08,-1.5053695E-01
-2.672121E-08,-1.5053695E-01
-2.667121E-08,-1.5048424E-01
-2.662121E-08,-1.5043153E-01
-2.657121E-08,-1.5043153E-01
-2.652121E-08,-1.5037883E-01
-2.647121E-08,-1.5032612E-01
-2.642121E-08,-1.5032612E-01
-2.637121E-08,-1.5027341E-01
-2.632121E-08,-1.5027341E-01
-2.627121E-08,-1.5027341E-01
-2.622121E-08,-1.5022070E-01
-2.617121E-08,-1.5022070E-01
-2.612121E-08,-1.5022070E-01
-2.607121E-08,-1.5022070E-01
-2.602121E-08,-1.5022070E-01
-2.597121E-08,-1.5022070E-01
-2.592121E-08,-1.5022070E-01
-2.587121E-08,-1.5027341E-01
-2.582121E-08,-1.5027341E-01
-2.577121E-08,-1.5027341E-01
-2.572121E-08,-1.5032612E-01
-2.567121E-08,-1.5032612E-01
-2.562121E-08,-1.5037883E-01
-2.557121E-08,-1.5037883E-01
-2.552121E-08,-1.5043153E-01
-2.547121E-08,-1.5043153E-01
-2.542121E-08,-1.5043153E-01
-2.537121E-08,-1.5048424E-01
-2.532121E-08,-1.5048424E-01
-2.527121E-08,-1.5048424E-01
-2.522121E-08,-1.5048424E-01
-2.517121E-08,-1.5048424E-01
-2.512121E-08,-1.5048424E-01
-2.507121E-08,-1.5043153E-01
-2.502121E-08,-1.5043153E-01
-2.497121E-08,-1.5043153E-01
-2.492121E-08,-1.5037883E-01
-2.487121E-08,-1.5032612E-01
-2.482121E-08,-1.5027341E-01
-2.477121E-08,-1.5027341E-01
-2.472121E-08,-1.5022070E-01
-2.467121E-08,-1.5016799E-01
-2.462121E-08,-1.5011528E-01
-2.457121E-08,-1.5006257E-01
-2.452121E-08,-1.5000986E-01
-2.447121E-08,-1.4995715E-01
-2.442121E-08,-1.4990444E-01
-2.437121E-08,-1.4985173E-01
-2.432121E-08,-1.4985173E-01
-2.427121E-08,-1.4979903E-01
-2.422121E-08,-1.4979903E-01
-2.417121E-08,-1.4979903E-01
-2.412121E-08,-1.4979903E-01
-2.407121E-08,-1.4979903E-01
-2.402121E-08,-1.4979903E-01
-2.397121E-08,-1.4979903E-01
-2.392121E-08,-1.4985173E-01
-2.387121E-08,-1.4990444E-01
-2.382121E-08,-1.4995715E-01
-2.377121E-08,-1.5000986E-01
-2.372121E-08,-1.5006257E-01
-2.367121E-08,-1.5011528E-01
-2.362121E-08,-1.5022070E-01
-2.357121E-08,-1.5027341E-01
-2.352121E-08,-1.5037883E-01
-2.347121E-08,-1.5043153E-01
-2.342121E-08,-1.5053695E-01
-2.337121E-08,-1.5064237E-01
-2.332121E-08,-1.5069508E-01
-2.327121E-08,-1.5080050E-01
-2.322121E-08,-1.5085321E-01
-2.317121E-08,-1.5090592E-01
-2.312121E-08,-1.5101133E-01
-2.307121E-08,-1.5106404E-01
-2.302121E-08,-1.5111675E-01
-2.297121E-08,-1.5111675E-01
-2.292121E-08,-1.5116946E-01
-2.287121E-08,-1.5122217E-01
-2.282121E-08,-1.5122217E-01
-2.277121E-08,-1.5122217E-01
-2.272121E-08,-1.5122217E-01
-2.267121E-08,-1.5122217E-01
-2.262121E-08,-1.5116946E-01
-2.257121E-08,-1.5116946E-01
-2.252121E-08,-1.5111675E-01
-2.247121E-08,-1.5106404E-01
-2.242121E-08,-1.5101133E-01
-2.237121E-08,-1.5095862E-01
-2.232121E-08,-1.5090592E-01
-2.227121E-08,-1.5085321E-01
-2.222121E-08,-1.5080050E-01
-2.217121E-08,-1.5074779E-01
-2.212121E-08,-1.5069508E-01
-2.207121E-08,-1.5064237E-01
-2.202121E-08,-1.5058966E-01
-2.197121E-08,-1.5053695E-01
-2.192121E-08,-1.5048424E-01
-2.187121E-08,-1.5043153E-01
-2.182121E-08,-1.5037883E-01
-2.177121E-08,-1.5037883E-01
-2.172121E-08,-1.5032612E-01
-2.167121E-08,-1.5032612E-01
-2.162121E-08,-1.5027341E-01
-2.157121E-08,-1.5027341E-01
-2.152121E-08,-1.5027341E-01
-2.147121E-08,-1.5027341E-01
-2.142121E-08,-1.5027341E-01
-2.137121E-08,-1.5027341E-01
-2.132121E-08,-1.5032612E-01
-2.127121E-08,-1.5032612E-01
-2.122121E-08,-1.5032612E-01
-2.117121E-08,-1.5037883E-01
-2.112121E-08,-1.5037883E-01
-2.107121E-08,-1.5037883E-01
-2.102121E-08,-1.5043153E-01
-2.097121E-08,-1.5043153E-01
-2.092121E-08,-1.5043153E-01
-2.087121E-08,-1.5048424E-01
-2.082121E-08,-1.5048424E-01
-2.077121E-08,-1.5048424E-01
-2.072121E-08,-1.5048424E-01
-2.067121E-08,-1.5053695E-01
-2.062121E-08,-1.5053695E-01
-2.057121E-08,-1.5053695E-01
-2.052121E-08,-1.5053695E-01
-2.047121E-08,-1.5053695E-01
-2.042121E-08,-1.5048424E-01
-2.037121E-08,-1.5048424E-01
-2.032121E-08,-1.5048424E-01
-2.027121E-08,-1.5048424E-01
-2.022121E-08,-1.5043153E-01
-2.017121E-08,-1.5043153E-01
-2.012121E-08,-1.5043153E-01
-2.007121E-08,-1.5037883E-01
-2.002121E-08,-1.5037883E-01
-1.997121E-08,-1.5032612E-01
-1.992121E-08,-1.5032612E-01
-1.987121E-08,-1.5027341E-01
-1.982121E-08,-1.5027341E-01
-1.977121E-08,-1.5022070E-01
-1.972121E-08,-1.5022070E-01
-1.967121E-08,-1.5016799E-01
-1.962121E-08,-1.5011528E-01
-1.957121E-08,-1.5011528E-01
-1.952121E-08,-1.5006257E-01
-1.947121E-08,-1.5006257E-01
-1.942121E-08,-1.5000986E-01
-1.937121E-08,-1.4995715E-01
-1.932121E-08,-1.4995715E-01
-1.927121E-08,-1.4990444E-01
-1.922121E-08,-1.4985173E-01
-1.917121E-08,-1.4985173E-01
-1.912121E-08,-1.4979903E-01
-1.907121E-08,-1.4979903E-01
-1.902121E-08,-1.4974632E-01
-1.897121E-08,-1.4974632E-01
-1.892121E-08,-1.4969361E-01
-1.887121E-08,-1.4969361E-01
-1.882121E-08,-1.4969361E-01
-1.877121E-08,-1.4964090E-01
-1.872121E-08,-1.4964090E-01
-1.867121E-08,-1.4964090E-01
-1.862121E-08,-1.4964090E-01
-1.857121E-08,-1.4964090E-01
-1.852121E-08,-1.4969361E-01
-1.847121E-08,-1.4969361E-01
-1.842121E-08,-1.4974632E-01
-1.837121E-08,-1.4974632E-01
-1.832121E-08,-1.4979903E-01
-1.827121E-08,-1.4985173E-01
-1.822121E-08,-1.4990444E-01
-1.817121E-08,-1.4995715E-01
-1.812121E-08,-1.5000986E-01
-1.807121E-08,-1.5006257E-01
-1.802121E-08,-1.5011528E-01
-1.797121E-08,-1.5016799E-01
-1.792121E-08,-1.5027341E-01
-1.787121E-08,-1.5032612E-01
-1.782121E-08,-1.5037883E-01
-1.777121E-08,-1.5043153E-01
-1.772121E-08,-1.5048424E-01
-1.767121E-08,-1.5058966E-01
-1.762121E-08,-1.5058966E-01
-1.757121E-08,-1.5064237E-01
-1.752121E-08,-1.5069508E-01
-1.747121E-08,-1.5074779E-01
-1.742121E-08,-1.5074779E-01
-1.737121E-08,-1.5074779E-01
-1.732121E-08,-1.5080050E-01
-1.727121E-08,-1.5074779E-01
-1.722121E-08,-1.5074779E-01
-1.717121E-08,-1.5074779E-01
-1.712121E-08,-1.5069508E-01
-1.707121E-08,-1.5064237E-01
-1.702121E-08,-1.5058966E-01
-1.697121E-08,-1.5053695E-01
-1.692121E-08,-1.5048424E-01
-1.687121E-08,-1.5037883E-01
-1.682121E-08,-1.5032612E-01
-1.677121E-08,-1.5022070E-01
-1.672121E-08,-1.5016799E-01
-1.667121E-08,-1.5006257E-01
-1.662121E-08,-1.4995715E-01
-1.657121E-08,-1.4985173E-01
-1.652121E-08,-1.4979903E-01
-1.647121E-08,-1.4969361E-01
-1.642121E-08,-1.4964090E-01
-1.637121E-08,-1.4953548E-01
-1.632121E-08,-1.4948277E-01
-1.627121E-08,-1.4943006E-01
-1.622121E-08,-1.4937735E-01
-1.617121E-08,-1.4932464E-01
-1.612121E-08,-1.4927194E-01
-1.607121E-08,-1.4927194E-01
-1.602121E-08,-1.4921923E-01
-1.597121E-08,-1.4921923E-01
-1.592121E-08,-1.4921923E-01
-1.587121E-08,-1.4921923E-01
-1.582121E-08,-1.4927194E-01
-1.577121E-08,-1.4927194E-01
-1.572121E-08,-1.4932464E-01
-1.567121E-08,-1.4937735E-01
-1.562121E-08,-1.4943006E-01
-1.557121E-08,-1.4943006E-01
-1.552121E-08,-1.4948277E-01
-1.547121E-08,-1.4953548E-01
-1.542121E-08,-1.4958819E-01
-1.537121E-08,-1.4964090E-01
-1.532121E-08,-1.4969361E-01
-1.527121E-08,-1.4974632E-01
-1.522121E-08,-1.4979903E-01
-1.517121E-08,-1.4979903E-01
-1.512121E-08,-1.4985173E-01
-1.507121E-08,-1.4985173E-01
-1.502121E-08,-1.4985173E-01
-1.497121E-08,-1.4985173E-01
-1.492121E-08,-1.4990444E-01
-1.487121E-08,-1.4985173E-01
-1.482121E-08,-1.4985173E-01
-1.477121E-08,-1.4985173E-01
-1.472121E-08,-1.4979903E-01
-1.467121E-08,-1.4979903E-01
-1.462121E-08,-1.4974632E-01
-1.457121E-08,-1.4974632E-01
-1.452121E-08,-1.4969361E-01
-1.447121E-08,-1.4964090E-01
-1.442121E-08,-1.4958819E-01
-1.437121E-08,-1.4958819E-01
-1.432121E-08,-1.4953548E-01
-1.427121E-08,-1.4948277E-01
-1.422121E-08,-1.4948277E-01
-1.417121E-08,-1.4943006E-01
-1.412121E-08,-1.4943006E-01
-1.407121E-08,-1.4937735E-01
-1.402121E-08,-1.4937735E-01
-1.397121E-08,-1.4937735E-01
-1.392121E-08,-1.4937735E-01
-1.387121E-08,-1.4937735E-01
-1.382121E-08,-1.4943006E-01
-1.377121E-08,-1.4943006E-01
-1.372121E-08,-1.4948277E-01
-1.367121E-08,-1.4953548E-01
-1.362121E-08,-1.4953548E-01
-1.357121E-08,-1.4958819E-01
-1.352121E-08,-1.4964090E-01
-1.347121E-08,-1.4969361E-01
-1.342121E-08,-1.4979903E-01
-1.337121E-08,-1.4985173E-01
-1.332121E-08,-1.4990444E-01
-1.327121E-08,-1.4995715E-01
-1.322121E-08,-1.5000986E-01
-1.317121E-08,-1.5006257E-01
-1.312121E-08,-1.5011528E-01
-1.307121E-08,-1.5016799E-01
-1.302121E-08,-1.5022070E-01
-1.297121E-08,-1.5027341E-01
-1.292121E-08,-1.5032612E-01
-1.287121E-08,-1.5032612E-01
-1.282121E-08,-1.5037883E-01
-1.277121E-08,-1.5037883E-01
-1.272121E-08,-1.5043153E-01
-1.267121E-08,-1.5043153E-01
-1.262121E-08,-1.5043153E-01
-1.257121E-08,-1.5043153E-01
-1.252121E-08,-1.5043153E-01
-1.247121E-08,-1.5043153E-01
-1.242121E-08,-1.5037883E-01
-1.237121E-08,-1.5037883E-01
-1.232121E-08,-1.5037883E-01
-1.227121E-08,-1.5032612E-01
-1.222121E-08,-1.5032612E-01
-1.217121E-08,-1.5032612E-01
-1.212121E-08,-1.5027341E-01
-1.207121E-08,-1.5027341E-01
-1.202121E-08,-1.5022070E-01
-1.197121E-08,-1.5022070E-01
-1.192121E-08,-1.5016799E-01
-1.187121E-08,-1.5016799E-01
-1.182121E-08,-1.5016799E-01
-1.177121E-08,-1.5011528E-01
-1.172121E-08,-1.5011528E-01
-1.167121E-08,-1.5011528E-01
-1.162121E-08,-1.5011528E-01
-1.157121E-08,-1.5011528E-01
-1.152121E-08,-1.5011528E-01
-1.147121E-08,-1.5011528E-01
-1.142121E-08,-1.5011528E-01
-1.137121E-08,-1.5011528E-01
-1.132121E-08,-1.5011528E-01
-1.127121E-08,-1.5011528E-01
-1.122121E-08,-1.5016799E-01
-1.117121E-08,-1.5016799E-01
-1.112121E-08,-1.5016799E-01
-1.107121E-08,-1.5016799E-01
-1.102121E-08,-1.5022070E-01
-1.097121E-08,-1.5022070E-01
-1.092121E-08,-1.5022070E-01
-1.087121E-08,-1.5027341E-01
-1.082121E-08,-1.5027341E-01
-1.077121E-08,-1.5027341E-01
-1.072121E-08,-1.5032612E-01
-1.067121E-08,-1.5032612E-01
-1.062121E-08,-1.5037883E-01
-1.057121E-08,-1.5037883E-01
-1.052121E-08,-1.5037883E-01
-1.047121E-08,-1.5043153E-01
-1.042121E-08,-1.5043153E-01
-1.037121E-08,-1.5048424E-01
-1.032121E-08,-1.5048424E-01
-1.027121E-08,-1.5048424E-01
-1.022121E-08,-1.5053695E-01
-1.017121E-08,-1.5053695E-01
-1.012121E-08,-1.5058966E-01
-1.007121E-08,-1.5058966E-01
-1.002121E-08,-1.5058966E-01
-9.97121E-09,-1.5064237E-01
-9.92121E-09,-1.5064237E-01
-9.87121E-09,-1.5064237E-01
-9.82121E-09,-1.5069508E-01
-9.77121E-09,-1.5069508E-01
-9.72121E-09,-1.5069508E-01
-9.67121E-09,-1.5069508E-01
-9.62121E-09,-1.5069508E-01
-9.57121E-09,-1.5069508E-01
-9.52121E-09,-1.5069508E-01
-9.47121E-09,-1.5069508E-01
-9.42121E-09,-1.5069508E-01
-9.37121E-09,-1.5069508E-01
-9.32121E-09,-1.5069508E-01
-9.27121E-09,-1.5064237E-01
-9.22121E-09,-1.5064237E-01
-9.17121E-09,-1.5058966E-01
-9.12121E-09,-1.5058966E-01
-9.07121E-09,-1.5053695E-01
-9.02121E-09,-1.5053695E-01
-8.97121E-09,-1.5048424E-01
-8.92121E-09,-1.5043153E-01
-8.87121E-09,-1.5043153E-01
-8.82121E-09,-1.5037883E-01
-8.77121E-09,-1.5032612E-01
-8.72121E-09,-1.5032612E-01
-8.67121E-09,-1.5027341E-01
-8.62121E-09,-1.5022070E-01
-8.57121E-09,-1.5022070E-01
-8.52121E-09,-1.5016799E-01
-8.47121E-09,-1.5011528E-01
-8.42121E-09,-1.5011528E-01
-8.37121E-09,-1.5006257E-01
-8.32121E-09,-1.5006257E-01
-8.27121E-09,-1.5000986E-01
-8.22121E-09,-1.5000986E-01
-8.17121E-09,-1.5000986E-01
-8.12121E-09,-1.4995715E-01
-8.07121E-09,-1.4995715E-01
-8.02121E-09,-1.4995715E-01
-7.97121E-09,-1.4995715E-01
-7.92121E-09,-1.4995715E-01
-7.87121E-09,-1.4995715E-01
-7.82121E-09,-1.4995715E-01
-7.77121E-09,-1.4995715E-01
-7.72121E-09,-1.4990444E-01
-7.67121E-09,-1.4990444E-01
-7.62121E-09,-1.4990444E-01
-7.57121E-09,-1.4990444E-01
-7.52121E-09,-1.4990444E-01
-7.47121E-09,-1.4990444E-01
-7.42121E-09,-1.4990444E-01
-7.37121E-09,-1.4985173E-01
-7.32121E-09,-1.4985173E-01
-7.27121E-09,-1.4979903E-01
-7.22121E-09,-1.4979903E-01
-7.17121E-09,-1.4979903E-01
-7.12121E-09,-1.4974632E-01
-7.07121E-09,-1.4969361E-01
-7.02121E-09,-1.4969361E-01
-6.97121E-09,-1.4964090E-01
-6.92121E-09,-1.4964090E-01
-6.87121E-09,-1.4958819E-01
-6.82121E-09,-1.4953548E-01
-6.77121E-09,-1.4953548E-01
-6.72121E-09,-1.4948277E-01
-6.67121E-09,-1.4948277E-01
-6.62121E-09,-1.4943006E-01
-6.57121E-09,-1.4943006E-01
-6.52121E-09,-1.4943006E-01
-6.47121E-09,-1.4943006E-01
-6.42121E-09,-1.4937735E-01
-6.37121E-09,-1.4937735E-01
-6.32121E-09,-1.4943006E-01
-6.27121E-09,-1.4943006E-01
-6.22121E-09,-1.4943006E-01
-6.17121E-09,-1.4943006E-01
-6.12121E-09,-1.4948277E-01
-6.07121E-09,-1.4948277E-01
-6.02121E-09,-1.4953548E-01
-5.97121E-09,-1.4958819E-01
-5.92121E-09,-1.4958819E-01
-5.87121E-09,-1.4964090E-01
-5.82121E-09,-1.4969361E-01
-5.77121E-09,-1.4974632E-01
-5.72121E-09,-1.4974632E-01
-5.67121E-09,-1.4979903E-01
-5.62121E-09,-1.4985173E-01
-5.57121E-09,-1.4990444E-01
-5.52121E-09,-1.4990444E-01
-5.47121E-09,-1.4995715E-01
-5.42121E-09,-1.4995715E-01
-5.37121E-09,-1.4995715E-01
-5.32121E-09,-1.4995715E-01
-5.27121E-09,-1.5000986E-01
-5.22121E-09,-1.4995715E-01
-5.17121E-09,-1.4995715E-01
-5.12121E-09,-1.4995715E-01
-5.07121E-09,-1.4995715E-01
-5.02121E-09,-1.4990444E-01
-4.97121E-09,-1.4985173E-01
-4.92121E-09,-1.4985173E-01
-4.87121E-09,-1.4979903E-01
-4.82121E-09,-1.4974632E-01
-4.77121E-09,-1.4969361E-01
-4.72121E-09,-1.4964090E-01
-4.67121E-09,-1.4958819E-01
-4.62121E-09,-1.4953548E-01
-4.57121E-09,-1.4948277E-01
-4.52121E-09,-1.4943006E-01
-4.47121E-09,-1.4943006E-01
-4.42121E-09,-1.4937735E-01
-4.37121E-09,-1.4932464E-01
-4.32121E-09,-1.4932464E-01
-4.27121E-09,-1.4932464E-01
-4.22121E-09,-1.4927194E-01
-4.17121E-09,-1.4927194E-01
-4.12121E-09,-1.4927194E-01
-4.07121E-09,-1.4932464E-01
-4.02121E-09,-1.4932464E-01
-3.97121E-09,-1.4932464E-01
-3.92121E-09,-1.4937735E-01
-3.87121E-09,-1.4943006E-01
-3.82121E-09,-1.4948277E-01
-3.77121E-09,-1.4948277E-01
-3.72121E-09,-1.4953548E-01
-3.67121E-09,-1.4964090E-01
-3.62121E-09,-1.4969361E-01
-3.57121E-09,-1.4974632E-01
-3.52121E-09,-1.4979903E-01
-3.47121E-09,-1.4985173E-01
-3.42121E-09,-1.4990444E-01
-3.37121E-09,-1.4995715E-01
-3.32121E-09,-1.5006257E-01
-3.27121E-09,-1.5011528E-01
-3.22121E-09,-1.5011528E-01
-3.17121E-09,-1.5016799E-01
-3.12121E-09,-1.5022070E-01
-3.07121E-09,-1.5027341E-01
-3.02121E-09,-1.5027341E-01
-2.97121E-09,-1.5032612E-01
-2.92121E-09,-1.5032612E-01
-2.87121E-09,-1.5037883E-01
-2.82121E-09,-1.5037883E-01
-2.77121E-09,-1.5037883E-01
-2.72121E-09,-1.5037883E-01
-2.67121E-09,-1.5037883E-01
-2.62121E-09,-1.5037883E-01
-2.57121E-09,-1.5037883E-01
-2.52121E-09,-1.5037883E-01
-2.47121E-09,-1.5037883E-01
-2.42121E-09,-1.5037883E-01
-2.37121E-09,-1.5037883E-01
-2.32121E-09,-1.5037883E-01
-2.27121E-09,-1.5037883E-01
-2.22121E-09,-1.5043153E-01
-2.17121E-09,-1.5043153E-01
-2.12121E-09,-1.5043153E-01
-2.07121E-09,-1.5048424E-01
-2.02121E-09,-1.5048424E-01
-1.97121E-09,-1.5053695E-01
-1.92121E-09,-1.5053695E-01
-1.87121E-09,-1.5058966E-01
-1.82121E-09,-1.5064237E-01
-1.77121E-09,-1.5064237E-01
-1.72121E-09,-1.5069508E-01
-1.67121E-09,-1.5074779E-01
-1.62121E-09,-1.5074779E-01
-1.57121E-09,-1.5080050E-01
-1.52121E-09,-1.5085321E-01
-1.47121E-09,-1.5085321E-01
-1.42121E-09,-1.5090592E-01
-1.37121E-09,-1.5090592E-01
-1.32121E-09,-1.5090592E-01
-1.27121E-09,-1.5090592E-01
-1.22121E-09,-1.5090592E-01
-1.17121E-09,-1.5090592E-01
-1.12121E-09,-1.5090592E-01
-1.07121E-09,-1.5085321E-01
-1.02121E-09,-1.5085321E-01
-9.7121E-10,-1.5080050E-01
-9.2121E-10,-1.5074779E-01
-8.7121E-10,-1.5069508E-01
-8.2121E-10,-1.5064237E-01
-7.7121E-10,-1.5058966E-01
-7.2121E-10,-1.5053695E-01
-6.7121E-10,-1.5043153E-01
-6.2121E-10,-1.5037883E-01
-5.7121E-10,-1.5027341E-01
-5.2121E-10,-1.5022070E-01
-4.7121E-10,-1.5016799E-01
-4.2121E-10,-1.5006257E-01
-3.7121E-10,-1.5000986E-01
-3.2121E-10,-1.4995715E-01
-2.7121E-10,-1.4985173E-01
-2.2121E-10,-1.4979903E-01
-1.7121E-10,-1.4974632E-01
-1.2121E-10,-1.4974632E-01
-7.121E-11,-1.4969361E-01
-2.121E-11,-1.4964090E-01
2.879E-11,-1.4964090E-01
7.879E-11,-1.4964090E-01
1.2879E-10,-1.4964090E-01
1.7879E-10,-1.4964090E-01
2.2879E-10,-1.4964090E-01
2.7879E-10,-1.4969361E-01
3.2879E-10,-1.4969361E-01
3.7879E-10,-1.4974632E-01
4.2879E-10,-1.4979903E-01
4.7879E-10,-1.4985173E-01
5.2879E-10,-1.4990444E-01
5.7879E-10,-1.4995715E-01
6.2879E-10,-1.5000986E-01
6.7879E-10,-1.5006257E-01
7.2879E-10,-1.5006257E-01
7.7879E-10,-1.5011528E-01
8.2879E-10,-1.5016799E-01
8.7879E-10,-1.5022070E-01
9.2879E-10,-1.5027341E-01
9.7879E-10,-1.5027341E-01
1.02879E-09,-1.5032612E-01
1.07879E-09,-1.5032612E-01
1.12879E-09,-1.5032612E-01
1.17879E-09,-1.5032612E-01
1.22879E-09,-1.5032612E-01
1.27879E-09,-1.5032612E-01
1.32879E-09,-1.5032612E-01
1.37879E-09,-1.5027341E-01
1.42879E-09,-1.5027341E-01
1.47879E-09,-1.5022070E-01
1.52879E-09,-1.5016799E-01
1.57879E-09,-1.5011528E-01
1.62879E-09,-1.5006257E-01
1.67879E-09,-1.5000986E-01
1.72879E-09,-1.4995715E-01
1.77879E-09,-1.4990444E-01
1.82879E-09,-1.4985173E-01
1.87879E-09,-1.4979903E-01
1.92879E-09,-1.4974632E-01
1.97879E-09,-1.4969361E-01
2.02879E-09,-1.4964090E-01
2.07879E-09,-1.4958819E-01
2.12879E-09,-1.4958819E-01
2.17879E-09,-1.4953548E-01
2.22879E-09,-1.4948277E-01
2.27879E-09,-1.4948277E-01
2.32879E-09,-1.4943006E-01
2.37879E-09,-1.4943006E-01
2.42879E-09,-1.4937735E-01
2.47879E-09,-1.4937735E-01
2.52879E-09,-1.4937735E-01
2.57879E-09,-1.4937735E-01
2.62879E-09,-1.4937735E-01
2.67879E-09,-1.4937735E-01
2.72879E-09,-1.4937735E-01
2.77879E-09,-1.4937735E-01
2.82879E-09,-1.4937735E-01
2.87879E-09,-1.4937735E-01
2.92879E-09,-1.4937735E-01
2.97879E-09,-1.4937735E-01
3.02879E-09,-1.4937735E-01
3.07879E-09,-1.4937735E-01
3.12879E-09,-1.4937735E-01
3.17879E-09,-1.4937735E-01
3.22879E-09,-1.4937735E-01
3.27879E-09,-1.4937735E-01
3.32879E-09,-1.4937735E-01
3.37879E-09,-1.4937735E-01
3.42879E-09,-1.4937735E-01
3.47879E-09,-1.4937735E-01
3.52879E-09,-1.4937735E-01
3.57879E-09,-1.4937735E-01
3.62879E-09,-1.4937735E-01
3.67879E-09,-1.4937735E-01
3.72879E-09,-1.4937735E-01
3.77879E-09,-1.4937735E-01
3.82879E-09,-1.4937735E-01
3.87879E-09,-1.4937735E-01
3.92879E-09,-1.4937735E-01
3.97879E-09,-1.4937735E-01
4.02879E-09,-1.4937735E-01
4.07879E-09,-1.4943006E-01
4.12879E-09,-1.4943006E-01
4.17879E-09,-1.4943006E-01
4.22879E-09,-1.4948277E-01
4.27879E-09,-1.4948277E-01
4.32879E-09,-1.4953548E-01
4.37879E-09,-1.4953548E-01
4.42879E-09,-1.4958819E-01
4.47879E-09,-1.4958819E-01
4.52879E-09,-1.4964090E-01
4.57879E-09,-1.4969361E-01
4.62879E-09,-1.4969361E-01
4.67879E-09,-1.4974632E-01
4.72879E-09,-1.4974632E-01
4.77879E-09,-1.4979903E-01
4.82879E-09,-1.4979903E-01
4.87879E-09,-1.4985173E-01
4.92879E-09,-1.4985173E-01
4.97879E-09,-1.4985173E-01
5.02879E-09,-1.4985173E-01
5.07879E-09,-1.4985173E-01
5.12879E-09,-1.4985173E-01
5.17879E-09,-1.4985173E-01
5.22879E-09,-1.4985173E-01
5.27879E-09,-1.4985173E-01
5.32879E-09,-1.4979903E-01
5.37879E-09,-1.4979903E-01
5.42879E-09,-1.4979903E-01
5.47879E-09,-1.4974632E-01
5.52879E-09,-1.4969361E-01
5.57879E-09,-1.4969361E-01
5.62879E-09,-1.4964090E-01
5.67879E-09,-1.4958819E-01
5.72879E-09,-1.4958819E-01
5.77879E-09,-1.4953548E-01
5.82879E-09,-1.4948277E-01
5.87879E-09,-1.4948277E-01
5.92879E-09,-1.4943006E-01
5.97879E-09,-1.4943006E-01
6.02879E-09,-1.4937735E-01
6.07879E-09,-1.4937735E-01
6.12879E-09,-1.4932464E-01
6.17879E-09,-1.4932464E-01
6.22879E-09,-1.4927194E-01
6.27879E-09,-1.4927194E-01
6.32879E-09,-1.4927194E-01
6.37879E-09,-1.4927194E-01
6.42879E-09,-1.4927194E-01
6.47879E-09,-1.4927194E-01
6.52879E-09,-1.4927194E-01
6.57879E-09,-1.4927194E-01
6.62879E-09,-1.4927194E-01
6.67879E-09,-1.4927194E-01
6.72879E-09,-1.4927194E-01
6.77879E-09,-1.4927194E-01
6.82879E-09,-1.4927194E-01
6.87879E-09,-1.4927194E-01
6.92879E-09,-1.4932464E-01
6.97879E-09,-1.4932464E-01
7.02879E-09,-1.4932464E-01
7.07879E-09,-1.4932464E-01
7.12879E-09,-1.4927194E-01
7.17879E-09,-1.4927194E-01
7.22879E-09,-1.4927194E-01
7.27879E-09,-1.4927194E-01
7.32879E-09,-1.4921923E-01
7.37879E-09,-1.4921923E-01
7.42879E-09,-1.4921923E-01
7.47879E-09,-1.4916652E-01
7.52879E-09,-1.4916652E-01
7.57879E-09,-1.4911381E-01
7.62879E-09,-1.4906110E-01
7.67879E-09,-1.4906110E-01
7.72879E-09,-1.4900839E-01
7.77879E-09,-1.4900839E-01
7.82879E-09,-1.4895568E-01
7.87879E-09,-1.4895568E-01
7.92879E-09,-1.4890297E-01
7.97879E-09,-1.4890297E-01
8.02879E-09,-1.4890297E-01
8.07879E-09,-1.4890297E-01
8.12879E-09,-1.4885026E-01
8.17879E-09,-1.4885026E-01
8.22879E-09,-1.4890297E-01
8.27879E-09,-1.4890297E-01
8.32879E-09,-1.4890297E-01
8.37879E-09,-1.4890297E-01
8.42879E-09,-1.4895568E-01
8.47879E-09,-1.4895568E-01
8.52879E-09,-1.4900839E-01
8.57879E-09,-1.4900839E-01
8.62879E-09,-1.4906110E-01
8.67879E-09,-1.4911381E-01
8.72879E-09,-1.4916652E-01
8.77879E-09,-1.4921923E-01
8.82879E-09,-1.4921923E-01
8.87879E-09,-1.4927194E-01
8.92879E-09,-1.4932464E-01
8.97879E-09,-1.4937735E-01
9.02879E-09,-1.4943006E-01
9.07879E-09,-1.4948277E-01
9.12879E-09,-1.4948277E-01
9.17879E-09,-1.4953548E-01
9.22879E-09,-1.4958819E-01
9.27879E-09,-1.4958819E-01
9.32879E-09,-1.4964090E-01
9.37879E-09,-1.4964090E-01
9.42879E-09,-1.4964090E-01
9.47879E-09,-1.4969361E-01
9.52879E-09,-1.4969361E-01
9.57879E-09,-1.4969361E-01
9.62879E-09,-1.4969361E-01
9.67879E-09,-1.4969361E-01
9.72879E-09,-1.4969361E-01
9.77879E-09,-1.4964090E-01
9.82879E-09,-1.4964090E-01
9.87879E-09,-1.4964090E-01
9.92879E-09,-1.4964090E-01
9.97879E-09,-1.4958819E-01
1.002879E-08,-1.4958819E-01
1.007879E-08,-1.4958819E-01
1.012879E-08,-1.4953548E-01
1.017879E-08,-1.4953548E-01
1.022879E-08,-1.4953548E-01
1.027879E-08,-1.4953548E-01
1.032879E-08,-1.4953548E-01
1.037879E-08,-1.4948277E-01
1.042879E-08,-1.4948277E-01
1.047879E-08,-1.4948277E-01
1.052879E-08,-1.4948277E-01
1.057879E-08,-1.4948277E-01
1.062879E-08,-1.4953548E-01
1.067879E-08,-1.4953548E-01
1.072879E-08,-1.4953548E-01
1.077879E-08,-1.4953548E-01
1.082879E-08,-1.4953548E-01
1.087879E-08,-1.4953548E-01
1.092879E-08,-1.4958819E-01
1.097879E-08,-1.4958819E-01
1.102879E-08,-1.4958819E-01
1.107879E-08,-1.4958819E-01
1.112879E-08,-1.4958819E-01
1.117879E-08,-1.4958819E-01
1.122879E-08,-1.4958819E-01
1.127879E-08,-1.4958819E-01
1.132879E-08,-1.4958819E-01
1.137879E-08,-1.4958819E-01
1.142879E-08,-1.4953548E-01
1.147879E-08,-1.4953548E-01
1.152879E-08,-1.4948277E-01
1.157879E-08,-1.4948277E-01
1.162879E-08,-1.4943006E-01
1.167879E-08,-1.4943006E-01
1.172879E-08,-1.4937735E-01
1.177879E-08,-1.4932464E-01
1.182879E-08,-1.4927194E-01
1.187879E-08,-1.4921923E-01
1.192879E-08,-1.4916652E-01
1.197879E-08,-1.4911381E-01
1.202879E-08,-1.4906110E-01
1.207879E-08,-1.4900839E-01
1.212879E-08,-1.4895568E-01
1.217879E-08,-1.4890297E-01
1.222879E-08,-1.4890297E-01
1.227879E-08,-1.4885026E-01
1.232879E-08,-1.4879755E-01
1.237879E-08,-1.4874485E-01
1.242879E-08,-1.4869214E-01
1.247879E-08,-1.4869214E-01
1.252879E-08,-1.4863943E-01
1.257879E-08,-1.4858672E-01
1.262879E-08,-1.4858672E-01
1.267879E-08,-1.4858672E-01
1.272879E-08,-1.4853401E-01
1.277879E-08,-1.4853401E-01
1.282879E-08,-1.4853401E-01
1.287879E-08,-1.4853401E-01
1.292879E-08,-1.4853401E-01
1.297879E-08,-1.4853401E-01
1.302879E-08,-1.4853401E-01
1.307879E-08,-1.4853401E-01
1.312879E-08,-1.4858672E-01
1.317879E-08,-1.4858672E-01
1.322879E-08,-1.4858672E-01
1.327879E-08,-1.4863943E-01
1.332879E-08,-1.4863943E-01
1.337879E-08,-1.4863943E-01
1.342879E-08,-1.4869214E-01
1.347879E-08,-1.4869214E-01
1.352879E-08,-1.4874485E-01
1.357879E-08,-1.4879755E-01
1.362879E-08,-1.4879755E-01
1.367879E-08,-1.4885026E-01
1.372879E-08,-1.4885026E-01
1.377879E-08,-1.4890297E-01
1.382879E-08,-1.4890297E-01
1.387879E-08,-1.4895568E-01
1.392879E-08,-1.4900839E-01
1.397879E-08,-1.4900839E-01
1.402879E-08,-1.4906110E-01
1.407879E-08,-1.4911381E-01
1.412879E-08,-1.4916652E-01
1.417879E-08,-1.4916652E-01
1.422879E-08,-1.4921923E-01
1.427879E-08,-1.4927194E-01
1.432879E-08,-1.4932464E-01
1.437879E-08,-1.4932464E-01
1.442879E-08,-1.4937735E-01
1.447879E-08,-1.4943006E-01
1.452879E-08,-1.4948277E-01
1.457879E-08,-1.4953548E-01
1.462879E-08,-1.4953548E-01
1.467879E-08,-1.4958819E-01
1.472879E-08,-1.4964090E-01
1.477879E-08,-1.4969361E-01
1.482879E-08,-1.4969361E-01
1.487879E-08,-1.4974632E-01
1.492879E-08,-1.4979903E-01
1.497879E-08,-1.4979903E-01
1.502879E-08,-1.4985173E-01
1.507879E-08,-1.4990444E-01
1.512879E-08,-1.4990444E-01
1.517879E-08,-1.4990444E-01
1.522879E-08,-1.4995715E-01
1.527879E-08,-1.4995715E-01
1.532879E-08,-1.4995715E-01
1.537879E-08,-1.4995715E-01
1.542879E-08,-1.4995715E-01
1.547879E-08,-1.4995715E-01
1.552879E-08,-1.4995715E-01
1.557879E-08,-1.4990444E-01
1.562879E-08,-1.4990444E-01
1.567879E-08,-1.4985173E-01
1.572879E-08,-1.4985173E-01
1.577879E-08,-1.4979903E-01
1.582879E-08,-1.4974632E-01
1.587879E-08,-1.4974632E-01
1.592879E-08,-1.4969361E-01
1.597879E-08,-1.4964090E-01
1.602879E-08,-1.4958819E-01
1.607879E-08,-1.4953548E-01
1.612879E-08,-1.4953548E-01
1.617879E-08,-1.4948277E-01
1.622879E-08,-1.4943006E-01
1.627879E-08,-1.4937735E-01
1.632879E-08,-1.4932464E-01
1.637879E-08,-1.4932464E-01
1.642879E-08,-1.4927194E-01
1.647879E-08,-1.4921923E-01
1.652879E-08,-1.4921923E-01
1.657879E-08,-1.4921923E-01
1.662879E-08,-1.4916652E-01
1.667879E-08,-1.4916652E-01
1.672879E-08,-1.4916652E-01
1.677879E-08,-1.4916652E-01
1.682879E-08,-1.4916652E-01
1.687879E-08,-1.4916652E-01
1.692879E-08,-1.4916652E-01
1.697879E-08,-1.4916652E-01
1.702879E-08,-1.4916652E-01
1.707879E-08,-1.4921923E-01
1.712879E-08,-1.4921923E-01
1.717879E-08,-1.4927194E-01
1.722879E-08,-1.4927194E-01
1.727879E-08,-1.4932464E-01
1.732879E-08,-1.4932464E-01
1.737879E-08,-1.4937735E-01
1.742879E-08,-1.4943006E-01
1.747879E-08,-1.4943006E-01
1.752879E-08,-1.4948277E-01
1.757879E-08,-1.4948277E-01
1.762879E-08,-1.4953548E-01
1.767879E-08,-1.4953548E-01
1.772879E-08,-1.4958819E-01
1.777879E-08,-1.4958819E-01
1.782879E-08,-1.4958819E-01
1.787879E-08,-1.4964090E-01
1.792879E-08,-1.4964090E-01
1.797879E-08,-1.4964090E-01
1.802879E-08,-1.4964090E-01
1.807879E-08,-1.4969361E-01
1.812879E-08,-1.4969361E-01
1.817879E-08,-1.4969361E-01
1.822879E-08,-1.4969361E-01
1.827879E-08,-1.4969361E-01
1.832879E-08,-1.4969361E-01
1.837879E-08,-1.4969361E-01
1.842879E-08,-1.4969361E-01
1.847879E-08,-1.4969361E-01
1.852879E-08,-1.4964090E-01
1.857879E-08,-1.4964090E-01
1.862879E-08,-1.4964090E-01
1.867879E-08,-1.4964090E-01
1.872879E-08,-1.4964090E-01
1.877879E-08,-1.4964090E-01
1.882879E-08,-1.4964090E-01
1.887879E-08,-1.4964090E-01
1.892879E-08,-1.4964090E-01
1.897879E-08,-1.4964090E-01
1.902879E-08,-1.4964090E-01
1.907879E-08,-1.4964090E-01
1.912879E-08,-1.4964090E-01
1.917879E-08,-1.4964090E-01
1.922879E-08,-1.4964090E-01
1.927879E-08,-1.4964090E-01
1.932879E-08,-1.4964090E-01
1.937879E-08,-1.4964090E-01
1.942879E-08,-1.4964090E-01
1.947879E-08,-1.4964090E-01
1.952879E-08,-1.4964090E-01
1.957879E-08,-1.4964090E-01
1.962879E-08,-1.4964090E-01
1.967879E-08,-1.4964090E-01
1.972879E-08,-1.4958819E-01
1.977879E-08,-1.4958819E-01
1.982879E-08,-1.4958819E-01
1.987879E-08,-1.4958819E-01
1.992879E-08,-1.4953548E-01
1.997879E-08,-1.4953548E-01
2.002879E-08,-1.4953548E-01
2.007879E-08,-1.4948277E-01
2.012879E-08,-1.4948277E-01
2.017879E-08,-1.4943006E-01
2.022879E-08,-1.4943006E-01
2.027879E-08,-1.4937735E-01
2.032879E-08,-1.4932464E-01
2.037879E-08,-1.4932464E-01
2.042879E-08,-1.4927194E-01
2.047879E-08,-1.4927194E-01
2.052879E-08,-1.4921923E-01
2.057879E-08,-1.4916652E-01
2.062879E-08,-1.4916652E-01
2.067879E-08,-1.4911381E-01
2.072879E-08,-1.4911381E-01
2.077879E-08,-1.4906110E-01
2.082879E-08,-1.4906110E-01
2.087879E-08,-1.4900839E-01
2.092879E-08,-1.4900839E-01
2.097879E-08,-1.4895568E-01
2.102879E-08,-1.4895568E-01
2.107879E-08,-1.4895568E-01
2.112879E-08,-1.4895568E-01
2.117879E-08,-1.4895568E-01
2.122879E-08,-1.4890297E-01
2.127879E-08,-1.4890297E-01
2.132879E-08,-1.4890297E-01
2.137879E-08,-1.4890297E-01
2.142879E-08,-1.4895568E-01
2.147879E-08,-1.4895568E-01
2.152879E-08,-1.4895568E-01
2.157879E-08,-1.4895568E-01
2.162879E-08,-1.4895568E-01
2.167879E-08,-1.4895568E-01
2.172879E-08,-1.4900839E-01
2.177879E-08,-1.4900839E-01
2.182879E-08,-1.4900839E-01
2.187879E-08,-1.4906110E-01
2.192879E-08,-1.4906110E-01
2.197879E-08,-1.4906110E-01
2.202879E-08,-1.4906110E-01
2.207879E-08,-1.4911381E-01
2.212879E-08,-1.4911381E-01
2.217879E-08,-1.4911381E-01
2.222879E-08,-1.4911381E-01
2.227879E-08,-1.4911381E-01
2.232879E-08,-1.4916652E-01
2.237879E-08,-1.4916652E-01
2.242879E-08,-1.4916652E-01
2.247879E-08,-1.4916652E-01
2.252879E-08,-1.4916652E-01
2.257879E-08,-1.4916652E-01
2.262879E-08,-1.4921923E-01
2.267879E-08,-1.4921923E-01
2.272879E-08,-1.4921923E-01
2.277879E-08,-1.4921923E-01
2.282879E-08,-1.4921923E-01
2.287879E-08,-1.4927194E-01
2.292879E-08,-1.4927194E-01
2.297879E-08,-1.4927194E-01
2.302879E-08,-1.4927194E-01
2.307879E-08,-1.4932464E-01
2.312879E-08,-1.4932464E-01
2.317879E-08,-1.4937735E-01
2.322879E-08,-1.4937735E-01
2.327879E-08,-1.4943006E-01
2.332879E-08,-1.4943006E-01
2.337879E-08,-1.4948277E-01
2.342879E-08,-1.4948277E-01
2.347879E-08,-1.4953548E-01
2.352879E-08,-1.4953548E-01
2.357879E-08,-1.4958819E-01
2.362879E-08,-1.4964090E-01
2.367879E-08,-1.4964090E-01
2.372879E-08,-1.4969361E-01
2.377879E-08,-1.4974632E-01
2.382879E-08,-1.4974632E-01
2.387879E-08,-1.4979903E-01
2.392879E-08,-1.4979903E-01
2.397879E-08,-1.4985173E-01
2.402879E-08,-1.4985173E-01
2.407879E-08,-1.4990444E-01
2.412879E-08,-1.4990444E-01
2.417879E-08,-1.4990444E-01
2.422879E-08,-1.4995715E-01
2.427879E-08,-1.4995715E-01
2.432879E-08,-1.4995715E-01
2.437879E-08,-1.4995715E-01
2.442879E-08,-1.4995715E-01
2.447879E-08,-1.4995715E-01
2.452879E-08,-1.4995715E-01
2.457879E-08,-1.4995715E-01
2.462879E-08,-1.4995715E-01
2.467879E-08,-1.4995715E-01
2.472879E-08,-1.4995715E-01
2.477879E-08,-1.4995715E-01
2.482879E-08,-1.4990444E-01
2.487879E-08,-1.4990444E-01
2.492879E-08,-1.4990444E-01
2.497879E-08,-1.4990444E-01
2.502879E-08,-1.4990444E-01
2.507879E-08,-1.4985173E-01
2.512879E-08,-1.4985173E-01
2.517879E-08,-1.4985173E-01
2.522879E-08,-1.4985173E-01
2.527879E-08,-1.4985173E-01
2.532879E-08,-1.4985173E-01
2.537879E-08,-1.4985173E-01
2.542879E-08,-1.4985173E-01
2.547879E-08,-1.4985173E-01
2.552879E-08,-1.4985173E-01
2.557879E-08,-1.4985173E-01
2.562879E-08,-1.4985173E-01
2.567879E-08,-1.4985173E-01
2.572879E-08,-1.4985173E-01
2.577879E-08,-1.4985173E-01
2.582879E-08,-1.4985173E-01
2.587879E-08,-1.4985173E-01
2.592879E-08,-1.4985173E-01
2.597879E-08,-1.4990444E-01
2.602879E-08,-1.4990444E-01
2.607879E-08,-1.4990444E-01
2.612879E-08,-1.4990444E-01
2.617879E-08,-1.4990444E-01
2.622879E-08,-1.4990444E-01
2.627879E-08,-1.4990444E-01
2.632879E-08,-1.4990444E-01
2.637879E-08,-1.4990444E-01
2.642879E-08,-1.4990444E-01
2.647879E-08,-1.4990444E-01
2.652879E-08,-1.4990444E-01
2.657879E-08,-1.4990444E-01
2.662879E-08,-1.4985173E-01
2.667879E-08,-1.4985173E-01
2.672879E-08,-1.4985173E-01
2.677879E-08,-1.4979903E-01
2.682879E-08,-1.4979903E-01
2.687879E-08,-1.4979903E-01
2.692879E-08,-1.4974632E-01
2.697879E-08,-1.4974632E-01
2.702879E-08,-1.4969361E-01
2.707879E-08,-1.4969361E-01
2.712879E-08,-1.4969361E-01
2.717879E-08,-1.4964090E-01
2.722879E-08,-1.4964090E-01
2.727879E-08,-1.4964090E-01
2.732879E-08,-1.4958819E-01
2.737879E-08,-1.4958819E-01
2.742879E-08,-1.4958819E-01
2.747879E-08,-1.4958819E-01
2.752879E-08,-1.4958819E-01
2.757879E-08,-1.4958819E-01
2.762879E-08,-1.4958819E-01
2.767879E-08,-1.4958819E-01
2.772879E-08,-1.4964090E-01
2.777879E-08,-1.4964090E-01
2.782879E-08,-1.4969361E-01
2.787879E-08,-1.4969361E-01
2.792879E-08,-1.4974632E-01
2.797879E-08,-1.4974632E-01
2.802879E-08,-1.4979903E-01
2.807879E-08,-1.4985173E-01
2.812879E-08,-1.4990444E-01
2.817879E-08,-1.4995715E-01
2.822879E-08,-1.5000986E-01
2.827879E-08,-1.5006257E-01
2.832879E-08,-1.5011528E-01
2.837879E-08,-1.5016799E-01
2.842879E-08,-1.5022070E-01
2.847879E-08,-1.5027341E-01
2.852879E-08,-1.5032612E-01
2.857879E-08,-1.5032612E-01
2.862879E-08,-1.5037883E-01
2.867879E-08,-1.5043153E-01
2.872879E-08,-1.5048424E-01
2.877879E-08,-1.5053695E-01
2.882879E-08,-1.5053695E-01
2.887879E-08,-1.5058966E-01
2.892879E-08,-1.5058966E-01
2.897879E-08,-1.5064237E-01
2.902879E-08,-1.5064237E-01
2.907879E-08,-1.5064237E-01
2.912879E-08,-1.5064237E-01
2.917879E-08,-1.5064237E-01
2.922879E-08,-1.5064237E-01
2.927879E-08,-1.5064237E-01
2.932879E-08,-1.5058966E-01
2.937879E-08,-1.5058966E-01
2.942879E-08,-1.5058966E-01
2.947879E-08,-1.5053695E-01
2.952879E-08,-1.5053695E-01
2.957879E-08,-1.5048424E-01
2.962879E-08,-1.5043153E-01
2.967879E-08,-1.5043153E-01
2.972879E-08,-1.5037883E-01
2.977879E-08,-1.5032612E-01
2.982879E-08,-1.5027341E-01
2.987879E-08,-1.5022070E-01
2.992879E-08,-1.5016799E-01
2.997879E-08,-1.5016799E-01
3.002879E-08,-1.5011528E-01
3.007879E-08,-1.5006257E-01
3.012879E-08,-1.5000986E-01
3.017879E-08,-1.4995715E-01
3.022879E-08,-1.4990444E-01
3.027879E-08,-1.4985173E-01
3.032879E-08,-1.4985173E-01
3.037879E-08,-1.4979903E-01
3.042879E-08,-1.4974632E-01
3.047879E-08,-1.4969361E-01
3.052879E-08,-1.4969361E-01
3.057879E-08,-1.4964090E-01
3.062879E-08,-1.4958819E-01
3.067879E-08,-1.4958819E-01
3.072879E-08,-1.4953548E-01
3.077879E-08,-1.4953548E-01
3.082879E-08,-1.4948277E-01
3.087879E-08,-1.4948277E-01
3.092879E-08,-1.4948277E-01
3.097879E-08,-1.4943006E-01
3.102879E-08,-1.4943006E-01
3.107879E-08,-1.4937735E-01
3.112879E-08,-1.4937735E-01
3.117879E-08,-1.4937735E-01
3.122879E-08,-1.4937735E-01
3.127879E-08,-1.4932464E-01
3.132879E-08,-1.4932464E-01
3.137879E-08,-1.4932464E-01
3.142879E-08,-1.4932464E-01
3.147879E-08,-1.4932464E-01
3.152879E-08,-1.4932464E-01
3.157879E-08,-1.4932464E-01
3.162879E-08,-1.4932464E-01
3.167879E-08,-1.4932464E-01
3.172879E-08,-1.4932464E-01
3.177879E-08,-1.4937735E-01
3.182879E-08,-1.4937735E-01
3.187879E-08,-1.4937735E-01
3.192879E-08,-1.4937735E-01
3.197879E-08,-1.4943006E-01
3.202879E-08,-1.4943006E-01
3.207879E-08,-1.4943006E-01
3.212879E-08,-1.4948277E-01
3.217879E-08,-1.4948277E-01
3.222879E-08,-1.4953548E-01
3.227879E-08,-1.4953548E-01
3.232879E-08,-1.4958819E-01
3.237879E-08,-1.4958819E-01
3.242879E-08,-1.4964090E-01
3.247879E-08,-1.4964090E-01
3.252879E-08,-1.4964090E-01
3.257879E-08,-1.4969361E-01
3.262879E-08,-1.4969361E-01
3.267879E-08,-1.4969361E-01
3.272879E-08,-1.4974632E-01
3.277879E-08,-1.4974632E-01
3.282879E-08,-1.4974632E-01
3.287879E-08,-1.4974632E-01
3.292879E-08,-1.4969361E-01
3.297879E-08,-1.4969361E-01
3.302879E-08,-1.4969361E-01
3.307879E-08,-1.4964090E-01
3.312879E-08,-1.4964090E-01
3.317879E-08,-1.4958819E-01
3.322879E-08,-1.4958819E-01
3.327879E-08,-1.4953548E-01
3.332879E-08,-1.4948277E-01
3.337879E-08,-1.4943006E-01
3.342879E-08,-1.4937735E-01
3.347879E-08,-1.4932464E-01
3.352879E-08,-1.4927194E-01
3.357879E-08,-1.4921923E-01
3.362879E-08,-1.4916652E-01
3.367879E-08,-1.4911381E-01
3.372879E-08,-1.4906110E-01
3.377879E-08,-1.4900839E-01
3.382879E-08,-1.4895568E-01
3.387879E-08,-1.4890297E-01
3.392879E-08,-1.4885026E-01
3.397879E-08,-1.4879755E-01
3.402879E-08,-1.4874485E-01
3.407879E-08,-1.4869214E-01
3.412879E-08,-1.4869214E-01
3.417879E-08,-1.4863943E-01
3.422879E-08,-1.4863943E-01
3.427879E-08,-1.4858672E-01
3.432879E-08,-1.4858672E-01
3.437879E-08,-1.4858672E-01
3.442879E-08,-1.4858672E-01
3.447879E-08,-1.4858672E-01
3.452879E-08,-1.4858672E-01
3.457879E-08,-1.4863943E-01
3.462879E-08,-1.4863943E-01
3.467879E-08,-1.4863943E-01
3.472879E-08,-1.4869214E-01
3.477879E-08,-1.4874485E-01
3.482879E-08,-1.4874485E-01
3.487879E-08,-1.4879755E-01
3.492879E-08,-1.4885026E-01
3.497879E-08,-1.4885026E-01
3.502879E-08,-1.4890297E-01
3.507879E-08,-1.4895568E-01
3.512879E-08,-1.4900839E-01
3.517879E-08,-1.4906110E-01
3.522879E-08,-1.4906110E-01
3.527879E-08,-1.4911381E-01
3.532879E-08,-1.4916652E-01
3.537879E-08,-1.4921923E-01
3.542879E-08,-1.4921923E-01
3.547879E-08,-1.4927194E-01
3.552879E-08,-1.4932464E-01
3.557879E-08,-1.4932464E-01
3.562879E-08,-1.4937735E-01
3.567879E-08,-1.4937735E-01
3.572879E-08,-1.4943006E-01
3.577879E-08,-1.4943006E-01
3.582879E-08,-1.4943006E-01
3.587879E-08,-1.4948277E-01
3.592879E-08,-1.4948277E-01
3.597879E-08,-1.4948277E-01
3.602879E-08,-1.4948277E-01
3.607879E-08,-1.4948277E-01
3.612879E-08,-1.4948277E-01
3.617879E-08,-1.4948277E-01
3.622879E-08,-1.4948277E-01
3.627879E-08,-1.4948277E-01
3.632879E-08,-1.4948277E-01
3.637879E-08,-1.4948277E-01
3.642879E-08,-1.4948277E-01
3.647879E-08,-1.4948277E-01
3.652879E-08,-1.4948277E-01
3.657879E-08,-1.4948277E-01
3.662879E-08,-1.4948277E-01
3.667879E-08,-1.4948277E-01
3.672879E-08,-1.4943006E-01
3.677879E-08,-1.4943006E-01
3.682879E-08,-1.4943006E-01
3.687879E-08,-1.4943006E-01
3.692879E-08,-1.4937735E-01
3.697879E-08,-1.4937735E-01
3.702879E-08,-1.4937735E-01
3.707879E-08,-1.4932464E-01
3.712879E-08,-1.4932464E-01
3.717879E-08,-1.4932464E-01
3.722879E-08,-1.4927194E-01
3.727879E-08,-1.4927194E-01
3.732879E-08,-1.4921923E-01
3.737879E-08,-1.4921923E-01
3.742879E-08,-1.4916652E-01
3.747879E-08,-1.4916652E-01
3.752879E-08,-1.4911381E-01
3.757879E-08,-1.4911381E-01
3.762879E-08,-1.4906110E-01
3.767879E-08,-1.4906110E-01
3.772879E-08,-1.4900839E-01
3.777879E-08,-1.4900839E-01
3.782879E-08,-1.4895568E-01
3.787879E-08,-1.4890297E-01
3.792879E-08,-1.4890297E-01
3.797879E-08,-1.4885026E-01
3.802879E-08,-1.4885026E-01
3.807879E-08,-1.4885026E-01
3.812879E-08,-1.4879755E-01
3.817879E-08,-1.4879755E-01
3.822879E-08,-1.4874485E-01
3.827879E-08,-1.4874485E-01
3.832879E-08,-1.4874485E-01
3.837879E-08,-1.4869214E-01
3.842879E-08,-1.4869214E-01
3.847879E-08,-1.4869214E-01
3.852879E-08,-1.4869214E-01
3.857879E-08,-1.4869214E-01
3.862879E-08,-1.4863943E-01
3.867879E-08,-1.4863943E-01
3.872879E-08,-1.4863943E-01
3.877879E-08,-1.4863943E-01
3.882879E-08,-1.4863943E-01
3.887879E-08,-1.4863943E-01
3.892879E-08,-1.4863943E-01
3.897879E-08,-1.4869214E-01
3.902879E-08,-1.4869214E-01
3.907879E-08,-1.4869214E-01
3.912879E-08,-1.4869214E-01
3.917879E-08,-1.4869214E-01
3.922879E-08,-1.4869214E-01
3.927879E-08,-1.4869214E-01
3.932879E-08,-1.4874485E-01
3.937879E-08,-1.4874485E-01
3.942879E-08,-1.4874485E-01
3.947879E-08,-1.4879755E-01
3.952879E-08,-1.4879755E-01
3.957879E-08,-1.4879755E-01
3.962879E-08,-1.4885026E-01
3.967879E-08,-1.4885026E-01
3.972879E-08,-1.4890297E-01
3.977879E-08,-1.4890297E-01
3.982879E-08,-1.4895568E-01
3.987879E-08,-1.4900839E-01
3.992879E-08,-1.4900839E-01
3.997879E-08,-1.4906110E-01
4.002879E-08,-1.4911381E-01
4.007879E-08,-1.4916652E-01
4.012879E-08,-1.4921923E-01
4.017879E-08,-1.4927194E-01
4.022879E-08,-1.4927194E-01
4.027879E-08,-1.4932464E-01
4.032879E-08,-1.4937735E-01
4.037879E-08,-1.4943006E-01
4.042879E-08,-1.4948277E-01
4.047879E-08,-1.4953548E-01
4.052879E-08,-1.4958819E-01
4.057879E-08,-1.4964090E-01
4.062879E-08,-1.4969361E-01
4.067879E-08,-1.4969361E-01
4.072879E-08,-1.4974632E-01
4.077879E-08,-1.4979903E-01
4.082879E-08,-1.4979903E-01
4.087879E-08,-1.4985173E-01
4.092879E-08,-1.4985173E-01
4.097879E-08,-1.4990444E-01
4.102879E-08,-1.4990444E-01
4.107879E-08,-1.4990444E-01
4.112879E-08,-1.4990444E-01
4.117879E-08,-1.4990444E-01
4.122879E-08,-1.4990444E-01
4.127879E-08,-1.4990444E-01
4.132879E-08,-1.4990444E-01
4.137879E-08,-1.4990444E-01
4.142879E-08,-1.4985173E-01
4.147879E-08,-1.4985173E-01
4.152879E-08,-1.4979903E-01
4.157879E-08,-1.4979903E-01
4.162879E-08,-1.4974632E-01
4.167879E-08,-1.4974632E-01
4.172879E-08,-1.4969361E-01
4.177879E-08,-1.4964090E-01
4.182879E-08,-1.4964090E-01
4.187879E-08,-1.4958819E-01
4.192879E-08,-1.4953548E-01
4.197879E-08,-1.4953548E-01
4.202879E-08,-1.4948277E-01
4.207879E-08,-1.4948277E-01
4.212879E-08,-1.4943006E-01
4.217879E-08,-1.4943006E-01
4.222879E-08,-1.4943006E-01
4.227879E-08,-1.4937735E-01
4.232879E-08,-1.4937735E-01
4.237879E-08,-1.4937735E-01
4.242879E-08,-1.4937735E-01
4.247879E-08,-1.4937735E-01
4.252879E-08,-1.4937735E-01
4.257879E-08,-1.4937735E-01
4.262879E-08,-1.4937735E-01
4.267879E-08,-1.4937735E-01
4.272879E-08,-1.4943006E-01
4.277879E-08,-1.4943006E-01
4.282879E-08,-1.4943006E-01
4.287879E-08,-1.4943006E-01
4.292879E-08,-1.4948277E-01
4.297879E-08,-1.4948277E-01
4.302879E-08,-1.4948277E-01
4.307879E-08,-1.4948277E-01
4.312879E-08,-1.4953548E-01
4.317879E-08,-1.4953548E-01
4.322879E-08,-1.4953548E-01
4.327879E-08,-1.4953548E-01
4.332879E-08,-1.4953548E-01
4.337879E-08,-1.4953548E-01
4.342879E-08,-1.4953548E-01
4.347879E-08,-1.4953548E-01
4.352879E-08,-1.4953548E-01
4.357879E-08,-1.4953548E-01
4.362879E-08,-1.4948277E-01
4.367879E-08,-1.4948277E-01
4.372879E-08,-1.4943006E-01
4.377879E-08,-1.4943006E-01
4.382879E-08,-1.4937735E-01
4.387879E-08,-1.4937735E-01
4.392879E-08,-1.4932464E-01
4.397879E-08,-1.4932464E-01
4.402879E-08,-1.4927194E-01
4.407879E-08,-1.4921923E-01
4.412879E-08,-1.4921923E-01
4.417879E-08,-1.4916652E-01
4.422879E-08,-1.4911381E-01
4.427879E-08,-1.4911381E-01
4.432879E-08,-1.4906110E-01
4.437879E-08,-1.4906110E-01
4.442879E-08,-1.4900839E-01
4.447879E-08,-1.4900839E-01
4.452879E-08,-1.4900839E-01
4.457879E-08,-1.4895568E-01
4.462879E-08,-1.4895568E-01
4.467879E-08,-1.4895568E-01
4.472879E-08,-1.4895568E-01
4.477879E-08,-1.4895568E-01
4.482879E-08,-1.4895568E-01
4.487879E-08,-1.4895568E-01
4.492879E-08,-1.4895568E-01
4.497879E-08,-1.4895568E-01
4.502879E-08,-1.4900839E-01
4.507879E-08,-1.4900839E-01
4.512879E-08,-1.4900839E-01
4.517879E-08,-1.4906110E-01
4.522879E-08,-1.4906110E-01
4.527879E-08,-1.4911381E-01
4.532879E-08,-1.4911381E-01
4.537879E-08,-1.4916652E-01
4.542879E-08,-1.4916652E-01
4.547879E-08,-1.4921923E-01
4.552879E-08,-1.4921923E-01
4.557879E-08,-1.4927194E-01
4.562879E-08,-1.4927194E-01
4.567879E-08,-1.4927194E-01
4.572879E-08,-1.4932464E-01
4.577879E-08,-1.4932464E-01
4.582879E-08,-1.4937735E-01
4.587879E-08,-1.4937735E-01
4.592879E-08,-1.4937735E-01
4.597879E-08,-1.4943006E-01
4.602879E-08,-1.4943006E-01
4.607879E-08,-1.4943006E-01
4.612879E-08,-1.4943006E-01
4.617879E-08,-1.4943006E-01
4.622879E-08,-1.4948277E-01
4.627879E-08,-1.4948277E-01
4.632879E-08,-1.4948277E-01
4.637879E-08,-1.4948277E-01
4.642879E-08,-1.4948277E-01
4.647879E-08,-1.4948277E-01
4.652879E-08,-1.4948277E-01
4.657879E-08,-1.4948277E-01
4.662879E-08,-1.4948277E-01
4.667879E-08,-1.4948277E-01
4.672879E-08,-1.4948277E-01
4.677879E-08,-1.4943006E-01
4.682879E-08,-1.4943006E-01
4.687879E-08,-1.4943006E-01
4.692879E-08,-1.4943006E-01
4.697879E-08,-1.4943006E-01
4.702879E-08,-1.4943006E-01
4.707879E-08,-1.4948277E-01
4.712879E-08,-1.4948277E-01
4.717879E-08,-1.4948277E-01
4.722879E-08,-1.4948277E-01
4.727879E-08,-1.4948277E-01
4.732879E-08,-1.4948277E-01
4.737879E-08,-1.4948277E-01
4.742879E-08,-1.4948277E-01
4.747879E-08,-1.4953548E-01
4.752879E-08,-1.4953548E-01
4.757879E-08,-1.4953548E-01
4.762879E-08,-1.4953548E-01
4.767879E-08,-1.4958819E-01
4.772879E-08,-1.4958819E-01
4.777879E-08,-1.4958819E-01
4.782879E-08,-1.4958819E-01
4.787879E-08,-1.4958819E-01
4.792879E-08,-1.4964090E-01
4.797879E-08,-1.4964090E-01
4.802879E-08,-1.4964090E-01
4.807879E-08,-1.4964090E-01
4.812879E-08,-1.4964090E-01
4.817879E-08,-1.4964090E-01
4.822879E-08,-1.4964090E-01
4.827879E-08,-1.4964090E-01
4.832879E-08,-1.4964090E-01
4.837879E-08,-1.4964090E-01
4.842879E-08,-1.4964090E-01
4.847879E-08,-1.4964090E-01
4.852879E-08,-1.4958819E-01
4.857879E-08,-1.4958819E-01
4.862879E-08,-1.4958819E-01
4.867879E-08,-1.4953548E-01
4.872879E-08,-1.4953548E-01
4.877879E-08,-1.4953548E-01
4.882879E-08,-1.4948277E-01
4.887879E-08,-1.4948277E-01
4.892879E-08,-1.4948277E-01
4.897879E-08,-1.4943006E-01
4.902879E-08,-1.4943006E-01
4.907879E-08,-1.4943006E-01
4.912879E-08,-1.4937735E-01
4.917879E-08,-1.4937735E-01
4.922879E-08,-1.4937735E-01
4.927879E-08,-1.4937735E-01
4.932879E-08,-1.4937735E-01
4.937879E-08,-1.4937735E-01
4.942879E-08,-1.4937735E-01
4.947879E-08,-1.4937735E-01
4.952879E-08,-1.4943006E-01
4.957879E-08,-1.4943006E-01
4.962879E-08,-1.4948277E-01
4.967879E-08,-1.4948277E-01
4.972879E-08,-1.4953548E-01
4.977879E-08,-1.4958819E-01
4.982879E-08,-1.4964090E-01
4.987879E-08,-1.4969361E-01
4.992879E-08,-1.4974632E-01
4.997879E-08,-1.4979903E-01
5.002879E-08,-1.4985173E-01
5.007879E-08,-1.4990444E-01
5.012879E-08,-1.4995715E-01
5.017879E-08,-1.5000986E-01
5.022879E-08,-1.5006257E-01
5.027879E-08,-1.5011528E-01
5.032879E-08,-1.5016799E-01
5.037879E-08,-1.5022070E-01
5.042879E-08,-1.5027341E-01
5.047879E-08,-1.5032612E-01
5.052879E-08,-1.5037883E-01
5.057879E-08,-1.5037883E-01
5.062879E-08,-1.5037883E-01
5.067879E-08,-1.5043153E-01
5.072879E-08,-1.5043153E-01
5.077879E-08,-1.5043153E-01
5.082879E-08,-1.5043153E-01
5.087879E-08,-1.5037883E-01
5.092879E-08,-1.5037883E-01
5.097879E-08,-1.5032612E-01
5.102879E-08,-1.5027341E-01
5.107879E-08,-1.5022070E-01
5.112879E-08,-1.5016799E-01
5.117879E-08,-1.5011528E-01
5.122879E-08,-1.5006257E-01
5.127879E-08,-1.4995715E-01
5.132879E-08,-1.4990444E-01
5.137879E-08,-1.4985173E-01
5.142879E-08,-1.4974632E-01
5.147879E-08,-1.4969361E-01
5.152879E-08,-1.4958819E-01
5.157879E-08,-1.4953548E-01
5.162879E-08,-1.4943006E-01
5.167879E-08,-1.4937735E-01
5.172879E-08,-1.4927194E-01
5.177879E-08,-1.4921923E-01
5.182879E-08,-1.4916652E-01
5.187879E-08,-1.4911381E-01
5.192879E-08,-1.4906110E-01
5.197879E-08,-1.4900839E-01
5.202879E-08,-1.4895568E-01
5.207879E-08,-1.4895568E-01
5.212879E-08,-1.4890297E-01
5.217879E-08,-1.4890297E-01
5.222879E-08,-1.4890297E-01
5.227879E-08,-1.4890297E-01
5.232879E-08,-1.4890297E-01
5.237879E-08,-1.4890297E-01
5.242879E-08,-1.4890297E-01
5.247879E-08,-1.4895568E-01
5.252879E-08,-1.4895568E-01
5.257879E-08,-1.4895568E-01
5.262879E-08,-1.4900839E-01
5.267879E-08,-1.4900839E-01
5.272879E-08,-1.4906110E-01
5.277879E-08,-1.4906110E-01
5.282879E-08,-1.4911381E-01
5.287879E-08,-1.4911381E-01
5.292879E-08,-1.4911381E-01
5.297879E-08,-1.4916652E-01
5.302879E-08,-1.4916652E-01
5.307879E-08,-1.4916652E-01
5.312879E-08,-1.4916652E-01
5.317879E-08,-1.4916652E-01
5.322879E-08,-1.4916652E-01
5.327879E-08,-1.4916652E-01
5.332879E-08,-1.4916652E-01
5.337879E-08,-1.4916652E-01
5.342879E-08,-1.4916652E-01
5.347879E-08,-1.4911381E-01
5.352879E-08,-1.4911381E-01
5.357879E-08,-1.4911381E-01
5.362879E-08,-1.4906110E-01
5.367879E-08,-1.4906110E-01
5.372879E-08,-1.4906110E-01
5.377879E-08,-1.4906110E-01
5.382879E-08,-1.4900839E-01
5.387879E-08,-1.4900839E-01
5.392879E-08,-1.4900839E-01
5.397879E-08,-1.4900839E-01
5.402879E-08,-1.4900839E-01
5.407879E-08,-1.4900839E-01
5.412879E-08,-1.4900839E-01
5.417879E-08,-1.4906110E-01
5.422879E-08,-1.4906110E-01
5.427879E-08,-1.4906110E-01
5.432879E-08,-1.4911381E-01
5.437879E-08,-1.4916652E-01
5.442879E-08,-1.4916652E-01
5.447879E-08,-1.4921923E-01
5.452879E-08,-1.4927194E-01
5.457879E-08,-1.4932464E-01
5.462879E-08,-1.4932464E-01
5.467879E-08,-1.4937735E-01
5.472879E-08,-1.4943006E-01
5.477879E-08,-1.4948277E-01
5.482879E-08,-1.4953548E-01
5.487879E-08,-1.4958819E-01
5.492879E-08,-1.4964090E-01
5.497879E-08,-1.4969361E-01
5.502879E-08,-1.4974632E-01
5.507879E-08,-1.4974632E-01
5.512879E-08,-1.4979903E-01
5.517879E-08,-1.4979903E-01
5.522879E-08,-1.4985173E-01
5.527879E-08,-1.4985173E-01
5.532879E-08,-1.4990444E-01
5.537879E-08,-1.4990444E-01
5.542879E-08,-1.4990444E-01
5.547879E-08,-1.4990444E-01
5.552879E-08,-1.4990444E-01
5.557879E-08,-1.4990444E-01
5.562879E-08,-1.4990444E-01
5.567879E-08,-1.4990444E-01
5.572879E-08,-1.4990444E-01
5.577879E-08,-1.4990444E-01
5.582879E-08,-1.4990444E-01
5.587879E-08,-1.4990444E-01
5.592879E-08,-1.4990444E-01
5.597879E-08,-1.4990444E-01
5.602879E-08,-1.4990444E-01
5.607879E-08,-1.4995715E-01
5.612879E-08,-1.4995715E-01
5.617879E-08,-1.4995715E-01
5.622879E-08,-1.4995715E-01
5.627879E-08,-1.4995715E-01
5.632879E-08,-1.5000986E-01
5.637879E-08,-1.5000986E-01
5.642879E-08,-1.5000986E-01
5.647879E-08,-1.5006257E-01
5.652879E-08,-1.5006257E-01
5.657879E-08,-1.5011528E-01
5.662879E-08,-1.5011528E-01
5.667879E-08,-1.5011528E-01
5.672879E-08,-1.5016799E-01
5.677879E-08,-1.5016799E-01
5.682879E-08,-1.5016799E-01
5.687879E-08,-1.5016799E-01
5.692879E-08,-1.5016799E-01
5.697879E-08,-1.5016799E-01
5.702879E-08,-1.5016799E-01
5.707879E-08,-1.5016799E-01
5.712879E-08,-1.5016799E-01
5.717879E-08,-1.5011528E-01
5.722879E-08,-1.5011528E-01
5.727879E-08,-1.5006257E-01
5.732879E-08,-1.5006257E-01
5.737879E-08,-1.5000986E-01
5.742879E-08,-1.4995715E-01
5.747879E-08,-1.4990444E-01
5.752879E-08,-1.4985173E-01
5.757879E-08,-1.4979903E-01
5.762879E-08,-1.4974632E-01
5.767879E-08,-1.4969361E-01
5.772879E-08,-1.4964090E-01
5.777879E-08,-1.4958819E-01
5.782879E-08,-1.4953548E-01
5.787879E-08,-1.4948277E-01
5.792879E-08,-1.4943006E-01
5.797879E-08,-1.4937735E-01
5.802879E-08,-1.4932464E-01
5.807879E-08,-1.4927194E-01
5.812879E-08,-1.4927194E-01
5.817879E-08,-1.4921923E-01
5.822879E-08,-1.4921923E-01
5.827879E-08,-1.4916652E-01
5.832879E-08,-1.4916652E-01
5.837879E-08,-1.4916652E-01
5.842879E-08,-1.4916652E-01
5.847879E-08,-1.4916652E-01
5.852879E-08,-1.4921923E-01
5.857879E-08,-1.4921923E-01
5.862879E-08,-1.4921923E-01
5.867879E-08,-1.4927194E-01
5.872879E-08,-1.4927194E-01
5.877879E-08,-1.4932464E-01
5.882879E-08,-1.4937735E-01
5.887879E-08,-1.4937735E-01
5.892879E-08,-1.4943006E-01
5.897879E-08,-1.4948277E-01
5.902879E-08,-1.4953548E-01
5.907879E-08,-1.4953548E-01
5.912879E-08,-1.4958819E-01
5.917879E-08,-1.4958819E-01
5.922879E-08,-1.4964090E-01
5.927879E-08,-1.4964090E-01
5.932879E-08,-1.4969361E-01
5.937879E-08,-1.4969361E-01
5.942879E-08,-1.4974632E-01
5.947879E-08,-1.4974632E-01
5.952879E-08,-1.4974632E-01
5.957879E-08,-1.4974632E-01
5.962879E-08,-1.4974632E-01
5.967879E-08,-1.4974632E-01
5.972879E-08,-1.4974632E-01
5.977879E-08,-1.4974632E-01
5.982879E-08,-1.4969361E-01
5.987879E-08,-1.4969361E-01
5.992879E-08,-1.4969361E-01
5.997879E-08,-1.4969361E-01
6.002879E-08,-1.4969361E-01
6.007879E-08,-1.4964090E-01
6.012879E-08,-1.4964090E-01
6.017879E-08,-1.4964090E-01
6.022879E-08,-1.4964090E-01
6.027879E-08,-1.4964090E-01
6.032879E-08,-1.4964090E-01
6.037879E-08,-1.4964090E-01
6.042879E-08,-1.4958819E-01
6.047879E-08,-1.4958819E-01
6.052879E-08,-1.4958819E-01
6.057879E-08,-1.4958819E-01
6.062879E-08,-1.4964090E-01
6.067879E-08,-1.4964090E-01
6.072879E-08,-1.4964090E-01
6.077879E-08,-1.4964090E-01
6.082879E-08,-1.4964090E-01
6.087879E-08,-1.4964090E-01
6.092879E-08,-1.4964090E-01
6.097879E-08,-1.4964090E-01
6.102879E-08,-1.4958819E-01
6.107879E-08,-1.4958819E-01
6.112879E-08,-1.4958819E-01
6.117879E-08,-1.4958819E-01
6.122879E-08,-1.4953548E-01
6.127879E-08,-1.4953548E-01
6.132879E-08,-1.4948277E-01
6.137879E-08,-1.4948277E-01
6.142879E-08,-1.4943006E-01
6.147879E-08,-1.4937735E-01
6.152879E-08,-1.4937735E-01
6.157879E-08,-1.4932464E-01
6.162879E-08,-1.4927194E-01
6.167879E-08,-1.4921923E-01
6.172879E-08,-1.4921923E-01
6.177879E-08,-1.4916652E-01
6.182879E-08,-1.4911381E-01
6.187879E-08,-1.4906110E-01
6.192879E-08,-1.4900839E-01
6.197879E-08,-1.4900839E-01
6.202879E-08,-1.4895568E-01
6.207879E-08,-1.4890297E-01
6.212879E-08,-1.4890297E-01
6.217879E-08,-1.4890297E-01
6.222879E-08,-1.4885026E-01
6.227879E-08,-1.4885026E-01
6.232879E-08,-1.4885026E-01
6.237879E-08,-1.4885026E-01
6.242879E-08,-1.4885026E-01
6.247879E-08,-1.4885026E-01
6.252879E-08,-1.4890297E-01
6.257879E-08,-1.4890297E-01
6.262879E-08,-1.4895568E-01
6.267879E-08,-1.4895568E-01
6.272879E-08,-1.4900839E-01
6.277879E-08,-1.4906110E-01
6.282879E-08,-1.4911381E-01
6.287879E-08,-1.4916652E-01
6.292879E-08,-1.4921923E-01
6.297879E-08,-1.4927194E-01
6.302879E-08,-1.4932464E-01
6.307879E-08,-1.4937735E-01
6.312879E-08,-1.4943006E-01
6.317879E-08,-1.4948277E-01
6.322879E-08,-1.4953548E-01
6.327879E-08,-1.4958819E-01
6.332879E-08,-1.4964090E-01
6.337879E-08,-1.4969361E-01
6.342879E-08,-1.4974632E-01
6.347879E-08,-1.4979903E-01
6.352879E-08,-1.4979903E-01
6.357879E-08,-1.4985173E-01
6.362879E-08,-1.4990444E-01
6.367879E-08,-1.4990444E-01
6.372879E-08,-1.4995715E-01
6.377879E-08,-1.4995715E-01
6.382879E-08,-1.4995715E-01
6.387879E-08,-1.5000986E-01
6.392879E-08,-1.5000986E-01
6.397879E-08,-1.5000986E-01
6.402879E-08,-1.5000986E-01
6.407879E-08,-1.5000986E-01
6.412879E-08,-1.5006257E-01
6.417879E-08,-1.5006257E-01
6.422879E-08,-1.5006257E-01
6.427879E-08,-1.5006257E-01
6.432879E-08,-1.5006257E-01
6.437879E-08,-1.5006257E-01
6.442879E-08,-1.5006257E-01
6.447879E-08,-1.5006257E-01
6.452879E-08,-1.5006257E-01
6.457879E-08,-1.5006257E-01
6.462879E-08,-1.5006257E-01
6.467879E-08,-1.5006257E-01
6.472879E-08,-1.5006257E-01
6.477879E-08,-1.5006257E-01
6.482879E-08,-1.5006257E-01
6.487879E-08,-1.5006257E-01
6.492879E-08,-1.5000986E-01
6.497879E-08,-1.5000986E-01
6.502879E-08,-1.5000986E-01
6.507879E-08,-1.5000986E-01
6.512879E-08,-1.4995715E-01
6.517879E-08,-1.4995715E-01
6.522879E-08,-1.4990444E-01
6.527879E-08,-1.4990444E-01
6.532879E-08,-1.4985173E-01
6.537879E-08,-1.4985173E-01
6.542879E-08,-1.4979903E-01
6.547879E-08,-1.4974632E-01
6.552879E-08,-1.4969361E-01
6.557879E-08,-1.4964090E-01
6.562879E-08,-1.4958819E-01
6.567879E-08,-1.4953548E-01
6.572879E-08,-1.4948277E-01
6.577879E-08,-1.4943006E-01
6.582879E-08,-1.4937735E-01
6.587879E-08,-1.4932464E-01
6.592879E-08,-1.4927194E-01
6.597879E-08,-1.4921923E-01
6.602879E-08,-1.4921923E-01
6.607879E-08,-1.4916652E-01
6.612879E-08,-1.4911381E-01
6.617879E-08,-1.4906110E-01
6.622879E-08,-1.4900839E-01
6.627879E-08,-1.4900839E-01
6.632879E-08,-1.4895568E-01
6.637879E-08,-1.4890297E-01
6.642879E-08,-1.4890297E-01
6.647879E-08,-1.4890297E-01
6.652879E-08,-1.4885026E-01
6.657879E-08,-1.4885026E-01
6.662879E-08,-1.4885026E-01
6.667879E-08,-1.4885026E-01
6.672879E-08,-1.4885026E-01
6.677879E-08,-1.4885026E-01
6.682879E-08,-1.4885026E-01
6.687879E-08,-1.4885026E-01
6.692879E-08,-1.4885026E-01
6.697879E-08,-1.4885026E-01
6.702879E-08,-1.4885026E-01
6.707879E-08,-1.4885026E-01
6.712879E-08,-1.4890297E-01
6.717879E-08,-1.4890297E-01
6.722879E-08,-1.4895568E-01
6.727879E-08,-1.4895568E-01
6.732879E-08,-1.4895568E-01
6.737879E-08,-1.4900839E-01
6.742879E-08,-1.4900839E-01
6.747879E-08,-1.4906110E-01
6.752879E-08,-1.4911381E-01
6.757879E-08,-1.4911381E-01
6.762879E-08,-1.4916652E-01
6.767879E-08,-1.4921923E-01
6.772879E-08,-1.4921923E-01
6.777879E-08,-1.4927194E-01
6.782879E-08,-1.4932464E-01
6.787879E-08,-1.4937735E-01
6.792879E-08,-1.4943006E-01
6.797879E-08,-1.4948277E-01
6.802879E-08,-1.4953548E-01
6.807879E-08,-1.4958819E-01
6.812879E-08,-1.4964090E-01
6.817879E-08,-1.4969361E-01
6.822879E-08,-1.4974632E-01
6.827879E-08,-1.4979903E-01
6.832879E-08,-1.4985173E-01
6.837879E-08,-1.4990444E-01
6.842879E-08,-1.4995715E-01
6.847879E-08,-1.5000986E-01
6.852879E-08,-1.5006257E-01
6.857879E-08,-1.5011528E-01
6.862879E-08,-1.5016799E-01
6.867879E-08,-1.5022070E-01
6.872879E-08,-1.5027341E-01
6.877879E-08,-1.5032612E-01
6.882879E-08,-1.5032612E-01
6.887879E-08,-1.5037883E-01
6.892879E-08,-1.5037883E-01
6.897879E-08,-1.5043153E-01
6.902879E-08,-1.5043153E-01
6.907879E-08,-1.5043153E-01
6.912879E-08,-1.5043153E-01
6.917879E-08,-1.5043153E-01
6.922879E-08,-1.5043153E-01
6.927879E-08,-1.5037883E-01
6.932879E-08,-1.5037883E-01
6.937879E-08,-1.5032612E-01
6.942879E-08,-1.5032612E-01
6.947879E-08,-1.5027341E-01
6.952879E-08,-1.5027341E-01
6.957879E-08,-1.5022070E-01
6.962879E-08,-1.5016799E-01
6.967879E-08,-1.5016799E-01
6.972879E-08,-1.5011528E-01
6.977879E-08,-1.5006257E-01
6.982879E-08,-1.5006257E-01
6.987879E-08,-1.5000986E-01
6.992879E-08,-1.5000986E-01
6.997879E-08,-1.4995715E-01
7.002879E-08,-1.4995715E-01
7.007879E-08,-1.4995715E-01
7.012879E-08,-1.4995715E-01
7.017879E-08,-1.4995715E-01
7.022879E-08,-1.4995715E-01
7.027879E-08,-1.4995715E-01
7.032879E-08,-1.4995715E-01
7.037879E-08,-1.4995715E-01
7.042879E-08,-1.5000986E-01
7.047879E-08,-1.5000986E-01
7.052879E-08,-1.5000986E-01
7.057879E-08,-1.5006257E-01
7.062879E-08,-1.5006257E-01
7.067879E-08,-1.5011528E-01
7.072879E-08,-1.5011528E-01
7.077879E-08,-1.5016799E-01
7.082879E-08,-1.5016799E-01
7.087879E-08,-1.5022070E-01
7.092879E-08,-1.5022070E-01
7.097879E-08,-1.5022070E-01
7.102879E-08,-1.5022070E-01
7.107879E-08,-1.5022070E-01
7.112879E-08,-1.5022070E-01
7.117879E-08,-1.5022070E-01
7.122879E-08,-1.5016799E-01
7.127879E-08,-1.5016799E-01
7.132879E-08,-1.5011528E-01
7.137879E-08,-1.5006257E-01
7.142879E-08,-1.5000986E-01
7.147879E-08,-1.4995715E-01
7.152879E-08,-1.4990444E-01
7.157879E-08,-1.4985173E-01
7.162879E-08,-1.4979903E-01
7.167879E-08,-1.4974632E-01
7.172879E-08,-1.4969361E-01
7.177879E-08,-1.4958819E-01
7.182879E-08,-1.4953548E-01
7.187879E-08,-1.4948277E-01
7.192879E-08,-1.4943006E-01
7.197879E-08,-1.4937735E-01
7.202879E-08,-1.4932464E-01
7.207879E-08,-1.4927194E-01
7.212879E-08,-1.4921923E-01
7.217879E-08,-1.4921923E-01
7.222879E-08,-1.4916652E-01
7.227879E-08,-1.4916652E-01
7.232879E-08,-1.4916652E-01
7.237879E-08,-1.4916652E-01
7.242879E-08,-1.4911381E-01
7.247879E-08,-1.4916652E-01
7.252879E-08,-1.4916652E-01
7.257879E-08,-1.4916652E-01
7.262879E-08,-1.4916652E-01
7.267879E-08,-1.4921923E-01
7.272879E-08,-1.4921923E-01
7.277879E-08,-1.4921923E-01
7.282879E-08,-1.4927194E-01
7.287879E-08,-1.4927194E-01
7.292879E-08,-1.4932464E-01
7.297879E-08,-1.4932464E-01
7.302879E-08,-1.4932464E-01
7.307879E-08,-1.4937735E-01
7.312879E-08,-1.4937735E-01
7.317879E-08,-1.4937735E-01
7.322879E-08,-1.4937735E-01
7.327879E-08,-1.4937735E-01
7.332879E-08,-1.4937735E-01
7.337879E-08,-1.4937735E-01
7.342879E-08,-1.4932464E-01
7.347879E-08,-1.4932464E-01
7.352879E-08,-1.4932464E-01
7.357879E-08,-1.4927194E-01
7.362879E-08,-1.4927194E-01
7.367879E-08,-1.4921923E-01
7.372879E-08,-1.4921923E-01
7.377879E-08,-1.4916652E-01
7.382879E-08,-1.4911381E-01
7.387879E-08,-1.4911381E-01
7.392879E-08,-1.4911381E-01
7.397879E-08,-1.4906110E-01
7.402879E-08,-1.4906110E-01
7.407879E-08,-1.4906110E-01
7.412879E-08,-1.4906110E-01
7.417879E-08,-1.4906110E-01
7.422879E-08,-1.4906110E-01
7.427879E-08,-1.4906110E-01
7.432879E-08,-1.4911381E-01
7.437879E-08,-1.4911381E-01
7.442879E-08,-1.4916652E-01
7.447879E-08,-1.4921923E-01
7.452879E-08,-1.4927194E-01
7.457879E-08,-1.4932464E-01
7.462879E-08,-1.4937735E-01
7.467879E-08,-1.4943006E-01
7.472879E-08,-1.4948277E-01
7.477879E-08,-1.4953548E-01
7.482879E-08,-1.4958819E-01
7.487879E-08,-1.4969361E-01
7.492879E-08,-1.4974632E-01
7.497879E-08,-1.4979903E-01
7.502879E-08,-1.4985173E-01
7.507879E-08,-1.4990444E-01
7.512879E-08,-1.4990444E-01
7.517879E-08,-1.4995715E-01
7.522879E-08,-1.5000986E-01
7.527879E-08,-1.5000986E-01
7.532879E-08,-1.5000986E-01
7.537879E-08,-1.5000986E-01
7.542879E-08,-1.5000986E-01
7.547879E-08,-1.5000986E-01
7.552879E-08,-1.5000986E-01
7.557879E-08,-1.4995715E-01
7.562879E-08,-1.4995715E-01
7.567879E-08,-1.4990444E-01
7.572879E-08,-1.4985173E-01
7.577879E-08,-1.4979903E-01
7.582879E-08,-1.4974632E-01
7.587879E-08,-1.4969361E-01
7.592879E-08,-1.4964090E-01
7.597879E-08,-1.4958819E-01
7.602879E-08,-1.4953548E-01
7.607879E-08,-1.4948277E-01
7.612879E-08,-1.4943006E-01
7.617879E-08,-1.4937735E-01
7.622879E-08,-1.4932464E-01
7.627879E-08,-1.4932464E-01
7.632879E-08,-1.4927194E-01
7.637879E-08,-1.4921923E-01
7.642879E-08,-1.4921923E-01
7.647879E-08,-1.4921923E-01
7.652879E-08,-1.4916652E-01
7.657879E-08,-1.4916652E-01
7.662879E-08,-1.4916652E-01
7.667879E-08,-1.4916652E-01
7.672879E-08,-1.4916652E-01
7.677879E-08,-1.4916652E-01
7.682879E-08,-1.4916652E-01
7.687879E-08,-1.4916652E-01
7.692879E-08,-1.4916652E-01
7.697879E-08,-1.4916652E-01
7.702879E-08,-1.4921923E-01
7.707879E-08,-1.4921923E-01
7.712879E-08,-1.4921923E-01
7.717879E-08,-1.4921923E-01
7.722879E-08,-1.4921923E-01
7.727879E-08,-1.4916652E-01
7.732879E-08,-1.4916652E-01
7.737879E-08,-1.4916652E-01
7.742879E-08,-1.4916652E-01
7.747879E-08,-1.4911381E-01
7.752879E-08,-1.4911381E-01
7.757879E-08,-1.4906110E-01
7.762879E-08,-1.4900839E-01
7.767879E-08,-1.4900839E-01
7.772879E-08,-1.4895568E-01
7.777879E-08,-1.4890297E-01
7.782879E-08,-1.4890297E-01
7.787879E-08,-1.4885026E-01
7.792879E-08,-1.4879755E-01
7.797879E-08,-1.4879755E-01
7.802879E-08,-1.4874485E-01
7.807879E-08,-1.4874485E-01
7.812879E-08,-1.4869214E-01
7.817879E-08,-1.4869214E-01
7.822879E-08,-1.4869214E-01
7.827879E-08,-1.4869214E-01
7.832879E-08,-1.4869214E-01
7.837879E-08,-1.4874485E-01
7.842879E-08,-1.4874485E-01
7.847879E-08,-1.4879755E-01
7.852879E-08,-1.4885026E-01
7.857879E-08,-1.4890297E-01
7.862879E-08,-1.4895568E-01
7.867879E-08,-1.4900839E-01
7.872879E-08,-1.4906110E-01
7.877879E-08,-1.4916652E-01
7.882879E-08,-1.4927194E-01
7.887879E-08,-1.4932464E-01
7.892879E-08,-1.4943006E-01
7.897879E-08,-1.4953548E-01
7.902879E-08,-1.4958819E-01
7.907879E-08,-1.4969361E-01
7.912879E-08,-1.4979903E-01
7.917879E-08,-1.4985173E-01
7.922879E-08,-1.4995715E-01
7.927879E-08,-1.5000986E-01
7.932879E-08,-1.5006257E-01
7.937879E-08,-1.5011528E-01
7.942879E-08,-1.5016799E-01
7.947879E-08,-1.5022070E-01
7.952879E-08,-1.5027341E-01
7.957879E-08,-1.5027341E-01
7.962879E-08,-1.5027341E-01
7.967879E-08,-1.5027341E-01
7.972879E-08,-1.5027341E-01
7.977879E-08,-1.5027341E-01
7.982879E-08,-1.5027341E-01
7.987879E-08,-1.5022070E-01
7.992879E-08,-1.5016799E-01
7.997879E-08,-1.5011528E-01
8.002879E-08,-1.5006257E-01
8.007879E-08,-1.5000986E-01
8.012879E-08,-1.4995715E-01
8.017879E-08,-1.4990444E-01
8.022879E-08,-1.4985173E-01
8.027879E-08,-1.4974632E-01
8.032879E-08,-1.4969361E-01
8.037879E-08,-1.4964090E-01
8.042879E-08,-1.4953548E-01
8.047879E-08,-1.4948277E-01
8.052879E-08,-1.4943006E-01
8.057879E-08,-1.4937735E-01
8.062879E-08,-1.4932464E-01
8.067879E-08,-1.4927194E-01
8.072879E-08,-1.4921923E-01
8.077879E-08,-1.4916652E-01
8.082879E-08,-1.4911381E-01
8.087879E-08,-1.4911381E-01
8.092879E-08,-1.4906110E-01
8.097879E-08,-1.4906110E-01
8.102879E-08,-1.4900839E-01
8.107879E-08,-1.4900839E-01
8.112879E-08,-1.4900839E-01
8.117879E-08,-1.4895568E-01
8.122879E-08,-1.4895568E-01
8.127879E-08,-1.4895568E-01
8.132879E-08,-1.4895568E-01
8.137879E-08,-1.4895568E-01
8.142879E-08,-1.4890297E-01
8.147879E-08,-1.4890297E-01
8.152879E-08,-1.4890297E-01
8.157879E-08,-1.4890297E-01
8.162879E-08,-1.4890297E-01
8.167879E-08,-1.4885026E-01
8.172879E-08,-1.4885026E-01
8.177879E-08,-1.4885026E-01
8.182879E-08,-1.4885026E-01
8.187879E-08,-1.4879755E-01
8.192879E-08,-1.4879755E-01
8.197879E-08,-1.4879755E-01
8.202879E-08,-1.4874485E-01
8.207879E-08,-1.4874485E-01
8.212879E-08,-1.4874485E-01
8.217879E-08,-1.4874485E-01
8.222879E-08,-1.4874485E-01
8.227879E-08,-1.4874485E-01
8.232879E-08,-1.4874485E-01
8.237879E-08,-1.4874485E-01
8.242879E-08,-1.4874485E-01
8.247879E-08,-1.4874485E-01
8.252879E-08,-1.4874485E-01
8.257879E-08,-1.4879755E-01
8.262879E-08,-1.4879755E-01
8.267879E-08,-1.4885026E-01
8.272879E-08,-1.4890297E-01
8.277879E-08,-1.4890297E-01
8.282879E-08,-1.4895568E-01
8.287879E-08,-1.4900839E-01
8.292879E-08,-1.4906110E-01
8.297879E-08,-1.4911381E-01
8.302879E-08,-1.4921923E-01
8.307879E-08,-1.4927194E-01
8.312879E-08,-1.4932464E-01
8.317879E-08,-1.4937735E-01
8.322879E-08,-1.4943006E-01
8.327879E-08,-1.4948277E-01
8.332879E-08,-1.4958819E-01
8.337879E-08,-1.4964090E-01
8.342879E-08,-1.4969361E-01
8.347879E-08,-1.4974632E-01
8.352879E-08,-1.4974632E-01
8.357879E-08,-1.4979903E-01
8.362879E-08,-1.4985173E-01
8.367879E-08,-1.4985173E-01
8.372879E-08,-1.4990444E-01
8.377879E-08,-1.4990444E-01
8.382879E-08,-1.4990444E-01
8.387879E-08,-1.4990444E-01
8.392879E-08,-1.4990444E-01
8.397879E-08,-1.4990444E-01
8.402879E-08,-1.4985173E-01
8.407879E-08,-1.4985173E-01
8.412879E-08,-1.4979903E-01
8.417879E-08,-1.4974632E-01
8.422879E-08,-1.4974632E-01
8.427879E-08,-1.4969361E-01
8.432879E-08,-1.4964090E-01
8.437879E-08,-1.4958819E-01
8.442879E-08,-1.4953548E-01
8.447879E-08,-1.4948277E-01
8.452879E-08,-1.4943006E-01
8.457879E-08,-1.4937735E-01
8.462879E-08,-1.4932464E-01
8.467879E-08,-1.4927194E-01
8.472879E-08,-1.4921923E-01
8.477879E-08,-1.4916652E-01
8.482879E-08,-1.4911381E-01
8.487879E-08,-1.4911381E-01
8.492879E-08,-1.4906110E-01
8.497879E-08,-1.4900839E-01
8.502879E-08,-1.4900839E-01
8.507879E-08,-1.4895568E-01
8.512879E-08,-1.4895568E-01
8.517879E-08,-1.4890297E-01
8.522879E-08,-1.4890297E-01
8.527879E-08,-1.4890297E-01
8.532879E-08,-1.4890297E-01
8.537879E-08,-1.4885026E-01
8.542879E-08,-1.4885026E-01
8.547879E-08,-1.4885026E-01
8.552879E-08,-1.4885026E-01
8.557879E-08,-1.4885026E-01
8.562879E-08,-1.4885026E-01
8.567879E-08,-1.4890297E-01
8.572879E-08,-1.4890297E-01
8.577879E-08,-1.4890297E-01
8.582879E-08,-1.4890297E-01
8.587879E-08,-1.4890297E-01
8.592879E-08,-1.4890297E-01
8.597879E-08,-1.4895568E-01
8.602879E-08,-1.4895568E-01
8.607879E-08,-1.4895568E-01
8.612879E-08,-1.4895568E-01
8.617879E-08,-1.4900839E-01
8.622879E-08,-1.4900839E-01
8.627879E-08,-1.4900839E-01
8.632879E-08,-1.4900839E-01
8.637879E-08,-1.4900839E-01
8.642879E-08,-1.4906110E-01
8.647879E-08,-1.4906110E-01
8.652879E-08,-1.4906110E-01
8.657879E-08,-1.4906110E-01
8.662879E-08,-1.4906110E-01
8.667879E-08,-1.4911381E-01
8.672879E-08,-1.4911381E-01
8.677879E-08,-1.4911381E-01
8.682879E-08,-1.4911381E-01
8.687879E-08,-1.4911381E-01
8.692879E-08,-1.4911381E-01
8.697879E-08,-1.4911381E-01
8.702879E-08,-1.4911381E-01
8.707879E-08,-1.4911381E-01
8.712879E-08,-1.4911381E-01
8.717879E-08,-1.4911381E-01
8.722879E-08,-1.4911381E-01
8.727879E-08,-1.4911381E-01
8.732879E-08,-1.4911381E-01
8.737879E-08,-1.4911381E-01
8.742879E-08,-1.4911381E-01
8.747879E-08,-1.4911381E-01
8.752879E-08,-1.4911381E-01
8.757879E-08,-1.4911381E-01
8.762879E-08,-1.4911381E-01
8.767879E-08,-1.4911381E-01
8.772879E-08,-1.4911381E-01
8.777879E-08,-1.4911381E-01
8.782879E-08,-1.4911381E-01
8.787879E-08,-1.4911381E-01
8.792879E-08,-1.4911381E-01
8.797879E-08,-1.4906110E-01
8.802879E-08,-1.4906110E-01
8.807879E-08,-1.4906110E-01
8.812879E-08,-1.4906110E-01
8.817879E-08,-1.4906110E-01
8.822879E-08,-1.4906110E-01
8.827879E-08,-1.4906110E-01
8.832879E-08,-1.4906110E-01
8.837879E-08,-1.4906110E-01
8.842879E-08,-1.4906110E-01
8.847879E-08,-1.4906110E-01
8.852879E-08,-1.4906110E-01
8.857879E-08,-1.4906110E-01
8.862879E-08,-1.4906110E-01
8.867879E-08,-1.4906110E-01
8.872879E-08,-1.4906110E-01
8.877879E-08,-1.4906110E-01
8.882879E-08,-1.4906110E-01
8.887879E-08,-1.4906110E-01
8.892879E-08,-1.4906110E-01
8.897879E-08,-1.4900839E-01
8.902879E-08,-1.4900839E-01
8.907879E-08,-1.4900839E-01
8.912879E-08,-1.4900839E-01
8.917879E-08,-1.4895568E-01
8.922879E-08,-1.4895568E-01
8.927879E-08,-1.4890297E-01
8.932879E-08,-1.4890297E-01
8.937879E-08,-1.4885026E-01
8.942879E-08,-1.4885026E-01
8.947879E-08,-1.4879755E-01
8.952879E-08,-1.4874485E-01
8.957879E-08,-1.4874485E-01
8.962879E-08,-1.4869214E-01
8.967879E-08,-1.4863943E-01
8.972879E-08,-1.4863943E-01
8.977879E-08,-1.4858672E-01
8.982879E-08,-1.4858672E-01
8.987879E-08,-1.4853401E-01
8.992879E-08,-1.4853401E-01
8.997879E-08,-1.4853401E-01
9.002879E-08,-1.4848130E-01
9.007879E-08,-1.4848130E-01
9.012879E-08,-1.4848130E-01
9.017879E-08,-1.4848130E-01
9.022879E-08,-1.4848130E-01
9.027879E-08,-1.4853401E-01
9.032879E-08,-1.4853401E-01
9.037879E-08,-1.4858672E-01
9.042879E-08,-1.4858672E-01
9.047879E-08,-1.4863943E-01
9.052879E-08,-1.4869214E-01
9.057879E-08,-1.4874485E-01
9.062879E-08,-1.4879755E-01
9.067879E-08,-1.4885026E-01
9.072879E-08,-1.4890297E-01
9.077879E-08,-1.4895568E-01
9.082879E-08,-1.4900839E-01
9.087879E-08,-1.4906110E-01
9.092879E-08,-1.4911381E-01
9.097879E-08,-1.4916652E-01
9.102879E-08,-1.4927194E-01
9.107879E-08,-1.4932464E-01
9.112879E-08,-1.4932464E-01
9.117879E-08,-1.4937735E-01
9.122879E-08,-1.4943006E-01
9.127879E-08,-1.4948277E-01
9.132879E-08,-1.4948277E-01
9.137879E-08,-1.4953548E-01
9.142879E-08,-1.4953548E-01
9.147879E-08,-1.4953548E-01
9.152879E-08,-1.4953548E-01
9.157879E-08,-1.4953548E-01
9.162879E-08,-1.4948277E-01
9.167879E-08,-1.4948277E-01
9.172879E-08,-1.4943006E-01
9.177879E-08,-1.4937735E-01
9.182879E-08,-1.4932464E-01
9.187879E-08,-1.4927194E-01
9.192879E-08,-1.4921923E-01
9.197879E-08,-1.4916652E-01
9.202879E-08,-1.4911381E-01
9.207879E-08,-1.4906110E-01
9.212879E-08,-1.4900839E-01
9.217879E-08,-1.4895568E-01
9.222879E-08,-1.4890297E-01
9.227879E-08,-1.4885026E-01
9.232879E-08,-1.4874485E-01
9.237879E-08,-1.4874485E-01
9.242879E-08,-1.4869214E-01
9.247879E-08,-1.4863943E-01
9.252879E-08,-1.4858672E-01
9.257879E-08,-1.4858672E-01
9.262879E-08,-1.4853401E-01
9.267879E-08,-1.4853401E-01
9.272879E-08,-1.4853401E-01
9.277879E-08,-1.4853401E-01
9.282879E-08,-1.4853401E-01
9.287879E-08,-1.4853401E-01
9.292879E-08,-1.4853401E-01
9.297879E-08,-1.4853401E-01
9.302879E-08,-1.4858672E-01
9.307879E-08,-1.4858672E-01
9.312879E-08,-1.4863943E-01
9.317879E-08,-1.4863943E-01
9.322879E-08,-1.4869214E-01
9.327879E-08,-1.4869214E-01
9.332879E-08,-1.4874485E-01
9.337879E-08,-1.4879755E-01
9.342879E-08,-1.4879755E-01
9.347879E-08,-1.4885026E-01
9.352879E-08,-1.4885026E-01
9.357879E-08,-1.4890297E-01
9.362879E-08,-1.4890297E-01
9.367879E-08,-1.4890297E-01
9.372879E-08,-1.4890297E-01
9.377879E-08,-1.4890297E-01
9.382879E-08,-1.4890297E-01
9.387879E-08,-1.4890297E-01
9.392879E-08,-1.4890297E-01
9.397879E-08,-1.4885026E-01
9.402879E-08,-1.4879755E-01
9.407879E-08,-1.4879755E-01
9.412879E-08,-1.4874485E-01
9.417879E-08,-1.4869214E-01
9.422879E-08,-1.4863943E-01
9.427879E-08,-1.4858672E-01
9.432879E-08,-1.4853401E-01
9.437879E-08,-1.4848130E-01
9.442879E-08,-1.4842859E-01
9.447879E-08,-1.4837588E-01
9.452879E-08,-1.4832317E-01
9.457879E-08,-1.4827046E-01
9.462879E-08,-1.4827046E-01
9.467879E-08,-1.4821776E-01
9.472879E-08,-1.4816505E-01
9.477879E-08,-1.4811234E-01
9.482879E-08,-1.4811234E-01
9.487879E-08,-1.4805963E-01
9.492879E-08,-1.4805963E-01
9.497879E-08,-1.4805963E-01
9.502879E-08,-1.4805963E-01
9.507879E-08,-1.4805963E-01
9.512879E-08,-1.4805963E-01
9.517879E-08,-1.4805963E-01
9.522879E-08,-1.4811234E-01
9.527879E-08,-1.4811234E-01
9.532879E-08,-1.4816505E-01
9.537879E-08,-1.4821776E-01
9.542879E-08,-1.4827046E-01
9.547879E-08,-1.4832317E-01
9.552879E-08,-1.4837588E-01
9.557879E-08,-1.4842859E-01
9.562879E-08,-1.4853401E-01
9.567879E-08,-1.4858672E-01
9.572879E-08,-1.4863943E-01
9.577879E-08,-1.4874485E-01
9.582879E-08,-1.4879755E-01
9.587879E-08,-1.4885026E-01
9.592879E-08,-1.4895568E-01
9.597879E-08,-1.4900839E-01
9.602879E-08,-1.4906110E-01
9.607879E-08,-1.4911381E-01
9.612879E-08,-1.4916652E-01
9.617879E-08,-1.4921923E-01
9.622879E-08,-1.4927194E-01
9.627879E-08,-1.4932464E-01
9.632879E-08,-1.4932464E-01
9.637879E-08,-1.4937735E-01
9.642879E-08,-1.4937735E-01
9.647879E-08,-1.4937735E-01
9.652879E-08,-1.4937735E-01
9.657879E-08,-1.4937735E-01
9.662879E-08,-1.4937735E-01
9.667879E-08,-1.4937735E-01
9.672879E-08,-1.4932464E-01
9.677879E-08,-1.4932464E-01
9.682879E-08,-1.4927194E-01
9.687879E-08,-1.4927194E-01
9.692879E-08,-1.4921923E-01
9.697879E-08,-1.4916652E-01
9.702879E-08,-1.4916652E-01
9.707879E-08,-1.4911381E-01
9.712879E-08,-1.4906110E-01
9.717879E-08,-1.4900839E-01
9.722879E-08,-1.4900839E-01
9.727879E-08,-1.4895568E-01
9.732879E-08,-1.4890297E-01
9.737879E-08,-1.4890297E-01
9.742879E-08,-1.4885026E-01
9.747879E-08,-1.4885026E-01
9.752879E-08,-1.4885026E-01
9.757879E-08,-1.4885026E-01
9.762879E-08,-1.4885026E-01
9.767879E-08,-1.4885026E-01
9.772879E-08,-1.4885026E-01
9.777879E-08,-1.4885026E-01
9.782879E-08,-1.4885026E-01
9.787879E-08,-1.4890297E-01
9.792879E-08,-1.4890297E-01
9.797879E-08,-1.4895568E-01
9.802879E-08,-1.4900839E-01
9.807879E-08,-1.4906110E-01
9.812879E-08,-1.4906110E-01
9.817879E-08,-1.4911381E-01
9.822879E-08,-1.4916652E-01
9.827879E-08,-1.4921923E-01
9.832879E-08,-1.4927194E-01
9.837879E-08,-1.4932464E-01
9.842879E-08,-1.4937735E-01
9.847879E-08,-1.4937735E-01
9.852879E-08,-1.4943006E-01
9.857879E-08,-1.4948277E-01
9.862879E-08,-1.4948277E-01
9.867879E-08,-1.4953548E-01
9.872879E-08,-1.4953548E-01
9.877879E-08,-1.4953548E-01
9.882879E-08,-1.4958819E-01
9.887879E-08,-1.4958819E-01
9.892879E-08,-1.4958819E-01
9.897879E-08,-1.4953548E-01
9.902879E-08,-1.4953548E-01
9.907879E-08,-1.4953548E-01
9.912879E-08,-1.4948277E-01
9.917879E-08,-1.4948277E-01
9.922879E-08,-1.4943006E-01
9.927879E-08,-1.4937735E-01
9.932879E-08,-1.4932464E-01
9.937879E-08,-1.4927194E-01
9.942879E-08,-1.4927194E-01
9.947879E-08,-1.4921923E-01
9.952879E-08,-1.4916652E-01
9.957879E-08,-1.4911381E-01
9.962879E-08,-1.4906110E-01
9.967879E-08,-1.4900839E-01
9.972879E-08,-1.4895568E-01
9.977879E-08,-1.4895568E-01
9.982879E-08,-1.4890297E-01
9.987879E-08,-1.4885026E-01
9.992879E-08,-1.4885026E-01
9.997879E-08,-1.4885026E-01
1.0002879E-07,-1.4879755E-01
1.0007879E-07,-1.4879755E-01
1.0012879E-07,-1.4879755E-01
1.0017879E-07,-1.4879755E-01
1.0022879E-07,-1.4879755E-01
1.0027879E-07,-1.4879755E-01
1.0032879E-07,-1.4885026E-01
1.0037879E-07,-1.4885026E-01
1.0042879E-07,-1.4890297E-01
1.0047879E-07,-1.4890297E-01
1.0052879E-07,-1.4895568E-01
1.0057879E-07,-1.4900839E-01
1.0062879E-07,-1.4900839E-01
1.0067879E-07,-1.4906110E-01
1.0072879E-07,-1.4911381E-01
1.0077879E-07,-1.4916652E-01
1.0082879E-07,-1.4916652E-01
1.0087879E-07,-1.4921923E-01
1.0092879E-07,-1.4927194E-01
1.0097879E-07,-1.4932464E-01
1.0102879E-07,-1.4932464E-01
1.0107879E-07,-1.4937735E-01
1.0112879E-07,-1.4937735E-01
1.0117879E-07,-1.4943006E-01
1.0122879E-07,-1.4943006E-01
1.0127879E-07,-1.4948277E-01
1.0132879E-07,-1.4948277E-01
1.0137879E-07,-1.4948277E-01
1.0142879E-07,-1.4948277E-01
1.0147879E-07,-1.4948277E-01
1.0152879E-07,-1.4953548E-01
1.0157879E-07,-1.4953548E-01
1.0162879E-07,-1.4953548E-01
1.0167879E-07,-1.4953548E-01
1.0172879E-07,-1.4953548E-01
1.0177879E-07,-1.4948277E-01
1.0182879E-07,-1.4948277E-01
1.0187879E-07,-1.4948277E-01
1.0192879E-07,-1.4948277E-01
1.0197879E-07,-1.4948277E-01
1.0202879E-07,-1.4948277E-01
1.0207879E-07,-1.4948277E-01
1.0212879E-07,-1.4948277E-01
1.0217879E-07,-1.4948277E-01
1.0222879E-07,-1.4943006E-01
1.0227879E-07,-1.4943006E-01
1.0232879E-07,-1.4943006E-01
1.0237879E-07,-1.4943006E-01
1.0242879E-07,-1.4943006E-01
1.0247879E-07,-1.4943006E-01
1.0252879E-07,-1.4943006E-01
1.0257879E-07,-1.4937735E-01
1.0262879E-07,-1.4937735E-01
1.0267879E-07,-1.4937735E-01
1.0272879E-07,-1.4937735E-01
1.0277879E-07,-1.4932464E-01
1.0282879E-07,-1.4932464E-01
1.0287879E-07,-1.4932464E-01
1.0292879E-07,-1.4927194E-01
1.0297879E-07,-1.4927194E-01
1.0302879E-07,-1.4921923E-01
1.0307879E-07,-1.4916652E-01
1.0312879E-07,-1.4916652E-01
1.0317879E-07,-1.4911381E-01
1.0322879E-07,-1.4906110E-01
1.0327879E-07,-1.4906110E-01
1.0332879E-07,-1.4900839E-01
1.0337879E-07,-1.4895568E-01
1.0342879E-07,-1.4890297E-01
1.0347879E-07,-1.4890297E-01
1.0352879E-07,-1.4885026E-01
1.0357879E-07,-1.4879755E-01
1.0362879E-07,-1.4874485E-01
1.0367879E-07,-1.4874485E-01
1.0372879E-07,-1.4869214E-01
1.0377879E-07,-1.4869214E-01
1.0382879E-07,-1.4863943E-01
1.0387879E-07,-1.4863943E-01
1.0392879E-07,-1.4863943E-01
1.0397879E-07,-1.4863943E-01
1.0402879E-07,-1.4863943E-01
1.0407879E-07,-1.4863943E-01
1.0412879E-07,-1.4863943E-01
1.0417879E-07,-1.4863943E-01
1.0422879E-07,-1.4869214E-01
1.0427879E-07,-1.4869214E-01
1.0432879E-07,-1.4874485E-01
1.0437879E-07,-1.4874485E-01
1.0442879E-07,-1.4879755E-01
1.0447879E-07,-1.4885026E-01
1.0452879E-07,-1.4890297E-01
1.0457879E-07,-1.4895568E-01
1.0462879E-07,-1.4900839E-01
1.0467879E-07,-1.4906110E-01
1.0472879E-07,-1.4911381E-01
1.0477879E-07,-1.4916652E-01
1.0482879E-07,-1.4921923E-01
1.0487879E-07,-1.4927194E-01
1.0492879E-07,-1.4937735E-01
1.0497879E-07,-1.4943006E-01
1.0502879E-07,-1.4948277E-01
1.0507879E-07,-1.4953548E-01
1.0512879E-07,-1.4958819E-01
1.0517879E-07,-1.4964090E-01
1.0522879E-07,-1.4964090E-01
1.0527879E-07,-1.4969361E-01
1.0532879E-07,-1.4974632E-01
1.0537879E-07,-1.4974632E-01
1.0542879E-07,-1.4979903E-01
1.0547879E-07,-1.4979903E-01
1.0552879E-07,-1.4985173E-01
1.0557879E-07,-1.4985173E-01
1.0562879E-07,-1.4985173E-01
1.0567879E-07,-1.4985173E-01
1.0572879E-07,-1.4985173E-01
1.0577879E-07,-1.4985173E-01
1.0582879E-07,-1.4985173E-01
1.0587879E-07,-1.4985173E-01
1.0592879E-07,-1.4985173E-01
1.0597879E-07,-1.4979903E-01
1.0602879E-07,-1.4979903E-01
1.0607879E-07,-1.4979903E-01
1.0612879E-07,-1.4979903E-01
1.0617879E-07,-1.4974632E-01
1.0622879E-07,-1.4974632E-01
1.0627879E-07,-1.4974632E-01
1.0632879E-07,-1.4969361E-01
1.0637879E-07,-1.4969361E-01
1.0642879E-07,-1.4969361E-01
1.0647879E-07,-1.4969361E-01
1.0652879E-07,-1.4964090E-01
1.0657879E-07,-1.4964090E-01
1.0662879E-07,-1.4964090E-01
1.0667879E-07,-1.4964090E-01
1.0672879E-07,-1.4958819E-01
1.0677879E-07,-1.4958819E-01
1.0682879E-07,-1.4958819E-01
1.0687879E-07,-1.4958819E-01
1.0692879E-07,-1.4958819E-01
1.0697879E-07,-1.4953548E-01
1.0702879E-07,-1.4953548E-01
1.0707879E-07,-1.4953548E-01
1.0712879E-07,-1.4953548E-01
1.0717879E-07,-1.4953548E-01
1.0722879E-07,-1.4953548E-01
1.0727879E-07,-1.4948277E-01
1.0732879E-07,-1.4948277E-01
1.0737879E-07,-1.4948277E-01
1.0742879E-07,-1.4948277E-01
1.0747879E-07,-1.4948277E-01
1.0752879E-07,-1.4943006E-01
1.0757879E-07,-1.4943006E-01
1.0762879E-07,-1.4943006E-01
1.0767879E-07,-1.4943006E-01
1.0772879E-07,-1.4937735E-01
1.0777879E-07,-1.4937735E-01
1.0782879E-07,-1.4937735E-01
1.0787879E-07,-1.4932464E-01
1.0792879E-07,-1.4932464E-01
1.0797879E-07,-1.4932464E-01
1.0802879E-07,-1.4927194E-01
1.0807879E-07,-1.4927194E-01
1.0812879E-07,-1.4921923E-01
1.0817879E-07,-1.4921923E-01
1.0822879E-07,-1.4921923E-01
1.0827879E-07,-1.4916652E-01
1.0832879E-07,-1.4916652E-01
1.0837879E-07,-1.4916652E-01
1.0842879E-07,-1.4911381E-01
1.0847879E-07,-1.4911381E-01
1.0852879E-07,-1.4906110E-01
1.0857879E-07,-1.4906110E-01
1.0862879E-07,-1.4906110E-01
1.0867879E-07,-1.4900839E-01
1.0872879E-07,-1.4900839E-01
1.0877879E-07,-1.4900839E-01
1.0882879E-07,-1.4895568E-01
1.0887879E-07,-1.4895568E-01
1.0892879E-07,-1.4895568E-01
1.0897879E-07,-1.4895568E-01
1.0902879E-07,-1.4890297E-01
1.0907879E-07,-1.4890297E-01
1.0912879E-07,-1.4890297E-01
1.0917879E-07,-1.4890297E-01
1.0922879E-07,-1.4890297E-01
1.0927879E-07,-1.4885026E-01
1.0932879E-07,-1.4885026E-01
1.0937879E-07,-1.4885026E-01
1.0942879E-07,-1.4885026E-01
1.0947879E-07,-1.4885026E-01
1.0952879E-07,-1.4885026E-01
1.0957879E-07,-1.4885026E-01
1.0962879E-07,-1.4885026E-01
1.0967879E-07,-1.4885026E-01
1.0972879E-07,-1.4885026E-01
1.0977879E-07,-1.4885026E-01
1.0982879E-07,-1.4885026E-01
1.0987879E-07,-1.4890297E-01
1.0992879E-07,-1.4890297E-01
1.0997879E-07,-1.4890297E-01
1.1002879E-07,-1.4890297E-01
1.1007879E-07,-1.4890297E-01
1.1012879E-07,-1.4895568E-01
1.1017879E-07,-1.4895568E-01
1.1022879E-07,-1.4895568E-01
1.1027879E-07,-1.4895568E-01
1.1032879E-07,-1.4895568E-01
1.1037879E-07,-1.4900839E-01
1.1042879E-07,-1.4900839E-01
1.1047879E-07,-1.4900839E-01
1.1052879E-07,-1.4900839E-01
1.1057879E-07,-1.4900839E-01
1.1062879E-07,-1.4900839E-01
1.1067879E-07,-1.4900839E-01
1.1072879E-07,-1.4900839E-01
1.1077879E-07,-1.4900839E-01
1.1082879E-07,-1.4906110E-01
1.1087879E-07,-1.4906110E-01
1.1092879E-07,-1.4906110E-01
1.1097879E-07,-1.4906110E-01
1.1102879E-07,-1.4906110E-01
1.1107879E-07,-1.4900839E-01
1.1112879E-07,-1.4900839E-01
1.1117879E-07,-1.4900839E-01
1.1122879E-07,-1.4900839E-01
1.1127879E-07,-1.4900839E-01
1.1132879E-07,-1.4900839E-01
1.1137879E-07,-1.4906110E-01
1.1142879E-07,-1.4906110E-01
1.1147879E-07,-1.4906110E-01
1.1152879E-07,-1.4906110E-01
1.1157879E-07,-1.4906110E-01
1.1162879E-07,-1.4906110E-01
1.1167879E-07,-1.4911381E-01
1.1172879E-07,-1.4911381E-01
1.1177879E-07,-1.4911381E-01
1.1182879E-07,-1.4916652E-01
1.1187879E-07,-1.4916652E-01
1.1192879E-07,-1.4921923E-01
1.1197879E-07,-1.4927194E-01
1.1202879E-07,-1.4927194E-01
1.1207879E-07,-1.4932464E-01
1.1212879E-07,-1.4937735E-01
1.1217879E-07,-1.4937735E-01
1.1222879E-07,-1.4943006E-01
1.1227879E-07,-1.4948277E-01
1.1232879E-07,-1.4953548E-01
1.1237879E-07,-1.4953548E-01
1.1242879E-07,-1.4958819E-01
1.1247879E-07,-1.4964090E-01
1.1252879E-07,-1.4969361E-01
1.1257879E-07,-1.4969361E-01
1.1262879E-07,-1.4974632E-01
1.1267879E-07,-1.4974632E-01
1.1272879E-07,-1.4979903E-01
1.1277879E-07,-1.4979903E-01
1.1282879E-07,-1.4985173E-01
1.1287879E-07,-1.4985173E-01
1.1292879E-07,-1.4985173E-01
1.1297879E-07,-1.4985173E-01
1.1302879E-07,-1.4985173E-01
1.1307879E-07,-1.4985173E-01
1.1312879E-07,-1.4985173E-01
1.1317879E-07,-1.4985173E-01
1.1322879E-07,-1.4985173E-01
1.1327879E-07,-1.4985173E-01
1.1332879E-07,-1.4979903E-01
1.1337879E-07,-1.4979903E-01
1.1342879E-07,-1.4974632E-01
1.1347879E-07,-1.4974632E-01
1.1352879E-07,-1.4969361E-01
1.1357879E-07,-1.4969361E-01
1.1362879E-07,-1.4964090E-01
1.1367879E-07,-1.4964090E-01
1.1372879E-07,-1.4958819E-01
1.1377879E-07,-1.4958819E-01
1.1382879E-07,-1.4953548E-01
1.1387879E-07,-1.4953548E-01
1.1392879E-07,-1.4953548E-01
1.1397879E-07,-1.4948277E-01
1.1402879E-07,-1.4948277E-01
1.1407879E-07,-1.4948277E-01
1.1412879E-07,-1.4948277E-01
1.1417879E-07,-1.4948277E-01
1.1422879E-07,-1.4948277E-01
1.1427879E-07,-1.4948277E-01
1.1432879E-07,-1.4948277E-01
1.1437879E-07,-1.4948277E-01
1.1442879E-07,-1.4948277E-01
1.1447879E-07,-1.4948277E-01
1.1452879E-07,-1.4953548E-01
1.1457879E-07,-1.4953548E-01
1.1462879E-07,-1.4953548E-01
1.1467879E-07,-1.4958819E-01
1.1472879E-07,-1.4958819E-01
1.1477879E-07,-1.4964090E-01
1.1482879E-07,-1.4964090E-01
1.1487879E-07,-1.4969361E-01
1.1492879E-07,-1.4969361E-01
1.1497879E-07,-1.4974632E-01
1.1502879E-07,-1.4974632E-01
1.1507879E-07,-1.4979903E-01
1.1512879E-07,-1.4979903E-01
1.1517879E-07,-1.4979903E-01
1.1522879E-07,-1.4985173E-01
1.1527879E-07,-1.4985173E-01
1.1532879E-07,-1.4985173E-01
1.1537879E-07,-1.4985173E-01
1.1542879E-07,-1.4985173E-01
1.1547879E-07,-1.4985173E-01
1.1552879E-07,-1.4985173E-01
1.1557879E-07,-1.4979903E-01
1.1562879E-07,-1.4979903E-01
1.1567879E-07,-1.4979903E-01
1.1572879E-07,-1.4974632E-01
1.1577879E-07,-1.4974632E-01
1.1582879E-07,-1.4969361E-01
1.1587879E-07,-1.4969361E-01
1.1592879E-07,-1.4964090E-01
1.1597879E-07,-1.4958819E-01
1.1602879E-07,-1.4958819E-01
1.1607879E-07,-1.4953548E-01
1.1612879E-07,-1.4948277E-01
1.1617879E-07,-1.4943006E-01
1.1622879E-07,-1.4943006E-01
1.1627879E-07,-1.4937735E-01
1.1632879E-07,-1.4932464E-01
1.1637879E-07,-1.4927194E-01
1.1642879E-07,-1.4927194E-01
1.1647879E-07,-1.4921923E-01
1.1652879E-07,-1.4916652E-01
1.1657879E-07,-1.4916652E-01
1.1662879E-07,-1.4911381E-01
1.1667879E-07,-1.4906110E-01
1.1672879E-07,-1.4906110E-01
1.1677879E-07,-1.4900839E-01
1.1682879E-07,-1.4900839E-01
1.1687879E-07,-1.4900839E-01
1.1692879E-07,-1.4895568E-01
1.1697879E-07,-1.4895568E-01
1.1702879E-07,-1.4895568E-01
1.1707879E-07,-1.4895568E-01
1.1712879E-07,-1.4890297E-01
1.1717879E-07,-1.4890297E-01
1.1722879E-07,-1.4890297E-01
1.1727879E-07,-1.4890297E-01
1.1732879E-07,-1.4890297E-01
1.1737879E-07,-1.4890297E-01
1.1742879E-07,-1.4890297E-01
1.1747879E-07,-1.4890297E-01
1.1752879E-07,-1.4890297E-01
1.1757879E-07,-1.4890297E-01
1.1762879E-07,-1.4890297E-01
1.1767879E-07,-1.4890297E-01
1.1772879E-07,-1.4890297E-01
1.1777879E-07,-1.4890297E-01
1.1782879E-07,-1.4890297E-01
1.1787879E-07,-1.4890297E-01
1.1792879E-07,-1.4890297E-01
1.1797879E-07,-1.4890297E-01
1.1802879E-07,-1.4890297E-01
1.1807879E-07,-1.4890297E-01
1.1812879E-07,-1.4890297E-01
1.1817879E-07,-1.4890297E-01
1.1822879E-07,-1.4890297E-01
1.1827879E-07,-1.4895568E-01
1.1832879E-07,-1.4895568E-01
1.1837879E-07,-1.4895568E-01
1.1842879E-07,-1.4895568E-01
1.1847879E-07,-1.4895568E-01
1.1852879E-07,-1.4895568E-01
1.1857879E-07,-1.4895568E-01
1.1862879E-07,-1.4895568E-01
1.1867879E-07,-1.4895568E-01
1.1872879E-07,-1.4895568E-01
1.1877879E-07,-1.4900839E-01
1.1882879E-07,-1.4900839E-01
1.1887879E-07,-1.4900839E-01
1.1892879E-07,-1.4900839E-01
1.1897879E-07,-1.4906110E-01
1.1902879E-07,-1.4906110E-01
1.1907879E-07,-1.4906110E-01
1.1912879E-07,-1.4911381E-01
1.1917879E-07,-1.4911381E-01
1.1922879E-07,-1.4911381E-01
1.1927879E-07,-1.4916652E-01
1.1932879E-07,-1.4916652E-01
1.1937879E-07,-1.4921923E-01
1.1942879E-07,-1.4921923E-01
1.1947879E-07,-1.4921923E-01
1.1952879E-07,-1.4927194E-01
1.1957879E-07,-1.4927194E-01
1.1962879E-07,-1.4932464E-01
1.1967879E-07,-1.4932464E-01
1.1972879E-07,-1.4932464E-01
1.1977879E-07,-1.4937735E-01
1.1982879E-07,-1.4937735E-01
1.1987879E-07,-1.4937735E-01
1.1992879E-07,-1.4937735E-01
1.1997879E-07,-1.4937735E-01
1.2002879E-07,-1.4937735E-01
1.2007879E-07,-1.4943006E-01
1.2012879E-07,-1.4943006E-01
1.2017879E-07,-1.4943006E-01
1.2022879E-07,-1.4937735E-01
1.2027879E-07,-1.4937735E-01
1.2032879E-07,-1.4937735E-01
1.2037879E-07,-1.4937735E-01
1.2042879E-07,-1.4937735E-01
1.2047879E-07,-1.4937735E-01
1.2052879E-07,-1.4932464E-01
1.2057879E-07,-1.4932464E-01
1.2062879E-07,-1.4932464E-01
1.2067879E-07,-1.4927194E-01
1.2072879E-07,-1.4927194E-01
1.2077879E-07,-1.4927194E-01
1.2082879E-07,-1.4921923E-01
1.2087879E-07,-1.4921923E-01
1.2092879E-07,-1.4921923E-01
1.2097879E-07,-1.4916652E-01
1.2102879E-07,-1.4916652E-01
1.2107879E-07,-1.4916652E-01
1.2112879E-07,-1.4916652E-01
1.2117879E-07,-1.4911381E-01
1.2122879E-07,-1.4911381E-01
1.2127879E-07,-1.4911381E-01
1.2132879E-07,-1.4911381E-01
1.2137879E-07,-1.4911381E-01
1.2142879E-07,-1.4911381E-01
1.2147879E-07,-1.4911381E-01
1.2152879E-07,-1.4911381E-01
1.2157879E-07,-1.4911381E-01
1.2162879E-07,-1.4911381E-01
1.2167879E-07,-1.4911381E-01
1.2172879E-07,-1.4911381E-01
1.2177879E-07,-1.4916652E-01
1.2182879E-07,-1.4916652E-01
1.2187879E-07,-1.4916652E-01
1.2192879E-07,-1.4921923E-01
1.2197879E-07,-1.4921923E-01
1.2202879E-07,-1.4921923E-01
1.2207879E-07,-1.4927194E-01
1.2212879E-07,-1.4927194E-01
1.2217879E-07,-1.4932464E-01
1.2222879E-07,-1.4932464E-01
1.2227879E-07,-1.4937735E-01
1.2232879E-07,-1.4937735E-01
1.2237879E-07,-1.4943006E-01
1.2242879E-07,-1.4943006E-01
1.2247879E-07,-1.4948277E-01
1.2252879E-07,-1.4948277E-01
1.2257879E-07,-1.4948277E-01
1.2262879E-07,-1.4953548E-01
1.2267879E-07,-1.4953548E-01
1.2272879E-07,-1.4953548E-01
1.2277879E-07,-1.4958819E-01
1.2282879E-07,-1.4958819E-01
1.2287879E-07,-1.4958819E-01
1.2292879E-07,-1.4958819E-01
1.2297879E-07,-1.4958819E-01
1.2302879E-07,-1.4958819E-01
1.2307879E-07,-1.4964090E-01
1.2312879E-07,-1.4964090E-01
1.2317879E-07,-1.4964090E-01
1.2322879E-07,-1.4964090E-01
1.2327879E-07,-1.4964090E-01
1.2332879E-07,-1.4964090E-01
1.2337879E-07,-1.4964090E-01
1.2342879E-07,-1.4964090E-01
1.2347879E-07,-1.4964090E-01
1.2352879E-07,-1.4964090E-01
1.2357879E-07,-1.4964090E-01
1.2362879E-07,-1.4964090E-01
1.2367879E-07,-1.4964090E-01
1.2372879E-07,-1.4964090E-01
1.2377879E-07,-1.4964090E-01
1.2382879E-07,-1.4964090E-01
1.2387879E-07,-1.4964090E-01
1.2392879E-07,-1.4964090E-01
1.2397879E-07,-1.4964090E-01
1.2402879E-07,-1.4964090E-01
1.2407879E-07,-1.4969361E-01
1.2412879E-07,-1.4969361E-01
1.2417879E-07,-1.4969361E-01
1.2422879E-07,-1.4969361E-01
1.2427879E-07,-1.4974632E-01
1.2432879E-07,-1.4974632E-01
1.2437879E-07,-1.4979903E-01
1.2442879E-07,-1.4979903E-01
1.2447879E-07,-1.4979903E-01
1.2452879E-07,-1.4985173E-01
1.2457879E-07,-1.4985173E-01
1.2462879E-07,-1.4990444E-01
1.2467879E-07,-1.4990444E-01
1.2472879E-07,-1.4995715E-01
1.2477879E-07,-1.4995715E-01
1.2482879E-07,-1.5000986E-01
1.2487879E-07,-1.5000986E-01
1.2492879E-07,-1.5000986E-01
1.2497879E-07,-1.5006257E-01
1.2502879E-07,-1.5006257E-01
1.2507879E-07,-1.5006257E-01
1.2512879E-07,-1.5006257E-01
1.2517879E-07,-1.5006257E-01
1.2522879E-07,-1.5006257E-01
1.2527879E-07,-1.5006257E-01
1.2532879E-07,-1.5006257E-01
1.2537879E-07,-1.5006257E-01
1.2542879E-07,-1.5000986E-01
1.2547879E-07,-1.5000986E-01
1.2552879E-07,-1.4995715E-01
1.2557879E-07,-1.4995715E-01
1.2562879E-07,-1.4990444E-01
1.2567879E-07,-1.4990444E-01
1.2572879E-07,-1.4985173E-01
1.2577879E-07,-1.4985173E-01
1.2582879E-07,-1.4979903E-01
1.2587879E-07,-1.4974632E-01
1.2592879E-07,-1.4974632E-01
1.2597879E-07,-1.4969361E-01
1.2602879E-07,-1.4969361E-01
1.2607879E-07,-1.4964090E-01
1.2612879E-07,-1.4964090E-01
1.2617879E-07,-1.4964090E-01
1.2622879E-07,-1.4958819E-01
1.2627879E-07,-1.4958819E-01
1.2632879E-07,-1.4958819E-01
1.2637879E-07,-1.4958819E-01
1.2642879E-07,-1.4958819E-01
1.2647879E-07,-1.4964090E-01
1.2652879E-07,-1.4964090E-01
1.2657879E-07,-1.4964090E-01
1.2662879E-07,-1.4969361E-01
1.2667879E-07,-1.4974632E-01
1.2672879E-07,-1.4974632E-01
1.2677879E-07,-1.4979903E-01
1.2682879E-07,-1.4985173E-01
1.2687879E-07,-1.4990444E-01
1.2692879E-07,-1.4995715E-01
1.2697879E-07,-1.5000986E-01
1.2702879E-07,-1.5006257E-01
1.2707879E-07,-1.5016799E-01
1.2712879E-07,-1.5022070E-01
1.2717879E-07,-1.5027341E-01
1.2722879E-07,-1.5032612E-01
1.2727879E-07,-1.5037883E-01
1.2732879E-07,-1.5043153E-01
1.2737879E-07,-1.5048424E-01
1.2742879E-07,-1.5053695E-01
1.2747879E-07,-1.5058966E-01
1.2752879E-07,-1.5058966E-01
1.2757879E-07,-1.5064237E-01
1.2762879E-07,-1.5064237E-01
1.2767879E-07,-1.5069508E-01
1.2772879E-07,-1.5069508E-01
1.2777879E-07,-1.5069508E-01
1.2782879E-07,-1.5069508E-01
1.2787879E-07,-1.5064237E-01
1.2792879E-07,-1.5064237E-01
1.2797879E-07,-1.5064237E-01
1.2802879E-07,-1.5058966E-01
1.2807879E-07,-1.5053695E-01
1.2812879E-07,-1.5048424E-01
1.2817879E-07,-1.5043153E-01
1.2822879E-07,-1.5037883E-01
1.2827879E-07,-1.5032612E-01
1.2832879E-07,-1.5027341E-01
1.2837879E-07,-1.5022070E-01
1.2842879E-07,-1.5016799E-01
1.2847879E-07,-1.5011528E-01
1.2852879E-07,-1.5006257E-01
1.2857879E-07,-1.5000986E-01
1.2862879E-07,-1.4995715E-01
1.2867879E-07,-1.4990444E-01
1.2872879E-07,-1.4985173E-01
