-7.139448E-08,-1.4921923E-01
-7.134448E-08,-1.4921923E-01
-7.129448E-08,-1.4927194E-01
-7.124448E-08,-1.4932464E-01
-7.119448E-08,-1.4932464E-01
-7.114448E-08,-1.4932464E-01
-7.109448E-08,-1.4937735E-01
-7.104448E-08,-1.4937735E-01
-7.099448E-08,-1.4937735E-01
-7.094448E-08,-1.4937735E-01
-7.089448E-08,-1.4937735E-01
-7.084448E-08,-1.4932464E-01
-7.079448E-08,-1.4932464E-01
-7.074448E-08,-1.4932464E-01
-7.069448E-08,-1.4927194E-01
-7.064448E-08,-1.4927194E-01
-7.059448E-08,-1.4921923E-01
-7.054448E-08,-1.4921923E-01
-7.049448E-08,-1.4916652E-01
-7.044448E-08,-1.4911381E-01
-7.039448E-08,-1.4911381E-01
-7.034448E-08,-1.4906110E-01
-7.029448E-08,-1.4906110E-01
-7.024448E-08,-1.4900839E-01
-7.019448E-08,-1.4900839E-01
-7.014448E-08,-1.4895568E-01
-7.009448E-08,-1.4895568E-01
-7.004448E-08,-1.4895568E-01
-6.999448E-08,-1.4895568E-01
-6.994448E-08,-1.4895568E-01
-6.989448E-08,-1.4895568E-01
-6.984448E-08,-1.4895568E-01
-6.979448E-08,-1.4895568E-01
-6.974448E-08,-1.4900839E-01
-6.969448E-08,-1.4900839E-01
-6.964448E-08,-1.4906110E-01
-6.959448E-08,-1.4906110E-01
-6.954448E-08,-1.4911381E-01
-6.949448E-08,-1.4911381E-01
-6.944448E-08,-1.4916652E-01
-6.939448E-08,-1.4921923E-01
-6.934448E-08,-1.4927194E-01
-6.929448E-08,-1.4927194E-01
-6.924448E-08,-1.4932464E-01
-6.919448E-08,-1.4937735E-01
-6.914448E-08,-1.4943006E-01
-6.909448E-08,-1.4943006E-01
-6.904448E-08,-1.4948277E-01
-6.899448E-08,-1.4953548E-01
-6.894448E-08,-1.4953548E-01
-6.889448E-08,-1.4958819E-01
-6.884448E-08,-1.4958819E-01
-6.879448E-08,-1.4964090E-01
-6.874448E-08,-1.4964090E-01
-6.869448E-08,-1.4964090E-01
-6.864448E-08,-1.4969361E-01
-6.859448E-08,-1.4969361E-01
-6.854448E-08,-1.4969361E-01
-6.849448E-08,-1.4969361E-01
-6.844448E-08,-1.4969361E-01
-6.839448E-08,-1.4969361E-01
-6.834448E-08,-1.4969361E-01
-6.829448E-08,-1.4964090E-01
-6.824448E-08,-1.4964090E-01
-6.819448E-08,-1.4964090E-01
-6.814448E-08,-1.4964090E-01
-6.809448E-08,-1.4958819E-01
-6.804448E-08,-1.4958819E-01
-6.799448E-08,-1.4958819E-01
-6.794448E-08,-1.4958819E-01
-6.789448E-08,-1.4953548E-01
-6.784448E-08,-1.4953548E-01
-6.779448E-08,-1.4953548E-01
-6.774448E-08,-1.4953548E-01
-6.769448E-08,-1.4953548E-01
-6.764448E-08,-1.4948277E-01
-6.759448E-08,-1.4948277E-01
-6.754448E-08,-1.4948277E-01
-6.749448E-08,-1.4948277E-01
-6.744448E-08,-1.4948277E-01
-6.739448E-08,-1.4948277E-01
-6.734448E-08,-1.4948277E-01
-6.729448E-08,-1.4948277E-01
-6.724448E-08,-1.4948277E-01
-6.719448E-08,-1.4948277E-01
-6.714448E-08,-1.4948277E-01
-6.709448E-08,-1.4948277E-01
-6.704448E-08,-1.4948277E-01
-6.699448E-08,-1.4948277E-01
-6.694448E-08,-1.4948277E-01
-6.689448E-08,-1.4948277E-01
-6.684448E-08,-1.4948277E-01
-6.679448E-08,-1.4948277E-01
-6.674448E-08,-1.4948277E-01
-6.669448E-08,-1.4943006E-01
-6.664448E-08,-1.4943006E-01
-6.659448E-08,-1.4943006E-01
-6.654448E-08,-1.4943006E-01
-6.649448E-08,-1.4943006E-01
-6.644448E-08,-1.4943006E-01
-6.639448E-08,-1.4943006E-01
-6.634448E-08,-1.4937735E-01
-6.629448E-08,-1.4937735E-01
-6.624448E-08,-1.4937735E-01
-6.619448E-08,-1.4932464E-01
-6.614448E-08,-1.4932464E-01
-6.609448E-08,-1.4932464E-01
-6.604448E-08,-1.4927194E-01
-6.599448E-08,-1.4927194E-01
-6.594448E-08,-1.4921923E-01
-6.589448E-08,-1.4921923E-01
-6.584448E-08,-1.4916652E-01
-6.579448E-08,-1.4916652E-01
-6.574448E-08,-1.4911381E-01
-6.569448E-08,-1.4911381E-01
-6.564448E-08,-1.4906110E-01
-6.559448E-08,-1.4900839E-01
-6.554448E-08,-1.4900839E-01
-6.549448E-08,-1.4895568E-01
-6.544448E-08,-1.4890297E-01
-6.539448E-08,-1.4890297E-01
-6.534448E-08,-1.4885026E-01
-6.529448E-08,-1.4879755E-01
-6.524448E-08,-1.4874485E-01
-6.519448E-08,-1.4874485E-01
-6.514448E-08,-1.4869214E-01
-6.509448E-08,-1.4863943E-01
-6.504448E-08,-1.4858672E-01
-6.499448E-08,-1.4858672E-01
-6.494448E-08,-1.4853401E-01
-6.489448E-08,-1.4853401E-01
-6.484448E-08,-1.4848130E-01
-6.479448E-08,-1.4848130E-01
-6.474448E-08,-1.4842859E-01
-6.469448E-08,-1.4842859E-01
-6.464448E-08,-1.4842859E-01
-6.459448E-08,-1.4842859E-01
-6.454448E-08,-1.4842859E-01
-6.449448E-08,-1.4842859E-01
-6.444448E-08,-1.4842859E-01
-6.439448E-08,-1.4842859E-01
-6.434448E-08,-1.4842859E-01
-6.429448E-08,-1.4848130E-01
-6.424448E-08,-1.4848130E-01
-6.419448E-08,-1.4853401E-01
-6.414448E-08,-1.4853401E-01
-6.409448E-08,-1.4858672E-01
-6.404448E-08,-1.4858672E-01
-6.399448E-08,-1.4863943E-01
-6.394448E-08,-1.4869214E-01
-6.389448E-08,-1.4874485E-01
-6.384448E-08,-1.4874485E-01
-6.379448E-08,-1.4879755E-01
-6.374448E-08,-1.4885026E-01
-6.369448E-08,-1.4885026E-01
-6.364448E-08,-1.4890297E-01
-6.359448E-08,-1.4895568E-01
-6.354448E-08,-1.4895568E-01
-6.349448E-08,-1.4900839E-01
-6.344448E-08,-1.4900839E-01
-6.339448E-08,-1.4906110E-01
-6.334448E-08,-1.4906110E-01
-6.329448E-08,-1.4906110E-01
-6.324448E-08,-1.4906110E-01
-6.319448E-08,-1.4911381E-01
-6.314448E-08,-1.4911381E-01
-6.309448E-08,-1.4911381E-01
-6.304448E-08,-1.4911381E-01
-6.299448E-08,-1.4911381E-01
-6.294448E-08,-1.4906110E-01
-6.289448E-08,-1.4906110E-01
-6.284448E-08,-1.4906110E-01
-6.279448E-08,-1.4906110E-01
-6.274448E-08,-1.4906110E-01
-6.269448E-08,-1.4906110E-01
-6.264448E-08,-1.4900839E-01
-6.259448E-08,-1.4900839E-01
-6.254448E-08,-1.4900839E-01
-6.249448E-08,-1.4900839E-01
-6.244448E-08,-1.4900839E-01
-6.239448E-08,-1.4900839E-01
-6.234448E-08,-1.4900839E-01
-6.229448E-08,-1.4900839E-01
-6.224448E-08,-1.4900839E-01
-6.219448E-08,-1.4906110E-01
-6.214448E-08,-1.4906110E-01
-6.209448E-08,-1.4906110E-01
-6.204448E-08,-1.4906110E-01
-6.199448E-08,-1.4911381E-01
-6.194448E-08,-1.4911381E-01
-6.189448E-08,-1.4911381E-01
-6.184448E-08,-1.4916652E-01
-6.179448E-08,-1.4916652E-01
-6.174448E-08,-1.4921923E-01
-6.169448E-08,-1.4921923E-01
-6.164448E-08,-1.4921923E-01
-6.159448E-08,-1.4921923E-01
-6.154448E-08,-1.4927194E-01
-6.149448E-08,-1.4927194E-01
-6.144448E-08,-1.4927194E-01
-6.139448E-08,-1.4927194E-01
-6.134448E-08,-1.4927194E-01
-6.129448E-08,-1.4927194E-01
-6.124448E-08,-1.4921923E-01
-6.119448E-08,-1.4921923E-01
-6.114448E-08,-1.4921923E-01
-6.109448E-08,-1.4916652E-01
-6.104448E-08,-1.4916652E-01
-6.099448E-08,-1.4911381E-01
-6.094448E-08,-1.4911381E-01
-6.089448E-08,-1.4906110E-01
-6.084448E-08,-1.4906110E-01
-6.079448E-08,-1.4900839E-01
-6.074448E-08,-1.4895568E-01
-6.069448E-08,-1.4895568E-01
-6.064448E-08,-1.4895568E-01
-6.059448E-08,-1.4890297E-01
-6.054448E-08,-1.4890297E-01
-6.049448E-08,-1.4890297E-01
-6.044448E-08,-1.4885026E-01
-6.039448E-08,-1.4885026E-01
-6.034448E-08,-1.4885026E-01
-6.029448E-08,-1.4890297E-01
-6.024448E-08,-1.4890297E-01
-6.019448E-08,-1.4890297E-01
-6.014448E-08,-1.4895568E-01
-6.009448E-08,-1.4895568E-01
-6.004448E-08,-1.4900839E-01
-5.999448E-08,-1.4906110E-01
-5.994448E-08,-1.4911381E-01
-5.989448E-08,-1.4916652E-01
-5.984448E-08,-1.4921923E-01
-5.979448E-08,-1.4927194E-01
-5.974448E-08,-1.4932464E-01
-5.969448E-08,-1.4937735E-01
-5.964448E-08,-1.4943006E-01
-5.959448E-08,-1.4948277E-01
-5.954448E-08,-1.4953548E-01
-5.949448E-08,-1.4958819E-01
-5.944448E-08,-1.4964090E-01
-5.939448E-08,-1.4969361E-01
-5.934448E-08,-1.4969361E-01
-5.929448E-08,-1.4974632E-01
-5.924448E-08,-1.4979903E-01
-5.919448E-08,-1.4979903E-01
-5.914448E-08,-1.4979903E-01
-5.909448E-08,-1.4985173E-01
-5.904448E-08,-1.4985173E-01
-5.899448E-08,-1.4985173E-01
-5.894448E-08,-1.4985173E-01
-5.889448E-08,-1.4979903E-01
-5.884448E-08,-1.4979903E-01
-5.879448E-08,-1.4979903E-01
-5.874448E-08,-1.4974632E-01
-5.869448E-08,-1.4974632E-01
-5.864448E-08,-1.4969361E-01
-5.859448E-08,-1.4969361E-01
-5.854448E-08,-1.4964090E-01
-5.849448E-08,-1.4964090E-01
-5.844448E-08,-1.4958819E-01
-5.839448E-08,-1.4958819E-01
-5.834448E-08,-1.4958819E-01
-5.829448E-08,-1.4953548E-01
-5.824448E-08,-1.4953548E-01
-5.819448E-08,-1.4953548E-01
-5.814448E-08,-1.4953548E-01
-5.809448E-08,-1.4953548E-01
-5.804448E-08,-1.4953548E-01
-5.799448E-08,-1.4953548E-01
-5.794448E-08,-1.4953548E-01
-5.789448E-08,-1.4953548E-01
-5.784448E-08,-1.4958819E-01
-5.779448E-08,-1.4958819E-01
-5.774448E-08,-1.4964090E-01
-5.769448E-08,-1.4964090E-01
-5.764448E-08,-1.4969361E-01
-5.759448E-08,-1.4969361E-01
-5.754448E-08,-1.4974632E-01
-5.749448E-08,-1.4974632E-01
-5.744448E-08,-1.4979903E-01
-5.739448E-08,-1.4979903E-01
-5.734448E-08,-1.4979903E-01
-5.729448E-08,-1.4985173E-01
-5.724448E-08,-1.4985173E-01
-5.719448E-08,-1.4985173E-01
-5.714448E-08,-1.4985173E-01
-5.709448E-08,-1.4985173E-01
-5.704448E-08,-1.4985173E-01
-5.699448E-08,-1.4979903E-01
-5.694448E-08,-1.4979903E-01
-5.689448E-08,-1.4974632E-01
-5.684448E-08,-1.4974632E-01
-5.679448E-08,-1.4969361E-01
-5.674448E-08,-1.4964090E-01
-5.669448E-08,-1.4958819E-01
-5.664448E-08,-1.4953548E-01
-5.659448E-08,-1.4953548E-01
-5.654448E-08,-1.4948277E-01
-5.649448E-08,-1.4943006E-01
-5.644448E-08,-1.4937735E-01
-5.639448E-08,-1.4932464E-01
-5.634448E-08,-1.4932464E-01
-5.629448E-08,-1.4927194E-01
-5.624448E-08,-1.4921923E-01
-5.619448E-08,-1.4921923E-01
-5.614448E-08,-1.4921923E-01
-5.609448E-08,-1.4921923E-01
-5.604448E-08,-1.4921923E-01
-5.599448E-08,-1.4921923E-01
-5.594448E-08,-1.4921923E-01
-5.589448E-08,-1.4921923E-01
-5.584448E-08,-1.4927194E-01
-5.579448E-08,-1.4927194E-01
-5.574448E-08,-1.4932464E-01
-5.569448E-08,-1.4937735E-01
-5.564448E-08,-1.4943006E-01
-5.559448E-08,-1.4948277E-01
-5.554448E-08,-1.4953548E-01
-5.549448E-08,-1.4958819E-01
-5.544448E-08,-1.4964090E-01
-5.539448E-08,-1.4969361E-01
-5.534448E-08,-1.4974632E-01
-5.529448E-08,-1.4979903E-01
-5.524448E-08,-1.4985173E-01
-5.519448E-08,-1.4985173E-01
-5.514448E-08,-1.4990444E-01
-5.509448E-08,-1.4995715E-01
-5.504448E-08,-1.4995715E-01
-5.499448E-08,-1.5000986E-01
-5.494448E-08,-1.5000986E-01
-5.489448E-08,-1.5000986E-01
-5.484448E-08,-1.5000986E-01
-5.479448E-08,-1.5000986E-01
-5.474448E-08,-1.5000986E-01
-5.469448E-08,-1.5000986E-01
-5.464448E-08,-1.4995715E-01
-5.459448E-08,-1.4995715E-01
-5.454448E-08,-1.4990444E-01
-5.449448E-08,-1.4985173E-01
-5.444448E-08,-1.4979903E-01
-5.439448E-08,-1.4974632E-01
-5.434448E-08,-1.4969361E-01
-5.429448E-08,-1.4964090E-01
-5.424448E-08,-1.4964090E-01
-5.419448E-08,-1.4958819E-01
-5.414448E-08,-1.4953548E-01
-5.409448E-08,-1.4948277E-01
-5.404448E-08,-1.4943006E-01
-5.399448E-08,-1.4943006E-01
-5.394448E-08,-1.4937735E-01
-5.389448E-08,-1.4932464E-01
-5.384448E-08,-1.4932464E-01
-5.379448E-08,-1.4932464E-01
-5.374448E-08,-1.4932464E-01
-5.369448E-08,-1.4932464E-01
-5.364448E-08,-1.4932464E-01
-5.359448E-08,-1.4932464E-01
-5.354448E-08,-1.4937735E-01
-5.349448E-08,-1.4937735E-01
-5.344448E-08,-1.4943006E-01
-5.339448E-08,-1.4948277E-01
-5.334448E-08,-1.4948277E-01
-5.329448E-08,-1.4953548E-01
-5.324448E-08,-1.4958819E-01
-5.319448E-08,-1.4964090E-01
-5.314448E-08,-1.4969361E-01
-5.309448E-08,-1.4974632E-01
-5.304448E-08,-1.4974632E-01
-5.299448E-08,-1.4979903E-01
-5.294448E-08,-1.4985173E-01
-5.289448E-08,-1.4985173E-01
-5.284448E-08,-1.4990444E-01
-5.279448E-08,-1.4990444E-01
-5.274448E-08,-1.4995715E-01
-5.269448E-08,-1.4995715E-01
-5.264448E-08,-1.4995715E-01
-5.259448E-08,-1.4995715E-01
-5.254448E-08,-1.4995715E-01
-5.249448E-08,-1.4995715E-01
-5.244448E-08,-1.4995715E-01
-5.239448E-08,-1.4995715E-01
-5.234448E-08,-1.4995715E-01
-5.229448E-08,-1.4995715E-01
-5.224448E-08,-1.4990444E-01
-5.219448E-08,-1.4990444E-01
-5.214448E-08,-1.4990444E-01
-5.209448E-08,-1.4985173E-01
-5.204448E-08,-1.4985173E-01
-5.199448E-08,-1.4985173E-01
-5.194448E-08,-1.4979903E-01
-5.189448E-08,-1.4979903E-01
-5.184448E-08,-1.4979903E-01
-5.179448E-08,-1.4979903E-01
-5.174448E-08,-1.4979903E-01
-5.169448E-08,-1.4979903E-01
-5.164448E-08,-1.4979903E-01
-5.159448E-08,-1.4979903E-01
-5.154448E-08,-1.4979903E-01
-5.149448E-08,-1.4979903E-01
-5.144448E-08,-1.4985173E-01
-5.139448E-08,-1.4985173E-01
-5.134448E-08,-1.4990444E-01
-5.129448E-08,-1.4990444E-01
-5.124448E-08,-1.4990444E-01
-5.119448E-08,-1.4995715E-01
-5.114448E-08,-1.4995715E-01
-5.109448E-08,-1.5000986E-01
-5.104448E-08,-1.5000986E-01
-5.099448E-08,-1.5000986E-01
-5.094448E-08,-1.5000986E-01
-5.089448E-08,-1.5006257E-01
-5.084448E-08,-1.5006257E-01
-5.079448E-08,-1.5006257E-01
-5.074448E-08,-1.5006257E-01
-5.069448E-08,-1.5000986E-01
-5.064448E-08,-1.5000986E-01
-5.059448E-08,-1.5000986E-01
-5.054448E-08,-1.4995715E-01
-5.049448E-08,-1.4995715E-01
-5.044448E-08,-1.4990444E-01
-5.039448E-08,-1.4990444E-01
-5.034448E-08,-1.4985173E-01
-5.029448E-08,-1.4979903E-01
-5.024448E-08,-1.4974632E-01
-5.019448E-08,-1.4969361E-01
-5.014448E-08,-1.4964090E-01
-5.009448E-08,-1.4964090E-01
-5.004448E-08,-1.4958819E-01
-4.999448E-08,-1.4953548E-01
-4.994448E-08,-1.4948277E-01
-4.989448E-08,-1.4948277E-01
-4.984448E-08,-1.4943006E-01
-4.979448E-08,-1.4937735E-01
-4.974448E-08,-1.4937735E-01
-4.969448E-08,-1.4937735E-01
-4.964448E-08,-1.4932464E-01
-4.959448E-08,-1.4932464E-01
-4.954448E-08,-1.4932464E-01
-4.949448E-08,-1.4932464E-01
-4.944448E-08,-1.4937735E-01
-4.939448E-08,-1.4937735E-01
-4.934448E-08,-1.4943006E-01
-4.929448E-08,-1.4943006E-01
-4.924448E-08,-1.4948277E-01
-4.919448E-08,-1.4948277E-01
-4.914448E-08,-1.4953548E-01
-4.909448E-08,-1.4958819E-01
-4.904448E-08,-1.4964090E-01
-4.899448E-08,-1.4969361E-01
-4.894448E-08,-1.4974632E-01
-4.889448E-08,-1.4979903E-01
-4.884448E-08,-1.4979903E-01
-4.879448E-08,-1.4985173E-01
-4.874448E-08,-1.4990444E-01
-4.869448E-08,-1.4995715E-01
-4.864448E-08,-1.4995715E-01
-4.859448E-08,-1.5000986E-01
-4.854448E-08,-1.5000986E-01
-4.849448E-08,-1.5006257E-01
-4.844448E-08,-1.5006257E-01
-4.839448E-08,-1.5006257E-01
-4.834448E-08,-1.5006257E-01
-4.829448E-08,-1.5006257E-01
-4.824448E-08,-1.5006257E-01
-4.819448E-08,-1.5006257E-01
-4.814448E-08,-1.5006257E-01
-4.809448E-08,-1.5000986E-01
-4.804448E-08,-1.5000986E-01
-4.799448E-08,-1.4995715E-01
-4.794448E-08,-1.4995715E-01
-4.789448E-08,-1.4990444E-01
-4.784448E-08,-1.4990444E-01
-4.779448E-08,-1.4985173E-01
-4.774448E-08,-1.4985173E-01
-4.769448E-08,-1.4979903E-01
-4.764448E-08,-1.4979903E-01
-4.759448E-08,-1.4974632E-01
-4.754448E-08,-1.4974632E-01
-4.749448E-08,-1.4969361E-01
-4.744448E-08,-1.4969361E-01
-4.739448E-08,-1.4964090E-01
-4.734448E-08,-1.4964090E-01
-4.729448E-08,-1.4964090E-01
-4.724448E-08,-1.4958819E-01
-4.719448E-08,-1.4958819E-01
-4.714448E-08,-1.4958819E-01
-4.709448E-08,-1.4958819E-01
-4.704448E-08,-1.4953548E-01
-4.699448E-08,-1.4953548E-01
-4.694448E-08,-1.4953548E-01
-4.689448E-08,-1.4948277E-01
-4.684448E-08,-1.4948277E-01
-4.679448E-08,-1.4948277E-01
-4.674448E-08,-1.4943006E-01
-4.669448E-08,-1.4943006E-01
-4.664448E-08,-1.4937735E-01
-4.659448E-08,-1.4937735E-01
-4.654448E-08,-1.4932464E-01
-4.649448E-08,-1.4932464E-01
-4.644448E-08,-1.4927194E-01
-4.639448E-08,-1.4921923E-01
-4.634448E-08,-1.4916652E-01
-4.629448E-08,-1.4916652E-01
-4.624448E-08,-1.4911381E-01
-4.619448E-08,-1.4906110E-01
-4.614448E-08,-1.4900839E-01
-4.609448E-08,-1.4895568E-01
-4.604448E-08,-1.4895568E-01
-4.599448E-08,-1.4890297E-01
-4.594448E-08,-1.4885026E-01
-4.589448E-08,-1.4879755E-01
-4.584448E-08,-1.4879755E-01
-4.579448E-08,-1.4874485E-01
-4.574448E-08,-1.4874485E-01
-4.569448E-08,-1.4869214E-01
-4.564448E-08,-1.4869214E-01
-4.559448E-08,-1.4869214E-01
-4.554448E-08,-1.4869214E-01
-4.549448E-08,-1.4869214E-01
-4.544448E-08,-1.4869214E-01
-4.539448E-08,-1.4869214E-01
-4.534448E-08,-1.4869214E-01
-4.529448E-08,-1.4874485E-01
-4.524448E-08,-1.4874485E-01
-4.519448E-08,-1.4879755E-01
-4.514448E-08,-1.4879755E-01
-4.509448E-08,-1.4885026E-01
-4.504448E-08,-1.4890297E-01
-4.499448E-08,-1.4895568E-01
-4.494448E-08,-1.4900839E-01
-4.489448E-08,-1.4906110E-01
-4.484448E-08,-1.4911381E-01
-4.479448E-08,-1.4916652E-01
-4.474448E-08,-1.4916652E-01
-4.469448E-08,-1.4921923E-01
-4.464448E-08,-1.4927194E-01
-4.459448E-08,-1.4932464E-01
-4.454448E-08,-1.4937735E-01
-4.449448E-08,-1.4937735E-01
-4.444448E-08,-1.4943006E-01
-4.439448E-08,-1.4943006E-01
-4.434448E-08,-1.4948277E-01
-4.429448E-08,-1.4948277E-01
-4.424448E-08,-1.4948277E-01
-4.419448E-08,-1.4948277E-01
-4.414448E-08,-1.4948277E-01
-4.409448E-08,-1.4948277E-01
-4.404448E-08,-1.4948277E-01
-4.399448E-08,-1.4948277E-01
-4.394448E-08,-1.4943006E-01
-4.389448E-08,-1.4943006E-01
-4.384448E-08,-1.4943006E-01
-4.379448E-08,-1.4937735E-01
-4.374448E-08,-1.4937735E-01
-4.369448E-08,-1.4937735E-01
-4.364448E-08,-1.4932464E-01
-4.359448E-08,-1.4932464E-01
-4.354448E-08,-1.4932464E-01
-4.349448E-08,-1.4927194E-01
-4.344448E-08,-1.4927194E-01
-4.339448E-08,-1.4927194E-01
-4.334448E-08,-1.4921923E-01
-4.329448E-08,-1.4921923E-01
-4.324448E-08,-1.4921923E-01
-4.319448E-08,-1.4921923E-01
-4.314448E-08,-1.4921923E-01
-4.309448E-08,-1.4921923E-01
-4.304448E-08,-1.4921923E-01
-4.299448E-08,-1.4921923E-01
-4.294448E-08,-1.4921923E-01
-4.289448E-08,-1.4921923E-01
-4.284448E-08,-1.4921923E-01
-4.279448E-08,-1.4921923E-01
-4.274448E-08,-1.4921923E-01
-4.269448E-08,-1.4921923E-01
-4.264448E-08,-1.4921923E-01
-4.259448E-08,-1.4921923E-01
-4.254448E-08,-1.4921923E-01
-4.249448E-08,-1.4921923E-01
-4.244448E-08,-1.4921923E-01
-4.239448E-08,-1.4916652E-01
-4.234448E-08,-1.4916652E-01
-4.229448E-08,-1.4916652E-01
-4.224448E-08,-1.4916652E-01
-4.219448E-08,-1.4911381E-01
-4.214448E-08,-1.4911381E-01
-4.209448E-08,-1.4911381E-01
-4.204448E-08,-1.4906110E-01
-4.199448E-08,-1.4906110E-01
-4.194448E-08,-1.4900839E-01
-4.189448E-08,-1.4900839E-01
-4.184448E-08,-1.4895568E-01
-4.179448E-08,-1.4895568E-01
-4.174448E-08,-1.4895568E-01
-4.169448E-08,-1.4890297E-01
-4.164448E-08,-1.4890297E-01
-4.159448E-08,-1.4890297E-01
-4.154448E-08,-1.4885026E-01
-4.149448E-08,-1.4885026E-01
-4.144448E-08,-1.4885026E-01
-4.139448E-08,-1.4885026E-01
-4.134448E-08,-1.4885026E-01
-4.129448E-08,-1.4885026E-01
-4.124448E-08,-1.4885026E-01
-4.119448E-08,-1.4885026E-01
-4.114448E-08,-1.4885026E-01
-4.109448E-08,-1.4890297E-01
-4.104448E-08,-1.4890297E-01
-4.099448E-08,-1.4895568E-01
-4.094448E-08,-1.4895568E-01
-4.089448E-08,-1.4900839E-01
-4.084448E-08,-1.4900839E-01
-4.079448E-08,-1.4906110E-01
-4.074448E-08,-1.4911381E-01
-4.069448E-08,-1.4916652E-01
-4.064448E-08,-1.4916652E-01
-4.059448E-08,-1.4921923E-01
-4.054448E-08,-1.4927194E-01
-4.049448E-08,-1.4932464E-01
-4.044448E-08,-1.4932464E-01
-4.039448E-08,-1.4937735E-01
-4.034448E-08,-1.4943006E-01
-4.029448E-08,-1.4943006E-01
-4.024448E-08,-1.4948277E-01
-4.019448E-08,-1.4953548E-01
-4.014448E-08,-1.4953548E-01
-4.009448E-08,-1.4958819E-01
-4.004448E-08,-1.4958819E-01
-3.999448E-08,-1.4964090E-01
-3.994448E-08,-1.4964090E-01
-3.989448E-08,-1.4969361E-01
-3.984448E-08,-1.4969361E-01
-3.979448E-08,-1.4969361E-01
-3.974448E-08,-1.4974632E-01
-3.969448E-08,-1.4974632E-01
-3.964448E-08,-1.4979903E-01
-3.959448E-08,-1.4979903E-01
-3.954448E-08,-1.4979903E-01
-3.949448E-08,-1.4985173E-01
-3.944448E-08,-1.4985173E-01
-3.939448E-08,-1.4985173E-01
-3.934448E-08,-1.4990444E-01
-3.929448E-08,-1.4990444E-01
-3.924448E-08,-1.4995715E-01
-3.919448E-08,-1.4995715E-01
-3.914448E-08,-1.5000986E-01
-3.909448E-08,-1.5000986E-01
-3.904448E-08,-1.5006257E-01
-3.899448E-08,-1.5006257E-01
-3.894448E-08,-1.5011528E-01
-3.889448E-08,-1.5016799E-01
-3.884448E-08,-1.5016799E-01
-3.879448E-08,-1.5022070E-01
-3.874448E-08,-1.5022070E-01
-3.869448E-08,-1.5027341E-01
-3.864448E-08,-1.5027341E-01
-3.859448E-08,-1.5032612E-01
-3.854448E-08,-1.5032612E-01
-3.849448E-08,-1.5032612E-01
-3.844448E-08,-1.5037883E-01
-3.839448E-08,-1.5037883E-01
-3.834448E-08,-1.5037883E-01
-3.829448E-08,-1.5043153E-01
-3.824448E-08,-1.5043153E-01
-3.819448E-08,-1.5043153E-01
-3.814448E-08,-1.5043153E-01
-3.809448E-08,-1.5043153E-01
-3.804448E-08,-1.5043153E-01
-3.799448E-08,-1.5037883E-01
-3.794448E-08,-1.5037883E-01
-3.789448E-08,-1.5037883E-01
-3.784448E-08,-1.5032612E-01
-3.779448E-08,-1.5032612E-01
-3.774448E-08,-1.5032612E-01
-3.769448E-08,-1.5027341E-01
-3.764448E-08,-1.5027341E-01
-3.759448E-08,-1.5022070E-01
-3.754448E-08,-1.5016799E-01
-3.749448E-08,-1.5016799E-01
-3.744448E-08,-1.5011528E-01
-3.739448E-08,-1.5006257E-01
-3.734448E-08,-1.5000986E-01
-3.729448E-08,-1.4995715E-01
-3.724448E-08,-1.4995715E-01
-3.719448E-08,-1.4990444E-01
-3.714448E-08,-1.4985173E-01
-3.709448E-08,-1.4979903E-01
-3.704448E-08,-1.4974632E-01
-3.699448E-08,-1.4969361E-01
-3.694448E-08,-1.4964090E-01
-3.689448E-08,-1.4958819E-01
-3.684448E-08,-1.4953548E-01
-3.679448E-08,-1.4953548E-01
-3.674448E-08,-1.4948277E-01
-3.669448E-08,-1.4943006E-01
-3.664448E-08,-1.4937735E-01
-3.659448E-08,-1.4932464E-01
-3.654448E-08,-1.4932464E-01
-3.649448E-08,-1.4927194E-01
-3.644448E-08,-1.4921923E-01
-3.639448E-08,-1.4921923E-01
-3.634448E-08,-1.4916652E-01
-3.629448E-08,-1.4911381E-01
-3.624448E-08,-1.4911381E-01
-3.619448E-08,-1.4906110E-01
-3.614448E-08,-1.4906110E-01
-3.609448E-08,-1.4906110E-01
-3.604448E-08,-1.4900839E-01
-3.599448E-08,-1.4900839E-01
-3.594448E-08,-1.4900839E-01
-3.589448E-08,-1.4900839E-01
-3.584448E-08,-1.4900839E-01
-3.579448E-08,-1.4900839E-01
-3.574448E-08,-1.4900839E-01
-3.569448E-08,-1.4900839E-01
-3.564448E-08,-1.4900839E-01
-3.559448E-08,-1.4900839E-01
-3.554448E-08,-1.4900839E-01
-3.549448E-08,-1.4900839E-01
-3.544448E-08,-1.4906110E-01
-3.539448E-08,-1.4906110E-01
-3.534448E-08,-1.4906110E-01
-3.529448E-08,-1.4906110E-01
-3.524448E-08,-1.4911381E-01
-3.519448E-08,-1.4911381E-01
-3.514448E-08,-1.4911381E-01
-3.509448E-08,-1.4911381E-01
-3.504448E-08,-1.4916652E-01
-3.499448E-08,-1.4916652E-01
-3.494448E-08,-1.4916652E-01
-3.489448E-08,-1.4916652E-01
-3.484448E-08,-1.4916652E-01
-3.479448E-08,-1.4921923E-01
-3.474448E-08,-1.4921923E-01
-3.469448E-08,-1.4921923E-01
-3.464448E-08,-1.4916652E-01
-3.459448E-08,-1.4916652E-01
-3.454448E-08,-1.4916652E-01
-3.449448E-08,-1.4916652E-01
-3.444448E-08,-1.4916652E-01
-3.439448E-08,-1.4911381E-01
-3.434448E-08,-1.4911381E-01
-3.429448E-08,-1.4911381E-01
-3.424448E-08,-1.4906110E-01
-3.419448E-08,-1.4906110E-01
-3.414448E-08,-1.4900839E-01
-3.409448E-08,-1.4900839E-01
-3.404448E-08,-1.4895568E-01
-3.399448E-08,-1.4895568E-01
-3.394448E-08,-1.4890297E-01
-3.389448E-08,-1.4890297E-01
-3.384448E-08,-1.4890297E-01
-3.379448E-08,-1.4885026E-01
-3.374448E-08,-1.4885026E-01
-3.369448E-08,-1.4885026E-01
-3.364448E-08,-1.4879755E-01
-3.359448E-08,-1.4879755E-01
-3.354448E-08,-1.4879755E-01
-3.349448E-08,-1.4879755E-01
-3.344448E-08,-1.4879755E-01
-3.339448E-08,-1.4879755E-01
-3.334448E-08,-1.4879755E-01
-3.329448E-08,-1.4879755E-01
-3.324448E-08,-1.4879755E-01
-3.319448E-08,-1.4879755E-01
-3.314448E-08,-1.4885026E-01
-3.309448E-08,-1.4885026E-01
-3.304448E-08,-1.4885026E-01
-3.299448E-08,-1.4885026E-01
-3.294448E-08,-1.4890297E-01
-3.289448E-08,-1.4890297E-01
-3.284448E-08,-1.4890297E-01
-3.279448E-08,-1.4890297E-01
-3.274448E-08,-1.4895568E-01
-3.269448E-08,-1.4895568E-01
-3.264448E-08,-1.4895568E-01
-3.259448E-08,-1.4895568E-01
-3.254448E-08,-1.4895568E-01
-3.249448E-08,-1.4900839E-01
-3.244448E-08,-1.4900839E-01
-3.239448E-08,-1.4900839E-01
-3.234448E-08,-1.4900839E-01
-3.229448E-08,-1.4900839E-01
-3.224448E-08,-1.4900839E-01
-3.219448E-08,-1.4900839E-01
-3.214448E-08,-1.4906110E-01
-3.209448E-08,-1.4906110E-01
-3.204448E-08,-1.4906110E-01
-3.199448E-08,-1.4906110E-01
-3.194448E-08,-1.4906110E-01
-3.189448E-08,-1.4911381E-01
-3.184448E-08,-1.4911381E-01
-3.179448E-08,-1.4911381E-01
-3.174448E-08,-1.4916652E-01
-3.169448E-08,-1.4916652E-01
-3.164448E-08,-1.4916652E-01
-3.159448E-08,-1.4921923E-01
-3.154448E-08,-1.4921923E-01
-3.149448E-08,-1.4927194E-01
-3.144448E-08,-1.4932464E-01
-3.139448E-08,-1.4932464E-01
-3.134448E-08,-1.4937735E-01
-3.129448E-08,-1.4943006E-01
-3.124448E-08,-1.4943006E-01
-3.119448E-08,-1.4948277E-01
-3.114448E-08,-1.4953548E-01
-3.109448E-08,-1.4953548E-01
-3.104448E-08,-1.4958819E-01
-3.099448E-08,-1.4964090E-01
-3.094448E-08,-1.4964090E-01
-3.089448E-08,-1.4969361E-01
-3.084448E-08,-1.4969361E-01
-3.079448E-08,-1.4974632E-01
-3.074448E-08,-1.4974632E-01
-3.069448E-08,-1.4979903E-01
-3.064448E-08,-1.4979903E-01
-3.059448E-08,-1.4979903E-01
-3.054448E-08,-1.4979903E-01
-3.049448E-08,-1.4985173E-01
-3.044448E-08,-1.4985173E-01
-3.039448E-08,-1.4979903E-01
-3.034448E-08,-1.4979903E-01
-3.029448E-08,-1.4979903E-01
-3.024448E-08,-1.4979903E-01
-3.019448E-08,-1.4979903E-01
-3.014448E-08,-1.4974632E-01
-3.009448E-08,-1.4974632E-01
-3.004448E-08,-1.4974632E-01
-2.999448E-08,-1.4969361E-01
-2.994448E-08,-1.4969361E-01
-2.989448E-08,-1.4964090E-01
-2.984448E-08,-1.4964090E-01
-2.979448E-08,-1.4964090E-01
-2.974448E-08,-1.4964090E-01
-2.969448E-08,-1.4958819E-01
-2.964448E-08,-1.4958819E-01
-2.959448E-08,-1.4958819E-01
-2.954448E-08,-1.4958819E-01
-2.949448E-08,-1.4958819E-01
-2.944448E-08,-1.4964090E-01
-2.939448E-08,-1.4964090E-01
-2.934448E-08,-1.4964090E-01
-2.929448E-08,-1.4969361E-01
-2.924448E-08,-1.4969361E-01
-2.919448E-08,-1.4974632E-01
-2.914448E-08,-1.4979903E-01
-2.909448E-08,-1.4979903E-01
-2.904448E-08,-1.4985173E-01
-2.899448E-08,-1.4990444E-01
-2.894448E-08,-1.4995715E-01
-2.889448E-08,-1.4995715E-01
-2.884448E-08,-1.5000986E-01
-2.879448E-08,-1.5006257E-01
-2.874448E-08,-1.5011528E-01
-2.869448E-08,-1.5011528E-01
-2.864448E-08,-1.5016799E-01
-2.859448E-08,-1.5022070E-01
-2.854448E-08,-1.5022070E-01
-2.849448E-08,-1.5022070E-01
-2.844448E-08,-1.5027341E-01
-2.839448E-08,-1.5027341E-01
-2.834448E-08,-1.5027341E-01
-2.829448E-08,-1.5027341E-01
-2.824448E-08,-1.5027341E-01
-2.819448E-08,-1.5027341E-01
-2.814448E-08,-1.5027341E-01
-2.809448E-08,-1.5027341E-01
-2.804448E-08,-1.5022070E-01
-2.799448E-08,-1.5022070E-01
-2.794448E-08,-1.5022070E-01
-2.789448E-08,-1.5016799E-01
-2.784448E-08,-1.5016799E-01
-2.779448E-08,-1.5011528E-01
-2.774448E-08,-1.5011528E-01
-2.769448E-08,-1.5006257E-01
-2.764448E-08,-1.5006257E-01
-2.759448E-08,-1.5000986E-01
-2.754448E-08,-1.4995715E-01
-2.749448E-08,-1.4995715E-01
-2.744448E-08,-1.4990444E-01
-2.739448E-08,-1.4990444E-01
-2.734448E-08,-1.4985173E-01
-2.729448E-08,-1.4985173E-01
-2.724448E-08,-1.4985173E-01
-2.719448E-08,-1.4979903E-01
-2.714448E-08,-1.4979903E-01
-2.709448E-08,-1.4979903E-01
-2.704448E-08,-1.4974632E-01
-2.699448E-08,-1.4974632E-01
-2.694448E-08,-1.4974632E-01
-2.689448E-08,-1.4974632E-01
-2.684448E-08,-1.4974632E-01
-2.679448E-08,-1.4974632E-01
-2.674448E-08,-1.4969361E-01
-2.669448E-08,-1.4969361E-01
-2.664448E-08,-1.4969361E-01
-2.659448E-08,-1.4969361E-01
-2.654448E-08,-1.4969361E-01
-2.649448E-08,-1.4969361E-01
-2.644448E-08,-1.4969361E-01
-2.639448E-08,-1.4969361E-01
-2.634448E-08,-1.4969361E-01
-2.629448E-08,-1.4969361E-01
-2.624448E-08,-1.4969361E-01
-2.619448E-08,-1.4964090E-01
-2.614448E-08,-1.4964090E-01
-2.609448E-08,-1.4964090E-01
-2.604448E-08,-1.4964090E-01
-2.599448E-08,-1.4958819E-01
-2.594448E-08,-1.4958819E-01
-2.589448E-08,-1.4958819E-01
-2.584448E-08,-1.4953548E-01
-2.579448E-08,-1.4953548E-01
-2.574448E-08,-1.4953548E-01
-2.569448E-08,-1.4948277E-01
-2.564448E-08,-1.4948277E-01
-2.559448E-08,-1.4943006E-01
-2.554448E-08,-1.4943006E-01
-2.549448E-08,-1.4937735E-01
-2.544448E-08,-1.4937735E-01
-2.539448E-08,-1.4937735E-01
-2.534448E-08,-1.4932464E-01
-2.529448E-08,-1.4932464E-01
-2.524448E-08,-1.4927194E-01
-2.519448E-08,-1.4927194E-01
-2.514448E-08,-1.4921923E-01
-2.509448E-08,-1.4921923E-01
-2.504448E-08,-1.4921923E-01
-2.499448E-08,-1.4916652E-01
-2.494448E-08,-1.4916652E-01
-2.489448E-08,-1.4916652E-01
-2.484448E-08,-1.4911381E-01
-2.479448E-08,-1.4911381E-01
-2.474448E-08,-1.4911381E-01
-2.469448E-08,-1.4906110E-01
-2.464448E-08,-1.4906110E-01
-2.459448E-08,-1.4906110E-01
-2.454448E-08,-1.4900839E-01
-2.449448E-08,-1.4900839E-01
-2.444448E-08,-1.4900839E-01
-2.439448E-08,-1.4900839E-01
-2.434448E-08,-1.4900839E-01
-2.429448E-08,-1.4900839E-01
-2.424448E-08,-1.4900839E-01
-2.419448E-08,-1.4900839E-01
-2.414448E-08,-1.4900839E-01
-2.409448E-08,-1.4900839E-01
-2.404448E-08,-1.4906110E-01
-2.399448E-08,-1.4906110E-01
-2.394448E-08,-1.4906110E-01
-2.389448E-08,-1.4911381E-01
-2.384448E-08,-1.4911381E-01
-2.379448E-08,-1.4916652E-01
-2.374448E-08,-1.4921923E-01
-2.369448E-08,-1.4921923E-01
-2.364448E-08,-1.4927194E-01
-2.359448E-08,-1.4932464E-01
-2.354448E-08,-1.4937735E-01
-2.349448E-08,-1.4937735E-01
-2.344448E-08,-1.4943006E-01
-2.339448E-08,-1.4948277E-01
-2.334448E-08,-1.4953548E-01
-2.329448E-08,-1.4958819E-01
-2.324448E-08,-1.4964090E-01
-2.319448E-08,-1.4964090E-01
-2.314448E-08,-1.4969361E-01
-2.309448E-08,-1.4974632E-01
-2.304448E-08,-1.4974632E-01
-2.299448E-08,-1.4979903E-01
-2.294448E-08,-1.4979903E-01
-2.289448E-08,-1.4979903E-01
-2.284448E-08,-1.4979903E-01
-2.279448E-08,-1.4985173E-01
-2.274448E-08,-1.4985173E-01
-2.269448E-08,-1.4985173E-01
-2.264448E-08,-1.4979903E-01
-2.259448E-08,-1.4979903E-01
-2.254448E-08,-1.4979903E-01
-2.249448E-08,-1.4979903E-01
-2.244448E-08,-1.4974632E-01
-2.239448E-08,-1.4974632E-01
-2.234448E-08,-1.4969361E-01
-2.229448E-08,-1.4969361E-01
-2.224448E-08,-1.4969361E-01
-2.219448E-08,-1.4964090E-01
-2.214448E-08,-1.4964090E-01
-2.209448E-08,-1.4964090E-01
-2.204448E-08,-1.4958819E-01
-2.199448E-08,-1.4958819E-01
-2.194448E-08,-1.4958819E-01
-2.189448E-08,-1.4958819E-01
-2.184448E-08,-1.4958819E-01
-2.179448E-08,-1.4958819E-01
-2.174448E-08,-1.4958819E-01
-2.169448E-08,-1.4964090E-01
-2.164448E-08,-1.4964090E-01
-2.159448E-08,-1.4969361E-01
-2.154448E-08,-1.4969361E-01
-2.149448E-08,-1.4974632E-01
-2.144448E-08,-1.4979903E-01
-2.139448E-08,-1.4985173E-01
-2.134448E-08,-1.4985173E-01
-2.129448E-08,-1.4990444E-01
-2.124448E-08,-1.4995715E-01
-2.119448E-08,-1.5000986E-01
-2.114448E-08,-1.5006257E-01
-2.109448E-08,-1.5011528E-01
-2.104448E-08,-1.5016799E-01
-2.099448E-08,-1.5022070E-01
-2.094448E-08,-1.5027341E-01
-2.089448E-08,-1.5032612E-01
-2.084448E-08,-1.5032612E-01
-2.079448E-08,-1.5037883E-01
-2.074448E-08,-1.5043153E-01
-2.069448E-08,-1.5043153E-01
-2.064448E-08,-1.5043153E-01
-2.059448E-08,-1.5043153E-01
-2.054448E-08,-1.5043153E-01
-2.049448E-08,-1.5043153E-01
-2.044448E-08,-1.5043153E-01
-2.039448E-08,-1.5043153E-01
-2.034448E-08,-1.5043153E-01
-2.029448E-08,-1.5037883E-01
-2.024448E-08,-1.5037883E-01
-2.019448E-08,-1.5032612E-01
-2.014448E-08,-1.5032612E-01
-2.009448E-08,-1.5027341E-01
-2.004448E-08,-1.5027341E-01
-1.999448E-08,-1.5022070E-01
-1.994448E-08,-1.5022070E-01
-1.989448E-08,-1.5016799E-01
-1.984448E-08,-1.5016799E-01
-1.979448E-08,-1.5011528E-01
-1.974448E-08,-1.5011528E-01
-1.969448E-08,-1.5011528E-01
-1.964448E-08,-1.5011528E-01
-1.959448E-08,-1.5011528E-01
-1.954448E-08,-1.5011528E-01
-1.949448E-08,-1.5011528E-01
-1.944448E-08,-1.5016799E-01
-1.939448E-08,-1.5016799E-01
-1.934448E-08,-1.5022070E-01
-1.929448E-08,-1.5022070E-01
-1.924448E-08,-1.5027341E-01
-1.919448E-08,-1.5032612E-01
-1.914448E-08,-1.5037883E-01
-1.909448E-08,-1.5037883E-01
-1.904448E-08,-1.5043153E-01
-1.899448E-08,-1.5048424E-01
-1.894448E-08,-1.5053695E-01
-1.889448E-08,-1.5058966E-01
-1.884448E-08,-1.5064237E-01
-1.879448E-08,-1.5069508E-01
-1.874448E-08,-1.5069508E-01
-1.869448E-08,-1.5074779E-01
-1.864448E-08,-1.5080050E-01
-1.859448E-08,-1.5080050E-01
-1.854448E-08,-1.5080050E-01
-1.849448E-08,-1.5085321E-01
-1.844448E-08,-1.5085321E-01
-1.839448E-08,-1.5085321E-01
-1.834448E-08,-1.5085321E-01
-1.829448E-08,-1.5080050E-01
-1.824448E-08,-1.5080050E-01
-1.819448E-08,-1.5080050E-01
-1.814448E-08,-1.5074779E-01
-1.809448E-08,-1.5074779E-01
-1.804448E-08,-1.5069508E-01
-1.799448E-08,-1.5064237E-01
-1.794448E-08,-1.5064237E-01
-1.789448E-08,-1.5058966E-01
-1.784448E-08,-1.5053695E-01
-1.779448E-08,-1.5048424E-01
-1.774448E-08,-1.5048424E-01
-1.769448E-08,-1.5043153E-01
-1.764448E-08,-1.5037883E-01
-1.759448E-08,-1.5032612E-01
-1.754448E-08,-1.5032612E-01
-1.749448E-08,-1.5027341E-01
-1.744448E-08,-1.5022070E-01
-1.739448E-08,-1.5016799E-01
-1.734448E-08,-1.5016799E-01
-1.729448E-08,-1.5011528E-01
-1.724448E-08,-1.5011528E-01
-1.719448E-08,-1.5006257E-01
-1.714448E-08,-1.5006257E-01
-1.709448E-08,-1.5000986E-01
-1.704448E-08,-1.5000986E-01
-1.699448E-08,-1.4995715E-01
-1.694448E-08,-1.4995715E-01
-1.689448E-08,-1.4995715E-01
-1.684448E-08,-1.4990444E-01
-1.679448E-08,-1.4990444E-01
-1.674448E-08,-1.4990444E-01
-1.669448E-08,-1.4985173E-01
-1.664448E-08,-1.4985173E-01
-1.659448E-08,-1.4979903E-01
-1.654448E-08,-1.4979903E-01
-1.649448E-08,-1.4979903E-01
-1.644448E-08,-1.4974632E-01
-1.639448E-08,-1.4974632E-01
-1.634448E-08,-1.4969361E-01
-1.629448E-08,-1.4969361E-01
-1.624448E-08,-1.4964090E-01
-1.619448E-08,-1.4964090E-01
-1.614448E-08,-1.4958819E-01
-1.609448E-08,-1.4958819E-01
-1.604448E-08,-1.4958819E-01
-1.599448E-08,-1.4953548E-01
-1.594448E-08,-1.4953548E-01
-1.589448E-08,-1.4948277E-01
-1.584448E-08,-1.4948277E-01
-1.579448E-08,-1.4948277E-01
-1.574448E-08,-1.4943006E-01
-1.569448E-08,-1.4943006E-01
-1.564448E-08,-1.4943006E-01
-1.559448E-08,-1.4943006E-01
-1.554448E-08,-1.4943006E-01
-1.549448E-08,-1.4943006E-01
-1.544448E-08,-1.4943006E-01
-1.539448E-08,-1.4943006E-01
-1.534448E-08,-1.4943006E-01
-1.529448E-08,-1.4948277E-01
-1.524448E-08,-1.4948277E-01
-1.519448E-08,-1.4948277E-01
-1.514448E-08,-1.4953548E-01
-1.509448E-08,-1.4953548E-01
-1.504448E-08,-1.4953548E-01
-1.499448E-08,-1.4958819E-01
-1.494448E-08,-1.4958819E-01
-1.489448E-08,-1.4958819E-01
-1.484448E-08,-1.4964090E-01
-1.479448E-08,-1.4964090E-01
-1.474448E-08,-1.4964090E-01
-1.469448E-08,-1.4964090E-01
-1.464448E-08,-1.4964090E-01
-1.459448E-08,-1.4964090E-01
-1.454448E-08,-1.4964090E-01
-1.449448E-08,-1.4964090E-01
-1.444448E-08,-1.4964090E-01
-1.439448E-08,-1.4964090E-01
-1.434448E-08,-1.4958819E-01
-1.429448E-08,-1.4958819E-01
-1.424448E-08,-1.4958819E-01
-1.419448E-08,-1.4953548E-01
-1.414448E-08,-1.4953548E-01
-1.409448E-08,-1.4948277E-01
-1.404448E-08,-1.4948277E-01
-1.399448E-08,-1.4948277E-01
-1.394448E-08,-1.4943006E-01
-1.389448E-08,-1.4943006E-01
-1.384448E-08,-1.4937735E-01
-1.379448E-08,-1.4937735E-01
-1.374448E-08,-1.4937735E-01
-1.369448E-08,-1.4937735E-01
-1.364448E-08,-1.4937735E-01
-1.359448E-08,-1.4937735E-01
-1.354448E-08,-1.4937735E-01
-1.349448E-08,-1.4937735E-01
-1.344448E-08,-1.4937735E-01
-1.339448E-08,-1.4937735E-01
-1.334448E-08,-1.4943006E-01
-1.329448E-08,-1.4943006E-01
-1.324448E-08,-1.4943006E-01
-1.319448E-08,-1.4948277E-01
-1.314448E-08,-1.4953548E-01
-1.309448E-08,-1.4953548E-01
-1.304448E-08,-1.4958819E-01
-1.299448E-08,-1.4964090E-01
-1.294448E-08,-1.4964090E-01
-1.289448E-08,-1.4969361E-01
-1.284448E-08,-1.4974632E-01
-1.279448E-08,-1.4974632E-01
-1.274448E-08,-1.4979903E-01
-1.269448E-08,-1.4985173E-01
-1.264448E-08,-1.4985173E-01
-1.259448E-08,-1.4990444E-01
-1.254448E-08,-1.4995715E-01
-1.249448E-08,-1.4995715E-01
-1.244448E-08,-1.5000986E-01
-1.239448E-08,-1.5000986E-01
-1.234448E-08,-1.5000986E-01
-1.229448E-08,-1.5006257E-01
-1.224448E-08,-1.5006257E-01
-1.219448E-08,-1.5006257E-01
-1.214448E-08,-1.5006257E-01
-1.209448E-08,-1.5011528E-01
-1.204448E-08,-1.5011528E-01
-1.199448E-08,-1.5011528E-01
-1.194448E-08,-1.5011528E-01
-1.189448E-08,-1.5011528E-01
-1.184448E-08,-1.5011528E-01
-1.179448E-08,-1.5011528E-01
-1.174448E-08,-1.5011528E-01
-1.169448E-08,-1.5011528E-01
-1.164448E-08,-1.5011528E-01
-1.159448E-08,-1.5011528E-01
-1.154448E-08,-1.5011528E-01
-1.149448E-08,-1.5011528E-01
-1.144448E-08,-1.5011528E-01
-1.139448E-08,-1.5011528E-01
-1.134448E-08,-1.5011528E-01
-1.129448E-08,-1.5016799E-01
-1.124448E-08,-1.5016799E-01
-1.119448E-08,-1.5016799E-01
-1.114448E-08,-1.5016799E-01
-1.109448E-08,-1.5022070E-01
-1.104448E-08,-1.5022070E-01
-1.099448E-08,-1.5022070E-01
-1.094448E-08,-1.5022070E-01
-1.089448E-08,-1.5027341E-01
-1.084448E-08,-1.5027341E-01
-1.079448E-08,-1.5027341E-01
-1.074448E-08,-1.5027341E-01
-1.069448E-08,-1.5032612E-01
-1.064448E-08,-1.5032612E-01
-1.059448E-08,-1.5032612E-01
-1.054448E-08,-1.5032612E-01
-1.049448E-08,-1.5032612E-01
-1.044448E-08,-1.5032612E-01
-1.039448E-08,-1.5032612E-01
-1.034448E-08,-1.5032612E-01
-1.029448E-08,-1.5027341E-01
-1.024448E-08,-1.5027341E-01
-1.019448E-08,-1.5027341E-01
-1.014448E-08,-1.5022070E-01
-1.009448E-08,-1.5022070E-01
-1.004448E-08,-1.5016799E-01
-9.99448E-09,-1.5016799E-01
-9.94448E-09,-1.5011528E-01
-9.89448E-09,-1.5011528E-01
-9.84448E-09,-1.5006257E-01
-9.79448E-09,-1.5000986E-01
-9.74448E-09,-1.5000986E-01
-9.69448E-09,-1.4995715E-01
-9.64448E-09,-1.4995715E-01
-9.59448E-09,-1.4990444E-01
-9.54448E-09,-1.4985173E-01
-9.49448E-09,-1.4985173E-01
-9.44448E-09,-1.4979903E-01
-9.39448E-09,-1.4979903E-01
-9.34448E-09,-1.4974632E-01
-9.29448E-09,-1.4974632E-01
-9.24448E-09,-1.4969361E-01
-9.19448E-09,-1.4969361E-01
-9.14448E-09,-1.4969361E-01
-9.09448E-09,-1.4964090E-01
-9.04448E-09,-1.4964090E-01
-8.99448E-09,-1.4964090E-01
-8.94448E-09,-1.4964090E-01
-8.89448E-09,-1.4958819E-01
-8.84448E-09,-1.4958819E-01
-8.79448E-09,-1.4958819E-01
-8.74448E-09,-1.4958819E-01
-8.69448E-09,-1.4953548E-01
-8.64448E-09,-1.4953548E-01
-8.59448E-09,-1.4953548E-01
-8.54448E-09,-1.4953548E-01
-8.49448E-09,-1.4948277E-01
-8.44448E-09,-1.4948277E-01
-8.39448E-09,-1.4948277E-01
-8.34448E-09,-1.4948277E-01
-8.29448E-09,-1.4948277E-01
-8.24448E-09,-1.4943006E-01
-8.19448E-09,-1.4943006E-01
-8.14448E-09,-1.4943006E-01
-8.09448E-09,-1.4943006E-01
-8.04448E-09,-1.4937735E-01
-7.99448E-09,-1.4937735E-01
-7.94448E-09,-1.4937735E-01
-7.89448E-09,-1.4937735E-01
-7.84448E-09,-1.4937735E-01
-7.79448E-09,-1.4932464E-01
-7.74448E-09,-1.4932464E-01
-7.69448E-09,-1.4932464E-01
-7.64448E-09,-1.4932464E-01
-7.59448E-09,-1.4932464E-01
-7.54448E-09,-1.4932464E-01
-7.49448E-09,-1.4927194E-01
-7.44448E-09,-1.4927194E-01
-7.39448E-09,-1.4927194E-01
-7.34448E-09,-1.4927194E-01
-7.29448E-09,-1.4927194E-01
-7.24448E-09,-1.4927194E-01
-7.19448E-09,-1.4927194E-01
-7.14448E-09,-1.4927194E-01
-7.09448E-09,-1.4927194E-01
-7.04448E-09,-1.4927194E-01
-6.99448E-09,-1.4927194E-01
-6.94448E-09,-1.4927194E-01
-6.89448E-09,-1.4927194E-01
-6.84448E-09,-1.4927194E-01
-6.79448E-09,-1.4932464E-01
-6.74448E-09,-1.4932464E-01
-6.69448E-09,-1.4932464E-01
-6.64448E-09,-1.4932464E-01
-6.59448E-09,-1.4932464E-01
-6.54448E-09,-1.4932464E-01
-6.49448E-09,-1.4932464E-01
-6.44448E-09,-1.4932464E-01
-6.39448E-09,-1.4937735E-01
-6.34448E-09,-1.4937735E-01
-6.29448E-09,-1.4937735E-01
-6.24448E-09,-1.4937735E-01
-6.19448E-09,-1.4937735E-01
-6.14448E-09,-1.4937735E-01
-6.09448E-09,-1.4937735E-01
-6.04448E-09,-1.4943006E-01
-5.99448E-09,-1.4943006E-01
-5.94448E-09,-1.4943006E-01
-5.89448E-09,-1.4943006E-01
-5.84448E-09,-1.4943006E-01
-5.79448E-09,-1.4943006E-01
-5.74448E-09,-1.4943006E-01
-5.69448E-09,-1.4943006E-01
-5.64448E-09,-1.4943006E-01
-5.59448E-09,-1.4948277E-01
-5.54448E-09,-1.4948277E-01
-5.49448E-09,-1.4948277E-01
-5.44448E-09,-1.4948277E-01
-5.39448E-09,-1.4948277E-01
-5.34448E-09,-1.4948277E-01
-5.29448E-09,-1.4948277E-01
-5.24448E-09,-1.4948277E-01
-5.19448E-09,-1.4948277E-01
-5.14448E-09,-1.4948277E-01
-5.09448E-09,-1.4948277E-01
-5.04448E-09,-1.4948277E-01
-4.99448E-09,-1.4948277E-01
-4.94448E-09,-1.4948277E-01
-4.89448E-09,-1.4948277E-01
-4.84448E-09,-1.4948277E-01
-4.79448E-09,-1.4948277E-01
-4.74448E-09,-1.4948277E-01
-4.69448E-09,-1.4948277E-01
-4.64448E-09,-1.4943006E-01
-4.59448E-09,-1.4943006E-01
-4.54448E-09,-1.4943006E-01
-4.49448E-09,-1.4943006E-01
-4.44448E-09,-1.4943006E-01
-4.39448E-09,-1.4943006E-01
-4.34448E-09,-1.4948277E-01
-4.29448E-09,-1.4948277E-01
-4.24448E-09,-1.4948277E-01
-4.19448E-09,-1.4948277E-01
-4.14448E-09,-1.4948277E-01
-4.09448E-09,-1.4953548E-01
-4.04448E-09,-1.4953548E-01
-3.99448E-09,-1.4953548E-01
-3.94448E-09,-1.4958819E-01
-3.89448E-09,-1.4958819E-01
-3.84448E-09,-1.4964090E-01
-3.79448E-09,-1.4964090E-01
-3.74448E-09,-1.4969361E-01
-3.69448E-09,-1.4974632E-01
-3.64448E-09,-1.4974632E-01
-3.59448E-09,-1.4979903E-01
-3.54448E-09,-1.4985173E-01
-3.49448E-09,-1.4990444E-01
-3.44448E-09,-1.4990444E-01
-3.39448E-09,-1.4995715E-01
-3.34448E-09,-1.4995715E-01
-3.29448E-09,-1.5000986E-01
-3.24448E-09,-1.5000986E-01
-3.19448E-09,-1.5006257E-01
-3.14448E-09,-1.5006257E-01
-3.09448E-09,-1.5006257E-01
-3.04448E-09,-1.5006257E-01
-2.99448E-09,-1.5006257E-01
-2.94448E-09,-1.5006257E-01
-2.89448E-09,-1.5000986E-01
-2.84448E-09,-1.5000986E-01
-2.79448E-09,-1.4995715E-01
-2.74448E-09,-1.4995715E-01
-2.69448E-09,-1.4990444E-01
-2.64448E-09,-1.4985173E-01
-2.59448E-09,-1.4979903E-01
-2.54448E-09,-1.4974632E-01
-2.49448E-09,-1.4969361E-01
-2.44448E-09,-1.4964090E-01
-2.39448E-09,-1.4958819E-01
-2.34448E-09,-1.4953548E-01
-2.29448E-09,-1.4948277E-01
-2.24448E-09,-1.4943006E-01
-2.19448E-09,-1.4937735E-01
-2.14448E-09,-1.4932464E-01
-2.09448E-09,-1.4927194E-01
-2.04448E-09,-1.4921923E-01
-1.99448E-09,-1.4916652E-01
-1.94448E-09,-1.4911381E-01
-1.89448E-09,-1.4911381E-01
-1.84448E-09,-1.4906110E-01
-1.79448E-09,-1.4906110E-01
-1.74448E-09,-1.4906110E-01
-1.69448E-09,-1.4906110E-01
-1.64448E-09,-1.4906110E-01
-1.59448E-09,-1.4911381E-01
-1.54448E-09,-1.4911381E-01
-1.49448E-09,-1.4916652E-01
-1.44448E-09,-1.4916652E-01
-1.39448E-09,-1.4921923E-01
-1.34448E-09,-1.4927194E-01
-1.29448E-09,-1.4932464E-01
-1.24448E-09,-1.4943006E-01
-1.19448E-09,-1.4948277E-01
-1.14448E-09,-1.4953548E-01
-1.09448E-09,-1.4964090E-01
-1.04448E-09,-1.4969361E-01
-9.9448E-10,-1.4979903E-01
-9.4448E-10,-1.4985173E-01
-8.9448E-10,-1.4990444E-01
-8.4448E-10,-1.5000986E-01
-7.9448E-10,-1.5006257E-01
-7.4448E-10,-1.5011528E-01
-6.9448E-10,-1.5016799E-01
-6.4448E-10,-1.5022070E-01
-5.9448E-10,-1.5027341E-01
-5.4448E-10,-1.5032612E-01
-4.9448E-10,-1.5032612E-01
-4.4448E-10,-1.5037883E-01
-3.9448E-10,-1.5037883E-01
-3.4448E-10,-1.5037883E-01
-2.9448E-10,-1.5037883E-01
-2.4448E-10,-1.5037883E-01
-1.9448E-10,-1.5037883E-01
-1.4448E-10,-1.5032612E-01
-9.448E-11,-1.5032612E-01
-4.448E-11,-1.5027341E-01
5.52E-12,-1.5022070E-01
5.552E-11,-1.5022070E-01
1.0552E-10,-1.5016799E-01
1.5552E-10,-1.5011528E-01
2.0552E-10,-1.5006257E-01
2.5552E-10,-1.5000986E-01
3.0552E-10,-1.4995715E-01
3.5552E-10,-1.4990444E-01
4.0552E-10,-1.4985173E-01
4.5552E-10,-1.4979903E-01
5.0552E-10,-1.4974632E-01
5.5552E-10,-1.4969361E-01
6.0552E-10,-1.4964090E-01
6.5552E-10,-1.4958819E-01
7.0552E-10,-1.4958819E-01
7.5552E-10,-1.4953548E-01
8.0552E-10,-1.4948277E-01
8.5552E-10,-1.4948277E-01
9.0552E-10,-1.4948277E-01
9.5552E-10,-1.4943006E-01
1.00552E-09,-1.4943006E-01
1.05552E-09,-1.4943006E-01
1.10552E-09,-1.4943006E-01
1.15552E-09,-1.4943006E-01
1.20552E-09,-1.4943006E-01
1.25552E-09,-1.4943006E-01
1.30552E-09,-1.4943006E-01
1.35552E-09,-1.4943006E-01
1.40552E-09,-1.4943006E-01
1.45552E-09,-1.4943006E-01
1.50552E-09,-1.4943006E-01
1.55552E-09,-1.4948277E-01
1.60552E-09,-1.4948277E-01
1.65552E-09,-1.4948277E-01
1.70552E-09,-1.4948277E-01
1.75552E-09,-1.4948277E-01
1.80552E-09,-1.4948277E-01
1.85552E-09,-1.4948277E-01
1.90552E-09,-1.4948277E-01
1.95552E-09,-1.4948277E-01
2.00552E-09,-1.4948277E-01
2.05552E-09,-1.4948277E-01
2.10552E-09,-1.4948277E-01
2.15552E-09,-1.4948277E-01
2.20552E-09,-1.4943006E-01
2.25552E-09,-1.4943006E-01
2.30552E-09,-1.4943006E-01
2.35552E-09,-1.4937735E-01
2.40552E-09,-1.4937735E-01
2.45552E-09,-1.4932464E-01
2.50552E-09,-1.4927194E-01
2.55552E-09,-1.4927194E-01
2.60552E-09,-1.4921923E-01
2.65552E-09,-1.4921923E-01
2.70552E-09,-1.4916652E-01
2.75552E-09,-1.4911381E-01
2.80552E-09,-1.4906110E-01
2.85552E-09,-1.4906110E-01
2.90552E-09,-1.4900839E-01
2.95552E-09,-1.4895568E-01
3.00552E-09,-1.4895568E-01
3.05552E-09,-1.4890297E-01
3.10552E-09,-1.4890297E-01
3.15552E-09,-1.4885026E-01
3.20552E-09,-1.4885026E-01
3.25552E-09,-1.4879755E-01
3.30552E-09,-1.4879755E-01
3.35552E-09,-1.4879755E-01
3.40552E-09,-1.4879755E-01
3.45552E-09,-1.4879755E-01
3.50552E-09,-1.4879755E-01
3.55552E-09,-1.4885026E-01
3.60552E-09,-1.4885026E-01
3.65552E-09,-1.4890297E-01
3.70552E-09,-1.4890297E-01
3.75552E-09,-1.4895568E-01
3.80552E-09,-1.4900839E-01
3.85552E-09,-1.4900839E-01
3.90552E-09,-1.4906110E-01
3.95552E-09,-1.4911381E-01
4.00552E-09,-1.4916652E-01
4.05552E-09,-1.4927194E-01
4.10552E-09,-1.4932464E-01
4.15552E-09,-1.4937735E-01
4.20552E-09,-1.4943006E-01
4.25552E-09,-1.4953548E-01
4.30552E-09,-1.4958819E-01
4.35552E-09,-1.4964090E-01
4.40552E-09,-1.4969361E-01
4.45552E-09,-1.4974632E-01
4.50552E-09,-1.4979903E-01
4.55552E-09,-1.4985173E-01
4.60552E-09,-1.4990444E-01
4.65552E-09,-1.4995715E-01
4.70552E-09,-1.5000986E-01
4.75552E-09,-1.5006257E-01
4.80552E-09,-1.5006257E-01
4.85552E-09,-1.5011528E-01
4.90552E-09,-1.5011528E-01
4.95552E-09,-1.5011528E-01
5.00552E-09,-1.5011528E-01
5.05552E-09,-1.5011528E-01
5.10552E-09,-1.5011528E-01
5.15552E-09,-1.5011528E-01
5.20552E-09,-1.5006257E-01
5.25552E-09,-1.5006257E-01
5.30552E-09,-1.5000986E-01
5.35552E-09,-1.5000986E-01
5.40552E-09,-1.4995715E-01
5.45552E-09,-1.4990444E-01
5.50552E-09,-1.4985173E-01
5.55552E-09,-1.4985173E-01
5.60552E-09,-1.4979903E-01
5.65552E-09,-1.4974632E-01
5.70552E-09,-1.4969361E-01
5.75552E-09,-1.4969361E-01
5.80552E-09,-1.4964090E-01
5.85552E-09,-1.4958819E-01
5.90552E-09,-1.4958819E-01
5.95552E-09,-1.4953548E-01
6.00552E-09,-1.4953548E-01
6.05552E-09,-1.4953548E-01
6.10552E-09,-1.4953548E-01
6.15552E-09,-1.4948277E-01
6.20552E-09,-1.4948277E-01
6.25552E-09,-1.4948277E-01
6.30552E-09,-1.4953548E-01
6.35552E-09,-1.4953548E-01
6.40552E-09,-1.4953548E-01
6.45552E-09,-1.4953548E-01
6.50552E-09,-1.4953548E-01
6.55552E-09,-1.4958819E-01
6.60552E-09,-1.4958819E-01
6.65552E-09,-1.4958819E-01
6.70552E-09,-1.4958819E-01
6.75552E-09,-1.4958819E-01
6.80552E-09,-1.4964090E-01
6.85552E-09,-1.4964090E-01
6.90552E-09,-1.4964090E-01
6.95552E-09,-1.4958819E-01
7.00552E-09,-1.4958819E-01
7.05552E-09,-1.4958819E-01
7.10552E-09,-1.4958819E-01
7.15552E-09,-1.4953548E-01
7.20552E-09,-1.4953548E-01
7.25552E-09,-1.4948277E-01
7.30552E-09,-1.4948277E-01
7.35552E-09,-1.4943006E-01
7.40552E-09,-1.4937735E-01
7.45552E-09,-1.4937735E-01
7.50552E-09,-1.4932464E-01
7.55552E-09,-1.4927194E-01
7.60552E-09,-1.4921923E-01
7.65552E-09,-1.4921923E-01
7.70552E-09,-1.4916652E-01
7.75552E-09,-1.4916652E-01
7.80552E-09,-1.4911381E-01
7.85552E-09,-1.4911381E-01
7.90552E-09,-1.4906110E-01
7.95552E-09,-1.4906110E-01
8.00552E-09,-1.4906110E-01
8.05552E-09,-1.4906110E-01
8.10552E-09,-1.4906110E-01
8.15552E-09,-1.4906110E-01
8.20552E-09,-1.4911381E-01
8.25552E-09,-1.4911381E-01
8.30552E-09,-1.4916652E-01
8.35552E-09,-1.4916652E-01
8.40552E-09,-1.4921923E-01
8.45552E-09,-1.4927194E-01
8.50552E-09,-1.4927194E-01
8.55552E-09,-1.4932464E-01
8.60552E-09,-1.4937735E-01
8.65552E-09,-1.4943006E-01
8.70552E-09,-1.4948277E-01
8.75552E-09,-1.4948277E-01
8.80552E-09,-1.4953548E-01
8.85552E-09,-1.4958819E-01
8.90552E-09,-1.4958819E-01
8.95552E-09,-1.4958819E-01
9.00552E-09,-1.4964090E-01
9.05552E-09,-1.4964090E-01
9.10552E-09,-1.4964090E-01
9.15552E-09,-1.4958819E-01
9.20552E-09,-1.4958819E-01
9.25552E-09,-1.4958819E-01
9.30552E-09,-1.4953548E-01
9.35552E-09,-1.4953548E-01
9.40552E-09,-1.4948277E-01
9.45552E-09,-1.4948277E-01
9.50552E-09,-1.4943006E-01
9.55552E-09,-1.4943006E-01
9.60552E-09,-1.4937735E-01
9.65552E-09,-1.4937735E-01
9.70552E-09,-1.4932464E-01
9.75552E-09,-1.4932464E-01
9.80552E-09,-1.4927194E-01
9.85552E-09,-1.4921923E-01
9.90552E-09,-1.4921923E-01
9.95552E-09,-1.4921923E-01
1.000552E-08,-1.4916652E-01
1.005552E-08,-1.4916652E-01
1.010552E-08,-1.4916652E-01
1.015552E-08,-1.4911381E-01
1.020552E-08,-1.4911381E-01
1.025552E-08,-1.4911381E-01
1.030552E-08,-1.4911381E-01
1.035552E-08,-1.4911381E-01
1.040552E-08,-1.4911381E-01
1.045552E-08,-1.4911381E-01
1.050552E-08,-1.4911381E-01
1.055552E-08,-1.4906110E-01
1.060552E-08,-1.4906110E-01
1.065552E-08,-1.4906110E-01
1.070552E-08,-1.4906110E-01
1.075552E-08,-1.4906110E-01
1.080552E-08,-1.4906110E-01
1.085552E-08,-1.4906110E-01
1.090552E-08,-1.4906110E-01
1.095552E-08,-1.4906110E-01
1.100552E-08,-1.4906110E-01
1.105552E-08,-1.4906110E-01
1.110552E-08,-1.4906110E-01
1.115552E-08,-1.4906110E-01
1.120552E-08,-1.4906110E-01
1.125552E-08,-1.4900839E-01
1.130552E-08,-1.4900839E-01
1.135552E-08,-1.4900839E-01
1.140552E-08,-1.4900839E-01
1.145552E-08,-1.4900839E-01
1.150552E-08,-1.4900839E-01
1.155552E-08,-1.4900839E-01
1.160552E-08,-1.4900839E-01
1.165552E-08,-1.4906110E-01
1.170552E-08,-1.4906110E-01
1.175552E-08,-1.4906110E-01
1.180552E-08,-1.4906110E-01
1.185552E-08,-1.4906110E-01
1.190552E-08,-1.4906110E-01
1.195552E-08,-1.4906110E-01
1.200552E-08,-1.4911381E-01
1.205552E-08,-1.4911381E-01
1.210552E-08,-1.4911381E-01
1.215552E-08,-1.4911381E-01
1.220552E-08,-1.4911381E-01
1.225552E-08,-1.4911381E-01
1.230552E-08,-1.4911381E-01
1.235552E-08,-1.4911381E-01
1.240552E-08,-1.4911381E-01
1.245552E-08,-1.4911381E-01
1.250552E-08,-1.4911381E-01
1.255552E-08,-1.4911381E-01
1.260552E-08,-1.4911381E-01
1.265552E-08,-1.4911381E-01
1.270552E-08,-1.4911381E-01
1.275552E-08,-1.4911381E-01
1.280552E-08,-1.4911381E-01
1.285552E-08,-1.4911381E-01
1.290552E-08,-1.4911381E-01
1.295552E-08,-1.4911381E-01
1.300552E-08,-1.4911381E-01
1.305552E-08,-1.4916652E-01
1.310552E-08,-1.4916652E-01
1.315552E-08,-1.4916652E-01
1.320552E-08,-1.4921923E-01
1.325552E-08,-1.4927194E-01
1.330552E-08,-1.4927194E-01
1.335552E-08,-1.4932464E-01
1.340552E-08,-1.4937735E-01
1.345552E-08,-1.4943006E-01
1.350552E-08,-1.4948277E-01
1.355552E-08,-1.4953548E-01
1.360552E-08,-1.4958819E-01
1.365552E-08,-1.4964090E-01
1.370552E-08,-1.4969361E-01
1.375552E-08,-1.4974632E-01
1.380552E-08,-1.4974632E-01
1.385552E-08,-1.4979903E-01
1.390552E-08,-1.4985173E-01
1.395552E-08,-1.4985173E-01
1.400552E-08,-1.4990444E-01
1.405552E-08,-1.4990444E-01
1.410552E-08,-1.4990444E-01
1.415552E-08,-1.4990444E-01
1.420552E-08,-1.4985173E-01
1.425552E-08,-1.4985173E-01
1.430552E-08,-1.4979903E-01
1.435552E-08,-1.4974632E-01
1.440552E-08,-1.4969361E-01
1.445552E-08,-1.4964090E-01
1.450552E-08,-1.4958819E-01
1.455552E-08,-1.4953548E-01
1.460552E-08,-1.4943006E-01
1.465552E-08,-1.4937735E-01
1.470552E-08,-1.4927194E-01
1.475552E-08,-1.4921923E-01
1.480552E-08,-1.4916652E-01
1.485552E-08,-1.4906110E-01
1.490552E-08,-1.4900839E-01
1.495552E-08,-1.4895568E-01
1.500552E-08,-1.4890297E-01
1.505552E-08,-1.4890297E-01
1.510552E-08,-1.4885026E-01
1.515552E-08,-1.4885026E-01
1.520552E-08,-1.4879755E-01
1.525552E-08,-1.4879755E-01
1.530552E-08,-1.4879755E-01
1.535552E-08,-1.4879755E-01
1.540552E-08,-1.4885026E-01
1.545552E-08,-1.4885026E-01
1.550552E-08,-1.4890297E-01
1.555552E-08,-1.4895568E-01
1.560552E-08,-1.4895568E-01
1.565552E-08,-1.4900839E-01
1.570552E-08,-1.4906110E-01
1.575552E-08,-1.4911381E-01
1.580552E-08,-1.4921923E-01
1.585552E-08,-1.4927194E-01
1.590552E-08,-1.4932464E-01
1.595552E-08,-1.4937735E-01
1.600552E-08,-1.4943006E-01
1.605552E-08,-1.4948277E-01
1.610552E-08,-1.4953548E-01
1.615552E-08,-1.4958819E-01
1.620552E-08,-1.4958819E-01
1.625552E-08,-1.4964090E-01
1.630552E-08,-1.4964090E-01
1.635552E-08,-1.4964090E-01
1.640552E-08,-1.4964090E-01
1.645552E-08,-1.4964090E-01
1.650552E-08,-1.4964090E-01
1.655552E-08,-1.4958819E-01
1.660552E-08,-1.4958819E-01
1.665552E-08,-1.4953548E-01
1.670552E-08,-1.4948277E-01
1.675552E-08,-1.4943006E-01
1.680552E-08,-1.4937735E-01
1.685552E-08,-1.4932464E-01
1.690552E-08,-1.4927194E-01
1.695552E-08,-1.4921923E-01
1.700552E-08,-1.4921923E-01
1.705552E-08,-1.4916652E-01
1.710552E-08,-1.4911381E-01
1.715552E-08,-1.4911381E-01
1.720552E-08,-1.4906110E-01
1.725552E-08,-1.4906110E-01
1.730552E-08,-1.4906110E-01
1.735552E-08,-1.4906110E-01
1.740552E-08,-1.4906110E-01
1.745552E-08,-1.4911381E-01
1.750552E-08,-1.4911381E-01
1.755552E-08,-1.4916652E-01
1.760552E-08,-1.4921923E-01
1.765552E-08,-1.4927194E-01
1.770552E-08,-1.4932464E-01
1.775552E-08,-1.4937735E-01
1.780552E-08,-1.4943006E-01
1.785552E-08,-1.4953548E-01
1.790552E-08,-1.4958819E-01
1.795552E-08,-1.4964090E-01
1.800552E-08,-1.4969361E-01
1.805552E-08,-1.4974632E-01
1.810552E-08,-1.4974632E-01
1.815552E-08,-1.4979903E-01
1.820552E-08,-1.4979903E-01
1.825552E-08,-1.4979903E-01
1.830552E-08,-1.4979903E-01
1.835552E-08,-1.4979903E-01
1.840552E-08,-1.4974632E-01
1.845552E-08,-1.4969361E-01
1.850552E-08,-1.4964090E-01
1.855552E-08,-1.4958819E-01
1.860552E-08,-1.4953548E-01
1.865552E-08,-1.4943006E-01
1.870552E-08,-1.4937735E-01
1.875552E-08,-1.4927194E-01
1.880552E-08,-1.4921923E-01
1.885552E-08,-1.4911381E-01
1.890552E-08,-1.4900839E-01
1.895552E-08,-1.4895568E-01
1.900552E-08,-1.4890297E-01
1.905552E-08,-1.4885026E-01
1.910552E-08,-1.4879755E-01
1.915552E-08,-1.4879755E-01
1.920552E-08,-1.4874485E-01
1.925552E-08,-1.4874485E-01
1.930552E-08,-1.4879755E-01
1.935552E-08,-1.4879755E-01
1.940552E-08,-1.4890297E-01
1.945552E-08,-1.4895568E-01
1.950552E-08,-1.4900839E-01
1.955552E-08,-1.4911381E-01
1.960552E-08,-1.4921923E-01
1.965552E-08,-1.4937735E-01
1.970552E-08,-1.4948277E-01
1.975552E-08,-1.4964090E-01
1.980552E-08,-1.4974632E-01
1.985552E-08,-1.4990444E-01
1.990552E-08,-1.5000986E-01
1.995552E-08,-1.5016799E-01
2.000552E-08,-1.5027341E-01
2.005552E-08,-1.5037883E-01
2.010552E-08,-1.5048424E-01
2.015552E-08,-1.5053695E-01
2.020552E-08,-1.5058966E-01
2.025552E-08,-1.5064237E-01
2.030552E-08,-1.5064237E-01
2.035552E-08,-1.5058966E-01
2.040552E-08,-1.5058966E-01
2.045552E-08,-1.5053695E-01
2.050552E-08,-1.5043153E-01
2.055552E-08,-1.5032612E-01
2.060552E-08,-1.5022070E-01
2.065552E-08,-1.5006257E-01
2.070552E-08,-1.4990444E-01
2.075552E-08,-1.4974632E-01
2.080552E-08,-1.4958819E-01
2.085552E-08,-1.4943006E-01
2.090552E-08,-1.4927194E-01
2.095552E-08,-1.4906110E-01
2.100552E-08,-1.4890297E-01
2.105552E-08,-1.4879755E-01
2.110552E-08,-1.4863943E-01
2.115552E-08,-1.4853401E-01
2.120552E-08,-1.4842859E-01
2.125552E-08,-1.4837588E-01
2.130552E-08,-1.4832317E-01
2.135552E-08,-1.4827046E-01
2.140552E-08,-1.4827046E-01
2.145552E-08,-1.4832317E-01
2.150552E-08,-1.4832317E-01
2.155552E-08,-1.4842859E-01
2.160552E-08,-1.4848130E-01
2.165552E-08,-1.4858672E-01
2.170552E-08,-1.4874485E-01
2.175552E-08,-1.4885026E-01
2.180552E-08,-1.4900839E-01
2.185552E-08,-1.4911381E-01
2.190552E-08,-1.4927194E-01
2.195552E-08,-1.4937735E-01
2.200552E-08,-1.4948277E-01
2.205552E-08,-1.4958819E-01
2.210552E-08,-1.4964090E-01
2.215552E-08,-1.4969361E-01
2.220552E-08,-1.4974632E-01
2.225552E-08,-1.4974632E-01
2.230552E-08,-1.4969361E-01
2.235552E-08,-1.4964090E-01
2.240552E-08,-1.4953548E-01
2.245552E-08,-1.4943006E-01
2.250552E-08,-1.4927194E-01
2.255552E-08,-1.4906110E-01
2.260552E-08,-1.4890297E-01
2.265552E-08,-1.4869214E-01
2.270552E-08,-1.4842859E-01
2.275552E-08,-1.4821776E-01
2.280552E-08,-1.4795421E-01
2.285552E-08,-1.4774337E-01
2.290552E-08,-1.4753254E-01
2.295552E-08,-1.4732170E-01
2.300552E-08,-1.4711087E-01
2.305552E-08,-1.4695274E-01
2.310552E-08,-1.4679461E-01
2.315552E-08,-1.4668919E-01
2.320552E-08,-1.4663649E-01
2.325552E-08,-1.4658378E-01
2.330552E-08,-1.4658378E-01
2.335552E-08,-1.4663649E-01
2.340552E-08,-1.4674190E-01
2.345552E-08,-1.4690003E-01
2.350552E-08,-1.4705816E-01
2.355552E-08,-1.4726899E-01
2.360552E-08,-1.4747983E-01
2.365552E-08,-1.4774337E-01
2.370552E-08,-1.4800692E-01
2.375552E-08,-1.4832317E-01
2.380552E-08,-1.4863943E-01
2.385552E-08,-1.4890297E-01
2.390552E-08,-1.4921923E-01
2.395552E-08,-1.4948277E-01
2.400552E-08,-1.4974632E-01
2.405552E-08,-1.4995715E-01
2.410552E-08,-1.5011528E-01
2.415552E-08,-1.5027341E-01
2.420552E-08,-1.5037883E-01
2.425552E-08,-1.5043153E-01
2.430552E-08,-1.5043153E-01
2.435552E-08,-1.5043153E-01
2.440552E-08,-1.5032612E-01
2.445552E-08,-1.5016799E-01
2.450552E-08,-1.5000986E-01
2.455552E-08,-1.4979903E-01
2.460552E-08,-1.4953548E-01
2.465552E-08,-1.4921923E-01
2.470552E-08,-1.4890297E-01
2.475552E-08,-1.4858672E-01
2.480552E-08,-1.4827046E-01
2.485552E-08,-1.4795421E-01
2.490552E-08,-1.4763796E-01
2.495552E-08,-1.4737441E-01
2.500552E-08,-1.4716358E-01
2.505552E-08,-1.4695274E-01
2.510552E-08,-1.4679461E-01
2.515552E-08,-1.4668919E-01
2.520552E-08,-1.4663649E-01
2.525552E-08,-1.4668919E-01
2.530552E-08,-1.4674190E-01
2.535552E-08,-1.4690003E-01
2.540552E-08,-1.4716358E-01
2.545552E-08,-1.4742712E-01
2.550552E-08,-1.4774337E-01
2.555552E-08,-1.4816505E-01
2.560552E-08,-1.4858672E-01
2.565552E-08,-1.4900839E-01
2.570552E-08,-1.4948277E-01
2.575552E-08,-1.4995715E-01
2.580552E-08,-1.5043153E-01
2.585552E-08,-1.5090592E-01
2.590552E-08,-1.5132759E-01
2.595552E-08,-1.5169655E-01
2.600552E-08,-1.5201280E-01
2.605552E-08,-1.5227635E-01
2.610552E-08,-1.5243448E-01
2.615552E-08,-1.5248719E-01
2.620552E-08,-1.5248719E-01
2.625552E-08,-1.5238177E-01
2.630552E-08,-1.5217093E-01
2.635552E-08,-1.5185468E-01
2.640552E-08,-1.5143301E-01
2.645552E-08,-1.5090592E-01
2.650552E-08,-1.5032612E-01
2.655552E-08,-1.4969361E-01
2.660552E-08,-1.4895568E-01
2.665552E-08,-1.4821776E-01
2.670552E-08,-1.4742712E-01
2.675552E-08,-1.4663649E-01
2.680552E-08,-1.4589856E-01
2.685552E-08,-1.4516063E-01
2.690552E-08,-1.4452812E-01
2.695552E-08,-1.4394833E-01
2.700552E-08,-1.4347394E-01
2.705552E-08,-1.4310498E-01
2.710552E-08,-1.4294685E-01
2.715552E-08,-1.4289415E-01
2.720552E-08,-1.4305227E-01
2.725552E-08,-1.4331582E-01
2.730552E-08,-1.4384291E-01
2.735552E-08,-1.4452812E-01
2.740552E-08,-1.4537147E-01
2.745552E-08,-1.4642565E-01
2.750552E-08,-1.4758525E-01
2.755552E-08,-1.4890297E-01
2.760552E-08,-1.5032612E-01
2.765552E-08,-1.5180197E-01
2.770552E-08,-1.5333053E-01
2.775552E-08,-1.5485909E-01
2.780552E-08,-1.5633494E-01
2.785552E-08,-1.5775809E-01
2.790552E-08,-1.5897039E-01
2.795552E-08,-1.6002457E-01
2.800552E-08,-1.6081521E-01
2.805552E-08,-1.6128959E-01
2.810552E-08,-1.6139501E-01
2.815552E-08,-1.6113146E-01
2.820552E-08,-1.6034083E-01
2.825552E-08,-1.5902310E-01
2.830552E-08,-1.5717829E-01
2.835552E-08,-1.5475367E-01
2.840552E-08,-1.5164384E-01
2.845552E-08,-1.4790150E-01
2.850552E-08,-1.4342124E-01
2.855552E-08,-1.3830846E-01
2.860552E-08,-1.3245776E-01
2.865552E-08,-1.2592184E-01
2.870552E-08,-1.1870071E-01
2.875552E-08,-1.1079436E-01
2.880552E-08,-1.0225550E-01
2.885552E-08,-9.313684E-02
2.890552E-08,-8.343838E-02
2.895552E-08,-7.326554E-02
2.900552E-08,-6.261832E-02
2.905552E-08,-5.160213E-02
2.910552E-08,-4.032240E-02
2.915552E-08,-2.877913E-02
2.920552E-08,-1.713044E-02
2.925552E-08,-5.37633E-03
2.930552E-08,6.32507E-03
2.935552E-08,1.797377E-02
2.940552E-08,2.941162E-02
2.945552E-08,4.058593E-02
2.950552E-08,5.144399E-02
2.955552E-08,6.188037E-02
2.960552E-08,7.184238E-02
2.965552E-08,8.127729E-02
2.970552E-08,9.013241E-02
2.975552E-08,9.835501E-02
2.980552E-08,1.0589240E-01
2.985552E-08,1.1279728E-01
2.990552E-08,1.1896424E-01
2.995552E-08,1.2444597E-01
3.000552E-08,1.2918978E-01
3.005552E-08,1.3324838E-01
3.010552E-08,1.3662176E-01
3.015552E-08,1.3936262E-01
3.020552E-08,1.4147099E-01
3.025552E-08,1.4299955E-01
3.030552E-08,1.4400102E-01
3.035552E-08,1.4447540E-01
3.040552E-08,1.4458082E-01
3.045552E-08,1.4436998E-01
3.050552E-08,1.4379018E-01
3.055552E-08,1.4299955E-01
3.060552E-08,1.4205078E-01
3.065552E-08,1.4094389E-01
3.070552E-08,1.3983701E-01
3.075552E-08,1.3867741E-01
3.080552E-08,1.3762323E-01
3.085552E-08,1.3662176E-01
3.090552E-08,1.3572570E-01
3.095552E-08,1.3504049E-01
3.100552E-08,1.3456610E-01
3.105552E-08,1.3424985E-01
3.110552E-08,1.3419714E-01
3.115552E-08,1.3435527E-01
3.120552E-08,1.3472423E-01
3.125552E-08,1.3535674E-01
3.130552E-08,1.3614737E-01
3.135552E-08,1.3714885E-01
3.140552E-08,1.3825574E-01
3.145552E-08,1.3952075E-01
3.150552E-08,1.4089119E-01
3.155552E-08,1.4231433E-01
3.160552E-08,1.4373747E-01
3.165552E-08,1.4510791E-01
3.170552E-08,1.4647834E-01
3.175552E-08,1.4769065E-01
3.180552E-08,1.4879754E-01
3.185552E-08,1.4974630E-01
3.190552E-08,1.5053694E-01
3.195552E-08,1.5106403E-01
3.200552E-08,1.5138028E-01
3.205552E-08,1.5143299E-01
3.210552E-08,1.5122215E-01
3.215552E-08,1.5080048E-01
3.220552E-08,1.5006255E-01
3.225552E-08,1.4916650E-01
3.230552E-08,1.4800690E-01
3.235552E-08,1.4663647E-01
3.240552E-08,1.4510791E-01
3.245552E-08,1.4347393E-01
3.250552E-08,1.4173453E-01
3.255552E-08,1.3988971E-01
3.260552E-08,1.3809761E-01
3.265552E-08,1.3630550E-01
3.270552E-08,1.3456610E-01
3.275552E-08,1.3293212E-01
3.280552E-08,1.3150898E-01
3.285552E-08,1.3024397E-01
3.290552E-08,1.2924249E-01
3.295552E-08,1.2845186E-01
3.300552E-08,1.2797748E-01
3.305552E-08,1.2781935E-01
3.310552E-08,1.2797748E-01
3.315552E-08,1.2845186E-01
3.320552E-08,1.2924249E-01
3.325552E-08,1.3034938E-01
3.330552E-08,1.3171982E-01
3.335552E-08,1.3340651E-01
3.340552E-08,1.3530403E-01
3.345552E-08,1.3741239E-01
3.350552E-08,1.3967888E-01
3.355552E-08,1.4199808E-01
3.360552E-08,1.4436998E-01
3.365552E-08,1.4674189E-01
3.370552E-08,1.4900837E-01
3.375552E-08,1.5106403E-01
3.380552E-08,1.5290884E-01
3.385552E-08,1.5449011E-01
3.390552E-08,1.5564971E-01
3.395552E-08,1.5638764E-01
3.400552E-08,1.5659847E-01
3.405552E-08,1.5622951E-01
3.410552E-08,1.5528075E-01
3.415552E-08,1.5364677E-01
3.420552E-08,1.5132757E-01
3.425552E-08,1.4821774E-01
3.430552E-08,1.4442269E-01
3.435552E-08,1.3978430E-01
3.440552E-08,1.3440798E-01
3.445552E-08,1.2824102E-01
3.450552E-08,1.2133614E-01
3.455552E-08,1.1364063E-01
3.460552E-08,1.0531260E-01
3.465552E-08,9.629936E-02
3.470552E-08,8.665361E-02
3.475552E-08,7.653348E-02
3.480552E-08,6.588626E-02
3.485552E-08,5.481737E-02
3.490552E-08,4.343222E-02
3.495552E-08,3.183624E-02
3.500552E-08,2.002942E-02
3.505552E-08,8.16989E-03
3.510552E-08,-3.74235E-03
3.515552E-08,-1.549646E-02
3.520552E-08,-2.714515E-02
3.525552E-08,-3.853030E-02
3.530552E-08,-4.959919E-02
3.535552E-08,-6.029912E-02
3.540552E-08,-7.052467E-02
3.545552E-08,-8.027584E-02
3.550552E-08,-8.949991E-02
3.555552E-08,-9.809148E-02
3.560552E-08,-1.0610325E-01
3.565552E-08,-1.1342981E-01
3.570552E-08,-1.2012385E-01
3.575552E-08,-1.2618539E-01
3.580552E-08,-1.3156171E-01
3.585552E-08,-1.3625281E-01
3.590552E-08,-1.4036411E-01
3.595552E-08,-1.4384291E-01
3.600552E-08,-1.4674190E-01
3.605552E-08,-1.4911381E-01
3.610552E-08,-1.5095862E-01
3.615552E-08,-1.5238177E-01
3.620552E-08,-1.5333053E-01
3.625552E-08,-1.5396304E-01
3.630552E-08,-1.5427929E-01
3.635552E-08,-1.5433200E-01
3.640552E-08,-1.5417387E-01
3.645552E-08,-1.5380491E-01
3.650552E-08,-1.5338324E-01
3.655552E-08,-1.5280344E-01
3.660552E-08,-1.5222364E-01
3.665552E-08,-1.5164384E-01
3.670552E-08,-1.5111675E-01
3.675552E-08,-1.5064237E-01
3.680552E-08,-1.5022070E-01
3.685552E-08,-1.4985173E-01
3.690552E-08,-1.4964090E-01
3.695552E-08,-1.4953548E-01
3.700552E-08,-1.4953548E-01
3.705552E-08,-1.4969361E-01
3.710552E-08,-1.4990444E-01
3.715552E-08,-1.5022070E-01
3.720552E-08,-1.5064237E-01
3.725552E-08,-1.5116946E-01
3.730552E-08,-1.5174926E-01
3.735552E-08,-1.5232906E-01
3.740552E-08,-1.5296157E-01
3.745552E-08,-1.5359407E-01
3.750552E-08,-1.5422658E-01
3.755552E-08,-1.5485909E-01
3.760552E-08,-1.5538618E-01
3.765552E-08,-1.5591327E-01
3.770552E-08,-1.5633494E-01
3.775552E-08,-1.5665120E-01
3.780552E-08,-1.5691474E-01
3.785552E-08,-1.5707287E-01
3.790552E-08,-1.5712558E-01
3.795552E-08,-1.5707287E-01
3.800552E-08,-1.5691474E-01
3.805552E-08,-1.5665120E-01
3.810552E-08,-1.5628223E-01
3.815552E-08,-1.5586056E-01
3.820552E-08,-1.5538618E-01
3.825552E-08,-1.5480638E-01
3.830552E-08,-1.5417387E-01
3.835552E-08,-1.5354137E-01
3.840552E-08,-1.5285615E-01
3.845552E-08,-1.5222364E-01
3.850552E-08,-1.5153842E-01
3.855552E-08,-1.5090592E-01
3.860552E-08,-1.5027341E-01
3.865552E-08,-1.4969361E-01
3.870552E-08,-1.4916652E-01
3.875552E-08,-1.4869214E-01
3.880552E-08,-1.4832317E-01
3.885552E-08,-1.4800692E-01
3.890552E-08,-1.4774337E-01
3.895552E-08,-1.4758525E-01
3.900552E-08,-1.4747983E-01
3.905552E-08,-1.4747983E-01
3.910552E-08,-1.4753254E-01
3.915552E-08,-1.4769067E-01
3.920552E-08,-1.4784879E-01
3.925552E-08,-1.4811234E-01
3.930552E-08,-1.4837588E-01
3.935552E-08,-1.4869214E-01
3.940552E-08,-1.4900839E-01
3.945552E-08,-1.4932464E-01
3.950552E-08,-1.4969361E-01
3.955552E-08,-1.5000986E-01
3.960552E-08,-1.5032612E-01
3.965552E-08,-1.5064237E-01
3.970552E-08,-1.5090592E-01
3.975552E-08,-1.5111675E-01
3.980552E-08,-1.5127488E-01
3.985552E-08,-1.5143301E-01
3.990552E-08,-1.5148571E-01
3.995552E-08,-1.5153842E-01
4.000552E-08,-1.5148571E-01
4.005552E-08,-1.5138030E-01
4.010552E-08,-1.5127488E-01
4.015552E-08,-1.5106404E-01
4.020552E-08,-1.5085321E-01
4.025552E-08,-1.5058966E-01
4.030552E-08,-1.5032612E-01
4.035552E-08,-1.5000986E-01
4.040552E-08,-1.4964090E-01
4.045552E-08,-1.4932464E-01
4.050552E-08,-1.4895568E-01
4.055552E-08,-1.4863943E-01
4.060552E-08,-1.4832317E-01
4.065552E-08,-1.4800692E-01
4.070552E-08,-1.4769067E-01
4.075552E-08,-1.4742712E-01
4.080552E-08,-1.4721628E-01
4.085552E-08,-1.4700545E-01
4.090552E-08,-1.4679461E-01
4.095552E-08,-1.4668919E-01
4.100552E-08,-1.4658378E-01
4.105552E-08,-1.4653107E-01
4.110552E-08,-1.4647836E-01
4.115552E-08,-1.4647836E-01
4.120552E-08,-1.4653107E-01
4.125552E-08,-1.4658378E-01
4.130552E-08,-1.4663649E-01
4.135552E-08,-1.4668919E-01
4.140552E-08,-1.4679461E-01
4.145552E-08,-1.4690003E-01
4.150552E-08,-1.4695274E-01
4.155552E-08,-1.4705816E-01
4.160552E-08,-1.4711087E-01
4.165552E-08,-1.4716358E-01
4.170552E-08,-1.4716358E-01
4.175552E-08,-1.4721628E-01
4.180552E-08,-1.4716358E-01
4.185552E-08,-1.4711087E-01
4.190552E-08,-1.4705816E-01
4.195552E-08,-1.4695274E-01
4.200552E-08,-1.4679461E-01
4.205552E-08,-1.4663649E-01
4.210552E-08,-1.4642565E-01
4.215552E-08,-1.4621481E-01
4.220552E-08,-1.4595127E-01
4.225552E-08,-1.4568772E-01
4.230552E-08,-1.4542418E-01
4.235552E-08,-1.4516063E-01
4.240552E-08,-1.4484438E-01
4.245552E-08,-1.4452812E-01
4.250552E-08,-1.4421187E-01
4.255552E-08,-1.4394833E-01
4.260552E-08,-1.4363207E-01
4.265552E-08,-1.4336853E-01
4.270552E-08,-1.4310498E-01
4.275552E-08,-1.4284144E-01
4.280552E-08,-1.4263060E-01
4.285552E-08,-1.4236705E-01
4.290552E-08,-1.4220893E-01
4.295552E-08,-1.4205080E-01
4.300552E-08,-1.4189267E-01
4.305552E-08,-1.4178726E-01
4.310552E-08,-1.4168184E-01
4.315552E-08,-1.4157642E-01
4.320552E-08,-1.4152371E-01
4.325552E-08,-1.4147100E-01
4.330552E-08,-1.4141829E-01
4.335552E-08,-1.4141829E-01
4.340552E-08,-1.4141829E-01
4.345552E-08,-1.4141829E-01
4.350552E-08,-1.4141829E-01
4.355552E-08,-1.4141829E-01
4.360552E-08,-1.4147100E-01
4.365552E-08,-1.4147100E-01
4.370552E-08,-1.4152371E-01
4.375552E-08,-1.4152371E-01
4.380552E-08,-1.4152371E-01
4.385552E-08,-1.4157642E-01
4.390552E-08,-1.4157642E-01
4.395552E-08,-1.4157642E-01
4.400552E-08,-1.4157642E-01
4.405552E-08,-1.4162913E-01
4.410552E-08,-1.4162913E-01
4.415552E-08,-1.4162913E-01
4.420552E-08,-1.4162913E-01
4.425552E-08,-1.4168184E-01
4.430552E-08,-1.4168184E-01
4.435552E-08,-1.4173455E-01
4.440552E-08,-1.4173455E-01
4.445552E-08,-1.4178726E-01
4.450552E-08,-1.4183996E-01
4.455552E-08,-1.4189267E-01
4.460552E-08,-1.4194538E-01
4.465552E-08,-1.4205080E-01
4.470552E-08,-1.4215622E-01
4.475552E-08,-1.4220893E-01
4.480552E-08,-1.4231435E-01
4.485552E-08,-1.4247247E-01
4.490552E-08,-1.4257789E-01
4.495552E-08,-1.4268331E-01
4.500552E-08,-1.4284144E-01
4.505552E-08,-1.4294685E-01
4.510552E-08,-1.4310498E-01
4.515552E-08,-1.4326311E-01
4.520552E-08,-1.4336853E-01
4.525552E-08,-1.4352665E-01
4.530552E-08,-1.4363207E-01
4.535552E-08,-1.4373749E-01
4.540552E-08,-1.4384291E-01
4.545552E-08,-1.4394833E-01
4.550552E-08,-1.4405374E-01
4.555552E-08,-1.4415916E-01
4.560552E-08,-1.4421187E-01
4.565552E-08,-1.4426458E-01
4.570552E-08,-1.4437000E-01
4.575552E-08,-1.4442271E-01
4.580552E-08,-1.4447542E-01
4.585552E-08,-1.4447542E-01
4.590552E-08,-1.4452812E-01
4.595552E-08,-1.4458083E-01
4.600552E-08,-1.4463354E-01
4.605552E-08,-1.4468625E-01
4.610552E-08,-1.4468625E-01
4.615552E-08,-1.4479167E-01
4.620552E-08,-1.4484438E-01
4.625552E-08,-1.4489709E-01
4.630552E-08,-1.4500251E-01
4.635552E-08,-1.4510792E-01
4.640552E-08,-1.4526605E-01
4.645552E-08,-1.4537147E-01
4.650552E-08,-1.4552960E-01
4.655552E-08,-1.4574043E-01
4.660552E-08,-1.4595127E-01
4.665552E-08,-1.4616210E-01
4.670552E-08,-1.4637294E-01
4.675552E-08,-1.4663649E-01
4.680552E-08,-1.4690003E-01
4.685552E-08,-1.4716358E-01
4.690552E-08,-1.4742712E-01
4.695552E-08,-1.4769067E-01
4.700552E-08,-1.4800692E-01
4.705552E-08,-1.4827046E-01
4.710552E-08,-1.4858672E-01
4.715552E-08,-1.4885026E-01
4.720552E-08,-1.4911381E-01
4.725552E-08,-1.4937735E-01
4.730552E-08,-1.4964090E-01
4.735552E-08,-1.4985173E-01
4.740552E-08,-1.5006257E-01
4.745552E-08,-1.5022070E-01
4.750552E-08,-1.5037883E-01
4.755552E-08,-1.5053695E-01
4.760552E-08,-1.5064237E-01
4.765552E-08,-1.5074779E-01
4.770552E-08,-1.5080050E-01
4.775552E-08,-1.5085321E-01
4.780552E-08,-1.5085321E-01
4.785552E-08,-1.5085321E-01
4.790552E-08,-1.5080050E-01
4.795552E-08,-1.5074779E-01
4.800552E-08,-1.5069508E-01
4.805552E-08,-1.5058966E-01
4.810552E-08,-1.5048424E-01
4.815552E-08,-1.5037883E-01
4.820552E-08,-1.5032612E-01
4.825552E-08,-1.5022070E-01
4.830552E-08,-1.5011528E-01
4.835552E-08,-1.5000986E-01
4.840552E-08,-1.4990444E-01
4.845552E-08,-1.4979903E-01
4.850552E-08,-1.4974632E-01
4.855552E-08,-1.4969361E-01
4.860552E-08,-1.4964090E-01
4.865552E-08,-1.4958819E-01
4.870552E-08,-1.4958819E-01
4.875552E-08,-1.4958819E-01
4.880552E-08,-1.4958819E-01
4.885552E-08,-1.4964090E-01
4.890552E-08,-1.4969361E-01
4.895552E-08,-1.4974632E-01
4.900552E-08,-1.4979903E-01
4.905552E-08,-1.4990444E-01
4.910552E-08,-1.5000986E-01
4.915552E-08,-1.5011528E-01
4.920552E-08,-1.5022070E-01
4.925552E-08,-1.5037883E-01
4.930552E-08,-1.5048424E-01
4.935552E-08,-1.5058966E-01
4.940552E-08,-1.5069508E-01
4.945552E-08,-1.5080050E-01
4.950552E-08,-1.5090592E-01
4.955552E-08,-1.5101133E-01
4.960552E-08,-1.5106404E-01
4.965552E-08,-1.5111675E-01
4.970552E-08,-1.5111675E-01
4.975552E-08,-1.5116946E-01
4.980552E-08,-1.5116946E-01
4.985552E-08,-1.5111675E-01
4.990552E-08,-1.5106404E-01
4.995552E-08,-1.5101133E-01
5.000552E-08,-1.5095862E-01
5.005552E-08,-1.5085321E-01
5.010552E-08,-1.5080050E-01
5.015552E-08,-1.5069508E-01
5.020552E-08,-1.5053695E-01
5.025552E-08,-1.5043153E-01
5.030552E-08,-1.5032612E-01
5.035552E-08,-1.5022070E-01
5.040552E-08,-1.5006257E-01
5.045552E-08,-1.4995715E-01
5.050552E-08,-1.4985173E-01
5.055552E-08,-1.4974632E-01
5.060552E-08,-1.4964090E-01
5.065552E-08,-1.4958819E-01
5.070552E-08,-1.4948277E-01
5.075552E-08,-1.4948277E-01
5.080552E-08,-1.4943006E-01
5.085552E-08,-1.4937735E-01
5.090552E-08,-1.4937735E-01
5.095552E-08,-1.4937735E-01
5.100552E-08,-1.4943006E-01
5.105552E-08,-1.4943006E-01
5.110552E-08,-1.4948277E-01
5.115552E-08,-1.4953548E-01
5.120552E-08,-1.4958819E-01
5.125552E-08,-1.4969361E-01
5.130552E-08,-1.4974632E-01
5.135552E-08,-1.4979903E-01
5.140552E-08,-1.4990444E-01
5.145552E-08,-1.4995715E-01
5.150552E-08,-1.5000986E-01
5.155552E-08,-1.5006257E-01
5.160552E-08,-1.5011528E-01
5.165552E-08,-1.5016799E-01
5.170552E-08,-1.5022070E-01
5.175552E-08,-1.5022070E-01
5.180552E-08,-1.5022070E-01
5.185552E-08,-1.5022070E-01
5.190552E-08,-1.5022070E-01
5.195552E-08,-1.5016799E-01
5.200552E-08,-1.5011528E-01
5.205552E-08,-1.5006257E-01
5.210552E-08,-1.5000986E-01
5.215552E-08,-1.4995715E-01
5.220552E-08,-1.4985173E-01
5.225552E-08,-1.4974632E-01
5.230552E-08,-1.4969361E-01
5.235552E-08,-1.4958819E-01
5.240552E-08,-1.4948277E-01
5.245552E-08,-1.4937735E-01
5.250552E-08,-1.4927194E-01
5.255552E-08,-1.4921923E-01
5.260552E-08,-1.4911381E-01
5.265552E-08,-1.4900839E-01
5.270552E-08,-1.4895568E-01
5.275552E-08,-1.4890297E-01
5.280552E-08,-1.4879755E-01
5.285552E-08,-1.4874485E-01
5.290552E-08,-1.4874485E-01
5.295552E-08,-1.4869214E-01
5.300552E-08,-1.4869214E-01
5.305552E-08,-1.4863943E-01
5.310552E-08,-1.4863943E-01
5.315552E-08,-1.4863943E-01
5.320552E-08,-1.4863943E-01
5.325552E-08,-1.4863943E-01
5.330552E-08,-1.4863943E-01
5.335552E-08,-1.4869214E-01
5.340552E-08,-1.4869214E-01
5.345552E-08,-1.4869214E-01
5.350552E-08,-1.4869214E-01
5.355552E-08,-1.4874485E-01
5.360552E-08,-1.4874485E-01
5.365552E-08,-1.4874485E-01
5.370552E-08,-1.4874485E-01
5.375552E-08,-1.4874485E-01
5.380552E-08,-1.4869214E-01
5.385552E-08,-1.4869214E-01
5.390552E-08,-1.4869214E-01
5.395552E-08,-1.4863943E-01
5.400552E-08,-1.4858672E-01
5.405552E-08,-1.4853401E-01
5.410552E-08,-1.4848130E-01
5.415552E-08,-1.4842859E-01
5.420552E-08,-1.4837588E-01
5.425552E-08,-1.4832317E-01
5.430552E-08,-1.4827046E-01
5.435552E-08,-1.4821776E-01
5.440552E-08,-1.4811234E-01
5.445552E-08,-1.4805963E-01
5.450552E-08,-1.4800692E-01
5.455552E-08,-1.4795421E-01
5.460552E-08,-1.4790150E-01
5.465552E-08,-1.4784879E-01
5.470552E-08,-1.4779608E-01
5.475552E-08,-1.4774337E-01
5.480552E-08,-1.4769067E-01
5.485552E-08,-1.4763796E-01
5.490552E-08,-1.4758525E-01
5.495552E-08,-1.4758525E-01
5.500552E-08,-1.4753254E-01
5.505552E-08,-1.4747983E-01
5.510552E-08,-1.4747983E-01
5.515552E-08,-1.4742712E-01
5.520552E-08,-1.4742712E-01
5.525552E-08,-1.4737441E-01
5.530552E-08,-1.4737441E-01
5.535552E-08,-1.4737441E-01
5.540552E-08,-1.4732170E-01
5.545552E-08,-1.4732170E-01
5.550552E-08,-1.4732170E-01
5.555552E-08,-1.4732170E-01
5.560552E-08,-1.4732170E-01
5.565552E-08,-1.4732170E-01
5.570552E-08,-1.4737441E-01
5.575552E-08,-1.4737441E-01
5.580552E-08,-1.4737441E-01
5.585552E-08,-1.4742712E-01
5.590552E-08,-1.4742712E-01
5.595552E-08,-1.4747983E-01
5.600552E-08,-1.4753254E-01
5.605552E-08,-1.4753254E-01
5.610552E-08,-1.4758525E-01
5.615552E-08,-1.4763796E-01
5.620552E-08,-1.4769067E-01
5.625552E-08,-1.4769067E-01
5.630552E-08,-1.4774337E-01
5.635552E-08,-1.4779608E-01
5.640552E-08,-1.4784879E-01
5.645552E-08,-1.4784879E-01
5.650552E-08,-1.4790150E-01
5.655552E-08,-1.4795421E-01
5.660552E-08,-1.4795421E-01
5.665552E-08,-1.4800692E-01
5.670552E-08,-1.4800692E-01
5.675552E-08,-1.4800692E-01
5.680552E-08,-1.4805963E-01
5.685552E-08,-1.4805963E-01
5.690552E-08,-1.4805963E-01
5.695552E-08,-1.4805963E-01
5.700552E-08,-1.4800692E-01
5.705552E-08,-1.4800692E-01
5.710552E-08,-1.4800692E-01
5.715552E-08,-1.4795421E-01
5.720552E-08,-1.4795421E-01
5.725552E-08,-1.4790150E-01
5.730552E-08,-1.4784879E-01
5.735552E-08,-1.4779608E-01
5.740552E-08,-1.4774337E-01
5.745552E-08,-1.4774337E-01
5.750552E-08,-1.4769067E-01
5.755552E-08,-1.4763796E-01
5.760552E-08,-1.4758525E-01
5.765552E-08,-1.4753254E-01
5.770552E-08,-1.4747983E-01
5.775552E-08,-1.4742712E-01
5.780552E-08,-1.4737441E-01
5.785552E-08,-1.4732170E-01
5.790552E-08,-1.4726899E-01
5.795552E-08,-1.4726899E-01
5.800552E-08,-1.4721628E-01
5.805552E-08,-1.4721628E-01
5.810552E-08,-1.4716358E-01
5.815552E-08,-1.4716358E-01
5.820552E-08,-1.4716358E-01
5.825552E-08,-1.4716358E-01
5.830552E-08,-1.4716358E-01
5.835552E-08,-1.4716358E-01
5.840552E-08,-1.4716358E-01
5.845552E-08,-1.4716358E-01
5.850552E-08,-1.4716358E-01
5.855552E-08,-1.4721628E-01
5.860552E-08,-1.4721628E-01
5.865552E-08,-1.4726899E-01
5.870552E-08,-1.4726899E-01
5.875552E-08,-1.4732170E-01
5.880552E-08,-1.4732170E-01
5.885552E-08,-1.4737441E-01
5.890552E-08,-1.4742712E-01
5.895552E-08,-1.4742712E-01
5.900552E-08,-1.4747983E-01
5.905552E-08,-1.4747983E-01
5.910552E-08,-1.4747983E-01
5.915552E-08,-1.4753254E-01
5.920552E-08,-1.4753254E-01
5.925552E-08,-1.4753254E-01
5.930552E-08,-1.4758525E-01
5.935552E-08,-1.4758525E-01
5.940552E-08,-1.4758525E-01
5.945552E-08,-1.4758525E-01
5.950552E-08,-1.4758525E-01
5.955552E-08,-1.4758525E-01
5.960552E-08,-1.4758525E-01
5.965552E-08,-1.4758525E-01
5.970552E-08,-1.4758525E-01
5.975552E-08,-1.4763796E-01
5.980552E-08,-1.4763796E-01
5.985552E-08,-1.4763796E-01
5.990552E-08,-1.4763796E-01
5.995552E-08,-1.4763796E-01
6.000552E-08,-1.4769067E-01
6.005552E-08,-1.4769067E-01
6.010552E-08,-1.4774337E-01
6.015552E-08,-1.4774337E-01
6.020552E-08,-1.4779608E-01
6.025552E-08,-1.4784879E-01
6.030552E-08,-1.4790150E-01
6.035552E-08,-1.4790150E-01
6.040552E-08,-1.4795421E-01
6.045552E-08,-1.4805963E-01
6.050552E-08,-1.4811234E-01
6.055552E-08,-1.4816505E-01
6.060552E-08,-1.4821776E-01
6.065552E-08,-1.4832317E-01
6.070552E-08,-1.4837588E-01
6.075552E-08,-1.4848130E-01
6.080552E-08,-1.4853401E-01
6.085552E-08,-1.4858672E-01
6.090552E-08,-1.4869214E-01
6.095552E-08,-1.4874485E-01
6.100552E-08,-1.4885026E-01
6.105552E-08,-1.4890297E-01
6.110552E-08,-1.4895568E-01
6.115552E-08,-1.4906110E-01
6.120552E-08,-1.4911381E-01
6.125552E-08,-1.4916652E-01
6.130552E-08,-1.4921923E-01
6.135552E-08,-1.4927194E-01
6.140552E-08,-1.4932464E-01
6.145552E-08,-1.4932464E-01
6.150552E-08,-1.4937735E-01
6.155552E-08,-1.4937735E-01
6.160552E-08,-1.4943006E-01
6.165552E-08,-1.4943006E-01
6.170552E-08,-1.4943006E-01
6.175552E-08,-1.4948277E-01
6.180552E-08,-1.4948277E-01
6.185552E-08,-1.4948277E-01
6.190552E-08,-1.4948277E-01
6.195552E-08,-1.4948277E-01
6.200552E-08,-1.4948277E-01
6.205552E-08,-1.4948277E-01
6.210552E-08,-1.4943006E-01
6.215552E-08,-1.4943006E-01
6.220552E-08,-1.4943006E-01
6.225552E-08,-1.4943006E-01
6.230552E-08,-1.4943006E-01
6.235552E-08,-1.4943006E-01
6.240552E-08,-1.4943006E-01
6.245552E-08,-1.4943006E-01
6.250552E-08,-1.4943006E-01
6.255552E-08,-1.4943006E-01
6.260552E-08,-1.4948277E-01
6.265552E-08,-1.4948277E-01
6.270552E-08,-1.4948277E-01
6.275552E-08,-1.4953548E-01
6.280552E-08,-1.4953548E-01
6.285552E-08,-1.4958819E-01
6.290552E-08,-1.4958819E-01
6.295552E-08,-1.4964090E-01
6.300552E-08,-1.4969361E-01
6.305552E-08,-1.4969361E-01
6.310552E-08,-1.4974632E-01
6.315552E-08,-1.4979903E-01
6.320552E-08,-1.4979903E-01
6.325552E-08,-1.4985173E-01
6.330552E-08,-1.4990444E-01
6.335552E-08,-1.4990444E-01
6.340552E-08,-1.4995715E-01
6.345552E-08,-1.5000986E-01
6.350552E-08,-1.5000986E-01
6.355552E-08,-1.5006257E-01
6.360552E-08,-1.5011528E-01
6.365552E-08,-1.5011528E-01
6.370552E-08,-1.5011528E-01
6.375552E-08,-1.5016799E-01
6.380552E-08,-1.5016799E-01
6.385552E-08,-1.5016799E-01
6.390552E-08,-1.5016799E-01
6.395552E-08,-1.5016799E-01
6.400552E-08,-1.5016799E-01
6.405552E-08,-1.5016799E-01
6.410552E-08,-1.5016799E-01
6.415552E-08,-1.5016799E-01
6.420552E-08,-1.5016799E-01
6.425552E-08,-1.5011528E-01
6.430552E-08,-1.5011528E-01
6.435552E-08,-1.5006257E-01
6.440552E-08,-1.5000986E-01
6.445552E-08,-1.5000986E-01
6.450552E-08,-1.4995715E-01
6.455552E-08,-1.4990444E-01
6.460552E-08,-1.4985173E-01
6.465552E-08,-1.4979903E-01
6.470552E-08,-1.4974632E-01
6.475552E-08,-1.4969361E-01
6.480552E-08,-1.4964090E-01
6.485552E-08,-1.4958819E-01
6.490552E-08,-1.4953548E-01
6.495552E-08,-1.4948277E-01
6.500552E-08,-1.4943006E-01
6.505552E-08,-1.4937735E-01
6.510552E-08,-1.4932464E-01
6.515552E-08,-1.4921923E-01
6.520552E-08,-1.4916652E-01
6.525552E-08,-1.4911381E-01
6.530552E-08,-1.4906110E-01
6.535552E-08,-1.4906110E-01
6.540552E-08,-1.4900839E-01
6.545552E-08,-1.4895568E-01
6.550552E-08,-1.4890297E-01
6.555552E-08,-1.4890297E-01
6.560552E-08,-1.4885026E-01
6.565552E-08,-1.4885026E-01
6.570552E-08,-1.4885026E-01
6.575552E-08,-1.4879755E-01
6.580552E-08,-1.4879755E-01
6.585552E-08,-1.4879755E-01
6.590552E-08,-1.4879755E-01
6.595552E-08,-1.4879755E-01
6.600552E-08,-1.4879755E-01
6.605552E-08,-1.4885026E-01
6.610552E-08,-1.4885026E-01
6.615552E-08,-1.4885026E-01
6.620552E-08,-1.4885026E-01
6.625552E-08,-1.4890297E-01
6.630552E-08,-1.4890297E-01
6.635552E-08,-1.4890297E-01
6.640552E-08,-1.4895568E-01
6.645552E-08,-1.4895568E-01
6.650552E-08,-1.4895568E-01
6.655552E-08,-1.4895568E-01
6.660552E-08,-1.4895568E-01
6.665552E-08,-1.4895568E-01
6.670552E-08,-1.4895568E-01
6.675552E-08,-1.4895568E-01
6.680552E-08,-1.4895568E-01
6.685552E-08,-1.4890297E-01
6.690552E-08,-1.4890297E-01
6.695552E-08,-1.4885026E-01
6.700552E-08,-1.4879755E-01
6.705552E-08,-1.4874485E-01
6.710552E-08,-1.4869214E-01
6.715552E-08,-1.4863943E-01
6.720552E-08,-1.4853401E-01
6.725552E-08,-1.4848130E-01
6.730552E-08,-1.4837588E-01
6.735552E-08,-1.4832317E-01
6.740552E-08,-1.4821776E-01
6.745552E-08,-1.4816505E-01
6.750552E-08,-1.4805963E-01
6.755552E-08,-1.4800692E-01
6.760552E-08,-1.4790150E-01
6.765552E-08,-1.4784879E-01
6.770552E-08,-1.4779608E-01
6.775552E-08,-1.4774337E-01
6.780552E-08,-1.4763796E-01
6.785552E-08,-1.4763796E-01
6.790552E-08,-1.4758525E-01
6.795552E-08,-1.4753254E-01
6.800552E-08,-1.4753254E-01
6.805552E-08,-1.4747983E-01
6.810552E-08,-1.4747983E-01
6.815552E-08,-1.4747983E-01
6.820552E-08,-1.4753254E-01
6.825552E-08,-1.4753254E-01
6.830552E-08,-1.4758525E-01
6.835552E-08,-1.4758525E-01
6.840552E-08,-1.4763796E-01
6.845552E-08,-1.4769067E-01
6.850552E-08,-1.4774337E-01
6.855552E-08,-1.4779608E-01
6.860552E-08,-1.4790150E-01
6.865552E-08,-1.4795421E-01
6.870552E-08,-1.4800692E-01
6.875552E-08,-1.4805963E-01
6.880552E-08,-1.4816505E-01
6.885552E-08,-1.4821776E-01
6.890552E-08,-1.4827046E-01
6.895552E-08,-1.4832317E-01
6.900552E-08,-1.4837588E-01
6.905552E-08,-1.4842859E-01
6.910552E-08,-1.4848130E-01
6.915552E-08,-1.4848130E-01
6.920552E-08,-1.4853401E-01
6.925552E-08,-1.4853401E-01
6.930552E-08,-1.4853401E-01
6.935552E-08,-1.4858672E-01
6.940552E-08,-1.4858672E-01
6.945552E-08,-1.4853401E-01
6.950552E-08,-1.4853401E-01
6.955552E-08,-1.4853401E-01
6.960552E-08,-1.4848130E-01
6.965552E-08,-1.4848130E-01
6.970552E-08,-1.4842859E-01
6.975552E-08,-1.4842859E-01
6.980552E-08,-1.4837588E-01
6.985552E-08,-1.4837588E-01
6.990552E-08,-1.4832317E-01
6.995552E-08,-1.4827046E-01
7.000552E-08,-1.4827046E-01
7.005552E-08,-1.4827046E-01
7.010552E-08,-1.4821776E-01
7.015552E-08,-1.4821776E-01
7.020552E-08,-1.4821776E-01
7.025552E-08,-1.4821776E-01
7.030552E-08,-1.4821776E-01
7.035552E-08,-1.4821776E-01
7.040552E-08,-1.4821776E-01
7.045552E-08,-1.4821776E-01
7.050552E-08,-1.4827046E-01
7.055552E-08,-1.4827046E-01
7.060552E-08,-1.4832317E-01
7.065552E-08,-1.4837588E-01
7.070552E-08,-1.4842859E-01
7.075552E-08,-1.4842859E-01
7.080552E-08,-1.4848130E-01
7.085552E-08,-1.4853401E-01
7.090552E-08,-1.4858672E-01
7.095552E-08,-1.4863943E-01
7.100552E-08,-1.4869214E-01
7.105552E-08,-1.4874485E-01
7.110552E-08,-1.4879755E-01
7.115552E-08,-1.4885026E-01
7.120552E-08,-1.4885026E-01
7.125552E-08,-1.4890297E-01
7.130552E-08,-1.4890297E-01
7.135552E-08,-1.4895568E-01
7.140552E-08,-1.4895568E-01
7.145552E-08,-1.4900839E-01
7.150552E-08,-1.4900839E-01
7.155552E-08,-1.4900839E-01
7.160552E-08,-1.4900839E-01
7.165552E-08,-1.4900839E-01
7.170552E-08,-1.4900839E-01
7.175552E-08,-1.4900839E-01
7.180552E-08,-1.4900839E-01
7.185552E-08,-1.4895568E-01
7.190552E-08,-1.4895568E-01
7.195552E-08,-1.4895568E-01
7.200552E-08,-1.4890297E-01
7.205552E-08,-1.4890297E-01
7.210552E-08,-1.4890297E-01
7.215552E-08,-1.4885026E-01
7.220552E-08,-1.4885026E-01
7.225552E-08,-1.4885026E-01
7.230552E-08,-1.4885026E-01
7.235552E-08,-1.4879755E-01
7.240552E-08,-1.4879755E-01
7.245552E-08,-1.4879755E-01
7.250552E-08,-1.4879755E-01
7.255552E-08,-1.4879755E-01
7.260552E-08,-1.4879755E-01
7.265552E-08,-1.4885026E-01
7.270552E-08,-1.4885026E-01
7.275552E-08,-1.4885026E-01
7.280552E-08,-1.4885026E-01
7.285552E-08,-1.4885026E-01
7.290552E-08,-1.4890297E-01
7.295552E-08,-1.4890297E-01
7.300552E-08,-1.4890297E-01
7.305552E-08,-1.4895568E-01
7.310552E-08,-1.4895568E-01
7.315552E-08,-1.4895568E-01
7.320552E-08,-1.4900839E-01
7.325552E-08,-1.4900839E-01
7.330552E-08,-1.4900839E-01
7.335552E-08,-1.4900839E-01
7.340552E-08,-1.4906110E-01
7.345552E-08,-1.4906110E-01
7.350552E-08,-1.4906110E-01
7.355552E-08,-1.4906110E-01
7.360552E-08,-1.4906110E-01
7.365552E-08,-1.4911381E-01
7.370552E-08,-1.4911381E-01
7.375552E-08,-1.4911381E-01
7.380552E-08,-1.4911381E-01
7.385552E-08,-1.4911381E-01
7.390552E-08,-1.4911381E-01
7.395552E-08,-1.4916652E-01
7.400552E-08,-1.4916652E-01
7.405552E-08,-1.4916652E-01
7.410552E-08,-1.4916652E-01
7.415552E-08,-1.4916652E-01
7.420552E-08,-1.4921923E-01
7.425552E-08,-1.4921923E-01
7.430552E-08,-1.4921923E-01
7.435552E-08,-1.4927194E-01
7.440552E-08,-1.4927194E-01
7.445552E-08,-1.4927194E-01
7.450552E-08,-1.4932464E-01
7.455552E-08,-1.4932464E-01
7.460552E-08,-1.4932464E-01
7.465552E-08,-1.4937735E-01
7.470552E-08,-1.4937735E-01
7.475552E-08,-1.4937735E-01
7.480552E-08,-1.4937735E-01
7.485552E-08,-1.4943006E-01
7.490552E-08,-1.4943006E-01
7.495552E-08,-1.4943006E-01
7.500552E-08,-1.4943006E-01
7.505552E-08,-1.4943006E-01
7.510552E-08,-1.4943006E-01
7.515552E-08,-1.4937735E-01
7.520552E-08,-1.4937735E-01
7.525552E-08,-1.4937735E-01
7.530552E-08,-1.4932464E-01
7.535552E-08,-1.4932464E-01
7.540552E-08,-1.4927194E-01
7.545552E-08,-1.4927194E-01
7.550552E-08,-1.4921923E-01
7.555552E-08,-1.4916652E-01
7.560552E-08,-1.4911381E-01
7.565552E-08,-1.4906110E-01
7.570552E-08,-1.4906110E-01
7.575552E-08,-1.4900839E-01
7.580552E-08,-1.4895568E-01
7.585552E-08,-1.4890297E-01
7.590552E-08,-1.4885026E-01
7.595552E-08,-1.4885026E-01
7.600552E-08,-1.4879755E-01
7.605552E-08,-1.4874485E-01
7.610552E-08,-1.4874485E-01
7.615552E-08,-1.4869214E-01
7.620552E-08,-1.4869214E-01
7.625552E-08,-1.4869214E-01
7.630552E-08,-1.4863943E-01
7.635552E-08,-1.4863943E-01
7.640552E-08,-1.4863943E-01
7.645552E-08,-1.4863943E-01
7.650552E-08,-1.4863943E-01
7.655552E-08,-1.4863943E-01
7.660552E-08,-1.4869214E-01
7.665552E-08,-1.4869214E-01
7.670552E-08,-1.4869214E-01
7.675552E-08,-1.4874485E-01
7.680552E-08,-1.4874485E-01
7.685552E-08,-1.4879755E-01
7.690552E-08,-1.4879755E-01
7.695552E-08,-1.4879755E-01
7.700552E-08,-1.4885026E-01
7.705552E-08,-1.4885026E-01
7.710552E-08,-1.4885026E-01
7.715552E-08,-1.4890297E-01
7.720552E-08,-1.4890297E-01
7.725552E-08,-1.4890297E-01
7.730552E-08,-1.4890297E-01
7.735552E-08,-1.4890297E-01
7.740552E-08,-1.4890297E-01
7.745552E-08,-1.4890297E-01
7.750552E-08,-1.4890297E-01
7.755552E-08,-1.4890297E-01
7.760552E-08,-1.4890297E-01
7.765552E-08,-1.4885026E-01
7.770552E-08,-1.4885026E-01
7.775552E-08,-1.4879755E-01
7.780552E-08,-1.4879755E-01
7.785552E-08,-1.4874485E-01
7.790552E-08,-1.4874485E-01
7.795552E-08,-1.4869214E-01
7.800552E-08,-1.4869214E-01
7.805552E-08,-1.4869214E-01
7.810552E-08,-1.4863943E-01
7.815552E-08,-1.4863943E-01
7.820552E-08,-1.4858672E-01
7.825552E-08,-1.4858672E-01
7.830552E-08,-1.4858672E-01
7.835552E-08,-1.4853401E-01
7.840552E-08,-1.4853401E-01
7.845552E-08,-1.4853401E-01
7.850552E-08,-1.4853401E-01
7.855552E-08,-1.4853401E-01
7.860552E-08,-1.4853401E-01
7.865552E-08,-1.4853401E-01
7.870552E-08,-1.4858672E-01
7.875552E-08,-1.4858672E-01
7.880552E-08,-1.4858672E-01
7.885552E-08,-1.4858672E-01
7.890552E-08,-1.4863943E-01
7.895552E-08,-1.4863943E-01
7.900552E-08,-1.4863943E-01
7.905552E-08,-1.4863943E-01
7.910552E-08,-1.4863943E-01
7.915552E-08,-1.4869214E-01
7.920552E-08,-1.4869214E-01
7.925552E-08,-1.4869214E-01
7.930552E-08,-1.4869214E-01
7.935552E-08,-1.4869214E-01
7.940552E-08,-1.4863943E-01
7.945552E-08,-1.4863943E-01
7.950552E-08,-1.4863943E-01
7.955552E-08,-1.4863943E-01
7.960552E-08,-1.4858672E-01
7.965552E-08,-1.4858672E-01
7.970552E-08,-1.4853401E-01
7.975552E-08,-1.4848130E-01
7.980552E-08,-1.4848130E-01
7.985552E-08,-1.4842859E-01
7.990552E-08,-1.4837588E-01
7.995552E-08,-1.4832317E-01
8.000552E-08,-1.4832317E-01
8.005552E-08,-1.4827046E-01
8.010552E-08,-1.4821776E-01
8.015552E-08,-1.4816505E-01
8.020552E-08,-1.4811234E-01
8.025552E-08,-1.4811234E-01
8.030552E-08,-1.4805963E-01
8.035552E-08,-1.4805963E-01
8.040552E-08,-1.4800692E-01
8.045552E-08,-1.4800692E-01
8.050552E-08,-1.4795421E-01
8.055552E-08,-1.4795421E-01
8.060552E-08,-1.4795421E-01
8.065552E-08,-1.4790150E-01
8.070552E-08,-1.4790150E-01
8.075552E-08,-1.4790150E-01
8.080552E-08,-1.4795421E-01
8.085552E-08,-1.4795421E-01
8.090552E-08,-1.4795421E-01
8.095552E-08,-1.4795421E-01
8.100552E-08,-1.4795421E-01
8.105552E-08,-1.4800692E-01
8.110552E-08,-1.4800692E-01
8.115552E-08,-1.4800692E-01
8.120552E-08,-1.4805963E-01
8.125552E-08,-1.4805963E-01
8.130552E-08,-1.4805963E-01
8.135552E-08,-1.4805963E-01
8.140552E-08,-1.4805963E-01
8.145552E-08,-1.4811234E-01
8.150552E-08,-1.4811234E-01
8.155552E-08,-1.4811234E-01
8.160552E-08,-1.4811234E-01
8.165552E-08,-1.4811234E-01
8.170552E-08,-1.4805963E-01
8.175552E-08,-1.4805963E-01
8.180552E-08,-1.4805963E-01
8.185552E-08,-1.4805963E-01
8.190552E-08,-1.4800692E-01
8.195552E-08,-1.4800692E-01
8.200552E-08,-1.4800692E-01
8.205552E-08,-1.4795421E-01
8.210552E-08,-1.4795421E-01
8.215552E-08,-1.4790150E-01
8.220552E-08,-1.4790150E-01
8.225552E-08,-1.4784879E-01
8.230552E-08,-1.4784879E-01
8.235552E-08,-1.4784879E-01
8.240552E-08,-1.4784879E-01
8.245552E-08,-1.4779608E-01
8.250552E-08,-1.4779608E-01
8.255552E-08,-1.4779608E-01
8.260552E-08,-1.4779608E-01
8.265552E-08,-1.4779608E-01
8.270552E-08,-1.4784879E-01
8.275552E-08,-1.4784879E-01
8.280552E-08,-1.4784879E-01
8.285552E-08,-1.4790150E-01
8.290552E-08,-1.4790150E-01
8.295552E-08,-1.4795421E-01
8.300552E-08,-1.4800692E-01
8.305552E-08,-1.4800692E-01
8.310552E-08,-1.4805963E-01
8.315552E-08,-1.4811234E-01
8.320552E-08,-1.4816505E-01
8.325552E-08,-1.4821776E-01
8.330552E-08,-1.4827046E-01
8.335552E-08,-1.4832317E-01
8.340552E-08,-1.4832317E-01
8.345552E-08,-1.4837588E-01
8.350552E-08,-1.4842859E-01
8.355552E-08,-1.4848130E-01
8.360552E-08,-1.4853401E-01
8.365552E-08,-1.4853401E-01
8.370552E-08,-1.4858672E-01
8.375552E-08,-1.4863943E-01
8.380552E-08,-1.4863943E-01
8.385552E-08,-1.4869214E-01
8.390552E-08,-1.4869214E-01
8.395552E-08,-1.4874485E-01
8.400552E-08,-1.4874485E-01
8.405552E-08,-1.4874485E-01
8.410552E-08,-1.4879755E-01
8.415552E-08,-1.4879755E-01
8.420552E-08,-1.4879755E-01
8.425552E-08,-1.4879755E-01
8.430552E-08,-1.4879755E-01
8.435552E-08,-1.4879755E-01
8.440552E-08,-1.4879755E-01
8.445552E-08,-1.4879755E-01
8.450552E-08,-1.4879755E-01
8.455552E-08,-1.4879755E-01
8.460552E-08,-1.4885026E-01
8.465552E-08,-1.4885026E-01
8.470552E-08,-1.4885026E-01
8.475552E-08,-1.4885026E-01
8.480552E-08,-1.4885026E-01
8.485552E-08,-1.4890297E-01
8.490552E-08,-1.4890297E-01
8.495552E-08,-1.4890297E-01
8.500552E-08,-1.4895568E-01
8.505552E-08,-1.4895568E-01
8.510552E-08,-1.4900839E-01
8.515552E-08,-1.4900839E-01
8.520552E-08,-1.4906110E-01
8.525552E-08,-1.4906110E-01
8.530552E-08,-1.4911381E-01
8.535552E-08,-1.4916652E-01
8.540552E-08,-1.4916652E-01
8.545552E-08,-1.4921923E-01
8.550552E-08,-1.4927194E-01
8.555552E-08,-1.4927194E-01
8.560552E-08,-1.4932464E-01
8.565552E-08,-1.4937735E-01
8.570552E-08,-1.4937735E-01
8.575552E-08,-1.4943006E-01
8.580552E-08,-1.4943006E-01
8.585552E-08,-1.4948277E-01
8.590552E-08,-1.4948277E-01
8.595552E-08,-1.4953548E-01
8.600552E-08,-1.4953548E-01
8.605552E-08,-1.4953548E-01
8.610552E-08,-1.4958819E-01
8.615552E-08,-1.4958819E-01
8.620552E-08,-1.4958819E-01
8.625552E-08,-1.4958819E-01
8.630552E-08,-1.4958819E-01
8.635552E-08,-1.4958819E-01
8.640552E-08,-1.4964090E-01
8.645552E-08,-1.4964090E-01
8.650552E-08,-1.4958819E-01
8.655552E-08,-1.4958819E-01
8.660552E-08,-1.4958819E-01
8.665552E-08,-1.4958819E-01
8.670552E-08,-1.4958819E-01
8.675552E-08,-1.4958819E-01
8.680552E-08,-1.4958819E-01
8.685552E-08,-1.4953548E-01
8.690552E-08,-1.4953548E-01
8.695552E-08,-1.4953548E-01
8.700552E-08,-1.4953548E-01
8.705552E-08,-1.4948277E-01
8.710552E-08,-1.4948277E-01
8.715552E-08,-1.4948277E-01
8.720552E-08,-1.4943006E-01
8.725552E-08,-1.4943006E-01
8.730552E-08,-1.4943006E-01
8.735552E-08,-1.4937735E-01
8.740552E-08,-1.4937735E-01
8.745552E-08,-1.4932464E-01
8.750552E-08,-1.4932464E-01
8.755552E-08,-1.4927194E-01
8.760552E-08,-1.4927194E-01
8.765552E-08,-1.4921923E-01
8.770552E-08,-1.4921923E-01
8.775552E-08,-1.4916652E-01
8.780552E-08,-1.4911381E-01
8.785552E-08,-1.4911381E-01
8.790552E-08,-1.4906110E-01
8.795552E-08,-1.4906110E-01
8.800552E-08,-1.4900839E-01
8.805552E-08,-1.4895568E-01
8.810552E-08,-1.4895568E-01
8.815552E-08,-1.4890297E-01
8.820552E-08,-1.4890297E-01
8.825552E-08,-1.4885026E-01
8.830552E-08,-1.4879755E-01
8.835552E-08,-1.4879755E-01
8.840552E-08,-1.4874485E-01
8.845552E-08,-1.4874485E-01
8.850552E-08,-1.4869214E-01
8.855552E-08,-1.4863943E-01
8.860552E-08,-1.4863943E-01
8.865552E-08,-1.4858672E-01
8.870552E-08,-1.4858672E-01
8.875552E-08,-1.4853401E-01
8.880552E-08,-1.4853401E-01
8.885552E-08,-1.4848130E-01
8.890552E-08,-1.4848130E-01
8.895552E-08,-1.4842859E-01
8.900552E-08,-1.4842859E-01
8.905552E-08,-1.4837588E-01
8.910552E-08,-1.4837588E-01
8.915552E-08,-1.4837588E-01
8.920552E-08,-1.4832317E-01
8.925552E-08,-1.4832317E-01
8.930552E-08,-1.4827046E-01
8.935552E-08,-1.4827046E-01
8.940552E-08,-1.4827046E-01
8.945552E-08,-1.4821776E-01
8.950552E-08,-1.4821776E-01
8.955552E-08,-1.4821776E-01
8.960552E-08,-1.4821776E-01
8.965552E-08,-1.4816505E-01
8.970552E-08,-1.4816505E-01
8.975552E-08,-1.4816505E-01
8.980552E-08,-1.4816505E-01
8.985552E-08,-1.4816505E-01
8.990552E-08,-1.4816505E-01
8.995552E-08,-1.4816505E-01
9.000552E-08,-1.4816505E-01
9.005552E-08,-1.4816505E-01
9.010552E-08,-1.4816505E-01
9.015552E-08,-1.4821776E-01
9.020552E-08,-1.4821776E-01
9.025552E-08,-1.4821776E-01
9.030552E-08,-1.4827046E-01
9.035552E-08,-1.4827046E-01
9.040552E-08,-1.4832317E-01
9.045552E-08,-1.4837588E-01
9.050552E-08,-1.4842859E-01
9.055552E-08,-1.4848130E-01
9.060552E-08,-1.4853401E-01
9.065552E-08,-1.4858672E-01
9.070552E-08,-1.4863943E-01
9.075552E-08,-1.4869214E-01
9.080552E-08,-1.4874485E-01
9.085552E-08,-1.4879755E-01
9.090552E-08,-1.4885026E-01
9.095552E-08,-1.4890297E-01
9.100552E-08,-1.4895568E-01
9.105552E-08,-1.4900839E-01
9.110552E-08,-1.4906110E-01
9.115552E-08,-1.4911381E-01
9.120552E-08,-1.4916652E-01
9.125552E-08,-1.4921923E-01
9.130552E-08,-1.4921923E-01
9.135552E-08,-1.4927194E-01
9.140552E-08,-1.4927194E-01
9.145552E-08,-1.4932464E-01
9.150552E-08,-1.4932464E-01
9.155552E-08,-1.4932464E-01
9.160552E-08,-1.4932464E-01
9.165552E-08,-1.4932464E-01
9.170552E-08,-1.4932464E-01
9.175552E-08,-1.4932464E-01
9.180552E-08,-1.4927194E-01
9.185552E-08,-1.4927194E-01
9.190552E-08,-1.4921923E-01
9.195552E-08,-1.4916652E-01
9.200552E-08,-1.4916652E-01
9.205552E-08,-1.4911381E-01
9.210552E-08,-1.4906110E-01
9.215552E-08,-1.4900839E-01
9.220552E-08,-1.4895568E-01
9.225552E-08,-1.4895568E-01
9.230552E-08,-1.4890297E-01
9.235552E-08,-1.4885026E-01
9.240552E-08,-1.4879755E-01
9.245552E-08,-1.4879755E-01
9.250552E-08,-1.4874485E-01
9.255552E-08,-1.4874485E-01
9.260552E-08,-1.4874485E-01
9.265552E-08,-1.4869214E-01
9.270552E-08,-1.4869214E-01
9.275552E-08,-1.4869214E-01
9.280552E-08,-1.4869214E-01
9.285552E-08,-1.4869214E-01
9.290552E-08,-1.4874485E-01
9.295552E-08,-1.4874485E-01
9.300552E-08,-1.4879755E-01
9.305552E-08,-1.4879755E-01
9.310552E-08,-1.4885026E-01
9.315552E-08,-1.4890297E-01
9.320552E-08,-1.4890297E-01
9.325552E-08,-1.4895568E-01
9.330552E-08,-1.4900839E-01
9.335552E-08,-1.4906110E-01
9.340552E-08,-1.4911381E-01
9.345552E-08,-1.4916652E-01
9.350552E-08,-1.4921923E-01
9.355552E-08,-1.4921923E-01
9.360552E-08,-1.4927194E-01
9.365552E-08,-1.4932464E-01
9.370552E-08,-1.4937735E-01
9.375552E-08,-1.4937735E-01
9.380552E-08,-1.4937735E-01
9.385552E-08,-1.4943006E-01
9.390552E-08,-1.4943006E-01
9.395552E-08,-1.4943006E-01
9.400552E-08,-1.4943006E-01
9.405552E-08,-1.4943006E-01
9.410552E-08,-1.4943006E-01
9.415552E-08,-1.4937735E-01
9.420552E-08,-1.4937735E-01
9.425552E-08,-1.4937735E-01
9.430552E-08,-1.4932464E-01
9.435552E-08,-1.4927194E-01
9.440552E-08,-1.4927194E-01
9.445552E-08,-1.4921923E-01
9.450552E-08,-1.4916652E-01
9.455552E-08,-1.4916652E-01
9.460552E-08,-1.4911381E-01
9.465552E-08,-1.4906110E-01
9.470552E-08,-1.4900839E-01
9.475552E-08,-1.4900839E-01
9.480552E-08,-1.4895568E-01
9.485552E-08,-1.4890297E-01
9.490552E-08,-1.4890297E-01
9.495552E-08,-1.4885026E-01
9.500552E-08,-1.4885026E-01
9.505552E-08,-1.4879755E-01
9.510552E-08,-1.4879755E-01
9.515552E-08,-1.4879755E-01
9.520552E-08,-1.4879755E-01
9.525552E-08,-1.4879755E-01
9.530552E-08,-1.4879755E-01
9.535552E-08,-1.4885026E-01
9.540552E-08,-1.4885026E-01
9.545552E-08,-1.4885026E-01
9.550552E-08,-1.4890297E-01
9.555552E-08,-1.4890297E-01
9.560552E-08,-1.4895568E-01
9.565552E-08,-1.4900839E-01
9.570552E-08,-1.4906110E-01
9.575552E-08,-1.4911381E-01
9.580552E-08,-1.4911381E-01
9.585552E-08,-1.4916652E-01
9.590552E-08,-1.4921923E-01
9.595552E-08,-1.4927194E-01
9.600552E-08,-1.4932464E-01
9.605552E-08,-1.4937735E-01
9.610552E-08,-1.4948277E-01
9.615552E-08,-1.4953548E-01
9.620552E-08,-1.4958819E-01
9.625552E-08,-1.4964090E-01
9.630552E-08,-1.4969361E-01
9.635552E-08,-1.4974632E-01
9.640552E-08,-1.4979903E-01
9.645552E-08,-1.4985173E-01
9.650552E-08,-1.4990444E-01
9.655552E-08,-1.4990444E-01
9.660552E-08,-1.4995715E-01
9.665552E-08,-1.5000986E-01
9.670552E-08,-1.5006257E-01
9.675552E-08,-1.5006257E-01
9.680552E-08,-1.5011528E-01
9.685552E-08,-1.5011528E-01
9.690552E-08,-1.5016799E-01
9.695552E-08,-1.5016799E-01
9.700552E-08,-1.5016799E-01
9.705552E-08,-1.5022070E-01
9.710552E-08,-1.5022070E-01
9.715552E-08,-1.5022070E-01
9.720552E-08,-1.5022070E-01
9.725552E-08,-1.5022070E-01
9.730552E-08,-1.5016799E-01
9.735552E-08,-1.5016799E-01
9.740552E-08,-1.5016799E-01
9.745552E-08,-1.5011528E-01
9.750552E-08,-1.5011528E-01
9.755552E-08,-1.5011528E-01
9.760552E-08,-1.5006257E-01
9.765552E-08,-1.5006257E-01
9.770552E-08,-1.5000986E-01
9.775552E-08,-1.4995715E-01
9.780552E-08,-1.4995715E-01
9.785552E-08,-1.4990444E-01
9.790552E-08,-1.4990444E-01
9.795552E-08,-1.4985173E-01
9.800552E-08,-1.4985173E-01
9.805552E-08,-1.4979903E-01
9.810552E-08,-1.4979903E-01
9.815552E-08,-1.4974632E-01
9.820552E-08,-1.4974632E-01
9.825552E-08,-1.4974632E-01
9.830552E-08,-1.4969361E-01
9.835552E-08,-1.4969361E-01
9.840552E-08,-1.4969361E-01
9.845552E-08,-1.4969361E-01
9.850552E-08,-1.4969361E-01
9.855552E-08,-1.4969361E-01
9.860552E-08,-1.4969361E-01
9.865552E-08,-1.4969361E-01
9.870552E-08,-1.4969361E-01
9.875552E-08,-1.4969361E-01
9.880552E-08,-1.4969361E-01
9.885552E-08,-1.4974632E-01
9.890552E-08,-1.4974632E-01
9.895552E-08,-1.4974632E-01
9.900552E-08,-1.4974632E-01
9.905552E-08,-1.4974632E-01
9.910552E-08,-1.4974632E-01
9.915552E-08,-1.4974632E-01
9.920552E-08,-1.4974632E-01
9.925552E-08,-1.4974632E-01
9.930552E-08,-1.4969361E-01
9.935552E-08,-1.4969361E-01
9.940552E-08,-1.4964090E-01
9.945552E-08,-1.4964090E-01
9.950552E-08,-1.4958819E-01
9.955552E-08,-1.4953548E-01
9.960552E-08,-1.4948277E-01
9.965552E-08,-1.4943006E-01
9.970552E-08,-1.4937735E-01
9.975552E-08,-1.4932464E-01
9.980552E-08,-1.4927194E-01
9.985552E-08,-1.4921923E-01
9.990552E-08,-1.4911381E-01
9.995552E-08,-1.4906110E-01
1.0000552E-07,-1.4900839E-01
1.0005552E-07,-1.4890297E-01
1.0010552E-07,-1.4885026E-01
1.0015552E-07,-1.4874485E-01
1.0020552E-07,-1.4869214E-01
1.0025552E-07,-1.4863943E-01
1.0030552E-07,-1.4853401E-01
1.0035552E-07,-1.4848130E-01
1.0040552E-07,-1.4842859E-01
1.0045552E-07,-1.4837588E-01
1.0050552E-07,-1.4832317E-01
1.0055552E-07,-1.4827046E-01
1.0060552E-07,-1.4827046E-01
1.0065552E-07,-1.4821776E-01
1.0070552E-07,-1.4821776E-01
1.0075552E-07,-1.4816505E-01
1.0080552E-07,-1.4816505E-01
1.0085552E-07,-1.4816505E-01
1.0090552E-07,-1.4816505E-01
1.0095552E-07,-1.4816505E-01
1.0100552E-07,-1.4816505E-01
1.0105552E-07,-1.4816505E-01
1.0110552E-07,-1.4821776E-01
1.0115552E-07,-1.4821776E-01
1.0120552E-07,-1.4821776E-01
1.0125552E-07,-1.4827046E-01
1.0130552E-07,-1.4827046E-01
1.0135552E-07,-1.4827046E-01
1.0140552E-07,-1.4832317E-01
1.0145552E-07,-1.4832317E-01
1.0150552E-07,-1.4837588E-01
1.0155552E-07,-1.4837588E-01
1.0160552E-07,-1.4837588E-01
1.0165552E-07,-1.4837588E-01
1.0170552E-07,-1.4837588E-01
1.0175552E-07,-1.4842859E-01
1.0180552E-07,-1.4842859E-01
1.0185552E-07,-1.4842859E-01
1.0190552E-07,-1.4842859E-01
1.0195552E-07,-1.4842859E-01
1.0200552E-07,-1.4842859E-01
1.0205552E-07,-1.4842859E-01
1.0210552E-07,-1.4842859E-01
1.0215552E-07,-1.4842859E-01
1.0220552E-07,-1.4842859E-01
1.0225552E-07,-1.4842859E-01
1.0230552E-07,-1.4842859E-01
1.0235552E-07,-1.4842859E-01
1.0240552E-07,-1.4842859E-01
1.0245552E-07,-1.4842859E-01
1.0250552E-07,-1.4842859E-01
1.0255552E-07,-1.4842859E-01
1.0260552E-07,-1.4848130E-01
1.0265552E-07,-1.4848130E-01
1.0270552E-07,-1.4853401E-01
1.0275552E-07,-1.4853401E-01
1.0280552E-07,-1.4858672E-01
1.0285552E-07,-1.4858672E-01
1.0290552E-07,-1.4863943E-01
1.0295552E-07,-1.4869214E-01
1.0300552E-07,-1.4869214E-01
1.0305552E-07,-1.4874485E-01
1.0310552E-07,-1.4879755E-01
1.0315552E-07,-1.4885026E-01
1.0320552E-07,-1.4885026E-01
1.0325552E-07,-1.4890297E-01
1.0330552E-07,-1.4895568E-01
1.0335552E-07,-1.4900839E-01
1.0340552E-07,-1.4900839E-01
1.0345552E-07,-1.4906110E-01
1.0350552E-07,-1.4906110E-01
1.0355552E-07,-1.4906110E-01
1.0360552E-07,-1.4911381E-01
1.0365552E-07,-1.4911381E-01
1.0370552E-07,-1.4911381E-01
1.0375552E-07,-1.4911381E-01
1.0380552E-07,-1.4911381E-01
1.0385552E-07,-1.4911381E-01
1.0390552E-07,-1.4906110E-01
1.0395552E-07,-1.4906110E-01
1.0400552E-07,-1.4900839E-01
1.0405552E-07,-1.4900839E-01
1.0410552E-07,-1.4895568E-01
1.0415552E-07,-1.4895568E-01
1.0420552E-07,-1.4890297E-01
1.0425552E-07,-1.4885026E-01
1.0430552E-07,-1.4885026E-01
1.0435552E-07,-1.4879755E-01
1.0440552E-07,-1.4879755E-01
1.0445552E-07,-1.4874485E-01
1.0450552E-07,-1.4869214E-01
1.0455552E-07,-1.4869214E-01
1.0460552E-07,-1.4869214E-01
1.0465552E-07,-1.4863943E-01
1.0470552E-07,-1.4863943E-01
1.0475552E-07,-1.4863943E-01
1.0480552E-07,-1.4863943E-01
1.0485552E-07,-1.4863943E-01
1.0490552E-07,-1.4863943E-01
1.0495552E-07,-1.4863943E-01
1.0500552E-07,-1.4869214E-01
1.0505552E-07,-1.4869214E-01
1.0510552E-07,-1.4874485E-01
1.0515552E-07,-1.4874485E-01
1.0520552E-07,-1.4879755E-01
1.0525552E-07,-1.4885026E-01
1.0530552E-07,-1.4885026E-01
1.0535552E-07,-1.4890297E-01
1.0540552E-07,-1.4895568E-01
1.0545552E-07,-1.4895568E-01
1.0550552E-07,-1.4900839E-01
1.0555552E-07,-1.4906110E-01
1.0560552E-07,-1.4911381E-01
1.0565552E-07,-1.4911381E-01
1.0570552E-07,-1.4916652E-01
1.0575552E-07,-1.4921923E-01
1.0580552E-07,-1.4921923E-01
1.0585552E-07,-1.4927194E-01
1.0590552E-07,-1.4927194E-01
1.0595552E-07,-1.4927194E-01
1.0600552E-07,-1.4932464E-01
1.0605552E-07,-1.4932464E-01
1.0610552E-07,-1.4932464E-01
1.0615552E-07,-1.4932464E-01
1.0620552E-07,-1.4932464E-01
1.0625552E-07,-1.4932464E-01
1.0630552E-07,-1.4932464E-01
1.0635552E-07,-1.4932464E-01
1.0640552E-07,-1.4932464E-01
1.0645552E-07,-1.4932464E-01
1.0650552E-07,-1.4932464E-01
1.0655552E-07,-1.4932464E-01
1.0660552E-07,-1.4927194E-01
1.0665552E-07,-1.4927194E-01
1.0670552E-07,-1.4927194E-01
1.0675552E-07,-1.4927194E-01
1.0680552E-07,-1.4921923E-01
1.0685552E-07,-1.4921923E-01
1.0690552E-07,-1.4921923E-01
1.0695552E-07,-1.4921923E-01
1.0700552E-07,-1.4916652E-01
1.0705552E-07,-1.4916652E-01
1.0710552E-07,-1.4916652E-01
1.0715552E-07,-1.4916652E-01
1.0720552E-07,-1.4911381E-01
1.0725552E-07,-1.4911381E-01
1.0730552E-07,-1.4911381E-01
1.0735552E-07,-1.4911381E-01
1.0740552E-07,-1.4911381E-01
1.0745552E-07,-1.4906110E-01
1.0750552E-07,-1.4906110E-01
1.0755552E-07,-1.4906110E-01
1.0760552E-07,-1.4906110E-01
1.0765552E-07,-1.4906110E-01
1.0770552E-07,-1.4906110E-01
1.0775552E-07,-1.4900839E-01
1.0780552E-07,-1.4900839E-01
1.0785552E-07,-1.4900839E-01
1.0790552E-07,-1.4900839E-01
1.0795552E-07,-1.4900839E-01
1.0800552E-07,-1.4900839E-01
1.0805552E-07,-1.4900839E-01
1.0810552E-07,-1.4900839E-01
1.0815552E-07,-1.4900839E-01
1.0820552E-07,-1.4900839E-01
1.0825552E-07,-1.4900839E-01
1.0830552E-07,-1.4900839E-01
1.0835552E-07,-1.4900839E-01
1.0840552E-07,-1.4900839E-01
1.0845552E-07,-1.4900839E-01
1.0850552E-07,-1.4900839E-01
1.0855552E-07,-1.4900839E-01
1.0860552E-07,-1.4906110E-01
1.0865552E-07,-1.4906110E-01
1.0870552E-07,-1.4906110E-01
1.0875552E-07,-1.4906110E-01
1.0880552E-07,-1.4906110E-01
1.0885552E-07,-1.4906110E-01
1.0890552E-07,-1.4906110E-01
1.0895552E-07,-1.4906110E-01
1.0900552E-07,-1.4906110E-01
1.0905552E-07,-1.4906110E-01
1.0910552E-07,-1.4906110E-01
1.0915552E-07,-1.4906110E-01
1.0920552E-07,-1.4906110E-01
1.0925552E-07,-1.4906110E-01
1.0930552E-07,-1.4900839E-01
1.0935552E-07,-1.4900839E-01
1.0940552E-07,-1.4895568E-01
1.0945552E-07,-1.4895568E-01
1.0950552E-07,-1.4890297E-01
1.0955552E-07,-1.4890297E-01
1.0960552E-07,-1.4885026E-01
1.0965552E-07,-1.4885026E-01
1.0970552E-07,-1.4879755E-01
1.0975552E-07,-1.4874485E-01
1.0980552E-07,-1.4874485E-01
1.0985552E-07,-1.4869214E-01
1.0990552E-07,-1.4863943E-01
1.0995552E-07,-1.4863943E-01
1.1000552E-07,-1.4858672E-01
1.1005552E-07,-1.4858672E-01
1.1010552E-07,-1.4853401E-01
1.1015552E-07,-1.4853401E-01
1.1020552E-07,-1.4853401E-01
1.1025552E-07,-1.4848130E-01
1.1030552E-07,-1.4848130E-01
1.1035552E-07,-1.4848130E-01
1.1040552E-07,-1.4848130E-01
1.1045552E-07,-1.4848130E-01
1.1050552E-07,-1.4853401E-01
1.1055552E-07,-1.4853401E-01
1.1060552E-07,-1.4853401E-01
1.1065552E-07,-1.4858672E-01
1.1070552E-07,-1.4858672E-01
1.1075552E-07,-1.4863943E-01
1.1080552E-07,-1.4869214E-01
1.1085552E-07,-1.4874485E-01
1.1090552E-07,-1.4874485E-01
1.1095552E-07,-1.4879755E-01
1.1100552E-07,-1.4885026E-01
1.1105552E-07,-1.4890297E-01
1.1110552E-07,-1.4890297E-01
1.1115552E-07,-1.4895568E-01
1.1120552E-07,-1.4900839E-01
1.1125552E-07,-1.4900839E-01
1.1130552E-07,-1.4906110E-01
1.1135552E-07,-1.4906110E-01
1.1140552E-07,-1.4906110E-01
1.1145552E-07,-1.4906110E-01
1.1150552E-07,-1.4906110E-01
1.1155552E-07,-1.4906110E-01
1.1160552E-07,-1.4906110E-01
1.1165552E-07,-1.4906110E-01
1.1170552E-07,-1.4906110E-01
1.1175552E-07,-1.4900839E-01
1.1180552E-07,-1.4900839E-01
1.1185552E-07,-1.4895568E-01
1.1190552E-07,-1.4890297E-01
1.1195552E-07,-1.4885026E-01
1.1200552E-07,-1.4885026E-01
1.1205552E-07,-1.4879755E-01
1.1210552E-07,-1.4874485E-01
1.1215552E-07,-1.4869214E-01
1.1220552E-07,-1.4863943E-01
1.1225552E-07,-1.4858672E-01
1.1230552E-07,-1.4853401E-01
1.1235552E-07,-1.4853401E-01
1.1240552E-07,-1.4848130E-01
1.1245552E-07,-1.4842859E-01
1.1250552E-07,-1.4842859E-01
1.1255552E-07,-1.4837588E-01
1.1260552E-07,-1.4837588E-01
1.1265552E-07,-1.4837588E-01
1.1270552E-07,-1.4837588E-01
1.1275552E-07,-1.4837588E-01
1.1280552E-07,-1.4837588E-01
1.1285552E-07,-1.4837588E-01
1.1290552E-07,-1.4837588E-01
1.1295552E-07,-1.4842859E-01
1.1300552E-07,-1.4842859E-01
1.1305552E-07,-1.4842859E-01
1.1310552E-07,-1.4848130E-01
1.1315552E-07,-1.4853401E-01
1.1320552E-07,-1.4853401E-01
1.1325552E-07,-1.4858672E-01
1.1330552E-07,-1.4863943E-01
1.1335552E-07,-1.4869214E-01
1.1340552E-07,-1.4869214E-01
1.1345552E-07,-1.4874485E-01
1.1350552E-07,-1.4879755E-01
1.1355552E-07,-1.4885026E-01
1.1360552E-07,-1.4885026E-01
1.1365552E-07,-1.4890297E-01
1.1370552E-07,-1.4890297E-01
1.1375552E-07,-1.4895568E-01
1.1380552E-07,-1.4895568E-01
1.1385552E-07,-1.4895568E-01
1.1390552E-07,-1.4895568E-01
1.1395552E-07,-1.4895568E-01
1.1400552E-07,-1.4895568E-01
1.1405552E-07,-1.4895568E-01
1.1410552E-07,-1.4895568E-01
1.1415552E-07,-1.4895568E-01
1.1420552E-07,-1.4895568E-01
1.1425552E-07,-1.4895568E-01
1.1430552E-07,-1.4890297E-01
1.1435552E-07,-1.4890297E-01
1.1440552E-07,-1.4890297E-01
1.1445552E-07,-1.4885026E-01
1.1450552E-07,-1.4885026E-01
1.1455552E-07,-1.4879755E-01
1.1460552E-07,-1.4879755E-01
1.1465552E-07,-1.4879755E-01
1.1470552E-07,-1.4874485E-01
1.1475552E-07,-1.4874485E-01
1.1480552E-07,-1.4874485E-01
1.1485552E-07,-1.4874485E-01
1.1490552E-07,-1.4869214E-01
1.1495552E-07,-1.4869214E-01
1.1500552E-07,-1.4869214E-01
1.1505552E-07,-1.4869214E-01
1.1510552E-07,-1.4869214E-01
1.1515552E-07,-1.4869214E-01
1.1520552E-07,-1.4869214E-01
1.1525552E-07,-1.4869214E-01
1.1530552E-07,-1.4869214E-01
1.1535552E-07,-1.4869214E-01
1.1540552E-07,-1.4869214E-01
1.1545552E-07,-1.4869214E-01
1.1550552E-07,-1.4869214E-01
1.1555552E-07,-1.4869214E-01
1.1560552E-07,-1.4869214E-01
1.1565552E-07,-1.4869214E-01
1.1570552E-07,-1.4869214E-01
1.1575552E-07,-1.4869214E-01
1.1580552E-07,-1.4869214E-01
1.1585552E-07,-1.4869214E-01
1.1590552E-07,-1.4869214E-01
1.1595552E-07,-1.4869214E-01
1.1600552E-07,-1.4869214E-01
1.1605552E-07,-1.4869214E-01
1.1610552E-07,-1.4869214E-01
1.1615552E-07,-1.4869214E-01
1.1620552E-07,-1.4869214E-01
1.1625552E-07,-1.4869214E-01
1.1630552E-07,-1.4869214E-01
1.1635552E-07,-1.4869214E-01
1.1640552E-07,-1.4874485E-01
1.1645552E-07,-1.4874485E-01
1.1650552E-07,-1.4874485E-01
1.1655552E-07,-1.4879755E-01
1.1660552E-07,-1.4879755E-01
1.1665552E-07,-1.4885026E-01
1.1670552E-07,-1.4890297E-01
1.1675552E-07,-1.4890297E-01
1.1680552E-07,-1.4895568E-01
1.1685552E-07,-1.4900839E-01
1.1690552E-07,-1.4900839E-01
1.1695552E-07,-1.4906110E-01
1.1700552E-07,-1.4911381E-01
1.1705552E-07,-1.4916652E-01
1.1710552E-07,-1.4921923E-01
1.1715552E-07,-1.4927194E-01
1.1720552E-07,-1.4927194E-01
1.1725552E-07,-1.4932464E-01
1.1730552E-07,-1.4937735E-01
1.1735552E-07,-1.4937735E-01
1.1740552E-07,-1.4943006E-01
1.1745552E-07,-1.4948277E-01
1.1750552E-07,-1.4948277E-01
1.1755552E-07,-1.4953548E-01
1.1760552E-07,-1.4953548E-01
1.1765552E-07,-1.4953548E-01
1.1770552E-07,-1.4953548E-01
1.1775552E-07,-1.4953548E-01
1.1780552E-07,-1.4953548E-01
1.1785552E-07,-1.4953548E-01
1.1790552E-07,-1.4953548E-01
1.1795552E-07,-1.4948277E-01
1.1800552E-07,-1.4948277E-01
1.1805552E-07,-1.4943006E-01
1.1810552E-07,-1.4943006E-01
1.1815552E-07,-1.4937735E-01
1.1820552E-07,-1.4932464E-01
1.1825552E-07,-1.4932464E-01
1.1830552E-07,-1.4927194E-01
1.1835552E-07,-1.4921923E-01
1.1840552E-07,-1.4916652E-01
1.1845552E-07,-1.4911381E-01
1.1850552E-07,-1.4911381E-01
1.1855552E-07,-1.4906110E-01
1.1860552E-07,-1.4900839E-01
1.1865552E-07,-1.4895568E-01
1.1870552E-07,-1.4895568E-01
1.1875552E-07,-1.4890297E-01
1.1880552E-07,-1.4885026E-01
1.1885552E-07,-1.4885026E-01
1.1890552E-07,-1.4879755E-01
1.1895552E-07,-1.4879755E-01
1.1900552E-07,-1.4879755E-01
1.1905552E-07,-1.4874485E-01
1.1910552E-07,-1.4874485E-01
1.1915552E-07,-1.4874485E-01
1.1920552E-07,-1.4874485E-01
1.1925552E-07,-1.4874485E-01
1.1930552E-07,-1.4874485E-01
1.1935552E-07,-1.4874485E-01
1.1940552E-07,-1.4874485E-01
1.1945552E-07,-1.4874485E-01
1.1950552E-07,-1.4874485E-01
1.1955552E-07,-1.4879755E-01
1.1960552E-07,-1.4879755E-01
1.1965552E-07,-1.4879755E-01
1.1970552E-07,-1.4879755E-01
1.1975552E-07,-1.4879755E-01
1.1980552E-07,-1.4879755E-01
1.1985552E-07,-1.4885026E-01
1.1990552E-07,-1.4885026E-01
1.1995552E-07,-1.4885026E-01
1.2000552E-07,-1.4885026E-01
1.2005552E-07,-1.4885026E-01
1.2010552E-07,-1.4885026E-01
1.2015552E-07,-1.4890297E-01
1.2020552E-07,-1.4890297E-01
1.2025552E-07,-1.4890297E-01
1.2030552E-07,-1.4890297E-01
1.2035552E-07,-1.4895568E-01
1.2040552E-07,-1.4895568E-01
1.2045552E-07,-1.4895568E-01
1.2050552E-07,-1.4895568E-01
1.2055552E-07,-1.4900839E-01
1.2060552E-07,-1.4900839E-01
1.2065552E-07,-1.4906110E-01
1.2070552E-07,-1.4906110E-01
1.2075552E-07,-1.4911381E-01
1.2080552E-07,-1.4911381E-01
1.2085552E-07,-1.4916652E-01
1.2090552E-07,-1.4921923E-01
1.2095552E-07,-1.4921923E-01
1.2100552E-07,-1.4927194E-01
1.2105552E-07,-1.4932464E-01
1.2110552E-07,-1.4932464E-01
1.2115552E-07,-1.4937735E-01
1.2120552E-07,-1.4943006E-01
1.2125552E-07,-1.4943006E-01
1.2130552E-07,-1.4948277E-01
1.2135552E-07,-1.4953548E-01
1.2140552E-07,-1.4953548E-01
1.2145552E-07,-1.4958819E-01
1.2150552E-07,-1.4958819E-01
1.2155552E-07,-1.4964090E-01
1.2160552E-07,-1.4964090E-01
1.2165552E-07,-1.4964090E-01
1.2170552E-07,-1.4964090E-01
1.2175552E-07,-1.4964090E-01
1.2180552E-07,-1.4964090E-01
1.2185552E-07,-1.4964090E-01
1.2190552E-07,-1.4964090E-01
1.2195552E-07,-1.4964090E-01
1.2200552E-07,-1.4964090E-01
1.2205552E-07,-1.4958819E-01
1.2210552E-07,-1.4958819E-01
1.2215552E-07,-1.4953548E-01
1.2220552E-07,-1.4953548E-01
1.2225552E-07,-1.4948277E-01
1.2230552E-07,-1.4948277E-01
1.2235552E-07,-1.4943006E-01
1.2240552E-07,-1.4943006E-01
1.2245552E-07,-1.4937735E-01
1.2250552E-07,-1.4932464E-01
1.2255552E-07,-1.4932464E-01
1.2260552E-07,-1.4927194E-01
1.2265552E-07,-1.4927194E-01
1.2270552E-07,-1.4921923E-01
1.2275552E-07,-1.4921923E-01
1.2280552E-07,-1.4916652E-01
1.2285552E-07,-1.4916652E-01
1.2290552E-07,-1.4916652E-01
1.2295552E-07,-1.4916652E-01
1.2300552E-07,-1.4916652E-01
1.2305552E-07,-1.4916652E-01
1.2310552E-07,-1.4916652E-01
1.2315552E-07,-1.4916652E-01
1.2320552E-07,-1.4916652E-01
1.2325552E-07,-1.4916652E-01
1.2330552E-07,-1.4921923E-01
1.2335552E-07,-1.4921923E-01
1.2340552E-07,-1.4921923E-01
1.2345552E-07,-1.4927194E-01
1.2350552E-07,-1.4927194E-01
1.2355552E-07,-1.4932464E-01
1.2360552E-07,-1.4932464E-01
1.2365552E-07,-1.4937735E-01
1.2370552E-07,-1.4937735E-01
1.2375552E-07,-1.4943006E-01
1.2380552E-07,-1.4943006E-01
1.2385552E-07,-1.4943006E-01
1.2390552E-07,-1.4948277E-01
1.2395552E-07,-1.4948277E-01
1.2400552E-07,-1.4948277E-01
1.2405552E-07,-1.4948277E-01
1.2410552E-07,-1.4953548E-01
1.2415552E-07,-1.4953548E-01
1.2420552E-07,-1.4953548E-01
1.2425552E-07,-1.4953548E-01
1.2430552E-07,-1.4953548E-01
1.2435552E-07,-1.4953548E-01
1.2440552E-07,-1.4948277E-01
1.2445552E-07,-1.4948277E-01
1.2450552E-07,-1.4948277E-01
1.2455552E-07,-1.4948277E-01
1.2460552E-07,-1.4948277E-01
1.2465552E-07,-1.4943006E-01
1.2470552E-07,-1.4943006E-01
1.2475552E-07,-1.4943006E-01
1.2480552E-07,-1.4937735E-01
1.2485552E-07,-1.4937735E-01
1.2490552E-07,-1.4937735E-01
1.2495552E-07,-1.4932464E-01
1.2500552E-07,-1.4932464E-01
1.2505552E-07,-1.4932464E-01
1.2510552E-07,-1.4927194E-01
1.2515552E-07,-1.4927194E-01
1.2520552E-07,-1.4927194E-01
1.2525552E-07,-1.4927194E-01
1.2530552E-07,-1.4921923E-01
1.2535552E-07,-1.4921923E-01
1.2540552E-07,-1.4921923E-01
1.2545552E-07,-1.4921923E-01
1.2550552E-07,-1.4916652E-01
1.2555552E-07,-1.4916652E-01
1.2560552E-07,-1.4916652E-01
1.2565552E-07,-1.4911381E-01
1.2570552E-07,-1.4911381E-01
1.2575552E-07,-1.4911381E-01
1.2580552E-07,-1.4906110E-01
1.2585552E-07,-1.4906110E-01
1.2590552E-07,-1.4906110E-01
1.2595552E-07,-1.4900839E-01
1.2600552E-07,-1.4900839E-01
1.2605552E-07,-1.4900839E-01
1.2610552E-07,-1.4895568E-01
1.2615552E-07,-1.4895568E-01
1.2620552E-07,-1.4895568E-01
1.2625552E-07,-1.4890297E-01
1.2630552E-07,-1.4890297E-01
1.2635552E-07,-1.4885026E-01
1.2640552E-07,-1.4885026E-01
1.2645552E-07,-1.4885026E-01
1.2650552E-07,-1.4879755E-01
1.2655552E-07,-1.4879755E-01
1.2660552E-07,-1.4879755E-01
1.2665552E-07,-1.4879755E-01
1.2670552E-07,-1.4879755E-01
1.2675552E-07,-1.4874485E-01
1.2680552E-07,-1.4874485E-01
1.2685552E-07,-1.4874485E-01
1.2690552E-07,-1.4874485E-01
1.2695552E-07,-1.4874485E-01
1.2700552E-07,-1.4879755E-01
1.2705552E-07,-1.4879755E-01
1.2710552E-07,-1.4879755E-01
1.2715552E-07,-1.4879755E-01
1.2720552E-07,-1.4885026E-01
1.2725552E-07,-1.4885026E-01
1.2730552E-07,-1.4885026E-01
1.2735552E-07,-1.4890297E-01
1.2740552E-07,-1.4890297E-01
1.2745552E-07,-1.4895568E-01
1.2750552E-07,-1.4895568E-01
1.2755552E-07,-1.4900839E-01
1.2760552E-07,-1.4900839E-01
1.2765552E-07,-1.4906110E-01
1.2770552E-07,-1.4906110E-01
1.2775552E-07,-1.4911381E-01
1.2780552E-07,-1.4911381E-01
1.2785552E-07,-1.4916652E-01
1.2790552E-07,-1.4916652E-01
1.2795552E-07,-1.4916652E-01
1.2800552E-07,-1.4916652E-01
1.2805552E-07,-1.4921923E-01
1.2810552E-07,-1.4921923E-01
1.2815552E-07,-1.4921923E-01
1.2820552E-07,-1.4921923E-01
1.2825552E-07,-1.4921923E-01
1.2830552E-07,-1.4916652E-01
1.2835552E-07,-1.4916652E-01
1.2840552E-07,-1.4916652E-01
1.2845552E-07,-1.4916652E-01
1.2850552E-07,-1.4911381E-01
1.2855552E-07,-1.4911381E-01
1.2860552E-07,-1.4906110E-01
1.2865552E-07,-1.4906110E-01
1.2870552E-07,-1.4900839E-01
