-7.140632E-08,-1.4932464E-01
-7.135632E-08,-1.4927194E-01
-7.130632E-08,-1.4927194E-01
-7.125632E-08,-1.4927194E-01
-7.120632E-08,-1.4927194E-01
-7.115632E-08,-1.4927194E-01
-7.110632E-08,-1.4921923E-01
-7.105632E-08,-1.4921923E-01
-7.100632E-08,-1.4921923E-01
-7.095632E-08,-1.4921923E-01
-7.090632E-08,-1.4921923E-01
-7.085632E-08,-1.4921923E-01
-7.080632E-08,-1.4921923E-01
-7.075632E-08,-1.4921923E-01
-7.070632E-08,-1.4921923E-01
-7.065632E-08,-1.4921923E-01
-7.060632E-08,-1.4921923E-01
-7.055632E-08,-1.4921923E-01
-7.050632E-08,-1.4921923E-01
-7.045632E-08,-1.4921923E-01
-7.040632E-08,-1.4927194E-01
-7.035632E-08,-1.4927194E-01
-7.030632E-08,-1.4927194E-01
-7.025632E-08,-1.4932464E-01
-7.020632E-08,-1.4932464E-01
-7.015632E-08,-1.4937735E-01
-7.010632E-08,-1.4937735E-01
-7.005632E-08,-1.4943006E-01
-7.000632E-08,-1.4948277E-01
-6.995632E-08,-1.4953548E-01
-6.990632E-08,-1.4958819E-01
-6.985632E-08,-1.4964090E-01
-6.980632E-08,-1.4969361E-01
-6.975632E-08,-1.4974632E-01
-6.970632E-08,-1.4979903E-01
-6.965632E-08,-1.4985173E-01
-6.960632E-08,-1.4990444E-01
-6.955632E-08,-1.4995715E-01
-6.950632E-08,-1.5000986E-01
-6.945632E-08,-1.5006257E-01
-6.940632E-08,-1.5011528E-01
-6.935632E-08,-1.5016799E-01
-6.930632E-08,-1.5022070E-01
-6.925632E-08,-1.5022070E-01
-6.920632E-08,-1.5027341E-01
-6.915632E-08,-1.5032612E-01
-6.910632E-08,-1.5032612E-01
-6.905632E-08,-1.5032612E-01
-6.900632E-08,-1.5032612E-01
-6.895632E-08,-1.5032612E-01
-6.890632E-08,-1.5032612E-01
-6.885632E-08,-1.5032612E-01
-6.880632E-08,-1.5032612E-01
-6.875632E-08,-1.5027341E-01
-6.870632E-08,-1.5027341E-01
-6.865632E-08,-1.5022070E-01
-6.860632E-08,-1.5016799E-01
-6.855632E-08,-1.5011528E-01
-6.850632E-08,-1.5006257E-01
-6.845632E-08,-1.5000986E-01
-6.840632E-08,-1.4995715E-01
-6.835632E-08,-1.4990444E-01
-6.830632E-08,-1.4985173E-01
-6.825632E-08,-1.4979903E-01
-6.820632E-08,-1.4974632E-01
-6.815632E-08,-1.4974632E-01
-6.810632E-08,-1.4969361E-01
-6.805632E-08,-1.4964090E-01
-6.800632E-08,-1.4958819E-01
-6.795632E-08,-1.4953548E-01
-6.790632E-08,-1.4953548E-01
-6.785632E-08,-1.4953548E-01
-6.780632E-08,-1.4948277E-01
-6.775632E-08,-1.4948277E-01
-6.770632E-08,-1.4948277E-01
-6.765632E-08,-1.4948277E-01
-6.760632E-08,-1.4948277E-01
-6.755632E-08,-1.4948277E-01
-6.750632E-08,-1.4948277E-01
-6.745632E-08,-1.4953548E-01
-6.740632E-08,-1.4953548E-01
-6.735632E-08,-1.4958819E-01
-6.730632E-08,-1.4958819E-01
-6.725632E-08,-1.4964090E-01
-6.720632E-08,-1.4964090E-01
-6.715632E-08,-1.4969361E-01
-6.710632E-08,-1.4969361E-01
-6.705632E-08,-1.4974632E-01
-6.700632E-08,-1.4974632E-01
-6.695632E-08,-1.4974632E-01
-6.690632E-08,-1.4974632E-01
-6.685632E-08,-1.4979903E-01
-6.680632E-08,-1.4974632E-01
-6.675632E-08,-1.4974632E-01
-6.670632E-08,-1.4974632E-01
-6.665632E-08,-1.4974632E-01
-6.660632E-08,-1.4969361E-01
-6.655632E-08,-1.4969361E-01
-6.650632E-08,-1.4964090E-01
-6.645632E-08,-1.4958819E-01
-6.640632E-08,-1.4953548E-01
-6.635632E-08,-1.4948277E-01
-6.630632E-08,-1.4943006E-01
-6.625632E-08,-1.4937735E-01
-6.620632E-08,-1.4932464E-01
-6.615632E-08,-1.4927194E-01
-6.610632E-08,-1.4916652E-01
-6.605632E-08,-1.4911381E-01
-6.600632E-08,-1.4906110E-01
-6.595632E-08,-1.4895568E-01
-6.590632E-08,-1.4890297E-01
-6.585632E-08,-1.4885026E-01
-6.580632E-08,-1.4879755E-01
-6.575632E-08,-1.4874485E-01
-6.570632E-08,-1.4869214E-01
-6.565632E-08,-1.4863943E-01
-6.560632E-08,-1.4858672E-01
-6.555632E-08,-1.4858672E-01
-6.550632E-08,-1.4853401E-01
-6.545632E-08,-1.4853401E-01
-6.540632E-08,-1.4853401E-01
-6.535632E-08,-1.4853401E-01
-6.530632E-08,-1.4853401E-01
-6.525632E-08,-1.4853401E-01
-6.520632E-08,-1.4853401E-01
-6.515632E-08,-1.4853401E-01
-6.510632E-08,-1.4853401E-01
-6.505632E-08,-1.4858672E-01
-6.500632E-08,-1.4858672E-01
-6.495632E-08,-1.4863943E-01
-6.490632E-08,-1.4869214E-01
-6.485632E-08,-1.4869214E-01
-6.480632E-08,-1.4874485E-01
-6.475632E-08,-1.4874485E-01
-6.470632E-08,-1.4879755E-01
-6.465632E-08,-1.4879755E-01
-6.460632E-08,-1.4885026E-01
-6.455632E-08,-1.4885026E-01
-6.450632E-08,-1.4890297E-01
-6.445632E-08,-1.4890297E-01
-6.440632E-08,-1.4895568E-01
-6.435632E-08,-1.4895568E-01
-6.430632E-08,-1.4895568E-01
-6.425632E-08,-1.4895568E-01
-6.420632E-08,-1.4895568E-01
-6.415632E-08,-1.4895568E-01
-6.410632E-08,-1.4895568E-01
-6.405632E-08,-1.4895568E-01
-6.400632E-08,-1.4895568E-01
-6.395632E-08,-1.4895568E-01
-6.390632E-08,-1.4890297E-01
-6.385632E-08,-1.4890297E-01
-6.380632E-08,-1.4890297E-01
-6.375632E-08,-1.4890297E-01
-6.370632E-08,-1.4885026E-01
-6.365632E-08,-1.4885026E-01
-6.360632E-08,-1.4885026E-01
-6.355632E-08,-1.4879755E-01
-6.350632E-08,-1.4879755E-01
-6.345632E-08,-1.4879755E-01
-6.340632E-08,-1.4879755E-01
-6.335632E-08,-1.4874485E-01
-6.330632E-08,-1.4874485E-01
-6.325632E-08,-1.4874485E-01
-6.320632E-08,-1.4874485E-01
-6.315632E-08,-1.4874485E-01
-6.310632E-08,-1.4874485E-01
-6.305632E-08,-1.4879755E-01
-6.300632E-08,-1.4879755E-01
-6.295632E-08,-1.4879755E-01
-6.290632E-08,-1.4885026E-01
-6.285632E-08,-1.4885026E-01
-6.280632E-08,-1.4890297E-01
-6.275632E-08,-1.4890297E-01
-6.270632E-08,-1.4895568E-01
-6.265632E-08,-1.4895568E-01
-6.260632E-08,-1.4900839E-01
-6.255632E-08,-1.4906110E-01
-6.250632E-08,-1.4906110E-01
-6.245632E-08,-1.4911381E-01
-6.240632E-08,-1.4916652E-01
-6.235632E-08,-1.4916652E-01
-6.230632E-08,-1.4921923E-01
-6.225632E-08,-1.4921923E-01
-6.220632E-08,-1.4927194E-01
-6.215632E-08,-1.4927194E-01
-6.210632E-08,-1.4932464E-01
-6.205632E-08,-1.4932464E-01
-6.200632E-08,-1.4937735E-01
-6.195632E-08,-1.4937735E-01
-6.190632E-08,-1.4937735E-01
-6.185632E-08,-1.4943006E-01
-6.180632E-08,-1.4943006E-01
-6.175632E-08,-1.4943006E-01
-6.170632E-08,-1.4943006E-01
-6.165632E-08,-1.4943006E-01
-6.160632E-08,-1.4948277E-01
-6.155632E-08,-1.4948277E-01
-6.150632E-08,-1.4948277E-01
-6.145632E-08,-1.4948277E-01
-6.140632E-08,-1.4948277E-01
-6.135632E-08,-1.4948277E-01
-6.130632E-08,-1.4948277E-01
-6.125632E-08,-1.4943006E-01
-6.120632E-08,-1.4943006E-01
-6.115632E-08,-1.4943006E-01
-6.110632E-08,-1.4943006E-01
-6.105632E-08,-1.4943006E-01
-6.100632E-08,-1.4943006E-01
-6.095632E-08,-1.4943006E-01
-6.090632E-08,-1.4943006E-01
-6.085632E-08,-1.4943006E-01
-6.080632E-08,-1.4943006E-01
-6.075632E-08,-1.4943006E-01
-6.070632E-08,-1.4943006E-01
-6.065632E-08,-1.4943006E-01
-6.060632E-08,-1.4943006E-01
-6.055632E-08,-1.4943006E-01
-6.050632E-08,-1.4943006E-01
-6.045632E-08,-1.4943006E-01
-6.040632E-08,-1.4943006E-01
-6.035632E-08,-1.4943006E-01
-6.030632E-08,-1.4943006E-01
-6.025632E-08,-1.4943006E-01
-6.020632E-08,-1.4943006E-01
-6.015632E-08,-1.4943006E-01
-6.010632E-08,-1.4937735E-01
-6.005632E-08,-1.4937735E-01
-6.000632E-08,-1.4937735E-01
-5.995632E-08,-1.4937735E-01
-5.990632E-08,-1.4932464E-01
-5.985632E-08,-1.4932464E-01
-5.980632E-08,-1.4927194E-01
-5.975632E-08,-1.4927194E-01
-5.970632E-08,-1.4921923E-01
-5.965632E-08,-1.4921923E-01
-5.960632E-08,-1.4916652E-01
-5.955632E-08,-1.4911381E-01
-5.950632E-08,-1.4911381E-01
-5.945632E-08,-1.4906110E-01
-5.940632E-08,-1.4900839E-01
-5.935632E-08,-1.4900839E-01
-5.930632E-08,-1.4895568E-01
-5.925632E-08,-1.4895568E-01
-5.920632E-08,-1.4890297E-01
-5.915632E-08,-1.4885026E-01
-5.910632E-08,-1.4885026E-01
-5.905632E-08,-1.4879755E-01
-5.900632E-08,-1.4879755E-01
-5.895632E-08,-1.4874485E-01
-5.890632E-08,-1.4874485E-01
-5.885632E-08,-1.4874485E-01
-5.880632E-08,-1.4869214E-01
-5.875632E-08,-1.4869214E-01
-5.870632E-08,-1.4869214E-01
-5.865632E-08,-1.4869214E-01
-5.860632E-08,-1.4869214E-01
-5.855632E-08,-1.4869214E-01
-5.850632E-08,-1.4874485E-01
-5.845632E-08,-1.4874485E-01
-5.840632E-08,-1.4874485E-01
-5.835632E-08,-1.4879755E-01
-5.830632E-08,-1.4879755E-01
-5.825632E-08,-1.4885026E-01
-5.820632E-08,-1.4890297E-01
-5.815632E-08,-1.4890297E-01
-5.810632E-08,-1.4895568E-01
-5.805632E-08,-1.4900839E-01
-5.800632E-08,-1.4906110E-01
-5.795632E-08,-1.4911381E-01
-5.790632E-08,-1.4911381E-01
-5.785632E-08,-1.4916652E-01
-5.780632E-08,-1.4921923E-01
-5.775632E-08,-1.4927194E-01
-5.770632E-08,-1.4932464E-01
-5.765632E-08,-1.4932464E-01
-5.760632E-08,-1.4937735E-01
-5.755632E-08,-1.4943006E-01
-5.750632E-08,-1.4943006E-01
-5.745632E-08,-1.4948277E-01
-5.740632E-08,-1.4953548E-01
-5.735632E-08,-1.4953548E-01
-5.730632E-08,-1.4953548E-01
-5.725632E-08,-1.4958819E-01
-5.720632E-08,-1.4958819E-01
-5.715632E-08,-1.4958819E-01
-5.710632E-08,-1.4964090E-01
-5.705632E-08,-1.4964090E-01
-5.700632E-08,-1.4964090E-01
-5.695632E-08,-1.4964090E-01
-5.690632E-08,-1.4964090E-01
-5.685632E-08,-1.4964090E-01
-5.680632E-08,-1.4964090E-01
-5.675632E-08,-1.4958819E-01
-5.670632E-08,-1.4958819E-01
-5.665632E-08,-1.4958819E-01
-5.660632E-08,-1.4958819E-01
-5.655632E-08,-1.4958819E-01
-5.650632E-08,-1.4953548E-01
-5.645632E-08,-1.4953548E-01
-5.640632E-08,-1.4953548E-01
-5.635632E-08,-1.4953548E-01
-5.630632E-08,-1.4953548E-01
-5.625632E-08,-1.4948277E-01
-5.620632E-08,-1.4948277E-01
-5.615632E-08,-1.4948277E-01
-5.610632E-08,-1.4948277E-01
-5.605632E-08,-1.4948277E-01
-5.600632E-08,-1.4953548E-01
-5.595632E-08,-1.4953548E-01
-5.590632E-08,-1.4953548E-01
-5.585632E-08,-1.4953548E-01
-5.580632E-08,-1.4958819E-01
-5.575632E-08,-1.4958819E-01
-5.570632E-08,-1.4958819E-01
-5.565632E-08,-1.4964090E-01
-5.560632E-08,-1.4964090E-01
-5.555632E-08,-1.4969361E-01
-5.550632E-08,-1.4974632E-01
-5.545632E-08,-1.4974632E-01
-5.540632E-08,-1.4979903E-01
-5.535632E-08,-1.4985173E-01
-5.530632E-08,-1.4985173E-01
-5.525632E-08,-1.4990444E-01
-5.520632E-08,-1.4995715E-01
-5.515632E-08,-1.5000986E-01
-5.510632E-08,-1.5000986E-01
-5.505632E-08,-1.5006257E-01
-5.500632E-08,-1.5011528E-01
-5.495632E-08,-1.5011528E-01
-5.490632E-08,-1.5016799E-01
-5.485632E-08,-1.5022070E-01
-5.480632E-08,-1.5022070E-01
-5.475632E-08,-1.5027341E-01
-5.470632E-08,-1.5027341E-01
-5.465632E-08,-1.5027341E-01
-5.460632E-08,-1.5027341E-01
-5.455632E-08,-1.5032612E-01
-5.450632E-08,-1.5032612E-01
-5.445632E-08,-1.5032612E-01
-5.440632E-08,-1.5032612E-01
-5.435632E-08,-1.5032612E-01
-5.430632E-08,-1.5027341E-01
-5.425632E-08,-1.5027341E-01
-5.420632E-08,-1.5027341E-01
-5.415632E-08,-1.5022070E-01
-5.410632E-08,-1.5022070E-01
-5.405632E-08,-1.5016799E-01
-5.400632E-08,-1.5016799E-01
-5.395632E-08,-1.5011528E-01
-5.390632E-08,-1.5006257E-01
-5.385632E-08,-1.5006257E-01
-5.380632E-08,-1.5000986E-01
-5.375632E-08,-1.4995715E-01
-5.370632E-08,-1.4990444E-01
-5.365632E-08,-1.4990444E-01
-5.360632E-08,-1.4985173E-01
-5.355632E-08,-1.4979903E-01
-5.350632E-08,-1.4979903E-01
-5.345632E-08,-1.4974632E-01
-5.340632E-08,-1.4969361E-01
-5.335632E-08,-1.4969361E-01
-5.330632E-08,-1.4964090E-01
-5.325632E-08,-1.4964090E-01
-5.320632E-08,-1.4958819E-01
-5.315632E-08,-1.4958819E-01
-5.310632E-08,-1.4958819E-01
-5.305632E-08,-1.4953548E-01
-5.300632E-08,-1.4953548E-01
-5.295632E-08,-1.4953548E-01
-5.290632E-08,-1.4953548E-01
-5.285632E-08,-1.4953548E-01
-5.280632E-08,-1.4953548E-01
-5.275632E-08,-1.4953548E-01
-5.270632E-08,-1.4958819E-01
-5.265632E-08,-1.4958819E-01
-5.260632E-08,-1.4958819E-01
-5.255632E-08,-1.4964090E-01
-5.250632E-08,-1.4964090E-01
-5.245632E-08,-1.4964090E-01
-5.240632E-08,-1.4969361E-01
-5.235632E-08,-1.4969361E-01
-5.230632E-08,-1.4969361E-01
-5.225632E-08,-1.4974632E-01
-5.220632E-08,-1.4974632E-01
-5.215632E-08,-1.4974632E-01
-5.210632E-08,-1.4979903E-01
-5.205632E-08,-1.4979903E-01
-5.200632E-08,-1.4979903E-01
-5.195632E-08,-1.4979903E-01
-5.190632E-08,-1.4979903E-01
-5.185632E-08,-1.4979903E-01
-5.180632E-08,-1.4979903E-01
-5.175632E-08,-1.4979903E-01
-5.170632E-08,-1.4979903E-01
-5.165632E-08,-1.4979903E-01
-5.160632E-08,-1.4979903E-01
-5.155632E-08,-1.4979903E-01
-5.150632E-08,-1.4979903E-01
-5.145632E-08,-1.4979903E-01
-5.140632E-08,-1.4979903E-01
-5.135632E-08,-1.4979903E-01
-5.130632E-08,-1.4979903E-01
-5.125632E-08,-1.4979903E-01
-5.120632E-08,-1.4979903E-01
-5.115632E-08,-1.4979903E-01
-5.110632E-08,-1.4979903E-01
-5.105632E-08,-1.4979903E-01
-5.100632E-08,-1.4974632E-01
-5.095632E-08,-1.4974632E-01
-5.090632E-08,-1.4974632E-01
-5.085632E-08,-1.4979903E-01
-5.080632E-08,-1.4979903E-01
-5.075632E-08,-1.4979903E-01
-5.070632E-08,-1.4979903E-01
-5.065632E-08,-1.4979903E-01
-5.060632E-08,-1.4979903E-01
-5.055632E-08,-1.4979903E-01
-5.050632E-08,-1.4979903E-01
-5.045632E-08,-1.4979903E-01
-5.040632E-08,-1.4985173E-01
-5.035632E-08,-1.4985173E-01
-5.030632E-08,-1.4985173E-01
-5.025632E-08,-1.4985173E-01
-5.020632E-08,-1.4985173E-01
-5.015632E-08,-1.4985173E-01
-5.010632E-08,-1.4985173E-01
-5.005632E-08,-1.4985173E-01
-5.000632E-08,-1.4985173E-01
-4.995632E-08,-1.4985173E-01
-4.990632E-08,-1.4979903E-01
-4.985632E-08,-1.4979903E-01
-4.980632E-08,-1.4979903E-01
-4.975632E-08,-1.4979903E-01
-4.970632E-08,-1.4974632E-01
-4.965632E-08,-1.4974632E-01
-4.960632E-08,-1.4974632E-01
-4.955632E-08,-1.4969361E-01
-4.950632E-08,-1.4969361E-01
-4.945632E-08,-1.4964090E-01
-4.940632E-08,-1.4964090E-01
-4.935632E-08,-1.4958819E-01
-4.930632E-08,-1.4958819E-01
-4.925632E-08,-1.4953548E-01
-4.920632E-08,-1.4953548E-01
-4.915632E-08,-1.4948277E-01
-4.910632E-08,-1.4948277E-01
-4.905632E-08,-1.4948277E-01
-4.900632E-08,-1.4943006E-01
-4.895632E-08,-1.4943006E-01
-4.890632E-08,-1.4943006E-01
-4.885632E-08,-1.4943006E-01
-4.880632E-08,-1.4943006E-01
-4.875632E-08,-1.4943006E-01
-4.870632E-08,-1.4943006E-01
-4.865632E-08,-1.4943006E-01
-4.860632E-08,-1.4943006E-01
-4.855632E-08,-1.4943006E-01
-4.850632E-08,-1.4948277E-01
-4.845632E-08,-1.4948277E-01
-4.840632E-08,-1.4948277E-01
-4.835632E-08,-1.4953548E-01
-4.830632E-08,-1.4953548E-01
-4.825632E-08,-1.4958819E-01
-4.820632E-08,-1.4964090E-01
-4.815632E-08,-1.4964090E-01
-4.810632E-08,-1.4969361E-01
-4.805632E-08,-1.4969361E-01
-4.800632E-08,-1.4974632E-01
-4.795632E-08,-1.4979903E-01
-4.790632E-08,-1.4979903E-01
-4.785632E-08,-1.4985173E-01
-4.780632E-08,-1.4990444E-01
-4.775632E-08,-1.4990444E-01
-4.770632E-08,-1.4995715E-01
-4.765632E-08,-1.4995715E-01
-4.760632E-08,-1.4995715E-01
-4.755632E-08,-1.5000986E-01
-4.750632E-08,-1.5000986E-01
-4.745632E-08,-1.5000986E-01
-4.740632E-08,-1.5006257E-01
-4.735632E-08,-1.5006257E-01
-4.730632E-08,-1.5006257E-01
-4.725632E-08,-1.5006257E-01
-4.720632E-08,-1.5006257E-01
-4.715632E-08,-1.5006257E-01
-4.710632E-08,-1.5000986E-01
-4.705632E-08,-1.5000986E-01
-4.700632E-08,-1.5000986E-01
-4.695632E-08,-1.5000986E-01
-4.690632E-08,-1.4995715E-01
-4.685632E-08,-1.4995715E-01
-4.680632E-08,-1.4995715E-01
-4.675632E-08,-1.4990444E-01
-4.670632E-08,-1.4990444E-01
-4.665632E-08,-1.4985173E-01
-4.660632E-08,-1.4985173E-01
-4.655632E-08,-1.4979903E-01
-4.650632E-08,-1.4974632E-01
-4.645632E-08,-1.4974632E-01
-4.640632E-08,-1.4969361E-01
-4.635632E-08,-1.4969361E-01
-4.630632E-08,-1.4964090E-01
-4.625632E-08,-1.4958819E-01
-4.620632E-08,-1.4958819E-01
-4.615632E-08,-1.4953548E-01
-4.610632E-08,-1.4953548E-01
-4.605632E-08,-1.4948277E-01
-4.600632E-08,-1.4948277E-01
-4.595632E-08,-1.4943006E-01
-4.590632E-08,-1.4943006E-01
-4.585632E-08,-1.4943006E-01
-4.580632E-08,-1.4937735E-01
-4.575632E-08,-1.4937735E-01
-4.570632E-08,-1.4937735E-01
-4.565632E-08,-1.4937735E-01
-4.560632E-08,-1.4937735E-01
-4.555632E-08,-1.4937735E-01
-4.550632E-08,-1.4937735E-01
-4.545632E-08,-1.4943006E-01
-4.540632E-08,-1.4943006E-01
-4.535632E-08,-1.4943006E-01
-4.530632E-08,-1.4943006E-01
-4.525632E-08,-1.4948277E-01
-4.520632E-08,-1.4948277E-01
-4.515632E-08,-1.4953548E-01
-4.510632E-08,-1.4953548E-01
-4.505632E-08,-1.4958819E-01
-4.500632E-08,-1.4958819E-01
-4.495632E-08,-1.4964090E-01
-4.490632E-08,-1.4964090E-01
-4.485632E-08,-1.4969361E-01
-4.480632E-08,-1.4969361E-01
-4.475632E-08,-1.4974632E-01
-4.470632E-08,-1.4974632E-01
-4.465632E-08,-1.4974632E-01
-4.460632E-08,-1.4979903E-01
-4.455632E-08,-1.4979903E-01
-4.450632E-08,-1.4979903E-01
-4.445632E-08,-1.4979903E-01
-4.440632E-08,-1.4979903E-01
-4.435632E-08,-1.4979903E-01
-4.430632E-08,-1.4974632E-01
-4.425632E-08,-1.4974632E-01
-4.420632E-08,-1.4974632E-01
-4.415632E-08,-1.4969361E-01
-4.410632E-08,-1.4969361E-01
-4.405632E-08,-1.4964090E-01
-4.400632E-08,-1.4958819E-01
-4.395632E-08,-1.4958819E-01
-4.390632E-08,-1.4953548E-01
-4.385632E-08,-1.4948277E-01
-4.380632E-08,-1.4943006E-01
-4.375632E-08,-1.4943006E-01
-4.370632E-08,-1.4937735E-01
-4.365632E-08,-1.4932464E-01
-4.360632E-08,-1.4932464E-01
-4.355632E-08,-1.4927194E-01
-4.350632E-08,-1.4927194E-01
-4.345632E-08,-1.4927194E-01
-4.340632E-08,-1.4921923E-01
-4.335632E-08,-1.4921923E-01
-4.330632E-08,-1.4921923E-01
-4.325632E-08,-1.4921923E-01
-4.320632E-08,-1.4927194E-01
-4.315632E-08,-1.4927194E-01
-4.310632E-08,-1.4932464E-01
-4.305632E-08,-1.4932464E-01
-4.300632E-08,-1.4937735E-01
-4.295632E-08,-1.4943006E-01
-4.290632E-08,-1.4948277E-01
-4.285632E-08,-1.4953548E-01
-4.280632E-08,-1.4964090E-01
-4.275632E-08,-1.4969361E-01
-4.270632E-08,-1.4974632E-01
-4.265632E-08,-1.4985173E-01
-4.260632E-08,-1.4990444E-01
-4.255632E-08,-1.5000986E-01
-4.250632E-08,-1.5006257E-01
-4.245632E-08,-1.5011528E-01
-4.240632E-08,-1.5022070E-01
-4.235632E-08,-1.5027341E-01
-4.230632E-08,-1.5032612E-01
-4.225632E-08,-1.5037883E-01
-4.220632E-08,-1.5043153E-01
-4.215632E-08,-1.5043153E-01
-4.210632E-08,-1.5048424E-01
-4.205632E-08,-1.5048424E-01
-4.200632E-08,-1.5053695E-01
-4.195632E-08,-1.5053695E-01
-4.190632E-08,-1.5053695E-01
-4.185632E-08,-1.5053695E-01
-4.180632E-08,-1.5048424E-01
-4.175632E-08,-1.5048424E-01
-4.170632E-08,-1.5043153E-01
-4.165632E-08,-1.5043153E-01
-4.160632E-08,-1.5037883E-01
-4.155632E-08,-1.5032612E-01
-4.150632E-08,-1.5027341E-01
-4.145632E-08,-1.5022070E-01
-4.140632E-08,-1.5016799E-01
-4.135632E-08,-1.5011528E-01
-4.130632E-08,-1.5006257E-01
-4.125632E-08,-1.5000986E-01
-4.120632E-08,-1.4995715E-01
-4.115632E-08,-1.4990444E-01
-4.110632E-08,-1.4985173E-01
-4.105632E-08,-1.4985173E-01
-4.100632E-08,-1.4979903E-01
-4.095632E-08,-1.4974632E-01
-4.090632E-08,-1.4974632E-01
-4.085632E-08,-1.4969361E-01
-4.080632E-08,-1.4969361E-01
-4.075632E-08,-1.4969361E-01
-4.070632E-08,-1.4969361E-01
-4.065632E-08,-1.4969361E-01
-4.060632E-08,-1.4969361E-01
-4.055632E-08,-1.4969361E-01
-4.050632E-08,-1.4969361E-01
-4.045632E-08,-1.4974632E-01
-4.040632E-08,-1.4974632E-01
-4.035632E-08,-1.4974632E-01
-4.030632E-08,-1.4979903E-01
-4.025632E-08,-1.4979903E-01
-4.020632E-08,-1.4985173E-01
-4.015632E-08,-1.4985173E-01
-4.010632E-08,-1.4990444E-01
-4.005632E-08,-1.4990444E-01
-4.000632E-08,-1.4995715E-01
-3.995632E-08,-1.4995715E-01
-3.990632E-08,-1.4995715E-01
-3.985632E-08,-1.4995715E-01
-3.980632E-08,-1.4995715E-01
-3.975632E-08,-1.4995715E-01
-3.970632E-08,-1.4995715E-01
-3.965632E-08,-1.4995715E-01
-3.960632E-08,-1.4995715E-01
-3.955632E-08,-1.4990444E-01
-3.950632E-08,-1.4990444E-01
-3.945632E-08,-1.4985173E-01
-3.940632E-08,-1.4979903E-01
-3.935632E-08,-1.4979903E-01
-3.930632E-08,-1.4974632E-01
-3.925632E-08,-1.4969361E-01
-3.920632E-08,-1.4964090E-01
-3.915632E-08,-1.4964090E-01
-3.910632E-08,-1.4958819E-01
-3.905632E-08,-1.4953548E-01
-3.900632E-08,-1.4948277E-01
-3.895632E-08,-1.4948277E-01
-3.890632E-08,-1.4943006E-01
-3.885632E-08,-1.4937735E-01
-3.880632E-08,-1.4937735E-01
-3.875632E-08,-1.4932464E-01
-3.870632E-08,-1.4932464E-01
-3.865632E-08,-1.4932464E-01
-3.860632E-08,-1.4932464E-01
-3.855632E-08,-1.4932464E-01
-3.850632E-08,-1.4932464E-01
-3.845632E-08,-1.4932464E-01
-3.840632E-08,-1.4937735E-01
-3.835632E-08,-1.4937735E-01
-3.830632E-08,-1.4943006E-01
-3.825632E-08,-1.4948277E-01
-3.820632E-08,-1.4953548E-01
-3.815632E-08,-1.4953548E-01
-3.810632E-08,-1.4958819E-01
-3.805632E-08,-1.4964090E-01
-3.800632E-08,-1.4969361E-01
-3.795632E-08,-1.4974632E-01
-3.790632E-08,-1.4985173E-01
-3.785632E-08,-1.4990444E-01
-3.780632E-08,-1.4995715E-01
-3.775632E-08,-1.5000986E-01
-3.770632E-08,-1.5006257E-01
-3.765632E-08,-1.5011528E-01
-3.760632E-08,-1.5011528E-01
-3.755632E-08,-1.5016799E-01
-3.750632E-08,-1.5022070E-01
-3.745632E-08,-1.5022070E-01
-3.740632E-08,-1.5027341E-01
-3.735632E-08,-1.5027341E-01
-3.730632E-08,-1.5027341E-01
-3.725632E-08,-1.5032612E-01
-3.720632E-08,-1.5032612E-01
-3.715632E-08,-1.5032612E-01
-3.710632E-08,-1.5027341E-01
-3.705632E-08,-1.5027341E-01
-3.700632E-08,-1.5027341E-01
-3.695632E-08,-1.5022070E-01
-3.690632E-08,-1.5022070E-01
-3.685632E-08,-1.5016799E-01
-3.680632E-08,-1.5016799E-01
-3.675632E-08,-1.5011528E-01
-3.670632E-08,-1.5011528E-01
-3.665632E-08,-1.5006257E-01
-3.660632E-08,-1.5000986E-01
-3.655632E-08,-1.5000986E-01
-3.650632E-08,-1.4995715E-01
-3.645632E-08,-1.4995715E-01
-3.640632E-08,-1.4990444E-01
-3.635632E-08,-1.4990444E-01
-3.630632E-08,-1.4990444E-01
-3.625632E-08,-1.4990444E-01
-3.620632E-08,-1.4990444E-01
-3.615632E-08,-1.4990444E-01
-3.610632E-08,-1.4990444E-01
-3.605632E-08,-1.4990444E-01
-3.600632E-08,-1.4995715E-01
-3.595632E-08,-1.4995715E-01
-3.590632E-08,-1.5000986E-01
-3.585632E-08,-1.5006257E-01
-3.580632E-08,-1.5011528E-01
-3.575632E-08,-1.5016799E-01
-3.570632E-08,-1.5022070E-01
-3.565632E-08,-1.5027341E-01
-3.560632E-08,-1.5032612E-01
-3.555632E-08,-1.5037883E-01
-3.550632E-08,-1.5043153E-01
-3.545632E-08,-1.5048424E-01
-3.540632E-08,-1.5053695E-01
-3.535632E-08,-1.5058966E-01
-3.530632E-08,-1.5064237E-01
-3.525632E-08,-1.5069508E-01
-3.520632E-08,-1.5074779E-01
-3.515632E-08,-1.5080050E-01
-3.510632E-08,-1.5080050E-01
-3.505632E-08,-1.5085321E-01
-3.500632E-08,-1.5085321E-01
-3.495632E-08,-1.5085321E-01
-3.490632E-08,-1.5085321E-01
-3.485632E-08,-1.5085321E-01
-3.480632E-08,-1.5080050E-01
-3.475632E-08,-1.5080050E-01
-3.470632E-08,-1.5074779E-01
-3.465632E-08,-1.5074779E-01
-3.460632E-08,-1.5069508E-01
-3.455632E-08,-1.5064237E-01
-3.450632E-08,-1.5058966E-01
-3.445632E-08,-1.5053695E-01
-3.440632E-08,-1.5048424E-01
-3.435632E-08,-1.5043153E-01
-3.430632E-08,-1.5032612E-01
-3.425632E-08,-1.5027341E-01
-3.420632E-08,-1.5022070E-01
-3.415632E-08,-1.5016799E-01
-3.410632E-08,-1.5011528E-01
-3.405632E-08,-1.5006257E-01
-3.400632E-08,-1.5000986E-01
-3.395632E-08,-1.4995715E-01
-3.390632E-08,-1.4990444E-01
-3.385632E-08,-1.4985173E-01
-3.380632E-08,-1.4985173E-01
-3.375632E-08,-1.4979903E-01
-3.370632E-08,-1.4979903E-01
-3.365632E-08,-1.4979903E-01
-3.360632E-08,-1.4979903E-01
-3.355632E-08,-1.4979903E-01
-3.350632E-08,-1.4979903E-01
-3.345632E-08,-1.4979903E-01
-3.340632E-08,-1.4979903E-01
-3.335632E-08,-1.4979903E-01
-3.330632E-08,-1.4985173E-01
-3.325632E-08,-1.4985173E-01
-3.320632E-08,-1.4990444E-01
-3.315632E-08,-1.4990444E-01
-3.310632E-08,-1.4995715E-01
-3.305632E-08,-1.4995715E-01
-3.300632E-08,-1.4995715E-01
-3.295632E-08,-1.5000986E-01
-3.290632E-08,-1.5000986E-01
-3.285632E-08,-1.5000986E-01
-3.280632E-08,-1.5000986E-01
-3.275632E-08,-1.5000986E-01
-3.270632E-08,-1.5000986E-01
-3.265632E-08,-1.5000986E-01
-3.260632E-08,-1.5000986E-01
-3.255632E-08,-1.4995715E-01
-3.250632E-08,-1.4995715E-01
-3.245632E-08,-1.4990444E-01
-3.240632E-08,-1.4990444E-01
-3.235632E-08,-1.4985173E-01
-3.230632E-08,-1.4985173E-01
-3.225632E-08,-1.4979903E-01
-3.220632E-08,-1.4974632E-01
-3.215632E-08,-1.4969361E-01
-3.210632E-08,-1.4969361E-01
-3.205632E-08,-1.4964090E-01
-3.200632E-08,-1.4958819E-01
-3.195632E-08,-1.4958819E-01
-3.190632E-08,-1.4953548E-01
-3.185632E-08,-1.4953548E-01
-3.180632E-08,-1.4948277E-01
-3.175632E-08,-1.4948277E-01
-3.170632E-08,-1.4948277E-01
-3.165632E-08,-1.4948277E-01
-3.160632E-08,-1.4948277E-01
-3.155632E-08,-1.4948277E-01
-3.150632E-08,-1.4948277E-01
-3.145632E-08,-1.4953548E-01
-3.140632E-08,-1.4953548E-01
-3.135632E-08,-1.4958819E-01
-3.130632E-08,-1.4964090E-01
-3.125632E-08,-1.4964090E-01
-3.120632E-08,-1.4969361E-01
-3.115632E-08,-1.4974632E-01
-3.110632E-08,-1.4979903E-01
-3.105632E-08,-1.4985173E-01
-3.100632E-08,-1.4990444E-01
-3.095632E-08,-1.4990444E-01
-3.090632E-08,-1.4995715E-01
-3.085632E-08,-1.5000986E-01
-3.080632E-08,-1.5000986E-01
-3.075632E-08,-1.5006257E-01
-3.070632E-08,-1.5006257E-01
-3.065632E-08,-1.5006257E-01
-3.060632E-08,-1.5006257E-01
-3.055632E-08,-1.5006257E-01
-3.050632E-08,-1.5006257E-01
-3.045632E-08,-1.5006257E-01
-3.040632E-08,-1.5000986E-01
-3.035632E-08,-1.5000986E-01
-3.030632E-08,-1.4995715E-01
-3.025632E-08,-1.4990444E-01
-3.020632E-08,-1.4990444E-01
-3.015632E-08,-1.4985173E-01
-3.010632E-08,-1.4979903E-01
-3.005632E-08,-1.4974632E-01
-3.000632E-08,-1.4969361E-01
-2.995632E-08,-1.4964090E-01
-2.990632E-08,-1.4964090E-01
-2.985632E-08,-1.4958819E-01
-2.980632E-08,-1.4953548E-01
-2.975632E-08,-1.4953548E-01
-2.970632E-08,-1.4948277E-01
-2.965632E-08,-1.4948277E-01
-2.960632E-08,-1.4943006E-01
-2.955632E-08,-1.4943006E-01
-2.950632E-08,-1.4943006E-01
-2.945632E-08,-1.4943006E-01
-2.940632E-08,-1.4948277E-01
-2.935632E-08,-1.4948277E-01
-2.930632E-08,-1.4948277E-01
-2.925632E-08,-1.4953548E-01
-2.920632E-08,-1.4958819E-01
-2.915632E-08,-1.4964090E-01
-2.910632E-08,-1.4964090E-01
-2.905632E-08,-1.4969361E-01
-2.900632E-08,-1.4974632E-01
-2.895632E-08,-1.4985173E-01
-2.890632E-08,-1.4990444E-01
-2.885632E-08,-1.4995715E-01
-2.880632E-08,-1.5000986E-01
-2.875632E-08,-1.5006257E-01
-2.870632E-08,-1.5011528E-01
-2.865632E-08,-1.5011528E-01
-2.860632E-08,-1.5016799E-01
-2.855632E-08,-1.5022070E-01
-2.850632E-08,-1.5022070E-01
-2.845632E-08,-1.5027341E-01
-2.840632E-08,-1.5027341E-01
-2.835632E-08,-1.5027341E-01
-2.830632E-08,-1.5027341E-01
-2.825632E-08,-1.5027341E-01
-2.820632E-08,-1.5027341E-01
-2.815632E-08,-1.5022070E-01
-2.810632E-08,-1.5022070E-01
-2.805632E-08,-1.5016799E-01
-2.800632E-08,-1.5011528E-01
-2.795632E-08,-1.5011528E-01
-2.790632E-08,-1.5006257E-01
-2.785632E-08,-1.5000986E-01
-2.780632E-08,-1.4995715E-01
-2.775632E-08,-1.4990444E-01
-2.770632E-08,-1.4985173E-01
-2.765632E-08,-1.4974632E-01
-2.760632E-08,-1.4969361E-01
-2.755632E-08,-1.4964090E-01
-2.750632E-08,-1.4958819E-01
-2.745632E-08,-1.4953548E-01
-2.740632E-08,-1.4948277E-01
-2.735632E-08,-1.4948277E-01
-2.730632E-08,-1.4943006E-01
-2.725632E-08,-1.4937735E-01
-2.720632E-08,-1.4932464E-01
-2.715632E-08,-1.4932464E-01
-2.710632E-08,-1.4927194E-01
-2.705632E-08,-1.4927194E-01
-2.700632E-08,-1.4927194E-01
-2.695632E-08,-1.4921923E-01
-2.690632E-08,-1.4921923E-01
-2.685632E-08,-1.4921923E-01
-2.680632E-08,-1.4921923E-01
-2.675632E-08,-1.4921923E-01
-2.670632E-08,-1.4921923E-01
-2.665632E-08,-1.4921923E-01
-2.660632E-08,-1.4921923E-01
-2.655632E-08,-1.4921923E-01
-2.650632E-08,-1.4921923E-01
-2.645632E-08,-1.4921923E-01
-2.640632E-08,-1.4921923E-01
-2.635632E-08,-1.4927194E-01
-2.630632E-08,-1.4927194E-01
-2.625632E-08,-1.4927194E-01
-2.620632E-08,-1.4927194E-01
-2.615632E-08,-1.4927194E-01
-2.610632E-08,-1.4927194E-01
-2.605632E-08,-1.4927194E-01
-2.600632E-08,-1.4932464E-01
-2.595632E-08,-1.4932464E-01
-2.590632E-08,-1.4932464E-01
-2.585632E-08,-1.4932464E-01
-2.580632E-08,-1.4932464E-01
-2.575632E-08,-1.4937735E-01
-2.570632E-08,-1.4937735E-01
-2.565632E-08,-1.4937735E-01
-2.560632E-08,-1.4943006E-01
-2.555632E-08,-1.4943006E-01
-2.550632E-08,-1.4943006E-01
-2.545632E-08,-1.4948277E-01
-2.540632E-08,-1.4948277E-01
-2.535632E-08,-1.4948277E-01
-2.530632E-08,-1.4953548E-01
-2.525632E-08,-1.4953548E-01
-2.520632E-08,-1.4953548E-01
-2.515632E-08,-1.4958819E-01
-2.510632E-08,-1.4958819E-01
-2.505632E-08,-1.4958819E-01
-2.500632E-08,-1.4958819E-01
-2.495632E-08,-1.4958819E-01
-2.490632E-08,-1.4958819E-01
-2.485632E-08,-1.4958819E-01
-2.480632E-08,-1.4958819E-01
-2.475632E-08,-1.4958819E-01
-2.470632E-08,-1.4958819E-01
-2.465632E-08,-1.4958819E-01
-2.460632E-08,-1.4953548E-01
-2.455632E-08,-1.4953548E-01
-2.450632E-08,-1.4948277E-01
-2.445632E-08,-1.4948277E-01
-2.440632E-08,-1.4943006E-01
-2.435632E-08,-1.4943006E-01
-2.430632E-08,-1.4937735E-01
-2.425632E-08,-1.4932464E-01
-2.420632E-08,-1.4927194E-01
-2.415632E-08,-1.4921923E-01
-2.410632E-08,-1.4921923E-01
-2.405632E-08,-1.4916652E-01
-2.400632E-08,-1.4911381E-01
-2.395632E-08,-1.4906110E-01
-2.390632E-08,-1.4900839E-01
-2.385632E-08,-1.4895568E-01
-2.380632E-08,-1.4895568E-01
-2.375632E-08,-1.4890297E-01
-2.370632E-08,-1.4885026E-01
-2.365632E-08,-1.4885026E-01
-2.360632E-08,-1.4879755E-01
-2.355632E-08,-1.4879755E-01
-2.350632E-08,-1.4874485E-01
-2.345632E-08,-1.4874485E-01
-2.340632E-08,-1.4874485E-01
-2.335632E-08,-1.4874485E-01
-2.330632E-08,-1.4869214E-01
-2.325632E-08,-1.4869214E-01
-2.320632E-08,-1.4874485E-01
-2.315632E-08,-1.4874485E-01
-2.310632E-08,-1.4874485E-01
-2.305632E-08,-1.4874485E-01
-2.300632E-08,-1.4874485E-01
-2.295632E-08,-1.4879755E-01
-2.290632E-08,-1.4879755E-01
-2.285632E-08,-1.4879755E-01
-2.280632E-08,-1.4885026E-01
-2.275632E-08,-1.4885026E-01
-2.270632E-08,-1.4885026E-01
-2.265632E-08,-1.4890297E-01
-2.260632E-08,-1.4890297E-01
-2.255632E-08,-1.4890297E-01
-2.250632E-08,-1.4895568E-01
-2.245632E-08,-1.4895568E-01
-2.240632E-08,-1.4895568E-01
-2.235632E-08,-1.4895568E-01
-2.230632E-08,-1.4895568E-01
-2.225632E-08,-1.4895568E-01
-2.220632E-08,-1.4900839E-01
-2.215632E-08,-1.4900839E-01
-2.210632E-08,-1.4900839E-01
-2.205632E-08,-1.4900839E-01
-2.200632E-08,-1.4900839E-01
-2.195632E-08,-1.4900839E-01
-2.190632E-08,-1.4906110E-01
-2.185632E-08,-1.4906110E-01
-2.180632E-08,-1.4906110E-01
-2.175632E-08,-1.4906110E-01
-2.170632E-08,-1.4911381E-01
-2.165632E-08,-1.4911381E-01
-2.160632E-08,-1.4916652E-01
-2.155632E-08,-1.4916652E-01
-2.150632E-08,-1.4921923E-01
-2.145632E-08,-1.4921923E-01
-2.140632E-08,-1.4927194E-01
-2.135632E-08,-1.4932464E-01
-2.130632E-08,-1.4937735E-01
-2.125632E-08,-1.4937735E-01
-2.120632E-08,-1.4943006E-01
-2.115632E-08,-1.4948277E-01
-2.110632E-08,-1.4953548E-01
-2.105632E-08,-1.4953548E-01
-2.100632E-08,-1.4958819E-01
-2.095632E-08,-1.4964090E-01
-2.090632E-08,-1.4964090E-01
-2.085632E-08,-1.4969361E-01
-2.080632E-08,-1.4969361E-01
-2.075632E-08,-1.4974632E-01
-2.070632E-08,-1.4974632E-01
-2.065632E-08,-1.4974632E-01
-2.060632E-08,-1.4974632E-01
-2.055632E-08,-1.4974632E-01
-2.050632E-08,-1.4974632E-01
-2.045632E-08,-1.4974632E-01
-2.040632E-08,-1.4974632E-01
-2.035632E-08,-1.4974632E-01
-2.030632E-08,-1.4974632E-01
-2.025632E-08,-1.4969361E-01
-2.020632E-08,-1.4969361E-01
-2.015632E-08,-1.4964090E-01
-2.010632E-08,-1.4964090E-01
-2.005632E-08,-1.4964090E-01
-2.000632E-08,-1.4958819E-01
-1.995632E-08,-1.4958819E-01
-1.990632E-08,-1.4953548E-01
-1.985632E-08,-1.4953548E-01
-1.980632E-08,-1.4948277E-01
-1.975632E-08,-1.4948277E-01
-1.970632E-08,-1.4948277E-01
-1.965632E-08,-1.4943006E-01
-1.960632E-08,-1.4943006E-01
-1.955632E-08,-1.4943006E-01
-1.950632E-08,-1.4943006E-01
-1.945632E-08,-1.4943006E-01
-1.940632E-08,-1.4943006E-01
-1.935632E-08,-1.4943006E-01
-1.930632E-08,-1.4943006E-01
-1.925632E-08,-1.4943006E-01
-1.920632E-08,-1.4943006E-01
-1.915632E-08,-1.4948277E-01
-1.910632E-08,-1.4948277E-01
-1.905632E-08,-1.4948277E-01
-1.900632E-08,-1.4953548E-01
-1.895632E-08,-1.4953548E-01
-1.890632E-08,-1.4953548E-01
-1.885632E-08,-1.4958819E-01
-1.880632E-08,-1.4958819E-01
-1.875632E-08,-1.4958819E-01
-1.870632E-08,-1.4958819E-01
-1.865632E-08,-1.4958819E-01
-1.860632E-08,-1.4964090E-01
-1.855632E-08,-1.4964090E-01
-1.850632E-08,-1.4964090E-01
-1.845632E-08,-1.4958819E-01
-1.840632E-08,-1.4958819E-01
-1.835632E-08,-1.4958819E-01
-1.830632E-08,-1.4958819E-01
-1.825632E-08,-1.4953548E-01
-1.820632E-08,-1.4953548E-01
-1.815632E-08,-1.4948277E-01
-1.810632E-08,-1.4948277E-01
-1.805632E-08,-1.4943006E-01
-1.800632E-08,-1.4943006E-01
-1.795632E-08,-1.4937735E-01
-1.790632E-08,-1.4937735E-01
-1.785632E-08,-1.4932464E-01
-1.780632E-08,-1.4932464E-01
-1.775632E-08,-1.4927194E-01
-1.770632E-08,-1.4927194E-01
-1.765632E-08,-1.4921923E-01
-1.760632E-08,-1.4921923E-01
-1.755632E-08,-1.4921923E-01
-1.750632E-08,-1.4921923E-01
-1.745632E-08,-1.4916652E-01
-1.740632E-08,-1.4916652E-01
-1.735632E-08,-1.4916652E-01
-1.730632E-08,-1.4921923E-01
-1.725632E-08,-1.4921923E-01
-1.720632E-08,-1.4921923E-01
-1.715632E-08,-1.4921923E-01
-1.710632E-08,-1.4921923E-01
-1.705632E-08,-1.4927194E-01
-1.700632E-08,-1.4927194E-01
-1.695632E-08,-1.4932464E-01
-1.690632E-08,-1.4932464E-01
-1.685632E-08,-1.4932464E-01
-1.680632E-08,-1.4937735E-01
-1.675632E-08,-1.4937735E-01
-1.670632E-08,-1.4943006E-01
-1.665632E-08,-1.4943006E-01
-1.660632E-08,-1.4943006E-01
-1.655632E-08,-1.4948277E-01
-1.650632E-08,-1.4948277E-01
-1.645632E-08,-1.4948277E-01
-1.640632E-08,-1.4948277E-01
-1.635632E-08,-1.4948277E-01
-1.630632E-08,-1.4948277E-01
-1.625632E-08,-1.4948277E-01
-1.620632E-08,-1.4948277E-01
-1.615632E-08,-1.4948277E-01
-1.610632E-08,-1.4948277E-01
-1.605632E-08,-1.4948277E-01
-1.600632E-08,-1.4948277E-01
-1.595632E-08,-1.4943006E-01
-1.590632E-08,-1.4943006E-01
-1.585632E-08,-1.4943006E-01
-1.580632E-08,-1.4943006E-01
-1.575632E-08,-1.4943006E-01
-1.570632E-08,-1.4937735E-01
-1.565632E-08,-1.4937735E-01
-1.560632E-08,-1.4937735E-01
-1.555632E-08,-1.4937735E-01
-1.550632E-08,-1.4937735E-01
-1.545632E-08,-1.4937735E-01
-1.540632E-08,-1.4937735E-01
-1.535632E-08,-1.4943006E-01
-1.530632E-08,-1.4943006E-01
-1.525632E-08,-1.4943006E-01
-1.520632E-08,-1.4943006E-01
-1.515632E-08,-1.4948277E-01
-1.510632E-08,-1.4948277E-01
-1.505632E-08,-1.4953548E-01
-1.500632E-08,-1.4953548E-01
-1.495632E-08,-1.4958819E-01
-1.490632E-08,-1.4958819E-01
-1.485632E-08,-1.4964090E-01
-1.480632E-08,-1.4964090E-01
-1.475632E-08,-1.4969361E-01
-1.470632E-08,-1.4969361E-01
-1.465632E-08,-1.4974632E-01
-1.460632E-08,-1.4979903E-01
-1.455632E-08,-1.4979903E-01
-1.450632E-08,-1.4985173E-01
-1.445632E-08,-1.4985173E-01
-1.440632E-08,-1.4985173E-01
-1.435632E-08,-1.4990444E-01
-1.430632E-08,-1.4990444E-01
-1.425632E-08,-1.4995715E-01
-1.420632E-08,-1.4995715E-01
-1.415632E-08,-1.4995715E-01
-1.410632E-08,-1.4995715E-01
-1.405632E-08,-1.4995715E-01
-1.400632E-08,-1.5000986E-01
-1.395632E-08,-1.5000986E-01
-1.390632E-08,-1.5000986E-01
-1.385632E-08,-1.5000986E-01
-1.380632E-08,-1.5000986E-01
-1.375632E-08,-1.5000986E-01
-1.370632E-08,-1.5000986E-01
-1.365632E-08,-1.5000986E-01
-1.360632E-08,-1.5000986E-01
-1.355632E-08,-1.5000986E-01
-1.350632E-08,-1.5000986E-01
-1.345632E-08,-1.5000986E-01
-1.340632E-08,-1.5000986E-01
-1.335632E-08,-1.5000986E-01
-1.330632E-08,-1.5000986E-01
-1.325632E-08,-1.5000986E-01
-1.320632E-08,-1.5000986E-01
-1.315632E-08,-1.5006257E-01
-1.310632E-08,-1.5006257E-01
-1.305632E-08,-1.5006257E-01
-1.300632E-08,-1.5006257E-01
-1.295632E-08,-1.5006257E-01
-1.290632E-08,-1.5006257E-01
-1.285632E-08,-1.5006257E-01
-1.280632E-08,-1.5006257E-01
-1.275632E-08,-1.5006257E-01
-1.270632E-08,-1.5006257E-01
-1.265632E-08,-1.5006257E-01
-1.260632E-08,-1.5006257E-01
-1.255632E-08,-1.5006257E-01
-1.250632E-08,-1.5000986E-01
-1.245632E-08,-1.5000986E-01
-1.240632E-08,-1.4995715E-01
-1.235632E-08,-1.4995715E-01
-1.230632E-08,-1.4990444E-01
-1.225632E-08,-1.4990444E-01
-1.220632E-08,-1.4985173E-01
-1.215632E-08,-1.4979903E-01
-1.210632E-08,-1.4974632E-01
-1.205632E-08,-1.4969361E-01
-1.200632E-08,-1.4964090E-01
-1.195632E-08,-1.4958819E-01
-1.190632E-08,-1.4953548E-01
-1.185632E-08,-1.4948277E-01
-1.180632E-08,-1.4943006E-01
-1.175632E-08,-1.4937735E-01
-1.170632E-08,-1.4932464E-01
-1.165632E-08,-1.4927194E-01
-1.160632E-08,-1.4921923E-01
-1.155632E-08,-1.4916652E-01
-1.150632E-08,-1.4916652E-01
-1.145632E-08,-1.4911381E-01
-1.140632E-08,-1.4906110E-01
-1.135632E-08,-1.4900839E-01
-1.130632E-08,-1.4900839E-01
-1.125632E-08,-1.4895568E-01
-1.120632E-08,-1.4895568E-01
-1.115632E-08,-1.4890297E-01
-1.110632E-08,-1.4890297E-01
-1.105632E-08,-1.4890297E-01
-1.100632E-08,-1.4890297E-01
-1.095632E-08,-1.4890297E-01
-1.090632E-08,-1.4890297E-01
-1.085632E-08,-1.4890297E-01
-1.080632E-08,-1.4890297E-01
-1.075632E-08,-1.4890297E-01
-1.070632E-08,-1.4895568E-01
-1.065632E-08,-1.4895568E-01
-1.060632E-08,-1.4895568E-01
-1.055632E-08,-1.4900839E-01
-1.050632E-08,-1.4900839E-01
-1.045632E-08,-1.4906110E-01
-1.040632E-08,-1.4906110E-01
-1.035632E-08,-1.4911381E-01
-1.030632E-08,-1.4916652E-01
-1.025632E-08,-1.4916652E-01
-1.020632E-08,-1.4921923E-01
-1.015632E-08,-1.4921923E-01
-1.010632E-08,-1.4927194E-01
-1.005632E-08,-1.4927194E-01
-1.000632E-08,-1.4932464E-01
-9.95632E-09,-1.4932464E-01
-9.90632E-09,-1.4937735E-01
-9.85632E-09,-1.4937735E-01
-9.80632E-09,-1.4943006E-01
-9.75632E-09,-1.4943006E-01
-9.70632E-09,-1.4943006E-01
-9.65632E-09,-1.4948277E-01
-9.60632E-09,-1.4948277E-01
-9.55632E-09,-1.4948277E-01
-9.50632E-09,-1.4948277E-01
-9.45632E-09,-1.4953548E-01
-9.40632E-09,-1.4953548E-01
-9.35632E-09,-1.4953548E-01
-9.30632E-09,-1.4953548E-01
-9.25632E-09,-1.4953548E-01
-9.20632E-09,-1.4958819E-01
-9.15632E-09,-1.4958819E-01
-9.10632E-09,-1.4958819E-01
-9.05632E-09,-1.4958819E-01
-9.00632E-09,-1.4958819E-01
-8.95632E-09,-1.4958819E-01
-8.90632E-09,-1.4958819E-01
-8.85632E-09,-1.4964090E-01
-8.80632E-09,-1.4964090E-01
-8.75632E-09,-1.4964090E-01
-8.70632E-09,-1.4964090E-01
-8.65632E-09,-1.4964090E-01
-8.60632E-09,-1.4964090E-01
-8.55632E-09,-1.4964090E-01
-8.50632E-09,-1.4964090E-01
-8.45632E-09,-1.4964090E-01
-8.40632E-09,-1.4964090E-01
-8.35632E-09,-1.4958819E-01
-8.30632E-09,-1.4958819E-01
-8.25632E-09,-1.4958819E-01
-8.20632E-09,-1.4958819E-01
-8.15632E-09,-1.4953548E-01
-8.10632E-09,-1.4953548E-01
-8.05632E-09,-1.4948277E-01
-8.00632E-09,-1.4948277E-01
-7.95632E-09,-1.4943006E-01
-7.90632E-09,-1.4937735E-01
-7.85632E-09,-1.4937735E-01
-7.80632E-09,-1.4932464E-01
-7.75632E-09,-1.4927194E-01
-7.70632E-09,-1.4921923E-01
-7.65632E-09,-1.4916652E-01
-7.60632E-09,-1.4916652E-01
-7.55632E-09,-1.4911381E-01
-7.50632E-09,-1.4906110E-01
-7.45632E-09,-1.4900839E-01
-7.40632E-09,-1.4900839E-01
-7.35632E-09,-1.4895568E-01
-7.30632E-09,-1.4890297E-01
-7.25632E-09,-1.4890297E-01
-7.20632E-09,-1.4885026E-01
-7.15632E-09,-1.4885026E-01
-7.10632E-09,-1.4885026E-01
-7.05632E-09,-1.4885026E-01
-7.00632E-09,-1.4879755E-01
-6.95632E-09,-1.4885026E-01
-6.90632E-09,-1.4885026E-01
-6.85632E-09,-1.4885026E-01
-6.80632E-09,-1.4885026E-01
-6.75632E-09,-1.4890297E-01
-6.70632E-09,-1.4890297E-01
-6.65632E-09,-1.4895568E-01
-6.60632E-09,-1.4900839E-01
-6.55632E-09,-1.4900839E-01
-6.50632E-09,-1.4906110E-01
-6.45632E-09,-1.4911381E-01
-6.40632E-09,-1.4916652E-01
-6.35632E-09,-1.4921923E-01
-6.30632E-09,-1.4927194E-01
-6.25632E-09,-1.4932464E-01
-6.20632E-09,-1.4937735E-01
-6.15632E-09,-1.4943006E-01
-6.10632E-09,-1.4948277E-01
-6.05632E-09,-1.4953548E-01
-6.00632E-09,-1.4958819E-01
-5.95632E-09,-1.4964090E-01
-5.90632E-09,-1.4969361E-01
-5.85632E-09,-1.4969361E-01
-5.80632E-09,-1.4974632E-01
-5.75632E-09,-1.4974632E-01
-5.70632E-09,-1.4974632E-01
-5.65632E-09,-1.4974632E-01
-5.60632E-09,-1.4979903E-01
-5.55632E-09,-1.4974632E-01
-5.50632E-09,-1.4974632E-01
-5.45632E-09,-1.4974632E-01
-5.40632E-09,-1.4974632E-01
-5.35632E-09,-1.4969361E-01
-5.30632E-09,-1.4969361E-01
-5.25632E-09,-1.4964090E-01
-5.20632E-09,-1.4958819E-01
-5.15632E-09,-1.4953548E-01
-5.10632E-09,-1.4948277E-01
-5.05632E-09,-1.4948277E-01
-5.00632E-09,-1.4943006E-01
-4.95632E-09,-1.4937735E-01
-4.90632E-09,-1.4932464E-01
-4.85632E-09,-1.4927194E-01
-4.80632E-09,-1.4921923E-01
-4.75632E-09,-1.4921923E-01
-4.70632E-09,-1.4916652E-01
-4.65632E-09,-1.4916652E-01
-4.60632E-09,-1.4911381E-01
-4.55632E-09,-1.4911381E-01
-4.50632E-09,-1.4906110E-01
-4.45632E-09,-1.4906110E-01
-4.40632E-09,-1.4906110E-01
-4.35632E-09,-1.4906110E-01
-4.30632E-09,-1.4906110E-01
-4.25632E-09,-1.4906110E-01
-4.20632E-09,-1.4911381E-01
-4.15632E-09,-1.4911381E-01
-4.10632E-09,-1.4911381E-01
-4.05632E-09,-1.4916652E-01
-4.00632E-09,-1.4916652E-01
-3.95632E-09,-1.4921923E-01
-3.90632E-09,-1.4921923E-01
-3.85632E-09,-1.4927194E-01
-3.80632E-09,-1.4927194E-01
-3.75632E-09,-1.4932464E-01
-3.70632E-09,-1.4932464E-01
-3.65632E-09,-1.4937735E-01
-3.60632E-09,-1.4937735E-01
-3.55632E-09,-1.4943006E-01
-3.50632E-09,-1.4943006E-01
-3.45632E-09,-1.4943006E-01
-3.40632E-09,-1.4943006E-01
-3.35632E-09,-1.4943006E-01
-3.30632E-09,-1.4943006E-01
-3.25632E-09,-1.4943006E-01
-3.20632E-09,-1.4943006E-01
-3.15632E-09,-1.4943006E-01
-3.10632E-09,-1.4937735E-01
-3.05632E-09,-1.4937735E-01
-3.00632E-09,-1.4937735E-01
-2.95632E-09,-1.4932464E-01
-2.90632E-09,-1.4932464E-01
-2.85632E-09,-1.4927194E-01
-2.80632E-09,-1.4921923E-01
-2.75632E-09,-1.4921923E-01
-2.70632E-09,-1.4916652E-01
-2.65632E-09,-1.4916652E-01
-2.60632E-09,-1.4911381E-01
-2.55632E-09,-1.4911381E-01
-2.50632E-09,-1.4906110E-01
-2.45632E-09,-1.4900839E-01
-2.40632E-09,-1.4900839E-01
-2.35632E-09,-1.4900839E-01
-2.30632E-09,-1.4895568E-01
-2.25632E-09,-1.4895568E-01
-2.20632E-09,-1.4895568E-01
-2.15632E-09,-1.4890297E-01
-2.10632E-09,-1.4890297E-01
-2.05632E-09,-1.4890297E-01
-2.00632E-09,-1.4890297E-01
-1.95632E-09,-1.4890297E-01
-1.90632E-09,-1.4890297E-01
-1.85632E-09,-1.4890297E-01
-1.80632E-09,-1.4890297E-01
-1.75632E-09,-1.4890297E-01
-1.70632E-09,-1.4890297E-01
-1.65632E-09,-1.4890297E-01
-1.60632E-09,-1.4890297E-01
-1.55632E-09,-1.4890297E-01
-1.50632E-09,-1.4890297E-01
-1.45632E-09,-1.4890297E-01
-1.40632E-09,-1.4890297E-01
-1.35632E-09,-1.4890297E-01
-1.30632E-09,-1.4890297E-01
-1.25632E-09,-1.4885026E-01
-1.20632E-09,-1.4885026E-01
-1.15632E-09,-1.4885026E-01
-1.10632E-09,-1.4879755E-01
-1.05632E-09,-1.4879755E-01
-1.00632E-09,-1.4879755E-01
-9.5632E-10,-1.4874485E-01
-9.0632E-10,-1.4869214E-01
-8.5632E-10,-1.4869214E-01
-8.0632E-10,-1.4863943E-01
-7.5632E-10,-1.4863943E-01
-7.0632E-10,-1.4858672E-01
-6.5632E-10,-1.4853401E-01
-6.0632E-10,-1.4853401E-01
-5.5632E-10,-1.4848130E-01
-5.0632E-10,-1.4848130E-01
-4.5632E-10,-1.4842859E-01
-4.0632E-10,-1.4842859E-01
-3.5632E-10,-1.4837588E-01
-3.0632E-10,-1.4837588E-01
-2.5632E-10,-1.4832317E-01
-2.0632E-10,-1.4832317E-01
-1.5632E-10,-1.4832317E-01
-1.0632E-10,-1.4832317E-01
-5.632E-11,-1.4827046E-01
-6.32E-12,-1.4827046E-01
4.368E-11,-1.4827046E-01
9.368E-11,-1.4827046E-01
1.4368E-10,-1.4827046E-01
1.9368E-10,-1.4827046E-01
2.4368E-10,-1.4832317E-01
2.9368E-10,-1.4832317E-01
3.4368E-10,-1.4832317E-01
3.9368E-10,-1.4832317E-01
4.4368E-10,-1.4837588E-01
4.9368E-10,-1.4837588E-01
5.4368E-10,-1.4837588E-01
5.9368E-10,-1.4842859E-01
6.4368E-10,-1.4842859E-01
6.9368E-10,-1.4848130E-01
7.4368E-10,-1.4848130E-01
7.9368E-10,-1.4853401E-01
8.4368E-10,-1.4853401E-01
8.9368E-10,-1.4853401E-01
9.4368E-10,-1.4858672E-01
9.9368E-10,-1.4858672E-01
1.04368E-09,-1.4863943E-01
1.09368E-09,-1.4863943E-01
1.14368E-09,-1.4869214E-01
1.19368E-09,-1.4869214E-01
1.24368E-09,-1.4874485E-01
1.29368E-09,-1.4874485E-01
1.34368E-09,-1.4879755E-01
1.39368E-09,-1.4879755E-01
1.44368E-09,-1.4885026E-01
1.49368E-09,-1.4885026E-01
1.54368E-09,-1.4890297E-01
1.59368E-09,-1.4890297E-01
1.64368E-09,-1.4890297E-01
1.69368E-09,-1.4895568E-01
1.74368E-09,-1.4895568E-01
1.79368E-09,-1.4900839E-01
1.84368E-09,-1.4900839E-01
1.89368E-09,-1.4906110E-01
1.94368E-09,-1.4906110E-01
1.99368E-09,-1.4906110E-01
2.04368E-09,-1.4911381E-01
2.09368E-09,-1.4911381E-01
2.14368E-09,-1.4916652E-01
2.19368E-09,-1.4916652E-01
2.24368E-09,-1.4916652E-01
2.29368E-09,-1.4921923E-01
2.34368E-09,-1.4921923E-01
2.39368E-09,-1.4921923E-01
2.44368E-09,-1.4921923E-01
2.49368E-09,-1.4927194E-01
2.54368E-09,-1.4927194E-01
2.59368E-09,-1.4927194E-01
2.64368E-09,-1.4932464E-01
2.69368E-09,-1.4932464E-01
2.74368E-09,-1.4932464E-01
2.79368E-09,-1.4932464E-01
2.84368E-09,-1.4932464E-01
2.89368E-09,-1.4937735E-01
2.94368E-09,-1.4937735E-01
2.99368E-09,-1.4937735E-01
3.04368E-09,-1.4937735E-01
3.09368E-09,-1.4943006E-01
3.14368E-09,-1.4943006E-01
3.19368E-09,-1.4943006E-01
3.24368E-09,-1.4943006E-01
3.29368E-09,-1.4948277E-01
3.34368E-09,-1.4948277E-01
3.39368E-09,-1.4948277E-01
3.44368E-09,-1.4953548E-01
3.49368E-09,-1.4953548E-01
3.54368E-09,-1.4953548E-01
3.59368E-09,-1.4958819E-01
3.64368E-09,-1.4958819E-01
3.69368E-09,-1.4958819E-01
3.74368E-09,-1.4964090E-01
3.79368E-09,-1.4964090E-01
3.84368E-09,-1.4964090E-01
3.89368E-09,-1.4964090E-01
3.94368E-09,-1.4969361E-01
3.99368E-09,-1.4969361E-01
4.04368E-09,-1.4969361E-01
4.09368E-09,-1.4969361E-01
4.14368E-09,-1.4969361E-01
4.19368E-09,-1.4969361E-01
4.24368E-09,-1.4969361E-01
4.29368E-09,-1.4969361E-01
4.34368E-09,-1.4969361E-01
4.39368E-09,-1.4964090E-01
4.44368E-09,-1.4964090E-01
4.49368E-09,-1.4958819E-01
4.54368E-09,-1.4958819E-01
4.59368E-09,-1.4953548E-01
4.64368E-09,-1.4948277E-01
4.69368E-09,-1.4948277E-01
4.74368E-09,-1.4943006E-01
4.79368E-09,-1.4937735E-01
4.84368E-09,-1.4932464E-01
4.89368E-09,-1.4927194E-01
4.94368E-09,-1.4921923E-01
4.99368E-09,-1.4916652E-01
5.04368E-09,-1.4916652E-01
5.09368E-09,-1.4911381E-01
5.14368E-09,-1.4906110E-01
5.19368E-09,-1.4900839E-01
5.24368E-09,-1.4895568E-01
5.29368E-09,-1.4895568E-01
5.34368E-09,-1.4890297E-01
5.39368E-09,-1.4890297E-01
5.44368E-09,-1.4885026E-01
5.49368E-09,-1.4885026E-01
5.54368E-09,-1.4885026E-01
5.59368E-09,-1.4885026E-01
5.64368E-09,-1.4885026E-01
5.69368E-09,-1.4885026E-01
5.74368E-09,-1.4885026E-01
5.79368E-09,-1.4890297E-01
5.84368E-09,-1.4890297E-01
5.89368E-09,-1.4895568E-01
5.94368E-09,-1.4895568E-01
5.99368E-09,-1.4900839E-01
6.04368E-09,-1.4906110E-01
6.09368E-09,-1.4911381E-01
6.14368E-09,-1.4916652E-01
6.19368E-09,-1.4916652E-01
6.24368E-09,-1.4921923E-01
6.29368E-09,-1.4927194E-01
6.34368E-09,-1.4932464E-01
6.39368E-09,-1.4937735E-01
6.44368E-09,-1.4943006E-01
6.49368E-09,-1.4943006E-01
6.54368E-09,-1.4948277E-01
6.59368E-09,-1.4953548E-01
6.64368E-09,-1.4953548E-01
6.69368E-09,-1.4958819E-01
6.74368E-09,-1.4958819E-01
6.79368E-09,-1.4958819E-01
6.84368E-09,-1.4958819E-01
6.89368E-09,-1.4958819E-01
6.94368E-09,-1.4958819E-01
6.99368E-09,-1.4958819E-01
7.04368E-09,-1.4958819E-01
7.09368E-09,-1.4953548E-01
7.14368E-09,-1.4953548E-01
7.19368E-09,-1.4953548E-01
7.24368E-09,-1.4948277E-01
7.29368E-09,-1.4943006E-01
7.34368E-09,-1.4943006E-01
7.39368E-09,-1.4937735E-01
7.44368E-09,-1.4932464E-01
7.49368E-09,-1.4927194E-01
7.54368E-09,-1.4927194E-01
7.59368E-09,-1.4921923E-01
7.64368E-09,-1.4916652E-01
7.69368E-09,-1.4911381E-01
7.74368E-09,-1.4911381E-01
7.79368E-09,-1.4906110E-01
7.84368E-09,-1.4900839E-01
7.89368E-09,-1.4900839E-01
7.94368E-09,-1.4895568E-01
7.99368E-09,-1.4890297E-01
8.04368E-09,-1.4890297E-01
8.09368E-09,-1.4890297E-01
8.14368E-09,-1.4885026E-01
8.19368E-09,-1.4885026E-01
8.24368E-09,-1.4885026E-01
8.29368E-09,-1.4885026E-01
8.34368E-09,-1.4885026E-01
8.39368E-09,-1.4879755E-01
8.44368E-09,-1.4879755E-01
8.49368E-09,-1.4879755E-01
8.54368E-09,-1.4879755E-01
8.59368E-09,-1.4879755E-01
8.64368E-09,-1.4879755E-01
8.69368E-09,-1.4879755E-01
8.74368E-09,-1.4879755E-01
8.79368E-09,-1.4879755E-01
8.84368E-09,-1.4879755E-01
8.89368E-09,-1.4879755E-01
8.94368E-09,-1.4879755E-01
8.99368E-09,-1.4879755E-01
9.04368E-09,-1.4879755E-01
9.09368E-09,-1.4879755E-01
9.14368E-09,-1.4879755E-01
9.19368E-09,-1.4874485E-01
9.24368E-09,-1.4874485E-01
9.29368E-09,-1.4874485E-01
9.34368E-09,-1.4874485E-01
9.39368E-09,-1.4869214E-01
9.44368E-09,-1.4869214E-01
9.49368E-09,-1.4869214E-01
9.54368E-09,-1.4863943E-01
9.59368E-09,-1.4863943E-01
9.64368E-09,-1.4863943E-01
9.69368E-09,-1.4858672E-01
9.74368E-09,-1.4858672E-01
9.79368E-09,-1.4858672E-01
9.84368E-09,-1.4853401E-01
9.89368E-09,-1.4853401E-01
9.94368E-09,-1.4853401E-01
9.99368E-09,-1.4848130E-01
1.004368E-08,-1.4848130E-01
1.009368E-08,-1.4848130E-01
1.014368E-08,-1.4848130E-01
1.019368E-08,-1.4848130E-01
1.024368E-08,-1.4848130E-01
1.029368E-08,-1.4842859E-01
1.034368E-08,-1.4842859E-01
1.039368E-08,-1.4842859E-01
1.044368E-08,-1.4842859E-01
1.049368E-08,-1.4842859E-01
1.054368E-08,-1.4848130E-01
1.059368E-08,-1.4848130E-01
1.064368E-08,-1.4848130E-01
1.069368E-08,-1.4848130E-01
1.074368E-08,-1.4848130E-01
1.079368E-08,-1.4853401E-01
1.084368E-08,-1.4853401E-01
1.089368E-08,-1.4853401E-01
1.094368E-08,-1.4858672E-01
1.099368E-08,-1.4858672E-01
1.104368E-08,-1.4863943E-01
1.109368E-08,-1.4869214E-01
1.114368E-08,-1.4869214E-01
1.119368E-08,-1.4874485E-01
1.124368E-08,-1.4879755E-01
1.129368E-08,-1.4879755E-01
1.134368E-08,-1.4885026E-01
1.139368E-08,-1.4890297E-01
1.144368E-08,-1.4895568E-01
1.149368E-08,-1.4895568E-01
1.154368E-08,-1.4900839E-01
1.159368E-08,-1.4906110E-01
1.164368E-08,-1.4911381E-01
1.169368E-08,-1.4911381E-01
1.174368E-08,-1.4916652E-01
1.179368E-08,-1.4921923E-01
1.184368E-08,-1.4927194E-01
1.189368E-08,-1.4927194E-01
1.194368E-08,-1.4932464E-01
1.199368E-08,-1.4932464E-01
1.204368E-08,-1.4937735E-01
1.209368E-08,-1.4937735E-01
1.214368E-08,-1.4943006E-01
1.219368E-08,-1.4943006E-01
1.224368E-08,-1.4943006E-01
1.229368E-08,-1.4943006E-01
1.234368E-08,-1.4943006E-01
1.239368E-08,-1.4943006E-01
1.244368E-08,-1.4943006E-01
1.249368E-08,-1.4943006E-01
1.254368E-08,-1.4937735E-01
1.259368E-08,-1.4937735E-01
1.264368E-08,-1.4937735E-01
1.269368E-08,-1.4932464E-01
1.274368E-08,-1.4932464E-01
1.279368E-08,-1.4927194E-01
1.284368E-08,-1.4927194E-01
1.289368E-08,-1.4921923E-01
1.294368E-08,-1.4921923E-01
1.299368E-08,-1.4921923E-01
1.304368E-08,-1.4916652E-01
1.309368E-08,-1.4916652E-01
1.314368E-08,-1.4911381E-01
1.319368E-08,-1.4911381E-01
1.324368E-08,-1.4911381E-01
1.329368E-08,-1.4906110E-01
1.334368E-08,-1.4906110E-01
1.339368E-08,-1.4906110E-01
1.344368E-08,-1.4906110E-01
1.349368E-08,-1.4911381E-01
1.354368E-08,-1.4911381E-01
1.359368E-08,-1.4911381E-01
1.364368E-08,-1.4916652E-01
1.369368E-08,-1.4916652E-01
1.374368E-08,-1.4921923E-01
1.379368E-08,-1.4927194E-01
1.384368E-08,-1.4927194E-01
1.389368E-08,-1.4932464E-01
1.394368E-08,-1.4937735E-01
1.399368E-08,-1.4943006E-01
1.404368E-08,-1.4948277E-01
1.409368E-08,-1.4953548E-01
1.414368E-08,-1.4958819E-01
1.419368E-08,-1.4964090E-01
1.424368E-08,-1.4969361E-01
1.429368E-08,-1.4974632E-01
1.434368E-08,-1.4979903E-01
1.439368E-08,-1.4979903E-01
1.444368E-08,-1.4985173E-01
1.449368E-08,-1.4985173E-01
1.454368E-08,-1.4990444E-01
1.459368E-08,-1.4990444E-01
1.464368E-08,-1.4995715E-01
1.469368E-08,-1.4995715E-01
1.474368E-08,-1.4995715E-01
1.479368E-08,-1.4995715E-01
1.484368E-08,-1.4990444E-01
1.489368E-08,-1.4990444E-01
1.494368E-08,-1.4990444E-01
1.499368E-08,-1.4985173E-01
1.504368E-08,-1.4979903E-01
1.509368E-08,-1.4979903E-01
1.514368E-08,-1.4974632E-01
1.519368E-08,-1.4969361E-01
1.524368E-08,-1.4964090E-01
1.529368E-08,-1.4958819E-01
1.534368E-08,-1.4953548E-01
1.539368E-08,-1.4948277E-01
1.544368E-08,-1.4943006E-01
1.549368E-08,-1.4937735E-01
1.554368E-08,-1.4927194E-01
1.559368E-08,-1.4921923E-01
1.564368E-08,-1.4916652E-01
1.569368E-08,-1.4911381E-01
1.574368E-08,-1.4906110E-01
1.579368E-08,-1.4900839E-01
1.584368E-08,-1.4895568E-01
1.589368E-08,-1.4890297E-01
1.594368E-08,-1.4890297E-01
1.599368E-08,-1.4885026E-01
1.604368E-08,-1.4879755E-01
1.609368E-08,-1.4874485E-01
1.614368E-08,-1.4874485E-01
1.619368E-08,-1.4869214E-01
1.624368E-08,-1.4869214E-01
1.629368E-08,-1.4869214E-01
1.634368E-08,-1.4863943E-01
1.639368E-08,-1.4863943E-01
1.644368E-08,-1.4863943E-01
1.649368E-08,-1.4863943E-01
1.654368E-08,-1.4863943E-01
1.659368E-08,-1.4863943E-01
1.664368E-08,-1.4863943E-01
1.669368E-08,-1.4863943E-01
1.674368E-08,-1.4863943E-01
1.679368E-08,-1.4869214E-01
1.684368E-08,-1.4869214E-01
1.689368E-08,-1.4869214E-01
1.694368E-08,-1.4874485E-01
1.699368E-08,-1.4874485E-01
1.704368E-08,-1.4879755E-01
1.709368E-08,-1.4879755E-01
1.714368E-08,-1.4885026E-01
1.719368E-08,-1.4890297E-01
1.724368E-08,-1.4890297E-01
1.729368E-08,-1.4895568E-01
1.734368E-08,-1.4900839E-01
1.739368E-08,-1.4906110E-01
1.744368E-08,-1.4911381E-01
1.749368E-08,-1.4911381E-01
1.754368E-08,-1.4916652E-01
1.759368E-08,-1.4921923E-01
1.764368E-08,-1.4927194E-01
1.769368E-08,-1.4932464E-01
1.774368E-08,-1.4937735E-01
1.779368E-08,-1.4943006E-01
1.784368E-08,-1.4948277E-01
1.789368E-08,-1.4948277E-01
1.794368E-08,-1.4953548E-01
1.799368E-08,-1.4958819E-01
1.804368E-08,-1.4958819E-01
1.809368E-08,-1.4964090E-01
1.814368E-08,-1.4964090E-01
1.819368E-08,-1.4969361E-01
1.824368E-08,-1.4969361E-01
1.829368E-08,-1.4969361E-01
1.834368E-08,-1.4969361E-01
1.839368E-08,-1.4969361E-01
1.844368E-08,-1.4969361E-01
1.849368E-08,-1.4969361E-01
1.854368E-08,-1.4969361E-01
1.859368E-08,-1.4964090E-01
1.864368E-08,-1.4964090E-01
1.869368E-08,-1.4958819E-01
1.874368E-08,-1.4953548E-01
1.879368E-08,-1.4948277E-01
1.884368E-08,-1.4943006E-01
1.889368E-08,-1.4937735E-01
1.894368E-08,-1.4932464E-01
1.899368E-08,-1.4927194E-01
1.904368E-08,-1.4921923E-01
1.909368E-08,-1.4916652E-01
1.914368E-08,-1.4906110E-01
1.919368E-08,-1.4900839E-01
1.924368E-08,-1.4895568E-01
1.929368E-08,-1.4890297E-01
1.934368E-08,-1.4885026E-01
1.939368E-08,-1.4879755E-01
1.944368E-08,-1.4874485E-01
1.949368E-08,-1.4869214E-01
1.954368E-08,-1.4869214E-01
1.959368E-08,-1.4863943E-01
1.964368E-08,-1.4863943E-01
1.969368E-08,-1.4858672E-01
1.974368E-08,-1.4858672E-01
1.979368E-08,-1.4858672E-01
1.984368E-08,-1.4858672E-01
1.989368E-08,-1.4858672E-01
1.994368E-08,-1.4858672E-01
1.999368E-08,-1.4863943E-01
2.004368E-08,-1.4863943E-01
2.009368E-08,-1.4869214E-01
2.014368E-08,-1.4874485E-01
2.019368E-08,-1.4874485E-01
2.024368E-08,-1.4879755E-01
2.029368E-08,-1.4885026E-01
2.034368E-08,-1.4890297E-01
2.039368E-08,-1.4895568E-01
2.044368E-08,-1.4900839E-01
2.049368E-08,-1.4906110E-01
2.054368E-08,-1.4911381E-01
2.059368E-08,-1.4916652E-01
2.064368E-08,-1.4921923E-01
2.069368E-08,-1.4927194E-01
2.074368E-08,-1.4932464E-01
2.079368E-08,-1.4937735E-01
2.084368E-08,-1.4943006E-01
2.089368E-08,-1.4948277E-01
2.094368E-08,-1.4948277E-01
2.099368E-08,-1.4953548E-01
2.104368E-08,-1.4958819E-01
2.109368E-08,-1.4958819E-01
2.114368E-08,-1.4958819E-01
2.119368E-08,-1.4964090E-01
2.124368E-08,-1.4964090E-01
2.129368E-08,-1.4964090E-01
2.134368E-08,-1.4964090E-01
2.139368E-08,-1.4969361E-01
2.144368E-08,-1.4969361E-01
2.149368E-08,-1.4964090E-01
2.154368E-08,-1.4964090E-01
2.159368E-08,-1.4964090E-01
2.164368E-08,-1.4964090E-01
2.169368E-08,-1.4964090E-01
2.174368E-08,-1.4964090E-01
2.179368E-08,-1.4964090E-01
2.184368E-08,-1.4958819E-01
2.189368E-08,-1.4958819E-01
2.194368E-08,-1.4958819E-01
2.199368E-08,-1.4958819E-01
2.204368E-08,-1.4953548E-01
2.209368E-08,-1.4953548E-01
2.214368E-08,-1.4953548E-01
2.219368E-08,-1.4953548E-01
2.224368E-08,-1.4953548E-01
2.229368E-08,-1.4953548E-01
2.234368E-08,-1.4953548E-01
2.239368E-08,-1.4953548E-01
2.244368E-08,-1.4953548E-01
2.249368E-08,-1.4958819E-01
2.254368E-08,-1.4958819E-01
2.259368E-08,-1.4958819E-01
2.264368E-08,-1.4958819E-01
2.269368E-08,-1.4964090E-01
2.274368E-08,-1.4964090E-01
2.279368E-08,-1.4969361E-01
2.284368E-08,-1.4969361E-01
2.289368E-08,-1.4974632E-01
2.294368E-08,-1.4974632E-01
2.299368E-08,-1.4979903E-01
2.304368E-08,-1.4985173E-01
2.309368E-08,-1.4985173E-01
2.314368E-08,-1.4990444E-01
2.319368E-08,-1.4995715E-01
2.324368E-08,-1.4995715E-01
2.329368E-08,-1.5000986E-01
2.334368E-08,-1.5006257E-01
2.339368E-08,-1.5006257E-01
2.344368E-08,-1.5011528E-01
2.349368E-08,-1.5016799E-01
2.354368E-08,-1.5016799E-01
2.359368E-08,-1.5022070E-01
2.364368E-08,-1.5022070E-01
2.369368E-08,-1.5022070E-01
2.374368E-08,-1.5027341E-01
2.379368E-08,-1.5027341E-01
2.384368E-08,-1.5027341E-01
2.389368E-08,-1.5027341E-01
2.394368E-08,-1.5027341E-01
2.399368E-08,-1.5027341E-01
2.404368E-08,-1.5027341E-01
2.409368E-08,-1.5027341E-01
2.414368E-08,-1.5022070E-01
2.419368E-08,-1.5022070E-01
2.424368E-08,-1.5016799E-01
2.429368E-08,-1.5016799E-01
2.434368E-08,-1.5011528E-01
2.439368E-08,-1.5011528E-01
2.444368E-08,-1.5006257E-01
2.449368E-08,-1.5000986E-01
2.454368E-08,-1.5000986E-01
2.459368E-08,-1.4995715E-01
2.464368E-08,-1.4990444E-01
2.469368E-08,-1.4990444E-01
2.474368E-08,-1.4985173E-01
2.479368E-08,-1.4979903E-01
2.484368E-08,-1.4979903E-01
2.489368E-08,-1.4974632E-01
2.494368E-08,-1.4974632E-01
2.499368E-08,-1.4974632E-01
2.504368E-08,-1.4969361E-01
2.509368E-08,-1.4969361E-01
2.514368E-08,-1.4969361E-01
2.519368E-08,-1.4969361E-01
2.524368E-08,-1.4969361E-01
2.529368E-08,-1.4969361E-01
2.534368E-08,-1.4969361E-01
2.539368E-08,-1.4974632E-01
2.544368E-08,-1.4974632E-01
2.549368E-08,-1.4979903E-01
2.554368E-08,-1.4979903E-01
2.559368E-08,-1.4985173E-01
2.564368E-08,-1.4985173E-01
2.569368E-08,-1.4990444E-01
2.574368E-08,-1.4995715E-01
2.579368E-08,-1.4995715E-01
2.584368E-08,-1.5000986E-01
2.589368E-08,-1.5006257E-01
2.594368E-08,-1.5011528E-01
2.599368E-08,-1.5011528E-01
2.604368E-08,-1.5016799E-01
2.609368E-08,-1.5022070E-01
2.614368E-08,-1.5022070E-01
2.619368E-08,-1.5027341E-01
2.624368E-08,-1.5027341E-01
2.629368E-08,-1.5032612E-01
2.634368E-08,-1.5032612E-01
2.639368E-08,-1.5037883E-01
2.644368E-08,-1.5037883E-01
2.649368E-08,-1.5043153E-01
2.654368E-08,-1.5043153E-01
2.659368E-08,-1.5043153E-01
2.664368E-08,-1.5048424E-01
2.669368E-08,-1.5048424E-01
2.674368E-08,-1.5048424E-01
2.679368E-08,-1.5048424E-01
2.684368E-08,-1.5053695E-01
2.689368E-08,-1.5053695E-01
2.694368E-08,-1.5053695E-01
2.699368E-08,-1.5053695E-01
2.704368E-08,-1.5053695E-01
2.709368E-08,-1.5058966E-01
2.714368E-08,-1.5058966E-01
2.719368E-08,-1.5058966E-01
2.724368E-08,-1.5058966E-01
2.729368E-08,-1.5058966E-01
2.734368E-08,-1.5064237E-01
2.739368E-08,-1.5064237E-01
2.744368E-08,-1.5064237E-01
2.749368E-08,-1.5064237E-01
2.754368E-08,-1.5064237E-01
2.759368E-08,-1.5064237E-01
2.764368E-08,-1.5064237E-01
2.769368E-08,-1.5064237E-01
2.774368E-08,-1.5064237E-01
2.779368E-08,-1.5058966E-01
2.784368E-08,-1.5058966E-01
2.789368E-08,-1.5058966E-01
2.794368E-08,-1.5053695E-01
2.799368E-08,-1.5048424E-01
2.804368E-08,-1.5048424E-01
2.809368E-08,-1.5043153E-01
2.814368E-08,-1.5037883E-01
2.819368E-08,-1.5032612E-01
2.824368E-08,-1.5027341E-01
2.829368E-08,-1.5022070E-01
2.834368E-08,-1.5016799E-01
2.839368E-08,-1.5011528E-01
2.844368E-08,-1.5000986E-01
2.849368E-08,-1.4995715E-01
2.854368E-08,-1.4990444E-01
2.859368E-08,-1.4985173E-01
2.864368E-08,-1.4979903E-01
2.869368E-08,-1.4969361E-01
2.874368E-08,-1.4964090E-01
2.879368E-08,-1.4958819E-01
2.884368E-08,-1.4953548E-01
2.889368E-08,-1.4948277E-01
2.894368E-08,-1.4943006E-01
2.899368E-08,-1.4943006E-01
2.904368E-08,-1.4937735E-01
2.909368E-08,-1.4937735E-01
2.914368E-08,-1.4937735E-01
2.919368E-08,-1.4932464E-01
2.924368E-08,-1.4932464E-01
2.929368E-08,-1.4932464E-01
2.934368E-08,-1.4937735E-01
2.939368E-08,-1.4937735E-01
2.944368E-08,-1.4937735E-01
2.949368E-08,-1.4943006E-01
2.954368E-08,-1.4948277E-01
2.959368E-08,-1.4948277E-01
2.964368E-08,-1.4953548E-01
2.969368E-08,-1.4958819E-01
2.974368E-08,-1.4958819E-01
2.979368E-08,-1.4964090E-01
2.984368E-08,-1.4969361E-01
2.989368E-08,-1.4969361E-01
2.994368E-08,-1.4974632E-01
2.999368E-08,-1.4974632E-01
3.004368E-08,-1.4979903E-01
3.009368E-08,-1.4979903E-01
3.014368E-08,-1.4979903E-01
3.019368E-08,-1.4979903E-01
3.024368E-08,-1.4979903E-01
3.029368E-08,-1.4974632E-01
3.034368E-08,-1.4974632E-01
3.039368E-08,-1.4969361E-01
3.044368E-08,-1.4969361E-01
3.049368E-08,-1.4964090E-01
3.054368E-08,-1.4958819E-01
3.059368E-08,-1.4953548E-01
3.064368E-08,-1.4948277E-01
3.069368E-08,-1.4943006E-01
3.074368E-08,-1.4937735E-01
3.079368E-08,-1.4932464E-01
3.084368E-08,-1.4927194E-01
3.089368E-08,-1.4921923E-01
3.094368E-08,-1.4916652E-01
3.099368E-08,-1.4911381E-01
3.104368E-08,-1.4906110E-01
3.109368E-08,-1.4900839E-01
3.114368E-08,-1.4900839E-01
3.119368E-08,-1.4895568E-01
3.124368E-08,-1.4895568E-01
3.129368E-08,-1.4895568E-01
3.134368E-08,-1.4895568E-01
3.139368E-08,-1.4895568E-01
3.144368E-08,-1.4895568E-01
3.149368E-08,-1.4895568E-01
3.154368E-08,-1.4895568E-01
3.159368E-08,-1.4900839E-01
3.164368E-08,-1.4900839E-01
3.169368E-08,-1.4906110E-01
3.174368E-08,-1.4911381E-01
3.179368E-08,-1.4911381E-01
3.184368E-08,-1.4916652E-01
3.189368E-08,-1.4921923E-01
3.194368E-08,-1.4927194E-01
3.199368E-08,-1.4927194E-01
3.204368E-08,-1.4932464E-01
3.209368E-08,-1.4937735E-01
3.214368E-08,-1.4937735E-01
3.219368E-08,-1.4943006E-01
3.224368E-08,-1.4943006E-01
3.229368E-08,-1.4948277E-01
3.234368E-08,-1.4948277E-01
3.239368E-08,-1.4948277E-01
3.244368E-08,-1.4953548E-01
3.249368E-08,-1.4953548E-01
3.254368E-08,-1.4953548E-01
3.259368E-08,-1.4953548E-01
3.264368E-08,-1.4953548E-01
3.269368E-08,-1.4948277E-01
3.274368E-08,-1.4948277E-01
3.279368E-08,-1.4948277E-01
3.284368E-08,-1.4948277E-01
3.289368E-08,-1.4948277E-01
3.294368E-08,-1.4948277E-01
3.299368E-08,-1.4948277E-01
3.304368E-08,-1.4948277E-01
3.309368E-08,-1.4948277E-01
3.314368E-08,-1.4953548E-01
3.319368E-08,-1.4953548E-01
3.324368E-08,-1.4958819E-01
3.329368E-08,-1.4958819E-01
3.334368E-08,-1.4964090E-01
3.339368E-08,-1.4969361E-01
3.344368E-08,-1.4969361E-01
3.349368E-08,-1.4974632E-01
3.354368E-08,-1.4979903E-01
3.359368E-08,-1.4990444E-01
3.364368E-08,-1.4995715E-01
3.369368E-08,-1.5000986E-01
3.374368E-08,-1.5006257E-01
3.379368E-08,-1.5011528E-01
3.384368E-08,-1.5016799E-01
3.389368E-08,-1.5022070E-01
3.394368E-08,-1.5027341E-01
3.399368E-08,-1.5032612E-01
3.404368E-08,-1.5037883E-01
3.409368E-08,-1.5037883E-01
3.414368E-08,-1.5043153E-01
3.419368E-08,-1.5043153E-01
3.424368E-08,-1.5043153E-01
3.429368E-08,-1.5043153E-01
3.434368E-08,-1.5043153E-01
3.439368E-08,-1.5043153E-01
3.444368E-08,-1.5037883E-01
3.449368E-08,-1.5037883E-01
3.454368E-08,-1.5032612E-01
3.459368E-08,-1.5027341E-01
3.464368E-08,-1.5022070E-01
3.469368E-08,-1.5016799E-01
3.474368E-08,-1.5006257E-01
3.479368E-08,-1.5000986E-01
3.484368E-08,-1.4995715E-01
3.489368E-08,-1.4985173E-01
3.494368E-08,-1.4979903E-01
3.499368E-08,-1.4974632E-01
3.504368E-08,-1.4964090E-01
3.509368E-08,-1.4958819E-01
3.514368E-08,-1.4953548E-01
3.519368E-08,-1.4948277E-01
3.524368E-08,-1.4943006E-01
3.529368E-08,-1.4943006E-01
3.534368E-08,-1.4937735E-01
3.539368E-08,-1.4937735E-01
3.544368E-08,-1.4937735E-01
3.549368E-08,-1.4937735E-01
3.554368E-08,-1.4937735E-01
3.559368E-08,-1.4937735E-01
3.564368E-08,-1.4937735E-01
3.569368E-08,-1.4943006E-01
3.574368E-08,-1.4948277E-01
3.579368E-08,-1.4948277E-01
3.584368E-08,-1.4953548E-01
3.589368E-08,-1.4958819E-01
3.594368E-08,-1.4964090E-01
3.599368E-08,-1.4969361E-01
3.604368E-08,-1.4974632E-01
3.609368E-08,-1.4974632E-01
3.614368E-08,-1.4979903E-01
3.619368E-08,-1.4985173E-01
3.624368E-08,-1.4985173E-01
3.629368E-08,-1.4990444E-01
3.634368E-08,-1.4990444E-01
3.639368E-08,-1.4990444E-01
3.644368E-08,-1.4990444E-01
3.649368E-08,-1.4985173E-01
3.654368E-08,-1.4985173E-01
3.659368E-08,-1.4979903E-01
3.664368E-08,-1.4979903E-01
3.669368E-08,-1.4974632E-01
3.674368E-08,-1.4964090E-01
3.679368E-08,-1.4958819E-01
3.684368E-08,-1.4953548E-01
3.689368E-08,-1.4943006E-01
3.694368E-08,-1.4937735E-01
3.699368E-08,-1.4927194E-01
3.704368E-08,-1.4921923E-01
3.709368E-08,-1.4911381E-01
3.714368E-08,-1.4900839E-01
3.719368E-08,-1.4895568E-01
3.724368E-08,-1.4885026E-01
3.729368E-08,-1.4879755E-01
3.734368E-08,-1.4874485E-01
3.739368E-08,-1.4863943E-01
3.744368E-08,-1.4858672E-01
3.749368E-08,-1.4853401E-01
3.754368E-08,-1.4848130E-01
3.759368E-08,-1.4848130E-01
3.764368E-08,-1.4842859E-01
3.769368E-08,-1.4842859E-01
3.774368E-08,-1.4842859E-01
3.779368E-08,-1.4842859E-01
3.784368E-08,-1.4842859E-01
3.789368E-08,-1.4842859E-01
3.794368E-08,-1.4842859E-01
3.799368E-08,-1.4848130E-01
3.804368E-08,-1.4848130E-01
3.809368E-08,-1.4853401E-01
3.814368E-08,-1.4853401E-01
3.819368E-08,-1.4858672E-01
3.824368E-08,-1.4863943E-01
3.829368E-08,-1.4863943E-01
3.834368E-08,-1.4869214E-01
3.839368E-08,-1.4869214E-01
3.844368E-08,-1.4874485E-01
3.849368E-08,-1.4874485E-01
3.854368E-08,-1.4879755E-01
3.859368E-08,-1.4879755E-01
3.864368E-08,-1.4879755E-01
3.869368E-08,-1.4879755E-01
3.874368E-08,-1.4879755E-01
3.879368E-08,-1.4879755E-01
3.884368E-08,-1.4879755E-01
3.889368E-08,-1.4879755E-01
3.894368E-08,-1.4879755E-01
3.899368E-08,-1.4879755E-01
3.904368E-08,-1.4879755E-01
3.909368E-08,-1.4879755E-01
3.914368E-08,-1.4874485E-01
3.919368E-08,-1.4874485E-01
3.924368E-08,-1.4874485E-01
3.929368E-08,-1.4874485E-01
3.934368E-08,-1.4874485E-01
3.939368E-08,-1.4874485E-01
3.944368E-08,-1.4874485E-01
3.949368E-08,-1.4874485E-01
3.954368E-08,-1.4874485E-01
3.959368E-08,-1.4879755E-01
3.964368E-08,-1.4879755E-01
3.969368E-08,-1.4885026E-01
3.974368E-08,-1.4885026E-01
3.979368E-08,-1.4890297E-01
3.984368E-08,-1.4895568E-01
3.989368E-08,-1.4900839E-01
3.994368E-08,-1.4906110E-01
3.999368E-08,-1.4911381E-01
4.004368E-08,-1.4916652E-01
4.009368E-08,-1.4921923E-01
4.014368E-08,-1.4927194E-01
4.019368E-08,-1.4937735E-01
4.024368E-08,-1.4943006E-01
4.029368E-08,-1.4948277E-01
4.034368E-08,-1.4953548E-01
4.039368E-08,-1.4958819E-01
4.044368E-08,-1.4964090E-01
4.049368E-08,-1.4969361E-01
4.054368E-08,-1.4974632E-01
4.059368E-08,-1.4979903E-01
4.064368E-08,-1.4979903E-01
4.069368E-08,-1.4985173E-01
4.074368E-08,-1.4990444E-01
4.079368E-08,-1.4990444E-01
4.084368E-08,-1.4990444E-01
4.089368E-08,-1.4995715E-01
4.094368E-08,-1.4995715E-01
4.099368E-08,-1.4995715E-01
4.104368E-08,-1.4995715E-01
4.109368E-08,-1.4995715E-01
4.114368E-08,-1.4995715E-01
4.119368E-08,-1.4995715E-01
4.124368E-08,-1.4990444E-01
4.129368E-08,-1.4990444E-01
4.134368E-08,-1.4990444E-01
4.139368E-08,-1.4990444E-01
4.144368E-08,-1.4985173E-01
4.149368E-08,-1.4985173E-01
4.154368E-08,-1.4985173E-01
4.159368E-08,-1.4979903E-01
4.164368E-08,-1.4979903E-01
4.169368E-08,-1.4979903E-01
4.174368E-08,-1.4979903E-01
4.179368E-08,-1.4974632E-01
4.184368E-08,-1.4974632E-01
4.189368E-08,-1.4974632E-01
4.194368E-08,-1.4974632E-01
4.199368E-08,-1.4974632E-01
4.204368E-08,-1.4974632E-01
4.209368E-08,-1.4974632E-01
4.214368E-08,-1.4974632E-01
4.219368E-08,-1.4974632E-01
4.224368E-08,-1.4974632E-01
4.229368E-08,-1.4974632E-01
4.234368E-08,-1.4974632E-01
4.239368E-08,-1.4979903E-01
4.244368E-08,-1.4979903E-01
4.249368E-08,-1.4979903E-01
4.254368E-08,-1.4979903E-01
4.259368E-08,-1.4979903E-01
4.264368E-08,-1.4974632E-01
4.269368E-08,-1.4974632E-01
4.274368E-08,-1.4974632E-01
4.279368E-08,-1.4974632E-01
4.284368E-08,-1.4974632E-01
4.289368E-08,-1.4969361E-01
4.294368E-08,-1.4969361E-01
4.299368E-08,-1.4969361E-01
4.304368E-08,-1.4964090E-01
4.309368E-08,-1.4964090E-01
4.314368E-08,-1.4958819E-01
4.319368E-08,-1.4958819E-01
4.324368E-08,-1.4953548E-01
4.329368E-08,-1.4953548E-01
4.334368E-08,-1.4948277E-01
4.339368E-08,-1.4943006E-01
4.344368E-08,-1.4943006E-01
4.349368E-08,-1.4937735E-01
4.354368E-08,-1.4937735E-01
4.359368E-08,-1.4932464E-01
4.364368E-08,-1.4932464E-01
4.369368E-08,-1.4927194E-01
4.374368E-08,-1.4921923E-01
4.379368E-08,-1.4921923E-01
4.384368E-08,-1.4916652E-01
4.389368E-08,-1.4916652E-01
4.394368E-08,-1.4911381E-01
4.399368E-08,-1.4911381E-01
4.404368E-08,-1.4906110E-01
4.409368E-08,-1.4906110E-01
4.414368E-08,-1.4900839E-01
4.419368E-08,-1.4900839E-01
4.424368E-08,-1.4895568E-01
4.429368E-08,-1.4895568E-01
4.434368E-08,-1.4890297E-01
4.439368E-08,-1.4890297E-01
4.444368E-08,-1.4885026E-01
4.449368E-08,-1.4885026E-01
4.454368E-08,-1.4879755E-01
4.459368E-08,-1.4879755E-01
4.464368E-08,-1.4874485E-01
4.469368E-08,-1.4874485E-01
4.474368E-08,-1.4869214E-01
4.479368E-08,-1.4869214E-01
4.484368E-08,-1.4863943E-01
4.489368E-08,-1.4863943E-01
4.494368E-08,-1.4863943E-01
4.499368E-08,-1.4858672E-01
4.504368E-08,-1.4858672E-01
4.509368E-08,-1.4858672E-01
4.514368E-08,-1.4858672E-01
4.519368E-08,-1.4858672E-01
4.524368E-08,-1.4858672E-01
4.529368E-08,-1.4858672E-01
4.534368E-08,-1.4858672E-01
4.539368E-08,-1.4858672E-01
4.544368E-08,-1.4858672E-01
4.549368E-08,-1.4863943E-01
4.554368E-08,-1.4863943E-01
4.559368E-08,-1.4869214E-01
4.564368E-08,-1.4869214E-01
4.569368E-08,-1.4874485E-01
4.574368E-08,-1.4874485E-01
4.579368E-08,-1.4879755E-01
4.584368E-08,-1.4885026E-01
4.589368E-08,-1.4890297E-01
4.594368E-08,-1.4895568E-01
4.599368E-08,-1.4895568E-01
4.604368E-08,-1.4900839E-01
4.609368E-08,-1.4906110E-01
4.614368E-08,-1.4911381E-01
4.619368E-08,-1.4911381E-01
4.624368E-08,-1.4916652E-01
4.629368E-08,-1.4921923E-01
4.634368E-08,-1.4921923E-01
4.639368E-08,-1.4927194E-01
4.644368E-08,-1.4927194E-01
4.649368E-08,-1.4932464E-01
4.654368E-08,-1.4932464E-01
4.659368E-08,-1.4932464E-01
4.664368E-08,-1.4932464E-01
4.669368E-08,-1.4937735E-01
4.674368E-08,-1.4937735E-01
4.679368E-08,-1.4937735E-01
4.684368E-08,-1.4937735E-01
4.689368E-08,-1.4937735E-01
4.694368E-08,-1.4932464E-01
4.699368E-08,-1.4932464E-01
4.704368E-08,-1.4932464E-01
4.709368E-08,-1.4932464E-01
4.714368E-08,-1.4932464E-01
4.719368E-08,-1.4932464E-01
4.724368E-08,-1.4927194E-01
4.729368E-08,-1.4927194E-01
4.734368E-08,-1.4927194E-01
4.739368E-08,-1.4927194E-01
4.744368E-08,-1.4927194E-01
4.749368E-08,-1.4927194E-01
4.754368E-08,-1.4927194E-01
4.759368E-08,-1.4927194E-01
4.764368E-08,-1.4932464E-01
4.769368E-08,-1.4932464E-01
4.774368E-08,-1.4932464E-01
4.779368E-08,-1.4937735E-01
4.784368E-08,-1.4937735E-01
4.789368E-08,-1.4943006E-01
4.794368E-08,-1.4943006E-01
4.799368E-08,-1.4948277E-01
4.804368E-08,-1.4948277E-01
4.809368E-08,-1.4953548E-01
4.814368E-08,-1.4953548E-01
4.819368E-08,-1.4958819E-01
4.824368E-08,-1.4958819E-01
4.829368E-08,-1.4964090E-01
4.834368E-08,-1.4964090E-01
4.839368E-08,-1.4969361E-01
4.844368E-08,-1.4969361E-01
4.849368E-08,-1.4969361E-01
4.854368E-08,-1.4969361E-01
4.859368E-08,-1.4969361E-01
4.864368E-08,-1.4969361E-01
4.869368E-08,-1.4969361E-01
4.874368E-08,-1.4969361E-01
4.879368E-08,-1.4964090E-01
4.884368E-08,-1.4964090E-01
4.889368E-08,-1.4958819E-01
4.894368E-08,-1.4958819E-01
4.899368E-08,-1.4953548E-01
4.904368E-08,-1.4953548E-01
4.909368E-08,-1.4948277E-01
4.914368E-08,-1.4943006E-01
4.919368E-08,-1.4943006E-01
4.924368E-08,-1.4937735E-01
4.929368E-08,-1.4932464E-01
4.934368E-08,-1.4932464E-01
4.939368E-08,-1.4927194E-01
4.944368E-08,-1.4927194E-01
4.949368E-08,-1.4921923E-01
4.954368E-08,-1.4921923E-01
4.959368E-08,-1.4916652E-01
4.964368E-08,-1.4916652E-01
4.969368E-08,-1.4916652E-01
4.974368E-08,-1.4916652E-01
4.979368E-08,-1.4916652E-01
4.984368E-08,-1.4921923E-01
4.989368E-08,-1.4921923E-01
4.994368E-08,-1.4927194E-01
4.999368E-08,-1.4927194E-01
5.004368E-08,-1.4932464E-01
5.009368E-08,-1.4937735E-01
5.014368E-08,-1.4943006E-01
5.019368E-08,-1.4948277E-01
5.024368E-08,-1.4953548E-01
5.029368E-08,-1.4958819E-01
5.034368E-08,-1.4964090E-01
5.039368E-08,-1.4969361E-01
5.044368E-08,-1.4974632E-01
5.049368E-08,-1.4979903E-01
5.054368E-08,-1.4985173E-01
5.059368E-08,-1.4990444E-01
5.064368E-08,-1.4995715E-01
5.069368E-08,-1.5000986E-01
5.074368E-08,-1.5000986E-01
5.079368E-08,-1.5006257E-01
5.084368E-08,-1.5011528E-01
5.089368E-08,-1.5011528E-01
5.094368E-08,-1.5011528E-01
5.099368E-08,-1.5016799E-01
5.104368E-08,-1.5016799E-01
5.109368E-08,-1.5016799E-01
5.114368E-08,-1.5016799E-01
5.119368E-08,-1.5016799E-01
5.124368E-08,-1.5011528E-01
5.129368E-08,-1.5011528E-01
5.134368E-08,-1.5006257E-01
5.139368E-08,-1.5006257E-01
5.144368E-08,-1.5000986E-01
5.149368E-08,-1.5000986E-01
5.154368E-08,-1.4995715E-01
5.159368E-08,-1.4995715E-01
5.164368E-08,-1.4990444E-01
5.169368E-08,-1.4990444E-01
5.174368E-08,-1.4985173E-01
5.179368E-08,-1.4979903E-01
5.184368E-08,-1.4979903E-01
5.189368E-08,-1.4979903E-01
5.194368E-08,-1.4974632E-01
5.199368E-08,-1.4974632E-01
5.204368E-08,-1.4974632E-01
5.209368E-08,-1.4974632E-01
5.214368E-08,-1.4974632E-01
5.219368E-08,-1.4974632E-01
5.224368E-08,-1.4974632E-01
5.229368E-08,-1.4974632E-01
5.234368E-08,-1.4979903E-01
5.239368E-08,-1.4979903E-01
5.244368E-08,-1.4979903E-01
5.249368E-08,-1.4985173E-01
5.254368E-08,-1.4985173E-01
5.259368E-08,-1.4990444E-01
5.264368E-08,-1.4990444E-01
5.269368E-08,-1.4995715E-01
5.274368E-08,-1.4995715E-01
5.279368E-08,-1.5000986E-01
5.284368E-08,-1.5000986E-01
5.289368E-08,-1.5006257E-01
5.294368E-08,-1.5006257E-01
5.299368E-08,-1.5006257E-01
5.304368E-08,-1.5011528E-01
5.309368E-08,-1.5011528E-01
5.314368E-08,-1.5011528E-01
5.319368E-08,-1.5011528E-01
5.324368E-08,-1.5011528E-01
5.329368E-08,-1.5011528E-01
5.334368E-08,-1.5011528E-01
5.339368E-08,-1.5006257E-01
5.344368E-08,-1.5006257E-01
5.349368E-08,-1.5006257E-01
5.354368E-08,-1.5000986E-01
5.359368E-08,-1.5000986E-01
5.364368E-08,-1.5000986E-01
5.369368E-08,-1.4995715E-01
5.374368E-08,-1.4995715E-01
5.379368E-08,-1.4990444E-01
5.384368E-08,-1.4990444E-01
5.389368E-08,-1.4990444E-01
5.394368E-08,-1.4985173E-01
5.399368E-08,-1.4985173E-01
5.404368E-08,-1.4985173E-01
5.409368E-08,-1.4985173E-01
5.414368E-08,-1.4979903E-01
5.419368E-08,-1.4979903E-01
5.424368E-08,-1.4979903E-01
5.429368E-08,-1.4979903E-01
5.434368E-08,-1.4979903E-01
5.439368E-08,-1.4979903E-01
5.444368E-08,-1.4979903E-01
5.449368E-08,-1.4979903E-01
5.454368E-08,-1.4979903E-01
5.459368E-08,-1.4985173E-01
5.464368E-08,-1.4985173E-01
5.469368E-08,-1.4985173E-01
5.474368E-08,-1.4985173E-01
5.479368E-08,-1.4985173E-01
5.484368E-08,-1.4985173E-01
5.489368E-08,-1.4990444E-01
5.494368E-08,-1.4990444E-01
5.499368E-08,-1.4990444E-01
5.504368E-08,-1.4990444E-01
5.509368E-08,-1.4990444E-01
5.514368E-08,-1.4990444E-01
5.519368E-08,-1.4990444E-01
5.524368E-08,-1.4990444E-01
5.529368E-08,-1.4985173E-01
5.534368E-08,-1.4985173E-01
5.539368E-08,-1.4985173E-01
5.544368E-08,-1.4985173E-01
5.549368E-08,-1.4979903E-01
5.554368E-08,-1.4979903E-01
5.559368E-08,-1.4979903E-01
5.564368E-08,-1.4974632E-01
5.569368E-08,-1.4974632E-01
5.574368E-08,-1.4974632E-01
5.579368E-08,-1.4969361E-01
5.584368E-08,-1.4969361E-01
5.589368E-08,-1.4969361E-01
5.594368E-08,-1.4969361E-01
5.599368E-08,-1.4964090E-01
5.604368E-08,-1.4964090E-01
5.609368E-08,-1.4964090E-01
5.614368E-08,-1.4964090E-01
5.619368E-08,-1.4964090E-01
5.624368E-08,-1.4964090E-01
5.629368E-08,-1.4964090E-01
5.634368E-08,-1.4964090E-01
5.639368E-08,-1.4964090E-01
5.644368E-08,-1.4969361E-01
5.649368E-08,-1.4969361E-01
5.654368E-08,-1.4969361E-01
5.659368E-08,-1.4969361E-01
5.664368E-08,-1.4974632E-01
5.669368E-08,-1.4974632E-01
5.674368E-08,-1.4974632E-01
5.679368E-08,-1.4974632E-01
5.684368E-08,-1.4974632E-01
5.689368E-08,-1.4979903E-01
5.694368E-08,-1.4979903E-01
5.699368E-08,-1.4979903E-01
5.704368E-08,-1.4979903E-01
5.709368E-08,-1.4979903E-01
5.714368E-08,-1.4979903E-01
5.719368E-08,-1.4979903E-01
5.724368E-08,-1.4974632E-01
5.729368E-08,-1.4974632E-01
5.734368E-08,-1.4974632E-01
5.739368E-08,-1.4969361E-01
5.744368E-08,-1.4969361E-01
5.749368E-08,-1.4964090E-01
5.754368E-08,-1.4958819E-01
5.759368E-08,-1.4958819E-01
5.764368E-08,-1.4953548E-01
5.769368E-08,-1.4948277E-01
5.774368E-08,-1.4943006E-01
5.779368E-08,-1.4943006E-01
5.784368E-08,-1.4937735E-01
5.789368E-08,-1.4932464E-01
5.794368E-08,-1.4927194E-01
5.799368E-08,-1.4921923E-01
5.804368E-08,-1.4916652E-01
5.809368E-08,-1.4916652E-01
5.814368E-08,-1.4911381E-01
5.819368E-08,-1.4906110E-01
5.824368E-08,-1.4906110E-01
5.829368E-08,-1.4900839E-01
5.834368E-08,-1.4895568E-01
5.839368E-08,-1.4895568E-01
5.844368E-08,-1.4890297E-01
5.849368E-08,-1.4885026E-01
5.854368E-08,-1.4885026E-01
5.859368E-08,-1.4879755E-01
5.864368E-08,-1.4879755E-01
5.869368E-08,-1.4874485E-01
5.874368E-08,-1.4874485E-01
5.879368E-08,-1.4869214E-01
5.884368E-08,-1.4863943E-01
5.889368E-08,-1.4863943E-01
5.894368E-08,-1.4858672E-01
5.899368E-08,-1.4858672E-01
5.904368E-08,-1.4853401E-01
5.909368E-08,-1.4853401E-01
5.914368E-08,-1.4848130E-01
5.919368E-08,-1.4848130E-01
5.924368E-08,-1.4842859E-01
5.929368E-08,-1.4842859E-01
5.934368E-08,-1.4837588E-01
5.939368E-08,-1.4837588E-01
5.944368E-08,-1.4832317E-01
5.949368E-08,-1.4832317E-01
5.954368E-08,-1.4832317E-01
5.959368E-08,-1.4832317E-01
5.964368E-08,-1.4827046E-01
5.969368E-08,-1.4827046E-01
5.974368E-08,-1.4827046E-01
5.979368E-08,-1.4832317E-01
5.984368E-08,-1.4832317E-01
5.989368E-08,-1.4832317E-01
5.994368E-08,-1.4837588E-01
5.999368E-08,-1.4842859E-01
6.004368E-08,-1.4842859E-01
6.009368E-08,-1.4848130E-01
6.014368E-08,-1.4853401E-01
6.019368E-08,-1.4863943E-01
6.024368E-08,-1.4869214E-01
6.029368E-08,-1.4879755E-01
6.034368E-08,-1.4885026E-01
6.039368E-08,-1.4895568E-01
6.044368E-08,-1.4906110E-01
6.049368E-08,-1.4916652E-01
6.054368E-08,-1.4927194E-01
6.059368E-08,-1.4937735E-01
6.064368E-08,-1.4948277E-01
6.069368E-08,-1.4958819E-01
6.074368E-08,-1.4974632E-01
6.079368E-08,-1.4985173E-01
6.084368E-08,-1.4995715E-01
6.089368E-08,-1.5006257E-01
6.094368E-08,-1.5016799E-01
6.099368E-08,-1.5027341E-01
6.104368E-08,-1.5037883E-01
6.109368E-08,-1.5043153E-01
6.114368E-08,-1.5053695E-01
6.119368E-08,-1.5058966E-01
6.124368E-08,-1.5069508E-01
6.129368E-08,-1.5074779E-01
6.134368E-08,-1.5074779E-01
6.139368E-08,-1.5080050E-01
6.144368E-08,-1.5085321E-01
6.149368E-08,-1.5085321E-01
6.154368E-08,-1.5085321E-01
6.159368E-08,-1.5085321E-01
6.164368E-08,-1.5080050E-01
6.169368E-08,-1.5080050E-01
6.174368E-08,-1.5074779E-01
6.179368E-08,-1.5074779E-01
6.184368E-08,-1.5069508E-01
6.189368E-08,-1.5064237E-01
6.194368E-08,-1.5058966E-01
6.199368E-08,-1.5048424E-01
6.204368E-08,-1.5043153E-01
6.209368E-08,-1.5037883E-01
6.214368E-08,-1.5032612E-01
6.219368E-08,-1.5027341E-01
6.224368E-08,-1.5016799E-01
6.229368E-08,-1.5011528E-01
6.234368E-08,-1.5006257E-01
6.239368E-08,-1.5000986E-01
6.244368E-08,-1.4995715E-01
6.249368E-08,-1.4995715E-01
6.254368E-08,-1.4990444E-01
6.259368E-08,-1.4985173E-01
6.264368E-08,-1.4985173E-01
6.269368E-08,-1.4985173E-01
6.274368E-08,-1.4985173E-01
6.279368E-08,-1.4985173E-01
6.284368E-08,-1.4985173E-01
6.289368E-08,-1.4990444E-01
6.294368E-08,-1.4990444E-01
6.299368E-08,-1.4995715E-01
6.304368E-08,-1.5000986E-01
6.309368E-08,-1.5006257E-01
6.314368E-08,-1.5011528E-01
6.319368E-08,-1.5016799E-01
6.324368E-08,-1.5022070E-01
6.329368E-08,-1.5027341E-01
6.334368E-08,-1.5037883E-01
6.339368E-08,-1.5043153E-01
6.344368E-08,-1.5048424E-01
6.349368E-08,-1.5058966E-01
6.354368E-08,-1.5064237E-01
6.359368E-08,-1.5069508E-01
6.364368E-08,-1.5074779E-01
6.369368E-08,-1.5080050E-01
6.374368E-08,-1.5085321E-01
6.379368E-08,-1.5090592E-01
6.384368E-08,-1.5090592E-01
6.389368E-08,-1.5095862E-01
6.394368E-08,-1.5095862E-01
6.399368E-08,-1.5095862E-01
6.404368E-08,-1.5095862E-01
6.409368E-08,-1.5095862E-01
6.414368E-08,-1.5090592E-01
6.419368E-08,-1.5085321E-01
6.424368E-08,-1.5085321E-01
6.429368E-08,-1.5080050E-01
6.434368E-08,-1.5069508E-01
6.439368E-08,-1.5064237E-01
6.444368E-08,-1.5058966E-01
6.449368E-08,-1.5048424E-01
6.454368E-08,-1.5037883E-01
6.459368E-08,-1.5032612E-01
6.464368E-08,-1.5022070E-01
6.469368E-08,-1.5011528E-01
6.474368E-08,-1.5000986E-01
6.479368E-08,-1.4990444E-01
6.484368E-08,-1.4979903E-01
6.489368E-08,-1.4974632E-01
6.494368E-08,-1.4964090E-01
6.499368E-08,-1.4953548E-01
6.504368E-08,-1.4948277E-01
6.509368E-08,-1.4937735E-01
6.514368E-08,-1.4932464E-01
6.519368E-08,-1.4927194E-01
6.524368E-08,-1.4921923E-01
6.529368E-08,-1.4916652E-01
6.534368E-08,-1.4911381E-01
6.539368E-08,-1.4906110E-01
6.544368E-08,-1.4906110E-01
6.549368E-08,-1.4906110E-01
6.554368E-08,-1.4906110E-01
6.559368E-08,-1.4906110E-01
6.564368E-08,-1.4906110E-01
6.569368E-08,-1.4906110E-01
6.574368E-08,-1.4911381E-01
6.579368E-08,-1.4911381E-01
6.584368E-08,-1.4916652E-01
6.589368E-08,-1.4921923E-01
6.594368E-08,-1.4927194E-01
6.599368E-08,-1.4927194E-01
6.604368E-08,-1.4932464E-01
6.609368E-08,-1.4937735E-01
6.614368E-08,-1.4943006E-01
6.619368E-08,-1.4948277E-01
6.624368E-08,-1.4953548E-01
6.629368E-08,-1.4953548E-01
6.634368E-08,-1.4958819E-01
6.639368E-08,-1.4964090E-01
6.644368E-08,-1.4964090E-01
6.649368E-08,-1.4964090E-01
6.654368E-08,-1.4969361E-01
6.659368E-08,-1.4969361E-01
6.664368E-08,-1.4964090E-01
6.669368E-08,-1.4964090E-01
6.674368E-08,-1.4964090E-01
6.679368E-08,-1.4958819E-01
6.684368E-08,-1.4958819E-01
6.689368E-08,-1.4953548E-01
6.694368E-08,-1.4948277E-01
6.699368E-08,-1.4943006E-01
6.704368E-08,-1.4937735E-01
6.709368E-08,-1.4932464E-01
6.714368E-08,-1.4927194E-01
6.719368E-08,-1.4921923E-01
6.724368E-08,-1.4916652E-01
6.729368E-08,-1.4906110E-01
6.734368E-08,-1.4900839E-01
6.739368E-08,-1.4895568E-01
6.744368E-08,-1.4890297E-01
6.749368E-08,-1.4885026E-01
6.754368E-08,-1.4885026E-01
6.759368E-08,-1.4879755E-01
6.764368E-08,-1.4874485E-01
6.769368E-08,-1.4874485E-01
6.774368E-08,-1.4869214E-01
6.779368E-08,-1.4869214E-01
6.784368E-08,-1.4869214E-01
6.789368E-08,-1.4869214E-01
6.794368E-08,-1.4874485E-01
6.799368E-08,-1.4874485E-01
6.804368E-08,-1.4874485E-01
6.809368E-08,-1.4879755E-01
6.814368E-08,-1.4885026E-01
6.819368E-08,-1.4890297E-01
6.824368E-08,-1.4895568E-01
6.829368E-08,-1.4900839E-01
6.834368E-08,-1.4906110E-01
6.839368E-08,-1.4911381E-01
6.844368E-08,-1.4916652E-01
6.849368E-08,-1.4921923E-01
6.854368E-08,-1.4927194E-01
6.859368E-08,-1.4932464E-01
6.864368E-08,-1.4937735E-01
6.869368E-08,-1.4943006E-01
6.874368E-08,-1.4948277E-01
6.879368E-08,-1.4953548E-01
6.884368E-08,-1.4958819E-01
6.889368E-08,-1.4958819E-01
6.894368E-08,-1.4964090E-01
6.899368E-08,-1.4964090E-01
6.904368E-08,-1.4964090E-01
6.909368E-08,-1.4964090E-01
6.914368E-08,-1.4964090E-01
6.919368E-08,-1.4964090E-01
6.924368E-08,-1.4964090E-01
6.929368E-08,-1.4964090E-01
6.934368E-08,-1.4964090E-01
6.939368E-08,-1.4964090E-01
6.944368E-08,-1.4964090E-01
6.949368E-08,-1.4958819E-01
6.954368E-08,-1.4958819E-01
6.959368E-08,-1.4958819E-01
6.964368E-08,-1.4958819E-01
6.969368E-08,-1.4958819E-01
6.974368E-08,-1.4958819E-01
6.979368E-08,-1.4958819E-01
6.984368E-08,-1.4958819E-01
6.989368E-08,-1.4958819E-01
6.994368E-08,-1.4958819E-01
6.999368E-08,-1.4964090E-01
7.004368E-08,-1.4964090E-01
7.009368E-08,-1.4969361E-01
7.014368E-08,-1.4969361E-01
7.019368E-08,-1.4974632E-01
7.024368E-08,-1.4979903E-01
7.029368E-08,-1.4985173E-01
7.034368E-08,-1.4990444E-01
7.039368E-08,-1.4995715E-01
7.044368E-08,-1.5000986E-01
7.049368E-08,-1.5011528E-01
7.054368E-08,-1.5016799E-01
7.059368E-08,-1.5022070E-01
7.064368E-08,-1.5027341E-01
7.069368E-08,-1.5037883E-01
7.074368E-08,-1.5043153E-01
7.079368E-08,-1.5048424E-01
7.084368E-08,-1.5053695E-01
7.089368E-08,-1.5058966E-01
7.094368E-08,-1.5064237E-01
7.099368E-08,-1.5064237E-01
7.104368E-08,-1.5069508E-01
7.109368E-08,-1.5069508E-01
7.114368E-08,-1.5069508E-01
7.119368E-08,-1.5074779E-01
7.124368E-08,-1.5069508E-01
7.129368E-08,-1.5069508E-01
7.134368E-08,-1.5069508E-01
7.139368E-08,-1.5064237E-01
7.144368E-08,-1.5064237E-01
7.149368E-08,-1.5058966E-01
7.154368E-08,-1.5053695E-01
7.159368E-08,-1.5048424E-01
7.164368E-08,-1.5037883E-01
7.169368E-08,-1.5032612E-01
7.174368E-08,-1.5027341E-01
7.179368E-08,-1.5016799E-01
7.184368E-08,-1.5011528E-01
7.189368E-08,-1.5000986E-01
7.194368E-08,-1.4990444E-01
7.199368E-08,-1.4985173E-01
7.204368E-08,-1.4974632E-01
7.209368E-08,-1.4969361E-01
7.214368E-08,-1.4958819E-01
7.219368E-08,-1.4953548E-01
7.224368E-08,-1.4948277E-01
7.229368E-08,-1.4937735E-01
7.234368E-08,-1.4932464E-01
7.239368E-08,-1.4927194E-01
7.244368E-08,-1.4921923E-01
7.249368E-08,-1.4916652E-01
7.254368E-08,-1.4916652E-01
7.259368E-08,-1.4911381E-01
7.264368E-08,-1.4906110E-01
7.269368E-08,-1.4906110E-01
7.274368E-08,-1.4906110E-01
7.279368E-08,-1.4900839E-01
7.284368E-08,-1.4900839E-01
7.289368E-08,-1.4900839E-01
7.294368E-08,-1.4900839E-01
7.299368E-08,-1.4900839E-01
7.304368E-08,-1.4906110E-01
7.309368E-08,-1.4906110E-01
7.314368E-08,-1.4906110E-01
7.319368E-08,-1.4906110E-01
7.324368E-08,-1.4906110E-01
7.329368E-08,-1.4911381E-01
7.334368E-08,-1.4911381E-01
7.339368E-08,-1.4911381E-01
7.344368E-08,-1.4911381E-01
7.349368E-08,-1.4916652E-01
7.354368E-08,-1.4916652E-01
7.359368E-08,-1.4916652E-01
7.364368E-08,-1.4916652E-01
7.369368E-08,-1.4916652E-01
7.374368E-08,-1.4916652E-01
7.379368E-08,-1.4916652E-01
7.384368E-08,-1.4916652E-01
7.389368E-08,-1.4916652E-01
7.394368E-08,-1.4916652E-01
7.399368E-08,-1.4916652E-01
7.404368E-08,-1.4911381E-01
7.409368E-08,-1.4911381E-01
7.414368E-08,-1.4911381E-01
7.419368E-08,-1.4906110E-01
7.424368E-08,-1.4906110E-01
7.429368E-08,-1.4900839E-01
7.434368E-08,-1.4900839E-01
7.439368E-08,-1.4900839E-01
7.444368E-08,-1.4895568E-01
7.449368E-08,-1.4895568E-01
7.454368E-08,-1.4890297E-01
7.459368E-08,-1.4890297E-01
7.464368E-08,-1.4885026E-01
7.469368E-08,-1.4885026E-01
7.474368E-08,-1.4879755E-01
7.479368E-08,-1.4879755E-01
7.484368E-08,-1.4874485E-01
7.489368E-08,-1.4874485E-01
7.494368E-08,-1.4869214E-01
7.499368E-08,-1.4869214E-01
7.504368E-08,-1.4869214E-01
7.509368E-08,-1.4863943E-01
7.514368E-08,-1.4863943E-01
7.519368E-08,-1.4863943E-01
7.524368E-08,-1.4863943E-01
7.529368E-08,-1.4858672E-01
7.534368E-08,-1.4858672E-01
7.539368E-08,-1.4858672E-01
7.544368E-08,-1.4858672E-01
7.549368E-08,-1.4858672E-01
7.554368E-08,-1.4858672E-01
7.559368E-08,-1.4858672E-01
7.564368E-08,-1.4853401E-01
7.569368E-08,-1.4853401E-01
7.574368E-08,-1.4853401E-01
7.579368E-08,-1.4853401E-01
7.584368E-08,-1.4853401E-01
7.589368E-08,-1.4853401E-01
7.594368E-08,-1.4853401E-01
7.599368E-08,-1.4853401E-01
7.604368E-08,-1.4858672E-01
7.609368E-08,-1.4858672E-01
7.614368E-08,-1.4858672E-01
7.619368E-08,-1.4858672E-01
7.624368E-08,-1.4858672E-01
7.629368E-08,-1.4858672E-01
7.634368E-08,-1.4863943E-01
7.639368E-08,-1.4863943E-01
7.644368E-08,-1.4863943E-01
7.649368E-08,-1.4869214E-01
7.654368E-08,-1.4869214E-01
7.659368E-08,-1.4874485E-01
7.664368E-08,-1.4874485E-01
7.669368E-08,-1.4879755E-01
7.674368E-08,-1.4879755E-01
7.679368E-08,-1.4885026E-01
7.684368E-08,-1.4890297E-01
7.689368E-08,-1.4890297E-01
7.694368E-08,-1.4895568E-01
7.699368E-08,-1.4895568E-01
7.704368E-08,-1.4900839E-01
7.709368E-08,-1.4906110E-01
7.714368E-08,-1.4906110E-01
7.719368E-08,-1.4911381E-01
7.724368E-08,-1.4916652E-01
7.729368E-08,-1.4916652E-01
7.734368E-08,-1.4921923E-01
7.739368E-08,-1.4921923E-01
7.744368E-08,-1.4927194E-01
7.749368E-08,-1.4927194E-01
7.754368E-08,-1.4932464E-01
7.759368E-08,-1.4932464E-01
7.764368E-08,-1.4932464E-01
7.769368E-08,-1.4932464E-01
7.774368E-08,-1.4932464E-01
7.779368E-08,-1.4932464E-01
7.784368E-08,-1.4932464E-01
7.789368E-08,-1.4932464E-01
7.794368E-08,-1.4932464E-01
7.799368E-08,-1.4932464E-01
7.804368E-08,-1.4927194E-01
7.809368E-08,-1.4927194E-01
7.814368E-08,-1.4921923E-01
7.819368E-08,-1.4921923E-01
7.824368E-08,-1.4916652E-01
7.829368E-08,-1.4916652E-01
7.834368E-08,-1.4911381E-01
7.839368E-08,-1.4906110E-01
7.844368E-08,-1.4900839E-01
7.849368E-08,-1.4900839E-01
7.854368E-08,-1.4895568E-01
7.859368E-08,-1.4890297E-01
7.864368E-08,-1.4890297E-01
7.869368E-08,-1.4885026E-01
7.874368E-08,-1.4879755E-01
7.879368E-08,-1.4879755E-01
7.884368E-08,-1.4874485E-01
7.889368E-08,-1.4874485E-01
7.894368E-08,-1.4874485E-01
7.899368E-08,-1.4869214E-01
7.904368E-08,-1.4869214E-01
7.909368E-08,-1.4869214E-01
7.914368E-08,-1.4869214E-01
7.919368E-08,-1.4869214E-01
7.924368E-08,-1.4874485E-01
7.929368E-08,-1.4874485E-01
7.934368E-08,-1.4874485E-01
7.939368E-08,-1.4879755E-01
7.944368E-08,-1.4879755E-01
7.949368E-08,-1.4885026E-01
7.954368E-08,-1.4890297E-01
7.959368E-08,-1.4890297E-01
7.964368E-08,-1.4895568E-01
7.969368E-08,-1.4900839E-01
7.974368E-08,-1.4900839E-01
7.979368E-08,-1.4906110E-01
7.984368E-08,-1.4911381E-01
7.989368E-08,-1.4911381E-01
7.994368E-08,-1.4916652E-01
7.999368E-08,-1.4916652E-01
8.004368E-08,-1.4921923E-01
8.009368E-08,-1.4921923E-01
8.014368E-08,-1.4921923E-01
8.019368E-08,-1.4921923E-01
8.024368E-08,-1.4921923E-01
8.029368E-08,-1.4921923E-01
8.034368E-08,-1.4921923E-01
8.039368E-08,-1.4921923E-01
8.044368E-08,-1.4916652E-01
8.049368E-08,-1.4916652E-01
8.054368E-08,-1.4911381E-01
8.059368E-08,-1.4911381E-01
8.064368E-08,-1.4906110E-01
8.069368E-08,-1.4900839E-01
8.074368E-08,-1.4895568E-01
8.079368E-08,-1.4890297E-01
8.084368E-08,-1.4890297E-01
8.089368E-08,-1.4885026E-01
8.094368E-08,-1.4879755E-01
8.099368E-08,-1.4874485E-01
8.104368E-08,-1.4869214E-01
8.109368E-08,-1.4869214E-01
8.114368E-08,-1.4863943E-01
8.119368E-08,-1.4863943E-01
8.124368E-08,-1.4858672E-01
8.129368E-08,-1.4858672E-01
8.134368E-08,-1.4858672E-01
8.139368E-08,-1.4858672E-01
8.144368E-08,-1.4858672E-01
8.149368E-08,-1.4863943E-01
8.154368E-08,-1.4863943E-01
8.159368E-08,-1.4869214E-01
8.164368E-08,-1.4874485E-01
8.169368E-08,-1.4874485E-01
8.174368E-08,-1.4879755E-01
8.179368E-08,-1.4890297E-01
8.184368E-08,-1.4895568E-01
8.189368E-08,-1.4900839E-01
8.194368E-08,-1.4911381E-01
8.199368E-08,-1.4916652E-01
8.204368E-08,-1.4921923E-01
8.209368E-08,-1.4932464E-01
8.214368E-08,-1.4937735E-01
8.219368E-08,-1.4948277E-01
8.224368E-08,-1.4953548E-01
8.229368E-08,-1.4958819E-01
8.234368E-08,-1.4964090E-01
8.239368E-08,-1.4969361E-01
8.244368E-08,-1.4974632E-01
8.249368E-08,-1.4979903E-01
8.254368E-08,-1.4985173E-01
8.259368E-08,-1.4985173E-01
8.264368E-08,-1.4985173E-01
8.269368E-08,-1.4985173E-01
8.274368E-08,-1.4985173E-01
8.279368E-08,-1.4985173E-01
8.284368E-08,-1.4985173E-01
8.289368E-08,-1.4979903E-01
8.294368E-08,-1.4974632E-01
8.299368E-08,-1.4969361E-01
8.304368E-08,-1.4964090E-01
8.309368E-08,-1.4958819E-01
8.314368E-08,-1.4953548E-01
8.319368E-08,-1.4948277E-01
8.324368E-08,-1.4943006E-01
8.329368E-08,-1.4937735E-01
8.334368E-08,-1.4927194E-01
8.339368E-08,-1.4921923E-01
8.344368E-08,-1.4916652E-01
8.349368E-08,-1.4911381E-01
8.354368E-08,-1.4906110E-01
8.359368E-08,-1.4900839E-01
8.364368E-08,-1.4895568E-01
8.369368E-08,-1.4890297E-01
8.374368E-08,-1.4885026E-01
8.379368E-08,-1.4885026E-01
8.384368E-08,-1.4885026E-01
8.389368E-08,-1.4879755E-01
8.394368E-08,-1.4879755E-01
8.399368E-08,-1.4879755E-01
8.404368E-08,-1.4885026E-01
8.409368E-08,-1.4885026E-01
8.414368E-08,-1.4885026E-01
8.419368E-08,-1.4890297E-01
8.424368E-08,-1.4890297E-01
8.429368E-08,-1.4895568E-01
8.434368E-08,-1.4900839E-01
8.439368E-08,-1.4906110E-01
8.444368E-08,-1.4906110E-01
8.449368E-08,-1.4911381E-01
8.454368E-08,-1.4916652E-01
8.459368E-08,-1.4921923E-01
8.464368E-08,-1.4921923E-01
8.469368E-08,-1.4927194E-01
8.474368E-08,-1.4927194E-01
8.479368E-08,-1.4932464E-01
8.484368E-08,-1.4932464E-01
8.489368E-08,-1.4937735E-01
8.494368E-08,-1.4937735E-01
8.499368E-08,-1.4937735E-01
8.504368E-08,-1.4937735E-01
8.509368E-08,-1.4937735E-01
8.514368E-08,-1.4932464E-01
8.519368E-08,-1.4932464E-01
8.524368E-08,-1.4932464E-01
8.529368E-08,-1.4927194E-01
8.534368E-08,-1.4927194E-01
8.539368E-08,-1.4921923E-01
8.544368E-08,-1.4916652E-01
8.549368E-08,-1.4916652E-01
8.554368E-08,-1.4911381E-01
8.559368E-08,-1.4906110E-01
8.564368E-08,-1.4900839E-01
8.569368E-08,-1.4900839E-01
8.574368E-08,-1.4895568E-01
8.579368E-08,-1.4890297E-01
8.584368E-08,-1.4885026E-01
8.589368E-08,-1.4885026E-01
8.594368E-08,-1.4879755E-01
8.599368E-08,-1.4879755E-01
8.604368E-08,-1.4874485E-01
8.609368E-08,-1.4874485E-01
8.614368E-08,-1.4869214E-01
8.619368E-08,-1.4869214E-01
8.624368E-08,-1.4869214E-01
8.629368E-08,-1.4869214E-01
8.634368E-08,-1.4863943E-01
8.639368E-08,-1.4863943E-01
8.644368E-08,-1.4863943E-01
8.649368E-08,-1.4863943E-01
8.654368E-08,-1.4863943E-01
8.659368E-08,-1.4863943E-01
8.664368E-08,-1.4863943E-01
8.669368E-08,-1.4863943E-01
8.674368E-08,-1.4863943E-01
8.679368E-08,-1.4858672E-01
8.684368E-08,-1.4858672E-01
8.689368E-08,-1.4858672E-01
8.694368E-08,-1.4858672E-01
8.699368E-08,-1.4853401E-01
8.704368E-08,-1.4853401E-01
8.709368E-08,-1.4848130E-01
8.714368E-08,-1.4848130E-01
8.719368E-08,-1.4842859E-01
8.724368E-08,-1.4842859E-01
8.729368E-08,-1.4837588E-01
8.734368E-08,-1.4832317E-01
8.739368E-08,-1.4832317E-01
8.744368E-08,-1.4827046E-01
8.749368E-08,-1.4821776E-01
8.754368E-08,-1.4821776E-01
8.759368E-08,-1.4816505E-01
8.764368E-08,-1.4811234E-01
8.769368E-08,-1.4811234E-01
8.774368E-08,-1.4805963E-01
8.779368E-08,-1.4805963E-01
8.784368E-08,-1.4800692E-01
8.789368E-08,-1.4800692E-01
8.794368E-08,-1.4795421E-01
8.799368E-08,-1.4795421E-01
8.804368E-08,-1.4795421E-01
8.809368E-08,-1.4795421E-01
8.814368E-08,-1.4795421E-01
8.819368E-08,-1.4795421E-01
8.824368E-08,-1.4795421E-01
8.829368E-08,-1.4795421E-01
8.834368E-08,-1.4800692E-01
8.839368E-08,-1.4800692E-01
8.844368E-08,-1.4805963E-01
8.849368E-08,-1.4805963E-01
8.854368E-08,-1.4811234E-01
8.859368E-08,-1.4811234E-01
8.864368E-08,-1.4816505E-01
8.869368E-08,-1.4821776E-01
8.874368E-08,-1.4821776E-01
8.879368E-08,-1.4827046E-01
8.884368E-08,-1.4832317E-01
8.889368E-08,-1.4837588E-01
8.894368E-08,-1.4837588E-01
8.899368E-08,-1.4842859E-01
8.904368E-08,-1.4848130E-01
8.909368E-08,-1.4853401E-01
8.914368E-08,-1.4853401E-01
8.919368E-08,-1.4858672E-01
8.924368E-08,-1.4863943E-01
8.929368E-08,-1.4863943E-01
8.934368E-08,-1.4869214E-01
8.939368E-08,-1.4869214E-01
8.944368E-08,-1.4874485E-01
8.949368E-08,-1.4879755E-01
8.954368E-08,-1.4879755E-01
8.959368E-08,-1.4885026E-01
8.964368E-08,-1.4885026E-01
8.969368E-08,-1.4890297E-01
8.974368E-08,-1.4890297E-01
8.979368E-08,-1.4895568E-01
8.984368E-08,-1.4895568E-01
8.989368E-08,-1.4900839E-01
8.994368E-08,-1.4900839E-01
8.999368E-08,-1.4906110E-01
9.004368E-08,-1.4906110E-01
9.009368E-08,-1.4906110E-01
9.014368E-08,-1.4911381E-01
9.019368E-08,-1.4911381E-01
9.024368E-08,-1.4916652E-01
9.029368E-08,-1.4916652E-01
9.034368E-08,-1.4916652E-01
9.039368E-08,-1.4916652E-01
9.044368E-08,-1.4921923E-01
9.049368E-08,-1.4921923E-01
9.054368E-08,-1.4921923E-01
9.059368E-08,-1.4921923E-01
9.064368E-08,-1.4921923E-01
9.069368E-08,-1.4921923E-01
9.074368E-08,-1.4921923E-01
9.079368E-08,-1.4921923E-01
9.084368E-08,-1.4921923E-01
9.089368E-08,-1.4916652E-01
9.094368E-08,-1.4916652E-01
9.099368E-08,-1.4911381E-01
9.104368E-08,-1.4911381E-01
9.109368E-08,-1.4906110E-01
9.114368E-08,-1.4906110E-01
9.119368E-08,-1.4900839E-01
9.124368E-08,-1.4895568E-01
9.129368E-08,-1.4890297E-01
9.134368E-08,-1.4890297E-01
9.139368E-08,-1.4885026E-01
9.144368E-08,-1.4879755E-01
9.149368E-08,-1.4874485E-01
9.154368E-08,-1.4874485E-01
9.159368E-08,-1.4869214E-01
9.164368E-08,-1.4863943E-01
9.169368E-08,-1.4863943E-01
9.174368E-08,-1.4858672E-01
9.179368E-08,-1.4858672E-01
9.184368E-08,-1.4858672E-01
9.189368E-08,-1.4858672E-01
9.194368E-08,-1.4858672E-01
9.199368E-08,-1.4858672E-01
9.204368E-08,-1.4858672E-01
9.209368E-08,-1.4858672E-01
9.214368E-08,-1.4863943E-01
9.219368E-08,-1.4863943E-01
9.224368E-08,-1.4869214E-01
9.229368E-08,-1.4869214E-01
9.234368E-08,-1.4874485E-01
9.239368E-08,-1.4879755E-01
9.244368E-08,-1.4885026E-01
9.249368E-08,-1.4890297E-01
9.254368E-08,-1.4895568E-01
9.259368E-08,-1.4895568E-01
9.264368E-08,-1.4900839E-01
9.269368E-08,-1.4906110E-01
9.274368E-08,-1.4911381E-01
9.279368E-08,-1.4916652E-01
9.284368E-08,-1.4916652E-01
9.289368E-08,-1.4921923E-01
9.294368E-08,-1.4921923E-01
9.299368E-08,-1.4921923E-01
9.304368E-08,-1.4921923E-01
9.309368E-08,-1.4921923E-01
9.314368E-08,-1.4921923E-01
9.319368E-08,-1.4921923E-01
9.324368E-08,-1.4916652E-01
9.329368E-08,-1.4916652E-01
9.334368E-08,-1.4911381E-01
9.339368E-08,-1.4906110E-01
9.344368E-08,-1.4900839E-01
9.349368E-08,-1.4895568E-01
9.354368E-08,-1.4885026E-01
9.359368E-08,-1.4879755E-01
9.364368E-08,-1.4874485E-01
9.369368E-08,-1.4863943E-01
9.374368E-08,-1.4853401E-01
9.379368E-08,-1.4848130E-01
9.384368E-08,-1.4837588E-01
9.389368E-08,-1.4832317E-01
9.394368E-08,-1.4821776E-01
9.399368E-08,-1.4816505E-01
9.404368E-08,-1.4805963E-01
9.409368E-08,-1.4800692E-01
9.414368E-08,-1.4795421E-01
9.419368E-08,-1.4790150E-01
9.424368E-08,-1.4784879E-01
9.429368E-08,-1.4779608E-01
9.434368E-08,-1.4774337E-01
9.439368E-08,-1.4774337E-01
9.444368E-08,-1.4769067E-01
9.449368E-08,-1.4769067E-01
9.454368E-08,-1.4769067E-01
9.459368E-08,-1.4769067E-01
9.464368E-08,-1.4769067E-01
9.469368E-08,-1.4774337E-01
9.474368E-08,-1.4774337E-01
9.479368E-08,-1.4779608E-01
9.484368E-08,-1.4779608E-01
9.489368E-08,-1.4784879E-01
9.494368E-08,-1.4790150E-01
9.499368E-08,-1.4795421E-01
9.504368E-08,-1.4795421E-01
9.509368E-08,-1.4800692E-01
9.514368E-08,-1.4805963E-01
9.519368E-08,-1.4811234E-01
9.524368E-08,-1.4816505E-01
9.529368E-08,-1.4821776E-01
9.534368E-08,-1.4827046E-01
9.539368E-08,-1.4827046E-01
9.544368E-08,-1.4832317E-01
9.549368E-08,-1.4837588E-01
9.554368E-08,-1.4837588E-01
9.559368E-08,-1.4842859E-01
9.564368E-08,-1.4842859E-01
9.569368E-08,-1.4848130E-01
9.574368E-08,-1.4848130E-01
9.579368E-08,-1.4853401E-01
9.584368E-08,-1.4853401E-01
9.589368E-08,-1.4853401E-01
9.594368E-08,-1.4853401E-01
9.599368E-08,-1.4858672E-01
9.604368E-08,-1.4858672E-01
9.609368E-08,-1.4858672E-01
9.614368E-08,-1.4858672E-01
9.619368E-08,-1.4863943E-01
9.624368E-08,-1.4863943E-01
9.629368E-08,-1.4863943E-01
9.634368E-08,-1.4869214E-01
9.639368E-08,-1.4869214E-01
9.644368E-08,-1.4874485E-01
9.649368E-08,-1.4874485E-01
9.654368E-08,-1.4879755E-01
9.659368E-08,-1.4879755E-01
9.664368E-08,-1.4885026E-01
9.669368E-08,-1.4885026E-01
9.674368E-08,-1.4890297E-01
9.679368E-08,-1.4895568E-01
9.684368E-08,-1.4895568E-01
9.689368E-08,-1.4900839E-01
9.694368E-08,-1.4900839E-01
9.699368E-08,-1.4906110E-01
9.704368E-08,-1.4906110E-01
9.709368E-08,-1.4911381E-01
9.714368E-08,-1.4911381E-01
9.719368E-08,-1.4911381E-01
9.724368E-08,-1.4911381E-01
9.729368E-08,-1.4916652E-01
9.734368E-08,-1.4916652E-01
9.739368E-08,-1.4911381E-01
9.744368E-08,-1.4911381E-01
9.749368E-08,-1.4911381E-01
9.754368E-08,-1.4906110E-01
9.759368E-08,-1.4906110E-01
9.764368E-08,-1.4900839E-01
9.769368E-08,-1.4895568E-01
9.774368E-08,-1.4890297E-01
9.779368E-08,-1.4885026E-01
9.784368E-08,-1.4879755E-01
9.789368E-08,-1.4874485E-01
9.794368E-08,-1.4869214E-01
9.799368E-08,-1.4858672E-01
9.804368E-08,-1.4853401E-01
9.809368E-08,-1.4848130E-01
9.814368E-08,-1.4842859E-01
9.819368E-08,-1.4832317E-01
9.824368E-08,-1.4827046E-01
9.829368E-08,-1.4821776E-01
9.834368E-08,-1.4816505E-01
9.839368E-08,-1.4805963E-01
9.844368E-08,-1.4800692E-01
9.849368E-08,-1.4795421E-01
9.854368E-08,-1.4795421E-01
9.859368E-08,-1.4790150E-01
9.864368E-08,-1.4784879E-01
9.869368E-08,-1.4784879E-01
9.874368E-08,-1.4779608E-01
9.879368E-08,-1.4779608E-01
9.884368E-08,-1.4779608E-01
9.889368E-08,-1.4779608E-01
9.894368E-08,-1.4779608E-01
9.899368E-08,-1.4779608E-01
9.904368E-08,-1.4779608E-01
9.909368E-08,-1.4784879E-01
9.914368E-08,-1.4784879E-01
9.919368E-08,-1.4790150E-01
9.924368E-08,-1.4790150E-01
9.929368E-08,-1.4795421E-01
9.934368E-08,-1.4795421E-01
9.939368E-08,-1.4800692E-01
9.944368E-08,-1.4805963E-01
9.949368E-08,-1.4805963E-01
9.954368E-08,-1.4811234E-01
9.959368E-08,-1.4811234E-01
9.964368E-08,-1.4816505E-01
9.969368E-08,-1.4821776E-01
9.974368E-08,-1.4821776E-01
9.979368E-08,-1.4821776E-01
9.984368E-08,-1.4827046E-01
9.989368E-08,-1.4827046E-01
9.994368E-08,-1.4827046E-01
9.999368E-08,-1.4827046E-01
1.0004368E-07,-1.4827046E-01
1.0009368E-07,-1.4827046E-01
1.0014368E-07,-1.4827046E-01
1.0019368E-07,-1.4827046E-01
1.0024368E-07,-1.4827046E-01
1.0029368E-07,-1.4821776E-01
1.0034368E-07,-1.4821776E-01
1.0039368E-07,-1.4821776E-01
1.0044368E-07,-1.4816505E-01
1.0049368E-07,-1.4816505E-01
1.0054368E-07,-1.4811234E-01
1.0059368E-07,-1.4811234E-01
1.0064368E-07,-1.4811234E-01
1.0069368E-07,-1.4805963E-01
1.0074368E-07,-1.4805963E-01
1.0079368E-07,-1.4800692E-01
1.0084368E-07,-1.4800692E-01
1.0089368E-07,-1.4800692E-01
1.0094368E-07,-1.4800692E-01
1.0099368E-07,-1.4795421E-01
1.0104368E-07,-1.4795421E-01
1.0109368E-07,-1.4795421E-01
1.0114368E-07,-1.4795421E-01
1.0119368E-07,-1.4800692E-01
1.0124368E-07,-1.4800692E-01
1.0129368E-07,-1.4800692E-01
1.0134368E-07,-1.4805963E-01
1.0139368E-07,-1.4805963E-01
1.0144368E-07,-1.4811234E-01
1.0149368E-07,-1.4816505E-01
1.0154368E-07,-1.4816505E-01
1.0159368E-07,-1.4821776E-01
1.0164368E-07,-1.4827046E-01
1.0169368E-07,-1.4832317E-01
1.0174368E-07,-1.4837588E-01
1.0179368E-07,-1.4842859E-01
1.0184368E-07,-1.4848130E-01
1.0189368E-07,-1.4858672E-01
1.0194368E-07,-1.4863943E-01
1.0199368E-07,-1.4869214E-01
1.0204368E-07,-1.4874485E-01
1.0209368E-07,-1.4879755E-01
1.0214368E-07,-1.4885026E-01
1.0219368E-07,-1.4895568E-01
1.0224368E-07,-1.4900839E-01
1.0229368E-07,-1.4906110E-01
1.0234368E-07,-1.4911381E-01
1.0239368E-07,-1.4911381E-01
1.0244368E-07,-1.4916652E-01
1.0249368E-07,-1.4921923E-01
1.0254368E-07,-1.4921923E-01
1.0259368E-07,-1.4927194E-01
1.0264368E-07,-1.4927194E-01
1.0269368E-07,-1.4927194E-01
1.0274368E-07,-1.4927194E-01
1.0279368E-07,-1.4927194E-01
1.0284368E-07,-1.4927194E-01
1.0289368E-07,-1.4921923E-01
1.0294368E-07,-1.4921923E-01
1.0299368E-07,-1.4916652E-01
1.0304368E-07,-1.4916652E-01
1.0309368E-07,-1.4911381E-01
1.0314368E-07,-1.4906110E-01
1.0319368E-07,-1.4900839E-01
1.0324368E-07,-1.4900839E-01
1.0329368E-07,-1.4895568E-01
1.0334368E-07,-1.4890297E-01
1.0339368E-07,-1.4885026E-01
1.0344368E-07,-1.4879755E-01
1.0349368E-07,-1.4874485E-01
1.0354368E-07,-1.4869214E-01
1.0359368E-07,-1.4863943E-01
1.0364368E-07,-1.4863943E-01
1.0369368E-07,-1.4858672E-01
1.0374368E-07,-1.4853401E-01
1.0379368E-07,-1.4853401E-01
1.0384368E-07,-1.4853401E-01
1.0389368E-07,-1.4848130E-01
1.0394368E-07,-1.4848130E-01
1.0399368E-07,-1.4848130E-01
1.0404368E-07,-1.4848130E-01
1.0409368E-07,-1.4853401E-01
1.0414368E-07,-1.4853401E-01
1.0419368E-07,-1.4858672E-01
1.0424368E-07,-1.4858672E-01
1.0429368E-07,-1.4863943E-01
1.0434368E-07,-1.4869214E-01
1.0439368E-07,-1.4869214E-01
1.0444368E-07,-1.4874485E-01
1.0449368E-07,-1.4879755E-01
1.0454368E-07,-1.4885026E-01
1.0459368E-07,-1.4890297E-01
1.0464368E-07,-1.4895568E-01
1.0469368E-07,-1.4900839E-01
1.0474368E-07,-1.4906110E-01
1.0479368E-07,-1.4911381E-01
1.0484368E-07,-1.4916652E-01
1.0489368E-07,-1.4921923E-01
1.0494368E-07,-1.4927194E-01
1.0499368E-07,-1.4927194E-01
1.0504368E-07,-1.4932464E-01
1.0509368E-07,-1.4932464E-01
1.0514368E-07,-1.4937735E-01
1.0519368E-07,-1.4937735E-01
1.0524368E-07,-1.4937735E-01
1.0529368E-07,-1.4937735E-01
1.0534368E-07,-1.4937735E-01
1.0539368E-07,-1.4937735E-01
1.0544368E-07,-1.4937735E-01
1.0549368E-07,-1.4932464E-01
1.0554368E-07,-1.4932464E-01
1.0559368E-07,-1.4932464E-01
1.0564368E-07,-1.4927194E-01
1.0569368E-07,-1.4927194E-01
1.0574368E-07,-1.4921923E-01
1.0579368E-07,-1.4921923E-01
1.0584368E-07,-1.4916652E-01
1.0589368E-07,-1.4916652E-01
1.0594368E-07,-1.4911381E-01
1.0599368E-07,-1.4911381E-01
1.0604368E-07,-1.4906110E-01
1.0609368E-07,-1.4906110E-01
1.0614368E-07,-1.4906110E-01
1.0619368E-07,-1.4906110E-01
1.0624368E-07,-1.4900839E-01
1.0629368E-07,-1.4900839E-01
1.0634368E-07,-1.4900839E-01
1.0639368E-07,-1.4900839E-01
1.0644368E-07,-1.4906110E-01
1.0649368E-07,-1.4906110E-01
1.0654368E-07,-1.4906110E-01
1.0659368E-07,-1.4906110E-01
1.0664368E-07,-1.4911381E-01
1.0669368E-07,-1.4911381E-01
1.0674368E-07,-1.4911381E-01
1.0679368E-07,-1.4911381E-01
1.0684368E-07,-1.4916652E-01
1.0689368E-07,-1.4916652E-01
1.0694368E-07,-1.4916652E-01
1.0699368E-07,-1.4916652E-01
1.0704368E-07,-1.4921923E-01
1.0709368E-07,-1.4921923E-01
1.0714368E-07,-1.4921923E-01
1.0719368E-07,-1.4921923E-01
1.0724368E-07,-1.4921923E-01
1.0729368E-07,-1.4916652E-01
1.0734368E-07,-1.4916652E-01
1.0739368E-07,-1.4916652E-01
1.0744368E-07,-1.4916652E-01
1.0749368E-07,-1.4911381E-01
1.0754368E-07,-1.4911381E-01
1.0759368E-07,-1.4906110E-01
1.0764368E-07,-1.4906110E-01
1.0769368E-07,-1.4900839E-01
1.0774368E-07,-1.4900839E-01
1.0779368E-07,-1.4895568E-01
1.0784368E-07,-1.4890297E-01
1.0789368E-07,-1.4890297E-01
1.0794368E-07,-1.4885026E-01
1.0799368E-07,-1.4885026E-01
1.0804368E-07,-1.4879755E-01
1.0809368E-07,-1.4879755E-01
1.0814368E-07,-1.4874485E-01
1.0819368E-07,-1.4874485E-01
1.0824368E-07,-1.4869214E-01
1.0829368E-07,-1.4869214E-01
1.0834368E-07,-1.4869214E-01
1.0839368E-07,-1.4863943E-01
1.0844368E-07,-1.4863943E-01
1.0849368E-07,-1.4863943E-01
1.0854368E-07,-1.4863943E-01
1.0859368E-07,-1.4863943E-01
1.0864368E-07,-1.4863943E-01
1.0869368E-07,-1.4863943E-01
1.0874368E-07,-1.4863943E-01
1.0879368E-07,-1.4863943E-01
1.0884368E-07,-1.4863943E-01
1.0889368E-07,-1.4863943E-01
1.0894368E-07,-1.4863943E-01
1.0899368E-07,-1.4863943E-01
1.0904368E-07,-1.4869214E-01
1.0909368E-07,-1.4869214E-01
1.0914368E-07,-1.4869214E-01
1.0919368E-07,-1.4869214E-01
1.0924368E-07,-1.4869214E-01
1.0929368E-07,-1.4869214E-01
1.0934368E-07,-1.4869214E-01
1.0939368E-07,-1.4869214E-01
1.0944368E-07,-1.4869214E-01
1.0949368E-07,-1.4869214E-01
1.0954368E-07,-1.4869214E-01
1.0959368E-07,-1.4869214E-01
1.0964368E-07,-1.4869214E-01
1.0969368E-07,-1.4869214E-01
1.0974368E-07,-1.4869214E-01
1.0979368E-07,-1.4874485E-01
1.0984368E-07,-1.4874485E-01
1.0989368E-07,-1.4874485E-01
1.0994368E-07,-1.4874485E-01
1.0999368E-07,-1.4879755E-01
1.1004368E-07,-1.4879755E-01
1.1009368E-07,-1.4879755E-01
1.1014368E-07,-1.4885026E-01
1.1019368E-07,-1.4890297E-01
1.1024368E-07,-1.4890297E-01
1.1029368E-07,-1.4895568E-01
1.1034368E-07,-1.4900839E-01
1.1039368E-07,-1.4906110E-01
1.1044368E-07,-1.4911381E-01
1.1049368E-07,-1.4911381E-01
1.1054368E-07,-1.4916652E-01
1.1059368E-07,-1.4921923E-01
1.1064368E-07,-1.4927194E-01
1.1069368E-07,-1.4932464E-01
1.1074368E-07,-1.4937735E-01
1.1079368E-07,-1.4943006E-01
1.1084368E-07,-1.4948277E-01
1.1089368E-07,-1.4953548E-01
1.1094368E-07,-1.4958819E-01
1.1099368E-07,-1.4964090E-01
1.1104368E-07,-1.4964090E-01
1.1109368E-07,-1.4969361E-01
1.1114368E-07,-1.4974632E-01
1.1119368E-07,-1.4974632E-01
1.1124368E-07,-1.4974632E-01
1.1129368E-07,-1.4979903E-01
1.1134368E-07,-1.4979903E-01
1.1139368E-07,-1.4979903E-01
1.1144368E-07,-1.4979903E-01
1.1149368E-07,-1.4979903E-01
1.1154368E-07,-1.4979903E-01
1.1159368E-07,-1.4979903E-01
1.1164368E-07,-1.4979903E-01
1.1169368E-07,-1.4974632E-01
1.1174368E-07,-1.4974632E-01
1.1179368E-07,-1.4974632E-01
1.1184368E-07,-1.4969361E-01
1.1189368E-07,-1.4969361E-01
1.1194368E-07,-1.4964090E-01
1.1199368E-07,-1.4964090E-01
1.1204368E-07,-1.4964090E-01
1.1209368E-07,-1.4958819E-01
1.1214368E-07,-1.4958819E-01
1.1219368E-07,-1.4958819E-01
1.1224368E-07,-1.4953548E-01
1.1229368E-07,-1.4953548E-01
1.1234368E-07,-1.4953548E-01
1.1239368E-07,-1.4953548E-01
1.1244368E-07,-1.4953548E-01
1.1249368E-07,-1.4948277E-01
1.1254368E-07,-1.4948277E-01
1.1259368E-07,-1.4948277E-01
1.1264368E-07,-1.4948277E-01
1.1269368E-07,-1.4948277E-01
1.1274368E-07,-1.4948277E-01
1.1279368E-07,-1.4948277E-01
1.1284368E-07,-1.4948277E-01
1.1289368E-07,-1.4948277E-01
1.1294368E-07,-1.4948277E-01
1.1299368E-07,-1.4943006E-01
1.1304368E-07,-1.4943006E-01
1.1309368E-07,-1.4943006E-01
1.1314368E-07,-1.4943006E-01
1.1319368E-07,-1.4943006E-01
1.1324368E-07,-1.4937735E-01
1.1329368E-07,-1.4937735E-01
1.1334368E-07,-1.4937735E-01
1.1339368E-07,-1.4932464E-01
1.1344368E-07,-1.4932464E-01
1.1349368E-07,-1.4927194E-01
1.1354368E-07,-1.4927194E-01
1.1359368E-07,-1.4921923E-01
1.1364368E-07,-1.4921923E-01
1.1369368E-07,-1.4916652E-01
1.1374368E-07,-1.4916652E-01
1.1379368E-07,-1.4911381E-01
1.1384368E-07,-1.4911381E-01
1.1389368E-07,-1.4911381E-01
1.1394368E-07,-1.4906110E-01
1.1399368E-07,-1.4906110E-01
1.1404368E-07,-1.4900839E-01
1.1409368E-07,-1.4900839E-01
1.1414368E-07,-1.4895568E-01
1.1419368E-07,-1.4895568E-01
1.1424368E-07,-1.4895568E-01
1.1429368E-07,-1.4890297E-01
1.1434368E-07,-1.4890297E-01
1.1439368E-07,-1.4890297E-01
1.1444368E-07,-1.4885026E-01
1.1449368E-07,-1.4885026E-01
1.1454368E-07,-1.4885026E-01
1.1459368E-07,-1.4879755E-01
1.1464368E-07,-1.4879755E-01
1.1469368E-07,-1.4879755E-01
1.1474368E-07,-1.4874485E-01
1.1479368E-07,-1.4874485E-01
1.1484368E-07,-1.4869214E-01
1.1489368E-07,-1.4869214E-01
1.1494368E-07,-1.4863943E-01
1.1499368E-07,-1.4863943E-01
1.1504368E-07,-1.4858672E-01
1.1509368E-07,-1.4853401E-01
1.1514368E-07,-1.4848130E-01
1.1519368E-07,-1.4848130E-01
1.1524368E-07,-1.4842859E-01
1.1529368E-07,-1.4837588E-01
1.1534368E-07,-1.4832317E-01
1.1539368E-07,-1.4827046E-01
1.1544368E-07,-1.4821776E-01
1.1549368E-07,-1.4821776E-01
1.1554368E-07,-1.4816505E-01
1.1559368E-07,-1.4811234E-01
1.1564368E-07,-1.4811234E-01
1.1569368E-07,-1.4805963E-01
1.1574368E-07,-1.4805963E-01
1.1579368E-07,-1.4805963E-01
1.1584368E-07,-1.4805963E-01
1.1589368E-07,-1.4805963E-01
1.1594368E-07,-1.4805963E-01
1.1599368E-07,-1.4805963E-01
1.1604368E-07,-1.4811234E-01
1.1609368E-07,-1.4816505E-01
1.1614368E-07,-1.4816505E-01
1.1619368E-07,-1.4821776E-01
1.1624368E-07,-1.4832317E-01
1.1629368E-07,-1.4837588E-01
1.1634368E-07,-1.4842859E-01
1.1639368E-07,-1.4853401E-01
1.1644368E-07,-1.4858672E-01
1.1649368E-07,-1.4869214E-01
1.1654368E-07,-1.4879755E-01
1.1659368E-07,-1.4885026E-01
1.1664368E-07,-1.4895568E-01
1.1669368E-07,-1.4906110E-01
1.1674368E-07,-1.4911381E-01
1.1679368E-07,-1.4921923E-01
1.1684368E-07,-1.4927194E-01
1.1689368E-07,-1.4937735E-01
1.1694368E-07,-1.4943006E-01
1.1699368E-07,-1.4948277E-01
1.1704368E-07,-1.4953548E-01
1.1709368E-07,-1.4953548E-01
1.1714368E-07,-1.4958819E-01
1.1719368E-07,-1.4958819E-01
1.1724368E-07,-1.4958819E-01
1.1729368E-07,-1.4958819E-01
1.1734368E-07,-1.4958819E-01
1.1739368E-07,-1.4953548E-01
1.1744368E-07,-1.4948277E-01
1.1749368E-07,-1.4948277E-01
1.1754368E-07,-1.4943006E-01
1.1759368E-07,-1.4932464E-01
1.1764368E-07,-1.4927194E-01
1.1769368E-07,-1.4921923E-01
1.1774368E-07,-1.4911381E-01
1.1779368E-07,-1.4906110E-01
1.1784368E-07,-1.4895568E-01
1.1789368E-07,-1.4890297E-01
1.1794368E-07,-1.4879755E-01
1.1799368E-07,-1.4874485E-01
1.1804368E-07,-1.4869214E-01
1.1809368E-07,-1.4858672E-01
1.1814368E-07,-1.4853401E-01
1.1819368E-07,-1.4848130E-01
1.1824368E-07,-1.4842859E-01
1.1829368E-07,-1.4837588E-01
1.1834368E-07,-1.4837588E-01
1.1839368E-07,-1.4832317E-01
1.1844368E-07,-1.4832317E-01
1.1849368E-07,-1.4832317E-01
1.1854368E-07,-1.4832317E-01
1.1859368E-07,-1.4832317E-01
1.1864368E-07,-1.4832317E-01
1.1869368E-07,-1.4837588E-01
1.1874368E-07,-1.4837588E-01
1.1879368E-07,-1.4842859E-01
1.1884368E-07,-1.4842859E-01
1.1889368E-07,-1.4848130E-01
1.1894368E-07,-1.4853401E-01
1.1899368E-07,-1.4858672E-01
1.1904368E-07,-1.4858672E-01
1.1909368E-07,-1.4863943E-01
1.1914368E-07,-1.4869214E-01
1.1919368E-07,-1.4869214E-01
1.1924368E-07,-1.4874485E-01
1.1929368E-07,-1.4874485E-01
1.1934368E-07,-1.4879755E-01
1.1939368E-07,-1.4879755E-01
1.1944368E-07,-1.4879755E-01
1.1949368E-07,-1.4879755E-01
1.1954368E-07,-1.4879755E-01
1.1959368E-07,-1.4879755E-01
1.1964368E-07,-1.4879755E-01
1.1969368E-07,-1.4874485E-01
1.1974368E-07,-1.4874485E-01
1.1979368E-07,-1.4869214E-01
1.1984368E-07,-1.4869214E-01
1.1989368E-07,-1.4863943E-01
1.1994368E-07,-1.4863943E-01
1.1999368E-07,-1.4858672E-01
1.2004368E-07,-1.4858672E-01
1.2009368E-07,-1.4853401E-01
1.2014368E-07,-1.4853401E-01
1.2019368E-07,-1.4848130E-01
1.2024368E-07,-1.4848130E-01
1.2029368E-07,-1.4848130E-01
1.2034368E-07,-1.4842859E-01
1.2039368E-07,-1.4842859E-01
1.2044368E-07,-1.4842859E-01
1.2049368E-07,-1.4842859E-01
1.2054368E-07,-1.4842859E-01
1.2059368E-07,-1.4848130E-01
1.2064368E-07,-1.4848130E-01
1.2069368E-07,-1.4848130E-01
1.2074368E-07,-1.4853401E-01
1.2079368E-07,-1.4853401E-01
1.2084368E-07,-1.4853401E-01
1.2089368E-07,-1.4858672E-01
1.2094368E-07,-1.4858672E-01
1.2099368E-07,-1.4863943E-01
1.2104368E-07,-1.4863943E-01
1.2109368E-07,-1.4869214E-01
1.2114368E-07,-1.4869214E-01
1.2119368E-07,-1.4869214E-01
1.2124368E-07,-1.4874485E-01
1.2129368E-07,-1.4874485E-01
1.2134368E-07,-1.4874485E-01
1.2139368E-07,-1.4874485E-01
1.2144368E-07,-1.4874485E-01
1.2149368E-07,-1.4874485E-01
1.2154368E-07,-1.4874485E-01
1.2159368E-07,-1.4874485E-01
1.2164368E-07,-1.4869214E-01
1.2169368E-07,-1.4869214E-01
1.2174368E-07,-1.4869214E-01
1.2179368E-07,-1.4869214E-01
1.2184368E-07,-1.4863943E-01
1.2189368E-07,-1.4863943E-01
1.2194368E-07,-1.4863943E-01
1.2199368E-07,-1.4858672E-01
1.2204368E-07,-1.4858672E-01
1.2209368E-07,-1.4858672E-01
1.2214368E-07,-1.4858672E-01
1.2219368E-07,-1.4858672E-01
1.2224368E-07,-1.4858672E-01
1.2229368E-07,-1.4858672E-01
1.2234368E-07,-1.4863943E-01
1.2239368E-07,-1.4863943E-01
1.2244368E-07,-1.4869214E-01
1.2249368E-07,-1.4869214E-01
1.2254368E-07,-1.4874485E-01
1.2259368E-07,-1.4879755E-01
1.2264368E-07,-1.4885026E-01
1.2269368E-07,-1.4890297E-01
1.2274368E-07,-1.4895568E-01
1.2279368E-07,-1.4900839E-01
1.2284368E-07,-1.4906110E-01
1.2289368E-07,-1.4911381E-01
1.2294368E-07,-1.4916652E-01
1.2299368E-07,-1.4921923E-01
1.2304368E-07,-1.4927194E-01
1.2309368E-07,-1.4932464E-01
1.2314368E-07,-1.4937735E-01
1.2319368E-07,-1.4943006E-01
1.2324368E-07,-1.4943006E-01
1.2329368E-07,-1.4948277E-01
1.2334368E-07,-1.4948277E-01
1.2339368E-07,-1.4953548E-01
1.2344368E-07,-1.4953548E-01
1.2349368E-07,-1.4953548E-01
1.2354368E-07,-1.4953548E-01
1.2359368E-07,-1.4948277E-01
1.2364368E-07,-1.4948277E-01
1.2369368E-07,-1.4943006E-01
1.2374368E-07,-1.4943006E-01
1.2379368E-07,-1.4937735E-01
1.2384368E-07,-1.4932464E-01
1.2389368E-07,-1.4927194E-01
1.2394368E-07,-1.4921923E-01
1.2399368E-07,-1.4916652E-01
1.2404368E-07,-1.4911381E-01
1.2409368E-07,-1.4906110E-01
1.2414368E-07,-1.4900839E-01
1.2419368E-07,-1.4895568E-01
1.2424368E-07,-1.4890297E-01
1.2429368E-07,-1.4890297E-01
1.2434368E-07,-1.4885026E-01
1.2439368E-07,-1.4879755E-01
1.2444368E-07,-1.4879755E-01
1.2449368E-07,-1.4879755E-01
1.2454368E-07,-1.4879755E-01
1.2459368E-07,-1.4879755E-01
1.2464368E-07,-1.4879755E-01
1.2469368E-07,-1.4879755E-01
1.2474368E-07,-1.4885026E-01
1.2479368E-07,-1.4885026E-01
1.2484368E-07,-1.4890297E-01
1.2489368E-07,-1.4895568E-01
1.2494368E-07,-1.4900839E-01
1.2499368E-07,-1.4906110E-01
1.2504368E-07,-1.4911381E-01
1.2509368E-07,-1.4916652E-01
1.2514368E-07,-1.4921923E-01
1.2519368E-07,-1.4927194E-01
1.2524368E-07,-1.4932464E-01
1.2529368E-07,-1.4937735E-01
1.2534368E-07,-1.4937735E-01
1.2539368E-07,-1.4943006E-01
1.2544368E-07,-1.4948277E-01
1.2549368E-07,-1.4948277E-01
1.2554368E-07,-1.4948277E-01
1.2559368E-07,-1.4948277E-01
1.2564368E-07,-1.4948277E-01
1.2569368E-07,-1.4948277E-01
1.2574368E-07,-1.4948277E-01
1.2579368E-07,-1.4943006E-01
1.2584368E-07,-1.4943006E-01
1.2589368E-07,-1.4937735E-01
1.2594368E-07,-1.4932464E-01
1.2599368E-07,-1.4927194E-01
1.2604368E-07,-1.4921923E-01
1.2609368E-07,-1.4916652E-01
1.2614368E-07,-1.4911381E-01
1.2619368E-07,-1.4906110E-01
1.2624368E-07,-1.4900839E-01
1.2629368E-07,-1.4895568E-01
1.2634368E-07,-1.4890297E-01
1.2639368E-07,-1.4885026E-01
1.2644368E-07,-1.4879755E-01
1.2649368E-07,-1.4874485E-01
1.2654368E-07,-1.4874485E-01
1.2659368E-07,-1.4869214E-01
1.2664368E-07,-1.4869214E-01
1.2669368E-07,-1.4863943E-01
1.2674368E-07,-1.4863943E-01
1.2679368E-07,-1.4863943E-01
1.2684368E-07,-1.4869214E-01
1.2689368E-07,-1.4869214E-01
1.2694368E-07,-1.4869214E-01
1.2699368E-07,-1.4874485E-01
1.2704368E-07,-1.4879755E-01
1.2709368E-07,-1.4885026E-01
1.2714368E-07,-1.4890297E-01
1.2719368E-07,-1.4895568E-01
1.2724368E-07,-1.4900839E-01
1.2729368E-07,-1.4906110E-01
1.2734368E-07,-1.4911381E-01
1.2739368E-07,-1.4916652E-01
1.2744368E-07,-1.4921923E-01
1.2749368E-07,-1.4932464E-01
1.2754368E-07,-1.4937735E-01
1.2759368E-07,-1.4943006E-01
1.2764368E-07,-1.4948277E-01
1.2769368E-07,-1.4948277E-01
1.2774368E-07,-1.4953548E-01
1.2779368E-07,-1.4958819E-01
1.2784368E-07,-1.4958819E-01
1.2789368E-07,-1.4958819E-01
1.2794368E-07,-1.4958819E-01
1.2799368E-07,-1.4958819E-01
1.2804368E-07,-1.4958819E-01
1.2809368E-07,-1.4958819E-01
1.2814368E-07,-1.4958819E-01
1.2819368E-07,-1.4953548E-01
1.2824368E-07,-1.4948277E-01
1.2829368E-07,-1.4948277E-01
1.2834368E-07,-1.4943006E-01
1.2839368E-07,-1.4937735E-01
1.2844368E-07,-1.4932464E-01
1.2849368E-07,-1.4927194E-01
1.2854368E-07,-1.4921923E-01
1.2859368E-07,-1.4916652E-01
1.2864368E-07,-1.4916652E-01
1.2869368E-07,-1.4911381E-01
