-7.139225E-08,-1.4890297E-01
-7.134225E-08,-1.4890297E-01
-7.129225E-08,-1.4890297E-01
-7.124225E-08,-1.4890297E-01
-7.119225E-08,-1.4890297E-01
-7.114225E-08,-1.4890297E-01
-7.109225E-08,-1.4890297E-01
-7.104225E-08,-1.4895568E-01
-7.099225E-08,-1.4895568E-01
-7.094225E-08,-1.4895568E-01
-7.089225E-08,-1.4900839E-01
-7.084225E-08,-1.4900839E-01
-7.079225E-08,-1.4906110E-01
-7.074225E-08,-1.4911381E-01
-7.069225E-08,-1.4911381E-01
-7.064225E-08,-1.4916652E-01
-7.059225E-08,-1.4921923E-01
-7.054225E-08,-1.4927194E-01
-7.049225E-08,-1.4932464E-01
-7.044225E-08,-1.4937735E-01
-7.039225E-08,-1.4943006E-01
-7.034225E-08,-1.4948277E-01
-7.029225E-08,-1.4953548E-01
-7.024225E-08,-1.4953548E-01
-7.019225E-08,-1.4958819E-01
-7.014225E-08,-1.4964090E-01
-7.009225E-08,-1.4969361E-01
-7.004225E-08,-1.4974632E-01
-6.999225E-08,-1.4974632E-01
-6.994225E-08,-1.4979903E-01
-6.989225E-08,-1.4979903E-01
-6.984225E-08,-1.4985173E-01
-6.979225E-08,-1.4985173E-01
-6.974225E-08,-1.4985173E-01
-6.969225E-08,-1.4985173E-01
-6.964225E-08,-1.4985173E-01
-6.959225E-08,-1.4985173E-01
-6.954225E-08,-1.4985173E-01
-6.949225E-08,-1.4985173E-01
-6.944225E-08,-1.4979903E-01
-6.939225E-08,-1.4979903E-01
-6.934225E-08,-1.4974632E-01
-6.929225E-08,-1.4969361E-01
-6.924225E-08,-1.4969361E-01
-6.919225E-08,-1.4964090E-01
-6.914225E-08,-1.4958819E-01
-6.909225E-08,-1.4958819E-01
-6.904225E-08,-1.4953548E-01
-6.899225E-08,-1.4948277E-01
-6.894225E-08,-1.4943006E-01
-6.889225E-08,-1.4937735E-01
-6.884225E-08,-1.4937735E-01
-6.879225E-08,-1.4932464E-01
-6.874225E-08,-1.4927194E-01
-6.869225E-08,-1.4927194E-01
-6.864225E-08,-1.4921923E-01
-6.859225E-08,-1.4921923E-01
-6.854225E-08,-1.4916652E-01
-6.849225E-08,-1.4916652E-01
-6.844225E-08,-1.4916652E-01
-6.839225E-08,-1.4916652E-01
-6.834225E-08,-1.4911381E-01
-6.829225E-08,-1.4911381E-01
-6.824225E-08,-1.4911381E-01
-6.819225E-08,-1.4911381E-01
-6.814225E-08,-1.4911381E-01
-6.809225E-08,-1.4911381E-01
-6.804225E-08,-1.4911381E-01
-6.799225E-08,-1.4911381E-01
-6.794225E-08,-1.4911381E-01
-6.789225E-08,-1.4911381E-01
-6.784225E-08,-1.4911381E-01
-6.779225E-08,-1.4911381E-01
-6.774225E-08,-1.4911381E-01
-6.769225E-08,-1.4906110E-01
-6.764225E-08,-1.4906110E-01
-6.759225E-08,-1.4906110E-01
-6.754225E-08,-1.4906110E-01
-6.749225E-08,-1.4900839E-01
-6.744225E-08,-1.4900839E-01
-6.739225E-08,-1.4900839E-01
-6.734225E-08,-1.4895568E-01
-6.729225E-08,-1.4895568E-01
-6.724225E-08,-1.4890297E-01
-6.719225E-08,-1.4890297E-01
-6.714225E-08,-1.4885026E-01
-6.709225E-08,-1.4879755E-01
-6.704225E-08,-1.4879755E-01
-6.699225E-08,-1.4874485E-01
-6.694225E-08,-1.4874485E-01
-6.689225E-08,-1.4869214E-01
-6.684225E-08,-1.4869214E-01
-6.679225E-08,-1.4863943E-01
-6.674225E-08,-1.4863943E-01
-6.669225E-08,-1.4863943E-01
-6.664225E-08,-1.4858672E-01
-6.659225E-08,-1.4858672E-01
-6.654225E-08,-1.4858672E-01
-6.649225E-08,-1.4858672E-01
-6.644225E-08,-1.4858672E-01
-6.639225E-08,-1.4858672E-01
-6.634225E-08,-1.4863943E-01
-6.629225E-08,-1.4863943E-01
-6.624225E-08,-1.4863943E-01
-6.619225E-08,-1.4869214E-01
-6.614225E-08,-1.4869214E-01
-6.609225E-08,-1.4874485E-01
-6.604225E-08,-1.4879755E-01
-6.599225E-08,-1.4879755E-01
-6.594225E-08,-1.4885026E-01
-6.589225E-08,-1.4890297E-01
-6.584225E-08,-1.4890297E-01
-6.579225E-08,-1.4895568E-01
-6.574225E-08,-1.4900839E-01
-6.569225E-08,-1.4906110E-01
-6.564225E-08,-1.4911381E-01
-6.559225E-08,-1.4911381E-01
-6.554225E-08,-1.4916652E-01
-6.549225E-08,-1.4921923E-01
-6.544225E-08,-1.4921923E-01
-6.539225E-08,-1.4927194E-01
-6.534225E-08,-1.4927194E-01
-6.529225E-08,-1.4932464E-01
-6.524225E-08,-1.4932464E-01
-6.519225E-08,-1.4932464E-01
-6.514225E-08,-1.4937735E-01
-6.509225E-08,-1.4937735E-01
-6.504225E-08,-1.4937735E-01
-6.499225E-08,-1.4937735E-01
-6.494225E-08,-1.4937735E-01
-6.489225E-08,-1.4937735E-01
-6.484225E-08,-1.4937735E-01
-6.479225E-08,-1.4937735E-01
-6.474225E-08,-1.4937735E-01
-6.469225E-08,-1.4937735E-01
-6.464225E-08,-1.4937735E-01
-6.459225E-08,-1.4937735E-01
-6.454225E-08,-1.4937735E-01
-6.449225E-08,-1.4932464E-01
-6.444225E-08,-1.4932464E-01
-6.439225E-08,-1.4932464E-01
-6.434225E-08,-1.4932464E-01
-6.429225E-08,-1.4932464E-01
-6.424225E-08,-1.4927194E-01
-6.419225E-08,-1.4927194E-01
-6.414225E-08,-1.4927194E-01
-6.409225E-08,-1.4927194E-01
-6.404225E-08,-1.4927194E-01
-6.399225E-08,-1.4921923E-01
-6.394225E-08,-1.4921923E-01
-6.389225E-08,-1.4921923E-01
-6.384225E-08,-1.4921923E-01
-6.379225E-08,-1.4916652E-01
-6.374225E-08,-1.4916652E-01
-6.369225E-08,-1.4916652E-01
-6.364225E-08,-1.4916652E-01
-6.359225E-08,-1.4911381E-01
-6.354225E-08,-1.4911381E-01
-6.349225E-08,-1.4911381E-01
-6.344225E-08,-1.4906110E-01
-6.339225E-08,-1.4906110E-01
-6.334225E-08,-1.4900839E-01
-6.329225E-08,-1.4900839E-01
-6.324225E-08,-1.4900839E-01
-6.319225E-08,-1.4895568E-01
-6.314225E-08,-1.4895568E-01
-6.309225E-08,-1.4890297E-01
-6.304225E-08,-1.4890297E-01
-6.299225E-08,-1.4885026E-01
-6.294225E-08,-1.4885026E-01
-6.289225E-08,-1.4879755E-01
-6.284225E-08,-1.4879755E-01
-6.279225E-08,-1.4879755E-01
-6.274225E-08,-1.4874485E-01
-6.269225E-08,-1.4874485E-01
-6.264225E-08,-1.4874485E-01
-6.259225E-08,-1.4869214E-01
-6.254225E-08,-1.4869214E-01
-6.249225E-08,-1.4869214E-01
-6.244225E-08,-1.4869214E-01
-6.239225E-08,-1.4869214E-01
-6.234225E-08,-1.4869214E-01
-6.229225E-08,-1.4869214E-01
-6.224225E-08,-1.4869214E-01
-6.219225E-08,-1.4869214E-01
-6.214225E-08,-1.4869214E-01
-6.209225E-08,-1.4874485E-01
-6.204225E-08,-1.4874485E-01
-6.199225E-08,-1.4874485E-01
-6.194225E-08,-1.4879755E-01
-6.189225E-08,-1.4879755E-01
-6.184225E-08,-1.4885026E-01
-6.179225E-08,-1.4885026E-01
-6.174225E-08,-1.4890297E-01
-6.169225E-08,-1.4890297E-01
-6.164225E-08,-1.4895568E-01
-6.159225E-08,-1.4900839E-01
-6.154225E-08,-1.4900839E-01
-6.149225E-08,-1.4906110E-01
-6.144225E-08,-1.4911381E-01
-6.139225E-08,-1.4911381E-01
-6.134225E-08,-1.4916652E-01
-6.129225E-08,-1.4916652E-01
-6.124225E-08,-1.4921923E-01
-6.119225E-08,-1.4921923E-01
-6.114225E-08,-1.4927194E-01
-6.109225E-08,-1.4927194E-01
-6.104225E-08,-1.4932464E-01
-6.099225E-08,-1.4932464E-01
-6.094225E-08,-1.4932464E-01
-6.089225E-08,-1.4937735E-01
-6.084225E-08,-1.4937735E-01
-6.079225E-08,-1.4937735E-01
-6.074225E-08,-1.4937735E-01
-6.069225E-08,-1.4937735E-01
-6.064225E-08,-1.4937735E-01
-6.059225E-08,-1.4937735E-01
-6.054225E-08,-1.4932464E-01
-6.049225E-08,-1.4932464E-01
-6.044225E-08,-1.4932464E-01
-6.039225E-08,-1.4927194E-01
-6.034225E-08,-1.4927194E-01
-6.029225E-08,-1.4927194E-01
-6.024225E-08,-1.4921923E-01
-6.019225E-08,-1.4921923E-01
-6.014225E-08,-1.4916652E-01
-6.009225E-08,-1.4916652E-01
-6.004225E-08,-1.4911381E-01
-5.999225E-08,-1.4911381E-01
-5.994225E-08,-1.4906110E-01
-5.989225E-08,-1.4906110E-01
-5.984225E-08,-1.4900839E-01
-5.979225E-08,-1.4900839E-01
-5.974225E-08,-1.4900839E-01
-5.969225E-08,-1.4900839E-01
-5.964225E-08,-1.4895568E-01
-5.959225E-08,-1.4895568E-01
-5.954225E-08,-1.4895568E-01
-5.949225E-08,-1.4895568E-01
-5.944225E-08,-1.4895568E-01
-5.939225E-08,-1.4900839E-01
-5.934225E-08,-1.4900839E-01
-5.929225E-08,-1.4900839E-01
-5.924225E-08,-1.4906110E-01
-5.919225E-08,-1.4906110E-01
-5.914225E-08,-1.4906110E-01
-5.909225E-08,-1.4911381E-01
-5.904225E-08,-1.4916652E-01
-5.899225E-08,-1.4916652E-01
-5.894225E-08,-1.4921923E-01
-5.889225E-08,-1.4921923E-01
-5.884225E-08,-1.4927194E-01
-5.879225E-08,-1.4932464E-01
-5.874225E-08,-1.4932464E-01
-5.869225E-08,-1.4937735E-01
-5.864225E-08,-1.4937735E-01
-5.859225E-08,-1.4943006E-01
-5.854225E-08,-1.4943006E-01
-5.849225E-08,-1.4948277E-01
-5.844225E-08,-1.4948277E-01
-5.839225E-08,-1.4948277E-01
-5.834225E-08,-1.4953548E-01
-5.829225E-08,-1.4953548E-01
-5.824225E-08,-1.4953548E-01
-5.819225E-08,-1.4953548E-01
-5.814225E-08,-1.4948277E-01
-5.809225E-08,-1.4948277E-01
-5.804225E-08,-1.4948277E-01
-5.799225E-08,-1.4943006E-01
-5.794225E-08,-1.4943006E-01
-5.789225E-08,-1.4937735E-01
-5.784225E-08,-1.4937735E-01
-5.779225E-08,-1.4932464E-01
-5.774225E-08,-1.4932464E-01
-5.769225E-08,-1.4927194E-01
-5.764225E-08,-1.4927194E-01
-5.759225E-08,-1.4921923E-01
-5.754225E-08,-1.4916652E-01
-5.749225E-08,-1.4916652E-01
-5.744225E-08,-1.4911381E-01
-5.739225E-08,-1.4911381E-01
-5.734225E-08,-1.4911381E-01
-5.729225E-08,-1.4906110E-01
-5.724225E-08,-1.4906110E-01
-5.719225E-08,-1.4906110E-01
-5.714225E-08,-1.4906110E-01
-5.709225E-08,-1.4906110E-01
-5.704225E-08,-1.4906110E-01
-5.699225E-08,-1.4906110E-01
-5.694225E-08,-1.4906110E-01
-5.689225E-08,-1.4906110E-01
-5.684225E-08,-1.4906110E-01
-5.679225E-08,-1.4911381E-01
-5.674225E-08,-1.4911381E-01
-5.669225E-08,-1.4911381E-01
-5.664225E-08,-1.4916652E-01
-5.659225E-08,-1.4916652E-01
-5.654225E-08,-1.4921923E-01
-5.649225E-08,-1.4921923E-01
-5.644225E-08,-1.4921923E-01
-5.639225E-08,-1.4927194E-01
-5.634225E-08,-1.4927194E-01
-5.629225E-08,-1.4927194E-01
-5.624225E-08,-1.4927194E-01
-5.619225E-08,-1.4932464E-01
-5.614225E-08,-1.4932464E-01
-5.609225E-08,-1.4932464E-01
-5.604225E-08,-1.4932464E-01
-5.599225E-08,-1.4932464E-01
-5.594225E-08,-1.4932464E-01
-5.589225E-08,-1.4927194E-01
-5.584225E-08,-1.4927194E-01
-5.579225E-08,-1.4927194E-01
-5.574225E-08,-1.4921923E-01
-5.569225E-08,-1.4921923E-01
-5.564225E-08,-1.4921923E-01
-5.559225E-08,-1.4916652E-01
-5.554225E-08,-1.4916652E-01
-5.549225E-08,-1.4911381E-01
-5.544225E-08,-1.4911381E-01
-5.539225E-08,-1.4906110E-01
-5.534225E-08,-1.4906110E-01
-5.529225E-08,-1.4900839E-01
-5.524225E-08,-1.4900839E-01
-5.519225E-08,-1.4895568E-01
-5.514225E-08,-1.4895568E-01
-5.509225E-08,-1.4890297E-01
-5.504225E-08,-1.4890297E-01
-5.499225E-08,-1.4890297E-01
-5.494225E-08,-1.4885026E-01
-5.489225E-08,-1.4885026E-01
-5.484225E-08,-1.4885026E-01
-5.479225E-08,-1.4885026E-01
-5.474225E-08,-1.4879755E-01
-5.469225E-08,-1.4879755E-01
-5.464225E-08,-1.4879755E-01
-5.459225E-08,-1.4879755E-01
-5.454225E-08,-1.4879755E-01
-5.449225E-08,-1.4879755E-01
-5.444225E-08,-1.4879755E-01
-5.439225E-08,-1.4879755E-01
-5.434225E-08,-1.4879755E-01
-5.429225E-08,-1.4874485E-01
-5.424225E-08,-1.4874485E-01
-5.419225E-08,-1.4874485E-01
-5.414225E-08,-1.4874485E-01
-5.409225E-08,-1.4874485E-01
-5.404225E-08,-1.4874485E-01
-5.399225E-08,-1.4874485E-01
-5.394225E-08,-1.4874485E-01
-5.389225E-08,-1.4874485E-01
-5.384225E-08,-1.4874485E-01
-5.379225E-08,-1.4874485E-01
-5.374225E-08,-1.4874485E-01
-5.369225E-08,-1.4874485E-01
-5.364225E-08,-1.4879755E-01
-5.359225E-08,-1.4879755E-01
-5.354225E-08,-1.4879755E-01
-5.349225E-08,-1.4879755E-01
-5.344225E-08,-1.4885026E-01
-5.339225E-08,-1.4885026E-01
-5.334225E-08,-1.4890297E-01
-5.329225E-08,-1.4890297E-01
-5.324225E-08,-1.4895568E-01
-5.319225E-08,-1.4900839E-01
-5.314225E-08,-1.4900839E-01
-5.309225E-08,-1.4906110E-01
-5.304225E-08,-1.4911381E-01
-5.299225E-08,-1.4916652E-01
-5.294225E-08,-1.4916652E-01
-5.289225E-08,-1.4921923E-01
-5.284225E-08,-1.4927194E-01
-5.279225E-08,-1.4932464E-01
-5.274225E-08,-1.4932464E-01
-5.269225E-08,-1.4937735E-01
-5.264225E-08,-1.4943006E-01
-5.259225E-08,-1.4943006E-01
-5.254225E-08,-1.4943006E-01
-5.249225E-08,-1.4948277E-01
-5.244225E-08,-1.4948277E-01
-5.239225E-08,-1.4948277E-01
-5.234225E-08,-1.4948277E-01
-5.229225E-08,-1.4948277E-01
-5.224225E-08,-1.4943006E-01
-5.219225E-08,-1.4943006E-01
-5.214225E-08,-1.4937735E-01
-5.209225E-08,-1.4937735E-01
-5.204225E-08,-1.4932464E-01
-5.199225E-08,-1.4927194E-01
-5.194225E-08,-1.4927194E-01
-5.189225E-08,-1.4921923E-01
-5.184225E-08,-1.4916652E-01
-5.179225E-08,-1.4911381E-01
-5.174225E-08,-1.4906110E-01
-5.169225E-08,-1.4900839E-01
-5.164225E-08,-1.4895568E-01
-5.159225E-08,-1.4895568E-01
-5.154225E-08,-1.4890297E-01
-5.149225E-08,-1.4885026E-01
-5.144225E-08,-1.4885026E-01
-5.139225E-08,-1.4879755E-01
-5.134225E-08,-1.4879755E-01
-5.129225E-08,-1.4879755E-01
-5.124225E-08,-1.4874485E-01
-5.119225E-08,-1.4874485E-01
-5.114225E-08,-1.4879755E-01
-5.109225E-08,-1.4879755E-01
-5.104225E-08,-1.4879755E-01
-5.099225E-08,-1.4885026E-01
-5.094225E-08,-1.4885026E-01
-5.089225E-08,-1.4890297E-01
-5.084225E-08,-1.4895568E-01
-5.079225E-08,-1.4895568E-01
-5.074225E-08,-1.4900839E-01
-5.069225E-08,-1.4906110E-01
-5.064225E-08,-1.4911381E-01
-5.059225E-08,-1.4916652E-01
-5.054225E-08,-1.4921923E-01
-5.049225E-08,-1.4927194E-01
-5.044225E-08,-1.4927194E-01
-5.039225E-08,-1.4932464E-01
-5.034225E-08,-1.4937735E-01
-5.029225E-08,-1.4937735E-01
-5.024225E-08,-1.4943006E-01
-5.019225E-08,-1.4943006E-01
-5.014225E-08,-1.4948277E-01
-5.009225E-08,-1.4948277E-01
-5.004225E-08,-1.4948277E-01
-4.999225E-08,-1.4948277E-01
-4.994225E-08,-1.4948277E-01
-4.989225E-08,-1.4943006E-01
-4.984225E-08,-1.4943006E-01
-4.979225E-08,-1.4937735E-01
-4.974225E-08,-1.4937735E-01
-4.969225E-08,-1.4932464E-01
-4.964225E-08,-1.4932464E-01
-4.959225E-08,-1.4927194E-01
-4.954225E-08,-1.4927194E-01
-4.949225E-08,-1.4921923E-01
-4.944225E-08,-1.4916652E-01
-4.939225E-08,-1.4916652E-01
-4.934225E-08,-1.4911381E-01
-4.929225E-08,-1.4906110E-01
-4.924225E-08,-1.4906110E-01
-4.919225E-08,-1.4906110E-01
-4.914225E-08,-1.4900839E-01
-4.909225E-08,-1.4900839E-01
-4.904225E-08,-1.4900839E-01
-4.899225E-08,-1.4900839E-01
-4.894225E-08,-1.4895568E-01
-4.889225E-08,-1.4895568E-01
-4.884225E-08,-1.4900839E-01
-4.879225E-08,-1.4900839E-01
-4.874225E-08,-1.4900839E-01
-4.869225E-08,-1.4900839E-01
-4.864225E-08,-1.4900839E-01
-4.859225E-08,-1.4906110E-01
-4.854225E-08,-1.4906110E-01
-4.849225E-08,-1.4906110E-01
-4.844225E-08,-1.4906110E-01
-4.839225E-08,-1.4911381E-01
-4.834225E-08,-1.4911381E-01
-4.829225E-08,-1.4911381E-01
-4.824225E-08,-1.4911381E-01
-4.819225E-08,-1.4911381E-01
-4.814225E-08,-1.4911381E-01
-4.809225E-08,-1.4911381E-01
-4.804225E-08,-1.4911381E-01
-4.799225E-08,-1.4911381E-01
-4.794225E-08,-1.4911381E-01
-4.789225E-08,-1.4911381E-01
-4.784225E-08,-1.4906110E-01
-4.779225E-08,-1.4906110E-01
-4.774225E-08,-1.4906110E-01
-4.769225E-08,-1.4900839E-01
-4.764225E-08,-1.4900839E-01
-4.759225E-08,-1.4895568E-01
-4.754225E-08,-1.4895568E-01
-4.749225E-08,-1.4890297E-01
-4.744225E-08,-1.4890297E-01
-4.739225E-08,-1.4890297E-01
-4.734225E-08,-1.4885026E-01
-4.729225E-08,-1.4885026E-01
-4.724225E-08,-1.4879755E-01
-4.719225E-08,-1.4879755E-01
-4.714225E-08,-1.4879755E-01
-4.709225E-08,-1.4879755E-01
-4.704225E-08,-1.4879755E-01
-4.699225E-08,-1.4879755E-01
-4.694225E-08,-1.4874485E-01
-4.689225E-08,-1.4879755E-01
-4.684225E-08,-1.4879755E-01
-4.679225E-08,-1.4879755E-01
-4.674225E-08,-1.4879755E-01
-4.669225E-08,-1.4879755E-01
-4.664225E-08,-1.4879755E-01
-4.659225E-08,-1.4885026E-01
-4.654225E-08,-1.4885026E-01
-4.649225E-08,-1.4885026E-01
-4.644225E-08,-1.4890297E-01
-4.639225E-08,-1.4890297E-01
-4.634225E-08,-1.4895568E-01
-4.629225E-08,-1.4895568E-01
-4.624225E-08,-1.4900839E-01
-4.619225E-08,-1.4900839E-01
-4.614225E-08,-1.4900839E-01
-4.609225E-08,-1.4906110E-01
-4.604225E-08,-1.4906110E-01
-4.599225E-08,-1.4911381E-01
-4.594225E-08,-1.4911381E-01
-4.589225E-08,-1.4911381E-01
-4.584225E-08,-1.4916652E-01
-4.579225E-08,-1.4916652E-01
-4.574225E-08,-1.4916652E-01
-4.569225E-08,-1.4921923E-01
-4.564225E-08,-1.4921923E-01
-4.559225E-08,-1.4921923E-01
-4.554225E-08,-1.4921923E-01
-4.549225E-08,-1.4927194E-01
-4.544225E-08,-1.4927194E-01
-4.539225E-08,-1.4927194E-01
-4.534225E-08,-1.4927194E-01
-4.529225E-08,-1.4932464E-01
-4.524225E-08,-1.4932464E-01
-4.519225E-08,-1.4932464E-01
-4.514225E-08,-1.4932464E-01
-4.509225E-08,-1.4937735E-01
-4.504225E-08,-1.4937735E-01
-4.499225E-08,-1.4937735E-01
-4.494225E-08,-1.4937735E-01
-4.489225E-08,-1.4937735E-01
-4.484225E-08,-1.4943006E-01
-4.479225E-08,-1.4943006E-01
-4.474225E-08,-1.4943006E-01
-4.469225E-08,-1.4943006E-01
-4.464225E-08,-1.4943006E-01
-4.459225E-08,-1.4943006E-01
-4.454225E-08,-1.4943006E-01
-4.449225E-08,-1.4937735E-01
-4.444225E-08,-1.4937735E-01
-4.439225E-08,-1.4937735E-01
-4.434225E-08,-1.4937735E-01
-4.429225E-08,-1.4932464E-01
-4.424225E-08,-1.4932464E-01
-4.419225E-08,-1.4927194E-01
-4.414225E-08,-1.4927194E-01
-4.409225E-08,-1.4927194E-01
-4.404225E-08,-1.4921923E-01
-4.399225E-08,-1.4921923E-01
-4.394225E-08,-1.4916652E-01
-4.389225E-08,-1.4916652E-01
-4.384225E-08,-1.4911381E-01
-4.379225E-08,-1.4911381E-01
-4.374225E-08,-1.4911381E-01
-4.369225E-08,-1.4911381E-01
-4.364225E-08,-1.4906110E-01
-4.359225E-08,-1.4906110E-01
-4.354225E-08,-1.4906110E-01
-4.349225E-08,-1.4911381E-01
-4.344225E-08,-1.4911381E-01
-4.339225E-08,-1.4911381E-01
-4.334225E-08,-1.4916652E-01
-4.329225E-08,-1.4916652E-01
-4.324225E-08,-1.4921923E-01
-4.319225E-08,-1.4921923E-01
-4.314225E-08,-1.4927194E-01
-4.309225E-08,-1.4932464E-01
-4.304225E-08,-1.4937735E-01
-4.299225E-08,-1.4943006E-01
-4.294225E-08,-1.4948277E-01
-4.289225E-08,-1.4953548E-01
-4.284225E-08,-1.4958819E-01
-4.279225E-08,-1.4964090E-01
-4.274225E-08,-1.4969361E-01
-4.269225E-08,-1.4974632E-01
-4.264225E-08,-1.4979903E-01
-4.259225E-08,-1.4985173E-01
-4.254225E-08,-1.4990444E-01
-4.249225E-08,-1.4995715E-01
-4.244225E-08,-1.5000986E-01
-4.239225E-08,-1.5000986E-01
-4.234225E-08,-1.5006257E-01
-4.229225E-08,-1.5006257E-01
-4.224225E-08,-1.5006257E-01
-4.219225E-08,-1.5006257E-01
-4.214225E-08,-1.5006257E-01
-4.209225E-08,-1.5006257E-01
-4.204225E-08,-1.5006257E-01
-4.199225E-08,-1.5000986E-01
-4.194225E-08,-1.5000986E-01
-4.189225E-08,-1.4995715E-01
-4.184225E-08,-1.4995715E-01
-4.179225E-08,-1.4990444E-01
-4.174225E-08,-1.4985173E-01
-4.169225E-08,-1.4985173E-01
-4.164225E-08,-1.4979903E-01
-4.159225E-08,-1.4974632E-01
-4.154225E-08,-1.4969361E-01
-4.149225E-08,-1.4964090E-01
-4.144225E-08,-1.4964090E-01
-4.139225E-08,-1.4958819E-01
-4.134225E-08,-1.4953548E-01
-4.129225E-08,-1.4948277E-01
-4.124225E-08,-1.4948277E-01
-4.119225E-08,-1.4943006E-01
-4.114225E-08,-1.4943006E-01
-4.109225E-08,-1.4937735E-01
-4.104225E-08,-1.4937735E-01
-4.099225E-08,-1.4932464E-01
-4.094225E-08,-1.4932464E-01
-4.089225E-08,-1.4932464E-01
-4.084225E-08,-1.4927194E-01
-4.079225E-08,-1.4927194E-01
-4.074225E-08,-1.4927194E-01
-4.069225E-08,-1.4927194E-01
-4.064225E-08,-1.4927194E-01
-4.059225E-08,-1.4927194E-01
-4.054225E-08,-1.4927194E-01
-4.049225E-08,-1.4927194E-01
-4.044225E-08,-1.4921923E-01
-4.039225E-08,-1.4921923E-01
-4.034225E-08,-1.4921923E-01
-4.029225E-08,-1.4921923E-01
-4.024225E-08,-1.4916652E-01
-4.019225E-08,-1.4916652E-01
-4.014225E-08,-1.4916652E-01
-4.009225E-08,-1.4911381E-01
-4.004225E-08,-1.4911381E-01
-3.999225E-08,-1.4911381E-01
-3.994225E-08,-1.4906110E-01
-3.989225E-08,-1.4906110E-01
-3.984225E-08,-1.4900839E-01
-3.979225E-08,-1.4900839E-01
-3.974225E-08,-1.4895568E-01
-3.969225E-08,-1.4895568E-01
-3.964225E-08,-1.4890297E-01
-3.959225E-08,-1.4890297E-01
-3.954225E-08,-1.4885026E-01
-3.949225E-08,-1.4885026E-01
-3.944225E-08,-1.4885026E-01
-3.939225E-08,-1.4885026E-01
-3.934225E-08,-1.4885026E-01
-3.929225E-08,-1.4885026E-01
-3.924225E-08,-1.4885026E-01
-3.919225E-08,-1.4885026E-01
-3.914225E-08,-1.4890297E-01
-3.909225E-08,-1.4890297E-01
-3.904225E-08,-1.4895568E-01
-3.899225E-08,-1.4895568E-01
-3.894225E-08,-1.4900839E-01
-3.889225E-08,-1.4906110E-01
-3.884225E-08,-1.4911381E-01
-3.879225E-08,-1.4916652E-01
-3.874225E-08,-1.4921923E-01
-3.869225E-08,-1.4927194E-01
-3.864225E-08,-1.4932464E-01
-3.859225E-08,-1.4937735E-01
-3.854225E-08,-1.4943006E-01
-3.849225E-08,-1.4948277E-01
-3.844225E-08,-1.4953548E-01
-3.839225E-08,-1.4964090E-01
-3.834225E-08,-1.4969361E-01
-3.829225E-08,-1.4974632E-01
-3.824225E-08,-1.4979903E-01
-3.819225E-08,-1.4985173E-01
-3.814225E-08,-1.4990444E-01
-3.809225E-08,-1.4995715E-01
-3.804225E-08,-1.4995715E-01
-3.799225E-08,-1.5000986E-01
-3.794225E-08,-1.5006257E-01
-3.789225E-08,-1.5006257E-01
-3.784225E-08,-1.5011528E-01
-3.779225E-08,-1.5011528E-01
-3.774225E-08,-1.5016799E-01
-3.769225E-08,-1.5016799E-01
-3.764225E-08,-1.5016799E-01
-3.759225E-08,-1.5022070E-01
-3.754225E-08,-1.5022070E-01
-3.749225E-08,-1.5022070E-01
-3.744225E-08,-1.5022070E-01
-3.739225E-08,-1.5022070E-01
-3.734225E-08,-1.5016799E-01
-3.729225E-08,-1.5016799E-01
-3.724225E-08,-1.5016799E-01
-3.719225E-08,-1.5016799E-01
-3.714225E-08,-1.5016799E-01
-3.709225E-08,-1.5011528E-01
-3.704225E-08,-1.5011528E-01
-3.699225E-08,-1.5011528E-01
-3.694225E-08,-1.5006257E-01
-3.689225E-08,-1.5006257E-01
-3.684225E-08,-1.5006257E-01
-3.679225E-08,-1.5000986E-01
-3.674225E-08,-1.5000986E-01
-3.669225E-08,-1.5000986E-01
-3.664225E-08,-1.4995715E-01
-3.659225E-08,-1.4995715E-01
-3.654225E-08,-1.4990444E-01
-3.649225E-08,-1.4990444E-01
-3.644225E-08,-1.4990444E-01
-3.639225E-08,-1.4985173E-01
-3.634225E-08,-1.4985173E-01
-3.629225E-08,-1.4979903E-01
-3.624225E-08,-1.4979903E-01
-3.619225E-08,-1.4979903E-01
-3.614225E-08,-1.4974632E-01
-3.609225E-08,-1.4974632E-01
-3.604225E-08,-1.4974632E-01
-3.599225E-08,-1.4969361E-01
-3.594225E-08,-1.4969361E-01
-3.589225E-08,-1.4964090E-01
-3.584225E-08,-1.4964090E-01
-3.579225E-08,-1.4964090E-01
-3.574225E-08,-1.4958819E-01
-3.569225E-08,-1.4958819E-01
-3.564225E-08,-1.4958819E-01
-3.559225E-08,-1.4953548E-01
-3.554225E-08,-1.4953548E-01
-3.549225E-08,-1.4953548E-01
-3.544225E-08,-1.4948277E-01
-3.539225E-08,-1.4948277E-01
-3.534225E-08,-1.4948277E-01
-3.529225E-08,-1.4943006E-01
-3.524225E-08,-1.4943006E-01
-3.519225E-08,-1.4943006E-01
-3.514225E-08,-1.4937735E-01
-3.509225E-08,-1.4937735E-01
-3.504225E-08,-1.4937735E-01
-3.499225E-08,-1.4932464E-01
-3.494225E-08,-1.4932464E-01
-3.489225E-08,-1.4932464E-01
-3.484225E-08,-1.4927194E-01
-3.479225E-08,-1.4927194E-01
-3.474225E-08,-1.4927194E-01
-3.469225E-08,-1.4921923E-01
-3.464225E-08,-1.4921923E-01
-3.459225E-08,-1.4916652E-01
-3.454225E-08,-1.4916652E-01
-3.449225E-08,-1.4916652E-01
-3.444225E-08,-1.4911381E-01
-3.439225E-08,-1.4911381E-01
-3.434225E-08,-1.4906110E-01
-3.429225E-08,-1.4906110E-01
-3.424225E-08,-1.4900839E-01
-3.419225E-08,-1.4900839E-01
-3.414225E-08,-1.4895568E-01
-3.409225E-08,-1.4895568E-01
-3.404225E-08,-1.4895568E-01
-3.399225E-08,-1.4890297E-01
-3.394225E-08,-1.4890297E-01
-3.389225E-08,-1.4885026E-01
-3.384225E-08,-1.4885026E-01
-3.379225E-08,-1.4885026E-01
-3.374225E-08,-1.4885026E-01
-3.369225E-08,-1.4879755E-01
-3.364225E-08,-1.4879755E-01
-3.359225E-08,-1.4879755E-01
-3.354225E-08,-1.4879755E-01
-3.349225E-08,-1.4879755E-01
-3.344225E-08,-1.4879755E-01
-3.339225E-08,-1.4879755E-01
-3.334225E-08,-1.4879755E-01
-3.329225E-08,-1.4879755E-01
-3.324225E-08,-1.4879755E-01
-3.319225E-08,-1.4879755E-01
-3.314225E-08,-1.4879755E-01
-3.309225E-08,-1.4879755E-01
-3.304225E-08,-1.4879755E-01
-3.299225E-08,-1.4879755E-01
-3.294225E-08,-1.4885026E-01
-3.289225E-08,-1.4885026E-01
-3.284225E-08,-1.4885026E-01
-3.279225E-08,-1.4885026E-01
-3.274225E-08,-1.4885026E-01
-3.269225E-08,-1.4885026E-01
-3.264225E-08,-1.4885026E-01
-3.259225E-08,-1.4885026E-01
-3.254225E-08,-1.4885026E-01
-3.249225E-08,-1.4885026E-01
-3.244225E-08,-1.4885026E-01
-3.239225E-08,-1.4885026E-01
-3.234225E-08,-1.4885026E-01
-3.229225E-08,-1.4885026E-01
-3.224225E-08,-1.4885026E-01
-3.219225E-08,-1.4885026E-01
-3.214225E-08,-1.4885026E-01
-3.209225E-08,-1.4885026E-01
-3.204225E-08,-1.4885026E-01
-3.199225E-08,-1.4885026E-01
-3.194225E-08,-1.4885026E-01
-3.189225E-08,-1.4885026E-01
-3.184225E-08,-1.4885026E-01
-3.179225E-08,-1.4890297E-01
-3.174225E-08,-1.4890297E-01
-3.169225E-08,-1.4890297E-01
-3.164225E-08,-1.4890297E-01
-3.159225E-08,-1.4890297E-01
-3.154225E-08,-1.4895568E-01
-3.149225E-08,-1.4895568E-01
-3.144225E-08,-1.4895568E-01
-3.139225E-08,-1.4900839E-01
-3.134225E-08,-1.4900839E-01
-3.129225E-08,-1.4906110E-01
-3.124225E-08,-1.4906110E-01
-3.119225E-08,-1.4911381E-01
-3.114225E-08,-1.4911381E-01
-3.109225E-08,-1.4916652E-01
-3.104225E-08,-1.4916652E-01
-3.099225E-08,-1.4921923E-01
-3.094225E-08,-1.4927194E-01
-3.089225E-08,-1.4927194E-01
-3.084225E-08,-1.4932464E-01
-3.079225E-08,-1.4932464E-01
-3.074225E-08,-1.4937735E-01
-3.069225E-08,-1.4937735E-01
-3.064225E-08,-1.4937735E-01
-3.059225E-08,-1.4943006E-01
-3.054225E-08,-1.4943006E-01
-3.049225E-08,-1.4943006E-01
-3.044225E-08,-1.4943006E-01
-3.039225E-08,-1.4948277E-01
-3.034225E-08,-1.4948277E-01
-3.029225E-08,-1.4948277E-01
-3.024225E-08,-1.4948277E-01
-3.019225E-08,-1.4948277E-01
-3.014225E-08,-1.4943006E-01
-3.009225E-08,-1.4943006E-01
-3.004225E-08,-1.4943006E-01
-2.999225E-08,-1.4937735E-01
-2.994225E-08,-1.4937735E-01
-2.989225E-08,-1.4937735E-01
-2.984225E-08,-1.4932464E-01
-2.979225E-08,-1.4932464E-01
-2.974225E-08,-1.4927194E-01
-2.969225E-08,-1.4927194E-01
-2.964225E-08,-1.4921923E-01
-2.959225E-08,-1.4916652E-01
-2.954225E-08,-1.4916652E-01
-2.949225E-08,-1.4911381E-01
-2.944225E-08,-1.4911381E-01
-2.939225E-08,-1.4906110E-01
-2.934225E-08,-1.4906110E-01
-2.929225E-08,-1.4900839E-01
-2.924225E-08,-1.4900839E-01
-2.919225E-08,-1.4895568E-01
-2.914225E-08,-1.4895568E-01
-2.909225E-08,-1.4890297E-01
-2.904225E-08,-1.4890297E-01
-2.899225E-08,-1.4890297E-01
-2.894225E-08,-1.4885026E-01
-2.889225E-08,-1.4885026E-01
-2.884225E-08,-1.4885026E-01
-2.879225E-08,-1.4885026E-01
-2.874225E-08,-1.4885026E-01
-2.869225E-08,-1.4885026E-01
-2.864225E-08,-1.4885026E-01
-2.859225E-08,-1.4885026E-01
-2.854225E-08,-1.4885026E-01
-2.849225E-08,-1.4885026E-01
-2.844225E-08,-1.4885026E-01
-2.839225E-08,-1.4885026E-01
-2.834225E-08,-1.4890297E-01
-2.829225E-08,-1.4890297E-01
-2.824225E-08,-1.4890297E-01
-2.819225E-08,-1.4890297E-01
-2.814225E-08,-1.4890297E-01
-2.809225E-08,-1.4890297E-01
-2.804225E-08,-1.4895568E-01
-2.799225E-08,-1.4895568E-01
-2.794225E-08,-1.4895568E-01
-2.789225E-08,-1.4895568E-01
-2.784225E-08,-1.4895568E-01
-2.779225E-08,-1.4895568E-01
-2.774225E-08,-1.4895568E-01
-2.769225E-08,-1.4895568E-01
-2.764225E-08,-1.4890297E-01
-2.759225E-08,-1.4890297E-01
-2.754225E-08,-1.4890297E-01
-2.749225E-08,-1.4890297E-01
-2.744225E-08,-1.4890297E-01
-2.739225E-08,-1.4885026E-01
-2.734225E-08,-1.4885026E-01
-2.729225E-08,-1.4885026E-01
-2.724225E-08,-1.4879755E-01
-2.719225E-08,-1.4879755E-01
-2.714225E-08,-1.4879755E-01
-2.709225E-08,-1.4874485E-01
-2.704225E-08,-1.4874485E-01
-2.699225E-08,-1.4874485E-01
-2.694225E-08,-1.4874485E-01
-2.689225E-08,-1.4869214E-01
-2.684225E-08,-1.4869214E-01
-2.679225E-08,-1.4869214E-01
-2.674225E-08,-1.4869214E-01
-2.669225E-08,-1.4869214E-01
-2.664225E-08,-1.4869214E-01
-2.659225E-08,-1.4874485E-01
-2.654225E-08,-1.4874485E-01
-2.649225E-08,-1.4879755E-01
-2.644225E-08,-1.4879755E-01
-2.639225E-08,-1.4885026E-01
-2.634225E-08,-1.4885026E-01
-2.629225E-08,-1.4890297E-01
-2.624225E-08,-1.4895568E-01
-2.619225E-08,-1.4900839E-01
-2.614225E-08,-1.4906110E-01
-2.609225E-08,-1.4911381E-01
-2.604225E-08,-1.4916652E-01
-2.599225E-08,-1.4921923E-01
-2.594225E-08,-1.4927194E-01
-2.589225E-08,-1.4937735E-01
-2.584225E-08,-1.4943006E-01
-2.579225E-08,-1.4948277E-01
-2.574225E-08,-1.4953548E-01
-2.569225E-08,-1.4958819E-01
-2.564225E-08,-1.4964090E-01
-2.559225E-08,-1.4969361E-01
-2.554225E-08,-1.4974632E-01
-2.549225E-08,-1.4979903E-01
-2.544225E-08,-1.4985173E-01
-2.539225E-08,-1.4985173E-01
-2.534225E-08,-1.4990444E-01
-2.529225E-08,-1.4990444E-01
-2.524225E-08,-1.4995715E-01
-2.519225E-08,-1.4995715E-01
-2.514225E-08,-1.4995715E-01
-2.509225E-08,-1.4995715E-01
-2.504225E-08,-1.4995715E-01
-2.499225E-08,-1.4995715E-01
-2.494225E-08,-1.4995715E-01
-2.489225E-08,-1.4995715E-01
-2.484225E-08,-1.4995715E-01
-2.479225E-08,-1.4995715E-01
-2.474225E-08,-1.4995715E-01
-2.469225E-08,-1.4995715E-01
-2.464225E-08,-1.4990444E-01
-2.459225E-08,-1.4990444E-01
-2.454225E-08,-1.4990444E-01
-2.449225E-08,-1.4990444E-01
-2.444225E-08,-1.4990444E-01
-2.439225E-08,-1.4985173E-01
-2.434225E-08,-1.4985173E-01
-2.429225E-08,-1.4985173E-01
-2.424225E-08,-1.4985173E-01
-2.419225E-08,-1.4990444E-01
-2.414225E-08,-1.4990444E-01
-2.409225E-08,-1.4990444E-01
-2.404225E-08,-1.4990444E-01
-2.399225E-08,-1.4990444E-01
-2.394225E-08,-1.4995715E-01
-2.389225E-08,-1.4995715E-01
-2.384225E-08,-1.4995715E-01
-2.379225E-08,-1.5000986E-01
-2.374225E-08,-1.5000986E-01
-2.369225E-08,-1.5000986E-01
-2.364225E-08,-1.5006257E-01
-2.359225E-08,-1.5006257E-01
-2.354225E-08,-1.5006257E-01
-2.349225E-08,-1.5006257E-01
-2.344225E-08,-1.5006257E-01
-2.339225E-08,-1.5006257E-01
-2.334225E-08,-1.5006257E-01
-2.329225E-08,-1.5006257E-01
-2.324225E-08,-1.5006257E-01
-2.319225E-08,-1.5000986E-01
-2.314225E-08,-1.5000986E-01
-2.309225E-08,-1.4995715E-01
-2.304225E-08,-1.4995715E-01
-2.299225E-08,-1.4990444E-01
-2.294225E-08,-1.4985173E-01
-2.289225E-08,-1.4979903E-01
-2.284225E-08,-1.4974632E-01
-2.279225E-08,-1.4969361E-01
-2.274225E-08,-1.4964090E-01
-2.269225E-08,-1.4958819E-01
-2.264225E-08,-1.4953548E-01
-2.259225E-08,-1.4953548E-01
-2.254225E-08,-1.4948277E-01
-2.249225E-08,-1.4943006E-01
-2.244225E-08,-1.4937735E-01
-2.239225E-08,-1.4932464E-01
-2.234225E-08,-1.4932464E-01
-2.229225E-08,-1.4927194E-01
-2.224225E-08,-1.4927194E-01
-2.219225E-08,-1.4921923E-01
-2.214225E-08,-1.4921923E-01
-2.209225E-08,-1.4921923E-01
-2.204225E-08,-1.4921923E-01
-2.199225E-08,-1.4921923E-01
-2.194225E-08,-1.4927194E-01
-2.189225E-08,-1.4927194E-01
-2.184225E-08,-1.4932464E-01
-2.179225E-08,-1.4932464E-01
-2.174225E-08,-1.4937735E-01
-2.169225E-08,-1.4943006E-01
-2.164225E-08,-1.4948277E-01
-2.159225E-08,-1.4953548E-01
-2.154225E-08,-1.4958819E-01
-2.149225E-08,-1.4964090E-01
-2.144225E-08,-1.4969361E-01
-2.139225E-08,-1.4974632E-01
-2.134225E-08,-1.4979903E-01
-2.129225E-08,-1.4985173E-01
-2.124225E-08,-1.4990444E-01
-2.119225E-08,-1.4990444E-01
-2.114225E-08,-1.4995715E-01
-2.109225E-08,-1.5000986E-01
-2.104225E-08,-1.5006257E-01
-2.099225E-08,-1.5006257E-01
-2.094225E-08,-1.5011528E-01
-2.089225E-08,-1.5011528E-01
-2.084225E-08,-1.5016799E-01
-2.079225E-08,-1.5016799E-01
-2.074225E-08,-1.5016799E-01
-2.069225E-08,-1.5022070E-01
-2.064225E-08,-1.5022070E-01
-2.059225E-08,-1.5022070E-01
-2.054225E-08,-1.5022070E-01
-2.049225E-08,-1.5022070E-01
-2.044225E-08,-1.5016799E-01
-2.039225E-08,-1.5016799E-01
-2.034225E-08,-1.5016799E-01
-2.029225E-08,-1.5016799E-01
-2.024225E-08,-1.5016799E-01
-2.019225E-08,-1.5011528E-01
-2.014225E-08,-1.5011528E-01
-2.009225E-08,-1.5011528E-01
-2.004225E-08,-1.5006257E-01
-1.999225E-08,-1.5006257E-01
-1.994225E-08,-1.5006257E-01
-1.989225E-08,-1.5000986E-01
-1.984225E-08,-1.5000986E-01
-1.979225E-08,-1.5000986E-01
-1.974225E-08,-1.4995715E-01
-1.969225E-08,-1.4995715E-01
-1.964225E-08,-1.4990444E-01
-1.959225E-08,-1.4990444E-01
-1.954225E-08,-1.4990444E-01
-1.949225E-08,-1.4985173E-01
-1.944225E-08,-1.4985173E-01
-1.939225E-08,-1.4979903E-01
-1.934225E-08,-1.4979903E-01
-1.929225E-08,-1.4974632E-01
-1.924225E-08,-1.4969361E-01
-1.919225E-08,-1.4969361E-01
-1.914225E-08,-1.4964090E-01
-1.909225E-08,-1.4958819E-01
-1.904225E-08,-1.4958819E-01
-1.899225E-08,-1.4953548E-01
-1.894225E-08,-1.4948277E-01
-1.889225E-08,-1.4943006E-01
-1.884225E-08,-1.4937735E-01
-1.879225E-08,-1.4932464E-01
-1.874225E-08,-1.4927194E-01
-1.869225E-08,-1.4921923E-01
-1.864225E-08,-1.4921923E-01
-1.859225E-08,-1.4916652E-01
-1.854225E-08,-1.4911381E-01
-1.849225E-08,-1.4906110E-01
-1.844225E-08,-1.4906110E-01
-1.839225E-08,-1.4900839E-01
-1.834225E-08,-1.4895568E-01
-1.829225E-08,-1.4895568E-01
-1.824225E-08,-1.4895568E-01
-1.819225E-08,-1.4890297E-01
-1.814225E-08,-1.4890297E-01
-1.809225E-08,-1.4890297E-01
-1.804225E-08,-1.4890297E-01
-1.799225E-08,-1.4890297E-01
-1.794225E-08,-1.4895568E-01
-1.789225E-08,-1.4895568E-01
-1.784225E-08,-1.4895568E-01
-1.779225E-08,-1.4900839E-01
-1.774225E-08,-1.4906110E-01
-1.769225E-08,-1.4906110E-01
-1.764225E-08,-1.4911381E-01
-1.759225E-08,-1.4916652E-01
-1.754225E-08,-1.4921923E-01
-1.749225E-08,-1.4927194E-01
-1.744225E-08,-1.4932464E-01
-1.739225E-08,-1.4937735E-01
-1.734225E-08,-1.4943006E-01
-1.729225E-08,-1.4948277E-01
-1.724225E-08,-1.4953548E-01
-1.719225E-08,-1.4958819E-01
-1.714225E-08,-1.4958819E-01
-1.709225E-08,-1.4964090E-01
-1.704225E-08,-1.4969361E-01
-1.699225E-08,-1.4974632E-01
-1.694225E-08,-1.4974632E-01
-1.689225E-08,-1.4979903E-01
-1.684225E-08,-1.4979903E-01
-1.679225E-08,-1.4979903E-01
-1.674225E-08,-1.4985173E-01
-1.669225E-08,-1.4985173E-01
-1.664225E-08,-1.4985173E-01
-1.659225E-08,-1.4985173E-01
-1.654225E-08,-1.4985173E-01
-1.649225E-08,-1.4985173E-01
-1.644225E-08,-1.4979903E-01
-1.639225E-08,-1.4979903E-01
-1.634225E-08,-1.4979903E-01
-1.629225E-08,-1.4974632E-01
-1.624225E-08,-1.4974632E-01
-1.619225E-08,-1.4974632E-01
-1.614225E-08,-1.4969361E-01
-1.609225E-08,-1.4969361E-01
-1.604225E-08,-1.4964090E-01
-1.599225E-08,-1.4964090E-01
-1.594225E-08,-1.4964090E-01
-1.589225E-08,-1.4958819E-01
-1.584225E-08,-1.4958819E-01
-1.579225E-08,-1.4958819E-01
-1.574225E-08,-1.4953548E-01
-1.569225E-08,-1.4953548E-01
-1.564225E-08,-1.4953548E-01
-1.559225E-08,-1.4953548E-01
-1.554225E-08,-1.4953548E-01
-1.549225E-08,-1.4953548E-01
-1.544225E-08,-1.4953548E-01
-1.539225E-08,-1.4958819E-01
-1.534225E-08,-1.4958819E-01
-1.529225E-08,-1.4958819E-01
-1.524225E-08,-1.4964090E-01
-1.519225E-08,-1.4964090E-01
-1.514225E-08,-1.4964090E-01
-1.509225E-08,-1.4969361E-01
-1.504225E-08,-1.4969361E-01
-1.499225E-08,-1.4974632E-01
-1.494225E-08,-1.4974632E-01
-1.489225E-08,-1.4979903E-01
-1.484225E-08,-1.4979903E-01
-1.479225E-08,-1.4985173E-01
-1.474225E-08,-1.4985173E-01
-1.469225E-08,-1.4985173E-01
-1.464225E-08,-1.4990444E-01
-1.459225E-08,-1.4990444E-01
-1.454225E-08,-1.4990444E-01
-1.449225E-08,-1.4990444E-01
-1.444225E-08,-1.4990444E-01
-1.439225E-08,-1.4990444E-01
-1.434225E-08,-1.4990444E-01
-1.429225E-08,-1.4990444E-01
-1.424225E-08,-1.4990444E-01
-1.419225E-08,-1.4990444E-01
-1.414225E-08,-1.4990444E-01
-1.409225E-08,-1.4985173E-01
-1.404225E-08,-1.4985173E-01
-1.399225E-08,-1.4979903E-01
-1.394225E-08,-1.4979903E-01
-1.389225E-08,-1.4974632E-01
-1.384225E-08,-1.4974632E-01
-1.379225E-08,-1.4969361E-01
-1.374225E-08,-1.4969361E-01
-1.369225E-08,-1.4964090E-01
-1.364225E-08,-1.4958819E-01
-1.359225E-08,-1.4958819E-01
-1.354225E-08,-1.4953548E-01
-1.349225E-08,-1.4953548E-01
-1.344225E-08,-1.4948277E-01
-1.339225E-08,-1.4948277E-01
-1.334225E-08,-1.4943006E-01
-1.329225E-08,-1.4943006E-01
-1.324225E-08,-1.4943006E-01
-1.319225E-08,-1.4937735E-01
-1.314225E-08,-1.4937735E-01
-1.309225E-08,-1.4937735E-01
-1.304225E-08,-1.4937735E-01
-1.299225E-08,-1.4937735E-01
-1.294225E-08,-1.4937735E-01
-1.289225E-08,-1.4943006E-01
-1.284225E-08,-1.4943006E-01
-1.279225E-08,-1.4948277E-01
-1.274225E-08,-1.4948277E-01
-1.269225E-08,-1.4953548E-01
-1.264225E-08,-1.4953548E-01
-1.259225E-08,-1.4958819E-01
-1.254225E-08,-1.4964090E-01
-1.249225E-08,-1.4969361E-01
-1.244225E-08,-1.4974632E-01
-1.239225E-08,-1.4974632E-01
-1.234225E-08,-1.4979903E-01
-1.229225E-08,-1.4985173E-01
-1.224225E-08,-1.4990444E-01
-1.219225E-08,-1.4995715E-01
-1.214225E-08,-1.5000986E-01
-1.209225E-08,-1.5000986E-01
-1.204225E-08,-1.5006257E-01
-1.199225E-08,-1.5011528E-01
-1.194225E-08,-1.5011528E-01
-1.189225E-08,-1.5016799E-01
-1.184225E-08,-1.5016799E-01
-1.179225E-08,-1.5016799E-01
-1.174225E-08,-1.5016799E-01
-1.169225E-08,-1.5016799E-01
-1.164225E-08,-1.5016799E-01
-1.159225E-08,-1.5016799E-01
-1.154225E-08,-1.5011528E-01
-1.149225E-08,-1.5011528E-01
-1.144225E-08,-1.5006257E-01
-1.139225E-08,-1.5006257E-01
-1.134225E-08,-1.5000986E-01
-1.129225E-08,-1.4995715E-01
-1.124225E-08,-1.4990444E-01
-1.119225E-08,-1.4985173E-01
-1.114225E-08,-1.4979903E-01
-1.109225E-08,-1.4974632E-01
-1.104225E-08,-1.4969361E-01
-1.099225E-08,-1.4964090E-01
-1.094225E-08,-1.4958819E-01
-1.089225E-08,-1.4953548E-01
-1.084225E-08,-1.4948277E-01
-1.079225E-08,-1.4943006E-01
-1.074225E-08,-1.4937735E-01
-1.069225E-08,-1.4937735E-01
-1.064225E-08,-1.4932464E-01
-1.059225E-08,-1.4927194E-01
-1.054225E-08,-1.4927194E-01
-1.049225E-08,-1.4927194E-01
-1.044225E-08,-1.4921923E-01
-1.039225E-08,-1.4921923E-01
-1.034225E-08,-1.4921923E-01
-1.029225E-08,-1.4921923E-01
-1.024225E-08,-1.4921923E-01
-1.019225E-08,-1.4921923E-01
-1.014225E-08,-1.4927194E-01
-1.009225E-08,-1.4927194E-01
-1.004225E-08,-1.4927194E-01
-9.99225E-09,-1.4932464E-01
-9.94225E-09,-1.4932464E-01
-9.89225E-09,-1.4937735E-01
-9.84225E-09,-1.4937735E-01
-9.79225E-09,-1.4943006E-01
-9.74225E-09,-1.4943006E-01
-9.69225E-09,-1.4948277E-01
-9.64225E-09,-1.4948277E-01
-9.59225E-09,-1.4948277E-01
-9.54225E-09,-1.4953548E-01
-9.49225E-09,-1.4953548E-01
-9.44225E-09,-1.4953548E-01
-9.39225E-09,-1.4953548E-01
-9.34225E-09,-1.4958819E-01
-9.29225E-09,-1.4958819E-01
-9.24225E-09,-1.4958819E-01
-9.19225E-09,-1.4953548E-01
-9.14225E-09,-1.4953548E-01
-9.09225E-09,-1.4953548E-01
-9.04225E-09,-1.4953548E-01
-8.99225E-09,-1.4953548E-01
-8.94225E-09,-1.4948277E-01
-8.89225E-09,-1.4948277E-01
-8.84225E-09,-1.4943006E-01
-8.79225E-09,-1.4943006E-01
-8.74225E-09,-1.4943006E-01
-8.69225E-09,-1.4937735E-01
-8.64225E-09,-1.4937735E-01
-8.59225E-09,-1.4932464E-01
-8.54225E-09,-1.4932464E-01
-8.49225E-09,-1.4932464E-01
-8.44225E-09,-1.4927194E-01
-8.39225E-09,-1.4927194E-01
-8.34225E-09,-1.4927194E-01
-8.29225E-09,-1.4921923E-01
-8.24225E-09,-1.4921923E-01
-8.19225E-09,-1.4921923E-01
-8.14225E-09,-1.4921923E-01
-8.09225E-09,-1.4921923E-01
-8.04225E-09,-1.4921923E-01
-7.99225E-09,-1.4921923E-01
-7.94225E-09,-1.4921923E-01
-7.89225E-09,-1.4921923E-01
-7.84225E-09,-1.4921923E-01
-7.79225E-09,-1.4921923E-01
-7.74225E-09,-1.4921923E-01
-7.69225E-09,-1.4921923E-01
-7.64225E-09,-1.4927194E-01
-7.59225E-09,-1.4927194E-01
-7.54225E-09,-1.4927194E-01
-7.49225E-09,-1.4927194E-01
-7.44225E-09,-1.4927194E-01
-7.39225E-09,-1.4927194E-01
-7.34225E-09,-1.4932464E-01
-7.29225E-09,-1.4932464E-01
-7.24225E-09,-1.4932464E-01
-7.19225E-09,-1.4932464E-01
-7.14225E-09,-1.4932464E-01
-7.09225E-09,-1.4937735E-01
-7.04225E-09,-1.4937735E-01
-6.99225E-09,-1.4937735E-01
-6.94225E-09,-1.4937735E-01
-6.89225E-09,-1.4943006E-01
-6.84225E-09,-1.4943006E-01
-6.79225E-09,-1.4948277E-01
-6.74225E-09,-1.4948277E-01
-6.69225E-09,-1.4948277E-01
-6.64225E-09,-1.4953548E-01
-6.59225E-09,-1.4958819E-01
-6.54225E-09,-1.4958819E-01
-6.49225E-09,-1.4964090E-01
-6.44225E-09,-1.4964090E-01
-6.39225E-09,-1.4969361E-01
-6.34225E-09,-1.4974632E-01
-6.29225E-09,-1.4974632E-01
-6.24225E-09,-1.4979903E-01
-6.19225E-09,-1.4985173E-01
-6.14225E-09,-1.4990444E-01
-6.09225E-09,-1.4990444E-01
-6.04225E-09,-1.4995715E-01
-5.99225E-09,-1.5000986E-01
-5.94225E-09,-1.5006257E-01
-5.89225E-09,-1.5006257E-01
-5.84225E-09,-1.5011528E-01
-5.79225E-09,-1.5011528E-01
-5.74225E-09,-1.5016799E-01
-5.69225E-09,-1.5022070E-01
-5.64225E-09,-1.5022070E-01
-5.59225E-09,-1.5027341E-01
-5.54225E-09,-1.5027341E-01
-5.49225E-09,-1.5027341E-01
-5.44225E-09,-1.5032612E-01
-5.39225E-09,-1.5032612E-01
-5.34225E-09,-1.5032612E-01
-5.29225E-09,-1.5032612E-01
-5.24225E-09,-1.5032612E-01
-5.19225E-09,-1.5032612E-01
-5.14225E-09,-1.5032612E-01
-5.09225E-09,-1.5032612E-01
-5.04225E-09,-1.5032612E-01
-4.99225E-09,-1.5032612E-01
-4.94225E-09,-1.5027341E-01
-4.89225E-09,-1.5027341E-01
-4.84225E-09,-1.5027341E-01
-4.79225E-09,-1.5027341E-01
-4.74225E-09,-1.5022070E-01
-4.69225E-09,-1.5022070E-01
-4.64225E-09,-1.5022070E-01
-4.59225E-09,-1.5016799E-01
-4.54225E-09,-1.5016799E-01
-4.49225E-09,-1.5016799E-01
-4.44225E-09,-1.5011528E-01
-4.39225E-09,-1.5011528E-01
-4.34225E-09,-1.5011528E-01
-4.29225E-09,-1.5006257E-01
-4.24225E-09,-1.5006257E-01
-4.19225E-09,-1.5000986E-01
-4.14225E-09,-1.5000986E-01
-4.09225E-09,-1.4995715E-01
-4.04225E-09,-1.4995715E-01
-3.99225E-09,-1.4995715E-01
-3.94225E-09,-1.4990444E-01
-3.89225E-09,-1.4990444E-01
-3.84225E-09,-1.4985173E-01
-3.79225E-09,-1.4985173E-01
-3.74225E-09,-1.4979903E-01
-3.69225E-09,-1.4979903E-01
-3.64225E-09,-1.4974632E-01
-3.59225E-09,-1.4974632E-01
-3.54225E-09,-1.4969361E-01
-3.49225E-09,-1.4969361E-01
-3.44225E-09,-1.4964090E-01
-3.39225E-09,-1.4964090E-01
-3.34225E-09,-1.4958819E-01
-3.29225E-09,-1.4958819E-01
-3.24225E-09,-1.4953548E-01
-3.19225E-09,-1.4953548E-01
-3.14225E-09,-1.4948277E-01
-3.09225E-09,-1.4948277E-01
-3.04225E-09,-1.4948277E-01
-2.99225E-09,-1.4943006E-01
-2.94225E-09,-1.4943006E-01
-2.89225E-09,-1.4943006E-01
-2.84225E-09,-1.4943006E-01
-2.79225E-09,-1.4943006E-01
-2.74225E-09,-1.4943006E-01
-2.69225E-09,-1.4943006E-01
-2.64225E-09,-1.4937735E-01
-2.59225E-09,-1.4937735E-01
-2.54225E-09,-1.4937735E-01
-2.49225E-09,-1.4937735E-01
-2.44225E-09,-1.4937735E-01
-2.39225E-09,-1.4943006E-01
-2.34225E-09,-1.4943006E-01
-2.29225E-09,-1.4943006E-01
-2.24225E-09,-1.4943006E-01
-2.19225E-09,-1.4943006E-01
-2.14225E-09,-1.4943006E-01
-2.09225E-09,-1.4943006E-01
-2.04225E-09,-1.4937735E-01
-1.99225E-09,-1.4937735E-01
-1.94225E-09,-1.4937735E-01
-1.89225E-09,-1.4937735E-01
-1.84225E-09,-1.4937735E-01
-1.79225E-09,-1.4937735E-01
-1.74225E-09,-1.4932464E-01
-1.69225E-09,-1.4932464E-01
-1.64225E-09,-1.4932464E-01
-1.59225E-09,-1.4927194E-01
-1.54225E-09,-1.4927194E-01
-1.49225E-09,-1.4927194E-01
-1.44225E-09,-1.4921923E-01
-1.39225E-09,-1.4921923E-01
-1.34225E-09,-1.4921923E-01
-1.29225E-09,-1.4916652E-01
-1.24225E-09,-1.4916652E-01
-1.19225E-09,-1.4916652E-01
-1.14225E-09,-1.4916652E-01
-1.09225E-09,-1.4916652E-01
-1.04225E-09,-1.4916652E-01
-9.9225E-10,-1.4916652E-01
-9.4225E-10,-1.4916652E-01
-8.9225E-10,-1.4916652E-01
-8.4225E-10,-1.4916652E-01
-7.9225E-10,-1.4921923E-01
-7.4225E-10,-1.4921923E-01
-6.9225E-10,-1.4927194E-01
-6.4225E-10,-1.4927194E-01
-5.9225E-10,-1.4932464E-01
-5.4225E-10,-1.4937735E-01
-4.9225E-10,-1.4937735E-01
-4.4225E-10,-1.4943006E-01
-3.9225E-10,-1.4948277E-01
-3.4225E-10,-1.4953548E-01
-2.9225E-10,-1.4958819E-01
-2.4225E-10,-1.4964090E-01
-1.9225E-10,-1.4964090E-01
-1.4225E-10,-1.4969361E-01
-9.225E-11,-1.4974632E-01
-4.225E-11,-1.4979903E-01
7.75E-12,-1.4985173E-01
5.775E-11,-1.4985173E-01
1.0775E-10,-1.4990444E-01
1.5775E-10,-1.4995715E-01
2.0775E-10,-1.4995715E-01
2.5775E-10,-1.5000986E-01
3.0775E-10,-1.5000986E-01
3.5775E-10,-1.5000986E-01
4.0775E-10,-1.5006257E-01
4.5775E-10,-1.5006257E-01
5.0775E-10,-1.5006257E-01
5.5775E-10,-1.5006257E-01
6.0775E-10,-1.5006257E-01
6.5775E-10,-1.5006257E-01
7.0775E-10,-1.5006257E-01
7.5775E-10,-1.5006257E-01
8.0775E-10,-1.5006257E-01
8.5775E-10,-1.5006257E-01
9.0775E-10,-1.5006257E-01
9.5775E-10,-1.5006257E-01
1.00775E-09,-1.5000986E-01
1.05775E-09,-1.5000986E-01
1.10775E-09,-1.5000986E-01
1.15775E-09,-1.5000986E-01
1.20775E-09,-1.5000986E-01
1.25775E-09,-1.4995715E-01
1.30775E-09,-1.4995715E-01
1.35775E-09,-1.4995715E-01
1.40775E-09,-1.4995715E-01
1.45775E-09,-1.4990444E-01
1.50775E-09,-1.4990444E-01
1.55775E-09,-1.4990444E-01
1.60775E-09,-1.4990444E-01
1.65775E-09,-1.4985173E-01
1.70775E-09,-1.4985173E-01
1.75775E-09,-1.4985173E-01
1.80775E-09,-1.4979903E-01
1.85775E-09,-1.4979903E-01
1.90775E-09,-1.4974632E-01
1.95775E-09,-1.4974632E-01
2.00775E-09,-1.4974632E-01
2.05775E-09,-1.4969361E-01
2.10775E-09,-1.4969361E-01
2.15775E-09,-1.4964090E-01
2.20775E-09,-1.4964090E-01
2.25775E-09,-1.4964090E-01
2.30775E-09,-1.4958819E-01
2.35775E-09,-1.4958819E-01
2.40775E-09,-1.4953548E-01
2.45775E-09,-1.4953548E-01
2.50775E-09,-1.4953548E-01
2.55775E-09,-1.4953548E-01
2.60775E-09,-1.4948277E-01
2.65775E-09,-1.4948277E-01
2.70775E-09,-1.4948277E-01
2.75775E-09,-1.4948277E-01
2.80775E-09,-1.4948277E-01
2.85775E-09,-1.4948277E-01
2.90775E-09,-1.4948277E-01
2.95775E-09,-1.4953548E-01
3.00775E-09,-1.4953548E-01
3.05775E-09,-1.4953548E-01
3.10775E-09,-1.4958819E-01
3.15775E-09,-1.4958819E-01
3.20775E-09,-1.4958819E-01
3.25775E-09,-1.4964090E-01
3.30775E-09,-1.4964090E-01
3.35775E-09,-1.4969361E-01
3.40775E-09,-1.4969361E-01
3.45775E-09,-1.4969361E-01
3.50775E-09,-1.4974632E-01
3.55775E-09,-1.4974632E-01
3.60775E-09,-1.4974632E-01
3.65775E-09,-1.4974632E-01
3.70775E-09,-1.4974632E-01
3.75775E-09,-1.4974632E-01
3.80775E-09,-1.4969361E-01
3.85775E-09,-1.4969361E-01
3.90775E-09,-1.4964090E-01
3.95775E-09,-1.4964090E-01
4.00775E-09,-1.4958819E-01
4.05775E-09,-1.4953548E-01
4.10775E-09,-1.4948277E-01
4.15775E-09,-1.4943006E-01
4.20775E-09,-1.4932464E-01
4.25775E-09,-1.4927194E-01
4.30775E-09,-1.4921923E-01
4.35775E-09,-1.4911381E-01
4.40775E-09,-1.4906110E-01
4.45775E-09,-1.4895568E-01
4.50775E-09,-1.4890297E-01
4.55775E-09,-1.4879755E-01
4.60775E-09,-1.4874485E-01
4.65775E-09,-1.4869214E-01
4.70775E-09,-1.4863943E-01
4.75775E-09,-1.4858672E-01
4.80775E-09,-1.4853401E-01
4.85775E-09,-1.4848130E-01
4.90775E-09,-1.4848130E-01
4.95775E-09,-1.4842859E-01
5.00775E-09,-1.4842859E-01
5.05775E-09,-1.4842859E-01
5.10775E-09,-1.4842859E-01
5.15775E-09,-1.4848130E-01
5.20775E-09,-1.4848130E-01
5.25775E-09,-1.4853401E-01
5.30775E-09,-1.4858672E-01
5.35775E-09,-1.4858672E-01
5.40775E-09,-1.4869214E-01
5.45775E-09,-1.4874485E-01
5.50775E-09,-1.4879755E-01
5.55775E-09,-1.4885026E-01
5.60775E-09,-1.4895568E-01
5.65775E-09,-1.4900839E-01
5.70775E-09,-1.4911381E-01
5.75775E-09,-1.4916652E-01
5.80775E-09,-1.4921923E-01
5.85775E-09,-1.4932464E-01
5.90775E-09,-1.4937735E-01
5.95775E-09,-1.4943006E-01
6.00775E-09,-1.4948277E-01
6.05775E-09,-1.4953548E-01
6.10775E-09,-1.4953548E-01
6.15775E-09,-1.4958819E-01
6.20775E-09,-1.4958819E-01
6.25775E-09,-1.4958819E-01
6.30775E-09,-1.4958819E-01
6.35775E-09,-1.4958819E-01
6.40775E-09,-1.4958819E-01
6.45775E-09,-1.4958819E-01
6.50775E-09,-1.4958819E-01
6.55775E-09,-1.4953548E-01
6.60775E-09,-1.4948277E-01
6.65775E-09,-1.4948277E-01
6.70775E-09,-1.4943006E-01
6.75775E-09,-1.4943006E-01
6.80775E-09,-1.4937735E-01
6.85775E-09,-1.4932464E-01
6.90775E-09,-1.4932464E-01
6.95775E-09,-1.4927194E-01
7.00775E-09,-1.4927194E-01
7.05775E-09,-1.4921923E-01
7.10775E-09,-1.4921923E-01
7.15775E-09,-1.4921923E-01
7.20775E-09,-1.4921923E-01
7.25775E-09,-1.4921923E-01
7.30775E-09,-1.4921923E-01
7.35775E-09,-1.4921923E-01
7.40775E-09,-1.4927194E-01
7.45775E-09,-1.4927194E-01
7.50775E-09,-1.4932464E-01
7.55775E-09,-1.4937735E-01
7.60775E-09,-1.4937735E-01
7.65775E-09,-1.4943006E-01
7.70775E-09,-1.4948277E-01
7.75775E-09,-1.4953548E-01
7.80775E-09,-1.4958819E-01
7.85775E-09,-1.4958819E-01
7.90775E-09,-1.4964090E-01
7.95775E-09,-1.4969361E-01
8.00775E-09,-1.4969361E-01
8.05775E-09,-1.4974632E-01
8.10775E-09,-1.4974632E-01
8.15775E-09,-1.4979903E-01
8.20775E-09,-1.4979903E-01
8.25775E-09,-1.4979903E-01
8.30775E-09,-1.4979903E-01
8.35775E-09,-1.4979903E-01
8.40775E-09,-1.4974632E-01
8.45775E-09,-1.4974632E-01
8.50775E-09,-1.4969361E-01
8.55775E-09,-1.4969361E-01
8.60775E-09,-1.4964090E-01
8.65775E-09,-1.4958819E-01
8.70775E-09,-1.4953548E-01
8.75775E-09,-1.4948277E-01
8.80775E-09,-1.4943006E-01
8.85775E-09,-1.4937735E-01
8.90775E-09,-1.4932464E-01
8.95775E-09,-1.4932464E-01
9.00775E-09,-1.4927194E-01
9.05775E-09,-1.4921923E-01
9.10775E-09,-1.4916652E-01
9.15775E-09,-1.4911381E-01
9.20775E-09,-1.4911381E-01
9.25775E-09,-1.4906110E-01
9.30775E-09,-1.4906110E-01
9.35775E-09,-1.4900839E-01
9.40775E-09,-1.4900839E-01
9.45775E-09,-1.4900839E-01
9.50775E-09,-1.4900839E-01
9.55775E-09,-1.4900839E-01
9.60775E-09,-1.4900839E-01
9.65775E-09,-1.4900839E-01
9.70775E-09,-1.4906110E-01
9.75775E-09,-1.4906110E-01
9.80775E-09,-1.4906110E-01
9.85775E-09,-1.4911381E-01
9.90775E-09,-1.4911381E-01
9.95775E-09,-1.4916652E-01
1.000775E-08,-1.4916652E-01
1.005775E-08,-1.4916652E-01
1.010775E-08,-1.4921923E-01
1.015775E-08,-1.4921923E-01
1.020775E-08,-1.4921923E-01
1.025775E-08,-1.4927194E-01
1.030775E-08,-1.4927194E-01
1.035775E-08,-1.4927194E-01
1.040775E-08,-1.4927194E-01
1.045775E-08,-1.4927194E-01
1.050775E-08,-1.4927194E-01
1.055775E-08,-1.4927194E-01
1.060775E-08,-1.4927194E-01
1.065775E-08,-1.4927194E-01
1.070775E-08,-1.4927194E-01
1.075775E-08,-1.4927194E-01
1.080775E-08,-1.4927194E-01
1.085775E-08,-1.4927194E-01
1.090775E-08,-1.4927194E-01
1.095775E-08,-1.4932464E-01
1.100775E-08,-1.4932464E-01
1.105775E-08,-1.4932464E-01
1.110775E-08,-1.4932464E-01
1.115775E-08,-1.4937735E-01
1.120775E-08,-1.4937735E-01
1.125775E-08,-1.4943006E-01
1.130775E-08,-1.4943006E-01
1.135775E-08,-1.4948277E-01
1.140775E-08,-1.4953548E-01
1.145775E-08,-1.4958819E-01
1.150775E-08,-1.4964090E-01
1.155775E-08,-1.4969361E-01
1.160775E-08,-1.4974632E-01
1.165775E-08,-1.4979903E-01
1.170775E-08,-1.4985173E-01
1.175775E-08,-1.4990444E-01
1.180775E-08,-1.4995715E-01
1.185775E-08,-1.5000986E-01
1.190775E-08,-1.5006257E-01
1.195775E-08,-1.5011528E-01
1.200775E-08,-1.5016799E-01
1.205775E-08,-1.5022070E-01
1.210775E-08,-1.5022070E-01
1.215775E-08,-1.5027341E-01
1.220775E-08,-1.5027341E-01
1.225775E-08,-1.5032612E-01
1.230775E-08,-1.5032612E-01
1.235775E-08,-1.5032612E-01
1.240775E-08,-1.5032612E-01
1.245775E-08,-1.5032612E-01
1.250775E-08,-1.5027341E-01
1.255775E-08,-1.5027341E-01
1.260775E-08,-1.5022070E-01
1.265775E-08,-1.5016799E-01
1.270775E-08,-1.5011528E-01
1.275775E-08,-1.5006257E-01
1.280775E-08,-1.5000986E-01
1.285775E-08,-1.4995715E-01
1.290775E-08,-1.4990444E-01
1.295775E-08,-1.4985173E-01
1.300775E-08,-1.4979903E-01
1.305775E-08,-1.4969361E-01
1.310775E-08,-1.4964090E-01
1.315775E-08,-1.4958819E-01
1.320775E-08,-1.4953548E-01
1.325775E-08,-1.4948277E-01
1.330775E-08,-1.4943006E-01
1.335775E-08,-1.4937735E-01
1.340775E-08,-1.4932464E-01
1.345775E-08,-1.4927194E-01
1.350775E-08,-1.4921923E-01
1.355775E-08,-1.4921923E-01
1.360775E-08,-1.4916652E-01
1.365775E-08,-1.4916652E-01
1.370775E-08,-1.4916652E-01
1.375775E-08,-1.4911381E-01
1.380775E-08,-1.4911381E-01
1.385775E-08,-1.4911381E-01
1.390775E-08,-1.4911381E-01
1.395775E-08,-1.4911381E-01
1.400775E-08,-1.4911381E-01
1.405775E-08,-1.4911381E-01
1.410775E-08,-1.4911381E-01
1.415775E-08,-1.4911381E-01
1.420775E-08,-1.4916652E-01
1.425775E-08,-1.4916652E-01
1.430775E-08,-1.4916652E-01
1.435775E-08,-1.4916652E-01
1.440775E-08,-1.4916652E-01
1.445775E-08,-1.4916652E-01
1.450775E-08,-1.4916652E-01
1.455775E-08,-1.4921923E-01
1.460775E-08,-1.4921923E-01
1.465775E-08,-1.4921923E-01
1.470775E-08,-1.4921923E-01
1.475775E-08,-1.4921923E-01
1.480775E-08,-1.4921923E-01
1.485775E-08,-1.4916652E-01
1.490775E-08,-1.4916652E-01
1.495775E-08,-1.4916652E-01
1.500775E-08,-1.4916652E-01
1.505775E-08,-1.4916652E-01
1.510775E-08,-1.4916652E-01
1.515775E-08,-1.4916652E-01
1.520775E-08,-1.4911381E-01
1.525775E-08,-1.4911381E-01
1.530775E-08,-1.4911381E-01
1.535775E-08,-1.4911381E-01
1.540775E-08,-1.4911381E-01
1.545775E-08,-1.4911381E-01
1.550775E-08,-1.4911381E-01
1.555775E-08,-1.4911381E-01
1.560775E-08,-1.4911381E-01
1.565775E-08,-1.4911381E-01
1.570775E-08,-1.4911381E-01
1.575775E-08,-1.4911381E-01
1.580775E-08,-1.4911381E-01
1.585775E-08,-1.4911381E-01
1.590775E-08,-1.4911381E-01
1.595775E-08,-1.4911381E-01
1.600775E-08,-1.4911381E-01
1.605775E-08,-1.4911381E-01
1.610775E-08,-1.4911381E-01
1.615775E-08,-1.4911381E-01
1.620775E-08,-1.4911381E-01
1.625775E-08,-1.4911381E-01
1.630775E-08,-1.4906110E-01
1.635775E-08,-1.4906110E-01
1.640775E-08,-1.4906110E-01
1.645775E-08,-1.4906110E-01
1.650775E-08,-1.4906110E-01
1.655775E-08,-1.4906110E-01
1.660775E-08,-1.4906110E-01
1.665775E-08,-1.4906110E-01
1.670775E-08,-1.4900839E-01
1.675775E-08,-1.4900839E-01
1.680775E-08,-1.4900839E-01
1.685775E-08,-1.4900839E-01
1.690775E-08,-1.4900839E-01
1.695775E-08,-1.4895568E-01
1.700775E-08,-1.4895568E-01
1.705775E-08,-1.4895568E-01
1.710775E-08,-1.4895568E-01
1.715775E-08,-1.4895568E-01
1.720775E-08,-1.4895568E-01
1.725775E-08,-1.4895568E-01
1.730775E-08,-1.4895568E-01
1.735775E-08,-1.4900839E-01
1.740775E-08,-1.4900839E-01
1.745775E-08,-1.4900839E-01
1.750775E-08,-1.4900839E-01
1.755775E-08,-1.4906110E-01
1.760775E-08,-1.4906110E-01
1.765775E-08,-1.4906110E-01
1.770775E-08,-1.4911381E-01
1.775775E-08,-1.4911381E-01
1.780775E-08,-1.4916652E-01
1.785775E-08,-1.4921923E-01
1.790775E-08,-1.4921923E-01
1.795775E-08,-1.4927194E-01
1.800775E-08,-1.4927194E-01
1.805775E-08,-1.4932464E-01
1.810775E-08,-1.4932464E-01
1.815775E-08,-1.4937735E-01
1.820775E-08,-1.4937735E-01
1.825775E-08,-1.4943006E-01
1.830775E-08,-1.4943006E-01
1.835775E-08,-1.4948277E-01
1.840775E-08,-1.4948277E-01
1.845775E-08,-1.4953548E-01
1.850775E-08,-1.4953548E-01
1.855775E-08,-1.4953548E-01
1.860775E-08,-1.4953548E-01
1.865775E-08,-1.4958819E-01
1.870775E-08,-1.4958819E-01
1.875775E-08,-1.4958819E-01
1.880775E-08,-1.4958819E-01
1.885775E-08,-1.4958819E-01
1.890775E-08,-1.4958819E-01
1.895775E-08,-1.4958819E-01
1.900775E-08,-1.4958819E-01
1.905775E-08,-1.4958819E-01
1.910775E-08,-1.4958819E-01
1.915775E-08,-1.4958819E-01
1.920775E-08,-1.4958819E-01
1.925775E-08,-1.4958819E-01
1.930775E-08,-1.4958819E-01
1.935775E-08,-1.4958819E-01
1.940775E-08,-1.4958819E-01
1.945775E-08,-1.4958819E-01
1.950775E-08,-1.4958819E-01
1.955775E-08,-1.4958819E-01
1.960775E-08,-1.4958819E-01
1.965775E-08,-1.4958819E-01
1.970775E-08,-1.4958819E-01
1.975775E-08,-1.4958819E-01
1.980775E-08,-1.4958819E-01
1.985775E-08,-1.4958819E-01
1.990775E-08,-1.4958819E-01
1.995775E-08,-1.4964090E-01
2.000775E-08,-1.4964090E-01
2.005775E-08,-1.4964090E-01
2.010775E-08,-1.4969361E-01
2.015775E-08,-1.4969361E-01
2.020775E-08,-1.4969361E-01
2.025775E-08,-1.4974632E-01
2.030775E-08,-1.4974632E-01
2.035775E-08,-1.4974632E-01
2.040775E-08,-1.4979903E-01
2.045775E-08,-1.4979903E-01
2.050775E-08,-1.4985173E-01
2.055775E-08,-1.4985173E-01
2.060775E-08,-1.4985173E-01
2.065775E-08,-1.4990444E-01
2.070775E-08,-1.4990444E-01
2.075775E-08,-1.4990444E-01
2.080775E-08,-1.4995715E-01
2.085775E-08,-1.4995715E-01
2.090775E-08,-1.4995715E-01
2.095775E-08,-1.4995715E-01
2.100775E-08,-1.4995715E-01
2.105775E-08,-1.4995715E-01
2.110775E-08,-1.4995715E-01
2.115775E-08,-1.4995715E-01
2.120775E-08,-1.4995715E-01
2.125775E-08,-1.4990444E-01
2.130775E-08,-1.4990444E-01
2.135775E-08,-1.4990444E-01
2.140775E-08,-1.4985173E-01
2.145775E-08,-1.4985173E-01
2.150775E-08,-1.4985173E-01
2.155775E-08,-1.4979903E-01
2.160775E-08,-1.4979903E-01
2.165775E-08,-1.4974632E-01
2.170775E-08,-1.4974632E-01
2.175775E-08,-1.4969361E-01
2.180775E-08,-1.4964090E-01
2.185775E-08,-1.4964090E-01
2.190775E-08,-1.4958819E-01
2.195775E-08,-1.4958819E-01
2.200775E-08,-1.4953548E-01
2.205775E-08,-1.4953548E-01
2.210775E-08,-1.4948277E-01
2.215775E-08,-1.4948277E-01
2.220775E-08,-1.4943006E-01
2.225775E-08,-1.4943006E-01
2.230775E-08,-1.4943006E-01
2.235775E-08,-1.4943006E-01
2.240775E-08,-1.4937735E-01
2.245775E-08,-1.4937735E-01
2.250775E-08,-1.4937735E-01
2.255775E-08,-1.4937735E-01
2.260775E-08,-1.4937735E-01
2.265775E-08,-1.4937735E-01
2.270775E-08,-1.4937735E-01
2.275775E-08,-1.4943006E-01
2.280775E-08,-1.4943006E-01
2.285775E-08,-1.4943006E-01
2.290775E-08,-1.4943006E-01
2.295775E-08,-1.4948277E-01
2.300775E-08,-1.4948277E-01
2.305775E-08,-1.4948277E-01
2.310775E-08,-1.4948277E-01
2.315775E-08,-1.4953548E-01
2.320775E-08,-1.4953548E-01
2.325775E-08,-1.4953548E-01
2.330775E-08,-1.4953548E-01
2.335775E-08,-1.4953548E-01
2.340775E-08,-1.4953548E-01
2.345775E-08,-1.4953548E-01
2.350775E-08,-1.4953548E-01
2.355775E-08,-1.4953548E-01
2.360775E-08,-1.4953548E-01
2.365775E-08,-1.4953548E-01
2.370775E-08,-1.4948277E-01
2.375775E-08,-1.4948277E-01
2.380775E-08,-1.4948277E-01
2.385775E-08,-1.4943006E-01
2.390775E-08,-1.4937735E-01
2.395775E-08,-1.4937735E-01
2.400775E-08,-1.4932464E-01
2.405775E-08,-1.4932464E-01
2.410775E-08,-1.4927194E-01
2.415775E-08,-1.4921923E-01
2.420775E-08,-1.4921923E-01
2.425775E-08,-1.4916652E-01
2.430775E-08,-1.4911381E-01
2.435775E-08,-1.4911381E-01
2.440775E-08,-1.4906110E-01
2.445775E-08,-1.4900839E-01
2.450775E-08,-1.4900839E-01
2.455775E-08,-1.4895568E-01
2.460775E-08,-1.4895568E-01
2.465775E-08,-1.4895568E-01
2.470775E-08,-1.4890297E-01
2.475775E-08,-1.4890297E-01
2.480775E-08,-1.4890297E-01
2.485775E-08,-1.4890297E-01
2.490775E-08,-1.4885026E-01
2.495775E-08,-1.4885026E-01
2.500775E-08,-1.4885026E-01
2.505775E-08,-1.4885026E-01
2.510775E-08,-1.4885026E-01
2.515775E-08,-1.4885026E-01
2.520775E-08,-1.4885026E-01
2.525775E-08,-1.4885026E-01
2.530775E-08,-1.4885026E-01
2.535775E-08,-1.4885026E-01
2.540775E-08,-1.4885026E-01
2.545775E-08,-1.4890297E-01
2.550775E-08,-1.4890297E-01
2.555775E-08,-1.4885026E-01
2.560775E-08,-1.4885026E-01
2.565775E-08,-1.4885026E-01
2.570775E-08,-1.4885026E-01
2.575775E-08,-1.4885026E-01
2.580775E-08,-1.4885026E-01
2.585775E-08,-1.4885026E-01
2.590775E-08,-1.4885026E-01
2.595775E-08,-1.4879755E-01
2.600775E-08,-1.4879755E-01
2.605775E-08,-1.4879755E-01
2.610775E-08,-1.4879755E-01
2.615775E-08,-1.4874485E-01
2.620775E-08,-1.4874485E-01
2.625775E-08,-1.4874485E-01
2.630775E-08,-1.4874485E-01
2.635775E-08,-1.4874485E-01
2.640775E-08,-1.4874485E-01
2.645775E-08,-1.4874485E-01
2.650775E-08,-1.4874485E-01
2.655775E-08,-1.4874485E-01
2.660775E-08,-1.4874485E-01
2.665775E-08,-1.4874485E-01
2.670775E-08,-1.4879755E-01
2.675775E-08,-1.4879755E-01
2.680775E-08,-1.4879755E-01
2.685775E-08,-1.4885026E-01
2.690775E-08,-1.4890297E-01
2.695775E-08,-1.4890297E-01
2.700775E-08,-1.4895568E-01
2.705775E-08,-1.4900839E-01
2.710775E-08,-1.4906110E-01
2.715775E-08,-1.4911381E-01
2.720775E-08,-1.4911381E-01
2.725775E-08,-1.4916652E-01
2.730775E-08,-1.4921923E-01
2.735775E-08,-1.4927194E-01
2.740775E-08,-1.4932464E-01
2.745775E-08,-1.4932464E-01
2.750775E-08,-1.4937735E-01
2.755775E-08,-1.4937735E-01
2.760775E-08,-1.4943006E-01
2.765775E-08,-1.4943006E-01
2.770775E-08,-1.4943006E-01
2.775775E-08,-1.4943006E-01
2.780775E-08,-1.4943006E-01
2.785775E-08,-1.4943006E-01
2.790775E-08,-1.4943006E-01
2.795775E-08,-1.4943006E-01
2.800775E-08,-1.4937735E-01
2.805775E-08,-1.4937735E-01
2.810775E-08,-1.4932464E-01
2.815775E-08,-1.4927194E-01
2.820775E-08,-1.4921923E-01
2.825775E-08,-1.4916652E-01
2.830775E-08,-1.4911381E-01
2.835775E-08,-1.4906110E-01
2.840775E-08,-1.4900839E-01
2.845775E-08,-1.4900839E-01
2.850775E-08,-1.4895568E-01
2.855775E-08,-1.4890297E-01
2.860775E-08,-1.4885026E-01
2.865775E-08,-1.4879755E-01
2.870775E-08,-1.4874485E-01
2.875775E-08,-1.4874485E-01
2.880775E-08,-1.4869214E-01
2.885775E-08,-1.4869214E-01
2.890775E-08,-1.4869214E-01
2.895775E-08,-1.4869214E-01
2.900775E-08,-1.4869214E-01
2.905775E-08,-1.4869214E-01
2.910775E-08,-1.4869214E-01
2.915775E-08,-1.4869214E-01
2.920775E-08,-1.4874485E-01
2.925775E-08,-1.4879755E-01
2.930775E-08,-1.4879755E-01
2.935775E-08,-1.4885026E-01
2.940775E-08,-1.4890297E-01
2.945775E-08,-1.4895568E-01
2.950775E-08,-1.4900839E-01
2.955775E-08,-1.4906110E-01
2.960775E-08,-1.4911381E-01
2.965775E-08,-1.4916652E-01
2.970775E-08,-1.4916652E-01
2.975775E-08,-1.4921923E-01
2.980775E-08,-1.4927194E-01
2.985775E-08,-1.4932464E-01
2.990775E-08,-1.4932464E-01
2.995775E-08,-1.4937735E-01
3.000775E-08,-1.4937735E-01
3.005775E-08,-1.4943006E-01
3.010775E-08,-1.4943006E-01
3.015775E-08,-1.4943006E-01
3.020775E-08,-1.4943006E-01
3.025775E-08,-1.4943006E-01
3.030775E-08,-1.4943006E-01
3.035775E-08,-1.4943006E-01
3.040775E-08,-1.4937735E-01
3.045775E-08,-1.4937735E-01
3.050775E-08,-1.4932464E-01
3.055775E-08,-1.4932464E-01
3.060775E-08,-1.4927194E-01
3.065775E-08,-1.4927194E-01
3.070775E-08,-1.4921923E-01
3.075775E-08,-1.4921923E-01
3.080775E-08,-1.4916652E-01
3.085775E-08,-1.4916652E-01
3.090775E-08,-1.4911381E-01
3.095775E-08,-1.4911381E-01
3.100775E-08,-1.4911381E-01
3.105775E-08,-1.4911381E-01
3.110775E-08,-1.4906110E-01
3.115775E-08,-1.4906110E-01
3.120775E-08,-1.4906110E-01
3.125775E-08,-1.4906110E-01
3.130775E-08,-1.4911381E-01
3.135775E-08,-1.4911381E-01
3.140775E-08,-1.4911381E-01
3.145775E-08,-1.4916652E-01
3.150775E-08,-1.4916652E-01
3.155775E-08,-1.4916652E-01
3.160775E-08,-1.4921923E-01
3.165775E-08,-1.4921923E-01
3.170775E-08,-1.4927194E-01
3.175775E-08,-1.4927194E-01
3.180775E-08,-1.4932464E-01
3.185775E-08,-1.4932464E-01
3.190775E-08,-1.4937735E-01
3.195775E-08,-1.4937735E-01
3.200775E-08,-1.4937735E-01
3.205775E-08,-1.4937735E-01
3.210775E-08,-1.4937735E-01
3.215775E-08,-1.4937735E-01
3.220775E-08,-1.4937735E-01
3.225775E-08,-1.4937735E-01
3.230775E-08,-1.4932464E-01
3.235775E-08,-1.4932464E-01
3.240775E-08,-1.4927194E-01
3.245775E-08,-1.4921923E-01
3.250775E-08,-1.4921923E-01
3.255775E-08,-1.4916652E-01
3.260775E-08,-1.4911381E-01
3.265775E-08,-1.4906110E-01
3.270775E-08,-1.4906110E-01
3.275775E-08,-1.4900839E-01
3.280775E-08,-1.4895568E-01
3.285775E-08,-1.4890297E-01
3.290775E-08,-1.4890297E-01
3.295775E-08,-1.4885026E-01
3.300775E-08,-1.4885026E-01
3.305775E-08,-1.4879755E-01
3.310775E-08,-1.4879755E-01
3.315775E-08,-1.4879755E-01
3.320775E-08,-1.4879755E-01
3.325775E-08,-1.4879755E-01
3.330775E-08,-1.4879755E-01
3.335775E-08,-1.4879755E-01
3.340775E-08,-1.4885026E-01
3.345775E-08,-1.4890297E-01
3.350775E-08,-1.4890297E-01
3.355775E-08,-1.4895568E-01
3.360775E-08,-1.4900839E-01
3.365775E-08,-1.4906110E-01
3.370775E-08,-1.4916652E-01
3.375775E-08,-1.4921923E-01
3.380775E-08,-1.4927194E-01
3.385775E-08,-1.4937735E-01
3.390775E-08,-1.4943006E-01
3.395775E-08,-1.4948277E-01
3.400775E-08,-1.4958819E-01
3.405775E-08,-1.4964090E-01
3.410775E-08,-1.4969361E-01
3.415775E-08,-1.4974632E-01
3.420775E-08,-1.4985173E-01
3.425775E-08,-1.4990444E-01
3.430775E-08,-1.4995715E-01
3.435775E-08,-1.5000986E-01
3.440775E-08,-1.5000986E-01
3.445775E-08,-1.5006257E-01
3.450775E-08,-1.5011528E-01
3.455775E-08,-1.5011528E-01
3.460775E-08,-1.5011528E-01
3.465775E-08,-1.5011528E-01
3.470775E-08,-1.5016799E-01
3.475775E-08,-1.5016799E-01
3.480775E-08,-1.5016799E-01
3.485775E-08,-1.5011528E-01
3.490775E-08,-1.5011528E-01
3.495775E-08,-1.5011528E-01
3.500775E-08,-1.5011528E-01
3.505775E-08,-1.5006257E-01
3.510775E-08,-1.5006257E-01
3.515775E-08,-1.5000986E-01
3.520775E-08,-1.5000986E-01
3.525775E-08,-1.4995715E-01
3.530775E-08,-1.4995715E-01
3.535775E-08,-1.4995715E-01
3.540775E-08,-1.4990444E-01
3.545775E-08,-1.4990444E-01
3.550775E-08,-1.4985173E-01
3.555775E-08,-1.4985173E-01
3.560775E-08,-1.4985173E-01
3.565775E-08,-1.4985173E-01
3.570775E-08,-1.4979903E-01
3.575775E-08,-1.4979903E-01
3.580775E-08,-1.4979903E-01
3.585775E-08,-1.4979903E-01
3.590775E-08,-1.4979903E-01
3.595775E-08,-1.4979903E-01
3.600775E-08,-1.4979903E-01
3.605775E-08,-1.4979903E-01
3.610775E-08,-1.4974632E-01
3.615775E-08,-1.4974632E-01
3.620775E-08,-1.4974632E-01
3.625775E-08,-1.4974632E-01
3.630775E-08,-1.4974632E-01
3.635775E-08,-1.4974632E-01
3.640775E-08,-1.4969361E-01
3.645775E-08,-1.4969361E-01
3.650775E-08,-1.4969361E-01
3.655775E-08,-1.4964090E-01
3.660775E-08,-1.4964090E-01
3.665775E-08,-1.4958819E-01
3.670775E-08,-1.4958819E-01
3.675775E-08,-1.4953548E-01
3.680775E-08,-1.4953548E-01
3.685775E-08,-1.4948277E-01
3.690775E-08,-1.4943006E-01
3.695775E-08,-1.4943006E-01
3.700775E-08,-1.4937735E-01
3.705775E-08,-1.4937735E-01
3.710775E-08,-1.4932464E-01
3.715775E-08,-1.4927194E-01
3.720775E-08,-1.4927194E-01
3.725775E-08,-1.4921923E-01
3.730775E-08,-1.4921923E-01
3.735775E-08,-1.4916652E-01
3.740775E-08,-1.4916652E-01
3.745775E-08,-1.4911381E-01
3.750775E-08,-1.4911381E-01
3.755775E-08,-1.4911381E-01
3.760775E-08,-1.4911381E-01
3.765775E-08,-1.4906110E-01
3.770775E-08,-1.4906110E-01
3.775775E-08,-1.4906110E-01
3.780775E-08,-1.4906110E-01
3.785775E-08,-1.4906110E-01
3.790775E-08,-1.4906110E-01
3.795775E-08,-1.4906110E-01
3.800775E-08,-1.4906110E-01
3.805775E-08,-1.4911381E-01
3.810775E-08,-1.4911381E-01
3.815775E-08,-1.4911381E-01
3.820775E-08,-1.4911381E-01
3.825775E-08,-1.4911381E-01
3.830775E-08,-1.4916652E-01
3.835775E-08,-1.4916652E-01
3.840775E-08,-1.4916652E-01
3.845775E-08,-1.4921923E-01
3.850775E-08,-1.4921923E-01
3.855775E-08,-1.4921923E-01
3.860775E-08,-1.4927194E-01
3.865775E-08,-1.4927194E-01
3.870775E-08,-1.4927194E-01
3.875775E-08,-1.4932464E-01
3.880775E-08,-1.4932464E-01
3.885775E-08,-1.4932464E-01
3.890775E-08,-1.4937735E-01
3.895775E-08,-1.4937735E-01
3.900775E-08,-1.4937735E-01
3.905775E-08,-1.4943006E-01
3.910775E-08,-1.4943006E-01
3.915775E-08,-1.4943006E-01
3.920775E-08,-1.4948277E-01
3.925775E-08,-1.4948277E-01
3.930775E-08,-1.4948277E-01
3.935775E-08,-1.4953548E-01
3.940775E-08,-1.4953548E-01
3.945775E-08,-1.4953548E-01
3.950775E-08,-1.4958819E-01
3.955775E-08,-1.4958819E-01
3.960775E-08,-1.4964090E-01
3.965775E-08,-1.4964090E-01
3.970775E-08,-1.4964090E-01
3.975775E-08,-1.4969361E-01
3.980775E-08,-1.4969361E-01
3.985775E-08,-1.4969361E-01
3.990775E-08,-1.4969361E-01
3.995775E-08,-1.4974632E-01
4.000775E-08,-1.4974632E-01
4.005775E-08,-1.4974632E-01
4.010775E-08,-1.4974632E-01
4.015775E-08,-1.4979903E-01
4.020775E-08,-1.4979903E-01
4.025775E-08,-1.4979903E-01
4.030775E-08,-1.4979903E-01
4.035775E-08,-1.4979903E-01
4.040775E-08,-1.4979903E-01
4.045775E-08,-1.4979903E-01
4.050775E-08,-1.4979903E-01
4.055775E-08,-1.4974632E-01
4.060775E-08,-1.4974632E-01
4.065775E-08,-1.4974632E-01
4.070775E-08,-1.4974632E-01
4.075775E-08,-1.4969361E-01
4.080775E-08,-1.4969361E-01
4.085775E-08,-1.4969361E-01
4.090775E-08,-1.4964090E-01
4.095775E-08,-1.4964090E-01
4.100775E-08,-1.4964090E-01
4.105775E-08,-1.4958819E-01
4.110775E-08,-1.4958819E-01
4.115775E-08,-1.4958819E-01
4.120775E-08,-1.4953548E-01
4.125775E-08,-1.4953548E-01
4.130775E-08,-1.4953548E-01
4.135775E-08,-1.4948277E-01
4.140775E-08,-1.4948277E-01
4.145775E-08,-1.4948277E-01
4.150775E-08,-1.4948277E-01
4.155775E-08,-1.4948277E-01
4.160775E-08,-1.4948277E-01
4.165775E-08,-1.4943006E-01
4.170775E-08,-1.4943006E-01
4.175775E-08,-1.4943006E-01
4.180775E-08,-1.4943006E-01
4.185775E-08,-1.4943006E-01
4.190775E-08,-1.4943006E-01
4.195775E-08,-1.4943006E-01
4.200775E-08,-1.4948277E-01
4.205775E-08,-1.4948277E-01
4.210775E-08,-1.4948277E-01
4.215775E-08,-1.4948277E-01
4.220775E-08,-1.4948277E-01
4.225775E-08,-1.4948277E-01
4.230775E-08,-1.4948277E-01
4.235775E-08,-1.4948277E-01
4.240775E-08,-1.4948277E-01
4.245775E-08,-1.4948277E-01
4.250775E-08,-1.4948277E-01
4.255775E-08,-1.4953548E-01
4.260775E-08,-1.4953548E-01
4.265775E-08,-1.4953548E-01
4.270775E-08,-1.4953548E-01
4.275775E-08,-1.4953548E-01
4.280775E-08,-1.4953548E-01
4.285775E-08,-1.4953548E-01
4.290775E-08,-1.4953548E-01
4.295775E-08,-1.4953548E-01
4.300775E-08,-1.4953548E-01
4.305775E-08,-1.4953548E-01
4.310775E-08,-1.4953548E-01
4.315775E-08,-1.4953548E-01
4.320775E-08,-1.4953548E-01
4.325775E-08,-1.4953548E-01
4.330775E-08,-1.4953548E-01
4.335775E-08,-1.4953548E-01
4.340775E-08,-1.4953548E-01
4.345775E-08,-1.4953548E-01
4.350775E-08,-1.4953548E-01
4.355775E-08,-1.4953548E-01
4.360775E-08,-1.4953548E-01
4.365775E-08,-1.4953548E-01
4.370775E-08,-1.4953548E-01
4.375775E-08,-1.4953548E-01
4.380775E-08,-1.4953548E-01
4.385775E-08,-1.4953548E-01
4.390775E-08,-1.4953548E-01
4.395775E-08,-1.4953548E-01
4.400775E-08,-1.4953548E-01
4.405775E-08,-1.4948277E-01
4.410775E-08,-1.4948277E-01
4.415775E-08,-1.4948277E-01
4.420775E-08,-1.4948277E-01
4.425775E-08,-1.4948277E-01
4.430775E-08,-1.4948277E-01
4.435775E-08,-1.4943006E-01
4.440775E-08,-1.4943006E-01
4.445775E-08,-1.4943006E-01
4.450775E-08,-1.4943006E-01
4.455775E-08,-1.4937735E-01
4.460775E-08,-1.4937735E-01
4.465775E-08,-1.4937735E-01
4.470775E-08,-1.4937735E-01
4.475775E-08,-1.4932464E-01
4.480775E-08,-1.4932464E-01
4.485775E-08,-1.4932464E-01
4.490775E-08,-1.4932464E-01
4.495775E-08,-1.4932464E-01
4.500775E-08,-1.4932464E-01
4.505775E-08,-1.4932464E-01
4.510775E-08,-1.4932464E-01
4.515775E-08,-1.4932464E-01
4.520775E-08,-1.4932464E-01
4.525775E-08,-1.4932464E-01
4.530775E-08,-1.4932464E-01
4.535775E-08,-1.4937735E-01
4.540775E-08,-1.4937735E-01
4.545775E-08,-1.4943006E-01
4.550775E-08,-1.4943006E-01
4.555775E-08,-1.4948277E-01
4.560775E-08,-1.4948277E-01
4.565775E-08,-1.4953548E-01
4.570775E-08,-1.4953548E-01
4.575775E-08,-1.4958819E-01
4.580775E-08,-1.4964090E-01
4.585775E-08,-1.4964090E-01
4.590775E-08,-1.4969361E-01
4.595775E-08,-1.4969361E-01
4.600775E-08,-1.4974632E-01
4.605775E-08,-1.4974632E-01
4.610775E-08,-1.4979903E-01
4.615775E-08,-1.4979903E-01
4.620775E-08,-1.4985173E-01
4.625775E-08,-1.4985173E-01
4.630775E-08,-1.4985173E-01
4.635775E-08,-1.4990444E-01
4.640775E-08,-1.4990444E-01
4.645775E-08,-1.4990444E-01
4.650775E-08,-1.4990444E-01
4.655775E-08,-1.4990444E-01
4.660775E-08,-1.4990444E-01
4.665775E-08,-1.4985173E-01
4.670775E-08,-1.4985173E-01
4.675775E-08,-1.4985173E-01
4.680775E-08,-1.4985173E-01
4.685775E-08,-1.4979903E-01
4.690775E-08,-1.4979903E-01
4.695775E-08,-1.4974632E-01
4.700775E-08,-1.4974632E-01
4.705775E-08,-1.4974632E-01
4.710775E-08,-1.4969361E-01
4.715775E-08,-1.4969361E-01
4.720775E-08,-1.4969361E-01
4.725775E-08,-1.4969361E-01
4.730775E-08,-1.4964090E-01
4.735775E-08,-1.4964090E-01
4.740775E-08,-1.4964090E-01
4.745775E-08,-1.4964090E-01
4.750775E-08,-1.4964090E-01
4.755775E-08,-1.4969361E-01
4.760775E-08,-1.4969361E-01
4.765775E-08,-1.4969361E-01
4.770775E-08,-1.4974632E-01
4.775775E-08,-1.4974632E-01
4.780775E-08,-1.4979903E-01
4.785775E-08,-1.4979903E-01
4.790775E-08,-1.4985173E-01
4.795775E-08,-1.4985173E-01
4.800775E-08,-1.4990444E-01
4.805775E-08,-1.4990444E-01
4.810775E-08,-1.4995715E-01
4.815775E-08,-1.5000986E-01
4.820775E-08,-1.5000986E-01
4.825775E-08,-1.5006257E-01
4.830775E-08,-1.5006257E-01
4.835775E-08,-1.5011528E-01
4.840775E-08,-1.5011528E-01
4.845775E-08,-1.5011528E-01
4.850775E-08,-1.5011528E-01
4.855775E-08,-1.5016799E-01
4.860775E-08,-1.5016799E-01
4.865775E-08,-1.5016799E-01
4.870775E-08,-1.5016799E-01
4.875775E-08,-1.5011528E-01
4.880775E-08,-1.5011528E-01
4.885775E-08,-1.5011528E-01
4.890775E-08,-1.5006257E-01
4.895775E-08,-1.5006257E-01
4.900775E-08,-1.5000986E-01
4.905775E-08,-1.5000986E-01
4.910775E-08,-1.4995715E-01
4.915775E-08,-1.4990444E-01
4.920775E-08,-1.4985173E-01
4.925775E-08,-1.4985173E-01
4.930775E-08,-1.4979903E-01
4.935775E-08,-1.4974632E-01
4.940775E-08,-1.4974632E-01
4.945775E-08,-1.4969361E-01
4.950775E-08,-1.4964090E-01
4.955775E-08,-1.4964090E-01
4.960775E-08,-1.4958819E-01
4.965775E-08,-1.4958819E-01
4.970775E-08,-1.4958819E-01
4.975775E-08,-1.4953548E-01
4.980775E-08,-1.4953548E-01
4.985775E-08,-1.4953548E-01
4.990775E-08,-1.4953548E-01
4.995775E-08,-1.4953548E-01
5.000775E-08,-1.4953548E-01
5.005775E-08,-1.4958819E-01
5.010775E-08,-1.4958819E-01
5.015775E-08,-1.4958819E-01
5.020775E-08,-1.4964090E-01
5.025775E-08,-1.4964090E-01
5.030775E-08,-1.4964090E-01
5.035775E-08,-1.4969361E-01
5.040775E-08,-1.4969361E-01
5.045775E-08,-1.4974632E-01
5.050775E-08,-1.4974632E-01
5.055775E-08,-1.4979903E-01
5.060775E-08,-1.4979903E-01
5.065775E-08,-1.4985173E-01
5.070775E-08,-1.4985173E-01
5.075775E-08,-1.4985173E-01
5.080775E-08,-1.4985173E-01
5.085775E-08,-1.4990444E-01
5.090775E-08,-1.4990444E-01
5.095775E-08,-1.4990444E-01
5.100775E-08,-1.4990444E-01
5.105775E-08,-1.4990444E-01
5.110775E-08,-1.4985173E-01
5.115775E-08,-1.4985173E-01
5.120775E-08,-1.4985173E-01
5.125775E-08,-1.4985173E-01
5.130775E-08,-1.4979903E-01
5.135775E-08,-1.4979903E-01
5.140775E-08,-1.4979903E-01
5.145775E-08,-1.4974632E-01
5.150775E-08,-1.4974632E-01
5.155775E-08,-1.4974632E-01
5.160775E-08,-1.4974632E-01
5.165775E-08,-1.4969361E-01
5.170775E-08,-1.4969361E-01
5.175775E-08,-1.4969361E-01
5.180775E-08,-1.4969361E-01
5.185775E-08,-1.4969361E-01
5.190775E-08,-1.4969361E-01
5.195775E-08,-1.4969361E-01
5.200775E-08,-1.4969361E-01
5.205775E-08,-1.4969361E-01
5.210775E-08,-1.4969361E-01
5.215775E-08,-1.4969361E-01
5.220775E-08,-1.4974632E-01
5.225775E-08,-1.4974632E-01
5.230775E-08,-1.4979903E-01
5.235775E-08,-1.4979903E-01
5.240775E-08,-1.4985173E-01
5.245775E-08,-1.4985173E-01
5.250775E-08,-1.4990444E-01
5.255775E-08,-1.4995715E-01
5.260775E-08,-1.4995715E-01
5.265775E-08,-1.5000986E-01
5.270775E-08,-1.5006257E-01
5.275775E-08,-1.5006257E-01
5.280775E-08,-1.5011528E-01
5.285775E-08,-1.5016799E-01
5.290775E-08,-1.5016799E-01
5.295775E-08,-1.5022070E-01
5.300775E-08,-1.5022070E-01
5.305775E-08,-1.5027341E-01
5.310775E-08,-1.5027341E-01
5.315775E-08,-1.5032612E-01
5.320775E-08,-1.5032612E-01
5.325775E-08,-1.5032612E-01
5.330775E-08,-1.5037883E-01
5.335775E-08,-1.5037883E-01
5.340775E-08,-1.5037883E-01
5.345775E-08,-1.5037883E-01
5.350775E-08,-1.5037883E-01
5.355775E-08,-1.5037883E-01
5.360775E-08,-1.5037883E-01
5.365775E-08,-1.5032612E-01
5.370775E-08,-1.5032612E-01
5.375775E-08,-1.5032612E-01
5.380775E-08,-1.5032612E-01
5.385775E-08,-1.5027341E-01
5.390775E-08,-1.5027341E-01
5.395775E-08,-1.5022070E-01
5.400775E-08,-1.5022070E-01
5.405775E-08,-1.5016799E-01
5.410775E-08,-1.5016799E-01
5.415775E-08,-1.5011528E-01
5.420775E-08,-1.5011528E-01
5.425775E-08,-1.5006257E-01
5.430775E-08,-1.5006257E-01
5.435775E-08,-1.5000986E-01
5.440775E-08,-1.5000986E-01
5.445775E-08,-1.4995715E-01
5.450775E-08,-1.4995715E-01
5.455775E-08,-1.4990444E-01
5.460775E-08,-1.4990444E-01
5.465775E-08,-1.4985173E-01
5.470775E-08,-1.4985173E-01
5.475775E-08,-1.4979903E-01
5.480775E-08,-1.4979903E-01
5.485775E-08,-1.4979903E-01
5.490775E-08,-1.4974632E-01
5.495775E-08,-1.4974632E-01
5.500775E-08,-1.4974632E-01
5.505775E-08,-1.4969361E-01
5.510775E-08,-1.4969361E-01
5.515775E-08,-1.4969361E-01
5.520775E-08,-1.4969361E-01
5.525775E-08,-1.4964090E-01
5.530775E-08,-1.4964090E-01
5.535775E-08,-1.4964090E-01
5.540775E-08,-1.4964090E-01
5.545775E-08,-1.4964090E-01
5.550775E-08,-1.4964090E-01
5.555775E-08,-1.4969361E-01
5.560775E-08,-1.4969361E-01
5.565775E-08,-1.4969361E-01
5.570775E-08,-1.4974632E-01
5.575775E-08,-1.4974632E-01
5.580775E-08,-1.4974632E-01
5.585775E-08,-1.4979903E-01
5.590775E-08,-1.4985173E-01
5.595775E-08,-1.4985173E-01
5.600775E-08,-1.4990444E-01
5.605775E-08,-1.4990444E-01
5.610775E-08,-1.4995715E-01
5.615775E-08,-1.5000986E-01
5.620775E-08,-1.5006257E-01
5.625775E-08,-1.5006257E-01
5.630775E-08,-1.5011528E-01
5.635775E-08,-1.5016799E-01
5.640775E-08,-1.5022070E-01
5.645775E-08,-1.5022070E-01
5.650775E-08,-1.5027341E-01
5.655775E-08,-1.5032612E-01
5.660775E-08,-1.5032612E-01
5.665775E-08,-1.5037883E-01
5.670775E-08,-1.5037883E-01
5.675775E-08,-1.5037883E-01
5.680775E-08,-1.5043153E-01
5.685775E-08,-1.5043153E-01
5.690775E-08,-1.5043153E-01
5.695775E-08,-1.5043153E-01
5.700775E-08,-1.5043153E-01
5.705775E-08,-1.5043153E-01
5.710775E-08,-1.5037883E-01
5.715775E-08,-1.5037883E-01
5.720775E-08,-1.5032612E-01
5.725775E-08,-1.5032612E-01
5.730775E-08,-1.5027341E-01
5.735775E-08,-1.5027341E-01
5.740775E-08,-1.5022070E-01
5.745775E-08,-1.5016799E-01
5.750775E-08,-1.5011528E-01
5.755775E-08,-1.5006257E-01
5.760775E-08,-1.5000986E-01
5.765775E-08,-1.4995715E-01
5.770775E-08,-1.4990444E-01
5.775775E-08,-1.4985173E-01
5.780775E-08,-1.4979903E-01
5.785775E-08,-1.4974632E-01
5.790775E-08,-1.4969361E-01
5.795775E-08,-1.4964090E-01
5.800775E-08,-1.4964090E-01
5.805775E-08,-1.4958819E-01
5.810775E-08,-1.4953548E-01
5.815775E-08,-1.4948277E-01
5.820775E-08,-1.4948277E-01
5.825775E-08,-1.4943006E-01
5.830775E-08,-1.4943006E-01
5.835775E-08,-1.4937735E-01
5.840775E-08,-1.4937735E-01
5.845775E-08,-1.4937735E-01
5.850775E-08,-1.4932464E-01
5.855775E-08,-1.4932464E-01
5.860775E-08,-1.4932464E-01
5.865775E-08,-1.4932464E-01
5.870775E-08,-1.4932464E-01
5.875775E-08,-1.4932464E-01
5.880775E-08,-1.4932464E-01
5.885775E-08,-1.4932464E-01
5.890775E-08,-1.4932464E-01
5.895775E-08,-1.4932464E-01
5.900775E-08,-1.4932464E-01
5.905775E-08,-1.4932464E-01
5.910775E-08,-1.4932464E-01
5.915775E-08,-1.4932464E-01
5.920775E-08,-1.4932464E-01
5.925775E-08,-1.4932464E-01
5.930775E-08,-1.4932464E-01
5.935775E-08,-1.4932464E-01
5.940775E-08,-1.4932464E-01
5.945775E-08,-1.4932464E-01
5.950775E-08,-1.4932464E-01
5.955775E-08,-1.4927194E-01
5.960775E-08,-1.4927194E-01
5.965775E-08,-1.4927194E-01
5.970775E-08,-1.4927194E-01
5.975775E-08,-1.4927194E-01
5.980775E-08,-1.4927194E-01
5.985775E-08,-1.4932464E-01
5.990775E-08,-1.4932464E-01
5.995775E-08,-1.4932464E-01
6.000775E-08,-1.4932464E-01
6.005775E-08,-1.4937735E-01
6.010775E-08,-1.4937735E-01
6.015775E-08,-1.4943006E-01
6.020775E-08,-1.4943006E-01
6.025775E-08,-1.4948277E-01
6.030775E-08,-1.4953548E-01
6.035775E-08,-1.4958819E-01
6.040775E-08,-1.4964090E-01
6.045775E-08,-1.4969361E-01
6.050775E-08,-1.4974632E-01
6.055775E-08,-1.4979903E-01
6.060775E-08,-1.4985173E-01
6.065775E-08,-1.4990444E-01
6.070775E-08,-1.4995715E-01
6.075775E-08,-1.5000986E-01
6.080775E-08,-1.5011528E-01
6.085775E-08,-1.5016799E-01
6.090775E-08,-1.5022070E-01
6.095775E-08,-1.5027341E-01
6.100775E-08,-1.5032612E-01
6.105775E-08,-1.5037883E-01
6.110775E-08,-1.5043153E-01
6.115775E-08,-1.5048424E-01
6.120775E-08,-1.5053695E-01
6.125775E-08,-1.5058966E-01
6.130775E-08,-1.5058966E-01
6.135775E-08,-1.5064237E-01
6.140775E-08,-1.5064237E-01
6.145775E-08,-1.5064237E-01
6.150775E-08,-1.5064237E-01
6.155775E-08,-1.5064237E-01
6.160775E-08,-1.5064237E-01
6.165775E-08,-1.5058966E-01
6.170775E-08,-1.5058966E-01
6.175775E-08,-1.5053695E-01
6.180775E-08,-1.5053695E-01
6.185775E-08,-1.5048424E-01
6.190775E-08,-1.5043153E-01
6.195775E-08,-1.5037883E-01
6.200775E-08,-1.5032612E-01
6.205775E-08,-1.5027341E-01
6.210775E-08,-1.5027341E-01
6.215775E-08,-1.5022070E-01
6.220775E-08,-1.5016799E-01
6.225775E-08,-1.5011528E-01
6.230775E-08,-1.5006257E-01
6.235775E-08,-1.5000986E-01
6.240775E-08,-1.4995715E-01
6.245775E-08,-1.4995715E-01
6.250775E-08,-1.4990444E-01
6.255775E-08,-1.4990444E-01
6.260775E-08,-1.4990444E-01
6.265775E-08,-1.4985173E-01
6.270775E-08,-1.4985173E-01
6.275775E-08,-1.4985173E-01
6.280775E-08,-1.4990444E-01
6.285775E-08,-1.4990444E-01
6.290775E-08,-1.4990444E-01
6.295775E-08,-1.4995715E-01
6.300775E-08,-1.4995715E-01
6.305775E-08,-1.5000986E-01
6.310775E-08,-1.5000986E-01
6.315775E-08,-1.5006257E-01
6.320775E-08,-1.5011528E-01
6.325775E-08,-1.5011528E-01
6.330775E-08,-1.5016799E-01
6.335775E-08,-1.5022070E-01
6.340775E-08,-1.5022070E-01
6.345775E-08,-1.5027341E-01
6.350775E-08,-1.5027341E-01
6.355775E-08,-1.5032612E-01
6.360775E-08,-1.5032612E-01
6.365775E-08,-1.5032612E-01
6.370775E-08,-1.5032612E-01
6.375775E-08,-1.5032612E-01
6.380775E-08,-1.5032612E-01
6.385775E-08,-1.5032612E-01
6.390775E-08,-1.5032612E-01
6.395775E-08,-1.5027341E-01
6.400775E-08,-1.5022070E-01
6.405775E-08,-1.5022070E-01
6.410775E-08,-1.5016799E-01
6.415775E-08,-1.5011528E-01
6.420775E-08,-1.5006257E-01
6.425775E-08,-1.5000986E-01
6.430775E-08,-1.4990444E-01
6.435775E-08,-1.4985173E-01
6.440775E-08,-1.4979903E-01
6.445775E-08,-1.4969361E-01
6.450775E-08,-1.4964090E-01
6.455775E-08,-1.4958819E-01
6.460775E-08,-1.4953548E-01
6.465775E-08,-1.4943006E-01
6.470775E-08,-1.4937735E-01
6.475775E-08,-1.4932464E-01
6.480775E-08,-1.4927194E-01
6.485775E-08,-1.4921923E-01
6.490775E-08,-1.4921923E-01
6.495775E-08,-1.4916652E-01
6.500775E-08,-1.4916652E-01
6.505775E-08,-1.4911381E-01
6.510775E-08,-1.4911381E-01
6.515775E-08,-1.4911381E-01
6.520775E-08,-1.4911381E-01
6.525775E-08,-1.4911381E-01
6.530775E-08,-1.4916652E-01
6.535775E-08,-1.4916652E-01
6.540775E-08,-1.4921923E-01
6.545775E-08,-1.4927194E-01
6.550775E-08,-1.4932464E-01
6.555775E-08,-1.4937735E-01
6.560775E-08,-1.4943006E-01
6.565775E-08,-1.4948277E-01
6.570775E-08,-1.4953548E-01
6.575775E-08,-1.4958819E-01
6.580775E-08,-1.4964090E-01
6.585775E-08,-1.4969361E-01
6.590775E-08,-1.4974632E-01
6.595775E-08,-1.4979903E-01
6.600775E-08,-1.4985173E-01
6.605775E-08,-1.4990444E-01
6.610775E-08,-1.4995715E-01
6.615775E-08,-1.4995715E-01
6.620775E-08,-1.5000986E-01
6.625775E-08,-1.5000986E-01
6.630775E-08,-1.5006257E-01
6.635775E-08,-1.5006257E-01
6.640775E-08,-1.5006257E-01
6.645775E-08,-1.5006257E-01
6.650775E-08,-1.5000986E-01
6.655775E-08,-1.5000986E-01
6.660775E-08,-1.4995715E-01
6.665775E-08,-1.4990444E-01
6.670775E-08,-1.4990444E-01
6.675775E-08,-1.4985173E-01
6.680775E-08,-1.4974632E-01
6.685775E-08,-1.4969361E-01
6.690775E-08,-1.4964090E-01
6.695775E-08,-1.4958819E-01
6.700775E-08,-1.4948277E-01
6.705775E-08,-1.4943006E-01
6.710775E-08,-1.4932464E-01
6.715775E-08,-1.4927194E-01
6.720775E-08,-1.4921923E-01
6.725775E-08,-1.4911381E-01
6.730775E-08,-1.4906110E-01
6.735775E-08,-1.4900839E-01
6.740775E-08,-1.4890297E-01
6.745775E-08,-1.4885026E-01
6.750775E-08,-1.4879755E-01
6.755775E-08,-1.4879755E-01
6.760775E-08,-1.4874485E-01
6.765775E-08,-1.4874485E-01
6.770775E-08,-1.4869214E-01
6.775775E-08,-1.4869214E-01
6.780775E-08,-1.4869214E-01
6.785775E-08,-1.4869214E-01
6.790775E-08,-1.4869214E-01
6.795775E-08,-1.4874485E-01
6.800775E-08,-1.4874485E-01
6.805775E-08,-1.4879755E-01
6.810775E-08,-1.4885026E-01
6.815775E-08,-1.4890297E-01
6.820775E-08,-1.4895568E-01
6.825775E-08,-1.4900839E-01
6.830775E-08,-1.4906110E-01
6.835775E-08,-1.4916652E-01
6.840775E-08,-1.4921923E-01
6.845775E-08,-1.4927194E-01
6.850775E-08,-1.4932464E-01
6.855775E-08,-1.4943006E-01
6.860775E-08,-1.4948277E-01
6.865775E-08,-1.4953548E-01
6.870775E-08,-1.4958819E-01
6.875775E-08,-1.4964090E-01
6.880775E-08,-1.4969361E-01
6.885775E-08,-1.4974632E-01
6.890775E-08,-1.4974632E-01
6.895775E-08,-1.4979903E-01
6.900775E-08,-1.4979903E-01
6.905775E-08,-1.4985173E-01
6.910775E-08,-1.4985173E-01
6.915775E-08,-1.4985173E-01
6.920775E-08,-1.4979903E-01
6.925775E-08,-1.4979903E-01
6.930775E-08,-1.4979903E-01
6.935775E-08,-1.4974632E-01
6.940775E-08,-1.4969361E-01
6.945775E-08,-1.4969361E-01
6.950775E-08,-1.4964090E-01
6.955775E-08,-1.4958819E-01
6.960775E-08,-1.4953548E-01
6.965775E-08,-1.4953548E-01
6.970775E-08,-1.4948277E-01
6.975775E-08,-1.4943006E-01
6.980775E-08,-1.4937735E-01
6.985775E-08,-1.4937735E-01
6.990775E-08,-1.4932464E-01
6.995775E-08,-1.4927194E-01
7.000775E-08,-1.4927194E-01
7.005775E-08,-1.4927194E-01
7.010775E-08,-1.4921923E-01
7.015775E-08,-1.4921923E-01
7.020775E-08,-1.4921923E-01
7.025775E-08,-1.4921923E-01
7.030775E-08,-1.4927194E-01
7.035775E-08,-1.4927194E-01
7.040775E-08,-1.4927194E-01
7.045775E-08,-1.4932464E-01
7.050775E-08,-1.4937735E-01
7.055775E-08,-1.4937735E-01
7.060775E-08,-1.4943006E-01
7.065775E-08,-1.4948277E-01
7.070775E-08,-1.4953548E-01
7.075775E-08,-1.4958819E-01
7.080775E-08,-1.4958819E-01
7.085775E-08,-1.4964090E-01
7.090775E-08,-1.4969361E-01
7.095775E-08,-1.4974632E-01
7.100775E-08,-1.4974632E-01
7.105775E-08,-1.4979903E-01
7.110775E-08,-1.4985173E-01
7.115775E-08,-1.4985173E-01
7.120775E-08,-1.4985173E-01
7.125775E-08,-1.4985173E-01
7.130775E-08,-1.4985173E-01
7.135775E-08,-1.4985173E-01
7.140775E-08,-1.4985173E-01
7.145775E-08,-1.4985173E-01
7.150775E-08,-1.4985173E-01
7.155775E-08,-1.4979903E-01
7.160775E-08,-1.4979903E-01
7.165775E-08,-1.4974632E-01
7.170775E-08,-1.4974632E-01
7.175775E-08,-1.4969361E-01
7.180775E-08,-1.4969361E-01
7.185775E-08,-1.4964090E-01
7.190775E-08,-1.4964090E-01
7.195775E-08,-1.4958819E-01
7.200775E-08,-1.4953548E-01
7.205775E-08,-1.4953548E-01
7.210775E-08,-1.4953548E-01
7.215775E-08,-1.4948277E-01
7.220775E-08,-1.4948277E-01
7.225775E-08,-1.4948277E-01
7.230775E-08,-1.4948277E-01
7.235775E-08,-1.4948277E-01
7.240775E-08,-1.4953548E-01
7.245775E-08,-1.4953548E-01
7.250775E-08,-1.4953548E-01
7.255775E-08,-1.4958819E-01
7.260775E-08,-1.4964090E-01
7.265775E-08,-1.4964090E-01
7.270775E-08,-1.4969361E-01
7.275775E-08,-1.4974632E-01
7.280775E-08,-1.4979903E-01
7.285775E-08,-1.4985173E-01
7.290775E-08,-1.4990444E-01
7.295775E-08,-1.4990444E-01
7.300775E-08,-1.4995715E-01
7.305775E-08,-1.5000986E-01
7.310775E-08,-1.5000986E-01
7.315775E-08,-1.5006257E-01
7.320775E-08,-1.5006257E-01
7.325775E-08,-1.5011528E-01
7.330775E-08,-1.5011528E-01
7.335775E-08,-1.5011528E-01
7.340775E-08,-1.5011528E-01
7.345775E-08,-1.5011528E-01
7.350775E-08,-1.5006257E-01
7.355775E-08,-1.5006257E-01
7.360775E-08,-1.5000986E-01
7.365775E-08,-1.4995715E-01
7.370775E-08,-1.4995715E-01
7.375775E-08,-1.4990444E-01
7.380775E-08,-1.4985173E-01
7.385775E-08,-1.4979903E-01
7.390775E-08,-1.4969361E-01
7.395775E-08,-1.4964090E-01
7.400775E-08,-1.4958819E-01
7.405775E-08,-1.4953548E-01
7.410775E-08,-1.4948277E-01
7.415775E-08,-1.4943006E-01
7.420775E-08,-1.4937735E-01
7.425775E-08,-1.4932464E-01
7.430775E-08,-1.4932464E-01
7.435775E-08,-1.4927194E-01
7.440775E-08,-1.4927194E-01
7.445775E-08,-1.4921923E-01
7.450775E-08,-1.4921923E-01
7.455775E-08,-1.4921923E-01
7.460775E-08,-1.4921923E-01
7.465775E-08,-1.4921923E-01
7.470775E-08,-1.4927194E-01
7.475775E-08,-1.4927194E-01
7.480775E-08,-1.4932464E-01
7.485775E-08,-1.4932464E-01
7.490775E-08,-1.4937735E-01
7.495775E-08,-1.4943006E-01
7.500775E-08,-1.4948277E-01
7.505775E-08,-1.4953548E-01
7.510775E-08,-1.4958819E-01
7.515775E-08,-1.4958819E-01
7.520775E-08,-1.4964090E-01
7.525775E-08,-1.4969361E-01
7.530775E-08,-1.4974632E-01
7.535775E-08,-1.4974632E-01
7.540775E-08,-1.4979903E-01
7.545775E-08,-1.4979903E-01
7.550775E-08,-1.4979903E-01
7.555775E-08,-1.4985173E-01
7.560775E-08,-1.4985173E-01
7.565775E-08,-1.4985173E-01
7.570775E-08,-1.4979903E-01
7.575775E-08,-1.4979903E-01
7.580775E-08,-1.4979903E-01
7.585775E-08,-1.4974632E-01
7.590775E-08,-1.4974632E-01
7.595775E-08,-1.4969361E-01
7.600775E-08,-1.4964090E-01
7.605775E-08,-1.4958819E-01
7.610775E-08,-1.4958819E-01
7.615775E-08,-1.4953548E-01
7.620775E-08,-1.4948277E-01
7.625775E-08,-1.4948277E-01
7.630775E-08,-1.4943006E-01
7.635775E-08,-1.4943006E-01
7.640775E-08,-1.4937735E-01
7.645775E-08,-1.4937735E-01
7.650775E-08,-1.4937735E-01
7.655775E-08,-1.4937735E-01
7.660775E-08,-1.4937735E-01
7.665775E-08,-1.4937735E-01
7.670775E-08,-1.4943006E-01
7.675775E-08,-1.4943006E-01
7.680775E-08,-1.4948277E-01
7.685775E-08,-1.4953548E-01
7.690775E-08,-1.4958819E-01
7.695775E-08,-1.4964090E-01
7.700775E-08,-1.4969361E-01
7.705775E-08,-1.4974632E-01
7.710775E-08,-1.4979903E-01
7.715775E-08,-1.4990444E-01
7.720775E-08,-1.4995715E-01
7.725775E-08,-1.5000986E-01
7.730775E-08,-1.5006257E-01
7.735775E-08,-1.5011528E-01
7.740775E-08,-1.5016799E-01
7.745775E-08,-1.5022070E-01
7.750775E-08,-1.5027341E-01
7.755775E-08,-1.5032612E-01
7.760775E-08,-1.5032612E-01
7.765775E-08,-1.5032612E-01
7.770775E-08,-1.5032612E-01
7.775775E-08,-1.5032612E-01
7.780775E-08,-1.5032612E-01
7.785775E-08,-1.5032612E-01
7.790775E-08,-1.5027341E-01
7.795775E-08,-1.5022070E-01
7.800775E-08,-1.5022070E-01
7.805775E-08,-1.5016799E-01
7.810775E-08,-1.5006257E-01
7.815775E-08,-1.5000986E-01
7.820775E-08,-1.4995715E-01
7.825775E-08,-1.4990444E-01
7.830775E-08,-1.4985173E-01
7.835775E-08,-1.4974632E-01
7.840775E-08,-1.4969361E-01
7.845775E-08,-1.4964090E-01
7.850775E-08,-1.4958819E-01
7.855775E-08,-1.4953548E-01
7.860775E-08,-1.4948277E-01
7.865775E-08,-1.4943006E-01
7.870775E-08,-1.4943006E-01
7.875775E-08,-1.4937735E-01
7.880775E-08,-1.4937735E-01
7.885775E-08,-1.4937735E-01
7.890775E-08,-1.4937735E-01
7.895775E-08,-1.4937735E-01
7.900775E-08,-1.4937735E-01
7.905775E-08,-1.4943006E-01
7.910775E-08,-1.4943006E-01
7.915775E-08,-1.4948277E-01
7.920775E-08,-1.4948277E-01
7.925775E-08,-1.4953548E-01
7.930775E-08,-1.4958819E-01
7.935775E-08,-1.4958819E-01
7.940775E-08,-1.4964090E-01
7.945775E-08,-1.4969361E-01
7.950775E-08,-1.4969361E-01
7.955775E-08,-1.4974632E-01
7.960775E-08,-1.4974632E-01
7.965775E-08,-1.4979903E-01
7.970775E-08,-1.4979903E-01
7.975775E-08,-1.4979903E-01
7.980775E-08,-1.4979903E-01
7.985775E-08,-1.4979903E-01
7.990775E-08,-1.4974632E-01
7.995775E-08,-1.4974632E-01
8.000775E-08,-1.4969361E-01
8.005775E-08,-1.4964090E-01
8.010775E-08,-1.4958819E-01
8.015775E-08,-1.4953548E-01
8.020775E-08,-1.4948277E-01
8.025775E-08,-1.4937735E-01
8.030775E-08,-1.4932464E-01
8.035775E-08,-1.4921923E-01
8.040775E-08,-1.4916652E-01
8.045775E-08,-1.4906110E-01
8.050775E-08,-1.4900839E-01
8.055775E-08,-1.4890297E-01
8.060775E-08,-1.4885026E-01
8.065775E-08,-1.4879755E-01
8.070775E-08,-1.4874485E-01
8.075775E-08,-1.4869214E-01
8.080775E-08,-1.4863943E-01
8.085775E-08,-1.4858672E-01
8.090775E-08,-1.4858672E-01
8.095775E-08,-1.4853401E-01
8.100775E-08,-1.4853401E-01
8.105775E-08,-1.4853401E-01
8.110775E-08,-1.4853401E-01
8.115775E-08,-1.4853401E-01
8.120775E-08,-1.4858672E-01
8.125775E-08,-1.4858672E-01
8.130775E-08,-1.4863943E-01
8.135775E-08,-1.4869214E-01
8.140775E-08,-1.4874485E-01
8.145775E-08,-1.4879755E-01
8.150775E-08,-1.4885026E-01
8.155775E-08,-1.4890297E-01
8.160775E-08,-1.4895568E-01
8.165775E-08,-1.4900839E-01
8.170775E-08,-1.4906110E-01
8.175775E-08,-1.4911381E-01
8.180775E-08,-1.4916652E-01
8.185775E-08,-1.4921923E-01
8.190775E-08,-1.4927194E-01
8.195775E-08,-1.4927194E-01
8.200775E-08,-1.4932464E-01
8.205775E-08,-1.4937735E-01
8.210775E-08,-1.4937735E-01
8.215775E-08,-1.4937735E-01
8.220775E-08,-1.4943006E-01
8.225775E-08,-1.4943006E-01
8.230775E-08,-1.4943006E-01
8.235775E-08,-1.4943006E-01
8.240775E-08,-1.4943006E-01
8.245775E-08,-1.4943006E-01
8.250775E-08,-1.4943006E-01
8.255775E-08,-1.4943006E-01
8.260775E-08,-1.4943006E-01
8.265775E-08,-1.4943006E-01
8.270775E-08,-1.4943006E-01
8.275775E-08,-1.4948277E-01
8.280775E-08,-1.4948277E-01
8.285775E-08,-1.4948277E-01
8.290775E-08,-1.4953548E-01
8.295775E-08,-1.4953548E-01
8.300775E-08,-1.4958819E-01
8.305775E-08,-1.4964090E-01
8.310775E-08,-1.4969361E-01
8.315775E-08,-1.4974632E-01
8.320775E-08,-1.4979903E-01
8.325775E-08,-1.4985173E-01
8.330775E-08,-1.4990444E-01
8.335775E-08,-1.5000986E-01
8.340775E-08,-1.5006257E-01
8.345775E-08,-1.5011528E-01
8.350775E-08,-1.5016799E-01
8.355775E-08,-1.5027341E-01
8.360775E-08,-1.5032612E-01
8.365775E-08,-1.5037883E-01
8.370775E-08,-1.5043153E-01
8.375775E-08,-1.5048424E-01
8.380775E-08,-1.5053695E-01
8.385775E-08,-1.5053695E-01
8.390775E-08,-1.5058966E-01
8.395775E-08,-1.5058966E-01
8.400775E-08,-1.5058966E-01
8.405775E-08,-1.5058966E-01
8.410775E-08,-1.5058966E-01
8.415775E-08,-1.5053695E-01
8.420775E-08,-1.5053695E-01
8.425775E-08,-1.5048424E-01
8.430775E-08,-1.5043153E-01
8.435775E-08,-1.5037883E-01
8.440775E-08,-1.5032612E-01
8.445775E-08,-1.5027341E-01
8.450775E-08,-1.5016799E-01
8.455775E-08,-1.5011528E-01
8.460775E-08,-1.5006257E-01
8.465775E-08,-1.4995715E-01
8.470775E-08,-1.4990444E-01
8.475775E-08,-1.4985173E-01
8.480775E-08,-1.4979903E-01
8.485775E-08,-1.4969361E-01
8.490775E-08,-1.4964090E-01
8.495775E-08,-1.4958819E-01
8.500775E-08,-1.4958819E-01
8.505775E-08,-1.4953548E-01
8.510775E-08,-1.4953548E-01
8.515775E-08,-1.4948277E-01
8.520775E-08,-1.4948277E-01
8.525775E-08,-1.4948277E-01
8.530775E-08,-1.4948277E-01
8.535775E-08,-1.4948277E-01
8.540775E-08,-1.4953548E-01
8.545775E-08,-1.4953548E-01
8.550775E-08,-1.4958819E-01
8.555775E-08,-1.4964090E-01
8.560775E-08,-1.4964090E-01
8.565775E-08,-1.4969361E-01
8.570775E-08,-1.4974632E-01
8.575775E-08,-1.4979903E-01
8.580775E-08,-1.4985173E-01
8.585775E-08,-1.4985173E-01
8.590775E-08,-1.4990444E-01
8.595775E-08,-1.4995715E-01
8.600775E-08,-1.5000986E-01
8.605775E-08,-1.5000986E-01
8.610775E-08,-1.5006257E-01
8.615775E-08,-1.5006257E-01
8.620775E-08,-1.5006257E-01
8.625775E-08,-1.5006257E-01
8.630775E-08,-1.5011528E-01
8.635775E-08,-1.5011528E-01
8.640775E-08,-1.5011528E-01
8.645775E-08,-1.5011528E-01
8.650775E-08,-1.5006257E-01
8.655775E-08,-1.5006257E-01
8.660775E-08,-1.5006257E-01
8.665775E-08,-1.5006257E-01
8.670775E-08,-1.5000986E-01
8.675775E-08,-1.5000986E-01
8.680775E-08,-1.5000986E-01
8.685775E-08,-1.4995715E-01
8.690775E-08,-1.4995715E-01
8.695775E-08,-1.4995715E-01
8.700775E-08,-1.4995715E-01
8.705775E-08,-1.4995715E-01
8.710775E-08,-1.4995715E-01
8.715775E-08,-1.4995715E-01
8.720775E-08,-1.4995715E-01
8.725775E-08,-1.4995715E-01
8.730775E-08,-1.4995715E-01
8.735775E-08,-1.4995715E-01
8.740775E-08,-1.4995715E-01
8.745775E-08,-1.5000986E-01
8.750775E-08,-1.5000986E-01
8.755775E-08,-1.5000986E-01
8.760775E-08,-1.5000986E-01
8.765775E-08,-1.5006257E-01
8.770775E-08,-1.5006257E-01
8.775775E-08,-1.5006257E-01
8.780775E-08,-1.5006257E-01
8.785775E-08,-1.5006257E-01
8.790775E-08,-1.5006257E-01
8.795775E-08,-1.5006257E-01
8.800775E-08,-1.5006257E-01
8.805775E-08,-1.5006257E-01
8.810775E-08,-1.5000986E-01
8.815775E-08,-1.5000986E-01
8.820775E-08,-1.4995715E-01
8.825775E-08,-1.4990444E-01
8.830775E-08,-1.4990444E-01
8.835775E-08,-1.4985173E-01
8.840775E-08,-1.4979903E-01
8.845775E-08,-1.4974632E-01
8.850775E-08,-1.4969361E-01
8.855775E-08,-1.4964090E-01
8.860775E-08,-1.4958819E-01
8.865775E-08,-1.4953548E-01
8.870775E-08,-1.4948277E-01
8.875775E-08,-1.4948277E-01
8.880775E-08,-1.4943006E-01
8.885775E-08,-1.4937735E-01
8.890775E-08,-1.4932464E-01
8.895775E-08,-1.4932464E-01
8.900775E-08,-1.4927194E-01
8.905775E-08,-1.4927194E-01
8.910775E-08,-1.4921923E-01
8.915775E-08,-1.4921923E-01
8.920775E-08,-1.4921923E-01
8.925775E-08,-1.4921923E-01
8.930775E-08,-1.4921923E-01
8.935775E-08,-1.4921923E-01
8.940775E-08,-1.4921923E-01
8.945775E-08,-1.4921923E-01
8.950775E-08,-1.4921923E-01
8.955775E-08,-1.4921923E-01
8.960775E-08,-1.4927194E-01
8.965775E-08,-1.4927194E-01
8.970775E-08,-1.4927194E-01
8.975775E-08,-1.4927194E-01
8.980775E-08,-1.4932464E-01
8.985775E-08,-1.4932464E-01
8.990775E-08,-1.4932464E-01
8.995775E-08,-1.4932464E-01
9.000775E-08,-1.4932464E-01
9.005775E-08,-1.4932464E-01
9.010775E-08,-1.4927194E-01
9.015775E-08,-1.4927194E-01
9.020775E-08,-1.4927194E-01
9.025775E-08,-1.4921923E-01
9.030775E-08,-1.4921923E-01
9.035775E-08,-1.4921923E-01
9.040775E-08,-1.4916652E-01
9.045775E-08,-1.4911381E-01
9.050775E-08,-1.4911381E-01
9.055775E-08,-1.4906110E-01
9.060775E-08,-1.4906110E-01
9.065775E-08,-1.4900839E-01
9.070775E-08,-1.4900839E-01
9.075775E-08,-1.4900839E-01
9.080775E-08,-1.4895568E-01
9.085775E-08,-1.4895568E-01
9.090775E-08,-1.4895568E-01
9.095775E-08,-1.4895568E-01
9.100775E-08,-1.4895568E-01
9.105775E-08,-1.4895568E-01
9.110775E-08,-1.4895568E-01
9.115775E-08,-1.4900839E-01
9.120775E-08,-1.4900839E-01
9.125775E-08,-1.4906110E-01
9.130775E-08,-1.4911381E-01
9.135775E-08,-1.4916652E-01
9.140775E-08,-1.4916652E-01
9.145775E-08,-1.4921923E-01
9.150775E-08,-1.4927194E-01
9.155775E-08,-1.4932464E-01
9.160775E-08,-1.4937735E-01
9.165775E-08,-1.4943006E-01
9.170775E-08,-1.4948277E-01
9.175775E-08,-1.4953548E-01
9.180775E-08,-1.4958819E-01
9.185775E-08,-1.4964090E-01
9.190775E-08,-1.4964090E-01
9.195775E-08,-1.4969361E-01
9.200775E-08,-1.4969361E-01
9.205775E-08,-1.4974632E-01
9.210775E-08,-1.4974632E-01
9.215775E-08,-1.4974632E-01
9.220775E-08,-1.4974632E-01
9.225775E-08,-1.4974632E-01
9.230775E-08,-1.4969361E-01
9.235775E-08,-1.4969361E-01
9.240775E-08,-1.4964090E-01
9.245775E-08,-1.4964090E-01
9.250775E-08,-1.4958819E-01
9.255775E-08,-1.4953548E-01
9.260775E-08,-1.4953548E-01
9.265775E-08,-1.4948277E-01
9.270775E-08,-1.4943006E-01
9.275775E-08,-1.4937735E-01
9.280775E-08,-1.4932464E-01
9.285775E-08,-1.4932464E-01
9.290775E-08,-1.4927194E-01
9.295775E-08,-1.4921923E-01
9.300775E-08,-1.4921923E-01
9.305775E-08,-1.4916652E-01
9.310775E-08,-1.4916652E-01
9.315775E-08,-1.4911381E-01
9.320775E-08,-1.4911381E-01
9.325775E-08,-1.4911381E-01
9.330775E-08,-1.4911381E-01
9.335775E-08,-1.4906110E-01
9.340775E-08,-1.4906110E-01
9.345775E-08,-1.4906110E-01
9.350775E-08,-1.4906110E-01
9.355775E-08,-1.4911381E-01
9.360775E-08,-1.4911381E-01
9.365775E-08,-1.4911381E-01
9.370775E-08,-1.4911381E-01
9.375775E-08,-1.4911381E-01
9.380775E-08,-1.4911381E-01
9.385775E-08,-1.4911381E-01
9.390775E-08,-1.4911381E-01
9.395775E-08,-1.4911381E-01
9.400775E-08,-1.4911381E-01
9.405775E-08,-1.4911381E-01
9.410775E-08,-1.4911381E-01
9.415775E-08,-1.4906110E-01
9.420775E-08,-1.4906110E-01
9.425775E-08,-1.4906110E-01
9.430775E-08,-1.4900839E-01
9.435775E-08,-1.4900839E-01
9.440775E-08,-1.4895568E-01
9.445775E-08,-1.4895568E-01
9.450775E-08,-1.4890297E-01
9.455775E-08,-1.4890297E-01
9.460775E-08,-1.4890297E-01
9.465775E-08,-1.4885026E-01
9.470775E-08,-1.4885026E-01
9.475775E-08,-1.4885026E-01
9.480775E-08,-1.4885026E-01
9.485775E-08,-1.4885026E-01
9.490775E-08,-1.4885026E-01
9.495775E-08,-1.4885026E-01
9.500775E-08,-1.4890297E-01
9.505775E-08,-1.4895568E-01
9.510775E-08,-1.4895568E-01
9.515775E-08,-1.4900839E-01
9.520775E-08,-1.4906110E-01
9.525775E-08,-1.4911381E-01
9.530775E-08,-1.4916652E-01
9.535775E-08,-1.4927194E-01
9.540775E-08,-1.4932464E-01
9.545775E-08,-1.4937735E-01
9.550775E-08,-1.4948277E-01
9.555775E-08,-1.4953548E-01
9.560775E-08,-1.4964090E-01
9.565775E-08,-1.4969361E-01
9.570775E-08,-1.4979903E-01
9.575775E-08,-1.4985173E-01
9.580775E-08,-1.4990444E-01
9.585775E-08,-1.4995715E-01
9.590775E-08,-1.5000986E-01
9.595775E-08,-1.5006257E-01
9.600775E-08,-1.5011528E-01
9.605775E-08,-1.5011528E-01
9.610775E-08,-1.5016799E-01
9.615775E-08,-1.5016799E-01
9.620775E-08,-1.5016799E-01
9.625775E-08,-1.5016799E-01
9.630775E-08,-1.5011528E-01
9.635775E-08,-1.5011528E-01
9.640775E-08,-1.5006257E-01
9.645775E-08,-1.5000986E-01
9.650775E-08,-1.5000986E-01
9.655775E-08,-1.4995715E-01
9.660775E-08,-1.4990444E-01
9.665775E-08,-1.4979903E-01
9.670775E-08,-1.4974632E-01
9.675775E-08,-1.4969361E-01
9.680775E-08,-1.4964090E-01
9.685775E-08,-1.4958819E-01
9.690775E-08,-1.4953548E-01
9.695775E-08,-1.4948277E-01
9.700775E-08,-1.4943006E-01
9.705775E-08,-1.4937735E-01
9.710775E-08,-1.4932464E-01
9.715775E-08,-1.4932464E-01
9.720775E-08,-1.4927194E-01
9.725775E-08,-1.4927194E-01
9.730775E-08,-1.4927194E-01
9.735775E-08,-1.4921923E-01
9.740775E-08,-1.4921923E-01
9.745775E-08,-1.4927194E-01
9.750775E-08,-1.4927194E-01
9.755775E-08,-1.4927194E-01
9.760775E-08,-1.4927194E-01
9.765775E-08,-1.4932464E-01
9.770775E-08,-1.4932464E-01
9.775775E-08,-1.4937735E-01
9.780775E-08,-1.4937735E-01
9.785775E-08,-1.4943006E-01
9.790775E-08,-1.4943006E-01
9.795775E-08,-1.4948277E-01
9.800775E-08,-1.4953548E-01
9.805775E-08,-1.4953548E-01
9.810775E-08,-1.4953548E-01
9.815775E-08,-1.4958819E-01
9.820775E-08,-1.4958819E-01
9.825775E-08,-1.4958819E-01
9.830775E-08,-1.4958819E-01
9.835775E-08,-1.4958819E-01
9.840775E-08,-1.4958819E-01
9.845775E-08,-1.4958819E-01
9.850775E-08,-1.4958819E-01
9.855775E-08,-1.4958819E-01
9.860775E-08,-1.4958819E-01
9.865775E-08,-1.4958819E-01
9.870775E-08,-1.4953548E-01
9.875775E-08,-1.4953548E-01
9.880775E-08,-1.4953548E-01
9.885775E-08,-1.4953548E-01
9.890775E-08,-1.4948277E-01
9.895775E-08,-1.4948277E-01
9.900775E-08,-1.4948277E-01
9.905775E-08,-1.4948277E-01
9.910775E-08,-1.4948277E-01
9.915775E-08,-1.4948277E-01
9.920775E-08,-1.4948277E-01
9.925775E-08,-1.4948277E-01
9.930775E-08,-1.4953548E-01
9.935775E-08,-1.4953548E-01
9.940775E-08,-1.4953548E-01
9.945775E-08,-1.4953548E-01
9.950775E-08,-1.4958819E-01
9.955775E-08,-1.4958819E-01
9.960775E-08,-1.4958819E-01
9.965775E-08,-1.4964090E-01
9.970775E-08,-1.4964090E-01
9.975775E-08,-1.4964090E-01
9.980775E-08,-1.4964090E-01
9.985775E-08,-1.4969361E-01
9.990775E-08,-1.4969361E-01
9.995775E-08,-1.4969361E-01
1.0000775E-07,-1.4969361E-01
1.0005775E-07,-1.4964090E-01
1.0010775E-07,-1.4964090E-01
1.0015775E-07,-1.4964090E-01
1.0020775E-07,-1.4958819E-01
1.0025775E-07,-1.4953548E-01
1.0030775E-07,-1.4953548E-01
1.0035775E-07,-1.4948277E-01
1.0040775E-07,-1.4943006E-01
1.0045775E-07,-1.4937735E-01
1.0050775E-07,-1.4932464E-01
1.0055775E-07,-1.4927194E-01
1.0060775E-07,-1.4921923E-01
1.0065775E-07,-1.4916652E-01
1.0070775E-07,-1.4911381E-01
1.0075775E-07,-1.4900839E-01
1.0080775E-07,-1.4895568E-01
1.0085775E-07,-1.4890297E-01
1.0090775E-07,-1.4885026E-01
1.0095775E-07,-1.4879755E-01
1.0100775E-07,-1.4879755E-01
1.0105775E-07,-1.4874485E-01
1.0110775E-07,-1.4869214E-01
1.0115775E-07,-1.4869214E-01
1.0120775E-07,-1.4863943E-01
1.0125775E-07,-1.4863943E-01
1.0130775E-07,-1.4863943E-01
1.0135775E-07,-1.4863943E-01
1.0140775E-07,-1.4863943E-01
1.0145775E-07,-1.4863943E-01
1.0150775E-07,-1.4869214E-01
1.0155775E-07,-1.4869214E-01
1.0160775E-07,-1.4874485E-01
1.0165775E-07,-1.4874485E-01
1.0170775E-07,-1.4879755E-01
1.0175775E-07,-1.4885026E-01
1.0180775E-07,-1.4885026E-01
1.0185775E-07,-1.4890297E-01
1.0190775E-07,-1.4895568E-01
1.0195775E-07,-1.4900839E-01
1.0200775E-07,-1.4906110E-01
1.0205775E-07,-1.4906110E-01
1.0210775E-07,-1.4911381E-01
1.0215775E-07,-1.4911381E-01
1.0220775E-07,-1.4916652E-01
1.0225775E-07,-1.4921923E-01
1.0230775E-07,-1.4921923E-01
1.0235775E-07,-1.4921923E-01
1.0240775E-07,-1.4927194E-01
1.0245775E-07,-1.4927194E-01
1.0250775E-07,-1.4927194E-01
1.0255775E-07,-1.4927194E-01
1.0260775E-07,-1.4927194E-01
1.0265775E-07,-1.4927194E-01
1.0270775E-07,-1.4927194E-01
1.0275775E-07,-1.4927194E-01
1.0280775E-07,-1.4927194E-01
1.0285775E-07,-1.4932464E-01
1.0290775E-07,-1.4932464E-01
1.0295775E-07,-1.4932464E-01
1.0300775E-07,-1.4932464E-01
1.0305775E-07,-1.4932464E-01
1.0310775E-07,-1.4937735E-01
1.0315775E-07,-1.4937735E-01
1.0320775E-07,-1.4937735E-01
1.0325775E-07,-1.4943006E-01
1.0330775E-07,-1.4948277E-01
1.0335775E-07,-1.4948277E-01
1.0340775E-07,-1.4953548E-01
1.0345775E-07,-1.4958819E-01
1.0350775E-07,-1.4964090E-01
1.0355775E-07,-1.4969361E-01
1.0360775E-07,-1.4974632E-01
1.0365775E-07,-1.4979903E-01
1.0370775E-07,-1.4985173E-01
1.0375775E-07,-1.4990444E-01
1.0380775E-07,-1.4995715E-01
1.0385775E-07,-1.5000986E-01
1.0390775E-07,-1.5000986E-01
1.0395775E-07,-1.5006257E-01
1.0400775E-07,-1.5011528E-01
1.0405775E-07,-1.5016799E-01
1.0410775E-07,-1.5016799E-01
1.0415775E-07,-1.5022070E-01
1.0420775E-07,-1.5022070E-01
1.0425775E-07,-1.5022070E-01
1.0430775E-07,-1.5022070E-01
1.0435775E-07,-1.5022070E-01
1.0440775E-07,-1.5022070E-01
1.0445775E-07,-1.5022070E-01
1.0450775E-07,-1.5022070E-01
1.0455775E-07,-1.5016799E-01
1.0460775E-07,-1.5016799E-01
1.0465775E-07,-1.5011528E-01
1.0470775E-07,-1.5011528E-01
1.0475775E-07,-1.5006257E-01
1.0480775E-07,-1.5000986E-01
1.0485775E-07,-1.5000986E-01
1.0490775E-07,-1.4995715E-01
1.0495775E-07,-1.4995715E-01
1.0500775E-07,-1.4990444E-01
1.0505775E-07,-1.4990444E-01
1.0510775E-07,-1.4985173E-01
1.0515775E-07,-1.4985173E-01
1.0520775E-07,-1.4985173E-01
1.0525775E-07,-1.4985173E-01
1.0530775E-07,-1.4985173E-01
1.0535775E-07,-1.4985173E-01
1.0540775E-07,-1.4985173E-01
1.0545775E-07,-1.4985173E-01
1.0550775E-07,-1.4985173E-01
1.0555775E-07,-1.4990444E-01
1.0560775E-07,-1.4990444E-01
1.0565775E-07,-1.4995715E-01
1.0570775E-07,-1.5000986E-01
1.0575775E-07,-1.5000986E-01
1.0580775E-07,-1.5006257E-01
1.0585775E-07,-1.5011528E-01
1.0590775E-07,-1.5011528E-01
1.0595775E-07,-1.5016799E-01
1.0600775E-07,-1.5016799E-01
1.0605775E-07,-1.5022070E-01
1.0610775E-07,-1.5022070E-01
1.0615775E-07,-1.5022070E-01
1.0620775E-07,-1.5022070E-01
1.0625775E-07,-1.5022070E-01
1.0630775E-07,-1.5022070E-01
1.0635775E-07,-1.5022070E-01
1.0640775E-07,-1.5016799E-01
1.0645775E-07,-1.5016799E-01
1.0650775E-07,-1.5011528E-01
1.0655775E-07,-1.5006257E-01
1.0660775E-07,-1.5000986E-01
1.0665775E-07,-1.4995715E-01
1.0670775E-07,-1.4990444E-01
1.0675775E-07,-1.4979903E-01
1.0680775E-07,-1.4974632E-01
1.0685775E-07,-1.4964090E-01
1.0690775E-07,-1.4958819E-01
1.0695775E-07,-1.4948277E-01
1.0700775E-07,-1.4943006E-01
1.0705775E-07,-1.4932464E-01
1.0710775E-07,-1.4927194E-01
1.0715775E-07,-1.4916652E-01
1.0720775E-07,-1.4911381E-01
1.0725775E-07,-1.4900839E-01
1.0730775E-07,-1.4895568E-01
1.0735775E-07,-1.4890297E-01
1.0740775E-07,-1.4885026E-01
1.0745775E-07,-1.4879755E-01
1.0750775E-07,-1.4874485E-01
1.0755775E-07,-1.4874485E-01
1.0760775E-07,-1.4869214E-01
1.0765775E-07,-1.4869214E-01
1.0770775E-07,-1.4863943E-01
1.0775775E-07,-1.4863943E-01
1.0780775E-07,-1.4863943E-01
1.0785775E-07,-1.4863943E-01
1.0790775E-07,-1.4863943E-01
1.0795775E-07,-1.4869214E-01
1.0800775E-07,-1.4869214E-01
1.0805775E-07,-1.4869214E-01
1.0810775E-07,-1.4874485E-01
1.0815775E-07,-1.4874485E-01
1.0820775E-07,-1.4874485E-01
1.0825775E-07,-1.4879755E-01
1.0830775E-07,-1.4879755E-01
1.0835775E-07,-1.4879755E-01
1.0840775E-07,-1.4885026E-01
1.0845775E-07,-1.4885026E-01
1.0850775E-07,-1.4885026E-01
1.0855775E-07,-1.4885026E-01
1.0860775E-07,-1.4885026E-01
1.0865775E-07,-1.4885026E-01
1.0870775E-07,-1.4885026E-01
1.0875775E-07,-1.4885026E-01
1.0880775E-07,-1.4885026E-01
1.0885775E-07,-1.4879755E-01
1.0890775E-07,-1.4879755E-01
1.0895775E-07,-1.4879755E-01
1.0900775E-07,-1.4874485E-01
1.0905775E-07,-1.4874485E-01
1.0910775E-07,-1.4874485E-01
1.0915775E-07,-1.4874485E-01
1.0920775E-07,-1.4869214E-01
1.0925775E-07,-1.4869214E-01
1.0930775E-07,-1.4869214E-01
1.0935775E-07,-1.4869214E-01
1.0940775E-07,-1.4869214E-01
1.0945775E-07,-1.4869214E-01
1.0950775E-07,-1.4869214E-01
1.0955775E-07,-1.4869214E-01
1.0960775E-07,-1.4869214E-01
1.0965775E-07,-1.4869214E-01
1.0970775E-07,-1.4874485E-01
1.0975775E-07,-1.4874485E-01
1.0980775E-07,-1.4879755E-01
1.0985775E-07,-1.4879755E-01
1.0990775E-07,-1.4885026E-01
1.0995775E-07,-1.4890297E-01
1.1000775E-07,-1.4890297E-01
1.1005775E-07,-1.4895568E-01
1.1010775E-07,-1.4900839E-01
1.1015775E-07,-1.4900839E-01
1.1020775E-07,-1.4906110E-01
1.1025775E-07,-1.4911381E-01
1.1030775E-07,-1.4916652E-01
1.1035775E-07,-1.4916652E-01
1.1040775E-07,-1.4921923E-01
1.1045775E-07,-1.4927194E-01
1.1050775E-07,-1.4927194E-01
1.1055775E-07,-1.4932464E-01
1.1060775E-07,-1.4932464E-01
1.1065775E-07,-1.4937735E-01
1.1070775E-07,-1.4937735E-01
1.1075775E-07,-1.4937735E-01
1.1080775E-07,-1.4943006E-01
1.1085775E-07,-1.4943006E-01
1.1090775E-07,-1.4943006E-01
1.1095775E-07,-1.4943006E-01
1.1100775E-07,-1.4943006E-01
1.1105775E-07,-1.4948277E-01
1.1110775E-07,-1.4948277E-01
1.1115775E-07,-1.4948277E-01
1.1120775E-07,-1.4948277E-01
1.1125775E-07,-1.4948277E-01
1.1130775E-07,-1.4948277E-01
1.1135775E-07,-1.4948277E-01
1.1140775E-07,-1.4948277E-01
1.1145775E-07,-1.4948277E-01
1.1150775E-07,-1.4948277E-01
1.1155775E-07,-1.4948277E-01
1.1160775E-07,-1.4948277E-01
1.1165775E-07,-1.4948277E-01
1.1170775E-07,-1.4948277E-01
1.1175775E-07,-1.4948277E-01
1.1180775E-07,-1.4948277E-01
1.1185775E-07,-1.4948277E-01
1.1190775E-07,-1.4948277E-01
1.1195775E-07,-1.4948277E-01
1.1200775E-07,-1.4948277E-01
1.1205775E-07,-1.4948277E-01
1.1210775E-07,-1.4948277E-01
1.1215775E-07,-1.4943006E-01
1.1220775E-07,-1.4943006E-01
1.1225775E-07,-1.4943006E-01
1.1230775E-07,-1.4943006E-01
1.1235775E-07,-1.4943006E-01
1.1240775E-07,-1.4943006E-01
1.1245775E-07,-1.4943006E-01
1.1250775E-07,-1.4943006E-01
1.1255775E-07,-1.4937735E-01
1.1260775E-07,-1.4937735E-01
1.1265775E-07,-1.4937735E-01
1.1270775E-07,-1.4937735E-01
1.1275775E-07,-1.4937735E-01
1.1280775E-07,-1.4937735E-01
1.1285775E-07,-1.4937735E-01
1.1290775E-07,-1.4937735E-01
1.1295775E-07,-1.4937735E-01
1.1300775E-07,-1.4943006E-01
1.1305775E-07,-1.4943006E-01
1.1310775E-07,-1.4943006E-01
1.1315775E-07,-1.4943006E-01
1.1320775E-07,-1.4948277E-01
1.1325775E-07,-1.4948277E-01
1.1330775E-07,-1.4953548E-01
1.1335775E-07,-1.4953548E-01
1.1340775E-07,-1.4958819E-01
1.1345775E-07,-1.4958819E-01
1.1350775E-07,-1.4964090E-01
1.1355775E-07,-1.4964090E-01
1.1360775E-07,-1.4969361E-01
1.1365775E-07,-1.4969361E-01
1.1370775E-07,-1.4974632E-01
1.1375775E-07,-1.4974632E-01
1.1380775E-07,-1.4979903E-01
1.1385775E-07,-1.4979903E-01
1.1390775E-07,-1.4979903E-01
1.1395775E-07,-1.4979903E-01
1.1400775E-07,-1.4979903E-01
1.1405775E-07,-1.4979903E-01
1.1410775E-07,-1.4979903E-01
1.1415775E-07,-1.4974632E-01
1.1420775E-07,-1.4974632E-01
1.1425775E-07,-1.4969361E-01
1.1430775E-07,-1.4969361E-01
1.1435775E-07,-1.4964090E-01
1.1440775E-07,-1.4958819E-01
1.1445775E-07,-1.4953548E-01
1.1450775E-07,-1.4948277E-01
1.1455775E-07,-1.4943006E-01
1.1460775E-07,-1.4937735E-01
1.1465775E-07,-1.4932464E-01
1.1470775E-07,-1.4927194E-01
1.1475775E-07,-1.4921923E-01
1.1480775E-07,-1.4916652E-01
1.1485775E-07,-1.4906110E-01
1.1490775E-07,-1.4906110E-01
1.1495775E-07,-1.4900839E-01
1.1500775E-07,-1.4895568E-01
1.1505775E-07,-1.4890297E-01
1.1510775E-07,-1.4890297E-01
1.1515775E-07,-1.4885026E-01
1.1520775E-07,-1.4885026E-01
1.1525775E-07,-1.4885026E-01
1.1530775E-07,-1.4885026E-01
1.1535775E-07,-1.4885026E-01
1.1540775E-07,-1.4890297E-01
1.1545775E-07,-1.4890297E-01
1.1550775E-07,-1.4895568E-01
1.1555775E-07,-1.4900839E-01
1.1560775E-07,-1.4906110E-01
1.1565775E-07,-1.4911381E-01
1.1570775E-07,-1.4916652E-01
1.1575775E-07,-1.4921923E-01
1.1580775E-07,-1.4932464E-01
1.1585775E-07,-1.4937735E-01
1.1590775E-07,-1.4948277E-01
1.1595775E-07,-1.4953548E-01
1.1600775E-07,-1.4958819E-01
1.1605775E-07,-1.4969361E-01
1.1610775E-07,-1.4974632E-01
1.1615775E-07,-1.4979903E-01
1.1620775E-07,-1.4985173E-01
1.1625775E-07,-1.4990444E-01
1.1630775E-07,-1.4995715E-01
1.1635775E-07,-1.5000986E-01
1.1640775E-07,-1.5000986E-01
1.1645775E-07,-1.5006257E-01
1.1650775E-07,-1.5006257E-01
1.1655775E-07,-1.5006257E-01
1.1660775E-07,-1.5006257E-01
1.1665775E-07,-1.5006257E-01
1.1670775E-07,-1.5006257E-01
1.1675775E-07,-1.5006257E-01
1.1680775E-07,-1.5000986E-01
1.1685775E-07,-1.5000986E-01
1.1690775E-07,-1.4995715E-01
1.1695775E-07,-1.4995715E-01
1.1700775E-07,-1.4990444E-01
1.1705775E-07,-1.4985173E-01
1.1710775E-07,-1.4979903E-01
1.1715775E-07,-1.4979903E-01
1.1720775E-07,-1.4974632E-01
1.1725775E-07,-1.4974632E-01
1.1730775E-07,-1.4969361E-01
1.1735775E-07,-1.4969361E-01
1.1740775E-07,-1.4964090E-01
1.1745775E-07,-1.4964090E-01
1.1750775E-07,-1.4964090E-01
1.1755775E-07,-1.4958819E-01
1.1760775E-07,-1.4958819E-01
1.1765775E-07,-1.4958819E-01
1.1770775E-07,-1.4958819E-01
1.1775775E-07,-1.4958819E-01
1.1780775E-07,-1.4964090E-01
1.1785775E-07,-1.4964090E-01
1.1790775E-07,-1.4964090E-01
1.1795775E-07,-1.4964090E-01
1.1800775E-07,-1.4969361E-01
1.1805775E-07,-1.4969361E-01
1.1810775E-07,-1.4969361E-01
1.1815775E-07,-1.4969361E-01
1.1820775E-07,-1.4974632E-01
1.1825775E-07,-1.4974632E-01
1.1830775E-07,-1.4974632E-01
1.1835775E-07,-1.4974632E-01
1.1840775E-07,-1.4974632E-01
1.1845775E-07,-1.4969361E-01
1.1850775E-07,-1.4969361E-01
1.1855775E-07,-1.4969361E-01
1.1860775E-07,-1.4964090E-01
1.1865775E-07,-1.4964090E-01
1.1870775E-07,-1.4958819E-01
1.1875775E-07,-1.4958819E-01
1.1880775E-07,-1.4953548E-01
1.1885775E-07,-1.4948277E-01
1.1890775E-07,-1.4948277E-01
1.1895775E-07,-1.4943006E-01
1.1900775E-07,-1.4937735E-01
1.1905775E-07,-1.4932464E-01
1.1910775E-07,-1.4932464E-01
1.1915775E-07,-1.4927194E-01
1.1920775E-07,-1.4927194E-01
1.1925775E-07,-1.4921923E-01
1.1930775E-07,-1.4921923E-01
1.1935775E-07,-1.4921923E-01
1.1940775E-07,-1.4921923E-01
1.1945775E-07,-1.4921923E-01
1.1950775E-07,-1.4921923E-01
1.1955775E-07,-1.4921923E-01
1.1960775E-07,-1.4927194E-01
1.1965775E-07,-1.4927194E-01
1.1970775E-07,-1.4932464E-01
1.1975775E-07,-1.4932464E-01
1.1980775E-07,-1.4937735E-01
1.1985775E-07,-1.4943006E-01
1.1990775E-07,-1.4948277E-01
1.1995775E-07,-1.4953548E-01
1.2000775E-07,-1.4958819E-01
1.2005775E-07,-1.4958819E-01
1.2010775E-07,-1.4964090E-01
1.2015775E-07,-1.4969361E-01
1.2020775E-07,-1.4974632E-01
1.2025775E-07,-1.4979903E-01
1.2030775E-07,-1.4979903E-01
1.2035775E-07,-1.4985173E-01
1.2040775E-07,-1.4985173E-01
1.2045775E-07,-1.4985173E-01
1.2050775E-07,-1.4990444E-01
1.2055775E-07,-1.4990444E-01
1.2060775E-07,-1.4985173E-01
1.2065775E-07,-1.4985173E-01
1.2070775E-07,-1.4985173E-01
1.2075775E-07,-1.4979903E-01
1.2080775E-07,-1.4979903E-01
1.2085775E-07,-1.4974632E-01
1.2090775E-07,-1.4969361E-01
1.2095775E-07,-1.4964090E-01
1.2100775E-07,-1.4958819E-01
1.2105775E-07,-1.4953548E-01
1.2110775E-07,-1.4948277E-01
1.2115775E-07,-1.4943006E-01
1.2120775E-07,-1.4937735E-01
1.2125775E-07,-1.4932464E-01
1.2130775E-07,-1.4927194E-01
1.2135775E-07,-1.4927194E-01
1.2140775E-07,-1.4921923E-01
1.2145775E-07,-1.4916652E-01
1.2150775E-07,-1.4916652E-01
1.2155775E-07,-1.4916652E-01
1.2160775E-07,-1.4911381E-01
1.2165775E-07,-1.4911381E-01
1.2170775E-07,-1.4911381E-01
1.2175775E-07,-1.4911381E-01
1.2180775E-07,-1.4916652E-01
1.2185775E-07,-1.4916652E-01
1.2190775E-07,-1.4921923E-01
1.2195775E-07,-1.4921923E-01
1.2200775E-07,-1.4927194E-01
1.2205775E-07,-1.4932464E-01
1.2210775E-07,-1.4932464E-01
1.2215775E-07,-1.4937735E-01
1.2220775E-07,-1.4943006E-01
1.2225775E-07,-1.4948277E-01
1.2230775E-07,-1.4948277E-01
1.2235775E-07,-1.4953548E-01
1.2240775E-07,-1.4958819E-01
1.2245775E-07,-1.4958819E-01
1.2250775E-07,-1.4958819E-01
1.2255775E-07,-1.4964090E-01
1.2260775E-07,-1.4964090E-01
1.2265775E-07,-1.4964090E-01
1.2270775E-07,-1.4964090E-01
1.2275775E-07,-1.4964090E-01
1.2280775E-07,-1.4964090E-01
1.2285775E-07,-1.4958819E-01
1.2290775E-07,-1.4958819E-01
1.2295775E-07,-1.4958819E-01
1.2300775E-07,-1.4953548E-01
1.2305775E-07,-1.4948277E-01
1.2310775E-07,-1.4948277E-01
1.2315775E-07,-1.4943006E-01
1.2320775E-07,-1.4937735E-01
1.2325775E-07,-1.4937735E-01
1.2330775E-07,-1.4932464E-01
1.2335775E-07,-1.4932464E-01
1.2340775E-07,-1.4927194E-01
1.2345775E-07,-1.4921923E-01
1.2350775E-07,-1.4921923E-01
1.2355775E-07,-1.4921923E-01
1.2360775E-07,-1.4916652E-01
1.2365775E-07,-1.4916652E-01
1.2370775E-07,-1.4916652E-01
1.2375775E-07,-1.4916652E-01
1.2380775E-07,-1.4916652E-01
1.2385775E-07,-1.4921923E-01
1.2390775E-07,-1.4921923E-01
1.2395775E-07,-1.4921923E-01
1.2400775E-07,-1.4927194E-01
1.2405775E-07,-1.4927194E-01
1.2410775E-07,-1.4932464E-01
1.2415775E-07,-1.4932464E-01
1.2420775E-07,-1.4937735E-01
1.2425775E-07,-1.4943006E-01
1.2430775E-07,-1.4943006E-01
1.2435775E-07,-1.4948277E-01
1.2440775E-07,-1.4948277E-01
1.2445775E-07,-1.4953548E-01
1.2450775E-07,-1.4953548E-01
1.2455775E-07,-1.4953548E-01
1.2460775E-07,-1.4958819E-01
1.2465775E-07,-1.4958819E-01
1.2470775E-07,-1.4958819E-01
1.2475775E-07,-1.4958819E-01
1.2480775E-07,-1.4958819E-01
1.2485775E-07,-1.4953548E-01
1.2490775E-07,-1.4953548E-01
1.2495775E-07,-1.4953548E-01
1.2500775E-07,-1.4953548E-01
1.2505775E-07,-1.4948277E-01
1.2510775E-07,-1.4948277E-01
1.2515775E-07,-1.4943006E-01
1.2520775E-07,-1.4943006E-01
1.2525775E-07,-1.4937735E-01
1.2530775E-07,-1.4937735E-01
1.2535775E-07,-1.4932464E-01
1.2540775E-07,-1.4932464E-01
1.2545775E-07,-1.4927194E-01
1.2550775E-07,-1.4927194E-01
1.2555775E-07,-1.4927194E-01
1.2560775E-07,-1.4927194E-01
1.2565775E-07,-1.4927194E-01
1.2570775E-07,-1.4927194E-01
1.2575775E-07,-1.4927194E-01
1.2580775E-07,-1.4927194E-01
1.2585775E-07,-1.4927194E-01
1.2590775E-07,-1.4932464E-01
1.2595775E-07,-1.4932464E-01
1.2600775E-07,-1.4937735E-01
1.2605775E-07,-1.4943006E-01
1.2610775E-07,-1.4943006E-01
1.2615775E-07,-1.4948277E-01
1.2620775E-07,-1.4953548E-01
1.2625775E-07,-1.4953548E-01
1.2630775E-07,-1.4958819E-01
1.2635775E-07,-1.4964090E-01
1.2640775E-07,-1.4969361E-01
1.2645775E-07,-1.4969361E-01
1.2650775E-07,-1.4974632E-01
1.2655775E-07,-1.4974632E-01
1.2660775E-07,-1.4979903E-01
1.2665775E-07,-1.4979903E-01
1.2670775E-07,-1.4985173E-01
1.2675775E-07,-1.4985173E-01
1.2680775E-07,-1.4985173E-01
1.2685775E-07,-1.4985173E-01
1.2690775E-07,-1.4985173E-01
1.2695775E-07,-1.4985173E-01
1.2700775E-07,-1.4985173E-01
1.2705775E-07,-1.4985173E-01
1.2710775E-07,-1.4979903E-01
1.2715775E-07,-1.4979903E-01
1.2720775E-07,-1.4974632E-01
1.2725775E-07,-1.4974632E-01
1.2730775E-07,-1.4969361E-01
1.2735775E-07,-1.4969361E-01
1.2740775E-07,-1.4964090E-01
1.2745775E-07,-1.4964090E-01
1.2750775E-07,-1.4958819E-01
1.2755775E-07,-1.4958819E-01
1.2760775E-07,-1.4953548E-01
1.2765775E-07,-1.4953548E-01
1.2770775E-07,-1.4948277E-01
1.2775775E-07,-1.4948277E-01
1.2780775E-07,-1.4943006E-01
1.2785775E-07,-1.4943006E-01
1.2790775E-07,-1.4943006E-01
1.2795775E-07,-1.4943006E-01
1.2800775E-07,-1.4943006E-01
1.2805775E-07,-1.4943006E-01
1.2810775E-07,-1.4943006E-01
1.2815775E-07,-1.4943006E-01
1.2820775E-07,-1.4943006E-01
1.2825775E-07,-1.4943006E-01
1.2830775E-07,-1.4943006E-01
1.2835775E-07,-1.4943006E-01
1.2840775E-07,-1.4943006E-01
1.2845775E-07,-1.4948277E-01
1.2850775E-07,-1.4948277E-01
1.2855775E-07,-1.4948277E-01
1.2860775E-07,-1.4953548E-01
1.2865775E-07,-1.4953548E-01
1.2870775E-07,-1.4953548E-01
