-7.140658E-08,-1.4858672E-01
-7.135658E-08,-1.4858672E-01
-7.130658E-08,-1.4858672E-01
-7.125658E-08,-1.4863943E-01
-7.120658E-08,-1.4863943E-01
-7.115658E-08,-1.4863943E-01
-7.110658E-08,-1.4869214E-01
-7.105658E-08,-1.4874485E-01
-7.100658E-08,-1.4874485E-01
-7.095658E-08,-1.4879755E-01
-7.090658E-08,-1.4885026E-01
-7.085658E-08,-1.4890297E-01
-7.080658E-08,-1.4890297E-01
-7.075658E-08,-1.4895568E-01
-7.070658E-08,-1.4900839E-01
-7.065658E-08,-1.4906110E-01
-7.060658E-08,-1.4911381E-01
-7.055658E-08,-1.4916652E-01
-7.050658E-08,-1.4921923E-01
-7.045658E-08,-1.4921923E-01
-7.040658E-08,-1.4927194E-01
-7.035658E-08,-1.4927194E-01
-7.030658E-08,-1.4932464E-01
-7.025658E-08,-1.4932464E-01
-7.020658E-08,-1.4937735E-01
-7.015658E-08,-1.4937735E-01
-7.010658E-08,-1.4937735E-01
-7.005658E-08,-1.4937735E-01
-7.000658E-08,-1.4937735E-01
-6.995658E-08,-1.4937735E-01
-6.990658E-08,-1.4932464E-01
-6.985658E-08,-1.4932464E-01
-6.980658E-08,-1.4932464E-01
-6.975658E-08,-1.4927194E-01
-6.970658E-08,-1.4927194E-01
-6.965658E-08,-1.4927194E-01
-6.960658E-08,-1.4921923E-01
-6.955658E-08,-1.4921923E-01
-6.950658E-08,-1.4916652E-01
-6.945658E-08,-1.4916652E-01
-6.940658E-08,-1.4911381E-01
-6.935658E-08,-1.4911381E-01
-6.930658E-08,-1.4911381E-01
-6.925658E-08,-1.4911381E-01
-6.920658E-08,-1.4906110E-01
-6.915658E-08,-1.4906110E-01
-6.910658E-08,-1.4906110E-01
-6.905658E-08,-1.4906110E-01
-6.900658E-08,-1.4906110E-01
-6.895658E-08,-1.4906110E-01
-6.890658E-08,-1.4906110E-01
-6.885658E-08,-1.4906110E-01
-6.880658E-08,-1.4906110E-01
-6.875658E-08,-1.4906110E-01
-6.870658E-08,-1.4906110E-01
-6.865658E-08,-1.4906110E-01
-6.860658E-08,-1.4906110E-01
-6.855658E-08,-1.4906110E-01
-6.850658E-08,-1.4906110E-01
-6.845658E-08,-1.4900839E-01
-6.840658E-08,-1.4900839E-01
-6.835658E-08,-1.4900839E-01
-6.830658E-08,-1.4900839E-01
-6.825658E-08,-1.4895568E-01
-6.820658E-08,-1.4895568E-01
-6.815658E-08,-1.4895568E-01
-6.810658E-08,-1.4890297E-01
-6.805658E-08,-1.4890297E-01
-6.800658E-08,-1.4885026E-01
-6.795658E-08,-1.4885026E-01
-6.790658E-08,-1.4885026E-01
-6.785658E-08,-1.4879755E-01
-6.780658E-08,-1.4879755E-01
-6.775658E-08,-1.4879755E-01
-6.770658E-08,-1.4879755E-01
-6.765658E-08,-1.4879755E-01
-6.760658E-08,-1.4879755E-01
-6.755658E-08,-1.4879755E-01
-6.750658E-08,-1.4879755E-01
-6.745658E-08,-1.4879755E-01
-6.740658E-08,-1.4885026E-01
-6.735658E-08,-1.4885026E-01
-6.730658E-08,-1.4890297E-01
-6.725658E-08,-1.4890297E-01
-6.720658E-08,-1.4895568E-01
-6.715658E-08,-1.4900839E-01
-6.710658E-08,-1.4906110E-01
-6.705658E-08,-1.4911381E-01
-6.700658E-08,-1.4916652E-01
-6.695658E-08,-1.4916652E-01
-6.690658E-08,-1.4921923E-01
-6.685658E-08,-1.4927194E-01
-6.680658E-08,-1.4932464E-01
-6.675658E-08,-1.4937735E-01
-6.670658E-08,-1.4943006E-01
-6.665658E-08,-1.4948277E-01
-6.660658E-08,-1.4948277E-01
-6.655658E-08,-1.4953548E-01
-6.650658E-08,-1.4953548E-01
-6.645658E-08,-1.4953548E-01
-6.640658E-08,-1.4953548E-01
-6.635658E-08,-1.4953548E-01
-6.630658E-08,-1.4948277E-01
-6.625658E-08,-1.4948277E-01
-6.620658E-08,-1.4943006E-01
-6.615658E-08,-1.4943006E-01
-6.610658E-08,-1.4937735E-01
-6.605658E-08,-1.4932464E-01
-6.600658E-08,-1.4921923E-01
-6.595658E-08,-1.4916652E-01
-6.590658E-08,-1.4911381E-01
-6.585658E-08,-1.4900839E-01
-6.580658E-08,-1.4895568E-01
-6.575658E-08,-1.4890297E-01
-6.570658E-08,-1.4879755E-01
-6.565658E-08,-1.4874485E-01
-6.560658E-08,-1.4863943E-01
-6.555658E-08,-1.4858672E-01
-6.550658E-08,-1.4853401E-01
-6.545658E-08,-1.4848130E-01
-6.540658E-08,-1.4842859E-01
-6.535658E-08,-1.4837588E-01
-6.530658E-08,-1.4832317E-01
-6.525658E-08,-1.4832317E-01
-6.520658E-08,-1.4827046E-01
-6.515658E-08,-1.4827046E-01
-6.510658E-08,-1.4827046E-01
-6.505658E-08,-1.4827046E-01
-6.500658E-08,-1.4827046E-01
-6.495658E-08,-1.4832317E-01
-6.490658E-08,-1.4832317E-01
-6.485658E-08,-1.4837588E-01
-6.480658E-08,-1.4837588E-01
-6.475658E-08,-1.4842859E-01
-6.470658E-08,-1.4848130E-01
-6.465658E-08,-1.4853401E-01
-6.460658E-08,-1.4858672E-01
-6.455658E-08,-1.4858672E-01
-6.450658E-08,-1.4863943E-01
-6.445658E-08,-1.4869214E-01
-6.440658E-08,-1.4874485E-01
-6.435658E-08,-1.4874485E-01
-6.430658E-08,-1.4879755E-01
-6.425658E-08,-1.4879755E-01
-6.420658E-08,-1.4885026E-01
-6.415658E-08,-1.4885026E-01
-6.410658E-08,-1.4885026E-01
-6.405658E-08,-1.4885026E-01
-6.400658E-08,-1.4885026E-01
-6.395658E-08,-1.4885026E-01
-6.390658E-08,-1.4885026E-01
-6.385658E-08,-1.4879755E-01
-6.380658E-08,-1.4879755E-01
-6.375658E-08,-1.4874485E-01
-6.370658E-08,-1.4874485E-01
-6.365658E-08,-1.4869214E-01
-6.360658E-08,-1.4869214E-01
-6.355658E-08,-1.4863943E-01
-6.350658E-08,-1.4858672E-01
-6.345658E-08,-1.4858672E-01
-6.340658E-08,-1.4853401E-01
-6.335658E-08,-1.4853401E-01
-6.330658E-08,-1.4848130E-01
-6.325658E-08,-1.4848130E-01
-6.320658E-08,-1.4842859E-01
-6.315658E-08,-1.4842859E-01
-6.310658E-08,-1.4842859E-01
-6.305658E-08,-1.4842859E-01
-6.300658E-08,-1.4842859E-01
-6.295658E-08,-1.4842859E-01
-6.290658E-08,-1.4842859E-01
-6.285658E-08,-1.4842859E-01
-6.280658E-08,-1.4848130E-01
-6.275658E-08,-1.4848130E-01
-6.270658E-08,-1.4853401E-01
-6.265658E-08,-1.4853401E-01
-6.260658E-08,-1.4858672E-01
-6.255658E-08,-1.4858672E-01
-6.250658E-08,-1.4863943E-01
-6.245658E-08,-1.4863943E-01
-6.240658E-08,-1.4869214E-01
-6.235658E-08,-1.4874485E-01
-6.230658E-08,-1.4874485E-01
-6.225658E-08,-1.4879755E-01
-6.220658E-08,-1.4879755E-01
-6.215658E-08,-1.4885026E-01
-6.210658E-08,-1.4885026E-01
-6.205658E-08,-1.4890297E-01
-6.200658E-08,-1.4890297E-01
-6.195658E-08,-1.4890297E-01
-6.190658E-08,-1.4895568E-01
-6.185658E-08,-1.4895568E-01
-6.180658E-08,-1.4895568E-01
-6.175658E-08,-1.4900839E-01
-6.170658E-08,-1.4900839E-01
-6.165658E-08,-1.4900839E-01
-6.160658E-08,-1.4900839E-01
-6.155658E-08,-1.4906110E-01
-6.150658E-08,-1.4906110E-01
-6.145658E-08,-1.4906110E-01
-6.140658E-08,-1.4911381E-01
-6.135658E-08,-1.4911381E-01
-6.130658E-08,-1.4911381E-01
-6.125658E-08,-1.4916652E-01
-6.120658E-08,-1.4916652E-01
-6.115658E-08,-1.4916652E-01
-6.110658E-08,-1.4921923E-01
-6.105658E-08,-1.4921923E-01
-6.100658E-08,-1.4927194E-01
-6.095658E-08,-1.4927194E-01
-6.090658E-08,-1.4927194E-01
-6.085658E-08,-1.4932464E-01
-6.080658E-08,-1.4932464E-01
-6.075658E-08,-1.4932464E-01
-6.070658E-08,-1.4937735E-01
-6.065658E-08,-1.4937735E-01
-6.060658E-08,-1.4937735E-01
-6.055658E-08,-1.4937735E-01
-6.050658E-08,-1.4937735E-01
-6.045658E-08,-1.4937735E-01
-6.040658E-08,-1.4932464E-01
-6.035658E-08,-1.4932464E-01
-6.030658E-08,-1.4927194E-01
-6.025658E-08,-1.4927194E-01
-6.020658E-08,-1.4921923E-01
-6.015658E-08,-1.4921923E-01
-6.010658E-08,-1.4916652E-01
-6.005658E-08,-1.4911381E-01
-6.000658E-08,-1.4906110E-01
-5.995658E-08,-1.4900839E-01
-5.990658E-08,-1.4895568E-01
-5.985658E-08,-1.4890297E-01
-5.980658E-08,-1.4885026E-01
-5.975658E-08,-1.4879755E-01
-5.970658E-08,-1.4874485E-01
-5.965658E-08,-1.4869214E-01
-5.960658E-08,-1.4863943E-01
-5.955658E-08,-1.4858672E-01
-5.950658E-08,-1.4858672E-01
-5.945658E-08,-1.4853401E-01
-5.940658E-08,-1.4853401E-01
-5.935658E-08,-1.4848130E-01
-5.930658E-08,-1.4848130E-01
-5.925658E-08,-1.4848130E-01
-5.920658E-08,-1.4848130E-01
-5.915658E-08,-1.4848130E-01
-5.910658E-08,-1.4853401E-01
-5.905658E-08,-1.4853401E-01
-5.900658E-08,-1.4853401E-01
-5.895658E-08,-1.4858672E-01
-5.890658E-08,-1.4863943E-01
-5.885658E-08,-1.4869214E-01
-5.880658E-08,-1.4874485E-01
-5.875658E-08,-1.4879755E-01
-5.870658E-08,-1.4885026E-01
-5.865658E-08,-1.4890297E-01
-5.860658E-08,-1.4895568E-01
-5.855658E-08,-1.4900839E-01
-5.850658E-08,-1.4906110E-01
-5.845658E-08,-1.4911381E-01
-5.840658E-08,-1.4911381E-01
-5.835658E-08,-1.4916652E-01
-5.830658E-08,-1.4921923E-01
-5.825658E-08,-1.4927194E-01
-5.820658E-08,-1.4927194E-01
-5.815658E-08,-1.4932464E-01
-5.810658E-08,-1.4932464E-01
-5.805658E-08,-1.4932464E-01
-5.800658E-08,-1.4937735E-01
-5.795658E-08,-1.4937735E-01
-5.790658E-08,-1.4937735E-01
-5.785658E-08,-1.4937735E-01
-5.780658E-08,-1.4937735E-01
-5.775658E-08,-1.4932464E-01
-5.770658E-08,-1.4932464E-01
-5.765658E-08,-1.4932464E-01
-5.760658E-08,-1.4932464E-01
-5.755658E-08,-1.4927194E-01
-5.750658E-08,-1.4927194E-01
-5.745658E-08,-1.4927194E-01
-5.740658E-08,-1.4921923E-01
-5.735658E-08,-1.4921923E-01
-5.730658E-08,-1.4921923E-01
-5.725658E-08,-1.4921923E-01
-5.720658E-08,-1.4921923E-01
-5.715658E-08,-1.4921923E-01
-5.710658E-08,-1.4921923E-01
-5.705658E-08,-1.4921923E-01
-5.700658E-08,-1.4921923E-01
-5.695658E-08,-1.4921923E-01
-5.690658E-08,-1.4921923E-01
-5.685658E-08,-1.4921923E-01
-5.680658E-08,-1.4927194E-01
-5.675658E-08,-1.4927194E-01
-5.670658E-08,-1.4932464E-01
-5.665658E-08,-1.4932464E-01
-5.660658E-08,-1.4932464E-01
-5.655658E-08,-1.4937735E-01
-5.650658E-08,-1.4937735E-01
-5.645658E-08,-1.4943006E-01
-5.640658E-08,-1.4943006E-01
-5.635658E-08,-1.4943006E-01
-5.630658E-08,-1.4943006E-01
-5.625658E-08,-1.4948277E-01
-5.620658E-08,-1.4948277E-01
-5.615658E-08,-1.4948277E-01
-5.610658E-08,-1.4948277E-01
-5.605658E-08,-1.4948277E-01
-5.600658E-08,-1.4948277E-01
-5.595658E-08,-1.4948277E-01
-5.590658E-08,-1.4948277E-01
-5.585658E-08,-1.4948277E-01
-5.580658E-08,-1.4943006E-01
-5.575658E-08,-1.4943006E-01
-5.570658E-08,-1.4943006E-01
-5.565658E-08,-1.4943006E-01
-5.560658E-08,-1.4937735E-01
-5.555658E-08,-1.4937735E-01
-5.550658E-08,-1.4937735E-01
-5.545658E-08,-1.4937735E-01
-5.540658E-08,-1.4932464E-01
-5.535658E-08,-1.4932464E-01
-5.530658E-08,-1.4932464E-01
-5.525658E-08,-1.4932464E-01
-5.520658E-08,-1.4932464E-01
-5.515658E-08,-1.4932464E-01
-5.510658E-08,-1.4932464E-01
-5.505658E-08,-1.4932464E-01
-5.500658E-08,-1.4937735E-01
-5.495658E-08,-1.4937735E-01
-5.490658E-08,-1.4937735E-01
-5.485658E-08,-1.4943006E-01
-5.480658E-08,-1.4943006E-01
-5.475658E-08,-1.4943006E-01
-5.470658E-08,-1.4948277E-01
-5.465658E-08,-1.4948277E-01
-5.460658E-08,-1.4953548E-01
-5.455658E-08,-1.4958819E-01
-5.450658E-08,-1.4958819E-01
-5.445658E-08,-1.4964090E-01
-5.440658E-08,-1.4964090E-01
-5.435658E-08,-1.4969361E-01
-5.430658E-08,-1.4969361E-01
-5.425658E-08,-1.4969361E-01
-5.420658E-08,-1.4974632E-01
-5.415658E-08,-1.4974632E-01
-5.410658E-08,-1.4974632E-01
-5.405658E-08,-1.4979903E-01
-5.400658E-08,-1.4979903E-01
-5.395658E-08,-1.4979903E-01
-5.390658E-08,-1.4979903E-01
-5.385658E-08,-1.4979903E-01
-5.380658E-08,-1.4979903E-01
-5.375658E-08,-1.4979903E-01
-5.370658E-08,-1.4979903E-01
-5.365658E-08,-1.4974632E-01
-5.360658E-08,-1.4974632E-01
-5.355658E-08,-1.4974632E-01
-5.350658E-08,-1.4974632E-01
-5.345658E-08,-1.4974632E-01
-5.340658E-08,-1.4974632E-01
-5.335658E-08,-1.4974632E-01
-5.330658E-08,-1.4969361E-01
-5.325658E-08,-1.4969361E-01
-5.320658E-08,-1.4969361E-01
-5.315658E-08,-1.4969361E-01
-5.310658E-08,-1.4969361E-01
-5.305658E-08,-1.4969361E-01
-5.300658E-08,-1.4969361E-01
-5.295658E-08,-1.4969361E-01
-5.290658E-08,-1.4969361E-01
-5.285658E-08,-1.4969361E-01
-5.280658E-08,-1.4969361E-01
-5.275658E-08,-1.4969361E-01
-5.270658E-08,-1.4969361E-01
-5.265658E-08,-1.4969361E-01
-5.260658E-08,-1.4969361E-01
-5.255658E-08,-1.4969361E-01
-5.250658E-08,-1.4969361E-01
-5.245658E-08,-1.4969361E-01
-5.240658E-08,-1.4969361E-01
-5.235658E-08,-1.4969361E-01
-5.230658E-08,-1.4964090E-01
-5.225658E-08,-1.4964090E-01
-5.220658E-08,-1.4958819E-01
-5.215658E-08,-1.4958819E-01
-5.210658E-08,-1.4953548E-01
-5.205658E-08,-1.4953548E-01
-5.200658E-08,-1.4948277E-01
-5.195658E-08,-1.4943006E-01
-5.190658E-08,-1.4937735E-01
-5.185658E-08,-1.4937735E-01
-5.180658E-08,-1.4932464E-01
-5.175658E-08,-1.4927194E-01
-5.170658E-08,-1.4921923E-01
-5.165658E-08,-1.4916652E-01
-5.160658E-08,-1.4911381E-01
-5.155658E-08,-1.4906110E-01
-5.150658E-08,-1.4900839E-01
-5.145658E-08,-1.4895568E-01
-5.140658E-08,-1.4890297E-01
-5.135658E-08,-1.4885026E-01
-5.130658E-08,-1.4885026E-01
-5.125658E-08,-1.4879755E-01
-5.120658E-08,-1.4879755E-01
-5.115658E-08,-1.4874485E-01
-5.110658E-08,-1.4874485E-01
-5.105658E-08,-1.4874485E-01
-5.100658E-08,-1.4874485E-01
-5.095658E-08,-1.4874485E-01
-5.090658E-08,-1.4874485E-01
-5.085658E-08,-1.4879755E-01
-5.080658E-08,-1.4879755E-01
-5.075658E-08,-1.4885026E-01
-5.070658E-08,-1.4885026E-01
-5.065658E-08,-1.4890297E-01
-5.060658E-08,-1.4895568E-01
-5.055658E-08,-1.4900839E-01
-5.050658E-08,-1.4900839E-01
-5.045658E-08,-1.4906110E-01
-5.040658E-08,-1.4911381E-01
-5.035658E-08,-1.4916652E-01
-5.030658E-08,-1.4921923E-01
-5.025658E-08,-1.4927194E-01
-5.020658E-08,-1.4932464E-01
-5.015658E-08,-1.4937735E-01
-5.010658E-08,-1.4943006E-01
-5.005658E-08,-1.4948277E-01
-5.000658E-08,-1.4948277E-01
-4.995658E-08,-1.4953548E-01
-4.990658E-08,-1.4958819E-01
-4.985658E-08,-1.4958819E-01
-4.980658E-08,-1.4958819E-01
-4.975658E-08,-1.4964090E-01
-4.970658E-08,-1.4964090E-01
-4.965658E-08,-1.4964090E-01
-4.960658E-08,-1.4964090E-01
-4.955658E-08,-1.4964090E-01
-4.950658E-08,-1.4964090E-01
-4.945658E-08,-1.4958819E-01
-4.940658E-08,-1.4958819E-01
-4.935658E-08,-1.4953548E-01
-4.930658E-08,-1.4953548E-01
-4.925658E-08,-1.4953548E-01
-4.920658E-08,-1.4948277E-01
-4.915658E-08,-1.4943006E-01
-4.910658E-08,-1.4943006E-01
-4.905658E-08,-1.4937735E-01
-4.900658E-08,-1.4937735E-01
-4.895658E-08,-1.4932464E-01
-4.890658E-08,-1.4932464E-01
-4.885658E-08,-1.4927194E-01
-4.880658E-08,-1.4927194E-01
-4.875658E-08,-1.4927194E-01
-4.870658E-08,-1.4927194E-01
-4.865658E-08,-1.4921923E-01
-4.860658E-08,-1.4921923E-01
-4.855658E-08,-1.4921923E-01
-4.850658E-08,-1.4921923E-01
-4.845658E-08,-1.4921923E-01
-4.840658E-08,-1.4921923E-01
-4.835658E-08,-1.4921923E-01
-4.830658E-08,-1.4921923E-01
-4.825658E-08,-1.4921923E-01
-4.820658E-08,-1.4927194E-01
-4.815658E-08,-1.4927194E-01
-4.810658E-08,-1.4927194E-01
-4.805658E-08,-1.4927194E-01
-4.800658E-08,-1.4932464E-01
-4.795658E-08,-1.4932464E-01
-4.790658E-08,-1.4932464E-01
-4.785658E-08,-1.4932464E-01
-4.780658E-08,-1.4937735E-01
-4.775658E-08,-1.4937735E-01
-4.770658E-08,-1.4937735E-01
-4.765658E-08,-1.4937735E-01
-4.760658E-08,-1.4937735E-01
-4.755658E-08,-1.4937735E-01
-4.750658E-08,-1.4937735E-01
-4.745658E-08,-1.4937735E-01
-4.740658E-08,-1.4937735E-01
-4.735658E-08,-1.4937735E-01
-4.730658E-08,-1.4937735E-01
-4.725658E-08,-1.4937735E-01
-4.720658E-08,-1.4937735E-01
-4.715658E-08,-1.4937735E-01
-4.710658E-08,-1.4932464E-01
-4.705658E-08,-1.4932464E-01
-4.700658E-08,-1.4932464E-01
-4.695658E-08,-1.4932464E-01
-4.690658E-08,-1.4932464E-01
-4.685658E-08,-1.4932464E-01
-4.680658E-08,-1.4932464E-01
-4.675658E-08,-1.4932464E-01
-4.670658E-08,-1.4932464E-01
-4.665658E-08,-1.4932464E-01
-4.660658E-08,-1.4932464E-01
-4.655658E-08,-1.4932464E-01
-4.650658E-08,-1.4937735E-01
-4.645658E-08,-1.4937735E-01
-4.640658E-08,-1.4937735E-01
-4.635658E-08,-1.4943006E-01
-4.630658E-08,-1.4943006E-01
-4.625658E-08,-1.4948277E-01
-4.620658E-08,-1.4948277E-01
-4.615658E-08,-1.4953548E-01
-4.610658E-08,-1.4953548E-01
-4.605658E-08,-1.4958819E-01
-4.600658E-08,-1.4964090E-01
-4.595658E-08,-1.4964090E-01
-4.590658E-08,-1.4969361E-01
-4.585658E-08,-1.4969361E-01
-4.580658E-08,-1.4974632E-01
-4.575658E-08,-1.4974632E-01
-4.570658E-08,-1.4974632E-01
-4.565658E-08,-1.4979903E-01
-4.560658E-08,-1.4979903E-01
-4.555658E-08,-1.4979903E-01
-4.550658E-08,-1.4979903E-01
-4.545658E-08,-1.4979903E-01
-4.540658E-08,-1.4974632E-01
-4.535658E-08,-1.4974632E-01
-4.530658E-08,-1.4974632E-01
-4.525658E-08,-1.4969361E-01
-4.520658E-08,-1.4964090E-01
-4.515658E-08,-1.4964090E-01
-4.510658E-08,-1.4958819E-01
-4.505658E-08,-1.4953548E-01
-4.500658E-08,-1.4948277E-01
-4.495658E-08,-1.4943006E-01
-4.490658E-08,-1.4937735E-01
-4.485658E-08,-1.4932464E-01
-4.480658E-08,-1.4927194E-01
-4.475658E-08,-1.4921923E-01
-4.470658E-08,-1.4921923E-01
-4.465658E-08,-1.4916652E-01
-4.460658E-08,-1.4911381E-01
-4.455658E-08,-1.4906110E-01
-4.450658E-08,-1.4900839E-01
-4.445658E-08,-1.4900839E-01
-4.440658E-08,-1.4895568E-01
-4.435658E-08,-1.4895568E-01
-4.430658E-08,-1.4890297E-01
-4.425658E-08,-1.4890297E-01
-4.420658E-08,-1.4890297E-01
-4.415658E-08,-1.4890297E-01
-4.410658E-08,-1.4890297E-01
-4.405658E-08,-1.4890297E-01
-4.400658E-08,-1.4895568E-01
-4.395658E-08,-1.4895568E-01
-4.390658E-08,-1.4900839E-01
-4.385658E-08,-1.4900839E-01
-4.380658E-08,-1.4906110E-01
-4.375658E-08,-1.4911381E-01
-4.370658E-08,-1.4916652E-01
-4.365658E-08,-1.4921923E-01
-4.360658E-08,-1.4921923E-01
-4.355658E-08,-1.4927194E-01
-4.350658E-08,-1.4932464E-01
-4.345658E-08,-1.4937735E-01
-4.340658E-08,-1.4943006E-01
-4.335658E-08,-1.4948277E-01
-4.330658E-08,-1.4953548E-01
-4.325658E-08,-1.4958819E-01
-4.320658E-08,-1.4958819E-01
-4.315658E-08,-1.4964090E-01
-4.310658E-08,-1.4964090E-01
-4.305658E-08,-1.4964090E-01
-4.300658E-08,-1.4969361E-01
-4.295658E-08,-1.4969361E-01
-4.290658E-08,-1.4969361E-01
-4.285658E-08,-1.4969361E-01
-4.280658E-08,-1.4964090E-01
-4.275658E-08,-1.4964090E-01
-4.270658E-08,-1.4958819E-01
-4.265658E-08,-1.4958819E-01
-4.260658E-08,-1.4953548E-01
-4.255658E-08,-1.4948277E-01
-4.250658E-08,-1.4943006E-01
-4.245658E-08,-1.4937735E-01
-4.240658E-08,-1.4932464E-01
-4.235658E-08,-1.4927194E-01
-4.230658E-08,-1.4921923E-01
-4.225658E-08,-1.4916652E-01
-4.220658E-08,-1.4911381E-01
-4.215658E-08,-1.4900839E-01
-4.210658E-08,-1.4895568E-01
-4.205658E-08,-1.4890297E-01
-4.200658E-08,-1.4885026E-01
-4.195658E-08,-1.4879755E-01
-4.190658E-08,-1.4874485E-01
-4.185658E-08,-1.4874485E-01
-4.180658E-08,-1.4869214E-01
-4.175658E-08,-1.4863943E-01
-4.170658E-08,-1.4863943E-01
-4.165658E-08,-1.4858672E-01
-4.160658E-08,-1.4858672E-01
-4.155658E-08,-1.4858672E-01
-4.150658E-08,-1.4858672E-01
-4.145658E-08,-1.4858672E-01
-4.140658E-08,-1.4858672E-01
-4.135658E-08,-1.4858672E-01
-4.130658E-08,-1.4858672E-01
-4.125658E-08,-1.4863943E-01
-4.120658E-08,-1.4863943E-01
-4.115658E-08,-1.4869214E-01
-4.110658E-08,-1.4869214E-01
-4.105658E-08,-1.4874485E-01
-4.100658E-08,-1.4874485E-01
-4.095658E-08,-1.4879755E-01
-4.090658E-08,-1.4879755E-01
-4.085658E-08,-1.4885026E-01
-4.080658E-08,-1.4885026E-01
-4.075658E-08,-1.4885026E-01
-4.070658E-08,-1.4890297E-01
-4.065658E-08,-1.4890297E-01
-4.060658E-08,-1.4890297E-01
-4.055658E-08,-1.4890297E-01
-4.050658E-08,-1.4890297E-01
-4.045658E-08,-1.4890297E-01
-4.040658E-08,-1.4885026E-01
-4.035658E-08,-1.4885026E-01
-4.030658E-08,-1.4879755E-01
-4.025658E-08,-1.4879755E-01
-4.020658E-08,-1.4874485E-01
-4.015658E-08,-1.4869214E-01
-4.010658E-08,-1.4869214E-01
-4.005658E-08,-1.4863943E-01
-4.000658E-08,-1.4858672E-01
-3.995658E-08,-1.4853401E-01
-3.990658E-08,-1.4848130E-01
-3.985658E-08,-1.4842859E-01
-3.980658E-08,-1.4837588E-01
-3.975658E-08,-1.4832317E-01
-3.970658E-08,-1.4827046E-01
-3.965658E-08,-1.4821776E-01
-3.960658E-08,-1.4816505E-01
-3.955658E-08,-1.4811234E-01
-3.950658E-08,-1.4805963E-01
-3.945658E-08,-1.4805963E-01
-3.940658E-08,-1.4800692E-01
-3.935658E-08,-1.4800692E-01
-3.930658E-08,-1.4800692E-01
-3.925658E-08,-1.4800692E-01
-3.920658E-08,-1.4800692E-01
-3.915658E-08,-1.4800692E-01
-3.910658E-08,-1.4800692E-01
-3.905658E-08,-1.4805963E-01
-3.900658E-08,-1.4805963E-01
-3.895658E-08,-1.4811234E-01
-3.890658E-08,-1.4816505E-01
-3.885658E-08,-1.4821776E-01
-3.880658E-08,-1.4827046E-01
-3.875658E-08,-1.4832317E-01
-3.870658E-08,-1.4837588E-01
-3.865658E-08,-1.4842859E-01
-3.860658E-08,-1.4853401E-01
-3.855658E-08,-1.4858672E-01
-3.850658E-08,-1.4863943E-01
-3.845658E-08,-1.4874485E-01
-3.840658E-08,-1.4879755E-01
-3.835658E-08,-1.4890297E-01
-3.830658E-08,-1.4895568E-01
-3.825658E-08,-1.4906110E-01
-3.820658E-08,-1.4911381E-01
-3.815658E-08,-1.4916652E-01
-3.810658E-08,-1.4921923E-01
-3.805658E-08,-1.4927194E-01
-3.800658E-08,-1.4932464E-01
-3.795658E-08,-1.4937735E-01
-3.790658E-08,-1.4943006E-01
-3.785658E-08,-1.4948277E-01
-3.780658E-08,-1.4948277E-01
-3.775658E-08,-1.4953548E-01
-3.770658E-08,-1.4953548E-01
-3.765658E-08,-1.4953548E-01
-3.760658E-08,-1.4953548E-01
-3.755658E-08,-1.4953548E-01
-3.750658E-08,-1.4953548E-01
-3.745658E-08,-1.4953548E-01
-3.740658E-08,-1.4953548E-01
-3.735658E-08,-1.4953548E-01
-3.730658E-08,-1.4948277E-01
-3.725658E-08,-1.4948277E-01
-3.720658E-08,-1.4943006E-01
-3.715658E-08,-1.4943006E-01
-3.710658E-08,-1.4937735E-01
-3.705658E-08,-1.4937735E-01
-3.700658E-08,-1.4932464E-01
-3.695658E-08,-1.4932464E-01
-3.690658E-08,-1.4927194E-01
-3.685658E-08,-1.4921923E-01
-3.680658E-08,-1.4921923E-01
-3.675658E-08,-1.4916652E-01
-3.670658E-08,-1.4916652E-01
-3.665658E-08,-1.4911381E-01
-3.660658E-08,-1.4911381E-01
-3.655658E-08,-1.4906110E-01
-3.650658E-08,-1.4906110E-01
-3.645658E-08,-1.4900839E-01
-3.640658E-08,-1.4900839E-01
-3.635658E-08,-1.4900839E-01
-3.630658E-08,-1.4895568E-01
-3.625658E-08,-1.4895568E-01
-3.620658E-08,-1.4895568E-01
-3.615658E-08,-1.4895568E-01
-3.610658E-08,-1.4895568E-01
-3.605658E-08,-1.4895568E-01
-3.600658E-08,-1.4895568E-01
-3.595658E-08,-1.4895568E-01
-3.590658E-08,-1.4895568E-01
-3.585658E-08,-1.4895568E-01
-3.580658E-08,-1.4895568E-01
-3.575658E-08,-1.4895568E-01
-3.570658E-08,-1.4900839E-01
-3.565658E-08,-1.4900839E-01
-3.560658E-08,-1.4900839E-01
-3.555658E-08,-1.4906110E-01
-3.550658E-08,-1.4906110E-01
-3.545658E-08,-1.4911381E-01
-3.540658E-08,-1.4911381E-01
-3.535658E-08,-1.4911381E-01
-3.530658E-08,-1.4916652E-01
-3.525658E-08,-1.4921923E-01
-3.520658E-08,-1.4921923E-01
-3.515658E-08,-1.4927194E-01
-3.510658E-08,-1.4927194E-01
-3.505658E-08,-1.4932464E-01
-3.500658E-08,-1.4937735E-01
-3.495658E-08,-1.4937735E-01
-3.490658E-08,-1.4943006E-01
-3.485658E-08,-1.4943006E-01
-3.480658E-08,-1.4948277E-01
-3.475658E-08,-1.4948277E-01
-3.470658E-08,-1.4953548E-01
-3.465658E-08,-1.4953548E-01
-3.460658E-08,-1.4958819E-01
-3.455658E-08,-1.4958819E-01
-3.450658E-08,-1.4964090E-01
-3.445658E-08,-1.4964090E-01
-3.440658E-08,-1.4964090E-01
-3.435658E-08,-1.4964090E-01
-3.430658E-08,-1.4964090E-01
-3.425658E-08,-1.4964090E-01
-3.420658E-08,-1.4964090E-01
-3.415658E-08,-1.4964090E-01
-3.410658E-08,-1.4964090E-01
-3.405658E-08,-1.4958819E-01
-3.400658E-08,-1.4958819E-01
-3.395658E-08,-1.4953548E-01
-3.390658E-08,-1.4948277E-01
-3.385658E-08,-1.4948277E-01
-3.380658E-08,-1.4943006E-01
-3.375658E-08,-1.4937735E-01
-3.370658E-08,-1.4932464E-01
-3.365658E-08,-1.4927194E-01
-3.360658E-08,-1.4921923E-01
-3.355658E-08,-1.4916652E-01
-3.350658E-08,-1.4911381E-01
-3.345658E-08,-1.4906110E-01
-3.340658E-08,-1.4900839E-01
-3.335658E-08,-1.4895568E-01
-3.330658E-08,-1.4890297E-01
-3.325658E-08,-1.4885026E-01
-3.320658E-08,-1.4879755E-01
-3.315658E-08,-1.4874485E-01
-3.310658E-08,-1.4869214E-01
-3.305658E-08,-1.4863943E-01
-3.300658E-08,-1.4858672E-01
-3.295658E-08,-1.4858672E-01
-3.290658E-08,-1.4853401E-01
-3.285658E-08,-1.4853401E-01
-3.280658E-08,-1.4848130E-01
-3.275658E-08,-1.4848130E-01
-3.270658E-08,-1.4848130E-01
-3.265658E-08,-1.4842859E-01
-3.260658E-08,-1.4842859E-01
-3.255658E-08,-1.4848130E-01
-3.250658E-08,-1.4848130E-01
-3.245658E-08,-1.4848130E-01
-3.240658E-08,-1.4848130E-01
-3.235658E-08,-1.4853401E-01
-3.230658E-08,-1.4853401E-01
-3.225658E-08,-1.4858672E-01
-3.220658E-08,-1.4858672E-01
-3.215658E-08,-1.4863943E-01
-3.210658E-08,-1.4869214E-01
-3.205658E-08,-1.4874485E-01
-3.200658E-08,-1.4874485E-01
-3.195658E-08,-1.4879755E-01
-3.190658E-08,-1.4885026E-01
-3.185658E-08,-1.4890297E-01
-3.180658E-08,-1.4895568E-01
-3.175658E-08,-1.4895568E-01
-3.170658E-08,-1.4900839E-01
-3.165658E-08,-1.4906110E-01
-3.160658E-08,-1.4911381E-01
-3.155658E-08,-1.4911381E-01
-3.150658E-08,-1.4916652E-01
-3.145658E-08,-1.4916652E-01
-3.140658E-08,-1.4921923E-01
-3.135658E-08,-1.4921923E-01
-3.130658E-08,-1.4927194E-01
-3.125658E-08,-1.4927194E-01
-3.120658E-08,-1.4927194E-01
-3.115658E-08,-1.4932464E-01
-3.110658E-08,-1.4932464E-01
-3.105658E-08,-1.4932464E-01
-3.100658E-08,-1.4932464E-01
-3.095658E-08,-1.4932464E-01
-3.090658E-08,-1.4932464E-01
-3.085658E-08,-1.4932464E-01
-3.080658E-08,-1.4932464E-01
-3.075658E-08,-1.4927194E-01
-3.070658E-08,-1.4927194E-01
-3.065658E-08,-1.4927194E-01
-3.060658E-08,-1.4921923E-01
-3.055658E-08,-1.4921923E-01
-3.050658E-08,-1.4921923E-01
-3.045658E-08,-1.4916652E-01
-3.040658E-08,-1.4916652E-01
-3.035658E-08,-1.4916652E-01
-3.030658E-08,-1.4911381E-01
-3.025658E-08,-1.4911381E-01
-3.020658E-08,-1.4911381E-01
-3.015658E-08,-1.4906110E-01
-3.010658E-08,-1.4906110E-01
-3.005658E-08,-1.4906110E-01
-3.000658E-08,-1.4900839E-01
-2.995658E-08,-1.4900839E-01
-2.990658E-08,-1.4900839E-01
-2.985658E-08,-1.4900839E-01
-2.980658E-08,-1.4900839E-01
-2.975658E-08,-1.4900839E-01
-2.970658E-08,-1.4900839E-01
-2.965658E-08,-1.4900839E-01
-2.960658E-08,-1.4900839E-01
-2.955658E-08,-1.4900839E-01
-2.950658E-08,-1.4906110E-01
-2.945658E-08,-1.4906110E-01
-2.940658E-08,-1.4906110E-01
-2.935658E-08,-1.4906110E-01
-2.930658E-08,-1.4911381E-01
-2.925658E-08,-1.4911381E-01
-2.920658E-08,-1.4916652E-01
-2.915658E-08,-1.4916652E-01
-2.910658E-08,-1.4916652E-01
-2.905658E-08,-1.4921923E-01
-2.900658E-08,-1.4921923E-01
-2.895658E-08,-1.4927194E-01
-2.890658E-08,-1.4927194E-01
-2.885658E-08,-1.4927194E-01
-2.880658E-08,-1.4927194E-01
-2.875658E-08,-1.4932464E-01
-2.870658E-08,-1.4932464E-01
-2.865658E-08,-1.4932464E-01
-2.860658E-08,-1.4932464E-01
-2.855658E-08,-1.4932464E-01
-2.850658E-08,-1.4932464E-01
-2.845658E-08,-1.4927194E-01
-2.840658E-08,-1.4927194E-01
-2.835658E-08,-1.4927194E-01
-2.830658E-08,-1.4921923E-01
-2.825658E-08,-1.4921923E-01
-2.820658E-08,-1.4916652E-01
-2.815658E-08,-1.4911381E-01
-2.810658E-08,-1.4911381E-01
-2.805658E-08,-1.4906110E-01
-2.800658E-08,-1.4900839E-01
-2.795658E-08,-1.4895568E-01
-2.790658E-08,-1.4890297E-01
-2.785658E-08,-1.4890297E-01
-2.780658E-08,-1.4885026E-01
-2.775658E-08,-1.4879755E-01
-2.770658E-08,-1.4874485E-01
-2.765658E-08,-1.4874485E-01
-2.760658E-08,-1.4869214E-01
-2.755658E-08,-1.4863943E-01
-2.750658E-08,-1.4863943E-01
-2.745658E-08,-1.4858672E-01
-2.740658E-08,-1.4858672E-01
-2.735658E-08,-1.4858672E-01
-2.730658E-08,-1.4858672E-01
-2.725658E-08,-1.4858672E-01
-2.720658E-08,-1.4858672E-01
-2.715658E-08,-1.4858672E-01
-2.710658E-08,-1.4858672E-01
-2.705658E-08,-1.4858672E-01
-2.700658E-08,-1.4863943E-01
-2.695658E-08,-1.4863943E-01
-2.690658E-08,-1.4869214E-01
-2.685658E-08,-1.4869214E-01
-2.680658E-08,-1.4874485E-01
-2.675658E-08,-1.4879755E-01
-2.670658E-08,-1.4879755E-01
-2.665658E-08,-1.4885026E-01
-2.660658E-08,-1.4890297E-01
-2.655658E-08,-1.4895568E-01
-2.650658E-08,-1.4895568E-01
-2.645658E-08,-1.4900839E-01
-2.640658E-08,-1.4906110E-01
-2.635658E-08,-1.4906110E-01
-2.630658E-08,-1.4911381E-01
-2.625658E-08,-1.4911381E-01
-2.620658E-08,-1.4916652E-01
-2.615658E-08,-1.4916652E-01
-2.610658E-08,-1.4916652E-01
-2.605658E-08,-1.4921923E-01
-2.600658E-08,-1.4921923E-01
-2.595658E-08,-1.4921923E-01
-2.590658E-08,-1.4921923E-01
-2.585658E-08,-1.4921923E-01
-2.580658E-08,-1.4921923E-01
-2.575658E-08,-1.4921923E-01
-2.570658E-08,-1.4921923E-01
-2.565658E-08,-1.4921923E-01
-2.560658E-08,-1.4916652E-01
-2.555658E-08,-1.4916652E-01
-2.550658E-08,-1.4916652E-01
-2.545658E-08,-1.4916652E-01
-2.540658E-08,-1.4916652E-01
-2.535658E-08,-1.4916652E-01
-2.530658E-08,-1.4911381E-01
-2.525658E-08,-1.4911381E-01
-2.520658E-08,-1.4911381E-01
-2.515658E-08,-1.4911381E-01
-2.510658E-08,-1.4911381E-01
-2.505658E-08,-1.4911381E-01
-2.500658E-08,-1.4911381E-01
-2.495658E-08,-1.4916652E-01
-2.490658E-08,-1.4916652E-01
-2.485658E-08,-1.4916652E-01
-2.480658E-08,-1.4916652E-01
-2.475658E-08,-1.4916652E-01
-2.470658E-08,-1.4921923E-01
-2.465658E-08,-1.4921923E-01
-2.460658E-08,-1.4921923E-01
-2.455658E-08,-1.4921923E-01
-2.450658E-08,-1.4921923E-01
-2.445658E-08,-1.4921923E-01
-2.440658E-08,-1.4927194E-01
-2.435658E-08,-1.4927194E-01
-2.430658E-08,-1.4927194E-01
-2.425658E-08,-1.4927194E-01
-2.420658E-08,-1.4927194E-01
-2.415658E-08,-1.4921923E-01
-2.410658E-08,-1.4921923E-01
-2.405658E-08,-1.4921923E-01
-2.400658E-08,-1.4921923E-01
-2.395658E-08,-1.4916652E-01
-2.390658E-08,-1.4916652E-01
-2.385658E-08,-1.4916652E-01
-2.380658E-08,-1.4911381E-01
-2.375658E-08,-1.4911381E-01
-2.370658E-08,-1.4906110E-01
-2.365658E-08,-1.4906110E-01
-2.360658E-08,-1.4900839E-01
-2.355658E-08,-1.4900839E-01
-2.350658E-08,-1.4900839E-01
-2.345658E-08,-1.4895568E-01
-2.340658E-08,-1.4895568E-01
-2.335658E-08,-1.4895568E-01
-2.330658E-08,-1.4895568E-01
-2.325658E-08,-1.4895568E-01
-2.320658E-08,-1.4895568E-01
-2.315658E-08,-1.4895568E-01
-2.310658E-08,-1.4895568E-01
-2.305658E-08,-1.4895568E-01
-2.300658E-08,-1.4900839E-01
-2.295658E-08,-1.4900839E-01
-2.290658E-08,-1.4906110E-01
-2.285658E-08,-1.4906110E-01
-2.280658E-08,-1.4911381E-01
-2.275658E-08,-1.4911381E-01
-2.270658E-08,-1.4916652E-01
-2.265658E-08,-1.4921923E-01
-2.260658E-08,-1.4921923E-01
-2.255658E-08,-1.4927194E-01
-2.250658E-08,-1.4932464E-01
-2.245658E-08,-1.4932464E-01
-2.240658E-08,-1.4937735E-01
-2.235658E-08,-1.4937735E-01
-2.230658E-08,-1.4943006E-01
-2.225658E-08,-1.4943006E-01
-2.220658E-08,-1.4948277E-01
-2.215658E-08,-1.4948277E-01
-2.210658E-08,-1.4948277E-01
-2.205658E-08,-1.4948277E-01
-2.200658E-08,-1.4948277E-01
-2.195658E-08,-1.4948277E-01
-2.190658E-08,-1.4948277E-01
-2.185658E-08,-1.4948277E-01
-2.180658E-08,-1.4948277E-01
-2.175658E-08,-1.4948277E-01
-2.170658E-08,-1.4943006E-01
-2.165658E-08,-1.4943006E-01
-2.160658E-08,-1.4943006E-01
-2.155658E-08,-1.4937735E-01
-2.150658E-08,-1.4937735E-01
-2.145658E-08,-1.4932464E-01
-2.140658E-08,-1.4932464E-01
-2.135658E-08,-1.4927194E-01
-2.130658E-08,-1.4927194E-01
-2.125658E-08,-1.4927194E-01
-2.120658E-08,-1.4921923E-01
-2.115658E-08,-1.4921923E-01
-2.110658E-08,-1.4921923E-01
-2.105658E-08,-1.4921923E-01
-2.100658E-08,-1.4921923E-01
-2.095658E-08,-1.4921923E-01
-2.090658E-08,-1.4921923E-01
-2.085658E-08,-1.4921923E-01
-2.080658E-08,-1.4921923E-01
-2.075658E-08,-1.4921923E-01
-2.070658E-08,-1.4921923E-01
-2.065658E-08,-1.4921923E-01
-2.060658E-08,-1.4921923E-01
-2.055658E-08,-1.4921923E-01
-2.050658E-08,-1.4921923E-01
-2.045658E-08,-1.4921923E-01
-2.040658E-08,-1.4921923E-01
-2.035658E-08,-1.4921923E-01
-2.030658E-08,-1.4916652E-01
-2.025658E-08,-1.4916652E-01
-2.020658E-08,-1.4916652E-01
-2.015658E-08,-1.4916652E-01
-2.010658E-08,-1.4911381E-01
-2.005658E-08,-1.4911381E-01
-2.000658E-08,-1.4906110E-01
-1.995658E-08,-1.4900839E-01
-1.990658E-08,-1.4900839E-01
-1.985658E-08,-1.4895568E-01
-1.980658E-08,-1.4890297E-01
-1.975658E-08,-1.4885026E-01
-1.970658E-08,-1.4885026E-01
-1.965658E-08,-1.4879755E-01
-1.960658E-08,-1.4874485E-01
-1.955658E-08,-1.4869214E-01
-1.950658E-08,-1.4869214E-01
-1.945658E-08,-1.4863943E-01
-1.940658E-08,-1.4863943E-01
-1.935658E-08,-1.4858672E-01
-1.930658E-08,-1.4858672E-01
-1.925658E-08,-1.4858672E-01
-1.920658E-08,-1.4858672E-01
-1.915658E-08,-1.4858672E-01
-1.910658E-08,-1.4858672E-01
-1.905658E-08,-1.4863943E-01
-1.900658E-08,-1.4863943E-01
-1.895658E-08,-1.4869214E-01
-1.890658E-08,-1.4869214E-01
-1.885658E-08,-1.4874485E-01
-1.880658E-08,-1.4879755E-01
-1.875658E-08,-1.4885026E-01
-1.870658E-08,-1.4890297E-01
-1.865658E-08,-1.4895568E-01
-1.860658E-08,-1.4900839E-01
-1.855658E-08,-1.4906110E-01
-1.850658E-08,-1.4911381E-01
-1.845658E-08,-1.4916652E-01
-1.840658E-08,-1.4921923E-01
-1.835658E-08,-1.4927194E-01
-1.830658E-08,-1.4932464E-01
-1.825658E-08,-1.4937735E-01
-1.820658E-08,-1.4937735E-01
-1.815658E-08,-1.4943006E-01
-1.810658E-08,-1.4943006E-01
-1.805658E-08,-1.4943006E-01
-1.800658E-08,-1.4943006E-01
-1.795658E-08,-1.4943006E-01
-1.790658E-08,-1.4943006E-01
-1.785658E-08,-1.4937735E-01
-1.780658E-08,-1.4937735E-01
-1.775658E-08,-1.4932464E-01
-1.770658E-08,-1.4927194E-01
-1.765658E-08,-1.4921923E-01
-1.760658E-08,-1.4916652E-01
-1.755658E-08,-1.4911381E-01
-1.750658E-08,-1.4906110E-01
-1.745658E-08,-1.4900839E-01
-1.740658E-08,-1.4895568E-01
-1.735658E-08,-1.4890297E-01
-1.730658E-08,-1.4885026E-01
-1.725658E-08,-1.4885026E-01
-1.720658E-08,-1.4879755E-01
-1.715658E-08,-1.4874485E-01
-1.710658E-08,-1.4874485E-01
-1.705658E-08,-1.4869214E-01
-1.700658E-08,-1.4869214E-01
-1.695658E-08,-1.4869214E-01
-1.690658E-08,-1.4869214E-01
-1.685658E-08,-1.4869214E-01
-1.680658E-08,-1.4869214E-01
-1.675658E-08,-1.4874485E-01
-1.670658E-08,-1.4874485E-01
-1.665658E-08,-1.4879755E-01
-1.660658E-08,-1.4885026E-01
-1.655658E-08,-1.4890297E-01
-1.650658E-08,-1.4895568E-01
-1.645658E-08,-1.4900839E-01
-1.640658E-08,-1.4906110E-01
-1.635658E-08,-1.4911381E-01
-1.630658E-08,-1.4921923E-01
-1.625658E-08,-1.4927194E-01
-1.620658E-08,-1.4932464E-01
-1.615658E-08,-1.4937735E-01
-1.610658E-08,-1.4943006E-01
-1.605658E-08,-1.4948277E-01
-1.600658E-08,-1.4953548E-01
-1.595658E-08,-1.4958819E-01
-1.590658E-08,-1.4958819E-01
-1.585658E-08,-1.4964090E-01
-1.580658E-08,-1.4964090E-01
-1.575658E-08,-1.4969361E-01
-1.570658E-08,-1.4969361E-01
-1.565658E-08,-1.4969361E-01
-1.560658E-08,-1.4969361E-01
-1.555658E-08,-1.4964090E-01
-1.550658E-08,-1.4964090E-01
-1.545658E-08,-1.4964090E-01
-1.540658E-08,-1.4958819E-01
-1.535658E-08,-1.4958819E-01
-1.530658E-08,-1.4953548E-01
-1.525658E-08,-1.4953548E-01
-1.520658E-08,-1.4948277E-01
-1.515658E-08,-1.4948277E-01
-1.510658E-08,-1.4943006E-01
-1.505658E-08,-1.4943006E-01
-1.500658E-08,-1.4937735E-01
-1.495658E-08,-1.4937735E-01
-1.490658E-08,-1.4937735E-01
-1.485658E-08,-1.4937735E-01
-1.480658E-08,-1.4932464E-01
-1.475658E-08,-1.4932464E-01
-1.470658E-08,-1.4937735E-01
-1.465658E-08,-1.4937735E-01
-1.460658E-08,-1.4937735E-01
-1.455658E-08,-1.4943006E-01
-1.450658E-08,-1.4943006E-01
-1.445658E-08,-1.4948277E-01
-1.440658E-08,-1.4948277E-01
-1.435658E-08,-1.4953548E-01
-1.430658E-08,-1.4958819E-01
-1.425658E-08,-1.4964090E-01
-1.420658E-08,-1.4964090E-01
-1.415658E-08,-1.4969361E-01
-1.410658E-08,-1.4974632E-01
-1.405658E-08,-1.4979903E-01
-1.400658E-08,-1.4985173E-01
-1.395658E-08,-1.4985173E-01
-1.390658E-08,-1.4990444E-01
-1.385658E-08,-1.4995715E-01
-1.380658E-08,-1.4995715E-01
-1.375658E-08,-1.5000986E-01
-1.370658E-08,-1.5000986E-01
-1.365658E-08,-1.5006257E-01
-1.360658E-08,-1.5006257E-01
-1.355658E-08,-1.5006257E-01
-1.350658E-08,-1.5006257E-01
-1.345658E-08,-1.5006257E-01
-1.340658E-08,-1.5006257E-01
-1.335658E-08,-1.5006257E-01
-1.330658E-08,-1.5000986E-01
-1.325658E-08,-1.5000986E-01
-1.320658E-08,-1.5000986E-01
-1.315658E-08,-1.4995715E-01
-1.310658E-08,-1.4995715E-01
-1.305658E-08,-1.4990444E-01
-1.300658E-08,-1.4985173E-01
-1.295658E-08,-1.4985173E-01
-1.290658E-08,-1.4979903E-01
-1.285658E-08,-1.4979903E-01
-1.280658E-08,-1.4974632E-01
-1.275658E-08,-1.4969361E-01
-1.270658E-08,-1.4969361E-01
-1.265658E-08,-1.4964090E-01
-1.260658E-08,-1.4964090E-01
-1.255658E-08,-1.4958819E-01
-1.250658E-08,-1.4958819E-01
-1.245658E-08,-1.4953548E-01
-1.240658E-08,-1.4948277E-01
-1.235658E-08,-1.4948277E-01
-1.230658E-08,-1.4943006E-01
-1.225658E-08,-1.4943006E-01
-1.220658E-08,-1.4937735E-01
-1.215658E-08,-1.4937735E-01
-1.210658E-08,-1.4937735E-01
-1.205658E-08,-1.4932464E-01
-1.200658E-08,-1.4932464E-01
-1.195658E-08,-1.4927194E-01
-1.190658E-08,-1.4927194E-01
-1.185658E-08,-1.4921923E-01
-1.180658E-08,-1.4921923E-01
-1.175658E-08,-1.4921923E-01
-1.170658E-08,-1.4916652E-01
-1.165658E-08,-1.4916652E-01
-1.160658E-08,-1.4911381E-01
-1.155658E-08,-1.4911381E-01
-1.150658E-08,-1.4911381E-01
-1.145658E-08,-1.4906110E-01
-1.140658E-08,-1.4906110E-01
-1.135658E-08,-1.4906110E-01
-1.130658E-08,-1.4906110E-01
-1.125658E-08,-1.4900839E-01
-1.120658E-08,-1.4900839E-01
-1.115658E-08,-1.4900839E-01
-1.110658E-08,-1.4900839E-01
-1.105658E-08,-1.4900839E-01
-1.100658E-08,-1.4900839E-01
-1.095658E-08,-1.4900839E-01
-1.090658E-08,-1.4900839E-01
-1.085658E-08,-1.4906110E-01
-1.080658E-08,-1.4906110E-01
-1.075658E-08,-1.4906110E-01
-1.070658E-08,-1.4906110E-01
-1.065658E-08,-1.4911381E-01
-1.060658E-08,-1.4911381E-01
-1.055658E-08,-1.4916652E-01
-1.050658E-08,-1.4921923E-01
-1.045658E-08,-1.4921923E-01
-1.040658E-08,-1.4927194E-01
-1.035658E-08,-1.4932464E-01
-1.030658E-08,-1.4932464E-01
-1.025658E-08,-1.4937735E-01
-1.020658E-08,-1.4943006E-01
-1.015658E-08,-1.4948277E-01
-1.010658E-08,-1.4948277E-01
-1.005658E-08,-1.4953548E-01
-1.000658E-08,-1.4958819E-01
-9.95658E-09,-1.4964090E-01
-9.90658E-09,-1.4969361E-01
-9.85658E-09,-1.4969361E-01
-9.80658E-09,-1.4974632E-01
-9.75658E-09,-1.4979903E-01
-9.70658E-09,-1.4979903E-01
-9.65658E-09,-1.4985173E-01
-9.60658E-09,-1.4990444E-01
-9.55658E-09,-1.4990444E-01
-9.50658E-09,-1.4995715E-01
-9.45658E-09,-1.4995715E-01
-9.40658E-09,-1.5000986E-01
-9.35658E-09,-1.5000986E-01
-9.30658E-09,-1.5006257E-01
-9.25658E-09,-1.5006257E-01
-9.20658E-09,-1.5006257E-01
-9.15658E-09,-1.5006257E-01
-9.10658E-09,-1.5011528E-01
-9.05658E-09,-1.5011528E-01
-9.00658E-09,-1.5011528E-01
-8.95658E-09,-1.5011528E-01
-8.90658E-09,-1.5011528E-01
-8.85658E-09,-1.5011528E-01
-8.80658E-09,-1.5011528E-01
-8.75658E-09,-1.5011528E-01
-8.70658E-09,-1.5011528E-01
-8.65658E-09,-1.5011528E-01
-8.60658E-09,-1.5011528E-01
-8.55658E-09,-1.5011528E-01
-8.50658E-09,-1.5011528E-01
-8.45658E-09,-1.5011528E-01
-8.40658E-09,-1.5011528E-01
-8.35658E-09,-1.5011528E-01
-8.30658E-09,-1.5011528E-01
-8.25658E-09,-1.5011528E-01
-8.20658E-09,-1.5006257E-01
-8.15658E-09,-1.5006257E-01
-8.10658E-09,-1.5006257E-01
-8.05658E-09,-1.5006257E-01
-8.00658E-09,-1.5006257E-01
-7.95658E-09,-1.5006257E-01
-7.90658E-09,-1.5006257E-01
-7.85658E-09,-1.5006257E-01
-7.80658E-09,-1.5006257E-01
-7.75658E-09,-1.5006257E-01
-7.70658E-09,-1.5006257E-01
-7.65658E-09,-1.5006257E-01
-7.60658E-09,-1.5006257E-01
-7.55658E-09,-1.5006257E-01
-7.50658E-09,-1.5006257E-01
-7.45658E-09,-1.5006257E-01
-7.40658E-09,-1.5006257E-01
-7.35658E-09,-1.5006257E-01
-7.30658E-09,-1.5006257E-01
-7.25658E-09,-1.5011528E-01
-7.20658E-09,-1.5011528E-01
-7.15658E-09,-1.5011528E-01
-7.10658E-09,-1.5011528E-01
-7.05658E-09,-1.5011528E-01
-7.00658E-09,-1.5011528E-01
-6.95658E-09,-1.5011528E-01
-6.90658E-09,-1.5011528E-01
-6.85658E-09,-1.5011528E-01
-6.80658E-09,-1.5006257E-01
-6.75658E-09,-1.5006257E-01
-6.70658E-09,-1.5006257E-01
-6.65658E-09,-1.5000986E-01
-6.60658E-09,-1.5000986E-01
-6.55658E-09,-1.4995715E-01
-6.50658E-09,-1.4990444E-01
-6.45658E-09,-1.4985173E-01
-6.40658E-09,-1.4979903E-01
-6.35658E-09,-1.4974632E-01
-6.30658E-09,-1.4969361E-01
-6.25658E-09,-1.4964090E-01
-6.20658E-09,-1.4958819E-01
-6.15658E-09,-1.4953548E-01
-6.10658E-09,-1.4943006E-01
-6.05658E-09,-1.4937735E-01
-6.00658E-09,-1.4932464E-01
-5.95658E-09,-1.4921923E-01
-5.90658E-09,-1.4916652E-01
-5.85658E-09,-1.4906110E-01
-5.80658E-09,-1.4900839E-01
-5.75658E-09,-1.4895568E-01
-5.70658E-09,-1.4885026E-01
-5.65658E-09,-1.4879755E-01
-5.60658E-09,-1.4874485E-01
-5.55658E-09,-1.4869214E-01
-5.50658E-09,-1.4863943E-01
-5.45658E-09,-1.4858672E-01
-5.40658E-09,-1.4858672E-01
-5.35658E-09,-1.4853401E-01
-5.30658E-09,-1.4853401E-01
-5.25658E-09,-1.4853401E-01
-5.20658E-09,-1.4848130E-01
-5.15658E-09,-1.4848130E-01
-5.10658E-09,-1.4848130E-01
-5.05658E-09,-1.4853401E-01
-5.00658E-09,-1.4853401E-01
-4.95658E-09,-1.4853401E-01
-4.90658E-09,-1.4858672E-01
-4.85658E-09,-1.4863943E-01
-4.80658E-09,-1.4863943E-01
-4.75658E-09,-1.4869214E-01
-4.70658E-09,-1.4874485E-01
-4.65658E-09,-1.4879755E-01
-4.60658E-09,-1.4885026E-01
-4.55658E-09,-1.4890297E-01
-4.50658E-09,-1.4895568E-01
-4.45658E-09,-1.4900839E-01
-4.40658E-09,-1.4906110E-01
-4.35658E-09,-1.4906110E-01
-4.30658E-09,-1.4911381E-01
-4.25658E-09,-1.4916652E-01
-4.20658E-09,-1.4921923E-01
-4.15658E-09,-1.4921923E-01
-4.10658E-09,-1.4927194E-01
-4.05658E-09,-1.4927194E-01
-4.00658E-09,-1.4932464E-01
-3.95658E-09,-1.4932464E-01
-3.90658E-09,-1.4932464E-01
-3.85658E-09,-1.4932464E-01
-3.80658E-09,-1.4937735E-01
-3.75658E-09,-1.4937735E-01
-3.70658E-09,-1.4937735E-01
-3.65658E-09,-1.4932464E-01
-3.60658E-09,-1.4932464E-01
-3.55658E-09,-1.4932464E-01
-3.50658E-09,-1.4932464E-01
-3.45658E-09,-1.4932464E-01
-3.40658E-09,-1.4927194E-01
-3.35658E-09,-1.4927194E-01
-3.30658E-09,-1.4927194E-01
-3.25658E-09,-1.4921923E-01
-3.20658E-09,-1.4921923E-01
-3.15658E-09,-1.4921923E-01
-3.10658E-09,-1.4916652E-01
-3.05658E-09,-1.4916652E-01
-3.00658E-09,-1.4916652E-01
-2.95658E-09,-1.4911381E-01
-2.90658E-09,-1.4911381E-01
-2.85658E-09,-1.4911381E-01
-2.80658E-09,-1.4906110E-01
-2.75658E-09,-1.4906110E-01
-2.70658E-09,-1.4906110E-01
-2.65658E-09,-1.4900839E-01
-2.60658E-09,-1.4900839E-01
-2.55658E-09,-1.4900839E-01
-2.50658E-09,-1.4895568E-01
-2.45658E-09,-1.4895568E-01
-2.40658E-09,-1.4895568E-01
-2.35658E-09,-1.4895568E-01
-2.30658E-09,-1.4890297E-01
-2.25658E-09,-1.4890297E-01
-2.20658E-09,-1.4890297E-01
-2.15658E-09,-1.4890297E-01
-2.10658E-09,-1.4890297E-01
-2.05658E-09,-1.4885026E-01
-2.00658E-09,-1.4885026E-01
-1.95658E-09,-1.4885026E-01
-1.90658E-09,-1.4885026E-01
-1.85658E-09,-1.4885026E-01
-1.80658E-09,-1.4885026E-01
-1.75658E-09,-1.4885026E-01
-1.70658E-09,-1.4885026E-01
-1.65658E-09,-1.4885026E-01
-1.60658E-09,-1.4885026E-01
-1.55658E-09,-1.4890297E-01
-1.50658E-09,-1.4890297E-01
-1.45658E-09,-1.4890297E-01
-1.40658E-09,-1.4890297E-01
-1.35658E-09,-1.4895568E-01
-1.30658E-09,-1.4895568E-01
-1.25658E-09,-1.4895568E-01
-1.20658E-09,-1.4900839E-01
-1.15658E-09,-1.4900839E-01
-1.10658E-09,-1.4900839E-01
-1.05658E-09,-1.4906110E-01
-1.00658E-09,-1.4906110E-01
-9.5658E-10,-1.4906110E-01
-9.0658E-10,-1.4906110E-01
-8.5658E-10,-1.4906110E-01
-8.0658E-10,-1.4906110E-01
-7.5658E-10,-1.4906110E-01
-7.0658E-10,-1.4906110E-01
-6.5658E-10,-1.4906110E-01
-6.0658E-10,-1.4906110E-01
-5.5658E-10,-1.4906110E-01
-5.0658E-10,-1.4900839E-01
-4.5658E-10,-1.4900839E-01
-4.0658E-10,-1.4895568E-01
-3.5658E-10,-1.4895568E-01
-3.0658E-10,-1.4890297E-01
-2.5658E-10,-1.4885026E-01
-2.0658E-10,-1.4879755E-01
-1.5658E-10,-1.4879755E-01
-1.0658E-10,-1.4874485E-01
-5.658E-11,-1.4869214E-01
-6.58E-12,-1.4863943E-01
4.342E-11,-1.4863943E-01
9.342E-11,-1.4858672E-01
1.4342E-10,-1.4853401E-01
1.9342E-10,-1.4853401E-01
2.4342E-10,-1.4848130E-01
2.9342E-10,-1.4848130E-01
3.4342E-10,-1.4848130E-01
3.9342E-10,-1.4848130E-01
4.4342E-10,-1.4848130E-01
4.9342E-10,-1.4848130E-01
5.4342E-10,-1.4853401E-01
5.9342E-10,-1.4853401E-01
6.4342E-10,-1.4858672E-01
6.9342E-10,-1.4863943E-01
7.4342E-10,-1.4869214E-01
7.9342E-10,-1.4874485E-01
8.4342E-10,-1.4879755E-01
8.9342E-10,-1.4885026E-01
9.4342E-10,-1.4895568E-01
9.9342E-10,-1.4900839E-01
1.04342E-09,-1.4911381E-01
1.09342E-09,-1.4916652E-01
1.14342E-09,-1.4927194E-01
1.19342E-09,-1.4932464E-01
1.24342E-09,-1.4943006E-01
1.29342E-09,-1.4948277E-01
1.34342E-09,-1.4958819E-01
1.39342E-09,-1.4964090E-01
1.44342E-09,-1.4969361E-01
1.49342E-09,-1.4974632E-01
1.54342E-09,-1.4979903E-01
1.59342E-09,-1.4985173E-01
1.64342E-09,-1.4985173E-01
1.69342E-09,-1.4990444E-01
1.74342E-09,-1.4990444E-01
1.79342E-09,-1.4990444E-01
1.84342E-09,-1.4990444E-01
1.89342E-09,-1.4985173E-01
1.94342E-09,-1.4985173E-01
1.99342E-09,-1.4979903E-01
2.04342E-09,-1.4974632E-01
2.09342E-09,-1.4969361E-01
2.14342E-09,-1.4964090E-01
2.19342E-09,-1.4958819E-01
2.24342E-09,-1.4953548E-01
2.29342E-09,-1.4948277E-01
2.34342E-09,-1.4943006E-01
2.39342E-09,-1.4932464E-01
2.44342E-09,-1.4927194E-01
2.49342E-09,-1.4921923E-01
2.54342E-09,-1.4916652E-01
2.59342E-09,-1.4916652E-01
2.64342E-09,-1.4911381E-01
2.69342E-09,-1.4906110E-01
2.74342E-09,-1.4906110E-01
2.79342E-09,-1.4900839E-01
2.84342E-09,-1.4900839E-01
2.89342E-09,-1.4900839E-01
2.94342E-09,-1.4906110E-01
2.99342E-09,-1.4906110E-01
3.04342E-09,-1.4911381E-01
3.09342E-09,-1.4911381E-01
3.14342E-09,-1.4916652E-01
3.19342E-09,-1.4921923E-01
3.24342E-09,-1.4927194E-01
3.29342E-09,-1.4932464E-01
3.34342E-09,-1.4943006E-01
3.39342E-09,-1.4948277E-01
3.44342E-09,-1.4953548E-01
3.49342E-09,-1.4964090E-01
3.54342E-09,-1.4969361E-01
3.59342E-09,-1.4974632E-01
3.64342E-09,-1.4985173E-01
3.69342E-09,-1.4990444E-01
3.74342E-09,-1.4995715E-01
3.79342E-09,-1.5000986E-01
3.84342E-09,-1.5006257E-01
3.89342E-09,-1.5011528E-01
3.94342E-09,-1.5011528E-01
3.99342E-09,-1.5016799E-01
4.04342E-09,-1.5016799E-01
4.09342E-09,-1.5016799E-01
4.14342E-09,-1.5016799E-01
4.19342E-09,-1.5016799E-01
4.24342E-09,-1.5016799E-01
4.29342E-09,-1.5011528E-01
4.34342E-09,-1.5011528E-01
4.39342E-09,-1.5006257E-01
4.44342E-09,-1.5006257E-01
4.49342E-09,-1.5000986E-01
4.54342E-09,-1.4995715E-01
4.59342E-09,-1.4990444E-01
4.64342E-09,-1.4985173E-01
4.69342E-09,-1.4979903E-01
4.74342E-09,-1.4969361E-01
4.79342E-09,-1.4969361E-01
4.84342E-09,-1.4964090E-01
4.89342E-09,-1.4958819E-01
4.94342E-09,-1.4953548E-01
4.99342E-09,-1.4948277E-01
5.04342E-09,-1.4943006E-01
5.09342E-09,-1.4943006E-01
5.14342E-09,-1.4937735E-01
5.19342E-09,-1.4937735E-01
5.24342E-09,-1.4937735E-01
5.29342E-09,-1.4937735E-01
5.34342E-09,-1.4937735E-01
5.39342E-09,-1.4943006E-01
5.44342E-09,-1.4943006E-01
5.49342E-09,-1.4948277E-01
5.54342E-09,-1.4948277E-01
5.59342E-09,-1.4953548E-01
5.64342E-09,-1.4958819E-01
5.69342E-09,-1.4964090E-01
5.74342E-09,-1.4969361E-01
5.79342E-09,-1.4974632E-01
5.84342E-09,-1.4979903E-01
5.89342E-09,-1.4979903E-01
5.94342E-09,-1.4985173E-01
5.99342E-09,-1.4990444E-01
6.04342E-09,-1.4995715E-01
6.09342E-09,-1.5000986E-01
6.14342E-09,-1.5000986E-01
6.19342E-09,-1.5006257E-01
6.24342E-09,-1.5011528E-01
6.29342E-09,-1.5011528E-01
6.34342E-09,-1.5011528E-01
6.39342E-09,-1.5011528E-01
6.44342E-09,-1.5011528E-01
6.49342E-09,-1.5011528E-01
6.54342E-09,-1.5011528E-01
6.59342E-09,-1.5006257E-01
6.64342E-09,-1.5006257E-01
6.69342E-09,-1.5000986E-01
6.74342E-09,-1.4995715E-01
6.79342E-09,-1.4995715E-01
6.84342E-09,-1.4990444E-01
6.89342E-09,-1.4985173E-01
6.94342E-09,-1.4979903E-01
6.99342E-09,-1.4974632E-01
7.04342E-09,-1.4969361E-01
7.09342E-09,-1.4964090E-01
7.14342E-09,-1.4958819E-01
7.19342E-09,-1.4953548E-01
7.24342E-09,-1.4948277E-01
7.29342E-09,-1.4943006E-01
7.34342E-09,-1.4937735E-01
7.39342E-09,-1.4932464E-01
7.44342E-09,-1.4932464E-01
7.49342E-09,-1.4927194E-01
7.54342E-09,-1.4921923E-01
7.59342E-09,-1.4921923E-01
7.64342E-09,-1.4921923E-01
7.69342E-09,-1.4921923E-01
7.74342E-09,-1.4921923E-01
7.79342E-09,-1.4921923E-01
7.84342E-09,-1.4927194E-01
7.89342E-09,-1.4927194E-01
7.94342E-09,-1.4932464E-01
7.99342E-09,-1.4937735E-01
8.04342E-09,-1.4943006E-01
8.09342E-09,-1.4953548E-01
8.14342E-09,-1.4958819E-01
8.19342E-09,-1.4969361E-01
8.24342E-09,-1.4974632E-01
8.29342E-09,-1.4985173E-01
8.34342E-09,-1.4995715E-01
8.39342E-09,-1.5000986E-01
8.44342E-09,-1.5011528E-01
8.49342E-09,-1.5022070E-01
8.54342E-09,-1.5027341E-01
8.59342E-09,-1.5032612E-01
8.64342E-09,-1.5037883E-01
8.69342E-09,-1.5043153E-01
8.74342E-09,-1.5048424E-01
8.79342E-09,-1.5053695E-01
8.84342E-09,-1.5053695E-01
8.89342E-09,-1.5053695E-01
8.94342E-09,-1.5053695E-01
8.99342E-09,-1.5053695E-01
9.04342E-09,-1.5053695E-01
9.09342E-09,-1.5048424E-01
9.14342E-09,-1.5043153E-01
9.19342E-09,-1.5037883E-01
9.24342E-09,-1.5032612E-01
9.29342E-09,-1.5022070E-01
9.34342E-09,-1.5016799E-01
9.39342E-09,-1.5006257E-01
9.44342E-09,-1.5000986E-01
9.49342E-09,-1.4990444E-01
9.54342E-09,-1.4985173E-01
9.59342E-09,-1.4974632E-01
9.64342E-09,-1.4969361E-01
9.69342E-09,-1.4964090E-01
9.74342E-09,-1.4958819E-01
9.79342E-09,-1.4953548E-01
9.84342E-09,-1.4948277E-01
9.89342E-09,-1.4943006E-01
9.94342E-09,-1.4937735E-01
9.99342E-09,-1.4937735E-01
1.004342E-08,-1.4937735E-01
1.009342E-08,-1.4937735E-01
1.014342E-08,-1.4937735E-01
1.019342E-08,-1.4943006E-01
1.024342E-08,-1.4943006E-01
1.029342E-08,-1.4948277E-01
1.034342E-08,-1.4948277E-01
1.039342E-08,-1.4953548E-01
1.044342E-08,-1.4958819E-01
1.049342E-08,-1.4958819E-01
1.054342E-08,-1.4964090E-01
1.059342E-08,-1.4964090E-01
1.064342E-08,-1.4969361E-01
1.069342E-08,-1.4969361E-01
1.074342E-08,-1.4969361E-01
1.079342E-08,-1.4969361E-01
1.084342E-08,-1.4969361E-01
1.089342E-08,-1.4969361E-01
1.094342E-08,-1.4964090E-01
1.099342E-08,-1.4964090E-01
1.104342E-08,-1.4958819E-01
1.109342E-08,-1.4953548E-01
1.114342E-08,-1.4943006E-01
1.119342E-08,-1.4937735E-01
1.124342E-08,-1.4932464E-01
1.129342E-08,-1.4921923E-01
1.134342E-08,-1.4916652E-01
1.139342E-08,-1.4906110E-01
1.144342E-08,-1.4900839E-01
1.149342E-08,-1.4890297E-01
1.154342E-08,-1.4885026E-01
1.159342E-08,-1.4879755E-01
1.164342E-08,-1.4874485E-01
1.169342E-08,-1.4869214E-01
1.174342E-08,-1.4869214E-01
1.179342E-08,-1.4863943E-01
1.184342E-08,-1.4863943E-01
1.189342E-08,-1.4863943E-01
1.194342E-08,-1.4869214E-01
1.199342E-08,-1.4869214E-01
1.204342E-08,-1.4874485E-01
1.209342E-08,-1.4885026E-01
1.214342E-08,-1.4890297E-01
1.219342E-08,-1.4900839E-01
1.224342E-08,-1.4906110E-01
1.229342E-08,-1.4916652E-01
1.234342E-08,-1.4927194E-01
1.239342E-08,-1.4937735E-01
1.244342E-08,-1.4948277E-01
1.249342E-08,-1.4958819E-01
1.254342E-08,-1.4969361E-01
1.259342E-08,-1.4979903E-01
1.264342E-08,-1.4990444E-01
1.269342E-08,-1.4995715E-01
1.274342E-08,-1.5000986E-01
1.279342E-08,-1.5011528E-01
1.284342E-08,-1.5016799E-01
1.289342E-08,-1.5016799E-01
1.294342E-08,-1.5016799E-01
1.299342E-08,-1.5016799E-01
1.304342E-08,-1.5016799E-01
1.309342E-08,-1.5016799E-01
1.314342E-08,-1.5011528E-01
1.319342E-08,-1.5006257E-01
1.324342E-08,-1.5000986E-01
1.329342E-08,-1.4995715E-01
1.334342E-08,-1.4990444E-01
1.339342E-08,-1.4979903E-01
1.344342E-08,-1.4974632E-01
1.349342E-08,-1.4964090E-01
1.354342E-08,-1.4958819E-01
1.359342E-08,-1.4953548E-01
1.364342E-08,-1.4948277E-01
1.369342E-08,-1.4943006E-01
1.374342E-08,-1.4937735E-01
1.379342E-08,-1.4937735E-01
1.384342E-08,-1.4937735E-01
1.389342E-08,-1.4937735E-01
1.394342E-08,-1.4937735E-01
1.399342E-08,-1.4943006E-01
1.404342E-08,-1.4948277E-01
1.409342E-08,-1.4953548E-01
1.414342E-08,-1.4958819E-01
1.419342E-08,-1.4969361E-01
1.424342E-08,-1.4979903E-01
1.429342E-08,-1.4985173E-01
1.434342E-08,-1.4995715E-01
1.439342E-08,-1.5006257E-01
1.444342E-08,-1.5016799E-01
1.449342E-08,-1.5027341E-01
1.454342E-08,-1.5032612E-01
1.459342E-08,-1.5043153E-01
1.464342E-08,-1.5048424E-01
1.469342E-08,-1.5053695E-01
1.474342E-08,-1.5058966E-01
1.479342E-08,-1.5058966E-01
1.484342E-08,-1.5064237E-01
1.489342E-08,-1.5058966E-01
1.494342E-08,-1.5058966E-01
1.499342E-08,-1.5053695E-01
1.504342E-08,-1.5048424E-01
1.509342E-08,-1.5037883E-01
1.514342E-08,-1.5027341E-01
1.519342E-08,-1.5016799E-01
1.524342E-08,-1.5006257E-01
1.529342E-08,-1.4995715E-01
1.534342E-08,-1.4985173E-01
1.539342E-08,-1.4969361E-01
1.544342E-08,-1.4958819E-01
1.549342E-08,-1.4948277E-01
1.554342E-08,-1.4937735E-01
1.559342E-08,-1.4927194E-01
1.564342E-08,-1.4916652E-01
1.569342E-08,-1.4911381E-01
1.574342E-08,-1.4906110E-01
1.579342E-08,-1.4900839E-01
1.584342E-08,-1.4900839E-01
1.589342E-08,-1.4900839E-01
1.594342E-08,-1.4906110E-01
1.599342E-08,-1.4911381E-01
1.604342E-08,-1.4916652E-01
1.609342E-08,-1.4927194E-01
1.614342E-08,-1.4937735E-01
1.619342E-08,-1.4948277E-01
1.624342E-08,-1.4958819E-01
1.629342E-08,-1.4974632E-01
1.634342E-08,-1.4990444E-01
1.639342E-08,-1.5000986E-01
1.644342E-08,-1.5016799E-01
1.649342E-08,-1.5032612E-01
1.654342E-08,-1.5043153E-01
1.659342E-08,-1.5053695E-01
1.664342E-08,-1.5064237E-01
1.669342E-08,-1.5069508E-01
1.674342E-08,-1.5074779E-01
1.679342E-08,-1.5080050E-01
1.684342E-08,-1.5080050E-01
1.689342E-08,-1.5074779E-01
1.694342E-08,-1.5069508E-01
1.699342E-08,-1.5064237E-01
1.704342E-08,-1.5053695E-01
1.709342E-08,-1.5043153E-01
1.714342E-08,-1.5027341E-01
1.719342E-08,-1.5016799E-01
1.724342E-08,-1.5000986E-01
1.729342E-08,-1.4979903E-01
1.734342E-08,-1.4964090E-01
1.739342E-08,-1.4943006E-01
1.744342E-08,-1.4927194E-01
1.749342E-08,-1.4911381E-01
1.754342E-08,-1.4895568E-01
1.759342E-08,-1.4879755E-01
1.764342E-08,-1.4869214E-01
1.769342E-08,-1.4858672E-01
1.774342E-08,-1.4848130E-01
1.779342E-08,-1.4848130E-01
1.784342E-08,-1.4842859E-01
1.789342E-08,-1.4842859E-01
1.794342E-08,-1.4848130E-01
1.799342E-08,-1.4853401E-01
1.804342E-08,-1.4863943E-01
1.809342E-08,-1.4874485E-01
1.814342E-08,-1.4890297E-01
1.819342E-08,-1.4906110E-01
1.824342E-08,-1.4921923E-01
1.829342E-08,-1.4937735E-01
1.834342E-08,-1.4953548E-01
1.839342E-08,-1.4974632E-01
1.844342E-08,-1.4990444E-01
1.849342E-08,-1.5006257E-01
1.854342E-08,-1.5016799E-01
1.859342E-08,-1.5032612E-01
1.864342E-08,-1.5037883E-01
1.869342E-08,-1.5048424E-01
1.874342E-08,-1.5048424E-01
1.879342E-08,-1.5048424E-01
1.884342E-08,-1.5048424E-01
1.889342E-08,-1.5037883E-01
1.894342E-08,-1.5027341E-01
1.899342E-08,-1.5016799E-01
1.904342E-08,-1.4995715E-01
1.909342E-08,-1.4979903E-01
1.914342E-08,-1.4953548E-01
1.919342E-08,-1.4932464E-01
1.924342E-08,-1.4906110E-01
1.929342E-08,-1.4879755E-01
1.934342E-08,-1.4853401E-01
1.939342E-08,-1.4827046E-01
1.944342E-08,-1.4800692E-01
1.949342E-08,-1.4774337E-01
1.954342E-08,-1.4753254E-01
1.959342E-08,-1.4732170E-01
1.964342E-08,-1.4716358E-01
1.969342E-08,-1.4705816E-01
1.974342E-08,-1.4695274E-01
1.979342E-08,-1.4695274E-01
1.984342E-08,-1.4695274E-01
1.989342E-08,-1.4700545E-01
1.994342E-08,-1.4705816E-01
1.999342E-08,-1.4721628E-01
2.004342E-08,-1.4737441E-01
2.009342E-08,-1.4758525E-01
2.014342E-08,-1.4784879E-01
2.019342E-08,-1.4811234E-01
2.024342E-08,-1.4837588E-01
2.029342E-08,-1.4869214E-01
2.034342E-08,-1.4895568E-01
2.039342E-08,-1.4927194E-01
2.044342E-08,-1.4953548E-01
2.049342E-08,-1.4979903E-01
2.054342E-08,-1.5006257E-01
2.059342E-08,-1.5022070E-01
2.064342E-08,-1.5037883E-01
2.069342E-08,-1.5048424E-01
2.074342E-08,-1.5058966E-01
2.079342E-08,-1.5058966E-01
2.084342E-08,-1.5053695E-01
2.089342E-08,-1.5048424E-01
2.094342E-08,-1.5032612E-01
2.099342E-08,-1.5011528E-01
2.104342E-08,-1.4990444E-01
2.109342E-08,-1.4958819E-01
2.114342E-08,-1.4927194E-01
2.119342E-08,-1.4890297E-01
2.124342E-08,-1.4853401E-01
2.129342E-08,-1.4816505E-01
2.134342E-08,-1.4779608E-01
2.139342E-08,-1.4742712E-01
2.144342E-08,-1.4705816E-01
2.149342E-08,-1.4668919E-01
2.154342E-08,-1.4642565E-01
2.159342E-08,-1.4616210E-01
2.164342E-08,-1.4595127E-01
2.169342E-08,-1.4579314E-01
2.174342E-08,-1.4568772E-01
2.179342E-08,-1.4568772E-01
2.184342E-08,-1.4574043E-01
2.189342E-08,-1.4584585E-01
2.194342E-08,-1.4600398E-01
2.199342E-08,-1.4626752E-01
2.204342E-08,-1.4653107E-01
2.209342E-08,-1.4690003E-01
2.214342E-08,-1.4732170E-01
2.219342E-08,-1.4774337E-01
2.224342E-08,-1.4821776E-01
2.229342E-08,-1.4869214E-01
2.234342E-08,-1.4921923E-01
2.239342E-08,-1.4969361E-01
2.244342E-08,-1.5016799E-01
2.249342E-08,-1.5058966E-01
2.254342E-08,-1.5095862E-01
2.259342E-08,-1.5132759E-01
2.264342E-08,-1.5159113E-01
2.269342E-08,-1.5180197E-01
2.274342E-08,-1.5196010E-01
2.279342E-08,-1.5201280E-01
2.284342E-08,-1.5196010E-01
2.289342E-08,-1.5185468E-01
2.294342E-08,-1.5164384E-01
2.299342E-08,-1.5138030E-01
2.304342E-08,-1.5106404E-01
2.309342E-08,-1.5064237E-01
2.314342E-08,-1.5016799E-01
2.319342E-08,-1.4969361E-01
2.324342E-08,-1.4911381E-01
2.329342E-08,-1.4858672E-01
2.334342E-08,-1.4800692E-01
2.339342E-08,-1.4747983E-01
2.344342E-08,-1.4695274E-01
2.349342E-08,-1.4647836E-01
2.354342E-08,-1.4605669E-01
2.359342E-08,-1.4568772E-01
2.364342E-08,-1.4542418E-01
2.369342E-08,-1.4526605E-01
2.374342E-08,-1.4516063E-01
2.379342E-08,-1.4516063E-01
2.384342E-08,-1.4526605E-01
2.389342E-08,-1.4547689E-01
2.394342E-08,-1.4584585E-01
2.399342E-08,-1.4621481E-01
2.404342E-08,-1.4674190E-01
2.409342E-08,-1.4732170E-01
2.414342E-08,-1.4795421E-01
2.419342E-08,-1.4863943E-01
2.424342E-08,-1.4937735E-01
2.429342E-08,-1.5011528E-01
2.434342E-08,-1.5085321E-01
2.439342E-08,-1.5159113E-01
2.444342E-08,-1.5222364E-01
2.449342E-08,-1.5280344E-01
2.454342E-08,-1.5333053E-01
2.459342E-08,-1.5375220E-01
2.464342E-08,-1.5406846E-01
2.469342E-08,-1.5427929E-01
2.474342E-08,-1.5433200E-01
2.479342E-08,-1.5422658E-01
2.484342E-08,-1.5401575E-01
2.489342E-08,-1.5359407E-01
2.494342E-08,-1.5306698E-01
2.499342E-08,-1.5243448E-01
2.504342E-08,-1.5164384E-01
2.509342E-08,-1.5069508E-01
2.514342E-08,-1.4974632E-01
2.519342E-08,-1.4869214E-01
2.524342E-08,-1.4758525E-01
2.529342E-08,-1.4647836E-01
2.534342E-08,-1.4537147E-01
2.539342E-08,-1.4431729E-01
2.544342E-08,-1.4336853E-01
2.549342E-08,-1.4247247E-01
2.554342E-08,-1.4173455E-01
2.559342E-08,-1.4120746E-01
2.564342E-08,-1.4078578E-01
2.569342E-08,-1.4062766E-01
2.574342E-08,-1.4068037E-01
2.579342E-08,-1.4094391E-01
2.584342E-08,-1.4147100E-01
2.589342E-08,-1.4220893E-01
2.594342E-08,-1.4321040E-01
2.599342E-08,-1.4442271E-01
2.604342E-08,-1.4584585E-01
2.609342E-08,-1.4742712E-01
2.614342E-08,-1.4921923E-01
2.619342E-08,-1.5106404E-01
2.624342E-08,-1.5296157E-01
2.629342E-08,-1.5491180E-01
2.634342E-08,-1.5680932E-01
2.639342E-08,-1.5860143E-01
2.644342E-08,-1.6023541E-01
2.649342E-08,-1.6160584E-01
2.654342E-08,-1.6276544E-01
2.659342E-08,-1.6355608E-01
2.664342E-08,-1.6392504E-01
2.669342E-08,-1.6381962E-01
2.674342E-08,-1.6318712E-01
2.679342E-08,-1.6197481E-01
2.684342E-08,-1.6012999E-01
2.689342E-08,-1.5759996E-01
2.694342E-08,-1.5438471E-01
2.699342E-08,-1.5043153E-01
2.704342E-08,-1.4574043E-01
2.709342E-08,-1.4031140E-01
2.714342E-08,-1.3409174E-01
2.719342E-08,-1.2713415E-01
2.724342E-08,-1.1949134E-01
2.729342E-08,-1.1116332E-01
2.734342E-08,-1.0215008E-01
2.739342E-08,-9.255704E-02
2.744342E-08,-8.243691E-02
2.749342E-08,-7.184239E-02
2.754342E-08,-6.082621E-02
2.759342E-08,-4.949377E-02
2.764342E-08,-3.789779E-02
2.769342E-08,-2.614368E-02
2.774342E-08,-1.428415E-02
2.779342E-08,-2.47733E-03
2.784342E-08,9.27678E-03
2.789342E-08,2.082005E-02
2.794342E-08,3.209978E-02
2.799342E-08,4.306326E-02
2.804342E-08,5.360506E-02
2.809342E-08,6.367248E-02
2.814342E-08,7.321281E-02
2.819342E-08,8.212064E-02
2.824342E-08,9.044866E-02
2.829342E-08,9.814418E-02
2.834342E-08,1.0510177E-01
2.839342E-08,1.1137414E-01
2.844342E-08,1.1696129E-01
2.849342E-08,1.2186323E-01
2.854342E-08,1.2602724E-01
2.859342E-08,1.2955875E-01
2.864342E-08,1.3245774E-01
2.869342E-08,1.3477694E-01
2.874342E-08,1.3646363E-01
2.879342E-08,1.3772865E-01
2.884342E-08,1.3846657E-01
2.889342E-08,1.3883553E-01
2.894342E-08,1.3878283E-01
2.899342E-08,1.3851928E-01
2.904342E-08,1.3799219E-01
2.909342E-08,1.3725426E-01
2.914342E-08,1.3641092E-01
2.919342E-08,1.3551487E-01
2.924342E-08,1.3456610E-01
2.929342E-08,1.3361734E-01
2.934342E-08,1.3277400E-01
2.939342E-08,1.3198336E-01
2.944342E-08,1.3129815E-01
2.949342E-08,1.3077106E-01
2.954342E-08,1.3040209E-01
2.959342E-08,1.3019126E-01
2.964342E-08,1.3013855E-01
2.969342E-08,1.3029667E-01
2.974342E-08,1.3056022E-01
2.979342E-08,1.3098189E-01
2.984342E-08,1.3156169E-01
2.989342E-08,1.3224691E-01
2.994342E-08,1.3303754E-01
2.999342E-08,1.3393360E-01
3.004342E-08,1.3482965E-01
3.009342E-08,1.3577841E-01
3.014342E-08,1.3672717E-01
3.019342E-08,1.3762323E-01
3.024342E-08,1.3851928E-01
3.029342E-08,1.3930992E-01
3.034342E-08,1.4004784E-01
3.039342E-08,1.4068035E-01
3.044342E-08,1.4115473E-01
3.049342E-08,1.4152369E-01
3.054342E-08,1.4178724E-01
3.059342E-08,1.4189266E-01
3.064342E-08,1.4189266E-01
3.069342E-08,1.4178724E-01
3.074342E-08,1.4152369E-01
3.079342E-08,1.4115473E-01
3.084342E-08,1.4068035E-01
3.089342E-08,1.4015326E-01
3.094342E-08,1.3952075E-01
3.099342E-08,1.3883553E-01
3.104342E-08,1.3815032E-01
3.109342E-08,1.3746510E-01
3.114342E-08,1.3672717E-01
3.119342E-08,1.3604196E-01
3.124342E-08,1.3540945E-01
3.129342E-08,1.3482965E-01
3.134342E-08,1.3430256E-01
3.139342E-08,1.3382818E-01
3.144342E-08,1.3345921E-01
3.149342E-08,1.3319567E-01
3.154342E-08,1.3298483E-01
3.159342E-08,1.3293212E-01
3.164342E-08,1.3293212E-01
3.169342E-08,1.3298483E-01
3.174342E-08,1.3319567E-01
3.179342E-08,1.3340651E-01
3.184342E-08,1.3372276E-01
3.189342E-08,1.3409172E-01
3.194342E-08,1.3446069E-01
3.199342E-08,1.3488236E-01
3.204342E-08,1.3530403E-01
3.209342E-08,1.3572570E-01
3.214342E-08,1.3614737E-01
3.219342E-08,1.3651634E-01
3.224342E-08,1.3683259E-01
3.229342E-08,1.3709614E-01
3.234342E-08,1.3730697E-01
3.239342E-08,1.3741239E-01
3.244342E-08,1.3751781E-01
3.249342E-08,1.3746510E-01
3.254342E-08,1.3735968E-01
3.259342E-08,1.3720155E-01
3.264342E-08,1.3693801E-01
3.269342E-08,1.3662176E-01
3.274342E-08,1.3620008E-01
3.279342E-08,1.3572570E-01
3.284342E-08,1.3525132E-01
3.289342E-08,1.3467152E-01
3.294342E-08,1.3409172E-01
3.299342E-08,1.3351192E-01
3.304342E-08,1.3293212E-01
3.309342E-08,1.3235233E-01
3.314342E-08,1.3177253E-01
3.319342E-08,1.3124544E-01
3.324342E-08,1.3071835E-01
3.329342E-08,1.3024397E-01
3.334342E-08,1.2987500E-01
3.339342E-08,1.2950604E-01
3.344342E-08,1.2924249E-01
3.349342E-08,1.2897895E-01
3.354342E-08,1.2882082E-01
3.359342E-08,1.2871540E-01
3.364342E-08,1.2871540E-01
3.369342E-08,1.2871540E-01
3.374342E-08,1.2876811E-01
3.379342E-08,1.2887353E-01
3.384342E-08,1.2903166E-01
3.389342E-08,1.2918978E-01
3.394342E-08,1.2940062E-01
3.399342E-08,1.2961146E-01
3.404342E-08,1.2976958E-01
3.409342E-08,1.2998042E-01
3.414342E-08,1.3013855E-01
3.419342E-08,1.3029667E-01
3.424342E-08,1.3040209E-01
3.429342E-08,1.3045480E-01
3.434342E-08,1.3050751E-01
3.439342E-08,1.3045480E-01
3.444342E-08,1.3040209E-01
3.449342E-08,1.3029667E-01
3.454342E-08,1.3013855E-01
3.459342E-08,1.2992771E-01
3.464342E-08,1.2971687E-01
3.469342E-08,1.2945333E-01
3.474342E-08,1.2913708E-01
3.479342E-08,1.2876811E-01
3.484342E-08,1.2845186E-01
3.489342E-08,1.2808290E-01
3.494342E-08,1.2771393E-01
3.499342E-08,1.2734497E-01
3.504342E-08,1.2702872E-01
3.509342E-08,1.2671246E-01
3.514342E-08,1.2639621E-01
3.519342E-08,1.2613266E-01
3.524342E-08,1.2592183E-01
3.529342E-08,1.2571099E-01
3.534342E-08,1.2555286E-01
3.539342E-08,1.2544744E-01
3.544342E-08,1.2534203E-01
3.549342E-08,1.2534203E-01
3.554342E-08,1.2534203E-01
3.559342E-08,1.2534203E-01
3.564342E-08,1.2544744E-01
3.569342E-08,1.2550015E-01
3.574342E-08,1.2560557E-01
3.579342E-08,1.2571099E-01
3.584342E-08,1.2581641E-01
3.589342E-08,1.2597453E-01
3.594342E-08,1.2602724E-01
3.599342E-08,1.2613266E-01
3.604342E-08,1.2618537E-01
3.609342E-08,1.2623808E-01
3.614342E-08,1.2623808E-01
3.619342E-08,1.2623808E-01
3.624342E-08,1.2618537E-01
3.629342E-08,1.2607995E-01
3.634342E-08,1.2597453E-01
3.639342E-08,1.2581641E-01
3.644342E-08,1.2560557E-01
3.649342E-08,1.2539474E-01
3.654342E-08,1.2518390E-01
3.659342E-08,1.2492035E-01
3.664342E-08,1.2465681E-01
3.669342E-08,1.2439326E-01
3.674342E-08,1.2412972E-01
3.679342E-08,1.2391888E-01
3.684342E-08,1.2365534E-01
3.689342E-08,1.2349721E-01
3.694342E-08,1.2328638E-01
3.699342E-08,1.2318096E-01
3.704342E-08,1.2307554E-01
3.709342E-08,1.2307554E-01
3.714342E-08,1.2307554E-01
3.719342E-08,1.2312825E-01
3.724342E-08,1.2323367E-01
3.729342E-08,1.2339179E-01
3.734342E-08,1.2360263E-01
3.739342E-08,1.2381347E-01
3.744342E-08,1.2407701E-01
3.749342E-08,1.2439326E-01
3.754342E-08,1.2470952E-01
3.759342E-08,1.2502577E-01
3.764342E-08,1.2539474E-01
3.769342E-08,1.2571099E-01
3.774342E-08,1.2602724E-01
3.779342E-08,1.2634350E-01
3.784342E-08,1.2660704E-01
3.789342E-08,1.2681788E-01
3.794342E-08,1.2702872E-01
3.799342E-08,1.2713413E-01
3.804342E-08,1.2718684E-01
3.809342E-08,1.2718684E-01
3.814342E-08,1.2713413E-01
3.819342E-08,1.2702872E-01
3.824342E-08,1.2681788E-01
3.829342E-08,1.2660704E-01
3.834342E-08,1.2629079E-01
3.839342E-08,1.2592183E-01
3.844342E-08,1.2555286E-01
3.849342E-08,1.2513119E-01
3.854342E-08,1.2465681E-01
3.859342E-08,1.2418243E-01
3.864342E-08,1.2370805E-01
3.869342E-08,1.2323367E-01
3.874342E-08,1.2275929E-01
3.879342E-08,1.2233761E-01
3.884342E-08,1.2191594E-01
3.889342E-08,1.2154698E-01
3.894342E-08,1.2123072E-01
3.899342E-08,1.2096718E-01
3.904342E-08,1.2075634E-01
3.909342E-08,1.2059822E-01
3.914342E-08,1.2054551E-01
3.919342E-08,1.2049280E-01
3.924342E-08,1.2054551E-01
3.929342E-08,1.2070363E-01
3.934342E-08,1.2086176E-01
3.939342E-08,1.2107260E-01
3.944342E-08,1.2128343E-01
3.949342E-08,1.2159969E-01
3.954342E-08,1.2186323E-01
3.959342E-08,1.2217949E-01
3.964342E-08,1.2249574E-01
3.969342E-08,1.2275929E-01
3.974342E-08,1.2302283E-01
3.979342E-08,1.2328638E-01
3.984342E-08,1.2344450E-01
3.989342E-08,1.2360263E-01
3.994342E-08,1.2365534E-01
3.999342E-08,1.2365534E-01
4.004342E-08,1.2360263E-01
4.009342E-08,1.2344450E-01
4.014342E-08,1.2323367E-01
4.019342E-08,1.2297012E-01
4.024342E-08,1.2260116E-01
4.029342E-08,1.2217949E-01
4.034342E-08,1.2175781E-01
4.039342E-08,1.2123072E-01
4.044342E-08,1.2070363E-01
4.049342E-08,1.2017654E-01
4.054342E-08,1.1959674E-01
4.059342E-08,1.1906965E-01
4.064342E-08,1.1854256E-01
4.069342E-08,1.1801547E-01
4.074342E-08,1.1759380E-01
4.079342E-08,1.1717213E-01
4.084342E-08,1.1685588E-01
4.089342E-08,1.1664504E-01
4.094342E-08,1.1648691E-01
4.099342E-08,1.1643420E-01
4.104342E-08,1.1643420E-01
4.109342E-08,1.1653962E-01
4.114342E-08,1.1675046E-01
4.119342E-08,1.1706671E-01
4.124342E-08,1.1743567E-01
4.129342E-08,1.1785735E-01
4.134342E-08,1.1833173E-01
4.139342E-08,1.1885882E-01
4.144342E-08,1.1938591E-01
4.149342E-08,1.1991300E-01
4.154342E-08,1.2049280E-01
4.159342E-08,1.2096718E-01
4.164342E-08,1.2144156E-01
4.169342E-08,1.2186323E-01
4.174342E-08,1.2217949E-01
4.179342E-08,1.2239032E-01
4.184342E-08,1.2249574E-01
4.189342E-08,1.2249574E-01
4.194342E-08,1.2233761E-01
4.199342E-08,1.2212678E-01
4.204342E-08,1.2170510E-01
4.209342E-08,1.2123072E-01
4.214342E-08,1.2059822E-01
4.219342E-08,1.1986029E-01
4.224342E-08,1.1901695E-01
4.229342E-08,1.1812089E-01
4.234342E-08,1.1717213E-01
4.239342E-08,1.1617066E-01
4.244342E-08,1.1516919E-01
4.249342E-08,1.1416772E-01
4.254342E-08,1.1321895E-01
4.259342E-08,1.1232290E-01
4.264342E-08,1.1158497E-01
4.269342E-08,1.1095247E-01
4.274342E-08,1.1042538E-01
4.279342E-08,1.1016183E-01
4.284342E-08,1.1005641E-01
4.289342E-08,1.1010912E-01
4.294342E-08,1.1042538E-01
4.299342E-08,1.1100517E-01
4.304342E-08,1.1174310E-01
4.309342E-08,1.1274457E-01
4.314342E-08,1.1395688E-01
4.319342E-08,1.1532731E-01
4.324342E-08,1.1690858E-01
4.329342E-08,1.1859527E-01
4.334342E-08,1.2038738E-01
4.339342E-08,1.2228490E-01
4.344342E-08,1.2412972E-01
4.349342E-08,1.2597453E-01
4.354342E-08,1.2766122E-01
4.359342E-08,1.2929520E-01
4.364342E-08,1.3061293E-01
4.369342E-08,1.3171982E-01
4.374342E-08,1.3245774E-01
4.379342E-08,1.3282671E-01
4.384342E-08,1.3272129E-01
4.389342E-08,1.3214149E-01
4.394342E-08,1.3098189E-01
4.399342E-08,1.2918978E-01
4.404342E-08,1.2681788E-01
4.409342E-08,1.2370805E-01
4.414342E-08,1.1996571E-01
4.419342E-08,1.1543273E-01
4.424342E-08,1.1021454E-01
4.429342E-08,1.0431113E-01
4.434342E-08,9.761709E-02
4.439342E-08,9.029053E-02
4.444342E-08,8.233147E-02
4.449342E-08,7.368719E-02
4.454342E-08,6.446312E-02
4.459342E-08,5.476466E-02
4.464342E-08,4.459182E-02
4.469342E-08,3.405001E-02
4.474342E-08,2.313925E-02
4.479342E-08,1.201765E-02
4.484342E-08,7.3792E-04
4.489342E-08,-1.059452E-02
4.494342E-08,-2.197967E-02
4.499342E-08,-3.320669E-02
4.504342E-08,-4.432829E-02
4.509342E-08,-5.513364E-02
4.514342E-08,-6.567544E-02
4.519342E-08,-7.579557E-02
4.524342E-08,-8.544132E-02
4.529342E-08,-9.461269E-02
4.534342E-08,-1.0320426E-01
4.539342E-08,-1.1121603E-01
4.544342E-08,-1.1854258E-01
4.549342E-08,-1.2523663E-01
4.554342E-08,-1.3129816E-01
4.559342E-08,-1.3662177E-01
4.564342E-08,-1.4131287E-01
4.569342E-08,-1.4531876E-01
4.574342E-08,-1.4869214E-01
4.579342E-08,-1.5148571E-01
4.584342E-08,-1.5364678E-01
4.589342E-08,-1.5533347E-01
4.594342E-08,-1.5644036E-01
4.599342E-08,-1.5717829E-01
4.604342E-08,-1.5749454E-01
4.609342E-08,-1.5744183E-01
4.614342E-08,-1.5712558E-01
4.619342E-08,-1.5659849E-01
4.624342E-08,-1.5586056E-01
4.629342E-08,-1.5506993E-01
4.634342E-08,-1.5412117E-01
4.639342E-08,-1.5322511E-01
4.644342E-08,-1.5227635E-01
4.649342E-08,-1.5143301E-01
4.654342E-08,-1.5064237E-01
4.659342E-08,-1.5000986E-01
4.664342E-08,-1.4948277E-01
4.669342E-08,-1.4911381E-01
4.674342E-08,-1.4890297E-01
4.679342E-08,-1.4885026E-01
4.684342E-08,-1.4895568E-01
4.689342E-08,-1.4927194E-01
4.694342E-08,-1.4969361E-01
4.699342E-08,-1.5022070E-01
4.704342E-08,-1.5090592E-01
4.709342E-08,-1.5169655E-01
4.714342E-08,-1.5253989E-01
4.719342E-08,-1.5343595E-01
4.724342E-08,-1.5433200E-01
4.729342E-08,-1.5522805E-01
4.734342E-08,-1.5612411E-01
4.739342E-08,-1.5691474E-01
4.744342E-08,-1.5770538E-01
4.749342E-08,-1.5833789E-01
4.754342E-08,-1.5891769E-01
4.759342E-08,-1.5933936E-01
4.764342E-08,-1.5965561E-01
4.769342E-08,-1.5981374E-01
4.774342E-08,-1.5986645E-01
4.779342E-08,-1.5976103E-01
4.784342E-08,-1.5949748E-01
4.789342E-08,-1.5907581E-01
4.794342E-08,-1.5860143E-01
4.799342E-08,-1.5791621E-01
4.804342E-08,-1.5717829E-01
4.809342E-08,-1.5633494E-01
4.814342E-08,-1.5543889E-01
4.819342E-08,-1.5449013E-01
4.824342E-08,-1.5354137E-01
4.829342E-08,-1.5248719E-01
4.834342E-08,-1.5153842E-01
4.839342E-08,-1.5053695E-01
4.844342E-08,-1.4958819E-01
4.849342E-08,-1.4869214E-01
4.854342E-08,-1.4790150E-01
4.859342E-08,-1.4716358E-01
4.864342E-08,-1.4653107E-01
4.869342E-08,-1.4595127E-01
4.874342E-08,-1.4552960E-01
4.879342E-08,-1.4516063E-01
4.884342E-08,-1.4494980E-01
4.889342E-08,-1.4479167E-01
4.894342E-08,-1.4473896E-01
4.899342E-08,-1.4479167E-01
4.904342E-08,-1.4489709E-01
4.909342E-08,-1.4510792E-01
4.914342E-08,-1.4537147E-01
4.919342E-08,-1.4563501E-01
4.924342E-08,-1.4595127E-01
4.929342E-08,-1.4632023E-01
4.934342E-08,-1.4663649E-01
4.939342E-08,-1.4700545E-01
4.944342E-08,-1.4732170E-01
4.949342E-08,-1.4758525E-01
4.954342E-08,-1.4784879E-01
4.959342E-08,-1.4800692E-01
4.964342E-08,-1.4816505E-01
4.969342E-08,-1.4827046E-01
4.974342E-08,-1.4827046E-01
4.979342E-08,-1.4821776E-01
4.984342E-08,-1.4811234E-01
4.989342E-08,-1.4790150E-01
4.994342E-08,-1.4763796E-01
4.999342E-08,-1.4737441E-01
5.004342E-08,-1.4700545E-01
5.009342E-08,-1.4663649E-01
5.014342E-08,-1.4621481E-01
5.019342E-08,-1.4574043E-01
5.024342E-08,-1.4526605E-01
5.029342E-08,-1.4484438E-01
5.034342E-08,-1.4437000E-01
5.039342E-08,-1.4394833E-01
5.044342E-08,-1.4352665E-01
5.049342E-08,-1.4310498E-01
5.054342E-08,-1.4278873E-01
5.059342E-08,-1.4247247E-01
5.064342E-08,-1.4226164E-01
5.069342E-08,-1.4205080E-01
5.074342E-08,-1.4189267E-01
5.079342E-08,-1.4183996E-01
5.084342E-08,-1.4178726E-01
5.089342E-08,-1.4183996E-01
5.094342E-08,-1.4194538E-01
5.099342E-08,-1.4205080E-01
5.104342E-08,-1.4220893E-01
5.109342E-08,-1.4241976E-01
5.114342E-08,-1.4263060E-01
5.119342E-08,-1.4289415E-01
5.124342E-08,-1.4315769E-01
5.129342E-08,-1.4342124E-01
5.134342E-08,-1.4368478E-01
5.139342E-08,-1.4394833E-01
5.144342E-08,-1.4415916E-01
5.149342E-08,-1.4437000E-01
5.154342E-08,-1.4458083E-01
5.159342E-08,-1.4473896E-01
5.164342E-08,-1.4484438E-01
5.169342E-08,-1.4489709E-01
5.174342E-08,-1.4489709E-01
5.179342E-08,-1.4489709E-01
5.184342E-08,-1.4484438E-01
5.189342E-08,-1.4473896E-01
5.194342E-08,-1.4458083E-01
5.199342E-08,-1.4442271E-01
5.204342E-08,-1.4421187E-01
5.209342E-08,-1.4394833E-01
5.214342E-08,-1.4373749E-01
5.219342E-08,-1.4347394E-01
5.224342E-08,-1.4321040E-01
5.229342E-08,-1.4294685E-01
5.234342E-08,-1.4268331E-01
5.239342E-08,-1.4241976E-01
5.244342E-08,-1.4215622E-01
5.249342E-08,-1.4194538E-01
5.254342E-08,-1.4178726E-01
5.259342E-08,-1.4162913E-01
5.264342E-08,-1.4152371E-01
5.269342E-08,-1.4141829E-01
5.274342E-08,-1.4141829E-01
5.279342E-08,-1.4141829E-01
5.284342E-08,-1.4141829E-01
5.289342E-08,-1.4147100E-01
5.294342E-08,-1.4157642E-01
5.299342E-08,-1.4173455E-01
5.304342E-08,-1.4189267E-01
5.309342E-08,-1.4210351E-01
5.314342E-08,-1.4231435E-01
5.319342E-08,-1.4252518E-01
5.324342E-08,-1.4273602E-01
5.329342E-08,-1.4299956E-01
5.334342E-08,-1.4321040E-01
5.339342E-08,-1.4347394E-01
5.344342E-08,-1.4368478E-01
5.349342E-08,-1.4389562E-01
5.354342E-08,-1.4410645E-01
5.359342E-08,-1.4426458E-01
5.364342E-08,-1.4447542E-01
5.369342E-08,-1.4463354E-01
5.374342E-08,-1.4473896E-01
5.379342E-08,-1.4484438E-01
5.384342E-08,-1.4494980E-01
5.389342E-08,-1.4500251E-01
5.394342E-08,-1.4505521E-01
5.399342E-08,-1.4510792E-01
5.404342E-08,-1.4510792E-01
5.409342E-08,-1.4516063E-01
5.414342E-08,-1.4516063E-01
5.419342E-08,-1.4516063E-01
5.424342E-08,-1.4516063E-01
5.429342E-08,-1.4521334E-01
5.434342E-08,-1.4521334E-01
5.439342E-08,-1.4526605E-01
5.444342E-08,-1.4531876E-01
5.449342E-08,-1.4537147E-01
5.454342E-08,-1.4542418E-01
5.459342E-08,-1.4552960E-01
5.464342E-08,-1.4563501E-01
5.469342E-08,-1.4579314E-01
5.474342E-08,-1.4589856E-01
5.479342E-08,-1.4610939E-01
5.484342E-08,-1.4626752E-01
5.489342E-08,-1.4647836E-01
5.494342E-08,-1.4668919E-01
5.499342E-08,-1.4690003E-01
5.504342E-08,-1.4711087E-01
5.509342E-08,-1.4732170E-01
5.514342E-08,-1.4753254E-01
5.519342E-08,-1.4774337E-01
5.524342E-08,-1.4795421E-01
5.529342E-08,-1.4816505E-01
5.534342E-08,-1.4837588E-01
5.539342E-08,-1.4853401E-01
5.544342E-08,-1.4869214E-01
5.549342E-08,-1.4879755E-01
5.554342E-08,-1.4890297E-01
5.559342E-08,-1.4900839E-01
5.564342E-08,-1.4906110E-01
5.569342E-08,-1.4911381E-01
5.574342E-08,-1.4911381E-01
5.579342E-08,-1.4916652E-01
5.584342E-08,-1.4916652E-01
5.589342E-08,-1.4911381E-01
5.594342E-08,-1.4906110E-01
5.599342E-08,-1.4906110E-01
5.604342E-08,-1.4900839E-01
5.609342E-08,-1.4895568E-01
5.614342E-08,-1.4890297E-01
5.619342E-08,-1.4885026E-01
5.624342E-08,-1.4879755E-01
5.629342E-08,-1.4879755E-01
5.634342E-08,-1.4874485E-01
5.639342E-08,-1.4874485E-01
5.644342E-08,-1.4874485E-01
5.649342E-08,-1.4879755E-01
5.654342E-08,-1.4885026E-01
5.659342E-08,-1.4890297E-01
5.664342E-08,-1.4900839E-01
5.669342E-08,-1.4911381E-01
5.674342E-08,-1.4921923E-01
5.679342E-08,-1.4937735E-01
5.684342E-08,-1.4953548E-01
5.689342E-08,-1.4969361E-01
5.694342E-08,-1.4985173E-01
5.699342E-08,-1.5006257E-01
5.704342E-08,-1.5022070E-01
5.709342E-08,-1.5037883E-01
5.714342E-08,-1.5058966E-01
5.719342E-08,-1.5074779E-01
5.724342E-08,-1.5085321E-01
5.729342E-08,-1.5101133E-01
5.734342E-08,-1.5111675E-01
5.739342E-08,-1.5122217E-01
5.744342E-08,-1.5127488E-01
5.749342E-08,-1.5132759E-01
5.754342E-08,-1.5132759E-01
5.759342E-08,-1.5132759E-01
5.764342E-08,-1.5127488E-01
5.769342E-08,-1.5122217E-01
5.774342E-08,-1.5116946E-01
5.779342E-08,-1.5106404E-01
5.784342E-08,-1.5090592E-01
5.789342E-08,-1.5074779E-01
5.794342E-08,-1.5058966E-01
5.799342E-08,-1.5037883E-01
5.804342E-08,-1.5022070E-01
5.809342E-08,-1.5000986E-01
5.814342E-08,-1.4979903E-01
5.819342E-08,-1.4958819E-01
5.824342E-08,-1.4937735E-01
5.829342E-08,-1.4916652E-01
5.834342E-08,-1.4895568E-01
5.839342E-08,-1.4874485E-01
5.844342E-08,-1.4858672E-01
5.849342E-08,-1.4842859E-01
5.854342E-08,-1.4827046E-01
5.859342E-08,-1.4816505E-01
5.864342E-08,-1.4805963E-01
5.869342E-08,-1.4795421E-01
5.874342E-08,-1.4790150E-01
5.879342E-08,-1.4784879E-01
5.884342E-08,-1.4784879E-01
5.889342E-08,-1.4779608E-01
5.894342E-08,-1.4784879E-01
5.899342E-08,-1.4784879E-01
5.904342E-08,-1.4790150E-01
5.909342E-08,-1.4790150E-01
5.914342E-08,-1.4795421E-01
5.919342E-08,-1.4800692E-01
5.924342E-08,-1.4811234E-01
5.929342E-08,-1.4816505E-01
5.934342E-08,-1.4821776E-01
5.939342E-08,-1.4827046E-01
5.944342E-08,-1.4832317E-01
5.949342E-08,-1.4837588E-01
5.954342E-08,-1.4837588E-01
5.959342E-08,-1.4842859E-01
5.964342E-08,-1.4842859E-01
5.969342E-08,-1.4842859E-01
5.974342E-08,-1.4842859E-01
5.979342E-08,-1.4837588E-01
5.984342E-08,-1.4837588E-01
5.989342E-08,-1.4832317E-01
5.994342E-08,-1.4832317E-01
5.999342E-08,-1.4827046E-01
6.004342E-08,-1.4821776E-01
6.009342E-08,-1.4816505E-01
6.014342E-08,-1.4811234E-01
6.019342E-08,-1.4805963E-01
6.024342E-08,-1.4805963E-01
6.029342E-08,-1.4800692E-01
6.034342E-08,-1.4800692E-01
6.039342E-08,-1.4795421E-01
6.044342E-08,-1.4795421E-01
6.049342E-08,-1.4795421E-01
6.054342E-08,-1.4800692E-01
6.059342E-08,-1.4800692E-01
6.064342E-08,-1.4805963E-01
6.069342E-08,-1.4811234E-01
6.074342E-08,-1.4816505E-01
6.079342E-08,-1.4827046E-01
6.084342E-08,-1.4837588E-01
6.089342E-08,-1.4848130E-01
6.094342E-08,-1.4858672E-01
6.099342E-08,-1.4869214E-01
6.104342E-08,-1.4879755E-01
6.109342E-08,-1.4890297E-01
6.114342E-08,-1.4906110E-01
6.119342E-08,-1.4916652E-01
6.124342E-08,-1.4927194E-01
6.129342E-08,-1.4937735E-01
6.134342E-08,-1.4948277E-01
6.139342E-08,-1.4958819E-01
6.144342E-08,-1.4964090E-01
6.149342E-08,-1.4974632E-01
6.154342E-08,-1.4979903E-01
6.159342E-08,-1.4985173E-01
6.164342E-08,-1.4985173E-01
6.169342E-08,-1.4990444E-01
6.174342E-08,-1.4990444E-01
6.179342E-08,-1.4990444E-01
6.184342E-08,-1.4990444E-01
6.189342E-08,-1.4985173E-01
6.194342E-08,-1.4985173E-01
6.199342E-08,-1.4979903E-01
6.204342E-08,-1.4974632E-01
6.209342E-08,-1.4969361E-01
6.214342E-08,-1.4969361E-01
6.219342E-08,-1.4964090E-01
6.224342E-08,-1.4958819E-01
6.229342E-08,-1.4953548E-01
6.234342E-08,-1.4953548E-01
6.239342E-08,-1.4948277E-01
6.244342E-08,-1.4948277E-01
6.249342E-08,-1.4948277E-01
6.254342E-08,-1.4948277E-01
6.259342E-08,-1.4948277E-01
6.264342E-08,-1.4948277E-01
6.269342E-08,-1.4953548E-01
6.274342E-08,-1.4958819E-01
6.279342E-08,-1.4964090E-01
6.284342E-08,-1.4969361E-01
6.289342E-08,-1.4974632E-01
6.294342E-08,-1.4985173E-01
6.299342E-08,-1.4990444E-01
6.304342E-08,-1.5000986E-01
6.309342E-08,-1.5011528E-01
6.314342E-08,-1.5022070E-01
6.319342E-08,-1.5027341E-01
6.324342E-08,-1.5037883E-01
6.329342E-08,-1.5043153E-01
6.334342E-08,-1.5053695E-01
6.339342E-08,-1.5058966E-01
6.344342E-08,-1.5064237E-01
6.349342E-08,-1.5069508E-01
6.354342E-08,-1.5069508E-01
6.359342E-08,-1.5074779E-01
6.364342E-08,-1.5074779E-01
6.369342E-08,-1.5074779E-01
6.374342E-08,-1.5069508E-01
6.379342E-08,-1.5064237E-01
6.384342E-08,-1.5058966E-01
6.389342E-08,-1.5053695E-01
6.394342E-08,-1.5048424E-01
6.399342E-08,-1.5037883E-01
6.404342E-08,-1.5027341E-01
6.409342E-08,-1.5016799E-01
6.414342E-08,-1.5006257E-01
6.419342E-08,-1.4995715E-01
6.424342E-08,-1.4979903E-01
6.429342E-08,-1.4969361E-01
6.434342E-08,-1.4953548E-01
6.439342E-08,-1.4943006E-01
6.444342E-08,-1.4932464E-01
6.449342E-08,-1.4916652E-01
6.454342E-08,-1.4906110E-01
6.459342E-08,-1.4895568E-01
6.464342E-08,-1.4885026E-01
6.469342E-08,-1.4874485E-01
6.474342E-08,-1.4863943E-01
6.479342E-08,-1.4853401E-01
6.484342E-08,-1.4848130E-01
6.489342E-08,-1.4837588E-01
6.494342E-08,-1.4832317E-01
6.499342E-08,-1.4821776E-01
6.504342E-08,-1.4816505E-01
6.509342E-08,-1.4811234E-01
6.514342E-08,-1.4805963E-01
6.519342E-08,-1.4800692E-01
6.524342E-08,-1.4795421E-01
6.529342E-08,-1.4790150E-01
6.534342E-08,-1.4790150E-01
6.539342E-08,-1.4784879E-01
6.544342E-08,-1.4784879E-01
6.549342E-08,-1.4779608E-01
6.554342E-08,-1.4779608E-01
6.559342E-08,-1.4779608E-01
6.564342E-08,-1.4779608E-01
6.569342E-08,-1.4779608E-01
6.574342E-08,-1.4779608E-01
6.579342E-08,-1.4779608E-01
6.584342E-08,-1.4779608E-01
6.589342E-08,-1.4779608E-01
6.594342E-08,-1.4779608E-01
6.599342E-08,-1.4779608E-01
6.604342E-08,-1.4779608E-01
6.609342E-08,-1.4779608E-01
6.614342E-08,-1.4779608E-01
6.619342E-08,-1.4779608E-01
6.624342E-08,-1.4779608E-01
6.629342E-08,-1.4784879E-01
6.634342E-08,-1.4784879E-01
6.639342E-08,-1.4779608E-01
6.644342E-08,-1.4779608E-01
6.649342E-08,-1.4779608E-01
6.654342E-08,-1.4779608E-01
6.659342E-08,-1.4779608E-01
6.664342E-08,-1.4774337E-01
6.669342E-08,-1.4774337E-01
6.674342E-08,-1.4774337E-01
6.679342E-08,-1.4769067E-01
6.684342E-08,-1.4763796E-01
6.689342E-08,-1.4763796E-01
6.694342E-08,-1.4758525E-01
6.699342E-08,-1.4753254E-01
6.704342E-08,-1.4747983E-01
6.709342E-08,-1.4747983E-01
6.714342E-08,-1.4737441E-01
6.719342E-08,-1.4732170E-01
6.724342E-08,-1.4726899E-01
6.729342E-08,-1.4721628E-01
6.734342E-08,-1.4716358E-01
6.739342E-08,-1.4711087E-01
6.744342E-08,-1.4705816E-01
6.749342E-08,-1.4700545E-01
6.754342E-08,-1.4695274E-01
6.759342E-08,-1.4690003E-01
6.764342E-08,-1.4684732E-01
6.769342E-08,-1.4679461E-01
6.774342E-08,-1.4674190E-01
6.779342E-08,-1.4668919E-01
6.784342E-08,-1.4663649E-01
6.789342E-08,-1.4663649E-01
6.794342E-08,-1.4658378E-01
6.799342E-08,-1.4658378E-01
6.804342E-08,-1.4653107E-01
6.809342E-08,-1.4653107E-01
6.814342E-08,-1.4653107E-01
6.819342E-08,-1.4653107E-01
6.824342E-08,-1.4653107E-01
6.829342E-08,-1.4658378E-01
6.834342E-08,-1.4658378E-01
6.839342E-08,-1.4663649E-01
6.844342E-08,-1.4668919E-01
6.849342E-08,-1.4668919E-01
6.854342E-08,-1.4674190E-01
6.859342E-08,-1.4679461E-01
6.864342E-08,-1.4684732E-01
6.869342E-08,-1.4690003E-01
6.874342E-08,-1.4695274E-01
6.879342E-08,-1.4705816E-01
6.884342E-08,-1.4711087E-01
6.889342E-08,-1.4716358E-01
6.894342E-08,-1.4721628E-01
6.899342E-08,-1.4726899E-01
6.904342E-08,-1.4732170E-01
6.909342E-08,-1.4742712E-01
6.914342E-08,-1.4747983E-01
6.919342E-08,-1.4753254E-01
6.924342E-08,-1.4758525E-01
6.929342E-08,-1.4763796E-01
6.934342E-08,-1.4763796E-01
6.939342E-08,-1.4769067E-01
6.944342E-08,-1.4774337E-01
6.949342E-08,-1.4779608E-01
6.954342E-08,-1.4779608E-01
6.959342E-08,-1.4784879E-01
6.964342E-08,-1.4784879E-01
6.969342E-08,-1.4790150E-01
6.974342E-08,-1.4795421E-01
6.979342E-08,-1.4795421E-01
6.984342E-08,-1.4800692E-01
6.989342E-08,-1.4800692E-01
6.994342E-08,-1.4805963E-01
6.999342E-08,-1.4811234E-01
7.004342E-08,-1.4816505E-01
7.009342E-08,-1.4821776E-01
7.014342E-08,-1.4821776E-01
7.019342E-08,-1.4832317E-01
7.024342E-08,-1.4837588E-01
7.029342E-08,-1.4842859E-01
7.034342E-08,-1.4848130E-01
7.039342E-08,-1.4858672E-01
7.044342E-08,-1.4863943E-01
7.049342E-08,-1.4874485E-01
7.054342E-08,-1.4885026E-01
7.059342E-08,-1.4890297E-01
7.064342E-08,-1.4900839E-01
7.069342E-08,-1.4911381E-01
7.074342E-08,-1.4916652E-01
7.079342E-08,-1.4927194E-01
7.084342E-08,-1.4937735E-01
7.089342E-08,-1.4948277E-01
7.094342E-08,-1.4953548E-01
7.099342E-08,-1.4964090E-01
7.104342E-08,-1.4969361E-01
7.109342E-08,-1.4979903E-01
7.114342E-08,-1.4985173E-01
7.119342E-08,-1.4990444E-01
7.124342E-08,-1.4995715E-01
7.129342E-08,-1.5000986E-01
7.134342E-08,-1.5006257E-01
7.139342E-08,-1.5006257E-01
7.144342E-08,-1.5011528E-01
7.149342E-08,-1.5011528E-01
7.154342E-08,-1.5011528E-01
7.159342E-08,-1.5016799E-01
7.164342E-08,-1.5016799E-01
7.169342E-08,-1.5011528E-01
7.174342E-08,-1.5011528E-01
7.179342E-08,-1.5011528E-01
7.184342E-08,-1.5006257E-01
7.189342E-08,-1.5006257E-01
7.194342E-08,-1.5006257E-01
7.199342E-08,-1.5000986E-01
7.204342E-08,-1.5000986E-01
7.209342E-08,-1.5000986E-01
7.214342E-08,-1.4995715E-01
7.219342E-08,-1.4995715E-01
7.224342E-08,-1.4995715E-01
7.229342E-08,-1.4995715E-01
7.234342E-08,-1.4995715E-01
7.239342E-08,-1.4995715E-01
7.244342E-08,-1.4995715E-01
7.249342E-08,-1.4995715E-01
7.254342E-08,-1.4995715E-01
7.259342E-08,-1.5000986E-01
7.264342E-08,-1.5000986E-01
7.269342E-08,-1.5006257E-01
7.274342E-08,-1.5006257E-01
7.279342E-08,-1.5011528E-01
7.284342E-08,-1.5016799E-01
7.289342E-08,-1.5016799E-01
7.294342E-08,-1.5022070E-01
7.299342E-08,-1.5022070E-01
7.304342E-08,-1.5027341E-01
7.309342E-08,-1.5032612E-01
7.314342E-08,-1.5032612E-01
7.319342E-08,-1.5037883E-01
7.324342E-08,-1.5037883E-01
7.329342E-08,-1.5037883E-01
7.334342E-08,-1.5037883E-01
7.339342E-08,-1.5037883E-01
7.344342E-08,-1.5037883E-01
7.349342E-08,-1.5037883E-01
7.354342E-08,-1.5032612E-01
7.359342E-08,-1.5032612E-01
7.364342E-08,-1.5027341E-01
7.369342E-08,-1.5022070E-01
7.374342E-08,-1.5016799E-01
7.379342E-08,-1.5011528E-01
7.384342E-08,-1.5006257E-01
7.389342E-08,-1.5000986E-01
7.394342E-08,-1.4995715E-01
7.399342E-08,-1.4990444E-01
7.404342E-08,-1.4985173E-01
7.409342E-08,-1.4979903E-01
7.414342E-08,-1.4974632E-01
7.419342E-08,-1.4969361E-01
7.424342E-08,-1.4958819E-01
7.429342E-08,-1.4958819E-01
7.434342E-08,-1.4948277E-01
7.439342E-08,-1.4948277E-01
7.444342E-08,-1.4943006E-01
7.449342E-08,-1.4937735E-01
7.454342E-08,-1.4937735E-01
7.459342E-08,-1.4932464E-01
7.464342E-08,-1.4932464E-01
7.469342E-08,-1.4927194E-01
7.474342E-08,-1.4927194E-01
7.479342E-08,-1.4927194E-01
7.484342E-08,-1.4927194E-01
7.489342E-08,-1.4927194E-01
7.494342E-08,-1.4927194E-01
7.499342E-08,-1.4927194E-01
7.504342E-08,-1.4927194E-01
7.509342E-08,-1.4927194E-01
7.514342E-08,-1.4927194E-01
7.519342E-08,-1.4927194E-01
7.524342E-08,-1.4927194E-01
7.529342E-08,-1.4927194E-01
7.534342E-08,-1.4921923E-01
7.539342E-08,-1.4921923E-01
7.544342E-08,-1.4921923E-01
7.549342E-08,-1.4916652E-01
7.554342E-08,-1.4916652E-01
7.559342E-08,-1.4911381E-01
7.564342E-08,-1.4911381E-01
7.569342E-08,-1.4906110E-01
7.574342E-08,-1.4900839E-01
7.579342E-08,-1.4895568E-01
7.584342E-08,-1.4895568E-01
7.589342E-08,-1.4890297E-01
7.594342E-08,-1.4885026E-01
7.599342E-08,-1.4879755E-01
7.604342E-08,-1.4874485E-01
7.609342E-08,-1.4874485E-01
7.614342E-08,-1.4869214E-01
7.619342E-08,-1.4863943E-01
7.624342E-08,-1.4863943E-01
7.629342E-08,-1.4858672E-01
7.634342E-08,-1.4858672E-01
7.639342E-08,-1.4858672E-01
7.644342E-08,-1.4858672E-01
7.649342E-08,-1.4858672E-01
7.654342E-08,-1.4858672E-01
7.659342E-08,-1.4858672E-01
7.664342E-08,-1.4863943E-01
7.669342E-08,-1.4863943E-01
7.674342E-08,-1.4869214E-01
7.679342E-08,-1.4874485E-01
7.684342E-08,-1.4874485E-01
7.689342E-08,-1.4879755E-01
7.694342E-08,-1.4885026E-01
7.699342E-08,-1.4885026E-01
7.704342E-08,-1.4890297E-01
7.709342E-08,-1.4895568E-01
7.714342E-08,-1.4895568E-01
7.719342E-08,-1.4900839E-01
7.724342E-08,-1.4906110E-01
7.729342E-08,-1.4906110E-01
7.734342E-08,-1.4906110E-01
7.739342E-08,-1.4911381E-01
7.744342E-08,-1.4911381E-01
7.749342E-08,-1.4911381E-01
7.754342E-08,-1.4906110E-01
7.759342E-08,-1.4906110E-01
7.764342E-08,-1.4900839E-01
7.769342E-08,-1.4900839E-01
7.774342E-08,-1.4895568E-01
7.779342E-08,-1.4890297E-01
7.784342E-08,-1.4885026E-01
7.789342E-08,-1.4879755E-01
7.794342E-08,-1.4874485E-01
7.799342E-08,-1.4869214E-01
7.804342E-08,-1.4863943E-01
7.809342E-08,-1.4858672E-01
7.814342E-08,-1.4853401E-01
7.819342E-08,-1.4848130E-01
7.824342E-08,-1.4842859E-01
7.829342E-08,-1.4837588E-01
7.834342E-08,-1.4832317E-01
7.839342E-08,-1.4832317E-01
7.844342E-08,-1.4827046E-01
7.849342E-08,-1.4827046E-01
7.854342E-08,-1.4827046E-01
7.859342E-08,-1.4827046E-01
7.864342E-08,-1.4827046E-01
7.869342E-08,-1.4832317E-01
7.874342E-08,-1.4832317E-01
7.879342E-08,-1.4837588E-01
7.884342E-08,-1.4842859E-01
7.889342E-08,-1.4848130E-01
7.894342E-08,-1.4853401E-01
7.899342E-08,-1.4858672E-01
7.904342E-08,-1.4863943E-01
7.909342E-08,-1.4869214E-01
7.914342E-08,-1.4879755E-01
7.919342E-08,-1.4885026E-01
7.924342E-08,-1.4890297E-01
7.929342E-08,-1.4900839E-01
7.934342E-08,-1.4906110E-01
7.939342E-08,-1.4911381E-01
7.944342E-08,-1.4916652E-01
7.949342E-08,-1.4921923E-01
7.954342E-08,-1.4927194E-01
7.959342E-08,-1.4932464E-01
7.964342E-08,-1.4932464E-01
7.969342E-08,-1.4937735E-01
7.974342E-08,-1.4937735E-01
7.979342E-08,-1.4937735E-01
7.984342E-08,-1.4937735E-01
7.989342E-08,-1.4937735E-01
7.994342E-08,-1.4932464E-01
7.999342E-08,-1.4932464E-01
8.004342E-08,-1.4927194E-01
8.009342E-08,-1.4927194E-01
8.014342E-08,-1.4921923E-01
8.019342E-08,-1.4916652E-01
8.024342E-08,-1.4916652E-01
8.029342E-08,-1.4911381E-01
8.034342E-08,-1.4906110E-01
8.039342E-08,-1.4906110E-01
8.044342E-08,-1.4900839E-01
8.049342E-08,-1.4900839E-01
8.054342E-08,-1.4895568E-01
8.059342E-08,-1.4895568E-01
8.064342E-08,-1.4890297E-01
8.069342E-08,-1.4890297E-01
8.074342E-08,-1.4890297E-01
8.079342E-08,-1.4895568E-01
8.084342E-08,-1.4895568E-01
8.089342E-08,-1.4900839E-01
8.094342E-08,-1.4900839E-01
8.099342E-08,-1.4906110E-01
8.104342E-08,-1.4911381E-01
8.109342E-08,-1.4916652E-01
8.114342E-08,-1.4921923E-01
8.119342E-08,-1.4927194E-01
8.124342E-08,-1.4932464E-01
8.129342E-08,-1.4943006E-01
8.134342E-08,-1.4948277E-01
8.139342E-08,-1.4953548E-01
8.144342E-08,-1.4958819E-01
8.149342E-08,-1.4969361E-01
8.154342E-08,-1.4974632E-01
8.159342E-08,-1.4979903E-01
8.164342E-08,-1.4985173E-01
8.169342E-08,-1.4990444E-01
8.174342E-08,-1.4995715E-01
8.179342E-08,-1.5000986E-01
8.184342E-08,-1.5000986E-01
8.189342E-08,-1.5006257E-01
8.194342E-08,-1.5006257E-01
8.199342E-08,-1.5006257E-01
8.204342E-08,-1.5006257E-01
8.209342E-08,-1.5011528E-01
8.214342E-08,-1.5006257E-01
8.219342E-08,-1.5006257E-01
8.224342E-08,-1.5006257E-01
8.229342E-08,-1.5006257E-01
8.234342E-08,-1.5000986E-01
8.239342E-08,-1.5000986E-01
8.244342E-08,-1.5000986E-01
8.249342E-08,-1.4995715E-01
8.254342E-08,-1.4995715E-01
8.259342E-08,-1.4990444E-01
8.264342E-08,-1.4990444E-01
8.269342E-08,-1.4990444E-01
8.274342E-08,-1.4990444E-01
8.279342E-08,-1.4990444E-01
8.284342E-08,-1.4990444E-01
8.289342E-08,-1.4990444E-01
8.294342E-08,-1.4990444E-01
8.299342E-08,-1.4990444E-01
8.304342E-08,-1.4990444E-01
8.309342E-08,-1.4995715E-01
8.314342E-08,-1.4995715E-01
8.319342E-08,-1.5000986E-01
8.324342E-08,-1.5006257E-01
8.329342E-08,-1.5011528E-01
8.334342E-08,-1.5016799E-01
8.339342E-08,-1.5022070E-01
8.344342E-08,-1.5027341E-01
8.349342E-08,-1.5032612E-01
8.354342E-08,-1.5037883E-01
8.359342E-08,-1.5043153E-01
8.364342E-08,-1.5048424E-01
8.369342E-08,-1.5053695E-01
8.374342E-08,-1.5058966E-01
8.379342E-08,-1.5064237E-01
8.384342E-08,-1.5069508E-01
8.389342E-08,-1.5074779E-01
8.394342E-08,-1.5080050E-01
8.399342E-08,-1.5085321E-01
8.404342E-08,-1.5085321E-01
8.409342E-08,-1.5090592E-01
8.414342E-08,-1.5095862E-01
8.419342E-08,-1.5095862E-01
8.424342E-08,-1.5101133E-01
8.429342E-08,-1.5101133E-01
8.434342E-08,-1.5106404E-01
8.439342E-08,-1.5106404E-01
8.444342E-08,-1.5106404E-01
8.449342E-08,-1.5111675E-01
8.454342E-08,-1.5111675E-01
8.459342E-08,-1.5111675E-01
8.464342E-08,-1.5116946E-01
8.469342E-08,-1.5116946E-01
8.474342E-08,-1.5116946E-01
8.479342E-08,-1.5122217E-01
8.484342E-08,-1.5122217E-01
8.489342E-08,-1.5122217E-01
8.494342E-08,-1.5127488E-01
8.499342E-08,-1.5127488E-01
8.504342E-08,-1.5127488E-01
8.509342E-08,-1.5132759E-01
8.514342E-08,-1.5132759E-01
8.519342E-08,-1.5132759E-01
8.524342E-08,-1.5138030E-01
8.529342E-08,-1.5138030E-01
8.534342E-08,-1.5138030E-01
8.539342E-08,-1.5143301E-01
8.544342E-08,-1.5143301E-01
8.549342E-08,-1.5148571E-01
8.554342E-08,-1.5148571E-01
8.559342E-08,-1.5148571E-01
8.564342E-08,-1.5148571E-01
8.569342E-08,-1.5153842E-01
8.574342E-08,-1.5153842E-01
8.579342E-08,-1.5153842E-01
8.584342E-08,-1.5153842E-01
8.589342E-08,-1.5153842E-01
8.594342E-08,-1.5148571E-01
8.599342E-08,-1.5148571E-01
8.604342E-08,-1.5148571E-01
8.609342E-08,-1.5143301E-01
8.614342E-08,-1.5143301E-01
8.619342E-08,-1.5138030E-01
8.624342E-08,-1.5132759E-01
8.629342E-08,-1.5127488E-01
8.634342E-08,-1.5127488E-01
8.639342E-08,-1.5122217E-01
8.644342E-08,-1.5111675E-01
8.649342E-08,-1.5106404E-01
8.654342E-08,-1.5101133E-01
8.659342E-08,-1.5095862E-01
8.664342E-08,-1.5085321E-01
8.669342E-08,-1.5080050E-01
8.674342E-08,-1.5069508E-01
8.679342E-08,-1.5064237E-01
8.684342E-08,-1.5053695E-01
8.689342E-08,-1.5048424E-01
8.694342E-08,-1.5037883E-01
8.699342E-08,-1.5032612E-01
8.704342E-08,-1.5022070E-01
8.709342E-08,-1.5011528E-01
8.714342E-08,-1.5006257E-01
8.719342E-08,-1.4995715E-01
8.724342E-08,-1.4990444E-01
8.729342E-08,-1.4979903E-01
8.734342E-08,-1.4974632E-01
8.739342E-08,-1.4969361E-01
8.744342E-08,-1.4958819E-01
8.749342E-08,-1.4953548E-01
8.754342E-08,-1.4948277E-01
8.759342E-08,-1.4943006E-01
8.764342E-08,-1.4937735E-01
8.769342E-08,-1.4937735E-01
8.774342E-08,-1.4932464E-01
8.779342E-08,-1.4927194E-01
8.784342E-08,-1.4927194E-01
8.789342E-08,-1.4921923E-01
8.794342E-08,-1.4921923E-01
8.799342E-08,-1.4921923E-01
8.804342E-08,-1.4921923E-01
8.809342E-08,-1.4921923E-01
8.814342E-08,-1.4921923E-01
8.819342E-08,-1.4921923E-01
8.824342E-08,-1.4921923E-01
8.829342E-08,-1.4927194E-01
8.834342E-08,-1.4927194E-01
8.839342E-08,-1.4932464E-01
8.844342E-08,-1.4932464E-01
8.849342E-08,-1.4937735E-01
8.854342E-08,-1.4943006E-01
8.859342E-08,-1.4943006E-01
8.864342E-08,-1.4948277E-01
8.869342E-08,-1.4953548E-01
8.874342E-08,-1.4953548E-01
8.879342E-08,-1.4958819E-01
8.884342E-08,-1.4958819E-01
8.889342E-08,-1.4964090E-01
8.894342E-08,-1.4969361E-01
8.899342E-08,-1.4969361E-01
8.904342E-08,-1.4969361E-01
8.909342E-08,-1.4974632E-01
8.914342E-08,-1.4974632E-01
8.919342E-08,-1.4974632E-01
8.924342E-08,-1.4974632E-01
8.929342E-08,-1.4974632E-01
8.934342E-08,-1.4974632E-01
8.939342E-08,-1.4974632E-01
8.944342E-08,-1.4974632E-01
8.949342E-08,-1.4974632E-01
8.954342E-08,-1.4969361E-01
8.959342E-08,-1.4969361E-01
8.964342E-08,-1.4969361E-01
8.969342E-08,-1.4969361E-01
8.974342E-08,-1.4964090E-01
8.979342E-08,-1.4964090E-01
8.984342E-08,-1.4964090E-01
8.989342E-08,-1.4958819E-01
8.994342E-08,-1.4958819E-01
8.999342E-08,-1.4958819E-01
9.004342E-08,-1.4958819E-01
9.009342E-08,-1.4958819E-01
9.014342E-08,-1.4958819E-01
9.019342E-08,-1.4958819E-01
9.024342E-08,-1.4964090E-01
9.029342E-08,-1.4964090E-01
9.034342E-08,-1.4969361E-01
9.039342E-08,-1.4969361E-01
9.044342E-08,-1.4974632E-01
9.049342E-08,-1.4979903E-01
9.054342E-08,-1.4985173E-01
9.059342E-08,-1.4990444E-01
9.064342E-08,-1.4995715E-01
9.069342E-08,-1.5000986E-01
9.074342E-08,-1.5006257E-01
9.079342E-08,-1.5011528E-01
9.084342E-08,-1.5016799E-01
9.089342E-08,-1.5027341E-01
9.094342E-08,-1.5032612E-01
9.099342E-08,-1.5043153E-01
9.104342E-08,-1.5048424E-01
9.109342E-08,-1.5053695E-01
9.114342E-08,-1.5058966E-01
9.119342E-08,-1.5069508E-01
9.124342E-08,-1.5074779E-01
9.129342E-08,-1.5080050E-01
9.134342E-08,-1.5085321E-01
9.139342E-08,-1.5085321E-01
9.144342E-08,-1.5090592E-01
9.149342E-08,-1.5095862E-01
9.154342E-08,-1.5095862E-01
9.159342E-08,-1.5101133E-01
9.164342E-08,-1.5101133E-01
9.169342E-08,-1.5101133E-01
9.174342E-08,-1.5106404E-01
9.179342E-08,-1.5106404E-01
9.184342E-08,-1.5106404E-01
9.189342E-08,-1.5106404E-01
9.194342E-08,-1.5106404E-01
9.199342E-08,-1.5106404E-01
9.204342E-08,-1.5106404E-01
9.209342E-08,-1.5106404E-01
9.214342E-08,-1.5106404E-01
9.219342E-08,-1.5106404E-01
9.224342E-08,-1.5101133E-01
9.229342E-08,-1.5101133E-01
9.234342E-08,-1.5101133E-01
9.239342E-08,-1.5101133E-01
9.244342E-08,-1.5101133E-01
9.249342E-08,-1.5101133E-01
9.254342E-08,-1.5101133E-01
9.259342E-08,-1.5106404E-01
9.264342E-08,-1.5106404E-01
9.269342E-08,-1.5106404E-01
9.274342E-08,-1.5106404E-01
9.279342E-08,-1.5111675E-01
9.284342E-08,-1.5111675E-01
9.289342E-08,-1.5111675E-01
9.294342E-08,-1.5116946E-01
9.299342E-08,-1.5116946E-01
9.304342E-08,-1.5116946E-01
9.309342E-08,-1.5122217E-01
9.314342E-08,-1.5122217E-01
9.319342E-08,-1.5122217E-01
9.324342E-08,-1.5122217E-01
9.329342E-08,-1.5122217E-01
9.334342E-08,-1.5127488E-01
9.339342E-08,-1.5127488E-01
9.344342E-08,-1.5127488E-01
9.349342E-08,-1.5122217E-01
9.354342E-08,-1.5122217E-01
9.359342E-08,-1.5122217E-01
9.364342E-08,-1.5116946E-01
9.369342E-08,-1.5116946E-01
9.374342E-08,-1.5111675E-01
9.379342E-08,-1.5106404E-01
9.384342E-08,-1.5106404E-01
9.389342E-08,-1.5101133E-01
9.394342E-08,-1.5095862E-01
9.399342E-08,-1.5090592E-01
9.404342E-08,-1.5085321E-01
9.409342E-08,-1.5080050E-01
9.414342E-08,-1.5074779E-01
9.419342E-08,-1.5069508E-01
9.424342E-08,-1.5069508E-01
9.429342E-08,-1.5064237E-01
9.434342E-08,-1.5058966E-01
9.439342E-08,-1.5053695E-01
9.444342E-08,-1.5048424E-01
9.449342E-08,-1.5043153E-01
9.454342E-08,-1.5043153E-01
9.459342E-08,-1.5037883E-01
9.464342E-08,-1.5037883E-01
9.469342E-08,-1.5032612E-01
9.474342E-08,-1.5032612E-01
9.479342E-08,-1.5032612E-01
9.484342E-08,-1.5027341E-01
9.489342E-08,-1.5027341E-01
9.494342E-08,-1.5027341E-01
9.499342E-08,-1.5027341E-01
9.504342E-08,-1.5027341E-01
9.509342E-08,-1.5027341E-01
9.514342E-08,-1.5027341E-01
9.519342E-08,-1.5027341E-01
9.524342E-08,-1.5027341E-01
9.529342E-08,-1.5027341E-01
9.534342E-08,-1.5027341E-01
9.539342E-08,-1.5027341E-01
9.544342E-08,-1.5027341E-01
9.549342E-08,-1.5027341E-01
9.554342E-08,-1.5027341E-01
9.559342E-08,-1.5027341E-01
9.564342E-08,-1.5027341E-01
9.569342E-08,-1.5027341E-01
9.574342E-08,-1.5027341E-01
9.579342E-08,-1.5027341E-01
9.584342E-08,-1.5022070E-01
9.589342E-08,-1.5022070E-01
9.594342E-08,-1.5022070E-01
9.599342E-08,-1.5022070E-01
9.604342E-08,-1.5022070E-01
9.609342E-08,-1.5022070E-01
9.614342E-08,-1.5016799E-01
9.619342E-08,-1.5016799E-01
9.624342E-08,-1.5016799E-01
9.629342E-08,-1.5016799E-01
9.634342E-08,-1.5016799E-01
9.639342E-08,-1.5016799E-01
9.644342E-08,-1.5016799E-01
9.649342E-08,-1.5016799E-01
9.654342E-08,-1.5016799E-01
9.659342E-08,-1.5016799E-01
9.664342E-08,-1.5022070E-01
9.669342E-08,-1.5022070E-01
9.674342E-08,-1.5022070E-01
9.679342E-08,-1.5022070E-01
9.684342E-08,-1.5027341E-01
9.689342E-08,-1.5027341E-01
9.694342E-08,-1.5027341E-01
9.699342E-08,-1.5032612E-01
9.704342E-08,-1.5032612E-01
9.709342E-08,-1.5037883E-01
9.714342E-08,-1.5037883E-01
9.719342E-08,-1.5043153E-01
9.724342E-08,-1.5043153E-01
9.729342E-08,-1.5048424E-01
9.734342E-08,-1.5048424E-01
9.739342E-08,-1.5053695E-01
9.744342E-08,-1.5053695E-01
9.749342E-08,-1.5058966E-01
9.754342E-08,-1.5058966E-01
9.759342E-08,-1.5064237E-01
9.764342E-08,-1.5064237E-01
9.769342E-08,-1.5064237E-01
9.774342E-08,-1.5069508E-01
9.779342E-08,-1.5069508E-01
9.784342E-08,-1.5069508E-01
9.789342E-08,-1.5069508E-01
9.794342E-08,-1.5074779E-01
9.799342E-08,-1.5074779E-01
9.804342E-08,-1.5074779E-01
9.809342E-08,-1.5074779E-01
9.814342E-08,-1.5074779E-01
9.819342E-08,-1.5074779E-01
9.824342E-08,-1.5080050E-01
9.829342E-08,-1.5080050E-01
9.834342E-08,-1.5080050E-01
9.839342E-08,-1.5080050E-01
9.844342E-08,-1.5080050E-01
9.849342E-08,-1.5080050E-01
9.854342E-08,-1.5080050E-01
9.859342E-08,-1.5080050E-01
9.864342E-08,-1.5080050E-01
9.869342E-08,-1.5080050E-01
9.874342E-08,-1.5080050E-01
9.879342E-08,-1.5080050E-01
9.884342E-08,-1.5080050E-01
9.889342E-08,-1.5080050E-01
9.894342E-08,-1.5085321E-01
9.899342E-08,-1.5080050E-01
9.904342E-08,-1.5080050E-01
9.909342E-08,-1.5080050E-01
9.914342E-08,-1.5080050E-01
9.919342E-08,-1.5080050E-01
9.924342E-08,-1.5080050E-01
9.929342E-08,-1.5080050E-01
9.934342E-08,-1.5080050E-01
9.939342E-08,-1.5074779E-01
9.944342E-08,-1.5074779E-01
9.949342E-08,-1.5074779E-01
9.954342E-08,-1.5069508E-01
9.959342E-08,-1.5069508E-01
9.964342E-08,-1.5064237E-01
9.969342E-08,-1.5064237E-01
9.974342E-08,-1.5064237E-01
9.979342E-08,-1.5058966E-01
9.984342E-08,-1.5058966E-01
9.989342E-08,-1.5053695E-01
9.994342E-08,-1.5053695E-01
9.999342E-08,-1.5048424E-01
1.0004342E-07,-1.5048424E-01
1.0009342E-07,-1.5048424E-01
1.0014342E-07,-1.5043153E-01
1.0019342E-07,-1.5043153E-01
1.0024342E-07,-1.5043153E-01
1.0029342E-07,-1.5043153E-01
1.0034342E-07,-1.5037883E-01
1.0039342E-07,-1.5037883E-01
1.0044342E-07,-1.5037883E-01
1.0049342E-07,-1.5037883E-01
1.0054342E-07,-1.5037883E-01
1.0059342E-07,-1.5037883E-01
1.0064342E-07,-1.5037883E-01
1.0069342E-07,-1.5037883E-01
1.0074342E-07,-1.5037883E-01
1.0079342E-07,-1.5043153E-01
1.0084342E-07,-1.5043153E-01
1.0089342E-07,-1.5043153E-01
1.0094342E-07,-1.5043153E-01
1.0099342E-07,-1.5043153E-01
1.0104342E-07,-1.5043153E-01
1.0109342E-07,-1.5043153E-01
1.0114342E-07,-1.5048424E-01
1.0119342E-07,-1.5048424E-01
1.0124342E-07,-1.5048424E-01
1.0129342E-07,-1.5048424E-01
1.0134342E-07,-1.5043153E-01
1.0139342E-07,-1.5043153E-01
1.0144342E-07,-1.5043153E-01
1.0149342E-07,-1.5043153E-01
1.0154342E-07,-1.5043153E-01
1.0159342E-07,-1.5037883E-01
1.0164342E-07,-1.5037883E-01
1.0169342E-07,-1.5032612E-01
1.0174342E-07,-1.5032612E-01
1.0179342E-07,-1.5027341E-01
1.0184342E-07,-1.5027341E-01
1.0189342E-07,-1.5022070E-01
1.0194342E-07,-1.5022070E-01
1.0199342E-07,-1.5016799E-01
1.0204342E-07,-1.5011528E-01
1.0209342E-07,-1.5011528E-01
1.0214342E-07,-1.5006257E-01
1.0219342E-07,-1.5006257E-01
1.0224342E-07,-1.5000986E-01
1.0229342E-07,-1.4995715E-01
1.0234342E-07,-1.4995715E-01
1.0239342E-07,-1.4995715E-01
1.0244342E-07,-1.4990444E-01
1.0249342E-07,-1.4990444E-01
1.0254342E-07,-1.4990444E-01
1.0259342E-07,-1.4985173E-01
1.0264342E-07,-1.4985173E-01
1.0269342E-07,-1.4985173E-01
1.0274342E-07,-1.4985173E-01
1.0279342E-07,-1.4985173E-01
1.0284342E-07,-1.4990444E-01
1.0289342E-07,-1.4990444E-01
1.0294342E-07,-1.4990444E-01
1.0299342E-07,-1.4995715E-01
1.0304342E-07,-1.4995715E-01
1.0309342E-07,-1.4995715E-01
1.0314342E-07,-1.5000986E-01
1.0319342E-07,-1.5000986E-01
1.0324342E-07,-1.5006257E-01
1.0329342E-07,-1.5006257E-01
1.0334342E-07,-1.5011528E-01
1.0339342E-07,-1.5011528E-01
1.0344342E-07,-1.5016799E-01
1.0349342E-07,-1.5016799E-01
1.0354342E-07,-1.5022070E-01
1.0359342E-07,-1.5022070E-01
1.0364342E-07,-1.5027341E-01
1.0369342E-07,-1.5027341E-01
1.0374342E-07,-1.5032612E-01
1.0379342E-07,-1.5032612E-01
1.0384342E-07,-1.5032612E-01
1.0389342E-07,-1.5032612E-01
1.0394342E-07,-1.5037883E-01
1.0399342E-07,-1.5037883E-01
1.0404342E-07,-1.5037883E-01
1.0409342E-07,-1.5037883E-01
1.0414342E-07,-1.5037883E-01
1.0419342E-07,-1.5037883E-01
1.0424342E-07,-1.5037883E-01
1.0429342E-07,-1.5037883E-01
1.0434342E-07,-1.5037883E-01
1.0439342E-07,-1.5032612E-01
1.0444342E-07,-1.5032612E-01
1.0449342E-07,-1.5032612E-01
1.0454342E-07,-1.5032612E-01
1.0459342E-07,-1.5032612E-01
1.0464342E-07,-1.5027341E-01
1.0469342E-07,-1.5027341E-01
1.0474342E-07,-1.5027341E-01
1.0479342E-07,-1.5027341E-01
1.0484342E-07,-1.5022070E-01
1.0489342E-07,-1.5022070E-01
1.0494342E-07,-1.5022070E-01
1.0499342E-07,-1.5016799E-01
1.0504342E-07,-1.5016799E-01
1.0509342E-07,-1.5016799E-01
1.0514342E-07,-1.5016799E-01
1.0519342E-07,-1.5011528E-01
1.0524342E-07,-1.5011528E-01
1.0529342E-07,-1.5011528E-01
1.0534342E-07,-1.5006257E-01
1.0539342E-07,-1.5006257E-01
1.0544342E-07,-1.5006257E-01
1.0549342E-07,-1.5000986E-01
1.0554342E-07,-1.5000986E-01
1.0559342E-07,-1.5000986E-01
1.0564342E-07,-1.5000986E-01
1.0569342E-07,-1.4995715E-01
1.0574342E-07,-1.4995715E-01
1.0579342E-07,-1.4995715E-01
1.0584342E-07,-1.4995715E-01
1.0589342E-07,-1.4995715E-01
1.0594342E-07,-1.4990444E-01
1.0599342E-07,-1.4990444E-01
1.0604342E-07,-1.4990444E-01
1.0609342E-07,-1.4990444E-01
1.0614342E-07,-1.4990444E-01
1.0619342E-07,-1.4990444E-01
1.0624342E-07,-1.4990444E-01
1.0629342E-07,-1.4990444E-01
1.0634342E-07,-1.4990444E-01
1.0639342E-07,-1.4990444E-01
1.0644342E-07,-1.4990444E-01
1.0649342E-07,-1.4990444E-01
1.0654342E-07,-1.4990444E-01
1.0659342E-07,-1.4995715E-01
1.0664342E-07,-1.4995715E-01
1.0669342E-07,-1.4995715E-01
1.0674342E-07,-1.4995715E-01
1.0679342E-07,-1.4995715E-01
1.0684342E-07,-1.4995715E-01
1.0689342E-07,-1.4995715E-01
1.0694342E-07,-1.4995715E-01
1.0699342E-07,-1.5000986E-01
1.0704342E-07,-1.5000986E-01
1.0709342E-07,-1.5000986E-01
1.0714342E-07,-1.5000986E-01
1.0719342E-07,-1.5000986E-01
1.0724342E-07,-1.5000986E-01
1.0729342E-07,-1.5000986E-01
1.0734342E-07,-1.5000986E-01
1.0739342E-07,-1.4995715E-01
1.0744342E-07,-1.4995715E-01
1.0749342E-07,-1.4995715E-01
1.0754342E-07,-1.4995715E-01
1.0759342E-07,-1.4995715E-01
1.0764342E-07,-1.4995715E-01
1.0769342E-07,-1.4995715E-01
1.0774342E-07,-1.4990444E-01
1.0779342E-07,-1.4990444E-01
1.0784342E-07,-1.4990444E-01
1.0789342E-07,-1.4990444E-01
1.0794342E-07,-1.4990444E-01
1.0799342E-07,-1.4990444E-01
1.0804342E-07,-1.4990444E-01
1.0809342E-07,-1.4985173E-01
1.0814342E-07,-1.4985173E-01
1.0819342E-07,-1.4985173E-01
1.0824342E-07,-1.4990444E-01
1.0829342E-07,-1.4990444E-01
1.0834342E-07,-1.4990444E-01
1.0839342E-07,-1.4990444E-01
1.0844342E-07,-1.4995715E-01
1.0849342E-07,-1.4995715E-01
1.0854342E-07,-1.4995715E-01
1.0859342E-07,-1.5000986E-01
1.0864342E-07,-1.5006257E-01
1.0869342E-07,-1.5006257E-01
1.0874342E-07,-1.5011528E-01
1.0879342E-07,-1.5016799E-01
1.0884342E-07,-1.5016799E-01
1.0889342E-07,-1.5022070E-01
1.0894342E-07,-1.5027341E-01
1.0899342E-07,-1.5032612E-01
1.0904342E-07,-1.5032612E-01
1.0909342E-07,-1.5037883E-01
1.0914342E-07,-1.5043153E-01
1.0919342E-07,-1.5043153E-01
1.0924342E-07,-1.5048424E-01
1.0929342E-07,-1.5053695E-01
1.0934342E-07,-1.5053695E-01
1.0939342E-07,-1.5058966E-01
1.0944342E-07,-1.5058966E-01
1.0949342E-07,-1.5058966E-01
1.0954342E-07,-1.5058966E-01
1.0959342E-07,-1.5064237E-01
1.0964342E-07,-1.5064237E-01
1.0969342E-07,-1.5064237E-01
1.0974342E-07,-1.5064237E-01
1.0979342E-07,-1.5058966E-01
1.0984342E-07,-1.5058966E-01
1.0989342E-07,-1.5058966E-01
1.0994342E-07,-1.5058966E-01
1.0999342E-07,-1.5053695E-01
1.1004342E-07,-1.5053695E-01
1.1009342E-07,-1.5053695E-01
1.1014342E-07,-1.5048424E-01
1.1019342E-07,-1.5048424E-01
1.1024342E-07,-1.5043153E-01
1.1029342E-07,-1.5043153E-01
1.1034342E-07,-1.5043153E-01
1.1039342E-07,-1.5037883E-01
1.1044342E-07,-1.5037883E-01
1.1049342E-07,-1.5037883E-01
1.1054342E-07,-1.5037883E-01
1.1059342E-07,-1.5032612E-01
1.1064342E-07,-1.5032612E-01
1.1069342E-07,-1.5032612E-01
1.1074342E-07,-1.5032612E-01
1.1079342E-07,-1.5037883E-01
1.1084342E-07,-1.5037883E-01
1.1089342E-07,-1.5037883E-01
1.1094342E-07,-1.5043153E-01
1.1099342E-07,-1.5043153E-01
1.1104342E-07,-1.5043153E-01
1.1109342E-07,-1.5048424E-01
1.1114342E-07,-1.5048424E-01
1.1119342E-07,-1.5053695E-01
1.1124342E-07,-1.5053695E-01
1.1129342E-07,-1.5058966E-01
1.1134342E-07,-1.5058966E-01
1.1139342E-07,-1.5064237E-01
1.1144342E-07,-1.5064237E-01
1.1149342E-07,-1.5069508E-01
1.1154342E-07,-1.5069508E-01
1.1159342E-07,-1.5074779E-01
1.1164342E-07,-1.5074779E-01
1.1169342E-07,-1.5074779E-01
1.1174342E-07,-1.5074779E-01
1.1179342E-07,-1.5074779E-01
1.1184342E-07,-1.5074779E-01
1.1189342E-07,-1.5074779E-01
1.1194342E-07,-1.5069508E-01
1.1199342E-07,-1.5069508E-01
1.1204342E-07,-1.5064237E-01
1.1209342E-07,-1.5058966E-01
1.1214342E-07,-1.5058966E-01
1.1219342E-07,-1.5053695E-01
1.1224342E-07,-1.5048424E-01
1.1229342E-07,-1.5043153E-01
1.1234342E-07,-1.5037883E-01
1.1239342E-07,-1.5032612E-01
1.1244342E-07,-1.5027341E-01
1.1249342E-07,-1.5022070E-01
1.1254342E-07,-1.5016799E-01
1.1259342E-07,-1.5011528E-01
1.1264342E-07,-1.5000986E-01
1.1269342E-07,-1.4995715E-01
1.1274342E-07,-1.4990444E-01
1.1279342E-07,-1.4985173E-01
1.1284342E-07,-1.4985173E-01
1.1289342E-07,-1.4979903E-01
1.1294342E-07,-1.4974632E-01
1.1299342E-07,-1.4969361E-01
1.1304342E-07,-1.4969361E-01
1.1309342E-07,-1.4964090E-01
1.1314342E-07,-1.4964090E-01
1.1319342E-07,-1.4964090E-01
1.1324342E-07,-1.4964090E-01
1.1329342E-07,-1.4964090E-01
1.1334342E-07,-1.4964090E-01
1.1339342E-07,-1.4964090E-01
1.1344342E-07,-1.4964090E-01
1.1349342E-07,-1.4964090E-01
1.1354342E-07,-1.4969361E-01
1.1359342E-07,-1.4969361E-01
1.1364342E-07,-1.4969361E-01
1.1369342E-07,-1.4974632E-01
1.1374342E-07,-1.4974632E-01
1.1379342E-07,-1.4979903E-01
1.1384342E-07,-1.4979903E-01
1.1389342E-07,-1.4979903E-01
1.1394342E-07,-1.4985173E-01
1.1399342E-07,-1.4985173E-01
1.1404342E-07,-1.4985173E-01
1.1409342E-07,-1.4990444E-01
1.1414342E-07,-1.4990444E-01
1.1419342E-07,-1.4990444E-01
1.1424342E-07,-1.4990444E-01
1.1429342E-07,-1.4985173E-01
1.1434342E-07,-1.4985173E-01
1.1439342E-07,-1.4985173E-01
1.1444342E-07,-1.4985173E-01
1.1449342E-07,-1.4979903E-01
1.1454342E-07,-1.4979903E-01
1.1459342E-07,-1.4974632E-01
1.1464342E-07,-1.4969361E-01
1.1469342E-07,-1.4969361E-01
1.1474342E-07,-1.4964090E-01
1.1479342E-07,-1.4958819E-01
1.1484342E-07,-1.4953548E-01
1.1489342E-07,-1.4953548E-01
1.1494342E-07,-1.4948277E-01
1.1499342E-07,-1.4943006E-01
1.1504342E-07,-1.4937735E-01
1.1509342E-07,-1.4932464E-01
1.1514342E-07,-1.4927194E-01
1.1519342E-07,-1.4927194E-01
1.1524342E-07,-1.4921923E-01
1.1529342E-07,-1.4921923E-01
1.1534342E-07,-1.4916652E-01
1.1539342E-07,-1.4911381E-01
1.1544342E-07,-1.4911381E-01
1.1549342E-07,-1.4911381E-01
1.1554342E-07,-1.4911381E-01
1.1559342E-07,-1.4911381E-01
1.1564342E-07,-1.4911381E-01
1.1569342E-07,-1.4911381E-01
1.1574342E-07,-1.4911381E-01
1.1579342E-07,-1.4911381E-01
1.1584342E-07,-1.4916652E-01
1.1589342E-07,-1.4916652E-01
1.1594342E-07,-1.4916652E-01
1.1599342E-07,-1.4921923E-01
1.1604342E-07,-1.4927194E-01
1.1609342E-07,-1.4927194E-01
1.1614342E-07,-1.4932464E-01
1.1619342E-07,-1.4937735E-01
1.1624342E-07,-1.4937735E-01
1.1629342E-07,-1.4943006E-01
1.1634342E-07,-1.4948277E-01
1.1639342E-07,-1.4953548E-01
1.1644342E-07,-1.4953548E-01
1.1649342E-07,-1.4958819E-01
1.1654342E-07,-1.4964090E-01
1.1659342E-07,-1.4964090E-01
1.1664342E-07,-1.4969361E-01
1.1669342E-07,-1.4969361E-01
1.1674342E-07,-1.4974632E-01
1.1679342E-07,-1.4974632E-01
1.1684342E-07,-1.4974632E-01
1.1689342E-07,-1.4974632E-01
1.1694342E-07,-1.4974632E-01
1.1699342E-07,-1.4974632E-01
1.1704342E-07,-1.4974632E-01
1.1709342E-07,-1.4974632E-01
1.1714342E-07,-1.4974632E-01
1.1719342E-07,-1.4974632E-01
1.1724342E-07,-1.4974632E-01
1.1729342E-07,-1.4969361E-01
1.1734342E-07,-1.4969361E-01
1.1739342E-07,-1.4969361E-01
1.1744342E-07,-1.4969361E-01
1.1749342E-07,-1.4964090E-01
1.1754342E-07,-1.4964090E-01
1.1759342E-07,-1.4964090E-01
1.1764342E-07,-1.4958819E-01
1.1769342E-07,-1.4958819E-01
1.1774342E-07,-1.4958819E-01
1.1779342E-07,-1.4958819E-01
1.1784342E-07,-1.4958819E-01
1.1789342E-07,-1.4958819E-01
1.1794342E-07,-1.4958819E-01
1.1799342E-07,-1.4958819E-01
1.1804342E-07,-1.4958819E-01
1.1809342E-07,-1.4958819E-01
1.1814342E-07,-1.4958819E-01
1.1819342E-07,-1.4964090E-01
1.1824342E-07,-1.4964090E-01
1.1829342E-07,-1.4964090E-01
1.1834342E-07,-1.4969361E-01
1.1839342E-07,-1.4969361E-01
1.1844342E-07,-1.4974632E-01
1.1849342E-07,-1.4974632E-01
1.1854342E-07,-1.4979903E-01
1.1859342E-07,-1.4985173E-01
1.1864342E-07,-1.4985173E-01
1.1869342E-07,-1.4990444E-01
1.1874342E-07,-1.4995715E-01
1.1879342E-07,-1.4995715E-01
1.1884342E-07,-1.5000986E-01
1.1889342E-07,-1.5006257E-01
1.1894342E-07,-1.5006257E-01
1.1899342E-07,-1.5011528E-01
1.1904342E-07,-1.5011528E-01
1.1909342E-07,-1.5016799E-01
1.1914342E-07,-1.5016799E-01
1.1919342E-07,-1.5022070E-01
1.1924342E-07,-1.5022070E-01
1.1929342E-07,-1.5022070E-01
1.1934342E-07,-1.5022070E-01
1.1939342E-07,-1.5022070E-01
1.1944342E-07,-1.5022070E-01
1.1949342E-07,-1.5022070E-01
1.1954342E-07,-1.5022070E-01
1.1959342E-07,-1.5016799E-01
1.1964342E-07,-1.5016799E-01
1.1969342E-07,-1.5016799E-01
1.1974342E-07,-1.5011528E-01
1.1979342E-07,-1.5011528E-01
1.1984342E-07,-1.5006257E-01
1.1989342E-07,-1.5006257E-01
1.1994342E-07,-1.5000986E-01
1.1999342E-07,-1.5000986E-01
1.2004342E-07,-1.4995715E-01
1.2009342E-07,-1.4990444E-01
1.2014342E-07,-1.4990444E-01
1.2019342E-07,-1.4985173E-01
1.2024342E-07,-1.4979903E-01
1.2029342E-07,-1.4979903E-01
1.2034342E-07,-1.4974632E-01
1.2039342E-07,-1.4969361E-01
1.2044342E-07,-1.4969361E-01
1.2049342E-07,-1.4964090E-01
1.2054342E-07,-1.4964090E-01
1.2059342E-07,-1.4958819E-01
1.2064342E-07,-1.4958819E-01
1.2069342E-07,-1.4953548E-01
1.2074342E-07,-1.4953548E-01
1.2079342E-07,-1.4948277E-01
1.2084342E-07,-1.4948277E-01
1.2089342E-07,-1.4948277E-01
1.2094342E-07,-1.4948277E-01
1.2099342E-07,-1.4943006E-01
1.2104342E-07,-1.4943006E-01
1.2109342E-07,-1.4943006E-01
1.2114342E-07,-1.4943006E-01
1.2119342E-07,-1.4943006E-01
1.2124342E-07,-1.4943006E-01
1.2129342E-07,-1.4943006E-01
1.2134342E-07,-1.4943006E-01
1.2139342E-07,-1.4943006E-01
1.2144342E-07,-1.4943006E-01
1.2149342E-07,-1.4948277E-01
1.2154342E-07,-1.4948277E-01
1.2159342E-07,-1.4948277E-01
1.2164342E-07,-1.4948277E-01
1.2169342E-07,-1.4948277E-01
1.2174342E-07,-1.4953548E-01
1.2179342E-07,-1.4953548E-01
1.2184342E-07,-1.4953548E-01
1.2189342E-07,-1.4953548E-01
1.2194342E-07,-1.4958819E-01
1.2199342E-07,-1.4958819E-01
1.2204342E-07,-1.4958819E-01
1.2209342E-07,-1.4958819E-01
1.2214342E-07,-1.4964090E-01
1.2219342E-07,-1.4964090E-01
1.2224342E-07,-1.4964090E-01
1.2229342E-07,-1.4964090E-01
1.2234342E-07,-1.4964090E-01
1.2239342E-07,-1.4969361E-01
1.2244342E-07,-1.4969361E-01
1.2249342E-07,-1.4969361E-01
1.2254342E-07,-1.4969361E-01
1.2259342E-07,-1.4969361E-01
1.2264342E-07,-1.4969361E-01
1.2269342E-07,-1.4969361E-01
1.2274342E-07,-1.4969361E-01
1.2279342E-07,-1.4969361E-01
1.2284342E-07,-1.4969361E-01
1.2289342E-07,-1.4969361E-01
1.2294342E-07,-1.4969361E-01
1.2299342E-07,-1.4964090E-01
1.2304342E-07,-1.4964090E-01
1.2309342E-07,-1.4964090E-01
1.2314342E-07,-1.4958819E-01
1.2319342E-07,-1.4958819E-01
1.2324342E-07,-1.4958819E-01
1.2329342E-07,-1.4953548E-01
1.2334342E-07,-1.4953548E-01
1.2339342E-07,-1.4948277E-01
1.2344342E-07,-1.4948277E-01
1.2349342E-07,-1.4943006E-01
1.2354342E-07,-1.4943006E-01
1.2359342E-07,-1.4937735E-01
1.2364342E-07,-1.4937735E-01
1.2369342E-07,-1.4932464E-01
1.2374342E-07,-1.4932464E-01
1.2379342E-07,-1.4927194E-01
1.2384342E-07,-1.4921923E-01
1.2389342E-07,-1.4921923E-01
1.2394342E-07,-1.4921923E-01
1.2399342E-07,-1.4916652E-01
1.2404342E-07,-1.4916652E-01
1.2409342E-07,-1.4911381E-01
1.2414342E-07,-1.4911381E-01
1.2419342E-07,-1.4911381E-01
1.2424342E-07,-1.4911381E-01
1.2429342E-07,-1.4911381E-01
1.2434342E-07,-1.4911381E-01
1.2439342E-07,-1.4906110E-01
1.2444342E-07,-1.4911381E-01
1.2449342E-07,-1.4911381E-01
1.2454342E-07,-1.4911381E-01
1.2459342E-07,-1.4911381E-01
1.2464342E-07,-1.4911381E-01
1.2469342E-07,-1.4911381E-01
1.2474342E-07,-1.4911381E-01
1.2479342E-07,-1.4916652E-01
1.2484342E-07,-1.4916652E-01
1.2489342E-07,-1.4916652E-01
1.2494342E-07,-1.4916652E-01
1.2499342E-07,-1.4921923E-01
1.2504342E-07,-1.4921923E-01
1.2509342E-07,-1.4921923E-01
1.2514342E-07,-1.4921923E-01
1.2519342E-07,-1.4921923E-01
1.2524342E-07,-1.4921923E-01
1.2529342E-07,-1.4921923E-01
1.2534342E-07,-1.4921923E-01
1.2539342E-07,-1.4921923E-01
1.2544342E-07,-1.4921923E-01
1.2549342E-07,-1.4916652E-01
1.2554342E-07,-1.4916652E-01
1.2559342E-07,-1.4916652E-01
1.2564342E-07,-1.4911381E-01
1.2569342E-07,-1.4911381E-01
1.2574342E-07,-1.4906110E-01
1.2579342E-07,-1.4906110E-01
1.2584342E-07,-1.4900839E-01
1.2589342E-07,-1.4900839E-01
1.2594342E-07,-1.4895568E-01
1.2599342E-07,-1.4895568E-01
1.2604342E-07,-1.4890297E-01
1.2609342E-07,-1.4890297E-01
1.2614342E-07,-1.4885026E-01
1.2619342E-07,-1.4885026E-01
1.2624342E-07,-1.4879755E-01
1.2629342E-07,-1.4879755E-01
1.2634342E-07,-1.4879755E-01
1.2639342E-07,-1.4879755E-01
1.2644342E-07,-1.4879755E-01
1.2649342E-07,-1.4879755E-01
1.2654342E-07,-1.4879755E-01
1.2659342E-07,-1.4879755E-01
1.2664342E-07,-1.4879755E-01
1.2669342E-07,-1.4879755E-01
1.2674342E-07,-1.4885026E-01
1.2679342E-07,-1.4885026E-01
1.2684342E-07,-1.4890297E-01
1.2689342E-07,-1.4895568E-01
1.2694342E-07,-1.4895568E-01
1.2699342E-07,-1.4900839E-01
1.2704342E-07,-1.4906110E-01
1.2709342E-07,-1.4911381E-01
1.2714342E-07,-1.4916652E-01
1.2719342E-07,-1.4921923E-01
1.2724342E-07,-1.4927194E-01
1.2729342E-07,-1.4932464E-01
1.2734342E-07,-1.4937735E-01
1.2739342E-07,-1.4937735E-01
1.2744342E-07,-1.4943006E-01
1.2749342E-07,-1.4948277E-01
1.2754342E-07,-1.4953548E-01
1.2759342E-07,-1.4958819E-01
1.2764342E-07,-1.4958819E-01
1.2769342E-07,-1.4964090E-01
1.2774342E-07,-1.4964090E-01
1.2779342E-07,-1.4969361E-01
1.2784342E-07,-1.4969361E-01
1.2789342E-07,-1.4969361E-01
1.2794342E-07,-1.4969361E-01
1.2799342E-07,-1.4969361E-01
1.2804342E-07,-1.4974632E-01
1.2809342E-07,-1.4974632E-01
1.2814342E-07,-1.4969361E-01
1.2819342E-07,-1.4969361E-01
1.2824342E-07,-1.4969361E-01
1.2829342E-07,-1.4969361E-01
1.2834342E-07,-1.4969361E-01
1.2839342E-07,-1.4969361E-01
1.2844342E-07,-1.4964090E-01
1.2849342E-07,-1.4964090E-01
1.2854342E-07,-1.4964090E-01
1.2859342E-07,-1.4958819E-01
1.2864342E-07,-1.4958819E-01
1.2869342E-07,-1.4958819E-01
