-7.141606E-08,-1.4858672E-01
-7.136606E-08,-1.4858672E-01
-7.131606E-08,-1.4863943E-01
-7.126606E-08,-1.4869214E-01
-7.121606E-08,-1.4874485E-01
-7.116606E-08,-1.4879755E-01
-7.111606E-08,-1.4885026E-01
-7.106606E-08,-1.4890297E-01
-7.101606E-08,-1.4890297E-01
-7.096606E-08,-1.4895568E-01
-7.091606E-08,-1.4900839E-01
-7.086606E-08,-1.4900839E-01
-7.081606E-08,-1.4906110E-01
-7.076606E-08,-1.4906110E-01
-7.071606E-08,-1.4911381E-01
-7.066606E-08,-1.4911381E-01
-7.061606E-08,-1.4911381E-01
-7.056606E-08,-1.4911381E-01
-7.051606E-08,-1.4916652E-01
-7.046606E-08,-1.4916652E-01
-7.041606E-08,-1.4916652E-01
-7.036606E-08,-1.4911381E-01
-7.031606E-08,-1.4911381E-01
-7.026606E-08,-1.4911381E-01
-7.021606E-08,-1.4911381E-01
-7.016606E-08,-1.4911381E-01
-7.011606E-08,-1.4911381E-01
-7.006606E-08,-1.4906110E-01
-7.001606E-08,-1.4906110E-01
-6.996606E-08,-1.4906110E-01
-6.991606E-08,-1.4906110E-01
-6.986606E-08,-1.4906110E-01
-6.981606E-08,-1.4906110E-01
-6.976606E-08,-1.4906110E-01
-6.971606E-08,-1.4906110E-01
-6.966606E-08,-1.4906110E-01
-6.961606E-08,-1.4906110E-01
-6.956606E-08,-1.4911381E-01
-6.951606E-08,-1.4911381E-01
-6.946606E-08,-1.4911381E-01
-6.941606E-08,-1.4911381E-01
-6.936606E-08,-1.4916652E-01
-6.931606E-08,-1.4916652E-01
-6.926606E-08,-1.4916652E-01
-6.921606E-08,-1.4916652E-01
-6.916606E-08,-1.4916652E-01
-6.911606E-08,-1.4921923E-01
-6.906606E-08,-1.4921923E-01
-6.901606E-08,-1.4921923E-01
-6.896606E-08,-1.4921923E-01
-6.891606E-08,-1.4921923E-01
-6.886606E-08,-1.4921923E-01
-6.881606E-08,-1.4921923E-01
-6.876606E-08,-1.4916652E-01
-6.871606E-08,-1.4916652E-01
-6.866606E-08,-1.4916652E-01
-6.861606E-08,-1.4916652E-01
-6.856606E-08,-1.4911381E-01
-6.851606E-08,-1.4911381E-01
-6.846606E-08,-1.4911381E-01
-6.841606E-08,-1.4906110E-01
-6.836606E-08,-1.4906110E-01
-6.831606E-08,-1.4906110E-01
-6.826606E-08,-1.4900839E-01
-6.821606E-08,-1.4900839E-01
-6.816606E-08,-1.4900839E-01
-6.811606E-08,-1.4900839E-01
-6.806606E-08,-1.4895568E-01
-6.801606E-08,-1.4895568E-01
-6.796606E-08,-1.4895568E-01
-6.791606E-08,-1.4895568E-01
-6.786606E-08,-1.4895568E-01
-6.781606E-08,-1.4895568E-01
-6.776606E-08,-1.4890297E-01
-6.771606E-08,-1.4890297E-01
-6.766606E-08,-1.4890297E-01
-6.761606E-08,-1.4890297E-01
-6.756606E-08,-1.4890297E-01
-6.751606E-08,-1.4890297E-01
-6.746606E-08,-1.4890297E-01
-6.741606E-08,-1.4890297E-01
-6.736606E-08,-1.4890297E-01
-6.731606E-08,-1.4890297E-01
-6.726606E-08,-1.4885026E-01
-6.721606E-08,-1.4885026E-01
-6.716606E-08,-1.4885026E-01
-6.711606E-08,-1.4885026E-01
-6.706606E-08,-1.4879755E-01
-6.701606E-08,-1.4879755E-01
-6.696606E-08,-1.4874485E-01
-6.691606E-08,-1.4874485E-01
-6.686606E-08,-1.4869214E-01
-6.681606E-08,-1.4869214E-01
-6.676606E-08,-1.4863943E-01
-6.671606E-08,-1.4863943E-01
-6.666606E-08,-1.4858672E-01
-6.661606E-08,-1.4858672E-01
-6.656606E-08,-1.4853401E-01
-6.651606E-08,-1.4853401E-01
-6.646606E-08,-1.4848130E-01
-6.641606E-08,-1.4848130E-01
-6.636606E-08,-1.4848130E-01
-6.631606E-08,-1.4848130E-01
-6.626606E-08,-1.4848130E-01
-6.621606E-08,-1.4848130E-01
-6.616606E-08,-1.4848130E-01
-6.611606E-08,-1.4853401E-01
-6.606606E-08,-1.4853401E-01
-6.601606E-08,-1.4858672E-01
-6.596606E-08,-1.4863943E-01
-6.591606E-08,-1.4869214E-01
-6.586606E-08,-1.4874485E-01
-6.581606E-08,-1.4879755E-01
-6.576606E-08,-1.4885026E-01
-6.571606E-08,-1.4890297E-01
-6.566606E-08,-1.4895568E-01
-6.561606E-08,-1.4906110E-01
-6.556606E-08,-1.4911381E-01
-6.551606E-08,-1.4916652E-01
-6.546606E-08,-1.4921923E-01
-6.541606E-08,-1.4932464E-01
-6.536606E-08,-1.4937735E-01
-6.531606E-08,-1.4943006E-01
-6.526606E-08,-1.4948277E-01
-6.521606E-08,-1.4953548E-01
-6.516606E-08,-1.4953548E-01
-6.511606E-08,-1.4958819E-01
-6.506606E-08,-1.4958819E-01
-6.501606E-08,-1.4964090E-01
-6.496606E-08,-1.4964090E-01
-6.491606E-08,-1.4964090E-01
-6.486606E-08,-1.4958819E-01
-6.481606E-08,-1.4958819E-01
-6.476606E-08,-1.4953548E-01
-6.471606E-08,-1.4953548E-01
-6.466606E-08,-1.4948277E-01
-6.461606E-08,-1.4943006E-01
-6.456606E-08,-1.4937735E-01
-6.451606E-08,-1.4932464E-01
-6.446606E-08,-1.4921923E-01
-6.441606E-08,-1.4916652E-01
-6.436606E-08,-1.4911381E-01
-6.431606E-08,-1.4900839E-01
-6.426606E-08,-1.4895568E-01
-6.421606E-08,-1.4890297E-01
-6.416606E-08,-1.4885026E-01
-6.411606E-08,-1.4879755E-01
-6.406606E-08,-1.4874485E-01
-6.401606E-08,-1.4869214E-01
-6.396606E-08,-1.4869214E-01
-6.391606E-08,-1.4863943E-01
-6.386606E-08,-1.4863943E-01
-6.381606E-08,-1.4863943E-01
-6.376606E-08,-1.4863943E-01
-6.371606E-08,-1.4863943E-01
-6.366606E-08,-1.4863943E-01
-6.361606E-08,-1.4863943E-01
-6.356606E-08,-1.4869214E-01
-6.351606E-08,-1.4874485E-01
-6.346606E-08,-1.4874485E-01
-6.341606E-08,-1.4879755E-01
-6.336606E-08,-1.4885026E-01
-6.331606E-08,-1.4890297E-01
-6.326606E-08,-1.4895568E-01
-6.321606E-08,-1.4906110E-01
-6.316606E-08,-1.4911381E-01
-6.311606E-08,-1.4916652E-01
-6.306606E-08,-1.4921923E-01
-6.301606E-08,-1.4927194E-01
-6.296606E-08,-1.4932464E-01
-6.291606E-08,-1.4937735E-01
-6.286606E-08,-1.4943006E-01
-6.281606E-08,-1.4943006E-01
-6.276606E-08,-1.4948277E-01
-6.271606E-08,-1.4953548E-01
-6.266606E-08,-1.4953548E-01
-6.261606E-08,-1.4953548E-01
-6.256606E-08,-1.4958819E-01
-6.251606E-08,-1.4958819E-01
-6.246606E-08,-1.4958819E-01
-6.241606E-08,-1.4958819E-01
-6.236606E-08,-1.4953548E-01
-6.231606E-08,-1.4953548E-01
-6.226606E-08,-1.4953548E-01
-6.221606E-08,-1.4953548E-01
-6.216606E-08,-1.4948277E-01
-6.211606E-08,-1.4948277E-01
-6.206606E-08,-1.4948277E-01
-6.201606E-08,-1.4943006E-01
-6.196606E-08,-1.4943006E-01
-6.191606E-08,-1.4937735E-01
-6.186606E-08,-1.4937735E-01
-6.181606E-08,-1.4937735E-01
-6.176606E-08,-1.4937735E-01
-6.171606E-08,-1.4937735E-01
-6.166606E-08,-1.4932464E-01
-6.161606E-08,-1.4932464E-01
-6.156606E-08,-1.4932464E-01
-6.151606E-08,-1.4937735E-01
-6.146606E-08,-1.4937735E-01
-6.141606E-08,-1.4937735E-01
-6.136606E-08,-1.4937735E-01
-6.131606E-08,-1.4937735E-01
-6.126606E-08,-1.4943006E-01
-6.121606E-08,-1.4943006E-01
-6.116606E-08,-1.4943006E-01
-6.111606E-08,-1.4948277E-01
-6.106606E-08,-1.4948277E-01
-6.101606E-08,-1.4953548E-01
-6.096606E-08,-1.4953548E-01
-6.091606E-08,-1.4953548E-01
-6.086606E-08,-1.4953548E-01
-6.081606E-08,-1.4958819E-01
-6.076606E-08,-1.4958819E-01
-6.071606E-08,-1.4958819E-01
-6.066606E-08,-1.4958819E-01
-6.061606E-08,-1.4958819E-01
-6.056606E-08,-1.4958819E-01
-6.051606E-08,-1.4958819E-01
-6.046606E-08,-1.4958819E-01
-6.041606E-08,-1.4953548E-01
-6.036606E-08,-1.4953548E-01
-6.031606E-08,-1.4953548E-01
-6.026606E-08,-1.4948277E-01
-6.021606E-08,-1.4948277E-01
-6.016606E-08,-1.4948277E-01
-6.011606E-08,-1.4943006E-01
-6.006606E-08,-1.4937735E-01
-6.001606E-08,-1.4937735E-01
-5.996606E-08,-1.4932464E-01
-5.991606E-08,-1.4932464E-01
-5.986606E-08,-1.4927194E-01
-5.981606E-08,-1.4921923E-01
-5.976606E-08,-1.4921923E-01
-5.971606E-08,-1.4916652E-01
-5.966606E-08,-1.4916652E-01
-5.961606E-08,-1.4911381E-01
-5.956606E-08,-1.4906110E-01
-5.951606E-08,-1.4906110E-01
-5.946606E-08,-1.4900839E-01
-5.941606E-08,-1.4900839E-01
-5.936606E-08,-1.4895568E-01
-5.931606E-08,-1.4895568E-01
-5.926606E-08,-1.4895568E-01
-5.921606E-08,-1.4890297E-01
-5.916606E-08,-1.4890297E-01
-5.911606E-08,-1.4890297E-01
-5.906606E-08,-1.4885026E-01
-5.901606E-08,-1.4885026E-01
-5.896606E-08,-1.4885026E-01
-5.891606E-08,-1.4885026E-01
-5.886606E-08,-1.4879755E-01
-5.881606E-08,-1.4879755E-01
-5.876606E-08,-1.4879755E-01
-5.871606E-08,-1.4879755E-01
-5.866606E-08,-1.4879755E-01
-5.861606E-08,-1.4879755E-01
-5.856606E-08,-1.4879755E-01
-5.851606E-08,-1.4879755E-01
-5.846606E-08,-1.4879755E-01
-5.841606E-08,-1.4879755E-01
-5.836606E-08,-1.4879755E-01
-5.831606E-08,-1.4879755E-01
-5.826606E-08,-1.4879755E-01
-5.821606E-08,-1.4885026E-01
-5.816606E-08,-1.4885026E-01
-5.811606E-08,-1.4885026E-01
-5.806606E-08,-1.4885026E-01
-5.801606E-08,-1.4890297E-01
-5.796606E-08,-1.4890297E-01
-5.791606E-08,-1.4890297E-01
-5.786606E-08,-1.4895568E-01
-5.781606E-08,-1.4895568E-01
-5.776606E-08,-1.4895568E-01
-5.771606E-08,-1.4900839E-01
-5.766606E-08,-1.4900839E-01
-5.761606E-08,-1.4900839E-01
-5.756606E-08,-1.4906110E-01
-5.751606E-08,-1.4906110E-01
-5.746606E-08,-1.4906110E-01
-5.741606E-08,-1.4906110E-01
-5.736606E-08,-1.4906110E-01
-5.731606E-08,-1.4911381E-01
-5.726606E-08,-1.4911381E-01
-5.721606E-08,-1.4911381E-01
-5.716606E-08,-1.4911381E-01
-5.711606E-08,-1.4911381E-01
-5.706606E-08,-1.4911381E-01
-5.701606E-08,-1.4911381E-01
-5.696606E-08,-1.4906110E-01
-5.691606E-08,-1.4906110E-01
-5.686606E-08,-1.4906110E-01
-5.681606E-08,-1.4906110E-01
-5.676606E-08,-1.4906110E-01
-5.671606E-08,-1.4906110E-01
-5.666606E-08,-1.4906110E-01
-5.661606E-08,-1.4906110E-01
-5.656606E-08,-1.4900839E-01
-5.651606E-08,-1.4900839E-01
-5.646606E-08,-1.4900839E-01
-5.641606E-08,-1.4900839E-01
-5.636606E-08,-1.4900839E-01
-5.631606E-08,-1.4906110E-01
-5.626606E-08,-1.4906110E-01
-5.621606E-08,-1.4906110E-01
-5.616606E-08,-1.4906110E-01
-5.611606E-08,-1.4911381E-01
-5.606606E-08,-1.4911381E-01
-5.601606E-08,-1.4911381E-01
-5.596606E-08,-1.4916652E-01
-5.591606E-08,-1.4916652E-01
-5.586606E-08,-1.4921923E-01
-5.581606E-08,-1.4927194E-01
-5.576606E-08,-1.4927194E-01
-5.571606E-08,-1.4932464E-01
-5.566606E-08,-1.4937735E-01
-5.561606E-08,-1.4943006E-01
-5.556606E-08,-1.4943006E-01
-5.551606E-08,-1.4948277E-01
-5.546606E-08,-1.4953548E-01
-5.541606E-08,-1.4953548E-01
-5.536606E-08,-1.4958819E-01
-5.531606E-08,-1.4958819E-01
-5.526606E-08,-1.4964090E-01
-5.521606E-08,-1.4964090E-01
-5.516606E-08,-1.4969361E-01
-5.511606E-08,-1.4969361E-01
-5.506606E-08,-1.4969361E-01
-5.501606E-08,-1.4974632E-01
-5.496606E-08,-1.4974632E-01
-5.491606E-08,-1.4974632E-01
-5.486606E-08,-1.4974632E-01
-5.481606E-08,-1.4974632E-01
-5.476606E-08,-1.4974632E-01
-5.471606E-08,-1.4969361E-01
-5.466606E-08,-1.4969361E-01
-5.461606E-08,-1.4969361E-01
-5.456606E-08,-1.4969361E-01
-5.451606E-08,-1.4969361E-01
-5.446606E-08,-1.4964090E-01
-5.441606E-08,-1.4964090E-01
-5.436606E-08,-1.4964090E-01
-5.431606E-08,-1.4958819E-01
-5.426606E-08,-1.4958819E-01
-5.421606E-08,-1.4958819E-01
-5.416606E-08,-1.4958819E-01
-5.411606E-08,-1.4953548E-01
-5.406606E-08,-1.4953548E-01
-5.401606E-08,-1.4953548E-01
-5.396606E-08,-1.4953548E-01
-5.391606E-08,-1.4953548E-01
-5.386606E-08,-1.4953548E-01
-5.381606E-08,-1.4953548E-01
-5.376606E-08,-1.4953548E-01
-5.371606E-08,-1.4953548E-01
-5.366606E-08,-1.4953548E-01
-5.361606E-08,-1.4953548E-01
-5.356606E-08,-1.4953548E-01
-5.351606E-08,-1.4953548E-01
-5.346606E-08,-1.4953548E-01
-5.341606E-08,-1.4958819E-01
-5.336606E-08,-1.4958819E-01
-5.331606E-08,-1.4958819E-01
-5.326606E-08,-1.4958819E-01
-5.321606E-08,-1.4958819E-01
-5.316606E-08,-1.4958819E-01
-5.311606E-08,-1.4958819E-01
-5.306606E-08,-1.4958819E-01
-5.301606E-08,-1.4958819E-01
-5.296606E-08,-1.4958819E-01
-5.291606E-08,-1.4953548E-01
-5.286606E-08,-1.4953548E-01
-5.281606E-08,-1.4953548E-01
-5.276606E-08,-1.4953548E-01
-5.271606E-08,-1.4953548E-01
-5.266606E-08,-1.4953548E-01
-5.261606E-08,-1.4953548E-01
-5.256606E-08,-1.4953548E-01
-5.251606E-08,-1.4948277E-01
-5.246606E-08,-1.4948277E-01
-5.241606E-08,-1.4948277E-01
-5.236606E-08,-1.4948277E-01
-5.231606E-08,-1.4948277E-01
-5.226606E-08,-1.4948277E-01
-5.221606E-08,-1.4953548E-01
-5.216606E-08,-1.4953548E-01
-5.211606E-08,-1.4953548E-01
-5.206606E-08,-1.4953548E-01
-5.201606E-08,-1.4953548E-01
-5.196606E-08,-1.4958819E-01
-5.191606E-08,-1.4958819E-01
-5.186606E-08,-1.4958819E-01
-5.181606E-08,-1.4958819E-01
-5.176606E-08,-1.4964090E-01
-5.171606E-08,-1.4964090E-01
-5.166606E-08,-1.4964090E-01
-5.161606E-08,-1.4964090E-01
-5.156606E-08,-1.4964090E-01
-5.151606E-08,-1.4969361E-01
-5.146606E-08,-1.4969361E-01
-5.141606E-08,-1.4969361E-01
-5.136606E-08,-1.4964090E-01
-5.131606E-08,-1.4964090E-01
-5.126606E-08,-1.4964090E-01
-5.121606E-08,-1.4964090E-01
-5.116606E-08,-1.4958819E-01
-5.111606E-08,-1.4958819E-01
-5.106606E-08,-1.4953548E-01
-5.101606E-08,-1.4953548E-01
-5.096606E-08,-1.4948277E-01
-5.091606E-08,-1.4943006E-01
-5.086606E-08,-1.4943006E-01
-5.081606E-08,-1.4937735E-01
-5.076606E-08,-1.4932464E-01
-5.071606E-08,-1.4927194E-01
-5.066606E-08,-1.4927194E-01
-5.061606E-08,-1.4921923E-01
-5.056606E-08,-1.4916652E-01
-5.051606E-08,-1.4916652E-01
-5.046606E-08,-1.4911381E-01
-5.041606E-08,-1.4911381E-01
-5.036606E-08,-1.4906110E-01
-5.031606E-08,-1.4906110E-01
-5.026606E-08,-1.4906110E-01
-5.021606E-08,-1.4906110E-01
-5.016606E-08,-1.4906110E-01
-5.011606E-08,-1.4906110E-01
-5.006606E-08,-1.4911381E-01
-5.001606E-08,-1.4911381E-01
-4.996606E-08,-1.4916652E-01
-4.991606E-08,-1.4916652E-01
-4.986606E-08,-1.4921923E-01
-4.981606E-08,-1.4927194E-01
-4.976606E-08,-1.4932464E-01
-4.971606E-08,-1.4937735E-01
-4.966606E-08,-1.4937735E-01
-4.961606E-08,-1.4943006E-01
-4.956606E-08,-1.4948277E-01
-4.951606E-08,-1.4953548E-01
-4.946606E-08,-1.4958819E-01
-4.941606E-08,-1.4964090E-01
-4.936606E-08,-1.4964090E-01
-4.931606E-08,-1.4969361E-01
-4.926606E-08,-1.4969361E-01
-4.921606E-08,-1.4974632E-01
-4.916606E-08,-1.4974632E-01
-4.911606E-08,-1.4974632E-01
-4.906606E-08,-1.4974632E-01
-4.901606E-08,-1.4974632E-01
-4.896606E-08,-1.4969361E-01
-4.891606E-08,-1.4969361E-01
-4.886606E-08,-1.4964090E-01
-4.881606E-08,-1.4964090E-01
-4.876606E-08,-1.4958819E-01
-4.871606E-08,-1.4953548E-01
-4.866606E-08,-1.4948277E-01
-4.861606E-08,-1.4943006E-01
-4.856606E-08,-1.4937735E-01
-4.851606E-08,-1.4932464E-01
-4.846606E-08,-1.4921923E-01
-4.841606E-08,-1.4916652E-01
-4.836606E-08,-1.4911381E-01
-4.831606E-08,-1.4906110E-01
-4.826606E-08,-1.4900839E-01
-4.821606E-08,-1.4900839E-01
-4.816606E-08,-1.4895568E-01
-4.811606E-08,-1.4890297E-01
-4.806606E-08,-1.4890297E-01
-4.801606E-08,-1.4890297E-01
-4.796606E-08,-1.4885026E-01
-4.791606E-08,-1.4885026E-01
-4.786606E-08,-1.4885026E-01
-4.781606E-08,-1.4890297E-01
-4.776606E-08,-1.4890297E-01
-4.771606E-08,-1.4895568E-01
-4.766606E-08,-1.4895568E-01
-4.761606E-08,-1.4900839E-01
-4.756606E-08,-1.4906110E-01
-4.751606E-08,-1.4911381E-01
-4.746606E-08,-1.4916652E-01
-4.741606E-08,-1.4921923E-01
-4.736606E-08,-1.4927194E-01
-4.731606E-08,-1.4932464E-01
-4.726606E-08,-1.4937735E-01
-4.721606E-08,-1.4943006E-01
-4.716606E-08,-1.4948277E-01
-4.711606E-08,-1.4953548E-01
-4.706606E-08,-1.4958819E-01
-4.701606E-08,-1.4964090E-01
-4.696606E-08,-1.4969361E-01
-4.691606E-08,-1.4974632E-01
-4.686606E-08,-1.4974632E-01
-4.681606E-08,-1.4979903E-01
-4.676606E-08,-1.4979903E-01
-4.671606E-08,-1.4979903E-01
-4.666606E-08,-1.4985173E-01
-4.661606E-08,-1.4985173E-01
-4.656606E-08,-1.4985173E-01
-4.651606E-08,-1.4985173E-01
-4.646606E-08,-1.4979903E-01
-4.641606E-08,-1.4979903E-01
-4.636606E-08,-1.4979903E-01
-4.631606E-08,-1.4979903E-01
-4.626606E-08,-1.4974632E-01
-4.621606E-08,-1.4974632E-01
-4.616606E-08,-1.4974632E-01
-4.611606E-08,-1.4969361E-01
-4.606606E-08,-1.4969361E-01
-4.601606E-08,-1.4969361E-01
-4.596606E-08,-1.4969361E-01
-4.591606E-08,-1.4969361E-01
-4.586606E-08,-1.4964090E-01
-4.581606E-08,-1.4964090E-01
-4.576606E-08,-1.4969361E-01
-4.571606E-08,-1.4969361E-01
-4.566606E-08,-1.4969361E-01
-4.561606E-08,-1.4969361E-01
-4.556606E-08,-1.4974632E-01
-4.551606E-08,-1.4974632E-01
-4.546606E-08,-1.4974632E-01
-4.541606E-08,-1.4979903E-01
-4.536606E-08,-1.4979903E-01
-4.531606E-08,-1.4985173E-01
-4.526606E-08,-1.4990444E-01
-4.521606E-08,-1.4990444E-01
-4.516606E-08,-1.4995715E-01
-4.511606E-08,-1.4995715E-01
-4.506606E-08,-1.5000986E-01
-4.501606E-08,-1.5000986E-01
-4.496606E-08,-1.5000986E-01
-4.491606E-08,-1.5006257E-01
-4.486606E-08,-1.5006257E-01
-4.481606E-08,-1.5006257E-01
-4.476606E-08,-1.5006257E-01
-4.471606E-08,-1.5006257E-01
-4.466606E-08,-1.5006257E-01
-4.461606E-08,-1.5006257E-01
-4.456606E-08,-1.5006257E-01
-4.451606E-08,-1.5000986E-01
-4.446606E-08,-1.5000986E-01
-4.441606E-08,-1.4995715E-01
-4.436606E-08,-1.4995715E-01
-4.431606E-08,-1.4990444E-01
-4.426606E-08,-1.4990444E-01
-4.421606E-08,-1.4985173E-01
-4.416606E-08,-1.4979903E-01
-4.411606E-08,-1.4979903E-01
-4.406606E-08,-1.4974632E-01
-4.401606E-08,-1.4969361E-01
-4.396606E-08,-1.4964090E-01
-4.391606E-08,-1.4964090E-01
-4.386606E-08,-1.4958819E-01
-4.381606E-08,-1.4953548E-01
-4.376606E-08,-1.4953548E-01
-4.371606E-08,-1.4948277E-01
-4.366606E-08,-1.4948277E-01
-4.361606E-08,-1.4943006E-01
-4.356606E-08,-1.4943006E-01
-4.351606E-08,-1.4943006E-01
-4.346606E-08,-1.4943006E-01
-4.341606E-08,-1.4943006E-01
-4.336606E-08,-1.4943006E-01
-4.331606E-08,-1.4943006E-01
-4.326606E-08,-1.4943006E-01
-4.321606E-08,-1.4943006E-01
-4.316606E-08,-1.4943006E-01
-4.311606E-08,-1.4948277E-01
-4.306606E-08,-1.4948277E-01
-4.301606E-08,-1.4953548E-01
-4.296606E-08,-1.4953548E-01
-4.291606E-08,-1.4958819E-01
-4.286606E-08,-1.4958819E-01
-4.281606E-08,-1.4964090E-01
-4.276606E-08,-1.4969361E-01
-4.271606E-08,-1.4969361E-01
-4.266606E-08,-1.4974632E-01
-4.261606E-08,-1.4979903E-01
-4.256606E-08,-1.4979903E-01
-4.251606E-08,-1.4985173E-01
-4.246606E-08,-1.4990444E-01
-4.241606E-08,-1.4995715E-01
-4.236606E-08,-1.4995715E-01
-4.231606E-08,-1.5000986E-01
-4.226606E-08,-1.5006257E-01
-4.221606E-08,-1.5006257E-01
-4.216606E-08,-1.5011528E-01
-4.211606E-08,-1.5011528E-01
-4.206606E-08,-1.5016799E-01
-4.201606E-08,-1.5022070E-01
-4.196606E-08,-1.5022070E-01
-4.191606E-08,-1.5022070E-01
-4.186606E-08,-1.5027341E-01
-4.181606E-08,-1.5027341E-01
-4.176606E-08,-1.5027341E-01
-4.171606E-08,-1.5027341E-01
-4.166606E-08,-1.5027341E-01
-4.161606E-08,-1.5032612E-01
-4.156606E-08,-1.5032612E-01
-4.151606E-08,-1.5027341E-01
-4.146606E-08,-1.5027341E-01
-4.141606E-08,-1.5027341E-01
-4.136606E-08,-1.5027341E-01
-4.131606E-08,-1.5027341E-01
-4.126606E-08,-1.5022070E-01
-4.121606E-08,-1.5022070E-01
-4.116606E-08,-1.5016799E-01
-4.111606E-08,-1.5016799E-01
-4.106606E-08,-1.5011528E-01
-4.101606E-08,-1.5011528E-01
-4.096606E-08,-1.5006257E-01
-4.091606E-08,-1.5000986E-01
-4.086606E-08,-1.5000986E-01
-4.081606E-08,-1.4995715E-01
-4.076606E-08,-1.4990444E-01
-4.071606E-08,-1.4990444E-01
-4.066606E-08,-1.4985173E-01
-4.061606E-08,-1.4979903E-01
-4.056606E-08,-1.4974632E-01
-4.051606E-08,-1.4974632E-01
-4.046606E-08,-1.4969361E-01
-4.041606E-08,-1.4969361E-01
-4.036606E-08,-1.4964090E-01
-4.031606E-08,-1.4964090E-01
-4.026606E-08,-1.4958819E-01
-4.021606E-08,-1.4958819E-01
-4.016606E-08,-1.4958819E-01
-4.011606E-08,-1.4953548E-01
-4.006606E-08,-1.4953548E-01
-4.001606E-08,-1.4953548E-01
-3.996606E-08,-1.4953548E-01
-3.991606E-08,-1.4953548E-01
-3.986606E-08,-1.4953548E-01
-3.981606E-08,-1.4953548E-01
-3.976606E-08,-1.4953548E-01
-3.971606E-08,-1.4953548E-01
-3.966606E-08,-1.4953548E-01
-3.961606E-08,-1.4953548E-01
-3.956606E-08,-1.4953548E-01
-3.951606E-08,-1.4958819E-01
-3.946606E-08,-1.4958819E-01
-3.941606E-08,-1.4958819E-01
-3.936606E-08,-1.4958819E-01
-3.931606E-08,-1.4958819E-01
-3.926606E-08,-1.4958819E-01
-3.921606E-08,-1.4953548E-01
-3.916606E-08,-1.4953548E-01
-3.911606E-08,-1.4953548E-01
-3.906606E-08,-1.4953548E-01
-3.901606E-08,-1.4948277E-01
-3.896606E-08,-1.4948277E-01
-3.891606E-08,-1.4943006E-01
-3.886606E-08,-1.4943006E-01
-3.881606E-08,-1.4937735E-01
-3.876606E-08,-1.4937735E-01
-3.871606E-08,-1.4932464E-01
-3.866606E-08,-1.4927194E-01
-3.861606E-08,-1.4927194E-01
-3.856606E-08,-1.4921923E-01
-3.851606E-08,-1.4916652E-01
-3.846606E-08,-1.4916652E-01
-3.841606E-08,-1.4911381E-01
-3.836606E-08,-1.4911381E-01
-3.831606E-08,-1.4906110E-01
-3.826606E-08,-1.4900839E-01
-3.821606E-08,-1.4900839E-01
-3.816606E-08,-1.4900839E-01
-3.811606E-08,-1.4895568E-01
-3.806606E-08,-1.4895568E-01
-3.801606E-08,-1.4895568E-01
-3.796606E-08,-1.4895568E-01
-3.791606E-08,-1.4890297E-01
-3.786606E-08,-1.4890297E-01
-3.781606E-08,-1.4890297E-01
-3.776606E-08,-1.4890297E-01
-3.771606E-08,-1.4895568E-01
-3.766606E-08,-1.4895568E-01
-3.761606E-08,-1.4895568E-01
-3.756606E-08,-1.4895568E-01
-3.751606E-08,-1.4895568E-01
-3.746606E-08,-1.4900839E-01
-3.741606E-08,-1.4900839E-01
-3.736606E-08,-1.4900839E-01
-3.731606E-08,-1.4906110E-01
-3.726606E-08,-1.4906110E-01
-3.721606E-08,-1.4906110E-01
-3.716606E-08,-1.4911381E-01
-3.711606E-08,-1.4911381E-01
-3.706606E-08,-1.4911381E-01
-3.701606E-08,-1.4916652E-01
-3.696606E-08,-1.4916652E-01
-3.691606E-08,-1.4916652E-01
-3.686606E-08,-1.4916652E-01
-3.681606E-08,-1.4916652E-01
-3.676606E-08,-1.4916652E-01
-3.671606E-08,-1.4916652E-01
-3.666606E-08,-1.4916652E-01
-3.661606E-08,-1.4916652E-01
-3.656606E-08,-1.4916652E-01
-3.651606E-08,-1.4916652E-01
-3.646606E-08,-1.4916652E-01
-3.641606E-08,-1.4911381E-01
-3.636606E-08,-1.4911381E-01
-3.631606E-08,-1.4911381E-01
-3.626606E-08,-1.4911381E-01
-3.621606E-08,-1.4911381E-01
-3.616606E-08,-1.4911381E-01
-3.611606E-08,-1.4911381E-01
-3.606606E-08,-1.4906110E-01
-3.601606E-08,-1.4906110E-01
-3.596606E-08,-1.4906110E-01
-3.591606E-08,-1.4906110E-01
-3.586606E-08,-1.4906110E-01
-3.581606E-08,-1.4906110E-01
-3.576606E-08,-1.4906110E-01
-3.571606E-08,-1.4906110E-01
-3.566606E-08,-1.4906110E-01
-3.561606E-08,-1.4911381E-01
-3.556606E-08,-1.4911381E-01
-3.551606E-08,-1.4911381E-01
-3.546606E-08,-1.4911381E-01
-3.541606E-08,-1.4911381E-01
-3.536606E-08,-1.4911381E-01
-3.531606E-08,-1.4911381E-01
-3.526606E-08,-1.4916652E-01
-3.521606E-08,-1.4916652E-01
-3.516606E-08,-1.4916652E-01
-3.511606E-08,-1.4916652E-01
-3.506606E-08,-1.4916652E-01
-3.501606E-08,-1.4921923E-01
-3.496606E-08,-1.4921923E-01
-3.491606E-08,-1.4921923E-01
-3.486606E-08,-1.4921923E-01
-3.481606E-08,-1.4921923E-01
-3.476606E-08,-1.4921923E-01
-3.471606E-08,-1.4927194E-01
-3.466606E-08,-1.4927194E-01
-3.461606E-08,-1.4927194E-01
-3.456606E-08,-1.4927194E-01
-3.451606E-08,-1.4932464E-01
-3.446606E-08,-1.4932464E-01
-3.441606E-08,-1.4932464E-01
-3.436606E-08,-1.4937735E-01
-3.431606E-08,-1.4937735E-01
-3.426606E-08,-1.4943006E-01
-3.421606E-08,-1.4943006E-01
-3.416606E-08,-1.4948277E-01
-3.411606E-08,-1.4948277E-01
-3.406606E-08,-1.4953548E-01
-3.401606E-08,-1.4958819E-01
-3.396606E-08,-1.4958819E-01
-3.391606E-08,-1.4964090E-01
-3.386606E-08,-1.4969361E-01
-3.381606E-08,-1.4974632E-01
-3.376606E-08,-1.4974632E-01
-3.371606E-08,-1.4979903E-01
-3.366606E-08,-1.4985173E-01
-3.361606E-08,-1.4990444E-01
-3.356606E-08,-1.4995715E-01
-3.351606E-08,-1.4995715E-01
-3.346606E-08,-1.5000986E-01
-3.341606E-08,-1.5006257E-01
-3.336606E-08,-1.5006257E-01
-3.331606E-08,-1.5011528E-01
-3.326606E-08,-1.5011528E-01
-3.321606E-08,-1.5011528E-01
-3.316606E-08,-1.5016799E-01
-3.311606E-08,-1.5016799E-01
-3.306606E-08,-1.5016799E-01
-3.301606E-08,-1.5016799E-01
-3.296606E-08,-1.5016799E-01
-3.291606E-08,-1.5016799E-01
-3.286606E-08,-1.5016799E-01
-3.281606E-08,-1.5016799E-01
-3.276606E-08,-1.5011528E-01
-3.271606E-08,-1.5011528E-01
-3.266606E-08,-1.5011528E-01
-3.261606E-08,-1.5006257E-01
-3.256606E-08,-1.5006257E-01
-3.251606E-08,-1.5000986E-01
-3.246606E-08,-1.5000986E-01
-3.241606E-08,-1.5000986E-01
-3.236606E-08,-1.4995715E-01
-3.231606E-08,-1.4995715E-01
-3.226606E-08,-1.4990444E-01
-3.221606E-08,-1.4990444E-01
-3.216606E-08,-1.4990444E-01
-3.211606E-08,-1.4990444E-01
-3.206606E-08,-1.4990444E-01
-3.201606E-08,-1.4985173E-01
-3.196606E-08,-1.4990444E-01
-3.191606E-08,-1.4990444E-01
-3.186606E-08,-1.4990444E-01
-3.181606E-08,-1.4990444E-01
-3.176606E-08,-1.4995715E-01
-3.171606E-08,-1.4995715E-01
-3.166606E-08,-1.5000986E-01
-3.161606E-08,-1.5000986E-01
-3.156606E-08,-1.5006257E-01
-3.151606E-08,-1.5011528E-01
-3.146606E-08,-1.5016799E-01
-3.141606E-08,-1.5016799E-01
-3.136606E-08,-1.5022070E-01
-3.131606E-08,-1.5027341E-01
-3.126606E-08,-1.5032612E-01
-3.121606E-08,-1.5037883E-01
-3.116606E-08,-1.5043153E-01
-3.111606E-08,-1.5048424E-01
-3.106606E-08,-1.5048424E-01
-3.101606E-08,-1.5053695E-01
-3.096606E-08,-1.5058966E-01
-3.091606E-08,-1.5058966E-01
-3.086606E-08,-1.5064237E-01
-3.081606E-08,-1.5064237E-01
-3.076606E-08,-1.5064237E-01
-3.071606E-08,-1.5064237E-01
-3.066606E-08,-1.5064237E-01
-3.061606E-08,-1.5064237E-01
-3.056606E-08,-1.5064237E-01
-3.051606E-08,-1.5064237E-01
-3.046606E-08,-1.5058966E-01
-3.041606E-08,-1.5058966E-01
-3.036606E-08,-1.5053695E-01
-3.031606E-08,-1.5048424E-01
-3.026606E-08,-1.5043153E-01
-3.021606E-08,-1.5037883E-01
-3.016606E-08,-1.5032612E-01
-3.011606E-08,-1.5027341E-01
-3.006606E-08,-1.5016799E-01
-3.001606E-08,-1.5011528E-01
-2.996606E-08,-1.5006257E-01
-2.991606E-08,-1.4995715E-01
-2.986606E-08,-1.4990444E-01
-2.981606E-08,-1.4985173E-01
-2.976606E-08,-1.4974632E-01
-2.971606E-08,-1.4969361E-01
-2.966606E-08,-1.4964090E-01
-2.961606E-08,-1.4953548E-01
-2.956606E-08,-1.4948277E-01
-2.951606E-08,-1.4943006E-01
-2.946606E-08,-1.4937735E-01
-2.941606E-08,-1.4932464E-01
-2.936606E-08,-1.4927194E-01
-2.931606E-08,-1.4921923E-01
-2.926606E-08,-1.4921923E-01
-2.921606E-08,-1.4916652E-01
-2.916606E-08,-1.4916652E-01
-2.911606E-08,-1.4916652E-01
-2.906606E-08,-1.4911381E-01
-2.901606E-08,-1.4911381E-01
-2.896606E-08,-1.4911381E-01
-2.891606E-08,-1.4911381E-01
-2.886606E-08,-1.4916652E-01
-2.881606E-08,-1.4916652E-01
-2.876606E-08,-1.4916652E-01
-2.871606E-08,-1.4921923E-01
-2.866606E-08,-1.4921923E-01
-2.861606E-08,-1.4927194E-01
-2.856606E-08,-1.4927194E-01
-2.851606E-08,-1.4932464E-01
-2.846606E-08,-1.4937735E-01
-2.841606E-08,-1.4943006E-01
-2.836606E-08,-1.4943006E-01
-2.831606E-08,-1.4948277E-01
-2.826606E-08,-1.4953548E-01
-2.821606E-08,-1.4958819E-01
-2.816606E-08,-1.4958819E-01
-2.811606E-08,-1.4964090E-01
-2.806606E-08,-1.4964090E-01
-2.801606E-08,-1.4969361E-01
-2.796606E-08,-1.4969361E-01
-2.791606E-08,-1.4974632E-01
-2.786606E-08,-1.4974632E-01
-2.781606E-08,-1.4979903E-01
-2.776606E-08,-1.4979903E-01
-2.771606E-08,-1.4979903E-01
-2.766606E-08,-1.4979903E-01
-2.761606E-08,-1.4979903E-01
-2.756606E-08,-1.4979903E-01
-2.751606E-08,-1.4979903E-01
-2.746606E-08,-1.4979903E-01
-2.741606E-08,-1.4979903E-01
-2.736606E-08,-1.4979903E-01
-2.731606E-08,-1.4979903E-01
-2.726606E-08,-1.4979903E-01
-2.721606E-08,-1.4979903E-01
-2.716606E-08,-1.4979903E-01
-2.711606E-08,-1.4979903E-01
-2.706606E-08,-1.4979903E-01
-2.701606E-08,-1.4979903E-01
-2.696606E-08,-1.4979903E-01
-2.691606E-08,-1.4985173E-01
-2.686606E-08,-1.4985173E-01
-2.681606E-08,-1.4985173E-01
-2.676606E-08,-1.4985173E-01
-2.671606E-08,-1.4990444E-01
-2.666606E-08,-1.4990444E-01
-2.661606E-08,-1.4990444E-01
-2.656606E-08,-1.4995715E-01
-2.651606E-08,-1.4995715E-01
-2.646606E-08,-1.5000986E-01
-2.641606E-08,-1.5000986E-01
-2.636606E-08,-1.5006257E-01
-2.631606E-08,-1.5011528E-01
-2.626606E-08,-1.5011528E-01
-2.621606E-08,-1.5016799E-01
-2.616606E-08,-1.5016799E-01
-2.611606E-08,-1.5022070E-01
-2.606606E-08,-1.5022070E-01
-2.601606E-08,-1.5022070E-01
-2.596606E-08,-1.5027341E-01
-2.591606E-08,-1.5027341E-01
-2.586606E-08,-1.5027341E-01
-2.581606E-08,-1.5032612E-01
-2.576606E-08,-1.5032612E-01
-2.571606E-08,-1.5032612E-01
-2.566606E-08,-1.5032612E-01
-2.561606E-08,-1.5032612E-01
-2.556606E-08,-1.5032612E-01
-2.551606E-08,-1.5032612E-01
-2.546606E-08,-1.5027341E-01
-2.541606E-08,-1.5027341E-01
-2.536606E-08,-1.5027341E-01
-2.531606E-08,-1.5022070E-01
-2.526606E-08,-1.5022070E-01
-2.521606E-08,-1.5022070E-01
-2.516606E-08,-1.5016799E-01
-2.511606E-08,-1.5016799E-01
-2.506606E-08,-1.5016799E-01
-2.501606E-08,-1.5016799E-01
-2.496606E-08,-1.5011528E-01
-2.491606E-08,-1.5011528E-01
-2.486606E-08,-1.5011528E-01
-2.481606E-08,-1.5011528E-01
-2.476606E-08,-1.5011528E-01
-2.471606E-08,-1.5011528E-01
-2.466606E-08,-1.5011528E-01
-2.461606E-08,-1.5011528E-01
-2.456606E-08,-1.5011528E-01
-2.451606E-08,-1.5011528E-01
-2.446606E-08,-1.5016799E-01
-2.441606E-08,-1.5016799E-01
-2.436606E-08,-1.5016799E-01
-2.431606E-08,-1.5022070E-01
-2.426606E-08,-1.5022070E-01
-2.421606E-08,-1.5022070E-01
-2.416606E-08,-1.5027341E-01
-2.411606E-08,-1.5027341E-01
-2.406606E-08,-1.5027341E-01
-2.401606E-08,-1.5032612E-01
-2.396606E-08,-1.5032612E-01
-2.391606E-08,-1.5032612E-01
-2.386606E-08,-1.5032612E-01
-2.381606E-08,-1.5032612E-01
-2.376606E-08,-1.5032612E-01
-2.371606E-08,-1.5032612E-01
-2.366606E-08,-1.5032612E-01
-2.361606E-08,-1.5032612E-01
-2.356606E-08,-1.5027341E-01
-2.351606E-08,-1.5027341E-01
-2.346606E-08,-1.5027341E-01
-2.341606E-08,-1.5022070E-01
-2.336606E-08,-1.5022070E-01
-2.331606E-08,-1.5016799E-01
-2.326606E-08,-1.5011528E-01
-2.321606E-08,-1.5011528E-01
-2.316606E-08,-1.5006257E-01
-2.311606E-08,-1.5000986E-01
-2.306606E-08,-1.5000986E-01
-2.301606E-08,-1.4995715E-01
-2.296606E-08,-1.4990444E-01
-2.291606E-08,-1.4990444E-01
-2.286606E-08,-1.4985173E-01
-2.281606E-08,-1.4985173E-01
-2.276606E-08,-1.4985173E-01
-2.271606E-08,-1.4979903E-01
-2.266606E-08,-1.4979903E-01
-2.261606E-08,-1.4979903E-01
-2.256606E-08,-1.4979903E-01
-2.251606E-08,-1.4979903E-01
-2.246606E-08,-1.4979903E-01
-2.241606E-08,-1.4979903E-01
-2.236606E-08,-1.4985173E-01
-2.231606E-08,-1.4985173E-01
-2.226606E-08,-1.4990444E-01
-2.221606E-08,-1.4990444E-01
-2.216606E-08,-1.4995715E-01
-2.211606E-08,-1.5000986E-01
-2.206606E-08,-1.5000986E-01
-2.201606E-08,-1.5006257E-01
-2.196606E-08,-1.5011528E-01
-2.191606E-08,-1.5016799E-01
-2.186606E-08,-1.5022070E-01
-2.181606E-08,-1.5022070E-01
-2.176606E-08,-1.5027341E-01
-2.171606E-08,-1.5032612E-01
-2.166606E-08,-1.5037883E-01
-2.161606E-08,-1.5037883E-01
-2.156606E-08,-1.5043153E-01
-2.151606E-08,-1.5043153E-01
-2.146606E-08,-1.5048424E-01
-2.141606E-08,-1.5048424E-01
-2.136606E-08,-1.5053695E-01
-2.131606E-08,-1.5053695E-01
-2.126606E-08,-1.5053695E-01
-2.121606E-08,-1.5058966E-01
-2.116606E-08,-1.5058966E-01
-2.111606E-08,-1.5058966E-01
-2.106606E-08,-1.5058966E-01
-2.101606E-08,-1.5058966E-01
-2.096606E-08,-1.5053695E-01
-2.091606E-08,-1.5053695E-01
-2.086606E-08,-1.5053695E-01
-2.081606E-08,-1.5053695E-01
-2.076606E-08,-1.5048424E-01
-2.071606E-08,-1.5048424E-01
-2.066606E-08,-1.5048424E-01
-2.061606E-08,-1.5043153E-01
-2.056606E-08,-1.5043153E-01
-2.051606E-08,-1.5043153E-01
-2.046606E-08,-1.5037883E-01
-2.041606E-08,-1.5037883E-01
-2.036606E-08,-1.5037883E-01
-2.031606E-08,-1.5037883E-01
-2.026606E-08,-1.5032612E-01
-2.021606E-08,-1.5032612E-01
-2.016606E-08,-1.5032612E-01
-2.011606E-08,-1.5027341E-01
-2.006606E-08,-1.5027341E-01
-2.001606E-08,-1.5027341E-01
-1.996606E-08,-1.5022070E-01
-1.991606E-08,-1.5022070E-01
-1.986606E-08,-1.5022070E-01
-1.981606E-08,-1.5016799E-01
-1.976606E-08,-1.5016799E-01
-1.971606E-08,-1.5011528E-01
-1.966606E-08,-1.5011528E-01
-1.961606E-08,-1.5006257E-01
-1.956606E-08,-1.5006257E-01
-1.951606E-08,-1.5006257E-01
-1.946606E-08,-1.5000986E-01
-1.941606E-08,-1.5000986E-01
-1.936606E-08,-1.4995715E-01
-1.931606E-08,-1.4995715E-01
-1.926606E-08,-1.4990444E-01
-1.921606E-08,-1.4990444E-01
-1.916606E-08,-1.4985173E-01
-1.911606E-08,-1.4985173E-01
-1.906606E-08,-1.4979903E-01
-1.901606E-08,-1.4979903E-01
-1.896606E-08,-1.4979903E-01
-1.891606E-08,-1.4979903E-01
-1.886606E-08,-1.4974632E-01
-1.881606E-08,-1.4974632E-01
-1.876606E-08,-1.4974632E-01
-1.871606E-08,-1.4974632E-01
-1.866606E-08,-1.4974632E-01
-1.861606E-08,-1.4974632E-01
-1.856606E-08,-1.4979903E-01
-1.851606E-08,-1.4979903E-01
-1.846606E-08,-1.4979903E-01
-1.841606E-08,-1.4979903E-01
-1.836606E-08,-1.4985173E-01
-1.831606E-08,-1.4985173E-01
-1.826606E-08,-1.4990444E-01
-1.821606E-08,-1.4990444E-01
-1.816606E-08,-1.4995715E-01
-1.811606E-08,-1.4995715E-01
-1.806606E-08,-1.5000986E-01
-1.801606E-08,-1.5000986E-01
-1.796606E-08,-1.5000986E-01
-1.791606E-08,-1.5006257E-01
-1.786606E-08,-1.5006257E-01
-1.781606E-08,-1.5006257E-01
-1.776606E-08,-1.5011528E-01
-1.771606E-08,-1.5011528E-01
-1.766606E-08,-1.5011528E-01
-1.761606E-08,-1.5011528E-01
-1.756606E-08,-1.5006257E-01
-1.751606E-08,-1.5006257E-01
-1.746606E-08,-1.5006257E-01
-1.741606E-08,-1.5006257E-01
-1.736606E-08,-1.5000986E-01
-1.731606E-08,-1.5000986E-01
-1.726606E-08,-1.4995715E-01
-1.721606E-08,-1.4995715E-01
-1.716606E-08,-1.4990444E-01
-1.711606E-08,-1.4990444E-01
-1.706606E-08,-1.4985173E-01
-1.701606E-08,-1.4979903E-01
-1.696606E-08,-1.4979903E-01
-1.691606E-08,-1.4974632E-01
-1.686606E-08,-1.4969361E-01
-1.681606E-08,-1.4969361E-01
-1.676606E-08,-1.4964090E-01
-1.671606E-08,-1.4964090E-01
-1.666606E-08,-1.4964090E-01
-1.661606E-08,-1.4958819E-01
-1.656606E-08,-1.4958819E-01
-1.651606E-08,-1.4958819E-01
-1.646606E-08,-1.4958819E-01
-1.641606E-08,-1.4958819E-01
-1.636606E-08,-1.4958819E-01
-1.631606E-08,-1.4958819E-01
-1.626606E-08,-1.4958819E-01
-1.621606E-08,-1.4958819E-01
-1.616606E-08,-1.4964090E-01
-1.611606E-08,-1.4964090E-01
-1.606606E-08,-1.4969361E-01
-1.601606E-08,-1.4969361E-01
-1.596606E-08,-1.4974632E-01
-1.591606E-08,-1.4974632E-01
-1.586606E-08,-1.4979903E-01
-1.581606E-08,-1.4979903E-01
-1.576606E-08,-1.4985173E-01
-1.571606E-08,-1.4990444E-01
-1.566606E-08,-1.4990444E-01
-1.561606E-08,-1.4995715E-01
-1.556606E-08,-1.4995715E-01
-1.551606E-08,-1.5000986E-01
-1.546606E-08,-1.5000986E-01
-1.541606E-08,-1.5000986E-01
-1.536606E-08,-1.5006257E-01
-1.531606E-08,-1.5006257E-01
-1.526606E-08,-1.5006257E-01
-1.521606E-08,-1.5006257E-01
-1.516606E-08,-1.5006257E-01
-1.511606E-08,-1.5006257E-01
-1.506606E-08,-1.5006257E-01
-1.501606E-08,-1.5006257E-01
-1.496606E-08,-1.5006257E-01
-1.491606E-08,-1.5006257E-01
-1.486606E-08,-1.5006257E-01
-1.481606E-08,-1.5000986E-01
-1.476606E-08,-1.5000986E-01
-1.471606E-08,-1.5000986E-01
-1.466606E-08,-1.5000986E-01
-1.461606E-08,-1.5000986E-01
-1.456606E-08,-1.4995715E-01
-1.451606E-08,-1.4995715E-01
-1.446606E-08,-1.4995715E-01
-1.441606E-08,-1.4995715E-01
-1.436606E-08,-1.4995715E-01
-1.431606E-08,-1.4995715E-01
-1.426606E-08,-1.4995715E-01
-1.421606E-08,-1.4995715E-01
-1.416606E-08,-1.4995715E-01
-1.411606E-08,-1.4995715E-01
-1.406606E-08,-1.4995715E-01
-1.401606E-08,-1.4995715E-01
-1.396606E-08,-1.4995715E-01
-1.391606E-08,-1.4995715E-01
-1.386606E-08,-1.4995715E-01
-1.381606E-08,-1.4995715E-01
-1.376606E-08,-1.4995715E-01
-1.371606E-08,-1.5000986E-01
-1.366606E-08,-1.5000986E-01
-1.361606E-08,-1.5000986E-01
-1.356606E-08,-1.5000986E-01
-1.351606E-08,-1.5000986E-01
-1.346606E-08,-1.5000986E-01
-1.341606E-08,-1.5000986E-01
-1.336606E-08,-1.5006257E-01
-1.331606E-08,-1.5006257E-01
-1.326606E-08,-1.5006257E-01
-1.321606E-08,-1.5006257E-01
-1.316606E-08,-1.5006257E-01
-1.311606E-08,-1.5006257E-01
-1.306606E-08,-1.5006257E-01
-1.301606E-08,-1.5006257E-01
-1.296606E-08,-1.5006257E-01
-1.291606E-08,-1.5006257E-01
-1.286606E-08,-1.5006257E-01
-1.281606E-08,-1.5006257E-01
-1.276606E-08,-1.5006257E-01
-1.271606E-08,-1.5006257E-01
-1.266606E-08,-1.5006257E-01
-1.261606E-08,-1.5006257E-01
-1.256606E-08,-1.5006257E-01
-1.251606E-08,-1.5006257E-01
-1.246606E-08,-1.5006257E-01
-1.241606E-08,-1.5006257E-01
-1.236606E-08,-1.5011528E-01
-1.231606E-08,-1.5011528E-01
-1.226606E-08,-1.5011528E-01
-1.221606E-08,-1.5011528E-01
-1.216606E-08,-1.5011528E-01
-1.211606E-08,-1.5011528E-01
-1.206606E-08,-1.5011528E-01
-1.201606E-08,-1.5011528E-01
-1.196606E-08,-1.5011528E-01
-1.191606E-08,-1.5011528E-01
-1.186606E-08,-1.5011528E-01
-1.181606E-08,-1.5011528E-01
-1.176606E-08,-1.5011528E-01
-1.171606E-08,-1.5006257E-01
-1.166606E-08,-1.5006257E-01
-1.161606E-08,-1.5006257E-01
-1.156606E-08,-1.5000986E-01
-1.151606E-08,-1.5000986E-01
-1.146606E-08,-1.5000986E-01
-1.141606E-08,-1.4995715E-01
-1.136606E-08,-1.4995715E-01
-1.131606E-08,-1.4990444E-01
-1.126606E-08,-1.4985173E-01
-1.121606E-08,-1.4985173E-01
-1.116606E-08,-1.4979903E-01
-1.111606E-08,-1.4979903E-01
-1.106606E-08,-1.4974632E-01
-1.101606E-08,-1.4969361E-01
-1.096606E-08,-1.4969361E-01
-1.091606E-08,-1.4964090E-01
-1.086606E-08,-1.4964090E-01
-1.081606E-08,-1.4958819E-01
-1.076606E-08,-1.4958819E-01
-1.071606E-08,-1.4953548E-01
-1.066606E-08,-1.4953548E-01
-1.061606E-08,-1.4953548E-01
-1.056606E-08,-1.4953548E-01
-1.051606E-08,-1.4953548E-01
-1.046606E-08,-1.4953548E-01
-1.041606E-08,-1.4953548E-01
-1.036606E-08,-1.4953548E-01
-1.031606E-08,-1.4958819E-01
-1.026606E-08,-1.4958819E-01
-1.021606E-08,-1.4958819E-01
-1.016606E-08,-1.4964090E-01
-1.011606E-08,-1.4964090E-01
-1.006606E-08,-1.4969361E-01
-1.001606E-08,-1.4974632E-01
-9.96606E-09,-1.4974632E-01
-9.91606E-09,-1.4979903E-01
-9.86606E-09,-1.4979903E-01
-9.81606E-09,-1.4985173E-01
-9.76606E-09,-1.4985173E-01
-9.71606E-09,-1.4990444E-01
-9.66606E-09,-1.4990444E-01
-9.61606E-09,-1.4990444E-01
-9.56606E-09,-1.4995715E-01
-9.51606E-09,-1.4995715E-01
-9.46606E-09,-1.4995715E-01
-9.41606E-09,-1.4995715E-01
-9.36606E-09,-1.4995715E-01
-9.31606E-09,-1.4990444E-01
-9.26606E-09,-1.4990444E-01
-9.21606E-09,-1.4990444E-01
-9.16606E-09,-1.4985173E-01
-9.11606E-09,-1.4985173E-01
-9.06606E-09,-1.4979903E-01
-9.01606E-09,-1.4974632E-01
-8.96606E-09,-1.4974632E-01
-8.91606E-09,-1.4969361E-01
-8.86606E-09,-1.4964090E-01
-8.81606E-09,-1.4964090E-01
-8.76606E-09,-1.4958819E-01
-8.71606E-09,-1.4953548E-01
-8.66606E-09,-1.4953548E-01
-8.61606E-09,-1.4948277E-01
-8.56606E-09,-1.4948277E-01
-8.51606E-09,-1.4948277E-01
-8.46606E-09,-1.4943006E-01
-8.41606E-09,-1.4943006E-01
-8.36606E-09,-1.4943006E-01
-8.31606E-09,-1.4943006E-01
-8.26606E-09,-1.4943006E-01
-8.21606E-09,-1.4948277E-01
-8.16606E-09,-1.4948277E-01
-8.11606E-09,-1.4953548E-01
-8.06606E-09,-1.4953548E-01
-8.01606E-09,-1.4958819E-01
-7.96606E-09,-1.4964090E-01
-7.91606E-09,-1.4964090E-01
-7.86606E-09,-1.4969361E-01
-7.81606E-09,-1.4974632E-01
-7.76606E-09,-1.4979903E-01
-7.71606E-09,-1.4985173E-01
-7.66606E-09,-1.4990444E-01
-7.61606E-09,-1.4995715E-01
-7.56606E-09,-1.5000986E-01
-7.51606E-09,-1.5006257E-01
-7.46606E-09,-1.5011528E-01
-7.41606E-09,-1.5016799E-01
-7.36606E-09,-1.5016799E-01
-7.31606E-09,-1.5022070E-01
-7.26606E-09,-1.5027341E-01
-7.21606E-09,-1.5027341E-01
-7.16606E-09,-1.5027341E-01
-7.11606E-09,-1.5032612E-01
-7.06606E-09,-1.5032612E-01
-7.01606E-09,-1.5032612E-01
-6.96606E-09,-1.5032612E-01
-6.91606E-09,-1.5032612E-01
-6.86606E-09,-1.5032612E-01
-6.81606E-09,-1.5027341E-01
-6.76606E-09,-1.5027341E-01
-6.71606E-09,-1.5027341E-01
-6.66606E-09,-1.5027341E-01
-6.61606E-09,-1.5022070E-01
-6.56606E-09,-1.5022070E-01
-6.51606E-09,-1.5022070E-01
-6.46606E-09,-1.5016799E-01
-6.41606E-09,-1.5016799E-01
-6.36606E-09,-1.5016799E-01
-6.31606E-09,-1.5011528E-01
-6.26606E-09,-1.5011528E-01
-6.21606E-09,-1.5011528E-01
-6.16606E-09,-1.5011528E-01
-6.11606E-09,-1.5006257E-01
-6.06606E-09,-1.5006257E-01
-6.01606E-09,-1.5006257E-01
-5.96606E-09,-1.5006257E-01
-5.91606E-09,-1.5006257E-01
-5.86606E-09,-1.5006257E-01
-5.81606E-09,-1.5011528E-01
-5.76606E-09,-1.5011528E-01
-5.71606E-09,-1.5011528E-01
-5.66606E-09,-1.5011528E-01
-5.61606E-09,-1.5011528E-01
-5.56606E-09,-1.5011528E-01
-5.51606E-09,-1.5011528E-01
-5.46606E-09,-1.5011528E-01
-5.41606E-09,-1.5011528E-01
-5.36606E-09,-1.5011528E-01
-5.31606E-09,-1.5011528E-01
-5.26606E-09,-1.5011528E-01
-5.21606E-09,-1.5006257E-01
-5.16606E-09,-1.5006257E-01
-5.11606E-09,-1.5000986E-01
-5.06606E-09,-1.5000986E-01
-5.01606E-09,-1.5000986E-01
-4.96606E-09,-1.4995715E-01
-4.91606E-09,-1.4990444E-01
-4.86606E-09,-1.4990444E-01
-4.81606E-09,-1.4985173E-01
-4.76606E-09,-1.4979903E-01
-4.71606E-09,-1.4979903E-01
-4.66606E-09,-1.4974632E-01
-4.61606E-09,-1.4969361E-01
-4.56606E-09,-1.4969361E-01
-4.51606E-09,-1.4964090E-01
-4.46606E-09,-1.4964090E-01
-4.41606E-09,-1.4958819E-01
-4.36606E-09,-1.4958819E-01
-4.31606E-09,-1.4953548E-01
-4.26606E-09,-1.4953548E-01
-4.21606E-09,-1.4953548E-01
-4.16606E-09,-1.4953548E-01
-4.11606E-09,-1.4953548E-01
-4.06606E-09,-1.4953548E-01
-4.01606E-09,-1.4953548E-01
-3.96606E-09,-1.4953548E-01
-3.91606E-09,-1.4953548E-01
-3.86606E-09,-1.4953548E-01
-3.81606E-09,-1.4958819E-01
-3.76606E-09,-1.4958819E-01
-3.71606E-09,-1.4958819E-01
-3.66606E-09,-1.4964090E-01
-3.61606E-09,-1.4964090E-01
-3.56606E-09,-1.4964090E-01
-3.51606E-09,-1.4969361E-01
-3.46606E-09,-1.4969361E-01
-3.41606E-09,-1.4969361E-01
-3.36606E-09,-1.4969361E-01
-3.31606E-09,-1.4969361E-01
-3.26606E-09,-1.4974632E-01
-3.21606E-09,-1.4974632E-01
-3.16606E-09,-1.4969361E-01
-3.11606E-09,-1.4969361E-01
-3.06606E-09,-1.4969361E-01
-3.01606E-09,-1.4969361E-01
-2.96606E-09,-1.4964090E-01
-2.91606E-09,-1.4964090E-01
-2.86606E-09,-1.4958819E-01
-2.81606E-09,-1.4958819E-01
-2.76606E-09,-1.4953548E-01
-2.71606E-09,-1.4953548E-01
-2.66606E-09,-1.4948277E-01
-2.61606E-09,-1.4943006E-01
-2.56606E-09,-1.4943006E-01
-2.51606E-09,-1.4937735E-01
-2.46606E-09,-1.4932464E-01
-2.41606E-09,-1.4932464E-01
-2.36606E-09,-1.4927194E-01
-2.31606E-09,-1.4927194E-01
-2.26606E-09,-1.4927194E-01
-2.21606E-09,-1.4927194E-01
-2.16606E-09,-1.4927194E-01
-2.11606E-09,-1.4921923E-01
-2.06606E-09,-1.4927194E-01
-2.01606E-09,-1.4927194E-01
-1.96606E-09,-1.4927194E-01
-1.91606E-09,-1.4932464E-01
-1.86606E-09,-1.4932464E-01
-1.81606E-09,-1.4937735E-01
-1.76606E-09,-1.4937735E-01
-1.71606E-09,-1.4943006E-01
-1.66606E-09,-1.4948277E-01
-1.61606E-09,-1.4953548E-01
-1.56606E-09,-1.4953548E-01
-1.51606E-09,-1.4958819E-01
-1.46606E-09,-1.4964090E-01
-1.41606E-09,-1.4969361E-01
-1.36606E-09,-1.4969361E-01
-1.31606E-09,-1.4974632E-01
-1.26606E-09,-1.4979903E-01
-1.21606E-09,-1.4979903E-01
-1.16606E-09,-1.4985173E-01
-1.11606E-09,-1.4985173E-01
-1.06606E-09,-1.4985173E-01
-1.01606E-09,-1.4985173E-01
-9.6606E-10,-1.4985173E-01
-9.1606E-10,-1.4985173E-01
-8.6606E-10,-1.4985173E-01
-8.1606E-10,-1.4979903E-01
-7.6606E-10,-1.4979903E-01
-7.1606E-10,-1.4974632E-01
-6.6606E-10,-1.4974632E-01
-6.1606E-10,-1.4969361E-01
-5.6606E-10,-1.4964090E-01
-5.1606E-10,-1.4964090E-01
-4.6606E-10,-1.4958819E-01
-4.1606E-10,-1.4953548E-01
-3.6606E-10,-1.4953548E-01
-3.1606E-10,-1.4948277E-01
-2.6606E-10,-1.4943006E-01
-2.1606E-10,-1.4943006E-01
-1.6606E-10,-1.4943006E-01
-1.1606E-10,-1.4937735E-01
-6.606E-11,-1.4937735E-01
-1.606E-11,-1.4937735E-01
3.394E-11,-1.4937735E-01
8.394E-11,-1.4943006E-01
1.3394E-10,-1.4943006E-01
1.8394E-10,-1.4948277E-01
2.3394E-10,-1.4948277E-01
2.8394E-10,-1.4953548E-01
3.3394E-10,-1.4958819E-01
3.8394E-10,-1.4964090E-01
4.3394E-10,-1.4974632E-01
4.8394E-10,-1.4979903E-01
5.3394E-10,-1.4985173E-01
5.8394E-10,-1.4990444E-01
6.3394E-10,-1.5000986E-01
6.8394E-10,-1.5006257E-01
7.3394E-10,-1.5011528E-01
7.8394E-10,-1.5016799E-01
8.3394E-10,-1.5027341E-01
8.8394E-10,-1.5032612E-01
9.3394E-10,-1.5037883E-01
9.8394E-10,-1.5043153E-01
1.03394E-09,-1.5048424E-01
1.08394E-09,-1.5048424E-01
1.13394E-09,-1.5053695E-01
1.18394E-09,-1.5053695E-01
1.23394E-09,-1.5053695E-01
1.28394E-09,-1.5053695E-01
1.33394E-09,-1.5053695E-01
1.38394E-09,-1.5053695E-01
1.43394E-09,-1.5048424E-01
1.48394E-09,-1.5043153E-01
1.53394E-09,-1.5043153E-01
1.58394E-09,-1.5037883E-01
1.63394E-09,-1.5032612E-01
1.68394E-09,-1.5027341E-01
1.73394E-09,-1.5022070E-01
1.78394E-09,-1.5011528E-01
1.83394E-09,-1.5006257E-01
1.88394E-09,-1.5000986E-01
1.93394E-09,-1.4995715E-01
1.98394E-09,-1.4990444E-01
2.03394E-09,-1.4985173E-01
2.08394E-09,-1.4979903E-01
2.13394E-09,-1.4974632E-01
2.18394E-09,-1.4969361E-01
2.23394E-09,-1.4969361E-01
2.28394E-09,-1.4964090E-01
2.33394E-09,-1.4964090E-01
2.38394E-09,-1.4964090E-01
2.43394E-09,-1.4964090E-01
2.48394E-09,-1.4964090E-01
2.53394E-09,-1.4964090E-01
2.58394E-09,-1.4964090E-01
2.63394E-09,-1.4969361E-01
2.68394E-09,-1.4969361E-01
2.73394E-09,-1.4974632E-01
2.78394E-09,-1.4974632E-01
2.83394E-09,-1.4979903E-01
2.88394E-09,-1.4985173E-01
2.93394E-09,-1.4985173E-01
2.98394E-09,-1.4990444E-01
3.03394E-09,-1.4995715E-01
3.08394E-09,-1.4995715E-01
3.13394E-09,-1.5000986E-01
3.18394E-09,-1.5000986E-01
3.23394E-09,-1.5006257E-01
3.28394E-09,-1.5006257E-01
3.33394E-09,-1.5006257E-01
3.38394E-09,-1.5006257E-01
3.43394E-09,-1.5006257E-01
3.48394E-09,-1.5006257E-01
3.53394E-09,-1.5000986E-01
3.58394E-09,-1.5000986E-01
3.63394E-09,-1.5000986E-01
3.68394E-09,-1.4995715E-01
3.73394E-09,-1.4990444E-01
3.78394E-09,-1.4985173E-01
3.83394E-09,-1.4985173E-01
3.88394E-09,-1.4979903E-01
3.93394E-09,-1.4974632E-01
3.98394E-09,-1.4969361E-01
4.03394E-09,-1.4964090E-01
4.08394E-09,-1.4958819E-01
4.13394E-09,-1.4953548E-01
4.18394E-09,-1.4948277E-01
4.23394E-09,-1.4943006E-01
4.28394E-09,-1.4937735E-01
4.33394E-09,-1.4937735E-01
4.38394E-09,-1.4932464E-01
4.43394E-09,-1.4932464E-01
4.48394E-09,-1.4932464E-01
4.53394E-09,-1.4927194E-01
4.58394E-09,-1.4927194E-01
4.63394E-09,-1.4932464E-01
4.68394E-09,-1.4932464E-01
4.73394E-09,-1.4932464E-01
4.78394E-09,-1.4932464E-01
4.83394E-09,-1.4937735E-01
4.88394E-09,-1.4937735E-01
4.93394E-09,-1.4943006E-01
4.98394E-09,-1.4948277E-01
5.03394E-09,-1.4948277E-01
5.08394E-09,-1.4953548E-01
5.13394E-09,-1.4958819E-01
5.18394E-09,-1.4964090E-01
5.23394E-09,-1.4969361E-01
5.28394E-09,-1.4969361E-01
5.33394E-09,-1.4974632E-01
5.38394E-09,-1.4979903E-01
5.43394E-09,-1.4985173E-01
5.48394E-09,-1.4985173E-01
5.53394E-09,-1.4990444E-01
5.58394E-09,-1.4995715E-01
5.63394E-09,-1.4995715E-01
5.68394E-09,-1.5000986E-01
5.73394E-09,-1.5000986E-01
5.78394E-09,-1.5006257E-01
5.83394E-09,-1.5006257E-01
5.88394E-09,-1.5006257E-01
5.93394E-09,-1.5011528E-01
5.98394E-09,-1.5011528E-01
6.03394E-09,-1.5011528E-01
6.08394E-09,-1.5011528E-01
6.13394E-09,-1.5016799E-01
6.18394E-09,-1.5016799E-01
6.23394E-09,-1.5016799E-01
6.28394E-09,-1.5016799E-01
6.33394E-09,-1.5016799E-01
6.38394E-09,-1.5016799E-01
6.43394E-09,-1.5022070E-01
6.48394E-09,-1.5022070E-01
6.53394E-09,-1.5022070E-01
6.58394E-09,-1.5022070E-01
6.63394E-09,-1.5022070E-01
6.68394E-09,-1.5027341E-01
6.73394E-09,-1.5027341E-01
6.78394E-09,-1.5027341E-01
6.83394E-09,-1.5032612E-01
6.88394E-09,-1.5032612E-01
6.93394E-09,-1.5032612E-01
6.98394E-09,-1.5032612E-01
7.03394E-09,-1.5037883E-01
7.08394E-09,-1.5037883E-01
7.13394E-09,-1.5037883E-01
7.18394E-09,-1.5037883E-01
7.23394E-09,-1.5037883E-01
7.28394E-09,-1.5037883E-01
7.33394E-09,-1.5037883E-01
7.38394E-09,-1.5037883E-01
7.43394E-09,-1.5032612E-01
7.48394E-09,-1.5032612E-01
7.53394E-09,-1.5032612E-01
7.58394E-09,-1.5027341E-01
7.63394E-09,-1.5022070E-01
7.68394E-09,-1.5022070E-01
7.73394E-09,-1.5016799E-01
7.78394E-09,-1.5011528E-01
7.83394E-09,-1.5011528E-01
7.88394E-09,-1.5006257E-01
7.93394E-09,-1.5000986E-01
7.98394E-09,-1.4995715E-01
8.03394E-09,-1.4995715E-01
8.08394E-09,-1.4990444E-01
8.13394E-09,-1.4990444E-01
8.18394E-09,-1.4990444E-01
8.23394E-09,-1.4985173E-01
8.28394E-09,-1.4985173E-01
8.33394E-09,-1.4985173E-01
8.38394E-09,-1.4985173E-01
8.43394E-09,-1.4990444E-01
8.48394E-09,-1.4990444E-01
8.53394E-09,-1.4990444E-01
8.58394E-09,-1.4995715E-01
8.63394E-09,-1.4995715E-01
8.68394E-09,-1.5000986E-01
8.73394E-09,-1.5000986E-01
8.78394E-09,-1.5006257E-01
8.83394E-09,-1.5006257E-01
8.88394E-09,-1.5011528E-01
8.93394E-09,-1.5011528E-01
8.98394E-09,-1.5011528E-01
9.03394E-09,-1.5016799E-01
9.08394E-09,-1.5016799E-01
9.13394E-09,-1.5016799E-01
9.18394E-09,-1.5016799E-01
9.23394E-09,-1.5016799E-01
9.28394E-09,-1.5016799E-01
9.33394E-09,-1.5016799E-01
9.38394E-09,-1.5016799E-01
9.43394E-09,-1.5011528E-01
9.48394E-09,-1.5011528E-01
9.53394E-09,-1.5006257E-01
9.58394E-09,-1.5006257E-01
9.63394E-09,-1.5006257E-01
9.68394E-09,-1.5000986E-01
9.73394E-09,-1.4995715E-01
9.78394E-09,-1.4995715E-01
9.83394E-09,-1.4990444E-01
9.88394E-09,-1.4990444E-01
9.93394E-09,-1.4990444E-01
9.98394E-09,-1.4985173E-01
1.003394E-08,-1.4985173E-01
1.008394E-08,-1.4985173E-01
1.013394E-08,-1.4985173E-01
1.018394E-08,-1.4985173E-01
1.023394E-08,-1.4985173E-01
1.028394E-08,-1.4985173E-01
1.033394E-08,-1.4990444E-01
1.038394E-08,-1.4990444E-01
1.043394E-08,-1.4990444E-01
1.048394E-08,-1.4995715E-01
1.053394E-08,-1.4995715E-01
1.058394E-08,-1.5000986E-01
1.063394E-08,-1.5000986E-01
1.068394E-08,-1.5006257E-01
1.073394E-08,-1.5006257E-01
1.078394E-08,-1.5006257E-01
1.083394E-08,-1.5011528E-01
1.088394E-08,-1.5011528E-01
1.093394E-08,-1.5011528E-01
1.098394E-08,-1.5011528E-01
1.103394E-08,-1.5011528E-01
1.108394E-08,-1.5011528E-01
1.113394E-08,-1.5011528E-01
1.118394E-08,-1.5011528E-01
1.123394E-08,-1.5006257E-01
1.128394E-08,-1.5006257E-01
1.133394E-08,-1.5000986E-01
1.138394E-08,-1.5000986E-01
1.143394E-08,-1.4995715E-01
1.148394E-08,-1.4995715E-01
1.153394E-08,-1.4990444E-01
1.158394E-08,-1.4990444E-01
1.163394E-08,-1.4985173E-01
1.168394E-08,-1.4985173E-01
1.173394E-08,-1.4985173E-01
1.178394E-08,-1.4979903E-01
1.183394E-08,-1.4979903E-01
1.188394E-08,-1.4979903E-01
1.193394E-08,-1.4985173E-01
1.198394E-08,-1.4985173E-01
1.203394E-08,-1.4990444E-01
1.208394E-08,-1.4990444E-01
1.213394E-08,-1.4995715E-01
1.218394E-08,-1.5000986E-01
1.223394E-08,-1.5006257E-01
1.228394E-08,-1.5016799E-01
1.233394E-08,-1.5022070E-01
1.238394E-08,-1.5027341E-01
1.243394E-08,-1.5037883E-01
1.248394E-08,-1.5043153E-01
1.253394E-08,-1.5048424E-01
1.258394E-08,-1.5058966E-01
1.263394E-08,-1.5064237E-01
1.268394E-08,-1.5069508E-01
1.273394E-08,-1.5074779E-01
1.278394E-08,-1.5080050E-01
1.283394E-08,-1.5080050E-01
1.288394E-08,-1.5080050E-01
1.293394E-08,-1.5085321E-01
1.298394E-08,-1.5085321E-01
1.303394E-08,-1.5080050E-01
1.308394E-08,-1.5080050E-01
1.313394E-08,-1.5074779E-01
1.318394E-08,-1.5069508E-01
1.323394E-08,-1.5064237E-01
1.328394E-08,-1.5058966E-01
1.333394E-08,-1.5048424E-01
1.338394E-08,-1.5043153E-01
1.343394E-08,-1.5037883E-01
1.348394E-08,-1.5027341E-01
1.353394E-08,-1.5016799E-01
1.358394E-08,-1.5011528E-01
1.363394E-08,-1.5006257E-01
1.368394E-08,-1.4995715E-01
1.373394E-08,-1.4990444E-01
1.378394E-08,-1.4985173E-01
1.383394E-08,-1.4979903E-01
1.388394E-08,-1.4979903E-01
1.393394E-08,-1.4979903E-01
1.398394E-08,-1.4979903E-01
1.403394E-08,-1.4979903E-01
1.408394E-08,-1.4979903E-01
1.413394E-08,-1.4985173E-01
1.418394E-08,-1.4990444E-01
1.423394E-08,-1.4995715E-01
1.428394E-08,-1.5000986E-01
1.433394E-08,-1.5011528E-01
1.438394E-08,-1.5016799E-01
1.443394E-08,-1.5027341E-01
1.448394E-08,-1.5032612E-01
1.453394E-08,-1.5043153E-01
1.458394E-08,-1.5053695E-01
1.463394E-08,-1.5058966E-01
1.468394E-08,-1.5064237E-01
1.473394E-08,-1.5069508E-01
1.478394E-08,-1.5074779E-01
1.483394E-08,-1.5080050E-01
1.488394E-08,-1.5080050E-01
1.493394E-08,-1.5080050E-01
1.498394E-08,-1.5080050E-01
1.503394E-08,-1.5080050E-01
1.508394E-08,-1.5074779E-01
1.513394E-08,-1.5064237E-01
1.518394E-08,-1.5058966E-01
1.523394E-08,-1.5048424E-01
1.528394E-08,-1.5043153E-01
1.533394E-08,-1.5027341E-01
1.538394E-08,-1.5016799E-01
1.543394E-08,-1.5006257E-01
1.548394E-08,-1.4995715E-01
1.553394E-08,-1.4979903E-01
1.558394E-08,-1.4969361E-01
1.563394E-08,-1.4958819E-01
1.568394E-08,-1.4948277E-01
1.573394E-08,-1.4943006E-01
1.578394E-08,-1.4932464E-01
1.583394E-08,-1.4927194E-01
1.588394E-08,-1.4921923E-01
1.593394E-08,-1.4921923E-01
1.598394E-08,-1.4921923E-01
1.603394E-08,-1.4921923E-01
1.608394E-08,-1.4927194E-01
1.613394E-08,-1.4932464E-01
1.618394E-08,-1.4943006E-01
1.623394E-08,-1.4953548E-01
1.628394E-08,-1.4964090E-01
1.633394E-08,-1.4974632E-01
1.638394E-08,-1.4985173E-01
1.643394E-08,-1.5000986E-01
1.648394E-08,-1.5016799E-01
1.653394E-08,-1.5027341E-01
1.658394E-08,-1.5043153E-01
1.663394E-08,-1.5053695E-01
1.668394E-08,-1.5064237E-01
1.673394E-08,-1.5074779E-01
1.678394E-08,-1.5085321E-01
1.683394E-08,-1.5090592E-01
1.688394E-08,-1.5095862E-01
1.693394E-08,-1.5101133E-01
1.698394E-08,-1.5101133E-01
1.703394E-08,-1.5101133E-01
1.708394E-08,-1.5095862E-01
1.713394E-08,-1.5090592E-01
1.718394E-08,-1.5080050E-01
1.723394E-08,-1.5069508E-01
1.728394E-08,-1.5058966E-01
1.733394E-08,-1.5043153E-01
1.738394E-08,-1.5032612E-01
1.743394E-08,-1.5016799E-01
1.748394E-08,-1.5000986E-01
1.753394E-08,-1.4985173E-01
1.758394E-08,-1.4969361E-01
1.763394E-08,-1.4953548E-01
1.768394E-08,-1.4943006E-01
1.773394E-08,-1.4927194E-01
1.778394E-08,-1.4921923E-01
1.783394E-08,-1.4911381E-01
1.788394E-08,-1.4906110E-01
1.793394E-08,-1.4906110E-01
1.798394E-08,-1.4906110E-01
1.803394E-08,-1.4906110E-01
1.808394E-08,-1.4911381E-01
1.813394E-08,-1.4916652E-01
1.818394E-08,-1.4927194E-01
1.823394E-08,-1.4943006E-01
1.828394E-08,-1.4953548E-01
1.833394E-08,-1.4969361E-01
1.838394E-08,-1.4985173E-01
1.843394E-08,-1.5006257E-01
1.848394E-08,-1.5022070E-01
1.853394E-08,-1.5037883E-01
1.858394E-08,-1.5058966E-01
1.863394E-08,-1.5069508E-01
1.868394E-08,-1.5085321E-01
1.873394E-08,-1.5095862E-01
1.878394E-08,-1.5106404E-01
1.883394E-08,-1.5116946E-01
1.888394E-08,-1.5116946E-01
1.893394E-08,-1.5122217E-01
1.898394E-08,-1.5116946E-01
1.903394E-08,-1.5111675E-01
1.908394E-08,-1.5106404E-01
1.913394E-08,-1.5095862E-01
1.918394E-08,-1.5080050E-01
1.923394E-08,-1.5064237E-01
1.928394E-08,-1.5048424E-01
1.933394E-08,-1.5027341E-01
1.938394E-08,-1.5006257E-01
1.943394E-08,-1.4985173E-01
1.948394E-08,-1.4964090E-01
1.953394E-08,-1.4943006E-01
1.958394E-08,-1.4921923E-01
1.963394E-08,-1.4906110E-01
1.968394E-08,-1.4885026E-01
1.973394E-08,-1.4874485E-01
1.978394E-08,-1.4863943E-01
1.983394E-08,-1.4853401E-01
1.988394E-08,-1.4848130E-01
1.993394E-08,-1.4848130E-01
1.998394E-08,-1.4853401E-01
2.003394E-08,-1.4858672E-01
2.008394E-08,-1.4869214E-01
2.013394E-08,-1.4885026E-01
2.018394E-08,-1.4906110E-01
2.023394E-08,-1.4927194E-01
2.028394E-08,-1.4948277E-01
2.033394E-08,-1.4974632E-01
2.038394E-08,-1.5000986E-01
2.043394E-08,-1.5032612E-01
2.048394E-08,-1.5058966E-01
2.053394E-08,-1.5085321E-01
2.058394E-08,-1.5111675E-01
2.063394E-08,-1.5138030E-01
2.068394E-08,-1.5159113E-01
2.073394E-08,-1.5174926E-01
2.078394E-08,-1.5190739E-01
2.083394E-08,-1.5201280E-01
2.088394E-08,-1.5206551E-01
2.093394E-08,-1.5206551E-01
2.098394E-08,-1.5201280E-01
2.103394E-08,-1.5190739E-01
2.108394E-08,-1.5180197E-01
2.113394E-08,-1.5159113E-01
2.118394E-08,-1.5138030E-01
2.123394E-08,-1.5111675E-01
2.128394E-08,-1.5080050E-01
2.133394E-08,-1.5048424E-01
2.138394E-08,-1.5016799E-01
2.143394E-08,-1.4979903E-01
2.148394E-08,-1.4948277E-01
2.153394E-08,-1.4911381E-01
2.158394E-08,-1.4879755E-01
2.163394E-08,-1.4848130E-01
2.168394E-08,-1.4821776E-01
2.173394E-08,-1.4800692E-01
2.178394E-08,-1.4784879E-01
2.183394E-08,-1.4769067E-01
2.188394E-08,-1.4763796E-01
2.193394E-08,-1.4763796E-01
2.198394E-08,-1.4769067E-01
2.203394E-08,-1.4779608E-01
2.208394E-08,-1.4795421E-01
2.213394E-08,-1.4816505E-01
2.218394E-08,-1.4842859E-01
2.223394E-08,-1.4874485E-01
2.228394E-08,-1.4906110E-01
2.233394E-08,-1.4948277E-01
2.238394E-08,-1.4985173E-01
2.243394E-08,-1.5027341E-01
2.248394E-08,-1.5064237E-01
2.253394E-08,-1.5106404E-01
2.258394E-08,-1.5143301E-01
2.263394E-08,-1.5174926E-01
2.268394E-08,-1.5206551E-01
2.273394E-08,-1.5227635E-01
2.278394E-08,-1.5248719E-01
2.283394E-08,-1.5259260E-01
2.288394E-08,-1.5264531E-01
2.293394E-08,-1.5259260E-01
2.298394E-08,-1.5248719E-01
2.303394E-08,-1.5232906E-01
2.308394E-08,-1.5206551E-01
2.313394E-08,-1.5174926E-01
2.318394E-08,-1.5138030E-01
2.323394E-08,-1.5095862E-01
2.328394E-08,-1.5048424E-01
2.333394E-08,-1.4995715E-01
2.338394E-08,-1.4943006E-01
2.343394E-08,-1.4890297E-01
2.348394E-08,-1.4837588E-01
2.353394E-08,-1.4790150E-01
2.358394E-08,-1.4742712E-01
2.363394E-08,-1.4700545E-01
2.368394E-08,-1.4663649E-01
2.373394E-08,-1.4637294E-01
2.378394E-08,-1.4610939E-01
2.383394E-08,-1.4600398E-01
2.388394E-08,-1.4600398E-01
2.393394E-08,-1.4605669E-01
2.398394E-08,-1.4621481E-01
2.403394E-08,-1.4647836E-01
2.408394E-08,-1.4684732E-01
2.413394E-08,-1.4732170E-01
2.418394E-08,-1.4784879E-01
2.423394E-08,-1.4842859E-01
2.428394E-08,-1.4906110E-01
2.433394E-08,-1.4974632E-01
2.438394E-08,-1.5048424E-01
2.443394E-08,-1.5116946E-01
2.448394E-08,-1.5185468E-01
2.453394E-08,-1.5253989E-01
2.458394E-08,-1.5317240E-01
2.463394E-08,-1.5369949E-01
2.468394E-08,-1.5412117E-01
2.473394E-08,-1.5449013E-01
2.478394E-08,-1.5475367E-01
2.483394E-08,-1.5485909E-01
2.488394E-08,-1.5480638E-01
2.493394E-08,-1.5470096E-01
2.498394E-08,-1.5438471E-01
2.503394E-08,-1.5391033E-01
2.508394E-08,-1.5333053E-01
2.513394E-08,-1.5259260E-01
2.518394E-08,-1.5180197E-01
2.523394E-08,-1.5085321E-01
2.528394E-08,-1.4985173E-01
2.533394E-08,-1.4879755E-01
2.538394E-08,-1.4769067E-01
2.543394E-08,-1.4658378E-01
2.548394E-08,-1.4552960E-01
2.553394E-08,-1.4452812E-01
2.558394E-08,-1.4357936E-01
2.563394E-08,-1.4278873E-01
2.568394E-08,-1.4210351E-01
2.573394E-08,-1.4162913E-01
2.578394E-08,-1.4131287E-01
2.583394E-08,-1.4120746E-01
2.588394E-08,-1.4136558E-01
2.593394E-08,-1.4168184E-01
2.598394E-08,-1.4231435E-01
2.603394E-08,-1.4310498E-01
2.608394E-08,-1.4415916E-01
2.613394E-08,-1.4542418E-01
2.618394E-08,-1.4690003E-01
2.623394E-08,-1.4848130E-01
2.628394E-08,-1.5022070E-01
2.633394E-08,-1.5206551E-01
2.638394E-08,-1.5396304E-01
2.643394E-08,-1.5586056E-01
2.648394E-08,-1.5770538E-01
2.653394E-08,-1.5939207E-01
2.658394E-08,-1.6097334E-01
2.663394E-08,-1.6229106E-01
2.668394E-08,-1.6329253E-01
2.673394E-08,-1.6392504E-01
2.678394E-08,-1.6418859E-01
2.683394E-08,-1.6392504E-01
2.688394E-08,-1.6318712E-01
2.693394E-08,-1.6181668E-01
2.698394E-08,-1.5986645E-01
2.703394E-08,-1.5723100E-01
2.708394E-08,-1.5391033E-01
2.713394E-08,-1.4990444E-01
2.718394E-08,-1.4510792E-01
2.723394E-08,-1.3962619E-01
2.728394E-08,-1.3340652E-01
2.733394E-08,-1.2644893E-01
2.738394E-08,-1.1885883E-01
2.743394E-08,-1.1058352E-01
2.748394E-08,-1.0167570E-01
2.753394E-08,-9.218807E-02
2.758394E-08,-8.222607E-02
2.763394E-08,-7.184239E-02
2.768394E-08,-6.103705E-02
2.773394E-08,-4.996815E-02
2.778394E-08,-3.863572E-02
2.783394E-08,-2.719786E-02
2.788394E-08,-1.570729E-02
2.793394E-08,-4.21673E-03
2.798394E-08,7.11571E-03
2.803394E-08,1.829002E-02
2.808394E-08,2.920079E-02
2.813394E-08,3.974259E-02
2.818394E-08,4.986272E-02
2.823394E-08,5.950847E-02
2.828394E-08,6.862713E-02
2.833394E-08,7.716599E-02
2.838394E-08,8.507234E-02
2.843394E-08,9.239889E-02
2.848394E-08,9.898752E-02
2.853394E-08,1.0494364E-01
2.858394E-08,1.1016183E-01
2.863394E-08,1.1474751E-01
2.868394E-08,1.1870069E-01
2.873394E-08,1.2196865E-01
2.878394E-08,1.2460410E-01
2.883394E-08,1.2671246E-01
2.888394E-08,1.2824102E-01
2.893394E-08,1.2929520E-01
2.898394E-08,1.2992771E-01
2.903394E-08,1.3013855E-01
2.908394E-08,1.3008584E-01
2.913394E-08,1.2966417E-01
2.918394E-08,1.2908437E-01
2.923394E-08,1.2829373E-01
2.928394E-08,1.2739768E-01
2.933394E-08,1.2644892E-01
2.938394E-08,1.2544744E-01
2.943394E-08,1.2449868E-01
2.948394E-08,1.2360263E-01
2.953394E-08,1.2275929E-01
2.958394E-08,1.2202136E-01
2.963394E-08,1.2144156E-01
2.968394E-08,1.2096718E-01
2.973394E-08,1.2070363E-01
2.978394E-08,1.2054551E-01
2.983394E-08,1.2054551E-01
2.988394E-08,1.2070363E-01
2.993394E-08,1.2101989E-01
2.998394E-08,1.2144156E-01
3.003394E-08,1.2196865E-01
3.008394E-08,1.2254845E-01
3.013394E-08,1.2323367E-01
3.018394E-08,1.2397159E-01
3.023394E-08,1.2470952E-01
3.028394E-08,1.2544744E-01
3.033394E-08,1.2613266E-01
3.038394E-08,1.2681788E-01
3.043394E-08,1.2739768E-01
3.048394E-08,1.2792477E-01
3.053394E-08,1.2834644E-01
3.058394E-08,1.2866269E-01
3.063394E-08,1.2887353E-01
3.068394E-08,1.2892624E-01
3.073394E-08,1.2892624E-01
3.078394E-08,1.2876811E-01
3.083394E-08,1.2845186E-01
3.088394E-08,1.2808290E-01
3.093394E-08,1.2760851E-01
3.098394E-08,1.2702872E-01
3.103394E-08,1.2644892E-01
3.108394E-08,1.2576370E-01
3.113394E-08,1.2502577E-01
3.118394E-08,1.2428785E-01
3.123394E-08,1.2354992E-01
3.128394E-08,1.2281199E-01
3.133394E-08,1.2207407E-01
3.138394E-08,1.2144156E-01
3.143394E-08,1.2080905E-01
3.148394E-08,1.2028196E-01
3.153394E-08,1.1980758E-01
3.158394E-08,1.1943862E-01
3.163394E-08,1.1917507E-01
3.168394E-08,1.1896424E-01
3.173394E-08,1.1885882E-01
3.178394E-08,1.1885882E-01
3.183394E-08,1.1891153E-01
3.188394E-08,1.1906965E-01
3.193394E-08,1.1928049E-01
3.198394E-08,1.1954404E-01
3.203394E-08,1.1986029E-01
3.208394E-08,1.2022925E-01
3.213394E-08,1.2059822E-01
3.218394E-08,1.2096718E-01
3.223394E-08,1.2138885E-01
3.228394E-08,1.2170510E-01
3.233394E-08,1.2207407E-01
3.238394E-08,1.2233761E-01
3.243394E-08,1.2260116E-01
3.248394E-08,1.2275929E-01
3.253394E-08,1.2286470E-01
3.258394E-08,1.2291741E-01
3.263394E-08,1.2286470E-01
3.268394E-08,1.2281199E-01
3.273394E-08,1.2260116E-01
3.278394E-08,1.2239032E-01
3.283394E-08,1.2207407E-01
3.288394E-08,1.2170510E-01
3.293394E-08,1.2128343E-01
3.298394E-08,1.2080905E-01
3.303394E-08,1.2033467E-01
3.308394E-08,1.1980758E-01
3.313394E-08,1.1928049E-01
3.318394E-08,1.1875340E-01
3.323394E-08,1.1822631E-01
3.328394E-08,1.1769922E-01
3.333394E-08,1.1722484E-01
3.338394E-08,1.1680317E-01
3.343394E-08,1.1638149E-01
3.348394E-08,1.1601253E-01
3.353394E-08,1.1574899E-01
3.358394E-08,1.1548544E-01
3.363394E-08,1.1527461E-01
3.368394E-08,1.1516919E-01
3.373394E-08,1.1506377E-01
3.378394E-08,1.1506377E-01
3.383394E-08,1.1506377E-01
3.388394E-08,1.1516919E-01
3.393394E-08,1.1527461E-01
3.398394E-08,1.1538002E-01
3.403394E-08,1.1553815E-01
3.408394E-08,1.1569628E-01
3.413394E-08,1.1585440E-01
3.418394E-08,1.1601253E-01
3.423394E-08,1.1617066E-01
3.428394E-08,1.1632879E-01
3.433394E-08,1.1643420E-01
3.438394E-08,1.1653962E-01
3.443394E-08,1.1659233E-01
3.448394E-08,1.1659233E-01
3.453394E-08,1.1653962E-01
3.458394E-08,1.1648691E-01
3.463394E-08,1.1638149E-01
3.468394E-08,1.1627608E-01
3.473394E-08,1.1606524E-01
3.478394E-08,1.1590711E-01
3.483394E-08,1.1564357E-01
3.488394E-08,1.1538002E-01
3.493394E-08,1.1511648E-01
3.498394E-08,1.1485293E-01
3.503394E-08,1.1453668E-01
3.508394E-08,1.1427313E-01
3.513394E-08,1.1400959E-01
3.518394E-08,1.1374604E-01
3.523394E-08,1.1348250E-01
3.528394E-08,1.1327166E-01
3.533394E-08,1.1311354E-01
3.538394E-08,1.1295541E-01
3.543394E-08,1.1284999E-01
3.548394E-08,1.1274457E-01
3.553394E-08,1.1269186E-01
3.558394E-08,1.1269186E-01
3.563394E-08,1.1269186E-01
3.568394E-08,1.1274457E-01
3.573394E-08,1.1279728E-01
3.578394E-08,1.1284999E-01
3.583394E-08,1.1295541E-01
3.588394E-08,1.1306083E-01
3.593394E-08,1.1316624E-01
3.598394E-08,1.1327166E-01
3.603394E-08,1.1337708E-01
3.608394E-08,1.1342979E-01
3.613394E-08,1.1353521E-01
3.618394E-08,1.1353521E-01
3.623394E-08,1.1358792E-01
3.628394E-08,1.1358792E-01
3.633394E-08,1.1353521E-01
3.638394E-08,1.1348250E-01
3.643394E-08,1.1337708E-01
3.648394E-08,1.1327166E-01
3.653394E-08,1.1311354E-01
3.658394E-08,1.1295541E-01
3.663394E-08,1.1279728E-01
3.668394E-08,1.1258645E-01
3.673394E-08,1.1237561E-01
3.678394E-08,1.1221748E-01
3.683394E-08,1.1200665E-01
3.688394E-08,1.1184852E-01
3.693394E-08,1.1169039E-01
3.698394E-08,1.1158497E-01
3.703394E-08,1.1147956E-01
3.708394E-08,1.1142685E-01
3.713394E-08,1.1137414E-01
3.718394E-08,1.1142685E-01
3.723394E-08,1.1147956E-01
3.728394E-08,1.1158497E-01
3.733394E-08,1.1174310E-01
3.738394E-08,1.1190123E-01
3.743394E-08,1.1216477E-01
3.748394E-08,1.1242832E-01
3.753394E-08,1.1269186E-01
3.758394E-08,1.1300812E-01
3.763394E-08,1.1332437E-01
3.768394E-08,1.1364063E-01
3.773394E-08,1.1395688E-01
3.778394E-08,1.1427313E-01
3.783394E-08,1.1458939E-01
3.788394E-08,1.1485293E-01
3.793394E-08,1.1511648E-01
3.798394E-08,1.1532731E-01
3.803394E-08,1.1548544E-01
3.808394E-08,1.1559086E-01
3.813394E-08,1.1564357E-01
3.818394E-08,1.1559086E-01
3.823394E-08,1.1553815E-01
3.828394E-08,1.1543273E-01
3.833394E-08,1.1522190E-01
3.838394E-08,1.1501106E-01
3.843394E-08,1.1469481E-01
3.848394E-08,1.1437855E-01
3.853394E-08,1.1400959E-01
3.858394E-08,1.1358792E-01
3.863394E-08,1.1316624E-01
3.868394E-08,1.1274457E-01
3.873394E-08,1.1232290E-01
3.878394E-08,1.1190123E-01
3.883394E-08,1.1147956E-01
3.888394E-08,1.1105788E-01
3.893394E-08,1.1074163E-01
3.898394E-08,1.1042538E-01
3.903394E-08,1.1016183E-01
3.908394E-08,1.0995099E-01
3.913394E-08,1.0984558E-01
3.918394E-08,1.0974016E-01
3.923394E-08,1.0974016E-01
3.928394E-08,1.0974016E-01
3.933394E-08,1.0984558E-01
3.938394E-08,1.1000370E-01
3.943394E-08,1.1021454E-01
3.948394E-08,1.1042538E-01
3.953394E-08,1.1068892E-01
3.958394E-08,1.1100517E-01
3.963394E-08,1.1132143E-01
3.968394E-08,1.1163768E-01
3.973394E-08,1.1190123E-01
3.978394E-08,1.1221748E-01
3.983394E-08,1.1242832E-01
3.988394E-08,1.1263915E-01
3.993394E-08,1.1284999E-01
3.998394E-08,1.1295541E-01
4.003394E-08,1.1300812E-01
4.008394E-08,1.1295541E-01
4.013394E-08,1.1290270E-01
4.018394E-08,1.1274457E-01
4.023394E-08,1.1253374E-01
4.028394E-08,1.1221748E-01
4.033394E-08,1.1190123E-01
4.038394E-08,1.1147956E-01
4.043394E-08,1.1105788E-01
4.048394E-08,1.1058350E-01
4.053394E-08,1.1005641E-01
4.058394E-08,1.0952932E-01
4.063394E-08,1.0900223E-01
4.068394E-08,1.0847514E-01
4.073394E-08,1.0800076E-01
4.078394E-08,1.0752638E-01
4.083394E-08,1.0715742E-01
4.088394E-08,1.0678845E-01
4.093394E-08,1.0652491E-01
4.098394E-08,1.0631407E-01
4.103394E-08,1.0620865E-01
4.108394E-08,1.0615595E-01
4.113394E-08,1.0620865E-01
4.118394E-08,1.0636678E-01
4.123394E-08,1.0657762E-01
4.128394E-08,1.0689387E-01
4.133394E-08,1.0721013E-01
4.138394E-08,1.0763180E-01
4.143394E-08,1.0810618E-01
4.148394E-08,1.0858056E-01
4.153394E-08,1.0910765E-01
4.158394E-08,1.0958203E-01
4.163394E-08,1.1010912E-01
4.168394E-08,1.1053079E-01
4.173394E-08,1.1095247E-01
4.178394E-08,1.1126872E-01
4.183394E-08,1.1147956E-01
4.188394E-08,1.1163768E-01
4.193394E-08,1.1169039E-01
4.198394E-08,1.1158497E-01
4.203394E-08,1.1142685E-01
4.208394E-08,1.1111059E-01
4.213394E-08,1.1063621E-01
4.218394E-08,1.1010912E-01
4.223394E-08,1.0942390E-01
4.228394E-08,1.0868598E-01
4.233394E-08,1.0784263E-01
4.238394E-08,1.0694658E-01
4.243394E-08,1.0599782E-01
4.248394E-08,1.0504906E-01
4.253394E-08,1.0410029E-01
4.258394E-08,1.0315153E-01
4.263394E-08,1.0225548E-01
4.268394E-08,1.0146484E-01
4.273394E-08,1.0077963E-01
4.278394E-08,1.0025254E-01
4.283394E-08,9.988357E-02
4.288394E-08,9.962003E-02
4.293394E-08,9.962003E-02
4.298394E-08,9.977816E-02
4.303394E-08,1.0019983E-01
4.308394E-08,1.0077963E-01
4.313394E-08,1.0162297E-01
4.318394E-08,1.0267715E-01
4.323394E-08,1.0388946E-01
4.328394E-08,1.0525989E-01
4.333394E-08,1.0678845E-01
4.338394E-08,1.0842243E-01
4.343394E-08,1.1010912E-01
4.348394E-08,1.1190123E-01
4.353394E-08,1.1358792E-01
4.358394E-08,1.1527461E-01
4.363394E-08,1.1680317E-01
4.368394E-08,1.1817360E-01
4.373394E-08,1.1933320E-01
4.378394E-08,1.2017654E-01
4.383394E-08,1.2065092E-01
4.388394E-08,1.2070363E-01
4.393394E-08,1.2033467E-01
4.398394E-08,1.1943862E-01
4.403394E-08,1.1801547E-01
4.408394E-08,1.1595982E-01
4.413394E-08,1.1327166E-01
4.418394E-08,1.0995099E-01
4.423394E-08,1.0594511E-01
4.428394E-08,1.0125401E-01
4.433394E-08,9.587769E-02
4.438394E-08,8.981615E-02
4.443394E-08,8.306940E-02
4.448394E-08,7.569014E-02
4.453394E-08,6.773107E-02
4.458394E-08,5.913951E-02
4.463394E-08,5.007355E-02
4.468394E-08,4.053322E-02
4.473394E-08,3.057122E-02
4.478394E-08,2.029296E-02
4.483394E-08,9.69845E-03
4.488394E-08,-1.00148E-03
4.493394E-08,-1.185954E-02
4.498394E-08,-2.277030E-02
4.503394E-08,-3.357565E-02
4.508394E-08,-4.432829E-02
4.513394E-08,-5.481738E-02
4.518394E-08,-6.504293E-02
4.523394E-08,-7.495223E-02
4.528394E-08,-8.443985E-02
4.533394E-08,-9.345309E-02
4.538394E-08,-1.0199195E-01
4.543394E-08,-1.0995101E-01
4.548394E-08,-1.1733027E-01
4.553394E-08,-1.2407703E-01
4.558394E-08,-1.3019127E-01
4.563394E-08,-1.3567301E-01
4.568394E-08,-1.4052224E-01
4.573394E-08,-1.4473896E-01
4.578394E-08,-1.4832317E-01
4.583394E-08,-1.5132759E-01
4.588394E-08,-1.5375220E-01
4.593394E-08,-1.5564973E-01
4.598394E-08,-1.5707287E-01
4.603394E-08,-1.5802163E-01
4.608394E-08,-1.5854872E-01
4.613394E-08,-1.5875956E-01
4.618394E-08,-1.5865414E-01
4.623394E-08,-1.5833789E-01
4.628394E-08,-1.5781080E-01
4.633394E-08,-1.5712558E-01
4.638394E-08,-1.5638765E-01
4.643394E-08,-1.5554431E-01
4.648394E-08,-1.5475367E-01
4.653394E-08,-1.5396304E-01
4.658394E-08,-1.5322511E-01
4.663394E-08,-1.5253989E-01
4.668394E-08,-1.5201280E-01
4.673394E-08,-1.5164384E-01
4.678394E-08,-1.5132759E-01
4.683394E-08,-1.5122217E-01
4.688394E-08,-1.5127488E-01
4.693394E-08,-1.5143301E-01
4.698394E-08,-1.5174926E-01
4.703394E-08,-1.5217093E-01
4.708394E-08,-1.5269802E-01
4.713394E-08,-1.5333053E-01
4.718394E-08,-1.5401575E-01
4.723394E-08,-1.5475367E-01
4.728394E-08,-1.5554431E-01
4.733394E-08,-1.5628223E-01
4.738394E-08,-1.5707287E-01
4.743394E-08,-1.5775809E-01
4.748394E-08,-1.5839060E-01
4.753394E-08,-1.5891769E-01
4.758394E-08,-1.5939207E-01
4.763394E-08,-1.5976103E-01
4.768394E-08,-1.5997187E-01
4.773394E-08,-1.6007728E-01
4.778394E-08,-1.6007728E-01
4.783394E-08,-1.5991916E-01
4.788394E-08,-1.5960290E-01
4.793394E-08,-1.5923394E-01
4.798394E-08,-1.5870685E-01
4.803394E-08,-1.5807434E-01
4.808394E-08,-1.5733641E-01
4.813394E-08,-1.5654578E-01
4.818394E-08,-1.5564973E-01
4.823394E-08,-1.5475367E-01
4.828394E-08,-1.5380491E-01
4.833394E-08,-1.5285615E-01
4.838394E-08,-1.5190739E-01
4.843394E-08,-1.5101133E-01
4.848394E-08,-1.5011528E-01
4.853394E-08,-1.4927194E-01
4.858394E-08,-1.4853401E-01
4.863394E-08,-1.4784879E-01
4.868394E-08,-1.4726899E-01
4.873394E-08,-1.4674190E-01
4.878394E-08,-1.4632023E-01
4.883394E-08,-1.4600398E-01
4.888394E-08,-1.4579314E-01
4.893394E-08,-1.4568772E-01
4.898394E-08,-1.4568772E-01
4.903394E-08,-1.4574043E-01
4.908394E-08,-1.4584585E-01
4.913394E-08,-1.4605669E-01
4.918394E-08,-1.4626752E-01
4.923394E-08,-1.4658378E-01
4.928394E-08,-1.4690003E-01
4.933394E-08,-1.4721628E-01
4.938394E-08,-1.4753254E-01
4.943394E-08,-1.4784879E-01
4.948394E-08,-1.4811234E-01
4.953394E-08,-1.4837588E-01
4.958394E-08,-1.4858672E-01
4.963394E-08,-1.4874485E-01
4.968394E-08,-1.4885026E-01
4.973394E-08,-1.4885026E-01
4.978394E-08,-1.4885026E-01
4.983394E-08,-1.4874485E-01
4.988394E-08,-1.4858672E-01
4.993394E-08,-1.4837588E-01
4.998394E-08,-1.4805963E-01
5.003394E-08,-1.4774337E-01
5.008394E-08,-1.4732170E-01
5.013394E-08,-1.4690003E-01
5.018394E-08,-1.4647836E-01
5.023394E-08,-1.4600398E-01
5.028394E-08,-1.4547689E-01
5.033394E-08,-1.4500251E-01
5.038394E-08,-1.4452812E-01
5.043394E-08,-1.4405374E-01
5.048394E-08,-1.4363207E-01
5.053394E-08,-1.4326311E-01
5.058394E-08,-1.4289415E-01
5.063394E-08,-1.4263060E-01
5.068394E-08,-1.4236705E-01
5.073394E-08,-1.4215622E-01
5.078394E-08,-1.4205080E-01
5.083394E-08,-1.4199809E-01
5.088394E-08,-1.4194538E-01
5.093394E-08,-1.4205080E-01
5.098394E-08,-1.4215622E-01
5.103394E-08,-1.4226164E-01
5.108394E-08,-1.4247247E-01
5.113394E-08,-1.4273602E-01
5.118394E-08,-1.4294685E-01
5.123394E-08,-1.4326311E-01
5.128394E-08,-1.4352665E-01
5.133394E-08,-1.4384291E-01
5.138394E-08,-1.4415916E-01
5.143394E-08,-1.4442271E-01
5.148394E-08,-1.4468625E-01
5.153394E-08,-1.4489709E-01
5.158394E-08,-1.4510792E-01
5.163394E-08,-1.4526605E-01
5.168394E-08,-1.4542418E-01
5.173394E-08,-1.4547689E-01
5.178394E-08,-1.4547689E-01
5.183394E-08,-1.4547689E-01
5.188394E-08,-1.4542418E-01
5.193394E-08,-1.4531876E-01
5.198394E-08,-1.4510792E-01
5.203394E-08,-1.4494980E-01
5.208394E-08,-1.4468625E-01
5.213394E-08,-1.4442271E-01
5.218394E-08,-1.4415916E-01
5.223394E-08,-1.4384291E-01
5.228394E-08,-1.4352665E-01
5.233394E-08,-1.4321040E-01
5.238394E-08,-1.4289415E-01
5.243394E-08,-1.4257789E-01
5.248394E-08,-1.4231435E-01
5.253394E-08,-1.4205080E-01
5.258394E-08,-1.4178726E-01
5.263394E-08,-1.4157642E-01
5.268394E-08,-1.4141829E-01
5.273394E-08,-1.4126017E-01
5.278394E-08,-1.4115475E-01
5.283394E-08,-1.4110204E-01
5.288394E-08,-1.4110204E-01
5.293394E-08,-1.4115475E-01
5.298394E-08,-1.4120746E-01
5.303394E-08,-1.4131287E-01
5.308394E-08,-1.4147100E-01
5.313394E-08,-1.4162913E-01
5.318394E-08,-1.4183996E-01
5.323394E-08,-1.4205080E-01
5.328394E-08,-1.4231435E-01
5.333394E-08,-1.4257789E-01
5.338394E-08,-1.4284144E-01
5.343394E-08,-1.4310498E-01
5.348394E-08,-1.4336853E-01
5.353394E-08,-1.4363207E-01
5.358394E-08,-1.4384291E-01
5.363394E-08,-1.4410645E-01
5.368394E-08,-1.4431729E-01
5.373394E-08,-1.4452812E-01
5.378394E-08,-1.4468625E-01
5.383394E-08,-1.4484438E-01
5.388394E-08,-1.4500251E-01
5.393394E-08,-1.4510792E-01
5.398394E-08,-1.4521334E-01
5.403394E-08,-1.4526605E-01
5.408394E-08,-1.4537147E-01
5.413394E-08,-1.4542418E-01
5.418394E-08,-1.4547689E-01
5.423394E-08,-1.4547689E-01
5.428394E-08,-1.4552960E-01
5.433394E-08,-1.4558230E-01
5.438394E-08,-1.4558230E-01
5.443394E-08,-1.4563501E-01
5.448394E-08,-1.4568772E-01
5.453394E-08,-1.4574043E-01
5.458394E-08,-1.4579314E-01
5.463394E-08,-1.4589856E-01
5.468394E-08,-1.4600398E-01
5.473394E-08,-1.4610939E-01
5.478394E-08,-1.4621481E-01
5.483394E-08,-1.4637294E-01
5.488394E-08,-1.4653107E-01
5.493394E-08,-1.4668919E-01
5.498394E-08,-1.4684732E-01
5.503394E-08,-1.4705816E-01
5.508394E-08,-1.4721628E-01
5.513394E-08,-1.4742712E-01
5.518394E-08,-1.4763796E-01
5.523394E-08,-1.4779608E-01
5.528394E-08,-1.4800692E-01
5.533394E-08,-1.4816505E-01
5.538394E-08,-1.4832317E-01
5.543394E-08,-1.4848130E-01
5.548394E-08,-1.4863943E-01
5.553394E-08,-1.4879755E-01
5.558394E-08,-1.4890297E-01
5.563394E-08,-1.4900839E-01
5.568394E-08,-1.4906110E-01
5.573394E-08,-1.4911381E-01
5.578394E-08,-1.4916652E-01
5.583394E-08,-1.4921923E-01
5.588394E-08,-1.4921923E-01
5.593394E-08,-1.4921923E-01
5.598394E-08,-1.4916652E-01
5.603394E-08,-1.4916652E-01
5.608394E-08,-1.4916652E-01
5.613394E-08,-1.4911381E-01
5.618394E-08,-1.4906110E-01
5.623394E-08,-1.4906110E-01
5.628394E-08,-1.4900839E-01
5.633394E-08,-1.4900839E-01
5.638394E-08,-1.4900839E-01
5.643394E-08,-1.4900839E-01
5.648394E-08,-1.4900839E-01
5.653394E-08,-1.4900839E-01
5.658394E-08,-1.4906110E-01
5.663394E-08,-1.4911381E-01
5.668394E-08,-1.4921923E-01
5.673394E-08,-1.4927194E-01
5.678394E-08,-1.4937735E-01
5.683394E-08,-1.4953548E-01
5.688394E-08,-1.4964090E-01
5.693394E-08,-1.4979903E-01
5.698394E-08,-1.4990444E-01
5.703394E-08,-1.5006257E-01
5.708394E-08,-1.5022070E-01
5.713394E-08,-1.5037883E-01
5.718394E-08,-1.5053695E-01
5.723394E-08,-1.5064237E-01
5.728394E-08,-1.5080050E-01
5.733394E-08,-1.5090592E-01
5.738394E-08,-1.5101133E-01
5.743394E-08,-1.5106404E-01
5.748394E-08,-1.5116946E-01
5.753394E-08,-1.5116946E-01
5.758394E-08,-1.5122217E-01
5.763394E-08,-1.5122217E-01
5.768394E-08,-1.5122217E-01
5.773394E-08,-1.5116946E-01
5.778394E-08,-1.5111675E-01
5.783394E-08,-1.5101133E-01
5.788394E-08,-1.5095862E-01
5.793394E-08,-1.5085321E-01
5.798394E-08,-1.5069508E-01
5.803394E-08,-1.5058966E-01
5.808394E-08,-1.5043153E-01
5.813394E-08,-1.5027341E-01
5.818394E-08,-1.5011528E-01
5.823394E-08,-1.4995715E-01
5.828394E-08,-1.4979903E-01
5.833394E-08,-1.4964090E-01
5.838394E-08,-1.4948277E-01
5.843394E-08,-1.4932464E-01
5.848394E-08,-1.4921923E-01
5.853394E-08,-1.4906110E-01
5.858394E-08,-1.4895568E-01
5.863394E-08,-1.4885026E-01
5.868394E-08,-1.4874485E-01
5.873394E-08,-1.4869214E-01
5.878394E-08,-1.4863943E-01
5.883394E-08,-1.4858672E-01
5.888394E-08,-1.4853401E-01
5.893394E-08,-1.4848130E-01
5.898394E-08,-1.4848130E-01
5.903394E-08,-1.4842859E-01
5.908394E-08,-1.4842859E-01
5.913394E-08,-1.4842859E-01
5.918394E-08,-1.4842859E-01
5.923394E-08,-1.4842859E-01
5.928394E-08,-1.4842859E-01
5.933394E-08,-1.4837588E-01
5.938394E-08,-1.4837588E-01
5.943394E-08,-1.4837588E-01
5.948394E-08,-1.4837588E-01
5.953394E-08,-1.4832317E-01
5.958394E-08,-1.4827046E-01
5.963394E-08,-1.4827046E-01
5.968394E-08,-1.4821776E-01
5.973394E-08,-1.4816505E-01
5.978394E-08,-1.4805963E-01
5.983394E-08,-1.4800692E-01
5.988394E-08,-1.4795421E-01
5.993394E-08,-1.4790150E-01
5.998394E-08,-1.4784879E-01
6.003394E-08,-1.4779608E-01
6.008394E-08,-1.4769067E-01
6.013394E-08,-1.4769067E-01
6.018394E-08,-1.4763796E-01
6.023394E-08,-1.4758525E-01
6.028394E-08,-1.4758525E-01
6.033394E-08,-1.4758525E-01
6.038394E-08,-1.4758525E-01
6.043394E-08,-1.4758525E-01
6.048394E-08,-1.4763796E-01
6.053394E-08,-1.4769067E-01
6.058394E-08,-1.4774337E-01
6.063394E-08,-1.4779608E-01
6.068394E-08,-1.4790150E-01
6.073394E-08,-1.4800692E-01
6.078394E-08,-1.4811234E-01
6.083394E-08,-1.4821776E-01
6.088394E-08,-1.4837588E-01
6.093394E-08,-1.4853401E-01
6.098394E-08,-1.4863943E-01
6.103394E-08,-1.4879755E-01
6.108394E-08,-1.4895568E-01
6.113394E-08,-1.4906110E-01
6.118394E-08,-1.4921923E-01
6.123394E-08,-1.4932464E-01
6.128394E-08,-1.4948277E-01
6.133394E-08,-1.4958819E-01
6.138394E-08,-1.4964090E-01
6.143394E-08,-1.4974632E-01
6.148394E-08,-1.4979903E-01
6.153394E-08,-1.4985173E-01
6.158394E-08,-1.4990444E-01
6.163394E-08,-1.4990444E-01
6.168394E-08,-1.4990444E-01
6.173394E-08,-1.4990444E-01
6.178394E-08,-1.4990444E-01
6.183394E-08,-1.4985173E-01
6.188394E-08,-1.4979903E-01
6.193394E-08,-1.4974632E-01
6.198394E-08,-1.4969361E-01
6.203394E-08,-1.4958819E-01
6.208394E-08,-1.4953548E-01
6.213394E-08,-1.4943006E-01
6.218394E-08,-1.4937735E-01
6.223394E-08,-1.4932464E-01
6.228394E-08,-1.4921923E-01
6.233394E-08,-1.4916652E-01
6.238394E-08,-1.4911381E-01
6.243394E-08,-1.4911381E-01
6.248394E-08,-1.4906110E-01
6.253394E-08,-1.4906110E-01
6.258394E-08,-1.4906110E-01
6.263394E-08,-1.4906110E-01
6.268394E-08,-1.4911381E-01
6.273394E-08,-1.4916652E-01
6.278394E-08,-1.4921923E-01
6.283394E-08,-1.4927194E-01
6.288394E-08,-1.4937735E-01
6.293394E-08,-1.4948277E-01
6.298394E-08,-1.4958819E-01
6.303394E-08,-1.4969361E-01
6.308394E-08,-1.4979903E-01
6.313394E-08,-1.4990444E-01
6.318394E-08,-1.5006257E-01
6.323394E-08,-1.5016799E-01
6.328394E-08,-1.5027341E-01
6.333394E-08,-1.5043153E-01
6.338394E-08,-1.5053695E-01
6.343394E-08,-1.5064237E-01
6.348394E-08,-1.5069508E-01
6.353394E-08,-1.5080050E-01
6.358394E-08,-1.5085321E-01
6.363394E-08,-1.5090592E-01
6.368394E-08,-1.5095862E-01
6.373394E-08,-1.5101133E-01
6.378394E-08,-1.5101133E-01
6.383394E-08,-1.5101133E-01
6.388394E-08,-1.5101133E-01
6.393394E-08,-1.5095862E-01
6.398394E-08,-1.5095862E-01
6.403394E-08,-1.5090592E-01
6.408394E-08,-1.5085321E-01
6.413394E-08,-1.5080050E-01
6.418394E-08,-1.5069508E-01
6.423394E-08,-1.5064237E-01
6.428394E-08,-1.5053695E-01
6.433394E-08,-1.5048424E-01
6.438394E-08,-1.5037883E-01
6.443394E-08,-1.5032612E-01
6.448394E-08,-1.5022070E-01
6.453394E-08,-1.5016799E-01
6.458394E-08,-1.5006257E-01
6.463394E-08,-1.5000986E-01
6.468394E-08,-1.4995715E-01
6.473394E-08,-1.4990444E-01
6.478394E-08,-1.4979903E-01
6.483394E-08,-1.4974632E-01
6.488394E-08,-1.4969361E-01
6.493394E-08,-1.4964090E-01
6.498394E-08,-1.4958819E-01
6.503394E-08,-1.4953548E-01
6.508394E-08,-1.4948277E-01
6.513394E-08,-1.4943006E-01
6.518394E-08,-1.4932464E-01
6.523394E-08,-1.4927194E-01
6.528394E-08,-1.4921923E-01
6.533394E-08,-1.4916652E-01
6.538394E-08,-1.4911381E-01
6.543394E-08,-1.4911381E-01
6.548394E-08,-1.4906110E-01
6.553394E-08,-1.4900839E-01
6.558394E-08,-1.4895568E-01
6.563394E-08,-1.4890297E-01
6.568394E-08,-1.4885026E-01
6.573394E-08,-1.4879755E-01
6.578394E-08,-1.4874485E-01
6.583394E-08,-1.4869214E-01
6.588394E-08,-1.4863943E-01
6.593394E-08,-1.4858672E-01
6.598394E-08,-1.4853401E-01
6.603394E-08,-1.4848130E-01
6.608394E-08,-1.4842859E-01
6.613394E-08,-1.4837588E-01
6.618394E-08,-1.4832317E-01
6.623394E-08,-1.4827046E-01
6.628394E-08,-1.4821776E-01
6.633394E-08,-1.4816505E-01
6.638394E-08,-1.4816505E-01
6.643394E-08,-1.4811234E-01
6.648394E-08,-1.4805963E-01
6.653394E-08,-1.4800692E-01
6.658394E-08,-1.4795421E-01
6.663394E-08,-1.4790150E-01
6.668394E-08,-1.4790150E-01
6.673394E-08,-1.4784879E-01
6.678394E-08,-1.4779608E-01
6.683394E-08,-1.4774337E-01
6.688394E-08,-1.4769067E-01
6.693394E-08,-1.4769067E-01
6.698394E-08,-1.4763796E-01
6.703394E-08,-1.4758525E-01
6.708394E-08,-1.4758525E-01
6.713394E-08,-1.4753254E-01
6.718394E-08,-1.4747983E-01
6.723394E-08,-1.4747983E-01
6.728394E-08,-1.4742712E-01
6.733394E-08,-1.4737441E-01
6.738394E-08,-1.4737441E-01
6.743394E-08,-1.4732170E-01
6.748394E-08,-1.4732170E-01
6.753394E-08,-1.4726899E-01
6.758394E-08,-1.4721628E-01
6.763394E-08,-1.4721628E-01
6.768394E-08,-1.4716358E-01
6.773394E-08,-1.4716358E-01
6.778394E-08,-1.4711087E-01
6.783394E-08,-1.4711087E-01
6.788394E-08,-1.4711087E-01
6.793394E-08,-1.4711087E-01
6.798394E-08,-1.4705816E-01
6.803394E-08,-1.4705816E-01
6.808394E-08,-1.4705816E-01
6.813394E-08,-1.4705816E-01
6.818394E-08,-1.4705816E-01
6.823394E-08,-1.4705816E-01
6.828394E-08,-1.4705816E-01
6.833394E-08,-1.4711087E-01
6.838394E-08,-1.4711087E-01
6.843394E-08,-1.4711087E-01
6.848394E-08,-1.4716358E-01
6.853394E-08,-1.4716358E-01
6.858394E-08,-1.4716358E-01
6.863394E-08,-1.4721628E-01
6.868394E-08,-1.4721628E-01
6.873394E-08,-1.4726899E-01
6.878394E-08,-1.4732170E-01
6.883394E-08,-1.4732170E-01
6.888394E-08,-1.4737441E-01
6.893394E-08,-1.4737441E-01
6.898394E-08,-1.4742712E-01
6.903394E-08,-1.4742712E-01
6.908394E-08,-1.4747983E-01
6.913394E-08,-1.4753254E-01
6.918394E-08,-1.4753254E-01
6.923394E-08,-1.4758525E-01
6.928394E-08,-1.4763796E-01
6.933394E-08,-1.4763796E-01
6.938394E-08,-1.4769067E-01
6.943394E-08,-1.4769067E-01
6.948394E-08,-1.4774337E-01
6.953394E-08,-1.4779608E-01
6.958394E-08,-1.4779608E-01
6.963394E-08,-1.4784879E-01
6.968394E-08,-1.4790150E-01
6.973394E-08,-1.4795421E-01
6.978394E-08,-1.4795421E-01
6.983394E-08,-1.4800692E-01
6.988394E-08,-1.4805963E-01
6.993394E-08,-1.4811234E-01
6.998394E-08,-1.4816505E-01
7.003394E-08,-1.4821776E-01
7.008394E-08,-1.4827046E-01
7.013394E-08,-1.4832317E-01
7.018394E-08,-1.4837588E-01
7.023394E-08,-1.4848130E-01
7.028394E-08,-1.4853401E-01
7.033394E-08,-1.4858672E-01
7.038394E-08,-1.4869214E-01
7.043394E-08,-1.4874485E-01
7.048394E-08,-1.4879755E-01
7.053394E-08,-1.4890297E-01
7.058394E-08,-1.4895568E-01
7.063394E-08,-1.4906110E-01
7.068394E-08,-1.4911381E-01
7.073394E-08,-1.4916652E-01
7.078394E-08,-1.4927194E-01
7.083394E-08,-1.4932464E-01
7.088394E-08,-1.4937735E-01
7.093394E-08,-1.4948277E-01
7.098394E-08,-1.4953548E-01
7.103394E-08,-1.4958819E-01
7.108394E-08,-1.4964090E-01
7.113394E-08,-1.4969361E-01
7.118394E-08,-1.4974632E-01
7.123394E-08,-1.4979903E-01
7.128394E-08,-1.4979903E-01
7.133394E-08,-1.4985173E-01
7.138394E-08,-1.4990444E-01
7.143394E-08,-1.4995715E-01
7.148394E-08,-1.4995715E-01
7.153394E-08,-1.5000986E-01
7.158394E-08,-1.5006257E-01
7.163394E-08,-1.5006257E-01
7.168394E-08,-1.5011528E-01
7.173394E-08,-1.5011528E-01
7.178394E-08,-1.5016799E-01
7.183394E-08,-1.5022070E-01
7.188394E-08,-1.5022070E-01
7.193394E-08,-1.5027341E-01
7.198394E-08,-1.5032612E-01
7.203394E-08,-1.5032612E-01
7.208394E-08,-1.5037883E-01
7.213394E-08,-1.5043153E-01
7.218394E-08,-1.5048424E-01
7.223394E-08,-1.5053695E-01
7.228394E-08,-1.5058966E-01
7.233394E-08,-1.5058966E-01
7.238394E-08,-1.5064237E-01
7.243394E-08,-1.5069508E-01
7.248394E-08,-1.5074779E-01
7.253394E-08,-1.5080050E-01
7.258394E-08,-1.5085321E-01
7.263394E-08,-1.5090592E-01
7.268394E-08,-1.5095862E-01
7.273394E-08,-1.5095862E-01
7.278394E-08,-1.5101133E-01
7.283394E-08,-1.5106404E-01
7.288394E-08,-1.5106404E-01
7.293394E-08,-1.5106404E-01
7.298394E-08,-1.5111675E-01
7.303394E-08,-1.5111675E-01
7.308394E-08,-1.5111675E-01
7.313394E-08,-1.5111675E-01
7.318394E-08,-1.5111675E-01
7.323394E-08,-1.5111675E-01
7.328394E-08,-1.5111675E-01
7.333394E-08,-1.5106404E-01
7.338394E-08,-1.5106404E-01
7.343394E-08,-1.5101133E-01
7.348394E-08,-1.5101133E-01
7.353394E-08,-1.5095862E-01
7.358394E-08,-1.5090592E-01
7.363394E-08,-1.5085321E-01
7.368394E-08,-1.5080050E-01
7.373394E-08,-1.5074779E-01
7.378394E-08,-1.5069508E-01
7.383394E-08,-1.5069508E-01
7.388394E-08,-1.5064237E-01
7.393394E-08,-1.5058966E-01
7.398394E-08,-1.5053695E-01
7.403394E-08,-1.5048424E-01
7.408394E-08,-1.5043153E-01
7.413394E-08,-1.5043153E-01
7.418394E-08,-1.5037883E-01
7.423394E-08,-1.5032612E-01
7.428394E-08,-1.5032612E-01
7.433394E-08,-1.5027341E-01
7.438394E-08,-1.5022070E-01
7.443394E-08,-1.5022070E-01
7.448394E-08,-1.5022070E-01
7.453394E-08,-1.5016799E-01
7.458394E-08,-1.5016799E-01
7.463394E-08,-1.5011528E-01
7.468394E-08,-1.5011528E-01
7.473394E-08,-1.5006257E-01
7.478394E-08,-1.5006257E-01
7.483394E-08,-1.5006257E-01
7.488394E-08,-1.5000986E-01
7.493394E-08,-1.5000986E-01
7.498394E-08,-1.4995715E-01
7.503394E-08,-1.4995715E-01
7.508394E-08,-1.4990444E-01
7.513394E-08,-1.4985173E-01
7.518394E-08,-1.4985173E-01
7.523394E-08,-1.4979903E-01
7.528394E-08,-1.4974632E-01
7.533394E-08,-1.4969361E-01
7.538394E-08,-1.4964090E-01
7.543394E-08,-1.4958819E-01
7.548394E-08,-1.4958819E-01
7.553394E-08,-1.4948277E-01
7.558394E-08,-1.4948277E-01
7.563394E-08,-1.4943006E-01
7.568394E-08,-1.4937735E-01
7.573394E-08,-1.4927194E-01
7.578394E-08,-1.4921923E-01
7.583394E-08,-1.4916652E-01
7.588394E-08,-1.4911381E-01
7.593394E-08,-1.4906110E-01
7.598394E-08,-1.4906110E-01
7.603394E-08,-1.4900839E-01
7.608394E-08,-1.4895568E-01
7.613394E-08,-1.4890297E-01
7.618394E-08,-1.4890297E-01
7.623394E-08,-1.4885026E-01
7.628394E-08,-1.4879755E-01
7.633394E-08,-1.4879755E-01
7.638394E-08,-1.4879755E-01
7.643394E-08,-1.4874485E-01
7.648394E-08,-1.4874485E-01
7.653394E-08,-1.4869214E-01
7.658394E-08,-1.4869214E-01
7.663394E-08,-1.4869214E-01
7.668394E-08,-1.4869214E-01
7.673394E-08,-1.4863943E-01
7.678394E-08,-1.4863943E-01
7.683394E-08,-1.4863943E-01
7.688394E-08,-1.4863943E-01
7.693394E-08,-1.4863943E-01
7.698394E-08,-1.4863943E-01
7.703394E-08,-1.4858672E-01
7.708394E-08,-1.4858672E-01
7.713394E-08,-1.4858672E-01
7.718394E-08,-1.4858672E-01
7.723394E-08,-1.4858672E-01
7.728394E-08,-1.4853401E-01
7.733394E-08,-1.4853401E-01
7.738394E-08,-1.4853401E-01
7.743394E-08,-1.4853401E-01
7.748394E-08,-1.4848130E-01
7.753394E-08,-1.4848130E-01
7.758394E-08,-1.4848130E-01
7.763394E-08,-1.4848130E-01
7.768394E-08,-1.4848130E-01
7.773394E-08,-1.4848130E-01
7.778394E-08,-1.4842859E-01
7.783394E-08,-1.4842859E-01
7.788394E-08,-1.4842859E-01
7.793394E-08,-1.4842859E-01
7.798394E-08,-1.4848130E-01
7.803394E-08,-1.4848130E-01
7.808394E-08,-1.4848130E-01
7.813394E-08,-1.4848130E-01
7.818394E-08,-1.4853401E-01
7.823394E-08,-1.4853401E-01
7.828394E-08,-1.4858672E-01
7.833394E-08,-1.4858672E-01
7.838394E-08,-1.4863943E-01
7.843394E-08,-1.4869214E-01
7.848394E-08,-1.4869214E-01
7.853394E-08,-1.4874485E-01
7.858394E-08,-1.4879755E-01
7.863394E-08,-1.4885026E-01
7.868394E-08,-1.4885026E-01
7.873394E-08,-1.4890297E-01
7.878394E-08,-1.4895568E-01
7.883394E-08,-1.4900839E-01
7.888394E-08,-1.4906110E-01
7.893394E-08,-1.4906110E-01
7.898394E-08,-1.4911381E-01
7.903394E-08,-1.4916652E-01
7.908394E-08,-1.4921923E-01
7.913394E-08,-1.4921923E-01
7.918394E-08,-1.4927194E-01
7.923394E-08,-1.4927194E-01
7.928394E-08,-1.4932464E-01
7.933394E-08,-1.4932464E-01
7.938394E-08,-1.4937735E-01
7.943394E-08,-1.4937735E-01
7.948394E-08,-1.4937735E-01
7.953394E-08,-1.4943006E-01
7.958394E-08,-1.4943006E-01
7.963394E-08,-1.4948277E-01
7.968394E-08,-1.4948277E-01
7.973394E-08,-1.4948277E-01
7.978394E-08,-1.4953548E-01
7.983394E-08,-1.4953548E-01
7.988394E-08,-1.4953548E-01
7.993394E-08,-1.4953548E-01
7.998394E-08,-1.4958819E-01
8.003394E-08,-1.4958819E-01
8.008394E-08,-1.4958819E-01
8.013394E-08,-1.4964090E-01
8.018394E-08,-1.4964090E-01
8.023394E-08,-1.4964090E-01
8.028394E-08,-1.4964090E-01
8.033394E-08,-1.4964090E-01
8.038394E-08,-1.4964090E-01
8.043394E-08,-1.4964090E-01
8.048394E-08,-1.4964090E-01
8.053394E-08,-1.4964090E-01
8.058394E-08,-1.4964090E-01
8.063394E-08,-1.4958819E-01
8.068394E-08,-1.4958819E-01
8.073394E-08,-1.4958819E-01
8.078394E-08,-1.4953548E-01
8.083394E-08,-1.4948277E-01
8.088394E-08,-1.4948277E-01
8.093394E-08,-1.4943006E-01
8.098394E-08,-1.4937735E-01
8.103394E-08,-1.4932464E-01
8.108394E-08,-1.4927194E-01
8.113394E-08,-1.4921923E-01
8.118394E-08,-1.4916652E-01
8.123394E-08,-1.4911381E-01
8.128394E-08,-1.4906110E-01
8.133394E-08,-1.4900839E-01
8.138394E-08,-1.4895568E-01
8.143394E-08,-1.4890297E-01
8.148394E-08,-1.4885026E-01
8.153394E-08,-1.4879755E-01
8.158394E-08,-1.4879755E-01
8.163394E-08,-1.4874485E-01
8.168394E-08,-1.4874485E-01
8.173394E-08,-1.4869214E-01
8.178394E-08,-1.4869214E-01
8.183394E-08,-1.4869214E-01
8.188394E-08,-1.4869214E-01
8.193394E-08,-1.4869214E-01
8.198394E-08,-1.4874485E-01
8.203394E-08,-1.4879755E-01
8.208394E-08,-1.4885026E-01
8.213394E-08,-1.4890297E-01
8.218394E-08,-1.4895568E-01
8.223394E-08,-1.4900839E-01
8.228394E-08,-1.4911381E-01
8.233394E-08,-1.4916652E-01
8.238394E-08,-1.4927194E-01
8.243394E-08,-1.4932464E-01
8.248394E-08,-1.4943006E-01
8.253394E-08,-1.4953548E-01
8.258394E-08,-1.4964090E-01
8.263394E-08,-1.4969361E-01
8.268394E-08,-1.4979903E-01
8.273394E-08,-1.4990444E-01
8.278394E-08,-1.4995715E-01
8.283394E-08,-1.5006257E-01
8.288394E-08,-1.5016799E-01
8.293394E-08,-1.5022070E-01
8.298394E-08,-1.5027341E-01
8.303394E-08,-1.5032612E-01
8.308394E-08,-1.5037883E-01
8.313394E-08,-1.5043153E-01
8.318394E-08,-1.5048424E-01
8.323394E-08,-1.5048424E-01
8.328394E-08,-1.5053695E-01
8.333394E-08,-1.5053695E-01
8.338394E-08,-1.5053695E-01
8.343394E-08,-1.5053695E-01
8.348394E-08,-1.5053695E-01
8.353394E-08,-1.5053695E-01
8.358394E-08,-1.5048424E-01
8.363394E-08,-1.5048424E-01
8.368394E-08,-1.5048424E-01
8.373394E-08,-1.5043153E-01
8.378394E-08,-1.5043153E-01
8.383394E-08,-1.5037883E-01
8.388394E-08,-1.5037883E-01
8.393394E-08,-1.5032612E-01
8.398394E-08,-1.5032612E-01
8.403394E-08,-1.5027341E-01
8.408394E-08,-1.5027341E-01
8.413394E-08,-1.5027341E-01
8.418394E-08,-1.5022070E-01
8.423394E-08,-1.5022070E-01
8.428394E-08,-1.5022070E-01
8.433394E-08,-1.5022070E-01
8.438394E-08,-1.5022070E-01
8.443394E-08,-1.5022070E-01
8.448394E-08,-1.5022070E-01
8.453394E-08,-1.5027341E-01
8.458394E-08,-1.5027341E-01
8.463394E-08,-1.5027341E-01
8.468394E-08,-1.5027341E-01
8.473394E-08,-1.5027341E-01
8.478394E-08,-1.5032612E-01
8.483394E-08,-1.5032612E-01
8.488394E-08,-1.5032612E-01
8.493394E-08,-1.5032612E-01
8.498394E-08,-1.5032612E-01
8.503394E-08,-1.5037883E-01
8.508394E-08,-1.5037883E-01
8.513394E-08,-1.5037883E-01
8.518394E-08,-1.5037883E-01
8.523394E-08,-1.5037883E-01
8.528394E-08,-1.5037883E-01
8.533394E-08,-1.5037883E-01
8.538394E-08,-1.5037883E-01
8.543394E-08,-1.5032612E-01
8.548394E-08,-1.5032612E-01
8.553394E-08,-1.5032612E-01
8.558394E-08,-1.5032612E-01
8.563394E-08,-1.5032612E-01
8.568394E-08,-1.5032612E-01
8.573394E-08,-1.5032612E-01
8.578394E-08,-1.5027341E-01
8.583394E-08,-1.5027341E-01
8.588394E-08,-1.5027341E-01
8.593394E-08,-1.5027341E-01
8.598394E-08,-1.5027341E-01
8.603394E-08,-1.5027341E-01
8.608394E-08,-1.5032612E-01
8.613394E-08,-1.5032612E-01
8.618394E-08,-1.5032612E-01
8.623394E-08,-1.5032612E-01
8.628394E-08,-1.5037883E-01
8.633394E-08,-1.5037883E-01
8.638394E-08,-1.5037883E-01
8.643394E-08,-1.5037883E-01
8.648394E-08,-1.5043153E-01
8.653394E-08,-1.5043153E-01
8.658394E-08,-1.5043153E-01
8.663394E-08,-1.5043153E-01
8.668394E-08,-1.5043153E-01
8.673394E-08,-1.5043153E-01
8.678394E-08,-1.5043153E-01
8.683394E-08,-1.5043153E-01
8.688394E-08,-1.5037883E-01
8.693394E-08,-1.5037883E-01
8.698394E-08,-1.5032612E-01
8.703394E-08,-1.5032612E-01
8.708394E-08,-1.5027341E-01
8.713394E-08,-1.5022070E-01
8.718394E-08,-1.5016799E-01
8.723394E-08,-1.5011528E-01
8.728394E-08,-1.5006257E-01
8.733394E-08,-1.5000986E-01
8.738394E-08,-1.4995715E-01
8.743394E-08,-1.4985173E-01
8.748394E-08,-1.4979903E-01
8.753394E-08,-1.4974632E-01
8.758394E-08,-1.4969361E-01
8.763394E-08,-1.4958819E-01
8.768394E-08,-1.4953548E-01
8.773394E-08,-1.4948277E-01
8.778394E-08,-1.4943006E-01
8.783394E-08,-1.4937735E-01
8.788394E-08,-1.4932464E-01
8.793394E-08,-1.4927194E-01
8.798394E-08,-1.4927194E-01
8.803394E-08,-1.4921923E-01
8.808394E-08,-1.4921923E-01
8.813394E-08,-1.4916652E-01
8.818394E-08,-1.4916652E-01
8.823394E-08,-1.4916652E-01
8.828394E-08,-1.4916652E-01
8.833394E-08,-1.4916652E-01
8.838394E-08,-1.4921923E-01
8.843394E-08,-1.4921923E-01
8.848394E-08,-1.4927194E-01
8.853394E-08,-1.4927194E-01
8.858394E-08,-1.4932464E-01
8.863394E-08,-1.4932464E-01
8.868394E-08,-1.4937735E-01
8.873394E-08,-1.4943006E-01
8.878394E-08,-1.4943006E-01
8.883394E-08,-1.4948277E-01
8.888394E-08,-1.4948277E-01
8.893394E-08,-1.4953548E-01
8.898394E-08,-1.4953548E-01
8.903394E-08,-1.4953548E-01
8.908394E-08,-1.4958819E-01
8.913394E-08,-1.4958819E-01
8.918394E-08,-1.4953548E-01
8.923394E-08,-1.4953548E-01
8.928394E-08,-1.4953548E-01
8.933394E-08,-1.4953548E-01
8.938394E-08,-1.4948277E-01
8.943394E-08,-1.4948277E-01
8.948394E-08,-1.4943006E-01
8.953394E-08,-1.4937735E-01
8.958394E-08,-1.4937735E-01
8.963394E-08,-1.4932464E-01
8.968394E-08,-1.4927194E-01
8.973394E-08,-1.4921923E-01
8.978394E-08,-1.4921923E-01
8.983394E-08,-1.4916652E-01
8.988394E-08,-1.4916652E-01
8.993394E-08,-1.4911381E-01
8.998394E-08,-1.4911381E-01
9.003394E-08,-1.4906110E-01
9.008394E-08,-1.4906110E-01
9.013394E-08,-1.4906110E-01
9.018394E-08,-1.4906110E-01
9.023394E-08,-1.4906110E-01
9.028394E-08,-1.4911381E-01
9.033394E-08,-1.4911381E-01
9.038394E-08,-1.4916652E-01
9.043394E-08,-1.4921923E-01
9.048394E-08,-1.4921923E-01
9.053394E-08,-1.4927194E-01
9.058394E-08,-1.4932464E-01
9.063394E-08,-1.4937735E-01
9.068394E-08,-1.4943006E-01
9.073394E-08,-1.4948277E-01
9.078394E-08,-1.4953548E-01
9.083394E-08,-1.4958819E-01
9.088394E-08,-1.4969361E-01
9.093394E-08,-1.4974632E-01
9.098394E-08,-1.4979903E-01
9.103394E-08,-1.4985173E-01
9.108394E-08,-1.4990444E-01
9.113394E-08,-1.4995715E-01
9.118394E-08,-1.4995715E-01
9.123394E-08,-1.5000986E-01
9.128394E-08,-1.5006257E-01
9.133394E-08,-1.5006257E-01
9.138394E-08,-1.5006257E-01
9.143394E-08,-1.5011528E-01
9.148394E-08,-1.5011528E-01
9.153394E-08,-1.5011528E-01
9.158394E-08,-1.5011528E-01
9.163394E-08,-1.5011528E-01
9.168394E-08,-1.5011528E-01
9.173394E-08,-1.5011528E-01
9.178394E-08,-1.5011528E-01
9.183394E-08,-1.5011528E-01
9.188394E-08,-1.5011528E-01
9.193394E-08,-1.5011528E-01
9.198394E-08,-1.5011528E-01
9.203394E-08,-1.5011528E-01
9.208394E-08,-1.5011528E-01
9.213394E-08,-1.5016799E-01
9.218394E-08,-1.5016799E-01
9.223394E-08,-1.5016799E-01
9.228394E-08,-1.5022070E-01
9.233394E-08,-1.5027341E-01
9.238394E-08,-1.5027341E-01
9.243394E-08,-1.5032612E-01
9.248394E-08,-1.5037883E-01
9.253394E-08,-1.5043153E-01
9.258394E-08,-1.5048424E-01
9.263394E-08,-1.5053695E-01
9.268394E-08,-1.5058966E-01
9.273394E-08,-1.5064237E-01
9.278394E-08,-1.5069508E-01
9.283394E-08,-1.5069508E-01
9.288394E-08,-1.5074779E-01
9.293394E-08,-1.5080050E-01
9.298394E-08,-1.5085321E-01
9.303394E-08,-1.5085321E-01
9.308394E-08,-1.5090592E-01
9.313394E-08,-1.5090592E-01
9.318394E-08,-1.5090592E-01
9.323394E-08,-1.5095862E-01
9.328394E-08,-1.5090592E-01
9.333394E-08,-1.5090592E-01
9.338394E-08,-1.5090592E-01
9.343394E-08,-1.5090592E-01
9.348394E-08,-1.5085321E-01
9.353394E-08,-1.5080050E-01
9.358394E-08,-1.5080050E-01
9.363394E-08,-1.5074779E-01
9.368394E-08,-1.5069508E-01
9.373394E-08,-1.5064237E-01
9.378394E-08,-1.5058966E-01
9.383394E-08,-1.5053695E-01
9.388394E-08,-1.5043153E-01
9.393394E-08,-1.5037883E-01
9.398394E-08,-1.5032612E-01
9.403394E-08,-1.5027341E-01
9.408394E-08,-1.5022070E-01
9.413394E-08,-1.5016799E-01
9.418394E-08,-1.5011528E-01
9.423394E-08,-1.5011528E-01
9.428394E-08,-1.5006257E-01
9.433394E-08,-1.5000986E-01
9.438394E-08,-1.5000986E-01
9.443394E-08,-1.4995715E-01
9.448394E-08,-1.4995715E-01
9.453394E-08,-1.4995715E-01
9.458394E-08,-1.4995715E-01
9.463394E-08,-1.4995715E-01
9.468394E-08,-1.4990444E-01
9.473394E-08,-1.4990444E-01
9.478394E-08,-1.4990444E-01
9.483394E-08,-1.4990444E-01
9.488394E-08,-1.4990444E-01
9.493394E-08,-1.4990444E-01
9.498394E-08,-1.4990444E-01
9.503394E-08,-1.4990444E-01
9.508394E-08,-1.4985173E-01
9.513394E-08,-1.4985173E-01
9.518394E-08,-1.4985173E-01
9.523394E-08,-1.4979903E-01
9.528394E-08,-1.4974632E-01
9.533394E-08,-1.4974632E-01
9.538394E-08,-1.4969361E-01
9.543394E-08,-1.4964090E-01
9.548394E-08,-1.4958819E-01
9.553394E-08,-1.4953548E-01
9.558394E-08,-1.4948277E-01
9.563394E-08,-1.4943006E-01
9.568394E-08,-1.4932464E-01
9.573394E-08,-1.4927194E-01
9.578394E-08,-1.4921923E-01
9.583394E-08,-1.4916652E-01
9.588394E-08,-1.4906110E-01
9.593394E-08,-1.4900839E-01
9.598394E-08,-1.4895568E-01
9.603394E-08,-1.4890297E-01
9.608394E-08,-1.4885026E-01
9.613394E-08,-1.4879755E-01
9.618394E-08,-1.4874485E-01
9.623394E-08,-1.4874485E-01
9.628394E-08,-1.4869214E-01
9.633394E-08,-1.4869214E-01
9.638394E-08,-1.4869214E-01
9.643394E-08,-1.4869214E-01
9.648394E-08,-1.4869214E-01
9.653394E-08,-1.4874485E-01
9.658394E-08,-1.4874485E-01
9.663394E-08,-1.4879755E-01
9.668394E-08,-1.4885026E-01
9.673394E-08,-1.4890297E-01
9.678394E-08,-1.4895568E-01
9.683394E-08,-1.4906110E-01
9.688394E-08,-1.4911381E-01
9.693394E-08,-1.4921923E-01
9.698394E-08,-1.4927194E-01
9.703394E-08,-1.4937735E-01
9.708394E-08,-1.4943006E-01
9.713394E-08,-1.4948277E-01
9.718394E-08,-1.4958819E-01
9.723394E-08,-1.4964090E-01
9.728394E-08,-1.4969361E-01
9.733394E-08,-1.4974632E-01
9.738394E-08,-1.4985173E-01
9.743394E-08,-1.4990444E-01
9.748394E-08,-1.4990444E-01
9.753394E-08,-1.4995715E-01
9.758394E-08,-1.5000986E-01
9.763394E-08,-1.5000986E-01
9.768394E-08,-1.5000986E-01
9.773394E-08,-1.5000986E-01
9.778394E-08,-1.5006257E-01
9.783394E-08,-1.5006257E-01
9.788394E-08,-1.5000986E-01
9.793394E-08,-1.5000986E-01
9.798394E-08,-1.5000986E-01
9.803394E-08,-1.4995715E-01
9.808394E-08,-1.4995715E-01
9.813394E-08,-1.4995715E-01
9.818394E-08,-1.4990444E-01
9.823394E-08,-1.4990444E-01
9.828394E-08,-1.4985173E-01
9.833394E-08,-1.4985173E-01
9.838394E-08,-1.4985173E-01
9.843394E-08,-1.4979903E-01
9.848394E-08,-1.4979903E-01
9.853394E-08,-1.4979903E-01
9.858394E-08,-1.4979903E-01
9.863394E-08,-1.4974632E-01
9.868394E-08,-1.4974632E-01
9.873394E-08,-1.4974632E-01
9.878394E-08,-1.4974632E-01
9.883394E-08,-1.4979903E-01
9.888394E-08,-1.4979903E-01
9.893394E-08,-1.4979903E-01
9.898394E-08,-1.4979903E-01
9.903394E-08,-1.4979903E-01
9.908394E-08,-1.4985173E-01
9.913394E-08,-1.4985173E-01
9.918394E-08,-1.4985173E-01
9.923394E-08,-1.4985173E-01
9.928394E-08,-1.4990444E-01
9.933394E-08,-1.4990444E-01
9.938394E-08,-1.4990444E-01
9.943394E-08,-1.4990444E-01
9.948394E-08,-1.4990444E-01
9.953394E-08,-1.4990444E-01
9.958394E-08,-1.4990444E-01
9.963394E-08,-1.4990444E-01
9.968394E-08,-1.4990444E-01
9.973394E-08,-1.4990444E-01
9.978394E-08,-1.4990444E-01
9.983394E-08,-1.4990444E-01
9.988394E-08,-1.4985173E-01
9.993394E-08,-1.4985173E-01
9.998394E-08,-1.4979903E-01
1.0003394E-07,-1.4979903E-01
1.0008394E-07,-1.4979903E-01
1.0013394E-07,-1.4974632E-01
1.0018394E-07,-1.4974632E-01
1.0023394E-07,-1.4969361E-01
1.0028394E-07,-1.4969361E-01
1.0033394E-07,-1.4964090E-01
1.0038394E-07,-1.4964090E-01
1.0043394E-07,-1.4958819E-01
1.0048394E-07,-1.4958819E-01
1.0053394E-07,-1.4953548E-01
1.0058394E-07,-1.4953548E-01
1.0063394E-07,-1.4948277E-01
1.0068394E-07,-1.4948277E-01
1.0073394E-07,-1.4948277E-01
1.0078394E-07,-1.4943006E-01
1.0083394E-07,-1.4943006E-01
1.0088394E-07,-1.4943006E-01
1.0093394E-07,-1.4943006E-01
1.0098394E-07,-1.4937735E-01
1.0103394E-07,-1.4937735E-01
1.0108394E-07,-1.4937735E-01
1.0113394E-07,-1.4937735E-01
1.0118394E-07,-1.4937735E-01
1.0123394E-07,-1.4937735E-01
1.0128394E-07,-1.4937735E-01
1.0133394E-07,-1.4932464E-01
1.0138394E-07,-1.4932464E-01
1.0143394E-07,-1.4932464E-01
1.0148394E-07,-1.4932464E-01
1.0153394E-07,-1.4932464E-01
1.0158394E-07,-1.4932464E-01
1.0163394E-07,-1.4932464E-01
1.0168394E-07,-1.4932464E-01
1.0173394E-07,-1.4932464E-01
1.0178394E-07,-1.4932464E-01
1.0183394E-07,-1.4932464E-01
1.0188394E-07,-1.4932464E-01
1.0193394E-07,-1.4932464E-01
1.0198394E-07,-1.4932464E-01
1.0203394E-07,-1.4932464E-01
1.0208394E-07,-1.4932464E-01
1.0213394E-07,-1.4932464E-01
1.0218394E-07,-1.4932464E-01
1.0223394E-07,-1.4932464E-01
1.0228394E-07,-1.4932464E-01
1.0233394E-07,-1.4937735E-01
1.0238394E-07,-1.4937735E-01
1.0243394E-07,-1.4937735E-01
1.0248394E-07,-1.4943006E-01
1.0253394E-07,-1.4943006E-01
1.0258394E-07,-1.4948277E-01
1.0263394E-07,-1.4948277E-01
1.0268394E-07,-1.4953548E-01
1.0273394E-07,-1.4953548E-01
1.0278394E-07,-1.4953548E-01
1.0283394E-07,-1.4958819E-01
1.0288394E-07,-1.4958819E-01
1.0293394E-07,-1.4964090E-01
1.0298394E-07,-1.4964090E-01
1.0303394E-07,-1.4964090E-01
1.0308394E-07,-1.4969361E-01
1.0313394E-07,-1.4969361E-01
1.0318394E-07,-1.4969361E-01
1.0323394E-07,-1.4969361E-01
1.0328394E-07,-1.4969361E-01
1.0333394E-07,-1.4974632E-01
1.0338394E-07,-1.4974632E-01
1.0343394E-07,-1.4974632E-01
1.0348394E-07,-1.4974632E-01
1.0353394E-07,-1.4974632E-01
1.0358394E-07,-1.4974632E-01
1.0363394E-07,-1.4974632E-01
1.0368394E-07,-1.4974632E-01
1.0373394E-07,-1.4974632E-01
1.0378394E-07,-1.4974632E-01
1.0383394E-07,-1.4974632E-01
1.0388394E-07,-1.4974632E-01
1.0393394E-07,-1.4974632E-01
1.0398394E-07,-1.4974632E-01
1.0403394E-07,-1.4974632E-01
1.0408394E-07,-1.4974632E-01
1.0413394E-07,-1.4979903E-01
1.0418394E-07,-1.4979903E-01
1.0423394E-07,-1.4979903E-01
1.0428394E-07,-1.4979903E-01
1.0433394E-07,-1.4985173E-01
1.0438394E-07,-1.4985173E-01
1.0443394E-07,-1.4985173E-01
1.0448394E-07,-1.4985173E-01
1.0453394E-07,-1.4990444E-01
1.0458394E-07,-1.4990444E-01
1.0463394E-07,-1.4990444E-01
1.0468394E-07,-1.4990444E-01
1.0473394E-07,-1.4990444E-01
1.0478394E-07,-1.4990444E-01
1.0483394E-07,-1.4990444E-01
1.0488394E-07,-1.4990444E-01
1.0493394E-07,-1.4990444E-01
1.0498394E-07,-1.4990444E-01
1.0503394E-07,-1.4985173E-01
1.0508394E-07,-1.4985173E-01
1.0513394E-07,-1.4979903E-01
1.0518394E-07,-1.4974632E-01
1.0523394E-07,-1.4969361E-01
1.0528394E-07,-1.4964090E-01
1.0533394E-07,-1.4958819E-01
1.0538394E-07,-1.4953548E-01
1.0543394E-07,-1.4948277E-01
1.0548394E-07,-1.4937735E-01
1.0553394E-07,-1.4932464E-01
1.0558394E-07,-1.4921923E-01
1.0563394E-07,-1.4916652E-01
1.0568394E-07,-1.4906110E-01
1.0573394E-07,-1.4900839E-01
1.0578394E-07,-1.4890297E-01
1.0583394E-07,-1.4885026E-01
1.0588394E-07,-1.4879755E-01
1.0593394E-07,-1.4869214E-01
1.0598394E-07,-1.4863943E-01
1.0603394E-07,-1.4858672E-01
1.0608394E-07,-1.4858672E-01
1.0613394E-07,-1.4853401E-01
1.0618394E-07,-1.4848130E-01
1.0623394E-07,-1.4848130E-01
1.0628394E-07,-1.4848130E-01
1.0633394E-07,-1.4848130E-01
1.0638394E-07,-1.4848130E-01
1.0643394E-07,-1.4848130E-01
1.0648394E-07,-1.4848130E-01
1.0653394E-07,-1.4853401E-01
1.0658394E-07,-1.4858672E-01
1.0663394E-07,-1.4863943E-01
1.0668394E-07,-1.4869214E-01
1.0673394E-07,-1.4874485E-01
1.0678394E-07,-1.4879755E-01
1.0683394E-07,-1.4890297E-01
1.0688394E-07,-1.4895568E-01
1.0693394E-07,-1.4906110E-01
1.0698394E-07,-1.4911381E-01
1.0703394E-07,-1.4921923E-01
1.0708394E-07,-1.4927194E-01
1.0713394E-07,-1.4932464E-01
1.0718394E-07,-1.4943006E-01
1.0723394E-07,-1.4948277E-01
1.0728394E-07,-1.4953548E-01
1.0733394E-07,-1.4958819E-01
1.0738394E-07,-1.4964090E-01
1.0743394E-07,-1.4964090E-01
1.0748394E-07,-1.4969361E-01
1.0753394E-07,-1.4969361E-01
1.0758394E-07,-1.4974632E-01
1.0763394E-07,-1.4974632E-01
1.0768394E-07,-1.4974632E-01
1.0773394E-07,-1.4974632E-01
1.0778394E-07,-1.4974632E-01
1.0783394E-07,-1.4969361E-01
1.0788394E-07,-1.4969361E-01
1.0793394E-07,-1.4964090E-01
1.0798394E-07,-1.4964090E-01
1.0803394E-07,-1.4958819E-01
1.0808394E-07,-1.4958819E-01
1.0813394E-07,-1.4953548E-01
1.0818394E-07,-1.4948277E-01
1.0823394E-07,-1.4948277E-01
1.0828394E-07,-1.4943006E-01
1.0833394E-07,-1.4937735E-01
1.0838394E-07,-1.4937735E-01
1.0843394E-07,-1.4932464E-01
1.0848394E-07,-1.4927194E-01
1.0853394E-07,-1.4927194E-01
1.0858394E-07,-1.4921923E-01
1.0863394E-07,-1.4921923E-01
1.0868394E-07,-1.4921923E-01
1.0873394E-07,-1.4916652E-01
1.0878394E-07,-1.4916652E-01
1.0883394E-07,-1.4916652E-01
1.0888394E-07,-1.4916652E-01
1.0893394E-07,-1.4911381E-01
1.0898394E-07,-1.4911381E-01
1.0903394E-07,-1.4911381E-01
1.0908394E-07,-1.4911381E-01
1.0913394E-07,-1.4911381E-01
1.0918394E-07,-1.4911381E-01
1.0923394E-07,-1.4911381E-01
1.0928394E-07,-1.4911381E-01
1.0933394E-07,-1.4906110E-01
1.0938394E-07,-1.4906110E-01
1.0943394E-07,-1.4906110E-01
1.0948394E-07,-1.4906110E-01
1.0953394E-07,-1.4906110E-01
1.0958394E-07,-1.4906110E-01
1.0963394E-07,-1.4906110E-01
1.0968394E-07,-1.4900839E-01
1.0973394E-07,-1.4900839E-01
1.0978394E-07,-1.4900839E-01
1.0983394E-07,-1.4900839E-01
1.0988394E-07,-1.4900839E-01
1.0993394E-07,-1.4900839E-01
1.0998394E-07,-1.4900839E-01
1.1003394E-07,-1.4900839E-01
1.1008394E-07,-1.4900839E-01
1.1013394E-07,-1.4900839E-01
1.1018394E-07,-1.4900839E-01
1.1023394E-07,-1.4900839E-01
1.1028394E-07,-1.4900839E-01
1.1033394E-07,-1.4900839E-01
1.1038394E-07,-1.4906110E-01
1.1043394E-07,-1.4906110E-01
1.1048394E-07,-1.4911381E-01
1.1053394E-07,-1.4911381E-01
1.1058394E-07,-1.4916652E-01
1.1063394E-07,-1.4916652E-01
1.1068394E-07,-1.4921923E-01
1.1073394E-07,-1.4921923E-01
1.1078394E-07,-1.4927194E-01
1.1083394E-07,-1.4927194E-01
1.1088394E-07,-1.4927194E-01
1.1093394E-07,-1.4932464E-01
1.1098394E-07,-1.4932464E-01
1.1103394E-07,-1.4932464E-01
1.1108394E-07,-1.4932464E-01
1.1113394E-07,-1.4932464E-01
1.1118394E-07,-1.4937735E-01
1.1123394E-07,-1.4937735E-01
1.1128394E-07,-1.4932464E-01
1.1133394E-07,-1.4932464E-01
1.1138394E-07,-1.4932464E-01
1.1143394E-07,-1.4927194E-01
1.1148394E-07,-1.4927194E-01
1.1153394E-07,-1.4921923E-01
1.1158394E-07,-1.4921923E-01
1.1163394E-07,-1.4916652E-01
1.1168394E-07,-1.4916652E-01
1.1173394E-07,-1.4911381E-01
1.1178394E-07,-1.4911381E-01
1.1183394E-07,-1.4906110E-01
1.1188394E-07,-1.4906110E-01
1.1193394E-07,-1.4900839E-01
1.1198394E-07,-1.4900839E-01
1.1203394E-07,-1.4895568E-01
1.1208394E-07,-1.4895568E-01
1.1213394E-07,-1.4895568E-01
1.1218394E-07,-1.4895568E-01
1.1223394E-07,-1.4895568E-01
1.1228394E-07,-1.4895568E-01
1.1233394E-07,-1.4900839E-01
1.1238394E-07,-1.4900839E-01
1.1243394E-07,-1.4906110E-01
1.1248394E-07,-1.4911381E-01
1.1253394E-07,-1.4916652E-01
1.1258394E-07,-1.4921923E-01
1.1263394E-07,-1.4927194E-01
1.1268394E-07,-1.4932464E-01
1.1273394E-07,-1.4937735E-01
1.1278394E-07,-1.4943006E-01
1.1283394E-07,-1.4948277E-01
1.1288394E-07,-1.4953548E-01
1.1293394E-07,-1.4958819E-01
1.1298394E-07,-1.4964090E-01
1.1303394E-07,-1.4969361E-01
1.1308394E-07,-1.4974632E-01
1.1313394E-07,-1.4974632E-01
1.1318394E-07,-1.4979903E-01
1.1323394E-07,-1.4979903E-01
1.1328394E-07,-1.4979903E-01
1.1333394E-07,-1.4979903E-01
1.1338394E-07,-1.4979903E-01
1.1343394E-07,-1.4979903E-01
1.1348394E-07,-1.4974632E-01
1.1353394E-07,-1.4969361E-01
1.1358394E-07,-1.4964090E-01
1.1363394E-07,-1.4958819E-01
1.1368394E-07,-1.4953548E-01
1.1373394E-07,-1.4943006E-01
1.1378394E-07,-1.4937735E-01
1.1383394E-07,-1.4927194E-01
1.1388394E-07,-1.4916652E-01
1.1393394E-07,-1.4906110E-01
1.1398394E-07,-1.4900839E-01
1.1403394E-07,-1.4890297E-01
1.1408394E-07,-1.4879755E-01
1.1413394E-07,-1.4874485E-01
1.1418394E-07,-1.4863943E-01
1.1423394E-07,-1.4858672E-01
1.1428394E-07,-1.4853401E-01
1.1433394E-07,-1.4848130E-01
1.1438394E-07,-1.4842859E-01
1.1443394E-07,-1.4837588E-01
1.1448394E-07,-1.4837588E-01
1.1453394E-07,-1.4832317E-01
1.1458394E-07,-1.4832317E-01
1.1463394E-07,-1.4832317E-01
1.1468394E-07,-1.4837588E-01
1.1473394E-07,-1.4837588E-01
1.1478394E-07,-1.4842859E-01
1.1483394E-07,-1.4848130E-01
1.1488394E-07,-1.4853401E-01
1.1493394E-07,-1.4858672E-01
1.1498394E-07,-1.4863943E-01
1.1503394E-07,-1.4869214E-01
1.1508394E-07,-1.4874485E-01
1.1513394E-07,-1.4879755E-01
1.1518394E-07,-1.4890297E-01
1.1523394E-07,-1.4895568E-01
1.1528394E-07,-1.4900839E-01
1.1533394E-07,-1.4900839E-01
1.1538394E-07,-1.4906110E-01
1.1543394E-07,-1.4911381E-01
1.1548394E-07,-1.4911381E-01
1.1553394E-07,-1.4911381E-01
1.1558394E-07,-1.4916652E-01
1.1563394E-07,-1.4911381E-01
1.1568394E-07,-1.4911381E-01
1.1573394E-07,-1.4906110E-01
1.1578394E-07,-1.4906110E-01
1.1583394E-07,-1.4900839E-01
1.1588394E-07,-1.4895568E-01
1.1593394E-07,-1.4890297E-01
1.1598394E-07,-1.4879755E-01
1.1603394E-07,-1.4874485E-01
1.1608394E-07,-1.4869214E-01
1.1613394E-07,-1.4858672E-01
1.1618394E-07,-1.4853401E-01
1.1623394E-07,-1.4842859E-01
1.1628394E-07,-1.4837588E-01
1.1633394E-07,-1.4827046E-01
1.1638394E-07,-1.4821776E-01
1.1643394E-07,-1.4816505E-01
1.1648394E-07,-1.4805963E-01
1.1653394E-07,-1.4800692E-01
1.1658394E-07,-1.4800692E-01
1.1663394E-07,-1.4795421E-01
1.1668394E-07,-1.4790150E-01
1.1673394E-07,-1.4790150E-01
1.1678394E-07,-1.4790150E-01
1.1683394E-07,-1.4790150E-01
1.1688394E-07,-1.4790150E-01
1.1693394E-07,-1.4795421E-01
1.1698394E-07,-1.4795421E-01
1.1703394E-07,-1.4800692E-01
1.1708394E-07,-1.4805963E-01
1.1713394E-07,-1.4811234E-01
1.1718394E-07,-1.4816505E-01
1.1723394E-07,-1.4821776E-01
1.1728394E-07,-1.4827046E-01
1.1733394E-07,-1.4832317E-01
1.1738394E-07,-1.4837588E-01
1.1743394E-07,-1.4842859E-01
1.1748394E-07,-1.4848130E-01
1.1753394E-07,-1.4858672E-01
1.1758394E-07,-1.4863943E-01
1.1763394E-07,-1.4863943E-01
1.1768394E-07,-1.4869214E-01
1.1773394E-07,-1.4874485E-01
1.1778394E-07,-1.4879755E-01
1.1783394E-07,-1.4879755E-01
1.1788394E-07,-1.4879755E-01
1.1793394E-07,-1.4885026E-01
1.1798394E-07,-1.4885026E-01
1.1803394E-07,-1.4885026E-01
1.1808394E-07,-1.4885026E-01
1.1813394E-07,-1.4885026E-01
1.1818394E-07,-1.4879755E-01
1.1823394E-07,-1.4879755E-01
1.1828394E-07,-1.4879755E-01
1.1833394E-07,-1.4874485E-01
1.1838394E-07,-1.4874485E-01
1.1843394E-07,-1.4869214E-01
1.1848394E-07,-1.4869214E-01
1.1853394E-07,-1.4869214E-01
1.1858394E-07,-1.4863943E-01
1.1863394E-07,-1.4863943E-01
1.1868394E-07,-1.4858672E-01
1.1873394E-07,-1.4858672E-01
1.1878394E-07,-1.4858672E-01
1.1883394E-07,-1.4853401E-01
1.1888394E-07,-1.4853401E-01
1.1893394E-07,-1.4853401E-01
1.1898394E-07,-1.4853401E-01
1.1903394E-07,-1.4853401E-01
1.1908394E-07,-1.4853401E-01
1.1913394E-07,-1.4853401E-01
1.1918394E-07,-1.4853401E-01
1.1923394E-07,-1.4853401E-01
1.1928394E-07,-1.4853401E-01
1.1933394E-07,-1.4858672E-01
1.1938394E-07,-1.4858672E-01
1.1943394E-07,-1.4858672E-01
1.1948394E-07,-1.4858672E-01
1.1953394E-07,-1.4863943E-01
1.1958394E-07,-1.4863943E-01
1.1963394E-07,-1.4863943E-01
1.1968394E-07,-1.4863943E-01
1.1973394E-07,-1.4863943E-01
1.1978394E-07,-1.4863943E-01
1.1983394E-07,-1.4869214E-01
1.1988394E-07,-1.4869214E-01
1.1993394E-07,-1.4869214E-01
1.1998394E-07,-1.4869214E-01
1.2003394E-07,-1.4869214E-01
1.2008394E-07,-1.4869214E-01
1.2013394E-07,-1.4869214E-01
1.2018394E-07,-1.4869214E-01
1.2023394E-07,-1.4869214E-01
1.2028394E-07,-1.4869214E-01
1.2033394E-07,-1.4869214E-01
1.2038394E-07,-1.4869214E-01
1.2043394E-07,-1.4869214E-01
1.2048394E-07,-1.4869214E-01
1.2053394E-07,-1.4869214E-01
1.2058394E-07,-1.4869214E-01
1.2063394E-07,-1.4869214E-01
1.2068394E-07,-1.4869214E-01
1.2073394E-07,-1.4874485E-01
1.2078394E-07,-1.4874485E-01
1.2083394E-07,-1.4874485E-01
1.2088394E-07,-1.4874485E-01
1.2093394E-07,-1.4879755E-01
1.2098394E-07,-1.4879755E-01
1.2103394E-07,-1.4879755E-01
1.2108394E-07,-1.4885026E-01
1.2113394E-07,-1.4885026E-01
1.2118394E-07,-1.4885026E-01
1.2123394E-07,-1.4885026E-01
1.2128394E-07,-1.4885026E-01
1.2133394E-07,-1.4890297E-01
1.2138394E-07,-1.4890297E-01
1.2143394E-07,-1.4890297E-01
1.2148394E-07,-1.4890297E-01
1.2153394E-07,-1.4890297E-01
1.2158394E-07,-1.4885026E-01
1.2163394E-07,-1.4885026E-01
1.2168394E-07,-1.4885026E-01
1.2173394E-07,-1.4885026E-01
1.2178394E-07,-1.4879755E-01
1.2183394E-07,-1.4879755E-01
1.2188394E-07,-1.4874485E-01
1.2193394E-07,-1.4874485E-01
1.2198394E-07,-1.4869214E-01
1.2203394E-07,-1.4869214E-01
1.2208394E-07,-1.4863943E-01
1.2213394E-07,-1.4863943E-01
1.2218394E-07,-1.4858672E-01
1.2223394E-07,-1.4858672E-01
1.2228394E-07,-1.4858672E-01
1.2233394E-07,-1.4853401E-01
1.2238394E-07,-1.4853401E-01
1.2243394E-07,-1.4853401E-01
1.2248394E-07,-1.4848130E-01
1.2253394E-07,-1.4848130E-01
1.2258394E-07,-1.4848130E-01
1.2263394E-07,-1.4848130E-01
1.2268394E-07,-1.4848130E-01
1.2273394E-07,-1.4853401E-01
1.2278394E-07,-1.4853401E-01
1.2283394E-07,-1.4853401E-01
1.2288394E-07,-1.4858672E-01
1.2293394E-07,-1.4858672E-01
1.2298394E-07,-1.4858672E-01
1.2303394E-07,-1.4863943E-01
1.2308394E-07,-1.4863943E-01
1.2313394E-07,-1.4869214E-01
1.2318394E-07,-1.4869214E-01
1.2323394E-07,-1.4869214E-01
1.2328394E-07,-1.4874485E-01
1.2333394E-07,-1.4874485E-01
1.2338394E-07,-1.4874485E-01
1.2343394E-07,-1.4874485E-01
1.2348394E-07,-1.4874485E-01
1.2353394E-07,-1.4874485E-01
1.2358394E-07,-1.4874485E-01
1.2363394E-07,-1.4874485E-01
1.2368394E-07,-1.4869214E-01
1.2373394E-07,-1.4869214E-01
1.2378394E-07,-1.4869214E-01
1.2383394E-07,-1.4863943E-01
1.2388394E-07,-1.4858672E-01
1.2393394E-07,-1.4858672E-01
1.2398394E-07,-1.4853401E-01
1.2403394E-07,-1.4848130E-01
1.2408394E-07,-1.4848130E-01
1.2413394E-07,-1.4842859E-01
1.2418394E-07,-1.4837588E-01
1.2423394E-07,-1.4837588E-01
1.2428394E-07,-1.4832317E-01
1.2433394E-07,-1.4832317E-01
1.2438394E-07,-1.4827046E-01
1.2443394E-07,-1.4827046E-01
1.2448394E-07,-1.4821776E-01
1.2453394E-07,-1.4821776E-01
1.2458394E-07,-1.4821776E-01
1.2463394E-07,-1.4821776E-01
1.2468394E-07,-1.4821776E-01
1.2473394E-07,-1.4821776E-01
1.2478394E-07,-1.4827046E-01
1.2483394E-07,-1.4827046E-01
1.2488394E-07,-1.4832317E-01
1.2493394E-07,-1.4837588E-01
1.2498394E-07,-1.4837588E-01
1.2503394E-07,-1.4842859E-01
1.2508394E-07,-1.4848130E-01
1.2513394E-07,-1.4853401E-01
1.2518394E-07,-1.4858672E-01
1.2523394E-07,-1.4863943E-01
1.2528394E-07,-1.4863943E-01
1.2533394E-07,-1.4869214E-01
1.2538394E-07,-1.4874485E-01
1.2543394E-07,-1.4879755E-01
1.2548394E-07,-1.4885026E-01
1.2553394E-07,-1.4885026E-01
1.2558394E-07,-1.4890297E-01
1.2563394E-07,-1.4890297E-01
1.2568394E-07,-1.4890297E-01
1.2573394E-07,-1.4895568E-01
1.2578394E-07,-1.4895568E-01
1.2583394E-07,-1.4895568E-01
1.2588394E-07,-1.4895568E-01
1.2593394E-07,-1.4890297E-01
1.2598394E-07,-1.4890297E-01
1.2603394E-07,-1.4890297E-01
1.2608394E-07,-1.4885026E-01
1.2613394E-07,-1.4885026E-01
1.2618394E-07,-1.4879755E-01
1.2623394E-07,-1.4879755E-01
1.2628394E-07,-1.4874485E-01
1.2633394E-07,-1.4874485E-01
1.2638394E-07,-1.4869214E-01
1.2643394E-07,-1.4869214E-01
1.2648394E-07,-1.4863943E-01
1.2653394E-07,-1.4863943E-01
1.2658394E-07,-1.4858672E-01
1.2663394E-07,-1.4858672E-01
1.2668394E-07,-1.4858672E-01
1.2673394E-07,-1.4858672E-01
1.2678394E-07,-1.4858672E-01
1.2683394E-07,-1.4858672E-01
1.2688394E-07,-1.4858672E-01
1.2693394E-07,-1.4858672E-01
1.2698394E-07,-1.4858672E-01
1.2703394E-07,-1.4863943E-01
1.2708394E-07,-1.4863943E-01
1.2713394E-07,-1.4863943E-01
1.2718394E-07,-1.4869214E-01
1.2723394E-07,-1.4869214E-01
1.2728394E-07,-1.4869214E-01
1.2733394E-07,-1.4874485E-01
1.2738394E-07,-1.4874485E-01
1.2743394E-07,-1.4874485E-01
1.2748394E-07,-1.4879755E-01
1.2753394E-07,-1.4879755E-01
1.2758394E-07,-1.4879755E-01
1.2763394E-07,-1.4879755E-01
1.2768394E-07,-1.4879755E-01
1.2773394E-07,-1.4879755E-01
1.2778394E-07,-1.4879755E-01
1.2783394E-07,-1.4879755E-01
1.2788394E-07,-1.4879755E-01
1.2793394E-07,-1.4874485E-01
1.2798394E-07,-1.4874485E-01
1.2803394E-07,-1.4874485E-01
1.2808394E-07,-1.4869214E-01
1.2813394E-07,-1.4869214E-01
1.2818394E-07,-1.4863943E-01
1.2823394E-07,-1.4863943E-01
1.2828394E-07,-1.4858672E-01
1.2833394E-07,-1.4858672E-01
1.2838394E-07,-1.4858672E-01
1.2843394E-07,-1.4853401E-01
1.2848394E-07,-1.4853401E-01
1.2853394E-07,-1.4853401E-01
1.2858394E-07,-1.4853401E-01
1.2863394E-07,-1.4853401E-01
1.2868394E-07,-1.4853401E-01
