-7.139799E-08,-1.4974632E-01
-7.134799E-08,-1.4974632E-01
-7.129799E-08,-1.4974632E-01
-7.124799E-08,-1.4979903E-01
-7.119799E-08,-1.4979903E-01
-7.114799E-08,-1.4985173E-01
-7.109799E-08,-1.4985173E-01
-7.104799E-08,-1.4990444E-01
-7.099799E-08,-1.4990444E-01
-7.094799E-08,-1.4995715E-01
-7.089799E-08,-1.4995715E-01
-7.084799E-08,-1.4995715E-01
-7.079799E-08,-1.5000986E-01
-7.074799E-08,-1.5000986E-01
-7.069799E-08,-1.5000986E-01
-7.064799E-08,-1.5006257E-01
-7.059799E-08,-1.5006257E-01
-7.054799E-08,-1.5006257E-01
-7.049799E-08,-1.5011528E-01
-7.044799E-08,-1.5011528E-01
-7.039799E-08,-1.5011528E-01
-7.034799E-08,-1.5011528E-01
-7.029799E-08,-1.5016799E-01
-7.024799E-08,-1.5016799E-01
-7.019799E-08,-1.5016799E-01
-7.014799E-08,-1.5016799E-01
-7.009799E-08,-1.5022070E-01
-7.004799E-08,-1.5022070E-01
-6.999799E-08,-1.5022070E-01
-6.994799E-08,-1.5022070E-01
-6.989799E-08,-1.5027341E-01
-6.984799E-08,-1.5027341E-01
-6.979799E-08,-1.5027341E-01
-6.974799E-08,-1.5032612E-01
-6.969799E-08,-1.5032612E-01
-6.964799E-08,-1.5032612E-01
-6.959799E-08,-1.5037883E-01
-6.954799E-08,-1.5037883E-01
-6.949799E-08,-1.5037883E-01
-6.944799E-08,-1.5043153E-01
-6.939799E-08,-1.5043153E-01
-6.934799E-08,-1.5043153E-01
-6.929799E-08,-1.5043153E-01
-6.924799E-08,-1.5048424E-01
-6.919799E-08,-1.5048424E-01
-6.914799E-08,-1.5048424E-01
-6.909799E-08,-1.5048424E-01
-6.904799E-08,-1.5048424E-01
-6.899799E-08,-1.5048424E-01
-6.894799E-08,-1.5048424E-01
-6.889799E-08,-1.5048424E-01
-6.884799E-08,-1.5048424E-01
-6.879799E-08,-1.5043153E-01
-6.874799E-08,-1.5043153E-01
-6.869799E-08,-1.5037883E-01
-6.864799E-08,-1.5037883E-01
-6.859799E-08,-1.5032612E-01
-6.854799E-08,-1.5032612E-01
-6.849799E-08,-1.5027341E-01
-6.844799E-08,-1.5022070E-01
-6.839799E-08,-1.5022070E-01
-6.834799E-08,-1.5016799E-01
-6.829799E-08,-1.5011528E-01
-6.824799E-08,-1.5006257E-01
-6.819799E-08,-1.5000986E-01
-6.814799E-08,-1.4995715E-01
-6.809799E-08,-1.4990444E-01
-6.804799E-08,-1.4985173E-01
-6.799799E-08,-1.4979903E-01
-6.794799E-08,-1.4974632E-01
-6.789799E-08,-1.4969361E-01
-6.784799E-08,-1.4964090E-01
-6.779799E-08,-1.4958819E-01
-6.774799E-08,-1.4958819E-01
-6.769799E-08,-1.4953548E-01
-6.764799E-08,-1.4948277E-01
-6.759799E-08,-1.4943006E-01
-6.754799E-08,-1.4943006E-01
-6.749799E-08,-1.4937735E-01
-6.744799E-08,-1.4937735E-01
-6.739799E-08,-1.4937735E-01
-6.734799E-08,-1.4932464E-01
-6.729799E-08,-1.4932464E-01
-6.724799E-08,-1.4932464E-01
-6.719799E-08,-1.4932464E-01
-6.714799E-08,-1.4932464E-01
-6.709799E-08,-1.4932464E-01
-6.704799E-08,-1.4937735E-01
-6.699799E-08,-1.4937735E-01
-6.694799E-08,-1.4937735E-01
-6.689799E-08,-1.4943006E-01
-6.684799E-08,-1.4943006E-01
-6.679799E-08,-1.4948277E-01
-6.674799E-08,-1.4953548E-01
-6.669799E-08,-1.4953548E-01
-6.664799E-08,-1.4958819E-01
-6.659799E-08,-1.4964090E-01
-6.654799E-08,-1.4969361E-01
-6.649799E-08,-1.4974632E-01
-6.644799E-08,-1.4974632E-01
-6.639799E-08,-1.4979903E-01
-6.634799E-08,-1.4985173E-01
-6.629799E-08,-1.4990444E-01
-6.624799E-08,-1.4995715E-01
-6.619799E-08,-1.4995715E-01
-6.614799E-08,-1.5000986E-01
-6.609799E-08,-1.5006257E-01
-6.604799E-08,-1.5006257E-01
-6.599799E-08,-1.5011528E-01
-6.594799E-08,-1.5011528E-01
-6.589799E-08,-1.5016799E-01
-6.584799E-08,-1.5016799E-01
-6.579799E-08,-1.5016799E-01
-6.574799E-08,-1.5022070E-01
-6.569799E-08,-1.5022070E-01
-6.564799E-08,-1.5022070E-01
-6.559799E-08,-1.5016799E-01
-6.554799E-08,-1.5016799E-01
-6.549799E-08,-1.5016799E-01
-6.544799E-08,-1.5011528E-01
-6.539799E-08,-1.5011528E-01
-6.534799E-08,-1.5006257E-01
-6.529799E-08,-1.5006257E-01
-6.524799E-08,-1.5000986E-01
-6.519799E-08,-1.4995715E-01
-6.514799E-08,-1.4995715E-01
-6.509799E-08,-1.4990444E-01
-6.504799E-08,-1.4985173E-01
-6.499799E-08,-1.4979903E-01
-6.494799E-08,-1.4974632E-01
-6.489799E-08,-1.4969361E-01
-6.484799E-08,-1.4964090E-01
-6.479799E-08,-1.4958819E-01
-6.474799E-08,-1.4953548E-01
-6.469799E-08,-1.4953548E-01
-6.464799E-08,-1.4948277E-01
-6.459799E-08,-1.4943006E-01
-6.454799E-08,-1.4943006E-01
-6.449799E-08,-1.4937735E-01
-6.444799E-08,-1.4932464E-01
-6.439799E-08,-1.4932464E-01
-6.434799E-08,-1.4932464E-01
-6.429799E-08,-1.4927194E-01
-6.424799E-08,-1.4927194E-01
-6.419799E-08,-1.4927194E-01
-6.414799E-08,-1.4927194E-01
-6.409799E-08,-1.4927194E-01
-6.404799E-08,-1.4927194E-01
-6.399799E-08,-1.4927194E-01
-6.394799E-08,-1.4932464E-01
-6.389799E-08,-1.4932464E-01
-6.384799E-08,-1.4932464E-01
-6.379799E-08,-1.4937735E-01
-6.374799E-08,-1.4937735E-01
-6.369799E-08,-1.4937735E-01
-6.364799E-08,-1.4943006E-01
-6.359799E-08,-1.4943006E-01
-6.354799E-08,-1.4948277E-01
-6.349799E-08,-1.4948277E-01
-6.344799E-08,-1.4953548E-01
-6.339799E-08,-1.4953548E-01
-6.334799E-08,-1.4953548E-01
-6.329799E-08,-1.4958819E-01
-6.324799E-08,-1.4958819E-01
-6.319799E-08,-1.4958819E-01
-6.314799E-08,-1.4958819E-01
-6.309799E-08,-1.4958819E-01
-6.304799E-08,-1.4958819E-01
-6.299799E-08,-1.4958819E-01
-6.294799E-08,-1.4958819E-01
-6.289799E-08,-1.4958819E-01
-6.284799E-08,-1.4953548E-01
-6.279799E-08,-1.4953548E-01
-6.274799E-08,-1.4953548E-01
-6.269799E-08,-1.4948277E-01
-6.264799E-08,-1.4948277E-01
-6.259799E-08,-1.4943006E-01
-6.254799E-08,-1.4943006E-01
-6.249799E-08,-1.4937735E-01
-6.244799E-08,-1.4937735E-01
-6.239799E-08,-1.4932464E-01
-6.234799E-08,-1.4932464E-01
-6.229799E-08,-1.4927194E-01
-6.224799E-08,-1.4927194E-01
-6.219799E-08,-1.4921923E-01
-6.214799E-08,-1.4921923E-01
-6.209799E-08,-1.4916652E-01
-6.204799E-08,-1.4916652E-01
-6.199799E-08,-1.4911381E-01
-6.194799E-08,-1.4911381E-01
-6.189799E-08,-1.4911381E-01
-6.184799E-08,-1.4906110E-01
-6.179799E-08,-1.4906110E-01
-6.174799E-08,-1.4906110E-01
-6.169799E-08,-1.4906110E-01
-6.164799E-08,-1.4906110E-01
-6.159799E-08,-1.4906110E-01
-6.154799E-08,-1.4906110E-01
-6.149799E-08,-1.4906110E-01
-6.144799E-08,-1.4906110E-01
-6.139799E-08,-1.4906110E-01
-6.134799E-08,-1.4906110E-01
-6.129799E-08,-1.4911381E-01
-6.124799E-08,-1.4911381E-01
-6.119799E-08,-1.4911381E-01
-6.114799E-08,-1.4916652E-01
-6.109799E-08,-1.4916652E-01
-6.104799E-08,-1.4916652E-01
-6.099799E-08,-1.4921923E-01
-6.094799E-08,-1.4921923E-01
-6.089799E-08,-1.4921923E-01
-6.084799E-08,-1.4927194E-01
-6.079799E-08,-1.4927194E-01
-6.074799E-08,-1.4932464E-01
-6.069799E-08,-1.4932464E-01
-6.064799E-08,-1.4937735E-01
-6.059799E-08,-1.4937735E-01
-6.054799E-08,-1.4943006E-01
-6.049799E-08,-1.4943006E-01
-6.044799E-08,-1.4948277E-01
-6.039799E-08,-1.4948277E-01
-6.034799E-08,-1.4953548E-01
-6.029799E-08,-1.4953548E-01
-6.024799E-08,-1.4958819E-01
-6.019799E-08,-1.4958819E-01
-6.014799E-08,-1.4964090E-01
-6.009799E-08,-1.4964090E-01
-6.004799E-08,-1.4964090E-01
-5.999799E-08,-1.4969361E-01
-5.994799E-08,-1.4969361E-01
-5.989799E-08,-1.4969361E-01
-5.984799E-08,-1.4974632E-01
-5.979799E-08,-1.4974632E-01
-5.974799E-08,-1.4974632E-01
-5.969799E-08,-1.4974632E-01
-5.964799E-08,-1.4974632E-01
-5.959799E-08,-1.4974632E-01
-5.954799E-08,-1.4974632E-01
-5.949799E-08,-1.4974632E-01
-5.944799E-08,-1.4974632E-01
-5.939799E-08,-1.4974632E-01
-5.934799E-08,-1.4974632E-01
-5.929799E-08,-1.4969361E-01
-5.924799E-08,-1.4969361E-01
-5.919799E-08,-1.4969361E-01
-5.914799E-08,-1.4964090E-01
-5.909799E-08,-1.4964090E-01
-5.904799E-08,-1.4964090E-01
-5.899799E-08,-1.4958819E-01
-5.894799E-08,-1.4958819E-01
-5.889799E-08,-1.4953548E-01
-5.884799E-08,-1.4953548E-01
-5.879799E-08,-1.4948277E-01
-5.874799E-08,-1.4948277E-01
-5.869799E-08,-1.4943006E-01
-5.864799E-08,-1.4943006E-01
-5.859799E-08,-1.4937735E-01
-5.854799E-08,-1.4937735E-01
-5.849799E-08,-1.4937735E-01
-5.844799E-08,-1.4937735E-01
-5.839799E-08,-1.4932464E-01
-5.834799E-08,-1.4932464E-01
-5.829799E-08,-1.4932464E-01
-5.824799E-08,-1.4932464E-01
-5.819799E-08,-1.4932464E-01
-5.814799E-08,-1.4932464E-01
-5.809799E-08,-1.4937735E-01
-5.804799E-08,-1.4937735E-01
-5.799799E-08,-1.4937735E-01
-5.794799E-08,-1.4943006E-01
-5.789799E-08,-1.4943006E-01
-5.784799E-08,-1.4943006E-01
-5.779799E-08,-1.4948277E-01
-5.774799E-08,-1.4953548E-01
-5.769799E-08,-1.4953548E-01
-5.764799E-08,-1.4958819E-01
-5.759799E-08,-1.4958819E-01
-5.754799E-08,-1.4964090E-01
-5.749799E-08,-1.4964090E-01
-5.744799E-08,-1.4969361E-01
-5.739799E-08,-1.4969361E-01
-5.734799E-08,-1.4974632E-01
-5.729799E-08,-1.4974632E-01
-5.724799E-08,-1.4979903E-01
-5.719799E-08,-1.4979903E-01
-5.714799E-08,-1.4979903E-01
-5.709799E-08,-1.4985173E-01
-5.704799E-08,-1.4985173E-01
-5.699799E-08,-1.4985173E-01
-5.694799E-08,-1.4985173E-01
-5.689799E-08,-1.4985173E-01
-5.684799E-08,-1.4985173E-01
-5.679799E-08,-1.4985173E-01
-5.674799E-08,-1.4985173E-01
-5.669799E-08,-1.4985173E-01
-5.664799E-08,-1.4985173E-01
-5.659799E-08,-1.4985173E-01
-5.654799E-08,-1.4979903E-01
-5.649799E-08,-1.4979903E-01
-5.644799E-08,-1.4979903E-01
-5.639799E-08,-1.4974632E-01
-5.634799E-08,-1.4974632E-01
-5.629799E-08,-1.4974632E-01
-5.624799E-08,-1.4969361E-01
-5.619799E-08,-1.4969361E-01
-5.614799E-08,-1.4969361E-01
-5.609799E-08,-1.4964090E-01
-5.604799E-08,-1.4964090E-01
-5.599799E-08,-1.4964090E-01
-5.594799E-08,-1.4958819E-01
-5.589799E-08,-1.4958819E-01
-5.584799E-08,-1.4958819E-01
-5.579799E-08,-1.4953548E-01
-5.574799E-08,-1.4953548E-01
-5.569799E-08,-1.4953548E-01
-5.564799E-08,-1.4953548E-01
-5.559799E-08,-1.4948277E-01
-5.554799E-08,-1.4948277E-01
-5.549799E-08,-1.4948277E-01
-5.544799E-08,-1.4943006E-01
-5.539799E-08,-1.4943006E-01
-5.534799E-08,-1.4943006E-01
-5.529799E-08,-1.4937735E-01
-5.524799E-08,-1.4937735E-01
-5.519799E-08,-1.4937735E-01
-5.514799E-08,-1.4932464E-01
-5.509799E-08,-1.4932464E-01
-5.504799E-08,-1.4932464E-01
-5.499799E-08,-1.4932464E-01
-5.494799E-08,-1.4927194E-01
-5.489799E-08,-1.4927194E-01
-5.484799E-08,-1.4927194E-01
-5.479799E-08,-1.4921923E-01
-5.474799E-08,-1.4921923E-01
-5.469799E-08,-1.4921923E-01
-5.464799E-08,-1.4916652E-01
-5.459799E-08,-1.4916652E-01
-5.454799E-08,-1.4916652E-01
-5.449799E-08,-1.4916652E-01
-5.444799E-08,-1.4916652E-01
-5.439799E-08,-1.4916652E-01
-5.434799E-08,-1.4916652E-01
-5.429799E-08,-1.4916652E-01
-5.424799E-08,-1.4916652E-01
-5.419799E-08,-1.4916652E-01
-5.414799E-08,-1.4916652E-01
-5.409799E-08,-1.4916652E-01
-5.404799E-08,-1.4916652E-01
-5.399799E-08,-1.4916652E-01
-5.394799E-08,-1.4921923E-01
-5.389799E-08,-1.4921923E-01
-5.384799E-08,-1.4921923E-01
-5.379799E-08,-1.4927194E-01
-5.374799E-08,-1.4927194E-01
-5.369799E-08,-1.4932464E-01
-5.364799E-08,-1.4932464E-01
-5.359799E-08,-1.4937735E-01
-5.354799E-08,-1.4937735E-01
-5.349799E-08,-1.4943006E-01
-5.344799E-08,-1.4948277E-01
-5.339799E-08,-1.4948277E-01
-5.334799E-08,-1.4953548E-01
-5.329799E-08,-1.4958819E-01
-5.324799E-08,-1.4958819E-01
-5.319799E-08,-1.4964090E-01
-5.314799E-08,-1.4969361E-01
-5.309799E-08,-1.4969361E-01
-5.304799E-08,-1.4974632E-01
-5.299799E-08,-1.4974632E-01
-5.294799E-08,-1.4979903E-01
-5.289799E-08,-1.4985173E-01
-5.284799E-08,-1.4985173E-01
-5.279799E-08,-1.4990444E-01
-5.274799E-08,-1.4990444E-01
-5.269799E-08,-1.4995715E-01
-5.264799E-08,-1.4995715E-01
-5.259799E-08,-1.5000986E-01
-5.254799E-08,-1.5000986E-01
-5.249799E-08,-1.5006257E-01
-5.244799E-08,-1.5006257E-01
-5.239799E-08,-1.5011528E-01
-5.234799E-08,-1.5011528E-01
-5.229799E-08,-1.5016799E-01
-5.224799E-08,-1.5016799E-01
-5.219799E-08,-1.5022070E-01
-5.214799E-08,-1.5022070E-01
-5.209799E-08,-1.5022070E-01
-5.204799E-08,-1.5027341E-01
-5.199799E-08,-1.5027341E-01
-5.194799E-08,-1.5032612E-01
-5.189799E-08,-1.5032612E-01
-5.184799E-08,-1.5032612E-01
-5.179799E-08,-1.5037883E-01
-5.174799E-08,-1.5037883E-01
-5.169799E-08,-1.5037883E-01
-5.164799E-08,-1.5043153E-01
-5.159799E-08,-1.5043153E-01
-5.154799E-08,-1.5043153E-01
-5.149799E-08,-1.5043153E-01
-5.144799E-08,-1.5048424E-01
-5.139799E-08,-1.5048424E-01
-5.134799E-08,-1.5048424E-01
-5.129799E-08,-1.5048424E-01
-5.124799E-08,-1.5048424E-01
-5.119799E-08,-1.5048424E-01
-5.114799E-08,-1.5048424E-01
-5.109799E-08,-1.5048424E-01
-5.104799E-08,-1.5048424E-01
-5.099799E-08,-1.5043153E-01
-5.094799E-08,-1.5043153E-01
-5.089799E-08,-1.5043153E-01
-5.084799E-08,-1.5037883E-01
-5.079799E-08,-1.5037883E-01
-5.074799E-08,-1.5037883E-01
-5.069799E-08,-1.5032612E-01
-5.064799E-08,-1.5027341E-01
-5.059799E-08,-1.5027341E-01
-5.054799E-08,-1.5022070E-01
-5.049799E-08,-1.5022070E-01
-5.044799E-08,-1.5016799E-01
-5.039799E-08,-1.5011528E-01
-5.034799E-08,-1.5011528E-01
-5.029799E-08,-1.5006257E-01
-5.024799E-08,-1.5000986E-01
-5.019799E-08,-1.5000986E-01
-5.014799E-08,-1.4995715E-01
-5.009799E-08,-1.4990444E-01
-5.004799E-08,-1.4990444E-01
-4.999799E-08,-1.4985173E-01
-4.994799E-08,-1.4985173E-01
-4.989799E-08,-1.4979903E-01
-4.984799E-08,-1.4979903E-01
-4.979799E-08,-1.4974632E-01
-4.974799E-08,-1.4974632E-01
-4.969799E-08,-1.4969361E-01
-4.964799E-08,-1.4969361E-01
-4.959799E-08,-1.4969361E-01
-4.954799E-08,-1.4969361E-01
-4.949799E-08,-1.4964090E-01
-4.944799E-08,-1.4964090E-01
-4.939799E-08,-1.4964090E-01
-4.934799E-08,-1.4964090E-01
-4.929799E-08,-1.4964090E-01
-4.924799E-08,-1.4969361E-01
-4.919799E-08,-1.4969361E-01
-4.914799E-08,-1.4969361E-01
-4.909799E-08,-1.4969361E-01
-4.904799E-08,-1.4969361E-01
-4.899799E-08,-1.4974632E-01
-4.894799E-08,-1.4974632E-01
-4.889799E-08,-1.4974632E-01
-4.884799E-08,-1.4979903E-01
-4.879799E-08,-1.4979903E-01
-4.874799E-08,-1.4985173E-01
-4.869799E-08,-1.4985173E-01
-4.864799E-08,-1.4985173E-01
-4.859799E-08,-1.4990444E-01
-4.854799E-08,-1.4990444E-01
-4.849799E-08,-1.4990444E-01
-4.844799E-08,-1.4995715E-01
-4.839799E-08,-1.4995715E-01
-4.834799E-08,-1.4995715E-01
-4.829799E-08,-1.5000986E-01
-4.824799E-08,-1.5000986E-01
-4.819799E-08,-1.5000986E-01
-4.814799E-08,-1.5000986E-01
-4.809799E-08,-1.5000986E-01
-4.804799E-08,-1.5000986E-01
-4.799799E-08,-1.5000986E-01
-4.794799E-08,-1.5000986E-01
-4.789799E-08,-1.5000986E-01
-4.784799E-08,-1.5000986E-01
-4.779799E-08,-1.5000986E-01
-4.774799E-08,-1.5000986E-01
-4.769799E-08,-1.5000986E-01
-4.764799E-08,-1.5000986E-01
-4.759799E-08,-1.4995715E-01
-4.754799E-08,-1.4995715E-01
-4.749799E-08,-1.4995715E-01
-4.744799E-08,-1.4995715E-01
-4.739799E-08,-1.4990444E-01
-4.734799E-08,-1.4990444E-01
-4.729799E-08,-1.4990444E-01
-4.724799E-08,-1.4985173E-01
-4.719799E-08,-1.4985173E-01
-4.714799E-08,-1.4985173E-01
-4.709799E-08,-1.4979903E-01
-4.704799E-08,-1.4979903E-01
-4.699799E-08,-1.4974632E-01
-4.694799E-08,-1.4974632E-01
-4.689799E-08,-1.4974632E-01
-4.684799E-08,-1.4974632E-01
-4.679799E-08,-1.4969361E-01
-4.674799E-08,-1.4969361E-01
-4.669799E-08,-1.4969361E-01
-4.664799E-08,-1.4969361E-01
-4.659799E-08,-1.4964090E-01
-4.654799E-08,-1.4964090E-01
-4.649799E-08,-1.4964090E-01
-4.644799E-08,-1.4964090E-01
-4.639799E-08,-1.4964090E-01
-4.634799E-08,-1.4964090E-01
-4.629799E-08,-1.4964090E-01
-4.624799E-08,-1.4964090E-01
-4.619799E-08,-1.4964090E-01
-4.614799E-08,-1.4964090E-01
-4.609799E-08,-1.4964090E-01
-4.604799E-08,-1.4964090E-01
-4.599799E-08,-1.4964090E-01
-4.594799E-08,-1.4964090E-01
-4.589799E-08,-1.4964090E-01
-4.584799E-08,-1.4969361E-01
-4.579799E-08,-1.4969361E-01
-4.574799E-08,-1.4969361E-01
-4.569799E-08,-1.4969361E-01
-4.564799E-08,-1.4969361E-01
-4.559799E-08,-1.4969361E-01
-4.554799E-08,-1.4969361E-01
-4.549799E-08,-1.4969361E-01
-4.544799E-08,-1.4974632E-01
-4.539799E-08,-1.4974632E-01
-4.534799E-08,-1.4974632E-01
-4.529799E-08,-1.4974632E-01
-4.524799E-08,-1.4974632E-01
-4.519799E-08,-1.4974632E-01
-4.514799E-08,-1.4974632E-01
-4.509799E-08,-1.4974632E-01
-4.504799E-08,-1.4974632E-01
-4.499799E-08,-1.4974632E-01
-4.494799E-08,-1.4979903E-01
-4.489799E-08,-1.4979903E-01
-4.484799E-08,-1.4979903E-01
-4.479799E-08,-1.4979903E-01
-4.474799E-08,-1.4979903E-01
-4.469799E-08,-1.4979903E-01
-4.464799E-08,-1.4979903E-01
-4.459799E-08,-1.4979903E-01
-4.454799E-08,-1.4979903E-01
-4.449799E-08,-1.4974632E-01
-4.444799E-08,-1.4974632E-01
-4.439799E-08,-1.4974632E-01
-4.434799E-08,-1.4974632E-01
-4.429799E-08,-1.4974632E-01
-4.424799E-08,-1.4974632E-01
-4.419799E-08,-1.4974632E-01
-4.414799E-08,-1.4974632E-01
-4.409799E-08,-1.4969361E-01
-4.404799E-08,-1.4969361E-01
-4.399799E-08,-1.4969361E-01
-4.394799E-08,-1.4969361E-01
-4.389799E-08,-1.4969361E-01
-4.384799E-08,-1.4964090E-01
-4.379799E-08,-1.4964090E-01
-4.374799E-08,-1.4964090E-01
-4.369799E-08,-1.4964090E-01
-4.364799E-08,-1.4958819E-01
-4.359799E-08,-1.4958819E-01
-4.354799E-08,-1.4958819E-01
-4.349799E-08,-1.4958819E-01
-4.344799E-08,-1.4958819E-01
-4.339799E-08,-1.4953548E-01
-4.334799E-08,-1.4953548E-01
-4.329799E-08,-1.4953548E-01
-4.324799E-08,-1.4953548E-01
-4.319799E-08,-1.4953548E-01
-4.314799E-08,-1.4948277E-01
-4.309799E-08,-1.4948277E-01
-4.304799E-08,-1.4948277E-01
-4.299799E-08,-1.4948277E-01
-4.294799E-08,-1.4948277E-01
-4.289799E-08,-1.4948277E-01
-4.284799E-08,-1.4948277E-01
-4.279799E-08,-1.4943006E-01
-4.274799E-08,-1.4943006E-01
-4.269799E-08,-1.4943006E-01
-4.264799E-08,-1.4943006E-01
-4.259799E-08,-1.4943006E-01
-4.254799E-08,-1.4943006E-01
-4.249799E-08,-1.4943006E-01
-4.244799E-08,-1.4943006E-01
-4.239799E-08,-1.4943006E-01
-4.234799E-08,-1.4943006E-01
-4.229799E-08,-1.4943006E-01
-4.224799E-08,-1.4943006E-01
-4.219799E-08,-1.4943006E-01
-4.214799E-08,-1.4943006E-01
-4.209799E-08,-1.4943006E-01
-4.204799E-08,-1.4937735E-01
-4.199799E-08,-1.4937735E-01
-4.194799E-08,-1.4937735E-01
-4.189799E-08,-1.4937735E-01
-4.184799E-08,-1.4937735E-01
-4.179799E-08,-1.4937735E-01
-4.174799E-08,-1.4937735E-01
-4.169799E-08,-1.4937735E-01
-4.164799E-08,-1.4937735E-01
-4.159799E-08,-1.4937735E-01
-4.154799E-08,-1.4937735E-01
-4.149799E-08,-1.4937735E-01
-4.144799E-08,-1.4937735E-01
-4.139799E-08,-1.4937735E-01
-4.134799E-08,-1.4932464E-01
-4.129799E-08,-1.4932464E-01
-4.124799E-08,-1.4932464E-01
-4.119799E-08,-1.4932464E-01
-4.114799E-08,-1.4932464E-01
-4.109799E-08,-1.4932464E-01
-4.104799E-08,-1.4932464E-01
-4.099799E-08,-1.4932464E-01
-4.094799E-08,-1.4932464E-01
-4.089799E-08,-1.4932464E-01
-4.084799E-08,-1.4932464E-01
-4.079799E-08,-1.4932464E-01
-4.074799E-08,-1.4932464E-01
-4.069799E-08,-1.4932464E-01
-4.064799E-08,-1.4932464E-01
-4.059799E-08,-1.4932464E-01
-4.054799E-08,-1.4932464E-01
-4.049799E-08,-1.4927194E-01
-4.044799E-08,-1.4927194E-01
-4.039799E-08,-1.4927194E-01
-4.034799E-08,-1.4927194E-01
-4.029799E-08,-1.4927194E-01
-4.024799E-08,-1.4921923E-01
-4.019799E-08,-1.4921923E-01
-4.014799E-08,-1.4921923E-01
-4.009799E-08,-1.4916652E-01
-4.004799E-08,-1.4916652E-01
-3.999799E-08,-1.4916652E-01
-3.994799E-08,-1.4911381E-01
-3.989799E-08,-1.4911381E-01
-3.984799E-08,-1.4906110E-01
-3.979799E-08,-1.4906110E-01
-3.974799E-08,-1.4900839E-01
-3.969799E-08,-1.4900839E-01
-3.964799E-08,-1.4900839E-01
-3.959799E-08,-1.4895568E-01
-3.954799E-08,-1.4895568E-01
-3.949799E-08,-1.4895568E-01
-3.944799E-08,-1.4890297E-01
-3.939799E-08,-1.4890297E-01
-3.934799E-08,-1.4890297E-01
-3.929799E-08,-1.4890297E-01
-3.924799E-08,-1.4890297E-01
-3.919799E-08,-1.4890297E-01
-3.914799E-08,-1.4890297E-01
-3.909799E-08,-1.4890297E-01
-3.904799E-08,-1.4890297E-01
-3.899799E-08,-1.4890297E-01
-3.894799E-08,-1.4895568E-01
-3.889799E-08,-1.4895568E-01
-3.884799E-08,-1.4900839E-01
-3.879799E-08,-1.4900839E-01
-3.874799E-08,-1.4906110E-01
-3.869799E-08,-1.4906110E-01
-3.864799E-08,-1.4911381E-01
-3.859799E-08,-1.4911381E-01
-3.854799E-08,-1.4916652E-01
-3.849799E-08,-1.4916652E-01
-3.844799E-08,-1.4921923E-01
-3.839799E-08,-1.4921923E-01
-3.834799E-08,-1.4927194E-01
-3.829799E-08,-1.4927194E-01
-3.824799E-08,-1.4932464E-01
-3.819799E-08,-1.4932464E-01
-3.814799E-08,-1.4932464E-01
-3.809799E-08,-1.4932464E-01
-3.804799E-08,-1.4937735E-01
-3.799799E-08,-1.4937735E-01
-3.794799E-08,-1.4937735E-01
-3.789799E-08,-1.4932464E-01
-3.784799E-08,-1.4932464E-01
-3.779799E-08,-1.4932464E-01
-3.774799E-08,-1.4927194E-01
-3.769799E-08,-1.4927194E-01
-3.764799E-08,-1.4921923E-01
-3.759799E-08,-1.4921923E-01
-3.754799E-08,-1.4916652E-01
-3.749799E-08,-1.4911381E-01
-3.744799E-08,-1.4911381E-01
-3.739799E-08,-1.4906110E-01
-3.734799E-08,-1.4900839E-01
-3.729799E-08,-1.4895568E-01
-3.724799E-08,-1.4895568E-01
-3.719799E-08,-1.4890297E-01
-3.714799E-08,-1.4885026E-01
-3.709799E-08,-1.4885026E-01
-3.704799E-08,-1.4879755E-01
-3.699799E-08,-1.4879755E-01
-3.694799E-08,-1.4874485E-01
-3.689799E-08,-1.4874485E-01
-3.684799E-08,-1.4874485E-01
-3.679799E-08,-1.4874485E-01
-3.674799E-08,-1.4874485E-01
-3.669799E-08,-1.4874485E-01
-3.664799E-08,-1.4874485E-01
-3.659799E-08,-1.4874485E-01
-3.654799E-08,-1.4879755E-01
-3.649799E-08,-1.4879755E-01
-3.644799E-08,-1.4879755E-01
-3.639799E-08,-1.4885026E-01
-3.634799E-08,-1.4890297E-01
-3.629799E-08,-1.4890297E-01
-3.624799E-08,-1.4895568E-01
-3.619799E-08,-1.4900839E-01
-3.614799E-08,-1.4906110E-01
-3.609799E-08,-1.4906110E-01
-3.604799E-08,-1.4911381E-01
-3.599799E-08,-1.4916652E-01
-3.594799E-08,-1.4916652E-01
-3.589799E-08,-1.4921923E-01
-3.584799E-08,-1.4927194E-01
-3.579799E-08,-1.4927194E-01
-3.574799E-08,-1.4932464E-01
-3.569799E-08,-1.4932464E-01
-3.564799E-08,-1.4937735E-01
-3.559799E-08,-1.4937735E-01
-3.554799E-08,-1.4937735E-01
-3.549799E-08,-1.4943006E-01
-3.544799E-08,-1.4943006E-01
-3.539799E-08,-1.4943006E-01
-3.534799E-08,-1.4943006E-01
-3.529799E-08,-1.4943006E-01
-3.524799E-08,-1.4943006E-01
-3.519799E-08,-1.4943006E-01
-3.514799E-08,-1.4943006E-01
-3.509799E-08,-1.4943006E-01
-3.504799E-08,-1.4937735E-01
-3.499799E-08,-1.4937735E-01
-3.494799E-08,-1.4937735E-01
-3.489799E-08,-1.4937735E-01
-3.484799E-08,-1.4937735E-01
-3.479799E-08,-1.4937735E-01
-3.474799E-08,-1.4937735E-01
-3.469799E-08,-1.4937735E-01
-3.464799E-08,-1.4937735E-01
-3.459799E-08,-1.4937735E-01
-3.454799E-08,-1.4937735E-01
-3.449799E-08,-1.4937735E-01
-3.444799E-08,-1.4937735E-01
-3.439799E-08,-1.4937735E-01
-3.434799E-08,-1.4937735E-01
-3.429799E-08,-1.4937735E-01
-3.424799E-08,-1.4937735E-01
-3.419799E-08,-1.4937735E-01
-3.414799E-08,-1.4937735E-01
-3.409799E-08,-1.4937735E-01
-3.404799E-08,-1.4943006E-01
-3.399799E-08,-1.4943006E-01
-3.394799E-08,-1.4943006E-01
-3.389799E-08,-1.4943006E-01
-3.384799E-08,-1.4943006E-01
-3.379799E-08,-1.4943006E-01
-3.374799E-08,-1.4943006E-01
-3.369799E-08,-1.4943006E-01
-3.364799E-08,-1.4943006E-01
-3.359799E-08,-1.4943006E-01
-3.354799E-08,-1.4943006E-01
-3.349799E-08,-1.4943006E-01
-3.344799E-08,-1.4943006E-01
-3.339799E-08,-1.4943006E-01
-3.334799E-08,-1.4943006E-01
-3.329799E-08,-1.4937735E-01
-3.324799E-08,-1.4937735E-01
-3.319799E-08,-1.4937735E-01
-3.314799E-08,-1.4937735E-01
-3.309799E-08,-1.4937735E-01
-3.304799E-08,-1.4937735E-01
-3.299799E-08,-1.4943006E-01
-3.294799E-08,-1.4943006E-01
-3.289799E-08,-1.4943006E-01
-3.284799E-08,-1.4943006E-01
-3.279799E-08,-1.4948277E-01
-3.274799E-08,-1.4948277E-01
-3.269799E-08,-1.4948277E-01
-3.264799E-08,-1.4953548E-01
-3.259799E-08,-1.4953548E-01
-3.254799E-08,-1.4958819E-01
-3.249799E-08,-1.4958819E-01
-3.244799E-08,-1.4964090E-01
-3.239799E-08,-1.4969361E-01
-3.234799E-08,-1.4969361E-01
-3.229799E-08,-1.4974632E-01
-3.224799E-08,-1.4979903E-01
-3.219799E-08,-1.4979903E-01
-3.214799E-08,-1.4985173E-01
-3.209799E-08,-1.4985173E-01
-3.204799E-08,-1.4990444E-01
-3.199799E-08,-1.4990444E-01
-3.194799E-08,-1.4995715E-01
-3.189799E-08,-1.4995715E-01
-3.184799E-08,-1.4995715E-01
-3.179799E-08,-1.4995715E-01
-3.174799E-08,-1.4995715E-01
-3.169799E-08,-1.4995715E-01
-3.164799E-08,-1.4995715E-01
-3.159799E-08,-1.4990444E-01
-3.154799E-08,-1.4990444E-01
-3.149799E-08,-1.4985173E-01
-3.144799E-08,-1.4985173E-01
-3.139799E-08,-1.4979903E-01
-3.134799E-08,-1.4974632E-01
-3.129799E-08,-1.4969361E-01
-3.124799E-08,-1.4964090E-01
-3.119799E-08,-1.4958819E-01
-3.114799E-08,-1.4958819E-01
-3.109799E-08,-1.4953548E-01
-3.104799E-08,-1.4943006E-01
-3.099799E-08,-1.4943006E-01
-3.094799E-08,-1.4937735E-01
-3.089799E-08,-1.4932464E-01
-3.084799E-08,-1.4927194E-01
-3.079799E-08,-1.4921923E-01
-3.074799E-08,-1.4916652E-01
-3.069799E-08,-1.4911381E-01
-3.064799E-08,-1.4911381E-01
-3.059799E-08,-1.4906110E-01
-3.054799E-08,-1.4906110E-01
-3.049799E-08,-1.4906110E-01
-3.044799E-08,-1.4906110E-01
-3.039799E-08,-1.4900839E-01
-3.034799E-08,-1.4900839E-01
-3.029799E-08,-1.4906110E-01
-3.024799E-08,-1.4906110E-01
-3.019799E-08,-1.4906110E-01
-3.014799E-08,-1.4906110E-01
-3.009799E-08,-1.4911381E-01
-3.004799E-08,-1.4911381E-01
-2.999799E-08,-1.4916652E-01
-2.994799E-08,-1.4916652E-01
-2.989799E-08,-1.4921923E-01
-2.984799E-08,-1.4921923E-01
-2.979799E-08,-1.4927194E-01
-2.974799E-08,-1.4927194E-01
-2.969799E-08,-1.4932464E-01
-2.964799E-08,-1.4932464E-01
-2.959799E-08,-1.4937735E-01
-2.954799E-08,-1.4937735E-01
-2.949799E-08,-1.4937735E-01
-2.944799E-08,-1.4943006E-01
-2.939799E-08,-1.4943006E-01
-2.934799E-08,-1.4943006E-01
-2.929799E-08,-1.4943006E-01
-2.924799E-08,-1.4943006E-01
-2.919799E-08,-1.4943006E-01
-2.914799E-08,-1.4937735E-01
-2.909799E-08,-1.4937735E-01
-2.904799E-08,-1.4937735E-01
-2.899799E-08,-1.4932464E-01
-2.894799E-08,-1.4932464E-01
-2.889799E-08,-1.4927194E-01
-2.884799E-08,-1.4927194E-01
-2.879799E-08,-1.4921923E-01
-2.874799E-08,-1.4916652E-01
-2.869799E-08,-1.4916652E-01
-2.864799E-08,-1.4911381E-01
-2.859799E-08,-1.4906110E-01
-2.854799E-08,-1.4906110E-01
-2.849799E-08,-1.4900839E-01
-2.844799E-08,-1.4895568E-01
-2.839799E-08,-1.4895568E-01
-2.834799E-08,-1.4890297E-01
-2.829799E-08,-1.4890297E-01
-2.824799E-08,-1.4890297E-01
-2.819799E-08,-1.4885026E-01
-2.814799E-08,-1.4885026E-01
-2.809799E-08,-1.4885026E-01
-2.804799E-08,-1.4885026E-01
-2.799799E-08,-1.4885026E-01
-2.794799E-08,-1.4885026E-01
-2.789799E-08,-1.4885026E-01
-2.784799E-08,-1.4885026E-01
-2.779799E-08,-1.4885026E-01
-2.774799E-08,-1.4890297E-01
-2.769799E-08,-1.4890297E-01
-2.764799E-08,-1.4890297E-01
-2.759799E-08,-1.4895568E-01
-2.754799E-08,-1.4895568E-01
-2.749799E-08,-1.4900839E-01
-2.744799E-08,-1.4906110E-01
-2.739799E-08,-1.4906110E-01
-2.734799E-08,-1.4911381E-01
-2.729799E-08,-1.4911381E-01
-2.724799E-08,-1.4916652E-01
-2.719799E-08,-1.4916652E-01
-2.714799E-08,-1.4921923E-01
-2.709799E-08,-1.4927194E-01
-2.704799E-08,-1.4927194E-01
-2.699799E-08,-1.4932464E-01
-2.694799E-08,-1.4932464E-01
-2.689799E-08,-1.4937735E-01
-2.684799E-08,-1.4937735E-01
-2.679799E-08,-1.4943006E-01
-2.674799E-08,-1.4943006E-01
-2.669799E-08,-1.4943006E-01
-2.664799E-08,-1.4948277E-01
-2.659799E-08,-1.4948277E-01
-2.654799E-08,-1.4953548E-01
-2.649799E-08,-1.4953548E-01
-2.644799E-08,-1.4953548E-01
-2.639799E-08,-1.4953548E-01
-2.634799E-08,-1.4958819E-01
-2.629799E-08,-1.4958819E-01
-2.624799E-08,-1.4958819E-01
-2.619799E-08,-1.4958819E-01
-2.614799E-08,-1.4964090E-01
-2.609799E-08,-1.4964090E-01
-2.604799E-08,-1.4964090E-01
-2.599799E-08,-1.4964090E-01
-2.594799E-08,-1.4964090E-01
-2.589799E-08,-1.4964090E-01
-2.584799E-08,-1.4964090E-01
-2.579799E-08,-1.4969361E-01
-2.574799E-08,-1.4969361E-01
-2.569799E-08,-1.4969361E-01
-2.564799E-08,-1.4969361E-01
-2.559799E-08,-1.4969361E-01
-2.554799E-08,-1.4969361E-01
-2.549799E-08,-1.4969361E-01
-2.544799E-08,-1.4969361E-01
-2.539799E-08,-1.4969361E-01
-2.534799E-08,-1.4969361E-01
-2.529799E-08,-1.4969361E-01
-2.524799E-08,-1.4969361E-01
-2.519799E-08,-1.4969361E-01
-2.514799E-08,-1.4969361E-01
-2.509799E-08,-1.4969361E-01
-2.504799E-08,-1.4969361E-01
-2.499799E-08,-1.4964090E-01
-2.494799E-08,-1.4964090E-01
-2.489799E-08,-1.4964090E-01
-2.484799E-08,-1.4964090E-01
-2.479799E-08,-1.4964090E-01
-2.474799E-08,-1.4958819E-01
-2.469799E-08,-1.4958819E-01
-2.464799E-08,-1.4958819E-01
-2.459799E-08,-1.4958819E-01
-2.454799E-08,-1.4958819E-01
-2.449799E-08,-1.4953548E-01
-2.444799E-08,-1.4953548E-01
-2.439799E-08,-1.4953548E-01
-2.434799E-08,-1.4953548E-01
-2.429799E-08,-1.4948277E-01
-2.424799E-08,-1.4948277E-01
-2.419799E-08,-1.4948277E-01
-2.414799E-08,-1.4948277E-01
-2.409799E-08,-1.4948277E-01
-2.404799E-08,-1.4943006E-01
-2.399799E-08,-1.4943006E-01
-2.394799E-08,-1.4943006E-01
-2.389799E-08,-1.4943006E-01
-2.384799E-08,-1.4943006E-01
-2.379799E-08,-1.4943006E-01
-2.374799E-08,-1.4943006E-01
-2.369799E-08,-1.4943006E-01
-2.364799E-08,-1.4943006E-01
-2.359799E-08,-1.4943006E-01
-2.354799E-08,-1.4948277E-01
-2.349799E-08,-1.4948277E-01
-2.344799E-08,-1.4948277E-01
-2.339799E-08,-1.4948277E-01
-2.334799E-08,-1.4948277E-01
-2.329799E-08,-1.4948277E-01
-2.324799E-08,-1.4953548E-01
-2.319799E-08,-1.4953548E-01
-2.314799E-08,-1.4953548E-01
-2.309799E-08,-1.4953548E-01
-2.304799E-08,-1.4953548E-01
-2.299799E-08,-1.4958819E-01
-2.294799E-08,-1.4958819E-01
-2.289799E-08,-1.4958819E-01
-2.284799E-08,-1.4958819E-01
-2.279799E-08,-1.4958819E-01
-2.274799E-08,-1.4958819E-01
-2.269799E-08,-1.4958819E-01
-2.264799E-08,-1.4958819E-01
-2.259799E-08,-1.4958819E-01
-2.254799E-08,-1.4958819E-01
-2.249799E-08,-1.4958819E-01
-2.244799E-08,-1.4958819E-01
-2.239799E-08,-1.4958819E-01
-2.234799E-08,-1.4958819E-01
-2.229799E-08,-1.4958819E-01
-2.224799E-08,-1.4958819E-01
-2.219799E-08,-1.4958819E-01
-2.214799E-08,-1.4958819E-01
-2.209799E-08,-1.4958819E-01
-2.204799E-08,-1.4958819E-01
-2.199799E-08,-1.4958819E-01
-2.194799E-08,-1.4958819E-01
-2.189799E-08,-1.4958819E-01
-2.184799E-08,-1.4958819E-01
-2.179799E-08,-1.4958819E-01
-2.174799E-08,-1.4958819E-01
-2.169799E-08,-1.4958819E-01
-2.164799E-08,-1.4958819E-01
-2.159799E-08,-1.4958819E-01
-2.154799E-08,-1.4958819E-01
-2.149799E-08,-1.4958819E-01
-2.144799E-08,-1.4958819E-01
-2.139799E-08,-1.4958819E-01
-2.134799E-08,-1.4958819E-01
-2.129799E-08,-1.4964090E-01
-2.124799E-08,-1.4964090E-01
-2.119799E-08,-1.4964090E-01
-2.114799E-08,-1.4964090E-01
-2.109799E-08,-1.4964090E-01
-2.104799E-08,-1.4964090E-01
-2.099799E-08,-1.4964090E-01
-2.094799E-08,-1.4964090E-01
-2.089799E-08,-1.4964090E-01
-2.084799E-08,-1.4964090E-01
-2.079799E-08,-1.4964090E-01
-2.074799E-08,-1.4964090E-01
-2.069799E-08,-1.4964090E-01
-2.064799E-08,-1.4964090E-01
-2.059799E-08,-1.4958819E-01
-2.054799E-08,-1.4958819E-01
-2.049799E-08,-1.4958819E-01
-2.044799E-08,-1.4953548E-01
-2.039799E-08,-1.4953548E-01
-2.034799E-08,-1.4948277E-01
-2.029799E-08,-1.4948277E-01
-2.024799E-08,-1.4943006E-01
-2.019799E-08,-1.4943006E-01
-2.014799E-08,-1.4943006E-01
-2.009799E-08,-1.4937735E-01
-2.004799E-08,-1.4937735E-01
-1.999799E-08,-1.4932464E-01
-1.994799E-08,-1.4932464E-01
-1.989799E-08,-1.4932464E-01
-1.984799E-08,-1.4927194E-01
-1.979799E-08,-1.4927194E-01
-1.974799E-08,-1.4927194E-01
-1.969799E-08,-1.4927194E-01
-1.964799E-08,-1.4927194E-01
-1.959799E-08,-1.4932464E-01
-1.954799E-08,-1.4932464E-01
-1.949799E-08,-1.4932464E-01
-1.944799E-08,-1.4937735E-01
-1.939799E-08,-1.4943006E-01
-1.934799E-08,-1.4943006E-01
-1.929799E-08,-1.4948277E-01
-1.924799E-08,-1.4953548E-01
-1.919799E-08,-1.4958819E-01
-1.914799E-08,-1.4964090E-01
-1.909799E-08,-1.4969361E-01
-1.904799E-08,-1.4974632E-01
-1.899799E-08,-1.4979903E-01
-1.894799E-08,-1.4985173E-01
-1.889799E-08,-1.4990444E-01
-1.884799E-08,-1.5000986E-01
-1.879799E-08,-1.5006257E-01
-1.874799E-08,-1.5011528E-01
-1.869799E-08,-1.5016799E-01
-1.864799E-08,-1.5016799E-01
-1.859799E-08,-1.5022070E-01
-1.854799E-08,-1.5027341E-01
-1.849799E-08,-1.5032612E-01
-1.844799E-08,-1.5032612E-01
-1.839799E-08,-1.5032612E-01
-1.834799E-08,-1.5037883E-01
-1.829799E-08,-1.5037883E-01
-1.824799E-08,-1.5037883E-01
-1.819799E-08,-1.5037883E-01
-1.814799E-08,-1.5037883E-01
-1.809799E-08,-1.5032612E-01
-1.804799E-08,-1.5032612E-01
-1.799799E-08,-1.5027341E-01
-1.794799E-08,-1.5027341E-01
-1.789799E-08,-1.5022070E-01
-1.784799E-08,-1.5016799E-01
-1.779799E-08,-1.5011528E-01
-1.774799E-08,-1.5011528E-01
-1.769799E-08,-1.5006257E-01
-1.764799E-08,-1.5000986E-01
-1.759799E-08,-1.4995715E-01
-1.754799E-08,-1.4990444E-01
-1.749799E-08,-1.4985173E-01
-1.744799E-08,-1.4979903E-01
-1.739799E-08,-1.4979903E-01
-1.734799E-08,-1.4974632E-01
-1.729799E-08,-1.4969361E-01
-1.724799E-08,-1.4969361E-01
-1.719799E-08,-1.4964090E-01
-1.714799E-08,-1.4964090E-01
-1.709799E-08,-1.4964090E-01
-1.704799E-08,-1.4964090E-01
-1.699799E-08,-1.4964090E-01
-1.694799E-08,-1.4964090E-01
-1.689799E-08,-1.4964090E-01
-1.684799E-08,-1.4964090E-01
-1.679799E-08,-1.4964090E-01
-1.674799E-08,-1.4964090E-01
-1.669799E-08,-1.4969361E-01
-1.664799E-08,-1.4969361E-01
-1.659799E-08,-1.4974632E-01
-1.654799E-08,-1.4974632E-01
-1.649799E-08,-1.4974632E-01
-1.644799E-08,-1.4979903E-01
-1.639799E-08,-1.4979903E-01
-1.634799E-08,-1.4985173E-01
-1.629799E-08,-1.4985173E-01
-1.624799E-08,-1.4985173E-01
-1.619799E-08,-1.4990444E-01
-1.614799E-08,-1.4990444E-01
-1.609799E-08,-1.4990444E-01
-1.604799E-08,-1.4990444E-01
-1.599799E-08,-1.4990444E-01
-1.594799E-08,-1.4990444E-01
-1.589799E-08,-1.4985173E-01
-1.584799E-08,-1.4985173E-01
-1.579799E-08,-1.4985173E-01
-1.574799E-08,-1.4979903E-01
-1.569799E-08,-1.4974632E-01
-1.564799E-08,-1.4974632E-01
-1.559799E-08,-1.4969361E-01
-1.554799E-08,-1.4969361E-01
-1.549799E-08,-1.4964090E-01
-1.544799E-08,-1.4958819E-01
-1.539799E-08,-1.4953548E-01
-1.534799E-08,-1.4953548E-01
-1.529799E-08,-1.4948277E-01
-1.524799E-08,-1.4943006E-01
-1.519799E-08,-1.4943006E-01
-1.514799E-08,-1.4937735E-01
-1.509799E-08,-1.4937735E-01
-1.504799E-08,-1.4932464E-01
-1.499799E-08,-1.4932464E-01
-1.494799E-08,-1.4932464E-01
-1.489799E-08,-1.4932464E-01
-1.484799E-08,-1.4932464E-01
-1.479799E-08,-1.4932464E-01
-1.474799E-08,-1.4932464E-01
-1.469799E-08,-1.4932464E-01
-1.464799E-08,-1.4937735E-01
-1.459799E-08,-1.4937735E-01
-1.454799E-08,-1.4943006E-01
-1.449799E-08,-1.4948277E-01
-1.444799E-08,-1.4953548E-01
-1.439799E-08,-1.4953548E-01
-1.434799E-08,-1.4958819E-01
-1.429799E-08,-1.4964090E-01
-1.424799E-08,-1.4969361E-01
-1.419799E-08,-1.4974632E-01
-1.414799E-08,-1.4979903E-01
-1.409799E-08,-1.4985173E-01
-1.404799E-08,-1.4990444E-01
-1.399799E-08,-1.4995715E-01
-1.394799E-08,-1.5000986E-01
-1.389799E-08,-1.5000986E-01
-1.384799E-08,-1.5006257E-01
-1.379799E-08,-1.5011528E-01
-1.374799E-08,-1.5011528E-01
-1.369799E-08,-1.5016799E-01
-1.364799E-08,-1.5016799E-01
-1.359799E-08,-1.5016799E-01
-1.354799E-08,-1.5016799E-01
-1.349799E-08,-1.5016799E-01
-1.344799E-08,-1.5016799E-01
-1.339799E-08,-1.5016799E-01
-1.334799E-08,-1.5011528E-01
-1.329799E-08,-1.5011528E-01
-1.324799E-08,-1.5006257E-01
-1.319799E-08,-1.5000986E-01
-1.314799E-08,-1.4995715E-01
-1.309799E-08,-1.4990444E-01
-1.304799E-08,-1.4985173E-01
-1.299799E-08,-1.4979903E-01
-1.294799E-08,-1.4974632E-01
-1.289799E-08,-1.4969361E-01
-1.284799E-08,-1.4964090E-01
-1.279799E-08,-1.4958819E-01
-1.274799E-08,-1.4953548E-01
-1.269799E-08,-1.4948277E-01
-1.264799E-08,-1.4943006E-01
-1.259799E-08,-1.4937735E-01
-1.254799E-08,-1.4937735E-01
-1.249799E-08,-1.4932464E-01
-1.244799E-08,-1.4927194E-01
-1.239799E-08,-1.4927194E-01
-1.234799E-08,-1.4921923E-01
-1.229799E-08,-1.4921923E-01
-1.224799E-08,-1.4921923E-01
-1.219799E-08,-1.4921923E-01
-1.214799E-08,-1.4921923E-01
-1.209799E-08,-1.4921923E-01
-1.204799E-08,-1.4927194E-01
-1.199799E-08,-1.4927194E-01
-1.194799E-08,-1.4927194E-01
-1.189799E-08,-1.4932464E-01
-1.184799E-08,-1.4937735E-01
-1.179799E-08,-1.4937735E-01
-1.174799E-08,-1.4943006E-01
-1.169799E-08,-1.4948277E-01
-1.164799E-08,-1.4953548E-01
-1.159799E-08,-1.4958819E-01
-1.154799E-08,-1.4958819E-01
-1.149799E-08,-1.4964090E-01
-1.144799E-08,-1.4969361E-01
-1.139799E-08,-1.4974632E-01
-1.134799E-08,-1.4974632E-01
-1.129799E-08,-1.4979903E-01
-1.124799E-08,-1.4979903E-01
-1.119799E-08,-1.4985173E-01
-1.114799E-08,-1.4985173E-01
-1.109799E-08,-1.4990444E-01
-1.104799E-08,-1.4990444E-01
-1.099799E-08,-1.4990444E-01
-1.094799E-08,-1.4990444E-01
-1.089799E-08,-1.4990444E-01
-1.084799E-08,-1.4990444E-01
-1.079799E-08,-1.4990444E-01
-1.074799E-08,-1.4985173E-01
-1.069799E-08,-1.4985173E-01
-1.064799E-08,-1.4979903E-01
-1.059799E-08,-1.4979903E-01
-1.054799E-08,-1.4974632E-01
-1.049799E-08,-1.4974632E-01
-1.044799E-08,-1.4969361E-01
-1.039799E-08,-1.4969361E-01
-1.034799E-08,-1.4964090E-01
-1.029799E-08,-1.4964090E-01
-1.024799E-08,-1.4958819E-01
-1.019799E-08,-1.4953548E-01
-1.014799E-08,-1.4953548E-01
-1.009799E-08,-1.4948277E-01
-1.004799E-08,-1.4948277E-01
-9.99799E-09,-1.4948277E-01
-9.94799E-09,-1.4943006E-01
-9.89799E-09,-1.4943006E-01
-9.84799E-09,-1.4943006E-01
-9.79799E-09,-1.4943006E-01
-9.74799E-09,-1.4937735E-01
-9.69799E-09,-1.4937735E-01
-9.64799E-09,-1.4937735E-01
-9.59799E-09,-1.4937735E-01
-9.54799E-09,-1.4937735E-01
-9.49799E-09,-1.4937735E-01
-9.44799E-09,-1.4943006E-01
-9.39799E-09,-1.4943006E-01
-9.34799E-09,-1.4943006E-01
-9.29799E-09,-1.4943006E-01
-9.24799E-09,-1.4943006E-01
-9.19799E-09,-1.4943006E-01
-9.14799E-09,-1.4943006E-01
-9.09799E-09,-1.4943006E-01
-9.04799E-09,-1.4943006E-01
-8.99799E-09,-1.4943006E-01
-8.94799E-09,-1.4943006E-01
-8.89799E-09,-1.4943006E-01
-8.84799E-09,-1.4943006E-01
-8.79799E-09,-1.4943006E-01
-8.74799E-09,-1.4943006E-01
-8.69799E-09,-1.4943006E-01
-8.64799E-09,-1.4943006E-01
-8.59799E-09,-1.4943006E-01
-8.54799E-09,-1.4943006E-01
-8.49799E-09,-1.4943006E-01
-8.44799E-09,-1.4943006E-01
-8.39799E-09,-1.4943006E-01
-8.34799E-09,-1.4943006E-01
-8.29799E-09,-1.4943006E-01
-8.24799E-09,-1.4943006E-01
-8.19799E-09,-1.4943006E-01
-8.14799E-09,-1.4943006E-01
-8.09799E-09,-1.4943006E-01
-8.04799E-09,-1.4943006E-01
-7.99799E-09,-1.4943006E-01
-7.94799E-09,-1.4943006E-01
-7.89799E-09,-1.4943006E-01
-7.84799E-09,-1.4948277E-01
-7.79799E-09,-1.4948277E-01
-7.74799E-09,-1.4948277E-01
-7.69799E-09,-1.4948277E-01
-7.64799E-09,-1.4953548E-01
-7.59799E-09,-1.4953548E-01
-7.54799E-09,-1.4953548E-01
-7.49799E-09,-1.4953548E-01
-7.44799E-09,-1.4958819E-01
-7.39799E-09,-1.4958819E-01
-7.34799E-09,-1.4958819E-01
-7.29799E-09,-1.4958819E-01
-7.24799E-09,-1.4958819E-01
-7.19799E-09,-1.4958819E-01
-7.14799E-09,-1.4953548E-01
-7.09799E-09,-1.4953548E-01
-7.04799E-09,-1.4953548E-01
-6.99799E-09,-1.4948277E-01
-6.94799E-09,-1.4948277E-01
-6.89799E-09,-1.4943006E-01
-6.84799E-09,-1.4943006E-01
-6.79799E-09,-1.4937735E-01
-6.74799E-09,-1.4937735E-01
-6.69799E-09,-1.4932464E-01
-6.64799E-09,-1.4927194E-01
-6.59799E-09,-1.4921923E-01
-6.54799E-09,-1.4921923E-01
-6.49799E-09,-1.4916652E-01
-6.44799E-09,-1.4911381E-01
-6.39799E-09,-1.4911381E-01
-6.34799E-09,-1.4906110E-01
-6.29799E-09,-1.4906110E-01
-6.24799E-09,-1.4900839E-01
-6.19799E-09,-1.4900839E-01
-6.14799E-09,-1.4900839E-01
-6.09799E-09,-1.4895568E-01
-6.04799E-09,-1.4895568E-01
-5.99799E-09,-1.4895568E-01
-5.94799E-09,-1.4900839E-01
-5.89799E-09,-1.4900839E-01
-5.84799E-09,-1.4900839E-01
-5.79799E-09,-1.4906110E-01
-5.74799E-09,-1.4906110E-01
-5.69799E-09,-1.4911381E-01
-5.64799E-09,-1.4911381E-01
-5.59799E-09,-1.4916652E-01
-5.54799E-09,-1.4921923E-01
-5.49799E-09,-1.4927194E-01
-5.44799E-09,-1.4932464E-01
-5.39799E-09,-1.4932464E-01
-5.34799E-09,-1.4937735E-01
-5.29799E-09,-1.4943006E-01
-5.24799E-09,-1.4948277E-01
-5.19799E-09,-1.4953548E-01
-5.14799E-09,-1.4953548E-01
-5.09799E-09,-1.4958819E-01
-5.04799E-09,-1.4958819E-01
-4.99799E-09,-1.4964090E-01
-4.94799E-09,-1.4964090E-01
-4.89799E-09,-1.4964090E-01
-4.84799E-09,-1.4969361E-01
-4.79799E-09,-1.4969361E-01
-4.74799E-09,-1.4969361E-01
-4.69799E-09,-1.4969361E-01
-4.64799E-09,-1.4964090E-01
-4.59799E-09,-1.4964090E-01
-4.54799E-09,-1.4964090E-01
-4.49799E-09,-1.4958819E-01
-4.44799E-09,-1.4958819E-01
-4.39799E-09,-1.4958819E-01
-4.34799E-09,-1.4953548E-01
-4.29799E-09,-1.4953548E-01
-4.24799E-09,-1.4948277E-01
-4.19799E-09,-1.4948277E-01
-4.14799E-09,-1.4948277E-01
-4.09799E-09,-1.4943006E-01
-4.04799E-09,-1.4943006E-01
-3.99799E-09,-1.4943006E-01
-3.94799E-09,-1.4943006E-01
-3.89799E-09,-1.4943006E-01
-3.84799E-09,-1.4943006E-01
-3.79799E-09,-1.4948277E-01
-3.74799E-09,-1.4948277E-01
-3.69799E-09,-1.4948277E-01
-3.64799E-09,-1.4953548E-01
-3.59799E-09,-1.4953548E-01
-3.54799E-09,-1.4958819E-01
-3.49799E-09,-1.4964090E-01
-3.44799E-09,-1.4964090E-01
-3.39799E-09,-1.4969361E-01
-3.34799E-09,-1.4974632E-01
-3.29799E-09,-1.4974632E-01
-3.24799E-09,-1.4979903E-01
-3.19799E-09,-1.4979903E-01
-3.14799E-09,-1.4985173E-01
-3.09799E-09,-1.4985173E-01
-3.04799E-09,-1.4985173E-01
-2.99799E-09,-1.4990444E-01
-2.94799E-09,-1.4990444E-01
-2.89799E-09,-1.4985173E-01
-2.84799E-09,-1.4985173E-01
-2.79799E-09,-1.4985173E-01
-2.74799E-09,-1.4979903E-01
-2.69799E-09,-1.4979903E-01
-2.64799E-09,-1.4974632E-01
-2.59799E-09,-1.4969361E-01
-2.54799E-09,-1.4964090E-01
-2.49799E-09,-1.4958819E-01
-2.44799E-09,-1.4948277E-01
-2.39799E-09,-1.4943006E-01
-2.34799E-09,-1.4937735E-01
-2.29799E-09,-1.4932464E-01
-2.24799E-09,-1.4921923E-01
-2.19799E-09,-1.4916652E-01
-2.14799E-09,-1.4911381E-01
-2.09799E-09,-1.4906110E-01
-2.04799E-09,-1.4900839E-01
-1.99799E-09,-1.4895568E-01
-1.94799E-09,-1.4890297E-01
-1.89799E-09,-1.4885026E-01
-1.84799E-09,-1.4885026E-01
-1.79799E-09,-1.4879755E-01
-1.74799E-09,-1.4879755E-01
-1.69799E-09,-1.4879755E-01
-1.64799E-09,-1.4879755E-01
-1.59799E-09,-1.4879755E-01
-1.54799E-09,-1.4885026E-01
-1.49799E-09,-1.4885026E-01
-1.44799E-09,-1.4890297E-01
-1.39799E-09,-1.4895568E-01
-1.34799E-09,-1.4895568E-01
-1.29799E-09,-1.4900839E-01
-1.24799E-09,-1.4911381E-01
-1.19799E-09,-1.4916652E-01
-1.14799E-09,-1.4921923E-01
-1.09799E-09,-1.4927194E-01
-1.04799E-09,-1.4932464E-01
-9.9799E-10,-1.4937735E-01
-9.4799E-10,-1.4943006E-01
-8.9799E-10,-1.4948277E-01
-8.4799E-10,-1.4953548E-01
-7.9799E-10,-1.4958819E-01
-7.4799E-10,-1.4964090E-01
-6.9799E-10,-1.4964090E-01
-6.4799E-10,-1.4964090E-01
-5.9799E-10,-1.4964090E-01
-5.4799E-10,-1.4964090E-01
-4.9799E-10,-1.4964090E-01
-4.4799E-10,-1.4964090E-01
-3.9799E-10,-1.4958819E-01
-3.4799E-10,-1.4958819E-01
-2.9799E-10,-1.4953548E-01
-2.4799E-10,-1.4948277E-01
-1.9799E-10,-1.4937735E-01
-1.4799E-10,-1.4932464E-01
-9.799E-11,-1.4927194E-01
-4.799E-11,-1.4921923E-01
2.01E-12,-1.4911381E-01
5.201E-11,-1.4906110E-01
1.0201E-10,-1.4895568E-01
1.5201E-10,-1.4890297E-01
2.0201E-10,-1.4879755E-01
2.5201E-10,-1.4874485E-01
3.0201E-10,-1.4863943E-01
3.5201E-10,-1.4858672E-01
4.0201E-10,-1.4853401E-01
4.5201E-10,-1.4848130E-01
5.0201E-10,-1.4842859E-01
5.5201E-10,-1.4842859E-01
6.0201E-10,-1.4837588E-01
6.5201E-10,-1.4837588E-01
7.0201E-10,-1.4832317E-01
7.5201E-10,-1.4832317E-01
8.0201E-10,-1.4832317E-01
8.5201E-10,-1.4837588E-01
9.0201E-10,-1.4837588E-01
9.5201E-10,-1.4837588E-01
1.00201E-09,-1.4842859E-01
1.05201E-09,-1.4848130E-01
1.10201E-09,-1.4848130E-01
1.15201E-09,-1.4853401E-01
1.20201E-09,-1.4858672E-01
1.25201E-09,-1.4863943E-01
1.30201E-09,-1.4869214E-01
1.35201E-09,-1.4874485E-01
1.40201E-09,-1.4885026E-01
1.45201E-09,-1.4890297E-01
1.50201E-09,-1.4895568E-01
1.55201E-09,-1.4900839E-01
1.60201E-09,-1.4906110E-01
1.65201E-09,-1.4911381E-01
1.70201E-09,-1.4916652E-01
1.75201E-09,-1.4921923E-01
1.80201E-09,-1.4927194E-01
1.85201E-09,-1.4932464E-01
1.90201E-09,-1.4932464E-01
1.95201E-09,-1.4937735E-01
2.00201E-09,-1.4943006E-01
2.05201E-09,-1.4943006E-01
2.10201E-09,-1.4948277E-01
2.15201E-09,-1.4948277E-01
2.20201E-09,-1.4948277E-01
2.25201E-09,-1.4948277E-01
2.30201E-09,-1.4948277E-01
2.35201E-09,-1.4948277E-01
2.40201E-09,-1.4948277E-01
2.45201E-09,-1.4948277E-01
2.50201E-09,-1.4948277E-01
2.55201E-09,-1.4948277E-01
2.60201E-09,-1.4943006E-01
2.65201E-09,-1.4943006E-01
2.70201E-09,-1.4937735E-01
2.75201E-09,-1.4937735E-01
2.80201E-09,-1.4932464E-01
2.85201E-09,-1.4932464E-01
2.90201E-09,-1.4927194E-01
2.95201E-09,-1.4927194E-01
3.00201E-09,-1.4921923E-01
3.05201E-09,-1.4921923E-01
3.10201E-09,-1.4916652E-01
3.15201E-09,-1.4911381E-01
3.20201E-09,-1.4911381E-01
3.25201E-09,-1.4906110E-01
3.30201E-09,-1.4906110E-01
3.35201E-09,-1.4900839E-01
3.40201E-09,-1.4900839E-01
3.45201E-09,-1.4895568E-01
3.50201E-09,-1.4895568E-01
3.55201E-09,-1.4890297E-01
3.60201E-09,-1.4890297E-01
3.65201E-09,-1.4890297E-01
3.70201E-09,-1.4890297E-01
3.75201E-09,-1.4885026E-01
3.80201E-09,-1.4885026E-01
3.85201E-09,-1.4885026E-01
3.90201E-09,-1.4885026E-01
3.95201E-09,-1.4890297E-01
4.00201E-09,-1.4890297E-01
4.05201E-09,-1.4890297E-01
4.10201E-09,-1.4890297E-01
4.15201E-09,-1.4895568E-01
4.20201E-09,-1.4895568E-01
4.25201E-09,-1.4900839E-01
4.30201E-09,-1.4900839E-01
4.35201E-09,-1.4906110E-01
4.40201E-09,-1.4911381E-01
4.45201E-09,-1.4911381E-01
4.50201E-09,-1.4916652E-01
4.55201E-09,-1.4921923E-01
4.60201E-09,-1.4921923E-01
4.65201E-09,-1.4927194E-01
4.70201E-09,-1.4932464E-01
4.75201E-09,-1.4937735E-01
4.80201E-09,-1.4937735E-01
4.85201E-09,-1.4943006E-01
4.90201E-09,-1.4948277E-01
4.95201E-09,-1.4948277E-01
5.00201E-09,-1.4953548E-01
5.05201E-09,-1.4953548E-01
5.10201E-09,-1.4953548E-01
5.15201E-09,-1.4958819E-01
5.20201E-09,-1.4958819E-01
5.25201E-09,-1.4958819E-01
5.30201E-09,-1.4964090E-01
5.35201E-09,-1.4964090E-01
5.40201E-09,-1.4964090E-01
5.45201E-09,-1.4964090E-01
5.50201E-09,-1.4964090E-01
5.55201E-09,-1.4958819E-01
5.60201E-09,-1.4958819E-01
5.65201E-09,-1.4958819E-01
5.70201E-09,-1.4958819E-01
5.75201E-09,-1.4958819E-01
5.80201E-09,-1.4953548E-01
5.85201E-09,-1.4953548E-01
5.90201E-09,-1.4953548E-01
5.95201E-09,-1.4953548E-01
6.00201E-09,-1.4948277E-01
6.05201E-09,-1.4948277E-01
6.10201E-09,-1.4948277E-01
6.15201E-09,-1.4948277E-01
6.20201E-09,-1.4948277E-01
6.25201E-09,-1.4943006E-01
6.30201E-09,-1.4943006E-01
6.35201E-09,-1.4943006E-01
6.40201E-09,-1.4943006E-01
6.45201E-09,-1.4943006E-01
6.50201E-09,-1.4943006E-01
6.55201E-09,-1.4943006E-01
6.60201E-09,-1.4943006E-01
6.65201E-09,-1.4943006E-01
6.70201E-09,-1.4943006E-01
6.75201E-09,-1.4943006E-01
6.80201E-09,-1.4943006E-01
6.85201E-09,-1.4943006E-01
6.90201E-09,-1.4948277E-01
6.95201E-09,-1.4948277E-01
7.00201E-09,-1.4948277E-01
7.05201E-09,-1.4948277E-01
7.10201E-09,-1.4948277E-01
7.15201E-09,-1.4948277E-01
7.20201E-09,-1.4948277E-01
7.25201E-09,-1.4953548E-01
7.30201E-09,-1.4953548E-01
7.35201E-09,-1.4953548E-01
7.40201E-09,-1.4953548E-01
7.45201E-09,-1.4958819E-01
7.50201E-09,-1.4958819E-01
7.55201E-09,-1.4958819E-01
7.60201E-09,-1.4964090E-01
7.65201E-09,-1.4964090E-01
7.70201E-09,-1.4964090E-01
7.75201E-09,-1.4969361E-01
7.80201E-09,-1.4969361E-01
7.85201E-09,-1.4974632E-01
7.90201E-09,-1.4974632E-01
7.95201E-09,-1.4979903E-01
8.00201E-09,-1.4985173E-01
8.05201E-09,-1.4990444E-01
8.10201E-09,-1.4995715E-01
8.15201E-09,-1.5000986E-01
8.20201E-09,-1.5011528E-01
8.25201E-09,-1.5016799E-01
8.30201E-09,-1.5027341E-01
8.35201E-09,-1.5032612E-01
8.40201E-09,-1.5043153E-01
8.45201E-09,-1.5048424E-01
8.50201E-09,-1.5058966E-01
8.55201E-09,-1.5064237E-01
8.60201E-09,-1.5069508E-01
8.65201E-09,-1.5080050E-01
8.70201E-09,-1.5085321E-01
8.75201E-09,-1.5090592E-01
8.80201E-09,-1.5095862E-01
8.85201E-09,-1.5095862E-01
8.90201E-09,-1.5101133E-01
8.95201E-09,-1.5101133E-01
9.00201E-09,-1.5101133E-01
9.05201E-09,-1.5101133E-01
9.10201E-09,-1.5095862E-01
9.15201E-09,-1.5090592E-01
9.20201E-09,-1.5090592E-01
9.25201E-09,-1.5085321E-01
9.30201E-09,-1.5074779E-01
9.35201E-09,-1.5069508E-01
9.40201E-09,-1.5058966E-01
9.45201E-09,-1.5053695E-01
9.50201E-09,-1.5043153E-01
9.55201E-09,-1.5032612E-01
9.60201E-09,-1.5022070E-01
9.65201E-09,-1.5011528E-01
9.70201E-09,-1.5000986E-01
9.75201E-09,-1.4995715E-01
9.80201E-09,-1.4985173E-01
9.85201E-09,-1.4979903E-01
9.90201E-09,-1.4969361E-01
9.95201E-09,-1.4964090E-01
1.000201E-08,-1.4958819E-01
1.005201E-08,-1.4953548E-01
1.010201E-08,-1.4953548E-01
1.015201E-08,-1.4953548E-01
1.020201E-08,-1.4948277E-01
1.025201E-08,-1.4953548E-01
1.030201E-08,-1.4953548E-01
1.035201E-08,-1.4958819E-01
1.040201E-08,-1.4958819E-01
1.045201E-08,-1.4964090E-01
1.050201E-08,-1.4969361E-01
1.055201E-08,-1.4979903E-01
1.060201E-08,-1.4985173E-01
1.065201E-08,-1.4990444E-01
1.070201E-08,-1.4995715E-01
1.075201E-08,-1.5006257E-01
1.080201E-08,-1.5011528E-01
1.085201E-08,-1.5016799E-01
1.090201E-08,-1.5022070E-01
1.095201E-08,-1.5027341E-01
1.100201E-08,-1.5032612E-01
1.105201E-08,-1.5032612E-01
1.110201E-08,-1.5037883E-01
1.115201E-08,-1.5037883E-01
1.120201E-08,-1.5037883E-01
1.125201E-08,-1.5032612E-01
1.130201E-08,-1.5032612E-01
1.135201E-08,-1.5027341E-01
1.140201E-08,-1.5022070E-01
1.145201E-08,-1.5022070E-01
1.150201E-08,-1.5011528E-01
1.155201E-08,-1.5006257E-01
1.160201E-08,-1.5000986E-01
1.165201E-08,-1.4995715E-01
1.170201E-08,-1.4985173E-01
1.175201E-08,-1.4979903E-01
1.180201E-08,-1.4974632E-01
1.185201E-08,-1.4969361E-01
1.190201E-08,-1.4964090E-01
1.195201E-08,-1.4958819E-01
1.200201E-08,-1.4953548E-01
1.205201E-08,-1.4953548E-01
1.210201E-08,-1.4948277E-01
1.215201E-08,-1.4948277E-01
1.220201E-08,-1.4948277E-01
1.225201E-08,-1.4948277E-01
1.230201E-08,-1.4948277E-01
1.235201E-08,-1.4953548E-01
1.240201E-08,-1.4958819E-01
1.245201E-08,-1.4958819E-01
1.250201E-08,-1.4964090E-01
1.255201E-08,-1.4969361E-01
1.260201E-08,-1.4974632E-01
1.265201E-08,-1.4979903E-01
1.270201E-08,-1.4985173E-01
1.275201E-08,-1.4990444E-01
1.280201E-08,-1.4995715E-01
1.285201E-08,-1.4995715E-01
1.290201E-08,-1.5000986E-01
1.295201E-08,-1.5000986E-01
1.300201E-08,-1.5006257E-01
1.305201E-08,-1.5006257E-01
1.310201E-08,-1.5006257E-01
1.315201E-08,-1.5000986E-01
1.320201E-08,-1.5000986E-01
1.325201E-08,-1.4995715E-01
1.330201E-08,-1.4990444E-01
1.335201E-08,-1.4985173E-01
1.340201E-08,-1.4979903E-01
1.345201E-08,-1.4974632E-01
1.350201E-08,-1.4969361E-01
1.355201E-08,-1.4958819E-01
1.360201E-08,-1.4953548E-01
1.365201E-08,-1.4948277E-01
1.370201E-08,-1.4943006E-01
1.375201E-08,-1.4932464E-01
1.380201E-08,-1.4927194E-01
1.385201E-08,-1.4927194E-01
1.390201E-08,-1.4921923E-01
1.395201E-08,-1.4916652E-01
1.400201E-08,-1.4916652E-01
1.405201E-08,-1.4916652E-01
1.410201E-08,-1.4916652E-01
1.415201E-08,-1.4921923E-01
1.420201E-08,-1.4921923E-01
1.425201E-08,-1.4927194E-01
1.430201E-08,-1.4932464E-01
1.435201E-08,-1.4943006E-01
1.440201E-08,-1.4948277E-01
1.445201E-08,-1.4958819E-01
1.450201E-08,-1.4964090E-01
1.455201E-08,-1.4974632E-01
1.460201E-08,-1.4979903E-01
1.465201E-08,-1.4990444E-01
1.470201E-08,-1.5000986E-01
1.475201E-08,-1.5006257E-01
1.480201E-08,-1.5011528E-01
1.485201E-08,-1.5016799E-01
1.490201E-08,-1.5022070E-01
1.495201E-08,-1.5027341E-01
1.500201E-08,-1.5027341E-01
1.505201E-08,-1.5027341E-01
1.510201E-08,-1.5027341E-01
1.515201E-08,-1.5027341E-01
1.520201E-08,-1.5022070E-01
1.525201E-08,-1.5016799E-01
1.530201E-08,-1.5011528E-01
1.535201E-08,-1.5006257E-01
1.540201E-08,-1.5000986E-01
1.545201E-08,-1.4990444E-01
1.550201E-08,-1.4979903E-01
1.555201E-08,-1.4974632E-01
1.560201E-08,-1.4964090E-01
1.565201E-08,-1.4958819E-01
1.570201E-08,-1.4948277E-01
1.575201E-08,-1.4943006E-01
1.580201E-08,-1.4937735E-01
1.585201E-08,-1.4932464E-01
1.590201E-08,-1.4927194E-01
1.595201E-08,-1.4927194E-01
1.600201E-08,-1.4927194E-01
1.605201E-08,-1.4927194E-01
1.610201E-08,-1.4932464E-01
1.615201E-08,-1.4932464E-01
1.620201E-08,-1.4943006E-01
1.625201E-08,-1.4948277E-01
1.630201E-08,-1.4958819E-01
1.635201E-08,-1.4964090E-01
1.640201E-08,-1.4974632E-01
1.645201E-08,-1.4985173E-01
1.650201E-08,-1.4995715E-01
1.655201E-08,-1.5006257E-01
1.660201E-08,-1.5016799E-01
1.665201E-08,-1.5027341E-01
1.670201E-08,-1.5037883E-01
1.675201E-08,-1.5043153E-01
1.680201E-08,-1.5048424E-01
1.685201E-08,-1.5053695E-01
1.690201E-08,-1.5058966E-01
1.695201E-08,-1.5058966E-01
1.700201E-08,-1.5053695E-01
1.705201E-08,-1.5053695E-01
1.710201E-08,-1.5048424E-01
1.715201E-08,-1.5037883E-01
1.720201E-08,-1.5032612E-01
1.725201E-08,-1.5022070E-01
1.730201E-08,-1.5006257E-01
1.735201E-08,-1.4995715E-01
1.740201E-08,-1.4979903E-01
1.745201E-08,-1.4969361E-01
1.750201E-08,-1.4953548E-01
1.755201E-08,-1.4937735E-01
1.760201E-08,-1.4927194E-01
1.765201E-08,-1.4916652E-01
1.770201E-08,-1.4900839E-01
1.775201E-08,-1.4895568E-01
1.780201E-08,-1.4885026E-01
1.785201E-08,-1.4879755E-01
1.790201E-08,-1.4879755E-01
1.795201E-08,-1.4879755E-01
1.800201E-08,-1.4885026E-01
1.805201E-08,-1.4890297E-01
1.810201E-08,-1.4895568E-01
1.815201E-08,-1.4906110E-01
1.820201E-08,-1.4921923E-01
1.825201E-08,-1.4937735E-01
1.830201E-08,-1.4953548E-01
1.835201E-08,-1.4969361E-01
1.840201E-08,-1.4990444E-01
1.845201E-08,-1.5011528E-01
1.850201E-08,-1.5032612E-01
1.855201E-08,-1.5053695E-01
1.860201E-08,-1.5069508E-01
1.865201E-08,-1.5090592E-01
1.870201E-08,-1.5106404E-01
1.875201E-08,-1.5122217E-01
1.880201E-08,-1.5132759E-01
1.885201E-08,-1.5143301E-01
1.890201E-08,-1.5148571E-01
1.895201E-08,-1.5153842E-01
1.900201E-08,-1.5153842E-01
1.905201E-08,-1.5148571E-01
1.910201E-08,-1.5143301E-01
1.915201E-08,-1.5132759E-01
1.920201E-08,-1.5122217E-01
1.925201E-08,-1.5106404E-01
1.930201E-08,-1.5090592E-01
1.935201E-08,-1.5069508E-01
1.940201E-08,-1.5048424E-01
1.945201E-08,-1.5027341E-01
1.950201E-08,-1.5000986E-01
1.955201E-08,-1.4979903E-01
1.960201E-08,-1.4958819E-01
1.965201E-08,-1.4937735E-01
1.970201E-08,-1.4916652E-01
1.975201E-08,-1.4900839E-01
1.980201E-08,-1.4885026E-01
1.985201E-08,-1.4874485E-01
1.990201E-08,-1.4869214E-01
1.995201E-08,-1.4863943E-01
2.000201E-08,-1.4863943E-01
2.005201E-08,-1.4863943E-01
2.010201E-08,-1.4869214E-01
2.015201E-08,-1.4879755E-01
2.020201E-08,-1.4895568E-01
2.025201E-08,-1.4911381E-01
2.030201E-08,-1.4927194E-01
2.035201E-08,-1.4948277E-01
2.040201E-08,-1.4969361E-01
2.045201E-08,-1.4990444E-01
2.050201E-08,-1.5016799E-01
2.055201E-08,-1.5037883E-01
2.060201E-08,-1.5058966E-01
2.065201E-08,-1.5080050E-01
2.070201E-08,-1.5095862E-01
2.075201E-08,-1.5111675E-01
2.080201E-08,-1.5122217E-01
2.085201E-08,-1.5127488E-01
2.090201E-08,-1.5132759E-01
2.095201E-08,-1.5132759E-01
2.100201E-08,-1.5127488E-01
2.105201E-08,-1.5116946E-01
2.110201E-08,-1.5106404E-01
2.115201E-08,-1.5085321E-01
2.120201E-08,-1.5064237E-01
2.125201E-08,-1.5043153E-01
2.130201E-08,-1.5016799E-01
2.135201E-08,-1.4985173E-01
2.140201E-08,-1.4953548E-01
2.145201E-08,-1.4927194E-01
2.150201E-08,-1.4895568E-01
2.155201E-08,-1.4863943E-01
2.160201E-08,-1.4837588E-01
2.165201E-08,-1.4811234E-01
2.170201E-08,-1.4790150E-01
2.175201E-08,-1.4774337E-01
2.180201E-08,-1.4758525E-01
2.185201E-08,-1.4753254E-01
2.190201E-08,-1.4747983E-01
2.195201E-08,-1.4753254E-01
2.200201E-08,-1.4758525E-01
2.205201E-08,-1.4774337E-01
2.210201E-08,-1.4790150E-01
2.215201E-08,-1.4816505E-01
2.220201E-08,-1.4842859E-01
2.225201E-08,-1.4874485E-01
2.230201E-08,-1.4911381E-01
2.235201E-08,-1.4948277E-01
2.240201E-08,-1.4990444E-01
2.245201E-08,-1.5027341E-01
2.250201E-08,-1.5064237E-01
2.255201E-08,-1.5101133E-01
2.260201E-08,-1.5138030E-01
2.265201E-08,-1.5169655E-01
2.270201E-08,-1.5196010E-01
2.275201E-08,-1.5217093E-01
2.280201E-08,-1.5232906E-01
2.285201E-08,-1.5238177E-01
2.290201E-08,-1.5243448E-01
2.295201E-08,-1.5238177E-01
2.300201E-08,-1.5227635E-01
2.305201E-08,-1.5206551E-01
2.310201E-08,-1.5180197E-01
2.315201E-08,-1.5148571E-01
2.320201E-08,-1.5111675E-01
2.325201E-08,-1.5069508E-01
2.330201E-08,-1.5027341E-01
2.335201E-08,-1.4979903E-01
2.340201E-08,-1.4932464E-01
2.345201E-08,-1.4885026E-01
2.350201E-08,-1.4837588E-01
2.355201E-08,-1.4795421E-01
2.360201E-08,-1.4753254E-01
2.365201E-08,-1.4716358E-01
2.370201E-08,-1.4690003E-01
2.375201E-08,-1.4668919E-01
2.380201E-08,-1.4658378E-01
2.385201E-08,-1.4653107E-01
2.390201E-08,-1.4658378E-01
2.395201E-08,-1.4674190E-01
2.400201E-08,-1.4700545E-01
2.405201E-08,-1.4732170E-01
2.410201E-08,-1.4774337E-01
2.415201E-08,-1.4827046E-01
2.420201E-08,-1.4885026E-01
2.425201E-08,-1.4948277E-01
2.430201E-08,-1.5016799E-01
2.435201E-08,-1.5090592E-01
2.440201E-08,-1.5159113E-01
2.445201E-08,-1.5232906E-01
2.450201E-08,-1.5301428E-01
2.455201E-08,-1.5364678E-01
2.460201E-08,-1.5422658E-01
2.465201E-08,-1.5470096E-01
2.470201E-08,-1.5512264E-01
2.475201E-08,-1.5538618E-01
2.480201E-08,-1.5554431E-01
2.485201E-08,-1.5559702E-01
2.490201E-08,-1.5549160E-01
2.495201E-08,-1.5522805E-01
2.500201E-08,-1.5480638E-01
2.505201E-08,-1.5422658E-01
2.510201E-08,-1.5354137E-01
2.515201E-08,-1.5275073E-01
2.520201E-08,-1.5185468E-01
2.525201E-08,-1.5080050E-01
2.530201E-08,-1.4974632E-01
2.535201E-08,-1.4863943E-01
2.540201E-08,-1.4747983E-01
2.545201E-08,-1.4632023E-01
2.550201E-08,-1.4521334E-01
2.555201E-08,-1.4421187E-01
2.560201E-08,-1.4326311E-01
2.565201E-08,-1.4247247E-01
2.570201E-08,-1.4183996E-01
2.575201E-08,-1.4136558E-01
2.580201E-08,-1.4110204E-01
2.585201E-08,-1.4104933E-01
2.590201E-08,-1.4126017E-01
2.595201E-08,-1.4162913E-01
2.600201E-08,-1.4231435E-01
2.605201E-08,-1.4321040E-01
2.610201E-08,-1.4431729E-01
2.615201E-08,-1.4563501E-01
2.620201E-08,-1.4711087E-01
2.625201E-08,-1.4879755E-01
2.630201E-08,-1.5053695E-01
2.635201E-08,-1.5243448E-01
2.640201E-08,-1.5433200E-01
2.645201E-08,-1.5617682E-01
2.650201E-08,-1.5796892E-01
2.655201E-08,-1.5965561E-01
2.660201E-08,-1.6113146E-01
2.665201E-08,-1.6234377E-01
2.670201E-08,-1.6323982E-01
2.675201E-08,-1.6376691E-01
2.680201E-08,-1.6381962E-01
2.685201E-08,-1.6339795E-01
2.690201E-08,-1.6244919E-01
2.695201E-08,-1.6092063E-01
2.700201E-08,-1.5870685E-01
2.705201E-08,-1.5586056E-01
2.710201E-08,-1.5227635E-01
2.715201E-08,-1.4800692E-01
2.720201E-08,-1.4299956E-01
2.725201E-08,-1.3725428E-01
2.730201E-08,-1.3082378E-01
2.735201E-08,-1.2365535E-01
2.740201E-08,-1.1585442E-01
2.745201E-08,-1.0736827E-01
2.750201E-08,-9.830232E-02
2.755201E-08,-8.870928E-02
2.760201E-08,-7.864186E-02
2.765201E-08,-6.815276E-02
2.770201E-08,-5.729471E-02
2.775201E-08,-4.622581E-02
2.780201E-08,-3.494608E-02
2.785201E-08,-2.356094E-02
2.790201E-08,-1.212308E-02
2.795201E-08,-8.4335E-04
2.800201E-08,1.038367E-02
2.805201E-08,2.129443E-02
2.810201E-08,3.194165E-02
2.815201E-08,4.221991E-02
2.820201E-08,5.202379E-02
2.825201E-08,6.135328E-02
2.830201E-08,7.015569E-02
2.835201E-08,7.832559E-02
2.840201E-08,8.586298E-02
2.845201E-08,9.271515E-02
2.850201E-08,9.893481E-02
2.855201E-08,1.0446926E-01
2.860201E-08,1.0926578E-01
2.865201E-08,1.1342979E-01
2.870201E-08,1.1696129E-01
2.875201E-08,1.1980758E-01
2.880201E-08,1.2212678E-01
2.885201E-08,1.2381347E-01
2.890201E-08,1.2502577E-01
2.895201E-08,1.2576370E-01
2.900201E-08,1.2607995E-01
2.905201E-08,1.2602724E-01
2.910201E-08,1.2571099E-01
2.915201E-08,1.2507848E-01
2.920201E-08,1.2428785E-01
2.925201E-08,1.2333908E-01
2.930201E-08,1.2233761E-01
2.935201E-08,1.2123072E-01
2.940201E-08,1.2017654E-01
2.945201E-08,1.1912236E-01
2.950201E-08,1.1817360E-01
2.955201E-08,1.1733026E-01
2.960201E-08,1.1659233E-01
2.965201E-08,1.1601253E-01
2.970201E-08,1.1559086E-01
2.975201E-08,1.1532731E-01
2.980201E-08,1.1522190E-01
2.985201E-08,1.1527461E-01
2.990201E-08,1.1553815E-01
2.995201E-08,1.1585440E-01
3.000201E-08,1.1638149E-01
3.005201E-08,1.1696129E-01
3.010201E-08,1.1764651E-01
3.015201E-08,1.1838444E-01
3.020201E-08,1.1912236E-01
3.025201E-08,1.1991300E-01
3.030201E-08,1.2070363E-01
3.035201E-08,1.2144156E-01
3.040201E-08,1.2217949E-01
3.045201E-08,1.2275929E-01
3.050201E-08,1.2333908E-01
3.055201E-08,1.2376076E-01
3.060201E-08,1.2407701E-01
3.065201E-08,1.2428785E-01
3.070201E-08,1.2434056E-01
3.075201E-08,1.2428785E-01
3.080201E-08,1.2412972E-01
3.085201E-08,1.2386617E-01
3.090201E-08,1.2344450E-01
3.095201E-08,1.2297012E-01
3.100201E-08,1.2239032E-01
3.105201E-08,1.2175781E-01
3.110201E-08,1.2107260E-01
3.115201E-08,1.2033467E-01
3.120201E-08,1.1959674E-01
3.125201E-08,1.1880611E-01
3.130201E-08,1.1806818E-01
3.135201E-08,1.1738297E-01
3.140201E-08,1.1675046E-01
3.145201E-08,1.1611795E-01
3.150201E-08,1.1559086E-01
3.155201E-08,1.1516919E-01
3.160201E-08,1.1480022E-01
3.165201E-08,1.1453668E-01
3.170201E-08,1.1432584E-01
3.175201E-08,1.1427313E-01
3.180201E-08,1.1427313E-01
3.185201E-08,1.1432584E-01
3.190201E-08,1.1448397E-01
3.195201E-08,1.1474751E-01
3.200201E-08,1.1501106E-01
3.205201E-08,1.1538002E-01
3.210201E-08,1.1574899E-01
3.215201E-08,1.1611795E-01
3.220201E-08,1.1653962E-01
3.225201E-08,1.1690858E-01
3.230201E-08,1.1727755E-01
3.235201E-08,1.1759380E-01
3.240201E-08,1.1791006E-01
3.245201E-08,1.1817360E-01
3.250201E-08,1.1838444E-01
3.255201E-08,1.1848985E-01
3.260201E-08,1.1854256E-01
3.265201E-08,1.1848985E-01
3.270201E-08,1.1843715E-01
3.275201E-08,1.1827902E-01
3.280201E-08,1.1801547E-01
3.285201E-08,1.1769922E-01
3.290201E-08,1.1738297E-01
3.295201E-08,1.1696129E-01
3.300201E-08,1.1648691E-01
3.305201E-08,1.1601253E-01
3.310201E-08,1.1553815E-01
3.315201E-08,1.1501106E-01
3.320201E-08,1.1448397E-01
3.325201E-08,1.1395688E-01
3.330201E-08,1.1342979E-01
3.335201E-08,1.1295541E-01
3.340201E-08,1.1253374E-01
3.345201E-08,1.1211206E-01
3.350201E-08,1.1179581E-01
3.355201E-08,1.1147956E-01
3.360201E-08,1.1121601E-01
3.365201E-08,1.1100517E-01
3.370201E-08,1.1084705E-01
3.375201E-08,1.1074163E-01
3.380201E-08,1.1068892E-01
3.385201E-08,1.1068892E-01
3.390201E-08,1.1068892E-01
3.395201E-08,1.1074163E-01
3.400201E-08,1.1084705E-01
3.405201E-08,1.1095247E-01
3.410201E-08,1.1105788E-01
3.415201E-08,1.1116330E-01
3.420201E-08,1.1126872E-01
3.425201E-08,1.1132143E-01
3.430201E-08,1.1142685E-01
3.435201E-08,1.1147956E-01
3.440201E-08,1.1147956E-01
3.445201E-08,1.1147956E-01
3.450201E-08,1.1142685E-01
3.455201E-08,1.1132143E-01
3.460201E-08,1.1121601E-01
3.465201E-08,1.1105788E-01
3.470201E-08,1.1089976E-01
3.475201E-08,1.1068892E-01
3.480201E-08,1.1042538E-01
3.485201E-08,1.1016183E-01
3.490201E-08,1.0989829E-01
3.495201E-08,1.0958203E-01
3.500201E-08,1.0926578E-01
3.505201E-08,1.0900223E-01
3.510201E-08,1.0868598E-01
3.515201E-08,1.0842243E-01
3.520201E-08,1.0815889E-01
3.525201E-08,1.0794805E-01
3.530201E-08,1.0773722E-01
3.535201E-08,1.0757909E-01
3.540201E-08,1.0742096E-01
3.545201E-08,1.0736825E-01
3.550201E-08,1.0726284E-01
3.555201E-08,1.0726284E-01
3.560201E-08,1.0726284E-01
3.565201E-08,1.0726284E-01
3.570201E-08,1.0731554E-01
3.575201E-08,1.0736825E-01
3.580201E-08,1.0747367E-01
3.585201E-08,1.0757909E-01
3.590201E-08,1.0768451E-01
3.595201E-08,1.0778993E-01
3.600201E-08,1.0789534E-01
3.605201E-08,1.0794805E-01
3.610201E-08,1.0805347E-01
3.615201E-08,1.0805347E-01
3.620201E-08,1.0810618E-01
3.625201E-08,1.0810618E-01
3.630201E-08,1.0805347E-01
3.635201E-08,1.0794805E-01
3.640201E-08,1.0784263E-01
3.645201E-08,1.0773722E-01
3.650201E-08,1.0757909E-01
3.655201E-08,1.0736825E-01
3.660201E-08,1.0715742E-01
3.665201E-08,1.0689387E-01
3.670201E-08,1.0668304E-01
3.675201E-08,1.0641949E-01
3.680201E-08,1.0615595E-01
3.685201E-08,1.0594511E-01
3.690201E-08,1.0573427E-01
3.695201E-08,1.0552344E-01
3.700201E-08,1.0531260E-01
3.705201E-08,1.0520718E-01
3.710201E-08,1.0510177E-01
3.715201E-08,1.0504906E-01
3.720201E-08,1.0499635E-01
3.725201E-08,1.0504906E-01
3.730201E-08,1.0510177E-01
3.735201E-08,1.0525989E-01
3.740201E-08,1.0541802E-01
3.745201E-08,1.0557615E-01
3.750201E-08,1.0583969E-01
3.755201E-08,1.0610324E-01
3.760201E-08,1.0641949E-01
3.765201E-08,1.0673574E-01
3.770201E-08,1.0705200E-01
3.775201E-08,1.0736825E-01
3.780201E-08,1.0768451E-01
3.785201E-08,1.0794805E-01
3.790201E-08,1.0826431E-01
3.795201E-08,1.0847514E-01
3.800201E-08,1.0868598E-01
3.805201E-08,1.0884411E-01
3.810201E-08,1.0900223E-01
3.815201E-08,1.0905494E-01
3.820201E-08,1.0905494E-01
3.825201E-08,1.0900223E-01
3.830201E-08,1.0889681E-01
3.835201E-08,1.0873869E-01
3.840201E-08,1.0852785E-01
3.845201E-08,1.0826431E-01
3.850201E-08,1.0794805E-01
3.855201E-08,1.0757909E-01
3.860201E-08,1.0721013E-01
3.865201E-08,1.0684116E-01
3.870201E-08,1.0641949E-01
3.875201E-08,1.0605053E-01
3.880201E-08,1.0562886E-01
3.885201E-08,1.0525989E-01
3.890201E-08,1.0489093E-01
3.895201E-08,1.0457468E-01
3.900201E-08,1.0431113E-01
3.905201E-08,1.0410029E-01
3.910201E-08,1.0394217E-01
3.915201E-08,1.0383675E-01
3.920201E-08,1.0378404E-01
3.925201E-08,1.0378404E-01
3.930201E-08,1.0383675E-01
3.935201E-08,1.0394217E-01
3.940201E-08,1.0410029E-01
3.945201E-08,1.0431113E-01
3.950201E-08,1.0457468E-01
3.955201E-08,1.0483822E-01
3.960201E-08,1.0510177E-01
3.965201E-08,1.0541802E-01
3.970201E-08,1.0573427E-01
3.975201E-08,1.0599782E-01
3.980201E-08,1.0631407E-01
3.985201E-08,1.0652491E-01
3.990201E-08,1.0673574E-01
3.995201E-08,1.0689387E-01
4.000201E-08,1.0699929E-01
4.005201E-08,1.0699929E-01
4.010201E-08,1.0699929E-01
4.015201E-08,1.0689387E-01
4.020201E-08,1.0673574E-01
4.025201E-08,1.0647220E-01
4.030201E-08,1.0620865E-01
4.035201E-08,1.0583969E-01
4.040201E-08,1.0547073E-01
4.045201E-08,1.0499635E-01
4.050201E-08,1.0452197E-01
4.055201E-08,1.0404759E-01
4.060201E-08,1.0352050E-01
4.065201E-08,1.0304611E-01
4.070201E-08,1.0257173E-01
4.075201E-08,1.0209735E-01
4.080201E-08,1.0167568E-01
4.085201E-08,1.0135943E-01
4.090201E-08,1.0104317E-01
4.095201E-08,1.0083234E-01
4.100201E-08,1.0067421E-01
4.105201E-08,1.0056879E-01
4.110201E-08,1.0062150E-01
4.115201E-08,1.0072692E-01
4.120201E-08,1.0088504E-01
4.125201E-08,1.0114859E-01
4.130201E-08,1.0146484E-01
4.135201E-08,1.0188652E-01
4.140201E-08,1.0230819E-01
4.145201E-08,1.0278257E-01
4.150201E-08,1.0330966E-01
4.155201E-08,1.0383675E-01
4.160201E-08,1.0431113E-01
4.165201E-08,1.0483822E-01
4.170201E-08,1.0525989E-01
4.175201E-08,1.0562886E-01
4.180201E-08,1.0594511E-01
4.185201E-08,1.0615595E-01
4.190201E-08,1.0631407E-01
4.195201E-08,1.0631407E-01
4.200201E-08,1.0620865E-01
4.205201E-08,1.0599782E-01
4.210201E-08,1.0568156E-01
4.215201E-08,1.0520718E-01
4.220201E-08,1.0462738E-01
4.225201E-08,1.0394217E-01
4.230201E-08,1.0320424E-01
4.235201E-08,1.0236090E-01
4.240201E-08,1.0141213E-01
4.245201E-08,1.0051608E-01
4.250201E-08,9.951461E-02
4.255201E-08,9.856585E-02
4.260201E-08,9.766979E-02
4.265201E-08,9.682645E-02
4.270201E-08,9.608852E-02
4.275201E-08,9.540331E-02
4.280201E-08,9.492893E-02
4.285201E-08,9.455996E-02
4.290201E-08,9.440184E-02
4.295201E-08,9.440184E-02
4.300201E-08,9.461267E-02
4.305201E-08,9.508705E-02
4.310201E-08,9.571956E-02
4.315201E-08,9.656291E-02
4.320201E-08,9.761709E-02
4.325201E-08,9.882939E-02
4.330201E-08,1.0025254E-01
4.335201E-08,1.0172839E-01
4.340201E-08,1.0336237E-01
4.345201E-08,1.0504906E-01
4.350201E-08,1.0673574E-01
4.355201E-08,1.0842243E-01
4.360201E-08,1.1000370E-01
4.365201E-08,1.1147956E-01
4.370201E-08,1.1274457E-01
4.375201E-08,1.1374604E-01
4.380201E-08,1.1448397E-01
4.385201E-08,1.1485293E-01
4.390201E-08,1.1474751E-01
4.395201E-08,1.1422042E-01
4.400201E-08,1.1321895E-01
4.405201E-08,1.1158497E-01
4.410201E-08,1.0942390E-01
4.415201E-08,1.0657762E-01
4.420201E-08,1.0309882E-01
4.425201E-08,9.893481E-02
4.430201E-08,9.413829E-02
4.435201E-08,8.865655E-02
4.440201E-08,8.248960E-02
4.445201E-08,7.569014E-02
4.450201E-08,6.825816E-02
4.455201E-08,6.019369E-02
4.460201E-08,5.165483E-02
4.465201E-08,4.258887E-02
4.470201E-08,3.310125E-02
4.475201E-08,2.319196E-02
4.480201E-08,1.301912E-02
4.485201E-08,2.63544E-03
4.490201E-08,-7.95907E-03
4.495201E-08,-1.860629E-02
4.500201E-08,-2.930622E-02
4.505201E-08,-3.990073E-02
4.510201E-08,-5.033712E-02
4.515201E-08,-6.056267E-02
4.520201E-08,-7.047196E-02
4.525201E-08,-8.001229E-02
4.530201E-08,-8.918366E-02
4.535201E-08,-9.788065E-02
4.540201E-08,-1.0605054E-01
4.545201E-08,-1.1364064E-01
4.550201E-08,-1.2065094E-01
4.555201E-08,-1.2702873E-01
4.560201E-08,-1.3282672E-01
4.565201E-08,-1.3799221E-01
4.570201E-08,-1.4247247E-01
4.575201E-08,-1.4637294E-01
4.580201E-08,-1.4969361E-01
4.585201E-08,-1.5238177E-01
4.590201E-08,-1.5454284E-01
4.595201E-08,-1.5622953E-01
4.600201E-08,-1.5738912E-01
4.605201E-08,-1.5817976E-01
4.610201E-08,-1.5854872E-01
4.615201E-08,-1.5860143E-01
4.620201E-08,-1.5839060E-01
4.625201E-08,-1.5796892E-01
4.630201E-08,-1.5738912E-01
4.635201E-08,-1.5665120E-01
4.640201E-08,-1.5586056E-01
4.645201E-08,-1.5501722E-01
4.650201E-08,-1.5417387E-01
4.655201E-08,-1.5338324E-01
4.660201E-08,-1.5264531E-01
4.665201E-08,-1.5206551E-01
4.670201E-08,-1.5153842E-01
4.675201E-08,-1.5116946E-01
4.680201E-08,-1.5095862E-01
4.685201E-08,-1.5090592E-01
4.690201E-08,-1.5095862E-01
4.695201E-08,-1.5122217E-01
4.700201E-08,-1.5153842E-01
4.705201E-08,-1.5201280E-01
4.710201E-08,-1.5259260E-01
4.715201E-08,-1.5327782E-01
4.720201E-08,-1.5401575E-01
4.725201E-08,-1.5480638E-01
4.730201E-08,-1.5559702E-01
4.735201E-08,-1.5638765E-01
4.740201E-08,-1.5712558E-01
4.745201E-08,-1.5786350E-01
4.750201E-08,-1.5849601E-01
4.755201E-08,-1.5907581E-01
4.760201E-08,-1.5955019E-01
4.765201E-08,-1.5991916E-01
4.770201E-08,-1.6018270E-01
4.775201E-08,-1.6028812E-01
4.780201E-08,-1.6028812E-01
4.785201E-08,-1.6018270E-01
4.790201E-08,-1.5991916E-01
4.795201E-08,-1.5955019E-01
4.800201E-08,-1.5902310E-01
4.805201E-08,-1.5844330E-01
4.810201E-08,-1.5775809E-01
4.815201E-08,-1.5702016E-01
4.820201E-08,-1.5622953E-01
4.825201E-08,-1.5533347E-01
4.830201E-08,-1.5443742E-01
4.835201E-08,-1.5359407E-01
4.840201E-08,-1.5269802E-01
4.845201E-08,-1.5180197E-01
4.850201E-08,-1.5101133E-01
4.855201E-08,-1.5027341E-01
4.860201E-08,-1.4953548E-01
4.865201E-08,-1.4890297E-01
4.870201E-08,-1.4837588E-01
4.875201E-08,-1.4795421E-01
4.880201E-08,-1.4758525E-01
4.885201E-08,-1.4732170E-01
4.890201E-08,-1.4716358E-01
4.895201E-08,-1.4705816E-01
4.900201E-08,-1.4705816E-01
4.905201E-08,-1.4716358E-01
4.910201E-08,-1.4732170E-01
4.915201E-08,-1.4753254E-01
4.920201E-08,-1.4774337E-01
4.925201E-08,-1.4805963E-01
4.930201E-08,-1.4837588E-01
4.935201E-08,-1.4869214E-01
4.940201E-08,-1.4900839E-01
4.945201E-08,-1.4927194E-01
4.950201E-08,-1.4958819E-01
4.955201E-08,-1.4979903E-01
4.960201E-08,-1.5000986E-01
4.965201E-08,-1.5016799E-01
4.970201E-08,-1.5022070E-01
4.975201E-08,-1.5027341E-01
4.980201E-08,-1.5022070E-01
4.985201E-08,-1.5011528E-01
4.990201E-08,-1.4995715E-01
4.995201E-08,-1.4974632E-01
5.000201E-08,-1.4948277E-01
5.005201E-08,-1.4911381E-01
5.010201E-08,-1.4874485E-01
5.015201E-08,-1.4832317E-01
5.020201E-08,-1.4790150E-01
5.025201E-08,-1.4742712E-01
5.030201E-08,-1.4700545E-01
5.035201E-08,-1.4653107E-01
5.040201E-08,-1.4605669E-01
5.045201E-08,-1.4563501E-01
5.050201E-08,-1.4521334E-01
5.055201E-08,-1.4484438E-01
5.060201E-08,-1.4447542E-01
5.065201E-08,-1.4415916E-01
5.070201E-08,-1.4394833E-01
5.075201E-08,-1.4373749E-01
5.080201E-08,-1.4357936E-01
5.085201E-08,-1.4347394E-01
5.090201E-08,-1.4342124E-01
5.095201E-08,-1.4347394E-01
5.100201E-08,-1.4352665E-01
5.105201E-08,-1.4357936E-01
5.110201E-08,-1.4373749E-01
5.115201E-08,-1.4389562E-01
5.120201E-08,-1.4405374E-01
5.125201E-08,-1.4421187E-01
5.130201E-08,-1.4442271E-01
5.135201E-08,-1.4463354E-01
5.140201E-08,-1.4479167E-01
5.145201E-08,-1.4500251E-01
5.150201E-08,-1.4510792E-01
5.155201E-08,-1.4526605E-01
5.160201E-08,-1.4531876E-01
5.165201E-08,-1.4537147E-01
5.170201E-08,-1.4542418E-01
5.175201E-08,-1.4537147E-01
5.180201E-08,-1.4531876E-01
5.185201E-08,-1.4521334E-01
5.190201E-08,-1.4505521E-01
5.195201E-08,-1.4484438E-01
5.200201E-08,-1.4463354E-01
5.205201E-08,-1.4442271E-01
5.210201E-08,-1.4410645E-01
5.215201E-08,-1.4384291E-01
5.220201E-08,-1.4352665E-01
5.225201E-08,-1.4321040E-01
5.230201E-08,-1.4289415E-01
5.235201E-08,-1.4263060E-01
5.240201E-08,-1.4231435E-01
5.245201E-08,-1.4205080E-01
5.250201E-08,-1.4178726E-01
5.255201E-08,-1.4157642E-01
5.260201E-08,-1.4136558E-01
5.265201E-08,-1.4120746E-01
5.270201E-08,-1.4110204E-01
5.275201E-08,-1.4104933E-01
5.280201E-08,-1.4099662E-01
5.285201E-08,-1.4099662E-01
5.290201E-08,-1.4104933E-01
5.295201E-08,-1.4110204E-01
5.300201E-08,-1.4126017E-01
5.305201E-08,-1.4136558E-01
5.310201E-08,-1.4157642E-01
5.315201E-08,-1.4178726E-01
5.320201E-08,-1.4199809E-01
5.325201E-08,-1.4220893E-01
5.330201E-08,-1.4241976E-01
5.335201E-08,-1.4268331E-01
5.340201E-08,-1.4294685E-01
5.345201E-08,-1.4315769E-01
5.350201E-08,-1.4342124E-01
5.355201E-08,-1.4363207E-01
5.360201E-08,-1.4384291E-01
5.365201E-08,-1.4400103E-01
5.370201E-08,-1.4421187E-01
5.375201E-08,-1.4431729E-01
5.380201E-08,-1.4447542E-01
5.385201E-08,-1.4458083E-01
5.390201E-08,-1.4468625E-01
5.395201E-08,-1.4473896E-01
5.400201E-08,-1.4479167E-01
5.405201E-08,-1.4484438E-01
5.410201E-08,-1.4489709E-01
5.415201E-08,-1.4494980E-01
5.420201E-08,-1.4494980E-01
5.425201E-08,-1.4500251E-01
5.430201E-08,-1.4505521E-01
5.435201E-08,-1.4505521E-01
5.440201E-08,-1.4510792E-01
5.445201E-08,-1.4521334E-01
5.450201E-08,-1.4526605E-01
5.455201E-08,-1.4537147E-01
5.460201E-08,-1.4547689E-01
5.465201E-08,-1.4563501E-01
5.470201E-08,-1.4574043E-01
5.475201E-08,-1.4595127E-01
5.480201E-08,-1.4610939E-01
5.485201E-08,-1.4632023E-01
5.490201E-08,-1.4653107E-01
5.495201E-08,-1.4679461E-01
5.500201E-08,-1.4700545E-01
5.505201E-08,-1.4726899E-01
5.510201E-08,-1.4753254E-01
5.515201E-08,-1.4779608E-01
5.520201E-08,-1.4800692E-01
5.525201E-08,-1.4827046E-01
5.530201E-08,-1.4848130E-01
5.535201E-08,-1.4869214E-01
5.540201E-08,-1.4890297E-01
5.545201E-08,-1.4906110E-01
5.550201E-08,-1.4921923E-01
5.555201E-08,-1.4937735E-01
5.560201E-08,-1.4948277E-01
5.565201E-08,-1.4958819E-01
5.570201E-08,-1.4964090E-01
5.575201E-08,-1.4969361E-01
5.580201E-08,-1.4969361E-01
5.585201E-08,-1.4969361E-01
5.590201E-08,-1.4969361E-01
5.595201E-08,-1.4964090E-01
5.600201E-08,-1.4958819E-01
5.605201E-08,-1.4953548E-01
5.610201E-08,-1.4943006E-01
5.615201E-08,-1.4937735E-01
5.620201E-08,-1.4932464E-01
5.625201E-08,-1.4927194E-01
5.630201E-08,-1.4921923E-01
5.635201E-08,-1.4916652E-01
5.640201E-08,-1.4911381E-01
5.645201E-08,-1.4911381E-01
5.650201E-08,-1.4911381E-01
5.655201E-08,-1.4911381E-01
5.660201E-08,-1.4911381E-01
5.665201E-08,-1.4921923E-01
5.670201E-08,-1.4927194E-01
5.675201E-08,-1.4937735E-01
5.680201E-08,-1.4948277E-01
5.685201E-08,-1.4958819E-01
5.690201E-08,-1.4974632E-01
5.695201E-08,-1.4990444E-01
5.700201E-08,-1.5006257E-01
5.705201E-08,-1.5022070E-01
5.710201E-08,-1.5037883E-01
5.715201E-08,-1.5053695E-01
5.720201E-08,-1.5069508E-01
5.725201E-08,-1.5085321E-01
5.730201E-08,-1.5101133E-01
5.735201E-08,-1.5111675E-01
5.740201E-08,-1.5122217E-01
5.745201E-08,-1.5132759E-01
5.750201E-08,-1.5138030E-01
5.755201E-08,-1.5143301E-01
5.760201E-08,-1.5143301E-01
5.765201E-08,-1.5143301E-01
5.770201E-08,-1.5138030E-01
5.775201E-08,-1.5127488E-01
5.780201E-08,-1.5122217E-01
5.785201E-08,-1.5106404E-01
5.790201E-08,-1.5095862E-01
5.795201E-08,-1.5080050E-01
5.800201E-08,-1.5058966E-01
5.805201E-08,-1.5043153E-01
5.810201E-08,-1.5022070E-01
5.815201E-08,-1.5000986E-01
5.820201E-08,-1.4979903E-01
5.825201E-08,-1.4958819E-01
5.830201E-08,-1.4937735E-01
5.835201E-08,-1.4916652E-01
5.840201E-08,-1.4895568E-01
5.845201E-08,-1.4879755E-01
5.850201E-08,-1.4863943E-01
5.855201E-08,-1.4848130E-01
5.860201E-08,-1.4832317E-01
5.865201E-08,-1.4821776E-01
5.870201E-08,-1.4816505E-01
5.875201E-08,-1.4805963E-01
5.880201E-08,-1.4800692E-01
5.885201E-08,-1.4800692E-01
5.890201E-08,-1.4795421E-01
5.895201E-08,-1.4795421E-01
5.900201E-08,-1.4800692E-01
5.905201E-08,-1.4800692E-01
5.910201E-08,-1.4805963E-01
5.915201E-08,-1.4811234E-01
5.920201E-08,-1.4816505E-01
5.925201E-08,-1.4821776E-01
5.930201E-08,-1.4827046E-01
5.935201E-08,-1.4832317E-01
5.940201E-08,-1.4837588E-01
5.945201E-08,-1.4842859E-01
5.950201E-08,-1.4848130E-01
5.955201E-08,-1.4848130E-01
5.960201E-08,-1.4853401E-01
5.965201E-08,-1.4853401E-01
5.970201E-08,-1.4853401E-01
5.975201E-08,-1.4848130E-01
5.980201E-08,-1.4842859E-01
5.985201E-08,-1.4842859E-01
5.990201E-08,-1.4837588E-01
5.995201E-08,-1.4827046E-01
6.000201E-08,-1.4821776E-01
6.005201E-08,-1.4811234E-01
6.010201E-08,-1.4800692E-01
6.015201E-08,-1.4795421E-01
6.020201E-08,-1.4784879E-01
6.025201E-08,-1.4774337E-01
6.030201E-08,-1.4763796E-01
6.035201E-08,-1.4758525E-01
6.040201E-08,-1.4747983E-01
6.045201E-08,-1.4742712E-01
6.050201E-08,-1.4737441E-01
6.055201E-08,-1.4732170E-01
6.060201E-08,-1.4726899E-01
6.065201E-08,-1.4726899E-01
6.070201E-08,-1.4726899E-01
6.075201E-08,-1.4726899E-01
6.080201E-08,-1.4732170E-01
6.085201E-08,-1.4732170E-01
6.090201E-08,-1.4737441E-01
6.095201E-08,-1.4747983E-01
6.100201E-08,-1.4753254E-01
6.105201E-08,-1.4763796E-01
6.110201E-08,-1.4774337E-01
6.115201E-08,-1.4779608E-01
6.120201E-08,-1.4790150E-01
6.125201E-08,-1.4800692E-01
6.130201E-08,-1.4811234E-01
6.135201E-08,-1.4827046E-01
6.140201E-08,-1.4832317E-01
6.145201E-08,-1.4842859E-01
6.150201E-08,-1.4853401E-01
6.155201E-08,-1.4863943E-01
6.160201E-08,-1.4869214E-01
6.165201E-08,-1.4874485E-01
6.170201E-08,-1.4885026E-01
6.175201E-08,-1.4885026E-01
6.180201E-08,-1.4890297E-01
6.185201E-08,-1.4895568E-01
6.190201E-08,-1.4895568E-01
6.195201E-08,-1.4895568E-01
6.200201E-08,-1.4895568E-01
6.205201E-08,-1.4895568E-01
6.210201E-08,-1.4895568E-01
6.215201E-08,-1.4895568E-01
6.220201E-08,-1.4890297E-01
6.225201E-08,-1.4890297E-01
6.230201E-08,-1.4890297E-01
6.235201E-08,-1.4885026E-01
6.240201E-08,-1.4885026E-01
6.245201E-08,-1.4885026E-01
6.250201E-08,-1.4885026E-01
6.255201E-08,-1.4890297E-01
6.260201E-08,-1.4890297E-01
6.265201E-08,-1.4895568E-01
6.270201E-08,-1.4895568E-01
6.275201E-08,-1.4900839E-01
6.280201E-08,-1.4911381E-01
6.285201E-08,-1.4916652E-01
6.290201E-08,-1.4927194E-01
6.295201E-08,-1.4937735E-01
6.300201E-08,-1.4943006E-01
6.305201E-08,-1.4953548E-01
6.310201E-08,-1.4969361E-01
6.315201E-08,-1.4979903E-01
6.320201E-08,-1.4990444E-01
6.325201E-08,-1.5006257E-01
6.330201E-08,-1.5016799E-01
6.335201E-08,-1.5032612E-01
6.340201E-08,-1.5043153E-01
6.345201E-08,-1.5053695E-01
6.350201E-08,-1.5064237E-01
6.355201E-08,-1.5074779E-01
6.360201E-08,-1.5085321E-01
6.365201E-08,-1.5090592E-01
6.370201E-08,-1.5101133E-01
6.375201E-08,-1.5106404E-01
6.380201E-08,-1.5111675E-01
6.385201E-08,-1.5116946E-01
6.390201E-08,-1.5116946E-01
6.395201E-08,-1.5122217E-01
6.400201E-08,-1.5122217E-01
6.405201E-08,-1.5116946E-01
6.410201E-08,-1.5116946E-01
6.415201E-08,-1.5111675E-01
6.420201E-08,-1.5106404E-01
6.425201E-08,-1.5101133E-01
6.430201E-08,-1.5095862E-01
6.435201E-08,-1.5090592E-01
6.440201E-08,-1.5085321E-01
6.445201E-08,-1.5074779E-01
6.450201E-08,-1.5069508E-01
6.455201E-08,-1.5058966E-01
6.460201E-08,-1.5048424E-01
6.465201E-08,-1.5037883E-01
6.470201E-08,-1.5032612E-01
6.475201E-08,-1.5022070E-01
6.480201E-08,-1.5011528E-01
6.485201E-08,-1.5000986E-01
6.490201E-08,-1.4990444E-01
6.495201E-08,-1.4979903E-01
6.500201E-08,-1.4964090E-01
6.505201E-08,-1.4953548E-01
6.510201E-08,-1.4943006E-01
6.515201E-08,-1.4932464E-01
6.520201E-08,-1.4921923E-01
6.525201E-08,-1.4911381E-01
6.530201E-08,-1.4900839E-01
6.535201E-08,-1.4890297E-01
6.540201E-08,-1.4879755E-01
6.545201E-08,-1.4874485E-01
6.550201E-08,-1.4863943E-01
6.555201E-08,-1.4853401E-01
6.560201E-08,-1.4848130E-01
6.565201E-08,-1.4837588E-01
6.570201E-08,-1.4832317E-01
6.575201E-08,-1.4827046E-01
6.580201E-08,-1.4821776E-01
6.585201E-08,-1.4816505E-01
6.590201E-08,-1.4811234E-01
6.595201E-08,-1.4805963E-01
6.600201E-08,-1.4800692E-01
6.605201E-08,-1.4795421E-01
6.610201E-08,-1.4790150E-01
6.615201E-08,-1.4784879E-01
6.620201E-08,-1.4784879E-01
6.625201E-08,-1.4779608E-01
6.630201E-08,-1.4779608E-01
6.635201E-08,-1.4774337E-01
6.640201E-08,-1.4774337E-01
6.645201E-08,-1.4769067E-01
6.650201E-08,-1.4769067E-01
6.655201E-08,-1.4763796E-01
6.660201E-08,-1.4763796E-01
6.665201E-08,-1.4763796E-01
6.670201E-08,-1.4758525E-01
6.675201E-08,-1.4758525E-01
6.680201E-08,-1.4753254E-01
6.685201E-08,-1.4753254E-01
6.690201E-08,-1.4747983E-01
6.695201E-08,-1.4747983E-01
6.700201E-08,-1.4742712E-01
6.705201E-08,-1.4742712E-01
6.710201E-08,-1.4737441E-01
6.715201E-08,-1.4737441E-01
6.720201E-08,-1.4732170E-01
6.725201E-08,-1.4726899E-01
6.730201E-08,-1.4726899E-01
6.735201E-08,-1.4721628E-01
6.740201E-08,-1.4716358E-01
6.745201E-08,-1.4716358E-01
6.750201E-08,-1.4711087E-01
6.755201E-08,-1.4705816E-01
6.760201E-08,-1.4705816E-01
6.765201E-08,-1.4700545E-01
6.770201E-08,-1.4695274E-01
6.775201E-08,-1.4695274E-01
6.780201E-08,-1.4690003E-01
6.785201E-08,-1.4684732E-01
6.790201E-08,-1.4684732E-01
6.795201E-08,-1.4679461E-01
6.800201E-08,-1.4674190E-01
6.805201E-08,-1.4674190E-01
6.810201E-08,-1.4668919E-01
6.815201E-08,-1.4668919E-01
6.820201E-08,-1.4663649E-01
6.825201E-08,-1.4663649E-01
6.830201E-08,-1.4658378E-01
6.835201E-08,-1.4658378E-01
6.840201E-08,-1.4658378E-01
6.845201E-08,-1.4653107E-01
6.850201E-08,-1.4653107E-01
6.855201E-08,-1.4653107E-01
6.860201E-08,-1.4653107E-01
6.865201E-08,-1.4653107E-01
6.870201E-08,-1.4653107E-01
6.875201E-08,-1.4647836E-01
6.880201E-08,-1.4647836E-01
6.885201E-08,-1.4647836E-01
6.890201E-08,-1.4653107E-01
6.895201E-08,-1.4653107E-01
6.900201E-08,-1.4653107E-01
6.905201E-08,-1.4653107E-01
6.910201E-08,-1.4653107E-01
6.915201E-08,-1.4653107E-01
6.920201E-08,-1.4658378E-01
6.925201E-08,-1.4658378E-01
6.930201E-08,-1.4663649E-01
6.935201E-08,-1.4663649E-01
6.940201E-08,-1.4668919E-01
6.945201E-08,-1.4668919E-01
6.950201E-08,-1.4674190E-01
6.955201E-08,-1.4679461E-01
6.960201E-08,-1.4684732E-01
6.965201E-08,-1.4690003E-01
6.970201E-08,-1.4695274E-01
6.975201E-08,-1.4700545E-01
6.980201E-08,-1.4711087E-01
6.985201E-08,-1.4716358E-01
6.990201E-08,-1.4726899E-01
6.995201E-08,-1.4732170E-01
7.000201E-08,-1.4742712E-01
7.005201E-08,-1.4753254E-01
7.010201E-08,-1.4763796E-01
7.015201E-08,-1.4774337E-01
7.020201E-08,-1.4784879E-01
7.025201E-08,-1.4800692E-01
7.030201E-08,-1.4811234E-01
7.035201E-08,-1.4827046E-01
7.040201E-08,-1.4837588E-01
7.045201E-08,-1.4853401E-01
7.050201E-08,-1.4869214E-01
7.055201E-08,-1.4879755E-01
7.060201E-08,-1.4895568E-01
7.065201E-08,-1.4911381E-01
7.070201E-08,-1.4927194E-01
7.075201E-08,-1.4937735E-01
7.080201E-08,-1.4953548E-01
7.085201E-08,-1.4969361E-01
7.090201E-08,-1.4979903E-01
7.095201E-08,-1.4995715E-01
7.100201E-08,-1.5006257E-01
7.105201E-08,-1.5022070E-01
7.110201E-08,-1.5032612E-01
7.115201E-08,-1.5043153E-01
7.120201E-08,-1.5053695E-01
7.125201E-08,-1.5064237E-01
7.130201E-08,-1.5069508E-01
7.135201E-08,-1.5080050E-01
7.140201E-08,-1.5085321E-01
7.145201E-08,-1.5090592E-01
7.150201E-08,-1.5095862E-01
7.155201E-08,-1.5101133E-01
7.160201E-08,-1.5101133E-01
7.165201E-08,-1.5106404E-01
7.170201E-08,-1.5106404E-01
7.175201E-08,-1.5106404E-01
7.180201E-08,-1.5106404E-01
7.185201E-08,-1.5106404E-01
7.190201E-08,-1.5101133E-01
7.195201E-08,-1.5101133E-01
7.200201E-08,-1.5095862E-01
7.205201E-08,-1.5095862E-01
7.210201E-08,-1.5090592E-01
7.215201E-08,-1.5085321E-01
7.220201E-08,-1.5080050E-01
7.225201E-08,-1.5074779E-01
7.230201E-08,-1.5074779E-01
7.235201E-08,-1.5069508E-01
7.240201E-08,-1.5064237E-01
7.245201E-08,-1.5058966E-01
7.250201E-08,-1.5053695E-01
7.255201E-08,-1.5048424E-01
7.260201E-08,-1.5048424E-01
7.265201E-08,-1.5043153E-01
7.270201E-08,-1.5037883E-01
7.275201E-08,-1.5037883E-01
7.280201E-08,-1.5032612E-01
7.285201E-08,-1.5032612E-01
7.290201E-08,-1.5032612E-01
7.295201E-08,-1.5032612E-01
7.300201E-08,-1.5027341E-01
7.305201E-08,-1.5027341E-01
7.310201E-08,-1.5027341E-01
7.315201E-08,-1.5027341E-01
7.320201E-08,-1.5032612E-01
7.325201E-08,-1.5032612E-01
7.330201E-08,-1.5032612E-01
7.335201E-08,-1.5032612E-01
7.340201E-08,-1.5032612E-01
7.345201E-08,-1.5032612E-01
7.350201E-08,-1.5037883E-01
7.355201E-08,-1.5032612E-01
7.360201E-08,-1.5037883E-01
7.365201E-08,-1.5037883E-01
7.370201E-08,-1.5032612E-01
7.375201E-08,-1.5032612E-01
7.380201E-08,-1.5032612E-01
7.385201E-08,-1.5032612E-01
7.390201E-08,-1.5027341E-01
7.395201E-08,-1.5022070E-01
7.400201E-08,-1.5022070E-01
7.405201E-08,-1.5016799E-01
7.410201E-08,-1.5011528E-01
7.415201E-08,-1.5006257E-01
7.420201E-08,-1.4995715E-01
7.425201E-08,-1.4990444E-01
7.430201E-08,-1.4985173E-01
7.435201E-08,-1.4974632E-01
7.440201E-08,-1.4969361E-01
7.445201E-08,-1.4958819E-01
7.450201E-08,-1.4948277E-01
7.455201E-08,-1.4937735E-01
7.460201E-08,-1.4927194E-01
7.465201E-08,-1.4921923E-01
7.470201E-08,-1.4911381E-01
7.475201E-08,-1.4900839E-01
7.480201E-08,-1.4890297E-01
7.485201E-08,-1.4879755E-01
7.490201E-08,-1.4874485E-01
7.495201E-08,-1.4863943E-01
7.500201E-08,-1.4853401E-01
7.505201E-08,-1.4848130E-01
7.510201E-08,-1.4842859E-01
7.515201E-08,-1.4832317E-01
7.520201E-08,-1.4827046E-01
7.525201E-08,-1.4821776E-01
7.530201E-08,-1.4821776E-01
7.535201E-08,-1.4816505E-01
7.540201E-08,-1.4811234E-01
7.545201E-08,-1.4811234E-01
7.550201E-08,-1.4805963E-01
7.555201E-08,-1.4805963E-01
7.560201E-08,-1.4805963E-01
7.565201E-08,-1.4805963E-01
7.570201E-08,-1.4805963E-01
7.575201E-08,-1.4811234E-01
7.580201E-08,-1.4811234E-01
7.585201E-08,-1.4811234E-01
7.590201E-08,-1.4816505E-01
7.595201E-08,-1.4816505E-01
7.600201E-08,-1.4821776E-01
7.605201E-08,-1.4821776E-01
7.610201E-08,-1.4827046E-01
7.615201E-08,-1.4827046E-01
7.620201E-08,-1.4832317E-01
7.625201E-08,-1.4837588E-01
7.630201E-08,-1.4837588E-01
7.635201E-08,-1.4842859E-01
7.640201E-08,-1.4842859E-01
7.645201E-08,-1.4848130E-01
7.650201E-08,-1.4848130E-01
7.655201E-08,-1.4848130E-01
7.660201E-08,-1.4848130E-01
7.665201E-08,-1.4853401E-01
7.670201E-08,-1.4853401E-01
7.675201E-08,-1.4853401E-01
7.680201E-08,-1.4853401E-01
7.685201E-08,-1.4848130E-01
7.690201E-08,-1.4848130E-01
7.695201E-08,-1.4848130E-01
7.700201E-08,-1.4848130E-01
7.705201E-08,-1.4848130E-01
7.710201E-08,-1.4842859E-01
7.715201E-08,-1.4842859E-01
7.720201E-08,-1.4842859E-01
7.725201E-08,-1.4837588E-01
7.730201E-08,-1.4837588E-01
7.735201E-08,-1.4837588E-01
7.740201E-08,-1.4832317E-01
7.745201E-08,-1.4832317E-01
7.750201E-08,-1.4832317E-01
7.755201E-08,-1.4827046E-01
7.760201E-08,-1.4827046E-01
7.765201E-08,-1.4827046E-01
7.770201E-08,-1.4827046E-01
7.775201E-08,-1.4827046E-01
7.780201E-08,-1.4827046E-01
7.785201E-08,-1.4827046E-01
7.790201E-08,-1.4827046E-01
7.795201E-08,-1.4827046E-01
7.800201E-08,-1.4832317E-01
7.805201E-08,-1.4832317E-01
7.810201E-08,-1.4832317E-01
7.815201E-08,-1.4837588E-01
7.820201E-08,-1.4837588E-01
7.825201E-08,-1.4842859E-01
7.830201E-08,-1.4848130E-01
7.835201E-08,-1.4848130E-01
7.840201E-08,-1.4853401E-01
7.845201E-08,-1.4858672E-01
7.850201E-08,-1.4863943E-01
7.855201E-08,-1.4863943E-01
7.860201E-08,-1.4869214E-01
7.865201E-08,-1.4874485E-01
7.870201E-08,-1.4879755E-01
7.875201E-08,-1.4885026E-01
7.880201E-08,-1.4890297E-01
7.885201E-08,-1.4895568E-01
7.890201E-08,-1.4900839E-01
7.895201E-08,-1.4900839E-01
7.900201E-08,-1.4906110E-01
7.905201E-08,-1.4911381E-01
7.910201E-08,-1.4916652E-01
7.915201E-08,-1.4916652E-01
7.920201E-08,-1.4921923E-01
7.925201E-08,-1.4927194E-01
7.930201E-08,-1.4927194E-01
7.935201E-08,-1.4932464E-01
7.940201E-08,-1.4932464E-01
7.945201E-08,-1.4932464E-01
7.950201E-08,-1.4937735E-01
7.955201E-08,-1.4937735E-01
7.960201E-08,-1.4937735E-01
7.965201E-08,-1.4937735E-01
7.970201E-08,-1.4937735E-01
7.975201E-08,-1.4937735E-01
7.980201E-08,-1.4937735E-01
7.985201E-08,-1.4937735E-01
7.990201E-08,-1.4937735E-01
7.995201E-08,-1.4937735E-01
8.000201E-08,-1.4937735E-01
8.005201E-08,-1.4937735E-01
8.010201E-08,-1.4937735E-01
8.015201E-08,-1.4932464E-01
8.020201E-08,-1.4932464E-01
8.025201E-08,-1.4932464E-01
8.030201E-08,-1.4932464E-01
8.035201E-08,-1.4927194E-01
8.040201E-08,-1.4927194E-01
8.045201E-08,-1.4927194E-01
8.050201E-08,-1.4927194E-01
8.055201E-08,-1.4921923E-01
8.060201E-08,-1.4921923E-01
8.065201E-08,-1.4921923E-01
8.070201E-08,-1.4921923E-01
8.075201E-08,-1.4921923E-01
8.080201E-08,-1.4916652E-01
8.085201E-08,-1.4916652E-01
8.090201E-08,-1.4916652E-01
8.095201E-08,-1.4916652E-01
8.100201E-08,-1.4916652E-01
8.105201E-08,-1.4916652E-01
8.110201E-08,-1.4916652E-01
8.115201E-08,-1.4916652E-01
8.120201E-08,-1.4916652E-01
8.125201E-08,-1.4916652E-01
8.130201E-08,-1.4916652E-01
8.135201E-08,-1.4916652E-01
8.140201E-08,-1.4916652E-01
8.145201E-08,-1.4916652E-01
8.150201E-08,-1.4921923E-01
8.155201E-08,-1.4916652E-01
8.160201E-08,-1.4921923E-01
8.165201E-08,-1.4921923E-01
8.170201E-08,-1.4921923E-01
8.175201E-08,-1.4921923E-01
8.180201E-08,-1.4921923E-01
8.185201E-08,-1.4921923E-01
8.190201E-08,-1.4921923E-01
8.195201E-08,-1.4927194E-01
8.200201E-08,-1.4927194E-01
8.205201E-08,-1.4927194E-01
8.210201E-08,-1.4927194E-01
8.215201E-08,-1.4932464E-01
8.220201E-08,-1.4932464E-01
8.225201E-08,-1.4932464E-01
8.230201E-08,-1.4937735E-01
8.235201E-08,-1.4937735E-01
8.240201E-08,-1.4937735E-01
8.245201E-08,-1.4943006E-01
8.250201E-08,-1.4943006E-01
8.255201E-08,-1.4948277E-01
8.260201E-08,-1.4948277E-01
8.265201E-08,-1.4948277E-01
8.270201E-08,-1.4953548E-01
8.275201E-08,-1.4958819E-01
8.280201E-08,-1.4958819E-01
8.285201E-08,-1.4964090E-01
8.290201E-08,-1.4964090E-01
8.295201E-08,-1.4969361E-01
8.300201E-08,-1.4969361E-01
8.305201E-08,-1.4969361E-01
8.310201E-08,-1.4974632E-01
8.315201E-08,-1.4974632E-01
8.320201E-08,-1.4979903E-01
8.325201E-08,-1.4979903E-01
8.330201E-08,-1.4985173E-01
8.335201E-08,-1.4985173E-01
8.340201E-08,-1.4985173E-01
8.345201E-08,-1.4985173E-01
8.350201E-08,-1.4990444E-01
8.355201E-08,-1.4990444E-01
8.360201E-08,-1.4990444E-01
8.365201E-08,-1.4990444E-01
8.370201E-08,-1.4995715E-01
8.375201E-08,-1.4995715E-01
8.380201E-08,-1.4995715E-01
8.385201E-08,-1.4995715E-01
8.390201E-08,-1.5000986E-01
8.395201E-08,-1.5000986E-01
8.400201E-08,-1.5000986E-01
8.405201E-08,-1.5000986E-01
8.410201E-08,-1.5006257E-01
8.415201E-08,-1.5006257E-01
8.420201E-08,-1.5006257E-01
8.425201E-08,-1.5011528E-01
8.430201E-08,-1.5011528E-01
8.435201E-08,-1.5016799E-01
8.440201E-08,-1.5016799E-01
8.445201E-08,-1.5022070E-01
8.450201E-08,-1.5027341E-01
8.455201E-08,-1.5027341E-01
8.460201E-08,-1.5032612E-01
8.465201E-08,-1.5032612E-01
8.470201E-08,-1.5037883E-01
8.475201E-08,-1.5043153E-01
8.480201E-08,-1.5043153E-01
8.485201E-08,-1.5048424E-01
8.490201E-08,-1.5048424E-01
8.495201E-08,-1.5053695E-01
8.500201E-08,-1.5053695E-01
8.505201E-08,-1.5058966E-01
8.510201E-08,-1.5058966E-01
8.515201E-08,-1.5058966E-01
8.520201E-08,-1.5058966E-01
8.525201E-08,-1.5058966E-01
8.530201E-08,-1.5058966E-01
8.535201E-08,-1.5058966E-01
8.540201E-08,-1.5058966E-01
8.545201E-08,-1.5053695E-01
8.550201E-08,-1.5053695E-01
8.555201E-08,-1.5048424E-01
8.560201E-08,-1.5048424E-01
8.565201E-08,-1.5043153E-01
8.570201E-08,-1.5037883E-01
8.575201E-08,-1.5032612E-01
8.580201E-08,-1.5027341E-01
8.585201E-08,-1.5022070E-01
8.590201E-08,-1.5016799E-01
8.595201E-08,-1.5006257E-01
8.600201E-08,-1.5000986E-01
8.605201E-08,-1.4995715E-01
8.610201E-08,-1.4990444E-01
8.615201E-08,-1.4985173E-01
8.620201E-08,-1.4974632E-01
8.625201E-08,-1.4969361E-01
8.630201E-08,-1.4964090E-01
8.635201E-08,-1.4958819E-01
8.640201E-08,-1.4958819E-01
8.645201E-08,-1.4953548E-01
8.650201E-08,-1.4948277E-01
8.655201E-08,-1.4948277E-01
8.660201E-08,-1.4943006E-01
8.665201E-08,-1.4943006E-01
8.670201E-08,-1.4943006E-01
8.675201E-08,-1.4943006E-01
8.680201E-08,-1.4943006E-01
8.685201E-08,-1.4943006E-01
8.690201E-08,-1.4948277E-01
8.695201E-08,-1.4948277E-01
8.700201E-08,-1.4953548E-01
8.705201E-08,-1.4958819E-01
8.710201E-08,-1.4958819E-01
8.715201E-08,-1.4964090E-01
8.720201E-08,-1.4969361E-01
8.725201E-08,-1.4974632E-01
8.730201E-08,-1.4979903E-01
8.735201E-08,-1.4985173E-01
8.740201E-08,-1.4985173E-01
8.745201E-08,-1.4990444E-01
8.750201E-08,-1.4995715E-01
8.755201E-08,-1.5000986E-01
8.760201E-08,-1.5000986E-01
8.765201E-08,-1.5006257E-01
8.770201E-08,-1.5006257E-01
8.775201E-08,-1.5006257E-01
8.780201E-08,-1.5006257E-01
8.785201E-08,-1.5006257E-01
8.790201E-08,-1.5006257E-01
8.795201E-08,-1.5006257E-01
8.800201E-08,-1.5006257E-01
8.805201E-08,-1.5000986E-01
8.810201E-08,-1.5000986E-01
8.815201E-08,-1.4995715E-01
8.820201E-08,-1.4990444E-01
8.825201E-08,-1.4985173E-01
8.830201E-08,-1.4985173E-01
8.835201E-08,-1.4979903E-01
8.840201E-08,-1.4974632E-01
8.845201E-08,-1.4969361E-01
8.850201E-08,-1.4964090E-01
8.855201E-08,-1.4958819E-01
8.860201E-08,-1.4953548E-01
8.865201E-08,-1.4948277E-01
8.870201E-08,-1.4943006E-01
8.875201E-08,-1.4937735E-01
8.880201E-08,-1.4932464E-01
8.885201E-08,-1.4932464E-01
8.890201E-08,-1.4927194E-01
8.895201E-08,-1.4927194E-01
8.900201E-08,-1.4921923E-01
8.905201E-08,-1.4921923E-01
8.910201E-08,-1.4921923E-01
8.915201E-08,-1.4921923E-01
8.920201E-08,-1.4921923E-01
8.925201E-08,-1.4921923E-01
8.930201E-08,-1.4921923E-01
8.935201E-08,-1.4921923E-01
8.940201E-08,-1.4921923E-01
8.945201E-08,-1.4927194E-01
8.950201E-08,-1.4927194E-01
8.955201E-08,-1.4932464E-01
8.960201E-08,-1.4932464E-01
8.965201E-08,-1.4937735E-01
8.970201E-08,-1.4937735E-01
8.975201E-08,-1.4937735E-01
8.980201E-08,-1.4943006E-01
8.985201E-08,-1.4943006E-01
8.990201E-08,-1.4948277E-01
8.995201E-08,-1.4948277E-01
9.000201E-08,-1.4948277E-01
9.005201E-08,-1.4948277E-01
9.010201E-08,-1.4948277E-01
9.015201E-08,-1.4948277E-01
9.020201E-08,-1.4948277E-01
9.025201E-08,-1.4948277E-01
9.030201E-08,-1.4948277E-01
9.035201E-08,-1.4948277E-01
9.040201E-08,-1.4943006E-01
9.045201E-08,-1.4943006E-01
9.050201E-08,-1.4943006E-01
9.055201E-08,-1.4937735E-01
9.060201E-08,-1.4937735E-01
9.065201E-08,-1.4932464E-01
9.070201E-08,-1.4932464E-01
9.075201E-08,-1.4927194E-01
9.080201E-08,-1.4921923E-01
9.085201E-08,-1.4921923E-01
9.090201E-08,-1.4916652E-01
9.095201E-08,-1.4916652E-01
9.100201E-08,-1.4916652E-01
9.105201E-08,-1.4916652E-01
9.110201E-08,-1.4911381E-01
9.115201E-08,-1.4911381E-01
9.120201E-08,-1.4911381E-01
9.125201E-08,-1.4916652E-01
9.130201E-08,-1.4916652E-01
9.135201E-08,-1.4916652E-01
9.140201E-08,-1.4921923E-01
9.145201E-08,-1.4921923E-01
9.150201E-08,-1.4927194E-01
9.155201E-08,-1.4932464E-01
9.160201E-08,-1.4937735E-01
9.165201E-08,-1.4943006E-01
9.170201E-08,-1.4948277E-01
9.175201E-08,-1.4953548E-01
9.180201E-08,-1.4964090E-01
9.185201E-08,-1.4969361E-01
9.190201E-08,-1.4979903E-01
9.195201E-08,-1.4985173E-01
9.200201E-08,-1.4995715E-01
9.205201E-08,-1.5000986E-01
9.210201E-08,-1.5011528E-01
9.215201E-08,-1.5016799E-01
9.220201E-08,-1.5027341E-01
9.225201E-08,-1.5032612E-01
9.230201E-08,-1.5037883E-01
9.235201E-08,-1.5048424E-01
9.240201E-08,-1.5053695E-01
9.245201E-08,-1.5058966E-01
9.250201E-08,-1.5064237E-01
9.255201E-08,-1.5074779E-01
9.260201E-08,-1.5080050E-01
9.265201E-08,-1.5080050E-01
9.270201E-08,-1.5085321E-01
9.275201E-08,-1.5090592E-01
9.280201E-08,-1.5090592E-01
9.285201E-08,-1.5095862E-01
9.290201E-08,-1.5095862E-01
9.295201E-08,-1.5095862E-01
9.300201E-08,-1.5095862E-01
9.305201E-08,-1.5095862E-01
9.310201E-08,-1.5095862E-01
9.315201E-08,-1.5095862E-01
9.320201E-08,-1.5095862E-01
9.325201E-08,-1.5090592E-01
9.330201E-08,-1.5090592E-01
9.335201E-08,-1.5090592E-01
9.340201E-08,-1.5085321E-01
9.345201E-08,-1.5080050E-01
9.350201E-08,-1.5080050E-01
9.355201E-08,-1.5074779E-01
9.360201E-08,-1.5069508E-01
9.365201E-08,-1.5069508E-01
9.370201E-08,-1.5064237E-01
9.375201E-08,-1.5058966E-01
9.380201E-08,-1.5053695E-01
9.385201E-08,-1.5053695E-01
9.390201E-08,-1.5048424E-01
9.395201E-08,-1.5043153E-01
9.400201E-08,-1.5037883E-01
9.405201E-08,-1.5037883E-01
9.410201E-08,-1.5032612E-01
9.415201E-08,-1.5027341E-01
9.420201E-08,-1.5027341E-01
9.425201E-08,-1.5022070E-01
9.430201E-08,-1.5022070E-01
9.435201E-08,-1.5016799E-01
9.440201E-08,-1.5016799E-01
9.445201E-08,-1.5011528E-01
9.450201E-08,-1.5011528E-01
9.455201E-08,-1.5006257E-01
9.460201E-08,-1.5006257E-01
9.465201E-08,-1.5006257E-01
9.470201E-08,-1.5000986E-01
9.475201E-08,-1.5000986E-01
9.480201E-08,-1.5000986E-01
9.485201E-08,-1.5000986E-01
9.490201E-08,-1.5000986E-01
9.495201E-08,-1.5000986E-01
9.500201E-08,-1.5000986E-01
9.505201E-08,-1.5000986E-01
9.510201E-08,-1.4995715E-01
9.515201E-08,-1.5000986E-01
9.520201E-08,-1.5000986E-01
9.525201E-08,-1.5000986E-01
9.530201E-08,-1.5000986E-01
9.535201E-08,-1.5000986E-01
9.540201E-08,-1.5000986E-01
9.545201E-08,-1.5000986E-01
9.550201E-08,-1.5000986E-01
9.555201E-08,-1.5000986E-01
9.560201E-08,-1.5000986E-01
9.565201E-08,-1.5006257E-01
9.570201E-08,-1.5006257E-01
9.575201E-08,-1.5006257E-01
9.580201E-08,-1.5006257E-01
9.585201E-08,-1.5006257E-01
9.590201E-08,-1.5006257E-01
9.595201E-08,-1.5006257E-01
9.600201E-08,-1.5011528E-01
9.605201E-08,-1.5011528E-01
9.610201E-08,-1.5011528E-01
9.615201E-08,-1.5011528E-01
9.620201E-08,-1.5011528E-01
9.625201E-08,-1.5016799E-01
9.630201E-08,-1.5016799E-01
9.635201E-08,-1.5016799E-01
9.640201E-08,-1.5016799E-01
9.645201E-08,-1.5016799E-01
9.650201E-08,-1.5016799E-01
9.655201E-08,-1.5022070E-01
9.660201E-08,-1.5022070E-01
9.665201E-08,-1.5022070E-01
9.670201E-08,-1.5022070E-01
9.675201E-08,-1.5027341E-01
9.680201E-08,-1.5027341E-01
9.685201E-08,-1.5027341E-01
9.690201E-08,-1.5027341E-01
9.695201E-08,-1.5027341E-01
9.700201E-08,-1.5032612E-01
9.705201E-08,-1.5032612E-01
9.710201E-08,-1.5032612E-01
9.715201E-08,-1.5032612E-01
9.720201E-08,-1.5032612E-01
9.725201E-08,-1.5032612E-01
9.730201E-08,-1.5032612E-01
9.735201E-08,-1.5032612E-01
9.740201E-08,-1.5032612E-01
9.745201E-08,-1.5032612E-01
9.750201E-08,-1.5032612E-01
9.755201E-08,-1.5032612E-01
9.760201E-08,-1.5032612E-01
9.765201E-08,-1.5027341E-01
9.770201E-08,-1.5027341E-01
9.775201E-08,-1.5027341E-01
9.780201E-08,-1.5027341E-01
9.785201E-08,-1.5022070E-01
9.790201E-08,-1.5022070E-01
9.795201E-08,-1.5022070E-01
9.800201E-08,-1.5016799E-01
9.805201E-08,-1.5016799E-01
9.810201E-08,-1.5016799E-01
9.815201E-08,-1.5011528E-01
9.820201E-08,-1.5011528E-01
9.825201E-08,-1.5011528E-01
9.830201E-08,-1.5006257E-01
9.835201E-08,-1.5006257E-01
9.840201E-08,-1.5000986E-01
9.845201E-08,-1.5000986E-01
9.850201E-08,-1.5000986E-01
9.855201E-08,-1.5000986E-01
9.860201E-08,-1.4995715E-01
9.865201E-08,-1.4995715E-01
9.870201E-08,-1.4995715E-01
9.875201E-08,-1.4995715E-01
9.880201E-08,-1.4990444E-01
9.885201E-08,-1.4990444E-01
9.890201E-08,-1.4990444E-01
9.895201E-08,-1.4990444E-01
9.900201E-08,-1.4990444E-01
9.905201E-08,-1.4990444E-01
9.910201E-08,-1.4985173E-01
9.915201E-08,-1.4985173E-01
9.920201E-08,-1.4985173E-01
9.925201E-08,-1.4985173E-01
9.930201E-08,-1.4985173E-01
9.935201E-08,-1.4985173E-01
9.940201E-08,-1.4985173E-01
9.945201E-08,-1.4985173E-01
9.950201E-08,-1.4985173E-01
9.955201E-08,-1.4985173E-01
9.960201E-08,-1.4985173E-01
9.965201E-08,-1.4985173E-01
9.970201E-08,-1.4985173E-01
9.975201E-08,-1.4985173E-01
9.980201E-08,-1.4985173E-01
9.985201E-08,-1.4985173E-01
9.990201E-08,-1.4985173E-01
9.995201E-08,-1.4985173E-01
1.0000201E-07,-1.4985173E-01
1.0005201E-07,-1.4985173E-01
1.0010201E-07,-1.4985173E-01
1.0015201E-07,-1.4985173E-01
1.0020201E-07,-1.4985173E-01
1.0025201E-07,-1.4990444E-01
1.0030201E-07,-1.4990444E-01
1.0035201E-07,-1.4990444E-01
1.0040201E-07,-1.4995715E-01
1.0045201E-07,-1.4995715E-01
1.0050201E-07,-1.5000986E-01
1.0055201E-07,-1.5000986E-01
1.0060201E-07,-1.5006257E-01
1.0065201E-07,-1.5011528E-01
1.0070201E-07,-1.5011528E-01
1.0075201E-07,-1.5016799E-01
1.0080201E-07,-1.5022070E-01
1.0085201E-07,-1.5027341E-01
1.0090201E-07,-1.5027341E-01
1.0095201E-07,-1.5032612E-01
1.0100201E-07,-1.5037883E-01
1.0105201E-07,-1.5043153E-01
1.0110201E-07,-1.5043153E-01
1.0115201E-07,-1.5048424E-01
1.0120201E-07,-1.5053695E-01
1.0125201E-07,-1.5053695E-01
1.0130201E-07,-1.5058966E-01
1.0135201E-07,-1.5058966E-01
1.0140201E-07,-1.5064237E-01
1.0145201E-07,-1.5064237E-01
1.0150201E-07,-1.5064237E-01
1.0155201E-07,-1.5064237E-01
1.0160201E-07,-1.5064237E-01
1.0165201E-07,-1.5064237E-01
1.0170201E-07,-1.5064237E-01
1.0175201E-07,-1.5058966E-01
1.0180201E-07,-1.5058966E-01
1.0185201E-07,-1.5053695E-01
1.0190201E-07,-1.5053695E-01
1.0195201E-07,-1.5048424E-01
1.0200201E-07,-1.5043153E-01
1.0205201E-07,-1.5037883E-01
1.0210201E-07,-1.5032612E-01
1.0215201E-07,-1.5027341E-01
1.0220201E-07,-1.5022070E-01
1.0225201E-07,-1.5016799E-01
1.0230201E-07,-1.5011528E-01
1.0235201E-07,-1.5006257E-01
1.0240201E-07,-1.5000986E-01
1.0245201E-07,-1.4995715E-01
1.0250201E-07,-1.4990444E-01
1.0255201E-07,-1.4985173E-01
1.0260201E-07,-1.4979903E-01
1.0265201E-07,-1.4974632E-01
1.0270201E-07,-1.4969361E-01
1.0275201E-07,-1.4969361E-01
1.0280201E-07,-1.4964090E-01
1.0285201E-07,-1.4964090E-01
1.0290201E-07,-1.4958819E-01
1.0295201E-07,-1.4958819E-01
1.0300201E-07,-1.4958819E-01
1.0305201E-07,-1.4953548E-01
1.0310201E-07,-1.4953548E-01
1.0315201E-07,-1.4953548E-01
1.0320201E-07,-1.4953548E-01
1.0325201E-07,-1.4958819E-01
1.0330201E-07,-1.4958819E-01
1.0335201E-07,-1.4958819E-01
1.0340201E-07,-1.4958819E-01
1.0345201E-07,-1.4958819E-01
1.0350201E-07,-1.4958819E-01
1.0355201E-07,-1.4964090E-01
1.0360201E-07,-1.4964090E-01
1.0365201E-07,-1.4964090E-01
1.0370201E-07,-1.4964090E-01
1.0375201E-07,-1.4964090E-01
1.0380201E-07,-1.4964090E-01
1.0385201E-07,-1.4964090E-01
1.0390201E-07,-1.4958819E-01
1.0395201E-07,-1.4958819E-01
1.0400201E-07,-1.4958819E-01
1.0405201E-07,-1.4953548E-01
1.0410201E-07,-1.4953548E-01
1.0415201E-07,-1.4953548E-01
1.0420201E-07,-1.4948277E-01
1.0425201E-07,-1.4948277E-01
1.0430201E-07,-1.4943006E-01
1.0435201E-07,-1.4937735E-01
1.0440201E-07,-1.4937735E-01
1.0445201E-07,-1.4932464E-01
1.0450201E-07,-1.4932464E-01
1.0455201E-07,-1.4927194E-01
1.0460201E-07,-1.4927194E-01
1.0465201E-07,-1.4927194E-01
1.0470201E-07,-1.4921923E-01
1.0475201E-07,-1.4921923E-01
1.0480201E-07,-1.4921923E-01
1.0485201E-07,-1.4921923E-01
1.0490201E-07,-1.4921923E-01
1.0495201E-07,-1.4921923E-01
1.0500201E-07,-1.4921923E-01
1.0505201E-07,-1.4927194E-01
1.0510201E-07,-1.4927194E-01
1.0515201E-07,-1.4927194E-01
1.0520201E-07,-1.4932464E-01
1.0525201E-07,-1.4932464E-01
1.0530201E-07,-1.4937735E-01
1.0535201E-07,-1.4943006E-01
1.0540201E-07,-1.4943006E-01
1.0545201E-07,-1.4948277E-01
1.0550201E-07,-1.4953548E-01
1.0555201E-07,-1.4953548E-01
1.0560201E-07,-1.4958819E-01
1.0565201E-07,-1.4964090E-01
1.0570201E-07,-1.4964090E-01
1.0575201E-07,-1.4969361E-01
1.0580201E-07,-1.4969361E-01
1.0585201E-07,-1.4969361E-01
1.0590201E-07,-1.4974632E-01
1.0595201E-07,-1.4974632E-01
1.0600201E-07,-1.4974632E-01
1.0605201E-07,-1.4974632E-01
1.0610201E-07,-1.4969361E-01
1.0615201E-07,-1.4969361E-01
1.0620201E-07,-1.4969361E-01
1.0625201E-07,-1.4964090E-01
1.0630201E-07,-1.4964090E-01
1.0635201E-07,-1.4958819E-01
1.0640201E-07,-1.4953548E-01
1.0645201E-07,-1.4953548E-01
1.0650201E-07,-1.4948277E-01
1.0655201E-07,-1.4943006E-01
1.0660201E-07,-1.4943006E-01
1.0665201E-07,-1.4937735E-01
1.0670201E-07,-1.4932464E-01
1.0675201E-07,-1.4932464E-01
1.0680201E-07,-1.4927194E-01
1.0685201E-07,-1.4927194E-01
1.0690201E-07,-1.4921923E-01
1.0695201E-07,-1.4921923E-01
1.0700201E-07,-1.4921923E-01
1.0705201E-07,-1.4921923E-01
1.0710201E-07,-1.4921923E-01
1.0715201E-07,-1.4921923E-01
1.0720201E-07,-1.4921923E-01
1.0725201E-07,-1.4921923E-01
1.0730201E-07,-1.4927194E-01
1.0735201E-07,-1.4927194E-01
1.0740201E-07,-1.4932464E-01
1.0745201E-07,-1.4937735E-01
1.0750201E-07,-1.4937735E-01
1.0755201E-07,-1.4943006E-01
1.0760201E-07,-1.4948277E-01
1.0765201E-07,-1.4953548E-01
1.0770201E-07,-1.4958819E-01
1.0775201E-07,-1.4964090E-01
1.0780201E-07,-1.4969361E-01
1.0785201E-07,-1.4969361E-01
1.0790201E-07,-1.4974632E-01
1.0795201E-07,-1.4979903E-01
1.0800201E-07,-1.4979903E-01
1.0805201E-07,-1.4985173E-01
1.0810201E-07,-1.4990444E-01
1.0815201E-07,-1.4990444E-01
1.0820201E-07,-1.4990444E-01
1.0825201E-07,-1.4990444E-01
1.0830201E-07,-1.4990444E-01
1.0835201E-07,-1.4990444E-01
1.0840201E-07,-1.4990444E-01
1.0845201E-07,-1.4990444E-01
1.0850201E-07,-1.4985173E-01
1.0855201E-07,-1.4985173E-01
1.0860201E-07,-1.4985173E-01
1.0865201E-07,-1.4979903E-01
1.0870201E-07,-1.4974632E-01
1.0875201E-07,-1.4974632E-01
1.0880201E-07,-1.4969361E-01
1.0885201E-07,-1.4964090E-01
1.0890201E-07,-1.4958819E-01
1.0895201E-07,-1.4958819E-01
1.0900201E-07,-1.4953548E-01
1.0905201E-07,-1.4948277E-01
1.0910201E-07,-1.4943006E-01
1.0915201E-07,-1.4943006E-01
1.0920201E-07,-1.4937735E-01
1.0925201E-07,-1.4937735E-01
1.0930201E-07,-1.4932464E-01
1.0935201E-07,-1.4932464E-01
1.0940201E-07,-1.4932464E-01
1.0945201E-07,-1.4932464E-01
1.0950201E-07,-1.4932464E-01
1.0955201E-07,-1.4932464E-01
1.0960201E-07,-1.4932464E-01
1.0965201E-07,-1.4932464E-01
1.0970201E-07,-1.4932464E-01
1.0975201E-07,-1.4937735E-01
1.0980201E-07,-1.4937735E-01
1.0985201E-07,-1.4943006E-01
1.0990201E-07,-1.4943006E-01
1.0995201E-07,-1.4948277E-01
1.1000201E-07,-1.4948277E-01
1.1005201E-07,-1.4953548E-01
1.1010201E-07,-1.4958819E-01
1.1015201E-07,-1.4964090E-01
1.1020201E-07,-1.4964090E-01
1.1025201E-07,-1.4969361E-01
1.1030201E-07,-1.4974632E-01
1.1035201E-07,-1.4974632E-01
1.1040201E-07,-1.4979903E-01
1.1045201E-07,-1.4985173E-01
1.1050201E-07,-1.4985173E-01
1.1055201E-07,-1.4990444E-01
1.1060201E-07,-1.4990444E-01
1.1065201E-07,-1.4995715E-01
1.1070201E-07,-1.4995715E-01
1.1075201E-07,-1.4995715E-01
1.1080201E-07,-1.5000986E-01
1.1085201E-07,-1.5000986E-01
1.1090201E-07,-1.5000986E-01
1.1095201E-07,-1.5000986E-01
1.1100201E-07,-1.5000986E-01
1.1105201E-07,-1.5006257E-01
1.1110201E-07,-1.5000986E-01
1.1115201E-07,-1.5000986E-01
1.1120201E-07,-1.5000986E-01
1.1125201E-07,-1.5000986E-01
1.1130201E-07,-1.5000986E-01
1.1135201E-07,-1.4995715E-01
1.1140201E-07,-1.4995715E-01
1.1145201E-07,-1.4995715E-01
1.1150201E-07,-1.4990444E-01
1.1155201E-07,-1.4990444E-01
1.1160201E-07,-1.4990444E-01
1.1165201E-07,-1.4985173E-01
1.1170201E-07,-1.4979903E-01
1.1175201E-07,-1.4979903E-01
1.1180201E-07,-1.4974632E-01
1.1185201E-07,-1.4974632E-01
1.1190201E-07,-1.4969361E-01
1.1195201E-07,-1.4969361E-01
1.1200201E-07,-1.4964090E-01
1.1205201E-07,-1.4964090E-01
1.1210201E-07,-1.4958819E-01
1.1215201E-07,-1.4953548E-01
1.1220201E-07,-1.4953548E-01
1.1225201E-07,-1.4948277E-01
1.1230201E-07,-1.4948277E-01
1.1235201E-07,-1.4943006E-01
1.1240201E-07,-1.4943006E-01
1.1245201E-07,-1.4943006E-01
1.1250201E-07,-1.4937735E-01
1.1255201E-07,-1.4937735E-01
1.1260201E-07,-1.4937735E-01
1.1265201E-07,-1.4932464E-01
1.1270201E-07,-1.4932464E-01
1.1275201E-07,-1.4932464E-01
1.1280201E-07,-1.4932464E-01
1.1285201E-07,-1.4932464E-01
1.1290201E-07,-1.4932464E-01
1.1295201E-07,-1.4932464E-01
1.1300201E-07,-1.4937735E-01
1.1305201E-07,-1.4937735E-01
1.1310201E-07,-1.4937735E-01
1.1315201E-07,-1.4937735E-01
1.1320201E-07,-1.4943006E-01
1.1325201E-07,-1.4943006E-01
1.1330201E-07,-1.4948277E-01
1.1335201E-07,-1.4948277E-01
1.1340201E-07,-1.4948277E-01
1.1345201E-07,-1.4953548E-01
1.1350201E-07,-1.4953548E-01
1.1355201E-07,-1.4953548E-01
1.1360201E-07,-1.4958819E-01
1.1365201E-07,-1.4958819E-01
1.1370201E-07,-1.4958819E-01
1.1375201E-07,-1.4958819E-01
1.1380201E-07,-1.4958819E-01
1.1385201E-07,-1.4958819E-01
1.1390201E-07,-1.4958819E-01
1.1395201E-07,-1.4958819E-01
1.1400201E-07,-1.4958819E-01
1.1405201E-07,-1.4958819E-01
1.1410201E-07,-1.4958819E-01
1.1415201E-07,-1.4953548E-01
1.1420201E-07,-1.4953548E-01
1.1425201E-07,-1.4953548E-01
1.1430201E-07,-1.4948277E-01
1.1435201E-07,-1.4943006E-01
1.1440201E-07,-1.4943006E-01
1.1445201E-07,-1.4937735E-01
1.1450201E-07,-1.4937735E-01
1.1455201E-07,-1.4932464E-01
1.1460201E-07,-1.4932464E-01
1.1465201E-07,-1.4927194E-01
1.1470201E-07,-1.4921923E-01
1.1475201E-07,-1.4921923E-01
1.1480201E-07,-1.4916652E-01
1.1485201E-07,-1.4916652E-01
1.1490201E-07,-1.4911381E-01
1.1495201E-07,-1.4911381E-01
1.1500201E-07,-1.4911381E-01
1.1505201E-07,-1.4906110E-01
1.1510201E-07,-1.4906110E-01
1.1515201E-07,-1.4906110E-01
1.1520201E-07,-1.4906110E-01
1.1525201E-07,-1.4900839E-01
1.1530201E-07,-1.4900839E-01
1.1535201E-07,-1.4900839E-01
1.1540201E-07,-1.4900839E-01
1.1545201E-07,-1.4900839E-01
1.1550201E-07,-1.4900839E-01
1.1555201E-07,-1.4895568E-01
1.1560201E-07,-1.4895568E-01
1.1565201E-07,-1.4895568E-01
1.1570201E-07,-1.4895568E-01
1.1575201E-07,-1.4895568E-01
1.1580201E-07,-1.4895568E-01
1.1585201E-07,-1.4895568E-01
1.1590201E-07,-1.4890297E-01
1.1595201E-07,-1.4890297E-01
1.1600201E-07,-1.4890297E-01
1.1605201E-07,-1.4885026E-01
1.1610201E-07,-1.4885026E-01
1.1615201E-07,-1.4885026E-01
1.1620201E-07,-1.4879755E-01
1.1625201E-07,-1.4879755E-01
1.1630201E-07,-1.4874485E-01
1.1635201E-07,-1.4869214E-01
1.1640201E-07,-1.4869214E-01
1.1645201E-07,-1.4863943E-01
1.1650201E-07,-1.4863943E-01
1.1655201E-07,-1.4858672E-01
1.1660201E-07,-1.4853401E-01
1.1665201E-07,-1.4853401E-01
1.1670201E-07,-1.4848130E-01
1.1675201E-07,-1.4842859E-01
1.1680201E-07,-1.4842859E-01
1.1685201E-07,-1.4837588E-01
1.1690201E-07,-1.4837588E-01
1.1695201E-07,-1.4832317E-01
1.1700201E-07,-1.4832317E-01
1.1705201E-07,-1.4827046E-01
1.1710201E-07,-1.4827046E-01
1.1715201E-07,-1.4827046E-01
1.1720201E-07,-1.4821776E-01
1.1725201E-07,-1.4821776E-01
1.1730201E-07,-1.4821776E-01
1.1735201E-07,-1.4816505E-01
1.1740201E-07,-1.4816505E-01
1.1745201E-07,-1.4816505E-01
1.1750201E-07,-1.4816505E-01
1.1755201E-07,-1.4816505E-01
1.1760201E-07,-1.4816505E-01
1.1765201E-07,-1.4816505E-01
1.1770201E-07,-1.4816505E-01
1.1775201E-07,-1.4816505E-01
1.1780201E-07,-1.4816505E-01
1.1785201E-07,-1.4816505E-01
1.1790201E-07,-1.4816505E-01
1.1795201E-07,-1.4816505E-01
1.1800201E-07,-1.4816505E-01
1.1805201E-07,-1.4816505E-01
1.1810201E-07,-1.4816505E-01
1.1815201E-07,-1.4821776E-01
1.1820201E-07,-1.4821776E-01
1.1825201E-07,-1.4821776E-01
1.1830201E-07,-1.4821776E-01
1.1835201E-07,-1.4821776E-01
1.1840201E-07,-1.4827046E-01
1.1845201E-07,-1.4827046E-01
1.1850201E-07,-1.4832317E-01
1.1855201E-07,-1.4832317E-01
1.1860201E-07,-1.4837588E-01
1.1865201E-07,-1.4837588E-01
1.1870201E-07,-1.4842859E-01
1.1875201E-07,-1.4842859E-01
1.1880201E-07,-1.4848130E-01
1.1885201E-07,-1.4853401E-01
1.1890201E-07,-1.4858672E-01
1.1895201E-07,-1.4863943E-01
1.1900201E-07,-1.4869214E-01
1.1905201E-07,-1.4874485E-01
1.1910201E-07,-1.4879755E-01
1.1915201E-07,-1.4885026E-01
1.1920201E-07,-1.4890297E-01
1.1925201E-07,-1.4900839E-01
1.1930201E-07,-1.4906110E-01
1.1935201E-07,-1.4911381E-01
1.1940201E-07,-1.4916652E-01
1.1945201E-07,-1.4927194E-01
1.1950201E-07,-1.4932464E-01
1.1955201E-07,-1.4937735E-01
1.1960201E-07,-1.4943006E-01
1.1965201E-07,-1.4948277E-01
1.1970201E-07,-1.4953548E-01
1.1975201E-07,-1.4958819E-01
1.1980201E-07,-1.4964090E-01
1.1985201E-07,-1.4969361E-01
1.1990201E-07,-1.4974632E-01
1.1995201E-07,-1.4974632E-01
1.2000201E-07,-1.4979903E-01
1.2005201E-07,-1.4979903E-01
1.2010201E-07,-1.4979903E-01
1.2015201E-07,-1.4985173E-01
1.2020201E-07,-1.4985173E-01
1.2025201E-07,-1.4979903E-01
1.2030201E-07,-1.4979903E-01
1.2035201E-07,-1.4979903E-01
1.2040201E-07,-1.4974632E-01
1.2045201E-07,-1.4974632E-01
1.2050201E-07,-1.4969361E-01
1.2055201E-07,-1.4964090E-01
1.2060201E-07,-1.4958819E-01
1.2065201E-07,-1.4953548E-01
1.2070201E-07,-1.4948277E-01
1.2075201E-07,-1.4943006E-01
1.2080201E-07,-1.4937735E-01
1.2085201E-07,-1.4932464E-01
1.2090201E-07,-1.4927194E-01
1.2095201E-07,-1.4916652E-01
1.2100201E-07,-1.4911381E-01
1.2105201E-07,-1.4906110E-01
1.2110201E-07,-1.4900839E-01
1.2115201E-07,-1.4895568E-01
1.2120201E-07,-1.4890297E-01
1.2125201E-07,-1.4885026E-01
1.2130201E-07,-1.4879755E-01
1.2135201E-07,-1.4874485E-01
1.2140201E-07,-1.4869214E-01
1.2145201E-07,-1.4869214E-01
1.2150201E-07,-1.4863943E-01
1.2155201E-07,-1.4863943E-01
1.2160201E-07,-1.4858672E-01
1.2165201E-07,-1.4858672E-01
1.2170201E-07,-1.4858672E-01
1.2175201E-07,-1.4853401E-01
1.2180201E-07,-1.4853401E-01
1.2185201E-07,-1.4853401E-01
1.2190201E-07,-1.4853401E-01
1.2195201E-07,-1.4858672E-01
1.2200201E-07,-1.4858672E-01
1.2205201E-07,-1.4858672E-01
1.2210201E-07,-1.4858672E-01
1.2215201E-07,-1.4863943E-01
1.2220201E-07,-1.4863943E-01
1.2225201E-07,-1.4863943E-01
1.2230201E-07,-1.4869214E-01
1.2235201E-07,-1.4869214E-01
1.2240201E-07,-1.4874485E-01
1.2245201E-07,-1.4874485E-01
1.2250201E-07,-1.4874485E-01
1.2255201E-07,-1.4879755E-01
1.2260201E-07,-1.4879755E-01
1.2265201E-07,-1.4879755E-01
1.2270201E-07,-1.4885026E-01
1.2275201E-07,-1.4885026E-01
1.2280201E-07,-1.4885026E-01
1.2285201E-07,-1.4885026E-01
1.2290201E-07,-1.4885026E-01
1.2295201E-07,-1.4885026E-01
1.2300201E-07,-1.4885026E-01
1.2305201E-07,-1.4879755E-01
1.2310201E-07,-1.4879755E-01
1.2315201E-07,-1.4879755E-01
1.2320201E-07,-1.4879755E-01
1.2325201E-07,-1.4874485E-01
1.2330201E-07,-1.4874485E-01
1.2335201E-07,-1.4874485E-01
1.2340201E-07,-1.4869214E-01
1.2345201E-07,-1.4869214E-01
1.2350201E-07,-1.4863943E-01
1.2355201E-07,-1.4863943E-01
1.2360201E-07,-1.4858672E-01
1.2365201E-07,-1.4858672E-01
1.2370201E-07,-1.4858672E-01
1.2375201E-07,-1.4853401E-01
1.2380201E-07,-1.4853401E-01
1.2385201E-07,-1.4853401E-01
1.2390201E-07,-1.4853401E-01
1.2395201E-07,-1.4848130E-01
1.2400201E-07,-1.4848130E-01
1.2405201E-07,-1.4848130E-01
1.2410201E-07,-1.4848130E-01
1.2415201E-07,-1.4848130E-01
1.2420201E-07,-1.4848130E-01
1.2425201E-07,-1.4848130E-01
1.2430201E-07,-1.4848130E-01
1.2435201E-07,-1.4853401E-01
1.2440201E-07,-1.4853401E-01
1.2445201E-07,-1.4853401E-01
1.2450201E-07,-1.4853401E-01
1.2455201E-07,-1.4853401E-01
1.2460201E-07,-1.4853401E-01
1.2465201E-07,-1.4858672E-01
1.2470201E-07,-1.4858672E-01
1.2475201E-07,-1.4858672E-01
1.2480201E-07,-1.4858672E-01
1.2485201E-07,-1.4858672E-01
1.2490201E-07,-1.4858672E-01
1.2495201E-07,-1.4853401E-01
1.2500201E-07,-1.4853401E-01
1.2505201E-07,-1.4853401E-01
1.2510201E-07,-1.4848130E-01
1.2515201E-07,-1.4848130E-01
1.2520201E-07,-1.4848130E-01
1.2525201E-07,-1.4842859E-01
1.2530201E-07,-1.4837588E-01
1.2535201E-07,-1.4837588E-01
1.2540201E-07,-1.4832317E-01
1.2545201E-07,-1.4827046E-01
1.2550201E-07,-1.4821776E-01
1.2555201E-07,-1.4821776E-01
1.2560201E-07,-1.4816505E-01
1.2565201E-07,-1.4811234E-01
1.2570201E-07,-1.4805963E-01
1.2575201E-07,-1.4805963E-01
1.2580201E-07,-1.4800692E-01
1.2585201E-07,-1.4795421E-01
1.2590201E-07,-1.4795421E-01
1.2595201E-07,-1.4795421E-01
1.2600201E-07,-1.4790150E-01
1.2605201E-07,-1.4790150E-01
1.2610201E-07,-1.4790150E-01
1.2615201E-07,-1.4790150E-01
1.2620201E-07,-1.4790150E-01
1.2625201E-07,-1.4795421E-01
1.2630201E-07,-1.4795421E-01
1.2635201E-07,-1.4800692E-01
1.2640201E-07,-1.4800692E-01
1.2645201E-07,-1.4805963E-01
1.2650201E-07,-1.4811234E-01
1.2655201E-07,-1.4816505E-01
1.2660201E-07,-1.4821776E-01
1.2665201E-07,-1.4827046E-01
1.2670201E-07,-1.4837588E-01
1.2675201E-07,-1.4842859E-01
1.2680201E-07,-1.4848130E-01
1.2685201E-07,-1.4853401E-01
1.2690201E-07,-1.4863943E-01
1.2695201E-07,-1.4869214E-01
1.2700201E-07,-1.4874485E-01
1.2705201E-07,-1.4879755E-01
1.2710201E-07,-1.4885026E-01
1.2715201E-07,-1.4890297E-01
1.2720201E-07,-1.4895568E-01
1.2725201E-07,-1.4900839E-01
1.2730201E-07,-1.4906110E-01
1.2735201E-07,-1.4906110E-01
1.2740201E-07,-1.4911381E-01
1.2745201E-07,-1.4911381E-01
1.2750201E-07,-1.4916652E-01
1.2755201E-07,-1.4916652E-01
1.2760201E-07,-1.4916652E-01
1.2765201E-07,-1.4916652E-01
1.2770201E-07,-1.4916652E-01
1.2775201E-07,-1.4911381E-01
1.2780201E-07,-1.4911381E-01
1.2785201E-07,-1.4911381E-01
1.2790201E-07,-1.4911381E-01
1.2795201E-07,-1.4906110E-01
1.2800201E-07,-1.4906110E-01
1.2805201E-07,-1.4906110E-01
1.2810201E-07,-1.4900839E-01
1.2815201E-07,-1.4900839E-01
1.2820201E-07,-1.4900839E-01
1.2825201E-07,-1.4900839E-01
1.2830201E-07,-1.4900839E-01
1.2835201E-07,-1.4900839E-01
1.2840201E-07,-1.4900839E-01
1.2845201E-07,-1.4900839E-01
1.2850201E-07,-1.4906110E-01
1.2855201E-07,-1.4906110E-01
1.2860201E-07,-1.4906110E-01
1.2865201E-07,-1.4911381E-01
1.2870201E-07,-1.4911381E-01
