-7.140053E-08,-1.4874485E-01
-7.135053E-08,-1.4869214E-01
-7.130053E-08,-1.4869214E-01
-7.125053E-08,-1.4869214E-01
-7.120053E-08,-1.4869214E-01
-7.115053E-08,-1.4869214E-01
-7.110053E-08,-1.4869214E-01
-7.105053E-08,-1.4869214E-01
-7.100053E-08,-1.4869214E-01
-7.095053E-08,-1.4869214E-01
-7.090053E-08,-1.4874485E-01
-7.085053E-08,-1.4874485E-01
-7.080053E-08,-1.4874485E-01
-7.075053E-08,-1.4879755E-01
-7.070053E-08,-1.4879755E-01
-7.065053E-08,-1.4885026E-01
-7.060053E-08,-1.4890297E-01
-7.055053E-08,-1.4890297E-01
-7.050053E-08,-1.4895568E-01
-7.045053E-08,-1.4900839E-01
-7.040053E-08,-1.4900839E-01
-7.035053E-08,-1.4906110E-01
-7.030053E-08,-1.4911381E-01
-7.025053E-08,-1.4911381E-01
-7.020053E-08,-1.4916652E-01
-7.015053E-08,-1.4916652E-01
-7.010053E-08,-1.4921923E-01
-7.005053E-08,-1.4921923E-01
-7.000053E-08,-1.4921923E-01
-6.995053E-08,-1.4921923E-01
-6.990053E-08,-1.4921923E-01
-6.985053E-08,-1.4921923E-01
-6.980053E-08,-1.4916652E-01
-6.975053E-08,-1.4916652E-01
-6.970053E-08,-1.4916652E-01
-6.965053E-08,-1.4911381E-01
-6.960053E-08,-1.4906110E-01
-6.955053E-08,-1.4906110E-01
-6.950053E-08,-1.4900839E-01
-6.945053E-08,-1.4895568E-01
-6.940053E-08,-1.4890297E-01
-6.935053E-08,-1.4890297E-01
-6.930053E-08,-1.4885026E-01
-6.925053E-08,-1.4879755E-01
-6.920053E-08,-1.4874485E-01
-6.915053E-08,-1.4874485E-01
-6.910053E-08,-1.4869214E-01
-6.905053E-08,-1.4869214E-01
-6.900053E-08,-1.4869214E-01
-6.895053E-08,-1.4863943E-01
-6.890053E-08,-1.4863943E-01
-6.885053E-08,-1.4869214E-01
-6.880053E-08,-1.4869214E-01
-6.875053E-08,-1.4869214E-01
-6.870053E-08,-1.4874485E-01
-6.865053E-08,-1.4874485E-01
-6.860053E-08,-1.4879755E-01
-6.855053E-08,-1.4885026E-01
-6.850053E-08,-1.4890297E-01
-6.845053E-08,-1.4895568E-01
-6.840053E-08,-1.4900839E-01
-6.835053E-08,-1.4906110E-01
-6.830053E-08,-1.4911381E-01
-6.825053E-08,-1.4921923E-01
-6.820053E-08,-1.4927194E-01
-6.815053E-08,-1.4932464E-01
-6.810053E-08,-1.4937735E-01
-6.805053E-08,-1.4943006E-01
-6.800053E-08,-1.4948277E-01
-6.795053E-08,-1.4948277E-01
-6.790053E-08,-1.4953548E-01
-6.785053E-08,-1.4953548E-01
-6.780053E-08,-1.4958819E-01
-6.775053E-08,-1.4958819E-01
-6.770053E-08,-1.4958819E-01
-6.765053E-08,-1.4958819E-01
-6.760053E-08,-1.4958819E-01
-6.755053E-08,-1.4953548E-01
-6.750053E-08,-1.4953548E-01
-6.745053E-08,-1.4948277E-01
-6.740053E-08,-1.4943006E-01
-6.735053E-08,-1.4943006E-01
-6.730053E-08,-1.4937735E-01
-6.725053E-08,-1.4932464E-01
-6.720053E-08,-1.4927194E-01
-6.715053E-08,-1.4921923E-01
-6.710053E-08,-1.4916652E-01
-6.705053E-08,-1.4911381E-01
-6.700053E-08,-1.4906110E-01
-6.695053E-08,-1.4900839E-01
-6.690053E-08,-1.4895568E-01
-6.685053E-08,-1.4895568E-01
-6.680053E-08,-1.4890297E-01
-6.675053E-08,-1.4885026E-01
-6.670053E-08,-1.4885026E-01
-6.665053E-08,-1.4885026E-01
-6.660053E-08,-1.4885026E-01
-6.655053E-08,-1.4885026E-01
-6.650053E-08,-1.4885026E-01
-6.645053E-08,-1.4885026E-01
-6.640053E-08,-1.4885026E-01
-6.635053E-08,-1.4890297E-01
-6.630053E-08,-1.4890297E-01
-6.625053E-08,-1.4895568E-01
-6.620053E-08,-1.4895568E-01
-6.615053E-08,-1.4900839E-01
-6.610053E-08,-1.4906110E-01
-6.605053E-08,-1.4906110E-01
-6.600053E-08,-1.4911381E-01
-6.595053E-08,-1.4916652E-01
-6.590053E-08,-1.4916652E-01
-6.585053E-08,-1.4921923E-01
-6.580053E-08,-1.4921923E-01
-6.575053E-08,-1.4921923E-01
-6.570053E-08,-1.4927194E-01
-6.565053E-08,-1.4927194E-01
-6.560053E-08,-1.4927194E-01
-6.555053E-08,-1.4927194E-01
-6.550053E-08,-1.4927194E-01
-6.545053E-08,-1.4921923E-01
-6.540053E-08,-1.4921923E-01
-6.535053E-08,-1.4921923E-01
-6.530053E-08,-1.4916652E-01
-6.525053E-08,-1.4911381E-01
-6.520053E-08,-1.4911381E-01
-6.515053E-08,-1.4906110E-01
-6.510053E-08,-1.4900839E-01
-6.505053E-08,-1.4900839E-01
-6.500053E-08,-1.4895568E-01
-6.495053E-08,-1.4890297E-01
-6.490053E-08,-1.4885026E-01
-6.485053E-08,-1.4885026E-01
-6.480053E-08,-1.4879755E-01
-6.475053E-08,-1.4879755E-01
-6.470053E-08,-1.4874485E-01
-6.465053E-08,-1.4874485E-01
-6.460053E-08,-1.4874485E-01
-6.455053E-08,-1.4874485E-01
-6.450053E-08,-1.4874485E-01
-6.445053E-08,-1.4874485E-01
-6.440053E-08,-1.4874485E-01
-6.435053E-08,-1.4879755E-01
-6.430053E-08,-1.4879755E-01
-6.425053E-08,-1.4885026E-01
-6.420053E-08,-1.4890297E-01
-6.415053E-08,-1.4895568E-01
-6.410053E-08,-1.4900839E-01
-6.405053E-08,-1.4906110E-01
-6.400053E-08,-1.4911381E-01
-6.395053E-08,-1.4916652E-01
-6.390053E-08,-1.4921923E-01
-6.385053E-08,-1.4932464E-01
-6.380053E-08,-1.4937735E-01
-6.375053E-08,-1.4943006E-01
-6.370053E-08,-1.4953548E-01
-6.365053E-08,-1.4958819E-01
-6.360053E-08,-1.4964090E-01
-6.355053E-08,-1.4969361E-01
-6.350053E-08,-1.4979903E-01
-6.345053E-08,-1.4985173E-01
-6.340053E-08,-1.4990444E-01
-6.335053E-08,-1.4990444E-01
-6.330053E-08,-1.4995715E-01
-6.325053E-08,-1.5000986E-01
-6.320053E-08,-1.5000986E-01
-6.315053E-08,-1.5006257E-01
-6.310053E-08,-1.5006257E-01
-6.305053E-08,-1.5006257E-01
-6.300053E-08,-1.5006257E-01
-6.295053E-08,-1.5006257E-01
-6.290053E-08,-1.5006257E-01
-6.285053E-08,-1.5006257E-01
-6.280053E-08,-1.5006257E-01
-6.275053E-08,-1.5000986E-01
-6.270053E-08,-1.5000986E-01
-6.265053E-08,-1.4995715E-01
-6.260053E-08,-1.4990444E-01
-6.255053E-08,-1.4990444E-01
-6.250053E-08,-1.4985173E-01
-6.245053E-08,-1.4979903E-01
-6.240053E-08,-1.4974632E-01
-6.235053E-08,-1.4969361E-01
-6.230053E-08,-1.4964090E-01
-6.225053E-08,-1.4958819E-01
-6.220053E-08,-1.4953548E-01
-6.215053E-08,-1.4948277E-01
-6.210053E-08,-1.4943006E-01
-6.205053E-08,-1.4943006E-01
-6.200053E-08,-1.4937735E-01
-6.195053E-08,-1.4932464E-01
-6.190053E-08,-1.4927194E-01
-6.185053E-08,-1.4921923E-01
-6.180053E-08,-1.4916652E-01
-6.175053E-08,-1.4911381E-01
-6.170053E-08,-1.4911381E-01
-6.165053E-08,-1.4906110E-01
-6.160053E-08,-1.4900839E-01
-6.155053E-08,-1.4900839E-01
-6.150053E-08,-1.4895568E-01
-6.145053E-08,-1.4895568E-01
-6.140053E-08,-1.4890297E-01
-6.135053E-08,-1.4890297E-01
-6.130053E-08,-1.4885026E-01
-6.125053E-08,-1.4885026E-01
-6.120053E-08,-1.4885026E-01
-6.115053E-08,-1.4879755E-01
-6.110053E-08,-1.4879755E-01
-6.105053E-08,-1.4879755E-01
-6.100053E-08,-1.4879755E-01
-6.095053E-08,-1.4874485E-01
-6.090053E-08,-1.4874485E-01
-6.085053E-08,-1.4874485E-01
-6.080053E-08,-1.4874485E-01
-6.075053E-08,-1.4874485E-01
-6.070053E-08,-1.4874485E-01
-6.065053E-08,-1.4874485E-01
-6.060053E-08,-1.4874485E-01
-6.055053E-08,-1.4874485E-01
-6.050053E-08,-1.4879755E-01
-6.045053E-08,-1.4879755E-01
-6.040053E-08,-1.4879755E-01
-6.035053E-08,-1.4879755E-01
-6.030053E-08,-1.4885026E-01
-6.025053E-08,-1.4885026E-01
-6.020053E-08,-1.4885026E-01
-6.015053E-08,-1.4890297E-01
-6.010053E-08,-1.4890297E-01
-6.005053E-08,-1.4895568E-01
-6.000053E-08,-1.4895568E-01
-5.995053E-08,-1.4900839E-01
-5.990053E-08,-1.4906110E-01
-5.985053E-08,-1.4906110E-01
-5.980053E-08,-1.4911381E-01
-5.975053E-08,-1.4916652E-01
-5.970053E-08,-1.4921923E-01
-5.965053E-08,-1.4921923E-01
-5.960053E-08,-1.4927194E-01
-5.955053E-08,-1.4932464E-01
-5.950053E-08,-1.4937735E-01
-5.945053E-08,-1.4937735E-01
-5.940053E-08,-1.4943006E-01
-5.935053E-08,-1.4948277E-01
-5.930053E-08,-1.4948277E-01
-5.925053E-08,-1.4953548E-01
-5.920053E-08,-1.4953548E-01
-5.915053E-08,-1.4958819E-01
-5.910053E-08,-1.4958819E-01
-5.905053E-08,-1.4964090E-01
-5.900053E-08,-1.4964090E-01
-5.895053E-08,-1.4964090E-01
-5.890053E-08,-1.4964090E-01
-5.885053E-08,-1.4964090E-01
-5.880053E-08,-1.4964090E-01
-5.875053E-08,-1.4958819E-01
-5.870053E-08,-1.4958819E-01
-5.865053E-08,-1.4953548E-01
-5.860053E-08,-1.4953548E-01
-5.855053E-08,-1.4948277E-01
-5.850053E-08,-1.4943006E-01
-5.845053E-08,-1.4937735E-01
-5.840053E-08,-1.4937735E-01
-5.835053E-08,-1.4932464E-01
-5.830053E-08,-1.4927194E-01
-5.825053E-08,-1.4916652E-01
-5.820053E-08,-1.4911381E-01
-5.815053E-08,-1.4906110E-01
-5.810053E-08,-1.4900839E-01
-5.805053E-08,-1.4895568E-01
-5.800053E-08,-1.4890297E-01
-5.795053E-08,-1.4885026E-01
-5.790053E-08,-1.4885026E-01
-5.785053E-08,-1.4879755E-01
-5.780053E-08,-1.4874485E-01
-5.775053E-08,-1.4874485E-01
-5.770053E-08,-1.4869214E-01
-5.765053E-08,-1.4869214E-01
-5.760053E-08,-1.4869214E-01
-5.755053E-08,-1.4869214E-01
-5.750053E-08,-1.4869214E-01
-5.745053E-08,-1.4869214E-01
-5.740053E-08,-1.4874485E-01
-5.735053E-08,-1.4879755E-01
-5.730053E-08,-1.4879755E-01
-5.725053E-08,-1.4885026E-01
-5.720053E-08,-1.4890297E-01
-5.715053E-08,-1.4895568E-01
-5.710053E-08,-1.4906110E-01
-5.705053E-08,-1.4911381E-01
-5.700053E-08,-1.4916652E-01
-5.695053E-08,-1.4927194E-01
-5.690053E-08,-1.4932464E-01
-5.685053E-08,-1.4937735E-01
-5.680053E-08,-1.4948277E-01
-5.675053E-08,-1.4953548E-01
-5.670053E-08,-1.4964090E-01
-5.665053E-08,-1.4969361E-01
-5.660053E-08,-1.4974632E-01
-5.655053E-08,-1.4979903E-01
-5.650053E-08,-1.4985173E-01
-5.645053E-08,-1.4990444E-01
-5.640053E-08,-1.4995715E-01
-5.635053E-08,-1.5000986E-01
-5.630053E-08,-1.5006257E-01
-5.625053E-08,-1.5006257E-01
-5.620053E-08,-1.5006257E-01
-5.615053E-08,-1.5006257E-01
-5.610053E-08,-1.5006257E-01
-5.605053E-08,-1.5006257E-01
-5.600053E-08,-1.5006257E-01
-5.595053E-08,-1.5006257E-01
-5.590053E-08,-1.5000986E-01
-5.585053E-08,-1.5000986E-01
-5.580053E-08,-1.4995715E-01
-5.575053E-08,-1.4990444E-01
-5.570053E-08,-1.4990444E-01
-5.565053E-08,-1.4985173E-01
-5.560053E-08,-1.4979903E-01
-5.555053E-08,-1.4974632E-01
-5.550053E-08,-1.4969361E-01
-5.545053E-08,-1.4969361E-01
-5.540053E-08,-1.4964090E-01
-5.535053E-08,-1.4958819E-01
-5.530053E-08,-1.4953548E-01
-5.525053E-08,-1.4953548E-01
-5.520053E-08,-1.4948277E-01
-5.515053E-08,-1.4948277E-01
-5.510053E-08,-1.4943006E-01
-5.505053E-08,-1.4943006E-01
-5.500053E-08,-1.4943006E-01
-5.495053E-08,-1.4943006E-01
-5.490053E-08,-1.4943006E-01
-5.485053E-08,-1.4943006E-01
-5.480053E-08,-1.4943006E-01
-5.475053E-08,-1.4943006E-01
-5.470053E-08,-1.4943006E-01
-5.465053E-08,-1.4943006E-01
-5.460053E-08,-1.4948277E-01
-5.455053E-08,-1.4948277E-01
-5.450053E-08,-1.4948277E-01
-5.445053E-08,-1.4953548E-01
-5.440053E-08,-1.4953548E-01
-5.435053E-08,-1.4958819E-01
-5.430053E-08,-1.4958819E-01
-5.425053E-08,-1.4958819E-01
-5.420053E-08,-1.4964090E-01
-5.415053E-08,-1.4964090E-01
-5.410053E-08,-1.4964090E-01
-5.405053E-08,-1.4969361E-01
-5.400053E-08,-1.4969361E-01
-5.395053E-08,-1.4969361E-01
-5.390053E-08,-1.4969361E-01
-5.385053E-08,-1.4969361E-01
-5.380053E-08,-1.4969361E-01
-5.375053E-08,-1.4969361E-01
-5.370053E-08,-1.4969361E-01
-5.365053E-08,-1.4964090E-01
-5.360053E-08,-1.4964090E-01
-5.355053E-08,-1.4964090E-01
-5.350053E-08,-1.4964090E-01
-5.345053E-08,-1.4958819E-01
-5.340053E-08,-1.4958819E-01
-5.335053E-08,-1.4958819E-01
-5.330053E-08,-1.4953548E-01
-5.325053E-08,-1.4953548E-01
-5.320053E-08,-1.4948277E-01
-5.315053E-08,-1.4948277E-01
-5.310053E-08,-1.4943006E-01
-5.305053E-08,-1.4943006E-01
-5.300053E-08,-1.4943006E-01
-5.295053E-08,-1.4937735E-01
-5.290053E-08,-1.4937735E-01
-5.285053E-08,-1.4937735E-01
-5.280053E-08,-1.4932464E-01
-5.275053E-08,-1.4932464E-01
-5.270053E-08,-1.4932464E-01
-5.265053E-08,-1.4932464E-01
-5.260053E-08,-1.4932464E-01
-5.255053E-08,-1.4932464E-01
-5.250053E-08,-1.4932464E-01
-5.245053E-08,-1.4932464E-01
-5.240053E-08,-1.4932464E-01
-5.235053E-08,-1.4932464E-01
-5.230053E-08,-1.4932464E-01
-5.225053E-08,-1.4932464E-01
-5.220053E-08,-1.4932464E-01
-5.215053E-08,-1.4937735E-01
-5.210053E-08,-1.4937735E-01
-5.205053E-08,-1.4937735E-01
-5.200053E-08,-1.4943006E-01
-5.195053E-08,-1.4943006E-01
-5.190053E-08,-1.4943006E-01
-5.185053E-08,-1.4948277E-01
-5.180053E-08,-1.4948277E-01
-5.175053E-08,-1.4953548E-01
-5.170053E-08,-1.4953548E-01
-5.165053E-08,-1.4958819E-01
-5.160053E-08,-1.4958819E-01
-5.155053E-08,-1.4958819E-01
-5.150053E-08,-1.4964090E-01
-5.145053E-08,-1.4964090E-01
-5.140053E-08,-1.4969361E-01
-5.135053E-08,-1.4969361E-01
-5.130053E-08,-1.4969361E-01
-5.125053E-08,-1.4969361E-01
-5.120053E-08,-1.4969361E-01
-5.115053E-08,-1.4974632E-01
-5.110053E-08,-1.4974632E-01
-5.105053E-08,-1.4974632E-01
-5.100053E-08,-1.4974632E-01
-5.095053E-08,-1.4974632E-01
-5.090053E-08,-1.4969361E-01
-5.085053E-08,-1.4969361E-01
-5.080053E-08,-1.4969361E-01
-5.075053E-08,-1.4969361E-01
-5.070053E-08,-1.4964090E-01
-5.065053E-08,-1.4964090E-01
-5.060053E-08,-1.4958819E-01
-5.055053E-08,-1.4958819E-01
-5.050053E-08,-1.4953548E-01
-5.045053E-08,-1.4953548E-01
-5.040053E-08,-1.4948277E-01
-5.035053E-08,-1.4948277E-01
-5.030053E-08,-1.4943006E-01
-5.025053E-08,-1.4943006E-01
-5.020053E-08,-1.4937735E-01
-5.015053E-08,-1.4937735E-01
-5.010053E-08,-1.4932464E-01
-5.005053E-08,-1.4932464E-01
-5.000053E-08,-1.4927194E-01
-4.995053E-08,-1.4927194E-01
-4.990053E-08,-1.4927194E-01
-4.985053E-08,-1.4927194E-01
-4.980053E-08,-1.4927194E-01
-4.975053E-08,-1.4921923E-01
-4.970053E-08,-1.4921923E-01
-4.965053E-08,-1.4927194E-01
-4.960053E-08,-1.4927194E-01
-4.955053E-08,-1.4927194E-01
-4.950053E-08,-1.4927194E-01
-4.945053E-08,-1.4927194E-01
-4.940053E-08,-1.4932464E-01
-4.935053E-08,-1.4932464E-01
-4.930053E-08,-1.4937735E-01
-4.925053E-08,-1.4937735E-01
-4.920053E-08,-1.4943006E-01
-4.915053E-08,-1.4943006E-01
-4.910053E-08,-1.4948277E-01
-4.905053E-08,-1.4948277E-01
-4.900053E-08,-1.4953548E-01
-4.895053E-08,-1.4953548E-01
-4.890053E-08,-1.4958819E-01
-4.885053E-08,-1.4958819E-01
-4.880053E-08,-1.4964090E-01
-4.875053E-08,-1.4964090E-01
-4.870053E-08,-1.4969361E-01
-4.865053E-08,-1.4969361E-01
-4.860053E-08,-1.4969361E-01
-4.855053E-08,-1.4969361E-01
-4.850053E-08,-1.4974632E-01
-4.845053E-08,-1.4974632E-01
-4.840053E-08,-1.4974632E-01
-4.835053E-08,-1.4974632E-01
-4.830053E-08,-1.4974632E-01
-4.825053E-08,-1.4974632E-01
-4.820053E-08,-1.4969361E-01
-4.815053E-08,-1.4969361E-01
-4.810053E-08,-1.4969361E-01
-4.805053E-08,-1.4969361E-01
-4.800053E-08,-1.4969361E-01
-4.795053E-08,-1.4964090E-01
-4.790053E-08,-1.4964090E-01
-4.785053E-08,-1.4964090E-01
-4.780053E-08,-1.4964090E-01
-4.775053E-08,-1.4964090E-01
-4.770053E-08,-1.4958819E-01
-4.765053E-08,-1.4958819E-01
-4.760053E-08,-1.4958819E-01
-4.755053E-08,-1.4958819E-01
-4.750053E-08,-1.4958819E-01
-4.745053E-08,-1.4953548E-01
-4.740053E-08,-1.4953548E-01
-4.735053E-08,-1.4953548E-01
-4.730053E-08,-1.4953548E-01
-4.725053E-08,-1.4953548E-01
-4.720053E-08,-1.4953548E-01
-4.715053E-08,-1.4953548E-01
-4.710053E-08,-1.4953548E-01
-4.705053E-08,-1.4953548E-01
-4.700053E-08,-1.4948277E-01
-4.695053E-08,-1.4948277E-01
-4.690053E-08,-1.4948277E-01
-4.685053E-08,-1.4948277E-01
-4.680053E-08,-1.4948277E-01
-4.675053E-08,-1.4948277E-01
-4.670053E-08,-1.4943006E-01
-4.665053E-08,-1.4943006E-01
-4.660053E-08,-1.4943006E-01
-4.655053E-08,-1.4943006E-01
-4.650053E-08,-1.4943006E-01
-4.645053E-08,-1.4937735E-01
-4.640053E-08,-1.4937735E-01
-4.635053E-08,-1.4937735E-01
-4.630053E-08,-1.4937735E-01
-4.625053E-08,-1.4937735E-01
-4.620053E-08,-1.4937735E-01
-4.615053E-08,-1.4932464E-01
-4.610053E-08,-1.4932464E-01
-4.605053E-08,-1.4932464E-01
-4.600053E-08,-1.4937735E-01
-4.595053E-08,-1.4937735E-01
-4.590053E-08,-1.4937735E-01
-4.585053E-08,-1.4937735E-01
-4.580053E-08,-1.4937735E-01
-4.575053E-08,-1.4937735E-01
-4.570053E-08,-1.4943006E-01
-4.565053E-08,-1.4943006E-01
-4.560053E-08,-1.4948277E-01
-4.555053E-08,-1.4948277E-01
-4.550053E-08,-1.4948277E-01
-4.545053E-08,-1.4953548E-01
-4.540053E-08,-1.4953548E-01
-4.535053E-08,-1.4958819E-01
-4.530053E-08,-1.4958819E-01
-4.525053E-08,-1.4964090E-01
-4.520053E-08,-1.4964090E-01
-4.515053E-08,-1.4964090E-01
-4.510053E-08,-1.4964090E-01
-4.505053E-08,-1.4969361E-01
-4.500053E-08,-1.4969361E-01
-4.495053E-08,-1.4969361E-01
-4.490053E-08,-1.4969361E-01
-4.485053E-08,-1.4969361E-01
-4.480053E-08,-1.4964090E-01
-4.475053E-08,-1.4964090E-01
-4.470053E-08,-1.4958819E-01
-4.465053E-08,-1.4958819E-01
-4.460053E-08,-1.4953548E-01
-4.455053E-08,-1.4953548E-01
-4.450053E-08,-1.4948277E-01
-4.445053E-08,-1.4943006E-01
-4.440053E-08,-1.4937735E-01
-4.435053E-08,-1.4932464E-01
-4.430053E-08,-1.4932464E-01
-4.425053E-08,-1.4927194E-01
-4.420053E-08,-1.4921923E-01
-4.415053E-08,-1.4916652E-01
-4.410053E-08,-1.4911381E-01
-4.405053E-08,-1.4911381E-01
-4.400053E-08,-1.4906110E-01
-4.395053E-08,-1.4906110E-01
-4.390053E-08,-1.4900839E-01
-4.385053E-08,-1.4900839E-01
-4.380053E-08,-1.4900839E-01
-4.375053E-08,-1.4900839E-01
-4.370053E-08,-1.4900839E-01
-4.365053E-08,-1.4900839E-01
-4.360053E-08,-1.4906110E-01
-4.355053E-08,-1.4906110E-01
-4.350053E-08,-1.4911381E-01
-4.345053E-08,-1.4916652E-01
-4.340053E-08,-1.4916652E-01
-4.335053E-08,-1.4921923E-01
-4.330053E-08,-1.4932464E-01
-4.325053E-08,-1.4937735E-01
-4.320053E-08,-1.4943006E-01
-4.315053E-08,-1.4948277E-01
-4.310053E-08,-1.4953548E-01
-4.305053E-08,-1.4964090E-01
-4.300053E-08,-1.4969361E-01
-4.295053E-08,-1.4974632E-01
-4.290053E-08,-1.4979903E-01
-4.285053E-08,-1.4985173E-01
-4.280053E-08,-1.4990444E-01
-4.275053E-08,-1.4995715E-01
-4.270053E-08,-1.5000986E-01
-4.265053E-08,-1.5000986E-01
-4.260053E-08,-1.5006257E-01
-4.255053E-08,-1.5006257E-01
-4.250053E-08,-1.5006257E-01
-4.245053E-08,-1.5006257E-01
-4.240053E-08,-1.5006257E-01
-4.235053E-08,-1.5006257E-01
-4.230053E-08,-1.5000986E-01
-4.225053E-08,-1.5000986E-01
-4.220053E-08,-1.4995715E-01
-4.215053E-08,-1.4995715E-01
-4.210053E-08,-1.4990444E-01
-4.205053E-08,-1.4985173E-01
-4.200053E-08,-1.4985173E-01
-4.195053E-08,-1.4979903E-01
-4.190053E-08,-1.4974632E-01
-4.185053E-08,-1.4969361E-01
-4.180053E-08,-1.4969361E-01
-4.175053E-08,-1.4964090E-01
-4.170053E-08,-1.4958819E-01
-4.165053E-08,-1.4958819E-01
-4.160053E-08,-1.4953548E-01
-4.155053E-08,-1.4953548E-01
-4.150053E-08,-1.4948277E-01
-4.145053E-08,-1.4948277E-01
-4.140053E-08,-1.4948277E-01
-4.135053E-08,-1.4948277E-01
-4.130053E-08,-1.4943006E-01
-4.125053E-08,-1.4943006E-01
-4.120053E-08,-1.4948277E-01
-4.115053E-08,-1.4948277E-01
-4.110053E-08,-1.4948277E-01
-4.105053E-08,-1.4948277E-01
-4.100053E-08,-1.4948277E-01
-4.095053E-08,-1.4948277E-01
-4.090053E-08,-1.4953548E-01
-4.085053E-08,-1.4953548E-01
-4.080053E-08,-1.4953548E-01
-4.075053E-08,-1.4953548E-01
-4.070053E-08,-1.4953548E-01
-4.065053E-08,-1.4953548E-01
-4.060053E-08,-1.4953548E-01
-4.055053E-08,-1.4948277E-01
-4.050053E-08,-1.4948277E-01
-4.045053E-08,-1.4948277E-01
-4.040053E-08,-1.4943006E-01
-4.035053E-08,-1.4943006E-01
-4.030053E-08,-1.4937735E-01
-4.025053E-08,-1.4932464E-01
-4.020053E-08,-1.4932464E-01
-4.015053E-08,-1.4927194E-01
-4.010053E-08,-1.4921923E-01
-4.005053E-08,-1.4916652E-01
-4.000053E-08,-1.4911381E-01
-3.995053E-08,-1.4906110E-01
-3.990053E-08,-1.4900839E-01
-3.985053E-08,-1.4900839E-01
-3.980053E-08,-1.4895568E-01
-3.975053E-08,-1.4890297E-01
-3.970053E-08,-1.4890297E-01
-3.965053E-08,-1.4885026E-01
-3.960053E-08,-1.4885026E-01
-3.955053E-08,-1.4879755E-01
-3.950053E-08,-1.4879755E-01
-3.945053E-08,-1.4879755E-01
-3.940053E-08,-1.4879755E-01
-3.935053E-08,-1.4879755E-01
-3.930053E-08,-1.4879755E-01
-3.925053E-08,-1.4885026E-01
-3.920053E-08,-1.4885026E-01
-3.915053E-08,-1.4890297E-01
-3.910053E-08,-1.4890297E-01
-3.905053E-08,-1.4895568E-01
-3.900053E-08,-1.4900839E-01
-3.895053E-08,-1.4906110E-01
-3.890053E-08,-1.4906110E-01
-3.885053E-08,-1.4911381E-01
-3.880053E-08,-1.4916652E-01
-3.875053E-08,-1.4921923E-01
-3.870053E-08,-1.4921923E-01
-3.865053E-08,-1.4927194E-01
-3.860053E-08,-1.4927194E-01
-3.855053E-08,-1.4932464E-01
-3.850053E-08,-1.4932464E-01
-3.845053E-08,-1.4932464E-01
-3.840053E-08,-1.4937735E-01
-3.835053E-08,-1.4937735E-01
-3.830053E-08,-1.4937735E-01
-3.825053E-08,-1.4932464E-01
-3.820053E-08,-1.4932464E-01
-3.815053E-08,-1.4932464E-01
-3.810053E-08,-1.4927194E-01
-3.805053E-08,-1.4927194E-01
-3.800053E-08,-1.4921923E-01
-3.795053E-08,-1.4921923E-01
-3.790053E-08,-1.4916652E-01
-3.785053E-08,-1.4916652E-01
-3.780053E-08,-1.4911381E-01
-3.775053E-08,-1.4906110E-01
-3.770053E-08,-1.4906110E-01
-3.765053E-08,-1.4900839E-01
-3.760053E-08,-1.4900839E-01
-3.755053E-08,-1.4900839E-01
-3.750053E-08,-1.4900839E-01
-3.745053E-08,-1.4895568E-01
-3.740053E-08,-1.4895568E-01
-3.735053E-08,-1.4900839E-01
-3.730053E-08,-1.4900839E-01
-3.725053E-08,-1.4900839E-01
-3.720053E-08,-1.4906110E-01
-3.715053E-08,-1.4906110E-01
-3.710053E-08,-1.4911381E-01
-3.705053E-08,-1.4916652E-01
-3.700053E-08,-1.4921923E-01
-3.695053E-08,-1.4927194E-01
-3.690053E-08,-1.4932464E-01
-3.685053E-08,-1.4937735E-01
-3.680053E-08,-1.4948277E-01
-3.675053E-08,-1.4953548E-01
-3.670053E-08,-1.4958819E-01
-3.665053E-08,-1.4964090E-01
-3.660053E-08,-1.4974632E-01
-3.655053E-08,-1.4979903E-01
-3.650053E-08,-1.4985173E-01
-3.645053E-08,-1.4990444E-01
-3.640053E-08,-1.4995715E-01
-3.635053E-08,-1.5000986E-01
-3.630053E-08,-1.5000986E-01
-3.625053E-08,-1.5006257E-01
-3.620053E-08,-1.5006257E-01
-3.615053E-08,-1.5011528E-01
-3.610053E-08,-1.5011528E-01
-3.605053E-08,-1.5011528E-01
-3.600053E-08,-1.5011528E-01
-3.595053E-08,-1.5011528E-01
-3.590053E-08,-1.5011528E-01
-3.585053E-08,-1.5011528E-01
-3.580053E-08,-1.5011528E-01
-3.575053E-08,-1.5006257E-01
-3.570053E-08,-1.5006257E-01
-3.565053E-08,-1.5000986E-01
-3.560053E-08,-1.5000986E-01
-3.555053E-08,-1.5000986E-01
-3.550053E-08,-1.4995715E-01
-3.545053E-08,-1.4995715E-01
-3.540053E-08,-1.4990444E-01
-3.535053E-08,-1.4990444E-01
-3.530053E-08,-1.4990444E-01
-3.525053E-08,-1.4990444E-01
-3.520053E-08,-1.4990444E-01
-3.515053E-08,-1.4990444E-01
-3.510053E-08,-1.4990444E-01
-3.505053E-08,-1.4990444E-01
-3.500053E-08,-1.4990444E-01
-3.495053E-08,-1.4990444E-01
-3.490053E-08,-1.4995715E-01
-3.485053E-08,-1.4995715E-01
-3.480053E-08,-1.4995715E-01
-3.475053E-08,-1.5000986E-01
-3.470053E-08,-1.5000986E-01
-3.465053E-08,-1.5006257E-01
-3.460053E-08,-1.5006257E-01
-3.455053E-08,-1.5006257E-01
-3.450053E-08,-1.5011528E-01
-3.445053E-08,-1.5011528E-01
-3.440053E-08,-1.5016799E-01
-3.435053E-08,-1.5016799E-01
-3.430053E-08,-1.5016799E-01
-3.425053E-08,-1.5016799E-01
-3.420053E-08,-1.5016799E-01
-3.415053E-08,-1.5016799E-01
-3.410053E-08,-1.5016799E-01
-3.405053E-08,-1.5011528E-01
-3.400053E-08,-1.5011528E-01
-3.395053E-08,-1.5011528E-01
-3.390053E-08,-1.5006257E-01
-3.385053E-08,-1.5006257E-01
-3.380053E-08,-1.5000986E-01
-3.375053E-08,-1.5000986E-01
-3.370053E-08,-1.4995715E-01
-3.365053E-08,-1.4990444E-01
-3.360053E-08,-1.4990444E-01
-3.355053E-08,-1.4985173E-01
-3.350053E-08,-1.4985173E-01
-3.345053E-08,-1.4979903E-01
-3.340053E-08,-1.4979903E-01
-3.335053E-08,-1.4974632E-01
-3.330053E-08,-1.4974632E-01
-3.325053E-08,-1.4974632E-01
-3.320053E-08,-1.4974632E-01
-3.315053E-08,-1.4974632E-01
-3.310053E-08,-1.4974632E-01
-3.305053E-08,-1.4974632E-01
-3.300053E-08,-1.4979903E-01
-3.295053E-08,-1.4979903E-01
-3.290053E-08,-1.4979903E-01
-3.285053E-08,-1.4985173E-01
-3.280053E-08,-1.4990444E-01
-3.275053E-08,-1.4995715E-01
-3.270053E-08,-1.4995715E-01
-3.265053E-08,-1.5000986E-01
-3.260053E-08,-1.5006257E-01
-3.255053E-08,-1.5011528E-01
-3.250053E-08,-1.5016799E-01
-3.245053E-08,-1.5016799E-01
-3.240053E-08,-1.5022070E-01
-3.235053E-08,-1.5027341E-01
-3.230053E-08,-1.5032612E-01
-3.225053E-08,-1.5032612E-01
-3.220053E-08,-1.5037883E-01
-3.215053E-08,-1.5037883E-01
-3.210053E-08,-1.5037883E-01
-3.205053E-08,-1.5037883E-01
-3.200053E-08,-1.5037883E-01
-3.195053E-08,-1.5037883E-01
-3.190053E-08,-1.5037883E-01
-3.185053E-08,-1.5032612E-01
-3.180053E-08,-1.5032612E-01
-3.175053E-08,-1.5027341E-01
-3.170053E-08,-1.5022070E-01
-3.165053E-08,-1.5016799E-01
-3.160053E-08,-1.5011528E-01
-3.155053E-08,-1.5006257E-01
-3.150053E-08,-1.5000986E-01
-3.145053E-08,-1.4990444E-01
-3.140053E-08,-1.4985173E-01
-3.135053E-08,-1.4979903E-01
-3.130053E-08,-1.4969361E-01
-3.125053E-08,-1.4964090E-01
-3.120053E-08,-1.4958819E-01
-3.115053E-08,-1.4953548E-01
-3.110053E-08,-1.4943006E-01
-3.105053E-08,-1.4937735E-01
-3.100053E-08,-1.4932464E-01
-3.095053E-08,-1.4927194E-01
-3.090053E-08,-1.4921923E-01
-3.085053E-08,-1.4921923E-01
-3.080053E-08,-1.4916652E-01
-3.075053E-08,-1.4916652E-01
-3.070053E-08,-1.4911381E-01
-3.065053E-08,-1.4911381E-01
-3.060053E-08,-1.4911381E-01
-3.055053E-08,-1.4911381E-01
-3.050053E-08,-1.4911381E-01
-3.045053E-08,-1.4911381E-01
-3.040053E-08,-1.4916652E-01
-3.035053E-08,-1.4916652E-01
-3.030053E-08,-1.4921923E-01
-3.025053E-08,-1.4921923E-01
-3.020053E-08,-1.4927194E-01
-3.015053E-08,-1.4927194E-01
-3.010053E-08,-1.4932464E-01
-3.005053E-08,-1.4937735E-01
-3.000053E-08,-1.4943006E-01
-2.995053E-08,-1.4943006E-01
-2.990053E-08,-1.4948277E-01
-2.985053E-08,-1.4953548E-01
-2.980053E-08,-1.4958819E-01
-2.975053E-08,-1.4958819E-01
-2.970053E-08,-1.4964090E-01
-2.965053E-08,-1.4969361E-01
-2.960053E-08,-1.4969361E-01
-2.955053E-08,-1.4974632E-01
-2.950053E-08,-1.4979903E-01
-2.945053E-08,-1.4979903E-01
-2.940053E-08,-1.4979903E-01
-2.935053E-08,-1.4985173E-01
-2.930053E-08,-1.4985173E-01
-2.925053E-08,-1.4985173E-01
-2.920053E-08,-1.4990444E-01
-2.915053E-08,-1.4990444E-01
-2.910053E-08,-1.4990444E-01
-2.905053E-08,-1.4990444E-01
-2.900053E-08,-1.4990444E-01
-2.895053E-08,-1.4990444E-01
-2.890053E-08,-1.4990444E-01
-2.885053E-08,-1.4990444E-01
-2.880053E-08,-1.4990444E-01
-2.875053E-08,-1.4990444E-01
-2.870053E-08,-1.4985173E-01
-2.865053E-08,-1.4985173E-01
-2.860053E-08,-1.4985173E-01
-2.855053E-08,-1.4985173E-01
-2.850053E-08,-1.4985173E-01
-2.845053E-08,-1.4985173E-01
-2.840053E-08,-1.4979903E-01
-2.835053E-08,-1.4979903E-01
-2.830053E-08,-1.4979903E-01
-2.825053E-08,-1.4979903E-01
-2.820053E-08,-1.4979903E-01
-2.815053E-08,-1.4979903E-01
-2.810053E-08,-1.4979903E-01
-2.805053E-08,-1.4979903E-01
-2.800053E-08,-1.4979903E-01
-2.795053E-08,-1.4974632E-01
-2.790053E-08,-1.4974632E-01
-2.785053E-08,-1.4979903E-01
-2.780053E-08,-1.4979903E-01
-2.775053E-08,-1.4979903E-01
-2.770053E-08,-1.4979903E-01
-2.765053E-08,-1.4979903E-01
-2.760053E-08,-1.4979903E-01
-2.755053E-08,-1.4979903E-01
-2.750053E-08,-1.4985173E-01
-2.745053E-08,-1.4985173E-01
-2.740053E-08,-1.4985173E-01
-2.735053E-08,-1.4985173E-01
-2.730053E-08,-1.4990444E-01
-2.725053E-08,-1.4990444E-01
-2.720053E-08,-1.4990444E-01
-2.715053E-08,-1.4995715E-01
-2.710053E-08,-1.4995715E-01
-2.705053E-08,-1.4995715E-01
-2.700053E-08,-1.4995715E-01
-2.695053E-08,-1.4995715E-01
-2.690053E-08,-1.5000986E-01
-2.685053E-08,-1.5000986E-01
-2.680053E-08,-1.5000986E-01
-2.675053E-08,-1.5000986E-01
-2.670053E-08,-1.5000986E-01
-2.665053E-08,-1.4995715E-01
-2.660053E-08,-1.4995715E-01
-2.655053E-08,-1.4995715E-01
-2.650053E-08,-1.4990444E-01
-2.645053E-08,-1.4990444E-01
-2.640053E-08,-1.4985173E-01
-2.635053E-08,-1.4985173E-01
-2.630053E-08,-1.4979903E-01
-2.625053E-08,-1.4974632E-01
-2.620053E-08,-1.4969361E-01
-2.615053E-08,-1.4969361E-01
-2.610053E-08,-1.4964090E-01
-2.605053E-08,-1.4958819E-01
-2.600053E-08,-1.4953548E-01
-2.595053E-08,-1.4948277E-01
-2.590053E-08,-1.4943006E-01
-2.585053E-08,-1.4937735E-01
-2.580053E-08,-1.4932464E-01
-2.575053E-08,-1.4927194E-01
-2.570053E-08,-1.4921923E-01
-2.565053E-08,-1.4916652E-01
-2.560053E-08,-1.4911381E-01
-2.555053E-08,-1.4906110E-01
-2.550053E-08,-1.4906110E-01
-2.545053E-08,-1.4900839E-01
-2.540053E-08,-1.4895568E-01
-2.535053E-08,-1.4895568E-01
-2.530053E-08,-1.4895568E-01
-2.525053E-08,-1.4895568E-01
-2.520053E-08,-1.4895568E-01
-2.515053E-08,-1.4895568E-01
-2.510053E-08,-1.4895568E-01
-2.505053E-08,-1.4895568E-01
-2.500053E-08,-1.4900839E-01
-2.495053E-08,-1.4900839E-01
-2.490053E-08,-1.4906110E-01
-2.485053E-08,-1.4906110E-01
-2.480053E-08,-1.4911381E-01
-2.475053E-08,-1.4916652E-01
-2.470053E-08,-1.4921923E-01
-2.465053E-08,-1.4927194E-01
-2.460053E-08,-1.4927194E-01
-2.455053E-08,-1.4932464E-01
-2.450053E-08,-1.4937735E-01
-2.445053E-08,-1.4943006E-01
-2.440053E-08,-1.4943006E-01
-2.435053E-08,-1.4948277E-01
-2.430053E-08,-1.4948277E-01
-2.425053E-08,-1.4953548E-01
-2.420053E-08,-1.4953548E-01
-2.415053E-08,-1.4958819E-01
-2.410053E-08,-1.4958819E-01
-2.405053E-08,-1.4958819E-01
-2.400053E-08,-1.4958819E-01
-2.395053E-08,-1.4958819E-01
-2.390053E-08,-1.4958819E-01
-2.385053E-08,-1.4958819E-01
-2.380053E-08,-1.4958819E-01
-2.375053E-08,-1.4958819E-01
-2.370053E-08,-1.4953548E-01
-2.365053E-08,-1.4953548E-01
-2.360053E-08,-1.4953548E-01
-2.355053E-08,-1.4948277E-01
-2.350053E-08,-1.4948277E-01
-2.345053E-08,-1.4948277E-01
-2.340053E-08,-1.4948277E-01
-2.335053E-08,-1.4948277E-01
-2.330053E-08,-1.4948277E-01
-2.325053E-08,-1.4948277E-01
-2.320053E-08,-1.4948277E-01
-2.315053E-08,-1.4948277E-01
-2.310053E-08,-1.4953548E-01
-2.305053E-08,-1.4953548E-01
-2.300053E-08,-1.4953548E-01
-2.295053E-08,-1.4958819E-01
-2.290053E-08,-1.4964090E-01
-2.285053E-08,-1.4964090E-01
-2.280053E-08,-1.4969361E-01
-2.275053E-08,-1.4974632E-01
-2.270053E-08,-1.4979903E-01
-2.265053E-08,-1.4985173E-01
-2.260053E-08,-1.4990444E-01
-2.255053E-08,-1.4995715E-01
-2.250053E-08,-1.5000986E-01
-2.245053E-08,-1.5006257E-01
-2.240053E-08,-1.5011528E-01
-2.235053E-08,-1.5011528E-01
-2.230053E-08,-1.5016799E-01
-2.225053E-08,-1.5022070E-01
-2.220053E-08,-1.5022070E-01
-2.215053E-08,-1.5027341E-01
-2.210053E-08,-1.5027341E-01
-2.205053E-08,-1.5027341E-01
-2.200053E-08,-1.5027341E-01
-2.195053E-08,-1.5027341E-01
-2.190053E-08,-1.5027341E-01
-2.185053E-08,-1.5027341E-01
-2.180053E-08,-1.5022070E-01
-2.175053E-08,-1.5022070E-01
-2.170053E-08,-1.5016799E-01
-2.165053E-08,-1.5016799E-01
-2.160053E-08,-1.5011528E-01
-2.155053E-08,-1.5006257E-01
-2.150053E-08,-1.5000986E-01
-2.145053E-08,-1.4995715E-01
-2.140053E-08,-1.4990444E-01
-2.135053E-08,-1.4985173E-01
-2.130053E-08,-1.4979903E-01
-2.125053E-08,-1.4974632E-01
-2.120053E-08,-1.4969361E-01
-2.115053E-08,-1.4969361E-01
-2.110053E-08,-1.4964090E-01
-2.105053E-08,-1.4958819E-01
-2.100053E-08,-1.4953548E-01
-2.095053E-08,-1.4953548E-01
-2.090053E-08,-1.4948277E-01
-2.085053E-08,-1.4948277E-01
-2.080053E-08,-1.4948277E-01
-2.075053E-08,-1.4943006E-01
-2.070053E-08,-1.4943006E-01
-2.065053E-08,-1.4943006E-01
-2.060053E-08,-1.4943006E-01
-2.055053E-08,-1.4943006E-01
-2.050053E-08,-1.4943006E-01
-2.045053E-08,-1.4943006E-01
-2.040053E-08,-1.4943006E-01
-2.035053E-08,-1.4948277E-01
-2.030053E-08,-1.4948277E-01
-2.025053E-08,-1.4948277E-01
-2.020053E-08,-1.4948277E-01
-2.015053E-08,-1.4953548E-01
-2.010053E-08,-1.4953548E-01
-2.005053E-08,-1.4953548E-01
-2.000053E-08,-1.4953548E-01
-1.995053E-08,-1.4953548E-01
-1.990053E-08,-1.4953548E-01
-1.985053E-08,-1.4953548E-01
-1.980053E-08,-1.4953548E-01
-1.975053E-08,-1.4953548E-01
-1.970053E-08,-1.4953548E-01
-1.965053E-08,-1.4948277E-01
-1.960053E-08,-1.4948277E-01
-1.955053E-08,-1.4948277E-01
-1.950053E-08,-1.4948277E-01
-1.945053E-08,-1.4943006E-01
-1.940053E-08,-1.4943006E-01
-1.935053E-08,-1.4943006E-01
-1.930053E-08,-1.4937735E-01
-1.925053E-08,-1.4937735E-01
-1.920053E-08,-1.4937735E-01
-1.915053E-08,-1.4937735E-01
-1.910053E-08,-1.4932464E-01
-1.905053E-08,-1.4932464E-01
-1.900053E-08,-1.4932464E-01
-1.895053E-08,-1.4932464E-01
-1.890053E-08,-1.4932464E-01
-1.885053E-08,-1.4932464E-01
-1.880053E-08,-1.4932464E-01
-1.875053E-08,-1.4932464E-01
-1.870053E-08,-1.4937735E-01
-1.865053E-08,-1.4937735E-01
-1.860053E-08,-1.4937735E-01
-1.855053E-08,-1.4937735E-01
-1.850053E-08,-1.4943006E-01
-1.845053E-08,-1.4943006E-01
-1.840053E-08,-1.4943006E-01
-1.835053E-08,-1.4948277E-01
-1.830053E-08,-1.4948277E-01
-1.825053E-08,-1.4948277E-01
-1.820053E-08,-1.4948277E-01
-1.815053E-08,-1.4953548E-01
-1.810053E-08,-1.4953548E-01
-1.805053E-08,-1.4953548E-01
-1.800053E-08,-1.4953548E-01
-1.795053E-08,-1.4953548E-01
-1.790053E-08,-1.4953548E-01
-1.785053E-08,-1.4953548E-01
-1.780053E-08,-1.4953548E-01
-1.775053E-08,-1.4953548E-01
-1.770053E-08,-1.4953548E-01
-1.765053E-08,-1.4948277E-01
-1.760053E-08,-1.4948277E-01
-1.755053E-08,-1.4943006E-01
-1.750053E-08,-1.4943006E-01
-1.745053E-08,-1.4943006E-01
-1.740053E-08,-1.4937735E-01
-1.735053E-08,-1.4932464E-01
-1.730053E-08,-1.4932464E-01
-1.725053E-08,-1.4927194E-01
-1.720053E-08,-1.4927194E-01
-1.715053E-08,-1.4921923E-01
-1.710053E-08,-1.4921923E-01
-1.705053E-08,-1.4916652E-01
-1.700053E-08,-1.4916652E-01
-1.695053E-08,-1.4911381E-01
-1.690053E-08,-1.4911381E-01
-1.685053E-08,-1.4906110E-01
-1.680053E-08,-1.4906110E-01
-1.675053E-08,-1.4906110E-01
-1.670053E-08,-1.4900839E-01
-1.665053E-08,-1.4900839E-01
-1.660053E-08,-1.4900839E-01
-1.655053E-08,-1.4900839E-01
-1.650053E-08,-1.4900839E-01
-1.645053E-08,-1.4900839E-01
-1.640053E-08,-1.4900839E-01
-1.635053E-08,-1.4900839E-01
-1.630053E-08,-1.4900839E-01
-1.625053E-08,-1.4906110E-01
-1.620053E-08,-1.4906110E-01
-1.615053E-08,-1.4906110E-01
-1.610053E-08,-1.4911381E-01
-1.605053E-08,-1.4911381E-01
-1.600053E-08,-1.4916652E-01
-1.595053E-08,-1.4916652E-01
-1.590053E-08,-1.4916652E-01
-1.585053E-08,-1.4921923E-01
-1.580053E-08,-1.4927194E-01
-1.575053E-08,-1.4927194E-01
-1.570053E-08,-1.4932464E-01
-1.565053E-08,-1.4932464E-01
-1.560053E-08,-1.4937735E-01
-1.555053E-08,-1.4943006E-01
-1.550053E-08,-1.4943006E-01
-1.545053E-08,-1.4948277E-01
-1.540053E-08,-1.4948277E-01
-1.535053E-08,-1.4953548E-01
-1.530053E-08,-1.4958819E-01
-1.525053E-08,-1.4958819E-01
-1.520053E-08,-1.4964090E-01
-1.515053E-08,-1.4964090E-01
-1.510053E-08,-1.4969361E-01
-1.505053E-08,-1.4969361E-01
-1.500053E-08,-1.4974632E-01
-1.495053E-08,-1.4974632E-01
-1.490053E-08,-1.4974632E-01
-1.485053E-08,-1.4979903E-01
-1.480053E-08,-1.4979903E-01
-1.475053E-08,-1.4979903E-01
-1.470053E-08,-1.4979903E-01
-1.465053E-08,-1.4979903E-01
-1.460053E-08,-1.4979903E-01
-1.455053E-08,-1.4979903E-01
-1.450053E-08,-1.4979903E-01
-1.445053E-08,-1.4974632E-01
-1.440053E-08,-1.4974632E-01
-1.435053E-08,-1.4974632E-01
-1.430053E-08,-1.4969361E-01
-1.425053E-08,-1.4964090E-01
-1.420053E-08,-1.4964090E-01
-1.415053E-08,-1.4958819E-01
-1.410053E-08,-1.4953548E-01
-1.405053E-08,-1.4948277E-01
-1.400053E-08,-1.4948277E-01
-1.395053E-08,-1.4943006E-01
-1.390053E-08,-1.4937735E-01
-1.385053E-08,-1.4932464E-01
-1.380053E-08,-1.4927194E-01
-1.375053E-08,-1.4927194E-01
-1.370053E-08,-1.4921923E-01
-1.365053E-08,-1.4916652E-01
-1.360053E-08,-1.4911381E-01
-1.355053E-08,-1.4911381E-01
-1.350053E-08,-1.4906110E-01
-1.345053E-08,-1.4906110E-01
-1.340053E-08,-1.4900839E-01
-1.335053E-08,-1.4900839E-01
-1.330053E-08,-1.4895568E-01
-1.325053E-08,-1.4895568E-01
-1.320053E-08,-1.4895568E-01
-1.315053E-08,-1.4895568E-01
-1.310053E-08,-1.4895568E-01
-1.305053E-08,-1.4895568E-01
-1.300053E-08,-1.4895568E-01
-1.295053E-08,-1.4900839E-01
-1.290053E-08,-1.4900839E-01
-1.285053E-08,-1.4900839E-01
-1.280053E-08,-1.4900839E-01
-1.275053E-08,-1.4906110E-01
-1.270053E-08,-1.4906110E-01
-1.265053E-08,-1.4906110E-01
-1.260053E-08,-1.4911381E-01
-1.255053E-08,-1.4911381E-01
-1.250053E-08,-1.4916652E-01
-1.245053E-08,-1.4916652E-01
-1.240053E-08,-1.4916652E-01
-1.235053E-08,-1.4921923E-01
-1.230053E-08,-1.4921923E-01
-1.225053E-08,-1.4921923E-01
-1.220053E-08,-1.4921923E-01
-1.215053E-08,-1.4921923E-01
-1.210053E-08,-1.4927194E-01
-1.205053E-08,-1.4927194E-01
-1.200053E-08,-1.4927194E-01
-1.195053E-08,-1.4927194E-01
-1.190053E-08,-1.4927194E-01
-1.185053E-08,-1.4927194E-01
-1.180053E-08,-1.4927194E-01
-1.175053E-08,-1.4927194E-01
-1.170053E-08,-1.4927194E-01
-1.165053E-08,-1.4927194E-01
-1.160053E-08,-1.4927194E-01
-1.155053E-08,-1.4927194E-01
-1.150053E-08,-1.4927194E-01
-1.145053E-08,-1.4927194E-01
-1.140053E-08,-1.4927194E-01
-1.135053E-08,-1.4927194E-01
-1.130053E-08,-1.4927194E-01
-1.125053E-08,-1.4927194E-01
-1.120053E-08,-1.4927194E-01
-1.115053E-08,-1.4927194E-01
-1.110053E-08,-1.4927194E-01
-1.105053E-08,-1.4927194E-01
-1.100053E-08,-1.4927194E-01
-1.095053E-08,-1.4927194E-01
-1.090053E-08,-1.4927194E-01
-1.085053E-08,-1.4927194E-01
-1.080053E-08,-1.4927194E-01
-1.075053E-08,-1.4932464E-01
-1.070053E-08,-1.4932464E-01
-1.065053E-08,-1.4932464E-01
-1.060053E-08,-1.4932464E-01
-1.055053E-08,-1.4932464E-01
-1.050053E-08,-1.4927194E-01
-1.045053E-08,-1.4927194E-01
-1.040053E-08,-1.4927194E-01
-1.035053E-08,-1.4927194E-01
-1.030053E-08,-1.4927194E-01
-1.025053E-08,-1.4927194E-01
-1.020053E-08,-1.4921923E-01
-1.015053E-08,-1.4921923E-01
-1.010053E-08,-1.4921923E-01
-1.005053E-08,-1.4916652E-01
-1.000053E-08,-1.4916652E-01
-9.95053E-09,-1.4916652E-01
-9.90053E-09,-1.4916652E-01
-9.85053E-09,-1.4911381E-01
-9.80053E-09,-1.4911381E-01
-9.75053E-09,-1.4911381E-01
-9.70053E-09,-1.4911381E-01
-9.65053E-09,-1.4911381E-01
-9.60053E-09,-1.4911381E-01
-9.55053E-09,-1.4911381E-01
-9.50053E-09,-1.4911381E-01
-9.45053E-09,-1.4911381E-01
-9.40053E-09,-1.4911381E-01
-9.35053E-09,-1.4916652E-01
-9.30053E-09,-1.4916652E-01
-9.25053E-09,-1.4916652E-01
-9.20053E-09,-1.4921923E-01
-9.15053E-09,-1.4921923E-01
-9.10053E-09,-1.4927194E-01
-9.05053E-09,-1.4927194E-01
-9.00053E-09,-1.4932464E-01
-8.95053E-09,-1.4932464E-01
-8.90053E-09,-1.4937735E-01
-8.85053E-09,-1.4943006E-01
-8.80053E-09,-1.4943006E-01
-8.75053E-09,-1.4948277E-01
-8.70053E-09,-1.4948277E-01
-8.65053E-09,-1.4948277E-01
-8.60053E-09,-1.4953548E-01
-8.55053E-09,-1.4953548E-01
-8.50053E-09,-1.4953548E-01
-8.45053E-09,-1.4953548E-01
-8.40053E-09,-1.4953548E-01
-8.35053E-09,-1.4953548E-01
-8.30053E-09,-1.4948277E-01
-8.25053E-09,-1.4948277E-01
-8.20053E-09,-1.4948277E-01
-8.15053E-09,-1.4943006E-01
-8.10053E-09,-1.4943006E-01
-8.05053E-09,-1.4937735E-01
-8.00053E-09,-1.4937735E-01
-7.95053E-09,-1.4932464E-01
-7.90053E-09,-1.4932464E-01
-7.85053E-09,-1.4927194E-01
-7.80053E-09,-1.4927194E-01
-7.75053E-09,-1.4921923E-01
-7.70053E-09,-1.4921923E-01
-7.65053E-09,-1.4921923E-01
-7.60053E-09,-1.4916652E-01
-7.55053E-09,-1.4916652E-01
-7.50053E-09,-1.4916652E-01
-7.45053E-09,-1.4921923E-01
-7.40053E-09,-1.4921923E-01
-7.35053E-09,-1.4921923E-01
-7.30053E-09,-1.4927194E-01
-7.25053E-09,-1.4927194E-01
-7.20053E-09,-1.4932464E-01
-7.15053E-09,-1.4937735E-01
-7.10053E-09,-1.4943006E-01
-7.05053E-09,-1.4948277E-01
-7.00053E-09,-1.4953548E-01
-6.95053E-09,-1.4958819E-01
-6.90053E-09,-1.4964090E-01
-6.85053E-09,-1.4969361E-01
-6.80053E-09,-1.4974632E-01
-6.75053E-09,-1.4979903E-01
-6.70053E-09,-1.4985173E-01
-6.65053E-09,-1.4995715E-01
-6.60053E-09,-1.4995715E-01
-6.55053E-09,-1.5000986E-01
-6.50053E-09,-1.5006257E-01
-6.45053E-09,-1.5011528E-01
-6.40053E-09,-1.5011528E-01
-6.35053E-09,-1.5011528E-01
-6.30053E-09,-1.5011528E-01
-6.25053E-09,-1.5011528E-01
-6.20053E-09,-1.5011528E-01
-6.15053E-09,-1.5011528E-01
-6.10053E-09,-1.5006257E-01
-6.05053E-09,-1.5006257E-01
-6.00053E-09,-1.5000986E-01
-5.95053E-09,-1.4995715E-01
-5.90053E-09,-1.4990444E-01
-5.85053E-09,-1.4985173E-01
-5.80053E-09,-1.4979903E-01
-5.75053E-09,-1.4974632E-01
-5.70053E-09,-1.4969361E-01
-5.65053E-09,-1.4958819E-01
-5.60053E-09,-1.4953548E-01
-5.55053E-09,-1.4948277E-01
-5.50053E-09,-1.4943006E-01
-5.45053E-09,-1.4937735E-01
-5.40053E-09,-1.4937735E-01
-5.35053E-09,-1.4932464E-01
-5.30053E-09,-1.4927194E-01
-5.25053E-09,-1.4927194E-01
-5.20053E-09,-1.4927194E-01
-5.15053E-09,-1.4927194E-01
-5.10053E-09,-1.4927194E-01
-5.05053E-09,-1.4927194E-01
-5.00053E-09,-1.4927194E-01
-4.95053E-09,-1.4932464E-01
-4.90053E-09,-1.4932464E-01
-4.85053E-09,-1.4937735E-01
-4.80053E-09,-1.4943006E-01
-4.75053E-09,-1.4948277E-01
-4.70053E-09,-1.4953548E-01
-4.65053E-09,-1.4958819E-01
-4.60053E-09,-1.4958819E-01
-4.55053E-09,-1.4964090E-01
-4.50053E-09,-1.4969361E-01
-4.45053E-09,-1.4974632E-01
-4.40053E-09,-1.4979903E-01
-4.35053E-09,-1.4979903E-01
-4.30053E-09,-1.4985173E-01
-4.25053E-09,-1.4985173E-01
-4.20053E-09,-1.4985173E-01
-4.15053E-09,-1.4985173E-01
-4.10053E-09,-1.4985173E-01
-4.05053E-09,-1.4985173E-01
-4.00053E-09,-1.4985173E-01
-3.95053E-09,-1.4979903E-01
-3.90053E-09,-1.4974632E-01
-3.85053E-09,-1.4969361E-01
-3.80053E-09,-1.4964090E-01
-3.75053E-09,-1.4958819E-01
-3.70053E-09,-1.4953548E-01
-3.65053E-09,-1.4948277E-01
-3.60053E-09,-1.4937735E-01
-3.55053E-09,-1.4932464E-01
-3.50053E-09,-1.4921923E-01
-3.45053E-09,-1.4916652E-01
-3.40053E-09,-1.4911381E-01
-3.35053E-09,-1.4906110E-01
-3.30053E-09,-1.4895568E-01
-3.25053E-09,-1.4890297E-01
-3.20053E-09,-1.4890297E-01
-3.15053E-09,-1.4885026E-01
-3.10053E-09,-1.4879755E-01
-3.05053E-09,-1.4879755E-01
-3.00053E-09,-1.4879755E-01
-2.95053E-09,-1.4874485E-01
-2.90053E-09,-1.4874485E-01
-2.85053E-09,-1.4879755E-01
-2.80053E-09,-1.4879755E-01
-2.75053E-09,-1.4885026E-01
-2.70053E-09,-1.4885026E-01
-2.65053E-09,-1.4890297E-01
-2.60053E-09,-1.4895568E-01
-2.55053E-09,-1.4900839E-01
-2.50053E-09,-1.4900839E-01
-2.45053E-09,-1.4906110E-01
-2.40053E-09,-1.4911381E-01
-2.35053E-09,-1.4916652E-01
-2.30053E-09,-1.4921923E-01
-2.25053E-09,-1.4927194E-01
-2.20053E-09,-1.4932464E-01
-2.15053E-09,-1.4937735E-01
-2.10053E-09,-1.4937735E-01
-2.05053E-09,-1.4943006E-01
-2.00053E-09,-1.4943006E-01
-1.95053E-09,-1.4943006E-01
-1.90053E-09,-1.4943006E-01
-1.85053E-09,-1.4943006E-01
-1.80053E-09,-1.4943006E-01
-1.75053E-09,-1.4943006E-01
-1.70053E-09,-1.4937735E-01
-1.65053E-09,-1.4937735E-01
-1.60053E-09,-1.4932464E-01
-1.55053E-09,-1.4927194E-01
-1.50053E-09,-1.4927194E-01
-1.45053E-09,-1.4921923E-01
-1.40053E-09,-1.4916652E-01
-1.35053E-09,-1.4911381E-01
-1.30053E-09,-1.4906110E-01
-1.25053E-09,-1.4900839E-01
-1.20053E-09,-1.4900839E-01
-1.15053E-09,-1.4895568E-01
-1.10053E-09,-1.4890297E-01
-1.05053E-09,-1.4890297E-01
-1.00053E-09,-1.4885026E-01
-9.5053E-10,-1.4885026E-01
-9.0053E-10,-1.4885026E-01
-8.5053E-10,-1.4885026E-01
-8.0053E-10,-1.4885026E-01
-7.5053E-10,-1.4885026E-01
-7.0053E-10,-1.4885026E-01
-6.5053E-10,-1.4890297E-01
-6.0053E-10,-1.4890297E-01
-5.5053E-10,-1.4895568E-01
-5.0053E-10,-1.4900839E-01
-4.5053E-10,-1.4906110E-01
-4.0053E-10,-1.4911381E-01
-3.5053E-10,-1.4916652E-01
-3.0053E-10,-1.4921923E-01
-2.5053E-10,-1.4927194E-01
-2.0053E-10,-1.4932464E-01
-1.5053E-10,-1.4937735E-01
-1.0053E-10,-1.4937735E-01
-5.053E-11,-1.4943006E-01
-5.3E-13,-1.4948277E-01
4.947E-11,-1.4953548E-01
9.947E-11,-1.4953548E-01
1.4947E-10,-1.4958819E-01
1.9947E-10,-1.4958819E-01
2.4947E-10,-1.4958819E-01
2.9947E-10,-1.4958819E-01
3.4947E-10,-1.4958819E-01
3.9947E-10,-1.4958819E-01
4.4947E-10,-1.4958819E-01
4.9947E-10,-1.4953548E-01
5.4947E-10,-1.4953548E-01
5.9947E-10,-1.4948277E-01
6.4947E-10,-1.4948277E-01
6.9947E-10,-1.4943006E-01
7.4947E-10,-1.4937735E-01
7.9947E-10,-1.4937735E-01
8.4947E-10,-1.4932464E-01
8.9947E-10,-1.4927194E-01
9.4947E-10,-1.4921923E-01
9.9947E-10,-1.4921923E-01
1.04947E-09,-1.4916652E-01
1.09947E-09,-1.4911381E-01
1.14947E-09,-1.4911381E-01
1.19947E-09,-1.4906110E-01
1.24947E-09,-1.4906110E-01
1.29947E-09,-1.4900839E-01
1.34947E-09,-1.4900839E-01
1.39947E-09,-1.4900839E-01
1.44947E-09,-1.4900839E-01
1.49947E-09,-1.4900839E-01
1.54947E-09,-1.4900839E-01
1.59947E-09,-1.4900839E-01
1.64947E-09,-1.4900839E-01
1.69947E-09,-1.4900839E-01
1.74947E-09,-1.4906110E-01
1.79947E-09,-1.4906110E-01
1.84947E-09,-1.4906110E-01
1.89947E-09,-1.4911381E-01
1.94947E-09,-1.4911381E-01
1.99947E-09,-1.4916652E-01
2.04947E-09,-1.4921923E-01
2.09947E-09,-1.4921923E-01
2.14947E-09,-1.4927194E-01
2.19947E-09,-1.4927194E-01
2.24947E-09,-1.4932464E-01
2.29947E-09,-1.4932464E-01
2.34947E-09,-1.4937735E-01
2.39947E-09,-1.4937735E-01
2.44947E-09,-1.4943006E-01
2.49947E-09,-1.4943006E-01
2.54947E-09,-1.4948277E-01
2.59947E-09,-1.4948277E-01
2.64947E-09,-1.4948277E-01
2.69947E-09,-1.4953548E-01
2.74947E-09,-1.4953548E-01
2.79947E-09,-1.4953548E-01
2.84947E-09,-1.4953548E-01
2.89947E-09,-1.4953548E-01
2.94947E-09,-1.4958819E-01
2.99947E-09,-1.4958819E-01
3.04947E-09,-1.4958819E-01
3.09947E-09,-1.4958819E-01
3.14947E-09,-1.4958819E-01
3.19947E-09,-1.4958819E-01
3.24947E-09,-1.4958819E-01
3.29947E-09,-1.4958819E-01
3.34947E-09,-1.4953548E-01
3.39947E-09,-1.4953548E-01
3.44947E-09,-1.4953548E-01
3.49947E-09,-1.4953548E-01
3.54947E-09,-1.4953548E-01
3.59947E-09,-1.4953548E-01
3.64947E-09,-1.4953548E-01
3.69947E-09,-1.4953548E-01
3.74947E-09,-1.4953548E-01
3.79947E-09,-1.4948277E-01
3.84947E-09,-1.4948277E-01
3.89947E-09,-1.4948277E-01
3.94947E-09,-1.4948277E-01
3.99947E-09,-1.4948277E-01
4.04947E-09,-1.4948277E-01
4.09947E-09,-1.4948277E-01
4.14947E-09,-1.4948277E-01
4.19947E-09,-1.4948277E-01
4.24947E-09,-1.4948277E-01
4.29947E-09,-1.4948277E-01
4.34947E-09,-1.4948277E-01
4.39947E-09,-1.4948277E-01
4.44947E-09,-1.4953548E-01
4.49947E-09,-1.4953548E-01
4.54947E-09,-1.4953548E-01
4.59947E-09,-1.4958819E-01
4.64947E-09,-1.4958819E-01
4.69947E-09,-1.4964090E-01
4.74947E-09,-1.4964090E-01
4.79947E-09,-1.4969361E-01
4.84947E-09,-1.4969361E-01
4.89947E-09,-1.4974632E-01
4.94947E-09,-1.4979903E-01
4.99947E-09,-1.4979903E-01
5.04947E-09,-1.4985173E-01
5.09947E-09,-1.4990444E-01
5.14947E-09,-1.4990444E-01
5.19947E-09,-1.4995715E-01
5.24947E-09,-1.5000986E-01
5.29947E-09,-1.5000986E-01
5.34947E-09,-1.5006257E-01
5.39947E-09,-1.5006257E-01
5.44947E-09,-1.5011528E-01
5.49947E-09,-1.5011528E-01
5.54947E-09,-1.5011528E-01
5.59947E-09,-1.5011528E-01
5.64947E-09,-1.5011528E-01
5.69947E-09,-1.5011528E-01
5.74947E-09,-1.5011528E-01
5.79947E-09,-1.5006257E-01
5.84947E-09,-1.5006257E-01
5.89947E-09,-1.5000986E-01
5.94947E-09,-1.5000986E-01
5.99947E-09,-1.4995715E-01
6.04947E-09,-1.4995715E-01
6.09947E-09,-1.4990444E-01
6.14947E-09,-1.4985173E-01
6.19947E-09,-1.4979903E-01
6.24947E-09,-1.4974632E-01
6.29947E-09,-1.4969361E-01
6.34947E-09,-1.4964090E-01
6.39947E-09,-1.4958819E-01
6.44947E-09,-1.4953548E-01
6.49947E-09,-1.4948277E-01
6.54947E-09,-1.4948277E-01
6.59947E-09,-1.4943006E-01
6.64947E-09,-1.4937735E-01
6.69947E-09,-1.4937735E-01
6.74947E-09,-1.4932464E-01
6.79947E-09,-1.4932464E-01
6.84947E-09,-1.4932464E-01
6.89947E-09,-1.4932464E-01
6.94947E-09,-1.4932464E-01
6.99947E-09,-1.4932464E-01
7.04947E-09,-1.4932464E-01
7.09947E-09,-1.4932464E-01
7.14947E-09,-1.4937735E-01
7.19947E-09,-1.4937735E-01
7.24947E-09,-1.4943006E-01
7.29947E-09,-1.4943006E-01
7.34947E-09,-1.4948277E-01
7.39947E-09,-1.4953548E-01
7.44947E-09,-1.4953548E-01
7.49947E-09,-1.4958819E-01
7.54947E-09,-1.4964090E-01
7.59947E-09,-1.4969361E-01
7.64947E-09,-1.4969361E-01
7.69947E-09,-1.4974632E-01
7.74947E-09,-1.4974632E-01
7.79947E-09,-1.4979903E-01
7.84947E-09,-1.4985173E-01
7.89947E-09,-1.4990444E-01
7.94947E-09,-1.4990444E-01
7.99947E-09,-1.4995715E-01
8.04947E-09,-1.5000986E-01
8.09947E-09,-1.5006257E-01
8.14947E-09,-1.5006257E-01
8.19947E-09,-1.5011528E-01
8.24947E-09,-1.5016799E-01
8.29947E-09,-1.5016799E-01
8.34947E-09,-1.5016799E-01
8.39947E-09,-1.5022070E-01
8.44947E-09,-1.5022070E-01
8.49947E-09,-1.5027341E-01
8.54947E-09,-1.5027341E-01
8.59947E-09,-1.5027341E-01
8.64947E-09,-1.5027341E-01
8.69947E-09,-1.5027341E-01
8.74947E-09,-1.5027341E-01
8.79947E-09,-1.5027341E-01
8.84947E-09,-1.5022070E-01
8.89947E-09,-1.5022070E-01
8.94947E-09,-1.5016799E-01
8.99947E-09,-1.5016799E-01
9.04947E-09,-1.5011528E-01
9.09947E-09,-1.5006257E-01
9.14947E-09,-1.5000986E-01
9.19947E-09,-1.5000986E-01
9.24947E-09,-1.4995715E-01
9.29947E-09,-1.4990444E-01
9.34947E-09,-1.4985173E-01
9.39947E-09,-1.4979903E-01
9.44947E-09,-1.4974632E-01
9.49947E-09,-1.4969361E-01
9.54947E-09,-1.4964090E-01
9.59947E-09,-1.4964090E-01
9.64947E-09,-1.4958819E-01
9.69947E-09,-1.4953548E-01
9.74947E-09,-1.4953548E-01
9.79947E-09,-1.4953548E-01
9.84947E-09,-1.4948277E-01
9.89947E-09,-1.4948277E-01
9.94947E-09,-1.4948277E-01
9.99947E-09,-1.4948277E-01
1.004947E-08,-1.4948277E-01
1.009947E-08,-1.4953548E-01
1.014947E-08,-1.4953548E-01
1.019947E-08,-1.4953548E-01
1.024947E-08,-1.4958819E-01
1.029947E-08,-1.4958819E-01
1.034947E-08,-1.4964090E-01
1.039947E-08,-1.4969361E-01
1.044947E-08,-1.4969361E-01
1.049947E-08,-1.4974632E-01
1.054947E-08,-1.4974632E-01
1.059947E-08,-1.4979903E-01
1.064947E-08,-1.4985173E-01
1.069947E-08,-1.4985173E-01
1.074947E-08,-1.4985173E-01
1.079947E-08,-1.4990444E-01
1.084947E-08,-1.4990444E-01
1.089947E-08,-1.4990444E-01
1.094947E-08,-1.4990444E-01
1.099947E-08,-1.4985173E-01
1.104947E-08,-1.4985173E-01
1.109947E-08,-1.4985173E-01
1.114947E-08,-1.4979903E-01
1.119947E-08,-1.4979903E-01
1.124947E-08,-1.4974632E-01
1.129947E-08,-1.4969361E-01
1.134947E-08,-1.4964090E-01
1.139947E-08,-1.4964090E-01
1.144947E-08,-1.4958819E-01
1.149947E-08,-1.4953548E-01
1.154947E-08,-1.4948277E-01
1.159947E-08,-1.4948277E-01
1.164947E-08,-1.4943006E-01
1.169947E-08,-1.4943006E-01
1.174947E-08,-1.4943006E-01
1.179947E-08,-1.4943006E-01
1.184947E-08,-1.4943006E-01
1.189947E-08,-1.4943006E-01
1.194947E-08,-1.4943006E-01
1.199947E-08,-1.4948277E-01
1.204947E-08,-1.4948277E-01
1.209947E-08,-1.4953548E-01
1.214947E-08,-1.4958819E-01
1.219947E-08,-1.4964090E-01
1.224947E-08,-1.4969361E-01
1.229947E-08,-1.4974632E-01
1.234947E-08,-1.4979903E-01
1.239947E-08,-1.4990444E-01
1.244947E-08,-1.4995715E-01
1.249947E-08,-1.5000986E-01
1.254947E-08,-1.5006257E-01
1.259947E-08,-1.5011528E-01
1.264947E-08,-1.5016799E-01
1.269947E-08,-1.5022070E-01
1.274947E-08,-1.5022070E-01
1.279947E-08,-1.5027341E-01
1.284947E-08,-1.5027341E-01
1.289947E-08,-1.5027341E-01
1.294947E-08,-1.5027341E-01
1.299947E-08,-1.5027341E-01
1.304947E-08,-1.5022070E-01
1.309947E-08,-1.5016799E-01
1.314947E-08,-1.5011528E-01
1.319947E-08,-1.5006257E-01
1.324947E-08,-1.5000986E-01
1.329947E-08,-1.4995715E-01
1.334947E-08,-1.4990444E-01
1.339947E-08,-1.4985173E-01
1.344947E-08,-1.4974632E-01
1.349947E-08,-1.4969361E-01
1.354947E-08,-1.4964090E-01
1.359947E-08,-1.4958819E-01
1.364947E-08,-1.4953548E-01
1.369947E-08,-1.4948277E-01
1.374947E-08,-1.4943006E-01
1.379947E-08,-1.4943006E-01
1.384947E-08,-1.4943006E-01
1.389947E-08,-1.4943006E-01
1.394947E-08,-1.4948277E-01
1.399947E-08,-1.4948277E-01
1.404947E-08,-1.4953548E-01
1.409947E-08,-1.4958819E-01
1.414947E-08,-1.4969361E-01
1.419947E-08,-1.4974632E-01
1.424947E-08,-1.4985173E-01
1.429947E-08,-1.4995715E-01
1.434947E-08,-1.5006257E-01
1.439947E-08,-1.5016799E-01
1.444947E-08,-1.5027341E-01
1.449947E-08,-1.5032612E-01
1.454947E-08,-1.5043153E-01
1.459947E-08,-1.5053695E-01
1.464947E-08,-1.5064237E-01
1.469947E-08,-1.5069508E-01
1.474947E-08,-1.5080050E-01
1.479947E-08,-1.5085321E-01
1.484947E-08,-1.5090592E-01
1.489947E-08,-1.5090592E-01
1.494947E-08,-1.5090592E-01
1.499947E-08,-1.5090592E-01
1.504947E-08,-1.5090592E-01
1.509947E-08,-1.5090592E-01
1.514947E-08,-1.5085321E-01
1.519947E-08,-1.5080050E-01
1.524947E-08,-1.5074779E-01
1.529947E-08,-1.5064237E-01
1.534947E-08,-1.5058966E-01
1.539947E-08,-1.5053695E-01
1.544947E-08,-1.5043153E-01
1.549947E-08,-1.5037883E-01
1.554947E-08,-1.5027341E-01
1.559947E-08,-1.5022070E-01
1.564947E-08,-1.5016799E-01
1.569947E-08,-1.5011528E-01
1.574947E-08,-1.5006257E-01
1.579947E-08,-1.5000986E-01
1.584947E-08,-1.5000986E-01
1.589947E-08,-1.5000986E-01
1.594947E-08,-1.5000986E-01
1.599947E-08,-1.5000986E-01
1.604947E-08,-1.5006257E-01
1.609947E-08,-1.5011528E-01
1.614947E-08,-1.5016799E-01
1.619947E-08,-1.5027341E-01
1.624947E-08,-1.5032612E-01
1.629947E-08,-1.5043153E-01
1.634947E-08,-1.5048424E-01
1.639947E-08,-1.5058966E-01
1.644947E-08,-1.5064237E-01
1.649947E-08,-1.5074779E-01
1.654947E-08,-1.5080050E-01
1.659947E-08,-1.5085321E-01
1.664947E-08,-1.5090592E-01
1.669947E-08,-1.5095862E-01
1.674947E-08,-1.5095862E-01
1.679947E-08,-1.5095862E-01
1.684947E-08,-1.5090592E-01
1.689947E-08,-1.5090592E-01
1.694947E-08,-1.5080050E-01
1.699947E-08,-1.5074779E-01
1.704947E-08,-1.5064237E-01
1.709947E-08,-1.5053695E-01
1.714947E-08,-1.5037883E-01
1.719947E-08,-1.5027341E-01
1.724947E-08,-1.5011528E-01
1.729947E-08,-1.4995715E-01
1.734947E-08,-1.4979903E-01
1.739947E-08,-1.4964090E-01
1.744947E-08,-1.4948277E-01
1.749947E-08,-1.4932464E-01
1.754947E-08,-1.4916652E-01
1.759947E-08,-1.4906110E-01
1.764947E-08,-1.4895568E-01
1.769947E-08,-1.4890297E-01
1.774947E-08,-1.4885026E-01
1.779947E-08,-1.4879755E-01
1.784947E-08,-1.4879755E-01
1.789947E-08,-1.4885026E-01
1.794947E-08,-1.4890297E-01
1.799947E-08,-1.4895568E-01
1.804947E-08,-1.4906110E-01
1.809947E-08,-1.4916652E-01
1.814947E-08,-1.4932464E-01
1.819947E-08,-1.4948277E-01
1.824947E-08,-1.4964090E-01
1.829947E-08,-1.4985173E-01
1.834947E-08,-1.5000986E-01
1.839947E-08,-1.5022070E-01
1.844947E-08,-1.5037883E-01
1.849947E-08,-1.5053695E-01
1.854947E-08,-1.5069508E-01
1.859947E-08,-1.5085321E-01
1.864947E-08,-1.5095862E-01
1.869947E-08,-1.5106404E-01
1.874947E-08,-1.5111675E-01
1.879947E-08,-1.5116946E-01
1.884947E-08,-1.5116946E-01
1.889947E-08,-1.5111675E-01
1.894947E-08,-1.5106404E-01
1.899947E-08,-1.5095862E-01
1.904947E-08,-1.5085321E-01
1.909947E-08,-1.5069508E-01
1.914947E-08,-1.5053695E-01
1.919947E-08,-1.5037883E-01
1.924947E-08,-1.5016799E-01
1.929947E-08,-1.4995715E-01
1.934947E-08,-1.4969361E-01
1.939947E-08,-1.4948277E-01
1.944947E-08,-1.4927194E-01
1.949947E-08,-1.4906110E-01
1.954947E-08,-1.4890297E-01
1.959947E-08,-1.4874485E-01
1.964947E-08,-1.4858672E-01
1.969947E-08,-1.4848130E-01
1.974947E-08,-1.4842859E-01
1.979947E-08,-1.4837588E-01
1.984947E-08,-1.4837588E-01
1.989947E-08,-1.4842859E-01
1.994947E-08,-1.4853401E-01
1.999947E-08,-1.4863943E-01
2.004947E-08,-1.4879755E-01
2.009947E-08,-1.4900839E-01
2.014947E-08,-1.4921923E-01
2.019947E-08,-1.4948277E-01
2.024947E-08,-1.4969361E-01
2.029947E-08,-1.5000986E-01
2.034947E-08,-1.5027341E-01
2.039947E-08,-1.5053695E-01
2.044947E-08,-1.5085321E-01
2.049947E-08,-1.5111675E-01
2.054947E-08,-1.5132759E-01
2.059947E-08,-1.5153842E-01
2.064947E-08,-1.5169655E-01
2.069947E-08,-1.5185468E-01
2.074947E-08,-1.5196010E-01
2.079947E-08,-1.5201280E-01
2.084947E-08,-1.5201280E-01
2.089947E-08,-1.5196010E-01
2.094947E-08,-1.5185468E-01
2.099947E-08,-1.5174926E-01
2.104947E-08,-1.5153842E-01
2.109947E-08,-1.5132759E-01
2.114947E-08,-1.5106404E-01
2.119947E-08,-1.5080050E-01
2.124947E-08,-1.5048424E-01
2.129947E-08,-1.5011528E-01
2.134947E-08,-1.4979903E-01
2.139947E-08,-1.4948277E-01
2.144947E-08,-1.4911381E-01
2.149947E-08,-1.4885026E-01
2.154947E-08,-1.4853401E-01
2.159947E-08,-1.4827046E-01
2.164947E-08,-1.4805963E-01
2.169947E-08,-1.4790150E-01
2.174947E-08,-1.4779608E-01
2.179947E-08,-1.4774337E-01
2.184947E-08,-1.4774337E-01
2.189947E-08,-1.4779608E-01
2.194947E-08,-1.4790150E-01
2.199947E-08,-1.4811234E-01
2.204947E-08,-1.4832317E-01
2.209947E-08,-1.4858672E-01
2.214947E-08,-1.4890297E-01
2.219947E-08,-1.4921923E-01
2.224947E-08,-1.4958819E-01
2.229947E-08,-1.5000986E-01
2.234947E-08,-1.5037883E-01
2.239947E-08,-1.5080050E-01
2.244947E-08,-1.5116946E-01
2.249947E-08,-1.5153842E-01
2.254947E-08,-1.5185468E-01
2.259947E-08,-1.5211822E-01
2.264947E-08,-1.5232906E-01
2.269947E-08,-1.5248719E-01
2.274947E-08,-1.5259260E-01
2.279947E-08,-1.5259260E-01
2.284947E-08,-1.5253989E-01
2.289947E-08,-1.5243448E-01
2.294947E-08,-1.5227635E-01
2.299947E-08,-1.5201280E-01
2.304947E-08,-1.5169655E-01
2.309947E-08,-1.5127488E-01
2.314947E-08,-1.5085321E-01
2.319947E-08,-1.5037883E-01
2.324947E-08,-1.4990444E-01
2.329947E-08,-1.4937735E-01
2.334947E-08,-1.4890297E-01
2.339947E-08,-1.4837588E-01
2.344947E-08,-1.4790150E-01
2.349947E-08,-1.4747983E-01
2.354947E-08,-1.4711087E-01
2.359947E-08,-1.4679461E-01
2.364947E-08,-1.4653107E-01
2.369947E-08,-1.4637294E-01
2.374947E-08,-1.4626752E-01
2.379947E-08,-1.4632023E-01
2.384947E-08,-1.4642565E-01
2.389947E-08,-1.4663649E-01
2.394947E-08,-1.4695274E-01
2.399947E-08,-1.4732170E-01
2.404947E-08,-1.4784879E-01
2.409947E-08,-1.4837588E-01
2.414947E-08,-1.4900839E-01
2.419947E-08,-1.4969361E-01
2.424947E-08,-1.5037883E-01
2.429947E-08,-1.5111675E-01
2.434947E-08,-1.5180197E-01
2.439947E-08,-1.5248719E-01
2.444947E-08,-1.5317240E-01
2.449947E-08,-1.5375220E-01
2.454947E-08,-1.5427929E-01
2.459947E-08,-1.5470096E-01
2.464947E-08,-1.5501722E-01
2.469947E-08,-1.5522805E-01
2.474947E-08,-1.5528076E-01
2.479947E-08,-1.5522805E-01
2.484947E-08,-1.5501722E-01
2.489947E-08,-1.5464826E-01
2.494947E-08,-1.5412117E-01
2.499947E-08,-1.5348866E-01
2.504947E-08,-1.5269802E-01
2.509947E-08,-1.5185468E-01
2.514947E-08,-1.5085321E-01
2.519947E-08,-1.4985173E-01
2.524947E-08,-1.4874485E-01
2.529947E-08,-1.4763796E-01
2.534947E-08,-1.4653107E-01
2.539947E-08,-1.4547689E-01
2.544947E-08,-1.4447542E-01
2.549947E-08,-1.4352665E-01
2.554947E-08,-1.4278873E-01
2.559947E-08,-1.4215622E-01
2.564947E-08,-1.4168184E-01
2.569947E-08,-1.4141829E-01
2.574947E-08,-1.4136558E-01
2.579947E-08,-1.4157642E-01
2.584947E-08,-1.4199809E-01
2.589947E-08,-1.4263060E-01
2.594947E-08,-1.4352665E-01
2.599947E-08,-1.4463354E-01
2.604947E-08,-1.4600398E-01
2.609947E-08,-1.4747983E-01
2.614947E-08,-1.4916652E-01
2.619947E-08,-1.5095862E-01
2.624947E-08,-1.5285615E-01
2.629947E-08,-1.5475367E-01
2.634947E-08,-1.5670391E-01
2.639947E-08,-1.5854872E-01
2.644947E-08,-1.6023541E-01
2.649947E-08,-1.6176397E-01
2.654947E-08,-1.6302899E-01
2.659947E-08,-1.6403046E-01
2.664947E-08,-1.6461026E-01
2.669947E-08,-1.6476839E-01
2.674947E-08,-1.6445213E-01
2.679947E-08,-1.6360879E-01
2.684947E-08,-1.6213294E-01
2.689947E-08,-1.6007728E-01
2.694947E-08,-1.5733641E-01
2.699947E-08,-1.5385762E-01
2.704947E-08,-1.4969361E-01
2.709947E-08,-1.4479167E-01
2.714947E-08,-1.3920451E-01
2.719947E-08,-1.3282672E-01
2.724947E-08,-1.2576372E-01
2.729947E-08,-1.1801549E-01
2.734947E-08,-1.0968747E-01
2.739947E-08,-1.0067422E-01
2.744947E-08,-9.113389E-02
2.749947E-08,-8.111918E-02
2.754947E-08,-7.068280E-02
2.759947E-08,-5.987745E-02
2.764947E-08,-4.875585E-02
2.769947E-08,-3.747612E-02
2.774947E-08,-2.609097E-02
2.779947E-08,-1.465311E-02
2.784947E-08,-3.26797E-03
2.789947E-08,8.01176E-03
2.794947E-08,1.902795E-02
2.799947E-08,2.978058E-02
2.804947E-08,4.016426E-02
2.809947E-08,5.012626E-02
2.814947E-08,5.956118E-02
2.819947E-08,6.852171E-02
2.824947E-08,7.684973E-02
2.829947E-08,8.454525E-02
2.834947E-08,9.160826E-02
2.839947E-08,9.803876E-02
2.844947E-08,1.0373133E-01
2.849947E-08,1.0879140E-01
2.854947E-08,1.1316624E-01
2.859947E-08,1.1685588E-01
2.864947E-08,1.1991300E-01
2.869947E-08,1.2244303E-01
2.874947E-08,1.2434056E-01
2.879947E-08,1.2571099E-01
2.884947E-08,1.2660704E-01
2.889947E-08,1.2713413E-01
2.894947E-08,1.2723955E-01
2.899947E-08,1.2702872E-01
2.904947E-08,1.2655433E-01
2.909947E-08,1.2586912E-01
2.914947E-08,1.2502577E-01
2.919947E-08,1.2407701E-01
2.924947E-08,1.2307554E-01
2.929947E-08,1.2207407E-01
2.934947E-08,1.2107260E-01
2.939947E-08,1.2017654E-01
2.944947E-08,1.1933320E-01
2.949947E-08,1.1859527E-01
2.954947E-08,1.1801547E-01
2.959947E-08,1.1759380E-01
2.964947E-08,1.1733026E-01
2.969947E-08,1.1717213E-01
2.974947E-08,1.1722484E-01
2.979947E-08,1.1738297E-01
2.984947E-08,1.1769922E-01
2.989947E-08,1.1812089E-01
2.994947E-08,1.1864798E-01
2.999947E-08,1.1928049E-01
3.004947E-08,1.1996571E-01
3.009947E-08,1.2070363E-01
3.014947E-08,1.2144156E-01
3.019947E-08,1.2212678E-01
3.024947E-08,1.2286470E-01
3.029947E-08,1.2349721E-01
3.034947E-08,1.2407701E-01
3.039947E-08,1.2460410E-01
3.044947E-08,1.2502577E-01
3.049947E-08,1.2534203E-01
3.054947E-08,1.2555286E-01
3.059947E-08,1.2560557E-01
3.064947E-08,1.2555286E-01
3.069947E-08,1.2539474E-01
3.074947E-08,1.2513119E-01
3.079947E-08,1.2476223E-01
3.084947E-08,1.2428785E-01
3.089947E-08,1.2376076E-01
3.094947E-08,1.2318096E-01
3.099947E-08,1.2249574E-01
3.104947E-08,1.2181052E-01
3.109947E-08,1.2107260E-01
3.114947E-08,1.2038738E-01
3.119947E-08,1.1970216E-01
3.124947E-08,1.1901695E-01
3.129947E-08,1.1838444E-01
3.134947E-08,1.1780464E-01
3.139947E-08,1.1733026E-01
3.144947E-08,1.1690858E-01
3.149947E-08,1.1659233E-01
3.154947E-08,1.1632879E-01
3.159947E-08,1.1617066E-01
3.164947E-08,1.1611795E-01
3.169947E-08,1.1611795E-01
3.174947E-08,1.1622337E-01
3.179947E-08,1.1638149E-01
3.184947E-08,1.1664504E-01
3.189947E-08,1.1690858E-01
3.194947E-08,1.1727755E-01
3.199947E-08,1.1764651E-01
3.204947E-08,1.1801547E-01
3.209947E-08,1.1838444E-01
3.214947E-08,1.1880611E-01
3.219947E-08,1.1917507E-01
3.224947E-08,1.1949133E-01
3.229947E-08,1.1980758E-01
3.234947E-08,1.2007113E-01
3.239947E-08,1.2022925E-01
3.244947E-08,1.2038738E-01
3.249947E-08,1.2044009E-01
3.254947E-08,1.2038738E-01
3.259947E-08,1.2033467E-01
3.264947E-08,1.2017654E-01
3.269947E-08,1.1996571E-01
3.274947E-08,1.1964945E-01
3.279947E-08,1.1933320E-01
3.284947E-08,1.1891153E-01
3.289947E-08,1.1848985E-01
3.294947E-08,1.1801547E-01
3.299947E-08,1.1754109E-01
3.304947E-08,1.1706671E-01
3.309947E-08,1.1653962E-01
3.314947E-08,1.1606524E-01
3.319947E-08,1.1559086E-01
3.324947E-08,1.1511648E-01
3.329947E-08,1.1469481E-01
3.334947E-08,1.1432584E-01
3.339947E-08,1.1395688E-01
3.344947E-08,1.1369333E-01
3.349947E-08,1.1342979E-01
3.354947E-08,1.1327166E-01
3.359947E-08,1.1311354E-01
3.364947E-08,1.1300812E-01
3.369947E-08,1.1300812E-01
3.374947E-08,1.1300812E-01
3.379947E-08,1.1300812E-01
3.384947E-08,1.1311354E-01
3.389947E-08,1.1316624E-01
3.394947E-08,1.1332437E-01
3.399947E-08,1.1342979E-01
3.404947E-08,1.1353521E-01
3.409947E-08,1.1369333E-01
3.414947E-08,1.1379875E-01
3.419947E-08,1.1385146E-01
3.424947E-08,1.1395688E-01
3.429947E-08,1.1395688E-01
3.434947E-08,1.1395688E-01
3.439947E-08,1.1395688E-01
3.444947E-08,1.1390417E-01
3.449947E-08,1.1379875E-01
3.454947E-08,1.1364063E-01
3.459947E-08,1.1348250E-01
3.464947E-08,1.1327166E-01
3.469947E-08,1.1300812E-01
3.474947E-08,1.1274457E-01
3.479947E-08,1.1248103E-01
3.484947E-08,1.1216477E-01
3.489947E-08,1.1184852E-01
3.494947E-08,1.1153227E-01
3.499947E-08,1.1121601E-01
3.504947E-08,1.1089976E-01
3.509947E-08,1.1058350E-01
3.514947E-08,1.1031996E-01
3.519947E-08,1.1005641E-01
3.524947E-08,1.0984558E-01
3.529947E-08,1.0963474E-01
3.534947E-08,1.0942390E-01
3.539947E-08,1.0926578E-01
3.544947E-08,1.0916036E-01
3.549947E-08,1.0905494E-01
3.554947E-08,1.0900223E-01
3.559947E-08,1.0894952E-01
3.564947E-08,1.0894952E-01
3.569947E-08,1.0894952E-01
3.574947E-08,1.0894952E-01
3.579947E-08,1.0900223E-01
3.584947E-08,1.0905494E-01
3.589947E-08,1.0905494E-01
3.594947E-08,1.0910765E-01
3.599947E-08,1.0910765E-01
3.604947E-08,1.0910765E-01
3.609947E-08,1.0910765E-01
3.614947E-08,1.0905494E-01
3.619947E-08,1.0905494E-01
3.624947E-08,1.0900223E-01
3.629947E-08,1.0889681E-01
3.634947E-08,1.0884411E-01
3.639947E-08,1.0873869E-01
3.644947E-08,1.0858056E-01
3.649947E-08,1.0847514E-01
3.654947E-08,1.0831702E-01
3.659947E-08,1.0821160E-01
3.664947E-08,1.0810618E-01
3.669947E-08,1.0794805E-01
3.674947E-08,1.0784263E-01
3.679947E-08,1.0778993E-01
3.684947E-08,1.0768451E-01
3.689947E-08,1.0768451E-01
3.694947E-08,1.0763180E-01
3.699947E-08,1.0768451E-01
3.704947E-08,1.0773722E-01
3.709947E-08,1.0784263E-01
3.714947E-08,1.0794805E-01
3.719947E-08,1.0810618E-01
3.724947E-08,1.0831702E-01
3.729947E-08,1.0852785E-01
3.734947E-08,1.0873869E-01
3.739947E-08,1.0900223E-01
3.744947E-08,1.0931849E-01
3.749947E-08,1.0958203E-01
3.754947E-08,1.0989829E-01
3.759947E-08,1.1016183E-01
3.764947E-08,1.1042538E-01
3.769947E-08,1.1068892E-01
3.774947E-08,1.1089976E-01
3.779947E-08,1.1111059E-01
3.784947E-08,1.1126872E-01
3.789947E-08,1.1137414E-01
3.794947E-08,1.1142685E-01
3.799947E-08,1.1147956E-01
3.804947E-08,1.1142685E-01
3.809947E-08,1.1132143E-01
3.814947E-08,1.1121601E-01
3.819947E-08,1.1100517E-01
3.824947E-08,1.1079434E-01
3.829947E-08,1.1053079E-01
3.834947E-08,1.1021454E-01
3.839947E-08,1.0989829E-01
3.844947E-08,1.0952932E-01
3.849947E-08,1.0916036E-01
3.854947E-08,1.0879140E-01
3.859947E-08,1.0842243E-01
3.864947E-08,1.0805347E-01
3.869947E-08,1.0773722E-01
3.874947E-08,1.0742096E-01
3.879947E-08,1.0715742E-01
3.884947E-08,1.0694658E-01
3.889947E-08,1.0673574E-01
3.894947E-08,1.0663033E-01
3.899947E-08,1.0652491E-01
3.904947E-08,1.0652491E-01
3.909947E-08,1.0657762E-01
3.914947E-08,1.0663033E-01
3.919947E-08,1.0678845E-01
3.924947E-08,1.0694658E-01
3.929947E-08,1.0721013E-01
3.934947E-08,1.0742096E-01
3.939947E-08,1.0768451E-01
3.944947E-08,1.0800076E-01
3.949947E-08,1.0826431E-01
3.954947E-08,1.0858056E-01
3.959947E-08,1.0884411E-01
3.964947E-08,1.0905494E-01
3.969947E-08,1.0926578E-01
3.974947E-08,1.0942390E-01
3.979947E-08,1.0952932E-01
3.984947E-08,1.0958203E-01
3.989947E-08,1.0952932E-01
3.994947E-08,1.0947661E-01
3.999947E-08,1.0931849E-01
4.004947E-08,1.0910765E-01
4.009947E-08,1.0879140E-01
4.014947E-08,1.0847514E-01
4.019947E-08,1.0805347E-01
4.024947E-08,1.0763180E-01
4.029947E-08,1.0710471E-01
4.034947E-08,1.0657762E-01
4.039947E-08,1.0605053E-01
4.044947E-08,1.0552344E-01
4.049947E-08,1.0499635E-01
4.054947E-08,1.0446926E-01
4.059947E-08,1.0399488E-01
4.064947E-08,1.0357320E-01
4.069947E-08,1.0315153E-01
4.074947E-08,1.0283528E-01
4.079947E-08,1.0262444E-01
4.084947E-08,1.0246631E-01
4.089947E-08,1.0236090E-01
4.094947E-08,1.0236090E-01
4.099947E-08,1.0246631E-01
4.104947E-08,1.0262444E-01
4.109947E-08,1.0288799E-01
4.114947E-08,1.0320424E-01
4.119947E-08,1.0362591E-01
4.124947E-08,1.0410029E-01
4.129947E-08,1.0457468E-01
4.134947E-08,1.0510177E-01
4.139947E-08,1.0557615E-01
4.144947E-08,1.0610324E-01
4.149947E-08,1.0657762E-01
4.154947E-08,1.0705200E-01
4.159947E-08,1.0742096E-01
4.164947E-08,1.0773722E-01
4.169947E-08,1.0800076E-01
4.174947E-08,1.0810618E-01
4.179947E-08,1.0815889E-01
4.184947E-08,1.0805347E-01
4.189947E-08,1.0784263E-01
4.194947E-08,1.0747367E-01
4.199947E-08,1.0705200E-01
4.204947E-08,1.0647220E-01
4.209947E-08,1.0578698E-01
4.214947E-08,1.0504906E-01
4.219947E-08,1.0420571E-01
4.224947E-08,1.0330966E-01
4.229947E-08,1.0236090E-01
4.234947E-08,1.0141213E-01
4.239947E-08,1.0046337E-01
4.244947E-08,9.951461E-02
4.249947E-08,9.867127E-02
4.254947E-08,9.793334E-02
4.259947E-08,9.730083E-02
4.264947E-08,9.677374E-02
4.269947E-08,9.640478E-02
4.274947E-08,9.624665E-02
4.279947E-08,9.624665E-02
4.284947E-08,9.651020E-02
4.289947E-08,9.693187E-02
4.294947E-08,9.756438E-02
4.299947E-08,9.840772E-02
4.304947E-08,9.946190E-02
4.309947E-08,1.0067421E-01
4.314947E-08,1.0209735E-01
4.319947E-08,1.0362591E-01
4.324947E-08,1.0525989E-01
4.329947E-08,1.0694658E-01
4.334947E-08,1.0863327E-01
4.339947E-08,1.1031996E-01
4.344947E-08,1.1195394E-01
4.349947E-08,1.1342979E-01
4.354947E-08,1.1469481E-01
4.359947E-08,1.1574899E-01
4.364947E-08,1.1648691E-01
4.369947E-08,1.1685588E-01
4.374947E-08,1.1680317E-01
4.379947E-08,1.1627608E-01
4.384947E-08,1.1527461E-01
4.389947E-08,1.1369333E-01
4.394947E-08,1.1153227E-01
4.399947E-08,1.0873869E-01
4.404947E-08,1.0525989E-01
4.409947E-08,1.0114859E-01
4.414947E-08,9.635207E-02
4.419947E-08,9.087033E-02
4.424947E-08,8.470338E-02
4.429947E-08,7.790391E-02
4.434947E-08,7.047194E-02
4.439947E-08,6.246017E-02
4.444947E-08,5.392131E-02
4.449947E-08,4.480265E-02
4.454947E-08,3.531503E-02
4.459947E-08,2.540574E-02
4.464947E-08,1.518019E-02
4.469947E-08,4.69109E-03
4.474947E-08,-5.90342E-03
4.479947E-08,-1.665606E-02
4.484947E-08,-2.740870E-02
4.489947E-08,-3.805592E-02
4.494947E-08,-4.859772E-02
4.499947E-08,-5.887598E-02
4.504947E-08,-6.894340E-02
4.509947E-08,-7.858915E-02
4.514947E-08,-8.786593E-02
4.519947E-08,-9.661563E-02
4.524947E-08,-1.0489095E-01
4.529947E-08,-1.1263917E-01
4.534947E-08,-1.1975489E-01
4.539947E-08,-1.2629081E-01
4.544947E-08,-1.3214151E-01
4.549947E-08,-1.3741241E-01
4.554947E-08,-1.4205080E-01
4.559947E-08,-1.4600398E-01
4.564947E-08,-1.4943006E-01
4.569947E-08,-1.5222364E-01
4.574947E-08,-1.5443742E-01
4.579947E-08,-1.5617682E-01
4.584947E-08,-1.5744183E-01
4.589947E-08,-1.5823247E-01
4.594947E-08,-1.5865414E-01
4.599947E-08,-1.5875956E-01
4.604947E-08,-1.5854872E-01
4.609947E-08,-1.5812705E-01
4.614947E-08,-1.5754725E-01
4.619947E-08,-1.5680932E-01
4.624947E-08,-1.5596598E-01
4.629947E-08,-1.5512264E-01
4.634947E-08,-1.5427929E-01
4.639947E-08,-1.5343595E-01
4.644947E-08,-1.5269802E-01
4.649947E-08,-1.5201280E-01
4.654947E-08,-1.5148571E-01
4.659947E-08,-1.5106404E-01
4.664947E-08,-1.5080050E-01
4.669947E-08,-1.5069508E-01
4.674947E-08,-1.5074779E-01
4.679947E-08,-1.5090592E-01
4.684947E-08,-1.5122217E-01
4.689947E-08,-1.5169655E-01
4.694947E-08,-1.5222364E-01
4.699947E-08,-1.5285615E-01
4.704947E-08,-1.5359407E-01
4.709947E-08,-1.5433200E-01
4.714947E-08,-1.5512264E-01
4.719947E-08,-1.5591327E-01
4.724947E-08,-1.5665120E-01
4.729947E-08,-1.5738912E-01
4.734947E-08,-1.5802163E-01
4.739947E-08,-1.5860143E-01
4.744947E-08,-1.5907581E-01
4.749947E-08,-1.5944478E-01
4.754947E-08,-1.5965561E-01
4.759947E-08,-1.5981374E-01
4.764947E-08,-1.5981374E-01
4.769947E-08,-1.5965561E-01
4.774947E-08,-1.5939207E-01
4.779947E-08,-1.5902310E-01
4.784947E-08,-1.5849601E-01
4.789947E-08,-1.5791621E-01
4.794947E-08,-1.5717829E-01
4.799947E-08,-1.5638765E-01
4.804947E-08,-1.5554431E-01
4.809947E-08,-1.5470096E-01
4.814947E-08,-1.5375220E-01
4.819947E-08,-1.5285615E-01
4.824947E-08,-1.5190739E-01
4.829947E-08,-1.5101133E-01
4.834947E-08,-1.5011528E-01
4.839947E-08,-1.4932464E-01
4.844947E-08,-1.4858672E-01
4.849947E-08,-1.4790150E-01
4.854947E-08,-1.4726899E-01
4.859947E-08,-1.4679461E-01
4.864947E-08,-1.4637294E-01
4.869947E-08,-1.4605669E-01
4.874947E-08,-1.4584585E-01
4.879947E-08,-1.4568772E-01
4.884947E-08,-1.4568772E-01
4.889947E-08,-1.4568772E-01
4.894947E-08,-1.4584585E-01
4.899947E-08,-1.4600398E-01
4.904947E-08,-1.4621481E-01
4.909947E-08,-1.4647836E-01
4.914947E-08,-1.4679461E-01
4.919947E-08,-1.4711087E-01
4.924947E-08,-1.4742712E-01
4.929947E-08,-1.4774337E-01
4.934947E-08,-1.4800692E-01
4.939947E-08,-1.4827046E-01
4.944947E-08,-1.4848130E-01
4.949947E-08,-1.4863943E-01
4.954947E-08,-1.4874485E-01
4.959947E-08,-1.4879755E-01
4.964947E-08,-1.4879755E-01
4.969947E-08,-1.4874485E-01
4.974947E-08,-1.4863943E-01
4.979947E-08,-1.4842859E-01
4.984947E-08,-1.4816505E-01
4.989947E-08,-1.4790150E-01
4.994947E-08,-1.4753254E-01
4.999947E-08,-1.4716358E-01
5.004947E-08,-1.4679461E-01
5.009947E-08,-1.4637294E-01
5.014947E-08,-1.4589856E-01
5.019947E-08,-1.4547689E-01
5.024947E-08,-1.4505521E-01
5.029947E-08,-1.4463354E-01
5.034947E-08,-1.4426458E-01
5.039947E-08,-1.4389562E-01
5.044947E-08,-1.4357936E-01
5.049947E-08,-1.4331582E-01
5.054947E-08,-1.4310498E-01
5.059947E-08,-1.4294685E-01
5.064947E-08,-1.4284144E-01
5.069947E-08,-1.4278873E-01
5.074947E-08,-1.4278873E-01
5.079947E-08,-1.4278873E-01
5.084947E-08,-1.4289415E-01
5.089947E-08,-1.4305227E-01
5.094947E-08,-1.4321040E-01
5.099947E-08,-1.4342124E-01
5.104947E-08,-1.4363207E-01
5.109947E-08,-1.4389562E-01
5.114947E-08,-1.4415916E-01
5.119947E-08,-1.4442271E-01
5.124947E-08,-1.4463354E-01
5.129947E-08,-1.4489709E-01
5.134947E-08,-1.4510792E-01
5.139947E-08,-1.4526605E-01
5.144947E-08,-1.4542418E-01
5.149947E-08,-1.4552960E-01
5.154947E-08,-1.4563501E-01
5.159947E-08,-1.4563501E-01
5.164947E-08,-1.4563501E-01
5.169947E-08,-1.4558230E-01
5.174947E-08,-1.4547689E-01
5.179947E-08,-1.4531876E-01
5.184947E-08,-1.4516063E-01
5.189947E-08,-1.4494980E-01
5.194947E-08,-1.4468625E-01
5.199947E-08,-1.4442271E-01
5.204947E-08,-1.4410645E-01
5.209947E-08,-1.4384291E-01
5.214947E-08,-1.4352665E-01
5.219947E-08,-1.4321040E-01
5.224947E-08,-1.4289415E-01
5.229947E-08,-1.4263060E-01
5.234947E-08,-1.4236705E-01
5.239947E-08,-1.4210351E-01
5.244947E-08,-1.4189267E-01
5.249947E-08,-1.4168184E-01
5.254947E-08,-1.4157642E-01
5.259947E-08,-1.4141829E-01
5.264947E-08,-1.4136558E-01
5.269947E-08,-1.4131287E-01
5.274947E-08,-1.4136558E-01
5.279947E-08,-1.4136558E-01
5.284947E-08,-1.4147100E-01
5.289947E-08,-1.4157642E-01
5.294947E-08,-1.4173455E-01
5.299947E-08,-1.4189267E-01
5.304947E-08,-1.4205080E-01
5.309947E-08,-1.4226164E-01
5.314947E-08,-1.4247247E-01
5.319947E-08,-1.4273602E-01
5.324947E-08,-1.4294685E-01
5.329947E-08,-1.4315769E-01
5.334947E-08,-1.4336853E-01
5.339947E-08,-1.4357936E-01
5.344947E-08,-1.4379020E-01
5.349947E-08,-1.4394833E-01
5.354947E-08,-1.4410645E-01
5.359947E-08,-1.4426458E-01
5.364947E-08,-1.4437000E-01
5.369947E-08,-1.4447542E-01
5.374947E-08,-1.4452812E-01
5.379947E-08,-1.4458083E-01
5.384947E-08,-1.4463354E-01
5.389947E-08,-1.4468625E-01
5.394947E-08,-1.4468625E-01
5.399947E-08,-1.4468625E-01
5.404947E-08,-1.4468625E-01
5.409947E-08,-1.4468625E-01
5.414947E-08,-1.4468625E-01
5.419947E-08,-1.4468625E-01
5.424947E-08,-1.4468625E-01
5.429947E-08,-1.4473896E-01
5.434947E-08,-1.4479167E-01
5.439947E-08,-1.4484438E-01
5.444947E-08,-1.4489709E-01
5.449947E-08,-1.4500251E-01
5.454947E-08,-1.4510792E-01
5.459947E-08,-1.4526605E-01
5.464947E-08,-1.4542418E-01
5.469947E-08,-1.4558230E-01
5.474947E-08,-1.4579314E-01
5.479947E-08,-1.4600398E-01
5.484947E-08,-1.4621481E-01
5.489947E-08,-1.4642565E-01
5.494947E-08,-1.4668919E-01
5.499947E-08,-1.4695274E-01
5.504947E-08,-1.4716358E-01
5.509947E-08,-1.4742712E-01
5.514947E-08,-1.4763796E-01
5.519947E-08,-1.4790150E-01
5.524947E-08,-1.4811234E-01
5.529947E-08,-1.4832317E-01
5.534947E-08,-1.4848130E-01
5.539947E-08,-1.4863943E-01
5.544947E-08,-1.4879755E-01
5.549947E-08,-1.4890297E-01
5.554947E-08,-1.4900839E-01
5.559947E-08,-1.4906110E-01
5.564947E-08,-1.4911381E-01
5.569947E-08,-1.4911381E-01
5.574947E-08,-1.4916652E-01
5.579947E-08,-1.4911381E-01
5.584947E-08,-1.4911381E-01
5.589947E-08,-1.4906110E-01
5.594947E-08,-1.4906110E-01
5.599947E-08,-1.4900839E-01
5.604947E-08,-1.4895568E-01
5.609947E-08,-1.4890297E-01
5.614947E-08,-1.4885026E-01
5.619947E-08,-1.4885026E-01
5.624947E-08,-1.4885026E-01
5.629947E-08,-1.4885026E-01
5.634947E-08,-1.4885026E-01
5.639947E-08,-1.4890297E-01
5.644947E-08,-1.4895568E-01
5.649947E-08,-1.4900839E-01
5.654947E-08,-1.4911381E-01
5.659947E-08,-1.4921923E-01
5.664947E-08,-1.4937735E-01
5.669947E-08,-1.4953548E-01
5.674947E-08,-1.4969361E-01
5.679947E-08,-1.4985173E-01
5.684947E-08,-1.5006257E-01
5.689947E-08,-1.5027341E-01
5.694947E-08,-1.5043153E-01
5.699947E-08,-1.5064237E-01
5.704947E-08,-1.5085321E-01
5.709947E-08,-1.5101133E-01
5.714947E-08,-1.5122217E-01
5.719947E-08,-1.5132759E-01
5.724947E-08,-1.5148571E-01
5.729947E-08,-1.5159113E-01
5.734947E-08,-1.5169655E-01
5.739947E-08,-1.5174926E-01
5.744947E-08,-1.5180197E-01
5.749947E-08,-1.5180197E-01
5.754947E-08,-1.5174926E-01
5.759947E-08,-1.5169655E-01
5.764947E-08,-1.5159113E-01
5.769947E-08,-1.5148571E-01
5.774947E-08,-1.5132759E-01
5.779947E-08,-1.5116946E-01
5.784947E-08,-1.5101133E-01
5.789947E-08,-1.5080050E-01
5.794947E-08,-1.5053695E-01
5.799947E-08,-1.5032612E-01
5.804947E-08,-1.5006257E-01
5.809947E-08,-1.4985173E-01
5.814947E-08,-1.4958819E-01
5.819947E-08,-1.4937735E-01
5.824947E-08,-1.4911381E-01
5.829947E-08,-1.4890297E-01
5.834947E-08,-1.4869214E-01
5.839947E-08,-1.4853401E-01
5.844947E-08,-1.4837588E-01
5.849947E-08,-1.4821776E-01
5.854947E-08,-1.4811234E-01
5.859947E-08,-1.4800692E-01
5.864947E-08,-1.4790150E-01
5.869947E-08,-1.4784879E-01
5.874947E-08,-1.4784879E-01
5.879947E-08,-1.4784879E-01
5.884947E-08,-1.4784879E-01
5.889947E-08,-1.4790150E-01
5.894947E-08,-1.4795421E-01
5.899947E-08,-1.4800692E-01
5.904947E-08,-1.4811234E-01
5.909947E-08,-1.4816505E-01
5.914947E-08,-1.4827046E-01
5.919947E-08,-1.4832317E-01
5.924947E-08,-1.4842859E-01
5.929947E-08,-1.4853401E-01
5.934947E-08,-1.4858672E-01
5.939947E-08,-1.4863943E-01
5.944947E-08,-1.4869214E-01
5.949947E-08,-1.4874485E-01
5.954947E-08,-1.4874485E-01
5.959947E-08,-1.4874485E-01
5.964947E-08,-1.4874485E-01
5.969947E-08,-1.4874485E-01
5.974947E-08,-1.4869214E-01
5.979947E-08,-1.4863943E-01
5.984947E-08,-1.4858672E-01
5.989947E-08,-1.4848130E-01
5.994947E-08,-1.4837588E-01
5.999947E-08,-1.4827046E-01
6.004947E-08,-1.4821776E-01
6.009947E-08,-1.4811234E-01
6.014947E-08,-1.4800692E-01
6.019947E-08,-1.4790150E-01
6.024947E-08,-1.4779608E-01
6.029947E-08,-1.4769067E-01
6.034947E-08,-1.4763796E-01
6.039947E-08,-1.4758525E-01
6.044947E-08,-1.4753254E-01
6.049947E-08,-1.4753254E-01
6.054947E-08,-1.4753254E-01
6.059947E-08,-1.4753254E-01
6.064947E-08,-1.4753254E-01
6.069947E-08,-1.4758525E-01
6.074947E-08,-1.4763796E-01
6.079947E-08,-1.4774337E-01
6.084947E-08,-1.4784879E-01
6.089947E-08,-1.4795421E-01
6.094947E-08,-1.4811234E-01
6.099947E-08,-1.4821776E-01
6.104947E-08,-1.4837588E-01
6.109947E-08,-1.4853401E-01
6.114947E-08,-1.4869214E-01
6.119947E-08,-1.4885026E-01
6.124947E-08,-1.4900839E-01
6.129947E-08,-1.4916652E-01
6.134947E-08,-1.4927194E-01
6.139947E-08,-1.4943006E-01
6.144947E-08,-1.4953548E-01
6.149947E-08,-1.4969361E-01
6.154947E-08,-1.4974632E-01
6.159947E-08,-1.4985173E-01
6.164947E-08,-1.4990444E-01
6.169947E-08,-1.4995715E-01
6.174947E-08,-1.5000986E-01
6.179947E-08,-1.5000986E-01
6.184947E-08,-1.5006257E-01
6.189947E-08,-1.5006257E-01
6.194947E-08,-1.5000986E-01
6.199947E-08,-1.5000986E-01
6.204947E-08,-1.4995715E-01
6.209947E-08,-1.4990444E-01
6.214947E-08,-1.4985173E-01
6.219947E-08,-1.4979903E-01
6.224947E-08,-1.4979903E-01
6.229947E-08,-1.4974632E-01
6.234947E-08,-1.4969361E-01
6.239947E-08,-1.4964090E-01
6.244947E-08,-1.4964090E-01
6.249947E-08,-1.4964090E-01
6.254947E-08,-1.4964090E-01
6.259947E-08,-1.4964090E-01
6.264947E-08,-1.4964090E-01
6.269947E-08,-1.4969361E-01
6.274947E-08,-1.4974632E-01
6.279947E-08,-1.4979903E-01
6.284947E-08,-1.4985173E-01
6.289947E-08,-1.4995715E-01
6.294947E-08,-1.5006257E-01
6.299947E-08,-1.5016799E-01
6.304947E-08,-1.5027341E-01
6.309947E-08,-1.5037883E-01
6.314947E-08,-1.5053695E-01
6.319947E-08,-1.5064237E-01
6.324947E-08,-1.5074779E-01
6.329947E-08,-1.5085321E-01
6.334947E-08,-1.5101133E-01
6.339947E-08,-1.5111675E-01
6.344947E-08,-1.5116946E-01
6.349947E-08,-1.5127488E-01
6.354947E-08,-1.5132759E-01
6.359947E-08,-1.5138030E-01
6.364947E-08,-1.5143301E-01
6.369947E-08,-1.5148571E-01
6.374947E-08,-1.5148571E-01
6.379947E-08,-1.5148571E-01
6.384947E-08,-1.5148571E-01
6.389947E-08,-1.5143301E-01
6.394947E-08,-1.5138030E-01
6.399947E-08,-1.5132759E-01
6.404947E-08,-1.5127488E-01
6.409947E-08,-1.5122217E-01
6.414947E-08,-1.5111675E-01
6.419947E-08,-1.5101133E-01
6.424947E-08,-1.5090592E-01
6.429947E-08,-1.5080050E-01
6.434947E-08,-1.5069508E-01
6.439947E-08,-1.5058966E-01
6.444947E-08,-1.5048424E-01
6.449947E-08,-1.5037883E-01
6.454947E-08,-1.5027341E-01
6.459947E-08,-1.5016799E-01
6.464947E-08,-1.5006257E-01
6.469947E-08,-1.4995715E-01
6.474947E-08,-1.4985173E-01
6.479947E-08,-1.4979903E-01
6.484947E-08,-1.4969361E-01
6.489947E-08,-1.4958819E-01
6.494947E-08,-1.4953548E-01
6.499947E-08,-1.4943006E-01
6.504947E-08,-1.4937735E-01
6.509947E-08,-1.4932464E-01
6.514947E-08,-1.4927194E-01
6.519947E-08,-1.4916652E-01
6.524947E-08,-1.4911381E-01
6.529947E-08,-1.4906110E-01
6.534947E-08,-1.4906110E-01
6.539947E-08,-1.4900839E-01
6.544947E-08,-1.4895568E-01
6.549947E-08,-1.4890297E-01
6.554947E-08,-1.4885026E-01
6.559947E-08,-1.4879755E-01
6.564947E-08,-1.4874485E-01
6.569947E-08,-1.4863943E-01
6.574947E-08,-1.4858672E-01
6.579947E-08,-1.4853401E-01
6.584947E-08,-1.4842859E-01
6.589947E-08,-1.4837588E-01
6.594947E-08,-1.4827046E-01
6.599947E-08,-1.4821776E-01
6.604947E-08,-1.4811234E-01
6.609947E-08,-1.4800692E-01
6.614947E-08,-1.4795421E-01
6.619947E-08,-1.4784879E-01
6.624947E-08,-1.4774337E-01
6.629947E-08,-1.4763796E-01
6.634947E-08,-1.4758525E-01
6.639947E-08,-1.4747983E-01
6.644947E-08,-1.4737441E-01
6.649947E-08,-1.4732170E-01
6.654947E-08,-1.4721628E-01
6.659947E-08,-1.4716358E-01
6.664947E-08,-1.4711087E-01
6.669947E-08,-1.4705816E-01
6.674947E-08,-1.4700545E-01
6.679947E-08,-1.4695274E-01
6.684947E-08,-1.4695274E-01
6.689947E-08,-1.4690003E-01
6.694947E-08,-1.4690003E-01
6.699947E-08,-1.4690003E-01
6.704947E-08,-1.4690003E-01
6.709947E-08,-1.4690003E-01
6.714947E-08,-1.4690003E-01
6.719947E-08,-1.4695274E-01
6.724947E-08,-1.4695274E-01
6.729947E-08,-1.4700545E-01
6.734947E-08,-1.4700545E-01
6.739947E-08,-1.4705816E-01
6.744947E-08,-1.4705816E-01
6.749947E-08,-1.4711087E-01
6.754947E-08,-1.4711087E-01
6.759947E-08,-1.4716358E-01
6.764947E-08,-1.4716358E-01
6.769947E-08,-1.4721628E-01
6.774947E-08,-1.4721628E-01
6.779947E-08,-1.4726899E-01
6.784947E-08,-1.4726899E-01
6.789947E-08,-1.4726899E-01
6.794947E-08,-1.4726899E-01
6.799947E-08,-1.4726899E-01
6.804947E-08,-1.4726899E-01
6.809947E-08,-1.4726899E-01
6.814947E-08,-1.4726899E-01
6.819947E-08,-1.4721628E-01
6.824947E-08,-1.4721628E-01
6.829947E-08,-1.4721628E-01
6.834947E-08,-1.4721628E-01
6.839947E-08,-1.4721628E-01
6.844947E-08,-1.4721628E-01
6.849947E-08,-1.4721628E-01
6.854947E-08,-1.4721628E-01
6.859947E-08,-1.4721628E-01
6.864947E-08,-1.4721628E-01
6.869947E-08,-1.4721628E-01
6.874947E-08,-1.4721628E-01
6.879947E-08,-1.4726899E-01
6.884947E-08,-1.4732170E-01
6.889947E-08,-1.4737441E-01
6.894947E-08,-1.4737441E-01
6.899947E-08,-1.4742712E-01
6.904947E-08,-1.4753254E-01
6.909947E-08,-1.4758525E-01
6.914947E-08,-1.4763796E-01
6.919947E-08,-1.4774337E-01
6.924947E-08,-1.4779608E-01
6.929947E-08,-1.4790150E-01
6.934947E-08,-1.4795421E-01
6.939947E-08,-1.4805963E-01
6.944947E-08,-1.4811234E-01
6.949947E-08,-1.4821776E-01
6.954947E-08,-1.4832317E-01
6.959947E-08,-1.4837588E-01
6.964947E-08,-1.4848130E-01
6.969947E-08,-1.4853401E-01
6.974947E-08,-1.4858672E-01
6.979947E-08,-1.4869214E-01
6.984947E-08,-1.4874485E-01
6.989947E-08,-1.4879755E-01
6.994947E-08,-1.4885026E-01
6.999947E-08,-1.4890297E-01
7.004947E-08,-1.4895568E-01
7.009947E-08,-1.4900839E-01
7.014947E-08,-1.4900839E-01
7.019947E-08,-1.4906110E-01
7.024947E-08,-1.4911381E-01
7.029947E-08,-1.4911381E-01
7.034947E-08,-1.4916652E-01
7.039947E-08,-1.4916652E-01
7.044947E-08,-1.4921923E-01
7.049947E-08,-1.4921923E-01
7.054947E-08,-1.4927194E-01
7.059947E-08,-1.4932464E-01
7.064947E-08,-1.4932464E-01
7.069947E-08,-1.4937735E-01
7.074947E-08,-1.4943006E-01
7.079947E-08,-1.4943006E-01
7.084947E-08,-1.4948277E-01
7.089947E-08,-1.4953548E-01
7.094947E-08,-1.4958819E-01
7.099947E-08,-1.4964090E-01
7.104947E-08,-1.4969361E-01
7.109947E-08,-1.4974632E-01
7.114947E-08,-1.4979903E-01
7.119947E-08,-1.4985173E-01
7.124947E-08,-1.4990444E-01
7.129947E-08,-1.4995715E-01
7.134947E-08,-1.5000986E-01
7.139947E-08,-1.5006257E-01
7.144947E-08,-1.5011528E-01
7.149947E-08,-1.5016799E-01
7.154947E-08,-1.5016799E-01
7.159947E-08,-1.5022070E-01
7.164947E-08,-1.5027341E-01
7.169947E-08,-1.5027341E-01
7.174947E-08,-1.5032612E-01
7.179947E-08,-1.5032612E-01
7.184947E-08,-1.5032612E-01
7.189947E-08,-1.5032612E-01
7.194947E-08,-1.5032612E-01
7.199947E-08,-1.5032612E-01
7.204947E-08,-1.5032612E-01
7.209947E-08,-1.5032612E-01
7.214947E-08,-1.5032612E-01
7.219947E-08,-1.5032612E-01
7.224947E-08,-1.5032612E-01
7.229947E-08,-1.5032612E-01
7.234947E-08,-1.5027341E-01
7.239947E-08,-1.5027341E-01
7.244947E-08,-1.5027341E-01
7.249947E-08,-1.5027341E-01
7.254947E-08,-1.5027341E-01
7.259947E-08,-1.5027341E-01
7.264947E-08,-1.5027341E-01
7.269947E-08,-1.5027341E-01
7.274947E-08,-1.5027341E-01
7.279947E-08,-1.5027341E-01
7.284947E-08,-1.5027341E-01
7.289947E-08,-1.5027341E-01
7.294947E-08,-1.5027341E-01
7.299947E-08,-1.5032612E-01
7.304947E-08,-1.5032612E-01
7.309947E-08,-1.5032612E-01
7.314947E-08,-1.5032612E-01
7.319947E-08,-1.5037883E-01
7.324947E-08,-1.5037883E-01
7.329947E-08,-1.5037883E-01
7.334947E-08,-1.5037883E-01
7.339947E-08,-1.5037883E-01
7.344947E-08,-1.5037883E-01
7.349947E-08,-1.5037883E-01
7.354947E-08,-1.5032612E-01
7.359947E-08,-1.5032612E-01
7.364947E-08,-1.5027341E-01
7.369947E-08,-1.5027341E-01
7.374947E-08,-1.5022070E-01
7.379947E-08,-1.5016799E-01
7.384947E-08,-1.5011528E-01
7.389947E-08,-1.5000986E-01
7.394947E-08,-1.4995715E-01
7.399947E-08,-1.4990444E-01
7.404947E-08,-1.4979903E-01
7.409947E-08,-1.4974632E-01
7.414947E-08,-1.4964090E-01
7.419947E-08,-1.4958819E-01
7.424947E-08,-1.4948277E-01
7.429947E-08,-1.4943006E-01
7.434947E-08,-1.4932464E-01
7.439947E-08,-1.4927194E-01
7.444947E-08,-1.4921923E-01
7.449947E-08,-1.4916652E-01
7.454947E-08,-1.4906110E-01
7.459947E-08,-1.4906110E-01
7.464947E-08,-1.4900839E-01
7.469947E-08,-1.4895568E-01
7.474947E-08,-1.4895568E-01
7.479947E-08,-1.4890297E-01
7.484947E-08,-1.4890297E-01
7.489947E-08,-1.4890297E-01
7.494947E-08,-1.4890297E-01
7.499947E-08,-1.4890297E-01
7.504947E-08,-1.4895568E-01
7.509947E-08,-1.4895568E-01
7.514947E-08,-1.4900839E-01
7.519947E-08,-1.4906110E-01
7.524947E-08,-1.4906110E-01
7.529947E-08,-1.4911381E-01
7.534947E-08,-1.4916652E-01
7.539947E-08,-1.4921923E-01
7.544947E-08,-1.4921923E-01
7.549947E-08,-1.4927194E-01
7.554947E-08,-1.4932464E-01
7.559947E-08,-1.4932464E-01
7.564947E-08,-1.4937735E-01
7.569947E-08,-1.4937735E-01
7.574947E-08,-1.4937735E-01
7.579947E-08,-1.4937735E-01
7.584947E-08,-1.4937735E-01
7.589947E-08,-1.4937735E-01
7.594947E-08,-1.4932464E-01
7.599947E-08,-1.4932464E-01
7.604947E-08,-1.4927194E-01
7.609947E-08,-1.4927194E-01
7.614947E-08,-1.4921923E-01
7.619947E-08,-1.4916652E-01
7.624947E-08,-1.4911381E-01
7.629947E-08,-1.4906110E-01
7.634947E-08,-1.4900839E-01
7.639947E-08,-1.4895568E-01
7.644947E-08,-1.4885026E-01
7.649947E-08,-1.4879755E-01
7.654947E-08,-1.4874485E-01
7.659947E-08,-1.4869214E-01
7.664947E-08,-1.4863943E-01
7.669947E-08,-1.4858672E-01
7.674947E-08,-1.4853401E-01
7.679947E-08,-1.4848130E-01
7.684947E-08,-1.4842859E-01
7.689947E-08,-1.4842859E-01
7.694947E-08,-1.4837588E-01
7.699947E-08,-1.4837588E-01
7.704947E-08,-1.4837588E-01
7.709947E-08,-1.4832317E-01
7.714947E-08,-1.4832317E-01
7.719947E-08,-1.4832317E-01
7.724947E-08,-1.4837588E-01
7.729947E-08,-1.4837588E-01
7.734947E-08,-1.4837588E-01
7.739947E-08,-1.4842859E-01
7.744947E-08,-1.4842859E-01
7.749947E-08,-1.4842859E-01
7.754947E-08,-1.4848130E-01
7.759947E-08,-1.4848130E-01
7.764947E-08,-1.4853401E-01
7.769947E-08,-1.4853401E-01
7.774947E-08,-1.4858672E-01
7.779947E-08,-1.4858672E-01
7.784947E-08,-1.4863943E-01
7.789947E-08,-1.4863943E-01
7.794947E-08,-1.4869214E-01
7.799947E-08,-1.4869214E-01
7.804947E-08,-1.4874485E-01
7.809947E-08,-1.4874485E-01
7.814947E-08,-1.4874485E-01
7.819947E-08,-1.4879755E-01
7.824947E-08,-1.4879755E-01
7.829947E-08,-1.4879755E-01
7.834947E-08,-1.4885026E-01
7.839947E-08,-1.4885026E-01
7.844947E-08,-1.4885026E-01
7.849947E-08,-1.4890297E-01
7.854947E-08,-1.4890297E-01
7.859947E-08,-1.4890297E-01
7.864947E-08,-1.4895568E-01
7.869947E-08,-1.4895568E-01
7.874947E-08,-1.4900839E-01
7.879947E-08,-1.4906110E-01
7.884947E-08,-1.4906110E-01
7.889947E-08,-1.4911381E-01
7.894947E-08,-1.4916652E-01
7.899947E-08,-1.4916652E-01
7.904947E-08,-1.4921923E-01
7.909947E-08,-1.4927194E-01
7.914947E-08,-1.4932464E-01
7.919947E-08,-1.4937735E-01
7.924947E-08,-1.4937735E-01
7.929947E-08,-1.4943006E-01
7.934947E-08,-1.4948277E-01
7.939947E-08,-1.4948277E-01
7.944947E-08,-1.4953548E-01
7.949947E-08,-1.4958819E-01
7.954947E-08,-1.4958819E-01
7.959947E-08,-1.4958819E-01
7.964947E-08,-1.4958819E-01
7.969947E-08,-1.4964090E-01
7.974947E-08,-1.4958819E-01
7.979947E-08,-1.4958819E-01
7.984947E-08,-1.4958819E-01
7.989947E-08,-1.4958819E-01
7.994947E-08,-1.4953548E-01
7.999947E-08,-1.4953548E-01
8.004947E-08,-1.4948277E-01
8.009947E-08,-1.4943006E-01
8.014947E-08,-1.4937735E-01
8.019947E-08,-1.4932464E-01
8.024947E-08,-1.4927194E-01
8.029947E-08,-1.4927194E-01
8.034947E-08,-1.4916652E-01
8.039947E-08,-1.4916652E-01
8.044947E-08,-1.4911381E-01
8.049947E-08,-1.4906110E-01
8.054947E-08,-1.4900839E-01
8.059947E-08,-1.4895568E-01
8.064947E-08,-1.4890297E-01
8.069947E-08,-1.4885026E-01
8.074947E-08,-1.4885026E-01
8.079947E-08,-1.4879755E-01
8.084947E-08,-1.4879755E-01
8.089947E-08,-1.4879755E-01
8.094947E-08,-1.4874485E-01
8.099947E-08,-1.4874485E-01
8.104947E-08,-1.4874485E-01
8.109947E-08,-1.4879755E-01
8.114947E-08,-1.4879755E-01
8.119947E-08,-1.4879755E-01
8.124947E-08,-1.4879755E-01
8.129947E-08,-1.4885026E-01
8.134947E-08,-1.4885026E-01
8.139947E-08,-1.4890297E-01
8.144947E-08,-1.4895568E-01
8.149947E-08,-1.4895568E-01
8.154947E-08,-1.4900839E-01
8.159947E-08,-1.4906110E-01
8.164947E-08,-1.4906110E-01
8.169947E-08,-1.4911381E-01
8.174947E-08,-1.4911381E-01
8.179947E-08,-1.4916652E-01
8.184947E-08,-1.4921923E-01
8.189947E-08,-1.4921923E-01
8.194947E-08,-1.4921923E-01
8.199947E-08,-1.4927194E-01
8.204947E-08,-1.4927194E-01
8.209947E-08,-1.4932464E-01
8.214947E-08,-1.4932464E-01
8.219947E-08,-1.4937735E-01
8.224947E-08,-1.4937735E-01
8.229947E-08,-1.4943006E-01
8.234947E-08,-1.4943006E-01
8.239947E-08,-1.4943006E-01
8.244947E-08,-1.4948277E-01
8.249947E-08,-1.4948277E-01
8.254947E-08,-1.4953548E-01
8.259947E-08,-1.4953548E-01
8.264947E-08,-1.4958819E-01
8.269947E-08,-1.4964090E-01
8.274947E-08,-1.4969361E-01
8.279947E-08,-1.4974632E-01
8.284947E-08,-1.4979903E-01
8.289947E-08,-1.4985173E-01
8.294947E-08,-1.4990444E-01
8.299947E-08,-1.4995715E-01
8.304947E-08,-1.5000986E-01
8.309947E-08,-1.5011528E-01
8.314947E-08,-1.5016799E-01
8.319947E-08,-1.5022070E-01
8.324947E-08,-1.5032612E-01
8.329947E-08,-1.5037883E-01
8.334947E-08,-1.5048424E-01
8.339947E-08,-1.5053695E-01
8.344947E-08,-1.5058966E-01
8.349947E-08,-1.5069508E-01
8.354947E-08,-1.5074779E-01
8.359947E-08,-1.5080050E-01
8.364947E-08,-1.5085321E-01
8.369947E-08,-1.5090592E-01
8.374947E-08,-1.5090592E-01
8.379947E-08,-1.5095862E-01
8.384947E-08,-1.5095862E-01
8.389947E-08,-1.5101133E-01
8.394947E-08,-1.5101133E-01
8.399947E-08,-1.5101133E-01
8.404947E-08,-1.5095862E-01
8.409947E-08,-1.5095862E-01
8.414947E-08,-1.5095862E-01
8.419947E-08,-1.5090592E-01
8.424947E-08,-1.5085321E-01
8.429947E-08,-1.5085321E-01
8.434947E-08,-1.5080050E-01
8.439947E-08,-1.5074779E-01
8.444947E-08,-1.5064237E-01
8.449947E-08,-1.5058966E-01
8.454947E-08,-1.5053695E-01
8.459947E-08,-1.5048424E-01
8.464947E-08,-1.5043153E-01
8.469947E-08,-1.5037883E-01
8.474947E-08,-1.5032612E-01
8.479947E-08,-1.5027341E-01
8.484947E-08,-1.5022070E-01
8.489947E-08,-1.5016799E-01
8.494947E-08,-1.5016799E-01
8.499947E-08,-1.5011528E-01
8.504947E-08,-1.5006257E-01
8.509947E-08,-1.5006257E-01
8.514947E-08,-1.5006257E-01
8.519947E-08,-1.5006257E-01
8.524947E-08,-1.5000986E-01
8.529947E-08,-1.5006257E-01
8.534947E-08,-1.5006257E-01
8.539947E-08,-1.5006257E-01
8.544947E-08,-1.5006257E-01
8.549947E-08,-1.5011528E-01
8.554947E-08,-1.5011528E-01
8.559947E-08,-1.5011528E-01
8.564947E-08,-1.5016799E-01
8.569947E-08,-1.5016799E-01
8.574947E-08,-1.5022070E-01
8.579947E-08,-1.5022070E-01
8.584947E-08,-1.5022070E-01
8.589947E-08,-1.5027341E-01
8.594947E-08,-1.5027341E-01
8.599947E-08,-1.5027341E-01
8.604947E-08,-1.5027341E-01
8.609947E-08,-1.5027341E-01
8.614947E-08,-1.5022070E-01
8.619947E-08,-1.5022070E-01
8.624947E-08,-1.5022070E-01
8.629947E-08,-1.5016799E-01
8.634947E-08,-1.5016799E-01
8.639947E-08,-1.5011528E-01
8.644947E-08,-1.5006257E-01
8.649947E-08,-1.5000986E-01
8.654947E-08,-1.5000986E-01
8.659947E-08,-1.4995715E-01
8.664947E-08,-1.4990444E-01
8.669947E-08,-1.4985173E-01
8.674947E-08,-1.4979903E-01
8.679947E-08,-1.4969361E-01
8.684947E-08,-1.4964090E-01
8.689947E-08,-1.4964090E-01
8.694947E-08,-1.4958819E-01
8.699947E-08,-1.4953548E-01
8.704947E-08,-1.4948277E-01
8.709947E-08,-1.4943006E-01
8.714947E-08,-1.4937735E-01
8.719947E-08,-1.4937735E-01
8.724947E-08,-1.4932464E-01
8.729947E-08,-1.4932464E-01
8.734947E-08,-1.4932464E-01
8.739947E-08,-1.4927194E-01
8.744947E-08,-1.4927194E-01
8.749947E-08,-1.4927194E-01
8.754947E-08,-1.4927194E-01
8.759947E-08,-1.4927194E-01
8.764947E-08,-1.4927194E-01
8.769947E-08,-1.4932464E-01
8.774947E-08,-1.4932464E-01
8.779947E-08,-1.4932464E-01
8.784947E-08,-1.4937735E-01
8.789947E-08,-1.4937735E-01
8.794947E-08,-1.4943006E-01
8.799947E-08,-1.4943006E-01
8.804947E-08,-1.4948277E-01
8.809947E-08,-1.4953548E-01
8.814947E-08,-1.4953548E-01
8.819947E-08,-1.4958819E-01
8.824947E-08,-1.4958819E-01
8.829947E-08,-1.4964090E-01
8.834947E-08,-1.4964090E-01
8.839947E-08,-1.4969361E-01
8.844947E-08,-1.4969361E-01
8.849947E-08,-1.4974632E-01
8.854947E-08,-1.4974632E-01
8.859947E-08,-1.4979903E-01
8.864947E-08,-1.4979903E-01
8.869947E-08,-1.4979903E-01
8.874947E-08,-1.4985173E-01
8.879947E-08,-1.4985173E-01
8.884947E-08,-1.4985173E-01
8.889947E-08,-1.4990444E-01
8.894947E-08,-1.4990444E-01
8.899947E-08,-1.4990444E-01
8.904947E-08,-1.4990444E-01
8.909947E-08,-1.4995715E-01
8.914947E-08,-1.4995715E-01
8.919947E-08,-1.4995715E-01
8.924947E-08,-1.4995715E-01
8.929947E-08,-1.4995715E-01
8.934947E-08,-1.4995715E-01
8.939947E-08,-1.5000986E-01
8.944947E-08,-1.5000986E-01
8.949947E-08,-1.5000986E-01
8.954947E-08,-1.5000986E-01
8.959947E-08,-1.5000986E-01
8.964947E-08,-1.5000986E-01
8.969947E-08,-1.5000986E-01
8.974947E-08,-1.5000986E-01
8.979947E-08,-1.5000986E-01
8.984947E-08,-1.5000986E-01
8.989947E-08,-1.5000986E-01
8.994947E-08,-1.5000986E-01
8.999947E-08,-1.4995715E-01
9.004947E-08,-1.4995715E-01
9.009947E-08,-1.4995715E-01
9.014947E-08,-1.4995715E-01
9.019947E-08,-1.4995715E-01
9.024947E-08,-1.4995715E-01
9.029947E-08,-1.4995715E-01
9.034947E-08,-1.4995715E-01
9.039947E-08,-1.4995715E-01
9.044947E-08,-1.4995715E-01
9.049947E-08,-1.4995715E-01
9.054947E-08,-1.4995715E-01
9.059947E-08,-1.4995715E-01
9.064947E-08,-1.4995715E-01
9.069947E-08,-1.4995715E-01
9.074947E-08,-1.4995715E-01
9.079947E-08,-1.4995715E-01
9.084947E-08,-1.5000986E-01
9.089947E-08,-1.5000986E-01
9.094947E-08,-1.5000986E-01
9.099947E-08,-1.5006257E-01
9.104947E-08,-1.5006257E-01
9.109947E-08,-1.5006257E-01
9.114947E-08,-1.5011528E-01
9.119947E-08,-1.5011528E-01
9.124947E-08,-1.5011528E-01
9.129947E-08,-1.5016799E-01
9.134947E-08,-1.5016799E-01
9.139947E-08,-1.5022070E-01
9.144947E-08,-1.5022070E-01
9.149947E-08,-1.5022070E-01
9.154947E-08,-1.5027341E-01
9.159947E-08,-1.5027341E-01
9.164947E-08,-1.5027341E-01
9.169947E-08,-1.5027341E-01
9.174947E-08,-1.5032612E-01
9.179947E-08,-1.5032612E-01
9.184947E-08,-1.5032612E-01
9.189947E-08,-1.5032612E-01
9.194947E-08,-1.5032612E-01
9.199947E-08,-1.5032612E-01
9.204947E-08,-1.5032612E-01
9.209947E-08,-1.5032612E-01
9.214947E-08,-1.5027341E-01
9.219947E-08,-1.5027341E-01
9.224947E-08,-1.5027341E-01
9.229947E-08,-1.5027341E-01
9.234947E-08,-1.5022070E-01
9.239947E-08,-1.5022070E-01
9.244947E-08,-1.5022070E-01
9.249947E-08,-1.5016799E-01
9.254947E-08,-1.5016799E-01
9.259947E-08,-1.5016799E-01
9.264947E-08,-1.5016799E-01
9.269947E-08,-1.5011528E-01
9.274947E-08,-1.5011528E-01
9.279947E-08,-1.5011528E-01
9.284947E-08,-1.5011528E-01
9.289947E-08,-1.5011528E-01
9.294947E-08,-1.5011528E-01
9.299947E-08,-1.5011528E-01
9.304947E-08,-1.5011528E-01
9.309947E-08,-1.5011528E-01
9.314947E-08,-1.5011528E-01
9.319947E-08,-1.5011528E-01
9.324947E-08,-1.5016799E-01
9.329947E-08,-1.5016799E-01
9.334947E-08,-1.5016799E-01
9.339947E-08,-1.5016799E-01
9.344947E-08,-1.5022070E-01
9.349947E-08,-1.5022070E-01
9.354947E-08,-1.5022070E-01
9.359947E-08,-1.5022070E-01
9.364947E-08,-1.5022070E-01
9.369947E-08,-1.5022070E-01
9.374947E-08,-1.5022070E-01
9.379947E-08,-1.5027341E-01
9.384947E-08,-1.5027341E-01
9.389947E-08,-1.5022070E-01
9.394947E-08,-1.5022070E-01
9.399947E-08,-1.5022070E-01
9.404947E-08,-1.5022070E-01
9.409947E-08,-1.5016799E-01
9.414947E-08,-1.5016799E-01
9.419947E-08,-1.5016799E-01
9.424947E-08,-1.5011528E-01
9.429947E-08,-1.5011528E-01
9.434947E-08,-1.5006257E-01
9.439947E-08,-1.5000986E-01
9.444947E-08,-1.5000986E-01
9.449947E-08,-1.4995715E-01
9.454947E-08,-1.4990444E-01
9.459947E-08,-1.4990444E-01
9.464947E-08,-1.4985173E-01
9.469947E-08,-1.4979903E-01
9.474947E-08,-1.4979903E-01
9.479947E-08,-1.4974632E-01
9.484947E-08,-1.4974632E-01
9.489947E-08,-1.4969361E-01
9.494947E-08,-1.4969361E-01
9.499947E-08,-1.4964090E-01
9.504947E-08,-1.4964090E-01
9.509947E-08,-1.4964090E-01
9.514947E-08,-1.4958819E-01
9.519947E-08,-1.4958819E-01
9.524947E-08,-1.4958819E-01
9.529947E-08,-1.4958819E-01
9.534947E-08,-1.4958819E-01
9.539947E-08,-1.4958819E-01
9.544947E-08,-1.4958819E-01
9.549947E-08,-1.4958819E-01
9.554947E-08,-1.4964090E-01
9.559947E-08,-1.4964090E-01
9.564947E-08,-1.4964090E-01
9.569947E-08,-1.4964090E-01
9.574947E-08,-1.4969361E-01
9.579947E-08,-1.4969361E-01
9.584947E-08,-1.4969361E-01
9.589947E-08,-1.4969361E-01
9.594947E-08,-1.4974632E-01
9.599947E-08,-1.4974632E-01
9.604947E-08,-1.4974632E-01
9.609947E-08,-1.4979903E-01
9.614947E-08,-1.4979903E-01
9.619947E-08,-1.4979903E-01
9.624947E-08,-1.4985173E-01
9.629947E-08,-1.4985173E-01
9.634947E-08,-1.4985173E-01
9.639947E-08,-1.4990444E-01
9.644947E-08,-1.4990444E-01
9.649947E-08,-1.4990444E-01
9.654947E-08,-1.4995715E-01
9.659947E-08,-1.4995715E-01
9.664947E-08,-1.5000986E-01
9.669947E-08,-1.5000986E-01
9.674947E-08,-1.5000986E-01
9.679947E-08,-1.5006257E-01
9.684947E-08,-1.5006257E-01
9.689947E-08,-1.5011528E-01
9.694947E-08,-1.5016799E-01
9.699947E-08,-1.5016799E-01
9.704947E-08,-1.5022070E-01
9.709947E-08,-1.5027341E-01
9.714947E-08,-1.5027341E-01
9.719947E-08,-1.5032612E-01
9.724947E-08,-1.5037883E-01
9.729947E-08,-1.5043153E-01
9.734947E-08,-1.5048424E-01
9.739947E-08,-1.5048424E-01
9.744947E-08,-1.5053695E-01
9.749947E-08,-1.5058966E-01
9.754947E-08,-1.5064237E-01
9.759947E-08,-1.5064237E-01
9.764947E-08,-1.5069508E-01
9.769947E-08,-1.5069508E-01
9.774947E-08,-1.5074779E-01
9.779947E-08,-1.5080050E-01
9.784947E-08,-1.5080050E-01
9.789947E-08,-1.5080050E-01
9.794947E-08,-1.5080050E-01
9.799947E-08,-1.5085321E-01
9.804947E-08,-1.5085321E-01
9.809947E-08,-1.5085321E-01
9.814947E-08,-1.5080050E-01
9.819947E-08,-1.5080050E-01
9.824947E-08,-1.5080050E-01
9.829947E-08,-1.5080050E-01
9.834947E-08,-1.5074779E-01
9.839947E-08,-1.5074779E-01
9.844947E-08,-1.5069508E-01
9.849947E-08,-1.5064237E-01
9.854947E-08,-1.5064237E-01
9.859947E-08,-1.5058966E-01
9.864947E-08,-1.5053695E-01
9.869947E-08,-1.5053695E-01
9.874947E-08,-1.5048424E-01
9.879947E-08,-1.5043153E-01
9.884947E-08,-1.5037883E-01
9.889947E-08,-1.5037883E-01
9.894947E-08,-1.5032612E-01
9.899947E-08,-1.5027341E-01
9.904947E-08,-1.5027341E-01
9.909947E-08,-1.5022070E-01
9.914947E-08,-1.5022070E-01
9.919947E-08,-1.5016799E-01
9.924947E-08,-1.5016799E-01
9.929947E-08,-1.5016799E-01
9.934947E-08,-1.5016799E-01
9.939947E-08,-1.5011528E-01
9.944947E-08,-1.5011528E-01
9.949947E-08,-1.5011528E-01
9.954947E-08,-1.5011528E-01
9.959947E-08,-1.5011528E-01
9.964947E-08,-1.5011528E-01
9.969947E-08,-1.5011528E-01
9.974947E-08,-1.5011528E-01
9.979947E-08,-1.5011528E-01
9.984947E-08,-1.5016799E-01
9.989947E-08,-1.5016799E-01
9.994947E-08,-1.5016799E-01
9.999947E-08,-1.5016799E-01
1.0004947E-07,-1.5016799E-01
1.0009947E-07,-1.5016799E-01
1.0014947E-07,-1.5016799E-01
1.0019947E-07,-1.5011528E-01
1.0024947E-07,-1.5011528E-01
1.0029947E-07,-1.5011528E-01
1.0034947E-07,-1.5011528E-01
1.0039947E-07,-1.5011528E-01
1.0044947E-07,-1.5006257E-01
1.0049947E-07,-1.5006257E-01
1.0054947E-07,-1.5000986E-01
1.0059947E-07,-1.5000986E-01
1.0064947E-07,-1.4995715E-01
1.0069947E-07,-1.4995715E-01
1.0074947E-07,-1.4990444E-01
1.0079947E-07,-1.4990444E-01
1.0084947E-07,-1.4985173E-01
1.0089947E-07,-1.4985173E-01
1.0094947E-07,-1.4979903E-01
1.0099947E-07,-1.4974632E-01
1.0104947E-07,-1.4974632E-01
1.0109947E-07,-1.4969361E-01
1.0114947E-07,-1.4969361E-01
1.0119947E-07,-1.4964090E-01
1.0124947E-07,-1.4964090E-01
1.0129947E-07,-1.4958819E-01
1.0134947E-07,-1.4958819E-01
1.0139947E-07,-1.4953548E-01
1.0144947E-07,-1.4953548E-01
1.0149947E-07,-1.4953548E-01
1.0154947E-07,-1.4948277E-01
1.0159947E-07,-1.4948277E-01
1.0164947E-07,-1.4948277E-01
1.0169947E-07,-1.4948277E-01
1.0174947E-07,-1.4948277E-01
1.0179947E-07,-1.4948277E-01
1.0184947E-07,-1.4948277E-01
1.0189947E-07,-1.4948277E-01
1.0194947E-07,-1.4948277E-01
1.0199947E-07,-1.4948277E-01
1.0204947E-07,-1.4948277E-01
1.0209947E-07,-1.4948277E-01
1.0214947E-07,-1.4948277E-01
1.0219947E-07,-1.4948277E-01
1.0224947E-07,-1.4948277E-01
1.0229947E-07,-1.4953548E-01
1.0234947E-07,-1.4953548E-01
1.0239947E-07,-1.4953548E-01
1.0244947E-07,-1.4953548E-01
1.0249947E-07,-1.4953548E-01
1.0254947E-07,-1.4953548E-01
1.0259947E-07,-1.4958819E-01
1.0264947E-07,-1.4958819E-01
1.0269947E-07,-1.4958819E-01
1.0274947E-07,-1.4958819E-01
1.0279947E-07,-1.4958819E-01
1.0284947E-07,-1.4964090E-01
1.0289947E-07,-1.4964090E-01
1.0294947E-07,-1.4964090E-01
1.0299947E-07,-1.4964090E-01
1.0304947E-07,-1.4964090E-01
1.0309947E-07,-1.4964090E-01
1.0314947E-07,-1.4969361E-01
1.0319947E-07,-1.4969361E-01
1.0324947E-07,-1.4969361E-01
1.0329947E-07,-1.4969361E-01
1.0334947E-07,-1.4969361E-01
1.0339947E-07,-1.4969361E-01
1.0344947E-07,-1.4969361E-01
1.0349947E-07,-1.4969361E-01
1.0354947E-07,-1.4969361E-01
1.0359947E-07,-1.4969361E-01
1.0364947E-07,-1.4964090E-01
1.0369947E-07,-1.4964090E-01
1.0374947E-07,-1.4964090E-01
1.0379947E-07,-1.4964090E-01
1.0384947E-07,-1.4964090E-01
1.0389947E-07,-1.4958819E-01
1.0394947E-07,-1.4958819E-01
1.0399947E-07,-1.4958819E-01
1.0404947E-07,-1.4953548E-01
1.0409947E-07,-1.4953548E-01
1.0414947E-07,-1.4948277E-01
1.0419947E-07,-1.4948277E-01
1.0424947E-07,-1.4948277E-01
1.0429947E-07,-1.4943006E-01
1.0434947E-07,-1.4943006E-01
1.0439947E-07,-1.4937735E-01
1.0444947E-07,-1.4937735E-01
1.0449947E-07,-1.4932464E-01
1.0454947E-07,-1.4932464E-01
1.0459947E-07,-1.4932464E-01
1.0464947E-07,-1.4927194E-01
1.0469947E-07,-1.4927194E-01
1.0474947E-07,-1.4927194E-01
1.0479947E-07,-1.4927194E-01
1.0484947E-07,-1.4921923E-01
1.0489947E-07,-1.4921923E-01
1.0494947E-07,-1.4921923E-01
1.0499947E-07,-1.4921923E-01
1.0504947E-07,-1.4921923E-01
1.0509947E-07,-1.4921923E-01
1.0514947E-07,-1.4921923E-01
1.0519947E-07,-1.4927194E-01
1.0524947E-07,-1.4927194E-01
1.0529947E-07,-1.4927194E-01
1.0534947E-07,-1.4932464E-01
1.0539947E-07,-1.4932464E-01
1.0544947E-07,-1.4932464E-01
1.0549947E-07,-1.4937735E-01
1.0554947E-07,-1.4937735E-01
1.0559947E-07,-1.4943006E-01
1.0564947E-07,-1.4943006E-01
1.0569947E-07,-1.4948277E-01
1.0574947E-07,-1.4948277E-01
1.0579947E-07,-1.4953548E-01
1.0584947E-07,-1.4953548E-01
1.0589947E-07,-1.4958819E-01
1.0594947E-07,-1.4964090E-01
1.0599947E-07,-1.4964090E-01
1.0604947E-07,-1.4969361E-01
1.0609947E-07,-1.4969361E-01
1.0614947E-07,-1.4974632E-01
1.0619947E-07,-1.4974632E-01
1.0624947E-07,-1.4974632E-01
1.0629947E-07,-1.4979903E-01
1.0634947E-07,-1.4979903E-01
1.0639947E-07,-1.4985173E-01
1.0644947E-07,-1.4985173E-01
1.0649947E-07,-1.4985173E-01
1.0654947E-07,-1.4990444E-01
1.0659947E-07,-1.4990444E-01
1.0664947E-07,-1.4990444E-01
1.0669947E-07,-1.4990444E-01
1.0674947E-07,-1.4995715E-01
1.0679947E-07,-1.4995715E-01
1.0684947E-07,-1.4995715E-01
1.0689947E-07,-1.5000986E-01
1.0694947E-07,-1.5000986E-01
1.0699947E-07,-1.5000986E-01
1.0704947E-07,-1.5006257E-01
1.0709947E-07,-1.5006257E-01
1.0714947E-07,-1.5006257E-01
1.0719947E-07,-1.5011528E-01
1.0724947E-07,-1.5011528E-01
1.0729947E-07,-1.5011528E-01
1.0734947E-07,-1.5016799E-01
1.0739947E-07,-1.5016799E-01
1.0744947E-07,-1.5022070E-01
1.0749947E-07,-1.5022070E-01
1.0754947E-07,-1.5022070E-01
1.0759947E-07,-1.5027341E-01
1.0764947E-07,-1.5027341E-01
1.0769947E-07,-1.5032612E-01
1.0774947E-07,-1.5032612E-01
1.0779947E-07,-1.5037883E-01
1.0784947E-07,-1.5037883E-01
1.0789947E-07,-1.5037883E-01
1.0794947E-07,-1.5043153E-01
1.0799947E-07,-1.5043153E-01
1.0804947E-07,-1.5043153E-01
1.0809947E-07,-1.5043153E-01
1.0814947E-07,-1.5043153E-01
1.0819947E-07,-1.5048424E-01
1.0824947E-07,-1.5048424E-01
1.0829947E-07,-1.5048424E-01
1.0834947E-07,-1.5048424E-01
1.0839947E-07,-1.5048424E-01
1.0844947E-07,-1.5048424E-01
1.0849947E-07,-1.5048424E-01
1.0854947E-07,-1.5048424E-01
1.0859947E-07,-1.5048424E-01
1.0864947E-07,-1.5048424E-01
1.0869947E-07,-1.5043153E-01
1.0874947E-07,-1.5043153E-01
1.0879947E-07,-1.5043153E-01
1.0884947E-07,-1.5043153E-01
1.0889947E-07,-1.5037883E-01
1.0894947E-07,-1.5037883E-01
1.0899947E-07,-1.5037883E-01
1.0904947E-07,-1.5032612E-01
1.0909947E-07,-1.5032612E-01
1.0914947E-07,-1.5032612E-01
1.0919947E-07,-1.5027341E-01
1.0924947E-07,-1.5027341E-01
1.0929947E-07,-1.5027341E-01
1.0934947E-07,-1.5022070E-01
1.0939947E-07,-1.5022070E-01
1.0944947E-07,-1.5022070E-01
1.0949947E-07,-1.5016799E-01
1.0954947E-07,-1.5016799E-01
1.0959947E-07,-1.5016799E-01
1.0964947E-07,-1.5011528E-01
1.0969947E-07,-1.5011528E-01
1.0974947E-07,-1.5011528E-01
1.0979947E-07,-1.5011528E-01
1.0984947E-07,-1.5006257E-01
1.0989947E-07,-1.5006257E-01
1.0994947E-07,-1.5006257E-01
1.0999947E-07,-1.5006257E-01
1.1004947E-07,-1.5000986E-01
1.1009947E-07,-1.5000986E-01
1.1014947E-07,-1.5000986E-01
1.1019947E-07,-1.5000986E-01
1.1024947E-07,-1.5000986E-01
1.1029947E-07,-1.4995715E-01
1.1034947E-07,-1.4995715E-01
1.1039947E-07,-1.4995715E-01
1.1044947E-07,-1.4995715E-01
1.1049947E-07,-1.4995715E-01
1.1054947E-07,-1.4995715E-01
1.1059947E-07,-1.4995715E-01
1.1064947E-07,-1.4995715E-01
1.1069947E-07,-1.4995715E-01
1.1074947E-07,-1.4995715E-01
1.1079947E-07,-1.4995715E-01
1.1084947E-07,-1.4995715E-01
1.1089947E-07,-1.4995715E-01
1.1094947E-07,-1.5000986E-01
1.1099947E-07,-1.5000986E-01
1.1104947E-07,-1.5000986E-01
1.1109947E-07,-1.5000986E-01
1.1114947E-07,-1.5000986E-01
1.1119947E-07,-1.5000986E-01
1.1124947E-07,-1.5006257E-01
1.1129947E-07,-1.5006257E-01
1.1134947E-07,-1.5006257E-01
1.1139947E-07,-1.5006257E-01
1.1144947E-07,-1.5006257E-01
1.1149947E-07,-1.5006257E-01
1.1154947E-07,-1.5006257E-01
1.1159947E-07,-1.5006257E-01
1.1164947E-07,-1.5006257E-01
1.1169947E-07,-1.5006257E-01
1.1174947E-07,-1.5006257E-01
1.1179947E-07,-1.5006257E-01
1.1184947E-07,-1.5006257E-01
1.1189947E-07,-1.5000986E-01
1.1194947E-07,-1.5000986E-01
1.1199947E-07,-1.4995715E-01
1.1204947E-07,-1.4995715E-01
1.1209947E-07,-1.4990444E-01
1.1214947E-07,-1.4990444E-01
1.1219947E-07,-1.4985173E-01
1.1224947E-07,-1.4979903E-01
1.1229947E-07,-1.4979903E-01
1.1234947E-07,-1.4974632E-01
1.1239947E-07,-1.4969361E-01
1.1244947E-07,-1.4964090E-01
1.1249947E-07,-1.4958819E-01
1.1254947E-07,-1.4958819E-01
1.1259947E-07,-1.4953548E-01
1.1264947E-07,-1.4948277E-01
1.1269947E-07,-1.4943006E-01
1.1274947E-07,-1.4937735E-01
1.1279947E-07,-1.4937735E-01
1.1284947E-07,-1.4932464E-01
1.1289947E-07,-1.4927194E-01
1.1294947E-07,-1.4927194E-01
1.1299947E-07,-1.4921923E-01
1.1304947E-07,-1.4921923E-01
1.1309947E-07,-1.4921923E-01
1.1314947E-07,-1.4916652E-01
1.1319947E-07,-1.4916652E-01
1.1324947E-07,-1.4916652E-01
1.1329947E-07,-1.4916652E-01
1.1334947E-07,-1.4916652E-01
1.1339947E-07,-1.4916652E-01
1.1344947E-07,-1.4921923E-01
1.1349947E-07,-1.4921923E-01
1.1354947E-07,-1.4921923E-01
1.1359947E-07,-1.4921923E-01
1.1364947E-07,-1.4927194E-01
1.1369947E-07,-1.4927194E-01
1.1374947E-07,-1.4927194E-01
1.1379947E-07,-1.4927194E-01
1.1384947E-07,-1.4932464E-01
1.1389947E-07,-1.4932464E-01
1.1394947E-07,-1.4932464E-01
1.1399947E-07,-1.4937735E-01
1.1404947E-07,-1.4937735E-01
1.1409947E-07,-1.4937735E-01
1.1414947E-07,-1.4937735E-01
1.1419947E-07,-1.4943006E-01
1.1424947E-07,-1.4943006E-01
1.1429947E-07,-1.4943006E-01
1.1434947E-07,-1.4943006E-01
1.1439947E-07,-1.4943006E-01
1.1444947E-07,-1.4943006E-01
1.1449947E-07,-1.4943006E-01
1.1454947E-07,-1.4943006E-01
1.1459947E-07,-1.4943006E-01
1.1464947E-07,-1.4943006E-01
1.1469947E-07,-1.4943006E-01
1.1474947E-07,-1.4943006E-01
1.1479947E-07,-1.4943006E-01
1.1484947E-07,-1.4943006E-01
1.1489947E-07,-1.4943006E-01
1.1494947E-07,-1.4943006E-01
1.1499947E-07,-1.4943006E-01
1.1504947E-07,-1.4948277E-01
1.1509947E-07,-1.4948277E-01
1.1514947E-07,-1.4948277E-01
1.1519947E-07,-1.4948277E-01
1.1524947E-07,-1.4953548E-01
1.1529947E-07,-1.4953548E-01
1.1534947E-07,-1.4958819E-01
1.1539947E-07,-1.4958819E-01
1.1544947E-07,-1.4964090E-01
1.1549947E-07,-1.4964090E-01
1.1554947E-07,-1.4969361E-01
1.1559947E-07,-1.4969361E-01
1.1564947E-07,-1.4974632E-01
1.1569947E-07,-1.4979903E-01
1.1574947E-07,-1.4979903E-01
1.1579947E-07,-1.4985173E-01
1.1584947E-07,-1.4990444E-01
1.1589947E-07,-1.4990444E-01
1.1594947E-07,-1.4995715E-01
1.1599947E-07,-1.4995715E-01
1.1604947E-07,-1.5000986E-01
1.1609947E-07,-1.5000986E-01
1.1614947E-07,-1.5006257E-01
1.1619947E-07,-1.5006257E-01
1.1624947E-07,-1.5006257E-01
1.1629947E-07,-1.5006257E-01
1.1634947E-07,-1.5011528E-01
1.1639947E-07,-1.5011528E-01
1.1644947E-07,-1.5011528E-01
1.1649947E-07,-1.5006257E-01
1.1654947E-07,-1.5006257E-01
1.1659947E-07,-1.5006257E-01
1.1664947E-07,-1.5006257E-01
1.1669947E-07,-1.5000986E-01
1.1674947E-07,-1.5000986E-01
1.1679947E-07,-1.4995715E-01
1.1684947E-07,-1.4995715E-01
1.1689947E-07,-1.4990444E-01
1.1694947E-07,-1.4990444E-01
1.1699947E-07,-1.4985173E-01
1.1704947E-07,-1.4985173E-01
1.1709947E-07,-1.4979903E-01
1.1714947E-07,-1.4974632E-01
1.1719947E-07,-1.4974632E-01
1.1724947E-07,-1.4969361E-01
1.1729947E-07,-1.4969361E-01
1.1734947E-07,-1.4964090E-01
1.1739947E-07,-1.4964090E-01
1.1744947E-07,-1.4964090E-01
1.1749947E-07,-1.4958819E-01
1.1754947E-07,-1.4958819E-01
1.1759947E-07,-1.4958819E-01
1.1764947E-07,-1.4958819E-01
1.1769947E-07,-1.4953548E-01
1.1774947E-07,-1.4953548E-01
1.1779947E-07,-1.4953548E-01
1.1784947E-07,-1.4958819E-01
1.1789947E-07,-1.4958819E-01
1.1794947E-07,-1.4958819E-01
1.1799947E-07,-1.4958819E-01
1.1804947E-07,-1.4964090E-01
1.1809947E-07,-1.4964090E-01
1.1814947E-07,-1.4969361E-01
1.1819947E-07,-1.4969361E-01
1.1824947E-07,-1.4974632E-01
1.1829947E-07,-1.4974632E-01
1.1834947E-07,-1.4979903E-01
1.1839947E-07,-1.4979903E-01
1.1844947E-07,-1.4985173E-01
1.1849947E-07,-1.4990444E-01
1.1854947E-07,-1.4990444E-01
1.1859947E-07,-1.4995715E-01
1.1864947E-07,-1.5000986E-01
1.1869947E-07,-1.5006257E-01
1.1874947E-07,-1.5006257E-01
1.1879947E-07,-1.5011528E-01
1.1884947E-07,-1.5016799E-01
1.1889947E-07,-1.5016799E-01
1.1894947E-07,-1.5022070E-01
1.1899947E-07,-1.5027341E-01
1.1904947E-07,-1.5027341E-01
1.1909947E-07,-1.5032612E-01
1.1914947E-07,-1.5032612E-01
1.1919947E-07,-1.5037883E-01
1.1924947E-07,-1.5037883E-01
1.1929947E-07,-1.5043153E-01
1.1934947E-07,-1.5043153E-01
1.1939947E-07,-1.5043153E-01
1.1944947E-07,-1.5048424E-01
1.1949947E-07,-1.5048424E-01
1.1954947E-07,-1.5048424E-01
1.1959947E-07,-1.5048424E-01
1.1964947E-07,-1.5053695E-01
1.1969947E-07,-1.5053695E-01
1.1974947E-07,-1.5053695E-01
1.1979947E-07,-1.5053695E-01
1.1984947E-07,-1.5053695E-01
1.1989947E-07,-1.5048424E-01
1.1994947E-07,-1.5048424E-01
1.1999947E-07,-1.5048424E-01
1.2004947E-07,-1.5048424E-01
1.2009947E-07,-1.5043153E-01
1.2014947E-07,-1.5043153E-01
1.2019947E-07,-1.5043153E-01
1.2024947E-07,-1.5037883E-01
1.2029947E-07,-1.5037883E-01
1.2034947E-07,-1.5032612E-01
1.2039947E-07,-1.5032612E-01
1.2044947E-07,-1.5027341E-01
1.2049947E-07,-1.5027341E-01
1.2054947E-07,-1.5022070E-01
1.2059947E-07,-1.5016799E-01
1.2064947E-07,-1.5016799E-01
1.2069947E-07,-1.5011528E-01
1.2074947E-07,-1.5011528E-01
1.2079947E-07,-1.5006257E-01
1.2084947E-07,-1.5000986E-01
1.2089947E-07,-1.5000986E-01
1.2094947E-07,-1.4995715E-01
1.2099947E-07,-1.4995715E-01
1.2104947E-07,-1.4990444E-01
1.2109947E-07,-1.4990444E-01
1.2114947E-07,-1.4985173E-01
1.2119947E-07,-1.4985173E-01
1.2124947E-07,-1.4979903E-01
1.2129947E-07,-1.4979903E-01
1.2134947E-07,-1.4979903E-01
1.2139947E-07,-1.4974632E-01
1.2144947E-07,-1.4974632E-01
1.2149947E-07,-1.4974632E-01
1.2154947E-07,-1.4974632E-01
1.2159947E-07,-1.4974632E-01
1.2164947E-07,-1.4969361E-01
1.2169947E-07,-1.4969361E-01
1.2174947E-07,-1.4969361E-01
1.2179947E-07,-1.4969361E-01
1.2184947E-07,-1.4969361E-01
1.2189947E-07,-1.4969361E-01
1.2194947E-07,-1.4969361E-01
1.2199947E-07,-1.4974632E-01
1.2204947E-07,-1.4974632E-01
1.2209947E-07,-1.4974632E-01
1.2214947E-07,-1.4974632E-01
1.2219947E-07,-1.4974632E-01
1.2224947E-07,-1.4974632E-01
1.2229947E-07,-1.4974632E-01
1.2234947E-07,-1.4974632E-01
1.2239947E-07,-1.4974632E-01
1.2244947E-07,-1.4969361E-01
1.2249947E-07,-1.4969361E-01
1.2254947E-07,-1.4969361E-01
1.2259947E-07,-1.4969361E-01
1.2264947E-07,-1.4969361E-01
1.2269947E-07,-1.4964090E-01
1.2274947E-07,-1.4964090E-01
1.2279947E-07,-1.4958819E-01
1.2284947E-07,-1.4958819E-01
1.2289947E-07,-1.4953548E-01
1.2294947E-07,-1.4953548E-01
1.2299947E-07,-1.4948277E-01
1.2304947E-07,-1.4943006E-01
1.2309947E-07,-1.4937735E-01
1.2314947E-07,-1.4937735E-01
1.2319947E-07,-1.4932464E-01
1.2324947E-07,-1.4927194E-01
1.2329947E-07,-1.4921923E-01
1.2334947E-07,-1.4916652E-01
1.2339947E-07,-1.4916652E-01
1.2344947E-07,-1.4911381E-01
1.2349947E-07,-1.4906110E-01
1.2354947E-07,-1.4900839E-01
1.2359947E-07,-1.4900839E-01
1.2364947E-07,-1.4895568E-01
1.2369947E-07,-1.4890297E-01
1.2374947E-07,-1.4890297E-01
1.2379947E-07,-1.4885026E-01
1.2384947E-07,-1.4885026E-01
1.2389947E-07,-1.4879755E-01
1.2394947E-07,-1.4879755E-01
1.2399947E-07,-1.4879755E-01
1.2404947E-07,-1.4874485E-01
1.2409947E-07,-1.4874485E-01
1.2414947E-07,-1.4874485E-01
1.2419947E-07,-1.4874485E-01
1.2424947E-07,-1.4874485E-01
1.2429947E-07,-1.4874485E-01
1.2434947E-07,-1.4874485E-01
1.2439947E-07,-1.4879755E-01
1.2444947E-07,-1.4879755E-01
1.2449947E-07,-1.4879755E-01
1.2454947E-07,-1.4879755E-01
1.2459947E-07,-1.4885026E-01
1.2464947E-07,-1.4885026E-01
1.2469947E-07,-1.4885026E-01
1.2474947E-07,-1.4890297E-01
1.2479947E-07,-1.4890297E-01
1.2484947E-07,-1.4895568E-01
1.2489947E-07,-1.4895568E-01
1.2494947E-07,-1.4895568E-01
1.2499947E-07,-1.4900839E-01
1.2504947E-07,-1.4900839E-01
1.2509947E-07,-1.4900839E-01
1.2514947E-07,-1.4900839E-01
1.2519947E-07,-1.4900839E-01
1.2524947E-07,-1.4900839E-01
1.2529947E-07,-1.4900839E-01
1.2534947E-07,-1.4900839E-01
1.2539947E-07,-1.4900839E-01
1.2544947E-07,-1.4900839E-01
1.2549947E-07,-1.4900839E-01
1.2554947E-07,-1.4900839E-01
1.2559947E-07,-1.4900839E-01
1.2564947E-07,-1.4895568E-01
1.2569947E-07,-1.4895568E-01
1.2574947E-07,-1.4895568E-01
1.2579947E-07,-1.4890297E-01
1.2584947E-07,-1.4890297E-01
1.2589947E-07,-1.4890297E-01
1.2594947E-07,-1.4885026E-01
1.2599947E-07,-1.4885026E-01
1.2604947E-07,-1.4879755E-01
1.2609947E-07,-1.4879755E-01
1.2614947E-07,-1.4874485E-01
1.2619947E-07,-1.4874485E-01
1.2624947E-07,-1.4874485E-01
1.2629947E-07,-1.4869214E-01
1.2634947E-07,-1.4869214E-01
1.2639947E-07,-1.4869214E-01
1.2644947E-07,-1.4863943E-01
1.2649947E-07,-1.4863943E-01
1.2654947E-07,-1.4863943E-01
1.2659947E-07,-1.4863943E-01
1.2664947E-07,-1.4863943E-01
1.2669947E-07,-1.4863943E-01
1.2674947E-07,-1.4863943E-01
1.2679947E-07,-1.4863943E-01
1.2684947E-07,-1.4863943E-01
1.2689947E-07,-1.4863943E-01
1.2694947E-07,-1.4863943E-01
1.2699947E-07,-1.4863943E-01
1.2704947E-07,-1.4863943E-01
1.2709947E-07,-1.4869214E-01
1.2714947E-07,-1.4869214E-01
1.2719947E-07,-1.4869214E-01
1.2724947E-07,-1.4869214E-01
1.2729947E-07,-1.4869214E-01
1.2734947E-07,-1.4874485E-01
1.2739947E-07,-1.4874485E-01
1.2744947E-07,-1.4874485E-01
1.2749947E-07,-1.4874485E-01
1.2754947E-07,-1.4879755E-01
1.2759947E-07,-1.4879755E-01
1.2764947E-07,-1.4879755E-01
1.2769947E-07,-1.4879755E-01
1.2774947E-07,-1.4885026E-01
1.2779947E-07,-1.4885026E-01
1.2784947E-07,-1.4885026E-01
1.2789947E-07,-1.4885026E-01
1.2794947E-07,-1.4885026E-01
1.2799947E-07,-1.4890297E-01
1.2804947E-07,-1.4890297E-01
1.2809947E-07,-1.4890297E-01
1.2814947E-07,-1.4890297E-01
1.2819947E-07,-1.4895568E-01
1.2824947E-07,-1.4895568E-01
1.2829947E-07,-1.4895568E-01
1.2834947E-07,-1.4900839E-01
1.2839947E-07,-1.4900839E-01
1.2844947E-07,-1.4906110E-01
1.2849947E-07,-1.4906110E-01
1.2854947E-07,-1.4906110E-01
1.2859947E-07,-1.4911381E-01
1.2864947E-07,-1.4911381E-01
1.2869947E-07,-1.4916652E-01
