-7.139126E-08,-1.4895568E-01
-7.134126E-08,-1.4895568E-01
-7.129126E-08,-1.4895568E-01
-7.124126E-08,-1.4895568E-01
-7.119126E-08,-1.4900839E-01
-7.114126E-08,-1.4900839E-01
-7.109126E-08,-1.4900839E-01
-7.104126E-08,-1.4900839E-01
-7.099126E-08,-1.4900839E-01
-7.094126E-08,-1.4900839E-01
-7.089126E-08,-1.4900839E-01
-7.084126E-08,-1.4900839E-01
-7.079126E-08,-1.4895568E-01
-7.074126E-08,-1.4895568E-01
-7.069126E-08,-1.4895568E-01
-7.064126E-08,-1.4890297E-01
-7.059126E-08,-1.4890297E-01
-7.054126E-08,-1.4885026E-01
-7.049126E-08,-1.4885026E-01
-7.044126E-08,-1.4879755E-01
-7.039126E-08,-1.4879755E-01
-7.034126E-08,-1.4874485E-01
-7.029126E-08,-1.4869214E-01
-7.024126E-08,-1.4863943E-01
-7.019126E-08,-1.4863943E-01
-7.014126E-08,-1.4858672E-01
-7.009126E-08,-1.4853401E-01
-7.004126E-08,-1.4853401E-01
-6.999126E-08,-1.4848130E-01
-6.994126E-08,-1.4842859E-01
-6.989126E-08,-1.4842859E-01
-6.984126E-08,-1.4837588E-01
-6.979126E-08,-1.4837588E-01
-6.974126E-08,-1.4837588E-01
-6.969126E-08,-1.4832317E-01
-6.964126E-08,-1.4832317E-01
-6.959126E-08,-1.4832317E-01
-6.954126E-08,-1.4832317E-01
-6.949126E-08,-1.4837588E-01
-6.944126E-08,-1.4837588E-01
-6.939126E-08,-1.4837588E-01
-6.934126E-08,-1.4842859E-01
-6.929126E-08,-1.4842859E-01
-6.924126E-08,-1.4848130E-01
-6.919126E-08,-1.4853401E-01
-6.914126E-08,-1.4858672E-01
-6.909126E-08,-1.4863943E-01
-6.904126E-08,-1.4869214E-01
-6.899126E-08,-1.4874485E-01
-6.894126E-08,-1.4879755E-01
-6.889126E-08,-1.4885026E-01
-6.884126E-08,-1.4890297E-01
-6.879126E-08,-1.4895568E-01
-6.874126E-08,-1.4900839E-01
-6.869126E-08,-1.4900839E-01
-6.864126E-08,-1.4906110E-01
-6.859126E-08,-1.4911381E-01
-6.854126E-08,-1.4916652E-01
-6.849126E-08,-1.4916652E-01
-6.844126E-08,-1.4921923E-01
-6.839126E-08,-1.4921923E-01
-6.834126E-08,-1.4921923E-01
-6.829126E-08,-1.4921923E-01
-6.824126E-08,-1.4921923E-01
-6.819126E-08,-1.4921923E-01
-6.814126E-08,-1.4921923E-01
-6.809126E-08,-1.4921923E-01
-6.804126E-08,-1.4916652E-01
-6.799126E-08,-1.4916652E-01
-6.794126E-08,-1.4911381E-01
-6.789126E-08,-1.4911381E-01
-6.784126E-08,-1.4906110E-01
-6.779126E-08,-1.4900839E-01
-6.774126E-08,-1.4895568E-01
-6.769126E-08,-1.4895568E-01
-6.764126E-08,-1.4890297E-01
-6.759126E-08,-1.4885026E-01
-6.754126E-08,-1.4879755E-01
-6.749126E-08,-1.4879755E-01
-6.744126E-08,-1.4874485E-01
-6.739126E-08,-1.4869214E-01
-6.734126E-08,-1.4869214E-01
-6.729126E-08,-1.4869214E-01
-6.724126E-08,-1.4863943E-01
-6.719126E-08,-1.4863943E-01
-6.714126E-08,-1.4863943E-01
-6.709126E-08,-1.4863943E-01
-6.704126E-08,-1.4863943E-01
-6.699126E-08,-1.4863943E-01
-6.694126E-08,-1.4863943E-01
-6.689126E-08,-1.4869214E-01
-6.684126E-08,-1.4869214E-01
-6.679126E-08,-1.4874485E-01
-6.674126E-08,-1.4874485E-01
-6.669126E-08,-1.4879755E-01
-6.664126E-08,-1.4885026E-01
-6.659126E-08,-1.4890297E-01
-6.654126E-08,-1.4890297E-01
-6.649126E-08,-1.4895568E-01
-6.644126E-08,-1.4900839E-01
-6.639126E-08,-1.4906110E-01
-6.634126E-08,-1.4911381E-01
-6.629126E-08,-1.4911381E-01
-6.624126E-08,-1.4916652E-01
-6.619126E-08,-1.4921923E-01
-6.614126E-08,-1.4921923E-01
-6.609126E-08,-1.4927194E-01
-6.604126E-08,-1.4927194E-01
-6.599126E-08,-1.4927194E-01
-6.594126E-08,-1.4932464E-01
-6.589126E-08,-1.4932464E-01
-6.584126E-08,-1.4932464E-01
-6.579126E-08,-1.4932464E-01
-6.574126E-08,-1.4932464E-01
-6.569126E-08,-1.4932464E-01
-6.564126E-08,-1.4932464E-01
-6.559126E-08,-1.4932464E-01
-6.554126E-08,-1.4927194E-01
-6.549126E-08,-1.4927194E-01
-6.544126E-08,-1.4927194E-01
-6.539126E-08,-1.4921923E-01
-6.534126E-08,-1.4921923E-01
-6.529126E-08,-1.4921923E-01
-6.524126E-08,-1.4916652E-01
-6.519126E-08,-1.4916652E-01
-6.514126E-08,-1.4916652E-01
-6.509126E-08,-1.4911381E-01
-6.504126E-08,-1.4911381E-01
-6.499126E-08,-1.4911381E-01
-6.494126E-08,-1.4911381E-01
-6.489126E-08,-1.4906110E-01
-6.484126E-08,-1.4906110E-01
-6.479126E-08,-1.4906110E-01
-6.474126E-08,-1.4906110E-01
-6.469126E-08,-1.4906110E-01
-6.464126E-08,-1.4906110E-01
-6.459126E-08,-1.4906110E-01
-6.454126E-08,-1.4906110E-01
-6.449126E-08,-1.4906110E-01
-6.444126E-08,-1.4906110E-01
-6.439126E-08,-1.4906110E-01
-6.434126E-08,-1.4906110E-01
-6.429126E-08,-1.4906110E-01
-6.424126E-08,-1.4906110E-01
-6.419126E-08,-1.4906110E-01
-6.414126E-08,-1.4906110E-01
-6.409126E-08,-1.4900839E-01
-6.404126E-08,-1.4900839E-01
-6.399126E-08,-1.4900839E-01
-6.394126E-08,-1.4900839E-01
-6.389126E-08,-1.4900839E-01
-6.384126E-08,-1.4895568E-01
-6.379126E-08,-1.4895568E-01
-6.374126E-08,-1.4895568E-01
-6.369126E-08,-1.4890297E-01
-6.364126E-08,-1.4890297E-01
-6.359126E-08,-1.4885026E-01
-6.354126E-08,-1.4885026E-01
-6.349126E-08,-1.4885026E-01
-6.344126E-08,-1.4879755E-01
-6.339126E-08,-1.4879755E-01
-6.334126E-08,-1.4874485E-01
-6.329126E-08,-1.4874485E-01
-6.324126E-08,-1.4869214E-01
-6.319126E-08,-1.4869214E-01
-6.314126E-08,-1.4869214E-01
-6.309126E-08,-1.4869214E-01
-6.304126E-08,-1.4863943E-01
-6.299126E-08,-1.4863943E-01
-6.294126E-08,-1.4863943E-01
-6.289126E-08,-1.4863943E-01
-6.284126E-08,-1.4863943E-01
-6.279126E-08,-1.4863943E-01
-6.274126E-08,-1.4863943E-01
-6.269126E-08,-1.4863943E-01
-6.264126E-08,-1.4863943E-01
-6.259126E-08,-1.4869214E-01
-6.254126E-08,-1.4869214E-01
-6.249126E-08,-1.4869214E-01
-6.244126E-08,-1.4874485E-01
-6.239126E-08,-1.4874485E-01
-6.234126E-08,-1.4874485E-01
-6.229126E-08,-1.4879755E-01
-6.224126E-08,-1.4879755E-01
-6.219126E-08,-1.4885026E-01
-6.214126E-08,-1.4890297E-01
-6.209126E-08,-1.4890297E-01
-6.204126E-08,-1.4895568E-01
-6.199126E-08,-1.4895568E-01
-6.194126E-08,-1.4900839E-01
-6.189126E-08,-1.4906110E-01
-6.184126E-08,-1.4906110E-01
-6.179126E-08,-1.4911381E-01
-6.174126E-08,-1.4916652E-01
-6.169126E-08,-1.4916652E-01
-6.164126E-08,-1.4921923E-01
-6.159126E-08,-1.4921923E-01
-6.154126E-08,-1.4927194E-01
-6.149126E-08,-1.4932464E-01
-6.144126E-08,-1.4932464E-01
-6.139126E-08,-1.4937735E-01
-6.134126E-08,-1.4937735E-01
-6.129126E-08,-1.4943006E-01
-6.124126E-08,-1.4943006E-01
-6.119126E-08,-1.4948277E-01
-6.114126E-08,-1.4948277E-01
-6.109126E-08,-1.4948277E-01
-6.104126E-08,-1.4953548E-01
-6.099126E-08,-1.4953548E-01
-6.094126E-08,-1.4953548E-01
-6.089126E-08,-1.4953548E-01
-6.084126E-08,-1.4953548E-01
-6.079126E-08,-1.4953548E-01
-6.074126E-08,-1.4953548E-01
-6.069126E-08,-1.4953548E-01
-6.064126E-08,-1.4953548E-01
-6.059126E-08,-1.4953548E-01
-6.054126E-08,-1.4953548E-01
-6.049126E-08,-1.4948277E-01
-6.044126E-08,-1.4948277E-01
-6.039126E-08,-1.4943006E-01
-6.034126E-08,-1.4943006E-01
-6.029126E-08,-1.4937735E-01
-6.024126E-08,-1.4932464E-01
-6.019126E-08,-1.4932464E-01
-6.014126E-08,-1.4927194E-01
-6.009126E-08,-1.4921923E-01
-6.004126E-08,-1.4916652E-01
-5.999126E-08,-1.4911381E-01
-5.994126E-08,-1.4906110E-01
-5.989126E-08,-1.4900839E-01
-5.984126E-08,-1.4900839E-01
-5.979126E-08,-1.4895568E-01
-5.974126E-08,-1.4890297E-01
-5.969126E-08,-1.4885026E-01
-5.964126E-08,-1.4885026E-01
-5.959126E-08,-1.4879755E-01
-5.954126E-08,-1.4879755E-01
-5.949126E-08,-1.4874485E-01
-5.944126E-08,-1.4874485E-01
-5.939126E-08,-1.4874485E-01
-5.934126E-08,-1.4874485E-01
-5.929126E-08,-1.4874485E-01
-5.924126E-08,-1.4874485E-01
-5.919126E-08,-1.4879755E-01
-5.914126E-08,-1.4879755E-01
-5.909126E-08,-1.4885026E-01
-5.904126E-08,-1.4885026E-01
-5.899126E-08,-1.4890297E-01
-5.894126E-08,-1.4895568E-01
-5.889126E-08,-1.4900839E-01
-5.884126E-08,-1.4911381E-01
-5.879126E-08,-1.4916652E-01
-5.874126E-08,-1.4921923E-01
-5.869126E-08,-1.4927194E-01
-5.864126E-08,-1.4937735E-01
-5.859126E-08,-1.4943006E-01
-5.854126E-08,-1.4948277E-01
-5.849126E-08,-1.4953548E-01
-5.844126E-08,-1.4964090E-01
-5.839126E-08,-1.4969361E-01
-5.834126E-08,-1.4974632E-01
-5.829126E-08,-1.4979903E-01
-5.824126E-08,-1.4985173E-01
-5.819126E-08,-1.4985173E-01
-5.814126E-08,-1.4990444E-01
-5.809126E-08,-1.4995715E-01
-5.804126E-08,-1.4995715E-01
-5.799126E-08,-1.4995715E-01
-5.794126E-08,-1.4995715E-01
-5.789126E-08,-1.4995715E-01
-5.784126E-08,-1.4995715E-01
-5.779126E-08,-1.4995715E-01
-5.774126E-08,-1.4990444E-01
-5.769126E-08,-1.4990444E-01
-5.764126E-08,-1.4985173E-01
-5.759126E-08,-1.4985173E-01
-5.754126E-08,-1.4979903E-01
-5.749126E-08,-1.4974632E-01
-5.744126E-08,-1.4969361E-01
-5.739126E-08,-1.4969361E-01
-5.734126E-08,-1.4964090E-01
-5.729126E-08,-1.4958819E-01
-5.724126E-08,-1.4953548E-01
-5.719126E-08,-1.4953548E-01
-5.714126E-08,-1.4948277E-01
-5.709126E-08,-1.4948277E-01
-5.704126E-08,-1.4943006E-01
-5.699126E-08,-1.4943006E-01
-5.694126E-08,-1.4943006E-01
-5.689126E-08,-1.4943006E-01
-5.684126E-08,-1.4943006E-01
-5.679126E-08,-1.4943006E-01
-5.674126E-08,-1.4943006E-01
-5.669126E-08,-1.4943006E-01
-5.664126E-08,-1.4948277E-01
-5.659126E-08,-1.4948277E-01
-5.654126E-08,-1.4953548E-01
-5.649126E-08,-1.4953548E-01
-5.644126E-08,-1.4958819E-01
-5.639126E-08,-1.4964090E-01
-5.634126E-08,-1.4964090E-01
-5.629126E-08,-1.4969361E-01
-5.624126E-08,-1.4969361E-01
-5.619126E-08,-1.4974632E-01
-5.614126E-08,-1.4974632E-01
-5.609126E-08,-1.4979903E-01
-5.604126E-08,-1.4979903E-01
-5.599126E-08,-1.4979903E-01
-5.594126E-08,-1.4979903E-01
-5.589126E-08,-1.4979903E-01
-5.584126E-08,-1.4979903E-01
-5.579126E-08,-1.4979903E-01
-5.574126E-08,-1.4979903E-01
-5.569126E-08,-1.4974632E-01
-5.564126E-08,-1.4974632E-01
-5.559126E-08,-1.4969361E-01
-5.554126E-08,-1.4969361E-01
-5.549126E-08,-1.4964090E-01
-5.544126E-08,-1.4958819E-01
-5.539126E-08,-1.4953548E-01
-5.534126E-08,-1.4948277E-01
-5.529126E-08,-1.4948277E-01
-5.524126E-08,-1.4943006E-01
-5.519126E-08,-1.4937735E-01
-5.514126E-08,-1.4932464E-01
-5.509126E-08,-1.4927194E-01
-5.504126E-08,-1.4927194E-01
-5.499126E-08,-1.4921923E-01
-5.494126E-08,-1.4916652E-01
-5.489126E-08,-1.4916652E-01
-5.484126E-08,-1.4916652E-01
-5.479126E-08,-1.4911381E-01
-5.474126E-08,-1.4911381E-01
-5.469126E-08,-1.4911381E-01
-5.464126E-08,-1.4911381E-01
-5.459126E-08,-1.4911381E-01
-5.454126E-08,-1.4911381E-01
-5.449126E-08,-1.4911381E-01
-5.444126E-08,-1.4911381E-01
-5.439126E-08,-1.4911381E-01
-5.434126E-08,-1.4911381E-01
-5.429126E-08,-1.4916652E-01
-5.424126E-08,-1.4916652E-01
-5.419126E-08,-1.4916652E-01
-5.414126E-08,-1.4916652E-01
-5.409126E-08,-1.4921923E-01
-5.404126E-08,-1.4921923E-01
-5.399126E-08,-1.4921923E-01
-5.394126E-08,-1.4921923E-01
-5.389126E-08,-1.4921923E-01
-5.384126E-08,-1.4921923E-01
-5.379126E-08,-1.4921923E-01
-5.374126E-08,-1.4921923E-01
-5.369126E-08,-1.4921923E-01
-5.364126E-08,-1.4916652E-01
-5.359126E-08,-1.4916652E-01
-5.354126E-08,-1.4911381E-01
-5.349126E-08,-1.4911381E-01
-5.344126E-08,-1.4906110E-01
-5.339126E-08,-1.4906110E-01
-5.334126E-08,-1.4900839E-01
-5.329126E-08,-1.4900839E-01
-5.324126E-08,-1.4895568E-01
-5.319126E-08,-1.4890297E-01
-5.314126E-08,-1.4890297E-01
-5.309126E-08,-1.4885026E-01
-5.304126E-08,-1.4879755E-01
-5.299126E-08,-1.4879755E-01
-5.294126E-08,-1.4874485E-01
-5.289126E-08,-1.4874485E-01
-5.284126E-08,-1.4874485E-01
-5.279126E-08,-1.4869214E-01
-5.274126E-08,-1.4869214E-01
-5.269126E-08,-1.4869214E-01
-5.264126E-08,-1.4869214E-01
-5.259126E-08,-1.4869214E-01
-5.254126E-08,-1.4869214E-01
-5.249126E-08,-1.4874485E-01
-5.244126E-08,-1.4874485E-01
-5.239126E-08,-1.4874485E-01
-5.234126E-08,-1.4879755E-01
-5.229126E-08,-1.4879755E-01
-5.224126E-08,-1.4885026E-01
-5.219126E-08,-1.4885026E-01
-5.214126E-08,-1.4890297E-01
-5.209126E-08,-1.4890297E-01
-5.204126E-08,-1.4895568E-01
-5.199126E-08,-1.4895568E-01
-5.194126E-08,-1.4900839E-01
-5.189126E-08,-1.4900839E-01
-5.184126E-08,-1.4906110E-01
-5.179126E-08,-1.4906110E-01
-5.174126E-08,-1.4906110E-01
-5.169126E-08,-1.4911381E-01
-5.164126E-08,-1.4911381E-01
-5.159126E-08,-1.4911381E-01
-5.154126E-08,-1.4911381E-01
-5.149126E-08,-1.4911381E-01
-5.144126E-08,-1.4911381E-01
-5.139126E-08,-1.4911381E-01
-5.134126E-08,-1.4911381E-01
-5.129126E-08,-1.4911381E-01
-5.124126E-08,-1.4911381E-01
-5.119126E-08,-1.4911381E-01
-5.114126E-08,-1.4911381E-01
-5.109126E-08,-1.4911381E-01
-5.104126E-08,-1.4911381E-01
-5.099126E-08,-1.4911381E-01
-5.094126E-08,-1.4911381E-01
-5.089126E-08,-1.4911381E-01
-5.084126E-08,-1.4911381E-01
-5.079126E-08,-1.4911381E-01
-5.074126E-08,-1.4916652E-01
-5.069126E-08,-1.4916652E-01
-5.064126E-08,-1.4916652E-01
-5.059126E-08,-1.4921923E-01
-5.054126E-08,-1.4921923E-01
-5.049126E-08,-1.4927194E-01
-5.044126E-08,-1.4927194E-01
-5.039126E-08,-1.4932464E-01
-5.034126E-08,-1.4937735E-01
-5.029126E-08,-1.4937735E-01
-5.024126E-08,-1.4943006E-01
-5.019126E-08,-1.4948277E-01
-5.014126E-08,-1.4948277E-01
-5.009126E-08,-1.4953548E-01
-5.004126E-08,-1.4953548E-01
-4.999126E-08,-1.4958819E-01
-4.994126E-08,-1.4958819E-01
-4.989126E-08,-1.4964090E-01
-4.984126E-08,-1.4964090E-01
-4.979126E-08,-1.4964090E-01
-4.974126E-08,-1.4964090E-01
-4.969126E-08,-1.4964090E-01
-4.964126E-08,-1.4964090E-01
-4.959126E-08,-1.4958819E-01
-4.954126E-08,-1.4958819E-01
-4.949126E-08,-1.4958819E-01
-4.944126E-08,-1.4953548E-01
-4.939126E-08,-1.4948277E-01
-4.934126E-08,-1.4948277E-01
-4.929126E-08,-1.4943006E-01
-4.924126E-08,-1.4937735E-01
-4.919126E-08,-1.4932464E-01
-4.914126E-08,-1.4927194E-01
-4.909126E-08,-1.4921923E-01
-4.904126E-08,-1.4916652E-01
-4.899126E-08,-1.4916652E-01
-4.894126E-08,-1.4911381E-01
-4.889126E-08,-1.4906110E-01
-4.884126E-08,-1.4900839E-01
-4.879126E-08,-1.4900839E-01
-4.874126E-08,-1.4895568E-01
-4.869126E-08,-1.4895568E-01
-4.864126E-08,-1.4895568E-01
-4.859126E-08,-1.4895568E-01
-4.854126E-08,-1.4895568E-01
-4.849126E-08,-1.4895568E-01
-4.844126E-08,-1.4900839E-01
-4.839126E-08,-1.4900839E-01
-4.834126E-08,-1.4906110E-01
-4.829126E-08,-1.4911381E-01
-4.824126E-08,-1.4916652E-01
-4.819126E-08,-1.4921923E-01
-4.814126E-08,-1.4927194E-01
-4.809126E-08,-1.4932464E-01
-4.804126E-08,-1.4937735E-01
-4.799126E-08,-1.4943006E-01
-4.794126E-08,-1.4953548E-01
-4.789126E-08,-1.4958819E-01
-4.784126E-08,-1.4964090E-01
-4.779126E-08,-1.4969361E-01
-4.774126E-08,-1.4974632E-01
-4.769126E-08,-1.4979903E-01
-4.764126E-08,-1.4985173E-01
-4.759126E-08,-1.4990444E-01
-4.754126E-08,-1.4990444E-01
-4.749126E-08,-1.4995715E-01
-4.744126E-08,-1.4995715E-01
-4.739126E-08,-1.4995715E-01
-4.734126E-08,-1.4995715E-01
-4.729126E-08,-1.4990444E-01
-4.724126E-08,-1.4990444E-01
-4.719126E-08,-1.4985173E-01
-4.714126E-08,-1.4979903E-01
-4.709126E-08,-1.4974632E-01
-4.704126E-08,-1.4969361E-01
-4.699126E-08,-1.4958819E-01
-4.694126E-08,-1.4953548E-01
-4.689126E-08,-1.4943006E-01
-4.684126E-08,-1.4937735E-01
-4.679126E-08,-1.4927194E-01
-4.674126E-08,-1.4921923E-01
-4.669126E-08,-1.4911381E-01
-4.664126E-08,-1.4900839E-01
-4.659126E-08,-1.4895568E-01
-4.654126E-08,-1.4890297E-01
-4.649126E-08,-1.4879755E-01
-4.644126E-08,-1.4874485E-01
-4.639126E-08,-1.4869214E-01
-4.634126E-08,-1.4863943E-01
-4.629126E-08,-1.4858672E-01
-4.624126E-08,-1.4858672E-01
-4.619126E-08,-1.4853401E-01
-4.614126E-08,-1.4853401E-01
-4.609126E-08,-1.4853401E-01
-4.604126E-08,-1.4853401E-01
-4.599126E-08,-1.4853401E-01
-4.594126E-08,-1.4858672E-01
-4.589126E-08,-1.4858672E-01
-4.584126E-08,-1.4863943E-01
-4.579126E-08,-1.4869214E-01
-4.574126E-08,-1.4874485E-01
-4.569126E-08,-1.4879755E-01
-4.564126E-08,-1.4885026E-01
-4.559126E-08,-1.4890297E-01
-4.554126E-08,-1.4895568E-01
-4.549126E-08,-1.4900839E-01
-4.544126E-08,-1.4906110E-01
-4.539126E-08,-1.4911381E-01
-4.534126E-08,-1.4916652E-01
-4.529126E-08,-1.4921923E-01
-4.524126E-08,-1.4921923E-01
-4.519126E-08,-1.4927194E-01
-4.514126E-08,-1.4927194E-01
-4.509126E-08,-1.4932464E-01
-4.504126E-08,-1.4932464E-01
-4.499126E-08,-1.4932464E-01
-4.494126E-08,-1.4932464E-01
-4.489126E-08,-1.4932464E-01
-4.484126E-08,-1.4927194E-01
-4.479126E-08,-1.4927194E-01
-4.474126E-08,-1.4921923E-01
-4.469126E-08,-1.4916652E-01
-4.464126E-08,-1.4911381E-01
-4.459126E-08,-1.4906110E-01
-4.454126E-08,-1.4900839E-01
-4.449126E-08,-1.4895568E-01
-4.444126E-08,-1.4890297E-01
-4.439126E-08,-1.4885026E-01
-4.434126E-08,-1.4879755E-01
-4.429126E-08,-1.4874485E-01
-4.424126E-08,-1.4863943E-01
-4.419126E-08,-1.4858672E-01
-4.414126E-08,-1.4853401E-01
-4.409126E-08,-1.4848130E-01
-4.404126E-08,-1.4842859E-01
-4.399126E-08,-1.4837588E-01
-4.394126E-08,-1.4837588E-01
-4.389126E-08,-1.4832317E-01
-4.384126E-08,-1.4832317E-01
-4.379126E-08,-1.4827046E-01
-4.374126E-08,-1.4827046E-01
-4.369126E-08,-1.4827046E-01
-4.364126E-08,-1.4827046E-01
-4.359126E-08,-1.4827046E-01
-4.354126E-08,-1.4827046E-01
-4.349126E-08,-1.4832317E-01
-4.344126E-08,-1.4832317E-01
-4.339126E-08,-1.4837588E-01
-4.334126E-08,-1.4837588E-01
-4.329126E-08,-1.4842859E-01
-4.324126E-08,-1.4842859E-01
-4.319126E-08,-1.4848130E-01
-4.314126E-08,-1.4853401E-01
-4.309126E-08,-1.4853401E-01
-4.304126E-08,-1.4858672E-01
-4.299126E-08,-1.4863943E-01
-4.294126E-08,-1.4863943E-01
-4.289126E-08,-1.4869214E-01
-4.284126E-08,-1.4874485E-01
-4.279126E-08,-1.4874485E-01
-4.274126E-08,-1.4879755E-01
-4.269126E-08,-1.4879755E-01
-4.264126E-08,-1.4879755E-01
-4.259126E-08,-1.4885026E-01
-4.254126E-08,-1.4885026E-01
-4.249126E-08,-1.4885026E-01
-4.244126E-08,-1.4885026E-01
-4.239126E-08,-1.4885026E-01
-4.234126E-08,-1.4885026E-01
-4.229126E-08,-1.4885026E-01
-4.224126E-08,-1.4885026E-01
-4.219126E-08,-1.4885026E-01
-4.214126E-08,-1.4885026E-01
-4.209126E-08,-1.4885026E-01
-4.204126E-08,-1.4885026E-01
-4.199126E-08,-1.4879755E-01
-4.194126E-08,-1.4879755E-01
-4.189126E-08,-1.4879755E-01
-4.184126E-08,-1.4879755E-01
-4.179126E-08,-1.4874485E-01
-4.174126E-08,-1.4874485E-01
-4.169126E-08,-1.4874485E-01
-4.164126E-08,-1.4874485E-01
-4.159126E-08,-1.4874485E-01
-4.154126E-08,-1.4874485E-01
-4.149126E-08,-1.4869214E-01
-4.144126E-08,-1.4869214E-01
-4.139126E-08,-1.4869214E-01
-4.134126E-08,-1.4869214E-01
-4.129126E-08,-1.4869214E-01
-4.124126E-08,-1.4869214E-01
-4.119126E-08,-1.4869214E-01
-4.114126E-08,-1.4869214E-01
-4.109126E-08,-1.4869214E-01
-4.104126E-08,-1.4869214E-01
-4.099126E-08,-1.4863943E-01
-4.094126E-08,-1.4863943E-01
-4.089126E-08,-1.4863943E-01
-4.084126E-08,-1.4863943E-01
-4.079126E-08,-1.4863943E-01
-4.074126E-08,-1.4863943E-01
-4.069126E-08,-1.4863943E-01
-4.064126E-08,-1.4863943E-01
-4.059126E-08,-1.4863943E-01
-4.054126E-08,-1.4863943E-01
-4.049126E-08,-1.4858672E-01
-4.044126E-08,-1.4858672E-01
-4.039126E-08,-1.4858672E-01
-4.034126E-08,-1.4858672E-01
-4.029126E-08,-1.4858672E-01
-4.024126E-08,-1.4858672E-01
-4.019126E-08,-1.4858672E-01
-4.014126E-08,-1.4858672E-01
-4.009126E-08,-1.4858672E-01
-4.004126E-08,-1.4858672E-01
-3.999126E-08,-1.4858672E-01
-3.994126E-08,-1.4863943E-01
-3.989126E-08,-1.4863943E-01
-3.984126E-08,-1.4863943E-01
-3.979126E-08,-1.4869214E-01
-3.974126E-08,-1.4869214E-01
-3.969126E-08,-1.4874485E-01
-3.964126E-08,-1.4874485E-01
-3.959126E-08,-1.4879755E-01
-3.954126E-08,-1.4885026E-01
-3.949126E-08,-1.4885026E-01
-3.944126E-08,-1.4890297E-01
-3.939126E-08,-1.4895568E-01
-3.934126E-08,-1.4900839E-01
-3.929126E-08,-1.4906110E-01
-3.924126E-08,-1.4911381E-01
-3.919126E-08,-1.4911381E-01
-3.914126E-08,-1.4916652E-01
-3.909126E-08,-1.4921923E-01
-3.904126E-08,-1.4927194E-01
-3.899126E-08,-1.4932464E-01
-3.894126E-08,-1.4937735E-01
-3.889126E-08,-1.4937735E-01
-3.884126E-08,-1.4943006E-01
-3.879126E-08,-1.4948277E-01
-3.874126E-08,-1.4948277E-01
-3.869126E-08,-1.4953548E-01
-3.864126E-08,-1.4953548E-01
-3.859126E-08,-1.4953548E-01
-3.854126E-08,-1.4953548E-01
-3.849126E-08,-1.4953548E-01
-3.844126E-08,-1.4953548E-01
-3.839126E-08,-1.4953548E-01
-3.834126E-08,-1.4953548E-01
-3.829126E-08,-1.4953548E-01
-3.824126E-08,-1.4953548E-01
-3.819126E-08,-1.4953548E-01
-3.814126E-08,-1.4948277E-01
-3.809126E-08,-1.4948277E-01
-3.804126E-08,-1.4943006E-01
-3.799126E-08,-1.4943006E-01
-3.794126E-08,-1.4937735E-01
-3.789126E-08,-1.4937735E-01
-3.784126E-08,-1.4937735E-01
-3.779126E-08,-1.4932464E-01
-3.774126E-08,-1.4932464E-01
-3.769126E-08,-1.4927194E-01
-3.764126E-08,-1.4927194E-01
-3.759126E-08,-1.4927194E-01
-3.754126E-08,-1.4927194E-01
-3.749126E-08,-1.4927194E-01
-3.744126E-08,-1.4927194E-01
-3.739126E-08,-1.4927194E-01
-3.734126E-08,-1.4927194E-01
-3.729126E-08,-1.4927194E-01
-3.724126E-08,-1.4927194E-01
-3.719126E-08,-1.4927194E-01
-3.714126E-08,-1.4932464E-01
-3.709126E-08,-1.4932464E-01
-3.704126E-08,-1.4937735E-01
-3.699126E-08,-1.4937735E-01
-3.694126E-08,-1.4943006E-01
-3.689126E-08,-1.4948277E-01
-3.684126E-08,-1.4948277E-01
-3.679126E-08,-1.4953548E-01
-3.674126E-08,-1.4958819E-01
-3.669126E-08,-1.4958819E-01
-3.664126E-08,-1.4964090E-01
-3.659126E-08,-1.4964090E-01
-3.654126E-08,-1.4969361E-01
-3.649126E-08,-1.4969361E-01
-3.644126E-08,-1.4974632E-01
-3.639126E-08,-1.4974632E-01
-3.634126E-08,-1.4974632E-01
-3.629126E-08,-1.4974632E-01
-3.624126E-08,-1.4974632E-01
-3.619126E-08,-1.4974632E-01
-3.614126E-08,-1.4974632E-01
-3.609126E-08,-1.4974632E-01
-3.604126E-08,-1.4974632E-01
-3.599126E-08,-1.4969361E-01
-3.594126E-08,-1.4969361E-01
-3.589126E-08,-1.4969361E-01
-3.584126E-08,-1.4964090E-01
-3.579126E-08,-1.4958819E-01
-3.574126E-08,-1.4958819E-01
-3.569126E-08,-1.4953548E-01
-3.564126E-08,-1.4948277E-01
-3.559126E-08,-1.4948277E-01
-3.554126E-08,-1.4943006E-01
-3.549126E-08,-1.4937735E-01
-3.544126E-08,-1.4932464E-01
-3.539126E-08,-1.4932464E-01
-3.534126E-08,-1.4927194E-01
-3.529126E-08,-1.4921923E-01
-3.524126E-08,-1.4921923E-01
-3.519126E-08,-1.4916652E-01
-3.514126E-08,-1.4916652E-01
-3.509126E-08,-1.4916652E-01
-3.504126E-08,-1.4911381E-01
-3.499126E-08,-1.4911381E-01
-3.494126E-08,-1.4911381E-01
-3.489126E-08,-1.4911381E-01
-3.484126E-08,-1.4911381E-01
-3.479126E-08,-1.4911381E-01
-3.474126E-08,-1.4911381E-01
-3.469126E-08,-1.4911381E-01
-3.464126E-08,-1.4916652E-01
-3.459126E-08,-1.4916652E-01
-3.454126E-08,-1.4916652E-01
-3.449126E-08,-1.4916652E-01
-3.444126E-08,-1.4921923E-01
-3.439126E-08,-1.4921923E-01
-3.434126E-08,-1.4927194E-01
-3.429126E-08,-1.4927194E-01
-3.424126E-08,-1.4927194E-01
-3.419126E-08,-1.4932464E-01
-3.414126E-08,-1.4932464E-01
-3.409126E-08,-1.4932464E-01
-3.404126E-08,-1.4932464E-01
-3.399126E-08,-1.4937735E-01
-3.394126E-08,-1.4937735E-01
-3.389126E-08,-1.4937735E-01
-3.384126E-08,-1.4937735E-01
-3.379126E-08,-1.4937735E-01
-3.374126E-08,-1.4937735E-01
-3.369126E-08,-1.4932464E-01
-3.364126E-08,-1.4932464E-01
-3.359126E-08,-1.4932464E-01
-3.354126E-08,-1.4927194E-01
-3.349126E-08,-1.4927194E-01
-3.344126E-08,-1.4921923E-01
-3.339126E-08,-1.4921923E-01
-3.334126E-08,-1.4916652E-01
-3.329126E-08,-1.4911381E-01
-3.324126E-08,-1.4906110E-01
-3.319126E-08,-1.4906110E-01
-3.314126E-08,-1.4900839E-01
-3.309126E-08,-1.4895568E-01
-3.304126E-08,-1.4890297E-01
-3.299126E-08,-1.4885026E-01
-3.294126E-08,-1.4879755E-01
-3.289126E-08,-1.4874485E-01
-3.284126E-08,-1.4874485E-01
-3.279126E-08,-1.4869214E-01
-3.274126E-08,-1.4863943E-01
-3.269126E-08,-1.4858672E-01
-3.264126E-08,-1.4853401E-01
-3.259126E-08,-1.4853401E-01
-3.254126E-08,-1.4848130E-01
-3.249126E-08,-1.4842859E-01
-3.244126E-08,-1.4842859E-01
-3.239126E-08,-1.4837588E-01
-3.234126E-08,-1.4837588E-01
-3.229126E-08,-1.4832317E-01
-3.224126E-08,-1.4832317E-01
-3.219126E-08,-1.4832317E-01
-3.214126E-08,-1.4827046E-01
-3.209126E-08,-1.4827046E-01
-3.204126E-08,-1.4827046E-01
-3.199126E-08,-1.4827046E-01
-3.194126E-08,-1.4821776E-01
-3.189126E-08,-1.4821776E-01
-3.184126E-08,-1.4821776E-01
-3.179126E-08,-1.4821776E-01
-3.174126E-08,-1.4821776E-01
-3.169126E-08,-1.4821776E-01
-3.164126E-08,-1.4821776E-01
-3.159126E-08,-1.4821776E-01
-3.154126E-08,-1.4821776E-01
-3.149126E-08,-1.4821776E-01
-3.144126E-08,-1.4821776E-01
-3.139126E-08,-1.4821776E-01
-3.134126E-08,-1.4821776E-01
-3.129126E-08,-1.4821776E-01
-3.124126E-08,-1.4821776E-01
-3.119126E-08,-1.4821776E-01
-3.114126E-08,-1.4827046E-01
-3.109126E-08,-1.4827046E-01
-3.104126E-08,-1.4827046E-01
-3.099126E-08,-1.4821776E-01
-3.094126E-08,-1.4821776E-01
-3.089126E-08,-1.4821776E-01
-3.084126E-08,-1.4821776E-01
-3.079126E-08,-1.4821776E-01
-3.074126E-08,-1.4821776E-01
-3.069126E-08,-1.4821776E-01
-3.064126E-08,-1.4821776E-01
-3.059126E-08,-1.4821776E-01
-3.054126E-08,-1.4827046E-01
-3.049126E-08,-1.4827046E-01
-3.044126E-08,-1.4827046E-01
-3.039126E-08,-1.4827046E-01
-3.034126E-08,-1.4827046E-01
-3.029126E-08,-1.4827046E-01
-3.024126E-08,-1.4832317E-01
-3.019126E-08,-1.4832317E-01
-3.014126E-08,-1.4832317E-01
-3.009126E-08,-1.4837588E-01
-3.004126E-08,-1.4842859E-01
-2.999126E-08,-1.4842859E-01
-2.994126E-08,-1.4848130E-01
-2.989126E-08,-1.4853401E-01
-2.984126E-08,-1.4858672E-01
-2.979126E-08,-1.4863943E-01
-2.974126E-08,-1.4869214E-01
-2.969126E-08,-1.4874485E-01
-2.964126E-08,-1.4879755E-01
-2.959126E-08,-1.4885026E-01
-2.954126E-08,-1.4890297E-01
-2.949126E-08,-1.4895568E-01
-2.944126E-08,-1.4906110E-01
-2.939126E-08,-1.4911381E-01
-2.934126E-08,-1.4916652E-01
-2.929126E-08,-1.4921923E-01
-2.924126E-08,-1.4927194E-01
-2.919126E-08,-1.4932464E-01
-2.914126E-08,-1.4937735E-01
-2.909126E-08,-1.4943006E-01
-2.904126E-08,-1.4948277E-01
-2.899126E-08,-1.4953548E-01
-2.894126E-08,-1.4958819E-01
-2.889126E-08,-1.4958819E-01
-2.884126E-08,-1.4964090E-01
-2.879126E-08,-1.4964090E-01
-2.874126E-08,-1.4964090E-01
-2.869126E-08,-1.4964090E-01
-2.864126E-08,-1.4964090E-01
-2.859126E-08,-1.4964090E-01
-2.854126E-08,-1.4958819E-01
-2.849126E-08,-1.4958819E-01
-2.844126E-08,-1.4953548E-01
-2.839126E-08,-1.4948277E-01
-2.834126E-08,-1.4948277E-01
-2.829126E-08,-1.4943006E-01
-2.824126E-08,-1.4937735E-01
-2.819126E-08,-1.4932464E-01
-2.814126E-08,-1.4927194E-01
-2.809126E-08,-1.4921923E-01
-2.804126E-08,-1.4911381E-01
-2.799126E-08,-1.4906110E-01
-2.794126E-08,-1.4900839E-01
-2.789126E-08,-1.4895568E-01
-2.784126E-08,-1.4890297E-01
-2.779126E-08,-1.4885026E-01
-2.774126E-08,-1.4879755E-01
-2.769126E-08,-1.4879755E-01
-2.764126E-08,-1.4874485E-01
-2.759126E-08,-1.4874485E-01
-2.754126E-08,-1.4869214E-01
-2.749126E-08,-1.4869214E-01
-2.744126E-08,-1.4869214E-01
-2.739126E-08,-1.4869214E-01
-2.734126E-08,-1.4869214E-01
-2.729126E-08,-1.4869214E-01
-2.724126E-08,-1.4869214E-01
-2.719126E-08,-1.4874485E-01
-2.714126E-08,-1.4879755E-01
-2.709126E-08,-1.4879755E-01
-2.704126E-08,-1.4885026E-01
-2.699126E-08,-1.4890297E-01
-2.694126E-08,-1.4895568E-01
-2.689126E-08,-1.4900839E-01
-2.684126E-08,-1.4906110E-01
-2.679126E-08,-1.4911381E-01
-2.674126E-08,-1.4916652E-01
-2.669126E-08,-1.4921923E-01
-2.664126E-08,-1.4927194E-01
-2.659126E-08,-1.4932464E-01
-2.654126E-08,-1.4937735E-01
-2.649126E-08,-1.4937735E-01
-2.644126E-08,-1.4943006E-01
-2.639126E-08,-1.4948277E-01
-2.634126E-08,-1.4948277E-01
-2.629126E-08,-1.4948277E-01
-2.624126E-08,-1.4953548E-01
-2.619126E-08,-1.4953548E-01
-2.614126E-08,-1.4953548E-01
-2.609126E-08,-1.4953548E-01
-2.604126E-08,-1.4948277E-01
-2.599126E-08,-1.4948277E-01
-2.594126E-08,-1.4943006E-01
-2.589126E-08,-1.4943006E-01
-2.584126E-08,-1.4937735E-01
-2.579126E-08,-1.4937735E-01
-2.574126E-08,-1.4932464E-01
-2.569126E-08,-1.4927194E-01
-2.564126E-08,-1.4927194E-01
-2.559126E-08,-1.4921923E-01
-2.554126E-08,-1.4916652E-01
-2.549126E-08,-1.4916652E-01
-2.544126E-08,-1.4911381E-01
-2.539126E-08,-1.4911381E-01
-2.534126E-08,-1.4906110E-01
-2.529126E-08,-1.4906110E-01
-2.524126E-08,-1.4906110E-01
-2.519126E-08,-1.4900839E-01
-2.514126E-08,-1.4900839E-01
-2.509126E-08,-1.4906110E-01
-2.504126E-08,-1.4906110E-01
-2.499126E-08,-1.4906110E-01
-2.494126E-08,-1.4911381E-01
-2.489126E-08,-1.4911381E-01
-2.484126E-08,-1.4916652E-01
-2.479126E-08,-1.4921923E-01
-2.474126E-08,-1.4927194E-01
-2.469126E-08,-1.4932464E-01
-2.464126E-08,-1.4937735E-01
-2.459126E-08,-1.4943006E-01
-2.454126E-08,-1.4948277E-01
-2.449126E-08,-1.4953548E-01
-2.444126E-08,-1.4958819E-01
-2.439126E-08,-1.4964090E-01
-2.434126E-08,-1.4969361E-01
-2.429126E-08,-1.4974632E-01
-2.424126E-08,-1.4979903E-01
-2.419126E-08,-1.4979903E-01
-2.414126E-08,-1.4985173E-01
-2.409126E-08,-1.4990444E-01
-2.404126E-08,-1.4990444E-01
-2.399126E-08,-1.4990444E-01
-2.394126E-08,-1.4990444E-01
-2.389126E-08,-1.4990444E-01
-2.384126E-08,-1.4990444E-01
-2.379126E-08,-1.4990444E-01
-2.374126E-08,-1.4985173E-01
-2.369126E-08,-1.4985173E-01
-2.364126E-08,-1.4979903E-01
-2.359126E-08,-1.4974632E-01
-2.354126E-08,-1.4969361E-01
-2.349126E-08,-1.4964090E-01
-2.344126E-08,-1.4958819E-01
-2.339126E-08,-1.4948277E-01
-2.334126E-08,-1.4943006E-01
-2.329126E-08,-1.4937735E-01
-2.324126E-08,-1.4927194E-01
-2.319126E-08,-1.4921923E-01
-2.314126E-08,-1.4911381E-01
-2.309126E-08,-1.4906110E-01
-2.304126E-08,-1.4900839E-01
-2.299126E-08,-1.4895568E-01
-2.294126E-08,-1.4890297E-01
-2.289126E-08,-1.4885026E-01
-2.284126E-08,-1.4879755E-01
-2.279126E-08,-1.4874485E-01
-2.274126E-08,-1.4869214E-01
-2.269126E-08,-1.4869214E-01
-2.264126E-08,-1.4869214E-01
-2.259126E-08,-1.4869214E-01
-2.254126E-08,-1.4869214E-01
-2.249126E-08,-1.4869214E-01
-2.244126E-08,-1.4869214E-01
-2.239126E-08,-1.4869214E-01
-2.234126E-08,-1.4874485E-01
-2.229126E-08,-1.4874485E-01
-2.224126E-08,-1.4879755E-01
-2.219126E-08,-1.4885026E-01
-2.214126E-08,-1.4890297E-01
-2.209126E-08,-1.4895568E-01
-2.204126E-08,-1.4900839E-01
-2.199126E-08,-1.4900839E-01
-2.194126E-08,-1.4906110E-01
-2.189126E-08,-1.4911381E-01
-2.184126E-08,-1.4916652E-01
-2.179126E-08,-1.4921923E-01
-2.174126E-08,-1.4927194E-01
-2.169126E-08,-1.4927194E-01
-2.164126E-08,-1.4932464E-01
-2.159126E-08,-1.4932464E-01
-2.154126E-08,-1.4937735E-01
-2.149126E-08,-1.4937735E-01
-2.144126E-08,-1.4937735E-01
-2.139126E-08,-1.4937735E-01
-2.134126E-08,-1.4937735E-01
-2.129126E-08,-1.4932464E-01
-2.124126E-08,-1.4932464E-01
-2.119126E-08,-1.4927194E-01
-2.114126E-08,-1.4927194E-01
-2.109126E-08,-1.4921923E-01
-2.104126E-08,-1.4916652E-01
-2.099126E-08,-1.4911381E-01
-2.094126E-08,-1.4906110E-01
-2.089126E-08,-1.4900839E-01
-2.084126E-08,-1.4895568E-01
-2.079126E-08,-1.4890297E-01
-2.074126E-08,-1.4885026E-01
-2.069126E-08,-1.4879755E-01
-2.064126E-08,-1.4874485E-01
-2.059126E-08,-1.4869214E-01
-2.054126E-08,-1.4863943E-01
-2.049126E-08,-1.4858672E-01
-2.044126E-08,-1.4853401E-01
-2.039126E-08,-1.4853401E-01
-2.034126E-08,-1.4848130E-01
-2.029126E-08,-1.4848130E-01
-2.024126E-08,-1.4842859E-01
-2.019126E-08,-1.4842859E-01
-2.014126E-08,-1.4842859E-01
-2.009126E-08,-1.4842859E-01
-2.004126E-08,-1.4842859E-01
-1.999126E-08,-1.4842859E-01
-1.994126E-08,-1.4848130E-01
-1.989126E-08,-1.4848130E-01
-1.984126E-08,-1.4853401E-01
-1.979126E-08,-1.4853401E-01
-1.974126E-08,-1.4858672E-01
-1.969126E-08,-1.4863943E-01
-1.964126E-08,-1.4869214E-01
-1.959126E-08,-1.4869214E-01
-1.954126E-08,-1.4874485E-01
-1.949126E-08,-1.4879755E-01
-1.944126E-08,-1.4885026E-01
-1.939126E-08,-1.4890297E-01
-1.934126E-08,-1.4895568E-01
-1.929126E-08,-1.4895568E-01
-1.924126E-08,-1.4900839E-01
-1.919126E-08,-1.4906110E-01
-1.914126E-08,-1.4906110E-01
-1.909126E-08,-1.4911381E-01
-1.904126E-08,-1.4911381E-01
-1.899126E-08,-1.4916652E-01
-1.894126E-08,-1.4916652E-01
-1.889126E-08,-1.4916652E-01
-1.884126E-08,-1.4916652E-01
-1.879126E-08,-1.4916652E-01
-1.874126E-08,-1.4916652E-01
-1.869126E-08,-1.4916652E-01
-1.864126E-08,-1.4916652E-01
-1.859126E-08,-1.4916652E-01
-1.854126E-08,-1.4911381E-01
-1.849126E-08,-1.4911381E-01
-1.844126E-08,-1.4911381E-01
-1.839126E-08,-1.4906110E-01
-1.834126E-08,-1.4906110E-01
-1.829126E-08,-1.4906110E-01
-1.824126E-08,-1.4900839E-01
-1.819126E-08,-1.4900839E-01
-1.814126E-08,-1.4895568E-01
-1.809126E-08,-1.4895568E-01
-1.804126E-08,-1.4890297E-01
-1.799126E-08,-1.4890297E-01
-1.794126E-08,-1.4885026E-01
-1.789126E-08,-1.4885026E-01
-1.784126E-08,-1.4879755E-01
-1.779126E-08,-1.4879755E-01
-1.774126E-08,-1.4879755E-01
-1.769126E-08,-1.4874485E-01
-1.764126E-08,-1.4874485E-01
-1.759126E-08,-1.4874485E-01
-1.754126E-08,-1.4874485E-01
-1.749126E-08,-1.4869214E-01
-1.744126E-08,-1.4869214E-01
-1.739126E-08,-1.4869214E-01
-1.734126E-08,-1.4869214E-01
-1.729126E-08,-1.4869214E-01
-1.724126E-08,-1.4869214E-01
-1.719126E-08,-1.4869214E-01
-1.714126E-08,-1.4869214E-01
-1.709126E-08,-1.4869214E-01
-1.704126E-08,-1.4869214E-01
-1.699126E-08,-1.4869214E-01
-1.694126E-08,-1.4869214E-01
-1.689126E-08,-1.4869214E-01
-1.684126E-08,-1.4869214E-01
-1.679126E-08,-1.4874485E-01
-1.674126E-08,-1.4874485E-01
-1.669126E-08,-1.4874485E-01
-1.664126E-08,-1.4874485E-01
-1.659126E-08,-1.4874485E-01
-1.654126E-08,-1.4874485E-01
-1.649126E-08,-1.4879755E-01
-1.644126E-08,-1.4879755E-01
-1.639126E-08,-1.4879755E-01
-1.634126E-08,-1.4879755E-01
-1.629126E-08,-1.4885026E-01
-1.624126E-08,-1.4885026E-01
-1.619126E-08,-1.4885026E-01
-1.614126E-08,-1.4885026E-01
-1.609126E-08,-1.4890297E-01
-1.604126E-08,-1.4890297E-01
-1.599126E-08,-1.4890297E-01
-1.594126E-08,-1.4890297E-01
-1.589126E-08,-1.4890297E-01
-1.584126E-08,-1.4895568E-01
-1.579126E-08,-1.4895568E-01
-1.574126E-08,-1.4895568E-01
-1.569126E-08,-1.4895568E-01
-1.564126E-08,-1.4895568E-01
-1.559126E-08,-1.4900839E-01
-1.554126E-08,-1.4900839E-01
-1.549126E-08,-1.4900839E-01
-1.544126E-08,-1.4900839E-01
-1.539126E-08,-1.4900839E-01
-1.534126E-08,-1.4900839E-01
-1.529126E-08,-1.4906110E-01
-1.524126E-08,-1.4906110E-01
-1.519126E-08,-1.4906110E-01
-1.514126E-08,-1.4906110E-01
-1.509126E-08,-1.4906110E-01
-1.504126E-08,-1.4906110E-01
-1.499126E-08,-1.4911381E-01
-1.494126E-08,-1.4911381E-01
-1.489126E-08,-1.4911381E-01
-1.484126E-08,-1.4911381E-01
-1.479126E-08,-1.4911381E-01
-1.474126E-08,-1.4916652E-01
-1.469126E-08,-1.4916652E-01
-1.464126E-08,-1.4916652E-01
-1.459126E-08,-1.4921923E-01
-1.454126E-08,-1.4921923E-01
-1.449126E-08,-1.4921923E-01
-1.444126E-08,-1.4927194E-01
-1.439126E-08,-1.4927194E-01
-1.434126E-08,-1.4932464E-01
-1.429126E-08,-1.4932464E-01
-1.424126E-08,-1.4937735E-01
-1.419126E-08,-1.4937735E-01
-1.414126E-08,-1.4943006E-01
-1.409126E-08,-1.4943006E-01
-1.404126E-08,-1.4948277E-01
-1.399126E-08,-1.4948277E-01
-1.394126E-08,-1.4953548E-01
-1.389126E-08,-1.4953548E-01
-1.384126E-08,-1.4958819E-01
-1.379126E-08,-1.4958819E-01
-1.374126E-08,-1.4964090E-01
-1.369126E-08,-1.4964090E-01
-1.364126E-08,-1.4969361E-01
-1.359126E-08,-1.4969361E-01
-1.354126E-08,-1.4974632E-01
-1.349126E-08,-1.4974632E-01
-1.344126E-08,-1.4974632E-01
-1.339126E-08,-1.4979903E-01
-1.334126E-08,-1.4979903E-01
-1.329126E-08,-1.4979903E-01
-1.324126E-08,-1.4979903E-01
-1.319126E-08,-1.4979903E-01
-1.314126E-08,-1.4985173E-01
-1.309126E-08,-1.4985173E-01
-1.304126E-08,-1.4985173E-01
-1.299126E-08,-1.4985173E-01
-1.294126E-08,-1.4985173E-01
-1.289126E-08,-1.4985173E-01
-1.284126E-08,-1.4985173E-01
-1.279126E-08,-1.4985173E-01
-1.274126E-08,-1.4985173E-01
-1.269126E-08,-1.4985173E-01
-1.264126E-08,-1.4985173E-01
-1.259126E-08,-1.4985173E-01
-1.254126E-08,-1.4985173E-01
-1.249126E-08,-1.4985173E-01
-1.244126E-08,-1.4985173E-01
-1.239126E-08,-1.4985173E-01
-1.234126E-08,-1.4985173E-01
-1.229126E-08,-1.4979903E-01
-1.224126E-08,-1.4979903E-01
-1.219126E-08,-1.4979903E-01
-1.214126E-08,-1.4974632E-01
-1.209126E-08,-1.4974632E-01
-1.204126E-08,-1.4974632E-01
-1.199126E-08,-1.4969361E-01
-1.194126E-08,-1.4969361E-01
-1.189126E-08,-1.4964090E-01
-1.184126E-08,-1.4958819E-01
-1.179126E-08,-1.4958819E-01
-1.174126E-08,-1.4953548E-01
-1.169126E-08,-1.4948277E-01
-1.164126E-08,-1.4948277E-01
-1.159126E-08,-1.4943006E-01
-1.154126E-08,-1.4937735E-01
-1.149126E-08,-1.4932464E-01
-1.144126E-08,-1.4932464E-01
-1.139126E-08,-1.4927194E-01
-1.134126E-08,-1.4921923E-01
-1.129126E-08,-1.4921923E-01
-1.124126E-08,-1.4916652E-01
-1.119126E-08,-1.4911381E-01
-1.114126E-08,-1.4911381E-01
-1.109126E-08,-1.4906110E-01
-1.104126E-08,-1.4906110E-01
-1.099126E-08,-1.4906110E-01
-1.094126E-08,-1.4900839E-01
-1.089126E-08,-1.4900839E-01
-1.084126E-08,-1.4900839E-01
-1.079126E-08,-1.4900839E-01
-1.074126E-08,-1.4906110E-01
-1.069126E-08,-1.4906110E-01
-1.064126E-08,-1.4906110E-01
-1.059126E-08,-1.4906110E-01
-1.054126E-08,-1.4911381E-01
-1.049126E-08,-1.4916652E-01
-1.044126E-08,-1.4916652E-01
-1.039126E-08,-1.4921923E-01
-1.034126E-08,-1.4927194E-01
-1.029126E-08,-1.4927194E-01
-1.024126E-08,-1.4932464E-01
-1.019126E-08,-1.4937735E-01
-1.014126E-08,-1.4943006E-01
-1.009126E-08,-1.4943006E-01
-1.004126E-08,-1.4948277E-01
-9.99126E-09,-1.4953548E-01
-9.94126E-09,-1.4953548E-01
-9.89126E-09,-1.4958819E-01
-9.84126E-09,-1.4964090E-01
-9.79126E-09,-1.4964090E-01
-9.74126E-09,-1.4964090E-01
-9.69126E-09,-1.4964090E-01
-9.64126E-09,-1.4969361E-01
-9.59126E-09,-1.4969361E-01
-9.54126E-09,-1.4964090E-01
-9.49126E-09,-1.4964090E-01
-9.44126E-09,-1.4964090E-01
-9.39126E-09,-1.4964090E-01
-9.34126E-09,-1.4958819E-01
-9.29126E-09,-1.4958819E-01
-9.24126E-09,-1.4953548E-01
-9.19126E-09,-1.4953548E-01
-9.14126E-09,-1.4948277E-01
-9.09126E-09,-1.4943006E-01
-9.04126E-09,-1.4937735E-01
-8.99126E-09,-1.4937735E-01
-8.94126E-09,-1.4932464E-01
-8.89126E-09,-1.4927194E-01
-8.84126E-09,-1.4927194E-01
-8.79126E-09,-1.4921923E-01
-8.74126E-09,-1.4921923E-01
-8.69126E-09,-1.4916652E-01
-8.64126E-09,-1.4916652E-01
-8.59126E-09,-1.4916652E-01
-8.54126E-09,-1.4916652E-01
-8.49126E-09,-1.4916652E-01
-8.44126E-09,-1.4916652E-01
-8.39126E-09,-1.4916652E-01
-8.34126E-09,-1.4916652E-01
-8.29126E-09,-1.4916652E-01
-8.24126E-09,-1.4921923E-01
-8.19126E-09,-1.4921923E-01
-8.14126E-09,-1.4927194E-01
-8.09126E-09,-1.4927194E-01
-8.04126E-09,-1.4932464E-01
-7.99126E-09,-1.4937735E-01
-7.94126E-09,-1.4937735E-01
-7.89126E-09,-1.4943006E-01
-7.84126E-09,-1.4948277E-01
-7.79126E-09,-1.4948277E-01
-7.74126E-09,-1.4953548E-01
-7.69126E-09,-1.4958819E-01
-7.64126E-09,-1.4958819E-01
-7.59126E-09,-1.4958819E-01
-7.54126E-09,-1.4964090E-01
-7.49126E-09,-1.4964090E-01
-7.44126E-09,-1.4964090E-01
-7.39126E-09,-1.4969361E-01
-7.34126E-09,-1.4969361E-01
-7.29126E-09,-1.4969361E-01
-7.24126E-09,-1.4969361E-01
-7.19126E-09,-1.4969361E-01
-7.14126E-09,-1.4964090E-01
-7.09126E-09,-1.4964090E-01
-7.04126E-09,-1.4964090E-01
-6.99126E-09,-1.4958819E-01
-6.94126E-09,-1.4958819E-01
-6.89126E-09,-1.4953548E-01
-6.84126E-09,-1.4953548E-01
-6.79126E-09,-1.4948277E-01
-6.74126E-09,-1.4948277E-01
-6.69126E-09,-1.4943006E-01
-6.64126E-09,-1.4943006E-01
-6.59126E-09,-1.4937735E-01
-6.54126E-09,-1.4937735E-01
-6.49126E-09,-1.4932464E-01
-6.44126E-09,-1.4932464E-01
-6.39126E-09,-1.4932464E-01
-6.34126E-09,-1.4927194E-01
-6.29126E-09,-1.4927194E-01
-6.24126E-09,-1.4927194E-01
-6.19126E-09,-1.4927194E-01
-6.14126E-09,-1.4927194E-01
-6.09126E-09,-1.4921923E-01
-6.04126E-09,-1.4927194E-01
-5.99126E-09,-1.4927194E-01
-5.94126E-09,-1.4927194E-01
-5.89126E-09,-1.4927194E-01
-5.84126E-09,-1.4927194E-01
-5.79126E-09,-1.4927194E-01
-5.74126E-09,-1.4927194E-01
-5.69126E-09,-1.4932464E-01
-5.64126E-09,-1.4932464E-01
-5.59126E-09,-1.4932464E-01
-5.54126E-09,-1.4932464E-01
-5.49126E-09,-1.4932464E-01
-5.44126E-09,-1.4932464E-01
-5.39126E-09,-1.4937735E-01
-5.34126E-09,-1.4937735E-01
-5.29126E-09,-1.4937735E-01
-5.24126E-09,-1.4937735E-01
-5.19126E-09,-1.4937735E-01
-5.14126E-09,-1.4937735E-01
-5.09126E-09,-1.4932464E-01
-5.04126E-09,-1.4932464E-01
-4.99126E-09,-1.4932464E-01
-4.94126E-09,-1.4932464E-01
-4.89126E-09,-1.4927194E-01
-4.84126E-09,-1.4927194E-01
-4.79126E-09,-1.4927194E-01
-4.74126E-09,-1.4921923E-01
-4.69126E-09,-1.4921923E-01
-4.64126E-09,-1.4916652E-01
-4.59126E-09,-1.4916652E-01
-4.54126E-09,-1.4911381E-01
-4.49126E-09,-1.4911381E-01
-4.44126E-09,-1.4906110E-01
-4.39126E-09,-1.4906110E-01
-4.34126E-09,-1.4906110E-01
-4.29126E-09,-1.4900839E-01
-4.24126E-09,-1.4900839E-01
-4.19126E-09,-1.4900839E-01
-4.14126E-09,-1.4895568E-01
-4.09126E-09,-1.4895568E-01
-4.04126E-09,-1.4895568E-01
-3.99126E-09,-1.4895568E-01
-3.94126E-09,-1.4895568E-01
-3.89126E-09,-1.4895568E-01
-3.84126E-09,-1.4895568E-01
-3.79126E-09,-1.4895568E-01
-3.74126E-09,-1.4900839E-01
-3.69126E-09,-1.4900839E-01
-3.64126E-09,-1.4900839E-01
-3.59126E-09,-1.4906110E-01
-3.54126E-09,-1.4906110E-01
-3.49126E-09,-1.4911381E-01
-3.44126E-09,-1.4911381E-01
-3.39126E-09,-1.4916652E-01
-3.34126E-09,-1.4916652E-01
-3.29126E-09,-1.4921923E-01
-3.24126E-09,-1.4927194E-01
-3.19126E-09,-1.4927194E-01
-3.14126E-09,-1.4932464E-01
-3.09126E-09,-1.4932464E-01
-3.04126E-09,-1.4937735E-01
-2.99126E-09,-1.4937735E-01
-2.94126E-09,-1.4943006E-01
-2.89126E-09,-1.4943006E-01
-2.84126E-09,-1.4948277E-01
-2.79126E-09,-1.4948277E-01
-2.74126E-09,-1.4948277E-01
-2.69126E-09,-1.4948277E-01
-2.64126E-09,-1.4948277E-01
-2.59126E-09,-1.4948277E-01
-2.54126E-09,-1.4948277E-01
-2.49126E-09,-1.4948277E-01
-2.44126E-09,-1.4948277E-01
-2.39126E-09,-1.4943006E-01
-2.34126E-09,-1.4943006E-01
-2.29126E-09,-1.4937735E-01
-2.24126E-09,-1.4932464E-01
-2.19126E-09,-1.4932464E-01
-2.14126E-09,-1.4927194E-01
-2.09126E-09,-1.4921923E-01
-2.04126E-09,-1.4916652E-01
-1.99126E-09,-1.4911381E-01
-1.94126E-09,-1.4906110E-01
-1.89126E-09,-1.4900839E-01
-1.84126E-09,-1.4895568E-01
-1.79126E-09,-1.4890297E-01
-1.74126E-09,-1.4885026E-01
-1.69126E-09,-1.4879755E-01
-1.64126E-09,-1.4874485E-01
-1.59126E-09,-1.4874485E-01
-1.54126E-09,-1.4869214E-01
-1.49126E-09,-1.4863943E-01
-1.44126E-09,-1.4863943E-01
-1.39126E-09,-1.4858672E-01
-1.34126E-09,-1.4858672E-01
-1.29126E-09,-1.4858672E-01
-1.24126E-09,-1.4858672E-01
-1.19126E-09,-1.4858672E-01
-1.14126E-09,-1.4858672E-01
-1.09126E-09,-1.4858672E-01
-1.04126E-09,-1.4858672E-01
-9.9126E-10,-1.4863943E-01
-9.4126E-10,-1.4863943E-01
-8.9126E-10,-1.4863943E-01
-8.4126E-10,-1.4869214E-01
-7.9126E-10,-1.4874485E-01
-7.4126E-10,-1.4874485E-01
-6.9126E-10,-1.4879755E-01
-6.4126E-10,-1.4879755E-01
-5.9126E-10,-1.4885026E-01
-5.4126E-10,-1.4890297E-01
-4.9126E-10,-1.4890297E-01
-4.4126E-10,-1.4895568E-01
-3.9126E-10,-1.4895568E-01
-3.4126E-10,-1.4900839E-01
-2.9126E-10,-1.4900839E-01
-2.4126E-10,-1.4906110E-01
-1.9126E-10,-1.4906110E-01
-1.4126E-10,-1.4906110E-01
-9.126E-11,-1.4911381E-01
-4.126E-11,-1.4911381E-01
8.74E-12,-1.4911381E-01
5.874E-11,-1.4911381E-01
1.0874E-10,-1.4911381E-01
1.5874E-10,-1.4911381E-01
2.0874E-10,-1.4911381E-01
2.5874E-10,-1.4911381E-01
3.0874E-10,-1.4911381E-01
3.5874E-10,-1.4911381E-01
4.0874E-10,-1.4911381E-01
4.5874E-10,-1.4911381E-01
5.0874E-10,-1.4911381E-01
5.5874E-10,-1.4911381E-01
6.0874E-10,-1.4911381E-01
6.5874E-10,-1.4916652E-01
7.0874E-10,-1.4916652E-01
7.5874E-10,-1.4916652E-01
8.0874E-10,-1.4921923E-01
8.5874E-10,-1.4921923E-01
9.0874E-10,-1.4921923E-01
9.5874E-10,-1.4927194E-01
1.00874E-09,-1.4927194E-01
1.05874E-09,-1.4932464E-01
1.10874E-09,-1.4937735E-01
1.15874E-09,-1.4937735E-01
1.20874E-09,-1.4943006E-01
1.25874E-09,-1.4948277E-01
1.30874E-09,-1.4948277E-01
1.35874E-09,-1.4953548E-01
1.40874E-09,-1.4958819E-01
1.45874E-09,-1.4958819E-01
1.50874E-09,-1.4964090E-01
1.55874E-09,-1.4964090E-01
1.60874E-09,-1.4964090E-01
1.65874E-09,-1.4969361E-01
1.70874E-09,-1.4969361E-01
1.75874E-09,-1.4969361E-01
1.80874E-09,-1.4969361E-01
1.85874E-09,-1.4969361E-01
1.90874E-09,-1.4969361E-01
1.95874E-09,-1.4964090E-01
2.00874E-09,-1.4964090E-01
2.05874E-09,-1.4964090E-01
2.10874E-09,-1.4958819E-01
2.15874E-09,-1.4958819E-01
2.20874E-09,-1.4953548E-01
2.25874E-09,-1.4948277E-01
2.30874E-09,-1.4948277E-01
2.35874E-09,-1.4943006E-01
2.40874E-09,-1.4937735E-01
2.45874E-09,-1.4937735E-01
2.50874E-09,-1.4932464E-01
2.55874E-09,-1.4932464E-01
2.60874E-09,-1.4927194E-01
2.65874E-09,-1.4927194E-01
2.70874E-09,-1.4927194E-01
2.75874E-09,-1.4921923E-01
2.80874E-09,-1.4921923E-01
2.85874E-09,-1.4927194E-01
2.90874E-09,-1.4927194E-01
2.95874E-09,-1.4927194E-01
3.00874E-09,-1.4927194E-01
3.05874E-09,-1.4932464E-01
3.10874E-09,-1.4932464E-01
3.15874E-09,-1.4932464E-01
3.20874E-09,-1.4937735E-01
3.25874E-09,-1.4943006E-01
3.30874E-09,-1.4943006E-01
3.35874E-09,-1.4948277E-01
3.40874E-09,-1.4953548E-01
3.45874E-09,-1.4953548E-01
3.50874E-09,-1.4958819E-01
3.55874E-09,-1.4964090E-01
3.60874E-09,-1.4964090E-01
3.65874E-09,-1.4969361E-01
3.70874E-09,-1.4969361E-01
3.75874E-09,-1.4969361E-01
3.80874E-09,-1.4969361E-01
3.85874E-09,-1.4969361E-01
3.90874E-09,-1.4969361E-01
3.95874E-09,-1.4964090E-01
4.00874E-09,-1.4964090E-01
4.05874E-09,-1.4964090E-01
4.10874E-09,-1.4958819E-01
4.15874E-09,-1.4953548E-01
4.20874E-09,-1.4948277E-01
4.25874E-09,-1.4943006E-01
4.30874E-09,-1.4937735E-01
4.35874E-09,-1.4932464E-01
4.40874E-09,-1.4927194E-01
4.45874E-09,-1.4916652E-01
4.50874E-09,-1.4911381E-01
4.55874E-09,-1.4906110E-01
4.60874E-09,-1.4900839E-01
4.65874E-09,-1.4890297E-01
4.70874E-09,-1.4885026E-01
4.75874E-09,-1.4879755E-01
4.80874E-09,-1.4874485E-01
4.85874E-09,-1.4869214E-01
4.90874E-09,-1.4863943E-01
4.95874E-09,-1.4863943E-01
5.00874E-09,-1.4858672E-01
5.05874E-09,-1.4858672E-01
5.10874E-09,-1.4853401E-01
5.15874E-09,-1.4853401E-01
5.20874E-09,-1.4853401E-01
5.25874E-09,-1.4853401E-01
5.30874E-09,-1.4858672E-01
5.35874E-09,-1.4858672E-01
5.40874E-09,-1.4858672E-01
5.45874E-09,-1.4863943E-01
5.50874E-09,-1.4869214E-01
5.55874E-09,-1.4869214E-01
5.60874E-09,-1.4874485E-01
5.65874E-09,-1.4879755E-01
5.70874E-09,-1.4885026E-01
5.75874E-09,-1.4885026E-01
5.80874E-09,-1.4890297E-01
5.85874E-09,-1.4895568E-01
5.90874E-09,-1.4900839E-01
5.95874E-09,-1.4900839E-01
6.00874E-09,-1.4906110E-01
6.05874E-09,-1.4906110E-01
6.10874E-09,-1.4911381E-01
6.15874E-09,-1.4911381E-01
6.20874E-09,-1.4911381E-01
6.25874E-09,-1.4911381E-01
6.30874E-09,-1.4911381E-01
6.35874E-09,-1.4911381E-01
6.40874E-09,-1.4911381E-01
6.45874E-09,-1.4911381E-01
6.50874E-09,-1.4911381E-01
6.55874E-09,-1.4906110E-01
6.60874E-09,-1.4906110E-01
6.65874E-09,-1.4906110E-01
6.70874E-09,-1.4900839E-01
6.75874E-09,-1.4900839E-01
6.80874E-09,-1.4895568E-01
6.85874E-09,-1.4895568E-01
6.90874E-09,-1.4895568E-01
6.95874E-09,-1.4890297E-01
7.00874E-09,-1.4890297E-01
7.05874E-09,-1.4890297E-01
7.10874E-09,-1.4890297E-01
7.15874E-09,-1.4885026E-01
7.20874E-09,-1.4890297E-01
7.25874E-09,-1.4890297E-01
7.30874E-09,-1.4890297E-01
7.35874E-09,-1.4890297E-01
7.40874E-09,-1.4895568E-01
7.45874E-09,-1.4895568E-01
7.50874E-09,-1.4900839E-01
7.55874E-09,-1.4900839E-01
7.60874E-09,-1.4906110E-01
7.65874E-09,-1.4911381E-01
7.70874E-09,-1.4911381E-01
7.75874E-09,-1.4916652E-01
7.80874E-09,-1.4921923E-01
7.85874E-09,-1.4927194E-01
7.90874E-09,-1.4932464E-01
7.95874E-09,-1.4937735E-01
8.00874E-09,-1.4948277E-01
8.05874E-09,-1.4953548E-01
8.10874E-09,-1.4958819E-01
8.15874E-09,-1.4969361E-01
8.20874E-09,-1.4974632E-01
8.25874E-09,-1.4985173E-01
8.30874E-09,-1.4990444E-01
8.35874E-09,-1.4995715E-01
8.40874E-09,-1.5006257E-01
8.45874E-09,-1.5011528E-01
8.50874E-09,-1.5016799E-01
8.55874E-09,-1.5022070E-01
8.60874E-09,-1.5027341E-01
8.65874E-09,-1.5032612E-01
8.70874E-09,-1.5032612E-01
8.75874E-09,-1.5032612E-01
8.80874E-09,-1.5037883E-01
8.85874E-09,-1.5037883E-01
8.90874E-09,-1.5037883E-01
8.95874E-09,-1.5032612E-01
9.00874E-09,-1.5032612E-01
9.05874E-09,-1.5027341E-01
9.10874E-09,-1.5027341E-01
9.15874E-09,-1.5022070E-01
9.20874E-09,-1.5016799E-01
9.25874E-09,-1.5011528E-01
9.30874E-09,-1.5000986E-01
9.35874E-09,-1.4995715E-01
9.40874E-09,-1.4990444E-01
9.45874E-09,-1.4985173E-01
9.50874E-09,-1.4974632E-01
9.55874E-09,-1.4969361E-01
9.60874E-09,-1.4964090E-01
9.65874E-09,-1.4958819E-01
9.70874E-09,-1.4953548E-01
9.75874E-09,-1.4948277E-01
9.80874E-09,-1.4943006E-01
9.85874E-09,-1.4937735E-01
9.90874E-09,-1.4937735E-01
9.95874E-09,-1.4937735E-01
1.000874E-08,-1.4937735E-01
1.005874E-08,-1.4937735E-01
1.010874E-08,-1.4937735E-01
1.015874E-08,-1.4937735E-01
1.020874E-08,-1.4943006E-01
1.025874E-08,-1.4948277E-01
1.030874E-08,-1.4948277E-01
1.035874E-08,-1.4953548E-01
1.040874E-08,-1.4958819E-01
1.045874E-08,-1.4964090E-01
1.050874E-08,-1.4969361E-01
1.055874E-08,-1.4969361E-01
1.060874E-08,-1.4974632E-01
1.065874E-08,-1.4979903E-01
1.070874E-08,-1.4985173E-01
1.075874E-08,-1.4985173E-01
1.080874E-08,-1.4985173E-01
1.085874E-08,-1.4990444E-01
1.090874E-08,-1.4990444E-01
1.095874E-08,-1.4985173E-01
1.100874E-08,-1.4985173E-01
1.105874E-08,-1.4979903E-01
1.110874E-08,-1.4979903E-01
1.115874E-08,-1.4969361E-01
1.120874E-08,-1.4964090E-01
1.125874E-08,-1.4958819E-01
1.130874E-08,-1.4953548E-01
1.135874E-08,-1.4943006E-01
1.140874E-08,-1.4937735E-01
1.145874E-08,-1.4927194E-01
1.150874E-08,-1.4916652E-01
1.155874E-08,-1.4911381E-01
1.160874E-08,-1.4900839E-01
1.165874E-08,-1.4895568E-01
1.170874E-08,-1.4890297E-01
1.175874E-08,-1.4879755E-01
1.180874E-08,-1.4874485E-01
1.185874E-08,-1.4874485E-01
1.190874E-08,-1.4869214E-01
1.195874E-08,-1.4869214E-01
1.200874E-08,-1.4869214E-01
1.205874E-08,-1.4869214E-01
1.210874E-08,-1.4869214E-01
1.215874E-08,-1.4874485E-01
1.220874E-08,-1.4879755E-01
1.225874E-08,-1.4885026E-01
1.230874E-08,-1.4890297E-01
1.235874E-08,-1.4895568E-01
1.240874E-08,-1.4906110E-01
1.245874E-08,-1.4911381E-01
1.250874E-08,-1.4921923E-01
1.255874E-08,-1.4927194E-01
1.260874E-08,-1.4937735E-01
1.265874E-08,-1.4943006E-01
1.270874E-08,-1.4948277E-01
1.275874E-08,-1.4953548E-01
1.280874E-08,-1.4964090E-01
1.285874E-08,-1.4969361E-01
1.290874E-08,-1.4969361E-01
1.295874E-08,-1.4974632E-01
1.300874E-08,-1.4974632E-01
1.305874E-08,-1.4974632E-01
1.310874E-08,-1.4974632E-01
1.315874E-08,-1.4969361E-01
1.320874E-08,-1.4969361E-01
1.325874E-08,-1.4964090E-01
1.330874E-08,-1.4958819E-01
1.335874E-08,-1.4953548E-01
1.340874E-08,-1.4948277E-01
1.345874E-08,-1.4943006E-01
1.350874E-08,-1.4937735E-01
1.355874E-08,-1.4932464E-01
1.360874E-08,-1.4927194E-01
1.365874E-08,-1.4921923E-01
1.370874E-08,-1.4916652E-01
1.375874E-08,-1.4916652E-01
1.380874E-08,-1.4916652E-01
1.385874E-08,-1.4916652E-01
1.390874E-08,-1.4916652E-01
1.395874E-08,-1.4921923E-01
1.400874E-08,-1.4927194E-01
1.405874E-08,-1.4932464E-01
1.410874E-08,-1.4937735E-01
1.415874E-08,-1.4948277E-01
1.420874E-08,-1.4958819E-01
1.425874E-08,-1.4969361E-01
1.430874E-08,-1.4985173E-01
1.435874E-08,-1.4995715E-01
1.440874E-08,-1.5011528E-01
1.445874E-08,-1.5022070E-01
1.450874E-08,-1.5037883E-01
1.455874E-08,-1.5053695E-01
1.460874E-08,-1.5064237E-01
1.465874E-08,-1.5074779E-01
1.470874E-08,-1.5085321E-01
1.475874E-08,-1.5095862E-01
1.480874E-08,-1.5101133E-01
1.485874E-08,-1.5106404E-01
1.490874E-08,-1.5111675E-01
1.495874E-08,-1.5111675E-01
1.500874E-08,-1.5111675E-01
1.505874E-08,-1.5106404E-01
1.510874E-08,-1.5101133E-01
1.515874E-08,-1.5095862E-01
1.520874E-08,-1.5085321E-01
1.525874E-08,-1.5074779E-01
1.530874E-08,-1.5058966E-01
1.535874E-08,-1.5048424E-01
1.540874E-08,-1.5032612E-01
1.545874E-08,-1.5016799E-01
1.550874E-08,-1.5000986E-01
1.555874E-08,-1.4985173E-01
1.560874E-08,-1.4969361E-01
1.565874E-08,-1.4953548E-01
1.570874E-08,-1.4943006E-01
1.575874E-08,-1.4927194E-01
1.580874E-08,-1.4916652E-01
1.585874E-08,-1.4906110E-01
1.590874E-08,-1.4900839E-01
1.595874E-08,-1.4895568E-01
1.600874E-08,-1.4895568E-01
1.605874E-08,-1.4895568E-01
1.610874E-08,-1.4895568E-01
1.615874E-08,-1.4900839E-01
1.620874E-08,-1.4906110E-01
1.625874E-08,-1.4911381E-01
1.630874E-08,-1.4921923E-01
1.635874E-08,-1.4932464E-01
1.640874E-08,-1.4948277E-01
1.645874E-08,-1.4958819E-01
1.650874E-08,-1.4974632E-01
1.655874E-08,-1.4990444E-01
1.660874E-08,-1.5000986E-01
1.665874E-08,-1.5016799E-01
1.670874E-08,-1.5027341E-01
1.675874E-08,-1.5037883E-01
1.680874E-08,-1.5048424E-01
1.685874E-08,-1.5053695E-01
1.690874E-08,-1.5058966E-01
1.695874E-08,-1.5058966E-01
1.700874E-08,-1.5058966E-01
1.705874E-08,-1.5058966E-01
1.710874E-08,-1.5053695E-01
1.715874E-08,-1.5048424E-01
1.720874E-08,-1.5037883E-01
1.725874E-08,-1.5027341E-01
1.730874E-08,-1.5016799E-01
1.735874E-08,-1.5000986E-01
1.740874E-08,-1.4985173E-01
1.745874E-08,-1.4969361E-01
1.750874E-08,-1.4948277E-01
1.755874E-08,-1.4932464E-01
1.760874E-08,-1.4916652E-01
1.765874E-08,-1.4900839E-01
1.770874E-08,-1.4885026E-01
1.775874E-08,-1.4874485E-01
1.780874E-08,-1.4863943E-01
1.785874E-08,-1.4853401E-01
1.790874E-08,-1.4848130E-01
1.795874E-08,-1.4842859E-01
1.800874E-08,-1.4837588E-01
1.805874E-08,-1.4842859E-01
1.810874E-08,-1.4842859E-01
1.815874E-08,-1.4848130E-01
1.820874E-08,-1.4858672E-01
1.825874E-08,-1.4869214E-01
1.830874E-08,-1.4879755E-01
1.835874E-08,-1.4895568E-01
1.840874E-08,-1.4911381E-01
1.845874E-08,-1.4927194E-01
1.850874E-08,-1.4943006E-01
1.855874E-08,-1.4958819E-01
1.860874E-08,-1.4974632E-01
1.865874E-08,-1.4985173E-01
1.870874E-08,-1.5000986E-01
1.875874E-08,-1.5011528E-01
1.880874E-08,-1.5016799E-01
1.885874E-08,-1.5027341E-01
1.890874E-08,-1.5027341E-01
1.895874E-08,-1.5027341E-01
1.900874E-08,-1.5027341E-01
1.905874E-08,-1.5022070E-01
1.910874E-08,-1.5011528E-01
1.915874E-08,-1.5000986E-01
1.920874E-08,-1.4990444E-01
1.925874E-08,-1.4974632E-01
1.930874E-08,-1.4958819E-01
1.935874E-08,-1.4937735E-01
1.940874E-08,-1.4921923E-01
1.945874E-08,-1.4900839E-01
1.950874E-08,-1.4885026E-01
1.955874E-08,-1.4863943E-01
1.960874E-08,-1.4848130E-01
1.965874E-08,-1.4832317E-01
1.970874E-08,-1.4821776E-01
1.975874E-08,-1.4811234E-01
1.980874E-08,-1.4805963E-01
1.985874E-08,-1.4800692E-01
1.990874E-08,-1.4800692E-01
1.995874E-08,-1.4805963E-01
2.000874E-08,-1.4811234E-01
2.005874E-08,-1.4821776E-01
2.010874E-08,-1.4837588E-01
2.015874E-08,-1.4853401E-01
2.020874E-08,-1.4874485E-01
2.025874E-08,-1.4895568E-01
2.030874E-08,-1.4921923E-01
2.035874E-08,-1.4948277E-01
2.040874E-08,-1.4974632E-01
2.045874E-08,-1.4995715E-01
2.050874E-08,-1.5022070E-01
2.055874E-08,-1.5043153E-01
2.060874E-08,-1.5064237E-01
2.065874E-08,-1.5085321E-01
2.070874E-08,-1.5095862E-01
2.075874E-08,-1.5106404E-01
2.080874E-08,-1.5116946E-01
2.085874E-08,-1.5116946E-01
2.090874E-08,-1.5111675E-01
2.095874E-08,-1.5101133E-01
2.100874E-08,-1.5090592E-01
2.105874E-08,-1.5069508E-01
2.110874E-08,-1.5048424E-01
2.115874E-08,-1.5022070E-01
2.120874E-08,-1.4990444E-01
2.125874E-08,-1.4953548E-01
2.130874E-08,-1.4916652E-01
2.135874E-08,-1.4879755E-01
2.140874E-08,-1.4842859E-01
2.145874E-08,-1.4800692E-01
2.150874E-08,-1.4763796E-01
2.155874E-08,-1.4726899E-01
2.160874E-08,-1.4695274E-01
2.165874E-08,-1.4668919E-01
2.170874E-08,-1.4642565E-01
2.175874E-08,-1.4621481E-01
2.180874E-08,-1.4605669E-01
2.185874E-08,-1.4600398E-01
2.190874E-08,-1.4595127E-01
2.195874E-08,-1.4600398E-01
2.200874E-08,-1.4610939E-01
2.205874E-08,-1.4632023E-01
2.210874E-08,-1.4653107E-01
2.215874E-08,-1.4684732E-01
2.220874E-08,-1.4716358E-01
2.225874E-08,-1.4758525E-01
2.230874E-08,-1.4800692E-01
2.235874E-08,-1.4842859E-01
2.240874E-08,-1.4890297E-01
2.245874E-08,-1.4937735E-01
2.250874E-08,-1.4979903E-01
2.255874E-08,-1.5022070E-01
2.260874E-08,-1.5064237E-01
2.265874E-08,-1.5101133E-01
2.270874E-08,-1.5132759E-01
2.275874E-08,-1.5159113E-01
2.280874E-08,-1.5174926E-01
2.285874E-08,-1.5185468E-01
2.290874E-08,-1.5190739E-01
2.295874E-08,-1.5185468E-01
2.300874E-08,-1.5174926E-01
2.305874E-08,-1.5159113E-01
2.310874E-08,-1.5132759E-01
2.315874E-08,-1.5095862E-01
2.320874E-08,-1.5058966E-01
2.325874E-08,-1.5016799E-01
2.330874E-08,-1.4969361E-01
2.335874E-08,-1.4921923E-01
2.340874E-08,-1.4869214E-01
2.345874E-08,-1.4816505E-01
2.350874E-08,-1.4769067E-01
2.355874E-08,-1.4721628E-01
2.360874E-08,-1.4679461E-01
2.365874E-08,-1.4642565E-01
2.370874E-08,-1.4610939E-01
2.375874E-08,-1.4589856E-01
2.380874E-08,-1.4574043E-01
2.385874E-08,-1.4568772E-01
2.390874E-08,-1.4574043E-01
2.395874E-08,-1.4589856E-01
2.400874E-08,-1.4616210E-01
2.405874E-08,-1.4647836E-01
2.410874E-08,-1.4690003E-01
2.415874E-08,-1.4737441E-01
2.420874E-08,-1.4795421E-01
2.425874E-08,-1.4858672E-01
2.430874E-08,-1.4921923E-01
2.435874E-08,-1.4990444E-01
2.440874E-08,-1.5058966E-01
2.445874E-08,-1.5127488E-01
2.450874E-08,-1.5190739E-01
2.455874E-08,-1.5253989E-01
2.460874E-08,-1.5306698E-01
2.465874E-08,-1.5348866E-01
2.470874E-08,-1.5385762E-01
2.475874E-08,-1.5406846E-01
2.480874E-08,-1.5417387E-01
2.485874E-08,-1.5417387E-01
2.490874E-08,-1.5401575E-01
2.495874E-08,-1.5369949E-01
2.500874E-08,-1.5327782E-01
2.505874E-08,-1.5269802E-01
2.510874E-08,-1.5201280E-01
2.515874E-08,-1.5122217E-01
2.520874E-08,-1.5027341E-01
2.525874E-08,-1.4932464E-01
2.530874E-08,-1.4827046E-01
2.535874E-08,-1.4716358E-01
2.540874E-08,-1.4610939E-01
2.545874E-08,-1.4505521E-01
2.550874E-08,-1.4405374E-01
2.555874E-08,-1.4315769E-01
2.560874E-08,-1.4231435E-01
2.565874E-08,-1.4162913E-01
2.570874E-08,-1.4115475E-01
2.575874E-08,-1.4078578E-01
2.580874E-08,-1.4068037E-01
2.585874E-08,-1.4078578E-01
2.590874E-08,-1.4110204E-01
2.595874E-08,-1.4162913E-01
2.600874E-08,-1.4241976E-01
2.605874E-08,-1.4342124E-01
2.610874E-08,-1.4463354E-01
2.615874E-08,-1.4600398E-01
2.620874E-08,-1.4758525E-01
2.625874E-08,-1.4927194E-01
2.630874E-08,-1.5106404E-01
2.635874E-08,-1.5290886E-01
2.640874E-08,-1.5475367E-01
2.645874E-08,-1.5654578E-01
2.650874E-08,-1.5823247E-01
2.655874E-08,-1.5976103E-01
2.660874E-08,-1.6102605E-01
2.665874E-08,-1.6202752E-01
2.670874E-08,-1.6271273E-01
2.675874E-08,-1.6297628E-01
2.680874E-08,-1.6276544E-01
2.685874E-08,-1.6202752E-01
2.690874E-08,-1.6070979E-01
2.695874E-08,-1.5881227E-01
2.700874E-08,-1.5628223E-01
2.705874E-08,-1.5301428E-01
2.710874E-08,-1.4911381E-01
2.715874E-08,-1.4447542E-01
2.720874E-08,-1.3909910E-01
2.725874E-08,-1.3303756E-01
2.730874E-08,-1.2623810E-01
2.735874E-08,-1.1880613E-01
2.740874E-08,-1.1074165E-01
2.745874E-08,-1.0204466E-01
2.750874E-08,-9.276787E-02
2.755874E-08,-8.306941E-02
2.760874E-08,-7.289657E-02
2.765874E-08,-6.235477E-02
2.770874E-08,-5.149671E-02
2.775874E-08,-4.048053E-02
2.780874E-08,-2.930622E-02
2.785874E-08,-1.807920E-02
2.790874E-08,-6.85218E-03
2.795874E-08,4.16400E-03
2.800874E-08,1.507477E-02
2.805874E-08,2.566928E-02
2.810874E-08,3.589483E-02
2.815874E-08,4.575142E-02
2.820874E-08,5.508091E-02
2.825874E-08,6.393603E-02
2.830874E-08,7.215863E-02
2.835874E-08,7.980144E-02
2.840874E-08,8.681174E-02
2.845874E-08,9.313682E-02
2.850874E-08,9.877668E-02
2.855874E-08,1.0373133E-01
2.860874E-08,1.0805347E-01
2.865874E-08,1.1169039E-01
2.870874E-08,1.1469481E-01
2.875874E-08,1.1711942E-01
2.880874E-08,1.1896424E-01
2.885874E-08,1.2022925E-01
2.890874E-08,1.2107260E-01
2.895874E-08,1.2144156E-01
2.900874E-08,1.2144156E-01
2.905874E-08,1.2112531E-01
2.910874E-08,1.2054551E-01
2.915874E-08,1.1975487E-01
2.920874E-08,1.1875340E-01
2.925874E-08,1.1769922E-01
2.930874E-08,1.1659233E-01
2.935874E-08,1.1543273E-01
2.940874E-08,1.1427313E-01
2.945874E-08,1.1321895E-01
2.950874E-08,1.1227019E-01
2.955874E-08,1.1142685E-01
2.960874E-08,1.1068892E-01
2.965874E-08,1.1016183E-01
2.970874E-08,1.0974016E-01
2.975874E-08,1.0952932E-01
2.980874E-08,1.0947661E-01
2.985874E-08,1.0958203E-01
2.990874E-08,1.0979287E-01
2.995874E-08,1.1016183E-01
3.000874E-08,1.1068892E-01
3.005874E-08,1.1126872E-01
3.010874E-08,1.1190123E-01
3.015874E-08,1.1263915E-01
3.020874E-08,1.1337708E-01
3.025874E-08,1.1411501E-01
3.030874E-08,1.1480022E-01
3.035874E-08,1.1548544E-01
3.040874E-08,1.1611795E-01
3.045874E-08,1.1664504E-01
3.050874E-08,1.1706671E-01
3.055874E-08,1.1743567E-01
3.060874E-08,1.1764651E-01
3.065874E-08,1.1775193E-01
3.070874E-08,1.1775193E-01
3.075874E-08,1.1759380E-01
3.080874E-08,1.1738297E-01
3.085874E-08,1.1701400E-01
3.090874E-08,1.1653962E-01
3.095874E-08,1.1601253E-01
3.100874E-08,1.1543273E-01
3.105874E-08,1.1474751E-01
3.110874E-08,1.1406230E-01
3.115874E-08,1.1332437E-01
3.120874E-08,1.1258645E-01
3.125874E-08,1.1190123E-01
3.130874E-08,1.1116330E-01
3.135874E-08,1.1053079E-01
3.140874E-08,1.0995099E-01
3.145874E-08,1.0942390E-01
3.150874E-08,1.0894952E-01
3.155874E-08,1.0858056E-01
3.160874E-08,1.0831702E-01
3.165874E-08,1.0810618E-01
3.170874E-08,1.0800076E-01
3.175874E-08,1.0800076E-01
3.180874E-08,1.0805347E-01
3.185874E-08,1.0821160E-01
3.190874E-08,1.0842243E-01
3.195874E-08,1.0868598E-01
3.200874E-08,1.0894952E-01
3.205874E-08,1.0931849E-01
3.210874E-08,1.0968745E-01
3.215874E-08,1.1000370E-01
3.220874E-08,1.1037267E-01
3.225874E-08,1.1068892E-01
3.230874E-08,1.1100517E-01
3.235874E-08,1.1126872E-01
3.240874E-08,1.1147956E-01
3.245874E-08,1.1158497E-01
3.250874E-08,1.1169039E-01
3.255874E-08,1.1169039E-01
3.260874E-08,1.1158497E-01
3.265874E-08,1.1142685E-01
3.270874E-08,1.1121601E-01
3.275874E-08,1.1095247E-01
3.280874E-08,1.1058350E-01
3.285874E-08,1.1016183E-01
3.290874E-08,1.0968745E-01
3.295874E-08,1.0916036E-01
3.300874E-08,1.0863327E-01
3.305874E-08,1.0805347E-01
3.310874E-08,1.0752638E-01
3.315874E-08,1.0694658E-01
3.320874E-08,1.0641949E-01
3.325874E-08,1.0589240E-01
3.330874E-08,1.0536531E-01
3.335874E-08,1.0494364E-01
3.340874E-08,1.0452197E-01
3.345874E-08,1.0420571E-01
3.350874E-08,1.0388946E-01
3.355874E-08,1.0367862E-01
3.360874E-08,1.0352050E-01
3.365874E-08,1.0341508E-01
3.370874E-08,1.0336237E-01
3.375874E-08,1.0341508E-01
3.380874E-08,1.0346779E-01
3.385874E-08,1.0357320E-01
3.390874E-08,1.0373133E-01
3.395874E-08,1.0394217E-01
3.400874E-08,1.0415300E-01
3.405874E-08,1.0436384E-01
3.410874E-08,1.0457468E-01
3.415874E-08,1.0478551E-01
3.420874E-08,1.0499635E-01
3.425874E-08,1.0520718E-01
3.430874E-08,1.0536531E-01
3.435874E-08,1.0547073E-01
3.440874E-08,1.0552344E-01
3.445874E-08,1.0557615E-01
3.450874E-08,1.0557615E-01
3.455874E-08,1.0547073E-01
3.460874E-08,1.0536531E-01
3.465874E-08,1.0520718E-01
3.470874E-08,1.0504906E-01
3.475874E-08,1.0478551E-01
3.480874E-08,1.0452197E-01
3.485874E-08,1.0420571E-01
3.490874E-08,1.0388946E-01
3.495874E-08,1.0352050E-01
3.500874E-08,1.0320424E-01
3.505874E-08,1.0288799E-01
3.510874E-08,1.0251902E-01
3.515874E-08,1.0220277E-01
3.520874E-08,1.0193922E-01
3.525874E-08,1.0167568E-01
3.530874E-08,1.0146484E-01
3.535874E-08,1.0125401E-01
3.540874E-08,1.0114859E-01
3.545874E-08,1.0104317E-01
3.550874E-08,1.0099046E-01
3.555874E-08,1.0099046E-01
3.560874E-08,1.0099046E-01
3.565874E-08,1.0104317E-01
3.570874E-08,1.0114859E-01
3.575874E-08,1.0130672E-01
3.580874E-08,1.0141213E-01
3.585874E-08,1.0162297E-01
3.590874E-08,1.0178110E-01
3.595874E-08,1.0193922E-01
3.600874E-08,1.0209735E-01
3.605874E-08,1.0225548E-01
3.610874E-08,1.0236090E-01
3.615874E-08,1.0246631E-01
3.620874E-08,1.0257173E-01
3.625874E-08,1.0262444E-01
3.630874E-08,1.0262444E-01
3.635874E-08,1.0257173E-01
3.640874E-08,1.0246631E-01
3.645874E-08,1.0236090E-01
3.650874E-08,1.0220277E-01
3.655874E-08,1.0199193E-01
3.660874E-08,1.0178110E-01
3.665874E-08,1.0151755E-01
3.670874E-08,1.0125401E-01
3.675874E-08,1.0099046E-01
3.680874E-08,1.0072692E-01
3.685874E-08,1.0041066E-01
3.690874E-08,1.0014712E-01
3.695874E-08,9.988357E-02
3.700874E-08,9.967274E-02
3.705874E-08,9.946190E-02
3.710874E-08,9.935648E-02
3.715874E-08,9.925106E-02
3.720874E-08,9.919836E-02
3.725874E-08,9.919836E-02
3.730874E-08,9.925106E-02
3.735874E-08,9.935648E-02
3.740874E-08,9.951461E-02
3.745874E-08,9.972545E-02
3.750874E-08,9.998899E-02
3.755874E-08,1.0030525E-01
3.760874E-08,1.0067421E-01
3.765874E-08,1.0104317E-01
3.770874E-08,1.0141213E-01
3.775874E-08,1.0183381E-01
3.780874E-08,1.0220277E-01
3.785874E-08,1.0262444E-01
3.790874E-08,1.0299340E-01
3.795874E-08,1.0330966E-01
3.800874E-08,1.0362591E-01
3.805874E-08,1.0388946E-01
3.810874E-08,1.0410029E-01
3.815874E-08,1.0425842E-01
3.820874E-08,1.0431113E-01
3.825874E-08,1.0436384E-01
3.830874E-08,1.0431113E-01
3.835874E-08,1.0415300E-01
3.840874E-08,1.0399488E-01
3.845874E-08,1.0373133E-01
3.850874E-08,1.0341508E-01
3.855874E-08,1.0309882E-01
3.860874E-08,1.0267715E-01
3.865874E-08,1.0225548E-01
3.870874E-08,1.0178110E-01
3.875874E-08,1.0130672E-01
3.880874E-08,1.0083234E-01
3.885874E-08,1.0035795E-01
3.890874E-08,9.988357E-02
3.895874E-08,9.946190E-02
3.900874E-08,9.909294E-02
3.905874E-08,9.872397E-02
3.910874E-08,9.846043E-02
3.915874E-08,9.819688E-02
3.920874E-08,9.803876E-02
3.925874E-08,9.798605E-02
3.930874E-08,9.793334E-02
3.935874E-08,9.798605E-02
3.940874E-08,9.809147E-02
3.945874E-08,9.824959E-02
3.950874E-08,9.851314E-02
3.955874E-08,9.877668E-02
3.960874E-08,9.909294E-02
3.965874E-08,9.940919E-02
3.970874E-08,9.977816E-02
3.975874E-08,1.0014712E-01
3.980874E-08,1.0051608E-01
3.985874E-08,1.0083234E-01
3.990874E-08,1.0114859E-01
3.995874E-08,1.0141213E-01
4.000874E-08,1.0162297E-01
4.005874E-08,1.0178110E-01
4.010874E-08,1.0188652E-01
4.015874E-08,1.0188652E-01
4.020874E-08,1.0183381E-01
4.025874E-08,1.0167568E-01
4.030874E-08,1.0146484E-01
4.035874E-08,1.0114859E-01
4.040874E-08,1.0083234E-01
4.045874E-08,1.0035795E-01
4.050874E-08,9.988357E-02
4.055874E-08,9.935648E-02
4.060874E-08,9.877668E-02
4.065874E-08,9.819688E-02
4.070874E-08,9.761709E-02
4.075874E-08,9.703729E-02
4.080874E-08,9.651020E-02
4.085874E-08,9.598311E-02
4.090874E-08,9.550872E-02
4.095874E-08,9.508705E-02
4.100874E-08,9.477080E-02
4.105874E-08,9.450725E-02
4.110874E-08,9.434913E-02
4.115874E-08,9.429642E-02
4.120874E-08,9.434913E-02
4.125874E-08,9.450725E-02
4.130874E-08,9.471809E-02
4.135874E-08,9.508705E-02
4.140874E-08,9.550872E-02
4.145874E-08,9.598311E-02
4.150874E-08,9.651020E-02
4.155874E-08,9.714270E-02
4.160874E-08,9.777521E-02
4.165874E-08,9.840772E-02
4.170874E-08,9.909294E-02
4.175874E-08,9.967274E-02
4.180874E-08,1.0025254E-01
4.185874E-08,1.0077963E-01
4.190874E-08,1.0125401E-01
4.195874E-08,1.0157026E-01
4.200874E-08,1.0183381E-01
4.205874E-08,1.0193922E-01
4.210874E-08,1.0193922E-01
4.215874E-08,1.0178110E-01
4.220874E-08,1.0151755E-01
4.225874E-08,1.0109588E-01
4.230874E-08,1.0056879E-01
4.235874E-08,9.988357E-02
4.240874E-08,9.909294E-02
4.245874E-08,9.824959E-02
4.250874E-08,9.730083E-02
4.255874E-08,9.629936E-02
4.260874E-08,9.529789E-02
4.265874E-08,9.424371E-02
4.270874E-08,9.324224E-02
4.275874E-08,9.229348E-02
4.280874E-08,9.139742E-02
4.285874E-08,9.065950E-02
4.290874E-08,9.002699E-02
4.295874E-08,8.955261E-02
4.300874E-08,8.928906E-02
4.305874E-08,8.918364E-02
4.310874E-08,8.928906E-02
4.315874E-08,8.960532E-02
4.320874E-08,9.013241E-02
4.325874E-08,9.092304E-02
4.330874E-08,9.192451E-02
4.335874E-08,9.308411E-02
4.340874E-08,9.440184E-02
4.345874E-08,9.593040E-02
4.350874E-08,9.756438E-02
4.355874E-08,9.925106E-02
4.360874E-08,1.0099046E-01
4.365874E-08,1.0272986E-01
4.370874E-08,1.0441655E-01
4.375874E-08,1.0599782E-01
4.380874E-08,1.0742096E-01
4.385874E-08,1.0858056E-01
4.390874E-08,1.0947661E-01
4.395874E-08,1.1005641E-01
4.400874E-08,1.1021454E-01
4.405874E-08,1.0989829E-01
4.410874E-08,1.0910765E-01
4.415874E-08,1.0778993E-01
4.420874E-08,1.0589240E-01
4.425874E-08,1.0336237E-01
4.430874E-08,1.0019983E-01
4.435874E-08,9.635207E-02
4.440874E-08,9.187180E-02
4.445874E-08,8.665361E-02
4.450874E-08,8.080291E-02
4.455874E-08,7.431970E-02
4.460874E-08,6.715128E-02
4.465874E-08,5.945576E-02
4.470874E-08,5.118044E-02
4.475874E-08,4.237804E-02
4.480874E-08,3.310125E-02
4.485874E-08,2.345550E-02
4.490874E-08,1.349350E-02
4.495874E-08,3.26795E-03
4.500874E-08,-7.11573E-03
4.505874E-08,-1.765753E-02
4.510874E-08,-2.819933E-02
4.515874E-08,-3.868842E-02
4.520874E-08,-4.901939E-02
4.525874E-08,-5.919223E-02
4.530874E-08,-6.910153E-02
4.535874E-08,-7.869457E-02
4.540874E-08,-8.786593E-02
4.545874E-08,-9.656292E-02
4.550874E-08,-1.0478553E-01
4.555874E-08,-1.1242833E-01
4.560874E-08,-1.1954405E-01
4.565874E-08,-1.2607997E-01
4.570874E-08,-1.3193067E-01
4.575874E-08,-1.3720157E-01
4.580874E-08,-1.4183996E-01
4.585874E-08,-1.4589856E-01
4.590874E-08,-1.4932464E-01
4.595874E-08,-1.5217093E-01
4.600874E-08,-1.5443742E-01
4.605874E-08,-1.5622953E-01
4.610874E-08,-1.5754725E-01
4.615874E-08,-1.5844330E-01
4.620874E-08,-1.5891769E-01
4.625874E-08,-1.5907581E-01
4.630874E-08,-1.5891769E-01
4.635874E-08,-1.5854872E-01
4.640874E-08,-1.5802163E-01
4.645874E-08,-1.5733641E-01
4.650874E-08,-1.5654578E-01
4.655874E-08,-1.5570244E-01
4.660874E-08,-1.5485909E-01
4.665874E-08,-1.5406846E-01
4.670874E-08,-1.5333053E-01
4.675874E-08,-1.5269802E-01
4.680874E-08,-1.5211822E-01
4.685874E-08,-1.5169655E-01
4.690874E-08,-1.5143301E-01
4.695874E-08,-1.5127488E-01
4.700874E-08,-1.5132759E-01
4.705874E-08,-1.5143301E-01
4.710874E-08,-1.5169655E-01
4.715874E-08,-1.5211822E-01
4.720874E-08,-1.5259260E-01
4.725874E-08,-1.5322511E-01
4.730874E-08,-1.5385762E-01
4.735874E-08,-1.5454284E-01
4.740874E-08,-1.5528076E-01
4.745874E-08,-1.5601869E-01
4.750874E-08,-1.5670391E-01
4.755874E-08,-1.5738912E-01
4.760874E-08,-1.5802163E-01
4.765874E-08,-1.5854872E-01
4.770874E-08,-1.5902310E-01
4.775874E-08,-1.5939207E-01
4.780874E-08,-1.5960290E-01
4.785874E-08,-1.5970832E-01
4.790874E-08,-1.5970832E-01
4.795874E-08,-1.5960290E-01
4.800874E-08,-1.5933936E-01
4.805874E-08,-1.5891769E-01
4.810874E-08,-1.5844330E-01
4.815874E-08,-1.5786350E-01
4.820874E-08,-1.5712558E-01
4.825874E-08,-1.5638765E-01
4.830874E-08,-1.5554431E-01
4.835874E-08,-1.5464826E-01
4.840874E-08,-1.5369949E-01
4.845874E-08,-1.5280344E-01
4.850874E-08,-1.5185468E-01
4.855874E-08,-1.5095862E-01
4.860874E-08,-1.5006257E-01
4.865874E-08,-1.4921923E-01
4.870874E-08,-1.4842859E-01
4.875874E-08,-1.4774337E-01
4.880874E-08,-1.4711087E-01
4.885874E-08,-1.4658378E-01
4.890874E-08,-1.4616210E-01
4.895874E-08,-1.4579314E-01
4.900874E-08,-1.4552960E-01
4.905874E-08,-1.4537147E-01
4.910874E-08,-1.4526605E-01
4.915874E-08,-1.4526605E-01
4.920874E-08,-1.4531876E-01
4.925874E-08,-1.4547689E-01
4.930874E-08,-1.4563501E-01
4.935874E-08,-1.4589856E-01
4.940874E-08,-1.4610939E-01
4.945874E-08,-1.4642565E-01
4.950874E-08,-1.4668919E-01
4.955874E-08,-1.4695274E-01
4.960874E-08,-1.4721628E-01
4.965874E-08,-1.4742712E-01
4.970874E-08,-1.4758525E-01
4.975874E-08,-1.4774337E-01
4.980874E-08,-1.4784879E-01
4.985874E-08,-1.4790150E-01
4.990874E-08,-1.4784879E-01
4.995874E-08,-1.4779608E-01
5.000874E-08,-1.4763796E-01
5.005874E-08,-1.4747983E-01
5.010874E-08,-1.4721628E-01
5.015874E-08,-1.4695274E-01
5.020874E-08,-1.4658378E-01
5.025874E-08,-1.4621481E-01
5.030874E-08,-1.4584585E-01
5.035874E-08,-1.4542418E-01
5.040874E-08,-1.4500251E-01
5.045874E-08,-1.4458083E-01
5.050874E-08,-1.4415916E-01
5.055874E-08,-1.4379020E-01
5.060874E-08,-1.4342124E-01
5.065874E-08,-1.4310498E-01
5.070874E-08,-1.4278873E-01
5.075874E-08,-1.4252518E-01
5.080874E-08,-1.4231435E-01
5.085874E-08,-1.4220893E-01
5.090874E-08,-1.4210351E-01
5.095874E-08,-1.4205080E-01
5.100874E-08,-1.4205080E-01
5.105874E-08,-1.4215622E-01
5.110874E-08,-1.4226164E-01
5.115874E-08,-1.4241976E-01
5.120874E-08,-1.4257789E-01
5.125874E-08,-1.4278873E-01
5.130874E-08,-1.4305227E-01
5.135874E-08,-1.4331582E-01
5.140874E-08,-1.4357936E-01
5.145874E-08,-1.4389562E-01
5.150874E-08,-1.4415916E-01
5.155874E-08,-1.4442271E-01
5.160874E-08,-1.4463354E-01
5.165874E-08,-1.4484438E-01
5.170874E-08,-1.4505521E-01
5.175874E-08,-1.4521334E-01
5.180874E-08,-1.4531876E-01
5.185874E-08,-1.4537147E-01
5.190874E-08,-1.4542418E-01
5.195874E-08,-1.4537147E-01
5.200874E-08,-1.4531876E-01
5.205874E-08,-1.4521334E-01
5.210874E-08,-1.4505521E-01
5.215874E-08,-1.4489709E-01
5.220874E-08,-1.4468625E-01
5.225874E-08,-1.4447542E-01
5.230874E-08,-1.4421187E-01
5.235874E-08,-1.4394833E-01
5.240874E-08,-1.4368478E-01
5.245874E-08,-1.4342124E-01
5.250874E-08,-1.4315769E-01
5.255874E-08,-1.4289415E-01
5.260874E-08,-1.4263060E-01
5.265874E-08,-1.4241976E-01
5.270874E-08,-1.4220893E-01
5.275874E-08,-1.4205080E-01
5.280874E-08,-1.4194538E-01
5.285874E-08,-1.4183996E-01
5.290874E-08,-1.4178726E-01
5.295874E-08,-1.4173455E-01
5.300874E-08,-1.4178726E-01
5.305874E-08,-1.4183996E-01
5.310874E-08,-1.4189267E-01
5.315874E-08,-1.4199809E-01
5.320874E-08,-1.4215622E-01
5.325874E-08,-1.4231435E-01
5.330874E-08,-1.4252518E-01
5.335874E-08,-1.4273602E-01
5.340874E-08,-1.4294685E-01
5.345874E-08,-1.4315769E-01
5.350874E-08,-1.4336853E-01
5.355874E-08,-1.4357936E-01
5.360874E-08,-1.4379020E-01
5.365874E-08,-1.4400103E-01
5.370874E-08,-1.4421187E-01
5.375874E-08,-1.4437000E-01
5.380874E-08,-1.4452812E-01
5.385874E-08,-1.4468625E-01
5.390874E-08,-1.4479167E-01
5.395874E-08,-1.4489709E-01
5.400874E-08,-1.4500251E-01
5.405874E-08,-1.4505521E-01
5.410874E-08,-1.4510792E-01
5.415874E-08,-1.4510792E-01
5.420874E-08,-1.4510792E-01
5.425874E-08,-1.4516063E-01
5.430874E-08,-1.4516063E-01
5.435874E-08,-1.4516063E-01
5.440874E-08,-1.4516063E-01
5.445874E-08,-1.4516063E-01
5.450874E-08,-1.4516063E-01
5.455874E-08,-1.4516063E-01
5.460874E-08,-1.4521334E-01
5.465874E-08,-1.4526605E-01
5.470874E-08,-1.4531876E-01
5.475874E-08,-1.4542418E-01
5.480874E-08,-1.4552960E-01
5.485874E-08,-1.4563501E-01
5.490874E-08,-1.4579314E-01
5.495874E-08,-1.4595127E-01
5.500874E-08,-1.4616210E-01
5.505874E-08,-1.4637294E-01
5.510874E-08,-1.4658378E-01
5.515874E-08,-1.4679461E-01
5.520874E-08,-1.4700545E-01
5.525874E-08,-1.4726899E-01
5.530874E-08,-1.4747983E-01
5.535874E-08,-1.4774337E-01
5.540874E-08,-1.4795421E-01
5.545874E-08,-1.4821776E-01
5.550874E-08,-1.4842859E-01
5.555874E-08,-1.4858672E-01
5.560874E-08,-1.4879755E-01
5.565874E-08,-1.4895568E-01
5.570874E-08,-1.4911381E-01
5.575874E-08,-1.4921923E-01
5.580874E-08,-1.4932464E-01
5.585874E-08,-1.4937735E-01
5.590874E-08,-1.4943006E-01
5.595874E-08,-1.4948277E-01
5.600874E-08,-1.4948277E-01
5.605874E-08,-1.4948277E-01
5.610874E-08,-1.4948277E-01
5.615874E-08,-1.4943006E-01
5.620874E-08,-1.4937735E-01
5.625874E-08,-1.4932464E-01
5.630874E-08,-1.4927194E-01
5.635874E-08,-1.4921923E-01
5.640874E-08,-1.4916652E-01
5.645874E-08,-1.4911381E-01
5.650874E-08,-1.4906110E-01
5.655874E-08,-1.4900839E-01
5.660874E-08,-1.4895568E-01
5.665874E-08,-1.4895568E-01
5.670874E-08,-1.4895568E-01
5.675874E-08,-1.4895568E-01
5.680874E-08,-1.4900839E-01
5.685874E-08,-1.4906110E-01
5.690874E-08,-1.4911381E-01
5.695874E-08,-1.4921923E-01
5.700874E-08,-1.4932464E-01
5.705874E-08,-1.4943006E-01
5.710874E-08,-1.4953548E-01
5.715874E-08,-1.4964090E-01
5.720874E-08,-1.4979903E-01
5.725874E-08,-1.4995715E-01
5.730874E-08,-1.5006257E-01
5.735874E-08,-1.5022070E-01
5.740874E-08,-1.5032612E-01
5.745874E-08,-1.5043153E-01
5.750874E-08,-1.5053695E-01
5.755874E-08,-1.5064237E-01
5.760874E-08,-1.5069508E-01
5.765874E-08,-1.5074779E-01
5.770874E-08,-1.5080050E-01
5.775874E-08,-1.5080050E-01
5.780874E-08,-1.5080050E-01
5.785874E-08,-1.5080050E-01
5.790874E-08,-1.5074779E-01
5.795874E-08,-1.5064237E-01
5.800874E-08,-1.5058966E-01
5.805874E-08,-1.5048424E-01
5.810874E-08,-1.5032612E-01
5.815874E-08,-1.5022070E-01
5.820874E-08,-1.5006257E-01
5.825874E-08,-1.4985173E-01
5.830874E-08,-1.4969361E-01
5.835874E-08,-1.4953548E-01
5.840874E-08,-1.4932464E-01
5.845874E-08,-1.4916652E-01
5.850874E-08,-1.4900839E-01
5.855874E-08,-1.4885026E-01
5.860874E-08,-1.4869214E-01
5.865874E-08,-1.4853401E-01
5.870874E-08,-1.4837588E-01
5.875874E-08,-1.4827046E-01
5.880874E-08,-1.4816505E-01
5.885874E-08,-1.4805963E-01
5.890874E-08,-1.4795421E-01
5.895874E-08,-1.4790150E-01
5.900874E-08,-1.4784879E-01
5.905874E-08,-1.4784879E-01
5.910874E-08,-1.4779608E-01
5.915874E-08,-1.4779608E-01
5.920874E-08,-1.4779608E-01
5.925874E-08,-1.4779608E-01
5.930874E-08,-1.4784879E-01
5.935874E-08,-1.4784879E-01
5.940874E-08,-1.4790150E-01
5.945874E-08,-1.4790150E-01
5.950874E-08,-1.4795421E-01
5.955874E-08,-1.4795421E-01
5.960874E-08,-1.4800692E-01
5.965874E-08,-1.4800692E-01
5.970874E-08,-1.4800692E-01
5.975874E-08,-1.4800692E-01
5.980874E-08,-1.4800692E-01
5.985874E-08,-1.4800692E-01
5.990874E-08,-1.4795421E-01
5.995874E-08,-1.4795421E-01
6.000874E-08,-1.4790150E-01
6.005874E-08,-1.4784879E-01
6.010874E-08,-1.4779608E-01
6.015874E-08,-1.4779608E-01
6.020874E-08,-1.4774337E-01
6.025874E-08,-1.4769067E-01
6.030874E-08,-1.4763796E-01
6.035874E-08,-1.4758525E-01
6.040874E-08,-1.4753254E-01
6.045874E-08,-1.4753254E-01
6.050874E-08,-1.4747983E-01
6.055874E-08,-1.4747983E-01
6.060874E-08,-1.4747983E-01
6.065874E-08,-1.4747983E-01
6.070874E-08,-1.4747983E-01
6.075874E-08,-1.4753254E-01
6.080874E-08,-1.4758525E-01
6.085874E-08,-1.4763796E-01
6.090874E-08,-1.4769067E-01
6.095874E-08,-1.4779608E-01
6.100874E-08,-1.4790150E-01
6.105874E-08,-1.4800692E-01
6.110874E-08,-1.4811234E-01
6.115874E-08,-1.4827046E-01
6.120874E-08,-1.4837588E-01
6.125874E-08,-1.4853401E-01
6.130874E-08,-1.4869214E-01
6.135874E-08,-1.4879755E-01
6.140874E-08,-1.4895568E-01
6.145874E-08,-1.4906110E-01
6.150874E-08,-1.4921923E-01
6.155874E-08,-1.4932464E-01
6.160874E-08,-1.4948277E-01
6.165874E-08,-1.4958819E-01
6.170874E-08,-1.4969361E-01
6.175874E-08,-1.4974632E-01
6.180874E-08,-1.4979903E-01
6.185874E-08,-1.4990444E-01
6.190874E-08,-1.4995715E-01
6.195874E-08,-1.4995715E-01
6.200874E-08,-1.5000986E-01
6.205874E-08,-1.5000986E-01
6.210874E-08,-1.5000986E-01
6.215874E-08,-1.5000986E-01
6.220874E-08,-1.4995715E-01
6.225874E-08,-1.4995715E-01
6.230874E-08,-1.4990444E-01
6.235874E-08,-1.4990444E-01
6.240874E-08,-1.4985173E-01
6.245874E-08,-1.4979903E-01
6.250874E-08,-1.4979903E-01
6.255874E-08,-1.4974632E-01
6.260874E-08,-1.4974632E-01
6.265874E-08,-1.4969361E-01
6.270874E-08,-1.4969361E-01
6.275874E-08,-1.4969361E-01
6.280874E-08,-1.4969361E-01
6.285874E-08,-1.4974632E-01
6.290874E-08,-1.4974632E-01
6.295874E-08,-1.4979903E-01
6.300874E-08,-1.4985173E-01
6.305874E-08,-1.4990444E-01
6.310874E-08,-1.4995715E-01
6.315874E-08,-1.5000986E-01
6.320874E-08,-1.5011528E-01
6.325874E-08,-1.5016799E-01
6.330874E-08,-1.5027341E-01
6.335874E-08,-1.5037883E-01
6.340874E-08,-1.5043153E-01
6.345874E-08,-1.5053695E-01
6.350874E-08,-1.5064237E-01
6.355874E-08,-1.5074779E-01
6.360874E-08,-1.5080050E-01
6.365874E-08,-1.5090592E-01
6.370874E-08,-1.5095862E-01
6.375874E-08,-1.5101133E-01
6.380874E-08,-1.5106404E-01
6.385874E-08,-1.5111675E-01
6.390874E-08,-1.5111675E-01
6.395874E-08,-1.5116946E-01
6.400874E-08,-1.5116946E-01
6.405874E-08,-1.5116946E-01
6.410874E-08,-1.5111675E-01
6.415874E-08,-1.5111675E-01
6.420874E-08,-1.5106404E-01
6.425874E-08,-1.5101133E-01
6.430874E-08,-1.5095862E-01
6.435874E-08,-1.5085321E-01
6.440874E-08,-1.5080050E-01
6.445874E-08,-1.5069508E-01
6.450874E-08,-1.5058966E-01
6.455874E-08,-1.5048424E-01
6.460874E-08,-1.5037883E-01
6.465874E-08,-1.5027341E-01
6.470874E-08,-1.5016799E-01
6.475874E-08,-1.5006257E-01
6.480874E-08,-1.4995715E-01
6.485874E-08,-1.4985173E-01
6.490874E-08,-1.4974632E-01
6.495874E-08,-1.4964090E-01
6.500874E-08,-1.4953548E-01
6.505874E-08,-1.4943006E-01
6.510874E-08,-1.4932464E-01
6.515874E-08,-1.4921923E-01
6.520874E-08,-1.4911381E-01
6.525874E-08,-1.4900839E-01
6.530874E-08,-1.4890297E-01
6.535874E-08,-1.4879755E-01
6.540874E-08,-1.4874485E-01
6.545874E-08,-1.4863943E-01
6.550874E-08,-1.4858672E-01
6.555874E-08,-1.4853401E-01
6.560874E-08,-1.4842859E-01
6.565874E-08,-1.4837588E-01
6.570874E-08,-1.4832317E-01
6.575874E-08,-1.4827046E-01
6.580874E-08,-1.4827046E-01
6.585874E-08,-1.4821776E-01
6.590874E-08,-1.4816505E-01
6.595874E-08,-1.4816505E-01
6.600874E-08,-1.4811234E-01
6.605874E-08,-1.4811234E-01
6.610874E-08,-1.4805963E-01
6.615874E-08,-1.4805963E-01
6.620874E-08,-1.4805963E-01
6.625874E-08,-1.4800692E-01
6.630874E-08,-1.4800692E-01
6.635874E-08,-1.4800692E-01
6.640874E-08,-1.4800692E-01
6.645874E-08,-1.4800692E-01
6.650874E-08,-1.4800692E-01
6.655874E-08,-1.4795421E-01
6.660874E-08,-1.4795421E-01
6.665874E-08,-1.4795421E-01
6.670874E-08,-1.4795421E-01
6.675874E-08,-1.4790150E-01
6.680874E-08,-1.4790150E-01
6.685874E-08,-1.4784879E-01
6.690874E-08,-1.4784879E-01
6.695874E-08,-1.4784879E-01
6.700874E-08,-1.4779608E-01
6.705874E-08,-1.4779608E-01
6.710874E-08,-1.4774337E-01
6.715874E-08,-1.4769067E-01
6.720874E-08,-1.4769067E-01
6.725874E-08,-1.4763796E-01
6.730874E-08,-1.4763796E-01
6.735874E-08,-1.4758525E-01
6.740874E-08,-1.4753254E-01
6.745874E-08,-1.4747983E-01
6.750874E-08,-1.4747983E-01
6.755874E-08,-1.4742712E-01
6.760874E-08,-1.4737441E-01
6.765874E-08,-1.4732170E-01
6.770874E-08,-1.4732170E-01
6.775874E-08,-1.4726899E-01
6.780874E-08,-1.4721628E-01
6.785874E-08,-1.4716358E-01
6.790874E-08,-1.4716358E-01
6.795874E-08,-1.4711087E-01
6.800874E-08,-1.4711087E-01
6.805874E-08,-1.4705816E-01
6.810874E-08,-1.4705816E-01
6.815874E-08,-1.4705816E-01
6.820874E-08,-1.4700545E-01
6.825874E-08,-1.4700545E-01
6.830874E-08,-1.4700545E-01
6.835874E-08,-1.4700545E-01
6.840874E-08,-1.4700545E-01
6.845874E-08,-1.4700545E-01
6.850874E-08,-1.4700545E-01
6.855874E-08,-1.4700545E-01
6.860874E-08,-1.4705816E-01
6.865874E-08,-1.4705816E-01
6.870874E-08,-1.4711087E-01
6.875874E-08,-1.4711087E-01
6.880874E-08,-1.4716358E-01
6.885874E-08,-1.4721628E-01
6.890874E-08,-1.4726899E-01
6.895874E-08,-1.4726899E-01
6.900874E-08,-1.4732170E-01
6.905874E-08,-1.4737441E-01
6.910874E-08,-1.4747983E-01
6.915874E-08,-1.4753254E-01
6.920874E-08,-1.4758525E-01
6.925874E-08,-1.4763796E-01
6.930874E-08,-1.4769067E-01
6.935874E-08,-1.4779608E-01
6.940874E-08,-1.4784879E-01
6.945874E-08,-1.4790150E-01
6.950874E-08,-1.4795421E-01
6.955874E-08,-1.4800692E-01
6.960874E-08,-1.4811234E-01
6.965874E-08,-1.4816505E-01
6.970874E-08,-1.4821776E-01
6.975874E-08,-1.4827046E-01
6.980874E-08,-1.4832317E-01
6.985874E-08,-1.4837588E-01
6.990874E-08,-1.4842859E-01
6.995874E-08,-1.4848130E-01
7.000874E-08,-1.4853401E-01
7.005874E-08,-1.4853401E-01
7.010874E-08,-1.4858672E-01
7.015874E-08,-1.4863943E-01
7.020874E-08,-1.4863943E-01
7.025874E-08,-1.4869214E-01
7.030874E-08,-1.4869214E-01
7.035874E-08,-1.4874485E-01
7.040874E-08,-1.4874485E-01
7.045874E-08,-1.4874485E-01
7.050874E-08,-1.4879755E-01
7.055874E-08,-1.4879755E-01
7.060874E-08,-1.4879755E-01
7.065874E-08,-1.4879755E-01
7.070874E-08,-1.4879755E-01
7.075874E-08,-1.4879755E-01
7.080874E-08,-1.4879755E-01
7.085874E-08,-1.4879755E-01
7.090874E-08,-1.4885026E-01
7.095874E-08,-1.4885026E-01
7.100874E-08,-1.4885026E-01
7.105874E-08,-1.4885026E-01
7.110874E-08,-1.4885026E-01
7.115874E-08,-1.4885026E-01
7.120874E-08,-1.4885026E-01
7.125874E-08,-1.4885026E-01
7.130874E-08,-1.4890297E-01
7.135874E-08,-1.4890297E-01
7.140874E-08,-1.4890297E-01
7.145874E-08,-1.4895568E-01
7.150874E-08,-1.4895568E-01
7.155874E-08,-1.4895568E-01
7.160874E-08,-1.4900839E-01
7.165874E-08,-1.4900839E-01
7.170874E-08,-1.4906110E-01
7.175874E-08,-1.4911381E-01
7.180874E-08,-1.4911381E-01
7.185874E-08,-1.4916652E-01
7.190874E-08,-1.4916652E-01
7.195874E-08,-1.4921923E-01
7.200874E-08,-1.4927194E-01
7.205874E-08,-1.4927194E-01
7.210874E-08,-1.4932464E-01
7.215874E-08,-1.4937735E-01
7.220874E-08,-1.4943006E-01
7.225874E-08,-1.4943006E-01
7.230874E-08,-1.4948277E-01
7.235874E-08,-1.4953548E-01
7.240874E-08,-1.4953548E-01
7.245874E-08,-1.4958819E-01
7.250874E-08,-1.4964090E-01
7.255874E-08,-1.4964090E-01
7.260874E-08,-1.4969361E-01
7.265874E-08,-1.4969361E-01
7.270874E-08,-1.4974632E-01
7.275874E-08,-1.4974632E-01
7.280874E-08,-1.4979903E-01
7.285874E-08,-1.4979903E-01
7.290874E-08,-1.4985173E-01
7.295874E-08,-1.4985173E-01
7.300874E-08,-1.4985173E-01
7.305874E-08,-1.4990444E-01
7.310874E-08,-1.4990444E-01
7.315874E-08,-1.4990444E-01
7.320874E-08,-1.4990444E-01
7.325874E-08,-1.4990444E-01
7.330874E-08,-1.4995715E-01
7.335874E-08,-1.4990444E-01
7.340874E-08,-1.4995715E-01
7.345874E-08,-1.4995715E-01
7.350874E-08,-1.4995715E-01
7.355874E-08,-1.4990444E-01
7.360874E-08,-1.4990444E-01
7.365874E-08,-1.4990444E-01
7.370874E-08,-1.4990444E-01
7.375874E-08,-1.4990444E-01
7.380874E-08,-1.4990444E-01
7.385874E-08,-1.4990444E-01
7.390874E-08,-1.4985173E-01
7.395874E-08,-1.4985173E-01
7.400874E-08,-1.4985173E-01
7.405874E-08,-1.4985173E-01
7.410874E-08,-1.4979903E-01
7.415874E-08,-1.4979903E-01
7.420874E-08,-1.4979903E-01
7.425874E-08,-1.4974632E-01
7.430874E-08,-1.4974632E-01
7.435874E-08,-1.4974632E-01
7.440874E-08,-1.4969361E-01
7.445874E-08,-1.4969361E-01
7.450874E-08,-1.4964090E-01
7.455874E-08,-1.4964090E-01
7.460874E-08,-1.4958819E-01
7.465874E-08,-1.4958819E-01
7.470874E-08,-1.4953548E-01
7.475874E-08,-1.4953548E-01
7.480874E-08,-1.4948277E-01
7.485874E-08,-1.4948277E-01
7.490874E-08,-1.4943006E-01
7.495874E-08,-1.4943006E-01
7.500874E-08,-1.4937735E-01
7.505874E-08,-1.4932464E-01
7.510874E-08,-1.4932464E-01
7.515874E-08,-1.4927194E-01
7.520874E-08,-1.4921923E-01
7.525874E-08,-1.4916652E-01
7.530874E-08,-1.4911381E-01
7.535874E-08,-1.4906110E-01
7.540874E-08,-1.4906110E-01
7.545874E-08,-1.4900839E-01
7.550874E-08,-1.4895568E-01
7.555874E-08,-1.4890297E-01
7.560874E-08,-1.4885026E-01
7.565874E-08,-1.4879755E-01
7.570874E-08,-1.4874485E-01
7.575874E-08,-1.4869214E-01
7.580874E-08,-1.4863943E-01
7.585874E-08,-1.4858672E-01
7.590874E-08,-1.4858672E-01
7.595874E-08,-1.4853401E-01
7.600874E-08,-1.4848130E-01
7.605874E-08,-1.4842859E-01
7.610874E-08,-1.4842859E-01
7.615874E-08,-1.4837588E-01
7.620874E-08,-1.4837588E-01
7.625874E-08,-1.4832317E-01
7.630874E-08,-1.4832317E-01
7.635874E-08,-1.4832317E-01
7.640874E-08,-1.4832317E-01
7.645874E-08,-1.4832317E-01
7.650874E-08,-1.4832317E-01
7.655874E-08,-1.4832317E-01
7.660874E-08,-1.4832317E-01
7.665874E-08,-1.4832317E-01
7.670874E-08,-1.4832317E-01
7.675874E-08,-1.4837588E-01
7.680874E-08,-1.4837588E-01
7.685874E-08,-1.4842859E-01
7.690874E-08,-1.4842859E-01
7.695874E-08,-1.4848130E-01
7.700874E-08,-1.4848130E-01
7.705874E-08,-1.4853401E-01
7.710874E-08,-1.4858672E-01
7.715874E-08,-1.4858672E-01
7.720874E-08,-1.4863943E-01
7.725874E-08,-1.4869214E-01
7.730874E-08,-1.4869214E-01
7.735874E-08,-1.4874485E-01
7.740874E-08,-1.4874485E-01
7.745874E-08,-1.4879755E-01
7.750874E-08,-1.4879755E-01
7.755874E-08,-1.4879755E-01
7.760874E-08,-1.4885026E-01
7.765874E-08,-1.4885026E-01
7.770874E-08,-1.4885026E-01
7.775874E-08,-1.4885026E-01
7.780874E-08,-1.4885026E-01
7.785874E-08,-1.4885026E-01
7.790874E-08,-1.4885026E-01
7.795874E-08,-1.4885026E-01
7.800874E-08,-1.4885026E-01
7.805874E-08,-1.4879755E-01
7.810874E-08,-1.4879755E-01
7.815874E-08,-1.4879755E-01
7.820874E-08,-1.4874485E-01
7.825874E-08,-1.4874485E-01
7.830874E-08,-1.4869214E-01
7.835874E-08,-1.4869214E-01
7.840874E-08,-1.4869214E-01
7.845874E-08,-1.4863943E-01
7.850874E-08,-1.4863943E-01
7.855874E-08,-1.4858672E-01
7.860874E-08,-1.4858672E-01
7.865874E-08,-1.4858672E-01
7.870874E-08,-1.4858672E-01
7.875874E-08,-1.4858672E-01
7.880874E-08,-1.4858672E-01
7.885874E-08,-1.4858672E-01
7.890874E-08,-1.4858672E-01
7.895874E-08,-1.4858672E-01
7.900874E-08,-1.4863943E-01
7.905874E-08,-1.4863943E-01
7.910874E-08,-1.4869214E-01
7.915874E-08,-1.4869214E-01
7.920874E-08,-1.4869214E-01
7.925874E-08,-1.4874485E-01
7.930874E-08,-1.4879755E-01
7.935874E-08,-1.4879755E-01
7.940874E-08,-1.4885026E-01
7.945874E-08,-1.4885026E-01
7.950874E-08,-1.4890297E-01
7.955874E-08,-1.4890297E-01
7.960874E-08,-1.4895568E-01
7.965874E-08,-1.4895568E-01
7.970874E-08,-1.4900839E-01
7.975874E-08,-1.4900839E-01
7.980874E-08,-1.4900839E-01
7.985874E-08,-1.4900839E-01
7.990874E-08,-1.4900839E-01
7.995874E-08,-1.4900839E-01
8.000874E-08,-1.4900839E-01
8.005874E-08,-1.4900839E-01
8.010874E-08,-1.4900839E-01
8.015874E-08,-1.4900839E-01
8.020874E-08,-1.4900839E-01
8.025874E-08,-1.4900839E-01
8.030874E-08,-1.4900839E-01
8.035874E-08,-1.4895568E-01
8.040874E-08,-1.4895568E-01
8.045874E-08,-1.4895568E-01
8.050874E-08,-1.4890297E-01
8.055874E-08,-1.4890297E-01
8.060874E-08,-1.4890297E-01
8.065874E-08,-1.4890297E-01
8.070874E-08,-1.4885026E-01
8.075874E-08,-1.4885026E-01
8.080874E-08,-1.4885026E-01
8.085874E-08,-1.4885026E-01
8.090874E-08,-1.4885026E-01
8.095874E-08,-1.4885026E-01
8.100874E-08,-1.4885026E-01
8.105874E-08,-1.4885026E-01
8.110874E-08,-1.4885026E-01
8.115874E-08,-1.4890297E-01
8.120874E-08,-1.4890297E-01
8.125874E-08,-1.4890297E-01
8.130874E-08,-1.4890297E-01
8.135874E-08,-1.4895568E-01
8.140874E-08,-1.4895568E-01
8.145874E-08,-1.4895568E-01
8.150874E-08,-1.4900839E-01
8.155874E-08,-1.4900839E-01
8.160874E-08,-1.4900839E-01
8.165874E-08,-1.4900839E-01
8.170874E-08,-1.4900839E-01
8.175874E-08,-1.4900839E-01
8.180874E-08,-1.4900839E-01
8.185874E-08,-1.4900839E-01
8.190874E-08,-1.4900839E-01
8.195874E-08,-1.4900839E-01
8.200874E-08,-1.4900839E-01
8.205874E-08,-1.4900839E-01
8.210874E-08,-1.4895568E-01
8.215874E-08,-1.4895568E-01
8.220874E-08,-1.4890297E-01
8.225874E-08,-1.4890297E-01
8.230874E-08,-1.4890297E-01
8.235874E-08,-1.4885026E-01
8.240874E-08,-1.4885026E-01
8.245874E-08,-1.4879755E-01
8.250874E-08,-1.4879755E-01
8.255874E-08,-1.4879755E-01
8.260874E-08,-1.4874485E-01
8.265874E-08,-1.4874485E-01
8.270874E-08,-1.4874485E-01
8.275874E-08,-1.4874485E-01
8.280874E-08,-1.4874485E-01
8.285874E-08,-1.4874485E-01
8.290874E-08,-1.4879755E-01
8.295874E-08,-1.4879755E-01
8.300874E-08,-1.4885026E-01
8.305874E-08,-1.4890297E-01
8.310874E-08,-1.4895568E-01
8.315874E-08,-1.4895568E-01
8.320874E-08,-1.4906110E-01
8.325874E-08,-1.4911381E-01
8.330874E-08,-1.4916652E-01
8.335874E-08,-1.4921923E-01
8.340874E-08,-1.4932464E-01
8.345874E-08,-1.4937735E-01
8.350874E-08,-1.4943006E-01
8.355874E-08,-1.4953548E-01
8.360874E-08,-1.4958819E-01
8.365874E-08,-1.4964090E-01
8.370874E-08,-1.4974632E-01
8.375874E-08,-1.4979903E-01
8.380874E-08,-1.4985173E-01
8.385874E-08,-1.4990444E-01
8.390874E-08,-1.4995715E-01
8.395874E-08,-1.5000986E-01
8.400874E-08,-1.5000986E-01
8.405874E-08,-1.5006257E-01
8.410874E-08,-1.5006257E-01
8.415874E-08,-1.5011528E-01
8.420874E-08,-1.5011528E-01
8.425874E-08,-1.5011528E-01
8.430874E-08,-1.5011528E-01
8.435874E-08,-1.5011528E-01
8.440874E-08,-1.5011528E-01
8.445874E-08,-1.5006257E-01
8.450874E-08,-1.5006257E-01
8.455874E-08,-1.5006257E-01
8.460874E-08,-1.5000986E-01
8.465874E-08,-1.5000986E-01
8.470874E-08,-1.4995715E-01
8.475874E-08,-1.4995715E-01
8.480874E-08,-1.4995715E-01
8.485874E-08,-1.4990444E-01
8.490874E-08,-1.4990444E-01
8.495874E-08,-1.4990444E-01
8.500874E-08,-1.4990444E-01
8.505874E-08,-1.4985173E-01
8.510874E-08,-1.4990444E-01
8.515874E-08,-1.4990444E-01
8.520874E-08,-1.4990444E-01
8.525874E-08,-1.4990444E-01
8.530874E-08,-1.4995715E-01
8.535874E-08,-1.4995715E-01
8.540874E-08,-1.5000986E-01
8.545874E-08,-1.5000986E-01
8.550874E-08,-1.5006257E-01
8.555874E-08,-1.5011528E-01
8.560874E-08,-1.5011528E-01
8.565874E-08,-1.5016799E-01
8.570874E-08,-1.5022070E-01
8.575874E-08,-1.5027341E-01
8.580874E-08,-1.5027341E-01
8.585874E-08,-1.5032612E-01
8.590874E-08,-1.5037883E-01
8.595874E-08,-1.5037883E-01
8.600874E-08,-1.5043153E-01
8.605874E-08,-1.5043153E-01
8.610874E-08,-1.5043153E-01
8.615874E-08,-1.5048424E-01
8.620874E-08,-1.5048424E-01
8.625874E-08,-1.5043153E-01
8.630874E-08,-1.5043153E-01
8.635874E-08,-1.5043153E-01
8.640874E-08,-1.5043153E-01
8.645874E-08,-1.5037883E-01
8.650874E-08,-1.5032612E-01
8.655874E-08,-1.5032612E-01
8.660874E-08,-1.5027341E-01
8.665874E-08,-1.5022070E-01
8.670874E-08,-1.5016799E-01
8.675874E-08,-1.5011528E-01
8.680874E-08,-1.5000986E-01
8.685874E-08,-1.4995715E-01
8.690874E-08,-1.4990444E-01
8.695874E-08,-1.4985173E-01
8.700874E-08,-1.4979903E-01
8.705874E-08,-1.4969361E-01
8.710874E-08,-1.4964090E-01
8.715874E-08,-1.4958819E-01
8.720874E-08,-1.4953548E-01
8.725874E-08,-1.4948277E-01
8.730874E-08,-1.4943006E-01
8.735874E-08,-1.4937735E-01
8.740874E-08,-1.4932464E-01
8.745874E-08,-1.4927194E-01
8.750874E-08,-1.4927194E-01
8.755874E-08,-1.4921923E-01
8.760874E-08,-1.4916652E-01
8.765874E-08,-1.4916652E-01
8.770874E-08,-1.4911381E-01
8.775874E-08,-1.4911381E-01
8.780874E-08,-1.4906110E-01
8.785874E-08,-1.4906110E-01
8.790874E-08,-1.4900839E-01
8.795874E-08,-1.4900839E-01
8.800874E-08,-1.4895568E-01
8.805874E-08,-1.4895568E-01
8.810874E-08,-1.4890297E-01
8.815874E-08,-1.4890297E-01
8.820874E-08,-1.4885026E-01
8.825874E-08,-1.4885026E-01
8.830874E-08,-1.4879755E-01
8.835874E-08,-1.4879755E-01
8.840874E-08,-1.4874485E-01
8.845874E-08,-1.4869214E-01
8.850874E-08,-1.4869214E-01
8.855874E-08,-1.4863943E-01
8.860874E-08,-1.4858672E-01
8.865874E-08,-1.4858672E-01
8.870874E-08,-1.4853401E-01
8.875874E-08,-1.4848130E-01
8.880874E-08,-1.4848130E-01
8.885874E-08,-1.4842859E-01
8.890874E-08,-1.4842859E-01
8.895874E-08,-1.4837588E-01
8.900874E-08,-1.4832317E-01
8.905874E-08,-1.4832317E-01
8.910874E-08,-1.4832317E-01
8.915874E-08,-1.4827046E-01
8.920874E-08,-1.4827046E-01
8.925874E-08,-1.4827046E-01
8.930874E-08,-1.4827046E-01
8.935874E-08,-1.4827046E-01
8.940874E-08,-1.4827046E-01
8.945874E-08,-1.4827046E-01
8.950874E-08,-1.4827046E-01
8.955874E-08,-1.4827046E-01
8.960874E-08,-1.4832317E-01
8.965874E-08,-1.4832317E-01
8.970874E-08,-1.4837588E-01
8.975874E-08,-1.4837588E-01
8.980874E-08,-1.4842859E-01
8.985874E-08,-1.4848130E-01
8.990874E-08,-1.4853401E-01
8.995874E-08,-1.4853401E-01
9.000874E-08,-1.4858672E-01
9.005874E-08,-1.4863943E-01
9.010874E-08,-1.4869214E-01
9.015874E-08,-1.4874485E-01
9.020874E-08,-1.4879755E-01
9.025874E-08,-1.4885026E-01
9.030874E-08,-1.4895568E-01
9.035874E-08,-1.4900839E-01
9.040874E-08,-1.4906110E-01
9.045874E-08,-1.4911381E-01
9.050874E-08,-1.4916652E-01
9.055874E-08,-1.4921923E-01
9.060874E-08,-1.4932464E-01
9.065874E-08,-1.4937735E-01
9.070874E-08,-1.4943006E-01
9.075874E-08,-1.4948277E-01
9.080874E-08,-1.4953548E-01
9.085874E-08,-1.4958819E-01
9.090874E-08,-1.4964090E-01
9.095874E-08,-1.4974632E-01
9.100874E-08,-1.4979903E-01
9.105874E-08,-1.4985173E-01
9.110874E-08,-1.4990444E-01
9.115874E-08,-1.4995715E-01
9.120874E-08,-1.5000986E-01
9.125874E-08,-1.5006257E-01
9.130874E-08,-1.5011528E-01
9.135874E-08,-1.5011528E-01
9.140874E-08,-1.5016799E-01
9.145874E-08,-1.5022070E-01
9.150874E-08,-1.5027341E-01
9.155874E-08,-1.5027341E-01
9.160874E-08,-1.5032612E-01
9.165874E-08,-1.5032612E-01
9.170874E-08,-1.5037883E-01
9.175874E-08,-1.5037883E-01
9.180874E-08,-1.5037883E-01
9.185874E-08,-1.5037883E-01
9.190874E-08,-1.5037883E-01
9.195874E-08,-1.5037883E-01
9.200874E-08,-1.5037883E-01
9.205874E-08,-1.5037883E-01
9.210874E-08,-1.5032612E-01
9.215874E-08,-1.5032612E-01
9.220874E-08,-1.5032612E-01
9.225874E-08,-1.5027341E-01
9.230874E-08,-1.5022070E-01
9.235874E-08,-1.5022070E-01
9.240874E-08,-1.5016799E-01
9.245874E-08,-1.5011528E-01
9.250874E-08,-1.5006257E-01
9.255874E-08,-1.5000986E-01
9.260874E-08,-1.4995715E-01
9.265874E-08,-1.4990444E-01
9.270874E-08,-1.4985173E-01
9.275874E-08,-1.4985173E-01
9.280874E-08,-1.4979903E-01
9.285874E-08,-1.4974632E-01
9.290874E-08,-1.4969361E-01
9.295874E-08,-1.4964090E-01
9.300874E-08,-1.4958819E-01
9.305874E-08,-1.4953548E-01
9.310874E-08,-1.4953548E-01
9.315874E-08,-1.4948277E-01
9.320874E-08,-1.4943006E-01
9.325874E-08,-1.4943006E-01
9.330874E-08,-1.4937735E-01
9.335874E-08,-1.4932464E-01
9.340874E-08,-1.4932464E-01
9.345874E-08,-1.4927194E-01
9.350874E-08,-1.4927194E-01
9.355874E-08,-1.4927194E-01
9.360874E-08,-1.4921923E-01
9.365874E-08,-1.4921923E-01
9.370874E-08,-1.4916652E-01
9.375874E-08,-1.4916652E-01
9.380874E-08,-1.4916652E-01
9.385874E-08,-1.4911381E-01
9.390874E-08,-1.4911381E-01
9.395874E-08,-1.4911381E-01
9.400874E-08,-1.4906110E-01
9.405874E-08,-1.4906110E-01
9.410874E-08,-1.4906110E-01
9.415874E-08,-1.4900839E-01
9.420874E-08,-1.4900839E-01
9.425874E-08,-1.4900839E-01
9.430874E-08,-1.4900839E-01
9.435874E-08,-1.4900839E-01
9.440874E-08,-1.4900839E-01
9.445874E-08,-1.4900839E-01
9.450874E-08,-1.4900839E-01
9.455874E-08,-1.4900839E-01
9.460874E-08,-1.4900839E-01
9.465874E-08,-1.4906110E-01
9.470874E-08,-1.4906110E-01
9.475874E-08,-1.4906110E-01
9.480874E-08,-1.4911381E-01
9.485874E-08,-1.4911381E-01
9.490874E-08,-1.4916652E-01
9.495874E-08,-1.4921923E-01
9.500874E-08,-1.4921923E-01
9.505874E-08,-1.4927194E-01
9.510874E-08,-1.4932464E-01
9.515874E-08,-1.4937735E-01
9.520874E-08,-1.4943006E-01
9.525874E-08,-1.4948277E-01
9.530874E-08,-1.4953548E-01
9.535874E-08,-1.4958819E-01
9.540874E-08,-1.4964090E-01
9.545874E-08,-1.4969361E-01
9.550874E-08,-1.4974632E-01
9.555874E-08,-1.4979903E-01
9.560874E-08,-1.4979903E-01
9.565874E-08,-1.4985173E-01
9.570874E-08,-1.4985173E-01
9.575874E-08,-1.4990444E-01
9.580874E-08,-1.4990444E-01
9.585874E-08,-1.4995715E-01
9.590874E-08,-1.4995715E-01
9.595874E-08,-1.4995715E-01
9.600874E-08,-1.4995715E-01
9.605874E-08,-1.4995715E-01
9.610874E-08,-1.4990444E-01
9.615874E-08,-1.4990444E-01
9.620874E-08,-1.4985173E-01
9.625874E-08,-1.4985173E-01
9.630874E-08,-1.4979903E-01
9.635874E-08,-1.4974632E-01
9.640874E-08,-1.4969361E-01
9.645874E-08,-1.4964090E-01
9.650874E-08,-1.4958819E-01
9.655874E-08,-1.4953548E-01
9.660874E-08,-1.4953548E-01
9.665874E-08,-1.4948277E-01
9.670874E-08,-1.4943006E-01
9.675874E-08,-1.4937735E-01
9.680874E-08,-1.4937735E-01
9.685874E-08,-1.4932464E-01
9.690874E-08,-1.4927194E-01
9.695874E-08,-1.4927194E-01
9.700874E-08,-1.4927194E-01
9.705874E-08,-1.4927194E-01
9.710874E-08,-1.4927194E-01
9.715874E-08,-1.4927194E-01
9.720874E-08,-1.4932464E-01
9.725874E-08,-1.4932464E-01
9.730874E-08,-1.4937735E-01
9.735874E-08,-1.4943006E-01
9.740874E-08,-1.4948277E-01
9.745874E-08,-1.4953548E-01
9.750874E-08,-1.4958819E-01
9.755874E-08,-1.4964090E-01
9.760874E-08,-1.4969361E-01
9.765874E-08,-1.4979903E-01
9.770874E-08,-1.4985173E-01
9.775874E-08,-1.4990444E-01
9.780874E-08,-1.4995715E-01
9.785874E-08,-1.5006257E-01
9.790874E-08,-1.5011528E-01
9.795874E-08,-1.5016799E-01
9.800874E-08,-1.5022070E-01
9.805874E-08,-1.5027341E-01
9.810874E-08,-1.5027341E-01
9.815874E-08,-1.5032612E-01
9.820874E-08,-1.5032612E-01
9.825874E-08,-1.5037883E-01
9.830874E-08,-1.5037883E-01
9.835874E-08,-1.5037883E-01
9.840874E-08,-1.5037883E-01
9.845874E-08,-1.5032612E-01
9.850874E-08,-1.5032612E-01
9.855874E-08,-1.5027341E-01
9.860874E-08,-1.5027341E-01
9.865874E-08,-1.5022070E-01
9.870874E-08,-1.5016799E-01
9.875874E-08,-1.5011528E-01
9.880874E-08,-1.5006257E-01
9.885874E-08,-1.5000986E-01
9.890874E-08,-1.4995715E-01
9.895874E-08,-1.4990444E-01
9.900874E-08,-1.4985173E-01
9.905874E-08,-1.4979903E-01
9.910874E-08,-1.4974632E-01
9.915874E-08,-1.4969361E-01
9.920874E-08,-1.4969361E-01
9.925874E-08,-1.4964090E-01
9.930874E-08,-1.4964090E-01
9.935874E-08,-1.4958819E-01
9.940874E-08,-1.4958819E-01
9.945874E-08,-1.4958819E-01
9.950874E-08,-1.4958819E-01
9.955874E-08,-1.4958819E-01
9.960874E-08,-1.4958819E-01
9.965874E-08,-1.4958819E-01
9.970874E-08,-1.4964090E-01
9.975874E-08,-1.4964090E-01
9.980874E-08,-1.4969361E-01
9.985874E-08,-1.4974632E-01
9.990874E-08,-1.4974632E-01
9.995874E-08,-1.4979903E-01
1.0000874E-07,-1.4985173E-01
1.0005874E-07,-1.4990444E-01
1.0010874E-07,-1.4995715E-01
1.0015874E-07,-1.5000986E-01
1.0020874E-07,-1.5000986E-01
1.0025874E-07,-1.5006257E-01
1.0030874E-07,-1.5011528E-01
1.0035874E-07,-1.5016799E-01
1.0040874E-07,-1.5016799E-01
1.0045874E-07,-1.5022070E-01
1.0050874E-07,-1.5022070E-01
1.0055874E-07,-1.5027341E-01
1.0060874E-07,-1.5027341E-01
1.0065874E-07,-1.5027341E-01
1.0070874E-07,-1.5027341E-01
1.0075874E-07,-1.5027341E-01
1.0080874E-07,-1.5027341E-01
1.0085874E-07,-1.5027341E-01
1.0090874E-07,-1.5022070E-01
1.0095874E-07,-1.5022070E-01
1.0100874E-07,-1.5022070E-01
1.0105874E-07,-1.5016799E-01
1.0110874E-07,-1.5016799E-01
1.0115874E-07,-1.5011528E-01
1.0120874E-07,-1.5011528E-01
1.0125874E-07,-1.5006257E-01
1.0130874E-07,-1.5000986E-01
1.0135874E-07,-1.5000986E-01
1.0140874E-07,-1.4995715E-01
1.0145874E-07,-1.4995715E-01
1.0150874E-07,-1.4990444E-01
1.0155874E-07,-1.4990444E-01
1.0160874E-07,-1.4985173E-01
1.0165874E-07,-1.4979903E-01
1.0170874E-07,-1.4979903E-01
1.0175874E-07,-1.4979903E-01
1.0180874E-07,-1.4974632E-01
1.0185874E-07,-1.4974632E-01
1.0190874E-07,-1.4969361E-01
1.0195874E-07,-1.4969361E-01
1.0200874E-07,-1.4969361E-01
1.0205874E-07,-1.4969361E-01
1.0210874E-07,-1.4964090E-01
1.0215874E-07,-1.4964090E-01
1.0220874E-07,-1.4964090E-01
1.0225874E-07,-1.4964090E-01
1.0230874E-07,-1.4964090E-01
1.0235874E-07,-1.4964090E-01
1.0240874E-07,-1.4964090E-01
1.0245874E-07,-1.4964090E-01
1.0250874E-07,-1.4964090E-01
1.0255874E-07,-1.4958819E-01
1.0260874E-07,-1.4958819E-01
1.0265874E-07,-1.4958819E-01
1.0270874E-07,-1.4958819E-01
1.0275874E-07,-1.4958819E-01
1.0280874E-07,-1.4958819E-01
1.0285874E-07,-1.4958819E-01
1.0290874E-07,-1.4958819E-01
1.0295874E-07,-1.4958819E-01
1.0300874E-07,-1.4958819E-01
1.0305874E-07,-1.4958819E-01
1.0310874E-07,-1.4958819E-01
1.0315874E-07,-1.4958819E-01
1.0320874E-07,-1.4958819E-01
1.0325874E-07,-1.4958819E-01
1.0330874E-07,-1.4964090E-01
1.0335874E-07,-1.4964090E-01
1.0340874E-07,-1.4964090E-01
1.0345874E-07,-1.4964090E-01
1.0350874E-07,-1.4964090E-01
1.0355874E-07,-1.4964090E-01
1.0360874E-07,-1.4969361E-01
1.0365874E-07,-1.4969361E-01
1.0370874E-07,-1.4969361E-01
1.0375874E-07,-1.4969361E-01
1.0380874E-07,-1.4969361E-01
1.0385874E-07,-1.4974632E-01
1.0390874E-07,-1.4974632E-01
1.0395874E-07,-1.4974632E-01
1.0400874E-07,-1.4974632E-01
1.0405874E-07,-1.4974632E-01
1.0410874E-07,-1.4979903E-01
1.0415874E-07,-1.4979903E-01
1.0420874E-07,-1.4979903E-01
1.0425874E-07,-1.4979903E-01
1.0430874E-07,-1.4979903E-01
1.0435874E-07,-1.4979903E-01
1.0440874E-07,-1.4979903E-01
1.0445874E-07,-1.4985173E-01
1.0450874E-07,-1.4985173E-01
1.0455874E-07,-1.4985173E-01
1.0460874E-07,-1.4985173E-01
1.0465874E-07,-1.4985173E-01
1.0470874E-07,-1.4985173E-01
1.0475874E-07,-1.4985173E-01
1.0480874E-07,-1.4985173E-01
1.0485874E-07,-1.4985173E-01
1.0490874E-07,-1.4985173E-01
1.0495874E-07,-1.4985173E-01
1.0500874E-07,-1.4985173E-01
1.0505874E-07,-1.4985173E-01
1.0510874E-07,-1.4985173E-01
1.0515874E-07,-1.4990444E-01
1.0520874E-07,-1.4990444E-01
1.0525874E-07,-1.4990444E-01
1.0530874E-07,-1.4995715E-01
1.0535874E-07,-1.4995715E-01
1.0540874E-07,-1.4995715E-01
1.0545874E-07,-1.5000986E-01
1.0550874E-07,-1.5000986E-01
1.0555874E-07,-1.5006257E-01
1.0560874E-07,-1.5011528E-01
1.0565874E-07,-1.5016799E-01
1.0570874E-07,-1.5016799E-01
1.0575874E-07,-1.5022070E-01
1.0580874E-07,-1.5027341E-01
1.0585874E-07,-1.5032612E-01
1.0590874E-07,-1.5037883E-01
1.0595874E-07,-1.5037883E-01
1.0600874E-07,-1.5043153E-01
1.0605874E-07,-1.5048424E-01
1.0610874E-07,-1.5053695E-01
1.0615874E-07,-1.5058966E-01
1.0620874E-07,-1.5064237E-01
1.0625874E-07,-1.5069508E-01
1.0630874E-07,-1.5069508E-01
1.0635874E-07,-1.5074779E-01
1.0640874E-07,-1.5074779E-01
1.0645874E-07,-1.5080050E-01
1.0650874E-07,-1.5080050E-01
1.0655874E-07,-1.5085321E-01
1.0660874E-07,-1.5085321E-01
1.0665874E-07,-1.5085321E-01
1.0670874E-07,-1.5085321E-01
1.0675874E-07,-1.5085321E-01
1.0680874E-07,-1.5085321E-01
1.0685874E-07,-1.5085321E-01
1.0690874E-07,-1.5080050E-01
1.0695874E-07,-1.5080050E-01
1.0700874E-07,-1.5074779E-01
1.0705874E-07,-1.5069508E-01
1.0710874E-07,-1.5064237E-01
1.0715874E-07,-1.5058966E-01
1.0720874E-07,-1.5053695E-01
1.0725874E-07,-1.5048424E-01
1.0730874E-07,-1.5043153E-01
1.0735874E-07,-1.5037883E-01
1.0740874E-07,-1.5032612E-01
1.0745874E-07,-1.5022070E-01
1.0750874E-07,-1.5016799E-01
1.0755874E-07,-1.5006257E-01
1.0760874E-07,-1.5000986E-01
1.0765874E-07,-1.4995715E-01
1.0770874E-07,-1.4985173E-01
1.0775874E-07,-1.4979903E-01
1.0780874E-07,-1.4974632E-01
1.0785874E-07,-1.4969361E-01
1.0790874E-07,-1.4958819E-01
1.0795874E-07,-1.4953548E-01
1.0800874E-07,-1.4948277E-01
1.0805874E-07,-1.4943006E-01
1.0810874E-07,-1.4937735E-01
1.0815874E-07,-1.4932464E-01
1.0820874E-07,-1.4927194E-01
1.0825874E-07,-1.4927194E-01
1.0830874E-07,-1.4921923E-01
1.0835874E-07,-1.4916652E-01
1.0840874E-07,-1.4916652E-01
1.0845874E-07,-1.4916652E-01
1.0850874E-07,-1.4911381E-01
1.0855874E-07,-1.4911381E-01
1.0860874E-07,-1.4911381E-01
1.0865874E-07,-1.4911381E-01
1.0870874E-07,-1.4911381E-01
1.0875874E-07,-1.4911381E-01
1.0880874E-07,-1.4911381E-01
1.0885874E-07,-1.4911381E-01
1.0890874E-07,-1.4916652E-01
1.0895874E-07,-1.4916652E-01
1.0900874E-07,-1.4916652E-01
1.0905874E-07,-1.4921923E-01
1.0910874E-07,-1.4921923E-01
1.0915874E-07,-1.4921923E-01
1.0920874E-07,-1.4927194E-01
1.0925874E-07,-1.4927194E-01
1.0930874E-07,-1.4927194E-01
1.0935874E-07,-1.4932464E-01
1.0940874E-07,-1.4932464E-01
1.0945874E-07,-1.4937735E-01
1.0950874E-07,-1.4937735E-01
1.0955874E-07,-1.4937735E-01
1.0960874E-07,-1.4943006E-01
1.0965874E-07,-1.4943006E-01
1.0970874E-07,-1.4943006E-01
1.0975874E-07,-1.4948277E-01
1.0980874E-07,-1.4948277E-01
1.0985874E-07,-1.4948277E-01
1.0990874E-07,-1.4953548E-01
1.0995874E-07,-1.4953548E-01
1.1000874E-07,-1.4958819E-01
1.1005874E-07,-1.4958819E-01
1.1010874E-07,-1.4964090E-01
1.1015874E-07,-1.4964090E-01
1.1020874E-07,-1.4969361E-01
1.1025874E-07,-1.4969361E-01
1.1030874E-07,-1.4974632E-01
1.1035874E-07,-1.4974632E-01
1.1040874E-07,-1.4979903E-01
1.1045874E-07,-1.4979903E-01
1.1050874E-07,-1.4985173E-01
1.1055874E-07,-1.4990444E-01
1.1060874E-07,-1.4990444E-01
1.1065874E-07,-1.4995715E-01
1.1070874E-07,-1.4995715E-01
1.1075874E-07,-1.5000986E-01
1.1080874E-07,-1.5006257E-01
1.1085874E-07,-1.5011528E-01
1.1090874E-07,-1.5011528E-01
1.1095874E-07,-1.5016799E-01
1.1100874E-07,-1.5016799E-01
1.1105874E-07,-1.5022070E-01
1.1110874E-07,-1.5027341E-01
1.1115874E-07,-1.5027341E-01
1.1120874E-07,-1.5032612E-01
1.1125874E-07,-1.5037883E-01
1.1130874E-07,-1.5037883E-01
1.1135874E-07,-1.5037883E-01
1.1140874E-07,-1.5043153E-01
1.1145874E-07,-1.5043153E-01
1.1150874E-07,-1.5048424E-01
1.1155874E-07,-1.5048424E-01
1.1160874E-07,-1.5048424E-01
1.1165874E-07,-1.5053695E-01
1.1170874E-07,-1.5053695E-01
1.1175874E-07,-1.5053695E-01
1.1180874E-07,-1.5053695E-01
1.1185874E-07,-1.5053695E-01
1.1190874E-07,-1.5053695E-01
1.1195874E-07,-1.5053695E-01
1.1200874E-07,-1.5053695E-01
1.1205874E-07,-1.5053695E-01
1.1210874E-07,-1.5053695E-01
1.1215874E-07,-1.5053695E-01
1.1220874E-07,-1.5053695E-01
1.1225874E-07,-1.5053695E-01
1.1230874E-07,-1.5053695E-01
1.1235874E-07,-1.5048424E-01
1.1240874E-07,-1.5048424E-01
1.1245874E-07,-1.5048424E-01
1.1250874E-07,-1.5043153E-01
1.1255874E-07,-1.5043153E-01
1.1260874E-07,-1.5037883E-01
1.1265874E-07,-1.5037883E-01
1.1270874E-07,-1.5032612E-01
1.1275874E-07,-1.5032612E-01
1.1280874E-07,-1.5027341E-01
1.1285874E-07,-1.5027341E-01
1.1290874E-07,-1.5022070E-01
1.1295874E-07,-1.5016799E-01
1.1300874E-07,-1.5011528E-01
1.1305874E-07,-1.5011528E-01
1.1310874E-07,-1.5006257E-01
1.1315874E-07,-1.5000986E-01
1.1320874E-07,-1.4995715E-01
1.1325874E-07,-1.4990444E-01
1.1330874E-07,-1.4985173E-01
1.1335874E-07,-1.4979903E-01
1.1340874E-07,-1.4974632E-01
1.1345874E-07,-1.4974632E-01
1.1350874E-07,-1.4969361E-01
1.1355874E-07,-1.4964090E-01
1.1360874E-07,-1.4958819E-01
1.1365874E-07,-1.4953548E-01
1.1370874E-07,-1.4953548E-01
1.1375874E-07,-1.4948277E-01
1.1380874E-07,-1.4943006E-01
1.1385874E-07,-1.4943006E-01
1.1390874E-07,-1.4937735E-01
1.1395874E-07,-1.4937735E-01
1.1400874E-07,-1.4932464E-01
1.1405874E-07,-1.4932464E-01
1.1410874E-07,-1.4932464E-01
1.1415874E-07,-1.4932464E-01
1.1420874E-07,-1.4932464E-01
1.1425874E-07,-1.4932464E-01
1.1430874E-07,-1.4932464E-01
1.1435874E-07,-1.4932464E-01
1.1440874E-07,-1.4932464E-01
1.1445874E-07,-1.4937735E-01
1.1450874E-07,-1.4937735E-01
1.1455874E-07,-1.4937735E-01
1.1460874E-07,-1.4943006E-01
1.1465874E-07,-1.4943006E-01
1.1470874E-07,-1.4943006E-01
1.1475874E-07,-1.4948277E-01
1.1480874E-07,-1.4948277E-01
1.1485874E-07,-1.4948277E-01
1.1490874E-07,-1.4953548E-01
1.1495874E-07,-1.4953548E-01
1.1500874E-07,-1.4953548E-01
1.1505874E-07,-1.4953548E-01
1.1510874E-07,-1.4953548E-01
1.1515874E-07,-1.4953548E-01
1.1520874E-07,-1.4953548E-01
1.1525874E-07,-1.4948277E-01
1.1530874E-07,-1.4948277E-01
1.1535874E-07,-1.4948277E-01
1.1540874E-07,-1.4943006E-01
1.1545874E-07,-1.4943006E-01
1.1550874E-07,-1.4937735E-01
1.1555874E-07,-1.4937735E-01
1.1560874E-07,-1.4932464E-01
1.1565874E-07,-1.4927194E-01
1.1570874E-07,-1.4927194E-01
1.1575874E-07,-1.4921923E-01
1.1580874E-07,-1.4916652E-01
1.1585874E-07,-1.4916652E-01
1.1590874E-07,-1.4911381E-01
1.1595874E-07,-1.4906110E-01
1.1600874E-07,-1.4906110E-01
1.1605874E-07,-1.4906110E-01
1.1610874E-07,-1.4900839E-01
1.1615874E-07,-1.4900839E-01
1.1620874E-07,-1.4900839E-01
1.1625874E-07,-1.4895568E-01
1.1630874E-07,-1.4895568E-01
1.1635874E-07,-1.4895568E-01
1.1640874E-07,-1.4895568E-01
1.1645874E-07,-1.4900839E-01
1.1650874E-07,-1.4900839E-01
1.1655874E-07,-1.4900839E-01
1.1660874E-07,-1.4900839E-01
1.1665874E-07,-1.4900839E-01
1.1670874E-07,-1.4906110E-01
1.1675874E-07,-1.4906110E-01
1.1680874E-07,-1.4906110E-01
1.1685874E-07,-1.4911381E-01
1.1690874E-07,-1.4911381E-01
1.1695874E-07,-1.4911381E-01
1.1700874E-07,-1.4911381E-01
1.1705874E-07,-1.4916652E-01
1.1710874E-07,-1.4916652E-01
1.1715874E-07,-1.4916652E-01
1.1720874E-07,-1.4916652E-01
1.1725874E-07,-1.4916652E-01
1.1730874E-07,-1.4911381E-01
1.1735874E-07,-1.4911381E-01
1.1740874E-07,-1.4911381E-01
1.1745874E-07,-1.4906110E-01
1.1750874E-07,-1.4906110E-01
1.1755874E-07,-1.4900839E-01
1.1760874E-07,-1.4900839E-01
1.1765874E-07,-1.4895568E-01
1.1770874E-07,-1.4895568E-01
1.1775874E-07,-1.4890297E-01
1.1780874E-07,-1.4890297E-01
1.1785874E-07,-1.4885026E-01
1.1790874E-07,-1.4885026E-01
1.1795874E-07,-1.4879755E-01
1.1800874E-07,-1.4879755E-01
1.1805874E-07,-1.4879755E-01
1.1810874E-07,-1.4879755E-01
1.1815874E-07,-1.4879755E-01
1.1820874E-07,-1.4879755E-01
1.1825874E-07,-1.4885026E-01
1.1830874E-07,-1.4885026E-01
1.1835874E-07,-1.4890297E-01
1.1840874E-07,-1.4890297E-01
1.1845874E-07,-1.4895568E-01
1.1850874E-07,-1.4900839E-01
1.1855874E-07,-1.4906110E-01
1.1860874E-07,-1.4916652E-01
1.1865874E-07,-1.4921923E-01
1.1870874E-07,-1.4927194E-01
1.1875874E-07,-1.4937735E-01
1.1880874E-07,-1.4943006E-01
1.1885874E-07,-1.4948277E-01
1.1890874E-07,-1.4958819E-01
1.1895874E-07,-1.4964090E-01
1.1900874E-07,-1.4969361E-01
1.1905874E-07,-1.4974632E-01
1.1910874E-07,-1.4979903E-01
1.1915874E-07,-1.4985173E-01
1.1920874E-07,-1.4990444E-01
1.1925874E-07,-1.4990444E-01
1.1930874E-07,-1.4995715E-01
1.1935874E-07,-1.4995715E-01
1.1940874E-07,-1.4995715E-01
1.1945874E-07,-1.4990444E-01
1.1950874E-07,-1.4990444E-01
1.1955874E-07,-1.4985173E-01
1.1960874E-07,-1.4979903E-01
1.1965874E-07,-1.4974632E-01
1.1970874E-07,-1.4969361E-01
1.1975874E-07,-1.4964090E-01
1.1980874E-07,-1.4953548E-01
1.1985874E-07,-1.4948277E-01
1.1990874E-07,-1.4937735E-01
1.1995874E-07,-1.4927194E-01
1.2000874E-07,-1.4921923E-01
1.2005874E-07,-1.4911381E-01
1.2010874E-07,-1.4906110E-01
1.2015874E-07,-1.4895568E-01
1.2020874E-07,-1.4890297E-01
1.2025874E-07,-1.4879755E-01
1.2030874E-07,-1.4874485E-01
1.2035874E-07,-1.4869214E-01
1.2040874E-07,-1.4863943E-01
1.2045874E-07,-1.4858672E-01
1.2050874E-07,-1.4858672E-01
1.2055874E-07,-1.4853401E-01
1.2060874E-07,-1.4853401E-01
1.2065874E-07,-1.4853401E-01
1.2070874E-07,-1.4853401E-01
1.2075874E-07,-1.4858672E-01
1.2080874E-07,-1.4858672E-01
1.2085874E-07,-1.4863943E-01
1.2090874E-07,-1.4869214E-01
1.2095874E-07,-1.4874485E-01
1.2100874E-07,-1.4879755E-01
1.2105874E-07,-1.4885026E-01
1.2110874E-07,-1.4890297E-01
1.2115874E-07,-1.4895568E-01
1.2120874E-07,-1.4900839E-01
1.2125874E-07,-1.4911381E-01
1.2130874E-07,-1.4916652E-01
1.2135874E-07,-1.4921923E-01
1.2140874E-07,-1.4927194E-01
1.2145874E-07,-1.4932464E-01
1.2150874E-07,-1.4932464E-01
1.2155874E-07,-1.4937735E-01
1.2160874E-07,-1.4937735E-01
1.2165874E-07,-1.4943006E-01
1.2170874E-07,-1.4943006E-01
1.2175874E-07,-1.4943006E-01
1.2180874E-07,-1.4943006E-01
1.2185874E-07,-1.4937735E-01
1.2190874E-07,-1.4937735E-01
1.2195874E-07,-1.4932464E-01
1.2200874E-07,-1.4927194E-01
1.2205874E-07,-1.4927194E-01
1.2210874E-07,-1.4921923E-01
1.2215874E-07,-1.4916652E-01
1.2220874E-07,-1.4911381E-01
1.2225874E-07,-1.4906110E-01
1.2230874E-07,-1.4900839E-01
1.2235874E-07,-1.4895568E-01
1.2240874E-07,-1.4890297E-01
1.2245874E-07,-1.4885026E-01
1.2250874E-07,-1.4879755E-01
1.2255874E-07,-1.4874485E-01
1.2260874E-07,-1.4874485E-01
1.2265874E-07,-1.4869214E-01
1.2270874E-07,-1.4869214E-01
1.2275874E-07,-1.4869214E-01
1.2280874E-07,-1.4869214E-01
1.2285874E-07,-1.4869214E-01
1.2290874E-07,-1.4869214E-01
1.2295874E-07,-1.4869214E-01
1.2300874E-07,-1.4869214E-01
1.2305874E-07,-1.4874485E-01
1.2310874E-07,-1.4874485E-01
1.2315874E-07,-1.4879755E-01
1.2320874E-07,-1.4885026E-01
1.2325874E-07,-1.4885026E-01
1.2330874E-07,-1.4890297E-01
1.2335874E-07,-1.4895568E-01
1.2340874E-07,-1.4900839E-01
1.2345874E-07,-1.4900839E-01
1.2350874E-07,-1.4906110E-01
1.2355874E-07,-1.4911381E-01
1.2360874E-07,-1.4911381E-01
1.2365874E-07,-1.4916652E-01
1.2370874E-07,-1.4916652E-01
1.2375874E-07,-1.4916652E-01
1.2380874E-07,-1.4916652E-01
1.2385874E-07,-1.4916652E-01
1.2390874E-07,-1.4916652E-01
1.2395874E-07,-1.4916652E-01
1.2400874E-07,-1.4916652E-01
1.2405874E-07,-1.4911381E-01
1.2410874E-07,-1.4911381E-01
1.2415874E-07,-1.4906110E-01
1.2420874E-07,-1.4906110E-01
1.2425874E-07,-1.4900839E-01
1.2430874E-07,-1.4895568E-01
1.2435874E-07,-1.4890297E-01
1.2440874E-07,-1.4885026E-01
1.2445874E-07,-1.4879755E-01
1.2450874E-07,-1.4874485E-01
1.2455874E-07,-1.4869214E-01
1.2460874E-07,-1.4869214E-01
1.2465874E-07,-1.4863943E-01
1.2470874E-07,-1.4858672E-01
1.2475874E-07,-1.4853401E-01
1.2480874E-07,-1.4853401E-01
1.2485874E-07,-1.4848130E-01
1.2490874E-07,-1.4848130E-01
1.2495874E-07,-1.4842859E-01
1.2500874E-07,-1.4842859E-01
1.2505874E-07,-1.4842859E-01
1.2510874E-07,-1.4837588E-01
1.2515874E-07,-1.4837588E-01
1.2520874E-07,-1.4837588E-01
1.2525874E-07,-1.4837588E-01
1.2530874E-07,-1.4842859E-01
1.2535874E-07,-1.4842859E-01
1.2540874E-07,-1.4842859E-01
1.2545874E-07,-1.4842859E-01
1.2550874E-07,-1.4848130E-01
1.2555874E-07,-1.4848130E-01
1.2560874E-07,-1.4853401E-01
1.2565874E-07,-1.4853401E-01
1.2570874E-07,-1.4853401E-01
1.2575874E-07,-1.4858672E-01
1.2580874E-07,-1.4858672E-01
1.2585874E-07,-1.4863943E-01
1.2590874E-07,-1.4863943E-01
1.2595874E-07,-1.4869214E-01
1.2600874E-07,-1.4869214E-01
1.2605874E-07,-1.4874485E-01
1.2610874E-07,-1.4874485E-01
1.2615874E-07,-1.4874485E-01
1.2620874E-07,-1.4879755E-01
1.2625874E-07,-1.4879755E-01
1.2630874E-07,-1.4879755E-01
1.2635874E-07,-1.4879755E-01
1.2640874E-07,-1.4885026E-01
1.2645874E-07,-1.4885026E-01
1.2650874E-07,-1.4885026E-01
1.2655874E-07,-1.4885026E-01
1.2660874E-07,-1.4885026E-01
1.2665874E-07,-1.4890297E-01
1.2670874E-07,-1.4890297E-01
1.2675874E-07,-1.4890297E-01
1.2680874E-07,-1.4890297E-01
1.2685874E-07,-1.4890297E-01
1.2690874E-07,-1.4890297E-01
1.2695874E-07,-1.4895568E-01
1.2700874E-07,-1.4895568E-01
1.2705874E-07,-1.4895568E-01
1.2710874E-07,-1.4895568E-01
1.2715874E-07,-1.4895568E-01
1.2720874E-07,-1.4895568E-01
1.2725874E-07,-1.4895568E-01
1.2730874E-07,-1.4895568E-01
1.2735874E-07,-1.4895568E-01
1.2740874E-07,-1.4895568E-01
1.2745874E-07,-1.4895568E-01
1.2750874E-07,-1.4895568E-01
1.2755874E-07,-1.4895568E-01
1.2760874E-07,-1.4895568E-01
1.2765874E-07,-1.4890297E-01
1.2770874E-07,-1.4890297E-01
1.2775874E-07,-1.4890297E-01
1.2780874E-07,-1.4885026E-01
1.2785874E-07,-1.4885026E-01
1.2790874E-07,-1.4885026E-01
1.2795874E-07,-1.4879755E-01
1.2800874E-07,-1.4879755E-01
1.2805874E-07,-1.4879755E-01
1.2810874E-07,-1.4874485E-01
1.2815874E-07,-1.4874485E-01
1.2820874E-07,-1.4874485E-01
1.2825874E-07,-1.4874485E-01
1.2830874E-07,-1.4874485E-01
1.2835874E-07,-1.4874485E-01
1.2840874E-07,-1.4874485E-01
1.2845874E-07,-1.4874485E-01
1.2850874E-07,-1.4874485E-01
1.2855874E-07,-1.4879755E-01
1.2860874E-07,-1.4879755E-01
1.2865874E-07,-1.4879755E-01
1.2870874E-07,-1.4885026E-01
