-7.139096E-08,-1.4948277E-01
-7.134096E-08,-1.4948277E-01
-7.129096E-08,-1.4948277E-01
-7.124096E-08,-1.4948277E-01
-7.119096E-08,-1.4943006E-01
-7.114096E-08,-1.4943006E-01
-7.109096E-08,-1.4943006E-01
-7.104096E-08,-1.4937735E-01
-7.099096E-08,-1.4937735E-01
-7.094096E-08,-1.4932464E-01
-7.089096E-08,-1.4927194E-01
-7.084096E-08,-1.4927194E-01
-7.079096E-08,-1.4921923E-01
-7.074096E-08,-1.4916652E-01
-7.069096E-08,-1.4916652E-01
-7.064096E-08,-1.4911381E-01
-7.059096E-08,-1.4906110E-01
-7.054096E-08,-1.4900839E-01
-7.049096E-08,-1.4900839E-01
-7.044096E-08,-1.4895568E-01
-7.039096E-08,-1.4890297E-01
-7.034096E-08,-1.4890297E-01
-7.029096E-08,-1.4885026E-01
-7.024096E-08,-1.4885026E-01
-7.019096E-08,-1.4885026E-01
-7.014096E-08,-1.4885026E-01
-7.009096E-08,-1.4885026E-01
-7.004096E-08,-1.4885026E-01
-6.999096E-08,-1.4885026E-01
-6.994096E-08,-1.4885026E-01
-6.989096E-08,-1.4890297E-01
-6.984096E-08,-1.4890297E-01
-6.979096E-08,-1.4895568E-01
-6.974096E-08,-1.4895568E-01
-6.969096E-08,-1.4900839E-01
-6.964096E-08,-1.4906110E-01
-6.959096E-08,-1.4911381E-01
-6.954096E-08,-1.4916652E-01
-6.949096E-08,-1.4921923E-01
-6.944096E-08,-1.4921923E-01
-6.939096E-08,-1.4927194E-01
-6.934096E-08,-1.4932464E-01
-6.929096E-08,-1.4937735E-01
-6.924096E-08,-1.4943006E-01
-6.919096E-08,-1.4943006E-01
-6.914096E-08,-1.4948277E-01
-6.909096E-08,-1.4948277E-01
-6.904096E-08,-1.4953548E-01
-6.899096E-08,-1.4953548E-01
-6.894096E-08,-1.4953548E-01
-6.889096E-08,-1.4958819E-01
-6.884096E-08,-1.4958819E-01
-6.879096E-08,-1.4958819E-01
-6.874096E-08,-1.4953548E-01
-6.869096E-08,-1.4953548E-01
-6.864096E-08,-1.4953548E-01
-6.859096E-08,-1.4948277E-01
-6.854096E-08,-1.4948277E-01
-6.849096E-08,-1.4943006E-01
-6.844096E-08,-1.4937735E-01
-6.839096E-08,-1.4937735E-01
-6.834096E-08,-1.4932464E-01
-6.829096E-08,-1.4927194E-01
-6.824096E-08,-1.4927194E-01
-6.819096E-08,-1.4921923E-01
-6.814096E-08,-1.4916652E-01
-6.809096E-08,-1.4916652E-01
-6.804096E-08,-1.4911381E-01
-6.799096E-08,-1.4911381E-01
-6.794096E-08,-1.4911381E-01
-6.789096E-08,-1.4906110E-01
-6.784096E-08,-1.4906110E-01
-6.779096E-08,-1.4906110E-01
-6.774096E-08,-1.4906110E-01
-6.769096E-08,-1.4906110E-01
-6.764096E-08,-1.4906110E-01
-6.759096E-08,-1.4911381E-01
-6.754096E-08,-1.4911381E-01
-6.749096E-08,-1.4916652E-01
-6.744096E-08,-1.4916652E-01
-6.739096E-08,-1.4921923E-01
-6.734096E-08,-1.4921923E-01
-6.729096E-08,-1.4927194E-01
-6.724096E-08,-1.4932464E-01
-6.719096E-08,-1.4932464E-01
-6.714096E-08,-1.4937735E-01
-6.709096E-08,-1.4943006E-01
-6.704096E-08,-1.4943006E-01
-6.699096E-08,-1.4948277E-01
-6.694096E-08,-1.4948277E-01
-6.689096E-08,-1.4953548E-01
-6.684096E-08,-1.4953548E-01
-6.679096E-08,-1.4958819E-01
-6.674096E-08,-1.4958819E-01
-6.669096E-08,-1.4958819E-01
-6.664096E-08,-1.4958819E-01
-6.659096E-08,-1.4958819E-01
-6.654096E-08,-1.4958819E-01
-6.649096E-08,-1.4958819E-01
-6.644096E-08,-1.4958819E-01
-6.639096E-08,-1.4958819E-01
-6.634096E-08,-1.4958819E-01
-6.629096E-08,-1.4958819E-01
-6.624096E-08,-1.4953548E-01
-6.619096E-08,-1.4953548E-01
-6.614096E-08,-1.4953548E-01
-6.609096E-08,-1.4953548E-01
-6.604096E-08,-1.4953548E-01
-6.599096E-08,-1.4953548E-01
-6.594096E-08,-1.4953548E-01
-6.589096E-08,-1.4953548E-01
-6.584096E-08,-1.4953548E-01
-6.579096E-08,-1.4953548E-01
-6.574096E-08,-1.4953548E-01
-6.569096E-08,-1.4958819E-01
-6.564096E-08,-1.4958819E-01
-6.559096E-08,-1.4964090E-01
-6.554096E-08,-1.4964090E-01
-6.549096E-08,-1.4969361E-01
-6.544096E-08,-1.4974632E-01
-6.539096E-08,-1.4974632E-01
-6.534096E-08,-1.4979903E-01
-6.529096E-08,-1.4985173E-01
-6.524096E-08,-1.4985173E-01
-6.519096E-08,-1.4990444E-01
-6.514096E-08,-1.4995715E-01
-6.509096E-08,-1.4995715E-01
-6.504096E-08,-1.5000986E-01
-6.499096E-08,-1.5000986E-01
-6.494096E-08,-1.5000986E-01
-6.489096E-08,-1.5006257E-01
-6.484096E-08,-1.5006257E-01
-6.479096E-08,-1.5006257E-01
-6.474096E-08,-1.5000986E-01
-6.469096E-08,-1.5000986E-01
-6.464096E-08,-1.5000986E-01
-6.459096E-08,-1.4995715E-01
-6.454096E-08,-1.4995715E-01
-6.449096E-08,-1.4990444E-01
-6.444096E-08,-1.4985173E-01
-6.439096E-08,-1.4979903E-01
-6.434096E-08,-1.4974632E-01
-6.429096E-08,-1.4969361E-01
-6.424096E-08,-1.4964090E-01
-6.419096E-08,-1.4958819E-01
-6.414096E-08,-1.4953548E-01
-6.409096E-08,-1.4943006E-01
-6.404096E-08,-1.4937735E-01
-6.399096E-08,-1.4932464E-01
-6.394096E-08,-1.4927194E-01
-6.389096E-08,-1.4921923E-01
-6.384096E-08,-1.4916652E-01
-6.379096E-08,-1.4911381E-01
-6.374096E-08,-1.4906110E-01
-6.369096E-08,-1.4900839E-01
-6.364096E-08,-1.4900839E-01
-6.359096E-08,-1.4895568E-01
-6.354096E-08,-1.4895568E-01
-6.349096E-08,-1.4890297E-01
-6.344096E-08,-1.4890297E-01
-6.339096E-08,-1.4890297E-01
-6.334096E-08,-1.4890297E-01
-6.329096E-08,-1.4885026E-01
-6.324096E-08,-1.4885026E-01
-6.319096E-08,-1.4885026E-01
-6.314096E-08,-1.4890297E-01
-6.309096E-08,-1.4890297E-01
-6.304096E-08,-1.4890297E-01
-6.299096E-08,-1.4890297E-01
-6.294096E-08,-1.4890297E-01
-6.289096E-08,-1.4890297E-01
-6.284096E-08,-1.4890297E-01
-6.279096E-08,-1.4895568E-01
-6.274096E-08,-1.4895568E-01
-6.269096E-08,-1.4895568E-01
-6.264096E-08,-1.4895568E-01
-6.259096E-08,-1.4895568E-01
-6.254096E-08,-1.4895568E-01
-6.249096E-08,-1.4895568E-01
-6.244096E-08,-1.4895568E-01
-6.239096E-08,-1.4890297E-01
-6.234096E-08,-1.4890297E-01
-6.229096E-08,-1.4890297E-01
-6.224096E-08,-1.4890297E-01
-6.219096E-08,-1.4890297E-01
-6.214096E-08,-1.4890297E-01
-6.209096E-08,-1.4890297E-01
-6.204096E-08,-1.4890297E-01
-6.199096E-08,-1.4895568E-01
-6.194096E-08,-1.4895568E-01
-6.189096E-08,-1.4895568E-01
-6.184096E-08,-1.4900839E-01
-6.179096E-08,-1.4900839E-01
-6.174096E-08,-1.4906110E-01
-6.169096E-08,-1.4911381E-01
-6.164096E-08,-1.4911381E-01
-6.159096E-08,-1.4916652E-01
-6.154096E-08,-1.4921923E-01
-6.149096E-08,-1.4927194E-01
-6.144096E-08,-1.4932464E-01
-6.139096E-08,-1.4937735E-01
-6.134096E-08,-1.4948277E-01
-6.129096E-08,-1.4953548E-01
-6.124096E-08,-1.4958819E-01
-6.119096E-08,-1.4964090E-01
-6.114096E-08,-1.4969361E-01
-6.109096E-08,-1.4974632E-01
-6.104096E-08,-1.4979903E-01
-6.099096E-08,-1.4985173E-01
-6.094096E-08,-1.4985173E-01
-6.089096E-08,-1.4990444E-01
-6.084096E-08,-1.4990444E-01
-6.079096E-08,-1.4995715E-01
-6.074096E-08,-1.4995715E-01
-6.069096E-08,-1.4995715E-01
-6.064096E-08,-1.4995715E-01
-6.059096E-08,-1.4990444E-01
-6.054096E-08,-1.4990444E-01
-6.049096E-08,-1.4985173E-01
-6.044096E-08,-1.4979903E-01
-6.039096E-08,-1.4974632E-01
-6.034096E-08,-1.4969361E-01
-6.029096E-08,-1.4964090E-01
-6.024096E-08,-1.4958819E-01
-6.019096E-08,-1.4948277E-01
-6.014096E-08,-1.4943006E-01
-6.009096E-08,-1.4937735E-01
-6.004096E-08,-1.4932464E-01
-5.999096E-08,-1.4921923E-01
-5.994096E-08,-1.4916652E-01
-5.989096E-08,-1.4911381E-01
-5.984096E-08,-1.4906110E-01
-5.979096E-08,-1.4900839E-01
-5.974096E-08,-1.4895568E-01
-5.969096E-08,-1.4895568E-01
-5.964096E-08,-1.4890297E-01
-5.959096E-08,-1.4890297E-01
-5.954096E-08,-1.4890297E-01
-5.949096E-08,-1.4890297E-01
-5.944096E-08,-1.4890297E-01
-5.939096E-08,-1.4890297E-01
-5.934096E-08,-1.4895568E-01
-5.929096E-08,-1.4900839E-01
-5.924096E-08,-1.4900839E-01
-5.919096E-08,-1.4906110E-01
-5.914096E-08,-1.4911381E-01
-5.909096E-08,-1.4921923E-01
-5.904096E-08,-1.4927194E-01
-5.899096E-08,-1.4932464E-01
-5.894096E-08,-1.4937735E-01
-5.889096E-08,-1.4948277E-01
-5.884096E-08,-1.4953548E-01
-5.879096E-08,-1.4958819E-01
-5.874096E-08,-1.4964090E-01
-5.869096E-08,-1.4969361E-01
-5.864096E-08,-1.4974632E-01
-5.859096E-08,-1.4979903E-01
-5.854096E-08,-1.4985173E-01
-5.849096E-08,-1.4990444E-01
-5.844096E-08,-1.4990444E-01
-5.839096E-08,-1.4995715E-01
-5.834096E-08,-1.4995715E-01
-5.829096E-08,-1.4995715E-01
-5.824096E-08,-1.4995715E-01
-5.819096E-08,-1.4995715E-01
-5.814096E-08,-1.4995715E-01
-5.809096E-08,-1.4995715E-01
-5.804096E-08,-1.4995715E-01
-5.799096E-08,-1.4995715E-01
-5.794096E-08,-1.4990444E-01
-5.789096E-08,-1.4990444E-01
-5.784096E-08,-1.4990444E-01
-5.779096E-08,-1.4985173E-01
-5.774096E-08,-1.4985173E-01
-5.769096E-08,-1.4985173E-01
-5.764096E-08,-1.4979903E-01
-5.759096E-08,-1.4979903E-01
-5.754096E-08,-1.4979903E-01
-5.749096E-08,-1.4979903E-01
-5.744096E-08,-1.4979903E-01
-5.739096E-08,-1.4979903E-01
-5.734096E-08,-1.4979903E-01
-5.729096E-08,-1.4979903E-01
-5.724096E-08,-1.4979903E-01
-5.719096E-08,-1.4979903E-01
-5.714096E-08,-1.4985173E-01
-5.709096E-08,-1.4985173E-01
-5.704096E-08,-1.4985173E-01
-5.699096E-08,-1.4990444E-01
-5.694096E-08,-1.4990444E-01
-5.689096E-08,-1.4995715E-01
-5.684096E-08,-1.4995715E-01
-5.679096E-08,-1.4995715E-01
-5.674096E-08,-1.5000986E-01
-5.669096E-08,-1.5000986E-01
-5.664096E-08,-1.5000986E-01
-5.659096E-08,-1.5000986E-01
-5.654096E-08,-1.5000986E-01
-5.649096E-08,-1.5000986E-01
-5.644096E-08,-1.5000986E-01
-5.639096E-08,-1.5000986E-01
-5.634096E-08,-1.5000986E-01
-5.629096E-08,-1.5000986E-01
-5.624096E-08,-1.4995715E-01
-5.619096E-08,-1.4995715E-01
-5.614096E-08,-1.4990444E-01
-5.609096E-08,-1.4990444E-01
-5.604096E-08,-1.4985173E-01
-5.599096E-08,-1.4979903E-01
-5.594096E-08,-1.4979903E-01
-5.589096E-08,-1.4974632E-01
-5.584096E-08,-1.4969361E-01
-5.579096E-08,-1.4969361E-01
-5.574096E-08,-1.4964090E-01
-5.569096E-08,-1.4958819E-01
-5.564096E-08,-1.4958819E-01
-5.559096E-08,-1.4953548E-01
-5.554096E-08,-1.4953548E-01
-5.549096E-08,-1.4948277E-01
-5.544096E-08,-1.4948277E-01
-5.539096E-08,-1.4943006E-01
-5.534096E-08,-1.4943006E-01
-5.529096E-08,-1.4937735E-01
-5.524096E-08,-1.4937735E-01
-5.519096E-08,-1.4937735E-01
-5.514096E-08,-1.4937735E-01
-5.509096E-08,-1.4937735E-01
-5.504096E-08,-1.4932464E-01
-5.499096E-08,-1.4932464E-01
-5.494096E-08,-1.4932464E-01
-5.489096E-08,-1.4932464E-01
-5.484096E-08,-1.4932464E-01
-5.479096E-08,-1.4932464E-01
-5.474096E-08,-1.4927194E-01
-5.469096E-08,-1.4927194E-01
-5.464096E-08,-1.4927194E-01
-5.459096E-08,-1.4927194E-01
-5.454096E-08,-1.4921923E-01
-5.449096E-08,-1.4921923E-01
-5.444096E-08,-1.4921923E-01
-5.439096E-08,-1.4916652E-01
-5.434096E-08,-1.4916652E-01
-5.429096E-08,-1.4911381E-01
-5.424096E-08,-1.4911381E-01
-5.419096E-08,-1.4906110E-01
-5.414096E-08,-1.4906110E-01
-5.409096E-08,-1.4900839E-01
-5.404096E-08,-1.4900839E-01
-5.399096E-08,-1.4895568E-01
-5.394096E-08,-1.4895568E-01
-5.389096E-08,-1.4890297E-01
-5.384096E-08,-1.4890297E-01
-5.379096E-08,-1.4890297E-01
-5.374096E-08,-1.4890297E-01
-5.369096E-08,-1.4885026E-01
-5.364096E-08,-1.4885026E-01
-5.359096E-08,-1.4885026E-01
-5.354096E-08,-1.4890297E-01
-5.349096E-08,-1.4890297E-01
-5.344096E-08,-1.4890297E-01
-5.339096E-08,-1.4895568E-01
-5.334096E-08,-1.4895568E-01
-5.329096E-08,-1.4900839E-01
-5.324096E-08,-1.4900839E-01
-5.319096E-08,-1.4906110E-01
-5.314096E-08,-1.4911381E-01
-5.309096E-08,-1.4916652E-01
-5.304096E-08,-1.4921923E-01
-5.299096E-08,-1.4927194E-01
-5.294096E-08,-1.4927194E-01
-5.289096E-08,-1.4932464E-01
-5.284096E-08,-1.4937735E-01
-5.279096E-08,-1.4943006E-01
-5.274096E-08,-1.4948277E-01
-5.269096E-08,-1.4948277E-01
-5.264096E-08,-1.4953548E-01
-5.259096E-08,-1.4953548E-01
-5.254096E-08,-1.4958819E-01
-5.249096E-08,-1.4958819E-01
-5.244096E-08,-1.4964090E-01
-5.239096E-08,-1.4964090E-01
-5.234096E-08,-1.4964090E-01
-5.229096E-08,-1.4964090E-01
-5.224096E-08,-1.4964090E-01
-5.219096E-08,-1.4964090E-01
-5.214096E-08,-1.4958819E-01
-5.209096E-08,-1.4958819E-01
-5.204096E-08,-1.4958819E-01
-5.199096E-08,-1.4958819E-01
-5.194096E-08,-1.4953548E-01
-5.189096E-08,-1.4953548E-01
-5.184096E-08,-1.4953548E-01
-5.179096E-08,-1.4948277E-01
-5.174096E-08,-1.4948277E-01
-5.169096E-08,-1.4948277E-01
-5.164096E-08,-1.4948277E-01
-5.159096E-08,-1.4948277E-01
-5.154096E-08,-1.4948277E-01
-5.149096E-08,-1.4948277E-01
-5.144096E-08,-1.4948277E-01
-5.139096E-08,-1.4948277E-01
-5.134096E-08,-1.4948277E-01
-5.129096E-08,-1.4948277E-01
-5.124096E-08,-1.4953548E-01
-5.119096E-08,-1.4953548E-01
-5.114096E-08,-1.4958819E-01
-5.109096E-08,-1.4958819E-01
-5.104096E-08,-1.4964090E-01
-5.099096E-08,-1.4964090E-01
-5.094096E-08,-1.4969361E-01
-5.089096E-08,-1.4969361E-01
-5.084096E-08,-1.4969361E-01
-5.079096E-08,-1.4974632E-01
-5.074096E-08,-1.4974632E-01
-5.069096E-08,-1.4974632E-01
-5.064096E-08,-1.4979903E-01
-5.059096E-08,-1.4979903E-01
-5.054096E-08,-1.4979903E-01
-5.049096E-08,-1.4979903E-01
-5.044096E-08,-1.4979903E-01
-5.039096E-08,-1.4974632E-01
-5.034096E-08,-1.4974632E-01
-5.029096E-08,-1.4974632E-01
-5.024096E-08,-1.4969361E-01
-5.019096E-08,-1.4964090E-01
-5.014096E-08,-1.4964090E-01
-5.009096E-08,-1.4958819E-01
-5.004096E-08,-1.4953548E-01
-4.999096E-08,-1.4948277E-01
-4.994096E-08,-1.4943006E-01
-4.989096E-08,-1.4937735E-01
-4.984096E-08,-1.4932464E-01
-4.979096E-08,-1.4927194E-01
-4.974096E-08,-1.4921923E-01
-4.969096E-08,-1.4916652E-01
-4.964096E-08,-1.4911381E-01
-4.959096E-08,-1.4911381E-01
-4.954096E-08,-1.4906110E-01
-4.949096E-08,-1.4900839E-01
-4.944096E-08,-1.4900839E-01
-4.939096E-08,-1.4900839E-01
-4.934096E-08,-1.4895568E-01
-4.929096E-08,-1.4895568E-01
-4.924096E-08,-1.4895568E-01
-4.919096E-08,-1.4895568E-01
-4.914096E-08,-1.4895568E-01
-4.909096E-08,-1.4895568E-01
-4.904096E-08,-1.4900839E-01
-4.899096E-08,-1.4900839E-01
-4.894096E-08,-1.4906110E-01
-4.889096E-08,-1.4906110E-01
-4.884096E-08,-1.4911381E-01
-4.879096E-08,-1.4916652E-01
-4.874096E-08,-1.4916652E-01
-4.869096E-08,-1.4921923E-01
-4.864096E-08,-1.4927194E-01
-4.859096E-08,-1.4932464E-01
-4.854096E-08,-1.4932464E-01
-4.849096E-08,-1.4937735E-01
-4.844096E-08,-1.4943006E-01
-4.839096E-08,-1.4943006E-01
-4.834096E-08,-1.4948277E-01
-4.829096E-08,-1.4953548E-01
-4.824096E-08,-1.4953548E-01
-4.819096E-08,-1.4953548E-01
-4.814096E-08,-1.4958819E-01
-4.809096E-08,-1.4958819E-01
-4.804096E-08,-1.4958819E-01
-4.799096E-08,-1.4964090E-01
-4.794096E-08,-1.4964090E-01
-4.789096E-08,-1.4964090E-01
-4.784096E-08,-1.4964090E-01
-4.779096E-08,-1.4964090E-01
-4.774096E-08,-1.4964090E-01
-4.769096E-08,-1.4964090E-01
-4.764096E-08,-1.4964090E-01
-4.759096E-08,-1.4964090E-01
-4.754096E-08,-1.4964090E-01
-4.749096E-08,-1.4964090E-01
-4.744096E-08,-1.4964090E-01
-4.739096E-08,-1.4964090E-01
-4.734096E-08,-1.4964090E-01
-4.729096E-08,-1.4964090E-01
-4.724096E-08,-1.4964090E-01
-4.719096E-08,-1.4964090E-01
-4.714096E-08,-1.4964090E-01
-4.709096E-08,-1.4964090E-01
-4.704096E-08,-1.4964090E-01
-4.699096E-08,-1.4964090E-01
-4.694096E-08,-1.4964090E-01
-4.689096E-08,-1.4964090E-01
-4.684096E-08,-1.4964090E-01
-4.679096E-08,-1.4964090E-01
-4.674096E-08,-1.4964090E-01
-4.669096E-08,-1.4964090E-01
-4.664096E-08,-1.4964090E-01
-4.659096E-08,-1.4964090E-01
-4.654096E-08,-1.4964090E-01
-4.649096E-08,-1.4964090E-01
-4.644096E-08,-1.4964090E-01
-4.639096E-08,-1.4964090E-01
-4.634096E-08,-1.4964090E-01
-4.629096E-08,-1.4958819E-01
-4.624096E-08,-1.4958819E-01
-4.619096E-08,-1.4958819E-01
-4.614096E-08,-1.4958819E-01
-4.609096E-08,-1.4953548E-01
-4.604096E-08,-1.4953548E-01
-4.599096E-08,-1.4953548E-01
-4.594096E-08,-1.4948277E-01
-4.589096E-08,-1.4948277E-01
-4.584096E-08,-1.4943006E-01
-4.579096E-08,-1.4943006E-01
-4.574096E-08,-1.4943006E-01
-4.569096E-08,-1.4937735E-01
-4.564096E-08,-1.4937735E-01
-4.559096E-08,-1.4937735E-01
-4.554096E-08,-1.4937735E-01
-4.549096E-08,-1.4937735E-01
-4.544096E-08,-1.4932464E-01
-4.539096E-08,-1.4932464E-01
-4.534096E-08,-1.4932464E-01
-4.529096E-08,-1.4932464E-01
-4.524096E-08,-1.4932464E-01
-4.519096E-08,-1.4932464E-01
-4.514096E-08,-1.4932464E-01
-4.509096E-08,-1.4932464E-01
-4.504096E-08,-1.4932464E-01
-4.499096E-08,-1.4932464E-01
-4.494096E-08,-1.4932464E-01
-4.489096E-08,-1.4932464E-01
-4.484096E-08,-1.4927194E-01
-4.479096E-08,-1.4927194E-01
-4.474096E-08,-1.4927194E-01
-4.469096E-08,-1.4927194E-01
-4.464096E-08,-1.4921923E-01
-4.459096E-08,-1.4921923E-01
-4.454096E-08,-1.4916652E-01
-4.449096E-08,-1.4916652E-01
-4.444096E-08,-1.4911381E-01
-4.439096E-08,-1.4911381E-01
-4.434096E-08,-1.4906110E-01
-4.429096E-08,-1.4900839E-01
-4.424096E-08,-1.4895568E-01
-4.419096E-08,-1.4890297E-01
-4.414096E-08,-1.4885026E-01
-4.409096E-08,-1.4885026E-01
-4.404096E-08,-1.4879755E-01
-4.399096E-08,-1.4874485E-01
-4.394096E-08,-1.4869214E-01
-4.389096E-08,-1.4863943E-01
-4.384096E-08,-1.4858672E-01
-4.379096E-08,-1.4858672E-01
-4.374096E-08,-1.4853401E-01
-4.369096E-08,-1.4848130E-01
-4.364096E-08,-1.4848130E-01
-4.359096E-08,-1.4848130E-01
-4.354096E-08,-1.4842859E-01
-4.349096E-08,-1.4842859E-01
-4.344096E-08,-1.4842859E-01
-4.339096E-08,-1.4842859E-01
-4.334096E-08,-1.4848130E-01
-4.329096E-08,-1.4848130E-01
-4.324096E-08,-1.4848130E-01
-4.319096E-08,-1.4853401E-01
-4.314096E-08,-1.4853401E-01
-4.309096E-08,-1.4858672E-01
-4.304096E-08,-1.4863943E-01
-4.299096E-08,-1.4863943E-01
-4.294096E-08,-1.4869214E-01
-4.289096E-08,-1.4874485E-01
-4.284096E-08,-1.4879755E-01
-4.279096E-08,-1.4885026E-01
-4.274096E-08,-1.4890297E-01
-4.269096E-08,-1.4890297E-01
-4.264096E-08,-1.4895568E-01
-4.259096E-08,-1.4900839E-01
-4.254096E-08,-1.4900839E-01
-4.249096E-08,-1.4906110E-01
-4.244096E-08,-1.4906110E-01
-4.239096E-08,-1.4906110E-01
-4.234096E-08,-1.4906110E-01
-4.229096E-08,-1.4911381E-01
-4.224096E-08,-1.4911381E-01
-4.219096E-08,-1.4906110E-01
-4.214096E-08,-1.4906110E-01
-4.209096E-08,-1.4906110E-01
-4.204096E-08,-1.4906110E-01
-4.199096E-08,-1.4900839E-01
-4.194096E-08,-1.4900839E-01
-4.189096E-08,-1.4895568E-01
-4.184096E-08,-1.4895568E-01
-4.179096E-08,-1.4890297E-01
-4.174096E-08,-1.4890297E-01
-4.169096E-08,-1.4885026E-01
-4.164096E-08,-1.4885026E-01
-4.159096E-08,-1.4885026E-01
-4.154096E-08,-1.4879755E-01
-4.149096E-08,-1.4879755E-01
-4.144096E-08,-1.4879755E-01
-4.139096E-08,-1.4879755E-01
-4.134096E-08,-1.4879755E-01
-4.129096E-08,-1.4879755E-01
-4.124096E-08,-1.4879755E-01
-4.119096E-08,-1.4879755E-01
-4.114096E-08,-1.4879755E-01
-4.109096E-08,-1.4885026E-01
-4.104096E-08,-1.4885026E-01
-4.099096E-08,-1.4890297E-01
-4.094096E-08,-1.4890297E-01
-4.089096E-08,-1.4895568E-01
-4.084096E-08,-1.4895568E-01
-4.079096E-08,-1.4900839E-01
-4.074096E-08,-1.4900839E-01
-4.069096E-08,-1.4906110E-01
-4.064096E-08,-1.4911381E-01
-4.059096E-08,-1.4911381E-01
-4.054096E-08,-1.4916652E-01
-4.049096E-08,-1.4916652E-01
-4.044096E-08,-1.4921923E-01
-4.039096E-08,-1.4921923E-01
-4.034096E-08,-1.4921923E-01
-4.029096E-08,-1.4927194E-01
-4.024096E-08,-1.4927194E-01
-4.019096E-08,-1.4927194E-01
-4.014096E-08,-1.4927194E-01
-4.009096E-08,-1.4927194E-01
-4.004096E-08,-1.4927194E-01
-3.999096E-08,-1.4927194E-01
-3.994096E-08,-1.4927194E-01
-3.989096E-08,-1.4927194E-01
-3.984096E-08,-1.4927194E-01
-3.979096E-08,-1.4927194E-01
-3.974096E-08,-1.4927194E-01
-3.969096E-08,-1.4927194E-01
-3.964096E-08,-1.4927194E-01
-3.959096E-08,-1.4927194E-01
-3.954096E-08,-1.4927194E-01
-3.949096E-08,-1.4927194E-01
-3.944096E-08,-1.4927194E-01
-3.939096E-08,-1.4927194E-01
-3.934096E-08,-1.4927194E-01
-3.929096E-08,-1.4927194E-01
-3.924096E-08,-1.4927194E-01
-3.919096E-08,-1.4932464E-01
-3.914096E-08,-1.4932464E-01
-3.909096E-08,-1.4932464E-01
-3.904096E-08,-1.4937735E-01
-3.899096E-08,-1.4937735E-01
-3.894096E-08,-1.4943006E-01
-3.889096E-08,-1.4943006E-01
-3.884096E-08,-1.4943006E-01
-3.879096E-08,-1.4948277E-01
-3.874096E-08,-1.4948277E-01
-3.869096E-08,-1.4948277E-01
-3.864096E-08,-1.4948277E-01
-3.859096E-08,-1.4953548E-01
-3.854096E-08,-1.4953548E-01
-3.849096E-08,-1.4953548E-01
-3.844096E-08,-1.4953548E-01
-3.839096E-08,-1.4953548E-01
-3.834096E-08,-1.4948277E-01
-3.829096E-08,-1.4948277E-01
-3.824096E-08,-1.4948277E-01
-3.819096E-08,-1.4943006E-01
-3.814096E-08,-1.4943006E-01
-3.809096E-08,-1.4937735E-01
-3.804096E-08,-1.4932464E-01
-3.799096E-08,-1.4932464E-01
-3.794096E-08,-1.4927194E-01
-3.789096E-08,-1.4921923E-01
-3.784096E-08,-1.4921923E-01
-3.779096E-08,-1.4916652E-01
-3.774096E-08,-1.4916652E-01
-3.769096E-08,-1.4911381E-01
-3.764096E-08,-1.4911381E-01
-3.759096E-08,-1.4906110E-01
-3.754096E-08,-1.4906110E-01
-3.749096E-08,-1.4906110E-01
-3.744096E-08,-1.4906110E-01
-3.739096E-08,-1.4906110E-01
-3.734096E-08,-1.4906110E-01
-3.729096E-08,-1.4906110E-01
-3.724096E-08,-1.4911381E-01
-3.719096E-08,-1.4911381E-01
-3.714096E-08,-1.4916652E-01
-3.709096E-08,-1.4921923E-01
-3.704096E-08,-1.4927194E-01
-3.699096E-08,-1.4932464E-01
-3.694096E-08,-1.4937735E-01
-3.689096E-08,-1.4943006E-01
-3.684096E-08,-1.4948277E-01
-3.679096E-08,-1.4953548E-01
-3.674096E-08,-1.4964090E-01
-3.669096E-08,-1.4969361E-01
-3.664096E-08,-1.4974632E-01
-3.659096E-08,-1.4979903E-01
-3.654096E-08,-1.4985173E-01
-3.649096E-08,-1.4995715E-01
-3.644096E-08,-1.4995715E-01
-3.639096E-08,-1.5000986E-01
-3.634096E-08,-1.5006257E-01
-3.629096E-08,-1.5011528E-01
-3.624096E-08,-1.5011528E-01
-3.619096E-08,-1.5016799E-01
-3.614096E-08,-1.5016799E-01
-3.609096E-08,-1.5016799E-01
-3.604096E-08,-1.5016799E-01
-3.599096E-08,-1.5016799E-01
-3.594096E-08,-1.5011528E-01
-3.589096E-08,-1.5011528E-01
-3.584096E-08,-1.5006257E-01
-3.579096E-08,-1.5006257E-01
-3.574096E-08,-1.5000986E-01
-3.569096E-08,-1.4995715E-01
-3.564096E-08,-1.4990444E-01
-3.559096E-08,-1.4985173E-01
-3.554096E-08,-1.4979903E-01
-3.549096E-08,-1.4974632E-01
-3.544096E-08,-1.4969361E-01
-3.539096E-08,-1.4964090E-01
-3.534096E-08,-1.4964090E-01
-3.529096E-08,-1.4958819E-01
-3.524096E-08,-1.4953548E-01
-3.519096E-08,-1.4948277E-01
-3.514096E-08,-1.4948277E-01
-3.509096E-08,-1.4943006E-01
-3.504096E-08,-1.4943006E-01
-3.499096E-08,-1.4937735E-01
-3.494096E-08,-1.4937735E-01
-3.489096E-08,-1.4937735E-01
-3.484096E-08,-1.4937735E-01
-3.479096E-08,-1.4937735E-01
-3.474096E-08,-1.4937735E-01
-3.469096E-08,-1.4943006E-01
-3.464096E-08,-1.4943006E-01
-3.459096E-08,-1.4943006E-01
-3.454096E-08,-1.4948277E-01
-3.449096E-08,-1.4948277E-01
-3.444096E-08,-1.4953548E-01
-3.439096E-08,-1.4953548E-01
-3.434096E-08,-1.4953548E-01
-3.429096E-08,-1.4958819E-01
-3.424096E-08,-1.4958819E-01
-3.419096E-08,-1.4964090E-01
-3.414096E-08,-1.4964090E-01
-3.409096E-08,-1.4964090E-01
-3.404096E-08,-1.4964090E-01
-3.399096E-08,-1.4969361E-01
-3.394096E-08,-1.4969361E-01
-3.389096E-08,-1.4969361E-01
-3.384096E-08,-1.4969361E-01
-3.379096E-08,-1.4964090E-01
-3.374096E-08,-1.4964090E-01
-3.369096E-08,-1.4964090E-01
-3.364096E-08,-1.4958819E-01
-3.359096E-08,-1.4958819E-01
-3.354096E-08,-1.4958819E-01
-3.349096E-08,-1.4953548E-01
-3.344096E-08,-1.4953548E-01
-3.339096E-08,-1.4948277E-01
-3.334096E-08,-1.4948277E-01
-3.329096E-08,-1.4943006E-01
-3.324096E-08,-1.4937735E-01
-3.319096E-08,-1.4937735E-01
-3.314096E-08,-1.4932464E-01
-3.309096E-08,-1.4932464E-01
-3.304096E-08,-1.4932464E-01
-3.299096E-08,-1.4927194E-01
-3.294096E-08,-1.4927194E-01
-3.289096E-08,-1.4927194E-01
-3.284096E-08,-1.4921923E-01
-3.279096E-08,-1.4921923E-01
-3.274096E-08,-1.4921923E-01
-3.269096E-08,-1.4921923E-01
-3.264096E-08,-1.4921923E-01
-3.259096E-08,-1.4921923E-01
-3.254096E-08,-1.4921923E-01
-3.249096E-08,-1.4927194E-01
-3.244096E-08,-1.4927194E-01
-3.239096E-08,-1.4927194E-01
-3.234096E-08,-1.4927194E-01
-3.229096E-08,-1.4927194E-01
-3.224096E-08,-1.4932464E-01
-3.219096E-08,-1.4932464E-01
-3.214096E-08,-1.4932464E-01
-3.209096E-08,-1.4932464E-01
-3.204096E-08,-1.4932464E-01
-3.199096E-08,-1.4937735E-01
-3.194096E-08,-1.4937735E-01
-3.189096E-08,-1.4937735E-01
-3.184096E-08,-1.4937735E-01
-3.179096E-08,-1.4937735E-01
-3.174096E-08,-1.4937735E-01
-3.169096E-08,-1.4937735E-01
-3.164096E-08,-1.4932464E-01
-3.159096E-08,-1.4932464E-01
-3.154096E-08,-1.4932464E-01
-3.149096E-08,-1.4932464E-01
-3.144096E-08,-1.4927194E-01
-3.139096E-08,-1.4927194E-01
-3.134096E-08,-1.4927194E-01
-3.129096E-08,-1.4921923E-01
-3.124096E-08,-1.4921923E-01
-3.119096E-08,-1.4921923E-01
-3.114096E-08,-1.4921923E-01
-3.109096E-08,-1.4916652E-01
-3.104096E-08,-1.4916652E-01
-3.099096E-08,-1.4916652E-01
-3.094096E-08,-1.4916652E-01
-3.089096E-08,-1.4916652E-01
-3.084096E-08,-1.4916652E-01
-3.079096E-08,-1.4916652E-01
-3.074096E-08,-1.4916652E-01
-3.069096E-08,-1.4916652E-01
-3.064096E-08,-1.4916652E-01
-3.059096E-08,-1.4916652E-01
-3.054096E-08,-1.4921923E-01
-3.049096E-08,-1.4921923E-01
-3.044096E-08,-1.4927194E-01
-3.039096E-08,-1.4932464E-01
-3.034096E-08,-1.4932464E-01
-3.029096E-08,-1.4937735E-01
-3.024096E-08,-1.4943006E-01
-3.019096E-08,-1.4943006E-01
-3.014096E-08,-1.4948277E-01
-3.009096E-08,-1.4953548E-01
-3.004096E-08,-1.4958819E-01
-2.999096E-08,-1.4964090E-01
-2.994096E-08,-1.4969361E-01
-2.989096E-08,-1.4969361E-01
-2.984096E-08,-1.4974632E-01
-2.979096E-08,-1.4979903E-01
-2.974096E-08,-1.4979903E-01
-2.969096E-08,-1.4985173E-01
-2.964096E-08,-1.4985173E-01
-2.959096E-08,-1.4990444E-01
-2.954096E-08,-1.4990444E-01
-2.949096E-08,-1.4990444E-01
-2.944096E-08,-1.4995715E-01
-2.939096E-08,-1.4995715E-01
-2.934096E-08,-1.4995715E-01
-2.929096E-08,-1.4995715E-01
-2.924096E-08,-1.4995715E-01
-2.919096E-08,-1.4990444E-01
-2.914096E-08,-1.4990444E-01
-2.909096E-08,-1.4990444E-01
-2.904096E-08,-1.4990444E-01
-2.899096E-08,-1.4985173E-01
-2.894096E-08,-1.4985173E-01
-2.889096E-08,-1.4985173E-01
-2.884096E-08,-1.4985173E-01
-2.879096E-08,-1.4979903E-01
-2.874096E-08,-1.4979903E-01
-2.869096E-08,-1.4979903E-01
-2.864096E-08,-1.4979903E-01
-2.859096E-08,-1.4974632E-01
-2.854096E-08,-1.4974632E-01
-2.849096E-08,-1.4974632E-01
-2.844096E-08,-1.4974632E-01
-2.839096E-08,-1.4974632E-01
-2.834096E-08,-1.4979903E-01
-2.829096E-08,-1.4979903E-01
-2.824096E-08,-1.4979903E-01
-2.819096E-08,-1.4979903E-01
-2.814096E-08,-1.4985173E-01
-2.809096E-08,-1.4985173E-01
-2.804096E-08,-1.4990444E-01
-2.799096E-08,-1.4990444E-01
-2.794096E-08,-1.4995715E-01
-2.789096E-08,-1.4995715E-01
-2.784096E-08,-1.5000986E-01
-2.779096E-08,-1.5006257E-01
-2.774096E-08,-1.5006257E-01
-2.769096E-08,-1.5011528E-01
-2.764096E-08,-1.5011528E-01
-2.759096E-08,-1.5011528E-01
-2.754096E-08,-1.5016799E-01
-2.749096E-08,-1.5016799E-01
-2.744096E-08,-1.5016799E-01
-2.739096E-08,-1.5016799E-01
-2.734096E-08,-1.5016799E-01
-2.729096E-08,-1.5016799E-01
-2.724096E-08,-1.5016799E-01
-2.719096E-08,-1.5016799E-01
-2.714096E-08,-1.5011528E-01
-2.709096E-08,-1.5011528E-01
-2.704096E-08,-1.5006257E-01
-2.699096E-08,-1.5006257E-01
-2.694096E-08,-1.5000986E-01
-2.689096E-08,-1.4995715E-01
-2.684096E-08,-1.4990444E-01
-2.679096E-08,-1.4985173E-01
-2.674096E-08,-1.4979903E-01
-2.669096E-08,-1.4974632E-01
-2.664096E-08,-1.4969361E-01
-2.659096E-08,-1.4964090E-01
-2.654096E-08,-1.4958819E-01
-2.649096E-08,-1.4953548E-01
-2.644096E-08,-1.4948277E-01
-2.639096E-08,-1.4943006E-01
-2.634096E-08,-1.4937735E-01
-2.629096E-08,-1.4932464E-01
-2.624096E-08,-1.4927194E-01
-2.619096E-08,-1.4921923E-01
-2.614096E-08,-1.4921923E-01
-2.609096E-08,-1.4916652E-01
-2.604096E-08,-1.4916652E-01
-2.599096E-08,-1.4911381E-01
-2.594096E-08,-1.4911381E-01
-2.589096E-08,-1.4911381E-01
-2.584096E-08,-1.4911381E-01
-2.579096E-08,-1.4911381E-01
-2.574096E-08,-1.4911381E-01
-2.569096E-08,-1.4911381E-01
-2.564096E-08,-1.4911381E-01
-2.559096E-08,-1.4911381E-01
-2.554096E-08,-1.4911381E-01
-2.549096E-08,-1.4911381E-01
-2.544096E-08,-1.4911381E-01
-2.539096E-08,-1.4916652E-01
-2.534096E-08,-1.4916652E-01
-2.529096E-08,-1.4916652E-01
-2.524096E-08,-1.4916652E-01
-2.519096E-08,-1.4916652E-01
-2.514096E-08,-1.4916652E-01
-2.509096E-08,-1.4916652E-01
-2.504096E-08,-1.4916652E-01
-2.499096E-08,-1.4916652E-01
-2.494096E-08,-1.4911381E-01
-2.489096E-08,-1.4911381E-01
-2.484096E-08,-1.4911381E-01
-2.479096E-08,-1.4906110E-01
-2.474096E-08,-1.4906110E-01
-2.469096E-08,-1.4900839E-01
-2.464096E-08,-1.4900839E-01
-2.459096E-08,-1.4895568E-01
-2.454096E-08,-1.4890297E-01
-2.449096E-08,-1.4890297E-01
-2.444096E-08,-1.4885026E-01
-2.439096E-08,-1.4879755E-01
-2.434096E-08,-1.4879755E-01
-2.429096E-08,-1.4874485E-01
-2.424096E-08,-1.4874485E-01
-2.419096E-08,-1.4869214E-01
-2.414096E-08,-1.4869214E-01
-2.409096E-08,-1.4863943E-01
-2.404096E-08,-1.4863943E-01
-2.399096E-08,-1.4863943E-01
-2.394096E-08,-1.4863943E-01
-2.389096E-08,-1.4858672E-01
-2.384096E-08,-1.4858672E-01
-2.379096E-08,-1.4858672E-01
-2.374096E-08,-1.4863943E-01
-2.369096E-08,-1.4863943E-01
-2.364096E-08,-1.4863943E-01
-2.359096E-08,-1.4863943E-01
-2.354096E-08,-1.4869214E-01
-2.349096E-08,-1.4869214E-01
-2.344096E-08,-1.4874485E-01
-2.339096E-08,-1.4874485E-01
-2.334096E-08,-1.4879755E-01
-2.329096E-08,-1.4885026E-01
-2.324096E-08,-1.4885026E-01
-2.319096E-08,-1.4890297E-01
-2.314096E-08,-1.4890297E-01
-2.309096E-08,-1.4895568E-01
-2.304096E-08,-1.4900839E-01
-2.299096E-08,-1.4900839E-01
-2.294096E-08,-1.4906110E-01
-2.289096E-08,-1.4906110E-01
-2.284096E-08,-1.4911381E-01
-2.279096E-08,-1.4911381E-01
-2.274096E-08,-1.4916652E-01
-2.269096E-08,-1.4916652E-01
-2.264096E-08,-1.4921923E-01
-2.259096E-08,-1.4921923E-01
-2.254096E-08,-1.4921923E-01
-2.249096E-08,-1.4927194E-01
-2.244096E-08,-1.4927194E-01
-2.239096E-08,-1.4927194E-01
-2.234096E-08,-1.4927194E-01
-2.229096E-08,-1.4927194E-01
-2.224096E-08,-1.4927194E-01
-2.219096E-08,-1.4932464E-01
-2.214096E-08,-1.4932464E-01
-2.209096E-08,-1.4932464E-01
-2.204096E-08,-1.4932464E-01
-2.199096E-08,-1.4932464E-01
-2.194096E-08,-1.4932464E-01
-2.189096E-08,-1.4937735E-01
-2.184096E-08,-1.4937735E-01
-2.179096E-08,-1.4937735E-01
-2.174096E-08,-1.4937735E-01
-2.169096E-08,-1.4937735E-01
-2.164096E-08,-1.4943006E-01
-2.159096E-08,-1.4943006E-01
-2.154096E-08,-1.4943006E-01
-2.149096E-08,-1.4943006E-01
-2.144096E-08,-1.4948277E-01
-2.139096E-08,-1.4948277E-01
-2.134096E-08,-1.4948277E-01
-2.129096E-08,-1.4948277E-01
-2.124096E-08,-1.4953548E-01
-2.119096E-08,-1.4953548E-01
-2.114096E-08,-1.4953548E-01
-2.109096E-08,-1.4953548E-01
-2.104096E-08,-1.4953548E-01
-2.099096E-08,-1.4953548E-01
-2.094096E-08,-1.4953548E-01
-2.089096E-08,-1.4953548E-01
-2.084096E-08,-1.4953548E-01
-2.079096E-08,-1.4953548E-01
-2.074096E-08,-1.4953548E-01
-2.069096E-08,-1.4953548E-01
-2.064096E-08,-1.4948277E-01
-2.059096E-08,-1.4948277E-01
-2.054096E-08,-1.4948277E-01
-2.049096E-08,-1.4948277E-01
-2.044096E-08,-1.4943006E-01
-2.039096E-08,-1.4943006E-01
-2.034096E-08,-1.4943006E-01
-2.029096E-08,-1.4937735E-01
-2.024096E-08,-1.4937735E-01
-2.019096E-08,-1.4932464E-01
-2.014096E-08,-1.4932464E-01
-2.009096E-08,-1.4932464E-01
-2.004096E-08,-1.4927194E-01
-1.999096E-08,-1.4927194E-01
-1.994096E-08,-1.4921923E-01
-1.989096E-08,-1.4921923E-01
-1.984096E-08,-1.4921923E-01
-1.979096E-08,-1.4916652E-01
-1.974096E-08,-1.4916652E-01
-1.969096E-08,-1.4916652E-01
-1.964096E-08,-1.4911381E-01
-1.959096E-08,-1.4911381E-01
-1.954096E-08,-1.4911381E-01
-1.949096E-08,-1.4911381E-01
-1.944096E-08,-1.4911381E-01
-1.939096E-08,-1.4906110E-01
-1.934096E-08,-1.4906110E-01
-1.929096E-08,-1.4906110E-01
-1.924096E-08,-1.4906110E-01
-1.919096E-08,-1.4906110E-01
-1.914096E-08,-1.4900839E-01
-1.909096E-08,-1.4900839E-01
-1.904096E-08,-1.4900839E-01
-1.899096E-08,-1.4900839E-01
-1.894096E-08,-1.4895568E-01
-1.889096E-08,-1.4895568E-01
-1.884096E-08,-1.4895568E-01
-1.879096E-08,-1.4895568E-01
-1.874096E-08,-1.4890297E-01
-1.869096E-08,-1.4890297E-01
-1.864096E-08,-1.4890297E-01
-1.859096E-08,-1.4890297E-01
-1.854096E-08,-1.4885026E-01
-1.849096E-08,-1.4885026E-01
-1.844096E-08,-1.4885026E-01
-1.839096E-08,-1.4885026E-01
-1.834096E-08,-1.4885026E-01
-1.829096E-08,-1.4879755E-01
-1.824096E-08,-1.4879755E-01
-1.819096E-08,-1.4879755E-01
-1.814096E-08,-1.4879755E-01
-1.809096E-08,-1.4879755E-01
-1.804096E-08,-1.4879755E-01
-1.799096E-08,-1.4879755E-01
-1.794096E-08,-1.4879755E-01
-1.789096E-08,-1.4879755E-01
-1.784096E-08,-1.4885026E-01
-1.779096E-08,-1.4885026E-01
-1.774096E-08,-1.4885026E-01
-1.769096E-08,-1.4885026E-01
-1.764096E-08,-1.4890297E-01
-1.759096E-08,-1.4890297E-01
-1.754096E-08,-1.4890297E-01
-1.749096E-08,-1.4895568E-01
-1.744096E-08,-1.4895568E-01
-1.739096E-08,-1.4895568E-01
-1.734096E-08,-1.4900839E-01
-1.729096E-08,-1.4900839E-01
-1.724096E-08,-1.4906110E-01
-1.719096E-08,-1.4906110E-01
-1.714096E-08,-1.4906110E-01
-1.709096E-08,-1.4911381E-01
-1.704096E-08,-1.4911381E-01
-1.699096E-08,-1.4911381E-01
-1.694096E-08,-1.4911381E-01
-1.689096E-08,-1.4916652E-01
-1.684096E-08,-1.4916652E-01
-1.679096E-08,-1.4916652E-01
-1.674096E-08,-1.4916652E-01
-1.669096E-08,-1.4916652E-01
-1.664096E-08,-1.4916652E-01
-1.659096E-08,-1.4921923E-01
-1.654096E-08,-1.4921923E-01
-1.649096E-08,-1.4921923E-01
-1.644096E-08,-1.4921923E-01
-1.639096E-08,-1.4921923E-01
-1.634096E-08,-1.4921923E-01
-1.629096E-08,-1.4921923E-01
-1.624096E-08,-1.4916652E-01
-1.619096E-08,-1.4916652E-01
-1.614096E-08,-1.4916652E-01
-1.609096E-08,-1.4916652E-01
-1.604096E-08,-1.4916652E-01
-1.599096E-08,-1.4916652E-01
-1.594096E-08,-1.4916652E-01
-1.589096E-08,-1.4916652E-01
-1.584096E-08,-1.4911381E-01
-1.579096E-08,-1.4911381E-01
-1.574096E-08,-1.4911381E-01
-1.569096E-08,-1.4911381E-01
-1.564096E-08,-1.4911381E-01
-1.559096E-08,-1.4906110E-01
-1.554096E-08,-1.4906110E-01
-1.549096E-08,-1.4906110E-01
-1.544096E-08,-1.4900839E-01
-1.539096E-08,-1.4900839E-01
-1.534096E-08,-1.4900839E-01
-1.529096E-08,-1.4895568E-01
-1.524096E-08,-1.4895568E-01
-1.519096E-08,-1.4890297E-01
-1.514096E-08,-1.4890297E-01
-1.509096E-08,-1.4885026E-01
-1.504096E-08,-1.4885026E-01
-1.499096E-08,-1.4879755E-01
-1.494096E-08,-1.4874485E-01
-1.489096E-08,-1.4874485E-01
-1.484096E-08,-1.4869214E-01
-1.479096E-08,-1.4869214E-01
-1.474096E-08,-1.4863943E-01
-1.469096E-08,-1.4863943E-01
-1.464096E-08,-1.4858672E-01
-1.459096E-08,-1.4858672E-01
-1.454096E-08,-1.4853401E-01
-1.449096E-08,-1.4853401E-01
-1.444096E-08,-1.4848130E-01
-1.439096E-08,-1.4848130E-01
-1.434096E-08,-1.4848130E-01
-1.429096E-08,-1.4848130E-01
-1.424096E-08,-1.4848130E-01
-1.419096E-08,-1.4848130E-01
-1.414096E-08,-1.4848130E-01
-1.409096E-08,-1.4848130E-01
-1.404096E-08,-1.4848130E-01
-1.399096E-08,-1.4853401E-01
-1.394096E-08,-1.4853401E-01
-1.389096E-08,-1.4858672E-01
-1.384096E-08,-1.4858672E-01
-1.379096E-08,-1.4863943E-01
-1.374096E-08,-1.4869214E-01
-1.369096E-08,-1.4869214E-01
-1.364096E-08,-1.4874485E-01
-1.359096E-08,-1.4879755E-01
-1.354096E-08,-1.4885026E-01
-1.349096E-08,-1.4890297E-01
-1.344096E-08,-1.4895568E-01
-1.339096E-08,-1.4895568E-01
-1.334096E-08,-1.4900839E-01
-1.329096E-08,-1.4906110E-01
-1.324096E-08,-1.4911381E-01
-1.319096E-08,-1.4916652E-01
-1.314096E-08,-1.4921923E-01
-1.309096E-08,-1.4921923E-01
-1.304096E-08,-1.4927194E-01
-1.299096E-08,-1.4927194E-01
-1.294096E-08,-1.4932464E-01
-1.289096E-08,-1.4932464E-01
-1.284096E-08,-1.4932464E-01
-1.279096E-08,-1.4937735E-01
-1.274096E-08,-1.4937735E-01
-1.269096E-08,-1.4937735E-01
-1.264096E-08,-1.4937735E-01
-1.259096E-08,-1.4937735E-01
-1.254096E-08,-1.4932464E-01
-1.249096E-08,-1.4932464E-01
-1.244096E-08,-1.4932464E-01
-1.239096E-08,-1.4927194E-01
-1.234096E-08,-1.4927194E-01
-1.229096E-08,-1.4927194E-01
-1.224096E-08,-1.4921923E-01
-1.219096E-08,-1.4921923E-01
-1.214096E-08,-1.4916652E-01
-1.209096E-08,-1.4911381E-01
-1.204096E-08,-1.4911381E-01
-1.199096E-08,-1.4906110E-01
-1.194096E-08,-1.4906110E-01
-1.189096E-08,-1.4900839E-01
-1.184096E-08,-1.4900839E-01
-1.179096E-08,-1.4895568E-01
-1.174096E-08,-1.4895568E-01
-1.169096E-08,-1.4890297E-01
-1.164096E-08,-1.4890297E-01
-1.159096E-08,-1.4885026E-01
-1.154096E-08,-1.4885026E-01
-1.149096E-08,-1.4885026E-01
-1.144096E-08,-1.4879755E-01
-1.139096E-08,-1.4879755E-01
-1.134096E-08,-1.4879755E-01
-1.129096E-08,-1.4874485E-01
-1.124096E-08,-1.4874485E-01
-1.119096E-08,-1.4874485E-01
-1.114096E-08,-1.4874485E-01
-1.109096E-08,-1.4874485E-01
-1.104096E-08,-1.4874485E-01
-1.099096E-08,-1.4869214E-01
-1.094096E-08,-1.4869214E-01
-1.089096E-08,-1.4869214E-01
-1.084096E-08,-1.4869214E-01
-1.079096E-08,-1.4869214E-01
-1.074096E-08,-1.4869214E-01
-1.069096E-08,-1.4869214E-01
-1.064096E-08,-1.4869214E-01
-1.059096E-08,-1.4869214E-01
-1.054096E-08,-1.4869214E-01
-1.049096E-08,-1.4869214E-01
-1.044096E-08,-1.4869214E-01
-1.039096E-08,-1.4869214E-01
-1.034096E-08,-1.4869214E-01
-1.029096E-08,-1.4869214E-01
-1.024096E-08,-1.4869214E-01
-1.019096E-08,-1.4869214E-01
-1.014096E-08,-1.4869214E-01
-1.009096E-08,-1.4869214E-01
-1.004096E-08,-1.4869214E-01
-9.99096E-09,-1.4874485E-01
-9.94096E-09,-1.4874485E-01
-9.89096E-09,-1.4874485E-01
-9.84096E-09,-1.4874485E-01
-9.79096E-09,-1.4874485E-01
-9.74096E-09,-1.4879755E-01
-9.69096E-09,-1.4879755E-01
-9.64096E-09,-1.4879755E-01
-9.59096E-09,-1.4879755E-01
-9.54096E-09,-1.4885026E-01
-9.49096E-09,-1.4885026E-01
-9.44096E-09,-1.4885026E-01
-9.39096E-09,-1.4890297E-01
-9.34096E-09,-1.4890297E-01
-9.29096E-09,-1.4890297E-01
-9.24096E-09,-1.4895568E-01
-9.19096E-09,-1.4895568E-01
-9.14096E-09,-1.4895568E-01
-9.09096E-09,-1.4900839E-01
-9.04096E-09,-1.4900839E-01
-8.99096E-09,-1.4900839E-01
-8.94096E-09,-1.4900839E-01
-8.89096E-09,-1.4906110E-01
-8.84096E-09,-1.4906110E-01
-8.79096E-09,-1.4911381E-01
-8.74096E-09,-1.4911381E-01
-8.69096E-09,-1.4911381E-01
-8.64096E-09,-1.4916652E-01
-8.59096E-09,-1.4916652E-01
-8.54096E-09,-1.4916652E-01
-8.49096E-09,-1.4921923E-01
-8.44096E-09,-1.4921923E-01
-8.39096E-09,-1.4921923E-01
-8.34096E-09,-1.4927194E-01
-8.29096E-09,-1.4927194E-01
-8.24096E-09,-1.4932464E-01
-8.19096E-09,-1.4932464E-01
-8.14096E-09,-1.4932464E-01
-8.09096E-09,-1.4937735E-01
-8.04096E-09,-1.4937735E-01
-7.99096E-09,-1.4943006E-01
-7.94096E-09,-1.4943006E-01
-7.89096E-09,-1.4943006E-01
-7.84096E-09,-1.4948277E-01
-7.79096E-09,-1.4948277E-01
-7.74096E-09,-1.4948277E-01
-7.69096E-09,-1.4953548E-01
-7.64096E-09,-1.4953548E-01
-7.59096E-09,-1.4953548E-01
-7.54096E-09,-1.4953548E-01
-7.49096E-09,-1.4953548E-01
-7.44096E-09,-1.4958819E-01
-7.39096E-09,-1.4958819E-01
-7.34096E-09,-1.4958819E-01
-7.29096E-09,-1.4958819E-01
-7.24096E-09,-1.4953548E-01
-7.19096E-09,-1.4953548E-01
-7.14096E-09,-1.4953548E-01
-7.09096E-09,-1.4953548E-01
-7.04096E-09,-1.4948277E-01
-6.99096E-09,-1.4948277E-01
-6.94096E-09,-1.4948277E-01
-6.89096E-09,-1.4943006E-01
-6.84096E-09,-1.4943006E-01
-6.79096E-09,-1.4937735E-01
-6.74096E-09,-1.4932464E-01
-6.69096E-09,-1.4932464E-01
-6.64096E-09,-1.4927194E-01
-6.59096E-09,-1.4921923E-01
-6.54096E-09,-1.4921923E-01
-6.49096E-09,-1.4916652E-01
-6.44096E-09,-1.4911381E-01
-6.39096E-09,-1.4911381E-01
-6.34096E-09,-1.4906110E-01
-6.29096E-09,-1.4906110E-01
-6.24096E-09,-1.4900839E-01
-6.19096E-09,-1.4900839E-01
-6.14096E-09,-1.4895568E-01
-6.09096E-09,-1.4895568E-01
-6.04096E-09,-1.4890297E-01
-5.99096E-09,-1.4890297E-01
-5.94096E-09,-1.4890297E-01
-5.89096E-09,-1.4890297E-01
-5.84096E-09,-1.4885026E-01
-5.79096E-09,-1.4885026E-01
-5.74096E-09,-1.4885026E-01
-5.69096E-09,-1.4885026E-01
-5.64096E-09,-1.4885026E-01
-5.59096E-09,-1.4890297E-01
-5.54096E-09,-1.4890297E-01
-5.49096E-09,-1.4890297E-01
-5.44096E-09,-1.4890297E-01
-5.39096E-09,-1.4890297E-01
-5.34096E-09,-1.4895568E-01
-5.29096E-09,-1.4895568E-01
-5.24096E-09,-1.4895568E-01
-5.19096E-09,-1.4895568E-01
-5.14096E-09,-1.4900839E-01
-5.09096E-09,-1.4900839E-01
-5.04096E-09,-1.4900839E-01
-4.99096E-09,-1.4900839E-01
-4.94096E-09,-1.4900839E-01
-4.89096E-09,-1.4906110E-01
-4.84096E-09,-1.4906110E-01
-4.79096E-09,-1.4906110E-01
-4.74096E-09,-1.4906110E-01
-4.69096E-09,-1.4906110E-01
-4.64096E-09,-1.4906110E-01
-4.59096E-09,-1.4906110E-01
-4.54096E-09,-1.4906110E-01
-4.49096E-09,-1.4906110E-01
-4.44096E-09,-1.4906110E-01
-4.39096E-09,-1.4906110E-01
-4.34096E-09,-1.4900839E-01
-4.29096E-09,-1.4900839E-01
-4.24096E-09,-1.4900839E-01
-4.19096E-09,-1.4900839E-01
-4.14096E-09,-1.4900839E-01
-4.09096E-09,-1.4895568E-01
-4.04096E-09,-1.4895568E-01
-3.99096E-09,-1.4895568E-01
-3.94096E-09,-1.4895568E-01
-3.89096E-09,-1.4895568E-01
-3.84096E-09,-1.4895568E-01
-3.79096E-09,-1.4895568E-01
-3.74096E-09,-1.4895568E-01
-3.69096E-09,-1.4895568E-01
-3.64096E-09,-1.4895568E-01
-3.59096E-09,-1.4895568E-01
-3.54096E-09,-1.4895568E-01
-3.49096E-09,-1.4900839E-01
-3.44096E-09,-1.4900839E-01
-3.39096E-09,-1.4900839E-01
-3.34096E-09,-1.4906110E-01
-3.29096E-09,-1.4906110E-01
-3.24096E-09,-1.4906110E-01
-3.19096E-09,-1.4911381E-01
-3.14096E-09,-1.4911381E-01
-3.09096E-09,-1.4916652E-01
-3.04096E-09,-1.4921923E-01
-2.99096E-09,-1.4921923E-01
-2.94096E-09,-1.4927194E-01
-2.89096E-09,-1.4927194E-01
-2.84096E-09,-1.4932464E-01
-2.79096E-09,-1.4932464E-01
-2.74096E-09,-1.4937735E-01
-2.69096E-09,-1.4937735E-01
-2.64096E-09,-1.4943006E-01
-2.59096E-09,-1.4943006E-01
-2.54096E-09,-1.4943006E-01
-2.49096E-09,-1.4943006E-01
-2.44096E-09,-1.4948277E-01
-2.39096E-09,-1.4948277E-01
-2.34096E-09,-1.4948277E-01
-2.29096E-09,-1.4948277E-01
-2.24096E-09,-1.4948277E-01
-2.19096E-09,-1.4948277E-01
-2.14096E-09,-1.4943006E-01
-2.09096E-09,-1.4943006E-01
-2.04096E-09,-1.4943006E-01
-1.99096E-09,-1.4937735E-01
-1.94096E-09,-1.4937735E-01
-1.89096E-09,-1.4932464E-01
-1.84096E-09,-1.4932464E-01
-1.79096E-09,-1.4932464E-01
-1.74096E-09,-1.4927194E-01
-1.69096E-09,-1.4921923E-01
-1.64096E-09,-1.4921923E-01
-1.59096E-09,-1.4916652E-01
-1.54096E-09,-1.4916652E-01
-1.49096E-09,-1.4911381E-01
-1.44096E-09,-1.4911381E-01
-1.39096E-09,-1.4906110E-01
-1.34096E-09,-1.4906110E-01
-1.29096E-09,-1.4900839E-01
-1.24096E-09,-1.4900839E-01
-1.19096E-09,-1.4895568E-01
-1.14096E-09,-1.4895568E-01
-1.09096E-09,-1.4895568E-01
-1.04096E-09,-1.4895568E-01
-9.9096E-10,-1.4895568E-01
-9.4096E-10,-1.4890297E-01
-8.9096E-10,-1.4890297E-01
-8.4096E-10,-1.4890297E-01
-7.9096E-10,-1.4890297E-01
-7.4096E-10,-1.4890297E-01
-6.9096E-10,-1.4890297E-01
-6.4096E-10,-1.4895568E-01
-5.9096E-10,-1.4895568E-01
-5.4096E-10,-1.4895568E-01
-4.9096E-10,-1.4895568E-01
-4.4096E-10,-1.4900839E-01
-3.9096E-10,-1.4900839E-01
-3.4096E-10,-1.4900839E-01
-2.9096E-10,-1.4900839E-01
-2.4096E-10,-1.4906110E-01
-1.9096E-10,-1.4906110E-01
-1.4096E-10,-1.4906110E-01
-9.096E-11,-1.4906110E-01
-4.096E-11,-1.4911381E-01
9.04E-12,-1.4911381E-01
5.904E-11,-1.4911381E-01
1.0904E-10,-1.4911381E-01
1.5904E-10,-1.4911381E-01
2.0904E-10,-1.4911381E-01
2.5904E-10,-1.4916652E-01
3.0904E-10,-1.4916652E-01
3.5904E-10,-1.4916652E-01
4.0904E-10,-1.4916652E-01
4.5904E-10,-1.4916652E-01
5.0904E-10,-1.4916652E-01
5.5904E-10,-1.4916652E-01
6.0904E-10,-1.4916652E-01
6.5904E-10,-1.4921923E-01
7.0904E-10,-1.4921923E-01
7.5904E-10,-1.4921923E-01
8.0904E-10,-1.4921923E-01
8.5904E-10,-1.4921923E-01
9.0904E-10,-1.4921923E-01
9.5904E-10,-1.4921923E-01
1.00904E-09,-1.4927194E-01
1.05904E-09,-1.4927194E-01
1.10904E-09,-1.4927194E-01
1.15904E-09,-1.4927194E-01
1.20904E-09,-1.4927194E-01
1.25904E-09,-1.4932464E-01
1.30904E-09,-1.4932464E-01
1.35904E-09,-1.4932464E-01
1.40904E-09,-1.4937735E-01
1.45904E-09,-1.4937735E-01
1.50904E-09,-1.4937735E-01
1.55904E-09,-1.4937735E-01
1.60904E-09,-1.4937735E-01
1.65904E-09,-1.4937735E-01
1.70904E-09,-1.4937735E-01
1.75904E-09,-1.4937735E-01
1.80904E-09,-1.4943006E-01
1.85904E-09,-1.4943006E-01
1.90904E-09,-1.4937735E-01
1.95904E-09,-1.4937735E-01
2.00904E-09,-1.4937735E-01
2.05904E-09,-1.4937735E-01
2.10904E-09,-1.4937735E-01
2.15904E-09,-1.4937735E-01
2.20904E-09,-1.4932464E-01
2.25904E-09,-1.4932464E-01
2.30904E-09,-1.4932464E-01
2.35904E-09,-1.4932464E-01
2.40904E-09,-1.4927194E-01
2.45904E-09,-1.4927194E-01
2.50904E-09,-1.4927194E-01
2.55904E-09,-1.4927194E-01
2.60904E-09,-1.4921923E-01
2.65904E-09,-1.4921923E-01
2.70904E-09,-1.4921923E-01
2.75904E-09,-1.4921923E-01
2.80904E-09,-1.4921923E-01
2.85904E-09,-1.4921923E-01
2.90904E-09,-1.4921923E-01
2.95904E-09,-1.4916652E-01
3.00904E-09,-1.4916652E-01
3.05904E-09,-1.4921923E-01
3.10904E-09,-1.4921923E-01
3.15904E-09,-1.4921923E-01
3.20904E-09,-1.4921923E-01
3.25904E-09,-1.4921923E-01
3.30904E-09,-1.4921923E-01
3.35904E-09,-1.4921923E-01
3.40904E-09,-1.4927194E-01
3.45904E-09,-1.4927194E-01
3.50904E-09,-1.4927194E-01
3.55904E-09,-1.4927194E-01
3.60904E-09,-1.4932464E-01
3.65904E-09,-1.4932464E-01
3.70904E-09,-1.4932464E-01
3.75904E-09,-1.4932464E-01
3.80904E-09,-1.4932464E-01
3.85904E-09,-1.4937735E-01
3.90904E-09,-1.4937735E-01
3.95904E-09,-1.4937735E-01
4.00904E-09,-1.4937735E-01
4.05904E-09,-1.4937735E-01
4.10904E-09,-1.4937735E-01
4.15904E-09,-1.4937735E-01
4.20904E-09,-1.4937735E-01
4.25904E-09,-1.4937735E-01
4.30904E-09,-1.4937735E-01
4.35904E-09,-1.4932464E-01
4.40904E-09,-1.4932464E-01
4.45904E-09,-1.4932464E-01
4.50904E-09,-1.4932464E-01
4.55904E-09,-1.4927194E-01
4.60904E-09,-1.4927194E-01
4.65904E-09,-1.4927194E-01
4.70904E-09,-1.4927194E-01
4.75904E-09,-1.4927194E-01
4.80904E-09,-1.4921923E-01
4.85904E-09,-1.4921923E-01
4.90904E-09,-1.4921923E-01
4.95904E-09,-1.4921923E-01
5.00904E-09,-1.4916652E-01
5.05904E-09,-1.4916652E-01
5.10904E-09,-1.4916652E-01
5.15904E-09,-1.4916652E-01
5.20904E-09,-1.4911381E-01
5.25904E-09,-1.4911381E-01
5.30904E-09,-1.4911381E-01
5.35904E-09,-1.4911381E-01
5.40904E-09,-1.4906110E-01
5.45904E-09,-1.4906110E-01
5.50904E-09,-1.4906110E-01
5.55904E-09,-1.4900839E-01
5.60904E-09,-1.4900839E-01
5.65904E-09,-1.4900839E-01
5.70904E-09,-1.4895568E-01
5.75904E-09,-1.4895568E-01
5.80904E-09,-1.4890297E-01
5.85904E-09,-1.4890297E-01
5.90904E-09,-1.4885026E-01
5.95904E-09,-1.4879755E-01
6.00904E-09,-1.4879755E-01
6.05904E-09,-1.4874485E-01
6.10904E-09,-1.4869214E-01
6.15904E-09,-1.4869214E-01
6.20904E-09,-1.4863943E-01
6.25904E-09,-1.4858672E-01
6.30904E-09,-1.4853401E-01
6.35904E-09,-1.4853401E-01
6.40904E-09,-1.4848130E-01
6.45904E-09,-1.4842859E-01
6.50904E-09,-1.4842859E-01
6.55904E-09,-1.4837588E-01
6.60904E-09,-1.4837588E-01
6.65904E-09,-1.4837588E-01
6.70904E-09,-1.4832317E-01
6.75904E-09,-1.4832317E-01
6.80904E-09,-1.4832317E-01
6.85904E-09,-1.4832317E-01
6.90904E-09,-1.4832317E-01
6.95904E-09,-1.4837588E-01
7.00904E-09,-1.4837588E-01
7.05904E-09,-1.4842859E-01
7.10904E-09,-1.4842859E-01
7.15904E-09,-1.4848130E-01
7.20904E-09,-1.4853401E-01
7.25904E-09,-1.4858672E-01
7.30904E-09,-1.4863943E-01
7.35904E-09,-1.4869214E-01
7.40904E-09,-1.4874485E-01
7.45904E-09,-1.4879755E-01
7.50904E-09,-1.4885026E-01
7.55904E-09,-1.4890297E-01
7.60904E-09,-1.4895568E-01
7.65904E-09,-1.4900839E-01
7.70904E-09,-1.4906110E-01
7.75904E-09,-1.4911381E-01
7.80904E-09,-1.4916652E-01
7.85904E-09,-1.4921923E-01
7.90904E-09,-1.4927194E-01
7.95904E-09,-1.4932464E-01
8.00904E-09,-1.4937735E-01
8.05904E-09,-1.4943006E-01
8.10904E-09,-1.4948277E-01
8.15904E-09,-1.4948277E-01
8.20904E-09,-1.4953548E-01
8.25904E-09,-1.4958819E-01
8.30904E-09,-1.4958819E-01
8.35904E-09,-1.4964090E-01
8.40904E-09,-1.4964090E-01
8.45904E-09,-1.4964090E-01
8.50904E-09,-1.4964090E-01
8.55904E-09,-1.4964090E-01
8.60904E-09,-1.4964090E-01
8.65904E-09,-1.4964090E-01
8.70904E-09,-1.4958819E-01
8.75904E-09,-1.4958819E-01
8.80904E-09,-1.4953548E-01
8.85904E-09,-1.4953548E-01
8.90904E-09,-1.4948277E-01
8.95904E-09,-1.4937735E-01
9.00904E-09,-1.4932464E-01
9.05904E-09,-1.4927194E-01
9.10904E-09,-1.4921923E-01
9.15904E-09,-1.4916652E-01
9.20904E-09,-1.4906110E-01
9.25904E-09,-1.4900839E-01
9.30904E-09,-1.4895568E-01
9.35904E-09,-1.4885026E-01
9.40904E-09,-1.4879755E-01
9.45904E-09,-1.4874485E-01
9.50904E-09,-1.4863943E-01
9.55904E-09,-1.4858672E-01
9.60904E-09,-1.4853401E-01
9.65904E-09,-1.4853401E-01
9.70904E-09,-1.4848130E-01
9.75904E-09,-1.4842859E-01
9.80904E-09,-1.4842859E-01
9.85904E-09,-1.4837588E-01
9.90904E-09,-1.4837588E-01
9.95904E-09,-1.4837588E-01
1.000904E-08,-1.4842859E-01
1.005904E-08,-1.4842859E-01
1.010904E-08,-1.4842859E-01
1.015904E-08,-1.4848130E-01
1.020904E-08,-1.4853401E-01
1.025904E-08,-1.4858672E-01
1.030904E-08,-1.4858672E-01
1.035904E-08,-1.4863943E-01
1.040904E-08,-1.4874485E-01
1.045904E-08,-1.4879755E-01
1.050904E-08,-1.4885026E-01
1.055904E-08,-1.4890297E-01
1.060904E-08,-1.4895568E-01
1.065904E-08,-1.4900839E-01
1.070904E-08,-1.4906110E-01
1.075904E-08,-1.4906110E-01
1.080904E-08,-1.4911381E-01
1.085904E-08,-1.4916652E-01
1.090904E-08,-1.4916652E-01
1.095904E-08,-1.4921923E-01
1.100904E-08,-1.4921923E-01
1.105904E-08,-1.4921923E-01
1.110904E-08,-1.4921923E-01
1.115904E-08,-1.4921923E-01
1.120904E-08,-1.4921923E-01
1.125904E-08,-1.4921923E-01
1.130904E-08,-1.4921923E-01
1.135904E-08,-1.4916652E-01
1.140904E-08,-1.4916652E-01
1.145904E-08,-1.4916652E-01
1.150904E-08,-1.4916652E-01
1.155904E-08,-1.4911381E-01
1.160904E-08,-1.4911381E-01
1.165904E-08,-1.4916652E-01
1.170904E-08,-1.4916652E-01
1.175904E-08,-1.4916652E-01
1.180904E-08,-1.4916652E-01
1.185904E-08,-1.4921923E-01
1.190904E-08,-1.4921923E-01
1.195904E-08,-1.4927194E-01
1.200904E-08,-1.4932464E-01
1.205904E-08,-1.4937735E-01
1.210904E-08,-1.4943006E-01
1.215904E-08,-1.4948277E-01
1.220904E-08,-1.4953548E-01
1.225904E-08,-1.4958819E-01
1.230904E-08,-1.4969361E-01
1.235904E-08,-1.4974632E-01
1.240904E-08,-1.4979903E-01
1.245904E-08,-1.4985173E-01
1.250904E-08,-1.4990444E-01
1.255904E-08,-1.4995715E-01
1.260904E-08,-1.5000986E-01
1.265904E-08,-1.5000986E-01
1.270904E-08,-1.5006257E-01
1.275904E-08,-1.5006257E-01
1.280904E-08,-1.5006257E-01
1.285904E-08,-1.5006257E-01
1.290904E-08,-1.5000986E-01
1.295904E-08,-1.5000986E-01
1.300904E-08,-1.4995715E-01
1.305904E-08,-1.4990444E-01
1.310904E-08,-1.4979903E-01
1.315904E-08,-1.4974632E-01
1.320904E-08,-1.4964090E-01
1.325904E-08,-1.4958819E-01
1.330904E-08,-1.4948277E-01
1.335904E-08,-1.4937735E-01
1.340904E-08,-1.4927194E-01
1.345904E-08,-1.4921923E-01
1.350904E-08,-1.4911381E-01
1.355904E-08,-1.4906110E-01
1.360904E-08,-1.4895568E-01
1.365904E-08,-1.4890297E-01
1.370904E-08,-1.4885026E-01
1.375904E-08,-1.4885026E-01
1.380904E-08,-1.4885026E-01
1.385904E-08,-1.4885026E-01
1.390904E-08,-1.4885026E-01
1.395904E-08,-1.4890297E-01
1.400904E-08,-1.4895568E-01
1.405904E-08,-1.4900839E-01
1.410904E-08,-1.4906110E-01
1.415904E-08,-1.4916652E-01
1.420904E-08,-1.4927194E-01
1.425904E-08,-1.4937735E-01
1.430904E-08,-1.4953548E-01
1.435904E-08,-1.4964090E-01
1.440904E-08,-1.4974632E-01
1.445904E-08,-1.4990444E-01
1.450904E-08,-1.5000986E-01
1.455904E-08,-1.5011528E-01
1.460904E-08,-1.5022070E-01
1.465904E-08,-1.5032612E-01
1.470904E-08,-1.5037883E-01
1.475904E-08,-1.5043153E-01
1.480904E-08,-1.5048424E-01
1.485904E-08,-1.5053695E-01
1.490904E-08,-1.5053695E-01
1.495904E-08,-1.5048424E-01
1.500904E-08,-1.5048424E-01
1.505904E-08,-1.5037883E-01
1.510904E-08,-1.5032612E-01
1.515904E-08,-1.5022070E-01
1.520904E-08,-1.5011528E-01
1.525904E-08,-1.5000986E-01
1.530904E-08,-1.4985173E-01
1.535904E-08,-1.4969361E-01
1.540904E-08,-1.4953548E-01
1.545904E-08,-1.4937735E-01
1.550904E-08,-1.4921923E-01
1.555904E-08,-1.4906110E-01
1.560904E-08,-1.4895568E-01
1.565904E-08,-1.4879755E-01
1.570904E-08,-1.4869214E-01
1.575904E-08,-1.4858672E-01
1.580904E-08,-1.4848130E-01
1.585904E-08,-1.4842859E-01
1.590904E-08,-1.4837588E-01
1.595904E-08,-1.4837588E-01
1.600904E-08,-1.4837588E-01
1.605904E-08,-1.4837588E-01
1.610904E-08,-1.4842859E-01
1.615904E-08,-1.4853401E-01
1.620904E-08,-1.4858672E-01
1.625904E-08,-1.4869214E-01
1.630904E-08,-1.4885026E-01
1.635904E-08,-1.4895568E-01
1.640904E-08,-1.4911381E-01
1.645904E-08,-1.4927194E-01
1.650904E-08,-1.4943006E-01
1.655904E-08,-1.4958819E-01
1.660904E-08,-1.4974632E-01
1.665904E-08,-1.4990444E-01
1.670904E-08,-1.5000986E-01
1.675904E-08,-1.5011528E-01
1.680904E-08,-1.5022070E-01
1.685904E-08,-1.5032612E-01
1.690904E-08,-1.5037883E-01
1.695904E-08,-1.5043153E-01
1.700904E-08,-1.5043153E-01
1.705904E-08,-1.5043153E-01
1.710904E-08,-1.5037883E-01
1.715904E-08,-1.5032612E-01
1.720904E-08,-1.5027341E-01
1.725904E-08,-1.5016799E-01
1.730904E-08,-1.5006257E-01
1.735904E-08,-1.4995715E-01
1.740904E-08,-1.4979903E-01
1.745904E-08,-1.4969361E-01
1.750904E-08,-1.4953548E-01
1.755904E-08,-1.4937735E-01
1.760904E-08,-1.4927194E-01
1.765904E-08,-1.4911381E-01
1.770904E-08,-1.4900839E-01
1.775904E-08,-1.4890297E-01
1.780904E-08,-1.4879755E-01
1.785904E-08,-1.4874485E-01
1.790904E-08,-1.4869214E-01
1.795904E-08,-1.4869214E-01
1.800904E-08,-1.4869214E-01
1.805904E-08,-1.4874485E-01
1.810904E-08,-1.4879755E-01
1.815904E-08,-1.4885026E-01
1.820904E-08,-1.4895568E-01
1.825904E-08,-1.4906110E-01
1.830904E-08,-1.4916652E-01
1.835904E-08,-1.4932464E-01
1.840904E-08,-1.4943006E-01
1.845904E-08,-1.4958819E-01
1.850904E-08,-1.4974632E-01
1.855904E-08,-1.4990444E-01
1.860904E-08,-1.5000986E-01
1.865904E-08,-1.5016799E-01
1.870904E-08,-1.5022070E-01
1.875904E-08,-1.5032612E-01
1.880904E-08,-1.5037883E-01
1.885904E-08,-1.5043153E-01
1.890904E-08,-1.5043153E-01
1.895904E-08,-1.5043153E-01
1.900904E-08,-1.5037883E-01
1.905904E-08,-1.5032612E-01
1.910904E-08,-1.5022070E-01
1.915904E-08,-1.5011528E-01
1.920904E-08,-1.4995715E-01
1.925904E-08,-1.4979903E-01
1.930904E-08,-1.4964090E-01
1.935904E-08,-1.4948277E-01
1.940904E-08,-1.4927194E-01
1.945904E-08,-1.4911381E-01
1.950904E-08,-1.4890297E-01
1.955904E-08,-1.4874485E-01
1.960904E-08,-1.4863943E-01
1.965904E-08,-1.4848130E-01
1.970904E-08,-1.4837588E-01
1.975904E-08,-1.4827046E-01
1.980904E-08,-1.4827046E-01
1.985904E-08,-1.4821776E-01
1.990904E-08,-1.4821776E-01
1.995904E-08,-1.4827046E-01
2.000904E-08,-1.4837588E-01
2.005904E-08,-1.4848130E-01
2.010904E-08,-1.4863943E-01
2.015904E-08,-1.4879755E-01
2.020904E-08,-1.4900839E-01
2.025904E-08,-1.4921923E-01
2.030904E-08,-1.4948277E-01
2.035904E-08,-1.4974632E-01
2.040904E-08,-1.4995715E-01
2.045904E-08,-1.5022070E-01
2.050904E-08,-1.5043153E-01
2.055904E-08,-1.5069508E-01
2.060904E-08,-1.5085321E-01
2.065904E-08,-1.5106404E-01
2.070904E-08,-1.5116946E-01
2.075904E-08,-1.5127488E-01
2.080904E-08,-1.5138030E-01
2.085904E-08,-1.5138030E-01
2.090904E-08,-1.5138030E-01
2.095904E-08,-1.5127488E-01
2.100904E-08,-1.5116946E-01
2.105904E-08,-1.5106404E-01
2.110904E-08,-1.5085321E-01
2.115904E-08,-1.5064237E-01
2.120904E-08,-1.5037883E-01
2.125904E-08,-1.5011528E-01
2.130904E-08,-1.4979903E-01
2.135904E-08,-1.4953548E-01
2.140904E-08,-1.4921923E-01
2.145904E-08,-1.4890297E-01
2.150904E-08,-1.4863943E-01
2.155904E-08,-1.4837588E-01
2.160904E-08,-1.4816505E-01
2.165904E-08,-1.4795421E-01
2.170904E-08,-1.4779608E-01
2.175904E-08,-1.4769067E-01
2.180904E-08,-1.4769067E-01
2.185904E-08,-1.4769067E-01
2.190904E-08,-1.4774337E-01
2.195904E-08,-1.4784879E-01
2.200904E-08,-1.4800692E-01
2.205904E-08,-1.4821776E-01
2.210904E-08,-1.4853401E-01
2.215904E-08,-1.4885026E-01
2.220904E-08,-1.4916652E-01
2.225904E-08,-1.4953548E-01
2.230904E-08,-1.4995715E-01
2.235904E-08,-1.5037883E-01
2.240904E-08,-1.5074779E-01
2.245904E-08,-1.5116946E-01
2.250904E-08,-1.5153842E-01
2.255904E-08,-1.5185468E-01
2.260904E-08,-1.5217093E-01
2.265904E-08,-1.5243448E-01
2.270904E-08,-1.5259260E-01
2.275904E-08,-1.5275073E-01
2.280904E-08,-1.5280344E-01
2.285904E-08,-1.5280344E-01
2.290904E-08,-1.5269802E-01
2.295904E-08,-1.5253989E-01
2.300904E-08,-1.5232906E-01
2.305904E-08,-1.5201280E-01
2.310904E-08,-1.5164384E-01
2.315904E-08,-1.5122217E-01
2.320904E-08,-1.5074779E-01
2.325904E-08,-1.5027341E-01
2.330904E-08,-1.4974632E-01
2.335904E-08,-1.4921923E-01
2.340904E-08,-1.4863943E-01
2.345904E-08,-1.4816505E-01
2.350904E-08,-1.4763796E-01
2.355904E-08,-1.4721628E-01
2.360904E-08,-1.4684732E-01
2.365904E-08,-1.4653107E-01
2.370904E-08,-1.4626752E-01
2.375904E-08,-1.4610939E-01
2.380904E-08,-1.4605669E-01
2.385904E-08,-1.4605669E-01
2.390904E-08,-1.4621481E-01
2.395904E-08,-1.4642565E-01
2.400904E-08,-1.4679461E-01
2.405904E-08,-1.4716358E-01
2.410904E-08,-1.4769067E-01
2.415904E-08,-1.4827046E-01
2.420904E-08,-1.4890297E-01
2.425904E-08,-1.4953548E-01
2.430904E-08,-1.5022070E-01
2.435904E-08,-1.5095862E-01
2.440904E-08,-1.5164384E-01
2.445904E-08,-1.5232906E-01
2.450904E-08,-1.5296157E-01
2.455904E-08,-1.5348866E-01
2.460904E-08,-1.5396304E-01
2.465904E-08,-1.5438471E-01
2.470904E-08,-1.5464826E-01
2.475904E-08,-1.5480638E-01
2.480904E-08,-1.5480638E-01
2.485904E-08,-1.5464826E-01
2.490904E-08,-1.5438471E-01
2.495904E-08,-1.5401575E-01
2.500904E-08,-1.5343595E-01
2.505904E-08,-1.5275073E-01
2.510904E-08,-1.5196010E-01
2.515904E-08,-1.5106404E-01
2.520904E-08,-1.5006257E-01
2.525904E-08,-1.4900839E-01
2.530904E-08,-1.4790150E-01
2.535904E-08,-1.4674190E-01
2.540904E-08,-1.4563501E-01
2.545904E-08,-1.4458083E-01
2.550904E-08,-1.4357936E-01
2.555904E-08,-1.4273602E-01
2.560904E-08,-1.4194538E-01
2.565904E-08,-1.4136558E-01
2.570904E-08,-1.4094391E-01
2.575904E-08,-1.4068037E-01
2.580904E-08,-1.4068037E-01
2.585904E-08,-1.4094391E-01
2.590904E-08,-1.4136558E-01
2.595904E-08,-1.4210351E-01
2.600904E-08,-1.4299956E-01
2.605904E-08,-1.4415916E-01
2.610904E-08,-1.4552960E-01
2.615904E-08,-1.4705816E-01
2.620904E-08,-1.4874485E-01
2.625904E-08,-1.5053695E-01
2.630904E-08,-1.5243448E-01
2.635904E-08,-1.5433200E-01
2.640904E-08,-1.5617682E-01
2.645904E-08,-1.5796892E-01
2.650904E-08,-1.5960290E-01
2.655904E-08,-1.6107875E-01
2.660904E-08,-1.6223835E-01
2.665904E-08,-1.6313441E-01
2.670904E-08,-1.6360879E-01
2.675904E-08,-1.6360879E-01
2.680904E-08,-1.6313441E-01
2.685904E-08,-1.6208023E-01
2.690904E-08,-1.6044625E-01
2.695904E-08,-1.5817976E-01
2.700904E-08,-1.5522805E-01
2.705904E-08,-1.5159113E-01
2.710904E-08,-1.4716358E-01
2.715904E-08,-1.4205080E-01
2.720904E-08,-1.3625281E-01
2.725904E-08,-1.2966418E-01
2.730904E-08,-1.2239034E-01
2.735904E-08,-1.1443128E-01
2.740904E-08,-1.0583971E-01
2.745904E-08,-9.666834E-02
2.750904E-08,-8.691717E-02
2.755904E-08,-7.674433E-02
2.760904E-08,-6.614982E-02
2.765904E-08,-5.518635E-02
2.770904E-08,-4.395933E-02
2.775904E-08,-3.257418E-02
2.780904E-08,-2.108361E-02
2.785904E-08,-9.54034E-03
2.790904E-08,1.89752E-03
2.795904E-08,1.317725E-02
2.800904E-08,2.419343E-02
2.805904E-08,3.494607E-02
2.810904E-08,4.532974E-02
2.815904E-08,5.518633E-02
2.820904E-08,6.462124E-02
2.825904E-08,7.347636E-02
2.830904E-08,8.169896E-02
2.835904E-08,8.928906E-02
2.840904E-08,9.624665E-02
2.845904E-08,1.0251902E-01
2.850904E-08,1.0810618E-01
2.855904E-08,1.1300812E-01
2.860904E-08,1.1722484E-01
2.865904E-08,1.2075634E-01
2.870904E-08,1.2370805E-01
2.875904E-08,1.2602724E-01
2.880904E-08,1.2776664E-01
2.885904E-08,1.2903166E-01
2.890904E-08,1.2982229E-01
2.895904E-08,1.3019126E-01
2.900904E-08,1.3019126E-01
2.905904E-08,1.2987500E-01
2.910904E-08,1.2929520E-01
2.915904E-08,1.2855728E-01
2.920904E-08,1.2760851E-01
2.925904E-08,1.2665975E-01
2.930904E-08,1.2560557E-01
2.935904E-08,1.2455139E-01
2.940904E-08,1.2354992E-01
2.945904E-08,1.2260116E-01
2.950904E-08,1.2181052E-01
2.955904E-08,1.2107260E-01
2.960904E-08,1.2054551E-01
2.965904E-08,1.2012383E-01
2.970904E-08,1.1986029E-01
2.975904E-08,1.1980758E-01
2.980904E-08,1.1986029E-01
2.985904E-08,1.2012383E-01
2.990904E-08,1.2049280E-01
2.995904E-08,1.2096718E-01
3.000904E-08,1.2154698E-01
3.005904E-08,1.2223219E-01
3.010904E-08,1.2297012E-01
3.015904E-08,1.2376076E-01
3.020904E-08,1.2455139E-01
3.025904E-08,1.2528932E-01
3.030904E-08,1.2602724E-01
3.035904E-08,1.2671246E-01
3.040904E-08,1.2734497E-01
3.045904E-08,1.2787206E-01
3.050904E-08,1.2829373E-01
3.055904E-08,1.2855728E-01
3.060904E-08,1.2876811E-01
3.065904E-08,1.2882082E-01
3.070904E-08,1.2876811E-01
3.075904E-08,1.2855728E-01
3.080904E-08,1.2829373E-01
3.085904E-08,1.2787206E-01
3.090904E-08,1.2734497E-01
3.095904E-08,1.2676517E-01
3.100904E-08,1.2613266E-01
3.105904E-08,1.2544744E-01
3.110904E-08,1.2470952E-01
3.115904E-08,1.2391888E-01
3.120904E-08,1.2318096E-01
3.125904E-08,1.2244303E-01
3.130904E-08,1.2175781E-01
3.135904E-08,1.2112531E-01
3.140904E-08,1.2054551E-01
3.145904E-08,1.2001842E-01
3.150904E-08,1.1959674E-01
3.155904E-08,1.1928049E-01
3.160904E-08,1.1901695E-01
3.165904E-08,1.1891153E-01
3.170904E-08,1.1885882E-01
3.175904E-08,1.1885882E-01
3.180904E-08,1.1901695E-01
3.185904E-08,1.1922778E-01
3.190904E-08,1.1949133E-01
3.195904E-08,1.1980758E-01
3.200904E-08,1.2022925E-01
3.205904E-08,1.2059822E-01
3.210904E-08,1.2107260E-01
3.215904E-08,1.2149427E-01
3.220904E-08,1.2191594E-01
3.225904E-08,1.2233761E-01
3.230904E-08,1.2270658E-01
3.235904E-08,1.2302283E-01
3.240904E-08,1.2328638E-01
3.245904E-08,1.2349721E-01
3.250904E-08,1.2360263E-01
3.255904E-08,1.2365534E-01
3.260904E-08,1.2365534E-01
3.265904E-08,1.2354992E-01
3.270904E-08,1.2339179E-01
3.275904E-08,1.2312825E-01
3.280904E-08,1.2281199E-01
3.285904E-08,1.2244303E-01
3.290904E-08,1.2202136E-01
3.295904E-08,1.2154698E-01
3.300904E-08,1.2101989E-01
3.305904E-08,1.2049280E-01
3.310904E-08,1.1996571E-01
3.315904E-08,1.1943862E-01
3.320904E-08,1.1885882E-01
3.325904E-08,1.1838444E-01
3.330904E-08,1.1785735E-01
3.335904E-08,1.1743567E-01
3.340904E-08,1.1701400E-01
3.345904E-08,1.1669775E-01
3.350904E-08,1.1638149E-01
3.355904E-08,1.1611795E-01
3.360904E-08,1.1595982E-01
3.365904E-08,1.1585440E-01
3.370904E-08,1.1580170E-01
3.375904E-08,1.1574899E-01
3.380904E-08,1.1580170E-01
3.385904E-08,1.1590711E-01
3.390904E-08,1.1601253E-01
3.395904E-08,1.1617066E-01
3.400904E-08,1.1638149E-01
3.405904E-08,1.1659233E-01
3.410904E-08,1.1680317E-01
3.415904E-08,1.1696129E-01
3.420904E-08,1.1717213E-01
3.425904E-08,1.1733026E-01
3.430904E-08,1.1748838E-01
3.435904E-08,1.1759380E-01
3.440904E-08,1.1769922E-01
3.445904E-08,1.1769922E-01
3.450904E-08,1.1769922E-01
3.455904E-08,1.1764651E-01
3.460904E-08,1.1759380E-01
3.465904E-08,1.1743567E-01
3.470904E-08,1.1727755E-01
3.475904E-08,1.1706671E-01
3.480904E-08,1.1685588E-01
3.485904E-08,1.1659233E-01
3.490904E-08,1.1627608E-01
3.495904E-08,1.1595982E-01
3.500904E-08,1.1569628E-01
3.505904E-08,1.1538002E-01
3.510904E-08,1.1506377E-01
3.515904E-08,1.1480022E-01
3.520904E-08,1.1453668E-01
3.525904E-08,1.1427313E-01
3.530904E-08,1.1406230E-01
3.535904E-08,1.1385146E-01
3.540904E-08,1.1369333E-01
3.545904E-08,1.1358792E-01
3.550904E-08,1.1348250E-01
3.555904E-08,1.1342979E-01
3.560904E-08,1.1342979E-01
3.565904E-08,1.1342979E-01
3.570904E-08,1.1342979E-01
3.575904E-08,1.1348250E-01
3.580904E-08,1.1358792E-01
3.585904E-08,1.1364063E-01
3.590904E-08,1.1374604E-01
3.595904E-08,1.1385146E-01
3.600904E-08,1.1390417E-01
3.605904E-08,1.1395688E-01
3.610904E-08,1.1406230E-01
3.615904E-08,1.1406230E-01
3.620904E-08,1.1406230E-01
3.625904E-08,1.1406230E-01
3.630904E-08,1.1400959E-01
3.635904E-08,1.1395688E-01
3.640904E-08,1.1385146E-01
3.645904E-08,1.1374604E-01
3.650904E-08,1.1358792E-01
3.655904E-08,1.1337708E-01
3.660904E-08,1.1321895E-01
3.665904E-08,1.1300812E-01
3.670904E-08,1.1279728E-01
3.675904E-08,1.1258645E-01
3.680904E-08,1.1237561E-01
3.685904E-08,1.1216477E-01
3.690904E-08,1.1200665E-01
3.695904E-08,1.1184852E-01
3.700904E-08,1.1169039E-01
3.705904E-08,1.1163768E-01
3.710904E-08,1.1158497E-01
3.715904E-08,1.1153227E-01
3.720904E-08,1.1158497E-01
3.725904E-08,1.1163768E-01
3.730904E-08,1.1179581E-01
3.735904E-08,1.1195394E-01
3.740904E-08,1.1211206E-01
3.745904E-08,1.1237561E-01
3.750904E-08,1.1263915E-01
3.755904E-08,1.1290270E-01
3.760904E-08,1.1321895E-01
3.765904E-08,1.1353521E-01
3.770904E-08,1.1385146E-01
3.775904E-08,1.1416772E-01
3.780904E-08,1.1443126E-01
3.785904E-08,1.1474751E-01
3.790904E-08,1.1495835E-01
3.795904E-08,1.1516919E-01
3.800904E-08,1.1532731E-01
3.805904E-08,1.1543273E-01
3.810904E-08,1.1548544E-01
3.815904E-08,1.1548544E-01
3.820904E-08,1.1538002E-01
3.825904E-08,1.1527461E-01
3.830904E-08,1.1506377E-01
3.835904E-08,1.1480022E-01
3.840904E-08,1.1448397E-01
3.845904E-08,1.1416772E-01
3.850904E-08,1.1374604E-01
3.855904E-08,1.1332437E-01
3.860904E-08,1.1284999E-01
3.865904E-08,1.1237561E-01
3.870904E-08,1.1190123E-01
3.875904E-08,1.1142685E-01
3.880904E-08,1.1100517E-01
3.885904E-08,1.1053079E-01
3.890904E-08,1.1016183E-01
3.895904E-08,1.0979287E-01
3.900904E-08,1.0947661E-01
3.905904E-08,1.0921307E-01
3.910904E-08,1.0900223E-01
3.915904E-08,1.0884411E-01
3.920904E-08,1.0879140E-01
3.925904E-08,1.0879140E-01
3.930904E-08,1.0884411E-01
3.935904E-08,1.0894952E-01
3.940904E-08,1.0910765E-01
3.945904E-08,1.0931849E-01
3.950904E-08,1.0952932E-01
3.955904E-08,1.0984558E-01
3.960904E-08,1.1010912E-01
3.965904E-08,1.1042538E-01
3.970904E-08,1.1074163E-01
3.975904E-08,1.1105788E-01
3.980904E-08,1.1132143E-01
3.985904E-08,1.1153227E-01
3.990904E-08,1.1174310E-01
3.995904E-08,1.1190123E-01
4.000904E-08,1.1195394E-01
4.005904E-08,1.1200665E-01
4.010904E-08,1.1195394E-01
4.015904E-08,1.1179581E-01
4.020904E-08,1.1163768E-01
4.025904E-08,1.1137414E-01
4.030904E-08,1.1100517E-01
4.035904E-08,1.1063621E-01
4.040904E-08,1.1021454E-01
4.045904E-08,1.0974016E-01
4.050904E-08,1.0921307E-01
4.055904E-08,1.0868598E-01
4.060904E-08,1.0810618E-01
4.065904E-08,1.0757909E-01
4.070904E-08,1.0705200E-01
4.075904E-08,1.0657762E-01
4.080904E-08,1.0610324E-01
4.085904E-08,1.0573427E-01
4.090904E-08,1.0541802E-01
4.095904E-08,1.0515447E-01
4.100904E-08,1.0499635E-01
4.105904E-08,1.0494364E-01
4.110904E-08,1.0499635E-01
4.115904E-08,1.0510177E-01
4.120904E-08,1.0531260E-01
4.125904E-08,1.0557615E-01
4.130904E-08,1.0599782E-01
4.135904E-08,1.0641949E-01
4.140904E-08,1.0694658E-01
4.145904E-08,1.0747367E-01
4.150904E-08,1.0805347E-01
4.155904E-08,1.0863327E-01
4.160904E-08,1.0921307E-01
4.165904E-08,1.0979287E-01
4.170904E-08,1.1031996E-01
4.175904E-08,1.1079434E-01
4.180904E-08,1.1116330E-01
4.185904E-08,1.1147956E-01
4.190904E-08,1.1169039E-01
4.195904E-08,1.1179581E-01
4.200904E-08,1.1174310E-01
4.205904E-08,1.1158497E-01
4.210904E-08,1.1126872E-01
4.215904E-08,1.1084705E-01
4.220904E-08,1.1031996E-01
4.225904E-08,1.0963474E-01
4.230904E-08,1.0889681E-01
4.235904E-08,1.0805347E-01
4.240904E-08,1.0710471E-01
4.245904E-08,1.0615595E-01
4.250904E-08,1.0515447E-01
4.255904E-08,1.0420571E-01
4.260904E-08,1.0320424E-01
4.265904E-08,1.0230819E-01
4.270904E-08,1.0151755E-01
4.275904E-08,1.0077963E-01
4.280904E-08,1.0019983E-01
4.285904E-08,9.977816E-02
4.290904E-08,9.956732E-02
4.295904E-08,9.951461E-02
4.300904E-08,9.967274E-02
4.305904E-08,1.0004170E-01
4.310904E-08,1.0067421E-01
4.315904E-08,1.0146484E-01
4.320904E-08,1.0251902E-01
4.325904E-08,1.0373133E-01
4.330904E-08,1.0515447E-01
4.335904E-08,1.0668304E-01
4.340904E-08,1.0836972E-01
4.345904E-08,1.1010912E-01
4.350904E-08,1.1184852E-01
4.355904E-08,1.1364063E-01
4.360904E-08,1.1532731E-01
4.365904E-08,1.1690858E-01
4.370904E-08,1.1833173E-01
4.375904E-08,1.1949133E-01
4.380904E-08,1.2033467E-01
4.385904E-08,1.2086176E-01
4.390904E-08,1.2096718E-01
4.395904E-08,1.2059822E-01
4.400904E-08,1.1975487E-01
4.405904E-08,1.1833173E-01
4.410904E-08,1.1627608E-01
4.415904E-08,1.1364063E-01
4.420904E-08,1.1031996E-01
4.425904E-08,1.0631407E-01
4.430904E-08,1.0162297E-01
4.435904E-08,9.619394E-02
4.440904E-08,9.013241E-02
4.445904E-08,8.338565E-02
4.450904E-08,7.595368E-02
4.455904E-08,6.794191E-02
4.460904E-08,5.935034E-02
4.465904E-08,5.023168E-02
4.470904E-08,4.063864E-02
4.475904E-08,3.062393E-02
4.480904E-08,2.034567E-02
4.485904E-08,9.75116E-03
4.490904E-08,-1.05419E-03
4.495904E-08,-1.196495E-02
4.500904E-08,-2.287572E-02
4.505904E-08,-3.378649E-02
4.510904E-08,-4.448642E-02
4.515904E-08,-5.508093E-02
4.520904E-08,-6.530648E-02
4.525904E-08,-7.526848E-02
4.530904E-08,-8.475610E-02
4.535904E-08,-9.382205E-02
4.540904E-08,-1.0230820E-01
4.545904E-08,-1.1031997E-01
4.550904E-08,-1.1769924E-01
4.555904E-08,-1.2444599E-01
4.560904E-08,-1.3056024E-01
4.565904E-08,-1.3604197E-01
4.570904E-08,-1.4083849E-01
4.575904E-08,-1.4505521E-01
4.580904E-08,-1.4858672E-01
4.585904E-08,-1.5153842E-01
4.590904E-08,-1.5396304E-01
4.595904E-08,-1.5580785E-01
4.600904E-08,-1.5717829E-01
4.605904E-08,-1.5807434E-01
4.610904E-08,-1.5860143E-01
4.615904E-08,-1.5875956E-01
4.620904E-08,-1.5865414E-01
4.625904E-08,-1.5828518E-01
4.630904E-08,-1.5770538E-01
4.635904E-08,-1.5696745E-01
4.640904E-08,-1.5617682E-01
4.645904E-08,-1.5533347E-01
4.650904E-08,-1.5449013E-01
4.655904E-08,-1.5369949E-01
4.660904E-08,-1.5290886E-01
4.665904E-08,-1.5227635E-01
4.670904E-08,-1.5174926E-01
4.675904E-08,-1.5132759E-01
4.680904E-08,-1.5106404E-01
4.685904E-08,-1.5095862E-01
4.690904E-08,-1.5101133E-01
4.695904E-08,-1.5122217E-01
4.700904E-08,-1.5153842E-01
4.705904E-08,-1.5201280E-01
4.710904E-08,-1.5259260E-01
4.715904E-08,-1.5327782E-01
4.720904E-08,-1.5401575E-01
4.725904E-08,-1.5480638E-01
4.730904E-08,-1.5564973E-01
4.735904E-08,-1.5649307E-01
4.740904E-08,-1.5728371E-01
4.745904E-08,-1.5807434E-01
4.750904E-08,-1.5875956E-01
4.755904E-08,-1.5939207E-01
4.760904E-08,-1.5991916E-01
4.765904E-08,-1.6034083E-01
4.770904E-08,-1.6065708E-01
4.775904E-08,-1.6081521E-01
4.780904E-08,-1.6086792E-01
4.785904E-08,-1.6076250E-01
4.790904E-08,-1.6049896E-01
4.795904E-08,-1.6012999E-01
4.800904E-08,-1.5965561E-01
4.805904E-08,-1.5902310E-01
4.810904E-08,-1.5833789E-01
4.815904E-08,-1.5754725E-01
4.820904E-08,-1.5665120E-01
4.825904E-08,-1.5570244E-01
4.830904E-08,-1.5475367E-01
4.835904E-08,-1.5375220E-01
4.840904E-08,-1.5275073E-01
4.845904E-08,-1.5180197E-01
4.850904E-08,-1.5085321E-01
4.855904E-08,-1.4995715E-01
4.860904E-08,-1.4911381E-01
4.865904E-08,-1.4832317E-01
4.870904E-08,-1.4763796E-01
4.875904E-08,-1.4705816E-01
4.880904E-08,-1.4658378E-01
4.885904E-08,-1.4616210E-01
4.890904E-08,-1.4584585E-01
4.895904E-08,-1.4568772E-01
4.900904E-08,-1.4552960E-01
4.905904E-08,-1.4552960E-01
4.910904E-08,-1.4558230E-01
4.915904E-08,-1.4568772E-01
4.920904E-08,-1.4589856E-01
4.925904E-08,-1.4610939E-01
4.930904E-08,-1.4637294E-01
4.935904E-08,-1.4663649E-01
4.940904E-08,-1.4690003E-01
4.945904E-08,-1.4721628E-01
4.950904E-08,-1.4747983E-01
4.955904E-08,-1.4769067E-01
4.960904E-08,-1.4790150E-01
4.965904E-08,-1.4805963E-01
4.970904E-08,-1.4816505E-01
4.975904E-08,-1.4821776E-01
4.980904E-08,-1.4821776E-01
4.985904E-08,-1.4816505E-01
4.990904E-08,-1.4805963E-01
4.995904E-08,-1.4784879E-01
5.000904E-08,-1.4758525E-01
5.005904E-08,-1.4732170E-01
5.010904E-08,-1.4695274E-01
5.015904E-08,-1.4658378E-01
5.020904E-08,-1.4616210E-01
5.025904E-08,-1.4574043E-01
5.030904E-08,-1.4526605E-01
5.035904E-08,-1.4484438E-01
5.040904E-08,-1.4442271E-01
5.045904E-08,-1.4400103E-01
5.050904E-08,-1.4357936E-01
5.055904E-08,-1.4321040E-01
5.060904E-08,-1.4289415E-01
5.065904E-08,-1.4263060E-01
5.070904E-08,-1.4236705E-01
5.075904E-08,-1.4220893E-01
5.080904E-08,-1.4205080E-01
5.085904E-08,-1.4199809E-01
5.090904E-08,-1.4199809E-01
5.095904E-08,-1.4205080E-01
5.100904E-08,-1.4210351E-01
5.105904E-08,-1.4226164E-01
5.110904E-08,-1.4241976E-01
5.115904E-08,-1.4263060E-01
5.120904E-08,-1.4289415E-01
5.125904E-08,-1.4310498E-01
5.130904E-08,-1.4336853E-01
5.135904E-08,-1.4363207E-01
5.140904E-08,-1.4389562E-01
5.145904E-08,-1.4415916E-01
5.150904E-08,-1.4437000E-01
5.155904E-08,-1.4458083E-01
5.160904E-08,-1.4473896E-01
5.165904E-08,-1.4484438E-01
5.170904E-08,-1.4494980E-01
5.175904E-08,-1.4500251E-01
5.180904E-08,-1.4500251E-01
5.185904E-08,-1.4494980E-01
5.190904E-08,-1.4484438E-01
5.195904E-08,-1.4473896E-01
5.200904E-08,-1.4452812E-01
5.205904E-08,-1.4431729E-01
5.210904E-08,-1.4410645E-01
5.215904E-08,-1.4384291E-01
5.220904E-08,-1.4352665E-01
5.225904E-08,-1.4326311E-01
5.230904E-08,-1.4294685E-01
5.235904E-08,-1.4263060E-01
5.240904E-08,-1.4231435E-01
5.245904E-08,-1.4205080E-01
5.250904E-08,-1.4178726E-01
5.255904E-08,-1.4152371E-01
5.260904E-08,-1.4131287E-01
5.265904E-08,-1.4115475E-01
5.270904E-08,-1.4099662E-01
5.275904E-08,-1.4089120E-01
5.280904E-08,-1.4083849E-01
5.285904E-08,-1.4083849E-01
5.290904E-08,-1.4083849E-01
5.295904E-08,-1.4089120E-01
5.300904E-08,-1.4099662E-01
5.305904E-08,-1.4115475E-01
5.310904E-08,-1.4131287E-01
5.315904E-08,-1.4152371E-01
5.320904E-08,-1.4173455E-01
5.325904E-08,-1.4194538E-01
5.330904E-08,-1.4220893E-01
5.335904E-08,-1.4247247E-01
5.340904E-08,-1.4273602E-01
5.345904E-08,-1.4299956E-01
5.350904E-08,-1.4321040E-01
5.355904E-08,-1.4347394E-01
5.360904E-08,-1.4368478E-01
5.365904E-08,-1.4389562E-01
5.370904E-08,-1.4410645E-01
5.375904E-08,-1.4426458E-01
5.380904E-08,-1.4437000E-01
5.385904E-08,-1.4452812E-01
5.390904E-08,-1.4458083E-01
5.395904E-08,-1.4468625E-01
5.400904E-08,-1.4473896E-01
5.405904E-08,-1.4473896E-01
5.410904E-08,-1.4479167E-01
5.415904E-08,-1.4479167E-01
5.420904E-08,-1.4479167E-01
5.425904E-08,-1.4479167E-01
5.430904E-08,-1.4479167E-01
5.435904E-08,-1.4479167E-01
5.440904E-08,-1.4479167E-01
5.445904E-08,-1.4479167E-01
5.450904E-08,-1.4484438E-01
5.455904E-08,-1.4489709E-01
5.460904E-08,-1.4494980E-01
5.465904E-08,-1.4505521E-01
5.470904E-08,-1.4516063E-01
5.475904E-08,-1.4531876E-01
5.480904E-08,-1.4547689E-01
5.485904E-08,-1.4568772E-01
5.490904E-08,-1.4584585E-01
5.495904E-08,-1.4610939E-01
5.500904E-08,-1.4632023E-01
5.505904E-08,-1.4658378E-01
5.510904E-08,-1.4684732E-01
5.515904E-08,-1.4711087E-01
5.520904E-08,-1.4737441E-01
5.525904E-08,-1.4763796E-01
5.530904E-08,-1.4790150E-01
5.535904E-08,-1.4816505E-01
5.540904E-08,-1.4842859E-01
5.545904E-08,-1.4863943E-01
5.550904E-08,-1.4885026E-01
5.555904E-08,-1.4900839E-01
5.560904E-08,-1.4916652E-01
5.565904E-08,-1.4932464E-01
5.570904E-08,-1.4943006E-01
5.575904E-08,-1.4953548E-01
5.580904E-08,-1.4958819E-01
5.585904E-08,-1.4964090E-01
5.590904E-08,-1.4964090E-01
5.595904E-08,-1.4964090E-01
5.600904E-08,-1.4958819E-01
5.605904E-08,-1.4953548E-01
5.610904E-08,-1.4948277E-01
5.615904E-08,-1.4943006E-01
5.620904E-08,-1.4937735E-01
5.625904E-08,-1.4932464E-01
5.630904E-08,-1.4921923E-01
5.635904E-08,-1.4916652E-01
5.640904E-08,-1.4911381E-01
5.645904E-08,-1.4906110E-01
5.650904E-08,-1.4900839E-01
5.655904E-08,-1.4900839E-01
5.660904E-08,-1.4900839E-01
5.665904E-08,-1.4906110E-01
5.670904E-08,-1.4911381E-01
5.675904E-08,-1.4916652E-01
5.680904E-08,-1.4927194E-01
5.685904E-08,-1.4937735E-01
5.690904E-08,-1.4948277E-01
5.695904E-08,-1.4964090E-01
5.700904E-08,-1.4979903E-01
5.705904E-08,-1.4995715E-01
5.710904E-08,-1.5016799E-01
5.715904E-08,-1.5032612E-01
5.720904E-08,-1.5053695E-01
5.725904E-08,-1.5069508E-01
5.730904E-08,-1.5085321E-01
5.735904E-08,-1.5101133E-01
5.740904E-08,-1.5116946E-01
5.745904E-08,-1.5132759E-01
5.750904E-08,-1.5143301E-01
5.755904E-08,-1.5153842E-01
5.760904E-08,-1.5159113E-01
5.765904E-08,-1.5164384E-01
5.770904E-08,-1.5164384E-01
5.775904E-08,-1.5164384E-01
5.780904E-08,-1.5159113E-01
5.785904E-08,-1.5153842E-01
5.790904E-08,-1.5143301E-01
5.795904E-08,-1.5132759E-01
5.800904E-08,-1.5116946E-01
5.805904E-08,-1.5101133E-01
5.810904E-08,-1.5080050E-01
5.815904E-08,-1.5064237E-01
5.820904E-08,-1.5043153E-01
5.825904E-08,-1.5022070E-01
5.830904E-08,-1.5000986E-01
5.835904E-08,-1.4979903E-01
5.840904E-08,-1.4958819E-01
5.845904E-08,-1.4937735E-01
5.850904E-08,-1.4916652E-01
5.855904E-08,-1.4895568E-01
5.860904E-08,-1.4879755E-01
5.865904E-08,-1.4863943E-01
5.870904E-08,-1.4853401E-01
5.875904E-08,-1.4837588E-01
5.880904E-08,-1.4827046E-01
5.885904E-08,-1.4821776E-01
5.890904E-08,-1.4816505E-01
5.895904E-08,-1.4811234E-01
5.900904E-08,-1.4805963E-01
5.905904E-08,-1.4805963E-01
5.910904E-08,-1.4805963E-01
5.915904E-08,-1.4805963E-01
5.920904E-08,-1.4811234E-01
5.925904E-08,-1.4811234E-01
5.930904E-08,-1.4816505E-01
5.935904E-08,-1.4821776E-01
5.940904E-08,-1.4827046E-01
5.945904E-08,-1.4827046E-01
5.950904E-08,-1.4832317E-01
5.955904E-08,-1.4837588E-01
5.960904E-08,-1.4837588E-01
5.965904E-08,-1.4837588E-01
5.970904E-08,-1.4842859E-01
5.975904E-08,-1.4837588E-01
5.980904E-08,-1.4837588E-01
5.985904E-08,-1.4837588E-01
5.990904E-08,-1.4832317E-01
5.995904E-08,-1.4827046E-01
6.000904E-08,-1.4821776E-01
6.005904E-08,-1.4816505E-01
6.010904E-08,-1.4811234E-01
6.015904E-08,-1.4805963E-01
6.020904E-08,-1.4795421E-01
6.025904E-08,-1.4790150E-01
6.030904E-08,-1.4784879E-01
6.035904E-08,-1.4779608E-01
6.040904E-08,-1.4774337E-01
6.045904E-08,-1.4769067E-01
6.050904E-08,-1.4763796E-01
6.055904E-08,-1.4763796E-01
6.060904E-08,-1.4763796E-01
6.065904E-08,-1.4763796E-01
6.070904E-08,-1.4763796E-01
6.075904E-08,-1.4769067E-01
6.080904E-08,-1.4774337E-01
6.085904E-08,-1.4779608E-01
6.090904E-08,-1.4784879E-01
6.095904E-08,-1.4795421E-01
6.100904E-08,-1.4805963E-01
6.105904E-08,-1.4816505E-01
6.110904E-08,-1.4827046E-01
6.115904E-08,-1.4837588E-01
6.120904E-08,-1.4848130E-01
6.125904E-08,-1.4863943E-01
6.130904E-08,-1.4874485E-01
6.135904E-08,-1.4890297E-01
6.140904E-08,-1.4900839E-01
6.145904E-08,-1.4911381E-01
6.150904E-08,-1.4921923E-01
6.155904E-08,-1.4927194E-01
6.160904E-08,-1.4937735E-01
6.165904E-08,-1.4943006E-01
6.170904E-08,-1.4948277E-01
6.175904E-08,-1.4953548E-01
6.180904E-08,-1.4958819E-01
6.185904E-08,-1.4958819E-01
6.190904E-08,-1.4958819E-01
6.195904E-08,-1.4958819E-01
6.200904E-08,-1.4953548E-01
6.205904E-08,-1.4948277E-01
6.210904E-08,-1.4948277E-01
6.215904E-08,-1.4943006E-01
6.220904E-08,-1.4937735E-01
6.225904E-08,-1.4932464E-01
6.230904E-08,-1.4927194E-01
6.235904E-08,-1.4921923E-01
6.240904E-08,-1.4916652E-01
6.245904E-08,-1.4911381E-01
6.250904E-08,-1.4906110E-01
6.255904E-08,-1.4900839E-01
6.260904E-08,-1.4900839E-01
6.265904E-08,-1.4900839E-01
6.270904E-08,-1.4900839E-01
6.275904E-08,-1.4900839E-01
6.280904E-08,-1.4906110E-01
6.285904E-08,-1.4911381E-01
6.290904E-08,-1.4916652E-01
6.295904E-08,-1.4921923E-01
6.300904E-08,-1.4927194E-01
6.305904E-08,-1.4937735E-01
6.310904E-08,-1.4948277E-01
6.315904E-08,-1.4958819E-01
6.320904E-08,-1.4969361E-01
6.325904E-08,-1.4985173E-01
6.330904E-08,-1.4995715E-01
6.335904E-08,-1.5006257E-01
6.340904E-08,-1.5016799E-01
6.345904E-08,-1.5032612E-01
6.350904E-08,-1.5043153E-01
6.355904E-08,-1.5053695E-01
6.360904E-08,-1.5058966E-01
6.365904E-08,-1.5069508E-01
6.370904E-08,-1.5074779E-01
6.375904E-08,-1.5080050E-01
6.380904E-08,-1.5085321E-01
6.385904E-08,-1.5090592E-01
6.390904E-08,-1.5090592E-01
6.395904E-08,-1.5090592E-01
6.400904E-08,-1.5090592E-01
6.405904E-08,-1.5085321E-01
6.410904E-08,-1.5080050E-01
6.415904E-08,-1.5074779E-01
6.420904E-08,-1.5069508E-01
6.425904E-08,-1.5058966E-01
6.430904E-08,-1.5053695E-01
6.435904E-08,-1.5043153E-01
6.440904E-08,-1.5032612E-01
6.445904E-08,-1.5022070E-01
6.450904E-08,-1.5011528E-01
6.455904E-08,-1.5000986E-01
6.460904E-08,-1.4985173E-01
6.465904E-08,-1.4974632E-01
6.470904E-08,-1.4964090E-01
6.475904E-08,-1.4953548E-01
6.480904E-08,-1.4943006E-01
6.485904E-08,-1.4932464E-01
6.490904E-08,-1.4921923E-01
6.495904E-08,-1.4911381E-01
6.500904E-08,-1.4906110E-01
6.505904E-08,-1.4895568E-01
6.510904E-08,-1.4885026E-01
6.515904E-08,-1.4879755E-01
6.520904E-08,-1.4874485E-01
6.525904E-08,-1.4863943E-01
6.530904E-08,-1.4858672E-01
6.535904E-08,-1.4858672E-01
6.540904E-08,-1.4853401E-01
6.545904E-08,-1.4848130E-01
6.550904E-08,-1.4848130E-01
6.555904E-08,-1.4842859E-01
6.560904E-08,-1.4842859E-01
6.565904E-08,-1.4842859E-01
6.570904E-08,-1.4837588E-01
6.575904E-08,-1.4837588E-01
6.580904E-08,-1.4837588E-01
6.585904E-08,-1.4837588E-01
6.590904E-08,-1.4837588E-01
6.595904E-08,-1.4832317E-01
6.600904E-08,-1.4832317E-01
6.605904E-08,-1.4832317E-01
6.610904E-08,-1.4832317E-01
6.615904E-08,-1.4827046E-01
6.620904E-08,-1.4821776E-01
6.625904E-08,-1.4821776E-01
6.630904E-08,-1.4816505E-01
6.635904E-08,-1.4811234E-01
6.640904E-08,-1.4811234E-01
6.645904E-08,-1.4805963E-01
6.650904E-08,-1.4800692E-01
6.655904E-08,-1.4790150E-01
6.660904E-08,-1.4784879E-01
6.665904E-08,-1.4779608E-01
6.670904E-08,-1.4774337E-01
6.675904E-08,-1.4763796E-01
6.680904E-08,-1.4758525E-01
6.685904E-08,-1.4753254E-01
6.690904E-08,-1.4742712E-01
6.695904E-08,-1.4737441E-01
6.700904E-08,-1.4732170E-01
6.705904E-08,-1.4721628E-01
6.710904E-08,-1.4716358E-01
6.715904E-08,-1.4711087E-01
6.720904E-08,-1.4705816E-01
6.725904E-08,-1.4700545E-01
6.730904E-08,-1.4695274E-01
6.735904E-08,-1.4690003E-01
6.740904E-08,-1.4690003E-01
6.745904E-08,-1.4684732E-01
6.750904E-08,-1.4684732E-01
6.755904E-08,-1.4679461E-01
6.760904E-08,-1.4679461E-01
6.765904E-08,-1.4679461E-01
6.770904E-08,-1.4679461E-01
6.775904E-08,-1.4679461E-01
6.780904E-08,-1.4679461E-01
6.785904E-08,-1.4684732E-01
6.790904E-08,-1.4684732E-01
6.795904E-08,-1.4690003E-01
6.800904E-08,-1.4690003E-01
6.805904E-08,-1.4695274E-01
6.810904E-08,-1.4700545E-01
6.815904E-08,-1.4700545E-01
6.820904E-08,-1.4705816E-01
6.825904E-08,-1.4711087E-01
6.830904E-08,-1.4711087E-01
6.835904E-08,-1.4716358E-01
6.840904E-08,-1.4721628E-01
6.845904E-08,-1.4726899E-01
6.850904E-08,-1.4726899E-01
6.855904E-08,-1.4732170E-01
6.860904E-08,-1.4737441E-01
6.865904E-08,-1.4737441E-01
6.870904E-08,-1.4742712E-01
6.875904E-08,-1.4742712E-01
6.880904E-08,-1.4747983E-01
6.885904E-08,-1.4747983E-01
6.890904E-08,-1.4753254E-01
6.895904E-08,-1.4753254E-01
6.900904E-08,-1.4753254E-01
6.905904E-08,-1.4758525E-01
6.910904E-08,-1.4758525E-01
6.915904E-08,-1.4758525E-01
6.920904E-08,-1.4763796E-01
6.925904E-08,-1.4763796E-01
6.930904E-08,-1.4769067E-01
6.935904E-08,-1.4769067E-01
6.940904E-08,-1.4774337E-01
6.945904E-08,-1.4774337E-01
6.950904E-08,-1.4779608E-01
6.955904E-08,-1.4779608E-01
6.960904E-08,-1.4784879E-01
6.965904E-08,-1.4790150E-01
6.970904E-08,-1.4795421E-01
6.975904E-08,-1.4800692E-01
6.980904E-08,-1.4805963E-01
6.985904E-08,-1.4811234E-01
6.990904E-08,-1.4816505E-01
6.995904E-08,-1.4821776E-01
7.000904E-08,-1.4832317E-01
7.005904E-08,-1.4837588E-01
7.010904E-08,-1.4848130E-01
7.015904E-08,-1.4853401E-01
7.020904E-08,-1.4863943E-01
7.025904E-08,-1.4874485E-01
7.030904E-08,-1.4885026E-01
7.035904E-08,-1.4895568E-01
7.040904E-08,-1.4900839E-01
7.045904E-08,-1.4911381E-01
7.050904E-08,-1.4921923E-01
7.055904E-08,-1.4932464E-01
7.060904E-08,-1.4943006E-01
7.065904E-08,-1.4953548E-01
7.070904E-08,-1.4964090E-01
7.075904E-08,-1.4974632E-01
7.080904E-08,-1.4985173E-01
7.085904E-08,-1.4995715E-01
7.090904E-08,-1.5006257E-01
7.095904E-08,-1.5011528E-01
7.100904E-08,-1.5022070E-01
7.105904E-08,-1.5032612E-01
7.110904E-08,-1.5037883E-01
7.115904E-08,-1.5048424E-01
7.120904E-08,-1.5053695E-01
7.125904E-08,-1.5058966E-01
7.130904E-08,-1.5064237E-01
7.135904E-08,-1.5069508E-01
7.140904E-08,-1.5074779E-01
7.145904E-08,-1.5080050E-01
7.150904E-08,-1.5080050E-01
7.155904E-08,-1.5085321E-01
7.160904E-08,-1.5085321E-01
7.165904E-08,-1.5090592E-01
7.170904E-08,-1.5090592E-01
7.175904E-08,-1.5090592E-01
7.180904E-08,-1.5090592E-01
7.185904E-08,-1.5090592E-01
7.190904E-08,-1.5090592E-01
7.195904E-08,-1.5090592E-01
7.200904E-08,-1.5090592E-01
7.205904E-08,-1.5090592E-01
7.210904E-08,-1.5085321E-01
7.215904E-08,-1.5085321E-01
7.220904E-08,-1.5085321E-01
7.225904E-08,-1.5085321E-01
7.230904E-08,-1.5080050E-01
7.235904E-08,-1.5080050E-01
7.240904E-08,-1.5080050E-01
7.245904E-08,-1.5074779E-01
7.250904E-08,-1.5074779E-01
7.255904E-08,-1.5074779E-01
7.260904E-08,-1.5074779E-01
7.265904E-08,-1.5074779E-01
7.270904E-08,-1.5069508E-01
7.275904E-08,-1.5069508E-01
7.280904E-08,-1.5069508E-01
7.285904E-08,-1.5069508E-01
7.290904E-08,-1.5069508E-01
7.295904E-08,-1.5069508E-01
7.300904E-08,-1.5069508E-01
7.305904E-08,-1.5069508E-01
7.310904E-08,-1.5074779E-01
7.315904E-08,-1.5074779E-01
7.320904E-08,-1.5074779E-01
7.325904E-08,-1.5074779E-01
7.330904E-08,-1.5074779E-01
7.335904E-08,-1.5074779E-01
7.340904E-08,-1.5074779E-01
7.345904E-08,-1.5074779E-01
7.350904E-08,-1.5074779E-01
7.355904E-08,-1.5074779E-01
7.360904E-08,-1.5074779E-01
7.365904E-08,-1.5074779E-01
7.370904E-08,-1.5074779E-01
7.375904E-08,-1.5074779E-01
7.380904E-08,-1.5074779E-01
7.385904E-08,-1.5069508E-01
7.390904E-08,-1.5069508E-01
7.395904E-08,-1.5064237E-01
7.400904E-08,-1.5064237E-01
7.405904E-08,-1.5058966E-01
7.410904E-08,-1.5058966E-01
7.415904E-08,-1.5053695E-01
7.420904E-08,-1.5048424E-01
7.425904E-08,-1.5043153E-01
7.430904E-08,-1.5043153E-01
7.435904E-08,-1.5037883E-01
7.440904E-08,-1.5032612E-01
7.445904E-08,-1.5027341E-01
7.450904E-08,-1.5022070E-01
7.455904E-08,-1.5016799E-01
7.460904E-08,-1.5011528E-01
7.465904E-08,-1.5006257E-01
7.470904E-08,-1.5000986E-01
7.475904E-08,-1.4995715E-01
7.480904E-08,-1.4990444E-01
7.485904E-08,-1.4985173E-01
7.490904E-08,-1.4985173E-01
7.495904E-08,-1.4979903E-01
7.500904E-08,-1.4974632E-01
7.505904E-08,-1.4969361E-01
7.510904E-08,-1.4969361E-01
7.515904E-08,-1.4964090E-01
7.520904E-08,-1.4964090E-01
7.525904E-08,-1.4958819E-01
7.530904E-08,-1.4958819E-01
7.535904E-08,-1.4958819E-01
7.540904E-08,-1.4958819E-01
7.545904E-08,-1.4953548E-01
7.550904E-08,-1.4953548E-01
7.555904E-08,-1.4953548E-01
7.560904E-08,-1.4953548E-01
7.565904E-08,-1.4953548E-01
7.570904E-08,-1.4953548E-01
7.575904E-08,-1.4953548E-01
7.580904E-08,-1.4953548E-01
7.585904E-08,-1.4953548E-01
7.590904E-08,-1.4948277E-01
7.595904E-08,-1.4948277E-01
7.600904E-08,-1.4948277E-01
7.605904E-08,-1.4948277E-01
7.610904E-08,-1.4948277E-01
7.615904E-08,-1.4943006E-01
7.620904E-08,-1.4943006E-01
7.625904E-08,-1.4943006E-01
7.630904E-08,-1.4943006E-01
7.635904E-08,-1.4937735E-01
7.640904E-08,-1.4937735E-01
7.645904E-08,-1.4932464E-01
7.650904E-08,-1.4932464E-01
7.655904E-08,-1.4927194E-01
7.660904E-08,-1.4927194E-01
7.665904E-08,-1.4921923E-01
7.670904E-08,-1.4916652E-01
7.675904E-08,-1.4916652E-01
7.680904E-08,-1.4911381E-01
7.685904E-08,-1.4906110E-01
7.690904E-08,-1.4906110E-01
7.695904E-08,-1.4900839E-01
7.700904E-08,-1.4895568E-01
7.705904E-08,-1.4895568E-01
7.710904E-08,-1.4890297E-01
7.715904E-08,-1.4885026E-01
7.720904E-08,-1.4885026E-01
7.725904E-08,-1.4885026E-01
7.730904E-08,-1.4879755E-01
7.735904E-08,-1.4879755E-01
7.740904E-08,-1.4879755E-01
7.745904E-08,-1.4879755E-01
7.750904E-08,-1.4879755E-01
7.755904E-08,-1.4879755E-01
7.760904E-08,-1.4879755E-01
7.765904E-08,-1.4879755E-01
7.770904E-08,-1.4879755E-01
7.775904E-08,-1.4885026E-01
7.780904E-08,-1.4885026E-01
7.785904E-08,-1.4885026E-01
7.790904E-08,-1.4890297E-01
7.795904E-08,-1.4895568E-01
7.800904E-08,-1.4900839E-01
7.805904E-08,-1.4900839E-01
7.810904E-08,-1.4906110E-01
7.815904E-08,-1.4911381E-01
7.820904E-08,-1.4916652E-01
7.825904E-08,-1.4916652E-01
7.830904E-08,-1.4921923E-01
7.835904E-08,-1.4927194E-01
7.840904E-08,-1.4932464E-01
7.845904E-08,-1.4937735E-01
7.850904E-08,-1.4943006E-01
7.855904E-08,-1.4948277E-01
7.860904E-08,-1.4948277E-01
7.865904E-08,-1.4953548E-01
7.870904E-08,-1.4958819E-01
7.875904E-08,-1.4958819E-01
7.880904E-08,-1.4964090E-01
7.885904E-08,-1.4969361E-01
7.890904E-08,-1.4969361E-01
7.895904E-08,-1.4969361E-01
7.900904E-08,-1.4974632E-01
7.905904E-08,-1.4974632E-01
7.910904E-08,-1.4979903E-01
7.915904E-08,-1.4979903E-01
7.920904E-08,-1.4979903E-01
7.925904E-08,-1.4979903E-01
7.930904E-08,-1.4979903E-01
7.935904E-08,-1.4979903E-01
7.940904E-08,-1.4979903E-01
7.945904E-08,-1.4979903E-01
7.950904E-08,-1.4974632E-01
7.955904E-08,-1.4974632E-01
7.960904E-08,-1.4974632E-01
7.965904E-08,-1.4974632E-01
7.970904E-08,-1.4974632E-01
7.975904E-08,-1.4969361E-01
7.980904E-08,-1.4969361E-01
7.985904E-08,-1.4969361E-01
7.990904E-08,-1.4969361E-01
7.995904E-08,-1.4969361E-01
8.000904E-08,-1.4969361E-01
8.005904E-08,-1.4969361E-01
8.010904E-08,-1.4969361E-01
8.015904E-08,-1.4964090E-01
8.020904E-08,-1.4969361E-01
8.025904E-08,-1.4969361E-01
8.030904E-08,-1.4969361E-01
8.035904E-08,-1.4969361E-01
8.040904E-08,-1.4969361E-01
8.045904E-08,-1.4969361E-01
8.050904E-08,-1.4974632E-01
8.055904E-08,-1.4974632E-01
8.060904E-08,-1.4974632E-01
8.065904E-08,-1.4974632E-01
8.070904E-08,-1.4979903E-01
8.075904E-08,-1.4979903E-01
8.080904E-08,-1.4979903E-01
8.085904E-08,-1.4979903E-01
8.090904E-08,-1.4985173E-01
8.095904E-08,-1.4985173E-01
8.100904E-08,-1.4985173E-01
8.105904E-08,-1.4985173E-01
8.110904E-08,-1.4985173E-01
8.115904E-08,-1.4985173E-01
8.120904E-08,-1.4985173E-01
8.125904E-08,-1.4985173E-01
8.130904E-08,-1.4985173E-01
8.135904E-08,-1.4979903E-01
8.140904E-08,-1.4979903E-01
8.145904E-08,-1.4974632E-01
8.150904E-08,-1.4974632E-01
8.155904E-08,-1.4969361E-01
8.160904E-08,-1.4969361E-01
8.165904E-08,-1.4964090E-01
8.170904E-08,-1.4964090E-01
8.175904E-08,-1.4958819E-01
8.180904E-08,-1.4958819E-01
8.185904E-08,-1.4953548E-01
8.190904E-08,-1.4953548E-01
8.195904E-08,-1.4948277E-01
8.200904E-08,-1.4948277E-01
8.205904E-08,-1.4943006E-01
8.210904E-08,-1.4943006E-01
8.215904E-08,-1.4937735E-01
8.220904E-08,-1.4937735E-01
8.225904E-08,-1.4937735E-01
8.230904E-08,-1.4937735E-01
8.235904E-08,-1.4937735E-01
8.240904E-08,-1.4937735E-01
8.245904E-08,-1.4937735E-01
8.250904E-08,-1.4943006E-01
8.255904E-08,-1.4943006E-01
8.260904E-08,-1.4943006E-01
8.265904E-08,-1.4948277E-01
8.270904E-08,-1.4953548E-01
8.275904E-08,-1.4953548E-01
8.280904E-08,-1.4958819E-01
8.285904E-08,-1.4964090E-01
8.290904E-08,-1.4969361E-01
8.295904E-08,-1.4974632E-01
8.300904E-08,-1.4979903E-01
8.305904E-08,-1.4985173E-01
8.310904E-08,-1.4990444E-01
8.315904E-08,-1.4995715E-01
8.320904E-08,-1.5000986E-01
8.325904E-08,-1.5006257E-01
8.330904E-08,-1.5011528E-01
8.335904E-08,-1.5016799E-01
8.340904E-08,-1.5022070E-01
8.345904E-08,-1.5027341E-01
8.350904E-08,-1.5027341E-01
8.355904E-08,-1.5032612E-01
8.360904E-08,-1.5032612E-01
8.365904E-08,-1.5032612E-01
8.370904E-08,-1.5037883E-01
8.375904E-08,-1.5037883E-01
8.380904E-08,-1.5037883E-01
8.385904E-08,-1.5037883E-01
8.390904E-08,-1.5037883E-01
8.395904E-08,-1.5032612E-01
8.400904E-08,-1.5032612E-01
8.405904E-08,-1.5032612E-01
8.410904E-08,-1.5027341E-01
8.415904E-08,-1.5027341E-01
8.420904E-08,-1.5022070E-01
8.425904E-08,-1.5022070E-01
8.430904E-08,-1.5016799E-01
8.435904E-08,-1.5016799E-01
8.440904E-08,-1.5011528E-01
8.445904E-08,-1.5011528E-01
8.450904E-08,-1.5006257E-01
8.455904E-08,-1.5006257E-01
8.460904E-08,-1.5000986E-01
8.465904E-08,-1.5000986E-01
8.470904E-08,-1.5000986E-01
8.475904E-08,-1.5000986E-01
8.480904E-08,-1.5000986E-01
8.485904E-08,-1.5000986E-01
8.490904E-08,-1.5000986E-01
8.495904E-08,-1.5000986E-01
8.500904E-08,-1.5006257E-01
8.505904E-08,-1.5006257E-01
8.510904E-08,-1.5006257E-01
8.515904E-08,-1.5011528E-01
8.520904E-08,-1.5011528E-01
8.525904E-08,-1.5016799E-01
8.530904E-08,-1.5016799E-01
8.535904E-08,-1.5022070E-01
8.540904E-08,-1.5022070E-01
8.545904E-08,-1.5027341E-01
8.550904E-08,-1.5027341E-01
8.555904E-08,-1.5032612E-01
8.560904E-08,-1.5032612E-01
8.565904E-08,-1.5037883E-01
8.570904E-08,-1.5037883E-01
8.575904E-08,-1.5043153E-01
8.580904E-08,-1.5043153E-01
8.585904E-08,-1.5043153E-01
8.590904E-08,-1.5043153E-01
8.595904E-08,-1.5043153E-01
8.600904E-08,-1.5043153E-01
8.605904E-08,-1.5043153E-01
8.610904E-08,-1.5043153E-01
8.615904E-08,-1.5043153E-01
8.620904E-08,-1.5037883E-01
8.625904E-08,-1.5037883E-01
8.630904E-08,-1.5037883E-01
8.635904E-08,-1.5032612E-01
8.640904E-08,-1.5032612E-01
8.645904E-08,-1.5027341E-01
8.650904E-08,-1.5027341E-01
8.655904E-08,-1.5022070E-01
8.660904E-08,-1.5022070E-01
8.665904E-08,-1.5016799E-01
8.670904E-08,-1.5016799E-01
8.675904E-08,-1.5011528E-01
8.680904E-08,-1.5006257E-01
8.685904E-08,-1.5006257E-01
8.690904E-08,-1.5000986E-01
8.695904E-08,-1.4995715E-01
8.700904E-08,-1.4990444E-01
8.705904E-08,-1.4990444E-01
8.710904E-08,-1.4985173E-01
8.715904E-08,-1.4979903E-01
8.720904E-08,-1.4979903E-01
8.725904E-08,-1.4974632E-01
8.730904E-08,-1.4969361E-01
8.735904E-08,-1.4964090E-01
8.740904E-08,-1.4964090E-01
8.745904E-08,-1.4958819E-01
8.750904E-08,-1.4953548E-01
8.755904E-08,-1.4948277E-01
8.760904E-08,-1.4943006E-01
8.765904E-08,-1.4937735E-01
8.770904E-08,-1.4932464E-01
8.775904E-08,-1.4927194E-01
8.780904E-08,-1.4921923E-01
8.785904E-08,-1.4921923E-01
8.790904E-08,-1.4916652E-01
8.795904E-08,-1.4911381E-01
8.800904E-08,-1.4906110E-01
8.805904E-08,-1.4900839E-01
8.810904E-08,-1.4900839E-01
8.815904E-08,-1.4895568E-01
8.820904E-08,-1.4895568E-01
8.825904E-08,-1.4890297E-01
8.830904E-08,-1.4890297E-01
8.835904E-08,-1.4890297E-01
8.840904E-08,-1.4885026E-01
8.845904E-08,-1.4885026E-01
8.850904E-08,-1.4890297E-01
8.855904E-08,-1.4890297E-01
8.860904E-08,-1.4890297E-01
8.865904E-08,-1.4895568E-01
8.870904E-08,-1.4895568E-01
8.875904E-08,-1.4900839E-01
8.880904E-08,-1.4906110E-01
8.885904E-08,-1.4911381E-01
8.890904E-08,-1.4916652E-01
8.895904E-08,-1.4921923E-01
8.900904E-08,-1.4932464E-01
8.905904E-08,-1.4937735E-01
8.910904E-08,-1.4943006E-01
8.915904E-08,-1.4953548E-01
8.920904E-08,-1.4958819E-01
8.925904E-08,-1.4964090E-01
8.930904E-08,-1.4974632E-01
8.935904E-08,-1.4979903E-01
8.940904E-08,-1.4985173E-01
8.945904E-08,-1.4990444E-01
8.950904E-08,-1.4995715E-01
8.955904E-08,-1.5000986E-01
8.960904E-08,-1.5006257E-01
8.965904E-08,-1.5011528E-01
8.970904E-08,-1.5016799E-01
8.975904E-08,-1.5016799E-01
8.980904E-08,-1.5016799E-01
8.985904E-08,-1.5022070E-01
8.990904E-08,-1.5022070E-01
8.995904E-08,-1.5022070E-01
9.000904E-08,-1.5022070E-01
9.005904E-08,-1.5016799E-01
9.010904E-08,-1.5016799E-01
9.015904E-08,-1.5016799E-01
9.020904E-08,-1.5016799E-01
9.025904E-08,-1.5011528E-01
9.030904E-08,-1.5011528E-01
9.035904E-08,-1.5006257E-01
9.040904E-08,-1.5006257E-01
9.045904E-08,-1.5000986E-01
9.050904E-08,-1.5000986E-01
9.055904E-08,-1.5000986E-01
9.060904E-08,-1.4995715E-01
9.065904E-08,-1.4995715E-01
9.070904E-08,-1.4995715E-01
9.075904E-08,-1.4995715E-01
9.080904E-08,-1.4995715E-01
9.085904E-08,-1.4995715E-01
9.090904E-08,-1.4995715E-01
9.095904E-08,-1.4995715E-01
9.100904E-08,-1.5000986E-01
9.105904E-08,-1.5000986E-01
9.110904E-08,-1.5006257E-01
9.115904E-08,-1.5006257E-01
9.120904E-08,-1.5011528E-01
9.125904E-08,-1.5016799E-01
9.130904E-08,-1.5016799E-01
9.135904E-08,-1.5022070E-01
9.140904E-08,-1.5022070E-01
9.145904E-08,-1.5027341E-01
9.150904E-08,-1.5032612E-01
9.155904E-08,-1.5032612E-01
9.160904E-08,-1.5032612E-01
9.165904E-08,-1.5037883E-01
9.170904E-08,-1.5037883E-01
9.175904E-08,-1.5037883E-01
9.180904E-08,-1.5037883E-01
9.185904E-08,-1.5037883E-01
9.190904E-08,-1.5037883E-01
9.195904E-08,-1.5037883E-01
9.200904E-08,-1.5037883E-01
9.205904E-08,-1.5037883E-01
9.210904E-08,-1.5032612E-01
9.215904E-08,-1.5032612E-01
9.220904E-08,-1.5032612E-01
9.225904E-08,-1.5027341E-01
9.230904E-08,-1.5027341E-01
9.235904E-08,-1.5022070E-01
9.240904E-08,-1.5022070E-01
9.245904E-08,-1.5016799E-01
9.250904E-08,-1.5016799E-01
9.255904E-08,-1.5016799E-01
9.260904E-08,-1.5011528E-01
9.265904E-08,-1.5011528E-01
9.270904E-08,-1.5011528E-01
9.275904E-08,-1.5011528E-01
9.280904E-08,-1.5011528E-01
9.285904E-08,-1.5011528E-01
9.290904E-08,-1.5011528E-01
9.295904E-08,-1.5011528E-01
9.300904E-08,-1.5011528E-01
9.305904E-08,-1.5016799E-01
9.310904E-08,-1.5016799E-01
9.315904E-08,-1.5022070E-01
9.320904E-08,-1.5022070E-01
9.325904E-08,-1.5022070E-01
9.330904E-08,-1.5027341E-01
9.335904E-08,-1.5027341E-01
9.340904E-08,-1.5032612E-01
9.345904E-08,-1.5032612E-01
9.350904E-08,-1.5032612E-01
9.355904E-08,-1.5037883E-01
9.360904E-08,-1.5037883E-01
9.365904E-08,-1.5037883E-01
9.370904E-08,-1.5037883E-01
9.375904E-08,-1.5037883E-01
9.380904E-08,-1.5037883E-01
9.385904E-08,-1.5032612E-01
9.390904E-08,-1.5032612E-01
9.395904E-08,-1.5032612E-01
9.400904E-08,-1.5027341E-01
9.405904E-08,-1.5022070E-01
9.410904E-08,-1.5016799E-01
9.415904E-08,-1.5011528E-01
9.420904E-08,-1.5011528E-01
9.425904E-08,-1.5006257E-01
9.430904E-08,-1.5000986E-01
9.435904E-08,-1.4995715E-01
9.440904E-08,-1.4990444E-01
9.445904E-08,-1.4985173E-01
9.450904E-08,-1.4979903E-01
9.455904E-08,-1.4974632E-01
9.460904E-08,-1.4969361E-01
9.465904E-08,-1.4964090E-01
9.470904E-08,-1.4958819E-01
9.475904E-08,-1.4958819E-01
9.480904E-08,-1.4953548E-01
9.485904E-08,-1.4953548E-01
9.490904E-08,-1.4948277E-01
9.495904E-08,-1.4948277E-01
9.500904E-08,-1.4948277E-01
9.505904E-08,-1.4948277E-01
9.510904E-08,-1.4953548E-01
9.515904E-08,-1.4953548E-01
9.520904E-08,-1.4953548E-01
9.525904E-08,-1.4958819E-01
9.530904E-08,-1.4958819E-01
9.535904E-08,-1.4964090E-01
9.540904E-08,-1.4969361E-01
9.545904E-08,-1.4969361E-01
9.550904E-08,-1.4974632E-01
9.555904E-08,-1.4979903E-01
9.560904E-08,-1.4985173E-01
9.565904E-08,-1.4985173E-01
9.570904E-08,-1.4990444E-01
9.575904E-08,-1.4995715E-01
9.580904E-08,-1.5000986E-01
9.585904E-08,-1.5000986E-01
9.590904E-08,-1.5006257E-01
9.595904E-08,-1.5006257E-01
9.600904E-08,-1.5011528E-01
9.605904E-08,-1.5011528E-01
9.610904E-08,-1.5011528E-01
9.615904E-08,-1.5011528E-01
9.620904E-08,-1.5016799E-01
9.625904E-08,-1.5016799E-01
9.630904E-08,-1.5011528E-01
9.635904E-08,-1.5011528E-01
9.640904E-08,-1.5011528E-01
9.645904E-08,-1.5011528E-01
9.650904E-08,-1.5011528E-01
9.655904E-08,-1.5011528E-01
9.660904E-08,-1.5011528E-01
9.665904E-08,-1.5006257E-01
9.670904E-08,-1.5006257E-01
9.675904E-08,-1.5006257E-01
9.680904E-08,-1.5006257E-01
9.685904E-08,-1.5006257E-01
9.690904E-08,-1.5000986E-01
9.695904E-08,-1.5000986E-01
9.700904E-08,-1.5000986E-01
9.705904E-08,-1.5000986E-01
9.710904E-08,-1.5000986E-01
9.715904E-08,-1.5000986E-01
9.720904E-08,-1.5000986E-01
9.725904E-08,-1.5006257E-01
9.730904E-08,-1.5006257E-01
9.735904E-08,-1.5006257E-01
9.740904E-08,-1.5006257E-01
9.745904E-08,-1.5011528E-01
9.750904E-08,-1.5011528E-01
9.755904E-08,-1.5011528E-01
9.760904E-08,-1.5016799E-01
9.765904E-08,-1.5016799E-01
9.770904E-08,-1.5016799E-01
9.775904E-08,-1.5022070E-01
9.780904E-08,-1.5022070E-01
9.785904E-08,-1.5027341E-01
9.790904E-08,-1.5027341E-01
9.795904E-08,-1.5027341E-01
9.800904E-08,-1.5032612E-01
9.805904E-08,-1.5032612E-01
9.810904E-08,-1.5032612E-01
9.815904E-08,-1.5032612E-01
9.820904E-08,-1.5037883E-01
9.825904E-08,-1.5037883E-01
9.830904E-08,-1.5037883E-01
9.835904E-08,-1.5037883E-01
9.840904E-08,-1.5037883E-01
9.845904E-08,-1.5037883E-01
9.850904E-08,-1.5037883E-01
9.855904E-08,-1.5037883E-01
9.860904E-08,-1.5037883E-01
9.865904E-08,-1.5037883E-01
9.870904E-08,-1.5037883E-01
9.875904E-08,-1.5037883E-01
9.880904E-08,-1.5037883E-01
9.885904E-08,-1.5037883E-01
9.890904E-08,-1.5032612E-01
9.895904E-08,-1.5032612E-01
9.900904E-08,-1.5032612E-01
9.905904E-08,-1.5032612E-01
9.910904E-08,-1.5027341E-01
9.915904E-08,-1.5027341E-01
9.920904E-08,-1.5027341E-01
9.925904E-08,-1.5027341E-01
9.930904E-08,-1.5022070E-01
9.935904E-08,-1.5022070E-01
9.940904E-08,-1.5016799E-01
9.945904E-08,-1.5016799E-01
9.950904E-08,-1.5016799E-01
9.955904E-08,-1.5011528E-01
9.960904E-08,-1.5011528E-01
9.965904E-08,-1.5011528E-01
9.970904E-08,-1.5006257E-01
9.975904E-08,-1.5006257E-01
9.980904E-08,-1.5006257E-01
9.985904E-08,-1.5000986E-01
9.990904E-08,-1.5000986E-01
9.995904E-08,-1.5000986E-01
1.0000904E-07,-1.5000986E-01
1.0005904E-07,-1.5000986E-01
1.0010904E-07,-1.4995715E-01
1.0015904E-07,-1.4995715E-01
1.0020904E-07,-1.4995715E-01
1.0025904E-07,-1.5000986E-01
1.0030904E-07,-1.5000986E-01
1.0035904E-07,-1.5000986E-01
1.0040904E-07,-1.5000986E-01
1.0045904E-07,-1.5006257E-01
1.0050904E-07,-1.5006257E-01
1.0055904E-07,-1.5011528E-01
1.0060904E-07,-1.5011528E-01
1.0065904E-07,-1.5016799E-01
1.0070904E-07,-1.5016799E-01
1.0075904E-07,-1.5022070E-01
1.0080904E-07,-1.5027341E-01
1.0085904E-07,-1.5032612E-01
1.0090904E-07,-1.5032612E-01
1.0095904E-07,-1.5037883E-01
1.0100904E-07,-1.5043153E-01
1.0105904E-07,-1.5048424E-01
1.0110904E-07,-1.5048424E-01
1.0115904E-07,-1.5053695E-01
1.0120904E-07,-1.5053695E-01
1.0125904E-07,-1.5058966E-01
1.0130904E-07,-1.5058966E-01
1.0135904E-07,-1.5064237E-01
1.0140904E-07,-1.5064237E-01
1.0145904E-07,-1.5064237E-01
1.0150904E-07,-1.5064237E-01
1.0155904E-07,-1.5064237E-01
1.0160904E-07,-1.5064237E-01
1.0165904E-07,-1.5058966E-01
1.0170904E-07,-1.5058966E-01
1.0175904E-07,-1.5053695E-01
1.0180904E-07,-1.5053695E-01
1.0185904E-07,-1.5048424E-01
1.0190904E-07,-1.5048424E-01
1.0195904E-07,-1.5043153E-01
1.0200904E-07,-1.5037883E-01
1.0205904E-07,-1.5032612E-01
1.0210904E-07,-1.5027341E-01
1.0215904E-07,-1.5022070E-01
1.0220904E-07,-1.5016799E-01
1.0225904E-07,-1.5011528E-01
1.0230904E-07,-1.5011528E-01
1.0235904E-07,-1.5006257E-01
1.0240904E-07,-1.5000986E-01
1.0245904E-07,-1.4995715E-01
1.0250904E-07,-1.4995715E-01
1.0255904E-07,-1.4990444E-01
1.0260904E-07,-1.4990444E-01
1.0265904E-07,-1.4985173E-01
1.0270904E-07,-1.4985173E-01
1.0275904E-07,-1.4985173E-01
1.0280904E-07,-1.4985173E-01
1.0285904E-07,-1.4985173E-01
1.0290904E-07,-1.4985173E-01
1.0295904E-07,-1.4985173E-01
1.0300904E-07,-1.4990444E-01
1.0305904E-07,-1.4990444E-01
1.0310904E-07,-1.4990444E-01
1.0315904E-07,-1.4995715E-01
1.0320904E-07,-1.4995715E-01
1.0325904E-07,-1.5000986E-01
1.0330904E-07,-1.5000986E-01
1.0335904E-07,-1.5000986E-01
1.0340904E-07,-1.5006257E-01
1.0345904E-07,-1.5006257E-01
1.0350904E-07,-1.5006257E-01
1.0355904E-07,-1.5006257E-01
1.0360904E-07,-1.5006257E-01
1.0365904E-07,-1.5006257E-01
1.0370904E-07,-1.5006257E-01
1.0375904E-07,-1.5000986E-01
1.0380904E-07,-1.5000986E-01
1.0385904E-07,-1.4995715E-01
1.0390904E-07,-1.4995715E-01
1.0395904E-07,-1.4990444E-01
1.0400904E-07,-1.4985173E-01
1.0405904E-07,-1.4979903E-01
1.0410904E-07,-1.4974632E-01
1.0415904E-07,-1.4969361E-01
1.0420904E-07,-1.4958819E-01
1.0425904E-07,-1.4953548E-01
1.0430904E-07,-1.4948277E-01
1.0435904E-07,-1.4943006E-01
1.0440904E-07,-1.4932464E-01
1.0445904E-07,-1.4927194E-01
1.0450904E-07,-1.4921923E-01
1.0455904E-07,-1.4916652E-01
1.0460904E-07,-1.4911381E-01
1.0465904E-07,-1.4906110E-01
1.0470904E-07,-1.4900839E-01
1.0475904E-07,-1.4900839E-01
1.0480904E-07,-1.4895568E-01
1.0485904E-07,-1.4895568E-01
1.0490904E-07,-1.4895568E-01
1.0495904E-07,-1.4895568E-01
1.0500904E-07,-1.4895568E-01
1.0505904E-07,-1.4895568E-01
1.0510904E-07,-1.4900839E-01
1.0515904E-07,-1.4906110E-01
1.0520904E-07,-1.4906110E-01
1.0525904E-07,-1.4916652E-01
1.0530904E-07,-1.4921923E-01
1.0535904E-07,-1.4927194E-01
1.0540904E-07,-1.4932464E-01
1.0545904E-07,-1.4943006E-01
1.0550904E-07,-1.4948277E-01
1.0555904E-07,-1.4953548E-01
1.0560904E-07,-1.4964090E-01
1.0565904E-07,-1.4969361E-01
1.0570904E-07,-1.4979903E-01
1.0575904E-07,-1.4985173E-01
1.0580904E-07,-1.4995715E-01
1.0585904E-07,-1.5000986E-01
1.0590904E-07,-1.5006257E-01
1.0595904E-07,-1.5011528E-01
1.0600904E-07,-1.5016799E-01
1.0605904E-07,-1.5022070E-01
1.0610904E-07,-1.5027341E-01
1.0615904E-07,-1.5032612E-01
1.0620904E-07,-1.5032612E-01
1.0625904E-07,-1.5032612E-01
1.0630904E-07,-1.5037883E-01
1.0635904E-07,-1.5037883E-01
1.0640904E-07,-1.5032612E-01
1.0645904E-07,-1.5032612E-01
1.0650904E-07,-1.5032612E-01
1.0655904E-07,-1.5032612E-01
1.0660904E-07,-1.5027341E-01
1.0665904E-07,-1.5022070E-01
1.0670904E-07,-1.5022070E-01
1.0675904E-07,-1.5016799E-01
1.0680904E-07,-1.5011528E-01
1.0685904E-07,-1.5011528E-01
1.0690904E-07,-1.5006257E-01
1.0695904E-07,-1.5000986E-01
1.0700904E-07,-1.4995715E-01
1.0705904E-07,-1.4995715E-01
1.0710904E-07,-1.4990444E-01
1.0715904E-07,-1.4985173E-01
1.0720904E-07,-1.4979903E-01
1.0725904E-07,-1.4979903E-01
1.0730904E-07,-1.4974632E-01
1.0735904E-07,-1.4974632E-01
1.0740904E-07,-1.4974632E-01
1.0745904E-07,-1.4969361E-01
1.0750904E-07,-1.4969361E-01
1.0755904E-07,-1.4969361E-01
1.0760904E-07,-1.4969361E-01
1.0765904E-07,-1.4969361E-01
1.0770904E-07,-1.4969361E-01
1.0775904E-07,-1.4964090E-01
1.0780904E-07,-1.4964090E-01
1.0785904E-07,-1.4969361E-01
1.0790904E-07,-1.4969361E-01
1.0795904E-07,-1.4969361E-01
1.0800904E-07,-1.4969361E-01
1.0805904E-07,-1.4969361E-01
1.0810904E-07,-1.4969361E-01
1.0815904E-07,-1.4969361E-01
1.0820904E-07,-1.4964090E-01
1.0825904E-07,-1.4964090E-01
1.0830904E-07,-1.4964090E-01
1.0835904E-07,-1.4964090E-01
1.0840904E-07,-1.4964090E-01
1.0845904E-07,-1.4964090E-01
1.0850904E-07,-1.4958819E-01
1.0855904E-07,-1.4958819E-01
1.0860904E-07,-1.4958819E-01
1.0865904E-07,-1.4958819E-01
1.0870904E-07,-1.4953548E-01
1.0875904E-07,-1.4953548E-01
1.0880904E-07,-1.4953548E-01
1.0885904E-07,-1.4948277E-01
1.0890904E-07,-1.4948277E-01
1.0895904E-07,-1.4948277E-01
1.0900904E-07,-1.4948277E-01
1.0905904E-07,-1.4948277E-01
1.0910904E-07,-1.4943006E-01
1.0915904E-07,-1.4943006E-01
1.0920904E-07,-1.4943006E-01
1.0925904E-07,-1.4948277E-01
1.0930904E-07,-1.4948277E-01
1.0935904E-07,-1.4948277E-01
1.0940904E-07,-1.4948277E-01
1.0945904E-07,-1.4953548E-01
1.0950904E-07,-1.4953548E-01
1.0955904E-07,-1.4958819E-01
1.0960904E-07,-1.4964090E-01
1.0965904E-07,-1.4964090E-01
1.0970904E-07,-1.4969361E-01
1.0975904E-07,-1.4974632E-01
1.0980904E-07,-1.4979903E-01
1.0985904E-07,-1.4985173E-01
1.0990904E-07,-1.4990444E-01
1.0995904E-07,-1.4995715E-01
1.1000904E-07,-1.5000986E-01
1.1005904E-07,-1.5006257E-01
1.1010904E-07,-1.5011528E-01
1.1015904E-07,-1.5016799E-01
1.1020904E-07,-1.5016799E-01
1.1025904E-07,-1.5022070E-01
1.1030904E-07,-1.5027341E-01
1.1035904E-07,-1.5027341E-01
1.1040904E-07,-1.5032612E-01
1.1045904E-07,-1.5037883E-01
1.1050904E-07,-1.5037883E-01
1.1055904E-07,-1.5037883E-01
1.1060904E-07,-1.5037883E-01
1.1065904E-07,-1.5043153E-01
1.1070904E-07,-1.5037883E-01
1.1075904E-07,-1.5037883E-01
1.1080904E-07,-1.5037883E-01
1.1085904E-07,-1.5037883E-01
1.1090904E-07,-1.5032612E-01
1.1095904E-07,-1.5032612E-01
1.1100904E-07,-1.5027341E-01
1.1105904E-07,-1.5027341E-01
1.1110904E-07,-1.5022070E-01
1.1115904E-07,-1.5016799E-01
1.1120904E-07,-1.5011528E-01
1.1125904E-07,-1.5011528E-01
1.1130904E-07,-1.5006257E-01
1.1135904E-07,-1.5000986E-01
1.1140904E-07,-1.4995715E-01
1.1145904E-07,-1.4990444E-01
1.1150904E-07,-1.4985173E-01
1.1155904E-07,-1.4979903E-01
1.1160904E-07,-1.4979903E-01
1.1165904E-07,-1.4974632E-01
1.1170904E-07,-1.4969361E-01
1.1175904E-07,-1.4969361E-01
1.1180904E-07,-1.4964090E-01
1.1185904E-07,-1.4964090E-01
1.1190904E-07,-1.4958819E-01
1.1195904E-07,-1.4958819E-01
1.1200904E-07,-1.4958819E-01
1.1205904E-07,-1.4958819E-01
1.1210904E-07,-1.4953548E-01
1.1215904E-07,-1.4953548E-01
1.1220904E-07,-1.4953548E-01
1.1225904E-07,-1.4958819E-01
1.1230904E-07,-1.4958819E-01
1.1235904E-07,-1.4958819E-01
1.1240904E-07,-1.4958819E-01
1.1245904E-07,-1.4958819E-01
1.1250904E-07,-1.4964090E-01
1.1255904E-07,-1.4964090E-01
1.1260904E-07,-1.4964090E-01
1.1265904E-07,-1.4969361E-01
1.1270904E-07,-1.4969361E-01
1.1275904E-07,-1.4969361E-01
1.1280904E-07,-1.4974632E-01
1.1285904E-07,-1.4974632E-01
1.1290904E-07,-1.4974632E-01
1.1295904E-07,-1.4979903E-01
1.1300904E-07,-1.4979903E-01
1.1305904E-07,-1.4979903E-01
1.1310904E-07,-1.4985173E-01
1.1315904E-07,-1.4985173E-01
1.1320904E-07,-1.4985173E-01
1.1325904E-07,-1.4985173E-01
1.1330904E-07,-1.4985173E-01
1.1335904E-07,-1.4985173E-01
1.1340904E-07,-1.4985173E-01
1.1345904E-07,-1.4985173E-01
1.1350904E-07,-1.4985173E-01
1.1355904E-07,-1.4985173E-01
1.1360904E-07,-1.4985173E-01
1.1365904E-07,-1.4985173E-01
1.1370904E-07,-1.4985173E-01
1.1375904E-07,-1.4985173E-01
1.1380904E-07,-1.4985173E-01
1.1385904E-07,-1.4985173E-01
1.1390904E-07,-1.4985173E-01
1.1395904E-07,-1.4985173E-01
1.1400904E-07,-1.4985173E-01
1.1405904E-07,-1.4985173E-01
1.1410904E-07,-1.4979903E-01
1.1415904E-07,-1.4979903E-01
1.1420904E-07,-1.4979903E-01
1.1425904E-07,-1.4979903E-01
1.1430904E-07,-1.4979903E-01
1.1435904E-07,-1.4979903E-01
1.1440904E-07,-1.4979903E-01
1.1445904E-07,-1.4979903E-01
1.1450904E-07,-1.4979903E-01
1.1455904E-07,-1.4979903E-01
1.1460904E-07,-1.4979903E-01
1.1465904E-07,-1.4979903E-01
1.1470904E-07,-1.4979903E-01
1.1475904E-07,-1.4979903E-01
1.1480904E-07,-1.4979903E-01
1.1485904E-07,-1.4979903E-01
1.1490904E-07,-1.4979903E-01
1.1495904E-07,-1.4974632E-01
1.1500904E-07,-1.4974632E-01
1.1505904E-07,-1.4974632E-01
1.1510904E-07,-1.4974632E-01
1.1515904E-07,-1.4974632E-01
1.1520904E-07,-1.4974632E-01
1.1525904E-07,-1.4969361E-01
1.1530904E-07,-1.4969361E-01
1.1535904E-07,-1.4969361E-01
1.1540904E-07,-1.4964090E-01
1.1545904E-07,-1.4964090E-01
1.1550904E-07,-1.4964090E-01
1.1555904E-07,-1.4958819E-01
1.1560904E-07,-1.4958819E-01
1.1565904E-07,-1.4953548E-01
1.1570904E-07,-1.4953548E-01
1.1575904E-07,-1.4948277E-01
1.1580904E-07,-1.4948277E-01
1.1585904E-07,-1.4943006E-01
1.1590904E-07,-1.4943006E-01
1.1595904E-07,-1.4937735E-01
1.1600904E-07,-1.4937735E-01
1.1605904E-07,-1.4932464E-01
1.1610904E-07,-1.4932464E-01
1.1615904E-07,-1.4932464E-01
1.1620904E-07,-1.4927194E-01
1.1625904E-07,-1.4927194E-01
1.1630904E-07,-1.4927194E-01
1.1635904E-07,-1.4927194E-01
1.1640904E-07,-1.4921923E-01
1.1645904E-07,-1.4921923E-01
1.1650904E-07,-1.4921923E-01
1.1655904E-07,-1.4921923E-01
1.1660904E-07,-1.4921923E-01
1.1665904E-07,-1.4921923E-01
1.1670904E-07,-1.4921923E-01
1.1675904E-07,-1.4921923E-01
1.1680904E-07,-1.4921923E-01
1.1685904E-07,-1.4921923E-01
1.1690904E-07,-1.4921923E-01
1.1695904E-07,-1.4921923E-01
1.1700904E-07,-1.4921923E-01
1.1705904E-07,-1.4927194E-01
1.1710904E-07,-1.4927194E-01
1.1715904E-07,-1.4927194E-01
1.1720904E-07,-1.4927194E-01
1.1725904E-07,-1.4927194E-01
1.1730904E-07,-1.4927194E-01
1.1735904E-07,-1.4927194E-01
1.1740904E-07,-1.4932464E-01
1.1745904E-07,-1.4932464E-01
1.1750904E-07,-1.4932464E-01
1.1755904E-07,-1.4932464E-01
1.1760904E-07,-1.4932464E-01
1.1765904E-07,-1.4932464E-01
1.1770904E-07,-1.4932464E-01
1.1775904E-07,-1.4932464E-01
1.1780904E-07,-1.4932464E-01
1.1785904E-07,-1.4932464E-01
1.1790904E-07,-1.4932464E-01
1.1795904E-07,-1.4932464E-01
1.1800904E-07,-1.4937735E-01
1.1805904E-07,-1.4937735E-01
1.1810904E-07,-1.4937735E-01
1.1815904E-07,-1.4937735E-01
1.1820904E-07,-1.4943006E-01
1.1825904E-07,-1.4943006E-01
1.1830904E-07,-1.4948277E-01
1.1835904E-07,-1.4948277E-01
1.1840904E-07,-1.4953548E-01
1.1845904E-07,-1.4953548E-01
1.1850904E-07,-1.4958819E-01
1.1855904E-07,-1.4958819E-01
1.1860904E-07,-1.4964090E-01
1.1865904E-07,-1.4969361E-01
1.1870904E-07,-1.4974632E-01
1.1875904E-07,-1.4974632E-01
1.1880904E-07,-1.4979903E-01
1.1885904E-07,-1.4985173E-01
1.1890904E-07,-1.4990444E-01
1.1895904E-07,-1.4995715E-01
1.1900904E-07,-1.4995715E-01
1.1905904E-07,-1.5000986E-01
1.1910904E-07,-1.5006257E-01
1.1915904E-07,-1.5006257E-01
1.1920904E-07,-1.5011528E-01
1.1925904E-07,-1.5016799E-01
1.1930904E-07,-1.5016799E-01
1.1935904E-07,-1.5016799E-01
1.1940904E-07,-1.5022070E-01
1.1945904E-07,-1.5022070E-01
1.1950904E-07,-1.5022070E-01
1.1955904E-07,-1.5022070E-01
1.1960904E-07,-1.5022070E-01
1.1965904E-07,-1.5016799E-01
1.1970904E-07,-1.5016799E-01
1.1975904E-07,-1.5016799E-01
1.1980904E-07,-1.5011528E-01
1.1985904E-07,-1.5011528E-01
1.1990904E-07,-1.5006257E-01
1.1995904E-07,-1.5006257E-01
1.2000904E-07,-1.5000986E-01
1.2005904E-07,-1.4995715E-01
1.2010904E-07,-1.4990444E-01
1.2015904E-07,-1.4990444E-01
1.2020904E-07,-1.4985173E-01
1.2025904E-07,-1.4979903E-01
1.2030904E-07,-1.4974632E-01
1.2035904E-07,-1.4974632E-01
1.2040904E-07,-1.4969361E-01
1.2045904E-07,-1.4964090E-01
1.2050904E-07,-1.4958819E-01
1.2055904E-07,-1.4958819E-01
1.2060904E-07,-1.4953548E-01
1.2065904E-07,-1.4953548E-01
1.2070904E-07,-1.4948277E-01
1.2075904E-07,-1.4948277E-01
1.2080904E-07,-1.4948277E-01
1.2085904E-07,-1.4943006E-01
1.2090904E-07,-1.4943006E-01
1.2095904E-07,-1.4943006E-01
1.2100904E-07,-1.4943006E-01
1.2105904E-07,-1.4937735E-01
1.2110904E-07,-1.4937735E-01
1.2115904E-07,-1.4937735E-01
1.2120904E-07,-1.4937735E-01
1.2125904E-07,-1.4937735E-01
1.2130904E-07,-1.4937735E-01
1.2135904E-07,-1.4937735E-01
1.2140904E-07,-1.4937735E-01
1.2145904E-07,-1.4932464E-01
1.2150904E-07,-1.4932464E-01
1.2155904E-07,-1.4932464E-01
1.2160904E-07,-1.4932464E-01
1.2165904E-07,-1.4927194E-01
1.2170904E-07,-1.4927194E-01
1.2175904E-07,-1.4927194E-01
1.2180904E-07,-1.4921923E-01
1.2185904E-07,-1.4921923E-01
1.2190904E-07,-1.4921923E-01
1.2195904E-07,-1.4916652E-01
1.2200904E-07,-1.4916652E-01
1.2205904E-07,-1.4911381E-01
1.2210904E-07,-1.4911381E-01
1.2215904E-07,-1.4906110E-01
1.2220904E-07,-1.4900839E-01
1.2225904E-07,-1.4900839E-01
1.2230904E-07,-1.4895568E-01
1.2235904E-07,-1.4895568E-01
1.2240904E-07,-1.4890297E-01
1.2245904E-07,-1.4890297E-01
1.2250904E-07,-1.4890297E-01
1.2255904E-07,-1.4885026E-01
1.2260904E-07,-1.4885026E-01
1.2265904E-07,-1.4879755E-01
1.2270904E-07,-1.4879755E-01
1.2275904E-07,-1.4879755E-01
1.2280904E-07,-1.4879755E-01
1.2285904E-07,-1.4874485E-01
1.2290904E-07,-1.4874485E-01
1.2295904E-07,-1.4874485E-01
1.2300904E-07,-1.4874485E-01
1.2305904E-07,-1.4874485E-01
1.2310904E-07,-1.4874485E-01
1.2315904E-07,-1.4874485E-01
1.2320904E-07,-1.4874485E-01
1.2325904E-07,-1.4869214E-01
1.2330904E-07,-1.4869214E-01
1.2335904E-07,-1.4869214E-01
1.2340904E-07,-1.4869214E-01
1.2345904E-07,-1.4869214E-01
1.2350904E-07,-1.4869214E-01
1.2355904E-07,-1.4869214E-01
1.2360904E-07,-1.4869214E-01
1.2365904E-07,-1.4869214E-01
1.2370904E-07,-1.4869214E-01
1.2375904E-07,-1.4869214E-01
1.2380904E-07,-1.4874485E-01
1.2385904E-07,-1.4874485E-01
1.2390904E-07,-1.4874485E-01
1.2395904E-07,-1.4874485E-01
1.2400904E-07,-1.4874485E-01
1.2405904E-07,-1.4874485E-01
1.2410904E-07,-1.4879755E-01
1.2415904E-07,-1.4879755E-01
1.2420904E-07,-1.4879755E-01
1.2425904E-07,-1.4879755E-01
1.2430904E-07,-1.4885026E-01
1.2435904E-07,-1.4885026E-01
1.2440904E-07,-1.4890297E-01
1.2445904E-07,-1.4890297E-01
1.2450904E-07,-1.4895568E-01
1.2455904E-07,-1.4895568E-01
1.2460904E-07,-1.4900839E-01
1.2465904E-07,-1.4900839E-01
1.2470904E-07,-1.4906110E-01
1.2475904E-07,-1.4906110E-01
1.2480904E-07,-1.4906110E-01
1.2485904E-07,-1.4911381E-01
1.2490904E-07,-1.4911381E-01
1.2495904E-07,-1.4916652E-01
1.2500904E-07,-1.4916652E-01
1.2505904E-07,-1.4916652E-01
1.2510904E-07,-1.4916652E-01
1.2515904E-07,-1.4916652E-01
1.2520904E-07,-1.4916652E-01
1.2525904E-07,-1.4916652E-01
1.2530904E-07,-1.4916652E-01
1.2535904E-07,-1.4916652E-01
1.2540904E-07,-1.4911381E-01
1.2545904E-07,-1.4911381E-01
1.2550904E-07,-1.4906110E-01
1.2555904E-07,-1.4906110E-01
1.2560904E-07,-1.4900839E-01
1.2565904E-07,-1.4895568E-01
1.2570904E-07,-1.4890297E-01
1.2575904E-07,-1.4890297E-01
1.2580904E-07,-1.4885026E-01
1.2585904E-07,-1.4879755E-01
1.2590904E-07,-1.4874485E-01
1.2595904E-07,-1.4874485E-01
1.2600904E-07,-1.4869214E-01
1.2605904E-07,-1.4869214E-01
1.2610904E-07,-1.4863943E-01
1.2615904E-07,-1.4863943E-01
1.2620904E-07,-1.4863943E-01
1.2625904E-07,-1.4858672E-01
1.2630904E-07,-1.4858672E-01
1.2635904E-07,-1.4863943E-01
1.2640904E-07,-1.4863943E-01
1.2645904E-07,-1.4863943E-01
1.2650904E-07,-1.4869214E-01
1.2655904E-07,-1.4874485E-01
1.2660904E-07,-1.4874485E-01
1.2665904E-07,-1.4879755E-01
1.2670904E-07,-1.4885026E-01
1.2675904E-07,-1.4890297E-01
1.2680904E-07,-1.4900839E-01
1.2685904E-07,-1.4906110E-01
1.2690904E-07,-1.4911381E-01
1.2695904E-07,-1.4921923E-01
1.2700904E-07,-1.4927194E-01
1.2705904E-07,-1.4932464E-01
1.2710904E-07,-1.4937735E-01
1.2715904E-07,-1.4948277E-01
1.2720904E-07,-1.4953548E-01
1.2725904E-07,-1.4958819E-01
1.2730904E-07,-1.4964090E-01
1.2735904E-07,-1.4964090E-01
1.2740904E-07,-1.4969361E-01
1.2745904E-07,-1.4969361E-01
1.2750904E-07,-1.4974632E-01
1.2755904E-07,-1.4974632E-01
1.2760904E-07,-1.4974632E-01
1.2765904E-07,-1.4969361E-01
1.2770904E-07,-1.4969361E-01
1.2775904E-07,-1.4964090E-01
1.2780904E-07,-1.4964090E-01
1.2785904E-07,-1.4958819E-01
1.2790904E-07,-1.4953548E-01
1.2795904E-07,-1.4948277E-01
1.2800904E-07,-1.4943006E-01
1.2805904E-07,-1.4937735E-01
1.2810904E-07,-1.4932464E-01
1.2815904E-07,-1.4921923E-01
1.2820904E-07,-1.4916652E-01
1.2825904E-07,-1.4911381E-01
1.2830904E-07,-1.4906110E-01
1.2835904E-07,-1.4900839E-01
1.2840904E-07,-1.4895568E-01
1.2845904E-07,-1.4890297E-01
1.2850904E-07,-1.4890297E-01
1.2855904E-07,-1.4885026E-01
1.2860904E-07,-1.4885026E-01
1.2865904E-07,-1.4879755E-01
1.2870904E-07,-1.4879755E-01
