-7.137866E-08,-1.4937735E-01
-7.132866E-08,-1.4932464E-01
-7.127866E-08,-1.4932464E-01
-7.122866E-08,-1.4932464E-01
-7.117866E-08,-1.4932464E-01
-7.112866E-08,-1.4932464E-01
-7.107866E-08,-1.4927194E-01
-7.102866E-08,-1.4927194E-01
-7.097866E-08,-1.4927194E-01
-7.092866E-08,-1.4927194E-01
-7.087866E-08,-1.4927194E-01
-7.082866E-08,-1.4932464E-01
-7.077866E-08,-1.4932464E-01
-7.072866E-08,-1.4932464E-01
-7.067866E-08,-1.4932464E-01
-7.062866E-08,-1.4937735E-01
-7.057866E-08,-1.4937735E-01
-7.052866E-08,-1.4937735E-01
-7.047866E-08,-1.4943006E-01
-7.042866E-08,-1.4943006E-01
-7.037866E-08,-1.4943006E-01
-7.032866E-08,-1.4948277E-01
-7.027866E-08,-1.4948277E-01
-7.022866E-08,-1.4953548E-01
-7.017866E-08,-1.4953548E-01
-7.012866E-08,-1.4953548E-01
-7.007866E-08,-1.4958819E-01
-7.002866E-08,-1.4958819E-01
-6.997866E-08,-1.4964090E-01
-6.992866E-08,-1.4964090E-01
-6.987866E-08,-1.4969361E-01
-6.982866E-08,-1.4969361E-01
-6.977866E-08,-1.4969361E-01
-6.972866E-08,-1.4969361E-01
-6.967866E-08,-1.4974632E-01
-6.962866E-08,-1.4974632E-01
-6.957866E-08,-1.4974632E-01
-6.952866E-08,-1.4974632E-01
-6.947866E-08,-1.4974632E-01
-6.942866E-08,-1.4979903E-01
-6.937866E-08,-1.4979903E-01
-6.932866E-08,-1.4979903E-01
-6.927866E-08,-1.4979903E-01
-6.922866E-08,-1.4979903E-01
-6.917866E-08,-1.4979903E-01
-6.912866E-08,-1.4979903E-01
-6.907866E-08,-1.4974632E-01
-6.902866E-08,-1.4974632E-01
-6.897866E-08,-1.4974632E-01
-6.892866E-08,-1.4974632E-01
-6.887866E-08,-1.4974632E-01
-6.882866E-08,-1.4974632E-01
-6.877866E-08,-1.4974632E-01
-6.872866E-08,-1.4974632E-01
-6.867866E-08,-1.4974632E-01
-6.862866E-08,-1.4974632E-01
-6.857866E-08,-1.4969361E-01
-6.852866E-08,-1.4969361E-01
-6.847866E-08,-1.4969361E-01
-6.842866E-08,-1.4969361E-01
-6.837866E-08,-1.4969361E-01
-6.832866E-08,-1.4969361E-01
-6.827866E-08,-1.4974632E-01
-6.822866E-08,-1.4974632E-01
-6.817866E-08,-1.4974632E-01
-6.812866E-08,-1.4974632E-01
-6.807866E-08,-1.4974632E-01
-6.802866E-08,-1.4974632E-01
-6.797866E-08,-1.4979903E-01
-6.792866E-08,-1.4979903E-01
-6.787866E-08,-1.4979903E-01
-6.782866E-08,-1.4979903E-01
-6.777866E-08,-1.4985173E-01
-6.772866E-08,-1.4985173E-01
-6.767866E-08,-1.4985173E-01
-6.762866E-08,-1.4990444E-01
-6.757866E-08,-1.4990444E-01
-6.752866E-08,-1.4990444E-01
-6.747866E-08,-1.4995715E-01
-6.742866E-08,-1.4995715E-01
-6.737866E-08,-1.4995715E-01
-6.732866E-08,-1.4995715E-01
-6.727866E-08,-1.5000986E-01
-6.722866E-08,-1.5000986E-01
-6.717866E-08,-1.5000986E-01
-6.712866E-08,-1.5000986E-01
-6.707866E-08,-1.5000986E-01
-6.702866E-08,-1.5000986E-01
-6.697866E-08,-1.5000986E-01
-6.692866E-08,-1.5000986E-01
-6.687866E-08,-1.5000986E-01
-6.682866E-08,-1.5000986E-01
-6.677866E-08,-1.5000986E-01
-6.672866E-08,-1.5000986E-01
-6.667866E-08,-1.5000986E-01
-6.662866E-08,-1.5000986E-01
-6.657866E-08,-1.5000986E-01
-6.652866E-08,-1.5000986E-01
-6.647866E-08,-1.4995715E-01
-6.642866E-08,-1.4995715E-01
-6.637866E-08,-1.4995715E-01
-6.632866E-08,-1.4995715E-01
-6.627866E-08,-1.4990444E-01
-6.622866E-08,-1.4990444E-01
-6.617866E-08,-1.4990444E-01
-6.612866E-08,-1.4990444E-01
-6.607866E-08,-1.4985173E-01
-6.602866E-08,-1.4985173E-01
-6.597866E-08,-1.4979903E-01
-6.592866E-08,-1.4979903E-01
-6.587866E-08,-1.4979903E-01
-6.582866E-08,-1.4974632E-01
-6.577866E-08,-1.4974632E-01
-6.572866E-08,-1.4969361E-01
-6.567866E-08,-1.4964090E-01
-6.562866E-08,-1.4964090E-01
-6.557866E-08,-1.4958819E-01
-6.552866E-08,-1.4953548E-01
-6.547866E-08,-1.4953548E-01
-6.542866E-08,-1.4948277E-01
-6.537866E-08,-1.4943006E-01
-6.532866E-08,-1.4937735E-01
-6.527866E-08,-1.4937735E-01
-6.522866E-08,-1.4932464E-01
-6.517866E-08,-1.4927194E-01
-6.512866E-08,-1.4921923E-01
-6.507866E-08,-1.4921923E-01
-6.502866E-08,-1.4916652E-01
-6.497866E-08,-1.4916652E-01
-6.492866E-08,-1.4911381E-01
-6.487866E-08,-1.4911381E-01
-6.482866E-08,-1.4906110E-01
-6.477866E-08,-1.4906110E-01
-6.472866E-08,-1.4906110E-01
-6.467866E-08,-1.4906110E-01
-6.462866E-08,-1.4906110E-01
-6.457866E-08,-1.4911381E-01
-6.452866E-08,-1.4911381E-01
-6.447866E-08,-1.4916652E-01
-6.442866E-08,-1.4916652E-01
-6.437866E-08,-1.4921923E-01
-6.432866E-08,-1.4927194E-01
-6.427866E-08,-1.4932464E-01
-6.422866E-08,-1.4937735E-01
-6.417866E-08,-1.4943006E-01
-6.412866E-08,-1.4953548E-01
-6.407866E-08,-1.4958819E-01
-6.402866E-08,-1.4969361E-01
-6.397866E-08,-1.4974632E-01
-6.392866E-08,-1.4979903E-01
-6.387866E-08,-1.4990444E-01
-6.382866E-08,-1.4995715E-01
-6.377866E-08,-1.5006257E-01
-6.372866E-08,-1.5011528E-01
-6.367866E-08,-1.5016799E-01
-6.362866E-08,-1.5022070E-01
-6.357866E-08,-1.5027341E-01
-6.352866E-08,-1.5032612E-01
-6.347866E-08,-1.5037883E-01
-6.342866E-08,-1.5043153E-01
-6.337866E-08,-1.5043153E-01
-6.332866E-08,-1.5048424E-01
-6.327866E-08,-1.5048424E-01
-6.322866E-08,-1.5048424E-01
-6.317866E-08,-1.5048424E-01
-6.312866E-08,-1.5048424E-01
-6.307866E-08,-1.5043153E-01
-6.302866E-08,-1.5043153E-01
-6.297866E-08,-1.5037883E-01
-6.292866E-08,-1.5032612E-01
-6.287866E-08,-1.5027341E-01
-6.282866E-08,-1.5027341E-01
-6.277866E-08,-1.5022070E-01
-6.272866E-08,-1.5011528E-01
-6.267866E-08,-1.5006257E-01
-6.262866E-08,-1.5000986E-01
-6.257866E-08,-1.4995715E-01
-6.252866E-08,-1.4990444E-01
-6.247866E-08,-1.4985173E-01
-6.242866E-08,-1.4979903E-01
-6.237866E-08,-1.4974632E-01
-6.232866E-08,-1.4969361E-01
-6.227866E-08,-1.4964090E-01
-6.222866E-08,-1.4958819E-01
-6.217866E-08,-1.4958819E-01
-6.212866E-08,-1.4953548E-01
-6.207866E-08,-1.4948277E-01
-6.202866E-08,-1.4948277E-01
-6.197866E-08,-1.4948277E-01
-6.192866E-08,-1.4943006E-01
-6.187866E-08,-1.4943006E-01
-6.182866E-08,-1.4943006E-01
-6.177866E-08,-1.4943006E-01
-6.172866E-08,-1.4943006E-01
-6.167866E-08,-1.4943006E-01
-6.162866E-08,-1.4943006E-01
-6.157866E-08,-1.4948277E-01
-6.152866E-08,-1.4948277E-01
-6.147866E-08,-1.4948277E-01
-6.142866E-08,-1.4948277E-01
-6.137866E-08,-1.4948277E-01
-6.132866E-08,-1.4948277E-01
-6.127866E-08,-1.4948277E-01
-6.122866E-08,-1.4948277E-01
-6.117866E-08,-1.4948277E-01
-6.112866E-08,-1.4948277E-01
-6.107866E-08,-1.4948277E-01
-6.102866E-08,-1.4948277E-01
-6.097866E-08,-1.4943006E-01
-6.092866E-08,-1.4943006E-01
-6.087866E-08,-1.4943006E-01
-6.082866E-08,-1.4937735E-01
-6.077866E-08,-1.4937735E-01
-6.072866E-08,-1.4932464E-01
-6.067866E-08,-1.4932464E-01
-6.062866E-08,-1.4932464E-01
-6.057866E-08,-1.4927194E-01
-6.052866E-08,-1.4927194E-01
-6.047866E-08,-1.4921923E-01
-6.042866E-08,-1.4921923E-01
-6.037866E-08,-1.4921923E-01
-6.032866E-08,-1.4916652E-01
-6.027866E-08,-1.4916652E-01
-6.022866E-08,-1.4916652E-01
-6.017866E-08,-1.4916652E-01
-6.012866E-08,-1.4916652E-01
-6.007866E-08,-1.4916652E-01
-6.002866E-08,-1.4916652E-01
-5.997866E-08,-1.4916652E-01
-5.992866E-08,-1.4921923E-01
-5.987866E-08,-1.4921923E-01
-5.982866E-08,-1.4921923E-01
-5.977866E-08,-1.4927194E-01
-5.972866E-08,-1.4927194E-01
-5.967866E-08,-1.4932464E-01
-5.962866E-08,-1.4932464E-01
-5.957866E-08,-1.4937735E-01
-5.952866E-08,-1.4937735E-01
-5.947866E-08,-1.4943006E-01
-5.942866E-08,-1.4943006E-01
-5.937866E-08,-1.4948277E-01
-5.932866E-08,-1.4948277E-01
-5.927866E-08,-1.4953548E-01
-5.922866E-08,-1.4953548E-01
-5.917866E-08,-1.4958819E-01
-5.912866E-08,-1.4958819E-01
-5.907866E-08,-1.4958819E-01
-5.902866E-08,-1.4964090E-01
-5.897866E-08,-1.4964090E-01
-5.892866E-08,-1.4964090E-01
-5.887866E-08,-1.4964090E-01
-5.882866E-08,-1.4964090E-01
-5.877866E-08,-1.4964090E-01
-5.872866E-08,-1.4969361E-01
-5.867866E-08,-1.4969361E-01
-5.862866E-08,-1.4969361E-01
-5.857866E-08,-1.4969361E-01
-5.852866E-08,-1.4969361E-01
-5.847866E-08,-1.4969361E-01
-5.842866E-08,-1.4969361E-01
-5.837866E-08,-1.4969361E-01
-5.832866E-08,-1.4969361E-01
-5.827866E-08,-1.4969361E-01
-5.822866E-08,-1.4969361E-01
-5.817866E-08,-1.4969361E-01
-5.812866E-08,-1.4974632E-01
-5.807866E-08,-1.4974632E-01
-5.802866E-08,-1.4974632E-01
-5.797866E-08,-1.4974632E-01
-5.792866E-08,-1.4974632E-01
-5.787866E-08,-1.4979903E-01
-5.782866E-08,-1.4979903E-01
-5.777866E-08,-1.4979903E-01
-5.772866E-08,-1.4979903E-01
-5.767866E-08,-1.4985173E-01
-5.762866E-08,-1.4985173E-01
-5.757866E-08,-1.4985173E-01
-5.752866E-08,-1.4985173E-01
-5.747866E-08,-1.4985173E-01
-5.742866E-08,-1.4985173E-01
-5.737866E-08,-1.4985173E-01
-5.732866E-08,-1.4985173E-01
-5.727866E-08,-1.4985173E-01
-5.722866E-08,-1.4985173E-01
-5.717866E-08,-1.4985173E-01
-5.712866E-08,-1.4979903E-01
-5.707866E-08,-1.4979903E-01
-5.702866E-08,-1.4974632E-01
-5.697866E-08,-1.4974632E-01
-5.692866E-08,-1.4969361E-01
-5.687866E-08,-1.4969361E-01
-5.682866E-08,-1.4964090E-01
-5.677866E-08,-1.4958819E-01
-5.672866E-08,-1.4958819E-01
-5.667866E-08,-1.4953548E-01
-5.662866E-08,-1.4948277E-01
-5.657866E-08,-1.4948277E-01
-5.652866E-08,-1.4943006E-01
-5.647866E-08,-1.4937735E-01
-5.642866E-08,-1.4937735E-01
-5.637866E-08,-1.4932464E-01
-5.632866E-08,-1.4932464E-01
-5.627866E-08,-1.4927194E-01
-5.622866E-08,-1.4927194E-01
-5.617866E-08,-1.4927194E-01
-5.612866E-08,-1.4927194E-01
-5.607866E-08,-1.4927194E-01
-5.602866E-08,-1.4927194E-01
-5.597866E-08,-1.4927194E-01
-5.592866E-08,-1.4927194E-01
-5.587866E-08,-1.4932464E-01
-5.582866E-08,-1.4932464E-01
-5.577866E-08,-1.4932464E-01
-5.572866E-08,-1.4937735E-01
-5.567866E-08,-1.4943006E-01
-5.562866E-08,-1.4943006E-01
-5.557866E-08,-1.4948277E-01
-5.552866E-08,-1.4953548E-01
-5.547866E-08,-1.4953548E-01
-5.542866E-08,-1.4958819E-01
-5.537866E-08,-1.4964090E-01
-5.532866E-08,-1.4969361E-01
-5.527866E-08,-1.4969361E-01
-5.522866E-08,-1.4974632E-01
-5.517866E-08,-1.4979903E-01
-5.512866E-08,-1.4979903E-01
-5.507866E-08,-1.4985173E-01
-5.502866E-08,-1.4985173E-01
-5.497866E-08,-1.4990444E-01
-5.492866E-08,-1.4990444E-01
-5.487866E-08,-1.4990444E-01
-5.482866E-08,-1.4995715E-01
-5.477866E-08,-1.4995715E-01
-5.472866E-08,-1.4995715E-01
-5.467866E-08,-1.4995715E-01
-5.462866E-08,-1.4995715E-01
-5.457866E-08,-1.4995715E-01
-5.452866E-08,-1.4995715E-01
-5.447866E-08,-1.4995715E-01
-5.442866E-08,-1.4995715E-01
-5.437866E-08,-1.4995715E-01
-5.432866E-08,-1.4995715E-01
-5.427866E-08,-1.4995715E-01
-5.422866E-08,-1.4995715E-01
-5.417866E-08,-1.4995715E-01
-5.412866E-08,-1.4995715E-01
-5.407866E-08,-1.4995715E-01
-5.402866E-08,-1.4995715E-01
-5.397866E-08,-1.4995715E-01
-5.392866E-08,-1.5000986E-01
-5.387866E-08,-1.5000986E-01
-5.382866E-08,-1.5000986E-01
-5.377866E-08,-1.5000986E-01
-5.372866E-08,-1.5006257E-01
-5.367866E-08,-1.5006257E-01
-5.362866E-08,-1.5006257E-01
-5.357866E-08,-1.5011528E-01
-5.352866E-08,-1.5011528E-01
-5.347866E-08,-1.5016799E-01
-5.342866E-08,-1.5016799E-01
-5.337866E-08,-1.5022070E-01
-5.332866E-08,-1.5022070E-01
-5.327866E-08,-1.5022070E-01
-5.322866E-08,-1.5027341E-01
-5.317866E-08,-1.5027341E-01
-5.312866E-08,-1.5027341E-01
-5.307866E-08,-1.5027341E-01
-5.302866E-08,-1.5032612E-01
-5.297866E-08,-1.5032612E-01
-5.292866E-08,-1.5032612E-01
-5.287866E-08,-1.5032612E-01
-5.282866E-08,-1.5032612E-01
-5.277866E-08,-1.5027341E-01
-5.272866E-08,-1.5027341E-01
-5.267866E-08,-1.5027341E-01
-5.262866E-08,-1.5022070E-01
-5.257866E-08,-1.5022070E-01
-5.252866E-08,-1.5016799E-01
-5.247866E-08,-1.5016799E-01
-5.242866E-08,-1.5011528E-01
-5.237866E-08,-1.5006257E-01
-5.232866E-08,-1.5006257E-01
-5.227866E-08,-1.5000986E-01
-5.222866E-08,-1.4995715E-01
-5.217866E-08,-1.4990444E-01
-5.212866E-08,-1.4985173E-01
-5.207866E-08,-1.4985173E-01
-5.202866E-08,-1.4979903E-01
-5.197866E-08,-1.4974632E-01
-5.192866E-08,-1.4969361E-01
-5.187866E-08,-1.4964090E-01
-5.182866E-08,-1.4964090E-01
-5.177866E-08,-1.4958819E-01
-5.172866E-08,-1.4953548E-01
-5.167866E-08,-1.4948277E-01
-5.162866E-08,-1.4948277E-01
-5.157866E-08,-1.4943006E-01
-5.152866E-08,-1.4943006E-01
-5.147866E-08,-1.4937735E-01
-5.142866E-08,-1.4937735E-01
-5.137866E-08,-1.4932464E-01
-5.132866E-08,-1.4932464E-01
-5.127866E-08,-1.4932464E-01
-5.122866E-08,-1.4927194E-01
-5.117866E-08,-1.4927194E-01
-5.112866E-08,-1.4927194E-01
-5.107866E-08,-1.4927194E-01
-5.102866E-08,-1.4927194E-01
-5.097866E-08,-1.4927194E-01
-5.092866E-08,-1.4927194E-01
-5.087866E-08,-1.4927194E-01
-5.082866E-08,-1.4927194E-01
-5.077866E-08,-1.4927194E-01
-5.072866E-08,-1.4932464E-01
-5.067866E-08,-1.4932464E-01
-5.062866E-08,-1.4932464E-01
-5.057866E-08,-1.4932464E-01
-5.052866E-08,-1.4937735E-01
-5.047866E-08,-1.4937735E-01
-5.042866E-08,-1.4937735E-01
-5.037866E-08,-1.4943006E-01
-5.032866E-08,-1.4943006E-01
-5.027866E-08,-1.4948277E-01
-5.022866E-08,-1.4948277E-01
-5.017866E-08,-1.4953548E-01
-5.012866E-08,-1.4958819E-01
-5.007866E-08,-1.4958819E-01
-5.002866E-08,-1.4964090E-01
-4.997866E-08,-1.4964090E-01
-4.992866E-08,-1.4969361E-01
-4.987866E-08,-1.4969361E-01
-4.982866E-08,-1.4974632E-01
-4.977866E-08,-1.4979903E-01
-4.972866E-08,-1.4979903E-01
-4.967866E-08,-1.4985173E-01
-4.962866E-08,-1.4985173E-01
-4.957866E-08,-1.4985173E-01
-4.952866E-08,-1.4990444E-01
-4.947866E-08,-1.4990444E-01
-4.942866E-08,-1.4990444E-01
-4.937866E-08,-1.4995715E-01
-4.932866E-08,-1.4995715E-01
-4.927866E-08,-1.4995715E-01
-4.922866E-08,-1.4995715E-01
-4.917866E-08,-1.4995715E-01
-4.912866E-08,-1.4995715E-01
-4.907866E-08,-1.4990444E-01
-4.902866E-08,-1.4990444E-01
-4.897866E-08,-1.4990444E-01
-4.892866E-08,-1.4985173E-01
-4.887866E-08,-1.4985173E-01
-4.882866E-08,-1.4979903E-01
-4.877866E-08,-1.4974632E-01
-4.872866E-08,-1.4969361E-01
-4.867866E-08,-1.4969361E-01
-4.862866E-08,-1.4964090E-01
-4.857866E-08,-1.4958819E-01
-4.852866E-08,-1.4953548E-01
-4.847866E-08,-1.4948277E-01
-4.842866E-08,-1.4943006E-01
-4.837866E-08,-1.4937735E-01
-4.832866E-08,-1.4932464E-01
-4.827866E-08,-1.4927194E-01
-4.822866E-08,-1.4921923E-01
-4.817866E-08,-1.4916652E-01
-4.812866E-08,-1.4911381E-01
-4.807866E-08,-1.4906110E-01
-4.802866E-08,-1.4900839E-01
-4.797866E-08,-1.4900839E-01
-4.792866E-08,-1.4895568E-01
-4.787866E-08,-1.4890297E-01
-4.782866E-08,-1.4890297E-01
-4.777866E-08,-1.4885026E-01
-4.772866E-08,-1.4885026E-01
-4.767866E-08,-1.4885026E-01
-4.762866E-08,-1.4879755E-01
-4.757866E-08,-1.4879755E-01
-4.752866E-08,-1.4879755E-01
-4.747866E-08,-1.4879755E-01
-4.742866E-08,-1.4879755E-01
-4.737866E-08,-1.4879755E-01
-4.732866E-08,-1.4885026E-01
-4.727866E-08,-1.4885026E-01
-4.722866E-08,-1.4885026E-01
-4.717866E-08,-1.4890297E-01
-4.712866E-08,-1.4890297E-01
-4.707866E-08,-1.4890297E-01
-4.702866E-08,-1.4895568E-01
-4.697866E-08,-1.4895568E-01
-4.692866E-08,-1.4900839E-01
-4.687866E-08,-1.4900839E-01
-4.682866E-08,-1.4906110E-01
-4.677866E-08,-1.4906110E-01
-4.672866E-08,-1.4911381E-01
-4.667866E-08,-1.4911381E-01
-4.662866E-08,-1.4916652E-01
-4.657866E-08,-1.4916652E-01
-4.652866E-08,-1.4921923E-01
-4.647866E-08,-1.4921923E-01
-4.642866E-08,-1.4927194E-01
-4.637866E-08,-1.4927194E-01
-4.632866E-08,-1.4927194E-01
-4.627866E-08,-1.4932464E-01
-4.622866E-08,-1.4932464E-01
-4.617866E-08,-1.4932464E-01
-4.612866E-08,-1.4937735E-01
-4.607866E-08,-1.4937735E-01
-4.602866E-08,-1.4937735E-01
-4.597866E-08,-1.4943006E-01
-4.592866E-08,-1.4943006E-01
-4.587866E-08,-1.4943006E-01
-4.582866E-08,-1.4948277E-01
-4.577866E-08,-1.4948277E-01
-4.572866E-08,-1.4948277E-01
-4.567866E-08,-1.4953548E-01
-4.562866E-08,-1.4953548E-01
-4.557866E-08,-1.4958819E-01
-4.552866E-08,-1.4958819E-01
-4.547866E-08,-1.4964090E-01
-4.542866E-08,-1.4964090E-01
-4.537866E-08,-1.4964090E-01
-4.532866E-08,-1.4969361E-01
-4.527866E-08,-1.4969361E-01
-4.522866E-08,-1.4974632E-01
-4.517866E-08,-1.4974632E-01
-4.512866E-08,-1.4979903E-01
-4.507866E-08,-1.4985173E-01
-4.502866E-08,-1.4985173E-01
-4.497866E-08,-1.4990444E-01
-4.492866E-08,-1.4990444E-01
-4.487866E-08,-1.4995715E-01
-4.482866E-08,-1.4995715E-01
-4.477866E-08,-1.5000986E-01
-4.472866E-08,-1.5000986E-01
-4.467866E-08,-1.5000986E-01
-4.462866E-08,-1.5006257E-01
-4.457866E-08,-1.5006257E-01
-4.452866E-08,-1.5006257E-01
-4.447866E-08,-1.5011528E-01
-4.442866E-08,-1.5011528E-01
-4.437866E-08,-1.5011528E-01
-4.432866E-08,-1.5011528E-01
-4.427866E-08,-1.5011528E-01
-4.422866E-08,-1.5011528E-01
-4.417866E-08,-1.5011528E-01
-4.412866E-08,-1.5011528E-01
-4.407866E-08,-1.5011528E-01
-4.402866E-08,-1.5011528E-01
-4.397866E-08,-1.5011528E-01
-4.392866E-08,-1.5006257E-01
-4.387866E-08,-1.5006257E-01
-4.382866E-08,-1.5006257E-01
-4.377866E-08,-1.5000986E-01
-4.372866E-08,-1.5000986E-01
-4.367866E-08,-1.5000986E-01
-4.362866E-08,-1.4995715E-01
-4.357866E-08,-1.4995715E-01
-4.352866E-08,-1.4990444E-01
-4.347866E-08,-1.4990444E-01
-4.342866E-08,-1.4985173E-01
-4.337866E-08,-1.4985173E-01
-4.332866E-08,-1.4979903E-01
-4.327866E-08,-1.4979903E-01
-4.322866E-08,-1.4974632E-01
-4.317866E-08,-1.4974632E-01
-4.312866E-08,-1.4969361E-01
-4.307866E-08,-1.4969361E-01
-4.302866E-08,-1.4964090E-01
-4.297866E-08,-1.4964090E-01
-4.292866E-08,-1.4964090E-01
-4.287866E-08,-1.4958819E-01
-4.282866E-08,-1.4958819E-01
-4.277866E-08,-1.4958819E-01
-4.272866E-08,-1.4953548E-01
-4.267866E-08,-1.4953548E-01
-4.262866E-08,-1.4953548E-01
-4.257866E-08,-1.4948277E-01
-4.252866E-08,-1.4948277E-01
-4.247866E-08,-1.4948277E-01
-4.242866E-08,-1.4948277E-01
-4.237866E-08,-1.4948277E-01
-4.232866E-08,-1.4943006E-01
-4.227866E-08,-1.4943006E-01
-4.222866E-08,-1.4943006E-01
-4.217866E-08,-1.4943006E-01
-4.212866E-08,-1.4943006E-01
-4.207866E-08,-1.4943006E-01
-4.202866E-08,-1.4943006E-01
-4.197866E-08,-1.4943006E-01
-4.192866E-08,-1.4943006E-01
-4.187866E-08,-1.4948277E-01
-4.182866E-08,-1.4948277E-01
-4.177866E-08,-1.4948277E-01
-4.172866E-08,-1.4948277E-01
-4.167866E-08,-1.4948277E-01
-4.162866E-08,-1.4953548E-01
-4.157866E-08,-1.4953548E-01
-4.152866E-08,-1.4953548E-01
-4.147866E-08,-1.4953548E-01
-4.142866E-08,-1.4958819E-01
-4.137866E-08,-1.4958819E-01
-4.132866E-08,-1.4958819E-01
-4.127866E-08,-1.4958819E-01
-4.122866E-08,-1.4964090E-01
-4.117866E-08,-1.4964090E-01
-4.112866E-08,-1.4964090E-01
-4.107866E-08,-1.4964090E-01
-4.102866E-08,-1.4964090E-01
-4.097866E-08,-1.4969361E-01
-4.092866E-08,-1.4969361E-01
-4.087866E-08,-1.4969361E-01
-4.082866E-08,-1.4969361E-01
-4.077866E-08,-1.4969361E-01
-4.072866E-08,-1.4969361E-01
-4.067866E-08,-1.4964090E-01
-4.062866E-08,-1.4964090E-01
-4.057866E-08,-1.4964090E-01
-4.052866E-08,-1.4964090E-01
-4.047866E-08,-1.4958819E-01
-4.042866E-08,-1.4958819E-01
-4.037866E-08,-1.4953548E-01
-4.032866E-08,-1.4953548E-01
-4.027866E-08,-1.4948277E-01
-4.022866E-08,-1.4948277E-01
-4.017866E-08,-1.4943006E-01
-4.012866E-08,-1.4937735E-01
-4.007866E-08,-1.4937735E-01
-4.002866E-08,-1.4932464E-01
-3.997866E-08,-1.4932464E-01
-3.992866E-08,-1.4927194E-01
-3.987866E-08,-1.4927194E-01
-3.982866E-08,-1.4921923E-01
-3.977866E-08,-1.4921923E-01
-3.972866E-08,-1.4921923E-01
-3.967866E-08,-1.4916652E-01
-3.962866E-08,-1.4916652E-01
-3.957866E-08,-1.4916652E-01
-3.952866E-08,-1.4916652E-01
-3.947866E-08,-1.4916652E-01
-3.942866E-08,-1.4916652E-01
-3.937866E-08,-1.4916652E-01
-3.932866E-08,-1.4921923E-01
-3.927866E-08,-1.4921923E-01
-3.922866E-08,-1.4921923E-01
-3.917866E-08,-1.4927194E-01
-3.912866E-08,-1.4932464E-01
-3.907866E-08,-1.4932464E-01
-3.902866E-08,-1.4937735E-01
-3.897866E-08,-1.4943006E-01
-3.892866E-08,-1.4943006E-01
-3.887866E-08,-1.4948277E-01
-3.882866E-08,-1.4953548E-01
-3.877866E-08,-1.4958819E-01
-3.872866E-08,-1.4964090E-01
-3.867866E-08,-1.4969361E-01
-3.862866E-08,-1.4969361E-01
-3.857866E-08,-1.4974632E-01
-3.852866E-08,-1.4979903E-01
-3.847866E-08,-1.4979903E-01
-3.842866E-08,-1.4985173E-01
-3.837866E-08,-1.4985173E-01
-3.832866E-08,-1.4990444E-01
-3.827866E-08,-1.4990444E-01
-3.822866E-08,-1.4990444E-01
-3.817866E-08,-1.4990444E-01
-3.812866E-08,-1.4995715E-01
-3.807866E-08,-1.4995715E-01
-3.802866E-08,-1.4990444E-01
-3.797866E-08,-1.4990444E-01
-3.792866E-08,-1.4990444E-01
-3.787866E-08,-1.4990444E-01
-3.782866E-08,-1.4990444E-01
-3.777866E-08,-1.4985173E-01
-3.772866E-08,-1.4985173E-01
-3.767866E-08,-1.4979903E-01
-3.762866E-08,-1.4979903E-01
-3.757866E-08,-1.4979903E-01
-3.752866E-08,-1.4974632E-01
-3.747866E-08,-1.4974632E-01
-3.742866E-08,-1.4974632E-01
-3.737866E-08,-1.4969361E-01
-3.732866E-08,-1.4969361E-01
-3.727866E-08,-1.4969361E-01
-3.722866E-08,-1.4964090E-01
-3.717866E-08,-1.4964090E-01
-3.712866E-08,-1.4964090E-01
-3.707866E-08,-1.4964090E-01
-3.702866E-08,-1.4964090E-01
-3.697866E-08,-1.4964090E-01
-3.692866E-08,-1.4964090E-01
-3.687866E-08,-1.4964090E-01
-3.682866E-08,-1.4958819E-01
-3.677866E-08,-1.4958819E-01
-3.672866E-08,-1.4958819E-01
-3.667866E-08,-1.4958819E-01
-3.662866E-08,-1.4958819E-01
-3.657866E-08,-1.4958819E-01
-3.652866E-08,-1.4958819E-01
-3.647866E-08,-1.4958819E-01
-3.642866E-08,-1.4958819E-01
-3.637866E-08,-1.4958819E-01
-3.632866E-08,-1.4958819E-01
-3.627866E-08,-1.4958819E-01
-3.622866E-08,-1.4953548E-01
-3.617866E-08,-1.4953548E-01
-3.612866E-08,-1.4953548E-01
-3.607866E-08,-1.4948277E-01
-3.602866E-08,-1.4948277E-01
-3.597866E-08,-1.4943006E-01
-3.592866E-08,-1.4943006E-01
-3.587866E-08,-1.4937735E-01
-3.582866E-08,-1.4937735E-01
-3.577866E-08,-1.4932464E-01
-3.572866E-08,-1.4927194E-01
-3.567866E-08,-1.4927194E-01
-3.562866E-08,-1.4921923E-01
-3.557866E-08,-1.4921923E-01
-3.552866E-08,-1.4916652E-01
-3.547866E-08,-1.4916652E-01
-3.542866E-08,-1.4911381E-01
-3.537866E-08,-1.4911381E-01
-3.532866E-08,-1.4906110E-01
-3.527866E-08,-1.4906110E-01
-3.522866E-08,-1.4906110E-01
-3.517866E-08,-1.4900839E-01
-3.512866E-08,-1.4900839E-01
-3.507866E-08,-1.4900839E-01
-3.502866E-08,-1.4900839E-01
-3.497866E-08,-1.4900839E-01
-3.492866E-08,-1.4900839E-01
-3.487866E-08,-1.4900839E-01
-3.482866E-08,-1.4900839E-01
-3.477866E-08,-1.4900839E-01
-3.472866E-08,-1.4900839E-01
-3.467866E-08,-1.4900839E-01
-3.462866E-08,-1.4900839E-01
-3.457866E-08,-1.4900839E-01
-3.452866E-08,-1.4900839E-01
-3.447866E-08,-1.4906110E-01
-3.442866E-08,-1.4906110E-01
-3.437866E-08,-1.4906110E-01
-3.432866E-08,-1.4906110E-01
-3.427866E-08,-1.4906110E-01
-3.422866E-08,-1.4906110E-01
-3.417866E-08,-1.4906110E-01
-3.412866E-08,-1.4906110E-01
-3.407866E-08,-1.4906110E-01
-3.402866E-08,-1.4906110E-01
-3.397866E-08,-1.4906110E-01
-3.392866E-08,-1.4906110E-01
-3.387866E-08,-1.4906110E-01
-3.382866E-08,-1.4906110E-01
-3.377866E-08,-1.4900839E-01
-3.372866E-08,-1.4900839E-01
-3.367866E-08,-1.4900839E-01
-3.362866E-08,-1.4900839E-01
-3.357866E-08,-1.4900839E-01
-3.352866E-08,-1.4906110E-01
-3.347866E-08,-1.4906110E-01
-3.342866E-08,-1.4906110E-01
-3.337866E-08,-1.4906110E-01
-3.332866E-08,-1.4906110E-01
-3.327866E-08,-1.4911381E-01
-3.322866E-08,-1.4911381E-01
-3.317866E-08,-1.4916652E-01
-3.312866E-08,-1.4916652E-01
-3.307866E-08,-1.4921923E-01
-3.302866E-08,-1.4927194E-01
-3.297866E-08,-1.4927194E-01
-3.292866E-08,-1.4932464E-01
-3.287866E-08,-1.4937735E-01
-3.282866E-08,-1.4943006E-01
-3.277866E-08,-1.4943006E-01
-3.272866E-08,-1.4948277E-01
-3.267866E-08,-1.4953548E-01
-3.262866E-08,-1.4958819E-01
-3.257866E-08,-1.4958819E-01
-3.252866E-08,-1.4964090E-01
-3.247866E-08,-1.4964090E-01
-3.242866E-08,-1.4969361E-01
-3.237866E-08,-1.4969361E-01
-3.232866E-08,-1.4974632E-01
-3.227866E-08,-1.4974632E-01
-3.222866E-08,-1.4974632E-01
-3.217866E-08,-1.4974632E-01
-3.212866E-08,-1.4974632E-01
-3.207866E-08,-1.4974632E-01
-3.202866E-08,-1.4974632E-01
-3.197866E-08,-1.4974632E-01
-3.192866E-08,-1.4974632E-01
-3.187866E-08,-1.4969361E-01
-3.182866E-08,-1.4969361E-01
-3.177866E-08,-1.4964090E-01
-3.172866E-08,-1.4964090E-01
-3.167866E-08,-1.4958819E-01
-3.162866E-08,-1.4958819E-01
-3.157866E-08,-1.4953548E-01
-3.152866E-08,-1.4953548E-01
-3.147866E-08,-1.4948277E-01
-3.142866E-08,-1.4943006E-01
-3.137866E-08,-1.4943006E-01
-3.132866E-08,-1.4943006E-01
-3.127866E-08,-1.4937735E-01
-3.122866E-08,-1.4937735E-01
-3.117866E-08,-1.4937735E-01
-3.112866E-08,-1.4932464E-01
-3.107866E-08,-1.4932464E-01
-3.102866E-08,-1.4932464E-01
-3.097866E-08,-1.4932464E-01
-3.092866E-08,-1.4932464E-01
-3.087866E-08,-1.4937735E-01
-3.082866E-08,-1.4937735E-01
-3.077866E-08,-1.4937735E-01
-3.072866E-08,-1.4943006E-01
-3.067866E-08,-1.4943006E-01
-3.062866E-08,-1.4948277E-01
-3.057866E-08,-1.4953548E-01
-3.052866E-08,-1.4953548E-01
-3.047866E-08,-1.4958819E-01
-3.042866E-08,-1.4964090E-01
-3.037866E-08,-1.4964090E-01
-3.032866E-08,-1.4969361E-01
-3.027866E-08,-1.4974632E-01
-3.022866E-08,-1.4979903E-01
-3.017866E-08,-1.4979903E-01
-3.012866E-08,-1.4985173E-01
-3.007866E-08,-1.4990444E-01
-3.002866E-08,-1.4990444E-01
-2.997866E-08,-1.4995715E-01
-2.992866E-08,-1.4995715E-01
-2.987866E-08,-1.4995715E-01
-2.982866E-08,-1.4995715E-01
-2.977866E-08,-1.5000986E-01
-2.972866E-08,-1.5000986E-01
-2.967866E-08,-1.5000986E-01
-2.962866E-08,-1.5000986E-01
-2.957866E-08,-1.5000986E-01
-2.952866E-08,-1.4995715E-01
-2.947866E-08,-1.4995715E-01
-2.942866E-08,-1.4995715E-01
-2.937866E-08,-1.4995715E-01
-2.932866E-08,-1.4990444E-01
-2.927866E-08,-1.4990444E-01
-2.922866E-08,-1.4990444E-01
-2.917866E-08,-1.4985173E-01
-2.912866E-08,-1.4985173E-01
-2.907866E-08,-1.4979903E-01
-2.902866E-08,-1.4979903E-01
-2.897866E-08,-1.4974632E-01
-2.892866E-08,-1.4974632E-01
-2.887866E-08,-1.4969361E-01
-2.882866E-08,-1.4969361E-01
-2.877866E-08,-1.4969361E-01
-2.872866E-08,-1.4964090E-01
-2.867866E-08,-1.4964090E-01
-2.862866E-08,-1.4964090E-01
-2.857866E-08,-1.4964090E-01
-2.852866E-08,-1.4958819E-01
-2.847866E-08,-1.4958819E-01
-2.842866E-08,-1.4958819E-01
-2.837866E-08,-1.4958819E-01
-2.832866E-08,-1.4958819E-01
-2.827866E-08,-1.4958819E-01
-2.822866E-08,-1.4958819E-01
-2.817866E-08,-1.4953548E-01
-2.812866E-08,-1.4953548E-01
-2.807866E-08,-1.4953548E-01
-2.802866E-08,-1.4953548E-01
-2.797866E-08,-1.4953548E-01
-2.792866E-08,-1.4953548E-01
-2.787866E-08,-1.4953548E-01
-2.782866E-08,-1.4953548E-01
-2.777866E-08,-1.4953548E-01
-2.772866E-08,-1.4953548E-01
-2.767866E-08,-1.4953548E-01
-2.762866E-08,-1.4953548E-01
-2.757866E-08,-1.4953548E-01
-2.752866E-08,-1.4953548E-01
-2.747866E-08,-1.4958819E-01
-2.742866E-08,-1.4958819E-01
-2.737866E-08,-1.4958819E-01
-2.732866E-08,-1.4958819E-01
-2.727866E-08,-1.4958819E-01
-2.722866E-08,-1.4958819E-01
-2.717866E-08,-1.4958819E-01
-2.712866E-08,-1.4958819E-01
-2.707866E-08,-1.4958819E-01
-2.702866E-08,-1.4958819E-01
-2.697866E-08,-1.4958819E-01
-2.692866E-08,-1.4958819E-01
-2.687866E-08,-1.4958819E-01
-2.682866E-08,-1.4958819E-01
-2.677866E-08,-1.4958819E-01
-2.672866E-08,-1.4964090E-01
-2.667866E-08,-1.4964090E-01
-2.662866E-08,-1.4964090E-01
-2.657866E-08,-1.4964090E-01
-2.652866E-08,-1.4964090E-01
-2.647866E-08,-1.4964090E-01
-2.642866E-08,-1.4964090E-01
-2.637866E-08,-1.4964090E-01
-2.632866E-08,-1.4964090E-01
-2.627866E-08,-1.4964090E-01
-2.622866E-08,-1.4964090E-01
-2.617866E-08,-1.4958819E-01
-2.612866E-08,-1.4958819E-01
-2.607866E-08,-1.4958819E-01
-2.602866E-08,-1.4958819E-01
-2.597866E-08,-1.4958819E-01
-2.592866E-08,-1.4958819E-01
-2.587866E-08,-1.4953548E-01
-2.582866E-08,-1.4953548E-01
-2.577866E-08,-1.4953548E-01
-2.572866E-08,-1.4948277E-01
-2.567866E-08,-1.4948277E-01
-2.562866E-08,-1.4948277E-01
-2.557866E-08,-1.4943006E-01
-2.552866E-08,-1.4943006E-01
-2.547866E-08,-1.4937735E-01
-2.542866E-08,-1.4937735E-01
-2.537866E-08,-1.4937735E-01
-2.532866E-08,-1.4937735E-01
-2.527866E-08,-1.4932464E-01
-2.522866E-08,-1.4932464E-01
-2.517866E-08,-1.4932464E-01
-2.512866E-08,-1.4932464E-01
-2.507866E-08,-1.4932464E-01
-2.502866E-08,-1.4932464E-01
-2.497866E-08,-1.4932464E-01
-2.492866E-08,-1.4937735E-01
-2.487866E-08,-1.4937735E-01
-2.482866E-08,-1.4937735E-01
-2.477866E-08,-1.4943006E-01
-2.472866E-08,-1.4943006E-01
-2.467866E-08,-1.4948277E-01
-2.462866E-08,-1.4948277E-01
-2.457866E-08,-1.4953548E-01
-2.452866E-08,-1.4953548E-01
-2.447866E-08,-1.4958819E-01
-2.442866E-08,-1.4964090E-01
-2.437866E-08,-1.4964090E-01
-2.432866E-08,-1.4969361E-01
-2.427866E-08,-1.4974632E-01
-2.422866E-08,-1.4974632E-01
-2.417866E-08,-1.4979903E-01
-2.412866E-08,-1.4985173E-01
-2.407866E-08,-1.4985173E-01
-2.402866E-08,-1.4990444E-01
-2.397866E-08,-1.4990444E-01
-2.392866E-08,-1.4990444E-01
-2.387866E-08,-1.4995715E-01
-2.382866E-08,-1.4995715E-01
-2.377866E-08,-1.4995715E-01
-2.372866E-08,-1.4995715E-01
-2.367866E-08,-1.4995715E-01
-2.362866E-08,-1.4995715E-01
-2.357866E-08,-1.4995715E-01
-2.352866E-08,-1.4990444E-01
-2.347866E-08,-1.4990444E-01
-2.342866E-08,-1.4990444E-01
-2.337866E-08,-1.4985173E-01
-2.332866E-08,-1.4985173E-01
-2.327866E-08,-1.4979903E-01
-2.322866E-08,-1.4979903E-01
-2.317866E-08,-1.4974632E-01
-2.312866E-08,-1.4974632E-01
-2.307866E-08,-1.4969361E-01
-2.302866E-08,-1.4964090E-01
-2.297866E-08,-1.4964090E-01
-2.292866E-08,-1.4958819E-01
-2.287866E-08,-1.4958819E-01
-2.282866E-08,-1.4953548E-01
-2.277866E-08,-1.4953548E-01
-2.272866E-08,-1.4948277E-01
-2.267866E-08,-1.4948277E-01
-2.262866E-08,-1.4943006E-01
-2.257866E-08,-1.4943006E-01
-2.252866E-08,-1.4943006E-01
-2.247866E-08,-1.4943006E-01
-2.242866E-08,-1.4937735E-01
-2.237866E-08,-1.4937735E-01
-2.232866E-08,-1.4937735E-01
-2.227866E-08,-1.4937735E-01
-2.222866E-08,-1.4937735E-01
-2.217866E-08,-1.4937735E-01
-2.212866E-08,-1.4937735E-01
-2.207866E-08,-1.4937735E-01
-2.202866E-08,-1.4937735E-01
-2.197866E-08,-1.4937735E-01
-2.192866E-08,-1.4937735E-01
-2.187866E-08,-1.4937735E-01
-2.182866E-08,-1.4937735E-01
-2.177866E-08,-1.4937735E-01
-2.172866E-08,-1.4937735E-01
-2.167866E-08,-1.4937735E-01
-2.162866E-08,-1.4937735E-01
-2.157866E-08,-1.4937735E-01
-2.152866E-08,-1.4937735E-01
-2.147866E-08,-1.4937735E-01
-2.142866E-08,-1.4937735E-01
-2.137866E-08,-1.4937735E-01
-2.132866E-08,-1.4937735E-01
-2.127866E-08,-1.4937735E-01
-2.122866E-08,-1.4937735E-01
-2.117866E-08,-1.4937735E-01
-2.112866E-08,-1.4937735E-01
-2.107866E-08,-1.4937735E-01
-2.102866E-08,-1.4937735E-01
-2.097866E-08,-1.4937735E-01
-2.092866E-08,-1.4937735E-01
-2.087866E-08,-1.4937735E-01
-2.082866E-08,-1.4937735E-01
-2.077866E-08,-1.4943006E-01
-2.072866E-08,-1.4943006E-01
-2.067866E-08,-1.4943006E-01
-2.062866E-08,-1.4948277E-01
-2.057866E-08,-1.4948277E-01
-2.052866E-08,-1.4948277E-01
-2.047866E-08,-1.4953548E-01
-2.042866E-08,-1.4953548E-01
-2.037866E-08,-1.4958819E-01
-2.032866E-08,-1.4958819E-01
-2.027866E-08,-1.4964090E-01
-2.022866E-08,-1.4964090E-01
-2.017866E-08,-1.4969361E-01
-2.012866E-08,-1.4969361E-01
-2.007866E-08,-1.4974632E-01
-2.002866E-08,-1.4974632E-01
-1.997866E-08,-1.4974632E-01
-1.992866E-08,-1.4974632E-01
-1.987866E-08,-1.4974632E-01
-1.982866E-08,-1.4974632E-01
-1.977866E-08,-1.4974632E-01
-1.972866E-08,-1.4974632E-01
-1.967866E-08,-1.4974632E-01
-1.962866E-08,-1.4974632E-01
-1.957866E-08,-1.4969361E-01
-1.952866E-08,-1.4969361E-01
-1.947866E-08,-1.4964090E-01
-1.942866E-08,-1.4964090E-01
-1.937866E-08,-1.4958819E-01
-1.932866E-08,-1.4953548E-01
-1.927866E-08,-1.4948277E-01
-1.922866E-08,-1.4948277E-01
-1.917866E-08,-1.4943006E-01
-1.912866E-08,-1.4937735E-01
-1.907866E-08,-1.4932464E-01
-1.902866E-08,-1.4927194E-01
-1.897866E-08,-1.4921923E-01
-1.892866E-08,-1.4921923E-01
-1.887866E-08,-1.4916652E-01
-1.882866E-08,-1.4911381E-01
-1.877866E-08,-1.4911381E-01
-1.872866E-08,-1.4906110E-01
-1.867866E-08,-1.4906110E-01
-1.862866E-08,-1.4900839E-01
-1.857866E-08,-1.4900839E-01
-1.852866E-08,-1.4900839E-01
-1.847866E-08,-1.4900839E-01
-1.842866E-08,-1.4900839E-01
-1.837866E-08,-1.4900839E-01
-1.832866E-08,-1.4900839E-01
-1.827866E-08,-1.4900839E-01
-1.822866E-08,-1.4906110E-01
-1.817866E-08,-1.4906110E-01
-1.812866E-08,-1.4906110E-01
-1.807866E-08,-1.4911381E-01
-1.802866E-08,-1.4911381E-01
-1.797866E-08,-1.4916652E-01
-1.792866E-08,-1.4916652E-01
-1.787866E-08,-1.4916652E-01
-1.782866E-08,-1.4921923E-01
-1.777866E-08,-1.4921923E-01
-1.772866E-08,-1.4921923E-01
-1.767866E-08,-1.4921923E-01
-1.762866E-08,-1.4921923E-01
-1.757866E-08,-1.4921923E-01
-1.752866E-08,-1.4921923E-01
-1.747866E-08,-1.4921923E-01
-1.742866E-08,-1.4921923E-01
-1.737866E-08,-1.4916652E-01
-1.732866E-08,-1.4916652E-01
-1.727866E-08,-1.4911381E-01
-1.722866E-08,-1.4906110E-01
-1.717866E-08,-1.4906110E-01
-1.712866E-08,-1.4900839E-01
-1.707866E-08,-1.4895568E-01
-1.702866E-08,-1.4890297E-01
-1.697866E-08,-1.4885026E-01
-1.692866E-08,-1.4885026E-01
-1.687866E-08,-1.4879755E-01
-1.682866E-08,-1.4874485E-01
-1.677866E-08,-1.4869214E-01
-1.672866E-08,-1.4863943E-01
-1.667866E-08,-1.4863943E-01
-1.662866E-08,-1.4858672E-01
-1.657866E-08,-1.4858672E-01
-1.652866E-08,-1.4858672E-01
-1.647866E-08,-1.4858672E-01
-1.642866E-08,-1.4858672E-01
-1.637866E-08,-1.4858672E-01
-1.632866E-08,-1.4858672E-01
-1.627866E-08,-1.4858672E-01
-1.622866E-08,-1.4863943E-01
-1.617866E-08,-1.4869214E-01
-1.612866E-08,-1.4874485E-01
-1.607866E-08,-1.4879755E-01
-1.602866E-08,-1.4885026E-01
-1.597866E-08,-1.4890297E-01
-1.592866E-08,-1.4895568E-01
-1.587866E-08,-1.4906110E-01
-1.582866E-08,-1.4911381E-01
-1.577866E-08,-1.4921923E-01
-1.572866E-08,-1.4927194E-01
-1.567866E-08,-1.4932464E-01
-1.562866E-08,-1.4943006E-01
-1.557866E-08,-1.4948277E-01
-1.552866E-08,-1.4958819E-01
-1.547866E-08,-1.4964090E-01
-1.542866E-08,-1.4969361E-01
-1.537866E-08,-1.4974632E-01
-1.532866E-08,-1.4979903E-01
-1.527866E-08,-1.4979903E-01
-1.522866E-08,-1.4985173E-01
-1.517866E-08,-1.4985173E-01
-1.512866E-08,-1.4990444E-01
-1.507866E-08,-1.4990444E-01
-1.502866E-08,-1.4990444E-01
-1.497866E-08,-1.4990444E-01
-1.492866E-08,-1.4985173E-01
-1.487866E-08,-1.4985173E-01
-1.482866E-08,-1.4979903E-01
-1.477866E-08,-1.4974632E-01
-1.472866E-08,-1.4974632E-01
-1.467866E-08,-1.4969361E-01
-1.462866E-08,-1.4964090E-01
-1.457866E-08,-1.4958819E-01
-1.452866E-08,-1.4953548E-01
-1.447866E-08,-1.4948277E-01
-1.442866E-08,-1.4937735E-01
-1.437866E-08,-1.4932464E-01
-1.432866E-08,-1.4927194E-01
-1.427866E-08,-1.4921923E-01
-1.422866E-08,-1.4916652E-01
-1.417866E-08,-1.4916652E-01
-1.412866E-08,-1.4911381E-01
-1.407866E-08,-1.4906110E-01
-1.402866E-08,-1.4906110E-01
-1.397866E-08,-1.4900839E-01
-1.392866E-08,-1.4900839E-01
-1.387866E-08,-1.4900839E-01
-1.382866E-08,-1.4900839E-01
-1.377866E-08,-1.4900839E-01
-1.372866E-08,-1.4900839E-01
-1.367866E-08,-1.4900839E-01
-1.362866E-08,-1.4906110E-01
-1.357866E-08,-1.4906110E-01
-1.352866E-08,-1.4911381E-01
-1.347866E-08,-1.4911381E-01
-1.342866E-08,-1.4916652E-01
-1.337866E-08,-1.4921923E-01
-1.332866E-08,-1.4927194E-01
-1.327866E-08,-1.4927194E-01
-1.322866E-08,-1.4932464E-01
-1.317866E-08,-1.4937735E-01
-1.312866E-08,-1.4943006E-01
-1.307866E-08,-1.4943006E-01
-1.302866E-08,-1.4948277E-01
-1.297866E-08,-1.4953548E-01
-1.292866E-08,-1.4953548E-01
-1.287866E-08,-1.4958819E-01
-1.282866E-08,-1.4958819E-01
-1.277866E-08,-1.4958819E-01
-1.272866E-08,-1.4964090E-01
-1.267866E-08,-1.4964090E-01
-1.262866E-08,-1.4964090E-01
-1.257866E-08,-1.4964090E-01
-1.252866E-08,-1.4964090E-01
-1.247866E-08,-1.4958819E-01
-1.242866E-08,-1.4958819E-01
-1.237866E-08,-1.4958819E-01
-1.232866E-08,-1.4953548E-01
-1.227866E-08,-1.4953548E-01
-1.222866E-08,-1.4953548E-01
-1.217866E-08,-1.4948277E-01
-1.212866E-08,-1.4948277E-01
-1.207866E-08,-1.4943006E-01
-1.202866E-08,-1.4943006E-01
-1.197866E-08,-1.4937735E-01
-1.192866E-08,-1.4932464E-01
-1.187866E-08,-1.4932464E-01
-1.182866E-08,-1.4932464E-01
-1.177866E-08,-1.4927194E-01
-1.172866E-08,-1.4927194E-01
-1.167866E-08,-1.4921923E-01
-1.162866E-08,-1.4921923E-01
-1.157866E-08,-1.4921923E-01
-1.152866E-08,-1.4916652E-01
-1.147866E-08,-1.4916652E-01
-1.142866E-08,-1.4916652E-01
-1.137866E-08,-1.4916652E-01
-1.132866E-08,-1.4911381E-01
-1.127866E-08,-1.4911381E-01
-1.122866E-08,-1.4911381E-01
-1.117866E-08,-1.4911381E-01
-1.112866E-08,-1.4911381E-01
-1.107866E-08,-1.4911381E-01
-1.102866E-08,-1.4911381E-01
-1.097866E-08,-1.4911381E-01
-1.092866E-08,-1.4911381E-01
-1.087866E-08,-1.4911381E-01
-1.082866E-08,-1.4911381E-01
-1.077866E-08,-1.4911381E-01
-1.072866E-08,-1.4916652E-01
-1.067866E-08,-1.4916652E-01
-1.062866E-08,-1.4916652E-01
-1.057866E-08,-1.4916652E-01
-1.052866E-08,-1.4916652E-01
-1.047866E-08,-1.4916652E-01
-1.042866E-08,-1.4916652E-01
-1.037866E-08,-1.4916652E-01
-1.032866E-08,-1.4921923E-01
-1.027866E-08,-1.4921923E-01
-1.022866E-08,-1.4921923E-01
-1.017866E-08,-1.4921923E-01
-1.012866E-08,-1.4921923E-01
-1.007866E-08,-1.4921923E-01
-1.002866E-08,-1.4921923E-01
-9.97866E-09,-1.4921923E-01
-9.92866E-09,-1.4921923E-01
-9.87866E-09,-1.4921923E-01
-9.82866E-09,-1.4921923E-01
-9.77866E-09,-1.4916652E-01
-9.72866E-09,-1.4916652E-01
-9.67866E-09,-1.4916652E-01
-9.62866E-09,-1.4916652E-01
-9.57866E-09,-1.4916652E-01
-9.52866E-09,-1.4911381E-01
-9.47866E-09,-1.4911381E-01
-9.42866E-09,-1.4911381E-01
-9.37866E-09,-1.4906110E-01
-9.32866E-09,-1.4906110E-01
-9.27866E-09,-1.4906110E-01
-9.22866E-09,-1.4900839E-01
-9.17866E-09,-1.4900839E-01
-9.12866E-09,-1.4895568E-01
-9.07866E-09,-1.4895568E-01
-9.02866E-09,-1.4890297E-01
-8.97866E-09,-1.4885026E-01
-8.92866E-09,-1.4885026E-01
-8.87866E-09,-1.4879755E-01
-8.82866E-09,-1.4879755E-01
-8.77866E-09,-1.4874485E-01
-8.72866E-09,-1.4874485E-01
-8.67866E-09,-1.4869214E-01
-8.62866E-09,-1.4863943E-01
-8.57866E-09,-1.4863943E-01
-8.52866E-09,-1.4863943E-01
-8.47866E-09,-1.4858672E-01
-8.42866E-09,-1.4858672E-01
-8.37866E-09,-1.4853401E-01
-8.32866E-09,-1.4853401E-01
-8.27866E-09,-1.4853401E-01
-8.22866E-09,-1.4853401E-01
-8.17866E-09,-1.4853401E-01
-8.12866E-09,-1.4853401E-01
-8.07866E-09,-1.4853401E-01
-8.02866E-09,-1.4853401E-01
-7.97866E-09,-1.4858672E-01
-7.92866E-09,-1.4858672E-01
-7.87866E-09,-1.4863943E-01
-7.82866E-09,-1.4863943E-01
-7.77866E-09,-1.4869214E-01
-7.72866E-09,-1.4869214E-01
-7.67866E-09,-1.4874485E-01
-7.62866E-09,-1.4879755E-01
-7.57866E-09,-1.4885026E-01
-7.52866E-09,-1.4885026E-01
-7.47866E-09,-1.4890297E-01
-7.42866E-09,-1.4895568E-01
-7.37866E-09,-1.4900839E-01
-7.32866E-09,-1.4906110E-01
-7.27866E-09,-1.4911381E-01
-7.22866E-09,-1.4916652E-01
-7.17866E-09,-1.4921923E-01
-7.12866E-09,-1.4927194E-01
-7.07866E-09,-1.4932464E-01
-7.02866E-09,-1.4932464E-01
-6.97866E-09,-1.4937735E-01
-6.92866E-09,-1.4943006E-01
-6.87866E-09,-1.4943006E-01
-6.82866E-09,-1.4948277E-01
-6.77866E-09,-1.4953548E-01
-6.72866E-09,-1.4953548E-01
-6.67866E-09,-1.4953548E-01
-6.62866E-09,-1.4958819E-01
-6.57866E-09,-1.4958819E-01
-6.52866E-09,-1.4958819E-01
-6.47866E-09,-1.4958819E-01
-6.42866E-09,-1.4958819E-01
-6.37866E-09,-1.4958819E-01
-6.32866E-09,-1.4958819E-01
-6.27866E-09,-1.4958819E-01
-6.22866E-09,-1.4958819E-01
-6.17866E-09,-1.4953548E-01
-6.12866E-09,-1.4953548E-01
-6.07866E-09,-1.4948277E-01
-6.02866E-09,-1.4948277E-01
-5.97866E-09,-1.4948277E-01
-5.92866E-09,-1.4943006E-01
-5.87866E-09,-1.4937735E-01
-5.82866E-09,-1.4937735E-01
-5.77866E-09,-1.4932464E-01
-5.72866E-09,-1.4932464E-01
-5.67866E-09,-1.4927194E-01
-5.62866E-09,-1.4927194E-01
-5.57866E-09,-1.4921923E-01
-5.52866E-09,-1.4916652E-01
-5.47866E-09,-1.4916652E-01
-5.42866E-09,-1.4911381E-01
-5.37866E-09,-1.4911381E-01
-5.32866E-09,-1.4911381E-01
-5.27866E-09,-1.4906110E-01
-5.22866E-09,-1.4906110E-01
-5.17866E-09,-1.4906110E-01
-5.12866E-09,-1.4906110E-01
-5.07866E-09,-1.4900839E-01
-5.02866E-09,-1.4900839E-01
-4.97866E-09,-1.4906110E-01
-4.92866E-09,-1.4906110E-01
-4.87866E-09,-1.4906110E-01
-4.82866E-09,-1.4906110E-01
-4.77866E-09,-1.4911381E-01
-4.72866E-09,-1.4911381E-01
-4.67866E-09,-1.4916652E-01
-4.62866E-09,-1.4916652E-01
-4.57866E-09,-1.4921923E-01
-4.52866E-09,-1.4927194E-01
-4.47866E-09,-1.4932464E-01
-4.42866E-09,-1.4937735E-01
-4.37866E-09,-1.4943006E-01
-4.32866E-09,-1.4948277E-01
-4.27866E-09,-1.4948277E-01
-4.22866E-09,-1.4958819E-01
-4.17866E-09,-1.4964090E-01
-4.12866E-09,-1.4969361E-01
-4.07866E-09,-1.4974632E-01
-4.02866E-09,-1.4979903E-01
-3.97866E-09,-1.4985173E-01
-3.92866E-09,-1.4990444E-01
-3.87866E-09,-1.4995715E-01
-3.82866E-09,-1.5000986E-01
-3.77866E-09,-1.5006257E-01
-3.72866E-09,-1.5011528E-01
-3.67866E-09,-1.5016799E-01
-3.62866E-09,-1.5022070E-01
-3.57866E-09,-1.5022070E-01
-3.52866E-09,-1.5027341E-01
-3.47866E-09,-1.5027341E-01
-3.42866E-09,-1.5032612E-01
-3.37866E-09,-1.5032612E-01
-3.32866E-09,-1.5037883E-01
-3.27866E-09,-1.5037883E-01
-3.22866E-09,-1.5037883E-01
-3.17866E-09,-1.5037883E-01
-3.12866E-09,-1.5037883E-01
-3.07866E-09,-1.5037883E-01
-3.02866E-09,-1.5037883E-01
-2.97866E-09,-1.5037883E-01
-2.92866E-09,-1.5032612E-01
-2.87866E-09,-1.5032612E-01
-2.82866E-09,-1.5027341E-01
-2.77866E-09,-1.5027341E-01
-2.72866E-09,-1.5022070E-01
-2.67866E-09,-1.5016799E-01
-2.62866E-09,-1.5016799E-01
-2.57866E-09,-1.5011528E-01
-2.52866E-09,-1.5006257E-01
-2.47866E-09,-1.5006257E-01
-2.42866E-09,-1.5000986E-01
-2.37866E-09,-1.4995715E-01
-2.32866E-09,-1.4995715E-01
-2.27866E-09,-1.4990444E-01
-2.22866E-09,-1.4985173E-01
-2.17866E-09,-1.4985173E-01
-2.12866E-09,-1.4979903E-01
-2.07866E-09,-1.4974632E-01
-2.02866E-09,-1.4974632E-01
-1.97866E-09,-1.4969361E-01
-1.92866E-09,-1.4969361E-01
-1.87866E-09,-1.4964090E-01
-1.82866E-09,-1.4964090E-01
-1.77866E-09,-1.4964090E-01
-1.72866E-09,-1.4958819E-01
-1.67866E-09,-1.4958819E-01
-1.62866E-09,-1.4958819E-01
-1.57866E-09,-1.4953548E-01
-1.52866E-09,-1.4953548E-01
-1.47866E-09,-1.4953548E-01
-1.42866E-09,-1.4953548E-01
-1.37866E-09,-1.4948277E-01
-1.32866E-09,-1.4948277E-01
-1.27866E-09,-1.4948277E-01
-1.22866E-09,-1.4948277E-01
-1.17866E-09,-1.4948277E-01
-1.12866E-09,-1.4943006E-01
-1.07866E-09,-1.4943006E-01
-1.02866E-09,-1.4943006E-01
-9.7866E-10,-1.4943006E-01
-9.2866E-10,-1.4937735E-01
-8.7866E-10,-1.4937735E-01
-8.2866E-10,-1.4937735E-01
-7.7866E-10,-1.4932464E-01
-7.2866E-10,-1.4932464E-01
-6.7866E-10,-1.4932464E-01
-6.2866E-10,-1.4932464E-01
-5.7866E-10,-1.4932464E-01
-5.2866E-10,-1.4927194E-01
-4.7866E-10,-1.4927194E-01
-4.2866E-10,-1.4927194E-01
-3.7866E-10,-1.4927194E-01
-3.2866E-10,-1.4927194E-01
-2.7866E-10,-1.4927194E-01
-2.2866E-10,-1.4927194E-01
-1.7866E-10,-1.4927194E-01
-1.2866E-10,-1.4927194E-01
-7.866E-11,-1.4927194E-01
-2.866E-11,-1.4932464E-01
2.134E-11,-1.4932464E-01
7.134E-11,-1.4932464E-01
1.2134E-10,-1.4937735E-01
1.7134E-10,-1.4937735E-01
2.2134E-10,-1.4937735E-01
2.7134E-10,-1.4943006E-01
3.2134E-10,-1.4943006E-01
3.7134E-10,-1.4948277E-01
4.2134E-10,-1.4948277E-01
4.7134E-10,-1.4953548E-01
5.2134E-10,-1.4953548E-01
5.7134E-10,-1.4958819E-01
6.2134E-10,-1.4958819E-01
6.7134E-10,-1.4958819E-01
7.2134E-10,-1.4958819E-01
7.7134E-10,-1.4964090E-01
8.2134E-10,-1.4964090E-01
8.7134E-10,-1.4964090E-01
9.2134E-10,-1.4964090E-01
9.7134E-10,-1.4964090E-01
1.02134E-09,-1.4958819E-01
1.07134E-09,-1.4958819E-01
1.12134E-09,-1.4953548E-01
1.17134E-09,-1.4953548E-01
1.22134E-09,-1.4948277E-01
1.27134E-09,-1.4948277E-01
1.32134E-09,-1.4943006E-01
1.37134E-09,-1.4937735E-01
1.42134E-09,-1.4932464E-01
1.47134E-09,-1.4927194E-01
1.52134E-09,-1.4916652E-01
1.57134E-09,-1.4911381E-01
1.62134E-09,-1.4906110E-01
1.67134E-09,-1.4900839E-01
1.72134E-09,-1.4895568E-01
1.77134E-09,-1.4890297E-01
1.82134E-09,-1.4885026E-01
1.87134E-09,-1.4879755E-01
1.92134E-09,-1.4874485E-01
1.97134E-09,-1.4869214E-01
2.02134E-09,-1.4863943E-01
2.07134E-09,-1.4863943E-01
2.12134E-09,-1.4858672E-01
2.17134E-09,-1.4858672E-01
2.22134E-09,-1.4858672E-01
2.27134E-09,-1.4858672E-01
2.32134E-09,-1.4858672E-01
2.37134E-09,-1.4858672E-01
2.42134E-09,-1.4863943E-01
2.47134E-09,-1.4869214E-01
2.52134E-09,-1.4869214E-01
2.57134E-09,-1.4874485E-01
2.62134E-09,-1.4879755E-01
2.67134E-09,-1.4885026E-01
2.72134E-09,-1.4890297E-01
2.77134E-09,-1.4900839E-01
2.82134E-09,-1.4906110E-01
2.87134E-09,-1.4911381E-01
2.92134E-09,-1.4921923E-01
2.97134E-09,-1.4927194E-01
3.02134E-09,-1.4932464E-01
3.07134E-09,-1.4943006E-01
3.12134E-09,-1.4948277E-01
3.17134E-09,-1.4953548E-01
3.22134E-09,-1.4964090E-01
3.27134E-09,-1.4969361E-01
3.32134E-09,-1.4974632E-01
3.37134E-09,-1.4979903E-01
3.42134E-09,-1.4985173E-01
3.47134E-09,-1.4985173E-01
3.52134E-09,-1.4990444E-01
3.57134E-09,-1.4990444E-01
3.62134E-09,-1.4995715E-01
3.67134E-09,-1.4995715E-01
3.72134E-09,-1.4995715E-01
3.77134E-09,-1.4995715E-01
3.82134E-09,-1.4990444E-01
3.87134E-09,-1.4990444E-01
3.92134E-09,-1.4985173E-01
3.97134E-09,-1.4985173E-01
4.02134E-09,-1.4979903E-01
4.07134E-09,-1.4979903E-01
4.12134E-09,-1.4974632E-01
4.17134E-09,-1.4969361E-01
4.22134E-09,-1.4964090E-01
4.27134E-09,-1.4964090E-01
4.32134E-09,-1.4958819E-01
4.37134E-09,-1.4953548E-01
4.42134E-09,-1.4948277E-01
4.47134E-09,-1.4948277E-01
4.52134E-09,-1.4943006E-01
4.57134E-09,-1.4937735E-01
4.62134E-09,-1.4937735E-01
4.67134E-09,-1.4937735E-01
4.72134E-09,-1.4932464E-01
4.77134E-09,-1.4932464E-01
4.82134E-09,-1.4932464E-01
4.87134E-09,-1.4932464E-01
4.92134E-09,-1.4932464E-01
4.97134E-09,-1.4927194E-01
5.02134E-09,-1.4932464E-01
5.07134E-09,-1.4932464E-01
5.12134E-09,-1.4932464E-01
5.17134E-09,-1.4932464E-01
5.22134E-09,-1.4937735E-01
5.27134E-09,-1.4937735E-01
5.32134E-09,-1.4937735E-01
5.37134E-09,-1.4943006E-01
5.42134E-09,-1.4943006E-01
5.47134E-09,-1.4948277E-01
5.52134E-09,-1.4948277E-01
5.57134E-09,-1.4953548E-01
5.62134E-09,-1.4953548E-01
5.67134E-09,-1.4958819E-01
5.72134E-09,-1.4958819E-01
5.77134E-09,-1.4958819E-01
5.82134E-09,-1.4964090E-01
5.87134E-09,-1.4964090E-01
5.92134E-09,-1.4969361E-01
5.97134E-09,-1.4969361E-01
6.02134E-09,-1.4969361E-01
6.07134E-09,-1.4974632E-01
6.12134E-09,-1.4974632E-01
6.17134E-09,-1.4974632E-01
6.22134E-09,-1.4974632E-01
6.27134E-09,-1.4979903E-01
6.32134E-09,-1.4979903E-01
6.37134E-09,-1.4979903E-01
6.42134E-09,-1.4979903E-01
6.47134E-09,-1.4985173E-01
6.52134E-09,-1.4985173E-01
6.57134E-09,-1.4985173E-01
6.62134E-09,-1.4985173E-01
6.67134E-09,-1.4990444E-01
6.72134E-09,-1.4990444E-01
6.77134E-09,-1.4990444E-01
6.82134E-09,-1.4990444E-01
6.87134E-09,-1.4995715E-01
6.92134E-09,-1.4995715E-01
6.97134E-09,-1.4995715E-01
7.02134E-09,-1.4995715E-01
7.07134E-09,-1.5000986E-01
7.12134E-09,-1.5000986E-01
7.17134E-09,-1.5000986E-01
7.22134E-09,-1.5006257E-01
7.27134E-09,-1.5006257E-01
7.32134E-09,-1.5006257E-01
7.37134E-09,-1.5006257E-01
7.42134E-09,-1.5011528E-01
7.47134E-09,-1.5011528E-01
7.52134E-09,-1.5011528E-01
7.57134E-09,-1.5011528E-01
7.62134E-09,-1.5011528E-01
7.67134E-09,-1.5016799E-01
7.72134E-09,-1.5016799E-01
7.77134E-09,-1.5016799E-01
7.82134E-09,-1.5016799E-01
7.87134E-09,-1.5022070E-01
7.92134E-09,-1.5022070E-01
7.97134E-09,-1.5027341E-01
8.02134E-09,-1.5027341E-01
8.07134E-09,-1.5032612E-01
8.12134E-09,-1.5037883E-01
8.17134E-09,-1.5037883E-01
8.22134E-09,-1.5043153E-01
8.27134E-09,-1.5048424E-01
8.32134E-09,-1.5053695E-01
8.37134E-09,-1.5058966E-01
8.42134E-09,-1.5064237E-01
8.47134E-09,-1.5069508E-01
8.52134E-09,-1.5074779E-01
8.57134E-09,-1.5074779E-01
8.62134E-09,-1.5080050E-01
8.67134E-09,-1.5085321E-01
8.72134E-09,-1.5085321E-01
8.77134E-09,-1.5085321E-01
8.82134E-09,-1.5085321E-01
8.87134E-09,-1.5085321E-01
8.92134E-09,-1.5085321E-01
8.97134E-09,-1.5085321E-01
9.02134E-09,-1.5080050E-01
9.07134E-09,-1.5074779E-01
9.12134E-09,-1.5069508E-01
9.17134E-09,-1.5064237E-01
9.22134E-09,-1.5058966E-01
9.27134E-09,-1.5048424E-01
9.32134E-09,-1.5043153E-01
9.37134E-09,-1.5032612E-01
9.42134E-09,-1.5022070E-01
9.47134E-09,-1.5011528E-01
9.52134E-09,-1.5000986E-01
9.57134E-09,-1.4990444E-01
9.62134E-09,-1.4979903E-01
9.67134E-09,-1.4969361E-01
9.72134E-09,-1.4958819E-01
9.77134E-09,-1.4948277E-01
9.82134E-09,-1.4937735E-01
9.87134E-09,-1.4932464E-01
9.92134E-09,-1.4927194E-01
9.97134E-09,-1.4916652E-01
1.002134E-08,-1.4916652E-01
1.007134E-08,-1.4911381E-01
1.012134E-08,-1.4911381E-01
1.017134E-08,-1.4906110E-01
1.022134E-08,-1.4906110E-01
1.027134E-08,-1.4911381E-01
1.032134E-08,-1.4911381E-01
1.037134E-08,-1.4916652E-01
1.042134E-08,-1.4921923E-01
1.047134E-08,-1.4927194E-01
1.052134E-08,-1.4932464E-01
1.057134E-08,-1.4937735E-01
1.062134E-08,-1.4943006E-01
1.067134E-08,-1.4953548E-01
1.072134E-08,-1.4958819E-01
1.077134E-08,-1.4969361E-01
1.082134E-08,-1.4974632E-01
1.087134E-08,-1.4985173E-01
1.092134E-08,-1.4990444E-01
1.097134E-08,-1.4995715E-01
1.102134E-08,-1.5000986E-01
1.107134E-08,-1.5006257E-01
1.112134E-08,-1.5006257E-01
1.117134E-08,-1.5011528E-01
1.122134E-08,-1.5011528E-01
1.127134E-08,-1.5011528E-01
1.132134E-08,-1.5011528E-01
1.137134E-08,-1.5011528E-01
1.142134E-08,-1.5011528E-01
1.147134E-08,-1.5006257E-01
1.152134E-08,-1.5000986E-01
1.157134E-08,-1.5000986E-01
1.162134E-08,-1.4995715E-01
1.167134E-08,-1.4990444E-01
1.172134E-08,-1.4985173E-01
1.177134E-08,-1.4985173E-01
1.182134E-08,-1.4979903E-01
1.187134E-08,-1.4974632E-01
1.192134E-08,-1.4969361E-01
1.197134E-08,-1.4964090E-01
1.202134E-08,-1.4964090E-01
1.207134E-08,-1.4958819E-01
1.212134E-08,-1.4958819E-01
1.217134E-08,-1.4958819E-01
1.222134E-08,-1.4953548E-01
1.227134E-08,-1.4953548E-01
1.232134E-08,-1.4953548E-01
1.237134E-08,-1.4953548E-01
1.242134E-08,-1.4953548E-01
1.247134E-08,-1.4958819E-01
1.252134E-08,-1.4958819E-01
1.257134E-08,-1.4958819E-01
1.262134E-08,-1.4958819E-01
1.267134E-08,-1.4958819E-01
1.272134E-08,-1.4958819E-01
1.277134E-08,-1.4958819E-01
1.282134E-08,-1.4958819E-01
1.287134E-08,-1.4958819E-01
1.292134E-08,-1.4958819E-01
1.297134E-08,-1.4953548E-01
1.302134E-08,-1.4953548E-01
1.307134E-08,-1.4948277E-01
1.312134E-08,-1.4943006E-01
1.317134E-08,-1.4943006E-01
1.322134E-08,-1.4937735E-01
1.327134E-08,-1.4932464E-01
1.332134E-08,-1.4927194E-01
1.337134E-08,-1.4921923E-01
1.342134E-08,-1.4916652E-01
1.347134E-08,-1.4911381E-01
1.352134E-08,-1.4906110E-01
1.357134E-08,-1.4900839E-01
1.362134E-08,-1.4900839E-01
1.367134E-08,-1.4895568E-01
1.372134E-08,-1.4890297E-01
1.377134E-08,-1.4890297E-01
1.382134E-08,-1.4890297E-01
1.387134E-08,-1.4890297E-01
1.392134E-08,-1.4890297E-01
1.397134E-08,-1.4895568E-01
1.402134E-08,-1.4895568E-01
1.407134E-08,-1.4900839E-01
1.412134E-08,-1.4906110E-01
1.417134E-08,-1.4911381E-01
1.422134E-08,-1.4921923E-01
1.427134E-08,-1.4927194E-01
1.432134E-08,-1.4932464E-01
1.437134E-08,-1.4943006E-01
1.442134E-08,-1.4948277E-01
1.447134E-08,-1.4953548E-01
1.452134E-08,-1.4964090E-01
1.457134E-08,-1.4969361E-01
1.462134E-08,-1.4974632E-01
1.467134E-08,-1.4974632E-01
1.472134E-08,-1.4979903E-01
1.477134E-08,-1.4979903E-01
1.482134E-08,-1.4979903E-01
1.487134E-08,-1.4979903E-01
1.492134E-08,-1.4974632E-01
1.497134E-08,-1.4969361E-01
1.502134E-08,-1.4964090E-01
1.507134E-08,-1.4953548E-01
1.512134E-08,-1.4948277E-01
1.517134E-08,-1.4937735E-01
1.522134E-08,-1.4927194E-01
1.527134E-08,-1.4911381E-01
1.532134E-08,-1.4900839E-01
1.537134E-08,-1.4890297E-01
1.542134E-08,-1.4874485E-01
1.547134E-08,-1.4863943E-01
1.552134E-08,-1.4853401E-01
1.557134E-08,-1.4842859E-01
1.562134E-08,-1.4832317E-01
1.567134E-08,-1.4827046E-01
1.572134E-08,-1.4821776E-01
1.577134E-08,-1.4816505E-01
1.582134E-08,-1.4816505E-01
1.587134E-08,-1.4816505E-01
1.592134E-08,-1.4816505E-01
1.597134E-08,-1.4821776E-01
1.602134E-08,-1.4832317E-01
1.607134E-08,-1.4842859E-01
1.612134E-08,-1.4858672E-01
1.617134E-08,-1.4869214E-01
1.622134E-08,-1.4885026E-01
1.627134E-08,-1.4906110E-01
1.632134E-08,-1.4927194E-01
1.637134E-08,-1.4943006E-01
1.642134E-08,-1.4964090E-01
1.647134E-08,-1.4985173E-01
1.652134E-08,-1.5006257E-01
1.657134E-08,-1.5027341E-01
1.662134E-08,-1.5043153E-01
1.667134E-08,-1.5064237E-01
1.672134E-08,-1.5074779E-01
1.677134E-08,-1.5090592E-01
1.682134E-08,-1.5101133E-01
1.687134E-08,-1.5106404E-01
1.692134E-08,-1.5111675E-01
1.697134E-08,-1.5116946E-01
1.702134E-08,-1.5116946E-01
1.707134E-08,-1.5111675E-01
1.712134E-08,-1.5106404E-01
1.717134E-08,-1.5095862E-01
1.722134E-08,-1.5085321E-01
1.727134E-08,-1.5074779E-01
1.732134E-08,-1.5058966E-01
1.737134E-08,-1.5043153E-01
1.742134E-08,-1.5027341E-01
1.747134E-08,-1.5011528E-01
1.752134E-08,-1.4990444E-01
1.757134E-08,-1.4974632E-01
1.762134E-08,-1.4958819E-01
1.767134E-08,-1.4943006E-01
1.772134E-08,-1.4927194E-01
1.777134E-08,-1.4916652E-01
1.782134E-08,-1.4906110E-01
1.787134E-08,-1.4895568E-01
1.792134E-08,-1.4890297E-01
1.797134E-08,-1.4890297E-01
1.802134E-08,-1.4890297E-01
1.807134E-08,-1.4890297E-01
1.812134E-08,-1.4895568E-01
1.817134E-08,-1.4906110E-01
1.822134E-08,-1.4916652E-01
1.827134E-08,-1.4927194E-01
1.832134E-08,-1.4943006E-01
1.837134E-08,-1.4953548E-01
1.842134E-08,-1.4969361E-01
1.847134E-08,-1.4985173E-01
1.852134E-08,-1.5000986E-01
1.857134E-08,-1.5016799E-01
1.862134E-08,-1.5032612E-01
1.867134E-08,-1.5043153E-01
1.872134E-08,-1.5053695E-01
1.877134E-08,-1.5058966E-01
1.882134E-08,-1.5064237E-01
1.887134E-08,-1.5069508E-01
1.892134E-08,-1.5069508E-01
1.897134E-08,-1.5064237E-01
1.902134E-08,-1.5058966E-01
1.907134E-08,-1.5048424E-01
1.912134E-08,-1.5032612E-01
1.917134E-08,-1.5022070E-01
1.922134E-08,-1.5000986E-01
1.927134E-08,-1.4985173E-01
1.932134E-08,-1.4958819E-01
1.937134E-08,-1.4937735E-01
1.942134E-08,-1.4916652E-01
1.947134E-08,-1.4895568E-01
1.952134E-08,-1.4869214E-01
1.957134E-08,-1.4848130E-01
1.962134E-08,-1.4832317E-01
1.967134E-08,-1.4811234E-01
1.972134E-08,-1.4795421E-01
1.977134E-08,-1.4784879E-01
1.982134E-08,-1.4774337E-01
1.987134E-08,-1.4769067E-01
1.992134E-08,-1.4769067E-01
1.997134E-08,-1.4769067E-01
2.002134E-08,-1.4774337E-01
2.007134E-08,-1.4784879E-01
2.012134E-08,-1.4795421E-01
2.017134E-08,-1.4811234E-01
2.022134E-08,-1.4832317E-01
2.027134E-08,-1.4853401E-01
2.032134E-08,-1.4874485E-01
2.037134E-08,-1.4895568E-01
2.042134E-08,-1.4921923E-01
2.047134E-08,-1.4943006E-01
2.052134E-08,-1.4969361E-01
2.057134E-08,-1.4990444E-01
2.062134E-08,-1.5006257E-01
2.067134E-08,-1.5027341E-01
2.072134E-08,-1.5037883E-01
2.077134E-08,-1.5048424E-01
2.082134E-08,-1.5053695E-01
2.087134E-08,-1.5053695E-01
2.092134E-08,-1.5053695E-01
2.097134E-08,-1.5048424E-01
2.102134E-08,-1.5037883E-01
2.107134E-08,-1.5016799E-01
2.112134E-08,-1.5000986E-01
2.117134E-08,-1.4979903E-01
2.122134E-08,-1.4953548E-01
2.127134E-08,-1.4921923E-01
2.132134E-08,-1.4895568E-01
2.137134E-08,-1.4863943E-01
2.142134E-08,-1.4832317E-01
2.147134E-08,-1.4805963E-01
2.152134E-08,-1.4774337E-01
2.157134E-08,-1.4753254E-01
2.162134E-08,-1.4726899E-01
2.167134E-08,-1.4711087E-01
2.172134E-08,-1.4695274E-01
2.177134E-08,-1.4684732E-01
2.182134E-08,-1.4684732E-01
2.187134E-08,-1.4684732E-01
2.192134E-08,-1.4690003E-01
2.197134E-08,-1.4705816E-01
2.202134E-08,-1.4721628E-01
2.207134E-08,-1.4747983E-01
2.212134E-08,-1.4774337E-01
2.217134E-08,-1.4811234E-01
2.222134E-08,-1.4842859E-01
2.227134E-08,-1.4885026E-01
2.232134E-08,-1.4921923E-01
2.237134E-08,-1.4964090E-01
2.242134E-08,-1.5006257E-01
2.247134E-08,-1.5043153E-01
2.252134E-08,-1.5080050E-01
2.257134E-08,-1.5111675E-01
2.262134E-08,-1.5143301E-01
2.267134E-08,-1.5164384E-01
2.272134E-08,-1.5185468E-01
2.277134E-08,-1.5196010E-01
2.282134E-08,-1.5201280E-01
2.287134E-08,-1.5196010E-01
2.292134E-08,-1.5185468E-01
2.297134E-08,-1.5164384E-01
2.302134E-08,-1.5138030E-01
2.307134E-08,-1.5106404E-01
2.312134E-08,-1.5069508E-01
2.317134E-08,-1.5027341E-01
2.322134E-08,-1.4974632E-01
2.327134E-08,-1.4927194E-01
2.332134E-08,-1.4874485E-01
2.337134E-08,-1.4821776E-01
2.342134E-08,-1.4769067E-01
2.347134E-08,-1.4716358E-01
2.352134E-08,-1.4668919E-01
2.357134E-08,-1.4626752E-01
2.362134E-08,-1.4589856E-01
2.367134E-08,-1.4563501E-01
2.372134E-08,-1.4542418E-01
2.377134E-08,-1.4531876E-01
2.382134E-08,-1.4531876E-01
2.387134E-08,-1.4537147E-01
2.392134E-08,-1.4558230E-01
2.397134E-08,-1.4584585E-01
2.402134E-08,-1.4626752E-01
2.407134E-08,-1.4674190E-01
2.412134E-08,-1.4726899E-01
2.417134E-08,-1.4790150E-01
2.422134E-08,-1.4858672E-01
2.427134E-08,-1.4932464E-01
2.432134E-08,-1.5006257E-01
2.437134E-08,-1.5080050E-01
2.442134E-08,-1.5153842E-01
2.447134E-08,-1.5227635E-01
2.452134E-08,-1.5290886E-01
2.457134E-08,-1.5348866E-01
2.462134E-08,-1.5396304E-01
2.467134E-08,-1.5433200E-01
2.472134E-08,-1.5459555E-01
2.477134E-08,-1.5475367E-01
2.482134E-08,-1.5475367E-01
2.487134E-08,-1.5459555E-01
2.492134E-08,-1.5427929E-01
2.497134E-08,-1.5385762E-01
2.502134E-08,-1.5327782E-01
2.507134E-08,-1.5259260E-01
2.512134E-08,-1.5174926E-01
2.517134E-08,-1.5080050E-01
2.522134E-08,-1.4979903E-01
2.527134E-08,-1.4869214E-01
2.532134E-08,-1.4758525E-01
2.537134E-08,-1.4647836E-01
2.542134E-08,-1.4537147E-01
2.547134E-08,-1.4431729E-01
2.552134E-08,-1.4331582E-01
2.557134E-08,-1.4241976E-01
2.562134E-08,-1.4168184E-01
2.567134E-08,-1.4110204E-01
2.572134E-08,-1.4073308E-01
2.577134E-08,-1.4052224E-01
2.582134E-08,-1.4057495E-01
2.587134E-08,-1.4083849E-01
2.592134E-08,-1.4131287E-01
2.597134E-08,-1.4205080E-01
2.602134E-08,-1.4305227E-01
2.607134E-08,-1.4421187E-01
2.612134E-08,-1.4563501E-01
2.617134E-08,-1.4716358E-01
2.622134E-08,-1.4890297E-01
2.627134E-08,-1.5069508E-01
2.632134E-08,-1.5259260E-01
2.637134E-08,-1.5449013E-01
2.642134E-08,-1.5633494E-01
2.647134E-08,-1.5812705E-01
2.652134E-08,-1.5970832E-01
2.657134E-08,-1.6113146E-01
2.662134E-08,-1.6223835E-01
2.667134E-08,-1.6302899E-01
2.672134E-08,-1.6339795E-01
2.677134E-08,-1.6329253E-01
2.682134E-08,-1.6271273E-01
2.687134E-08,-1.6155314E-01
2.692134E-08,-1.5976103E-01
2.697134E-08,-1.5733641E-01
2.702134E-08,-1.5422658E-01
2.707134E-08,-1.5043153E-01
2.712134E-08,-1.4584585E-01
2.717134E-08,-1.4057495E-01
2.722134E-08,-1.3456612E-01
2.727134E-08,-1.2787208E-01
2.732134E-08,-1.2044011E-01
2.737134E-08,-1.1232292E-01
2.742134E-08,-1.0362593E-01
2.747134E-08,-9.434914E-02
2.752134E-08,-8.449256E-02
2.757134E-08,-7.421430E-02
2.762134E-08,-6.356708E-02
2.767134E-08,-5.255090E-02
2.772134E-08,-4.132388E-02
2.777134E-08,-2.993873E-02
2.782134E-08,-1.850087E-02
2.787134E-08,-7.01031E-03
2.792134E-08,4.32213E-03
2.797134E-08,1.549644E-02
2.802134E-08,2.640721E-02
2.807134E-08,3.700172E-02
2.812134E-08,4.717456E-02
2.817134E-08,5.692573E-02
2.822134E-08,6.609710E-02
2.827134E-08,7.474137E-02
2.832134E-08,8.270043E-02
2.837134E-08,9.007970E-02
2.842134E-08,9.677374E-02
2.847134E-08,1.0278257E-01
2.852134E-08,1.0810618E-01
2.857134E-08,1.1274457E-01
2.862134E-08,1.1669775E-01
2.867134E-08,1.2001842E-01
2.872134E-08,1.2270658E-01
2.877134E-08,1.2481494E-01
2.882134E-08,1.2634350E-01
2.887134E-08,1.2739768E-01
2.892134E-08,1.2797748E-01
2.897134E-08,1.2818831E-01
2.902134E-08,1.2803019E-01
2.907134E-08,1.2760851E-01
2.912134E-08,1.2697601E-01
2.917134E-08,1.2613266E-01
2.922134E-08,1.2518390E-01
2.927134E-08,1.2412972E-01
2.932134E-08,1.2307554E-01
2.937134E-08,1.2207407E-01
2.942134E-08,1.2107260E-01
2.947134E-08,1.2022925E-01
2.952134E-08,1.1943862E-01
2.957134E-08,1.1880611E-01
2.962134E-08,1.1833173E-01
2.967134E-08,1.1801547E-01
2.972134E-08,1.1791006E-01
2.977134E-08,1.1791006E-01
2.982134E-08,1.1812089E-01
2.987134E-08,1.1843715E-01
2.992134E-08,1.1891153E-01
2.997134E-08,1.1949133E-01
3.002134E-08,1.2017654E-01
3.007134E-08,1.2091447E-01
3.012134E-08,1.2175781E-01
3.017134E-08,1.2260116E-01
3.022134E-08,1.2339179E-01
3.027134E-08,1.2423514E-01
3.032134E-08,1.2497306E-01
3.037134E-08,1.2565828E-01
3.042134E-08,1.2629079E-01
3.047134E-08,1.2676517E-01
3.052134E-08,1.2718684E-01
3.057134E-08,1.2745039E-01
3.062134E-08,1.2755581E-01
3.067134E-08,1.2760851E-01
3.072134E-08,1.2745039E-01
3.077134E-08,1.2723955E-01
3.082134E-08,1.2687059E-01
3.087134E-08,1.2639621E-01
3.092134E-08,1.2581641E-01
3.097134E-08,1.2513119E-01
3.102134E-08,1.2444597E-01
3.107134E-08,1.2365534E-01
3.112134E-08,1.2286470E-01
3.117134E-08,1.2207407E-01
3.122134E-08,1.2128343E-01
3.127134E-08,1.2054551E-01
3.132134E-08,1.1980758E-01
3.137134E-08,1.1917507E-01
3.142134E-08,1.1859527E-01
3.147134E-08,1.1806818E-01
3.152134E-08,1.1764651E-01
3.157134E-08,1.1733026E-01
3.162134E-08,1.1711942E-01
3.167134E-08,1.1701400E-01
3.172134E-08,1.1701400E-01
3.177134E-08,1.1706671E-01
3.182134E-08,1.1722484E-01
3.187134E-08,1.1748838E-01
3.192134E-08,1.1780464E-01
3.197134E-08,1.1817360E-01
3.202134E-08,1.1854256E-01
3.207134E-08,1.1901695E-01
3.212134E-08,1.1943862E-01
3.217134E-08,1.1991300E-01
3.222134E-08,1.2033467E-01
3.227134E-08,1.2070363E-01
3.232134E-08,1.2107260E-01
3.237134E-08,1.2133614E-01
3.242134E-08,1.2159969E-01
3.247134E-08,1.2175781E-01
3.252134E-08,1.2181052E-01
3.257134E-08,1.2181052E-01
3.262134E-08,1.2170510E-01
3.267134E-08,1.2154698E-01
3.272134E-08,1.2128343E-01
3.277134E-08,1.2091447E-01
3.282134E-08,1.2054551E-01
3.287134E-08,1.2007113E-01
3.292134E-08,1.1954404E-01
3.297134E-08,1.1896424E-01
3.302134E-08,1.1838444E-01
3.307134E-08,1.1780464E-01
3.312134E-08,1.1717213E-01
3.317134E-08,1.1659233E-01
3.322134E-08,1.1601253E-01
3.327134E-08,1.1548544E-01
3.332134E-08,1.1495835E-01
3.337134E-08,1.1453668E-01
3.342134E-08,1.1416772E-01
3.347134E-08,1.1379875E-01
3.352134E-08,1.1358792E-01
3.357134E-08,1.1337708E-01
3.362134E-08,1.1327166E-01
3.367134E-08,1.1321895E-01
3.372134E-08,1.1327166E-01
3.377134E-08,1.1337708E-01
3.382134E-08,1.1348250E-01
3.387134E-08,1.1369333E-01
3.392134E-08,1.1390417E-01
3.397134E-08,1.1416772E-01
3.402134E-08,1.1448397E-01
3.407134E-08,1.1474751E-01
3.412134E-08,1.1501106E-01
3.417134E-08,1.1527461E-01
3.422134E-08,1.1553815E-01
3.427134E-08,1.1574899E-01
3.432134E-08,1.1590711E-01
3.437134E-08,1.1601253E-01
3.442134E-08,1.1606524E-01
3.447134E-08,1.1606524E-01
3.452134E-08,1.1601253E-01
3.457134E-08,1.1585440E-01
3.462134E-08,1.1564357E-01
3.467134E-08,1.1543273E-01
3.472134E-08,1.1511648E-01
3.477134E-08,1.1474751E-01
3.482134E-08,1.1437855E-01
3.487134E-08,1.1395688E-01
3.492134E-08,1.1348250E-01
3.497134E-08,1.1300812E-01
3.502134E-08,1.1253374E-01
3.507134E-08,1.1205936E-01
3.512134E-08,1.1158497E-01
3.517134E-08,1.1116330E-01
3.522134E-08,1.1074163E-01
3.527134E-08,1.1037267E-01
3.532134E-08,1.1005641E-01
3.537134E-08,1.0979287E-01
3.542134E-08,1.0958203E-01
3.547134E-08,1.0942390E-01
3.552134E-08,1.0931849E-01
3.557134E-08,1.0926578E-01
3.562134E-08,1.0926578E-01
3.567134E-08,1.0931849E-01
3.572134E-08,1.0947661E-01
3.577134E-08,1.0958203E-01
3.582134E-08,1.0979287E-01
3.587134E-08,1.1000370E-01
3.592134E-08,1.1026725E-01
3.597134E-08,1.1047808E-01
3.602134E-08,1.1074163E-01
3.607134E-08,1.1100517E-01
3.612134E-08,1.1121601E-01
3.617134E-08,1.1142685E-01
3.622134E-08,1.1158497E-01
3.627134E-08,1.1169039E-01
3.632134E-08,1.1179581E-01
3.637134E-08,1.1184852E-01
3.642134E-08,1.1184852E-01
3.647134E-08,1.1179581E-01
3.652134E-08,1.1169039E-01
3.657134E-08,1.1153227E-01
3.662134E-08,1.1132143E-01
3.667134E-08,1.1111059E-01
3.672134E-08,1.1084705E-01
3.677134E-08,1.1058350E-01
3.682134E-08,1.1026725E-01
3.687134E-08,1.1000370E-01
3.692134E-08,1.0968745E-01
3.697134E-08,1.0937120E-01
3.702134E-08,1.0910765E-01
3.707134E-08,1.0884411E-01
3.712134E-08,1.0863327E-01
3.717134E-08,1.0847514E-01
3.722134E-08,1.0836972E-01
3.727134E-08,1.0826431E-01
3.732134E-08,1.0826431E-01
3.737134E-08,1.0831702E-01
3.742134E-08,1.0842243E-01
3.747134E-08,1.0858056E-01
3.752134E-08,1.0879140E-01
3.757134E-08,1.0905494E-01
3.762134E-08,1.0937120E-01
3.767134E-08,1.0968745E-01
3.772134E-08,1.1005641E-01
3.777134E-08,1.1047808E-01
3.782134E-08,1.1084705E-01
3.787134E-08,1.1126872E-01
3.792134E-08,1.1163768E-01
3.797134E-08,1.1200665E-01
3.802134E-08,1.1237561E-01
3.807134E-08,1.1269186E-01
3.812134E-08,1.1290270E-01
3.817134E-08,1.1311354E-01
3.822134E-08,1.1321895E-01
3.827134E-08,1.1327166E-01
3.832134E-08,1.1327166E-01
3.837134E-08,1.1316624E-01
3.842134E-08,1.1300812E-01
3.847134E-08,1.1279728E-01
3.852134E-08,1.1248103E-01
3.857134E-08,1.1211206E-01
3.862134E-08,1.1169039E-01
3.867134E-08,1.1126872E-01
3.872134E-08,1.1074163E-01
3.877134E-08,1.1021454E-01
3.882134E-08,1.0968745E-01
3.887134E-08,1.0916036E-01
3.892134E-08,1.0858056E-01
3.897134E-08,1.0810618E-01
3.902134E-08,1.0763180E-01
3.907134E-08,1.0715742E-01
3.912134E-08,1.0678845E-01
3.917134E-08,1.0647220E-01
3.922134E-08,1.0620865E-01
3.927134E-08,1.0605053E-01
3.932134E-08,1.0594511E-01
3.937134E-08,1.0589240E-01
3.942134E-08,1.0594511E-01
3.947134E-08,1.0610324E-01
3.952134E-08,1.0631407E-01
3.957134E-08,1.0652491E-01
3.962134E-08,1.0684116E-01
3.967134E-08,1.0721013E-01
3.972134E-08,1.0763180E-01
3.977134E-08,1.0800076E-01
3.982134E-08,1.0842243E-01
3.987134E-08,1.0884411E-01
3.992134E-08,1.0926578E-01
3.997134E-08,1.0963474E-01
4.002134E-08,1.0995099E-01
4.007134E-08,1.1021454E-01
4.012134E-08,1.1042538E-01
4.017134E-08,1.1053079E-01
4.022134E-08,1.1063621E-01
4.027134E-08,1.1058350E-01
4.032134E-08,1.1047808E-01
4.037134E-08,1.1026725E-01
4.042134E-08,1.1000370E-01
4.047134E-08,1.0963474E-01
4.052134E-08,1.0921307E-01
4.057134E-08,1.0868598E-01
4.062134E-08,1.0815889E-01
4.067134E-08,1.0757909E-01
4.072134E-08,1.0694658E-01
4.077134E-08,1.0631407E-01
4.082134E-08,1.0568156E-01
4.087134E-08,1.0510177E-01
4.092134E-08,1.0452197E-01
4.097134E-08,1.0399488E-01
4.102134E-08,1.0357320E-01
4.107134E-08,1.0320424E-01
4.112134E-08,1.0288799E-01
4.117134E-08,1.0267715E-01
4.122134E-08,1.0257173E-01
4.127134E-08,1.0257173E-01
4.132134E-08,1.0272986E-01
4.137134E-08,1.0294070E-01
4.142134E-08,1.0325695E-01
4.147134E-08,1.0362591E-01
4.152134E-08,1.0410029E-01
4.157134E-08,1.0468009E-01
4.162134E-08,1.0531260E-01
4.167134E-08,1.0594511E-01
4.172134E-08,1.0663033E-01
4.177134E-08,1.0726284E-01
4.182134E-08,1.0794805E-01
4.187134E-08,1.0858056E-01
4.192134E-08,1.0910765E-01
4.197134E-08,1.0958203E-01
4.202134E-08,1.1000370E-01
4.207134E-08,1.1026725E-01
4.212134E-08,1.1042538E-01
4.217134E-08,1.1047808E-01
4.222134E-08,1.1037267E-01
4.227134E-08,1.1010912E-01
4.232134E-08,1.0974016E-01
4.237134E-08,1.0921307E-01
4.242134E-08,1.0852785E-01
4.247134E-08,1.0778993E-01
4.252134E-08,1.0689387E-01
4.257134E-08,1.0594511E-01
4.262134E-08,1.0494364E-01
4.267134E-08,1.0388946E-01
4.272134E-08,1.0283528E-01
4.277134E-08,1.0178110E-01
4.282134E-08,1.0077963E-01
4.287134E-08,9.988357E-02
4.292134E-08,9.909294E-02
4.297134E-08,9.840772E-02
4.302134E-08,9.788063E-02
4.307134E-08,9.751167E-02
4.312134E-08,9.735354E-02
4.317134E-08,9.745896E-02
4.322134E-08,9.772250E-02
4.327134E-08,9.824959E-02
4.332134E-08,9.898752E-02
4.337134E-08,9.998899E-02
4.342134E-08,1.0114859E-01
4.347134E-08,1.0251902E-01
4.352134E-08,1.0410029E-01
4.357134E-08,1.0578698E-01
4.362134E-08,1.0752638E-01
4.367134E-08,1.0937120E-01
4.372134E-08,1.1121601E-01
4.377134E-08,1.1306083E-01
4.382134E-08,1.1474751E-01
4.387134E-08,1.1627608E-01
4.392134E-08,1.1764651E-01
4.397134E-08,1.1870069E-01
4.402134E-08,1.1943862E-01
4.407134E-08,1.1975487E-01
4.412134E-08,1.1964945E-01
4.417134E-08,1.1901695E-01
4.422134E-08,1.1785735E-01
4.427134E-08,1.1611795E-01
4.432134E-08,1.1374604E-01
4.437134E-08,1.1068892E-01
4.442134E-08,1.0699929E-01
4.447134E-08,1.0257173E-01
4.452134E-08,9.751167E-02
4.457134E-08,9.166097E-02
4.462134E-08,8.517776E-02
4.467134E-08,7.806204E-02
4.472134E-08,7.026111E-02
4.477134E-08,6.193308E-02
4.482134E-08,5.302526E-02
4.487134E-08,4.359035E-02
4.492134E-08,3.378647E-02
4.497134E-08,2.361363E-02
4.502134E-08,1.312454E-02
4.507134E-08,2.42461E-03
4.512134E-08,-8.38074E-03
4.517134E-08,-1.929151E-02
4.522134E-08,-3.014956E-02
4.527134E-08,-4.090220E-02
4.532134E-08,-5.144401E-02
4.537134E-08,-6.177497E-02
4.542134E-08,-7.178969E-02
4.547134E-08,-8.138273E-02
4.552134E-08,-9.055409E-02
4.557134E-08,-9.925108E-02
4.562134E-08,-1.0736827E-01
4.567134E-08,-1.1490566E-01
4.572134E-08,-1.2181054E-01
4.577134E-08,-1.2813562E-01
4.582134E-08,-1.3382819E-01
4.587134E-08,-1.3883555E-01
4.592134E-08,-1.4321040E-01
4.597134E-08,-1.4700545E-01
4.602134E-08,-1.5016799E-01
4.607134E-08,-1.5275073E-01
4.612134E-08,-1.5475367E-01
4.617134E-08,-1.5633494E-01
4.622134E-08,-1.5738912E-01
4.627134E-08,-1.5807434E-01
4.632134E-08,-1.5839060E-01
4.637134E-08,-1.5839060E-01
4.642134E-08,-1.5812705E-01
4.647134E-08,-1.5765267E-01
4.652134E-08,-1.5702016E-01
4.657134E-08,-1.5628223E-01
4.662134E-08,-1.5543889E-01
4.667134E-08,-1.5464826E-01
4.672134E-08,-1.5385762E-01
4.677134E-08,-1.5311969E-01
4.682134E-08,-1.5243448E-01
4.687134E-08,-1.5185468E-01
4.692134E-08,-1.5143301E-01
4.697134E-08,-1.5116946E-01
4.702134E-08,-1.5101133E-01
4.707134E-08,-1.5101133E-01
4.712134E-08,-1.5116946E-01
4.717134E-08,-1.5143301E-01
4.722134E-08,-1.5185468E-01
4.727134E-08,-1.5238177E-01
4.732134E-08,-1.5301428E-01
4.737134E-08,-1.5369949E-01
4.742134E-08,-1.5443742E-01
4.747134E-08,-1.5522805E-01
4.752134E-08,-1.5601869E-01
4.757134E-08,-1.5680932E-01
4.762134E-08,-1.5759996E-01
4.767134E-08,-1.5828518E-01
4.772134E-08,-1.5891769E-01
4.777134E-08,-1.5944478E-01
4.782134E-08,-1.5986645E-01
4.787134E-08,-1.6018270E-01
4.792134E-08,-1.6039354E-01
4.797134E-08,-1.6044625E-01
4.802134E-08,-1.6034083E-01
4.807134E-08,-1.6012999E-01
4.812134E-08,-1.5981374E-01
4.817134E-08,-1.5933936E-01
4.822134E-08,-1.5875956E-01
4.827134E-08,-1.5807434E-01
4.832134E-08,-1.5728371E-01
4.837134E-08,-1.5638765E-01
4.842134E-08,-1.5549160E-01
4.847134E-08,-1.5454284E-01
4.852134E-08,-1.5354137E-01
4.857134E-08,-1.5253989E-01
4.862134E-08,-1.5153842E-01
4.867134E-08,-1.5058966E-01
4.872134E-08,-1.4969361E-01
4.877134E-08,-1.4885026E-01
4.882134E-08,-1.4805963E-01
4.887134E-08,-1.4732170E-01
4.892134E-08,-1.4674190E-01
4.897134E-08,-1.4621481E-01
4.902134E-08,-1.4579314E-01
4.907134E-08,-1.4547689E-01
4.912134E-08,-1.4521334E-01
4.917134E-08,-1.4510792E-01
4.922134E-08,-1.4505521E-01
4.927134E-08,-1.4505521E-01
4.932134E-08,-1.4516063E-01
4.937134E-08,-1.4531876E-01
4.942134E-08,-1.4552960E-01
4.947134E-08,-1.4579314E-01
4.952134E-08,-1.4605669E-01
4.957134E-08,-1.4637294E-01
4.962134E-08,-1.4663649E-01
4.967134E-08,-1.4695274E-01
4.972134E-08,-1.4721628E-01
4.977134E-08,-1.4742712E-01
4.982134E-08,-1.4758525E-01
4.987134E-08,-1.4774337E-01
4.992134E-08,-1.4784879E-01
4.997134E-08,-1.4784879E-01
5.002134E-08,-1.4779608E-01
5.007134E-08,-1.4774337E-01
5.012134E-08,-1.4758525E-01
5.017134E-08,-1.4737441E-01
5.022134E-08,-1.4705816E-01
5.027134E-08,-1.4674190E-01
5.032134E-08,-1.4642565E-01
5.037134E-08,-1.4600398E-01
5.042134E-08,-1.4558230E-01
5.047134E-08,-1.4516063E-01
5.052134E-08,-1.4473896E-01
5.057134E-08,-1.4431729E-01
5.062134E-08,-1.4389562E-01
5.067134E-08,-1.4352665E-01
5.072134E-08,-1.4310498E-01
5.077134E-08,-1.4278873E-01
5.082134E-08,-1.4252518E-01
5.087134E-08,-1.4226164E-01
5.092134E-08,-1.4205080E-01
5.097134E-08,-1.4194538E-01
5.102134E-08,-1.4183996E-01
5.107134E-08,-1.4183996E-01
5.112134E-08,-1.4183996E-01
5.117134E-08,-1.4194538E-01
5.122134E-08,-1.4205080E-01
5.127134E-08,-1.4220893E-01
5.132134E-08,-1.4241976E-01
5.137134E-08,-1.4263060E-01
5.142134E-08,-1.4289415E-01
5.147134E-08,-1.4315769E-01
5.152134E-08,-1.4342124E-01
5.157134E-08,-1.4373749E-01
5.162134E-08,-1.4394833E-01
5.167134E-08,-1.4421187E-01
5.172134E-08,-1.4442271E-01
5.177134E-08,-1.4463354E-01
5.182134E-08,-1.4479167E-01
5.187134E-08,-1.4489709E-01
5.192134E-08,-1.4500251E-01
5.197134E-08,-1.4500251E-01
5.202134E-08,-1.4500251E-01
5.207134E-08,-1.4494980E-01
5.212134E-08,-1.4484438E-01
5.217134E-08,-1.4473896E-01
5.222134E-08,-1.4452812E-01
5.227134E-08,-1.4437000E-01
5.232134E-08,-1.4410645E-01
5.237134E-08,-1.4384291E-01
5.242134E-08,-1.4357936E-01
5.247134E-08,-1.4331582E-01
5.252134E-08,-1.4305227E-01
5.257134E-08,-1.4273602E-01
5.262134E-08,-1.4247247E-01
5.267134E-08,-1.4226164E-01
5.272134E-08,-1.4199809E-01
5.277134E-08,-1.4178726E-01
5.282134E-08,-1.4162913E-01
5.287134E-08,-1.4152371E-01
5.292134E-08,-1.4141829E-01
5.297134E-08,-1.4136558E-01
5.302134E-08,-1.4136558E-01
5.307134E-08,-1.4136558E-01
5.312134E-08,-1.4141829E-01
5.317134E-08,-1.4152371E-01
5.322134E-08,-1.4168184E-01
5.327134E-08,-1.4183996E-01
5.332134E-08,-1.4205080E-01
5.337134E-08,-1.4226164E-01
5.342134E-08,-1.4252518E-01
5.347134E-08,-1.4273602E-01
5.352134E-08,-1.4299956E-01
5.357134E-08,-1.4326311E-01
5.362134E-08,-1.4352665E-01
5.367134E-08,-1.4379020E-01
5.372134E-08,-1.4405374E-01
5.377134E-08,-1.4426458E-01
5.382134E-08,-1.4447542E-01
5.387134E-08,-1.4468625E-01
5.392134E-08,-1.4484438E-01
5.397134E-08,-1.4500251E-01
5.402134E-08,-1.4510792E-01
5.407134E-08,-1.4521334E-01
5.412134E-08,-1.4526605E-01
5.417134E-08,-1.4531876E-01
5.422134E-08,-1.4537147E-01
5.427134E-08,-1.4537147E-01
5.432134E-08,-1.4537147E-01
5.437134E-08,-1.4537147E-01
5.442134E-08,-1.4537147E-01
5.447134E-08,-1.4531876E-01
5.452134E-08,-1.4531876E-01
5.457134E-08,-1.4531876E-01
5.462134E-08,-1.4531876E-01
5.467134E-08,-1.4531876E-01
5.472134E-08,-1.4537147E-01
5.477134E-08,-1.4542418E-01
5.482134E-08,-1.4552960E-01
5.487134E-08,-1.4558230E-01
5.492134E-08,-1.4574043E-01
5.497134E-08,-1.4589856E-01
5.502134E-08,-1.4605669E-01
5.507134E-08,-1.4626752E-01
5.512134E-08,-1.4647836E-01
5.517134E-08,-1.4668919E-01
5.522134E-08,-1.4695274E-01
5.527134E-08,-1.4721628E-01
5.532134E-08,-1.4753254E-01
5.537134E-08,-1.4779608E-01
5.542134E-08,-1.4805963E-01
5.547134E-08,-1.4837588E-01
5.552134E-08,-1.4863943E-01
5.557134E-08,-1.4895568E-01
5.562134E-08,-1.4921923E-01
5.567134E-08,-1.4943006E-01
5.572134E-08,-1.4969361E-01
5.577134E-08,-1.4990444E-01
5.582134E-08,-1.5006257E-01
5.587134E-08,-1.5022070E-01
5.592134E-08,-1.5032612E-01
5.597134E-08,-1.5043153E-01
5.602134E-08,-1.5048424E-01
5.607134E-08,-1.5053695E-01
5.612134E-08,-1.5053695E-01
5.617134E-08,-1.5053695E-01
5.622134E-08,-1.5053695E-01
5.627134E-08,-1.5048424E-01
5.632134E-08,-1.5037883E-01
5.637134E-08,-1.5032612E-01
5.642134E-08,-1.5022070E-01
5.647134E-08,-1.5011528E-01
5.652134E-08,-1.5000986E-01
5.657134E-08,-1.4990444E-01
5.662134E-08,-1.4979903E-01
5.667134E-08,-1.4969361E-01
5.672134E-08,-1.4958819E-01
5.677134E-08,-1.4953548E-01
5.682134E-08,-1.4943006E-01
5.687134E-08,-1.4943006E-01
5.692134E-08,-1.4937735E-01
5.697134E-08,-1.4937735E-01
5.702134E-08,-1.4943006E-01
5.707134E-08,-1.4943006E-01
5.712134E-08,-1.4948277E-01
5.717134E-08,-1.4958819E-01
5.722134E-08,-1.4964090E-01
5.727134E-08,-1.4974632E-01
5.732134E-08,-1.4985173E-01
5.737134E-08,-1.4995715E-01
5.742134E-08,-1.5011528E-01
5.747134E-08,-1.5022070E-01
5.752134E-08,-1.5032612E-01
5.757134E-08,-1.5048424E-01
5.762134E-08,-1.5058966E-01
5.767134E-08,-1.5069508E-01
5.772134E-08,-1.5074779E-01
5.777134E-08,-1.5080050E-01
5.782134E-08,-1.5085321E-01
5.787134E-08,-1.5090592E-01
5.792134E-08,-1.5090592E-01
5.797134E-08,-1.5090592E-01
5.802134E-08,-1.5085321E-01
5.807134E-08,-1.5080050E-01
5.812134E-08,-1.5069508E-01
5.817134E-08,-1.5058966E-01
5.822134E-08,-1.5048424E-01
5.827134E-08,-1.5032612E-01
5.832134E-08,-1.5016799E-01
5.837134E-08,-1.5000986E-01
5.842134E-08,-1.4985173E-01
5.847134E-08,-1.4964090E-01
5.852134E-08,-1.4948277E-01
5.857134E-08,-1.4927194E-01
5.862134E-08,-1.4911381E-01
5.867134E-08,-1.4890297E-01
5.872134E-08,-1.4874485E-01
5.877134E-08,-1.4858672E-01
5.882134E-08,-1.4842859E-01
5.887134E-08,-1.4827046E-01
5.892134E-08,-1.4816505E-01
5.897134E-08,-1.4805963E-01
5.902134E-08,-1.4795421E-01
5.907134E-08,-1.4790150E-01
5.912134E-08,-1.4784879E-01
5.917134E-08,-1.4784879E-01
5.922134E-08,-1.4779608E-01
5.927134E-08,-1.4779608E-01
5.932134E-08,-1.4784879E-01
5.937134E-08,-1.4790150E-01
5.942134E-08,-1.4795421E-01
5.947134E-08,-1.4800692E-01
5.952134E-08,-1.4805963E-01
5.957134E-08,-1.4816505E-01
5.962134E-08,-1.4821776E-01
5.967134E-08,-1.4832317E-01
5.972134E-08,-1.4837588E-01
5.977134E-08,-1.4848130E-01
5.982134E-08,-1.4853401E-01
5.987134E-08,-1.4858672E-01
5.992134E-08,-1.4863943E-01
5.997134E-08,-1.4869214E-01
6.002134E-08,-1.4874485E-01
6.007134E-08,-1.4874485E-01
6.012134E-08,-1.4874485E-01
6.017134E-08,-1.4874485E-01
6.022134E-08,-1.4874485E-01
6.027134E-08,-1.4874485E-01
6.032134E-08,-1.4869214E-01
6.037134E-08,-1.4863943E-01
6.042134E-08,-1.4858672E-01
6.047134E-08,-1.4853401E-01
6.052134E-08,-1.4848130E-01
6.057134E-08,-1.4842859E-01
6.062134E-08,-1.4837588E-01
6.067134E-08,-1.4832317E-01
6.072134E-08,-1.4821776E-01
6.077134E-08,-1.4816505E-01
6.082134E-08,-1.4816505E-01
6.087134E-08,-1.4811234E-01
6.092134E-08,-1.4805963E-01
6.097134E-08,-1.4805963E-01
6.102134E-08,-1.4805963E-01
6.107134E-08,-1.4805963E-01
6.112134E-08,-1.4805963E-01
6.117134E-08,-1.4811234E-01
6.122134E-08,-1.4811234E-01
6.127134E-08,-1.4816505E-01
6.132134E-08,-1.4827046E-01
6.137134E-08,-1.4832317E-01
6.142134E-08,-1.4842859E-01
6.147134E-08,-1.4848130E-01
6.152134E-08,-1.4858672E-01
6.157134E-08,-1.4869214E-01
6.162134E-08,-1.4879755E-01
6.167134E-08,-1.4890297E-01
6.172134E-08,-1.4900839E-01
6.177134E-08,-1.4911381E-01
6.182134E-08,-1.4916652E-01
6.187134E-08,-1.4927194E-01
6.192134E-08,-1.4937735E-01
6.197134E-08,-1.4943006E-01
6.202134E-08,-1.4953548E-01
6.207134E-08,-1.4958819E-01
6.212134E-08,-1.4964090E-01
6.217134E-08,-1.4964090E-01
6.222134E-08,-1.4969361E-01
6.227134E-08,-1.4969361E-01
6.232134E-08,-1.4974632E-01
6.237134E-08,-1.4974632E-01
6.242134E-08,-1.4969361E-01
6.247134E-08,-1.4969361E-01
6.252134E-08,-1.4969361E-01
6.257134E-08,-1.4969361E-01
6.262134E-08,-1.4964090E-01
6.267134E-08,-1.4964090E-01
6.272134E-08,-1.4958819E-01
6.277134E-08,-1.4958819E-01
6.282134E-08,-1.4958819E-01
6.287134E-08,-1.4953548E-01
6.292134E-08,-1.4953548E-01
6.297134E-08,-1.4953548E-01
6.302134E-08,-1.4953548E-01
6.307134E-08,-1.4958819E-01
6.312134E-08,-1.4958819E-01
6.317134E-08,-1.4964090E-01
6.322134E-08,-1.4964090E-01
6.327134E-08,-1.4969361E-01
6.332134E-08,-1.4974632E-01
6.337134E-08,-1.4985173E-01
6.342134E-08,-1.4990444E-01
6.347134E-08,-1.4995715E-01
6.352134E-08,-1.5006257E-01
6.357134E-08,-1.5011528E-01
6.362134E-08,-1.5022070E-01
6.367134E-08,-1.5032612E-01
6.372134E-08,-1.5043153E-01
6.377134E-08,-1.5048424E-01
6.382134E-08,-1.5058966E-01
6.387134E-08,-1.5064237E-01
6.392134E-08,-1.5074779E-01
6.397134E-08,-1.5080050E-01
6.402134E-08,-1.5090592E-01
6.407134E-08,-1.5095862E-01
6.412134E-08,-1.5101133E-01
6.417134E-08,-1.5101133E-01
6.422134E-08,-1.5106404E-01
6.427134E-08,-1.5106404E-01
6.432134E-08,-1.5111675E-01
6.437134E-08,-1.5106404E-01
6.442134E-08,-1.5106404E-01
6.447134E-08,-1.5106404E-01
6.452134E-08,-1.5101133E-01
6.457134E-08,-1.5095862E-01
6.462134E-08,-1.5090592E-01
6.467134E-08,-1.5085321E-01
6.472134E-08,-1.5080050E-01
6.477134E-08,-1.5074779E-01
6.482134E-08,-1.5064237E-01
6.487134E-08,-1.5058966E-01
6.492134E-08,-1.5048424E-01
6.497134E-08,-1.5037883E-01
6.502134E-08,-1.5027341E-01
6.507134E-08,-1.5016799E-01
6.512134E-08,-1.5006257E-01
6.517134E-08,-1.4995715E-01
6.522134E-08,-1.4985173E-01
6.527134E-08,-1.4974632E-01
6.532134E-08,-1.4964090E-01
6.537134E-08,-1.4953548E-01
6.542134E-08,-1.4943006E-01
6.547134E-08,-1.4932464E-01
6.552134E-08,-1.4927194E-01
6.557134E-08,-1.4916652E-01
6.562134E-08,-1.4911381E-01
6.567134E-08,-1.4900839E-01
6.572134E-08,-1.4895568E-01
6.577134E-08,-1.4890297E-01
6.582134E-08,-1.4885026E-01
6.587134E-08,-1.4879755E-01
6.592134E-08,-1.4879755E-01
6.597134E-08,-1.4874485E-01
6.602134E-08,-1.4874485E-01
6.607134E-08,-1.4869214E-01
6.612134E-08,-1.4869214E-01
6.617134E-08,-1.4863943E-01
6.622134E-08,-1.4863943E-01
6.627134E-08,-1.4858672E-01
6.632134E-08,-1.4858672E-01
6.637134E-08,-1.4858672E-01
6.642134E-08,-1.4853401E-01
6.647134E-08,-1.4848130E-01
6.652134E-08,-1.4848130E-01
6.657134E-08,-1.4842859E-01
6.662134E-08,-1.4837588E-01
6.667134E-08,-1.4832317E-01
6.672134E-08,-1.4832317E-01
6.677134E-08,-1.4821776E-01
6.682134E-08,-1.4816505E-01
6.687134E-08,-1.4811234E-01
6.692134E-08,-1.4800692E-01
6.697134E-08,-1.4795421E-01
6.702134E-08,-1.4784879E-01
6.707134E-08,-1.4779608E-01
6.712134E-08,-1.4769067E-01
6.717134E-08,-1.4758525E-01
6.722134E-08,-1.4753254E-01
6.727134E-08,-1.4742712E-01
6.732134E-08,-1.4732170E-01
6.737134E-08,-1.4726899E-01
6.742134E-08,-1.4716358E-01
6.747134E-08,-1.4705816E-01
6.752134E-08,-1.4700545E-01
6.757134E-08,-1.4690003E-01
6.762134E-08,-1.4684732E-01
6.767134E-08,-1.4679461E-01
6.772134E-08,-1.4674190E-01
6.777134E-08,-1.4668919E-01
6.782134E-08,-1.4663649E-01
6.787134E-08,-1.4663649E-01
6.792134E-08,-1.4658378E-01
6.797134E-08,-1.4658378E-01
6.802134E-08,-1.4658378E-01
6.807134E-08,-1.4658378E-01
6.812134E-08,-1.4658378E-01
6.817134E-08,-1.4658378E-01
6.822134E-08,-1.4658378E-01
6.827134E-08,-1.4658378E-01
6.832134E-08,-1.4663649E-01
6.837134E-08,-1.4668919E-01
6.842134E-08,-1.4668919E-01
6.847134E-08,-1.4674190E-01
6.852134E-08,-1.4679461E-01
6.857134E-08,-1.4679461E-01
6.862134E-08,-1.4684732E-01
6.867134E-08,-1.4690003E-01
6.872134E-08,-1.4690003E-01
6.877134E-08,-1.4695274E-01
6.882134E-08,-1.4700545E-01
6.887134E-08,-1.4700545E-01
6.892134E-08,-1.4705816E-01
6.897134E-08,-1.4705816E-01
6.902134E-08,-1.4705816E-01
6.907134E-08,-1.4711087E-01
6.912134E-08,-1.4711087E-01
6.917134E-08,-1.4711087E-01
6.922134E-08,-1.4711087E-01
6.927134E-08,-1.4711087E-01
6.932134E-08,-1.4711087E-01
6.937134E-08,-1.4711087E-01
6.942134E-08,-1.4711087E-01
6.947134E-08,-1.4711087E-01
6.952134E-08,-1.4711087E-01
6.957134E-08,-1.4716358E-01
6.962134E-08,-1.4716358E-01
6.967134E-08,-1.4716358E-01
6.972134E-08,-1.4716358E-01
6.977134E-08,-1.4716358E-01
6.982134E-08,-1.4716358E-01
6.987134E-08,-1.4721628E-01
6.992134E-08,-1.4721628E-01
6.997134E-08,-1.4726899E-01
7.002134E-08,-1.4726899E-01
7.007134E-08,-1.4732170E-01
7.012134E-08,-1.4737441E-01
7.017134E-08,-1.4742712E-01
7.022134E-08,-1.4747983E-01
7.027134E-08,-1.4753254E-01
7.032134E-08,-1.4758525E-01
7.037134E-08,-1.4769067E-01
7.042134E-08,-1.4774337E-01
7.047134E-08,-1.4779608E-01
7.052134E-08,-1.4790150E-01
7.057134E-08,-1.4800692E-01
7.062134E-08,-1.4805963E-01
7.067134E-08,-1.4816505E-01
7.072134E-08,-1.4827046E-01
7.077134E-08,-1.4832317E-01
7.082134E-08,-1.4842859E-01
7.087134E-08,-1.4853401E-01
7.092134E-08,-1.4858672E-01
7.097134E-08,-1.4869214E-01
7.102134E-08,-1.4879755E-01
7.107134E-08,-1.4890297E-01
7.112134E-08,-1.4895568E-01
7.117134E-08,-1.4906110E-01
7.122134E-08,-1.4916652E-01
7.127134E-08,-1.4921923E-01
7.132134E-08,-1.4932464E-01
7.137134E-08,-1.4937735E-01
7.142134E-08,-1.4948277E-01
7.147134E-08,-1.4953548E-01
7.152134E-08,-1.4964090E-01
7.157134E-08,-1.4969361E-01
7.162134E-08,-1.4979903E-01
7.167134E-08,-1.4985173E-01
7.172134E-08,-1.4990444E-01
7.177134E-08,-1.4995715E-01
7.182134E-08,-1.5006257E-01
7.187134E-08,-1.5011528E-01
7.192134E-08,-1.5016799E-01
7.197134E-08,-1.5022070E-01
7.202134E-08,-1.5027341E-01
7.207134E-08,-1.5032612E-01
7.212134E-08,-1.5037883E-01
7.217134E-08,-1.5043153E-01
7.222134E-08,-1.5048424E-01
7.227134E-08,-1.5053695E-01
7.232134E-08,-1.5058966E-01
7.237134E-08,-1.5058966E-01
7.242134E-08,-1.5064237E-01
7.247134E-08,-1.5069508E-01
7.252134E-08,-1.5074779E-01
7.257134E-08,-1.5074779E-01
7.262134E-08,-1.5080050E-01
7.267134E-08,-1.5080050E-01
7.272134E-08,-1.5085321E-01
7.277134E-08,-1.5085321E-01
7.282134E-08,-1.5085321E-01
7.287134E-08,-1.5090592E-01
7.292134E-08,-1.5090592E-01
7.297134E-08,-1.5090592E-01
7.302134E-08,-1.5090592E-01
7.307134E-08,-1.5090592E-01
7.312134E-08,-1.5085321E-01
7.317134E-08,-1.5085321E-01
7.322134E-08,-1.5085321E-01
7.327134E-08,-1.5080050E-01
7.332134E-08,-1.5080050E-01
7.337134E-08,-1.5074779E-01
7.342134E-08,-1.5069508E-01
7.347134E-08,-1.5064237E-01
7.352134E-08,-1.5064237E-01
7.357134E-08,-1.5058966E-01
7.362134E-08,-1.5053695E-01
7.367134E-08,-1.5048424E-01
7.372134E-08,-1.5043153E-01
7.377134E-08,-1.5037883E-01
7.382134E-08,-1.5032612E-01
7.387134E-08,-1.5027341E-01
7.392134E-08,-1.5022070E-01
7.397134E-08,-1.5016799E-01
7.402134E-08,-1.5011528E-01
7.407134E-08,-1.5006257E-01
7.412134E-08,-1.5000986E-01
7.417134E-08,-1.4995715E-01
7.422134E-08,-1.4990444E-01
7.427134E-08,-1.4985173E-01
7.432134E-08,-1.4979903E-01
7.437134E-08,-1.4974632E-01
7.442134E-08,-1.4974632E-01
7.447134E-08,-1.4969361E-01
7.452134E-08,-1.4964090E-01
7.457134E-08,-1.4964090E-01
7.462134E-08,-1.4958819E-01
7.467134E-08,-1.4958819E-01
7.472134E-08,-1.4953548E-01
7.477134E-08,-1.4948277E-01
7.482134E-08,-1.4948277E-01
7.487134E-08,-1.4948277E-01
7.492134E-08,-1.4943006E-01
7.497134E-08,-1.4943006E-01
7.502134E-08,-1.4937735E-01
7.507134E-08,-1.4937735E-01
7.512134E-08,-1.4937735E-01
7.517134E-08,-1.4932464E-01
7.522134E-08,-1.4932464E-01
7.527134E-08,-1.4932464E-01
7.532134E-08,-1.4932464E-01
7.537134E-08,-1.4932464E-01
7.542134E-08,-1.4927194E-01
7.547134E-08,-1.4927194E-01
7.552134E-08,-1.4927194E-01
7.557134E-08,-1.4927194E-01
7.562134E-08,-1.4927194E-01
7.567134E-08,-1.4927194E-01
7.572134E-08,-1.4927194E-01
7.577134E-08,-1.4927194E-01
7.582134E-08,-1.4927194E-01
7.587134E-08,-1.4927194E-01
7.592134E-08,-1.4927194E-01
7.597134E-08,-1.4927194E-01
7.602134E-08,-1.4927194E-01
7.607134E-08,-1.4932464E-01
7.612134E-08,-1.4932464E-01
7.617134E-08,-1.4932464E-01
7.622134E-08,-1.4932464E-01
7.627134E-08,-1.4932464E-01
7.632134E-08,-1.4932464E-01
7.637134E-08,-1.4932464E-01
7.642134E-08,-1.4937735E-01
7.647134E-08,-1.4937735E-01
7.652134E-08,-1.4937735E-01
7.657134E-08,-1.4937735E-01
7.662134E-08,-1.4937735E-01
7.667134E-08,-1.4937735E-01
7.672134E-08,-1.4937735E-01
7.677134E-08,-1.4937735E-01
7.682134E-08,-1.4937735E-01
7.687134E-08,-1.4937735E-01
7.692134E-08,-1.4937735E-01
7.697134E-08,-1.4932464E-01
7.702134E-08,-1.4932464E-01
7.707134E-08,-1.4932464E-01
7.712134E-08,-1.4927194E-01
7.717134E-08,-1.4927194E-01
7.722134E-08,-1.4927194E-01
7.727134E-08,-1.4921923E-01
7.732134E-08,-1.4921923E-01
7.737134E-08,-1.4916652E-01
7.742134E-08,-1.4911381E-01
7.747134E-08,-1.4911381E-01
7.752134E-08,-1.4906110E-01
7.757134E-08,-1.4900839E-01
7.762134E-08,-1.4900839E-01
7.767134E-08,-1.4895568E-01
7.772134E-08,-1.4890297E-01
7.777134E-08,-1.4890297E-01
7.782134E-08,-1.4885026E-01
7.787134E-08,-1.4879755E-01
7.792134E-08,-1.4879755E-01
7.797134E-08,-1.4874485E-01
7.802134E-08,-1.4874485E-01
7.807134E-08,-1.4874485E-01
7.812134E-08,-1.4869214E-01
7.817134E-08,-1.4869214E-01
7.822134E-08,-1.4869214E-01
7.827134E-08,-1.4869214E-01
7.832134E-08,-1.4869214E-01
7.837134E-08,-1.4869214E-01
7.842134E-08,-1.4869214E-01
7.847134E-08,-1.4874485E-01
7.852134E-08,-1.4874485E-01
7.857134E-08,-1.4879755E-01
7.862134E-08,-1.4879755E-01
7.867134E-08,-1.4885026E-01
7.872134E-08,-1.4885026E-01
7.877134E-08,-1.4890297E-01
7.882134E-08,-1.4895568E-01
7.887134E-08,-1.4900839E-01
7.892134E-08,-1.4900839E-01
7.897134E-08,-1.4906110E-01
7.902134E-08,-1.4911381E-01
7.907134E-08,-1.4916652E-01
7.912134E-08,-1.4921923E-01
7.917134E-08,-1.4921923E-01
7.922134E-08,-1.4927194E-01
7.927134E-08,-1.4932464E-01
7.932134E-08,-1.4932464E-01
7.937134E-08,-1.4937735E-01
7.942134E-08,-1.4937735E-01
7.947134E-08,-1.4943006E-01
7.952134E-08,-1.4943006E-01
7.957134E-08,-1.4943006E-01
7.962134E-08,-1.4943006E-01
7.967134E-08,-1.4943006E-01
7.972134E-08,-1.4948277E-01
7.977134E-08,-1.4943006E-01
7.982134E-08,-1.4943006E-01
7.987134E-08,-1.4943006E-01
7.992134E-08,-1.4943006E-01
7.997134E-08,-1.4943006E-01
8.002134E-08,-1.4937735E-01
8.007134E-08,-1.4937735E-01
8.012134E-08,-1.4932464E-01
8.017134E-08,-1.4932464E-01
8.022134E-08,-1.4927194E-01
8.027134E-08,-1.4927194E-01
8.032134E-08,-1.4921923E-01
8.037134E-08,-1.4921923E-01
8.042134E-08,-1.4916652E-01
8.047134E-08,-1.4916652E-01
8.052134E-08,-1.4911381E-01
8.057134E-08,-1.4906110E-01
8.062134E-08,-1.4906110E-01
8.067134E-08,-1.4900839E-01
8.072134E-08,-1.4900839E-01
8.077134E-08,-1.4895568E-01
8.082134E-08,-1.4895568E-01
8.087134E-08,-1.4895568E-01
8.092134E-08,-1.4895568E-01
8.097134E-08,-1.4890297E-01
8.102134E-08,-1.4890297E-01
8.107134E-08,-1.4890297E-01
8.112134E-08,-1.4890297E-01
8.117134E-08,-1.4890297E-01
8.122134E-08,-1.4890297E-01
8.127134E-08,-1.4890297E-01
8.132134E-08,-1.4895568E-01
8.137134E-08,-1.4895568E-01
8.142134E-08,-1.4895568E-01
8.147134E-08,-1.4900839E-01
8.152134E-08,-1.4900839E-01
8.157134E-08,-1.4906110E-01
8.162134E-08,-1.4906110E-01
8.167134E-08,-1.4911381E-01
8.172134E-08,-1.4916652E-01
8.177134E-08,-1.4916652E-01
8.182134E-08,-1.4921923E-01
8.187134E-08,-1.4927194E-01
8.192134E-08,-1.4927194E-01
8.197134E-08,-1.4932464E-01
8.202134E-08,-1.4937735E-01
8.207134E-08,-1.4937735E-01
8.212134E-08,-1.4943006E-01
8.217134E-08,-1.4948277E-01
8.222134E-08,-1.4948277E-01
8.227134E-08,-1.4953548E-01
8.232134E-08,-1.4958819E-01
8.237134E-08,-1.4958819E-01
8.242134E-08,-1.4964090E-01
8.247134E-08,-1.4964090E-01
8.252134E-08,-1.4969361E-01
8.257134E-08,-1.4969361E-01
8.262134E-08,-1.4974632E-01
8.267134E-08,-1.4974632E-01
8.272134E-08,-1.4979903E-01
8.277134E-08,-1.4979903E-01
8.282134E-08,-1.4979903E-01
8.287134E-08,-1.4979903E-01
8.292134E-08,-1.4985173E-01
8.297134E-08,-1.4985173E-01
8.302134E-08,-1.4985173E-01
8.307134E-08,-1.4985173E-01
8.312134E-08,-1.4990444E-01
8.317134E-08,-1.4990444E-01
8.322134E-08,-1.4990444E-01
8.327134E-08,-1.4990444E-01
8.332134E-08,-1.4990444E-01
8.337134E-08,-1.4990444E-01
8.342134E-08,-1.4995715E-01
8.347134E-08,-1.4995715E-01
8.352134E-08,-1.4995715E-01
8.357134E-08,-1.5000986E-01
8.362134E-08,-1.5000986E-01
8.367134E-08,-1.5000986E-01
8.372134E-08,-1.5006257E-01
8.377134E-08,-1.5006257E-01
8.382134E-08,-1.5011528E-01
8.387134E-08,-1.5011528E-01
8.392134E-08,-1.5016799E-01
8.397134E-08,-1.5022070E-01
8.402134E-08,-1.5027341E-01
8.407134E-08,-1.5027341E-01
8.412134E-08,-1.5032612E-01
8.417134E-08,-1.5037883E-01
8.422134E-08,-1.5043153E-01
8.427134E-08,-1.5048424E-01
8.432134E-08,-1.5048424E-01
8.437134E-08,-1.5053695E-01
8.442134E-08,-1.5058966E-01
8.447134E-08,-1.5064237E-01
8.452134E-08,-1.5064237E-01
8.457134E-08,-1.5069508E-01
8.462134E-08,-1.5069508E-01
8.467134E-08,-1.5074779E-01
8.472134E-08,-1.5074779E-01
8.477134E-08,-1.5074779E-01
8.482134E-08,-1.5080050E-01
8.487134E-08,-1.5080050E-01
8.492134E-08,-1.5080050E-01
8.497134E-08,-1.5080050E-01
8.502134E-08,-1.5074779E-01
8.507134E-08,-1.5074779E-01
8.512134E-08,-1.5074779E-01
8.517134E-08,-1.5069508E-01
8.522134E-08,-1.5069508E-01
8.527134E-08,-1.5064237E-01
8.532134E-08,-1.5058966E-01
8.537134E-08,-1.5058966E-01
8.542134E-08,-1.5053695E-01
8.547134E-08,-1.5048424E-01
8.552134E-08,-1.5048424E-01
8.557134E-08,-1.5043153E-01
8.562134E-08,-1.5037883E-01
8.567134E-08,-1.5037883E-01
8.572134E-08,-1.5032612E-01
8.577134E-08,-1.5027341E-01
8.582134E-08,-1.5027341E-01
8.587134E-08,-1.5022070E-01
8.592134E-08,-1.5022070E-01
8.597134E-08,-1.5022070E-01
8.602134E-08,-1.5016799E-01
8.607134E-08,-1.5016799E-01
8.612134E-08,-1.5016799E-01
8.617134E-08,-1.5016799E-01
8.622134E-08,-1.5016799E-01
8.627134E-08,-1.5016799E-01
8.632134E-08,-1.5016799E-01
8.637134E-08,-1.5022070E-01
8.642134E-08,-1.5022070E-01
8.647134E-08,-1.5022070E-01
8.652134E-08,-1.5027341E-01
8.657134E-08,-1.5027341E-01
8.662134E-08,-1.5027341E-01
8.667134E-08,-1.5027341E-01
8.672134E-08,-1.5032612E-01
8.677134E-08,-1.5032612E-01
8.682134E-08,-1.5032612E-01
8.687134E-08,-1.5032612E-01
8.692134E-08,-1.5032612E-01
8.697134E-08,-1.5032612E-01
8.702134E-08,-1.5032612E-01
8.707134E-08,-1.5027341E-01
8.712134E-08,-1.5027341E-01
8.717134E-08,-1.5022070E-01
8.722134E-08,-1.5022070E-01
8.727134E-08,-1.5016799E-01
8.732134E-08,-1.5011528E-01
8.737134E-08,-1.5006257E-01
8.742134E-08,-1.5000986E-01
8.747134E-08,-1.4995715E-01
8.752134E-08,-1.4990444E-01
8.757134E-08,-1.4979903E-01
8.762134E-08,-1.4974632E-01
8.767134E-08,-1.4964090E-01
8.772134E-08,-1.4958819E-01
8.777134E-08,-1.4948277E-01
8.782134E-08,-1.4943006E-01
8.787134E-08,-1.4932464E-01
8.792134E-08,-1.4927194E-01
8.797134E-08,-1.4916652E-01
8.802134E-08,-1.4911381E-01
8.807134E-08,-1.4906110E-01
8.812134E-08,-1.4895568E-01
8.817134E-08,-1.4890297E-01
8.822134E-08,-1.4885026E-01
8.827134E-08,-1.4879755E-01
8.832134E-08,-1.4874485E-01
8.837134E-08,-1.4869214E-01
8.842134E-08,-1.4869214E-01
8.847134E-08,-1.4863943E-01
8.852134E-08,-1.4863943E-01
8.857134E-08,-1.4858672E-01
8.862134E-08,-1.4858672E-01
8.867134E-08,-1.4858672E-01
8.872134E-08,-1.4858672E-01
8.877134E-08,-1.4858672E-01
8.882134E-08,-1.4863943E-01
8.887134E-08,-1.4863943E-01
8.892134E-08,-1.4869214E-01
8.897134E-08,-1.4869214E-01
8.902134E-08,-1.4874485E-01
8.907134E-08,-1.4879755E-01
8.912134E-08,-1.4879755E-01
8.917134E-08,-1.4885026E-01
8.922134E-08,-1.4890297E-01
8.927134E-08,-1.4895568E-01
8.932134E-08,-1.4900839E-01
8.937134E-08,-1.4906110E-01
8.942134E-08,-1.4911381E-01
8.947134E-08,-1.4916652E-01
8.952134E-08,-1.4921923E-01
8.957134E-08,-1.4932464E-01
8.962134E-08,-1.4937735E-01
8.967134E-08,-1.4943006E-01
8.972134E-08,-1.4948277E-01
8.977134E-08,-1.4953548E-01
8.982134E-08,-1.4958819E-01
8.987134E-08,-1.4964090E-01
8.992134E-08,-1.4969361E-01
8.997134E-08,-1.4979903E-01
9.002134E-08,-1.4979903E-01
9.007134E-08,-1.4985173E-01
9.012134E-08,-1.4990444E-01
9.017134E-08,-1.4995715E-01
9.022134E-08,-1.5000986E-01
9.027134E-08,-1.5000986E-01
9.032134E-08,-1.5006257E-01
9.037134E-08,-1.5006257E-01
9.042134E-08,-1.5011528E-01
9.047134E-08,-1.5011528E-01
9.052134E-08,-1.5011528E-01
9.057134E-08,-1.5016799E-01
9.062134E-08,-1.5016799E-01
9.067134E-08,-1.5016799E-01
9.072134E-08,-1.5016799E-01
9.077134E-08,-1.5011528E-01
9.082134E-08,-1.5011528E-01
9.087134E-08,-1.5011528E-01
9.092134E-08,-1.5006257E-01
9.097134E-08,-1.5006257E-01
9.102134E-08,-1.5006257E-01
9.107134E-08,-1.5000986E-01
9.112134E-08,-1.5000986E-01
9.117134E-08,-1.4995715E-01
9.122134E-08,-1.4995715E-01
9.127134E-08,-1.4990444E-01
9.132134E-08,-1.4990444E-01
9.137134E-08,-1.4990444E-01
9.142134E-08,-1.4985173E-01
9.147134E-08,-1.4985173E-01
9.152134E-08,-1.4985173E-01
9.157134E-08,-1.4985173E-01
9.162134E-08,-1.4985173E-01
9.167134E-08,-1.4985173E-01
9.172134E-08,-1.4985173E-01
9.177134E-08,-1.4985173E-01
9.182134E-08,-1.4990444E-01
9.187134E-08,-1.4990444E-01
9.192134E-08,-1.4995715E-01
9.197134E-08,-1.5000986E-01
9.202134E-08,-1.5000986E-01
9.207134E-08,-1.5006257E-01
9.212134E-08,-1.5011528E-01
9.217134E-08,-1.5016799E-01
9.222134E-08,-1.5022070E-01
9.227134E-08,-1.5027341E-01
9.232134E-08,-1.5032612E-01
9.237134E-08,-1.5037883E-01
9.242134E-08,-1.5043153E-01
9.247134E-08,-1.5048424E-01
9.252134E-08,-1.5053695E-01
9.257134E-08,-1.5058966E-01
9.262134E-08,-1.5058966E-01
9.267134E-08,-1.5064237E-01
9.272134E-08,-1.5069508E-01
9.277134E-08,-1.5069508E-01
9.282134E-08,-1.5074779E-01
9.287134E-08,-1.5074779E-01
9.292134E-08,-1.5074779E-01
9.297134E-08,-1.5074779E-01
9.302134E-08,-1.5069508E-01
9.307134E-08,-1.5069508E-01
9.312134E-08,-1.5069508E-01
9.317134E-08,-1.5064237E-01
9.322134E-08,-1.5058966E-01
9.327134E-08,-1.5053695E-01
9.332134E-08,-1.5048424E-01
9.337134E-08,-1.5043153E-01
9.342134E-08,-1.5037883E-01
9.347134E-08,-1.5032612E-01
9.352134E-08,-1.5027341E-01
9.357134E-08,-1.5022070E-01
9.362134E-08,-1.5016799E-01
9.367134E-08,-1.5011528E-01
9.372134E-08,-1.5006257E-01
9.377134E-08,-1.5000986E-01
9.382134E-08,-1.4995715E-01
9.387134E-08,-1.4990444E-01
9.392134E-08,-1.4990444E-01
9.397134E-08,-1.4985173E-01
9.402134E-08,-1.4979903E-01
9.407134E-08,-1.4979903E-01
9.412134E-08,-1.4979903E-01
9.417134E-08,-1.4979903E-01
9.422134E-08,-1.4979903E-01
9.427134E-08,-1.4979903E-01
9.432134E-08,-1.4979903E-01
9.437134E-08,-1.4985173E-01
9.442134E-08,-1.4985173E-01
9.447134E-08,-1.4990444E-01
9.452134E-08,-1.4990444E-01
9.457134E-08,-1.4995715E-01
9.462134E-08,-1.4995715E-01
9.467134E-08,-1.5000986E-01
9.472134E-08,-1.5000986E-01
9.477134E-08,-1.5006257E-01
9.482134E-08,-1.5006257E-01
9.487134E-08,-1.5006257E-01
9.492134E-08,-1.5006257E-01
9.497134E-08,-1.5006257E-01
9.502134E-08,-1.5006257E-01
9.507134E-08,-1.5006257E-01
9.512134E-08,-1.5006257E-01
9.517134E-08,-1.5006257E-01
9.522134E-08,-1.5000986E-01
9.527134E-08,-1.5000986E-01
9.532134E-08,-1.4995715E-01
9.537134E-08,-1.4990444E-01
9.542134E-08,-1.4985173E-01
9.547134E-08,-1.4979903E-01
9.552134E-08,-1.4974632E-01
9.557134E-08,-1.4969361E-01
9.562134E-08,-1.4964090E-01
9.567134E-08,-1.4958819E-01
9.572134E-08,-1.4953548E-01
9.577134E-08,-1.4948277E-01
9.582134E-08,-1.4943006E-01
9.587134E-08,-1.4937735E-01
9.592134E-08,-1.4932464E-01
9.597134E-08,-1.4927194E-01
9.602134E-08,-1.4927194E-01
9.607134E-08,-1.4921923E-01
9.612134E-08,-1.4921923E-01
9.617134E-08,-1.4916652E-01
9.622134E-08,-1.4916652E-01
9.627134E-08,-1.4916652E-01
9.632134E-08,-1.4916652E-01
9.637134E-08,-1.4921923E-01
9.642134E-08,-1.4921923E-01
9.647134E-08,-1.4927194E-01
9.652134E-08,-1.4932464E-01
9.657134E-08,-1.4937735E-01
9.662134E-08,-1.4943006E-01
9.667134E-08,-1.4948277E-01
9.672134E-08,-1.4953548E-01
9.677134E-08,-1.4958819E-01
9.682134E-08,-1.4964090E-01
9.687134E-08,-1.4974632E-01
9.692134E-08,-1.4979903E-01
9.697134E-08,-1.4985173E-01
9.702134E-08,-1.4995715E-01
9.707134E-08,-1.5000986E-01
9.712134E-08,-1.5006257E-01
9.717134E-08,-1.5011528E-01
9.722134E-08,-1.5016799E-01
9.727134E-08,-1.5022070E-01
9.732134E-08,-1.5027341E-01
9.737134E-08,-1.5032612E-01
9.742134E-08,-1.5032612E-01
9.747134E-08,-1.5037883E-01
9.752134E-08,-1.5037883E-01
9.757134E-08,-1.5043153E-01
9.762134E-08,-1.5043153E-01
9.767134E-08,-1.5043153E-01
9.772134E-08,-1.5043153E-01
9.777134E-08,-1.5043153E-01
9.782134E-08,-1.5043153E-01
9.787134E-08,-1.5043153E-01
9.792134E-08,-1.5043153E-01
9.797134E-08,-1.5043153E-01
9.802134E-08,-1.5043153E-01
9.807134E-08,-1.5043153E-01
9.812134E-08,-1.5043153E-01
9.817134E-08,-1.5043153E-01
9.822134E-08,-1.5043153E-01
9.827134E-08,-1.5043153E-01
9.832134E-08,-1.5037883E-01
9.837134E-08,-1.5037883E-01
9.842134E-08,-1.5043153E-01
9.847134E-08,-1.5043153E-01
9.852134E-08,-1.5043153E-01
9.857134E-08,-1.5043153E-01
9.862134E-08,-1.5043153E-01
9.867134E-08,-1.5043153E-01
9.872134E-08,-1.5043153E-01
9.877134E-08,-1.5048424E-01
9.882134E-08,-1.5048424E-01
9.887134E-08,-1.5048424E-01
9.892134E-08,-1.5048424E-01
9.897134E-08,-1.5053695E-01
9.902134E-08,-1.5053695E-01
9.907134E-08,-1.5053695E-01
9.912134E-08,-1.5053695E-01
9.917134E-08,-1.5053695E-01
9.922134E-08,-1.5053695E-01
9.927134E-08,-1.5053695E-01
9.932134E-08,-1.5053695E-01
9.937134E-08,-1.5053695E-01
9.942134E-08,-1.5053695E-01
9.947134E-08,-1.5053695E-01
9.952134E-08,-1.5048424E-01
9.957134E-08,-1.5048424E-01
9.962134E-08,-1.5048424E-01
9.967134E-08,-1.5043153E-01
9.972134E-08,-1.5043153E-01
9.977134E-08,-1.5037883E-01
9.982134E-08,-1.5037883E-01
9.987134E-08,-1.5032612E-01
9.992134E-08,-1.5032612E-01
9.997134E-08,-1.5027341E-01
1.0002134E-07,-1.5027341E-01
1.0007134E-07,-1.5022070E-01
1.0012134E-07,-1.5016799E-01
1.0017134E-07,-1.5016799E-01
1.0022134E-07,-1.5011528E-01
1.0027134E-07,-1.5011528E-01
1.0032134E-07,-1.5006257E-01
1.0037134E-07,-1.5006257E-01
1.0042134E-07,-1.5000986E-01
1.0047134E-07,-1.5000986E-01
1.0052134E-07,-1.4995715E-01
1.0057134E-07,-1.4995715E-01
1.0062134E-07,-1.4995715E-01
1.0067134E-07,-1.4990444E-01
1.0072134E-07,-1.4990444E-01
1.0077134E-07,-1.4990444E-01
1.0082134E-07,-1.4990444E-01
1.0087134E-07,-1.4985173E-01
1.0092134E-07,-1.4985173E-01
1.0097134E-07,-1.4985173E-01
1.0102134E-07,-1.4985173E-01
1.0107134E-07,-1.4985173E-01
1.0112134E-07,-1.4985173E-01
1.0117134E-07,-1.4985173E-01
1.0122134E-07,-1.4979903E-01
1.0127134E-07,-1.4979903E-01
1.0132134E-07,-1.4979903E-01
1.0137134E-07,-1.4979903E-01
1.0142134E-07,-1.4979903E-01
1.0147134E-07,-1.4979903E-01
1.0152134E-07,-1.4974632E-01
1.0157134E-07,-1.4974632E-01
1.0162134E-07,-1.4974632E-01
1.0167134E-07,-1.4974632E-01
1.0172134E-07,-1.4969361E-01
1.0177134E-07,-1.4969361E-01
1.0182134E-07,-1.4969361E-01
1.0187134E-07,-1.4964090E-01
1.0192134E-07,-1.4964090E-01
1.0197134E-07,-1.4964090E-01
1.0202134E-07,-1.4958819E-01
1.0207134E-07,-1.4958819E-01
1.0212134E-07,-1.4958819E-01
1.0217134E-07,-1.4958819E-01
1.0222134E-07,-1.4958819E-01
1.0227134E-07,-1.4953548E-01
1.0232134E-07,-1.4953548E-01
1.0237134E-07,-1.4953548E-01
1.0242134E-07,-1.4953548E-01
1.0247134E-07,-1.4953548E-01
1.0252134E-07,-1.4953548E-01
1.0257134E-07,-1.4953548E-01
1.0262134E-07,-1.4953548E-01
1.0267134E-07,-1.4953548E-01
1.0272134E-07,-1.4953548E-01
1.0277134E-07,-1.4958819E-01
1.0282134E-07,-1.4958819E-01
1.0287134E-07,-1.4958819E-01
1.0292134E-07,-1.4958819E-01
1.0297134E-07,-1.4964090E-01
1.0302134E-07,-1.4964090E-01
1.0307134E-07,-1.4964090E-01
1.0312134E-07,-1.4964090E-01
1.0317134E-07,-1.4969361E-01
1.0322134E-07,-1.4969361E-01
1.0327134E-07,-1.4969361E-01
1.0332134E-07,-1.4969361E-01
1.0337134E-07,-1.4974632E-01
1.0342134E-07,-1.4974632E-01
1.0347134E-07,-1.4974632E-01
1.0352134E-07,-1.4974632E-01
1.0357134E-07,-1.4974632E-01
1.0362134E-07,-1.4979903E-01
1.0367134E-07,-1.4979903E-01
1.0372134E-07,-1.4979903E-01
1.0377134E-07,-1.4979903E-01
1.0382134E-07,-1.4979903E-01
1.0387134E-07,-1.4979903E-01
1.0392134E-07,-1.4979903E-01
1.0397134E-07,-1.4979903E-01
1.0402134E-07,-1.4979903E-01
1.0407134E-07,-1.4985173E-01
1.0412134E-07,-1.4979903E-01
1.0417134E-07,-1.4979903E-01
1.0422134E-07,-1.4979903E-01
1.0427134E-07,-1.4979903E-01
1.0432134E-07,-1.4979903E-01
1.0437134E-07,-1.4979903E-01
1.0442134E-07,-1.4979903E-01
1.0447134E-07,-1.4974632E-01
1.0452134E-07,-1.4974632E-01
1.0457134E-07,-1.4974632E-01
1.0462134E-07,-1.4969361E-01
1.0467134E-07,-1.4969361E-01
1.0472134E-07,-1.4964090E-01
1.0477134E-07,-1.4964090E-01
1.0482134E-07,-1.4958819E-01
1.0487134E-07,-1.4958819E-01
1.0492134E-07,-1.4953548E-01
1.0497134E-07,-1.4953548E-01
1.0502134E-07,-1.4948277E-01
1.0507134E-07,-1.4948277E-01
1.0512134E-07,-1.4943006E-01
1.0517134E-07,-1.4943006E-01
1.0522134E-07,-1.4937735E-01
1.0527134E-07,-1.4937735E-01
1.0532134E-07,-1.4937735E-01
1.0537134E-07,-1.4932464E-01
1.0542134E-07,-1.4932464E-01
1.0547134E-07,-1.4932464E-01
1.0552134E-07,-1.4932464E-01
1.0557134E-07,-1.4932464E-01
1.0562134E-07,-1.4932464E-01
1.0567134E-07,-1.4932464E-01
1.0572134E-07,-1.4932464E-01
1.0577134E-07,-1.4932464E-01
1.0582134E-07,-1.4932464E-01
1.0587134E-07,-1.4932464E-01
1.0592134E-07,-1.4937735E-01
1.0597134E-07,-1.4937735E-01
1.0602134E-07,-1.4943006E-01
1.0607134E-07,-1.4943006E-01
1.0612134E-07,-1.4948277E-01
1.0617134E-07,-1.4953548E-01
1.0622134E-07,-1.4953548E-01
1.0627134E-07,-1.4958819E-01
1.0632134E-07,-1.4964090E-01
1.0637134E-07,-1.4969361E-01
1.0642134E-07,-1.4974632E-01
1.0647134E-07,-1.4979903E-01
1.0652134E-07,-1.4979903E-01
1.0657134E-07,-1.4985173E-01
1.0662134E-07,-1.4990444E-01
1.0667134E-07,-1.4995715E-01
1.0672134E-07,-1.4995715E-01
1.0677134E-07,-1.5000986E-01
1.0682134E-07,-1.5006257E-01
1.0687134E-07,-1.5006257E-01
1.0692134E-07,-1.5006257E-01
1.0697134E-07,-1.5011528E-01
1.0702134E-07,-1.5011528E-01
1.0707134E-07,-1.5011528E-01
1.0712134E-07,-1.5011528E-01
1.0717134E-07,-1.5011528E-01
1.0722134E-07,-1.5011528E-01
1.0727134E-07,-1.5011528E-01
1.0732134E-07,-1.5011528E-01
1.0737134E-07,-1.5011528E-01
1.0742134E-07,-1.5006257E-01
1.0747134E-07,-1.5006257E-01
1.0752134E-07,-1.5000986E-01
1.0757134E-07,-1.5000986E-01
1.0762134E-07,-1.5000986E-01
1.0767134E-07,-1.4995715E-01
1.0772134E-07,-1.4995715E-01
1.0777134E-07,-1.4990444E-01
1.0782134E-07,-1.4990444E-01
1.0787134E-07,-1.4985173E-01
1.0792134E-07,-1.4985173E-01
1.0797134E-07,-1.4985173E-01
1.0802134E-07,-1.4979903E-01
1.0807134E-07,-1.4979903E-01
1.0812134E-07,-1.4979903E-01
1.0817134E-07,-1.4979903E-01
1.0822134E-07,-1.4974632E-01
1.0827134E-07,-1.4974632E-01
1.0832134E-07,-1.4974632E-01
1.0837134E-07,-1.4974632E-01
1.0842134E-07,-1.4979903E-01
1.0847134E-07,-1.4979903E-01
1.0852134E-07,-1.4979903E-01
1.0857134E-07,-1.4979903E-01
1.0862134E-07,-1.4979903E-01
1.0867134E-07,-1.4979903E-01
1.0872134E-07,-1.4985173E-01
1.0877134E-07,-1.4985173E-01
1.0882134E-07,-1.4985173E-01
1.0887134E-07,-1.4985173E-01
1.0892134E-07,-1.4985173E-01
1.0897134E-07,-1.4985173E-01
1.0902134E-07,-1.4985173E-01
1.0907134E-07,-1.4985173E-01
1.0912134E-07,-1.4985173E-01
1.0917134E-07,-1.4985173E-01
1.0922134E-07,-1.4985173E-01
1.0927134E-07,-1.4985173E-01
1.0932134E-07,-1.4979903E-01
1.0937134E-07,-1.4979903E-01
1.0942134E-07,-1.4979903E-01
1.0947134E-07,-1.4979903E-01
1.0952134E-07,-1.4974632E-01
1.0957134E-07,-1.4974632E-01
1.0962134E-07,-1.4974632E-01
1.0967134E-07,-1.4974632E-01
1.0972134E-07,-1.4969361E-01
1.0977134E-07,-1.4969361E-01
1.0982134E-07,-1.4969361E-01
1.0987134E-07,-1.4969361E-01
1.0992134E-07,-1.4969361E-01
1.0997134E-07,-1.4969361E-01
1.1002134E-07,-1.4969361E-01
1.1007134E-07,-1.4969361E-01
1.1012134E-07,-1.4969361E-01
1.1017134E-07,-1.4969361E-01
1.1022134E-07,-1.4969361E-01
1.1027134E-07,-1.4969361E-01
1.1032134E-07,-1.4969361E-01
1.1037134E-07,-1.4969361E-01
1.1042134E-07,-1.4974632E-01
1.1047134E-07,-1.4974632E-01
1.1052134E-07,-1.4974632E-01
1.1057134E-07,-1.4974632E-01
1.1062134E-07,-1.4974632E-01
1.1067134E-07,-1.4979903E-01
1.1072134E-07,-1.4979903E-01
1.1077134E-07,-1.4979903E-01
1.1082134E-07,-1.4979903E-01
1.1087134E-07,-1.4979903E-01
1.1092134E-07,-1.4979903E-01
1.1097134E-07,-1.4974632E-01
1.1102134E-07,-1.4974632E-01
1.1107134E-07,-1.4974632E-01
1.1112134E-07,-1.4969361E-01
1.1117134E-07,-1.4964090E-01
1.1122134E-07,-1.4964090E-01
1.1127134E-07,-1.4958819E-01
1.1132134E-07,-1.4953548E-01
1.1137134E-07,-1.4948277E-01
1.1142134E-07,-1.4943006E-01
1.1147134E-07,-1.4937735E-01
1.1152134E-07,-1.4932464E-01
1.1157134E-07,-1.4927194E-01
1.1162134E-07,-1.4921923E-01
1.1167134E-07,-1.4916652E-01
1.1172134E-07,-1.4911381E-01
1.1177134E-07,-1.4906110E-01
1.1182134E-07,-1.4900839E-01
1.1187134E-07,-1.4900839E-01
1.1192134E-07,-1.4895568E-01
1.1197134E-07,-1.4890297E-01
1.1202134E-07,-1.4890297E-01
1.1207134E-07,-1.4885026E-01
1.1212134E-07,-1.4885026E-01
1.1217134E-07,-1.4885026E-01
1.1222134E-07,-1.4885026E-01
1.1227134E-07,-1.4885026E-01
1.1232134E-07,-1.4890297E-01
1.1237134E-07,-1.4890297E-01
1.1242134E-07,-1.4895568E-01
1.1247134E-07,-1.4900839E-01
1.1252134E-07,-1.4906110E-01
1.1257134E-07,-1.4911381E-01
1.1262134E-07,-1.4916652E-01
1.1267134E-07,-1.4921923E-01
1.1272134E-07,-1.4927194E-01
1.1277134E-07,-1.4932464E-01
1.1282134E-07,-1.4943006E-01
1.1287134E-07,-1.4948277E-01
1.1292134E-07,-1.4953548E-01
1.1297134E-07,-1.4958819E-01
1.1302134E-07,-1.4964090E-01
1.1307134E-07,-1.4969361E-01
1.1312134E-07,-1.4974632E-01
1.1317134E-07,-1.4974632E-01
1.1322134E-07,-1.4979903E-01
1.1327134E-07,-1.4979903E-01
1.1332134E-07,-1.4979903E-01
1.1337134E-07,-1.4979903E-01
1.1342134E-07,-1.4979903E-01
1.1347134E-07,-1.4979903E-01
1.1352134E-07,-1.4974632E-01
1.1357134E-07,-1.4974632E-01
1.1362134E-07,-1.4969361E-01
1.1367134E-07,-1.4964090E-01
1.1372134E-07,-1.4958819E-01
1.1377134E-07,-1.4953548E-01
1.1382134E-07,-1.4943006E-01
1.1387134E-07,-1.4937735E-01
1.1392134E-07,-1.4932464E-01
1.1397134E-07,-1.4927194E-01
1.1402134E-07,-1.4916652E-01
1.1407134E-07,-1.4911381E-01
1.1412134E-07,-1.4906110E-01
1.1417134E-07,-1.4900839E-01
1.1422134E-07,-1.4895568E-01
1.1427134E-07,-1.4890297E-01
1.1432134E-07,-1.4885026E-01
1.1437134E-07,-1.4879755E-01
1.1442134E-07,-1.4879755E-01
1.1447134E-07,-1.4879755E-01
1.1452134E-07,-1.4874485E-01
1.1457134E-07,-1.4874485E-01
1.1462134E-07,-1.4879755E-01
1.1467134E-07,-1.4879755E-01
1.1472134E-07,-1.4885026E-01
1.1477134E-07,-1.4885026E-01
1.1482134E-07,-1.4890297E-01
1.1487134E-07,-1.4895568E-01
1.1492134E-07,-1.4900839E-01
1.1497134E-07,-1.4906110E-01
1.1502134E-07,-1.4916652E-01
1.1507134E-07,-1.4921923E-01
1.1512134E-07,-1.4932464E-01
1.1517134E-07,-1.4937735E-01
1.1522134E-07,-1.4943006E-01
1.1527134E-07,-1.4953548E-01
1.1532134E-07,-1.4958819E-01
1.1537134E-07,-1.4964090E-01
1.1542134E-07,-1.4969361E-01
1.1547134E-07,-1.4974632E-01
1.1552134E-07,-1.4974632E-01
1.1557134E-07,-1.4979903E-01
1.1562134E-07,-1.4979903E-01
1.1567134E-07,-1.4979903E-01
1.1572134E-07,-1.4979903E-01
1.1577134E-07,-1.4979903E-01
1.1582134E-07,-1.4979903E-01
1.1587134E-07,-1.4974632E-01
1.1592134E-07,-1.4969361E-01
1.1597134E-07,-1.4969361E-01
1.1602134E-07,-1.4964090E-01
1.1607134E-07,-1.4958819E-01
1.1612134E-07,-1.4948277E-01
1.1617134E-07,-1.4943006E-01
1.1622134E-07,-1.4937735E-01
1.1627134E-07,-1.4927194E-01
1.1632134E-07,-1.4921923E-01
1.1637134E-07,-1.4911381E-01
1.1642134E-07,-1.4906110E-01
1.1647134E-07,-1.4900839E-01
1.1652134E-07,-1.4895568E-01
1.1657134E-07,-1.4890297E-01
1.1662134E-07,-1.4885026E-01
1.1667134E-07,-1.4879755E-01
1.1672134E-07,-1.4874485E-01
1.1677134E-07,-1.4869214E-01
1.1682134E-07,-1.4869214E-01
1.1687134E-07,-1.4869214E-01
1.1692134E-07,-1.4869214E-01
1.1697134E-07,-1.4869214E-01
1.1702134E-07,-1.4869214E-01
1.1707134E-07,-1.4869214E-01
1.1712134E-07,-1.4874485E-01
1.1717134E-07,-1.4874485E-01
1.1722134E-07,-1.4879755E-01
1.1727134E-07,-1.4885026E-01
1.1732134E-07,-1.4885026E-01
1.1737134E-07,-1.4890297E-01
1.1742134E-07,-1.4895568E-01
1.1747134E-07,-1.4900839E-01
1.1752134E-07,-1.4906110E-01
1.1757134E-07,-1.4911381E-01
1.1762134E-07,-1.4916652E-01
1.1767134E-07,-1.4921923E-01
1.1772134E-07,-1.4927194E-01
1.1777134E-07,-1.4927194E-01
1.1782134E-07,-1.4932464E-01
1.1787134E-07,-1.4937735E-01
1.1792134E-07,-1.4937735E-01
1.1797134E-07,-1.4943006E-01
1.1802134E-07,-1.4943006E-01
1.1807134E-07,-1.4943006E-01
1.1812134E-07,-1.4948277E-01
1.1817134E-07,-1.4948277E-01
1.1822134E-07,-1.4948277E-01
1.1827134E-07,-1.4948277E-01
1.1832134E-07,-1.4948277E-01
1.1837134E-07,-1.4948277E-01
1.1842134E-07,-1.4943006E-01
1.1847134E-07,-1.4943006E-01
1.1852134E-07,-1.4943006E-01
1.1857134E-07,-1.4943006E-01
1.1862134E-07,-1.4943006E-01
1.1867134E-07,-1.4937735E-01
1.1872134E-07,-1.4937735E-01
1.1877134E-07,-1.4937735E-01
1.1882134E-07,-1.4937735E-01
1.1887134E-07,-1.4937735E-01
1.1892134E-07,-1.4937735E-01
1.1897134E-07,-1.4937735E-01
1.1902134E-07,-1.4937735E-01
1.1907134E-07,-1.4937735E-01
1.1912134E-07,-1.4937735E-01
1.1917134E-07,-1.4943006E-01
1.1922134E-07,-1.4943006E-01
1.1927134E-07,-1.4943006E-01
1.1932134E-07,-1.4948277E-01
1.1937134E-07,-1.4948277E-01
1.1942134E-07,-1.4953548E-01
1.1947134E-07,-1.4953548E-01
1.1952134E-07,-1.4953548E-01
1.1957134E-07,-1.4958819E-01
1.1962134E-07,-1.4958819E-01
1.1967134E-07,-1.4958819E-01
1.1972134E-07,-1.4958819E-01
1.1977134E-07,-1.4958819E-01
1.1982134E-07,-1.4958819E-01
1.1987134E-07,-1.4958819E-01
1.1992134E-07,-1.4958819E-01
1.1997134E-07,-1.4958819E-01
1.2002134E-07,-1.4958819E-01
1.2007134E-07,-1.4953548E-01
1.2012134E-07,-1.4953548E-01
1.2017134E-07,-1.4948277E-01
1.2022134E-07,-1.4948277E-01
1.2027134E-07,-1.4943006E-01
1.2032134E-07,-1.4937735E-01
1.2037134E-07,-1.4932464E-01
1.2042134E-07,-1.4932464E-01
1.2047134E-07,-1.4927194E-01
1.2052134E-07,-1.4921923E-01
1.2057134E-07,-1.4916652E-01
1.2062134E-07,-1.4911381E-01
1.2067134E-07,-1.4911381E-01
1.2072134E-07,-1.4906110E-01
1.2077134E-07,-1.4900839E-01
1.2082134E-07,-1.4900839E-01
1.2087134E-07,-1.4895568E-01
1.2092134E-07,-1.4895568E-01
1.2097134E-07,-1.4890297E-01
1.2102134E-07,-1.4890297E-01
1.2107134E-07,-1.4890297E-01
1.2112134E-07,-1.4890297E-01
1.2117134E-07,-1.4890297E-01
1.2122134E-07,-1.4890297E-01
1.2127134E-07,-1.4890297E-01
1.2132134E-07,-1.4890297E-01
1.2137134E-07,-1.4890297E-01
1.2142134E-07,-1.4890297E-01
1.2147134E-07,-1.4890297E-01
1.2152134E-07,-1.4890297E-01
1.2157134E-07,-1.4890297E-01
1.2162134E-07,-1.4890297E-01
1.2167134E-07,-1.4890297E-01
1.2172134E-07,-1.4890297E-01
1.2177134E-07,-1.4890297E-01
1.2182134E-07,-1.4890297E-01
1.2187134E-07,-1.4890297E-01
1.2192134E-07,-1.4890297E-01
1.2197134E-07,-1.4890297E-01
1.2202134E-07,-1.4890297E-01
1.2207134E-07,-1.4885026E-01
1.2212134E-07,-1.4885026E-01
1.2217134E-07,-1.4879755E-01
1.2222134E-07,-1.4879755E-01
1.2227134E-07,-1.4874485E-01
1.2232134E-07,-1.4874485E-01
1.2237134E-07,-1.4869214E-01
1.2242134E-07,-1.4869214E-01
1.2247134E-07,-1.4863943E-01
1.2252134E-07,-1.4858672E-01
1.2257134E-07,-1.4858672E-01
1.2262134E-07,-1.4853401E-01
1.2267134E-07,-1.4853401E-01
1.2272134E-07,-1.4848130E-01
1.2277134E-07,-1.4848130E-01
1.2282134E-07,-1.4842859E-01
1.2287134E-07,-1.4842859E-01
1.2292134E-07,-1.4842859E-01
1.2297134E-07,-1.4837588E-01
1.2302134E-07,-1.4837588E-01
1.2307134E-07,-1.4837588E-01
1.2312134E-07,-1.4837588E-01
1.2317134E-07,-1.4837588E-01
1.2322134E-07,-1.4842859E-01
1.2327134E-07,-1.4842859E-01
1.2332134E-07,-1.4842859E-01
1.2337134E-07,-1.4848130E-01
1.2342134E-07,-1.4848130E-01
1.2347134E-07,-1.4853401E-01
1.2352134E-07,-1.4853401E-01
1.2357134E-07,-1.4858672E-01
1.2362134E-07,-1.4858672E-01
1.2367134E-07,-1.4863943E-01
1.2372134E-07,-1.4863943E-01
1.2377134E-07,-1.4869214E-01
1.2382134E-07,-1.4869214E-01
1.2387134E-07,-1.4874485E-01
1.2392134E-07,-1.4874485E-01
1.2397134E-07,-1.4874485E-01
1.2402134E-07,-1.4879755E-01
1.2407134E-07,-1.4879755E-01
1.2412134E-07,-1.4879755E-01
1.2417134E-07,-1.4879755E-01
1.2422134E-07,-1.4879755E-01
1.2427134E-07,-1.4879755E-01
1.2432134E-07,-1.4879755E-01
1.2437134E-07,-1.4879755E-01
1.2442134E-07,-1.4879755E-01
1.2447134E-07,-1.4874485E-01
1.2452134E-07,-1.4874485E-01
1.2457134E-07,-1.4874485E-01
1.2462134E-07,-1.4869214E-01
1.2467134E-07,-1.4869214E-01
1.2472134E-07,-1.4869214E-01
1.2477134E-07,-1.4863943E-01
1.2482134E-07,-1.4863943E-01
1.2487134E-07,-1.4863943E-01
1.2492134E-07,-1.4858672E-01
1.2497134E-07,-1.4858672E-01
1.2502134E-07,-1.4858672E-01
1.2507134E-07,-1.4858672E-01
1.2512134E-07,-1.4858672E-01
1.2517134E-07,-1.4853401E-01
1.2522134E-07,-1.4853401E-01
1.2527134E-07,-1.4853401E-01
1.2532134E-07,-1.4853401E-01
1.2537134E-07,-1.4853401E-01
1.2542134E-07,-1.4853401E-01
1.2547134E-07,-1.4853401E-01
1.2552134E-07,-1.4853401E-01
1.2557134E-07,-1.4853401E-01
1.2562134E-07,-1.4853401E-01
1.2567134E-07,-1.4853401E-01
1.2572134E-07,-1.4853401E-01
1.2577134E-07,-1.4853401E-01
1.2582134E-07,-1.4853401E-01
1.2587134E-07,-1.4853401E-01
1.2592134E-07,-1.4853401E-01
1.2597134E-07,-1.4853401E-01
1.2602134E-07,-1.4853401E-01
1.2607134E-07,-1.4853401E-01
1.2612134E-07,-1.4853401E-01
1.2617134E-07,-1.4853401E-01
1.2622134E-07,-1.4853401E-01
1.2627134E-07,-1.4853401E-01
1.2632134E-07,-1.4853401E-01
1.2637134E-07,-1.4853401E-01
1.2642134E-07,-1.4853401E-01
1.2647134E-07,-1.4853401E-01
1.2652134E-07,-1.4853401E-01
1.2657134E-07,-1.4858672E-01
1.2662134E-07,-1.4858672E-01
1.2667134E-07,-1.4858672E-01
1.2672134E-07,-1.4858672E-01
1.2677134E-07,-1.4863943E-01
1.2682134E-07,-1.4863943E-01
1.2687134E-07,-1.4869214E-01
1.2692134E-07,-1.4874485E-01
1.2697134E-07,-1.4874485E-01
1.2702134E-07,-1.4879755E-01
1.2707134E-07,-1.4885026E-01
1.2712134E-07,-1.4890297E-01
1.2717134E-07,-1.4895568E-01
1.2722134E-07,-1.4900839E-01
1.2727134E-07,-1.4906110E-01
1.2732134E-07,-1.4911381E-01
1.2737134E-07,-1.4916652E-01
1.2742134E-07,-1.4921923E-01
1.2747134E-07,-1.4921923E-01
1.2752134E-07,-1.4927194E-01
1.2757134E-07,-1.4932464E-01
1.2762134E-07,-1.4937735E-01
1.2767134E-07,-1.4937735E-01
1.2772134E-07,-1.4943006E-01
1.2777134E-07,-1.4943006E-01
1.2782134E-07,-1.4948277E-01
1.2787134E-07,-1.4948277E-01
1.2792134E-07,-1.4948277E-01
1.2797134E-07,-1.4948277E-01
1.2802134E-07,-1.4943006E-01
1.2807134E-07,-1.4943006E-01
1.2812134E-07,-1.4937735E-01
1.2817134E-07,-1.4937735E-01
1.2822134E-07,-1.4932464E-01
1.2827134E-07,-1.4927194E-01
1.2832134E-07,-1.4921923E-01
1.2837134E-07,-1.4916652E-01
1.2842134E-07,-1.4906110E-01
1.2847134E-07,-1.4900839E-01
1.2852134E-07,-1.4895568E-01
1.2857134E-07,-1.4885026E-01
1.2862134E-07,-1.4879755E-01
1.2867134E-07,-1.4874485E-01
1.2872134E-07,-1.4863943E-01
