-7.138933E-08,-1.4974632E-01
-7.133933E-08,-1.4969361E-01
-7.128933E-08,-1.4969361E-01
-7.123933E-08,-1.4964090E-01
-7.118933E-08,-1.4958819E-01
-7.113933E-08,-1.4958819E-01
-7.108933E-08,-1.4953548E-01
-7.103933E-08,-1.4948277E-01
-7.098933E-08,-1.4943006E-01
-7.093933E-08,-1.4937735E-01
-7.088933E-08,-1.4932464E-01
-7.083933E-08,-1.4927194E-01
-7.078933E-08,-1.4921923E-01
-7.073933E-08,-1.4916652E-01
-7.068933E-08,-1.4911381E-01
-7.063933E-08,-1.4906110E-01
-7.058933E-08,-1.4900839E-01
-7.053933E-08,-1.4895568E-01
-7.048933E-08,-1.4895568E-01
-7.043933E-08,-1.4890297E-01
-7.038933E-08,-1.4890297E-01
-7.033933E-08,-1.4885026E-01
-7.028933E-08,-1.4885026E-01
-7.023933E-08,-1.4885026E-01
-7.018933E-08,-1.4885026E-01
-7.013933E-08,-1.4885026E-01
-7.008933E-08,-1.4885026E-01
-7.003933E-08,-1.4885026E-01
-6.998933E-08,-1.4885026E-01
-6.993933E-08,-1.4890297E-01
-6.988933E-08,-1.4890297E-01
-6.983933E-08,-1.4895568E-01
-6.978933E-08,-1.4895568E-01
-6.973933E-08,-1.4900839E-01
-6.968933E-08,-1.4900839E-01
-6.963933E-08,-1.4906110E-01
-6.958933E-08,-1.4906110E-01
-6.953933E-08,-1.4911381E-01
-6.948933E-08,-1.4911381E-01
-6.943933E-08,-1.4916652E-01
-6.938933E-08,-1.4916652E-01
-6.933933E-08,-1.4916652E-01
-6.928933E-08,-1.4921923E-01
-6.923933E-08,-1.4921923E-01
-6.918933E-08,-1.4921923E-01
-6.913933E-08,-1.4921923E-01
-6.908933E-08,-1.4921923E-01
-6.903933E-08,-1.4921923E-01
-6.898933E-08,-1.4916652E-01
-6.893933E-08,-1.4916652E-01
-6.888933E-08,-1.4916652E-01
-6.883933E-08,-1.4916652E-01
-6.878933E-08,-1.4911381E-01
-6.873933E-08,-1.4911381E-01
-6.868933E-08,-1.4906110E-01
-6.863933E-08,-1.4906110E-01
-6.858933E-08,-1.4900839E-01
-6.853933E-08,-1.4900839E-01
-6.848933E-08,-1.4895568E-01
-6.843933E-08,-1.4895568E-01
-6.838933E-08,-1.4890297E-01
-6.833933E-08,-1.4890297E-01
-6.828933E-08,-1.4885026E-01
-6.823933E-08,-1.4885026E-01
-6.818933E-08,-1.4879755E-01
-6.813933E-08,-1.4879755E-01
-6.808933E-08,-1.4874485E-01
-6.803933E-08,-1.4874485E-01
-6.798933E-08,-1.4869214E-01
-6.793933E-08,-1.4869214E-01
-6.788933E-08,-1.4863943E-01
-6.783933E-08,-1.4863943E-01
-6.778933E-08,-1.4858672E-01
-6.773933E-08,-1.4858672E-01
-6.768933E-08,-1.4853401E-01
-6.763933E-08,-1.4853401E-01
-6.758933E-08,-1.4848130E-01
-6.753933E-08,-1.4842859E-01
-6.748933E-08,-1.4842859E-01
-6.743933E-08,-1.4837588E-01
-6.738933E-08,-1.4837588E-01
-6.733933E-08,-1.4832317E-01
-6.728933E-08,-1.4832317E-01
-6.723933E-08,-1.4827046E-01
-6.718933E-08,-1.4827046E-01
-6.713933E-08,-1.4821776E-01
-6.708933E-08,-1.4821776E-01
-6.703933E-08,-1.4816505E-01
-6.698933E-08,-1.4816505E-01
-6.693933E-08,-1.4816505E-01
-6.688933E-08,-1.4816505E-01
-6.683933E-08,-1.4816505E-01
-6.678933E-08,-1.4816505E-01
-6.673933E-08,-1.4816505E-01
-6.668933E-08,-1.4816505E-01
-6.663933E-08,-1.4816505E-01
-6.658933E-08,-1.4821776E-01
-6.653933E-08,-1.4821776E-01
-6.648933E-08,-1.4827046E-01
-6.643933E-08,-1.4832317E-01
-6.638933E-08,-1.4837588E-01
-6.633933E-08,-1.4842859E-01
-6.628933E-08,-1.4848130E-01
-6.623933E-08,-1.4853401E-01
-6.618933E-08,-1.4858672E-01
-6.613933E-08,-1.4863943E-01
-6.608933E-08,-1.4869214E-01
-6.603933E-08,-1.4874485E-01
-6.598933E-08,-1.4879755E-01
-6.593933E-08,-1.4885026E-01
-6.588933E-08,-1.4890297E-01
-6.583933E-08,-1.4895568E-01
-6.578933E-08,-1.4895568E-01
-6.573933E-08,-1.4900839E-01
-6.568933E-08,-1.4906110E-01
-6.563933E-08,-1.4906110E-01
-6.558933E-08,-1.4906110E-01
-6.553933E-08,-1.4906110E-01
-6.548933E-08,-1.4906110E-01
-6.543933E-08,-1.4906110E-01
-6.538933E-08,-1.4906110E-01
-6.533933E-08,-1.4900839E-01
-6.528933E-08,-1.4900839E-01
-6.523933E-08,-1.4895568E-01
-6.518933E-08,-1.4890297E-01
-6.513933E-08,-1.4885026E-01
-6.508933E-08,-1.4879755E-01
-6.503933E-08,-1.4874485E-01
-6.498933E-08,-1.4869214E-01
-6.493933E-08,-1.4863943E-01
-6.488933E-08,-1.4858672E-01
-6.483933E-08,-1.4853401E-01
-6.478933E-08,-1.4848130E-01
-6.473933E-08,-1.4842859E-01
-6.468933E-08,-1.4842859E-01
-6.463933E-08,-1.4837588E-01
-6.458933E-08,-1.4832317E-01
-6.453933E-08,-1.4832317E-01
-6.448933E-08,-1.4827046E-01
-6.443933E-08,-1.4827046E-01
-6.438933E-08,-1.4827046E-01
-6.433933E-08,-1.4827046E-01
-6.428933E-08,-1.4827046E-01
-6.423933E-08,-1.4827046E-01
-6.418933E-08,-1.4832317E-01
-6.413933E-08,-1.4832317E-01
-6.408933E-08,-1.4837588E-01
-6.403933E-08,-1.4837588E-01
-6.398933E-08,-1.4842859E-01
-6.393933E-08,-1.4848130E-01
-6.388933E-08,-1.4853401E-01
-6.383933E-08,-1.4858672E-01
-6.378933E-08,-1.4869214E-01
-6.373933E-08,-1.4874485E-01
-6.368933E-08,-1.4879755E-01
-6.363933E-08,-1.4885026E-01
-6.358933E-08,-1.4890297E-01
-6.353933E-08,-1.4895568E-01
-6.348933E-08,-1.4900839E-01
-6.343933E-08,-1.4906110E-01
-6.338933E-08,-1.4911381E-01
-6.333933E-08,-1.4916652E-01
-6.328933E-08,-1.4921923E-01
-6.323933E-08,-1.4927194E-01
-6.318933E-08,-1.4932464E-01
-6.313933E-08,-1.4932464E-01
-6.308933E-08,-1.4937735E-01
-6.303933E-08,-1.4937735E-01
-6.298933E-08,-1.4943006E-01
-6.293933E-08,-1.4943006E-01
-6.288933E-08,-1.4943006E-01
-6.283933E-08,-1.4948277E-01
-6.278933E-08,-1.4948277E-01
-6.273933E-08,-1.4948277E-01
-6.268933E-08,-1.4948277E-01
-6.263933E-08,-1.4948277E-01
-6.258933E-08,-1.4948277E-01
-6.253933E-08,-1.4948277E-01
-6.248933E-08,-1.4948277E-01
-6.243933E-08,-1.4948277E-01
-6.238933E-08,-1.4948277E-01
-6.233933E-08,-1.4948277E-01
-6.228933E-08,-1.4948277E-01
-6.223933E-08,-1.4948277E-01
-6.218933E-08,-1.4948277E-01
-6.213933E-08,-1.4948277E-01
-6.208933E-08,-1.4948277E-01
-6.203933E-08,-1.4948277E-01
-6.198933E-08,-1.4948277E-01
-6.193933E-08,-1.4948277E-01
-6.188933E-08,-1.4943006E-01
-6.183933E-08,-1.4943006E-01
-6.178933E-08,-1.4943006E-01
-6.173933E-08,-1.4943006E-01
-6.168933E-08,-1.4943006E-01
-6.163933E-08,-1.4943006E-01
-6.158933E-08,-1.4943006E-01
-6.153933E-08,-1.4943006E-01
-6.148933E-08,-1.4943006E-01
-6.143933E-08,-1.4943006E-01
-6.138933E-08,-1.4937735E-01
-6.133933E-08,-1.4937735E-01
-6.128933E-08,-1.4937735E-01
-6.123933E-08,-1.4937735E-01
-6.118933E-08,-1.4937735E-01
-6.113933E-08,-1.4937735E-01
-6.108933E-08,-1.4937735E-01
-6.103933E-08,-1.4932464E-01
-6.098933E-08,-1.4932464E-01
-6.093933E-08,-1.4932464E-01
-6.088933E-08,-1.4937735E-01
-6.083933E-08,-1.4937735E-01
-6.078933E-08,-1.4937735E-01
-6.073933E-08,-1.4937735E-01
-6.068933E-08,-1.4937735E-01
-6.063933E-08,-1.4943006E-01
-6.058933E-08,-1.4943006E-01
-6.053933E-08,-1.4948277E-01
-6.048933E-08,-1.4948277E-01
-6.043933E-08,-1.4953548E-01
-6.038933E-08,-1.4953548E-01
-6.033933E-08,-1.4958819E-01
-6.028933E-08,-1.4958819E-01
-6.023933E-08,-1.4964090E-01
-6.018933E-08,-1.4969361E-01
-6.013933E-08,-1.4969361E-01
-6.008933E-08,-1.4974632E-01
-6.003933E-08,-1.4974632E-01
-5.998933E-08,-1.4979903E-01
-5.993933E-08,-1.4979903E-01
-5.988933E-08,-1.4985173E-01
-5.983933E-08,-1.4985173E-01
-5.978933E-08,-1.4985173E-01
-5.973933E-08,-1.4985173E-01
-5.968933E-08,-1.4985173E-01
-5.963933E-08,-1.4985173E-01
-5.958933E-08,-1.4985173E-01
-5.953933E-08,-1.4979903E-01
-5.948933E-08,-1.4979903E-01
-5.943933E-08,-1.4974632E-01
-5.938933E-08,-1.4974632E-01
-5.933933E-08,-1.4969361E-01
-5.928933E-08,-1.4964090E-01
-5.923933E-08,-1.4964090E-01
-5.918933E-08,-1.4958819E-01
-5.913933E-08,-1.4953548E-01
-5.908933E-08,-1.4948277E-01
-5.903933E-08,-1.4943006E-01
-5.898933E-08,-1.4937735E-01
-5.893933E-08,-1.4932464E-01
-5.888933E-08,-1.4927194E-01
-5.883933E-08,-1.4921923E-01
-5.878933E-08,-1.4916652E-01
-5.873933E-08,-1.4916652E-01
-5.868933E-08,-1.4911381E-01
-5.863933E-08,-1.4906110E-01
-5.858933E-08,-1.4900839E-01
-5.853933E-08,-1.4900839E-01
-5.848933E-08,-1.4900839E-01
-5.843933E-08,-1.4895568E-01
-5.838933E-08,-1.4895568E-01
-5.833933E-08,-1.4895568E-01
-5.828933E-08,-1.4895568E-01
-5.823933E-08,-1.4895568E-01
-5.818933E-08,-1.4895568E-01
-5.813933E-08,-1.4895568E-01
-5.808933E-08,-1.4895568E-01
-5.803933E-08,-1.4895568E-01
-5.798933E-08,-1.4895568E-01
-5.793933E-08,-1.4900839E-01
-5.788933E-08,-1.4900839E-01
-5.783933E-08,-1.4900839E-01
-5.778933E-08,-1.4900839E-01
-5.773933E-08,-1.4906110E-01
-5.768933E-08,-1.4906110E-01
-5.763933E-08,-1.4906110E-01
-5.758933E-08,-1.4906110E-01
-5.753933E-08,-1.4906110E-01
-5.748933E-08,-1.4906110E-01
-5.743933E-08,-1.4906110E-01
-5.738933E-08,-1.4906110E-01
-5.733933E-08,-1.4906110E-01
-5.728933E-08,-1.4906110E-01
-5.723933E-08,-1.4906110E-01
-5.718933E-08,-1.4906110E-01
-5.713933E-08,-1.4906110E-01
-5.708933E-08,-1.4906110E-01
-5.703933E-08,-1.4900839E-01
-5.698933E-08,-1.4900839E-01
-5.693933E-08,-1.4900839E-01
-5.688933E-08,-1.4900839E-01
-5.683933E-08,-1.4900839E-01
-5.678933E-08,-1.4900839E-01
-5.673933E-08,-1.4900839E-01
-5.668933E-08,-1.4895568E-01
-5.663933E-08,-1.4895568E-01
-5.658933E-08,-1.4895568E-01
-5.653933E-08,-1.4895568E-01
-5.648933E-08,-1.4895568E-01
-5.643933E-08,-1.4900839E-01
-5.638933E-08,-1.4900839E-01
-5.633933E-08,-1.4900839E-01
-5.628933E-08,-1.4900839E-01
-5.623933E-08,-1.4900839E-01
-5.618933E-08,-1.4906110E-01
-5.613933E-08,-1.4906110E-01
-5.608933E-08,-1.4906110E-01
-5.603933E-08,-1.4911381E-01
-5.598933E-08,-1.4911381E-01
-5.593933E-08,-1.4911381E-01
-5.588933E-08,-1.4916652E-01
-5.583933E-08,-1.4916652E-01
-5.578933E-08,-1.4916652E-01
-5.573933E-08,-1.4916652E-01
-5.568933E-08,-1.4916652E-01
-5.563933E-08,-1.4916652E-01
-5.558933E-08,-1.4916652E-01
-5.553933E-08,-1.4916652E-01
-5.548933E-08,-1.4916652E-01
-5.543933E-08,-1.4916652E-01
-5.538933E-08,-1.4916652E-01
-5.533933E-08,-1.4916652E-01
-5.528933E-08,-1.4916652E-01
-5.523933E-08,-1.4916652E-01
-5.518933E-08,-1.4911381E-01
-5.513933E-08,-1.4911381E-01
-5.508933E-08,-1.4911381E-01
-5.503933E-08,-1.4911381E-01
-5.498933E-08,-1.4911381E-01
-5.493933E-08,-1.4906110E-01
-5.488933E-08,-1.4906110E-01
-5.483933E-08,-1.4906110E-01
-5.478933E-08,-1.4906110E-01
-5.473933E-08,-1.4906110E-01
-5.468933E-08,-1.4911381E-01
-5.463933E-08,-1.4911381E-01
-5.458933E-08,-1.4911381E-01
-5.453933E-08,-1.4911381E-01
-5.448933E-08,-1.4916652E-01
-5.443933E-08,-1.4916652E-01
-5.438933E-08,-1.4921923E-01
-5.433933E-08,-1.4921923E-01
-5.428933E-08,-1.4927194E-01
-5.423933E-08,-1.4932464E-01
-5.418933E-08,-1.4937735E-01
-5.413933E-08,-1.4937735E-01
-5.408933E-08,-1.4943006E-01
-5.403933E-08,-1.4948277E-01
-5.398933E-08,-1.4953548E-01
-5.393933E-08,-1.4958819E-01
-5.388933E-08,-1.4964090E-01
-5.383933E-08,-1.4969361E-01
-5.378933E-08,-1.4969361E-01
-5.373933E-08,-1.4974632E-01
-5.368933E-08,-1.4979903E-01
-5.363933E-08,-1.4985173E-01
-5.358933E-08,-1.4985173E-01
-5.353933E-08,-1.4990444E-01
-5.348933E-08,-1.4990444E-01
-5.343933E-08,-1.4995715E-01
-5.338933E-08,-1.4995715E-01
-5.333933E-08,-1.4995715E-01
-5.328933E-08,-1.5000986E-01
-5.323933E-08,-1.5000986E-01
-5.318933E-08,-1.5000986E-01
-5.313933E-08,-1.5000986E-01
-5.308933E-08,-1.5000986E-01
-5.303933E-08,-1.5006257E-01
-5.298933E-08,-1.5006257E-01
-5.293933E-08,-1.5006257E-01
-5.288933E-08,-1.5006257E-01
-5.283933E-08,-1.5006257E-01
-5.278933E-08,-1.5006257E-01
-5.273933E-08,-1.5006257E-01
-5.268933E-08,-1.5006257E-01
-5.263933E-08,-1.5011528E-01
-5.258933E-08,-1.5011528E-01
-5.253933E-08,-1.5011528E-01
-5.248933E-08,-1.5011528E-01
-5.243933E-08,-1.5016799E-01
-5.238933E-08,-1.5016799E-01
-5.233933E-08,-1.5022070E-01
-5.228933E-08,-1.5022070E-01
-5.223933E-08,-1.5027341E-01
-5.218933E-08,-1.5027341E-01
-5.213933E-08,-1.5032612E-01
-5.208933E-08,-1.5032612E-01
-5.203933E-08,-1.5037883E-01
-5.198933E-08,-1.5043153E-01
-5.193933E-08,-1.5043153E-01
-5.188933E-08,-1.5048424E-01
-5.183933E-08,-1.5048424E-01
-5.178933E-08,-1.5048424E-01
-5.173933E-08,-1.5053695E-01
-5.168933E-08,-1.5053695E-01
-5.163933E-08,-1.5053695E-01
-5.158933E-08,-1.5053695E-01
-5.153933E-08,-1.5053695E-01
-5.148933E-08,-1.5048424E-01
-5.143933E-08,-1.5048424E-01
-5.138933E-08,-1.5048424E-01
-5.133933E-08,-1.5043153E-01
-5.128933E-08,-1.5037883E-01
-5.123933E-08,-1.5037883E-01
-5.118933E-08,-1.5032612E-01
-5.113933E-08,-1.5027341E-01
-5.108933E-08,-1.5022070E-01
-5.103933E-08,-1.5016799E-01
-5.098933E-08,-1.5011528E-01
-5.093933E-08,-1.5006257E-01
-5.088933E-08,-1.5000986E-01
-5.083933E-08,-1.4995715E-01
-5.078933E-08,-1.4990444E-01
-5.073933E-08,-1.4985173E-01
-5.068933E-08,-1.4979903E-01
-5.063933E-08,-1.4979903E-01
-5.058933E-08,-1.4974632E-01
-5.053933E-08,-1.4969361E-01
-5.048933E-08,-1.4969361E-01
-5.043933E-08,-1.4964090E-01
-5.038933E-08,-1.4964090E-01
-5.033933E-08,-1.4964090E-01
-5.028933E-08,-1.4964090E-01
-5.023933E-08,-1.4964090E-01
-5.018933E-08,-1.4964090E-01
-5.013933E-08,-1.4964090E-01
-5.008933E-08,-1.4969361E-01
-5.003933E-08,-1.4969361E-01
-4.998933E-08,-1.4974632E-01
-4.993933E-08,-1.4979903E-01
-4.988933E-08,-1.4979903E-01
-4.983933E-08,-1.4985173E-01
-4.978933E-08,-1.4990444E-01
-4.973933E-08,-1.4995715E-01
-4.968933E-08,-1.5000986E-01
-4.963933E-08,-1.5006257E-01
-4.958933E-08,-1.5011528E-01
-4.953933E-08,-1.5016799E-01
-4.948933E-08,-1.5022070E-01
-4.943933E-08,-1.5022070E-01
-4.938933E-08,-1.5027341E-01
-4.933933E-08,-1.5032612E-01
-4.928933E-08,-1.5037883E-01
-4.923933E-08,-1.5037883E-01
-4.918933E-08,-1.5043153E-01
-4.913933E-08,-1.5043153E-01
-4.908933E-08,-1.5043153E-01
-4.903933E-08,-1.5043153E-01
-4.898933E-08,-1.5043153E-01
-4.893933E-08,-1.5043153E-01
-4.888933E-08,-1.5043153E-01
-4.883933E-08,-1.5043153E-01
-4.878933E-08,-1.5037883E-01
-4.873933E-08,-1.5037883E-01
-4.868933E-08,-1.5032612E-01
-4.863933E-08,-1.5032612E-01
-4.858933E-08,-1.5027341E-01
-4.853933E-08,-1.5022070E-01
-4.848933E-08,-1.5016799E-01
-4.843933E-08,-1.5011528E-01
-4.838933E-08,-1.5006257E-01
-4.833933E-08,-1.5000986E-01
-4.828933E-08,-1.4995715E-01
-4.823933E-08,-1.4990444E-01
-4.818933E-08,-1.4985173E-01
-4.813933E-08,-1.4979903E-01
-4.808933E-08,-1.4974632E-01
-4.803933E-08,-1.4969361E-01
-4.798933E-08,-1.4964090E-01
-4.793933E-08,-1.4958819E-01
-4.788933E-08,-1.4953548E-01
-4.783933E-08,-1.4948277E-01
-4.778933E-08,-1.4948277E-01
-4.773933E-08,-1.4943006E-01
-4.768933E-08,-1.4937735E-01
-4.763933E-08,-1.4932464E-01
-4.758933E-08,-1.4932464E-01
-4.753933E-08,-1.4927194E-01
-4.748933E-08,-1.4927194E-01
-4.743933E-08,-1.4921923E-01
-4.738933E-08,-1.4921923E-01
-4.733933E-08,-1.4916652E-01
-4.728933E-08,-1.4916652E-01
-4.723933E-08,-1.4916652E-01
-4.718933E-08,-1.4916652E-01
-4.713933E-08,-1.4916652E-01
-4.708933E-08,-1.4916652E-01
-4.703933E-08,-1.4916652E-01
-4.698933E-08,-1.4916652E-01
-4.693933E-08,-1.4916652E-01
-4.688933E-08,-1.4916652E-01
-4.683933E-08,-1.4916652E-01
-4.678933E-08,-1.4921923E-01
-4.673933E-08,-1.4921923E-01
-4.668933E-08,-1.4927194E-01
-4.663933E-08,-1.4927194E-01
-4.658933E-08,-1.4932464E-01
-4.653933E-08,-1.4932464E-01
-4.648933E-08,-1.4937735E-01
-4.643933E-08,-1.4937735E-01
-4.638933E-08,-1.4943006E-01
-4.633933E-08,-1.4943006E-01
-4.628933E-08,-1.4948277E-01
-4.623933E-08,-1.4953548E-01
-4.618933E-08,-1.4953548E-01
-4.613933E-08,-1.4958819E-01
-4.608933E-08,-1.4958819E-01
-4.603933E-08,-1.4964090E-01
-4.598933E-08,-1.4964090E-01
-4.593933E-08,-1.4969361E-01
-4.588933E-08,-1.4969361E-01
-4.583933E-08,-1.4974632E-01
-4.578933E-08,-1.4974632E-01
-4.573933E-08,-1.4974632E-01
-4.568933E-08,-1.4974632E-01
-4.563933E-08,-1.4974632E-01
-4.558933E-08,-1.4974632E-01
-4.553933E-08,-1.4974632E-01
-4.548933E-08,-1.4974632E-01
-4.543933E-08,-1.4974632E-01
-4.538933E-08,-1.4974632E-01
-4.533933E-08,-1.4974632E-01
-4.528933E-08,-1.4974632E-01
-4.523933E-08,-1.4974632E-01
-4.518933E-08,-1.4974632E-01
-4.513933E-08,-1.4969361E-01
-4.508933E-08,-1.4969361E-01
-4.503933E-08,-1.4969361E-01
-4.498933E-08,-1.4969361E-01
-4.493933E-08,-1.4969361E-01
-4.488933E-08,-1.4969361E-01
-4.483933E-08,-1.4969361E-01
-4.478933E-08,-1.4969361E-01
-4.473933E-08,-1.4969361E-01
-4.468933E-08,-1.4974632E-01
-4.463933E-08,-1.4974632E-01
-4.458933E-08,-1.4974632E-01
-4.453933E-08,-1.4979903E-01
-4.448933E-08,-1.4979903E-01
-4.443933E-08,-1.4985173E-01
-4.438933E-08,-1.4985173E-01
-4.433933E-08,-1.4990444E-01
-4.428933E-08,-1.4995715E-01
-4.423933E-08,-1.4995715E-01
-4.418933E-08,-1.5000986E-01
-4.413933E-08,-1.5006257E-01
-4.408933E-08,-1.5006257E-01
-4.403933E-08,-1.5011528E-01
-4.398933E-08,-1.5016799E-01
-4.393933E-08,-1.5016799E-01
-4.388933E-08,-1.5022070E-01
-4.383933E-08,-1.5022070E-01
-4.378933E-08,-1.5022070E-01
-4.373933E-08,-1.5027341E-01
-4.368933E-08,-1.5027341E-01
-4.363933E-08,-1.5027341E-01
-4.358933E-08,-1.5027341E-01
-4.353933E-08,-1.5027341E-01
-4.348933E-08,-1.5027341E-01
-4.343933E-08,-1.5022070E-01
-4.338933E-08,-1.5022070E-01
-4.333933E-08,-1.5016799E-01
-4.328933E-08,-1.5016799E-01
-4.323933E-08,-1.5011528E-01
-4.318933E-08,-1.5006257E-01
-4.313933E-08,-1.5000986E-01
-4.308933E-08,-1.4995715E-01
-4.303933E-08,-1.4990444E-01
-4.298933E-08,-1.4985173E-01
-4.293933E-08,-1.4979903E-01
-4.288933E-08,-1.4974632E-01
-4.283933E-08,-1.4969361E-01
-4.278933E-08,-1.4964090E-01
-4.273933E-08,-1.4958819E-01
-4.268933E-08,-1.4953548E-01
-4.263933E-08,-1.4948277E-01
-4.258933E-08,-1.4948277E-01
-4.253933E-08,-1.4943006E-01
-4.248933E-08,-1.4937735E-01
-4.243933E-08,-1.4937735E-01
-4.238933E-08,-1.4932464E-01
-4.233933E-08,-1.4932464E-01
-4.228933E-08,-1.4932464E-01
-4.223933E-08,-1.4927194E-01
-4.218933E-08,-1.4927194E-01
-4.213933E-08,-1.4927194E-01
-4.208933E-08,-1.4927194E-01
-4.203933E-08,-1.4932464E-01
-4.198933E-08,-1.4932464E-01
-4.193933E-08,-1.4932464E-01
-4.188933E-08,-1.4937735E-01
-4.183933E-08,-1.4937735E-01
-4.178933E-08,-1.4937735E-01
-4.173933E-08,-1.4943006E-01
-4.168933E-08,-1.4943006E-01
-4.163933E-08,-1.4948277E-01
-4.158933E-08,-1.4948277E-01
-4.153933E-08,-1.4953548E-01
-4.148933E-08,-1.4953548E-01
-4.143933E-08,-1.4953548E-01
-4.138933E-08,-1.4953548E-01
-4.133933E-08,-1.4958819E-01
-4.128933E-08,-1.4958819E-01
-4.123933E-08,-1.4958819E-01
-4.118933E-08,-1.4958819E-01
-4.113933E-08,-1.4958819E-01
-4.108933E-08,-1.4958819E-01
-4.103933E-08,-1.4958819E-01
-4.098933E-08,-1.4958819E-01
-4.093933E-08,-1.4953548E-01
-4.088933E-08,-1.4953548E-01
-4.083933E-08,-1.4953548E-01
-4.078933E-08,-1.4953548E-01
-4.073933E-08,-1.4948277E-01
-4.068933E-08,-1.4948277E-01
-4.063933E-08,-1.4948277E-01
-4.058933E-08,-1.4948277E-01
-4.053933E-08,-1.4948277E-01
-4.048933E-08,-1.4943006E-01
-4.043933E-08,-1.4943006E-01
-4.038933E-08,-1.4943006E-01
-4.033933E-08,-1.4943006E-01
-4.028933E-08,-1.4943006E-01
-4.023933E-08,-1.4943006E-01
-4.018933E-08,-1.4948277E-01
-4.013933E-08,-1.4948277E-01
-4.008933E-08,-1.4948277E-01
-4.003933E-08,-1.4948277E-01
-3.998933E-08,-1.4953548E-01
-3.993933E-08,-1.4953548E-01
-3.988933E-08,-1.4958819E-01
-3.983933E-08,-1.4958819E-01
-3.978933E-08,-1.4964090E-01
-3.973933E-08,-1.4964090E-01
-3.968933E-08,-1.4969361E-01
-3.963933E-08,-1.4969361E-01
-3.958933E-08,-1.4974632E-01
-3.953933E-08,-1.4974632E-01
-3.948933E-08,-1.4979903E-01
-3.943933E-08,-1.4979903E-01
-3.938933E-08,-1.4979903E-01
-3.933933E-08,-1.4985173E-01
-3.928933E-08,-1.4985173E-01
-3.923933E-08,-1.4985173E-01
-3.918933E-08,-1.4985173E-01
-3.913933E-08,-1.4985173E-01
-3.908933E-08,-1.4985173E-01
-3.903933E-08,-1.4985173E-01
-3.898933E-08,-1.4985173E-01
-3.893933E-08,-1.4979903E-01
-3.888933E-08,-1.4979903E-01
-3.883933E-08,-1.4979903E-01
-3.878933E-08,-1.4974632E-01
-3.873933E-08,-1.4974632E-01
-3.868933E-08,-1.4969361E-01
-3.863933E-08,-1.4969361E-01
-3.858933E-08,-1.4964090E-01
-3.853933E-08,-1.4958819E-01
-3.848933E-08,-1.4958819E-01
-3.843933E-08,-1.4953548E-01
-3.838933E-08,-1.4953548E-01
-3.833933E-08,-1.4948277E-01
-3.828933E-08,-1.4948277E-01
-3.823933E-08,-1.4943006E-01
-3.818933E-08,-1.4943006E-01
-3.813933E-08,-1.4943006E-01
-3.808933E-08,-1.4937735E-01
-3.803933E-08,-1.4937735E-01
-3.798933E-08,-1.4937735E-01
-3.793933E-08,-1.4937735E-01
-3.788933E-08,-1.4937735E-01
-3.783933E-08,-1.4937735E-01
-3.778933E-08,-1.4937735E-01
-3.773933E-08,-1.4937735E-01
-3.768933E-08,-1.4937735E-01
-3.763933E-08,-1.4937735E-01
-3.758933E-08,-1.4937735E-01
-3.753933E-08,-1.4937735E-01
-3.748933E-08,-1.4943006E-01
-3.743933E-08,-1.4943006E-01
-3.738933E-08,-1.4943006E-01
-3.733933E-08,-1.4943006E-01
-3.728933E-08,-1.4943006E-01
-3.723933E-08,-1.4943006E-01
-3.718933E-08,-1.4943006E-01
-3.713933E-08,-1.4943006E-01
-3.708933E-08,-1.4948277E-01
-3.703933E-08,-1.4948277E-01
-3.698933E-08,-1.4948277E-01
-3.693933E-08,-1.4943006E-01
-3.688933E-08,-1.4943006E-01
-3.683933E-08,-1.4943006E-01
-3.678933E-08,-1.4943006E-01
-3.673933E-08,-1.4943006E-01
-3.668933E-08,-1.4943006E-01
-3.663933E-08,-1.4943006E-01
-3.658933E-08,-1.4937735E-01
-3.653933E-08,-1.4937735E-01
-3.648933E-08,-1.4937735E-01
-3.643933E-08,-1.4937735E-01
-3.638933E-08,-1.4937735E-01
-3.633933E-08,-1.4937735E-01
-3.628933E-08,-1.4932464E-01
-3.623933E-08,-1.4932464E-01
-3.618933E-08,-1.4932464E-01
-3.613933E-08,-1.4932464E-01
-3.608933E-08,-1.4932464E-01
-3.603933E-08,-1.4932464E-01
-3.598933E-08,-1.4932464E-01
-3.593933E-08,-1.4927194E-01
-3.588933E-08,-1.4927194E-01
-3.583933E-08,-1.4927194E-01
-3.578933E-08,-1.4927194E-01
-3.573933E-08,-1.4927194E-01
-3.568933E-08,-1.4927194E-01
-3.563933E-08,-1.4927194E-01
-3.558933E-08,-1.4927194E-01
-3.553933E-08,-1.4927194E-01
-3.548933E-08,-1.4927194E-01
-3.543933E-08,-1.4927194E-01
-3.538933E-08,-1.4927194E-01
-3.533933E-08,-1.4927194E-01
-3.528933E-08,-1.4927194E-01
-3.523933E-08,-1.4927194E-01
-3.518933E-08,-1.4921923E-01
-3.513933E-08,-1.4921923E-01
-3.508933E-08,-1.4921923E-01
-3.503933E-08,-1.4921923E-01
-3.498933E-08,-1.4921923E-01
-3.493933E-08,-1.4921923E-01
-3.488933E-08,-1.4921923E-01
-3.483933E-08,-1.4916652E-01
-3.478933E-08,-1.4916652E-01
-3.473933E-08,-1.4916652E-01
-3.468933E-08,-1.4916652E-01
-3.463933E-08,-1.4916652E-01
-3.458933E-08,-1.4916652E-01
-3.453933E-08,-1.4916652E-01
-3.448933E-08,-1.4921923E-01
-3.443933E-08,-1.4921923E-01
-3.438933E-08,-1.4921923E-01
-3.433933E-08,-1.4921923E-01
-3.428933E-08,-1.4927194E-01
-3.423933E-08,-1.4927194E-01
-3.418933E-08,-1.4932464E-01
-3.413933E-08,-1.4932464E-01
-3.408933E-08,-1.4937735E-01
-3.403933E-08,-1.4937735E-01
-3.398933E-08,-1.4943006E-01
-3.393933E-08,-1.4948277E-01
-3.388933E-08,-1.4953548E-01
-3.383933E-08,-1.4953548E-01
-3.378933E-08,-1.4958819E-01
-3.373933E-08,-1.4964090E-01
-3.368933E-08,-1.4969361E-01
-3.363933E-08,-1.4974632E-01
-3.358933E-08,-1.4974632E-01
-3.353933E-08,-1.4979903E-01
-3.348933E-08,-1.4985173E-01
-3.343933E-08,-1.4990444E-01
-3.338933E-08,-1.4990444E-01
-3.333933E-08,-1.4995715E-01
-3.328933E-08,-1.4995715E-01
-3.323933E-08,-1.5000986E-01
-3.318933E-08,-1.5000986E-01
-3.313933E-08,-1.5006257E-01
-3.308933E-08,-1.5006257E-01
-3.303933E-08,-1.5006257E-01
-3.298933E-08,-1.5006257E-01
-3.293933E-08,-1.5011528E-01
-3.288933E-08,-1.5011528E-01
-3.283933E-08,-1.5011528E-01
-3.278933E-08,-1.5011528E-01
-3.273933E-08,-1.5011528E-01
-3.268933E-08,-1.5011528E-01
-3.263933E-08,-1.5011528E-01
-3.258933E-08,-1.5011528E-01
-3.253933E-08,-1.5011528E-01
-3.248933E-08,-1.5011528E-01
-3.243933E-08,-1.5011528E-01
-3.238933E-08,-1.5011528E-01
-3.233933E-08,-1.5011528E-01
-3.228933E-08,-1.5016799E-01
-3.223933E-08,-1.5016799E-01
-3.218933E-08,-1.5016799E-01
-3.213933E-08,-1.5016799E-01
-3.208933E-08,-1.5022070E-01
-3.203933E-08,-1.5022070E-01
-3.198933E-08,-1.5027341E-01
-3.193933E-08,-1.5027341E-01
-3.188933E-08,-1.5032612E-01
-3.183933E-08,-1.5032612E-01
-3.178933E-08,-1.5037883E-01
-3.173933E-08,-1.5037883E-01
-3.168933E-08,-1.5037883E-01
-3.163933E-08,-1.5043153E-01
-3.158933E-08,-1.5043153E-01
-3.153933E-08,-1.5048424E-01
-3.148933E-08,-1.5048424E-01
-3.143933E-08,-1.5048424E-01
-3.138933E-08,-1.5048424E-01
-3.133933E-08,-1.5048424E-01
-3.128933E-08,-1.5048424E-01
-3.123933E-08,-1.5048424E-01
-3.118933E-08,-1.5048424E-01
-3.113933E-08,-1.5048424E-01
-3.108933E-08,-1.5043153E-01
-3.103933E-08,-1.5043153E-01
-3.098933E-08,-1.5037883E-01
-3.093933E-08,-1.5032612E-01
-3.088933E-08,-1.5032612E-01
-3.083933E-08,-1.5027341E-01
-3.078933E-08,-1.5022070E-01
-3.073933E-08,-1.5016799E-01
-3.068933E-08,-1.5011528E-01
-3.063933E-08,-1.5006257E-01
-3.058933E-08,-1.5000986E-01
-3.053933E-08,-1.4995715E-01
-3.048933E-08,-1.4985173E-01
-3.043933E-08,-1.4979903E-01
-3.038933E-08,-1.4974632E-01
-3.033933E-08,-1.4969361E-01
-3.028933E-08,-1.4964090E-01
-3.023933E-08,-1.4958819E-01
-3.018933E-08,-1.4953548E-01
-3.013933E-08,-1.4953548E-01
-3.008933E-08,-1.4948277E-01
-3.003933E-08,-1.4943006E-01
-2.998933E-08,-1.4943006E-01
-2.993933E-08,-1.4937735E-01
-2.988933E-08,-1.4937735E-01
-2.983933E-08,-1.4937735E-01
-2.978933E-08,-1.4932464E-01
-2.973933E-08,-1.4932464E-01
-2.968933E-08,-1.4932464E-01
-2.963933E-08,-1.4932464E-01
-2.958933E-08,-1.4932464E-01
-2.953933E-08,-1.4937735E-01
-2.948933E-08,-1.4937735E-01
-2.943933E-08,-1.4937735E-01
-2.938933E-08,-1.4937735E-01
-2.933933E-08,-1.4943006E-01
-2.928933E-08,-1.4943006E-01
-2.923933E-08,-1.4943006E-01
-2.918933E-08,-1.4948277E-01
-2.913933E-08,-1.4948277E-01
-2.908933E-08,-1.4948277E-01
-2.903933E-08,-1.4948277E-01
-2.898933E-08,-1.4948277E-01
-2.893933E-08,-1.4953548E-01
-2.888933E-08,-1.4953548E-01
-2.883933E-08,-1.4953548E-01
-2.878933E-08,-1.4953548E-01
-2.873933E-08,-1.4953548E-01
-2.868933E-08,-1.4948277E-01
-2.863933E-08,-1.4948277E-01
-2.858933E-08,-1.4948277E-01
-2.853933E-08,-1.4948277E-01
-2.848933E-08,-1.4943006E-01
-2.843933E-08,-1.4943006E-01
-2.838933E-08,-1.4943006E-01
-2.833933E-08,-1.4937735E-01
-2.828933E-08,-1.4937735E-01
-2.823933E-08,-1.4937735E-01
-2.818933E-08,-1.4932464E-01
-2.813933E-08,-1.4932464E-01
-2.808933E-08,-1.4927194E-01
-2.803933E-08,-1.4927194E-01
-2.798933E-08,-1.4927194E-01
-2.793933E-08,-1.4921923E-01
-2.788933E-08,-1.4921923E-01
-2.783933E-08,-1.4921923E-01
-2.778933E-08,-1.4921923E-01
-2.773933E-08,-1.4921923E-01
-2.768933E-08,-1.4916652E-01
-2.763933E-08,-1.4916652E-01
-2.758933E-08,-1.4916652E-01
-2.753933E-08,-1.4916652E-01
-2.748933E-08,-1.4916652E-01
-2.743933E-08,-1.4916652E-01
-2.738933E-08,-1.4916652E-01
-2.733933E-08,-1.4916652E-01
-2.728933E-08,-1.4916652E-01
-2.723933E-08,-1.4916652E-01
-2.718933E-08,-1.4916652E-01
-2.713933E-08,-1.4921923E-01
-2.708933E-08,-1.4921923E-01
-2.703933E-08,-1.4921923E-01
-2.698933E-08,-1.4921923E-01
-2.693933E-08,-1.4921923E-01
-2.688933E-08,-1.4921923E-01
-2.683933E-08,-1.4921923E-01
-2.678933E-08,-1.4927194E-01
-2.673933E-08,-1.4927194E-01
-2.668933E-08,-1.4927194E-01
-2.663933E-08,-1.4927194E-01
-2.658933E-08,-1.4927194E-01
-2.653933E-08,-1.4932464E-01
-2.648933E-08,-1.4932464E-01
-2.643933E-08,-1.4932464E-01
-2.638933E-08,-1.4932464E-01
-2.633933E-08,-1.4937735E-01
-2.628933E-08,-1.4937735E-01
-2.623933E-08,-1.4943006E-01
-2.618933E-08,-1.4943006E-01
-2.613933E-08,-1.4948277E-01
-2.608933E-08,-1.4948277E-01
-2.603933E-08,-1.4953548E-01
-2.598933E-08,-1.4953548E-01
-2.593933E-08,-1.4958819E-01
-2.588933E-08,-1.4964090E-01
-2.583933E-08,-1.4964090E-01
-2.578933E-08,-1.4969361E-01
-2.573933E-08,-1.4974632E-01
-2.568933E-08,-1.4979903E-01
-2.563933E-08,-1.4979903E-01
-2.558933E-08,-1.4985173E-01
-2.553933E-08,-1.4990444E-01
-2.548933E-08,-1.4995715E-01
-2.543933E-08,-1.5000986E-01
-2.538933E-08,-1.5000986E-01
-2.533933E-08,-1.5006257E-01
-2.528933E-08,-1.5011528E-01
-2.523933E-08,-1.5011528E-01
-2.518933E-08,-1.5016799E-01
-2.513933E-08,-1.5022070E-01
-2.508933E-08,-1.5022070E-01
-2.503933E-08,-1.5027341E-01
-2.498933E-08,-1.5027341E-01
-2.493933E-08,-1.5027341E-01
-2.488933E-08,-1.5032612E-01
-2.483933E-08,-1.5032612E-01
-2.478933E-08,-1.5032612E-01
-2.473933E-08,-1.5032612E-01
-2.468933E-08,-1.5032612E-01
-2.463933E-08,-1.5032612E-01
-2.458933E-08,-1.5032612E-01
-2.453933E-08,-1.5032612E-01
-2.448933E-08,-1.5032612E-01
-2.443933E-08,-1.5032612E-01
-2.438933E-08,-1.5032612E-01
-2.433933E-08,-1.5032612E-01
-2.428933E-08,-1.5032612E-01
-2.423933E-08,-1.5032612E-01
-2.418933E-08,-1.5032612E-01
-2.413933E-08,-1.5032612E-01
-2.408933E-08,-1.5032612E-01
-2.403933E-08,-1.5032612E-01
-2.398933E-08,-1.5032612E-01
-2.393933E-08,-1.5032612E-01
-2.388933E-08,-1.5032612E-01
-2.383933E-08,-1.5032612E-01
-2.378933E-08,-1.5037883E-01
-2.373933E-08,-1.5037883E-01
-2.368933E-08,-1.5037883E-01
-2.363933E-08,-1.5037883E-01
-2.358933E-08,-1.5037883E-01
-2.353933E-08,-1.5043153E-01
-2.348933E-08,-1.5043153E-01
-2.343933E-08,-1.5043153E-01
-2.338933E-08,-1.5048424E-01
-2.333933E-08,-1.5048424E-01
-2.328933E-08,-1.5048424E-01
-2.323933E-08,-1.5048424E-01
-2.318933E-08,-1.5053695E-01
-2.313933E-08,-1.5053695E-01
-2.308933E-08,-1.5053695E-01
-2.303933E-08,-1.5053695E-01
-2.298933E-08,-1.5053695E-01
-2.293933E-08,-1.5053695E-01
-2.288933E-08,-1.5053695E-01
-2.283933E-08,-1.5053695E-01
-2.278933E-08,-1.5053695E-01
-2.273933E-08,-1.5048424E-01
-2.268933E-08,-1.5048424E-01
-2.263933E-08,-1.5048424E-01
-2.258933E-08,-1.5048424E-01
-2.253933E-08,-1.5043153E-01
-2.248933E-08,-1.5043153E-01
-2.243933E-08,-1.5043153E-01
-2.238933E-08,-1.5037883E-01
-2.233933E-08,-1.5037883E-01
-2.228933E-08,-1.5032612E-01
-2.223933E-08,-1.5032612E-01
-2.218933E-08,-1.5032612E-01
-2.213933E-08,-1.5027341E-01
-2.208933E-08,-1.5027341E-01
-2.203933E-08,-1.5022070E-01
-2.198933E-08,-1.5022070E-01
-2.193933E-08,-1.5022070E-01
-2.188933E-08,-1.5016799E-01
-2.183933E-08,-1.5016799E-01
-2.178933E-08,-1.5016799E-01
-2.173933E-08,-1.5016799E-01
-2.168933E-08,-1.5011528E-01
-2.163933E-08,-1.5011528E-01
-2.158933E-08,-1.5011528E-01
-2.153933E-08,-1.5011528E-01
-2.148933E-08,-1.5011528E-01
-2.143933E-08,-1.5006257E-01
-2.138933E-08,-1.5006257E-01
-2.133933E-08,-1.5006257E-01
-2.128933E-08,-1.5006257E-01
-2.123933E-08,-1.5000986E-01
-2.118933E-08,-1.5000986E-01
-2.113933E-08,-1.5000986E-01
-2.108933E-08,-1.4995715E-01
-2.103933E-08,-1.4995715E-01
-2.098933E-08,-1.4995715E-01
-2.093933E-08,-1.4990444E-01
-2.088933E-08,-1.4985173E-01
-2.083933E-08,-1.4985173E-01
-2.078933E-08,-1.4979903E-01
-2.073933E-08,-1.4974632E-01
-2.068933E-08,-1.4974632E-01
-2.063933E-08,-1.4969361E-01
-2.058933E-08,-1.4964090E-01
-2.053933E-08,-1.4958819E-01
-2.048933E-08,-1.4953548E-01
-2.043933E-08,-1.4948277E-01
-2.038933E-08,-1.4943006E-01
-2.033933E-08,-1.4937735E-01
-2.028933E-08,-1.4932464E-01
-2.023933E-08,-1.4927194E-01
-2.018933E-08,-1.4921923E-01
-2.013933E-08,-1.4921923E-01
-2.008933E-08,-1.4916652E-01
-2.003933E-08,-1.4911381E-01
-1.998933E-08,-1.4906110E-01
-1.993933E-08,-1.4906110E-01
-1.988933E-08,-1.4900839E-01
-1.983933E-08,-1.4900839E-01
-1.978933E-08,-1.4895568E-01
-1.973933E-08,-1.4895568E-01
-1.968933E-08,-1.4895568E-01
-1.963933E-08,-1.4895568E-01
-1.958933E-08,-1.4895568E-01
-1.953933E-08,-1.4900839E-01
-1.948933E-08,-1.4900839E-01
-1.943933E-08,-1.4900839E-01
-1.938933E-08,-1.4906110E-01
-1.933933E-08,-1.4911381E-01
-1.928933E-08,-1.4916652E-01
-1.923933E-08,-1.4916652E-01
-1.918933E-08,-1.4921923E-01
-1.913933E-08,-1.4927194E-01
-1.908933E-08,-1.4937735E-01
-1.903933E-08,-1.4943006E-01
-1.898933E-08,-1.4948277E-01
-1.893933E-08,-1.4953548E-01
-1.888933E-08,-1.4958819E-01
-1.883933E-08,-1.4964090E-01
-1.878933E-08,-1.4974632E-01
-1.873933E-08,-1.4979903E-01
-1.868933E-08,-1.4985173E-01
-1.863933E-08,-1.4990444E-01
-1.858933E-08,-1.4995715E-01
-1.853933E-08,-1.5000986E-01
-1.848933E-08,-1.5000986E-01
-1.843933E-08,-1.5006257E-01
-1.838933E-08,-1.5011528E-01
-1.833933E-08,-1.5011528E-01
-1.828933E-08,-1.5016799E-01
-1.823933E-08,-1.5016799E-01
-1.818933E-08,-1.5016799E-01
-1.813933E-08,-1.5016799E-01
-1.808933E-08,-1.5016799E-01
-1.803933E-08,-1.5016799E-01
-1.798933E-08,-1.5016799E-01
-1.793933E-08,-1.5016799E-01
-1.788933E-08,-1.5011528E-01
-1.783933E-08,-1.5011528E-01
-1.778933E-08,-1.5006257E-01
-1.773933E-08,-1.5006257E-01
-1.768933E-08,-1.5000986E-01
-1.763933E-08,-1.5000986E-01
-1.758933E-08,-1.4995715E-01
-1.753933E-08,-1.4990444E-01
-1.748933E-08,-1.4990444E-01
-1.743933E-08,-1.4985173E-01
-1.738933E-08,-1.4979903E-01
-1.733933E-08,-1.4974632E-01
-1.728933E-08,-1.4974632E-01
-1.723933E-08,-1.4969361E-01
-1.718933E-08,-1.4964090E-01
-1.713933E-08,-1.4958819E-01
-1.708933E-08,-1.4958819E-01
-1.703933E-08,-1.4953548E-01
-1.698933E-08,-1.4953548E-01
-1.693933E-08,-1.4948277E-01
-1.688933E-08,-1.4948277E-01
-1.683933E-08,-1.4943006E-01
-1.678933E-08,-1.4943006E-01
-1.673933E-08,-1.4937735E-01
-1.668933E-08,-1.4937735E-01
-1.663933E-08,-1.4937735E-01
-1.658933E-08,-1.4932464E-01
-1.653933E-08,-1.4932464E-01
-1.648933E-08,-1.4932464E-01
-1.643933E-08,-1.4932464E-01
-1.638933E-08,-1.4927194E-01
-1.633933E-08,-1.4927194E-01
-1.628933E-08,-1.4927194E-01
-1.623933E-08,-1.4927194E-01
-1.618933E-08,-1.4927194E-01
-1.613933E-08,-1.4921923E-01
-1.608933E-08,-1.4921923E-01
-1.603933E-08,-1.4921923E-01
-1.598933E-08,-1.4921923E-01
-1.593933E-08,-1.4921923E-01
-1.588933E-08,-1.4921923E-01
-1.583933E-08,-1.4921923E-01
-1.578933E-08,-1.4921923E-01
-1.573933E-08,-1.4921923E-01
-1.568933E-08,-1.4921923E-01
-1.563933E-08,-1.4916652E-01
-1.558933E-08,-1.4916652E-01
-1.553933E-08,-1.4916652E-01
-1.548933E-08,-1.4916652E-01
-1.543933E-08,-1.4921923E-01
-1.538933E-08,-1.4921923E-01
-1.533933E-08,-1.4921923E-01
-1.528933E-08,-1.4921923E-01
-1.523933E-08,-1.4921923E-01
-1.518933E-08,-1.4921923E-01
-1.513933E-08,-1.4921923E-01
-1.508933E-08,-1.4927194E-01
-1.503933E-08,-1.4927194E-01
-1.498933E-08,-1.4927194E-01
-1.493933E-08,-1.4927194E-01
-1.488933E-08,-1.4932464E-01
-1.483933E-08,-1.4932464E-01
-1.478933E-08,-1.4937735E-01
-1.473933E-08,-1.4937735E-01
-1.468933E-08,-1.4937735E-01
-1.463933E-08,-1.4943006E-01
-1.458933E-08,-1.4943006E-01
-1.453933E-08,-1.4948277E-01
-1.448933E-08,-1.4948277E-01
-1.443933E-08,-1.4953548E-01
-1.438933E-08,-1.4953548E-01
-1.433933E-08,-1.4958819E-01
-1.428933E-08,-1.4958819E-01
-1.423933E-08,-1.4964090E-01
-1.418933E-08,-1.4964090E-01
-1.413933E-08,-1.4964090E-01
-1.408933E-08,-1.4969361E-01
-1.403933E-08,-1.4969361E-01
-1.398933E-08,-1.4969361E-01
-1.393933E-08,-1.4974632E-01
-1.388933E-08,-1.4974632E-01
-1.383933E-08,-1.4974632E-01
-1.378933E-08,-1.4974632E-01
-1.373933E-08,-1.4974632E-01
-1.368933E-08,-1.4979903E-01
-1.363933E-08,-1.4979903E-01
-1.358933E-08,-1.4979903E-01
-1.353933E-08,-1.4979903E-01
-1.348933E-08,-1.4979903E-01
-1.343933E-08,-1.4979903E-01
-1.338933E-08,-1.4979903E-01
-1.333933E-08,-1.4979903E-01
-1.328933E-08,-1.4979903E-01
-1.323933E-08,-1.4985173E-01
-1.318933E-08,-1.4985173E-01
-1.313933E-08,-1.4985173E-01
-1.308933E-08,-1.4985173E-01
-1.303933E-08,-1.4985173E-01
-1.298933E-08,-1.4985173E-01
-1.293933E-08,-1.4985173E-01
-1.288933E-08,-1.4985173E-01
-1.283933E-08,-1.4985173E-01
-1.278933E-08,-1.4990444E-01
-1.273933E-08,-1.4990444E-01
-1.268933E-08,-1.4990444E-01
-1.263933E-08,-1.4990444E-01
-1.258933E-08,-1.4990444E-01
-1.253933E-08,-1.4990444E-01
-1.248933E-08,-1.4990444E-01
-1.243933E-08,-1.4990444E-01
-1.238933E-08,-1.4995715E-01
-1.233933E-08,-1.4995715E-01
-1.228933E-08,-1.4995715E-01
-1.223933E-08,-1.4995715E-01
-1.218933E-08,-1.4995715E-01
-1.213933E-08,-1.4995715E-01
-1.208933E-08,-1.4995715E-01
-1.203933E-08,-1.4995715E-01
-1.198933E-08,-1.4995715E-01
-1.193933E-08,-1.4995715E-01
-1.188933E-08,-1.4990444E-01
-1.183933E-08,-1.4990444E-01
-1.178933E-08,-1.4990444E-01
-1.173933E-08,-1.4990444E-01
-1.168933E-08,-1.4990444E-01
-1.163933E-08,-1.4990444E-01
-1.158933E-08,-1.4990444E-01
-1.153933E-08,-1.4985173E-01
-1.148933E-08,-1.4985173E-01
-1.143933E-08,-1.4985173E-01
-1.138933E-08,-1.4985173E-01
-1.133933E-08,-1.4985173E-01
-1.128933E-08,-1.4985173E-01
-1.123933E-08,-1.4985173E-01
-1.118933E-08,-1.4985173E-01
-1.113933E-08,-1.4990444E-01
-1.108933E-08,-1.4990444E-01
-1.103933E-08,-1.4990444E-01
-1.098933E-08,-1.4990444E-01
-1.093933E-08,-1.4995715E-01
-1.088933E-08,-1.4995715E-01
-1.083933E-08,-1.4995715E-01
-1.078933E-08,-1.5000986E-01
-1.073933E-08,-1.5000986E-01
-1.068933E-08,-1.5000986E-01
-1.063933E-08,-1.5006257E-01
-1.058933E-08,-1.5006257E-01
-1.053933E-08,-1.5006257E-01
-1.048933E-08,-1.5011528E-01
-1.043933E-08,-1.5011528E-01
-1.038933E-08,-1.5011528E-01
-1.033933E-08,-1.5016799E-01
-1.028933E-08,-1.5016799E-01
-1.023933E-08,-1.5016799E-01
-1.018933E-08,-1.5016799E-01
-1.013933E-08,-1.5016799E-01
-1.008933E-08,-1.5016799E-01
-1.003933E-08,-1.5016799E-01
-9.98933E-09,-1.5016799E-01
-9.93933E-09,-1.5011528E-01
-9.88933E-09,-1.5011528E-01
-9.83933E-09,-1.5011528E-01
-9.78933E-09,-1.5006257E-01
-9.73933E-09,-1.5006257E-01
-9.68933E-09,-1.5000986E-01
-9.63933E-09,-1.4995715E-01
-9.58933E-09,-1.4995715E-01
-9.53933E-09,-1.4990444E-01
-9.48933E-09,-1.4990444E-01
-9.43933E-09,-1.4985173E-01
-9.38933E-09,-1.4979903E-01
-9.33933E-09,-1.4979903E-01
-9.28933E-09,-1.4974632E-01
-9.23933E-09,-1.4974632E-01
-9.18933E-09,-1.4969361E-01
-9.13933E-09,-1.4969361E-01
-9.08933E-09,-1.4964090E-01
-9.03933E-09,-1.4964090E-01
-8.98933E-09,-1.4964090E-01
-8.93933E-09,-1.4964090E-01
-8.88933E-09,-1.4964090E-01
-8.83933E-09,-1.4964090E-01
-8.78933E-09,-1.4964090E-01
-8.73933E-09,-1.4964090E-01
-8.68933E-09,-1.4964090E-01
-8.63933E-09,-1.4964090E-01
-8.58933E-09,-1.4969361E-01
-8.53933E-09,-1.4969361E-01
-8.48933E-09,-1.4969361E-01
-8.43933E-09,-1.4974632E-01
-8.38933E-09,-1.4974632E-01
-8.33933E-09,-1.4974632E-01
-8.28933E-09,-1.4979903E-01
-8.23933E-09,-1.4979903E-01
-8.18933E-09,-1.4979903E-01
-8.13933E-09,-1.4979903E-01
-8.08933E-09,-1.4985173E-01
-8.03933E-09,-1.4985173E-01
-7.98933E-09,-1.4985173E-01
-7.93933E-09,-1.4985173E-01
-7.88933E-09,-1.4979903E-01
-7.83933E-09,-1.4979903E-01
-7.78933E-09,-1.4979903E-01
-7.73933E-09,-1.4974632E-01
-7.68933E-09,-1.4974632E-01
-7.63933E-09,-1.4969361E-01
-7.58933E-09,-1.4969361E-01
-7.53933E-09,-1.4964090E-01
-7.48933E-09,-1.4958819E-01
-7.43933E-09,-1.4953548E-01
-7.38933E-09,-1.4953548E-01
-7.33933E-09,-1.4948277E-01
-7.28933E-09,-1.4943006E-01
-7.23933E-09,-1.4937735E-01
-7.18933E-09,-1.4932464E-01
-7.13933E-09,-1.4932464E-01
-7.08933E-09,-1.4927194E-01
-7.03933E-09,-1.4921923E-01
-6.98933E-09,-1.4916652E-01
-6.93933E-09,-1.4916652E-01
-6.88933E-09,-1.4911381E-01
-6.83933E-09,-1.4911381E-01
-6.78933E-09,-1.4906110E-01
-6.73933E-09,-1.4906110E-01
-6.68933E-09,-1.4906110E-01
-6.63933E-09,-1.4906110E-01
-6.58933E-09,-1.4906110E-01
-6.53933E-09,-1.4906110E-01
-6.48933E-09,-1.4906110E-01
-6.43933E-09,-1.4906110E-01
-6.38933E-09,-1.4906110E-01
-6.33933E-09,-1.4906110E-01
-6.28933E-09,-1.4911381E-01
-6.23933E-09,-1.4911381E-01
-6.18933E-09,-1.4911381E-01
-6.13933E-09,-1.4916652E-01
-6.08933E-09,-1.4916652E-01
-6.03933E-09,-1.4916652E-01
-5.98933E-09,-1.4916652E-01
-5.93933E-09,-1.4921923E-01
-5.88933E-09,-1.4921923E-01
-5.83933E-09,-1.4921923E-01
-5.78933E-09,-1.4927194E-01
-5.73933E-09,-1.4927194E-01
-5.68933E-09,-1.4927194E-01
-5.63933E-09,-1.4927194E-01
-5.58933E-09,-1.4927194E-01
-5.53933E-09,-1.4932464E-01
-5.48933E-09,-1.4932464E-01
-5.43933E-09,-1.4932464E-01
-5.38933E-09,-1.4932464E-01
-5.33933E-09,-1.4932464E-01
-5.28933E-09,-1.4932464E-01
-5.23933E-09,-1.4937735E-01
-5.18933E-09,-1.4937735E-01
-5.13933E-09,-1.4937735E-01
-5.08933E-09,-1.4937735E-01
-5.03933E-09,-1.4943006E-01
-4.98933E-09,-1.4943006E-01
-4.93933E-09,-1.4943006E-01
-4.88933E-09,-1.4948277E-01
-4.83933E-09,-1.4948277E-01
-4.78933E-09,-1.4953548E-01
-4.73933E-09,-1.4958819E-01
-4.68933E-09,-1.4958819E-01
-4.63933E-09,-1.4964090E-01
-4.58933E-09,-1.4964090E-01
-4.53933E-09,-1.4969361E-01
-4.48933E-09,-1.4974632E-01
-4.43933E-09,-1.4974632E-01
-4.38933E-09,-1.4979903E-01
-4.33933E-09,-1.4979903E-01
-4.28933E-09,-1.4985173E-01
-4.23933E-09,-1.4985173E-01
-4.18933E-09,-1.4990444E-01
-4.13933E-09,-1.4990444E-01
-4.08933E-09,-1.4990444E-01
-4.03933E-09,-1.4990444E-01
-3.98933E-09,-1.4990444E-01
-3.93933E-09,-1.4990444E-01
-3.88933E-09,-1.4990444E-01
-3.83933E-09,-1.4990444E-01
-3.78933E-09,-1.4985173E-01
-3.73933E-09,-1.4985173E-01
-3.68933E-09,-1.4985173E-01
-3.63933E-09,-1.4979903E-01
-3.58933E-09,-1.4979903E-01
-3.53933E-09,-1.4974632E-01
-3.48933E-09,-1.4969361E-01
-3.43933E-09,-1.4969361E-01
-3.38933E-09,-1.4964090E-01
-3.33933E-09,-1.4964090E-01
-3.28933E-09,-1.4958819E-01
-3.23933E-09,-1.4958819E-01
-3.18933E-09,-1.4953548E-01
-3.13933E-09,-1.4953548E-01
-3.08933E-09,-1.4953548E-01
-3.03933E-09,-1.4953548E-01
-2.98933E-09,-1.4953548E-01
-2.93933E-09,-1.4953548E-01
-2.88933E-09,-1.4953548E-01
-2.83933E-09,-1.4958819E-01
-2.78933E-09,-1.4958819E-01
-2.73933E-09,-1.4964090E-01
-2.68933E-09,-1.4964090E-01
-2.63933E-09,-1.4969361E-01
-2.58933E-09,-1.4974632E-01
-2.53933E-09,-1.4979903E-01
-2.48933E-09,-1.4985173E-01
-2.43933E-09,-1.4990444E-01
-2.38933E-09,-1.4995715E-01
-2.33933E-09,-1.5000986E-01
-2.28933E-09,-1.5006257E-01
-2.23933E-09,-1.5011528E-01
-2.18933E-09,-1.5016799E-01
-2.13933E-09,-1.5016799E-01
-2.08933E-09,-1.5022070E-01
-2.03933E-09,-1.5027341E-01
-1.98933E-09,-1.5027341E-01
-1.93933E-09,-1.5027341E-01
-1.88933E-09,-1.5027341E-01
-1.83933E-09,-1.5027341E-01
-1.78933E-09,-1.5027341E-01
-1.73933E-09,-1.5022070E-01
-1.68933E-09,-1.5022070E-01
-1.63933E-09,-1.5016799E-01
-1.58933E-09,-1.5011528E-01
-1.53933E-09,-1.5006257E-01
-1.48933E-09,-1.4995715E-01
-1.43933E-09,-1.4990444E-01
-1.38933E-09,-1.4985173E-01
-1.33933E-09,-1.4974632E-01
-1.28933E-09,-1.4964090E-01
-1.23933E-09,-1.4958819E-01
-1.18933E-09,-1.4948277E-01
-1.13933E-09,-1.4943006E-01
-1.08933E-09,-1.4932464E-01
-1.03933E-09,-1.4927194E-01
-9.8933E-10,-1.4921923E-01
-9.3933E-10,-1.4916652E-01
-8.8933E-10,-1.4906110E-01
-8.3933E-10,-1.4906110E-01
-7.8933E-10,-1.4900839E-01
-7.3933E-10,-1.4895568E-01
-6.8933E-10,-1.4895568E-01
-6.3933E-10,-1.4895568E-01
-5.8933E-10,-1.4895568E-01
-5.3933E-10,-1.4895568E-01
-4.8933E-10,-1.4900839E-01
-4.3933E-10,-1.4900839E-01
-3.8933E-10,-1.4906110E-01
-3.3933E-10,-1.4911381E-01
-2.8933E-10,-1.4916652E-01
-2.3933E-10,-1.4921923E-01
-1.8933E-10,-1.4932464E-01
-1.3933E-10,-1.4937735E-01
-8.933E-11,-1.4943006E-01
-3.933E-11,-1.4953548E-01
1.067E-11,-1.4958819E-01
6.067E-11,-1.4964090E-01
1.1067E-10,-1.4974632E-01
1.6067E-10,-1.4979903E-01
2.1067E-10,-1.4985173E-01
2.6067E-10,-1.4990444E-01
3.1067E-10,-1.4995715E-01
3.6067E-10,-1.4995715E-01
4.1067E-10,-1.5000986E-01
4.6067E-10,-1.5000986E-01
5.1067E-10,-1.5000986E-01
5.6067E-10,-1.5000986E-01
6.1067E-10,-1.5000986E-01
6.6067E-10,-1.5000986E-01
7.1067E-10,-1.4995715E-01
7.6067E-10,-1.4995715E-01
8.1067E-10,-1.4990444E-01
8.6067E-10,-1.4985173E-01
9.1067E-10,-1.4979903E-01
9.6067E-10,-1.4974632E-01
1.01067E-09,-1.4969361E-01
1.06067E-09,-1.4964090E-01
1.11067E-09,-1.4958819E-01
1.16067E-09,-1.4953548E-01
1.21067E-09,-1.4948277E-01
1.26067E-09,-1.4943006E-01
1.31067E-09,-1.4937735E-01
1.36067E-09,-1.4937735E-01
1.41067E-09,-1.4932464E-01
1.46067E-09,-1.4932464E-01
1.51067E-09,-1.4927194E-01
1.56067E-09,-1.4927194E-01
1.61067E-09,-1.4927194E-01
1.66067E-09,-1.4927194E-01
1.71067E-09,-1.4927194E-01
1.76067E-09,-1.4927194E-01
1.81067E-09,-1.4932464E-01
1.86067E-09,-1.4932464E-01
1.91067E-09,-1.4937735E-01
1.96067E-09,-1.4937735E-01
2.01067E-09,-1.4943006E-01
2.06067E-09,-1.4948277E-01
2.11067E-09,-1.4953548E-01
2.16067E-09,-1.4958819E-01
2.21067E-09,-1.4964090E-01
2.26067E-09,-1.4969361E-01
2.31067E-09,-1.4969361E-01
2.36067E-09,-1.4974632E-01
2.41067E-09,-1.4979903E-01
2.46067E-09,-1.4985173E-01
2.51067E-09,-1.4985173E-01
2.56067E-09,-1.4990444E-01
2.61067E-09,-1.4990444E-01
2.66067E-09,-1.4995715E-01
2.71067E-09,-1.4995715E-01
2.76067E-09,-1.4995715E-01
2.81067E-09,-1.4995715E-01
2.86067E-09,-1.5000986E-01
2.91067E-09,-1.5000986E-01
2.96067E-09,-1.4995715E-01
3.01067E-09,-1.4995715E-01
3.06067E-09,-1.4995715E-01
3.11067E-09,-1.4995715E-01
3.16067E-09,-1.4995715E-01
3.21067E-09,-1.4990444E-01
3.26067E-09,-1.4990444E-01
3.31067E-09,-1.4990444E-01
3.36067E-09,-1.4985173E-01
3.41067E-09,-1.4985173E-01
3.46067E-09,-1.4985173E-01
3.51067E-09,-1.4985173E-01
3.56067E-09,-1.4985173E-01
3.61067E-09,-1.4985173E-01
3.66067E-09,-1.4985173E-01
3.71067E-09,-1.4985173E-01
3.76067E-09,-1.4979903E-01
3.81067E-09,-1.4979903E-01
3.86067E-09,-1.4985173E-01
3.91067E-09,-1.4985173E-01
3.96067E-09,-1.4985173E-01
4.01067E-09,-1.4985173E-01
4.06067E-09,-1.4985173E-01
4.11067E-09,-1.4985173E-01
4.16067E-09,-1.4985173E-01
4.21067E-09,-1.4985173E-01
4.26067E-09,-1.4985173E-01
4.31067E-09,-1.4985173E-01
4.36067E-09,-1.4985173E-01
4.41067E-09,-1.4985173E-01
4.46067E-09,-1.4985173E-01
4.51067E-09,-1.4985173E-01
4.56067E-09,-1.4979903E-01
4.61067E-09,-1.4979903E-01
4.66067E-09,-1.4979903E-01
4.71067E-09,-1.4974632E-01
4.76067E-09,-1.4974632E-01
4.81067E-09,-1.4969361E-01
4.86067E-09,-1.4969361E-01
4.91067E-09,-1.4964090E-01
4.96067E-09,-1.4964090E-01
5.01067E-09,-1.4958819E-01
5.06067E-09,-1.4953548E-01
5.11067E-09,-1.4953548E-01
5.16067E-09,-1.4948277E-01
5.21067E-09,-1.4943006E-01
5.26067E-09,-1.4943006E-01
5.31067E-09,-1.4937735E-01
5.36067E-09,-1.4937735E-01
5.41067E-09,-1.4932464E-01
5.46067E-09,-1.4932464E-01
5.51067E-09,-1.4927194E-01
5.56067E-09,-1.4927194E-01
5.61067E-09,-1.4927194E-01
5.66067E-09,-1.4927194E-01
5.71067E-09,-1.4927194E-01
5.76067E-09,-1.4927194E-01
5.81067E-09,-1.4927194E-01
5.86067E-09,-1.4927194E-01
5.91067E-09,-1.4927194E-01
5.96067E-09,-1.4927194E-01
6.01067E-09,-1.4932464E-01
6.06067E-09,-1.4932464E-01
6.11067E-09,-1.4937735E-01
6.16067E-09,-1.4937735E-01
6.21067E-09,-1.4937735E-01
6.26067E-09,-1.4943006E-01
6.31067E-09,-1.4943006E-01
6.36067E-09,-1.4948277E-01
6.41067E-09,-1.4948277E-01
6.46067E-09,-1.4953548E-01
6.51067E-09,-1.4953548E-01
6.56067E-09,-1.4958819E-01
6.61067E-09,-1.4958819E-01
6.66067E-09,-1.4964090E-01
6.71067E-09,-1.4964090E-01
6.76067E-09,-1.4964090E-01
6.81067E-09,-1.4969361E-01
6.86067E-09,-1.4969361E-01
6.91067E-09,-1.4969361E-01
6.96067E-09,-1.4969361E-01
7.01067E-09,-1.4969361E-01
7.06067E-09,-1.4974632E-01
7.11067E-09,-1.4974632E-01
7.16067E-09,-1.4974632E-01
7.21067E-09,-1.4974632E-01
7.26067E-09,-1.4974632E-01
7.31067E-09,-1.4974632E-01
7.36067E-09,-1.4974632E-01
7.41067E-09,-1.4974632E-01
7.46067E-09,-1.4974632E-01
7.51067E-09,-1.4974632E-01
7.56067E-09,-1.4974632E-01
7.61067E-09,-1.4974632E-01
7.66067E-09,-1.4974632E-01
7.71067E-09,-1.4974632E-01
7.76067E-09,-1.4974632E-01
7.81067E-09,-1.4974632E-01
7.86067E-09,-1.4974632E-01
7.91067E-09,-1.4974632E-01
7.96067E-09,-1.4974632E-01
8.01067E-09,-1.4979903E-01
8.06067E-09,-1.4979903E-01
8.11067E-09,-1.4985173E-01
8.16067E-09,-1.4985173E-01
8.21067E-09,-1.4990444E-01
8.26067E-09,-1.4990444E-01
8.31067E-09,-1.4995715E-01
8.36067E-09,-1.4995715E-01
8.41067E-09,-1.5000986E-01
8.46067E-09,-1.5006257E-01
8.51067E-09,-1.5006257E-01
8.56067E-09,-1.5006257E-01
8.61067E-09,-1.5011528E-01
8.66067E-09,-1.5011528E-01
8.71067E-09,-1.5011528E-01
8.76067E-09,-1.5011528E-01
8.81067E-09,-1.5011528E-01
8.86067E-09,-1.5006257E-01
8.91067E-09,-1.5006257E-01
8.96067E-09,-1.5000986E-01
9.01067E-09,-1.5000986E-01
9.06067E-09,-1.4995715E-01
9.11067E-09,-1.4990444E-01
9.16067E-09,-1.4985173E-01
9.21067E-09,-1.4979903E-01
9.26067E-09,-1.4974632E-01
9.31067E-09,-1.4964090E-01
9.36067E-09,-1.4958819E-01
9.41067E-09,-1.4953548E-01
9.46067E-09,-1.4948277E-01
9.51067E-09,-1.4943006E-01
9.56067E-09,-1.4932464E-01
9.61067E-09,-1.4927194E-01
9.66067E-09,-1.4927194E-01
9.71067E-09,-1.4921923E-01
9.76067E-09,-1.4916652E-01
9.81067E-09,-1.4916652E-01
9.86067E-09,-1.4911381E-01
9.91067E-09,-1.4911381E-01
9.96067E-09,-1.4911381E-01
1.001067E-08,-1.4911381E-01
1.006067E-08,-1.4916652E-01
1.011067E-08,-1.4916652E-01
1.016067E-08,-1.4921923E-01
1.021067E-08,-1.4927194E-01
1.026067E-08,-1.4927194E-01
1.031067E-08,-1.4932464E-01
1.036067E-08,-1.4937735E-01
1.041067E-08,-1.4943006E-01
1.046067E-08,-1.4948277E-01
1.051067E-08,-1.4953548E-01
1.056067E-08,-1.4958819E-01
1.061067E-08,-1.4964090E-01
1.066067E-08,-1.4969361E-01
1.071067E-08,-1.4974632E-01
1.076067E-08,-1.4974632E-01
1.081067E-08,-1.4974632E-01
1.086067E-08,-1.4979903E-01
1.091067E-08,-1.4979903E-01
1.096067E-08,-1.4979903E-01
1.101067E-08,-1.4974632E-01
1.106067E-08,-1.4974632E-01
1.111067E-08,-1.4969361E-01
1.116067E-08,-1.4964090E-01
1.121067E-08,-1.4964090E-01
1.126067E-08,-1.4958819E-01
1.131067E-08,-1.4948277E-01
1.136067E-08,-1.4943006E-01
1.141067E-08,-1.4937735E-01
1.146067E-08,-1.4932464E-01
1.151067E-08,-1.4927194E-01
1.156067E-08,-1.4916652E-01
1.161067E-08,-1.4916652E-01
1.166067E-08,-1.4911381E-01
1.171067E-08,-1.4906110E-01
1.176067E-08,-1.4900839E-01
1.181067E-08,-1.4900839E-01
1.186067E-08,-1.4895568E-01
1.191067E-08,-1.4895568E-01
1.196067E-08,-1.4895568E-01
1.201067E-08,-1.4900839E-01
1.206067E-08,-1.4900839E-01
1.211067E-08,-1.4906110E-01
1.216067E-08,-1.4906110E-01
1.221067E-08,-1.4911381E-01
1.226067E-08,-1.4921923E-01
1.231067E-08,-1.4927194E-01
1.236067E-08,-1.4932464E-01
1.241067E-08,-1.4937735E-01
1.246067E-08,-1.4948277E-01
1.251067E-08,-1.4953548E-01
1.256067E-08,-1.4958819E-01
1.261067E-08,-1.4964090E-01
1.266067E-08,-1.4969361E-01
1.271067E-08,-1.4974632E-01
1.276067E-08,-1.4979903E-01
1.281067E-08,-1.4979903E-01
1.286067E-08,-1.4985173E-01
1.291067E-08,-1.4985173E-01
1.296067E-08,-1.4985173E-01
1.301067E-08,-1.4985173E-01
1.306067E-08,-1.4979903E-01
1.311067E-08,-1.4974632E-01
1.316067E-08,-1.4974632E-01
1.321067E-08,-1.4969361E-01
1.326067E-08,-1.4964090E-01
1.331067E-08,-1.4953548E-01
1.336067E-08,-1.4948277E-01
1.341067E-08,-1.4943006E-01
1.346067E-08,-1.4937735E-01
1.351067E-08,-1.4927194E-01
1.356067E-08,-1.4921923E-01
1.361067E-08,-1.4916652E-01
1.366067E-08,-1.4911381E-01
1.371067E-08,-1.4906110E-01
1.376067E-08,-1.4900839E-01
1.381067E-08,-1.4900839E-01
1.386067E-08,-1.4900839E-01
1.391067E-08,-1.4900839E-01
1.396067E-08,-1.4900839E-01
1.401067E-08,-1.4900839E-01
1.406067E-08,-1.4906110E-01
1.411067E-08,-1.4911381E-01
1.416067E-08,-1.4916652E-01
1.421067E-08,-1.4921923E-01
1.426067E-08,-1.4927194E-01
1.431067E-08,-1.4937735E-01
1.436067E-08,-1.4943006E-01
1.441067E-08,-1.4953548E-01
1.446067E-08,-1.4958819E-01
1.451067E-08,-1.4964090E-01
1.456067E-08,-1.4974632E-01
1.461067E-08,-1.4979903E-01
1.466067E-08,-1.4985173E-01
1.471067E-08,-1.4985173E-01
1.476067E-08,-1.4990444E-01
1.481067E-08,-1.4990444E-01
1.486067E-08,-1.4990444E-01
1.491067E-08,-1.4990444E-01
1.496067E-08,-1.4985173E-01
1.501067E-08,-1.4979903E-01
1.506067E-08,-1.4974632E-01
1.511067E-08,-1.4969361E-01
1.516067E-08,-1.4958819E-01
1.521067E-08,-1.4953548E-01
1.526067E-08,-1.4943006E-01
1.531067E-08,-1.4932464E-01
1.536067E-08,-1.4921923E-01
1.541067E-08,-1.4911381E-01
1.546067E-08,-1.4900839E-01
1.551067E-08,-1.4890297E-01
1.556067E-08,-1.4879755E-01
1.561067E-08,-1.4874485E-01
1.566067E-08,-1.4863943E-01
1.571067E-08,-1.4858672E-01
1.576067E-08,-1.4858672E-01
1.581067E-08,-1.4858672E-01
1.586067E-08,-1.4858672E-01
1.591067E-08,-1.4858672E-01
1.596067E-08,-1.4863943E-01
1.601067E-08,-1.4869214E-01
1.606067E-08,-1.4874485E-01
1.611067E-08,-1.4885026E-01
1.616067E-08,-1.4895568E-01
1.621067E-08,-1.4906110E-01
1.626067E-08,-1.4916652E-01
1.631067E-08,-1.4932464E-01
1.636067E-08,-1.4943006E-01
1.641067E-08,-1.4958819E-01
1.646067E-08,-1.4969361E-01
1.651067E-08,-1.4985173E-01
1.656067E-08,-1.4995715E-01
1.661067E-08,-1.5006257E-01
1.666067E-08,-1.5011528E-01
1.671067E-08,-1.5022070E-01
1.676067E-08,-1.5022070E-01
1.681067E-08,-1.5027341E-01
1.686067E-08,-1.5027341E-01
1.691067E-08,-1.5027341E-01
1.696067E-08,-1.5022070E-01
1.701067E-08,-1.5016799E-01
1.706067E-08,-1.5006257E-01
1.711067E-08,-1.4995715E-01
1.716067E-08,-1.4985173E-01
1.721067E-08,-1.4969361E-01
1.726067E-08,-1.4953548E-01
1.731067E-08,-1.4943006E-01
1.736067E-08,-1.4927194E-01
1.741067E-08,-1.4911381E-01
1.746067E-08,-1.4895568E-01
1.751067E-08,-1.4885026E-01
1.756067E-08,-1.4869214E-01
1.761067E-08,-1.4863943E-01
1.766067E-08,-1.4853401E-01
1.771067E-08,-1.4848130E-01
1.776067E-08,-1.4842859E-01
1.781067E-08,-1.4842859E-01
1.786067E-08,-1.4848130E-01
1.791067E-08,-1.4853401E-01
1.796067E-08,-1.4858672E-01
1.801067E-08,-1.4874485E-01
1.806067E-08,-1.4885026E-01
1.811067E-08,-1.4900839E-01
1.816067E-08,-1.4921923E-01
1.821067E-08,-1.4943006E-01
1.826067E-08,-1.4964090E-01
1.831067E-08,-1.4985173E-01
1.836067E-08,-1.5006257E-01
1.841067E-08,-1.5027341E-01
1.846067E-08,-1.5048424E-01
1.851067E-08,-1.5069508E-01
1.856067E-08,-1.5085321E-01
1.861067E-08,-1.5101133E-01
1.866067E-08,-1.5116946E-01
1.871067E-08,-1.5122217E-01
1.876067E-08,-1.5132759E-01
1.881067E-08,-1.5132759E-01
1.886067E-08,-1.5132759E-01
1.891067E-08,-1.5127488E-01
1.896067E-08,-1.5116946E-01
1.901067E-08,-1.5106404E-01
1.906067E-08,-1.5090592E-01
1.911067E-08,-1.5069508E-01
1.916067E-08,-1.5048424E-01
1.921067E-08,-1.5022070E-01
1.926067E-08,-1.4995715E-01
1.931067E-08,-1.4964090E-01
1.936067E-08,-1.4932464E-01
1.941067E-08,-1.4906110E-01
1.946067E-08,-1.4874485E-01
1.951067E-08,-1.4848130E-01
1.956067E-08,-1.4821776E-01
1.961067E-08,-1.4800692E-01
1.966067E-08,-1.4779608E-01
1.971067E-08,-1.4758525E-01
1.976067E-08,-1.4747983E-01
1.981067E-08,-1.4737441E-01
1.986067E-08,-1.4732170E-01
1.991067E-08,-1.4732170E-01
1.996067E-08,-1.4737441E-01
2.001067E-08,-1.4747983E-01
2.006067E-08,-1.4758525E-01
2.011067E-08,-1.4779608E-01
2.016067E-08,-1.4800692E-01
2.021067E-08,-1.4821776E-01
2.026067E-08,-1.4848130E-01
2.031067E-08,-1.4874485E-01
2.036067E-08,-1.4906110E-01
2.041067E-08,-1.4937735E-01
2.046067E-08,-1.4964090E-01
2.051067E-08,-1.4995715E-01
2.056067E-08,-1.5022070E-01
2.061067E-08,-1.5043153E-01
2.066067E-08,-1.5064237E-01
2.071067E-08,-1.5080050E-01
2.076067E-08,-1.5090592E-01
2.081067E-08,-1.5101133E-01
2.086067E-08,-1.5101133E-01
2.091067E-08,-1.5095862E-01
2.096067E-08,-1.5090592E-01
2.101067E-08,-1.5080050E-01
2.106067E-08,-1.5058966E-01
2.111067E-08,-1.5037883E-01
2.116067E-08,-1.5011528E-01
2.121067E-08,-1.4985173E-01
2.126067E-08,-1.4953548E-01
2.131067E-08,-1.4916652E-01
2.136067E-08,-1.4885026E-01
2.141067E-08,-1.4853401E-01
2.146067E-08,-1.4816505E-01
2.151067E-08,-1.4784879E-01
2.156067E-08,-1.4758525E-01
2.161067E-08,-1.4737441E-01
2.166067E-08,-1.4716358E-01
2.171067E-08,-1.4700545E-01
2.176067E-08,-1.4695274E-01
2.181067E-08,-1.4690003E-01
2.186067E-08,-1.4695274E-01
2.191067E-08,-1.4705816E-01
2.196067E-08,-1.4721628E-01
2.201067E-08,-1.4747983E-01
2.206067E-08,-1.4774337E-01
2.211067E-08,-1.4811234E-01
2.216067E-08,-1.4853401E-01
2.221067E-08,-1.4895568E-01
2.226067E-08,-1.4937735E-01
2.231067E-08,-1.4990444E-01
2.236067E-08,-1.5037883E-01
2.241067E-08,-1.5085321E-01
2.246067E-08,-1.5132759E-01
2.251067E-08,-1.5174926E-01
2.256067E-08,-1.5217093E-01
2.261067E-08,-1.5248719E-01
2.266067E-08,-1.5280344E-01
2.271067E-08,-1.5296157E-01
2.276067E-08,-1.5311969E-01
2.281067E-08,-1.5317240E-01
2.286067E-08,-1.5311969E-01
2.291067E-08,-1.5301428E-01
2.296067E-08,-1.5280344E-01
2.301067E-08,-1.5253989E-01
2.306067E-08,-1.5217093E-01
2.311067E-08,-1.5169655E-01
2.316067E-08,-1.5122217E-01
2.321067E-08,-1.5064237E-01
2.326067E-08,-1.5006257E-01
2.331067E-08,-1.4943006E-01
2.336067E-08,-1.4879755E-01
2.341067E-08,-1.4816505E-01
2.346067E-08,-1.4753254E-01
2.351067E-08,-1.4695274E-01
2.356067E-08,-1.4642565E-01
2.361067E-08,-1.4595127E-01
2.366067E-08,-1.4558230E-01
2.371067E-08,-1.4526605E-01
2.376067E-08,-1.4510792E-01
2.381067E-08,-1.4500251E-01
2.386067E-08,-1.4500251E-01
2.391067E-08,-1.4510792E-01
2.396067E-08,-1.4537147E-01
2.401067E-08,-1.4568772E-01
2.406067E-08,-1.4616210E-01
2.411067E-08,-1.4668919E-01
2.416067E-08,-1.4732170E-01
2.421067E-08,-1.4800692E-01
2.426067E-08,-1.4879755E-01
2.431067E-08,-1.4953548E-01
2.436067E-08,-1.5032612E-01
2.441067E-08,-1.5111675E-01
2.446067E-08,-1.5190739E-01
2.451067E-08,-1.5259260E-01
2.456067E-08,-1.5327782E-01
2.461067E-08,-1.5385762E-01
2.466067E-08,-1.5427929E-01
2.471067E-08,-1.5464826E-01
2.476067E-08,-1.5485909E-01
2.481067E-08,-1.5491180E-01
2.486067E-08,-1.5480638E-01
2.491067E-08,-1.5454284E-01
2.496067E-08,-1.5417387E-01
2.501067E-08,-1.5359407E-01
2.506067E-08,-1.5290886E-01
2.511067E-08,-1.5206551E-01
2.516067E-08,-1.5111675E-01
2.521067E-08,-1.5006257E-01
2.526067E-08,-1.4895568E-01
2.531067E-08,-1.4779608E-01
2.536067E-08,-1.4663649E-01
2.541067E-08,-1.4547689E-01
2.546067E-08,-1.4431729E-01
2.551067E-08,-1.4326311E-01
2.556067E-08,-1.4236705E-01
2.561067E-08,-1.4152371E-01
2.566067E-08,-1.4089120E-01
2.571067E-08,-1.4046953E-01
2.576067E-08,-1.4020599E-01
2.581067E-08,-1.4020599E-01
2.586067E-08,-1.4046953E-01
2.591067E-08,-1.4094391E-01
2.596067E-08,-1.4168184E-01
2.601067E-08,-1.4263060E-01
2.606067E-08,-1.4384291E-01
2.611067E-08,-1.4521334E-01
2.616067E-08,-1.4684732E-01
2.621067E-08,-1.4858672E-01
2.626067E-08,-1.5043153E-01
2.631067E-08,-1.5238177E-01
2.636067E-08,-1.5433200E-01
2.641067E-08,-1.5622953E-01
2.646067E-08,-1.5807434E-01
2.651067E-08,-1.5976103E-01
2.656067E-08,-1.6118417E-01
2.661067E-08,-1.6239648E-01
2.666067E-08,-1.6318712E-01
2.671067E-08,-1.6360879E-01
2.676067E-08,-1.6360879E-01
2.681067E-08,-1.6302899E-01
2.686067E-08,-1.6181668E-01
2.691067E-08,-1.6007728E-01
2.696067E-08,-1.5759996E-01
2.701067E-08,-1.5443742E-01
2.706067E-08,-1.5053695E-01
2.711067E-08,-1.4589856E-01
2.716067E-08,-1.4052224E-01
2.721067E-08,-1.3435528E-01
2.726067E-08,-1.2750311E-01
2.731067E-08,-1.1986031E-01
2.736067E-08,-1.1158499E-01
2.741067E-08,-1.0262446E-01
2.746067E-08,-9.308413E-02
2.751067E-08,-8.301671E-02
2.756067E-08,-7.247490E-02
2.761067E-08,-6.145872E-02
2.766067E-08,-5.017899E-02
2.771067E-08,-3.858301E-02
2.776067E-08,-2.688161E-02
2.781067E-08,-1.502208E-02
2.786067E-08,-3.21526E-03
2.791067E-08,8.48614E-03
2.796067E-08,2.002942E-02
2.801067E-08,3.136185E-02
2.806067E-08,4.232533E-02
2.811067E-08,5.286713E-02
2.816067E-08,6.298726E-02
2.821067E-08,7.252759E-02
2.826067E-08,8.154084E-02
2.831067E-08,8.992157E-02
2.836067E-08,9.766979E-02
2.841067E-08,1.0473280E-01
2.846067E-08,1.1111059E-01
2.851067E-08,1.1675046E-01
2.856067E-08,1.2175781E-01
2.861067E-08,1.2602724E-01
2.866067E-08,1.2966417E-01
2.871067E-08,1.3272129E-01
2.876067E-08,1.3509319E-01
2.881067E-08,1.3699072E-01
2.886067E-08,1.3830844E-01
2.891067E-08,1.3920450E-01
2.896067E-08,1.3967888E-01
2.901067E-08,1.3978430E-01
2.906067E-08,1.3962617E-01
2.911067E-08,1.3920450E-01
2.916067E-08,1.3857199E-01
2.921067E-08,1.3783406E-01
2.926067E-08,1.3704343E-01
2.931067E-08,1.3614737E-01
2.936067E-08,1.3530403E-01
2.941067E-08,1.3451340E-01
2.946067E-08,1.3377547E-01
2.951067E-08,1.3314296E-01
2.956067E-08,1.3261587E-01
2.961067E-08,1.3224691E-01
2.966067E-08,1.3203607E-01
2.971067E-08,1.3198336E-01
2.976067E-08,1.3203607E-01
2.981067E-08,1.3229962E-01
2.986067E-08,1.3266858E-01
2.991067E-08,1.3319567E-01
2.996067E-08,1.3382818E-01
3.001067E-08,1.3451340E-01
3.006067E-08,1.3530403E-01
3.011067E-08,1.3614737E-01
3.016067E-08,1.3699072E-01
3.021067E-08,1.3783406E-01
3.026067E-08,1.3867741E-01
3.031067E-08,1.3946804E-01
3.036067E-08,1.4015326E-01
3.041067E-08,1.4078577E-01
3.046067E-08,1.4136557E-01
3.051067E-08,1.4178724E-01
3.056067E-08,1.4210349E-01
3.061067E-08,1.4231433E-01
3.066067E-08,1.4236704E-01
3.071067E-08,1.4236704E-01
3.076067E-08,1.4220891E-01
3.081067E-08,1.4189266E-01
3.086067E-08,1.4152369E-01
3.091067E-08,1.4110202E-01
3.096067E-08,1.4052222E-01
3.101067E-08,1.3994242E-01
3.106067E-08,1.3925721E-01
3.111067E-08,1.3862470E-01
3.116067E-08,1.3793948E-01
3.121067E-08,1.3725426E-01
3.126067E-08,1.3656905E-01
3.131067E-08,1.3598925E-01
3.136067E-08,1.3540945E-01
3.141067E-08,1.3488236E-01
3.146067E-08,1.3446069E-01
3.151067E-08,1.3409172E-01
3.156067E-08,1.3382818E-01
3.161067E-08,1.3361734E-01
3.166067E-08,1.3351192E-01
3.171067E-08,1.3351192E-01
3.176067E-08,1.3356463E-01
3.181067E-08,1.3372276E-01
3.186067E-08,1.3393360E-01
3.191067E-08,1.3419714E-01
3.196067E-08,1.3451340E-01
3.201067E-08,1.3488236E-01
3.206067E-08,1.3525132E-01
3.211067E-08,1.3562028E-01
3.216067E-08,1.3598925E-01
3.221067E-08,1.3630550E-01
3.226067E-08,1.3667446E-01
3.231067E-08,1.3693801E-01
3.236067E-08,1.3720155E-01
3.241067E-08,1.3735968E-01
3.246067E-08,1.3751781E-01
3.251067E-08,1.3757052E-01
3.256067E-08,1.3757052E-01
3.261067E-08,1.3746510E-01
3.266067E-08,1.3730697E-01
3.271067E-08,1.3709614E-01
3.276067E-08,1.3683259E-01
3.281067E-08,1.3651634E-01
3.286067E-08,1.3614737E-01
3.291067E-08,1.3572570E-01
3.296067E-08,1.3525132E-01
3.301067E-08,1.3477694E-01
3.306067E-08,1.3430256E-01
3.311067E-08,1.3377547E-01
3.316067E-08,1.3330109E-01
3.321067E-08,1.3287942E-01
3.326067E-08,1.3240503E-01
3.331067E-08,1.3203607E-01
3.336067E-08,1.3166711E-01
3.341067E-08,1.3135085E-01
3.346067E-08,1.3108731E-01
3.351067E-08,1.3087647E-01
3.356067E-08,1.3066564E-01
3.361067E-08,1.3056022E-01
3.366067E-08,1.3050751E-01
3.371067E-08,1.3050751E-01
3.376067E-08,1.3050751E-01
3.381067E-08,1.3061293E-01
3.386067E-08,1.3071835E-01
3.391067E-08,1.3082376E-01
3.396067E-08,1.3092918E-01
3.401067E-08,1.3108731E-01
3.406067E-08,1.3124544E-01
3.411067E-08,1.3140356E-01
3.416067E-08,1.3150898E-01
3.421067E-08,1.3161440E-01
3.426067E-08,1.3171982E-01
3.431067E-08,1.3177253E-01
3.436067E-08,1.3177253E-01
3.441067E-08,1.3177253E-01
3.446067E-08,1.3171982E-01
3.451067E-08,1.3161440E-01
3.456067E-08,1.3145627E-01
3.461067E-08,1.3129815E-01
3.466067E-08,1.3108731E-01
3.471067E-08,1.3082376E-01
3.476067E-08,1.3056022E-01
3.481067E-08,1.3029667E-01
3.486067E-08,1.3003313E-01
3.491067E-08,1.2971687E-01
3.496067E-08,1.2940062E-01
3.501067E-08,1.2913708E-01
3.506067E-08,1.2882082E-01
3.511067E-08,1.2855728E-01
3.516067E-08,1.2829373E-01
3.521067E-08,1.2808290E-01
3.526067E-08,1.2792477E-01
3.531067E-08,1.2776664E-01
3.536067E-08,1.2760851E-01
3.541067E-08,1.2750310E-01
3.546067E-08,1.2745039E-01
3.551067E-08,1.2739768E-01
3.556067E-08,1.2739768E-01
3.561067E-08,1.2745039E-01
3.566067E-08,1.2745039E-01
3.571067E-08,1.2755581E-01
3.576067E-08,1.2760851E-01
3.581067E-08,1.2766122E-01
3.586067E-08,1.2771393E-01
3.591067E-08,1.2781935E-01
3.596067E-08,1.2781935E-01
3.601067E-08,1.2787206E-01
3.606067E-08,1.2787206E-01
3.611067E-08,1.2787206E-01
3.616067E-08,1.2781935E-01
3.621067E-08,1.2776664E-01
3.626067E-08,1.2766122E-01
3.631067E-08,1.2755581E-01
3.636067E-08,1.2734497E-01
3.641067E-08,1.2718684E-01
3.646067E-08,1.2697601E-01
3.651067E-08,1.2676517E-01
3.656067E-08,1.2650163E-01
3.661067E-08,1.2623808E-01
3.666067E-08,1.2602724E-01
3.671067E-08,1.2576370E-01
3.676067E-08,1.2550015E-01
3.681067E-08,1.2528932E-01
3.686067E-08,1.2507848E-01
3.691067E-08,1.2492035E-01
3.696067E-08,1.2476223E-01
3.701067E-08,1.2470952E-01
3.706067E-08,1.2465681E-01
3.711067E-08,1.2460410E-01
3.716067E-08,1.2465681E-01
3.721067E-08,1.2470952E-01
3.726067E-08,1.2486765E-01
3.731067E-08,1.2502577E-01
3.736067E-08,1.2518390E-01
3.741067E-08,1.2544744E-01
3.746067E-08,1.2571099E-01
3.751067E-08,1.2597453E-01
3.756067E-08,1.2623808E-01
3.761067E-08,1.2655433E-01
3.766067E-08,1.2687059E-01
3.771067E-08,1.2713413E-01
3.776067E-08,1.2739768E-01
3.781067E-08,1.2760851E-01
3.786067E-08,1.2781935E-01
3.791067E-08,1.2797748E-01
3.796067E-08,1.2808290E-01
3.801067E-08,1.2813560E-01
3.806067E-08,1.2818831E-01
3.811067E-08,1.2808290E-01
3.816067E-08,1.2797748E-01
3.821067E-08,1.2781935E-01
3.826067E-08,1.2760851E-01
3.831067E-08,1.2729226E-01
3.836067E-08,1.2697601E-01
3.841067E-08,1.2660704E-01
3.846067E-08,1.2623808E-01
3.851067E-08,1.2581641E-01
3.856067E-08,1.2534203E-01
3.861067E-08,1.2492035E-01
3.866067E-08,1.2444597E-01
3.871067E-08,1.2402430E-01
3.876067E-08,1.2360263E-01
3.881067E-08,1.2323367E-01
3.886067E-08,1.2291741E-01
3.891067E-08,1.2260116E-01
3.896067E-08,1.2233761E-01
3.901067E-08,1.2217949E-01
3.906067E-08,1.2207407E-01
3.911067E-08,1.2196865E-01
3.916067E-08,1.2196865E-01
3.921067E-08,1.2202136E-01
3.926067E-08,1.2212678E-01
3.931067E-08,1.2228490E-01
3.936067E-08,1.2249574E-01
3.941067E-08,1.2275929E-01
3.946067E-08,1.2302283E-01
3.951067E-08,1.2328638E-01
3.956067E-08,1.2360263E-01
3.961067E-08,1.2386617E-01
3.966067E-08,1.2412972E-01
3.971067E-08,1.2439326E-01
3.976067E-08,1.2460410E-01
3.981067E-08,1.2476223E-01
3.986067E-08,1.2486765E-01
3.991067E-08,1.2492035E-01
3.996067E-08,1.2492035E-01
4.001067E-08,1.2481494E-01
4.006067E-08,1.2470952E-01
4.011067E-08,1.2444597E-01
4.016067E-08,1.2418243E-01
4.021067E-08,1.2381347E-01
4.026067E-08,1.2344450E-01
4.031067E-08,1.2297012E-01
4.036067E-08,1.2249574E-01
4.041067E-08,1.2196865E-01
4.046067E-08,1.2144156E-01
4.051067E-08,1.2086176E-01
4.056067E-08,1.2033467E-01
4.061067E-08,1.1980758E-01
4.066067E-08,1.1933320E-01
4.071067E-08,1.1891153E-01
4.076067E-08,1.1854256E-01
4.081067E-08,1.1822631E-01
4.086067E-08,1.1801547E-01
4.091067E-08,1.1785735E-01
4.096067E-08,1.1780464E-01
4.101067E-08,1.1780464E-01
4.106067E-08,1.1791006E-01
4.111067E-08,1.1812089E-01
4.116067E-08,1.1838444E-01
4.121067E-08,1.1875340E-01
4.126067E-08,1.1912236E-01
4.131067E-08,1.1959674E-01
4.136067E-08,1.2007113E-01
4.141067E-08,1.2059822E-01
4.146067E-08,1.2112531E-01
4.151067E-08,1.2159969E-01
4.156067E-08,1.2207407E-01
4.161067E-08,1.2249574E-01
4.166067E-08,1.2286470E-01
4.171067E-08,1.2312825E-01
4.176067E-08,1.2328638E-01
4.181067E-08,1.2333908E-01
4.186067E-08,1.2328638E-01
4.191067E-08,1.2312825E-01
4.196067E-08,1.2286470E-01
4.201067E-08,1.2244303E-01
4.206067E-08,1.2191594E-01
4.211067E-08,1.2123072E-01
4.216067E-08,1.2049280E-01
4.221067E-08,1.1964945E-01
4.226067E-08,1.1875340E-01
4.231067E-08,1.1780464E-01
4.236067E-08,1.1680317E-01
4.241067E-08,1.1580170E-01
4.246067E-08,1.1485293E-01
4.251067E-08,1.1395688E-01
4.256067E-08,1.1311354E-01
4.261067E-08,1.1237561E-01
4.266067E-08,1.1179581E-01
4.271067E-08,1.1137414E-01
4.276067E-08,1.1111059E-01
4.281067E-08,1.1105788E-01
4.286067E-08,1.1116330E-01
4.291067E-08,1.1153227E-01
4.296067E-08,1.1211206E-01
4.301067E-08,1.1290270E-01
4.306067E-08,1.1395688E-01
4.311067E-08,1.1516919E-01
4.316067E-08,1.1659233E-01
4.321067E-08,1.1812089E-01
4.326067E-08,1.1980758E-01
4.331067E-08,1.2159969E-01
4.336067E-08,1.2339179E-01
4.341067E-08,1.2523661E-01
4.346067E-08,1.2697601E-01
4.351067E-08,1.2860999E-01
4.356067E-08,1.3008584E-01
4.361067E-08,1.3135085E-01
4.366067E-08,1.3229962E-01
4.371067E-08,1.3293212E-01
4.376067E-08,1.3314296E-01
4.381067E-08,1.3287942E-01
4.386067E-08,1.3208878E-01
4.391067E-08,1.3077106E-01
4.396067E-08,1.2882082E-01
4.401067E-08,1.2618537E-01
4.406067E-08,1.2291741E-01
4.411067E-08,1.1896424E-01
4.416067E-08,1.1427313E-01
4.421067E-08,1.0884411E-01
4.426067E-08,1.0272986E-01
4.431067E-08,9.593040E-02
4.436067E-08,8.839301E-02
4.441067E-08,8.027582E-02
4.446067E-08,7.152612E-02
4.451067E-08,6.219663E-02
4.456067E-08,5.239275E-02
4.461067E-08,4.216720E-02
4.466067E-08,3.151998E-02
4.471067E-08,2.060922E-02
4.476067E-08,9.48761E-03
4.481067E-08,-1.79211E-03
4.486067E-08,-1.312455E-02
4.491067E-08,-2.440428E-02
4.496067E-08,-3.557859E-02
4.501067E-08,-4.659478E-02
4.506067E-08,-5.734742E-02
4.511067E-08,-6.773109E-02
4.516067E-08,-7.774580E-02
4.521067E-08,-8.723343E-02
4.526067E-08,-9.624667E-02
4.531067E-08,-1.0468011E-01
4.536067E-08,-1.1253375E-01
4.541067E-08,-1.1975489E-01
4.546067E-08,-1.2629081E-01
4.551067E-08,-1.3214151E-01
4.556067E-08,-1.3735970E-01
4.561067E-08,-1.4189267E-01
4.566067E-08,-1.4579314E-01
4.571067E-08,-1.4906110E-01
4.576067E-08,-1.5174926E-01
4.581067E-08,-1.5385762E-01
4.586067E-08,-1.5538618E-01
4.591067E-08,-1.5649307E-01
4.596067E-08,-1.5717829E-01
4.601067E-08,-1.5744183E-01
4.606067E-08,-1.5744183E-01
4.611067E-08,-1.5712558E-01
4.616067E-08,-1.5659849E-01
4.621067E-08,-1.5591327E-01
4.626067E-08,-1.5512264E-01
4.631067E-08,-1.5427929E-01
4.636067E-08,-1.5338324E-01
4.641067E-08,-1.5253989E-01
4.646067E-08,-1.5174926E-01
4.651067E-08,-1.5101133E-01
4.656067E-08,-1.5043153E-01
4.661067E-08,-1.4995715E-01
4.666067E-08,-1.4964090E-01
4.671067E-08,-1.4948277E-01
4.676067E-08,-1.4948277E-01
4.681067E-08,-1.4964090E-01
4.686067E-08,-1.4995715E-01
4.691067E-08,-1.5037883E-01
4.696067E-08,-1.5095862E-01
4.701067E-08,-1.5159113E-01
4.706067E-08,-1.5232906E-01
4.711067E-08,-1.5311969E-01
4.716067E-08,-1.5396304E-01
4.721067E-08,-1.5480638E-01
4.726067E-08,-1.5564973E-01
4.731067E-08,-1.5649307E-01
4.736067E-08,-1.5723100E-01
4.741067E-08,-1.5791621E-01
4.746067E-08,-1.5844330E-01
4.751067E-08,-1.5891769E-01
4.756067E-08,-1.5928665E-01
4.761067E-08,-1.5949748E-01
4.766067E-08,-1.5960290E-01
4.771067E-08,-1.5955019E-01
4.776067E-08,-1.5933936E-01
4.781067E-08,-1.5902310E-01
4.786067E-08,-1.5860143E-01
4.791067E-08,-1.5807434E-01
4.796067E-08,-1.5744183E-01
4.801067E-08,-1.5665120E-01
4.806067E-08,-1.5586056E-01
4.811067E-08,-1.5501722E-01
4.816067E-08,-1.5412117E-01
4.821067E-08,-1.5317240E-01
4.826067E-08,-1.5227635E-01
4.831067E-08,-1.5132759E-01
4.836067E-08,-1.5048424E-01
4.841067E-08,-1.4964090E-01
4.846067E-08,-1.4885026E-01
4.851067E-08,-1.4816505E-01
4.856067E-08,-1.4758525E-01
4.861067E-08,-1.4705816E-01
4.866067E-08,-1.4663649E-01
4.871067E-08,-1.4632023E-01
4.876067E-08,-1.4605669E-01
4.881067E-08,-1.4595127E-01
4.886067E-08,-1.4589856E-01
4.891067E-08,-1.4589856E-01
4.896067E-08,-1.4605669E-01
4.901067E-08,-1.4621481E-01
4.906067E-08,-1.4642565E-01
4.911067E-08,-1.4674190E-01
4.916067E-08,-1.4705816E-01
4.921067E-08,-1.4737441E-01
4.926067E-08,-1.4769067E-01
4.931067E-08,-1.4800692E-01
4.936067E-08,-1.4827046E-01
4.941067E-08,-1.4853401E-01
4.946067E-08,-1.4874485E-01
4.951067E-08,-1.4895568E-01
4.956067E-08,-1.4906110E-01
4.961067E-08,-1.4906110E-01
4.966067E-08,-1.4906110E-01
4.971067E-08,-1.4895568E-01
4.976067E-08,-1.4885026E-01
4.981067E-08,-1.4858672E-01
4.986067E-08,-1.4832317E-01
4.991067E-08,-1.4800692E-01
4.996067E-08,-1.4758525E-01
5.001067E-08,-1.4716358E-01
5.006067E-08,-1.4668919E-01
5.011067E-08,-1.4621481E-01
5.016067E-08,-1.4568772E-01
5.021067E-08,-1.4521334E-01
5.026067E-08,-1.4468625E-01
5.031067E-08,-1.4421187E-01
5.036067E-08,-1.4373749E-01
5.041067E-08,-1.4331582E-01
5.046067E-08,-1.4294685E-01
5.051067E-08,-1.4257789E-01
5.056067E-08,-1.4231435E-01
5.061067E-08,-1.4205080E-01
5.066067E-08,-1.4189267E-01
5.071067E-08,-1.4178726E-01
5.076067E-08,-1.4173455E-01
5.081067E-08,-1.4173455E-01
5.086067E-08,-1.4178726E-01
5.091067E-08,-1.4183996E-01
5.096067E-08,-1.4199809E-01
5.101067E-08,-1.4220893E-01
5.106067E-08,-1.4241976E-01
5.111067E-08,-1.4263060E-01
5.116067E-08,-1.4289415E-01
5.121067E-08,-1.4315769E-01
5.126067E-08,-1.4336853E-01
5.131067E-08,-1.4363207E-01
5.136067E-08,-1.4389562E-01
5.141067E-08,-1.4410645E-01
5.146067E-08,-1.4426458E-01
5.151067E-08,-1.4442271E-01
5.156067E-08,-1.4452812E-01
5.161067E-08,-1.4458083E-01
5.166067E-08,-1.4463354E-01
5.171067E-08,-1.4463354E-01
5.176067E-08,-1.4458083E-01
5.181067E-08,-1.4447542E-01
5.186067E-08,-1.4431729E-01
5.191067E-08,-1.4415916E-01
5.196067E-08,-1.4400103E-01
5.201067E-08,-1.4373749E-01
5.206067E-08,-1.4352665E-01
5.211067E-08,-1.4326311E-01
5.216067E-08,-1.4299956E-01
5.221067E-08,-1.4273602E-01
5.226067E-08,-1.4247247E-01
5.231067E-08,-1.4226164E-01
5.236067E-08,-1.4199809E-01
5.241067E-08,-1.4178726E-01
5.246067E-08,-1.4162913E-01
5.251067E-08,-1.4147100E-01
5.256067E-08,-1.4136558E-01
5.261067E-08,-1.4126017E-01
5.266067E-08,-1.4126017E-01
5.271067E-08,-1.4126017E-01
5.276067E-08,-1.4126017E-01
5.281067E-08,-1.4131287E-01
5.286067E-08,-1.4141829E-01
5.291067E-08,-1.4157642E-01
5.296067E-08,-1.4173455E-01
5.301067E-08,-1.4194538E-01
5.306067E-08,-1.4215622E-01
5.311067E-08,-1.4236705E-01
5.316067E-08,-1.4257789E-01
5.321067E-08,-1.4284144E-01
5.326067E-08,-1.4305227E-01
5.331067E-08,-1.4331582E-01
5.336067E-08,-1.4357936E-01
5.341067E-08,-1.4379020E-01
5.346067E-08,-1.4400103E-01
5.351067E-08,-1.4415916E-01
5.356067E-08,-1.4437000E-01
5.361067E-08,-1.4452812E-01
5.366067E-08,-1.4463354E-01
5.371067E-08,-1.4479167E-01
5.376067E-08,-1.4484438E-01
5.381067E-08,-1.4494980E-01
5.386067E-08,-1.4500251E-01
5.391067E-08,-1.4505521E-01
5.396067E-08,-1.4510792E-01
5.401067E-08,-1.4510792E-01
5.406067E-08,-1.4516063E-01
5.411067E-08,-1.4516063E-01
5.416067E-08,-1.4521334E-01
5.421067E-08,-1.4521334E-01
5.426067E-08,-1.4526605E-01
5.431067E-08,-1.4526605E-01
5.436067E-08,-1.4537147E-01
5.441067E-08,-1.4542418E-01
5.446067E-08,-1.4547689E-01
5.451067E-08,-1.4558230E-01
5.456067E-08,-1.4574043E-01
5.461067E-08,-1.4584585E-01
5.466067E-08,-1.4600398E-01
5.471067E-08,-1.4621481E-01
5.476067E-08,-1.4637294E-01
5.481067E-08,-1.4658378E-01
5.486067E-08,-1.4679461E-01
5.491067E-08,-1.4700545E-01
5.496067E-08,-1.4721628E-01
5.501067E-08,-1.4742712E-01
5.506067E-08,-1.4763796E-01
5.511067E-08,-1.4784879E-01
5.516067E-08,-1.4805963E-01
5.521067E-08,-1.4827046E-01
5.526067E-08,-1.4848130E-01
5.531067E-08,-1.4863943E-01
5.536067E-08,-1.4874485E-01
5.541067E-08,-1.4890297E-01
5.546067E-08,-1.4900839E-01
5.551067E-08,-1.4906110E-01
5.556067E-08,-1.4916652E-01
5.561067E-08,-1.4921923E-01
5.566067E-08,-1.4921923E-01
5.571067E-08,-1.4921923E-01
5.576067E-08,-1.4921923E-01
5.581067E-08,-1.4921923E-01
5.586067E-08,-1.4916652E-01
5.591067E-08,-1.4916652E-01
5.596067E-08,-1.4911381E-01
5.601067E-08,-1.4906110E-01
5.606067E-08,-1.4900839E-01
5.611067E-08,-1.4900839E-01
5.616067E-08,-1.4895568E-01
5.621067E-08,-1.4895568E-01
5.626067E-08,-1.4895568E-01
5.631067E-08,-1.4895568E-01
5.636067E-08,-1.4895568E-01
5.641067E-08,-1.4900839E-01
5.646067E-08,-1.4911381E-01
5.651067E-08,-1.4916652E-01
5.656067E-08,-1.4927194E-01
5.661067E-08,-1.4937735E-01
5.666067E-08,-1.4953548E-01
5.671067E-08,-1.4964090E-01
5.676067E-08,-1.4985173E-01
5.681067E-08,-1.5000986E-01
5.686067E-08,-1.5016799E-01
5.691067E-08,-1.5032612E-01
5.696067E-08,-1.5053695E-01
5.701067E-08,-1.5069508E-01
5.706067E-08,-1.5085321E-01
5.711067E-08,-1.5101133E-01
5.716067E-08,-1.5111675E-01
5.721067E-08,-1.5127488E-01
5.726067E-08,-1.5138030E-01
5.731067E-08,-1.5143301E-01
5.736067E-08,-1.5148571E-01
5.741067E-08,-1.5153842E-01
5.746067E-08,-1.5153842E-01
5.751067E-08,-1.5148571E-01
5.756067E-08,-1.5143301E-01
5.761067E-08,-1.5138030E-01
5.766067E-08,-1.5127488E-01
5.771067E-08,-1.5111675E-01
5.776067E-08,-1.5101133E-01
5.781067E-08,-1.5085321E-01
5.786067E-08,-1.5064237E-01
5.791067E-08,-1.5048424E-01
5.796067E-08,-1.5027341E-01
5.801067E-08,-1.5006257E-01
5.806067E-08,-1.4985173E-01
5.811067E-08,-1.4964090E-01
5.816067E-08,-1.4948277E-01
5.821067E-08,-1.4927194E-01
5.826067E-08,-1.4911381E-01
5.831067E-08,-1.4890297E-01
5.836067E-08,-1.4879755E-01
5.841067E-08,-1.4863943E-01
5.846067E-08,-1.4853401E-01
5.851067E-08,-1.4842859E-01
5.856067E-08,-1.4837588E-01
5.861067E-08,-1.4832317E-01
5.866067E-08,-1.4827046E-01
5.871067E-08,-1.4827046E-01
5.876067E-08,-1.4827046E-01
5.881067E-08,-1.4832317E-01
5.886067E-08,-1.4832317E-01
5.891067E-08,-1.4837588E-01
5.896067E-08,-1.4842859E-01
5.901067E-08,-1.4848130E-01
5.906067E-08,-1.4858672E-01
5.911067E-08,-1.4863943E-01
5.916067E-08,-1.4869214E-01
5.921067E-08,-1.4879755E-01
5.926067E-08,-1.4885026E-01
5.931067E-08,-1.4890297E-01
5.936067E-08,-1.4890297E-01
5.941067E-08,-1.4895568E-01
5.946067E-08,-1.4895568E-01
5.951067E-08,-1.4895568E-01
5.956067E-08,-1.4895568E-01
5.961067E-08,-1.4890297E-01
5.966067E-08,-1.4890297E-01
5.971067E-08,-1.4885026E-01
5.976067E-08,-1.4874485E-01
5.981067E-08,-1.4869214E-01
5.986067E-08,-1.4858672E-01
5.991067E-08,-1.4848130E-01
5.996067E-08,-1.4837588E-01
6.001067E-08,-1.4832317E-01
6.006067E-08,-1.4821776E-01
6.011067E-08,-1.4811234E-01
6.016067E-08,-1.4800692E-01
6.021067E-08,-1.4790150E-01
6.026067E-08,-1.4784879E-01
6.031067E-08,-1.4774337E-01
6.036067E-08,-1.4769067E-01
6.041067E-08,-1.4763796E-01
6.046067E-08,-1.4763796E-01
6.051067E-08,-1.4758525E-01
6.056067E-08,-1.4758525E-01
6.061067E-08,-1.4763796E-01
6.066067E-08,-1.4763796E-01
6.071067E-08,-1.4769067E-01
6.076067E-08,-1.4779608E-01
6.081067E-08,-1.4784879E-01
6.086067E-08,-1.4795421E-01
6.091067E-08,-1.4805963E-01
6.096067E-08,-1.4816505E-01
6.101067E-08,-1.4827046E-01
6.106067E-08,-1.4837588E-01
6.111067E-08,-1.4853401E-01
6.116067E-08,-1.4863943E-01
6.121067E-08,-1.4879755E-01
6.126067E-08,-1.4890297E-01
6.131067E-08,-1.4906110E-01
6.136067E-08,-1.4916652E-01
6.141067E-08,-1.4927194E-01
6.146067E-08,-1.4937735E-01
6.151067E-08,-1.4948277E-01
6.156067E-08,-1.4958819E-01
6.161067E-08,-1.4964090E-01
6.166067E-08,-1.4969361E-01
6.171067E-08,-1.4979903E-01
6.176067E-08,-1.4985173E-01
6.181067E-08,-1.4985173E-01
6.186067E-08,-1.4990444E-01
6.191067E-08,-1.4990444E-01
6.196067E-08,-1.4995715E-01
6.201067E-08,-1.4995715E-01
6.206067E-08,-1.4995715E-01
6.211067E-08,-1.4995715E-01
6.216067E-08,-1.4995715E-01
6.221067E-08,-1.4995715E-01
6.226067E-08,-1.4995715E-01
6.231067E-08,-1.4995715E-01
6.236067E-08,-1.4990444E-01
6.241067E-08,-1.4990444E-01
6.246067E-08,-1.4990444E-01
6.251067E-08,-1.4995715E-01
6.256067E-08,-1.4995715E-01
6.261067E-08,-1.4995715E-01
6.266067E-08,-1.4995715E-01
6.271067E-08,-1.5000986E-01
6.276067E-08,-1.5000986E-01
6.281067E-08,-1.5006257E-01
6.286067E-08,-1.5006257E-01
6.291067E-08,-1.5011528E-01
6.296067E-08,-1.5016799E-01
6.301067E-08,-1.5016799E-01
6.306067E-08,-1.5022070E-01
6.311067E-08,-1.5027341E-01
6.316067E-08,-1.5032612E-01
6.321067E-08,-1.5037883E-01
6.326067E-08,-1.5037883E-01
6.331067E-08,-1.5043153E-01
6.336067E-08,-1.5048424E-01
6.341067E-08,-1.5048424E-01
6.346067E-08,-1.5053695E-01
6.351067E-08,-1.5053695E-01
6.356067E-08,-1.5058966E-01
6.361067E-08,-1.5058966E-01
6.366067E-08,-1.5058966E-01
6.371067E-08,-1.5058966E-01
6.376067E-08,-1.5058966E-01
6.381067E-08,-1.5058966E-01
6.386067E-08,-1.5058966E-01
6.391067E-08,-1.5058966E-01
6.396067E-08,-1.5058966E-01
6.401067E-08,-1.5058966E-01
6.406067E-08,-1.5058966E-01
6.411067E-08,-1.5058966E-01
6.416067E-08,-1.5058966E-01
6.421067E-08,-1.5053695E-01
6.426067E-08,-1.5053695E-01
6.431067E-08,-1.5053695E-01
6.436067E-08,-1.5048424E-01
6.441067E-08,-1.5048424E-01
6.446067E-08,-1.5043153E-01
6.451067E-08,-1.5043153E-01
6.456067E-08,-1.5037883E-01
6.461067E-08,-1.5037883E-01
6.466067E-08,-1.5032612E-01
6.471067E-08,-1.5027341E-01
6.476067E-08,-1.5022070E-01
6.481067E-08,-1.5016799E-01
6.486067E-08,-1.5011528E-01
6.491067E-08,-1.5000986E-01
6.496067E-08,-1.4995715E-01
6.501067E-08,-1.4985173E-01
6.506067E-08,-1.4974632E-01
6.511067E-08,-1.4969361E-01
6.516067E-08,-1.4958819E-01
6.521067E-08,-1.4948277E-01
6.526067E-08,-1.4937735E-01
6.531067E-08,-1.4927194E-01
6.536067E-08,-1.4916652E-01
6.541067E-08,-1.4906110E-01
6.546067E-08,-1.4895568E-01
6.551067E-08,-1.4885026E-01
6.556067E-08,-1.4874485E-01
6.561067E-08,-1.4863943E-01
6.566067E-08,-1.4853401E-01
6.571067E-08,-1.4848130E-01
6.576067E-08,-1.4837588E-01
6.581067E-08,-1.4832317E-01
6.586067E-08,-1.4827046E-01
6.591067E-08,-1.4821776E-01
6.596067E-08,-1.4816505E-01
6.601067E-08,-1.4811234E-01
6.606067E-08,-1.4805963E-01
6.611067E-08,-1.4805963E-01
6.616067E-08,-1.4800692E-01
6.621067E-08,-1.4800692E-01
6.626067E-08,-1.4800692E-01
6.631067E-08,-1.4800692E-01
6.636067E-08,-1.4795421E-01
6.641067E-08,-1.4795421E-01
6.646067E-08,-1.4795421E-01
6.651067E-08,-1.4795421E-01
6.656067E-08,-1.4795421E-01
6.661067E-08,-1.4795421E-01
6.666067E-08,-1.4795421E-01
6.671067E-08,-1.4795421E-01
6.676067E-08,-1.4790150E-01
6.681067E-08,-1.4790150E-01
6.686067E-08,-1.4784879E-01
6.691067E-08,-1.4784879E-01
6.696067E-08,-1.4779608E-01
6.701067E-08,-1.4774337E-01
6.706067E-08,-1.4774337E-01
6.711067E-08,-1.4769067E-01
6.716067E-08,-1.4763796E-01
6.721067E-08,-1.4758525E-01
6.726067E-08,-1.4747983E-01
6.731067E-08,-1.4742712E-01
6.736067E-08,-1.4737441E-01
6.741067E-08,-1.4732170E-01
6.746067E-08,-1.4721628E-01
6.751067E-08,-1.4716358E-01
6.756067E-08,-1.4711087E-01
6.761067E-08,-1.4705816E-01
6.766067E-08,-1.4700545E-01
6.771067E-08,-1.4695274E-01
6.776067E-08,-1.4690003E-01
6.781067E-08,-1.4684732E-01
6.786067E-08,-1.4684732E-01
6.791067E-08,-1.4684732E-01
6.796067E-08,-1.4679461E-01
6.801067E-08,-1.4679461E-01
6.806067E-08,-1.4679461E-01
6.811067E-08,-1.4679461E-01
6.816067E-08,-1.4684732E-01
6.821067E-08,-1.4684732E-01
6.826067E-08,-1.4690003E-01
6.831067E-08,-1.4690003E-01
6.836067E-08,-1.4695274E-01
6.841067E-08,-1.4700545E-01
6.846067E-08,-1.4705816E-01
6.851067E-08,-1.4711087E-01
6.856067E-08,-1.4716358E-01
6.861067E-08,-1.4721628E-01
6.866067E-08,-1.4732170E-01
6.871067E-08,-1.4737441E-01
6.876067E-08,-1.4742712E-01
6.881067E-08,-1.4747983E-01
6.886067E-08,-1.4753254E-01
6.891067E-08,-1.4758525E-01
6.896067E-08,-1.4763796E-01
6.901067E-08,-1.4769067E-01
6.906067E-08,-1.4769067E-01
6.911067E-08,-1.4774337E-01
6.916067E-08,-1.4779608E-01
6.921067E-08,-1.4779608E-01
6.926067E-08,-1.4784879E-01
6.931067E-08,-1.4784879E-01
6.936067E-08,-1.4790150E-01
6.941067E-08,-1.4790150E-01
6.946067E-08,-1.4790150E-01
6.951067E-08,-1.4795421E-01
6.956067E-08,-1.4795421E-01
6.961067E-08,-1.4795421E-01
6.966067E-08,-1.4800692E-01
6.971067E-08,-1.4800692E-01
6.976067E-08,-1.4805963E-01
6.981067E-08,-1.4811234E-01
6.986067E-08,-1.4811234E-01
6.991067E-08,-1.4816505E-01
6.996067E-08,-1.4821776E-01
7.001067E-08,-1.4827046E-01
7.006067E-08,-1.4832317E-01
7.011067E-08,-1.4842859E-01
7.016067E-08,-1.4848130E-01
7.021067E-08,-1.4858672E-01
7.026067E-08,-1.4869214E-01
7.031067E-08,-1.4874485E-01
7.036067E-08,-1.4885026E-01
7.041067E-08,-1.4895568E-01
7.046067E-08,-1.4906110E-01
7.051067E-08,-1.4916652E-01
7.056067E-08,-1.4927194E-01
7.061067E-08,-1.4937735E-01
7.066067E-08,-1.4948277E-01
7.071067E-08,-1.4958819E-01
7.076067E-08,-1.4969361E-01
7.081067E-08,-1.4979903E-01
7.086067E-08,-1.4990444E-01
7.091067E-08,-1.4995715E-01
7.096067E-08,-1.5006257E-01
7.101067E-08,-1.5011528E-01
7.106067E-08,-1.5022070E-01
7.111067E-08,-1.5027341E-01
7.116067E-08,-1.5032612E-01
7.121067E-08,-1.5037883E-01
7.126067E-08,-1.5037883E-01
7.131067E-08,-1.5043153E-01
7.136067E-08,-1.5043153E-01
7.141067E-08,-1.5048424E-01
7.146067E-08,-1.5048424E-01
7.151067E-08,-1.5048424E-01
7.156067E-08,-1.5048424E-01
7.161067E-08,-1.5048424E-01
7.166067E-08,-1.5048424E-01
7.171067E-08,-1.5048424E-01
7.176067E-08,-1.5043153E-01
7.181067E-08,-1.5043153E-01
7.186067E-08,-1.5043153E-01
7.191067E-08,-1.5037883E-01
7.196067E-08,-1.5037883E-01
7.201067E-08,-1.5037883E-01
7.206067E-08,-1.5032612E-01
7.211067E-08,-1.5032612E-01
7.216067E-08,-1.5032612E-01
7.221067E-08,-1.5027341E-01
7.226067E-08,-1.5027341E-01
7.231067E-08,-1.5027341E-01
7.236067E-08,-1.5027341E-01
7.241067E-08,-1.5027341E-01
7.246067E-08,-1.5027341E-01
7.251067E-08,-1.5027341E-01
7.256067E-08,-1.5027341E-01
7.261067E-08,-1.5027341E-01
7.266067E-08,-1.5027341E-01
7.271067E-08,-1.5027341E-01
7.276067E-08,-1.5027341E-01
7.281067E-08,-1.5022070E-01
7.286067E-08,-1.5022070E-01
7.291067E-08,-1.5022070E-01
7.296067E-08,-1.5022070E-01
7.301067E-08,-1.5022070E-01
7.306067E-08,-1.5016799E-01
7.311067E-08,-1.5016799E-01
7.316067E-08,-1.5011528E-01
7.321067E-08,-1.5011528E-01
7.326067E-08,-1.5006257E-01
7.331067E-08,-1.5006257E-01
7.336067E-08,-1.5000986E-01
7.341067E-08,-1.4995715E-01
7.346067E-08,-1.4990444E-01
7.351067E-08,-1.4990444E-01
7.356067E-08,-1.4979903E-01
7.361067E-08,-1.4979903E-01
7.366067E-08,-1.4974632E-01
7.371067E-08,-1.4969361E-01
7.376067E-08,-1.4964090E-01
7.381067E-08,-1.4958819E-01
7.386067E-08,-1.4953548E-01
7.391067E-08,-1.4948277E-01
7.396067E-08,-1.4943006E-01
7.401067E-08,-1.4937735E-01
7.406067E-08,-1.4932464E-01
7.411067E-08,-1.4927194E-01
7.416067E-08,-1.4921923E-01
7.421067E-08,-1.4916652E-01
7.426067E-08,-1.4911381E-01
7.431067E-08,-1.4911381E-01
7.436067E-08,-1.4906110E-01
7.441067E-08,-1.4900839E-01
7.446067E-08,-1.4895568E-01
7.451067E-08,-1.4895568E-01
7.456067E-08,-1.4890297E-01
7.461067E-08,-1.4885026E-01
7.466067E-08,-1.4885026E-01
7.471067E-08,-1.4879755E-01
7.476067E-08,-1.4874485E-01
7.481067E-08,-1.4869214E-01
7.486067E-08,-1.4869214E-01
7.491067E-08,-1.4863943E-01
7.496067E-08,-1.4858672E-01
7.501067E-08,-1.4853401E-01
7.506067E-08,-1.4848130E-01
7.511067E-08,-1.4848130E-01
7.516067E-08,-1.4842859E-01
7.521067E-08,-1.4837588E-01
7.526067E-08,-1.4832317E-01
7.531067E-08,-1.4827046E-01
7.536067E-08,-1.4821776E-01
7.541067E-08,-1.4821776E-01
7.546067E-08,-1.4816505E-01
7.551067E-08,-1.4811234E-01
7.556067E-08,-1.4805963E-01
7.561067E-08,-1.4805963E-01
7.566067E-08,-1.4800692E-01
7.571067E-08,-1.4800692E-01
7.576067E-08,-1.4800692E-01
7.581067E-08,-1.4795421E-01
7.586067E-08,-1.4795421E-01
7.591067E-08,-1.4795421E-01
7.596067E-08,-1.4795421E-01
7.601067E-08,-1.4795421E-01
7.606067E-08,-1.4800692E-01
7.611067E-08,-1.4800692E-01
7.616067E-08,-1.4800692E-01
7.621067E-08,-1.4805963E-01
7.626067E-08,-1.4811234E-01
7.631067E-08,-1.4811234E-01
7.636067E-08,-1.4816505E-01
7.641067E-08,-1.4821776E-01
7.646067E-08,-1.4827046E-01
7.651067E-08,-1.4832317E-01
7.656067E-08,-1.4837588E-01
7.661067E-08,-1.4837588E-01
7.666067E-08,-1.4842859E-01
7.671067E-08,-1.4848130E-01
7.676067E-08,-1.4853401E-01
7.681067E-08,-1.4853401E-01
7.686067E-08,-1.4858672E-01
7.691067E-08,-1.4858672E-01
7.696067E-08,-1.4863943E-01
7.701067E-08,-1.4863943E-01
7.706067E-08,-1.4863943E-01
7.711067E-08,-1.4863943E-01
7.716067E-08,-1.4863943E-01
7.721067E-08,-1.4863943E-01
7.726067E-08,-1.4863943E-01
7.731067E-08,-1.4863943E-01
7.736067E-08,-1.4858672E-01
7.741067E-08,-1.4858672E-01
7.746067E-08,-1.4853401E-01
7.751067E-08,-1.4853401E-01
7.756067E-08,-1.4848130E-01
7.761067E-08,-1.4842859E-01
7.766067E-08,-1.4842859E-01
7.771067E-08,-1.4837588E-01
7.776067E-08,-1.4837588E-01
7.781067E-08,-1.4832317E-01
7.786067E-08,-1.4827046E-01
7.791067E-08,-1.4827046E-01
7.796067E-08,-1.4827046E-01
7.801067E-08,-1.4821776E-01
7.806067E-08,-1.4821776E-01
7.811067E-08,-1.4821776E-01
7.816067E-08,-1.4821776E-01
7.821067E-08,-1.4821776E-01
7.826067E-08,-1.4827046E-01
7.831067E-08,-1.4827046E-01
7.836067E-08,-1.4832317E-01
7.841067E-08,-1.4832317E-01
7.846067E-08,-1.4837588E-01
7.851067E-08,-1.4842859E-01
7.856067E-08,-1.4848130E-01
7.861067E-08,-1.4853401E-01
7.866067E-08,-1.4858672E-01
7.871067E-08,-1.4863943E-01
7.876067E-08,-1.4869214E-01
7.881067E-08,-1.4879755E-01
7.886067E-08,-1.4885026E-01
7.891067E-08,-1.4890297E-01
7.896067E-08,-1.4895568E-01
7.901067E-08,-1.4900839E-01
7.906067E-08,-1.4906110E-01
7.911067E-08,-1.4911381E-01
7.916067E-08,-1.4916652E-01
7.921067E-08,-1.4916652E-01
7.926067E-08,-1.4921923E-01
7.931067E-08,-1.4921923E-01
7.936067E-08,-1.4927194E-01
7.941067E-08,-1.4927194E-01
7.946067E-08,-1.4927194E-01
7.951067E-08,-1.4927194E-01
7.956067E-08,-1.4921923E-01
7.961067E-08,-1.4921923E-01
7.966067E-08,-1.4921923E-01
7.971067E-08,-1.4916652E-01
7.976067E-08,-1.4911381E-01
7.981067E-08,-1.4911381E-01
7.986067E-08,-1.4906110E-01
7.991067E-08,-1.4900839E-01
7.996067E-08,-1.4895568E-01
8.001067E-08,-1.4890297E-01
8.006067E-08,-1.4885026E-01
8.011067E-08,-1.4879755E-01
8.016067E-08,-1.4874485E-01
8.021067E-08,-1.4869214E-01
8.026067E-08,-1.4863943E-01
8.031067E-08,-1.4858672E-01
8.036067E-08,-1.4858672E-01
8.041067E-08,-1.4853401E-01
8.046067E-08,-1.4853401E-01
8.051067E-08,-1.4848130E-01
8.056067E-08,-1.4848130E-01
8.061067E-08,-1.4848130E-01
8.066067E-08,-1.4842859E-01
8.071067E-08,-1.4848130E-01
8.076067E-08,-1.4848130E-01
8.081067E-08,-1.4848130E-01
8.086067E-08,-1.4848130E-01
8.091067E-08,-1.4853401E-01
8.096067E-08,-1.4853401E-01
8.101067E-08,-1.4858672E-01
8.106067E-08,-1.4863943E-01
8.111067E-08,-1.4869214E-01
8.116067E-08,-1.4874485E-01
8.121067E-08,-1.4879755E-01
8.126067E-08,-1.4885026E-01
8.131067E-08,-1.4890297E-01
8.136067E-08,-1.4895568E-01
8.141067E-08,-1.4900839E-01
8.146067E-08,-1.4906110E-01
8.151067E-08,-1.4911381E-01
8.156067E-08,-1.4916652E-01
8.161067E-08,-1.4921923E-01
8.166067E-08,-1.4927194E-01
8.171067E-08,-1.4932464E-01
8.176067E-08,-1.4932464E-01
8.181067E-08,-1.4937735E-01
8.186067E-08,-1.4943006E-01
8.191067E-08,-1.4943006E-01
8.196067E-08,-1.4948277E-01
8.201067E-08,-1.4948277E-01
8.206067E-08,-1.4948277E-01
8.211067E-08,-1.4953548E-01
8.216067E-08,-1.4953548E-01
8.221067E-08,-1.4953548E-01
8.226067E-08,-1.4953548E-01
8.231067E-08,-1.4953548E-01
8.236067E-08,-1.4953548E-01
8.241067E-08,-1.4953548E-01
8.246067E-08,-1.4953548E-01
8.251067E-08,-1.4948277E-01
8.256067E-08,-1.4948277E-01
8.261067E-08,-1.4948277E-01
8.266067E-08,-1.4948277E-01
8.271067E-08,-1.4943006E-01
8.276067E-08,-1.4943006E-01
8.281067E-08,-1.4943006E-01
8.286067E-08,-1.4943006E-01
8.291067E-08,-1.4943006E-01
8.296067E-08,-1.4937735E-01
8.301067E-08,-1.4937735E-01
8.306067E-08,-1.4937735E-01
8.311067E-08,-1.4937735E-01
8.316067E-08,-1.4937735E-01
8.321067E-08,-1.4937735E-01
8.326067E-08,-1.4937735E-01
8.331067E-08,-1.4943006E-01
8.336067E-08,-1.4943006E-01
8.341067E-08,-1.4943006E-01
8.346067E-08,-1.4943006E-01
8.351067E-08,-1.4948277E-01
8.356067E-08,-1.4948277E-01
8.361067E-08,-1.4953548E-01
8.366067E-08,-1.4953548E-01
8.371067E-08,-1.4958819E-01
8.376067E-08,-1.4958819E-01
8.381067E-08,-1.4964090E-01
8.386067E-08,-1.4969361E-01
8.391067E-08,-1.4969361E-01
8.396067E-08,-1.4974632E-01
8.401067E-08,-1.4974632E-01
8.406067E-08,-1.4979903E-01
8.411067E-08,-1.4985173E-01
8.416067E-08,-1.4985173E-01
8.421067E-08,-1.4990444E-01
8.426067E-08,-1.4990444E-01
8.431067E-08,-1.4995715E-01
8.436067E-08,-1.4995715E-01
8.441067E-08,-1.4995715E-01
8.446067E-08,-1.4995715E-01
8.451067E-08,-1.5000986E-01
8.456067E-08,-1.5000986E-01
8.461067E-08,-1.5000986E-01
8.466067E-08,-1.5000986E-01
8.471067E-08,-1.5000986E-01
8.476067E-08,-1.5000986E-01
8.481067E-08,-1.5000986E-01
8.486067E-08,-1.4995715E-01
8.491067E-08,-1.4995715E-01
8.496067E-08,-1.4995715E-01
8.501067E-08,-1.4995715E-01
8.506067E-08,-1.4990444E-01
8.511067E-08,-1.4990444E-01
8.516067E-08,-1.4985173E-01
8.521067E-08,-1.4985173E-01
8.526067E-08,-1.4979903E-01
8.531067E-08,-1.4979903E-01
8.536067E-08,-1.4979903E-01
8.541067E-08,-1.4974632E-01
8.546067E-08,-1.4974632E-01
8.551067E-08,-1.4969361E-01
8.556067E-08,-1.4969361E-01
8.561067E-08,-1.4964090E-01
8.566067E-08,-1.4964090E-01
8.571067E-08,-1.4964090E-01
8.576067E-08,-1.4958819E-01
8.581067E-08,-1.4958819E-01
8.586067E-08,-1.4958819E-01
8.591067E-08,-1.4958819E-01
8.596067E-08,-1.4953548E-01
8.601067E-08,-1.4953548E-01
8.606067E-08,-1.4953548E-01
8.611067E-08,-1.4953548E-01
8.616067E-08,-1.4953548E-01
8.621067E-08,-1.4953548E-01
8.626067E-08,-1.4953548E-01
8.631067E-08,-1.4958819E-01
8.636067E-08,-1.4958819E-01
8.641067E-08,-1.4958819E-01
8.646067E-08,-1.4958819E-01
8.651067E-08,-1.4958819E-01
8.656067E-08,-1.4964090E-01
8.661067E-08,-1.4964090E-01
8.666067E-08,-1.4964090E-01
8.671067E-08,-1.4969361E-01
8.676067E-08,-1.4969361E-01
8.681067E-08,-1.4969361E-01
8.686067E-08,-1.4969361E-01
8.691067E-08,-1.4974632E-01
8.696067E-08,-1.4974632E-01
8.701067E-08,-1.4974632E-01
8.706067E-08,-1.4974632E-01
8.711067E-08,-1.4974632E-01
8.716067E-08,-1.4979903E-01
8.721067E-08,-1.4979903E-01
8.726067E-08,-1.4979903E-01
8.731067E-08,-1.4979903E-01
8.736067E-08,-1.4979903E-01
8.741067E-08,-1.4979903E-01
8.746067E-08,-1.4979903E-01
8.751067E-08,-1.4979903E-01
8.756067E-08,-1.4979903E-01
8.761067E-08,-1.4979903E-01
8.766067E-08,-1.4974632E-01
8.771067E-08,-1.4974632E-01
8.776067E-08,-1.4974632E-01
8.781067E-08,-1.4974632E-01
8.786067E-08,-1.4969361E-01
8.791067E-08,-1.4969361E-01
8.796067E-08,-1.4969361E-01
8.801067E-08,-1.4969361E-01
8.806067E-08,-1.4964090E-01
8.811067E-08,-1.4964090E-01
8.816067E-08,-1.4964090E-01
8.821067E-08,-1.4958819E-01
8.826067E-08,-1.4958819E-01
8.831067E-08,-1.4953548E-01
8.836067E-08,-1.4953548E-01
8.841067E-08,-1.4953548E-01
8.846067E-08,-1.4948277E-01
8.851067E-08,-1.4948277E-01
8.856067E-08,-1.4948277E-01
8.861067E-08,-1.4943006E-01
8.866067E-08,-1.4943006E-01
8.871067E-08,-1.4943006E-01
8.876067E-08,-1.4937735E-01
8.881067E-08,-1.4937735E-01
8.886067E-08,-1.4937735E-01
8.891067E-08,-1.4937735E-01
8.896067E-08,-1.4937735E-01
8.901067E-08,-1.4937735E-01
8.906067E-08,-1.4932464E-01
8.911067E-08,-1.4932464E-01
8.916067E-08,-1.4932464E-01
8.921067E-08,-1.4932464E-01
8.926067E-08,-1.4932464E-01
8.931067E-08,-1.4932464E-01
8.936067E-08,-1.4932464E-01
8.941067E-08,-1.4932464E-01
8.946067E-08,-1.4932464E-01
8.951067E-08,-1.4932464E-01
8.956067E-08,-1.4932464E-01
8.961067E-08,-1.4937735E-01
8.966067E-08,-1.4937735E-01
8.971067E-08,-1.4937735E-01
8.976067E-08,-1.4937735E-01
8.981067E-08,-1.4937735E-01
8.986067E-08,-1.4937735E-01
8.991067E-08,-1.4943006E-01
8.996067E-08,-1.4943006E-01
9.001067E-08,-1.4943006E-01
9.006067E-08,-1.4943006E-01
9.011067E-08,-1.4948277E-01
9.016067E-08,-1.4948277E-01
9.021067E-08,-1.4948277E-01
9.026067E-08,-1.4953548E-01
9.031067E-08,-1.4953548E-01
9.036067E-08,-1.4953548E-01
9.041067E-08,-1.4958819E-01
9.046067E-08,-1.4958819E-01
9.051067E-08,-1.4958819E-01
9.056067E-08,-1.4964090E-01
9.061067E-08,-1.4964090E-01
9.066067E-08,-1.4964090E-01
9.071067E-08,-1.4969361E-01
9.076067E-08,-1.4969361E-01
9.081067E-08,-1.4969361E-01
9.086067E-08,-1.4969361E-01
9.091067E-08,-1.4974632E-01
9.096067E-08,-1.4974632E-01
9.101067E-08,-1.4979903E-01
9.106067E-08,-1.4979903E-01
9.111067E-08,-1.4979903E-01
9.116067E-08,-1.4985173E-01
9.121067E-08,-1.4985173E-01
9.126067E-08,-1.4990444E-01
9.131067E-08,-1.4990444E-01
9.136067E-08,-1.4990444E-01
9.141067E-08,-1.4995715E-01
9.146067E-08,-1.4995715E-01
9.151067E-08,-1.5000986E-01
9.156067E-08,-1.5000986E-01
9.161067E-08,-1.5000986E-01
9.166067E-08,-1.5006257E-01
9.171067E-08,-1.5006257E-01
9.176067E-08,-1.5006257E-01
9.181067E-08,-1.5011528E-01
9.186067E-08,-1.5011528E-01
9.191067E-08,-1.5011528E-01
9.196067E-08,-1.5016799E-01
9.201067E-08,-1.5016799E-01
9.206067E-08,-1.5016799E-01
9.211067E-08,-1.5016799E-01
9.216067E-08,-1.5022070E-01
9.221067E-08,-1.5022070E-01
9.226067E-08,-1.5022070E-01
9.231067E-08,-1.5022070E-01
9.236067E-08,-1.5022070E-01
9.241067E-08,-1.5022070E-01
9.246067E-08,-1.5022070E-01
9.251067E-08,-1.5022070E-01
9.256067E-08,-1.5022070E-01
9.261067E-08,-1.5022070E-01
9.266067E-08,-1.5022070E-01
9.271067E-08,-1.5022070E-01
9.276067E-08,-1.5022070E-01
9.281067E-08,-1.5022070E-01
9.286067E-08,-1.5022070E-01
9.291067E-08,-1.5022070E-01
9.296067E-08,-1.5016799E-01
9.301067E-08,-1.5016799E-01
9.306067E-08,-1.5016799E-01
9.311067E-08,-1.5016799E-01
9.316067E-08,-1.5016799E-01
9.321067E-08,-1.5011528E-01
9.326067E-08,-1.5011528E-01
9.331067E-08,-1.5011528E-01
9.336067E-08,-1.5006257E-01
9.341067E-08,-1.5006257E-01
9.346067E-08,-1.5006257E-01
9.351067E-08,-1.5000986E-01
9.356067E-08,-1.5000986E-01
9.361067E-08,-1.5000986E-01
9.366067E-08,-1.4995715E-01
9.371067E-08,-1.4995715E-01
9.376067E-08,-1.4995715E-01
9.381067E-08,-1.4990444E-01
9.386067E-08,-1.4990444E-01
9.391067E-08,-1.4990444E-01
9.396067E-08,-1.4985173E-01
9.401067E-08,-1.4985173E-01
9.406067E-08,-1.4985173E-01
9.411067E-08,-1.4979903E-01
9.416067E-08,-1.4979903E-01
9.421067E-08,-1.4979903E-01
9.426067E-08,-1.4979903E-01
9.431067E-08,-1.4979903E-01
9.436067E-08,-1.4979903E-01
9.441067E-08,-1.4979903E-01
9.446067E-08,-1.4979903E-01
9.451067E-08,-1.4974632E-01
9.456067E-08,-1.4979903E-01
9.461067E-08,-1.4979903E-01
9.466067E-08,-1.4979903E-01
9.471067E-08,-1.4979903E-01
9.476067E-08,-1.4979903E-01
9.481067E-08,-1.4979903E-01
9.486067E-08,-1.4979903E-01
9.491067E-08,-1.4979903E-01
9.496067E-08,-1.4985173E-01
9.501067E-08,-1.4985173E-01
9.506067E-08,-1.4985173E-01
9.511067E-08,-1.4985173E-01
9.516067E-08,-1.4990444E-01
9.521067E-08,-1.4990444E-01
9.526067E-08,-1.4990444E-01
9.531067E-08,-1.4990444E-01
9.536067E-08,-1.4995715E-01
9.541067E-08,-1.4995715E-01
9.546067E-08,-1.4995715E-01
9.551067E-08,-1.4995715E-01
9.556067E-08,-1.5000986E-01
9.561067E-08,-1.5000986E-01
9.566067E-08,-1.5000986E-01
9.571067E-08,-1.5000986E-01
9.576067E-08,-1.5000986E-01
9.581067E-08,-1.5000986E-01
9.586067E-08,-1.5000986E-01
9.591067E-08,-1.5000986E-01
9.596067E-08,-1.5000986E-01
9.601067E-08,-1.5000986E-01
9.606067E-08,-1.5000986E-01
9.611067E-08,-1.4995715E-01
9.616067E-08,-1.4995715E-01
9.621067E-08,-1.4995715E-01
9.626067E-08,-1.4995715E-01
9.631067E-08,-1.4990444E-01
9.636067E-08,-1.4990444E-01
9.641067E-08,-1.4990444E-01
9.646067E-08,-1.4990444E-01
9.651067E-08,-1.4990444E-01
9.656067E-08,-1.4990444E-01
9.661067E-08,-1.4990444E-01
9.666067E-08,-1.4990444E-01
9.671067E-08,-1.4985173E-01
9.676067E-08,-1.4990444E-01
9.681067E-08,-1.4990444E-01
9.686067E-08,-1.4990444E-01
9.691067E-08,-1.4990444E-01
9.696067E-08,-1.4995715E-01
9.701067E-08,-1.4995715E-01
9.706067E-08,-1.5000986E-01
9.711067E-08,-1.5000986E-01
9.716067E-08,-1.5006257E-01
9.721067E-08,-1.5006257E-01
9.726067E-08,-1.5011528E-01
9.731067E-08,-1.5016799E-01
9.736067E-08,-1.5022070E-01
9.741067E-08,-1.5022070E-01
9.746067E-08,-1.5027341E-01
9.751067E-08,-1.5032612E-01
9.756067E-08,-1.5037883E-01
9.761067E-08,-1.5043153E-01
9.766067E-08,-1.5048424E-01
9.771067E-08,-1.5048424E-01
9.776067E-08,-1.5053695E-01
9.781067E-08,-1.5058966E-01
9.786067E-08,-1.5058966E-01
9.791067E-08,-1.5064237E-01
9.796067E-08,-1.5064237E-01
9.801067E-08,-1.5064237E-01
9.806067E-08,-1.5064237E-01
9.811067E-08,-1.5064237E-01
9.816067E-08,-1.5064237E-01
9.821067E-08,-1.5064237E-01
9.826067E-08,-1.5064237E-01
9.831067E-08,-1.5058966E-01
9.836067E-08,-1.5058966E-01
9.841067E-08,-1.5053695E-01
9.846067E-08,-1.5053695E-01
9.851067E-08,-1.5048424E-01
9.856067E-08,-1.5043153E-01
9.861067E-08,-1.5037883E-01
9.866067E-08,-1.5032612E-01
9.871067E-08,-1.5027341E-01
9.876067E-08,-1.5022070E-01
9.881067E-08,-1.5016799E-01
9.886067E-08,-1.5011528E-01
9.891067E-08,-1.5006257E-01
9.896067E-08,-1.5000986E-01
9.901067E-08,-1.5000986E-01
9.906067E-08,-1.4995715E-01
9.911067E-08,-1.4990444E-01
9.916067E-08,-1.4985173E-01
9.921067E-08,-1.4985173E-01
9.926067E-08,-1.4979903E-01
9.931067E-08,-1.4979903E-01
9.936067E-08,-1.4979903E-01
9.941067E-08,-1.4979903E-01
9.946067E-08,-1.4979903E-01
9.951067E-08,-1.4979903E-01
9.956067E-08,-1.4979903E-01
9.961067E-08,-1.4979903E-01
9.966067E-08,-1.4985173E-01
9.971067E-08,-1.4985173E-01
9.976067E-08,-1.4990444E-01
9.981067E-08,-1.4990444E-01
9.986067E-08,-1.4995715E-01
9.991067E-08,-1.5000986E-01
9.996067E-08,-1.5000986E-01
1.0001067E-07,-1.5006257E-01
1.0006067E-07,-1.5011528E-01
1.0011067E-07,-1.5011528E-01
1.0016067E-07,-1.5016799E-01
1.0021067E-07,-1.5022070E-01
1.0026067E-07,-1.5022070E-01
1.0031067E-07,-1.5027341E-01
1.0036067E-07,-1.5027341E-01
1.0041067E-07,-1.5027341E-01
1.0046067E-07,-1.5027341E-01
1.0051067E-07,-1.5032612E-01
1.0056067E-07,-1.5032612E-01
1.0061067E-07,-1.5027341E-01
1.0066067E-07,-1.5027341E-01
1.0071067E-07,-1.5027341E-01
1.0076067E-07,-1.5027341E-01
1.0081067E-07,-1.5022070E-01
1.0086067E-07,-1.5022070E-01
1.0091067E-07,-1.5016799E-01
1.0096067E-07,-1.5011528E-01
1.0101067E-07,-1.5011528E-01
1.0106067E-07,-1.5006257E-01
1.0111067E-07,-1.5000986E-01
1.0116067E-07,-1.4995715E-01
1.0121067E-07,-1.4990444E-01
1.0126067E-07,-1.4990444E-01
1.0131067E-07,-1.4985173E-01
1.0136067E-07,-1.4979903E-01
1.0141067E-07,-1.4979903E-01
1.0146067E-07,-1.4974632E-01
1.0151067E-07,-1.4974632E-01
1.0156067E-07,-1.4969361E-01
1.0161067E-07,-1.4969361E-01
1.0166067E-07,-1.4969361E-01
1.0171067E-07,-1.4964090E-01
1.0176067E-07,-1.4964090E-01
1.0181067E-07,-1.4964090E-01
1.0186067E-07,-1.4964090E-01
1.0191067E-07,-1.4964090E-01
1.0196067E-07,-1.4969361E-01
1.0201067E-07,-1.4969361E-01
1.0206067E-07,-1.4969361E-01
1.0211067E-07,-1.4969361E-01
1.0216067E-07,-1.4974632E-01
1.0221067E-07,-1.4974632E-01
1.0226067E-07,-1.4974632E-01
1.0231067E-07,-1.4979903E-01
1.0236067E-07,-1.4979903E-01
1.0241067E-07,-1.4979903E-01
1.0246067E-07,-1.4985173E-01
1.0251067E-07,-1.4985173E-01
1.0256067E-07,-1.4985173E-01
1.0261067E-07,-1.4985173E-01
1.0266067E-07,-1.4985173E-01
1.0271067E-07,-1.4985173E-01
1.0276067E-07,-1.4985173E-01
1.0281067E-07,-1.4985173E-01
1.0286067E-07,-1.4985173E-01
1.0291067E-07,-1.4985173E-01
1.0296067E-07,-1.4979903E-01
1.0301067E-07,-1.4979903E-01
1.0306067E-07,-1.4979903E-01
1.0311067E-07,-1.4974632E-01
1.0316067E-07,-1.4974632E-01
1.0321067E-07,-1.4969361E-01
1.0326067E-07,-1.4969361E-01
1.0331067E-07,-1.4969361E-01
1.0336067E-07,-1.4964090E-01
1.0341067E-07,-1.4964090E-01
1.0346067E-07,-1.4958819E-01
1.0351067E-07,-1.4958819E-01
1.0356067E-07,-1.4958819E-01
1.0361067E-07,-1.4958819E-01
1.0366067E-07,-1.4958819E-01
1.0371067E-07,-1.4958819E-01
1.0376067E-07,-1.4958819E-01
1.0381067E-07,-1.4958819E-01
1.0386067E-07,-1.4958819E-01
1.0391067E-07,-1.4958819E-01
1.0396067E-07,-1.4964090E-01
1.0401067E-07,-1.4964090E-01
1.0406067E-07,-1.4969361E-01
1.0411067E-07,-1.4969361E-01
1.0416067E-07,-1.4974632E-01
1.0421067E-07,-1.4974632E-01
1.0426067E-07,-1.4979903E-01
1.0431067E-07,-1.4985173E-01
1.0436067E-07,-1.4990444E-01
1.0441067E-07,-1.4990444E-01
1.0446067E-07,-1.4995715E-01
1.0451067E-07,-1.5000986E-01
1.0456067E-07,-1.5000986E-01
1.0461067E-07,-1.5006257E-01
1.0466067E-07,-1.5011528E-01
1.0471067E-07,-1.5011528E-01
1.0476067E-07,-1.5016799E-01
1.0481067E-07,-1.5016799E-01
1.0486067E-07,-1.5016799E-01
1.0491067E-07,-1.5016799E-01
1.0496067E-07,-1.5022070E-01
1.0501067E-07,-1.5022070E-01
1.0506067E-07,-1.5022070E-01
1.0511067E-07,-1.5022070E-01
1.0516067E-07,-1.5022070E-01
1.0521067E-07,-1.5022070E-01
1.0526067E-07,-1.5022070E-01
1.0531067E-07,-1.5016799E-01
1.0536067E-07,-1.5016799E-01
1.0541067E-07,-1.5016799E-01
1.0546067E-07,-1.5016799E-01
1.0551067E-07,-1.5016799E-01
1.0556067E-07,-1.5016799E-01
1.0561067E-07,-1.5016799E-01
1.0566067E-07,-1.5016799E-01
1.0571067E-07,-1.5016799E-01
1.0576067E-07,-1.5016799E-01
1.0581067E-07,-1.5016799E-01
1.0586067E-07,-1.5016799E-01
1.0591067E-07,-1.5016799E-01
1.0596067E-07,-1.5016799E-01
1.0601067E-07,-1.5022070E-01
1.0606067E-07,-1.5022070E-01
1.0611067E-07,-1.5022070E-01
1.0616067E-07,-1.5027341E-01
1.0621067E-07,-1.5027341E-01
1.0626067E-07,-1.5032612E-01
1.0631067E-07,-1.5032612E-01
1.0636067E-07,-1.5032612E-01
1.0641067E-07,-1.5037883E-01
1.0646067E-07,-1.5037883E-01
1.0651067E-07,-1.5043153E-01
1.0656067E-07,-1.5043153E-01
1.0661067E-07,-1.5043153E-01
1.0666067E-07,-1.5048424E-01
1.0671067E-07,-1.5048424E-01
1.0676067E-07,-1.5048424E-01
1.0681067E-07,-1.5048424E-01
1.0686067E-07,-1.5043153E-01
1.0691067E-07,-1.5043153E-01
1.0696067E-07,-1.5043153E-01
1.0701067E-07,-1.5037883E-01
1.0706067E-07,-1.5037883E-01
1.0711067E-07,-1.5032612E-01
1.0716067E-07,-1.5027341E-01
1.0721067E-07,-1.5022070E-01
1.0726067E-07,-1.5016799E-01
1.0731067E-07,-1.5011528E-01
1.0736067E-07,-1.5006257E-01
1.0741067E-07,-1.5000986E-01
1.0746067E-07,-1.4995715E-01
1.0751067E-07,-1.4990444E-01
1.0756067E-07,-1.4979903E-01
1.0761067E-07,-1.4974632E-01
1.0766067E-07,-1.4969361E-01
1.0771067E-07,-1.4964090E-01
1.0776067E-07,-1.4958819E-01
1.0781067E-07,-1.4953548E-01
1.0786067E-07,-1.4948277E-01
1.0791067E-07,-1.4943006E-01
1.0796067E-07,-1.4937735E-01
1.0801067E-07,-1.4932464E-01
1.0806067E-07,-1.4932464E-01
1.0811067E-07,-1.4927194E-01
1.0816067E-07,-1.4927194E-01
1.0821067E-07,-1.4921923E-01
1.0826067E-07,-1.4921923E-01
1.0831067E-07,-1.4921923E-01
1.0836067E-07,-1.4921923E-01
1.0841067E-07,-1.4921923E-01
1.0846067E-07,-1.4927194E-01
1.0851067E-07,-1.4927194E-01
1.0856067E-07,-1.4932464E-01
1.0861067E-07,-1.4932464E-01
1.0866067E-07,-1.4937735E-01
1.0871067E-07,-1.4937735E-01
1.0876067E-07,-1.4943006E-01
1.0881067E-07,-1.4948277E-01
1.0886067E-07,-1.4948277E-01
1.0891067E-07,-1.4953548E-01
1.0896067E-07,-1.4958819E-01
1.0901067E-07,-1.4964090E-01
1.0906067E-07,-1.4964090E-01
1.0911067E-07,-1.4969361E-01
1.0916067E-07,-1.4974632E-01
1.0921067E-07,-1.4979903E-01
1.0926067E-07,-1.4979903E-01
1.0931067E-07,-1.4985173E-01
1.0936067E-07,-1.4985173E-01
1.0941067E-07,-1.4990444E-01
1.0946067E-07,-1.4995715E-01
1.0951067E-07,-1.4995715E-01
1.0956067E-07,-1.4995715E-01
1.0961067E-07,-1.5000986E-01
1.0966067E-07,-1.5000986E-01
1.0971067E-07,-1.5000986E-01
1.0976067E-07,-1.5006257E-01
1.0981067E-07,-1.5006257E-01
1.0986067E-07,-1.5006257E-01
1.0991067E-07,-1.5006257E-01
1.0996067E-07,-1.5011528E-01
1.1001067E-07,-1.5011528E-01
1.1006067E-07,-1.5011528E-01
1.1011067E-07,-1.5011528E-01
1.1016067E-07,-1.5011528E-01
1.1021067E-07,-1.5011528E-01
1.1026067E-07,-1.5011528E-01
1.1031067E-07,-1.5011528E-01
1.1036067E-07,-1.5011528E-01
1.1041067E-07,-1.5011528E-01
1.1046067E-07,-1.5011528E-01
1.1051067E-07,-1.5011528E-01
1.1056067E-07,-1.5006257E-01
1.1061067E-07,-1.5006257E-01
1.1066067E-07,-1.5006257E-01
1.1071067E-07,-1.5006257E-01
1.1076067E-07,-1.5000986E-01
1.1081067E-07,-1.5000986E-01
1.1086067E-07,-1.5000986E-01
1.1091067E-07,-1.5000986E-01
1.1096067E-07,-1.4995715E-01
1.1101067E-07,-1.4995715E-01
1.1106067E-07,-1.4995715E-01
1.1111067E-07,-1.4990444E-01
1.1116067E-07,-1.4990444E-01
1.1121067E-07,-1.4990444E-01
1.1126067E-07,-1.4985173E-01
1.1131067E-07,-1.4985173E-01
1.1136067E-07,-1.4985173E-01
1.1141067E-07,-1.4985173E-01
1.1146067E-07,-1.4985173E-01
1.1151067E-07,-1.4985173E-01
1.1156067E-07,-1.4985173E-01
1.1161067E-07,-1.4985173E-01
1.1166067E-07,-1.4985173E-01
1.1171067E-07,-1.4985173E-01
1.1176067E-07,-1.4990444E-01
1.1181067E-07,-1.4990444E-01
1.1186067E-07,-1.4995715E-01
1.1191067E-07,-1.4995715E-01
1.1196067E-07,-1.4995715E-01
1.1201067E-07,-1.5000986E-01
1.1206067E-07,-1.5006257E-01
1.1211067E-07,-1.5006257E-01
1.1216067E-07,-1.5011528E-01
1.1221067E-07,-1.5016799E-01
1.1226067E-07,-1.5016799E-01
1.1231067E-07,-1.5022070E-01
1.1236067E-07,-1.5027341E-01
1.1241067E-07,-1.5027341E-01
1.1246067E-07,-1.5032612E-01
1.1251067E-07,-1.5032612E-01
1.1256067E-07,-1.5037883E-01
1.1261067E-07,-1.5037883E-01
1.1266067E-07,-1.5037883E-01
1.1271067E-07,-1.5037883E-01
1.1276067E-07,-1.5037883E-01
1.1281067E-07,-1.5037883E-01
1.1286067E-07,-1.5037883E-01
1.1291067E-07,-1.5037883E-01
1.1296067E-07,-1.5032612E-01
1.1301067E-07,-1.5032612E-01
1.1306067E-07,-1.5027341E-01
1.1311067E-07,-1.5022070E-01
1.1316067E-07,-1.5016799E-01
1.1321067E-07,-1.5011528E-01
1.1326067E-07,-1.5006257E-01
1.1331067E-07,-1.5000986E-01
1.1336067E-07,-1.4995715E-01
1.1341067E-07,-1.4985173E-01
1.1346067E-07,-1.4979903E-01
1.1351067E-07,-1.4974632E-01
1.1356067E-07,-1.4969361E-01
1.1361067E-07,-1.4958819E-01
1.1366067E-07,-1.4953548E-01
1.1371067E-07,-1.4948277E-01
1.1376067E-07,-1.4943006E-01
1.1381067E-07,-1.4937735E-01
1.1386067E-07,-1.4937735E-01
1.1391067E-07,-1.4932464E-01
1.1396067E-07,-1.4932464E-01
1.1401067E-07,-1.4927194E-01
1.1406067E-07,-1.4927194E-01
1.1411067E-07,-1.4927194E-01
1.1416067E-07,-1.4927194E-01
1.1421067E-07,-1.4927194E-01
1.1426067E-07,-1.4932464E-01
1.1431067E-07,-1.4932464E-01
1.1436067E-07,-1.4937735E-01
1.1441067E-07,-1.4937735E-01
1.1446067E-07,-1.4943006E-01
1.1451067E-07,-1.4948277E-01
1.1456067E-07,-1.4953548E-01
1.1461067E-07,-1.4958819E-01
1.1466067E-07,-1.4964090E-01
1.1471067E-07,-1.4969361E-01
1.1476067E-07,-1.4974632E-01
1.1481067E-07,-1.4979903E-01
1.1486067E-07,-1.4985173E-01
1.1491067E-07,-1.4990444E-01
1.1496067E-07,-1.4995715E-01
1.1501067E-07,-1.4995715E-01
1.1506067E-07,-1.5000986E-01
1.1511067E-07,-1.5006257E-01
1.1516067E-07,-1.5006257E-01
1.1521067E-07,-1.5006257E-01
1.1526067E-07,-1.5006257E-01
1.1531067E-07,-1.5006257E-01
1.1536067E-07,-1.5006257E-01
1.1541067E-07,-1.5006257E-01
1.1546067E-07,-1.5006257E-01
1.1551067E-07,-1.5000986E-01
1.1556067E-07,-1.5000986E-01
1.1561067E-07,-1.4995715E-01
1.1566067E-07,-1.4995715E-01
1.1571067E-07,-1.4990444E-01
1.1576067E-07,-1.4985173E-01
1.1581067E-07,-1.4979903E-01
1.1586067E-07,-1.4974632E-01
1.1591067E-07,-1.4974632E-01
1.1596067E-07,-1.4969361E-01
1.1601067E-07,-1.4964090E-01
1.1606067E-07,-1.4958819E-01
1.1611067E-07,-1.4958819E-01
1.1616067E-07,-1.4953548E-01
1.1621067E-07,-1.4953548E-01
1.1626067E-07,-1.4948277E-01
1.1631067E-07,-1.4948277E-01
1.1636067E-07,-1.4948277E-01
1.1641067E-07,-1.4943006E-01
1.1646067E-07,-1.4943006E-01
1.1651067E-07,-1.4943006E-01
1.1656067E-07,-1.4948277E-01
1.1661067E-07,-1.4948277E-01
1.1666067E-07,-1.4948277E-01
1.1671067E-07,-1.4948277E-01
1.1676067E-07,-1.4953548E-01
1.1681067E-07,-1.4953548E-01
1.1686067E-07,-1.4953548E-01
1.1691067E-07,-1.4958819E-01
1.1696067E-07,-1.4958819E-01
1.1701067E-07,-1.4964090E-01
1.1706067E-07,-1.4964090E-01
1.1711067E-07,-1.4969361E-01
1.1716067E-07,-1.4969361E-01
1.1721067E-07,-1.4969361E-01
1.1726067E-07,-1.4974632E-01
1.1731067E-07,-1.4974632E-01
1.1736067E-07,-1.4974632E-01
1.1741067E-07,-1.4974632E-01
1.1746067E-07,-1.4974632E-01
1.1751067E-07,-1.4974632E-01
1.1756067E-07,-1.4974632E-01
1.1761067E-07,-1.4969361E-01
1.1766067E-07,-1.4969361E-01
1.1771067E-07,-1.4969361E-01
1.1776067E-07,-1.4964090E-01
1.1781067E-07,-1.4964090E-01
1.1786067E-07,-1.4958819E-01
1.1791067E-07,-1.4958819E-01
1.1796067E-07,-1.4953548E-01
1.1801067E-07,-1.4948277E-01
1.1806067E-07,-1.4948277E-01
1.1811067E-07,-1.4943006E-01
1.1816067E-07,-1.4937735E-01
1.1821067E-07,-1.4937735E-01
1.1826067E-07,-1.4932464E-01
1.1831067E-07,-1.4932464E-01
1.1836067E-07,-1.4927194E-01
1.1841067E-07,-1.4921923E-01
1.1846067E-07,-1.4921923E-01
1.1851067E-07,-1.4921923E-01
1.1856067E-07,-1.4916652E-01
1.1861067E-07,-1.4916652E-01
1.1866067E-07,-1.4916652E-01
1.1871067E-07,-1.4911381E-01
1.1876067E-07,-1.4911381E-01
1.1881067E-07,-1.4911381E-01
1.1886067E-07,-1.4911381E-01
1.1891067E-07,-1.4911381E-01
1.1896067E-07,-1.4911381E-01
1.1901067E-07,-1.4911381E-01
1.1906067E-07,-1.4911381E-01
1.1911067E-07,-1.4916652E-01
1.1916067E-07,-1.4916652E-01
1.1921067E-07,-1.4916652E-01
1.1926067E-07,-1.4916652E-01
1.1931067E-07,-1.4921923E-01
1.1936067E-07,-1.4921923E-01
1.1941067E-07,-1.4927194E-01
1.1946067E-07,-1.4927194E-01
1.1951067E-07,-1.4927194E-01
1.1956067E-07,-1.4932464E-01
1.1961067E-07,-1.4932464E-01
1.1966067E-07,-1.4937735E-01
1.1971067E-07,-1.4943006E-01
1.1976067E-07,-1.4943006E-01
1.1981067E-07,-1.4948277E-01
1.1986067E-07,-1.4948277E-01
1.1991067E-07,-1.4953548E-01
1.1996067E-07,-1.4958819E-01
1.2001067E-07,-1.4958819E-01
1.2006067E-07,-1.4964090E-01
1.2011067E-07,-1.4969361E-01
1.2016067E-07,-1.4969361E-01
1.2021067E-07,-1.4974632E-01
1.2026067E-07,-1.4979903E-01
1.2031067E-07,-1.4979903E-01
1.2036067E-07,-1.4985173E-01
1.2041067E-07,-1.4990444E-01
1.2046067E-07,-1.4990444E-01
1.2051067E-07,-1.4995715E-01
1.2056067E-07,-1.4995715E-01
1.2061067E-07,-1.5000986E-01
1.2066067E-07,-1.5000986E-01
1.2071067E-07,-1.5006257E-01
1.2076067E-07,-1.5006257E-01
1.2081067E-07,-1.5006257E-01
1.2086067E-07,-1.5011528E-01
1.2091067E-07,-1.5011528E-01
1.2096067E-07,-1.5011528E-01
1.2101067E-07,-1.5011528E-01
1.2106067E-07,-1.5011528E-01
1.2111067E-07,-1.5006257E-01
1.2116067E-07,-1.5006257E-01
1.2121067E-07,-1.5006257E-01
1.2126067E-07,-1.5000986E-01
1.2131067E-07,-1.5000986E-01
1.2136067E-07,-1.4995715E-01
1.2141067E-07,-1.4995715E-01
1.2146067E-07,-1.4990444E-01
1.2151067E-07,-1.4990444E-01
1.2156067E-07,-1.4985173E-01
1.2161067E-07,-1.4979903E-01
1.2166067E-07,-1.4979903E-01
1.2171067E-07,-1.4974632E-01
1.2176067E-07,-1.4969361E-01
1.2181067E-07,-1.4969361E-01
1.2186067E-07,-1.4964090E-01
1.2191067E-07,-1.4958819E-01
1.2196067E-07,-1.4958819E-01
1.2201067E-07,-1.4953548E-01
1.2206067E-07,-1.4953548E-01
1.2211067E-07,-1.4953548E-01
1.2216067E-07,-1.4948277E-01
1.2221067E-07,-1.4948277E-01
1.2226067E-07,-1.4948277E-01
1.2231067E-07,-1.4948277E-01
1.2236067E-07,-1.4948277E-01
1.2241067E-07,-1.4948277E-01
1.2246067E-07,-1.4948277E-01
1.2251067E-07,-1.4948277E-01
1.2256067E-07,-1.4953548E-01
1.2261067E-07,-1.4953548E-01
1.2266067E-07,-1.4953548E-01
1.2271067E-07,-1.4958819E-01
1.2276067E-07,-1.4958819E-01
1.2281067E-07,-1.4964090E-01
1.2286067E-07,-1.4964090E-01
1.2291067E-07,-1.4964090E-01
1.2296067E-07,-1.4969361E-01
1.2301067E-07,-1.4969361E-01
1.2306067E-07,-1.4969361E-01
1.2311067E-07,-1.4969361E-01
1.2316067E-07,-1.4969361E-01
1.2321067E-07,-1.4969361E-01
1.2326067E-07,-1.4969361E-01
1.2331067E-07,-1.4969361E-01
1.2336067E-07,-1.4969361E-01
1.2341067E-07,-1.4969361E-01
1.2346067E-07,-1.4969361E-01
1.2351067E-07,-1.4964090E-01
1.2356067E-07,-1.4964090E-01
1.2361067E-07,-1.4958819E-01
1.2366067E-07,-1.4958819E-01
1.2371067E-07,-1.4953548E-01
1.2376067E-07,-1.4953548E-01
1.2381067E-07,-1.4948277E-01
1.2386067E-07,-1.4943006E-01
1.2391067E-07,-1.4943006E-01
1.2396067E-07,-1.4937735E-01
1.2401067E-07,-1.4932464E-01
1.2406067E-07,-1.4932464E-01
1.2411067E-07,-1.4927194E-01
1.2416067E-07,-1.4921923E-01
1.2421067E-07,-1.4921923E-01
1.2426067E-07,-1.4916652E-01
1.2431067E-07,-1.4916652E-01
1.2436067E-07,-1.4911381E-01
1.2441067E-07,-1.4911381E-01
1.2446067E-07,-1.4906110E-01
1.2451067E-07,-1.4906110E-01
1.2456067E-07,-1.4906110E-01
1.2461067E-07,-1.4906110E-01
1.2466067E-07,-1.4900839E-01
1.2471067E-07,-1.4900839E-01
1.2476067E-07,-1.4900839E-01
1.2481067E-07,-1.4900839E-01
1.2486067E-07,-1.4900839E-01
1.2491067E-07,-1.4900839E-01
1.2496067E-07,-1.4900839E-01
1.2501067E-07,-1.4900839E-01
1.2506067E-07,-1.4900839E-01
1.2511067E-07,-1.4900839E-01
1.2516067E-07,-1.4900839E-01
1.2521067E-07,-1.4900839E-01
1.2526067E-07,-1.4895568E-01
1.2531067E-07,-1.4895568E-01
1.2536067E-07,-1.4895568E-01
1.2541067E-07,-1.4895568E-01
1.2546067E-07,-1.4895568E-01
1.2551067E-07,-1.4890297E-01
1.2556067E-07,-1.4890297E-01
1.2561067E-07,-1.4890297E-01
1.2566067E-07,-1.4890297E-01
1.2571067E-07,-1.4885026E-01
1.2576067E-07,-1.4885026E-01
1.2581067E-07,-1.4885026E-01
1.2586067E-07,-1.4879755E-01
1.2591067E-07,-1.4879755E-01
1.2596067E-07,-1.4879755E-01
1.2601067E-07,-1.4879755E-01
1.2606067E-07,-1.4874485E-01
1.2611067E-07,-1.4874485E-01
1.2616067E-07,-1.4874485E-01
1.2621067E-07,-1.4874485E-01
1.2626067E-07,-1.4874485E-01
1.2631067E-07,-1.4874485E-01
1.2636067E-07,-1.4874485E-01
1.2641067E-07,-1.4874485E-01
1.2646067E-07,-1.4879755E-01
1.2651067E-07,-1.4879755E-01
1.2656067E-07,-1.4879755E-01
1.2661067E-07,-1.4885026E-01
1.2666067E-07,-1.4885026E-01
1.2671067E-07,-1.4885026E-01
1.2676067E-07,-1.4890297E-01
1.2681067E-07,-1.4890297E-01
1.2686067E-07,-1.4895568E-01
1.2691067E-07,-1.4895568E-01
1.2696067E-07,-1.4900839E-01
1.2701067E-07,-1.4900839E-01
1.2706067E-07,-1.4906110E-01
1.2711067E-07,-1.4906110E-01
1.2716067E-07,-1.4906110E-01
1.2721067E-07,-1.4911381E-01
1.2726067E-07,-1.4911381E-01
1.2731067E-07,-1.4911381E-01
1.2736067E-07,-1.4911381E-01
1.2741067E-07,-1.4911381E-01
1.2746067E-07,-1.4911381E-01
1.2751067E-07,-1.4911381E-01
1.2756067E-07,-1.4911381E-01
1.2761067E-07,-1.4911381E-01
1.2766067E-07,-1.4906110E-01
1.2771067E-07,-1.4906110E-01
1.2776067E-07,-1.4900839E-01
1.2781067E-07,-1.4900839E-01
1.2786067E-07,-1.4895568E-01
1.2791067E-07,-1.4895568E-01
1.2796067E-07,-1.4890297E-01
1.2801067E-07,-1.4885026E-01
1.2806067E-07,-1.4885026E-01
1.2811067E-07,-1.4879755E-01
1.2816067E-07,-1.4874485E-01
1.2821067E-07,-1.4874485E-01
1.2826067E-07,-1.4869214E-01
1.2831067E-07,-1.4863943E-01
1.2836067E-07,-1.4863943E-01
1.2841067E-07,-1.4858672E-01
1.2846067E-07,-1.4858672E-01
1.2851067E-07,-1.4853401E-01
1.2856067E-07,-1.4853401E-01
1.2861067E-07,-1.4848130E-01
1.2866067E-07,-1.4848130E-01
1.2871067E-07,-1.4848130E-01
