-7.139418E-08,-1.4911381E-01
-7.134418E-08,-1.4911381E-01
-7.129418E-08,-1.4906110E-01
-7.124418E-08,-1.4906110E-01
-7.119418E-08,-1.4906110E-01
-7.114418E-08,-1.4906110E-01
-7.109418E-08,-1.4906110E-01
-7.104418E-08,-1.4906110E-01
-7.099418E-08,-1.4911381E-01
-7.094418E-08,-1.4911381E-01
-7.089418E-08,-1.4911381E-01
-7.084418E-08,-1.4911381E-01
-7.079418E-08,-1.4916652E-01
-7.074418E-08,-1.4916652E-01
-7.069418E-08,-1.4916652E-01
-7.064418E-08,-1.4921923E-01
-7.059418E-08,-1.4921923E-01
-7.054418E-08,-1.4927194E-01
-7.049418E-08,-1.4927194E-01
-7.044418E-08,-1.4927194E-01
-7.039418E-08,-1.4932464E-01
-7.034418E-08,-1.4932464E-01
-7.029418E-08,-1.4937735E-01
-7.024418E-08,-1.4937735E-01
-7.019418E-08,-1.4943006E-01
-7.014418E-08,-1.4943006E-01
-7.009418E-08,-1.4948277E-01
-7.004418E-08,-1.4948277E-01
-6.999418E-08,-1.4953548E-01
-6.994418E-08,-1.4953548E-01
-6.989418E-08,-1.4958819E-01
-6.984418E-08,-1.4958819E-01
-6.979418E-08,-1.4964090E-01
-6.974418E-08,-1.4964090E-01
-6.969418E-08,-1.4969361E-01
-6.964418E-08,-1.4969361E-01
-6.959418E-08,-1.4974632E-01
-6.954418E-08,-1.4974632E-01
-6.949418E-08,-1.4979903E-01
-6.944418E-08,-1.4979903E-01
-6.939418E-08,-1.4985173E-01
-6.934418E-08,-1.4990444E-01
-6.929418E-08,-1.4990444E-01
-6.924418E-08,-1.4995715E-01
-6.919418E-08,-1.4995715E-01
-6.914418E-08,-1.5000986E-01
-6.909418E-08,-1.5006257E-01
-6.904418E-08,-1.5006257E-01
-6.899418E-08,-1.5011528E-01
-6.894418E-08,-1.5011528E-01
-6.889418E-08,-1.5016799E-01
-6.884418E-08,-1.5016799E-01
-6.879418E-08,-1.5022070E-01
-6.874418E-08,-1.5022070E-01
-6.869418E-08,-1.5022070E-01
-6.864418E-08,-1.5027341E-01
-6.859418E-08,-1.5027341E-01
-6.854418E-08,-1.5027341E-01
-6.849418E-08,-1.5027341E-01
-6.844418E-08,-1.5027341E-01
-6.839418E-08,-1.5027341E-01
-6.834418E-08,-1.5027341E-01
-6.829418E-08,-1.5027341E-01
-6.824418E-08,-1.5022070E-01
-6.819418E-08,-1.5022070E-01
-6.814418E-08,-1.5022070E-01
-6.809418E-08,-1.5016799E-01
-6.804418E-08,-1.5016799E-01
-6.799418E-08,-1.5011528E-01
-6.794418E-08,-1.5006257E-01
-6.789418E-08,-1.5006257E-01
-6.784418E-08,-1.5000986E-01
-6.779418E-08,-1.4995715E-01
-6.774418E-08,-1.4990444E-01
-6.769418E-08,-1.4985173E-01
-6.764418E-08,-1.4979903E-01
-6.759418E-08,-1.4979903E-01
-6.754418E-08,-1.4974632E-01
-6.749418E-08,-1.4969361E-01
-6.744418E-08,-1.4964090E-01
-6.739418E-08,-1.4958819E-01
-6.734418E-08,-1.4953548E-01
-6.729418E-08,-1.4948277E-01
-6.724418E-08,-1.4943006E-01
-6.719418E-08,-1.4943006E-01
-6.714418E-08,-1.4937735E-01
-6.709418E-08,-1.4932464E-01
-6.704418E-08,-1.4927194E-01
-6.699418E-08,-1.4927194E-01
-6.694418E-08,-1.4921923E-01
-6.689418E-08,-1.4921923E-01
-6.684418E-08,-1.4916652E-01
-6.679418E-08,-1.4916652E-01
-6.674418E-08,-1.4916652E-01
-6.669418E-08,-1.4911381E-01
-6.664418E-08,-1.4911381E-01
-6.659418E-08,-1.4911381E-01
-6.654418E-08,-1.4911381E-01
-6.649418E-08,-1.4911381E-01
-6.644418E-08,-1.4911381E-01
-6.639418E-08,-1.4911381E-01
-6.634418E-08,-1.4911381E-01
-6.629418E-08,-1.4911381E-01
-6.624418E-08,-1.4916652E-01
-6.619418E-08,-1.4916652E-01
-6.614418E-08,-1.4916652E-01
-6.609418E-08,-1.4916652E-01
-6.604418E-08,-1.4916652E-01
-6.599418E-08,-1.4921923E-01
-6.594418E-08,-1.4921923E-01
-6.589418E-08,-1.4921923E-01
-6.584418E-08,-1.4921923E-01
-6.579418E-08,-1.4921923E-01
-6.574418E-08,-1.4921923E-01
-6.569418E-08,-1.4921923E-01
-6.564418E-08,-1.4921923E-01
-6.559418E-08,-1.4921923E-01
-6.554418E-08,-1.4921923E-01
-6.549418E-08,-1.4921923E-01
-6.544418E-08,-1.4921923E-01
-6.539418E-08,-1.4921923E-01
-6.534418E-08,-1.4916652E-01
-6.529418E-08,-1.4916652E-01
-6.524418E-08,-1.4916652E-01
-6.519418E-08,-1.4911381E-01
-6.514418E-08,-1.4911381E-01
-6.509418E-08,-1.4906110E-01
-6.504418E-08,-1.4906110E-01
-6.499418E-08,-1.4900839E-01
-6.494418E-08,-1.4900839E-01
-6.489418E-08,-1.4895568E-01
-6.484418E-08,-1.4890297E-01
-6.479418E-08,-1.4890297E-01
-6.474418E-08,-1.4885026E-01
-6.469418E-08,-1.4885026E-01
-6.464418E-08,-1.4879755E-01
-6.459418E-08,-1.4879755E-01
-6.454418E-08,-1.4874485E-01
-6.449418E-08,-1.4874485E-01
-6.444418E-08,-1.4874485E-01
-6.439418E-08,-1.4869214E-01
-6.434418E-08,-1.4869214E-01
-6.429418E-08,-1.4869214E-01
-6.424418E-08,-1.4869214E-01
-6.419418E-08,-1.4869214E-01
-6.414418E-08,-1.4869214E-01
-6.409418E-08,-1.4869214E-01
-6.404418E-08,-1.4869214E-01
-6.399418E-08,-1.4869214E-01
-6.394418E-08,-1.4874485E-01
-6.389418E-08,-1.4874485E-01
-6.384418E-08,-1.4874485E-01
-6.379418E-08,-1.4879755E-01
-6.374418E-08,-1.4879755E-01
-6.369418E-08,-1.4885026E-01
-6.364418E-08,-1.4885026E-01
-6.359418E-08,-1.4890297E-01
-6.354418E-08,-1.4895568E-01
-6.349418E-08,-1.4895568E-01
-6.344418E-08,-1.4900839E-01
-6.339418E-08,-1.4906110E-01
-6.334418E-08,-1.4906110E-01
-6.329418E-08,-1.4911381E-01
-6.324418E-08,-1.4911381E-01
-6.319418E-08,-1.4916652E-01
-6.314418E-08,-1.4921923E-01
-6.309418E-08,-1.4921923E-01
-6.304418E-08,-1.4921923E-01
-6.299418E-08,-1.4927194E-01
-6.294418E-08,-1.4927194E-01
-6.289418E-08,-1.4932464E-01
-6.284418E-08,-1.4932464E-01
-6.279418E-08,-1.4932464E-01
-6.274418E-08,-1.4932464E-01
-6.269418E-08,-1.4932464E-01
-6.264418E-08,-1.4932464E-01
-6.259418E-08,-1.4932464E-01
-6.254418E-08,-1.4932464E-01
-6.249418E-08,-1.4932464E-01
-6.244418E-08,-1.4927194E-01
-6.239418E-08,-1.4927194E-01
-6.234418E-08,-1.4927194E-01
-6.229418E-08,-1.4927194E-01
-6.224418E-08,-1.4921923E-01
-6.219418E-08,-1.4921923E-01
-6.214418E-08,-1.4916652E-01
-6.209418E-08,-1.4916652E-01
-6.204418E-08,-1.4916652E-01
-6.199418E-08,-1.4911381E-01
-6.194418E-08,-1.4911381E-01
-6.189418E-08,-1.4911381E-01
-6.184418E-08,-1.4906110E-01
-6.179418E-08,-1.4906110E-01
-6.174418E-08,-1.4906110E-01
-6.169418E-08,-1.4906110E-01
-6.164418E-08,-1.4906110E-01
-6.159418E-08,-1.4900839E-01
-6.154418E-08,-1.4900839E-01
-6.149418E-08,-1.4900839E-01
-6.144418E-08,-1.4900839E-01
-6.139418E-08,-1.4906110E-01
-6.134418E-08,-1.4906110E-01
-6.129418E-08,-1.4906110E-01
-6.124418E-08,-1.4906110E-01
-6.119418E-08,-1.4906110E-01
-6.114418E-08,-1.4911381E-01
-6.109418E-08,-1.4911381E-01
-6.104418E-08,-1.4911381E-01
-6.099418E-08,-1.4916652E-01
-6.094418E-08,-1.4916652E-01
-6.089418E-08,-1.4921923E-01
-6.084418E-08,-1.4921923E-01
-6.079418E-08,-1.4921923E-01
-6.074418E-08,-1.4927194E-01
-6.069418E-08,-1.4927194E-01
-6.064418E-08,-1.4927194E-01
-6.059418E-08,-1.4932464E-01
-6.054418E-08,-1.4932464E-01
-6.049418E-08,-1.4932464E-01
-6.044418E-08,-1.4937735E-01
-6.039418E-08,-1.4937735E-01
-6.034418E-08,-1.4937735E-01
-6.029418E-08,-1.4937735E-01
-6.024418E-08,-1.4937735E-01
-6.019418E-08,-1.4937735E-01
-6.014418E-08,-1.4937735E-01
-6.009418E-08,-1.4943006E-01
-6.004418E-08,-1.4943006E-01
-5.999418E-08,-1.4943006E-01
-5.994418E-08,-1.4943006E-01
-5.989418E-08,-1.4943006E-01
-5.984418E-08,-1.4943006E-01
-5.979418E-08,-1.4943006E-01
-5.974418E-08,-1.4943006E-01
-5.969418E-08,-1.4943006E-01
-5.964418E-08,-1.4943006E-01
-5.959418E-08,-1.4943006E-01
-5.954418E-08,-1.4943006E-01
-5.949418E-08,-1.4943006E-01
-5.944418E-08,-1.4943006E-01
-5.939418E-08,-1.4943006E-01
-5.934418E-08,-1.4943006E-01
-5.929418E-08,-1.4943006E-01
-5.924418E-08,-1.4948277E-01
-5.919418E-08,-1.4948277E-01
-5.914418E-08,-1.4948277E-01
-5.909418E-08,-1.4948277E-01
-5.904418E-08,-1.4948277E-01
-5.899418E-08,-1.4948277E-01
-5.894418E-08,-1.4948277E-01
-5.889418E-08,-1.4953548E-01
-5.884418E-08,-1.4953548E-01
-5.879418E-08,-1.4953548E-01
-5.874418E-08,-1.4953548E-01
-5.869418E-08,-1.4953548E-01
-5.864418E-08,-1.4953548E-01
-5.859418E-08,-1.4953548E-01
-5.854418E-08,-1.4953548E-01
-5.849418E-08,-1.4948277E-01
-5.844418E-08,-1.4948277E-01
-5.839418E-08,-1.4948277E-01
-5.834418E-08,-1.4948277E-01
-5.829418E-08,-1.4943006E-01
-5.824418E-08,-1.4943006E-01
-5.819418E-08,-1.4937735E-01
-5.814418E-08,-1.4937735E-01
-5.809418E-08,-1.4937735E-01
-5.804418E-08,-1.4932464E-01
-5.799418E-08,-1.4932464E-01
-5.794418E-08,-1.4927194E-01
-5.789418E-08,-1.4927194E-01
-5.784418E-08,-1.4921923E-01
-5.779418E-08,-1.4921923E-01
-5.774418E-08,-1.4916652E-01
-5.769418E-08,-1.4916652E-01
-5.764418E-08,-1.4916652E-01
-5.759418E-08,-1.4911381E-01
-5.754418E-08,-1.4911381E-01
-5.749418E-08,-1.4911381E-01
-5.744418E-08,-1.4911381E-01
-5.739418E-08,-1.4911381E-01
-5.734418E-08,-1.4911381E-01
-5.729418E-08,-1.4911381E-01
-5.724418E-08,-1.4911381E-01
-5.719418E-08,-1.4911381E-01
-5.714418E-08,-1.4911381E-01
-5.709418E-08,-1.4911381E-01
-5.704418E-08,-1.4911381E-01
-5.699418E-08,-1.4911381E-01
-5.694418E-08,-1.4916652E-01
-5.689418E-08,-1.4916652E-01
-5.684418E-08,-1.4916652E-01
-5.679418E-08,-1.4916652E-01
-5.674418E-08,-1.4921923E-01
-5.669418E-08,-1.4921923E-01
-5.664418E-08,-1.4921923E-01
-5.659418E-08,-1.4921923E-01
-5.654418E-08,-1.4927194E-01
-5.649418E-08,-1.4927194E-01
-5.644418E-08,-1.4927194E-01
-5.639418E-08,-1.4927194E-01
-5.634418E-08,-1.4927194E-01
-5.629418E-08,-1.4927194E-01
-5.624418E-08,-1.4927194E-01
-5.619418E-08,-1.4927194E-01
-5.614418E-08,-1.4921923E-01
-5.609418E-08,-1.4921923E-01
-5.604418E-08,-1.4921923E-01
-5.599418E-08,-1.4916652E-01
-5.594418E-08,-1.4916652E-01
-5.589418E-08,-1.4916652E-01
-5.584418E-08,-1.4911381E-01
-5.579418E-08,-1.4911381E-01
-5.574418E-08,-1.4906110E-01
-5.569418E-08,-1.4900839E-01
-5.564418E-08,-1.4900839E-01
-5.559418E-08,-1.4895568E-01
-5.554418E-08,-1.4895568E-01
-5.549418E-08,-1.4890297E-01
-5.544418E-08,-1.4890297E-01
-5.539418E-08,-1.4885026E-01
-5.534418E-08,-1.4885026E-01
-5.529418E-08,-1.4879755E-01
-5.524418E-08,-1.4879755E-01
-5.519418E-08,-1.4879755E-01
-5.514418E-08,-1.4874485E-01
-5.509418E-08,-1.4874485E-01
-5.504418E-08,-1.4874485E-01
-5.499418E-08,-1.4874485E-01
-5.494418E-08,-1.4874485E-01
-5.489418E-08,-1.4874485E-01
-5.484418E-08,-1.4874485E-01
-5.479418E-08,-1.4874485E-01
-5.474418E-08,-1.4874485E-01
-5.469418E-08,-1.4874485E-01
-5.464418E-08,-1.4874485E-01
-5.459418E-08,-1.4874485E-01
-5.454418E-08,-1.4879755E-01
-5.449418E-08,-1.4879755E-01
-5.444418E-08,-1.4879755E-01
-5.439418E-08,-1.4885026E-01
-5.434418E-08,-1.4885026E-01
-5.429418E-08,-1.4890297E-01
-5.424418E-08,-1.4890297E-01
-5.419418E-08,-1.4890297E-01
-5.414418E-08,-1.4895568E-01
-5.409418E-08,-1.4895568E-01
-5.404418E-08,-1.4900839E-01
-5.399418E-08,-1.4900839E-01
-5.394418E-08,-1.4906110E-01
-5.389418E-08,-1.4906110E-01
-5.384418E-08,-1.4906110E-01
-5.379418E-08,-1.4911381E-01
-5.374418E-08,-1.4911381E-01
-5.369418E-08,-1.4916652E-01
-5.364418E-08,-1.4916652E-01
-5.359418E-08,-1.4916652E-01
-5.354418E-08,-1.4916652E-01
-5.349418E-08,-1.4921923E-01
-5.344418E-08,-1.4921923E-01
-5.339418E-08,-1.4921923E-01
-5.334418E-08,-1.4921923E-01
-5.329418E-08,-1.4921923E-01
-5.324418E-08,-1.4921923E-01
-5.319418E-08,-1.4921923E-01
-5.314418E-08,-1.4921923E-01
-5.309418E-08,-1.4921923E-01
-5.304418E-08,-1.4921923E-01
-5.299418E-08,-1.4921923E-01
-5.294418E-08,-1.4921923E-01
-5.289418E-08,-1.4916652E-01
-5.284418E-08,-1.4916652E-01
-5.279418E-08,-1.4916652E-01
-5.274418E-08,-1.4911381E-01
-5.269418E-08,-1.4911381E-01
-5.264418E-08,-1.4906110E-01
-5.259418E-08,-1.4906110E-01
-5.254418E-08,-1.4900839E-01
-5.249418E-08,-1.4900839E-01
-5.244418E-08,-1.4895568E-01
-5.239418E-08,-1.4890297E-01
-5.234418E-08,-1.4890297E-01
-5.229418E-08,-1.4885026E-01
-5.224418E-08,-1.4879755E-01
-5.219418E-08,-1.4879755E-01
-5.214418E-08,-1.4874485E-01
-5.209418E-08,-1.4874485E-01
-5.204418E-08,-1.4869214E-01
-5.199418E-08,-1.4869214E-01
-5.194418E-08,-1.4863943E-01
-5.189418E-08,-1.4863943E-01
-5.184418E-08,-1.4858672E-01
-5.179418E-08,-1.4858672E-01
-5.174418E-08,-1.4858672E-01
-5.169418E-08,-1.4858672E-01
-5.164418E-08,-1.4853401E-01
-5.159418E-08,-1.4853401E-01
-5.154418E-08,-1.4853401E-01
-5.149418E-08,-1.4853401E-01
-5.144418E-08,-1.4858672E-01
-5.139418E-08,-1.4858672E-01
-5.134418E-08,-1.4858672E-01
-5.129418E-08,-1.4858672E-01
-5.124418E-08,-1.4863943E-01
-5.119418E-08,-1.4863943E-01
-5.114418E-08,-1.4863943E-01
-5.109418E-08,-1.4869214E-01
-5.104418E-08,-1.4869214E-01
-5.099418E-08,-1.4874485E-01
-5.094418E-08,-1.4874485E-01
-5.089418E-08,-1.4874485E-01
-5.084418E-08,-1.4879755E-01
-5.079418E-08,-1.4879755E-01
-5.074418E-08,-1.4885026E-01
-5.069418E-08,-1.4885026E-01
-5.064418E-08,-1.4885026E-01
-5.059418E-08,-1.4890297E-01
-5.054418E-08,-1.4890297E-01
-5.049418E-08,-1.4890297E-01
-5.044418E-08,-1.4890297E-01
-5.039418E-08,-1.4890297E-01
-5.034418E-08,-1.4890297E-01
-5.029418E-08,-1.4895568E-01
-5.024418E-08,-1.4895568E-01
-5.019418E-08,-1.4895568E-01
-5.014418E-08,-1.4895568E-01
-5.009418E-08,-1.4895568E-01
-5.004418E-08,-1.4895568E-01
-4.999418E-08,-1.4895568E-01
-4.994418E-08,-1.4895568E-01
-4.989418E-08,-1.4895568E-01
-4.984418E-08,-1.4895568E-01
-4.979418E-08,-1.4895568E-01
-4.974418E-08,-1.4895568E-01
-4.969418E-08,-1.4895568E-01
-4.964418E-08,-1.4900839E-01
-4.959418E-08,-1.4900839E-01
-4.954418E-08,-1.4900839E-01
-4.949418E-08,-1.4900839E-01
-4.944418E-08,-1.4906110E-01
-4.939418E-08,-1.4906110E-01
-4.934418E-08,-1.4906110E-01
-4.929418E-08,-1.4911381E-01
-4.924418E-08,-1.4911381E-01
-4.919418E-08,-1.4916652E-01
-4.914418E-08,-1.4916652E-01
-4.909418E-08,-1.4921923E-01
-4.904418E-08,-1.4921923E-01
-4.899418E-08,-1.4927194E-01
-4.894418E-08,-1.4927194E-01
-4.889418E-08,-1.4927194E-01
-4.884418E-08,-1.4932464E-01
-4.879418E-08,-1.4932464E-01
-4.874418E-08,-1.4932464E-01
-4.869418E-08,-1.4937735E-01
-4.864418E-08,-1.4937735E-01
-4.859418E-08,-1.4937735E-01
-4.854418E-08,-1.4937735E-01
-4.849418E-08,-1.4937735E-01
-4.844418E-08,-1.4937735E-01
-4.839418E-08,-1.4932464E-01
-4.834418E-08,-1.4932464E-01
-4.829418E-08,-1.4932464E-01
-4.824418E-08,-1.4927194E-01
-4.819418E-08,-1.4927194E-01
-4.814418E-08,-1.4927194E-01
-4.809418E-08,-1.4921923E-01
-4.804418E-08,-1.4921923E-01
-4.799418E-08,-1.4916652E-01
-4.794418E-08,-1.4916652E-01
-4.789418E-08,-1.4911381E-01
-4.784418E-08,-1.4911381E-01
-4.779418E-08,-1.4906110E-01
-4.774418E-08,-1.4906110E-01
-4.769418E-08,-1.4906110E-01
-4.764418E-08,-1.4900839E-01
-4.759418E-08,-1.4900839E-01
-4.754418E-08,-1.4900839E-01
-4.749418E-08,-1.4900839E-01
-4.744418E-08,-1.4900839E-01
-4.739418E-08,-1.4900839E-01
-4.734418E-08,-1.4900839E-01
-4.729418E-08,-1.4900839E-01
-4.724418E-08,-1.4900839E-01
-4.719418E-08,-1.4900839E-01
-4.714418E-08,-1.4900839E-01
-4.709418E-08,-1.4906110E-01
-4.704418E-08,-1.4906110E-01
-4.699418E-08,-1.4906110E-01
-4.694418E-08,-1.4911381E-01
-4.689418E-08,-1.4911381E-01
-4.684418E-08,-1.4916652E-01
-4.679418E-08,-1.4916652E-01
-4.674418E-08,-1.4916652E-01
-4.669418E-08,-1.4921923E-01
-4.664418E-08,-1.4921923E-01
-4.659418E-08,-1.4921923E-01
-4.654418E-08,-1.4921923E-01
-4.649418E-08,-1.4927194E-01
-4.644418E-08,-1.4927194E-01
-4.639418E-08,-1.4927194E-01
-4.634418E-08,-1.4927194E-01
-4.629418E-08,-1.4927194E-01
-4.624418E-08,-1.4921923E-01
-4.619418E-08,-1.4921923E-01
-4.614418E-08,-1.4921923E-01
-4.609418E-08,-1.4921923E-01
-4.604418E-08,-1.4916652E-01
-4.599418E-08,-1.4916652E-01
-4.594418E-08,-1.4916652E-01
-4.589418E-08,-1.4911381E-01
-4.584418E-08,-1.4911381E-01
-4.579418E-08,-1.4911381E-01
-4.574418E-08,-1.4906110E-01
-4.569418E-08,-1.4906110E-01
-4.564418E-08,-1.4906110E-01
-4.559418E-08,-1.4900839E-01
-4.554418E-08,-1.4900839E-01
-4.549418E-08,-1.4900839E-01
-4.544418E-08,-1.4900839E-01
-4.539418E-08,-1.4900839E-01
-4.534418E-08,-1.4900839E-01
-4.529418E-08,-1.4900839E-01
-4.524418E-08,-1.4900839E-01
-4.519418E-08,-1.4900839E-01
-4.514418E-08,-1.4906110E-01
-4.509418E-08,-1.4906110E-01
-4.504418E-08,-1.4906110E-01
-4.499418E-08,-1.4911381E-01
-4.494418E-08,-1.4911381E-01
-4.489418E-08,-1.4911381E-01
-4.484418E-08,-1.4916652E-01
-4.479418E-08,-1.4916652E-01
-4.474418E-08,-1.4921923E-01
-4.469418E-08,-1.4921923E-01
-4.464418E-08,-1.4921923E-01
-4.459418E-08,-1.4927194E-01
-4.454418E-08,-1.4927194E-01
-4.449418E-08,-1.4927194E-01
-4.444418E-08,-1.4927194E-01
-4.439418E-08,-1.4927194E-01
-4.434418E-08,-1.4927194E-01
-4.429418E-08,-1.4927194E-01
-4.424418E-08,-1.4927194E-01
-4.419418E-08,-1.4927194E-01
-4.414418E-08,-1.4921923E-01
-4.409418E-08,-1.4921923E-01
-4.404418E-08,-1.4921923E-01
-4.399418E-08,-1.4916652E-01
-4.394418E-08,-1.4916652E-01
-4.389418E-08,-1.4911381E-01
-4.384418E-08,-1.4906110E-01
-4.379418E-08,-1.4906110E-01
-4.374418E-08,-1.4900839E-01
-4.369418E-08,-1.4895568E-01
-4.364418E-08,-1.4895568E-01
-4.359418E-08,-1.4890297E-01
-4.354418E-08,-1.4885026E-01
-4.349418E-08,-1.4885026E-01
-4.344418E-08,-1.4879755E-01
-4.339418E-08,-1.4879755E-01
-4.334418E-08,-1.4879755E-01
-4.329418E-08,-1.4874485E-01
-4.324418E-08,-1.4874485E-01
-4.319418E-08,-1.4874485E-01
-4.314418E-08,-1.4874485E-01
-4.309418E-08,-1.4874485E-01
-4.304418E-08,-1.4879755E-01
-4.299418E-08,-1.4879755E-01
-4.294418E-08,-1.4879755E-01
-4.289418E-08,-1.4885026E-01
-4.284418E-08,-1.4885026E-01
-4.279418E-08,-1.4890297E-01
-4.274418E-08,-1.4895568E-01
-4.269418E-08,-1.4895568E-01
-4.264418E-08,-1.4900839E-01
-4.259418E-08,-1.4906110E-01
-4.254418E-08,-1.4911381E-01
-4.249418E-08,-1.4916652E-01
-4.244418E-08,-1.4916652E-01
-4.239418E-08,-1.4921923E-01
-4.234418E-08,-1.4927194E-01
-4.229418E-08,-1.4932464E-01
-4.224418E-08,-1.4937735E-01
-4.219418E-08,-1.4937735E-01
-4.214418E-08,-1.4943006E-01
-4.209418E-08,-1.4943006E-01
-4.204418E-08,-1.4948277E-01
-4.199418E-08,-1.4948277E-01
-4.194418E-08,-1.4953548E-01
-4.189418E-08,-1.4953548E-01
-4.184418E-08,-1.4953548E-01
-4.179418E-08,-1.4953548E-01
-4.174418E-08,-1.4953548E-01
-4.169418E-08,-1.4953548E-01
-4.164418E-08,-1.4953548E-01
-4.159418E-08,-1.4953548E-01
-4.154418E-08,-1.4953548E-01
-4.149418E-08,-1.4953548E-01
-4.144418E-08,-1.4953548E-01
-4.139418E-08,-1.4953548E-01
-4.134418E-08,-1.4953548E-01
-4.129418E-08,-1.4948277E-01
-4.124418E-08,-1.4948277E-01
-4.119418E-08,-1.4948277E-01
-4.114418E-08,-1.4948277E-01
-4.109418E-08,-1.4948277E-01
-4.104418E-08,-1.4948277E-01
-4.099418E-08,-1.4948277E-01
-4.094418E-08,-1.4948277E-01
-4.089418E-08,-1.4948277E-01
-4.084418E-08,-1.4948277E-01
-4.079418E-08,-1.4948277E-01
-4.074418E-08,-1.4948277E-01
-4.069418E-08,-1.4948277E-01
-4.064418E-08,-1.4953548E-01
-4.059418E-08,-1.4953548E-01
-4.054418E-08,-1.4953548E-01
-4.049418E-08,-1.4953548E-01
-4.044418E-08,-1.4958819E-01
-4.039418E-08,-1.4958819E-01
-4.034418E-08,-1.4958819E-01
-4.029418E-08,-1.4958819E-01
-4.024418E-08,-1.4958819E-01
-4.019418E-08,-1.4964090E-01
-4.014418E-08,-1.4964090E-01
-4.009418E-08,-1.4964090E-01
-4.004418E-08,-1.4964090E-01
-3.999418E-08,-1.4964090E-01
-3.994418E-08,-1.4964090E-01
-3.989418E-08,-1.4964090E-01
-3.984418E-08,-1.4964090E-01
-3.979418E-08,-1.4964090E-01
-3.974418E-08,-1.4964090E-01
-3.969418E-08,-1.4964090E-01
-3.964418E-08,-1.4964090E-01
-3.959418E-08,-1.4964090E-01
-3.954418E-08,-1.4964090E-01
-3.949418E-08,-1.4958819E-01
-3.944418E-08,-1.4958819E-01
-3.939418E-08,-1.4958819E-01
-3.934418E-08,-1.4958819E-01
-3.929418E-08,-1.4953548E-01
-3.924418E-08,-1.4953548E-01
-3.919418E-08,-1.4953548E-01
-3.914418E-08,-1.4953548E-01
-3.909418E-08,-1.4948277E-01
-3.904418E-08,-1.4948277E-01
-3.899418E-08,-1.4948277E-01
-3.894418E-08,-1.4943006E-01
-3.889418E-08,-1.4943006E-01
-3.884418E-08,-1.4943006E-01
-3.879418E-08,-1.4937735E-01
-3.874418E-08,-1.4937735E-01
-3.869418E-08,-1.4937735E-01
-3.864418E-08,-1.4932464E-01
-3.859418E-08,-1.4932464E-01
-3.854418E-08,-1.4932464E-01
-3.849418E-08,-1.4927194E-01
-3.844418E-08,-1.4927194E-01
-3.839418E-08,-1.4927194E-01
-3.834418E-08,-1.4921923E-01
-3.829418E-08,-1.4921923E-01
-3.824418E-08,-1.4916652E-01
-3.819418E-08,-1.4916652E-01
-3.814418E-08,-1.4911381E-01
-3.809418E-08,-1.4911381E-01
-3.804418E-08,-1.4906110E-01
-3.799418E-08,-1.4900839E-01
-3.794418E-08,-1.4900839E-01
-3.789418E-08,-1.4895568E-01
-3.784418E-08,-1.4895568E-01
-3.779418E-08,-1.4890297E-01
-3.774418E-08,-1.4885026E-01
-3.769418E-08,-1.4885026E-01
-3.764418E-08,-1.4879755E-01
-3.759418E-08,-1.4874485E-01
-3.754418E-08,-1.4874485E-01
-3.749418E-08,-1.4869214E-01
-3.744418E-08,-1.4869214E-01
-3.739418E-08,-1.4863943E-01
-3.734418E-08,-1.4863943E-01
-3.729418E-08,-1.4858672E-01
-3.724418E-08,-1.4858672E-01
-3.719418E-08,-1.4858672E-01
-3.714418E-08,-1.4853401E-01
-3.709418E-08,-1.4853401E-01
-3.704418E-08,-1.4853401E-01
-3.699418E-08,-1.4853401E-01
-3.694418E-08,-1.4853401E-01
-3.689418E-08,-1.4853401E-01
-3.684418E-08,-1.4858672E-01
-3.679418E-08,-1.4858672E-01
-3.674418E-08,-1.4858672E-01
-3.669418E-08,-1.4863943E-01
-3.664418E-08,-1.4863943E-01
-3.659418E-08,-1.4869214E-01
-3.654418E-08,-1.4869214E-01
-3.649418E-08,-1.4874485E-01
-3.644418E-08,-1.4874485E-01
-3.639418E-08,-1.4879755E-01
-3.634418E-08,-1.4885026E-01
-3.629418E-08,-1.4885026E-01
-3.624418E-08,-1.4890297E-01
-3.619418E-08,-1.4895568E-01
-3.614418E-08,-1.4895568E-01
-3.609418E-08,-1.4900839E-01
-3.604418E-08,-1.4906110E-01
-3.599418E-08,-1.4906110E-01
-3.594418E-08,-1.4906110E-01
-3.589418E-08,-1.4911381E-01
-3.584418E-08,-1.4911381E-01
-3.579418E-08,-1.4911381E-01
-3.574418E-08,-1.4911381E-01
-3.569418E-08,-1.4911381E-01
-3.564418E-08,-1.4911381E-01
-3.559418E-08,-1.4911381E-01
-3.554418E-08,-1.4911381E-01
-3.549418E-08,-1.4911381E-01
-3.544418E-08,-1.4906110E-01
-3.539418E-08,-1.4906110E-01
-3.534418E-08,-1.4900839E-01
-3.529418E-08,-1.4900839E-01
-3.524418E-08,-1.4895568E-01
-3.519418E-08,-1.4890297E-01
-3.514418E-08,-1.4885026E-01
-3.509418E-08,-1.4885026E-01
-3.504418E-08,-1.4879755E-01
-3.499418E-08,-1.4874485E-01
-3.494418E-08,-1.4869214E-01
-3.489418E-08,-1.4863943E-01
-3.484418E-08,-1.4863943E-01
-3.479418E-08,-1.4858672E-01
-3.474418E-08,-1.4853401E-01
-3.469418E-08,-1.4853401E-01
-3.464418E-08,-1.4848130E-01
-3.459418E-08,-1.4848130E-01
-3.454418E-08,-1.4842859E-01
-3.449418E-08,-1.4842859E-01
-3.444418E-08,-1.4842859E-01
-3.439418E-08,-1.4842859E-01
-3.434418E-08,-1.4842859E-01
-3.429418E-08,-1.4842859E-01
-3.424418E-08,-1.4848130E-01
-3.419418E-08,-1.4848130E-01
-3.414418E-08,-1.4853401E-01
-3.409418E-08,-1.4858672E-01
-3.404418E-08,-1.4858672E-01
-3.399418E-08,-1.4863943E-01
-3.394418E-08,-1.4869214E-01
-3.389418E-08,-1.4874485E-01
-3.384418E-08,-1.4885026E-01
-3.379418E-08,-1.4890297E-01
-3.374418E-08,-1.4895568E-01
-3.369418E-08,-1.4900839E-01
-3.364418E-08,-1.4911381E-01
-3.359418E-08,-1.4916652E-01
-3.354418E-08,-1.4921923E-01
-3.349418E-08,-1.4927194E-01
-3.344418E-08,-1.4937735E-01
-3.339418E-08,-1.4943006E-01
-3.334418E-08,-1.4948277E-01
-3.329418E-08,-1.4953548E-01
-3.324418E-08,-1.4958819E-01
-3.319418E-08,-1.4964090E-01
-3.314418E-08,-1.4969361E-01
-3.309418E-08,-1.4969361E-01
-3.304418E-08,-1.4974632E-01
-3.299418E-08,-1.4974632E-01
-3.294418E-08,-1.4979903E-01
-3.289418E-08,-1.4979903E-01
-3.284418E-08,-1.4979903E-01
-3.279418E-08,-1.4979903E-01
-3.274418E-08,-1.4979903E-01
-3.269418E-08,-1.4979903E-01
-3.264418E-08,-1.4979903E-01
-3.259418E-08,-1.4979903E-01
-3.254418E-08,-1.4974632E-01
-3.249418E-08,-1.4974632E-01
-3.244418E-08,-1.4969361E-01
-3.239418E-08,-1.4969361E-01
-3.234418E-08,-1.4964090E-01
-3.229418E-08,-1.4958819E-01
-3.224418E-08,-1.4958819E-01
-3.219418E-08,-1.4953548E-01
-3.214418E-08,-1.4948277E-01
-3.209418E-08,-1.4948277E-01
-3.204418E-08,-1.4943006E-01
-3.199418E-08,-1.4937735E-01
-3.194418E-08,-1.4937735E-01
-3.189418E-08,-1.4932464E-01
-3.184418E-08,-1.4932464E-01
-3.179418E-08,-1.4927194E-01
-3.174418E-08,-1.4927194E-01
-3.169418E-08,-1.4927194E-01
-3.164418E-08,-1.4921923E-01
-3.159418E-08,-1.4921923E-01
-3.154418E-08,-1.4921923E-01
-3.149418E-08,-1.4921923E-01
-3.144418E-08,-1.4916652E-01
-3.139418E-08,-1.4916652E-01
-3.134418E-08,-1.4916652E-01
-3.129418E-08,-1.4916652E-01
-3.124418E-08,-1.4916652E-01
-3.119418E-08,-1.4916652E-01
-3.114418E-08,-1.4916652E-01
-3.109418E-08,-1.4916652E-01
-3.104418E-08,-1.4916652E-01
-3.099418E-08,-1.4916652E-01
-3.094418E-08,-1.4916652E-01
-3.089418E-08,-1.4916652E-01
-3.084418E-08,-1.4916652E-01
-3.079418E-08,-1.4921923E-01
-3.074418E-08,-1.4921923E-01
-3.069418E-08,-1.4921923E-01
-3.064418E-08,-1.4921923E-01
-3.059418E-08,-1.4921923E-01
-3.054418E-08,-1.4921923E-01
-3.049418E-08,-1.4921923E-01
-3.044418E-08,-1.4921923E-01
-3.039418E-08,-1.4921923E-01
-3.034418E-08,-1.4916652E-01
-3.029418E-08,-1.4916652E-01
-3.024418E-08,-1.4916652E-01
-3.019418E-08,-1.4916652E-01
-3.014418E-08,-1.4916652E-01
-3.009418E-08,-1.4916652E-01
-3.004418E-08,-1.4916652E-01
-2.999418E-08,-1.4916652E-01
-2.994418E-08,-1.4916652E-01
-2.989418E-08,-1.4911381E-01
-2.984418E-08,-1.4911381E-01
-2.979418E-08,-1.4911381E-01
-2.974418E-08,-1.4911381E-01
-2.969418E-08,-1.4911381E-01
-2.964418E-08,-1.4911381E-01
-2.959418E-08,-1.4906110E-01
-2.954418E-08,-1.4906110E-01
-2.949418E-08,-1.4906110E-01
-2.944418E-08,-1.4906110E-01
-2.939418E-08,-1.4906110E-01
-2.934418E-08,-1.4900839E-01
-2.929418E-08,-1.4900839E-01
-2.924418E-08,-1.4900839E-01
-2.919418E-08,-1.4900839E-01
-2.914418E-08,-1.4900839E-01
-2.909418E-08,-1.4895568E-01
-2.904418E-08,-1.4895568E-01
-2.899418E-08,-1.4895568E-01
-2.894418E-08,-1.4895568E-01
-2.889418E-08,-1.4895568E-01
-2.884418E-08,-1.4895568E-01
-2.879418E-08,-1.4890297E-01
-2.874418E-08,-1.4890297E-01
-2.869418E-08,-1.4890297E-01
-2.864418E-08,-1.4890297E-01
-2.859418E-08,-1.4890297E-01
-2.854418E-08,-1.4890297E-01
-2.849418E-08,-1.4890297E-01
-2.844418E-08,-1.4895568E-01
-2.839418E-08,-1.4895568E-01
-2.834418E-08,-1.4895568E-01
-2.829418E-08,-1.4895568E-01
-2.824418E-08,-1.4900839E-01
-2.819418E-08,-1.4900839E-01
-2.814418E-08,-1.4906110E-01
-2.809418E-08,-1.4906110E-01
-2.804418E-08,-1.4911381E-01
-2.799418E-08,-1.4911381E-01
-2.794418E-08,-1.4916652E-01
-2.789418E-08,-1.4921923E-01
-2.784418E-08,-1.4921923E-01
-2.779418E-08,-1.4927194E-01
-2.774418E-08,-1.4932464E-01
-2.769418E-08,-1.4937735E-01
-2.764418E-08,-1.4937735E-01
-2.759418E-08,-1.4943006E-01
-2.754418E-08,-1.4948277E-01
-2.749418E-08,-1.4948277E-01
-2.744418E-08,-1.4953548E-01
-2.739418E-08,-1.4958819E-01
-2.734418E-08,-1.4958819E-01
-2.729418E-08,-1.4964090E-01
-2.724418E-08,-1.4964090E-01
-2.719418E-08,-1.4964090E-01
-2.714418E-08,-1.4969361E-01
-2.709418E-08,-1.4969361E-01
-2.704418E-08,-1.4969361E-01
-2.699418E-08,-1.4969361E-01
-2.694418E-08,-1.4969361E-01
-2.689418E-08,-1.4969361E-01
-2.684418E-08,-1.4964090E-01
-2.679418E-08,-1.4964090E-01
-2.674418E-08,-1.4964090E-01
-2.669418E-08,-1.4958819E-01
-2.664418E-08,-1.4958819E-01
-2.659418E-08,-1.4953548E-01
-2.654418E-08,-1.4953548E-01
-2.649418E-08,-1.4948277E-01
-2.644418E-08,-1.4948277E-01
-2.639418E-08,-1.4943006E-01
-2.634418E-08,-1.4937735E-01
-2.629418E-08,-1.4937735E-01
-2.624418E-08,-1.4932464E-01
-2.619418E-08,-1.4932464E-01
-2.614418E-08,-1.4927194E-01
-2.609418E-08,-1.4927194E-01
-2.604418E-08,-1.4921923E-01
-2.599418E-08,-1.4921923E-01
-2.594418E-08,-1.4921923E-01
-2.589418E-08,-1.4921923E-01
-2.584418E-08,-1.4916652E-01
-2.579418E-08,-1.4916652E-01
-2.574418E-08,-1.4916652E-01
-2.569418E-08,-1.4916652E-01
-2.564418E-08,-1.4916652E-01
-2.559418E-08,-1.4921923E-01
-2.554418E-08,-1.4921923E-01
-2.549418E-08,-1.4921923E-01
-2.544418E-08,-1.4921923E-01
-2.539418E-08,-1.4927194E-01
-2.534418E-08,-1.4927194E-01
-2.529418E-08,-1.4927194E-01
-2.524418E-08,-1.4932464E-01
-2.519418E-08,-1.4932464E-01
-2.514418E-08,-1.4932464E-01
-2.509418E-08,-1.4932464E-01
-2.504418E-08,-1.4937735E-01
-2.499418E-08,-1.4937735E-01
-2.494418E-08,-1.4937735E-01
-2.489418E-08,-1.4937735E-01
-2.484418E-08,-1.4937735E-01
-2.479418E-08,-1.4937735E-01
-2.474418E-08,-1.4943006E-01
-2.469418E-08,-1.4937735E-01
-2.464418E-08,-1.4937735E-01
-2.459418E-08,-1.4937735E-01
-2.454418E-08,-1.4937735E-01
-2.449418E-08,-1.4937735E-01
-2.444418E-08,-1.4937735E-01
-2.439418E-08,-1.4932464E-01
-2.434418E-08,-1.4932464E-01
-2.429418E-08,-1.4932464E-01
-2.424418E-08,-1.4932464E-01
-2.419418E-08,-1.4932464E-01
-2.414418E-08,-1.4927194E-01
-2.409418E-08,-1.4927194E-01
-2.404418E-08,-1.4927194E-01
-2.399418E-08,-1.4927194E-01
-2.394418E-08,-1.4927194E-01
-2.389418E-08,-1.4927194E-01
-2.384418E-08,-1.4927194E-01
-2.379418E-08,-1.4927194E-01
-2.374418E-08,-1.4927194E-01
-2.369418E-08,-1.4927194E-01
-2.364418E-08,-1.4927194E-01
-2.359418E-08,-1.4927194E-01
-2.354418E-08,-1.4932464E-01
-2.349418E-08,-1.4932464E-01
-2.344418E-08,-1.4932464E-01
-2.339418E-08,-1.4937735E-01
-2.334418E-08,-1.4937735E-01
-2.329418E-08,-1.4937735E-01
-2.324418E-08,-1.4943006E-01
-2.319418E-08,-1.4943006E-01
-2.314418E-08,-1.4948277E-01
-2.309418E-08,-1.4948277E-01
-2.304418E-08,-1.4953548E-01
-2.299418E-08,-1.4953548E-01
-2.294418E-08,-1.4958819E-01
-2.289418E-08,-1.4958819E-01
-2.284418E-08,-1.4958819E-01
-2.279418E-08,-1.4958819E-01
-2.274418E-08,-1.4964090E-01
-2.269418E-08,-1.4964090E-01
-2.264418E-08,-1.4964090E-01
-2.259418E-08,-1.4964090E-01
-2.254418E-08,-1.4964090E-01
-2.249418E-08,-1.4964090E-01
-2.244418E-08,-1.4964090E-01
-2.239418E-08,-1.4964090E-01
-2.234418E-08,-1.4964090E-01
-2.229418E-08,-1.4958819E-01
-2.224418E-08,-1.4958819E-01
-2.219418E-08,-1.4958819E-01
-2.214418E-08,-1.4953548E-01
-2.209418E-08,-1.4953548E-01
-2.204418E-08,-1.4953548E-01
-2.199418E-08,-1.4948277E-01
-2.194418E-08,-1.4948277E-01
-2.189418E-08,-1.4948277E-01
-2.184418E-08,-1.4943006E-01
-2.179418E-08,-1.4943006E-01
-2.174418E-08,-1.4943006E-01
-2.169418E-08,-1.4937735E-01
-2.164418E-08,-1.4937735E-01
-2.159418E-08,-1.4937735E-01
-2.154418E-08,-1.4937735E-01
-2.149418E-08,-1.4937735E-01
-2.144418E-08,-1.4937735E-01
-2.139418E-08,-1.4937735E-01
-2.134418E-08,-1.4937735E-01
-2.129418E-08,-1.4937735E-01
-2.124418E-08,-1.4937735E-01
-2.119418E-08,-1.4943006E-01
-2.114418E-08,-1.4943006E-01
-2.109418E-08,-1.4943006E-01
-2.104418E-08,-1.4948277E-01
-2.099418E-08,-1.4948277E-01
-2.094418E-08,-1.4948277E-01
-2.089418E-08,-1.4953548E-01
-2.084418E-08,-1.4953548E-01
-2.079418E-08,-1.4958819E-01
-2.074418E-08,-1.4958819E-01
-2.069418E-08,-1.4964090E-01
-2.064418E-08,-1.4964090E-01
-2.059418E-08,-1.4969361E-01
-2.054418E-08,-1.4969361E-01
-2.049418E-08,-1.4974632E-01
-2.044418E-08,-1.4974632E-01
-2.039418E-08,-1.4979903E-01
-2.034418E-08,-1.4979903E-01
-2.029418E-08,-1.4985173E-01
-2.024418E-08,-1.4985173E-01
-2.019418E-08,-1.4990444E-01
-2.014418E-08,-1.4990444E-01
-2.009418E-08,-1.4990444E-01
-2.004418E-08,-1.4995715E-01
-1.999418E-08,-1.4995715E-01
-1.994418E-08,-1.4995715E-01
-1.989418E-08,-1.4995715E-01
-1.984418E-08,-1.4995715E-01
-1.979418E-08,-1.5000986E-01
-1.974418E-08,-1.5000986E-01
-1.969418E-08,-1.5000986E-01
-1.964418E-08,-1.5000986E-01
-1.959418E-08,-1.5000986E-01
-1.954418E-08,-1.5000986E-01
-1.949418E-08,-1.4995715E-01
-1.944418E-08,-1.4995715E-01
-1.939418E-08,-1.4995715E-01
-1.934418E-08,-1.4995715E-01
-1.929418E-08,-1.4990444E-01
-1.924418E-08,-1.4990444E-01
-1.919418E-08,-1.4990444E-01
-1.914418E-08,-1.4985173E-01
-1.909418E-08,-1.4985173E-01
-1.904418E-08,-1.4979903E-01
-1.899418E-08,-1.4979903E-01
-1.894418E-08,-1.4974632E-01
-1.889418E-08,-1.4974632E-01
-1.884418E-08,-1.4969361E-01
-1.879418E-08,-1.4969361E-01
-1.874418E-08,-1.4964090E-01
-1.869418E-08,-1.4964090E-01
-1.864418E-08,-1.4958819E-01
-1.859418E-08,-1.4953548E-01
-1.854418E-08,-1.4953548E-01
-1.849418E-08,-1.4948277E-01
-1.844418E-08,-1.4948277E-01
-1.839418E-08,-1.4943006E-01
-1.834418E-08,-1.4943006E-01
-1.829418E-08,-1.4937735E-01
-1.824418E-08,-1.4937735E-01
-1.819418E-08,-1.4937735E-01
-1.814418E-08,-1.4937735E-01
-1.809418E-08,-1.4932464E-01
-1.804418E-08,-1.4932464E-01
-1.799418E-08,-1.4932464E-01
-1.794418E-08,-1.4932464E-01
-1.789418E-08,-1.4932464E-01
-1.784418E-08,-1.4932464E-01
-1.779418E-08,-1.4937735E-01
-1.774418E-08,-1.4937735E-01
-1.769418E-08,-1.4937735E-01
-1.764418E-08,-1.4937735E-01
-1.759418E-08,-1.4943006E-01
-1.754418E-08,-1.4943006E-01
-1.749418E-08,-1.4943006E-01
-1.744418E-08,-1.4948277E-01
-1.739418E-08,-1.4948277E-01
-1.734418E-08,-1.4953548E-01
-1.729418E-08,-1.4953548E-01
-1.724418E-08,-1.4958819E-01
-1.719418E-08,-1.4958819E-01
-1.714418E-08,-1.4964090E-01
-1.709418E-08,-1.4964090E-01
-1.704418E-08,-1.4964090E-01
-1.699418E-08,-1.4969361E-01
-1.694418E-08,-1.4969361E-01
-1.689418E-08,-1.4969361E-01
-1.684418E-08,-1.4974632E-01
-1.679418E-08,-1.4974632E-01
-1.674418E-08,-1.4974632E-01
-1.669418E-08,-1.4974632E-01
-1.664418E-08,-1.4974632E-01
-1.659418E-08,-1.4974632E-01
-1.654418E-08,-1.4974632E-01
-1.649418E-08,-1.4974632E-01
-1.644418E-08,-1.4969361E-01
-1.639418E-08,-1.4969361E-01
-1.634418E-08,-1.4969361E-01
-1.629418E-08,-1.4964090E-01
-1.624418E-08,-1.4964090E-01
-1.619418E-08,-1.4964090E-01
-1.614418E-08,-1.4958819E-01
-1.609418E-08,-1.4958819E-01
-1.604418E-08,-1.4953548E-01
-1.599418E-08,-1.4953548E-01
-1.594418E-08,-1.4948277E-01
-1.589418E-08,-1.4948277E-01
-1.584418E-08,-1.4943006E-01
-1.579418E-08,-1.4943006E-01
-1.574418E-08,-1.4937735E-01
-1.569418E-08,-1.4937735E-01
-1.564418E-08,-1.4932464E-01
-1.559418E-08,-1.4932464E-01
-1.554418E-08,-1.4927194E-01
-1.549418E-08,-1.4927194E-01
-1.544418E-08,-1.4927194E-01
-1.539418E-08,-1.4921923E-01
-1.534418E-08,-1.4921923E-01
-1.529418E-08,-1.4921923E-01
-1.524418E-08,-1.4916652E-01
-1.519418E-08,-1.4916652E-01
-1.514418E-08,-1.4916652E-01
-1.509418E-08,-1.4911381E-01
-1.504418E-08,-1.4911381E-01
-1.499418E-08,-1.4911381E-01
-1.494418E-08,-1.4906110E-01
-1.489418E-08,-1.4906110E-01
-1.484418E-08,-1.4906110E-01
-1.479418E-08,-1.4900839E-01
-1.474418E-08,-1.4900839E-01
-1.469418E-08,-1.4900839E-01
-1.464418E-08,-1.4900839E-01
-1.459418E-08,-1.4895568E-01
-1.454418E-08,-1.4895568E-01
-1.449418E-08,-1.4895568E-01
-1.444418E-08,-1.4895568E-01
-1.439418E-08,-1.4895568E-01
-1.434418E-08,-1.4890297E-01
-1.429418E-08,-1.4890297E-01
-1.424418E-08,-1.4890297E-01
-1.419418E-08,-1.4890297E-01
-1.414418E-08,-1.4890297E-01
-1.409418E-08,-1.4890297E-01
-1.404418E-08,-1.4890297E-01
-1.399418E-08,-1.4890297E-01
-1.394418E-08,-1.4890297E-01
-1.389418E-08,-1.4890297E-01
-1.384418E-08,-1.4890297E-01
-1.379418E-08,-1.4890297E-01
-1.374418E-08,-1.4890297E-01
-1.369418E-08,-1.4890297E-01
-1.364418E-08,-1.4895568E-01
-1.359418E-08,-1.4895568E-01
-1.354418E-08,-1.4895568E-01
-1.349418E-08,-1.4900839E-01
-1.344418E-08,-1.4900839E-01
-1.339418E-08,-1.4900839E-01
-1.334418E-08,-1.4906110E-01
-1.329418E-08,-1.4906110E-01
-1.324418E-08,-1.4911381E-01
-1.319418E-08,-1.4911381E-01
-1.314418E-08,-1.4916652E-01
-1.309418E-08,-1.4916652E-01
-1.304418E-08,-1.4921923E-01
-1.299418E-08,-1.4921923E-01
-1.294418E-08,-1.4927194E-01
-1.289418E-08,-1.4927194E-01
-1.284418E-08,-1.4932464E-01
-1.279418E-08,-1.4932464E-01
-1.274418E-08,-1.4937735E-01
-1.269418E-08,-1.4937735E-01
-1.264418E-08,-1.4943006E-01
-1.259418E-08,-1.4943006E-01
-1.254418E-08,-1.4948277E-01
-1.249418E-08,-1.4948277E-01
-1.244418E-08,-1.4953548E-01
-1.239418E-08,-1.4953548E-01
-1.234418E-08,-1.4953548E-01
-1.229418E-08,-1.4958819E-01
-1.224418E-08,-1.4958819E-01
-1.219418E-08,-1.4958819E-01
-1.214418E-08,-1.4964090E-01
-1.209418E-08,-1.4964090E-01
-1.204418E-08,-1.4964090E-01
-1.199418E-08,-1.4964090E-01
-1.194418E-08,-1.4964090E-01
-1.189418E-08,-1.4964090E-01
-1.184418E-08,-1.4964090E-01
-1.179418E-08,-1.4964090E-01
-1.174418E-08,-1.4964090E-01
-1.169418E-08,-1.4964090E-01
-1.164418E-08,-1.4964090E-01
-1.159418E-08,-1.4964090E-01
-1.154418E-08,-1.4964090E-01
-1.149418E-08,-1.4964090E-01
-1.144418E-08,-1.4958819E-01
-1.139418E-08,-1.4958819E-01
-1.134418E-08,-1.4953548E-01
-1.129418E-08,-1.4953548E-01
-1.124418E-08,-1.4948277E-01
-1.119418E-08,-1.4948277E-01
-1.114418E-08,-1.4943006E-01
-1.109418E-08,-1.4943006E-01
-1.104418E-08,-1.4937735E-01
-1.099418E-08,-1.4937735E-01
-1.094418E-08,-1.4932464E-01
-1.089418E-08,-1.4927194E-01
-1.084418E-08,-1.4927194E-01
-1.079418E-08,-1.4921923E-01
-1.074418E-08,-1.4916652E-01
-1.069418E-08,-1.4916652E-01
-1.064418E-08,-1.4911381E-01
-1.059418E-08,-1.4911381E-01
-1.054418E-08,-1.4906110E-01
-1.049418E-08,-1.4906110E-01
-1.044418E-08,-1.4900839E-01
-1.039418E-08,-1.4900839E-01
-1.034418E-08,-1.4900839E-01
-1.029418E-08,-1.4900839E-01
-1.024418E-08,-1.4900839E-01
-1.019418E-08,-1.4900839E-01
-1.014418E-08,-1.4900839E-01
-1.009418E-08,-1.4900839E-01
-1.004418E-08,-1.4900839E-01
-9.99418E-09,-1.4900839E-01
-9.94418E-09,-1.4900839E-01
-9.89418E-09,-1.4906110E-01
-9.84418E-09,-1.4906110E-01
-9.79418E-09,-1.4911381E-01
-9.74418E-09,-1.4911381E-01
-9.69418E-09,-1.4916652E-01
-9.64418E-09,-1.4916652E-01
-9.59418E-09,-1.4921923E-01
-9.54418E-09,-1.4921923E-01
-9.49418E-09,-1.4927194E-01
-9.44418E-09,-1.4927194E-01
-9.39418E-09,-1.4927194E-01
-9.34418E-09,-1.4932464E-01
-9.29418E-09,-1.4932464E-01
-9.24418E-09,-1.4937735E-01
-9.19418E-09,-1.4937735E-01
-9.14418E-09,-1.4937735E-01
-9.09418E-09,-1.4943006E-01
-9.04418E-09,-1.4943006E-01
-8.99418E-09,-1.4943006E-01
-8.94418E-09,-1.4943006E-01
-8.89418E-09,-1.4943006E-01
-8.84418E-09,-1.4943006E-01
-8.79418E-09,-1.4943006E-01
-8.74418E-09,-1.4943006E-01
-8.69418E-09,-1.4943006E-01
-8.64418E-09,-1.4943006E-01
-8.59418E-09,-1.4943006E-01
-8.54418E-09,-1.4943006E-01
-8.49418E-09,-1.4943006E-01
-8.44418E-09,-1.4943006E-01
-8.39418E-09,-1.4943006E-01
-8.34418E-09,-1.4943006E-01
-8.29418E-09,-1.4943006E-01
-8.24418E-09,-1.4943006E-01
-8.19418E-09,-1.4943006E-01
-8.14418E-09,-1.4943006E-01
-8.09418E-09,-1.4943006E-01
-8.04418E-09,-1.4948277E-01
-7.99418E-09,-1.4948277E-01
-7.94418E-09,-1.4948277E-01
-7.89418E-09,-1.4953548E-01
-7.84418E-09,-1.4953548E-01
-7.79418E-09,-1.4953548E-01
-7.74418E-09,-1.4958819E-01
-7.69418E-09,-1.4958819E-01
-7.64418E-09,-1.4964090E-01
-7.59418E-09,-1.4964090E-01
-7.54418E-09,-1.4969361E-01
-7.49418E-09,-1.4969361E-01
-7.44418E-09,-1.4969361E-01
-7.39418E-09,-1.4974632E-01
-7.34418E-09,-1.4974632E-01
-7.29418E-09,-1.4974632E-01
-7.24418E-09,-1.4979903E-01
-7.19418E-09,-1.4979903E-01
-7.14418E-09,-1.4979903E-01
-7.09418E-09,-1.4979903E-01
-7.04418E-09,-1.4979903E-01
-6.99418E-09,-1.4979903E-01
-6.94418E-09,-1.4979903E-01
-6.89418E-09,-1.4979903E-01
-6.84418E-09,-1.4974632E-01
-6.79418E-09,-1.4974632E-01
-6.74418E-09,-1.4974632E-01
-6.69418E-09,-1.4969361E-01
-6.64418E-09,-1.4969361E-01
-6.59418E-09,-1.4964090E-01
-6.54418E-09,-1.4964090E-01
-6.49418E-09,-1.4958819E-01
-6.44418E-09,-1.4958819E-01
-6.39418E-09,-1.4953548E-01
-6.34418E-09,-1.4953548E-01
-6.29418E-09,-1.4948277E-01
-6.24418E-09,-1.4948277E-01
-6.19418E-09,-1.4943006E-01
-6.14418E-09,-1.4943006E-01
-6.09418E-09,-1.4943006E-01
-6.04418E-09,-1.4937735E-01
-5.99418E-09,-1.4937735E-01
-5.94418E-09,-1.4937735E-01
-5.89418E-09,-1.4937735E-01
-5.84418E-09,-1.4937735E-01
-5.79418E-09,-1.4937735E-01
-5.74418E-09,-1.4937735E-01
-5.69418E-09,-1.4943006E-01
-5.64418E-09,-1.4943006E-01
-5.59418E-09,-1.4943006E-01
-5.54418E-09,-1.4943006E-01
-5.49418E-09,-1.4948277E-01
-5.44418E-09,-1.4948277E-01
-5.39418E-09,-1.4953548E-01
-5.34418E-09,-1.4953548E-01
-5.29418E-09,-1.4953548E-01
-5.24418E-09,-1.4958819E-01
-5.19418E-09,-1.4958819E-01
-5.14418E-09,-1.4964090E-01
-5.09418E-09,-1.4964090E-01
-5.04418E-09,-1.4964090E-01
-4.99418E-09,-1.4969361E-01
-4.94418E-09,-1.4969361E-01
-4.89418E-09,-1.4969361E-01
-4.84418E-09,-1.4974632E-01
-4.79418E-09,-1.4974632E-01
-4.74418E-09,-1.4974632E-01
-4.69418E-09,-1.4974632E-01
-4.64418E-09,-1.4974632E-01
-4.59418E-09,-1.4974632E-01
-4.54418E-09,-1.4974632E-01
-4.49418E-09,-1.4974632E-01
-4.44418E-09,-1.4974632E-01
-4.39418E-09,-1.4974632E-01
-4.34418E-09,-1.4974632E-01
-4.29418E-09,-1.4974632E-01
-4.24418E-09,-1.4974632E-01
-4.19418E-09,-1.4969361E-01
-4.14418E-09,-1.4969361E-01
-4.09418E-09,-1.4969361E-01
-4.04418E-09,-1.4969361E-01
-3.99418E-09,-1.4969361E-01
-3.94418E-09,-1.4969361E-01
-3.89418E-09,-1.4964090E-01
-3.84418E-09,-1.4964090E-01
-3.79418E-09,-1.4964090E-01
-3.74418E-09,-1.4964090E-01
-3.69418E-09,-1.4964090E-01
-3.64418E-09,-1.4958819E-01
-3.59418E-09,-1.4958819E-01
-3.54418E-09,-1.4958819E-01
-3.49418E-09,-1.4958819E-01
-3.44418E-09,-1.4958819E-01
-3.39418E-09,-1.4958819E-01
-3.34418E-09,-1.4958819E-01
-3.29418E-09,-1.4953548E-01
-3.24418E-09,-1.4953548E-01
-3.19418E-09,-1.4953548E-01
-3.14418E-09,-1.4953548E-01
-3.09418E-09,-1.4953548E-01
-3.04418E-09,-1.4953548E-01
-2.99418E-09,-1.4953548E-01
-2.94418E-09,-1.4953548E-01
-2.89418E-09,-1.4953548E-01
-2.84418E-09,-1.4953548E-01
-2.79418E-09,-1.4958819E-01
-2.74418E-09,-1.4958819E-01
-2.69418E-09,-1.4958819E-01
-2.64418E-09,-1.4958819E-01
-2.59418E-09,-1.4958819E-01
-2.54418E-09,-1.4964090E-01
-2.49418E-09,-1.4964090E-01
-2.44418E-09,-1.4964090E-01
-2.39418E-09,-1.4969361E-01
-2.34418E-09,-1.4969361E-01
-2.29418E-09,-1.4969361E-01
-2.24418E-09,-1.4974632E-01
-2.19418E-09,-1.4974632E-01
-2.14418E-09,-1.4979903E-01
-2.09418E-09,-1.4979903E-01
-2.04418E-09,-1.4985173E-01
-1.99418E-09,-1.4985173E-01
-1.94418E-09,-1.4990444E-01
-1.89418E-09,-1.4990444E-01
-1.84418E-09,-1.4995715E-01
-1.79418E-09,-1.4995715E-01
-1.74418E-09,-1.5000986E-01
-1.69418E-09,-1.5000986E-01
-1.64418E-09,-1.5000986E-01
-1.59418E-09,-1.5006257E-01
-1.54418E-09,-1.5006257E-01
-1.49418E-09,-1.5006257E-01
-1.44418E-09,-1.5006257E-01
-1.39418E-09,-1.5006257E-01
-1.34418E-09,-1.5006257E-01
-1.29418E-09,-1.5006257E-01
-1.24418E-09,-1.5006257E-01
-1.19418E-09,-1.5006257E-01
-1.14418E-09,-1.5006257E-01
-1.09418E-09,-1.5000986E-01
-1.04418E-09,-1.5000986E-01
-9.9418E-10,-1.5000986E-01
-9.4418E-10,-1.4995715E-01
-8.9418E-10,-1.4995715E-01
-8.4418E-10,-1.4990444E-01
-7.9418E-10,-1.4990444E-01
-7.4418E-10,-1.4990444E-01
-6.9418E-10,-1.4985173E-01
-6.4418E-10,-1.4985173E-01
-5.9418E-10,-1.4985173E-01
-5.4418E-10,-1.4979903E-01
-4.9418E-10,-1.4979903E-01
-4.4418E-10,-1.4979903E-01
-3.9418E-10,-1.4979903E-01
-3.4418E-10,-1.4979903E-01
-2.9418E-10,-1.4979903E-01
-2.4418E-10,-1.4979903E-01
-1.9418E-10,-1.4979903E-01
-1.4418E-10,-1.4985173E-01
-9.418E-11,-1.4985173E-01
-4.418E-11,-1.4985173E-01
5.82E-12,-1.4990444E-01
5.582E-11,-1.4990444E-01
1.0582E-10,-1.4995715E-01
1.5582E-10,-1.4995715E-01
2.0582E-10,-1.5000986E-01
2.5582E-10,-1.5000986E-01
3.0582E-10,-1.5006257E-01
3.5582E-10,-1.5006257E-01
4.0582E-10,-1.5006257E-01
4.5582E-10,-1.5011528E-01
5.0582E-10,-1.5011528E-01
5.5582E-10,-1.5011528E-01
6.0582E-10,-1.5011528E-01
6.5582E-10,-1.5011528E-01
7.0582E-10,-1.5011528E-01
7.5582E-10,-1.5011528E-01
8.0582E-10,-1.5011528E-01
8.5582E-10,-1.5011528E-01
9.0582E-10,-1.5006257E-01
9.5582E-10,-1.5006257E-01
1.00582E-09,-1.5000986E-01
1.05582E-09,-1.5000986E-01
1.10582E-09,-1.4995715E-01
1.15582E-09,-1.4995715E-01
1.20582E-09,-1.4990444E-01
1.25582E-09,-1.4985173E-01
1.30582E-09,-1.4979903E-01
1.35582E-09,-1.4979903E-01
1.40582E-09,-1.4974632E-01
1.45582E-09,-1.4969361E-01
1.50582E-09,-1.4969361E-01
1.55582E-09,-1.4964090E-01
1.60582E-09,-1.4958819E-01
1.65582E-09,-1.4958819E-01
1.70582E-09,-1.4958819E-01
1.75582E-09,-1.4953548E-01
1.80582E-09,-1.4953548E-01
1.85582E-09,-1.4953548E-01
1.90582E-09,-1.4953548E-01
1.95582E-09,-1.4948277E-01
2.00582E-09,-1.4953548E-01
2.05582E-09,-1.4953548E-01
2.10582E-09,-1.4953548E-01
2.15582E-09,-1.4953548E-01
2.20582E-09,-1.4953548E-01
2.25582E-09,-1.4958819E-01
2.30582E-09,-1.4958819E-01
2.35582E-09,-1.4958819E-01
2.40582E-09,-1.4958819E-01
2.45582E-09,-1.4964090E-01
2.50582E-09,-1.4964090E-01
2.55582E-09,-1.4964090E-01
2.60582E-09,-1.4964090E-01
2.65582E-09,-1.4969361E-01
2.70582E-09,-1.4969361E-01
2.75582E-09,-1.4969361E-01
2.80582E-09,-1.4964090E-01
2.85582E-09,-1.4964090E-01
2.90582E-09,-1.4964090E-01
2.95582E-09,-1.4964090E-01
3.00582E-09,-1.4958819E-01
3.05582E-09,-1.4958819E-01
3.10582E-09,-1.4953548E-01
3.15582E-09,-1.4953548E-01
3.20582E-09,-1.4948277E-01
3.25582E-09,-1.4943006E-01
3.30582E-09,-1.4943006E-01
3.35582E-09,-1.4937735E-01
3.40582E-09,-1.4932464E-01
3.45582E-09,-1.4932464E-01
3.50582E-09,-1.4927194E-01
3.55582E-09,-1.4921923E-01
3.60582E-09,-1.4916652E-01
3.65582E-09,-1.4916652E-01
3.70582E-09,-1.4911381E-01
3.75582E-09,-1.4906110E-01
3.80582E-09,-1.4906110E-01
3.85582E-09,-1.4906110E-01
3.90582E-09,-1.4900839E-01
3.95582E-09,-1.4900839E-01
4.00582E-09,-1.4900839E-01
4.05582E-09,-1.4900839E-01
4.10582E-09,-1.4895568E-01
4.15582E-09,-1.4895568E-01
4.20582E-09,-1.4895568E-01
4.25582E-09,-1.4895568E-01
4.30582E-09,-1.4895568E-01
4.35582E-09,-1.4895568E-01
4.40582E-09,-1.4900839E-01
4.45582E-09,-1.4900839E-01
4.50582E-09,-1.4900839E-01
4.55582E-09,-1.4900839E-01
4.60582E-09,-1.4900839E-01
4.65582E-09,-1.4900839E-01
4.70582E-09,-1.4900839E-01
4.75582E-09,-1.4900839E-01
4.80582E-09,-1.4900839E-01
4.85582E-09,-1.4900839E-01
4.90582E-09,-1.4895568E-01
4.95582E-09,-1.4895568E-01
5.00582E-09,-1.4895568E-01
5.05582E-09,-1.4890297E-01
5.10582E-09,-1.4890297E-01
5.15582E-09,-1.4885026E-01
5.20582E-09,-1.4885026E-01
5.25582E-09,-1.4885026E-01
5.30582E-09,-1.4879755E-01
5.35582E-09,-1.4874485E-01
5.40582E-09,-1.4874485E-01
5.45582E-09,-1.4874485E-01
5.50582E-09,-1.4869214E-01
5.55582E-09,-1.4869214E-01
5.60582E-09,-1.4863943E-01
5.65582E-09,-1.4863943E-01
5.70582E-09,-1.4863943E-01
5.75582E-09,-1.4863943E-01
5.80582E-09,-1.4863943E-01
5.85582E-09,-1.4863943E-01
5.90582E-09,-1.4863943E-01
5.95582E-09,-1.4869214E-01
6.00582E-09,-1.4869214E-01
6.05582E-09,-1.4874485E-01
6.10582E-09,-1.4874485E-01
6.15582E-09,-1.4879755E-01
6.20582E-09,-1.4879755E-01
6.25582E-09,-1.4885026E-01
6.30582E-09,-1.4890297E-01
6.35582E-09,-1.4895568E-01
6.40582E-09,-1.4900839E-01
6.45582E-09,-1.4906110E-01
6.50582E-09,-1.4911381E-01
6.55582E-09,-1.4911381E-01
6.60582E-09,-1.4916652E-01
6.65582E-09,-1.4921923E-01
6.70582E-09,-1.4927194E-01
6.75582E-09,-1.4927194E-01
6.80582E-09,-1.4932464E-01
6.85582E-09,-1.4937735E-01
6.90582E-09,-1.4937735E-01
6.95582E-09,-1.4943006E-01
7.00582E-09,-1.4943006E-01
7.05582E-09,-1.4943006E-01
7.10582E-09,-1.4943006E-01
7.15582E-09,-1.4943006E-01
7.20582E-09,-1.4943006E-01
7.25582E-09,-1.4943006E-01
7.30582E-09,-1.4943006E-01
7.35582E-09,-1.4943006E-01
7.40582E-09,-1.4937735E-01
7.45582E-09,-1.4937735E-01
7.50582E-09,-1.4932464E-01
7.55582E-09,-1.4927194E-01
7.60582E-09,-1.4927194E-01
7.65582E-09,-1.4921923E-01
7.70582E-09,-1.4921923E-01
7.75582E-09,-1.4916652E-01
7.80582E-09,-1.4916652E-01
7.85582E-09,-1.4916652E-01
7.90582E-09,-1.4916652E-01
7.95582E-09,-1.4916652E-01
8.00582E-09,-1.4916652E-01
8.05582E-09,-1.4916652E-01
8.10582E-09,-1.4916652E-01
8.15582E-09,-1.4921923E-01
8.20582E-09,-1.4921923E-01
8.25582E-09,-1.4927194E-01
8.30582E-09,-1.4932464E-01
8.35582E-09,-1.4937735E-01
8.40582E-09,-1.4943006E-01
8.45582E-09,-1.4948277E-01
8.50582E-09,-1.4948277E-01
8.55582E-09,-1.4953548E-01
8.60582E-09,-1.4958819E-01
8.65582E-09,-1.4958819E-01
8.70582E-09,-1.4964090E-01
8.75582E-09,-1.4964090E-01
8.80582E-09,-1.4969361E-01
8.85582E-09,-1.4969361E-01
8.90582E-09,-1.4969361E-01
8.95582E-09,-1.4969361E-01
9.00582E-09,-1.4969361E-01
9.05582E-09,-1.4969361E-01
9.10582E-09,-1.4964090E-01
9.15582E-09,-1.4964090E-01
9.20582E-09,-1.4958819E-01
9.25582E-09,-1.4958819E-01
9.30582E-09,-1.4953548E-01
9.35582E-09,-1.4948277E-01
9.40582E-09,-1.4943006E-01
9.45582E-09,-1.4937735E-01
9.50582E-09,-1.4932464E-01
9.55582E-09,-1.4932464E-01
9.60582E-09,-1.4927194E-01
9.65582E-09,-1.4921923E-01
9.70582E-09,-1.4921923E-01
9.75582E-09,-1.4921923E-01
9.80582E-09,-1.4916652E-01
9.85582E-09,-1.4916652E-01
9.90582E-09,-1.4916652E-01
9.95582E-09,-1.4921923E-01
1.000582E-08,-1.4921923E-01
1.005582E-08,-1.4927194E-01
1.010582E-08,-1.4932464E-01
1.015582E-08,-1.4937735E-01
1.020582E-08,-1.4943006E-01
1.025582E-08,-1.4948277E-01
1.030582E-08,-1.4953548E-01
1.035582E-08,-1.4958819E-01
1.040582E-08,-1.4969361E-01
1.045582E-08,-1.4974632E-01
1.050582E-08,-1.4979903E-01
1.055582E-08,-1.4985173E-01
1.060582E-08,-1.4990444E-01
1.065582E-08,-1.4995715E-01
1.070582E-08,-1.5000986E-01
1.075582E-08,-1.5006257E-01
1.080582E-08,-1.5006257E-01
1.085582E-08,-1.5011528E-01
1.090582E-08,-1.5011528E-01
1.095582E-08,-1.5011528E-01
1.100582E-08,-1.5011528E-01
1.105582E-08,-1.5006257E-01
1.110582E-08,-1.5000986E-01
1.115582E-08,-1.4995715E-01
1.120582E-08,-1.4995715E-01
1.125582E-08,-1.4990444E-01
1.130582E-08,-1.4979903E-01
1.135582E-08,-1.4974632E-01
1.140582E-08,-1.4969361E-01
1.145582E-08,-1.4964090E-01
1.150582E-08,-1.4953548E-01
1.155582E-08,-1.4948277E-01
1.160582E-08,-1.4943006E-01
1.165582E-08,-1.4943006E-01
1.170582E-08,-1.4937735E-01
1.175582E-08,-1.4932464E-01
1.180582E-08,-1.4932464E-01
1.185582E-08,-1.4932464E-01
1.190582E-08,-1.4932464E-01
1.195582E-08,-1.4932464E-01
1.200582E-08,-1.4932464E-01
1.205582E-08,-1.4937735E-01
1.210582E-08,-1.4943006E-01
1.215582E-08,-1.4948277E-01
1.220582E-08,-1.4953548E-01
1.225582E-08,-1.4958819E-01
1.230582E-08,-1.4964090E-01
1.235582E-08,-1.4974632E-01
1.240582E-08,-1.4979903E-01
1.245582E-08,-1.4990444E-01
1.250582E-08,-1.4995715E-01
1.255582E-08,-1.5000986E-01
1.260582E-08,-1.5006257E-01
1.265582E-08,-1.5011528E-01
1.270582E-08,-1.5011528E-01
1.275582E-08,-1.5016799E-01
1.280582E-08,-1.5016799E-01
1.285582E-08,-1.5016799E-01
1.290582E-08,-1.5011528E-01
1.295582E-08,-1.5011528E-01
1.300582E-08,-1.5006257E-01
1.305582E-08,-1.5000986E-01
1.310582E-08,-1.4990444E-01
1.315582E-08,-1.4985173E-01
1.320582E-08,-1.4974632E-01
1.325582E-08,-1.4969361E-01
1.330582E-08,-1.4958819E-01
1.335582E-08,-1.4948277E-01
1.340582E-08,-1.4937735E-01
1.345582E-08,-1.4927194E-01
1.350582E-08,-1.4921923E-01
1.355582E-08,-1.4911381E-01
1.360582E-08,-1.4906110E-01
1.365582E-08,-1.4895568E-01
1.370582E-08,-1.4890297E-01
1.375582E-08,-1.4890297E-01
1.380582E-08,-1.4885026E-01
1.385582E-08,-1.4885026E-01
1.390582E-08,-1.4890297E-01
1.395582E-08,-1.4890297E-01
1.400582E-08,-1.4895568E-01
1.405582E-08,-1.4900839E-01
1.410582E-08,-1.4911381E-01
1.415582E-08,-1.4916652E-01
1.420582E-08,-1.4927194E-01
1.425582E-08,-1.4937735E-01
1.430582E-08,-1.4948277E-01
1.435582E-08,-1.4958819E-01
1.440582E-08,-1.4969361E-01
1.445582E-08,-1.4979903E-01
1.450582E-08,-1.4990444E-01
1.455582E-08,-1.5000986E-01
1.460582E-08,-1.5011528E-01
1.465582E-08,-1.5022070E-01
1.470582E-08,-1.5027341E-01
1.475582E-08,-1.5032612E-01
1.480582E-08,-1.5032612E-01
1.485582E-08,-1.5032612E-01
1.490582E-08,-1.5032612E-01
1.495582E-08,-1.5032612E-01
1.500582E-08,-1.5027341E-01
1.505582E-08,-1.5022070E-01
1.510582E-08,-1.5011528E-01
1.515582E-08,-1.5006257E-01
1.520582E-08,-1.4995715E-01
1.525582E-08,-1.4985173E-01
1.530582E-08,-1.4974632E-01
1.535582E-08,-1.4964090E-01
1.540582E-08,-1.4948277E-01
1.545582E-08,-1.4937735E-01
1.550582E-08,-1.4927194E-01
1.555582E-08,-1.4921923E-01
1.560582E-08,-1.4911381E-01
1.565582E-08,-1.4906110E-01
1.570582E-08,-1.4900839E-01
1.575582E-08,-1.4900839E-01
1.580582E-08,-1.4900839E-01
1.585582E-08,-1.4900839E-01
1.590582E-08,-1.4900839E-01
1.595582E-08,-1.4911381E-01
1.600582E-08,-1.4916652E-01
1.605582E-08,-1.4927194E-01
1.610582E-08,-1.4937735E-01
1.615582E-08,-1.4953548E-01
1.620582E-08,-1.4964090E-01
1.625582E-08,-1.4979903E-01
1.630582E-08,-1.4995715E-01
1.635582E-08,-1.5016799E-01
1.640582E-08,-1.5032612E-01
1.645582E-08,-1.5048424E-01
1.650582E-08,-1.5058966E-01
1.655582E-08,-1.5074779E-01
1.660582E-08,-1.5085321E-01
1.665582E-08,-1.5095862E-01
1.670582E-08,-1.5106404E-01
1.675582E-08,-1.5111675E-01
1.680582E-08,-1.5111675E-01
1.685582E-08,-1.5111675E-01
1.690582E-08,-1.5111675E-01
1.695582E-08,-1.5106404E-01
1.700582E-08,-1.5095862E-01
1.705582E-08,-1.5085321E-01
1.710582E-08,-1.5074779E-01
1.715582E-08,-1.5058966E-01
1.720582E-08,-1.5043153E-01
1.725582E-08,-1.5027341E-01
1.730582E-08,-1.5006257E-01
1.735582E-08,-1.4990444E-01
1.740582E-08,-1.4969361E-01
1.745582E-08,-1.4953548E-01
1.750582E-08,-1.4932464E-01
1.755582E-08,-1.4916652E-01
1.760582E-08,-1.4906110E-01
1.765582E-08,-1.4890297E-01
1.770582E-08,-1.4879755E-01
1.775582E-08,-1.4874485E-01
1.780582E-08,-1.4869214E-01
1.785582E-08,-1.4869214E-01
1.790582E-08,-1.4874485E-01
1.795582E-08,-1.4879755E-01
1.800582E-08,-1.4885026E-01
1.805582E-08,-1.4895568E-01
1.810582E-08,-1.4911381E-01
1.815582E-08,-1.4927194E-01
1.820582E-08,-1.4943006E-01
1.825582E-08,-1.4964090E-01
1.830582E-08,-1.4985173E-01
1.835582E-08,-1.5006257E-01
1.840582E-08,-1.5027341E-01
1.845582E-08,-1.5043153E-01
1.850582E-08,-1.5064237E-01
1.855582E-08,-1.5080050E-01
1.860582E-08,-1.5095862E-01
1.865582E-08,-1.5111675E-01
1.870582E-08,-1.5122217E-01
1.875582E-08,-1.5127488E-01
1.880582E-08,-1.5127488E-01
1.885582E-08,-1.5127488E-01
1.890582E-08,-1.5122217E-01
1.895582E-08,-1.5116946E-01
1.900582E-08,-1.5106404E-01
1.905582E-08,-1.5090592E-01
1.910582E-08,-1.5074779E-01
1.915582E-08,-1.5053695E-01
1.920582E-08,-1.5027341E-01
1.925582E-08,-1.5006257E-01
1.930582E-08,-1.4979903E-01
1.935582E-08,-1.4953548E-01
1.940582E-08,-1.4927194E-01
1.945582E-08,-1.4900839E-01
1.950582E-08,-1.4879755E-01
1.955582E-08,-1.4853401E-01
1.960582E-08,-1.4837588E-01
1.965582E-08,-1.4821776E-01
1.970582E-08,-1.4805963E-01
1.975582E-08,-1.4795421E-01
1.980582E-08,-1.4790150E-01
1.985582E-08,-1.4790150E-01
1.990582E-08,-1.4795421E-01
1.995582E-08,-1.4800692E-01
2.000582E-08,-1.4811234E-01
2.005582E-08,-1.4827046E-01
2.010582E-08,-1.4848130E-01
2.015582E-08,-1.4869214E-01
2.020582E-08,-1.4895568E-01
2.025582E-08,-1.4916652E-01
2.030582E-08,-1.4948277E-01
2.035582E-08,-1.4974632E-01
2.040582E-08,-1.5000986E-01
2.045582E-08,-1.5027341E-01
2.050582E-08,-1.5053695E-01
2.055582E-08,-1.5074779E-01
2.060582E-08,-1.5095862E-01
2.065582E-08,-1.5111675E-01
2.070582E-08,-1.5122217E-01
2.075582E-08,-1.5132759E-01
2.080582E-08,-1.5132759E-01
2.085582E-08,-1.5127488E-01
2.090582E-08,-1.5122217E-01
2.095582E-08,-1.5106404E-01
2.100582E-08,-1.5090592E-01
2.105582E-08,-1.5069508E-01
2.110582E-08,-1.5037883E-01
2.115582E-08,-1.5011528E-01
2.120582E-08,-1.4979903E-01
2.125582E-08,-1.4943006E-01
2.130582E-08,-1.4906110E-01
2.135582E-08,-1.4869214E-01
2.140582E-08,-1.4832317E-01
2.145582E-08,-1.4800692E-01
2.150582E-08,-1.4769067E-01
2.155582E-08,-1.4737441E-01
2.160582E-08,-1.4716358E-01
2.165582E-08,-1.4695274E-01
2.170582E-08,-1.4679461E-01
2.175582E-08,-1.4668919E-01
2.180582E-08,-1.4668919E-01
2.185582E-08,-1.4674190E-01
2.190582E-08,-1.4684732E-01
2.195582E-08,-1.4700545E-01
2.200582E-08,-1.4721628E-01
2.205582E-08,-1.4753254E-01
2.210582E-08,-1.4784879E-01
2.215582E-08,-1.4821776E-01
2.220582E-08,-1.4863943E-01
2.225582E-08,-1.4906110E-01
2.230582E-08,-1.4953548E-01
2.235582E-08,-1.5000986E-01
2.240582E-08,-1.5043153E-01
2.245582E-08,-1.5085321E-01
2.250582E-08,-1.5127488E-01
2.255582E-08,-1.5164384E-01
2.260582E-08,-1.5196010E-01
2.265582E-08,-1.5222364E-01
2.270582E-08,-1.5238177E-01
2.275582E-08,-1.5253989E-01
2.280582E-08,-1.5253989E-01
2.285582E-08,-1.5253989E-01
2.290582E-08,-1.5238177E-01
2.295582E-08,-1.5222364E-01
2.300582E-08,-1.5196010E-01
2.305582E-08,-1.5159113E-01
2.310582E-08,-1.5116946E-01
2.315582E-08,-1.5074779E-01
2.320582E-08,-1.5027341E-01
2.325582E-08,-1.4974632E-01
2.330582E-08,-1.4921923E-01
2.335582E-08,-1.4869214E-01
2.340582E-08,-1.4816505E-01
2.345582E-08,-1.4763796E-01
2.350582E-08,-1.4721628E-01
2.355582E-08,-1.4679461E-01
2.360582E-08,-1.4647836E-01
2.365582E-08,-1.4621481E-01
2.370582E-08,-1.4605669E-01
2.375582E-08,-1.4600398E-01
2.380582E-08,-1.4600398E-01
2.385582E-08,-1.4610939E-01
2.390582E-08,-1.4632023E-01
2.395582E-08,-1.4668919E-01
2.400582E-08,-1.4705816E-01
2.405582E-08,-1.4758525E-01
2.410582E-08,-1.4816505E-01
2.415582E-08,-1.4879755E-01
2.420582E-08,-1.4943006E-01
2.425582E-08,-1.5016799E-01
2.430582E-08,-1.5085321E-01
2.435582E-08,-1.5159113E-01
2.440582E-08,-1.5227635E-01
2.445582E-08,-1.5290886E-01
2.450582E-08,-1.5348866E-01
2.455582E-08,-1.5396304E-01
2.460582E-08,-1.5433200E-01
2.465582E-08,-1.5464826E-01
2.470582E-08,-1.5475367E-01
2.475582E-08,-1.5480638E-01
2.480582E-08,-1.5470096E-01
2.485582E-08,-1.5443742E-01
2.490582E-08,-1.5401575E-01
2.495582E-08,-1.5348866E-01
2.500582E-08,-1.5280344E-01
2.505582E-08,-1.5201280E-01
2.510582E-08,-1.5106404E-01
2.515582E-08,-1.5011528E-01
2.520582E-08,-1.4900839E-01
2.525582E-08,-1.4790150E-01
2.530582E-08,-1.4679461E-01
2.535582E-08,-1.4568772E-01
2.540582E-08,-1.4463354E-01
2.545582E-08,-1.4368478E-01
2.550582E-08,-1.4278873E-01
2.555582E-08,-1.4205080E-01
2.560582E-08,-1.4141829E-01
2.565582E-08,-1.4099662E-01
2.570582E-08,-1.4078578E-01
2.575582E-08,-1.4083849E-01
2.580582E-08,-1.4104933E-01
2.585582E-08,-1.4152371E-01
2.590582E-08,-1.4226164E-01
2.595582E-08,-1.4321040E-01
2.600582E-08,-1.4437000E-01
2.605582E-08,-1.4574043E-01
2.610582E-08,-1.4726899E-01
2.615582E-08,-1.4900839E-01
2.620582E-08,-1.5080050E-01
2.625582E-08,-1.5264531E-01
2.630582E-08,-1.5459555E-01
2.635582E-08,-1.5644036E-01
2.640582E-08,-1.5823247E-01
2.645582E-08,-1.5986645E-01
2.650582E-08,-1.6128959E-01
2.655582E-08,-1.6244919E-01
2.660582E-08,-1.6329253E-01
2.665582E-08,-1.6376691E-01
2.670582E-08,-1.6371421E-01
2.675582E-08,-1.6318712E-01
2.680582E-08,-1.6213294E-01
2.685582E-08,-1.6044625E-01
2.690582E-08,-1.5807434E-01
2.695582E-08,-1.5506993E-01
2.700582E-08,-1.5132759E-01
2.705582E-08,-1.4690003E-01
2.710582E-08,-1.4168184E-01
2.715582E-08,-1.3577843E-01
2.720582E-08,-1.2913709E-01
2.725582E-08,-1.2181054E-01
2.730582E-08,-1.1379877E-01
2.735582E-08,-1.0515449E-01
2.740582E-08,-9.587770E-02
2.745582E-08,-8.612654E-02
2.750582E-08,-7.584828E-02
2.755582E-08,-6.525377E-02
2.760582E-08,-5.423758E-02
2.765582E-08,-4.301056E-02
2.770582E-08,-3.162542E-02
2.775582E-08,-2.013485E-02
2.780582E-08,-8.64429E-03
2.785582E-08,2.74086E-03
2.790582E-08,1.396788E-02
2.795582E-08,2.498406E-02
2.800582E-08,3.563129E-02
2.805582E-08,4.590954E-02
2.810582E-08,5.571342E-02
2.815582E-08,6.504291E-02
2.820582E-08,7.373990E-02
2.825582E-08,8.185709E-02
2.830582E-08,8.934177E-02
2.835582E-08,9.614123E-02
2.840582E-08,1.0230819E-01
2.845582E-08,1.0773722E-01
2.850582E-08,1.1248103E-01
2.855582E-08,1.1659233E-01
2.860582E-08,1.2001842E-01
2.865582E-08,1.2281199E-01
2.870582E-08,1.2502577E-01
2.875582E-08,1.2665975E-01
2.880582E-08,1.2781935E-01
2.885582E-08,1.2855728E-01
2.890582E-08,1.2882082E-01
2.895582E-08,1.2876811E-01
2.900582E-08,1.2839915E-01
2.905582E-08,1.2776664E-01
2.910582E-08,1.2702872E-01
2.915582E-08,1.2607995E-01
2.920582E-08,1.2513119E-01
2.925582E-08,1.2407701E-01
2.930582E-08,1.2307554E-01
2.935582E-08,1.2212678E-01
2.940582E-08,1.2123072E-01
2.945582E-08,1.2044009E-01
2.950582E-08,1.1980758E-01
2.955582E-08,1.1933320E-01
2.960582E-08,1.1896424E-01
2.965582E-08,1.1880611E-01
2.970582E-08,1.1880611E-01
2.975582E-08,1.1896424E-01
2.980582E-08,1.1928049E-01
2.985582E-08,1.1970216E-01
2.990582E-08,1.2022925E-01
2.995582E-08,1.2091447E-01
3.000582E-08,1.2159969E-01
3.005582E-08,1.2239032E-01
3.010582E-08,1.2318096E-01
3.015582E-08,1.2397159E-01
3.020582E-08,1.2476223E-01
3.025582E-08,1.2550015E-01
3.030582E-08,1.2613266E-01
3.035582E-08,1.2671246E-01
3.040582E-08,1.2718684E-01
3.045582E-08,1.2760851E-01
3.050582E-08,1.2781935E-01
3.055582E-08,1.2797748E-01
3.060582E-08,1.2797748E-01
3.065582E-08,1.2781935E-01
3.070582E-08,1.2755581E-01
3.075582E-08,1.2718684E-01
3.080582E-08,1.2671246E-01
3.085582E-08,1.2613266E-01
3.090582E-08,1.2550015E-01
3.095582E-08,1.2476223E-01
3.100582E-08,1.2402430E-01
3.105582E-08,1.2323367E-01
3.110582E-08,1.2244303E-01
3.115582E-08,1.2165240E-01
3.120582E-08,1.2086176E-01
3.125582E-08,1.2017654E-01
3.130582E-08,1.1949133E-01
3.135582E-08,1.1891153E-01
3.140582E-08,1.1843715E-01
3.145582E-08,1.1801547E-01
3.150582E-08,1.1769922E-01
3.155582E-08,1.1748838E-01
3.160582E-08,1.1738297E-01
3.165582E-08,1.1733026E-01
3.170582E-08,1.1743567E-01
3.175582E-08,1.1759380E-01
3.180582E-08,1.1780464E-01
3.185582E-08,1.1812089E-01
3.190582E-08,1.1848985E-01
3.195582E-08,1.1891153E-01
3.200582E-08,1.1933320E-01
3.205582E-08,1.1980758E-01
3.210582E-08,1.2022925E-01
3.215582E-08,1.2070363E-01
3.220582E-08,1.2107260E-01
3.225582E-08,1.2144156E-01
3.230582E-08,1.2175781E-01
3.235582E-08,1.2196865E-01
3.240582E-08,1.2212678E-01
3.245582E-08,1.2223219E-01
3.250582E-08,1.2223219E-01
3.255582E-08,1.2217949E-01
3.260582E-08,1.2202136E-01
3.265582E-08,1.2175781E-01
3.270582E-08,1.2144156E-01
3.275582E-08,1.2107260E-01
3.280582E-08,1.2059822E-01
3.285582E-08,1.2012383E-01
3.290582E-08,1.1959674E-01
3.295582E-08,1.1901695E-01
3.300582E-08,1.1843715E-01
3.305582E-08,1.1780464E-01
3.310582E-08,1.1722484E-01
3.315582E-08,1.1664504E-01
3.320582E-08,1.1611795E-01
3.325582E-08,1.1564357E-01
3.330582E-08,1.1516919E-01
3.335582E-08,1.1480022E-01
3.340582E-08,1.1448397E-01
3.345582E-08,1.1422042E-01
3.350582E-08,1.1400959E-01
3.355582E-08,1.1385146E-01
3.360582E-08,1.1379875E-01
3.365582E-08,1.1379875E-01
3.370582E-08,1.1385146E-01
3.375582E-08,1.1395688E-01
3.380582E-08,1.1411501E-01
3.385582E-08,1.1432584E-01
3.390582E-08,1.1453668E-01
3.395582E-08,1.1480022E-01
3.400582E-08,1.1506377E-01
3.405582E-08,1.1527461E-01
3.410582E-08,1.1553815E-01
3.415582E-08,1.1574899E-01
3.420582E-08,1.1595982E-01
3.425582E-08,1.1606524E-01
3.430582E-08,1.1617066E-01
3.435582E-08,1.1622337E-01
3.440582E-08,1.1627608E-01
3.445582E-08,1.1622337E-01
3.450582E-08,1.1611795E-01
3.455582E-08,1.1595982E-01
3.460582E-08,1.1574899E-01
3.465582E-08,1.1548544E-01
3.470582E-08,1.1522190E-01
3.475582E-08,1.1485293E-01
3.480582E-08,1.1448397E-01
3.485582E-08,1.1411501E-01
3.490582E-08,1.1374604E-01
3.495582E-08,1.1332437E-01
3.500582E-08,1.1295541E-01
3.505582E-08,1.1258645E-01
3.510582E-08,1.1221748E-01
3.515582E-08,1.1190123E-01
3.520582E-08,1.1163768E-01
3.525582E-08,1.1137414E-01
3.530582E-08,1.1121601E-01
3.535582E-08,1.1105788E-01
3.540582E-08,1.1095247E-01
3.545582E-08,1.1095247E-01
3.550582E-08,1.1095247E-01
3.555582E-08,1.1100517E-01
3.560582E-08,1.1111059E-01
3.565582E-08,1.1126872E-01
3.570582E-08,1.1142685E-01
3.575582E-08,1.1163768E-01
3.580582E-08,1.1190123E-01
3.585582E-08,1.1211206E-01
3.590582E-08,1.1237561E-01
3.595582E-08,1.1258645E-01
3.600582E-08,1.1279728E-01
3.605582E-08,1.1300812E-01
3.610582E-08,1.1321895E-01
3.615582E-08,1.1332437E-01
3.620582E-08,1.1342979E-01
3.625582E-08,1.1348250E-01
3.630582E-08,1.1348250E-01
3.635582E-08,1.1348250E-01
3.640582E-08,1.1337708E-01
3.645582E-08,1.1327166E-01
3.650582E-08,1.1311354E-01
3.655582E-08,1.1290270E-01
3.660582E-08,1.1263915E-01
3.665582E-08,1.1237561E-01
3.670582E-08,1.1211206E-01
3.675582E-08,1.1179581E-01
3.680582E-08,1.1147956E-01
3.685582E-08,1.1121601E-01
3.690582E-08,1.1095247E-01
3.695582E-08,1.1068892E-01
3.700582E-08,1.1042538E-01
3.705582E-08,1.1026725E-01
3.710582E-08,1.1010912E-01
3.715582E-08,1.1000370E-01
3.720582E-08,1.0995099E-01
3.725582E-08,1.0995099E-01
3.730582E-08,1.1005641E-01
3.735582E-08,1.1016183E-01
3.740582E-08,1.1031996E-01
3.745582E-08,1.1053079E-01
3.750582E-08,1.1079434E-01
3.755582E-08,1.1105788E-01
3.760582E-08,1.1137414E-01
3.765582E-08,1.1174310E-01
3.770582E-08,1.1205936E-01
3.775582E-08,1.1242832E-01
3.780582E-08,1.1279728E-01
3.785582E-08,1.1311354E-01
3.790582E-08,1.1337708E-01
3.795582E-08,1.1364063E-01
3.800582E-08,1.1390417E-01
3.805582E-08,1.1406230E-01
3.810582E-08,1.1416772E-01
3.815582E-08,1.1422042E-01
3.820582E-08,1.1416772E-01
3.825582E-08,1.1411501E-01
3.830582E-08,1.1395688E-01
3.835582E-08,1.1369333E-01
3.840582E-08,1.1342979E-01
3.845582E-08,1.1311354E-01
3.850582E-08,1.1269186E-01
3.855582E-08,1.1227019E-01
3.860582E-08,1.1179581E-01
3.865582E-08,1.1132143E-01
3.870582E-08,1.1079434E-01
3.875582E-08,1.1031996E-01
3.880582E-08,1.0984558E-01
3.885582E-08,1.0937120E-01
3.890582E-08,1.0894952E-01
3.895582E-08,1.0852785E-01
3.900582E-08,1.0821160E-01
3.905582E-08,1.0794805E-01
3.910582E-08,1.0773722E-01
3.915582E-08,1.0757909E-01
3.920582E-08,1.0752638E-01
3.925582E-08,1.0752638E-01
3.930582E-08,1.0757909E-01
3.935582E-08,1.0773722E-01
3.940582E-08,1.0794805E-01
3.945582E-08,1.0821160E-01
3.950582E-08,1.0852785E-01
3.955582E-08,1.0889681E-01
3.960582E-08,1.0926578E-01
3.965582E-08,1.0963474E-01
3.970582E-08,1.1005641E-01
3.975582E-08,1.1047808E-01
3.980582E-08,1.1084705E-01
3.985582E-08,1.1116330E-01
3.990582E-08,1.1147956E-01
3.995582E-08,1.1169039E-01
4.000582E-08,1.1184852E-01
4.005582E-08,1.1195394E-01
4.010582E-08,1.1195394E-01
4.015582E-08,1.1190123E-01
4.020582E-08,1.1174310E-01
4.025582E-08,1.1147956E-01
4.030582E-08,1.1116330E-01
4.035582E-08,1.1074163E-01
4.040582E-08,1.1026725E-01
4.045582E-08,1.0974016E-01
4.050582E-08,1.0910765E-01
4.055582E-08,1.0847514E-01
4.060582E-08,1.0784263E-01
4.065582E-08,1.0715742E-01
4.070582E-08,1.0647220E-01
4.075582E-08,1.0583969E-01
4.080582E-08,1.0525989E-01
4.085582E-08,1.0468009E-01
4.090582E-08,1.0420571E-01
4.095582E-08,1.0378404E-01
4.100582E-08,1.0341508E-01
4.105582E-08,1.0320424E-01
4.110582E-08,1.0304611E-01
4.115582E-08,1.0304611E-01
4.120582E-08,1.0309882E-01
4.125582E-08,1.0325695E-01
4.130582E-08,1.0357320E-01
4.135582E-08,1.0394217E-01
4.140582E-08,1.0436384E-01
4.145582E-08,1.0489093E-01
4.150582E-08,1.0547073E-01
4.155582E-08,1.0605053E-01
4.160582E-08,1.0668304E-01
4.165582E-08,1.0731554E-01
4.170582E-08,1.0794805E-01
4.175582E-08,1.0852785E-01
4.180582E-08,1.0900223E-01
4.185582E-08,1.0947661E-01
4.190582E-08,1.0979287E-01
4.195582E-08,1.1005641E-01
4.200582E-08,1.1016183E-01
4.205582E-08,1.1016183E-01
4.210582E-08,1.1000370E-01
4.215582E-08,1.0974016E-01
4.220582E-08,1.0931849E-01
4.225582E-08,1.0879140E-01
4.230582E-08,1.0810618E-01
4.235582E-08,1.0736825E-01
4.240582E-08,1.0647220E-01
4.245582E-08,1.0552344E-01
4.250582E-08,1.0452197E-01
4.255582E-08,1.0352050E-01
4.260582E-08,1.0246631E-01
4.265582E-08,1.0146484E-01
4.270582E-08,1.0051608E-01
4.275582E-08,9.967274E-02
4.280582E-08,9.893481E-02
4.285582E-08,9.830230E-02
4.290582E-08,9.788063E-02
4.295582E-08,9.756438E-02
4.300582E-08,9.751167E-02
4.305582E-08,9.766979E-02
4.310582E-08,9.803876E-02
4.315582E-08,9.861856E-02
4.320582E-08,9.946190E-02
4.325582E-08,1.0046337E-01
4.330582E-08,1.0172839E-01
4.335582E-08,1.0315153E-01
4.340582E-08,1.0473280E-01
4.345582E-08,1.0641949E-01
4.350582E-08,1.0821160E-01
4.355582E-08,1.1000370E-01
4.360582E-08,1.1184852E-01
4.365582E-08,1.1358792E-01
4.370582E-08,1.1522190E-01
4.375582E-08,1.1664504E-01
4.380582E-08,1.1791006E-01
4.385582E-08,1.1880611E-01
4.390582E-08,1.1938591E-01
4.395582E-08,1.1954404E-01
4.400582E-08,1.1928049E-01
4.405582E-08,1.1843715E-01
4.410582E-08,1.1706671E-01
4.415582E-08,1.1506377E-01
4.420582E-08,1.1248103E-01
4.425582E-08,1.0916036E-01
4.430582E-08,1.0520718E-01
4.435582E-08,1.0056879E-01
4.440582E-08,9.519247E-02
4.445582E-08,8.913093E-02
4.450582E-08,8.243689E-02
4.455582E-08,7.505763E-02
4.460582E-08,6.709857E-02
4.465582E-08,5.850700E-02
4.470582E-08,4.944105E-02
4.475582E-08,3.990072E-02
4.480582E-08,2.993871E-02
4.485582E-08,1.966045E-02
4.490582E-08,9.11865E-03
4.495582E-08,-1.58128E-03
4.500582E-08,-1.243934E-02
4.505582E-08,-2.329739E-02
4.510582E-08,-3.410274E-02
4.515582E-08,-4.480267E-02
4.520582E-08,-5.523905E-02
4.525582E-08,-6.541189E-02
4.530582E-08,-7.526848E-02
4.535582E-08,-8.470339E-02
4.540582E-08,-9.366393E-02
4.545582E-08,-1.0209737E-01
4.550582E-08,-1.1000372E-01
4.555582E-08,-1.1727756E-01
4.560582E-08,-1.2391890E-01
4.565582E-08,-1.2998044E-01
4.570582E-08,-1.3540947E-01
4.575582E-08,-1.4015328E-01
4.580582E-08,-1.4426458E-01
4.585582E-08,-1.4779608E-01
4.590582E-08,-1.5069508E-01
4.595582E-08,-1.5306698E-01
4.600582E-08,-1.5485909E-01
4.605582E-08,-1.5617682E-01
4.610582E-08,-1.5707287E-01
4.615582E-08,-1.5759996E-01
4.620582E-08,-1.5775809E-01
4.625582E-08,-1.5759996E-01
4.630582E-08,-1.5723100E-01
4.635582E-08,-1.5670391E-01
4.640582E-08,-1.5601869E-01
4.645582E-08,-1.5522805E-01
4.650582E-08,-1.5438471E-01
4.655582E-08,-1.5359407E-01
4.660582E-08,-1.5280344E-01
4.665582E-08,-1.5206551E-01
4.670582E-08,-1.5143301E-01
4.675582E-08,-1.5090592E-01
4.680582E-08,-1.5053695E-01
4.685582E-08,-1.5027341E-01
4.690582E-08,-1.5022070E-01
4.695582E-08,-1.5027341E-01
4.700582E-08,-1.5048424E-01
4.705582E-08,-1.5080050E-01
4.710582E-08,-1.5127488E-01
4.715582E-08,-1.5185468E-01
4.720582E-08,-1.5248719E-01
4.725582E-08,-1.5322511E-01
4.730582E-08,-1.5401575E-01
4.735582E-08,-1.5480638E-01
4.740582E-08,-1.5559702E-01
4.745582E-08,-1.5638765E-01
4.750582E-08,-1.5712558E-01
4.755582E-08,-1.5781080E-01
4.760582E-08,-1.5844330E-01
4.765582E-08,-1.5897039E-01
4.770582E-08,-1.5939207E-01
4.775582E-08,-1.5965561E-01
4.780582E-08,-1.5981374E-01
4.785582E-08,-1.5986645E-01
4.790582E-08,-1.5976103E-01
4.795582E-08,-1.5949748E-01
4.800582E-08,-1.5918123E-01
4.805582E-08,-1.5865414E-01
4.810582E-08,-1.5807434E-01
4.815582E-08,-1.5738912E-01
4.820582E-08,-1.5665120E-01
4.825582E-08,-1.5580785E-01
4.830582E-08,-1.5491180E-01
4.835582E-08,-1.5396304E-01
4.840582E-08,-1.5301428E-01
4.845582E-08,-1.5206551E-01
4.850582E-08,-1.5116946E-01
4.855582E-08,-1.5027341E-01
4.860582E-08,-1.4943006E-01
4.865582E-08,-1.4863943E-01
4.870582E-08,-1.4790150E-01
4.875582E-08,-1.4726899E-01
4.880582E-08,-1.4674190E-01
4.885582E-08,-1.4626752E-01
4.890582E-08,-1.4589856E-01
4.895582E-08,-1.4563501E-01
4.900582E-08,-1.4547689E-01
4.905582E-08,-1.4537147E-01
4.910582E-08,-1.4537147E-01
4.915582E-08,-1.4542418E-01
4.920582E-08,-1.4552960E-01
4.925582E-08,-1.4574043E-01
4.930582E-08,-1.4595127E-01
4.935582E-08,-1.4621481E-01
4.940582E-08,-1.4647836E-01
4.945582E-08,-1.4674190E-01
4.950582E-08,-1.4700545E-01
4.955582E-08,-1.4721628E-01
4.960582E-08,-1.4742712E-01
4.965582E-08,-1.4763796E-01
4.970582E-08,-1.4779608E-01
4.975582E-08,-1.4784879E-01
4.980582E-08,-1.4790150E-01
4.985582E-08,-1.4790150E-01
4.990582E-08,-1.4779608E-01
4.995582E-08,-1.4763796E-01
5.000582E-08,-1.4742712E-01
5.005582E-08,-1.4721628E-01
5.010582E-08,-1.4690003E-01
5.015582E-08,-1.4658378E-01
5.020582E-08,-1.4621481E-01
5.025582E-08,-1.4579314E-01
5.030582E-08,-1.4537147E-01
5.035582E-08,-1.4494980E-01
5.040582E-08,-1.4452812E-01
5.045582E-08,-1.4410645E-01
5.050582E-08,-1.4368478E-01
5.055582E-08,-1.4331582E-01
5.060582E-08,-1.4299956E-01
5.065582E-08,-1.4268331E-01
5.070582E-08,-1.4241976E-01
5.075582E-08,-1.4220893E-01
5.080582E-08,-1.4205080E-01
5.085582E-08,-1.4194538E-01
5.090582E-08,-1.4189267E-01
5.095582E-08,-1.4189267E-01
5.100582E-08,-1.4194538E-01
5.105582E-08,-1.4205080E-01
5.110582E-08,-1.4220893E-01
5.115582E-08,-1.4236705E-01
5.120582E-08,-1.4257789E-01
5.125582E-08,-1.4278873E-01
5.130582E-08,-1.4305227E-01
5.135582E-08,-1.4331582E-01
5.140582E-08,-1.4357936E-01
5.145582E-08,-1.4384291E-01
5.150582E-08,-1.4410645E-01
5.155582E-08,-1.4431729E-01
5.160582E-08,-1.4452812E-01
5.165582E-08,-1.4473896E-01
5.170582E-08,-1.4484438E-01
5.175582E-08,-1.4494980E-01
5.180582E-08,-1.4505521E-01
5.185582E-08,-1.4505521E-01
5.190582E-08,-1.4505521E-01
5.195582E-08,-1.4500251E-01
5.200582E-08,-1.4489709E-01
5.205582E-08,-1.4479167E-01
5.210582E-08,-1.4463354E-01
5.215582E-08,-1.4442271E-01
5.220582E-08,-1.4421187E-01
5.225582E-08,-1.4400103E-01
5.230582E-08,-1.4379020E-01
5.235582E-08,-1.4352665E-01
5.240582E-08,-1.4326311E-01
5.245582E-08,-1.4305227E-01
5.250582E-08,-1.4284144E-01
5.255582E-08,-1.4263060E-01
5.260582E-08,-1.4247247E-01
5.265582E-08,-1.4231435E-01
5.270582E-08,-1.4215622E-01
5.275582E-08,-1.4210351E-01
5.280582E-08,-1.4199809E-01
5.285582E-08,-1.4199809E-01
5.290582E-08,-1.4199809E-01
5.295582E-08,-1.4205080E-01
5.300582E-08,-1.4215622E-01
5.305582E-08,-1.4226164E-01
5.310582E-08,-1.4236705E-01
5.315582E-08,-1.4252518E-01
5.320582E-08,-1.4273602E-01
5.325582E-08,-1.4289415E-01
5.330582E-08,-1.4310498E-01
5.335582E-08,-1.4331582E-01
5.340582E-08,-1.4352665E-01
5.345582E-08,-1.4373749E-01
5.350582E-08,-1.4394833E-01
5.355582E-08,-1.4415916E-01
5.360582E-08,-1.4431729E-01
5.365582E-08,-1.4447542E-01
5.370582E-08,-1.4463354E-01
5.375582E-08,-1.4473896E-01
5.380582E-08,-1.4484438E-01
5.385582E-08,-1.4494980E-01
5.390582E-08,-1.4500251E-01
5.395582E-08,-1.4505521E-01
5.400582E-08,-1.4505521E-01
5.405582E-08,-1.4505521E-01
5.410582E-08,-1.4505521E-01
5.415582E-08,-1.4505521E-01
5.420582E-08,-1.4500251E-01
5.425582E-08,-1.4500251E-01
5.430582E-08,-1.4494980E-01
5.435582E-08,-1.4494980E-01
5.440582E-08,-1.4489709E-01
5.445582E-08,-1.4489709E-01
5.450582E-08,-1.4489709E-01
5.455582E-08,-1.4494980E-01
5.460582E-08,-1.4494980E-01
5.465582E-08,-1.4500251E-01
5.470582E-08,-1.4510792E-01
5.475582E-08,-1.4521334E-01
5.480582E-08,-1.4537147E-01
5.485582E-08,-1.4547689E-01
5.490582E-08,-1.4568772E-01
5.495582E-08,-1.4584585E-01
5.500582E-08,-1.4605669E-01
5.505582E-08,-1.4632023E-01
5.510582E-08,-1.4653107E-01
5.515582E-08,-1.4679461E-01
5.520582E-08,-1.4705816E-01
5.525582E-08,-1.4732170E-01
5.530582E-08,-1.4758525E-01
5.535582E-08,-1.4779608E-01
5.540582E-08,-1.4805963E-01
5.545582E-08,-1.4827046E-01
5.550582E-08,-1.4853401E-01
5.555582E-08,-1.4869214E-01
5.560582E-08,-1.4890297E-01
5.565582E-08,-1.4906110E-01
5.570582E-08,-1.4921923E-01
5.575582E-08,-1.4932464E-01
5.580582E-08,-1.4943006E-01
5.585582E-08,-1.4948277E-01
5.590582E-08,-1.4953548E-01
5.595582E-08,-1.4958819E-01
5.600582E-08,-1.4958819E-01
5.605582E-08,-1.4958819E-01
5.610582E-08,-1.4958819E-01
5.615582E-08,-1.4953548E-01
5.620582E-08,-1.4953548E-01
5.625582E-08,-1.4948277E-01
5.630582E-08,-1.4943006E-01
5.635582E-08,-1.4937735E-01
5.640582E-08,-1.4932464E-01
5.645582E-08,-1.4932464E-01
5.650582E-08,-1.4927194E-01
5.655582E-08,-1.4927194E-01
5.660582E-08,-1.4927194E-01
5.665582E-08,-1.4932464E-01
5.670582E-08,-1.4932464E-01
5.675582E-08,-1.4937735E-01
5.680582E-08,-1.4943006E-01
5.685582E-08,-1.4953548E-01
5.690582E-08,-1.4958819E-01
5.695582E-08,-1.4969361E-01
5.700582E-08,-1.4979903E-01
5.705582E-08,-1.4995715E-01
5.710582E-08,-1.5006257E-01
5.715582E-08,-1.5022070E-01
5.720582E-08,-1.5032612E-01
5.725582E-08,-1.5048424E-01
5.730582E-08,-1.5058966E-01
5.735582E-08,-1.5069508E-01
5.740582E-08,-1.5080050E-01
5.745582E-08,-1.5090592E-01
5.750582E-08,-1.5095862E-01
5.755582E-08,-1.5101133E-01
5.760582E-08,-1.5106404E-01
5.765582E-08,-1.5106404E-01
5.770582E-08,-1.5106404E-01
5.775582E-08,-1.5101133E-01
5.780582E-08,-1.5095862E-01
5.785582E-08,-1.5090592E-01
5.790582E-08,-1.5080050E-01
5.795582E-08,-1.5069508E-01
5.800582E-08,-1.5053695E-01
5.805582E-08,-1.5037883E-01
5.810582E-08,-1.5022070E-01
5.815582E-08,-1.5006257E-01
5.820582E-08,-1.4985173E-01
5.825582E-08,-1.4964090E-01
5.830582E-08,-1.4943006E-01
5.835582E-08,-1.4927194E-01
5.840582E-08,-1.4906110E-01
5.845582E-08,-1.4885026E-01
5.850582E-08,-1.4863943E-01
5.855582E-08,-1.4848130E-01
5.860582E-08,-1.4832317E-01
5.865582E-08,-1.4816505E-01
5.870582E-08,-1.4800692E-01
5.875582E-08,-1.4790150E-01
5.880582E-08,-1.4779608E-01
5.885582E-08,-1.4769067E-01
5.890582E-08,-1.4763796E-01
5.895582E-08,-1.4758525E-01
5.900582E-08,-1.4753254E-01
5.905582E-08,-1.4753254E-01
5.910582E-08,-1.4753254E-01
5.915582E-08,-1.4753254E-01
5.920582E-08,-1.4753254E-01
5.925582E-08,-1.4758525E-01
5.930582E-08,-1.4763796E-01
5.935582E-08,-1.4763796E-01
5.940582E-08,-1.4769067E-01
5.945582E-08,-1.4774337E-01
5.950582E-08,-1.4779608E-01
5.955582E-08,-1.4784879E-01
5.960582E-08,-1.4790150E-01
5.965582E-08,-1.4795421E-01
5.970582E-08,-1.4800692E-01
5.975582E-08,-1.4800692E-01
5.980582E-08,-1.4805963E-01
5.985582E-08,-1.4805963E-01
5.990582E-08,-1.4811234E-01
5.995582E-08,-1.4811234E-01
6.000582E-08,-1.4811234E-01
6.005582E-08,-1.4811234E-01
6.010582E-08,-1.4811234E-01
6.015582E-08,-1.4811234E-01
6.020582E-08,-1.4811234E-01
6.025582E-08,-1.4811234E-01
6.030582E-08,-1.4811234E-01
6.035582E-08,-1.4811234E-01
6.040582E-08,-1.4805963E-01
6.045582E-08,-1.4805963E-01
6.050582E-08,-1.4811234E-01
6.055582E-08,-1.4811234E-01
6.060582E-08,-1.4811234E-01
6.065582E-08,-1.4816505E-01
6.070582E-08,-1.4816505E-01
6.075582E-08,-1.4821776E-01
6.080582E-08,-1.4827046E-01
6.085582E-08,-1.4832317E-01
6.090582E-08,-1.4837588E-01
6.095582E-08,-1.4842859E-01
6.100582E-08,-1.4848130E-01
6.105582E-08,-1.4858672E-01
6.110582E-08,-1.4863943E-01
6.115582E-08,-1.4874485E-01
6.120582E-08,-1.4879755E-01
6.125582E-08,-1.4890297E-01
6.130582E-08,-1.4895568E-01
6.135582E-08,-1.4906110E-01
6.140582E-08,-1.4911381E-01
6.145582E-08,-1.4916652E-01
6.150582E-08,-1.4927194E-01
6.155582E-08,-1.4932464E-01
6.160582E-08,-1.4937735E-01
6.165582E-08,-1.4943006E-01
6.170582E-08,-1.4948277E-01
6.175582E-08,-1.4953548E-01
6.180582E-08,-1.4953548E-01
6.185582E-08,-1.4958819E-01
6.190582E-08,-1.4958819E-01
6.195582E-08,-1.4958819E-01
6.200582E-08,-1.4964090E-01
6.205582E-08,-1.4964090E-01
6.210582E-08,-1.4964090E-01
6.215582E-08,-1.4964090E-01
6.220582E-08,-1.4964090E-01
6.225582E-08,-1.4964090E-01
6.230582E-08,-1.4969361E-01
6.235582E-08,-1.4969361E-01
6.240582E-08,-1.4969361E-01
6.245582E-08,-1.4969361E-01
6.250582E-08,-1.4974632E-01
6.255582E-08,-1.4974632E-01
6.260582E-08,-1.4979903E-01
6.265582E-08,-1.4979903E-01
6.270582E-08,-1.4985173E-01
6.275582E-08,-1.4990444E-01
6.280582E-08,-1.4995715E-01
6.285582E-08,-1.5000986E-01
6.290582E-08,-1.5006257E-01
6.295582E-08,-1.5016799E-01
6.300582E-08,-1.5022070E-01
6.305582E-08,-1.5027341E-01
6.310582E-08,-1.5037883E-01
6.315582E-08,-1.5043153E-01
6.320582E-08,-1.5048424E-01
6.325582E-08,-1.5058966E-01
6.330582E-08,-1.5064237E-01
6.335582E-08,-1.5069508E-01
6.340582E-08,-1.5074779E-01
6.345582E-08,-1.5080050E-01
6.350582E-08,-1.5085321E-01
6.355582E-08,-1.5090592E-01
6.360582E-08,-1.5090592E-01
6.365582E-08,-1.5095862E-01
6.370582E-08,-1.5095862E-01
6.375582E-08,-1.5095862E-01
6.380582E-08,-1.5095862E-01
6.385582E-08,-1.5095862E-01
6.390582E-08,-1.5095862E-01
6.395582E-08,-1.5090592E-01
6.400582E-08,-1.5090592E-01
6.405582E-08,-1.5085321E-01
6.410582E-08,-1.5080050E-01
6.415582E-08,-1.5074779E-01
6.420582E-08,-1.5069508E-01
6.425582E-08,-1.5064237E-01
6.430582E-08,-1.5058966E-01
6.435582E-08,-1.5053695E-01
6.440582E-08,-1.5043153E-01
6.445582E-08,-1.5037883E-01
6.450582E-08,-1.5032612E-01
6.455582E-08,-1.5027341E-01
6.460582E-08,-1.5022070E-01
6.465582E-08,-1.5016799E-01
6.470582E-08,-1.5011528E-01
6.475582E-08,-1.5006257E-01
6.480582E-08,-1.5000986E-01
6.485582E-08,-1.4990444E-01
6.490582E-08,-1.4985173E-01
6.495582E-08,-1.4979903E-01
6.500582E-08,-1.4974632E-01
6.505582E-08,-1.4964090E-01
6.510582E-08,-1.4958819E-01
6.515582E-08,-1.4953548E-01
6.520582E-08,-1.4943006E-01
6.525582E-08,-1.4937735E-01
6.530582E-08,-1.4927194E-01
6.535582E-08,-1.4921923E-01
6.540582E-08,-1.4916652E-01
6.545582E-08,-1.4906110E-01
6.550582E-08,-1.4900839E-01
6.555582E-08,-1.4890297E-01
6.560582E-08,-1.4885026E-01
6.565582E-08,-1.4874485E-01
6.570582E-08,-1.4869214E-01
6.575582E-08,-1.4863943E-01
6.580582E-08,-1.4853401E-01
6.585582E-08,-1.4848130E-01
6.590582E-08,-1.4842859E-01
6.595582E-08,-1.4837588E-01
6.600582E-08,-1.4832317E-01
6.605582E-08,-1.4827046E-01
6.610582E-08,-1.4821776E-01
6.615582E-08,-1.4816505E-01
6.620582E-08,-1.4811234E-01
6.625582E-08,-1.4805963E-01
6.630582E-08,-1.4800692E-01
6.635582E-08,-1.4795421E-01
6.640582E-08,-1.4795421E-01
6.645582E-08,-1.4790150E-01
6.650582E-08,-1.4790150E-01
6.655582E-08,-1.4784879E-01
6.660582E-08,-1.4784879E-01
6.665582E-08,-1.4779608E-01
6.670582E-08,-1.4779608E-01
6.675582E-08,-1.4774337E-01
6.680582E-08,-1.4769067E-01
6.685582E-08,-1.4769067E-01
6.690582E-08,-1.4763796E-01
6.695582E-08,-1.4763796E-01
6.700582E-08,-1.4758525E-01
6.705582E-08,-1.4753254E-01
6.710582E-08,-1.4753254E-01
6.715582E-08,-1.4747983E-01
6.720582E-08,-1.4742712E-01
6.725582E-08,-1.4742712E-01
6.730582E-08,-1.4737441E-01
6.735582E-08,-1.4732170E-01
6.740582E-08,-1.4726899E-01
6.745582E-08,-1.4726899E-01
6.750582E-08,-1.4721628E-01
6.755582E-08,-1.4716358E-01
6.760582E-08,-1.4711087E-01
6.765582E-08,-1.4705816E-01
6.770582E-08,-1.4705816E-01
6.775582E-08,-1.4700545E-01
6.780582E-08,-1.4695274E-01
6.785582E-08,-1.4695274E-01
6.790582E-08,-1.4690003E-01
6.795582E-08,-1.4690003E-01
6.800582E-08,-1.4684732E-01
6.805582E-08,-1.4684732E-01
6.810582E-08,-1.4684732E-01
6.815582E-08,-1.4684732E-01
6.820582E-08,-1.4679461E-01
6.825582E-08,-1.4679461E-01
6.830582E-08,-1.4684732E-01
6.835582E-08,-1.4684732E-01
6.840582E-08,-1.4684732E-01
6.845582E-08,-1.4684732E-01
6.850582E-08,-1.4690003E-01
6.855582E-08,-1.4690003E-01
6.860582E-08,-1.4695274E-01
6.865582E-08,-1.4695274E-01
6.870582E-08,-1.4700545E-01
6.875582E-08,-1.4705816E-01
6.880582E-08,-1.4705816E-01
6.885582E-08,-1.4711087E-01
6.890582E-08,-1.4716358E-01
6.895582E-08,-1.4721628E-01
6.900582E-08,-1.4726899E-01
6.905582E-08,-1.4732170E-01
6.910582E-08,-1.4737441E-01
6.915582E-08,-1.4737441E-01
6.920582E-08,-1.4742712E-01
6.925582E-08,-1.4747983E-01
6.930582E-08,-1.4753254E-01
6.935582E-08,-1.4758525E-01
6.940582E-08,-1.4763796E-01
6.945582E-08,-1.4769067E-01
6.950582E-08,-1.4774337E-01
6.955582E-08,-1.4774337E-01
6.960582E-08,-1.4779608E-01
6.965582E-08,-1.4784879E-01
6.970582E-08,-1.4790150E-01
6.975582E-08,-1.4795421E-01
6.980582E-08,-1.4800692E-01
6.985582E-08,-1.4805963E-01
6.990582E-08,-1.4811234E-01
6.995582E-08,-1.4816505E-01
7.000582E-08,-1.4821776E-01
7.005582E-08,-1.4827046E-01
7.010582E-08,-1.4832317E-01
7.015582E-08,-1.4842859E-01
7.020582E-08,-1.4848130E-01
7.025582E-08,-1.4853401E-01
7.030582E-08,-1.4858672E-01
7.035582E-08,-1.4869214E-01
7.040582E-08,-1.4874485E-01
7.045582E-08,-1.4885026E-01
7.050582E-08,-1.4890297E-01
7.055582E-08,-1.4895568E-01
7.060582E-08,-1.4906110E-01
7.065582E-08,-1.4911381E-01
7.070582E-08,-1.4921923E-01
7.075582E-08,-1.4927194E-01
7.080582E-08,-1.4937735E-01
7.085582E-08,-1.4943006E-01
7.090582E-08,-1.4948277E-01
7.095582E-08,-1.4958819E-01
7.100582E-08,-1.4964090E-01
7.105582E-08,-1.4969361E-01
7.110582E-08,-1.4974632E-01
7.115582E-08,-1.4979903E-01
7.120582E-08,-1.4985173E-01
7.125582E-08,-1.4990444E-01
7.130582E-08,-1.4995715E-01
7.135582E-08,-1.5000986E-01
7.140582E-08,-1.5000986E-01
7.145582E-08,-1.5006257E-01
7.150582E-08,-1.5011528E-01
7.155582E-08,-1.5011528E-01
7.160582E-08,-1.5011528E-01
7.165582E-08,-1.5011528E-01
7.170582E-08,-1.5016799E-01
7.175582E-08,-1.5016799E-01
7.180582E-08,-1.5016799E-01
7.185582E-08,-1.5016799E-01
7.190582E-08,-1.5016799E-01
7.195582E-08,-1.5011528E-01
7.200582E-08,-1.5011528E-01
7.205582E-08,-1.5011528E-01
7.210582E-08,-1.5011528E-01
7.215582E-08,-1.5006257E-01
7.220582E-08,-1.5006257E-01
7.225582E-08,-1.5006257E-01
7.230582E-08,-1.5006257E-01
7.235582E-08,-1.5000986E-01
7.240582E-08,-1.5000986E-01
7.245582E-08,-1.5000986E-01
7.250582E-08,-1.5000986E-01
7.255582E-08,-1.5000986E-01
7.260582E-08,-1.5000986E-01
7.265582E-08,-1.5000986E-01
7.270582E-08,-1.5000986E-01
7.275582E-08,-1.5000986E-01
7.280582E-08,-1.5000986E-01
7.285582E-08,-1.5000986E-01
7.290582E-08,-1.5000986E-01
7.295582E-08,-1.5000986E-01
7.300582E-08,-1.5000986E-01
7.305582E-08,-1.5006257E-01
7.310582E-08,-1.5006257E-01
7.315582E-08,-1.5006257E-01
7.320582E-08,-1.5011528E-01
7.325582E-08,-1.5011528E-01
7.330582E-08,-1.5011528E-01
7.335582E-08,-1.5016799E-01
7.340582E-08,-1.5016799E-01
7.345582E-08,-1.5016799E-01
7.350582E-08,-1.5022070E-01
7.355582E-08,-1.5022070E-01
7.360582E-08,-1.5022070E-01
7.365582E-08,-1.5022070E-01
7.370582E-08,-1.5022070E-01
7.375582E-08,-1.5027341E-01
7.380582E-08,-1.5027341E-01
7.385582E-08,-1.5027341E-01
7.390582E-08,-1.5027341E-01
7.395582E-08,-1.5022070E-01
7.400582E-08,-1.5022070E-01
7.405582E-08,-1.5022070E-01
7.410582E-08,-1.5022070E-01
7.415582E-08,-1.5016799E-01
7.420582E-08,-1.5016799E-01
7.425582E-08,-1.5011528E-01
7.430582E-08,-1.5011528E-01
7.435582E-08,-1.5006257E-01
7.440582E-08,-1.5000986E-01
7.445582E-08,-1.5000986E-01
7.450582E-08,-1.4995715E-01
7.455582E-08,-1.4990444E-01
7.460582E-08,-1.4985173E-01
7.465582E-08,-1.4979903E-01
7.470582E-08,-1.4974632E-01
7.475582E-08,-1.4969361E-01
7.480582E-08,-1.4969361E-01
7.485582E-08,-1.4964090E-01
7.490582E-08,-1.4958819E-01
7.495582E-08,-1.4953548E-01
7.500582E-08,-1.4948277E-01
7.505582E-08,-1.4943006E-01
7.510582E-08,-1.4937735E-01
7.515582E-08,-1.4932464E-01
7.520582E-08,-1.4932464E-01
7.525582E-08,-1.4927194E-01
7.530582E-08,-1.4927194E-01
7.535582E-08,-1.4921923E-01
7.540582E-08,-1.4921923E-01
7.545582E-08,-1.4916652E-01
7.550582E-08,-1.4916652E-01
7.555582E-08,-1.4916652E-01
7.560582E-08,-1.4916652E-01
7.565582E-08,-1.4916652E-01
7.570582E-08,-1.4916652E-01
7.575582E-08,-1.4916652E-01
7.580582E-08,-1.4916652E-01
7.585582E-08,-1.4921923E-01
7.590582E-08,-1.4921923E-01
7.595582E-08,-1.4921923E-01
7.600582E-08,-1.4927194E-01
7.605582E-08,-1.4927194E-01
7.610582E-08,-1.4932464E-01
7.615582E-08,-1.4932464E-01
7.620582E-08,-1.4937735E-01
7.625582E-08,-1.4937735E-01
7.630582E-08,-1.4937735E-01
7.635582E-08,-1.4943006E-01
7.640582E-08,-1.4943006E-01
7.645582E-08,-1.4943006E-01
7.650582E-08,-1.4948277E-01
7.655582E-08,-1.4948277E-01
7.660582E-08,-1.4948277E-01
7.665582E-08,-1.4943006E-01
7.670582E-08,-1.4943006E-01
7.675582E-08,-1.4943006E-01
7.680582E-08,-1.4943006E-01
7.685582E-08,-1.4937735E-01
7.690582E-08,-1.4937735E-01
7.695582E-08,-1.4932464E-01
7.700582E-08,-1.4932464E-01
7.705582E-08,-1.4927194E-01
7.710582E-08,-1.4921923E-01
7.715582E-08,-1.4916652E-01
7.720582E-08,-1.4916652E-01
7.725582E-08,-1.4911381E-01
7.730582E-08,-1.4906110E-01
7.735582E-08,-1.4900839E-01
7.740582E-08,-1.4895568E-01
7.745582E-08,-1.4895568E-01
7.750582E-08,-1.4890297E-01
7.755582E-08,-1.4885026E-01
7.760582E-08,-1.4879755E-01
7.765582E-08,-1.4879755E-01
7.770582E-08,-1.4879755E-01
7.775582E-08,-1.4874485E-01
7.780582E-08,-1.4874485E-01
7.785582E-08,-1.4869214E-01
7.790582E-08,-1.4869214E-01
7.795582E-08,-1.4869214E-01
7.800582E-08,-1.4869214E-01
7.805582E-08,-1.4874485E-01
7.810582E-08,-1.4874485E-01
7.815582E-08,-1.4874485E-01
7.820582E-08,-1.4874485E-01
7.825582E-08,-1.4879755E-01
7.830582E-08,-1.4879755E-01
7.835582E-08,-1.4885026E-01
7.840582E-08,-1.4885026E-01
7.845582E-08,-1.4890297E-01
7.850582E-08,-1.4890297E-01
7.855582E-08,-1.4895568E-01
7.860582E-08,-1.4895568E-01
7.865582E-08,-1.4900839E-01
7.870582E-08,-1.4900839E-01
7.875582E-08,-1.4900839E-01
7.880582E-08,-1.4906110E-01
7.885582E-08,-1.4906110E-01
7.890582E-08,-1.4906110E-01
7.895582E-08,-1.4906110E-01
7.900582E-08,-1.4911381E-01
7.905582E-08,-1.4911381E-01
7.910582E-08,-1.4911381E-01
7.915582E-08,-1.4906110E-01
7.920582E-08,-1.4906110E-01
7.925582E-08,-1.4906110E-01
7.930582E-08,-1.4900839E-01
7.935582E-08,-1.4900839E-01
7.940582E-08,-1.4895568E-01
7.945582E-08,-1.4895568E-01
7.950582E-08,-1.4890297E-01
7.955582E-08,-1.4890297E-01
7.960582E-08,-1.4885026E-01
7.965582E-08,-1.4885026E-01
7.970582E-08,-1.4879755E-01
7.975582E-08,-1.4874485E-01
7.980582E-08,-1.4874485E-01
7.985582E-08,-1.4869214E-01
7.990582E-08,-1.4869214E-01
7.995582E-08,-1.4863943E-01
8.000582E-08,-1.4863943E-01
8.005582E-08,-1.4863943E-01
8.010582E-08,-1.4858672E-01
8.015582E-08,-1.4858672E-01
8.020582E-08,-1.4858672E-01
8.025582E-08,-1.4858672E-01
8.030582E-08,-1.4858672E-01
8.035582E-08,-1.4858672E-01
8.040582E-08,-1.4858672E-01
8.045582E-08,-1.4858672E-01
8.050582E-08,-1.4863943E-01
8.055582E-08,-1.4863943E-01
8.060582E-08,-1.4863943E-01
8.065582E-08,-1.4863943E-01
8.070582E-08,-1.4869214E-01
8.075582E-08,-1.4869214E-01
8.080582E-08,-1.4869214E-01
8.085582E-08,-1.4869214E-01
8.090582E-08,-1.4874485E-01
8.095582E-08,-1.4874485E-01
8.100582E-08,-1.4874485E-01
8.105582E-08,-1.4879755E-01
8.110582E-08,-1.4879755E-01
8.115582E-08,-1.4879755E-01
8.120582E-08,-1.4885026E-01
8.125582E-08,-1.4885026E-01
8.130582E-08,-1.4885026E-01
8.135582E-08,-1.4885026E-01
8.140582E-08,-1.4890297E-01
8.145582E-08,-1.4890297E-01
8.150582E-08,-1.4890297E-01
8.155582E-08,-1.4890297E-01
8.160582E-08,-1.4895568E-01
8.165582E-08,-1.4895568E-01
8.170582E-08,-1.4895568E-01
8.175582E-08,-1.4895568E-01
8.180582E-08,-1.4900839E-01
8.185582E-08,-1.4900839E-01
8.190582E-08,-1.4906110E-01
8.195582E-08,-1.4906110E-01
8.200582E-08,-1.4911381E-01
8.205582E-08,-1.4911381E-01
8.210582E-08,-1.4916652E-01
8.215582E-08,-1.4916652E-01
8.220582E-08,-1.4921923E-01
8.225582E-08,-1.4927194E-01
8.230582E-08,-1.4932464E-01
8.235582E-08,-1.4932464E-01
8.240582E-08,-1.4937735E-01
8.245582E-08,-1.4943006E-01
8.250582E-08,-1.4948277E-01
8.255582E-08,-1.4953548E-01
8.260582E-08,-1.4958819E-01
8.265582E-08,-1.4964090E-01
8.270582E-08,-1.4969361E-01
8.275582E-08,-1.4974632E-01
8.280582E-08,-1.4979903E-01
8.285582E-08,-1.4985173E-01
8.290582E-08,-1.4990444E-01
8.295582E-08,-1.4995715E-01
8.300582E-08,-1.5000986E-01
8.305582E-08,-1.5006257E-01
8.310582E-08,-1.5011528E-01
8.315582E-08,-1.5016799E-01
8.320582E-08,-1.5022070E-01
8.325582E-08,-1.5022070E-01
8.330582E-08,-1.5027341E-01
8.335582E-08,-1.5032612E-01
8.340582E-08,-1.5032612E-01
8.345582E-08,-1.5037883E-01
8.350582E-08,-1.5043153E-01
8.355582E-08,-1.5043153E-01
8.360582E-08,-1.5048424E-01
8.365582E-08,-1.5048424E-01
8.370582E-08,-1.5053695E-01
8.375582E-08,-1.5053695E-01
8.380582E-08,-1.5058966E-01
8.385582E-08,-1.5058966E-01
8.390582E-08,-1.5058966E-01
8.395582E-08,-1.5064237E-01
8.400582E-08,-1.5064237E-01
8.405582E-08,-1.5064237E-01
8.410582E-08,-1.5069508E-01
8.415582E-08,-1.5069508E-01
8.420582E-08,-1.5069508E-01
8.425582E-08,-1.5069508E-01
8.430582E-08,-1.5069508E-01
8.435582E-08,-1.5069508E-01
8.440582E-08,-1.5069508E-01
8.445582E-08,-1.5069508E-01
8.450582E-08,-1.5074779E-01
8.455582E-08,-1.5069508E-01
8.460582E-08,-1.5069508E-01
8.465582E-08,-1.5069508E-01
8.470582E-08,-1.5069508E-01
8.475582E-08,-1.5069508E-01
8.480582E-08,-1.5069508E-01
8.485582E-08,-1.5064237E-01
8.490582E-08,-1.5064237E-01
8.495582E-08,-1.5064237E-01
8.500582E-08,-1.5058966E-01
8.505582E-08,-1.5058966E-01
8.510582E-08,-1.5053695E-01
8.515582E-08,-1.5048424E-01
8.520582E-08,-1.5048424E-01
8.525582E-08,-1.5043153E-01
8.530582E-08,-1.5043153E-01
8.535582E-08,-1.5037883E-01
8.540582E-08,-1.5032612E-01
8.545582E-08,-1.5027341E-01
8.550582E-08,-1.5027341E-01
8.555582E-08,-1.5022070E-01
8.560582E-08,-1.5016799E-01
8.565582E-08,-1.5016799E-01
8.570582E-08,-1.5011528E-01
8.575582E-08,-1.5006257E-01
8.580582E-08,-1.5006257E-01
8.585582E-08,-1.5000986E-01
8.590582E-08,-1.5000986E-01
8.595582E-08,-1.4995715E-01
8.600582E-08,-1.4995715E-01
8.605582E-08,-1.4990444E-01
8.610582E-08,-1.4990444E-01
8.615582E-08,-1.4985173E-01
8.620582E-08,-1.4985173E-01
8.625582E-08,-1.4979903E-01
8.630582E-08,-1.4979903E-01
8.635582E-08,-1.4979903E-01
8.640582E-08,-1.4979903E-01
8.645582E-08,-1.4974632E-01
8.650582E-08,-1.4974632E-01
8.655582E-08,-1.4974632E-01
8.660582E-08,-1.4969361E-01
8.665582E-08,-1.4969361E-01
8.670582E-08,-1.4969361E-01
8.675582E-08,-1.4969361E-01
8.680582E-08,-1.4964090E-01
8.685582E-08,-1.4964090E-01
8.690582E-08,-1.4964090E-01
8.695582E-08,-1.4964090E-01
8.700582E-08,-1.4958819E-01
8.705582E-08,-1.4958819E-01
8.710582E-08,-1.4958819E-01
8.715582E-08,-1.4958819E-01
8.720582E-08,-1.4958819E-01
8.725582E-08,-1.4953548E-01
8.730582E-08,-1.4953548E-01
8.735582E-08,-1.4953548E-01
8.740582E-08,-1.4953548E-01
8.745582E-08,-1.4953548E-01
8.750582E-08,-1.4953548E-01
8.755582E-08,-1.4953548E-01
8.760582E-08,-1.4948277E-01
8.765582E-08,-1.4948277E-01
8.770582E-08,-1.4948277E-01
8.775582E-08,-1.4953548E-01
8.780582E-08,-1.4953548E-01
8.785582E-08,-1.4953548E-01
8.790582E-08,-1.4953548E-01
8.795582E-08,-1.4953548E-01
8.800582E-08,-1.4953548E-01
8.805582E-08,-1.4958819E-01
8.810582E-08,-1.4958819E-01
8.815582E-08,-1.4958819E-01
8.820582E-08,-1.4958819E-01
8.825582E-08,-1.4958819E-01
8.830582E-08,-1.4964090E-01
8.835582E-08,-1.4964090E-01
8.840582E-08,-1.4964090E-01
8.845582E-08,-1.4964090E-01
8.850582E-08,-1.4964090E-01
8.855582E-08,-1.4964090E-01
8.860582E-08,-1.4964090E-01
8.865582E-08,-1.4964090E-01
8.870582E-08,-1.4964090E-01
8.875582E-08,-1.4964090E-01
8.880582E-08,-1.4964090E-01
8.885582E-08,-1.4964090E-01
8.890582E-08,-1.4958819E-01
8.895582E-08,-1.4958819E-01
8.900582E-08,-1.4953548E-01
8.905582E-08,-1.4953548E-01
8.910582E-08,-1.4953548E-01
8.915582E-08,-1.4948277E-01
8.920582E-08,-1.4943006E-01
8.925582E-08,-1.4943006E-01
8.930582E-08,-1.4937735E-01
8.935582E-08,-1.4937735E-01
8.940582E-08,-1.4932464E-01
8.945582E-08,-1.4932464E-01
8.950582E-08,-1.4927194E-01
8.955582E-08,-1.4927194E-01
8.960582E-08,-1.4927194E-01
8.965582E-08,-1.4921923E-01
8.970582E-08,-1.4921923E-01
8.975582E-08,-1.4921923E-01
8.980582E-08,-1.4921923E-01
8.985582E-08,-1.4921923E-01
8.990582E-08,-1.4927194E-01
8.995582E-08,-1.4927194E-01
9.000582E-08,-1.4932464E-01
9.005582E-08,-1.4932464E-01
9.010582E-08,-1.4937735E-01
9.015582E-08,-1.4943006E-01
9.020582E-08,-1.4943006E-01
9.025582E-08,-1.4948277E-01
9.030582E-08,-1.4953548E-01
9.035582E-08,-1.4958819E-01
9.040582E-08,-1.4964090E-01
9.045582E-08,-1.4969361E-01
9.050582E-08,-1.4979903E-01
9.055582E-08,-1.4985173E-01
9.060582E-08,-1.4990444E-01
9.065582E-08,-1.4995715E-01
9.070582E-08,-1.5000986E-01
9.075582E-08,-1.5006257E-01
9.080582E-08,-1.5006257E-01
9.085582E-08,-1.5011528E-01
9.090582E-08,-1.5016799E-01
9.095582E-08,-1.5022070E-01
9.100582E-08,-1.5022070E-01
9.105582E-08,-1.5027341E-01
9.110582E-08,-1.5027341E-01
9.115582E-08,-1.5027341E-01
9.120582E-08,-1.5027341E-01
9.125582E-08,-1.5027341E-01
9.130582E-08,-1.5027341E-01
9.135582E-08,-1.5027341E-01
9.140582E-08,-1.5027341E-01
9.145582E-08,-1.5027341E-01
9.150582E-08,-1.5022070E-01
9.155582E-08,-1.5022070E-01
9.160582E-08,-1.5016799E-01
9.165582E-08,-1.5016799E-01
9.170582E-08,-1.5016799E-01
9.175582E-08,-1.5011528E-01
9.180582E-08,-1.5011528E-01
9.185582E-08,-1.5006257E-01
9.190582E-08,-1.5006257E-01
9.195582E-08,-1.5006257E-01
9.200582E-08,-1.5000986E-01
9.205582E-08,-1.5000986E-01
9.210582E-08,-1.5000986E-01
9.215582E-08,-1.5000986E-01
9.220582E-08,-1.5000986E-01
9.225582E-08,-1.5000986E-01
9.230582E-08,-1.5000986E-01
9.235582E-08,-1.5000986E-01
9.240582E-08,-1.5000986E-01
9.245582E-08,-1.5000986E-01
9.250582E-08,-1.5006257E-01
9.255582E-08,-1.5006257E-01
9.260582E-08,-1.5011528E-01
9.265582E-08,-1.5011528E-01
9.270582E-08,-1.5016799E-01
9.275582E-08,-1.5016799E-01
9.280582E-08,-1.5022070E-01
9.285582E-08,-1.5027341E-01
9.290582E-08,-1.5027341E-01
9.295582E-08,-1.5032612E-01
9.300582E-08,-1.5032612E-01
9.305582E-08,-1.5037883E-01
9.310582E-08,-1.5037883E-01
9.315582E-08,-1.5043153E-01
9.320582E-08,-1.5043153E-01
9.325582E-08,-1.5043153E-01
9.330582E-08,-1.5043153E-01
9.335582E-08,-1.5043153E-01
9.340582E-08,-1.5048424E-01
9.345582E-08,-1.5048424E-01
9.350582E-08,-1.5048424E-01
9.355582E-08,-1.5043153E-01
9.360582E-08,-1.5043153E-01
9.365582E-08,-1.5043153E-01
9.370582E-08,-1.5043153E-01
9.375582E-08,-1.5043153E-01
9.380582E-08,-1.5037883E-01
9.385582E-08,-1.5037883E-01
9.390582E-08,-1.5032612E-01
9.395582E-08,-1.5032612E-01
9.400582E-08,-1.5027341E-01
9.405582E-08,-1.5027341E-01
9.410582E-08,-1.5022070E-01
9.415582E-08,-1.5022070E-01
9.420582E-08,-1.5022070E-01
9.425582E-08,-1.5016799E-01
9.430582E-08,-1.5016799E-01
9.435582E-08,-1.5016799E-01
9.440582E-08,-1.5011528E-01
9.445582E-08,-1.5011528E-01
9.450582E-08,-1.5011528E-01
9.455582E-08,-1.5006257E-01
9.460582E-08,-1.5006257E-01
9.465582E-08,-1.5006257E-01
9.470582E-08,-1.5006257E-01
9.475582E-08,-1.5006257E-01
9.480582E-08,-1.5006257E-01
9.485582E-08,-1.5000986E-01
9.490582E-08,-1.5000986E-01
9.495582E-08,-1.5000986E-01
9.500582E-08,-1.5006257E-01
9.505582E-08,-1.5006257E-01
9.510582E-08,-1.5006257E-01
9.515582E-08,-1.5006257E-01
9.520582E-08,-1.5006257E-01
9.525582E-08,-1.5006257E-01
9.530582E-08,-1.5006257E-01
9.535582E-08,-1.5006257E-01
9.540582E-08,-1.5006257E-01
9.545582E-08,-1.5006257E-01
9.550582E-08,-1.5006257E-01
9.555582E-08,-1.5006257E-01
9.560582E-08,-1.5006257E-01
9.565582E-08,-1.5006257E-01
9.570582E-08,-1.5006257E-01
9.575582E-08,-1.5011528E-01
9.580582E-08,-1.5011528E-01
9.585582E-08,-1.5011528E-01
9.590582E-08,-1.5006257E-01
9.595582E-08,-1.5011528E-01
9.600582E-08,-1.5006257E-01
9.605582E-08,-1.5006257E-01
9.610582E-08,-1.5006257E-01
9.615582E-08,-1.5006257E-01
9.620582E-08,-1.5006257E-01
9.625582E-08,-1.5006257E-01
9.630582E-08,-1.5000986E-01
9.635582E-08,-1.5000986E-01
9.640582E-08,-1.5000986E-01
9.645582E-08,-1.4995715E-01
9.650582E-08,-1.4995715E-01
9.655582E-08,-1.4990444E-01
9.660582E-08,-1.4990444E-01
9.665582E-08,-1.4990444E-01
9.670582E-08,-1.4985173E-01
9.675582E-08,-1.4979903E-01
9.680582E-08,-1.4979903E-01
9.685582E-08,-1.4974632E-01
9.690582E-08,-1.4974632E-01
9.695582E-08,-1.4969361E-01
9.700582E-08,-1.4969361E-01
9.705582E-08,-1.4964090E-01
9.710582E-08,-1.4964090E-01
9.715582E-08,-1.4958819E-01
9.720582E-08,-1.4958819E-01
9.725582E-08,-1.4953548E-01
9.730582E-08,-1.4953548E-01
9.735582E-08,-1.4953548E-01
9.740582E-08,-1.4948277E-01
9.745582E-08,-1.4948277E-01
9.750582E-08,-1.4948277E-01
9.755582E-08,-1.4948277E-01
9.760582E-08,-1.4948277E-01
9.765582E-08,-1.4948277E-01
9.770582E-08,-1.4948277E-01
9.775582E-08,-1.4953548E-01
9.780582E-08,-1.4953548E-01
9.785582E-08,-1.4953548E-01
9.790582E-08,-1.4958819E-01
9.795582E-08,-1.4964090E-01
9.800582E-08,-1.4964090E-01
9.805582E-08,-1.4969361E-01
9.810582E-08,-1.4974632E-01
9.815582E-08,-1.4979903E-01
9.820582E-08,-1.4979903E-01
9.825582E-08,-1.4985173E-01
9.830582E-08,-1.4990444E-01
9.835582E-08,-1.4995715E-01
9.840582E-08,-1.5000986E-01
9.845582E-08,-1.5006257E-01
9.850582E-08,-1.5011528E-01
9.855582E-08,-1.5016799E-01
9.860582E-08,-1.5022070E-01
9.865582E-08,-1.5027341E-01
9.870582E-08,-1.5032612E-01
9.875582E-08,-1.5032612E-01
9.880582E-08,-1.5037883E-01
9.885582E-08,-1.5043153E-01
9.890582E-08,-1.5043153E-01
9.895582E-08,-1.5043153E-01
9.900582E-08,-1.5048424E-01
9.905582E-08,-1.5048424E-01
9.910582E-08,-1.5048424E-01
9.915582E-08,-1.5048424E-01
9.920582E-08,-1.5048424E-01
9.925582E-08,-1.5048424E-01
9.930582E-08,-1.5048424E-01
9.935582E-08,-1.5048424E-01
9.940582E-08,-1.5043153E-01
9.945582E-08,-1.5043153E-01
9.950582E-08,-1.5037883E-01
9.955582E-08,-1.5037883E-01
9.960582E-08,-1.5037883E-01
9.965582E-08,-1.5032612E-01
9.970582E-08,-1.5027341E-01
9.975582E-08,-1.5027341E-01
9.980582E-08,-1.5027341E-01
9.985582E-08,-1.5022070E-01
9.990582E-08,-1.5022070E-01
9.995582E-08,-1.5016799E-01
1.0000582E-07,-1.5016799E-01
1.0005582E-07,-1.5011528E-01
1.0010582E-07,-1.5011528E-01
1.0015582E-07,-1.5011528E-01
1.0020582E-07,-1.5006257E-01
1.0025582E-07,-1.5006257E-01
1.0030582E-07,-1.5006257E-01
1.0035582E-07,-1.5006257E-01
1.0040582E-07,-1.5006257E-01
1.0045582E-07,-1.5006257E-01
1.0050582E-07,-1.5006257E-01
1.0055582E-07,-1.5006257E-01
1.0060582E-07,-1.5006257E-01
1.0065582E-07,-1.5006257E-01
1.0070582E-07,-1.5006257E-01
1.0075582E-07,-1.5006257E-01
1.0080582E-07,-1.5006257E-01
1.0085582E-07,-1.5006257E-01
1.0090582E-07,-1.5000986E-01
1.0095582E-07,-1.5000986E-01
1.0100582E-07,-1.5000986E-01
1.0105582E-07,-1.5000986E-01
1.0110582E-07,-1.5000986E-01
1.0115582E-07,-1.5000986E-01
1.0120582E-07,-1.5000986E-01
1.0125582E-07,-1.5000986E-01
1.0130582E-07,-1.5000986E-01
1.0135582E-07,-1.4995715E-01
1.0140582E-07,-1.4995715E-01
1.0145582E-07,-1.4995715E-01
1.0150582E-07,-1.4995715E-01
1.0155582E-07,-1.4990444E-01
1.0160582E-07,-1.4990444E-01
1.0165582E-07,-1.4990444E-01
1.0170582E-07,-1.4990444E-01
1.0175582E-07,-1.4985173E-01
1.0180582E-07,-1.4985173E-01
1.0185582E-07,-1.4985173E-01
1.0190582E-07,-1.4985173E-01
1.0195582E-07,-1.4985173E-01
1.0200582E-07,-1.4985173E-01
1.0205582E-07,-1.4985173E-01
1.0210582E-07,-1.4985173E-01
1.0215582E-07,-1.4985173E-01
1.0220582E-07,-1.4985173E-01
1.0225582E-07,-1.4985173E-01
1.0230582E-07,-1.4985173E-01
1.0235582E-07,-1.4985173E-01
1.0240582E-07,-1.4985173E-01
1.0245582E-07,-1.4985173E-01
1.0250582E-07,-1.4990444E-01
1.0255582E-07,-1.4990444E-01
1.0260582E-07,-1.4990444E-01
1.0265582E-07,-1.4990444E-01
1.0270582E-07,-1.4995715E-01
1.0275582E-07,-1.4995715E-01
1.0280582E-07,-1.4995715E-01
1.0285582E-07,-1.4995715E-01
1.0290582E-07,-1.5000986E-01
1.0295582E-07,-1.5000986E-01
1.0300582E-07,-1.5000986E-01
1.0305582E-07,-1.5000986E-01
1.0310582E-07,-1.5000986E-01
1.0315582E-07,-1.5000986E-01
1.0320582E-07,-1.5000986E-01
1.0325582E-07,-1.5000986E-01
1.0330582E-07,-1.5000986E-01
1.0335582E-07,-1.5000986E-01
1.0340582E-07,-1.5000986E-01
1.0345582E-07,-1.4995715E-01
1.0350582E-07,-1.4995715E-01
1.0355582E-07,-1.4995715E-01
1.0360582E-07,-1.4990444E-01
1.0365582E-07,-1.4990444E-01
1.0370582E-07,-1.4990444E-01
1.0375582E-07,-1.4985173E-01
1.0380582E-07,-1.4985173E-01
1.0385582E-07,-1.4979903E-01
1.0390582E-07,-1.4979903E-01
1.0395582E-07,-1.4979903E-01
1.0400582E-07,-1.4974632E-01
1.0405582E-07,-1.4974632E-01
1.0410582E-07,-1.4974632E-01
1.0415582E-07,-1.4969361E-01
1.0420582E-07,-1.4969361E-01
1.0425582E-07,-1.4969361E-01
1.0430582E-07,-1.4969361E-01
1.0435582E-07,-1.4969361E-01
1.0440582E-07,-1.4969361E-01
1.0445582E-07,-1.4969361E-01
1.0450582E-07,-1.4969361E-01
1.0455582E-07,-1.4969361E-01
1.0460582E-07,-1.4969361E-01
1.0465582E-07,-1.4969361E-01
1.0470582E-07,-1.4969361E-01
1.0475582E-07,-1.4969361E-01
1.0480582E-07,-1.4974632E-01
1.0485582E-07,-1.4974632E-01
1.0490582E-07,-1.4974632E-01
1.0495582E-07,-1.4979903E-01
1.0500582E-07,-1.4979903E-01
1.0505582E-07,-1.4979903E-01
1.0510582E-07,-1.4985173E-01
1.0515582E-07,-1.4985173E-01
1.0520582E-07,-1.4985173E-01
1.0525582E-07,-1.4990444E-01
1.0530582E-07,-1.4990444E-01
1.0535582E-07,-1.4990444E-01
1.0540582E-07,-1.4990444E-01
1.0545582E-07,-1.4995715E-01
1.0550582E-07,-1.4995715E-01
1.0555582E-07,-1.4995715E-01
1.0560582E-07,-1.4995715E-01
1.0565582E-07,-1.5000986E-01
1.0570582E-07,-1.5000986E-01
1.0575582E-07,-1.5000986E-01
1.0580582E-07,-1.5000986E-01
1.0585582E-07,-1.5000986E-01
1.0590582E-07,-1.5000986E-01
1.0595582E-07,-1.5000986E-01
1.0600582E-07,-1.5000986E-01
1.0605582E-07,-1.5000986E-01
1.0610582E-07,-1.5000986E-01
1.0615582E-07,-1.5000986E-01
1.0620582E-07,-1.5000986E-01
1.0625582E-07,-1.5000986E-01
1.0630582E-07,-1.5000986E-01
1.0635582E-07,-1.5000986E-01
1.0640582E-07,-1.5000986E-01
1.0645582E-07,-1.5000986E-01
1.0650582E-07,-1.5000986E-01
1.0655582E-07,-1.5000986E-01
1.0660582E-07,-1.5000986E-01
1.0665582E-07,-1.5000986E-01
1.0670582E-07,-1.5000986E-01
1.0675582E-07,-1.5000986E-01
1.0680582E-07,-1.5000986E-01
1.0685582E-07,-1.5000986E-01
1.0690582E-07,-1.5000986E-01
1.0695582E-07,-1.5000986E-01
1.0700582E-07,-1.4995715E-01
1.0705582E-07,-1.4995715E-01
1.0710582E-07,-1.4995715E-01
1.0715582E-07,-1.4995715E-01
1.0720582E-07,-1.4995715E-01
1.0725582E-07,-1.4990444E-01
1.0730582E-07,-1.4990444E-01
1.0735582E-07,-1.4990444E-01
1.0740582E-07,-1.4985173E-01
1.0745582E-07,-1.4985173E-01
1.0750582E-07,-1.4985173E-01
1.0755582E-07,-1.4979903E-01
1.0760582E-07,-1.4979903E-01
1.0765582E-07,-1.4974632E-01
1.0770582E-07,-1.4969361E-01
1.0775582E-07,-1.4969361E-01
1.0780582E-07,-1.4964090E-01
1.0785582E-07,-1.4964090E-01
1.0790582E-07,-1.4958819E-01
1.0795582E-07,-1.4953548E-01
1.0800582E-07,-1.4948277E-01
1.0805582E-07,-1.4948277E-01
1.0810582E-07,-1.4943006E-01
1.0815582E-07,-1.4937735E-01
1.0820582E-07,-1.4932464E-01
1.0825582E-07,-1.4932464E-01
1.0830582E-07,-1.4927194E-01
1.0835582E-07,-1.4921923E-01
1.0840582E-07,-1.4921923E-01
1.0845582E-07,-1.4916652E-01
1.0850582E-07,-1.4916652E-01
1.0855582E-07,-1.4911381E-01
1.0860582E-07,-1.4911381E-01
1.0865582E-07,-1.4911381E-01
1.0870582E-07,-1.4911381E-01
1.0875582E-07,-1.4906110E-01
1.0880582E-07,-1.4906110E-01
1.0885582E-07,-1.4906110E-01
1.0890582E-07,-1.4906110E-01
1.0895582E-07,-1.4911381E-01
1.0900582E-07,-1.4911381E-01
1.0905582E-07,-1.4911381E-01
1.0910582E-07,-1.4911381E-01
1.0915582E-07,-1.4916652E-01
1.0920582E-07,-1.4916652E-01
1.0925582E-07,-1.4921923E-01
1.0930582E-07,-1.4921923E-01
1.0935582E-07,-1.4927194E-01
1.0940582E-07,-1.4927194E-01
1.0945582E-07,-1.4932464E-01
1.0950582E-07,-1.4937735E-01
1.0955582E-07,-1.4937735E-01
1.0960582E-07,-1.4943006E-01
1.0965582E-07,-1.4943006E-01
1.0970582E-07,-1.4948277E-01
1.0975582E-07,-1.4953548E-01
1.0980582E-07,-1.4953548E-01
1.0985582E-07,-1.4953548E-01
1.0990582E-07,-1.4958819E-01
1.0995582E-07,-1.4958819E-01
1.1000582E-07,-1.4958819E-01
1.1005582E-07,-1.4964090E-01
1.1010582E-07,-1.4964090E-01
1.1015582E-07,-1.4964090E-01
1.1020582E-07,-1.4958819E-01
1.1025582E-07,-1.4958819E-01
1.1030582E-07,-1.4958819E-01
1.1035582E-07,-1.4958819E-01
1.1040582E-07,-1.4953548E-01
1.1045582E-07,-1.4953548E-01
1.1050582E-07,-1.4948277E-01
1.1055582E-07,-1.4948277E-01
1.1060582E-07,-1.4943006E-01
1.1065582E-07,-1.4937735E-01
1.1070582E-07,-1.4937735E-01
1.1075582E-07,-1.4932464E-01
1.1080582E-07,-1.4927194E-01
1.1085582E-07,-1.4927194E-01
1.1090582E-07,-1.4921923E-01
1.1095582E-07,-1.4916652E-01
1.1100582E-07,-1.4916652E-01
1.1105582E-07,-1.4911381E-01
1.1110582E-07,-1.4911381E-01
1.1115582E-07,-1.4906110E-01
1.1120582E-07,-1.4906110E-01
1.1125582E-07,-1.4906110E-01
1.1130582E-07,-1.4900839E-01
1.1135582E-07,-1.4900839E-01
1.1140582E-07,-1.4900839E-01
1.1145582E-07,-1.4900839E-01
1.1150582E-07,-1.4900839E-01
1.1155582E-07,-1.4906110E-01
1.1160582E-07,-1.4906110E-01
1.1165582E-07,-1.4911381E-01
1.1170582E-07,-1.4911381E-01
1.1175582E-07,-1.4911381E-01
1.1180582E-07,-1.4916652E-01
1.1185582E-07,-1.4921923E-01
1.1190582E-07,-1.4921923E-01
1.1195582E-07,-1.4927194E-01
1.1200582E-07,-1.4927194E-01
1.1205582E-07,-1.4932464E-01
1.1210582E-07,-1.4937735E-01
1.1215582E-07,-1.4943006E-01
1.1220582E-07,-1.4943006E-01
1.1225582E-07,-1.4948277E-01
1.1230582E-07,-1.4953548E-01
1.1235582E-07,-1.4953548E-01
1.1240582E-07,-1.4958819E-01
1.1245582E-07,-1.4958819E-01
1.1250582E-07,-1.4964090E-01
1.1255582E-07,-1.4964090E-01
1.1260582E-07,-1.4969361E-01
1.1265582E-07,-1.4969361E-01
1.1270582E-07,-1.4969361E-01
1.1275582E-07,-1.4974632E-01
1.1280582E-07,-1.4974632E-01
1.1285582E-07,-1.4974632E-01
1.1290582E-07,-1.4974632E-01
1.1295582E-07,-1.4974632E-01
1.1300582E-07,-1.4974632E-01
1.1305582E-07,-1.4974632E-01
1.1310582E-07,-1.4974632E-01
1.1315582E-07,-1.4974632E-01
1.1320582E-07,-1.4974632E-01
1.1325582E-07,-1.4974632E-01
1.1330582E-07,-1.4969361E-01
1.1335582E-07,-1.4969361E-01
1.1340582E-07,-1.4969361E-01
1.1345582E-07,-1.4964090E-01
1.1350582E-07,-1.4964090E-01
1.1355582E-07,-1.4964090E-01
1.1360582E-07,-1.4958819E-01
1.1365582E-07,-1.4958819E-01
1.1370582E-07,-1.4953548E-01
1.1375582E-07,-1.4953548E-01
1.1380582E-07,-1.4953548E-01
1.1385582E-07,-1.4948277E-01
1.1390582E-07,-1.4948277E-01
1.1395582E-07,-1.4943006E-01
1.1400582E-07,-1.4943006E-01
1.1405582E-07,-1.4943006E-01
1.1410582E-07,-1.4937735E-01
1.1415582E-07,-1.4937735E-01
1.1420582E-07,-1.4932464E-01
1.1425582E-07,-1.4932464E-01
1.1430582E-07,-1.4932464E-01
1.1435582E-07,-1.4927194E-01
1.1440582E-07,-1.4927194E-01
1.1445582E-07,-1.4927194E-01
1.1450582E-07,-1.4927194E-01
1.1455582E-07,-1.4921923E-01
1.1460582E-07,-1.4921923E-01
1.1465582E-07,-1.4921923E-01
1.1470582E-07,-1.4921923E-01
1.1475582E-07,-1.4921923E-01
1.1480582E-07,-1.4921923E-01
1.1485582E-07,-1.4921923E-01
1.1490582E-07,-1.4921923E-01
1.1495582E-07,-1.4921923E-01
1.1500582E-07,-1.4921923E-01
1.1505582E-07,-1.4921923E-01
1.1510582E-07,-1.4921923E-01
1.1515582E-07,-1.4921923E-01
1.1520582E-07,-1.4921923E-01
1.1525582E-07,-1.4927194E-01
1.1530582E-07,-1.4927194E-01
1.1535582E-07,-1.4927194E-01
1.1540582E-07,-1.4927194E-01
1.1545582E-07,-1.4932464E-01
1.1550582E-07,-1.4932464E-01
1.1555582E-07,-1.4932464E-01
1.1560582E-07,-1.4937735E-01
1.1565582E-07,-1.4937735E-01
1.1570582E-07,-1.4937735E-01
1.1575582E-07,-1.4937735E-01
1.1580582E-07,-1.4943006E-01
1.1585582E-07,-1.4943006E-01
1.1590582E-07,-1.4943006E-01
1.1595582E-07,-1.4943006E-01
1.1600582E-07,-1.4943006E-01
1.1605582E-07,-1.4943006E-01
1.1610582E-07,-1.4943006E-01
1.1615582E-07,-1.4948277E-01
1.1620582E-07,-1.4948277E-01
1.1625582E-07,-1.4948277E-01
1.1630582E-07,-1.4948277E-01
1.1635582E-07,-1.4948277E-01
1.1640582E-07,-1.4948277E-01
1.1645582E-07,-1.4948277E-01
1.1650582E-07,-1.4948277E-01
1.1655582E-07,-1.4948277E-01
1.1660582E-07,-1.4948277E-01
1.1665582E-07,-1.4948277E-01
1.1670582E-07,-1.4948277E-01
1.1675582E-07,-1.4948277E-01
1.1680582E-07,-1.4948277E-01
1.1685582E-07,-1.4948277E-01
1.1690582E-07,-1.4948277E-01
1.1695582E-07,-1.4948277E-01
1.1700582E-07,-1.4948277E-01
1.1705582E-07,-1.4953548E-01
1.1710582E-07,-1.4953548E-01
1.1715582E-07,-1.4953548E-01
1.1720582E-07,-1.4958819E-01
1.1725582E-07,-1.4958819E-01
1.1730582E-07,-1.4958819E-01
1.1735582E-07,-1.4964090E-01
1.1740582E-07,-1.4964090E-01
1.1745582E-07,-1.4969361E-01
1.1750582E-07,-1.4969361E-01
1.1755582E-07,-1.4974632E-01
1.1760582E-07,-1.4974632E-01
1.1765582E-07,-1.4979903E-01
1.1770582E-07,-1.4979903E-01
1.1775582E-07,-1.4979903E-01
1.1780582E-07,-1.4985173E-01
1.1785582E-07,-1.4985173E-01
1.1790582E-07,-1.4985173E-01
1.1795582E-07,-1.4985173E-01
1.1800582E-07,-1.4985173E-01
1.1805582E-07,-1.4985173E-01
1.1810582E-07,-1.4985173E-01
1.1815582E-07,-1.4985173E-01
1.1820582E-07,-1.4985173E-01
1.1825582E-07,-1.4979903E-01
1.1830582E-07,-1.4979903E-01
1.1835582E-07,-1.4979903E-01
1.1840582E-07,-1.4974632E-01
1.1845582E-07,-1.4974632E-01
1.1850582E-07,-1.4969361E-01
1.1855582E-07,-1.4969361E-01
1.1860582E-07,-1.4964090E-01
1.1865582E-07,-1.4964090E-01
1.1870582E-07,-1.4958819E-01
1.1875582E-07,-1.4958819E-01
1.1880582E-07,-1.4953548E-01
1.1885582E-07,-1.4953548E-01
1.1890582E-07,-1.4948277E-01
1.1895582E-07,-1.4948277E-01
1.1900582E-07,-1.4943006E-01
1.1905582E-07,-1.4943006E-01
1.1910582E-07,-1.4943006E-01
1.1915582E-07,-1.4943006E-01
1.1920582E-07,-1.4937735E-01
1.1925582E-07,-1.4937735E-01
1.1930582E-07,-1.4937735E-01
1.1935582E-07,-1.4937735E-01
1.1940582E-07,-1.4937735E-01
1.1945582E-07,-1.4943006E-01
1.1950582E-07,-1.4943006E-01
1.1955582E-07,-1.4943006E-01
1.1960582E-07,-1.4943006E-01
1.1965582E-07,-1.4943006E-01
1.1970582E-07,-1.4948277E-01
1.1975582E-07,-1.4948277E-01
1.1980582E-07,-1.4948277E-01
1.1985582E-07,-1.4948277E-01
1.1990582E-07,-1.4948277E-01
1.1995582E-07,-1.4953548E-01
1.2000582E-07,-1.4953548E-01
1.2005582E-07,-1.4953548E-01
1.2010582E-07,-1.4953548E-01
1.2015582E-07,-1.4948277E-01
1.2020582E-07,-1.4948277E-01
1.2025582E-07,-1.4948277E-01
1.2030582E-07,-1.4948277E-01
1.2035582E-07,-1.4943006E-01
1.2040582E-07,-1.4943006E-01
1.2045582E-07,-1.4943006E-01
1.2050582E-07,-1.4937735E-01
1.2055582E-07,-1.4937735E-01
1.2060582E-07,-1.4932464E-01
1.2065582E-07,-1.4927194E-01
1.2070582E-07,-1.4927194E-01
1.2075582E-07,-1.4921923E-01
1.2080582E-07,-1.4921923E-01
1.2085582E-07,-1.4916652E-01
1.2090582E-07,-1.4916652E-01
1.2095582E-07,-1.4911381E-01
1.2100582E-07,-1.4911381E-01
1.2105582E-07,-1.4906110E-01
1.2110582E-07,-1.4906110E-01
1.2115582E-07,-1.4900839E-01
1.2120582E-07,-1.4900839E-01
1.2125582E-07,-1.4900839E-01
1.2130582E-07,-1.4895568E-01
1.2135582E-07,-1.4895568E-01
1.2140582E-07,-1.4895568E-01
1.2145582E-07,-1.4895568E-01
1.2150582E-07,-1.4895568E-01
1.2155582E-07,-1.4895568E-01
1.2160582E-07,-1.4895568E-01
1.2165582E-07,-1.4895568E-01
1.2170582E-07,-1.4895568E-01
1.2175582E-07,-1.4895568E-01
1.2180582E-07,-1.4890297E-01
1.2185582E-07,-1.4890297E-01
1.2190582E-07,-1.4890297E-01
1.2195582E-07,-1.4890297E-01
1.2200582E-07,-1.4890297E-01
1.2205582E-07,-1.4885026E-01
1.2210582E-07,-1.4885026E-01
1.2215582E-07,-1.4885026E-01
1.2220582E-07,-1.4879755E-01
1.2225582E-07,-1.4879755E-01
1.2230582E-07,-1.4874485E-01
1.2235582E-07,-1.4874485E-01
1.2240582E-07,-1.4869214E-01
1.2245582E-07,-1.4869214E-01
1.2250582E-07,-1.4863943E-01
1.2255582E-07,-1.4863943E-01
1.2260582E-07,-1.4858672E-01
1.2265582E-07,-1.4858672E-01
1.2270582E-07,-1.4853401E-01
1.2275582E-07,-1.4853401E-01
1.2280582E-07,-1.4848130E-01
1.2285582E-07,-1.4848130E-01
1.2290582E-07,-1.4848130E-01
1.2295582E-07,-1.4848130E-01
1.2300582E-07,-1.4848130E-01
1.2305582E-07,-1.4848130E-01
1.2310582E-07,-1.4848130E-01
1.2315582E-07,-1.4853401E-01
1.2320582E-07,-1.4853401E-01
1.2325582E-07,-1.4853401E-01
1.2330582E-07,-1.4858672E-01
1.2335582E-07,-1.4863943E-01
1.2340582E-07,-1.4863943E-01
1.2345582E-07,-1.4869214E-01
1.2350582E-07,-1.4874485E-01
1.2355582E-07,-1.4879755E-01
1.2360582E-07,-1.4885026E-01
1.2365582E-07,-1.4885026E-01
1.2370582E-07,-1.4890297E-01
1.2375582E-07,-1.4895568E-01
1.2380582E-07,-1.4895568E-01
1.2385582E-07,-1.4900839E-01
1.2390582E-07,-1.4906110E-01
1.2395582E-07,-1.4906110E-01
1.2400582E-07,-1.4906110E-01
1.2405582E-07,-1.4906110E-01
1.2410582E-07,-1.4906110E-01
1.2415582E-07,-1.4906110E-01
1.2420582E-07,-1.4906110E-01
1.2425582E-07,-1.4900839E-01
1.2430582E-07,-1.4900839E-01
1.2435582E-07,-1.4895568E-01
1.2440582E-07,-1.4890297E-01
1.2445582E-07,-1.4885026E-01
1.2450582E-07,-1.4879755E-01
1.2455582E-07,-1.4874485E-01
1.2460582E-07,-1.4869214E-01
1.2465582E-07,-1.4858672E-01
1.2470582E-07,-1.4853401E-01
1.2475582E-07,-1.4848130E-01
1.2480582E-07,-1.4837588E-01
1.2485582E-07,-1.4832317E-01
1.2490582E-07,-1.4827046E-01
1.2495582E-07,-1.4821776E-01
1.2500582E-07,-1.4816505E-01
1.2505582E-07,-1.4811234E-01
1.2510582E-07,-1.4805963E-01
1.2515582E-07,-1.4805963E-01
1.2520582E-07,-1.4800692E-01
1.2525582E-07,-1.4800692E-01
1.2530582E-07,-1.4800692E-01
1.2535582E-07,-1.4800692E-01
1.2540582E-07,-1.4800692E-01
1.2545582E-07,-1.4805963E-01
1.2550582E-07,-1.4811234E-01
1.2555582E-07,-1.4811234E-01
1.2560582E-07,-1.4816505E-01
1.2565582E-07,-1.4821776E-01
1.2570582E-07,-1.4827046E-01
1.2575582E-07,-1.4832317E-01
1.2580582E-07,-1.4842859E-01
1.2585582E-07,-1.4848130E-01
1.2590582E-07,-1.4853401E-01
1.2595582E-07,-1.4858672E-01
1.2600582E-07,-1.4869214E-01
1.2605582E-07,-1.4874485E-01
1.2610582E-07,-1.4879755E-01
1.2615582E-07,-1.4885026E-01
1.2620582E-07,-1.4885026E-01
1.2625582E-07,-1.4890297E-01
1.2630582E-07,-1.4895568E-01
1.2635582E-07,-1.4895568E-01
1.2640582E-07,-1.4895568E-01
1.2645582E-07,-1.4895568E-01
1.2650582E-07,-1.4895568E-01
1.2655582E-07,-1.4895568E-01
1.2660582E-07,-1.4895568E-01
1.2665582E-07,-1.4895568E-01
1.2670582E-07,-1.4890297E-01
1.2675582E-07,-1.4890297E-01
1.2680582E-07,-1.4885026E-01
1.2685582E-07,-1.4879755E-01
1.2690582E-07,-1.4879755E-01
1.2695582E-07,-1.4874485E-01
1.2700582E-07,-1.4869214E-01
1.2705582E-07,-1.4863943E-01
1.2710582E-07,-1.4863943E-01
1.2715582E-07,-1.4858672E-01
1.2720582E-07,-1.4858672E-01
1.2725582E-07,-1.4853401E-01
1.2730582E-07,-1.4853401E-01
1.2735582E-07,-1.4853401E-01
1.2740582E-07,-1.4853401E-01
1.2745582E-07,-1.4853401E-01
1.2750582E-07,-1.4853401E-01
1.2755582E-07,-1.4853401E-01
1.2760582E-07,-1.4853401E-01
1.2765582E-07,-1.4858672E-01
1.2770582E-07,-1.4858672E-01
1.2775582E-07,-1.4858672E-01
1.2780582E-07,-1.4863943E-01
1.2785582E-07,-1.4869214E-01
1.2790582E-07,-1.4869214E-01
1.2795582E-07,-1.4874485E-01
1.2800582E-07,-1.4874485E-01
1.2805582E-07,-1.4879755E-01
1.2810582E-07,-1.4885026E-01
1.2815582E-07,-1.4885026E-01
1.2820582E-07,-1.4885026E-01
1.2825582E-07,-1.4890297E-01
1.2830582E-07,-1.4890297E-01
1.2835582E-07,-1.4890297E-01
1.2840582E-07,-1.4890297E-01
1.2845582E-07,-1.4890297E-01
1.2850582E-07,-1.4890297E-01
1.2855582E-07,-1.4885026E-01
1.2860582E-07,-1.4885026E-01
1.2865582E-07,-1.4879755E-01
1.2870582E-07,-1.4879755E-01
