
**** 04/05/25 22:08:30 *** PSpice 24.1.0 (26 February 2025) *** ID# 0 ********

 ** Profile: "SCHEMATIC1-asdfa"  [ c:\users\user\appdata\roaming\spb_data\cdssetup\workspace\projects\tiaopa695\TIAOPA695-PSpiceFiles


 ****     CIRCUIT DESCRIPTION


******************************************************************************




** Creating circuit file "asdfa.cir" 
** WARNING: THIS AUTOMATICALLY GENERATED FILE MAY BE OVERWRITTEN BY SUBSEQUENT SIMULATIONS

*Libraries: 
* Profile Libraries :
* Local Libraries :
* From [PSPICE NETLIST] section of C:\Users\user\AppData\Roaming\SPB_Data\cdssetup\OrCAD_PSpice\24.1.0\PSpice.ini file:
.lib "C:\Cadence\OrCADX_24.1\tools\capture\library\nom.lib" 
.lib "C:\Cadence\OrCADX_24.1\OpenAccess\lib\x64\opt\oaDebugCDS.lib" 
.lib "C:\Cadence\OrCADX_24.1\tools\capture\library\opa855_a.lib" 
.lib "C:\Cadence\OrCADX_24.1\tools\capture\library\OPA858.lib" 
.lib "C:\Cadence\OrCADX_24.1\tools\capture\library\opa695_a.lib" 
.lib "C:\Cadence\OrCADX_24.1\tools\capture\library\opa856_a.lib" 
.lib "C:\Cadence\OrCADX_24.1\tools\capture\library\tlv3604.lib" 
.lib "C:\Cadence\OrCADX_24.1\tools\capture\library\OPAx277.LIB" 

*Analysis directives: 
.TRAN  0 20n 0 
.STEP LIN PARAM IVar 30u 6m 300u 
.OPTIONS ADVCONV
.PROBE64 V(alias(*)) I(alias(*)) W(alias(*)) D(alias(*)) NOISE(alias(*)) 
.INC "..\SCHEMATIC1.net" 



**** INCLUDING SCHEMATIC1.net ****
* source TIAOPA695
R_R147         N1113661 N1113565  2k TC=0,0 
R_R149         N1113647 N1113485  130 TC=0,0 
V_V2         0 VEE 5
V_V6         0 N1113879 5
C_C252         0 VEE  0.1uF  TC=0,0 
R_R159         0 N1113089  21.34G TC=0,0 
C_C271         0 VCC  0.1uF  TC=0,0 
C_C253         0 VCC  0.1uF  TC=0,0 
R_R150         N1113879 N1113661  18k TC=0,0 
X_U76         N1113485 N1113089 N1113125 VCC 0 OPA855
C_C267         0 VEE  1n  TC=0,0 
C_C270         0 VCC  1n  TC=0,0 
I_I5         0 N1113089 DC 0Adc AC 0Aac
+PULSE 0 {IVar} 5n 0.4n 0.4n 1n 0
V_V5         N1113565 0 5
R_R160         0 N1113637  200 TC=0,0 
C_C268         0 VCC  1n  TC=0,0 
R_R151         N1113089 N1113125  500 TC=0,0 
R_R148         N1113637 N1113647  200 TC=0,0 
V_V1         VCC 0 5
C_C269         0 N1113485  1n  TC=0,0 
C_C265         0 N1113089  1.2p  TC=0,0 
C_C266         N1113125 N1113089  0.7pF  TC=0,0 
X_U1         N1113661 N1113637 VCC VEE N1113647 OPAX277
C_C259         0 0  0.1uF  TC=0,0 
C_C258         N1113125 N1114737  1n  TC=0,0 
C_C255         0 VEE  0.1uF  TC=0,0 
R_R152         N1114747 N1114761  500 TC=0,0 
C_C272         0 VCC  0.1uF  TC=0,0 
R_R156         N1114963 N1114761  20 TC=0,0 
C_C256         0 VEE  6.8uF  TC=0,0 
C_C254         0 VCC  6.8uF  TC=0,0 
X_U73         N1114991 N1114747 N1114761 VCC VEE OPA695
C_C257         N1113125 N1114737  0.1u  TC=0,0 
R_R154         N1114991 0  20 TC=0,0 
R_R155         N1114737 N1114747  360 TC=0,0 
R_R157         N1114963 0  67k TC=0,0 
.PARAM  ivar=0.5

**** RESUMING asdfa.cir ****
.END

**** 04/05/25 22:08:30 *** PSpice 24.1.0 (26 February 2025) *** ID# 0 ********

 ** Profile: "SCHEMATIC1-asdfa"  [ c:\users\user\appdata\roaming\spb_data\cdssetup\workspace\projects\tiaopa695\TIAOPA695-PSpiceFiles


 ****     Diode MODEL PARAMETERS


******************************************************************************




               X_U76.X_E_N.DVN X_U76.X_I_NP1.DNVF              X_U76.X_U1.DNVF 
          IS  100.000000E-18  100.000000E-18                  100.000000E-18 
          KF  316.227800E-12  316.227800E-12                  316.227800E-12 


               X_U1.X_U1.DVN   X_U1.X_U39.DVNF X_U1.X_U40.DVNF X_U73.X_E_N.DVN 
          IS  100.000000E-18  100.000000E-18  100.000000E-18  100.000000E-18 
          KF    3.162278E-12    3.162278E-12    3.162278E-12  316.227800E-12 


               X_U73.X_I_NP.DVNF 
          IS  100.000000E-18 
          KF  316.227800E-12 


               X_U73.X_I_NP2.DVNF 
          IS  100.000000E-18 
          KF  316.227800E-12 


**** 04/05/25 22:08:30 *** PSpice 24.1.0 (26 February 2025) *** ID# 0 ********

 ** Profile: "SCHEMATIC1-asdfa"  [ c:\users\user\appdata\roaming\spb_data\cdssetup\workspace\projects\tiaopa695\TIAOPA695-PSpiceFiles


 ****     Resistor MODEL PARAMETERS


******************************************************************************




               X_U76.R_NOISELESS 
  T_Measured   27            
   T_Current -273.15         
           R    1            


               X_U1.R_NOISELESS                X_U73.R_NOISE   
  T_Measured   27              27            
   T_Current -273.15           27            
           R    1                               1            


               X_U73.R_NOISELESS 
  T_Measured   27            
   T_Current -273.15         
           R    1            


**** 04/05/25 22:08:30 *** PSpice 24.1.0 (26 February 2025) *** ID# 0 ********

 ** Profile: "SCHEMATIC1-asdfa"  [ c:\users\user\appdata\roaming\spb_data\cdssetup\workspace\projects\tiaopa695\TIAOPA695-PSpiceFiles


 ****     Voltage Controlled Switch MODEL PARAMETERS


******************************************************************************




               X_U76.X_ESD_OUT.ESD_SW          X_U76.X_S1._S1  X_U76.X_S2._S2  
         RON   50                               1.000000E-03    1.000000E-03 
        ROFF    1.000000E+12                   20.000000E+03   20.000000E+03 
         VON     .5                              .8              .8          
        VOFF     .45                            -.6             -.4          


               X_U1.X_S1._S1   X_U1.X_S2._S2   
         RON     .01             .01         
        ROFF    1.000000E+12    1.000000E+12 
         VON     .01             .01         
        VOFF    0               0            


               X_U1.X_U20.ESD_SW 
         RON   50            
        ROFF    1.000000E+12 
         VON     .7          
        VOFF    0            


               X_U1.X_U21.ESD_SW 
         RON   50            
        ROFF    1.000000E+12 
         VON     .5          
        VOFF     .1          


               X_U1.X_U25.OL_SW 
         RON    1.000000E-03 
        ROFF    1.000000E+12 
         VON     .9          
        VOFF     .8          


               X_U1.X_U5.ESD_SW 
         RON   50            
        ROFF    1.000000E+12 
         VON     .5          
        VOFF     .1          


Model-Specific Temperatures During Sweep  Param value = 3e-05

 **** RESISTORS

               X_U76.R_R1 <X_U76.R_NOISELESS> (T_Current -273.15 T_Measured 27)
                              X_U76.R_R10 <X_U76.R_NOISELESS> (T_Current -273.15 T_Measured 27)
                                             X_U76.R_R107 <X_U76.R_NOISELESS> (T_Current -273.15 T_Measured 27)

          R        1.000E-02      1.000E-03      1.000E+00  


               X_U76.R_R108 <X_U76.R_NOISELESS> (T_Current -273.15 T_Measured 27)
                              X_U76.R_R109 <X_U76.R_NOISELESS> (T_Current -273.15 T_Measured 27)
                                             X_U76.R_R110 <X_U76.R_NOISELESS> (T_Current -273.15 T_Measured 27)

          R        1.000E+12      1.000E+00      1.000E-03  


               X_U76.R_R111 <X_U76.R_NOISELESS> (T_Current -273.15 T_Measured 27)
                              X_U76.R_R112 <X_U76.R_NOISELESS> (T_Current -273.15 T_Measured 27)
                                             X_U76.R_R113 <X_U76.R_NOISELESS> (T_Current -273.15 T_Measured 27)

          R        1.000E+06      1.000E+06      1.000E-03  


               X_U76.R_R146 <X_U76.R_NOISELESS> (T_Current -273.15 T_Measured 27)
                              X_U76.R_R147 <X_U76.R_NOISELESS> (T_Current -273.15 T_Measured 27)
                                             X_U76.R_R148 <X_U76.R_NOISELESS> (T_Current -273.15 T_Measured 27)

          R        1.000E+00      1.000E+00      1.000E+00  


               X_U76.R_R162 <X_U76.R_NOISELESS> (T_Current -273.15 T_Measured 27)
                              X_U76.R_R1A <X_U76.R_NOISELESS> (T_Current -273.15 T_Measured 27)
                                             X_U76.R_R1A1 <X_U76.R_NOISELESS> (T_Current -273.15 T_Measured 27)

          R        5.000E+03      1.000E+04      3.000E+01  


               X_U76.R_R1A14 <X_U76.R_NOISELESS> (T_Current -273.15 T_Measured 27)
                              X_U76.R_R1A15 <X_U76.R_NOISELESS> (T_Current -273.15 T_Measured 27)
                                             X_U76.R_R1A16 <X_U76.R_NOISELESS> (T_Current -273.15 T_Measured 27)

          R        1.000E+04      1.000E+04      2.800E+00  


               X_U76.R_R1A17 <X_U76.R_NOISELESS> (T_Current -273.15 T_Measured 27)
                              X_U76.R_R1A18 <X_U76.R_NOISELESS> (T_Current -273.15 T_Measured 27)
                                             X_U76.R_R1A40 <X_U76.R_NOISELESS> (T_Current -273.15 T_Measured 27)

          R        1.000E+04      1.000E+04      1.000E+04  


               X_U76.R_R1A41 <X_U76.R_NOISELESS> (T_Current -273.15 T_Measured 27)
                              X_U76.R_R1A42 <X_U76.R_NOISELESS> (T_Current -273.15 T_Measured 27)
                                             X_U76.R_R1A43 <X_U76.R_NOISELESS> (T_Current -273.15 T_Measured 27)

          R        7.000E+00      1.000E+04      3.000E+01  


               X_U76.R_R1A44 <X_U76.R_NOISELESS> (T_Current -273.15 T_Measured 27)
                              X_U76.R_R1A45 <X_U76.R_NOISELESS> (T_Current -273.15 T_Measured 27)
                                             X_U76.R_R2 <X_U76.R_NOISELESS> (T_Current -273.15 T_Measured 27)

          R        1.000E+01      1.000E+01      1.000E-02  


               X_U76.R_R21 <X_U76.R_NOISELESS> (T_Current -273.15 T_Measured 27)
                              X_U76.R_R211 <X_U76.R_NOISELESS> (T_Current -273.15 T_Measured 27)
                                             X_U76.R_R225 <X_U76.R_NOISELESS> (T_Current -273.15 T_Measured 27)

          R        1.000E+03      1.000E+00      1.000E+00  


               X_U76.R_R226 <X_U76.R_NOISELESS> (T_Current -273.15 T_Measured 27)
                              X_U76.R_R245 <X_U76.R_NOISELESS> (T_Current -273.15 T_Measured 27)
                                             X_U76.R_R246 <X_U76.R_NOISELESS> (T_Current -273.15 T_Measured 27)

          R        3.000E+01      4.500E+03      1.000E+00  


               X_U76.R_R247 <X_U76.R_NOISELESS> (T_Current -273.15 T_Measured 27)
                              X_U76.R_R248 <X_U76.R_NOISELESS> (T_Current -273.15 T_Measured 27)
                                             X_U76.R_R249 <X_U76.R_NOISELESS> (T_Current -273.15 T_Measured 27)

          R        1.000E+00      1.000E+00      1.000E+00  


               X_U76.R_R25 <X_U76.R_NOISELESS> (T_Current -273.15 T_Measured 27)
                              X_U76.R_R250 <X_U76.R_NOISELESS> (T_Current -273.15 T_Measured 27)
                                             X_U76.R_R251 <X_U76.R_NOISELESS> (T_Current -273.15 T_Measured 27)

          R        1.000E+09      1.000E+00      1.000E+00  


               X_U76.R_R252 <X_U76.R_NOISELESS> (T_Current -273.15 T_Measured 27)
                              X_U76.R_R253 <X_U76.R_NOISELESS> (T_Current -273.15 T_Measured 27)
                                             X_U76.R_R26 <X_U76.R_NOISELESS> (T_Current -273.15 T_Measured 27)

          R        1.000E+00      1.000E+00      1.000E+09  


               X_U76.R_R27 <X_U76.R_NOISELESS> (T_Current -273.15 T_Measured 27)
                              X_U76.R_R28 <X_U76.R_NOISELESS> (T_Current -273.15 T_Measured 27)
                                             X_U76.R_R29 <X_U76.R_NOISELESS> (T_Current -273.15 T_Measured 27)

          R        1.000E+00      1.000E-03      1.000E+03  


               X_U76.R_R2A <X_U76.R_NOISELESS> (T_Current -273.15 T_Measured 27)
                              X_U76.R_R2A1 <X_U76.R_NOISELESS> (T_Current -273.15 T_Measured 27)
                                             X_U76.R_R2A16 <X_U76.R_NOISELESS> (T_Current -273.15 T_Measured 27)

          R        2.000E+04      1.000E+01      5.420E-01  


               X_U76.R_R2A17 <X_U76.R_NOISELESS> (T_Current -273.15 T_Measured 27)
                              X_U76.R_R2A18 <X_U76.R_NOISELESS> (T_Current -273.15 T_Measured 27)
                                             X_U76.R_R2A36 <X_U76.R_NOISELESS> (T_Current -273.15 T_Measured 27)

          R        4.822E+02      4.822E+02      8.500E-01  


               X_U76.R_R2A37 <X_U76.R_NOISELESS> (T_Current -273.15 T_Measured 27)
                              X_U76.R_R2A40 <X_U76.R_NOISELESS> (T_Current -273.15 T_Measured 27)
                                             X_U76.R_R2A41 <X_U76.R_NOISELESS> (T_Current -273.15 T_Measured 27)

          R        3.010E+01      7.000E-01      1.000E+01  


               X_U76.R_R2A42 <X_U76.R_NOISELESS> (T_Current -273.15 T_Measured 27)
                              X_U76.R_R2A43 <X_U76.R_NOISELESS> (T_Current -273.15 T_Measured 27)
                                             X_U76.R_R3 <X_U76.R_NOISELESS> (T_Current -273.15 T_Measured 27)

          R        3.630E-01      3.630E-01      2.300E+06  


               X_U76.R_R30 <X_U76.R_NOISELESS> (T_Current -273.15 T_Measured 27)
                              X_U76.R_R31 <X_U76.R_NOISELESS> (T_Current -273.15 T_Measured 27)
                                             X_U76.R_R32 <X_U76.R_NOISELESS> (T_Current -273.15 T_Measured 27)

          R        1.000E-03      1.000E+03      1.000E+03  


               X_U76.R_R33 <X_U76.R_NOISELESS> (T_Current -273.15 T_Measured 27)
                              X_U76.R_R34 <X_U76.R_NOISELESS> (T_Current -273.15 T_Measured 27)
                                             X_U76.R_R4 <X_U76.R_NOISELESS> (T_Current -273.15 T_Measured 27)

          R        1.000E-03      1.000E+03      2.300E+06  


               X_U76.R_R6 <X_U76.R_NOISELESS> (T_Current -273.15 T_Measured 27)
                              X_U76.R_R60 <X_U76.R_NOISELESS> (T_Current -273.15 T_Measured 27)
                                             X_U76.R_R8 <X_U76.R_NOISELESS> (T_Current -273.15 T_Measured 27)

          R        1.000E+00      1.000E+00      1.000E+03  


               X_U76.R_R81 <X_U76.R_NOISELESS> (T_Current -273.15 T_Measured 27)
                              X_U76.R_R83 <X_U76.R_NOISELESS> (T_Current -273.15 T_Measured 27)
                                             X_U76.R_R9 <X_U76.R_NOISELESS> (T_Current -273.15 T_Measured 27)

          R        1.000E+09      1.000E+09      1.000E-03  


               X_U76.R_RDUMMY <X_U76.R_NOISELESS> (T_Current -273.15 T_Measured 27)
                              X_U76.R_RX <X_U76.R_NOISELESS> (T_Current -273.15 T_Measured 27)
                                             X_U76.R_R_VIMON <X_U76.R_NOISELESS> (T_Current -273.15 T_Measured 27)

          R        1.400E+02      1.400E+03      1.000E+02  


               X_U76.R_R_VOUT_S <X_U76.R_NOISELESS> (T_Current -273.15 T_Measured 27)
                              X_U1.R_R10 <X_U1.R_NOISELESS> (T_Current -273.15 T_Measured 27)
                                             X_U1.R_R11 <X_U1.R_NOISELESS> (T_Current -273.15 T_Measured 27)

          R        1.000E+02      1.000E+00      3.333E+01  


               X_U1.R_R12 <X_U1.R_NOISELESS> (T_Current -273.15 T_Measured 27)
                              X_U1.R_R13 <X_U1.R_NOISELESS> (T_Current -273.15 T_Measured 27)
                                             X_U1.R_R139 <X_U1.R_NOISELESS> (T_Current -273.15 T_Measured 27)

          R        1.000E+08      1.000E+00      1.057E+04  


               X_U1.R_R14 <X_U1.R_NOISELESS> (T_Current -273.15 T_Measured 27)
                              X_U1.R_R140 <X_U1.R_NOISELESS> (T_Current -273.15 T_Measured 27)
                                             X_U1.R_R141 <X_U1.R_NOISELESS> (T_Current -273.15 T_Measured 27)

          R        3.287E+04      1.000E+04      1.000E+00  


               X_U1.R_R142 <X_U1.R_NOISELESS> (T_Current -273.15 T_Measured 27)
                              X_U1.R_R143 <X_U1.R_NOISELESS> (T_Current -273.15 T_Measured 27)
                                             X_U1.R_R144 <X_U1.R_NOISELESS> (T_Current -273.15 T_Measured 27)

          R        1.000E+04      1.000E+00      7.603E+00  


               X_U1.R_R15 <X_U1.R_NOISELESS> (T_Current -273.15 T_Measured 27)
                              X_U1.R_R158 <X_U1.R_NOISELESS> (T_Current -273.15 T_Measured 27)
                                             X_U1.R_R159 <X_U1.R_NOISELESS> (T_Current -273.15 T_Measured 27)

          R        1.000E-03      1.000E+04      1.000E+00  


               X_U1.R_R16 <X_U1.R_NOISELESS> (T_Current -273.15 T_Measured 27)
                              X_U1.R_R160 <X_U1.R_NOISELESS> (T_Current -273.15 T_Measured 27)
                                             X_U1.R_R161 <X_U1.R_NOISELESS> (T_Current -273.15 T_Measured 27)

          R        1.000E+03      6.670E+03      1.000E+06  


               X_U1.R_R162 <X_U1.R_NOISELESS> (T_Current -273.15 T_Measured 27)
                              X_U1.R_R166 <X_U1.R_NOISELESS> (T_Current -273.15 T_Measured 27)
                                             X_U1.R_R167 <X_U1.R_NOISELESS> (T_Current -273.15 T_Measured 27)

          R        1.000E+06      1.000E+06      1.000E+02  


               X_U1.R_R168 <X_U1.R_NOISELESS> (T_Current -273.15 T_Measured 27)
                              X_U1.R_R169 <X_U1.R_NOISELESS> (T_Current -273.15 T_Measured 27)
                                             X_U1.R_R17 <X_U1.R_NOISELESS> (T_Current -273.15 T_Measured 27)

          R        1.000E+04      1.000E+00      1.000E-03  


               X_U1.R_R170 <X_U1.R_NOISELESS> (T_Current -273.15 T_Measured 27)
                              X_U1.R_R171 <X_U1.R_NOISELESS> (T_Current -273.15 T_Measured 27)
                                             X_U1.R_R172 <X_U1.R_NOISELESS> (T_Current -273.15 T_Measured 27)

          R        5.934E+03      1.000E+06      9.869E+04  


               X_U1.R_R173 <X_U1.R_NOISELESS> (T_Current -273.15 T_Measured 27)
                              X_U1.R_R174 <X_U1.R_NOISELESS> (T_Current -273.15 T_Measured 27)
                                             X_U1.R_R175 <X_U1.R_NOISELESS> (T_Current -273.15 T_Measured 27)

          R        1.000E+04      1.000E+00      5.157E+04  


               X_U1.R_R176 <X_U1.R_NOISELESS> (T_Current -273.15 T_Measured 27)
                              X_U1.R_R177 <X_U1.R_NOISELESS> (T_Current -273.15 T_Measured 27)
                                             X_U1.R_R178 <X_U1.R_NOISELESS> (T_Current -273.15 T_Measured 27)

          R        1.000E+04      1.000E+00      9.484E+03  


               X_U1.R_R179 <X_U1.R_NOISELESS> (T_Current -273.15 T_Measured 27)
                              X_U1.R_R18 <X_U1.R_NOISELESS> (T_Current -273.15 T_Measured 27)
                                             X_U1.R_R180 <X_U1.R_NOISELESS> (T_Current -273.15 T_Measured 27)

          R        1.000E+04      1.000E+12      1.000E+00  


               X_U1.R_R181 <X_U1.R_NOISELESS> (T_Current -273.15 T_Measured 27)
                              X_U1.R_R182 <X_U1.R_NOISELESS> (T_Current -273.15 T_Measured 27)
                                             X_U1.R_R183 <X_U1.R_NOISELESS> (T_Current -273.15 T_Measured 27)

          R        9.500E+03      1.000E+04      1.000E+00  


               X_U1.R_R184 <X_U1.R_NOISELESS> (T_Current -273.15 T_Measured 27)
                              X_U1.R_R185 <X_U1.R_NOISELESS> (T_Current -273.15 T_Measured 27)
                                             X_U1.R_R186 <X_U1.R_NOISELESS> (T_Current -273.15 T_Measured 27)

          R        5.875E+03      1.000E+04      1.000E+00  


               X_U1.R_R187 <X_U1.R_NOISELESS> (T_Current -273.15 T_Measured 27)
                              X_U1.R_R188 <X_U1.R_NOISELESS> (T_Current -273.15 T_Measured 27)
                                             X_U1.R_R189 <X_U1.R_NOISELESS> (T_Current -273.15 T_Measured 27)

          R        3.086E+03      1.000E+04      1.000E+00  


               X_U1.R_R19 <X_U1.R_NOISELESS> (T_Current -273.15 T_Measured 27)
                              X_U1.R_R190 <X_U1.R_NOISELESS> (T_Current -273.15 T_Measured 27)
                                             X_U1.R_R191 <X_U1.R_NOISELESS> (T_Current -273.15 T_Measured 27)

          R        1.000E+12      1.000E+04      1.001E+01  


               X_U1.R_R192 <X_U1.R_NOISELESS> (T_Current -273.15 T_Measured 27)
                              X_U1.R_R193 <X_U1.R_NOISELESS> (T_Current -273.15 T_Measured 27)
                                             X_U1.R_R20 <X_U1.R_NOISELESS> (T_Current -273.15 T_Measured 27)

          R        1.000E+00      1.000E+00      1.000E+00  


               X_U1.R_R21 <X_U1.R_NOISELESS> (T_Current -273.15 T_Measured 27)
                              X_U1.R_R22 <X_U1.R_NOISELESS> (T_Current -273.15 T_Measured 27)
                                             X_U1.R_R23 <X_U1.R_NOISELESS> (T_Current -273.15 T_Measured 27)

          R        1.000E-03      1.000E+06      1.000E+06  


               X_U1.R_R24 <X_U1.R_NOISELESS> (T_Current -273.15 T_Measured 27)
                              X_U1.R_R32 <X_U1.R_NOISELESS> (T_Current -273.15 T_Measured 27)
                                             X_U1.R_R33 <X_U1.R_NOISELESS> (T_Current -273.15 T_Measured 27)

          R        1.000E+03      1.000E+03      1.000E+03  


               X_U1.R_R34 <X_U1.R_NOISELESS> (T_Current -273.15 T_Measured 27)
                              X_U1.R_R35 <X_U1.R_NOISELESS> (T_Current -273.15 T_Measured 27)
                                             X_U1.R_R36 <X_U1.R_NOISELESS> (T_Current -273.15 T_Measured 27)

          R        1.000E+04      1.000E+00      1.095E+04  


               X_U1.R_R43 <X_U1.R_NOISELESS> (T_Current -273.15 T_Measured 27)
                              X_U1.R_R46 <X_U1.R_NOISELESS> (T_Current -273.15 T_Measured 27)
                                             X_U1.R_R47 <X_U1.R_NOISELESS> (T_Current -273.15 T_Measured 27)

          R        1.000E+00      1.000E+00      1.000E-03  


               X_U1.R_R48 <X_U1.R_NOISELESS> (T_Current -273.15 T_Measured 27)
                              X_U1.R_R49 <X_U1.R_NOISELESS> (T_Current -273.15 T_Measured 27)
                                             X_U1.R_R5 <X_U1.R_NOISELESS> (T_Current -273.15 T_Measured 27)

          R        1.000E+06      1.000E+12      1.000E+00  


               X_U1.R_R50 <X_U1.R_NOISELESS> (T_Current -273.15 T_Measured 27)
                              X_U1.R_R51 <X_U1.R_NOISELESS> (T_Current -273.15 T_Measured 27)
                                             X_U1.R_R52 <X_U1.R_NOISELESS> (T_Current -273.15 T_Measured 27)

          R        1.000E+06      1.000E-03      1.000E+00  


               X_U1.R_R53 <X_U1.R_NOISELESS> (T_Current -273.15 T_Measured 27)
                              X_U1.R_R54 <X_U1.R_NOISELESS> (T_Current -273.15 T_Measured 27)
                                             X_U1.R_R55 <X_U1.R_NOISELESS> (T_Current -273.15 T_Measured 27)

          R        1.000E+12      1.000E+00      1.000E-03  


               X_U1.R_R56 <X_U1.R_NOISELESS> (T_Current -273.15 T_Measured 27)
                              X_U1.R_R57 <X_U1.R_NOISELESS> (T_Current -273.15 T_Measured 27)
                                             X_U1.R_R58 <X_U1.R_NOISELESS> (T_Current -273.15 T_Measured 27)

          R        1.000E+12      1.000E+00      1.000E-03  


               X_U1.R_R59 <X_U1.R_NOISELESS> (T_Current -273.15 T_Measured 27)
                              X_U1.R_R6 <X_U1.R_NOISELESS> (T_Current -273.15 T_Measured 27)
                                             X_U1.R_R60 <X_U1.R_NOISELESS> (T_Current -273.15 T_Measured 27)

          R        1.000E+12      1.000E+08      1.000E+00  


               X_U1.R_R61 <X_U1.R_NOISELESS> (T_Current -273.15 T_Measured 27)
                              X_U1.R_R62 <X_U1.R_NOISELESS> (T_Current -273.15 T_Measured 27)
                                             X_U1.R_R63 <X_U1.R_NOISELESS> (T_Current -273.15 T_Measured 27)

          R        1.000E-03      1.000E-03      1.000E+12  


               X_U1.R_R64 <X_U1.R_NOISELESS> (T_Current -273.15 T_Measured 27)
                              X_U1.R_R65 <X_U1.R_NOISELESS> (T_Current -273.15 T_Measured 27)
                                             X_U1.R_R66 <X_U1.R_NOISELESS> (T_Current -273.15 T_Measured 27)

          R        1.000E+00      1.000E+12      1.000E+00  


               X_U1.R_R67 <X_U1.R_NOISELESS> (T_Current -273.15 T_Measured 27)
                              X_U1.R_R68 <X_U1.R_NOISELESS> (T_Current -273.15 T_Measured 27)
                                             X_U1.R_R69 <X_U1.R_NOISELESS> (T_Current -273.15 T_Measured 27)

          R        1.000E-03      1.000E-03      1.000E+12  


               X_U1.R_R7 <X_U1.R_NOISELESS> (T_Current -273.15 T_Measured 27)
                              X_U1.R_R70 <X_U1.R_NOISELESS> (T_Current -273.15 T_Measured 27)
                                             X_U1.R_R71 <X_U1.R_NOISELESS> (T_Current -273.15 T_Measured 27)

          R        8.332E+00      1.000E+00      1.000E-03  


               X_U1.R_R72 <X_U1.R_NOISELESS> (T_Current -273.15 T_Measured 27)
                              X_U1.R_R73 <X_U1.R_NOISELESS> (T_Current -273.15 T_Measured 27)
                                             X_U1.R_R74 <X_U1.R_NOISELESS> (T_Current -273.15 T_Measured 27)

          R        1.000E+03      1.000E-03      1.000E+03  


               X_U1.R_R75 <X_U1.R_NOISELESS> (T_Current -273.15 T_Measured 27)
                              X_U1.R_R76 <X_U1.R_NOISELESS> (T_Current -273.15 T_Measured 27)
                                             X_U1.R_R77 <X_U1.R_NOISELESS> (T_Current -273.15 T_Measured 27)

          R        1.000E-03      1.000E+03      1.000E+03  


               X_U1.R_R78 <X_U1.R_NOISELESS> (T_Current -273.15 T_Measured 27)
                              X_U1.R_R79 <X_U1.R_NOISELESS> (T_Current -273.15 T_Measured 27)
                                             X_U1.R_R8 <X_U1.R_NOISELESS> (T_Current -273.15 T_Measured 27)

          R        1.000E+00      1.000E+00      1.000E+03  


               X_U1.R_R80 <X_U1.R_NOISELESS> (T_Current -273.15 T_Measured 27)
                              X_U1.R_R81 <X_U1.R_NOISELESS> (T_Current -273.15 T_Measured 27)
                                             X_U1.R_R82 <X_U1.R_NOISELESS> (T_Current -273.15 T_Measured 27)

          R        1.000E+02      1.000E+02      1.000E+00  


               X_U1.R_R83 <X_U1.R_NOISELESS> (T_Current -273.15 T_Measured 27)
                              X_U1.R_R9 <X_U1.R_NOISELESS> (T_Current -273.15 T_Measured 27)
                                             X_U1.R_RDUMMY <X_U1.R_NOISELESS> (T_Current -273.15 T_Measured 27)

          R        1.000E+02      1.000E+08      6.858E+03  


               X_U1.R_RS_INN <X_U1.R_NOISELESS> (T_Current -273.15 T_Measured 27)
                              X_U1.R_RS_INP <X_U1.R_NOISELESS> (T_Current -273.15 T_Measured 27)
                                             X_U1.R_RX <X_U1.R_NOISELESS> (T_Current -273.15 T_Measured 27)

          R        1.000E+03      1.000E+03      6.858E+04  


               X_U1.R_RX1 <X_U1.R_NOISELESS> (T_Current -273.15 T_Measured 27)
                              X_U1.R_RX2 <X_U1.R_NOISELESS> (T_Current -273.15 T_Measured 27)
                                             X_U1.R_RX3 <X_U1.R_NOISELESS> (T_Current -273.15 T_Measured 27)

          R        1.000E+12      1.000E+02      1.000E+12  


               X_U1.R_RX4 <X_U1.R_NOISELESS> (T_Current -273.15 T_Measured 27)
                              X_U1.R_R_COM0 <X_U1.R_NOISELESS> (T_Current -273.15 T_Measured 27)
                                             X_U1.R_R_COM1 <X_U1.R_NOISELESS> (T_Current -273.15 T_Measured 27)

          R        1.000E+02      1.000E+12      1.000E+12  


               X_U1.R_R_DIFF <X_U1.R_NOISELESS> (T_Current -273.15 T_Measured 27)
                              X_U73.R_R107 <X_U73.R_NOISELESS> (T_Current -273.15 T_Measured 27)
                                             X_U73.R_R108 <X_U73.R_NOISELESS> (T_Current -273.15 T_Measured 27)

          R        1.000E+08      1.000E+00      1.000E+12  


               X_U73.R_R109 <X_U73.R_NOISELESS> (T_Current -273.15 T_Measured 27)
                              X_U73.R_R110 <X_U73.R_NOISELESS> (T_Current -273.15 T_Measured 27)
                                             X_U73.R_R111 <X_U73.R_NOISELESS> (T_Current -273.15 T_Measured 27)

          R        1.000E+00      1.000E-03      1.000E+06  


               X_U73.R_R112 <X_U73.R_NOISELESS> (T_Current -273.15 T_Measured 27)
                              X_U73.R_R113 <X_U73.R_NOISELESS> (T_Current -273.15 T_Measured 27)
                                             X_U73.R_R136 <X_U73.R_NOISELESS> (T_Current -273.15 T_Measured 27)

          R        1.000E+06      1.000E-03      1.000E+00  


               X_U73.R_R169 <X_U73.R_NOISELESS> (T_Current -273.15 T_Measured 27)
                              X_U73.R_R1A1 <X_U73.R_NOISELESS> (T_Current -273.15 T_Measured 27)
                                             X_U73.R_R1A3 <X_U73.R_NOISELESS> (T_Current -273.15 T_Measured 27)

          R        2.900E+01      1.000E+04      1.000E+04  


               X_U73.R_R1A4 <X_U73.R_NOISELESS> (T_Current -273.15 T_Measured 27)
                              X_U73.R_R2 <X_U73.R_NOISELESS> (T_Current -273.15 T_Measured 27)
                                             X_U73.R_R21 <X_U73.R_NOISELESS> (T_Current -273.15 T_Measured 27)

          R        1.000E+04      1.000E-02      1.000E+03  


               X_U73.R_R25 <X_U73.R_NOISELESS> (T_Current -273.15 T_Measured 27)
                              X_U73.R_R26 <X_U73.R_NOISELESS> (T_Current -273.15 T_Measured 27)
                                             X_U73.R_R261 <X_U73.R_NOISELESS> (T_Current -273.15 T_Measured 27)

          R        1.000E+09      1.000E+09      1.000E+00  


               X_U73.R_R27 <X_U73.R_NOISELESS> (T_Current -273.15 T_Measured 27)
                              X_U73.R_R28 <X_U73.R_NOISELESS> (T_Current -273.15 T_Measured 27)
                                             X_U73.R_R29 <X_U73.R_NOISELESS> (T_Current -273.15 T_Measured 27)

          R        1.000E+00      1.000E-03      1.000E+03  


               X_U73.R_R2A1 <X_U73.R_NOISELESS> (T_Current -273.15 T_Measured 27)
                              X_U73.R_R2A4 <X_U73.R_NOISELESS> (T_Current -273.15 T_Measured 27)
                                             X_U73.R_R2A5 <X_U73.R_NOISELESS> (T_Current -273.15 T_Measured 27)

          R        1.700E+01      2.000E+01      1.200E+01  


               X_U73.R_R3 <X_U73.R_NOISELESS> (T_Current -273.15 T_Measured 27)
                              X_U73.R_R30 <X_U73.R_NOISELESS> (T_Current -273.15 T_Measured 27)
                                             X_U73.R_R31 <X_U73.R_NOISELESS> (T_Current -273.15 T_Measured 27)

          R        2.800E+05      1.000E-03      1.000E+03  


               X_U73.R_R32 <X_U73.R_NOISELESS> (T_Current -273.15 T_Measured 27)
                              X_U73.R_R33 <X_U73.R_NOISELESS> (T_Current -273.15 T_Measured 27)
                                             X_U73.R_R34 <X_U73.R_NOISELESS> (T_Current -273.15 T_Measured 27)

          R        1.000E+03      1.000E-03      1.000E+03  


               X_U73.R_R35 <X_U73.R_NOISELESS> (T_Current -273.15 T_Measured 27)
                              X_U73.R_R36 <X_U73.R_NOISELESS> (T_Current -273.15 T_Measured 27)
                                             X_U73.R_R363 <X_U73.R_NOISELESS> (T_Current -273.15 T_Measured 27)

          R        1.000E+09      1.000E+00      1.000E+00  


               X_U73.R_R364 <X_U73.R_NOISELESS> (T_Current -273.15 T_Measured 27)
                              X_U73.R_R37 <X_U73.R_NOISELESS> (T_Current -273.15 T_Measured 27)
                                             X_U73.R_R38 <X_U73.R_NOISELESS> (T_Current -273.15 T_Measured 27)

          R        1.000E+00      1.000E-03      1.000E-03  


               X_U73.R_R39 <X_U73.R_NOISELESS> (T_Current -273.15 T_Measured 27)
                              X_U73.R_R40 <X_U73.R_NOISELESS> (T_Current -273.15 T_Measured 27)
                                             X_U73.R_R5 <X_U73.R_NOISELESS> (T_Current -273.15 T_Measured 27)

          R        1.000E+00      1.000E+09      1.000E+00  


               X_U73.R_R60 <X_U73.R_NOISELESS> (T_Current -273.15 T_Measured 27)
                              X_U73.R_R8 <X_U73.R_NOISELESS> (T_Current -273.15 T_Measured 27)
                                             X_U73.R_R81 <X_U73.R_NOISELESS> (T_Current -273.15 T_Measured 27)

          R        3.700E+04      1.000E+03      1.000E+09  


               X_U73.R_R83 <X_U73.R_NOISELESS> (T_Current -273.15 T_Measured 27)
                              X_U73.R_R9 <X_U73.R_NOISELESS> (T_Current -273.15 T_Measured 27)
                                             X_U73.R_R_VIMON <X_U73.R_NOISELESS> (T_Current -273.15 T_Measured 27)

          R        1.000E+09      1.000E-03      1.000E+02  


               X_U73.R_R_VOUT_S <X_U73.R_NOISELESS> (T_Current -273.15 T_Measured 27)

          R        1.000E+02  



**** 04/05/25 22:08:30 *** PSpice 24.1.0 (26 February 2025) *** ID# 0 ********

 ** Profile: "SCHEMATIC1-asdfa"  [ c:\users\user\appdata\roaming\spb_data\cdssetup\workspace\projects\tiaopa695\TIAOPA695-PSpiceFiles


 ****     INITIAL TRANSIENT SOLUTION       TEMPERATURE =   27.000 DEG C

 ****     CURRENT STEP                     PARAM IVAR =   30.0000E-06


******************************************************************************



 NODE   VOLTAGE     NODE   VOLTAGE     NODE   VOLTAGE     NODE   VOLTAGE


(  VCC)    5.0000  (  VEE)   -5.0000  (N1113089)    3.8997                      

(N1113125)    3.9059                  (N1113485)    3.9010                      

(N1113565)    5.0000                  (N1113637)    1.9901                      

(N1113647)    3.9027                  (N1113661)    3.3016                      

(N1113879)   -5.0000                  (N1114737)     .0070                      

(N1114747)     .0070                  (N1114761)     .0168                      

(N1114963)     .0168                  (N1114991)-260.0E-06                      

(X_U1.MID)-423.5E-18                  (X_U1.V11)-4.676E-09                      

(X_U1.V12)     .6872                  (X_U76.ZO)    3.9059                      

(X_U1.ESDN)    2.3782                 (X_U1.ESDP)    2.9136                     

(X_U1.VCLP)    3.9562                 (X_U73.AOL)     .0168                     

(X_U73.MID)-211.8E-18                 (X_U76.MID)    2.5000                     

(X_U1.CLAMP)    6.6228                (X_U1.VCC_B)    5.0000                    

(X_U1.VEE_B)   -5.0000                (X_U1.VIMON)    9.5755                    

(X_U73.CMRR)-482.6E-09                (X_U76.CMRR)    2.5000                    

(X_U76.ESDN)    3.8997                (X_U76.ESDP)    3.9010                    

(X_U1.VOUT_S)    3.9027               (X_U1.VSENSE)    6.6228                   

(X_U1.X_U1.3)    0.0000               (X_U1.X_U1.4)    0.0000                   

(X_U1.X_U1.5)    0.0000               (X_U1.X_U1.6)    0.0000                   

(X_U1.X_U1.7)     .8338               (X_U1.X_U1.8)     .8338                   

(X_U73.CLAMP)     .0168               (X_U73.VCC_B)    5.0000                   

(X_U73.VEE_B)   -5.0000               (X_U73.VIMON)     .0198                   

(X_U76.CLAMP)    4.1283               (X_U76.PSRRN)    2.5002                   

(X_U76.PSRRP)    2.5001               (X_U76.VCC_B)    5.0000                   

(X_U76.VEE_B) 2.501E-06               (X_U76.VIMON)    2.5124                   

(X_U1.VCC_CLP)    3.9000              (X_U1.VEE_CLP)   -4.8260                  

(X_U1.X_U39.3)    0.0000              (X_U1.X_U39.4)    0.0000                  

(X_U1.X_U39.5)    0.0000              (X_U1.X_U39.6)    0.0000                  

(X_U1.X_U39.7)     .8338              (X_U1.X_U39.8)     .8338                  

(X_U1.X_U40.3)    0.0000              (X_U1.X_U40.4)    0.0000                  

(X_U1.X_U40.5)    0.0000              (X_U1.X_U40.6)    0.0000                  

(X_U1.X_U40.7)     .8338              (X_U1.X_U40.8)     .8338                  

(X_U73.AOLNET)    -.0168              (X_U73.N05102)     .0070                  

(X_U73.N06456)-260.0E-06              (X_U73.N10561)    -.0070                  

(X_U73.N10570)    -.0070              (X_U73.N11984)    -.0070                  

(X_U73.N25816)     .0070              (X_U73.N28602)   -3.3000                  

(X_U73.N30136)    3.3000              (X_U73.N30913)     .0070                  

(X_U73.N31014)     .0070              (X_U73.N35669)    4.1998                  

(X_U73.N35813)    4.1998              (X_U73.N38050)   -4.2000                  

(X_U73.N38096)   -4.2000              (X_U73.N42663)-211.8E-18                  

(X_U73.N42834)-211.8E-18              (X_U73.N44757)-211.8E-18                  

(X_U73.N44799)-211.8E-18              (X_U73.VOUT_S)     .0168                  

(X_U76.AOLNET)    2.4992              (X_U76.N06456)    3.9010                  

(X_U76.N10561)    3.9006              (X_U76.N10570)    3.9006                  

(X_U76.N11984)    3.9006              (X_U76.N11991)    3.8997                  

(X_U76.N25816)    3.9005              (X_U76.N28602)    1.1000                  

(X_U76.N30136)    4.6000              (X_U76.N30913)    3.9005                  

(X_U76.N31014)    3.9005              (X_U76.N35675)    4.2118                  

(X_U76.N35813)    4.2118              (X_U76.N38050)    1.0201                  

(X_U76.N38096)    1.0201              (X_U76.VOUT_S)    3.9059                  

(X_U76.X_U1.3)    0.0000              (X_U76.X_U1.4)    0.0000                  

(X_U76.X_U1.5)    0.0000              (X_U76.X_U1.6)    0.0000                  

(X_U76.X_U1.7)     .8338              (X_U76.X_U1.8)     .8338                  

(X_U1.CL_CLAMP)    3.9562             (X_U1.N2986935)    2.9136                 

(X_U1.N2986947) 291.4E-09             (X_U1.N2986949)    2.9136                 

(X_U1.N2986957)    2.9136             (X_U1.N2986973)-1.581E-06                 

(X_U1.N2986975) 1.581E-06             (X_U1.N2986977)    2.9136                 

(X_U1.N2986981)    2.9136             (X_U1.N2987013)    2.3782                 

(X_U1.N2987017)    3.0000             (X_U1.N2987029)   -3.0000                 

(X_U1.N2987037)    2.9136             (X_U1.N2987051)    2.9136                 

(X_U1.N2987061)   53.5400             (X_U1.N2987123)     .0027                 

(X_U1.N2987135)     .0027             (X_U1.N2987157)-423.5E-18                 

(X_U1.N2987159)-423.5E-18             (X_U1.N2987201)   35.0000                 

(X_U1.N2987203)-423.5E-18             (X_U1.N2987205)-423.5E-18                 

(X_U1.N2987225)-423.5E-18             (X_U1.N2987231)-423.5E-18                 

(X_U1.N2987243)  -35.0000             (X_U1.N2987295)   75.0000                 

(X_U1.N2987299)-423.5E-18             (X_U1.N2987301)-423.5E-18                 

(X_U1.N2987319)-423.5E-18             (X_U1.N2987325)-423.5E-18                 

(X_U1.N2987337)  -75.0000             (X_U1.N2987363)    6.6228                 

(X_U1.N2987391)    3.9000             (X_U1.N2987395)   -4.8260                 

(X_U1.N2987423)   -4.8260             (X_U1.N2987427)    3.9000                 

(X_U1.N2987487)-4.676E-09             (X_U1.N2987493)     .6872                 

(X_U1.N2987499)    1.0000             (X_U1.N2987541)    9.5755                 

(X_U1.N2987553)    3.9027             (X_U1.N2987623)    3.9027                 

(X_U1.N2987655)    1.9562             (X_U1.N2987675)    6.6134                 

(X_U1.N2987683)    1.9562             (X_U1.N2987687)    1.9562                 

(X_U1.N2987711)    6.6134             (X_U1.N2987719)    5.9262                 

(X_U1.N2987763)-423.5E-18             (X_U1.N2987785)    5.0000                 

(X_U1.N2987801)   -5.0000             (X_U1.N3108745)   16.5560                 

(X_U1.N3108755)    6.6244             (X_U1.N3108879)    6.6228                 

(X_U1.N3108917)    6.6244             (X_U1.N3108949)    6.6243                 

(X_U1.N3109015)    6.6243             (X_U1.N3116457)    3.9562                 

(X_U1.N3116503)  365.8100             (X_U1.N3116515)  365.8100                 

(X_U1.N3116609)  699.7200             (X_U1.N3116619)  260.5800                 

(X_U1.N3116655)  699.6500             (X_U1.N3116665)     .5315                 

(X_U1.N3116675)  699.7200             (X_U1.N3116685)  699.7200                 

(X_U1.N3116957)  699.6400             (X_U1.N3117239)  699.7200                 

(X_U1.N3126023)    3.4971             (X_U1.N3128929)   -4.7434                 

(X_U1.N3130349) 1.581E-06             (X_U1.N3130359)     .0048                 

(X_U1.N3202117)  699.7200             (X_U1.N3202127)  699.7200                 

(X_U1.N3202213)  699.7200             (X_U1.N3204124)  699.7200                 

(X_U1.N3204134)  699.7200             (X_U1.N3204220)  699.7200                 

(X_U1.N3205032)  699.7200             (X_U1.N3205042)  699.7200                 

(X_U1.N3205128)  699.7200             (X_U1.N3205956)  699.7200                 

(X_U1.N3205966)  699.7200             (X_U1.N3206052)  699.7200                 

(X_U1.N3206890)  699.7200             (X_U1.N3206900)  699.7200                 

(X_U1.N3206986)  699.7200             (X_U1.N3208573)  699.7200                 

(X_U1.N3208669)  699.7200             (X_U1.N3236810) 1.581E-09                 

(X_U1.N3236820) 1.581E-06             (X_U73.N110431)     .0198                 

(X_U73.N112292)     .0168             (X_U73.N317950)-211.8E-18                 

(X_U73.N406634)    5.0000             (X_U73.N406794)   -5.0000                 

(X_U73.N701935)-241.8E-06             (X_U73.N704979)   -6.4993                 

(X_U73.N705005)    -.0078             (X_U73.N709083)    3.6601                 

(X_U73.N709113)     .0062             (X_U73.N749288)    -.0070                 

(X_U73.VCC_CLP)    4.1998             (X_U73.VEE_CLP)   -4.2000                 

(X_U73.X_E_N.3)    0.0000             (X_U73.X_E_N.4)    0.0000                 

(X_U73.X_E_N.5)    0.0000             (X_U73.X_E_N.6)    0.0000                 

(X_U73.X_E_N.7)     .8338             (X_U73.X_E_N.8)     .8338                 

(X_U76.N110431)    2.5124             (X_U76.N112292)    3.9059                 

(X_U76.N317950)    2.5000             (X_U76.N406634)    5.0000                 

(X_U76.N406794) 2.504E-06             (X_U76.N749288)    3.9006                 

(X_U76.VCC_CLP)    4.2118             (X_U76.VEE_CLP)    1.0201                 

(X_U76.X_E_N.3)    0.0000             (X_U76.X_E_N.4)    0.0000                 

(X_U76.X_E_N.5)    0.0000             (X_U76.X_E_N.6)    0.0000                 

(X_U76.X_E_N.7)     .8338             (X_U76.X_E_N.8)     .8338                 

(X_U1.N32898091)  699.7200            (X_U73.N1327152)     .0070                

(X_U73.X_I_NP.3)    0.0000            (X_U73.X_I_NP.4)    0.0000                

(X_U73.X_I_NP.5)    0.0000            (X_U73.X_I_NP.6)    0.0000                

(X_U73.X_I_NP.7)     .8338            (X_U73.X_I_NP.8)     .8338                

(X_U76.N1254860)   17.9820            (X_U76.N1446199)    4.0758                

(X_U76.N1446217)    4.0758            (X_U76.N1461236)    2.3361                

(X_U76.N1461246)    2.5000            (X_U76.N1461252)    2.5046                

(X_U76.N1481243)     .7102            (X_U76.N1481253)    2.4999                

(X_U76.N1481259)    2.5005            (X_U76.N1483677)    6.4446                

(X_U76.N1483687)    2.5002            (X_U76.N1483693)    2.4954                

(X_U76.N1483703)    2.4998            (X_U76.N1483713)    2.5046                

(X_U76.N1490067)    2.5001            (X_U76.N1492098)    2.7548                

(X_U76.N1492108)    2.6699            (X_U76.N1492118)    2.6699                

(X_U76.N1492126)    2.6699            (X_U76.N1492376)    2.6699                

(X_U76.N1534615)    6.8373            (X_U76.N1534625)    2.6519                

(X_U76.N1534635)    2.6519            (X_U76.N1534645)    2.6519                

(X_U76.N1534887)    2.6519            (X_U76.N1541593)    6.3796                

(X_U76.N1541603)    2.6359            (X_U1.CLAW_CLAMP)    3.9562               

(X_U73.X_I_NP2.3)    0.0000           (X_U73.X_I_NP2.4)    0.0000               

(X_U73.X_I_NP2.5)    0.0000           (X_U73.X_I_NP2.6)    0.0000               

(X_U73.X_I_NP2.7)     .8338           (X_U73.X_I_NP2.8)     .8338               

(X_U76.X_I_NP1.3)    0.0000           (X_U76.X_I_NP1.4)    0.0000               

(X_U76.X_I_NP1.5)    0.0000           (X_U76.X_I_NP1.6)    0.0000               

(X_U76.X_I_NP1.7)     .8338           (X_U76.X_I_NP1.8)     .8338               

(X_U1.SW_OL_OPAx277)    1.0000        (X_U73.X_VOS_VS_VCM.1)    -.0070          

(X_U76.X_VOS_VS_VCM.1)    3.9006      




    VOLTAGE SOURCE CURRENTS
    NAME         CURRENT

    V_V2        -1.369E-02
    V_V6        -4.612E-04
    V_V5        -8.492E-04
    V_V1        -4.081E-02
    X_U76.V_VCM_MAX  -2.100E-09
    X_U76.V_VCM_MIN   1.400E-09
    X_U1.V_VCM_MAX  -3.001E-12
    X_U1.V_VCM_MIN   3.001E-12
    X_U1.V_V_GRN   7.500E-11
    X_U1.V_V_GRP  -7.500E-11
    X_U1.V_V_ISCN   3.500E-11
    X_U1.V_V_ISCP  -3.500E-11
    X_U1.V_V_ORN   0.000E+00
    X_U1.V_V_ORP   0.000E+00
    X_U73.V_VCM_MAX  -3.300E-09
    X_U73.V_VCM_MIN   3.300E-09
    X_U76.X_H3.VH_H3  -1.245E-05
    X_U76.X_VOS_VS_VCM.V1   4.097E-13
    X_U1.X_H1.VH_H1   9.576E-03
    X_U1.X_H2.VH_H2   6.872E-01
    X_U1.X_H3.VH_H3   4.676E-09
    X_U73.X_H3.VH_H3  -1.980E-05
    X_U73.X_VOS_VS_VCM.V1  -9.661E-17

    TOTAL POWER DISSIPATION   2.79E-01  WATTS


Model-Specific Temperatures During Sweep  Param value = 0.00033

 **** RESISTORS

               X_U76.R_R1 <X_U76.R_NOISELESS> (T_Current -273.15 T_Measured 27)
                              X_U76.R_R10 <X_U76.R_NOISELESS> (T_Current -273.15 T_Measured 27)
                                             X_U76.R_R107 <X_U76.R_NOISELESS> (T_Current -273.15 T_Measured 27)

          R        1.000E-02      1.000E-03      1.000E+00  


               X_U76.R_R108 <X_U76.R_NOISELESS> (T_Current -273.15 T_Measured 27)
                              X_U76.R_R109 <X_U76.R_NOISELESS> (T_Current -273.15 T_Measured 27)
                                             X_U76.R_R110 <X_U76.R_NOISELESS> (T_Current -273.15 T_Measured 27)

          R        1.000E+12      1.000E+00      1.000E-03  


               X_U76.R_R111 <X_U76.R_NOISELESS> (T_Current -273.15 T_Measured 27)
                              X_U76.R_R112 <X_U76.R_NOISELESS> (T_Current -273.15 T_Measured 27)
                                             X_U76.R_R113 <X_U76.R_NOISELESS> (T_Current -273.15 T_Measured 27)

          R        1.000E+06      1.000E+06      1.000E-03  


               X_U76.R_R146 <X_U76.R_NOISELESS> (T_Current -273.15 T_Measured 27)
                              X_U76.R_R147 <X_U76.R_NOISELESS> (T_Current -273.15 T_Measured 27)
                                             X_U76.R_R148 <X_U76.R_NOISELESS> (T_Current -273.15 T_Measured 27)

          R        1.000E+00      1.000E+00      1.000E+00  


               X_U76.R_R162 <X_U76.R_NOISELESS> (T_Current -273.15 T_Measured 27)
                              X_U76.R_R1A <X_U76.R_NOISELESS> (T_Current -273.15 T_Measured 27)
                                             X_U76.R_R1A1 <X_U76.R_NOISELESS> (T_Current -273.15 T_Measured 27)

          R        5.000E+03      1.000E+04      3.000E+01  


               X_U76.R_R1A14 <X_U76.R_NOISELESS> (T_Current -273.15 T_Measured 27)
                              X_U76.R_R1A15 <X_U76.R_NOISELESS> (T_Current -273.15 T_Measured 27)
                                             X_U76.R_R1A16 <X_U76.R_NOISELESS> (T_Current -273.15 T_Measured 27)

          R        1.000E+04      1.000E+04      2.800E+00  


               X_U76.R_R1A17 <X_U76.R_NOISELESS> (T_Current -273.15 T_Measured 27)
                              X_U76.R_R1A18 <X_U76.R_NOISELESS> (T_Current -273.15 T_Measured 27)
                                             X_U76.R_R1A40 <X_U76.R_NOISELESS> (T_Current -273.15 T_Measured 27)

          R        1.000E+04      1.000E+04      1.000E+04  


               X_U76.R_R1A41 <X_U76.R_NOISELESS> (T_Current -273.15 T_Measured 27)
                              X_U76.R_R1A42 <X_U76.R_NOISELESS> (T_Current -273.15 T_Measured 27)
                                             X_U76.R_R1A43 <X_U76.R_NOISELESS> (T_Current -273.15 T_Measured 27)

          R        7.000E+00      1.000E+04      3.000E+01  


               X_U76.R_R1A44 <X_U76.R_NOISELESS> (T_Current -273.15 T_Measured 27)
                              X_U76.R_R1A45 <X_U76.R_NOISELESS> (T_Current -273.15 T_Measured 27)
                                             X_U76.R_R2 <X_U76.R_NOISELESS> (T_Current -273.15 T_Measured 27)

          R        1.000E+01      1.000E+01      1.000E-02  


               X_U76.R_R21 <X_U76.R_NOISELESS> (T_Current -273.15 T_Measured 27)
                              X_U76.R_R211 <X_U76.R_NOISELESS> (T_Current -273.15 T_Measured 27)
                                             X_U76.R_R225 <X_U76.R_NOISELESS> (T_Current -273.15 T_Measured 27)

          R        1.000E+03      1.000E+00      1.000E+00  


               X_U76.R_R226 <X_U76.R_NOISELESS> (T_Current -273.15 T_Measured 27)
                              X_U76.R_R245 <X_U76.R_NOISELESS> (T_Current -273.15 T_Measured 27)
                                             X_U76.R_R246 <X_U76.R_NOISELESS> (T_Current -273.15 T_Measured 27)

          R        3.000E+01      4.500E+03      1.000E+00  


               X_U76.R_R247 <X_U76.R_NOISELESS> (T_Current -273.15 T_Measured 27)
                              X_U76.R_R248 <X_U76.R_NOISELESS> (T_Current -273.15 T_Measured 27)
                                             X_U76.R_R249 <X_U76.R_NOISELESS> (T_Current -273.15 T_Measured 27)

          R        1.000E+00      1.000E+00      1.000E+00  


               X_U76.R_R25 <X_U76.R_NOISELESS> (T_Current -273.15 T_Measured 27)
                              X_U76.R_R250 <X_U76.R_NOISELESS> (T_Current -273.15 T_Measured 27)
                                             X_U76.R_R251 <X_U76.R_NOISELESS> (T_Current -273.15 T_Measured 27)

          R        1.000E+09      1.000E+00      1.000E+00  


               X_U76.R_R252 <X_U76.R_NOISELESS> (T_Current -273.15 T_Measured 27)
                              X_U76.R_R253 <X_U76.R_NOISELESS> (T_Current -273.15 T_Measured 27)
                                             X_U76.R_R26 <X_U76.R_NOISELESS> (T_Current -273.15 T_Measured 27)

          R        1.000E+00      1.000E+00      1.000E+09  


               X_U76.R_R27 <X_U76.R_NOISELESS> (T_Current -273.15 T_Measured 27)
                              X_U76.R_R28 <X_U76.R_NOISELESS> (T_Current -273.15 T_Measured 27)
                                             X_U76.R_R29 <X_U76.R_NOISELESS> (T_Current -273.15 T_Measured 27)

          R        1.000E+00      1.000E-03      1.000E+03  


               X_U76.R_R2A <X_U76.R_NOISELESS> (T_Current -273.15 T_Measured 27)
                              X_U76.R_R2A1 <X_U76.R_NOISELESS> (T_Current -273.15 T_Measured 27)
                                             X_U76.R_R2A16 <X_U76.R_NOISELESS> (T_Current -273.15 T_Measured 27)

          R        2.000E+04      1.000E+01      5.420E-01  


               X_U76.R_R2A17 <X_U76.R_NOISELESS> (T_Current -273.15 T_Measured 27)
                              X_U76.R_R2A18 <X_U76.R_NOISELESS> (T_Current -273.15 T_Measured 27)
                                             X_U76.R_R2A36 <X_U76.R_NOISELESS> (T_Current -273.15 T_Measured 27)

          R        4.822E+02      4.822E+02      8.500E-01  


               X_U76.R_R2A37 <X_U76.R_NOISELESS> (T_Current -273.15 T_Measured 27)
                              X_U76.R_R2A40 <X_U76.R_NOISELESS> (T_Current -273.15 T_Measured 27)
                                             X_U76.R_R2A41 <X_U76.R_NOISELESS> (T_Current -273.15 T_Measured 27)

          R        3.010E+01      7.000E-01      1.000E+01  


               X_U76.R_R2A42 <X_U76.R_NOISELESS> (T_Current -273.15 T_Measured 27)
                              X_U76.R_R2A43 <X_U76.R_NOISELESS> (T_Current -273.15 T_Measured 27)
                                             X_U76.R_R3 <X_U76.R_NOISELESS> (T_Current -273.15 T_Measured 27)

          R        3.630E-01      3.630E-01      2.300E+06  


               X_U76.R_R30 <X_U76.R_NOISELESS> (T_Current -273.15 T_Measured 27)
                              X_U76.R_R31 <X_U76.R_NOISELESS> (T_Current -273.15 T_Measured 27)
                                             X_U76.R_R32 <X_U76.R_NOISELESS> (T_Current -273.15 T_Measured 27)

          R        1.000E-03      1.000E+03      1.000E+03  


               X_U76.R_R33 <X_U76.R_NOISELESS> (T_Current -273.15 T_Measured 27)
                              X_U76.R_R34 <X_U76.R_NOISELESS> (T_Current -273.15 T_Measured 27)
                                             X_U76.R_R4 <X_U76.R_NOISELESS> (T_Current -273.15 T_Measured 27)

          R        1.000E-03      1.000E+03      2.300E+06  


               X_U76.R_R6 <X_U76.R_NOISELESS> (T_Current -273.15 T_Measured 27)
                              X_U76.R_R60 <X_U76.R_NOISELESS> (T_Current -273.15 T_Measured 27)
                                             X_U76.R_R8 <X_U76.R_NOISELESS> (T_Current -273.15 T_Measured 27)

          R        1.000E+00      1.000E+00      1.000E+03  


               X_U76.R_R81 <X_U76.R_NOISELESS> (T_Current -273.15 T_Measured 27)
                              X_U76.R_R83 <X_U76.R_NOISELESS> (T_Current -273.15 T_Measured 27)
                                             X_U76.R_R9 <X_U76.R_NOISELESS> (T_Current -273.15 T_Measured 27)

          R        1.000E+09      1.000E+09      1.000E-03  


               X_U76.R_RDUMMY <X_U76.R_NOISELESS> (T_Current -273.15 T_Measured 27)
                              X_U76.R_RX <X_U76.R_NOISELESS> (T_Current -273.15 T_Measured 27)
                                             X_U76.R_R_VIMON <X_U76.R_NOISELESS> (T_Current -273.15 T_Measured 27)

          R        1.400E+02      1.400E+03      1.000E+02  


               X_U76.R_R_VOUT_S <X_U76.R_NOISELESS> (T_Current -273.15 T_Measured 27)
                              X_U1.R_R10 <X_U1.R_NOISELESS> (T_Current -273.15 T_Measured 27)
                                             X_U1.R_R11 <X_U1.R_NOISELESS> (T_Current -273.15 T_Measured 27)

          R        1.000E+02      1.000E+00      3.333E+01  


               X_U1.R_R12 <X_U1.R_NOISELESS> (T_Current -273.15 T_Measured 27)
                              X_U1.R_R13 <X_U1.R_NOISELESS> (T_Current -273.15 T_Measured 27)
                                             X_U1.R_R139 <X_U1.R_NOISELESS> (T_Current -273.15 T_Measured 27)

          R        1.000E+08      1.000E+00      1.057E+04  


               X_U1.R_R14 <X_U1.R_NOISELESS> (T_Current -273.15 T_Measured 27)
                              X_U1.R_R140 <X_U1.R_NOISELESS> (T_Current -273.15 T_Measured 27)
                                             X_U1.R_R141 <X_U1.R_NOISELESS> (T_Current -273.15 T_Measured 27)

          R        3.287E+04      1.000E+04      1.000E+00  


               X_U1.R_R142 <X_U1.R_NOISELESS> (T_Current -273.15 T_Measured 27)
                              X_U1.R_R143 <X_U1.R_NOISELESS> (T_Current -273.15 T_Measured 27)
                                             X_U1.R_R144 <X_U1.R_NOISELESS> (T_Current -273.15 T_Measured 27)

          R        1.000E+04      1.000E+00      7.603E+00  


               X_U1.R_R15 <X_U1.R_NOISELESS> (T_Current -273.15 T_Measured 27)
                              X_U1.R_R158 <X_U1.R_NOISELESS> (T_Current -273.15 T_Measured 27)
                                             X_U1.R_R159 <X_U1.R_NOISELESS> (T_Current -273.15 T_Measured 27)

          R        1.000E-03      1.000E+04      1.000E+00  


               X_U1.R_R16 <X_U1.R_NOISELESS> (T_Current -273.15 T_Measured 27)
                              X_U1.R_R160 <X_U1.R_NOISELESS> (T_Current -273.15 T_Measured 27)
                                             X_U1.R_R161 <X_U1.R_NOISELESS> (T_Current -273.15 T_Measured 27)

          R        1.000E+03      6.670E+03      1.000E+06  


               X_U1.R_R162 <X_U1.R_NOISELESS> (T_Current -273.15 T_Measured 27)
                              X_U1.R_R166 <X_U1.R_NOISELESS> (T_Current -273.15 T_Measured 27)
                                             X_U1.R_R167 <X_U1.R_NOISELESS> (T_Current -273.15 T_Measured 27)

          R        1.000E+06      1.000E+06      1.000E+02  


               X_U1.R_R168 <X_U1.R_NOISELESS> (T_Current -273.15 T_Measured 27)
                              X_U1.R_R169 <X_U1.R_NOISELESS> (T_Current -273.15 T_Measured 27)
                                             X_U1.R_R17 <X_U1.R_NOISELESS> (T_Current -273.15 T_Measured 27)

          R        1.000E+04      1.000E+00      1.000E-03  


               X_U1.R_R170 <X_U1.R_NOISELESS> (T_Current -273.15 T_Measured 27)
                              X_U1.R_R171 <X_U1.R_NOISELESS> (T_Current -273.15 T_Measured 27)
                                             X_U1.R_R172 <X_U1.R_NOISELESS> (T_Current -273.15 T_Measured 27)

          R        5.934E+03      1.000E+06      9.869E+04  


               X_U1.R_R173 <X_U1.R_NOISELESS> (T_Current -273.15 T_Measured 27)
                              X_U1.R_R174 <X_U1.R_NOISELESS> (T_Current -273.15 T_Measured 27)
                                             X_U1.R_R175 <X_U1.R_NOISELESS> (T_Current -273.15 T_Measured 27)

          R        1.000E+04      1.000E+00      5.157E+04  


               X_U1.R_R176 <X_U1.R_NOISELESS> (T_Current -273.15 T_Measured 27)
                              X_U1.R_R177 <X_U1.R_NOISELESS> (T_Current -273.15 T_Measured 27)
                                             X_U1.R_R178 <X_U1.R_NOISELESS> (T_Current -273.15 T_Measured 27)

          R        1.000E+04      1.000E+00      9.484E+03  


               X_U1.R_R179 <X_U1.R_NOISELESS> (T_Current -273.15 T_Measured 27)
                              X_U1.R_R18 <X_U1.R_NOISELESS> (T_Current -273.15 T_Measured 27)
                                             X_U1.R_R180 <X_U1.R_NOISELESS> (T_Current -273.15 T_Measured 27)

          R        1.000E+04      1.000E+12      1.000E+00  


               X_U1.R_R181 <X_U1.R_NOISELESS> (T_Current -273.15 T_Measured 27)
                              X_U1.R_R182 <X_U1.R_NOISELESS> (T_Current -273.15 T_Measured 27)
                                             X_U1.R_R183 <X_U1.R_NOISELESS> (T_Current -273.15 T_Measured 27)

          R        9.500E+03      1.000E+04      1.000E+00  


               X_U1.R_R184 <X_U1.R_NOISELESS> (T_Current -273.15 T_Measured 27)
                              X_U1.R_R185 <X_U1.R_NOISELESS> (T_Current -273.15 T_Measured 27)
                                             X_U1.R_R186 <X_U1.R_NOISELESS> (T_Current -273.15 T_Measured 27)

          R        5.875E+03      1.000E+04      1.000E+00  


               X_U1.R_R187 <X_U1.R_NOISELESS> (T_Current -273.15 T_Measured 27)
                              X_U1.R_R188 <X_U1.R_NOISELESS> (T_Current -273.15 T_Measured 27)
                                             X_U1.R_R189 <X_U1.R_NOISELESS> (T_Current -273.15 T_Measured 27)

          R        3.086E+03      1.000E+04      1.000E+00  


               X_U1.R_R19 <X_U1.R_NOISELESS> (T_Current -273.15 T_Measured 27)
                              X_U1.R_R190 <X_U1.R_NOISELESS> (T_Current -273.15 T_Measured 27)
                                             X_U1.R_R191 <X_U1.R_NOISELESS> (T_Current -273.15 T_Measured 27)

          R        1.000E+12      1.000E+04      1.001E+01  


               X_U1.R_R192 <X_U1.R_NOISELESS> (T_Current -273.15 T_Measured 27)
                              X_U1.R_R193 <X_U1.R_NOISELESS> (T_Current -273.15 T_Measured 27)
                                             X_U1.R_R20 <X_U1.R_NOISELESS> (T_Current -273.15 T_Measured 27)

          R        1.000E+00      1.000E+00      1.000E+00  


               X_U1.R_R21 <X_U1.R_NOISELESS> (T_Current -273.15 T_Measured 27)
                              X_U1.R_R22 <X_U1.R_NOISELESS> (T_Current -273.15 T_Measured 27)
                                             X_U1.R_R23 <X_U1.R_NOISELESS> (T_Current -273.15 T_Measured 27)

          R        1.000E-03      1.000E+06      1.000E+06  


               X_U1.R_R24 <X_U1.R_NOISELESS> (T_Current -273.15 T_Measured 27)
                              X_U1.R_R32 <X_U1.R_NOISELESS> (T_Current -273.15 T_Measured 27)
                                             X_U1.R_R33 <X_U1.R_NOISELESS> (T_Current -273.15 T_Measured 27)

          R        1.000E+03      1.000E+03      1.000E+03  


               X_U1.R_R34 <X_U1.R_NOISELESS> (T_Current -273.15 T_Measured 27)
                              X_U1.R_R35 <X_U1.R_NOISELESS> (T_Current -273.15 T_Measured 27)
                                             X_U1.R_R36 <X_U1.R_NOISELESS> (T_Current -273.15 T_Measured 27)

          R        1.000E+04      1.000E+00      1.095E+04  


               X_U1.R_R43 <X_U1.R_NOISELESS> (T_Current -273.15 T_Measured 27)
                              X_U1.R_R46 <X_U1.R_NOISELESS> (T_Current -273.15 T_Measured 27)
                                             X_U1.R_R47 <X_U1.R_NOISELESS> (T_Current -273.15 T_Measured 27)

          R        1.000E+00      1.000E+00      1.000E-03  


               X_U1.R_R48 <X_U1.R_NOISELESS> (T_Current -273.15 T_Measured 27)
                              X_U1.R_R49 <X_U1.R_NOISELESS> (T_Current -273.15 T_Measured 27)
                                             X_U1.R_R5 <X_U1.R_NOISELESS> (T_Current -273.15 T_Measured 27)

          R        1.000E+06      1.000E+12      1.000E+00  


               X_U1.R_R50 <X_U1.R_NOISELESS> (T_Current -273.15 T_Measured 27)
                              X_U1.R_R51 <X_U1.R_NOISELESS> (T_Current -273.15 T_Measured 27)
                                             X_U1.R_R52 <X_U1.R_NOISELESS> (T_Current -273.15 T_Measured 27)

          R        1.000E+06      1.000E-03      1.000E+00  


               X_U1.R_R53 <X_U1.R_NOISELESS> (T_Current -273.15 T_Measured 27)
                              X_U1.R_R54 <X_U1.R_NOISELESS> (T_Current -273.15 T_Measured 27)
                                             X_U1.R_R55 <X_U1.R_NOISELESS> (T_Current -273.15 T_Measured 27)

          R        1.000E+12      1.000E+00      1.000E-03  


               X_U1.R_R56 <X_U1.R_NOISELESS> (T_Current -273.15 T_Measured 27)
                              X_U1.R_R57 <X_U1.R_NOISELESS> (T_Current -273.15 T_Measured 27)
                                             X_U1.R_R58 <X_U1.R_NOISELESS> (T_Current -273.15 T_Measured 27)

          R        1.000E+12      1.000E+00      1.000E-03  


               X_U1.R_R59 <X_U1.R_NOISELESS> (T_Current -273.15 T_Measured 27)
                              X_U1.R_R6 <X_U1.R_NOISELESS> (T_Current -273.15 T_Measured 27)
                                             X_U1.R_R60 <X_U1.R_NOISELESS> (T_Current -273.15 T_Measured 27)

          R        1.000E+12      1.000E+08      1.000E+00  


               X_U1.R_R61 <X_U1.R_NOISELESS> (T_Current -273.15 T_Measured 27)
                              X_U1.R_R62 <X_U1.R_NOISELESS> (T_Current -273.15 T_Measured 27)
                                             X_U1.R_R63 <X_U1.R_NOISELESS> (T_Current -273.15 T_Measured 27)

          R        1.000E-03      1.000E-03      1.000E+12  


               X_U1.R_R64 <X_U1.R_NOISELESS> (T_Current -273.15 T_Measured 27)
                              X_U1.R_R65 <X_U1.R_NOISELESS> (T_Current -273.15 T_Measured 27)
                                             X_U1.R_R66 <X_U1.R_NOISELESS> (T_Current -273.15 T_Measured 27)

          R        1.000E+00      1.000E+12      1.000E+00  


               X_U1.R_R67 <X_U1.R_NOISELESS> (T_Current -273.15 T_Measured 27)
                              X_U1.R_R68 <X_U1.R_NOISELESS> (T_Current -273.15 T_Measured 27)
                                             X_U1.R_R69 <X_U1.R_NOISELESS> (T_Current -273.15 T_Measured 27)

          R        1.000E-03      1.000E-03      1.000E+12  


               X_U1.R_R7 <X_U1.R_NOISELESS> (T_Current -273.15 T_Measured 27)
                              X_U1.R_R70 <X_U1.R_NOISELESS> (T_Current -273.15 T_Measured 27)
                                             X_U1.R_R71 <X_U1.R_NOISELESS> (T_Current -273.15 T_Measured 27)

          R        8.332E+00      1.000E+00      1.000E-03  


               X_U1.R_R72 <X_U1.R_NOISELESS> (T_Current -273.15 T_Measured 27)
                              X_U1.R_R73 <X_U1.R_NOISELESS> (T_Current -273.15 T_Measured 27)
                                             X_U1.R_R74 <X_U1.R_NOISELESS> (T_Current -273.15 T_Measured 27)

          R        1.000E+03      1.000E-03      1.000E+03  


               X_U1.R_R75 <X_U1.R_NOISELESS> (T_Current -273.15 T_Measured 27)
                              X_U1.R_R76 <X_U1.R_NOISELESS> (T_Current -273.15 T_Measured 27)
                                             X_U1.R_R77 <X_U1.R_NOISELESS> (T_Current -273.15 T_Measured 27)

          R        1.000E-03      1.000E+03      1.000E+03  


               X_U1.R_R78 <X_U1.R_NOISELESS> (T_Current -273.15 T_Measured 27)
                              X_U1.R_R79 <X_U1.R_NOISELESS> (T_Current -273.15 T_Measured 27)
                                             X_U1.R_R8 <X_U1.R_NOISELESS> (T_Current -273.15 T_Measured 27)

          R        1.000E+00      1.000E+00      1.000E+03  


               X_U1.R_R80 <X_U1.R_NOISELESS> (T_Current -273.15 T_Measured 27)
                              X_U1.R_R81 <X_U1.R_NOISELESS> (T_Current -273.15 T_Measured 27)
                                             X_U1.R_R82 <X_U1.R_NOISELESS> (T_Current -273.15 T_Measured 27)

          R        1.000E+02      1.000E+02      1.000E+00  


               X_U1.R_R83 <X_U1.R_NOISELESS> (T_Current -273.15 T_Measured 27)
                              X_U1.R_R9 <X_U1.R_NOISELESS> (T_Current -273.15 T_Measured 27)
                                             X_U1.R_RDUMMY <X_U1.R_NOISELESS> (T_Current -273.15 T_Measured 27)

          R        1.000E+02      1.000E+08      6.858E+03  


               X_U1.R_RS_INN <X_U1.R_NOISELESS> (T_Current -273.15 T_Measured 27)
                              X_U1.R_RS_INP <X_U1.R_NOISELESS> (T_Current -273.15 T_Measured 27)
                                             X_U1.R_RX <X_U1.R_NOISELESS> (T_Current -273.15 T_Measured 27)

          R        1.000E+03      1.000E+03      6.858E+04  


               X_U1.R_RX1 <X_U1.R_NOISELESS> (T_Current -273.15 T_Measured 27)
                              X_U1.R_RX2 <X_U1.R_NOISELESS> (T_Current -273.15 T_Measured 27)
                                             X_U1.R_RX3 <X_U1.R_NOISELESS> (T_Current -273.15 T_Measured 27)

          R        1.000E+12      1.000E+02      1.000E+12  


               X_U1.R_RX4 <X_U1.R_NOISELESS> (T_Current -273.15 T_Measured 27)
                              X_U1.R_R_COM0 <X_U1.R_NOISELESS> (T_Current -273.15 T_Measured 27)
                                             X_U1.R_R_COM1 <X_U1.R_NOISELESS> (T_Current -273.15 T_Measured 27)

          R        1.000E+02      1.000E+12      1.000E+12  


               X_U1.R_R_DIFF <X_U1.R_NOISELESS> (T_Current -273.15 T_Measured 27)
                              X_U73.R_R107 <X_U73.R_NOISELESS> (T_Current -273.15 T_Measured 27)
                                             X_U73.R_R108 <X_U73.R_NOISELESS> (T_Current -273.15 T_Measured 27)

          R        1.000E+08      1.000E+00      1.000E+12  


               X_U73.R_R109 <X_U73.R_NOISELESS> (T_Current -273.15 T_Measured 27)
                              X_U73.R_R110 <X_U73.R_NOISELESS> (T_Current -273.15 T_Measured 27)
                                             X_U73.R_R111 <X_U73.R_NOISELESS> (T_Current -273.15 T_Measured 27)

          R        1.000E+00      1.000E-03      1.000E+06  


               X_U73.R_R112 <X_U73.R_NOISELESS> (T_Current -273.15 T_Measured 27)
                              X_U73.R_R113 <X_U73.R_NOISELESS> (T_Current -273.15 T_Measured 27)
                                             X_U73.R_R136 <X_U73.R_NOISELESS> (T_Current -273.15 T_Measured 27)

          R        1.000E+06      1.000E-03      1.000E+00  


               X_U73.R_R169 <X_U73.R_NOISELESS> (T_Current -273.15 T_Measured 27)
                              X_U73.R_R1A1 <X_U73.R_NOISELESS> (T_Current -273.15 T_Measured 27)
                                             X_U73.R_R1A3 <X_U73.R_NOISELESS> (T_Current -273.15 T_Measured 27)

          R        2.900E+01      1.000E+04      1.000E+04  


               X_U73.R_R1A4 <X_U73.R_NOISELESS> (T_Current -273.15 T_Measured 27)
                              X_U73.R_R2 <X_U73.R_NOISELESS> (T_Current -273.15 T_Measured 27)
                                             X_U73.R_R21 <X_U73.R_NOISELESS> (T_Current -273.15 T_Measured 27)

          R        1.000E+04      1.000E-02      1.000E+03  


               X_U73.R_R25 <X_U73.R_NOISELESS> (T_Current -273.15 T_Measured 27)
                              X_U73.R_R26 <X_U73.R_NOISELESS> (T_Current -273.15 T_Measured 27)
                                             X_U73.R_R261 <X_U73.R_NOISELESS> (T_Current -273.15 T_Measured 27)

          R        1.000E+09      1.000E+09      1.000E+00  


               X_U73.R_R27 <X_U73.R_NOISELESS> (T_Current -273.15 T_Measured 27)
                              X_U73.R_R28 <X_U73.R_NOISELESS> (T_Current -273.15 T_Measured 27)
                                             X_U73.R_R29 <X_U73.R_NOISELESS> (T_Current -273.15 T_Measured 27)

          R        1.000E+00      1.000E-03      1.000E+03  


               X_U73.R_R2A1 <X_U73.R_NOISELESS> (T_Current -273.15 T_Measured 27)
                              X_U73.R_R2A4 <X_U73.R_NOISELESS> (T_Current -273.15 T_Measured 27)
                                             X_U73.R_R2A5 <X_U73.R_NOISELESS> (T_Current -273.15 T_Measured 27)

          R        1.700E+01      2.000E+01      1.200E+01  


               X_U73.R_R3 <X_U73.R_NOISELESS> (T_Current -273.15 T_Measured 27)
                              X_U73.R_R30 <X_U73.R_NOISELESS> (T_Current -273.15 T_Measured 27)
                                             X_U73.R_R31 <X_U73.R_NOISELESS> (T_Current -273.15 T_Measured 27)

          R        2.800E+05      1.000E-03      1.000E+03  


               X_U73.R_R32 <X_U73.R_NOISELESS> (T_Current -273.15 T_Measured 27)
                              X_U73.R_R33 <X_U73.R_NOISELESS> (T_Current -273.15 T_Measured 27)
                                             X_U73.R_R34 <X_U73.R_NOISELESS> (T_Current -273.15 T_Measured 27)

          R        1.000E+03      1.000E-03      1.000E+03  


               X_U73.R_R35 <X_U73.R_NOISELESS> (T_Current -273.15 T_Measured 27)
                              X_U73.R_R36 <X_U73.R_NOISELESS> (T_Current -273.15 T_Measured 27)
                                             X_U73.R_R363 <X_U73.R_NOISELESS> (T_Current -273.15 T_Measured 27)

          R        1.000E+09      1.000E+00      1.000E+00  


               X_U73.R_R364 <X_U73.R_NOISELESS> (T_Current -273.15 T_Measured 27)
                              X_U73.R_R37 <X_U73.R_NOISELESS> (T_Current -273.15 T_Measured 27)
                                             X_U73.R_R38 <X_U73.R_NOISELESS> (T_Current -273.15 T_Measured 27)

          R        1.000E+00      1.000E-03      1.000E-03  


               X_U73.R_R39 <X_U73.R_NOISELESS> (T_Current -273.15 T_Measured 27)
                              X_U73.R_R40 <X_U73.R_NOISELESS> (T_Current -273.15 T_Measured 27)
                                             X_U73.R_R5 <X_U73.R_NOISELESS> (T_Current -273.15 T_Measured 27)

          R        1.000E+00      1.000E+09      1.000E+00  


               X_U73.R_R60 <X_U73.R_NOISELESS> (T_Current -273.15 T_Measured 27)
                              X_U73.R_R8 <X_U73.R_NOISELESS> (T_Current -273.15 T_Measured 27)
                                             X_U73.R_R81 <X_U73.R_NOISELESS> (T_Current -273.15 T_Measured 27)

          R        3.700E+04      1.000E+03      1.000E+09  


               X_U73.R_R83 <X_U73.R_NOISELESS> (T_Current -273.15 T_Measured 27)
                              X_U73.R_R9 <X_U73.R_NOISELESS> (T_Current -273.15 T_Measured 27)
                                             X_U73.R_R_VIMON <X_U73.R_NOISELESS> (T_Current -273.15 T_Measured 27)

          R        1.000E+09      1.000E-03      1.000E+02  


               X_U73.R_R_VOUT_S <X_U73.R_NOISELESS> (T_Current -273.15 T_Measured 27)

          R        1.000E+02  



**** 04/05/25 22:08:30 *** PSpice 24.1.0 (26 February 2025) *** ID# 0 ********

 ** Profile: "SCHEMATIC1-asdfa"  [ c:\users\user\appdata\roaming\spb_data\cdssetup\workspace\projects\tiaopa695\TIAOPA695-PSpiceFiles


 ****     INITIAL TRANSIENT SOLUTION       TEMPERATURE =   27.000 DEG C

 ****     CURRENT STEP                     PARAM IVAR =  330.0000E-06


******************************************************************************



 NODE   VOLTAGE     NODE   VOLTAGE     NODE   VOLTAGE     NODE   VOLTAGE


(  VCC)    5.0000  (  VEE)   -5.0000  (N1113089)    3.8997                      

(N1113125)    3.9059                  (N1113485)    3.9010                      

(N1113565)    5.0000                  (N1113637)    1.9901                      

(N1113647)    3.9027                  (N1113661)    3.3016                      

(N1113879)   -5.0000                  (N1114737)     .0070                      

(N1114747)     .0070                  (N1114761)     .0168                      

(N1114963)     .0168                  (N1114991)-260.0E-06                      

(X_U1.MID)-423.5E-18                  (X_U1.V11)-4.676E-09                      

(X_U1.V12)     .6872                  (X_U76.ZO)    3.9059                      

(X_U1.ESDN)    2.3782                 (X_U1.ESDP)    2.9136                     

(X_U1.VCLP)    3.9562                 (X_U73.AOL)     .0168                     

(X_U73.MID)-211.8E-18                 (X_U76.MID)    2.5000                     

(X_U1.CLAMP)    6.6228                (X_U1.VCC_B)    5.0000                    

(X_U1.VEE_B)   -5.0000                (X_U1.VIMON)    9.5755                    

(X_U73.CMRR)-482.6E-09                (X_U76.CMRR)    2.5000                    

(X_U76.ESDN)    3.8997                (X_U76.ESDP)    3.9010                    

(X_U1.VOUT_S)    3.9027               (X_U1.VSENSE)    6.6228                   

(X_U1.X_U1.3)    0.0000               (X_U1.X_U1.4)    0.0000                   

(X_U1.X_U1.5)    0.0000               (X_U1.X_U1.6)    0.0000                   

(X_U1.X_U1.7)     .8338               (X_U1.X_U1.8)     .8338                   

(X_U73.CLAMP)     .0168               (X_U73.VCC_B)    5.0000                   

(X_U73.VEE_B)   -5.0000               (X_U73.VIMON)     .0198                   

(X_U76.CLAMP)    4.1283               (X_U76.PSRRN)    2.5002                   

(X_U76.PSRRP)    2.5001               (X_U76.VCC_B)    5.0000                   

(X_U76.VEE_B) 2.501E-06               (X_U76.VIMON)    2.5124                   

(X_U1.VCC_CLP)    3.9000              (X_U1.VEE_CLP)   -4.8260                  

(X_U1.X_U39.3)    0.0000              (X_U1.X_U39.4)    0.0000                  

(X_U1.X_U39.5)    0.0000              (X_U1.X_U39.6)    0.0000                  

(X_U1.X_U39.7)     .8338              (X_U1.X_U39.8)     .8338                  

(X_U1.X_U40.3)    0.0000              (X_U1.X_U40.4)    0.0000                  

(X_U1.X_U40.5)    0.0000              (X_U1.X_U40.6)    0.0000                  

(X_U1.X_U40.7)     .8338              (X_U1.X_U40.8)     .8338                  

(X_U73.AOLNET)    -.0168              (X_U73.N05102)     .0070                  

(X_U73.N06456)-260.0E-06              (X_U73.N10561)    -.0070                  

(X_U73.N10570)    -.0070              (X_U73.N11984)    -.0070                  

(X_U73.N25816)     .0070              (X_U73.N28602)   -3.3000                  

(X_U73.N30136)    3.3000              (X_U73.N30913)     .0070                  

(X_U73.N31014)     .0070              (X_U73.N35669)    4.1998                  

(X_U73.N35813)    4.1998              (X_U73.N38050)   -4.2000                  

(X_U73.N38096)   -4.2000              (X_U73.N42663)-211.8E-18                  

(X_U73.N42834)-211.8E-18              (X_U73.N44757)-211.8E-18                  

(X_U73.N44799)-211.8E-18              (X_U73.VOUT_S)     .0168                  

(X_U76.AOLNET)    2.4992              (X_U76.N06456)    3.9010                  

(X_U76.N10561)    3.9006              (X_U76.N10570)    3.9006                  

(X_U76.N11984)    3.9006              (X_U76.N11991)    3.8997                  

(X_U76.N25816)    3.9005              (X_U76.N28602)    1.1000                  

(X_U76.N30136)    4.6000              (X_U76.N30913)    3.9005                  

(X_U76.N31014)    3.9005              (X_U76.N35675)    4.2118                  

(X_U76.N35813)    4.2118              (X_U76.N38050)    1.0201                  

(X_U76.N38096)    1.0201              (X_U76.VOUT_S)    3.9059                  

(X_U76.X_U1.3)    0.0000              (X_U76.X_U1.4)    0.0000                  

(X_U76.X_U1.5)    0.0000              (X_U76.X_U1.6)    0.0000                  

(X_U76.X_U1.7)     .8338              (X_U76.X_U1.8)     .8338                  

(X_U1.CL_CLAMP)    3.9562             (X_U1.N2986935)    2.9136                 

(X_U1.N2986947) 291.4E-09             (X_U1.N2986949)    2.9136                 

(X_U1.N2986957)    2.9136             (X_U1.N2986973)-1.581E-06                 

(X_U1.N2986975) 1.581E-06             (X_U1.N2986977)    2.9136                 

(X_U1.N2986981)    2.9136             (X_U1.N2987013)    2.3782                 

(X_U1.N2987017)    3.0000             (X_U1.N2987029)   -3.0000                 

(X_U1.N2987037)    2.9136             (X_U1.N2987051)    2.9136                 

(X_U1.N2987061)   53.5400             (X_U1.N2987123)     .0027                 

(X_U1.N2987135)     .0027             (X_U1.N2987157)-423.5E-18                 

(X_U1.N2987159)-423.5E-18             (X_U1.N2987201)   35.0000                 

(X_U1.N2987203)-423.5E-18             (X_U1.N2987205)-423.5E-18                 

(X_U1.N2987225)-423.5E-18             (X_U1.N2987231)-423.5E-18                 

(X_U1.N2987243)  -35.0000             (X_U1.N2987295)   75.0000                 

(X_U1.N2987299)-423.5E-18             (X_U1.N2987301)-423.5E-18                 

(X_U1.N2987319)-423.5E-18             (X_U1.N2987325)-423.5E-18                 

(X_U1.N2987337)  -75.0000             (X_U1.N2987363)    6.6228                 

(X_U1.N2987391)    3.9000             (X_U1.N2987395)   -4.8260                 

(X_U1.N2987423)   -4.8260             (X_U1.N2987427)    3.9000                 

(X_U1.N2987487)-4.676E-09             (X_U1.N2987493)     .6872                 

(X_U1.N2987499)    1.0000             (X_U1.N2987541)    9.5755                 

(X_U1.N2987553)    3.9027             (X_U1.N2987623)    3.9027                 

(X_U1.N2987655)    1.9562             (X_U1.N2987675)    6.6134                 

(X_U1.N2987683)    1.9562             (X_U1.N2987687)    1.9562                 

(X_U1.N2987711)    6.6134             (X_U1.N2987719)    5.9262                 

(X_U1.N2987763)-423.5E-18             (X_U1.N2987785)    5.0000                 

(X_U1.N2987801)   -5.0000             (X_U1.N3108745)   16.5560                 

(X_U1.N3108755)    6.6244             (X_U1.N3108879)    6.6228                 

(X_U1.N3108917)    6.6244             (X_U1.N3108949)    6.6243                 

(X_U1.N3109015)    6.6243             (X_U1.N3116457)    3.9562                 

(X_U1.N3116503)  365.8100             (X_U1.N3116515)  365.8100                 

(X_U1.N3116609)  699.7200             (X_U1.N3116619)  260.5800                 

(X_U1.N3116655)  699.6500             (X_U1.N3116665)     .5315                 

(X_U1.N3116675)  699.7200             (X_U1.N3116685)  699.7200                 

(X_U1.N3116957)  699.6400             (X_U1.N3117239)  699.7200                 

(X_U1.N3126023)    3.4971             (X_U1.N3128929)   -4.7434                 

(X_U1.N3130349) 1.581E-06             (X_U1.N3130359)     .0048                 

(X_U1.N3202117)  699.7200             (X_U1.N3202127)  699.7200                 

(X_U1.N3202213)  699.7200             (X_U1.N3204124)  699.7200                 

(X_U1.N3204134)  699.7200             (X_U1.N3204220)  699.7200                 

(X_U1.N3205032)  699.7200             (X_U1.N3205042)  699.7200                 

(X_U1.N3205128)  699.7200             (X_U1.N3205956)  699.7200                 

(X_U1.N3205966)  699.7200             (X_U1.N3206052)  699.7200                 

(X_U1.N3206890)  699.7200             (X_U1.N3206900)  699.7200                 

(X_U1.N3206986)  699.7200             (X_U1.N3208573)  699.7200                 

(X_U1.N3208669)  699.7200             (X_U1.N3236810) 1.581E-09                 

(X_U1.N3236820) 1.581E-06             (X_U73.N110431)     .0198                 

(X_U73.N112292)     .0168             (X_U73.N317950)-211.8E-18                 

(X_U73.N406634)    5.0000             (X_U73.N406794)   -5.0000                 

(X_U73.N701935)-241.8E-06             (X_U73.N704979)   -6.4993                 

(X_U73.N705005)    -.0078             (X_U73.N709083)    3.6601                 

(X_U73.N709113)     .0062             (X_U73.N749288)    -.0070                 

(X_U73.VCC_CLP)    4.1998             (X_U73.VEE_CLP)   -4.2000                 

(X_U73.X_E_N.3)    0.0000             (X_U73.X_E_N.4)    0.0000                 

(X_U73.X_E_N.5)    0.0000             (X_U73.X_E_N.6)    0.0000                 

(X_U73.X_E_N.7)     .8338             (X_U73.X_E_N.8)     .8338                 

(X_U76.N110431)    2.5124             (X_U76.N112292)    3.9059                 

(X_U76.N317950)    2.5000             (X_U76.N406634)    5.0000                 

(X_U76.N406794) 2.504E-06             (X_U76.N749288)    3.9006                 

(X_U76.VCC_CLP)    4.2118             (X_U76.VEE_CLP)    1.0201                 

(X_U76.X_E_N.3)    0.0000             (X_U76.X_E_N.4)    0.0000                 

(X_U76.X_E_N.5)    0.0000             (X_U76.X_E_N.6)    0.0000                 

(X_U76.X_E_N.7)     .8338             (X_U76.X_E_N.8)     .8338                 

(X_U1.N32898091)  699.7200            (X_U73.N1327152)     .0070                

(X_U73.X_I_NP.3)    0.0000            (X_U73.X_I_NP.4)    0.0000                

(X_U73.X_I_NP.5)    0.0000            (X_U73.X_I_NP.6)    0.0000                

(X_U73.X_I_NP.7)     .8338            (X_U73.X_I_NP.8)     .8338                

(X_U76.N1254860)   17.9820            (X_U76.N1446199)    4.0758                

(X_U76.N1446217)    4.0758            (X_U76.N1461236)    2.3361                

(X_U76.N1461246)    2.5000            (X_U76.N1461252)    2.5046                

(X_U76.N1481243)     .7102            (X_U76.N1481253)    2.4999                

(X_U76.N1481259)    2.5005            (X_U76.N1483677)    6.4446                

(X_U76.N1483687)    2.5002            (X_U76.N1483693)    2.4954                

(X_U76.N1483703)    2.4998            (X_U76.N1483713)    2.5046                

(X_U76.N1490067)    2.5001            (X_U76.N1492098)    2.7548                

(X_U76.N1492108)    2.6699            (X_U76.N1492118)    2.6699                

(X_U76.N1492126)    2.6699            (X_U76.N1492376)    2.6699                

(X_U76.N1534615)    6.8373            (X_U76.N1534625)    2.6519                

(X_U76.N1534635)    2.6519            (X_U76.N1534645)    2.6519                

(X_U76.N1534887)    2.6519            (X_U76.N1541593)    6.3796                

(X_U76.N1541603)    2.6359            (X_U1.CLAW_CLAMP)    3.9562               

(X_U73.X_I_NP2.3)    0.0000           (X_U73.X_I_NP2.4)    0.0000               

(X_U73.X_I_NP2.5)    0.0000           (X_U73.X_I_NP2.6)    0.0000               

(X_U73.X_I_NP2.7)     .8338           (X_U73.X_I_NP2.8)     .8338               

(X_U76.X_I_NP1.3)    0.0000           (X_U76.X_I_NP1.4)    0.0000               

(X_U76.X_I_NP1.5)    0.0000           (X_U76.X_I_NP1.6)    0.0000               

(X_U76.X_I_NP1.7)     .8338           (X_U76.X_I_NP1.8)     .8338               

(X_U1.SW_OL_OPAx277)    1.0000        (X_U73.X_VOS_VS_VCM.1)    -.0070          

(X_U76.X_VOS_VS_VCM.1)    3.9006      




    VOLTAGE SOURCE CURRENTS
    NAME         CURRENT

    V_V2        -1.369E-02
    V_V6        -4.612E-04
    V_V5        -8.492E-04
    V_V1        -4.081E-02
    X_U76.V_VCM_MAX  -2.100E-09
    X_U76.V_VCM_MIN   1.400E-09
    X_U1.V_VCM_MAX  -3.001E-12
    X_U1.V_VCM_MIN   3.001E-12
    X_U1.V_V_GRN   7.500E-11
    X_U1.V_V_GRP  -7.500E-11
    X_U1.V_V_ISCN   3.500E-11
    X_U1.V_V_ISCP  -3.500E-11
    X_U1.V_V_ORN   0.000E+00
    X_U1.V_V_ORP   0.000E+00
    X_U73.V_VCM_MAX  -3.300E-09
    X_U73.V_VCM_MIN   3.300E-09
    X_U76.X_H3.VH_H3  -1.245E-05
    X_U76.X_VOS_VS_VCM.V1   4.097E-13
    X_U1.X_H1.VH_H1   9.576E-03
    X_U1.X_H2.VH_H2   6.872E-01
    X_U1.X_H3.VH_H3   4.676E-09
    X_U73.X_H3.VH_H3  -1.980E-05
    X_U73.X_VOS_VS_VCM.V1  -9.661E-17

    TOTAL POWER DISSIPATION   2.79E-01  WATTS


Model-Specific Temperatures During Sweep  Param value = 0.00063

 **** RESISTORS

               X_U76.R_R1 <X_U76.R_NOISELESS> (T_Current -273.15 T_Measured 27)
                              X_U76.R_R10 <X_U76.R_NOISELESS> (T_Current -273.15 T_Measured 27)
                                             X_U76.R_R107 <X_U76.R_NOISELESS> (T_Current -273.15 T_Measured 27)

          R        1.000E-02      1.000E-03      1.000E+00  


               X_U76.R_R108 <X_U76.R_NOISELESS> (T_Current -273.15 T_Measured 27)
                              X_U76.R_R109 <X_U76.R_NOISELESS> (T_Current -273.15 T_Measured 27)
                                             X_U76.R_R110 <X_U76.R_NOISELESS> (T_Current -273.15 T_Measured 27)

          R        1.000E+12      1.000E+00      1.000E-03  


               X_U76.R_R111 <X_U76.R_NOISELESS> (T_Current -273.15 T_Measured 27)
                              X_U76.R_R112 <X_U76.R_NOISELESS> (T_Current -273.15 T_Measured 27)
                                             X_U76.R_R113 <X_U76.R_NOISELESS> (T_Current -273.15 T_Measured 27)

          R        1.000E+06      1.000E+06      1.000E-03  


               X_U76.R_R146 <X_U76.R_NOISELESS> (T_Current -273.15 T_Measured 27)
                              X_U76.R_R147 <X_U76.R_NOISELESS> (T_Current -273.15 T_Measured 27)
                                             X_U76.R_R148 <X_U76.R_NOISELESS> (T_Current -273.15 T_Measured 27)

          R        1.000E+00      1.000E+00      1.000E+00  


               X_U76.R_R162 <X_U76.R_NOISELESS> (T_Current -273.15 T_Measured 27)
                              X_U76.R_R1A <X_U76.R_NOISELESS> (T_Current -273.15 T_Measured 27)
                                             X_U76.R_R1A1 <X_U76.R_NOISELESS> (T_Current -273.15 T_Measured 27)

          R        5.000E+03      1.000E+04      3.000E+01  


               X_U76.R_R1A14 <X_U76.R_NOISELESS> (T_Current -273.15 T_Measured 27)
                              X_U76.R_R1A15 <X_U76.R_NOISELESS> (T_Current -273.15 T_Measured 27)
                                             X_U76.R_R1A16 <X_U76.R_NOISELESS> (T_Current -273.15 T_Measured 27)

          R        1.000E+04      1.000E+04      2.800E+00  


               X_U76.R_R1A17 <X_U76.R_NOISELESS> (T_Current -273.15 T_Measured 27)
                              X_U76.R_R1A18 <X_U76.R_NOISELESS> (T_Current -273.15 T_Measured 27)
                                             X_U76.R_R1A40 <X_U76.R_NOISELESS> (T_Current -273.15 T_Measured 27)

          R        1.000E+04      1.000E+04      1.000E+04  


               X_U76.R_R1A41 <X_U76.R_NOISELESS> (T_Current -273.15 T_Measured 27)
                              X_U76.R_R1A42 <X_U76.R_NOISELESS> (T_Current -273.15 T_Measured 27)
                                             X_U76.R_R1A43 <X_U76.R_NOISELESS> (T_Current -273.15 T_Measured 27)

          R        7.000E+00      1.000E+04      3.000E+01  


               X_U76.R_R1A44 <X_U76.R_NOISELESS> (T_Current -273.15 T_Measured 27)
                              X_U76.R_R1A45 <X_U76.R_NOISELESS> (T_Current -273.15 T_Measured 27)
                                             X_U76.R_R2 <X_U76.R_NOISELESS> (T_Current -273.15 T_Measured 27)

          R        1.000E+01      1.000E+01      1.000E-02  


               X_U76.R_R21 <X_U76.R_NOISELESS> (T_Current -273.15 T_Measured 27)
                              X_U76.R_R211 <X_U76.R_NOISELESS> (T_Current -273.15 T_Measured 27)
                                             X_U76.R_R225 <X_U76.R_NOISELESS> (T_Current -273.15 T_Measured 27)

          R        1.000E+03      1.000E+00      1.000E+00  


               X_U76.R_R226 <X_U76.R_NOISELESS> (T_Current -273.15 T_Measured 27)
                              X_U76.R_R245 <X_U76.R_NOISELESS> (T_Current -273.15 T_Measured 27)
                                             X_U76.R_R246 <X_U76.R_NOISELESS> (T_Current -273.15 T_Measured 27)

          R        3.000E+01      4.500E+03      1.000E+00  


               X_U76.R_R247 <X_U76.R_NOISELESS> (T_Current -273.15 T_Measured 27)
                              X_U76.R_R248 <X_U76.R_NOISELESS> (T_Current -273.15 T_Measured 27)
                                             X_U76.R_R249 <X_U76.R_NOISELESS> (T_Current -273.15 T_Measured 27)

          R        1.000E+00      1.000E+00      1.000E+00  


               X_U76.R_R25 <X_U76.R_NOISELESS> (T_Current -273.15 T_Measured 27)
                              X_U76.R_R250 <X_U76.R_NOISELESS> (T_Current -273.15 T_Measured 27)
                                             X_U76.R_R251 <X_U76.R_NOISELESS> (T_Current -273.15 T_Measured 27)

          R        1.000E+09      1.000E+00      1.000E+00  


               X_U76.R_R252 <X_U76.R_NOISELESS> (T_Current -273.15 T_Measured 27)
                              X_U76.R_R253 <X_U76.R_NOISELESS> (T_Current -273.15 T_Measured 27)
                                             X_U76.R_R26 <X_U76.R_NOISELESS> (T_Current -273.15 T_Measured 27)

          R        1.000E+00      1.000E+00      1.000E+09  


               X_U76.R_R27 <X_U76.R_NOISELESS> (T_Current -273.15 T_Measured 27)
                              X_U76.R_R28 <X_U76.R_NOISELESS> (T_Current -273.15 T_Measured 27)
                                             X_U76.R_R29 <X_U76.R_NOISELESS> (T_Current -273.15 T_Measured 27)

          R        1.000E+00      1.000E-03      1.000E+03  


               X_U76.R_R2A <X_U76.R_NOISELESS> (T_Current -273.15 T_Measured 27)
                              X_U76.R_R2A1 <X_U76.R_NOISELESS> (T_Current -273.15 T_Measured 27)
                                             X_U76.R_R2A16 <X_U76.R_NOISELESS> (T_Current -273.15 T_Measured 27)

          R        2.000E+04      1.000E+01      5.420E-01  


               X_U76.R_R2A17 <X_U76.R_NOISELESS> (T_Current -273.15 T_Measured 27)
                              X_U76.R_R2A18 <X_U76.R_NOISELESS> (T_Current -273.15 T_Measured 27)
                                             X_U76.R_R2A36 <X_U76.R_NOISELESS> (T_Current -273.15 T_Measured 27)

          R        4.822E+02      4.822E+02      8.500E-01  


               X_U76.R_R2A37 <X_U76.R_NOISELESS> (T_Current -273.15 T_Measured 27)
                              X_U76.R_R2A40 <X_U76.R_NOISELESS> (T_Current -273.15 T_Measured 27)
                                             X_U76.R_R2A41 <X_U76.R_NOISELESS> (T_Current -273.15 T_Measured 27)

          R        3.010E+01      7.000E-01      1.000E+01  


               X_U76.R_R2A42 <X_U76.R_NOISELESS> (T_Current -273.15 T_Measured 27)
                              X_U76.R_R2A43 <X_U76.R_NOISELESS> (T_Current -273.15 T_Measured 27)
                                             X_U76.R_R3 <X_U76.R_NOISELESS> (T_Current -273.15 T_Measured 27)

          R        3.630E-01      3.630E-01      2.300E+06  


               X_U76.R_R30 <X_U76.R_NOISELESS> (T_Current -273.15 T_Measured 27)
                              X_U76.R_R31 <X_U76.R_NOISELESS> (T_Current -273.15 T_Measured 27)
                                             X_U76.R_R32 <X_U76.R_NOISELESS> (T_Current -273.15 T_Measured 27)

          R        1.000E-03      1.000E+03      1.000E+03  


               X_U76.R_R33 <X_U76.R_NOISELESS> (T_Current -273.15 T_Measured 27)
                              X_U76.R_R34 <X_U76.R_NOISELESS> (T_Current -273.15 T_Measured 27)
                                             X_U76.R_R4 <X_U76.R_NOISELESS> (T_Current -273.15 T_Measured 27)

          R        1.000E-03      1.000E+03      2.300E+06  


               X_U76.R_R6 <X_U76.R_NOISELESS> (T_Current -273.15 T_Measured 27)
                              X_U76.R_R60 <X_U76.R_NOISELESS> (T_Current -273.15 T_Measured 27)
                                             X_U76.R_R8 <X_U76.R_NOISELESS> (T_Current -273.15 T_Measured 27)

          R        1.000E+00      1.000E+00      1.000E+03  


               X_U76.R_R81 <X_U76.R_NOISELESS> (T_Current -273.15 T_Measured 27)
                              X_U76.R_R83 <X_U76.R_NOISELESS> (T_Current -273.15 T_Measured 27)
                                             X_U76.R_R9 <X_U76.R_NOISELESS> (T_Current -273.15 T_Measured 27)

          R        1.000E+09      1.000E+09      1.000E-03  


               X_U76.R_RDUMMY <X_U76.R_NOISELESS> (T_Current -273.15 T_Measured 27)
                              X_U76.R_RX <X_U76.R_NOISELESS> (T_Current -273.15 T_Measured 27)
                                             X_U76.R_R_VIMON <X_U76.R_NOISELESS> (T_Current -273.15 T_Measured 27)

          R        1.400E+02      1.400E+03      1.000E+02  


               X_U76.R_R_VOUT_S <X_U76.R_NOISELESS> (T_Current -273.15 T_Measured 27)
                              X_U1.R_R10 <X_U1.R_NOISELESS> (T_Current -273.15 T_Measured 27)
                                             X_U1.R_R11 <X_U1.R_NOISELESS> (T_Current -273.15 T_Measured 27)

          R        1.000E+02      1.000E+00      3.333E+01  


               X_U1.R_R12 <X_U1.R_NOISELESS> (T_Current -273.15 T_Measured 27)
                              X_U1.R_R13 <X_U1.R_NOISELESS> (T_Current -273.15 T_Measured 27)
                                             X_U1.R_R139 <X_U1.R_NOISELESS> (T_Current -273.15 T_Measured 27)

          R        1.000E+08      1.000E+00      1.057E+04  


               X_U1.R_R14 <X_U1.R_NOISELESS> (T_Current -273.15 T_Measured 27)
                              X_U1.R_R140 <X_U1.R_NOISELESS> (T_Current -273.15 T_Measured 27)
                                             X_U1.R_R141 <X_U1.R_NOISELESS> (T_Current -273.15 T_Measured 27)

          R        3.287E+04      1.000E+04      1.000E+00  


               X_U1.R_R142 <X_U1.R_NOISELESS> (T_Current -273.15 T_Measured 27)
                              X_U1.R_R143 <X_U1.R_NOISELESS> (T_Current -273.15 T_Measured 27)
                                             X_U1.R_R144 <X_U1.R_NOISELESS> (T_Current -273.15 T_Measured 27)

          R        1.000E+04      1.000E+00      7.603E+00  


               X_U1.R_R15 <X_U1.R_NOISELESS> (T_Current -273.15 T_Measured 27)
                              X_U1.R_R158 <X_U1.R_NOISELESS> (T_Current -273.15 T_Measured 27)
                                             X_U1.R_R159 <X_U1.R_NOISELESS> (T_Current -273.15 T_Measured 27)

          R        1.000E-03      1.000E+04      1.000E+00  


               X_U1.R_R16 <X_U1.R_NOISELESS> (T_Current -273.15 T_Measured 27)
                              X_U1.R_R160 <X_U1.R_NOISELESS> (T_Current -273.15 T_Measured 27)
                                             X_U1.R_R161 <X_U1.R_NOISELESS> (T_Current -273.15 T_Measured 27)

          R        1.000E+03      6.670E+03      1.000E+06  


               X_U1.R_R162 <X_U1.R_NOISELESS> (T_Current -273.15 T_Measured 27)
                              X_U1.R_R166 <X_U1.R_NOISELESS> (T_Current -273.15 T_Measured 27)
                                             X_U1.R_R167 <X_U1.R_NOISELESS> (T_Current -273.15 T_Measured 27)

          R        1.000E+06      1.000E+06      1.000E+02  


               X_U1.R_R168 <X_U1.R_NOISELESS> (T_Current -273.15 T_Measured 27)
                              X_U1.R_R169 <X_U1.R_NOISELESS> (T_Current -273.15 T_Measured 27)
                                             X_U1.R_R17 <X_U1.R_NOISELESS> (T_Current -273.15 T_Measured 27)

          R        1.000E+04      1.000E+00      1.000E-03  


               X_U1.R_R170 <X_U1.R_NOISELESS> (T_Current -273.15 T_Measured 27)
                              X_U1.R_R171 <X_U1.R_NOISELESS> (T_Current -273.15 T_Measured 27)
                                             X_U1.R_R172 <X_U1.R_NOISELESS> (T_Current -273.15 T_Measured 27)

          R        5.934E+03      1.000E+06      9.869E+04  


               X_U1.R_R173 <X_U1.R_NOISELESS> (T_Current -273.15 T_Measured 27)
                              X_U1.R_R174 <X_U1.R_NOISELESS> (T_Current -273.15 T_Measured 27)
                                             X_U1.R_R175 <X_U1.R_NOISELESS> (T_Current -273.15 T_Measured 27)

          R        1.000E+04      1.000E+00      5.157E+04  


               X_U1.R_R176 <X_U1.R_NOISELESS> (T_Current -273.15 T_Measured 27)
                              X_U1.R_R177 <X_U1.R_NOISELESS> (T_Current -273.15 T_Measured 27)
                                             X_U1.R_R178 <X_U1.R_NOISELESS> (T_Current -273.15 T_Measured 27)

          R        1.000E+04      1.000E+00      9.484E+03  


               X_U1.R_R179 <X_U1.R_NOISELESS> (T_Current -273.15 T_Measured 27)
                              X_U1.R_R18 <X_U1.R_NOISELESS> (T_Current -273.15 T_Measured 27)
                                             X_U1.R_R180 <X_U1.R_NOISELESS> (T_Current -273.15 T_Measured 27)

          R        1.000E+04      1.000E+12      1.000E+00  


               X_U1.R_R181 <X_U1.R_NOISELESS> (T_Current -273.15 T_Measured 27)
                              X_U1.R_R182 <X_U1.R_NOISELESS> (T_Current -273.15 T_Measured 27)
                                             X_U1.R_R183 <X_U1.R_NOISELESS> (T_Current -273.15 T_Measured 27)

          R        9.500E+03      1.000E+04      1.000E+00  


               X_U1.R_R184 <X_U1.R_NOISELESS> (T_Current -273.15 T_Measured 27)
                              X_U1.R_R185 <X_U1.R_NOISELESS> (T_Current -273.15 T_Measured 27)
                                             X_U1.R_R186 <X_U1.R_NOISELESS> (T_Current -273.15 T_Measured 27)

          R        5.875E+03      1.000E+04      1.000E+00  


               X_U1.R_R187 <X_U1.R_NOISELESS> (T_Current -273.15 T_Measured 27)
                              X_U1.R_R188 <X_U1.R_NOISELESS> (T_Current -273.15 T_Measured 27)
                                             X_U1.R_R189 <X_U1.R_NOISELESS> (T_Current -273.15 T_Measured 27)

          R        3.086E+03      1.000E+04      1.000E+00  


               X_U1.R_R19 <X_U1.R_NOISELESS> (T_Current -273.15 T_Measured 27)
                              X_U1.R_R190 <X_U1.R_NOISELESS> (T_Current -273.15 T_Measured 27)
                                             X_U1.R_R191 <X_U1.R_NOISELESS> (T_Current -273.15 T_Measured 27)

          R        1.000E+12      1.000E+04      1.001E+01  


               X_U1.R_R192 <X_U1.R_NOISELESS> (T_Current -273.15 T_Measured 27)
                              X_U1.R_R193 <X_U1.R_NOISELESS> (T_Current -273.15 T_Measured 27)
                                             X_U1.R_R20 <X_U1.R_NOISELESS> (T_Current -273.15 T_Measured 27)

          R        1.000E+00      1.000E+00      1.000E+00  


               X_U1.R_R21 <X_U1.R_NOISELESS> (T_Current -273.15 T_Measured 27)
                              X_U1.R_R22 <X_U1.R_NOISELESS> (T_Current -273.15 T_Measured 27)
                                             X_U1.R_R23 <X_U1.R_NOISELESS> (T_Current -273.15 T_Measured 27)

          R        1.000E-03      1.000E+06      1.000E+06  


               X_U1.R_R24 <X_U1.R_NOISELESS> (T_Current -273.15 T_Measured 27)
                              X_U1.R_R32 <X_U1.R_NOISELESS> (T_Current -273.15 T_Measured 27)
                                             X_U1.R_R33 <X_U1.R_NOISELESS> (T_Current -273.15 T_Measured 27)

          R        1.000E+03      1.000E+03      1.000E+03  


               X_U1.R_R34 <X_U1.R_NOISELESS> (T_Current -273.15 T_Measured 27)
                              X_U1.R_R35 <X_U1.R_NOISELESS> (T_Current -273.15 T_Measured 27)
                                             X_U1.R_R36 <X_U1.R_NOISELESS> (T_Current -273.15 T_Measured 27)

          R        1.000E+04      1.000E+00      1.095E+04  


               X_U1.R_R43 <X_U1.R_NOISELESS> (T_Current -273.15 T_Measured 27)
                              X_U1.R_R46 <X_U1.R_NOISELESS> (T_Current -273.15 T_Measured 27)
                                             X_U1.R_R47 <X_U1.R_NOISELESS> (T_Current -273.15 T_Measured 27)

          R        1.000E+00      1.000E+00      1.000E-03  


               X_U1.R_R48 <X_U1.R_NOISELESS> (T_Current -273.15 T_Measured 27)
                              X_U1.R_R49 <X_U1.R_NOISELESS> (T_Current -273.15 T_Measured 27)
                                             X_U1.R_R5 <X_U1.R_NOISELESS> (T_Current -273.15 T_Measured 27)

          R        1.000E+06      1.000E+12      1.000E+00  


               X_U1.R_R50 <X_U1.R_NOISELESS> (T_Current -273.15 T_Measured 27)
                              X_U1.R_R51 <X_U1.R_NOISELESS> (T_Current -273.15 T_Measured 27)
                                             X_U1.R_R52 <X_U1.R_NOISELESS> (T_Current -273.15 T_Measured 27)

          R        1.000E+06      1.000E-03      1.000E+00  


               X_U1.R_R53 <X_U1.R_NOISELESS> (T_Current -273.15 T_Measured 27)
                              X_U1.R_R54 <X_U1.R_NOISELESS> (T_Current -273.15 T_Measured 27)
                                             X_U1.R_R55 <X_U1.R_NOISELESS> (T_Current -273.15 T_Measured 27)

          R        1.000E+12      1.000E+00      1.000E-03  


               X_U1.R_R56 <X_U1.R_NOISELESS> (T_Current -273.15 T_Measured 27)
                              X_U1.R_R57 <X_U1.R_NOISELESS> (T_Current -273.15 T_Measured 27)
                                             X_U1.R_R58 <X_U1.R_NOISELESS> (T_Current -273.15 T_Measured 27)

          R        1.000E+12      1.000E+00      1.000E-03  


               X_U1.R_R59 <X_U1.R_NOISELESS> (T_Current -273.15 T_Measured 27)
                              X_U1.R_R6 <X_U1.R_NOISELESS> (T_Current -273.15 T_Measured 27)
                                             X_U1.R_R60 <X_U1.R_NOISELESS> (T_Current -273.15 T_Measured 27)

          R        1.000E+12      1.000E+08      1.000E+00  


               X_U1.R_R61 <X_U1.R_NOISELESS> (T_Current -273.15 T_Measured 27)
                              X_U1.R_R62 <X_U1.R_NOISELESS> (T_Current -273.15 T_Measured 27)
                                             X_U1.R_R63 <X_U1.R_NOISELESS> (T_Current -273.15 T_Measured 27)

          R        1.000E-03      1.000E-03      1.000E+12  


               X_U1.R_R64 <X_U1.R_NOISELESS> (T_Current -273.15 T_Measured 27)
                              X_U1.R_R65 <X_U1.R_NOISELESS> (T_Current -273.15 T_Measured 27)
                                             X_U1.R_R66 <X_U1.R_NOISELESS> (T_Current -273.15 T_Measured 27)

          R        1.000E+00      1.000E+12      1.000E+00  


               X_U1.R_R67 <X_U1.R_NOISELESS> (T_Current -273.15 T_Measured 27)
                              X_U1.R_R68 <X_U1.R_NOISELESS> (T_Current -273.15 T_Measured 27)
                                             X_U1.R_R69 <X_U1.R_NOISELESS> (T_Current -273.15 T_Measured 27)

          R        1.000E-03      1.000E-03      1.000E+12  


               X_U1.R_R7 <X_U1.R_NOISELESS> (T_Current -273.15 T_Measured 27)
                              X_U1.R_R70 <X_U1.R_NOISELESS> (T_Current -273.15 T_Measured 27)
                                             X_U1.R_R71 <X_U1.R_NOISELESS> (T_Current -273.15 T_Measured 27)

          R        8.332E+00      1.000E+00      1.000E-03  


               X_U1.R_R72 <X_U1.R_NOISELESS> (T_Current -273.15 T_Measured 27)
                              X_U1.R_R73 <X_U1.R_NOISELESS> (T_Current -273.15 T_Measured 27)
                                             X_U1.R_R74 <X_U1.R_NOISELESS> (T_Current -273.15 T_Measured 27)

          R        1.000E+03      1.000E-03      1.000E+03  


               X_U1.R_R75 <X_U1.R_NOISELESS> (T_Current -273.15 T_Measured 27)
                              X_U1.R_R76 <X_U1.R_NOISELESS> (T_Current -273.15 T_Measured 27)
                                             X_U1.R_R77 <X_U1.R_NOISELESS> (T_Current -273.15 T_Measured 27)

          R        1.000E-03      1.000E+03      1.000E+03  


               X_U1.R_R78 <X_U1.R_NOISELESS> (T_Current -273.15 T_Measured 27)
                              X_U1.R_R79 <X_U1.R_NOISELESS> (T_Current -273.15 T_Measured 27)
                                             X_U1.R_R8 <X_U1.R_NOISELESS> (T_Current -273.15 T_Measured 27)

          R        1.000E+00      1.000E+00      1.000E+03  


               X_U1.R_R80 <X_U1.R_NOISELESS> (T_Current -273.15 T_Measured 27)
                              X_U1.R_R81 <X_U1.R_NOISELESS> (T_Current -273.15 T_Measured 27)
                                             X_U1.R_R82 <X_U1.R_NOISELESS> (T_Current -273.15 T_Measured 27)

          R        1.000E+02      1.000E+02      1.000E+00  


               X_U1.R_R83 <X_U1.R_NOISELESS> (T_Current -273.15 T_Measured 27)
                              X_U1.R_R9 <X_U1.R_NOISELESS> (T_Current -273.15 T_Measured 27)
                                             X_U1.R_RDUMMY <X_U1.R_NOISELESS> (T_Current -273.15 T_Measured 27)

          R        1.000E+02      1.000E+08      6.858E+03  


               X_U1.R_RS_INN <X_U1.R_NOISELESS> (T_Current -273.15 T_Measured 27)
                              X_U1.R_RS_INP <X_U1.R_NOISELESS> (T_Current -273.15 T_Measured 27)
                                             X_U1.R_RX <X_U1.R_NOISELESS> (T_Current -273.15 T_Measured 27)

          R        1.000E+03      1.000E+03      6.858E+04  


               X_U1.R_RX1 <X_U1.R_NOISELESS> (T_Current -273.15 T_Measured 27)
                              X_U1.R_RX2 <X_U1.R_NOISELESS> (T_Current -273.15 T_Measured 27)
                                             X_U1.R_RX3 <X_U1.R_NOISELESS> (T_Current -273.15 T_Measured 27)

          R        1.000E+12      1.000E+02      1.000E+12  


               X_U1.R_RX4 <X_U1.R_NOISELESS> (T_Current -273.15 T_Measured 27)
                              X_U1.R_R_COM0 <X_U1.R_NOISELESS> (T_Current -273.15 T_Measured 27)
                                             X_U1.R_R_COM1 <X_U1.R_NOISELESS> (T_Current -273.15 T_Measured 27)

          R        1.000E+02      1.000E+12      1.000E+12  


               X_U1.R_R_DIFF <X_U1.R_NOISELESS> (T_Current -273.15 T_Measured 27)
                              X_U73.R_R107 <X_U73.R_NOISELESS> (T_Current -273.15 T_Measured 27)
                                             X_U73.R_R108 <X_U73.R_NOISELESS> (T_Current -273.15 T_Measured 27)

          R        1.000E+08      1.000E+00      1.000E+12  


               X_U73.R_R109 <X_U73.R_NOISELESS> (T_Current -273.15 T_Measured 27)
                              X_U73.R_R110 <X_U73.R_NOISELESS> (T_Current -273.15 T_Measured 27)
                                             X_U73.R_R111 <X_U73.R_NOISELESS> (T_Current -273.15 T_Measured 27)

          R        1.000E+00      1.000E-03      1.000E+06  


               X_U73.R_R112 <X_U73.R_NOISELESS> (T_Current -273.15 T_Measured 27)
                              X_U73.R_R113 <X_U73.R_NOISELESS> (T_Current -273.15 T_Measured 27)
                                             X_U73.R_R136 <X_U73.R_NOISELESS> (T_Current -273.15 T_Measured 27)

          R        1.000E+06      1.000E-03      1.000E+00  


               X_U73.R_R169 <X_U73.R_NOISELESS> (T_Current -273.15 T_Measured 27)
                              X_U73.R_R1A1 <X_U73.R_NOISELESS> (T_Current -273.15 T_Measured 27)
                                             X_U73.R_R1A3 <X_U73.R_NOISELESS> (T_Current -273.15 T_Measured 27)

          R        2.900E+01      1.000E+04      1.000E+04  


               X_U73.R_R1A4 <X_U73.R_NOISELESS> (T_Current -273.15 T_Measured 27)
                              X_U73.R_R2 <X_U73.R_NOISELESS> (T_Current -273.15 T_Measured 27)
                                             X_U73.R_R21 <X_U73.R_NOISELESS> (T_Current -273.15 T_Measured 27)

          R        1.000E+04      1.000E-02      1.000E+03  


               X_U73.R_R25 <X_U73.R_NOISELESS> (T_Current -273.15 T_Measured 27)
                              X_U73.R_R26 <X_U73.R_NOISELESS> (T_Current -273.15 T_Measured 27)
                                             X_U73.R_R261 <X_U73.R_NOISELESS> (T_Current -273.15 T_Measured 27)

          R        1.000E+09      1.000E+09      1.000E+00  


               X_U73.R_R27 <X_U73.R_NOISELESS> (T_Current -273.15 T_Measured 27)
                              X_U73.R_R28 <X_U73.R_NOISELESS> (T_Current -273.15 T_Measured 27)
                                             X_U73.R_R29 <X_U73.R_NOISELESS> (T_Current -273.15 T_Measured 27)

          R        1.000E+00      1.000E-03      1.000E+03  


               X_U73.R_R2A1 <X_U73.R_NOISELESS> (T_Current -273.15 T_Measured 27)
                              X_U73.R_R2A4 <X_U73.R_NOISELESS> (T_Current -273.15 T_Measured 27)
                                             X_U73.R_R2A5 <X_U73.R_NOISELESS> (T_Current -273.15 T_Measured 27)

          R        1.700E+01      2.000E+01      1.200E+01  


               X_U73.R_R3 <X_U73.R_NOISELESS> (T_Current -273.15 T_Measured 27)
                              X_U73.R_R30 <X_U73.R_NOISELESS> (T_Current -273.15 T_Measured 27)
                                             X_U73.R_R31 <X_U73.R_NOISELESS> (T_Current -273.15 T_Measured 27)

          R        2.800E+05      1.000E-03      1.000E+03  


               X_U73.R_R32 <X_U73.R_NOISELESS> (T_Current -273.15 T_Measured 27)
                              X_U73.R_R33 <X_U73.R_NOISELESS> (T_Current -273.15 T_Measured 27)
                                             X_U73.R_R34 <X_U73.R_NOISELESS> (T_Current -273.15 T_Measured 27)

          R        1.000E+03      1.000E-03      1.000E+03  


               X_U73.R_R35 <X_U73.R_NOISELESS> (T_Current -273.15 T_Measured 27)
                              X_U73.R_R36 <X_U73.R_NOISELESS> (T_Current -273.15 T_Measured 27)
                                             X_U73.R_R363 <X_U73.R_NOISELESS> (T_Current -273.15 T_Measured 27)

          R        1.000E+09      1.000E+00      1.000E+00  


               X_U73.R_R364 <X_U73.R_NOISELESS> (T_Current -273.15 T_Measured 27)
                              X_U73.R_R37 <X_U73.R_NOISELESS> (T_Current -273.15 T_Measured 27)
                                             X_U73.R_R38 <X_U73.R_NOISELESS> (T_Current -273.15 T_Measured 27)

          R        1.000E+00      1.000E-03      1.000E-03  


               X_U73.R_R39 <X_U73.R_NOISELESS> (T_Current -273.15 T_Measured 27)
                              X_U73.R_R40 <X_U73.R_NOISELESS> (T_Current -273.15 T_Measured 27)
                                             X_U73.R_R5 <X_U73.R_NOISELESS> (T_Current -273.15 T_Measured 27)

          R        1.000E+00      1.000E+09      1.000E+00  


               X_U73.R_R60 <X_U73.R_NOISELESS> (T_Current -273.15 T_Measured 27)
                              X_U73.R_R8 <X_U73.R_NOISELESS> (T_Current -273.15 T_Measured 27)
                                             X_U73.R_R81 <X_U73.R_NOISELESS> (T_Current -273.15 T_Measured 27)

          R        3.700E+04      1.000E+03      1.000E+09  


               X_U73.R_R83 <X_U73.R_NOISELESS> (T_Current -273.15 T_Measured 27)
                              X_U73.R_R9 <X_U73.R_NOISELESS> (T_Current -273.15 T_Measured 27)
                                             X_U73.R_R_VIMON <X_U73.R_NOISELESS> (T_Current -273.15 T_Measured 27)

          R        1.000E+09      1.000E-03      1.000E+02  


               X_U73.R_R_VOUT_S <X_U73.R_NOISELESS> (T_Current -273.15 T_Measured 27)

          R        1.000E+02  



**** 04/05/25 22:08:30 *** PSpice 24.1.0 (26 February 2025) *** ID# 0 ********

 ** Profile: "SCHEMATIC1-asdfa"  [ c:\users\user\appdata\roaming\spb_data\cdssetup\workspace\projects\tiaopa695\TIAOPA695-PSpiceFiles


 ****     INITIAL TRANSIENT SOLUTION       TEMPERATURE =   27.000 DEG C

 ****     CURRENT STEP                     PARAM IVAR =  630.0000E-06


******************************************************************************



 NODE   VOLTAGE     NODE   VOLTAGE     NODE   VOLTAGE     NODE   VOLTAGE


(  VCC)    5.0000  (  VEE)   -5.0000  (N1113089)    3.8997                      

(N1113125)    3.9059                  (N1113485)    3.9010                      

(N1113565)    5.0000                  (N1113637)    1.9901                      

(N1113647)    3.9027                  (N1113661)    3.3016                      

(N1113879)   -5.0000                  (N1114737)     .0070                      

(N1114747)     .0070                  (N1114761)     .0168                      

(N1114963)     .0168                  (N1114991)-260.0E-06                      

(X_U1.MID)-423.5E-18                  (X_U1.V11)-4.676E-09                      

(X_U1.V12)     .6872                  (X_U76.ZO)    3.9059                      

(X_U1.ESDN)    2.3782                 (X_U1.ESDP)    2.9136                     

(X_U1.VCLP)    3.9562                 (X_U73.AOL)     .0168                     

(X_U73.MID)-211.8E-18                 (X_U76.MID)    2.5000                     

(X_U1.CLAMP)    6.6228                (X_U1.VCC_B)    5.0000                    

(X_U1.VEE_B)   -5.0000                (X_U1.VIMON)    9.5755                    

(X_U73.CMRR)-482.6E-09                (X_U76.CMRR)    2.5000                    

(X_U76.ESDN)    3.8997                (X_U76.ESDP)    3.9010                    

(X_U1.VOUT_S)    3.9027               (X_U1.VSENSE)    6.6228                   

(X_U1.X_U1.3)    0.0000               (X_U1.X_U1.4)    0.0000                   

(X_U1.X_U1.5)    0.0000               (X_U1.X_U1.6)    0.0000                   

(X_U1.X_U1.7)     .8338               (X_U1.X_U1.8)     .8338                   

(X_U73.CLAMP)     .0168               (X_U73.VCC_B)    5.0000                   

(X_U73.VEE_B)   -5.0000               (X_U73.VIMON)     .0198                   

(X_U76.CLAMP)    4.1283               (X_U76.PSRRN)    2.5002                   

(X_U76.PSRRP)    2.5001               (X_U76.VCC_B)    5.0000                   

(X_U76.VEE_B) 2.501E-06               (X_U76.VIMON)    2.5124                   

(X_U1.VCC_CLP)    3.9000              (X_U1.VEE_CLP)   -4.8260                  

(X_U1.X_U39.3)    0.0000              (X_U1.X_U39.4)    0.0000                  

(X_U1.X_U39.5)    0.0000              (X_U1.X_U39.6)    0.0000                  

(X_U1.X_U39.7)     .8338              (X_U1.X_U39.8)     .8338                  

(X_U1.X_U40.3)    0.0000              (X_U1.X_U40.4)    0.0000                  

(X_U1.X_U40.5)    0.0000              (X_U1.X_U40.6)    0.0000                  

(X_U1.X_U40.7)     .8338              (X_U1.X_U40.8)     .8338                  

(X_U73.AOLNET)    -.0168              (X_U73.N05102)     .0070                  

(X_U73.N06456)-260.0E-06              (X_U73.N10561)    -.0070                  

(X_U73.N10570)    -.0070              (X_U73.N11984)    -.0070                  

(X_U73.N25816)     .0070              (X_U73.N28602)   -3.3000                  

(X_U73.N30136)    3.3000              (X_U73.N30913)     .0070                  

(X_U73.N31014)     .0070              (X_U73.N35669)    4.1998                  

(X_U73.N35813)    4.1998              (X_U73.N38050)   -4.2000                  

(X_U73.N38096)   -4.2000              (X_U73.N42663)-211.8E-18                  

(X_U73.N42834)-211.8E-18              (X_U73.N44757)-211.8E-18                  

(X_U73.N44799)-211.8E-18              (X_U73.VOUT_S)     .0168                  

(X_U76.AOLNET)    2.4992              (X_U76.N06456)    3.9010                  

(X_U76.N10561)    3.9006              (X_U76.N10570)    3.9006                  

(X_U76.N11984)    3.9006              (X_U76.N11991)    3.8997                  

(X_U76.N25816)    3.9005              (X_U76.N28602)    1.1000                  

(X_U76.N30136)    4.6000              (X_U76.N30913)    3.9005                  

(X_U76.N31014)    3.9005              (X_U76.N35675)    4.2118                  

(X_U76.N35813)    4.2118              (X_U76.N38050)    1.0201                  

(X_U76.N38096)    1.0201              (X_U76.VOUT_S)    3.9059                  

(X_U76.X_U1.3)    0.0000              (X_U76.X_U1.4)    0.0000                  

(X_U76.X_U1.5)    0.0000              (X_U76.X_U1.6)    0.0000                  

(X_U76.X_U1.7)     .8338              (X_U76.X_U1.8)     .8338                  

(X_U1.CL_CLAMP)    3.9562             (X_U1.N2986935)    2.9136                 

(X_U1.N2986947) 291.4E-09             (X_U1.N2986949)    2.9136                 

(X_U1.N2986957)    2.9136             (X_U1.N2986973)-1.581E-06                 

(X_U1.N2986975) 1.581E-06             (X_U1.N2986977)    2.9136                 

(X_U1.N2986981)    2.9136             (X_U1.N2987013)    2.3782                 

(X_U1.N2987017)    3.0000             (X_U1.N2987029)   -3.0000                 

(X_U1.N2987037)    2.9136             (X_U1.N2987051)    2.9136                 

(X_U1.N2987061)   53.5400             (X_U1.N2987123)     .0027                 

(X_U1.N2987135)     .0027             (X_U1.N2987157)-423.5E-18                 

(X_U1.N2987159)-423.5E-18             (X_U1.N2987201)   35.0000                 

(X_U1.N2987203)-423.5E-18             (X_U1.N2987205)-423.5E-18                 

(X_U1.N2987225)-423.5E-18             (X_U1.N2987231)-423.5E-18                 

(X_U1.N2987243)  -35.0000             (X_U1.N2987295)   75.0000                 

(X_U1.N2987299)-423.5E-18             (X_U1.N2987301)-423.5E-18                 

(X_U1.N2987319)-423.5E-18             (X_U1.N2987325)-423.5E-18                 

(X_U1.N2987337)  -75.0000             (X_U1.N2987363)    6.6228                 

(X_U1.N2987391)    3.9000             (X_U1.N2987395)   -4.8260                 

(X_U1.N2987423)   -4.8260             (X_U1.N2987427)    3.9000                 

(X_U1.N2987487)-4.676E-09             (X_U1.N2987493)     .6872                 

(X_U1.N2987499)    1.0000             (X_U1.N2987541)    9.5755                 

(X_U1.N2987553)    3.9027             (X_U1.N2987623)    3.9027                 

(X_U1.N2987655)    1.9562             (X_U1.N2987675)    6.6134                 

(X_U1.N2987683)    1.9562             (X_U1.N2987687)    1.9562                 

(X_U1.N2987711)    6.6134             (X_U1.N2987719)    5.9262                 

(X_U1.N2987763)-423.5E-18             (X_U1.N2987785)    5.0000                 

(X_U1.N2987801)   -5.0000             (X_U1.N3108745)   16.5560                 

(X_U1.N3108755)    6.6244             (X_U1.N3108879)    6.6228                 

(X_U1.N3108917)    6.6244             (X_U1.N3108949)    6.6243                 

(X_U1.N3109015)    6.6243             (X_U1.N3116457)    3.9562                 

(X_U1.N3116503)  365.8100             (X_U1.N3116515)  365.8100                 

(X_U1.N3116609)  699.7200             (X_U1.N3116619)  260.5800                 

(X_U1.N3116655)  699.6500             (X_U1.N3116665)     .5315                 

(X_U1.N3116675)  699.7200             (X_U1.N3116685)  699.7200                 

(X_U1.N3116957)  699.6400             (X_U1.N3117239)  699.7200                 

(X_U1.N3126023)    3.4971             (X_U1.N3128929)   -4.7434                 

(X_U1.N3130349) 1.581E-06             (X_U1.N3130359)     .0048                 

(X_U1.N3202117)  699.7200             (X_U1.N3202127)  699.7200                 

(X_U1.N3202213)  699.7200             (X_U1.N3204124)  699.7200                 

(X_U1.N3204134)  699.7200             (X_U1.N3204220)  699.7200                 

(X_U1.N3205032)  699.7200             (X_U1.N3205042)  699.7200                 

(X_U1.N3205128)  699.7200             (X_U1.N3205956)  699.7200                 

(X_U1.N3205966)  699.7200             (X_U1.N3206052)  699.7200                 

(X_U1.N3206890)  699.7200             (X_U1.N3206900)  699.7200                 

(X_U1.N3206986)  699.7200             (X_U1.N3208573)  699.7200                 

(X_U1.N3208669)  699.7200             (X_U1.N3236810) 1.581E-09                 

(X_U1.N3236820) 1.581E-06             (X_U73.N110431)     .0198                 

(X_U73.N112292)     .0168             (X_U73.N317950)-211.8E-18                 

(X_U73.N406634)    5.0000             (X_U73.N406794)   -5.0000                 

(X_U73.N701935)-241.8E-06             (X_U73.N704979)   -6.4993                 

(X_U73.N705005)    -.0078             (X_U73.N709083)    3.6601                 

(X_U73.N709113)     .0062             (X_U73.N749288)    -.0070                 

(X_U73.VCC_CLP)    4.1998             (X_U73.VEE_CLP)   -4.2000                 

(X_U73.X_E_N.3)    0.0000             (X_U73.X_E_N.4)    0.0000                 

(X_U73.X_E_N.5)    0.0000             (X_U73.X_E_N.6)    0.0000                 

(X_U73.X_E_N.7)     .8338             (X_U73.X_E_N.8)     .8338                 

(X_U76.N110431)    2.5124             (X_U76.N112292)    3.9059                 

(X_U76.N317950)    2.5000             (X_U76.N406634)    5.0000                 

(X_U76.N406794) 2.504E-06             (X_U76.N749288)    3.9006                 

(X_U76.VCC_CLP)    4.2118             (X_U76.VEE_CLP)    1.0201                 

(X_U76.X_E_N.3)    0.0000             (X_U76.X_E_N.4)    0.0000                 

(X_U76.X_E_N.5)    0.0000             (X_U76.X_E_N.6)    0.0000                 

(X_U76.X_E_N.7)     .8338             (X_U76.X_E_N.8)     .8338                 

(X_U1.N32898091)  699.7200            (X_U73.N1327152)     .0070                

(X_U73.X_I_NP.3)    0.0000            (X_U73.X_I_NP.4)    0.0000                

(X_U73.X_I_NP.5)    0.0000            (X_U73.X_I_NP.6)    0.0000                

(X_U73.X_I_NP.7)     .8338            (X_U73.X_I_NP.8)     .8338                

(X_U76.N1254860)   17.9820            (X_U76.N1446199)    4.0758                

(X_U76.N1446217)    4.0758            (X_U76.N1461236)    2.3361                

(X_U76.N1461246)    2.5000            (X_U76.N1461252)    2.5046                

(X_U76.N1481243)     .7102            (X_U76.N1481253)    2.4999                

(X_U76.N1481259)    2.5005            (X_U76.N1483677)    6.4446                

(X_U76.N1483687)    2.5002            (X_U76.N1483693)    2.4954                

(X_U76.N1483703)    2.4998            (X_U76.N1483713)    2.5046                

(X_U76.N1490067)    2.5001            (X_U76.N1492098)    2.7548                

(X_U76.N1492108)    2.6699            (X_U76.N1492118)    2.6699                

(X_U76.N1492126)    2.6699            (X_U76.N1492376)    2.6699                

(X_U76.N1534615)    6.8373            (X_U76.N1534625)    2.6519                

(X_U76.N1534635)    2.6519            (X_U76.N1534645)    2.6519                

(X_U76.N1534887)    2.6519            (X_U76.N1541593)    6.3796                

(X_U76.N1541603)    2.6359            (X_U1.CLAW_CLAMP)    3.9562               

(X_U73.X_I_NP2.3)    0.0000           (X_U73.X_I_NP2.4)    0.0000               

(X_U73.X_I_NP2.5)    0.0000           (X_U73.X_I_NP2.6)    0.0000               

(X_U73.X_I_NP2.7)     .8338           (X_U73.X_I_NP2.8)     .8338               

(X_U76.X_I_NP1.3)    0.0000           (X_U76.X_I_NP1.4)    0.0000               

(X_U76.X_I_NP1.5)    0.0000           (X_U76.X_I_NP1.6)    0.0000               

(X_U76.X_I_NP1.7)     .8338           (X_U76.X_I_NP1.8)     .8338               

(X_U1.SW_OL_OPAx277)    1.0000        (X_U73.X_VOS_VS_VCM.1)    -.0070          

(X_U76.X_VOS_VS_VCM.1)    3.9006      




    VOLTAGE SOURCE CURRENTS
    NAME         CURRENT

    V_V2        -1.369E-02
    V_V6        -4.612E-04
    V_V5        -8.492E-04
    V_V1        -4.081E-02
    X_U76.V_VCM_MAX  -2.100E-09
    X_U76.V_VCM_MIN   1.400E-09
    X_U1.V_VCM_MAX  -3.001E-12
    X_U1.V_VCM_MIN   3.001E-12
    X_U1.V_V_GRN   7.500E-11
    X_U1.V_V_GRP  -7.500E-11
    X_U1.V_V_ISCN   3.500E-11
    X_U1.V_V_ISCP  -3.500E-11
    X_U1.V_V_ORN   0.000E+00
    X_U1.V_V_ORP   0.000E+00
    X_U73.V_VCM_MAX  -3.300E-09
    X_U73.V_VCM_MIN   3.300E-09
    X_U76.X_H3.VH_H3  -1.245E-05
    X_U76.X_VOS_VS_VCM.V1   4.097E-13
    X_U1.X_H1.VH_H1   9.576E-03
    X_U1.X_H2.VH_H2   6.872E-01
    X_U1.X_H3.VH_H3   4.676E-09
    X_U73.X_H3.VH_H3  -1.980E-05
    X_U73.X_VOS_VS_VCM.V1  -9.661E-17

    TOTAL POWER DISSIPATION   2.79E-01  WATTS


Model-Specific Temperatures During Sweep  Param value = 0.00093

 **** RESISTORS

               X_U76.R_R1 <X_U76.R_NOISELESS> (T_Current -273.15 T_Measured 27)
                              X_U76.R_R10 <X_U76.R_NOISELESS> (T_Current -273.15 T_Measured 27)
                                             X_U76.R_R107 <X_U76.R_NOISELESS> (T_Current -273.15 T_Measured 27)

          R        1.000E-02      1.000E-03      1.000E+00  


               X_U76.R_R108 <X_U76.R_NOISELESS> (T_Current -273.15 T_Measured 27)
                              X_U76.R_R109 <X_U76.R_NOISELESS> (T_Current -273.15 T_Measured 27)
                                             X_U76.R_R110 <X_U76.R_NOISELESS> (T_Current -273.15 T_Measured 27)

          R        1.000E+12      1.000E+00      1.000E-03  


               X_U76.R_R111 <X_U76.R_NOISELESS> (T_Current -273.15 T_Measured 27)
                              X_U76.R_R112 <X_U76.R_NOISELESS> (T_Current -273.15 T_Measured 27)
                                             X_U76.R_R113 <X_U76.R_NOISELESS> (T_Current -273.15 T_Measured 27)

          R        1.000E+06      1.000E+06      1.000E-03  


               X_U76.R_R146 <X_U76.R_NOISELESS> (T_Current -273.15 T_Measured 27)
                              X_U76.R_R147 <X_U76.R_NOISELESS> (T_Current -273.15 T_Measured 27)
                                             X_U76.R_R148 <X_U76.R_NOISELESS> (T_Current -273.15 T_Measured 27)

          R        1.000E+00      1.000E+00      1.000E+00  


               X_U76.R_R162 <X_U76.R_NOISELESS> (T_Current -273.15 T_Measured 27)
                              X_U76.R_R1A <X_U76.R_NOISELESS> (T_Current -273.15 T_Measured 27)
                                             X_U76.R_R1A1 <X_U76.R_NOISELESS> (T_Current -273.15 T_Measured 27)

          R        5.000E+03      1.000E+04      3.000E+01  


               X_U76.R_R1A14 <X_U76.R_NOISELESS> (T_Current -273.15 T_Measured 27)
                              X_U76.R_R1A15 <X_U76.R_NOISELESS> (T_Current -273.15 T_Measured 27)
                                             X_U76.R_R1A16 <X_U76.R_NOISELESS> (T_Current -273.15 T_Measured 27)

          R        1.000E+04      1.000E+04      2.800E+00  


               X_U76.R_R1A17 <X_U76.R_NOISELESS> (T_Current -273.15 T_Measured 27)
                              X_U76.R_R1A18 <X_U76.R_NOISELESS> (T_Current -273.15 T_Measured 27)
                                             X_U76.R_R1A40 <X_U76.R_NOISELESS> (T_Current -273.15 T_Measured 27)

          R        1.000E+04      1.000E+04      1.000E+04  


               X_U76.R_R1A41 <X_U76.R_NOISELESS> (T_Current -273.15 T_Measured 27)
                              X_U76.R_R1A42 <X_U76.R_NOISELESS> (T_Current -273.15 T_Measured 27)
                                             X_U76.R_R1A43 <X_U76.R_NOISELESS> (T_Current -273.15 T_Measured 27)

          R        7.000E+00      1.000E+04      3.000E+01  


               X_U76.R_R1A44 <X_U76.R_NOISELESS> (T_Current -273.15 T_Measured 27)
                              X_U76.R_R1A45 <X_U76.R_NOISELESS> (T_Current -273.15 T_Measured 27)
                                             X_U76.R_R2 <X_U76.R_NOISELESS> (T_Current -273.15 T_Measured 27)

          R        1.000E+01      1.000E+01      1.000E-02  


               X_U76.R_R21 <X_U76.R_NOISELESS> (T_Current -273.15 T_Measured 27)
                              X_U76.R_R211 <X_U76.R_NOISELESS> (T_Current -273.15 T_Measured 27)
                                             X_U76.R_R225 <X_U76.R_NOISELESS> (T_Current -273.15 T_Measured 27)

          R        1.000E+03      1.000E+00      1.000E+00  


               X_U76.R_R226 <X_U76.R_NOISELESS> (T_Current -273.15 T_Measured 27)
                              X_U76.R_R245 <X_U76.R_NOISELESS> (T_Current -273.15 T_Measured 27)
                                             X_U76.R_R246 <X_U76.R_NOISELESS> (T_Current -273.15 T_Measured 27)

          R        3.000E+01      4.500E+03      1.000E+00  


               X_U76.R_R247 <X_U76.R_NOISELESS> (T_Current -273.15 T_Measured 27)
                              X_U76.R_R248 <X_U76.R_NOISELESS> (T_Current -273.15 T_Measured 27)
                                             X_U76.R_R249 <X_U76.R_NOISELESS> (T_Current -273.15 T_Measured 27)

          R        1.000E+00      1.000E+00      1.000E+00  


               X_U76.R_R25 <X_U76.R_NOISELESS> (T_Current -273.15 T_Measured 27)
                              X_U76.R_R250 <X_U76.R_NOISELESS> (T_Current -273.15 T_Measured 27)
                                             X_U76.R_R251 <X_U76.R_NOISELESS> (T_Current -273.15 T_Measured 27)

          R        1.000E+09      1.000E+00      1.000E+00  


               X_U76.R_R252 <X_U76.R_NOISELESS> (T_Current -273.15 T_Measured 27)
                              X_U76.R_R253 <X_U76.R_NOISELESS> (T_Current -273.15 T_Measured 27)
                                             X_U76.R_R26 <X_U76.R_NOISELESS> (T_Current -273.15 T_Measured 27)

          R        1.000E+00      1.000E+00      1.000E+09  


               X_U76.R_R27 <X_U76.R_NOISELESS> (T_Current -273.15 T_Measured 27)
                              X_U76.R_R28 <X_U76.R_NOISELESS> (T_Current -273.15 T_Measured 27)
                                             X_U76.R_R29 <X_U76.R_NOISELESS> (T_Current -273.15 T_Measured 27)

          R        1.000E+00      1.000E-03      1.000E+03  


               X_U76.R_R2A <X_U76.R_NOISELESS> (T_Current -273.15 T_Measured 27)
                              X_U76.R_R2A1 <X_U76.R_NOISELESS> (T_Current -273.15 T_Measured 27)
                                             X_U76.R_R2A16 <X_U76.R_NOISELESS> (T_Current -273.15 T_Measured 27)

          R        2.000E+04      1.000E+01      5.420E-01  


               X_U76.R_R2A17 <X_U76.R_NOISELESS> (T_Current -273.15 T_Measured 27)
                              X_U76.R_R2A18 <X_U76.R_NOISELESS> (T_Current -273.15 T_Measured 27)
                                             X_U76.R_R2A36 <X_U76.R_NOISELESS> (T_Current -273.15 T_Measured 27)

          R        4.822E+02      4.822E+02      8.500E-01  


               X_U76.R_R2A37 <X_U76.R_NOISELESS> (T_Current -273.15 T_Measured 27)
                              X_U76.R_R2A40 <X_U76.R_NOISELESS> (T_Current -273.15 T_Measured 27)
                                             X_U76.R_R2A41 <X_U76.R_NOISELESS> (T_Current -273.15 T_Measured 27)

          R        3.010E+01      7.000E-01      1.000E+01  


               X_U76.R_R2A42 <X_U76.R_NOISELESS> (T_Current -273.15 T_Measured 27)
                              X_U76.R_R2A43 <X_U76.R_NOISELESS> (T_Current -273.15 T_Measured 27)
                                             X_U76.R_R3 <X_U76.R_NOISELESS> (T_Current -273.15 T_Measured 27)

          R        3.630E-01      3.630E-01      2.300E+06  


               X_U76.R_R30 <X_U76.R_NOISELESS> (T_Current -273.15 T_Measured 27)
                              X_U76.R_R31 <X_U76.R_NOISELESS> (T_Current -273.15 T_Measured 27)
                                             X_U76.R_R32 <X_U76.R_NOISELESS> (T_Current -273.15 T_Measured 27)

          R        1.000E-03      1.000E+03      1.000E+03  


               X_U76.R_R33 <X_U76.R_NOISELESS> (T_Current -273.15 T_Measured 27)
                              X_U76.R_R34 <X_U76.R_NOISELESS> (T_Current -273.15 T_Measured 27)
                                             X_U76.R_R4 <X_U76.R_NOISELESS> (T_Current -273.15 T_Measured 27)

          R        1.000E-03      1.000E+03      2.300E+06  


               X_U76.R_R6 <X_U76.R_NOISELESS> (T_Current -273.15 T_Measured 27)
                              X_U76.R_R60 <X_U76.R_NOISELESS> (T_Current -273.15 T_Measured 27)
                                             X_U76.R_R8 <X_U76.R_NOISELESS> (T_Current -273.15 T_Measured 27)

          R        1.000E+00      1.000E+00      1.000E+03  


               X_U76.R_R81 <X_U76.R_NOISELESS> (T_Current -273.15 T_Measured 27)
                              X_U76.R_R83 <X_U76.R_NOISELESS> (T_Current -273.15 T_Measured 27)
                                             X_U76.R_R9 <X_U76.R_NOISELESS> (T_Current -273.15 T_Measured 27)

          R        1.000E+09      1.000E+09      1.000E-03  


               X_U76.R_RDUMMY <X_U76.R_NOISELESS> (T_Current -273.15 T_Measured 27)
                              X_U76.R_RX <X_U76.R_NOISELESS> (T_Current -273.15 T_Measured 27)
                                             X_U76.R_R_VIMON <X_U76.R_NOISELESS> (T_Current -273.15 T_Measured 27)

          R        1.400E+02      1.400E+03      1.000E+02  


               X_U76.R_R_VOUT_S <X_U76.R_NOISELESS> (T_Current -273.15 T_Measured 27)
                              X_U1.R_R10 <X_U1.R_NOISELESS> (T_Current -273.15 T_Measured 27)
                                             X_U1.R_R11 <X_U1.R_NOISELESS> (T_Current -273.15 T_Measured 27)

          R        1.000E+02      1.000E+00      3.333E+01  


               X_U1.R_R12 <X_U1.R_NOISELESS> (T_Current -273.15 T_Measured 27)
                              X_U1.R_R13 <X_U1.R_NOISELESS> (T_Current -273.15 T_Measured 27)
                                             X_U1.R_R139 <X_U1.R_NOISELESS> (T_Current -273.15 T_Measured 27)

          R        1.000E+08      1.000E+00      1.057E+04  


               X_U1.R_R14 <X_U1.R_NOISELESS> (T_Current -273.15 T_Measured 27)
                              X_U1.R_R140 <X_U1.R_NOISELESS> (T_Current -273.15 T_Measured 27)
                                             X_U1.R_R141 <X_U1.R_NOISELESS> (T_Current -273.15 T_Measured 27)

          R        3.287E+04      1.000E+04      1.000E+00  


               X_U1.R_R142 <X_U1.R_NOISELESS> (T_Current -273.15 T_Measured 27)
                              X_U1.R_R143 <X_U1.R_NOISELESS> (T_Current -273.15 T_Measured 27)
                                             X_U1.R_R144 <X_U1.R_NOISELESS> (T_Current -273.15 T_Measured 27)

          R        1.000E+04      1.000E+00      7.603E+00  


               X_U1.R_R15 <X_U1.R_NOISELESS> (T_Current -273.15 T_Measured 27)
                              X_U1.R_R158 <X_U1.R_NOISELESS> (T_Current -273.15 T_Measured 27)
                                             X_U1.R_R159 <X_U1.R_NOISELESS> (T_Current -273.15 T_Measured 27)

          R        1.000E-03      1.000E+04      1.000E+00  


               X_U1.R_R16 <X_U1.R_NOISELESS> (T_Current -273.15 T_Measured 27)
                              X_U1.R_R160 <X_U1.R_NOISELESS> (T_Current -273.15 T_Measured 27)
                                             X_U1.R_R161 <X_U1.R_NOISELESS> (T_Current -273.15 T_Measured 27)

          R        1.000E+03      6.670E+03      1.000E+06  


               X_U1.R_R162 <X_U1.R_NOISELESS> (T_Current -273.15 T_Measured 27)
                              X_U1.R_R166 <X_U1.R_NOISELESS> (T_Current -273.15 T_Measured 27)
                                             X_U1.R_R167 <X_U1.R_NOISELESS> (T_Current -273.15 T_Measured 27)

          R        1.000E+06      1.000E+06      1.000E+02  


               X_U1.R_R168 <X_U1.R_NOISELESS> (T_Current -273.15 T_Measured 27)
                              X_U1.R_R169 <X_U1.R_NOISELESS> (T_Current -273.15 T_Measured 27)
                                             X_U1.R_R17 <X_U1.R_NOISELESS> (T_Current -273.15 T_Measured 27)

          R        1.000E+04      1.000E+00      1.000E-03  


               X_U1.R_R170 <X_U1.R_NOISELESS> (T_Current -273.15 T_Measured 27)
                              X_U1.R_R171 <X_U1.R_NOISELESS> (T_Current -273.15 T_Measured 27)
                                             X_U1.R_R172 <X_U1.R_NOISELESS> (T_Current -273.15 T_Measured 27)

          R        5.934E+03      1.000E+06      9.869E+04  


               X_U1.R_R173 <X_U1.R_NOISELESS> (T_Current -273.15 T_Measured 27)
                              X_U1.R_R174 <X_U1.R_NOISELESS> (T_Current -273.15 T_Measured 27)
                                             X_U1.R_R175 <X_U1.R_NOISELESS> (T_Current -273.15 T_Measured 27)

          R        1.000E+04      1.000E+00      5.157E+04  


               X_U1.R_R176 <X_U1.R_NOISELESS> (T_Current -273.15 T_Measured 27)
                              X_U1.R_R177 <X_U1.R_NOISELESS> (T_Current -273.15 T_Measured 27)
                                             X_U1.R_R178 <X_U1.R_NOISELESS> (T_Current -273.15 T_Measured 27)

          R        1.000E+04      1.000E+00      9.484E+03  


               X_U1.R_R179 <X_U1.R_NOISELESS> (T_Current -273.15 T_Measured 27)
                              X_U1.R_R18 <X_U1.R_NOISELESS> (T_Current -273.15 T_Measured 27)
                                             X_U1.R_R180 <X_U1.R_NOISELESS> (T_Current -273.15 T_Measured 27)

          R        1.000E+04      1.000E+12      1.000E+00  


               X_U1.R_R181 <X_U1.R_NOISELESS> (T_Current -273.15 T_Measured 27)
                              X_U1.R_R182 <X_U1.R_NOISELESS> (T_Current -273.15 T_Measured 27)
                                             X_U1.R_R183 <X_U1.R_NOISELESS> (T_Current -273.15 T_Measured 27)

          R        9.500E+03      1.000E+04      1.000E+00  


               X_U1.R_R184 <X_U1.R_NOISELESS> (T_Current -273.15 T_Measured 27)
                              X_U1.R_R185 <X_U1.R_NOISELESS> (T_Current -273.15 T_Measured 27)
                                             X_U1.R_R186 <X_U1.R_NOISELESS> (T_Current -273.15 T_Measured 27)

          R        5.875E+03      1.000E+04      1.000E+00  


               X_U1.R_R187 <X_U1.R_NOISELESS> (T_Current -273.15 T_Measured 27)
                              X_U1.R_R188 <X_U1.R_NOISELESS> (T_Current -273.15 T_Measured 27)
                                             X_U1.R_R189 <X_U1.R_NOISELESS> (T_Current -273.15 T_Measured 27)

          R        3.086E+03      1.000E+04      1.000E+00  


               X_U1.R_R19 <X_U1.R_NOISELESS> (T_Current -273.15 T_Measured 27)
                              X_U1.R_R190 <X_U1.R_NOISELESS> (T_Current -273.15 T_Measured 27)
                                             X_U1.R_R191 <X_U1.R_NOISELESS> (T_Current -273.15 T_Measured 27)

          R        1.000E+12      1.000E+04      1.001E+01  


               X_U1.R_R192 <X_U1.R_NOISELESS> (T_Current -273.15 T_Measured 27)
                              X_U1.R_R193 <X_U1.R_NOISELESS> (T_Current -273.15 T_Measured 27)
                                             X_U1.R_R20 <X_U1.R_NOISELESS> (T_Current -273.15 T_Measured 27)

          R        1.000E+00      1.000E+00      1.000E+00  


               X_U1.R_R21 <X_U1.R_NOISELESS> (T_Current -273.15 T_Measured 27)
                              X_U1.R_R22 <X_U1.R_NOISELESS> (T_Current -273.15 T_Measured 27)
                                             X_U1.R_R23 <X_U1.R_NOISELESS> (T_Current -273.15 T_Measured 27)

          R        1.000E-03      1.000E+06      1.000E+06  


               X_U1.R_R24 <X_U1.R_NOISELESS> (T_Current -273.15 T_Measured 27)
                              X_U1.R_R32 <X_U1.R_NOISELESS> (T_Current -273.15 T_Measured 27)
                                             X_U1.R_R33 <X_U1.R_NOISELESS> (T_Current -273.15 T_Measured 27)

          R        1.000E+03      1.000E+03      1.000E+03  


               X_U1.R_R34 <X_U1.R_NOISELESS> (T_Current -273.15 T_Measured 27)
                              X_U1.R_R35 <X_U1.R_NOISELESS> (T_Current -273.15 T_Measured 27)
                                             X_U1.R_R36 <X_U1.R_NOISELESS> (T_Current -273.15 T_Measured 27)

          R        1.000E+04      1.000E+00      1.095E+04  


               X_U1.R_R43 <X_U1.R_NOISELESS> (T_Current -273.15 T_Measured 27)
                              X_U1.R_R46 <X_U1.R_NOISELESS> (T_Current -273.15 T_Measured 27)
                                             X_U1.R_R47 <X_U1.R_NOISELESS> (T_Current -273.15 T_Measured 27)

          R        1.000E+00      1.000E+00      1.000E-03  


               X_U1.R_R48 <X_U1.R_NOISELESS> (T_Current -273.15 T_Measured 27)
                              X_U1.R_R49 <X_U1.R_NOISELESS> (T_Current -273.15 T_Measured 27)
                                             X_U1.R_R5 <X_U1.R_NOISELESS> (T_Current -273.15 T_Measured 27)

          R        1.000E+06      1.000E+12      1.000E+00  


               X_U1.R_R50 <X_U1.R_NOISELESS> (T_Current -273.15 T_Measured 27)
                              X_U1.R_R51 <X_U1.R_NOISELESS> (T_Current -273.15 T_Measured 27)
                                             X_U1.R_R52 <X_U1.R_NOISELESS> (T_Current -273.15 T_Measured 27)

          R        1.000E+06      1.000E-03      1.000E+00  


               X_U1.R_R53 <X_U1.R_NOISELESS> (T_Current -273.15 T_Measured 27)
                              X_U1.R_R54 <X_U1.R_NOISELESS> (T_Current -273.15 T_Measured 27)
                                             X_U1.R_R55 <X_U1.R_NOISELESS> (T_Current -273.15 T_Measured 27)

          R        1.000E+12      1.000E+00      1.000E-03  


               X_U1.R_R56 <X_U1.R_NOISELESS> (T_Current -273.15 T_Measured 27)
                              X_U1.R_R57 <X_U1.R_NOISELESS> (T_Current -273.15 T_Measured 27)
                                             X_U1.R_R58 <X_U1.R_NOISELESS> (T_Current -273.15 T_Measured 27)

          R        1.000E+12      1.000E+00      1.000E-03  


               X_U1.R_R59 <X_U1.R_NOISELESS> (T_Current -273.15 T_Measured 27)
                              X_U1.R_R6 <X_U1.R_NOISELESS> (T_Current -273.15 T_Measured 27)
                                             X_U1.R_R60 <X_U1.R_NOISELESS> (T_Current -273.15 T_Measured 27)

          R        1.000E+12      1.000E+08      1.000E+00  


               X_U1.R_R61 <X_U1.R_NOISELESS> (T_Current -273.15 T_Measured 27)
                              X_U1.R_R62 <X_U1.R_NOISELESS> (T_Current -273.15 T_Measured 27)
                                             X_U1.R_R63 <X_U1.R_NOISELESS> (T_Current -273.15 T_Measured 27)

          R        1.000E-03      1.000E-03      1.000E+12  


               X_U1.R_R64 <X_U1.R_NOISELESS> (T_Current -273.15 T_Measured 27)
                              X_U1.R_R65 <X_U1.R_NOISELESS> (T_Current -273.15 T_Measured 27)
                                             X_U1.R_R66 <X_U1.R_NOISELESS> (T_Current -273.15 T_Measured 27)

          R        1.000E+00      1.000E+12      1.000E+00  


               X_U1.R_R67 <X_U1.R_NOISELESS> (T_Current -273.15 T_Measured 27)
                              X_U1.R_R68 <X_U1.R_NOISELESS> (T_Current -273.15 T_Measured 27)
                                             X_U1.R_R69 <X_U1.R_NOISELESS> (T_Current -273.15 T_Measured 27)

          R        1.000E-03      1.000E-03      1.000E+12  


               X_U1.R_R7 <X_U1.R_NOISELESS> (T_Current -273.15 T_Measured 27)
                              X_U1.R_R70 <X_U1.R_NOISELESS> (T_Current -273.15 T_Measured 27)
                                             X_U1.R_R71 <X_U1.R_NOISELESS> (T_Current -273.15 T_Measured 27)

          R        8.332E+00      1.000E+00      1.000E-03  


               X_U1.R_R72 <X_U1.R_NOISELESS> (T_Current -273.15 T_Measured 27)
                              X_U1.R_R73 <X_U1.R_NOISELESS> (T_Current -273.15 T_Measured 27)
                                             X_U1.R_R74 <X_U1.R_NOISELESS> (T_Current -273.15 T_Measured 27)

          R        1.000E+03      1.000E-03      1.000E+03  


               X_U1.R_R75 <X_U1.R_NOISELESS> (T_Current -273.15 T_Measured 27)
                              X_U1.R_R76 <X_U1.R_NOISELESS> (T_Current -273.15 T_Measured 27)
                                             X_U1.R_R77 <X_U1.R_NOISELESS> (T_Current -273.15 T_Measured 27)

          R        1.000E-03      1.000E+03      1.000E+03  


               X_U1.R_R78 <X_U1.R_NOISELESS> (T_Current -273.15 T_Measured 27)
                              X_U1.R_R79 <X_U1.R_NOISELESS> (T_Current -273.15 T_Measured 27)
                                             X_U1.R_R8 <X_U1.R_NOISELESS> (T_Current -273.15 T_Measured 27)

          R        1.000E+00      1.000E+00      1.000E+03  


               X_U1.R_R80 <X_U1.R_NOISELESS> (T_Current -273.15 T_Measured 27)
                              X_U1.R_R81 <X_U1.R_NOISELESS> (T_Current -273.15 T_Measured 27)
                                             X_U1.R_R82 <X_U1.R_NOISELESS> (T_Current -273.15 T_Measured 27)

          R        1.000E+02      1.000E+02      1.000E+00  


               X_U1.R_R83 <X_U1.R_NOISELESS> (T_Current -273.15 T_Measured 27)
                              X_U1.R_R9 <X_U1.R_NOISELESS> (T_Current -273.15 T_Measured 27)
                                             X_U1.R_RDUMMY <X_U1.R_NOISELESS> (T_Current -273.15 T_Measured 27)

          R        1.000E+02      1.000E+08      6.858E+03  


               X_U1.R_RS_INN <X_U1.R_NOISELESS> (T_Current -273.15 T_Measured 27)
                              X_U1.R_RS_INP <X_U1.R_NOISELESS> (T_Current -273.15 T_Measured 27)
                                             X_U1.R_RX <X_U1.R_NOISELESS> (T_Current -273.15 T_Measured 27)

          R        1.000E+03      1.000E+03      6.858E+04  


               X_U1.R_RX1 <X_U1.R_NOISELESS> (T_Current -273.15 T_Measured 27)
                              X_U1.R_RX2 <X_U1.R_NOISELESS> (T_Current -273.15 T_Measured 27)
                                             X_U1.R_RX3 <X_U1.R_NOISELESS> (T_Current -273.15 T_Measured 27)

          R        1.000E+12      1.000E+02      1.000E+12  


               X_U1.R_RX4 <X_U1.R_NOISELESS> (T_Current -273.15 T_Measured 27)
                              X_U1.R_R_COM0 <X_U1.R_NOISELESS> (T_Current -273.15 T_Measured 27)
                                             X_U1.R_R_COM1 <X_U1.R_NOISELESS> (T_Current -273.15 T_Measured 27)

          R        1.000E+02      1.000E+12      1.000E+12  


               X_U1.R_R_DIFF <X_U1.R_NOISELESS> (T_Current -273.15 T_Measured 27)
                              X_U73.R_R107 <X_U73.R_NOISELESS> (T_Current -273.15 T_Measured 27)
                                             X_U73.R_R108 <X_U73.R_NOISELESS> (T_Current -273.15 T_Measured 27)

          R        1.000E+08      1.000E+00      1.000E+12  


               X_U73.R_R109 <X_U73.R_NOISELESS> (T_Current -273.15 T_Measured 27)
                              X_U73.R_R110 <X_U73.R_NOISELESS> (T_Current -273.15 T_Measured 27)
                                             X_U73.R_R111 <X_U73.R_NOISELESS> (T_Current -273.15 T_Measured 27)

          R        1.000E+00      1.000E-03      1.000E+06  


               X_U73.R_R112 <X_U73.R_NOISELESS> (T_Current -273.15 T_Measured 27)
                              X_U73.R_R113 <X_U73.R_NOISELESS> (T_Current -273.15 T_Measured 27)
                                             X_U73.R_R136 <X_U73.R_NOISELESS> (T_Current -273.15 T_Measured 27)

          R        1.000E+06      1.000E-03      1.000E+00  


               X_U73.R_R169 <X_U73.R_NOISELESS> (T_Current -273.15 T_Measured 27)
                              X_U73.R_R1A1 <X_U73.R_NOISELESS> (T_Current -273.15 T_Measured 27)
                                             X_U73.R_R1A3 <X_U73.R_NOISELESS> (T_Current -273.15 T_Measured 27)

          R        2.900E+01      1.000E+04      1.000E+04  


               X_U73.R_R1A4 <X_U73.R_NOISELESS> (T_Current -273.15 T_Measured 27)
                              X_U73.R_R2 <X_U73.R_NOISELESS> (T_Current -273.15 T_Measured 27)
                                             X_U73.R_R21 <X_U73.R_NOISELESS> (T_Current -273.15 T_Measured 27)

          R        1.000E+04      1.000E-02      1.000E+03  


               X_U73.R_R25 <X_U73.R_NOISELESS> (T_Current -273.15 T_Measured 27)
                              X_U73.R_R26 <X_U73.R_NOISELESS> (T_Current -273.15 T_Measured 27)
                                             X_U73.R_R261 <X_U73.R_NOISELESS> (T_Current -273.15 T_Measured 27)

          R        1.000E+09      1.000E+09      1.000E+00  


               X_U73.R_R27 <X_U73.R_NOISELESS> (T_Current -273.15 T_Measured 27)
                              X_U73.R_R28 <X_U73.R_NOISELESS> (T_Current -273.15 T_Measured 27)
                                             X_U73.R_R29 <X_U73.R_NOISELESS> (T_Current -273.15 T_Measured 27)

          R        1.000E+00      1.000E-03      1.000E+03  


               X_U73.R_R2A1 <X_U73.R_NOISELESS> (T_Current -273.15 T_Measured 27)
                              X_U73.R_R2A4 <X_U73.R_NOISELESS> (T_Current -273.15 T_Measured 27)
                                             X_U73.R_R2A5 <X_U73.R_NOISELESS> (T_Current -273.15 T_Measured 27)

          R        1.700E+01      2.000E+01      1.200E+01  


               X_U73.R_R3 <X_U73.R_NOISELESS> (T_Current -273.15 T_Measured 27)
                              X_U73.R_R30 <X_U73.R_NOISELESS> (T_Current -273.15 T_Measured 27)
                                             X_U73.R_R31 <X_U73.R_NOISELESS> (T_Current -273.15 T_Measured 27)

          R        2.800E+05      1.000E-03      1.000E+03  


               X_U73.R_R32 <X_U73.R_NOISELESS> (T_Current -273.15 T_Measured 27)
                              X_U73.R_R33 <X_U73.R_NOISELESS> (T_Current -273.15 T_Measured 27)
                                             X_U73.R_R34 <X_U73.R_NOISELESS> (T_Current -273.15 T_Measured 27)

          R        1.000E+03      1.000E-03      1.000E+03  


               X_U73.R_R35 <X_U73.R_NOISELESS> (T_Current -273.15 T_Measured 27)
                              X_U73.R_R36 <X_U73.R_NOISELESS> (T_Current -273.15 T_Measured 27)
                                             X_U73.R_R363 <X_U73.R_NOISELESS> (T_Current -273.15 T_Measured 27)

          R        1.000E+09      1.000E+00      1.000E+00  


               X_U73.R_R364 <X_U73.R_NOISELESS> (T_Current -273.15 T_Measured 27)
                              X_U73.R_R37 <X_U73.R_NOISELESS> (T_Current -273.15 T_Measured 27)
                                             X_U73.R_R38 <X_U73.R_NOISELESS> (T_Current -273.15 T_Measured 27)

          R        1.000E+00      1.000E-03      1.000E-03  


               X_U73.R_R39 <X_U73.R_NOISELESS> (T_Current -273.15 T_Measured 27)
                              X_U73.R_R40 <X_U73.R_NOISELESS> (T_Current -273.15 T_Measured 27)
                                             X_U73.R_R5 <X_U73.R_NOISELESS> (T_Current -273.15 T_Measured 27)

          R        1.000E+00      1.000E+09      1.000E+00  


               X_U73.R_R60 <X_U73.R_NOISELESS> (T_Current -273.15 T_Measured 27)
                              X_U73.R_R8 <X_U73.R_NOISELESS> (T_Current -273.15 T_Measured 27)
                                             X_U73.R_R81 <X_U73.R_NOISELESS> (T_Current -273.15 T_Measured 27)

          R        3.700E+04      1.000E+03      1.000E+09  


               X_U73.R_R83 <X_U73.R_NOISELESS> (T_Current -273.15 T_Measured 27)
                              X_U73.R_R9 <X_U73.R_NOISELESS> (T_Current -273.15 T_Measured 27)
                                             X_U73.R_R_VIMON <X_U73.R_NOISELESS> (T_Current -273.15 T_Measured 27)

          R        1.000E+09      1.000E-03      1.000E+02  


               X_U73.R_R_VOUT_S <X_U73.R_NOISELESS> (T_Current -273.15 T_Measured 27)

          R        1.000E+02  



**** 04/05/25 22:08:30 *** PSpice 24.1.0 (26 February 2025) *** ID# 0 ********

 ** Profile: "SCHEMATIC1-asdfa"  [ c:\users\user\appdata\roaming\spb_data\cdssetup\workspace\projects\tiaopa695\TIAOPA695-PSpiceFiles


 ****     INITIAL TRANSIENT SOLUTION       TEMPERATURE =   27.000 DEG C

 ****     CURRENT STEP                     PARAM IVAR =  930.0000E-06


******************************************************************************



 NODE   VOLTAGE     NODE   VOLTAGE     NODE   VOLTAGE     NODE   VOLTAGE


(  VCC)    5.0000  (  VEE)   -5.0000  (N1113089)    3.8997                      

(N1113125)    3.9059                  (N1113485)    3.9010                      

(N1113565)    5.0000                  (N1113637)    1.9901                      

(N1113647)    3.9027                  (N1113661)    3.3016                      

(N1113879)   -5.0000                  (N1114737)     .0070                      

(N1114747)     .0070                  (N1114761)     .0168                      

(N1114963)     .0168                  (N1114991)-260.0E-06                      

(X_U1.MID)-423.5E-18                  (X_U1.V11)-4.676E-09                      

(X_U1.V12)     .6872                  (X_U76.ZO)    3.9059                      

(X_U1.ESDN)    2.3782                 (X_U1.ESDP)    2.9136                     

(X_U1.VCLP)    3.9562                 (X_U73.AOL)     .0168                     

(X_U73.MID)-211.8E-18                 (X_U76.MID)    2.5000                     

(X_U1.CLAMP)    6.6228                (X_U1.VCC_B)    5.0000                    

(X_U1.VEE_B)   -5.0000                (X_U1.VIMON)    9.5755                    

(X_U73.CMRR)-482.6E-09                (X_U76.CMRR)    2.5000                    

(X_U76.ESDN)    3.8997                (X_U76.ESDP)    3.9010                    

(X_U1.VOUT_S)    3.9027               (X_U1.VSENSE)    6.6228                   

(X_U1.X_U1.3)    0.0000               (X_U1.X_U1.4)    0.0000                   

(X_U1.X_U1.5)    0.0000               (X_U1.X_U1.6)    0.0000                   

(X_U1.X_U1.7)     .8338               (X_U1.X_U1.8)     .8338                   

(X_U73.CLAMP)     .0168               (X_U73.VCC_B)    5.0000                   

(X_U73.VEE_B)   -5.0000               (X_U73.VIMON)     .0198                   

(X_U76.CLAMP)    4.1283               (X_U76.PSRRN)    2.5002                   

(X_U76.PSRRP)    2.5001               (X_U76.VCC_B)    5.0000                   

(X_U76.VEE_B) 2.501E-06               (X_U76.VIMON)    2.5124                   

(X_U1.VCC_CLP)    3.9000              (X_U1.VEE_CLP)   -4.8260                  

(X_U1.X_U39.3)    0.0000              (X_U1.X_U39.4)    0.0000                  

(X_U1.X_U39.5)    0.0000              (X_U1.X_U39.6)    0.0000                  

(X_U1.X_U39.7)     .8338              (X_U1.X_U39.8)     .8338                  

(X_U1.X_U40.3)    0.0000              (X_U1.X_U40.4)    0.0000                  

(X_U1.X_U40.5)    0.0000              (X_U1.X_U40.6)    0.0000                  

(X_U1.X_U40.7)     .8338              (X_U1.X_U40.8)     .8338                  

(X_U73.AOLNET)    -.0168              (X_U73.N05102)     .0070                  

(X_U73.N06456)-260.0E-06              (X_U73.N10561)    -.0070                  

(X_U73.N10570)    -.0070              (X_U73.N11984)    -.0070                  

(X_U73.N25816)     .0070              (X_U73.N28602)   -3.3000                  

(X_U73.N30136)    3.3000              (X_U73.N30913)     .0070                  

(X_U73.N31014)     .0070              (X_U73.N35669)    4.1998                  

(X_U73.N35813)    4.1998              (X_U73.N38050)   -4.2000                  

(X_U73.N38096)   -4.2000              (X_U73.N42663)-211.8E-18                  

(X_U73.N42834)-211.8E-18              (X_U73.N44757)-211.8E-18                  

(X_U73.N44799)-211.8E-18              (X_U73.VOUT_S)     .0168                  

(X_U76.AOLNET)    2.4992              (X_U76.N06456)    3.9010                  

(X_U76.N10561)    3.9006              (X_U76.N10570)    3.9006                  

(X_U76.N11984)    3.9006              (X_U76.N11991)    3.8997                  

(X_U76.N25816)    3.9005              (X_U76.N28602)    1.1000                  

(X_U76.N30136)    4.6000              (X_U76.N30913)    3.9005                  

(X_U76.N31014)    3.9005              (X_U76.N35675)    4.2118                  

(X_U76.N35813)    4.2118              (X_U76.N38050)    1.0201                  

(X_U76.N38096)    1.0201              (X_U76.VOUT_S)    3.9059                  

(X_U76.X_U1.3)    0.0000              (X_U76.X_U1.4)    0.0000                  

(X_U76.X_U1.5)    0.0000              (X_U76.X_U1.6)    0.0000                  

(X_U76.X_U1.7)     .8338              (X_U76.X_U1.8)     .8338                  

(X_U1.CL_CLAMP)    3.9562             (X_U1.N2986935)    2.9136                 

(X_U1.N2986947) 291.4E-09             (X_U1.N2986949)    2.9136                 

(X_U1.N2986957)    2.9136             (X_U1.N2986973)-1.581E-06                 

(X_U1.N2986975) 1.581E-06             (X_U1.N2986977)    2.9136                 

(X_U1.N2986981)    2.9136             (X_U1.N2987013)    2.3782                 

(X_U1.N2987017)    3.0000             (X_U1.N2987029)   -3.0000                 

(X_U1.N2987037)    2.9136             (X_U1.N2987051)    2.9136                 

(X_U1.N2987061)   53.5400             (X_U1.N2987123)     .0027                 

(X_U1.N2987135)     .0027             (X_U1.N2987157)-423.5E-18                 

(X_U1.N2987159)-423.5E-18             (X_U1.N2987201)   35.0000                 

(X_U1.N2987203)-423.5E-18             (X_U1.N2987205)-423.5E-18                 

(X_U1.N2987225)-423.5E-18             (X_U1.N2987231)-423.5E-18                 

(X_U1.N2987243)  -35.0000             (X_U1.N2987295)   75.0000                 

(X_U1.N2987299)-423.5E-18             (X_U1.N2987301)-423.5E-18                 

(X_U1.N2987319)-423.5E-18             (X_U1.N2987325)-423.5E-18                 

(X_U1.N2987337)  -75.0000             (X_U1.N2987363)    6.6228                 

(X_U1.N2987391)    3.9000             (X_U1.N2987395)   -4.8260                 

(X_U1.N2987423)   -4.8260             (X_U1.N2987427)    3.9000                 

(X_U1.N2987487)-4.676E-09             (X_U1.N2987493)     .6872                 

(X_U1.N2987499)    1.0000             (X_U1.N2987541)    9.5755                 

(X_U1.N2987553)    3.9027             (X_U1.N2987623)    3.9027                 

(X_U1.N2987655)    1.9562             (X_U1.N2987675)    6.6134                 

(X_U1.N2987683)    1.9562             (X_U1.N2987687)    1.9562                 

(X_U1.N2987711)    6.6134             (X_U1.N2987719)    5.9262                 

(X_U1.N2987763)-423.5E-18             (X_U1.N2987785)    5.0000                 

(X_U1.N2987801)   -5.0000             (X_U1.N3108745)   16.5560                 

(X_U1.N3108755)    6.6244             (X_U1.N3108879)    6.6228                 

(X_U1.N3108917)    6.6244             (X_U1.N3108949)    6.6243                 

(X_U1.N3109015)    6.6243             (X_U1.N3116457)    3.9562                 

(X_U1.N3116503)  365.8100             (X_U1.N3116515)  365.8100                 

(X_U1.N3116609)  699.7200             (X_U1.N3116619)  260.5800                 

(X_U1.N3116655)  699.6500             (X_U1.N3116665)     .5315                 

(X_U1.N3116675)  699.7200             (X_U1.N3116685)  699.7200                 

(X_U1.N3116957)  699.6400             (X_U1.N3117239)  699.7200                 

(X_U1.N3126023)    3.4971             (X_U1.N3128929)   -4.7434                 

(X_U1.N3130349) 1.581E-06             (X_U1.N3130359)     .0048                 

(X_U1.N3202117)  699.7200             (X_U1.N3202127)  699.7200                 

(X_U1.N3202213)  699.7200             (X_U1.N3204124)  699.7200                 

(X_U1.N3204134)  699.7200             (X_U1.N3204220)  699.7200                 

(X_U1.N3205032)  699.7200             (X_U1.N3205042)  699.7200                 

(X_U1.N3205128)  699.7200             (X_U1.N3205956)  699.7200                 

(X_U1.N3205966)  699.7200             (X_U1.N3206052)  699.7200                 

(X_U1.N3206890)  699.7200             (X_U1.N3206900)  699.7200                 

(X_U1.N3206986)  699.7200             (X_U1.N3208573)  699.7200                 

(X_U1.N3208669)  699.7200             (X_U1.N3236810) 1.581E-09                 

(X_U1.N3236820) 1.581E-06             (X_U73.N110431)     .0198                 

(X_U73.N112292)     .0168             (X_U73.N317950)-211.8E-18                 

(X_U73.N406634)    5.0000             (X_U73.N406794)   -5.0000                 

(X_U73.N701935)-241.8E-06             (X_U73.N704979)   -6.4993                 

(X_U73.N705005)    -.0078             (X_U73.N709083)    3.6601                 

(X_U73.N709113)     .0062             (X_U73.N749288)    -.0070                 

(X_U73.VCC_CLP)    4.1998             (X_U73.VEE_CLP)   -4.2000                 

(X_U73.X_E_N.3)    0.0000             (X_U73.X_E_N.4)    0.0000                 

(X_U73.X_E_N.5)    0.0000             (X_U73.X_E_N.6)    0.0000                 

(X_U73.X_E_N.7)     .8338             (X_U73.X_E_N.8)     .8338                 

(X_U76.N110431)    2.5124             (X_U76.N112292)    3.9059                 

(X_U76.N317950)    2.5000             (X_U76.N406634)    5.0000                 

(X_U76.N406794) 2.504E-06             (X_U76.N749288)    3.9006                 

(X_U76.VCC_CLP)    4.2118             (X_U76.VEE_CLP)    1.0201                 

(X_U76.X_E_N.3)    0.0000             (X_U76.X_E_N.4)    0.0000                 

(X_U76.X_E_N.5)    0.0000             (X_U76.X_E_N.6)    0.0000                 

(X_U76.X_E_N.7)     .8338             (X_U76.X_E_N.8)     .8338                 

(X_U1.N32898091)  699.7200            (X_U73.N1327152)     .0070                

(X_U73.X_I_NP.3)    0.0000            (X_U73.X_I_NP.4)    0.0000                

(X_U73.X_I_NP.5)    0.0000            (X_U73.X_I_NP.6)    0.0000                

(X_U73.X_I_NP.7)     .8338            (X_U73.X_I_NP.8)     .8338                

(X_U76.N1254860)   17.9820            (X_U76.N1446199)    4.0758                

(X_U76.N1446217)    4.0758            (X_U76.N1461236)    2.3361                

(X_U76.N1461246)    2.5000            (X_U76.N1461252)    2.5046                

(X_U76.N1481243)     .7102            (X_U76.N1481253)    2.4999                

(X_U76.N1481259)    2.5005            (X_U76.N1483677)    6.4446                

(X_U76.N1483687)    2.5002            (X_U76.N1483693)    2.4954                

(X_U76.N1483703)    2.4998            (X_U76.N1483713)    2.5046                

(X_U76.N1490067)    2.5001            (X_U76.N1492098)    2.7548                

(X_U76.N1492108)    2.6699            (X_U76.N1492118)    2.6699                

(X_U76.N1492126)    2.6699            (X_U76.N1492376)    2.6699                

(X_U76.N1534615)    6.8373            (X_U76.N1534625)    2.6519                

(X_U76.N1534635)    2.6519            (X_U76.N1534645)    2.6519                

(X_U76.N1534887)    2.6519            (X_U76.N1541593)    6.3796                

(X_U76.N1541603)    2.6359            (X_U1.CLAW_CLAMP)    3.9562               

(X_U73.X_I_NP2.3)    0.0000           (X_U73.X_I_NP2.4)    0.0000               

(X_U73.X_I_NP2.5)    0.0000           (X_U73.X_I_NP2.6)    0.0000               

(X_U73.X_I_NP2.7)     .8338           (X_U73.X_I_NP2.8)     .8338               

(X_U76.X_I_NP1.3)    0.0000           (X_U76.X_I_NP1.4)    0.0000               

(X_U76.X_I_NP1.5)    0.0000           (X_U76.X_I_NP1.6)    0.0000               

(X_U76.X_I_NP1.7)     .8338           (X_U76.X_I_NP1.8)     .8338               

(X_U1.SW_OL_OPAx277)    1.0000        (X_U73.X_VOS_VS_VCM.1)    -.0070          

(X_U76.X_VOS_VS_VCM.1)    3.9006      




    VOLTAGE SOURCE CURRENTS
    NAME         CURRENT

    V_V2        -1.369E-02
    V_V6        -4.612E-04
    V_V5        -8.492E-04
    V_V1        -4.081E-02
    X_U76.V_VCM_MAX  -2.100E-09
    X_U76.V_VCM_MIN   1.400E-09
    X_U1.V_VCM_MAX  -3.001E-12
    X_U1.V_VCM_MIN   3.001E-12
    X_U1.V_V_GRN   7.500E-11
    X_U1.V_V_GRP  -7.500E-11
    X_U1.V_V_ISCN   3.500E-11
    X_U1.V_V_ISCP  -3.500E-11
    X_U1.V_V_ORN   0.000E+00
    X_U1.V_V_ORP   0.000E+00
    X_U73.V_VCM_MAX  -3.300E-09
    X_U73.V_VCM_MIN   3.300E-09
    X_U76.X_H3.VH_H3  -1.245E-05
    X_U76.X_VOS_VS_VCM.V1   4.097E-13
    X_U1.X_H1.VH_H1   9.576E-03
    X_U1.X_H2.VH_H2   6.872E-01
    X_U1.X_H3.VH_H3   4.676E-09
    X_U73.X_H3.VH_H3  -1.980E-05
    X_U73.X_VOS_VS_VCM.V1  -9.661E-17

    TOTAL POWER DISSIPATION   2.79E-01  WATTS


Model-Specific Temperatures During Sweep  Param value = 0.00123

 **** RESISTORS

               X_U76.R_R1 <X_U76.R_NOISELESS> (T_Current -273.15 T_Measured 27)
                              X_U76.R_R10 <X_U76.R_NOISELESS> (T_Current -273.15 T_Measured 27)
                                             X_U76.R_R107 <X_U76.R_NOISELESS> (T_Current -273.15 T_Measured 27)

          R        1.000E-02      1.000E-03      1.000E+00  


               X_U76.R_R108 <X_U76.R_NOISELESS> (T_Current -273.15 T_Measured 27)
                              X_U76.R_R109 <X_U76.R_NOISELESS> (T_Current -273.15 T_Measured 27)
                                             X_U76.R_R110 <X_U76.R_NOISELESS> (T_Current -273.15 T_Measured 27)

          R        1.000E+12      1.000E+00      1.000E-03  


               X_U76.R_R111 <X_U76.R_NOISELESS> (T_Current -273.15 T_Measured 27)
                              X_U76.R_R112 <X_U76.R_NOISELESS> (T_Current -273.15 T_Measured 27)
                                             X_U76.R_R113 <X_U76.R_NOISELESS> (T_Current -273.15 T_Measured 27)

          R        1.000E+06      1.000E+06      1.000E-03  


               X_U76.R_R146 <X_U76.R_NOISELESS> (T_Current -273.15 T_Measured 27)
                              X_U76.R_R147 <X_U76.R_NOISELESS> (T_Current -273.15 T_Measured 27)
                                             X_U76.R_R148 <X_U76.R_NOISELESS> (T_Current -273.15 T_Measured 27)

          R        1.000E+00      1.000E+00      1.000E+00  


               X_U76.R_R162 <X_U76.R_NOISELESS> (T_Current -273.15 T_Measured 27)
                              X_U76.R_R1A <X_U76.R_NOISELESS> (T_Current -273.15 T_Measured 27)
                                             X_U76.R_R1A1 <X_U76.R_NOISELESS> (T_Current -273.15 T_Measured 27)

          R        5.000E+03      1.000E+04      3.000E+01  


               X_U76.R_R1A14 <X_U76.R_NOISELESS> (T_Current -273.15 T_Measured 27)
                              X_U76.R_R1A15 <X_U76.R_NOISELESS> (T_Current -273.15 T_Measured 27)
                                             X_U76.R_R1A16 <X_U76.R_NOISELESS> (T_Current -273.15 T_Measured 27)

          R        1.000E+04      1.000E+04      2.800E+00  


               X_U76.R_R1A17 <X_U76.R_NOISELESS> (T_Current -273.15 T_Measured 27)
                              X_U76.R_R1A18 <X_U76.R_NOISELESS> (T_Current -273.15 T_Measured 27)
                                             X_U76.R_R1A40 <X_U76.R_NOISELESS> (T_Current -273.15 T_Measured 27)

          R        1.000E+04      1.000E+04      1.000E+04  


               X_U76.R_R1A41 <X_U76.R_NOISELESS> (T_Current -273.15 T_Measured 27)
                              X_U76.R_R1A42 <X_U76.R_NOISELESS> (T_Current -273.15 T_Measured 27)
                                             X_U76.R_R1A43 <X_U76.R_NOISELESS> (T_Current -273.15 T_Measured 27)

          R        7.000E+00      1.000E+04      3.000E+01  


               X_U76.R_R1A44 <X_U76.R_NOISELESS> (T_Current -273.15 T_Measured 27)
                              X_U76.R_R1A45 <X_U76.R_NOISELESS> (T_Current -273.15 T_Measured 27)
                                             X_U76.R_R2 <X_U76.R_NOISELESS> (T_Current -273.15 T_Measured 27)

          R        1.000E+01      1.000E+01      1.000E-02  


               X_U76.R_R21 <X_U76.R_NOISELESS> (T_Current -273.15 T_Measured 27)
                              X_U76.R_R211 <X_U76.R_NOISELESS> (T_Current -273.15 T_Measured 27)
                                             X_U76.R_R225 <X_U76.R_NOISELESS> (T_Current -273.15 T_Measured 27)

          R        1.000E+03      1.000E+00      1.000E+00  


               X_U76.R_R226 <X_U76.R_NOISELESS> (T_Current -273.15 T_Measured 27)
                              X_U76.R_R245 <X_U76.R_NOISELESS> (T_Current -273.15 T_Measured 27)
                                             X_U76.R_R246 <X_U76.R_NOISELESS> (T_Current -273.15 T_Measured 27)

          R        3.000E+01      4.500E+03      1.000E+00  


               X_U76.R_R247 <X_U76.R_NOISELESS> (T_Current -273.15 T_Measured 27)
                              X_U76.R_R248 <X_U76.R_NOISELESS> (T_Current -273.15 T_Measured 27)
                                             X_U76.R_R249 <X_U76.R_NOISELESS> (T_Current -273.15 T_Measured 27)

          R        1.000E+00      1.000E+00      1.000E+00  


               X_U76.R_R25 <X_U76.R_NOISELESS> (T_Current -273.15 T_Measured 27)
                              X_U76.R_R250 <X_U76.R_NOISELESS> (T_Current -273.15 T_Measured 27)
                                             X_U76.R_R251 <X_U76.R_NOISELESS> (T_Current -273.15 T_Measured 27)

          R        1.000E+09      1.000E+00      1.000E+00  


               X_U76.R_R252 <X_U76.R_NOISELESS> (T_Current -273.15 T_Measured 27)
                              X_U76.R_R253 <X_U76.R_NOISELESS> (T_Current -273.15 T_Measured 27)
                                             X_U76.R_R26 <X_U76.R_NOISELESS> (T_Current -273.15 T_Measured 27)

          R        1.000E+00      1.000E+00      1.000E+09  


               X_U76.R_R27 <X_U76.R_NOISELESS> (T_Current -273.15 T_Measured 27)
                              X_U76.R_R28 <X_U76.R_NOISELESS> (T_Current -273.15 T_Measured 27)
                                             X_U76.R_R29 <X_U76.R_NOISELESS> (T_Current -273.15 T_Measured 27)

          R        1.000E+00      1.000E-03      1.000E+03  


               X_U76.R_R2A <X_U76.R_NOISELESS> (T_Current -273.15 T_Measured 27)
                              X_U76.R_R2A1 <X_U76.R_NOISELESS> (T_Current -273.15 T_Measured 27)
                                             X_U76.R_R2A16 <X_U76.R_NOISELESS> (T_Current -273.15 T_Measured 27)

          R        2.000E+04      1.000E+01      5.420E-01  


               X_U76.R_R2A17 <X_U76.R_NOISELESS> (T_Current -273.15 T_Measured 27)
                              X_U76.R_R2A18 <X_U76.R_NOISELESS> (T_Current -273.15 T_Measured 27)
                                             X_U76.R_R2A36 <X_U76.R_NOISELESS> (T_Current -273.15 T_Measured 27)

          R        4.822E+02      4.822E+02      8.500E-01  


               X_U76.R_R2A37 <X_U76.R_NOISELESS> (T_Current -273.15 T_Measured 27)
                              X_U76.R_R2A40 <X_U76.R_NOISELESS> (T_Current -273.15 T_Measured 27)
                                             X_U76.R_R2A41 <X_U76.R_NOISELESS> (T_Current -273.15 T_Measured 27)

          R        3.010E+01      7.000E-01      1.000E+01  


               X_U76.R_R2A42 <X_U76.R_NOISELESS> (T_Current -273.15 T_Measured 27)
                              X_U76.R_R2A43 <X_U76.R_NOISELESS> (T_Current -273.15 T_Measured 27)
                                             X_U76.R_R3 <X_U76.R_NOISELESS> (T_Current -273.15 T_Measured 27)

          R        3.630E-01      3.630E-01      2.300E+06  


               X_U76.R_R30 <X_U76.R_NOISELESS> (T_Current -273.15 T_Measured 27)
                              X_U76.R_R31 <X_U76.R_NOISELESS> (T_Current -273.15 T_Measured 27)
                                             X_U76.R_R32 <X_U76.R_NOISELESS> (T_Current -273.15 T_Measured 27)

          R        1.000E-03      1.000E+03      1.000E+03  


               X_U76.R_R33 <X_U76.R_NOISELESS> (T_Current -273.15 T_Measured 27)
                              X_U76.R_R34 <X_U76.R_NOISELESS> (T_Current -273.15 T_Measured 27)
                                             X_U76.R_R4 <X_U76.R_NOISELESS> (T_Current -273.15 T_Measured 27)

          R        1.000E-03      1.000E+03      2.300E+06  


               X_U76.R_R6 <X_U76.R_NOISELESS> (T_Current -273.15 T_Measured 27)
                              X_U76.R_R60 <X_U76.R_NOISELESS> (T_Current -273.15 T_Measured 27)
                                             X_U76.R_R8 <X_U76.R_NOISELESS> (T_Current -273.15 T_Measured 27)

          R        1.000E+00      1.000E+00      1.000E+03  


               X_U76.R_R81 <X_U76.R_NOISELESS> (T_Current -273.15 T_Measured 27)
                              X_U76.R_R83 <X_U76.R_NOISELESS> (T_Current -273.15 T_Measured 27)
                                             X_U76.R_R9 <X_U76.R_NOISELESS> (T_Current -273.15 T_Measured 27)

          R        1.000E+09      1.000E+09      1.000E-03  


               X_U76.R_RDUMMY <X_U76.R_NOISELESS> (T_Current -273.15 T_Measured 27)
                              X_U76.R_RX <X_U76.R_NOISELESS> (T_Current -273.15 T_Measured 27)
                                             X_U76.R_R_VIMON <X_U76.R_NOISELESS> (T_Current -273.15 T_Measured 27)

          R        1.400E+02      1.400E+03      1.000E+02  


               X_U76.R_R_VOUT_S <X_U76.R_NOISELESS> (T_Current -273.15 T_Measured 27)
                              X_U1.R_R10 <X_U1.R_NOISELESS> (T_Current -273.15 T_Measured 27)
                                             X_U1.R_R11 <X_U1.R_NOISELESS> (T_Current -273.15 T_Measured 27)

          R        1.000E+02      1.000E+00      3.333E+01  


               X_U1.R_R12 <X_U1.R_NOISELESS> (T_Current -273.15 T_Measured 27)
                              X_U1.R_R13 <X_U1.R_NOISELESS> (T_Current -273.15 T_Measured 27)
                                             X_U1.R_R139 <X_U1.R_NOISELESS> (T_Current -273.15 T_Measured 27)

          R        1.000E+08      1.000E+00      1.057E+04  


               X_U1.R_R14 <X_U1.R_NOISELESS> (T_Current -273.15 T_Measured 27)
                              X_U1.R_R140 <X_U1.R_NOISELESS> (T_Current -273.15 T_Measured 27)
                                             X_U1.R_R141 <X_U1.R_NOISELESS> (T_Current -273.15 T_Measured 27)

          R        3.287E+04      1.000E+04      1.000E+00  


               X_U1.R_R142 <X_U1.R_NOISELESS> (T_Current -273.15 T_Measured 27)
                              X_U1.R_R143 <X_U1.R_NOISELESS> (T_Current -273.15 T_Measured 27)
                                             X_U1.R_R144 <X_U1.R_NOISELESS> (T_Current -273.15 T_Measured 27)

          R        1.000E+04      1.000E+00      7.603E+00  


               X_U1.R_R15 <X_U1.R_NOISELESS> (T_Current -273.15 T_Measured 27)
                              X_U1.R_R158 <X_U1.R_NOISELESS> (T_Current -273.15 T_Measured 27)
                                             X_U1.R_R159 <X_U1.R_NOISELESS> (T_Current -273.15 T_Measured 27)

          R        1.000E-03      1.000E+04      1.000E+00  


               X_U1.R_R16 <X_U1.R_NOISELESS> (T_Current -273.15 T_Measured 27)
                              X_U1.R_R160 <X_U1.R_NOISELESS> (T_Current -273.15 T_Measured 27)
                                             X_U1.R_R161 <X_U1.R_NOISELESS> (T_Current -273.15 T_Measured 27)

          R        1.000E+03      6.670E+03      1.000E+06  


               X_U1.R_R162 <X_U1.R_NOISELESS> (T_Current -273.15 T_Measured 27)
                              X_U1.R_R166 <X_U1.R_NOISELESS> (T_Current -273.15 T_Measured 27)
                                             X_U1.R_R167 <X_U1.R_NOISELESS> (T_Current -273.15 T_Measured 27)

          R        1.000E+06      1.000E+06      1.000E+02  


               X_U1.R_R168 <X_U1.R_NOISELESS> (T_Current -273.15 T_Measured 27)
                              X_U1.R_R169 <X_U1.R_NOISELESS> (T_Current -273.15 T_Measured 27)
                                             X_U1.R_R17 <X_U1.R_NOISELESS> (T_Current -273.15 T_Measured 27)

          R        1.000E+04      1.000E+00      1.000E-03  


               X_U1.R_R170 <X_U1.R_NOISELESS> (T_Current -273.15 T_Measured 27)
                              X_U1.R_R171 <X_U1.R_NOISELESS> (T_Current -273.15 T_Measured 27)
                                             X_U1.R_R172 <X_U1.R_NOISELESS> (T_Current -273.15 T_Measured 27)

          R        5.934E+03      1.000E+06      9.869E+04  


               X_U1.R_R173 <X_U1.R_NOISELESS> (T_Current -273.15 T_Measured 27)
                              X_U1.R_R174 <X_U1.R_NOISELESS> (T_Current -273.15 T_Measured 27)
                                             X_U1.R_R175 <X_U1.R_NOISELESS> (T_Current -273.15 T_Measured 27)

          R        1.000E+04      1.000E+00      5.157E+04  


               X_U1.R_R176 <X_U1.R_NOISELESS> (T_Current -273.15 T_Measured 27)
                              X_U1.R_R177 <X_U1.R_NOISELESS> (T_Current -273.15 T_Measured 27)
                                             X_U1.R_R178 <X_U1.R_NOISELESS> (T_Current -273.15 T_Measured 27)

          R        1.000E+04      1.000E+00      9.484E+03  


               X_U1.R_R179 <X_U1.R_NOISELESS> (T_Current -273.15 T_Measured 27)
                              X_U1.R_R18 <X_U1.R_NOISELESS> (T_Current -273.15 T_Measured 27)
                                             X_U1.R_R180 <X_U1.R_NOISELESS> (T_Current -273.15 T_Measured 27)

          R        1.000E+04      1.000E+12      1.000E+00  


               X_U1.R_R181 <X_U1.R_NOISELESS> (T_Current -273.15 T_Measured 27)
                              X_U1.R_R182 <X_U1.R_NOISELESS> (T_Current -273.15 T_Measured 27)
                                             X_U1.R_R183 <X_U1.R_NOISELESS> (T_Current -273.15 T_Measured 27)

          R        9.500E+03      1.000E+04      1.000E+00  


               X_U1.R_R184 <X_U1.R_NOISELESS> (T_Current -273.15 T_Measured 27)
                              X_U1.R_R185 <X_U1.R_NOISELESS> (T_Current -273.15 T_Measured 27)
                                             X_U1.R_R186 <X_U1.R_NOISELESS> (T_Current -273.15 T_Measured 27)

          R        5.875E+03      1.000E+04      1.000E+00  


               X_U1.R_R187 <X_U1.R_NOISELESS> (T_Current -273.15 T_Measured 27)
                              X_U1.R_R188 <X_U1.R_NOISELESS> (T_Current -273.15 T_Measured 27)
                                             X_U1.R_R189 <X_U1.R_NOISELESS> (T_Current -273.15 T_Measured 27)

          R        3.086E+03      1.000E+04      1.000E+00  


               X_U1.R_R19 <X_U1.R_NOISELESS> (T_Current -273.15 T_Measured 27)
                              X_U1.R_R190 <X_U1.R_NOISELESS> (T_Current -273.15 T_Measured 27)
                                             X_U1.R_R191 <X_U1.R_NOISELESS> (T_Current -273.15 T_Measured 27)

          R        1.000E+12      1.000E+04      1.001E+01  


               X_U1.R_R192 <X_U1.R_NOISELESS> (T_Current -273.15 T_Measured 27)
                              X_U1.R_R193 <X_U1.R_NOISELESS> (T_Current -273.15 T_Measured 27)
                                             X_U1.R_R20 <X_U1.R_NOISELESS> (T_Current -273.15 T_Measured 27)

          R        1.000E+00      1.000E+00      1.000E+00  


               X_U1.R_R21 <X_U1.R_NOISELESS> (T_Current -273.15 T_Measured 27)
                              X_U1.R_R22 <X_U1.R_NOISELESS> (T_Current -273.15 T_Measured 27)
                                             X_U1.R_R23 <X_U1.R_NOISELESS> (T_Current -273.15 T_Measured 27)

          R        1.000E-03      1.000E+06      1.000E+06  


               X_U1.R_R24 <X_U1.R_NOISELESS> (T_Current -273.15 T_Measured 27)
                              X_U1.R_R32 <X_U1.R_NOISELESS> (T_Current -273.15 T_Measured 27)
                                             X_U1.R_R33 <X_U1.R_NOISELESS> (T_Current -273.15 T_Measured 27)

          R        1.000E+03      1.000E+03      1.000E+03  


               X_U1.R_R34 <X_U1.R_NOISELESS> (T_Current -273.15 T_Measured 27)
                              X_U1.R_R35 <X_U1.R_NOISELESS> (T_Current -273.15 T_Measured 27)
                                             X_U1.R_R36 <X_U1.R_NOISELESS> (T_Current -273.15 T_Measured 27)

          R        1.000E+04      1.000E+00      1.095E+04  


               X_U1.R_R43 <X_U1.R_NOISELESS> (T_Current -273.15 T_Measured 27)
                              X_U1.R_R46 <X_U1.R_NOISELESS> (T_Current -273.15 T_Measured 27)
                                             X_U1.R_R47 <X_U1.R_NOISELESS> (T_Current -273.15 T_Measured 27)

          R        1.000E+00      1.000E+00      1.000E-03  


               X_U1.R_R48 <X_U1.R_NOISELESS> (T_Current -273.15 T_Measured 27)
                              X_U1.R_R49 <X_U1.R_NOISELESS> (T_Current -273.15 T_Measured 27)
                                             X_U1.R_R5 <X_U1.R_NOISELESS> (T_Current -273.15 T_Measured 27)

          R        1.000E+06      1.000E+12      1.000E+00  


               X_U1.R_R50 <X_U1.R_NOISELESS> (T_Current -273.15 T_Measured 27)
                              X_U1.R_R51 <X_U1.R_NOISELESS> (T_Current -273.15 T_Measured 27)
                                             X_U1.R_R52 <X_U1.R_NOISELESS> (T_Current -273.15 T_Measured 27)

          R        1.000E+06      1.000E-03      1.000E+00  


               X_U1.R_R53 <X_U1.R_NOISELESS> (T_Current -273.15 T_Measured 27)
                              X_U1.R_R54 <X_U1.R_NOISELESS> (T_Current -273.15 T_Measured 27)
                                             X_U1.R_R55 <X_U1.R_NOISELESS> (T_Current -273.15 T_Measured 27)

          R        1.000E+12      1.000E+00      1.000E-03  


               X_U1.R_R56 <X_U1.R_NOISELESS> (T_Current -273.15 T_Measured 27)
                              X_U1.R_R57 <X_U1.R_NOISELESS> (T_Current -273.15 T_Measured 27)
                                             X_U1.R_R58 <X_U1.R_NOISELESS> (T_Current -273.15 T_Measured 27)

          R        1.000E+12      1.000E+00      1.000E-03  


               X_U1.R_R59 <X_U1.R_NOISELESS> (T_Current -273.15 T_Measured 27)
                              X_U1.R_R6 <X_U1.R_NOISELESS> (T_Current -273.15 T_Measured 27)
                                             X_U1.R_R60 <X_U1.R_NOISELESS> (T_Current -273.15 T_Measured 27)

          R        1.000E+12      1.000E+08      1.000E+00  


               X_U1.R_R61 <X_U1.R_NOISELESS> (T_Current -273.15 T_Measured 27)
                              X_U1.R_R62 <X_U1.R_NOISELESS> (T_Current -273.15 T_Measured 27)
                                             X_U1.R_R63 <X_U1.R_NOISELESS> (T_Current -273.15 T_Measured 27)

          R        1.000E-03      1.000E-03      1.000E+12  


               X_U1.R_R64 <X_U1.R_NOISELESS> (T_Current -273.15 T_Measured 27)
                              X_U1.R_R65 <X_U1.R_NOISELESS> (T_Current -273.15 T_Measured 27)
                                             X_U1.R_R66 <X_U1.R_NOISELESS> (T_Current -273.15 T_Measured 27)

          R        1.000E+00      1.000E+12      1.000E+00  


               X_U1.R_R67 <X_U1.R_NOISELESS> (T_Current -273.15 T_Measured 27)
                              X_U1.R_R68 <X_U1.R_NOISELESS> (T_Current -273.15 T_Measured 27)
                                             X_U1.R_R69 <X_U1.R_NOISELESS> (T_Current -273.15 T_Measured 27)

          R        1.000E-03      1.000E-03      1.000E+12  


               X_U1.R_R7 <X_U1.R_NOISELESS> (T_Current -273.15 T_Measured 27)
                              X_U1.R_R70 <X_U1.R_NOISELESS> (T_Current -273.15 T_Measured 27)
                                             X_U1.R_R71 <X_U1.R_NOISELESS> (T_Current -273.15 T_Measured 27)

          R        8.332E+00      1.000E+00      1.000E-03  


               X_U1.R_R72 <X_U1.R_NOISELESS> (T_Current -273.15 T_Measured 27)
                              X_U1.R_R73 <X_U1.R_NOISELESS> (T_Current -273.15 T_Measured 27)
                                             X_U1.R_R74 <X_U1.R_NOISELESS> (T_Current -273.15 T_Measured 27)

          R        1.000E+03      1.000E-03      1.000E+03  


               X_U1.R_R75 <X_U1.R_NOISELESS> (T_Current -273.15 T_Measured 27)
                              X_U1.R_R76 <X_U1.R_NOISELESS> (T_Current -273.15 T_Measured 27)
                                             X_U1.R_R77 <X_U1.R_NOISELESS> (T_Current -273.15 T_Measured 27)

          R        1.000E-03      1.000E+03      1.000E+03  


               X_U1.R_R78 <X_U1.R_NOISELESS> (T_Current -273.15 T_Measured 27)
                              X_U1.R_R79 <X_U1.R_NOISELESS> (T_Current -273.15 T_Measured 27)
                                             X_U1.R_R8 <X_U1.R_NOISELESS> (T_Current -273.15 T_Measured 27)

          R        1.000E+00      1.000E+00      1.000E+03  


               X_U1.R_R80 <X_U1.R_NOISELESS> (T_Current -273.15 T_Measured 27)
                              X_U1.R_R81 <X_U1.R_NOISELESS> (T_Current -273.15 T_Measured 27)
                                             X_U1.R_R82 <X_U1.R_NOISELESS> (T_Current -273.15 T_Measured 27)

          R        1.000E+02      1.000E+02      1.000E+00  


               X_U1.R_R83 <X_U1.R_NOISELESS> (T_Current -273.15 T_Measured 27)
                              X_U1.R_R9 <X_U1.R_NOISELESS> (T_Current -273.15 T_Measured 27)
                                             X_U1.R_RDUMMY <X_U1.R_NOISELESS> (T_Current -273.15 T_Measured 27)

          R        1.000E+02      1.000E+08      6.858E+03  


               X_U1.R_RS_INN <X_U1.R_NOISELESS> (T_Current -273.15 T_Measured 27)
                              X_U1.R_RS_INP <X_U1.R_NOISELESS> (T_Current -273.15 T_Measured 27)
                                             X_U1.R_RX <X_U1.R_NOISELESS> (T_Current -273.15 T_Measured 27)

          R        1.000E+03      1.000E+03      6.858E+04  


               X_U1.R_RX1 <X_U1.R_NOISELESS> (T_Current -273.15 T_Measured 27)
                              X_U1.R_RX2 <X_U1.R_NOISELESS> (T_Current -273.15 T_Measured 27)
                                             X_U1.R_RX3 <X_U1.R_NOISELESS> (T_Current -273.15 T_Measured 27)

          R        1.000E+12      1.000E+02      1.000E+12  


               X_U1.R_RX4 <X_U1.R_NOISELESS> (T_Current -273.15 T_Measured 27)
                              X_U1.R_R_COM0 <X_U1.R_NOISELESS> (T_Current -273.15 T_Measured 27)
                                             X_U1.R_R_COM1 <X_U1.R_NOISELESS> (T_Current -273.15 T_Measured 27)

          R        1.000E+02      1.000E+12      1.000E+12  


               X_U1.R_R_DIFF <X_U1.R_NOISELESS> (T_Current -273.15 T_Measured 27)
                              X_U73.R_R107 <X_U73.R_NOISELESS> (T_Current -273.15 T_Measured 27)
                                             X_U73.R_R108 <X_U73.R_NOISELESS> (T_Current -273.15 T_Measured 27)

          R        1.000E+08      1.000E+00      1.000E+12  


               X_U73.R_R109 <X_U73.R_NOISELESS> (T_Current -273.15 T_Measured 27)
                              X_U73.R_R110 <X_U73.R_NOISELESS> (T_Current -273.15 T_Measured 27)
                                             X_U73.R_R111 <X_U73.R_NOISELESS> (T_Current -273.15 T_Measured 27)

          R        1.000E+00      1.000E-03      1.000E+06  


               X_U73.R_R112 <X_U73.R_NOISELESS> (T_Current -273.15 T_Measured 27)
                              X_U73.R_R113 <X_U73.R_NOISELESS> (T_Current -273.15 T_Measured 27)
                                             X_U73.R_R136 <X_U73.R_NOISELESS> (T_Current -273.15 T_Measured 27)

          R        1.000E+06      1.000E-03      1.000E+00  


               X_U73.R_R169 <X_U73.R_NOISELESS> (T_Current -273.15 T_Measured 27)
                              X_U73.R_R1A1 <X_U73.R_NOISELESS> (T_Current -273.15 T_Measured 27)
                                             X_U73.R_R1A3 <X_U73.R_NOISELESS> (T_Current -273.15 T_Measured 27)

          R        2.900E+01      1.000E+04      1.000E+04  


               X_U73.R_R1A4 <X_U73.R_NOISELESS> (T_Current -273.15 T_Measured 27)
                              X_U73.R_R2 <X_U73.R_NOISELESS> (T_Current -273.15 T_Measured 27)
                                             X_U73.R_R21 <X_U73.R_NOISELESS> (T_Current -273.15 T_Measured 27)

          R        1.000E+04      1.000E-02      1.000E+03  


               X_U73.R_R25 <X_U73.R_NOISELESS> (T_Current -273.15 T_Measured 27)
                              X_U73.R_R26 <X_U73.R_NOISELESS> (T_Current -273.15 T_Measured 27)
                                             X_U73.R_R261 <X_U73.R_NOISELESS> (T_Current -273.15 T_Measured 27)

          R        1.000E+09      1.000E+09      1.000E+00  


               X_U73.R_R27 <X_U73.R_NOISELESS> (T_Current -273.15 T_Measured 27)
                              X_U73.R_R28 <X_U73.R_NOISELESS> (T_Current -273.15 T_Measured 27)
                                             X_U73.R_R29 <X_U73.R_NOISELESS> (T_Current -273.15 T_Measured 27)

          R        1.000E+00      1.000E-03      1.000E+03  


               X_U73.R_R2A1 <X_U73.R_NOISELESS> (T_Current -273.15 T_Measured 27)
                              X_U73.R_R2A4 <X_U73.R_NOISELESS> (T_Current -273.15 T_Measured 27)
                                             X_U73.R_R2A5 <X_U73.R_NOISELESS> (T_Current -273.15 T_Measured 27)

          R        1.700E+01      2.000E+01      1.200E+01  


               X_U73.R_R3 <X_U73.R_NOISELESS> (T_Current -273.15 T_Measured 27)
                              X_U73.R_R30 <X_U73.R_NOISELESS> (T_Current -273.15 T_Measured 27)
                                             X_U73.R_R31 <X_U73.R_NOISELESS> (T_Current -273.15 T_Measured 27)

          R        2.800E+05      1.000E-03      1.000E+03  


               X_U73.R_R32 <X_U73.R_NOISELESS> (T_Current -273.15 T_Measured 27)
                              X_U73.R_R33 <X_U73.R_NOISELESS> (T_Current -273.15 T_Measured 27)
                                             X_U73.R_R34 <X_U73.R_NOISELESS> (T_Current -273.15 T_Measured 27)

          R        1.000E+03      1.000E-03      1.000E+03  


               X_U73.R_R35 <X_U73.R_NOISELESS> (T_Current -273.15 T_Measured 27)
                              X_U73.R_R36 <X_U73.R_NOISELESS> (T_Current -273.15 T_Measured 27)
                                             X_U73.R_R363 <X_U73.R_NOISELESS> (T_Current -273.15 T_Measured 27)

          R        1.000E+09      1.000E+00      1.000E+00  


               X_U73.R_R364 <X_U73.R_NOISELESS> (T_Current -273.15 T_Measured 27)
                              X_U73.R_R37 <X_U73.R_NOISELESS> (T_Current -273.15 T_Measured 27)
                                             X_U73.R_R38 <X_U73.R_NOISELESS> (T_Current -273.15 T_Measured 27)

          R        1.000E+00      1.000E-03      1.000E-03  


               X_U73.R_R39 <X_U73.R_NOISELESS> (T_Current -273.15 T_Measured 27)
                              X_U73.R_R40 <X_U73.R_NOISELESS> (T_Current -273.15 T_Measured 27)
                                             X_U73.R_R5 <X_U73.R_NOISELESS> (T_Current -273.15 T_Measured 27)

          R        1.000E+00      1.000E+09      1.000E+00  


               X_U73.R_R60 <X_U73.R_NOISELESS> (T_Current -273.15 T_Measured 27)
                              X_U73.R_R8 <X_U73.R_NOISELESS> (T_Current -273.15 T_Measured 27)
                                             X_U73.R_R81 <X_U73.R_NOISELESS> (T_Current -273.15 T_Measured 27)

          R        3.700E+04      1.000E+03      1.000E+09  


               X_U73.R_R83 <X_U73.R_NOISELESS> (T_Current -273.15 T_Measured 27)
                              X_U73.R_R9 <X_U73.R_NOISELESS> (T_Current -273.15 T_Measured 27)
                                             X_U73.R_R_VIMON <X_U73.R_NOISELESS> (T_Current -273.15 T_Measured 27)

          R        1.000E+09      1.000E-03      1.000E+02  


               X_U73.R_R_VOUT_S <X_U73.R_NOISELESS> (T_Current -273.15 T_Measured 27)

          R        1.000E+02  



**** 04/05/25 22:08:30 *** PSpice 24.1.0 (26 February 2025) *** ID# 0 ********

 ** Profile: "SCHEMATIC1-asdfa"  [ c:\users\user\appdata\roaming\spb_data\cdssetup\workspace\projects\tiaopa695\TIAOPA695-PSpiceFiles


 ****     INITIAL TRANSIENT SOLUTION       TEMPERATURE =   27.000 DEG C

 ****     CURRENT STEP                     PARAM IVAR =    1.2300E-03


******************************************************************************



 NODE   VOLTAGE     NODE   VOLTAGE     NODE   VOLTAGE     NODE   VOLTAGE


(  VCC)    5.0000  (  VEE)   -5.0000  (N1113089)    3.8997                      

(N1113125)    3.9059                  (N1113485)    3.9010                      

(N1113565)    5.0000                  (N1113637)    1.9901                      

(N1113647)    3.9027                  (N1113661)    3.3016                      

(N1113879)   -5.0000                  (N1114737)     .0070                      

(N1114747)     .0070                  (N1114761)     .0168                      

(N1114963)     .0168                  (N1114991)-260.0E-06                      

(X_U1.MID)-423.5E-18                  (X_U1.V11)-4.676E-09                      

(X_U1.V12)     .6872                  (X_U76.ZO)    3.9059                      

(X_U1.ESDN)    2.3782                 (X_U1.ESDP)    2.9136                     

(X_U1.VCLP)    3.9562                 (X_U73.AOL)     .0168                     

(X_U73.MID)-211.8E-18                 (X_U76.MID)    2.5000                     

(X_U1.CLAMP)    6.6228                (X_U1.VCC_B)    5.0000                    

(X_U1.VEE_B)   -5.0000                (X_U1.VIMON)    9.5755                    

(X_U73.CMRR)-482.6E-09                (X_U76.CMRR)    2.5000                    

(X_U76.ESDN)    3.8997                (X_U76.ESDP)    3.9010                    

(X_U1.VOUT_S)    3.9027               (X_U1.VSENSE)    6.6228                   

(X_U1.X_U1.3)    0.0000               (X_U1.X_U1.4)    0.0000                   

(X_U1.X_U1.5)    0.0000               (X_U1.X_U1.6)    0.0000                   

(X_U1.X_U1.7)     .8338               (X_U1.X_U1.8)     .8338                   

(X_U73.CLAMP)     .0168               (X_U73.VCC_B)    5.0000                   

(X_U73.VEE_B)   -5.0000               (X_U73.VIMON)     .0198                   

(X_U76.CLAMP)    4.1283               (X_U76.PSRRN)    2.5002                   

(X_U76.PSRRP)    2.5001               (X_U76.VCC_B)    5.0000                   

(X_U76.VEE_B) 2.501E-06               (X_U76.VIMON)    2.5124                   

(X_U1.VCC_CLP)    3.9000              (X_U1.VEE_CLP)   -4.8260                  

(X_U1.X_U39.3)    0.0000              (X_U1.X_U39.4)    0.0000                  

(X_U1.X_U39.5)    0.0000              (X_U1.X_U39.6)    0.0000                  

(X_U1.X_U39.7)     .8338              (X_U1.X_U39.8)     .8338                  

(X_U1.X_U40.3)    0.0000              (X_U1.X_U40.4)    0.0000                  

(X_U1.X_U40.5)    0.0000              (X_U1.X_U40.6)    0.0000                  

(X_U1.X_U40.7)     .8338              (X_U1.X_U40.8)     .8338                  

(X_U73.AOLNET)    -.0168              (X_U73.N05102)     .0070                  

(X_U73.N06456)-260.0E-06              (X_U73.N10561)    -.0070                  

(X_U73.N10570)    -.0070              (X_U73.N11984)    -.0070                  

(X_U73.N25816)     .0070              (X_U73.N28602)   -3.3000                  

(X_U73.N30136)    3.3000              (X_U73.N30913)     .0070                  

(X_U73.N31014)     .0070              (X_U73.N35669)    4.1998                  

(X_U73.N35813)    4.1998              (X_U73.N38050)   -4.2000                  

(X_U73.N38096)   -4.2000              (X_U73.N42663)-211.8E-18                  

(X_U73.N42834)-211.8E-18              (X_U73.N44757)-211.8E-18                  

(X_U73.N44799)-211.8E-18              (X_U73.VOUT_S)     .0168                  

(X_U76.AOLNET)    2.4992              (X_U76.N06456)    3.9010                  

(X_U76.N10561)    3.9006              (X_U76.N10570)    3.9006                  

(X_U76.N11984)    3.9006              (X_U76.N11991)    3.8997                  

(X_U76.N25816)    3.9005              (X_U76.N28602)    1.1000                  

(X_U76.N30136)    4.6000              (X_U76.N30913)    3.9005                  

(X_U76.N31014)    3.9005              (X_U76.N35675)    4.2118                  

(X_U76.N35813)    4.2118              (X_U76.N38050)    1.0201                  

(X_U76.N38096)    1.0201              (X_U76.VOUT_S)    3.9059                  

(X_U76.X_U1.3)    0.0000              (X_U76.X_U1.4)    0.0000                  

(X_U76.X_U1.5)    0.0000              (X_U76.X_U1.6)    0.0000                  

(X_U76.X_U1.7)     .8338              (X_U76.X_U1.8)     .8338                  

(X_U1.CL_CLAMP)    3.9562             (X_U1.N2986935)    2.9136                 

(X_U1.N2986947) 291.4E-09             (X_U1.N2986949)    2.9136                 

(X_U1.N2986957)    2.9136             (X_U1.N2986973)-1.581E-06                 

(X_U1.N2986975) 1.581E-06             (X_U1.N2986977)    2.9136                 

(X_U1.N2986981)    2.9136             (X_U1.N2987013)    2.3782                 

(X_U1.N2987017)    3.0000             (X_U1.N2987029)   -3.0000                 

(X_U1.N2987037)    2.9136             (X_U1.N2987051)    2.9136                 

(X_U1.N2987061)   53.5400             (X_U1.N2987123)     .0027                 

(X_U1.N2987135)     .0027             (X_U1.N2987157)-423.5E-18                 

(X_U1.N2987159)-423.5E-18             (X_U1.N2987201)   35.0000                 

(X_U1.N2987203)-423.5E-18             (X_U1.N2987205)-423.5E-18                 

(X_U1.N2987225)-423.5E-18             (X_U1.N2987231)-423.5E-18                 

(X_U1.N2987243)  -35.0000             (X_U1.N2987295)   75.0000                 

(X_U1.N2987299)-423.5E-18             (X_U1.N2987301)-423.5E-18                 

(X_U1.N2987319)-423.5E-18             (X_U1.N2987325)-423.5E-18                 

(X_U1.N2987337)  -75.0000             (X_U1.N2987363)    6.6228                 

(X_U1.N2987391)    3.9000             (X_U1.N2987395)   -4.8260                 

(X_U1.N2987423)   -4.8260             (X_U1.N2987427)    3.9000                 

(X_U1.N2987487)-4.676E-09             (X_U1.N2987493)     .6872                 

(X_U1.N2987499)    1.0000             (X_U1.N2987541)    9.5755                 

(X_U1.N2987553)    3.9027             (X_U1.N2987623)    3.9027                 

(X_U1.N2987655)    1.9562             (X_U1.N2987675)    6.6134                 

(X_U1.N2987683)    1.9562             (X_U1.N2987687)    1.9562                 

(X_U1.N2987711)    6.6134             (X_U1.N2987719)    5.9262                 

(X_U1.N2987763)-423.5E-18             (X_U1.N2987785)    5.0000                 

(X_U1.N2987801)   -5.0000             (X_U1.N3108745)   16.5560                 

(X_U1.N3108755)    6.6244             (X_U1.N3108879)    6.6228                 

(X_U1.N3108917)    6.6244             (X_U1.N3108949)    6.6243                 

(X_U1.N3109015)    6.6243             (X_U1.N3116457)    3.9562                 

(X_U1.N3116503)  365.8100             (X_U1.N3116515)  365.8100                 

(X_U1.N3116609)  699.7200             (X_U1.N3116619)  260.5800                 

(X_U1.N3116655)  699.6500             (X_U1.N3116665)     .5315                 

(X_U1.N3116675)  699.7200             (X_U1.N3116685)  699.7200                 

(X_U1.N3116957)  699.6400             (X_U1.N3117239)  699.7200                 

(X_U1.N3126023)    3.4971             (X_U1.N3128929)   -4.7434                 

(X_U1.N3130349) 1.581E-06             (X_U1.N3130359)     .0048                 

(X_U1.N3202117)  699.7200             (X_U1.N3202127)  699.7200                 

(X_U1.N3202213)  699.7200             (X_U1.N3204124)  699.7200                 

(X_U1.N3204134)  699.7200             (X_U1.N3204220)  699.7200                 

(X_U1.N3205032)  699.7200             (X_U1.N3205042)  699.7200                 

(X_U1.N3205128)  699.7200             (X_U1.N3205956)  699.7200                 

(X_U1.N3205966)  699.7200             (X_U1.N3206052)  699.7200                 

(X_U1.N3206890)  699.7200             (X_U1.N3206900)  699.7200                 

(X_U1.N3206986)  699.7200             (X_U1.N3208573)  699.7200                 

(X_U1.N3208669)  699.7200             (X_U1.N3236810) 1.581E-09                 

(X_U1.N3236820) 1.581E-06             (X_U73.N110431)     .0198                 

(X_U73.N112292)     .0168             (X_U73.N317950)-211.8E-18                 

(X_U73.N406634)    5.0000             (X_U73.N406794)   -5.0000                 

(X_U73.N701935)-241.8E-06             (X_U73.N704979)   -6.4993                 

(X_U73.N705005)    -.0078             (X_U73.N709083)    3.6601                 

(X_U73.N709113)     .0062             (X_U73.N749288)    -.0070                 

(X_U73.VCC_CLP)    4.1998             (X_U73.VEE_CLP)   -4.2000                 

(X_U73.X_E_N.3)    0.0000             (X_U73.X_E_N.4)    0.0000                 

(X_U73.X_E_N.5)    0.0000             (X_U73.X_E_N.6)    0.0000                 

(X_U73.X_E_N.7)     .8338             (X_U73.X_E_N.8)     .8338                 

(X_U76.N110431)    2.5124             (X_U76.N112292)    3.9059                 

(X_U76.N317950)    2.5000             (X_U76.N406634)    5.0000                 

(X_U76.N406794) 2.504E-06             (X_U76.N749288)    3.9006                 

(X_U76.VCC_CLP)    4.2118             (X_U76.VEE_CLP)    1.0201                 

(X_U76.X_E_N.3)    0.0000             (X_U76.X_E_N.4)    0.0000                 

(X_U76.X_E_N.5)    0.0000             (X_U76.X_E_N.6)    0.0000                 

(X_U76.X_E_N.7)     .8338             (X_U76.X_E_N.8)     .8338                 

(X_U1.N32898091)  699.7200            (X_U73.N1327152)     .0070                

(X_U73.X_I_NP.3)    0.0000            (X_U73.X_I_NP.4)    0.0000                

(X_U73.X_I_NP.5)    0.0000            (X_U73.X_I_NP.6)    0.0000                

(X_U73.X_I_NP.7)     .8338            (X_U73.X_I_NP.8)     .8338                

(X_U76.N1254860)   17.9820            (X_U76.N1446199)    4.0758                

(X_U76.N1446217)    4.0758            (X_U76.N1461236)    2.3361                

(X_U76.N1461246)    2.5000            (X_U76.N1461252)    2.5046                

(X_U76.N1481243)     .7102            (X_U76.N1481253)    2.4999                

(X_U76.N1481259)    2.5005            (X_U76.N1483677)    6.4446                

(X_U76.N1483687)    2.5002            (X_U76.N1483693)    2.4954                

(X_U76.N1483703)    2.4998            (X_U76.N1483713)    2.5046                

(X_U76.N1490067)    2.5001            (X_U76.N1492098)    2.7548                

(X_U76.N1492108)    2.6699            (X_U76.N1492118)    2.6699                

(X_U76.N1492126)    2.6699            (X_U76.N1492376)    2.6699                

(X_U76.N1534615)    6.8373            (X_U76.N1534625)    2.6519                

(X_U76.N1534635)    2.6519            (X_U76.N1534645)    2.6519                

(X_U76.N1534887)    2.6519            (X_U76.N1541593)    6.3796                

(X_U76.N1541603)    2.6359            (X_U1.CLAW_CLAMP)    3.9562               

(X_U73.X_I_NP2.3)    0.0000           (X_U73.X_I_NP2.4)    0.0000               

(X_U73.X_I_NP2.5)    0.0000           (X_U73.X_I_NP2.6)    0.0000               

(X_U73.X_I_NP2.7)     .8338           (X_U73.X_I_NP2.8)     .8338               

(X_U76.X_I_NP1.3)    0.0000           (X_U76.X_I_NP1.4)    0.0000               

(X_U76.X_I_NP1.5)    0.0000           (X_U76.X_I_NP1.6)    0.0000               

(X_U76.X_I_NP1.7)     .8338           (X_U76.X_I_NP1.8)     .8338               

(X_U1.SW_OL_OPAx277)    1.0000        (X_U73.X_VOS_VS_VCM.1)    -.0070          

(X_U76.X_VOS_VS_VCM.1)    3.9006      




    VOLTAGE SOURCE CURRENTS
    NAME         CURRENT

    V_V2        -1.369E-02
    V_V6        -4.612E-04
    V_V5        -8.492E-04
    V_V1        -4.081E-02
    X_U76.V_VCM_MAX  -2.100E-09
    X_U76.V_VCM_MIN   1.400E-09
    X_U1.V_VCM_MAX  -3.001E-12
    X_U1.V_VCM_MIN   3.001E-12
    X_U1.V_V_GRN   7.500E-11
    X_U1.V_V_GRP  -7.500E-11
    X_U1.V_V_ISCN   3.500E-11
    X_U1.V_V_ISCP  -3.500E-11
    X_U1.V_V_ORN   0.000E+00
    X_U1.V_V_ORP   0.000E+00
    X_U73.V_VCM_MAX  -3.300E-09
    X_U73.V_VCM_MIN   3.300E-09
    X_U76.X_H3.VH_H3  -1.245E-05
    X_U76.X_VOS_VS_VCM.V1   4.097E-13
    X_U1.X_H1.VH_H1   9.576E-03
    X_U1.X_H2.VH_H2   6.872E-01
    X_U1.X_H3.VH_H3   4.676E-09
    X_U73.X_H3.VH_H3  -1.980E-05
    X_U73.X_VOS_VS_VCM.V1  -9.661E-17

    TOTAL POWER DISSIPATION   2.79E-01  WATTS


Model-Specific Temperatures During Sweep  Param value = 0.00153

 **** RESISTORS

               X_U76.R_R1 <X_U76.R_NOISELESS> (T_Current -273.15 T_Measured 27)
                              X_U76.R_R10 <X_U76.R_NOISELESS> (T_Current -273.15 T_Measured 27)
                                             X_U76.R_R107 <X_U76.R_NOISELESS> (T_Current -273.15 T_Measured 27)

          R        1.000E-02      1.000E-03      1.000E+00  


               X_U76.R_R108 <X_U76.R_NOISELESS> (T_Current -273.15 T_Measured 27)
                              X_U76.R_R109 <X_U76.R_NOISELESS> (T_Current -273.15 T_Measured 27)
                                             X_U76.R_R110 <X_U76.R_NOISELESS> (T_Current -273.15 T_Measured 27)

          R        1.000E+12      1.000E+00      1.000E-03  


               X_U76.R_R111 <X_U76.R_NOISELESS> (T_Current -273.15 T_Measured 27)
                              X_U76.R_R112 <X_U76.R_NOISELESS> (T_Current -273.15 T_Measured 27)
                                             X_U76.R_R113 <X_U76.R_NOISELESS> (T_Current -273.15 T_Measured 27)

          R        1.000E+06      1.000E+06      1.000E-03  


               X_U76.R_R146 <X_U76.R_NOISELESS> (T_Current -273.15 T_Measured 27)
                              X_U76.R_R147 <X_U76.R_NOISELESS> (T_Current -273.15 T_Measured 27)
                                             X_U76.R_R148 <X_U76.R_NOISELESS> (T_Current -273.15 T_Measured 27)

          R        1.000E+00      1.000E+00      1.000E+00  


               X_U76.R_R162 <X_U76.R_NOISELESS> (T_Current -273.15 T_Measured 27)
                              X_U76.R_R1A <X_U76.R_NOISELESS> (T_Current -273.15 T_Measured 27)
                                             X_U76.R_R1A1 <X_U76.R_NOISELESS> (T_Current -273.15 T_Measured 27)

          R        5.000E+03      1.000E+04      3.000E+01  


               X_U76.R_R1A14 <X_U76.R_NOISELESS> (T_Current -273.15 T_Measured 27)
                              X_U76.R_R1A15 <X_U76.R_NOISELESS> (T_Current -273.15 T_Measured 27)
                                             X_U76.R_R1A16 <X_U76.R_NOISELESS> (T_Current -273.15 T_Measured 27)

          R        1.000E+04      1.000E+04      2.800E+00  


               X_U76.R_R1A17 <X_U76.R_NOISELESS> (T_Current -273.15 T_Measured 27)
                              X_U76.R_R1A18 <X_U76.R_NOISELESS> (T_Current -273.15 T_Measured 27)
                                             X_U76.R_R1A40 <X_U76.R_NOISELESS> (T_Current -273.15 T_Measured 27)

          R        1.000E+04      1.000E+04      1.000E+04  


               X_U76.R_R1A41 <X_U76.R_NOISELESS> (T_Current -273.15 T_Measured 27)
                              X_U76.R_R1A42 <X_U76.R_NOISELESS> (T_Current -273.15 T_Measured 27)
                                             X_U76.R_R1A43 <X_U76.R_NOISELESS> (T_Current -273.15 T_Measured 27)

          R        7.000E+00      1.000E+04      3.000E+01  


               X_U76.R_R1A44 <X_U76.R_NOISELESS> (T_Current -273.15 T_Measured 27)
                              X_U76.R_R1A45 <X_U76.R_NOISELESS> (T_Current -273.15 T_Measured 27)
                                             X_U76.R_R2 <X_U76.R_NOISELESS> (T_Current -273.15 T_Measured 27)

          R        1.000E+01      1.000E+01      1.000E-02  


               X_U76.R_R21 <X_U76.R_NOISELESS> (T_Current -273.15 T_Measured 27)
                              X_U76.R_R211 <X_U76.R_NOISELESS> (T_Current -273.15 T_Measured 27)
                                             X_U76.R_R225 <X_U76.R_NOISELESS> (T_Current -273.15 T_Measured 27)

          R        1.000E+03      1.000E+00      1.000E+00  


               X_U76.R_R226 <X_U76.R_NOISELESS> (T_Current -273.15 T_Measured 27)
                              X_U76.R_R245 <X_U76.R_NOISELESS> (T_Current -273.15 T_Measured 27)
                                             X_U76.R_R246 <X_U76.R_NOISELESS> (T_Current -273.15 T_Measured 27)

          R        3.000E+01      4.500E+03      1.000E+00  


               X_U76.R_R247 <X_U76.R_NOISELESS> (T_Current -273.15 T_Measured 27)
                              X_U76.R_R248 <X_U76.R_NOISELESS> (T_Current -273.15 T_Measured 27)
                                             X_U76.R_R249 <X_U76.R_NOISELESS> (T_Current -273.15 T_Measured 27)

          R        1.000E+00      1.000E+00      1.000E+00  


               X_U76.R_R25 <X_U76.R_NOISELESS> (T_Current -273.15 T_Measured 27)
                              X_U76.R_R250 <X_U76.R_NOISELESS> (T_Current -273.15 T_Measured 27)
                                             X_U76.R_R251 <X_U76.R_NOISELESS> (T_Current -273.15 T_Measured 27)

          R        1.000E+09      1.000E+00      1.000E+00  


               X_U76.R_R252 <X_U76.R_NOISELESS> (T_Current -273.15 T_Measured 27)
                              X_U76.R_R253 <X_U76.R_NOISELESS> (T_Current -273.15 T_Measured 27)
                                             X_U76.R_R26 <X_U76.R_NOISELESS> (T_Current -273.15 T_Measured 27)

          R        1.000E+00      1.000E+00      1.000E+09  


               X_U76.R_R27 <X_U76.R_NOISELESS> (T_Current -273.15 T_Measured 27)
                              X_U76.R_R28 <X_U76.R_NOISELESS> (T_Current -273.15 T_Measured 27)
                                             X_U76.R_R29 <X_U76.R_NOISELESS> (T_Current -273.15 T_Measured 27)

          R        1.000E+00      1.000E-03      1.000E+03  


               X_U76.R_R2A <X_U76.R_NOISELESS> (T_Current -273.15 T_Measured 27)
                              X_U76.R_R2A1 <X_U76.R_NOISELESS> (T_Current -273.15 T_Measured 27)
                                             X_U76.R_R2A16 <X_U76.R_NOISELESS> (T_Current -273.15 T_Measured 27)

          R        2.000E+04      1.000E+01      5.420E-01  


               X_U76.R_R2A17 <X_U76.R_NOISELESS> (T_Current -273.15 T_Measured 27)
                              X_U76.R_R2A18 <X_U76.R_NOISELESS> (T_Current -273.15 T_Measured 27)
                                             X_U76.R_R2A36 <X_U76.R_NOISELESS> (T_Current -273.15 T_Measured 27)

          R        4.822E+02      4.822E+02      8.500E-01  


               X_U76.R_R2A37 <X_U76.R_NOISELESS> (T_Current -273.15 T_Measured 27)
                              X_U76.R_R2A40 <X_U76.R_NOISELESS> (T_Current -273.15 T_Measured 27)
                                             X_U76.R_R2A41 <X_U76.R_NOISELESS> (T_Current -273.15 T_Measured 27)

          R        3.010E+01      7.000E-01      1.000E+01  


               X_U76.R_R2A42 <X_U76.R_NOISELESS> (T_Current -273.15 T_Measured 27)
                              X_U76.R_R2A43 <X_U76.R_NOISELESS> (T_Current -273.15 T_Measured 27)
                                             X_U76.R_R3 <X_U76.R_NOISELESS> (T_Current -273.15 T_Measured 27)

          R        3.630E-01      3.630E-01      2.300E+06  


               X_U76.R_R30 <X_U76.R_NOISELESS> (T_Current -273.15 T_Measured 27)
                              X_U76.R_R31 <X_U76.R_NOISELESS> (T_Current -273.15 T_Measured 27)
                                             X_U76.R_R32 <X_U76.R_NOISELESS> (T_Current -273.15 T_Measured 27)

          R        1.000E-03      1.000E+03      1.000E+03  


               X_U76.R_R33 <X_U76.R_NOISELESS> (T_Current -273.15 T_Measured 27)
                              X_U76.R_R34 <X_U76.R_NOISELESS> (T_Current -273.15 T_Measured 27)
                                             X_U76.R_R4 <X_U76.R_NOISELESS> (T_Current -273.15 T_Measured 27)

          R        1.000E-03      1.000E+03      2.300E+06  


               X_U76.R_R6 <X_U76.R_NOISELESS> (T_Current -273.15 T_Measured 27)
                              X_U76.R_R60 <X_U76.R_NOISELESS> (T_Current -273.15 T_Measured 27)
                                             X_U76.R_R8 <X_U76.R_NOISELESS> (T_Current -273.15 T_Measured 27)

          R        1.000E+00      1.000E+00      1.000E+03  


               X_U76.R_R81 <X_U76.R_NOISELESS> (T_Current -273.15 T_Measured 27)
                              X_U76.R_R83 <X_U76.R_NOISELESS> (T_Current -273.15 T_Measured 27)
                                             X_U76.R_R9 <X_U76.R_NOISELESS> (T_Current -273.15 T_Measured 27)

          R        1.000E+09      1.000E+09      1.000E-03  


               X_U76.R_RDUMMY <X_U76.R_NOISELESS> (T_Current -273.15 T_Measured 27)
                              X_U76.R_RX <X_U76.R_NOISELESS> (T_Current -273.15 T_Measured 27)
                                             X_U76.R_R_VIMON <X_U76.R_NOISELESS> (T_Current -273.15 T_Measured 27)

          R        1.400E+02      1.400E+03      1.000E+02  


               X_U76.R_R_VOUT_S <X_U76.R_NOISELESS> (T_Current -273.15 T_Measured 27)
                              X_U1.R_R10 <X_U1.R_NOISELESS> (T_Current -273.15 T_Measured 27)
                                             X_U1.R_R11 <X_U1.R_NOISELESS> (T_Current -273.15 T_Measured 27)

          R        1.000E+02      1.000E+00      3.333E+01  


               X_U1.R_R12 <X_U1.R_NOISELESS> (T_Current -273.15 T_Measured 27)
                              X_U1.R_R13 <X_U1.R_NOISELESS> (T_Current -273.15 T_Measured 27)
                                             X_U1.R_R139 <X_U1.R_NOISELESS> (T_Current -273.15 T_Measured 27)

          R        1.000E+08      1.000E+00      1.057E+04  


               X_U1.R_R14 <X_U1.R_NOISELESS> (T_Current -273.15 T_Measured 27)
                              X_U1.R_R140 <X_U1.R_NOISELESS> (T_Current -273.15 T_Measured 27)
                                             X_U1.R_R141 <X_U1.R_NOISELESS> (T_Current -273.15 T_Measured 27)

          R        3.287E+04      1.000E+04      1.000E+00  


               X_U1.R_R142 <X_U1.R_NOISELESS> (T_Current -273.15 T_Measured 27)
                              X_U1.R_R143 <X_U1.R_NOISELESS> (T_Current -273.15 T_Measured 27)
                                             X_U1.R_R144 <X_U1.R_NOISELESS> (T_Current -273.15 T_Measured 27)

          R        1.000E+04      1.000E+00      7.603E+00  


               X_U1.R_R15 <X_U1.R_NOISELESS> (T_Current -273.15 T_Measured 27)
                              X_U1.R_R158 <X_U1.R_NOISELESS> (T_Current -273.15 T_Measured 27)
                                             X_U1.R_R159 <X_U1.R_NOISELESS> (T_Current -273.15 T_Measured 27)

          R        1.000E-03      1.000E+04      1.000E+00  


               X_U1.R_R16 <X_U1.R_NOISELESS> (T_Current -273.15 T_Measured 27)
                              X_U1.R_R160 <X_U1.R_NOISELESS> (T_Current -273.15 T_Measured 27)
                                             X_U1.R_R161 <X_U1.R_NOISELESS> (T_Current -273.15 T_Measured 27)

          R        1.000E+03      6.670E+03      1.000E+06  


               X_U1.R_R162 <X_U1.R_NOISELESS> (T_Current -273.15 T_Measured 27)
                              X_U1.R_R166 <X_U1.R_NOISELESS> (T_Current -273.15 T_Measured 27)
                                             X_U1.R_R167 <X_U1.R_NOISELESS> (T_Current -273.15 T_Measured 27)

          R        1.000E+06      1.000E+06      1.000E+02  


               X_U1.R_R168 <X_U1.R_NOISELESS> (T_Current -273.15 T_Measured 27)
                              X_U1.R_R169 <X_U1.R_NOISELESS> (T_Current -273.15 T_Measured 27)
                                             X_U1.R_R17 <X_U1.R_NOISELESS> (T_Current -273.15 T_Measured 27)

          R        1.000E+04      1.000E+00      1.000E-03  


               X_U1.R_R170 <X_U1.R_NOISELESS> (T_Current -273.15 T_Measured 27)
                              X_U1.R_R171 <X_U1.R_NOISELESS> (T_Current -273.15 T_Measured 27)
                                             X_U1.R_R172 <X_U1.R_NOISELESS> (T_Current -273.15 T_Measured 27)

          R        5.934E+03      1.000E+06      9.869E+04  


               X_U1.R_R173 <X_U1.R_NOISELESS> (T_Current -273.15 T_Measured 27)
                              X_U1.R_R174 <X_U1.R_NOISELESS> (T_Current -273.15 T_Measured 27)
                                             X_U1.R_R175 <X_U1.R_NOISELESS> (T_Current -273.15 T_Measured 27)

          R        1.000E+04      1.000E+00      5.157E+04  


               X_U1.R_R176 <X_U1.R_NOISELESS> (T_Current -273.15 T_Measured 27)
                              X_U1.R_R177 <X_U1.R_NOISELESS> (T_Current -273.15 T_Measured 27)
                                             X_U1.R_R178 <X_U1.R_NOISELESS> (T_Current -273.15 T_Measured 27)

          R        1.000E+04      1.000E+00      9.484E+03  


               X_U1.R_R179 <X_U1.R_NOISELESS> (T_Current -273.15 T_Measured 27)
                              X_U1.R_R18 <X_U1.R_NOISELESS> (T_Current -273.15 T_Measured 27)
                                             X_U1.R_R180 <X_U1.R_NOISELESS> (T_Current -273.15 T_Measured 27)

          R        1.000E+04      1.000E+12      1.000E+00  


               X_U1.R_R181 <X_U1.R_NOISELESS> (T_Current -273.15 T_Measured 27)
                              X_U1.R_R182 <X_U1.R_NOISELESS> (T_Current -273.15 T_Measured 27)
                                             X_U1.R_R183 <X_U1.R_NOISELESS> (T_Current -273.15 T_Measured 27)

          R        9.500E+03      1.000E+04      1.000E+00  


               X_U1.R_R184 <X_U1.R_NOISELESS> (T_Current -273.15 T_Measured 27)
                              X_U1.R_R185 <X_U1.R_NOISELESS> (T_Current -273.15 T_Measured 27)
                                             X_U1.R_R186 <X_U1.R_NOISELESS> (T_Current -273.15 T_Measured 27)

          R        5.875E+03      1.000E+04      1.000E+00  


               X_U1.R_R187 <X_U1.R_NOISELESS> (T_Current -273.15 T_Measured 27)
                              X_U1.R_R188 <X_U1.R_NOISELESS> (T_Current -273.15 T_Measured 27)
                                             X_U1.R_R189 <X_U1.R_NOISELESS> (T_Current -273.15 T_Measured 27)

          R        3.086E+03      1.000E+04      1.000E+00  


               X_U1.R_R19 <X_U1.R_NOISELESS> (T_Current -273.15 T_Measured 27)
                              X_U1.R_R190 <X_U1.R_NOISELESS> (T_Current -273.15 T_Measured 27)
                                             X_U1.R_R191 <X_U1.R_NOISELESS> (T_Current -273.15 T_Measured 27)

          R        1.000E+12      1.000E+04      1.001E+01  


               X_U1.R_R192 <X_U1.R_NOISELESS> (T_Current -273.15 T_Measured 27)
                              X_U1.R_R193 <X_U1.R_NOISELESS> (T_Current -273.15 T_Measured 27)
                                             X_U1.R_R20 <X_U1.R_NOISELESS> (T_Current -273.15 T_Measured 27)

          R        1.000E+00      1.000E+00      1.000E+00  


               X_U1.R_R21 <X_U1.R_NOISELESS> (T_Current -273.15 T_Measured 27)
                              X_U1.R_R22 <X_U1.R_NOISELESS> (T_Current -273.15 T_Measured 27)
                                             X_U1.R_R23 <X_U1.R_NOISELESS> (T_Current -273.15 T_Measured 27)

          R        1.000E-03      1.000E+06      1.000E+06  


               X_U1.R_R24 <X_U1.R_NOISELESS> (T_Current -273.15 T_Measured 27)
                              X_U1.R_R32 <X_U1.R_NOISELESS> (T_Current -273.15 T_Measured 27)
                                             X_U1.R_R33 <X_U1.R_NOISELESS> (T_Current -273.15 T_Measured 27)

          R        1.000E+03      1.000E+03      1.000E+03  


               X_U1.R_R34 <X_U1.R_NOISELESS> (T_Current -273.15 T_Measured 27)
                              X_U1.R_R35 <X_U1.R_NOISELESS> (T_Current -273.15 T_Measured 27)
                                             X_U1.R_R36 <X_U1.R_NOISELESS> (T_Current -273.15 T_Measured 27)

          R        1.000E+04      1.000E+00      1.095E+04  


               X_U1.R_R43 <X_U1.R_NOISELESS> (T_Current -273.15 T_Measured 27)
                              X_U1.R_R46 <X_U1.R_NOISELESS> (T_Current -273.15 T_Measured 27)
                                             X_U1.R_R47 <X_U1.R_NOISELESS> (T_Current -273.15 T_Measured 27)

          R        1.000E+00      1.000E+00      1.000E-03  


               X_U1.R_R48 <X_U1.R_NOISELESS> (T_Current -273.15 T_Measured 27)
                              X_U1.R_R49 <X_U1.R_NOISELESS> (T_Current -273.15 T_Measured 27)
                                             X_U1.R_R5 <X_U1.R_NOISELESS> (T_Current -273.15 T_Measured 27)

          R        1.000E+06      1.000E+12      1.000E+00  


               X_U1.R_R50 <X_U1.R_NOISELESS> (T_Current -273.15 T_Measured 27)
                              X_U1.R_R51 <X_U1.R_NOISELESS> (T_Current -273.15 T_Measured 27)
                                             X_U1.R_R52 <X_U1.R_NOISELESS> (T_Current -273.15 T_Measured 27)

          R        1.000E+06      1.000E-03      1.000E+00  


               X_U1.R_R53 <X_U1.R_NOISELESS> (T_Current -273.15 T_Measured 27)
                              X_U1.R_R54 <X_U1.R_NOISELESS> (T_Current -273.15 T_Measured 27)
                                             X_U1.R_R55 <X_U1.R_NOISELESS> (T_Current -273.15 T_Measured 27)

          R        1.000E+12      1.000E+00      1.000E-03  


               X_U1.R_R56 <X_U1.R_NOISELESS> (T_Current -273.15 T_Measured 27)
                              X_U1.R_R57 <X_U1.R_NOISELESS> (T_Current -273.15 T_Measured 27)
                                             X_U1.R_R58 <X_U1.R_NOISELESS> (T_Current -273.15 T_Measured 27)

          R        1.000E+12      1.000E+00      1.000E-03  


               X_U1.R_R59 <X_U1.R_NOISELESS> (T_Current -273.15 T_Measured 27)
                              X_U1.R_R6 <X_U1.R_NOISELESS> (T_Current -273.15 T_Measured 27)
                                             X_U1.R_R60 <X_U1.R_NOISELESS> (T_Current -273.15 T_Measured 27)

          R        1.000E+12      1.000E+08      1.000E+00  


               X_U1.R_R61 <X_U1.R_NOISELESS> (T_Current -273.15 T_Measured 27)
                              X_U1.R_R62 <X_U1.R_NOISELESS> (T_Current -273.15 T_Measured 27)
                                             X_U1.R_R63 <X_U1.R_NOISELESS> (T_Current -273.15 T_Measured 27)

          R        1.000E-03      1.000E-03      1.000E+12  


               X_U1.R_R64 <X_U1.R_NOISELESS> (T_Current -273.15 T_Measured 27)
                              X_U1.R_R65 <X_U1.R_NOISELESS> (T_Current -273.15 T_Measured 27)
                                             X_U1.R_R66 <X_U1.R_NOISELESS> (T_Current -273.15 T_Measured 27)

          R        1.000E+00      1.000E+12      1.000E+00  


               X_U1.R_R67 <X_U1.R_NOISELESS> (T_Current -273.15 T_Measured 27)
                              X_U1.R_R68 <X_U1.R_NOISELESS> (T_Current -273.15 T_Measured 27)
                                             X_U1.R_R69 <X_U1.R_NOISELESS> (T_Current -273.15 T_Measured 27)

          R        1.000E-03      1.000E-03      1.000E+12  


               X_U1.R_R7 <X_U1.R_NOISELESS> (T_Current -273.15 T_Measured 27)
                              X_U1.R_R70 <X_U1.R_NOISELESS> (T_Current -273.15 T_Measured 27)
                                             X_U1.R_R71 <X_U1.R_NOISELESS> (T_Current -273.15 T_Measured 27)

          R        8.332E+00      1.000E+00      1.000E-03  


               X_U1.R_R72 <X_U1.R_NOISELESS> (T_Current -273.15 T_Measured 27)
                              X_U1.R_R73 <X_U1.R_NOISELESS> (T_Current -273.15 T_Measured 27)
                                             X_U1.R_R74 <X_U1.R_NOISELESS> (T_Current -273.15 T_Measured 27)

          R        1.000E+03      1.000E-03      1.000E+03  


               X_U1.R_R75 <X_U1.R_NOISELESS> (T_Current -273.15 T_Measured 27)
                              X_U1.R_R76 <X_U1.R_NOISELESS> (T_Current -273.15 T_Measured 27)
                                             X_U1.R_R77 <X_U1.R_NOISELESS> (T_Current -273.15 T_Measured 27)

          R        1.000E-03      1.000E+03      1.000E+03  


               X_U1.R_R78 <X_U1.R_NOISELESS> (T_Current -273.15 T_Measured 27)
                              X_U1.R_R79 <X_U1.R_NOISELESS> (T_Current -273.15 T_Measured 27)
                                             X_U1.R_R8 <X_U1.R_NOISELESS> (T_Current -273.15 T_Measured 27)

          R        1.000E+00      1.000E+00      1.000E+03  


               X_U1.R_R80 <X_U1.R_NOISELESS> (T_Current -273.15 T_Measured 27)
                              X_U1.R_R81 <X_U1.R_NOISELESS> (T_Current -273.15 T_Measured 27)
                                             X_U1.R_R82 <X_U1.R_NOISELESS> (T_Current -273.15 T_Measured 27)

          R        1.000E+02      1.000E+02      1.000E+00  


               X_U1.R_R83 <X_U1.R_NOISELESS> (T_Current -273.15 T_Measured 27)
                              X_U1.R_R9 <X_U1.R_NOISELESS> (T_Current -273.15 T_Measured 27)
                                             X_U1.R_RDUMMY <X_U1.R_NOISELESS> (T_Current -273.15 T_Measured 27)

          R        1.000E+02      1.000E+08      6.858E+03  


               X_U1.R_RS_INN <X_U1.R_NOISELESS> (T_Current -273.15 T_Measured 27)
                              X_U1.R_RS_INP <X_U1.R_NOISELESS> (T_Current -273.15 T_Measured 27)
                                             X_U1.R_RX <X_U1.R_NOISELESS> (T_Current -273.15 T_Measured 27)

          R        1.000E+03      1.000E+03      6.858E+04  


               X_U1.R_RX1 <X_U1.R_NOISELESS> (T_Current -273.15 T_Measured 27)
                              X_U1.R_RX2 <X_U1.R_NOISELESS> (T_Current -273.15 T_Measured 27)
                                             X_U1.R_RX3 <X_U1.R_NOISELESS> (T_Current -273.15 T_Measured 27)

          R        1.000E+12      1.000E+02      1.000E+12  


               X_U1.R_RX4 <X_U1.R_NOISELESS> (T_Current -273.15 T_Measured 27)
                              X_U1.R_R_COM0 <X_U1.R_NOISELESS> (T_Current -273.15 T_Measured 27)
                                             X_U1.R_R_COM1 <X_U1.R_NOISELESS> (T_Current -273.15 T_Measured 27)

          R        1.000E+02      1.000E+12      1.000E+12  


               X_U1.R_R_DIFF <X_U1.R_NOISELESS> (T_Current -273.15 T_Measured 27)
                              X_U73.R_R107 <X_U73.R_NOISELESS> (T_Current -273.15 T_Measured 27)
                                             X_U73.R_R108 <X_U73.R_NOISELESS> (T_Current -273.15 T_Measured 27)

          R        1.000E+08      1.000E+00      1.000E+12  


               X_U73.R_R109 <X_U73.R_NOISELESS> (T_Current -273.15 T_Measured 27)
                              X_U73.R_R110 <X_U73.R_NOISELESS> (T_Current -273.15 T_Measured 27)
                                             X_U73.R_R111 <X_U73.R_NOISELESS> (T_Current -273.15 T_Measured 27)

          R        1.000E+00      1.000E-03      1.000E+06  


               X_U73.R_R112 <X_U73.R_NOISELESS> (T_Current -273.15 T_Measured 27)
                              X_U73.R_R113 <X_U73.R_NOISELESS> (T_Current -273.15 T_Measured 27)
                                             X_U73.R_R136 <X_U73.R_NOISELESS> (T_Current -273.15 T_Measured 27)

          R        1.000E+06      1.000E-03      1.000E+00  


               X_U73.R_R169 <X_U73.R_NOISELESS> (T_Current -273.15 T_Measured 27)
                              X_U73.R_R1A1 <X_U73.R_NOISELESS> (T_Current -273.15 T_Measured 27)
                                             X_U73.R_R1A3 <X_U73.R_NOISELESS> (T_Current -273.15 T_Measured 27)

          R        2.900E+01      1.000E+04      1.000E+04  


               X_U73.R_R1A4 <X_U73.R_NOISELESS> (T_Current -273.15 T_Measured 27)
                              X_U73.R_R2 <X_U73.R_NOISELESS> (T_Current -273.15 T_Measured 27)
                                             X_U73.R_R21 <X_U73.R_NOISELESS> (T_Current -273.15 T_Measured 27)

          R        1.000E+04      1.000E-02      1.000E+03  


               X_U73.R_R25 <X_U73.R_NOISELESS> (T_Current -273.15 T_Measured 27)
                              X_U73.R_R26 <X_U73.R_NOISELESS> (T_Current -273.15 T_Measured 27)
                                             X_U73.R_R261 <X_U73.R_NOISELESS> (T_Current -273.15 T_Measured 27)

          R        1.000E+09      1.000E+09      1.000E+00  


               X_U73.R_R27 <X_U73.R_NOISELESS> (T_Current -273.15 T_Measured 27)
                              X_U73.R_R28 <X_U73.R_NOISELESS> (T_Current -273.15 T_Measured 27)
                                             X_U73.R_R29 <X_U73.R_NOISELESS> (T_Current -273.15 T_Measured 27)

          R        1.000E+00      1.000E-03      1.000E+03  


               X_U73.R_R2A1 <X_U73.R_NOISELESS> (T_Current -273.15 T_Measured 27)
                              X_U73.R_R2A4 <X_U73.R_NOISELESS> (T_Current -273.15 T_Measured 27)
                                             X_U73.R_R2A5 <X_U73.R_NOISELESS> (T_Current -273.15 T_Measured 27)

          R        1.700E+01      2.000E+01      1.200E+01  


               X_U73.R_R3 <X_U73.R_NOISELESS> (T_Current -273.15 T_Measured 27)
                              X_U73.R_R30 <X_U73.R_NOISELESS> (T_Current -273.15 T_Measured 27)
                                             X_U73.R_R31 <X_U73.R_NOISELESS> (T_Current -273.15 T_Measured 27)

          R        2.800E+05      1.000E-03      1.000E+03  


               X_U73.R_R32 <X_U73.R_NOISELESS> (T_Current -273.15 T_Measured 27)
                              X_U73.R_R33 <X_U73.R_NOISELESS> (T_Current -273.15 T_Measured 27)
                                             X_U73.R_R34 <X_U73.R_NOISELESS> (T_Current -273.15 T_Measured 27)

          R        1.000E+03      1.000E-03      1.000E+03  


               X_U73.R_R35 <X_U73.R_NOISELESS> (T_Current -273.15 T_Measured 27)
                              X_U73.R_R36 <X_U73.R_NOISELESS> (T_Current -273.15 T_Measured 27)
                                             X_U73.R_R363 <X_U73.R_NOISELESS> (T_Current -273.15 T_Measured 27)

          R        1.000E+09      1.000E+00      1.000E+00  


               X_U73.R_R364 <X_U73.R_NOISELESS> (T_Current -273.15 T_Measured 27)
                              X_U73.R_R37 <X_U73.R_NOISELESS> (T_Current -273.15 T_Measured 27)
                                             X_U73.R_R38 <X_U73.R_NOISELESS> (T_Current -273.15 T_Measured 27)

          R        1.000E+00      1.000E-03      1.000E-03  


               X_U73.R_R39 <X_U73.R_NOISELESS> (T_Current -273.15 T_Measured 27)
                              X_U73.R_R40 <X_U73.R_NOISELESS> (T_Current -273.15 T_Measured 27)
                                             X_U73.R_R5 <X_U73.R_NOISELESS> (T_Current -273.15 T_Measured 27)

          R        1.000E+00      1.000E+09      1.000E+00  


               X_U73.R_R60 <X_U73.R_NOISELESS> (T_Current -273.15 T_Measured 27)
                              X_U73.R_R8 <X_U73.R_NOISELESS> (T_Current -273.15 T_Measured 27)
                                             X_U73.R_R81 <X_U73.R_NOISELESS> (T_Current -273.15 T_Measured 27)

          R        3.700E+04      1.000E+03      1.000E+09  


               X_U73.R_R83 <X_U73.R_NOISELESS> (T_Current -273.15 T_Measured 27)
                              X_U73.R_R9 <X_U73.R_NOISELESS> (T_Current -273.15 T_Measured 27)
                                             X_U73.R_R_VIMON <X_U73.R_NOISELESS> (T_Current -273.15 T_Measured 27)

          R        1.000E+09      1.000E-03      1.000E+02  


               X_U73.R_R_VOUT_S <X_U73.R_NOISELESS> (T_Current -273.15 T_Measured 27)

          R        1.000E+02  



**** 04/05/25 22:08:30 *** PSpice 24.1.0 (26 February 2025) *** ID# 0 ********

 ** Profile: "SCHEMATIC1-asdfa"  [ c:\users\user\appdata\roaming\spb_data\cdssetup\workspace\projects\tiaopa695\TIAOPA695-PSpiceFiles


 ****     INITIAL TRANSIENT SOLUTION       TEMPERATURE =   27.000 DEG C

 ****     CURRENT STEP                     PARAM IVAR =    1.5300E-03


******************************************************************************



 NODE   VOLTAGE     NODE   VOLTAGE     NODE   VOLTAGE     NODE   VOLTAGE


(  VCC)    5.0000  (  VEE)   -5.0000  (N1113089)    3.8997                      

(N1113125)    3.9059                  (N1113485)    3.9010                      

(N1113565)    5.0000                  (N1113637)    1.9901                      

(N1113647)    3.9027                  (N1113661)    3.3016                      

(N1113879)   -5.0000                  (N1114737)     .0070                      

(N1114747)     .0070                  (N1114761)     .0168                      

(N1114963)     .0168                  (N1114991)-260.0E-06                      

(X_U1.MID)-423.5E-18                  (X_U1.V11)-4.676E-09                      

(X_U1.V12)     .6872                  (X_U76.ZO)    3.9059                      

(X_U1.ESDN)    2.3782                 (X_U1.ESDP)    2.9136                     

(X_U1.VCLP)    3.9562                 (X_U73.AOL)     .0168                     

(X_U73.MID)-211.8E-18                 (X_U76.MID)    2.5000                     

(X_U1.CLAMP)    6.6228                (X_U1.VCC_B)    5.0000                    

(X_U1.VEE_B)   -5.0000                (X_U1.VIMON)    9.5755                    

(X_U73.CMRR)-482.6E-09                (X_U76.CMRR)    2.5000                    

(X_U76.ESDN)    3.8997                (X_U76.ESDP)    3.9010                    

(X_U1.VOUT_S)    3.9027               (X_U1.VSENSE)    6.6228                   

(X_U1.X_U1.3)    0.0000               (X_U1.X_U1.4)    0.0000                   

(X_U1.X_U1.5)    0.0000               (X_U1.X_U1.6)    0.0000                   

(X_U1.X_U1.7)     .8338               (X_U1.X_U1.8)     .8338                   

(X_U73.CLAMP)     .0168               (X_U73.VCC_B)    5.0000                   

(X_U73.VEE_B)   -5.0000               (X_U73.VIMON)     .0198                   

(X_U76.CLAMP)    4.1283               (X_U76.PSRRN)    2.5002                   

(X_U76.PSRRP)    2.5001               (X_U76.VCC_B)    5.0000                   

(X_U76.VEE_B) 2.501E-06               (X_U76.VIMON)    2.5124                   

(X_U1.VCC_CLP)    3.9000              (X_U1.VEE_CLP)   -4.8260                  

(X_U1.X_U39.3)    0.0000              (X_U1.X_U39.4)    0.0000                  

(X_U1.X_U39.5)    0.0000              (X_U1.X_U39.6)    0.0000                  

(X_U1.X_U39.7)     .8338              (X_U1.X_U39.8)     .8338                  

(X_U1.X_U40.3)    0.0000              (X_U1.X_U40.4)    0.0000                  

(X_U1.X_U40.5)    0.0000              (X_U1.X_U40.6)    0.0000                  

(X_U1.X_U40.7)     .8338              (X_U1.X_U40.8)     .8338                  

(X_U73.AOLNET)    -.0168              (X_U73.N05102)     .0070                  

(X_U73.N06456)-260.0E-06              (X_U73.N10561)    -.0070                  

(X_U73.N10570)    -.0070              (X_U73.N11984)    -.0070                  

(X_U73.N25816)     .0070              (X_U73.N28602)   -3.3000                  

(X_U73.N30136)    3.3000              (X_U73.N30913)     .0070                  

(X_U73.N31014)     .0070              (X_U73.N35669)    4.1998                  

(X_U73.N35813)    4.1998              (X_U73.N38050)   -4.2000                  

(X_U73.N38096)   -4.2000              (X_U73.N42663)-211.8E-18                  

(X_U73.N42834)-211.8E-18              (X_U73.N44757)-211.8E-18                  

(X_U73.N44799)-211.8E-18              (X_U73.VOUT_S)     .0168                  

(X_U76.AOLNET)    2.4992              (X_U76.N06456)    3.9010                  

(X_U76.N10561)    3.9006              (X_U76.N10570)    3.9006                  

(X_U76.N11984)    3.9006              (X_U76.N11991)    3.8997                  

(X_U76.N25816)    3.9005              (X_U76.N28602)    1.1000                  

(X_U76.N30136)    4.6000              (X_U76.N30913)    3.9005                  

(X_U76.N31014)    3.9005              (X_U76.N35675)    4.2118                  

(X_U76.N35813)    4.2118              (X_U76.N38050)    1.0201                  

(X_U76.N38096)    1.0201              (X_U76.VOUT_S)    3.9059                  

(X_U76.X_U1.3)    0.0000              (X_U76.X_U1.4)    0.0000                  

(X_U76.X_U1.5)    0.0000              (X_U76.X_U1.6)    0.0000                  

(X_U76.X_U1.7)     .8338              (X_U76.X_U1.8)     .8338                  

(X_U1.CL_CLAMP)    3.9562             (X_U1.N2986935)    2.9136                 

(X_U1.N2986947) 291.4E-09             (X_U1.N2986949)    2.9136                 

(X_U1.N2986957)    2.9136             (X_U1.N2986973)-1.581E-06                 

(X_U1.N2986975) 1.581E-06             (X_U1.N2986977)    2.9136                 

(X_U1.N2986981)    2.9136             (X_U1.N2987013)    2.3782                 

(X_U1.N2987017)    3.0000             (X_U1.N2987029)   -3.0000                 

(X_U1.N2987037)    2.9136             (X_U1.N2987051)    2.9136                 

(X_U1.N2987061)   53.5400             (X_U1.N2987123)     .0027                 

(X_U1.N2987135)     .0027             (X_U1.N2987157)-423.5E-18                 

(X_U1.N2987159)-423.5E-18             (X_U1.N2987201)   35.0000                 

(X_U1.N2987203)-423.5E-18             (X_U1.N2987205)-423.5E-18                 

(X_U1.N2987225)-423.5E-18             (X_U1.N2987231)-423.5E-18                 

(X_U1.N2987243)  -35.0000             (X_U1.N2987295)   75.0000                 

(X_U1.N2987299)-423.5E-18             (X_U1.N2987301)-423.5E-18                 

(X_U1.N2987319)-423.5E-18             (X_U1.N2987325)-423.5E-18                 

(X_U1.N2987337)  -75.0000             (X_U1.N2987363)    6.6228                 

(X_U1.N2987391)    3.9000             (X_U1.N2987395)   -4.8260                 

(X_U1.N2987423)   -4.8260             (X_U1.N2987427)    3.9000                 

(X_U1.N2987487)-4.676E-09             (X_U1.N2987493)     .6872                 

(X_U1.N2987499)    1.0000             (X_U1.N2987541)    9.5755                 

(X_U1.N2987553)    3.9027             (X_U1.N2987623)    3.9027                 

(X_U1.N2987655)    1.9562             (X_U1.N2987675)    6.6134                 

(X_U1.N2987683)    1.9562             (X_U1.N2987687)    1.9562                 

(X_U1.N2987711)    6.6134             (X_U1.N2987719)    5.9262                 

(X_U1.N2987763)-423.5E-18             (X_U1.N2987785)    5.0000                 

(X_U1.N2987801)   -5.0000             (X_U1.N3108745)   16.5560                 

(X_U1.N3108755)    6.6244             (X_U1.N3108879)    6.6228                 

(X_U1.N3108917)    6.6244             (X_U1.N3108949)    6.6243                 

(X_U1.N3109015)    6.6243             (X_U1.N3116457)    3.9562                 

(X_U1.N3116503)  365.8100             (X_U1.N3116515)  365.8100                 

(X_U1.N3116609)  699.7200             (X_U1.N3116619)  260.5800                 

(X_U1.N3116655)  699.6500             (X_U1.N3116665)     .5315                 

(X_U1.N3116675)  699.7200             (X_U1.N3116685)  699.7200                 

(X_U1.N3116957)  699.6400             (X_U1.N3117239)  699.7200                 

(X_U1.N3126023)    3.4971             (X_U1.N3128929)   -4.7434                 

(X_U1.N3130349) 1.581E-06             (X_U1.N3130359)     .0048                 

(X_U1.N3202117)  699.7200             (X_U1.N3202127)  699.7200                 

(X_U1.N3202213)  699.7200             (X_U1.N3204124)  699.7200                 

(X_U1.N3204134)  699.7200             (X_U1.N3204220)  699.7200                 

(X_U1.N3205032)  699.7200             (X_U1.N3205042)  699.7200                 

(X_U1.N3205128)  699.7200             (X_U1.N3205956)  699.7200                 

(X_U1.N3205966)  699.7200             (X_U1.N3206052)  699.7200                 

(X_U1.N3206890)  699.7200             (X_U1.N3206900)  699.7200                 

(X_U1.N3206986)  699.7200             (X_U1.N3208573)  699.7200                 

(X_U1.N3208669)  699.7200             (X_U1.N3236810) 1.581E-09                 

(X_U1.N3236820) 1.581E-06             (X_U73.N110431)     .0198                 

(X_U73.N112292)     .0168             (X_U73.N317950)-211.8E-18                 

(X_U73.N406634)    5.0000             (X_U73.N406794)   -5.0000                 

(X_U73.N701935)-241.8E-06             (X_U73.N704979)   -6.4993                 

(X_U73.N705005)    -.0078             (X_U73.N709083)    3.6601                 

(X_U73.N709113)     .0062             (X_U73.N749288)    -.0070                 

(X_U73.VCC_CLP)    4.1998             (X_U73.VEE_CLP)   -4.2000                 

(X_U73.X_E_N.3)    0.0000             (X_U73.X_E_N.4)    0.0000                 

(X_U73.X_E_N.5)    0.0000             (X_U73.X_E_N.6)    0.0000                 

(X_U73.X_E_N.7)     .8338             (X_U73.X_E_N.8)     .8338                 

(X_U76.N110431)    2.5124             (X_U76.N112292)    3.9059                 

(X_U76.N317950)    2.5000             (X_U76.N406634)    5.0000                 

(X_U76.N406794) 2.504E-06             (X_U76.N749288)    3.9006                 

(X_U76.VCC_CLP)    4.2118             (X_U76.VEE_CLP)    1.0201                 

(X_U76.X_E_N.3)    0.0000             (X_U76.X_E_N.4)    0.0000                 

(X_U76.X_E_N.5)    0.0000             (X_U76.X_E_N.6)    0.0000                 

(X_U76.X_E_N.7)     .8338             (X_U76.X_E_N.8)     .8338                 

(X_U1.N32898091)  699.7200            (X_U73.N1327152)     .0070                

(X_U73.X_I_NP.3)    0.0000            (X_U73.X_I_NP.4)    0.0000                

(X_U73.X_I_NP.5)    0.0000            (X_U73.X_I_NP.6)    0.0000                

(X_U73.X_I_NP.7)     .8338            (X_U73.X_I_NP.8)     .8338                

(X_U76.N1254860)   17.9820            (X_U76.N1446199)    4.0758                

(X_U76.N1446217)    4.0758            (X_U76.N1461236)    2.3361                

(X_U76.N1461246)    2.5000            (X_U76.N1461252)    2.5046                

(X_U76.N1481243)     .7102            (X_U76.N1481253)    2.4999                

(X_U76.N1481259)    2.5005            (X_U76.N1483677)    6.4446                

(X_U76.N1483687)    2.5002            (X_U76.N1483693)    2.4954                

(X_U76.N1483703)    2.4998            (X_U76.N1483713)    2.5046                

(X_U76.N1490067)    2.5001            (X_U76.N1492098)    2.7548                

(X_U76.N1492108)    2.6699            (X_U76.N1492118)    2.6699                

(X_U76.N1492126)    2.6699            (X_U76.N1492376)    2.6699                

(X_U76.N1534615)    6.8373            (X_U76.N1534625)    2.6519                

(X_U76.N1534635)    2.6519            (X_U76.N1534645)    2.6519                

(X_U76.N1534887)    2.6519            (X_U76.N1541593)    6.3796                

(X_U76.N1541603)    2.6359            (X_U1.CLAW_CLAMP)    3.9562               

(X_U73.X_I_NP2.3)    0.0000           (X_U73.X_I_NP2.4)    0.0000               

(X_U73.X_I_NP2.5)    0.0000           (X_U73.X_I_NP2.6)    0.0000               

(X_U73.X_I_NP2.7)     .8338           (X_U73.X_I_NP2.8)     .8338               

(X_U76.X_I_NP1.3)    0.0000           (X_U76.X_I_NP1.4)    0.0000               

(X_U76.X_I_NP1.5)    0.0000           (X_U76.X_I_NP1.6)    0.0000               

(X_U76.X_I_NP1.7)     .8338           (X_U76.X_I_NP1.8)     .8338               

(X_U1.SW_OL_OPAx277)    1.0000        (X_U73.X_VOS_VS_VCM.1)    -.0070          

(X_U76.X_VOS_VS_VCM.1)    3.9006      




    VOLTAGE SOURCE CURRENTS
    NAME         CURRENT

    V_V2        -1.369E-02
    V_V6        -4.612E-04
    V_V5        -8.492E-04
    V_V1        -4.081E-02
    X_U76.V_VCM_MAX  -2.100E-09
    X_U76.V_VCM_MIN   1.400E-09
    X_U1.V_VCM_MAX  -3.001E-12
    X_U1.V_VCM_MIN   3.001E-12
    X_U1.V_V_GRN   7.500E-11
    X_U1.V_V_GRP  -7.500E-11
    X_U1.V_V_ISCN   3.500E-11
    X_U1.V_V_ISCP  -3.500E-11
    X_U1.V_V_ORN   0.000E+00
    X_U1.V_V_ORP   0.000E+00
    X_U73.V_VCM_MAX  -3.300E-09
    X_U73.V_VCM_MIN   3.300E-09
    X_U76.X_H3.VH_H3  -1.245E-05
    X_U76.X_VOS_VS_VCM.V1   4.097E-13
    X_U1.X_H1.VH_H1   9.576E-03
    X_U1.X_H2.VH_H2   6.872E-01
    X_U1.X_H3.VH_H3   4.676E-09
    X_U73.X_H3.VH_H3  -1.980E-05
    X_U73.X_VOS_VS_VCM.V1  -9.661E-17

    TOTAL POWER DISSIPATION   2.79E-01  WATTS


Model-Specific Temperatures During Sweep  Param value = 0.00183

 **** RESISTORS

               X_U76.R_R1 <X_U76.R_NOISELESS> (T_Current -273.15 T_Measured 27)
                              X_U76.R_R10 <X_U76.R_NOISELESS> (T_Current -273.15 T_Measured 27)
                                             X_U76.R_R107 <X_U76.R_NOISELESS> (T_Current -273.15 T_Measured 27)

          R        1.000E-02      1.000E-03      1.000E+00  


               X_U76.R_R108 <X_U76.R_NOISELESS> (T_Current -273.15 T_Measured 27)
                              X_U76.R_R109 <X_U76.R_NOISELESS> (T_Current -273.15 T_Measured 27)
                                             X_U76.R_R110 <X_U76.R_NOISELESS> (T_Current -273.15 T_Measured 27)

          R        1.000E+12      1.000E+00      1.000E-03  


               X_U76.R_R111 <X_U76.R_NOISELESS> (T_Current -273.15 T_Measured 27)
                              X_U76.R_R112 <X_U76.R_NOISELESS> (T_Current -273.15 T_Measured 27)
                                             X_U76.R_R113 <X_U76.R_NOISELESS> (T_Current -273.15 T_Measured 27)

          R        1.000E+06      1.000E+06      1.000E-03  


               X_U76.R_R146 <X_U76.R_NOISELESS> (T_Current -273.15 T_Measured 27)
                              X_U76.R_R147 <X_U76.R_NOISELESS> (T_Current -273.15 T_Measured 27)
                                             X_U76.R_R148 <X_U76.R_NOISELESS> (T_Current -273.15 T_Measured 27)

          R        1.000E+00      1.000E+00      1.000E+00  


               X_U76.R_R162 <X_U76.R_NOISELESS> (T_Current -273.15 T_Measured 27)
                              X_U76.R_R1A <X_U76.R_NOISELESS> (T_Current -273.15 T_Measured 27)
                                             X_U76.R_R1A1 <X_U76.R_NOISELESS> (T_Current -273.15 T_Measured 27)

          R        5.000E+03      1.000E+04      3.000E+01  


               X_U76.R_R1A14 <X_U76.R_NOISELESS> (T_Current -273.15 T_Measured 27)
                              X_U76.R_R1A15 <X_U76.R_NOISELESS> (T_Current -273.15 T_Measured 27)
                                             X_U76.R_R1A16 <X_U76.R_NOISELESS> (T_Current -273.15 T_Measured 27)

          R        1.000E+04      1.000E+04      2.800E+00  


               X_U76.R_R1A17 <X_U76.R_NOISELESS> (T_Current -273.15 T_Measured 27)
                              X_U76.R_R1A18 <X_U76.R_NOISELESS> (T_Current -273.15 T_Measured 27)
                                             X_U76.R_R1A40 <X_U76.R_NOISELESS> (T_Current -273.15 T_Measured 27)

          R        1.000E+04      1.000E+04      1.000E+04  


               X_U76.R_R1A41 <X_U76.R_NOISELESS> (T_Current -273.15 T_Measured 27)
                              X_U76.R_R1A42 <X_U76.R_NOISELESS> (T_Current -273.15 T_Measured 27)
                                             X_U76.R_R1A43 <X_U76.R_NOISELESS> (T_Current -273.15 T_Measured 27)

          R        7.000E+00      1.000E+04      3.000E+01  


               X_U76.R_R1A44 <X_U76.R_NOISELESS> (T_Current -273.15 T_Measured 27)
                              X_U76.R_R1A45 <X_U76.R_NOISELESS> (T_Current -273.15 T_Measured 27)
                                             X_U76.R_R2 <X_U76.R_NOISELESS> (T_Current -273.15 T_Measured 27)

          R        1.000E+01      1.000E+01      1.000E-02  


               X_U76.R_R21 <X_U76.R_NOISELESS> (T_Current -273.15 T_Measured 27)
                              X_U76.R_R211 <X_U76.R_NOISELESS> (T_Current -273.15 T_Measured 27)
                                             X_U76.R_R225 <X_U76.R_NOISELESS> (T_Current -273.15 T_Measured 27)

          R        1.000E+03      1.000E+00      1.000E+00  


               X_U76.R_R226 <X_U76.R_NOISELESS> (T_Current -273.15 T_Measured 27)
                              X_U76.R_R245 <X_U76.R_NOISELESS> (T_Current -273.15 T_Measured 27)
                                             X_U76.R_R246 <X_U76.R_NOISELESS> (T_Current -273.15 T_Measured 27)

          R        3.000E+01      4.500E+03      1.000E+00  


               X_U76.R_R247 <X_U76.R_NOISELESS> (T_Current -273.15 T_Measured 27)
                              X_U76.R_R248 <X_U76.R_NOISELESS> (T_Current -273.15 T_Measured 27)
                                             X_U76.R_R249 <X_U76.R_NOISELESS> (T_Current -273.15 T_Measured 27)

          R        1.000E+00      1.000E+00      1.000E+00  


               X_U76.R_R25 <X_U76.R_NOISELESS> (T_Current -273.15 T_Measured 27)
                              X_U76.R_R250 <X_U76.R_NOISELESS> (T_Current -273.15 T_Measured 27)
                                             X_U76.R_R251 <X_U76.R_NOISELESS> (T_Current -273.15 T_Measured 27)

          R        1.000E+09      1.000E+00      1.000E+00  


               X_U76.R_R252 <X_U76.R_NOISELESS> (T_Current -273.15 T_Measured 27)
                              X_U76.R_R253 <X_U76.R_NOISELESS> (T_Current -273.15 T_Measured 27)
                                             X_U76.R_R26 <X_U76.R_NOISELESS> (T_Current -273.15 T_Measured 27)

          R        1.000E+00      1.000E+00      1.000E+09  


               X_U76.R_R27 <X_U76.R_NOISELESS> (T_Current -273.15 T_Measured 27)
                              X_U76.R_R28 <X_U76.R_NOISELESS> (T_Current -273.15 T_Measured 27)
                                             X_U76.R_R29 <X_U76.R_NOISELESS> (T_Current -273.15 T_Measured 27)

          R        1.000E+00      1.000E-03      1.000E+03  


               X_U76.R_R2A <X_U76.R_NOISELESS> (T_Current -273.15 T_Measured 27)
                              X_U76.R_R2A1 <X_U76.R_NOISELESS> (T_Current -273.15 T_Measured 27)
                                             X_U76.R_R2A16 <X_U76.R_NOISELESS> (T_Current -273.15 T_Measured 27)

          R        2.000E+04      1.000E+01      5.420E-01  


               X_U76.R_R2A17 <X_U76.R_NOISELESS> (T_Current -273.15 T_Measured 27)
                              X_U76.R_R2A18 <X_U76.R_NOISELESS> (T_Current -273.15 T_Measured 27)
                                             X_U76.R_R2A36 <X_U76.R_NOISELESS> (T_Current -273.15 T_Measured 27)

          R        4.822E+02      4.822E+02      8.500E-01  


               X_U76.R_R2A37 <X_U76.R_NOISELESS> (T_Current -273.15 T_Measured 27)
                              X_U76.R_R2A40 <X_U76.R_NOISELESS> (T_Current -273.15 T_Measured 27)
                                             X_U76.R_R2A41 <X_U76.R_NOISELESS> (T_Current -273.15 T_Measured 27)

          R        3.010E+01      7.000E-01      1.000E+01  


               X_U76.R_R2A42 <X_U76.R_NOISELESS> (T_Current -273.15 T_Measured 27)
                              X_U76.R_R2A43 <X_U76.R_NOISELESS> (T_Current -273.15 T_Measured 27)
                                             X_U76.R_R3 <X_U76.R_NOISELESS> (T_Current -273.15 T_Measured 27)

          R        3.630E-01      3.630E-01      2.300E+06  


               X_U76.R_R30 <X_U76.R_NOISELESS> (T_Current -273.15 T_Measured 27)
                              X_U76.R_R31 <X_U76.R_NOISELESS> (T_Current -273.15 T_Measured 27)
                                             X_U76.R_R32 <X_U76.R_NOISELESS> (T_Current -273.15 T_Measured 27)

          R        1.000E-03      1.000E+03      1.000E+03  


               X_U76.R_R33 <X_U76.R_NOISELESS> (T_Current -273.15 T_Measured 27)
                              X_U76.R_R34 <X_U76.R_NOISELESS> (T_Current -273.15 T_Measured 27)
                                             X_U76.R_R4 <X_U76.R_NOISELESS> (T_Current -273.15 T_Measured 27)

          R        1.000E-03      1.000E+03      2.300E+06  


               X_U76.R_R6 <X_U76.R_NOISELESS> (T_Current -273.15 T_Measured 27)
                              X_U76.R_R60 <X_U76.R_NOISELESS> (T_Current -273.15 T_Measured 27)
                                             X_U76.R_R8 <X_U76.R_NOISELESS> (T_Current -273.15 T_Measured 27)

          R        1.000E+00      1.000E+00      1.000E+03  


               X_U76.R_R81 <X_U76.R_NOISELESS> (T_Current -273.15 T_Measured 27)
                              X_U76.R_R83 <X_U76.R_NOISELESS> (T_Current -273.15 T_Measured 27)
                                             X_U76.R_R9 <X_U76.R_NOISELESS> (T_Current -273.15 T_Measured 27)

          R        1.000E+09      1.000E+09      1.000E-03  


               X_U76.R_RDUMMY <X_U76.R_NOISELESS> (T_Current -273.15 T_Measured 27)
                              X_U76.R_RX <X_U76.R_NOISELESS> (T_Current -273.15 T_Measured 27)
                                             X_U76.R_R_VIMON <X_U76.R_NOISELESS> (T_Current -273.15 T_Measured 27)

          R        1.400E+02      1.400E+03      1.000E+02  


               X_U76.R_R_VOUT_S <X_U76.R_NOISELESS> (T_Current -273.15 T_Measured 27)
                              X_U1.R_R10 <X_U1.R_NOISELESS> (T_Current -273.15 T_Measured 27)
                                             X_U1.R_R11 <X_U1.R_NOISELESS> (T_Current -273.15 T_Measured 27)

          R        1.000E+02      1.000E+00      3.333E+01  


               X_U1.R_R12 <X_U1.R_NOISELESS> (T_Current -273.15 T_Measured 27)
                              X_U1.R_R13 <X_U1.R_NOISELESS> (T_Current -273.15 T_Measured 27)
                                             X_U1.R_R139 <X_U1.R_NOISELESS> (T_Current -273.15 T_Measured 27)

          R        1.000E+08      1.000E+00      1.057E+04  


               X_U1.R_R14 <X_U1.R_NOISELESS> (T_Current -273.15 T_Measured 27)
                              X_U1.R_R140 <X_U1.R_NOISELESS> (T_Current -273.15 T_Measured 27)
                                             X_U1.R_R141 <X_U1.R_NOISELESS> (T_Current -273.15 T_Measured 27)

          R        3.287E+04      1.000E+04      1.000E+00  


               X_U1.R_R142 <X_U1.R_NOISELESS> (T_Current -273.15 T_Measured 27)
                              X_U1.R_R143 <X_U1.R_NOISELESS> (T_Current -273.15 T_Measured 27)
                                             X_U1.R_R144 <X_U1.R_NOISELESS> (T_Current -273.15 T_Measured 27)

          R        1.000E+04      1.000E+00      7.603E+00  


               X_U1.R_R15 <X_U1.R_NOISELESS> (T_Current -273.15 T_Measured 27)
                              X_U1.R_R158 <X_U1.R_NOISELESS> (T_Current -273.15 T_Measured 27)
                                             X_U1.R_R159 <X_U1.R_NOISELESS> (T_Current -273.15 T_Measured 27)

          R        1.000E-03      1.000E+04      1.000E+00  


               X_U1.R_R16 <X_U1.R_NOISELESS> (T_Current -273.15 T_Measured 27)
                              X_U1.R_R160 <X_U1.R_NOISELESS> (T_Current -273.15 T_Measured 27)
                                             X_U1.R_R161 <X_U1.R_NOISELESS> (T_Current -273.15 T_Measured 27)

          R        1.000E+03      6.670E+03      1.000E+06  


               X_U1.R_R162 <X_U1.R_NOISELESS> (T_Current -273.15 T_Measured 27)
                              X_U1.R_R166 <X_U1.R_NOISELESS> (T_Current -273.15 T_Measured 27)
                                             X_U1.R_R167 <X_U1.R_NOISELESS> (T_Current -273.15 T_Measured 27)

          R        1.000E+06      1.000E+06      1.000E+02  


               X_U1.R_R168 <X_U1.R_NOISELESS> (T_Current -273.15 T_Measured 27)
                              X_U1.R_R169 <X_U1.R_NOISELESS> (T_Current -273.15 T_Measured 27)
                                             X_U1.R_R17 <X_U1.R_NOISELESS> (T_Current -273.15 T_Measured 27)

          R        1.000E+04      1.000E+00      1.000E-03  


               X_U1.R_R170 <X_U1.R_NOISELESS> (T_Current -273.15 T_Measured 27)
                              X_U1.R_R171 <X_U1.R_NOISELESS> (T_Current -273.15 T_Measured 27)
                                             X_U1.R_R172 <X_U1.R_NOISELESS> (T_Current -273.15 T_Measured 27)

          R        5.934E+03      1.000E+06      9.869E+04  


               X_U1.R_R173 <X_U1.R_NOISELESS> (T_Current -273.15 T_Measured 27)
                              X_U1.R_R174 <X_U1.R_NOISELESS> (T_Current -273.15 T_Measured 27)
                                             X_U1.R_R175 <X_U1.R_NOISELESS> (T_Current -273.15 T_Measured 27)

          R        1.000E+04      1.000E+00      5.157E+04  


               X_U1.R_R176 <X_U1.R_NOISELESS> (T_Current -273.15 T_Measured 27)
                              X_U1.R_R177 <X_U1.R_NOISELESS> (T_Current -273.15 T_Measured 27)
                                             X_U1.R_R178 <X_U1.R_NOISELESS> (T_Current -273.15 T_Measured 27)

          R        1.000E+04      1.000E+00      9.484E+03  


               X_U1.R_R179 <X_U1.R_NOISELESS> (T_Current -273.15 T_Measured 27)
                              X_U1.R_R18 <X_U1.R_NOISELESS> (T_Current -273.15 T_Measured 27)
                                             X_U1.R_R180 <X_U1.R_NOISELESS> (T_Current -273.15 T_Measured 27)

          R        1.000E+04      1.000E+12      1.000E+00  


               X_U1.R_R181 <X_U1.R_NOISELESS> (T_Current -273.15 T_Measured 27)
                              X_U1.R_R182 <X_U1.R_NOISELESS> (T_Current -273.15 T_Measured 27)
                                             X_U1.R_R183 <X_U1.R_NOISELESS> (T_Current -273.15 T_Measured 27)

          R        9.500E+03      1.000E+04      1.000E+00  


               X_U1.R_R184 <X_U1.R_NOISELESS> (T_Current -273.15 T_Measured 27)
                              X_U1.R_R185 <X_U1.R_NOISELESS> (T_Current -273.15 T_Measured 27)
                                             X_U1.R_R186 <X_U1.R_NOISELESS> (T_Current -273.15 T_Measured 27)

          R        5.875E+03      1.000E+04      1.000E+00  


               X_U1.R_R187 <X_U1.R_NOISELESS> (T_Current -273.15 T_Measured 27)
                              X_U1.R_R188 <X_U1.R_NOISELESS> (T_Current -273.15 T_Measured 27)
                                             X_U1.R_R189 <X_U1.R_NOISELESS> (T_Current -273.15 T_Measured 27)

          R        3.086E+03      1.000E+04      1.000E+00  


               X_U1.R_R19 <X_U1.R_NOISELESS> (T_Current -273.15 T_Measured 27)
                              X_U1.R_R190 <X_U1.R_NOISELESS> (T_Current -273.15 T_Measured 27)
                                             X_U1.R_R191 <X_U1.R_NOISELESS> (T_Current -273.15 T_Measured 27)

          R        1.000E+12      1.000E+04      1.001E+01  


               X_U1.R_R192 <X_U1.R_NOISELESS> (T_Current -273.15 T_Measured 27)
                              X_U1.R_R193 <X_U1.R_NOISELESS> (T_Current -273.15 T_Measured 27)
                                             X_U1.R_R20 <X_U1.R_NOISELESS> (T_Current -273.15 T_Measured 27)

          R        1.000E+00      1.000E+00      1.000E+00  


               X_U1.R_R21 <X_U1.R_NOISELESS> (T_Current -273.15 T_Measured 27)
                              X_U1.R_R22 <X_U1.R_NOISELESS> (T_Current -273.15 T_Measured 27)
                                             X_U1.R_R23 <X_U1.R_NOISELESS> (T_Current -273.15 T_Measured 27)

          R        1.000E-03      1.000E+06      1.000E+06  


               X_U1.R_R24 <X_U1.R_NOISELESS> (T_Current -273.15 T_Measured 27)
                              X_U1.R_R32 <X_U1.R_NOISELESS> (T_Current -273.15 T_Measured 27)
                                             X_U1.R_R33 <X_U1.R_NOISELESS> (T_Current -273.15 T_Measured 27)

          R        1.000E+03      1.000E+03      1.000E+03  


               X_U1.R_R34 <X_U1.R_NOISELESS> (T_Current -273.15 T_Measured 27)
                              X_U1.R_R35 <X_U1.R_NOISELESS> (T_Current -273.15 T_Measured 27)
                                             X_U1.R_R36 <X_U1.R_NOISELESS> (T_Current -273.15 T_Measured 27)

          R        1.000E+04      1.000E+00      1.095E+04  


               X_U1.R_R43 <X_U1.R_NOISELESS> (T_Current -273.15 T_Measured 27)
                              X_U1.R_R46 <X_U1.R_NOISELESS> (T_Current -273.15 T_Measured 27)
                                             X_U1.R_R47 <X_U1.R_NOISELESS> (T_Current -273.15 T_Measured 27)

          R        1.000E+00      1.000E+00      1.000E-03  


               X_U1.R_R48 <X_U1.R_NOISELESS> (T_Current -273.15 T_Measured 27)
                              X_U1.R_R49 <X_U1.R_NOISELESS> (T_Current -273.15 T_Measured 27)
                                             X_U1.R_R5 <X_U1.R_NOISELESS> (T_Current -273.15 T_Measured 27)

          R        1.000E+06      1.000E+12      1.000E+00  


               X_U1.R_R50 <X_U1.R_NOISELESS> (T_Current -273.15 T_Measured 27)
                              X_U1.R_R51 <X_U1.R_NOISELESS> (T_Current -273.15 T_Measured 27)
                                             X_U1.R_R52 <X_U1.R_NOISELESS> (T_Current -273.15 T_Measured 27)

          R        1.000E+06      1.000E-03      1.000E+00  


               X_U1.R_R53 <X_U1.R_NOISELESS> (T_Current -273.15 T_Measured 27)
                              X_U1.R_R54 <X_U1.R_NOISELESS> (T_Current -273.15 T_Measured 27)
                                             X_U1.R_R55 <X_U1.R_NOISELESS> (T_Current -273.15 T_Measured 27)

          R        1.000E+12      1.000E+00      1.000E-03  


               X_U1.R_R56 <X_U1.R_NOISELESS> (T_Current -273.15 T_Measured 27)
                              X_U1.R_R57 <X_U1.R_NOISELESS> (T_Current -273.15 T_Measured 27)
                                             X_U1.R_R58 <X_U1.R_NOISELESS> (T_Current -273.15 T_Measured 27)

          R        1.000E+12      1.000E+00      1.000E-03  


               X_U1.R_R59 <X_U1.R_NOISELESS> (T_Current -273.15 T_Measured 27)
                              X_U1.R_R6 <X_U1.R_NOISELESS> (T_Current -273.15 T_Measured 27)
                                             X_U1.R_R60 <X_U1.R_NOISELESS> (T_Current -273.15 T_Measured 27)

          R        1.000E+12      1.000E+08      1.000E+00  


               X_U1.R_R61 <X_U1.R_NOISELESS> (T_Current -273.15 T_Measured 27)
                              X_U1.R_R62 <X_U1.R_NOISELESS> (T_Current -273.15 T_Measured 27)
                                             X_U1.R_R63 <X_U1.R_NOISELESS> (T_Current -273.15 T_Measured 27)

          R        1.000E-03      1.000E-03      1.000E+12  


               X_U1.R_R64 <X_U1.R_NOISELESS> (T_Current -273.15 T_Measured 27)
                              X_U1.R_R65 <X_U1.R_NOISELESS> (T_Current -273.15 T_Measured 27)
                                             X_U1.R_R66 <X_U1.R_NOISELESS> (T_Current -273.15 T_Measured 27)

          R        1.000E+00      1.000E+12      1.000E+00  


               X_U1.R_R67 <X_U1.R_NOISELESS> (T_Current -273.15 T_Measured 27)
                              X_U1.R_R68 <X_U1.R_NOISELESS> (T_Current -273.15 T_Measured 27)
                                             X_U1.R_R69 <X_U1.R_NOISELESS> (T_Current -273.15 T_Measured 27)

          R        1.000E-03      1.000E-03      1.000E+12  


               X_U1.R_R7 <X_U1.R_NOISELESS> (T_Current -273.15 T_Measured 27)
                              X_U1.R_R70 <X_U1.R_NOISELESS> (T_Current -273.15 T_Measured 27)
                                             X_U1.R_R71 <X_U1.R_NOISELESS> (T_Current -273.15 T_Measured 27)

          R        8.332E+00      1.000E+00      1.000E-03  


               X_U1.R_R72 <X_U1.R_NOISELESS> (T_Current -273.15 T_Measured 27)
                              X_U1.R_R73 <X_U1.R_NOISELESS> (T_Current -273.15 T_Measured 27)
                                             X_U1.R_R74 <X_U1.R_NOISELESS> (T_Current -273.15 T_Measured 27)

          R        1.000E+03      1.000E-03      1.000E+03  


               X_U1.R_R75 <X_U1.R_NOISELESS> (T_Current -273.15 T_Measured 27)
                              X_U1.R_R76 <X_U1.R_NOISELESS> (T_Current -273.15 T_Measured 27)
                                             X_U1.R_R77 <X_U1.R_NOISELESS> (T_Current -273.15 T_Measured 27)

          R        1.000E-03      1.000E+03      1.000E+03  


               X_U1.R_R78 <X_U1.R_NOISELESS> (T_Current -273.15 T_Measured 27)
                              X_U1.R_R79 <X_U1.R_NOISELESS> (T_Current -273.15 T_Measured 27)
                                             X_U1.R_R8 <X_U1.R_NOISELESS> (T_Current -273.15 T_Measured 27)

          R        1.000E+00      1.000E+00      1.000E+03  


               X_U1.R_R80 <X_U1.R_NOISELESS> (T_Current -273.15 T_Measured 27)
                              X_U1.R_R81 <X_U1.R_NOISELESS> (T_Current -273.15 T_Measured 27)
                                             X_U1.R_R82 <X_U1.R_NOISELESS> (T_Current -273.15 T_Measured 27)

          R        1.000E+02      1.000E+02      1.000E+00  


               X_U1.R_R83 <X_U1.R_NOISELESS> (T_Current -273.15 T_Measured 27)
                              X_U1.R_R9 <X_U1.R_NOISELESS> (T_Current -273.15 T_Measured 27)
                                             X_U1.R_RDUMMY <X_U1.R_NOISELESS> (T_Current -273.15 T_Measured 27)

          R        1.000E+02      1.000E+08      6.858E+03  


               X_U1.R_RS_INN <X_U1.R_NOISELESS> (T_Current -273.15 T_Measured 27)
                              X_U1.R_RS_INP <X_U1.R_NOISELESS> (T_Current -273.15 T_Measured 27)
                                             X_U1.R_RX <X_U1.R_NOISELESS> (T_Current -273.15 T_Measured 27)

          R        1.000E+03      1.000E+03      6.858E+04  


               X_U1.R_RX1 <X_U1.R_NOISELESS> (T_Current -273.15 T_Measured 27)
                              X_U1.R_RX2 <X_U1.R_NOISELESS> (T_Current -273.15 T_Measured 27)
                                             X_U1.R_RX3 <X_U1.R_NOISELESS> (T_Current -273.15 T_Measured 27)

          R        1.000E+12      1.000E+02      1.000E+12  


               X_U1.R_RX4 <X_U1.R_NOISELESS> (T_Current -273.15 T_Measured 27)
                              X_U1.R_R_COM0 <X_U1.R_NOISELESS> (T_Current -273.15 T_Measured 27)
                                             X_U1.R_R_COM1 <X_U1.R_NOISELESS> (T_Current -273.15 T_Measured 27)

          R        1.000E+02      1.000E+12      1.000E+12  


               X_U1.R_R_DIFF <X_U1.R_NOISELESS> (T_Current -273.15 T_Measured 27)
                              X_U73.R_R107 <X_U73.R_NOISELESS> (T_Current -273.15 T_Measured 27)
                                             X_U73.R_R108 <X_U73.R_NOISELESS> (T_Current -273.15 T_Measured 27)

          R        1.000E+08      1.000E+00      1.000E+12  


               X_U73.R_R109 <X_U73.R_NOISELESS> (T_Current -273.15 T_Measured 27)
                              X_U73.R_R110 <X_U73.R_NOISELESS> (T_Current -273.15 T_Measured 27)
                                             X_U73.R_R111 <X_U73.R_NOISELESS> (T_Current -273.15 T_Measured 27)

          R        1.000E+00      1.000E-03      1.000E+06  


               X_U73.R_R112 <X_U73.R_NOISELESS> (T_Current -273.15 T_Measured 27)
                              X_U73.R_R113 <X_U73.R_NOISELESS> (T_Current -273.15 T_Measured 27)
                                             X_U73.R_R136 <X_U73.R_NOISELESS> (T_Current -273.15 T_Measured 27)

          R        1.000E+06      1.000E-03      1.000E+00  


               X_U73.R_R169 <X_U73.R_NOISELESS> (T_Current -273.15 T_Measured 27)
                              X_U73.R_R1A1 <X_U73.R_NOISELESS> (T_Current -273.15 T_Measured 27)
                                             X_U73.R_R1A3 <X_U73.R_NOISELESS> (T_Current -273.15 T_Measured 27)

          R        2.900E+01      1.000E+04      1.000E+04  


               X_U73.R_R1A4 <X_U73.R_NOISELESS> (T_Current -273.15 T_Measured 27)
                              X_U73.R_R2 <X_U73.R_NOISELESS> (T_Current -273.15 T_Measured 27)
                                             X_U73.R_R21 <X_U73.R_NOISELESS> (T_Current -273.15 T_Measured 27)

          R        1.000E+04      1.000E-02      1.000E+03  


               X_U73.R_R25 <X_U73.R_NOISELESS> (T_Current -273.15 T_Measured 27)
                              X_U73.R_R26 <X_U73.R_NOISELESS> (T_Current -273.15 T_Measured 27)
                                             X_U73.R_R261 <X_U73.R_NOISELESS> (T_Current -273.15 T_Measured 27)

          R        1.000E+09      1.000E+09      1.000E+00  


               X_U73.R_R27 <X_U73.R_NOISELESS> (T_Current -273.15 T_Measured 27)
                              X_U73.R_R28 <X_U73.R_NOISELESS> (T_Current -273.15 T_Measured 27)
                                             X_U73.R_R29 <X_U73.R_NOISELESS> (T_Current -273.15 T_Measured 27)

          R        1.000E+00      1.000E-03      1.000E+03  


               X_U73.R_R2A1 <X_U73.R_NOISELESS> (T_Current -273.15 T_Measured 27)
                              X_U73.R_R2A4 <X_U73.R_NOISELESS> (T_Current -273.15 T_Measured 27)
                                             X_U73.R_R2A5 <X_U73.R_NOISELESS> (T_Current -273.15 T_Measured 27)

          R        1.700E+01      2.000E+01      1.200E+01  


               X_U73.R_R3 <X_U73.R_NOISELESS> (T_Current -273.15 T_Measured 27)
                              X_U73.R_R30 <X_U73.R_NOISELESS> (T_Current -273.15 T_Measured 27)
                                             X_U73.R_R31 <X_U73.R_NOISELESS> (T_Current -273.15 T_Measured 27)

          R        2.800E+05      1.000E-03      1.000E+03  


               X_U73.R_R32 <X_U73.R_NOISELESS> (T_Current -273.15 T_Measured 27)
                              X_U73.R_R33 <X_U73.R_NOISELESS> (T_Current -273.15 T_Measured 27)
                                             X_U73.R_R34 <X_U73.R_NOISELESS> (T_Current -273.15 T_Measured 27)

          R        1.000E+03      1.000E-03      1.000E+03  


               X_U73.R_R35 <X_U73.R_NOISELESS> (T_Current -273.15 T_Measured 27)
                              X_U73.R_R36 <X_U73.R_NOISELESS> (T_Current -273.15 T_Measured 27)
                                             X_U73.R_R363 <X_U73.R_NOISELESS> (T_Current -273.15 T_Measured 27)

          R        1.000E+09      1.000E+00      1.000E+00  


               X_U73.R_R364 <X_U73.R_NOISELESS> (T_Current -273.15 T_Measured 27)
                              X_U73.R_R37 <X_U73.R_NOISELESS> (T_Current -273.15 T_Measured 27)
                                             X_U73.R_R38 <X_U73.R_NOISELESS> (T_Current -273.15 T_Measured 27)

          R        1.000E+00      1.000E-03      1.000E-03  


               X_U73.R_R39 <X_U73.R_NOISELESS> (T_Current -273.15 T_Measured 27)
                              X_U73.R_R40 <X_U73.R_NOISELESS> (T_Current -273.15 T_Measured 27)
                                             X_U73.R_R5 <X_U73.R_NOISELESS> (T_Current -273.15 T_Measured 27)

          R        1.000E+00      1.000E+09      1.000E+00  


               X_U73.R_R60 <X_U73.R_NOISELESS> (T_Current -273.15 T_Measured 27)
                              X_U73.R_R8 <X_U73.R_NOISELESS> (T_Current -273.15 T_Measured 27)
                                             X_U73.R_R81 <X_U73.R_NOISELESS> (T_Current -273.15 T_Measured 27)

          R        3.700E+04      1.000E+03      1.000E+09  


               X_U73.R_R83 <X_U73.R_NOISELESS> (T_Current -273.15 T_Measured 27)
                              X_U73.R_R9 <X_U73.R_NOISELESS> (T_Current -273.15 T_Measured 27)
                                             X_U73.R_R_VIMON <X_U73.R_NOISELESS> (T_Current -273.15 T_Measured 27)

          R        1.000E+09      1.000E-03      1.000E+02  


               X_U73.R_R_VOUT_S <X_U73.R_NOISELESS> (T_Current -273.15 T_Measured 27)

          R        1.000E+02  



**** 04/05/25 22:08:30 *** PSpice 24.1.0 (26 February 2025) *** ID# 0 ********

 ** Profile: "SCHEMATIC1-asdfa"  [ c:\users\user\appdata\roaming\spb_data\cdssetup\workspace\projects\tiaopa695\TIAOPA695-PSpiceFiles


 ****     INITIAL TRANSIENT SOLUTION       TEMPERATURE =   27.000 DEG C

 ****     CURRENT STEP                     PARAM IVAR =    1.8300E-03


******************************************************************************



 NODE   VOLTAGE     NODE   VOLTAGE     NODE   VOLTAGE     NODE   VOLTAGE


(  VCC)    5.0000  (  VEE)   -5.0000  (N1113089)    3.8997                      

(N1113125)    3.9059                  (N1113485)    3.9010                      

(N1113565)    5.0000                  (N1113637)    1.9901                      

(N1113647)    3.9027                  (N1113661)    3.3016                      

(N1113879)   -5.0000                  (N1114737)     .0070                      

(N1114747)     .0070                  (N1114761)     .0168                      

(N1114963)     .0168                  (N1114991)-260.0E-06                      

(X_U1.MID)-423.5E-18                  (X_U1.V11)-4.676E-09                      

(X_U1.V12)     .6872                  (X_U76.ZO)    3.9059                      

(X_U1.ESDN)    2.3782                 (X_U1.ESDP)    2.9136                     

(X_U1.VCLP)    3.9562                 (X_U73.AOL)     .0168                     

(X_U73.MID)-211.8E-18                 (X_U76.MID)    2.5000                     

(X_U1.CLAMP)    6.6228                (X_U1.VCC_B)    5.0000                    

(X_U1.VEE_B)   -5.0000                (X_U1.VIMON)    9.5755                    

(X_U73.CMRR)-482.6E-09                (X_U76.CMRR)    2.5000                    

(X_U76.ESDN)    3.8997                (X_U76.ESDP)    3.9010                    

(X_U1.VOUT_S)    3.9027               (X_U1.VSENSE)    6.6228                   

(X_U1.X_U1.3)    0.0000               (X_U1.X_U1.4)    0.0000                   

(X_U1.X_U1.5)    0.0000               (X_U1.X_U1.6)    0.0000                   

(X_U1.X_U1.7)     .8338               (X_U1.X_U1.8)     .8338                   

(X_U73.CLAMP)     .0168               (X_U73.VCC_B)    5.0000                   

(X_U73.VEE_B)   -5.0000               (X_U73.VIMON)     .0198                   

(X_U76.CLAMP)    4.1283               (X_U76.PSRRN)    2.5002                   

(X_U76.PSRRP)    2.5001               (X_U76.VCC_B)    5.0000                   

(X_U76.VEE_B) 2.501E-06               (X_U76.VIMON)    2.5124                   

(X_U1.VCC_CLP)    3.9000              (X_U1.VEE_CLP)   -4.8260                  

(X_U1.X_U39.3)    0.0000              (X_U1.X_U39.4)    0.0000                  

(X_U1.X_U39.5)    0.0000              (X_U1.X_U39.6)    0.0000                  

(X_U1.X_U39.7)     .8338              (X_U1.X_U39.8)     .8338                  

(X_U1.X_U40.3)    0.0000              (X_U1.X_U40.4)    0.0000                  

(X_U1.X_U40.5)    0.0000              (X_U1.X_U40.6)    0.0000                  

(X_U1.X_U40.7)     .8338              (X_U1.X_U40.8)     .8338                  

(X_U73.AOLNET)    -.0168              (X_U73.N05102)     .0070                  

(X_U73.N06456)-260.0E-06              (X_U73.N10561)    -.0070                  

(X_U73.N10570)    -.0070              (X_U73.N11984)    -.0070                  

(X_U73.N25816)     .0070              (X_U73.N28602)   -3.3000                  

(X_U73.N30136)    3.3000              (X_U73.N30913)     .0070                  

(X_U73.N31014)     .0070              (X_U73.N35669)    4.1998                  

(X_U73.N35813)    4.1998              (X_U73.N38050)   -4.2000                  

(X_U73.N38096)   -4.2000              (X_U73.N42663)-211.8E-18                  

(X_U73.N42834)-211.8E-18              (X_U73.N44757)-211.8E-18                  

(X_U73.N44799)-211.8E-18              (X_U73.VOUT_S)     .0168                  

(X_U76.AOLNET)    2.4992              (X_U76.N06456)    3.9010                  

(X_U76.N10561)    3.9006              (X_U76.N10570)    3.9006                  

(X_U76.N11984)    3.9006              (X_U76.N11991)    3.8997                  

(X_U76.N25816)    3.9005              (X_U76.N28602)    1.1000                  

(X_U76.N30136)    4.6000              (X_U76.N30913)    3.9005                  

(X_U76.N31014)    3.9005              (X_U76.N35675)    4.2118                  

(X_U76.N35813)    4.2118              (X_U76.N38050)    1.0201                  

(X_U76.N38096)    1.0201              (X_U76.VOUT_S)    3.9059                  

(X_U76.X_U1.3)    0.0000              (X_U76.X_U1.4)    0.0000                  

(X_U76.X_U1.5)    0.0000              (X_U76.X_U1.6)    0.0000                  

(X_U76.X_U1.7)     .8338              (X_U76.X_U1.8)     .8338                  

(X_U1.CL_CLAMP)    3.9562             (X_U1.N2986935)    2.9136                 

(X_U1.N2986947) 291.4E-09             (X_U1.N2986949)    2.9136                 

(X_U1.N2986957)    2.9136             (X_U1.N2986973)-1.581E-06                 

(X_U1.N2986975) 1.581E-06             (X_U1.N2986977)    2.9136                 

(X_U1.N2986981)    2.9136             (X_U1.N2987013)    2.3782                 

(X_U1.N2987017)    3.0000             (X_U1.N2987029)   -3.0000                 

(X_U1.N2987037)    2.9136             (X_U1.N2987051)    2.9136                 

(X_U1.N2987061)   53.5400             (X_U1.N2987123)     .0027                 

(X_U1.N2987135)     .0027             (X_U1.N2987157)-423.5E-18                 

(X_U1.N2987159)-423.5E-18             (X_U1.N2987201)   35.0000                 

(X_U1.N2987203)-423.5E-18             (X_U1.N2987205)-423.5E-18                 

(X_U1.N2987225)-423.5E-18             (X_U1.N2987231)-423.5E-18                 

(X_U1.N2987243)  -35.0000             (X_U1.N2987295)   75.0000                 

(X_U1.N2987299)-423.5E-18             (X_U1.N2987301)-423.5E-18                 

(X_U1.N2987319)-423.5E-18             (X_U1.N2987325)-423.5E-18                 

(X_U1.N2987337)  -75.0000             (X_U1.N2987363)    6.6228                 

(X_U1.N2987391)    3.9000             (X_U1.N2987395)   -4.8260                 

(X_U1.N2987423)   -4.8260             (X_U1.N2987427)    3.9000                 

(X_U1.N2987487)-4.676E-09             (X_U1.N2987493)     .6872                 

(X_U1.N2987499)    1.0000             (X_U1.N2987541)    9.5755                 

(X_U1.N2987553)    3.9027             (X_U1.N2987623)    3.9027                 

(X_U1.N2987655)    1.9562             (X_U1.N2987675)    6.6134                 

(X_U1.N2987683)    1.9562             (X_U1.N2987687)    1.9562                 

(X_U1.N2987711)    6.6134             (X_U1.N2987719)    5.9262                 

(X_U1.N2987763)-423.5E-18             (X_U1.N2987785)    5.0000                 

(X_U1.N2987801)   -5.0000             (X_U1.N3108745)   16.5560                 

(X_U1.N3108755)    6.6244             (X_U1.N3108879)    6.6228                 

(X_U1.N3108917)    6.6244             (X_U1.N3108949)    6.6243                 

(X_U1.N3109015)    6.6243             (X_U1.N3116457)    3.9562                 

(X_U1.N3116503)  365.8100             (X_U1.N3116515)  365.8100                 

(X_U1.N3116609)  699.7200             (X_U1.N3116619)  260.5800                 

(X_U1.N3116655)  699.6500             (X_U1.N3116665)     .5315                 

(X_U1.N3116675)  699.7200             (X_U1.N3116685)  699.7200                 

(X_U1.N3116957)  699.6400             (X_U1.N3117239)  699.7200                 

(X_U1.N3126023)    3.4971             (X_U1.N3128929)   -4.7434                 

(X_U1.N3130349) 1.581E-06             (X_U1.N3130359)     .0048                 

(X_U1.N3202117)  699.7200             (X_U1.N3202127)  699.7200                 

(X_U1.N3202213)  699.7200             (X_U1.N3204124)  699.7200                 

(X_U1.N3204134)  699.7200             (X_U1.N3204220)  699.7200                 

(X_U1.N3205032)  699.7200             (X_U1.N3205042)  699.7200                 

(X_U1.N3205128)  699.7200             (X_U1.N3205956)  699.7200                 

(X_U1.N3205966)  699.7200             (X_U1.N3206052)  699.7200                 

(X_U1.N3206890)  699.7200             (X_U1.N3206900)  699.7200                 

(X_U1.N3206986)  699.7200             (X_U1.N3208573)  699.7200                 

(X_U1.N3208669)  699.7200             (X_U1.N3236810) 1.581E-09                 

(X_U1.N3236820) 1.581E-06             (X_U73.N110431)     .0198                 

(X_U73.N112292)     .0168             (X_U73.N317950)-211.8E-18                 

(X_U73.N406634)    5.0000             (X_U73.N406794)   -5.0000                 

(X_U73.N701935)-241.8E-06             (X_U73.N704979)   -6.4993                 

(X_U73.N705005)    -.0078             (X_U73.N709083)    3.6601                 

(X_U73.N709113)     .0062             (X_U73.N749288)    -.0070                 

(X_U73.VCC_CLP)    4.1998             (X_U73.VEE_CLP)   -4.2000                 

(X_U73.X_E_N.3)    0.0000             (X_U73.X_E_N.4)    0.0000                 

(X_U73.X_E_N.5)    0.0000             (X_U73.X_E_N.6)    0.0000                 

(X_U73.X_E_N.7)     .8338             (X_U73.X_E_N.8)     .8338                 

(X_U76.N110431)    2.5124             (X_U76.N112292)    3.9059                 

(X_U76.N317950)    2.5000             (X_U76.N406634)    5.0000                 

(X_U76.N406794) 2.504E-06             (X_U76.N749288)    3.9006                 

(X_U76.VCC_CLP)    4.2118             (X_U76.VEE_CLP)    1.0201                 

(X_U76.X_E_N.3)    0.0000             (X_U76.X_E_N.4)    0.0000                 

(X_U76.X_E_N.5)    0.0000             (X_U76.X_E_N.6)    0.0000                 

(X_U76.X_E_N.7)     .8338             (X_U76.X_E_N.8)     .8338                 

(X_U1.N32898091)  699.7200            (X_U73.N1327152)     .0070                

(X_U73.X_I_NP.3)    0.0000            (X_U73.X_I_NP.4)    0.0000                

(X_U73.X_I_NP.5)    0.0000            (X_U73.X_I_NP.6)    0.0000                

(X_U73.X_I_NP.7)     .8338            (X_U73.X_I_NP.8)     .8338                

(X_U76.N1254860)   17.9820            (X_U76.N1446199)    4.0758                

(X_U76.N1446217)    4.0758            (X_U76.N1461236)    2.3361                

(X_U76.N1461246)    2.5000            (X_U76.N1461252)    2.5046                

(X_U76.N1481243)     .7102            (X_U76.N1481253)    2.4999                

(X_U76.N1481259)    2.5005            (X_U76.N1483677)    6.4446                

(X_U76.N1483687)    2.5002            (X_U76.N1483693)    2.4954                

(X_U76.N1483703)    2.4998            (X_U76.N1483713)    2.5046                

(X_U76.N1490067)    2.5001            (X_U76.N1492098)    2.7548                

(X_U76.N1492108)    2.6699            (X_U76.N1492118)    2.6699                

(X_U76.N1492126)    2.6699            (X_U76.N1492376)    2.6699                

(X_U76.N1534615)    6.8373            (X_U76.N1534625)    2.6519                

(X_U76.N1534635)    2.6519            (X_U76.N1534645)    2.6519                

(X_U76.N1534887)    2.6519            (X_U76.N1541593)    6.3796                

(X_U76.N1541603)    2.6359            (X_U1.CLAW_CLAMP)    3.9562               

(X_U73.X_I_NP2.3)    0.0000           (X_U73.X_I_NP2.4)    0.0000               

(X_U73.X_I_NP2.5)    0.0000           (X_U73.X_I_NP2.6)    0.0000               

(X_U73.X_I_NP2.7)     .8338           (X_U73.X_I_NP2.8)     .8338               

(X_U76.X_I_NP1.3)    0.0000           (X_U76.X_I_NP1.4)    0.0000               

(X_U76.X_I_NP1.5)    0.0000           (X_U76.X_I_NP1.6)    0.0000               

(X_U76.X_I_NP1.7)     .8338           (X_U76.X_I_NP1.8)     .8338               

(X_U1.SW_OL_OPAx277)    1.0000        (X_U73.X_VOS_VS_VCM.1)    -.0070          

(X_U76.X_VOS_VS_VCM.1)    3.9006      




    VOLTAGE SOURCE CURRENTS
    NAME         CURRENT

    V_V2        -1.369E-02
    V_V6        -4.612E-04
    V_V5        -8.492E-04
    V_V1        -4.081E-02
    X_U76.V_VCM_MAX  -2.100E-09
    X_U76.V_VCM_MIN   1.400E-09
    X_U1.V_VCM_MAX  -3.001E-12
    X_U1.V_VCM_MIN   3.001E-12
    X_U1.V_V_GRN   7.500E-11
    X_U1.V_V_GRP  -7.500E-11
    X_U1.V_V_ISCN   3.500E-11
    X_U1.V_V_ISCP  -3.500E-11
    X_U1.V_V_ORN   0.000E+00
    X_U1.V_V_ORP   0.000E+00
    X_U73.V_VCM_MAX  -3.300E-09
    X_U73.V_VCM_MIN   3.300E-09
    X_U76.X_H3.VH_H3  -1.245E-05
    X_U76.X_VOS_VS_VCM.V1   4.097E-13
    X_U1.X_H1.VH_H1   9.576E-03
    X_U1.X_H2.VH_H2   6.872E-01
    X_U1.X_H3.VH_H3   4.676E-09
    X_U73.X_H3.VH_H3  -1.980E-05
    X_U73.X_VOS_VS_VCM.V1  -9.661E-17

    TOTAL POWER DISSIPATION   2.79E-01  WATTS


Model-Specific Temperatures During Sweep  Param value = 0.00213

 **** RESISTORS

               X_U76.R_R1 <X_U76.R_NOISELESS> (T_Current -273.15 T_Measured 27)
                              X_U76.R_R10 <X_U76.R_NOISELESS> (T_Current -273.15 T_Measured 27)
                                             X_U76.R_R107 <X_U76.R_NOISELESS> (T_Current -273.15 T_Measured 27)

          R        1.000E-02      1.000E-03      1.000E+00  


               X_U76.R_R108 <X_U76.R_NOISELESS> (T_Current -273.15 T_Measured 27)
                              X_U76.R_R109 <X_U76.R_NOISELESS> (T_Current -273.15 T_Measured 27)
                                             X_U76.R_R110 <X_U76.R_NOISELESS> (T_Current -273.15 T_Measured 27)

          R        1.000E+12      1.000E+00      1.000E-03  


               X_U76.R_R111 <X_U76.R_NOISELESS> (T_Current -273.15 T_Measured 27)
                              X_U76.R_R112 <X_U76.R_NOISELESS> (T_Current -273.15 T_Measured 27)
                                             X_U76.R_R113 <X_U76.R_NOISELESS> (T_Current -273.15 T_Measured 27)

          R        1.000E+06      1.000E+06      1.000E-03  


               X_U76.R_R146 <X_U76.R_NOISELESS> (T_Current -273.15 T_Measured 27)
                              X_U76.R_R147 <X_U76.R_NOISELESS> (T_Current -273.15 T_Measured 27)
                                             X_U76.R_R148 <X_U76.R_NOISELESS> (T_Current -273.15 T_Measured 27)

          R        1.000E+00      1.000E+00      1.000E+00  


               X_U76.R_R162 <X_U76.R_NOISELESS> (T_Current -273.15 T_Measured 27)
                              X_U76.R_R1A <X_U76.R_NOISELESS> (T_Current -273.15 T_Measured 27)
                                             X_U76.R_R1A1 <X_U76.R_NOISELESS> (T_Current -273.15 T_Measured 27)

          R        5.000E+03      1.000E+04      3.000E+01  


               X_U76.R_R1A14 <X_U76.R_NOISELESS> (T_Current -273.15 T_Measured 27)
                              X_U76.R_R1A15 <X_U76.R_NOISELESS> (T_Current -273.15 T_Measured 27)
                                             X_U76.R_R1A16 <X_U76.R_NOISELESS> (T_Current -273.15 T_Measured 27)

          R        1.000E+04      1.000E+04      2.800E+00  


               X_U76.R_R1A17 <X_U76.R_NOISELESS> (T_Current -273.15 T_Measured 27)
                              X_U76.R_R1A18 <X_U76.R_NOISELESS> (T_Current -273.15 T_Measured 27)
                                             X_U76.R_R1A40 <X_U76.R_NOISELESS> (T_Current -273.15 T_Measured 27)

          R        1.000E+04      1.000E+04      1.000E+04  


               X_U76.R_R1A41 <X_U76.R_NOISELESS> (T_Current -273.15 T_Measured 27)
                              X_U76.R_R1A42 <X_U76.R_NOISELESS> (T_Current -273.15 T_Measured 27)
                                             X_U76.R_R1A43 <X_U76.R_NOISELESS> (T_Current -273.15 T_Measured 27)

          R        7.000E+00      1.000E+04      3.000E+01  


               X_U76.R_R1A44 <X_U76.R_NOISELESS> (T_Current -273.15 T_Measured 27)
                              X_U76.R_R1A45 <X_U76.R_NOISELESS> (T_Current -273.15 T_Measured 27)
                                             X_U76.R_R2 <X_U76.R_NOISELESS> (T_Current -273.15 T_Measured 27)

          R        1.000E+01      1.000E+01      1.000E-02  


               X_U76.R_R21 <X_U76.R_NOISELESS> (T_Current -273.15 T_Measured 27)
                              X_U76.R_R211 <X_U76.R_NOISELESS> (T_Current -273.15 T_Measured 27)
                                             X_U76.R_R225 <X_U76.R_NOISELESS> (T_Current -273.15 T_Measured 27)

          R        1.000E+03      1.000E+00      1.000E+00  


               X_U76.R_R226 <X_U76.R_NOISELESS> (T_Current -273.15 T_Measured 27)
                              X_U76.R_R245 <X_U76.R_NOISELESS> (T_Current -273.15 T_Measured 27)
                                             X_U76.R_R246 <X_U76.R_NOISELESS> (T_Current -273.15 T_Measured 27)

          R        3.000E+01      4.500E+03      1.000E+00  


               X_U76.R_R247 <X_U76.R_NOISELESS> (T_Current -273.15 T_Measured 27)
                              X_U76.R_R248 <X_U76.R_NOISELESS> (T_Current -273.15 T_Measured 27)
                                             X_U76.R_R249 <X_U76.R_NOISELESS> (T_Current -273.15 T_Measured 27)

          R        1.000E+00      1.000E+00      1.000E+00  


               X_U76.R_R25 <X_U76.R_NOISELESS> (T_Current -273.15 T_Measured 27)
                              X_U76.R_R250 <X_U76.R_NOISELESS> (T_Current -273.15 T_Measured 27)
                                             X_U76.R_R251 <X_U76.R_NOISELESS> (T_Current -273.15 T_Measured 27)

          R        1.000E+09      1.000E+00      1.000E+00  


               X_U76.R_R252 <X_U76.R_NOISELESS> (T_Current -273.15 T_Measured 27)
                              X_U76.R_R253 <X_U76.R_NOISELESS> (T_Current -273.15 T_Measured 27)
                                             X_U76.R_R26 <X_U76.R_NOISELESS> (T_Current -273.15 T_Measured 27)

          R        1.000E+00      1.000E+00      1.000E+09  


               X_U76.R_R27 <X_U76.R_NOISELESS> (T_Current -273.15 T_Measured 27)
                              X_U76.R_R28 <X_U76.R_NOISELESS> (T_Current -273.15 T_Measured 27)
                                             X_U76.R_R29 <X_U76.R_NOISELESS> (T_Current -273.15 T_Measured 27)

          R        1.000E+00      1.000E-03      1.000E+03  


               X_U76.R_R2A <X_U76.R_NOISELESS> (T_Current -273.15 T_Measured 27)
                              X_U76.R_R2A1 <X_U76.R_NOISELESS> (T_Current -273.15 T_Measured 27)
                                             X_U76.R_R2A16 <X_U76.R_NOISELESS> (T_Current -273.15 T_Measured 27)

          R        2.000E+04      1.000E+01      5.420E-01  


               X_U76.R_R2A17 <X_U76.R_NOISELESS> (T_Current -273.15 T_Measured 27)
                              X_U76.R_R2A18 <X_U76.R_NOISELESS> (T_Current -273.15 T_Measured 27)
                                             X_U76.R_R2A36 <X_U76.R_NOISELESS> (T_Current -273.15 T_Measured 27)

          R        4.822E+02      4.822E+02      8.500E-01  


               X_U76.R_R2A37 <X_U76.R_NOISELESS> (T_Current -273.15 T_Measured 27)
                              X_U76.R_R2A40 <X_U76.R_NOISELESS> (T_Current -273.15 T_Measured 27)
                                             X_U76.R_R2A41 <X_U76.R_NOISELESS> (T_Current -273.15 T_Measured 27)

          R        3.010E+01      7.000E-01      1.000E+01  


               X_U76.R_R2A42 <X_U76.R_NOISELESS> (T_Current -273.15 T_Measured 27)
                              X_U76.R_R2A43 <X_U76.R_NOISELESS> (T_Current -273.15 T_Measured 27)
                                             X_U76.R_R3 <X_U76.R_NOISELESS> (T_Current -273.15 T_Measured 27)

          R        3.630E-01      3.630E-01      2.300E+06  


               X_U76.R_R30 <X_U76.R_NOISELESS> (T_Current -273.15 T_Measured 27)
                              X_U76.R_R31 <X_U76.R_NOISELESS> (T_Current -273.15 T_Measured 27)
                                             X_U76.R_R32 <X_U76.R_NOISELESS> (T_Current -273.15 T_Measured 27)

          R        1.000E-03      1.000E+03      1.000E+03  


               X_U76.R_R33 <X_U76.R_NOISELESS> (T_Current -273.15 T_Measured 27)
                              X_U76.R_R34 <X_U76.R_NOISELESS> (T_Current -273.15 T_Measured 27)
                                             X_U76.R_R4 <X_U76.R_NOISELESS> (T_Current -273.15 T_Measured 27)

          R        1.000E-03      1.000E+03      2.300E+06  


               X_U76.R_R6 <X_U76.R_NOISELESS> (T_Current -273.15 T_Measured 27)
                              X_U76.R_R60 <X_U76.R_NOISELESS> (T_Current -273.15 T_Measured 27)
                                             X_U76.R_R8 <X_U76.R_NOISELESS> (T_Current -273.15 T_Measured 27)

          R        1.000E+00      1.000E+00      1.000E+03  


               X_U76.R_R81 <X_U76.R_NOISELESS> (T_Current -273.15 T_Measured 27)
                              X_U76.R_R83 <X_U76.R_NOISELESS> (T_Current -273.15 T_Measured 27)
                                             X_U76.R_R9 <X_U76.R_NOISELESS> (T_Current -273.15 T_Measured 27)

          R        1.000E+09      1.000E+09      1.000E-03  


               X_U76.R_RDUMMY <X_U76.R_NOISELESS> (T_Current -273.15 T_Measured 27)
                              X_U76.R_RX <X_U76.R_NOISELESS> (T_Current -273.15 T_Measured 27)
                                             X_U76.R_R_VIMON <X_U76.R_NOISELESS> (T_Current -273.15 T_Measured 27)

          R        1.400E+02      1.400E+03      1.000E+02  


               X_U76.R_R_VOUT_S <X_U76.R_NOISELESS> (T_Current -273.15 T_Measured 27)
                              X_U1.R_R10 <X_U1.R_NOISELESS> (T_Current -273.15 T_Measured 27)
                                             X_U1.R_R11 <X_U1.R_NOISELESS> (T_Current -273.15 T_Measured 27)

          R        1.000E+02      1.000E+00      3.333E+01  


               X_U1.R_R12 <X_U1.R_NOISELESS> (T_Current -273.15 T_Measured 27)
                              X_U1.R_R13 <X_U1.R_NOISELESS> (T_Current -273.15 T_Measured 27)
                                             X_U1.R_R139 <X_U1.R_NOISELESS> (T_Current -273.15 T_Measured 27)

          R        1.000E+08      1.000E+00      1.057E+04  


               X_U1.R_R14 <X_U1.R_NOISELESS> (T_Current -273.15 T_Measured 27)
                              X_U1.R_R140 <X_U1.R_NOISELESS> (T_Current -273.15 T_Measured 27)
                                             X_U1.R_R141 <X_U1.R_NOISELESS> (T_Current -273.15 T_Measured 27)

          R        3.287E+04      1.000E+04      1.000E+00  


               X_U1.R_R142 <X_U1.R_NOISELESS> (T_Current -273.15 T_Measured 27)
                              X_U1.R_R143 <X_U1.R_NOISELESS> (T_Current -273.15 T_Measured 27)
                                             X_U1.R_R144 <X_U1.R_NOISELESS> (T_Current -273.15 T_Measured 27)

          R        1.000E+04      1.000E+00      7.603E+00  


               X_U1.R_R15 <X_U1.R_NOISELESS> (T_Current -273.15 T_Measured 27)
                              X_U1.R_R158 <X_U1.R_NOISELESS> (T_Current -273.15 T_Measured 27)
                                             X_U1.R_R159 <X_U1.R_NOISELESS> (T_Current -273.15 T_Measured 27)

          R        1.000E-03      1.000E+04      1.000E+00  


               X_U1.R_R16 <X_U1.R_NOISELESS> (T_Current -273.15 T_Measured 27)
                              X_U1.R_R160 <X_U1.R_NOISELESS> (T_Current -273.15 T_Measured 27)
                                             X_U1.R_R161 <X_U1.R_NOISELESS> (T_Current -273.15 T_Measured 27)

          R        1.000E+03      6.670E+03      1.000E+06  


               X_U1.R_R162 <X_U1.R_NOISELESS> (T_Current -273.15 T_Measured 27)
                              X_U1.R_R166 <X_U1.R_NOISELESS> (T_Current -273.15 T_Measured 27)
                                             X_U1.R_R167 <X_U1.R_NOISELESS> (T_Current -273.15 T_Measured 27)

          R        1.000E+06      1.000E+06      1.000E+02  


               X_U1.R_R168 <X_U1.R_NOISELESS> (T_Current -273.15 T_Measured 27)
                              X_U1.R_R169 <X_U1.R_NOISELESS> (T_Current -273.15 T_Measured 27)
                                             X_U1.R_R17 <X_U1.R_NOISELESS> (T_Current -273.15 T_Measured 27)

          R        1.000E+04      1.000E+00      1.000E-03  


               X_U1.R_R170 <X_U1.R_NOISELESS> (T_Current -273.15 T_Measured 27)
                              X_U1.R_R171 <X_U1.R_NOISELESS> (T_Current -273.15 T_Measured 27)
                                             X_U1.R_R172 <X_U1.R_NOISELESS> (T_Current -273.15 T_Measured 27)

          R        5.934E+03      1.000E+06      9.869E+04  


               X_U1.R_R173 <X_U1.R_NOISELESS> (T_Current -273.15 T_Measured 27)
                              X_U1.R_R174 <X_U1.R_NOISELESS> (T_Current -273.15 T_Measured 27)
                                             X_U1.R_R175 <X_U1.R_NOISELESS> (T_Current -273.15 T_Measured 27)

          R        1.000E+04      1.000E+00      5.157E+04  


               X_U1.R_R176 <X_U1.R_NOISELESS> (T_Current -273.15 T_Measured 27)
                              X_U1.R_R177 <X_U1.R_NOISELESS> (T_Current -273.15 T_Measured 27)
                                             X_U1.R_R178 <X_U1.R_NOISELESS> (T_Current -273.15 T_Measured 27)

          R        1.000E+04      1.000E+00      9.484E+03  


               X_U1.R_R179 <X_U1.R_NOISELESS> (T_Current -273.15 T_Measured 27)
                              X_U1.R_R18 <X_U1.R_NOISELESS> (T_Current -273.15 T_Measured 27)
                                             X_U1.R_R180 <X_U1.R_NOISELESS> (T_Current -273.15 T_Measured 27)

          R        1.000E+04      1.000E+12      1.000E+00  


               X_U1.R_R181 <X_U1.R_NOISELESS> (T_Current -273.15 T_Measured 27)
                              X_U1.R_R182 <X_U1.R_NOISELESS> (T_Current -273.15 T_Measured 27)
                                             X_U1.R_R183 <X_U1.R_NOISELESS> (T_Current -273.15 T_Measured 27)

          R        9.500E+03      1.000E+04      1.000E+00  


               X_U1.R_R184 <X_U1.R_NOISELESS> (T_Current -273.15 T_Measured 27)
                              X_U1.R_R185 <X_U1.R_NOISELESS> (T_Current -273.15 T_Measured 27)
                                             X_U1.R_R186 <X_U1.R_NOISELESS> (T_Current -273.15 T_Measured 27)

          R        5.875E+03      1.000E+04      1.000E+00  


               X_U1.R_R187 <X_U1.R_NOISELESS> (T_Current -273.15 T_Measured 27)
                              X_U1.R_R188 <X_U1.R_NOISELESS> (T_Current -273.15 T_Measured 27)
                                             X_U1.R_R189 <X_U1.R_NOISELESS> (T_Current -273.15 T_Measured 27)

          R        3.086E+03      1.000E+04      1.000E+00  


               X_U1.R_R19 <X_U1.R_NOISELESS> (T_Current -273.15 T_Measured 27)
                              X_U1.R_R190 <X_U1.R_NOISELESS> (T_Current -273.15 T_Measured 27)
                                             X_U1.R_R191 <X_U1.R_NOISELESS> (T_Current -273.15 T_Measured 27)

          R        1.000E+12      1.000E+04      1.001E+01  


               X_U1.R_R192 <X_U1.R_NOISELESS> (T_Current -273.15 T_Measured 27)
                              X_U1.R_R193 <X_U1.R_NOISELESS> (T_Current -273.15 T_Measured 27)
                                             X_U1.R_R20 <X_U1.R_NOISELESS> (T_Current -273.15 T_Measured 27)

          R        1.000E+00      1.000E+00      1.000E+00  


               X_U1.R_R21 <X_U1.R_NOISELESS> (T_Current -273.15 T_Measured 27)
                              X_U1.R_R22 <X_U1.R_NOISELESS> (T_Current -273.15 T_Measured 27)
                                             X_U1.R_R23 <X_U1.R_NOISELESS> (T_Current -273.15 T_Measured 27)

          R        1.000E-03      1.000E+06      1.000E+06  


               X_U1.R_R24 <X_U1.R_NOISELESS> (T_Current -273.15 T_Measured 27)
                              X_U1.R_R32 <X_U1.R_NOISELESS> (T_Current -273.15 T_Measured 27)
                                             X_U1.R_R33 <X_U1.R_NOISELESS> (T_Current -273.15 T_Measured 27)

          R        1.000E+03      1.000E+03      1.000E+03  


               X_U1.R_R34 <X_U1.R_NOISELESS> (T_Current -273.15 T_Measured 27)
                              X_U1.R_R35 <X_U1.R_NOISELESS> (T_Current -273.15 T_Measured 27)
                                             X_U1.R_R36 <X_U1.R_NOISELESS> (T_Current -273.15 T_Measured 27)

          R        1.000E+04      1.000E+00      1.095E+04  


               X_U1.R_R43 <X_U1.R_NOISELESS> (T_Current -273.15 T_Measured 27)
                              X_U1.R_R46 <X_U1.R_NOISELESS> (T_Current -273.15 T_Measured 27)
                                             X_U1.R_R47 <X_U1.R_NOISELESS> (T_Current -273.15 T_Measured 27)

          R        1.000E+00      1.000E+00      1.000E-03  


               X_U1.R_R48 <X_U1.R_NOISELESS> (T_Current -273.15 T_Measured 27)
                              X_U1.R_R49 <X_U1.R_NOISELESS> (T_Current -273.15 T_Measured 27)
                                             X_U1.R_R5 <X_U1.R_NOISELESS> (T_Current -273.15 T_Measured 27)

          R        1.000E+06      1.000E+12      1.000E+00  


               X_U1.R_R50 <X_U1.R_NOISELESS> (T_Current -273.15 T_Measured 27)
                              X_U1.R_R51 <X_U1.R_NOISELESS> (T_Current -273.15 T_Measured 27)
                                             X_U1.R_R52 <X_U1.R_NOISELESS> (T_Current -273.15 T_Measured 27)

          R        1.000E+06      1.000E-03      1.000E+00  


               X_U1.R_R53 <X_U1.R_NOISELESS> (T_Current -273.15 T_Measured 27)
                              X_U1.R_R54 <X_U1.R_NOISELESS> (T_Current -273.15 T_Measured 27)
                                             X_U1.R_R55 <X_U1.R_NOISELESS> (T_Current -273.15 T_Measured 27)

          R        1.000E+12      1.000E+00      1.000E-03  


               X_U1.R_R56 <X_U1.R_NOISELESS> (T_Current -273.15 T_Measured 27)
                              X_U1.R_R57 <X_U1.R_NOISELESS> (T_Current -273.15 T_Measured 27)
                                             X_U1.R_R58 <X_U1.R_NOISELESS> (T_Current -273.15 T_Measured 27)

          R        1.000E+12      1.000E+00      1.000E-03  


               X_U1.R_R59 <X_U1.R_NOISELESS> (T_Current -273.15 T_Measured 27)
                              X_U1.R_R6 <X_U1.R_NOISELESS> (T_Current -273.15 T_Measured 27)
                                             X_U1.R_R60 <X_U1.R_NOISELESS> (T_Current -273.15 T_Measured 27)

          R        1.000E+12      1.000E+08      1.000E+00  


               X_U1.R_R61 <X_U1.R_NOISELESS> (T_Current -273.15 T_Measured 27)
                              X_U1.R_R62 <X_U1.R_NOISELESS> (T_Current -273.15 T_Measured 27)
                                             X_U1.R_R63 <X_U1.R_NOISELESS> (T_Current -273.15 T_Measured 27)

          R        1.000E-03      1.000E-03      1.000E+12  


               X_U1.R_R64 <X_U1.R_NOISELESS> (T_Current -273.15 T_Measured 27)
                              X_U1.R_R65 <X_U1.R_NOISELESS> (T_Current -273.15 T_Measured 27)
                                             X_U1.R_R66 <X_U1.R_NOISELESS> (T_Current -273.15 T_Measured 27)

          R        1.000E+00      1.000E+12      1.000E+00  


               X_U1.R_R67 <X_U1.R_NOISELESS> (T_Current -273.15 T_Measured 27)
                              X_U1.R_R68 <X_U1.R_NOISELESS> (T_Current -273.15 T_Measured 27)
                                             X_U1.R_R69 <X_U1.R_NOISELESS> (T_Current -273.15 T_Measured 27)

          R        1.000E-03      1.000E-03      1.000E+12  


               X_U1.R_R7 <X_U1.R_NOISELESS> (T_Current -273.15 T_Measured 27)
                              X_U1.R_R70 <X_U1.R_NOISELESS> (T_Current -273.15 T_Measured 27)
                                             X_U1.R_R71 <X_U1.R_NOISELESS> (T_Current -273.15 T_Measured 27)

          R        8.332E+00      1.000E+00      1.000E-03  


               X_U1.R_R72 <X_U1.R_NOISELESS> (T_Current -273.15 T_Measured 27)
                              X_U1.R_R73 <X_U1.R_NOISELESS> (T_Current -273.15 T_Measured 27)
                                             X_U1.R_R74 <X_U1.R_NOISELESS> (T_Current -273.15 T_Measured 27)

          R        1.000E+03      1.000E-03      1.000E+03  


               X_U1.R_R75 <X_U1.R_NOISELESS> (T_Current -273.15 T_Measured 27)
                              X_U1.R_R76 <X_U1.R_NOISELESS> (T_Current -273.15 T_Measured 27)
                                             X_U1.R_R77 <X_U1.R_NOISELESS> (T_Current -273.15 T_Measured 27)

          R        1.000E-03      1.000E+03      1.000E+03  


               X_U1.R_R78 <X_U1.R_NOISELESS> (T_Current -273.15 T_Measured 27)
                              X_U1.R_R79 <X_U1.R_NOISELESS> (T_Current -273.15 T_Measured 27)
                                             X_U1.R_R8 <X_U1.R_NOISELESS> (T_Current -273.15 T_Measured 27)

          R        1.000E+00      1.000E+00      1.000E+03  


               X_U1.R_R80 <X_U1.R_NOISELESS> (T_Current -273.15 T_Measured 27)
                              X_U1.R_R81 <X_U1.R_NOISELESS> (T_Current -273.15 T_Measured 27)
                                             X_U1.R_R82 <X_U1.R_NOISELESS> (T_Current -273.15 T_Measured 27)

          R        1.000E+02      1.000E+02      1.000E+00  


               X_U1.R_R83 <X_U1.R_NOISELESS> (T_Current -273.15 T_Measured 27)
                              X_U1.R_R9 <X_U1.R_NOISELESS> (T_Current -273.15 T_Measured 27)
                                             X_U1.R_RDUMMY <X_U1.R_NOISELESS> (T_Current -273.15 T_Measured 27)

          R        1.000E+02      1.000E+08      6.858E+03  


               X_U1.R_RS_INN <X_U1.R_NOISELESS> (T_Current -273.15 T_Measured 27)
                              X_U1.R_RS_INP <X_U1.R_NOISELESS> (T_Current -273.15 T_Measured 27)
                                             X_U1.R_RX <X_U1.R_NOISELESS> (T_Current -273.15 T_Measured 27)

          R        1.000E+03      1.000E+03      6.858E+04  


               X_U1.R_RX1 <X_U1.R_NOISELESS> (T_Current -273.15 T_Measured 27)
                              X_U1.R_RX2 <X_U1.R_NOISELESS> (T_Current -273.15 T_Measured 27)
                                             X_U1.R_RX3 <X_U1.R_NOISELESS> (T_Current -273.15 T_Measured 27)

          R        1.000E+12      1.000E+02      1.000E+12  


               X_U1.R_RX4 <X_U1.R_NOISELESS> (T_Current -273.15 T_Measured 27)
                              X_U1.R_R_COM0 <X_U1.R_NOISELESS> (T_Current -273.15 T_Measured 27)
                                             X_U1.R_R_COM1 <X_U1.R_NOISELESS> (T_Current -273.15 T_Measured 27)

          R        1.000E+02      1.000E+12      1.000E+12  


               X_U1.R_R_DIFF <X_U1.R_NOISELESS> (T_Current -273.15 T_Measured 27)
                              X_U73.R_R107 <X_U73.R_NOISELESS> (T_Current -273.15 T_Measured 27)
                                             X_U73.R_R108 <X_U73.R_NOISELESS> (T_Current -273.15 T_Measured 27)

          R        1.000E+08      1.000E+00      1.000E+12  


               X_U73.R_R109 <X_U73.R_NOISELESS> (T_Current -273.15 T_Measured 27)
                              X_U73.R_R110 <X_U73.R_NOISELESS> (T_Current -273.15 T_Measured 27)
                                             X_U73.R_R111 <X_U73.R_NOISELESS> (T_Current -273.15 T_Measured 27)

          R        1.000E+00      1.000E-03      1.000E+06  


               X_U73.R_R112 <X_U73.R_NOISELESS> (T_Current -273.15 T_Measured 27)
                              X_U73.R_R113 <X_U73.R_NOISELESS> (T_Current -273.15 T_Measured 27)
                                             X_U73.R_R136 <X_U73.R_NOISELESS> (T_Current -273.15 T_Measured 27)

          R        1.000E+06      1.000E-03      1.000E+00  


               X_U73.R_R169 <X_U73.R_NOISELESS> (T_Current -273.15 T_Measured 27)
                              X_U73.R_R1A1 <X_U73.R_NOISELESS> (T_Current -273.15 T_Measured 27)
                                             X_U73.R_R1A3 <X_U73.R_NOISELESS> (T_Current -273.15 T_Measured 27)

          R        2.900E+01      1.000E+04      1.000E+04  


               X_U73.R_R1A4 <X_U73.R_NOISELESS> (T_Current -273.15 T_Measured 27)
                              X_U73.R_R2 <X_U73.R_NOISELESS> (T_Current -273.15 T_Measured 27)
                                             X_U73.R_R21 <X_U73.R_NOISELESS> (T_Current -273.15 T_Measured 27)

          R        1.000E+04      1.000E-02      1.000E+03  


               X_U73.R_R25 <X_U73.R_NOISELESS> (T_Current -273.15 T_Measured 27)
                              X_U73.R_R26 <X_U73.R_NOISELESS> (T_Current -273.15 T_Measured 27)
                                             X_U73.R_R261 <X_U73.R_NOISELESS> (T_Current -273.15 T_Measured 27)

          R        1.000E+09      1.000E+09      1.000E+00  


               X_U73.R_R27 <X_U73.R_NOISELESS> (T_Current -273.15 T_Measured 27)
                              X_U73.R_R28 <X_U73.R_NOISELESS> (T_Current -273.15 T_Measured 27)
                                             X_U73.R_R29 <X_U73.R_NOISELESS> (T_Current -273.15 T_Measured 27)

          R        1.000E+00      1.000E-03      1.000E+03  


               X_U73.R_R2A1 <X_U73.R_NOISELESS> (T_Current -273.15 T_Measured 27)
                              X_U73.R_R2A4 <X_U73.R_NOISELESS> (T_Current -273.15 T_Measured 27)
                                             X_U73.R_R2A5 <X_U73.R_NOISELESS> (T_Current -273.15 T_Measured 27)

          R        1.700E+01      2.000E+01      1.200E+01  


               X_U73.R_R3 <X_U73.R_NOISELESS> (T_Current -273.15 T_Measured 27)
                              X_U73.R_R30 <X_U73.R_NOISELESS> (T_Current -273.15 T_Measured 27)
                                             X_U73.R_R31 <X_U73.R_NOISELESS> (T_Current -273.15 T_Measured 27)

          R        2.800E+05      1.000E-03      1.000E+03  


               X_U73.R_R32 <X_U73.R_NOISELESS> (T_Current -273.15 T_Measured 27)
                              X_U73.R_R33 <X_U73.R_NOISELESS> (T_Current -273.15 T_Measured 27)
                                             X_U73.R_R34 <X_U73.R_NOISELESS> (T_Current -273.15 T_Measured 27)

          R        1.000E+03      1.000E-03      1.000E+03  


               X_U73.R_R35 <X_U73.R_NOISELESS> (T_Current -273.15 T_Measured 27)
                              X_U73.R_R36 <X_U73.R_NOISELESS> (T_Current -273.15 T_Measured 27)
                                             X_U73.R_R363 <X_U73.R_NOISELESS> (T_Current -273.15 T_Measured 27)

          R        1.000E+09      1.000E+00      1.000E+00  


               X_U73.R_R364 <X_U73.R_NOISELESS> (T_Current -273.15 T_Measured 27)
                              X_U73.R_R37 <X_U73.R_NOISELESS> (T_Current -273.15 T_Measured 27)
                                             X_U73.R_R38 <X_U73.R_NOISELESS> (T_Current -273.15 T_Measured 27)

          R        1.000E+00      1.000E-03      1.000E-03  


               X_U73.R_R39 <X_U73.R_NOISELESS> (T_Current -273.15 T_Measured 27)
                              X_U73.R_R40 <X_U73.R_NOISELESS> (T_Current -273.15 T_Measured 27)
                                             X_U73.R_R5 <X_U73.R_NOISELESS> (T_Current -273.15 T_Measured 27)

          R        1.000E+00      1.000E+09      1.000E+00  


               X_U73.R_R60 <X_U73.R_NOISELESS> (T_Current -273.15 T_Measured 27)
                              X_U73.R_R8 <X_U73.R_NOISELESS> (T_Current -273.15 T_Measured 27)
                                             X_U73.R_R81 <X_U73.R_NOISELESS> (T_Current -273.15 T_Measured 27)

          R        3.700E+04      1.000E+03      1.000E+09  


               X_U73.R_R83 <X_U73.R_NOISELESS> (T_Current -273.15 T_Measured 27)
                              X_U73.R_R9 <X_U73.R_NOISELESS> (T_Current -273.15 T_Measured 27)
                                             X_U73.R_R_VIMON <X_U73.R_NOISELESS> (T_Current -273.15 T_Measured 27)

          R        1.000E+09      1.000E-03      1.000E+02  


               X_U73.R_R_VOUT_S <X_U73.R_NOISELESS> (T_Current -273.15 T_Measured 27)

          R        1.000E+02  



**** 04/05/25 22:08:30 *** PSpice 24.1.0 (26 February 2025) *** ID# 0 ********

 ** Profile: "SCHEMATIC1-asdfa"  [ c:\users\user\appdata\roaming\spb_data\cdssetup\workspace\projects\tiaopa695\TIAOPA695-PSpiceFiles


 ****     INITIAL TRANSIENT SOLUTION       TEMPERATURE =   27.000 DEG C

 ****     CURRENT STEP                     PARAM IVAR =    2.1300E-03


******************************************************************************



 NODE   VOLTAGE     NODE   VOLTAGE     NODE   VOLTAGE     NODE   VOLTAGE


(  VCC)    5.0000  (  VEE)   -5.0000  (N1113089)    3.8997                      

(N1113125)    3.9059                  (N1113485)    3.9010                      

(N1113565)    5.0000                  (N1113637)    1.9901                      

(N1113647)    3.9027                  (N1113661)    3.3016                      

(N1113879)   -5.0000                  (N1114737)     .0070                      

(N1114747)     .0070                  (N1114761)     .0168                      

(N1114963)     .0168                  (N1114991)-260.0E-06                      

(X_U1.MID)-423.5E-18                  (X_U1.V11)-4.676E-09                      

(X_U1.V12)     .6872                  (X_U76.ZO)    3.9059                      

(X_U1.ESDN)    2.3782                 (X_U1.ESDP)    2.9136                     

(X_U1.VCLP)    3.9562                 (X_U73.AOL)     .0168                     

(X_U73.MID)-211.8E-18                 (X_U76.MID)    2.5000                     

(X_U1.CLAMP)    6.6228                (X_U1.VCC_B)    5.0000                    

(X_U1.VEE_B)   -5.0000                (X_U1.VIMON)    9.5755                    

(X_U73.CMRR)-482.6E-09                (X_U76.CMRR)    2.5000                    

(X_U76.ESDN)    3.8997                (X_U76.ESDP)    3.9010                    

(X_U1.VOUT_S)    3.9027               (X_U1.VSENSE)    6.6228                   

(X_U1.X_U1.3)    0.0000               (X_U1.X_U1.4)    0.0000                   

(X_U1.X_U1.5)    0.0000               (X_U1.X_U1.6)    0.0000                   

(X_U1.X_U1.7)     .8338               (X_U1.X_U1.8)     .8338                   

(X_U73.CLAMP)     .0168               (X_U73.VCC_B)    5.0000                   

(X_U73.VEE_B)   -5.0000               (X_U73.VIMON)     .0198                   

(X_U76.CLAMP)    4.1283               (X_U76.PSRRN)    2.5002                   

(X_U76.PSRRP)    2.5001               (X_U76.VCC_B)    5.0000                   

(X_U76.VEE_B) 2.501E-06               (X_U76.VIMON)    2.5124                   

(X_U1.VCC_CLP)    3.9000              (X_U1.VEE_CLP)   -4.8260                  

(X_U1.X_U39.3)    0.0000              (X_U1.X_U39.4)    0.0000                  

(X_U1.X_U39.5)    0.0000              (X_U1.X_U39.6)    0.0000                  

(X_U1.X_U39.7)     .8338              (X_U1.X_U39.8)     .8338                  

(X_U1.X_U40.3)    0.0000              (X_U1.X_U40.4)    0.0000                  

(X_U1.X_U40.5)    0.0000              (X_U1.X_U40.6)    0.0000                  

(X_U1.X_U40.7)     .8338              (X_U1.X_U40.8)     .8338                  

(X_U73.AOLNET)    -.0168              (X_U73.N05102)     .0070                  

(X_U73.N06456)-260.0E-06              (X_U73.N10561)    -.0070                  

(X_U73.N10570)    -.0070              (X_U73.N11984)    -.0070                  

(X_U73.N25816)     .0070              (X_U73.N28602)   -3.3000                  

(X_U73.N30136)    3.3000              (X_U73.N30913)     .0070                  

(X_U73.N31014)     .0070              (X_U73.N35669)    4.1998                  

(X_U73.N35813)    4.1998              (X_U73.N38050)   -4.2000                  

(X_U73.N38096)   -4.2000              (X_U73.N42663)-211.8E-18                  

(X_U73.N42834)-211.8E-18              (X_U73.N44757)-211.8E-18                  

(X_U73.N44799)-211.8E-18              (X_U73.VOUT_S)     .0168                  

(X_U76.AOLNET)    2.4992              (X_U76.N06456)    3.9010                  

(X_U76.N10561)    3.9006              (X_U76.N10570)    3.9006                  

(X_U76.N11984)    3.9006              (X_U76.N11991)    3.8997                  

(X_U76.N25816)    3.9005              (X_U76.N28602)    1.1000                  

(X_U76.N30136)    4.6000              (X_U76.N30913)    3.9005                  

(X_U76.N31014)    3.9005              (X_U76.N35675)    4.2118                  

(X_U76.N35813)    4.2118              (X_U76.N38050)    1.0201                  

(X_U76.N38096)    1.0201              (X_U76.VOUT_S)    3.9059                  

(X_U76.X_U1.3)    0.0000              (X_U76.X_U1.4)    0.0000                  

(X_U76.X_U1.5)    0.0000              (X_U76.X_U1.6)    0.0000                  

(X_U76.X_U1.7)     .8338              (X_U76.X_U1.8)     .8338                  

(X_U1.CL_CLAMP)    3.9562             (X_U1.N2986935)    2.9136                 

(X_U1.N2986947) 291.4E-09             (X_U1.N2986949)    2.9136                 

(X_U1.N2986957)    2.9136             (X_U1.N2986973)-1.581E-06                 

(X_U1.N2986975) 1.581E-06             (X_U1.N2986977)    2.9136                 

(X_U1.N2986981)    2.9136             (X_U1.N2987013)    2.3782                 

(X_U1.N2987017)    3.0000             (X_U1.N2987029)   -3.0000                 

(X_U1.N2987037)    2.9136             (X_U1.N2987051)    2.9136                 

(X_U1.N2987061)   53.5400             (X_U1.N2987123)     .0027                 

(X_U1.N2987135)     .0027             (X_U1.N2987157)-423.5E-18                 

(X_U1.N2987159)-423.5E-18             (X_U1.N2987201)   35.0000                 

(X_U1.N2987203)-423.5E-18             (X_U1.N2987205)-423.5E-18                 

(X_U1.N2987225)-423.5E-18             (X_U1.N2987231)-423.5E-18                 

(X_U1.N2987243)  -35.0000             (X_U1.N2987295)   75.0000                 

(X_U1.N2987299)-423.5E-18             (X_U1.N2987301)-423.5E-18                 

(X_U1.N2987319)-423.5E-18             (X_U1.N2987325)-423.5E-18                 

(X_U1.N2987337)  -75.0000             (X_U1.N2987363)    6.6228                 

(X_U1.N2987391)    3.9000             (X_U1.N2987395)   -4.8260                 

(X_U1.N2987423)   -4.8260             (X_U1.N2987427)    3.9000                 

(X_U1.N2987487)-4.676E-09             (X_U1.N2987493)     .6872                 

(X_U1.N2987499)    1.0000             (X_U1.N2987541)    9.5755                 

(X_U1.N2987553)    3.9027             (X_U1.N2987623)    3.9027                 

(X_U1.N2987655)    1.9562             (X_U1.N2987675)    6.6134                 

(X_U1.N2987683)    1.9562             (X_U1.N2987687)    1.9562                 

(X_U1.N2987711)    6.6134             (X_U1.N2987719)    5.9262                 

(X_U1.N2987763)-423.5E-18             (X_U1.N2987785)    5.0000                 

(X_U1.N2987801)   -5.0000             (X_U1.N3108745)   16.5560                 

(X_U1.N3108755)    6.6244             (X_U1.N3108879)    6.6228                 

(X_U1.N3108917)    6.6244             (X_U1.N3108949)    6.6243                 

(X_U1.N3109015)    6.6243             (X_U1.N3116457)    3.9562                 

(X_U1.N3116503)  365.8100             (X_U1.N3116515)  365.8100                 

(X_U1.N3116609)  699.7200             (X_U1.N3116619)  260.5800                 

(X_U1.N3116655)  699.6500             (X_U1.N3116665)     .5315                 

(X_U1.N3116675)  699.7200             (X_U1.N3116685)  699.7200                 

(X_U1.N3116957)  699.6400             (X_U1.N3117239)  699.7200                 

(X_U1.N3126023)    3.4971             (X_U1.N3128929)   -4.7434                 

(X_U1.N3130349) 1.581E-06             (X_U1.N3130359)     .0048                 

(X_U1.N3202117)  699.7200             (X_U1.N3202127)  699.7200                 

(X_U1.N3202213)  699.7200             (X_U1.N3204124)  699.7200                 

(X_U1.N3204134)  699.7200             (X_U1.N3204220)  699.7200                 

(X_U1.N3205032)  699.7200             (X_U1.N3205042)  699.7200                 

(X_U1.N3205128)  699.7200             (X_U1.N3205956)  699.7200                 

(X_U1.N3205966)  699.7200             (X_U1.N3206052)  699.7200                 

(X_U1.N3206890)  699.7200             (X_U1.N3206900)  699.7200                 

(X_U1.N3206986)  699.7200             (X_U1.N3208573)  699.7200                 

(X_U1.N3208669)  699.7200             (X_U1.N3236810) 1.581E-09                 

(X_U1.N3236820) 1.581E-06             (X_U73.N110431)     .0198                 

(X_U73.N112292)     .0168             (X_U73.N317950)-211.8E-18                 

(X_U73.N406634)    5.0000             (X_U73.N406794)   -5.0000                 

(X_U73.N701935)-241.8E-06             (X_U73.N704979)   -6.4993                 

(X_U73.N705005)    -.0078             (X_U73.N709083)    3.6601                 

(X_U73.N709113)     .0062             (X_U73.N749288)    -.0070                 

(X_U73.VCC_CLP)    4.1998             (X_U73.VEE_CLP)   -4.2000                 

(X_U73.X_E_N.3)    0.0000             (X_U73.X_E_N.4)    0.0000                 

(X_U73.X_E_N.5)    0.0000             (X_U73.X_E_N.6)    0.0000                 

(X_U73.X_E_N.7)     .8338             (X_U73.X_E_N.8)     .8338                 

(X_U76.N110431)    2.5124             (X_U76.N112292)    3.9059                 

(X_U76.N317950)    2.5000             (X_U76.N406634)    5.0000                 

(X_U76.N406794) 2.504E-06             (X_U76.N749288)    3.9006                 

(X_U76.VCC_CLP)    4.2118             (X_U76.VEE_CLP)    1.0201                 

(X_U76.X_E_N.3)    0.0000             (X_U76.X_E_N.4)    0.0000                 

(X_U76.X_E_N.5)    0.0000             (X_U76.X_E_N.6)    0.0000                 

(X_U76.X_E_N.7)     .8338             (X_U76.X_E_N.8)     .8338                 

(X_U1.N32898091)  699.7200            (X_U73.N1327152)     .0070                

(X_U73.X_I_NP.3)    0.0000            (X_U73.X_I_NP.4)    0.0000                

(X_U73.X_I_NP.5)    0.0000            (X_U73.X_I_NP.6)    0.0000                

(X_U73.X_I_NP.7)     .8338            (X_U73.X_I_NP.8)     .8338                

(X_U76.N1254860)   17.9820            (X_U76.N1446199)    4.0758                

(X_U76.N1446217)    4.0758            (X_U76.N1461236)    2.3361                

(X_U76.N1461246)    2.5000            (X_U76.N1461252)    2.5046                

(X_U76.N1481243)     .7102            (X_U76.N1481253)    2.4999                

(X_U76.N1481259)    2.5005            (X_U76.N1483677)    6.4446                

(X_U76.N1483687)    2.5002            (X_U76.N1483693)    2.4954                

(X_U76.N1483703)    2.4998            (X_U76.N1483713)    2.5046                

(X_U76.N1490067)    2.5001            (X_U76.N1492098)    2.7548                

(X_U76.N1492108)    2.6699            (X_U76.N1492118)    2.6699                

(X_U76.N1492126)    2.6699            (X_U76.N1492376)    2.6699                

(X_U76.N1534615)    6.8373            (X_U76.N1534625)    2.6519                

(X_U76.N1534635)    2.6519            (X_U76.N1534645)    2.6519                

(X_U76.N1534887)    2.6519            (X_U76.N1541593)    6.3796                

(X_U76.N1541603)    2.6359            (X_U1.CLAW_CLAMP)    3.9562               

(X_U73.X_I_NP2.3)    0.0000           (X_U73.X_I_NP2.4)    0.0000               

(X_U73.X_I_NP2.5)    0.0000           (X_U73.X_I_NP2.6)    0.0000               

(X_U73.X_I_NP2.7)     .8338           (X_U73.X_I_NP2.8)     .8338               

(X_U76.X_I_NP1.3)    0.0000           (X_U76.X_I_NP1.4)    0.0000               

(X_U76.X_I_NP1.5)    0.0000           (X_U76.X_I_NP1.6)    0.0000               

(X_U76.X_I_NP1.7)     .8338           (X_U76.X_I_NP1.8)     .8338               

(X_U1.SW_OL_OPAx277)    1.0000        (X_U73.X_VOS_VS_VCM.1)    -.0070          

(X_U76.X_VOS_VS_VCM.1)    3.9006      




    VOLTAGE SOURCE CURRENTS
    NAME         CURRENT

    V_V2        -1.369E-02
    V_V6        -4.612E-04
    V_V5        -8.492E-04
    V_V1        -4.081E-02
    X_U76.V_VCM_MAX  -2.100E-09
    X_U76.V_VCM_MIN   1.400E-09
    X_U1.V_VCM_MAX  -3.001E-12
    X_U1.V_VCM_MIN   3.001E-12
    X_U1.V_V_GRN   7.500E-11
    X_U1.V_V_GRP  -7.500E-11
    X_U1.V_V_ISCN   3.500E-11
    X_U1.V_V_ISCP  -3.500E-11
    X_U1.V_V_ORN   0.000E+00
    X_U1.V_V_ORP   0.000E+00
    X_U73.V_VCM_MAX  -3.300E-09
    X_U73.V_VCM_MIN   3.300E-09
    X_U76.X_H3.VH_H3  -1.245E-05
    X_U76.X_VOS_VS_VCM.V1   4.097E-13
    X_U1.X_H1.VH_H1   9.576E-03
    X_U1.X_H2.VH_H2   6.872E-01
    X_U1.X_H3.VH_H3   4.676E-09
    X_U73.X_H3.VH_H3  -1.980E-05
    X_U73.X_VOS_VS_VCM.V1  -9.661E-17

    TOTAL POWER DISSIPATION   2.79E-01  WATTS


Model-Specific Temperatures During Sweep  Param value = 0.00243

 **** RESISTORS

               X_U76.R_R1 <X_U76.R_NOISELESS> (T_Current -273.15 T_Measured 27)
                              X_U76.R_R10 <X_U76.R_NOISELESS> (T_Current -273.15 T_Measured 27)
                                             X_U76.R_R107 <X_U76.R_NOISELESS> (T_Current -273.15 T_Measured 27)

          R        1.000E-02      1.000E-03      1.000E+00  


               X_U76.R_R108 <X_U76.R_NOISELESS> (T_Current -273.15 T_Measured 27)
                              X_U76.R_R109 <X_U76.R_NOISELESS> (T_Current -273.15 T_Measured 27)
                                             X_U76.R_R110 <X_U76.R_NOISELESS> (T_Current -273.15 T_Measured 27)

          R        1.000E+12      1.000E+00      1.000E-03  


               X_U76.R_R111 <X_U76.R_NOISELESS> (T_Current -273.15 T_Measured 27)
                              X_U76.R_R112 <X_U76.R_NOISELESS> (T_Current -273.15 T_Measured 27)
                                             X_U76.R_R113 <X_U76.R_NOISELESS> (T_Current -273.15 T_Measured 27)

          R        1.000E+06      1.000E+06      1.000E-03  


               X_U76.R_R146 <X_U76.R_NOISELESS> (T_Current -273.15 T_Measured 27)
                              X_U76.R_R147 <X_U76.R_NOISELESS> (T_Current -273.15 T_Measured 27)
                                             X_U76.R_R148 <X_U76.R_NOISELESS> (T_Current -273.15 T_Measured 27)

          R        1.000E+00      1.000E+00      1.000E+00  


               X_U76.R_R162 <X_U76.R_NOISELESS> (T_Current -273.15 T_Measured 27)
                              X_U76.R_R1A <X_U76.R_NOISELESS> (T_Current -273.15 T_Measured 27)
                                             X_U76.R_R1A1 <X_U76.R_NOISELESS> (T_Current -273.15 T_Measured 27)

          R        5.000E+03      1.000E+04      3.000E+01  


               X_U76.R_R1A14 <X_U76.R_NOISELESS> (T_Current -273.15 T_Measured 27)
                              X_U76.R_R1A15 <X_U76.R_NOISELESS> (T_Current -273.15 T_Measured 27)
                                             X_U76.R_R1A16 <X_U76.R_NOISELESS> (T_Current -273.15 T_Measured 27)

          R        1.000E+04      1.000E+04      2.800E+00  


               X_U76.R_R1A17 <X_U76.R_NOISELESS> (T_Current -273.15 T_Measured 27)
                              X_U76.R_R1A18 <X_U76.R_NOISELESS> (T_Current -273.15 T_Measured 27)
                                             X_U76.R_R1A40 <X_U76.R_NOISELESS> (T_Current -273.15 T_Measured 27)

          R        1.000E+04      1.000E+04      1.000E+04  


               X_U76.R_R1A41 <X_U76.R_NOISELESS> (T_Current -273.15 T_Measured 27)
                              X_U76.R_R1A42 <X_U76.R_NOISELESS> (T_Current -273.15 T_Measured 27)
                                             X_U76.R_R1A43 <X_U76.R_NOISELESS> (T_Current -273.15 T_Measured 27)

          R        7.000E+00      1.000E+04      3.000E+01  


               X_U76.R_R1A44 <X_U76.R_NOISELESS> (T_Current -273.15 T_Measured 27)
                              X_U76.R_R1A45 <X_U76.R_NOISELESS> (T_Current -273.15 T_Measured 27)
                                             X_U76.R_R2 <X_U76.R_NOISELESS> (T_Current -273.15 T_Measured 27)

          R        1.000E+01      1.000E+01      1.000E-02  


               X_U76.R_R21 <X_U76.R_NOISELESS> (T_Current -273.15 T_Measured 27)
                              X_U76.R_R211 <X_U76.R_NOISELESS> (T_Current -273.15 T_Measured 27)
                                             X_U76.R_R225 <X_U76.R_NOISELESS> (T_Current -273.15 T_Measured 27)

          R        1.000E+03      1.000E+00      1.000E+00  


               X_U76.R_R226 <X_U76.R_NOISELESS> (T_Current -273.15 T_Measured 27)
                              X_U76.R_R245 <X_U76.R_NOISELESS> (T_Current -273.15 T_Measured 27)
                                             X_U76.R_R246 <X_U76.R_NOISELESS> (T_Current -273.15 T_Measured 27)

          R        3.000E+01      4.500E+03      1.000E+00  


               X_U76.R_R247 <X_U76.R_NOISELESS> (T_Current -273.15 T_Measured 27)
                              X_U76.R_R248 <X_U76.R_NOISELESS> (T_Current -273.15 T_Measured 27)
                                             X_U76.R_R249 <X_U76.R_NOISELESS> (T_Current -273.15 T_Measured 27)

          R        1.000E+00      1.000E+00      1.000E+00  


               X_U76.R_R25 <X_U76.R_NOISELESS> (T_Current -273.15 T_Measured 27)
                              X_U76.R_R250 <X_U76.R_NOISELESS> (T_Current -273.15 T_Measured 27)
                                             X_U76.R_R251 <X_U76.R_NOISELESS> (T_Current -273.15 T_Measured 27)

          R        1.000E+09      1.000E+00      1.000E+00  


               X_U76.R_R252 <X_U76.R_NOISELESS> (T_Current -273.15 T_Measured 27)
                              X_U76.R_R253 <X_U76.R_NOISELESS> (T_Current -273.15 T_Measured 27)
                                             X_U76.R_R26 <X_U76.R_NOISELESS> (T_Current -273.15 T_Measured 27)

          R        1.000E+00      1.000E+00      1.000E+09  


               X_U76.R_R27 <X_U76.R_NOISELESS> (T_Current -273.15 T_Measured 27)
                              X_U76.R_R28 <X_U76.R_NOISELESS> (T_Current -273.15 T_Measured 27)
                                             X_U76.R_R29 <X_U76.R_NOISELESS> (T_Current -273.15 T_Measured 27)

          R        1.000E+00      1.000E-03      1.000E+03  


               X_U76.R_R2A <X_U76.R_NOISELESS> (T_Current -273.15 T_Measured 27)
                              X_U76.R_R2A1 <X_U76.R_NOISELESS> (T_Current -273.15 T_Measured 27)
                                             X_U76.R_R2A16 <X_U76.R_NOISELESS> (T_Current -273.15 T_Measured 27)

          R        2.000E+04      1.000E+01      5.420E-01  


               X_U76.R_R2A17 <X_U76.R_NOISELESS> (T_Current -273.15 T_Measured 27)
                              X_U76.R_R2A18 <X_U76.R_NOISELESS> (T_Current -273.15 T_Measured 27)
                                             X_U76.R_R2A36 <X_U76.R_NOISELESS> (T_Current -273.15 T_Measured 27)

          R        4.822E+02      4.822E+02      8.500E-01  


               X_U76.R_R2A37 <X_U76.R_NOISELESS> (T_Current -273.15 T_Measured 27)
                              X_U76.R_R2A40 <X_U76.R_NOISELESS> (T_Current -273.15 T_Measured 27)
                                             X_U76.R_R2A41 <X_U76.R_NOISELESS> (T_Current -273.15 T_Measured 27)

          R        3.010E+01      7.000E-01      1.000E+01  


               X_U76.R_R2A42 <X_U76.R_NOISELESS> (T_Current -273.15 T_Measured 27)
                              X_U76.R_R2A43 <X_U76.R_NOISELESS> (T_Current -273.15 T_Measured 27)
                                             X_U76.R_R3 <X_U76.R_NOISELESS> (T_Current -273.15 T_Measured 27)

          R        3.630E-01      3.630E-01      2.300E+06  


               X_U76.R_R30 <X_U76.R_NOISELESS> (T_Current -273.15 T_Measured 27)
                              X_U76.R_R31 <X_U76.R_NOISELESS> (T_Current -273.15 T_Measured 27)
                                             X_U76.R_R32 <X_U76.R_NOISELESS> (T_Current -273.15 T_Measured 27)

          R        1.000E-03      1.000E+03      1.000E+03  


               X_U76.R_R33 <X_U76.R_NOISELESS> (T_Current -273.15 T_Measured 27)
                              X_U76.R_R34 <X_U76.R_NOISELESS> (T_Current -273.15 T_Measured 27)
                                             X_U76.R_R4 <X_U76.R_NOISELESS> (T_Current -273.15 T_Measured 27)

          R        1.000E-03      1.000E+03      2.300E+06  


               X_U76.R_R6 <X_U76.R_NOISELESS> (T_Current -273.15 T_Measured 27)
                              X_U76.R_R60 <X_U76.R_NOISELESS> (T_Current -273.15 T_Measured 27)
                                             X_U76.R_R8 <X_U76.R_NOISELESS> (T_Current -273.15 T_Measured 27)

          R        1.000E+00      1.000E+00      1.000E+03  


               X_U76.R_R81 <X_U76.R_NOISELESS> (T_Current -273.15 T_Measured 27)
                              X_U76.R_R83 <X_U76.R_NOISELESS> (T_Current -273.15 T_Measured 27)
                                             X_U76.R_R9 <X_U76.R_NOISELESS> (T_Current -273.15 T_Measured 27)

          R        1.000E+09      1.000E+09      1.000E-03  


               X_U76.R_RDUMMY <X_U76.R_NOISELESS> (T_Current -273.15 T_Measured 27)
                              X_U76.R_RX <X_U76.R_NOISELESS> (T_Current -273.15 T_Measured 27)
                                             X_U76.R_R_VIMON <X_U76.R_NOISELESS> (T_Current -273.15 T_Measured 27)

          R        1.400E+02      1.400E+03      1.000E+02  


               X_U76.R_R_VOUT_S <X_U76.R_NOISELESS> (T_Current -273.15 T_Measured 27)
                              X_U1.R_R10 <X_U1.R_NOISELESS> (T_Current -273.15 T_Measured 27)
                                             X_U1.R_R11 <X_U1.R_NOISELESS> (T_Current -273.15 T_Measured 27)

          R        1.000E+02      1.000E+00      3.333E+01  


               X_U1.R_R12 <X_U1.R_NOISELESS> (T_Current -273.15 T_Measured 27)
                              X_U1.R_R13 <X_U1.R_NOISELESS> (T_Current -273.15 T_Measured 27)
                                             X_U1.R_R139 <X_U1.R_NOISELESS> (T_Current -273.15 T_Measured 27)

          R        1.000E+08      1.000E+00      1.057E+04  


               X_U1.R_R14 <X_U1.R_NOISELESS> (T_Current -273.15 T_Measured 27)
                              X_U1.R_R140 <X_U1.R_NOISELESS> (T_Current -273.15 T_Measured 27)
                                             X_U1.R_R141 <X_U1.R_NOISELESS> (T_Current -273.15 T_Measured 27)

          R        3.287E+04      1.000E+04      1.000E+00  


               X_U1.R_R142 <X_U1.R_NOISELESS> (T_Current -273.15 T_Measured 27)
                              X_U1.R_R143 <X_U1.R_NOISELESS> (T_Current -273.15 T_Measured 27)
                                             X_U1.R_R144 <X_U1.R_NOISELESS> (T_Current -273.15 T_Measured 27)

          R        1.000E+04      1.000E+00      7.603E+00  


               X_U1.R_R15 <X_U1.R_NOISELESS> (T_Current -273.15 T_Measured 27)
                              X_U1.R_R158 <X_U1.R_NOISELESS> (T_Current -273.15 T_Measured 27)
                                             X_U1.R_R159 <X_U1.R_NOISELESS> (T_Current -273.15 T_Measured 27)

          R        1.000E-03      1.000E+04      1.000E+00  


               X_U1.R_R16 <X_U1.R_NOISELESS> (T_Current -273.15 T_Measured 27)
                              X_U1.R_R160 <X_U1.R_NOISELESS> (T_Current -273.15 T_Measured 27)
                                             X_U1.R_R161 <X_U1.R_NOISELESS> (T_Current -273.15 T_Measured 27)

          R        1.000E+03      6.670E+03      1.000E+06  


               X_U1.R_R162 <X_U1.R_NOISELESS> (T_Current -273.15 T_Measured 27)
                              X_U1.R_R166 <X_U1.R_NOISELESS> (T_Current -273.15 T_Measured 27)
                                             X_U1.R_R167 <X_U1.R_NOISELESS> (T_Current -273.15 T_Measured 27)

          R        1.000E+06      1.000E+06      1.000E+02  


               X_U1.R_R168 <X_U1.R_NOISELESS> (T_Current -273.15 T_Measured 27)
                              X_U1.R_R169 <X_U1.R_NOISELESS> (T_Current -273.15 T_Measured 27)
                                             X_U1.R_R17 <X_U1.R_NOISELESS> (T_Current -273.15 T_Measured 27)

          R        1.000E+04      1.000E+00      1.000E-03  


               X_U1.R_R170 <X_U1.R_NOISELESS> (T_Current -273.15 T_Measured 27)
                              X_U1.R_R171 <X_U1.R_NOISELESS> (T_Current -273.15 T_Measured 27)
                                             X_U1.R_R172 <X_U1.R_NOISELESS> (T_Current -273.15 T_Measured 27)

          R        5.934E+03      1.000E+06      9.869E+04  


               X_U1.R_R173 <X_U1.R_NOISELESS> (T_Current -273.15 T_Measured 27)
                              X_U1.R_R174 <X_U1.R_NOISELESS> (T_Current -273.15 T_Measured 27)
                                             X_U1.R_R175 <X_U1.R_NOISELESS> (T_Current -273.15 T_Measured 27)

          R        1.000E+04      1.000E+00      5.157E+04  


               X_U1.R_R176 <X_U1.R_NOISELESS> (T_Current -273.15 T_Measured 27)
                              X_U1.R_R177 <X_U1.R_NOISELESS> (T_Current -273.15 T_Measured 27)
                                             X_U1.R_R178 <X_U1.R_NOISELESS> (T_Current -273.15 T_Measured 27)

          R        1.000E+04      1.000E+00      9.484E+03  


               X_U1.R_R179 <X_U1.R_NOISELESS> (T_Current -273.15 T_Measured 27)
                              X_U1.R_R18 <X_U1.R_NOISELESS> (T_Current -273.15 T_Measured 27)
                                             X_U1.R_R180 <X_U1.R_NOISELESS> (T_Current -273.15 T_Measured 27)

          R        1.000E+04      1.000E+12      1.000E+00  


               X_U1.R_R181 <X_U1.R_NOISELESS> (T_Current -273.15 T_Measured 27)
                              X_U1.R_R182 <X_U1.R_NOISELESS> (T_Current -273.15 T_Measured 27)
                                             X_U1.R_R183 <X_U1.R_NOISELESS> (T_Current -273.15 T_Measured 27)

          R        9.500E+03      1.000E+04      1.000E+00  


               X_U1.R_R184 <X_U1.R_NOISELESS> (T_Current -273.15 T_Measured 27)
                              X_U1.R_R185 <X_U1.R_NOISELESS> (T_Current -273.15 T_Measured 27)
                                             X_U1.R_R186 <X_U1.R_NOISELESS> (T_Current -273.15 T_Measured 27)

          R        5.875E+03      1.000E+04      1.000E+00  


               X_U1.R_R187 <X_U1.R_NOISELESS> (T_Current -273.15 T_Measured 27)
                              X_U1.R_R188 <X_U1.R_NOISELESS> (T_Current -273.15 T_Measured 27)
                                             X_U1.R_R189 <X_U1.R_NOISELESS> (T_Current -273.15 T_Measured 27)

          R        3.086E+03      1.000E+04      1.000E+00  


               X_U1.R_R19 <X_U1.R_NOISELESS> (T_Current -273.15 T_Measured 27)
                              X_U1.R_R190 <X_U1.R_NOISELESS> (T_Current -273.15 T_Measured 27)
                                             X_U1.R_R191 <X_U1.R_NOISELESS> (T_Current -273.15 T_Measured 27)

          R        1.000E+12      1.000E+04      1.001E+01  


               X_U1.R_R192 <X_U1.R_NOISELESS> (T_Current -273.15 T_Measured 27)
                              X_U1.R_R193 <X_U1.R_NOISELESS> (T_Current -273.15 T_Measured 27)
                                             X_U1.R_R20 <X_U1.R_NOISELESS> (T_Current -273.15 T_Measured 27)

          R        1.000E+00      1.000E+00      1.000E+00  


               X_U1.R_R21 <X_U1.R_NOISELESS> (T_Current -273.15 T_Measured 27)
                              X_U1.R_R22 <X_U1.R_NOISELESS> (T_Current -273.15 T_Measured 27)
                                             X_U1.R_R23 <X_U1.R_NOISELESS> (T_Current -273.15 T_Measured 27)

          R        1.000E-03      1.000E+06      1.000E+06  


               X_U1.R_R24 <X_U1.R_NOISELESS> (T_Current -273.15 T_Measured 27)
                              X_U1.R_R32 <X_U1.R_NOISELESS> (T_Current -273.15 T_Measured 27)
                                             X_U1.R_R33 <X_U1.R_NOISELESS> (T_Current -273.15 T_Measured 27)

          R        1.000E+03      1.000E+03      1.000E+03  


               X_U1.R_R34 <X_U1.R_NOISELESS> (T_Current -273.15 T_Measured 27)
                              X_U1.R_R35 <X_U1.R_NOISELESS> (T_Current -273.15 T_Measured 27)
                                             X_U1.R_R36 <X_U1.R_NOISELESS> (T_Current -273.15 T_Measured 27)

          R        1.000E+04      1.000E+00      1.095E+04  


               X_U1.R_R43 <X_U1.R_NOISELESS> (T_Current -273.15 T_Measured 27)
                              X_U1.R_R46 <X_U1.R_NOISELESS> (T_Current -273.15 T_Measured 27)
                                             X_U1.R_R47 <X_U1.R_NOISELESS> (T_Current -273.15 T_Measured 27)

          R        1.000E+00      1.000E+00      1.000E-03  


               X_U1.R_R48 <X_U1.R_NOISELESS> (T_Current -273.15 T_Measured 27)
                              X_U1.R_R49 <X_U1.R_NOISELESS> (T_Current -273.15 T_Measured 27)
                                             X_U1.R_R5 <X_U1.R_NOISELESS> (T_Current -273.15 T_Measured 27)

          R        1.000E+06      1.000E+12      1.000E+00  


               X_U1.R_R50 <X_U1.R_NOISELESS> (T_Current -273.15 T_Measured 27)
                              X_U1.R_R51 <X_U1.R_NOISELESS> (T_Current -273.15 T_Measured 27)
                                             X_U1.R_R52 <X_U1.R_NOISELESS> (T_Current -273.15 T_Measured 27)

          R        1.000E+06      1.000E-03      1.000E+00  


               X_U1.R_R53 <X_U1.R_NOISELESS> (T_Current -273.15 T_Measured 27)
                              X_U1.R_R54 <X_U1.R_NOISELESS> (T_Current -273.15 T_Measured 27)
                                             X_U1.R_R55 <X_U1.R_NOISELESS> (T_Current -273.15 T_Measured 27)

          R        1.000E+12      1.000E+00      1.000E-03  


               X_U1.R_R56 <X_U1.R_NOISELESS> (T_Current -273.15 T_Measured 27)
                              X_U1.R_R57 <X_U1.R_NOISELESS> (T_Current -273.15 T_Measured 27)
                                             X_U1.R_R58 <X_U1.R_NOISELESS> (T_Current -273.15 T_Measured 27)

          R        1.000E+12      1.000E+00      1.000E-03  


               X_U1.R_R59 <X_U1.R_NOISELESS> (T_Current -273.15 T_Measured 27)
                              X_U1.R_R6 <X_U1.R_NOISELESS> (T_Current -273.15 T_Measured 27)
                                             X_U1.R_R60 <X_U1.R_NOISELESS> (T_Current -273.15 T_Measured 27)

          R        1.000E+12      1.000E+08      1.000E+00  


               X_U1.R_R61 <X_U1.R_NOISELESS> (T_Current -273.15 T_Measured 27)
                              X_U1.R_R62 <X_U1.R_NOISELESS> (T_Current -273.15 T_Measured 27)
                                             X_U1.R_R63 <X_U1.R_NOISELESS> (T_Current -273.15 T_Measured 27)

          R        1.000E-03      1.000E-03      1.000E+12  


               X_U1.R_R64 <X_U1.R_NOISELESS> (T_Current -273.15 T_Measured 27)
                              X_U1.R_R65 <X_U1.R_NOISELESS> (T_Current -273.15 T_Measured 27)
                                             X_U1.R_R66 <X_U1.R_NOISELESS> (T_Current -273.15 T_Measured 27)

          R        1.000E+00      1.000E+12      1.000E+00  


               X_U1.R_R67 <X_U1.R_NOISELESS> (T_Current -273.15 T_Measured 27)
                              X_U1.R_R68 <X_U1.R_NOISELESS> (T_Current -273.15 T_Measured 27)
                                             X_U1.R_R69 <X_U1.R_NOISELESS> (T_Current -273.15 T_Measured 27)

          R        1.000E-03      1.000E-03      1.000E+12  


               X_U1.R_R7 <X_U1.R_NOISELESS> (T_Current -273.15 T_Measured 27)
                              X_U1.R_R70 <X_U1.R_NOISELESS> (T_Current -273.15 T_Measured 27)
                                             X_U1.R_R71 <X_U1.R_NOISELESS> (T_Current -273.15 T_Measured 27)

          R        8.332E+00      1.000E+00      1.000E-03  


               X_U1.R_R72 <X_U1.R_NOISELESS> (T_Current -273.15 T_Measured 27)
                              X_U1.R_R73 <X_U1.R_NOISELESS> (T_Current -273.15 T_Measured 27)
                                             X_U1.R_R74 <X_U1.R_NOISELESS> (T_Current -273.15 T_Measured 27)

          R        1.000E+03      1.000E-03      1.000E+03  


               X_U1.R_R75 <X_U1.R_NOISELESS> (T_Current -273.15 T_Measured 27)
                              X_U1.R_R76 <X_U1.R_NOISELESS> (T_Current -273.15 T_Measured 27)
                                             X_U1.R_R77 <X_U1.R_NOISELESS> (T_Current -273.15 T_Measured 27)

          R        1.000E-03      1.000E+03      1.000E+03  


               X_U1.R_R78 <X_U1.R_NOISELESS> (T_Current -273.15 T_Measured 27)
                              X_U1.R_R79 <X_U1.R_NOISELESS> (T_Current -273.15 T_Measured 27)
                                             X_U1.R_R8 <X_U1.R_NOISELESS> (T_Current -273.15 T_Measured 27)

          R        1.000E+00      1.000E+00      1.000E+03  


               X_U1.R_R80 <X_U1.R_NOISELESS> (T_Current -273.15 T_Measured 27)
                              X_U1.R_R81 <X_U1.R_NOISELESS> (T_Current -273.15 T_Measured 27)
                                             X_U1.R_R82 <X_U1.R_NOISELESS> (T_Current -273.15 T_Measured 27)

          R        1.000E+02      1.000E+02      1.000E+00  


               X_U1.R_R83 <X_U1.R_NOISELESS> (T_Current -273.15 T_Measured 27)
                              X_U1.R_R9 <X_U1.R_NOISELESS> (T_Current -273.15 T_Measured 27)
                                             X_U1.R_RDUMMY <X_U1.R_NOISELESS> (T_Current -273.15 T_Measured 27)

          R        1.000E+02      1.000E+08      6.858E+03  


               X_U1.R_RS_INN <X_U1.R_NOISELESS> (T_Current -273.15 T_Measured 27)
                              X_U1.R_RS_INP <X_U1.R_NOISELESS> (T_Current -273.15 T_Measured 27)
                                             X_U1.R_RX <X_U1.R_NOISELESS> (T_Current -273.15 T_Measured 27)

          R        1.000E+03      1.000E+03      6.858E+04  


               X_U1.R_RX1 <X_U1.R_NOISELESS> (T_Current -273.15 T_Measured 27)
                              X_U1.R_RX2 <X_U1.R_NOISELESS> (T_Current -273.15 T_Measured 27)
                                             X_U1.R_RX3 <X_U1.R_NOISELESS> (T_Current -273.15 T_Measured 27)

          R        1.000E+12      1.000E+02      1.000E+12  


               X_U1.R_RX4 <X_U1.R_NOISELESS> (T_Current -273.15 T_Measured 27)
                              X_U1.R_R_COM0 <X_U1.R_NOISELESS> (T_Current -273.15 T_Measured 27)
                                             X_U1.R_R_COM1 <X_U1.R_NOISELESS> (T_Current -273.15 T_Measured 27)

          R        1.000E+02      1.000E+12      1.000E+12  


               X_U1.R_R_DIFF <X_U1.R_NOISELESS> (T_Current -273.15 T_Measured 27)
                              X_U73.R_R107 <X_U73.R_NOISELESS> (T_Current -273.15 T_Measured 27)
                                             X_U73.R_R108 <X_U73.R_NOISELESS> (T_Current -273.15 T_Measured 27)

          R        1.000E+08      1.000E+00      1.000E+12  


               X_U73.R_R109 <X_U73.R_NOISELESS> (T_Current -273.15 T_Measured 27)
                              X_U73.R_R110 <X_U73.R_NOISELESS> (T_Current -273.15 T_Measured 27)
                                             X_U73.R_R111 <X_U73.R_NOISELESS> (T_Current -273.15 T_Measured 27)

          R        1.000E+00      1.000E-03      1.000E+06  


               X_U73.R_R112 <X_U73.R_NOISELESS> (T_Current -273.15 T_Measured 27)
                              X_U73.R_R113 <X_U73.R_NOISELESS> (T_Current -273.15 T_Measured 27)
                                             X_U73.R_R136 <X_U73.R_NOISELESS> (T_Current -273.15 T_Measured 27)

          R        1.000E+06      1.000E-03      1.000E+00  


               X_U73.R_R169 <X_U73.R_NOISELESS> (T_Current -273.15 T_Measured 27)
                              X_U73.R_R1A1 <X_U73.R_NOISELESS> (T_Current -273.15 T_Measured 27)
                                             X_U73.R_R1A3 <X_U73.R_NOISELESS> (T_Current -273.15 T_Measured 27)

          R        2.900E+01      1.000E+04      1.000E+04  


               X_U73.R_R1A4 <X_U73.R_NOISELESS> (T_Current -273.15 T_Measured 27)
                              X_U73.R_R2 <X_U73.R_NOISELESS> (T_Current -273.15 T_Measured 27)
                                             X_U73.R_R21 <X_U73.R_NOISELESS> (T_Current -273.15 T_Measured 27)

          R        1.000E+04      1.000E-02      1.000E+03  


               X_U73.R_R25 <X_U73.R_NOISELESS> (T_Current -273.15 T_Measured 27)
                              X_U73.R_R26 <X_U73.R_NOISELESS> (T_Current -273.15 T_Measured 27)
                                             X_U73.R_R261 <X_U73.R_NOISELESS> (T_Current -273.15 T_Measured 27)

          R        1.000E+09      1.000E+09      1.000E+00  


               X_U73.R_R27 <X_U73.R_NOISELESS> (T_Current -273.15 T_Measured 27)
                              X_U73.R_R28 <X_U73.R_NOISELESS> (T_Current -273.15 T_Measured 27)
                                             X_U73.R_R29 <X_U73.R_NOISELESS> (T_Current -273.15 T_Measured 27)

          R        1.000E+00      1.000E-03      1.000E+03  


               X_U73.R_R2A1 <X_U73.R_NOISELESS> (T_Current -273.15 T_Measured 27)
                              X_U73.R_R2A4 <X_U73.R_NOISELESS> (T_Current -273.15 T_Measured 27)
                                             X_U73.R_R2A5 <X_U73.R_NOISELESS> (T_Current -273.15 T_Measured 27)

          R        1.700E+01      2.000E+01      1.200E+01  


               X_U73.R_R3 <X_U73.R_NOISELESS> (T_Current -273.15 T_Measured 27)
                              X_U73.R_R30 <X_U73.R_NOISELESS> (T_Current -273.15 T_Measured 27)
                                             X_U73.R_R31 <X_U73.R_NOISELESS> (T_Current -273.15 T_Measured 27)

          R        2.800E+05      1.000E-03      1.000E+03  


               X_U73.R_R32 <X_U73.R_NOISELESS> (T_Current -273.15 T_Measured 27)
                              X_U73.R_R33 <X_U73.R_NOISELESS> (T_Current -273.15 T_Measured 27)
                                             X_U73.R_R34 <X_U73.R_NOISELESS> (T_Current -273.15 T_Measured 27)

          R        1.000E+03      1.000E-03      1.000E+03  


               X_U73.R_R35 <X_U73.R_NOISELESS> (T_Current -273.15 T_Measured 27)
                              X_U73.R_R36 <X_U73.R_NOISELESS> (T_Current -273.15 T_Measured 27)
                                             X_U73.R_R363 <X_U73.R_NOISELESS> (T_Current -273.15 T_Measured 27)

          R        1.000E+09      1.000E+00      1.000E+00  


               X_U73.R_R364 <X_U73.R_NOISELESS> (T_Current -273.15 T_Measured 27)
                              X_U73.R_R37 <X_U73.R_NOISELESS> (T_Current -273.15 T_Measured 27)
                                             X_U73.R_R38 <X_U73.R_NOISELESS> (T_Current -273.15 T_Measured 27)

          R        1.000E+00      1.000E-03      1.000E-03  


               X_U73.R_R39 <X_U73.R_NOISELESS> (T_Current -273.15 T_Measured 27)
                              X_U73.R_R40 <X_U73.R_NOISELESS> (T_Current -273.15 T_Measured 27)
                                             X_U73.R_R5 <X_U73.R_NOISELESS> (T_Current -273.15 T_Measured 27)

          R        1.000E+00      1.000E+09      1.000E+00  


               X_U73.R_R60 <X_U73.R_NOISELESS> (T_Current -273.15 T_Measured 27)
                              X_U73.R_R8 <X_U73.R_NOISELESS> (T_Current -273.15 T_Measured 27)
                                             X_U73.R_R81 <X_U73.R_NOISELESS> (T_Current -273.15 T_Measured 27)

          R        3.700E+04      1.000E+03      1.000E+09  


               X_U73.R_R83 <X_U73.R_NOISELESS> (T_Current -273.15 T_Measured 27)
                              X_U73.R_R9 <X_U73.R_NOISELESS> (T_Current -273.15 T_Measured 27)
                                             X_U73.R_R_VIMON <X_U73.R_NOISELESS> (T_Current -273.15 T_Measured 27)

          R        1.000E+09      1.000E-03      1.000E+02  


               X_U73.R_R_VOUT_S <X_U73.R_NOISELESS> (T_Current -273.15 T_Measured 27)

          R        1.000E+02  



**** 04/05/25 22:08:30 *** PSpice 24.1.0 (26 February 2025) *** ID# 0 ********

 ** Profile: "SCHEMATIC1-asdfa"  [ c:\users\user\appdata\roaming\spb_data\cdssetup\workspace\projects\tiaopa695\TIAOPA695-PSpiceFiles


 ****     INITIAL TRANSIENT SOLUTION       TEMPERATURE =   27.000 DEG C

 ****     CURRENT STEP                     PARAM IVAR =    2.4300E-03


******************************************************************************



 NODE   VOLTAGE     NODE   VOLTAGE     NODE   VOLTAGE     NODE   VOLTAGE


(  VCC)    5.0000  (  VEE)   -5.0000  (N1113089)    3.8997                      

(N1113125)    3.9059                  (N1113485)    3.9010                      

(N1113565)    5.0000                  (N1113637)    1.9901                      

(N1113647)    3.9027                  (N1113661)    3.3016                      

(N1113879)   -5.0000                  (N1114737)     .0070                      

(N1114747)     .0070                  (N1114761)     .0168                      

(N1114963)     .0168                  (N1114991)-260.0E-06                      

(X_U1.MID)-423.5E-18                  (X_U1.V11)-4.676E-09                      

(X_U1.V12)     .6872                  (X_U76.ZO)    3.9059                      

(X_U1.ESDN)    2.3782                 (X_U1.ESDP)    2.9136                     

(X_U1.VCLP)    3.9562                 (X_U73.AOL)     .0168                     

(X_U73.MID)-211.8E-18                 (X_U76.MID)    2.5000                     

(X_U1.CLAMP)    6.6228                (X_U1.VCC_B)    5.0000                    

(X_U1.VEE_B)   -5.0000                (X_U1.VIMON)    9.5755                    

(X_U73.CMRR)-482.6E-09                (X_U76.CMRR)    2.5000                    

(X_U76.ESDN)    3.8997                (X_U76.ESDP)    3.9010                    

(X_U1.VOUT_S)    3.9027               (X_U1.VSENSE)    6.6228                   

(X_U1.X_U1.3)    0.0000               (X_U1.X_U1.4)    0.0000                   

(X_U1.X_U1.5)    0.0000               (X_U1.X_U1.6)    0.0000                   

(X_U1.X_U1.7)     .8338               (X_U1.X_U1.8)     .8338                   

(X_U73.CLAMP)     .0168               (X_U73.VCC_B)    5.0000                   

(X_U73.VEE_B)   -5.0000               (X_U73.VIMON)     .0198                   

(X_U76.CLAMP)    4.1283               (X_U76.PSRRN)    2.5002                   

(X_U76.PSRRP)    2.5001               (X_U76.VCC_B)    5.0000                   

(X_U76.VEE_B) 2.501E-06               (X_U76.VIMON)    2.5124                   

(X_U1.VCC_CLP)    3.9000              (X_U1.VEE_CLP)   -4.8260                  

(X_U1.X_U39.3)    0.0000              (X_U1.X_U39.4)    0.0000                  

(X_U1.X_U39.5)    0.0000              (X_U1.X_U39.6)    0.0000                  

(X_U1.X_U39.7)     .8338              (X_U1.X_U39.8)     .8338                  

(X_U1.X_U40.3)    0.0000              (X_U1.X_U40.4)    0.0000                  

(X_U1.X_U40.5)    0.0000              (X_U1.X_U40.6)    0.0000                  

(X_U1.X_U40.7)     .8338              (X_U1.X_U40.8)     .8338                  

(X_U73.AOLNET)    -.0168              (X_U73.N05102)     .0070                  

(X_U73.N06456)-260.0E-06              (X_U73.N10561)    -.0070                  

(X_U73.N10570)    -.0070              (X_U73.N11984)    -.0070                  

(X_U73.N25816)     .0070              (X_U73.N28602)   -3.3000                  

(X_U73.N30136)    3.3000              (X_U73.N30913)     .0070                  

(X_U73.N31014)     .0070              (X_U73.N35669)    4.1998                  

(X_U73.N35813)    4.1998              (X_U73.N38050)   -4.2000                  

(X_U73.N38096)   -4.2000              (X_U73.N42663)-211.8E-18                  

(X_U73.N42834)-211.8E-18              (X_U73.N44757)-211.8E-18                  

(X_U73.N44799)-211.8E-18              (X_U73.VOUT_S)     .0168                  

(X_U76.AOLNET)    2.4992              (X_U76.N06456)    3.9010                  

(X_U76.N10561)    3.9006              (X_U76.N10570)    3.9006                  

(X_U76.N11984)    3.9006              (X_U76.N11991)    3.8997                  

(X_U76.N25816)    3.9005              (X_U76.N28602)    1.1000                  

(X_U76.N30136)    4.6000              (X_U76.N30913)    3.9005                  

(X_U76.N31014)    3.9005              (X_U76.N35675)    4.2118                  

(X_U76.N35813)    4.2118              (X_U76.N38050)    1.0201                  

(X_U76.N38096)    1.0201              (X_U76.VOUT_S)    3.9059                  

(X_U76.X_U1.3)    0.0000              (X_U76.X_U1.4)    0.0000                  

(X_U76.X_U1.5)    0.0000              (X_U76.X_U1.6)    0.0000                  

(X_U76.X_U1.7)     .8338              (X_U76.X_U1.8)     .8338                  

(X_U1.CL_CLAMP)    3.9562             (X_U1.N2986935)    2.9136                 

(X_U1.N2986947) 291.4E-09             (X_U1.N2986949)    2.9136                 

(X_U1.N2986957)    2.9136             (X_U1.N2986973)-1.581E-06                 

(X_U1.N2986975) 1.581E-06             (X_U1.N2986977)    2.9136                 

(X_U1.N2986981)    2.9136             (X_U1.N2987013)    2.3782                 

(X_U1.N2987017)    3.0000             (X_U1.N2987029)   -3.0000                 

(X_U1.N2987037)    2.9136             (X_U1.N2987051)    2.9136                 

(X_U1.N2987061)   53.5400             (X_U1.N2987123)     .0027                 

(X_U1.N2987135)     .0027             (X_U1.N2987157)-423.5E-18                 

(X_U1.N2987159)-423.5E-18             (X_U1.N2987201)   35.0000                 

(X_U1.N2987203)-423.5E-18             (X_U1.N2987205)-423.5E-18                 

(X_U1.N2987225)-423.5E-18             (X_U1.N2987231)-423.5E-18                 

(X_U1.N2987243)  -35.0000             (X_U1.N2987295)   75.0000                 

(X_U1.N2987299)-423.5E-18             (X_U1.N2987301)-423.5E-18                 

(X_U1.N2987319)-423.5E-18             (X_U1.N2987325)-423.5E-18                 

(X_U1.N2987337)  -75.0000             (X_U1.N2987363)    6.6228                 

(X_U1.N2987391)    3.9000             (X_U1.N2987395)   -4.8260                 

(X_U1.N2987423)   -4.8260             (X_U1.N2987427)    3.9000                 

(X_U1.N2987487)-4.676E-09             (X_U1.N2987493)     .6872                 

(X_U1.N2987499)    1.0000             (X_U1.N2987541)    9.5755                 

(X_U1.N2987553)    3.9027             (X_U1.N2987623)    3.9027                 

(X_U1.N2987655)    1.9562             (X_U1.N2987675)    6.6134                 

(X_U1.N2987683)    1.9562             (X_U1.N2987687)    1.9562                 

(X_U1.N2987711)    6.6134             (X_U1.N2987719)    5.9262                 

(X_U1.N2987763)-423.5E-18             (X_U1.N2987785)    5.0000                 

(X_U1.N2987801)   -5.0000             (X_U1.N3108745)   16.5560                 

(X_U1.N3108755)    6.6244             (X_U1.N3108879)    6.6228                 

(X_U1.N3108917)    6.6244             (X_U1.N3108949)    6.6243                 

(X_U1.N3109015)    6.6243             (X_U1.N3116457)    3.9562                 

(X_U1.N3116503)  365.8100             (X_U1.N3116515)  365.8100                 

(X_U1.N3116609)  699.7200             (X_U1.N3116619)  260.5800                 

(X_U1.N3116655)  699.6500             (X_U1.N3116665)     .5315                 

(X_U1.N3116675)  699.7200             (X_U1.N3116685)  699.7200                 

(X_U1.N3116957)  699.6400             (X_U1.N3117239)  699.7200                 

(X_U1.N3126023)    3.4971             (X_U1.N3128929)   -4.7434                 

(X_U1.N3130349) 1.581E-06             (X_U1.N3130359)     .0048                 

(X_U1.N3202117)  699.7200             (X_U1.N3202127)  699.7200                 

(X_U1.N3202213)  699.7200             (X_U1.N3204124)  699.7200                 

(X_U1.N3204134)  699.7200             (X_U1.N3204220)  699.7200                 

(X_U1.N3205032)  699.7200             (X_U1.N3205042)  699.7200                 

(X_U1.N3205128)  699.7200             (X_U1.N3205956)  699.7200                 

(X_U1.N3205966)  699.7200             (X_U1.N3206052)  699.7200                 

(X_U1.N3206890)  699.7200             (X_U1.N3206900)  699.7200                 

(X_U1.N3206986)  699.7200             (X_U1.N3208573)  699.7200                 

(X_U1.N3208669)  699.7200             (X_U1.N3236810) 1.581E-09                 

(X_U1.N3236820) 1.581E-06             (X_U73.N110431)     .0198                 

(X_U73.N112292)     .0168             (X_U73.N317950)-211.8E-18                 

(X_U73.N406634)    5.0000             (X_U73.N406794)   -5.0000                 

(X_U73.N701935)-241.8E-06             (X_U73.N704979)   -6.4993                 

(X_U73.N705005)    -.0078             (X_U73.N709083)    3.6601                 

(X_U73.N709113)     .0062             (X_U73.N749288)    -.0070                 

(X_U73.VCC_CLP)    4.1998             (X_U73.VEE_CLP)   -4.2000                 

(X_U73.X_E_N.3)    0.0000             (X_U73.X_E_N.4)    0.0000                 

(X_U73.X_E_N.5)    0.0000             (X_U73.X_E_N.6)    0.0000                 

(X_U73.X_E_N.7)     .8338             (X_U73.X_E_N.8)     .8338                 

(X_U76.N110431)    2.5124             (X_U76.N112292)    3.9059                 

(X_U76.N317950)    2.5000             (X_U76.N406634)    5.0000                 

(X_U76.N406794) 2.504E-06             (X_U76.N749288)    3.9006                 

(X_U76.VCC_CLP)    4.2118             (X_U76.VEE_CLP)    1.0201                 

(X_U76.X_E_N.3)    0.0000             (X_U76.X_E_N.4)    0.0000                 

(X_U76.X_E_N.5)    0.0000             (X_U76.X_E_N.6)    0.0000                 

(X_U76.X_E_N.7)     .8338             (X_U76.X_E_N.8)     .8338                 

(X_U1.N32898091)  699.7200            (X_U73.N1327152)     .0070                

(X_U73.X_I_NP.3)    0.0000            (X_U73.X_I_NP.4)    0.0000                

(X_U73.X_I_NP.5)    0.0000            (X_U73.X_I_NP.6)    0.0000                

(X_U73.X_I_NP.7)     .8338            (X_U73.X_I_NP.8)     .8338                

(X_U76.N1254860)   17.9820            (X_U76.N1446199)    4.0758                

(X_U76.N1446217)    4.0758            (X_U76.N1461236)    2.3361                

(X_U76.N1461246)    2.5000            (X_U76.N1461252)    2.5046                

(X_U76.N1481243)     .7102            (X_U76.N1481253)    2.4999                

(X_U76.N1481259)    2.5005            (X_U76.N1483677)    6.4446                

(X_U76.N1483687)    2.5002            (X_U76.N1483693)    2.4954                

(X_U76.N1483703)    2.4998            (X_U76.N1483713)    2.5046                

(X_U76.N1490067)    2.5001            (X_U76.N1492098)    2.7548                

(X_U76.N1492108)    2.6699            (X_U76.N1492118)    2.6699                

(X_U76.N1492126)    2.6699            (X_U76.N1492376)    2.6699                

(X_U76.N1534615)    6.8373            (X_U76.N1534625)    2.6519                

(X_U76.N1534635)    2.6519            (X_U76.N1534645)    2.6519                

(X_U76.N1534887)    2.6519            (X_U76.N1541593)    6.3796                

(X_U76.N1541603)    2.6359            (X_U1.CLAW_CLAMP)    3.9562               

(X_U73.X_I_NP2.3)    0.0000           (X_U73.X_I_NP2.4)    0.0000               

(X_U73.X_I_NP2.5)    0.0000           (X_U73.X_I_NP2.6)    0.0000               

(X_U73.X_I_NP2.7)     .8338           (X_U73.X_I_NP2.8)     .8338               

(X_U76.X_I_NP1.3)    0.0000           (X_U76.X_I_NP1.4)    0.0000               

(X_U76.X_I_NP1.5)    0.0000           (X_U76.X_I_NP1.6)    0.0000               

(X_U76.X_I_NP1.7)     .8338           (X_U76.X_I_NP1.8)     .8338               

(X_U1.SW_OL_OPAx277)    1.0000        (X_U73.X_VOS_VS_VCM.1)    -.0070          

(X_U76.X_VOS_VS_VCM.1)    3.9006      




    VOLTAGE SOURCE CURRENTS
    NAME         CURRENT

    V_V2        -1.369E-02
    V_V6        -4.612E-04
    V_V5        -8.492E-04
    V_V1        -4.081E-02
    X_U76.V_VCM_MAX  -2.100E-09
    X_U76.V_VCM_MIN   1.400E-09
    X_U1.V_VCM_MAX  -3.001E-12
    X_U1.V_VCM_MIN   3.001E-12
    X_U1.V_V_GRN   7.500E-11
    X_U1.V_V_GRP  -7.500E-11
    X_U1.V_V_ISCN   3.500E-11
    X_U1.V_V_ISCP  -3.500E-11
    X_U1.V_V_ORN   0.000E+00
    X_U1.V_V_ORP   0.000E+00
    X_U73.V_VCM_MAX  -3.300E-09
    X_U73.V_VCM_MIN   3.300E-09
    X_U76.X_H3.VH_H3  -1.245E-05
    X_U76.X_VOS_VS_VCM.V1   4.097E-13
    X_U1.X_H1.VH_H1   9.576E-03
    X_U1.X_H2.VH_H2   6.872E-01
    X_U1.X_H3.VH_H3   4.676E-09
    X_U73.X_H3.VH_H3  -1.980E-05
    X_U73.X_VOS_VS_VCM.V1  -9.661E-17

    TOTAL POWER DISSIPATION   2.79E-01  WATTS


Model-Specific Temperatures During Sweep  Param value = 0.00273

 **** RESISTORS

               X_U76.R_R1 <X_U76.R_NOISELESS> (T_Current -273.15 T_Measured 27)
                              X_U76.R_R10 <X_U76.R_NOISELESS> (T_Current -273.15 T_Measured 27)
                                             X_U76.R_R107 <X_U76.R_NOISELESS> (T_Current -273.15 T_Measured 27)

          R        1.000E-02      1.000E-03      1.000E+00  


               X_U76.R_R108 <X_U76.R_NOISELESS> (T_Current -273.15 T_Measured 27)
                              X_U76.R_R109 <X_U76.R_NOISELESS> (T_Current -273.15 T_Measured 27)
                                             X_U76.R_R110 <X_U76.R_NOISELESS> (T_Current -273.15 T_Measured 27)

          R        1.000E+12      1.000E+00      1.000E-03  


               X_U76.R_R111 <X_U76.R_NOISELESS> (T_Current -273.15 T_Measured 27)
                              X_U76.R_R112 <X_U76.R_NOISELESS> (T_Current -273.15 T_Measured 27)
                                             X_U76.R_R113 <X_U76.R_NOISELESS> (T_Current -273.15 T_Measured 27)

          R        1.000E+06      1.000E+06      1.000E-03  


               X_U76.R_R146 <X_U76.R_NOISELESS> (T_Current -273.15 T_Measured 27)
                              X_U76.R_R147 <X_U76.R_NOISELESS> (T_Current -273.15 T_Measured 27)
                                             X_U76.R_R148 <X_U76.R_NOISELESS> (T_Current -273.15 T_Measured 27)

          R        1.000E+00      1.000E+00      1.000E+00  


               X_U76.R_R162 <X_U76.R_NOISELESS> (T_Current -273.15 T_Measured 27)
                              X_U76.R_R1A <X_U76.R_NOISELESS> (T_Current -273.15 T_Measured 27)
                                             X_U76.R_R1A1 <X_U76.R_NOISELESS> (T_Current -273.15 T_Measured 27)

          R        5.000E+03      1.000E+04      3.000E+01  


               X_U76.R_R1A14 <X_U76.R_NOISELESS> (T_Current -273.15 T_Measured 27)
                              X_U76.R_R1A15 <X_U76.R_NOISELESS> (T_Current -273.15 T_Measured 27)
                                             X_U76.R_R1A16 <X_U76.R_NOISELESS> (T_Current -273.15 T_Measured 27)

          R        1.000E+04      1.000E+04      2.800E+00  


               X_U76.R_R1A17 <X_U76.R_NOISELESS> (T_Current -273.15 T_Measured 27)
                              X_U76.R_R1A18 <X_U76.R_NOISELESS> (T_Current -273.15 T_Measured 27)
                                             X_U76.R_R1A40 <X_U76.R_NOISELESS> (T_Current -273.15 T_Measured 27)

          R        1.000E+04      1.000E+04      1.000E+04  


               X_U76.R_R1A41 <X_U76.R_NOISELESS> (T_Current -273.15 T_Measured 27)
                              X_U76.R_R1A42 <X_U76.R_NOISELESS> (T_Current -273.15 T_Measured 27)
                                             X_U76.R_R1A43 <X_U76.R_NOISELESS> (T_Current -273.15 T_Measured 27)

          R        7.000E+00      1.000E+04      3.000E+01  


               X_U76.R_R1A44 <X_U76.R_NOISELESS> (T_Current -273.15 T_Measured 27)
                              X_U76.R_R1A45 <X_U76.R_NOISELESS> (T_Current -273.15 T_Measured 27)
                                             X_U76.R_R2 <X_U76.R_NOISELESS> (T_Current -273.15 T_Measured 27)

          R        1.000E+01      1.000E+01      1.000E-02  


               X_U76.R_R21 <X_U76.R_NOISELESS> (T_Current -273.15 T_Measured 27)
                              X_U76.R_R211 <X_U76.R_NOISELESS> (T_Current -273.15 T_Measured 27)
                                             X_U76.R_R225 <X_U76.R_NOISELESS> (T_Current -273.15 T_Measured 27)

          R        1.000E+03      1.000E+00      1.000E+00  


               X_U76.R_R226 <X_U76.R_NOISELESS> (T_Current -273.15 T_Measured 27)
                              X_U76.R_R245 <X_U76.R_NOISELESS> (T_Current -273.15 T_Measured 27)
                                             X_U76.R_R246 <X_U76.R_NOISELESS> (T_Current -273.15 T_Measured 27)

          R        3.000E+01      4.500E+03      1.000E+00  


               X_U76.R_R247 <X_U76.R_NOISELESS> (T_Current -273.15 T_Measured 27)
                              X_U76.R_R248 <X_U76.R_NOISELESS> (T_Current -273.15 T_Measured 27)
                                             X_U76.R_R249 <X_U76.R_NOISELESS> (T_Current -273.15 T_Measured 27)

          R        1.000E+00      1.000E+00      1.000E+00  


               X_U76.R_R25 <X_U76.R_NOISELESS> (T_Current -273.15 T_Measured 27)
                              X_U76.R_R250 <X_U76.R_NOISELESS> (T_Current -273.15 T_Measured 27)
                                             X_U76.R_R251 <X_U76.R_NOISELESS> (T_Current -273.15 T_Measured 27)

          R        1.000E+09      1.000E+00      1.000E+00  


               X_U76.R_R252 <X_U76.R_NOISELESS> (T_Current -273.15 T_Measured 27)
                              X_U76.R_R253 <X_U76.R_NOISELESS> (T_Current -273.15 T_Measured 27)
                                             X_U76.R_R26 <X_U76.R_NOISELESS> (T_Current -273.15 T_Measured 27)

          R        1.000E+00      1.000E+00      1.000E+09  


               X_U76.R_R27 <X_U76.R_NOISELESS> (T_Current -273.15 T_Measured 27)
                              X_U76.R_R28 <X_U76.R_NOISELESS> (T_Current -273.15 T_Measured 27)
                                             X_U76.R_R29 <X_U76.R_NOISELESS> (T_Current -273.15 T_Measured 27)

          R        1.000E+00      1.000E-03      1.000E+03  


               X_U76.R_R2A <X_U76.R_NOISELESS> (T_Current -273.15 T_Measured 27)
                              X_U76.R_R2A1 <X_U76.R_NOISELESS> (T_Current -273.15 T_Measured 27)
                                             X_U76.R_R2A16 <X_U76.R_NOISELESS> (T_Current -273.15 T_Measured 27)

          R        2.000E+04      1.000E+01      5.420E-01  


               X_U76.R_R2A17 <X_U76.R_NOISELESS> (T_Current -273.15 T_Measured 27)
                              X_U76.R_R2A18 <X_U76.R_NOISELESS> (T_Current -273.15 T_Measured 27)
                                             X_U76.R_R2A36 <X_U76.R_NOISELESS> (T_Current -273.15 T_Measured 27)

          R        4.822E+02      4.822E+02      8.500E-01  


               X_U76.R_R2A37 <X_U76.R_NOISELESS> (T_Current -273.15 T_Measured 27)
                              X_U76.R_R2A40 <X_U76.R_NOISELESS> (T_Current -273.15 T_Measured 27)
                                             X_U76.R_R2A41 <X_U76.R_NOISELESS> (T_Current -273.15 T_Measured 27)

          R        3.010E+01      7.000E-01      1.000E+01  


               X_U76.R_R2A42 <X_U76.R_NOISELESS> (T_Current -273.15 T_Measured 27)
                              X_U76.R_R2A43 <X_U76.R_NOISELESS> (T_Current -273.15 T_Measured 27)
                                             X_U76.R_R3 <X_U76.R_NOISELESS> (T_Current -273.15 T_Measured 27)

          R        3.630E-01      3.630E-01      2.300E+06  


               X_U76.R_R30 <X_U76.R_NOISELESS> (T_Current -273.15 T_Measured 27)
                              X_U76.R_R31 <X_U76.R_NOISELESS> (T_Current -273.15 T_Measured 27)
                                             X_U76.R_R32 <X_U76.R_NOISELESS> (T_Current -273.15 T_Measured 27)

          R        1.000E-03      1.000E+03      1.000E+03  


               X_U76.R_R33 <X_U76.R_NOISELESS> (T_Current -273.15 T_Measured 27)
                              X_U76.R_R34 <X_U76.R_NOISELESS> (T_Current -273.15 T_Measured 27)
                                             X_U76.R_R4 <X_U76.R_NOISELESS> (T_Current -273.15 T_Measured 27)

          R        1.000E-03      1.000E+03      2.300E+06  


               X_U76.R_R6 <X_U76.R_NOISELESS> (T_Current -273.15 T_Measured 27)
                              X_U76.R_R60 <X_U76.R_NOISELESS> (T_Current -273.15 T_Measured 27)
                                             X_U76.R_R8 <X_U76.R_NOISELESS> (T_Current -273.15 T_Measured 27)

          R        1.000E+00      1.000E+00      1.000E+03  


               X_U76.R_R81 <X_U76.R_NOISELESS> (T_Current -273.15 T_Measured 27)
                              X_U76.R_R83 <X_U76.R_NOISELESS> (T_Current -273.15 T_Measured 27)
                                             X_U76.R_R9 <X_U76.R_NOISELESS> (T_Current -273.15 T_Measured 27)

          R        1.000E+09      1.000E+09      1.000E-03  


               X_U76.R_RDUMMY <X_U76.R_NOISELESS> (T_Current -273.15 T_Measured 27)
                              X_U76.R_RX <X_U76.R_NOISELESS> (T_Current -273.15 T_Measured 27)
                                             X_U76.R_R_VIMON <X_U76.R_NOISELESS> (T_Current -273.15 T_Measured 27)

          R        1.400E+02      1.400E+03      1.000E+02  


               X_U76.R_R_VOUT_S <X_U76.R_NOISELESS> (T_Current -273.15 T_Measured 27)
                              X_U1.R_R10 <X_U1.R_NOISELESS> (T_Current -273.15 T_Measured 27)
                                             X_U1.R_R11 <X_U1.R_NOISELESS> (T_Current -273.15 T_Measured 27)

          R        1.000E+02      1.000E+00      3.333E+01  


               X_U1.R_R12 <X_U1.R_NOISELESS> (T_Current -273.15 T_Measured 27)
                              X_U1.R_R13 <X_U1.R_NOISELESS> (T_Current -273.15 T_Measured 27)
                                             X_U1.R_R139 <X_U1.R_NOISELESS> (T_Current -273.15 T_Measured 27)

          R        1.000E+08      1.000E+00      1.057E+04  


               X_U1.R_R14 <X_U1.R_NOISELESS> (T_Current -273.15 T_Measured 27)
                              X_U1.R_R140 <X_U1.R_NOISELESS> (T_Current -273.15 T_Measured 27)
                                             X_U1.R_R141 <X_U1.R_NOISELESS> (T_Current -273.15 T_Measured 27)

          R        3.287E+04      1.000E+04      1.000E+00  


               X_U1.R_R142 <X_U1.R_NOISELESS> (T_Current -273.15 T_Measured 27)
                              X_U1.R_R143 <X_U1.R_NOISELESS> (T_Current -273.15 T_Measured 27)
                                             X_U1.R_R144 <X_U1.R_NOISELESS> (T_Current -273.15 T_Measured 27)

          R        1.000E+04      1.000E+00      7.603E+00  


               X_U1.R_R15 <X_U1.R_NOISELESS> (T_Current -273.15 T_Measured 27)
                              X_U1.R_R158 <X_U1.R_NOISELESS> (T_Current -273.15 T_Measured 27)
                                             X_U1.R_R159 <X_U1.R_NOISELESS> (T_Current -273.15 T_Measured 27)

          R        1.000E-03      1.000E+04      1.000E+00  


               X_U1.R_R16 <X_U1.R_NOISELESS> (T_Current -273.15 T_Measured 27)
                              X_U1.R_R160 <X_U1.R_NOISELESS> (T_Current -273.15 T_Measured 27)
                                             X_U1.R_R161 <X_U1.R_NOISELESS> (T_Current -273.15 T_Measured 27)

          R        1.000E+03      6.670E+03      1.000E+06  


               X_U1.R_R162 <X_U1.R_NOISELESS> (T_Current -273.15 T_Measured 27)
                              X_U1.R_R166 <X_U1.R_NOISELESS> (T_Current -273.15 T_Measured 27)
                                             X_U1.R_R167 <X_U1.R_NOISELESS> (T_Current -273.15 T_Measured 27)

          R        1.000E+06      1.000E+06      1.000E+02  


               X_U1.R_R168 <X_U1.R_NOISELESS> (T_Current -273.15 T_Measured 27)
                              X_U1.R_R169 <X_U1.R_NOISELESS> (T_Current -273.15 T_Measured 27)
                                             X_U1.R_R17 <X_U1.R_NOISELESS> (T_Current -273.15 T_Measured 27)

          R        1.000E+04      1.000E+00      1.000E-03  


               X_U1.R_R170 <X_U1.R_NOISELESS> (T_Current -273.15 T_Measured 27)
                              X_U1.R_R171 <X_U1.R_NOISELESS> (T_Current -273.15 T_Measured 27)
                                             X_U1.R_R172 <X_U1.R_NOISELESS> (T_Current -273.15 T_Measured 27)

          R        5.934E+03      1.000E+06      9.869E+04  


               X_U1.R_R173 <X_U1.R_NOISELESS> (T_Current -273.15 T_Measured 27)
                              X_U1.R_R174 <X_U1.R_NOISELESS> (T_Current -273.15 T_Measured 27)
                                             X_U1.R_R175 <X_U1.R_NOISELESS> (T_Current -273.15 T_Measured 27)

          R        1.000E+04      1.000E+00      5.157E+04  


               X_U1.R_R176 <X_U1.R_NOISELESS> (T_Current -273.15 T_Measured 27)
                              X_U1.R_R177 <X_U1.R_NOISELESS> (T_Current -273.15 T_Measured 27)
                                             X_U1.R_R178 <X_U1.R_NOISELESS> (T_Current -273.15 T_Measured 27)

          R        1.000E+04      1.000E+00      9.484E+03  


               X_U1.R_R179 <X_U1.R_NOISELESS> (T_Current -273.15 T_Measured 27)
                              X_U1.R_R18 <X_U1.R_NOISELESS> (T_Current -273.15 T_Measured 27)
                                             X_U1.R_R180 <X_U1.R_NOISELESS> (T_Current -273.15 T_Measured 27)

          R        1.000E+04      1.000E+12      1.000E+00  


               X_U1.R_R181 <X_U1.R_NOISELESS> (T_Current -273.15 T_Measured 27)
                              X_U1.R_R182 <X_U1.R_NOISELESS> (T_Current -273.15 T_Measured 27)
                                             X_U1.R_R183 <X_U1.R_NOISELESS> (T_Current -273.15 T_Measured 27)

          R        9.500E+03      1.000E+04      1.000E+00  


               X_U1.R_R184 <X_U1.R_NOISELESS> (T_Current -273.15 T_Measured 27)
                              X_U1.R_R185 <X_U1.R_NOISELESS> (T_Current -273.15 T_Measured 27)
                                             X_U1.R_R186 <X_U1.R_NOISELESS> (T_Current -273.15 T_Measured 27)

          R        5.875E+03      1.000E+04      1.000E+00  


               X_U1.R_R187 <X_U1.R_NOISELESS> (T_Current -273.15 T_Measured 27)
                              X_U1.R_R188 <X_U1.R_NOISELESS> (T_Current -273.15 T_Measured 27)
                                             X_U1.R_R189 <X_U1.R_NOISELESS> (T_Current -273.15 T_Measured 27)

          R        3.086E+03      1.000E+04      1.000E+00  


               X_U1.R_R19 <X_U1.R_NOISELESS> (T_Current -273.15 T_Measured 27)
                              X_U1.R_R190 <X_U1.R_NOISELESS> (T_Current -273.15 T_Measured 27)
                                             X_U1.R_R191 <X_U1.R_NOISELESS> (T_Current -273.15 T_Measured 27)

          R        1.000E+12      1.000E+04      1.001E+01  


               X_U1.R_R192 <X_U1.R_NOISELESS> (T_Current -273.15 T_Measured 27)
                              X_U1.R_R193 <X_U1.R_NOISELESS> (T_Current -273.15 T_Measured 27)
                                             X_U1.R_R20 <X_U1.R_NOISELESS> (T_Current -273.15 T_Measured 27)

          R        1.000E+00      1.000E+00      1.000E+00  


               X_U1.R_R21 <X_U1.R_NOISELESS> (T_Current -273.15 T_Measured 27)
                              X_U1.R_R22 <X_U1.R_NOISELESS> (T_Current -273.15 T_Measured 27)
                                             X_U1.R_R23 <X_U1.R_NOISELESS> (T_Current -273.15 T_Measured 27)

          R        1.000E-03      1.000E+06      1.000E+06  


               X_U1.R_R24 <X_U1.R_NOISELESS> (T_Current -273.15 T_Measured 27)
                              X_U1.R_R32 <X_U1.R_NOISELESS> (T_Current -273.15 T_Measured 27)
                                             X_U1.R_R33 <X_U1.R_NOISELESS> (T_Current -273.15 T_Measured 27)

          R        1.000E+03      1.000E+03      1.000E+03  


               X_U1.R_R34 <X_U1.R_NOISELESS> (T_Current -273.15 T_Measured 27)
                              X_U1.R_R35 <X_U1.R_NOISELESS> (T_Current -273.15 T_Measured 27)
                                             X_U1.R_R36 <X_U1.R_NOISELESS> (T_Current -273.15 T_Measured 27)

          R        1.000E+04      1.000E+00      1.095E+04  


               X_U1.R_R43 <X_U1.R_NOISELESS> (T_Current -273.15 T_Measured 27)
                              X_U1.R_R46 <X_U1.R_NOISELESS> (T_Current -273.15 T_Measured 27)
                                             X_U1.R_R47 <X_U1.R_NOISELESS> (T_Current -273.15 T_Measured 27)

          R        1.000E+00      1.000E+00      1.000E-03  


               X_U1.R_R48 <X_U1.R_NOISELESS> (T_Current -273.15 T_Measured 27)
                              X_U1.R_R49 <X_U1.R_NOISELESS> (T_Current -273.15 T_Measured 27)
                                             X_U1.R_R5 <X_U1.R_NOISELESS> (T_Current -273.15 T_Measured 27)

          R        1.000E+06      1.000E+12      1.000E+00  


               X_U1.R_R50 <X_U1.R_NOISELESS> (T_Current -273.15 T_Measured 27)
                              X_U1.R_R51 <X_U1.R_NOISELESS> (T_Current -273.15 T_Measured 27)
                                             X_U1.R_R52 <X_U1.R_NOISELESS> (T_Current -273.15 T_Measured 27)

          R        1.000E+06      1.000E-03      1.000E+00  


               X_U1.R_R53 <X_U1.R_NOISELESS> (T_Current -273.15 T_Measured 27)
                              X_U1.R_R54 <X_U1.R_NOISELESS> (T_Current -273.15 T_Measured 27)
                                             X_U1.R_R55 <X_U1.R_NOISELESS> (T_Current -273.15 T_Measured 27)

          R        1.000E+12      1.000E+00      1.000E-03  


               X_U1.R_R56 <X_U1.R_NOISELESS> (T_Current -273.15 T_Measured 27)
                              X_U1.R_R57 <X_U1.R_NOISELESS> (T_Current -273.15 T_Measured 27)
                                             X_U1.R_R58 <X_U1.R_NOISELESS> (T_Current -273.15 T_Measured 27)

          R        1.000E+12      1.000E+00      1.000E-03  


               X_U1.R_R59 <X_U1.R_NOISELESS> (T_Current -273.15 T_Measured 27)
                              X_U1.R_R6 <X_U1.R_NOISELESS> (T_Current -273.15 T_Measured 27)
                                             X_U1.R_R60 <X_U1.R_NOISELESS> (T_Current -273.15 T_Measured 27)

          R        1.000E+12      1.000E+08      1.000E+00  


               X_U1.R_R61 <X_U1.R_NOISELESS> (T_Current -273.15 T_Measured 27)
                              X_U1.R_R62 <X_U1.R_NOISELESS> (T_Current -273.15 T_Measured 27)
                                             X_U1.R_R63 <X_U1.R_NOISELESS> (T_Current -273.15 T_Measured 27)

          R        1.000E-03      1.000E-03      1.000E+12  


               X_U1.R_R64 <X_U1.R_NOISELESS> (T_Current -273.15 T_Measured 27)
                              X_U1.R_R65 <X_U1.R_NOISELESS> (T_Current -273.15 T_Measured 27)
                                             X_U1.R_R66 <X_U1.R_NOISELESS> (T_Current -273.15 T_Measured 27)

          R        1.000E+00      1.000E+12      1.000E+00  


               X_U1.R_R67 <X_U1.R_NOISELESS> (T_Current -273.15 T_Measured 27)
                              X_U1.R_R68 <X_U1.R_NOISELESS> (T_Current -273.15 T_Measured 27)
                                             X_U1.R_R69 <X_U1.R_NOISELESS> (T_Current -273.15 T_Measured 27)

          R        1.000E-03      1.000E-03      1.000E+12  


               X_U1.R_R7 <X_U1.R_NOISELESS> (T_Current -273.15 T_Measured 27)
                              X_U1.R_R70 <X_U1.R_NOISELESS> (T_Current -273.15 T_Measured 27)
                                             X_U1.R_R71 <X_U1.R_NOISELESS> (T_Current -273.15 T_Measured 27)

          R        8.332E+00      1.000E+00      1.000E-03  


               X_U1.R_R72 <X_U1.R_NOISELESS> (T_Current -273.15 T_Measured 27)
                              X_U1.R_R73 <X_U1.R_NOISELESS> (T_Current -273.15 T_Measured 27)
                                             X_U1.R_R74 <X_U1.R_NOISELESS> (T_Current -273.15 T_Measured 27)

          R        1.000E+03      1.000E-03      1.000E+03  


               X_U1.R_R75 <X_U1.R_NOISELESS> (T_Current -273.15 T_Measured 27)
                              X_U1.R_R76 <X_U1.R_NOISELESS> (T_Current -273.15 T_Measured 27)
                                             X_U1.R_R77 <X_U1.R_NOISELESS> (T_Current -273.15 T_Measured 27)

          R        1.000E-03      1.000E+03      1.000E+03  


               X_U1.R_R78 <X_U1.R_NOISELESS> (T_Current -273.15 T_Measured 27)
                              X_U1.R_R79 <X_U1.R_NOISELESS> (T_Current -273.15 T_Measured 27)
                                             X_U1.R_R8 <X_U1.R_NOISELESS> (T_Current -273.15 T_Measured 27)

          R        1.000E+00      1.000E+00      1.000E+03  


               X_U1.R_R80 <X_U1.R_NOISELESS> (T_Current -273.15 T_Measured 27)
                              X_U1.R_R81 <X_U1.R_NOISELESS> (T_Current -273.15 T_Measured 27)
                                             X_U1.R_R82 <X_U1.R_NOISELESS> (T_Current -273.15 T_Measured 27)

          R        1.000E+02      1.000E+02      1.000E+00  


               X_U1.R_R83 <X_U1.R_NOISELESS> (T_Current -273.15 T_Measured 27)
                              X_U1.R_R9 <X_U1.R_NOISELESS> (T_Current -273.15 T_Measured 27)
                                             X_U1.R_RDUMMY <X_U1.R_NOISELESS> (T_Current -273.15 T_Measured 27)

          R        1.000E+02      1.000E+08      6.858E+03  


               X_U1.R_RS_INN <X_U1.R_NOISELESS> (T_Current -273.15 T_Measured 27)
                              X_U1.R_RS_INP <X_U1.R_NOISELESS> (T_Current -273.15 T_Measured 27)
                                             X_U1.R_RX <X_U1.R_NOISELESS> (T_Current -273.15 T_Measured 27)

          R        1.000E+03      1.000E+03      6.858E+04  


               X_U1.R_RX1 <X_U1.R_NOISELESS> (T_Current -273.15 T_Measured 27)
                              X_U1.R_RX2 <X_U1.R_NOISELESS> (T_Current -273.15 T_Measured 27)
                                             X_U1.R_RX3 <X_U1.R_NOISELESS> (T_Current -273.15 T_Measured 27)

          R        1.000E+12      1.000E+02      1.000E+12  


               X_U1.R_RX4 <X_U1.R_NOISELESS> (T_Current -273.15 T_Measured 27)
                              X_U1.R_R_COM0 <X_U1.R_NOISELESS> (T_Current -273.15 T_Measured 27)
                                             X_U1.R_R_COM1 <X_U1.R_NOISELESS> (T_Current -273.15 T_Measured 27)

          R        1.000E+02      1.000E+12      1.000E+12  


               X_U1.R_R_DIFF <X_U1.R_NOISELESS> (T_Current -273.15 T_Measured 27)
                              X_U73.R_R107 <X_U73.R_NOISELESS> (T_Current -273.15 T_Measured 27)
                                             X_U73.R_R108 <X_U73.R_NOISELESS> (T_Current -273.15 T_Measured 27)

          R        1.000E+08      1.000E+00      1.000E+12  


               X_U73.R_R109 <X_U73.R_NOISELESS> (T_Current -273.15 T_Measured 27)
                              X_U73.R_R110 <X_U73.R_NOISELESS> (T_Current -273.15 T_Measured 27)
                                             X_U73.R_R111 <X_U73.R_NOISELESS> (T_Current -273.15 T_Measured 27)

          R        1.000E+00      1.000E-03      1.000E+06  


               X_U73.R_R112 <X_U73.R_NOISELESS> (T_Current -273.15 T_Measured 27)
                              X_U73.R_R113 <X_U73.R_NOISELESS> (T_Current -273.15 T_Measured 27)
                                             X_U73.R_R136 <X_U73.R_NOISELESS> (T_Current -273.15 T_Measured 27)

          R        1.000E+06      1.000E-03      1.000E+00  


               X_U73.R_R169 <X_U73.R_NOISELESS> (T_Current -273.15 T_Measured 27)
                              X_U73.R_R1A1 <X_U73.R_NOISELESS> (T_Current -273.15 T_Measured 27)
                                             X_U73.R_R1A3 <X_U73.R_NOISELESS> (T_Current -273.15 T_Measured 27)

          R        2.900E+01      1.000E+04      1.000E+04  


               X_U73.R_R1A4 <X_U73.R_NOISELESS> (T_Current -273.15 T_Measured 27)
                              X_U73.R_R2 <X_U73.R_NOISELESS> (T_Current -273.15 T_Measured 27)
                                             X_U73.R_R21 <X_U73.R_NOISELESS> (T_Current -273.15 T_Measured 27)

          R        1.000E+04      1.000E-02      1.000E+03  


               X_U73.R_R25 <X_U73.R_NOISELESS> (T_Current -273.15 T_Measured 27)
                              X_U73.R_R26 <X_U73.R_NOISELESS> (T_Current -273.15 T_Measured 27)
                                             X_U73.R_R261 <X_U73.R_NOISELESS> (T_Current -273.15 T_Measured 27)

          R        1.000E+09      1.000E+09      1.000E+00  


               X_U73.R_R27 <X_U73.R_NOISELESS> (T_Current -273.15 T_Measured 27)
                              X_U73.R_R28 <X_U73.R_NOISELESS> (T_Current -273.15 T_Measured 27)
                                             X_U73.R_R29 <X_U73.R_NOISELESS> (T_Current -273.15 T_Measured 27)

          R        1.000E+00      1.000E-03      1.000E+03  


               X_U73.R_R2A1 <X_U73.R_NOISELESS> (T_Current -273.15 T_Measured 27)
                              X_U73.R_R2A4 <X_U73.R_NOISELESS> (T_Current -273.15 T_Measured 27)
                                             X_U73.R_R2A5 <X_U73.R_NOISELESS> (T_Current -273.15 T_Measured 27)

          R        1.700E+01      2.000E+01      1.200E+01  


               X_U73.R_R3 <X_U73.R_NOISELESS> (T_Current -273.15 T_Measured 27)
                              X_U73.R_R30 <X_U73.R_NOISELESS> (T_Current -273.15 T_Measured 27)
                                             X_U73.R_R31 <X_U73.R_NOISELESS> (T_Current -273.15 T_Measured 27)

          R        2.800E+05      1.000E-03      1.000E+03  


               X_U73.R_R32 <X_U73.R_NOISELESS> (T_Current -273.15 T_Measured 27)
                              X_U73.R_R33 <X_U73.R_NOISELESS> (T_Current -273.15 T_Measured 27)
                                             X_U73.R_R34 <X_U73.R_NOISELESS> (T_Current -273.15 T_Measured 27)

          R        1.000E+03      1.000E-03      1.000E+03  


               X_U73.R_R35 <X_U73.R_NOISELESS> (T_Current -273.15 T_Measured 27)
                              X_U73.R_R36 <X_U73.R_NOISELESS> (T_Current -273.15 T_Measured 27)
                                             X_U73.R_R363 <X_U73.R_NOISELESS> (T_Current -273.15 T_Measured 27)

          R        1.000E+09      1.000E+00      1.000E+00  


               X_U73.R_R364 <X_U73.R_NOISELESS> (T_Current -273.15 T_Measured 27)
                              X_U73.R_R37 <X_U73.R_NOISELESS> (T_Current -273.15 T_Measured 27)
                                             X_U73.R_R38 <X_U73.R_NOISELESS> (T_Current -273.15 T_Measured 27)

          R        1.000E+00      1.000E-03      1.000E-03  


               X_U73.R_R39 <X_U73.R_NOISELESS> (T_Current -273.15 T_Measured 27)
                              X_U73.R_R40 <X_U73.R_NOISELESS> (T_Current -273.15 T_Measured 27)
                                             X_U73.R_R5 <X_U73.R_NOISELESS> (T_Current -273.15 T_Measured 27)

          R        1.000E+00      1.000E+09      1.000E+00  


               X_U73.R_R60 <X_U73.R_NOISELESS> (T_Current -273.15 T_Measured 27)
                              X_U73.R_R8 <X_U73.R_NOISELESS> (T_Current -273.15 T_Measured 27)
                                             X_U73.R_R81 <X_U73.R_NOISELESS> (T_Current -273.15 T_Measured 27)

          R        3.700E+04      1.000E+03      1.000E+09  


               X_U73.R_R83 <X_U73.R_NOISELESS> (T_Current -273.15 T_Measured 27)
                              X_U73.R_R9 <X_U73.R_NOISELESS> (T_Current -273.15 T_Measured 27)
                                             X_U73.R_R_VIMON <X_U73.R_NOISELESS> (T_Current -273.15 T_Measured 27)

          R        1.000E+09      1.000E-03      1.000E+02  


               X_U73.R_R_VOUT_S <X_U73.R_NOISELESS> (T_Current -273.15 T_Measured 27)

          R        1.000E+02  



**** 04/05/25 22:08:30 *** PSpice 24.1.0 (26 February 2025) *** ID# 0 ********

 ** Profile: "SCHEMATIC1-asdfa"  [ c:\users\user\appdata\roaming\spb_data\cdssetup\workspace\projects\tiaopa695\TIAOPA695-PSpiceFiles


 ****     INITIAL TRANSIENT SOLUTION       TEMPERATURE =   27.000 DEG C

 ****     CURRENT STEP                     PARAM IVAR =    2.7300E-03


******************************************************************************



 NODE   VOLTAGE     NODE   VOLTAGE     NODE   VOLTAGE     NODE   VOLTAGE


(  VCC)    5.0000  (  VEE)   -5.0000  (N1113089)    3.8997                      

(N1113125)    3.9059                  (N1113485)    3.9010                      

(N1113565)    5.0000                  (N1113637)    1.9901                      

(N1113647)    3.9027                  (N1113661)    3.3016                      

(N1113879)   -5.0000                  (N1114737)     .0070                      

(N1114747)     .0070                  (N1114761)     .0168                      

(N1114963)     .0168                  (N1114991)-260.0E-06                      

(X_U1.MID)-423.5E-18                  (X_U1.V11)-4.676E-09                      

(X_U1.V12)     .6872                  (X_U76.ZO)    3.9059                      

(X_U1.ESDN)    2.3782                 (X_U1.ESDP)    2.9136                     

(X_U1.VCLP)    3.9562                 (X_U73.AOL)     .0168                     

(X_U73.MID)-211.8E-18                 (X_U76.MID)    2.5000                     

(X_U1.CLAMP)    6.6228                (X_U1.VCC_B)    5.0000                    

(X_U1.VEE_B)   -5.0000                (X_U1.VIMON)    9.5755                    

(X_U73.CMRR)-482.6E-09                (X_U76.CMRR)    2.5000                    

(X_U76.ESDN)    3.8997                (X_U76.ESDP)    3.9010                    

(X_U1.VOUT_S)    3.9027               (X_U1.VSENSE)    6.6228                   

(X_U1.X_U1.3)    0.0000               (X_U1.X_U1.4)    0.0000                   

(X_U1.X_U1.5)    0.0000               (X_U1.X_U1.6)    0.0000                   

(X_U1.X_U1.7)     .8338               (X_U1.X_U1.8)     .8338                   

(X_U73.CLAMP)     .0168               (X_U73.VCC_B)    5.0000                   

(X_U73.VEE_B)   -5.0000               (X_U73.VIMON)     .0198                   

(X_U76.CLAMP)    4.1283               (X_U76.PSRRN)    2.5002                   

(X_U76.PSRRP)    2.5001               (X_U76.VCC_B)    5.0000                   

(X_U76.VEE_B) 2.501E-06               (X_U76.VIMON)    2.5124                   

(X_U1.VCC_CLP)    3.9000              (X_U1.VEE_CLP)   -4.8260                  

(X_U1.X_U39.3)    0.0000              (X_U1.X_U39.4)    0.0000                  

(X_U1.X_U39.5)    0.0000              (X_U1.X_U39.6)    0.0000                  

(X_U1.X_U39.7)     .8338              (X_U1.X_U39.8)     .8338                  

(X_U1.X_U40.3)    0.0000              (X_U1.X_U40.4)    0.0000                  

(X_U1.X_U40.5)    0.0000              (X_U1.X_U40.6)    0.0000                  

(X_U1.X_U40.7)     .8338              (X_U1.X_U40.8)     .8338                  

(X_U73.AOLNET)    -.0168              (X_U73.N05102)     .0070                  

(X_U73.N06456)-260.0E-06              (X_U73.N10561)    -.0070                  

(X_U73.N10570)    -.0070              (X_U73.N11984)    -.0070                  

(X_U73.N25816)     .0070              (X_U73.N28602)   -3.3000                  

(X_U73.N30136)    3.3000              (X_U73.N30913)     .0070                  

(X_U73.N31014)     .0070              (X_U73.N35669)    4.1998                  

(X_U73.N35813)    4.1998              (X_U73.N38050)   -4.2000                  

(X_U73.N38096)   -4.2000              (X_U73.N42663)-211.8E-18                  

(X_U73.N42834)-211.8E-18              (X_U73.N44757)-211.8E-18                  

(X_U73.N44799)-211.8E-18              (X_U73.VOUT_S)     .0168                  

(X_U76.AOLNET)    2.4992              (X_U76.N06456)    3.9010                  

(X_U76.N10561)    3.9006              (X_U76.N10570)    3.9006                  

(X_U76.N11984)    3.9006              (X_U76.N11991)    3.8997                  

(X_U76.N25816)    3.9005              (X_U76.N28602)    1.1000                  

(X_U76.N30136)    4.6000              (X_U76.N30913)    3.9005                  

(X_U76.N31014)    3.9005              (X_U76.N35675)    4.2118                  

(X_U76.N35813)    4.2118              (X_U76.N38050)    1.0201                  

(X_U76.N38096)    1.0201              (X_U76.VOUT_S)    3.9059                  

(X_U76.X_U1.3)    0.0000              (X_U76.X_U1.4)    0.0000                  

(X_U76.X_U1.5)    0.0000              (X_U76.X_U1.6)    0.0000                  

(X_U76.X_U1.7)     .8338              (X_U76.X_U1.8)     .8338                  

(X_U1.CL_CLAMP)    3.9562             (X_U1.N2986935)    2.9136                 

(X_U1.N2986947) 291.4E-09             (X_U1.N2986949)    2.9136                 

(X_U1.N2986957)    2.9136             (X_U1.N2986973)-1.581E-06                 

(X_U1.N2986975) 1.581E-06             (X_U1.N2986977)    2.9136                 

(X_U1.N2986981)    2.9136             (X_U1.N2987013)    2.3782                 

(X_U1.N2987017)    3.0000             (X_U1.N2987029)   -3.0000                 

(X_U1.N2987037)    2.9136             (X_U1.N2987051)    2.9136                 

(X_U1.N2987061)   53.5400             (X_U1.N2987123)     .0027                 

(X_U1.N2987135)     .0027             (X_U1.N2987157)-423.5E-18                 

(X_U1.N2987159)-423.5E-18             (X_U1.N2987201)   35.0000                 

(X_U1.N2987203)-423.5E-18             (X_U1.N2987205)-423.5E-18                 

(X_U1.N2987225)-423.5E-18             (X_U1.N2987231)-423.5E-18                 

(X_U1.N2987243)  -35.0000             (X_U1.N2987295)   75.0000                 

(X_U1.N2987299)-423.5E-18             (X_U1.N2987301)-423.5E-18                 

(X_U1.N2987319)-423.5E-18             (X_U1.N2987325)-423.5E-18                 

(X_U1.N2987337)  -75.0000             (X_U1.N2987363)    6.6228                 

(X_U1.N2987391)    3.9000             (X_U1.N2987395)   -4.8260                 

(X_U1.N2987423)   -4.8260             (X_U1.N2987427)    3.9000                 

(X_U1.N2987487)-4.676E-09             (X_U1.N2987493)     .6872                 

(X_U1.N2987499)    1.0000             (X_U1.N2987541)    9.5755                 

(X_U1.N2987553)    3.9027             (X_U1.N2987623)    3.9027                 

(X_U1.N2987655)    1.9562             (X_U1.N2987675)    6.6134                 

(X_U1.N2987683)    1.9562             (X_U1.N2987687)    1.9562                 

(X_U1.N2987711)    6.6134             (X_U1.N2987719)    5.9262                 

(X_U1.N2987763)-423.5E-18             (X_U1.N2987785)    5.0000                 

(X_U1.N2987801)   -5.0000             (X_U1.N3108745)   16.5560                 

(X_U1.N3108755)    6.6244             (X_U1.N3108879)    6.6228                 

(X_U1.N3108917)    6.6244             (X_U1.N3108949)    6.6243                 

(X_U1.N3109015)    6.6243             (X_U1.N3116457)    3.9562                 

(X_U1.N3116503)  365.8100             (X_U1.N3116515)  365.8100                 

(X_U1.N3116609)  699.7200             (X_U1.N3116619)  260.5800                 

(X_U1.N3116655)  699.6500             (X_U1.N3116665)     .5315                 

(X_U1.N3116675)  699.7200             (X_U1.N3116685)  699.7200                 

(X_U1.N3116957)  699.6400             (X_U1.N3117239)  699.7200                 

(X_U1.N3126023)    3.4971             (X_U1.N3128929)   -4.7434                 

(X_U1.N3130349) 1.581E-06             (X_U1.N3130359)     .0048                 

(X_U1.N3202117)  699.7200             (X_U1.N3202127)  699.7200                 

(X_U1.N3202213)  699.7200             (X_U1.N3204124)  699.7200                 

(X_U1.N3204134)  699.7200             (X_U1.N3204220)  699.7200                 

(X_U1.N3205032)  699.7200             (X_U1.N3205042)  699.7200                 

(X_U1.N3205128)  699.7200             (X_U1.N3205956)  699.7200                 

(X_U1.N3205966)  699.7200             (X_U1.N3206052)  699.7200                 

(X_U1.N3206890)  699.7200             (X_U1.N3206900)  699.7200                 

(X_U1.N3206986)  699.7200             (X_U1.N3208573)  699.7200                 

(X_U1.N3208669)  699.7200             (X_U1.N3236810) 1.581E-09                 

(X_U1.N3236820) 1.581E-06             (X_U73.N110431)     .0198                 

(X_U73.N112292)     .0168             (X_U73.N317950)-211.8E-18                 

(X_U73.N406634)    5.0000             (X_U73.N406794)   -5.0000                 

(X_U73.N701935)-241.8E-06             (X_U73.N704979)   -6.4993                 

(X_U73.N705005)    -.0078             (X_U73.N709083)    3.6601                 

(X_U73.N709113)     .0062             (X_U73.N749288)    -.0070                 

(X_U73.VCC_CLP)    4.1998             (X_U73.VEE_CLP)   -4.2000                 

(X_U73.X_E_N.3)    0.0000             (X_U73.X_E_N.4)    0.0000                 

(X_U73.X_E_N.5)    0.0000             (X_U73.X_E_N.6)    0.0000                 

(X_U73.X_E_N.7)     .8338             (X_U73.X_E_N.8)     .8338                 

(X_U76.N110431)    2.5124             (X_U76.N112292)    3.9059                 

(X_U76.N317950)    2.5000             (X_U76.N406634)    5.0000                 

(X_U76.N406794) 2.504E-06             (X_U76.N749288)    3.9006                 

(X_U76.VCC_CLP)    4.2118             (X_U76.VEE_CLP)    1.0201                 

(X_U76.X_E_N.3)    0.0000             (X_U76.X_E_N.4)    0.0000                 

(X_U76.X_E_N.5)    0.0000             (X_U76.X_E_N.6)    0.0000                 

(X_U76.X_E_N.7)     .8338             (X_U76.X_E_N.8)     .8338                 

(X_U1.N32898091)  699.7200            (X_U73.N1327152)     .0070                

(X_U73.X_I_NP.3)    0.0000            (X_U73.X_I_NP.4)    0.0000                

(X_U73.X_I_NP.5)    0.0000            (X_U73.X_I_NP.6)    0.0000                

(X_U73.X_I_NP.7)     .8338            (X_U73.X_I_NP.8)     .8338                

(X_U76.N1254860)   17.9820            (X_U76.N1446199)    4.0758                

(X_U76.N1446217)    4.0758            (X_U76.N1461236)    2.3361                

(X_U76.N1461246)    2.5000            (X_U76.N1461252)    2.5046                

(X_U76.N1481243)     .7102            (X_U76.N1481253)    2.4999                

(X_U76.N1481259)    2.5005            (X_U76.N1483677)    6.4446                

(X_U76.N1483687)    2.5002            (X_U76.N1483693)    2.4954                

(X_U76.N1483703)    2.4998            (X_U76.N1483713)    2.5046                

(X_U76.N1490067)    2.5001            (X_U76.N1492098)    2.7548                

(X_U76.N1492108)    2.6699            (X_U76.N1492118)    2.6699                

(X_U76.N1492126)    2.6699            (X_U76.N1492376)    2.6699                

(X_U76.N1534615)    6.8373            (X_U76.N1534625)    2.6519                

(X_U76.N1534635)    2.6519            (X_U76.N1534645)    2.6519                

(X_U76.N1534887)    2.6519            (X_U76.N1541593)    6.3796                

(X_U76.N1541603)    2.6359            (X_U1.CLAW_CLAMP)    3.9562               

(X_U73.X_I_NP2.3)    0.0000           (X_U73.X_I_NP2.4)    0.0000               

(X_U73.X_I_NP2.5)    0.0000           (X_U73.X_I_NP2.6)    0.0000               

(X_U73.X_I_NP2.7)     .8338           (X_U73.X_I_NP2.8)     .8338               

(X_U76.X_I_NP1.3)    0.0000           (X_U76.X_I_NP1.4)    0.0000               

(X_U76.X_I_NP1.5)    0.0000           (X_U76.X_I_NP1.6)    0.0000               

(X_U76.X_I_NP1.7)     .8338           (X_U76.X_I_NP1.8)     .8338               

(X_U1.SW_OL_OPAx277)    1.0000        (X_U73.X_VOS_VS_VCM.1)    -.0070          

(X_U76.X_VOS_VS_VCM.1)    3.9006      




    VOLTAGE SOURCE CURRENTS
    NAME         CURRENT

    V_V2        -1.369E-02
    V_V6        -4.612E-04
    V_V5        -8.492E-04
    V_V1        -4.081E-02
    X_U76.V_VCM_MAX  -2.100E-09
    X_U76.V_VCM_MIN   1.400E-09
    X_U1.V_VCM_MAX  -3.001E-12
    X_U1.V_VCM_MIN   3.001E-12
    X_U1.V_V_GRN   7.500E-11
    X_U1.V_V_GRP  -7.500E-11
    X_U1.V_V_ISCN   3.500E-11
    X_U1.V_V_ISCP  -3.500E-11
    X_U1.V_V_ORN   0.000E+00
    X_U1.V_V_ORP   0.000E+00
    X_U73.V_VCM_MAX  -3.300E-09
    X_U73.V_VCM_MIN   3.300E-09
    X_U76.X_H3.VH_H3  -1.245E-05
    X_U76.X_VOS_VS_VCM.V1   4.097E-13
    X_U1.X_H1.VH_H1   9.576E-03
    X_U1.X_H2.VH_H2   6.872E-01
    X_U1.X_H3.VH_H3   4.676E-09
    X_U73.X_H3.VH_H3  -1.980E-05
    X_U73.X_VOS_VS_VCM.V1  -9.661E-17

    TOTAL POWER DISSIPATION   2.79E-01  WATTS


Model-Specific Temperatures During Sweep  Param value = 0.00303

 **** RESISTORS

               X_U76.R_R1 <X_U76.R_NOISELESS> (T_Current -273.15 T_Measured 27)
                              X_U76.R_R10 <X_U76.R_NOISELESS> (T_Current -273.15 T_Measured 27)
                                             X_U76.R_R107 <X_U76.R_NOISELESS> (T_Current -273.15 T_Measured 27)

          R        1.000E-02      1.000E-03      1.000E+00  


               X_U76.R_R108 <X_U76.R_NOISELESS> (T_Current -273.15 T_Measured 27)
                              X_U76.R_R109 <X_U76.R_NOISELESS> (T_Current -273.15 T_Measured 27)
                                             X_U76.R_R110 <X_U76.R_NOISELESS> (T_Current -273.15 T_Measured 27)

          R        1.000E+12      1.000E+00      1.000E-03  


               X_U76.R_R111 <X_U76.R_NOISELESS> (T_Current -273.15 T_Measured 27)
                              X_U76.R_R112 <X_U76.R_NOISELESS> (T_Current -273.15 T_Measured 27)
                                             X_U76.R_R113 <X_U76.R_NOISELESS> (T_Current -273.15 T_Measured 27)

          R        1.000E+06      1.000E+06      1.000E-03  


               X_U76.R_R146 <X_U76.R_NOISELESS> (T_Current -273.15 T_Measured 27)
                              X_U76.R_R147 <X_U76.R_NOISELESS> (T_Current -273.15 T_Measured 27)
                                             X_U76.R_R148 <X_U76.R_NOISELESS> (T_Current -273.15 T_Measured 27)

          R        1.000E+00      1.000E+00      1.000E+00  


               X_U76.R_R162 <X_U76.R_NOISELESS> (T_Current -273.15 T_Measured 27)
                              X_U76.R_R1A <X_U76.R_NOISELESS> (T_Current -273.15 T_Measured 27)
                                             X_U76.R_R1A1 <X_U76.R_NOISELESS> (T_Current -273.15 T_Measured 27)

          R        5.000E+03      1.000E+04      3.000E+01  


               X_U76.R_R1A14 <X_U76.R_NOISELESS> (T_Current -273.15 T_Measured 27)
                              X_U76.R_R1A15 <X_U76.R_NOISELESS> (T_Current -273.15 T_Measured 27)
                                             X_U76.R_R1A16 <X_U76.R_NOISELESS> (T_Current -273.15 T_Measured 27)

          R        1.000E+04      1.000E+04      2.800E+00  


               X_U76.R_R1A17 <X_U76.R_NOISELESS> (T_Current -273.15 T_Measured 27)
                              X_U76.R_R1A18 <X_U76.R_NOISELESS> (T_Current -273.15 T_Measured 27)
                                             X_U76.R_R1A40 <X_U76.R_NOISELESS> (T_Current -273.15 T_Measured 27)

          R        1.000E+04      1.000E+04      1.000E+04  


               X_U76.R_R1A41 <X_U76.R_NOISELESS> (T_Current -273.15 T_Measured 27)
                              X_U76.R_R1A42 <X_U76.R_NOISELESS> (T_Current -273.15 T_Measured 27)
                                             X_U76.R_R1A43 <X_U76.R_NOISELESS> (T_Current -273.15 T_Measured 27)

          R        7.000E+00      1.000E+04      3.000E+01  


               X_U76.R_R1A44 <X_U76.R_NOISELESS> (T_Current -273.15 T_Measured 27)
                              X_U76.R_R1A45 <X_U76.R_NOISELESS> (T_Current -273.15 T_Measured 27)
                                             X_U76.R_R2 <X_U76.R_NOISELESS> (T_Current -273.15 T_Measured 27)

          R        1.000E+01      1.000E+01      1.000E-02  


               X_U76.R_R21 <X_U76.R_NOISELESS> (T_Current -273.15 T_Measured 27)
                              X_U76.R_R211 <X_U76.R_NOISELESS> (T_Current -273.15 T_Measured 27)
                                             X_U76.R_R225 <X_U76.R_NOISELESS> (T_Current -273.15 T_Measured 27)

          R        1.000E+03      1.000E+00      1.000E+00  


               X_U76.R_R226 <X_U76.R_NOISELESS> (T_Current -273.15 T_Measured 27)
                              X_U76.R_R245 <X_U76.R_NOISELESS> (T_Current -273.15 T_Measured 27)
                                             X_U76.R_R246 <X_U76.R_NOISELESS> (T_Current -273.15 T_Measured 27)

          R        3.000E+01      4.500E+03      1.000E+00  


               X_U76.R_R247 <X_U76.R_NOISELESS> (T_Current -273.15 T_Measured 27)
                              X_U76.R_R248 <X_U76.R_NOISELESS> (T_Current -273.15 T_Measured 27)
                                             X_U76.R_R249 <X_U76.R_NOISELESS> (T_Current -273.15 T_Measured 27)

          R        1.000E+00      1.000E+00      1.000E+00  


               X_U76.R_R25 <X_U76.R_NOISELESS> (T_Current -273.15 T_Measured 27)
                              X_U76.R_R250 <X_U76.R_NOISELESS> (T_Current -273.15 T_Measured 27)
                                             X_U76.R_R251 <X_U76.R_NOISELESS> (T_Current -273.15 T_Measured 27)

          R        1.000E+09      1.000E+00      1.000E+00  


               X_U76.R_R252 <X_U76.R_NOISELESS> (T_Current -273.15 T_Measured 27)
                              X_U76.R_R253 <X_U76.R_NOISELESS> (T_Current -273.15 T_Measured 27)
                                             X_U76.R_R26 <X_U76.R_NOISELESS> (T_Current -273.15 T_Measured 27)

          R        1.000E+00      1.000E+00      1.000E+09  


               X_U76.R_R27 <X_U76.R_NOISELESS> (T_Current -273.15 T_Measured 27)
                              X_U76.R_R28 <X_U76.R_NOISELESS> (T_Current -273.15 T_Measured 27)
                                             X_U76.R_R29 <X_U76.R_NOISELESS> (T_Current -273.15 T_Measured 27)

          R        1.000E+00      1.000E-03      1.000E+03  


               X_U76.R_R2A <X_U76.R_NOISELESS> (T_Current -273.15 T_Measured 27)
                              X_U76.R_R2A1 <X_U76.R_NOISELESS> (T_Current -273.15 T_Measured 27)
                                             X_U76.R_R2A16 <X_U76.R_NOISELESS> (T_Current -273.15 T_Measured 27)

          R        2.000E+04      1.000E+01      5.420E-01  


               X_U76.R_R2A17 <X_U76.R_NOISELESS> (T_Current -273.15 T_Measured 27)
                              X_U76.R_R2A18 <X_U76.R_NOISELESS> (T_Current -273.15 T_Measured 27)
                                             X_U76.R_R2A36 <X_U76.R_NOISELESS> (T_Current -273.15 T_Measured 27)

          R        4.822E+02      4.822E+02      8.500E-01  


               X_U76.R_R2A37 <X_U76.R_NOISELESS> (T_Current -273.15 T_Measured 27)
                              X_U76.R_R2A40 <X_U76.R_NOISELESS> (T_Current -273.15 T_Measured 27)
                                             X_U76.R_R2A41 <X_U76.R_NOISELESS> (T_Current -273.15 T_Measured 27)

          R        3.010E+01      7.000E-01      1.000E+01  


               X_U76.R_R2A42 <X_U76.R_NOISELESS> (T_Current -273.15 T_Measured 27)
                              X_U76.R_R2A43 <X_U76.R_NOISELESS> (T_Current -273.15 T_Measured 27)
                                             X_U76.R_R3 <X_U76.R_NOISELESS> (T_Current -273.15 T_Measured 27)

          R        3.630E-01      3.630E-01      2.300E+06  


               X_U76.R_R30 <X_U76.R_NOISELESS> (T_Current -273.15 T_Measured 27)
                              X_U76.R_R31 <X_U76.R_NOISELESS> (T_Current -273.15 T_Measured 27)
                                             X_U76.R_R32 <X_U76.R_NOISELESS> (T_Current -273.15 T_Measured 27)

          R        1.000E-03      1.000E+03      1.000E+03  


               X_U76.R_R33 <X_U76.R_NOISELESS> (T_Current -273.15 T_Measured 27)
                              X_U76.R_R34 <X_U76.R_NOISELESS> (T_Current -273.15 T_Measured 27)
                                             X_U76.R_R4 <X_U76.R_NOISELESS> (T_Current -273.15 T_Measured 27)

          R        1.000E-03      1.000E+03      2.300E+06  


               X_U76.R_R6 <X_U76.R_NOISELESS> (T_Current -273.15 T_Measured 27)
                              X_U76.R_R60 <X_U76.R_NOISELESS> (T_Current -273.15 T_Measured 27)
                                             X_U76.R_R8 <X_U76.R_NOISELESS> (T_Current -273.15 T_Measured 27)

          R        1.000E+00      1.000E+00      1.000E+03  


               X_U76.R_R81 <X_U76.R_NOISELESS> (T_Current -273.15 T_Measured 27)
                              X_U76.R_R83 <X_U76.R_NOISELESS> (T_Current -273.15 T_Measured 27)
                                             X_U76.R_R9 <X_U76.R_NOISELESS> (T_Current -273.15 T_Measured 27)

          R        1.000E+09      1.000E+09      1.000E-03  


               X_U76.R_RDUMMY <X_U76.R_NOISELESS> (T_Current -273.15 T_Measured 27)
                              X_U76.R_RX <X_U76.R_NOISELESS> (T_Current -273.15 T_Measured 27)
                                             X_U76.R_R_VIMON <X_U76.R_NOISELESS> (T_Current -273.15 T_Measured 27)

          R        1.400E+02      1.400E+03      1.000E+02  


               X_U76.R_R_VOUT_S <X_U76.R_NOISELESS> (T_Current -273.15 T_Measured 27)
                              X_U1.R_R10 <X_U1.R_NOISELESS> (T_Current -273.15 T_Measured 27)
                                             X_U1.R_R11 <X_U1.R_NOISELESS> (T_Current -273.15 T_Measured 27)

          R        1.000E+02      1.000E+00      3.333E+01  


               X_U1.R_R12 <X_U1.R_NOISELESS> (T_Current -273.15 T_Measured 27)
                              X_U1.R_R13 <X_U1.R_NOISELESS> (T_Current -273.15 T_Measured 27)
                                             X_U1.R_R139 <X_U1.R_NOISELESS> (T_Current -273.15 T_Measured 27)

          R        1.000E+08      1.000E+00      1.057E+04  


               X_U1.R_R14 <X_U1.R_NOISELESS> (T_Current -273.15 T_Measured 27)
                              X_U1.R_R140 <X_U1.R_NOISELESS> (T_Current -273.15 T_Measured 27)
                                             X_U1.R_R141 <X_U1.R_NOISELESS> (T_Current -273.15 T_Measured 27)

          R        3.287E+04      1.000E+04      1.000E+00  


               X_U1.R_R142 <X_U1.R_NOISELESS> (T_Current -273.15 T_Measured 27)
                              X_U1.R_R143 <X_U1.R_NOISELESS> (T_Current -273.15 T_Measured 27)
                                             X_U1.R_R144 <X_U1.R_NOISELESS> (T_Current -273.15 T_Measured 27)

          R        1.000E+04      1.000E+00      7.603E+00  


               X_U1.R_R15 <X_U1.R_NOISELESS> (T_Current -273.15 T_Measured 27)
                              X_U1.R_R158 <X_U1.R_NOISELESS> (T_Current -273.15 T_Measured 27)
                                             X_U1.R_R159 <X_U1.R_NOISELESS> (T_Current -273.15 T_Measured 27)

          R        1.000E-03      1.000E+04      1.000E+00  


               X_U1.R_R16 <X_U1.R_NOISELESS> (T_Current -273.15 T_Measured 27)
                              X_U1.R_R160 <X_U1.R_NOISELESS> (T_Current -273.15 T_Measured 27)
                                             X_U1.R_R161 <X_U1.R_NOISELESS> (T_Current -273.15 T_Measured 27)

          R        1.000E+03      6.670E+03      1.000E+06  


               X_U1.R_R162 <X_U1.R_NOISELESS> (T_Current -273.15 T_Measured 27)
                              X_U1.R_R166 <X_U1.R_NOISELESS> (T_Current -273.15 T_Measured 27)
                                             X_U1.R_R167 <X_U1.R_NOISELESS> (T_Current -273.15 T_Measured 27)

          R        1.000E+06      1.000E+06      1.000E+02  


               X_U1.R_R168 <X_U1.R_NOISELESS> (T_Current -273.15 T_Measured 27)
                              X_U1.R_R169 <X_U1.R_NOISELESS> (T_Current -273.15 T_Measured 27)
                                             X_U1.R_R17 <X_U1.R_NOISELESS> (T_Current -273.15 T_Measured 27)

          R        1.000E+04      1.000E+00      1.000E-03  


               X_U1.R_R170 <X_U1.R_NOISELESS> (T_Current -273.15 T_Measured 27)
                              X_U1.R_R171 <X_U1.R_NOISELESS> (T_Current -273.15 T_Measured 27)
                                             X_U1.R_R172 <X_U1.R_NOISELESS> (T_Current -273.15 T_Measured 27)

          R        5.934E+03      1.000E+06      9.869E+04  


               X_U1.R_R173 <X_U1.R_NOISELESS> (T_Current -273.15 T_Measured 27)
                              X_U1.R_R174 <X_U1.R_NOISELESS> (T_Current -273.15 T_Measured 27)
                                             X_U1.R_R175 <X_U1.R_NOISELESS> (T_Current -273.15 T_Measured 27)

          R        1.000E+04      1.000E+00      5.157E+04  


               X_U1.R_R176 <X_U1.R_NOISELESS> (T_Current -273.15 T_Measured 27)
                              X_U1.R_R177 <X_U1.R_NOISELESS> (T_Current -273.15 T_Measured 27)
                                             X_U1.R_R178 <X_U1.R_NOISELESS> (T_Current -273.15 T_Measured 27)

          R        1.000E+04      1.000E+00      9.484E+03  


               X_U1.R_R179 <X_U1.R_NOISELESS> (T_Current -273.15 T_Measured 27)
                              X_U1.R_R18 <X_U1.R_NOISELESS> (T_Current -273.15 T_Measured 27)
                                             X_U1.R_R180 <X_U1.R_NOISELESS> (T_Current -273.15 T_Measured 27)

          R        1.000E+04      1.000E+12      1.000E+00  


               X_U1.R_R181 <X_U1.R_NOISELESS> (T_Current -273.15 T_Measured 27)
                              X_U1.R_R182 <X_U1.R_NOISELESS> (T_Current -273.15 T_Measured 27)
                                             X_U1.R_R183 <X_U1.R_NOISELESS> (T_Current -273.15 T_Measured 27)

          R        9.500E+03      1.000E+04      1.000E+00  


               X_U1.R_R184 <X_U1.R_NOISELESS> (T_Current -273.15 T_Measured 27)
                              X_U1.R_R185 <X_U1.R_NOISELESS> (T_Current -273.15 T_Measured 27)
                                             X_U1.R_R186 <X_U1.R_NOISELESS> (T_Current -273.15 T_Measured 27)

          R        5.875E+03      1.000E+04      1.000E+00  


               X_U1.R_R187 <X_U1.R_NOISELESS> (T_Current -273.15 T_Measured 27)
                              X_U1.R_R188 <X_U1.R_NOISELESS> (T_Current -273.15 T_Measured 27)
                                             X_U1.R_R189 <X_U1.R_NOISELESS> (T_Current -273.15 T_Measured 27)

          R        3.086E+03      1.000E+04      1.000E+00  


               X_U1.R_R19 <X_U1.R_NOISELESS> (T_Current -273.15 T_Measured 27)
                              X_U1.R_R190 <X_U1.R_NOISELESS> (T_Current -273.15 T_Measured 27)
                                             X_U1.R_R191 <X_U1.R_NOISELESS> (T_Current -273.15 T_Measured 27)

          R        1.000E+12      1.000E+04      1.001E+01  


               X_U1.R_R192 <X_U1.R_NOISELESS> (T_Current -273.15 T_Measured 27)
                              X_U1.R_R193 <X_U1.R_NOISELESS> (T_Current -273.15 T_Measured 27)
                                             X_U1.R_R20 <X_U1.R_NOISELESS> (T_Current -273.15 T_Measured 27)

          R        1.000E+00      1.000E+00      1.000E+00  


               X_U1.R_R21 <X_U1.R_NOISELESS> (T_Current -273.15 T_Measured 27)
                              X_U1.R_R22 <X_U1.R_NOISELESS> (T_Current -273.15 T_Measured 27)
                                             X_U1.R_R23 <X_U1.R_NOISELESS> (T_Current -273.15 T_Measured 27)

          R        1.000E-03      1.000E+06      1.000E+06  


               X_U1.R_R24 <X_U1.R_NOISELESS> (T_Current -273.15 T_Measured 27)
                              X_U1.R_R32 <X_U1.R_NOISELESS> (T_Current -273.15 T_Measured 27)
                                             X_U1.R_R33 <X_U1.R_NOISELESS> (T_Current -273.15 T_Measured 27)

          R        1.000E+03      1.000E+03      1.000E+03  


               X_U1.R_R34 <X_U1.R_NOISELESS> (T_Current -273.15 T_Measured 27)
                              X_U1.R_R35 <X_U1.R_NOISELESS> (T_Current -273.15 T_Measured 27)
                                             X_U1.R_R36 <X_U1.R_NOISELESS> (T_Current -273.15 T_Measured 27)

          R        1.000E+04      1.000E+00      1.095E+04  


               X_U1.R_R43 <X_U1.R_NOISELESS> (T_Current -273.15 T_Measured 27)
                              X_U1.R_R46 <X_U1.R_NOISELESS> (T_Current -273.15 T_Measured 27)
                                             X_U1.R_R47 <X_U1.R_NOISELESS> (T_Current -273.15 T_Measured 27)

          R        1.000E+00      1.000E+00      1.000E-03  


               X_U1.R_R48 <X_U1.R_NOISELESS> (T_Current -273.15 T_Measured 27)
                              X_U1.R_R49 <X_U1.R_NOISELESS> (T_Current -273.15 T_Measured 27)
                                             X_U1.R_R5 <X_U1.R_NOISELESS> (T_Current -273.15 T_Measured 27)

          R        1.000E+06      1.000E+12      1.000E+00  


               X_U1.R_R50 <X_U1.R_NOISELESS> (T_Current -273.15 T_Measured 27)
                              X_U1.R_R51 <X_U1.R_NOISELESS> (T_Current -273.15 T_Measured 27)
                                             X_U1.R_R52 <X_U1.R_NOISELESS> (T_Current -273.15 T_Measured 27)

          R        1.000E+06      1.000E-03      1.000E+00  


               X_U1.R_R53 <X_U1.R_NOISELESS> (T_Current -273.15 T_Measured 27)
                              X_U1.R_R54 <X_U1.R_NOISELESS> (T_Current -273.15 T_Measured 27)
                                             X_U1.R_R55 <X_U1.R_NOISELESS> (T_Current -273.15 T_Measured 27)

          R        1.000E+12      1.000E+00      1.000E-03  


               X_U1.R_R56 <X_U1.R_NOISELESS> (T_Current -273.15 T_Measured 27)
                              X_U1.R_R57 <X_U1.R_NOISELESS> (T_Current -273.15 T_Measured 27)
                                             X_U1.R_R58 <X_U1.R_NOISELESS> (T_Current -273.15 T_Measured 27)

          R        1.000E+12      1.000E+00      1.000E-03  


               X_U1.R_R59 <X_U1.R_NOISELESS> (T_Current -273.15 T_Measured 27)
                              X_U1.R_R6 <X_U1.R_NOISELESS> (T_Current -273.15 T_Measured 27)
                                             X_U1.R_R60 <X_U1.R_NOISELESS> (T_Current -273.15 T_Measured 27)

          R        1.000E+12      1.000E+08      1.000E+00  


               X_U1.R_R61 <X_U1.R_NOISELESS> (T_Current -273.15 T_Measured 27)
                              X_U1.R_R62 <X_U1.R_NOISELESS> (T_Current -273.15 T_Measured 27)
                                             X_U1.R_R63 <X_U1.R_NOISELESS> (T_Current -273.15 T_Measured 27)

          R        1.000E-03      1.000E-03      1.000E+12  


               X_U1.R_R64 <X_U1.R_NOISELESS> (T_Current -273.15 T_Measured 27)
                              X_U1.R_R65 <X_U1.R_NOISELESS> (T_Current -273.15 T_Measured 27)
                                             X_U1.R_R66 <X_U1.R_NOISELESS> (T_Current -273.15 T_Measured 27)

          R        1.000E+00      1.000E+12      1.000E+00  


               X_U1.R_R67 <X_U1.R_NOISELESS> (T_Current -273.15 T_Measured 27)
                              X_U1.R_R68 <X_U1.R_NOISELESS> (T_Current -273.15 T_Measured 27)
                                             X_U1.R_R69 <X_U1.R_NOISELESS> (T_Current -273.15 T_Measured 27)

          R        1.000E-03      1.000E-03      1.000E+12  


               X_U1.R_R7 <X_U1.R_NOISELESS> (T_Current -273.15 T_Measured 27)
                              X_U1.R_R70 <X_U1.R_NOISELESS> (T_Current -273.15 T_Measured 27)
                                             X_U1.R_R71 <X_U1.R_NOISELESS> (T_Current -273.15 T_Measured 27)

          R        8.332E+00      1.000E+00      1.000E-03  


               X_U1.R_R72 <X_U1.R_NOISELESS> (T_Current -273.15 T_Measured 27)
                              X_U1.R_R73 <X_U1.R_NOISELESS> (T_Current -273.15 T_Measured 27)
                                             X_U1.R_R74 <X_U1.R_NOISELESS> (T_Current -273.15 T_Measured 27)

          R        1.000E+03      1.000E-03      1.000E+03  


               X_U1.R_R75 <X_U1.R_NOISELESS> (T_Current -273.15 T_Measured 27)
                              X_U1.R_R76 <X_U1.R_NOISELESS> (T_Current -273.15 T_Measured 27)
                                             X_U1.R_R77 <X_U1.R_NOISELESS> (T_Current -273.15 T_Measured 27)

          R        1.000E-03      1.000E+03      1.000E+03  


               X_U1.R_R78 <X_U1.R_NOISELESS> (T_Current -273.15 T_Measured 27)
                              X_U1.R_R79 <X_U1.R_NOISELESS> (T_Current -273.15 T_Measured 27)
                                             X_U1.R_R8 <X_U1.R_NOISELESS> (T_Current -273.15 T_Measured 27)

          R        1.000E+00      1.000E+00      1.000E+03  


               X_U1.R_R80 <X_U1.R_NOISELESS> (T_Current -273.15 T_Measured 27)
                              X_U1.R_R81 <X_U1.R_NOISELESS> (T_Current -273.15 T_Measured 27)
                                             X_U1.R_R82 <X_U1.R_NOISELESS> (T_Current -273.15 T_Measured 27)

          R        1.000E+02      1.000E+02      1.000E+00  


               X_U1.R_R83 <X_U1.R_NOISELESS> (T_Current -273.15 T_Measured 27)
                              X_U1.R_R9 <X_U1.R_NOISELESS> (T_Current -273.15 T_Measured 27)
                                             X_U1.R_RDUMMY <X_U1.R_NOISELESS> (T_Current -273.15 T_Measured 27)

          R        1.000E+02      1.000E+08      6.858E+03  


               X_U1.R_RS_INN <X_U1.R_NOISELESS> (T_Current -273.15 T_Measured 27)
                              X_U1.R_RS_INP <X_U1.R_NOISELESS> (T_Current -273.15 T_Measured 27)
                                             X_U1.R_RX <X_U1.R_NOISELESS> (T_Current -273.15 T_Measured 27)

          R        1.000E+03      1.000E+03      6.858E+04  


               X_U1.R_RX1 <X_U1.R_NOISELESS> (T_Current -273.15 T_Measured 27)
                              X_U1.R_RX2 <X_U1.R_NOISELESS> (T_Current -273.15 T_Measured 27)
                                             X_U1.R_RX3 <X_U1.R_NOISELESS> (T_Current -273.15 T_Measured 27)

          R        1.000E+12      1.000E+02      1.000E+12  


               X_U1.R_RX4 <X_U1.R_NOISELESS> (T_Current -273.15 T_Measured 27)
                              X_U1.R_R_COM0 <X_U1.R_NOISELESS> (T_Current -273.15 T_Measured 27)
                                             X_U1.R_R_COM1 <X_U1.R_NOISELESS> (T_Current -273.15 T_Measured 27)

          R        1.000E+02      1.000E+12      1.000E+12  


               X_U1.R_R_DIFF <X_U1.R_NOISELESS> (T_Current -273.15 T_Measured 27)
                              X_U73.R_R107 <X_U73.R_NOISELESS> (T_Current -273.15 T_Measured 27)
                                             X_U73.R_R108 <X_U73.R_NOISELESS> (T_Current -273.15 T_Measured 27)

          R        1.000E+08      1.000E+00      1.000E+12  


               X_U73.R_R109 <X_U73.R_NOISELESS> (T_Current -273.15 T_Measured 27)
                              X_U73.R_R110 <X_U73.R_NOISELESS> (T_Current -273.15 T_Measured 27)
                                             X_U73.R_R111 <X_U73.R_NOISELESS> (T_Current -273.15 T_Measured 27)

          R        1.000E+00      1.000E-03      1.000E+06  


               X_U73.R_R112 <X_U73.R_NOISELESS> (T_Current -273.15 T_Measured 27)
                              X_U73.R_R113 <X_U73.R_NOISELESS> (T_Current -273.15 T_Measured 27)
                                             X_U73.R_R136 <X_U73.R_NOISELESS> (T_Current -273.15 T_Measured 27)

          R        1.000E+06      1.000E-03      1.000E+00  


               X_U73.R_R169 <X_U73.R_NOISELESS> (T_Current -273.15 T_Measured 27)
                              X_U73.R_R1A1 <X_U73.R_NOISELESS> (T_Current -273.15 T_Measured 27)
                                             X_U73.R_R1A3 <X_U73.R_NOISELESS> (T_Current -273.15 T_Measured 27)

          R        2.900E+01      1.000E+04      1.000E+04  


               X_U73.R_R1A4 <X_U73.R_NOISELESS> (T_Current -273.15 T_Measured 27)
                              X_U73.R_R2 <X_U73.R_NOISELESS> (T_Current -273.15 T_Measured 27)
                                             X_U73.R_R21 <X_U73.R_NOISELESS> (T_Current -273.15 T_Measured 27)

          R        1.000E+04      1.000E-02      1.000E+03  


               X_U73.R_R25 <X_U73.R_NOISELESS> (T_Current -273.15 T_Measured 27)
                              X_U73.R_R26 <X_U73.R_NOISELESS> (T_Current -273.15 T_Measured 27)
                                             X_U73.R_R261 <X_U73.R_NOISELESS> (T_Current -273.15 T_Measured 27)

          R        1.000E+09      1.000E+09      1.000E+00  


               X_U73.R_R27 <X_U73.R_NOISELESS> (T_Current -273.15 T_Measured 27)
                              X_U73.R_R28 <X_U73.R_NOISELESS> (T_Current -273.15 T_Measured 27)
                                             X_U73.R_R29 <X_U73.R_NOISELESS> (T_Current -273.15 T_Measured 27)

          R        1.000E+00      1.000E-03      1.000E+03  


               X_U73.R_R2A1 <X_U73.R_NOISELESS> (T_Current -273.15 T_Measured 27)
                              X_U73.R_R2A4 <X_U73.R_NOISELESS> (T_Current -273.15 T_Measured 27)
                                             X_U73.R_R2A5 <X_U73.R_NOISELESS> (T_Current -273.15 T_Measured 27)

          R        1.700E+01      2.000E+01      1.200E+01  


               X_U73.R_R3 <X_U73.R_NOISELESS> (T_Current -273.15 T_Measured 27)
                              X_U73.R_R30 <X_U73.R_NOISELESS> (T_Current -273.15 T_Measured 27)
                                             X_U73.R_R31 <X_U73.R_NOISELESS> (T_Current -273.15 T_Measured 27)

          R        2.800E+05      1.000E-03      1.000E+03  


               X_U73.R_R32 <X_U73.R_NOISELESS> (T_Current -273.15 T_Measured 27)
                              X_U73.R_R33 <X_U73.R_NOISELESS> (T_Current -273.15 T_Measured 27)
                                             X_U73.R_R34 <X_U73.R_NOISELESS> (T_Current -273.15 T_Measured 27)

          R        1.000E+03      1.000E-03      1.000E+03  


               X_U73.R_R35 <X_U73.R_NOISELESS> (T_Current -273.15 T_Measured 27)
                              X_U73.R_R36 <X_U73.R_NOISELESS> (T_Current -273.15 T_Measured 27)
                                             X_U73.R_R363 <X_U73.R_NOISELESS> (T_Current -273.15 T_Measured 27)

          R        1.000E+09      1.000E+00      1.000E+00  


               X_U73.R_R364 <X_U73.R_NOISELESS> (T_Current -273.15 T_Measured 27)
                              X_U73.R_R37 <X_U73.R_NOISELESS> (T_Current -273.15 T_Measured 27)
                                             X_U73.R_R38 <X_U73.R_NOISELESS> (T_Current -273.15 T_Measured 27)

          R        1.000E+00      1.000E-03      1.000E-03  


               X_U73.R_R39 <X_U73.R_NOISELESS> (T_Current -273.15 T_Measured 27)
                              X_U73.R_R40 <X_U73.R_NOISELESS> (T_Current -273.15 T_Measured 27)
                                             X_U73.R_R5 <X_U73.R_NOISELESS> (T_Current -273.15 T_Measured 27)

          R        1.000E+00      1.000E+09      1.000E+00  


               X_U73.R_R60 <X_U73.R_NOISELESS> (T_Current -273.15 T_Measured 27)
                              X_U73.R_R8 <X_U73.R_NOISELESS> (T_Current -273.15 T_Measured 27)
                                             X_U73.R_R81 <X_U73.R_NOISELESS> (T_Current -273.15 T_Measured 27)

          R        3.700E+04      1.000E+03      1.000E+09  


               X_U73.R_R83 <X_U73.R_NOISELESS> (T_Current -273.15 T_Measured 27)
                              X_U73.R_R9 <X_U73.R_NOISELESS> (T_Current -273.15 T_Measured 27)
                                             X_U73.R_R_VIMON <X_U73.R_NOISELESS> (T_Current -273.15 T_Measured 27)

          R        1.000E+09      1.000E-03      1.000E+02  


               X_U73.R_R_VOUT_S <X_U73.R_NOISELESS> (T_Current -273.15 T_Measured 27)

          R        1.000E+02  



**** 04/05/25 22:08:30 *** PSpice 24.1.0 (26 February 2025) *** ID# 0 ********

 ** Profile: "SCHEMATIC1-asdfa"  [ c:\users\user\appdata\roaming\spb_data\cdssetup\workspace\projects\tiaopa695\TIAOPA695-PSpiceFiles


 ****     INITIAL TRANSIENT SOLUTION       TEMPERATURE =   27.000 DEG C

 ****     CURRENT STEP                     PARAM IVAR =    3.0300E-03


******************************************************************************



 NODE   VOLTAGE     NODE   VOLTAGE     NODE   VOLTAGE     NODE   VOLTAGE


(  VCC)    5.0000  (  VEE)   -5.0000  (N1113089)    3.8997                      

(N1113125)    3.9059                  (N1113485)    3.9010                      

(N1113565)    5.0000                  (N1113637)    1.9901                      

(N1113647)    3.9027                  (N1113661)    3.3016                      

(N1113879)   -5.0000                  (N1114737)     .0070                      

(N1114747)     .0070                  (N1114761)     .0168                      

(N1114963)     .0168                  (N1114991)-260.0E-06                      

(X_U1.MID)-423.5E-18                  (X_U1.V11)-4.676E-09                      

(X_U1.V12)     .6872                  (X_U76.ZO)    3.9059                      

(X_U1.ESDN)    2.3782                 (X_U1.ESDP)    2.9136                     

(X_U1.VCLP)    3.9562                 (X_U73.AOL)     .0168                     

(X_U73.MID)-211.8E-18                 (X_U76.MID)    2.5000                     

(X_U1.CLAMP)    6.6228                (X_U1.VCC_B)    5.0000                    

(X_U1.VEE_B)   -5.0000                (X_U1.VIMON)    9.5755                    

(X_U73.CMRR)-482.6E-09                (X_U76.CMRR)    2.5000                    

(X_U76.ESDN)    3.8997                (X_U76.ESDP)    3.9010                    

(X_U1.VOUT_S)    3.9027               (X_U1.VSENSE)    6.6228                   

(X_U1.X_U1.3)    0.0000               (X_U1.X_U1.4)    0.0000                   

(X_U1.X_U1.5)    0.0000               (X_U1.X_U1.6)    0.0000                   

(X_U1.X_U1.7)     .8338               (X_U1.X_U1.8)     .8338                   

(X_U73.CLAMP)     .0168               (X_U73.VCC_B)    5.0000                   

(X_U73.VEE_B)   -5.0000               (X_U73.VIMON)     .0198                   

(X_U76.CLAMP)    4.1283               (X_U76.PSRRN)    2.5002                   

(X_U76.PSRRP)    2.5001               (X_U76.VCC_B)    5.0000                   

(X_U76.VEE_B) 2.501E-06               (X_U76.VIMON)    2.5124                   

(X_U1.VCC_CLP)    3.9000              (X_U1.VEE_CLP)   -4.8260                  

(X_U1.X_U39.3)    0.0000              (X_U1.X_U39.4)    0.0000                  

(X_U1.X_U39.5)    0.0000              (X_U1.X_U39.6)    0.0000                  

(X_U1.X_U39.7)     .8338              (X_U1.X_U39.8)     .8338                  

(X_U1.X_U40.3)    0.0000              (X_U1.X_U40.4)    0.0000                  

(X_U1.X_U40.5)    0.0000              (X_U1.X_U40.6)    0.0000                  

(X_U1.X_U40.7)     .8338              (X_U1.X_U40.8)     .8338                  

(X_U73.AOLNET)    -.0168              (X_U73.N05102)     .0070                  

(X_U73.N06456)-260.0E-06              (X_U73.N10561)    -.0070                  

(X_U73.N10570)    -.0070              (X_U73.N11984)    -.0070                  

(X_U73.N25816)     .0070              (X_U73.N28602)   -3.3000                  

(X_U73.N30136)    3.3000              (X_U73.N30913)     .0070                  

(X_U73.N31014)     .0070              (X_U73.N35669)    4.1998                  

(X_U73.N35813)    4.1998              (X_U73.N38050)   -4.2000                  

(X_U73.N38096)   -4.2000              (X_U73.N42663)-211.8E-18                  

(X_U73.N42834)-211.8E-18              (X_U73.N44757)-211.8E-18                  

(X_U73.N44799)-211.8E-18              (X_U73.VOUT_S)     .0168                  

(X_U76.AOLNET)    2.4992              (X_U76.N06456)    3.9010                  

(X_U76.N10561)    3.9006              (X_U76.N10570)    3.9006                  

(X_U76.N11984)    3.9006              (X_U76.N11991)    3.8997                  

(X_U76.N25816)    3.9005              (X_U76.N28602)    1.1000                  

(X_U76.N30136)    4.6000              (X_U76.N30913)    3.9005                  

(X_U76.N31014)    3.9005              (X_U76.N35675)    4.2118                  

(X_U76.N35813)    4.2118              (X_U76.N38050)    1.0201                  

(X_U76.N38096)    1.0201              (X_U76.VOUT_S)    3.9059                  

(X_U76.X_U1.3)    0.0000              (X_U76.X_U1.4)    0.0000                  

(X_U76.X_U1.5)    0.0000              (X_U76.X_U1.6)    0.0000                  

(X_U76.X_U1.7)     .8338              (X_U76.X_U1.8)     .8338                  

(X_U1.CL_CLAMP)    3.9562             (X_U1.N2986935)    2.9136                 

(X_U1.N2986947) 291.4E-09             (X_U1.N2986949)    2.9136                 

(X_U1.N2986957)    2.9136             (X_U1.N2986973)-1.581E-06                 

(X_U1.N2986975) 1.581E-06             (X_U1.N2986977)    2.9136                 

(X_U1.N2986981)    2.9136             (X_U1.N2987013)    2.3782                 

(X_U1.N2987017)    3.0000             (X_U1.N2987029)   -3.0000                 

(X_U1.N2987037)    2.9136             (X_U1.N2987051)    2.9136                 

(X_U1.N2987061)   53.5400             (X_U1.N2987123)     .0027                 

(X_U1.N2987135)     .0027             (X_U1.N2987157)-423.5E-18                 

(X_U1.N2987159)-423.5E-18             (X_U1.N2987201)   35.0000                 

(X_U1.N2987203)-423.5E-18             (X_U1.N2987205)-423.5E-18                 

(X_U1.N2987225)-423.5E-18             (X_U1.N2987231)-423.5E-18                 

(X_U1.N2987243)  -35.0000             (X_U1.N2987295)   75.0000                 

(X_U1.N2987299)-423.5E-18             (X_U1.N2987301)-423.5E-18                 

(X_U1.N2987319)-423.5E-18             (X_U1.N2987325)-423.5E-18                 

(X_U1.N2987337)  -75.0000             (X_U1.N2987363)    6.6228                 

(X_U1.N2987391)    3.9000             (X_U1.N2987395)   -4.8260                 

(X_U1.N2987423)   -4.8260             (X_U1.N2987427)    3.9000                 

(X_U1.N2987487)-4.676E-09             (X_U1.N2987493)     .6872                 

(X_U1.N2987499)    1.0000             (X_U1.N2987541)    9.5755                 

(X_U1.N2987553)    3.9027             (X_U1.N2987623)    3.9027                 

(X_U1.N2987655)    1.9562             (X_U1.N2987675)    6.6134                 

(X_U1.N2987683)    1.9562             (X_U1.N2987687)    1.9562                 

(X_U1.N2987711)    6.6134             (X_U1.N2987719)    5.9262                 

(X_U1.N2987763)-423.5E-18             (X_U1.N2987785)    5.0000                 

(X_U1.N2987801)   -5.0000             (X_U1.N3108745)   16.5560                 

(X_U1.N3108755)    6.6244             (X_U1.N3108879)    6.6228                 

(X_U1.N3108917)    6.6244             (X_U1.N3108949)    6.6243                 

(X_U1.N3109015)    6.6243             (X_U1.N3116457)    3.9562                 

(X_U1.N3116503)  365.8100             (X_U1.N3116515)  365.8100                 

(X_U1.N3116609)  699.7200             (X_U1.N3116619)  260.5800                 

(X_U1.N3116655)  699.6500             (X_U1.N3116665)     .5315                 

(X_U1.N3116675)  699.7200             (X_U1.N3116685)  699.7200                 

(X_U1.N3116957)  699.6400             (X_U1.N3117239)  699.7200                 

(X_U1.N3126023)    3.4971             (X_U1.N3128929)   -4.7434                 

(X_U1.N3130349) 1.581E-06             (X_U1.N3130359)     .0048                 

(X_U1.N3202117)  699.7200             (X_U1.N3202127)  699.7200                 

(X_U1.N3202213)  699.7200             (X_U1.N3204124)  699.7200                 

(X_U1.N3204134)  699.7200             (X_U1.N3204220)  699.7200                 

(X_U1.N3205032)  699.7200             (X_U1.N3205042)  699.7200                 

(X_U1.N3205128)  699.7200             (X_U1.N3205956)  699.7200                 

(X_U1.N3205966)  699.7200             (X_U1.N3206052)  699.7200                 

(X_U1.N3206890)  699.7200             (X_U1.N3206900)  699.7200                 

(X_U1.N3206986)  699.7200             (X_U1.N3208573)  699.7200                 

(X_U1.N3208669)  699.7200             (X_U1.N3236810) 1.581E-09                 

(X_U1.N3236820) 1.581E-06             (X_U73.N110431)     .0198                 

(X_U73.N112292)     .0168             (X_U73.N317950)-211.8E-18                 

(X_U73.N406634)    5.0000             (X_U73.N406794)   -5.0000                 

(X_U73.N701935)-241.8E-06             (X_U73.N704979)   -6.4993                 

(X_U73.N705005)    -.0078             (X_U73.N709083)    3.6601                 

(X_U73.N709113)     .0062             (X_U73.N749288)    -.0070                 

(X_U73.VCC_CLP)    4.1998             (X_U73.VEE_CLP)   -4.2000                 

(X_U73.X_E_N.3)    0.0000             (X_U73.X_E_N.4)    0.0000                 

(X_U73.X_E_N.5)    0.0000             (X_U73.X_E_N.6)    0.0000                 

(X_U73.X_E_N.7)     .8338             (X_U73.X_E_N.8)     .8338                 

(X_U76.N110431)    2.5124             (X_U76.N112292)    3.9059                 

(X_U76.N317950)    2.5000             (X_U76.N406634)    5.0000                 

(X_U76.N406794) 2.504E-06             (X_U76.N749288)    3.9006                 

(X_U76.VCC_CLP)    4.2118             (X_U76.VEE_CLP)    1.0201                 

(X_U76.X_E_N.3)    0.0000             (X_U76.X_E_N.4)    0.0000                 

(X_U76.X_E_N.5)    0.0000             (X_U76.X_E_N.6)    0.0000                 

(X_U76.X_E_N.7)     .8338             (X_U76.X_E_N.8)     .8338                 

(X_U1.N32898091)  699.7200            (X_U73.N1327152)     .0070                

(X_U73.X_I_NP.3)    0.0000            (X_U73.X_I_NP.4)    0.0000                

(X_U73.X_I_NP.5)    0.0000            (X_U73.X_I_NP.6)    0.0000                

(X_U73.X_I_NP.7)     .8338            (X_U73.X_I_NP.8)     .8338                

(X_U76.N1254860)   17.9820            (X_U76.N1446199)    4.0758                

(X_U76.N1446217)    4.0758            (X_U76.N1461236)    2.3361                

(X_U76.N1461246)    2.5000            (X_U76.N1461252)    2.5046                

(X_U76.N1481243)     .7102            (X_U76.N1481253)    2.4999                

(X_U76.N1481259)    2.5005            (X_U76.N1483677)    6.4446                

(X_U76.N1483687)    2.5002            (X_U76.N1483693)    2.4954                

(X_U76.N1483703)    2.4998            (X_U76.N1483713)    2.5046                

(X_U76.N1490067)    2.5001            (X_U76.N1492098)    2.7548                

(X_U76.N1492108)    2.6699            (X_U76.N1492118)    2.6699                

(X_U76.N1492126)    2.6699            (X_U76.N1492376)    2.6699                

(X_U76.N1534615)    6.8373            (X_U76.N1534625)    2.6519                

(X_U76.N1534635)    2.6519            (X_U76.N1534645)    2.6519                

(X_U76.N1534887)    2.6519            (X_U76.N1541593)    6.3796                

(X_U76.N1541603)    2.6359            (X_U1.CLAW_CLAMP)    3.9562               

(X_U73.X_I_NP2.3)    0.0000           (X_U73.X_I_NP2.4)    0.0000               

(X_U73.X_I_NP2.5)    0.0000           (X_U73.X_I_NP2.6)    0.0000               

(X_U73.X_I_NP2.7)     .8338           (X_U73.X_I_NP2.8)     .8338               

(X_U76.X_I_NP1.3)    0.0000           (X_U76.X_I_NP1.4)    0.0000               

(X_U76.X_I_NP1.5)    0.0000           (X_U76.X_I_NP1.6)    0.0000               

(X_U76.X_I_NP1.7)     .8338           (X_U76.X_I_NP1.8)     .8338               

(X_U1.SW_OL_OPAx277)    1.0000        (X_U73.X_VOS_VS_VCM.1)    -.0070          

(X_U76.X_VOS_VS_VCM.1)    3.9006      




    VOLTAGE SOURCE CURRENTS
    NAME         CURRENT

    V_V2        -1.369E-02
    V_V6        -4.612E-04
    V_V5        -8.492E-04
    V_V1        -4.081E-02
    X_U76.V_VCM_MAX  -2.100E-09
    X_U76.V_VCM_MIN   1.400E-09
    X_U1.V_VCM_MAX  -3.001E-12
    X_U1.V_VCM_MIN   3.001E-12
    X_U1.V_V_GRN   7.500E-11
    X_U1.V_V_GRP  -7.500E-11
    X_U1.V_V_ISCN   3.500E-11
    X_U1.V_V_ISCP  -3.500E-11
    X_U1.V_V_ORN   0.000E+00
    X_U1.V_V_ORP   0.000E+00
    X_U73.V_VCM_MAX  -3.300E-09
    X_U73.V_VCM_MIN   3.300E-09
    X_U76.X_H3.VH_H3  -1.245E-05
    X_U76.X_VOS_VS_VCM.V1   4.097E-13
    X_U1.X_H1.VH_H1   9.576E-03
    X_U1.X_H2.VH_H2   6.872E-01
    X_U1.X_H3.VH_H3   4.676E-09
    X_U73.X_H3.VH_H3  -1.980E-05
    X_U73.X_VOS_VS_VCM.V1  -9.661E-17

    TOTAL POWER DISSIPATION   2.79E-01  WATTS


Model-Specific Temperatures During Sweep  Param value = 0.00333

 **** RESISTORS

               X_U76.R_R1 <X_U76.R_NOISELESS> (T_Current -273.15 T_Measured 27)
                              X_U76.R_R10 <X_U76.R_NOISELESS> (T_Current -273.15 T_Measured 27)
                                             X_U76.R_R107 <X_U76.R_NOISELESS> (T_Current -273.15 T_Measured 27)

          R        1.000E-02      1.000E-03      1.000E+00  


               X_U76.R_R108 <X_U76.R_NOISELESS> (T_Current -273.15 T_Measured 27)
                              X_U76.R_R109 <X_U76.R_NOISELESS> (T_Current -273.15 T_Measured 27)
                                             X_U76.R_R110 <X_U76.R_NOISELESS> (T_Current -273.15 T_Measured 27)

          R        1.000E+12      1.000E+00      1.000E-03  


               X_U76.R_R111 <X_U76.R_NOISELESS> (T_Current -273.15 T_Measured 27)
                              X_U76.R_R112 <X_U76.R_NOISELESS> (T_Current -273.15 T_Measured 27)
                                             X_U76.R_R113 <X_U76.R_NOISELESS> (T_Current -273.15 T_Measured 27)

          R        1.000E+06      1.000E+06      1.000E-03  


               X_U76.R_R146 <X_U76.R_NOISELESS> (T_Current -273.15 T_Measured 27)
                              X_U76.R_R147 <X_U76.R_NOISELESS> (T_Current -273.15 T_Measured 27)
                                             X_U76.R_R148 <X_U76.R_NOISELESS> (T_Current -273.15 T_Measured 27)

          R        1.000E+00      1.000E+00      1.000E+00  


               X_U76.R_R162 <X_U76.R_NOISELESS> (T_Current -273.15 T_Measured 27)
                              X_U76.R_R1A <X_U76.R_NOISELESS> (T_Current -273.15 T_Measured 27)
                                             X_U76.R_R1A1 <X_U76.R_NOISELESS> (T_Current -273.15 T_Measured 27)

          R        5.000E+03      1.000E+04      3.000E+01  


               X_U76.R_R1A14 <X_U76.R_NOISELESS> (T_Current -273.15 T_Measured 27)
                              X_U76.R_R1A15 <X_U76.R_NOISELESS> (T_Current -273.15 T_Measured 27)
                                             X_U76.R_R1A16 <X_U76.R_NOISELESS> (T_Current -273.15 T_Measured 27)

          R        1.000E+04      1.000E+04      2.800E+00  


               X_U76.R_R1A17 <X_U76.R_NOISELESS> (T_Current -273.15 T_Measured 27)
                              X_U76.R_R1A18 <X_U76.R_NOISELESS> (T_Current -273.15 T_Measured 27)
                                             X_U76.R_R1A40 <X_U76.R_NOISELESS> (T_Current -273.15 T_Measured 27)

          R        1.000E+04      1.000E+04      1.000E+04  


               X_U76.R_R1A41 <X_U76.R_NOISELESS> (T_Current -273.15 T_Measured 27)
                              X_U76.R_R1A42 <X_U76.R_NOISELESS> (T_Current -273.15 T_Measured 27)
                                             X_U76.R_R1A43 <X_U76.R_NOISELESS> (T_Current -273.15 T_Measured 27)

          R        7.000E+00      1.000E+04      3.000E+01  


               X_U76.R_R1A44 <X_U76.R_NOISELESS> (T_Current -273.15 T_Measured 27)
                              X_U76.R_R1A45 <X_U76.R_NOISELESS> (T_Current -273.15 T_Measured 27)
                                             X_U76.R_R2 <X_U76.R_NOISELESS> (T_Current -273.15 T_Measured 27)

          R        1.000E+01      1.000E+01      1.000E-02  


               X_U76.R_R21 <X_U76.R_NOISELESS> (T_Current -273.15 T_Measured 27)
                              X_U76.R_R211 <X_U76.R_NOISELESS> (T_Current -273.15 T_Measured 27)
                                             X_U76.R_R225 <X_U76.R_NOISELESS> (T_Current -273.15 T_Measured 27)

          R        1.000E+03      1.000E+00      1.000E+00  


               X_U76.R_R226 <X_U76.R_NOISELESS> (T_Current -273.15 T_Measured 27)
                              X_U76.R_R245 <X_U76.R_NOISELESS> (T_Current -273.15 T_Measured 27)
                                             X_U76.R_R246 <X_U76.R_NOISELESS> (T_Current -273.15 T_Measured 27)

          R        3.000E+01      4.500E+03      1.000E+00  


               X_U76.R_R247 <X_U76.R_NOISELESS> (T_Current -273.15 T_Measured 27)
                              X_U76.R_R248 <X_U76.R_NOISELESS> (T_Current -273.15 T_Measured 27)
                                             X_U76.R_R249 <X_U76.R_NOISELESS> (T_Current -273.15 T_Measured 27)

          R        1.000E+00      1.000E+00      1.000E+00  


               X_U76.R_R25 <X_U76.R_NOISELESS> (T_Current -273.15 T_Measured 27)
                              X_U76.R_R250 <X_U76.R_NOISELESS> (T_Current -273.15 T_Measured 27)
                                             X_U76.R_R251 <X_U76.R_NOISELESS> (T_Current -273.15 T_Measured 27)

          R        1.000E+09      1.000E+00      1.000E+00  


               X_U76.R_R252 <X_U76.R_NOISELESS> (T_Current -273.15 T_Measured 27)
                              X_U76.R_R253 <X_U76.R_NOISELESS> (T_Current -273.15 T_Measured 27)
                                             X_U76.R_R26 <X_U76.R_NOISELESS> (T_Current -273.15 T_Measured 27)

          R        1.000E+00      1.000E+00      1.000E+09  


               X_U76.R_R27 <X_U76.R_NOISELESS> (T_Current -273.15 T_Measured 27)
                              X_U76.R_R28 <X_U76.R_NOISELESS> (T_Current -273.15 T_Measured 27)
                                             X_U76.R_R29 <X_U76.R_NOISELESS> (T_Current -273.15 T_Measured 27)

          R        1.000E+00      1.000E-03      1.000E+03  


               X_U76.R_R2A <X_U76.R_NOISELESS> (T_Current -273.15 T_Measured 27)
                              X_U76.R_R2A1 <X_U76.R_NOISELESS> (T_Current -273.15 T_Measured 27)
                                             X_U76.R_R2A16 <X_U76.R_NOISELESS> (T_Current -273.15 T_Measured 27)

          R        2.000E+04      1.000E+01      5.420E-01  


               X_U76.R_R2A17 <X_U76.R_NOISELESS> (T_Current -273.15 T_Measured 27)
                              X_U76.R_R2A18 <X_U76.R_NOISELESS> (T_Current -273.15 T_Measured 27)
                                             X_U76.R_R2A36 <X_U76.R_NOISELESS> (T_Current -273.15 T_Measured 27)

          R        4.822E+02      4.822E+02      8.500E-01  


               X_U76.R_R2A37 <X_U76.R_NOISELESS> (T_Current -273.15 T_Measured 27)
                              X_U76.R_R2A40 <X_U76.R_NOISELESS> (T_Current -273.15 T_Measured 27)
                                             X_U76.R_R2A41 <X_U76.R_NOISELESS> (T_Current -273.15 T_Measured 27)

          R        3.010E+01      7.000E-01      1.000E+01  


               X_U76.R_R2A42 <X_U76.R_NOISELESS> (T_Current -273.15 T_Measured 27)
                              X_U76.R_R2A43 <X_U76.R_NOISELESS> (T_Current -273.15 T_Measured 27)
                                             X_U76.R_R3 <X_U76.R_NOISELESS> (T_Current -273.15 T_Measured 27)

          R        3.630E-01      3.630E-01      2.300E+06  


               X_U76.R_R30 <X_U76.R_NOISELESS> (T_Current -273.15 T_Measured 27)
                              X_U76.R_R31 <X_U76.R_NOISELESS> (T_Current -273.15 T_Measured 27)
                                             X_U76.R_R32 <X_U76.R_NOISELESS> (T_Current -273.15 T_Measured 27)

          R        1.000E-03      1.000E+03      1.000E+03  


               X_U76.R_R33 <X_U76.R_NOISELESS> (T_Current -273.15 T_Measured 27)
                              X_U76.R_R34 <X_U76.R_NOISELESS> (T_Current -273.15 T_Measured 27)
                                             X_U76.R_R4 <X_U76.R_NOISELESS> (T_Current -273.15 T_Measured 27)

          R        1.000E-03      1.000E+03      2.300E+06  


               X_U76.R_R6 <X_U76.R_NOISELESS> (T_Current -273.15 T_Measured 27)
                              X_U76.R_R60 <X_U76.R_NOISELESS> (T_Current -273.15 T_Measured 27)
                                             X_U76.R_R8 <X_U76.R_NOISELESS> (T_Current -273.15 T_Measured 27)

          R        1.000E+00      1.000E+00      1.000E+03  


               X_U76.R_R81 <X_U76.R_NOISELESS> (T_Current -273.15 T_Measured 27)
                              X_U76.R_R83 <X_U76.R_NOISELESS> (T_Current -273.15 T_Measured 27)
                                             X_U76.R_R9 <X_U76.R_NOISELESS> (T_Current -273.15 T_Measured 27)

          R        1.000E+09      1.000E+09      1.000E-03  


               X_U76.R_RDUMMY <X_U76.R_NOISELESS> (T_Current -273.15 T_Measured 27)
                              X_U76.R_RX <X_U76.R_NOISELESS> (T_Current -273.15 T_Measured 27)
                                             X_U76.R_R_VIMON <X_U76.R_NOISELESS> (T_Current -273.15 T_Measured 27)

          R        1.400E+02      1.400E+03      1.000E+02  


               X_U76.R_R_VOUT_S <X_U76.R_NOISELESS> (T_Current -273.15 T_Measured 27)
                              X_U1.R_R10 <X_U1.R_NOISELESS> (T_Current -273.15 T_Measured 27)
                                             X_U1.R_R11 <X_U1.R_NOISELESS> (T_Current -273.15 T_Measured 27)

          R        1.000E+02      1.000E+00      3.333E+01  


               X_U1.R_R12 <X_U1.R_NOISELESS> (T_Current -273.15 T_Measured 27)
                              X_U1.R_R13 <X_U1.R_NOISELESS> (T_Current -273.15 T_Measured 27)
                                             X_U1.R_R139 <X_U1.R_NOISELESS> (T_Current -273.15 T_Measured 27)

          R        1.000E+08      1.000E+00      1.057E+04  


               X_U1.R_R14 <X_U1.R_NOISELESS> (T_Current -273.15 T_Measured 27)
                              X_U1.R_R140 <X_U1.R_NOISELESS> (T_Current -273.15 T_Measured 27)
                                             X_U1.R_R141 <X_U1.R_NOISELESS> (T_Current -273.15 T_Measured 27)

          R        3.287E+04      1.000E+04      1.000E+00  


               X_U1.R_R142 <X_U1.R_NOISELESS> (T_Current -273.15 T_Measured 27)
                              X_U1.R_R143 <X_U1.R_NOISELESS> (T_Current -273.15 T_Measured 27)
                                             X_U1.R_R144 <X_U1.R_NOISELESS> (T_Current -273.15 T_Measured 27)

          R        1.000E+04      1.000E+00      7.603E+00  


               X_U1.R_R15 <X_U1.R_NOISELESS> (T_Current -273.15 T_Measured 27)
                              X_U1.R_R158 <X_U1.R_NOISELESS> (T_Current -273.15 T_Measured 27)
                                             X_U1.R_R159 <X_U1.R_NOISELESS> (T_Current -273.15 T_Measured 27)

          R        1.000E-03      1.000E+04      1.000E+00  


               X_U1.R_R16 <X_U1.R_NOISELESS> (T_Current -273.15 T_Measured 27)
                              X_U1.R_R160 <X_U1.R_NOISELESS> (T_Current -273.15 T_Measured 27)
                                             X_U1.R_R161 <X_U1.R_NOISELESS> (T_Current -273.15 T_Measured 27)

          R        1.000E+03      6.670E+03      1.000E+06  


               X_U1.R_R162 <X_U1.R_NOISELESS> (T_Current -273.15 T_Measured 27)
                              X_U1.R_R166 <X_U1.R_NOISELESS> (T_Current -273.15 T_Measured 27)
                                             X_U1.R_R167 <X_U1.R_NOISELESS> (T_Current -273.15 T_Measured 27)

          R        1.000E+06      1.000E+06      1.000E+02  


               X_U1.R_R168 <X_U1.R_NOISELESS> (T_Current -273.15 T_Measured 27)
                              X_U1.R_R169 <X_U1.R_NOISELESS> (T_Current -273.15 T_Measured 27)
                                             X_U1.R_R17 <X_U1.R_NOISELESS> (T_Current -273.15 T_Measured 27)

          R        1.000E+04      1.000E+00      1.000E-03  


               X_U1.R_R170 <X_U1.R_NOISELESS> (T_Current -273.15 T_Measured 27)
                              X_U1.R_R171 <X_U1.R_NOISELESS> (T_Current -273.15 T_Measured 27)
                                             X_U1.R_R172 <X_U1.R_NOISELESS> (T_Current -273.15 T_Measured 27)

          R        5.934E+03      1.000E+06      9.869E+04  


               X_U1.R_R173 <X_U1.R_NOISELESS> (T_Current -273.15 T_Measured 27)
                              X_U1.R_R174 <X_U1.R_NOISELESS> (T_Current -273.15 T_Measured 27)
                                             X_U1.R_R175 <X_U1.R_NOISELESS> (T_Current -273.15 T_Measured 27)

          R        1.000E+04      1.000E+00      5.157E+04  


               X_U1.R_R176 <X_U1.R_NOISELESS> (T_Current -273.15 T_Measured 27)
                              X_U1.R_R177 <X_U1.R_NOISELESS> (T_Current -273.15 T_Measured 27)
                                             X_U1.R_R178 <X_U1.R_NOISELESS> (T_Current -273.15 T_Measured 27)

          R        1.000E+04      1.000E+00      9.484E+03  


               X_U1.R_R179 <X_U1.R_NOISELESS> (T_Current -273.15 T_Measured 27)
                              X_U1.R_R18 <X_U1.R_NOISELESS> (T_Current -273.15 T_Measured 27)
                                             X_U1.R_R180 <X_U1.R_NOISELESS> (T_Current -273.15 T_Measured 27)

          R        1.000E+04      1.000E+12      1.000E+00  


               X_U1.R_R181 <X_U1.R_NOISELESS> (T_Current -273.15 T_Measured 27)
                              X_U1.R_R182 <X_U1.R_NOISELESS> (T_Current -273.15 T_Measured 27)
                                             X_U1.R_R183 <X_U1.R_NOISELESS> (T_Current -273.15 T_Measured 27)

          R        9.500E+03      1.000E+04      1.000E+00  


               X_U1.R_R184 <X_U1.R_NOISELESS> (T_Current -273.15 T_Measured 27)
                              X_U1.R_R185 <X_U1.R_NOISELESS> (T_Current -273.15 T_Measured 27)
                                             X_U1.R_R186 <X_U1.R_NOISELESS> (T_Current -273.15 T_Measured 27)

          R        5.875E+03      1.000E+04      1.000E+00  


               X_U1.R_R187 <X_U1.R_NOISELESS> (T_Current -273.15 T_Measured 27)
                              X_U1.R_R188 <X_U1.R_NOISELESS> (T_Current -273.15 T_Measured 27)
                                             X_U1.R_R189 <X_U1.R_NOISELESS> (T_Current -273.15 T_Measured 27)

          R        3.086E+03      1.000E+04      1.000E+00  


               X_U1.R_R19 <X_U1.R_NOISELESS> (T_Current -273.15 T_Measured 27)
                              X_U1.R_R190 <X_U1.R_NOISELESS> (T_Current -273.15 T_Measured 27)
                                             X_U1.R_R191 <X_U1.R_NOISELESS> (T_Current -273.15 T_Measured 27)

          R        1.000E+12      1.000E+04      1.001E+01  


               X_U1.R_R192 <X_U1.R_NOISELESS> (T_Current -273.15 T_Measured 27)
                              X_U1.R_R193 <X_U1.R_NOISELESS> (T_Current -273.15 T_Measured 27)
                                             X_U1.R_R20 <X_U1.R_NOISELESS> (T_Current -273.15 T_Measured 27)

          R        1.000E+00      1.000E+00      1.000E+00  


               X_U1.R_R21 <X_U1.R_NOISELESS> (T_Current -273.15 T_Measured 27)
                              X_U1.R_R22 <X_U1.R_NOISELESS> (T_Current -273.15 T_Measured 27)
                                             X_U1.R_R23 <X_U1.R_NOISELESS> (T_Current -273.15 T_Measured 27)

          R        1.000E-03      1.000E+06      1.000E+06  


               X_U1.R_R24 <X_U1.R_NOISELESS> (T_Current -273.15 T_Measured 27)
                              X_U1.R_R32 <X_U1.R_NOISELESS> (T_Current -273.15 T_Measured 27)
                                             X_U1.R_R33 <X_U1.R_NOISELESS> (T_Current -273.15 T_Measured 27)

          R        1.000E+03      1.000E+03      1.000E+03  


               X_U1.R_R34 <X_U1.R_NOISELESS> (T_Current -273.15 T_Measured 27)
                              X_U1.R_R35 <X_U1.R_NOISELESS> (T_Current -273.15 T_Measured 27)
                                             X_U1.R_R36 <X_U1.R_NOISELESS> (T_Current -273.15 T_Measured 27)

          R        1.000E+04      1.000E+00      1.095E+04  


               X_U1.R_R43 <X_U1.R_NOISELESS> (T_Current -273.15 T_Measured 27)
                              X_U1.R_R46 <X_U1.R_NOISELESS> (T_Current -273.15 T_Measured 27)
                                             X_U1.R_R47 <X_U1.R_NOISELESS> (T_Current -273.15 T_Measured 27)

          R        1.000E+00      1.000E+00      1.000E-03  


               X_U1.R_R48 <X_U1.R_NOISELESS> (T_Current -273.15 T_Measured 27)
                              X_U1.R_R49 <X_U1.R_NOISELESS> (T_Current -273.15 T_Measured 27)
                                             X_U1.R_R5 <X_U1.R_NOISELESS> (T_Current -273.15 T_Measured 27)

          R        1.000E+06      1.000E+12      1.000E+00  


               X_U1.R_R50 <X_U1.R_NOISELESS> (T_Current -273.15 T_Measured 27)
                              X_U1.R_R51 <X_U1.R_NOISELESS> (T_Current -273.15 T_Measured 27)
                                             X_U1.R_R52 <X_U1.R_NOISELESS> (T_Current -273.15 T_Measured 27)

          R        1.000E+06      1.000E-03      1.000E+00  


               X_U1.R_R53 <X_U1.R_NOISELESS> (T_Current -273.15 T_Measured 27)
                              X_U1.R_R54 <X_U1.R_NOISELESS> (T_Current -273.15 T_Measured 27)
                                             X_U1.R_R55 <X_U1.R_NOISELESS> (T_Current -273.15 T_Measured 27)

          R        1.000E+12      1.000E+00      1.000E-03  


               X_U1.R_R56 <X_U1.R_NOISELESS> (T_Current -273.15 T_Measured 27)
                              X_U1.R_R57 <X_U1.R_NOISELESS> (T_Current -273.15 T_Measured 27)
                                             X_U1.R_R58 <X_U1.R_NOISELESS> (T_Current -273.15 T_Measured 27)

          R        1.000E+12      1.000E+00      1.000E-03  


               X_U1.R_R59 <X_U1.R_NOISELESS> (T_Current -273.15 T_Measured 27)
                              X_U1.R_R6 <X_U1.R_NOISELESS> (T_Current -273.15 T_Measured 27)
                                             X_U1.R_R60 <X_U1.R_NOISELESS> (T_Current -273.15 T_Measured 27)

          R        1.000E+12      1.000E+08      1.000E+00  


               X_U1.R_R61 <X_U1.R_NOISELESS> (T_Current -273.15 T_Measured 27)
                              X_U1.R_R62 <X_U1.R_NOISELESS> (T_Current -273.15 T_Measured 27)
                                             X_U1.R_R63 <X_U1.R_NOISELESS> (T_Current -273.15 T_Measured 27)

          R        1.000E-03      1.000E-03      1.000E+12  


               X_U1.R_R64 <X_U1.R_NOISELESS> (T_Current -273.15 T_Measured 27)
                              X_U1.R_R65 <X_U1.R_NOISELESS> (T_Current -273.15 T_Measured 27)
                                             X_U1.R_R66 <X_U1.R_NOISELESS> (T_Current -273.15 T_Measured 27)

          R        1.000E+00      1.000E+12      1.000E+00  


               X_U1.R_R67 <X_U1.R_NOISELESS> (T_Current -273.15 T_Measured 27)
                              X_U1.R_R68 <X_U1.R_NOISELESS> (T_Current -273.15 T_Measured 27)
                                             X_U1.R_R69 <X_U1.R_NOISELESS> (T_Current -273.15 T_Measured 27)

          R        1.000E-03      1.000E-03      1.000E+12  


               X_U1.R_R7 <X_U1.R_NOISELESS> (T_Current -273.15 T_Measured 27)
                              X_U1.R_R70 <X_U1.R_NOISELESS> (T_Current -273.15 T_Measured 27)
                                             X_U1.R_R71 <X_U1.R_NOISELESS> (T_Current -273.15 T_Measured 27)

          R        8.332E+00      1.000E+00      1.000E-03  


               X_U1.R_R72 <X_U1.R_NOISELESS> (T_Current -273.15 T_Measured 27)
                              X_U1.R_R73 <X_U1.R_NOISELESS> (T_Current -273.15 T_Measured 27)
                                             X_U1.R_R74 <X_U1.R_NOISELESS> (T_Current -273.15 T_Measured 27)

          R        1.000E+03      1.000E-03      1.000E+03  


               X_U1.R_R75 <X_U1.R_NOISELESS> (T_Current -273.15 T_Measured 27)
                              X_U1.R_R76 <X_U1.R_NOISELESS> (T_Current -273.15 T_Measured 27)
                                             X_U1.R_R77 <X_U1.R_NOISELESS> (T_Current -273.15 T_Measured 27)

          R        1.000E-03      1.000E+03      1.000E+03  


               X_U1.R_R78 <X_U1.R_NOISELESS> (T_Current -273.15 T_Measured 27)
                              X_U1.R_R79 <X_U1.R_NOISELESS> (T_Current -273.15 T_Measured 27)
                                             X_U1.R_R8 <X_U1.R_NOISELESS> (T_Current -273.15 T_Measured 27)

          R        1.000E+00      1.000E+00      1.000E+03  


               X_U1.R_R80 <X_U1.R_NOISELESS> (T_Current -273.15 T_Measured 27)
                              X_U1.R_R81 <X_U1.R_NOISELESS> (T_Current -273.15 T_Measured 27)
                                             X_U1.R_R82 <X_U1.R_NOISELESS> (T_Current -273.15 T_Measured 27)

          R        1.000E+02      1.000E+02      1.000E+00  


               X_U1.R_R83 <X_U1.R_NOISELESS> (T_Current -273.15 T_Measured 27)
                              X_U1.R_R9 <X_U1.R_NOISELESS> (T_Current -273.15 T_Measured 27)
                                             X_U1.R_RDUMMY <X_U1.R_NOISELESS> (T_Current -273.15 T_Measured 27)

          R        1.000E+02      1.000E+08      6.858E+03  


               X_U1.R_RS_INN <X_U1.R_NOISELESS> (T_Current -273.15 T_Measured 27)
                              X_U1.R_RS_INP <X_U1.R_NOISELESS> (T_Current -273.15 T_Measured 27)
                                             X_U1.R_RX <X_U1.R_NOISELESS> (T_Current -273.15 T_Measured 27)

          R        1.000E+03      1.000E+03      6.858E+04  


               X_U1.R_RX1 <X_U1.R_NOISELESS> (T_Current -273.15 T_Measured 27)
                              X_U1.R_RX2 <X_U1.R_NOISELESS> (T_Current -273.15 T_Measured 27)
                                             X_U1.R_RX3 <X_U1.R_NOISELESS> (T_Current -273.15 T_Measured 27)

          R        1.000E+12      1.000E+02      1.000E+12  


               X_U1.R_RX4 <X_U1.R_NOISELESS> (T_Current -273.15 T_Measured 27)
                              X_U1.R_R_COM0 <X_U1.R_NOISELESS> (T_Current -273.15 T_Measured 27)
                                             X_U1.R_R_COM1 <X_U1.R_NOISELESS> (T_Current -273.15 T_Measured 27)

          R        1.000E+02      1.000E+12      1.000E+12  


               X_U1.R_R_DIFF <X_U1.R_NOISELESS> (T_Current -273.15 T_Measured 27)
                              X_U73.R_R107 <X_U73.R_NOISELESS> (T_Current -273.15 T_Measured 27)
                                             X_U73.R_R108 <X_U73.R_NOISELESS> (T_Current -273.15 T_Measured 27)

          R        1.000E+08      1.000E+00      1.000E+12  


               X_U73.R_R109 <X_U73.R_NOISELESS> (T_Current -273.15 T_Measured 27)
                              X_U73.R_R110 <X_U73.R_NOISELESS> (T_Current -273.15 T_Measured 27)
                                             X_U73.R_R111 <X_U73.R_NOISELESS> (T_Current -273.15 T_Measured 27)

          R        1.000E+00      1.000E-03      1.000E+06  


               X_U73.R_R112 <X_U73.R_NOISELESS> (T_Current -273.15 T_Measured 27)
                              X_U73.R_R113 <X_U73.R_NOISELESS> (T_Current -273.15 T_Measured 27)
                                             X_U73.R_R136 <X_U73.R_NOISELESS> (T_Current -273.15 T_Measured 27)

          R        1.000E+06      1.000E-03      1.000E+00  


               X_U73.R_R169 <X_U73.R_NOISELESS> (T_Current -273.15 T_Measured 27)
                              X_U73.R_R1A1 <X_U73.R_NOISELESS> (T_Current -273.15 T_Measured 27)
                                             X_U73.R_R1A3 <X_U73.R_NOISELESS> (T_Current -273.15 T_Measured 27)

          R        2.900E+01      1.000E+04      1.000E+04  


               X_U73.R_R1A4 <X_U73.R_NOISELESS> (T_Current -273.15 T_Measured 27)
                              X_U73.R_R2 <X_U73.R_NOISELESS> (T_Current -273.15 T_Measured 27)
                                             X_U73.R_R21 <X_U73.R_NOISELESS> (T_Current -273.15 T_Measured 27)

          R        1.000E+04      1.000E-02      1.000E+03  


               X_U73.R_R25 <X_U73.R_NOISELESS> (T_Current -273.15 T_Measured 27)
                              X_U73.R_R26 <X_U73.R_NOISELESS> (T_Current -273.15 T_Measured 27)
                                             X_U73.R_R261 <X_U73.R_NOISELESS> (T_Current -273.15 T_Measured 27)

          R        1.000E+09      1.000E+09      1.000E+00  


               X_U73.R_R27 <X_U73.R_NOISELESS> (T_Current -273.15 T_Measured 27)
                              X_U73.R_R28 <X_U73.R_NOISELESS> (T_Current -273.15 T_Measured 27)
                                             X_U73.R_R29 <X_U73.R_NOISELESS> (T_Current -273.15 T_Measured 27)

          R        1.000E+00      1.000E-03      1.000E+03  


               X_U73.R_R2A1 <X_U73.R_NOISELESS> (T_Current -273.15 T_Measured 27)
                              X_U73.R_R2A4 <X_U73.R_NOISELESS> (T_Current -273.15 T_Measured 27)
                                             X_U73.R_R2A5 <X_U73.R_NOISELESS> (T_Current -273.15 T_Measured 27)

          R        1.700E+01      2.000E+01      1.200E+01  


               X_U73.R_R3 <X_U73.R_NOISELESS> (T_Current -273.15 T_Measured 27)
                              X_U73.R_R30 <X_U73.R_NOISELESS> (T_Current -273.15 T_Measured 27)
                                             X_U73.R_R31 <X_U73.R_NOISELESS> (T_Current -273.15 T_Measured 27)

          R        2.800E+05      1.000E-03      1.000E+03  


               X_U73.R_R32 <X_U73.R_NOISELESS> (T_Current -273.15 T_Measured 27)
                              X_U73.R_R33 <X_U73.R_NOISELESS> (T_Current -273.15 T_Measured 27)
                                             X_U73.R_R34 <X_U73.R_NOISELESS> (T_Current -273.15 T_Measured 27)

          R        1.000E+03      1.000E-03      1.000E+03  


               X_U73.R_R35 <X_U73.R_NOISELESS> (T_Current -273.15 T_Measured 27)
                              X_U73.R_R36 <X_U73.R_NOISELESS> (T_Current -273.15 T_Measured 27)
                                             X_U73.R_R363 <X_U73.R_NOISELESS> (T_Current -273.15 T_Measured 27)

          R        1.000E+09      1.000E+00      1.000E+00  


               X_U73.R_R364 <X_U73.R_NOISELESS> (T_Current -273.15 T_Measured 27)
                              X_U73.R_R37 <X_U73.R_NOISELESS> (T_Current -273.15 T_Measured 27)
                                             X_U73.R_R38 <X_U73.R_NOISELESS> (T_Current -273.15 T_Measured 27)

          R        1.000E+00      1.000E-03      1.000E-03  


               X_U73.R_R39 <X_U73.R_NOISELESS> (T_Current -273.15 T_Measured 27)
                              X_U73.R_R40 <X_U73.R_NOISELESS> (T_Current -273.15 T_Measured 27)
                                             X_U73.R_R5 <X_U73.R_NOISELESS> (T_Current -273.15 T_Measured 27)

          R        1.000E+00      1.000E+09      1.000E+00  


               X_U73.R_R60 <X_U73.R_NOISELESS> (T_Current -273.15 T_Measured 27)
                              X_U73.R_R8 <X_U73.R_NOISELESS> (T_Current -273.15 T_Measured 27)
                                             X_U73.R_R81 <X_U73.R_NOISELESS> (T_Current -273.15 T_Measured 27)

          R        3.700E+04      1.000E+03      1.000E+09  


               X_U73.R_R83 <X_U73.R_NOISELESS> (T_Current -273.15 T_Measured 27)
                              X_U73.R_R9 <X_U73.R_NOISELESS> (T_Current -273.15 T_Measured 27)
                                             X_U73.R_R_VIMON <X_U73.R_NOISELESS> (T_Current -273.15 T_Measured 27)

          R        1.000E+09      1.000E-03      1.000E+02  


               X_U73.R_R_VOUT_S <X_U73.R_NOISELESS> (T_Current -273.15 T_Measured 27)

          R        1.000E+02  



**** 04/05/25 22:08:30 *** PSpice 24.1.0 (26 February 2025) *** ID# 0 ********

 ** Profile: "SCHEMATIC1-asdfa"  [ c:\users\user\appdata\roaming\spb_data\cdssetup\workspace\projects\tiaopa695\TIAOPA695-PSpiceFiles


 ****     INITIAL TRANSIENT SOLUTION       TEMPERATURE =   27.000 DEG C

 ****     CURRENT STEP                     PARAM IVAR =    3.3300E-03


******************************************************************************



 NODE   VOLTAGE     NODE   VOLTAGE     NODE   VOLTAGE     NODE   VOLTAGE


(  VCC)    5.0000  (  VEE)   -5.0000  (N1113089)    3.8997                      

(N1113125)    3.9059                  (N1113485)    3.9010                      

(N1113565)    5.0000                  (N1113637)    1.9901                      

(N1113647)    3.9027                  (N1113661)    3.3016                      

(N1113879)   -5.0000                  (N1114737)     .0070                      

(N1114747)     .0070                  (N1114761)     .0168                      

(N1114963)     .0168                  (N1114991)-260.0E-06                      

(X_U1.MID)-423.5E-18                  (X_U1.V11)-4.676E-09                      

(X_U1.V12)     .6872                  (X_U76.ZO)    3.9059                      

(X_U1.ESDN)    2.3782                 (X_U1.ESDP)    2.9136                     

(X_U1.VCLP)    3.9562                 (X_U73.AOL)     .0168                     

(X_U73.MID)-211.8E-18                 (X_U76.MID)    2.5000                     

(X_U1.CLAMP)    6.6228                (X_U1.VCC_B)    5.0000                    

(X_U1.VEE_B)   -5.0000                (X_U1.VIMON)    9.5755                    

(X_U73.CMRR)-482.6E-09                (X_U76.CMRR)    2.5000                    

(X_U76.ESDN)    3.8997                (X_U76.ESDP)    3.9010                    

(X_U1.VOUT_S)    3.9027               (X_U1.VSENSE)    6.6228                   

(X_U1.X_U1.3)    0.0000               (X_U1.X_U1.4)    0.0000                   

(X_U1.X_U1.5)    0.0000               (X_U1.X_U1.6)    0.0000                   

(X_U1.X_U1.7)     .8338               (X_U1.X_U1.8)     .8338                   

(X_U73.CLAMP)     .0168               (X_U73.VCC_B)    5.0000                   

(X_U73.VEE_B)   -5.0000               (X_U73.VIMON)     .0198                   

(X_U76.CLAMP)    4.1283               (X_U76.PSRRN)    2.5002                   

(X_U76.PSRRP)    2.5001               (X_U76.VCC_B)    5.0000                   

(X_U76.VEE_B) 2.501E-06               (X_U76.VIMON)    2.5124                   

(X_U1.VCC_CLP)    3.9000              (X_U1.VEE_CLP)   -4.8260                  

(X_U1.X_U39.3)    0.0000              (X_U1.X_U39.4)    0.0000                  

(X_U1.X_U39.5)    0.0000              (X_U1.X_U39.6)    0.0000                  

(X_U1.X_U39.7)     .8338              (X_U1.X_U39.8)     .8338                  

(X_U1.X_U40.3)    0.0000              (X_U1.X_U40.4)    0.0000                  

(X_U1.X_U40.5)    0.0000              (X_U1.X_U40.6)    0.0000                  

(X_U1.X_U40.7)     .8338              (X_U1.X_U40.8)     .8338                  

(X_U73.AOLNET)    -.0168              (X_U73.N05102)     .0070                  

(X_U73.N06456)-260.0E-06              (X_U73.N10561)    -.0070                  

(X_U73.N10570)    -.0070              (X_U73.N11984)    -.0070                  

(X_U73.N25816)     .0070              (X_U73.N28602)   -3.3000                  

(X_U73.N30136)    3.3000              (X_U73.N30913)     .0070                  

(X_U73.N31014)     .0070              (X_U73.N35669)    4.1998                  

(X_U73.N35813)    4.1998              (X_U73.N38050)   -4.2000                  

(X_U73.N38096)   -4.2000              (X_U73.N42663)-211.8E-18                  

(X_U73.N42834)-211.8E-18              (X_U73.N44757)-211.8E-18                  

(X_U73.N44799)-211.8E-18              (X_U73.VOUT_S)     .0168                  

(X_U76.AOLNET)    2.4992              (X_U76.N06456)    3.9010                  

(X_U76.N10561)    3.9006              (X_U76.N10570)    3.9006                  

(X_U76.N11984)    3.9006              (X_U76.N11991)    3.8997                  

(X_U76.N25816)    3.9005              (X_U76.N28602)    1.1000                  

(X_U76.N30136)    4.6000              (X_U76.N30913)    3.9005                  

(X_U76.N31014)    3.9005              (X_U76.N35675)    4.2118                  

(X_U76.N35813)    4.2118              (X_U76.N38050)    1.0201                  

(X_U76.N38096)    1.0201              (X_U76.VOUT_S)    3.9059                  

(X_U76.X_U1.3)    0.0000              (X_U76.X_U1.4)    0.0000                  

(X_U76.X_U1.5)    0.0000              (X_U76.X_U1.6)    0.0000                  

(X_U76.X_U1.7)     .8338              (X_U76.X_U1.8)     .8338                  

(X_U1.CL_CLAMP)    3.9562             (X_U1.N2986935)    2.9136                 

(X_U1.N2986947) 291.4E-09             (X_U1.N2986949)    2.9136                 

(X_U1.N2986957)    2.9136             (X_U1.N2986973)-1.581E-06                 

(X_U1.N2986975) 1.581E-06             (X_U1.N2986977)    2.9136                 

(X_U1.N2986981)    2.9136             (X_U1.N2987013)    2.3782                 

(X_U1.N2987017)    3.0000             (X_U1.N2987029)   -3.0000                 

(X_U1.N2987037)    2.9136             (X_U1.N2987051)    2.9136                 

(X_U1.N2987061)   53.5400             (X_U1.N2987123)     .0027                 

(X_U1.N2987135)     .0027             (X_U1.N2987157)-423.5E-18                 

(X_U1.N2987159)-423.5E-18             (X_U1.N2987201)   35.0000                 

(X_U1.N2987203)-423.5E-18             (X_U1.N2987205)-423.5E-18                 

(X_U1.N2987225)-423.5E-18             (X_U1.N2987231)-423.5E-18                 

(X_U1.N2987243)  -35.0000             (X_U1.N2987295)   75.0000                 

(X_U1.N2987299)-423.5E-18             (X_U1.N2987301)-423.5E-18                 

(X_U1.N2987319)-423.5E-18             (X_U1.N2987325)-423.5E-18                 

(X_U1.N2987337)  -75.0000             (X_U1.N2987363)    6.6228                 

(X_U1.N2987391)    3.9000             (X_U1.N2987395)   -4.8260                 

(X_U1.N2987423)   -4.8260             (X_U1.N2987427)    3.9000                 

(X_U1.N2987487)-4.676E-09             (X_U1.N2987493)     .6872                 

(X_U1.N2987499)    1.0000             (X_U1.N2987541)    9.5755                 

(X_U1.N2987553)    3.9027             (X_U1.N2987623)    3.9027                 

(X_U1.N2987655)    1.9562             (X_U1.N2987675)    6.6134                 

(X_U1.N2987683)    1.9562             (X_U1.N2987687)    1.9562                 

(X_U1.N2987711)    6.6134             (X_U1.N2987719)    5.9262                 

(X_U1.N2987763)-423.5E-18             (X_U1.N2987785)    5.0000                 

(X_U1.N2987801)   -5.0000             (X_U1.N3108745)   16.5560                 

(X_U1.N3108755)    6.6244             (X_U1.N3108879)    6.6228                 

(X_U1.N3108917)    6.6244             (X_U1.N3108949)    6.6243                 

(X_U1.N3109015)    6.6243             (X_U1.N3116457)    3.9562                 

(X_U1.N3116503)  365.8100             (X_U1.N3116515)  365.8100                 

(X_U1.N3116609)  699.7200             (X_U1.N3116619)  260.5800                 

(X_U1.N3116655)  699.6500             (X_U1.N3116665)     .5315                 

(X_U1.N3116675)  699.7200             (X_U1.N3116685)  699.7200                 

(X_U1.N3116957)  699.6400             (X_U1.N3117239)  699.7200                 

(X_U1.N3126023)    3.4971             (X_U1.N3128929)   -4.7434                 

(X_U1.N3130349) 1.581E-06             (X_U1.N3130359)     .0048                 

(X_U1.N3202117)  699.7200             (X_U1.N3202127)  699.7200                 

(X_U1.N3202213)  699.7200             (X_U1.N3204124)  699.7200                 

(X_U1.N3204134)  699.7200             (X_U1.N3204220)  699.7200                 

(X_U1.N3205032)  699.7200             (X_U1.N3205042)  699.7200                 

(X_U1.N3205128)  699.7200             (X_U1.N3205956)  699.7200                 

(X_U1.N3205966)  699.7200             (X_U1.N3206052)  699.7200                 

(X_U1.N3206890)  699.7200             (X_U1.N3206900)  699.7200                 

(X_U1.N3206986)  699.7200             (X_U1.N3208573)  699.7200                 

(X_U1.N3208669)  699.7200             (X_U1.N3236810) 1.581E-09                 

(X_U1.N3236820) 1.581E-06             (X_U73.N110431)     .0198                 

(X_U73.N112292)     .0168             (X_U73.N317950)-211.8E-18                 

(X_U73.N406634)    5.0000             (X_U73.N406794)   -5.0000                 

(X_U73.N701935)-241.8E-06             (X_U73.N704979)   -6.4993                 

(X_U73.N705005)    -.0078             (X_U73.N709083)    3.6601                 

(X_U73.N709113)     .0062             (X_U73.N749288)    -.0070                 

(X_U73.VCC_CLP)    4.1998             (X_U73.VEE_CLP)   -4.2000                 

(X_U73.X_E_N.3)    0.0000             (X_U73.X_E_N.4)    0.0000                 

(X_U73.X_E_N.5)    0.0000             (X_U73.X_E_N.6)    0.0000                 

(X_U73.X_E_N.7)     .8338             (X_U73.X_E_N.8)     .8338                 

(X_U76.N110431)    2.5124             (X_U76.N112292)    3.9059                 

(X_U76.N317950)    2.5000             (X_U76.N406634)    5.0000                 

(X_U76.N406794) 2.504E-06             (X_U76.N749288)    3.9006                 

(X_U76.VCC_CLP)    4.2118             (X_U76.VEE_CLP)    1.0201                 

(X_U76.X_E_N.3)    0.0000             (X_U76.X_E_N.4)    0.0000                 

(X_U76.X_E_N.5)    0.0000             (X_U76.X_E_N.6)    0.0000                 

(X_U76.X_E_N.7)     .8338             (X_U76.X_E_N.8)     .8338                 

(X_U1.N32898091)  699.7200            (X_U73.N1327152)     .0070                

(X_U73.X_I_NP.3)    0.0000            (X_U73.X_I_NP.4)    0.0000                

(X_U73.X_I_NP.5)    0.0000            (X_U73.X_I_NP.6)    0.0000                

(X_U73.X_I_NP.7)     .8338            (X_U73.X_I_NP.8)     .8338                

(X_U76.N1254860)   17.9820            (X_U76.N1446199)    4.0758                

(X_U76.N1446217)    4.0758            (X_U76.N1461236)    2.3361                

(X_U76.N1461246)    2.5000            (X_U76.N1461252)    2.5046                

(X_U76.N1481243)     .7102            (X_U76.N1481253)    2.4999                

(X_U76.N1481259)    2.5005            (X_U76.N1483677)    6.4446                

(X_U76.N1483687)    2.5002            (X_U76.N1483693)    2.4954                

(X_U76.N1483703)    2.4998            (X_U76.N1483713)    2.5046                

(X_U76.N1490067)    2.5001            (X_U76.N1492098)    2.7548                

(X_U76.N1492108)    2.6699            (X_U76.N1492118)    2.6699                

(X_U76.N1492126)    2.6699            (X_U76.N1492376)    2.6699                

(X_U76.N1534615)    6.8373            (X_U76.N1534625)    2.6519                

(X_U76.N1534635)    2.6519            (X_U76.N1534645)    2.6519                

(X_U76.N1534887)    2.6519            (X_U76.N1541593)    6.3796                

(X_U76.N1541603)    2.6359            (X_U1.CLAW_CLAMP)    3.9562               

(X_U73.X_I_NP2.3)    0.0000           (X_U73.X_I_NP2.4)    0.0000               

(X_U73.X_I_NP2.5)    0.0000           (X_U73.X_I_NP2.6)    0.0000               

(X_U73.X_I_NP2.7)     .8338           (X_U73.X_I_NP2.8)     .8338               

(X_U76.X_I_NP1.3)    0.0000           (X_U76.X_I_NP1.4)    0.0000               

(X_U76.X_I_NP1.5)    0.0000           (X_U76.X_I_NP1.6)    0.0000               

(X_U76.X_I_NP1.7)     .8338           (X_U76.X_I_NP1.8)     .8338               

(X_U1.SW_OL_OPAx277)    1.0000        (X_U73.X_VOS_VS_VCM.1)    -.0070          

(X_U76.X_VOS_VS_VCM.1)    3.9006      




    VOLTAGE SOURCE CURRENTS
    NAME         CURRENT

    V_V2        -1.369E-02
    V_V6        -4.612E-04
    V_V5        -8.492E-04
    V_V1        -4.081E-02
    X_U76.V_VCM_MAX  -2.100E-09
    X_U76.V_VCM_MIN   1.400E-09
    X_U1.V_VCM_MAX  -3.001E-12
    X_U1.V_VCM_MIN   3.001E-12
    X_U1.V_V_GRN   7.500E-11
    X_U1.V_V_GRP  -7.500E-11
    X_U1.V_V_ISCN   3.500E-11
    X_U1.V_V_ISCP  -3.500E-11
    X_U1.V_V_ORN   0.000E+00
    X_U1.V_V_ORP   0.000E+00
    X_U73.V_VCM_MAX  -3.300E-09
    X_U73.V_VCM_MIN   3.300E-09
    X_U76.X_H3.VH_H3  -1.245E-05
    X_U76.X_VOS_VS_VCM.V1   4.097E-13
    X_U1.X_H1.VH_H1   9.576E-03
    X_U1.X_H2.VH_H2   6.872E-01
    X_U1.X_H3.VH_H3   4.676E-09
    X_U73.X_H3.VH_H3  -1.980E-05
    X_U73.X_VOS_VS_VCM.V1  -9.661E-17

    TOTAL POWER DISSIPATION   2.79E-01  WATTS


Model-Specific Temperatures During Sweep  Param value = 0.00363

 **** RESISTORS

               X_U76.R_R1 <X_U76.R_NOISELESS> (T_Current -273.15 T_Measured 27)
                              X_U76.R_R10 <X_U76.R_NOISELESS> (T_Current -273.15 T_Measured 27)
                                             X_U76.R_R107 <X_U76.R_NOISELESS> (T_Current -273.15 T_Measured 27)

          R        1.000E-02      1.000E-03      1.000E+00  


               X_U76.R_R108 <X_U76.R_NOISELESS> (T_Current -273.15 T_Measured 27)
                              X_U76.R_R109 <X_U76.R_NOISELESS> (T_Current -273.15 T_Measured 27)
                                             X_U76.R_R110 <X_U76.R_NOISELESS> (T_Current -273.15 T_Measured 27)

          R        1.000E+12      1.000E+00      1.000E-03  


               X_U76.R_R111 <X_U76.R_NOISELESS> (T_Current -273.15 T_Measured 27)
                              X_U76.R_R112 <X_U76.R_NOISELESS> (T_Current -273.15 T_Measured 27)
                                             X_U76.R_R113 <X_U76.R_NOISELESS> (T_Current -273.15 T_Measured 27)

          R        1.000E+06      1.000E+06      1.000E-03  


               X_U76.R_R146 <X_U76.R_NOISELESS> (T_Current -273.15 T_Measured 27)
                              X_U76.R_R147 <X_U76.R_NOISELESS> (T_Current -273.15 T_Measured 27)
                                             X_U76.R_R148 <X_U76.R_NOISELESS> (T_Current -273.15 T_Measured 27)

          R        1.000E+00      1.000E+00      1.000E+00  


               X_U76.R_R162 <X_U76.R_NOISELESS> (T_Current -273.15 T_Measured 27)
                              X_U76.R_R1A <X_U76.R_NOISELESS> (T_Current -273.15 T_Measured 27)
                                             X_U76.R_R1A1 <X_U76.R_NOISELESS> (T_Current -273.15 T_Measured 27)

          R        5.000E+03      1.000E+04      3.000E+01  


               X_U76.R_R1A14 <X_U76.R_NOISELESS> (T_Current -273.15 T_Measured 27)
                              X_U76.R_R1A15 <X_U76.R_NOISELESS> (T_Current -273.15 T_Measured 27)
                                             X_U76.R_R1A16 <X_U76.R_NOISELESS> (T_Current -273.15 T_Measured 27)

          R        1.000E+04      1.000E+04      2.800E+00  


               X_U76.R_R1A17 <X_U76.R_NOISELESS> (T_Current -273.15 T_Measured 27)
                              X_U76.R_R1A18 <X_U76.R_NOISELESS> (T_Current -273.15 T_Measured 27)
                                             X_U76.R_R1A40 <X_U76.R_NOISELESS> (T_Current -273.15 T_Measured 27)

          R        1.000E+04      1.000E+04      1.000E+04  


               X_U76.R_R1A41 <X_U76.R_NOISELESS> (T_Current -273.15 T_Measured 27)
                              X_U76.R_R1A42 <X_U76.R_NOISELESS> (T_Current -273.15 T_Measured 27)
                                             X_U76.R_R1A43 <X_U76.R_NOISELESS> (T_Current -273.15 T_Measured 27)

          R        7.000E+00      1.000E+04      3.000E+01  


               X_U76.R_R1A44 <X_U76.R_NOISELESS> (T_Current -273.15 T_Measured 27)
                              X_U76.R_R1A45 <X_U76.R_NOISELESS> (T_Current -273.15 T_Measured 27)
                                             X_U76.R_R2 <X_U76.R_NOISELESS> (T_Current -273.15 T_Measured 27)

          R        1.000E+01      1.000E+01      1.000E-02  


               X_U76.R_R21 <X_U76.R_NOISELESS> (T_Current -273.15 T_Measured 27)
                              X_U76.R_R211 <X_U76.R_NOISELESS> (T_Current -273.15 T_Measured 27)
                                             X_U76.R_R225 <X_U76.R_NOISELESS> (T_Current -273.15 T_Measured 27)

          R        1.000E+03      1.000E+00      1.000E+00  


               X_U76.R_R226 <X_U76.R_NOISELESS> (T_Current -273.15 T_Measured 27)
                              X_U76.R_R245 <X_U76.R_NOISELESS> (T_Current -273.15 T_Measured 27)
                                             X_U76.R_R246 <X_U76.R_NOISELESS> (T_Current -273.15 T_Measured 27)

          R        3.000E+01      4.500E+03      1.000E+00  


               X_U76.R_R247 <X_U76.R_NOISELESS> (T_Current -273.15 T_Measured 27)
                              X_U76.R_R248 <X_U76.R_NOISELESS> (T_Current -273.15 T_Measured 27)
                                             X_U76.R_R249 <X_U76.R_NOISELESS> (T_Current -273.15 T_Measured 27)

          R        1.000E+00      1.000E+00      1.000E+00  


               X_U76.R_R25 <X_U76.R_NOISELESS> (T_Current -273.15 T_Measured 27)
                              X_U76.R_R250 <X_U76.R_NOISELESS> (T_Current -273.15 T_Measured 27)
                                             X_U76.R_R251 <X_U76.R_NOISELESS> (T_Current -273.15 T_Measured 27)

          R        1.000E+09      1.000E+00      1.000E+00  


               X_U76.R_R252 <X_U76.R_NOISELESS> (T_Current -273.15 T_Measured 27)
                              X_U76.R_R253 <X_U76.R_NOISELESS> (T_Current -273.15 T_Measured 27)
                                             X_U76.R_R26 <X_U76.R_NOISELESS> (T_Current -273.15 T_Measured 27)

          R        1.000E+00      1.000E+00      1.000E+09  


               X_U76.R_R27 <X_U76.R_NOISELESS> (T_Current -273.15 T_Measured 27)
                              X_U76.R_R28 <X_U76.R_NOISELESS> (T_Current -273.15 T_Measured 27)
                                             X_U76.R_R29 <X_U76.R_NOISELESS> (T_Current -273.15 T_Measured 27)

          R        1.000E+00      1.000E-03      1.000E+03  


               X_U76.R_R2A <X_U76.R_NOISELESS> (T_Current -273.15 T_Measured 27)
                              X_U76.R_R2A1 <X_U76.R_NOISELESS> (T_Current -273.15 T_Measured 27)
                                             X_U76.R_R2A16 <X_U76.R_NOISELESS> (T_Current -273.15 T_Measured 27)

          R        2.000E+04      1.000E+01      5.420E-01  


               X_U76.R_R2A17 <X_U76.R_NOISELESS> (T_Current -273.15 T_Measured 27)
                              X_U76.R_R2A18 <X_U76.R_NOISELESS> (T_Current -273.15 T_Measured 27)
                                             X_U76.R_R2A36 <X_U76.R_NOISELESS> (T_Current -273.15 T_Measured 27)

          R        4.822E+02      4.822E+02      8.500E-01  


               X_U76.R_R2A37 <X_U76.R_NOISELESS> (T_Current -273.15 T_Measured 27)
                              X_U76.R_R2A40 <X_U76.R_NOISELESS> (T_Current -273.15 T_Measured 27)
                                             X_U76.R_R2A41 <X_U76.R_NOISELESS> (T_Current -273.15 T_Measured 27)

          R        3.010E+01      7.000E-01      1.000E+01  


               X_U76.R_R2A42 <X_U76.R_NOISELESS> (T_Current -273.15 T_Measured 27)
                              X_U76.R_R2A43 <X_U76.R_NOISELESS> (T_Current -273.15 T_Measured 27)
                                             X_U76.R_R3 <X_U76.R_NOISELESS> (T_Current -273.15 T_Measured 27)

          R        3.630E-01      3.630E-01      2.300E+06  


               X_U76.R_R30 <X_U76.R_NOISELESS> (T_Current -273.15 T_Measured 27)
                              X_U76.R_R31 <X_U76.R_NOISELESS> (T_Current -273.15 T_Measured 27)
                                             X_U76.R_R32 <X_U76.R_NOISELESS> (T_Current -273.15 T_Measured 27)

          R        1.000E-03      1.000E+03      1.000E+03  


               X_U76.R_R33 <X_U76.R_NOISELESS> (T_Current -273.15 T_Measured 27)
                              X_U76.R_R34 <X_U76.R_NOISELESS> (T_Current -273.15 T_Measured 27)
                                             X_U76.R_R4 <X_U76.R_NOISELESS> (T_Current -273.15 T_Measured 27)

          R        1.000E-03      1.000E+03      2.300E+06  


               X_U76.R_R6 <X_U76.R_NOISELESS> (T_Current -273.15 T_Measured 27)
                              X_U76.R_R60 <X_U76.R_NOISELESS> (T_Current -273.15 T_Measured 27)
                                             X_U76.R_R8 <X_U76.R_NOISELESS> (T_Current -273.15 T_Measured 27)

          R        1.000E+00      1.000E+00      1.000E+03  


               X_U76.R_R81 <X_U76.R_NOISELESS> (T_Current -273.15 T_Measured 27)
                              X_U76.R_R83 <X_U76.R_NOISELESS> (T_Current -273.15 T_Measured 27)
                                             X_U76.R_R9 <X_U76.R_NOISELESS> (T_Current -273.15 T_Measured 27)

          R        1.000E+09      1.000E+09      1.000E-03  


               X_U76.R_RDUMMY <X_U76.R_NOISELESS> (T_Current -273.15 T_Measured 27)
                              X_U76.R_RX <X_U76.R_NOISELESS> (T_Current -273.15 T_Measured 27)
                                             X_U76.R_R_VIMON <X_U76.R_NOISELESS> (T_Current -273.15 T_Measured 27)

          R        1.400E+02      1.400E+03      1.000E+02  


               X_U76.R_R_VOUT_S <X_U76.R_NOISELESS> (T_Current -273.15 T_Measured 27)
                              X_U1.R_R10 <X_U1.R_NOISELESS> (T_Current -273.15 T_Measured 27)
                                             X_U1.R_R11 <X_U1.R_NOISELESS> (T_Current -273.15 T_Measured 27)

          R        1.000E+02      1.000E+00      3.333E+01  


               X_U1.R_R12 <X_U1.R_NOISELESS> (T_Current -273.15 T_Measured 27)
                              X_U1.R_R13 <X_U1.R_NOISELESS> (T_Current -273.15 T_Measured 27)
                                             X_U1.R_R139 <X_U1.R_NOISELESS> (T_Current -273.15 T_Measured 27)

          R        1.000E+08      1.000E+00      1.057E+04  


               X_U1.R_R14 <X_U1.R_NOISELESS> (T_Current -273.15 T_Measured 27)
                              X_U1.R_R140 <X_U1.R_NOISELESS> (T_Current -273.15 T_Measured 27)
                                             X_U1.R_R141 <X_U1.R_NOISELESS> (T_Current -273.15 T_Measured 27)

          R        3.287E+04      1.000E+04      1.000E+00  


               X_U1.R_R142 <X_U1.R_NOISELESS> (T_Current -273.15 T_Measured 27)
                              X_U1.R_R143 <X_U1.R_NOISELESS> (T_Current -273.15 T_Measured 27)
                                             X_U1.R_R144 <X_U1.R_NOISELESS> (T_Current -273.15 T_Measured 27)

          R        1.000E+04      1.000E+00      7.603E+00  


               X_U1.R_R15 <X_U1.R_NOISELESS> (T_Current -273.15 T_Measured 27)
                              X_U1.R_R158 <X_U1.R_NOISELESS> (T_Current -273.15 T_Measured 27)
                                             X_U1.R_R159 <X_U1.R_NOISELESS> (T_Current -273.15 T_Measured 27)

          R        1.000E-03      1.000E+04      1.000E+00  


               X_U1.R_R16 <X_U1.R_NOISELESS> (T_Current -273.15 T_Measured 27)
                              X_U1.R_R160 <X_U1.R_NOISELESS> (T_Current -273.15 T_Measured 27)
                                             X_U1.R_R161 <X_U1.R_NOISELESS> (T_Current -273.15 T_Measured 27)

          R        1.000E+03      6.670E+03      1.000E+06  


               X_U1.R_R162 <X_U1.R_NOISELESS> (T_Current -273.15 T_Measured 27)
                              X_U1.R_R166 <X_U1.R_NOISELESS> (T_Current -273.15 T_Measured 27)
                                             X_U1.R_R167 <X_U1.R_NOISELESS> (T_Current -273.15 T_Measured 27)

          R        1.000E+06      1.000E+06      1.000E+02  


               X_U1.R_R168 <X_U1.R_NOISELESS> (T_Current -273.15 T_Measured 27)
                              X_U1.R_R169 <X_U1.R_NOISELESS> (T_Current -273.15 T_Measured 27)
                                             X_U1.R_R17 <X_U1.R_NOISELESS> (T_Current -273.15 T_Measured 27)

          R        1.000E+04      1.000E+00      1.000E-03  


               X_U1.R_R170 <X_U1.R_NOISELESS> (T_Current -273.15 T_Measured 27)
                              X_U1.R_R171 <X_U1.R_NOISELESS> (T_Current -273.15 T_Measured 27)
                                             X_U1.R_R172 <X_U1.R_NOISELESS> (T_Current -273.15 T_Measured 27)

          R        5.934E+03      1.000E+06      9.869E+04  


               X_U1.R_R173 <X_U1.R_NOISELESS> (T_Current -273.15 T_Measured 27)
                              X_U1.R_R174 <X_U1.R_NOISELESS> (T_Current -273.15 T_Measured 27)
                                             X_U1.R_R175 <X_U1.R_NOISELESS> (T_Current -273.15 T_Measured 27)

          R        1.000E+04      1.000E+00      5.157E+04  


               X_U1.R_R176 <X_U1.R_NOISELESS> (T_Current -273.15 T_Measured 27)
                              X_U1.R_R177 <X_U1.R_NOISELESS> (T_Current -273.15 T_Measured 27)
                                             X_U1.R_R178 <X_U1.R_NOISELESS> (T_Current -273.15 T_Measured 27)

          R        1.000E+04      1.000E+00      9.484E+03  


               X_U1.R_R179 <X_U1.R_NOISELESS> (T_Current -273.15 T_Measured 27)
                              X_U1.R_R18 <X_U1.R_NOISELESS> (T_Current -273.15 T_Measured 27)
                                             X_U1.R_R180 <X_U1.R_NOISELESS> (T_Current -273.15 T_Measured 27)

          R        1.000E+04      1.000E+12      1.000E+00  


               X_U1.R_R181 <X_U1.R_NOISELESS> (T_Current -273.15 T_Measured 27)
                              X_U1.R_R182 <X_U1.R_NOISELESS> (T_Current -273.15 T_Measured 27)
                                             X_U1.R_R183 <X_U1.R_NOISELESS> (T_Current -273.15 T_Measured 27)

          R        9.500E+03      1.000E+04      1.000E+00  


               X_U1.R_R184 <X_U1.R_NOISELESS> (T_Current -273.15 T_Measured 27)
                              X_U1.R_R185 <X_U1.R_NOISELESS> (T_Current -273.15 T_Measured 27)
                                             X_U1.R_R186 <X_U1.R_NOISELESS> (T_Current -273.15 T_Measured 27)

          R        5.875E+03      1.000E+04      1.000E+00  


               X_U1.R_R187 <X_U1.R_NOISELESS> (T_Current -273.15 T_Measured 27)
                              X_U1.R_R188 <X_U1.R_NOISELESS> (T_Current -273.15 T_Measured 27)
                                             X_U1.R_R189 <X_U1.R_NOISELESS> (T_Current -273.15 T_Measured 27)

          R        3.086E+03      1.000E+04      1.000E+00  


               X_U1.R_R19 <X_U1.R_NOISELESS> (T_Current -273.15 T_Measured 27)
                              X_U1.R_R190 <X_U1.R_NOISELESS> (T_Current -273.15 T_Measured 27)
                                             X_U1.R_R191 <X_U1.R_NOISELESS> (T_Current -273.15 T_Measured 27)

          R        1.000E+12      1.000E+04      1.001E+01  


               X_U1.R_R192 <X_U1.R_NOISELESS> (T_Current -273.15 T_Measured 27)
                              X_U1.R_R193 <X_U1.R_NOISELESS> (T_Current -273.15 T_Measured 27)
                                             X_U1.R_R20 <X_U1.R_NOISELESS> (T_Current -273.15 T_Measured 27)

          R        1.000E+00      1.000E+00      1.000E+00  


               X_U1.R_R21 <X_U1.R_NOISELESS> (T_Current -273.15 T_Measured 27)
                              X_U1.R_R22 <X_U1.R_NOISELESS> (T_Current -273.15 T_Measured 27)
                                             X_U1.R_R23 <X_U1.R_NOISELESS> (T_Current -273.15 T_Measured 27)

          R        1.000E-03      1.000E+06      1.000E+06  


               X_U1.R_R24 <X_U1.R_NOISELESS> (T_Current -273.15 T_Measured 27)
                              X_U1.R_R32 <X_U1.R_NOISELESS> (T_Current -273.15 T_Measured 27)
                                             X_U1.R_R33 <X_U1.R_NOISELESS> (T_Current -273.15 T_Measured 27)

          R        1.000E+03      1.000E+03      1.000E+03  


               X_U1.R_R34 <X_U1.R_NOISELESS> (T_Current -273.15 T_Measured 27)
                              X_U1.R_R35 <X_U1.R_NOISELESS> (T_Current -273.15 T_Measured 27)
                                             X_U1.R_R36 <X_U1.R_NOISELESS> (T_Current -273.15 T_Measured 27)

          R        1.000E+04      1.000E+00      1.095E+04  


               X_U1.R_R43 <X_U1.R_NOISELESS> (T_Current -273.15 T_Measured 27)
                              X_U1.R_R46 <X_U1.R_NOISELESS> (T_Current -273.15 T_Measured 27)
                                             X_U1.R_R47 <X_U1.R_NOISELESS> (T_Current -273.15 T_Measured 27)

          R        1.000E+00      1.000E+00      1.000E-03  


               X_U1.R_R48 <X_U1.R_NOISELESS> (T_Current -273.15 T_Measured 27)
                              X_U1.R_R49 <X_U1.R_NOISELESS> (T_Current -273.15 T_Measured 27)
                                             X_U1.R_R5 <X_U1.R_NOISELESS> (T_Current -273.15 T_Measured 27)

          R        1.000E+06      1.000E+12      1.000E+00  


               X_U1.R_R50 <X_U1.R_NOISELESS> (T_Current -273.15 T_Measured 27)
                              X_U1.R_R51 <X_U1.R_NOISELESS> (T_Current -273.15 T_Measured 27)
                                             X_U1.R_R52 <X_U1.R_NOISELESS> (T_Current -273.15 T_Measured 27)

          R        1.000E+06      1.000E-03      1.000E+00  


               X_U1.R_R53 <X_U1.R_NOISELESS> (T_Current -273.15 T_Measured 27)
                              X_U1.R_R54 <X_U1.R_NOISELESS> (T_Current -273.15 T_Measured 27)
                                             X_U1.R_R55 <X_U1.R_NOISELESS> (T_Current -273.15 T_Measured 27)

          R        1.000E+12      1.000E+00      1.000E-03  


               X_U1.R_R56 <X_U1.R_NOISELESS> (T_Current -273.15 T_Measured 27)
                              X_U1.R_R57 <X_U1.R_NOISELESS> (T_Current -273.15 T_Measured 27)
                                             X_U1.R_R58 <X_U1.R_NOISELESS> (T_Current -273.15 T_Measured 27)

          R        1.000E+12      1.000E+00      1.000E-03  


               X_U1.R_R59 <X_U1.R_NOISELESS> (T_Current -273.15 T_Measured 27)
                              X_U1.R_R6 <X_U1.R_NOISELESS> (T_Current -273.15 T_Measured 27)
                                             X_U1.R_R60 <X_U1.R_NOISELESS> (T_Current -273.15 T_Measured 27)

          R        1.000E+12      1.000E+08      1.000E+00  


               X_U1.R_R61 <X_U1.R_NOISELESS> (T_Current -273.15 T_Measured 27)
                              X_U1.R_R62 <X_U1.R_NOISELESS> (T_Current -273.15 T_Measured 27)
                                             X_U1.R_R63 <X_U1.R_NOISELESS> (T_Current -273.15 T_Measured 27)

          R        1.000E-03      1.000E-03      1.000E+12  


               X_U1.R_R64 <X_U1.R_NOISELESS> (T_Current -273.15 T_Measured 27)
                              X_U1.R_R65 <X_U1.R_NOISELESS> (T_Current -273.15 T_Measured 27)
                                             X_U1.R_R66 <X_U1.R_NOISELESS> (T_Current -273.15 T_Measured 27)

          R        1.000E+00      1.000E+12      1.000E+00  


               X_U1.R_R67 <X_U1.R_NOISELESS> (T_Current -273.15 T_Measured 27)
                              X_U1.R_R68 <X_U1.R_NOISELESS> (T_Current -273.15 T_Measured 27)
                                             X_U1.R_R69 <X_U1.R_NOISELESS> (T_Current -273.15 T_Measured 27)

          R        1.000E-03      1.000E-03      1.000E+12  


               X_U1.R_R7 <X_U1.R_NOISELESS> (T_Current -273.15 T_Measured 27)
                              X_U1.R_R70 <X_U1.R_NOISELESS> (T_Current -273.15 T_Measured 27)
                                             X_U1.R_R71 <X_U1.R_NOISELESS> (T_Current -273.15 T_Measured 27)

          R        8.332E+00      1.000E+00      1.000E-03  


               X_U1.R_R72 <X_U1.R_NOISELESS> (T_Current -273.15 T_Measured 27)
                              X_U1.R_R73 <X_U1.R_NOISELESS> (T_Current -273.15 T_Measured 27)
                                             X_U1.R_R74 <X_U1.R_NOISELESS> (T_Current -273.15 T_Measured 27)

          R        1.000E+03      1.000E-03      1.000E+03  


               X_U1.R_R75 <X_U1.R_NOISELESS> (T_Current -273.15 T_Measured 27)
                              X_U1.R_R76 <X_U1.R_NOISELESS> (T_Current -273.15 T_Measured 27)
                                             X_U1.R_R77 <X_U1.R_NOISELESS> (T_Current -273.15 T_Measured 27)

          R        1.000E-03      1.000E+03      1.000E+03  


               X_U1.R_R78 <X_U1.R_NOISELESS> (T_Current -273.15 T_Measured 27)
                              X_U1.R_R79 <X_U1.R_NOISELESS> (T_Current -273.15 T_Measured 27)
                                             X_U1.R_R8 <X_U1.R_NOISELESS> (T_Current -273.15 T_Measured 27)

          R        1.000E+00      1.000E+00      1.000E+03  


               X_U1.R_R80 <X_U1.R_NOISELESS> (T_Current -273.15 T_Measured 27)
                              X_U1.R_R81 <X_U1.R_NOISELESS> (T_Current -273.15 T_Measured 27)
                                             X_U1.R_R82 <X_U1.R_NOISELESS> (T_Current -273.15 T_Measured 27)

          R        1.000E+02      1.000E+02      1.000E+00  


               X_U1.R_R83 <X_U1.R_NOISELESS> (T_Current -273.15 T_Measured 27)
                              X_U1.R_R9 <X_U1.R_NOISELESS> (T_Current -273.15 T_Measured 27)
                                             X_U1.R_RDUMMY <X_U1.R_NOISELESS> (T_Current -273.15 T_Measured 27)

          R        1.000E+02      1.000E+08      6.858E+03  


               X_U1.R_RS_INN <X_U1.R_NOISELESS> (T_Current -273.15 T_Measured 27)
                              X_U1.R_RS_INP <X_U1.R_NOISELESS> (T_Current -273.15 T_Measured 27)
                                             X_U1.R_RX <X_U1.R_NOISELESS> (T_Current -273.15 T_Measured 27)

          R        1.000E+03      1.000E+03      6.858E+04  


               X_U1.R_RX1 <X_U1.R_NOISELESS> (T_Current -273.15 T_Measured 27)
                              X_U1.R_RX2 <X_U1.R_NOISELESS> (T_Current -273.15 T_Measured 27)
                                             X_U1.R_RX3 <X_U1.R_NOISELESS> (T_Current -273.15 T_Measured 27)

          R        1.000E+12      1.000E+02      1.000E+12  


               X_U1.R_RX4 <X_U1.R_NOISELESS> (T_Current -273.15 T_Measured 27)
                              X_U1.R_R_COM0 <X_U1.R_NOISELESS> (T_Current -273.15 T_Measured 27)
                                             X_U1.R_R_COM1 <X_U1.R_NOISELESS> (T_Current -273.15 T_Measured 27)

          R        1.000E+02      1.000E+12      1.000E+12  


               X_U1.R_R_DIFF <X_U1.R_NOISELESS> (T_Current -273.15 T_Measured 27)
                              X_U73.R_R107 <X_U73.R_NOISELESS> (T_Current -273.15 T_Measured 27)
                                             X_U73.R_R108 <X_U73.R_NOISELESS> (T_Current -273.15 T_Measured 27)

          R        1.000E+08      1.000E+00      1.000E+12  


               X_U73.R_R109 <X_U73.R_NOISELESS> (T_Current -273.15 T_Measured 27)
                              X_U73.R_R110 <X_U73.R_NOISELESS> (T_Current -273.15 T_Measured 27)
                                             X_U73.R_R111 <X_U73.R_NOISELESS> (T_Current -273.15 T_Measured 27)

          R        1.000E+00      1.000E-03      1.000E+06  


               X_U73.R_R112 <X_U73.R_NOISELESS> (T_Current -273.15 T_Measured 27)
                              X_U73.R_R113 <X_U73.R_NOISELESS> (T_Current -273.15 T_Measured 27)
                                             X_U73.R_R136 <X_U73.R_NOISELESS> (T_Current -273.15 T_Measured 27)

          R        1.000E+06      1.000E-03      1.000E+00  


               X_U73.R_R169 <X_U73.R_NOISELESS> (T_Current -273.15 T_Measured 27)
                              X_U73.R_R1A1 <X_U73.R_NOISELESS> (T_Current -273.15 T_Measured 27)
                                             X_U73.R_R1A3 <X_U73.R_NOISELESS> (T_Current -273.15 T_Measured 27)

          R        2.900E+01      1.000E+04      1.000E+04  


               X_U73.R_R1A4 <X_U73.R_NOISELESS> (T_Current -273.15 T_Measured 27)
                              X_U73.R_R2 <X_U73.R_NOISELESS> (T_Current -273.15 T_Measured 27)
                                             X_U73.R_R21 <X_U73.R_NOISELESS> (T_Current -273.15 T_Measured 27)

          R        1.000E+04      1.000E-02      1.000E+03  


               X_U73.R_R25 <X_U73.R_NOISELESS> (T_Current -273.15 T_Measured 27)
                              X_U73.R_R26 <X_U73.R_NOISELESS> (T_Current -273.15 T_Measured 27)
                                             X_U73.R_R261 <X_U73.R_NOISELESS> (T_Current -273.15 T_Measured 27)

          R        1.000E+09      1.000E+09      1.000E+00  


               X_U73.R_R27 <X_U73.R_NOISELESS> (T_Current -273.15 T_Measured 27)
                              X_U73.R_R28 <X_U73.R_NOISELESS> (T_Current -273.15 T_Measured 27)
                                             X_U73.R_R29 <X_U73.R_NOISELESS> (T_Current -273.15 T_Measured 27)

          R        1.000E+00      1.000E-03      1.000E+03  


               X_U73.R_R2A1 <X_U73.R_NOISELESS> (T_Current -273.15 T_Measured 27)
                              X_U73.R_R2A4 <X_U73.R_NOISELESS> (T_Current -273.15 T_Measured 27)
                                             X_U73.R_R2A5 <X_U73.R_NOISELESS> (T_Current -273.15 T_Measured 27)

          R        1.700E+01      2.000E+01      1.200E+01  


               X_U73.R_R3 <X_U73.R_NOISELESS> (T_Current -273.15 T_Measured 27)
                              X_U73.R_R30 <X_U73.R_NOISELESS> (T_Current -273.15 T_Measured 27)
                                             X_U73.R_R31 <X_U73.R_NOISELESS> (T_Current -273.15 T_Measured 27)

          R        2.800E+05      1.000E-03      1.000E+03  


               X_U73.R_R32 <X_U73.R_NOISELESS> (T_Current -273.15 T_Measured 27)
                              X_U73.R_R33 <X_U73.R_NOISELESS> (T_Current -273.15 T_Measured 27)
                                             X_U73.R_R34 <X_U73.R_NOISELESS> (T_Current -273.15 T_Measured 27)

          R        1.000E+03      1.000E-03      1.000E+03  


               X_U73.R_R35 <X_U73.R_NOISELESS> (T_Current -273.15 T_Measured 27)
                              X_U73.R_R36 <X_U73.R_NOISELESS> (T_Current -273.15 T_Measured 27)
                                             X_U73.R_R363 <X_U73.R_NOISELESS> (T_Current -273.15 T_Measured 27)

          R        1.000E+09      1.000E+00      1.000E+00  


               X_U73.R_R364 <X_U73.R_NOISELESS> (T_Current -273.15 T_Measured 27)
                              X_U73.R_R37 <X_U73.R_NOISELESS> (T_Current -273.15 T_Measured 27)
                                             X_U73.R_R38 <X_U73.R_NOISELESS> (T_Current -273.15 T_Measured 27)

          R        1.000E+00      1.000E-03      1.000E-03  


               X_U73.R_R39 <X_U73.R_NOISELESS> (T_Current -273.15 T_Measured 27)
                              X_U73.R_R40 <X_U73.R_NOISELESS> (T_Current -273.15 T_Measured 27)
                                             X_U73.R_R5 <X_U73.R_NOISELESS> (T_Current -273.15 T_Measured 27)

          R        1.000E+00      1.000E+09      1.000E+00  


               X_U73.R_R60 <X_U73.R_NOISELESS> (T_Current -273.15 T_Measured 27)
                              X_U73.R_R8 <X_U73.R_NOISELESS> (T_Current -273.15 T_Measured 27)
                                             X_U73.R_R81 <X_U73.R_NOISELESS> (T_Current -273.15 T_Measured 27)

          R        3.700E+04      1.000E+03      1.000E+09  


               X_U73.R_R83 <X_U73.R_NOISELESS> (T_Current -273.15 T_Measured 27)
                              X_U73.R_R9 <X_U73.R_NOISELESS> (T_Current -273.15 T_Measured 27)
                                             X_U73.R_R_VIMON <X_U73.R_NOISELESS> (T_Current -273.15 T_Measured 27)

          R        1.000E+09      1.000E-03      1.000E+02  


               X_U73.R_R_VOUT_S <X_U73.R_NOISELESS> (T_Current -273.15 T_Measured 27)

          R        1.000E+02  



**** 04/05/25 22:08:30 *** PSpice 24.1.0 (26 February 2025) *** ID# 0 ********

 ** Profile: "SCHEMATIC1-asdfa"  [ c:\users\user\appdata\roaming\spb_data\cdssetup\workspace\projects\tiaopa695\TIAOPA695-PSpiceFiles


 ****     INITIAL TRANSIENT SOLUTION       TEMPERATURE =   27.000 DEG C

 ****     CURRENT STEP                     PARAM IVAR =    3.6300E-03


******************************************************************************



 NODE   VOLTAGE     NODE   VOLTAGE     NODE   VOLTAGE     NODE   VOLTAGE


(  VCC)    5.0000  (  VEE)   -5.0000  (N1113089)    3.8997                      

(N1113125)    3.9059                  (N1113485)    3.9010                      

(N1113565)    5.0000                  (N1113637)    1.9901                      

(N1113647)    3.9027                  (N1113661)    3.3016                      

(N1113879)   -5.0000                  (N1114737)     .0070                      

(N1114747)     .0070                  (N1114761)     .0168                      

(N1114963)     .0168                  (N1114991)-260.0E-06                      

(X_U1.MID)-423.5E-18                  (X_U1.V11)-4.676E-09                      

(X_U1.V12)     .6872                  (X_U76.ZO)    3.9059                      

(X_U1.ESDN)    2.3782                 (X_U1.ESDP)    2.9136                     

(X_U1.VCLP)    3.9562                 (X_U73.AOL)     .0168                     

(X_U73.MID)-211.8E-18                 (X_U76.MID)    2.5000                     

(X_U1.CLAMP)    6.6228                (X_U1.VCC_B)    5.0000                    

(X_U1.VEE_B)   -5.0000                (X_U1.VIMON)    9.5755                    

(X_U73.CMRR)-482.6E-09                (X_U76.CMRR)    2.5000                    

(X_U76.ESDN)    3.8997                (X_U76.ESDP)    3.9010                    

(X_U1.VOUT_S)    3.9027               (X_U1.VSENSE)    6.6228                   

(X_U1.X_U1.3)    0.0000               (X_U1.X_U1.4)    0.0000                   

(X_U1.X_U1.5)    0.0000               (X_U1.X_U1.6)    0.0000                   

(X_U1.X_U1.7)     .8338               (X_U1.X_U1.8)     .8338                   

(X_U73.CLAMP)     .0168               (X_U73.VCC_B)    5.0000                   

(X_U73.VEE_B)   -5.0000               (X_U73.VIMON)     .0198                   

(X_U76.CLAMP)    4.1283               (X_U76.PSRRN)    2.5002                   

(X_U76.PSRRP)    2.5001               (X_U76.VCC_B)    5.0000                   

(X_U76.VEE_B) 2.501E-06               (X_U76.VIMON)    2.5124                   

(X_U1.VCC_CLP)    3.9000              (X_U1.VEE_CLP)   -4.8260                  

(X_U1.X_U39.3)    0.0000              (X_U1.X_U39.4)    0.0000                  

(X_U1.X_U39.5)    0.0000              (X_U1.X_U39.6)    0.0000                  

(X_U1.X_U39.7)     .8338              (X_U1.X_U39.8)     .8338                  

(X_U1.X_U40.3)    0.0000              (X_U1.X_U40.4)    0.0000                  

(X_U1.X_U40.5)    0.0000              (X_U1.X_U40.6)    0.0000                  

(X_U1.X_U40.7)     .8338              (X_U1.X_U40.8)     .8338                  

(X_U73.AOLNET)    -.0168              (X_U73.N05102)     .0070                  

(X_U73.N06456)-260.0E-06              (X_U73.N10561)    -.0070                  

(X_U73.N10570)    -.0070              (X_U73.N11984)    -.0070                  

(X_U73.N25816)     .0070              (X_U73.N28602)   -3.3000                  

(X_U73.N30136)    3.3000              (X_U73.N30913)     .0070                  

(X_U73.N31014)     .0070              (X_U73.N35669)    4.1998                  

(X_U73.N35813)    4.1998              (X_U73.N38050)   -4.2000                  

(X_U73.N38096)   -4.2000              (X_U73.N42663)-211.8E-18                  

(X_U73.N42834)-211.8E-18              (X_U73.N44757)-211.8E-18                  

(X_U73.N44799)-211.8E-18              (X_U73.VOUT_S)     .0168                  

(X_U76.AOLNET)    2.4992              (X_U76.N06456)    3.9010                  

(X_U76.N10561)    3.9006              (X_U76.N10570)    3.9006                  

(X_U76.N11984)    3.9006              (X_U76.N11991)    3.8997                  

(X_U76.N25816)    3.9005              (X_U76.N28602)    1.1000                  

(X_U76.N30136)    4.6000              (X_U76.N30913)    3.9005                  

(X_U76.N31014)    3.9005              (X_U76.N35675)    4.2118                  

(X_U76.N35813)    4.2118              (X_U76.N38050)    1.0201                  

(X_U76.N38096)    1.0201              (X_U76.VOUT_S)    3.9059                  

(X_U76.X_U1.3)    0.0000              (X_U76.X_U1.4)    0.0000                  

(X_U76.X_U1.5)    0.0000              (X_U76.X_U1.6)    0.0000                  

(X_U76.X_U1.7)     .8338              (X_U76.X_U1.8)     .8338                  

(X_U1.CL_CLAMP)    3.9562             (X_U1.N2986935)    2.9136                 

(X_U1.N2986947) 291.4E-09             (X_U1.N2986949)    2.9136                 

(X_U1.N2986957)    2.9136             (X_U1.N2986973)-1.581E-06                 

(X_U1.N2986975) 1.581E-06             (X_U1.N2986977)    2.9136                 

(X_U1.N2986981)    2.9136             (X_U1.N2987013)    2.3782                 

(X_U1.N2987017)    3.0000             (X_U1.N2987029)   -3.0000                 

(X_U1.N2987037)    2.9136             (X_U1.N2987051)    2.9136                 

(X_U1.N2987061)   53.5400             (X_U1.N2987123)     .0027                 

(X_U1.N2987135)     .0027             (X_U1.N2987157)-423.5E-18                 

(X_U1.N2987159)-423.5E-18             (X_U1.N2987201)   35.0000                 

(X_U1.N2987203)-423.5E-18             (X_U1.N2987205)-423.5E-18                 

(X_U1.N2987225)-423.5E-18             (X_U1.N2987231)-423.5E-18                 

(X_U1.N2987243)  -35.0000             (X_U1.N2987295)   75.0000                 

(X_U1.N2987299)-423.5E-18             (X_U1.N2987301)-423.5E-18                 

(X_U1.N2987319)-423.5E-18             (X_U1.N2987325)-423.5E-18                 

(X_U1.N2987337)  -75.0000             (X_U1.N2987363)    6.6228                 

(X_U1.N2987391)    3.9000             (X_U1.N2987395)   -4.8260                 

(X_U1.N2987423)   -4.8260             (X_U1.N2987427)    3.9000                 

(X_U1.N2987487)-4.676E-09             (X_U1.N2987493)     .6872                 

(X_U1.N2987499)    1.0000             (X_U1.N2987541)    9.5755                 

(X_U1.N2987553)    3.9027             (X_U1.N2987623)    3.9027                 

(X_U1.N2987655)    1.9562             (X_U1.N2987675)    6.6134                 

(X_U1.N2987683)    1.9562             (X_U1.N2987687)    1.9562                 

(X_U1.N2987711)    6.6134             (X_U1.N2987719)    5.9262                 

(X_U1.N2987763)-423.5E-18             (X_U1.N2987785)    5.0000                 

(X_U1.N2987801)   -5.0000             (X_U1.N3108745)   16.5560                 

(X_U1.N3108755)    6.6244             (X_U1.N3108879)    6.6228                 

(X_U1.N3108917)    6.6244             (X_U1.N3108949)    6.6243                 

(X_U1.N3109015)    6.6243             (X_U1.N3116457)    3.9562                 

(X_U1.N3116503)  365.8100             (X_U1.N3116515)  365.8100                 

(X_U1.N3116609)  699.7200             (X_U1.N3116619)  260.5800                 

(X_U1.N3116655)  699.6500             (X_U1.N3116665)     .5315                 

(X_U1.N3116675)  699.7200             (X_U1.N3116685)  699.7200                 

(X_U1.N3116957)  699.6400             (X_U1.N3117239)  699.7200                 

(X_U1.N3126023)    3.4971             (X_U1.N3128929)   -4.7434                 

(X_U1.N3130349) 1.581E-06             (X_U1.N3130359)     .0048                 

(X_U1.N3202117)  699.7200             (X_U1.N3202127)  699.7200                 

(X_U1.N3202213)  699.7200             (X_U1.N3204124)  699.7200                 

(X_U1.N3204134)  699.7200             (X_U1.N3204220)  699.7200                 

(X_U1.N3205032)  699.7200             (X_U1.N3205042)  699.7200                 

(X_U1.N3205128)  699.7200             (X_U1.N3205956)  699.7200                 

(X_U1.N3205966)  699.7200             (X_U1.N3206052)  699.7200                 

(X_U1.N3206890)  699.7200             (X_U1.N3206900)  699.7200                 

(X_U1.N3206986)  699.7200             (X_U1.N3208573)  699.7200                 

(X_U1.N3208669)  699.7200             (X_U1.N3236810) 1.581E-09                 

(X_U1.N3236820) 1.581E-06             (X_U73.N110431)     .0198                 

(X_U73.N112292)     .0168             (X_U73.N317950)-211.8E-18                 

(X_U73.N406634)    5.0000             (X_U73.N406794)   -5.0000                 

(X_U73.N701935)-241.8E-06             (X_U73.N704979)   -6.4993                 

(X_U73.N705005)    -.0078             (X_U73.N709083)    3.6601                 

(X_U73.N709113)     .0062             (X_U73.N749288)    -.0070                 

(X_U73.VCC_CLP)    4.1998             (X_U73.VEE_CLP)   -4.2000                 

(X_U73.X_E_N.3)    0.0000             (X_U73.X_E_N.4)    0.0000                 

(X_U73.X_E_N.5)    0.0000             (X_U73.X_E_N.6)    0.0000                 

(X_U73.X_E_N.7)     .8338             (X_U73.X_E_N.8)     .8338                 

(X_U76.N110431)    2.5124             (X_U76.N112292)    3.9059                 

(X_U76.N317950)    2.5000             (X_U76.N406634)    5.0000                 

(X_U76.N406794) 2.504E-06             (X_U76.N749288)    3.9006                 

(X_U76.VCC_CLP)    4.2118             (X_U76.VEE_CLP)    1.0201                 

(X_U76.X_E_N.3)    0.0000             (X_U76.X_E_N.4)    0.0000                 

(X_U76.X_E_N.5)    0.0000             (X_U76.X_E_N.6)    0.0000                 

(X_U76.X_E_N.7)     .8338             (X_U76.X_E_N.8)     .8338                 

(X_U1.N32898091)  699.7200            (X_U73.N1327152)     .0070                

(X_U73.X_I_NP.3)    0.0000            (X_U73.X_I_NP.4)    0.0000                

(X_U73.X_I_NP.5)    0.0000            (X_U73.X_I_NP.6)    0.0000                

(X_U73.X_I_NP.7)     .8338            (X_U73.X_I_NP.8)     .8338                

(X_U76.N1254860)   17.9820            (X_U76.N1446199)    4.0758                

(X_U76.N1446217)    4.0758            (X_U76.N1461236)    2.3361                

(X_U76.N1461246)    2.5000            (X_U76.N1461252)    2.5046                

(X_U76.N1481243)     .7102            (X_U76.N1481253)    2.4999                

(X_U76.N1481259)    2.5005            (X_U76.N1483677)    6.4446                

(X_U76.N1483687)    2.5002            (X_U76.N1483693)    2.4954                

(X_U76.N1483703)    2.4998            (X_U76.N1483713)    2.5046                

(X_U76.N1490067)    2.5001            (X_U76.N1492098)    2.7548                

(X_U76.N1492108)    2.6699            (X_U76.N1492118)    2.6699                

(X_U76.N1492126)    2.6699            (X_U76.N1492376)    2.6699                

(X_U76.N1534615)    6.8373            (X_U76.N1534625)    2.6519                

(X_U76.N1534635)    2.6519            (X_U76.N1534645)    2.6519                

(X_U76.N1534887)    2.6519            (X_U76.N1541593)    6.3796                

(X_U76.N1541603)    2.6359            (X_U1.CLAW_CLAMP)    3.9562               

(X_U73.X_I_NP2.3)    0.0000           (X_U73.X_I_NP2.4)    0.0000               

(X_U73.X_I_NP2.5)    0.0000           (X_U73.X_I_NP2.6)    0.0000               

(X_U73.X_I_NP2.7)     .8338           (X_U73.X_I_NP2.8)     .8338               

(X_U76.X_I_NP1.3)    0.0000           (X_U76.X_I_NP1.4)    0.0000               

(X_U76.X_I_NP1.5)    0.0000           (X_U76.X_I_NP1.6)    0.0000               

(X_U76.X_I_NP1.7)     .8338           (X_U76.X_I_NP1.8)     .8338               

(X_U1.SW_OL_OPAx277)    1.0000        (X_U73.X_VOS_VS_VCM.1)    -.0070          

(X_U76.X_VOS_VS_VCM.1)    3.9006      




    VOLTAGE SOURCE CURRENTS
    NAME         CURRENT

    V_V2        -1.369E-02
    V_V6        -4.612E-04
    V_V5        -8.492E-04
    V_V1        -4.081E-02
    X_U76.V_VCM_MAX  -2.100E-09
    X_U76.V_VCM_MIN   1.400E-09
    X_U1.V_VCM_MAX  -3.001E-12
    X_U1.V_VCM_MIN   3.001E-12
    X_U1.V_V_GRN   7.500E-11
    X_U1.V_V_GRP  -7.500E-11
    X_U1.V_V_ISCN   3.500E-11
    X_U1.V_V_ISCP  -3.500E-11
    X_U1.V_V_ORN   0.000E+00
    X_U1.V_V_ORP   0.000E+00
    X_U73.V_VCM_MAX  -3.300E-09
    X_U73.V_VCM_MIN   3.300E-09
    X_U76.X_H3.VH_H3  -1.245E-05
    X_U76.X_VOS_VS_VCM.V1   4.097E-13
    X_U1.X_H1.VH_H1   9.576E-03
    X_U1.X_H2.VH_H2   6.872E-01
    X_U1.X_H3.VH_H3   4.676E-09
    X_U73.X_H3.VH_H3  -1.980E-05
    X_U73.X_VOS_VS_VCM.V1  -9.661E-17

    TOTAL POWER DISSIPATION   2.79E-01  WATTS


Model-Specific Temperatures During Sweep  Param value = 0.00393

 **** RESISTORS

               X_U76.R_R1 <X_U76.R_NOISELESS> (T_Current -273.15 T_Measured 27)
                              X_U76.R_R10 <X_U76.R_NOISELESS> (T_Current -273.15 T_Measured 27)
                                             X_U76.R_R107 <X_U76.R_NOISELESS> (T_Current -273.15 T_Measured 27)

          R        1.000E-02      1.000E-03      1.000E+00  


               X_U76.R_R108 <X_U76.R_NOISELESS> (T_Current -273.15 T_Measured 27)
                              X_U76.R_R109 <X_U76.R_NOISELESS> (T_Current -273.15 T_Measured 27)
                                             X_U76.R_R110 <X_U76.R_NOISELESS> (T_Current -273.15 T_Measured 27)

          R        1.000E+12      1.000E+00      1.000E-03  


               X_U76.R_R111 <X_U76.R_NOISELESS> (T_Current -273.15 T_Measured 27)
                              X_U76.R_R112 <X_U76.R_NOISELESS> (T_Current -273.15 T_Measured 27)
                                             X_U76.R_R113 <X_U76.R_NOISELESS> (T_Current -273.15 T_Measured 27)

          R        1.000E+06      1.000E+06      1.000E-03  


               X_U76.R_R146 <X_U76.R_NOISELESS> (T_Current -273.15 T_Measured 27)
                              X_U76.R_R147 <X_U76.R_NOISELESS> (T_Current -273.15 T_Measured 27)
                                             X_U76.R_R148 <X_U76.R_NOISELESS> (T_Current -273.15 T_Measured 27)

          R        1.000E+00      1.000E+00      1.000E+00  


               X_U76.R_R162 <X_U76.R_NOISELESS> (T_Current -273.15 T_Measured 27)
                              X_U76.R_R1A <X_U76.R_NOISELESS> (T_Current -273.15 T_Measured 27)
                                             X_U76.R_R1A1 <X_U76.R_NOISELESS> (T_Current -273.15 T_Measured 27)

          R        5.000E+03      1.000E+04      3.000E+01  


               X_U76.R_R1A14 <X_U76.R_NOISELESS> (T_Current -273.15 T_Measured 27)
                              X_U76.R_R1A15 <X_U76.R_NOISELESS> (T_Current -273.15 T_Measured 27)
                                             X_U76.R_R1A16 <X_U76.R_NOISELESS> (T_Current -273.15 T_Measured 27)

          R        1.000E+04      1.000E+04      2.800E+00  


               X_U76.R_R1A17 <X_U76.R_NOISELESS> (T_Current -273.15 T_Measured 27)
                              X_U76.R_R1A18 <X_U76.R_NOISELESS> (T_Current -273.15 T_Measured 27)
                                             X_U76.R_R1A40 <X_U76.R_NOISELESS> (T_Current -273.15 T_Measured 27)

          R        1.000E+04      1.000E+04      1.000E+04  


               X_U76.R_R1A41 <X_U76.R_NOISELESS> (T_Current -273.15 T_Measured 27)
                              X_U76.R_R1A42 <X_U76.R_NOISELESS> (T_Current -273.15 T_Measured 27)
                                             X_U76.R_R1A43 <X_U76.R_NOISELESS> (T_Current -273.15 T_Measured 27)

          R        7.000E+00      1.000E+04      3.000E+01  


               X_U76.R_R1A44 <X_U76.R_NOISELESS> (T_Current -273.15 T_Measured 27)
                              X_U76.R_R1A45 <X_U76.R_NOISELESS> (T_Current -273.15 T_Measured 27)
                                             X_U76.R_R2 <X_U76.R_NOISELESS> (T_Current -273.15 T_Measured 27)

          R        1.000E+01      1.000E+01      1.000E-02  


               X_U76.R_R21 <X_U76.R_NOISELESS> (T_Current -273.15 T_Measured 27)
                              X_U76.R_R211 <X_U76.R_NOISELESS> (T_Current -273.15 T_Measured 27)
                                             X_U76.R_R225 <X_U76.R_NOISELESS> (T_Current -273.15 T_Measured 27)

          R        1.000E+03      1.000E+00      1.000E+00  


               X_U76.R_R226 <X_U76.R_NOISELESS> (T_Current -273.15 T_Measured 27)
                              X_U76.R_R245 <X_U76.R_NOISELESS> (T_Current -273.15 T_Measured 27)
                                             X_U76.R_R246 <X_U76.R_NOISELESS> (T_Current -273.15 T_Measured 27)

          R        3.000E+01      4.500E+03      1.000E+00  


               X_U76.R_R247 <X_U76.R_NOISELESS> (T_Current -273.15 T_Measured 27)
                              X_U76.R_R248 <X_U76.R_NOISELESS> (T_Current -273.15 T_Measured 27)
                                             X_U76.R_R249 <X_U76.R_NOISELESS> (T_Current -273.15 T_Measured 27)

          R        1.000E+00      1.000E+00      1.000E+00  


               X_U76.R_R25 <X_U76.R_NOISELESS> (T_Current -273.15 T_Measured 27)
                              X_U76.R_R250 <X_U76.R_NOISELESS> (T_Current -273.15 T_Measured 27)
                                             X_U76.R_R251 <X_U76.R_NOISELESS> (T_Current -273.15 T_Measured 27)

          R        1.000E+09      1.000E+00      1.000E+00  


               X_U76.R_R252 <X_U76.R_NOISELESS> (T_Current -273.15 T_Measured 27)
                              X_U76.R_R253 <X_U76.R_NOISELESS> (T_Current -273.15 T_Measured 27)
                                             X_U76.R_R26 <X_U76.R_NOISELESS> (T_Current -273.15 T_Measured 27)

          R        1.000E+00      1.000E+00      1.000E+09  


               X_U76.R_R27 <X_U76.R_NOISELESS> (T_Current -273.15 T_Measured 27)
                              X_U76.R_R28 <X_U76.R_NOISELESS> (T_Current -273.15 T_Measured 27)
                                             X_U76.R_R29 <X_U76.R_NOISELESS> (T_Current -273.15 T_Measured 27)

          R        1.000E+00      1.000E-03      1.000E+03  


               X_U76.R_R2A <X_U76.R_NOISELESS> (T_Current -273.15 T_Measured 27)
                              X_U76.R_R2A1 <X_U76.R_NOISELESS> (T_Current -273.15 T_Measured 27)
                                             X_U76.R_R2A16 <X_U76.R_NOISELESS> (T_Current -273.15 T_Measured 27)

          R        2.000E+04      1.000E+01      5.420E-01  


               X_U76.R_R2A17 <X_U76.R_NOISELESS> (T_Current -273.15 T_Measured 27)
                              X_U76.R_R2A18 <X_U76.R_NOISELESS> (T_Current -273.15 T_Measured 27)
                                             X_U76.R_R2A36 <X_U76.R_NOISELESS> (T_Current -273.15 T_Measured 27)

          R        4.822E+02      4.822E+02      8.500E-01  


               X_U76.R_R2A37 <X_U76.R_NOISELESS> (T_Current -273.15 T_Measured 27)
                              X_U76.R_R2A40 <X_U76.R_NOISELESS> (T_Current -273.15 T_Measured 27)
                                             X_U76.R_R2A41 <X_U76.R_NOISELESS> (T_Current -273.15 T_Measured 27)

          R        3.010E+01      7.000E-01      1.000E+01  


               X_U76.R_R2A42 <X_U76.R_NOISELESS> (T_Current -273.15 T_Measured 27)
                              X_U76.R_R2A43 <X_U76.R_NOISELESS> (T_Current -273.15 T_Measured 27)
                                             X_U76.R_R3 <X_U76.R_NOISELESS> (T_Current -273.15 T_Measured 27)

          R        3.630E-01      3.630E-01      2.300E+06  


               X_U76.R_R30 <X_U76.R_NOISELESS> (T_Current -273.15 T_Measured 27)
                              X_U76.R_R31 <X_U76.R_NOISELESS> (T_Current -273.15 T_Measured 27)
                                             X_U76.R_R32 <X_U76.R_NOISELESS> (T_Current -273.15 T_Measured 27)

          R        1.000E-03      1.000E+03      1.000E+03  


               X_U76.R_R33 <X_U76.R_NOISELESS> (T_Current -273.15 T_Measured 27)
                              X_U76.R_R34 <X_U76.R_NOISELESS> (T_Current -273.15 T_Measured 27)
                                             X_U76.R_R4 <X_U76.R_NOISELESS> (T_Current -273.15 T_Measured 27)

          R        1.000E-03      1.000E+03      2.300E+06  


               X_U76.R_R6 <X_U76.R_NOISELESS> (T_Current -273.15 T_Measured 27)
                              X_U76.R_R60 <X_U76.R_NOISELESS> (T_Current -273.15 T_Measured 27)
                                             X_U76.R_R8 <X_U76.R_NOISELESS> (T_Current -273.15 T_Measured 27)

          R        1.000E+00      1.000E+00      1.000E+03  


               X_U76.R_R81 <X_U76.R_NOISELESS> (T_Current -273.15 T_Measured 27)
                              X_U76.R_R83 <X_U76.R_NOISELESS> (T_Current -273.15 T_Measured 27)
                                             X_U76.R_R9 <X_U76.R_NOISELESS> (T_Current -273.15 T_Measured 27)

          R        1.000E+09      1.000E+09      1.000E-03  


               X_U76.R_RDUMMY <X_U76.R_NOISELESS> (T_Current -273.15 T_Measured 27)
                              X_U76.R_RX <X_U76.R_NOISELESS> (T_Current -273.15 T_Measured 27)
                                             X_U76.R_R_VIMON <X_U76.R_NOISELESS> (T_Current -273.15 T_Measured 27)

          R        1.400E+02      1.400E+03      1.000E+02  


               X_U76.R_R_VOUT_S <X_U76.R_NOISELESS> (T_Current -273.15 T_Measured 27)
                              X_U1.R_R10 <X_U1.R_NOISELESS> (T_Current -273.15 T_Measured 27)
                                             X_U1.R_R11 <X_U1.R_NOISELESS> (T_Current -273.15 T_Measured 27)

          R        1.000E+02      1.000E+00      3.333E+01  


               X_U1.R_R12 <X_U1.R_NOISELESS> (T_Current -273.15 T_Measured 27)
                              X_U1.R_R13 <X_U1.R_NOISELESS> (T_Current -273.15 T_Measured 27)
                                             X_U1.R_R139 <X_U1.R_NOISELESS> (T_Current -273.15 T_Measured 27)

          R        1.000E+08      1.000E+00      1.057E+04  


               X_U1.R_R14 <X_U1.R_NOISELESS> (T_Current -273.15 T_Measured 27)
                              X_U1.R_R140 <X_U1.R_NOISELESS> (T_Current -273.15 T_Measured 27)
                                             X_U1.R_R141 <X_U1.R_NOISELESS> (T_Current -273.15 T_Measured 27)

          R        3.287E+04      1.000E+04      1.000E+00  


               X_U1.R_R142 <X_U1.R_NOISELESS> (T_Current -273.15 T_Measured 27)
                              X_U1.R_R143 <X_U1.R_NOISELESS> (T_Current -273.15 T_Measured 27)
                                             X_U1.R_R144 <X_U1.R_NOISELESS> (T_Current -273.15 T_Measured 27)

          R        1.000E+04      1.000E+00      7.603E+00  


               X_U1.R_R15 <X_U1.R_NOISELESS> (T_Current -273.15 T_Measured 27)
                              X_U1.R_R158 <X_U1.R_NOISELESS> (T_Current -273.15 T_Measured 27)
                                             X_U1.R_R159 <X_U1.R_NOISELESS> (T_Current -273.15 T_Measured 27)

          R        1.000E-03      1.000E+04      1.000E+00  


               X_U1.R_R16 <X_U1.R_NOISELESS> (T_Current -273.15 T_Measured 27)
                              X_U1.R_R160 <X_U1.R_NOISELESS> (T_Current -273.15 T_Measured 27)
                                             X_U1.R_R161 <X_U1.R_NOISELESS> (T_Current -273.15 T_Measured 27)

          R        1.000E+03      6.670E+03      1.000E+06  


               X_U1.R_R162 <X_U1.R_NOISELESS> (T_Current -273.15 T_Measured 27)
                              X_U1.R_R166 <X_U1.R_NOISELESS> (T_Current -273.15 T_Measured 27)
                                             X_U1.R_R167 <X_U1.R_NOISELESS> (T_Current -273.15 T_Measured 27)

          R        1.000E+06      1.000E+06      1.000E+02  


               X_U1.R_R168 <X_U1.R_NOISELESS> (T_Current -273.15 T_Measured 27)
                              X_U1.R_R169 <X_U1.R_NOISELESS> (T_Current -273.15 T_Measured 27)
                                             X_U1.R_R17 <X_U1.R_NOISELESS> (T_Current -273.15 T_Measured 27)

          R        1.000E+04      1.000E+00      1.000E-03  


               X_U1.R_R170 <X_U1.R_NOISELESS> (T_Current -273.15 T_Measured 27)
                              X_U1.R_R171 <X_U1.R_NOISELESS> (T_Current -273.15 T_Measured 27)
                                             X_U1.R_R172 <X_U1.R_NOISELESS> (T_Current -273.15 T_Measured 27)

          R        5.934E+03      1.000E+06      9.869E+04  


               X_U1.R_R173 <X_U1.R_NOISELESS> (T_Current -273.15 T_Measured 27)
                              X_U1.R_R174 <X_U1.R_NOISELESS> (T_Current -273.15 T_Measured 27)
                                             X_U1.R_R175 <X_U1.R_NOISELESS> (T_Current -273.15 T_Measured 27)

          R        1.000E+04      1.000E+00      5.157E+04  


               X_U1.R_R176 <X_U1.R_NOISELESS> (T_Current -273.15 T_Measured 27)
                              X_U1.R_R177 <X_U1.R_NOISELESS> (T_Current -273.15 T_Measured 27)
                                             X_U1.R_R178 <X_U1.R_NOISELESS> (T_Current -273.15 T_Measured 27)

          R        1.000E+04      1.000E+00      9.484E+03  


               X_U1.R_R179 <X_U1.R_NOISELESS> (T_Current -273.15 T_Measured 27)
                              X_U1.R_R18 <X_U1.R_NOISELESS> (T_Current -273.15 T_Measured 27)
                                             X_U1.R_R180 <X_U1.R_NOISELESS> (T_Current -273.15 T_Measured 27)

          R        1.000E+04      1.000E+12      1.000E+00  


               X_U1.R_R181 <X_U1.R_NOISELESS> (T_Current -273.15 T_Measured 27)
                              X_U1.R_R182 <X_U1.R_NOISELESS> (T_Current -273.15 T_Measured 27)
                                             X_U1.R_R183 <X_U1.R_NOISELESS> (T_Current -273.15 T_Measured 27)

          R        9.500E+03      1.000E+04      1.000E+00  


               X_U1.R_R184 <X_U1.R_NOISELESS> (T_Current -273.15 T_Measured 27)
                              X_U1.R_R185 <X_U1.R_NOISELESS> (T_Current -273.15 T_Measured 27)
                                             X_U1.R_R186 <X_U1.R_NOISELESS> (T_Current -273.15 T_Measured 27)

          R        5.875E+03      1.000E+04      1.000E+00  


               X_U1.R_R187 <X_U1.R_NOISELESS> (T_Current -273.15 T_Measured 27)
                              X_U1.R_R188 <X_U1.R_NOISELESS> (T_Current -273.15 T_Measured 27)
                                             X_U1.R_R189 <X_U1.R_NOISELESS> (T_Current -273.15 T_Measured 27)

          R        3.086E+03      1.000E+04      1.000E+00  


               X_U1.R_R19 <X_U1.R_NOISELESS> (T_Current -273.15 T_Measured 27)
                              X_U1.R_R190 <X_U1.R_NOISELESS> (T_Current -273.15 T_Measured 27)
                                             X_U1.R_R191 <X_U1.R_NOISELESS> (T_Current -273.15 T_Measured 27)

          R        1.000E+12      1.000E+04      1.001E+01  


               X_U1.R_R192 <X_U1.R_NOISELESS> (T_Current -273.15 T_Measured 27)
                              X_U1.R_R193 <X_U1.R_NOISELESS> (T_Current -273.15 T_Measured 27)
                                             X_U1.R_R20 <X_U1.R_NOISELESS> (T_Current -273.15 T_Measured 27)

          R        1.000E+00      1.000E+00      1.000E+00  


               X_U1.R_R21 <X_U1.R_NOISELESS> (T_Current -273.15 T_Measured 27)
                              X_U1.R_R22 <X_U1.R_NOISELESS> (T_Current -273.15 T_Measured 27)
                                             X_U1.R_R23 <X_U1.R_NOISELESS> (T_Current -273.15 T_Measured 27)

          R        1.000E-03      1.000E+06      1.000E+06  


               X_U1.R_R24 <X_U1.R_NOISELESS> (T_Current -273.15 T_Measured 27)
                              X_U1.R_R32 <X_U1.R_NOISELESS> (T_Current -273.15 T_Measured 27)
                                             X_U1.R_R33 <X_U1.R_NOISELESS> (T_Current -273.15 T_Measured 27)

          R        1.000E+03      1.000E+03      1.000E+03  


               X_U1.R_R34 <X_U1.R_NOISELESS> (T_Current -273.15 T_Measured 27)
                              X_U1.R_R35 <X_U1.R_NOISELESS> (T_Current -273.15 T_Measured 27)
                                             X_U1.R_R36 <X_U1.R_NOISELESS> (T_Current -273.15 T_Measured 27)

          R        1.000E+04      1.000E+00      1.095E+04  


               X_U1.R_R43 <X_U1.R_NOISELESS> (T_Current -273.15 T_Measured 27)
                              X_U1.R_R46 <X_U1.R_NOISELESS> (T_Current -273.15 T_Measured 27)
                                             X_U1.R_R47 <X_U1.R_NOISELESS> (T_Current -273.15 T_Measured 27)

          R        1.000E+00      1.000E+00      1.000E-03  


               X_U1.R_R48 <X_U1.R_NOISELESS> (T_Current -273.15 T_Measured 27)
                              X_U1.R_R49 <X_U1.R_NOISELESS> (T_Current -273.15 T_Measured 27)
                                             X_U1.R_R5 <X_U1.R_NOISELESS> (T_Current -273.15 T_Measured 27)

          R        1.000E+06      1.000E+12      1.000E+00  


               X_U1.R_R50 <X_U1.R_NOISELESS> (T_Current -273.15 T_Measured 27)
                              X_U1.R_R51 <X_U1.R_NOISELESS> (T_Current -273.15 T_Measured 27)
                                             X_U1.R_R52 <X_U1.R_NOISELESS> (T_Current -273.15 T_Measured 27)

          R        1.000E+06      1.000E-03      1.000E+00  


               X_U1.R_R53 <X_U1.R_NOISELESS> (T_Current -273.15 T_Measured 27)
                              X_U1.R_R54 <X_U1.R_NOISELESS> (T_Current -273.15 T_Measured 27)
                                             X_U1.R_R55 <X_U1.R_NOISELESS> (T_Current -273.15 T_Measured 27)

          R        1.000E+12      1.000E+00      1.000E-03  


               X_U1.R_R56 <X_U1.R_NOISELESS> (T_Current -273.15 T_Measured 27)
                              X_U1.R_R57 <X_U1.R_NOISELESS> (T_Current -273.15 T_Measured 27)
                                             X_U1.R_R58 <X_U1.R_NOISELESS> (T_Current -273.15 T_Measured 27)

          R        1.000E+12      1.000E+00      1.000E-03  


               X_U1.R_R59 <X_U1.R_NOISELESS> (T_Current -273.15 T_Measured 27)
                              X_U1.R_R6 <X_U1.R_NOISELESS> (T_Current -273.15 T_Measured 27)
                                             X_U1.R_R60 <X_U1.R_NOISELESS> (T_Current -273.15 T_Measured 27)

          R        1.000E+12      1.000E+08      1.000E+00  


               X_U1.R_R61 <X_U1.R_NOISELESS> (T_Current -273.15 T_Measured 27)
                              X_U1.R_R62 <X_U1.R_NOISELESS> (T_Current -273.15 T_Measured 27)
                                             X_U1.R_R63 <X_U1.R_NOISELESS> (T_Current -273.15 T_Measured 27)

          R        1.000E-03      1.000E-03      1.000E+12  


               X_U1.R_R64 <X_U1.R_NOISELESS> (T_Current -273.15 T_Measured 27)
                              X_U1.R_R65 <X_U1.R_NOISELESS> (T_Current -273.15 T_Measured 27)
                                             X_U1.R_R66 <X_U1.R_NOISELESS> (T_Current -273.15 T_Measured 27)

          R        1.000E+00      1.000E+12      1.000E+00  


               X_U1.R_R67 <X_U1.R_NOISELESS> (T_Current -273.15 T_Measured 27)
                              X_U1.R_R68 <X_U1.R_NOISELESS> (T_Current -273.15 T_Measured 27)
                                             X_U1.R_R69 <X_U1.R_NOISELESS> (T_Current -273.15 T_Measured 27)

          R        1.000E-03      1.000E-03      1.000E+12  


               X_U1.R_R7 <X_U1.R_NOISELESS> (T_Current -273.15 T_Measured 27)
                              X_U1.R_R70 <X_U1.R_NOISELESS> (T_Current -273.15 T_Measured 27)
                                             X_U1.R_R71 <X_U1.R_NOISELESS> (T_Current -273.15 T_Measured 27)

          R        8.332E+00      1.000E+00      1.000E-03  


               X_U1.R_R72 <X_U1.R_NOISELESS> (T_Current -273.15 T_Measured 27)
                              X_U1.R_R73 <X_U1.R_NOISELESS> (T_Current -273.15 T_Measured 27)
                                             X_U1.R_R74 <X_U1.R_NOISELESS> (T_Current -273.15 T_Measured 27)

          R        1.000E+03      1.000E-03      1.000E+03  


               X_U1.R_R75 <X_U1.R_NOISELESS> (T_Current -273.15 T_Measured 27)
                              X_U1.R_R76 <X_U1.R_NOISELESS> (T_Current -273.15 T_Measured 27)
                                             X_U1.R_R77 <X_U1.R_NOISELESS> (T_Current -273.15 T_Measured 27)

          R        1.000E-03      1.000E+03      1.000E+03  


               X_U1.R_R78 <X_U1.R_NOISELESS> (T_Current -273.15 T_Measured 27)
                              X_U1.R_R79 <X_U1.R_NOISELESS> (T_Current -273.15 T_Measured 27)
                                             X_U1.R_R8 <X_U1.R_NOISELESS> (T_Current -273.15 T_Measured 27)

          R        1.000E+00      1.000E+00      1.000E+03  


               X_U1.R_R80 <X_U1.R_NOISELESS> (T_Current -273.15 T_Measured 27)
                              X_U1.R_R81 <X_U1.R_NOISELESS> (T_Current -273.15 T_Measured 27)
                                             X_U1.R_R82 <X_U1.R_NOISELESS> (T_Current -273.15 T_Measured 27)

          R        1.000E+02      1.000E+02      1.000E+00  


               X_U1.R_R83 <X_U1.R_NOISELESS> (T_Current -273.15 T_Measured 27)
                              X_U1.R_R9 <X_U1.R_NOISELESS> (T_Current -273.15 T_Measured 27)
                                             X_U1.R_RDUMMY <X_U1.R_NOISELESS> (T_Current -273.15 T_Measured 27)

          R        1.000E+02      1.000E+08      6.858E+03  


               X_U1.R_RS_INN <X_U1.R_NOISELESS> (T_Current -273.15 T_Measured 27)
                              X_U1.R_RS_INP <X_U1.R_NOISELESS> (T_Current -273.15 T_Measured 27)
                                             X_U1.R_RX <X_U1.R_NOISELESS> (T_Current -273.15 T_Measured 27)

          R        1.000E+03      1.000E+03      6.858E+04  


               X_U1.R_RX1 <X_U1.R_NOISELESS> (T_Current -273.15 T_Measured 27)
                              X_U1.R_RX2 <X_U1.R_NOISELESS> (T_Current -273.15 T_Measured 27)
                                             X_U1.R_RX3 <X_U1.R_NOISELESS> (T_Current -273.15 T_Measured 27)

          R        1.000E+12      1.000E+02      1.000E+12  


               X_U1.R_RX4 <X_U1.R_NOISELESS> (T_Current -273.15 T_Measured 27)
                              X_U1.R_R_COM0 <X_U1.R_NOISELESS> (T_Current -273.15 T_Measured 27)
                                             X_U1.R_R_COM1 <X_U1.R_NOISELESS> (T_Current -273.15 T_Measured 27)

          R        1.000E+02      1.000E+12      1.000E+12  


               X_U1.R_R_DIFF <X_U1.R_NOISELESS> (T_Current -273.15 T_Measured 27)
                              X_U73.R_R107 <X_U73.R_NOISELESS> (T_Current -273.15 T_Measured 27)
                                             X_U73.R_R108 <X_U73.R_NOISELESS> (T_Current -273.15 T_Measured 27)

          R        1.000E+08      1.000E+00      1.000E+12  


               X_U73.R_R109 <X_U73.R_NOISELESS> (T_Current -273.15 T_Measured 27)
                              X_U73.R_R110 <X_U73.R_NOISELESS> (T_Current -273.15 T_Measured 27)
                                             X_U73.R_R111 <X_U73.R_NOISELESS> (T_Current -273.15 T_Measured 27)

          R        1.000E+00      1.000E-03      1.000E+06  


               X_U73.R_R112 <X_U73.R_NOISELESS> (T_Current -273.15 T_Measured 27)
                              X_U73.R_R113 <X_U73.R_NOISELESS> (T_Current -273.15 T_Measured 27)
                                             X_U73.R_R136 <X_U73.R_NOISELESS> (T_Current -273.15 T_Measured 27)

          R        1.000E+06      1.000E-03      1.000E+00  


               X_U73.R_R169 <X_U73.R_NOISELESS> (T_Current -273.15 T_Measured 27)
                              X_U73.R_R1A1 <X_U73.R_NOISELESS> (T_Current -273.15 T_Measured 27)
                                             X_U73.R_R1A3 <X_U73.R_NOISELESS> (T_Current -273.15 T_Measured 27)

          R        2.900E+01      1.000E+04      1.000E+04  


               X_U73.R_R1A4 <X_U73.R_NOISELESS> (T_Current -273.15 T_Measured 27)
                              X_U73.R_R2 <X_U73.R_NOISELESS> (T_Current -273.15 T_Measured 27)
                                             X_U73.R_R21 <X_U73.R_NOISELESS> (T_Current -273.15 T_Measured 27)

          R        1.000E+04      1.000E-02      1.000E+03  


               X_U73.R_R25 <X_U73.R_NOISELESS> (T_Current -273.15 T_Measured 27)
                              X_U73.R_R26 <X_U73.R_NOISELESS> (T_Current -273.15 T_Measured 27)
                                             X_U73.R_R261 <X_U73.R_NOISELESS> (T_Current -273.15 T_Measured 27)

          R        1.000E+09      1.000E+09      1.000E+00  


               X_U73.R_R27 <X_U73.R_NOISELESS> (T_Current -273.15 T_Measured 27)
                              X_U73.R_R28 <X_U73.R_NOISELESS> (T_Current -273.15 T_Measured 27)
                                             X_U73.R_R29 <X_U73.R_NOISELESS> (T_Current -273.15 T_Measured 27)

          R        1.000E+00      1.000E-03      1.000E+03  


               X_U73.R_R2A1 <X_U73.R_NOISELESS> (T_Current -273.15 T_Measured 27)
                              X_U73.R_R2A4 <X_U73.R_NOISELESS> (T_Current -273.15 T_Measured 27)
                                             X_U73.R_R2A5 <X_U73.R_NOISELESS> (T_Current -273.15 T_Measured 27)

          R        1.700E+01      2.000E+01      1.200E+01  


               X_U73.R_R3 <X_U73.R_NOISELESS> (T_Current -273.15 T_Measured 27)
                              X_U73.R_R30 <X_U73.R_NOISELESS> (T_Current -273.15 T_Measured 27)
                                             X_U73.R_R31 <X_U73.R_NOISELESS> (T_Current -273.15 T_Measured 27)

          R        2.800E+05      1.000E-03      1.000E+03  


               X_U73.R_R32 <X_U73.R_NOISELESS> (T_Current -273.15 T_Measured 27)
                              X_U73.R_R33 <X_U73.R_NOISELESS> (T_Current -273.15 T_Measured 27)
                                             X_U73.R_R34 <X_U73.R_NOISELESS> (T_Current -273.15 T_Measured 27)

          R        1.000E+03      1.000E-03      1.000E+03  


               X_U73.R_R35 <X_U73.R_NOISELESS> (T_Current -273.15 T_Measured 27)
                              X_U73.R_R36 <X_U73.R_NOISELESS> (T_Current -273.15 T_Measured 27)
                                             X_U73.R_R363 <X_U73.R_NOISELESS> (T_Current -273.15 T_Measured 27)

          R        1.000E+09      1.000E+00      1.000E+00  


               X_U73.R_R364 <X_U73.R_NOISELESS> (T_Current -273.15 T_Measured 27)
                              X_U73.R_R37 <X_U73.R_NOISELESS> (T_Current -273.15 T_Measured 27)
                                             X_U73.R_R38 <X_U73.R_NOISELESS> (T_Current -273.15 T_Measured 27)

          R        1.000E+00      1.000E-03      1.000E-03  


               X_U73.R_R39 <X_U73.R_NOISELESS> (T_Current -273.15 T_Measured 27)
                              X_U73.R_R40 <X_U73.R_NOISELESS> (T_Current -273.15 T_Measured 27)
                                             X_U73.R_R5 <X_U73.R_NOISELESS> (T_Current -273.15 T_Measured 27)

          R        1.000E+00      1.000E+09      1.000E+00  


               X_U73.R_R60 <X_U73.R_NOISELESS> (T_Current -273.15 T_Measured 27)
                              X_U73.R_R8 <X_U73.R_NOISELESS> (T_Current -273.15 T_Measured 27)
                                             X_U73.R_R81 <X_U73.R_NOISELESS> (T_Current -273.15 T_Measured 27)

          R        3.700E+04      1.000E+03      1.000E+09  


               X_U73.R_R83 <X_U73.R_NOISELESS> (T_Current -273.15 T_Measured 27)
                              X_U73.R_R9 <X_U73.R_NOISELESS> (T_Current -273.15 T_Measured 27)
                                             X_U73.R_R_VIMON <X_U73.R_NOISELESS> (T_Current -273.15 T_Measured 27)

          R        1.000E+09      1.000E-03      1.000E+02  


               X_U73.R_R_VOUT_S <X_U73.R_NOISELESS> (T_Current -273.15 T_Measured 27)

          R        1.000E+02  



**** 04/05/25 22:08:30 *** PSpice 24.1.0 (26 February 2025) *** ID# 0 ********

 ** Profile: "SCHEMATIC1-asdfa"  [ c:\users\user\appdata\roaming\spb_data\cdssetup\workspace\projects\tiaopa695\TIAOPA695-PSpiceFiles


 ****     INITIAL TRANSIENT SOLUTION       TEMPERATURE =   27.000 DEG C

 ****     CURRENT STEP                     PARAM IVAR =    3.9300E-03


******************************************************************************



 NODE   VOLTAGE     NODE   VOLTAGE     NODE   VOLTAGE     NODE   VOLTAGE


(  VCC)    5.0000  (  VEE)   -5.0000  (N1113089)    3.8997                      

(N1113125)    3.9059                  (N1113485)    3.9010                      

(N1113565)    5.0000                  (N1113637)    1.9901                      

(N1113647)    3.9027                  (N1113661)    3.3016                      

(N1113879)   -5.0000                  (N1114737)     .0070                      

(N1114747)     .0070                  (N1114761)     .0168                      

(N1114963)     .0168                  (N1114991)-260.0E-06                      

(X_U1.MID)-423.5E-18                  (X_U1.V11)-4.676E-09                      

(X_U1.V12)     .6872                  (X_U76.ZO)    3.9059                      

(X_U1.ESDN)    2.3782                 (X_U1.ESDP)    2.9136                     

(X_U1.VCLP)    3.9562                 (X_U73.AOL)     .0168                     

(X_U73.MID)-211.8E-18                 (X_U76.MID)    2.5000                     

(X_U1.CLAMP)    6.6228                (X_U1.VCC_B)    5.0000                    

(X_U1.VEE_B)   -5.0000                (X_U1.VIMON)    9.5755                    

(X_U73.CMRR)-482.6E-09                (X_U76.CMRR)    2.5000                    

(X_U76.ESDN)    3.8997                (X_U76.ESDP)    3.9010                    

(X_U1.VOUT_S)    3.9027               (X_U1.VSENSE)    6.6228                   

(X_U1.X_U1.3)    0.0000               (X_U1.X_U1.4)    0.0000                   

(X_U1.X_U1.5)    0.0000               (X_U1.X_U1.6)    0.0000                   

(X_U1.X_U1.7)     .8338               (X_U1.X_U1.8)     .8338                   

(X_U73.CLAMP)     .0168               (X_U73.VCC_B)    5.0000                   

(X_U73.VEE_B)   -5.0000               (X_U73.VIMON)     .0198                   

(X_U76.CLAMP)    4.1283               (X_U76.PSRRN)    2.5002                   

(X_U76.PSRRP)    2.5001               (X_U76.VCC_B)    5.0000                   

(X_U76.VEE_B) 2.501E-06               (X_U76.VIMON)    2.5124                   

(X_U1.VCC_CLP)    3.9000              (X_U1.VEE_CLP)   -4.8260                  

(X_U1.X_U39.3)    0.0000              (X_U1.X_U39.4)    0.0000                  

(X_U1.X_U39.5)    0.0000              (X_U1.X_U39.6)    0.0000                  

(X_U1.X_U39.7)     .8338              (X_U1.X_U39.8)     .8338                  

(X_U1.X_U40.3)    0.0000              (X_U1.X_U40.4)    0.0000                  

(X_U1.X_U40.5)    0.0000              (X_U1.X_U40.6)    0.0000                  

(X_U1.X_U40.7)     .8338              (X_U1.X_U40.8)     .8338                  

(X_U73.AOLNET)    -.0168              (X_U73.N05102)     .0070                  

(X_U73.N06456)-260.0E-06              (X_U73.N10561)    -.0070                  

(X_U73.N10570)    -.0070              (X_U73.N11984)    -.0070                  

(X_U73.N25816)     .0070              (X_U73.N28602)   -3.3000                  

(X_U73.N30136)    3.3000              (X_U73.N30913)     .0070                  

(X_U73.N31014)     .0070              (X_U73.N35669)    4.1998                  

(X_U73.N35813)    4.1998              (X_U73.N38050)   -4.2000                  

(X_U73.N38096)   -4.2000              (X_U73.N42663)-211.8E-18                  

(X_U73.N42834)-211.8E-18              (X_U73.N44757)-211.8E-18                  

(X_U73.N44799)-211.8E-18              (X_U73.VOUT_S)     .0168                  

(X_U76.AOLNET)    2.4992              (X_U76.N06456)    3.9010                  

(X_U76.N10561)    3.9006              (X_U76.N10570)    3.9006                  

(X_U76.N11984)    3.9006              (X_U76.N11991)    3.8997                  

(X_U76.N25816)    3.9005              (X_U76.N28602)    1.1000                  

(X_U76.N30136)    4.6000              (X_U76.N30913)    3.9005                  

(X_U76.N31014)    3.9005              (X_U76.N35675)    4.2118                  

(X_U76.N35813)    4.2118              (X_U76.N38050)    1.0201                  

(X_U76.N38096)    1.0201              (X_U76.VOUT_S)    3.9059                  

(X_U76.X_U1.3)    0.0000              (X_U76.X_U1.4)    0.0000                  

(X_U76.X_U1.5)    0.0000              (X_U76.X_U1.6)    0.0000                  

(X_U76.X_U1.7)     .8338              (X_U76.X_U1.8)     .8338                  

(X_U1.CL_CLAMP)    3.9562             (X_U1.N2986935)    2.9136                 

(X_U1.N2986947) 291.4E-09             (X_U1.N2986949)    2.9136                 

(X_U1.N2986957)    2.9136             (X_U1.N2986973)-1.581E-06                 

(X_U1.N2986975) 1.581E-06             (X_U1.N2986977)    2.9136                 

(X_U1.N2986981)    2.9136             (X_U1.N2987013)    2.3782                 

(X_U1.N2987017)    3.0000             (X_U1.N2987029)   -3.0000                 

(X_U1.N2987037)    2.9136             (X_U1.N2987051)    2.9136                 

(X_U1.N2987061)   53.5400             (X_U1.N2987123)     .0027                 

(X_U1.N2987135)     .0027             (X_U1.N2987157)-423.5E-18                 

(X_U1.N2987159)-423.5E-18             (X_U1.N2987201)   35.0000                 

(X_U1.N2987203)-423.5E-18             (X_U1.N2987205)-423.5E-18                 

(X_U1.N2987225)-423.5E-18             (X_U1.N2987231)-423.5E-18                 

(X_U1.N2987243)  -35.0000             (X_U1.N2987295)   75.0000                 

(X_U1.N2987299)-423.5E-18             (X_U1.N2987301)-423.5E-18                 

(X_U1.N2987319)-423.5E-18             (X_U1.N2987325)-423.5E-18                 

(X_U1.N2987337)  -75.0000             (X_U1.N2987363)    6.6228                 

(X_U1.N2987391)    3.9000             (X_U1.N2987395)   -4.8260                 

(X_U1.N2987423)   -4.8260             (X_U1.N2987427)    3.9000                 

(X_U1.N2987487)-4.676E-09             (X_U1.N2987493)     .6872                 

(X_U1.N2987499)    1.0000             (X_U1.N2987541)    9.5755                 

(X_U1.N2987553)    3.9027             (X_U1.N2987623)    3.9027                 

(X_U1.N2987655)    1.9562             (X_U1.N2987675)    6.6134                 

(X_U1.N2987683)    1.9562             (X_U1.N2987687)    1.9562                 

(X_U1.N2987711)    6.6134             (X_U1.N2987719)    5.9262                 

(X_U1.N2987763)-423.5E-18             (X_U1.N2987785)    5.0000                 

(X_U1.N2987801)   -5.0000             (X_U1.N3108745)   16.5560                 

(X_U1.N3108755)    6.6244             (X_U1.N3108879)    6.6228                 

(X_U1.N3108917)    6.6244             (X_U1.N3108949)    6.6243                 

(X_U1.N3109015)    6.6243             (X_U1.N3116457)    3.9562                 

(X_U1.N3116503)  365.8100             (X_U1.N3116515)  365.8100                 

(X_U1.N3116609)  699.7200             (X_U1.N3116619)  260.5800                 

(X_U1.N3116655)  699.6500             (X_U1.N3116665)     .5315                 

(X_U1.N3116675)  699.7200             (X_U1.N3116685)  699.7200                 

(X_U1.N3116957)  699.6400             (X_U1.N3117239)  699.7200                 

(X_U1.N3126023)    3.4971             (X_U1.N3128929)   -4.7434                 

(X_U1.N3130349) 1.581E-06             (X_U1.N3130359)     .0048                 

(X_U1.N3202117)  699.7200             (X_U1.N3202127)  699.7200                 

(X_U1.N3202213)  699.7200             (X_U1.N3204124)  699.7200                 

(X_U1.N3204134)  699.7200             (X_U1.N3204220)  699.7200                 

(X_U1.N3205032)  699.7200             (X_U1.N3205042)  699.7200                 

(X_U1.N3205128)  699.7200             (X_U1.N3205956)  699.7200                 

(X_U1.N3205966)  699.7200             (X_U1.N3206052)  699.7200                 

(X_U1.N3206890)  699.7200             (X_U1.N3206900)  699.7200                 

(X_U1.N3206986)  699.7200             (X_U1.N3208573)  699.7200                 

(X_U1.N3208669)  699.7200             (X_U1.N3236810) 1.581E-09                 

(X_U1.N3236820) 1.581E-06             (X_U73.N110431)     .0198                 

(X_U73.N112292)     .0168             (X_U73.N317950)-211.8E-18                 

(X_U73.N406634)    5.0000             (X_U73.N406794)   -5.0000                 

(X_U73.N701935)-241.8E-06             (X_U73.N704979)   -6.4993                 

(X_U73.N705005)    -.0078             (X_U73.N709083)    3.6601                 

(X_U73.N709113)     .0062             (X_U73.N749288)    -.0070                 

(X_U73.VCC_CLP)    4.1998             (X_U73.VEE_CLP)   -4.2000                 

(X_U73.X_E_N.3)    0.0000             (X_U73.X_E_N.4)    0.0000                 

(X_U73.X_E_N.5)    0.0000             (X_U73.X_E_N.6)    0.0000                 

(X_U73.X_E_N.7)     .8338             (X_U73.X_E_N.8)     .8338                 

(X_U76.N110431)    2.5124             (X_U76.N112292)    3.9059                 

(X_U76.N317950)    2.5000             (X_U76.N406634)    5.0000                 

(X_U76.N406794) 2.504E-06             (X_U76.N749288)    3.9006                 

(X_U76.VCC_CLP)    4.2118             (X_U76.VEE_CLP)    1.0201                 

(X_U76.X_E_N.3)    0.0000             (X_U76.X_E_N.4)    0.0000                 

(X_U76.X_E_N.5)    0.0000             (X_U76.X_E_N.6)    0.0000                 

(X_U76.X_E_N.7)     .8338             (X_U76.X_E_N.8)     .8338                 

(X_U1.N32898091)  699.7200            (X_U73.N1327152)     .0070                

(X_U73.X_I_NP.3)    0.0000            (X_U73.X_I_NP.4)    0.0000                

(X_U73.X_I_NP.5)    0.0000            (X_U73.X_I_NP.6)    0.0000                

(X_U73.X_I_NP.7)     .8338            (X_U73.X_I_NP.8)     .8338                

(X_U76.N1254860)   17.9820            (X_U76.N1446199)    4.0758                

(X_U76.N1446217)    4.0758            (X_U76.N1461236)    2.3361                

(X_U76.N1461246)    2.5000            (X_U76.N1461252)    2.5046                

(X_U76.N1481243)     .7102            (X_U76.N1481253)    2.4999                

(X_U76.N1481259)    2.5005            (X_U76.N1483677)    6.4446                

(X_U76.N1483687)    2.5002            (X_U76.N1483693)    2.4954                

(X_U76.N1483703)    2.4998            (X_U76.N1483713)    2.5046                

(X_U76.N1490067)    2.5001            (X_U76.N1492098)    2.7548                

(X_U76.N1492108)    2.6699            (X_U76.N1492118)    2.6699                

(X_U76.N1492126)    2.6699            (X_U76.N1492376)    2.6699                

(X_U76.N1534615)    6.8373            (X_U76.N1534625)    2.6519                

(X_U76.N1534635)    2.6519            (X_U76.N1534645)    2.6519                

(X_U76.N1534887)    2.6519            (X_U76.N1541593)    6.3796                

(X_U76.N1541603)    2.6359            (X_U1.CLAW_CLAMP)    3.9562               

(X_U73.X_I_NP2.3)    0.0000           (X_U73.X_I_NP2.4)    0.0000               

(X_U73.X_I_NP2.5)    0.0000           (X_U73.X_I_NP2.6)    0.0000               

(X_U73.X_I_NP2.7)     .8338           (X_U73.X_I_NP2.8)     .8338               

(X_U76.X_I_NP1.3)    0.0000           (X_U76.X_I_NP1.4)    0.0000               

(X_U76.X_I_NP1.5)    0.0000           (X_U76.X_I_NP1.6)    0.0000               

(X_U76.X_I_NP1.7)     .8338           (X_U76.X_I_NP1.8)     .8338               

(X_U1.SW_OL_OPAx277)    1.0000        (X_U73.X_VOS_VS_VCM.1)    -.0070          

(X_U76.X_VOS_VS_VCM.1)    3.9006      




    VOLTAGE SOURCE CURRENTS
    NAME         CURRENT

    V_V2        -1.369E-02
    V_V6        -4.612E-04
    V_V5        -8.492E-04
    V_V1        -4.081E-02
    X_U76.V_VCM_MAX  -2.100E-09
    X_U76.V_VCM_MIN   1.400E-09
    X_U1.V_VCM_MAX  -3.001E-12
    X_U1.V_VCM_MIN   3.001E-12
    X_U1.V_V_GRN   7.500E-11
    X_U1.V_V_GRP  -7.500E-11
    X_U1.V_V_ISCN   3.500E-11
    X_U1.V_V_ISCP  -3.500E-11
    X_U1.V_V_ORN   0.000E+00
    X_U1.V_V_ORP   0.000E+00
    X_U73.V_VCM_MAX  -3.300E-09
    X_U73.V_VCM_MIN   3.300E-09
    X_U76.X_H3.VH_H3  -1.245E-05
    X_U76.X_VOS_VS_VCM.V1   4.097E-13
    X_U1.X_H1.VH_H1   9.576E-03
    X_U1.X_H2.VH_H2   6.872E-01
    X_U1.X_H3.VH_H3   4.676E-09
    X_U73.X_H3.VH_H3  -1.980E-05
    X_U73.X_VOS_VS_VCM.V1  -9.661E-17

    TOTAL POWER DISSIPATION   2.79E-01  WATTS


Model-Specific Temperatures During Sweep  Param value = 0.00423

 **** RESISTORS

               X_U76.R_R1 <X_U76.R_NOISELESS> (T_Current -273.15 T_Measured 27)
                              X_U76.R_R10 <X_U76.R_NOISELESS> (T_Current -273.15 T_Measured 27)
                                             X_U76.R_R107 <X_U76.R_NOISELESS> (T_Current -273.15 T_Measured 27)

          R        1.000E-02      1.000E-03      1.000E+00  


               X_U76.R_R108 <X_U76.R_NOISELESS> (T_Current -273.15 T_Measured 27)
                              X_U76.R_R109 <X_U76.R_NOISELESS> (T_Current -273.15 T_Measured 27)
                                             X_U76.R_R110 <X_U76.R_NOISELESS> (T_Current -273.15 T_Measured 27)

          R        1.000E+12      1.000E+00      1.000E-03  


               X_U76.R_R111 <X_U76.R_NOISELESS> (T_Current -273.15 T_Measured 27)
                              X_U76.R_R112 <X_U76.R_NOISELESS> (T_Current -273.15 T_Measured 27)
                                             X_U76.R_R113 <X_U76.R_NOISELESS> (T_Current -273.15 T_Measured 27)

          R        1.000E+06      1.000E+06      1.000E-03  


               X_U76.R_R146 <X_U76.R_NOISELESS> (T_Current -273.15 T_Measured 27)
                              X_U76.R_R147 <X_U76.R_NOISELESS> (T_Current -273.15 T_Measured 27)
                                             X_U76.R_R148 <X_U76.R_NOISELESS> (T_Current -273.15 T_Measured 27)

          R        1.000E+00      1.000E+00      1.000E+00  


               X_U76.R_R162 <X_U76.R_NOISELESS> (T_Current -273.15 T_Measured 27)
                              X_U76.R_R1A <X_U76.R_NOISELESS> (T_Current -273.15 T_Measured 27)
                                             X_U76.R_R1A1 <X_U76.R_NOISELESS> (T_Current -273.15 T_Measured 27)

          R        5.000E+03      1.000E+04      3.000E+01  


               X_U76.R_R1A14 <X_U76.R_NOISELESS> (T_Current -273.15 T_Measured 27)
                              X_U76.R_R1A15 <X_U76.R_NOISELESS> (T_Current -273.15 T_Measured 27)
                                             X_U76.R_R1A16 <X_U76.R_NOISELESS> (T_Current -273.15 T_Measured 27)

          R        1.000E+04      1.000E+04      2.800E+00  


               X_U76.R_R1A17 <X_U76.R_NOISELESS> (T_Current -273.15 T_Measured 27)
                              X_U76.R_R1A18 <X_U76.R_NOISELESS> (T_Current -273.15 T_Measured 27)
                                             X_U76.R_R1A40 <X_U76.R_NOISELESS> (T_Current -273.15 T_Measured 27)

          R        1.000E+04      1.000E+04      1.000E+04  


               X_U76.R_R1A41 <X_U76.R_NOISELESS> (T_Current -273.15 T_Measured 27)
                              X_U76.R_R1A42 <X_U76.R_NOISELESS> (T_Current -273.15 T_Measured 27)
                                             X_U76.R_R1A43 <X_U76.R_NOISELESS> (T_Current -273.15 T_Measured 27)

          R        7.000E+00      1.000E+04      3.000E+01  


               X_U76.R_R1A44 <X_U76.R_NOISELESS> (T_Current -273.15 T_Measured 27)
                              X_U76.R_R1A45 <X_U76.R_NOISELESS> (T_Current -273.15 T_Measured 27)
                                             X_U76.R_R2 <X_U76.R_NOISELESS> (T_Current -273.15 T_Measured 27)

          R        1.000E+01      1.000E+01      1.000E-02  


               X_U76.R_R21 <X_U76.R_NOISELESS> (T_Current -273.15 T_Measured 27)
                              X_U76.R_R211 <X_U76.R_NOISELESS> (T_Current -273.15 T_Measured 27)
                                             X_U76.R_R225 <X_U76.R_NOISELESS> (T_Current -273.15 T_Measured 27)

          R        1.000E+03      1.000E+00      1.000E+00  


               X_U76.R_R226 <X_U76.R_NOISELESS> (T_Current -273.15 T_Measured 27)
                              X_U76.R_R245 <X_U76.R_NOISELESS> (T_Current -273.15 T_Measured 27)
                                             X_U76.R_R246 <X_U76.R_NOISELESS> (T_Current -273.15 T_Measured 27)

          R        3.000E+01      4.500E+03      1.000E+00  


               X_U76.R_R247 <X_U76.R_NOISELESS> (T_Current -273.15 T_Measured 27)
                              X_U76.R_R248 <X_U76.R_NOISELESS> (T_Current -273.15 T_Measured 27)
                                             X_U76.R_R249 <X_U76.R_NOISELESS> (T_Current -273.15 T_Measured 27)

          R        1.000E+00      1.000E+00      1.000E+00  


               X_U76.R_R25 <X_U76.R_NOISELESS> (T_Current -273.15 T_Measured 27)
                              X_U76.R_R250 <X_U76.R_NOISELESS> (T_Current -273.15 T_Measured 27)
                                             X_U76.R_R251 <X_U76.R_NOISELESS> (T_Current -273.15 T_Measured 27)

          R        1.000E+09      1.000E+00      1.000E+00  


               X_U76.R_R252 <X_U76.R_NOISELESS> (T_Current -273.15 T_Measured 27)
                              X_U76.R_R253 <X_U76.R_NOISELESS> (T_Current -273.15 T_Measured 27)
                                             X_U76.R_R26 <X_U76.R_NOISELESS> (T_Current -273.15 T_Measured 27)

          R        1.000E+00      1.000E+00      1.000E+09  


               X_U76.R_R27 <X_U76.R_NOISELESS> (T_Current -273.15 T_Measured 27)
                              X_U76.R_R28 <X_U76.R_NOISELESS> (T_Current -273.15 T_Measured 27)
                                             X_U76.R_R29 <X_U76.R_NOISELESS> (T_Current -273.15 T_Measured 27)

          R        1.000E+00      1.000E-03      1.000E+03  


               X_U76.R_R2A <X_U76.R_NOISELESS> (T_Current -273.15 T_Measured 27)
                              X_U76.R_R2A1 <X_U76.R_NOISELESS> (T_Current -273.15 T_Measured 27)
                                             X_U76.R_R2A16 <X_U76.R_NOISELESS> (T_Current -273.15 T_Measured 27)

          R        2.000E+04      1.000E+01      5.420E-01  


               X_U76.R_R2A17 <X_U76.R_NOISELESS> (T_Current -273.15 T_Measured 27)
                              X_U76.R_R2A18 <X_U76.R_NOISELESS> (T_Current -273.15 T_Measured 27)
                                             X_U76.R_R2A36 <X_U76.R_NOISELESS> (T_Current -273.15 T_Measured 27)

          R        4.822E+02      4.822E+02      8.500E-01  


               X_U76.R_R2A37 <X_U76.R_NOISELESS> (T_Current -273.15 T_Measured 27)
                              X_U76.R_R2A40 <X_U76.R_NOISELESS> (T_Current -273.15 T_Measured 27)
                                             X_U76.R_R2A41 <X_U76.R_NOISELESS> (T_Current -273.15 T_Measured 27)

          R        3.010E+01      7.000E-01      1.000E+01  


               X_U76.R_R2A42 <X_U76.R_NOISELESS> (T_Current -273.15 T_Measured 27)
                              X_U76.R_R2A43 <X_U76.R_NOISELESS> (T_Current -273.15 T_Measured 27)
                                             X_U76.R_R3 <X_U76.R_NOISELESS> (T_Current -273.15 T_Measured 27)

          R        3.630E-01      3.630E-01      2.300E+06  


               X_U76.R_R30 <X_U76.R_NOISELESS> (T_Current -273.15 T_Measured 27)
                              X_U76.R_R31 <X_U76.R_NOISELESS> (T_Current -273.15 T_Measured 27)
                                             X_U76.R_R32 <X_U76.R_NOISELESS> (T_Current -273.15 T_Measured 27)

          R        1.000E-03      1.000E+03      1.000E+03  


               X_U76.R_R33 <X_U76.R_NOISELESS> (T_Current -273.15 T_Measured 27)
                              X_U76.R_R34 <X_U76.R_NOISELESS> (T_Current -273.15 T_Measured 27)
                                             X_U76.R_R4 <X_U76.R_NOISELESS> (T_Current -273.15 T_Measured 27)

          R        1.000E-03      1.000E+03      2.300E+06  


               X_U76.R_R6 <X_U76.R_NOISELESS> (T_Current -273.15 T_Measured 27)
                              X_U76.R_R60 <X_U76.R_NOISELESS> (T_Current -273.15 T_Measured 27)
                                             X_U76.R_R8 <X_U76.R_NOISELESS> (T_Current -273.15 T_Measured 27)

          R        1.000E+00      1.000E+00      1.000E+03  


               X_U76.R_R81 <X_U76.R_NOISELESS> (T_Current -273.15 T_Measured 27)
                              X_U76.R_R83 <X_U76.R_NOISELESS> (T_Current -273.15 T_Measured 27)
                                             X_U76.R_R9 <X_U76.R_NOISELESS> (T_Current -273.15 T_Measured 27)

          R        1.000E+09      1.000E+09      1.000E-03  


               X_U76.R_RDUMMY <X_U76.R_NOISELESS> (T_Current -273.15 T_Measured 27)
                              X_U76.R_RX <X_U76.R_NOISELESS> (T_Current -273.15 T_Measured 27)
                                             X_U76.R_R_VIMON <X_U76.R_NOISELESS> (T_Current -273.15 T_Measured 27)

          R        1.400E+02      1.400E+03      1.000E+02  


               X_U76.R_R_VOUT_S <X_U76.R_NOISELESS> (T_Current -273.15 T_Measured 27)
                              X_U1.R_R10 <X_U1.R_NOISELESS> (T_Current -273.15 T_Measured 27)
                                             X_U1.R_R11 <X_U1.R_NOISELESS> (T_Current -273.15 T_Measured 27)

          R        1.000E+02      1.000E+00      3.333E+01  


               X_U1.R_R12 <X_U1.R_NOISELESS> (T_Current -273.15 T_Measured 27)
                              X_U1.R_R13 <X_U1.R_NOISELESS> (T_Current -273.15 T_Measured 27)
                                             X_U1.R_R139 <X_U1.R_NOISELESS> (T_Current -273.15 T_Measured 27)

          R        1.000E+08      1.000E+00      1.057E+04  


               X_U1.R_R14 <X_U1.R_NOISELESS> (T_Current -273.15 T_Measured 27)
                              X_U1.R_R140 <X_U1.R_NOISELESS> (T_Current -273.15 T_Measured 27)
                                             X_U1.R_R141 <X_U1.R_NOISELESS> (T_Current -273.15 T_Measured 27)

          R        3.287E+04      1.000E+04      1.000E+00  


               X_U1.R_R142 <X_U1.R_NOISELESS> (T_Current -273.15 T_Measured 27)
                              X_U1.R_R143 <X_U1.R_NOISELESS> (T_Current -273.15 T_Measured 27)
                                             X_U1.R_R144 <X_U1.R_NOISELESS> (T_Current -273.15 T_Measured 27)

          R        1.000E+04      1.000E+00      7.603E+00  


               X_U1.R_R15 <X_U1.R_NOISELESS> (T_Current -273.15 T_Measured 27)
                              X_U1.R_R158 <X_U1.R_NOISELESS> (T_Current -273.15 T_Measured 27)
                                             X_U1.R_R159 <X_U1.R_NOISELESS> (T_Current -273.15 T_Measured 27)

          R        1.000E-03      1.000E+04      1.000E+00  


               X_U1.R_R16 <X_U1.R_NOISELESS> (T_Current -273.15 T_Measured 27)
                              X_U1.R_R160 <X_U1.R_NOISELESS> (T_Current -273.15 T_Measured 27)
                                             X_U1.R_R161 <X_U1.R_NOISELESS> (T_Current -273.15 T_Measured 27)

          R        1.000E+03      6.670E+03      1.000E+06  


               X_U1.R_R162 <X_U1.R_NOISELESS> (T_Current -273.15 T_Measured 27)
                              X_U1.R_R166 <X_U1.R_NOISELESS> (T_Current -273.15 T_Measured 27)
                                             X_U1.R_R167 <X_U1.R_NOISELESS> (T_Current -273.15 T_Measured 27)

          R        1.000E+06      1.000E+06      1.000E+02  


               X_U1.R_R168 <X_U1.R_NOISELESS> (T_Current -273.15 T_Measured 27)
                              X_U1.R_R169 <X_U1.R_NOISELESS> (T_Current -273.15 T_Measured 27)
                                             X_U1.R_R17 <X_U1.R_NOISELESS> (T_Current -273.15 T_Measured 27)

          R        1.000E+04      1.000E+00      1.000E-03  


               X_U1.R_R170 <X_U1.R_NOISELESS> (T_Current -273.15 T_Measured 27)
                              X_U1.R_R171 <X_U1.R_NOISELESS> (T_Current -273.15 T_Measured 27)
                                             X_U1.R_R172 <X_U1.R_NOISELESS> (T_Current -273.15 T_Measured 27)

          R        5.934E+03      1.000E+06      9.869E+04  


               X_U1.R_R173 <X_U1.R_NOISELESS> (T_Current -273.15 T_Measured 27)
                              X_U1.R_R174 <X_U1.R_NOISELESS> (T_Current -273.15 T_Measured 27)
                                             X_U1.R_R175 <X_U1.R_NOISELESS> (T_Current -273.15 T_Measured 27)

          R        1.000E+04      1.000E+00      5.157E+04  


               X_U1.R_R176 <X_U1.R_NOISELESS> (T_Current -273.15 T_Measured 27)
                              X_U1.R_R177 <X_U1.R_NOISELESS> (T_Current -273.15 T_Measured 27)
                                             X_U1.R_R178 <X_U1.R_NOISELESS> (T_Current -273.15 T_Measured 27)

          R        1.000E+04      1.000E+00      9.484E+03  


               X_U1.R_R179 <X_U1.R_NOISELESS> (T_Current -273.15 T_Measured 27)
                              X_U1.R_R18 <X_U1.R_NOISELESS> (T_Current -273.15 T_Measured 27)
                                             X_U1.R_R180 <X_U1.R_NOISELESS> (T_Current -273.15 T_Measured 27)

          R        1.000E+04      1.000E+12      1.000E+00  


               X_U1.R_R181 <X_U1.R_NOISELESS> (T_Current -273.15 T_Measured 27)
                              X_U1.R_R182 <X_U1.R_NOISELESS> (T_Current -273.15 T_Measured 27)
                                             X_U1.R_R183 <X_U1.R_NOISELESS> (T_Current -273.15 T_Measured 27)

          R        9.500E+03      1.000E+04      1.000E+00  


               X_U1.R_R184 <X_U1.R_NOISELESS> (T_Current -273.15 T_Measured 27)
                              X_U1.R_R185 <X_U1.R_NOISELESS> (T_Current -273.15 T_Measured 27)
                                             X_U1.R_R186 <X_U1.R_NOISELESS> (T_Current -273.15 T_Measured 27)

          R        5.875E+03      1.000E+04      1.000E+00  


               X_U1.R_R187 <X_U1.R_NOISELESS> (T_Current -273.15 T_Measured 27)
                              X_U1.R_R188 <X_U1.R_NOISELESS> (T_Current -273.15 T_Measured 27)
                                             X_U1.R_R189 <X_U1.R_NOISELESS> (T_Current -273.15 T_Measured 27)

          R        3.086E+03      1.000E+04      1.000E+00  


               X_U1.R_R19 <X_U1.R_NOISELESS> (T_Current -273.15 T_Measured 27)
                              X_U1.R_R190 <X_U1.R_NOISELESS> (T_Current -273.15 T_Measured 27)
                                             X_U1.R_R191 <X_U1.R_NOISELESS> (T_Current -273.15 T_Measured 27)

          R        1.000E+12      1.000E+04      1.001E+01  


               X_U1.R_R192 <X_U1.R_NOISELESS> (T_Current -273.15 T_Measured 27)
                              X_U1.R_R193 <X_U1.R_NOISELESS> (T_Current -273.15 T_Measured 27)
                                             X_U1.R_R20 <X_U1.R_NOISELESS> (T_Current -273.15 T_Measured 27)

          R        1.000E+00      1.000E+00      1.000E+00  


               X_U1.R_R21 <X_U1.R_NOISELESS> (T_Current -273.15 T_Measured 27)
                              X_U1.R_R22 <X_U1.R_NOISELESS> (T_Current -273.15 T_Measured 27)
                                             X_U1.R_R23 <X_U1.R_NOISELESS> (T_Current -273.15 T_Measured 27)

          R        1.000E-03      1.000E+06      1.000E+06  


               X_U1.R_R24 <X_U1.R_NOISELESS> (T_Current -273.15 T_Measured 27)
                              X_U1.R_R32 <X_U1.R_NOISELESS> (T_Current -273.15 T_Measured 27)
                                             X_U1.R_R33 <X_U1.R_NOISELESS> (T_Current -273.15 T_Measured 27)

          R        1.000E+03      1.000E+03      1.000E+03  


               X_U1.R_R34 <X_U1.R_NOISELESS> (T_Current -273.15 T_Measured 27)
                              X_U1.R_R35 <X_U1.R_NOISELESS> (T_Current -273.15 T_Measured 27)
                                             X_U1.R_R36 <X_U1.R_NOISELESS> (T_Current -273.15 T_Measured 27)

          R        1.000E+04      1.000E+00      1.095E+04  


               X_U1.R_R43 <X_U1.R_NOISELESS> (T_Current -273.15 T_Measured 27)
                              X_U1.R_R46 <X_U1.R_NOISELESS> (T_Current -273.15 T_Measured 27)
                                             X_U1.R_R47 <X_U1.R_NOISELESS> (T_Current -273.15 T_Measured 27)

          R        1.000E+00      1.000E+00      1.000E-03  


               X_U1.R_R48 <X_U1.R_NOISELESS> (T_Current -273.15 T_Measured 27)
                              X_U1.R_R49 <X_U1.R_NOISELESS> (T_Current -273.15 T_Measured 27)
                                             X_U1.R_R5 <X_U1.R_NOISELESS> (T_Current -273.15 T_Measured 27)

          R        1.000E+06      1.000E+12      1.000E+00  


               X_U1.R_R50 <X_U1.R_NOISELESS> (T_Current -273.15 T_Measured 27)
                              X_U1.R_R51 <X_U1.R_NOISELESS> (T_Current -273.15 T_Measured 27)
                                             X_U1.R_R52 <X_U1.R_NOISELESS> (T_Current -273.15 T_Measured 27)

          R        1.000E+06      1.000E-03      1.000E+00  


               X_U1.R_R53 <X_U1.R_NOISELESS> (T_Current -273.15 T_Measured 27)
                              X_U1.R_R54 <X_U1.R_NOISELESS> (T_Current -273.15 T_Measured 27)
                                             X_U1.R_R55 <X_U1.R_NOISELESS> (T_Current -273.15 T_Measured 27)

          R        1.000E+12      1.000E+00      1.000E-03  


               X_U1.R_R56 <X_U1.R_NOISELESS> (T_Current -273.15 T_Measured 27)
                              X_U1.R_R57 <X_U1.R_NOISELESS> (T_Current -273.15 T_Measured 27)
                                             X_U1.R_R58 <X_U1.R_NOISELESS> (T_Current -273.15 T_Measured 27)

          R        1.000E+12      1.000E+00      1.000E-03  


               X_U1.R_R59 <X_U1.R_NOISELESS> (T_Current -273.15 T_Measured 27)
                              X_U1.R_R6 <X_U1.R_NOISELESS> (T_Current -273.15 T_Measured 27)
                                             X_U1.R_R60 <X_U1.R_NOISELESS> (T_Current -273.15 T_Measured 27)

          R        1.000E+12      1.000E+08      1.000E+00  


               X_U1.R_R61 <X_U1.R_NOISELESS> (T_Current -273.15 T_Measured 27)
                              X_U1.R_R62 <X_U1.R_NOISELESS> (T_Current -273.15 T_Measured 27)
                                             X_U1.R_R63 <X_U1.R_NOISELESS> (T_Current -273.15 T_Measured 27)

          R        1.000E-03      1.000E-03      1.000E+12  


               X_U1.R_R64 <X_U1.R_NOISELESS> (T_Current -273.15 T_Measured 27)
                              X_U1.R_R65 <X_U1.R_NOISELESS> (T_Current -273.15 T_Measured 27)
                                             X_U1.R_R66 <X_U1.R_NOISELESS> (T_Current -273.15 T_Measured 27)

          R        1.000E+00      1.000E+12      1.000E+00  


               X_U1.R_R67 <X_U1.R_NOISELESS> (T_Current -273.15 T_Measured 27)
                              X_U1.R_R68 <X_U1.R_NOISELESS> (T_Current -273.15 T_Measured 27)
                                             X_U1.R_R69 <X_U1.R_NOISELESS> (T_Current -273.15 T_Measured 27)

          R        1.000E-03      1.000E-03      1.000E+12  


               X_U1.R_R7 <X_U1.R_NOISELESS> (T_Current -273.15 T_Measured 27)
                              X_U1.R_R70 <X_U1.R_NOISELESS> (T_Current -273.15 T_Measured 27)
                                             X_U1.R_R71 <X_U1.R_NOISELESS> (T_Current -273.15 T_Measured 27)

          R        8.332E+00      1.000E+00      1.000E-03  


               X_U1.R_R72 <X_U1.R_NOISELESS> (T_Current -273.15 T_Measured 27)
                              X_U1.R_R73 <X_U1.R_NOISELESS> (T_Current -273.15 T_Measured 27)
                                             X_U1.R_R74 <X_U1.R_NOISELESS> (T_Current -273.15 T_Measured 27)

          R        1.000E+03      1.000E-03      1.000E+03  


               X_U1.R_R75 <X_U1.R_NOISELESS> (T_Current -273.15 T_Measured 27)
                              X_U1.R_R76 <X_U1.R_NOISELESS> (T_Current -273.15 T_Measured 27)
                                             X_U1.R_R77 <X_U1.R_NOISELESS> (T_Current -273.15 T_Measured 27)

          R        1.000E-03      1.000E+03      1.000E+03  


               X_U1.R_R78 <X_U1.R_NOISELESS> (T_Current -273.15 T_Measured 27)
                              X_U1.R_R79 <X_U1.R_NOISELESS> (T_Current -273.15 T_Measured 27)
                                             X_U1.R_R8 <X_U1.R_NOISELESS> (T_Current -273.15 T_Measured 27)

          R        1.000E+00      1.000E+00      1.000E+03  


               X_U1.R_R80 <X_U1.R_NOISELESS> (T_Current -273.15 T_Measured 27)
                              X_U1.R_R81 <X_U1.R_NOISELESS> (T_Current -273.15 T_Measured 27)
                                             X_U1.R_R82 <X_U1.R_NOISELESS> (T_Current -273.15 T_Measured 27)

          R        1.000E+02      1.000E+02      1.000E+00  


               X_U1.R_R83 <X_U1.R_NOISELESS> (T_Current -273.15 T_Measured 27)
                              X_U1.R_R9 <X_U1.R_NOISELESS> (T_Current -273.15 T_Measured 27)
                                             X_U1.R_RDUMMY <X_U1.R_NOISELESS> (T_Current -273.15 T_Measured 27)

          R        1.000E+02      1.000E+08      6.858E+03  


               X_U1.R_RS_INN <X_U1.R_NOISELESS> (T_Current -273.15 T_Measured 27)
                              X_U1.R_RS_INP <X_U1.R_NOISELESS> (T_Current -273.15 T_Measured 27)
                                             X_U1.R_RX <X_U1.R_NOISELESS> (T_Current -273.15 T_Measured 27)

          R        1.000E+03      1.000E+03      6.858E+04  


               X_U1.R_RX1 <X_U1.R_NOISELESS> (T_Current -273.15 T_Measured 27)
                              X_U1.R_RX2 <X_U1.R_NOISELESS> (T_Current -273.15 T_Measured 27)
                                             X_U1.R_RX3 <X_U1.R_NOISELESS> (T_Current -273.15 T_Measured 27)

          R        1.000E+12      1.000E+02      1.000E+12  


               X_U1.R_RX4 <X_U1.R_NOISELESS> (T_Current -273.15 T_Measured 27)
                              X_U1.R_R_COM0 <X_U1.R_NOISELESS> (T_Current -273.15 T_Measured 27)
                                             X_U1.R_R_COM1 <X_U1.R_NOISELESS> (T_Current -273.15 T_Measured 27)

          R        1.000E+02      1.000E+12      1.000E+12  


               X_U1.R_R_DIFF <X_U1.R_NOISELESS> (T_Current -273.15 T_Measured 27)
                              X_U73.R_R107 <X_U73.R_NOISELESS> (T_Current -273.15 T_Measured 27)
                                             X_U73.R_R108 <X_U73.R_NOISELESS> (T_Current -273.15 T_Measured 27)

          R        1.000E+08      1.000E+00      1.000E+12  


               X_U73.R_R109 <X_U73.R_NOISELESS> (T_Current -273.15 T_Measured 27)
                              X_U73.R_R110 <X_U73.R_NOISELESS> (T_Current -273.15 T_Measured 27)
                                             X_U73.R_R111 <X_U73.R_NOISELESS> (T_Current -273.15 T_Measured 27)

          R        1.000E+00      1.000E-03      1.000E+06  


               X_U73.R_R112 <X_U73.R_NOISELESS> (T_Current -273.15 T_Measured 27)
                              X_U73.R_R113 <X_U73.R_NOISELESS> (T_Current -273.15 T_Measured 27)
                                             X_U73.R_R136 <X_U73.R_NOISELESS> (T_Current -273.15 T_Measured 27)

          R        1.000E+06      1.000E-03      1.000E+00  


               X_U73.R_R169 <X_U73.R_NOISELESS> (T_Current -273.15 T_Measured 27)
                              X_U73.R_R1A1 <X_U73.R_NOISELESS> (T_Current -273.15 T_Measured 27)
                                             X_U73.R_R1A3 <X_U73.R_NOISELESS> (T_Current -273.15 T_Measured 27)

          R        2.900E+01      1.000E+04      1.000E+04  


               X_U73.R_R1A4 <X_U73.R_NOISELESS> (T_Current -273.15 T_Measured 27)
                              X_U73.R_R2 <X_U73.R_NOISELESS> (T_Current -273.15 T_Measured 27)
                                             X_U73.R_R21 <X_U73.R_NOISELESS> (T_Current -273.15 T_Measured 27)

          R        1.000E+04      1.000E-02      1.000E+03  


               X_U73.R_R25 <X_U73.R_NOISELESS> (T_Current -273.15 T_Measured 27)
                              X_U73.R_R26 <X_U73.R_NOISELESS> (T_Current -273.15 T_Measured 27)
                                             X_U73.R_R261 <X_U73.R_NOISELESS> (T_Current -273.15 T_Measured 27)

          R        1.000E+09      1.000E+09      1.000E+00  


               X_U73.R_R27 <X_U73.R_NOISELESS> (T_Current -273.15 T_Measured 27)
                              X_U73.R_R28 <X_U73.R_NOISELESS> (T_Current -273.15 T_Measured 27)
                                             X_U73.R_R29 <X_U73.R_NOISELESS> (T_Current -273.15 T_Measured 27)

          R        1.000E+00      1.000E-03      1.000E+03  


               X_U73.R_R2A1 <X_U73.R_NOISELESS> (T_Current -273.15 T_Measured 27)
                              X_U73.R_R2A4 <X_U73.R_NOISELESS> (T_Current -273.15 T_Measured 27)
                                             X_U73.R_R2A5 <X_U73.R_NOISELESS> (T_Current -273.15 T_Measured 27)

          R        1.700E+01      2.000E+01      1.200E+01  


               X_U73.R_R3 <X_U73.R_NOISELESS> (T_Current -273.15 T_Measured 27)
                              X_U73.R_R30 <X_U73.R_NOISELESS> (T_Current -273.15 T_Measured 27)
                                             X_U73.R_R31 <X_U73.R_NOISELESS> (T_Current -273.15 T_Measured 27)

          R        2.800E+05      1.000E-03      1.000E+03  


               X_U73.R_R32 <X_U73.R_NOISELESS> (T_Current -273.15 T_Measured 27)
                              X_U73.R_R33 <X_U73.R_NOISELESS> (T_Current -273.15 T_Measured 27)
                                             X_U73.R_R34 <X_U73.R_NOISELESS> (T_Current -273.15 T_Measured 27)

          R        1.000E+03      1.000E-03      1.000E+03  


               X_U73.R_R35 <X_U73.R_NOISELESS> (T_Current -273.15 T_Measured 27)
                              X_U73.R_R36 <X_U73.R_NOISELESS> (T_Current -273.15 T_Measured 27)
                                             X_U73.R_R363 <X_U73.R_NOISELESS> (T_Current -273.15 T_Measured 27)

          R        1.000E+09      1.000E+00      1.000E+00  


               X_U73.R_R364 <X_U73.R_NOISELESS> (T_Current -273.15 T_Measured 27)
                              X_U73.R_R37 <X_U73.R_NOISELESS> (T_Current -273.15 T_Measured 27)
                                             X_U73.R_R38 <X_U73.R_NOISELESS> (T_Current -273.15 T_Measured 27)

          R        1.000E+00      1.000E-03      1.000E-03  


               X_U73.R_R39 <X_U73.R_NOISELESS> (T_Current -273.15 T_Measured 27)
                              X_U73.R_R40 <X_U73.R_NOISELESS> (T_Current -273.15 T_Measured 27)
                                             X_U73.R_R5 <X_U73.R_NOISELESS> (T_Current -273.15 T_Measured 27)

          R        1.000E+00      1.000E+09      1.000E+00  


               X_U73.R_R60 <X_U73.R_NOISELESS> (T_Current -273.15 T_Measured 27)
                              X_U73.R_R8 <X_U73.R_NOISELESS> (T_Current -273.15 T_Measured 27)
                                             X_U73.R_R81 <X_U73.R_NOISELESS> (T_Current -273.15 T_Measured 27)

          R        3.700E+04      1.000E+03      1.000E+09  


               X_U73.R_R83 <X_U73.R_NOISELESS> (T_Current -273.15 T_Measured 27)
                              X_U73.R_R9 <X_U73.R_NOISELESS> (T_Current -273.15 T_Measured 27)
                                             X_U73.R_R_VIMON <X_U73.R_NOISELESS> (T_Current -273.15 T_Measured 27)

          R        1.000E+09      1.000E-03      1.000E+02  


               X_U73.R_R_VOUT_S <X_U73.R_NOISELESS> (T_Current -273.15 T_Measured 27)

          R        1.000E+02  



**** 04/05/25 22:08:30 *** PSpice 24.1.0 (26 February 2025) *** ID# 0 ********

 ** Profile: "SCHEMATIC1-asdfa"  [ c:\users\user\appdata\roaming\spb_data\cdssetup\workspace\projects\tiaopa695\TIAOPA695-PSpiceFiles


 ****     INITIAL TRANSIENT SOLUTION       TEMPERATURE =   27.000 DEG C

 ****     CURRENT STEP                     PARAM IVAR =    4.2300E-03


******************************************************************************



 NODE   VOLTAGE     NODE   VOLTAGE     NODE   VOLTAGE     NODE   VOLTAGE


(  VCC)    5.0000  (  VEE)   -5.0000  (N1113089)    3.8997                      

(N1113125)    3.9059                  (N1113485)    3.9010                      

(N1113565)    5.0000                  (N1113637)    1.9901                      

(N1113647)    3.9027                  (N1113661)    3.3016                      

(N1113879)   -5.0000                  (N1114737)     .0070                      

(N1114747)     .0070                  (N1114761)     .0168                      

(N1114963)     .0168                  (N1114991)-260.0E-06                      

(X_U1.MID)-423.5E-18                  (X_U1.V11)-4.676E-09                      

(X_U1.V12)     .6872                  (X_U76.ZO)    3.9059                      

(X_U1.ESDN)    2.3782                 (X_U1.ESDP)    2.9136                     

(X_U1.VCLP)    3.9562                 (X_U73.AOL)     .0168                     

(X_U73.MID)-211.8E-18                 (X_U76.MID)    2.5000                     

(X_U1.CLAMP)    6.6228                (X_U1.VCC_B)    5.0000                    

(X_U1.VEE_B)   -5.0000                (X_U1.VIMON)    9.5755                    

(X_U73.CMRR)-482.6E-09                (X_U76.CMRR)    2.5000                    

(X_U76.ESDN)    3.8997                (X_U76.ESDP)    3.9010                    

(X_U1.VOUT_S)    3.9027               (X_U1.VSENSE)    6.6228                   

(X_U1.X_U1.3)    0.0000               (X_U1.X_U1.4)    0.0000                   

(X_U1.X_U1.5)    0.0000               (X_U1.X_U1.6)    0.0000                   

(X_U1.X_U1.7)     .8338               (X_U1.X_U1.8)     .8338                   

(X_U73.CLAMP)     .0168               (X_U73.VCC_B)    5.0000                   

(X_U73.VEE_B)   -5.0000               (X_U73.VIMON)     .0198                   

(X_U76.CLAMP)    4.1283               (X_U76.PSRRN)    2.5002                   

(X_U76.PSRRP)    2.5001               (X_U76.VCC_B)    5.0000                   

(X_U76.VEE_B) 2.501E-06               (X_U76.VIMON)    2.5124                   

(X_U1.VCC_CLP)    3.9000              (X_U1.VEE_CLP)   -4.8260                  

(X_U1.X_U39.3)    0.0000              (X_U1.X_U39.4)    0.0000                  

(X_U1.X_U39.5)    0.0000              (X_U1.X_U39.6)    0.0000                  

(X_U1.X_U39.7)     .8338              (X_U1.X_U39.8)     .8338                  

(X_U1.X_U40.3)    0.0000              (X_U1.X_U40.4)    0.0000                  

(X_U1.X_U40.5)    0.0000              (X_U1.X_U40.6)    0.0000                  

(X_U1.X_U40.7)     .8338              (X_U1.X_U40.8)     .8338                  

(X_U73.AOLNET)    -.0168              (X_U73.N05102)     .0070                  

(X_U73.N06456)-260.0E-06              (X_U73.N10561)    -.0070                  

(X_U73.N10570)    -.0070              (X_U73.N11984)    -.0070                  

(X_U73.N25816)     .0070              (X_U73.N28602)   -3.3000                  

(X_U73.N30136)    3.3000              (X_U73.N30913)     .0070                  

(X_U73.N31014)     .0070              (X_U73.N35669)    4.1998                  

(X_U73.N35813)    4.1998              (X_U73.N38050)   -4.2000                  

(X_U73.N38096)   -4.2000              (X_U73.N42663)-211.8E-18                  

(X_U73.N42834)-211.8E-18              (X_U73.N44757)-211.8E-18                  

(X_U73.N44799)-211.8E-18              (X_U73.VOUT_S)     .0168                  

(X_U76.AOLNET)    2.4992              (X_U76.N06456)    3.9010                  

(X_U76.N10561)    3.9006              (X_U76.N10570)    3.9006                  

(X_U76.N11984)    3.9006              (X_U76.N11991)    3.8997                  

(X_U76.N25816)    3.9005              (X_U76.N28602)    1.1000                  

(X_U76.N30136)    4.6000              (X_U76.N30913)    3.9005                  

(X_U76.N31014)    3.9005              (X_U76.N35675)    4.2118                  

(X_U76.N35813)    4.2118              (X_U76.N38050)    1.0201                  

(X_U76.N38096)    1.0201              (X_U76.VOUT_S)    3.9059                  

(X_U76.X_U1.3)    0.0000              (X_U76.X_U1.4)    0.0000                  

(X_U76.X_U1.5)    0.0000              (X_U76.X_U1.6)    0.0000                  

(X_U76.X_U1.7)     .8338              (X_U76.X_U1.8)     .8338                  

(X_U1.CL_CLAMP)    3.9562             (X_U1.N2986935)    2.9136                 

(X_U1.N2986947) 291.4E-09             (X_U1.N2986949)    2.9136                 

(X_U1.N2986957)    2.9136             (X_U1.N2986973)-1.581E-06                 

(X_U1.N2986975) 1.581E-06             (X_U1.N2986977)    2.9136                 

(X_U1.N2986981)    2.9136             (X_U1.N2987013)    2.3782                 

(X_U1.N2987017)    3.0000             (X_U1.N2987029)   -3.0000                 

(X_U1.N2987037)    2.9136             (X_U1.N2987051)    2.9136                 

(X_U1.N2987061)   53.5400             (X_U1.N2987123)     .0027                 

(X_U1.N2987135)     .0027             (X_U1.N2987157)-423.5E-18                 

(X_U1.N2987159)-423.5E-18             (X_U1.N2987201)   35.0000                 

(X_U1.N2987203)-423.5E-18             (X_U1.N2987205)-423.5E-18                 

(X_U1.N2987225)-423.5E-18             (X_U1.N2987231)-423.5E-18                 

(X_U1.N2987243)  -35.0000             (X_U1.N2987295)   75.0000                 

(X_U1.N2987299)-423.5E-18             (X_U1.N2987301)-423.5E-18                 

(X_U1.N2987319)-423.5E-18             (X_U1.N2987325)-423.5E-18                 

(X_U1.N2987337)  -75.0000             (X_U1.N2987363)    6.6228                 

(X_U1.N2987391)    3.9000             (X_U1.N2987395)   -4.8260                 

(X_U1.N2987423)   -4.8260             (X_U1.N2987427)    3.9000                 

(X_U1.N2987487)-4.676E-09             (X_U1.N2987493)     .6872                 

(X_U1.N2987499)    1.0000             (X_U1.N2987541)    9.5755                 

(X_U1.N2987553)    3.9027             (X_U1.N2987623)    3.9027                 

(X_U1.N2987655)    1.9562             (X_U1.N2987675)    6.6134                 

(X_U1.N2987683)    1.9562             (X_U1.N2987687)    1.9562                 

(X_U1.N2987711)    6.6134             (X_U1.N2987719)    5.9262                 

(X_U1.N2987763)-423.5E-18             (X_U1.N2987785)    5.0000                 

(X_U1.N2987801)   -5.0000             (X_U1.N3108745)   16.5560                 

(X_U1.N3108755)    6.6244             (X_U1.N3108879)    6.6228                 

(X_U1.N3108917)    6.6244             (X_U1.N3108949)    6.6243                 

(X_U1.N3109015)    6.6243             (X_U1.N3116457)    3.9562                 

(X_U1.N3116503)  365.8100             (X_U1.N3116515)  365.8100                 

(X_U1.N3116609)  699.7200             (X_U1.N3116619)  260.5800                 

(X_U1.N3116655)  699.6500             (X_U1.N3116665)     .5315                 

(X_U1.N3116675)  699.7200             (X_U1.N3116685)  699.7200                 

(X_U1.N3116957)  699.6400             (X_U1.N3117239)  699.7200                 

(X_U1.N3126023)    3.4971             (X_U1.N3128929)   -4.7434                 

(X_U1.N3130349) 1.581E-06             (X_U1.N3130359)     .0048                 

(X_U1.N3202117)  699.7200             (X_U1.N3202127)  699.7200                 

(X_U1.N3202213)  699.7200             (X_U1.N3204124)  699.7200                 

(X_U1.N3204134)  699.7200             (X_U1.N3204220)  699.7200                 

(X_U1.N3205032)  699.7200             (X_U1.N3205042)  699.7200                 

(X_U1.N3205128)  699.7200             (X_U1.N3205956)  699.7200                 

(X_U1.N3205966)  699.7200             (X_U1.N3206052)  699.7200                 

(X_U1.N3206890)  699.7200             (X_U1.N3206900)  699.7200                 

(X_U1.N3206986)  699.7200             (X_U1.N3208573)  699.7200                 

(X_U1.N3208669)  699.7200             (X_U1.N3236810) 1.581E-09                 

(X_U1.N3236820) 1.581E-06             (X_U73.N110431)     .0198                 

(X_U73.N112292)     .0168             (X_U73.N317950)-211.8E-18                 

(X_U73.N406634)    5.0000             (X_U73.N406794)   -5.0000                 

(X_U73.N701935)-241.8E-06             (X_U73.N704979)   -6.4993                 

(X_U73.N705005)    -.0078             (X_U73.N709083)    3.6601                 

(X_U73.N709113)     .0062             (X_U73.N749288)    -.0070                 

(X_U73.VCC_CLP)    4.1998             (X_U73.VEE_CLP)   -4.2000                 

(X_U73.X_E_N.3)    0.0000             (X_U73.X_E_N.4)    0.0000                 

(X_U73.X_E_N.5)    0.0000             (X_U73.X_E_N.6)    0.0000                 

(X_U73.X_E_N.7)     .8338             (X_U73.X_E_N.8)     .8338                 

(X_U76.N110431)    2.5124             (X_U76.N112292)    3.9059                 

(X_U76.N317950)    2.5000             (X_U76.N406634)    5.0000                 

(X_U76.N406794) 2.504E-06             (X_U76.N749288)    3.9006                 

(X_U76.VCC_CLP)    4.2118             (X_U76.VEE_CLP)    1.0201                 

(X_U76.X_E_N.3)    0.0000             (X_U76.X_E_N.4)    0.0000                 

(X_U76.X_E_N.5)    0.0000             (X_U76.X_E_N.6)    0.0000                 

(X_U76.X_E_N.7)     .8338             (X_U76.X_E_N.8)     .8338                 

(X_U1.N32898091)  699.7200            (X_U73.N1327152)     .0070                

(X_U73.X_I_NP.3)    0.0000            (X_U73.X_I_NP.4)    0.0000                

(X_U73.X_I_NP.5)    0.0000            (X_U73.X_I_NP.6)    0.0000                

(X_U73.X_I_NP.7)     .8338            (X_U73.X_I_NP.8)     .8338                

(X_U76.N1254860)   17.9820            (X_U76.N1446199)    4.0758                

(X_U76.N1446217)    4.0758            (X_U76.N1461236)    2.3361                

(X_U76.N1461246)    2.5000            (X_U76.N1461252)    2.5046                

(X_U76.N1481243)     .7102            (X_U76.N1481253)    2.4999                

(X_U76.N1481259)    2.5005            (X_U76.N1483677)    6.4446                

(X_U76.N1483687)    2.5002            (X_U76.N1483693)    2.4954                

(X_U76.N1483703)    2.4998            (X_U76.N1483713)    2.5046                

(X_U76.N1490067)    2.5001            (X_U76.N1492098)    2.7548                

(X_U76.N1492108)    2.6699            (X_U76.N1492118)    2.6699                

(X_U76.N1492126)    2.6699            (X_U76.N1492376)    2.6699                

(X_U76.N1534615)    6.8373            (X_U76.N1534625)    2.6519                

(X_U76.N1534635)    2.6519            (X_U76.N1534645)    2.6519                

(X_U76.N1534887)    2.6519            (X_U76.N1541593)    6.3796                

(X_U76.N1541603)    2.6359            (X_U1.CLAW_CLAMP)    3.9562               

(X_U73.X_I_NP2.3)    0.0000           (X_U73.X_I_NP2.4)    0.0000               

(X_U73.X_I_NP2.5)    0.0000           (X_U73.X_I_NP2.6)    0.0000               

(X_U73.X_I_NP2.7)     .8338           (X_U73.X_I_NP2.8)     .8338               

(X_U76.X_I_NP1.3)    0.0000           (X_U76.X_I_NP1.4)    0.0000               

(X_U76.X_I_NP1.5)    0.0000           (X_U76.X_I_NP1.6)    0.0000               

(X_U76.X_I_NP1.7)     .8338           (X_U76.X_I_NP1.8)     .8338               

(X_U1.SW_OL_OPAx277)    1.0000        (X_U73.X_VOS_VS_VCM.1)    -.0070          

(X_U76.X_VOS_VS_VCM.1)    3.9006      




    VOLTAGE SOURCE CURRENTS
    NAME         CURRENT

    V_V2        -1.369E-02
    V_V6        -4.612E-04
    V_V5        -8.492E-04
    V_V1        -4.081E-02
    X_U76.V_VCM_MAX  -2.100E-09
    X_U76.V_VCM_MIN   1.400E-09
    X_U1.V_VCM_MAX  -3.001E-12
    X_U1.V_VCM_MIN   3.001E-12
    X_U1.V_V_GRN   7.500E-11
    X_U1.V_V_GRP  -7.500E-11
    X_U1.V_V_ISCN   3.500E-11
    X_U1.V_V_ISCP  -3.500E-11
    X_U1.V_V_ORN   0.000E+00
    X_U1.V_V_ORP   0.000E+00
    X_U73.V_VCM_MAX  -3.300E-09
    X_U73.V_VCM_MIN   3.300E-09
    X_U76.X_H3.VH_H3  -1.245E-05
    X_U76.X_VOS_VS_VCM.V1   4.097E-13
    X_U1.X_H1.VH_H1   9.576E-03
    X_U1.X_H2.VH_H2   6.872E-01
    X_U1.X_H3.VH_H3   4.676E-09
    X_U73.X_H3.VH_H3  -1.980E-05
    X_U73.X_VOS_VS_VCM.V1  -9.661E-17

    TOTAL POWER DISSIPATION   2.79E-01  WATTS


Model-Specific Temperatures During Sweep  Param value = 0.00453

 **** RESISTORS

               X_U76.R_R1 <X_U76.R_NOISELESS> (T_Current -273.15 T_Measured 27)
                              X_U76.R_R10 <X_U76.R_NOISELESS> (T_Current -273.15 T_Measured 27)
                                             X_U76.R_R107 <X_U76.R_NOISELESS> (T_Current -273.15 T_Measured 27)

          R        1.000E-02      1.000E-03      1.000E+00  


               X_U76.R_R108 <X_U76.R_NOISELESS> (T_Current -273.15 T_Measured 27)
                              X_U76.R_R109 <X_U76.R_NOISELESS> (T_Current -273.15 T_Measured 27)
                                             X_U76.R_R110 <X_U76.R_NOISELESS> (T_Current -273.15 T_Measured 27)

          R        1.000E+12      1.000E+00      1.000E-03  


               X_U76.R_R111 <X_U76.R_NOISELESS> (T_Current -273.15 T_Measured 27)
                              X_U76.R_R112 <X_U76.R_NOISELESS> (T_Current -273.15 T_Measured 27)
                                             X_U76.R_R113 <X_U76.R_NOISELESS> (T_Current -273.15 T_Measured 27)

          R        1.000E+06      1.000E+06      1.000E-03  


               X_U76.R_R146 <X_U76.R_NOISELESS> (T_Current -273.15 T_Measured 27)
                              X_U76.R_R147 <X_U76.R_NOISELESS> (T_Current -273.15 T_Measured 27)
                                             X_U76.R_R148 <X_U76.R_NOISELESS> (T_Current -273.15 T_Measured 27)

          R        1.000E+00      1.000E+00      1.000E+00  


               X_U76.R_R162 <X_U76.R_NOISELESS> (T_Current -273.15 T_Measured 27)
                              X_U76.R_R1A <X_U76.R_NOISELESS> (T_Current -273.15 T_Measured 27)
                                             X_U76.R_R1A1 <X_U76.R_NOISELESS> (T_Current -273.15 T_Measured 27)

          R        5.000E+03      1.000E+04      3.000E+01  


               X_U76.R_R1A14 <X_U76.R_NOISELESS> (T_Current -273.15 T_Measured 27)
                              X_U76.R_R1A15 <X_U76.R_NOISELESS> (T_Current -273.15 T_Measured 27)
                                             X_U76.R_R1A16 <X_U76.R_NOISELESS> (T_Current -273.15 T_Measured 27)

          R        1.000E+04      1.000E+04      2.800E+00  


               X_U76.R_R1A17 <X_U76.R_NOISELESS> (T_Current -273.15 T_Measured 27)
                              X_U76.R_R1A18 <X_U76.R_NOISELESS> (T_Current -273.15 T_Measured 27)
                                             X_U76.R_R1A40 <X_U76.R_NOISELESS> (T_Current -273.15 T_Measured 27)

          R        1.000E+04      1.000E+04      1.000E+04  


               X_U76.R_R1A41 <X_U76.R_NOISELESS> (T_Current -273.15 T_Measured 27)
                              X_U76.R_R1A42 <X_U76.R_NOISELESS> (T_Current -273.15 T_Measured 27)
                                             X_U76.R_R1A43 <X_U76.R_NOISELESS> (T_Current -273.15 T_Measured 27)

          R        7.000E+00      1.000E+04      3.000E+01  


               X_U76.R_R1A44 <X_U76.R_NOISELESS> (T_Current -273.15 T_Measured 27)
                              X_U76.R_R1A45 <X_U76.R_NOISELESS> (T_Current -273.15 T_Measured 27)
                                             X_U76.R_R2 <X_U76.R_NOISELESS> (T_Current -273.15 T_Measured 27)

          R        1.000E+01      1.000E+01      1.000E-02  


               X_U76.R_R21 <X_U76.R_NOISELESS> (T_Current -273.15 T_Measured 27)
                              X_U76.R_R211 <X_U76.R_NOISELESS> (T_Current -273.15 T_Measured 27)
                                             X_U76.R_R225 <X_U76.R_NOISELESS> (T_Current -273.15 T_Measured 27)

          R        1.000E+03      1.000E+00      1.000E+00  


               X_U76.R_R226 <X_U76.R_NOISELESS> (T_Current -273.15 T_Measured 27)
                              X_U76.R_R245 <X_U76.R_NOISELESS> (T_Current -273.15 T_Measured 27)
                                             X_U76.R_R246 <X_U76.R_NOISELESS> (T_Current -273.15 T_Measured 27)

          R        3.000E+01      4.500E+03      1.000E+00  


               X_U76.R_R247 <X_U76.R_NOISELESS> (T_Current -273.15 T_Measured 27)
                              X_U76.R_R248 <X_U76.R_NOISELESS> (T_Current -273.15 T_Measured 27)
                                             X_U76.R_R249 <X_U76.R_NOISELESS> (T_Current -273.15 T_Measured 27)

          R        1.000E+00      1.000E+00      1.000E+00  


               X_U76.R_R25 <X_U76.R_NOISELESS> (T_Current -273.15 T_Measured 27)
                              X_U76.R_R250 <X_U76.R_NOISELESS> (T_Current -273.15 T_Measured 27)
                                             X_U76.R_R251 <X_U76.R_NOISELESS> (T_Current -273.15 T_Measured 27)

          R        1.000E+09      1.000E+00      1.000E+00  


               X_U76.R_R252 <X_U76.R_NOISELESS> (T_Current -273.15 T_Measured 27)
                              X_U76.R_R253 <X_U76.R_NOISELESS> (T_Current -273.15 T_Measured 27)
                                             X_U76.R_R26 <X_U76.R_NOISELESS> (T_Current -273.15 T_Measured 27)

          R        1.000E+00      1.000E+00      1.000E+09  


               X_U76.R_R27 <X_U76.R_NOISELESS> (T_Current -273.15 T_Measured 27)
                              X_U76.R_R28 <X_U76.R_NOISELESS> (T_Current -273.15 T_Measured 27)
                                             X_U76.R_R29 <X_U76.R_NOISELESS> (T_Current -273.15 T_Measured 27)

          R        1.000E+00      1.000E-03      1.000E+03  


               X_U76.R_R2A <X_U76.R_NOISELESS> (T_Current -273.15 T_Measured 27)
                              X_U76.R_R2A1 <X_U76.R_NOISELESS> (T_Current -273.15 T_Measured 27)
                                             X_U76.R_R2A16 <X_U76.R_NOISELESS> (T_Current -273.15 T_Measured 27)

          R        2.000E+04      1.000E+01      5.420E-01  


               X_U76.R_R2A17 <X_U76.R_NOISELESS> (T_Current -273.15 T_Measured 27)
                              X_U76.R_R2A18 <X_U76.R_NOISELESS> (T_Current -273.15 T_Measured 27)
                                             X_U76.R_R2A36 <X_U76.R_NOISELESS> (T_Current -273.15 T_Measured 27)

          R        4.822E+02      4.822E+02      8.500E-01  


               X_U76.R_R2A37 <X_U76.R_NOISELESS> (T_Current -273.15 T_Measured 27)
                              X_U76.R_R2A40 <X_U76.R_NOISELESS> (T_Current -273.15 T_Measured 27)
                                             X_U76.R_R2A41 <X_U76.R_NOISELESS> (T_Current -273.15 T_Measured 27)

          R        3.010E+01      7.000E-01      1.000E+01  


               X_U76.R_R2A42 <X_U76.R_NOISELESS> (T_Current -273.15 T_Measured 27)
                              X_U76.R_R2A43 <X_U76.R_NOISELESS> (T_Current -273.15 T_Measured 27)
                                             X_U76.R_R3 <X_U76.R_NOISELESS> (T_Current -273.15 T_Measured 27)

          R        3.630E-01      3.630E-01      2.300E+06  


               X_U76.R_R30 <X_U76.R_NOISELESS> (T_Current -273.15 T_Measured 27)
                              X_U76.R_R31 <X_U76.R_NOISELESS> (T_Current -273.15 T_Measured 27)
                                             X_U76.R_R32 <X_U76.R_NOISELESS> (T_Current -273.15 T_Measured 27)

          R        1.000E-03      1.000E+03      1.000E+03  


               X_U76.R_R33 <X_U76.R_NOISELESS> (T_Current -273.15 T_Measured 27)
                              X_U76.R_R34 <X_U76.R_NOISELESS> (T_Current -273.15 T_Measured 27)
                                             X_U76.R_R4 <X_U76.R_NOISELESS> (T_Current -273.15 T_Measured 27)

          R        1.000E-03      1.000E+03      2.300E+06  


               X_U76.R_R6 <X_U76.R_NOISELESS> (T_Current -273.15 T_Measured 27)
                              X_U76.R_R60 <X_U76.R_NOISELESS> (T_Current -273.15 T_Measured 27)
                                             X_U76.R_R8 <X_U76.R_NOISELESS> (T_Current -273.15 T_Measured 27)

          R        1.000E+00      1.000E+00      1.000E+03  


               X_U76.R_R81 <X_U76.R_NOISELESS> (T_Current -273.15 T_Measured 27)
                              X_U76.R_R83 <X_U76.R_NOISELESS> (T_Current -273.15 T_Measured 27)
                                             X_U76.R_R9 <X_U76.R_NOISELESS> (T_Current -273.15 T_Measured 27)

          R        1.000E+09      1.000E+09      1.000E-03  


               X_U76.R_RDUMMY <X_U76.R_NOISELESS> (T_Current -273.15 T_Measured 27)
                              X_U76.R_RX <X_U76.R_NOISELESS> (T_Current -273.15 T_Measured 27)
                                             X_U76.R_R_VIMON <X_U76.R_NOISELESS> (T_Current -273.15 T_Measured 27)

          R        1.400E+02      1.400E+03      1.000E+02  


               X_U76.R_R_VOUT_S <X_U76.R_NOISELESS> (T_Current -273.15 T_Measured 27)
                              X_U1.R_R10 <X_U1.R_NOISELESS> (T_Current -273.15 T_Measured 27)
                                             X_U1.R_R11 <X_U1.R_NOISELESS> (T_Current -273.15 T_Measured 27)

          R        1.000E+02      1.000E+00      3.333E+01  


               X_U1.R_R12 <X_U1.R_NOISELESS> (T_Current -273.15 T_Measured 27)
                              X_U1.R_R13 <X_U1.R_NOISELESS> (T_Current -273.15 T_Measured 27)
                                             X_U1.R_R139 <X_U1.R_NOISELESS> (T_Current -273.15 T_Measured 27)

          R        1.000E+08      1.000E+00      1.057E+04  


               X_U1.R_R14 <X_U1.R_NOISELESS> (T_Current -273.15 T_Measured 27)
                              X_U1.R_R140 <X_U1.R_NOISELESS> (T_Current -273.15 T_Measured 27)
                                             X_U1.R_R141 <X_U1.R_NOISELESS> (T_Current -273.15 T_Measured 27)

          R        3.287E+04      1.000E+04      1.000E+00  


               X_U1.R_R142 <X_U1.R_NOISELESS> (T_Current -273.15 T_Measured 27)
                              X_U1.R_R143 <X_U1.R_NOISELESS> (T_Current -273.15 T_Measured 27)
                                             X_U1.R_R144 <X_U1.R_NOISELESS> (T_Current -273.15 T_Measured 27)

          R        1.000E+04      1.000E+00      7.603E+00  


               X_U1.R_R15 <X_U1.R_NOISELESS> (T_Current -273.15 T_Measured 27)
                              X_U1.R_R158 <X_U1.R_NOISELESS> (T_Current -273.15 T_Measured 27)
                                             X_U1.R_R159 <X_U1.R_NOISELESS> (T_Current -273.15 T_Measured 27)

          R        1.000E-03      1.000E+04      1.000E+00  


               X_U1.R_R16 <X_U1.R_NOISELESS> (T_Current -273.15 T_Measured 27)
                              X_U1.R_R160 <X_U1.R_NOISELESS> (T_Current -273.15 T_Measured 27)
                                             X_U1.R_R161 <X_U1.R_NOISELESS> (T_Current -273.15 T_Measured 27)

          R        1.000E+03      6.670E+03      1.000E+06  


               X_U1.R_R162 <X_U1.R_NOISELESS> (T_Current -273.15 T_Measured 27)
                              X_U1.R_R166 <X_U1.R_NOISELESS> (T_Current -273.15 T_Measured 27)
                                             X_U1.R_R167 <X_U1.R_NOISELESS> (T_Current -273.15 T_Measured 27)

          R        1.000E+06      1.000E+06      1.000E+02  


               X_U1.R_R168 <X_U1.R_NOISELESS> (T_Current -273.15 T_Measured 27)
                              X_U1.R_R169 <X_U1.R_NOISELESS> (T_Current -273.15 T_Measured 27)
                                             X_U1.R_R17 <X_U1.R_NOISELESS> (T_Current -273.15 T_Measured 27)

          R        1.000E+04      1.000E+00      1.000E-03  


               X_U1.R_R170 <X_U1.R_NOISELESS> (T_Current -273.15 T_Measured 27)
                              X_U1.R_R171 <X_U1.R_NOISELESS> (T_Current -273.15 T_Measured 27)
                                             X_U1.R_R172 <X_U1.R_NOISELESS> (T_Current -273.15 T_Measured 27)

          R        5.934E+03      1.000E+06      9.869E+04  


               X_U1.R_R173 <X_U1.R_NOISELESS> (T_Current -273.15 T_Measured 27)
                              X_U1.R_R174 <X_U1.R_NOISELESS> (T_Current -273.15 T_Measured 27)
                                             X_U1.R_R175 <X_U1.R_NOISELESS> (T_Current -273.15 T_Measured 27)

          R        1.000E+04      1.000E+00      5.157E+04  


               X_U1.R_R176 <X_U1.R_NOISELESS> (T_Current -273.15 T_Measured 27)
                              X_U1.R_R177 <X_U1.R_NOISELESS> (T_Current -273.15 T_Measured 27)
                                             X_U1.R_R178 <X_U1.R_NOISELESS> (T_Current -273.15 T_Measured 27)

          R        1.000E+04      1.000E+00      9.484E+03  


               X_U1.R_R179 <X_U1.R_NOISELESS> (T_Current -273.15 T_Measured 27)
                              X_U1.R_R18 <X_U1.R_NOISELESS> (T_Current -273.15 T_Measured 27)
                                             X_U1.R_R180 <X_U1.R_NOISELESS> (T_Current -273.15 T_Measured 27)

          R        1.000E+04      1.000E+12      1.000E+00  


               X_U1.R_R181 <X_U1.R_NOISELESS> (T_Current -273.15 T_Measured 27)
                              X_U1.R_R182 <X_U1.R_NOISELESS> (T_Current -273.15 T_Measured 27)
                                             X_U1.R_R183 <X_U1.R_NOISELESS> (T_Current -273.15 T_Measured 27)

          R        9.500E+03      1.000E+04      1.000E+00  


               X_U1.R_R184 <X_U1.R_NOISELESS> (T_Current -273.15 T_Measured 27)
                              X_U1.R_R185 <X_U1.R_NOISELESS> (T_Current -273.15 T_Measured 27)
                                             X_U1.R_R186 <X_U1.R_NOISELESS> (T_Current -273.15 T_Measured 27)

          R        5.875E+03      1.000E+04      1.000E+00  


               X_U1.R_R187 <X_U1.R_NOISELESS> (T_Current -273.15 T_Measured 27)
                              X_U1.R_R188 <X_U1.R_NOISELESS> (T_Current -273.15 T_Measured 27)
                                             X_U1.R_R189 <X_U1.R_NOISELESS> (T_Current -273.15 T_Measured 27)

          R        3.086E+03      1.000E+04      1.000E+00  


               X_U1.R_R19 <X_U1.R_NOISELESS> (T_Current -273.15 T_Measured 27)
                              X_U1.R_R190 <X_U1.R_NOISELESS> (T_Current -273.15 T_Measured 27)
                                             X_U1.R_R191 <X_U1.R_NOISELESS> (T_Current -273.15 T_Measured 27)

          R        1.000E+12      1.000E+04      1.001E+01  


               X_U1.R_R192 <X_U1.R_NOISELESS> (T_Current -273.15 T_Measured 27)
                              X_U1.R_R193 <X_U1.R_NOISELESS> (T_Current -273.15 T_Measured 27)
                                             X_U1.R_R20 <X_U1.R_NOISELESS> (T_Current -273.15 T_Measured 27)

          R        1.000E+00      1.000E+00      1.000E+00  


               X_U1.R_R21 <X_U1.R_NOISELESS> (T_Current -273.15 T_Measured 27)
                              X_U1.R_R22 <X_U1.R_NOISELESS> (T_Current -273.15 T_Measured 27)
                                             X_U1.R_R23 <X_U1.R_NOISELESS> (T_Current -273.15 T_Measured 27)

          R        1.000E-03      1.000E+06      1.000E+06  


               X_U1.R_R24 <X_U1.R_NOISELESS> (T_Current -273.15 T_Measured 27)
                              X_U1.R_R32 <X_U1.R_NOISELESS> (T_Current -273.15 T_Measured 27)
                                             X_U1.R_R33 <X_U1.R_NOISELESS> (T_Current -273.15 T_Measured 27)

          R        1.000E+03      1.000E+03      1.000E+03  


               X_U1.R_R34 <X_U1.R_NOISELESS> (T_Current -273.15 T_Measured 27)
                              X_U1.R_R35 <X_U1.R_NOISELESS> (T_Current -273.15 T_Measured 27)
                                             X_U1.R_R36 <X_U1.R_NOISELESS> (T_Current -273.15 T_Measured 27)

          R        1.000E+04      1.000E+00      1.095E+04  


               X_U1.R_R43 <X_U1.R_NOISELESS> (T_Current -273.15 T_Measured 27)
                              X_U1.R_R46 <X_U1.R_NOISELESS> (T_Current -273.15 T_Measured 27)
                                             X_U1.R_R47 <X_U1.R_NOISELESS> (T_Current -273.15 T_Measured 27)

          R        1.000E+00      1.000E+00      1.000E-03  


               X_U1.R_R48 <X_U1.R_NOISELESS> (T_Current -273.15 T_Measured 27)
                              X_U1.R_R49 <X_U1.R_NOISELESS> (T_Current -273.15 T_Measured 27)
                                             X_U1.R_R5 <X_U1.R_NOISELESS> (T_Current -273.15 T_Measured 27)

          R        1.000E+06      1.000E+12      1.000E+00  


               X_U1.R_R50 <X_U1.R_NOISELESS> (T_Current -273.15 T_Measured 27)
                              X_U1.R_R51 <X_U1.R_NOISELESS> (T_Current -273.15 T_Measured 27)
                                             X_U1.R_R52 <X_U1.R_NOISELESS> (T_Current -273.15 T_Measured 27)

          R        1.000E+06      1.000E-03      1.000E+00  


               X_U1.R_R53 <X_U1.R_NOISELESS> (T_Current -273.15 T_Measured 27)
                              X_U1.R_R54 <X_U1.R_NOISELESS> (T_Current -273.15 T_Measured 27)
                                             X_U1.R_R55 <X_U1.R_NOISELESS> (T_Current -273.15 T_Measured 27)

          R        1.000E+12      1.000E+00      1.000E-03  


               X_U1.R_R56 <X_U1.R_NOISELESS> (T_Current -273.15 T_Measured 27)
                              X_U1.R_R57 <X_U1.R_NOISELESS> (T_Current -273.15 T_Measured 27)
                                             X_U1.R_R58 <X_U1.R_NOISELESS> (T_Current -273.15 T_Measured 27)

          R        1.000E+12      1.000E+00      1.000E-03  


               X_U1.R_R59 <X_U1.R_NOISELESS> (T_Current -273.15 T_Measured 27)
                              X_U1.R_R6 <X_U1.R_NOISELESS> (T_Current -273.15 T_Measured 27)
                                             X_U1.R_R60 <X_U1.R_NOISELESS> (T_Current -273.15 T_Measured 27)

          R        1.000E+12      1.000E+08      1.000E+00  


               X_U1.R_R61 <X_U1.R_NOISELESS> (T_Current -273.15 T_Measured 27)
                              X_U1.R_R62 <X_U1.R_NOISELESS> (T_Current -273.15 T_Measured 27)
                                             X_U1.R_R63 <X_U1.R_NOISELESS> (T_Current -273.15 T_Measured 27)

          R        1.000E-03      1.000E-03      1.000E+12  


               X_U1.R_R64 <X_U1.R_NOISELESS> (T_Current -273.15 T_Measured 27)
                              X_U1.R_R65 <X_U1.R_NOISELESS> (T_Current -273.15 T_Measured 27)
                                             X_U1.R_R66 <X_U1.R_NOISELESS> (T_Current -273.15 T_Measured 27)

          R        1.000E+00      1.000E+12      1.000E+00  


               X_U1.R_R67 <X_U1.R_NOISELESS> (T_Current -273.15 T_Measured 27)
                              X_U1.R_R68 <X_U1.R_NOISELESS> (T_Current -273.15 T_Measured 27)
                                             X_U1.R_R69 <X_U1.R_NOISELESS> (T_Current -273.15 T_Measured 27)

          R        1.000E-03      1.000E-03      1.000E+12  


               X_U1.R_R7 <X_U1.R_NOISELESS> (T_Current -273.15 T_Measured 27)
                              X_U1.R_R70 <X_U1.R_NOISELESS> (T_Current -273.15 T_Measured 27)
                                             X_U1.R_R71 <X_U1.R_NOISELESS> (T_Current -273.15 T_Measured 27)

          R        8.332E+00      1.000E+00      1.000E-03  


               X_U1.R_R72 <X_U1.R_NOISELESS> (T_Current -273.15 T_Measured 27)
                              X_U1.R_R73 <X_U1.R_NOISELESS> (T_Current -273.15 T_Measured 27)
                                             X_U1.R_R74 <X_U1.R_NOISELESS> (T_Current -273.15 T_Measured 27)

          R        1.000E+03      1.000E-03      1.000E+03  


               X_U1.R_R75 <X_U1.R_NOISELESS> (T_Current -273.15 T_Measured 27)
                              X_U1.R_R76 <X_U1.R_NOISELESS> (T_Current -273.15 T_Measured 27)
                                             X_U1.R_R77 <X_U1.R_NOISELESS> (T_Current -273.15 T_Measured 27)

          R        1.000E-03      1.000E+03      1.000E+03  


               X_U1.R_R78 <X_U1.R_NOISELESS> (T_Current -273.15 T_Measured 27)
                              X_U1.R_R79 <X_U1.R_NOISELESS> (T_Current -273.15 T_Measured 27)
                                             X_U1.R_R8 <X_U1.R_NOISELESS> (T_Current -273.15 T_Measured 27)

          R        1.000E+00      1.000E+00      1.000E+03  


               X_U1.R_R80 <X_U1.R_NOISELESS> (T_Current -273.15 T_Measured 27)
                              X_U1.R_R81 <X_U1.R_NOISELESS> (T_Current -273.15 T_Measured 27)
                                             X_U1.R_R82 <X_U1.R_NOISELESS> (T_Current -273.15 T_Measured 27)

          R        1.000E+02      1.000E+02      1.000E+00  


               X_U1.R_R83 <X_U1.R_NOISELESS> (T_Current -273.15 T_Measured 27)
                              X_U1.R_R9 <X_U1.R_NOISELESS> (T_Current -273.15 T_Measured 27)
                                             X_U1.R_RDUMMY <X_U1.R_NOISELESS> (T_Current -273.15 T_Measured 27)

          R        1.000E+02      1.000E+08      6.858E+03  


               X_U1.R_RS_INN <X_U1.R_NOISELESS> (T_Current -273.15 T_Measured 27)
                              X_U1.R_RS_INP <X_U1.R_NOISELESS> (T_Current -273.15 T_Measured 27)
                                             X_U1.R_RX <X_U1.R_NOISELESS> (T_Current -273.15 T_Measured 27)

          R        1.000E+03      1.000E+03      6.858E+04  


               X_U1.R_RX1 <X_U1.R_NOISELESS> (T_Current -273.15 T_Measured 27)
                              X_U1.R_RX2 <X_U1.R_NOISELESS> (T_Current -273.15 T_Measured 27)
                                             X_U1.R_RX3 <X_U1.R_NOISELESS> (T_Current -273.15 T_Measured 27)

          R        1.000E+12      1.000E+02      1.000E+12  


               X_U1.R_RX4 <X_U1.R_NOISELESS> (T_Current -273.15 T_Measured 27)
                              X_U1.R_R_COM0 <X_U1.R_NOISELESS> (T_Current -273.15 T_Measured 27)
                                             X_U1.R_R_COM1 <X_U1.R_NOISELESS> (T_Current -273.15 T_Measured 27)

          R        1.000E+02      1.000E+12      1.000E+12  


               X_U1.R_R_DIFF <X_U1.R_NOISELESS> (T_Current -273.15 T_Measured 27)
                              X_U73.R_R107 <X_U73.R_NOISELESS> (T_Current -273.15 T_Measured 27)
                                             X_U73.R_R108 <X_U73.R_NOISELESS> (T_Current -273.15 T_Measured 27)

          R        1.000E+08      1.000E+00      1.000E+12  


               X_U73.R_R109 <X_U73.R_NOISELESS> (T_Current -273.15 T_Measured 27)
                              X_U73.R_R110 <X_U73.R_NOISELESS> (T_Current -273.15 T_Measured 27)
                                             X_U73.R_R111 <X_U73.R_NOISELESS> (T_Current -273.15 T_Measured 27)

          R        1.000E+00      1.000E-03      1.000E+06  


               X_U73.R_R112 <X_U73.R_NOISELESS> (T_Current -273.15 T_Measured 27)
                              X_U73.R_R113 <X_U73.R_NOISELESS> (T_Current -273.15 T_Measured 27)
                                             X_U73.R_R136 <X_U73.R_NOISELESS> (T_Current -273.15 T_Measured 27)

          R        1.000E+06      1.000E-03      1.000E+00  


               X_U73.R_R169 <X_U73.R_NOISELESS> (T_Current -273.15 T_Measured 27)
                              X_U73.R_R1A1 <X_U73.R_NOISELESS> (T_Current -273.15 T_Measured 27)
                                             X_U73.R_R1A3 <X_U73.R_NOISELESS> (T_Current -273.15 T_Measured 27)

          R        2.900E+01      1.000E+04      1.000E+04  


               X_U73.R_R1A4 <X_U73.R_NOISELESS> (T_Current -273.15 T_Measured 27)
                              X_U73.R_R2 <X_U73.R_NOISELESS> (T_Current -273.15 T_Measured 27)
                                             X_U73.R_R21 <X_U73.R_NOISELESS> (T_Current -273.15 T_Measured 27)

          R        1.000E+04      1.000E-02      1.000E+03  


               X_U73.R_R25 <X_U73.R_NOISELESS> (T_Current -273.15 T_Measured 27)
                              X_U73.R_R26 <X_U73.R_NOISELESS> (T_Current -273.15 T_Measured 27)
                                             X_U73.R_R261 <X_U73.R_NOISELESS> (T_Current -273.15 T_Measured 27)

          R        1.000E+09      1.000E+09      1.000E+00  


               X_U73.R_R27 <X_U73.R_NOISELESS> (T_Current -273.15 T_Measured 27)
                              X_U73.R_R28 <X_U73.R_NOISELESS> (T_Current -273.15 T_Measured 27)
                                             X_U73.R_R29 <X_U73.R_NOISELESS> (T_Current -273.15 T_Measured 27)

          R        1.000E+00      1.000E-03      1.000E+03  


               X_U73.R_R2A1 <X_U73.R_NOISELESS> (T_Current -273.15 T_Measured 27)
                              X_U73.R_R2A4 <X_U73.R_NOISELESS> (T_Current -273.15 T_Measured 27)
                                             X_U73.R_R2A5 <X_U73.R_NOISELESS> (T_Current -273.15 T_Measured 27)

          R        1.700E+01      2.000E+01      1.200E+01  


               X_U73.R_R3 <X_U73.R_NOISELESS> (T_Current -273.15 T_Measured 27)
                              X_U73.R_R30 <X_U73.R_NOISELESS> (T_Current -273.15 T_Measured 27)
                                             X_U73.R_R31 <X_U73.R_NOISELESS> (T_Current -273.15 T_Measured 27)

          R        2.800E+05      1.000E-03      1.000E+03  


               X_U73.R_R32 <X_U73.R_NOISELESS> (T_Current -273.15 T_Measured 27)
                              X_U73.R_R33 <X_U73.R_NOISELESS> (T_Current -273.15 T_Measured 27)
                                             X_U73.R_R34 <X_U73.R_NOISELESS> (T_Current -273.15 T_Measured 27)

          R        1.000E+03      1.000E-03      1.000E+03  


               X_U73.R_R35 <X_U73.R_NOISELESS> (T_Current -273.15 T_Measured 27)
                              X_U73.R_R36 <X_U73.R_NOISELESS> (T_Current -273.15 T_Measured 27)
                                             X_U73.R_R363 <X_U73.R_NOISELESS> (T_Current -273.15 T_Measured 27)

          R        1.000E+09      1.000E+00      1.000E+00  


               X_U73.R_R364 <X_U73.R_NOISELESS> (T_Current -273.15 T_Measured 27)
                              X_U73.R_R37 <X_U73.R_NOISELESS> (T_Current -273.15 T_Measured 27)
                                             X_U73.R_R38 <X_U73.R_NOISELESS> (T_Current -273.15 T_Measured 27)

          R        1.000E+00      1.000E-03      1.000E-03  


               X_U73.R_R39 <X_U73.R_NOISELESS> (T_Current -273.15 T_Measured 27)
                              X_U73.R_R40 <X_U73.R_NOISELESS> (T_Current -273.15 T_Measured 27)
                                             X_U73.R_R5 <X_U73.R_NOISELESS> (T_Current -273.15 T_Measured 27)

          R        1.000E+00      1.000E+09      1.000E+00  


               X_U73.R_R60 <X_U73.R_NOISELESS> (T_Current -273.15 T_Measured 27)
                              X_U73.R_R8 <X_U73.R_NOISELESS> (T_Current -273.15 T_Measured 27)
                                             X_U73.R_R81 <X_U73.R_NOISELESS> (T_Current -273.15 T_Measured 27)

          R        3.700E+04      1.000E+03      1.000E+09  


               X_U73.R_R83 <X_U73.R_NOISELESS> (T_Current -273.15 T_Measured 27)
                              X_U73.R_R9 <X_U73.R_NOISELESS> (T_Current -273.15 T_Measured 27)
                                             X_U73.R_R_VIMON <X_U73.R_NOISELESS> (T_Current -273.15 T_Measured 27)

          R        1.000E+09      1.000E-03      1.000E+02  


               X_U73.R_R_VOUT_S <X_U73.R_NOISELESS> (T_Current -273.15 T_Measured 27)

          R        1.000E+02  



**** 04/05/25 22:08:30 *** PSpice 24.1.0 (26 February 2025) *** ID# 0 ********

 ** Profile: "SCHEMATIC1-asdfa"  [ c:\users\user\appdata\roaming\spb_data\cdssetup\workspace\projects\tiaopa695\TIAOPA695-PSpiceFiles


 ****     INITIAL TRANSIENT SOLUTION       TEMPERATURE =   27.000 DEG C

 ****     CURRENT STEP                     PARAM IVAR =    4.5300E-03


******************************************************************************



 NODE   VOLTAGE     NODE   VOLTAGE     NODE   VOLTAGE     NODE   VOLTAGE


(  VCC)    5.0000  (  VEE)   -5.0000  (N1113089)    3.8997                      

(N1113125)    3.9059                  (N1113485)    3.9010                      

(N1113565)    5.0000                  (N1113637)    1.9901                      

(N1113647)    3.9027                  (N1113661)    3.3016                      

(N1113879)   -5.0000                  (N1114737)     .0070                      

(N1114747)     .0070                  (N1114761)     .0168                      

(N1114963)     .0168                  (N1114991)-260.0E-06                      

(X_U1.MID)-423.5E-18                  (X_U1.V11)-4.676E-09                      

(X_U1.V12)     .6872                  (X_U76.ZO)    3.9059                      

(X_U1.ESDN)    2.3782                 (X_U1.ESDP)    2.9136                     

(X_U1.VCLP)    3.9562                 (X_U73.AOL)     .0168                     

(X_U73.MID)-211.8E-18                 (X_U76.MID)    2.5000                     

(X_U1.CLAMP)    6.6228                (X_U1.VCC_B)    5.0000                    

(X_U1.VEE_B)   -5.0000                (X_U1.VIMON)    9.5755                    

(X_U73.CMRR)-482.6E-09                (X_U76.CMRR)    2.5000                    

(X_U76.ESDN)    3.8997                (X_U76.ESDP)    3.9010                    

(X_U1.VOUT_S)    3.9027               (X_U1.VSENSE)    6.6228                   

(X_U1.X_U1.3)    0.0000               (X_U1.X_U1.4)    0.0000                   

(X_U1.X_U1.5)    0.0000               (X_U1.X_U1.6)    0.0000                   

(X_U1.X_U1.7)     .8338               (X_U1.X_U1.8)     .8338                   

(X_U73.CLAMP)     .0168               (X_U73.VCC_B)    5.0000                   

(X_U73.VEE_B)   -5.0000               (X_U73.VIMON)     .0198                   

(X_U76.CLAMP)    4.1283               (X_U76.PSRRN)    2.5002                   

(X_U76.PSRRP)    2.5001               (X_U76.VCC_B)    5.0000                   

(X_U76.VEE_B) 2.501E-06               (X_U76.VIMON)    2.5124                   

(X_U1.VCC_CLP)    3.9000              (X_U1.VEE_CLP)   -4.8260                  

(X_U1.X_U39.3)    0.0000              (X_U1.X_U39.4)    0.0000                  

(X_U1.X_U39.5)    0.0000              (X_U1.X_U39.6)    0.0000                  

(X_U1.X_U39.7)     .8338              (X_U1.X_U39.8)     .8338                  

(X_U1.X_U40.3)    0.0000              (X_U1.X_U40.4)    0.0000                  

(X_U1.X_U40.5)    0.0000              (X_U1.X_U40.6)    0.0000                  

(X_U1.X_U40.7)     .8338              (X_U1.X_U40.8)     .8338                  

(X_U73.AOLNET)    -.0168              (X_U73.N05102)     .0070                  

(X_U73.N06456)-260.0E-06              (X_U73.N10561)    -.0070                  

(X_U73.N10570)    -.0070              (X_U73.N11984)    -.0070                  

(X_U73.N25816)     .0070              (X_U73.N28602)   -3.3000                  

(X_U73.N30136)    3.3000              (X_U73.N30913)     .0070                  

(X_U73.N31014)     .0070              (X_U73.N35669)    4.1998                  

(X_U73.N35813)    4.1998              (X_U73.N38050)   -4.2000                  

(X_U73.N38096)   -4.2000              (X_U73.N42663)-211.8E-18                  

(X_U73.N42834)-211.8E-18              (X_U73.N44757)-211.8E-18                  

(X_U73.N44799)-211.8E-18              (X_U73.VOUT_S)     .0168                  

(X_U76.AOLNET)    2.4992              (X_U76.N06456)    3.9010                  

(X_U76.N10561)    3.9006              (X_U76.N10570)    3.9006                  

(X_U76.N11984)    3.9006              (X_U76.N11991)    3.8997                  

(X_U76.N25816)    3.9005              (X_U76.N28602)    1.1000                  

(X_U76.N30136)    4.6000              (X_U76.N30913)    3.9005                  

(X_U76.N31014)    3.9005              (X_U76.N35675)    4.2118                  

(X_U76.N35813)    4.2118              (X_U76.N38050)    1.0201                  

(X_U76.N38096)    1.0201              (X_U76.VOUT_S)    3.9059                  

(X_U76.X_U1.3)    0.0000              (X_U76.X_U1.4)    0.0000                  

(X_U76.X_U1.5)    0.0000              (X_U76.X_U1.6)    0.0000                  

(X_U76.X_U1.7)     .8338              (X_U76.X_U1.8)     .8338                  

(X_U1.CL_CLAMP)    3.9562             (X_U1.N2986935)    2.9136                 

(X_U1.N2986947) 291.4E-09             (X_U1.N2986949)    2.9136                 

(X_U1.N2986957)    2.9136             (X_U1.N2986973)-1.581E-06                 

(X_U1.N2986975) 1.581E-06             (X_U1.N2986977)    2.9136                 

(X_U1.N2986981)    2.9136             (X_U1.N2987013)    2.3782                 

(X_U1.N2987017)    3.0000             (X_U1.N2987029)   -3.0000                 

(X_U1.N2987037)    2.9136             (X_U1.N2987051)    2.9136                 

(X_U1.N2987061)   53.5400             (X_U1.N2987123)     .0027                 

(X_U1.N2987135)     .0027             (X_U1.N2987157)-423.5E-18                 

(X_U1.N2987159)-423.5E-18             (X_U1.N2987201)   35.0000                 

(X_U1.N2987203)-423.5E-18             (X_U1.N2987205)-423.5E-18                 

(X_U1.N2987225)-423.5E-18             (X_U1.N2987231)-423.5E-18                 

(X_U1.N2987243)  -35.0000             (X_U1.N2987295)   75.0000                 

(X_U1.N2987299)-423.5E-18             (X_U1.N2987301)-423.5E-18                 

(X_U1.N2987319)-423.5E-18             (X_U1.N2987325)-423.5E-18                 

(X_U1.N2987337)  -75.0000             (X_U1.N2987363)    6.6228                 

(X_U1.N2987391)    3.9000             (X_U1.N2987395)   -4.8260                 

(X_U1.N2987423)   -4.8260             (X_U1.N2987427)    3.9000                 

(X_U1.N2987487)-4.676E-09             (X_U1.N2987493)     .6872                 

(X_U1.N2987499)    1.0000             (X_U1.N2987541)    9.5755                 

(X_U1.N2987553)    3.9027             (X_U1.N2987623)    3.9027                 

(X_U1.N2987655)    1.9562             (X_U1.N2987675)    6.6134                 

(X_U1.N2987683)    1.9562             (X_U1.N2987687)    1.9562                 

(X_U1.N2987711)    6.6134             (X_U1.N2987719)    5.9262                 

(X_U1.N2987763)-423.5E-18             (X_U1.N2987785)    5.0000                 

(X_U1.N2987801)   -5.0000             (X_U1.N3108745)   16.5560                 

(X_U1.N3108755)    6.6244             (X_U1.N3108879)    6.6228                 

(X_U1.N3108917)    6.6244             (X_U1.N3108949)    6.6243                 

(X_U1.N3109015)    6.6243             (X_U1.N3116457)    3.9562                 

(X_U1.N3116503)  365.8100             (X_U1.N3116515)  365.8100                 

(X_U1.N3116609)  699.7200             (X_U1.N3116619)  260.5800                 

(X_U1.N3116655)  699.6500             (X_U1.N3116665)     .5315                 

(X_U1.N3116675)  699.7200             (X_U1.N3116685)  699.7200                 

(X_U1.N3116957)  699.6400             (X_U1.N3117239)  699.7200                 

(X_U1.N3126023)    3.4971             (X_U1.N3128929)   -4.7434                 

(X_U1.N3130349) 1.581E-06             (X_U1.N3130359)     .0048                 

(X_U1.N3202117)  699.7200             (X_U1.N3202127)  699.7200                 

(X_U1.N3202213)  699.7200             (X_U1.N3204124)  699.7200                 

(X_U1.N3204134)  699.7200             (X_U1.N3204220)  699.7200                 

(X_U1.N3205032)  699.7200             (X_U1.N3205042)  699.7200                 

(X_U1.N3205128)  699.7200             (X_U1.N3205956)  699.7200                 

(X_U1.N3205966)  699.7200             (X_U1.N3206052)  699.7200                 

(X_U1.N3206890)  699.7200             (X_U1.N3206900)  699.7200                 

(X_U1.N3206986)  699.7200             (X_U1.N3208573)  699.7200                 

(X_U1.N3208669)  699.7200             (X_U1.N3236810) 1.581E-09                 

(X_U1.N3236820) 1.581E-06             (X_U73.N110431)     .0198                 

(X_U73.N112292)     .0168             (X_U73.N317950)-211.8E-18                 

(X_U73.N406634)    5.0000             (X_U73.N406794)   -5.0000                 

(X_U73.N701935)-241.8E-06             (X_U73.N704979)   -6.4993                 

(X_U73.N705005)    -.0078             (X_U73.N709083)    3.6601                 

(X_U73.N709113)     .0062             (X_U73.N749288)    -.0070                 

(X_U73.VCC_CLP)    4.1998             (X_U73.VEE_CLP)   -4.2000                 

(X_U73.X_E_N.3)    0.0000             (X_U73.X_E_N.4)    0.0000                 

(X_U73.X_E_N.5)    0.0000             (X_U73.X_E_N.6)    0.0000                 

(X_U73.X_E_N.7)     .8338             (X_U73.X_E_N.8)     .8338                 

(X_U76.N110431)    2.5124             (X_U76.N112292)    3.9059                 

(X_U76.N317950)    2.5000             (X_U76.N406634)    5.0000                 

(X_U76.N406794) 2.504E-06             (X_U76.N749288)    3.9006                 

(X_U76.VCC_CLP)    4.2118             (X_U76.VEE_CLP)    1.0201                 

(X_U76.X_E_N.3)    0.0000             (X_U76.X_E_N.4)    0.0000                 

(X_U76.X_E_N.5)    0.0000             (X_U76.X_E_N.6)    0.0000                 

(X_U76.X_E_N.7)     .8338             (X_U76.X_E_N.8)     .8338                 

(X_U1.N32898091)  699.7200            (X_U73.N1327152)     .0070                

(X_U73.X_I_NP.3)    0.0000            (X_U73.X_I_NP.4)    0.0000                

(X_U73.X_I_NP.5)    0.0000            (X_U73.X_I_NP.6)    0.0000                

(X_U73.X_I_NP.7)     .8338            (X_U73.X_I_NP.8)     .8338                

(X_U76.N1254860)   17.9820            (X_U76.N1446199)    4.0758                

(X_U76.N1446217)    4.0758            (X_U76.N1461236)    2.3361                

(X_U76.N1461246)    2.5000            (X_U76.N1461252)    2.5046                

(X_U76.N1481243)     .7102            (X_U76.N1481253)    2.4999                

(X_U76.N1481259)    2.5005            (X_U76.N1483677)    6.4446                

(X_U76.N1483687)    2.5002            (X_U76.N1483693)    2.4954                

(X_U76.N1483703)    2.4998            (X_U76.N1483713)    2.5046                

(X_U76.N1490067)    2.5001            (X_U76.N1492098)    2.7548                

(X_U76.N1492108)    2.6699            (X_U76.N1492118)    2.6699                

(X_U76.N1492126)    2.6699            (X_U76.N1492376)    2.6699                

(X_U76.N1534615)    6.8373            (X_U76.N1534625)    2.6519                

(X_U76.N1534635)    2.6519            (X_U76.N1534645)    2.6519                

(X_U76.N1534887)    2.6519            (X_U76.N1541593)    6.3796                

(X_U76.N1541603)    2.6359            (X_U1.CLAW_CLAMP)    3.9562               

(X_U73.X_I_NP2.3)    0.0000           (X_U73.X_I_NP2.4)    0.0000               

(X_U73.X_I_NP2.5)    0.0000           (X_U73.X_I_NP2.6)    0.0000               

(X_U73.X_I_NP2.7)     .8338           (X_U73.X_I_NP2.8)     .8338               

(X_U76.X_I_NP1.3)    0.0000           (X_U76.X_I_NP1.4)    0.0000               

(X_U76.X_I_NP1.5)    0.0000           (X_U76.X_I_NP1.6)    0.0000               

(X_U76.X_I_NP1.7)     .8338           (X_U76.X_I_NP1.8)     .8338               

(X_U1.SW_OL_OPAx277)    1.0000        (X_U73.X_VOS_VS_VCM.1)    -.0070          

(X_U76.X_VOS_VS_VCM.1)    3.9006      




    VOLTAGE SOURCE CURRENTS
    NAME         CURRENT

    V_V2        -1.369E-02
    V_V6        -4.612E-04
    V_V5        -8.492E-04
    V_V1        -4.081E-02
    X_U76.V_VCM_MAX  -2.100E-09
    X_U76.V_VCM_MIN   1.400E-09
    X_U1.V_VCM_MAX  -3.001E-12
    X_U1.V_VCM_MIN   3.001E-12
    X_U1.V_V_GRN   7.500E-11
    X_U1.V_V_GRP  -7.500E-11
    X_U1.V_V_ISCN   3.500E-11
    X_U1.V_V_ISCP  -3.500E-11
    X_U1.V_V_ORN   0.000E+00
    X_U1.V_V_ORP   0.000E+00
    X_U73.V_VCM_MAX  -3.300E-09
    X_U73.V_VCM_MIN   3.300E-09
    X_U76.X_H3.VH_H3  -1.245E-05
    X_U76.X_VOS_VS_VCM.V1   4.097E-13
    X_U1.X_H1.VH_H1   9.576E-03
    X_U1.X_H2.VH_H2   6.872E-01
    X_U1.X_H3.VH_H3   4.676E-09
    X_U73.X_H3.VH_H3  -1.980E-05
    X_U73.X_VOS_VS_VCM.V1  -9.661E-17

    TOTAL POWER DISSIPATION   2.79E-01  WATTS


Model-Specific Temperatures During Sweep  Param value = 0.00483

 **** RESISTORS

               X_U76.R_R1 <X_U76.R_NOISELESS> (T_Current -273.15 T_Measured 27)
                              X_U76.R_R10 <X_U76.R_NOISELESS> (T_Current -273.15 T_Measured 27)
                                             X_U76.R_R107 <X_U76.R_NOISELESS> (T_Current -273.15 T_Measured 27)

          R        1.000E-02      1.000E-03      1.000E+00  


               X_U76.R_R108 <X_U76.R_NOISELESS> (T_Current -273.15 T_Measured 27)
                              X_U76.R_R109 <X_U76.R_NOISELESS> (T_Current -273.15 T_Measured 27)
                                             X_U76.R_R110 <X_U76.R_NOISELESS> (T_Current -273.15 T_Measured 27)

          R        1.000E+12      1.000E+00      1.000E-03  


               X_U76.R_R111 <X_U76.R_NOISELESS> (T_Current -273.15 T_Measured 27)
                              X_U76.R_R112 <X_U76.R_NOISELESS> (T_Current -273.15 T_Measured 27)
                                             X_U76.R_R113 <X_U76.R_NOISELESS> (T_Current -273.15 T_Measured 27)

          R        1.000E+06      1.000E+06      1.000E-03  


               X_U76.R_R146 <X_U76.R_NOISELESS> (T_Current -273.15 T_Measured 27)
                              X_U76.R_R147 <X_U76.R_NOISELESS> (T_Current -273.15 T_Measured 27)
                                             X_U76.R_R148 <X_U76.R_NOISELESS> (T_Current -273.15 T_Measured 27)

          R        1.000E+00      1.000E+00      1.000E+00  


               X_U76.R_R162 <X_U76.R_NOISELESS> (T_Current -273.15 T_Measured 27)
                              X_U76.R_R1A <X_U76.R_NOISELESS> (T_Current -273.15 T_Measured 27)
                                             X_U76.R_R1A1 <X_U76.R_NOISELESS> (T_Current -273.15 T_Measured 27)

          R        5.000E+03      1.000E+04      3.000E+01  


               X_U76.R_R1A14 <X_U76.R_NOISELESS> (T_Current -273.15 T_Measured 27)
                              X_U76.R_R1A15 <X_U76.R_NOISELESS> (T_Current -273.15 T_Measured 27)
                                             X_U76.R_R1A16 <X_U76.R_NOISELESS> (T_Current -273.15 T_Measured 27)

          R        1.000E+04      1.000E+04      2.800E+00  


               X_U76.R_R1A17 <X_U76.R_NOISELESS> (T_Current -273.15 T_Measured 27)
                              X_U76.R_R1A18 <X_U76.R_NOISELESS> (T_Current -273.15 T_Measured 27)
                                             X_U76.R_R1A40 <X_U76.R_NOISELESS> (T_Current -273.15 T_Measured 27)

          R        1.000E+04      1.000E+04      1.000E+04  


               X_U76.R_R1A41 <X_U76.R_NOISELESS> (T_Current -273.15 T_Measured 27)
                              X_U76.R_R1A42 <X_U76.R_NOISELESS> (T_Current -273.15 T_Measured 27)
                                             X_U76.R_R1A43 <X_U76.R_NOISELESS> (T_Current -273.15 T_Measured 27)

          R        7.000E+00      1.000E+04      3.000E+01  


               X_U76.R_R1A44 <X_U76.R_NOISELESS> (T_Current -273.15 T_Measured 27)
                              X_U76.R_R1A45 <X_U76.R_NOISELESS> (T_Current -273.15 T_Measured 27)
                                             X_U76.R_R2 <X_U76.R_NOISELESS> (T_Current -273.15 T_Measured 27)

          R        1.000E+01      1.000E+01      1.000E-02  


               X_U76.R_R21 <X_U76.R_NOISELESS> (T_Current -273.15 T_Measured 27)
                              X_U76.R_R211 <X_U76.R_NOISELESS> (T_Current -273.15 T_Measured 27)
                                             X_U76.R_R225 <X_U76.R_NOISELESS> (T_Current -273.15 T_Measured 27)

          R        1.000E+03      1.000E+00      1.000E+00  


               X_U76.R_R226 <X_U76.R_NOISELESS> (T_Current -273.15 T_Measured 27)
                              X_U76.R_R245 <X_U76.R_NOISELESS> (T_Current -273.15 T_Measured 27)
                                             X_U76.R_R246 <X_U76.R_NOISELESS> (T_Current -273.15 T_Measured 27)

          R        3.000E+01      4.500E+03      1.000E+00  


               X_U76.R_R247 <X_U76.R_NOISELESS> (T_Current -273.15 T_Measured 27)
                              X_U76.R_R248 <X_U76.R_NOISELESS> (T_Current -273.15 T_Measured 27)
                                             X_U76.R_R249 <X_U76.R_NOISELESS> (T_Current -273.15 T_Measured 27)

          R        1.000E+00      1.000E+00      1.000E+00  


               X_U76.R_R25 <X_U76.R_NOISELESS> (T_Current -273.15 T_Measured 27)
                              X_U76.R_R250 <X_U76.R_NOISELESS> (T_Current -273.15 T_Measured 27)
                                             X_U76.R_R251 <X_U76.R_NOISELESS> (T_Current -273.15 T_Measured 27)

          R        1.000E+09      1.000E+00      1.000E+00  


               X_U76.R_R252 <X_U76.R_NOISELESS> (T_Current -273.15 T_Measured 27)
                              X_U76.R_R253 <X_U76.R_NOISELESS> (T_Current -273.15 T_Measured 27)
                                             X_U76.R_R26 <X_U76.R_NOISELESS> (T_Current -273.15 T_Measured 27)

          R        1.000E+00      1.000E+00      1.000E+09  


               X_U76.R_R27 <X_U76.R_NOISELESS> (T_Current -273.15 T_Measured 27)
                              X_U76.R_R28 <X_U76.R_NOISELESS> (T_Current -273.15 T_Measured 27)
                                             X_U76.R_R29 <X_U76.R_NOISELESS> (T_Current -273.15 T_Measured 27)

          R        1.000E+00      1.000E-03      1.000E+03  


               X_U76.R_R2A <X_U76.R_NOISELESS> (T_Current -273.15 T_Measured 27)
                              X_U76.R_R2A1 <X_U76.R_NOISELESS> (T_Current -273.15 T_Measured 27)
                                             X_U76.R_R2A16 <X_U76.R_NOISELESS> (T_Current -273.15 T_Measured 27)

          R        2.000E+04      1.000E+01      5.420E-01  


               X_U76.R_R2A17 <X_U76.R_NOISELESS> (T_Current -273.15 T_Measured 27)
                              X_U76.R_R2A18 <X_U76.R_NOISELESS> (T_Current -273.15 T_Measured 27)
                                             X_U76.R_R2A36 <X_U76.R_NOISELESS> (T_Current -273.15 T_Measured 27)

          R        4.822E+02      4.822E+02      8.500E-01  


               X_U76.R_R2A37 <X_U76.R_NOISELESS> (T_Current -273.15 T_Measured 27)
                              X_U76.R_R2A40 <X_U76.R_NOISELESS> (T_Current -273.15 T_Measured 27)
                                             X_U76.R_R2A41 <X_U76.R_NOISELESS> (T_Current -273.15 T_Measured 27)

          R        3.010E+01      7.000E-01      1.000E+01  


               X_U76.R_R2A42 <X_U76.R_NOISELESS> (T_Current -273.15 T_Measured 27)
                              X_U76.R_R2A43 <X_U76.R_NOISELESS> (T_Current -273.15 T_Measured 27)
                                             X_U76.R_R3 <X_U76.R_NOISELESS> (T_Current -273.15 T_Measured 27)

          R        3.630E-01      3.630E-01      2.300E+06  


               X_U76.R_R30 <X_U76.R_NOISELESS> (T_Current -273.15 T_Measured 27)
                              X_U76.R_R31 <X_U76.R_NOISELESS> (T_Current -273.15 T_Measured 27)
                                             X_U76.R_R32 <X_U76.R_NOISELESS> (T_Current -273.15 T_Measured 27)

          R        1.000E-03      1.000E+03      1.000E+03  


               X_U76.R_R33 <X_U76.R_NOISELESS> (T_Current -273.15 T_Measured 27)
                              X_U76.R_R34 <X_U76.R_NOISELESS> (T_Current -273.15 T_Measured 27)
                                             X_U76.R_R4 <X_U76.R_NOISELESS> (T_Current -273.15 T_Measured 27)

          R        1.000E-03      1.000E+03      2.300E+06  


               X_U76.R_R6 <X_U76.R_NOISELESS> (T_Current -273.15 T_Measured 27)
                              X_U76.R_R60 <X_U76.R_NOISELESS> (T_Current -273.15 T_Measured 27)
                                             X_U76.R_R8 <X_U76.R_NOISELESS> (T_Current -273.15 T_Measured 27)

          R        1.000E+00      1.000E+00      1.000E+03  


               X_U76.R_R81 <X_U76.R_NOISELESS> (T_Current -273.15 T_Measured 27)
                              X_U76.R_R83 <X_U76.R_NOISELESS> (T_Current -273.15 T_Measured 27)
                                             X_U76.R_R9 <X_U76.R_NOISELESS> (T_Current -273.15 T_Measured 27)

          R        1.000E+09      1.000E+09      1.000E-03  


               X_U76.R_RDUMMY <X_U76.R_NOISELESS> (T_Current -273.15 T_Measured 27)
                              X_U76.R_RX <X_U76.R_NOISELESS> (T_Current -273.15 T_Measured 27)
                                             X_U76.R_R_VIMON <X_U76.R_NOISELESS> (T_Current -273.15 T_Measured 27)

          R        1.400E+02      1.400E+03      1.000E+02  


               X_U76.R_R_VOUT_S <X_U76.R_NOISELESS> (T_Current -273.15 T_Measured 27)
                              X_U1.R_R10 <X_U1.R_NOISELESS> (T_Current -273.15 T_Measured 27)
                                             X_U1.R_R11 <X_U1.R_NOISELESS> (T_Current -273.15 T_Measured 27)

          R        1.000E+02      1.000E+00      3.333E+01  


               X_U1.R_R12 <X_U1.R_NOISELESS> (T_Current -273.15 T_Measured 27)
                              X_U1.R_R13 <X_U1.R_NOISELESS> (T_Current -273.15 T_Measured 27)
                                             X_U1.R_R139 <X_U1.R_NOISELESS> (T_Current -273.15 T_Measured 27)

          R        1.000E+08      1.000E+00      1.057E+04  


               X_U1.R_R14 <X_U1.R_NOISELESS> (T_Current -273.15 T_Measured 27)
                              X_U1.R_R140 <X_U1.R_NOISELESS> (T_Current -273.15 T_Measured 27)
                                             X_U1.R_R141 <X_U1.R_NOISELESS> (T_Current -273.15 T_Measured 27)

          R        3.287E+04      1.000E+04      1.000E+00  


               X_U1.R_R142 <X_U1.R_NOISELESS> (T_Current -273.15 T_Measured 27)
                              X_U1.R_R143 <X_U1.R_NOISELESS> (T_Current -273.15 T_Measured 27)
                                             X_U1.R_R144 <X_U1.R_NOISELESS> (T_Current -273.15 T_Measured 27)

          R        1.000E+04      1.000E+00      7.603E+00  


               X_U1.R_R15 <X_U1.R_NOISELESS> (T_Current -273.15 T_Measured 27)
                              X_U1.R_R158 <X_U1.R_NOISELESS> (T_Current -273.15 T_Measured 27)
                                             X_U1.R_R159 <X_U1.R_NOISELESS> (T_Current -273.15 T_Measured 27)

          R        1.000E-03      1.000E+04      1.000E+00  


               X_U1.R_R16 <X_U1.R_NOISELESS> (T_Current -273.15 T_Measured 27)
                              X_U1.R_R160 <X_U1.R_NOISELESS> (T_Current -273.15 T_Measured 27)
                                             X_U1.R_R161 <X_U1.R_NOISELESS> (T_Current -273.15 T_Measured 27)

          R        1.000E+03      6.670E+03      1.000E+06  


               X_U1.R_R162 <X_U1.R_NOISELESS> (T_Current -273.15 T_Measured 27)
                              X_U1.R_R166 <X_U1.R_NOISELESS> (T_Current -273.15 T_Measured 27)
                                             X_U1.R_R167 <X_U1.R_NOISELESS> (T_Current -273.15 T_Measured 27)

          R        1.000E+06      1.000E+06      1.000E+02  


               X_U1.R_R168 <X_U1.R_NOISELESS> (T_Current -273.15 T_Measured 27)
                              X_U1.R_R169 <X_U1.R_NOISELESS> (T_Current -273.15 T_Measured 27)
                                             X_U1.R_R17 <X_U1.R_NOISELESS> (T_Current -273.15 T_Measured 27)

          R        1.000E+04      1.000E+00      1.000E-03  


               X_U1.R_R170 <X_U1.R_NOISELESS> (T_Current -273.15 T_Measured 27)
                              X_U1.R_R171 <X_U1.R_NOISELESS> (T_Current -273.15 T_Measured 27)
                                             X_U1.R_R172 <X_U1.R_NOISELESS> (T_Current -273.15 T_Measured 27)

          R        5.934E+03      1.000E+06      9.869E+04  


               X_U1.R_R173 <X_U1.R_NOISELESS> (T_Current -273.15 T_Measured 27)
                              X_U1.R_R174 <X_U1.R_NOISELESS> (T_Current -273.15 T_Measured 27)
                                             X_U1.R_R175 <X_U1.R_NOISELESS> (T_Current -273.15 T_Measured 27)

          R        1.000E+04      1.000E+00      5.157E+04  


               X_U1.R_R176 <X_U1.R_NOISELESS> (T_Current -273.15 T_Measured 27)
                              X_U1.R_R177 <X_U1.R_NOISELESS> (T_Current -273.15 T_Measured 27)
                                             X_U1.R_R178 <X_U1.R_NOISELESS> (T_Current -273.15 T_Measured 27)

          R        1.000E+04      1.000E+00      9.484E+03  


               X_U1.R_R179 <X_U1.R_NOISELESS> (T_Current -273.15 T_Measured 27)
                              X_U1.R_R18 <X_U1.R_NOISELESS> (T_Current -273.15 T_Measured 27)
                                             X_U1.R_R180 <X_U1.R_NOISELESS> (T_Current -273.15 T_Measured 27)

          R        1.000E+04      1.000E+12      1.000E+00  


               X_U1.R_R181 <X_U1.R_NOISELESS> (T_Current -273.15 T_Measured 27)
                              X_U1.R_R182 <X_U1.R_NOISELESS> (T_Current -273.15 T_Measured 27)
                                             X_U1.R_R183 <X_U1.R_NOISELESS> (T_Current -273.15 T_Measured 27)

          R        9.500E+03      1.000E+04      1.000E+00  


               X_U1.R_R184 <X_U1.R_NOISELESS> (T_Current -273.15 T_Measured 27)
                              X_U1.R_R185 <X_U1.R_NOISELESS> (T_Current -273.15 T_Measured 27)
                                             X_U1.R_R186 <X_U1.R_NOISELESS> (T_Current -273.15 T_Measured 27)

          R        5.875E+03      1.000E+04      1.000E+00  


               X_U1.R_R187 <X_U1.R_NOISELESS> (T_Current -273.15 T_Measured 27)
                              X_U1.R_R188 <X_U1.R_NOISELESS> (T_Current -273.15 T_Measured 27)
                                             X_U1.R_R189 <X_U1.R_NOISELESS> (T_Current -273.15 T_Measured 27)

          R        3.086E+03      1.000E+04      1.000E+00  


               X_U1.R_R19 <X_U1.R_NOISELESS> (T_Current -273.15 T_Measured 27)
                              X_U1.R_R190 <X_U1.R_NOISELESS> (T_Current -273.15 T_Measured 27)
                                             X_U1.R_R191 <X_U1.R_NOISELESS> (T_Current -273.15 T_Measured 27)

          R        1.000E+12      1.000E+04      1.001E+01  


               X_U1.R_R192 <X_U1.R_NOISELESS> (T_Current -273.15 T_Measured 27)
                              X_U1.R_R193 <X_U1.R_NOISELESS> (T_Current -273.15 T_Measured 27)
                                             X_U1.R_R20 <X_U1.R_NOISELESS> (T_Current -273.15 T_Measured 27)

          R        1.000E+00      1.000E+00      1.000E+00  


               X_U1.R_R21 <X_U1.R_NOISELESS> (T_Current -273.15 T_Measured 27)
                              X_U1.R_R22 <X_U1.R_NOISELESS> (T_Current -273.15 T_Measured 27)
                                             X_U1.R_R23 <X_U1.R_NOISELESS> (T_Current -273.15 T_Measured 27)

          R        1.000E-03      1.000E+06      1.000E+06  


               X_U1.R_R24 <X_U1.R_NOISELESS> (T_Current -273.15 T_Measured 27)
                              X_U1.R_R32 <X_U1.R_NOISELESS> (T_Current -273.15 T_Measured 27)
                                             X_U1.R_R33 <X_U1.R_NOISELESS> (T_Current -273.15 T_Measured 27)

          R        1.000E+03      1.000E+03      1.000E+03  


               X_U1.R_R34 <X_U1.R_NOISELESS> (T_Current -273.15 T_Measured 27)
                              X_U1.R_R35 <X_U1.R_NOISELESS> (T_Current -273.15 T_Measured 27)
                                             X_U1.R_R36 <X_U1.R_NOISELESS> (T_Current -273.15 T_Measured 27)

          R        1.000E+04      1.000E+00      1.095E+04  


               X_U1.R_R43 <X_U1.R_NOISELESS> (T_Current -273.15 T_Measured 27)
                              X_U1.R_R46 <X_U1.R_NOISELESS> (T_Current -273.15 T_Measured 27)
                                             X_U1.R_R47 <X_U1.R_NOISELESS> (T_Current -273.15 T_Measured 27)

          R        1.000E+00      1.000E+00      1.000E-03  


               X_U1.R_R48 <X_U1.R_NOISELESS> (T_Current -273.15 T_Measured 27)
                              X_U1.R_R49 <X_U1.R_NOISELESS> (T_Current -273.15 T_Measured 27)
                                             X_U1.R_R5 <X_U1.R_NOISELESS> (T_Current -273.15 T_Measured 27)

          R        1.000E+06      1.000E+12      1.000E+00  


               X_U1.R_R50 <X_U1.R_NOISELESS> (T_Current -273.15 T_Measured 27)
                              X_U1.R_R51 <X_U1.R_NOISELESS> (T_Current -273.15 T_Measured 27)
                                             X_U1.R_R52 <X_U1.R_NOISELESS> (T_Current -273.15 T_Measured 27)

          R        1.000E+06      1.000E-03      1.000E+00  


               X_U1.R_R53 <X_U1.R_NOISELESS> (T_Current -273.15 T_Measured 27)
                              X_U1.R_R54 <X_U1.R_NOISELESS> (T_Current -273.15 T_Measured 27)
                                             X_U1.R_R55 <X_U1.R_NOISELESS> (T_Current -273.15 T_Measured 27)

          R        1.000E+12      1.000E+00      1.000E-03  


               X_U1.R_R56 <X_U1.R_NOISELESS> (T_Current -273.15 T_Measured 27)
                              X_U1.R_R57 <X_U1.R_NOISELESS> (T_Current -273.15 T_Measured 27)
                                             X_U1.R_R58 <X_U1.R_NOISELESS> (T_Current -273.15 T_Measured 27)

          R        1.000E+12      1.000E+00      1.000E-03  


               X_U1.R_R59 <X_U1.R_NOISELESS> (T_Current -273.15 T_Measured 27)
                              X_U1.R_R6 <X_U1.R_NOISELESS> (T_Current -273.15 T_Measured 27)
                                             X_U1.R_R60 <X_U1.R_NOISELESS> (T_Current -273.15 T_Measured 27)

          R        1.000E+12      1.000E+08      1.000E+00  


               X_U1.R_R61 <X_U1.R_NOISELESS> (T_Current -273.15 T_Measured 27)
                              X_U1.R_R62 <X_U1.R_NOISELESS> (T_Current -273.15 T_Measured 27)
                                             X_U1.R_R63 <X_U1.R_NOISELESS> (T_Current -273.15 T_Measured 27)

          R        1.000E-03      1.000E-03      1.000E+12  


               X_U1.R_R64 <X_U1.R_NOISELESS> (T_Current -273.15 T_Measured 27)
                              X_U1.R_R65 <X_U1.R_NOISELESS> (T_Current -273.15 T_Measured 27)
                                             X_U1.R_R66 <X_U1.R_NOISELESS> (T_Current -273.15 T_Measured 27)

          R        1.000E+00      1.000E+12      1.000E+00  


               X_U1.R_R67 <X_U1.R_NOISELESS> (T_Current -273.15 T_Measured 27)
                              X_U1.R_R68 <X_U1.R_NOISELESS> (T_Current -273.15 T_Measured 27)
                                             X_U1.R_R69 <X_U1.R_NOISELESS> (T_Current -273.15 T_Measured 27)

          R        1.000E-03      1.000E-03      1.000E+12  


               X_U1.R_R7 <X_U1.R_NOISELESS> (T_Current -273.15 T_Measured 27)
                              X_U1.R_R70 <X_U1.R_NOISELESS> (T_Current -273.15 T_Measured 27)
                                             X_U1.R_R71 <X_U1.R_NOISELESS> (T_Current -273.15 T_Measured 27)

          R        8.332E+00      1.000E+00      1.000E-03  


               X_U1.R_R72 <X_U1.R_NOISELESS> (T_Current -273.15 T_Measured 27)
                              X_U1.R_R73 <X_U1.R_NOISELESS> (T_Current -273.15 T_Measured 27)
                                             X_U1.R_R74 <X_U1.R_NOISELESS> (T_Current -273.15 T_Measured 27)

          R        1.000E+03      1.000E-03      1.000E+03  


               X_U1.R_R75 <X_U1.R_NOISELESS> (T_Current -273.15 T_Measured 27)
                              X_U1.R_R76 <X_U1.R_NOISELESS> (T_Current -273.15 T_Measured 27)
                                             X_U1.R_R77 <X_U1.R_NOISELESS> (T_Current -273.15 T_Measured 27)

          R        1.000E-03      1.000E+03      1.000E+03  


               X_U1.R_R78 <X_U1.R_NOISELESS> (T_Current -273.15 T_Measured 27)
                              X_U1.R_R79 <X_U1.R_NOISELESS> (T_Current -273.15 T_Measured 27)
                                             X_U1.R_R8 <X_U1.R_NOISELESS> (T_Current -273.15 T_Measured 27)

          R        1.000E+00      1.000E+00      1.000E+03  


               X_U1.R_R80 <X_U1.R_NOISELESS> (T_Current -273.15 T_Measured 27)
                              X_U1.R_R81 <X_U1.R_NOISELESS> (T_Current -273.15 T_Measured 27)
                                             X_U1.R_R82 <X_U1.R_NOISELESS> (T_Current -273.15 T_Measured 27)

          R        1.000E+02      1.000E+02      1.000E+00  


               X_U1.R_R83 <X_U1.R_NOISELESS> (T_Current -273.15 T_Measured 27)
                              X_U1.R_R9 <X_U1.R_NOISELESS> (T_Current -273.15 T_Measured 27)
                                             X_U1.R_RDUMMY <X_U1.R_NOISELESS> (T_Current -273.15 T_Measured 27)

          R        1.000E+02      1.000E+08      6.858E+03  


               X_U1.R_RS_INN <X_U1.R_NOISELESS> (T_Current -273.15 T_Measured 27)
                              X_U1.R_RS_INP <X_U1.R_NOISELESS> (T_Current -273.15 T_Measured 27)
                                             X_U1.R_RX <X_U1.R_NOISELESS> (T_Current -273.15 T_Measured 27)

          R        1.000E+03      1.000E+03      6.858E+04  


               X_U1.R_RX1 <X_U1.R_NOISELESS> (T_Current -273.15 T_Measured 27)
                              X_U1.R_RX2 <X_U1.R_NOISELESS> (T_Current -273.15 T_Measured 27)
                                             X_U1.R_RX3 <X_U1.R_NOISELESS> (T_Current -273.15 T_Measured 27)

          R        1.000E+12      1.000E+02      1.000E+12  


               X_U1.R_RX4 <X_U1.R_NOISELESS> (T_Current -273.15 T_Measured 27)
                              X_U1.R_R_COM0 <X_U1.R_NOISELESS> (T_Current -273.15 T_Measured 27)
                                             X_U1.R_R_COM1 <X_U1.R_NOISELESS> (T_Current -273.15 T_Measured 27)

          R        1.000E+02      1.000E+12      1.000E+12  


               X_U1.R_R_DIFF <X_U1.R_NOISELESS> (T_Current -273.15 T_Measured 27)
                              X_U73.R_R107 <X_U73.R_NOISELESS> (T_Current -273.15 T_Measured 27)
                                             X_U73.R_R108 <X_U73.R_NOISELESS> (T_Current -273.15 T_Measured 27)

          R        1.000E+08      1.000E+00      1.000E+12  


               X_U73.R_R109 <X_U73.R_NOISELESS> (T_Current -273.15 T_Measured 27)
                              X_U73.R_R110 <X_U73.R_NOISELESS> (T_Current -273.15 T_Measured 27)
                                             X_U73.R_R111 <X_U73.R_NOISELESS> (T_Current -273.15 T_Measured 27)

          R        1.000E+00      1.000E-03      1.000E+06  


               X_U73.R_R112 <X_U73.R_NOISELESS> (T_Current -273.15 T_Measured 27)
                              X_U73.R_R113 <X_U73.R_NOISELESS> (T_Current -273.15 T_Measured 27)
                                             X_U73.R_R136 <X_U73.R_NOISELESS> (T_Current -273.15 T_Measured 27)

          R        1.000E+06      1.000E-03      1.000E+00  


               X_U73.R_R169 <X_U73.R_NOISELESS> (T_Current -273.15 T_Measured 27)
                              X_U73.R_R1A1 <X_U73.R_NOISELESS> (T_Current -273.15 T_Measured 27)
                                             X_U73.R_R1A3 <X_U73.R_NOISELESS> (T_Current -273.15 T_Measured 27)

          R        2.900E+01      1.000E+04      1.000E+04  


               X_U73.R_R1A4 <X_U73.R_NOISELESS> (T_Current -273.15 T_Measured 27)
                              X_U73.R_R2 <X_U73.R_NOISELESS> (T_Current -273.15 T_Measured 27)
                                             X_U73.R_R21 <X_U73.R_NOISELESS> (T_Current -273.15 T_Measured 27)

          R        1.000E+04      1.000E-02      1.000E+03  


               X_U73.R_R25 <X_U73.R_NOISELESS> (T_Current -273.15 T_Measured 27)
                              X_U73.R_R26 <X_U73.R_NOISELESS> (T_Current -273.15 T_Measured 27)
                                             X_U73.R_R261 <X_U73.R_NOISELESS> (T_Current -273.15 T_Measured 27)

          R        1.000E+09      1.000E+09      1.000E+00  


               X_U73.R_R27 <X_U73.R_NOISELESS> (T_Current -273.15 T_Measured 27)
                              X_U73.R_R28 <X_U73.R_NOISELESS> (T_Current -273.15 T_Measured 27)
                                             X_U73.R_R29 <X_U73.R_NOISELESS> (T_Current -273.15 T_Measured 27)

          R        1.000E+00      1.000E-03      1.000E+03  


               X_U73.R_R2A1 <X_U73.R_NOISELESS> (T_Current -273.15 T_Measured 27)
                              X_U73.R_R2A4 <X_U73.R_NOISELESS> (T_Current -273.15 T_Measured 27)
                                             X_U73.R_R2A5 <X_U73.R_NOISELESS> (T_Current -273.15 T_Measured 27)

          R        1.700E+01      2.000E+01      1.200E+01  


               X_U73.R_R3 <X_U73.R_NOISELESS> (T_Current -273.15 T_Measured 27)
                              X_U73.R_R30 <X_U73.R_NOISELESS> (T_Current -273.15 T_Measured 27)
                                             X_U73.R_R31 <X_U73.R_NOISELESS> (T_Current -273.15 T_Measured 27)

          R        2.800E+05      1.000E-03      1.000E+03  


               X_U73.R_R32 <X_U73.R_NOISELESS> (T_Current -273.15 T_Measured 27)
                              X_U73.R_R33 <X_U73.R_NOISELESS> (T_Current -273.15 T_Measured 27)
                                             X_U73.R_R34 <X_U73.R_NOISELESS> (T_Current -273.15 T_Measured 27)

          R        1.000E+03      1.000E-03      1.000E+03  


               X_U73.R_R35 <X_U73.R_NOISELESS> (T_Current -273.15 T_Measured 27)
                              X_U73.R_R36 <X_U73.R_NOISELESS> (T_Current -273.15 T_Measured 27)
                                             X_U73.R_R363 <X_U73.R_NOISELESS> (T_Current -273.15 T_Measured 27)

          R        1.000E+09      1.000E+00      1.000E+00  


               X_U73.R_R364 <X_U73.R_NOISELESS> (T_Current -273.15 T_Measured 27)
                              X_U73.R_R37 <X_U73.R_NOISELESS> (T_Current -273.15 T_Measured 27)
                                             X_U73.R_R38 <X_U73.R_NOISELESS> (T_Current -273.15 T_Measured 27)

          R        1.000E+00      1.000E-03      1.000E-03  


               X_U73.R_R39 <X_U73.R_NOISELESS> (T_Current -273.15 T_Measured 27)
                              X_U73.R_R40 <X_U73.R_NOISELESS> (T_Current -273.15 T_Measured 27)
                                             X_U73.R_R5 <X_U73.R_NOISELESS> (T_Current -273.15 T_Measured 27)

          R        1.000E+00      1.000E+09      1.000E+00  


               X_U73.R_R60 <X_U73.R_NOISELESS> (T_Current -273.15 T_Measured 27)
                              X_U73.R_R8 <X_U73.R_NOISELESS> (T_Current -273.15 T_Measured 27)
                                             X_U73.R_R81 <X_U73.R_NOISELESS> (T_Current -273.15 T_Measured 27)

          R        3.700E+04      1.000E+03      1.000E+09  


               X_U73.R_R83 <X_U73.R_NOISELESS> (T_Current -273.15 T_Measured 27)
                              X_U73.R_R9 <X_U73.R_NOISELESS> (T_Current -273.15 T_Measured 27)
                                             X_U73.R_R_VIMON <X_U73.R_NOISELESS> (T_Current -273.15 T_Measured 27)

          R        1.000E+09      1.000E-03      1.000E+02  


               X_U73.R_R_VOUT_S <X_U73.R_NOISELESS> (T_Current -273.15 T_Measured 27)

          R        1.000E+02  



**** 04/05/25 22:08:30 *** PSpice 24.1.0 (26 February 2025) *** ID# 0 ********

 ** Profile: "SCHEMATIC1-asdfa"  [ c:\users\user\appdata\roaming\spb_data\cdssetup\workspace\projects\tiaopa695\TIAOPA695-PSpiceFiles


 ****     INITIAL TRANSIENT SOLUTION       TEMPERATURE =   27.000 DEG C

 ****     CURRENT STEP                     PARAM IVAR =    4.8300E-03


******************************************************************************



 NODE   VOLTAGE     NODE   VOLTAGE     NODE   VOLTAGE     NODE   VOLTAGE


(  VCC)    5.0000  (  VEE)   -5.0000  (N1113089)    3.8997                      

(N1113125)    3.9059                  (N1113485)    3.9010                      

(N1113565)    5.0000                  (N1113637)    1.9901                      

(N1113647)    3.9027                  (N1113661)    3.3016                      

(N1113879)   -5.0000                  (N1114737)     .0070                      

(N1114747)     .0070                  (N1114761)     .0168                      

(N1114963)     .0168                  (N1114991)-260.0E-06                      

(X_U1.MID)-423.5E-18                  (X_U1.V11)-4.676E-09                      

(X_U1.V12)     .6872                  (X_U76.ZO)    3.9059                      

(X_U1.ESDN)    2.3782                 (X_U1.ESDP)    2.9136                     

(X_U1.VCLP)    3.9562                 (X_U73.AOL)     .0168                     

(X_U73.MID)-211.8E-18                 (X_U76.MID)    2.5000                     

(X_U1.CLAMP)    6.6228                (X_U1.VCC_B)    5.0000                    

(X_U1.VEE_B)   -5.0000                (X_U1.VIMON)    9.5755                    

(X_U73.CMRR)-482.6E-09                (X_U76.CMRR)    2.5000                    

(X_U76.ESDN)    3.8997                (X_U76.ESDP)    3.9010                    

(X_U1.VOUT_S)    3.9027               (X_U1.VSENSE)    6.6228                   

(X_U1.X_U1.3)    0.0000               (X_U1.X_U1.4)    0.0000                   

(X_U1.X_U1.5)    0.0000               (X_U1.X_U1.6)    0.0000                   

(X_U1.X_U1.7)     .8338               (X_U1.X_U1.8)     .8338                   

(X_U73.CLAMP)     .0168               (X_U73.VCC_B)    5.0000                   

(X_U73.VEE_B)   -5.0000               (X_U73.VIMON)     .0198                   

(X_U76.CLAMP)    4.1283               (X_U76.PSRRN)    2.5002                   

(X_U76.PSRRP)    2.5001               (X_U76.VCC_B)    5.0000                   

(X_U76.VEE_B) 2.501E-06               (X_U76.VIMON)    2.5124                   

(X_U1.VCC_CLP)    3.9000              (X_U1.VEE_CLP)   -4.8260                  

(X_U1.X_U39.3)    0.0000              (X_U1.X_U39.4)    0.0000                  

(X_U1.X_U39.5)    0.0000              (X_U1.X_U39.6)    0.0000                  

(X_U1.X_U39.7)     .8338              (X_U1.X_U39.8)     .8338                  

(X_U1.X_U40.3)    0.0000              (X_U1.X_U40.4)    0.0000                  

(X_U1.X_U40.5)    0.0000              (X_U1.X_U40.6)    0.0000                  

(X_U1.X_U40.7)     .8338              (X_U1.X_U40.8)     .8338                  

(X_U73.AOLNET)    -.0168              (X_U73.N05102)     .0070                  

(X_U73.N06456)-260.0E-06              (X_U73.N10561)    -.0070                  

(X_U73.N10570)    -.0070              (X_U73.N11984)    -.0070                  

(X_U73.N25816)     .0070              (X_U73.N28602)   -3.3000                  

(X_U73.N30136)    3.3000              (X_U73.N30913)     .0070                  

(X_U73.N31014)     .0070              (X_U73.N35669)    4.1998                  

(X_U73.N35813)    4.1998              (X_U73.N38050)   -4.2000                  

(X_U73.N38096)   -4.2000              (X_U73.N42663)-211.8E-18                  

(X_U73.N42834)-211.8E-18              (X_U73.N44757)-211.8E-18                  

(X_U73.N44799)-211.8E-18              (X_U73.VOUT_S)     .0168                  

(X_U76.AOLNET)    2.4992              (X_U76.N06456)    3.9010                  

(X_U76.N10561)    3.9006              (X_U76.N10570)    3.9006                  

(X_U76.N11984)    3.9006              (X_U76.N11991)    3.8997                  

(X_U76.N25816)    3.9005              (X_U76.N28602)    1.1000                  

(X_U76.N30136)    4.6000              (X_U76.N30913)    3.9005                  

(X_U76.N31014)    3.9005              (X_U76.N35675)    4.2118                  

(X_U76.N35813)    4.2118              (X_U76.N38050)    1.0201                  

(X_U76.N38096)    1.0201              (X_U76.VOUT_S)    3.9059                  

(X_U76.X_U1.3)    0.0000              (X_U76.X_U1.4)    0.0000                  

(X_U76.X_U1.5)    0.0000              (X_U76.X_U1.6)    0.0000                  

(X_U76.X_U1.7)     .8338              (X_U76.X_U1.8)     .8338                  

(X_U1.CL_CLAMP)    3.9562             (X_U1.N2986935)    2.9136                 

(X_U1.N2986947) 291.4E-09             (X_U1.N2986949)    2.9136                 

(X_U1.N2986957)    2.9136             (X_U1.N2986973)-1.581E-06                 

(X_U1.N2986975) 1.581E-06             (X_U1.N2986977)    2.9136                 

(X_U1.N2986981)    2.9136             (X_U1.N2987013)    2.3782                 

(X_U1.N2987017)    3.0000             (X_U1.N2987029)   -3.0000                 

(X_U1.N2987037)    2.9136             (X_U1.N2987051)    2.9136                 

(X_U1.N2987061)   53.5400             (X_U1.N2987123)     .0027                 

(X_U1.N2987135)     .0027             (X_U1.N2987157)-423.5E-18                 

(X_U1.N2987159)-423.5E-18             (X_U1.N2987201)   35.0000                 

(X_U1.N2987203)-423.5E-18             (X_U1.N2987205)-423.5E-18                 

(X_U1.N2987225)-423.5E-18             (X_U1.N2987231)-423.5E-18                 

(X_U1.N2987243)  -35.0000             (X_U1.N2987295)   75.0000                 

(X_U1.N2987299)-423.5E-18             (X_U1.N2987301)-423.5E-18                 

(X_U1.N2987319)-423.5E-18             (X_U1.N2987325)-423.5E-18                 

(X_U1.N2987337)  -75.0000             (X_U1.N2987363)    6.6228                 

(X_U1.N2987391)    3.9000             (X_U1.N2987395)   -4.8260                 

(X_U1.N2987423)   -4.8260             (X_U1.N2987427)    3.9000                 

(X_U1.N2987487)-4.676E-09             (X_U1.N2987493)     .6872                 

(X_U1.N2987499)    1.0000             (X_U1.N2987541)    9.5755                 

(X_U1.N2987553)    3.9027             (X_U1.N2987623)    3.9027                 

(X_U1.N2987655)    1.9562             (X_U1.N2987675)    6.6134                 

(X_U1.N2987683)    1.9562             (X_U1.N2987687)    1.9562                 

(X_U1.N2987711)    6.6134             (X_U1.N2987719)    5.9262                 

(X_U1.N2987763)-423.5E-18             (X_U1.N2987785)    5.0000                 

(X_U1.N2987801)   -5.0000             (X_U1.N3108745)   16.5560                 

(X_U1.N3108755)    6.6244             (X_U1.N3108879)    6.6228                 

(X_U1.N3108917)    6.6244             (X_U1.N3108949)    6.6243                 

(X_U1.N3109015)    6.6243             (X_U1.N3116457)    3.9562                 

(X_U1.N3116503)  365.8100             (X_U1.N3116515)  365.8100                 

(X_U1.N3116609)  699.7200             (X_U1.N3116619)  260.5800                 

(X_U1.N3116655)  699.6500             (X_U1.N3116665)     .5315                 

(X_U1.N3116675)  699.7200             (X_U1.N3116685)  699.7200                 

(X_U1.N3116957)  699.6400             (X_U1.N3117239)  699.7200                 

(X_U1.N3126023)    3.4971             (X_U1.N3128929)   -4.7434                 

(X_U1.N3130349) 1.581E-06             (X_U1.N3130359)     .0048                 

(X_U1.N3202117)  699.7200             (X_U1.N3202127)  699.7200                 

(X_U1.N3202213)  699.7200             (X_U1.N3204124)  699.7200                 

(X_U1.N3204134)  699.7200             (X_U1.N3204220)  699.7200                 

(X_U1.N3205032)  699.7200             (X_U1.N3205042)  699.7200                 

(X_U1.N3205128)  699.7200             (X_U1.N3205956)  699.7200                 

(X_U1.N3205966)  699.7200             (X_U1.N3206052)  699.7200                 

(X_U1.N3206890)  699.7200             (X_U1.N3206900)  699.7200                 

(X_U1.N3206986)  699.7200             (X_U1.N3208573)  699.7200                 

(X_U1.N3208669)  699.7200             (X_U1.N3236810) 1.581E-09                 

(X_U1.N3236820) 1.581E-06             (X_U73.N110431)     .0198                 

(X_U73.N112292)     .0168             (X_U73.N317950)-211.8E-18                 

(X_U73.N406634)    5.0000             (X_U73.N406794)   -5.0000                 

(X_U73.N701935)-241.8E-06             (X_U73.N704979)   -6.4993                 

(X_U73.N705005)    -.0078             (X_U73.N709083)    3.6601                 

(X_U73.N709113)     .0062             (X_U73.N749288)    -.0070                 

(X_U73.VCC_CLP)    4.1998             (X_U73.VEE_CLP)   -4.2000                 

(X_U73.X_E_N.3)    0.0000             (X_U73.X_E_N.4)    0.0000                 

(X_U73.X_E_N.5)    0.0000             (X_U73.X_E_N.6)    0.0000                 

(X_U73.X_E_N.7)     .8338             (X_U73.X_E_N.8)     .8338                 

(X_U76.N110431)    2.5124             (X_U76.N112292)    3.9059                 

(X_U76.N317950)    2.5000             (X_U76.N406634)    5.0000                 

(X_U76.N406794) 2.504E-06             (X_U76.N749288)    3.9006                 

(X_U76.VCC_CLP)    4.2118             (X_U76.VEE_CLP)    1.0201                 

(X_U76.X_E_N.3)    0.0000             (X_U76.X_E_N.4)    0.0000                 

(X_U76.X_E_N.5)    0.0000             (X_U76.X_E_N.6)    0.0000                 

(X_U76.X_E_N.7)     .8338             (X_U76.X_E_N.8)     .8338                 

(X_U1.N32898091)  699.7200            (X_U73.N1327152)     .0070                

(X_U73.X_I_NP.3)    0.0000            (X_U73.X_I_NP.4)    0.0000                

(X_U73.X_I_NP.5)    0.0000            (X_U73.X_I_NP.6)    0.0000                

(X_U73.X_I_NP.7)     .8338            (X_U73.X_I_NP.8)     .8338                

(X_U76.N1254860)   17.9820            (X_U76.N1446199)    4.0758                

(X_U76.N1446217)    4.0758            (X_U76.N1461236)    2.3361                

(X_U76.N1461246)    2.5000            (X_U76.N1461252)    2.5046                

(X_U76.N1481243)     .7102            (X_U76.N1481253)    2.4999                

(X_U76.N1481259)    2.5005            (X_U76.N1483677)    6.4446                

(X_U76.N1483687)    2.5002            (X_U76.N1483693)    2.4954                

(X_U76.N1483703)    2.4998            (X_U76.N1483713)    2.5046                

(X_U76.N1490067)    2.5001            (X_U76.N1492098)    2.7548                

(X_U76.N1492108)    2.6699            (X_U76.N1492118)    2.6699                

(X_U76.N1492126)    2.6699            (X_U76.N1492376)    2.6699                

(X_U76.N1534615)    6.8373            (X_U76.N1534625)    2.6519                

(X_U76.N1534635)    2.6519            (X_U76.N1534645)    2.6519                

(X_U76.N1534887)    2.6519            (X_U76.N1541593)    6.3796                

(X_U76.N1541603)    2.6359            (X_U1.CLAW_CLAMP)    3.9562               

(X_U73.X_I_NP2.3)    0.0000           (X_U73.X_I_NP2.4)    0.0000               

(X_U73.X_I_NP2.5)    0.0000           (X_U73.X_I_NP2.6)    0.0000               

(X_U73.X_I_NP2.7)     .8338           (X_U73.X_I_NP2.8)     .8338               

(X_U76.X_I_NP1.3)    0.0000           (X_U76.X_I_NP1.4)    0.0000               

(X_U76.X_I_NP1.5)    0.0000           (X_U76.X_I_NP1.6)    0.0000               

(X_U76.X_I_NP1.7)     .8338           (X_U76.X_I_NP1.8)     .8338               

(X_U1.SW_OL_OPAx277)    1.0000        (X_U73.X_VOS_VS_VCM.1)    -.0070          

(X_U76.X_VOS_VS_VCM.1)    3.9006      




    VOLTAGE SOURCE CURRENTS
    NAME         CURRENT

    V_V2        -1.369E-02
    V_V6        -4.612E-04
    V_V5        -8.492E-04
    V_V1        -4.081E-02
    X_U76.V_VCM_MAX  -2.100E-09
    X_U76.V_VCM_MIN   1.400E-09
    X_U1.V_VCM_MAX  -3.001E-12
    X_U1.V_VCM_MIN   3.001E-12
    X_U1.V_V_GRN   7.500E-11
    X_U1.V_V_GRP  -7.500E-11
    X_U1.V_V_ISCN   3.500E-11
    X_U1.V_V_ISCP  -3.500E-11
    X_U1.V_V_ORN   0.000E+00
    X_U1.V_V_ORP   0.000E+00
    X_U73.V_VCM_MAX  -3.300E-09
    X_U73.V_VCM_MIN   3.300E-09
    X_U76.X_H3.VH_H3  -1.245E-05
    X_U76.X_VOS_VS_VCM.V1   4.097E-13
    X_U1.X_H1.VH_H1   9.576E-03
    X_U1.X_H2.VH_H2   6.872E-01
    X_U1.X_H3.VH_H3   4.676E-09
    X_U73.X_H3.VH_H3  -1.980E-05
    X_U73.X_VOS_VS_VCM.V1  -9.661E-17

    TOTAL POWER DISSIPATION   2.79E-01  WATTS


Model-Specific Temperatures During Sweep  Param value = 0.00513

 **** RESISTORS

               X_U76.R_R1 <X_U76.R_NOISELESS> (T_Current -273.15 T_Measured 27)
                              X_U76.R_R10 <X_U76.R_NOISELESS> (T_Current -273.15 T_Measured 27)
                                             X_U76.R_R107 <X_U76.R_NOISELESS> (T_Current -273.15 T_Measured 27)

          R        1.000E-02      1.000E-03      1.000E+00  


               X_U76.R_R108 <X_U76.R_NOISELESS> (T_Current -273.15 T_Measured 27)
                              X_U76.R_R109 <X_U76.R_NOISELESS> (T_Current -273.15 T_Measured 27)
                                             X_U76.R_R110 <X_U76.R_NOISELESS> (T_Current -273.15 T_Measured 27)

          R        1.000E+12      1.000E+00      1.000E-03  


               X_U76.R_R111 <X_U76.R_NOISELESS> (T_Current -273.15 T_Measured 27)
                              X_U76.R_R112 <X_U76.R_NOISELESS> (T_Current -273.15 T_Measured 27)
                                             X_U76.R_R113 <X_U76.R_NOISELESS> (T_Current -273.15 T_Measured 27)

          R        1.000E+06      1.000E+06      1.000E-03  


               X_U76.R_R146 <X_U76.R_NOISELESS> (T_Current -273.15 T_Measured 27)
                              X_U76.R_R147 <X_U76.R_NOISELESS> (T_Current -273.15 T_Measured 27)
                                             X_U76.R_R148 <X_U76.R_NOISELESS> (T_Current -273.15 T_Measured 27)

          R        1.000E+00      1.000E+00      1.000E+00  


               X_U76.R_R162 <X_U76.R_NOISELESS> (T_Current -273.15 T_Measured 27)
                              X_U76.R_R1A <X_U76.R_NOISELESS> (T_Current -273.15 T_Measured 27)
                                             X_U76.R_R1A1 <X_U76.R_NOISELESS> (T_Current -273.15 T_Measured 27)

          R        5.000E+03      1.000E+04      3.000E+01  


               X_U76.R_R1A14 <X_U76.R_NOISELESS> (T_Current -273.15 T_Measured 27)
                              X_U76.R_R1A15 <X_U76.R_NOISELESS> (T_Current -273.15 T_Measured 27)
                                             X_U76.R_R1A16 <X_U76.R_NOISELESS> (T_Current -273.15 T_Measured 27)

          R        1.000E+04      1.000E+04      2.800E+00  


               X_U76.R_R1A17 <X_U76.R_NOISELESS> (T_Current -273.15 T_Measured 27)
                              X_U76.R_R1A18 <X_U76.R_NOISELESS> (T_Current -273.15 T_Measured 27)
                                             X_U76.R_R1A40 <X_U76.R_NOISELESS> (T_Current -273.15 T_Measured 27)

          R        1.000E+04      1.000E+04      1.000E+04  


               X_U76.R_R1A41 <X_U76.R_NOISELESS> (T_Current -273.15 T_Measured 27)
                              X_U76.R_R1A42 <X_U76.R_NOISELESS> (T_Current -273.15 T_Measured 27)
                                             X_U76.R_R1A43 <X_U76.R_NOISELESS> (T_Current -273.15 T_Measured 27)

          R        7.000E+00      1.000E+04      3.000E+01  


               X_U76.R_R1A44 <X_U76.R_NOISELESS> (T_Current -273.15 T_Measured 27)
                              X_U76.R_R1A45 <X_U76.R_NOISELESS> (T_Current -273.15 T_Measured 27)
                                             X_U76.R_R2 <X_U76.R_NOISELESS> (T_Current -273.15 T_Measured 27)

          R        1.000E+01      1.000E+01      1.000E-02  


               X_U76.R_R21 <X_U76.R_NOISELESS> (T_Current -273.15 T_Measured 27)
                              X_U76.R_R211 <X_U76.R_NOISELESS> (T_Current -273.15 T_Measured 27)
                                             X_U76.R_R225 <X_U76.R_NOISELESS> (T_Current -273.15 T_Measured 27)

          R        1.000E+03      1.000E+00      1.000E+00  


               X_U76.R_R226 <X_U76.R_NOISELESS> (T_Current -273.15 T_Measured 27)
                              X_U76.R_R245 <X_U76.R_NOISELESS> (T_Current -273.15 T_Measured 27)
                                             X_U76.R_R246 <X_U76.R_NOISELESS> (T_Current -273.15 T_Measured 27)

          R        3.000E+01      4.500E+03      1.000E+00  


               X_U76.R_R247 <X_U76.R_NOISELESS> (T_Current -273.15 T_Measured 27)
                              X_U76.R_R248 <X_U76.R_NOISELESS> (T_Current -273.15 T_Measured 27)
                                             X_U76.R_R249 <X_U76.R_NOISELESS> (T_Current -273.15 T_Measured 27)

          R        1.000E+00      1.000E+00      1.000E+00  


               X_U76.R_R25 <X_U76.R_NOISELESS> (T_Current -273.15 T_Measured 27)
                              X_U76.R_R250 <X_U76.R_NOISELESS> (T_Current -273.15 T_Measured 27)
                                             X_U76.R_R251 <X_U76.R_NOISELESS> (T_Current -273.15 T_Measured 27)

          R        1.000E+09      1.000E+00      1.000E+00  


               X_U76.R_R252 <X_U76.R_NOISELESS> (T_Current -273.15 T_Measured 27)
                              X_U76.R_R253 <X_U76.R_NOISELESS> (T_Current -273.15 T_Measured 27)
                                             X_U76.R_R26 <X_U76.R_NOISELESS> (T_Current -273.15 T_Measured 27)

          R        1.000E+00      1.000E+00      1.000E+09  


               X_U76.R_R27 <X_U76.R_NOISELESS> (T_Current -273.15 T_Measured 27)
                              X_U76.R_R28 <X_U76.R_NOISELESS> (T_Current -273.15 T_Measured 27)
                                             X_U76.R_R29 <X_U76.R_NOISELESS> (T_Current -273.15 T_Measured 27)

          R        1.000E+00      1.000E-03      1.000E+03  


               X_U76.R_R2A <X_U76.R_NOISELESS> (T_Current -273.15 T_Measured 27)
                              X_U76.R_R2A1 <X_U76.R_NOISELESS> (T_Current -273.15 T_Measured 27)
                                             X_U76.R_R2A16 <X_U76.R_NOISELESS> (T_Current -273.15 T_Measured 27)

          R        2.000E+04      1.000E+01      5.420E-01  


               X_U76.R_R2A17 <X_U76.R_NOISELESS> (T_Current -273.15 T_Measured 27)
                              X_U76.R_R2A18 <X_U76.R_NOISELESS> (T_Current -273.15 T_Measured 27)
                                             X_U76.R_R2A36 <X_U76.R_NOISELESS> (T_Current -273.15 T_Measured 27)

          R        4.822E+02      4.822E+02      8.500E-01  


               X_U76.R_R2A37 <X_U76.R_NOISELESS> (T_Current -273.15 T_Measured 27)
                              X_U76.R_R2A40 <X_U76.R_NOISELESS> (T_Current -273.15 T_Measured 27)
                                             X_U76.R_R2A41 <X_U76.R_NOISELESS> (T_Current -273.15 T_Measured 27)

          R        3.010E+01      7.000E-01      1.000E+01  


               X_U76.R_R2A42 <X_U76.R_NOISELESS> (T_Current -273.15 T_Measured 27)
                              X_U76.R_R2A43 <X_U76.R_NOISELESS> (T_Current -273.15 T_Measured 27)
                                             X_U76.R_R3 <X_U76.R_NOISELESS> (T_Current -273.15 T_Measured 27)

          R        3.630E-01      3.630E-01      2.300E+06  


               X_U76.R_R30 <X_U76.R_NOISELESS> (T_Current -273.15 T_Measured 27)
                              X_U76.R_R31 <X_U76.R_NOISELESS> (T_Current -273.15 T_Measured 27)
                                             X_U76.R_R32 <X_U76.R_NOISELESS> (T_Current -273.15 T_Measured 27)

          R        1.000E-03      1.000E+03      1.000E+03  


               X_U76.R_R33 <X_U76.R_NOISELESS> (T_Current -273.15 T_Measured 27)
                              X_U76.R_R34 <X_U76.R_NOISELESS> (T_Current -273.15 T_Measured 27)
                                             X_U76.R_R4 <X_U76.R_NOISELESS> (T_Current -273.15 T_Measured 27)

          R        1.000E-03      1.000E+03      2.300E+06  


               X_U76.R_R6 <X_U76.R_NOISELESS> (T_Current -273.15 T_Measured 27)
                              X_U76.R_R60 <X_U76.R_NOISELESS> (T_Current -273.15 T_Measured 27)
                                             X_U76.R_R8 <X_U76.R_NOISELESS> (T_Current -273.15 T_Measured 27)

          R        1.000E+00      1.000E+00      1.000E+03  


               X_U76.R_R81 <X_U76.R_NOISELESS> (T_Current -273.15 T_Measured 27)
                              X_U76.R_R83 <X_U76.R_NOISELESS> (T_Current -273.15 T_Measured 27)
                                             X_U76.R_R9 <X_U76.R_NOISELESS> (T_Current -273.15 T_Measured 27)

          R        1.000E+09      1.000E+09      1.000E-03  


               X_U76.R_RDUMMY <X_U76.R_NOISELESS> (T_Current -273.15 T_Measured 27)
                              X_U76.R_RX <X_U76.R_NOISELESS> (T_Current -273.15 T_Measured 27)
                                             X_U76.R_R_VIMON <X_U76.R_NOISELESS> (T_Current -273.15 T_Measured 27)

          R        1.400E+02      1.400E+03      1.000E+02  


               X_U76.R_R_VOUT_S <X_U76.R_NOISELESS> (T_Current -273.15 T_Measured 27)
                              X_U1.R_R10 <X_U1.R_NOISELESS> (T_Current -273.15 T_Measured 27)
                                             X_U1.R_R11 <X_U1.R_NOISELESS> (T_Current -273.15 T_Measured 27)

          R        1.000E+02      1.000E+00      3.333E+01  


               X_U1.R_R12 <X_U1.R_NOISELESS> (T_Current -273.15 T_Measured 27)
                              X_U1.R_R13 <X_U1.R_NOISELESS> (T_Current -273.15 T_Measured 27)
                                             X_U1.R_R139 <X_U1.R_NOISELESS> (T_Current -273.15 T_Measured 27)

          R        1.000E+08      1.000E+00      1.057E+04  


               X_U1.R_R14 <X_U1.R_NOISELESS> (T_Current -273.15 T_Measured 27)
                              X_U1.R_R140 <X_U1.R_NOISELESS> (T_Current -273.15 T_Measured 27)
                                             X_U1.R_R141 <X_U1.R_NOISELESS> (T_Current -273.15 T_Measured 27)

          R        3.287E+04      1.000E+04      1.000E+00  


               X_U1.R_R142 <X_U1.R_NOISELESS> (T_Current -273.15 T_Measured 27)
                              X_U1.R_R143 <X_U1.R_NOISELESS> (T_Current -273.15 T_Measured 27)
                                             X_U1.R_R144 <X_U1.R_NOISELESS> (T_Current -273.15 T_Measured 27)

          R        1.000E+04      1.000E+00      7.603E+00  


               X_U1.R_R15 <X_U1.R_NOISELESS> (T_Current -273.15 T_Measured 27)
                              X_U1.R_R158 <X_U1.R_NOISELESS> (T_Current -273.15 T_Measured 27)
                                             X_U1.R_R159 <X_U1.R_NOISELESS> (T_Current -273.15 T_Measured 27)

          R        1.000E-03      1.000E+04      1.000E+00  


               X_U1.R_R16 <X_U1.R_NOISELESS> (T_Current -273.15 T_Measured 27)
                              X_U1.R_R160 <X_U1.R_NOISELESS> (T_Current -273.15 T_Measured 27)
                                             X_U1.R_R161 <X_U1.R_NOISELESS> (T_Current -273.15 T_Measured 27)

          R        1.000E+03      6.670E+03      1.000E+06  


               X_U1.R_R162 <X_U1.R_NOISELESS> (T_Current -273.15 T_Measured 27)
                              X_U1.R_R166 <X_U1.R_NOISELESS> (T_Current -273.15 T_Measured 27)
                                             X_U1.R_R167 <X_U1.R_NOISELESS> (T_Current -273.15 T_Measured 27)

          R        1.000E+06      1.000E+06      1.000E+02  


               X_U1.R_R168 <X_U1.R_NOISELESS> (T_Current -273.15 T_Measured 27)
                              X_U1.R_R169 <X_U1.R_NOISELESS> (T_Current -273.15 T_Measured 27)
                                             X_U1.R_R17 <X_U1.R_NOISELESS> (T_Current -273.15 T_Measured 27)

          R        1.000E+04      1.000E+00      1.000E-03  


               X_U1.R_R170 <X_U1.R_NOISELESS> (T_Current -273.15 T_Measured 27)
                              X_U1.R_R171 <X_U1.R_NOISELESS> (T_Current -273.15 T_Measured 27)
                                             X_U1.R_R172 <X_U1.R_NOISELESS> (T_Current -273.15 T_Measured 27)

          R        5.934E+03      1.000E+06      9.869E+04  


               X_U1.R_R173 <X_U1.R_NOISELESS> (T_Current -273.15 T_Measured 27)
                              X_U1.R_R174 <X_U1.R_NOISELESS> (T_Current -273.15 T_Measured 27)
                                             X_U1.R_R175 <X_U1.R_NOISELESS> (T_Current -273.15 T_Measured 27)

          R        1.000E+04      1.000E+00      5.157E+04  


               X_U1.R_R176 <X_U1.R_NOISELESS> (T_Current -273.15 T_Measured 27)
                              X_U1.R_R177 <X_U1.R_NOISELESS> (T_Current -273.15 T_Measured 27)
                                             X_U1.R_R178 <X_U1.R_NOISELESS> (T_Current -273.15 T_Measured 27)

          R        1.000E+04      1.000E+00      9.484E+03  


               X_U1.R_R179 <X_U1.R_NOISELESS> (T_Current -273.15 T_Measured 27)
                              X_U1.R_R18 <X_U1.R_NOISELESS> (T_Current -273.15 T_Measured 27)
                                             X_U1.R_R180 <X_U1.R_NOISELESS> (T_Current -273.15 T_Measured 27)

          R        1.000E+04      1.000E+12      1.000E+00  


               X_U1.R_R181 <X_U1.R_NOISELESS> (T_Current -273.15 T_Measured 27)
                              X_U1.R_R182 <X_U1.R_NOISELESS> (T_Current -273.15 T_Measured 27)
                                             X_U1.R_R183 <X_U1.R_NOISELESS> (T_Current -273.15 T_Measured 27)

          R        9.500E+03      1.000E+04      1.000E+00  


               X_U1.R_R184 <X_U1.R_NOISELESS> (T_Current -273.15 T_Measured 27)
                              X_U1.R_R185 <X_U1.R_NOISELESS> (T_Current -273.15 T_Measured 27)
                                             X_U1.R_R186 <X_U1.R_NOISELESS> (T_Current -273.15 T_Measured 27)

          R        5.875E+03      1.000E+04      1.000E+00  


               X_U1.R_R187 <X_U1.R_NOISELESS> (T_Current -273.15 T_Measured 27)
                              X_U1.R_R188 <X_U1.R_NOISELESS> (T_Current -273.15 T_Measured 27)
                                             X_U1.R_R189 <X_U1.R_NOISELESS> (T_Current -273.15 T_Measured 27)

          R        3.086E+03      1.000E+04      1.000E+00  


               X_U1.R_R19 <X_U1.R_NOISELESS> (T_Current -273.15 T_Measured 27)
                              X_U1.R_R190 <X_U1.R_NOISELESS> (T_Current -273.15 T_Measured 27)
                                             X_U1.R_R191 <X_U1.R_NOISELESS> (T_Current -273.15 T_Measured 27)

          R        1.000E+12      1.000E+04      1.001E+01  


               X_U1.R_R192 <X_U1.R_NOISELESS> (T_Current -273.15 T_Measured 27)
                              X_U1.R_R193 <X_U1.R_NOISELESS> (T_Current -273.15 T_Measured 27)
                                             X_U1.R_R20 <X_U1.R_NOISELESS> (T_Current -273.15 T_Measured 27)

          R        1.000E+00      1.000E+00      1.000E+00  


               X_U1.R_R21 <X_U1.R_NOISELESS> (T_Current -273.15 T_Measured 27)
                              X_U1.R_R22 <X_U1.R_NOISELESS> (T_Current -273.15 T_Measured 27)
                                             X_U1.R_R23 <X_U1.R_NOISELESS> (T_Current -273.15 T_Measured 27)

          R        1.000E-03      1.000E+06      1.000E+06  


               X_U1.R_R24 <X_U1.R_NOISELESS> (T_Current -273.15 T_Measured 27)
                              X_U1.R_R32 <X_U1.R_NOISELESS> (T_Current -273.15 T_Measured 27)
                                             X_U1.R_R33 <X_U1.R_NOISELESS> (T_Current -273.15 T_Measured 27)

          R        1.000E+03      1.000E+03      1.000E+03  


               X_U1.R_R34 <X_U1.R_NOISELESS> (T_Current -273.15 T_Measured 27)
                              X_U1.R_R35 <X_U1.R_NOISELESS> (T_Current -273.15 T_Measured 27)
                                             X_U1.R_R36 <X_U1.R_NOISELESS> (T_Current -273.15 T_Measured 27)

          R        1.000E+04      1.000E+00      1.095E+04  


               X_U1.R_R43 <X_U1.R_NOISELESS> (T_Current -273.15 T_Measured 27)
                              X_U1.R_R46 <X_U1.R_NOISELESS> (T_Current -273.15 T_Measured 27)
                                             X_U1.R_R47 <X_U1.R_NOISELESS> (T_Current -273.15 T_Measured 27)

          R        1.000E+00      1.000E+00      1.000E-03  


               X_U1.R_R48 <X_U1.R_NOISELESS> (T_Current -273.15 T_Measured 27)
                              X_U1.R_R49 <X_U1.R_NOISELESS> (T_Current -273.15 T_Measured 27)
                                             X_U1.R_R5 <X_U1.R_NOISELESS> (T_Current -273.15 T_Measured 27)

          R        1.000E+06      1.000E+12      1.000E+00  


               X_U1.R_R50 <X_U1.R_NOISELESS> (T_Current -273.15 T_Measured 27)
                              X_U1.R_R51 <X_U1.R_NOISELESS> (T_Current -273.15 T_Measured 27)
                                             X_U1.R_R52 <X_U1.R_NOISELESS> (T_Current -273.15 T_Measured 27)

          R        1.000E+06      1.000E-03      1.000E+00  


               X_U1.R_R53 <X_U1.R_NOISELESS> (T_Current -273.15 T_Measured 27)
                              X_U1.R_R54 <X_U1.R_NOISELESS> (T_Current -273.15 T_Measured 27)
                                             X_U1.R_R55 <X_U1.R_NOISELESS> (T_Current -273.15 T_Measured 27)

          R        1.000E+12      1.000E+00      1.000E-03  


               X_U1.R_R56 <X_U1.R_NOISELESS> (T_Current -273.15 T_Measured 27)
                              X_U1.R_R57 <X_U1.R_NOISELESS> (T_Current -273.15 T_Measured 27)
                                             X_U1.R_R58 <X_U1.R_NOISELESS> (T_Current -273.15 T_Measured 27)

          R        1.000E+12      1.000E+00      1.000E-03  


               X_U1.R_R59 <X_U1.R_NOISELESS> (T_Current -273.15 T_Measured 27)
                              X_U1.R_R6 <X_U1.R_NOISELESS> (T_Current -273.15 T_Measured 27)
                                             X_U1.R_R60 <X_U1.R_NOISELESS> (T_Current -273.15 T_Measured 27)

          R        1.000E+12      1.000E+08      1.000E+00  


               X_U1.R_R61 <X_U1.R_NOISELESS> (T_Current -273.15 T_Measured 27)
                              X_U1.R_R62 <X_U1.R_NOISELESS> (T_Current -273.15 T_Measured 27)
                                             X_U1.R_R63 <X_U1.R_NOISELESS> (T_Current -273.15 T_Measured 27)

          R        1.000E-03      1.000E-03      1.000E+12  


               X_U1.R_R64 <X_U1.R_NOISELESS> (T_Current -273.15 T_Measured 27)
                              X_U1.R_R65 <X_U1.R_NOISELESS> (T_Current -273.15 T_Measured 27)
                                             X_U1.R_R66 <X_U1.R_NOISELESS> (T_Current -273.15 T_Measured 27)

          R        1.000E+00      1.000E+12      1.000E+00  


               X_U1.R_R67 <X_U1.R_NOISELESS> (T_Current -273.15 T_Measured 27)
                              X_U1.R_R68 <X_U1.R_NOISELESS> (T_Current -273.15 T_Measured 27)
                                             X_U1.R_R69 <X_U1.R_NOISELESS> (T_Current -273.15 T_Measured 27)

          R        1.000E-03      1.000E-03      1.000E+12  


               X_U1.R_R7 <X_U1.R_NOISELESS> (T_Current -273.15 T_Measured 27)
                              X_U1.R_R70 <X_U1.R_NOISELESS> (T_Current -273.15 T_Measured 27)
                                             X_U1.R_R71 <X_U1.R_NOISELESS> (T_Current -273.15 T_Measured 27)

          R        8.332E+00      1.000E+00      1.000E-03  


               X_U1.R_R72 <X_U1.R_NOISELESS> (T_Current -273.15 T_Measured 27)
                              X_U1.R_R73 <X_U1.R_NOISELESS> (T_Current -273.15 T_Measured 27)
                                             X_U1.R_R74 <X_U1.R_NOISELESS> (T_Current -273.15 T_Measured 27)

          R        1.000E+03      1.000E-03      1.000E+03  


               X_U1.R_R75 <X_U1.R_NOISELESS> (T_Current -273.15 T_Measured 27)
                              X_U1.R_R76 <X_U1.R_NOISELESS> (T_Current -273.15 T_Measured 27)
                                             X_U1.R_R77 <X_U1.R_NOISELESS> (T_Current -273.15 T_Measured 27)

          R        1.000E-03      1.000E+03      1.000E+03  


               X_U1.R_R78 <X_U1.R_NOISELESS> (T_Current -273.15 T_Measured 27)
                              X_U1.R_R79 <X_U1.R_NOISELESS> (T_Current -273.15 T_Measured 27)
                                             X_U1.R_R8 <X_U1.R_NOISELESS> (T_Current -273.15 T_Measured 27)

          R        1.000E+00      1.000E+00      1.000E+03  


               X_U1.R_R80 <X_U1.R_NOISELESS> (T_Current -273.15 T_Measured 27)
                              X_U1.R_R81 <X_U1.R_NOISELESS> (T_Current -273.15 T_Measured 27)
                                             X_U1.R_R82 <X_U1.R_NOISELESS> (T_Current -273.15 T_Measured 27)

          R        1.000E+02      1.000E+02      1.000E+00  


               X_U1.R_R83 <X_U1.R_NOISELESS> (T_Current -273.15 T_Measured 27)
                              X_U1.R_R9 <X_U1.R_NOISELESS> (T_Current -273.15 T_Measured 27)
                                             X_U1.R_RDUMMY <X_U1.R_NOISELESS> (T_Current -273.15 T_Measured 27)

          R        1.000E+02      1.000E+08      6.858E+03  


               X_U1.R_RS_INN <X_U1.R_NOISELESS> (T_Current -273.15 T_Measured 27)
                              X_U1.R_RS_INP <X_U1.R_NOISELESS> (T_Current -273.15 T_Measured 27)
                                             X_U1.R_RX <X_U1.R_NOISELESS> (T_Current -273.15 T_Measured 27)

          R        1.000E+03      1.000E+03      6.858E+04  


               X_U1.R_RX1 <X_U1.R_NOISELESS> (T_Current -273.15 T_Measured 27)
                              X_U1.R_RX2 <X_U1.R_NOISELESS> (T_Current -273.15 T_Measured 27)
                                             X_U1.R_RX3 <X_U1.R_NOISELESS> (T_Current -273.15 T_Measured 27)

          R        1.000E+12      1.000E+02      1.000E+12  


               X_U1.R_RX4 <X_U1.R_NOISELESS> (T_Current -273.15 T_Measured 27)
                              X_U1.R_R_COM0 <X_U1.R_NOISELESS> (T_Current -273.15 T_Measured 27)
                                             X_U1.R_R_COM1 <X_U1.R_NOISELESS> (T_Current -273.15 T_Measured 27)

          R        1.000E+02      1.000E+12      1.000E+12  


               X_U1.R_R_DIFF <X_U1.R_NOISELESS> (T_Current -273.15 T_Measured 27)
                              X_U73.R_R107 <X_U73.R_NOISELESS> (T_Current -273.15 T_Measured 27)
                                             X_U73.R_R108 <X_U73.R_NOISELESS> (T_Current -273.15 T_Measured 27)

          R        1.000E+08      1.000E+00      1.000E+12  


               X_U73.R_R109 <X_U73.R_NOISELESS> (T_Current -273.15 T_Measured 27)
                              X_U73.R_R110 <X_U73.R_NOISELESS> (T_Current -273.15 T_Measured 27)
                                             X_U73.R_R111 <X_U73.R_NOISELESS> (T_Current -273.15 T_Measured 27)

          R        1.000E+00      1.000E-03      1.000E+06  


               X_U73.R_R112 <X_U73.R_NOISELESS> (T_Current -273.15 T_Measured 27)
                              X_U73.R_R113 <X_U73.R_NOISELESS> (T_Current -273.15 T_Measured 27)
                                             X_U73.R_R136 <X_U73.R_NOISELESS> (T_Current -273.15 T_Measured 27)

          R        1.000E+06      1.000E-03      1.000E+00  


               X_U73.R_R169 <X_U73.R_NOISELESS> (T_Current -273.15 T_Measured 27)
                              X_U73.R_R1A1 <X_U73.R_NOISELESS> (T_Current -273.15 T_Measured 27)
                                             X_U73.R_R1A3 <X_U73.R_NOISELESS> (T_Current -273.15 T_Measured 27)

          R        2.900E+01      1.000E+04      1.000E+04  


               X_U73.R_R1A4 <X_U73.R_NOISELESS> (T_Current -273.15 T_Measured 27)
                              X_U73.R_R2 <X_U73.R_NOISELESS> (T_Current -273.15 T_Measured 27)
                                             X_U73.R_R21 <X_U73.R_NOISELESS> (T_Current -273.15 T_Measured 27)

          R        1.000E+04      1.000E-02      1.000E+03  


               X_U73.R_R25 <X_U73.R_NOISELESS> (T_Current -273.15 T_Measured 27)
                              X_U73.R_R26 <X_U73.R_NOISELESS> (T_Current -273.15 T_Measured 27)
                                             X_U73.R_R261 <X_U73.R_NOISELESS> (T_Current -273.15 T_Measured 27)

          R        1.000E+09      1.000E+09      1.000E+00  


               X_U73.R_R27 <X_U73.R_NOISELESS> (T_Current -273.15 T_Measured 27)
                              X_U73.R_R28 <X_U73.R_NOISELESS> (T_Current -273.15 T_Measured 27)
                                             X_U73.R_R29 <X_U73.R_NOISELESS> (T_Current -273.15 T_Measured 27)

          R        1.000E+00      1.000E-03      1.000E+03  


               X_U73.R_R2A1 <X_U73.R_NOISELESS> (T_Current -273.15 T_Measured 27)
                              X_U73.R_R2A4 <X_U73.R_NOISELESS> (T_Current -273.15 T_Measured 27)
                                             X_U73.R_R2A5 <X_U73.R_NOISELESS> (T_Current -273.15 T_Measured 27)

          R        1.700E+01      2.000E+01      1.200E+01  


               X_U73.R_R3 <X_U73.R_NOISELESS> (T_Current -273.15 T_Measured 27)
                              X_U73.R_R30 <X_U73.R_NOISELESS> (T_Current -273.15 T_Measured 27)
                                             X_U73.R_R31 <X_U73.R_NOISELESS> (T_Current -273.15 T_Measured 27)

          R        2.800E+05      1.000E-03      1.000E+03  


               X_U73.R_R32 <X_U73.R_NOISELESS> (T_Current -273.15 T_Measured 27)
                              X_U73.R_R33 <X_U73.R_NOISELESS> (T_Current -273.15 T_Measured 27)
                                             X_U73.R_R34 <X_U73.R_NOISELESS> (T_Current -273.15 T_Measured 27)

          R        1.000E+03      1.000E-03      1.000E+03  


               X_U73.R_R35 <X_U73.R_NOISELESS> (T_Current -273.15 T_Measured 27)
                              X_U73.R_R36 <X_U73.R_NOISELESS> (T_Current -273.15 T_Measured 27)
                                             X_U73.R_R363 <X_U73.R_NOISELESS> (T_Current -273.15 T_Measured 27)

          R        1.000E+09      1.000E+00      1.000E+00  


               X_U73.R_R364 <X_U73.R_NOISELESS> (T_Current -273.15 T_Measured 27)
                              X_U73.R_R37 <X_U73.R_NOISELESS> (T_Current -273.15 T_Measured 27)
                                             X_U73.R_R38 <X_U73.R_NOISELESS> (T_Current -273.15 T_Measured 27)

          R        1.000E+00      1.000E-03      1.000E-03  


               X_U73.R_R39 <X_U73.R_NOISELESS> (T_Current -273.15 T_Measured 27)
                              X_U73.R_R40 <X_U73.R_NOISELESS> (T_Current -273.15 T_Measured 27)
                                             X_U73.R_R5 <X_U73.R_NOISELESS> (T_Current -273.15 T_Measured 27)

          R        1.000E+00      1.000E+09      1.000E+00  


               X_U73.R_R60 <X_U73.R_NOISELESS> (T_Current -273.15 T_Measured 27)
                              X_U73.R_R8 <X_U73.R_NOISELESS> (T_Current -273.15 T_Measured 27)
                                             X_U73.R_R81 <X_U73.R_NOISELESS> (T_Current -273.15 T_Measured 27)

          R        3.700E+04      1.000E+03      1.000E+09  


               X_U73.R_R83 <X_U73.R_NOISELESS> (T_Current -273.15 T_Measured 27)
                              X_U73.R_R9 <X_U73.R_NOISELESS> (T_Current -273.15 T_Measured 27)
                                             X_U73.R_R_VIMON <X_U73.R_NOISELESS> (T_Current -273.15 T_Measured 27)

          R        1.000E+09      1.000E-03      1.000E+02  


               X_U73.R_R_VOUT_S <X_U73.R_NOISELESS> (T_Current -273.15 T_Measured 27)

          R        1.000E+02  



**** 04/05/25 22:08:30 *** PSpice 24.1.0 (26 February 2025) *** ID# 0 ********

 ** Profile: "SCHEMATIC1-asdfa"  [ c:\users\user\appdata\roaming\spb_data\cdssetup\workspace\projects\tiaopa695\TIAOPA695-PSpiceFiles


 ****     INITIAL TRANSIENT SOLUTION       TEMPERATURE =   27.000 DEG C

 ****     CURRENT STEP                     PARAM IVAR =    5.1300E-03


******************************************************************************



 NODE   VOLTAGE     NODE   VOLTAGE     NODE   VOLTAGE     NODE   VOLTAGE


(  VCC)    5.0000  (  VEE)   -5.0000  (N1113089)    3.8997                      

(N1113125)    3.9059                  (N1113485)    3.9010                      

(N1113565)    5.0000                  (N1113637)    1.9901                      

(N1113647)    3.9027                  (N1113661)    3.3016                      

(N1113879)   -5.0000                  (N1114737)     .0070                      

(N1114747)     .0070                  (N1114761)     .0168                      

(N1114963)     .0168                  (N1114991)-260.0E-06                      

(X_U1.MID)-423.5E-18                  (X_U1.V11)-4.676E-09                      

(X_U1.V12)     .6872                  (X_U76.ZO)    3.9059                      

(X_U1.ESDN)    2.3782                 (X_U1.ESDP)    2.9136                     

(X_U1.VCLP)    3.9562                 (X_U73.AOL)     .0168                     

(X_U73.MID)-211.8E-18                 (X_U76.MID)    2.5000                     

(X_U1.CLAMP)    6.6228                (X_U1.VCC_B)    5.0000                    

(X_U1.VEE_B)   -5.0000                (X_U1.VIMON)    9.5755                    

(X_U73.CMRR)-482.6E-09                (X_U76.CMRR)    2.5000                    

(X_U76.ESDN)    3.8997                (X_U76.ESDP)    3.9010                    

(X_U1.VOUT_S)    3.9027               (X_U1.VSENSE)    6.6228                   

(X_U1.X_U1.3)    0.0000               (X_U1.X_U1.4)    0.0000                   

(X_U1.X_U1.5)    0.0000               (X_U1.X_U1.6)    0.0000                   

(X_U1.X_U1.7)     .8338               (X_U1.X_U1.8)     .8338                   

(X_U73.CLAMP)     .0168               (X_U73.VCC_B)    5.0000                   

(X_U73.VEE_B)   -5.0000               (X_U73.VIMON)     .0198                   

(X_U76.CLAMP)    4.1283               (X_U76.PSRRN)    2.5002                   

(X_U76.PSRRP)    2.5001               (X_U76.VCC_B)    5.0000                   

(X_U76.VEE_B) 2.501E-06               (X_U76.VIMON)    2.5124                   

(X_U1.VCC_CLP)    3.9000              (X_U1.VEE_CLP)   -4.8260                  

(X_U1.X_U39.3)    0.0000              (X_U1.X_U39.4)    0.0000                  

(X_U1.X_U39.5)    0.0000              (X_U1.X_U39.6)    0.0000                  

(X_U1.X_U39.7)     .8338              (X_U1.X_U39.8)     .8338                  

(X_U1.X_U40.3)    0.0000              (X_U1.X_U40.4)    0.0000                  

(X_U1.X_U40.5)    0.0000              (X_U1.X_U40.6)    0.0000                  

(X_U1.X_U40.7)     .8338              (X_U1.X_U40.8)     .8338                  

(X_U73.AOLNET)    -.0168              (X_U73.N05102)     .0070                  

(X_U73.N06456)-260.0E-06              (X_U73.N10561)    -.0070                  

(X_U73.N10570)    -.0070              (X_U73.N11984)    -.0070                  

(X_U73.N25816)     .0070              (X_U73.N28602)   -3.3000                  

(X_U73.N30136)    3.3000              (X_U73.N30913)     .0070                  

(X_U73.N31014)     .0070              (X_U73.N35669)    4.1998                  

(X_U73.N35813)    4.1998              (X_U73.N38050)   -4.2000                  

(X_U73.N38096)   -4.2000              (X_U73.N42663)-211.8E-18                  

(X_U73.N42834)-211.8E-18              (X_U73.N44757)-211.8E-18                  

(X_U73.N44799)-211.8E-18              (X_U73.VOUT_S)     .0168                  

(X_U76.AOLNET)    2.4992              (X_U76.N06456)    3.9010                  

(X_U76.N10561)    3.9006              (X_U76.N10570)    3.9006                  

(X_U76.N11984)    3.9006              (X_U76.N11991)    3.8997                  

(X_U76.N25816)    3.9005              (X_U76.N28602)    1.1000                  

(X_U76.N30136)    4.6000              (X_U76.N30913)    3.9005                  

(X_U76.N31014)    3.9005              (X_U76.N35675)    4.2118                  

(X_U76.N35813)    4.2118              (X_U76.N38050)    1.0201                  

(X_U76.N38096)    1.0201              (X_U76.VOUT_S)    3.9059                  

(X_U76.X_U1.3)    0.0000              (X_U76.X_U1.4)    0.0000                  

(X_U76.X_U1.5)    0.0000              (X_U76.X_U1.6)    0.0000                  

(X_U76.X_U1.7)     .8338              (X_U76.X_U1.8)     .8338                  

(X_U1.CL_CLAMP)    3.9562             (X_U1.N2986935)    2.9136                 

(X_U1.N2986947) 291.4E-09             (X_U1.N2986949)    2.9136                 

(X_U1.N2986957)    2.9136             (X_U1.N2986973)-1.581E-06                 

(X_U1.N2986975) 1.581E-06             (X_U1.N2986977)    2.9136                 

(X_U1.N2986981)    2.9136             (X_U1.N2987013)    2.3782                 

(X_U1.N2987017)    3.0000             (X_U1.N2987029)   -3.0000                 

(X_U1.N2987037)    2.9136             (X_U1.N2987051)    2.9136                 

(X_U1.N2987061)   53.5400             (X_U1.N2987123)     .0027                 

(X_U1.N2987135)     .0027             (X_U1.N2987157)-423.5E-18                 

(X_U1.N2987159)-423.5E-18             (X_U1.N2987201)   35.0000                 

(X_U1.N2987203)-423.5E-18             (X_U1.N2987205)-423.5E-18                 

(X_U1.N2987225)-423.5E-18             (X_U1.N2987231)-423.5E-18                 

(X_U1.N2987243)  -35.0000             (X_U1.N2987295)   75.0000                 

(X_U1.N2987299)-423.5E-18             (X_U1.N2987301)-423.5E-18                 

(X_U1.N2987319)-423.5E-18             (X_U1.N2987325)-423.5E-18                 

(X_U1.N2987337)  -75.0000             (X_U1.N2987363)    6.6228                 

(X_U1.N2987391)    3.9000             (X_U1.N2987395)   -4.8260                 

(X_U1.N2987423)   -4.8260             (X_U1.N2987427)    3.9000                 

(X_U1.N2987487)-4.676E-09             (X_U1.N2987493)     .6872                 

(X_U1.N2987499)    1.0000             (X_U1.N2987541)    9.5755                 

(X_U1.N2987553)    3.9027             (X_U1.N2987623)    3.9027                 

(X_U1.N2987655)    1.9562             (X_U1.N2987675)    6.6134                 

(X_U1.N2987683)    1.9562             (X_U1.N2987687)    1.9562                 

(X_U1.N2987711)    6.6134             (X_U1.N2987719)    5.9262                 

(X_U1.N2987763)-423.5E-18             (X_U1.N2987785)    5.0000                 

(X_U1.N2987801)   -5.0000             (X_U1.N3108745)   16.5560                 

(X_U1.N3108755)    6.6244             (X_U1.N3108879)    6.6228                 

(X_U1.N3108917)    6.6244             (X_U1.N3108949)    6.6243                 

(X_U1.N3109015)    6.6243             (X_U1.N3116457)    3.9562                 

(X_U1.N3116503)  365.8100             (X_U1.N3116515)  365.8100                 

(X_U1.N3116609)  699.7200             (X_U1.N3116619)  260.5800                 

(X_U1.N3116655)  699.6500             (X_U1.N3116665)     .5315                 

(X_U1.N3116675)  699.7200             (X_U1.N3116685)  699.7200                 

(X_U1.N3116957)  699.6400             (X_U1.N3117239)  699.7200                 

(X_U1.N3126023)    3.4971             (X_U1.N3128929)   -4.7434                 

(X_U1.N3130349) 1.581E-06             (X_U1.N3130359)     .0048                 

(X_U1.N3202117)  699.7200             (X_U1.N3202127)  699.7200                 

(X_U1.N3202213)  699.7200             (X_U1.N3204124)  699.7200                 

(X_U1.N3204134)  699.7200             (X_U1.N3204220)  699.7200                 

(X_U1.N3205032)  699.7200             (X_U1.N3205042)  699.7200                 

(X_U1.N3205128)  699.7200             (X_U1.N3205956)  699.7200                 

(X_U1.N3205966)  699.7200             (X_U1.N3206052)  699.7200                 

(X_U1.N3206890)  699.7200             (X_U1.N3206900)  699.7200                 

(X_U1.N3206986)  699.7200             (X_U1.N3208573)  699.7200                 

(X_U1.N3208669)  699.7200             (X_U1.N3236810) 1.581E-09                 

(X_U1.N3236820) 1.581E-06             (X_U73.N110431)     .0198                 

(X_U73.N112292)     .0168             (X_U73.N317950)-211.8E-18                 

(X_U73.N406634)    5.0000             (X_U73.N406794)   -5.0000                 

(X_U73.N701935)-241.8E-06             (X_U73.N704979)   -6.4993                 

(X_U73.N705005)    -.0078             (X_U73.N709083)    3.6601                 

(X_U73.N709113)     .0062             (X_U73.N749288)    -.0070                 

(X_U73.VCC_CLP)    4.1998             (X_U73.VEE_CLP)   -4.2000                 

(X_U73.X_E_N.3)    0.0000             (X_U73.X_E_N.4)    0.0000                 

(X_U73.X_E_N.5)    0.0000             (X_U73.X_E_N.6)    0.0000                 

(X_U73.X_E_N.7)     .8338             (X_U73.X_E_N.8)     .8338                 

(X_U76.N110431)    2.5124             (X_U76.N112292)    3.9059                 

(X_U76.N317950)    2.5000             (X_U76.N406634)    5.0000                 

(X_U76.N406794) 2.504E-06             (X_U76.N749288)    3.9006                 

(X_U76.VCC_CLP)    4.2118             (X_U76.VEE_CLP)    1.0201                 

(X_U76.X_E_N.3)    0.0000             (X_U76.X_E_N.4)    0.0000                 

(X_U76.X_E_N.5)    0.0000             (X_U76.X_E_N.6)    0.0000                 

(X_U76.X_E_N.7)     .8338             (X_U76.X_E_N.8)     .8338                 

(X_U1.N32898091)  699.7200            (X_U73.N1327152)     .0070                

(X_U73.X_I_NP.3)    0.0000            (X_U73.X_I_NP.4)    0.0000                

(X_U73.X_I_NP.5)    0.0000            (X_U73.X_I_NP.6)    0.0000                

(X_U73.X_I_NP.7)     .8338            (X_U73.X_I_NP.8)     .8338                

(X_U76.N1254860)   17.9820            (X_U76.N1446199)    4.0758                

(X_U76.N1446217)    4.0758            (X_U76.N1461236)    2.3361                

(X_U76.N1461246)    2.5000            (X_U76.N1461252)    2.5046                

(X_U76.N1481243)     .7102            (X_U76.N1481253)    2.4999                

(X_U76.N1481259)    2.5005            (X_U76.N1483677)    6.4446                

(X_U76.N1483687)    2.5002            (X_U76.N1483693)    2.4954                

(X_U76.N1483703)    2.4998            (X_U76.N1483713)    2.5046                

(X_U76.N1490067)    2.5001            (X_U76.N1492098)    2.7548                

(X_U76.N1492108)    2.6699            (X_U76.N1492118)    2.6699                

(X_U76.N1492126)    2.6699            (X_U76.N1492376)    2.6699                

(X_U76.N1534615)    6.8373            (X_U76.N1534625)    2.6519                

(X_U76.N1534635)    2.6519            (X_U76.N1534645)    2.6519                

(X_U76.N1534887)    2.6519            (X_U76.N1541593)    6.3796                

(X_U76.N1541603)    2.6359            (X_U1.CLAW_CLAMP)    3.9562               

(X_U73.X_I_NP2.3)    0.0000           (X_U73.X_I_NP2.4)    0.0000               

(X_U73.X_I_NP2.5)    0.0000           (X_U73.X_I_NP2.6)    0.0000               

(X_U73.X_I_NP2.7)     .8338           (X_U73.X_I_NP2.8)     .8338               

(X_U76.X_I_NP1.3)    0.0000           (X_U76.X_I_NP1.4)    0.0000               

(X_U76.X_I_NP1.5)    0.0000           (X_U76.X_I_NP1.6)    0.0000               

(X_U76.X_I_NP1.7)     .8338           (X_U76.X_I_NP1.8)     .8338               

(X_U1.SW_OL_OPAx277)    1.0000        (X_U73.X_VOS_VS_VCM.1)    -.0070          

(X_U76.X_VOS_VS_VCM.1)    3.9006      




    VOLTAGE SOURCE CURRENTS
    NAME         CURRENT

    V_V2        -1.369E-02
    V_V6        -4.612E-04
    V_V5        -8.492E-04
    V_V1        -4.081E-02
    X_U76.V_VCM_MAX  -2.100E-09
    X_U76.V_VCM_MIN   1.400E-09
    X_U1.V_VCM_MAX  -3.001E-12
    X_U1.V_VCM_MIN   3.001E-12
    X_U1.V_V_GRN   7.500E-11
    X_U1.V_V_GRP  -7.500E-11
    X_U1.V_V_ISCN   3.500E-11
    X_U1.V_V_ISCP  -3.500E-11
    X_U1.V_V_ORN   0.000E+00
    X_U1.V_V_ORP   0.000E+00
    X_U73.V_VCM_MAX  -3.300E-09
    X_U73.V_VCM_MIN   3.300E-09
    X_U76.X_H3.VH_H3  -1.245E-05
    X_U76.X_VOS_VS_VCM.V1   4.097E-13
    X_U1.X_H1.VH_H1   9.576E-03
    X_U1.X_H2.VH_H2   6.872E-01
    X_U1.X_H3.VH_H3   4.676E-09
    X_U73.X_H3.VH_H3  -1.980E-05
    X_U73.X_VOS_VS_VCM.V1  -9.661E-17

    TOTAL POWER DISSIPATION   2.79E-01  WATTS


Model-Specific Temperatures During Sweep  Param value = 0.00543

 **** RESISTORS

               X_U76.R_R1 <X_U76.R_NOISELESS> (T_Current -273.15 T_Measured 27)
                              X_U76.R_R10 <X_U76.R_NOISELESS> (T_Current -273.15 T_Measured 27)
                                             X_U76.R_R107 <X_U76.R_NOISELESS> (T_Current -273.15 T_Measured 27)

          R        1.000E-02      1.000E-03      1.000E+00  


               X_U76.R_R108 <X_U76.R_NOISELESS> (T_Current -273.15 T_Measured 27)
                              X_U76.R_R109 <X_U76.R_NOISELESS> (T_Current -273.15 T_Measured 27)
                                             X_U76.R_R110 <X_U76.R_NOISELESS> (T_Current -273.15 T_Measured 27)

          R        1.000E+12      1.000E+00      1.000E-03  


               X_U76.R_R111 <X_U76.R_NOISELESS> (T_Current -273.15 T_Measured 27)
                              X_U76.R_R112 <X_U76.R_NOISELESS> (T_Current -273.15 T_Measured 27)
                                             X_U76.R_R113 <X_U76.R_NOISELESS> (T_Current -273.15 T_Measured 27)

          R        1.000E+06      1.000E+06      1.000E-03  


               X_U76.R_R146 <X_U76.R_NOISELESS> (T_Current -273.15 T_Measured 27)
                              X_U76.R_R147 <X_U76.R_NOISELESS> (T_Current -273.15 T_Measured 27)
                                             X_U76.R_R148 <X_U76.R_NOISELESS> (T_Current -273.15 T_Measured 27)

          R        1.000E+00      1.000E+00      1.000E+00  


               X_U76.R_R162 <X_U76.R_NOISELESS> (T_Current -273.15 T_Measured 27)
                              X_U76.R_R1A <X_U76.R_NOISELESS> (T_Current -273.15 T_Measured 27)
                                             X_U76.R_R1A1 <X_U76.R_NOISELESS> (T_Current -273.15 T_Measured 27)

          R        5.000E+03      1.000E+04      3.000E+01  


               X_U76.R_R1A14 <X_U76.R_NOISELESS> (T_Current -273.15 T_Measured 27)
                              X_U76.R_R1A15 <X_U76.R_NOISELESS> (T_Current -273.15 T_Measured 27)
                                             X_U76.R_R1A16 <X_U76.R_NOISELESS> (T_Current -273.15 T_Measured 27)

          R        1.000E+04      1.000E+04      2.800E+00  


               X_U76.R_R1A17 <X_U76.R_NOISELESS> (T_Current -273.15 T_Measured 27)
                              X_U76.R_R1A18 <X_U76.R_NOISELESS> (T_Current -273.15 T_Measured 27)
                                             X_U76.R_R1A40 <X_U76.R_NOISELESS> (T_Current -273.15 T_Measured 27)

          R        1.000E+04      1.000E+04      1.000E+04  


               X_U76.R_R1A41 <X_U76.R_NOISELESS> (T_Current -273.15 T_Measured 27)
                              X_U76.R_R1A42 <X_U76.R_NOISELESS> (T_Current -273.15 T_Measured 27)
                                             X_U76.R_R1A43 <X_U76.R_NOISELESS> (T_Current -273.15 T_Measured 27)

          R        7.000E+00      1.000E+04      3.000E+01  


               X_U76.R_R1A44 <X_U76.R_NOISELESS> (T_Current -273.15 T_Measured 27)
                              X_U76.R_R1A45 <X_U76.R_NOISELESS> (T_Current -273.15 T_Measured 27)
                                             X_U76.R_R2 <X_U76.R_NOISELESS> (T_Current -273.15 T_Measured 27)

          R        1.000E+01      1.000E+01      1.000E-02  


               X_U76.R_R21 <X_U76.R_NOISELESS> (T_Current -273.15 T_Measured 27)
                              X_U76.R_R211 <X_U76.R_NOISELESS> (T_Current -273.15 T_Measured 27)
                                             X_U76.R_R225 <X_U76.R_NOISELESS> (T_Current -273.15 T_Measured 27)

          R        1.000E+03      1.000E+00      1.000E+00  


               X_U76.R_R226 <X_U76.R_NOISELESS> (T_Current -273.15 T_Measured 27)
                              X_U76.R_R245 <X_U76.R_NOISELESS> (T_Current -273.15 T_Measured 27)
                                             X_U76.R_R246 <X_U76.R_NOISELESS> (T_Current -273.15 T_Measured 27)

          R        3.000E+01      4.500E+03      1.000E+00  


               X_U76.R_R247 <X_U76.R_NOISELESS> (T_Current -273.15 T_Measured 27)
                              X_U76.R_R248 <X_U76.R_NOISELESS> (T_Current -273.15 T_Measured 27)
                                             X_U76.R_R249 <X_U76.R_NOISELESS> (T_Current -273.15 T_Measured 27)

          R        1.000E+00      1.000E+00      1.000E+00  


               X_U76.R_R25 <X_U76.R_NOISELESS> (T_Current -273.15 T_Measured 27)
                              X_U76.R_R250 <X_U76.R_NOISELESS> (T_Current -273.15 T_Measured 27)
                                             X_U76.R_R251 <X_U76.R_NOISELESS> (T_Current -273.15 T_Measured 27)

          R        1.000E+09      1.000E+00      1.000E+00  


               X_U76.R_R252 <X_U76.R_NOISELESS> (T_Current -273.15 T_Measured 27)
                              X_U76.R_R253 <X_U76.R_NOISELESS> (T_Current -273.15 T_Measured 27)
                                             X_U76.R_R26 <X_U76.R_NOISELESS> (T_Current -273.15 T_Measured 27)

          R        1.000E+00      1.000E+00      1.000E+09  


               X_U76.R_R27 <X_U76.R_NOISELESS> (T_Current -273.15 T_Measured 27)
                              X_U76.R_R28 <X_U76.R_NOISELESS> (T_Current -273.15 T_Measured 27)
                                             X_U76.R_R29 <X_U76.R_NOISELESS> (T_Current -273.15 T_Measured 27)

          R        1.000E+00      1.000E-03      1.000E+03  


               X_U76.R_R2A <X_U76.R_NOISELESS> (T_Current -273.15 T_Measured 27)
                              X_U76.R_R2A1 <X_U76.R_NOISELESS> (T_Current -273.15 T_Measured 27)
                                             X_U76.R_R2A16 <X_U76.R_NOISELESS> (T_Current -273.15 T_Measured 27)

          R        2.000E+04      1.000E+01      5.420E-01  


               X_U76.R_R2A17 <X_U76.R_NOISELESS> (T_Current -273.15 T_Measured 27)
                              X_U76.R_R2A18 <X_U76.R_NOISELESS> (T_Current -273.15 T_Measured 27)
                                             X_U76.R_R2A36 <X_U76.R_NOISELESS> (T_Current -273.15 T_Measured 27)

          R        4.822E+02      4.822E+02      8.500E-01  


               X_U76.R_R2A37 <X_U76.R_NOISELESS> (T_Current -273.15 T_Measured 27)
                              X_U76.R_R2A40 <X_U76.R_NOISELESS> (T_Current -273.15 T_Measured 27)
                                             X_U76.R_R2A41 <X_U76.R_NOISELESS> (T_Current -273.15 T_Measured 27)

          R        3.010E+01      7.000E-01      1.000E+01  


               X_U76.R_R2A42 <X_U76.R_NOISELESS> (T_Current -273.15 T_Measured 27)
                              X_U76.R_R2A43 <X_U76.R_NOISELESS> (T_Current -273.15 T_Measured 27)
                                             X_U76.R_R3 <X_U76.R_NOISELESS> (T_Current -273.15 T_Measured 27)

          R        3.630E-01      3.630E-01      2.300E+06  


               X_U76.R_R30 <X_U76.R_NOISELESS> (T_Current -273.15 T_Measured 27)
                              X_U76.R_R31 <X_U76.R_NOISELESS> (T_Current -273.15 T_Measured 27)
                                             X_U76.R_R32 <X_U76.R_NOISELESS> (T_Current -273.15 T_Measured 27)

          R        1.000E-03      1.000E+03      1.000E+03  


               X_U76.R_R33 <X_U76.R_NOISELESS> (T_Current -273.15 T_Measured 27)
                              X_U76.R_R34 <X_U76.R_NOISELESS> (T_Current -273.15 T_Measured 27)
                                             X_U76.R_R4 <X_U76.R_NOISELESS> (T_Current -273.15 T_Measured 27)

          R        1.000E-03      1.000E+03      2.300E+06  


               X_U76.R_R6 <X_U76.R_NOISELESS> (T_Current -273.15 T_Measured 27)
                              X_U76.R_R60 <X_U76.R_NOISELESS> (T_Current -273.15 T_Measured 27)
                                             X_U76.R_R8 <X_U76.R_NOISELESS> (T_Current -273.15 T_Measured 27)

          R        1.000E+00      1.000E+00      1.000E+03  


               X_U76.R_R81 <X_U76.R_NOISELESS> (T_Current -273.15 T_Measured 27)
                              X_U76.R_R83 <X_U76.R_NOISELESS> (T_Current -273.15 T_Measured 27)
                                             X_U76.R_R9 <X_U76.R_NOISELESS> (T_Current -273.15 T_Measured 27)

          R        1.000E+09      1.000E+09      1.000E-03  


               X_U76.R_RDUMMY <X_U76.R_NOISELESS> (T_Current -273.15 T_Measured 27)
                              X_U76.R_RX <X_U76.R_NOISELESS> (T_Current -273.15 T_Measured 27)
                                             X_U76.R_R_VIMON <X_U76.R_NOISELESS> (T_Current -273.15 T_Measured 27)

          R        1.400E+02      1.400E+03      1.000E+02  


               X_U76.R_R_VOUT_S <X_U76.R_NOISELESS> (T_Current -273.15 T_Measured 27)
                              X_U1.R_R10 <X_U1.R_NOISELESS> (T_Current -273.15 T_Measured 27)
                                             X_U1.R_R11 <X_U1.R_NOISELESS> (T_Current -273.15 T_Measured 27)

          R        1.000E+02      1.000E+00      3.333E+01  


               X_U1.R_R12 <X_U1.R_NOISELESS> (T_Current -273.15 T_Measured 27)
                              X_U1.R_R13 <X_U1.R_NOISELESS> (T_Current -273.15 T_Measured 27)
                                             X_U1.R_R139 <X_U1.R_NOISELESS> (T_Current -273.15 T_Measured 27)

          R        1.000E+08      1.000E+00      1.057E+04  


               X_U1.R_R14 <X_U1.R_NOISELESS> (T_Current -273.15 T_Measured 27)
                              X_U1.R_R140 <X_U1.R_NOISELESS> (T_Current -273.15 T_Measured 27)
                                             X_U1.R_R141 <X_U1.R_NOISELESS> (T_Current -273.15 T_Measured 27)

          R        3.287E+04      1.000E+04      1.000E+00  


               X_U1.R_R142 <X_U1.R_NOISELESS> (T_Current -273.15 T_Measured 27)
                              X_U1.R_R143 <X_U1.R_NOISELESS> (T_Current -273.15 T_Measured 27)
                                             X_U1.R_R144 <X_U1.R_NOISELESS> (T_Current -273.15 T_Measured 27)

          R        1.000E+04      1.000E+00      7.603E+00  


               X_U1.R_R15 <X_U1.R_NOISELESS> (T_Current -273.15 T_Measured 27)
                              X_U1.R_R158 <X_U1.R_NOISELESS> (T_Current -273.15 T_Measured 27)
                                             X_U1.R_R159 <X_U1.R_NOISELESS> (T_Current -273.15 T_Measured 27)

          R        1.000E-03      1.000E+04      1.000E+00  


               X_U1.R_R16 <X_U1.R_NOISELESS> (T_Current -273.15 T_Measured 27)
                              X_U1.R_R160 <X_U1.R_NOISELESS> (T_Current -273.15 T_Measured 27)
                                             X_U1.R_R161 <X_U1.R_NOISELESS> (T_Current -273.15 T_Measured 27)

          R        1.000E+03      6.670E+03      1.000E+06  


               X_U1.R_R162 <X_U1.R_NOISELESS> (T_Current -273.15 T_Measured 27)
                              X_U1.R_R166 <X_U1.R_NOISELESS> (T_Current -273.15 T_Measured 27)
                                             X_U1.R_R167 <X_U1.R_NOISELESS> (T_Current -273.15 T_Measured 27)

          R        1.000E+06      1.000E+06      1.000E+02  


               X_U1.R_R168 <X_U1.R_NOISELESS> (T_Current -273.15 T_Measured 27)
                              X_U1.R_R169 <X_U1.R_NOISELESS> (T_Current -273.15 T_Measured 27)
                                             X_U1.R_R17 <X_U1.R_NOISELESS> (T_Current -273.15 T_Measured 27)

          R        1.000E+04      1.000E+00      1.000E-03  


               X_U1.R_R170 <X_U1.R_NOISELESS> (T_Current -273.15 T_Measured 27)
                              X_U1.R_R171 <X_U1.R_NOISELESS> (T_Current -273.15 T_Measured 27)
                                             X_U1.R_R172 <X_U1.R_NOISELESS> (T_Current -273.15 T_Measured 27)

          R        5.934E+03      1.000E+06      9.869E+04  


               X_U1.R_R173 <X_U1.R_NOISELESS> (T_Current -273.15 T_Measured 27)
                              X_U1.R_R174 <X_U1.R_NOISELESS> (T_Current -273.15 T_Measured 27)
                                             X_U1.R_R175 <X_U1.R_NOISELESS> (T_Current -273.15 T_Measured 27)

          R        1.000E+04      1.000E+00      5.157E+04  


               X_U1.R_R176 <X_U1.R_NOISELESS> (T_Current -273.15 T_Measured 27)
                              X_U1.R_R177 <X_U1.R_NOISELESS> (T_Current -273.15 T_Measured 27)
                                             X_U1.R_R178 <X_U1.R_NOISELESS> (T_Current -273.15 T_Measured 27)

          R        1.000E+04      1.000E+00      9.484E+03  


               X_U1.R_R179 <X_U1.R_NOISELESS> (T_Current -273.15 T_Measured 27)
                              X_U1.R_R18 <X_U1.R_NOISELESS> (T_Current -273.15 T_Measured 27)
                                             X_U1.R_R180 <X_U1.R_NOISELESS> (T_Current -273.15 T_Measured 27)

          R        1.000E+04      1.000E+12      1.000E+00  


               X_U1.R_R181 <X_U1.R_NOISELESS> (T_Current -273.15 T_Measured 27)
                              X_U1.R_R182 <X_U1.R_NOISELESS> (T_Current -273.15 T_Measured 27)
                                             X_U1.R_R183 <X_U1.R_NOISELESS> (T_Current -273.15 T_Measured 27)

          R        9.500E+03      1.000E+04      1.000E+00  


               X_U1.R_R184 <X_U1.R_NOISELESS> (T_Current -273.15 T_Measured 27)
                              X_U1.R_R185 <X_U1.R_NOISELESS> (T_Current -273.15 T_Measured 27)
                                             X_U1.R_R186 <X_U1.R_NOISELESS> (T_Current -273.15 T_Measured 27)

          R        5.875E+03      1.000E+04      1.000E+00  


               X_U1.R_R187 <X_U1.R_NOISELESS> (T_Current -273.15 T_Measured 27)
                              X_U1.R_R188 <X_U1.R_NOISELESS> (T_Current -273.15 T_Measured 27)
                                             X_U1.R_R189 <X_U1.R_NOISELESS> (T_Current -273.15 T_Measured 27)

          R        3.086E+03      1.000E+04      1.000E+00  


               X_U1.R_R19 <X_U1.R_NOISELESS> (T_Current -273.15 T_Measured 27)
                              X_U1.R_R190 <X_U1.R_NOISELESS> (T_Current -273.15 T_Measured 27)
                                             X_U1.R_R191 <X_U1.R_NOISELESS> (T_Current -273.15 T_Measured 27)

          R        1.000E+12      1.000E+04      1.001E+01  


               X_U1.R_R192 <X_U1.R_NOISELESS> (T_Current -273.15 T_Measured 27)
                              X_U1.R_R193 <X_U1.R_NOISELESS> (T_Current -273.15 T_Measured 27)
                                             X_U1.R_R20 <X_U1.R_NOISELESS> (T_Current -273.15 T_Measured 27)

          R        1.000E+00      1.000E+00      1.000E+00  


               X_U1.R_R21 <X_U1.R_NOISELESS> (T_Current -273.15 T_Measured 27)
                              X_U1.R_R22 <X_U1.R_NOISELESS> (T_Current -273.15 T_Measured 27)
                                             X_U1.R_R23 <X_U1.R_NOISELESS> (T_Current -273.15 T_Measured 27)

          R        1.000E-03      1.000E+06      1.000E+06  


               X_U1.R_R24 <X_U1.R_NOISELESS> (T_Current -273.15 T_Measured 27)
                              X_U1.R_R32 <X_U1.R_NOISELESS> (T_Current -273.15 T_Measured 27)
                                             X_U1.R_R33 <X_U1.R_NOISELESS> (T_Current -273.15 T_Measured 27)

          R        1.000E+03      1.000E+03      1.000E+03  


               X_U1.R_R34 <X_U1.R_NOISELESS> (T_Current -273.15 T_Measured 27)
                              X_U1.R_R35 <X_U1.R_NOISELESS> (T_Current -273.15 T_Measured 27)
                                             X_U1.R_R36 <X_U1.R_NOISELESS> (T_Current -273.15 T_Measured 27)

          R        1.000E+04      1.000E+00      1.095E+04  


               X_U1.R_R43 <X_U1.R_NOISELESS> (T_Current -273.15 T_Measured 27)
                              X_U1.R_R46 <X_U1.R_NOISELESS> (T_Current -273.15 T_Measured 27)
                                             X_U1.R_R47 <X_U1.R_NOISELESS> (T_Current -273.15 T_Measured 27)

          R        1.000E+00      1.000E+00      1.000E-03  


               X_U1.R_R48 <X_U1.R_NOISELESS> (T_Current -273.15 T_Measured 27)
                              X_U1.R_R49 <X_U1.R_NOISELESS> (T_Current -273.15 T_Measured 27)
                                             X_U1.R_R5 <X_U1.R_NOISELESS> (T_Current -273.15 T_Measured 27)

          R        1.000E+06      1.000E+12      1.000E+00  


               X_U1.R_R50 <X_U1.R_NOISELESS> (T_Current -273.15 T_Measured 27)
                              X_U1.R_R51 <X_U1.R_NOISELESS> (T_Current -273.15 T_Measured 27)
                                             X_U1.R_R52 <X_U1.R_NOISELESS> (T_Current -273.15 T_Measured 27)

          R        1.000E+06      1.000E-03      1.000E+00  


               X_U1.R_R53 <X_U1.R_NOISELESS> (T_Current -273.15 T_Measured 27)
                              X_U1.R_R54 <X_U1.R_NOISELESS> (T_Current -273.15 T_Measured 27)
                                             X_U1.R_R55 <X_U1.R_NOISELESS> (T_Current -273.15 T_Measured 27)

          R        1.000E+12      1.000E+00      1.000E-03  


               X_U1.R_R56 <X_U1.R_NOISELESS> (T_Current -273.15 T_Measured 27)
                              X_U1.R_R57 <X_U1.R_NOISELESS> (T_Current -273.15 T_Measured 27)
                                             X_U1.R_R58 <X_U1.R_NOISELESS> (T_Current -273.15 T_Measured 27)

          R        1.000E+12      1.000E+00      1.000E-03  


               X_U1.R_R59 <X_U1.R_NOISELESS> (T_Current -273.15 T_Measured 27)
                              X_U1.R_R6 <X_U1.R_NOISELESS> (T_Current -273.15 T_Measured 27)
                                             X_U1.R_R60 <X_U1.R_NOISELESS> (T_Current -273.15 T_Measured 27)

          R        1.000E+12      1.000E+08      1.000E+00  


               X_U1.R_R61 <X_U1.R_NOISELESS> (T_Current -273.15 T_Measured 27)
                              X_U1.R_R62 <X_U1.R_NOISELESS> (T_Current -273.15 T_Measured 27)
                                             X_U1.R_R63 <X_U1.R_NOISELESS> (T_Current -273.15 T_Measured 27)

          R        1.000E-03      1.000E-03      1.000E+12  


               X_U1.R_R64 <X_U1.R_NOISELESS> (T_Current -273.15 T_Measured 27)
                              X_U1.R_R65 <X_U1.R_NOISELESS> (T_Current -273.15 T_Measured 27)
                                             X_U1.R_R66 <X_U1.R_NOISELESS> (T_Current -273.15 T_Measured 27)

          R        1.000E+00      1.000E+12      1.000E+00  


               X_U1.R_R67 <X_U1.R_NOISELESS> (T_Current -273.15 T_Measured 27)
                              X_U1.R_R68 <X_U1.R_NOISELESS> (T_Current -273.15 T_Measured 27)
                                             X_U1.R_R69 <X_U1.R_NOISELESS> (T_Current -273.15 T_Measured 27)

          R        1.000E-03      1.000E-03      1.000E+12  


               X_U1.R_R7 <X_U1.R_NOISELESS> (T_Current -273.15 T_Measured 27)
                              X_U1.R_R70 <X_U1.R_NOISELESS> (T_Current -273.15 T_Measured 27)
                                             X_U1.R_R71 <X_U1.R_NOISELESS> (T_Current -273.15 T_Measured 27)

          R        8.332E+00      1.000E+00      1.000E-03  


               X_U1.R_R72 <X_U1.R_NOISELESS> (T_Current -273.15 T_Measured 27)
                              X_U1.R_R73 <X_U1.R_NOISELESS> (T_Current -273.15 T_Measured 27)
                                             X_U1.R_R74 <X_U1.R_NOISELESS> (T_Current -273.15 T_Measured 27)

          R        1.000E+03      1.000E-03      1.000E+03  


               X_U1.R_R75 <X_U1.R_NOISELESS> (T_Current -273.15 T_Measured 27)
                              X_U1.R_R76 <X_U1.R_NOISELESS> (T_Current -273.15 T_Measured 27)
                                             X_U1.R_R77 <X_U1.R_NOISELESS> (T_Current -273.15 T_Measured 27)

          R        1.000E-03      1.000E+03      1.000E+03  


               X_U1.R_R78 <X_U1.R_NOISELESS> (T_Current -273.15 T_Measured 27)
                              X_U1.R_R79 <X_U1.R_NOISELESS> (T_Current -273.15 T_Measured 27)
                                             X_U1.R_R8 <X_U1.R_NOISELESS> (T_Current -273.15 T_Measured 27)

          R        1.000E+00      1.000E+00      1.000E+03  


               X_U1.R_R80 <X_U1.R_NOISELESS> (T_Current -273.15 T_Measured 27)
                              X_U1.R_R81 <X_U1.R_NOISELESS> (T_Current -273.15 T_Measured 27)
                                             X_U1.R_R82 <X_U1.R_NOISELESS> (T_Current -273.15 T_Measured 27)

          R        1.000E+02      1.000E+02      1.000E+00  


               X_U1.R_R83 <X_U1.R_NOISELESS> (T_Current -273.15 T_Measured 27)
                              X_U1.R_R9 <X_U1.R_NOISELESS> (T_Current -273.15 T_Measured 27)
                                             X_U1.R_RDUMMY <X_U1.R_NOISELESS> (T_Current -273.15 T_Measured 27)

          R        1.000E+02      1.000E+08      6.858E+03  


               X_U1.R_RS_INN <X_U1.R_NOISELESS> (T_Current -273.15 T_Measured 27)
                              X_U1.R_RS_INP <X_U1.R_NOISELESS> (T_Current -273.15 T_Measured 27)
                                             X_U1.R_RX <X_U1.R_NOISELESS> (T_Current -273.15 T_Measured 27)

          R        1.000E+03      1.000E+03      6.858E+04  


               X_U1.R_RX1 <X_U1.R_NOISELESS> (T_Current -273.15 T_Measured 27)
                              X_U1.R_RX2 <X_U1.R_NOISELESS> (T_Current -273.15 T_Measured 27)
                                             X_U1.R_RX3 <X_U1.R_NOISELESS> (T_Current -273.15 T_Measured 27)

          R        1.000E+12      1.000E+02      1.000E+12  


               X_U1.R_RX4 <X_U1.R_NOISELESS> (T_Current -273.15 T_Measured 27)
                              X_U1.R_R_COM0 <X_U1.R_NOISELESS> (T_Current -273.15 T_Measured 27)
                                             X_U1.R_R_COM1 <X_U1.R_NOISELESS> (T_Current -273.15 T_Measured 27)

          R        1.000E+02      1.000E+12      1.000E+12  


               X_U1.R_R_DIFF <X_U1.R_NOISELESS> (T_Current -273.15 T_Measured 27)
                              X_U73.R_R107 <X_U73.R_NOISELESS> (T_Current -273.15 T_Measured 27)
                                             X_U73.R_R108 <X_U73.R_NOISELESS> (T_Current -273.15 T_Measured 27)

          R        1.000E+08      1.000E+00      1.000E+12  


               X_U73.R_R109 <X_U73.R_NOISELESS> (T_Current -273.15 T_Measured 27)
                              X_U73.R_R110 <X_U73.R_NOISELESS> (T_Current -273.15 T_Measured 27)
                                             X_U73.R_R111 <X_U73.R_NOISELESS> (T_Current -273.15 T_Measured 27)

          R        1.000E+00      1.000E-03      1.000E+06  


               X_U73.R_R112 <X_U73.R_NOISELESS> (T_Current -273.15 T_Measured 27)
                              X_U73.R_R113 <X_U73.R_NOISELESS> (T_Current -273.15 T_Measured 27)
                                             X_U73.R_R136 <X_U73.R_NOISELESS> (T_Current -273.15 T_Measured 27)

          R        1.000E+06      1.000E-03      1.000E+00  


               X_U73.R_R169 <X_U73.R_NOISELESS> (T_Current -273.15 T_Measured 27)
                              X_U73.R_R1A1 <X_U73.R_NOISELESS> (T_Current -273.15 T_Measured 27)
                                             X_U73.R_R1A3 <X_U73.R_NOISELESS> (T_Current -273.15 T_Measured 27)

          R        2.900E+01      1.000E+04      1.000E+04  


               X_U73.R_R1A4 <X_U73.R_NOISELESS> (T_Current -273.15 T_Measured 27)
                              X_U73.R_R2 <X_U73.R_NOISELESS> (T_Current -273.15 T_Measured 27)
                                             X_U73.R_R21 <X_U73.R_NOISELESS> (T_Current -273.15 T_Measured 27)

          R        1.000E+04      1.000E-02      1.000E+03  


               X_U73.R_R25 <X_U73.R_NOISELESS> (T_Current -273.15 T_Measured 27)
                              X_U73.R_R26 <X_U73.R_NOISELESS> (T_Current -273.15 T_Measured 27)
                                             X_U73.R_R261 <X_U73.R_NOISELESS> (T_Current -273.15 T_Measured 27)

          R        1.000E+09      1.000E+09      1.000E+00  


               X_U73.R_R27 <X_U73.R_NOISELESS> (T_Current -273.15 T_Measured 27)
                              X_U73.R_R28 <X_U73.R_NOISELESS> (T_Current -273.15 T_Measured 27)
                                             X_U73.R_R29 <X_U73.R_NOISELESS> (T_Current -273.15 T_Measured 27)

          R        1.000E+00      1.000E-03      1.000E+03  


               X_U73.R_R2A1 <X_U73.R_NOISELESS> (T_Current -273.15 T_Measured 27)
                              X_U73.R_R2A4 <X_U73.R_NOISELESS> (T_Current -273.15 T_Measured 27)
                                             X_U73.R_R2A5 <X_U73.R_NOISELESS> (T_Current -273.15 T_Measured 27)

          R        1.700E+01      2.000E+01      1.200E+01  


               X_U73.R_R3 <X_U73.R_NOISELESS> (T_Current -273.15 T_Measured 27)
                              X_U73.R_R30 <X_U73.R_NOISELESS> (T_Current -273.15 T_Measured 27)
                                             X_U73.R_R31 <X_U73.R_NOISELESS> (T_Current -273.15 T_Measured 27)

          R        2.800E+05      1.000E-03      1.000E+03  


               X_U73.R_R32 <X_U73.R_NOISELESS> (T_Current -273.15 T_Measured 27)
                              X_U73.R_R33 <X_U73.R_NOISELESS> (T_Current -273.15 T_Measured 27)
                                             X_U73.R_R34 <X_U73.R_NOISELESS> (T_Current -273.15 T_Measured 27)

          R        1.000E+03      1.000E-03      1.000E+03  


               X_U73.R_R35 <X_U73.R_NOISELESS> (T_Current -273.15 T_Measured 27)
                              X_U73.R_R36 <X_U73.R_NOISELESS> (T_Current -273.15 T_Measured 27)
                                             X_U73.R_R363 <X_U73.R_NOISELESS> (T_Current -273.15 T_Measured 27)

          R        1.000E+09      1.000E+00      1.000E+00  


               X_U73.R_R364 <X_U73.R_NOISELESS> (T_Current -273.15 T_Measured 27)
                              X_U73.R_R37 <X_U73.R_NOISELESS> (T_Current -273.15 T_Measured 27)
                                             X_U73.R_R38 <X_U73.R_NOISELESS> (T_Current -273.15 T_Measured 27)

          R        1.000E+00      1.000E-03      1.000E-03  


               X_U73.R_R39 <X_U73.R_NOISELESS> (T_Current -273.15 T_Measured 27)
                              X_U73.R_R40 <X_U73.R_NOISELESS> (T_Current -273.15 T_Measured 27)
                                             X_U73.R_R5 <X_U73.R_NOISELESS> (T_Current -273.15 T_Measured 27)

          R        1.000E+00      1.000E+09      1.000E+00  


               X_U73.R_R60 <X_U73.R_NOISELESS> (T_Current -273.15 T_Measured 27)
                              X_U73.R_R8 <X_U73.R_NOISELESS> (T_Current -273.15 T_Measured 27)
                                             X_U73.R_R81 <X_U73.R_NOISELESS> (T_Current -273.15 T_Measured 27)

          R        3.700E+04      1.000E+03      1.000E+09  


               X_U73.R_R83 <X_U73.R_NOISELESS> (T_Current -273.15 T_Measured 27)
                              X_U73.R_R9 <X_U73.R_NOISELESS> (T_Current -273.15 T_Measured 27)
                                             X_U73.R_R_VIMON <X_U73.R_NOISELESS> (T_Current -273.15 T_Measured 27)

          R        1.000E+09      1.000E-03      1.000E+02  


               X_U73.R_R_VOUT_S <X_U73.R_NOISELESS> (T_Current -273.15 T_Measured 27)

          R        1.000E+02  



**** 04/05/25 22:08:30 *** PSpice 24.1.0 (26 February 2025) *** ID# 0 ********

 ** Profile: "SCHEMATIC1-asdfa"  [ c:\users\user\appdata\roaming\spb_data\cdssetup\workspace\projects\tiaopa695\TIAOPA695-PSpiceFiles


 ****     INITIAL TRANSIENT SOLUTION       TEMPERATURE =   27.000 DEG C

 ****     CURRENT STEP                     PARAM IVAR =    5.4300E-03


******************************************************************************



 NODE   VOLTAGE     NODE   VOLTAGE     NODE   VOLTAGE     NODE   VOLTAGE


(  VCC)    5.0000  (  VEE)   -5.0000  (N1113089)    3.8997                      

(N1113125)    3.9059                  (N1113485)    3.9010                      

(N1113565)    5.0000                  (N1113637)    1.9901                      

(N1113647)    3.9027                  (N1113661)    3.3016                      

(N1113879)   -5.0000                  (N1114737)     .0070                      

(N1114747)     .0070                  (N1114761)     .0168                      

(N1114963)     .0168                  (N1114991)-260.0E-06                      

(X_U1.MID)-423.5E-18                  (X_U1.V11)-4.676E-09                      

(X_U1.V12)     .6872                  (X_U76.ZO)    3.9059                      

(X_U1.ESDN)    2.3782                 (X_U1.ESDP)    2.9136                     

(X_U1.VCLP)    3.9562                 (X_U73.AOL)     .0168                     

(X_U73.MID)-211.8E-18                 (X_U76.MID)    2.5000                     

(X_U1.CLAMP)    6.6228                (X_U1.VCC_B)    5.0000                    

(X_U1.VEE_B)   -5.0000                (X_U1.VIMON)    9.5755                    

(X_U73.CMRR)-482.6E-09                (X_U76.CMRR)    2.5000                    

(X_U76.ESDN)    3.8997                (X_U76.ESDP)    3.9010                    

(X_U1.VOUT_S)    3.9027               (X_U1.VSENSE)    6.6228                   

(X_U1.X_U1.3)    0.0000               (X_U1.X_U1.4)    0.0000                   

(X_U1.X_U1.5)    0.0000               (X_U1.X_U1.6)    0.0000                   

(X_U1.X_U1.7)     .8338               (X_U1.X_U1.8)     .8338                   

(X_U73.CLAMP)     .0168               (X_U73.VCC_B)    5.0000                   

(X_U73.VEE_B)   -5.0000               (X_U73.VIMON)     .0198                   

(X_U76.CLAMP)    4.1283               (X_U76.PSRRN)    2.5002                   

(X_U76.PSRRP)    2.5001               (X_U76.VCC_B)    5.0000                   

(X_U76.VEE_B) 2.501E-06               (X_U76.VIMON)    2.5124                   

(X_U1.VCC_CLP)    3.9000              (X_U1.VEE_CLP)   -4.8260                  

(X_U1.X_U39.3)    0.0000              (X_U1.X_U39.4)    0.0000                  

(X_U1.X_U39.5)    0.0000              (X_U1.X_U39.6)    0.0000                  

(X_U1.X_U39.7)     .8338              (X_U1.X_U39.8)     .8338                  

(X_U1.X_U40.3)    0.0000              (X_U1.X_U40.4)    0.0000                  

(X_U1.X_U40.5)    0.0000              (X_U1.X_U40.6)    0.0000                  

(X_U1.X_U40.7)     .8338              (X_U1.X_U40.8)     .8338                  

(X_U73.AOLNET)    -.0168              (X_U73.N05102)     .0070                  

(X_U73.N06456)-260.0E-06              (X_U73.N10561)    -.0070                  

(X_U73.N10570)    -.0070              (X_U73.N11984)    -.0070                  

(X_U73.N25816)     .0070              (X_U73.N28602)   -3.3000                  

(X_U73.N30136)    3.3000              (X_U73.N30913)     .0070                  

(X_U73.N31014)     .0070              (X_U73.N35669)    4.1998                  

(X_U73.N35813)    4.1998              (X_U73.N38050)   -4.2000                  

(X_U73.N38096)   -4.2000              (X_U73.N42663)-211.8E-18                  

(X_U73.N42834)-211.8E-18              (X_U73.N44757)-211.8E-18                  

(X_U73.N44799)-211.8E-18              (X_U73.VOUT_S)     .0168                  

(X_U76.AOLNET)    2.4992              (X_U76.N06456)    3.9010                  

(X_U76.N10561)    3.9006              (X_U76.N10570)    3.9006                  

(X_U76.N11984)    3.9006              (X_U76.N11991)    3.8997                  

(X_U76.N25816)    3.9005              (X_U76.N28602)    1.1000                  

(X_U76.N30136)    4.6000              (X_U76.N30913)    3.9005                  

(X_U76.N31014)    3.9005              (X_U76.N35675)    4.2118                  

(X_U76.N35813)    4.2118              (X_U76.N38050)    1.0201                  

(X_U76.N38096)    1.0201              (X_U76.VOUT_S)    3.9059                  

(X_U76.X_U1.3)    0.0000              (X_U76.X_U1.4)    0.0000                  

(X_U76.X_U1.5)    0.0000              (X_U76.X_U1.6)    0.0000                  

(X_U76.X_U1.7)     .8338              (X_U76.X_U1.8)     .8338                  

(X_U1.CL_CLAMP)    3.9562             (X_U1.N2986935)    2.9136                 

(X_U1.N2986947) 291.4E-09             (X_U1.N2986949)    2.9136                 

(X_U1.N2986957)    2.9136             (X_U1.N2986973)-1.581E-06                 

(X_U1.N2986975) 1.581E-06             (X_U1.N2986977)    2.9136                 

(X_U1.N2986981)    2.9136             (X_U1.N2987013)    2.3782                 

(X_U1.N2987017)    3.0000             (X_U1.N2987029)   -3.0000                 

(X_U1.N2987037)    2.9136             (X_U1.N2987051)    2.9136                 

(X_U1.N2987061)   53.5400             (X_U1.N2987123)     .0027                 

(X_U1.N2987135)     .0027             (X_U1.N2987157)-423.5E-18                 

(X_U1.N2987159)-423.5E-18             (X_U1.N2987201)   35.0000                 

(X_U1.N2987203)-423.5E-18             (X_U1.N2987205)-423.5E-18                 

(X_U1.N2987225)-423.5E-18             (X_U1.N2987231)-423.5E-18                 

(X_U1.N2987243)  -35.0000             (X_U1.N2987295)   75.0000                 

(X_U1.N2987299)-423.5E-18             (X_U1.N2987301)-423.5E-18                 

(X_U1.N2987319)-423.5E-18             (X_U1.N2987325)-423.5E-18                 

(X_U1.N2987337)  -75.0000             (X_U1.N2987363)    6.6228                 

(X_U1.N2987391)    3.9000             (X_U1.N2987395)   -4.8260                 

(X_U1.N2987423)   -4.8260             (X_U1.N2987427)    3.9000                 

(X_U1.N2987487)-4.676E-09             (X_U1.N2987493)     .6872                 

(X_U1.N2987499)    1.0000             (X_U1.N2987541)    9.5755                 

(X_U1.N2987553)    3.9027             (X_U1.N2987623)    3.9027                 

(X_U1.N2987655)    1.9562             (X_U1.N2987675)    6.6134                 

(X_U1.N2987683)    1.9562             (X_U1.N2987687)    1.9562                 

(X_U1.N2987711)    6.6134             (X_U1.N2987719)    5.9262                 

(X_U1.N2987763)-423.5E-18             (X_U1.N2987785)    5.0000                 

(X_U1.N2987801)   -5.0000             (X_U1.N3108745)   16.5560                 

(X_U1.N3108755)    6.6244             (X_U1.N3108879)    6.6228                 

(X_U1.N3108917)    6.6244             (X_U1.N3108949)    6.6243                 

(X_U1.N3109015)    6.6243             (X_U1.N3116457)    3.9562                 

(X_U1.N3116503)  365.8100             (X_U1.N3116515)  365.8100                 

(X_U1.N3116609)  699.7200             (X_U1.N3116619)  260.5800                 

(X_U1.N3116655)  699.6500             (X_U1.N3116665)     .5315                 

(X_U1.N3116675)  699.7200             (X_U1.N3116685)  699.7200                 

(X_U1.N3116957)  699.6400             (X_U1.N3117239)  699.7200                 

(X_U1.N3126023)    3.4971             (X_U1.N3128929)   -4.7434                 

(X_U1.N3130349) 1.581E-06             (X_U1.N3130359)     .0048                 

(X_U1.N3202117)  699.7200             (X_U1.N3202127)  699.7200                 

(X_U1.N3202213)  699.7200             (X_U1.N3204124)  699.7200                 

(X_U1.N3204134)  699.7200             (X_U1.N3204220)  699.7200                 

(X_U1.N3205032)  699.7200             (X_U1.N3205042)  699.7200                 

(X_U1.N3205128)  699.7200             (X_U1.N3205956)  699.7200                 

(X_U1.N3205966)  699.7200             (X_U1.N3206052)  699.7200                 

(X_U1.N3206890)  699.7200             (X_U1.N3206900)  699.7200                 

(X_U1.N3206986)  699.7200             (X_U1.N3208573)  699.7200                 

(X_U1.N3208669)  699.7200             (X_U1.N3236810) 1.581E-09                 

(X_U1.N3236820) 1.581E-06             (X_U73.N110431)     .0198                 

(X_U73.N112292)     .0168             (X_U73.N317950)-211.8E-18                 

(X_U73.N406634)    5.0000             (X_U73.N406794)   -5.0000                 

(X_U73.N701935)-241.8E-06             (X_U73.N704979)   -6.4993                 

(X_U73.N705005)    -.0078             (X_U73.N709083)    3.6601                 

(X_U73.N709113)     .0062             (X_U73.N749288)    -.0070                 

(X_U73.VCC_CLP)    4.1998             (X_U73.VEE_CLP)   -4.2000                 

(X_U73.X_E_N.3)    0.0000             (X_U73.X_E_N.4)    0.0000                 

(X_U73.X_E_N.5)    0.0000             (X_U73.X_E_N.6)    0.0000                 

(X_U73.X_E_N.7)     .8338             (X_U73.X_E_N.8)     .8338                 

(X_U76.N110431)    2.5124             (X_U76.N112292)    3.9059                 

(X_U76.N317950)    2.5000             (X_U76.N406634)    5.0000                 

(X_U76.N406794) 2.504E-06             (X_U76.N749288)    3.9006                 

(X_U76.VCC_CLP)    4.2118             (X_U76.VEE_CLP)    1.0201                 

(X_U76.X_E_N.3)    0.0000             (X_U76.X_E_N.4)    0.0000                 

(X_U76.X_E_N.5)    0.0000             (X_U76.X_E_N.6)    0.0000                 

(X_U76.X_E_N.7)     .8338             (X_U76.X_E_N.8)     .8338                 

(X_U1.N32898091)  699.7200            (X_U73.N1327152)     .0070                

(X_U73.X_I_NP.3)    0.0000            (X_U73.X_I_NP.4)    0.0000                

(X_U73.X_I_NP.5)    0.0000            (X_U73.X_I_NP.6)    0.0000                

(X_U73.X_I_NP.7)     .8338            (X_U73.X_I_NP.8)     .8338                

(X_U76.N1254860)   17.9820            (X_U76.N1446199)    4.0758                

(X_U76.N1446217)    4.0758            (X_U76.N1461236)    2.3361                

(X_U76.N1461246)    2.5000            (X_U76.N1461252)    2.5046                

(X_U76.N1481243)     .7102            (X_U76.N1481253)    2.4999                

(X_U76.N1481259)    2.5005            (X_U76.N1483677)    6.4446                

(X_U76.N1483687)    2.5002            (X_U76.N1483693)    2.4954                

(X_U76.N1483703)    2.4998            (X_U76.N1483713)    2.5046                

(X_U76.N1490067)    2.5001            (X_U76.N1492098)    2.7548                

(X_U76.N1492108)    2.6699            (X_U76.N1492118)    2.6699                

(X_U76.N1492126)    2.6699            (X_U76.N1492376)    2.6699                

(X_U76.N1534615)    6.8373            (X_U76.N1534625)    2.6519                

(X_U76.N1534635)    2.6519            (X_U76.N1534645)    2.6519                

(X_U76.N1534887)    2.6519            (X_U76.N1541593)    6.3796                

(X_U76.N1541603)    2.6359            (X_U1.CLAW_CLAMP)    3.9562               

(X_U73.X_I_NP2.3)    0.0000           (X_U73.X_I_NP2.4)    0.0000               

(X_U73.X_I_NP2.5)    0.0000           (X_U73.X_I_NP2.6)    0.0000               

(X_U73.X_I_NP2.7)     .8338           (X_U73.X_I_NP2.8)     .8338               

(X_U76.X_I_NP1.3)    0.0000           (X_U76.X_I_NP1.4)    0.0000               

(X_U76.X_I_NP1.5)    0.0000           (X_U76.X_I_NP1.6)    0.0000               

(X_U76.X_I_NP1.7)     .8338           (X_U76.X_I_NP1.8)     .8338               

(X_U1.SW_OL_OPAx277)    1.0000        (X_U73.X_VOS_VS_VCM.1)    -.0070          

(X_U76.X_VOS_VS_VCM.1)    3.9006      




    VOLTAGE SOURCE CURRENTS
    NAME         CURRENT

    V_V2        -1.369E-02
    V_V6        -4.612E-04
    V_V5        -8.492E-04
    V_V1        -4.081E-02
    X_U76.V_VCM_MAX  -2.100E-09
    X_U76.V_VCM_MIN   1.400E-09
    X_U1.V_VCM_MAX  -3.001E-12
    X_U1.V_VCM_MIN   3.001E-12
    X_U1.V_V_GRN   7.500E-11
    X_U1.V_V_GRP  -7.500E-11
    X_U1.V_V_ISCN   3.500E-11
    X_U1.V_V_ISCP  -3.500E-11
    X_U1.V_V_ORN   0.000E+00
    X_U1.V_V_ORP   0.000E+00
    X_U73.V_VCM_MAX  -3.300E-09
    X_U73.V_VCM_MIN   3.300E-09
    X_U76.X_H3.VH_H3  -1.245E-05
    X_U76.X_VOS_VS_VCM.V1   4.097E-13
    X_U1.X_H1.VH_H1   9.576E-03
    X_U1.X_H2.VH_H2   6.872E-01
    X_U1.X_H3.VH_H3   4.676E-09
    X_U73.X_H3.VH_H3  -1.980E-05
    X_U73.X_VOS_VS_VCM.V1  -9.661E-17

    TOTAL POWER DISSIPATION   2.79E-01  WATTS


Model-Specific Temperatures During Sweep  Param value = 0.00573

 **** RESISTORS

               X_U76.R_R1 <X_U76.R_NOISELESS> (T_Current -273.15 T_Measured 27)
                              X_U76.R_R10 <X_U76.R_NOISELESS> (T_Current -273.15 T_Measured 27)
                                             X_U76.R_R107 <X_U76.R_NOISELESS> (T_Current -273.15 T_Measured 27)

          R        1.000E-02      1.000E-03      1.000E+00  


               X_U76.R_R108 <X_U76.R_NOISELESS> (T_Current -273.15 T_Measured 27)
                              X_U76.R_R109 <X_U76.R_NOISELESS> (T_Current -273.15 T_Measured 27)
                                             X_U76.R_R110 <X_U76.R_NOISELESS> (T_Current -273.15 T_Measured 27)

          R        1.000E+12      1.000E+00      1.000E-03  


               X_U76.R_R111 <X_U76.R_NOISELESS> (T_Current -273.15 T_Measured 27)
                              X_U76.R_R112 <X_U76.R_NOISELESS> (T_Current -273.15 T_Measured 27)
                                             X_U76.R_R113 <X_U76.R_NOISELESS> (T_Current -273.15 T_Measured 27)

          R        1.000E+06      1.000E+06      1.000E-03  


               X_U76.R_R146 <X_U76.R_NOISELESS> (T_Current -273.15 T_Measured 27)
                              X_U76.R_R147 <X_U76.R_NOISELESS> (T_Current -273.15 T_Measured 27)
                                             X_U76.R_R148 <X_U76.R_NOISELESS> (T_Current -273.15 T_Measured 27)

          R        1.000E+00      1.000E+00      1.000E+00  


               X_U76.R_R162 <X_U76.R_NOISELESS> (T_Current -273.15 T_Measured 27)
                              X_U76.R_R1A <X_U76.R_NOISELESS> (T_Current -273.15 T_Measured 27)
                                             X_U76.R_R1A1 <X_U76.R_NOISELESS> (T_Current -273.15 T_Measured 27)

          R        5.000E+03      1.000E+04      3.000E+01  


               X_U76.R_R1A14 <X_U76.R_NOISELESS> (T_Current -273.15 T_Measured 27)
                              X_U76.R_R1A15 <X_U76.R_NOISELESS> (T_Current -273.15 T_Measured 27)
                                             X_U76.R_R1A16 <X_U76.R_NOISELESS> (T_Current -273.15 T_Measured 27)

          R        1.000E+04      1.000E+04      2.800E+00  


               X_U76.R_R1A17 <X_U76.R_NOISELESS> (T_Current -273.15 T_Measured 27)
                              X_U76.R_R1A18 <X_U76.R_NOISELESS> (T_Current -273.15 T_Measured 27)
                                             X_U76.R_R1A40 <X_U76.R_NOISELESS> (T_Current -273.15 T_Measured 27)

          R        1.000E+04      1.000E+04      1.000E+04  


               X_U76.R_R1A41 <X_U76.R_NOISELESS> (T_Current -273.15 T_Measured 27)
                              X_U76.R_R1A42 <X_U76.R_NOISELESS> (T_Current -273.15 T_Measured 27)
                                             X_U76.R_R1A43 <X_U76.R_NOISELESS> (T_Current -273.15 T_Measured 27)

          R        7.000E+00      1.000E+04      3.000E+01  


               X_U76.R_R1A44 <X_U76.R_NOISELESS> (T_Current -273.15 T_Measured 27)
                              X_U76.R_R1A45 <X_U76.R_NOISELESS> (T_Current -273.15 T_Measured 27)
                                             X_U76.R_R2 <X_U76.R_NOISELESS> (T_Current -273.15 T_Measured 27)

          R        1.000E+01      1.000E+01      1.000E-02  


               X_U76.R_R21 <X_U76.R_NOISELESS> (T_Current -273.15 T_Measured 27)
                              X_U76.R_R211 <X_U76.R_NOISELESS> (T_Current -273.15 T_Measured 27)
                                             X_U76.R_R225 <X_U76.R_NOISELESS> (T_Current -273.15 T_Measured 27)

          R        1.000E+03      1.000E+00      1.000E+00  


               X_U76.R_R226 <X_U76.R_NOISELESS> (T_Current -273.15 T_Measured 27)
                              X_U76.R_R245 <X_U76.R_NOISELESS> (T_Current -273.15 T_Measured 27)
                                             X_U76.R_R246 <X_U76.R_NOISELESS> (T_Current -273.15 T_Measured 27)

          R        3.000E+01      4.500E+03      1.000E+00  


               X_U76.R_R247 <X_U76.R_NOISELESS> (T_Current -273.15 T_Measured 27)
                              X_U76.R_R248 <X_U76.R_NOISELESS> (T_Current -273.15 T_Measured 27)
                                             X_U76.R_R249 <X_U76.R_NOISELESS> (T_Current -273.15 T_Measured 27)

          R        1.000E+00      1.000E+00      1.000E+00  


               X_U76.R_R25 <X_U76.R_NOISELESS> (T_Current -273.15 T_Measured 27)
                              X_U76.R_R250 <X_U76.R_NOISELESS> (T_Current -273.15 T_Measured 27)
                                             X_U76.R_R251 <X_U76.R_NOISELESS> (T_Current -273.15 T_Measured 27)

          R        1.000E+09      1.000E+00      1.000E+00  


               X_U76.R_R252 <X_U76.R_NOISELESS> (T_Current -273.15 T_Measured 27)
                              X_U76.R_R253 <X_U76.R_NOISELESS> (T_Current -273.15 T_Measured 27)
                                             X_U76.R_R26 <X_U76.R_NOISELESS> (T_Current -273.15 T_Measured 27)

          R        1.000E+00      1.000E+00      1.000E+09  


               X_U76.R_R27 <X_U76.R_NOISELESS> (T_Current -273.15 T_Measured 27)
                              X_U76.R_R28 <X_U76.R_NOISELESS> (T_Current -273.15 T_Measured 27)
                                             X_U76.R_R29 <X_U76.R_NOISELESS> (T_Current -273.15 T_Measured 27)

          R        1.000E+00      1.000E-03      1.000E+03  


               X_U76.R_R2A <X_U76.R_NOISELESS> (T_Current -273.15 T_Measured 27)
                              X_U76.R_R2A1 <X_U76.R_NOISELESS> (T_Current -273.15 T_Measured 27)
                                             X_U76.R_R2A16 <X_U76.R_NOISELESS> (T_Current -273.15 T_Measured 27)

          R        2.000E+04      1.000E+01      5.420E-01  


               X_U76.R_R2A17 <X_U76.R_NOISELESS> (T_Current -273.15 T_Measured 27)
                              X_U76.R_R2A18 <X_U76.R_NOISELESS> (T_Current -273.15 T_Measured 27)
                                             X_U76.R_R2A36 <X_U76.R_NOISELESS> (T_Current -273.15 T_Measured 27)

          R        4.822E+02      4.822E+02      8.500E-01  


               X_U76.R_R2A37 <X_U76.R_NOISELESS> (T_Current -273.15 T_Measured 27)
                              X_U76.R_R2A40 <X_U76.R_NOISELESS> (T_Current -273.15 T_Measured 27)
                                             X_U76.R_R2A41 <X_U76.R_NOISELESS> (T_Current -273.15 T_Measured 27)

          R        3.010E+01      7.000E-01      1.000E+01  


               X_U76.R_R2A42 <X_U76.R_NOISELESS> (T_Current -273.15 T_Measured 27)
                              X_U76.R_R2A43 <X_U76.R_NOISELESS> (T_Current -273.15 T_Measured 27)
                                             X_U76.R_R3 <X_U76.R_NOISELESS> (T_Current -273.15 T_Measured 27)

          R        3.630E-01      3.630E-01      2.300E+06  


               X_U76.R_R30 <X_U76.R_NOISELESS> (T_Current -273.15 T_Measured 27)
                              X_U76.R_R31 <X_U76.R_NOISELESS> (T_Current -273.15 T_Measured 27)
                                             X_U76.R_R32 <X_U76.R_NOISELESS> (T_Current -273.15 T_Measured 27)

          R        1.000E-03      1.000E+03      1.000E+03  


               X_U76.R_R33 <X_U76.R_NOISELESS> (T_Current -273.15 T_Measured 27)
                              X_U76.R_R34 <X_U76.R_NOISELESS> (T_Current -273.15 T_Measured 27)
                                             X_U76.R_R4 <X_U76.R_NOISELESS> (T_Current -273.15 T_Measured 27)

          R        1.000E-03      1.000E+03      2.300E+06  


               X_U76.R_R6 <X_U76.R_NOISELESS> (T_Current -273.15 T_Measured 27)
                              X_U76.R_R60 <X_U76.R_NOISELESS> (T_Current -273.15 T_Measured 27)
                                             X_U76.R_R8 <X_U76.R_NOISELESS> (T_Current -273.15 T_Measured 27)

          R        1.000E+00      1.000E+00      1.000E+03  


               X_U76.R_R81 <X_U76.R_NOISELESS> (T_Current -273.15 T_Measured 27)
                              X_U76.R_R83 <X_U76.R_NOISELESS> (T_Current -273.15 T_Measured 27)
                                             X_U76.R_R9 <X_U76.R_NOISELESS> (T_Current -273.15 T_Measured 27)

          R        1.000E+09      1.000E+09      1.000E-03  


               X_U76.R_RDUMMY <X_U76.R_NOISELESS> (T_Current -273.15 T_Measured 27)
                              X_U76.R_RX <X_U76.R_NOISELESS> (T_Current -273.15 T_Measured 27)
                                             X_U76.R_R_VIMON <X_U76.R_NOISELESS> (T_Current -273.15 T_Measured 27)

          R        1.400E+02      1.400E+03      1.000E+02  


               X_U76.R_R_VOUT_S <X_U76.R_NOISELESS> (T_Current -273.15 T_Measured 27)
                              X_U1.R_R10 <X_U1.R_NOISELESS> (T_Current -273.15 T_Measured 27)
                                             X_U1.R_R11 <X_U1.R_NOISELESS> (T_Current -273.15 T_Measured 27)

          R        1.000E+02      1.000E+00      3.333E+01  


               X_U1.R_R12 <X_U1.R_NOISELESS> (T_Current -273.15 T_Measured 27)
                              X_U1.R_R13 <X_U1.R_NOISELESS> (T_Current -273.15 T_Measured 27)
                                             X_U1.R_R139 <X_U1.R_NOISELESS> (T_Current -273.15 T_Measured 27)

          R        1.000E+08      1.000E+00      1.057E+04  


               X_U1.R_R14 <X_U1.R_NOISELESS> (T_Current -273.15 T_Measured 27)
                              X_U1.R_R140 <X_U1.R_NOISELESS> (T_Current -273.15 T_Measured 27)
                                             X_U1.R_R141 <X_U1.R_NOISELESS> (T_Current -273.15 T_Measured 27)

          R        3.287E+04      1.000E+04      1.000E+00  


               X_U1.R_R142 <X_U1.R_NOISELESS> (T_Current -273.15 T_Measured 27)
                              X_U1.R_R143 <X_U1.R_NOISELESS> (T_Current -273.15 T_Measured 27)
                                             X_U1.R_R144 <X_U1.R_NOISELESS> (T_Current -273.15 T_Measured 27)

          R        1.000E+04      1.000E+00      7.603E+00  


               X_U1.R_R15 <X_U1.R_NOISELESS> (T_Current -273.15 T_Measured 27)
                              X_U1.R_R158 <X_U1.R_NOISELESS> (T_Current -273.15 T_Measured 27)
                                             X_U1.R_R159 <X_U1.R_NOISELESS> (T_Current -273.15 T_Measured 27)

          R        1.000E-03      1.000E+04      1.000E+00  


               X_U1.R_R16 <X_U1.R_NOISELESS> (T_Current -273.15 T_Measured 27)
                              X_U1.R_R160 <X_U1.R_NOISELESS> (T_Current -273.15 T_Measured 27)
                                             X_U1.R_R161 <X_U1.R_NOISELESS> (T_Current -273.15 T_Measured 27)

          R        1.000E+03      6.670E+03      1.000E+06  


               X_U1.R_R162 <X_U1.R_NOISELESS> (T_Current -273.15 T_Measured 27)
                              X_U1.R_R166 <X_U1.R_NOISELESS> (T_Current -273.15 T_Measured 27)
                                             X_U1.R_R167 <X_U1.R_NOISELESS> (T_Current -273.15 T_Measured 27)

          R        1.000E+06      1.000E+06      1.000E+02  


               X_U1.R_R168 <X_U1.R_NOISELESS> (T_Current -273.15 T_Measured 27)
                              X_U1.R_R169 <X_U1.R_NOISELESS> (T_Current -273.15 T_Measured 27)
                                             X_U1.R_R17 <X_U1.R_NOISELESS> (T_Current -273.15 T_Measured 27)

          R        1.000E+04      1.000E+00      1.000E-03  


               X_U1.R_R170 <X_U1.R_NOISELESS> (T_Current -273.15 T_Measured 27)
                              X_U1.R_R171 <X_U1.R_NOISELESS> (T_Current -273.15 T_Measured 27)
                                             X_U1.R_R172 <X_U1.R_NOISELESS> (T_Current -273.15 T_Measured 27)

          R        5.934E+03      1.000E+06      9.869E+04  


               X_U1.R_R173 <X_U1.R_NOISELESS> (T_Current -273.15 T_Measured 27)
                              X_U1.R_R174 <X_U1.R_NOISELESS> (T_Current -273.15 T_Measured 27)
                                             X_U1.R_R175 <X_U1.R_NOISELESS> (T_Current -273.15 T_Measured 27)

          R        1.000E+04      1.000E+00      5.157E+04  


               X_U1.R_R176 <X_U1.R_NOISELESS> (T_Current -273.15 T_Measured 27)
                              X_U1.R_R177 <X_U1.R_NOISELESS> (T_Current -273.15 T_Measured 27)
                                             X_U1.R_R178 <X_U1.R_NOISELESS> (T_Current -273.15 T_Measured 27)

          R        1.000E+04      1.000E+00      9.484E+03  


               X_U1.R_R179 <X_U1.R_NOISELESS> (T_Current -273.15 T_Measured 27)
                              X_U1.R_R18 <X_U1.R_NOISELESS> (T_Current -273.15 T_Measured 27)
                                             X_U1.R_R180 <X_U1.R_NOISELESS> (T_Current -273.15 T_Measured 27)

          R        1.000E+04      1.000E+12      1.000E+00  


               X_U1.R_R181 <X_U1.R_NOISELESS> (T_Current -273.15 T_Measured 27)
                              X_U1.R_R182 <X_U1.R_NOISELESS> (T_Current -273.15 T_Measured 27)
                                             X_U1.R_R183 <X_U1.R_NOISELESS> (T_Current -273.15 T_Measured 27)

          R        9.500E+03      1.000E+04      1.000E+00  


               X_U1.R_R184 <X_U1.R_NOISELESS> (T_Current -273.15 T_Measured 27)
                              X_U1.R_R185 <X_U1.R_NOISELESS> (T_Current -273.15 T_Measured 27)
                                             X_U1.R_R186 <X_U1.R_NOISELESS> (T_Current -273.15 T_Measured 27)

          R        5.875E+03      1.000E+04      1.000E+00  


               X_U1.R_R187 <X_U1.R_NOISELESS> (T_Current -273.15 T_Measured 27)
                              X_U1.R_R188 <X_U1.R_NOISELESS> (T_Current -273.15 T_Measured 27)
                                             X_U1.R_R189 <X_U1.R_NOISELESS> (T_Current -273.15 T_Measured 27)

          R        3.086E+03      1.000E+04      1.000E+00  


               X_U1.R_R19 <X_U1.R_NOISELESS> (T_Current -273.15 T_Measured 27)
                              X_U1.R_R190 <X_U1.R_NOISELESS> (T_Current -273.15 T_Measured 27)
                                             X_U1.R_R191 <X_U1.R_NOISELESS> (T_Current -273.15 T_Measured 27)

          R        1.000E+12      1.000E+04      1.001E+01  


               X_U1.R_R192 <X_U1.R_NOISELESS> (T_Current -273.15 T_Measured 27)
                              X_U1.R_R193 <X_U1.R_NOISELESS> (T_Current -273.15 T_Measured 27)
                                             X_U1.R_R20 <X_U1.R_NOISELESS> (T_Current -273.15 T_Measured 27)

          R        1.000E+00      1.000E+00      1.000E+00  


               X_U1.R_R21 <X_U1.R_NOISELESS> (T_Current -273.15 T_Measured 27)
                              X_U1.R_R22 <X_U1.R_NOISELESS> (T_Current -273.15 T_Measured 27)
                                             X_U1.R_R23 <X_U1.R_NOISELESS> (T_Current -273.15 T_Measured 27)

          R        1.000E-03      1.000E+06      1.000E+06  


               X_U1.R_R24 <X_U1.R_NOISELESS> (T_Current -273.15 T_Measured 27)
                              X_U1.R_R32 <X_U1.R_NOISELESS> (T_Current -273.15 T_Measured 27)
                                             X_U1.R_R33 <X_U1.R_NOISELESS> (T_Current -273.15 T_Measured 27)

          R        1.000E+03      1.000E+03      1.000E+03  


               X_U1.R_R34 <X_U1.R_NOISELESS> (T_Current -273.15 T_Measured 27)
                              X_U1.R_R35 <X_U1.R_NOISELESS> (T_Current -273.15 T_Measured 27)
                                             X_U1.R_R36 <X_U1.R_NOISELESS> (T_Current -273.15 T_Measured 27)

          R        1.000E+04      1.000E+00      1.095E+04  


               X_U1.R_R43 <X_U1.R_NOISELESS> (T_Current -273.15 T_Measured 27)
                              X_U1.R_R46 <X_U1.R_NOISELESS> (T_Current -273.15 T_Measured 27)
                                             X_U1.R_R47 <X_U1.R_NOISELESS> (T_Current -273.15 T_Measured 27)

          R        1.000E+00      1.000E+00      1.000E-03  


               X_U1.R_R48 <X_U1.R_NOISELESS> (T_Current -273.15 T_Measured 27)
                              X_U1.R_R49 <X_U1.R_NOISELESS> (T_Current -273.15 T_Measured 27)
                                             X_U1.R_R5 <X_U1.R_NOISELESS> (T_Current -273.15 T_Measured 27)

          R        1.000E+06      1.000E+12      1.000E+00  


               X_U1.R_R50 <X_U1.R_NOISELESS> (T_Current -273.15 T_Measured 27)
                              X_U1.R_R51 <X_U1.R_NOISELESS> (T_Current -273.15 T_Measured 27)
                                             X_U1.R_R52 <X_U1.R_NOISELESS> (T_Current -273.15 T_Measured 27)

          R        1.000E+06      1.000E-03      1.000E+00  


               X_U1.R_R53 <X_U1.R_NOISELESS> (T_Current -273.15 T_Measured 27)
                              X_U1.R_R54 <X_U1.R_NOISELESS> (T_Current -273.15 T_Measured 27)
                                             X_U1.R_R55 <X_U1.R_NOISELESS> (T_Current -273.15 T_Measured 27)

          R        1.000E+12      1.000E+00      1.000E-03  


               X_U1.R_R56 <X_U1.R_NOISELESS> (T_Current -273.15 T_Measured 27)
                              X_U1.R_R57 <X_U1.R_NOISELESS> (T_Current -273.15 T_Measured 27)
                                             X_U1.R_R58 <X_U1.R_NOISELESS> (T_Current -273.15 T_Measured 27)

          R        1.000E+12      1.000E+00      1.000E-03  


               X_U1.R_R59 <X_U1.R_NOISELESS> (T_Current -273.15 T_Measured 27)
                              X_U1.R_R6 <X_U1.R_NOISELESS> (T_Current -273.15 T_Measured 27)
                                             X_U1.R_R60 <X_U1.R_NOISELESS> (T_Current -273.15 T_Measured 27)

          R        1.000E+12      1.000E+08      1.000E+00  


               X_U1.R_R61 <X_U1.R_NOISELESS> (T_Current -273.15 T_Measured 27)
                              X_U1.R_R62 <X_U1.R_NOISELESS> (T_Current -273.15 T_Measured 27)
                                             X_U1.R_R63 <X_U1.R_NOISELESS> (T_Current -273.15 T_Measured 27)

          R        1.000E-03      1.000E-03      1.000E+12  


               X_U1.R_R64 <X_U1.R_NOISELESS> (T_Current -273.15 T_Measured 27)
                              X_U1.R_R65 <X_U1.R_NOISELESS> (T_Current -273.15 T_Measured 27)
                                             X_U1.R_R66 <X_U1.R_NOISELESS> (T_Current -273.15 T_Measured 27)

          R        1.000E+00      1.000E+12      1.000E+00  


               X_U1.R_R67 <X_U1.R_NOISELESS> (T_Current -273.15 T_Measured 27)
                              X_U1.R_R68 <X_U1.R_NOISELESS> (T_Current -273.15 T_Measured 27)
                                             X_U1.R_R69 <X_U1.R_NOISELESS> (T_Current -273.15 T_Measured 27)

          R        1.000E-03      1.000E-03      1.000E+12  


               X_U1.R_R7 <X_U1.R_NOISELESS> (T_Current -273.15 T_Measured 27)
                              X_U1.R_R70 <X_U1.R_NOISELESS> (T_Current -273.15 T_Measured 27)
                                             X_U1.R_R71 <X_U1.R_NOISELESS> (T_Current -273.15 T_Measured 27)

          R        8.332E+00      1.000E+00      1.000E-03  


               X_U1.R_R72 <X_U1.R_NOISELESS> (T_Current -273.15 T_Measured 27)
                              X_U1.R_R73 <X_U1.R_NOISELESS> (T_Current -273.15 T_Measured 27)
                                             X_U1.R_R74 <X_U1.R_NOISELESS> (T_Current -273.15 T_Measured 27)

          R        1.000E+03      1.000E-03      1.000E+03  


               X_U1.R_R75 <X_U1.R_NOISELESS> (T_Current -273.15 T_Measured 27)
                              X_U1.R_R76 <X_U1.R_NOISELESS> (T_Current -273.15 T_Measured 27)
                                             X_U1.R_R77 <X_U1.R_NOISELESS> (T_Current -273.15 T_Measured 27)

          R        1.000E-03      1.000E+03      1.000E+03  


               X_U1.R_R78 <X_U1.R_NOISELESS> (T_Current -273.15 T_Measured 27)
                              X_U1.R_R79 <X_U1.R_NOISELESS> (T_Current -273.15 T_Measured 27)
                                             X_U1.R_R8 <X_U1.R_NOISELESS> (T_Current -273.15 T_Measured 27)

          R        1.000E+00      1.000E+00      1.000E+03  


               X_U1.R_R80 <X_U1.R_NOISELESS> (T_Current -273.15 T_Measured 27)
                              X_U1.R_R81 <X_U1.R_NOISELESS> (T_Current -273.15 T_Measured 27)
                                             X_U1.R_R82 <X_U1.R_NOISELESS> (T_Current -273.15 T_Measured 27)

          R        1.000E+02      1.000E+02      1.000E+00  


               X_U1.R_R83 <X_U1.R_NOISELESS> (T_Current -273.15 T_Measured 27)
                              X_U1.R_R9 <X_U1.R_NOISELESS> (T_Current -273.15 T_Measured 27)
                                             X_U1.R_RDUMMY <X_U1.R_NOISELESS> (T_Current -273.15 T_Measured 27)

          R        1.000E+02      1.000E+08      6.858E+03  


               X_U1.R_RS_INN <X_U1.R_NOISELESS> (T_Current -273.15 T_Measured 27)
                              X_U1.R_RS_INP <X_U1.R_NOISELESS> (T_Current -273.15 T_Measured 27)
                                             X_U1.R_RX <X_U1.R_NOISELESS> (T_Current -273.15 T_Measured 27)

          R        1.000E+03      1.000E+03      6.858E+04  


               X_U1.R_RX1 <X_U1.R_NOISELESS> (T_Current -273.15 T_Measured 27)
                              X_U1.R_RX2 <X_U1.R_NOISELESS> (T_Current -273.15 T_Measured 27)
                                             X_U1.R_RX3 <X_U1.R_NOISELESS> (T_Current -273.15 T_Measured 27)

          R        1.000E+12      1.000E+02      1.000E+12  


               X_U1.R_RX4 <X_U1.R_NOISELESS> (T_Current -273.15 T_Measured 27)
                              X_U1.R_R_COM0 <X_U1.R_NOISELESS> (T_Current -273.15 T_Measured 27)
                                             X_U1.R_R_COM1 <X_U1.R_NOISELESS> (T_Current -273.15 T_Measured 27)

          R        1.000E+02      1.000E+12      1.000E+12  


               X_U1.R_R_DIFF <X_U1.R_NOISELESS> (T_Current -273.15 T_Measured 27)
                              X_U73.R_R107 <X_U73.R_NOISELESS> (T_Current -273.15 T_Measured 27)
                                             X_U73.R_R108 <X_U73.R_NOISELESS> (T_Current -273.15 T_Measured 27)

          R        1.000E+08      1.000E+00      1.000E+12  


               X_U73.R_R109 <X_U73.R_NOISELESS> (T_Current -273.15 T_Measured 27)
                              X_U73.R_R110 <X_U73.R_NOISELESS> (T_Current -273.15 T_Measured 27)
                                             X_U73.R_R111 <X_U73.R_NOISELESS> (T_Current -273.15 T_Measured 27)

          R        1.000E+00      1.000E-03      1.000E+06  


               X_U73.R_R112 <X_U73.R_NOISELESS> (T_Current -273.15 T_Measured 27)
                              X_U73.R_R113 <X_U73.R_NOISELESS> (T_Current -273.15 T_Measured 27)
                                             X_U73.R_R136 <X_U73.R_NOISELESS> (T_Current -273.15 T_Measured 27)

          R        1.000E+06      1.000E-03      1.000E+00  


               X_U73.R_R169 <X_U73.R_NOISELESS> (T_Current -273.15 T_Measured 27)
                              X_U73.R_R1A1 <X_U73.R_NOISELESS> (T_Current -273.15 T_Measured 27)
                                             X_U73.R_R1A3 <X_U73.R_NOISELESS> (T_Current -273.15 T_Measured 27)

          R        2.900E+01      1.000E+04      1.000E+04  


               X_U73.R_R1A4 <X_U73.R_NOISELESS> (T_Current -273.15 T_Measured 27)
                              X_U73.R_R2 <X_U73.R_NOISELESS> (T_Current -273.15 T_Measured 27)
                                             X_U73.R_R21 <X_U73.R_NOISELESS> (T_Current -273.15 T_Measured 27)

          R        1.000E+04      1.000E-02      1.000E+03  


               X_U73.R_R25 <X_U73.R_NOISELESS> (T_Current -273.15 T_Measured 27)
                              X_U73.R_R26 <X_U73.R_NOISELESS> (T_Current -273.15 T_Measured 27)
                                             X_U73.R_R261 <X_U73.R_NOISELESS> (T_Current -273.15 T_Measured 27)

          R        1.000E+09      1.000E+09      1.000E+00  


               X_U73.R_R27 <X_U73.R_NOISELESS> (T_Current -273.15 T_Measured 27)
                              X_U73.R_R28 <X_U73.R_NOISELESS> (T_Current -273.15 T_Measured 27)
                                             X_U73.R_R29 <X_U73.R_NOISELESS> (T_Current -273.15 T_Measured 27)

          R        1.000E+00      1.000E-03      1.000E+03  


               X_U73.R_R2A1 <X_U73.R_NOISELESS> (T_Current -273.15 T_Measured 27)
                              X_U73.R_R2A4 <X_U73.R_NOISELESS> (T_Current -273.15 T_Measured 27)
                                             X_U73.R_R2A5 <X_U73.R_NOISELESS> (T_Current -273.15 T_Measured 27)

          R        1.700E+01      2.000E+01      1.200E+01  


               X_U73.R_R3 <X_U73.R_NOISELESS> (T_Current -273.15 T_Measured 27)
                              X_U73.R_R30 <X_U73.R_NOISELESS> (T_Current -273.15 T_Measured 27)
                                             X_U73.R_R31 <X_U73.R_NOISELESS> (T_Current -273.15 T_Measured 27)

          R        2.800E+05      1.000E-03      1.000E+03  


               X_U73.R_R32 <X_U73.R_NOISELESS> (T_Current -273.15 T_Measured 27)
                              X_U73.R_R33 <X_U73.R_NOISELESS> (T_Current -273.15 T_Measured 27)
                                             X_U73.R_R34 <X_U73.R_NOISELESS> (T_Current -273.15 T_Measured 27)

          R        1.000E+03      1.000E-03      1.000E+03  


               X_U73.R_R35 <X_U73.R_NOISELESS> (T_Current -273.15 T_Measured 27)
                              X_U73.R_R36 <X_U73.R_NOISELESS> (T_Current -273.15 T_Measured 27)
                                             X_U73.R_R363 <X_U73.R_NOISELESS> (T_Current -273.15 T_Measured 27)

          R        1.000E+09      1.000E+00      1.000E+00  


               X_U73.R_R364 <X_U73.R_NOISELESS> (T_Current -273.15 T_Measured 27)
                              X_U73.R_R37 <X_U73.R_NOISELESS> (T_Current -273.15 T_Measured 27)
                                             X_U73.R_R38 <X_U73.R_NOISELESS> (T_Current -273.15 T_Measured 27)

          R        1.000E+00      1.000E-03      1.000E-03  


               X_U73.R_R39 <X_U73.R_NOISELESS> (T_Current -273.15 T_Measured 27)
                              X_U73.R_R40 <X_U73.R_NOISELESS> (T_Current -273.15 T_Measured 27)
                                             X_U73.R_R5 <X_U73.R_NOISELESS> (T_Current -273.15 T_Measured 27)

          R        1.000E+00      1.000E+09      1.000E+00  


               X_U73.R_R60 <X_U73.R_NOISELESS> (T_Current -273.15 T_Measured 27)
                              X_U73.R_R8 <X_U73.R_NOISELESS> (T_Current -273.15 T_Measured 27)
                                             X_U73.R_R81 <X_U73.R_NOISELESS> (T_Current -273.15 T_Measured 27)

          R        3.700E+04      1.000E+03      1.000E+09  


               X_U73.R_R83 <X_U73.R_NOISELESS> (T_Current -273.15 T_Measured 27)
                              X_U73.R_R9 <X_U73.R_NOISELESS> (T_Current -273.15 T_Measured 27)
                                             X_U73.R_R_VIMON <X_U73.R_NOISELESS> (T_Current -273.15 T_Measured 27)

          R        1.000E+09      1.000E-03      1.000E+02  


               X_U73.R_R_VOUT_S <X_U73.R_NOISELESS> (T_Current -273.15 T_Measured 27)

          R        1.000E+02  



**** 04/05/25 22:08:30 *** PSpice 24.1.0 (26 February 2025) *** ID# 0 ********

 ** Profile: "SCHEMATIC1-asdfa"  [ c:\users\user\appdata\roaming\spb_data\cdssetup\workspace\projects\tiaopa695\TIAOPA695-PSpiceFiles


 ****     INITIAL TRANSIENT SOLUTION       TEMPERATURE =   27.000 DEG C

 ****     CURRENT STEP                     PARAM IVAR =    5.7300E-03


******************************************************************************



 NODE   VOLTAGE     NODE   VOLTAGE     NODE   VOLTAGE     NODE   VOLTAGE


(  VCC)    5.0000  (  VEE)   -5.0000  (N1113089)    3.8997                      

(N1113125)    3.9059                  (N1113485)    3.9010                      

(N1113565)    5.0000                  (N1113637)    1.9901                      

(N1113647)    3.9027                  (N1113661)    3.3016                      

(N1113879)   -5.0000                  (N1114737)     .0070                      

(N1114747)     .0070                  (N1114761)     .0168                      

(N1114963)     .0168                  (N1114991)-260.0E-06                      

(X_U1.MID)-423.5E-18                  (X_U1.V11)-4.676E-09                      

(X_U1.V12)     .6872                  (X_U76.ZO)    3.9059                      

(X_U1.ESDN)    2.3782                 (X_U1.ESDP)    2.9136                     

(X_U1.VCLP)    3.9562                 (X_U73.AOL)     .0168                     

(X_U73.MID)-211.8E-18                 (X_U76.MID)    2.5000                     

(X_U1.CLAMP)    6.6228                (X_U1.VCC_B)    5.0000                    

(X_U1.VEE_B)   -5.0000                (X_U1.VIMON)    9.5755                    

(X_U73.CMRR)-482.6E-09                (X_U76.CMRR)    2.5000                    

(X_U76.ESDN)    3.8997                (X_U76.ESDP)    3.9010                    

(X_U1.VOUT_S)    3.9027               (X_U1.VSENSE)    6.6228                   

(X_U1.X_U1.3)    0.0000               (X_U1.X_U1.4)    0.0000                   

(X_U1.X_U1.5)    0.0000               (X_U1.X_U1.6)    0.0000                   

(X_U1.X_U1.7)     .8338               (X_U1.X_U1.8)     .8338                   

(X_U73.CLAMP)     .0168               (X_U73.VCC_B)    5.0000                   

(X_U73.VEE_B)   -5.0000               (X_U73.VIMON)     .0198                   

(X_U76.CLAMP)    4.1283               (X_U76.PSRRN)    2.5002                   

(X_U76.PSRRP)    2.5001               (X_U76.VCC_B)    5.0000                   

(X_U76.VEE_B) 2.501E-06               (X_U76.VIMON)    2.5124                   

(X_U1.VCC_CLP)    3.9000              (X_U1.VEE_CLP)   -4.8260                  

(X_U1.X_U39.3)    0.0000              (X_U1.X_U39.4)    0.0000                  

(X_U1.X_U39.5)    0.0000              (X_U1.X_U39.6)    0.0000                  

(X_U1.X_U39.7)     .8338              (X_U1.X_U39.8)     .8338                  

(X_U1.X_U40.3)    0.0000              (X_U1.X_U40.4)    0.0000                  

(X_U1.X_U40.5)    0.0000              (X_U1.X_U40.6)    0.0000                  

(X_U1.X_U40.7)     .8338              (X_U1.X_U40.8)     .8338                  

(X_U73.AOLNET)    -.0168              (X_U73.N05102)     .0070                  

(X_U73.N06456)-260.0E-06              (X_U73.N10561)    -.0070                  

(X_U73.N10570)    -.0070              (X_U73.N11984)    -.0070                  

(X_U73.N25816)     .0070              (X_U73.N28602)   -3.3000                  

(X_U73.N30136)    3.3000              (X_U73.N30913)     .0070                  

(X_U73.N31014)     .0070              (X_U73.N35669)    4.1998                  

(X_U73.N35813)    4.1998              (X_U73.N38050)   -4.2000                  

(X_U73.N38096)   -4.2000              (X_U73.N42663)-211.8E-18                  

(X_U73.N42834)-211.8E-18              (X_U73.N44757)-211.8E-18                  

(X_U73.N44799)-211.8E-18              (X_U73.VOUT_S)     .0168                  

(X_U76.AOLNET)    2.4992              (X_U76.N06456)    3.9010                  

(X_U76.N10561)    3.9006              (X_U76.N10570)    3.9006                  

(X_U76.N11984)    3.9006              (X_U76.N11991)    3.8997                  

(X_U76.N25816)    3.9005              (X_U76.N28602)    1.1000                  

(X_U76.N30136)    4.6000              (X_U76.N30913)    3.9005                  

(X_U76.N31014)    3.9005              (X_U76.N35675)    4.2118                  

(X_U76.N35813)    4.2118              (X_U76.N38050)    1.0201                  

(X_U76.N38096)    1.0201              (X_U76.VOUT_S)    3.9059                  

(X_U76.X_U1.3)    0.0000              (X_U76.X_U1.4)    0.0000                  

(X_U76.X_U1.5)    0.0000              (X_U76.X_U1.6)    0.0000                  

(X_U76.X_U1.7)     .8338              (X_U76.X_U1.8)     .8338                  

(X_U1.CL_CLAMP)    3.9562             (X_U1.N2986935)    2.9136                 

(X_U1.N2986947) 291.4E-09             (X_U1.N2986949)    2.9136                 

(X_U1.N2986957)    2.9136             (X_U1.N2986973)-1.581E-06                 

(X_U1.N2986975) 1.581E-06             (X_U1.N2986977)    2.9136                 

(X_U1.N2986981)    2.9136             (X_U1.N2987013)    2.3782                 

(X_U1.N2987017)    3.0000             (X_U1.N2987029)   -3.0000                 

(X_U1.N2987037)    2.9136             (X_U1.N2987051)    2.9136                 

(X_U1.N2987061)   53.5400             (X_U1.N2987123)     .0027                 

(X_U1.N2987135)     .0027             (X_U1.N2987157)-423.5E-18                 

(X_U1.N2987159)-423.5E-18             (X_U1.N2987201)   35.0000                 

(X_U1.N2987203)-423.5E-18             (X_U1.N2987205)-423.5E-18                 

(X_U1.N2987225)-423.5E-18             (X_U1.N2987231)-423.5E-18                 

(X_U1.N2987243)  -35.0000             (X_U1.N2987295)   75.0000                 

(X_U1.N2987299)-423.5E-18             (X_U1.N2987301)-423.5E-18                 

(X_U1.N2987319)-423.5E-18             (X_U1.N2987325)-423.5E-18                 

(X_U1.N2987337)  -75.0000             (X_U1.N2987363)    6.6228                 

(X_U1.N2987391)    3.9000             (X_U1.N2987395)   -4.8260                 

(X_U1.N2987423)   -4.8260             (X_U1.N2987427)    3.9000                 

(X_U1.N2987487)-4.676E-09             (X_U1.N2987493)     .6872                 

(X_U1.N2987499)    1.0000             (X_U1.N2987541)    9.5755                 

(X_U1.N2987553)    3.9027             (X_U1.N2987623)    3.9027                 

(X_U1.N2987655)    1.9562             (X_U1.N2987675)    6.6134                 

(X_U1.N2987683)    1.9562             (X_U1.N2987687)    1.9562                 

(X_U1.N2987711)    6.6134             (X_U1.N2987719)    5.9262                 

(X_U1.N2987763)-423.5E-18             (X_U1.N2987785)    5.0000                 

(X_U1.N2987801)   -5.0000             (X_U1.N3108745)   16.5560                 

(X_U1.N3108755)    6.6244             (X_U1.N3108879)    6.6228                 

(X_U1.N3108917)    6.6244             (X_U1.N3108949)    6.6243                 

(X_U1.N3109015)    6.6243             (X_U1.N3116457)    3.9562                 

(X_U1.N3116503)  365.8100             (X_U1.N3116515)  365.8100                 

(X_U1.N3116609)  699.7200             (X_U1.N3116619)  260.5800                 

(X_U1.N3116655)  699.6500             (X_U1.N3116665)     .5315                 

(X_U1.N3116675)  699.7200             (X_U1.N3116685)  699.7200                 

(X_U1.N3116957)  699.6400             (X_U1.N3117239)  699.7200                 

(X_U1.N3126023)    3.4971             (X_U1.N3128929)   -4.7434                 

(X_U1.N3130349) 1.581E-06             (X_U1.N3130359)     .0048                 

(X_U1.N3202117)  699.7200             (X_U1.N3202127)  699.7200                 

(X_U1.N3202213)  699.7200             (X_U1.N3204124)  699.7200                 

(X_U1.N3204134)  699.7200             (X_U1.N3204220)  699.7200                 

(X_U1.N3205032)  699.7200             (X_U1.N3205042)  699.7200                 

(X_U1.N3205128)  699.7200             (X_U1.N3205956)  699.7200                 

(X_U1.N3205966)  699.7200             (X_U1.N3206052)  699.7200                 

(X_U1.N3206890)  699.7200             (X_U1.N3206900)  699.7200                 

(X_U1.N3206986)  699.7200             (X_U1.N3208573)  699.7200                 

(X_U1.N3208669)  699.7200             (X_U1.N3236810) 1.581E-09                 

(X_U1.N3236820) 1.581E-06             (X_U73.N110431)     .0198                 

(X_U73.N112292)     .0168             (X_U73.N317950)-211.8E-18                 

(X_U73.N406634)    5.0000             (X_U73.N406794)   -5.0000                 

(X_U73.N701935)-241.8E-06             (X_U73.N704979)   -6.4993                 

(X_U73.N705005)    -.0078             (X_U73.N709083)    3.6601                 

(X_U73.N709113)     .0062             (X_U73.N749288)    -.0070                 

(X_U73.VCC_CLP)    4.1998             (X_U73.VEE_CLP)   -4.2000                 

(X_U73.X_E_N.3)    0.0000             (X_U73.X_E_N.4)    0.0000                 

(X_U73.X_E_N.5)    0.0000             (X_U73.X_E_N.6)    0.0000                 

(X_U73.X_E_N.7)     .8338             (X_U73.X_E_N.8)     .8338                 

(X_U76.N110431)    2.5124             (X_U76.N112292)    3.9059                 

(X_U76.N317950)    2.5000             (X_U76.N406634)    5.0000                 

(X_U76.N406794) 2.504E-06             (X_U76.N749288)    3.9006                 

(X_U76.VCC_CLP)    4.2118             (X_U76.VEE_CLP)    1.0201                 

(X_U76.X_E_N.3)    0.0000             (X_U76.X_E_N.4)    0.0000                 

(X_U76.X_E_N.5)    0.0000             (X_U76.X_E_N.6)    0.0000                 

(X_U76.X_E_N.7)     .8338             (X_U76.X_E_N.8)     .8338                 

(X_U1.N32898091)  699.7200            (X_U73.N1327152)     .0070                

(X_U73.X_I_NP.3)    0.0000            (X_U73.X_I_NP.4)    0.0000                

(X_U73.X_I_NP.5)    0.0000            (X_U73.X_I_NP.6)    0.0000                

(X_U73.X_I_NP.7)     .8338            (X_U73.X_I_NP.8)     .8338                

(X_U76.N1254860)   17.9820            (X_U76.N1446199)    4.0758                

(X_U76.N1446217)    4.0758            (X_U76.N1461236)    2.3361                

(X_U76.N1461246)    2.5000            (X_U76.N1461252)    2.5046                

(X_U76.N1481243)     .7102            (X_U76.N1481253)    2.4999                

(X_U76.N1481259)    2.5005            (X_U76.N1483677)    6.4446                

(X_U76.N1483687)    2.5002            (X_U76.N1483693)    2.4954                

(X_U76.N1483703)    2.4998            (X_U76.N1483713)    2.5046                

(X_U76.N1490067)    2.5001            (X_U76.N1492098)    2.7548                

(X_U76.N1492108)    2.6699            (X_U76.N1492118)    2.6699                

(X_U76.N1492126)    2.6699            (X_U76.N1492376)    2.6699                

(X_U76.N1534615)    6.8373            (X_U76.N1534625)    2.6519                

(X_U76.N1534635)    2.6519            (X_U76.N1534645)    2.6519                

(X_U76.N1534887)    2.6519            (X_U76.N1541593)    6.3796                

(X_U76.N1541603)    2.6359            (X_U1.CLAW_CLAMP)    3.9562               

(X_U73.X_I_NP2.3)    0.0000           (X_U73.X_I_NP2.4)    0.0000               

(X_U73.X_I_NP2.5)    0.0000           (X_U73.X_I_NP2.6)    0.0000               

(X_U73.X_I_NP2.7)     .8338           (X_U73.X_I_NP2.8)     .8338               

(X_U76.X_I_NP1.3)    0.0000           (X_U76.X_I_NP1.4)    0.0000               

(X_U76.X_I_NP1.5)    0.0000           (X_U76.X_I_NP1.6)    0.0000               

(X_U76.X_I_NP1.7)     .8338           (X_U76.X_I_NP1.8)     .8338               

(X_U1.SW_OL_OPAx277)    1.0000        (X_U73.X_VOS_VS_VCM.1)    -.0070          

(X_U76.X_VOS_VS_VCM.1)    3.9006      




    VOLTAGE SOURCE CURRENTS
    NAME         CURRENT

    V_V2        -1.369E-02
    V_V6        -4.612E-04
    V_V5        -8.492E-04
    V_V1        -4.081E-02
    X_U76.V_VCM_MAX  -2.100E-09
    X_U76.V_VCM_MIN   1.400E-09
    X_U1.V_VCM_MAX  -3.001E-12
    X_U1.V_VCM_MIN   3.001E-12
    X_U1.V_V_GRN   7.500E-11
    X_U1.V_V_GRP  -7.500E-11
    X_U1.V_V_ISCN   3.500E-11
    X_U1.V_V_ISCP  -3.500E-11
    X_U1.V_V_ORN   0.000E+00
    X_U1.V_V_ORP   0.000E+00
    X_U73.V_VCM_MAX  -3.300E-09
    X_U73.V_VCM_MIN   3.300E-09
    X_U76.X_H3.VH_H3  -1.245E-05
    X_U76.X_VOS_VS_VCM.V1   4.097E-13
    X_U1.X_H1.VH_H1   9.576E-03
    X_U1.X_H2.VH_H2   6.872E-01
    X_U1.X_H3.VH_H3   4.676E-09
    X_U73.X_H3.VH_H3  -1.980E-05
    X_U73.X_VOS_VS_VCM.V1  -9.661E-17

    TOTAL POWER DISSIPATION   2.79E-01  WATTS



          JOB CONCLUDED

**** 04/05/25 22:08:30 *** PSpice 24.1.0 (26 February 2025) *** ID# 0 ********

 ** Profile: "SCHEMATIC1-asdfa"  [ c:\users\user\appdata\roaming\spb_data\cdssetup\workspace\projects\tiaopa695\TIAOPA695-PSpiceFiles


 ****     JOB STATISTICS SUMMARY

 ****     CURRENT STEP                     PARAM IVAR =    5.7300E-03


******************************************************************************



  Total job time (using Solver 1)   =        6.13
