ISO-10303-21;
HEADER;
FILE_DESCRIPTION (( 'STEP AP214' ),
    '1' );
FILE_NAME ('CCS_CCSTDNOS_0805_L2.2W1.45T0.95B0.7.STEP',
    '2021-03-04T22:08:57',
    ( '' ),
    ( '' ),
    'SwSTEP 2.0',
    'SolidWorks 2014',
    '' );
FILE_SCHEMA (( 'AUTOMOTIVE_DESIGN' ));
ENDSEC;

DATA;
#1 =( LENGTH_UNIT ( ) NAMED_UNIT ( * ) SI_UNIT ( .MILLI., .METRE. ) );
#2 = CARTESIAN_POINT ( 'NONE',  ( 1.185949315502146600, 0.9248400000000001100, -0.7585667053626864400 ) ) ;
#3 = SURFACE_SIDE_STYLE ('',( #969 ) ) ;
#4 = EDGE_CURVE ( 'NONE', #3548, #2241, #745, .T. ) ;
#5 =( GEOMETRIC_REPRESENTATION_CONTEXT ( 3 ) GLOBAL_UNCERTAINTY_ASSIGNED_CONTEXT ( ( #3009 ) ) GLOBAL_UNIT_ASSIGNED_CONTEXT ( ( #1514, #2896, #3896 ) ) REPRESENTATION_CONTEXT ( 'NONE', 'WORKASPACE' ) );
#6 = ORIENTED_EDGE ( 'NONE', *, *, #1997, .T. ) ;
#7 = SURFACE_SIDE_STYLE ('',( #1144 ) ) ;
#8 = EDGE_LOOP ( 'NONE', ( #1871, #2154, #786, #900 ) ) ;
#9 = DIRECTION ( 'NONE',  ( 1.000000000000000000, 0.0000000000000000000, -0.0000000000000000000 ) ) ;
#10 = EDGE_LOOP ( 'NONE', ( #3474, #3206, #4316, #3039 ) ) ;
#11 = STYLED_ITEM ( 'NONE', ( #1911 ), #4141 ) ;
#12 = CARTESIAN_POINT ( 'NONE',  ( 1.501322662047238200, 0.03899365947941345300, -1.411006340520586400 ) ) ;
#13 = EDGE_CURVE ( 'NONE', #299, #577, #1934, .T. ) ;
#14 = VERTEX_POINT ( 'NONE', #2 ) ;
#15 = CARTESIAN_POINT ( 'NONE',  ( 1.230278812203394500, 0.9248400000000001100, -0.7749822147078639900 ) ) ;
#17 = ORIENTED_EDGE ( 'NONE', *, *, #1727, .F. ) ;
#16 = EDGE_CURVE ( 'NONE', #1009, #1466, #3908, .T. ) ;
#18 = CARTESIAN_POINT ( 'NONE',  ( 0.6989301805618689500, 0.03816825888768462400, -0.03981906007100165200 ) ) ;
#19 = LINE ( 'NONE', #2700, #2664 ) ;
#20 = ORIENTED_EDGE ( 'NONE', *, *, #996, .F. ) ;
#21 = LINE ( 'NONE', #3355, #3868 ) ;
#22 =( LENGTH_UNIT ( ) NAMED_UNIT ( * ) SI_UNIT ( .MILLI., .METRE. ) );
#23 = DIRECTION ( 'NONE',  ( 0.0000000000000000000, 0.0000000000000000000, 1.000000000000000000 ) ) ;
#24 = FILL_AREA_STYLE ('',( #3531 ) ) ;
#25 = ORIENTED_EDGE ( 'NONE', *, *, #2385, .T. ) ;
#26 = VECTOR ( 'NONE', #1864, 1000.000000000000000 ) ;
#27 = AXIS2_PLACEMENT_3D ( 'NONE', #4128, #1010, #4144 ) ;
#28 = CARTESIAN_POINT ( 'NONE',  ( 1.500046268899097600, 0.05042334500700655600, -0.03182996981486883200 ) ) ;
#29 = VERTEX_POINT ( 'NONE', #2805 ) ;
#30 =( NAMED_UNIT ( * ) PLANE_ANGLE_UNIT ( ) SI_UNIT ( $, .RADIAN. ) );
#31 = CYLINDRICAL_SURFACE ( 'NONE', #119, 0.03015999999999999600 ) ;
#32 = DIRECTION ( 'NONE',  ( 0.2759782365590801000, 0.0000000000000000000, -0.9611638845408936300 ) ) ;
#33 = MECHANICAL_DESIGN_GEOMETRIC_PRESENTATION_REPRESENTATION (  '', ( #3239 ), #836 ) ;
#34 = ORIENTED_EDGE ( 'NONE', *, *, #4148, .F. ) ;
#35 =( NAMED_UNIT ( * ) PLANE_ANGLE_UNIT ( ) SI_UNIT ( $, .RADIAN. ) );
#36 = VECTOR ( 'NONE', #4111, 1000.000000000000000 ) ;
#37 = FILL_AREA_STYLE ('',( #1270 ) ) ;
#38 = CARTESIAN_POINT ( 'NONE',  ( 1.334848215072952100, 0.9248400000000001100, -0.6876089300856994500 ) ) ;
#39 = LINE ( 'NONE', #2643, #3508 ) ;
#40 = DIRECTION ( 'NONE',  ( 0.0000000000000000000, 0.0000000000000000000, -1.000000000000000000 ) ) ;
#41 = VERTEX_POINT ( 'NONE', #2498 ) ;
#42 = CYLINDRICAL_SURFACE ( 'NONE', #4143, 0.03015999999999999900 ) ;
#43 = CARTESIAN_POINT ( 'NONE',  ( 2.200000000000000200, 0.9198399999999999900, -1.419840000000000000 ) ) ;
#44 = LINE ( 'NONE', #3740, #2250 ) ;
#45 = EDGE_CURVE ( 'NONE', #3225, #4555, #4507, .T. ) ;
#46 =( NAMED_UNIT ( * ) PLANE_ANGLE_UNIT ( ) SI_UNIT ( $, .RADIAN. ) );
#47 = STYLED_ITEM ( 'NONE', ( #3846 ), #3387 ) ;
#48 = FACE_OUTER_BOUND ( 'NONE', #3640, .T. ) ;
#49 = CARTESIAN_POINT ( 'NONE',  ( 1.367238987383888800, 0.9248400000000001100, -0.6192949999999999300 ) ) ;
#50 = LINE ( 'NONE', #1590, #1264 ) ;
#51 = FILL_AREA_STYLE ('',( #4266 ) ) ;
#52 = EDGE_CURVE ( 'NONE', #2207, #4267, #3751, .T. ) ;
#53 = CARTESIAN_POINT ( 'NONE',  ( 0.6999537311009020900, 0.03182996981486904700, -0.05042334500700622300 ) ) ;
#54 = LINE ( 'NONE', #1788, #2437 ) ;
#55 = CARTESIAN_POINT ( 'NONE',  ( 0.7040000000000000700, 0.9248400000000001100, -0.6192949999999999300 ) ) ;
#56 = PRESENTATION_LAYER_ASSIGNMENT (  '', '', ( #3507 ) ) ;
#57 = CARTESIAN_POINT ( 'NONE',  ( 0.7930713101726921700, 0.9248400000000001100, -0.7749822147078639900 ) ) ;
#58 = CARTESIAN_POINT ( 'NONE',  ( 1.501069819438130700, 0.03816825888768468600, -1.410180939928998200 ) ) ;
#59 = AXIS2_PLACEMENT_3D ( 'NONE', #3979, #504, #3586 ) ;
#60 = CARTESIAN_POINT ( 'NONE',  ( 1.367238987383888800, 0.9248400000000001100, -0.6192949999999999300 ) ) ;
#61 = ORIENTED_EDGE ( 'NONE', *, *, #2720, .T. ) ;
#62 = CARTESIAN_POINT ( 'NONE',  ( 0.7000146003005065500, 0.03073234595790093300, -0.05358313352535719300 ) ) ;
#63 = EDGE_CURVE ( 'NONE', #4463, #2943, #2227, .T. ) ;
#64 =( NAMED_UNIT ( * ) PLANE_ANGLE_UNIT ( ) SI_UNIT ( $, .RADIAN. ) );
#65 = SURFACE_STYLE_FILL_AREA ( #51 ) ;
#66 = ORIENTED_EDGE ( 'NONE', *, *, #1078, .F. ) ;
#67 = ADVANCED_FACE ( 'NONE', ( #2979 ), #394, .F. ) ;
#68 =( GEOMETRIC_REPRESENTATION_CONTEXT ( 3 ) GLOBAL_UNCERTAINTY_ASSIGNED_CONTEXT ( ( #4380 ) ) GLOBAL_UNIT_ASSIGNED_CONTEXT ( ( #418, #388, #794 ) ) REPRESENTATION_CONTEXT ( 'NONE', 'WORKASPACE' ) );
#69 = CARTESIAN_POINT ( 'NONE',  ( 1.500107203367576400, 0.9170712293671747800, -0.04726016830809431200 ) ) ;
#70 = ORIENTED_EDGE ( 'NONE', *, *, #619, .F. ) ;
#71 = LINE ( 'NONE', #3909, #3479 ) ;
#72 = CARTESIAN_POINT ( 'NONE',  ( 1.499999999999999600, 0.9198399999999998800, -1.389680000000000200 ) ) ;
#73 = VERTEX_POINT ( 'NONE', #383 ) ;
#74 = EDGE_CURVE ( 'NONE', #3538, #1408, #54, .T. ) ;
#75 = VECTOR ( 'NONE', #3240, 1000.000000000000000 ) ;
#76 = DIRECTION ( 'NONE',  ( 1.000000000000000000, 0.0000000000000000000, 0.0000000000000000000 ) ) ;
#77 = UNCERTAINTY_MEASURE_WITH_UNIT (LENGTH_MEASURE( 1.000000000000000100E-005 ), #4422, 'distance_accuracy_value', 'NONE');
#78 = ORIENTED_EDGE ( 'NONE', *, *, #2934, .F. ) ;
#79 = ORIENTED_EDGE ( 'NONE', *, *, #648, .F. ) ;
#80 =( NAMED_UNIT ( * ) PLANE_ANGLE_UNIT ( ) SI_UNIT ( $, .RADIAN. ) );
#81 = STYLED_ITEM ( 'NONE', ( #1147 ), #295 ) ;
#82 = DIRECTION ( 'NONE',  ( 0.9611542233438681300, 0.0000000000000000000, 0.2760118818968593800 ) ) ;
#83 = ORIENTED_EDGE ( 'NONE', *, *, #1197, .T. ) ;
#84 = CARTESIAN_POINT ( 'NONE',  ( 1.499985399699493200, 0.8964168664746422500, -1.419267654042099200 ) ) ;
#85 = LINE ( 'NONE', #791, #804 ) ;
#86 = CARTESIAN_POINT ( 'NONE',  ( 1.500444151710231600, 0.9138742232527988800, -0.03612577674720112600 ) ) ;
#87 = SURFACE_STYLE_FILL_AREA ( #2508 ) ;
#88 = ORIENTED_EDGE ( 'NONE', *, *, #3222, .T. ) ;
#89 = LINE ( 'NONE', #2136, #4529 ) ;
#90 = PRESENTATION_LAYER_ASSIGNMENT (  '', '', ( #3615 ) ) ;
#91 = PRESENTATION_STYLE_ASSIGNMENT (( #4406 ) ) ;
#92 = CARTESIAN_POINT ( 'NONE',  ( 0.9350013053612564700, 0.9248400000000001100, -0.6876089300860261900 ) ) ;
#93 = VECTOR ( 'NONE', #179, 1000.000000000000000 ) ;
#94 = DIRECTION ( 'NONE',  ( 0.0000000000000000000, 0.0000000000000000000, -1.000000000000000000 ) ) ;
#95 = ORIENTED_EDGE ( 'NONE', *, *, #1222, .F. ) ;
#96 = FACE_OUTER_BOUND ( 'NONE', #3651, .T. ) ;
#97 = LINE ( 'NONE', #181, #1964 ) ;
#98 =( GEOMETRIC_REPRESENTATION_CONTEXT ( 3 ) GLOBAL_UNCERTAINTY_ASSIGNED_CONTEXT ( ( #4291 ) ) GLOBAL_UNIT_ASSIGNED_CONTEXT ( ( #2566, #2538, #759 ) ) REPRESENTATION_CONTEXT ( 'NONE', 'WORKASPACE' ) );
#99 = ORIENTED_EDGE ( 'NONE', *, *, #3079, .T. ) ;
#100 = CARTESIAN_POINT ( 'NONE',  ( 1.204254097212066600, 0.9248400000000001100, -0.6192949999999999300 ) ) ;
#101 = CARTESIAN_POINT ( 'NONE',  ( 0.6698400000000001000, 0.9198399999999999900, -1.419840000000000000 ) ) ;
#102 = VECTOR ( 'NONE', #2589, 1000.000000000000200 ) ;
#103 = DIRECTION ( 'NONE',  ( -0.0000000000000000000, 1.000000000000000000, -0.0000000000000000000 ) ) ;
#104 = AXIS2_PLACEMENT_3D ( 'NONE', #2614, #3323, #3724 ) ;
#105 = CARTESIAN_POINT ( 'NONE',  ( 2.169840000000000200, 0.03015999999999999900, -1.450000000000000000 ) ) ;
#106 = PLANE ( 'NONE',  #2514 ) ;
#107 = CARTESIAN_POINT ( 'NONE',  ( 1.499999999999999600, 0.9198399999999998800, -1.450000000000000000 ) ) ;
#108 = SURFACE_STYLE_USAGE ( .BOTH. , #2167 ) ;
#109 = EDGE_CURVE ( 'NONE', #2500, #737, #3681, .T. ) ;
#110 = MANIFOLD_SOLID_BREP ( 'Scale1[2]', #307 ) ;
#111 = SURFACE_SIDE_STYLE ('',( #2101 ) ) ;
#112 = FILL_AREA_STYLE_COLOUR ( '', #2781 ) ;
#113 = CARTESIAN_POINT ( 'NONE',  ( 1.257000347270177800, 0.9248400000000001100, -0.6489202676364155300 ) ) ;
#114 =( GEOMETRIC_REPRESENTATION_CONTEXT ( 3 ) GLOBAL_UNCERTAINTY_ASSIGNED_CONTEXT ( ( #823 ) ) GLOBAL_UNIT_ASSIGNED_CONTEXT ( ( #2527, #2161, #1429 ) ) REPRESENTATION_CONTEXT ( 'NONE', 'WORKASPACE' ) );
#115 = EDGE_LOOP ( 'NONE', ( #3422, #2390, #4232, #1240 ) ) ;
#116 = DIRECTION ( 'NONE',  ( 0.0000000000000000000, 0.0000000000000000000, 1.000000000000000000 ) ) ;
#117 = DIRECTION ( 'NONE',  ( -0.2793947940878428500, 0.0000000000000000000, 0.9601763114327555000 ) ) ;
#118 = CARTESIAN_POINT ( 'NONE',  ( 1.356027379594250100, 0.9248400000000001100, -0.7451420310967530300 ) ) ;
#119 = AXIS2_PLACEMENT_3D ( 'NONE', #2086, #375, #2822 ) ;
#120 = ORIENTED_EDGE ( 'NONE', *, *, #1952, .T. ) ;
#121 = FILL_AREA_STYLE_COLOUR ( '', #2499 ) ;
#122 = EDGE_CURVE ( 'NONE', #3218, #4298, #4432, .T. ) ;
#123 = ORIENTED_EDGE ( 'NONE', *, *, #902, .F. ) ;
#124 = PLANE ( 'NONE',  #890 ) ;
#125 = ORIENTED_EDGE ( 'NONE', *, *, #376, .F. ) ;
#126 = VERTEX_POINT ( 'NONE', #2203 ) ;
#127 = VECTOR ( 'NONE', #1280, 1000.000000000000000 ) ;
#128 = VERTEX_POINT ( 'NONE', #2533 ) ;
#129 = VECTOR ( 'NONE', #931, 1000.000000000000100 ) ;
#130 = SURFACE_SIDE_STYLE ('',( #267 ) ) ;
#131 = CARTESIAN_POINT ( 'NONE',  ( 0.03015999999999999600, 0.9198399999999999900, 0.0000000000000000000 ) ) ;
#132 = CARTESIAN_POINT ( 'NONE',  ( -0.0001460746893406717300, 0.9198399999999998800, -0.09573588915504364900 ) ) ;
#133 = UNCERTAINTY_MEASURE_WITH_UNIT (LENGTH_MEASURE( 1.000000000000000100E-005 ), #2116, 'distance_accuracy_value', 'NONE');
#135 = ORIENTED_EDGE ( 'NONE', *, *, #1149, .T. ) ;
#134 = EDGE_CURVE ( 'NONE', #3538, #2612, #153, .T. ) ;
#136 = CARTESIAN_POINT ( 'NONE',  ( 2.169840000000000200, 0.9198399999999999900, -1.419840000000000000 ) ) ;
#137 = VECTOR ( 'NONE', #3300, 1000.000000000000100 ) ;
#138 = SURFACE_STYLE_USAGE ( .BOTH. , #2965 ) ;
#139 = FACE_OUTER_BOUND ( 'NONE', #3050, .T. ) ;
#140 = ORIENTED_EDGE ( 'NONE', *, *, #3304, .F. ) ;
#141 = FILL_AREA_STYLE_COLOUR ( '', #2988 ) ;
#142 = PRESENTATION_STYLE_ASSIGNMENT (( #743 ) ) ;
#143 = DIRECTION ( 'NONE',  ( 0.0000000000000000000, -1.000000000000000000, 0.0000000000000000000 ) ) ;
#144 =( GEOMETRIC_REPRESENTATION_CONTEXT ( 3 ) GLOBAL_UNCERTAINTY_ASSIGNED_CONTEXT ( ( #4347 ) ) GLOBAL_UNIT_ASSIGNED_CONTEXT ( ( #2695, #1659, #202 ) ) REPRESENTATION_CONTEXT ( 'NONE', 'WORKASPACE' ) );
#145 = ORIENTED_EDGE ( 'NONE', *, *, #2053, .F. ) ;
#146 = FACE_OUTER_BOUND ( 'NONE', #839, .T. ) ;
#147 = SURFACE_SIDE_STYLE ('',( #2286 ) ) ;
#148 = LINE ( 'NONE', #4363, #3775 ) ;
#149 = FACE_OUTER_BOUND ( 'NONE', #1752, .T. ) ;
#150 = CARTESIAN_POINT ( 'NONE',  ( 0.7000000000000001800, 0.8896800000000000300, -1.419840000000000400 ) ) ;
#151 = SURFACE_STYLE_USAGE ( .BOTH. , #4343 ) ;
#152 = ORIENTED_EDGE ( 'NONE', *, *, #1867, .T. ) ;
#153 = CIRCLE ( 'NONE', #3231, 0.03015999999999999600 ) ;
#154 = COLOUR_RGB ( '',0.7686274509803920900, 0.7686274509803920900, 0.7686274509803920900 ) ;
#155 = CARTESIAN_POINT ( 'NONE',  ( 0.03015999999999999600, 0.0000000000000000000, -0.03015999999999999900 ) ) ;
#156 = DIRECTION ( 'NONE',  ( -1.000000000000000000, 0.0000000000000000000, 0.0000000000000000000 ) ) ;
#157 = LINE ( 'NONE', #4279, #2738 ) ;
#158 = CARTESIAN_POINT ( 'NONE',  ( 1.001814610692253400, 0.9248400000000001100, -0.6876089300860261900 ) ) ;
#159 = ADVANCED_FACE ( 'NONE', ( #601 ), #1042, .T. ) ;
#160 = EDGE_CURVE ( 'NONE', #4246, #470, #2907, .T. ) ;
#161 = AXIS2_PLACEMENT_3D ( 'NONE', #933, #1606, #599 ) ;
#162 = DIRECTION ( 'NONE',  ( -0.2793947940814949200, 0.0000000000000000000, 0.9601763114346026900 ) ) ;
#163 = SURFACE_STYLE_USAGE ( .BOTH. , #3634 ) ;
#164 = ADVANCED_FACE ( 'NONE', ( #1914 ), #1822, .T. ) ;
#165 = LINE ( 'NONE', #337, #1541 ) ;
#166 =( NAMED_UNIT ( * ) SI_UNIT ( $, .STERADIAN. ) SOLID_ANGLE_UNIT ( ) );
#167 = PRESENTATION_LAYER_ASSIGNMENT (  '', '', ( #4182 ) ) ;
#168 = EDGE_CURVE ( 'NONE', #653, #3899, #2955, .T. ) ;
#169 = SURFACE_STYLE_USAGE ( .BOTH. , #130 ) ;
#170 = CARTESIAN_POINT ( 'NONE',  ( 1.530159999999999500, 0.9198399999999999900, -1.419840000000000000 ) ) ;
#171 = CARTESIAN_POINT ( 'NONE',  ( 1.530159999999999500, 0.9198399999999999900, -1.450000000000000000 ) ) ;
#172 = ORIENTED_EDGE ( 'NONE', *, *, #3333, .F. ) ;
#173 =( NAMED_UNIT ( * ) SI_UNIT ( $, .STERADIAN. ) SOLID_ANGLE_UNIT ( ) );
#174 = EDGE_CURVE ( 'NONE', #903, #3963, #1421, .T. ) ;
#175 = CARTESIAN_POINT ( 'NONE',  ( 1.343068987783590400, 0.9248400000000001100, -0.7163849482553281700 ) ) ;
#176 = CARTESIAN_POINT ( 'NONE',  ( 0.7930713101726921700, 0.9198400000000001000, -0.7749822147078639900 ) ) ;
#177 =( GEOMETRIC_REPRESENTATION_CONTEXT ( 3 ) GLOBAL_UNCERTAINTY_ASSIGNED_CONTEXT ( ( #3948 ) ) GLOBAL_UNIT_ASSIGNED_CONTEXT ( ( #3068, #3391, #3711 ) ) REPRESENTATION_CONTEXT ( 'NONE', 'WORKASPACE' ) );
#178 = ORIENTED_EDGE ( 'NONE', *, *, #2235, .T. ) ;
#179 = DIRECTION ( 'NONE',  ( -1.000000000000000000, -1.355252715606881500E-016, -0.0000000000000000000 ) ) ;
#180 = VECTOR ( 'NONE', #143, 1000.000000000000000 ) ;
#181 = CARTESIAN_POINT ( 'NONE',  ( 1.411588366179693700, 0.9198400000000001000, -0.6192949999999999300 ) ) ;
#182 = ORIENTED_EDGE ( 'NONE', *, *, #1634, .T. ) ;
#183 = VERTEX_POINT ( 'NONE', #444 ) ;
#184 = PRESENTATION_STYLE_ASSIGNMENT (( #432 ) ) ;
#185 = EDGE_LOOP ( 'NONE', ( #1178, #2775, #34, #3532, #4045, #3428, #4517, #943, #749, #2893, #3883, #1886, #548, #1878, #1028, #3314, #1012 ) ) ;
#186 = FACE_OUTER_BOUND ( 'NONE', #3957, .T. ) ;
#187 = PLANE ( 'NONE',  #726 ) ;
#188 = DIRECTION ( 'NONE',  ( 0.0000000000000000000, 0.0000000000000000000, -1.000000000000000000 ) ) ;
#189 = AXIS2_PLACEMENT_3D ( 'NONE', #2550, #455, #3260 ) ;
#190 = ORIENTED_EDGE ( 'NONE', *, *, #3128, .T. ) ;
#191 = VERTEX_POINT ( 'NONE', #1113 ) ;
#192 = VECTOR ( 'NONE', #348, 1000.000000000000100 ) ;
#193 = SURFACE_STYLE_USAGE ( .BOTH. , #3042 ) ;
#194 = ORIENTED_EDGE ( 'NONE', *, *, #2130, .T. ) ;
#195 = DIRECTION ( 'NONE',  ( 0.0000000000000000000, 1.000000000000000000, 0.0000000000000000000 ) ) ;
#196 = COLOUR_RGB ( '',0.7686274509803920900, 0.7686274509803920900, 0.7686274509803920900 ) ;
#197 = CIRCLE ( 'NONE', #942, 0.03015999999999999900 ) ;
#198 = SURFACE_SIDE_STYLE ('',( #1196 ) ) ;
#199 = DIRECTION ( 'NONE',  ( -0.2762517575166416100, 0.0000000000000000000, 0.9610853065513833600 ) ) ;
#200 = EDGE_CURVE ( 'NONE', #191, #329, #2191, .T. ) ;
#201 =( NAMED_UNIT ( * ) SI_UNIT ( $, .STERADIAN. ) SOLID_ANGLE_UNIT ( ) );
#202 =( NAMED_UNIT ( * ) SI_UNIT ( $, .STERADIAN. ) SOLID_ANGLE_UNIT ( ) );
#203 = EDGE_LOOP ( 'NONE', ( #1741, #612, #1957 ) ) ;
#204 = VECTOR ( 'NONE', #281, 1000.000000000000000 ) ;
#205 = ORIENTED_EDGE ( 'NONE', *, *, #4064, .T. ) ;
#206 = ORIENTED_EDGE ( 'NONE', *, *, #1116, .T. ) ;
#207 = DIRECTION ( 'NONE',  ( 0.0000000000000000000, -1.000000000000000000, 0.0000000000000000000 ) ) ;
#208 = VECTOR ( 'NONE', #849, 1000.000000000000000 ) ;
#209 = VECTOR ( 'NONE', #3019, 1000.000000000000000 ) ;
#210 = CARTESIAN_POINT ( 'NONE',  ( 1.411588366179693700, 0.9248400000000001100, -0.6192949999999999300 ) ) ;
#211 = ORIENTED_EDGE ( 'NONE', *, *, #3556, .F. ) ;
#212 = COLOUR_RGB ( '',0.7686274509803920900, 0.7686274509803920900, 0.7686274509803920900 ) ;
#213 = VECTOR ( 'NONE', #672, 1000.000000000000000 ) ;
#214 = CARTESIAN_POINT ( 'NONE',  ( 1.530159999999999500, 0.9198399999999999900, -0.03015999999999999900 ) ) ;
#215 = STYLED_ITEM ( 'NONE', ( #3424 ), #1697 ) ;
#216 = FILL_AREA_STYLE_COLOUR ( '', #3010 ) ;
#217 = CARTESIAN_POINT ( 'NONE',  ( 1.070922404285822100, 0.9198400000000001000, -0.6192949999999999300 ) ) ;
#218 = ADVANCED_FACE ( 'NONE', ( #2357 ), #2683, .T. ) ;
#219 =( LENGTH_UNIT ( ) NAMED_UNIT ( * ) SI_UNIT ( .MILLI., .METRE. ) );
#220 = CARTESIAN_POINT ( 'NONE',  ( 1.530159999999999500, 0.9198399999999999900, -0.03015999999999999900 ) ) ;
#221 = EDGE_CURVE ( 'NONE', #4267, #3284, #3831, .T. ) ;
#222 = PRESENTATION_LAYER_ASSIGNMENT (  '', '', ( #1079 ) ) ;
#223 =( NAMED_UNIT ( * ) SI_UNIT ( $, .STERADIAN. ) SOLID_ANGLE_UNIT ( ) );
#224 = CARTESIAN_POINT ( 'NONE',  ( 2.200000000000000200, 0.0000000000000000000, -0.03015999999999999900 ) ) ;
#225 = CYLINDRICAL_SURFACE ( 'NONE', #1863, 0.03015999999999999600 ) ;
#226 = UNCERTAINTY_MEASURE_WITH_UNIT (LENGTH_MEASURE( 1.000000000000000100E-005 ), #3686, 'distance_accuracy_value', 'NONE');
#227 =( LENGTH_UNIT ( ) NAMED_UNIT ( * ) SI_UNIT ( .MILLI., .METRE. ) );
#228 = ADVANCED_FACE ( 'NONE', ( #2523 ), #1361, .T. ) ;
#229 = AXIS2_PLACEMENT_3D ( 'NONE', #3126, #1733, #40 ) ;
#230 = EDGE_CURVE ( 'NONE', #3035, #2769, #594, .T. ) ;
#231 = CARTESIAN_POINT ( 'NONE',  ( 1.501322662047238200, 0.9110063405205864900, -0.03899365947941355700 ) ) ;
#232 = PLANE ( 'NONE',  #3905 ) ;
#233 = FILL_AREA_STYLE_COLOUR ( '', #273 ) ;
#234 = CARTESIAN_POINT ( 'NONE',  ( 1.530159999999999500, 0.9499999999999999600, -0.03015999999999999600 ) ) ;
#235 = VERTEX_POINT ( 'NONE', #2293 ) ;
#236 =( GEOMETRIC_REPRESENTATION_CONTEXT ( 3 ) GLOBAL_UNCERTAINTY_ASSIGNED_CONTEXT ( ( #4557 ) ) GLOBAL_UNIT_ASSIGNED_CONTEXT ( ( #219, #4455, #4105 ) ) REPRESENTATION_CONTEXT ( 'NONE', 'WORKASPACE' ) );
#237 = ORIENTED_EDGE ( 'NONE', *, *, #16, .T. ) ;
#238 = DIRECTION ( 'NONE',  ( 1.000000000000000000, 0.0000000000000000000, 0.0000000000000000000 ) ) ;
#239 = CARTESIAN_POINT ( 'NONE',  ( 0.8914412866102086100, 0.9248400000000001100, -0.7749822147078639900 ) ) ;
#240 = EDGE_LOOP ( 'NONE', ( #3700, #2759, #1187, #4093 ) ) ;
#241 = CARTESIAN_POINT ( 'NONE',  ( 1.499999999999999600, 0.9198399999999998800, -1.389680000000000200 ) ) ;
#242 = AXIS2_PLACEMENT_3D ( 'NONE', #2661, #1912, #2637 ) ;
#243 = EDGE_LOOP ( 'NONE', ( #1403, #3149, #957, #2458 ) ) ;
#244 = CARTESIAN_POINT ( 'NONE',  ( 1.499999999999999600, 0.03315942190729276300, -0.03315942190729276300 ) ) ;
#245 = CARTESIAN_POINT ( 'NONE',  ( 0.8711712608538162400, 0.9198400000000001000, -0.6192949999999998200 ) ) ;
#246 = SURFACE_SIDE_STYLE ('',( #2471 ) ) ;
#247 = ORIENTED_EDGE ( 'NONE', *, *, #947, .F. ) ;
#248 = EDGE_CURVE ( 'NONE', #2844, #4246, #3005, .T. ) ;
#249 = CARTESIAN_POINT ( 'NONE',  ( 0.6999977351329059700, 0.03052961013716554200, -1.394387257356502400 ) ) ;
#250 = ORIENTED_EDGE ( 'NONE', *, *, #2492, .F. ) ;
#251 = PRESENTATION_LAYER_ASSIGNMENT (  '', '', ( #2604 ) ) ;
#252 = CARTESIAN_POINT ( 'NONE',  ( 0.9516388314291166500, 0.9198400000000001000, -0.7453479527904718300 ) ) ;
#253 = UNCERTAINTY_MEASURE_WITH_UNIT (LENGTH_MEASURE( 1.000000000000000100E-005 ), #2310, 'distance_accuracy_value', 'NONE');
#254 = VERTEX_POINT ( 'NONE', #3294 ) ;
#255 = VECTOR ( 'NONE', #3638, 1000.000000000000100 ) ;
#256 = PRESENTATION_STYLE_ASSIGNMENT (( #4070 ) ) ;
#257 = CARTESIAN_POINT ( 'NONE',  ( 0.03015999999999999900, 0.9198399999999999900, -1.419840000000000000 ) ) ;
#258 = MECHANICAL_DESIGN_GEOMETRIC_PRESENTATION_REPRESENTATION (  '', ( #11 ), #1051 ) ;
#259 = VERTEX_POINT ( 'NONE', #158 ) ;
#260 = UNCERTAINTY_MEASURE_WITH_UNIT (LENGTH_MEASURE( 1.000000000000000100E-005 ), #3669, 'distance_accuracy_value', 'NONE');
#262 = ORIENTED_EDGE ( 'NONE', *, *, #3211, .F. ) ;
#261 = EDGE_CURVE ( 'NONE', #3965, #4371, #330, .T. ) ;
#263 = DIRECTION ( 'NONE',  ( -1.000000000000000000, 0.0000000000000000000, 0.0000000000000000000 ) ) ;
#264 = ORIENTED_EDGE ( 'NONE', *, *, #4104, .F. ) ;
#265 = LINE ( 'NONE', #2673, #1527 ) ;
#266 = DIRECTION ( 'NONE',  ( 1.000000000000000000, 0.0000000000000000000, 0.0000000000000000000 ) ) ;
#267 = SURFACE_STYLE_FILL_AREA ( #3625 ) ;
#268 = DIRECTION ( 'NONE',  ( 0.0000000000000000000, 0.0000000000000000000, -1.000000000000000000 ) ) ;
#269 = EDGE_CURVE ( 'NONE', #2503, #2763, #1473, .T. ) ;
#270 = DIRECTION ( 'NONE',  ( 1.000000000000000000, 0.0000000000000000000, 0.0000000000000000000 ) ) ;
#271 = CARTESIAN_POINT ( 'NONE',  ( 0.7724994961765853100, 0.9248400000000001100, -0.7038289321678913300 ) ) ;
#272 = ORIENTED_EDGE ( 'NONE', *, *, #619, .T. ) ;
#273 = COLOUR_RGB ( '',0.7686274509803920900, 0.7686274509803920900, 0.7686274509803920900 ) ;
#274 = VECTOR ( 'NONE', #2064, 1000.000000000000000 ) ;
#275 = CARTESIAN_POINT ( 'NONE',  ( 0.7000000000000001800, 0.06031999999999977700, -0.03015999999999956200 ) ) ;
#276 = FILL_AREA_STYLE ('',( #4121 ) ) ;
#277 = SURFACE_SIDE_STYLE ('',( #4103 ) ) ;
#278 = ORIENTED_EDGE ( 'NONE', *, *, #45, .F. ) ;
#279 = CARTESIAN_POINT ( 'NONE',  ( 0.6999917028610791500, 0.9189781965009425900, -0.05249784345099840100 ) ) ;
#280 = AXIS2_PLACEMENT_3D ( 'NONE', #2842, #3935, #1475 ) ;
#281 = DIRECTION ( 'NONE',  ( -0.0000000000000000000, -0.0000000000000000000, 1.000000000000000000 ) ) ;
#282 = CARTESIAN_POINT ( 'NONE',  ( 0.7000000000000002900, 0.8896800000000000300, -1.389680000000000200 ) ) ;
#283 = FILL_AREA_STYLE_COLOUR ( '', #4155 ) ;
#284 = EDGE_CURVE ( 'NONE', #41, #2844, #2470, .T. ) ;
#285 = B_SPLINE_CURVE_WITH_KNOTS ( 'NONE', 3,
 ( #1117, #2837, #62, #53, #3897, #3527, #1426, #1469, #18, #1816 ),
 .UNSPECIFIED., .F., .F.,
 ( 4, 3, 3, 4 ),
 ( 0.0000000000000000000, 1.003666877226004900E-005, 2.009406401134250600E-005, 2.363098448886270500E-005 ),
 .UNSPECIFIED. ) ;
#286 = MECHANICAL_DESIGN_GEOMETRIC_PRESENTATION_REPRESENTATION (  '', ( #47 ), #2494 ) ;
#287 = CARTESIAN_POINT ( 'NONE',  ( 1.161995458704340000, 0.9248400000000001100, -0.7749822147078639900 ) ) ;
#288 = CARTESIAN_POINT ( 'NONE',  ( 1.500023110991173000, 0.03202174514141899900, -0.04942254363304875900 ) ) ;
#289 = ADVANCED_FACE ( 'NONE', ( #3331 ), #4336, .F. ) ;
#290 = DIRECTION ( 'NONE',  ( 0.0000000000000000000, 0.0000000000000000000, -1.000000000000000000 ) ) ;
#291 = CARTESIAN_POINT ( 'NONE',  ( 1.161995458704340000, 0.9248400000000001100, -0.7749822147078639900 ) ) ;
#292 = ORIENTED_EDGE ( 'NONE', *, *, #3222, .F. ) ;
#293 = EDGE_CURVE ( 'NONE', #2173, #3689, #1035, .T. ) ;
#294 = CARTESIAN_POINT ( 'NONE',  ( 0.9159717739674777500, 0.9248400000000001100, -0.7749822147078639900 ) ) ;
#295 = ADVANCED_FACE ( 'NONE', ( #96 ), #1217, .F. ) ;
#296 = CARTESIAN_POINT ( 'NONE',  ( 1.078691569420429800, 0.9248400000000001100, -0.7578992350461759600 ) ) ;
#297 = CIRCLE ( 'NONE', #1751, 0.03015999999999999600 ) ;
#298 = DIRECTION ( 'NONE',  ( -1.000000000000000000, 0.0000000000000000000, 0.0000000000000000000 ) ) ;
#299 = VERTEX_POINT ( 'NONE', #3310 ) ;
#300 = DIRECTION ( 'NONE',  ( 1.000000000000000000, 0.0000000000000000000, 1.539402763017534600E-015 ) ) ;
#301 = MECHANICAL_DESIGN_GEOMETRIC_PRESENTATION_REPRESENTATION (  '', ( #1769 ), #3177 ) ;
#302 = PRESENTATION_STYLE_ASSIGNMENT (( #163 ) ) ;
#303 = EDGE_LOOP ( 'NONE', ( #310, #1443, #2285, #278, #3213, #4020 ) ) ;
#304 = PLANE ( 'NONE',  #629 ) ;
#305 = ORIENTED_EDGE ( 'NONE', *, *, #841, .F. ) ;
#306 = SURFACE_STYLE_FILL_AREA ( #37 ) ;
#307 = CLOSED_SHELL ( 'NONE', ( #2016, #1620, #3512, #1000, #4533, #4418, #4542, #2860, #1973, #738, #2019, #2772, #2199, #516, #1762, #2686, #4464, #3435, #2434, #4115, #1096, #2260, #3483, #2099, #4169 ) ) ;
#308 = AXIS2_PLACEMENT_3D ( 'NONE', #4428, #582, #901 ) ;
#309 = DIRECTION ( 'NONE',  ( -0.2762437428917283700, 0.0000000000000000000, 0.9610876102172832800 ) ) ;
#310 = ORIENTED_EDGE ( 'NONE', *, *, #1013, .F. ) ;
#311 = VECTOR ( 'NONE', #3346, 1000.000000000000000 ) ;
#312 = ORIENTED_EDGE ( 'NONE', *, *, #4003, .T. ) ;
#313 = CYLINDRICAL_SURFACE ( 'NONE', #3471, 0.03015999999999999900 ) ;
#314 = DIRECTION ( 'NONE',  ( -0.9611638845408937400, 0.0000000000000000000, -0.2759782365590801600 ) ) ;
#315 =( NAMED_UNIT ( * ) PLANE_ANGLE_UNIT ( ) SI_UNIT ( $, .RADIAN. ) );
#316 = EDGE_CURVE ( 'NONE', #3626, #807, #3274, .T. ) ;
#317 = PLANE ( 'NONE',  #2036 ) ;
#318 = AXIS2_PLACEMENT_3D ( 'NONE', #1708, #1089, #2544 ) ;
#319 = ORIENTED_EDGE ( 'NONE', *, *, #4222, .T. ) ;
#320 = ADVANCED_FACE ( 'NONE', ( #767 ), #4268, .T. ) ;
#321 = LINE ( 'NONE', #3138, #1352 ) ;
#322 = PRESENTATION_STYLE_ASSIGNMENT (( #1614 ) ) ;
#323 = PRESENTATION_STYLE_ASSIGNMENT (( #4258 ) ) ;
#324 = DIRECTION ( 'NONE',  ( 0.9610029908221275900, 0.0000000000000000000, 0.2765379750249968800 ) ) ;
#325 = ORIENTED_EDGE ( 'NONE', *, *, #1763, .T. ) ;
#326 = DIRECTION ( 'NONE',  ( 0.0000000000000000000, 0.0000000000000000000, 1.000000000000000000 ) ) ;
#327 = PRESENTATION_STYLE_ASSIGNMENT (( #169 ) ) ;
#328 = EDGE_CURVE ( 'NONE', #519, #4348, #2691, .T. ) ;
#329 = VERTEX_POINT ( 'NONE', #3049 ) ;
#330 = LINE ( 'NONE', #3982, #3933 ) ;
#331 = FACE_OUTER_BOUND ( 'NONE', #2830, .T. ) ;
#332 = PLANE ( 'NONE',  #1898 ) ;
#333 = ORIENTED_EDGE ( 'NONE', *, *, #2645, .T. ) ;
#334 = DIRECTION ( 'NONE',  ( -1.000000000000000000, 0.0000000000000000000, 0.0000000000000000000 ) ) ;
#335 = FACE_OUTER_BOUND ( 'NONE', #3830, .T. ) ;
#336 = CARTESIAN_POINT ( 'NONE',  ( 0.0000000000000000000, 0.9499999999999999600, -0.03015999999999999900 ) ) ;
#337 = CARTESIAN_POINT ( 'NONE',  ( 0.8187618164974057600, 0.9198400000000001000, -0.7038289321678942200 ) ) ;
#338 = SURFACE_STYLE_FILL_AREA ( #1101 ) ;
#339 = CARTESIAN_POINT ( 'NONE',  ( 0.7000146003005065500, 0.8964168664746423600, -0.03073234595790072500 ) ) ;
#340 = MECHANICAL_DESIGN_GEOMETRIC_PRESENTATION_REPRESENTATION (  '', ( #2456 ), #2689 ) ;
#341 = SURFACE_STYLE_USAGE ( .BOTH. , #3075 ) ;
#342 = CARTESIAN_POINT ( 'NONE',  ( 1.022571517396287900, 0.9248400000000001100, -0.7453479527904718300 ) ) ;
#343 = AXIS2_PLACEMENT_3D ( 'NONE', #1897, #1212, #4001 ) ;
#344 = DIRECTION ( 'NONE',  ( -0.2759782365590801600, 0.0000000000000000000, 0.9611638845408937400 ) ) ;
#345 =( LENGTH_UNIT ( ) NAMED_UNIT ( * ) SI_UNIT ( .MILLI., .METRE. ) );
#346 = CARTESIAN_POINT ( 'NONE',  ( 0.9239762105532929300, 0.9248400000000001100, -0.6489145870383743500 ) ) ;
#347 = UNCERTAINTY_MEASURE_WITH_UNIT (LENGTH_MEASURE( 1.000000000000000100E-005 ), #396, 'distance_accuracy_value', 'NONE');
#348 = DIRECTION ( 'NONE',  ( 0.2763139702539153500, 0.0000000000000000000, -0.9610674221107061700 ) ) ;
#349 = AXIS2_PLACEMENT_3D ( 'NONE', #1981, #2757, #3499 ) ;
#350 = CARTESIAN_POINT ( 'NONE',  ( 0.7000000000000001800, 0.8930255562574180800, -0.03015999999999956200 ) ) ;
#351 = ORIENTED_EDGE ( 'NONE', *, *, #3044, .T. ) ;
#352 = EDGE_LOOP ( 'NONE', ( #2986, #1901, #2529, #2441 ) ) ;
#353 = ORIENTED_EDGE ( 'NONE', *, *, #2168, .T. ) ;
#354 = EDGE_CURVE ( 'NONE', #3492, #4088, #44, .T. ) ;
#355 = CARTESIAN_POINT ( 'NONE',  ( 1.499999999999951400, 0.8912539154503437100, -0.03015999999999687700 ) ) ;
#356 = CARTESIAN_POINT ( 'NONE',  ( 2.200000000000000200, 0.9499999999999999600, -0.03015999999999999900 ) ) ;
#357 = ORIENTED_EDGE ( 'NONE', *, *, #3364, .F. ) ;
#358 = PRESENTATION_STYLE_ASSIGNMENT (( #975 ) ) ;
#359 = VERTEX_POINT ( 'NONE', #966 ) ;
#360 = ADVANCED_FACE ( 'NONE', ( #2306 ), #1368, .T. ) ;
#361 = CARTESIAN_POINT ( 'NONE',  ( 1.185517590020640700, 0.9248400000000001100, -0.6192949999999999300 ) ) ;
#362 = AXIS2_PLACEMENT_3D ( 'NONE', #2628, #195, #1214 ) ;
#363 = ORIENTED_EDGE ( 'NONE', *, *, #1595, .F. ) ;
#364 = CARTESIAN_POINT ( 'NONE',  ( 0.6698400000000001000, 0.03015999999999999900, -1.419840000000000000 ) ) ;
#365 = ORIENTED_EDGE ( 'NONE', *, *, #2406, .F. ) ;
#366 = FILL_AREA_STYLE_COLOUR ( '', #503 ) ;
#367 = VERTEX_POINT ( 'NONE', #622 ) ;
#368 = PRESENTATION_STYLE_ASSIGNMENT (( #4318 ) ) ;
#369 = STYLED_ITEM ( 'NONE', ( #368 ), #2603 ) ;
#370 = PLANE ( 'NONE',  #2696 ) ;
#371 =( LENGTH_UNIT ( ) NAMED_UNIT ( * ) SI_UNIT ( .MILLI., .METRE. ) );
#372 = VERTEX_POINT ( 'NONE', #3065 ) ;
#373 = DIRECTION ( 'NONE',  ( 0.0000000000000000000, -1.000000000000000000, 0.0000000000000000000 ) ) ;
#374 = LINE ( 'NONE', #4527, #2346 ) ;
#375 = DIRECTION ( 'NONE',  ( 0.0000000000000000000, 0.0000000000000000000, -1.000000000000000000 ) ) ;
#376 = EDGE_CURVE ( 'NONE', #3447, #2340, #603, .T. ) ;
#377 = VECTOR ( 'NONE', #2014, 1000.000000000000000 ) ;
#378 = EDGE_LOOP ( 'NONE', ( #515, #2214, #1345, #1287 ) ) ;
#379 = LINE ( 'NONE', #1377, #3984 ) ;
#380 = FACE_OUTER_BOUND ( 'NONE', #3363, .T. ) ;
#381 = CARTESIAN_POINT ( 'NONE',  ( 1.499985399699493200, 0.03073234595790104800, -1.396416866474642600 ) ) ;
#382 =( NAMED_UNIT ( * ) PLANE_ANGLE_UNIT ( ) SI_UNIT ( $, .RADIAN. ) );
#383 = CARTESIAN_POINT ( 'NONE',  ( 1.070922404285822100, 0.9198400000000001000, -0.6192949999999999300 ) ) ;
#384 = ORIENTED_EDGE ( 'NONE', *, *, #160, .T. ) ;
#385 = EDGE_CURVE ( 'NONE', #925, #1889, #2137, .T. ) ;
#386 =( NAMED_UNIT ( * ) SI_UNIT ( $, .STERADIAN. ) SOLID_ANGLE_UNIT ( ) );
#387 = LINE ( 'NONE', #2555, #1371 ) ;
#388 =( NAMED_UNIT ( * ) PLANE_ANGLE_UNIT ( ) SI_UNIT ( $, .RADIAN. ) );
#389 = SURFACE_STYLE_USAGE ( .BOTH. , #1379 ) ;
#390 =( GEOMETRIC_REPRESENTATION_CONTEXT ( 3 ) GLOBAL_UNCERTAINTY_ASSIGNED_CONTEXT ( ( #3397 ) ) GLOBAL_UNIT_ASSIGNED_CONTEXT ( ( #987, #3456, #3802 ) ) REPRESENTATION_CONTEXT ( 'NONE', 'WORKASPACE' ) );
#391 = SURFACE_STYLE_USAGE ( .BOTH. , #3561 ) ;
#392 = CARTESIAN_POINT ( 'NONE',  ( 1.499999999999999800, 0.05697444374258189100, -0.03015999999999956200 ) ) ;
#393 = FILL_AREA_STYLE_COLOUR ( '', #3844 ) ;
#394 = PLANE ( 'NONE',  #2994 ) ;
#395 = AXIS2_PLACEMENT_3D ( 'NONE', #3921, #2182, #4245 ) ;
#396 =( LENGTH_UNIT ( ) NAMED_UNIT ( * ) SI_UNIT ( .MILLI., .METRE. ) );
#397 = EDGE_CURVE ( 'NONE', #235, #3259, #3839, .T. ) ;
#398 =( GEOMETRIC_REPRESENTATION_CONTEXT ( 3 ) GLOBAL_UNCERTAINTY_ASSIGNED_CONTEXT ( ( #1719 ) ) GLOBAL_UNIT_ASSIGNED_CONTEXT ( ( #227, #4449, #3702 ) ) REPRESENTATION_CONTEXT ( 'NONE', 'WORKASPACE' ) );
#399 = DIRECTION ( 'NONE',  ( 0.0000000000000000000, 0.0000000000000000000, 1.000000000000000000 ) ) ;
#400 = FILL_AREA_STYLE_COLOUR ( '', #2941 ) ;
#401 = ORIENTED_EDGE ( 'NONE', *, *, #2613, .F. ) ;
#402 = CARTESIAN_POINT ( 'NONE',  ( 2.200000000000000200, 0.0000000000000000000, -1.450000000000000000 ) ) ;
#403 = VECTOR ( 'NONE', #32, 1000.000000000000100 ) ;
#404 = EDGE_LOOP ( 'NONE', ( #1766, #2568, #3326, #1575 ) ) ;
#405 = DIRECTION ( 'NONE',  ( 1.000000000000000000, 0.0000000000000000000, 0.0000000000000000000 ) ) ;
#406 = EDGE_CURVE ( 'NONE', #3464, #3165, #1160, .T. ) ;
#407 = CARTESIAN_POINT ( 'NONE',  ( 0.7000000000000001800, 0.0000000000000000000, -1.419840000000000400 ) ) ;
#408 = SURFACE_STYLE_USAGE ( .BOTH. , #474 ) ;
#409 = SURFACE_STYLE_FILL_AREA ( #1133 ) ;
#410 = ORIENTED_EDGE ( 'NONE', *, *, #1111, .F. ) ;
#411 = ADVANCED_FACE ( 'NONE', ( #497 ), #317, .F. ) ;
#412 = DIRECTION ( 'NONE',  ( -0.7059037656364479700, 0.0000000000000000000, 0.7083077534943992300 ) ) ;
#414 = ORIENTED_EDGE ( 'NONE', *, *, #3073, .T. ) ;
#413 = EDGE_CURVE ( 'NONE', #2503, #2044, #1203, .T. ) ;
#415 = PLANE ( 'NONE',  #2065 ) ;
#416 = ORIENTED_EDGE ( 'NONE', *, *, #3576, .T. ) ;
#417 = LINE ( 'NONE', #591, #2554 ) ;
#418 =( LENGTH_UNIT ( ) NAMED_UNIT ( * ) SI_UNIT ( .MILLI., .METRE. ) );
#419 = DIRECTION ( 'NONE',  ( 0.0000000000000000000, 0.0000000000000000000, -1.000000000000000000 ) ) ;
#420 = FILL_AREA_STYLE ('',( #283 ) ) ;
#421 = ORIENTED_EDGE ( 'NONE', *, *, #293, .F. ) ;
#422 = LINE ( 'NONE', #3889, #4307 ) ;
#423 = MECHANICAL_DESIGN_GEOMETRIC_PRESENTATION_REPRESENTATION (  '', ( #484 ), #3562 ) ;
#424 = EDGE_LOOP ( 'NONE', ( #801, #3714, #2563, #99 ) ) ;
#425 = CARTESIAN_POINT ( 'NONE',  ( 0.7724994961765853100, 0.9198400000000001000, -0.7038289321678913300 ) ) ;
#426 = DIRECTION ( 'NONE',  ( -1.000000000000000000, 0.0000000000000000000, 0.0000000000000000000 ) ) ;
#427 = FACE_OUTER_BOUND ( 'NONE', #2395, .T. ) ;
#428 =( BOUNDED_CURVE ( )  B_SPLINE_CURVE ( 3, ( #1027, #2442, #3125, #2756 ),
 .UNSPECIFIED., .F., .T. ) 
 B_SPLINE_CURVE_WITH_KNOTS ( ( 4, 4 ),
 ( 4.712388980384682600, 5.009640341705889500 ),
 .UNSPECIFIED. ) 
 CURVE ( )  GEOMETRIC_REPRESENTATION_ITEM ( )  RATIONAL_B_SPLINE_CURVE ( ( 1.000000000000000000, 0.9926503465430338600, 0.9926503465430338600, 1.000000000000000000 ) ) 
 REPRESENTATION_ITEM ( '' )  );
#429 = PRESENTATION_LAYER_ASSIGNMENT (  '', '', ( #1218 ) ) ;
#430 = ORIENTED_EDGE ( 'NONE', *, *, #2297, .F. ) ;
#431 = VECTOR ( 'NONE', #557, 1000.000000000000000 ) ;
#432 = SURFACE_STYLE_USAGE ( .BOTH. , #4253 ) ;
#433 = DIRECTION ( 'NONE',  ( 0.0000000000000000000, -1.000000000000000000, 0.0000000000000000000 ) ) ;
#434 = LINE ( 'NONE', #2745, #708 ) ;
#435 =( NAMED_UNIT ( * ) SI_UNIT ( $, .STERADIAN. ) SOLID_ANGLE_UNIT ( ) );
#436 = ORIENTED_EDGE ( 'NONE', *, *, #4337, .T. ) ;
#437 = FACE_OUTER_BOUND ( 'NONE', #3143, .T. ) ;
#438 = STYLED_ITEM ( 'NONE', ( #3990 ), #3785 ) ;
#439 = FACE_OUTER_BOUND ( 'NONE', #757, .T. ) ;
#440 = CARTESIAN_POINT ( 'NONE',  ( 1.501069819438130900, 0.9118317411123151300, -0.03981906007100178400 ) ) ;
#441 = LINE ( 'NONE', #2735, #3511 ) ;
#442 = PLANE ( 'NONE',  #459 ) ;
#443 = CARTESIAN_POINT ( 'NONE',  ( 1.500444151710231600, 0.03612577674720109100, -1.413874223252798500 ) ) ;
#444 = CARTESIAN_POINT ( 'NONE',  ( 0.7000000000000000700, 0.9198399999999999900, -0.06031999999999955500 ) ) ;
#445 = EDGE_CURVE ( 'NONE', #3337, #3464, #2457, .T. ) ;
#446 = PRESENTATION_STYLE_ASSIGNMENT (( #1432 ) ) ;
#447 = DIRECTION ( 'NONE',  ( 1.000000000000000000, 0.0000000000000000000, -2.459231407381526200E-015 ) ) ;
#448 = ORIENTED_EDGE ( 'NONE', *, *, #4104, .T. ) ;
#449 =( NAMED_UNIT ( * ) PLANE_ANGLE_UNIT ( ) SI_UNIT ( $, .RADIAN. ) );
#450 = SURFACE_STYLE_FILL_AREA ( #1039 ) ;
#451 = CARTESIAN_POINT ( 'NONE',  ( 1.490322812799942800, 0.9198400000000001000, -0.7449185239158044900 ) ) ;
#452 = PRESENTATION_LAYER_ASSIGNMENT (  '', '', ( #972 ) ) ;
#453 = ORIENTED_EDGE ( 'NONE', *, *, #990, .T. ) ;
#454 = UNCERTAINTY_MEASURE_WITH_UNIT (LENGTH_MEASURE( 1.000000000000000100E-005 ), #2037, 'distance_accuracy_value', 'NONE');
#455 = DIRECTION ( 'NONE',  ( -0.0000000000000000000, -0.0000000000000000000, 1.000000000000000000 ) ) ;
#456 = DIRECTION ( 'NONE',  ( 0.0000000000000000000, -1.000000000000000000, 0.0000000000000000000 ) ) ;
#457 = DIRECTION ( 'NONE',  ( -0.0000000000000000000, -0.0000000000000000000, 1.000000000000000000 ) ) ;
#458 = DIRECTION ( 'NONE',  ( 1.000000000000000000, 0.0000000000000000000, 0.0000000000000000000 ) ) ;
#459 = AXIS2_PLACEMENT_3D ( 'NONE', #1537, #456, #2552 ) ;
#460 =( LENGTH_UNIT ( ) NAMED_UNIT ( * ) SI_UNIT ( .MILLI., .METRE. ) );
#461 = ORIENTED_EDGE ( 'NONE', *, *, #2869, .T. ) ;
#462 = EDGE_CURVE ( 'NONE', #3919, #3162, #441, .T. ) ;
#463 = PRESENTATION_LAYER_ASSIGNMENT (  '', '', ( #3354 ) ) ;
#464 = APPLICATION_CONTEXT ( 'automotive_design' ) ;
#465 = DIRECTION ( 'NONE',  ( 0.0000000000000000000, 0.0000000000000000000, 1.000000000000000000 ) ) ;
#466 = SURFACE_STYLE_FILL_AREA ( #552 ) ;
#467 = ORIENTED_EDGE ( 'NONE', *, *, #1253, .F. ) ;
#468 = AXIS2_PLACEMENT_3D ( 'NONE', #1092, #399, #2840 ) ;
#469 = CARTESIAN_POINT ( 'NONE',  ( 1.500706144435243900, 0.9133518575562414900, -0.04163126649991963400 ) ) ;
#470 = VERTEX_POINT ( 'NONE', #2749 ) ;
#471 = LINE ( 'NONE', #2040, #1564 ) ;
#472 = ORIENTED_EDGE ( 'NONE', *, *, #4295, .F. ) ;
#473 = EDGE_CURVE ( 'NONE', #1073, #3329, #1857, .T. ) ;
#474 = SURFACE_SIDE_STYLE ('',( #1313 ) ) ;
#475 = VERTEX_POINT ( 'NONE', #2448 ) ;
#476 = ORIENTED_EDGE ( 'NONE', *, *, #2022, .T. ) ;
#477 = ORIENTED_EDGE ( 'NONE', *, *, #397, .T. ) ;
#478 = VECTOR ( 'NONE', #3468, 1000.000000000000100 ) ;
#479 = DIRECTION ( 'NONE',  ( 0.2746918797667152700, 0.0000000000000000000, -0.9615323037684320200 ) ) ;
#480 = ORIENTED_EDGE ( 'NONE', *, *, #1116, .F. ) ;
#481 = LINE ( 'NONE', #1164, #1405 ) ;
#482 = DIRECTION ( 'NONE',  ( 0.9610348236706639500, 0.0000000000000000000, 0.2764273280489751800 ) ) ;
#483 = ORIENTED_EDGE ( 'NONE', *, *, #3455, .T. ) ;
#484 = STYLED_ITEM ( 'NONE', ( #578 ), #1370 ) ;
#485 = CARTESIAN_POINT ( 'NONE',  ( 0.03015999999999999600, 0.9499999999999999600, -1.419840000000000000 ) ) ;
#486 = VECTOR ( 'NONE', #3774, 1000.000000000000000 ) ;
#487 = CARTESIAN_POINT ( 'NONE',  ( 1.364610763963510600, 0.9198400000000001000, -0.7749822147078639900 ) ) ;
#488 = B_SPLINE_CURVE_WITH_KNOTS ( 'NONE', 3,
 ( #764, #392, #2889, #28, #3533, #4230, #1821, #4264, #2848, #3902 ),
 .UNSPECIFIED., .F., .F.,
 ( 4, 3, 3, 4 ),
 ( 0.0000000000000000000, 1.003666877226003200E-005, 2.009406401134244500E-005, 2.363098448886303700E-005 ),
 .UNSPECIFIED. ) ;
#489 = CARTESIAN_POINT ( 'NONE',  ( 1.499999999999999600, 0.03015999999999988800, -1.419840000000000400 ) ) ;
#490 = ORIENTED_EDGE ( 'NONE', *, *, #3021, .T. ) ;
#491 = LINE ( 'NONE', #985, #3385 ) ;
#492 = LINE ( 'NONE', #1781, #3665 ) ;
#493 = EDGE_CURVE ( 'NONE', #4468, #903, #2579, .T. ) ;
#494 = SPHERICAL_SURFACE ( 'NONE', #500, 0.03015999999999999900 ) ;
#495 =( GEOMETRIC_REPRESENTATION_CONTEXT ( 3 ) GLOBAL_UNCERTAINTY_ASSIGNED_CONTEXT ( ( #4496 ) ) GLOBAL_UNIT_ASSIGNED_CONTEXT ( ( #1114, #80, #788 ) ) REPRESENTATION_CONTEXT ( 'NONE', 'WORKASPACE' ) );
#496 = VERTEX_POINT ( 'NONE', #4150 ) ;
#497 = FACE_OUTER_BOUND ( 'NONE', #3584, .T. ) ;
#498 = CARTESIAN_POINT ( 'NONE',  ( 0.03015999999999999600, 0.03015999999999999900, -0.03015999999999999900 ) ) ;
#499 = FACE_OUTER_BOUND ( 'NONE', #1074, .T. ) ;
#500 = AXIS2_PLACEMENT_3D ( 'NONE', #170, #3306, #1946 ) ;
#501 = EDGE_CURVE ( 'NONE', #1235, #3548, #1153, .T. ) ;
#502 = CARTESIAN_POINT ( 'NONE',  ( 1.204254097212066600, 0.9248400000000001100, -0.6192949999999999300 ) ) ;
#503 = COLOUR_RGB ( '',0.7686274509803920900, 0.7686274509803920900, 0.7686274509803920900 ) ;
#504 = DIRECTION ( 'NONE',  ( -0.0000000000000000000, -1.000000000000000000, -0.0000000000000000000 ) ) ;
#505 = DIRECTION ( 'NONE',  ( 0.0000000000000000000, 0.0000000000000000000, -1.000000000000000000 ) ) ;
#506 = DIRECTION ( 'NONE',  ( 0.0000000000000000000, 1.000000000000000000, 0.0000000000000000000 ) ) ;
#507 = EDGE_CURVE ( 'NONE', #4431, #4463, #1644, .T. ) ;
#508 = CARTESIAN_POINT ( 'NONE',  ( 0.7930713101726921700, 0.9248400000000001100, -0.7749822147078639900 ) ) ;
#509 = DIRECTION ( 'NONE',  ( 0.0000000000000000000, 0.0000000000000000000, 1.000000000000000000 ) ) ;
#510 = STYLED_ITEM ( 'NONE', ( #3436 ), #974 ) ;
#511 = CARTESIAN_POINT ( 'NONE',  ( 0.03015999999999999600, 0.0000000000000000000, -0.03015999999999999900 ) ) ;
#512 = ORIENTED_EDGE ( 'NONE', *, *, #1253, .T. ) ;
#513 = DIRECTION ( 'NONE',  ( 0.9999960426590095400, 0.0000000000000000000, 0.002813301676023789300 ) ) ;
#514 = DIRECTION ( 'NONE',  ( 0.0000000000000000000, 0.0000000000000000000, 1.000000000000000000 ) ) ;
#515 = ORIENTED_EDGE ( 'NONE', *, *, #2438, .F. ) ;
#516 = ADVANCED_FACE ( 'NONE', ( #980 ), #3080, .F. ) ;
#517 = EDGE_CURVE ( 'NONE', #2676, #1889, #1971, .T. ) ;
#518 = FACE_OUTER_BOUND ( 'NONE', #1722, .T. ) ;
#519 = VERTEX_POINT ( 'NONE', #2432 ) ;
#520 = AXIS2_PLACEMENT_3D ( 'NONE', #1716, #4461, #2079 ) ;
#521 = DIRECTION ( 'NONE',  ( 0.2764273280489751800, 0.0000000000000000000, -0.9610348236706639500 ) ) ;
#522 = EDGE_LOOP ( 'NONE', ( #1064, #766, #1883, #3617 ) ) ;
#523 = EDGE_LOOP ( 'NONE', ( #247, #3954, #1140, #4145, #1146, #365 ) ) ;
#524 = FACE_OUTER_BOUND ( 'NONE', #1671, .T. ) ;
#525 = CARTESIAN_POINT ( 'NONE',  ( 0.9239762105532929300, 0.9198400000000001000, -0.6489145870383743500 ) ) ;
#526 = CARTESIAN_POINT ( 'NONE',  ( 0.7000000000000000700, 0.03015999999999977700, -0.06031999999999955500 ) ) ;
#527 = DIRECTION ( 'NONE',  ( 0.9280290862136735300, 0.0000000000000000000, -0.3725077383644724300 ) ) ;
#529 = ORIENTED_EDGE ( 'NONE', *, *, #3304, .T. ) ;
#528 = EDGE_CURVE ( 'NONE', #259, #4420, #720, .T. ) ;
#530 = FILL_AREA_STYLE_COLOUR ( '', #772 ) ;
#531 = LINE ( 'NONE', #860, #2460 ) ;
#532 = DIRECTION ( 'NONE',  ( 1.000000000000000000, -1.355252715606881500E-016, 0.0000000000000000000 ) ) ;
#533 = VECTOR ( 'NONE', #2939, 1000.000000000000000 ) ;
#534 = ORIENTED_EDGE ( 'NONE', *, *, #965, .T. ) ;
#535 = SURFACE_STYLE_FILL_AREA ( #671 ) ;
#536 = CARTESIAN_POINT ( 'NONE',  ( 1.276256629218999000, 0.9248400000000001100, -0.7163849482553281700 ) ) ;
#537 =( LENGTH_UNIT ( ) NAMED_UNIT ( * ) SI_UNIT ( .MILLI., .METRE. ) );
#538 = VERTEX_POINT ( 'NONE', #4132 ) ;
#539 = CYLINDRICAL_SURFACE ( 'NONE', #1304, 0.03015999999999999600 ) ;
#540 = DIRECTION ( 'NONE',  ( 1.000000000000000000, 0.0000000000000000000, 0.0000000000000000000 ) ) ;
#541 = DIRECTION ( 'NONE',  ( 0.0000000000000000000, 0.0000000000000000000, 1.000000000000000000 ) ) ;
#542 = MECHANICAL_DESIGN_GEOMETRIC_PRESENTATION_REPRESENTATION (  '', ( #3205 ), #1245 ) ;
#543 = ORIENTED_EDGE ( 'NONE', *, *, #1402, .F. ) ;
#544 = VECTOR ( 'NONE', #2382, 1000.000000000000100 ) ;
#545 = PRESENTATION_STYLE_ASSIGNMENT (( #151 ) ) ;
#546 = DIRECTION ( 'NONE',  ( 0.05375259206908433700, 0.0000000000000000000, -0.9985542843760946100 ) ) ;
#547 =( NAMED_UNIT ( * ) PLANE_ANGLE_UNIT ( ) SI_UNIT ( $, .RADIAN. ) );
#548 = ORIENTED_EDGE ( 'NONE', *, *, #2338, .F. ) ;
#549 = EDGE_CURVE ( 'NONE', #953, #4468, #1756, .T. ) ;
#550 = STYLED_ITEM ( 'NONE', ( #302 ), #3193 ) ;
#551 = CARTESIAN_POINT ( 'NONE',  ( 0.7724994961765853100, 0.9248400000000001100, -0.7038289321678913300 ) ) ;
#552 = FILL_AREA_STYLE ('',( #3376 ) ) ;
#553 = SURFACE_STYLE_FILL_AREA ( #3856 ) ;
#554 = CARTESIAN_POINT ( 'NONE',  ( 1.500002264867093900, 0.9194703898628342500, -1.394387257356502200 ) ) ;
#555 = PRODUCT_RELATED_PRODUCT_CATEGORY ( 'part', '', ( #714 ) ) ;
#556 = EDGE_CURVE ( 'NONE', #4520, #73, #3721, .T. ) ;
#557 = DIRECTION ( 'NONE',  ( 0.0000000000000000000, 1.000000000000000000, 0.0000000000000000000 ) ) ;
#558 = CARTESIAN_POINT ( 'NONE',  ( 0.8064311308146688800, 0.9248400000000001100, -0.6192949999999999300 ) ) ;
#559 = PLANE ( 'NONE',  #3597 ) ;
#560 = CARTESIAN_POINT ( 'NONE',  ( 0.8538016412147139100, 0.9198400000000001000, -0.6192949999999999300 ) ) ;
#561 = EDGE_CURVE ( 'NONE', #3591, #2509, #2197, .T. ) ;
#562 = CARTESIAN_POINT ( 'NONE',  ( 2.169840000000000200, 0.0000000000000000000, 0.0000000000000000000 ) ) ;
#563 = DIRECTION ( 'NONE',  ( 1.000000000000000000, 0.0000000000000000000, 0.0000000000000000000 ) ) ;
#564 = UNCERTAINTY_MEASURE_WITH_UNIT (LENGTH_MEASURE( 1.000000000000000100E-005 ), #2922, 'distance_accuracy_value', 'NONE');
#565 = AXIS2_PLACEMENT_3D ( 'NONE', #883, #3014, #1892 ) ;
#566 = EDGE_LOOP ( 'NONE', ( #2717, #688, #3055, #2653, #3910, #2396, #1128, #4446 ) ) ;
#567 = DIRECTION ( 'NONE',  ( -0.8843386665637592600, 0.0000000000000000000, -0.4668459304955247000 ) ) ;
#568 = LINE ( 'NONE', #1531, #1556 ) ;
#569 = DIRECTION ( 'NONE',  ( 0.0000000000000000000, -1.000000000000000000, 0.0000000000000000000 ) ) ;
#570 = ORIENTED_EDGE ( 'NONE', *, *, #1645, .T. ) ;
#571 = CARTESIAN_POINT ( 'NONE',  ( 0.03015999999999999600, 0.9198399999999999900, -0.03015999999999999900 ) ) ;
#572 = ORIENTED_EDGE ( 'NONE', *, *, #3250, .F. ) ;
#573 = ORIENTED_EDGE ( 'NONE', *, *, #3595, .F. ) ;
#574 = SURFACE_STYLE_USAGE ( .BOTH. , #3713 ) ;
#575 = AXIS2_PLACEMENT_3D ( 'NONE', #670, #1076, #1711 ) ;
#576 = ORIENTED_EDGE ( 'NONE', *, *, #2809, .T. ) ;
#577 = VERTEX_POINT ( 'NONE', #346 ) ;
#578 = PRESENTATION_STYLE_ASSIGNMENT (( #3503 ) ) ;
#579 = EDGE_LOOP ( 'NONE', ( #1969, #4405, #1424 ) ) ;
#580 = VECTOR ( 'NONE', #4314, 1000.000000000000000 ) ;
#581 = CARTESIAN_POINT ( 'NONE',  ( 2.169840000000000200, 0.0000000000000000000, -0.03015999999999999900 ) ) ;
#582 = DIRECTION ( 'NONE',  ( 1.000000000000000000, -0.0000000000000000000, -0.0000000000000000000 ) ) ;
#583 = ADVANCED_FACE ( 'NONE', ( #1037 ), #2403, .F. ) ;
#584 = EDGE_CURVE ( 'NONE', #4379, #3464, #3142, .T. ) ;
#585 = SURFACE_STYLE_USAGE ( .BOTH. , #3389 ) ;
#586 = VERTEX_POINT ( 'NONE', #3862 ) ;
#587 = COLOUR_RGB ( '',0.6470588235294118000, 0.5176470588235293500, 0.0000000000000000000 ) ;
#588 = FILL_AREA_STYLE ('',( #924 ) ) ;
#589 = LINE ( 'NONE', #38, #1633 ) ;
#590 = LINE ( 'NONE', #1321, #486 ) ;
#591 = CARTESIAN_POINT ( 'NONE',  ( 1.447697090170249700, 0.9248400000000001100, -0.7449219079067641600 ) ) ;
#592 = VERTEX_POINT ( 'NONE', #1757 ) ;
#593 = DIRECTION ( 'NONE',  ( 0.0000000000000000000, 1.000000000000000000, 0.0000000000000000000 ) ) ;
#594 = LINE ( 'NONE', #835, #1851 ) ;
#595 = VECTOR ( 'NONE', #3628, 1000.000000000000000 ) ;
#596 = AXIS2_PLACEMENT_3D ( 'NONE', #2960, #1568, #2595 ) ;
#597 = VECTOR ( 'NONE', #1920, 1000.000000000000000 ) ;
#598 = UNCERTAINTY_MEASURE_WITH_UNIT (LENGTH_MEASURE( 1.000000000000000100E-005 ), #785, 'distance_accuracy_value', 'NONE');
#599 = DIRECTION ( 'NONE',  ( 0.0000000000000000000, 0.0000000000000000000, -1.000000000000000000 ) ) ;
#600 = EDGE_LOOP ( 'NONE', ( #3267, #333, #576, #2080 ) ) ;
#601 = FACE_OUTER_BOUND ( 'NONE', #3453, .T. ) ;
#602 = LINE ( 'NONE', #3201, #3664 ) ;
#603 = LINE ( 'NONE', #2368, #1098 ) ;
#604 = CARTESIAN_POINT ( 'NONE',  ( 0.6996619981240500600, 0.9151112764091493500, -0.04380140292786317100 ) ) ;
#605 = VECTOR ( 'NONE', #2083, 1000.000000000000100 ) ;
#606 = STYLED_ITEM ( 'NONE', ( #4421 ), #2302 ) ;
#607 = CARTESIAN_POINT ( 'NONE',  ( 0.8402060757374382200, 0.9248400000000001100, -0.7749822147078639900 ) ) ;
#608 =( LENGTH_UNIT ( ) NAMED_UNIT ( * ) SI_UNIT ( .MILLI., .METRE. ) );
#609 = CARTESIAN_POINT ( 'NONE',  ( 0.7000007457974020100, 0.03028395988757346900, -1.392832633049602600 ) ) ;
#610 = LINE ( 'NONE', #407, #4220 ) ;
#611 = CARTESIAN_POINT ( 'NONE',  ( 0.7487418134714320900, 0.9248400000000001100, -0.7749822147078639900 ) ) ;
#612 = ORIENTED_EDGE ( 'NONE', *, *, #947, .T. ) ;
#613 = EDGE_CURVE ( 'NONE', #128, #3329, #4487, .T. ) ;
#614 = AXIS2_PLACEMENT_3D ( 'NONE', #2152, #4199, #3203 ) ;
#615 = CARTESIAN_POINT ( 'NONE',  ( 0.7000007457974020100, 0.05716736695039725100, -0.03028395988757325400 ) ) ;
#616 = CARTESIAN_POINT ( 'NONE',  ( 0.7482703236758261300, 0.9248400000000001100, -0.6192949999999999300 ) ) ;
#617 = ADVANCED_FACE ( 'NONE', ( #2188 ), #1109, .F. ) ;
#618 = ADVANCED_FACE ( 'NONE', ( #2792 ), #3610, .T. ) ;
#619 = EDGE_CURVE ( 'NONE', #191, #1151, #492, .T. ) ;
#620 = CARTESIAN_POINT ( 'NONE',  ( 0.9432126104080137400, 0.9248400000000001100, -0.7163901554708268500 ) ) ;
#621 = SURFACE_STYLE_USAGE ( .BOTH. , #246 ) ;
#622 = CARTESIAN_POINT ( 'NONE',  ( 0.6698400000000001000, 0.9198399999999999900, -1.450000000000000000 ) ) ;
#623 = DIRECTION ( 'NONE',  ( 0.0000000000000000000, 0.0000000000000000000, 1.000000000000000000 ) ) ;
#624 = ORIENTED_EDGE ( 'NONE', *, *, #561, .F. ) ;
#625 = PRESENTATION_LAYER_ASSIGNMENT (  '', '', ( #3194 ) ) ;
#626 = UNCERTAINTY_MEASURE_WITH_UNIT (LENGTH_MEASURE( 1.000000000000000100E-005 ), #721, 'distance_accuracy_value', 'NONE');
#627 = FILL_AREA_STYLE ('',( #4139 ) ) ;
#628 = ORIENTED_EDGE ( 'NONE', *, *, #3416, .T. ) ;
#629 = AXIS2_PLACEMENT_3D ( 'NONE', #1004, #324, #3843 ) ;
#630 = CARTESIAN_POINT ( 'NONE',  ( 1.145955062177842000, 0.9248400000000001100, -0.6192949999999999300 ) ) ;
#631 = VERTEX_POINT ( 'NONE', #2825 ) ;
#632 = CARTESIAN_POINT ( 'NONE',  ( 1.321880355598389800, 0.9198400000000001000, -0.6192949999999999300 ) ) ;
#633 = CARTESIAN_POINT ( 'NONE',  ( 0.7000000000000000700, 0.03015999999999977700, -0.03015999999999956200 ) ) ;
#634 = ADVANCED_FACE ( 'NONE', ( #2685 ), #1589, .T. ) ;
#635 = ORIENTED_EDGE ( 'NONE', *, *, #2022, .F. ) ;
#636 = CARTESIAN_POINT ( 'NONE',  ( 0.6995558482897681300, 0.03612577674720098000, -1.413874223252799000 ) ) ;
#637 = ORIENTED_EDGE ( 'NONE', *, *, #3685, .F. ) ;
#638 = AXIS2_PLACEMENT_3D ( 'NONE', #2364, #2983, #2303 ) ;
#639 = FACE_OUTER_BOUND ( 'NONE', #203, .T. ) ;
#640 = ADVANCED_FACE ( 'NONE', ( #1477 ), #1944, .F. ) ;
#641 = CARTESIAN_POINT ( 'NONE',  ( 2.169840000000000200, 0.9198399999999999900, -1.419840000000000000 ) ) ;
#642 = ORIENTED_EDGE ( 'NONE', *, *, #3784, .T. ) ;
#643 = LINE ( 'NONE', #176, #4523 ) ;
#644 = CARTESIAN_POINT ( 'NONE',  ( 0.8064311308146688800, 0.9248400000000001100, -0.6192949999999999300 ) ) ;
#645 = SURFACE_STYLE_FILL_AREA ( #2424 ) ;
#646 = CARTESIAN_POINT ( 'NONE',  ( 0.8187618164974057600, 0.9248400000000001100, -0.7038289321678942200 ) ) ;
#647 = AXIS2_PLACEMENT_3D ( 'NONE', #3916, #3571, #3931 ) ;
#649 = ORIENTED_EDGE ( 'NONE', *, *, #561, .T. ) ;
#648 = EDGE_CURVE ( 'NONE', #1300, #1167, #4480, .T. ) ;
#650 = VECTOR ( 'NONE', #1808, 1000.000000000000100 ) ;
#651 =( LENGTH_UNIT ( ) NAMED_UNIT ( * ) SI_UNIT ( .MILLI., .METRE. ) );
#652 = DIRECTION ( 'NONE',  ( 0.0000000000000000000, 1.000000000000000000, 0.0000000000000000000 ) ) ;
#653 = VERTEX_POINT ( 'NONE', #2649 ) ;
#654 = DIRECTION ( 'NONE',  ( 1.000000000000000000, 0.0000000000000000000, 0.0000000000000000000 ) ) ;
#655 = FACE_OUTER_BOUND ( 'NONE', #4177, .T. ) ;
#656 = FILL_AREA_STYLE_COLOUR ( '', #587 ) ;
#657 = EDGE_CURVE ( 'NONE', #1300, #2046, #3661, .T. ) ;
#658 = DIRECTION ( 'NONE',  ( 0.0000000000000000000, 0.0000000000000000000, -1.000000000000000000 ) ) ;
#659 = EDGE_LOOP ( 'NONE', ( #4299, #2282, #2095, #3662, #946, #570, #3190, #3122, #1015, #1642, #3795, #325, #691, #1511, #3983, #1192, #3962 ) ) ;
#660 = CIRCLE ( 'NONE', #395, 0.03015999999999999900 ) ;
#661 = VECTOR ( 'NONE', #4494, 1000.000000000000000 ) ;
#662 = FACE_OUTER_BOUND ( 'NONE', #4528, .T. ) ;
#663 = DIRECTION ( 'NONE',  ( 0.0000000000000000000, 0.0000000000000000000, 1.000000000000000000 ) ) ;
#664 = ORIENTED_EDGE ( 'NONE', *, *, #221, .T. ) ;
#665 = ADVANCED_FACE ( 'NONE', ( #2411 ), #2627, .T. ) ;
#666 = VECTOR ( 'NONE', #3942, 1000.000000000000100 ) ;
#667 = SURFACE_STYLE_USAGE ( .BOTH. , #2032 ) ;
#668 = STYLED_ITEM ( 'NONE', ( #1576 ), #2482 ) ;
#669 = PRESENTATION_STYLE_ASSIGNMENT (( #2104 ) ) ;
#670 = CARTESIAN_POINT ( 'NONE',  ( 0.03015999999999999600, 0.03015999999999999900, -0.03015999999999999900 ) ) ;
#671 = FILL_AREA_STYLE ('',( #1410 ) ) ;
#672 = DIRECTION ( 'NONE',  ( 0.0000000000000000000, -1.000000000000000000, 0.0000000000000000000 ) ) ;
#673 = CARTESIAN_POINT ( 'NONE',  ( 1.145955062177842000, 0.9248400000000001100, -0.6192949999999999300 ) ) ;
#674 = CARTESIAN_POINT ( 'NONE',  ( 0.03015999999999999600, 0.9198399999999999900, 0.0000000000000000000 ) ) ;
#675 = DIRECTION ( 'NONE',  ( -0.9610876102172832800, 0.0000000000000000000, -0.2762437428917283700 ) ) ;
#676 = EDGE_CURVE ( 'NONE', #3040, #2796, #2245, .T. ) ;
#677 = CARTESIAN_POINT ( 'NONE',  ( 1.321880355598389800, 0.9248400000000001100, -0.6192949999999999300 ) ) ;
#678 = DIRECTION ( 'NONE',  ( 0.0000000000000000000, 0.0000000000000000000, -1.000000000000000000 ) ) ;
#679 =( NAMED_UNIT ( * ) SI_UNIT ( $, .STERADIAN. ) SOLID_ANGLE_UNIT ( ) );
#680 = ORIENTED_EDGE ( 'NONE', *, *, #3685, .T. ) ;
#681 = CARTESIAN_POINT ( 'NONE',  ( 0.7000000000000001800, 0.8896800000000000300, -0.03015999999999956200 ) ) ;
#682 = ORIENTED_EDGE ( 'NONE', *, *, #168, .F. ) ;
#683 = CARTESIAN_POINT ( 'NONE',  ( 0.7000000000000000700, 0.9198399999999999900, -1.389680000000000200 ) ) ;
#684 =( NAMED_UNIT ( * ) PLANE_ANGLE_UNIT ( ) SI_UNIT ( $, .RADIAN. ) );
#685 = CARTESIAN_POINT ( 'NONE',  ( 0.6986773379527614300, 0.9110063405205864900, -0.03899365947941350200 ) ) ;
#686 = ORIENTED_EDGE ( 'NONE', *, *, #4254, .T. ) ;
#687 = VECTOR ( 'NONE', #4435, 1000.000000000000000 ) ;
#688 = ORIENTED_EDGE ( 'NONE', *, *, #2520, .F. ) ;
#689 = AXIS2_PLACEMENT_3D ( 'NONE', #132, #2201, #94 ) ;
#690 = DIRECTION ( 'NONE',  ( 0.2755265765475200500, 0.0000000000000000000, -0.9612934544747527800 ) ) ;
#691 = ORIENTED_EDGE ( 'NONE', *, *, #3110, .T. ) ;
#692 = FILL_AREA_STYLE_COLOUR ( '', #2841 ) ;
#693 = VERTEX_POINT ( 'NONE', #1879 ) ;
#694 = CARTESIAN_POINT ( 'NONE',  ( 1.343068987783590400, 0.9248400000000001100, -0.7163849482553281700 ) ) ;
#695 =( NAMED_UNIT ( * ) SI_UNIT ( $, .STERADIAN. ) SOLID_ANGLE_UNIT ( ) );
#696 = EDGE_CURVE ( 'NONE', #1073, #41, #2296, .T. ) ;
#697 =( GEOMETRIC_REPRESENTATION_CONTEXT ( 3 ) GLOBAL_UNCERTAINTY_ASSIGNED_CONTEXT ( ( #3704 ) ) GLOBAL_UNIT_ASSIGNED_CONTEXT ( ( #1742, #684, #2752 ) ) REPRESENTATION_CONTEXT ( 'NONE', 'WORKASPACE' ) );
#698 = ORIENTED_EDGE ( 'NONE', *, *, #2849, .F. ) ;
#699 = PRESENTATION_STYLE_ASSIGNMENT (( #2625 ) ) ;
#700 =( NAMED_UNIT ( * ) PLANE_ANGLE_UNIT ( ) SI_UNIT ( $, .RADIAN. ) );
#701 = FACE_OUTER_BOUND ( 'NONE', #2827, .T. ) ;
#702 = COLOUR_RGB ( '',0.7686274509803920900, 0.7686274509803920900, 0.7686274509803920900 ) ;
#703 = CARTESIAN_POINT ( 'NONE',  ( 0.6999537311009019800, 0.9181700301851306600, -1.399576654992993800 ) ) ;
#704 = ORIENTED_EDGE ( 'NONE', *, *, #2855, .F. ) ;
#705 = PLANE ( 'NONE',  #2811 ) ;
#706 = PRESENTATION_STYLE_ASSIGNMENT (( #389 ) ) ;
#707 = PRESENTATION_STYLE_ASSIGNMENT (( #2093 ) ) ;
#708 = VECTOR ( 'NONE', #2381, 1000.000000000000100 ) ;
#709 = EDGE_CURVE ( 'NONE', #4005, #3926, #4036, .T. ) ;
#710 = ORIENTED_EDGE ( 'NONE', *, *, #354, .T. ) ;
#711 = CIRCLE ( 'NONE', #3590, 0.03015999999999999600 ) ;
#712 = PRESENTATION_STYLE_ASSIGNMENT (( #391 ) ) ;
#713 = UNCERTAINTY_MEASURE_WITH_UNIT (LENGTH_MEASURE( 1.000000000000000100E-005 ), #3256, 'distance_accuracy_value', 'NONE');
#714 = PRODUCT ( 'CCS_CCSTDNOS_0805_L2.2W1.45T0.95B0.7', 'CCS_CCSTDNOS_0805_L2.2W1.45T0.95B0.7', '', ( #3319 ) ) ;
#715 = CARTESIAN_POINT ( 'NONE',  ( 2.169840000000000200, 0.03015999999999999900, -1.419840000000000000 ) ) ;
#716 = VERTEX_POINT ( 'NONE', #525 ) ;
#717 = PRESENTATION_STYLE_ASSIGNMENT (( #408 ) ) ;
#718 = CARTESIAN_POINT ( 'NONE',  ( 0.6698400000000001000, 0.03015999999999999900, 0.0000000000000000000 ) ) ;
#719 = MECHANICAL_DESIGN_GEOMETRIC_PRESENTATION_REPRESENTATION (  '', ( #4226 ), #2679 ) ;
#720 = LINE ( 'NONE', #2386, #4323 ) ;
#721 =( LENGTH_UNIT ( ) NAMED_UNIT ( * ) SI_UNIT ( .MILLI., .METRE. ) );
#722 = LINE ( 'NONE', #336, #274 ) ;
#723 =( NAMED_UNIT ( * ) PLANE_ANGLE_UNIT ( ) SI_UNIT ( $, .RADIAN. ) );
#724 =( NAMED_UNIT ( * ) PLANE_ANGLE_UNIT ( ) SI_UNIT ( $, .RADIAN. ) );
#725 = CARTESIAN_POINT ( 'NONE',  ( 0.6998927966324234300, 0.9027398316919053000, -0.03292877063282462900 ) ) ;
#726 = AXIS2_PLACEMENT_3D ( 'NONE', #536, #1542, #162 ) ;
#727 = CARTESIAN_POINT ( 'NONE',  ( 0.9350013053612564700, 0.9248400000000001100, -0.6876089300860261900 ) ) ;
#728 =( GEOMETRIC_REPRESENTATION_CONTEXT ( 3 ) GLOBAL_UNCERTAINTY_ASSIGNED_CONTEXT ( ( #3678 ) ) GLOBAL_UNIT_ASSIGNED_CONTEXT ( ( #537, #3282, #2237 ) ) REPRESENTATION_CONTEXT ( 'NONE', 'WORKASPACE' ) );
#729 =( NAMED_UNIT ( * ) PLANE_ANGLE_UNIT ( ) SI_UNIT ( $, .RADIAN. ) );
#730 = CARTESIAN_POINT ( 'NONE',  ( 1.498962597693164000, 0.9248400000000001100, -0.7749822147078639900 ) ) ;
#731 = DIRECTION ( 'NONE',  ( 0.0000000000000000000, 0.0000000000000000000, 1.000000000000000000 ) ) ;
#732 =( GEOMETRIC_REPRESENTATION_CONTEXT ( 3 ) GLOBAL_UNCERTAINTY_ASSIGNED_CONTEXT ( ( #3621 ) ) GLOBAL_UNIT_ASSIGNED_CONTEXT ( ( #877, #2290, #4041 ) ) REPRESENTATION_CONTEXT ( 'NONE', 'WORKASPACE' ) );
#733 = PLANE ( 'NONE',  #2834 ) ;
#734 = EDGE_CURVE ( 'NONE', #2978, #780, #148, .T. ) ;
#735 = CARTESIAN_POINT ( 'NONE',  ( 0.6698400000000001000, 0.9499999999999999600, -1.419840000000000000 ) ) ;
#736 = CARTESIAN_POINT ( 'NONE',  ( 0.7000000000000001800, 0.8896800000000000300, -0.03015999999999956200 ) ) ;
#737 = VERTEX_POINT ( 'NONE', #3322 ) ;
#738 = ADVANCED_FACE ( 'NONE', ( #3057 ), #4024, .F. ) ;
#739 = DIRECTION ( 'NONE',  ( 0.2746918797667152700, 0.0000000000000000000, -0.9615323037684320200 ) ) ;
#740 = CIRCLE ( 'NONE', #1660, 0.03015999999999999600 ) ;
#741 = ORIENTED_EDGE ( 'NONE', *, *, #2431, .F. ) ;
#742 = EDGE_CURVE ( 'NONE', #3004, #3162, #3115, .T. ) ;
#743 = SURFACE_STYLE_USAGE ( .BOTH. , #4255 ) ;
#744 = SURFACE_SIDE_STYLE ('',( #87 ) ) ;
#745 = LINE ( 'NONE', #2833, #3810 ) ;
#746 = CARTESIAN_POINT ( 'NONE',  ( 0.7487418134714320900, 0.9248400000000001100, -0.7749822147078639900 ) ) ;
#747 = PRESENTATION_STYLE_ASSIGNMENT (( #2190 ) ) ;
#748 = SURFACE_STYLE_USAGE ( .BOTH. , #1394 ) ;
#749 = ORIENTED_EDGE ( 'NONE', *, *, #4161, .F. ) ;
#750 = AXIS2_PLACEMENT_3D ( 'NONE', #4214, #2843, #831 ) ;
#751 = ORIENTED_EDGE ( 'NONE', *, *, #2855, .T. ) ;
#752 = VECTOR ( 'NONE', #1860, 1000.000000000000000 ) ;
#753 = ORIENTED_EDGE ( 'NONE', *, *, #122, .T. ) ;
#754 =( LENGTH_UNIT ( ) NAMED_UNIT ( * ) SI_UNIT ( .MILLI., .METRE. ) );
#755 = ORIENTED_EDGE ( 'NONE', *, *, #3922, .T. ) ;
#756 = AXIS2_PLACEMENT_3D ( 'NONE', #43, #1137, #3545 ) ;
#757 = EDGE_LOOP ( 'NONE', ( #3228, #3147, #1626, #3763 ) ) ;
#758 = CARTESIAN_POINT ( 'NONE',  ( 1.501069819438130700, 0.9101809399289980700, -1.411831741112315400 ) ) ;
#759 =( NAMED_UNIT ( * ) SI_UNIT ( $, .STERADIAN. ) SOLID_ANGLE_UNIT ( ) );
#760 = EDGE_CURVE ( 'NONE', #2276, #1041, #2870, .T. ) ;
#761 = CARTESIAN_POINT ( 'NONE',  ( 0.7000000000000001800, 0.05697444374258178000, -1.419840000000000400 ) ) ;
#762 = ORIENTED_EDGE ( 'NONE', *, *, #1427, .T. ) ;
#763 = VECTOR ( 'NONE', #3452, 1000.000000000000000 ) ;
#764 = CARTESIAN_POINT ( 'NONE',  ( 1.499999999999999800, 0.06031999999999988100, -0.03015999999999956200 ) ) ;
#765 =( LENGTH_UNIT ( ) NAMED_UNIT ( * ) SI_UNIT ( .MILLI., .METRE. ) );
#766 = ORIENTED_EDGE ( 'NONE', *, *, #1086, .F. ) ;
#767 = FACE_OUTER_BOUND ( 'NONE', #1225, .T. ) ;
#768 = UNCERTAINTY_MEASURE_WITH_UNIT (LENGTH_MEASURE( 1.000000000000000100E-005 ), #1749, 'distance_accuracy_value', 'NONE');
#769 = EDGE_CURVE ( 'NONE', #2943, #183, #2049, .T. ) ;
#770 = LINE ( 'NONE', #4163, #3335 ) ;
#771 = DIRECTION ( 'NONE',  ( 1.000000000000000000, 0.0000000000000000000, 0.0000000000000000000 ) ) ;
#772 = COLOUR_RGB ( '',0.6470588235294118000, 0.5176470588235293500, 0.0000000000000000000 ) ;
#773 = MECHANICAL_DESIGN_GEOMETRIC_PRESENTATION_REPRESENTATION (  '', ( #972 ), #2005 ) ;
#774 = LINE ( 'NONE', #1760, #2479 ) ;
#775 = DIRECTION ( 'NONE',  ( -0.05596501978068185700, 0.0000000000000000000, 0.9984327301130245800 ) ) ;
#776 =( LENGTH_UNIT ( ) NAMED_UNIT ( * ) SI_UNIT ( .MILLI., .METRE. ) );
#777 = CARTESIAN_POINT ( 'NONE',  ( 0.9516388314291166500, 0.9248400000000001100, -0.7453479527904718300 ) ) ;
#778 = AXIS2_PLACEMENT_3D ( 'NONE', #3229, #1152, #3611 ) ;
#779 = PLANE ( 'NONE',  #3649 ) ;
#780 = VERTEX_POINT ( 'NONE', #3675 ) ;
#781 = CARTESIAN_POINT ( 'NONE',  ( 0.8711712608538162400, 0.9248400000000001100, -0.6192949999999998200 ) ) ;
#782 = DIRECTION ( 'NONE',  ( 0.2762033010289141600, 0.0000000000000000000, -0.9610992334305188400 ) ) ;
#783 = EDGE_CURVE ( 'NONE', #3225, #2943, #2593, .T. ) ;
#784 = DIRECTION ( 'NONE',  ( -0.05375259206908434400, 0.0000000000000000000, 0.9985542843760947300 ) ) ;
#785 =( LENGTH_UNIT ( ) NAMED_UNIT ( * ) SI_UNIT ( .MILLI., .METRE. ) );
#786 = ORIENTED_EDGE ( 'NONE', *, *, #174, .F. ) ;
#787 = CARTESIAN_POINT ( 'NONE',  ( 1.106831524996642100, 0.9248400000000001100, -0.6637572681852819100 ) ) ;
#788 =( NAMED_UNIT ( * ) SI_UNIT ( $, .STERADIAN. ) SOLID_ANGLE_UNIT ( ) );
#790 = ORIENTED_EDGE ( 'NONE', *, *, #1862, .T. ) ;
#789 =( GEOMETRIC_REPRESENTATION_CONTEXT ( 3 ) GLOBAL_UNCERTAINTY_ASSIGNED_CONTEXT ( ( #598 ) ) GLOBAL_UNIT_ASSIGNED_CONTEXT ( ( #785, #1127, #2513 ) ) REPRESENTATION_CONTEXT ( 'NONE', 'WORKASPACE' ) );
#791 = CARTESIAN_POINT ( 'NONE',  ( 1.276256629218999000, 0.9248400000000001100, -0.7163849482553281700 ) ) ;
#792 = ORIENTED_EDGE ( 'NONE', *, *, #4482, .T. ) ;
#793 = VECTOR ( 'NONE', #1558, 1000.000000000000000 ) ;
#794 =( NAMED_UNIT ( * ) SI_UNIT ( $, .STERADIAN. ) SOLID_ANGLE_UNIT ( ) );
#795 = CARTESIAN_POINT ( 'NONE',  ( 0.03015999999999999900, 0.03015999999999999900, -0.03015999999999999900 ) ) ;
#796 = ORIENTED_EDGE ( 'NONE', *, *, #742, .T. ) ;
#797 = FACE_OUTER_BOUND ( 'NONE', #2231, .T. ) ;
#798 = ORIENTED_EDGE ( 'NONE', *, *, #3605, .F. ) ;
#799 = AXIS2_PLACEMENT_3D ( 'NONE', #1381, #4179, #4538 ) ;
#800 = CARTESIAN_POINT ( 'NONE',  ( 1.500338001875949600, 0.04380140292786292900, -1.415111276409149400 ) ) ;
#801 = ORIENTED_EDGE ( 'NONE', *, *, #1376, .T. ) ;
#802 = CARTESIAN_POINT ( 'NONE',  ( 1.530159999999999500, 0.03015999999999999900, 0.0000000000000000000 ) ) ;
#803 = DIRECTION ( 'NONE',  ( -0.0000000000000000000, 0.0000000000000000000, 1.000000000000000000 ) ) ;
#804 = VECTOR ( 'NONE', #2562, 1000.000000000000000 ) ;
#805 = LINE ( 'NONE', #1793, #3822 ) ;
#806 =( GEOMETRIC_REPRESENTATION_CONTEXT ( 3 ) GLOBAL_UNCERTAINTY_ASSIGNED_CONTEXT ( ( #895 ) ) GLOBAL_UNIT_ASSIGNED_CONTEXT ( ( #1979, #3748, #1653 ) ) REPRESENTATION_CONTEXT ( 'NONE', 'WORKASPACE' ) );
#807 = VERTEX_POINT ( 'NONE', #1627 ) ;
#808 = FACE_OUTER_BOUND ( 'NONE', #3601, .T. ) ;
#809 = CARTESIAN_POINT ( 'NONE',  ( 0.0000000000000000000, 0.9198399999999999900, -1.419840000000000000 ) ) ;
#810 = CARTESIAN_POINT ( 'NONE',  ( 0.03015999999999999600, 0.0000000000000000000, -1.419840000000000000 ) ) ;
#811 = ADVANCED_FACE ( 'NONE', ( #655 ), #3444, .T. ) ;
#812 = DIRECTION ( 'NONE',  ( 0.0000000000000000000, 0.0000000000000000000, 1.000000000000000000 ) ) ;
#813 = ORIENTED_EDGE ( 'NONE', *, *, #2530, .F. ) ;
#814 = LINE ( 'NONE', #558, #3716 ) ;
#815 = SURFACE_STYLE_FILL_AREA ( #24 ) ;
#816 = MECHANICAL_DESIGN_GEOMETRIC_PRESENTATION_REPRESENTATION (  '', ( #2375 ), #3395 ) ;
#817 = SURFACE_STYLE_FILL_AREA ( #3339 ) ;
#818 = FILL_AREA_STYLE_COLOUR ( '', #2777 ) ;
#819 = ORIENTED_EDGE ( 'NONE', *, *, #2877, .T. ) ;
#820 = CARTESIAN_POINT ( 'NONE',  ( 1.010035383403073300, 0.9198400000000001000, -0.7163901554708268500 ) ) ;
#821 = VECTOR ( 'NONE', #1998, 1000.000000000000000 ) ;
#822 = PLANE ( 'NONE',  #2742 ) ;
#823 = UNCERTAINTY_MEASURE_WITH_UNIT (LENGTH_MEASURE( 1.000000000000000100E-005 ), #2527, 'distance_accuracy_value', 'NONE');
#824 = CARTESIAN_POINT ( 'NONE',  ( 1.276256629218999000, 0.9248400000000001100, -0.7163849482553281700 ) ) ;
#825 = COLOUR_RGB ( '',0.7921568627450980000, 0.8196078431372548800, 0.9333333333333333500 ) ;
#826 = SURFACE_STYLE_USAGE ( .BOTH. , #2556 ) ;
#827 = EDGE_CURVE ( 'NONE', #2906, #4431, #3002, .T. ) ;
#828 = CARTESIAN_POINT ( 'NONE',  ( 0.0000000000000000000, 0.03015999999999999900, -0.03015999999999999900 ) ) ;
#829 =( NAMED_UNIT ( * ) SI_UNIT ( $, .STERADIAN. ) SOLID_ANGLE_UNIT ( ) );
#830 =( GEOMETRIC_REPRESENTATION_CONTEXT ( 3 ) GLOBAL_UNCERTAINTY_ASSIGNED_CONTEXT ( ( #1579 ) ) GLOBAL_UNIT_ASSIGNED_CONTEXT ( ( #1535, #4038, #4394 ) ) REPRESENTATION_CONTEXT ( 'NONE', 'WORKASPACE' ) );
#831 = DIRECTION ( 'NONE',  ( 0.0000000000000000000, 1.000000000000000000, 0.0000000000000000000 ) ) ;
#832 = CARTESIAN_POINT ( 'NONE',  ( 0.7000000000000000700, 0.9198399999999999900, -1.450000000000000000 ) ) ;
#833 = ORIENTED_EDGE ( 'NONE', *, *, #4534, .T. ) ;
#834 = CARTESIAN_POINT ( 'NONE',  ( 2.200000000000000200, 0.9198399999999999900, -1.419840000000000000 ) ) ;
#835 = CARTESIAN_POINT ( 'NONE',  ( 1.284682850239918100, 0.9248400000000001100, -0.7453427455750563100 ) ) ;
#836 =( GEOMETRIC_REPRESENTATION_CONTEXT ( 3 ) GLOBAL_UNCERTAINTY_ASSIGNED_CONTEXT ( ( #4156 ) ) GLOBAL_UNIT_ASSIGNED_CONTEXT ( ( #345, #4225, #1765 ) ) REPRESENTATION_CONTEXT ( 'NONE', 'WORKASPACE' ) );
#837 = CARTESIAN_POINT ( 'NONE',  ( 1.257000347270177800, 0.9248400000000001100, -0.6489202676364155300 ) ) ;
#838 = CARTESIAN_POINT ( 'NONE',  ( 2.200000000000000200, 0.9198399999999999900, -0.03015999999999999900 ) ) ;
#839 = EDGE_LOOP ( 'NONE', ( #2305, #798, #3098, #3359 ) ) ;
#840 = CARTESIAN_POINT ( 'NONE',  ( 2.200000000000000200, 0.9499999999999999600, 0.0000000000000000000 ) ) ;
#841 = EDGE_CURVE ( 'NONE', #4520, #2313, #1358, .T. ) ;
#842 = PRESENTATION_LAYER_ASSIGNMENT (  '', '', ( #47 ) ) ;
#843 = UNCERTAINTY_MEASURE_WITH_UNIT (LENGTH_MEASURE( 1.000000000000000100E-005 ), #765, 'distance_accuracy_value', 'NONE');
#844 = EDGE_LOOP ( 'NONE', ( #4454, #2336, #1506, #1115 ) ) ;
#845 = CARTESIAN_POINT ( 'NONE',  ( 1.530159999999999500, 0.0000000000000000000, -1.450000000000000000 ) ) ;
#846 = PRESENTATION_LAYER_ASSIGNMENT (  '', '', ( #3749 ) ) ;
#847 = CARTESIAN_POINT ( 'NONE',  ( 0.6698400000000001000, 0.03015999999999999900, -1.419840000000000000 ) ) ;
#848 = VECTOR ( 'NONE', #479, 1000.000000000000200 ) ;
#849 = DIRECTION ( 'NONE',  ( 1.000000000000000000, 0.0000000000000000000, 0.0000000000000000000 ) ) ;
#850 = VERTEX_POINT ( 'NONE', #4469 ) ;
#851 = EDGE_CURVE ( 'NONE', #2269, #359, #2517, .T. ) ;
#852 = SURFACE_SIDE_STYLE ('',( #2532 ) ) ;
#853 = FILL_AREA_STYLE_COLOUR ( '', #4204 ) ;
#854 = EDGE_LOOP ( 'NONE', ( #3824, #4403, #1339, #4203, #1580, #1509 ) ) ;
#855 = SURFACE_STYLE_FILL_AREA ( #4051 ) ;
#856 = ORIENTED_EDGE ( 'NONE', *, *, #3873, .T. ) ;
#857 = DIRECTION ( 'NONE',  ( 0.0000000000000000000, -1.000000000000000000, 0.0000000000000000000 ) ) ;
#858 = EDGE_LOOP ( 'NONE', ( #870, #2007, #3923, #490 ) ) ;
#859 = VECTOR ( 'NONE', #1818, 1000.000000000000000 ) ;
#860 = CARTESIAN_POINT ( 'NONE',  ( 0.6698400000000001000, 0.9499999999999999600, 0.0000000000000000000 ) ) ;
#861 = ORIENTED_EDGE ( 'NONE', *, *, #316, .F. ) ;
#862 = DIRECTION ( 'NONE',  ( -0.0000000000000000000, 1.000000000000000000, 0.0000000000000000000 ) ) ;
#863 = VECTOR ( 'NONE', #3477, 1000.000000000000000 ) ;
#864 = STYLED_ITEM ( 'NONE', ( #926 ), #1778 ) ;
#865 = DIRECTION ( 'NONE',  ( 0.0000000000000000000, 0.0000000000000000000, -1.000000000000000000 ) ) ;
#866 = DIRECTION ( 'NONE',  ( 1.000000000000000000, -0.0000000000000000000, -0.0000000000000000000 ) ) ;
#867 = ORIENTED_EDGE ( 'NONE', *, *, #4509, .T. ) ;
#868 = EDGE_CURVE ( 'NONE', #1073, #3860, #3823, .T. ) ;
#869 = MECHANICAL_DESIGN_GEOMETRIC_PRESENTATION_REPRESENTATION (  '', ( #3914 ), #4474 ) ;
#870 = ORIENTED_EDGE ( 'NONE', *, *, #2417, .T. ) ;
#871 = DIRECTION ( 'NONE',  ( -0.7145695586381789500, 0.0000000000000000000, 0.6995643972270444400 ) ) ;
#872 = VECTOR ( 'NONE', #782, 1000.000000000000200 ) ;
#873 = LINE ( 'NONE', #2888, #1702 ) ;
#874 = ORIENTED_EDGE ( 'NONE', *, *, #3895, .T. ) ;
#875 =( GEOMETRIC_REPRESENTATION_CONTEXT ( 3 ) GLOBAL_UNCERTAINTY_ASSIGNED_CONTEXT ( ( #2279 ) ) GLOBAL_UNIT_ASSIGNED_CONTEXT ( ( #22, #64, #435 ) ) REPRESENTATION_CONTEXT ( 'NONE', 'WORKASPACE' ) );
#876 = EDGE_CURVE ( 'NONE', #1466, #2882, #4531, .T. ) ;
#877 =( LENGTH_UNIT ( ) NAMED_UNIT ( * ) SI_UNIT ( .MILLI., .METRE. ) );
#878 = ORIENTED_EDGE ( 'NONE', *, *, #709, .T. ) ;
#879 = CARTESIAN_POINT ( 'NONE',  ( 1.022571517396287900, 0.9198400000000001000, -0.7453479527904718300 ) ) ;
#880 = PLANE ( 'NONE',  #3573 ) ;
#881 = CYLINDRICAL_SURFACE ( 'NONE', #1223, 0.03015999999999999600 ) ;
#882 = EDGE_CURVE ( 'NONE', #1235, #1570, #2179, .T. ) ;
#883 = CARTESIAN_POINT ( 'NONE',  ( 1.530159999999999500, 0.03015999999999999900, -1.419840000000000000 ) ) ;
#884 = CARTESIAN_POINT ( 'NONE',  ( 1.145955062177842000, 0.9198400000000001000, -0.6192949999999999300 ) ) ;
#885 = DIRECTION ( 'NONE',  ( 0.0000000000000000000, 0.0000000000000000000, 1.000000000000000000 ) ) ;
#886 = AXIS2_PLACEMENT_3D ( 'NONE', #3372, #4412, #2337 ) ;
#887 = CARTESIAN_POINT ( 'NONE',  ( 1.249035201614408200, 0.9248400000000001100, -0.7749822147078639900 ) ) ;
#888 = DIRECTION ( 'NONE',  ( 0.2745159998572619900, 0.0000000000000000000, -0.9615825319869156800 ) ) ;
#889 = DIRECTION ( 'NONE',  ( 1.000000000000000000, 0.0000000000000000000, 0.0000000000000000000 ) ) ;
#890 = AXIS2_PLACEMENT_3D ( 'NONE', #1166, #482, #521 ) ;
#891 = ORIENTED_EDGE ( 'NONE', *, *, #2109, .F. ) ;
#892 =( NAMED_UNIT ( * ) PLANE_ANGLE_UNIT ( ) SI_UNIT ( $, .RADIAN. ) );
#893 =( NAMED_UNIT ( * ) SI_UNIT ( $, .STERADIAN. ) SOLID_ANGLE_UNIT ( ) );
#894 = COLOUR_RGB ( '',0.7921568627450980000, 0.8196078431372548800, 0.9333333333333333500 ) ;
#895 = UNCERTAINTY_MEASURE_WITH_UNIT (LENGTH_MEASURE( 1.000000000000000100E-005 ), #1979, 'distance_accuracy_value', 'NONE');
#896 = ORIENTED_EDGE ( 'NONE', *, *, #996, .T. ) ;
#897 = PRESENTATION_LAYER_ASSIGNMENT (  '', '', ( #438 ) ) ;
#898 = SURFACE_STYLE_USAGE ( .BOTH. , #3379 ) ;
#899 = ORIENTED_EDGE ( 'NONE', *, *, #1197, .F. ) ;
#900 = ORIENTED_EDGE ( 'NONE', *, *, #3279, .T. ) ;
#901 = DIRECTION ( 'NONE',  ( 0.0000000000000000000, 0.0000000000000000000, 1.000000000000000000 ) ) ;
#903 = VERTEX_POINT ( 'NONE', #294 ) ;
#902 = EDGE_CURVE ( 'NONE', #538, #3284, #379, .T. ) ;
#904 = DIRECTION ( 'NONE',  ( -0.9610992334305189500, 0.0000000000000000000, -0.2762033010289141600 ) ) ;
#905 = FILL_AREA_STYLE_COLOUR ( '', #154 ) ;
#906 = ORIENTED_EDGE ( 'NONE', *, *, #990, .F. ) ;
#907 = DIRECTION ( 'NONE',  ( 0.0000000000000000000, -1.000000000000000000, -0.0000000000000000000 ) ) ;
#908 = VERTEX_POINT ( 'NONE', #4488 ) ;
#909 = FACE_OUTER_BOUND ( 'NONE', #2070, .T. ) ;
#910 = CARTESIAN_POINT ( 'NONE',  ( 0.6999977351329059700, 0.05561274264349747000, -0.03052961013716535800 ) ) ;
#911 = PRESENTATION_STYLE_ASSIGNMENT (( #1805 ) ) ;
#912 = AXIS2_PLACEMENT_3D ( 'NONE', #4473, #2761, #3097 ) ;
#913 = ORIENTED_EDGE ( 'NONE', *, *, #1763, .F. ) ;
#914 = LINE ( 'NONE', #4147, #3602 ) ;
#915 = CARTESIAN_POINT ( 'NONE',  ( 1.499999254202597700, 0.9197160401124262500, -1.392832633049602600 ) ) ;
#916 = SURFACE_STYLE_FILL_AREA ( #2731 ) ;
#917 = FACE_OUTER_BOUND ( 'NONE', #1621, .T. ) ;
#918 = CARTESIAN_POINT ( 'NONE',  ( 0.6986773379527614300, 0.9110063405205864900, -0.03899365947941350200 ) ) ;
#919 = MECHANICAL_DESIGN_GEOMETRIC_PRESENTATION_REPRESENTATION (  '', ( #864 ), #2596 ) ;
#920 = EDGE_LOOP ( 'NONE', ( #2879, #2890, #3870, #4410 ) ) ;
#921 = VECTOR ( 'NONE', #945, 1000.000000000000000 ) ;
#922 = CARTESIAN_POINT ( 'NONE',  ( 0.7482703236758261300, 0.9198400000000001000, -0.6192949999999999300 ) ) ;
#923 = CARTESIAN_POINT ( 'NONE',  ( 0.7740403586283415300, 0.9248400000000001100, -0.7085911671949841600 ) ) ;
#924 = FILL_AREA_STYLE_COLOUR ( '', #3266 ) ;
#925 = VERTEX_POINT ( 'NONE', #3496 ) ;
#926 = PRESENTATION_STYLE_ASSIGNMENT (( #1715 ) ) ;
#927 = VECTOR ( 'NONE', #1984, 1000.000000000000000 ) ;
#928 = EDGE_CURVE ( 'NONE', #2404, #2106, #428, .T. ) ;
#929 = AXIS2_PLACEMENT_3D ( 'NONE', #674, #3070, #3461 ) ;
#930 = VECTOR ( 'NONE', #457, 1000.000000000000000 ) ;
#931 = DIRECTION ( 'NONE',  ( 0.3725077383644723700, 0.0000000000000000000, 0.9280290862136734200 ) ) ;
#932 = ADVANCED_FACE ( 'NONE', ( #1189 ), #1353, .T. ) ;
#933 = CARTESIAN_POINT ( 'NONE',  ( 0.6698400000000001000, 0.0000000000000000000, -1.419840000000000000 ) ) ;
#934 = VERTEX_POINT ( 'NONE', #3798 ) ;
#935 = EDGE_CURVE ( 'NONE', #1939, #4286, #374, .T. ) ;
#936 = CARTESIAN_POINT ( 'NONE',  ( 1.185517590020640700, 0.9198400000000001000, -0.6192949999999999300 ) ) ;
#937 = DIRECTION ( 'NONE',  ( 1.123385871690053800E-016, -0.0000000000000000000, 1.000000000000000000 ) ) ;
#938 = AXIS2_PLACEMENT_3D ( 'NONE', #2912, #803, #2875 ) ;
#939 = DIRECTION ( 'NONE',  ( 0.0000000000000000000, 0.0000000000000000000, 1.000000000000000000 ) ) ;
#940 =( NAMED_UNIT ( * ) PLANE_ANGLE_UNIT ( ) SI_UNIT ( $, .RADIAN. ) );
#941 = CARTESIAN_POINT ( 'NONE',  ( 1.500180287205763700, 0.9165472168648489700, -1.403383220714021300 ) ) ;
#942 = AXIS2_PLACEMENT_3D ( 'NONE', #498, #2915, #1894 ) ;
#943 = ORIENTED_EDGE ( 'NONE', *, *, #4247, .F. ) ;
#944 = CARTESIAN_POINT ( 'NONE',  ( 0.6998197127942359400, 0.9165472168648490800, -0.04661677928597882100 ) ) ;
#945 = DIRECTION ( 'NONE',  ( 0.0000000000000000000, 0.0000000000000000000, 1.000000000000000000 ) ) ;
#946 = ORIENTED_EDGE ( 'NONE', *, *, #1231, .T. ) ;
#947 = EDGE_CURVE ( 'NONE', #1073, #1130, #3109, .T. ) ;
#948 = FILL_AREA_STYLE ('',( #233 ) ) ;
#949 = PRESENTATION_LAYER_ASSIGNMENT (  '', '', ( #4151 ) ) ;
#950 = DIRECTION ( 'NONE',  ( 0.0000000000000000000, 0.0000000000000000000, 1.000000000000000000 ) ) ;
#951 = PRESENTATION_STYLE_ASSIGNMENT (( #2534 ) ) ;
#952 = UNCERTAINTY_MEASURE_WITH_UNIT (LENGTH_MEASURE( 1.000000000000000100E-005 ), #1777, 'distance_accuracy_value', 'NONE');
#953 = VERTEX_POINT ( 'NONE', #342 ) ;
#954 = SURFACE_STYLE_USAGE ( .BOTH. , #1295 ) ;
#955 = ORIENTED_EDGE ( 'NONE', *, *, #493, .F. ) ;
#956 = VECTOR ( 'NONE', #4035, 1000.000000000000000 ) ;
#957 = ORIENTED_EDGE ( 'NONE', *, *, #4509, .F. ) ;
#958 = EDGE_CURVE ( 'NONE', #367, #3492, #3163, .T. ) ;
#959 = CIRCLE ( 'NONE', #3001, 0.03015999999999999600 ) ;
#960 = DIRECTION ( 'NONE',  ( 0.0000000000000000000, 0.0000000000000000000, -1.000000000000000000 ) ) ;
#961 = ORIENTED_EDGE ( 'NONE', *, *, #1583, .F. ) ;
#962 =( NAMED_UNIT ( * ) PLANE_ANGLE_UNIT ( ) SI_UNIT ( $, .RADIAN. ) );
#963 = LINE ( 'NONE', #2868, #859 ) ;
#964 = LINE ( 'NONE', #3635, #3871 ) ;
#965 = EDGE_CURVE ( 'NONE', #4401, #4431, #3596, .T. ) ;
#966 = CARTESIAN_POINT ( 'NONE',  ( 0.8914412866102086100, 0.9248400000000001100, -0.7749822147078639900 ) ) ;
#967 = ORIENTED_EDGE ( 'NONE', *, *, #13, .F. ) ;
#968 = LINE ( 'NONE', #4176, #2621 ) ;
#969 = SURFACE_STYLE_FILL_AREA ( #2856 ) ;
#970 = ORIENTED_EDGE ( 'NONE', *, *, #1983, .F. ) ;
#971 = DIRECTION ( 'NONE',  ( 0.0000000000000000000, -1.000000000000000000, 0.0000000000000000000 ) ) ;
#972 = STYLED_ITEM ( 'NONE', ( #4377 ), #634 ) ;
#973 = ADVANCED_FACE ( 'NONE', ( #808 ), #2807, .F. ) ;
#974 = ADVANCED_FACE ( 'NONE', ( #1903 ), #2569, .T. ) ;
#975 = SURFACE_STYLE_USAGE ( .BOTH. , #3769 ) ;
#976 = EDGE_LOOP ( 'NONE', ( #3012, #351, #1329 ) ) ;
#977 = COLOUR_RGB ( '',0.7686274509803920900, 0.7686274509803920900, 0.7686274509803920900 ) ;
#978 = LINE ( 'NONE', #1416, #872 ) ;
#979 = CARTESIAN_POINT ( 'NONE',  ( 0.7724994961765853100, 0.9248400000000001100, -0.7038289321678913300 ) ) ;
#980 = FACE_OUTER_BOUND ( 'NONE', #1724, .T. ) ;
#981 = CARTESIAN_POINT ( 'NONE',  ( 0.6986773379527614300, 0.03899365947941339100, -0.03899365947941339800 ) ) ;
#982 = VECTOR ( 'NONE', #690, 1000.000000000000000 ) ;
#983 =( GEOMETRIC_REPRESENTATION_CONTEXT ( 3 ) GLOBAL_UNCERTAINTY_ASSIGNED_CONTEXT ( ( #3341 ) ) GLOBAL_UNIT_ASSIGNED_CONTEXT ( ( #3848, #2430, #679 ) ) REPRESENTATION_CONTEXT ( 'NONE', 'WORKASPACE' ) );
#984 = CARTESIAN_POINT ( 'NONE',  ( 1.112427223412267000, 0.9248400000000001100, -0.6192949999999999300 ) ) ;
#985 = CARTESIAN_POINT ( 'NONE',  ( 2.169840000000000200, 0.0000000000000000000, -1.450000000000000000 ) ) ;
#986 = UNCERTAINTY_MEASURE_WITH_UNIT (LENGTH_MEASURE( 1.000000000000000100E-005 ), #3894, 'distance_accuracy_value', 'NONE');
#987 =( LENGTH_UNIT ( ) NAMED_UNIT ( * ) SI_UNIT ( .MILLI., .METRE. ) );
#988 = VECTOR ( 'NONE', #888, 1000.000000000000100 ) ;
#989 = CARTESIAN_POINT ( 'NONE',  ( 1.343068987783590400, 0.9248400000000001100, -0.7163849482553281700 ) ) ;
#990 = EDGE_CURVE ( 'NONE', #1447, #1009, #4200, .T. ) ;
#991 = PRESENTATION_LAYER_ASSIGNMENT (  '', '', ( #2433 ) ) ;
#992 = SURFACE_SIDE_STYLE ('',( #1050 ) ) ;
#993 = CARTESIAN_POINT ( 'NONE',  ( 1.530159999999999500, 0.9198399999999999900, -0.03015999999999999600 ) ) ;
#994 = CARTESIAN_POINT ( 'NONE',  ( 1.001814610692253400, 0.9198400000000001000, -0.6876089300860261900 ) ) ;
#995 = PLANE ( 'NONE',  #3718 ) ;
#996 = EDGE_CURVE ( 'NONE', #4052, #3932, #589, .T. ) ;
#997 = CARTESIAN_POINT ( 'NONE',  ( 1.501322662047238200, 0.9110063405205864900, -0.03899365947941355700 ) ) ;
#998 = CARTESIAN_POINT ( 'NONE',  ( 0.03015999999999999600, 0.9499999999999999600, -1.450000000000000000 ) ) ;
#999 = SURFACE_STYLE_USAGE ( .BOTH. , #3141 ) ;
#1000 = ADVANCED_FACE ( 'NONE', ( #2021 ), #415, .F. ) ;
#1001 = DIRECTION ( 'NONE',  ( 0.2729786930695101100, 0.0000000000000000000, -0.9620200793798755500 ) ) ;
#1002 = EDGE_LOOP ( 'NONE', ( #3695, #1262, #70, #2409 ) ) ;
#1003 = AXIS2_PLACEMENT_3D ( 'NONE', #2642, #541, #1244 ) ;
#1004 = CARTESIAN_POINT ( 'NONE',  ( 0.9159717739674777500, 0.9248400000000001100, -0.7749822147078639900 ) ) ;
#1005 = ORIENTED_EDGE ( 'NONE', *, *, #3743, .F. ) ;
#1006 = AXIS2_PLACEMENT_3D ( 'NONE', #2803, #1337, #1398 ) ;
#1007 = CARTESIAN_POINT ( 'NONE',  ( 1.276256629218999000, 0.9198400000000001000, -0.7163849482553281700 ) ) ;
#1008 = FACE_OUTER_BOUND ( 'NONE', #2516, .T. ) ;
#1009 = VERTEX_POINT ( 'NONE', #3911 ) ;
#1010 = DIRECTION ( 'NONE',  ( 1.000000000000000000, -0.0000000000000000000, 0.0000000000000000000 ) ) ;
#1011 = DIRECTION ( 'NONE',  ( 0.0000000000000000000, -1.000000000000000000, 0.0000000000000000000 ) ) ;
#1012 = ORIENTED_EDGE ( 'NONE', *, *, #935, .F. ) ;
#1013 = EDGE_CURVE ( 'NONE', #2404, #2815, #4031, .T. ) ;
#1014 = VECTOR ( 'NONE', #263, 1000.000000000000000 ) ;
#1015 = ORIENTED_EDGE ( 'NONE', *, *, #2109, .T. ) ;
#1016 = PRESENTATION_LAYER_ASSIGNMENT (  '', '', ( #3212 ) ) ;
#1017 = CARTESIAN_POINT ( 'NONE',  ( 1.185517590020640700, 0.9198400000000001000, -0.6192949999999999300 ) ) ;
#1018 = EDGE_LOOP ( 'NONE', ( #3383, #3352, #682, #2134 ) ) ;
#1019 = CARTESIAN_POINT ( 'NONE',  ( 0.7000000000000000700, 0.9198399999999999900, -1.393025556257418300 ) ) ;
#1020 = EDGE_LOOP ( 'NONE', ( #2247, #357, #3414, #3486 ) ) ;
#1021 = SURFACE_SIDE_STYLE ('',( #3399 ) ) ;
#1023 = EDGE_CURVE ( 'NONE', #1367, #1041, #285, .T. ) ;
#1022 = ORIENTED_EDGE ( 'NONE', *, *, #2338, .T. ) ;
#1024 = ADVANCED_FACE ( 'NONE', ( #3052 ), #1739, .T. ) ;
#1025 = FACE_OUTER_BOUND ( 'NONE', #3166, .T. ) ;
#1026 = DIRECTION ( 'NONE',  ( 0.0000000000000000000, 0.0000000000000000000, 1.000000000000000000 ) ) ;
#1027 = CARTESIAN_POINT ( 'NONE',  ( 0.7000000000000000700, 0.9198399999999999900, -1.419840000000000400 ) ) ;
#1028 = ORIENTED_EDGE ( 'NONE', *, *, #3845, .F. ) ;
#1029 = ORIENTED_EDGE ( 'NONE', *, *, #462, .T. ) ;
#1030 = FILL_AREA_STYLE_COLOUR ( '', #702 ) ;
#1031 = AXIS2_PLACEMENT_3D ( 'NONE', #3264, #3204, #458 ) ;
#1032 = LINE ( 'NONE', #526, #93 ) ;
#1033 = CARTESIAN_POINT ( 'NONE',  ( 0.8538016412147139100, 0.9248400000000001100, -0.6192949999999999300 ) ) ;
#1034 = ORIENTED_EDGE ( 'NONE', *, *, #4399, .F. ) ;
#1035 = LINE ( 'NONE', #3996, #1414 ) ;
#1036 = VECTOR ( 'NONE', #4367, 1000.000000000000000 ) ;
#1037 = FACE_OUTER_BOUND ( 'NONE', #404, .T. ) ;
#1038 = COLOUR_RGB ( '',0.7686274509803920900, 0.7686274509803920900, 0.7686274509803920900 ) ;
#1039 = FILL_AREA_STYLE ('',( #3121 ) ) ;
#1040 = PRESENTATION_LAYER_ASSIGNMENT (  '', '', ( #4019 ) ) ;
#1041 = VERTEX_POINT ( 'NONE', #1764 ) ;
#1042 = SPHERICAL_SURFACE ( 'NONE', #1031, 0.03015999999999999900 ) ;
#1043 = CIRCLE ( 'NONE', #3129, 0.03015999999999999600 ) ;
#1044 = DIRECTION ( 'NONE',  ( 1.000000000000000000, 0.0000000000000000000, 0.0000000000000000000 ) ) ;
#1045 = UNCERTAINTY_MEASURE_WITH_UNIT (LENGTH_MEASURE( 1.000000000000000100E-005 ), #371, 'distance_accuracy_value', 'NONE');
#1046 =( NAMED_UNIT ( * ) SI_UNIT ( $, .STERADIAN. ) SOLID_ANGLE_UNIT ( ) );
#1047 = AXIS2_PLACEMENT_3D ( 'NONE', #3297, #1210, #4000 ) ;
#1048 = DIRECTION ( 'NONE',  ( 0.0000000000000000000, 0.0000000000000000000, 1.000000000000000000 ) ) ;
#1049 = DIRECTION ( 'NONE',  ( 0.0000000000000000000, -0.0000000000000000000, -1.000000000000000000 ) ) ;
#1050 = SURFACE_STYLE_FILL_AREA ( #627 ) ;
#1051 =( GEOMETRIC_REPRESENTATION_CONTEXT ( 3 ) GLOBAL_UNCERTAINTY_ASSIGNED_CONTEXT ( ( #1798 ) ) GLOBAL_UNIT_ASSIGNED_CONTEXT ( ( #2274, #3349, #3007 ) ) REPRESENTATION_CONTEXT ( 'NONE', 'WORKASPACE' ) );
#1052 = SURFACE_SIDE_STYLE ('',( #4321 ) ) ;
#1053 = CARTESIAN_POINT ( 'NONE',  ( 0.6986773379527614300, 0.03899365947941339800, -1.411006340520586600 ) ) ;
#1054 = DIRECTION ( 'NONE',  ( 0.0000000000000000000, 0.0000000000000000000, 1.000000000000000000 ) ) ;
#1055 = EDGE_CURVE ( 'NONE', #1611, #2126, #4365, .T. ) ;
#1056 = DIRECTION ( 'NONE',  ( 1.000000000000000000, 0.0000000000000000000, 0.0000000000000000000 ) ) ;
#1057 = FILL_AREA_STYLE_COLOUR ( '', #2181 ) ;
#1058 = SURFACE_SIDE_STYLE ('',( #535 ) ) ;
#1059 = ORIENTED_EDGE ( 'NONE', *, *, #3516, .T. ) ;
#1060 = CARTESIAN_POINT ( 'NONE',  ( 0.7000146003005065500, 0.05358313352535740800, -1.419267654042099200 ) ) ;
#1061 = CARTESIAN_POINT ( 'NONE',  ( 0.6996619981240500600, 0.9061985970721369000, -1.415111276409149400 ) ) ;
#1062 =( GEOMETRIC_REPRESENTATION_CONTEXT ( 3 ) GLOBAL_UNCERTAINTY_ASSIGNED_CONTEXT ( ( #2787 ) ) GLOBAL_UNIT_ASSIGNED_CONTEXT ( ( #3706, #962, #1646 ) ) REPRESENTATION_CONTEXT ( 'NONE', 'WORKASPACE' ) );
#1063 = PRESENTATION_STYLE_ASSIGNMENT (( #2998 ) ) ;
#1064 = ORIENTED_EDGE ( 'NONE', *, *, #3427, .T. ) ;
#1065 = CARTESIAN_POINT ( 'NONE',  ( 0.6986773379527614300, 0.9110063405205864900, -1.411006340520586400 ) ) ;
#1066 = CARTESIAN_POINT ( 'NONE',  ( 2.169840000000000200, 0.9198399999999999900, -0.03015999999999999900 ) ) ;
#1067 = VECTOR ( 'NONE', #2854, 1000.000000000000000 ) ;
#1068 = ORIENTED_EDGE ( 'NONE', *, *, #4368, .F. ) ;
#1069 = ADVANCED_FACE ( 'NONE', ( #2461 ), #2112, .F. ) ;
#1070 = AXIS2_PLACEMENT_3D ( 'NONE', #3756, #3454, #3739 ) ;
#1071 =( LENGTH_UNIT ( ) NAMED_UNIT ( * ) SI_UNIT ( .MILLI., .METRE. ) );
#1072 = CARTESIAN_POINT ( 'NONE',  ( 2.169840000000000200, 0.03015999999999999900, 0.0000000000000000000 ) ) ;
#1073 = VERTEX_POINT ( 'NONE', #1134 ) ;
#1074 = EDGE_LOOP ( 'NONE', ( #3249, #3252, #741, #61 ) ) ;
#1075 = VECTOR ( 'NONE', #3633, 1000.000000000000100 ) ;
#1076 = DIRECTION ( 'NONE',  ( 0.0000000000000000000, -1.000000000000000000, 0.0000000000000000000 ) ) ;
#1077 = SURFACE_STYLE_USAGE ( .BOTH. , #3116 ) ;
#1078 = EDGE_CURVE ( 'NONE', #3040, #1611, #3375, .T. ) ;
#1079 = STYLED_ITEM ( 'NONE', ( #3997 ), #3373 ) ;
#1080 = EDGE_LOOP ( 'NONE', ( #1685, #1835, #3472, #2573 ) ) ;
#1081 = DIRECTION ( 'NONE',  ( 0.0000000000000000000, -1.000000000000000000, 0.0000000000000000000 ) ) ;
#1082 = ORIENTED_EDGE ( 'NONE', *, *, #1666, .T. ) ;
#1083 = CARTESIAN_POINT ( 'NONE',  ( 0.6991323251551341300, 0.9092975470425034300, -0.03738143296497611200 ) ) ;
#1084 = SURFACE_STYLE_FILL_AREA ( #2880 ) ;
#1085 = PRESENTATION_STYLE_ASSIGNMENT (( #3182 ) ) ;
#1086 = EDGE_CURVE ( 'NONE', #2269, #1281, #2234, .T. ) ;
#1087 = EDGE_LOOP ( 'NONE', ( #3288, #1173, #66, #1420 ) ) ;
#1088 = VECTOR ( 'NONE', #3340, 1000.000000000000100 ) ;
#1089 = DIRECTION ( 'NONE',  ( -1.000000000000000000, 0.0000000000000000000, 0.0000000000000000000 ) ) ;
#1090 = CARTESIAN_POINT ( 'NONE',  ( 1.106831524996642100, 0.9248400000000001100, -0.6637572681852819100 ) ) ;
#1091 = VECTOR ( 'NONE', #513, 1000.000000000000100 ) ;
#1092 = CARTESIAN_POINT ( 'NONE',  ( 0.6698400000000001000, 0.03015999999999999900, 0.0000000000000000000 ) ) ;
#1093 = ORIENTED_EDGE ( 'NONE', *, *, #109, .F. ) ;
#1094 = COLOUR_RGB ( '',0.7686274509803920900, 0.7686274509803920900, 0.7686274509803920900 ) ;
#1095 = DIRECTION ( 'NONE',  ( -1.000000000000000000, 0.0000000000000000000, 0.0000000000000000000 ) ) ;
#1096 = ADVANCED_FACE ( 'NONE', ( #1025 ), #3285, .F. ) ;
#1097 = AXIS2_PLACEMENT_3D ( 'NONE', #3925, #2572, #4249 ) ;
#1098 = VECTOR ( 'NONE', #3402, 1000.000000000000100 ) ;
#1099 = VECTOR ( 'NONE', #3977, 1000.000000000000000 ) ;
#1100 = DIRECTION ( 'NONE',  ( 0.0000000000000000000, -1.000000000000000000, 0.0000000000000000000 ) ) ;
#1101 = FILL_AREA_STYLE ('',( #366 ) ) ;
#1102 = COLOUR_RGB ( '',0.7686274509803920900, 0.7686274509803920900, 0.7686274509803920900 ) ;
#1103 = DIRECTION ( 'NONE',  ( -1.000000000000000000, 0.0000000000000000000, 0.0000000000000000000 ) ) ;
#1104 = UNCERTAINTY_MEASURE_WITH_UNIT (LENGTH_MEASURE( 1.000000000000000100E-005 ), #460, 'distance_accuracy_value', 'NONE');
#1105 = CARTESIAN_POINT ( 'NONE',  ( 1.530159999999999500, 0.9499999999999999600, -0.03015999999999999900 ) ) ;
#1106 = DIRECTION ( 'NONE',  ( 0.05375259206908433700, 0.0000000000000000000, -0.9985542843760946100 ) ) ;
#1107 = PLANE ( 'NONE',  #647 ) ;
#1108 = CARTESIAN_POINT ( 'NONE',  ( 1.356027379594250100, 0.9248400000000001100, -0.7451420310967530300 ) ) ;
#1109 = PLANE ( 'NONE',  #2708 ) ;
#1110 = CARTESIAN_POINT ( 'NONE',  ( 1.499999999999999600, 0.03015999999999988800, -1.393025556257418300 ) ) ;
#1111 = EDGE_CURVE ( 'NONE', #3926, #1996, #197, .T. ) ;
#1112 = CARTESIAN_POINT ( 'NONE',  ( 2.200000000000000200, 0.0000000000000000000, 0.0000000000000000000 ) ) ;
#1113 = CARTESIAN_POINT ( 'NONE',  ( 1.010035383403073300, 0.9248400000000001100, -0.7163901554708268500 ) ) ;
#1114 =( LENGTH_UNIT ( ) NAMED_UNIT ( * ) SI_UNIT ( .MILLI., .METRE. ) );
#1115 = ORIENTED_EDGE ( 'NONE', *, *, #501, .F. ) ;
#1116 = EDGE_CURVE ( 'NONE', #2276, #2241, #3971, .T. ) ;
#1117 = CARTESIAN_POINT ( 'NONE',  ( 0.7000000000000000700, 0.03015999999999977700, -0.06031999999999955500 ) ) ;
#1118 = CARTESIAN_POINT ( 'NONE',  ( 1.501322662047238200, 0.9110063405205864900, -1.411006340520586400 ) ) ;
#1119 = ORIENTED_EDGE ( 'NONE', *, *, #284, .F. ) ;
#1120 = AXIS2_PLACEMENT_3D ( 'NONE', #220, #937, #2371 ) ;
#1121 = EDGE_LOOP ( 'NONE', ( #3735, #4140, #3880 ) ) ;
#1122 = LINE ( 'NONE', #15, #4513 ) ;
#1123 = CARTESIAN_POINT ( 'NONE',  ( 0.0000000000000000000, 0.9198399999999999900, -1.450000000000000000 ) ) ;
#1124 = ORIENTED_EDGE ( 'NONE', *, *, #3922, .F. ) ;
#1125 = FACE_OUTER_BOUND ( 'NONE', #1121, .T. ) ;
#1126 = CARTESIAN_POINT ( 'NONE',  ( 1.106831524996642100, 0.9248400000000001100, -0.6637572681852819100 ) ) ;
#1127 =( NAMED_UNIT ( * ) PLANE_ANGLE_UNIT ( ) SI_UNIT ( $, .RADIAN. ) );
#1128 = ORIENTED_EDGE ( 'NONE', *, *, #63, .T. ) ;
#1129 = CYLINDRICAL_SURFACE ( 'NONE', #2521, 0.03015999999999999600 ) ;
#1130 = VERTEX_POINT ( 'NONE', #1176 ) ;
#1131 = MECHANICAL_DESIGN_GEOMETRIC_PRESENTATION_REPRESENTATION (  '', ( #1218 ), #2400 ) ;
#1132 = CIRCLE ( 'NONE', #2209, 0.03015999999999999600 ) ;
#1133 = FILL_AREA_STYLE ('',( #3251 ) ) ;
#1134 = CARTESIAN_POINT ( 'NONE',  ( 1.499999999999999600, 0.03015999999999988800, -0.03015999999999956200 ) ) ;
#1135 = ORIENTED_EDGE ( 'NONE', *, *, #1315, .F. ) ;
#1136 = CARTESIAN_POINT ( 'NONE',  ( 0.6698400000000001000, 0.9499999999999999600, -0.03015999999999999900 ) ) ;
#1137 = DIRECTION ( 'NONE',  ( -1.000000000000000000, 0.0000000000000000000, 0.0000000000000000000 ) ) ;
#1138 = FACE_OUTER_BOUND ( 'NONE', #2553, .T. ) ;
#1139 = STYLED_ITEM ( 'NONE', ( #2139 ), #3855 ) ;
#1140 = ORIENTED_EDGE ( 'NONE', *, *, #613, .F. ) ;
#1141 = COLOUR_RGB ( '',0.7686274509803920900, 0.7686274509803920900, 0.7686274509803920900 ) ;
#1142 = SPHERICAL_SURFACE ( 'NONE', #1801, 0.03015999999999999900 ) ;
#1143 = DIRECTION ( 'NONE',  ( 1.000000000000000000, 0.0000000000000000000, -0.0000000000000000000 ) ) ;
#1144 = SURFACE_STYLE_FILL_AREA ( #2795 ) ;
#1145 = DIRECTION ( 'NONE',  ( 0.0000000000000000000, 0.0000000000000000000, 1.000000000000000000 ) ) ;
#1146 = ORIENTED_EDGE ( 'NONE', *, *, #2639, .F. ) ;
#1147 = PRESENTATION_STYLE_ASSIGNMENT (( #3324 ) ) ;
#1148 = LINE ( 'NONE', #217, #3934 ) ;
#1149 = EDGE_CURVE ( 'NONE', #3973, #3811, #85, .T. ) ;
#1150 = VECTOR ( 'NONE', #2632, 1000.000000000000000 ) ;
#1151 = VERTEX_POINT ( 'NONE', #1190 ) ;
#1152 = DIRECTION ( 'NONE',  ( 0.0000000000000000000, 0.0000000000000000000, 1.000000000000000000 ) ) ;
#1153 = LINE ( 'NONE', #2056, #3232 ) ;
#1154 =( NAMED_UNIT ( * ) SI_UNIT ( $, .STERADIAN. ) SOLID_ANGLE_UNIT ( ) );
#1155 = VECTOR ( 'NONE', #1216, 1000.000000000000000 ) ;
#1156 = DIRECTION ( 'NONE',  ( 0.2762517575166415500, 0.0000000000000000000, -0.9610853065513833600 ) ) ;
#1157 = FILL_AREA_STYLE_COLOUR ( '', #3214 ) ;
#1158 = CARTESIAN_POINT ( 'NONE',  ( 2.200000000000000200, 0.0000000000000000000, -0.03015999999999999900 ) ) ;
#1159 = CARTESIAN_POINT ( 'NONE',  ( 1.499999254202597700, 0.05716736695039725800, -1.419716040112426500 ) ) ;
#1160 = B_SPLINE_CURVE_WITH_KNOTS ( 'NONE', 3,
 ( #1265, #4086, #4444, #2355, #1613, #2319, #249, #609, #1310, #1713 ),
 .UNSPECIFIED., .F., .F.,
 ( 4, 3, 3, 4 ),
 ( 0.0000000000000000000, 9.493065180756664800E-006, 1.893605998182715900E-005, 2.360435136841295200E-005 ),
 .UNSPECIFIED. ) ;
#1161 =( NAMED_UNIT ( * ) PLANE_ANGLE_UNIT ( ) SI_UNIT ( $, .RADIAN. ) );
#1162 = AXIS2_PLACEMENT_3D ( 'NONE', #287, #3024, #3082 ) ;
#1163 = DIRECTION ( 'NONE',  ( 0.0000000000000000000, 0.0000000000000000000, -1.000000000000000000 ) ) ;
#1164 = CARTESIAN_POINT ( 'NONE',  ( 1.411588366179693700, 0.9248400000000001100, -0.6192949999999999300 ) ) ;
#1165 = EDGE_CURVE ( 'NONE', #1895, #953, #3550, .T. ) ;
#1166 = CARTESIAN_POINT ( 'NONE',  ( 1.249035201614408200, 0.9248400000000001100, -0.7749822147078639900 ) ) ;
#1167 = VERTEX_POINT ( 'NONE', #1497 ) ;
#1168 = DIRECTION ( 'NONE',  ( -1.000000000000000000, 0.0000000000000000000, 0.0000000000000000000 ) ) ;
#1169 = PLANE ( 'NONE',  #2892 ) ;
#1170 = EDGE_CURVE ( 'NONE', #4305, #2923, #964, .T. ) ;
#1171 = DIRECTION ( 'NONE',  ( -1.000000000000000000, 1.355252715606881500E-016, -0.0000000000000000000 ) ) ;
#1172 = LINE ( 'NONE', #4048, #3412 ) ;
#1173 = ORIENTED_EDGE ( 'NONE', *, *, #1055, .F. ) ;
#1175 = ORIENTED_EDGE ( 'NONE', *, *, #354, .F. ) ;
#1174 = STYLED_ITEM ( 'NONE', ( #717 ), #164 ) ;
#1176 = CARTESIAN_POINT ( 'NONE',  ( 1.530159999999999500, 0.0000000000000000000, -0.03015999999999999900 ) ) ;
#1177 = ORIENTED_EDGE ( 'NONE', *, *, #935, .T. ) ;
#1178 = ORIENTED_EDGE ( 'NONE', *, *, #2477, .F. ) ;
#1179 = COLOUR_RGB ( '',0.7686274509803920900, 0.7686274509803920900, 0.7686274509803920900 ) ;
#1180 = VERTEX_POINT ( 'NONE', #2221 ) ;
#1181 = AXIS2_PLACEMENT_3D ( 'NONE', #1828, #4328, #2592 ) ;
#1182 = ORIENTED_EDGE ( 'NONE', *, *, #3437, .T. ) ;
#1183 = PLANE ( 'NONE',  #1545 ) ;
#1184 = VECTOR ( 'NONE', #2243, 1000.000000000000000 ) ;
#1185 = SPHERICAL_SURFACE ( 'NONE', #886, 0.03015999999999999900 ) ;
#1186 = EDGE_CURVE ( 'NONE', #2620, #496, #2565, .T. ) ;
#1187 = ORIENTED_EDGE ( 'NONE', *, *, #1862, .F. ) ;
#1188 = LINE ( 'NONE', #2525, #650 ) ;
#1189 = FACE_OUTER_BOUND ( 'NONE', #4194, .T. ) ;
#1190 = CARTESIAN_POINT ( 'NONE',  ( 0.9432126104080137400, 0.9248400000000001100, -0.7163901554708268500 ) ) ;
#1191 = COLOUR_RGB ( '',0.7686274509803920900, 0.7686274509803920900, 0.7686274509803920900 ) ;
#1192 = ORIENTED_EDGE ( 'NONE', *, *, #1544, .T. ) ;
#1193 = COLOUR_RGB ( '',0.7686274509803920900, 0.7686274509803920900, 0.7686274509803920900 ) ;
#1194 = DIRECTION ( 'NONE',  ( -0.0000000000000000000, -0.0000000000000000000, -1.000000000000000000 ) ) ;
#1195 =( GEOMETRIC_REPRESENTATION_CONTEXT ( 3 ) GLOBAL_UNCERTAINTY_ASSIGNED_CONTEXT ( ( #1995 ) ) GLOBAL_UNIT_ASSIGNED_CONTEXT ( ( #3114, #1378, #1389 ) ) REPRESENTATION_CONTEXT ( 'NONE', 'WORKASPACE' ) );
#1196 = SURFACE_STYLE_FILL_AREA ( #2989 ) ;
#1197 = EDGE_CURVE ( 'NONE', #4189, #367, #2671, .T. ) ;
#1198 = DIRECTION ( 'NONE',  ( 0.0000000000000000000, -1.000000000000000000, 0.0000000000000000000 ) ) ;
#1199 = ORIENTED_EDGE ( 'NONE', *, *, #3135, .T. ) ;
#1200 = SURFACE_STYLE_FILL_AREA ( #4289 ) ;
#1201 = CIRCLE ( 'NONE', #3737, 0.03015999999999999900 ) ;
#1202 = CARTESIAN_POINT ( 'NONE',  ( 1.499999999999999600, 0.03015999999999988800, -0.06031999999999955500 ) ) ;
#1203 = LINE ( 'NONE', #3793, #3940 ) ;
#1204 = CARTESIAN_POINT ( 'NONE',  ( 1.500002264867093900, 0.05561274264349741500, -1.419470389862834500 ) ) ;
#1205 =( NAMED_UNIT ( * ) PLANE_ANGLE_UNIT ( ) SI_UNIT ( $, .RADIAN. ) );
#1206 = LINE ( 'NONE', #2211, #1099 ) ;
#1207 = DIRECTION ( 'NONE',  ( 0.0000000000000000000, 0.0000000000000000000, -1.000000000000000000 ) ) ;
#1208 = EDGE_CURVE ( 'NONE', #3492, #2404, #3707, .T. ) ;
#1209 = VECTOR ( 'NONE', #3223, 1000.000000000000000 ) ;
#1210 = DIRECTION ( 'NONE',  ( 1.355252715606881500E-016, -1.000000000000000000, 0.0000000000000000000 ) ) ;
#1211 = PRESENTATION_STYLE_ASSIGNMENT (( #1356 ) ) ;
#1212 = DIRECTION ( 'NONE',  ( 0.0000000000000000000, 1.000000000000000000, -0.0000000000000000000 ) ) ;
#1213 = AXIS2_PLACEMENT_3D ( 'NONE', #101, #3989, #1873 ) ;
#1214 = DIRECTION ( 'NONE',  ( 0.0000000000000000000, 0.0000000000000000000, -1.000000000000000000 ) ) ;
#1215 = DIRECTION ( 'NONE',  ( 0.0000000000000000000, -1.000000000000000000, 0.0000000000000000000 ) ) ;
#1216 = DIRECTION ( 'NONE',  ( 0.0000000000000000000, -1.000000000000000000, 0.0000000000000000000 ) ) ;
#1217 = PLANE ( 'NONE',  #1872 ) ;
#1218 = STYLED_ITEM ( 'NONE', ( #3875 ), #2387 ) ;
#1219 = ORIENTED_EDGE ( 'NONE', *, *, #4118, .F. ) ;
#1220 =( NAMED_UNIT ( * ) SI_UNIT ( $, .STERADIAN. ) SOLID_ANGLE_UNIT ( ) );
#1221 = EDGE_LOOP ( 'NONE', ( #2189, #2940, #3481, #1792, #3312, #1768 ) ) ;
#1222 = EDGE_CURVE ( 'NONE', #2046, #3591, #1246, .T. ) ;
#1223 = AXIS2_PLACEMENT_3D ( 'NONE', #3924, #1868, #3629 ) ;
#1224 =( NAMED_UNIT ( * ) SI_UNIT ( $, .STERADIAN. ) SOLID_ANGLE_UNIT ( ) );
#1225 = EDGE_LOOP ( 'NONE', ( #813, #1615, #2950 ) ) ;
#1226 = DIRECTION ( 'NONE',  ( -0.0000000000000000000, -1.000000000000000000, -0.0000000000000000000 ) ) ;
#1227 = DIRECTION ( 'NONE',  ( 0.0000000000000000000, 0.0000000000000000000, -1.000000000000000000 ) ) ;
#1228 = FACE_OUTER_BOUND ( 'NONE', #1855, .T. ) ;
#1229 = DIRECTION ( 'NONE',  ( 0.2762437428917283700, 0.0000000000000000000, -0.9610876102172832800 ) ) ;
#1230 = ORIENTED_EDGE ( 'NONE', *, *, #1490, .F. ) ;
#1231 = EDGE_CURVE ( 'NONE', #908, #3088, #481, .T. ) ;
#1232 = CARTESIAN_POINT ( 'NONE',  ( 0.7487418134714320900, 0.9248400000000001100, -0.7749822147078639900 ) ) ;
#1233 = CARTESIAN_POINT ( 'NONE',  ( 0.7040000000000000700, 0.9248400000000001100, -0.6192949999999999300 ) ) ;
#1234 = ORIENTED_EDGE ( 'NONE', *, *, #2147, .F. ) ;
#1235 = VERTEX_POINT ( 'NONE', #810 ) ;
#1236 = LINE ( 'NONE', #644, #129 ) ;
#1237 = DIRECTION ( 'NONE',  ( 1.000000000000000000, 0.0000000000000000000, 0.0000000000000000000 ) ) ;
#1238 = AXIS2_PLACEMENT_3D ( 'NONE', #677, #3887, #4207 ) ;
#1239 = UNCERTAINTY_MEASURE_WITH_UNIT (LENGTH_MEASURE( 1.000000000000000100E-005 ), #4129, 'distance_accuracy_value', 'NONE');
#1240 = ORIENTED_EDGE ( 'NONE', *, *, #2406, .T. ) ;
#1241 = VECTOR ( 'NONE', #4092, 1000.000000000000100 ) ;
#1242 = DIRECTION ( 'NONE',  ( -0.7059037656364479700, 0.0000000000000000000, 0.7083077534943992300 ) ) ;
#1243 = ORIENTED_EDGE ( 'NONE', *, *, #3572, .F. ) ;
#1244 = DIRECTION ( 'NONE',  ( 1.000000000000000000, 0.0000000000000000000, 0.0000000000000000000 ) ) ;
#1245 =( GEOMETRIC_REPRESENTATION_CONTEXT ( 3 ) GLOBAL_UNCERTAINTY_ASSIGNED_CONTEXT ( ( #2674 ) ) GLOBAL_UNIT_ASSIGNED_CONTEXT ( ( #2360, #2322, #2739 ) ) REPRESENTATION_CONTEXT ( 'NONE', 'WORKASPACE' ) );
#1246 = CIRCLE ( 'NONE', #1271, 0.03015999999999999600 ) ;
#1247 = CARTESIAN_POINT ( 'NONE',  ( 1.530159999999999500, 0.9499999999999999600, -1.419840000000000000 ) ) ;
#1248 = COLOUR_RGB ( '',0.7686274509803920900, 0.7686274509803920900, 0.7686274509803920900 ) ;
#1249 = CARTESIAN_POINT ( 'NONE',  ( 1.501322662047238200, 0.03899365947941345300, -1.411006340520586400 ) ) ;
#1250 = FILL_AREA_STYLE_COLOUR ( '', #3780 ) ;
#1251 = CARTESIAN_POINT ( 'NONE',  ( 0.03015999999999999900, 0.03015999999999999900, -1.419840000000000000 ) ) ;
#1252 = ORIENTED_EDGE ( 'NONE', *, *, #4356, .F. ) ;
#1253 = EDGE_CURVE ( 'NONE', #3004, #586, #2997, .T. ) ;
#1254 = FACE_OUTER_BOUND ( 'NONE', #1638, .T. ) ;
#1255 = PRESENTATION_LAYER_ASSIGNMENT (  '', '', ( #1806 ) ) ;
#1256 = SURFACE_STYLE_USAGE ( .BOTH. , #2605 ) ;
#1257 = ORIENTED_EDGE ( 'NONE', *, *, #4445, .F. ) ;
#1258 =( LENGTH_UNIT ( ) NAMED_UNIT ( * ) SI_UNIT ( .MILLI., .METRE. ) );
#1259 = FACE_OUTER_BOUND ( 'NONE', #4256, .T. ) ;
#1260 = FACE_OUTER_BOUND ( 'NONE', #4450, .T. ) ;
#1261 = FILL_AREA_STYLE ('',( #4018 ) ) ;
#1262 = ORIENTED_EDGE ( 'NONE', *, *, #3184, .F. ) ;
#1263 = EDGE_CURVE ( 'NONE', #4462, #3899, #4195, .T. ) ;
#1264 = VECTOR ( 'NONE', #2266, 1000.000000000000100 ) ;
#1265 = CARTESIAN_POINT ( 'NONE',  ( 0.6986773379527614300, 0.03899365947941339800, -1.411006340520586600 ) ) ;
#1266 = CIRCLE ( 'NONE', #2098, 0.03015999999999999900 ) ;
#1267 = UNCERTAINTY_MEASURE_WITH_UNIT (LENGTH_MEASURE( 1.000000000000000100E-005 ), #4479, 'distance_accuracy_value', 'NONE');
#1268 = PRESENTATION_LAYER_ASSIGNMENT (  '', '', ( #4457 ) ) ;
#1269 = DIRECTION ( 'NONE',  ( 1.000000000000000000, 0.0000000000000000000, 0.0000000000000000000 ) ) ;
#1270 = FILL_AREA_STYLE_COLOUR ( '', #4131 ) ;
#1271 = AXIS2_PLACEMENT_3D ( 'NONE', #2238, #1515, #1861 ) ;
#1272 = DIRECTION ( 'NONE',  ( 1.000000000000000000, 0.0000000000000000000, 0.0000000000000000000 ) ) ;
#1273 = CARTESIAN_POINT ( 'NONE',  ( -0.0001460746893406717300, 0.9248399999999998800, -0.09573588915504364900 ) ) ;
#1274 = CARTESIAN_POINT ( 'NONE',  ( 0.03015999999999999900, 0.9198399999999999900, -0.03015999999999999900 ) ) ;
#1275 = AXIS2_PLACEMENT_3D ( 'NONE', #2866, #3209, #3927 ) ;
#1276 = ORIENTED_EDGE ( 'NONE', *, *, #3044, .F. ) ;
#1277 = ORIENTED_EDGE ( 'NONE', *, *, #4548, .T. ) ;
#1278 = DIRECTION ( 'NONE',  ( 0.0000000000000000000, -1.000000000000000000, 0.0000000000000000000 ) ) ;
#1279 = ORIENTED_EDGE ( 'NONE', *, *, #1490, .T. ) ;
#1280 = DIRECTION ( 'NONE',  ( 1.000000000000000000, -0.0000000000000000000, -0.0000000000000000000 ) ) ;
#1281 = VERTEX_POINT ( 'NONE', #4058 ) ;
#1282 = LINE ( 'NONE', #2710, #2281 ) ;
#1283 = CLOSED_SHELL ( 'NONE', ( #3408, #2459, #2802, #3020, #3852, #67, #3782, #3840, #2652, #4492, #973, #1999, #1322, #3663, #1737, #1384, #1594, #3733, #3732 ) ) ;
#1284 = DIRECTION ( 'NONE',  ( 1.000000000000000000, -0.0000000000000000000, -0.0000000000000000000 ) ) ;
#1285 =( NAMED_UNIT ( * ) PLANE_ANGLE_UNIT ( ) SI_UNIT ( $, .RADIAN. ) );
#1287 = ORIENTED_EDGE ( 'NONE', *, *, #3188, .F. ) ;
#1286 = EDGE_CURVE ( 'NONE', #693, #3118, #3765, .T. ) ;
#1288 = DIRECTION ( 'NONE',  ( 1.000000000000000000, 0.0000000000000000000, 0.0000000000000000000 ) ) ;
#1289 = ORIENTED_EDGE ( 'NONE', *, *, #1263, .F. ) ;
#1290 = LINE ( 'NONE', #361, #192 ) ;
#1291 = CARTESIAN_POINT ( 'NONE',  ( 0.7000000000000001800, 0.0000000000000000000, -0.03015999999999956200 ) ) ;
#1292 = B_SPLINE_CURVE_WITH_KNOTS ( 'NONE', 3,
 ( #1596, #3697, #1604, #3296, #4047, #4400, #910, #615, #3745, #275 ),
 .UNSPECIFIED., .F., .F.,
 ( 4, 3, 3, 4 ),
 ( 0.0000000000000000000, 9.493065180756524200E-006, 1.893605998182680000E-005, 2.360435136841316200E-005 ),
 .UNSPECIFIED. ) ;
#1293 = VERTEX_POINT ( 'NONE', #252 ) ;
#1294 = VECTOR ( 'NONE', #4285, 1000.000000000000200 ) ;
#1295 = SURFACE_SIDE_STYLE ('',( #3814 ) ) ;
#1296 = ADVANCED_FACE ( 'NONE', ( #701 ), #1185, .T. ) ;
#1297 = AXIS2_PLACEMENT_3D ( 'NONE', #511, #1584, #3992 ) ;
#1298 = ADVANCED_FACE ( 'NONE', ( #139 ), #1624, .T. ) ;
#1299 = VERTEX_POINT ( 'NONE', #2388 ) ;
#1300 = VERTEX_POINT ( 'NONE', #3032 ) ;
#1301 = SURFACE_STYLE_USAGE ( .BOTH. , #1625 ) ;
#1302 = VECTOR ( 'NONE', #1106, 1000.000000000000200 ) ;
#1303 = CIRCLE ( 'NONE', #2225, 0.03015999999999999600 ) ;
#1304 = AXIS2_PLACEMENT_3D ( 'NONE', #282, #1349, #2778 ) ;
#1305 = ORIENTED_EDGE ( 'NONE', *, *, #2047, .F. ) ;
#1306 = FACE_OUTER_BOUND ( 'NONE', #2549, .T. ) ;
#1307 = DIRECTION ( 'NONE',  ( 0.0000000000000000000, -1.000000000000000000, 0.0000000000000000000 ) ) ;
#1308 = VECTOR ( 'NONE', #1198, 1000.000000000000000 ) ;
#1309 = DIRECTION ( 'NONE',  ( 0.0000000000000000000, 0.0000000000000000000, 1.000000000000000000 ) ) ;
#1310 = CARTESIAN_POINT ( 'NONE',  ( 0.7000000000000481400, 0.03015999999999709900, -1.391253915450344000 ) ) ;
#1311 = DIRECTION ( 'NONE',  ( -0.0000000000000000000, 1.000000000000000000, 0.0000000000000000000 ) ) ;
#1312 = EDGE_LOOP ( 'NONE', ( #1516, #1034, #2325, #3907 ) ) ;
#1313 = SURFACE_STYLE_FILL_AREA ( #3224 ) ;
#1314 = FACE_OUTER_BOUND ( 'NONE', #243, .T. ) ;
#1315 = EDGE_CURVE ( 'NONE', #367, #2404, #1132, .T. ) ;
#1316 = CARTESIAN_POINT ( 'NONE',  ( 1.078691569420429800, 0.9198400000000001000, -0.7578992350461759600 ) ) ;
#1317 = LINE ( 'NONE', #118, #3786 ) ;
#1318 = CARTESIAN_POINT ( 'NONE',  ( 2.169840000000000200, 0.9198399999999999900, 0.0000000000000000000 ) ) ;
#1319 = EDGE_CURVE ( 'NONE', #592, #4463, #1458, .T. ) ;
#1320 = CARTESIAN_POINT ( 'NONE',  ( 1.070922404285822100, 0.9248400000000001100, -0.6192949999999999300 ) ) ;
#1321 = CARTESIAN_POINT ( 'NONE',  ( 1.112818810086575500, 0.9248400000000001100, -0.7749822147078639900 ) ) ;
#1322 = ADVANCED_FACE ( 'NONE', ( #1681 ), #4089, .F. ) ;
#1323 = ADVANCED_FACE ( 'NONE', ( #2453 ), #4430, .F. ) ;
#1324 = CARTESIAN_POINT ( 'NONE',  ( 1.257000347270177800, 0.9248400000000001100, -0.6489202676364155300 ) ) ;
#1325 = AXIS2_PLACEMENT_3D ( 'NONE', #2184, #76, #2542 ) ;
#1326 = CARTESIAN_POINT ( 'NONE',  ( 1.330286694524741800, 0.9198400000000001000, -0.6489202676364155300 ) ) ;
#1327 =( GEOMETRIC_REPRESENTATION_CONTEXT ( 3 ) GLOBAL_UNCERTAINTY_ASSIGNED_CONTEXT ( ( #4008 ) ) GLOBAL_UNIT_ASSIGNED_CONTEXT ( ( #3069, #1680, #4477 ) ) REPRESENTATION_CONTEXT ( 'NONE', 'WORKASPACE' ) );
#1328 = CARTESIAN_POINT ( 'NONE',  ( 0.9350013053612564700, 0.9198400000000001000, -0.6876089300860261900 ) ) ;
#1329 = ORIENTED_EDGE ( 'NONE', *, *, #1673, .F. ) ;
#1330 =( NAMED_UNIT ( * ) PLANE_ANGLE_UNIT ( ) SI_UNIT ( $, .RADIAN. ) );
#1331 = PRESENTATION_STYLE_ASSIGNMENT (( #2577 ) ) ;
#1332 = DIRECTION ( 'NONE',  ( -0.0000000000000000000, -1.000000000000000000, 0.0000000000000000000 ) ) ;
#1333 = ORIENTED_EDGE ( 'NONE', *, *, #462, .F. ) ;
#1334 = AXIS2_PLACEMENT_3D ( 'NONE', #1318, #2110, #1791 ) ;
#1335 = DIRECTION ( 'NONE',  ( 1.000000000000000000, 0.0000000000000000000, 0.0000000000000000000 ) ) ;
#1336 = ORIENTED_EDGE ( 'NONE', *, *, #657, .F. ) ;
#1337 = DIRECTION ( 'NONE',  ( -0.9615323037684321300, 0.0000000000000000000, -0.2746918797667153300 ) ) ;
#1338 = CARTESIAN_POINT ( 'NONE',  ( 0.03015999999999999900, 0.9198399999999999900, -0.03015999999999999900 ) ) ;
#1339 = ORIENTED_EDGE ( 'NONE', *, *, #2754, .F. ) ;
#1340 = ORIENTED_EDGE ( 'NONE', *, *, #1319, .F. ) ;
#1341 = EDGE_CURVE ( 'NONE', #1561, #4305, #1290, .T. ) ;
#1342 = ADVANCED_FACE ( 'NONE', ( #3490 ), #4116, .F. ) ;
#1343 = CARTESIAN_POINT ( 'NONE',  ( 1.284682850239918100, 0.9198400000000001000, -0.7453427455750563100 ) ) ;
#1344 =( NAMED_UNIT ( * ) SI_UNIT ( $, .STERADIAN. ) SOLID_ANGLE_UNIT ( ) );
#1345 = ORIENTED_EDGE ( 'NONE', *, *, #1910, .F. ) ;
#1346 = COLOUR_RGB ( '',0.7686274509803920900, 0.7686274509803920900, 0.7686274509803920900 ) ;
#1347 = COLOUR_RGB ( '',0.7686274509803920900, 0.7686274509803920900, 0.7686274509803920900 ) ;
#1348 = CARTESIAN_POINT ( 'NONE',  ( 0.8402060757374382200, 0.9198400000000001000, -0.7749822147078639900 ) ) ;
#1349 = DIRECTION ( 'NONE',  ( 1.000000000000000000, -1.355252715606881500E-016, 0.0000000000000000000 ) ) ;
#1350 = EDGE_CURVE ( 'NONE', #1611, #4293, #1951, .T. ) ;
#1351 = VERTEX_POINT ( 'NONE', #271 ) ;
#1352 = VECTOR ( 'NONE', #3877, 1000.000000000000000 ) ;
#1353 = SPHERICAL_SURFACE ( 'NONE', #2567, 0.03015999999999999900 ) ;
#1354 = FILL_AREA_STYLE_COLOUR ( '', #1094 ) ;
#1355 = EDGE_LOOP ( 'NONE', ( #1782, #1175, #2616, #899 ) ) ;
#1356 = SURFACE_STYLE_USAGE ( .BOTH. , #3441 ) ;
#1357 = AXIS2_PLACEMENT_3D ( 'NONE', #993, #3443, #3238 ) ;
#1358 = LINE ( 'NONE', #1320, #2846 ) ;
#1359 = CYLINDRICAL_SURFACE ( 'NONE', #349, 0.03015999999999999900 ) ;
#1360 = ORIENTED_EDGE ( 'NONE', *, *, #4482, .F. ) ;
#1361 = SPHERICAL_SURFACE ( 'NONE', #2445, 0.03015999999999999900 ) ;
#1362 = LINE ( 'NONE', #487, #4040 ) ;
#1363 = CARTESIAN_POINT ( 'NONE',  ( 0.7040000000000000700, 0.9198400000000001000, -0.6192949999999999300 ) ) ;
#1364 = CARTESIAN_POINT ( 'NONE',  ( 1.500652778470559200, 0.9088195164603293200, -0.03680683541915639300 ) ) ;
#1365 = PRESENTATION_LAYER_ASSIGNMENT (  '', '', ( #4029 ) ) ;
#1366 = CARTESIAN_POINT ( 'NONE',  ( 2.169840000000000200, 0.9198399999999999900, -0.03015999999999999900 ) ) ;
#1367 = VERTEX_POINT ( 'NONE', #2100 ) ;
#1368 = SPHERICAL_SURFACE ( 'NONE', #1970, 0.03015999999999999900 ) ;
#1369 = FILL_AREA_STYLE ('',( #905 ) ) ;
#1370 = ADVANCED_FACE ( 'NONE', ( #1732 ), #3041, .T. ) ;
#1371 = VECTOR ( 'NONE', #1491, 1000.000000000000000 ) ;
#1372 = AXIS2_PLACEMENT_3D ( 'NONE', #1922, #904, #1884 ) ;
#1373 = FILL_AREA_STYLE_COLOUR ( '', #2578 ) ;
#1374 = SURFACE_STYLE_USAGE ( .BOTH. , #3491 ) ;
#1375 = UNCERTAINTY_MEASURE_WITH_UNIT (LENGTH_MEASURE( 1.000000000000000100E-005 ), #2451, 'distance_accuracy_value', 'NONE');
#1376 = EDGE_CURVE ( 'NONE', #4335, #235, #1400, .T. ) ;
#1377 = CARTESIAN_POINT ( 'NONE',  ( 1.038894243508694300, 0.9198400000000001000, -0.6192949999999999300 ) ) ;
#1378 =( NAMED_UNIT ( * ) PLANE_ANGLE_UNIT ( ) SI_UNIT ( $, .RADIAN. ) );
#1379 = SURFACE_SIDE_STYLE ('',( #3442 ) ) ;
#1380 = DIRECTION ( 'NONE',  ( 0.2732148821746424600, 0.0000000000000000000, -0.9619530280415443700 ) ) ;
#1381 = CARTESIAN_POINT ( 'NONE',  ( 0.8187618164974057600, 0.9248400000000001100, -0.7038289321678942200 ) ) ;
#1382 = MECHANICAL_DESIGN_GEOMETRIC_PRESENTATION_REPRESENTATION (  '', ( #3507 ), #1062 ) ;
#1383 = VERTEX_POINT ( 'NONE', #4152 ) ;
#1384 = ADVANCED_FACE ( 'NONE', ( #1573 ), #1758, .F. ) ;
#1385 = PRESENTATION_LAYER_ASSIGNMENT (  '', '', ( #215 ) ) ;
#1386 = VECTOR ( 'NONE', #4076, 1000.000000000000000 ) ;
#1387 = EDGE_LOOP ( 'NONE', ( #867, #3559, #642, #1082, #3028, #4126, #3529, #120, #3103, #3200, #3489 ) ) ;
#1388 = CARTESIAN_POINT ( 'NONE',  ( 0.03015999999999999600, 0.03015999999999999900, -1.419840000000000000 ) ) ;
#1389 =( NAMED_UNIT ( * ) SI_UNIT ( $, .STERADIAN. ) SOLID_ANGLE_UNIT ( ) );
#1390 = DIRECTION ( 'NONE',  ( 1.000000000000000000, 0.0000000000000000000, 0.0000000000000000000 ) ) ;
#1391 = EDGE_LOOP ( 'NONE', ( #3645, #152, #573 ) ) ;
#1392 = EDGE_CURVE ( 'NONE', #2106, #3965, #1854, .T. ) ;
#1393 = VECTOR ( 'NONE', #2377, 1000.000000000000000 ) ;
#1394 = SURFACE_SIDE_STYLE ('',( #4427 ) ) ;
#1395 = ORIENTED_EDGE ( 'NONE', *, *, #2318, .T. ) ;
#1396 = DIRECTION ( 'NONE',  ( 0.0000000000000000000, 1.000000000000000000, 0.0000000000000000000 ) ) ;
#1397 = ORIENTED_EDGE ( 'NONE', *, *, #2492, .T. ) ;
#1398 = DIRECTION ( 'NONE',  ( -0.2746918797667153300, 0.0000000000000000000, 0.9615323037684321300 ) ) ;
#1399 = VERTEX_POINT ( 'NONE', #3955 ) ;
#1400 = LINE ( 'NONE', #1017, #478 ) ;
#1401 = DIRECTION ( 'NONE',  ( 0.0000000000000000000, 0.0000000000000000000, -1.000000000000000000 ) ) ;
#1403 = ORIENTED_EDGE ( 'NONE', *, *, #3841, .T. ) ;
#1402 = EDGE_CURVE ( 'NONE', #3813, #2340, #4359, .T. ) ;
#1404 = CIRCLE ( 'NONE', #280, 0.03015999999999999900 ) ;
#1405 = VECTOR ( 'NONE', #3614, 1000.000000000000000 ) ;
#1406 = CARTESIAN_POINT ( 'NONE',  ( 1.321880355598389800, 0.9248400000000001100, -0.6192949999999999300 ) ) ;
#1407 = UNCERTAINTY_MEASURE_WITH_UNIT (LENGTH_MEASURE( 1.000000000000000100E-005 ), #776, 'distance_accuracy_value', 'NONE');
#1408 = VERTEX_POINT ( 'NONE', #838 ) ;
#1409 = DIRECTION ( 'NONE',  ( -1.000000000000000000, 0.0000000000000000000, 0.0000000000000000000 ) ) ;
#1410 = FILL_AREA_STYLE_COLOUR ( '', #2405 ) ;
#1411 =( GEOMETRIC_REPRESENTATION_CONTEXT ( 3 ) GLOBAL_UNCERTAINTY_ASSIGNED_CONTEXT ( ( #1636 ) ) GLOBAL_UNIT_ASSIGNED_CONTEXT ( ( #3680, #547, #1923 ) ) REPRESENTATION_CONTEXT ( 'NONE', 'WORKASPACE' ) );
#1412 = CARTESIAN_POINT ( 'NONE',  ( 0.6991323251551341300, 0.04070245295749644300, -1.412618567035023800 ) ) ;
#1413 = ORIENTED_EDGE ( 'NONE', *, *, #1709, .F. ) ;
#1414 = VECTOR ( 'NONE', #1907, 1000.000000000000000 ) ;
#1415 = PRESENTATION_STYLE_ASSIGNMENT (( #621 ) ) ;
#1416 = CARTESIAN_POINT ( 'NONE',  ( 1.490322812799942800, 0.9248400000000001100, -0.7449185239158044900 ) ) ;
#1417 =( NAMED_UNIT ( * ) SI_UNIT ( $, .STERADIAN. ) SOLID_ANGLE_UNIT ( ) );
#1418 = CARTESIAN_POINT ( 'NONE',  ( 0.6698400000000001000, 0.9198399999999999900, -0.03015999999999999600 ) ) ;
#1419 =( GEOMETRIC_REPRESENTATION_CONTEXT ( 3 ) GLOBAL_UNCERTAINTY_ASSIGNED_CONTEXT ( ( #3878 ) ) GLOBAL_UNIT_ASSIGNED_CONTEXT ( ( #2148, #449, #1154 ) ) REPRESENTATION_CONTEXT ( 'NONE', 'WORKASPACE' ) );
#1420 = ORIENTED_EDGE ( 'NONE', *, *, #676, .T. ) ;
#1421 = LINE ( 'NONE', #2891, #2081 ) ;
#1422 = LINE ( 'NONE', #2783, #3779 ) ;
#1423 = FACE_OUTER_BOUND ( 'NONE', #4068, .T. ) ;
#1424 = ORIENTED_EDGE ( 'NONE', *, *, #4032, .F. ) ;
#1425 = DIRECTION ( 'NONE',  ( 0.0000000000000000000, -1.000000000000000000, 0.0000000000000000000 ) ) ;
#1426 = CARTESIAN_POINT ( 'NONE',  ( 0.6992938555647559800, 0.03664814244375821900, -0.04163126649991963400 ) ) ;
#1427 = EDGE_CURVE ( 'NONE', #586, #3162, #3701, .T. ) ;
#1428 = PLANE ( 'NONE',  #3303 ) ;
#1429 =( NAMED_UNIT ( * ) SI_UNIT ( $, .STERADIAN. ) SOLID_ANGLE_UNIT ( ) );
#1430 = AXIS2_PLACEMENT_3D ( 'NONE', #3690, #156, #2773 ) ;
#1431 = EDGE_CURVE ( 'NONE', #299, #934, #1513, .T. ) ;
#1432 = SURFACE_STYLE_USAGE ( .BOTH. , #4231 ) ;
#1433 = ADVANCED_FACE ( 'NONE', ( #4080 ), #313, .T. ) ;
#1434 = UNCERTAINTY_MEASURE_WITH_UNIT (LENGTH_MEASURE( 1.000000000000000100E-005 ), #2610, 'distance_accuracy_value', 'NONE');
#1435 = CARTESIAN_POINT ( 'NONE',  ( 1.403358125804999900, 0.9248400000000001100, -0.7449219079071504000 ) ) ;
#1436 = EDGE_CURVE ( 'NONE', #4353, #538, #2170, .T. ) ;
#1437 =( NAMED_UNIT ( * ) SI_UNIT ( $, .STERADIAN. ) SOLID_ANGLE_UNIT ( ) );
#1438 =( LENGTH_UNIT ( ) NAMED_UNIT ( * ) SI_UNIT ( .MILLI., .METRE. ) );
#1439 = SURFACE_SIDE_STYLE ('',( #4476 ) ) ;
#1440 = ORIENTED_EDGE ( 'NONE', *, *, #4148, .T. ) ;
#1441 = CARTESIAN_POINT ( 'NONE',  ( 0.6986773379527614300, 0.03899365947941339800, -1.411006340520586600 ) ) ;
#1442 = AXIS2_PLACEMENT_3D ( 'NONE', #1324, #2000, #2704 ) ;
#1443 = ORIENTED_EDGE ( 'NONE', *, *, #1208, .F. ) ;
#1444 = SURFACE_STYLE_USAGE ( .BOTH. , #2850 ) ;
#1445 = CARTESIAN_POINT ( 'NONE',  ( 1.112818810086575500, 0.9248400000000001100, -0.7749822147078639900 ) ) ;
#1446 = VECTOR ( 'NONE', #1870, 1000.000000000000000 ) ;
#1447 = VERTEX_POINT ( 'NONE', #2895 ) ;
#1448 = PRESENTATION_LAYER_ASSIGNMENT (  '', '', ( #369 ) ) ;
#1449 = CARTESIAN_POINT ( 'NONE',  ( 0.7740403586283415300, 0.9198400000000001000, -0.7085911671949841600 ) ) ;
#1450 = VERTEX_POINT ( 'NONE', #828 ) ;
#1451 = DIRECTION ( 'NONE',  ( 0.0000000000000000000, -1.000000000000000000, 0.0000000000000000000 ) ) ;
#1452 = EDGE_LOOP ( 'NONE', ( #2446, #4341, #1395, #878 ) ) ;
#1453 = LINE ( 'NONE', #787, #75 ) ;
#1454 = EDGE_CURVE ( 'NONE', #1447, #126, #1453, .T. ) ;
#1455 = DIRECTION ( 'NONE',  ( -1.000000000000000000, 0.0000000000000000000, 0.0000000000000000000 ) ) ;
#1456 = ORIENTED_EDGE ( 'NONE', *, *, #760, .F. ) ;
#1457 = LINE ( 'NONE', #451, #1294 ) ;
#1458 = LINE ( 'NONE', #1291, #2229 ) ;
#1459 =( BOUNDED_CURVE ( )  B_SPLINE_CURVE ( 3, ( #489, #2183, #443, #2919 ),
 .UNSPECIFIED., .F., .T. ) 
 B_SPLINE_CURVE_WITH_KNOTS ( ( 4, 4 ),
 ( 1.570796326794887700, 1.868047688116095200 ),
 .UNSPECIFIED. ) 
 CURVE ( )  GEOMETRIC_REPRESENTATION_ITEM ( )  RATIONAL_B_SPLINE_CURVE ( ( 1.000000000000000000, 0.9926503465430337500, 0.9926503465430337500, 1.000000000000000000 ) ) 
 REPRESENTATION_ITEM ( '' )  );
#1460 = CARTESIAN_POINT ( 'NONE',  ( 0.9516388314291166500, 0.9248400000000001100, -0.7453479527904718300 ) ) ;
#1461 = ORIENTED_EDGE ( 'NONE', *, *, #1170, .F. ) ;
#1462 = SURFACE_STYLE_USAGE ( .BOTH. , #1021 ) ;
#1463 = LINE ( 'NONE', #1755, #863 ) ;
#1464 = COLOUR_RGB ( '',0.7921568627450980000, 0.8196078431372548800, 0.9333333333333333500 ) ;
#1465 = EDGE_CURVE ( 'NONE', #1383, #1300, #3696, .T. ) ;
#1466 = VERTEX_POINT ( 'NONE', #1482 ) ;
#1467 = FACE_OUTER_BOUND ( 'NONE', #1827, .T. ) ;
#1468 = CARTESIAN_POINT ( 'NONE',  ( 1.185517590020640700, 0.9248400000000001100, -0.6192949999999999300 ) ) ;
#1469 = CARTESIAN_POINT ( 'NONE',  ( 0.6991323251551340200, 0.03738143296497623000, -0.04070245295749630500 ) ) ;
#1470 = PRESENTATION_STYLE_ASSIGNMENT (( #3476 ) ) ;
#1471 = CARTESIAN_POINT ( 'NONE',  ( 1.070922404285822100, 0.9248400000000001100, -0.6192949999999999300 ) ) ;
#1472 = ORIENTED_EDGE ( 'NONE', *, *, #473, .F. ) ;
#1473 = LINE ( 'NONE', #1233, #3448 ) ;
#1474 = LINE ( 'NONE', #1552, #4540 ) ;
#1475 = DIRECTION ( 'NONE',  ( 0.0000000000000000000, 0.0000000000000000000, 1.000000000000000000 ) ) ;
#1476 = MECHANICAL_DESIGN_GEOMETRIC_PRESENTATION_REPRESENTATION (  '', ( #2244 ), #3026 ) ;
#1477 = FACE_OUTER_BOUND ( 'NONE', #1954, .T. ) ;
#1478 = SURFACE_STYLE_FILL_AREA ( #2728 ) ;
#1479 = ORIENTED_EDGE ( 'NONE', *, *, #160, .F. ) ;
#1480 = FILL_AREA_STYLE_COLOUR ( '', #1102 ) ;
#1481 = FACE_OUTER_BOUND ( 'NONE', #1452, .T. ) ;
#1482 = CARTESIAN_POINT ( 'NONE',  ( 1.046517133358396700, 0.9248400000000001100, -0.7749822147078639900 ) ) ;
#1483 = CARTESIAN_POINT ( 'NONE',  ( 0.9239762105532929300, 0.9248400000000001100, -0.6489145870383743500 ) ) ;
#1484 = EDGE_CURVE ( 'NONE', #2978, #4189, #959, .T. ) ;
#1485 = STYLED_ITEM ( 'NONE', ( #3085 ), #3299 ) ;
#1486 = FILL_AREA_STYLE_COLOUR ( '', #1464 ) ;
#1487 = PLANE ( 'NONE',  #4174 ) ;
#1488 = PRODUCT_DEFINITION_FORMATION_WITH_SPECIFIED_SOURCE ( 'ANY', '', #714, .NOT_KNOWN. ) ;
#1489 = CARTESIAN_POINT ( 'NONE',  ( 0.9432126104080137400, 0.9248400000000001100, -0.7163901554708268500 ) ) ;
#1490 = EDGE_CURVE ( 'NONE', #259, #191, #21, .T. ) ;
#1491 = DIRECTION ( 'NONE',  ( 0.0000000000000000000, -1.000000000000000000, 0.0000000000000000000 ) ) ;
#1492 = FILL_AREA_STYLE_COLOUR ( '', #977 ) ;
#1493 = EDGE_LOOP ( 'NONE', ( #1607, #1500, #1521, #2511 ) ) ;
#1494 = DIRECTION ( 'NONE',  ( -1.000000000000000000, 0.0000000000000000000, 0.0000000000000000000 ) ) ;
#1495 = ORIENTED_EDGE ( 'NONE', *, *, #2349, .T. ) ;
#1496 = MECHANICAL_DESIGN_GEOMETRIC_PRESENTATION_REPRESENTATION (  '', ( #3194 ), #144 ) ;
#1497 = CARTESIAN_POINT ( 'NONE',  ( 1.499999999999999600, 0.03015999999999988800, -1.419840000000000400 ) ) ;
#1498 = DIRECTION ( 'NONE',  ( -1.000000000000000000, 0.0000000000000000000, 0.0000000000000000000 ) ) ;
#1499 = VECTOR ( 'NONE', #207, 1000.000000000000000 ) ;
#1500 = ORIENTED_EDGE ( 'NONE', *, *, #2869, .F. ) ;
#1501 = PRESENTATION_LAYER_ASSIGNMENT (  '', '', ( #2767 ) ) ;
#1502 = DIRECTION ( 'NONE',  ( -0.2764273280489751800, 0.0000000000000000000, 0.9610348236706639500 ) ) ;
#1503 = ORIENTED_EDGE ( 'NONE', *, *, #549, .T. ) ;
#1504 = FACE_OUTER_BOUND ( 'NONE', #1493, .T. ) ;
#1505 = DIRECTION ( 'NONE',  ( 0.2740217765953990000, 0.0000000000000000000, -0.9617234872620618000 ) ) ;
#1506 = ORIENTED_EDGE ( 'NONE', *, *, #3311, .F. ) ;
#1507 = DIRECTION ( 'NONE',  ( 0.0000000000000000000, -1.000000000000000000, 0.0000000000000000000 ) ) ;
#1508 = DIRECTION ( 'NONE',  ( -0.0000000000000000000, 1.000000000000000000, 0.0000000000000000000 ) ) ;
#1509 = ORIENTED_EDGE ( 'NONE', *, *, #1392, .F. ) ;
#1510 = LINE ( 'NONE', #4081, #4027 ) ;
#1511 = ORIENTED_EDGE ( 'NONE', *, *, #2957, .T. ) ;
#1512 =( GEOMETRIC_REPRESENTATION_CONTEXT ( 3 ) GLOBAL_UNCERTAINTY_ASSIGNED_CONTEXT ( ( #3484 ) ) GLOBAL_UNIT_ASSIGNED_CONTEXT ( ( #3715, #940, #893 ) ) REPRESENTATION_CONTEXT ( 'NONE', 'WORKASPACE' ) );
#1513 = LINE ( 'NONE', #4342, #533 ) ;
#1514 =( LENGTH_UNIT ( ) NAMED_UNIT ( * ) SI_UNIT ( .MILLI., .METRE. ) );
#1515 = DIRECTION ( 'NONE',  ( 0.0000000000000000000, 1.000000000000000000, 0.0000000000000000000 ) ) ;
#1516 = ORIENTED_EDGE ( 'NONE', *, *, #1484, .T. ) ;
#1517 = FILL_AREA_STYLE ('',( #1486 ) ) ;
#1518 = SURFACE_STYLE_FILL_AREA ( #4236 ) ;
#1519 = UNCERTAINTY_MEASURE_WITH_UNIT (LENGTH_MEASURE( 1.000000000000000100E-005 ), #2821, 'distance_accuracy_value', 'NONE');
#1520 = PRESENTATION_LAYER_ASSIGNMENT (  '', '', ( #11 ) ) ;
#1521 = ORIENTED_EDGE ( 'NONE', *, *, #1528, .F. ) ;
#1522 = CYLINDRICAL_SURFACE ( 'NONE', #1540, 0.03015999999999999600 ) ;
#1523 =( NAMED_UNIT ( * ) PLANE_ANGLE_UNIT ( ) SI_UNIT ( $, .RADIAN. ) );
#1524 = CARTESIAN_POINT ( 'NONE',  ( 1.500180287205763700, 0.04661677928597852300, -1.416547216864849200 ) ) ;
#1525 =( NAMED_UNIT ( * ) PLANE_ANGLE_UNIT ( ) SI_UNIT ( $, .RADIAN. ) );
#1526 = VERTEX_POINT ( 'NONE', #508 ) ;
#1527 = VECTOR ( 'NONE', #2275, 1000.000000000000100 ) ;
#1528 = EDGE_CURVE ( 'NONE', #3362, #3377, #1787, .T. ) ;
#1529 = SURFACE_STYLE_FILL_AREA ( #4302 ) ;
#1530 = ORIENTED_EDGE ( 'NONE', *, *, #3135, .F. ) ;
#1531 = CARTESIAN_POINT ( 'NONE',  ( 1.078691569420429800, 0.9248400000000001100, -0.7578992350461759600 ) ) ;
#1532 = DIRECTION ( 'NONE',  ( 0.2760118818968593200, 0.0000000000000000000, -0.9611542233438680200 ) ) ;
#1533 = FILL_AREA_STYLE_COLOUR ( '', #1346 ) ;
#1534 = AXIS2_PLACEMENT_3D ( 'NONE', #1388, #2462, #3834 ) ;
#1535 =( LENGTH_UNIT ( ) NAMED_UNIT ( * ) SI_UNIT ( .MILLI., .METRE. ) );
#1536 = CARTESIAN_POINT ( 'NONE',  ( 2.169840000000000200, 0.9198399999999999900, 0.0000000000000000000 ) ) ;
#1537 = CARTESIAN_POINT ( 'NONE',  ( -0.0001460746893406717300, 0.9248399999999998800, -0.09573588915504364900 ) ) ;
#1538 = CARTESIAN_POINT ( 'NONE',  ( 1.030988270753337800, 0.9198400000000001000, -0.7749822147078639900 ) ) ;
#1539 = DIRECTION ( 'NONE',  ( 0.0000000000000000000, 1.000000000000000000, 0.0000000000000000000 ) ) ;
#1540 = AXIS2_PLACEMENT_3D ( 'NONE', #2043, #298, #1309 ) ;
#1541 = VECTOR ( 'NONE', #4159, 1000.000000000000100 ) ;
#1542 = DIRECTION ( 'NONE',  ( -0.9601763114346026900, 0.0000000000000000000, -0.2793947940814949200 ) ) ;
#1543 = DIRECTION ( 'NONE',  ( -1.000000000000000000, 0.0000000000000000000, 0.0000000000000000000 ) ) ;
#1544 = EDGE_CURVE ( 'NONE', #3607, #3973, #1618, .T. ) ;
#1545 = AXIS2_PLACEMENT_3D ( 'NONE', #2874, #3575, #2541 ) ;
#1546 = EDGE_LOOP ( 'NONE', ( #3693, #3772, #363, #2228 ) ) ;
#1547 = DIRECTION ( 'NONE',  ( 0.2755520632520533900, 0.0000000000000000000, -0.9612861490927331300 ) ) ;
#1548 = CARTESIAN_POINT ( 'NONE',  ( 0.03015999999999999600, 0.0000000000000000000, -1.419840000000000000 ) ) ;
#1549 = COLOUR_RGB ( '',0.7921568627450980000, 0.8196078431372548800, 0.9333333333333333500 ) ;
#1550 = ORIENTED_EDGE ( 'NONE', *, *, #2748, .F. ) ;
#1551 =( GEOMETRIC_REPRESENTATION_CONTEXT ( 3 ) GLOBAL_UNCERTAINTY_ASSIGNED_CONTEXT ( ( #2219 ) ) GLOBAL_UNIT_ASSIGNED_CONTEXT ( ( #1438, #2900, #3898 ) ) REPRESENTATION_CONTEXT ( 'NONE', 'WORKASPACE' ) );
#1552 = CARTESIAN_POINT ( 'NONE',  ( 0.9239762105532929300, 0.9248400000000001100, -0.6489145870383743500 ) ) ;
#1553 = EDGE_CURVE ( 'NONE', #1772, #3919, #4023, .T. ) ;
#1554 = SURFACE_STYLE_USAGE ( .BOTH. , #852 ) ;
#1555 = FILL_AREA_STYLE ('',( #3648 ) ) ;
#1556 = VECTOR ( 'NONE', #4355, 1000.000000000000100 ) ;
#1557 = ORIENTED_EDGE ( 'NONE', *, *, #1779, .T. ) ;
#1558 = DIRECTION ( 'NONE',  ( -1.000000000000000000, 0.0000000000000000000, 0.0000000000000000000 ) ) ;
#1559 = CARTESIAN_POINT ( 'NONE',  ( 2.200000000000000200, 0.03015999999999999900, -1.419840000000000000 ) ) ;
#1560 = PRESENTATION_LAYER_ASSIGNMENT (  '', '', ( #4168 ) ) ;
#1561 = VERTEX_POINT ( 'NONE', #3328 ) ;
#1562 = APPLICATION_CONTEXT ( 'automotive_design' ) ;
#1563 = ORIENTED_EDGE ( 'NONE', *, *, #882, .F. ) ;
#1564 = VECTOR ( 'NONE', #3168, 1000.000000000000000 ) ;
#1565 = ORIENTED_EDGE ( 'NONE', *, *, #868, .F. ) ;
#1566 = CIRCLE ( 'NONE', #3536, 0.03015999999999999600 ) ;
#1567 = ADVANCED_FACE ( 'NONE', ( #524 ), #1728, .T. ) ;
#1568 = DIRECTION ( 'NONE',  ( -0.0000000000000000000, 1.000000000000000000, -0.0000000000000000000 ) ) ;
#1569 = DIRECTION ( 'NONE',  ( -1.000000000000000000, 0.0000000000000000000, 0.0000000000000000000 ) ) ;
#1570 = VERTEX_POINT ( 'NONE', #2952 ) ;
#1571 = DIRECTION ( 'NONE',  ( 1.000000000000000000, -1.355252715606881500E-016, 0.0000000000000000000 ) ) ;
#1572 = DIRECTION ( 'NONE',  ( 0.0000000000000000000, -1.000000000000000000, 0.0000000000000000000 ) ) ;
#1573 = FACE_OUTER_BOUND ( 'NONE', #4136, .T. ) ;
#1574 = AXIS2_PLACEMENT_3D ( 'NONE', #1435, #3886, #2727 ) ;
#1575 = ORIENTED_EDGE ( 'NONE', *, *, #657, .T. ) ;
#1576 = PRESENTATION_STYLE_ASSIGNMENT (( #3560 ) ) ;
#1577 = CARTESIAN_POINT ( 'NONE',  ( 0.03015999999999999600, 0.9198399999999999900, -1.419840000000000000 ) ) ;
#1578 =( NAMED_UNIT ( * ) PLANE_ANGLE_UNIT ( ) SI_UNIT ( $, .RADIAN. ) );
#1579 = UNCERTAINTY_MEASURE_WITH_UNIT (LENGTH_MEASURE( 1.000000000000000100E-005 ), #1535, 'distance_accuracy_value', 'NONE');
#1580 = ORIENTED_EDGE ( 'NONE', *, *, #261, .F. ) ;
#1581 = CARTESIAN_POINT ( 'NONE',  ( 2.169840000000000200, 0.9499999999999999600, 0.0000000000000000000 ) ) ;
#1582 = VECTOR ( 'NONE', #2794, 1000.000000000000000 ) ;
#1583 = EDGE_CURVE ( 'NONE', #653, #4246, #2058, .T. ) ;
#1584 = DIRECTION ( 'NONE',  ( 0.0000000000000000000, 1.000000000000000000, 0.0000000000000000000 ) ) ;
#1585 = ORIENTED_EDGE ( 'NONE', *, *, #2581, .T. ) ;
#1586 = PRESENTATION_STYLE_ASSIGNMENT (( #2017 ) ) ;
#1587 = LINE ( 'NONE', #49, #2242 ) ;
#1588 = SURFACE_STYLE_USAGE ( .BOTH. , #1631 ) ;
#1589 = CYLINDRICAL_SURFACE ( 'NONE', #1297, 0.03015999999999999900 ) ;
#1590 = CARTESIAN_POINT ( 'NONE',  ( 1.161995458704340000, 0.9198400000000001000, -0.7749822147078639900 ) ) ;
#1591 = VECTOR ( 'NONE', #1502, 1000.000000000000100 ) ;
#1592 = CARTESIAN_POINT ( 'NONE',  ( 2.169840000000000200, 0.03015999999999999900, -0.03015999999999999900 ) ) ;
#1593 = ORIENTED_EDGE ( 'NONE', *, *, #1165, .T. ) ;
#1594 = ADVANCED_FACE ( 'NONE', ( #186 ), #187, .F. ) ;
#1595 = EDGE_CURVE ( 'NONE', #4292, #2676, #1831, .T. ) ;
#1596 = CARTESIAN_POINT ( 'NONE',  ( 0.6986773379527614300, 0.03899365947941339100, -0.03899365947941339800 ) ) ;
#1597 = FILL_AREA_STYLE_COLOUR ( '', #2886 ) ;
#1598 = PRESENTATION_LAYER_ASSIGNMENT (  '', '', ( #2304 ) ) ;
#1599 = CARTESIAN_POINT ( 'NONE',  ( 0.7000000000000001800, 0.9198400000000001000, -0.03015999999999956200 ) ) ;
#1600 = CARTESIAN_POINT ( 'NONE',  ( 1.038894243508694300, 0.9248400000000001100, -0.6192949999999999300 ) ) ;
#1601 = CARTESIAN_POINT ( 'NONE',  ( -0.0001460746893406717300, 0.9198399999999998800, -0.09573588915504364900 ) ) ;
#1602 = DIRECTION ( 'NONE',  ( -1.000000000000000000, 0.0000000000000000000, 0.0000000000000000000 ) ) ;
#1603 = MECHANICAL_DESIGN_GEOMETRIC_PRESENTATION_REPRESENTATION (  '', ( #4029 ), #1825 ) ;
#1604 = CARTESIAN_POINT ( 'NONE',  ( 0.6996619981240500600, 0.04380140292786300500, -0.03488872359085040000 ) ) ;
#1605 = STYLED_ITEM ( 'NONE', ( #1640 ), #4049 ) ;
#1606 = DIRECTION ( 'NONE',  ( 0.0000000000000000000, -1.000000000000000000, 0.0000000000000000000 ) ) ;
#1607 = ORIENTED_EDGE ( 'NONE', *, *, #2669, .T. ) ;
#1608 = DIRECTION ( 'NONE',  ( 0.0000000000000000000, 0.0000000000000000000, -1.000000000000000000 ) ) ;
#1609 = COLOUR_RGB ( '',0.6470588235294118000, 0.5176470588235293500, 0.0000000000000000000 ) ;
#1610 = DIRECTION ( 'NONE',  ( 0.0000000000000000000, 0.0000000000000000000, -1.000000000000000000 ) ) ;
#1611 = VERTEX_POINT ( 'NONE', #3682 ) ;
#1612 = EDGE_CURVE ( 'NONE', #1041, #592, #1292, .T. ) ;
#1613 = CARTESIAN_POINT ( 'NONE',  ( 0.6999768890088268200, 0.03202174514141890900, -1.400577456366951300 ) ) ;
#1614 = SURFACE_STYLE_USAGE ( .BOTH. , #2719 ) ;
#1615 = ORIENTED_EDGE ( 'NONE', *, *, #1286, .T. ) ;
#1616 = LINE ( 'NONE', #4206, #1829 ) ;
#1617 = ORIENTED_EDGE ( 'NONE', *, *, #4127, .F. ) ;
#1618 = LINE ( 'NONE', #175, #793 ) ;
#1619 = AXIS2_PLACEMENT_3D ( 'NONE', #3365, #4439, #3382 ) ;
#1620 = ADVANCED_FACE ( 'NONE', ( #2831 ), #2312, .F. ) ;
#1621 = EDGE_LOOP ( 'NONE', ( #753, #3709, #2656, #88 ) ) ;
#1622 = SURFACE_STYLE_FILL_AREA ( #1261 ) ;
#1623 = ORIENTED_EDGE ( 'NONE', *, *, #4452, .T. ) ;
#1624 = CYLINDRICAL_SURFACE ( 'NONE', #1744, 0.03015999999999999900 ) ;
#1625 = SURFACE_SIDE_STYLE ('',( #2559 ) ) ;
#1626 = ORIENTED_EDGE ( 'NONE', *, *, #3784, .F. ) ;
#1627 = CARTESIAN_POINT ( 'NONE',  ( 0.9159717739674777500, 0.9198400000000001000, -0.7749822147078639900 ) ) ;
#1628 = LINE ( 'NONE', #1581, #1184 ) ;
#1629 = PRESENTATION_LAYER_ASSIGNMENT (  '', '', ( #4466 ) ) ;
#1630 = VECTOR ( 'NONE', #4294, 1000.000000000000000 ) ;
#1631 = SURFACE_SIDE_STYLE ('',( #817 ) ) ;
#1632 = ORIENTED_EDGE ( 'NONE', *, *, #109, .T. ) ;
#1633 = VECTOR ( 'NONE', #433, 1000.000000000000000 ) ;
#1634 = EDGE_CURVE ( 'NONE', #1351, #3689, #1891, .T. ) ;
#1635 = VECTOR ( 'NONE', #2085, 1000.000000000000000 ) ;
#1636 = UNCERTAINTY_MEASURE_WITH_UNIT (LENGTH_MEASURE( 1.000000000000000100E-005 ), #3680, 'distance_accuracy_value', 'NONE');
#1637 = MECHANICAL_DESIGN_GEOMETRIC_PRESENTATION_REPRESENTATION (  '', ( #1079 ), #1783 ) ;
#1638 = EDGE_LOOP ( 'NONE', ( #4424, #78, #967, #1838 ) ) ;
#1639 = LINE ( 'NONE', #2309, #3226 ) ;
#1640 = PRESENTATION_STYLE_ASSIGNMENT (( #2917 ) ) ;
#1641 = CARTESIAN_POINT ( 'NONE',  ( 1.500023110991173000, 0.9179782548585808700, -1.400577456366951300 ) ) ;
#1642 = ORIENTED_EDGE ( 'NONE', *, *, #1078, .T. ) ;
#1643 = FACE_OUTER_BOUND ( 'NONE', #4539, .T. ) ;
#1644 = LINE ( 'NONE', #681, #2909 ) ;
#1645 = EDGE_CURVE ( 'NONE', #3088, #4091, #417, .T. ) ;
#1646 =( NAMED_UNIT ( * ) SI_UNIT ( $, .STERADIAN. ) SOLID_ANGLE_UNIT ( ) );
#1647 = CARTESIAN_POINT ( 'NONE',  ( 1.403358125804999900, 0.9248400000000001100, -0.7449219079071504000 ) ) ;
#1648 = CARTESIAN_POINT ( 'NONE',  ( 1.230278812203394500, 0.9198400000000001000, -0.7749822147078639900 ) ) ;
#1649 = DIRECTION ( 'NONE',  ( -0.0000000000000000000, 1.000000000000000000, -0.0000000000000000000 ) ) ;
#1650 = STYLED_ITEM ( 'NONE', ( #4101 ), #411 ) ;
#1651 = CARTESIAN_POINT ( 'NONE',  ( 1.530159999999999500, 0.03015999999999999900, -0.03015999999999999900 ) ) ;
#1652 = CARTESIAN_POINT ( 'NONE',  ( 0.7000000000000001800, 0.9198400000000001000, -0.03015999999999956200 ) ) ;
#1653 =( NAMED_UNIT ( * ) SI_UNIT ( $, .STERADIAN. ) SOLID_ANGLE_UNIT ( ) );
#1654 = AXIS2_PLACEMENT_3D ( 'NONE', #571, #2035, #1968 ) ;
#1655 = FILL_AREA_STYLE ('',( #818 ) ) ;
#1656 = DIRECTION ( 'NONE',  ( 0.2729786930695101100, 0.0000000000000000000, -0.9620200793798755500 ) ) ;
#1657 = FILL_AREA_STYLE ('',( #4085 ) ) ;
#1658 = EDGE_CURVE ( 'NONE', #41, #1130, #3588, .T. ) ;
#1659 =( NAMED_UNIT ( * ) PLANE_ANGLE_UNIT ( ) SI_UNIT ( $, .RADIAN. ) );
#1660 = AXIS2_PLACEMENT_3D ( 'NONE', #2323, #1664, #188 ) ;
#1661 = DIRECTION ( 'NONE',  ( 1.000000000000000000, 0.0000000000000000000, 0.0000000000000000000 ) ) ;
#1662 = ORIENTED_EDGE ( 'NONE', *, *, #3311, .T. ) ;
#1663 = CARTESIAN_POINT ( 'NONE',  ( 0.8064311308146688800, 0.9198400000000001000, -0.6192949999999999300 ) ) ;
#1664 = DIRECTION ( 'NONE',  ( 1.000000000000000000, 0.0000000000000000000, 0.0000000000000000000 ) ) ;
#1665 = ORIENTED_EDGE ( 'NONE', *, *, #4332, .T. ) ;
#1666 = EDGE_CURVE ( 'NONE', #1351, #4292, #1236, .T. ) ;
#1667 = CARTESIAN_POINT ( 'NONE',  ( 1.334848215072952100, 0.9248400000000001100, -0.6876089300856994500 ) ) ;
#1668 = CARTESIAN_POINT ( 'NONE',  ( 1.411588366179693700, 0.9248400000000001100, -0.6192949999999999300 ) ) ;
#1669 = VECTOR ( 'NONE', #3986, 1000.000000000000000 ) ;
#1670 = ORIENTED_EDGE ( 'NONE', *, *, #556, .T. ) ;
#1671 = EDGE_LOOP ( 'NONE', ( #1472, #2216, #874 ) ) ;
#1672 = CARTESIAN_POINT ( 'NONE',  ( 1.145955062177842000, 0.9198400000000001000, -0.6192949999999999300 ) ) ;
#1674 = VERTEX_POINT ( 'NONE', #4120 ) ;
#1673 = EDGE_CURVE ( 'NONE', #4189, #4088, #1566, .T. ) ;
#1675 = FACE_OUTER_BOUND ( 'NONE', #2111, .T. ) ;
#1676 = ORIENTED_EDGE ( 'NONE', *, *, #1431, .F. ) ;
#1677 = COLOUR_RGB ( '',0.7686274509803920900, 0.7686274509803920900, 0.7686274509803920900 ) ;
#1678 = ORIENTED_EDGE ( 'NONE', *, *, #406, .T. ) ;
#1679 = SURFACE_STYLE_FILL_AREA ( #2584 ) ;
#1680 =( NAMED_UNIT ( * ) PLANE_ANGLE_UNIT ( ) SI_UNIT ( $, .RADIAN. ) );
#1681 = FACE_OUTER_BOUND ( 'NONE', #3938, .T. ) ;
#1682 = CARTESIAN_POINT ( 'NONE',  ( 1.367238987383888800, 0.9248400000000001100, -0.6192949999999999300 ) ) ;
#1683 = PRESENTATION_LAYER_ASSIGNMENT (  '', '', ( #4499 ) ) ;
#1684 = SHAPE_DEFINITION_REPRESENTATION ( #1977, #3281 ) ;
#1685 = ORIENTED_EDGE ( 'NONE', *, *, #2613, .T. ) ;
#1686 = CARTESIAN_POINT ( 'NONE',  ( 1.367238987383888800, 0.9248400000000001100, -0.6192949999999999300 ) ) ;
#1687 = LINE ( 'NONE', #1663, #1241 ) ;
#1688 = SURFACE_STYLE_FILL_AREA ( #4276 ) ;
#1689 = MECHANICAL_DESIGN_GEOMETRIC_PRESENTATION_REPRESENTATION (  '', ( #369 ), #2155 ) ;
#1690 = ORIENTED_EDGE ( 'NONE', *, *, #1887, .F. ) ;
#1691 = CARTESIAN_POINT ( 'NONE',  ( 0.8064311308146688800, 0.9248400000000001100, -0.6192949999999999300 ) ) ;
#1692 = COLOUR_RGB ( '',0.7686274509803920900, 0.7686274509803920900, 0.7686274509803920900 ) ;
#1693 = CARTESIAN_POINT ( 'NONE',  ( 0.7000000000000000700, 0.03015999999999999900, 0.0000000000000000000 ) ) ;
#1694 = ADVANCED_FACE ( 'NONE', ( #1125 ), #2507, .T. ) ;
#1695 = LINE ( 'NONE', #1647, #3271 ) ;
#1696 = CARTESIAN_POINT ( 'NONE',  ( 1.499999999999999600, 0.03015999999999988800, -1.450000000000000000 ) ) ;
#1697 = ADVANCED_FACE ( 'NONE', ( #639 ), #1142, .T. ) ;
#1698 = CARTESIAN_POINT ( 'NONE',  ( 0.6993472215294405100, 0.9088195164603293200, -1.413193164580843500 ) ) ;
#1699 = VERTEX_POINT ( 'NONE', #4434 ) ;
#1700 = EDGE_CURVE ( 'NONE', #3689, #925, #1687, .T. ) ;
#1701 = AXIS2_PLACEMENT_3D ( 'NONE', #1126, #3981, #784 ) ;
#1702 = VECTOR ( 'NONE', #1143, 1000.000000000000000 ) ;
#1703 =( NAMED_UNIT ( * ) SI_UNIT ( $, .STERADIAN. ) SOLID_ANGLE_UNIT ( ) );
#1704 = PLANE ( 'NONE',  #3186 ) ;
#1705 = ORIENTED_EDGE ( 'NONE', *, *, #584, .F. ) ;
#1706 = VECTOR ( 'NONE', #3589, 1000.000000000000000 ) ;
#1707 = ADVANCED_FACE ( 'NONE', ( #1845 ), #3449, .T. ) ;
#1708 = CARTESIAN_POINT ( 'NONE',  ( 2.200000000000000200, 0.9198399999999999900, -0.03015999999999999900 ) ) ;
#1709 = EDGE_CURVE ( 'NONE', #631, #2241, #1201, .T. ) ;
#1710 = CARTESIAN_POINT ( 'NONE',  ( 1.500008297138920600, 0.8975021565490018900, -0.03102180349905723400 ) ) ;
#1711 = DIRECTION ( 'NONE',  ( 0.0000000000000000000, 0.0000000000000000000, -1.000000000000000000 ) ) ;
#1712 = DIRECTION ( 'NONE',  ( -1.000000000000000000, 0.0000000000000000000, 0.0000000000000000000 ) ) ;
#1713 = CARTESIAN_POINT ( 'NONE',  ( 0.7000000000000000700, 0.03015999999999977700, -1.389680000000000200 ) ) ;
#1714 =( NAMED_UNIT ( * ) SI_UNIT ( $, .STERADIAN. ) SOLID_ANGLE_UNIT ( ) );
#1715 = SURFACE_STYLE_USAGE ( .BOTH. , #1052 ) ;
#1716 = CARTESIAN_POINT ( 'NONE',  ( 1.284682850239918100, 0.9248400000000001100, -0.7453427455750563100 ) ) ;
#1717 = AXIS2_PLACEMENT_3D ( 'NONE', #4447, #4460, #3469 ) ;
#1718 = DIRECTION ( 'NONE',  ( 0.7083077534943993400, 0.0000000000000000000, 0.7059037656364480800 ) ) ;
#1719 = UNCERTAINTY_MEASURE_WITH_UNIT (LENGTH_MEASURE( 1.000000000000000100E-005 ), #227, 'distance_accuracy_value', 'NONE');
#1720 = DIRECTION ( 'NONE',  ( 1.000000000000000000, 0.0000000000000000000, 0.0000000000000000000 ) ) ;
#1721 = DIRECTION ( 'NONE',  ( 1.000000000000000000, 0.0000000000000000000, 0.0000000000000000000 ) ) ;
#1722 = EDGE_LOOP ( 'NONE', ( #319, #292, #2414, #1771 ) ) ;
#1723 = PRESENTATION_LAYER_ASSIGNMENT (  '', '', ( #1485 ) ) ;
#1724 = EDGE_LOOP ( 'NONE', ( #2744, #4522, #955, #4022 ) ) ;
#1725 = ORIENTED_EDGE ( 'NONE', *, *, #4118, .T. ) ;
#1726 = ORIENTED_EDGE ( 'NONE', *, *, #1789, .T. ) ;
#1727 = EDGE_CURVE ( 'NONE', #1784, #3337, #4100, .T. ) ;
#1728 = CYLINDRICAL_SURFACE ( 'NONE', #242, 0.03015999999999999600 ) ;
#1729 = CARTESIAN_POINT ( 'NONE',  ( 1.498962597693164000, 0.9248400000000001100, -0.7749822147078639900 ) ) ;
#1730 = ORIENTED_EDGE ( 'NONE', *, *, #2849, .T. ) ;
#1731 = ORIENTED_EDGE ( 'NONE', *, *, #3342, .T. ) ;
#1732 = FACE_OUTER_BOUND ( 'NONE', #579, .T. ) ;
#1733 = DIRECTION ( 'NONE',  ( 0.0000000000000000000, -1.000000000000000000, 0.0000000000000000000 ) ) ;
#1734 = SURFACE_STYLE_USAGE ( .BOTH. , #1058 ) ;
#1735 = AXIS2_PLACEMENT_3D ( 'NONE', #1274, #2716, #4057 ) ;
#1736 = CLOSED_SHELL ( 'NONE', ( #1875, #1988, #3827, #2059, #289, #1342, #3086, #4362, #3803, #617, #1323, #1943, #2039 ) ) ;
#1737 = ADVANCED_FACE ( 'NONE', ( #2956 ), #2408, .F. ) ;
#1738 = FACE_OUTER_BOUND ( 'NONE', #4361, .T. ) ;
#1739 = CYLINDRICAL_SURFACE ( 'NONE', #3380, 0.03015999999999999600 ) ;
#1740 = CARTESIAN_POINT ( 'NONE',  ( 0.7000146003005064400, 0.9192676540420987600, -1.396416866474642600 ) ) ;
#1741 = ORIENTED_EDGE ( 'NONE', *, *, #696, .F. ) ;
#1742 =( LENGTH_UNIT ( ) NAMED_UNIT ( * ) SI_UNIT ( .MILLI., .METRE. ) );
#1743 = COLOUR_RGB ( '',0.7921568627450980000, 0.8196078431372548800, 0.9333333333333333500 ) ;
#1744 = AXIS2_PLACEMENT_3D ( 'NONE', #234, #1311, #3023 ) ;
#1745 = LINE ( 'NONE', #3738, #204 ) ;
#1746 = ADVANCED_FACE ( 'NONE', ( #1643 ), #42, .T. ) ;
#1747 = ORIENTED_EDGE ( 'NONE', *, *, #4, .F. ) ;
#1748 = FACE_OUTER_BOUND ( 'NONE', #2061, .T. ) ;
#1749 =( LENGTH_UNIT ( ) NAMED_UNIT ( * ) SI_UNIT ( .MILLI., .METRE. ) );
#1750 = COLOUR_RGB ( '',0.7686274509803920900, 0.7686274509803920900, 0.7686274509803920900 ) ;
#1751 = AXIS2_PLACEMENT_3D ( 'NONE', #3746, #3404, #3015 ) ;
#1752 = EDGE_LOOP ( 'NONE', ( #3901, #1725, #1305 ) ) ;
#1753 = VECTOR ( 'NONE', #426, 1000.000000000000000 ) ;
#1754 = VECTOR ( 'NONE', #4558, 1000.000000000000000 ) ;
#1755 = CARTESIAN_POINT ( 'NONE',  ( 1.530159999999999500, 0.0000000000000000000, 0.0000000000000000000 ) ) ;
#1756 = LINE ( 'NONE', #3480, #3393 ) ;
#1757 = CARTESIAN_POINT ( 'NONE',  ( 0.7000000000000001800, 0.06031999999999977700, -0.03015999999999956200 ) ) ;
#1758 = PLANE ( 'NONE',  #4402 ) ;
#1759 = CARTESIAN_POINT ( 'NONE',  ( 0.6997468072994971200, 0.9154080970868183600, -1.405764222644964500 ) ) ;
#1760 = CARTESIAN_POINT ( 'NONE',  ( 1.038894243508694300, 0.9248400000000001100, -0.6192949999999999300 ) ) ;
#1761 = CYLINDRICAL_SURFACE ( 'NONE', #2721, 0.03015999999999999600 ) ;
#1762 = ADVANCED_FACE ( 'NONE', ( #3172 ), #304, .F. ) ;
#1763 = EDGE_CURVE ( 'NONE', #4293, #2620, #2631, .T. ) ;
#1764 = CARTESIAN_POINT ( 'NONE',  ( 0.6986773379527614300, 0.03899365947941339100, -0.03899365947941339800 ) ) ;
#1765 =( NAMED_UNIT ( * ) SI_UNIT ( $, .STERADIAN. ) SOLID_ANGLE_UNIT ( ) );
#1766 = ORIENTED_EDGE ( 'NONE', *, *, #2987, .T. ) ;
#1767 = ORIENTED_EDGE ( 'NONE', *, *, #1709, .T. ) ;
#1768 = ORIENTED_EDGE ( 'NONE', *, *, #769, .F. ) ;
#1769 = STYLED_ITEM ( 'NONE', ( #707 ), #932 ) ;
#1770 = CARTESIAN_POINT ( 'NONE',  ( 1.500046268899097600, 0.03182996981486916500, -1.399576654992993800 ) ) ;
#1771 = ORIENTED_EDGE ( 'NONE', *, *, #1086, .T. ) ;
#1772 = VERTEX_POINT ( 'NONE', #2078 ) ;
#1773 = UNCERTAINTY_MEASURE_WITH_UNIT (LENGTH_MEASURE( 1.000000000000000100E-005 ), #3127, 'distance_accuracy_value', 'NONE');
#1774 = MECHANICAL_DESIGN_GEOMETRIC_PRESENTATION_REPRESENTATION (  '', ( #2252 ), #983 ) ;
#1775 = DIRECTION ( 'NONE',  ( 1.000000000000000000, 0.0000000000000000000, 1.539402763017534600E-015 ) ) ;
#1776 = ORIENTED_EDGE ( 'NONE', *, *, #3250, .T. ) ;
#1777 =( LENGTH_UNIT ( ) NAMED_UNIT ( * ) SI_UNIT ( .MILLI., .METRE. ) );
#1778 = ADVANCED_FACE ( 'NONE', ( #4211 ), #4543, .F. ) ;
#1779 = EDGE_CURVE ( 'NONE', #2815, #2106, #3197, .T. ) ;
#1780 = LINE ( 'NONE', #4327, #1669 ) ;
#1781 = CARTESIAN_POINT ( 'NONE',  ( 1.010035383403073300, 0.9248400000000001100, -0.7163901554708268500 ) ) ;
#1782 = ORIENTED_EDGE ( 'NONE', *, *, #1673, .T. ) ;
#1783 =( GEOMETRIC_REPRESENTATION_CONTEXT ( 3 ) GLOBAL_UNCERTAINTY_ASSIGNED_CONTEXT ( ( #1267 ) ) GLOBAL_UNIT_ASSIGNED_CONTEXT ( ( #4479, #3106, #3825 ) ) REPRESENTATION_CONTEXT ( 'NONE', 'WORKASPACE' ) );
#1784 = VERTEX_POINT ( 'NONE', #3866 ) ;
#1785 = DIRECTION ( 'NONE',  ( -0.2760118818968593800, 0.0000000000000000000, 0.9611542233438680200 ) ) ;
#1786 = ORIENTED_EDGE ( 'NONE', *, *, #269, .T. ) ;
#1787 = LINE ( 'NONE', #1936, #1075 ) ;
#1788 = CARTESIAN_POINT ( 'NONE',  ( 2.200000000000000200, 0.9198399999999999900, 0.0000000000000000000 ) ) ;
#1790 = ORIENTED_EDGE ( 'NONE', *, *, #3556, .T. ) ;
#1789 = EDGE_CURVE ( 'NONE', #14, #3813, #1422, .T. ) ;
#1791 = DIRECTION ( 'NONE',  ( 1.000000000000000000, 0.0000000000000000000, 0.0000000000000000000 ) ) ;
#1792 = ORIENTED_EDGE ( 'NONE', *, *, #4003, .F. ) ;
#1793 = CARTESIAN_POINT ( 'NONE',  ( 1.276256629218999000, 0.9198400000000001000, -0.7163849482553281700 ) ) ;
#1794 = CARTESIAN_POINT ( 'NONE',  ( 1.070922404285822100, 0.9248400000000001100, -0.6192949999999999300 ) ) ;
#1795 =( GEOMETRIC_REPRESENTATION_CONTEXT ( 3 ) GLOBAL_UNCERTAINTY_ASSIGNED_CONTEXT ( ( #3521 ) ) GLOBAL_UNIT_ASSIGNED_CONTEXT ( ( #3620, #1161, #3606 ) ) REPRESENTATION_CONTEXT ( 'NONE', 'WORKASPACE' ) );
#1796 = CARTESIAN_POINT ( 'NONE',  ( 1.500652778470559200, 0.03680683541915632400, -0.04118048353967060400 ) ) ;
#1797 = ORIENTED_EDGE ( 'NONE', *, *, #4043, .T. ) ;
#1798 = UNCERTAINTY_MEASURE_WITH_UNIT (LENGTH_MEASURE( 1.000000000000000100E-005 ), #2274, 'distance_accuracy_value', 'NONE');
#1799 = CARTESIAN_POINT ( 'NONE',  ( 1.500867674844865500, 0.03738143296497627200, -1.409297547042503500 ) ) ;
#1800 = FILL_AREA_STYLE ('',( #393 ) ) ;
#1801 = AXIS2_PLACEMENT_3D ( 'NONE', #1651, #2341, #238 ) ;
#1802 = ORIENTED_EDGE ( 'NONE', *, *, #2581, .F. ) ;
#1803 = LINE ( 'NONE', #1158, #2528 ) ;
#1804 =( NAMED_UNIT ( * ) PLANE_ANGLE_UNIT ( ) SI_UNIT ( $, .RADIAN. ) );
#1805 = SURFACE_STYLE_USAGE ( .BOTH. , #3570 ) ;
#1806 = STYLED_ITEM ( 'NONE', ( #184 ), #2920 ) ;
#1807 = LINE ( 'NONE', #4396, #1155 ) ;
#1808 = DIRECTION ( 'NONE',  ( 0.9999960426590095400, 0.0000000000000000000, 0.002813301676023789300 ) ) ;
#1809 = CARTESIAN_POINT ( 'NONE',  ( 1.501322662047238200, 0.9110063405205864900, -1.411006340520586400 ) ) ;
#1810 = DIRECTION ( 'NONE',  ( 1.000000000000000000, 0.0000000000000000000, 0.0000000000000000000 ) ) ;
#1811 = EDGE_CURVE ( 'NONE', #3963, #4353, #602, .T. ) ;
#1812 =( NAMED_UNIT ( * ) SI_UNIT ( $, .STERADIAN. ) SOLID_ANGLE_UNIT ( ) );
#1813 = CARTESIAN_POINT ( 'NONE',  ( 0.8402060757374382200, 0.9198400000000001000, -0.7749822147078639900 ) ) ;
#1814 = SURFACE_SIDE_STYLE ('',( #409 ) ) ;
#1815 = EDGE_CURVE ( 'NONE', #4091, #3820, #978, .T. ) ;
#1816 = CARTESIAN_POINT ( 'NONE',  ( 0.6986773379527614300, 0.03899365947941339100, -0.03899365947941339800 ) ) ;
#1817 = DIRECTION ( 'NONE',  ( -0.2762033010252066800, 0.0000000000000000000, 0.9610992334315843200 ) ) ;
#1818 = DIRECTION ( 'NONE',  ( 0.0000000000000000000, -1.000000000000000000, 0.0000000000000000000 ) ) ;
#1819 = MECHANICAL_DESIGN_GEOMETRIC_PRESENTATION_REPRESENTATION (  '', ( #2304 ), #2540 ) ;
#1820 = ORIENTED_EDGE ( 'NONE', *, *, #3524, .T. ) ;
#1821 = CARTESIAN_POINT ( 'NONE',  ( 1.500706144435243600, 0.04163126649991996700, -0.03664814244375799000 ) ) ;
#1822 = PLANE ( 'NONE',  #1097 ) ;
#1823 = SURFACE_STYLE_FILL_AREA ( #2518 ) ;
#1824 = ORIENTED_EDGE ( 'NONE', *, *, #2760, .F. ) ;
#1825 =( GEOMETRIC_REPRESENTATION_CONTEXT ( 3 ) GLOBAL_UNCERTAINTY_ASSIGNED_CONTEXT ( ( #1434 ) ) GLOBAL_UNIT_ASSIGNED_CONTEXT ( ( #2610, #3660, #1224 ) ) REPRESENTATION_CONTEXT ( 'NONE', 'WORKASPACE' ) );
#1826 = SURFACE_SIDE_STYLE ('',( #1823 ) ) ;
#1827 = EDGE_LOOP ( 'NONE', ( #2018, #414, #2114, #2712 ) ) ;
#1828 = CARTESIAN_POINT ( 'NONE',  ( 0.6698400000000001000, 0.03015999999999999900, -0.03015999999999999900 ) ) ;
#1829 = VECTOR ( 'NONE', #3526, 1000.000000000000000 ) ;
#1830 = VERTEX_POINT ( 'NONE', #2829 ) ;
#1831 = LINE ( 'NONE', #4390, #2718 ) ;
#1832 = CARTESIAN_POINT ( 'NONE',  ( 1.268045324172430300, 0.9248400000000001100, -0.6876089300856994500 ) ) ;
#1833 =( GEOMETRIC_REPRESENTATION_CONTEXT ( 3 ) GLOBAL_UNCERTAINTY_ASSIGNED_CONTEXT ( ( #2897 ) ) GLOBAL_UNIT_ASSIGNED_CONTEXT ( ( #3616, #1523, #1865 ) ) REPRESENTATION_CONTEXT ( 'NONE', 'WORKASPACE' ) );
#1834 = EDGE_LOOP ( 'NONE', ( #3592, #2972, #2788, #1397 ) ) ;
#1835 = ORIENTED_EDGE ( 'NONE', *, *, #2349, .F. ) ;
#1836 = CARTESIAN_POINT ( 'NONE',  ( 1.500046268899097600, 0.9181700301851305500, -0.05042334500700621600 ) ) ;
#1837 = DIRECTION ( 'NONE',  ( -1.000000000000000000, 0.0000000000000000000, 0.0000000000000000000 ) ) ;
#1838 = ORIENTED_EDGE ( 'NONE', *, *, #1431, .T. ) ;
#1839 = CARTESIAN_POINT ( 'NONE',  ( 1.078691569420429800, 0.9198400000000001000, -0.7578992350461759600 ) ) ;
#1840 = DIRECTION ( 'NONE',  ( 0.0000000000000000000, 0.0000000000000000000, 1.000000000000000000 ) ) ;
#1841 = SURFACE_STYLE_FILL_AREA ( #1517 ) ;
#1842 = EDGE_CURVE ( 'NONE', #2906, #3860, #488, .T. ) ;
#1843 = ORIENTED_EDGE ( 'NONE', *, *, #230, .T. ) ;
#1844 = LINE ( 'NONE', #4502, #3710 ) ;
#1845 = FACE_OUTER_BOUND ( 'NONE', #303, .T. ) ;
#1846 = PLANE ( 'NONE',  #1890 ) ;
#1847 = CARTESIAN_POINT ( 'NONE',  ( 2.200000000000000200, 0.9198399999999999900, -1.450000000000000000 ) ) ;
#1848 = VECTOR ( 'NONE', #3790, 1000.000000000000100 ) ;
#1849 =( NAMED_UNIT ( * ) SI_UNIT ( $, .STERADIAN. ) SOLID_ANGLE_UNIT ( ) );
#1850 = EDGE_LOOP ( 'NONE', ( #512, #762, #3308 ) ) ;
#1851 = VECTOR ( 'NONE', #3691, 1000.000000000000000 ) ;
#1852 = LINE ( 'NONE', #832, #3506 ) ;
#1853 = DIRECTION ( 'NONE',  ( 0.0000000000000000000, 0.0000000000000000000, 1.000000000000000000 ) ) ;
#1854 = B_SPLINE_CURVE_WITH_KNOTS ( 'NONE', 3,
 ( #3794, #1698, #1061, #3879, #3518, #2120, #4229, #3600, #1899, #150 ),
 .UNSPECIFIED., .F., .F.,
 ( 4, 3, 3, 4 ),
 ( 0.0000000000000000000, 9.493065180756420900E-006, 1.893605998182675600E-005, 2.360435136841333500E-005 ),
 .UNSPECIFIED. ) ;
#1855 = EDGE_LOOP ( 'NONE', ( #430, #2885, #1678 ) ) ;
#1856 = CARTESIAN_POINT ( 'NONE',  ( 1.334848215072952100, 0.9248400000000001100, -0.6876089300856994500 ) ) ;
#1857 = LINE ( 'NONE', #4114, #3613 ) ;
#1858 = DIRECTION ( 'NONE',  ( -1.000000000000000000, 0.0000000000000000000, -1.539402763017535200E-015 ) ) ;
#1859 = AXIS2_PLACEMENT_3D ( 'NONE', #3420, #2003, #939 ) ;
#1860 = DIRECTION ( 'NONE',  ( 0.0000000000000000000, -1.000000000000000000, 0.0000000000000000000 ) ) ;
#1861 = DIRECTION ( 'NONE',  ( 0.0000000000000000000, 0.0000000000000000000, 1.000000000000000000 ) ) ;
#1862 = EDGE_CURVE ( 'NONE', #3963, #2207, #2524, .T. ) ;
#1863 = AXIS2_PLACEMENT_3D ( 'NONE', #2410, #3083, #971 ) ;
#1864 = DIRECTION ( 'NONE',  ( -1.000000000000000000, 0.0000000000000000000, 0.0000000000000000000 ) ) ;
#1865 =( NAMED_UNIT ( * ) SI_UNIT ( $, .STERADIAN. ) SOLID_ANGLE_UNIT ( ) );
#1866 = CARTESIAN_POINT ( 'NONE',  ( 0.7482703236758261300, 0.9248400000000001100, -0.6192949999999999300 ) ) ;
#1867 = EDGE_CURVE ( 'NONE', #128, #2108, #2397, .T. ) ;
#1868 = DIRECTION ( 'NONE',  ( 0.0000000000000000000, 0.0000000000000000000, -1.000000000000000000 ) ) ;
#1869 = DIRECTION ( 'NONE',  ( 1.000000000000000000, 0.0000000000000000000, -0.0000000000000000000 ) ) ;
#1870 = DIRECTION ( 'NONE',  ( -0.0000000000000000000, -0.0000000000000000000, 1.000000000000000000 ) ) ;
#1871 = ORIENTED_EDGE ( 'NONE', *, *, #4429, .T. ) ;
#1872 = AXIS2_PLACEMENT_3D ( 'NONE', #4397, #1602, #1949 ) ;
#1873 = DIRECTION ( 'NONE',  ( -1.000000000000000000, 0.0000000000000000000, 0.0000000000000000000 ) ) ;
#1874 = APPLICATION_PROTOCOL_DEFINITION ( 'draft international standard', 'automotive_design', 1998, #1562 ) ;
#1875 = ADVANCED_FACE ( 'NONE', ( #1314 ), #733, .F. ) ;
#1876 = DIRECTION ( 'NONE',  ( -2.459231407381526200E-015, 0.0000000000000000000, -1.000000000000000000 ) ) ;
#1877 = CYLINDRICAL_SURFACE ( 'NONE', #3457, 0.03015999999999999600 ) ;
#1878 = ORIENTED_EDGE ( 'NONE', *, *, #2142, .F. ) ;
#1879 = CARTESIAN_POINT ( 'NONE',  ( 0.03015999999999999600, 0.9499999999999999600, -0.03015999999999999900 ) ) ;
#1880 =( GEOMETRIC_REPRESENTATION_CONTEXT ( 3 ) GLOBAL_UNCERTAINTY_ASSIGNED_CONTEXT ( ( #4063 ) ) GLOBAL_UNIT_ASSIGNED_CONTEXT ( ( #4456, #3741, #2320 ) ) REPRESENTATION_CONTEXT ( 'NONE', 'WORKASPACE' ) );
#1881 = LINE ( 'NONE', #1468, #180 ) ;
#1882 = CARTESIAN_POINT ( 'NONE',  ( 0.8402060757374382200, 0.9248400000000001100, -0.7749822147078639900 ) ) ;
#1883 = ORIENTED_EDGE ( 'NONE', *, *, #3401, .F. ) ;
#1884 = DIRECTION ( 'NONE',  ( -0.2762033010289141100, 0.0000000000000000000, 0.9610992334305188400 ) ) ;
#1885 =( NAMED_UNIT ( * ) PLANE_ANGLE_UNIT ( ) SI_UNIT ( $, .RADIAN. ) );
#1886 = ORIENTED_EDGE ( 'NONE', *, *, #2535, .F. ) ;
#1887 = EDGE_CURVE ( 'NONE', #2313, #1674, #2852, .T. ) ;
#1888 = CYLINDRICAL_SURFACE ( 'NONE', #161, 0.03015999999999999600 ) ;
#1889 = VERTEX_POINT ( 'NONE', #3564 ) ;
#1890 = AXIS2_PLACEMENT_3D ( 'NONE', #60, #1163, #1494 ) ;
#1891 = LINE ( 'NONE', #551, #4134 ) ;
#1892 = DIRECTION ( 'NONE',  ( 0.0000000000000000000, 0.0000000000000000000, 1.000000000000000000 ) ) ;
#1893 = CARTESIAN_POINT ( 'NONE',  ( 0.0000000000000000000, 0.9198399999999999900, -0.03015999999999999900 ) ) ;
#1894 = DIRECTION ( 'NONE',  ( 0.0000000000000000000, 0.0000000000000000000, 1.000000000000000000 ) ) ;
#1895 = VERTEX_POINT ( 'NONE', #1460 ) ;
#1896 = SURFACE_STYLE_USAGE ( .BOTH. , #4329 ) ;
#1897 = CARTESIAN_POINT ( 'NONE',  ( 2.169840000000000200, 0.0000000000000000000, -1.419840000000000000 ) ) ;
#1898 = AXIS2_PLACEMENT_3D ( 'NONE', #3466, #314, #344 ) ;
#1899 = CARTESIAN_POINT ( 'NONE',  ( 0.7000000000000481400, 0.8912539154503438300, -1.419840000000003100 ) ) ;
#1901 = ORIENTED_EDGE ( 'NONE', *, *, #2809, .F. ) ;
#1900 = EDGE_CURVE ( 'NONE', #3118, #2978, #4269, .T. ) ;
#1902 = PRESENTATION_STYLE_ASSIGNMENT (( #3515 ) ) ;
#1903 = FACE_OUTER_BOUND ( 'NONE', #3970, .T. ) ;
#1904 = PLANE ( 'NONE',  #2782 ) ;
#1905 = DIRECTION ( 'NONE',  ( 1.000000000000000000, 0.0000000000000000000, 0.0000000000000000000 ) ) ;
#1906 = DIRECTION ( 'NONE',  ( 0.0000000000000000000, 1.000000000000000000, 0.0000000000000000000 ) ) ;
#1907 = DIRECTION ( 'NONE',  ( 0.2755265765475200500, 0.0000000000000000000, -0.9612934544747527800 ) ) ;
#1908 = ORIENTED_EDGE ( 'NONE', *, *, #3353, .T. ) ;
#1909 = LINE ( 'NONE', #3367, #2075 ) ;
#1910 = EDGE_CURVE ( 'NONE', #1235, #780, #660, .T. ) ;
#1911 = PRESENTATION_STYLE_ASSIGNMENT (( #3676 ) ) ;
#1912 = DIRECTION ( 'NONE',  ( 0.0000000000000000000, 0.0000000000000000000, -1.000000000000000000 ) ) ;
#1913 = VERTEX_POINT ( 'NONE', #72 ) ;
#1914 = FACE_OUTER_BOUND ( 'NONE', #2522, .T. ) ;
#1915 = VECTOR ( 'NONE', #1081, 1000.000000000000000 ) ;
#1916 = UNCERTAINTY_MEASURE_WITH_UNIT (LENGTH_MEASURE( 1.000000000000000100E-005 ), #651, 'distance_accuracy_value', 'NONE');
#1917 = CARTESIAN_POINT ( 'NONE',  ( 1.010280595901991200, 0.9198400000000001000, -0.6489145870383743500 ) ) ;
#1918 = MECHANICAL_DESIGN_GEOMETRIC_PRESENTATION_REPRESENTATION (  '', ( #4019 ), #2394 ) ;
#1919 = DIRECTION ( 'NONE',  ( 0.0000000000000000000, -1.000000000000000000, 0.0000000000000000000 ) ) ;
#1920 = DIRECTION ( 'NONE',  ( -1.000000000000000000, 0.0000000000000000000, 0.0000000000000000000 ) ) ;
#1921 = DIRECTION ( 'NONE',  ( 1.000000000000000000, 0.0000000000000000000, 0.0000000000000000000 ) ) ;
#1922 = CARTESIAN_POINT ( 'NONE',  ( 1.490322812799942800, 0.9248400000000001100, -0.7449185239158044900 ) ) ;
#1923 =( NAMED_UNIT ( * ) SI_UNIT ( $, .STERADIAN. ) SOLID_ANGLE_UNIT ( ) );
#1924 =( GEOMETRIC_REPRESENTATION_CONTEXT ( 3 ) GLOBAL_UNCERTAINTY_ASSIGNED_CONTEXT ( ( #4215 ) ) GLOBAL_UNIT_ASSIGNED_CONTEXT ( ( #608, #1285, #3386 ) ) REPRESENTATION_CONTEXT ( 'NONE', 'WORKASPACE' ) );
#1925 = PRESENTATION_STYLE_ASSIGNMENT (( #1462 ) ) ;
#1926 = FILL_AREA_STYLE ('',( #141 ) ) ;
#1927 = EDGE_CURVE ( 'NONE', #3377, #908, #1587, .T. ) ;
#1928 = PRESENTATION_LAYER_ASSIGNMENT (  '', '', ( #3969 ) ) ;
#1929 =( NAMED_UNIT ( * ) PLANE_ANGLE_UNIT ( ) SI_UNIT ( $, .RADIAN. ) );
#1930 = DIRECTION ( 'NONE',  ( 0.0000000000000000000, -0.0000000000000000000, 1.000000000000000000 ) ) ;
#1931 = DIRECTION ( 'NONE',  ( 0.2793947940878428500, 0.0000000000000000000, -0.9601763114327556100 ) ) ;
#1932 = EDGE_CURVE ( 'NONE', #3225, #1299, #3832, .T. ) ;
#1933 = DIRECTION ( 'NONE',  ( 1.000000000000000000, 0.0000000000000000000, 0.0000000000000000000 ) ) ;
#1934 = LINE ( 'NONE', #2455, #2976 ) ;
#1935 = ORIENTED_EDGE ( 'NONE', *, *, #4388, .T. ) ;
#1936 = CARTESIAN_POINT ( 'NONE',  ( 1.403358125804999900, 0.9248400000000001100, -0.7449219079071504000 ) ) ;
#1937 = CARTESIAN_POINT ( 'NONE',  ( 1.447697090170249700, 0.9248400000000001100, -0.7449219079067641600 ) ) ;
#1938 = AXIS2_PLACEMENT_3D ( 'NONE', #402, #731, #9 ) ;
#1939 = VERTEX_POINT ( 'NONE', #2151 ) ;
#1940 = CARTESIAN_POINT ( 'NONE',  ( 1.498962597693164000, 0.9248400000000001100, -0.7749822147078639900 ) ) ;
#1941 = ORIENTED_EDGE ( 'NONE', *, *, #2438, .T. ) ;
#1942 = ORIENTED_EDGE ( 'NONE', *, *, #3034, .F. ) ;
#1943 = ADVANCED_FACE ( 'NONE', ( #3275 ), #442, .F. ) ;
#1944 = PLANE ( 'NONE',  #2801 ) ;
#1945 = MECHANICAL_DESIGN_GEOMETRIC_PRESENTATION_REPRESENTATION (  '', ( #4466 ), #1327 ) ;
#1946 = DIRECTION ( 'NONE',  ( 1.000000000000000000, 0.0000000000000000000, 0.0000000000000000000 ) ) ;
#1947 = CARTESIAN_POINT ( 'NONE',  ( 0.7000000000000000700, 0.06031999999999977700, -1.419840000000000400 ) ) ;
#1948 = ORIENTED_EDGE ( 'NONE', *, *, #2417, .F. ) ;
#1949 = DIRECTION ( 'NONE',  ( 0.0000000000000000000, 0.0000000000000000000, 1.000000000000000000 ) ) ;
#1950 = ORIENTED_EDGE ( 'NONE', *, *, #3845, .T. ) ;
#1951 = LINE ( 'NONE', #3100, #3429 ) ;
#1952 = EDGE_CURVE ( 'NONE', #359, #1399, #2127, .T. ) ;
#1953 = MECHANICAL_DESIGN_GEOMETRIC_PRESENTATION_REPRESENTATION (  '', ( #3212 ), #3543 ) ;
#1954 = EDGE_LOOP ( 'NONE', ( #4241, #2210, #2393, #2165 ) ) ;
#1955 = SURFACE_STYLE_FILL_AREA ( #588 ) ;
#1956 = CARTESIAN_POINT ( 'NONE',  ( 0.7000000000000000700, 0.03015999999999977700, -1.419840000000000400 ) ) ;
#1957 = ORIENTED_EDGE ( 'NONE', *, *, #1658, .F. ) ;
#1958 =( NAMED_UNIT ( * ) SI_UNIT ( $, .STERADIAN. ) SOLID_ANGLE_UNIT ( ) );
#1959 = VECTOR ( 'NONE', #1919, 1000.000000000000000 ) ;
#1960 = EDGE_CURVE ( 'NONE', #2108, #254, #2539, .T. ) ;
#1961 = CARTESIAN_POINT ( 'NONE',  ( 0.7000000000000000700, 0.9198399999999999900, -0.06031999999999955500 ) ) ;
#1962 = ORIENTED_EDGE ( 'NONE', *, *, #528, .T. ) ;
#1963 = COLOUR_RGB ( '',0.7686274509803920900, 0.7686274509803920900, 0.7686274509803920900 ) ;
#1964 = VECTOR ( 'NONE', #1229, 1000.000000000000000 ) ;
#1965 = FILL_AREA_STYLE_COLOUR ( '', #1750 ) ;
#1966 = DIRECTION ( 'NONE',  ( -0.9619530280415443700, 0.0000000000000000000, -0.2732148821746424600 ) ) ;
#1967 = PRESENTATION_STYLE_ASSIGNMENT (( #1588 ) ) ;
#1968 = DIRECTION ( 'NONE',  ( 1.000000000000000000, 0.0000000000000000000, 0.0000000000000000000 ) ) ;
#1969 = ORIENTED_EDGE ( 'NONE', *, *, #134, .T. ) ;
#1970 = AXIS2_PLACEMENT_3D ( 'NONE', #4044, #2655, #270 ) ;
#1971 = LINE ( 'NONE', #1033, #213 ) ;
#1972 = UNCERTAINTY_MEASURE_WITH_UNIT (LENGTH_MEASURE( 1.000000000000000100E-005 ), #3350, 'distance_accuracy_value', 'NONE');
#1973 = ADVANCED_FACE ( 'NONE', ( #1306 ), #2962, .F. ) ;
#1974 = PRESENTATION_STYLE_ASSIGNMENT (( #2599 ) ) ;
#1975 =( LENGTH_UNIT ( ) NAMED_UNIT ( * ) SI_UNIT ( .MILLI., .METRE. ) );
#1976 = DIRECTION ( 'NONE',  ( 0.0000000000000000000, 1.000000000000000000, 0.0000000000000000000 ) ) ;
#1977 = PRODUCT_DEFINITION_SHAPE ( 'NONE', 'NONE',  #2753 ) ;
#1978 = SPHERICAL_SURFACE ( 'NONE', #3658, 0.03015999999999999900 ) ;
#1979 =( LENGTH_UNIT ( ) NAMED_UNIT ( * ) SI_UNIT ( .MILLI., .METRE. ) );
#1980 = AXIS2_PLACEMENT_3D ( 'NONE', #3951, #82, #1532 ) ;
#1981 = CARTESIAN_POINT ( 'NONE',  ( 2.169840000000000200, 0.0000000000000000000, -0.03015999999999999900 ) ) ;
#1982 = CARTESIAN_POINT ( 'NONE',  ( 0.7930713101726921700, 0.9198400000000001000, -0.7749822147078639900 ) ) ;
#1983 = EDGE_CURVE ( 'NONE', #577, #3985, #1474, .T. ) ;
#1984 = DIRECTION ( 'NONE',  ( 0.0000000000000000000, -1.000000000000000000, 0.0000000000000000000 ) ) ;
#1985 = AXIS2_PLACEMENT_3D ( 'NONE', #257, #1976, #2707 ) ;
#1986 = CARTESIAN_POINT ( 'NONE',  ( 0.6698400000000001000, 0.9198399999999999900, -1.419840000000000000 ) ) ;
#1987 = CARTESIAN_POINT ( 'NONE',  ( 0.03015999999999999600, 0.9198399999999999900, -1.419840000000000000 ) ) ;
#1988 = ADVANCED_FACE ( 'NONE', ( #3006 ), #822, .F. ) ;
#1989 = AXIS2_PLACEMENT_3D ( 'NONE', #607, #2367, #266 ) ;
#1990 = ORIENTED_EDGE ( 'NONE', *, *, #3270, .F. ) ;
#1991 = CARTESIAN_POINT ( 'NONE',  ( 0.7000000000000000700, 0.9168405780927071400, -0.03315942190729280500 ) ) ;
#1992 = CARTESIAN_POINT ( 'NONE',  ( 0.8914412866102086100, 0.9198400000000001000, -0.7749822147078639900 ) ) ;
#1993 = VECTOR ( 'NONE', #3025, 1000.000000000000000 ) ;
#1994 = PLANE ( 'NONE',  #3829 ) ;
#1995 = UNCERTAINTY_MEASURE_WITH_UNIT (LENGTH_MEASURE( 1.000000000000000100E-005 ), #3114, 'distance_accuracy_value', 'NONE');
#1996 = VERTEX_POINT ( 'NONE', #155 ) ;
#1997 = EDGE_CURVE ( 'NONE', #183, #3225, #1852, .T. ) ;
#1998 = DIRECTION ( 'NONE',  ( -1.000000000000000000, 0.0000000000000000000, 0.0000000000000000000 ) ) ;
#1999 = ADVANCED_FACE ( 'NONE', ( #1259 ), #3994, .F. ) ;
#2000 = DIRECTION ( 'NONE',  ( -0.9615825319869156800, 0.0000000000000000000, -0.2745159998572621100 ) ) ;
#2001 = CIRCLE ( 'NONE', #1275, 0.03015999999999999900 ) ;
#2002 = ORIENTED_EDGE ( 'NONE', *, *, #2501, .F. ) ;
#2003 = DIRECTION ( 'NONE',  ( 1.000000000000000000, -0.0000000000000000000, -0.0000000000000000000 ) ) ;
#2004 = CARTESIAN_POINT ( 'NONE',  ( 1.490322812799942800, 0.9198400000000001000, -0.7449185239158044900 ) ) ;
#2005 =( GEOMETRIC_REPRESENTATION_CONTEXT ( 3 ) GLOBAL_UNCERTAINTY_ASSIGNED_CONTEXT ( ( #2332 ) ) GLOBAL_UNIT_ASSIGNED_CONTEXT ( ( #2150, #46, #2971 ) ) REPRESENTATION_CONTEXT ( 'NONE', 'WORKASPACE' ) );
#2006 = ORIENTED_EDGE ( 'NONE', *, *, #1700, .F. ) ;
#2007 = ORIENTED_EDGE ( 'NONE', *, *, #3551, .F. ) ;
#2008 = VECTOR ( 'NONE', #2268, 1000.000000000000000 ) ;
#2009 = CARTESIAN_POINT ( 'NONE',  ( 1.498962597693164000, 0.9198400000000001000, -0.7749822147078639900 ) ) ;
#2010 = ORIENTED_EDGE ( 'NONE', *, *, #3576, .F. ) ;
#2011 = CARTESIAN_POINT ( 'NONE',  ( 0.7000000000000481400, 0.9198400000000027700, -0.05874608454965599800 ) ) ;
#2012 = MECHANICAL_DESIGN_GEOMETRIC_PRESENTATION_REPRESENTATION (  '', ( #606 ), #3708 ) ;
#2013 = VECTOR ( 'NONE', #4283, 1000.000000000000000 ) ;
#2014 = DIRECTION ( 'NONE',  ( 1.000000000000000000, 1.355252715606881500E-016, 0.0000000000000000000 ) ) ;
#2015 = SURFACE_STYLE_USAGE ( .BOTH. , #3791 ) ;
#2016 = ADVANCED_FACE ( 'NONE', ( #1748 ), #1169, .F. ) ;
#2017 = SURFACE_STYLE_USAGE ( .BOTH. , #3415 ) ;
#2018 = ORIENTED_EDGE ( 'NONE', *, *, #734, .T. ) ;
#2019 = ADVANCED_FACE ( 'NONE', ( #437 ), #2615, .F. ) ;
#2020 = CARTESIAN_POINT ( 'NONE',  ( 2.169840000000000200, 0.03015999999999999900, -1.419840000000000000 ) ) ;
#2021 = FACE_OUTER_BOUND ( 'NONE', #4504, .T. ) ;
#2022 = EDGE_CURVE ( 'NONE', #3817, #4420, #2903, .T. ) ;
#2023 = FACE_OUTER_BOUND ( 'NONE', #3392, .T. ) ;
#2024 = AXIS2_PLACEMENT_3D ( 'NONE', #2342, #593, #563 ) ;
#2025 = ORIENTED_EDGE ( 'NONE', *, *, #376, .T. ) ;
#2026 = CARTESIAN_POINT ( 'NONE',  ( 1.161995458704340000, 0.9198400000000001000, -0.7749822147078639900 ) ) ;
#2027 = VECTOR ( 'NONE', #4395, 1000.000000000000000 ) ;
#2028 = DIRECTION ( 'NONE',  ( -1.000000000000000000, 0.0000000000000000000, 0.0000000000000000000 ) ) ;
#2029 = EDGE_LOOP ( 'NONE', ( #2887, #3368, #262, #664 ) ) ;
#2030 = CARTESIAN_POINT ( 'NONE',  ( 0.7724994961765853100, 0.9248400000000001100, -0.7038289321678913300 ) ) ;
#2031 = EDGE_CURVE ( 'NONE', #2705, #2226, #1362, .T. ) ;
#2032 = SURFACE_SIDE_STYLE ('',( #3154 ) ) ;
#2033 = DIRECTION ( 'NONE',  ( 0.0000000000000000000, -1.000000000000000000, 0.0000000000000000000 ) ) ;
#2034 = DIRECTION ( 'NONE',  ( 1.000000000000000000, 0.0000000000000000000, -0.0000000000000000000 ) ) ;
#2035 = DIRECTION ( 'NONE',  ( 0.0000000000000000000, -0.0000000000000000000, 1.000000000000000000 ) ) ;
#2036 = AXIS2_PLACEMENT_3D ( 'NONE', #2799, #3433, #1049 ) ;
#2037 =( LENGTH_UNIT ( ) NAMED_UNIT ( * ) SI_UNIT ( .MILLI., .METRE. ) );
#2038 = VECTOR ( 'NONE', #2740, 1000.000000000000100 ) ;
#2039 = ADVANCED_FACE ( 'NONE', ( #3119 ), #2587, .T. ) ;
#2040 = CARTESIAN_POINT ( 'NONE',  ( 1.530159999999999500, 0.0000000000000000000, 0.0000000000000000000 ) ) ;
#2041 = CARTESIAN_POINT ( 'NONE',  ( 0.6698400000000001000, 0.9198399999999999900, -0.03015999999999999900 ) ) ;
#2042 = CARTESIAN_POINT ( 'NONE',  ( 1.500023110991173000, 0.9005774563669513000, -0.03202174514141890900 ) ) ;
#2043 = CARTESIAN_POINT ( 'NONE',  ( 2.200000000000000200, 0.9198399999999999900, -1.419840000000000000 ) ) ;
#2044 = VERTEX_POINT ( 'NONE', #2930 ) ;
#2045 = SURFACE_SIDE_STYLE ('',( #3332 ) ) ;
#2046 = VERTEX_POINT ( 'NONE', #171 ) ;
#2047 = EDGE_CURVE ( 'NONE', #2046, #4228, #3609, .T. ) ;
#2048 = DIRECTION ( 'NONE',  ( -0.9612934544747527800, 0.0000000000000000000, -0.2755265765475200000 ) ) ;
#2049 = B_SPLINE_CURVE_WITH_KNOTS ( 'NONE', 3,
 ( #3736, #3061, #604, #944, #3771, #279, #4102, #3017, #2011, #1961 ),
 .UNSPECIFIED., .F., .F.,
 ( 4, 3, 3, 4 ),
 ( 0.0000000000000000000, 9.493065180756500500E-006, 1.893605998182679700E-005, 2.360435136841270400E-005 ),
 .UNSPECIFIED. ) ;
#2050 = ORIENTED_EDGE ( 'NONE', *, *, #413, .F. ) ;
#2051 = CARTESIAN_POINT ( 'NONE',  ( 1.010280595901991200, 0.9248400000000001100, -0.6489145870383743500 ) ) ;
#2052 = CARTESIAN_POINT ( 'NONE',  ( 0.03015999999999999900, 0.03015999999999999900, -1.419840000000000000 ) ) ;
#2054 = ORIENTED_EDGE ( 'NONE', *, *, #902, .T. ) ;
#2053 = EDGE_CURVE ( 'NONE', #372, #3626, #4154, .T. ) ;
#2055 = LINE ( 'NONE', #1667, #3541 ) ;
#2056 = CARTESIAN_POINT ( 'NONE',  ( 2.200000000000000200, 0.0000000000000000000, -1.419840000000000000 ) ) ;
#2057 = EDGE_LOOP ( 'NONE', ( #4273, #2010, #1617, #1843 ) ) ;
#2058 = LINE ( 'NONE', #562, #2008 ) ;
#2059 = ADVANCED_FACE ( 'NONE', ( #2187 ), #106, .F. ) ;
#2060 = DIRECTION ( 'NONE',  ( 1.000000000000000000, 0.0000000000000000000, 0.0000000000000000000 ) ) ;
#2061 = EDGE_LOOP ( 'NONE', ( #477, #4491, #1461, #4117 ) ) ;
#2062 = PRESENTATION_STYLE_ASSIGNMENT (( #193 ) ) ;
#2063 = ORIENTED_EDGE ( 'NONE', *, *, #1186, .F. ) ;
#2064 = DIRECTION ( 'NONE',  ( -0.0000000000000000000, 1.000000000000000000, -0.0000000000000000000 ) ) ;
#2065 = AXIS2_PLACEMENT_3D ( 'NONE', #3191, #2820, #771 ) ;
#2066 = ORIENTED_EDGE ( 'NONE', *, *, #3034, .T. ) ;
#2067 = DIRECTION ( 'NONE',  ( 0.0000000000000000000, 0.0000000000000000000, -1.000000000000000000 ) ) ;
#2068 = CARTESIAN_POINT ( 'NONE',  ( 1.499999999999999800, 0.8896799999999999200, -0.03015999999999956200 ) ) ;
#2069 = PRESENTATION_LAYER_ASSIGNMENT (  '', '', ( #3239 ) ) ;
#2070 = EDGE_LOOP ( 'NONE', ( #2722, #2491, #1456 ) ) ;
#2071 = DIRECTION ( 'NONE',  ( 1.000000000000000000, -0.0000000000000000000, -0.0000000000000000000 ) ) ;
#2072 = VECTOR ( 'NONE', #4423, 1000.000000000000100 ) ;
#2073 = VECTOR ( 'NONE', #2071, 1000.000000000000000 ) ;
#2074 = ORIENTED_EDGE ( 'NONE', *, *, #1392, .T. ) ;
#2075 = VECTOR ( 'NONE', #199, 1000.000000000000100 ) ;
#2076 = AXIS2_PLACEMENT_3D ( 'NONE', #2317, #567, #2961 ) ;
#2077 = CIRCLE ( 'NONE', #3243, 0.03015999999999999600 ) ;
#2078 = CARTESIAN_POINT ( 'NONE',  ( 2.169840000000000200, 0.9499999999999999600, -0.03015999999999999900 ) ) ;
#2079 = DIRECTION ( 'NONE',  ( -0.9999960426590095400, 0.0000000000000000000, -0.002813301676023788900 ) ) ;
#2080 = ORIENTED_EDGE ( 'NONE', *, *, #2898, .T. ) ;
#2081 = VECTOR ( 'NONE', #2153, 1000.000000000000000 ) ;
#2082 = LINE ( 'NONE', #3246, #102 ) ;
#2083 = DIRECTION ( 'NONE',  ( -0.2762033010252066800, 0.0000000000000000000, 0.9610992334315843200 ) ) ;
#2084 = EDGE_CURVE ( 'NONE', #126, #1699, #2684, .T. ) ;
#2085 = DIRECTION ( 'NONE',  ( -0.2765379750249969400, 0.0000000000000000000, 0.9610029908221275900 ) ) ;
#2086 = CARTESIAN_POINT ( 'NONE',  ( 2.169840000000000200, 0.03015999999999999900, 0.0000000000000000000 ) ) ;
#2087 = CARTESIAN_POINT ( 'NONE',  ( 0.7000000000000000700, 0.03015999999999977700, -1.419840000000000400 ) ) ;
#2088 = PRESENTATION_LAYER_ASSIGNMENT (  '', '', ( #1769 ) ) ;
#2089 = FILL_AREA_STYLE ('',( #1373 ) ) ;
#2090 = DIRECTION ( 'NONE',  ( -1.000000000000000000, 0.0000000000000000000, -0.0000000000000000000 ) ) ;
#2091 = DIRECTION ( 'NONE',  ( -0.9999999968487352000, 0.0000000000000000000, -7.938847109670269700E-005 ) ) ;
#2092 = MECHANICAL_DESIGN_GEOMETRIC_PRESENTATION_REPRESENTATION (  '', ( #215 ), #3446 ) ;
#2093 = SURFACE_STYLE_USAGE ( .BOTH. , #4173 ) ;
#2094 = SURFACE_STYLE_USAGE ( .BOTH. , #7 ) ;
#2095 = ORIENTED_EDGE ( 'NONE', *, *, #1528, .T. ) ;
#2096 = EDGE_CURVE ( 'NONE', #4292, #925, #814, .T. ) ;
#2097 = CARTESIAN_POINT ( 'NONE',  ( 1.499999999999999800, 0.9198400000000001000, -1.419840000000000400 ) ) ;
#2098 = AXIS2_PLACEMENT_3D ( 'NONE', #1066, #3510, #2486 ) ;
#2099 = ADVANCED_FACE ( 'NONE', ( #331 ), #232, .F. ) ;
#2100 = CARTESIAN_POINT ( 'NONE',  ( 0.7000000000000000700, 0.03015999999999977700, -0.06031999999999955500 ) ) ;
#2101 = SURFACE_STYLE_FILL_AREA ( #4391 ) ;
#2102 = ORIENTED_EDGE ( 'NONE', *, *, #3021, .F. ) ;
#2103 = CARTESIAN_POINT ( 'NONE',  ( 0.6991323251551340200, 0.9126185670350235300, -1.409297547042503500 ) ) ;
#2104 = SURFACE_STYLE_USAGE ( .BOTH. , #3145 ) ;
#2105 = STYLED_ITEM ( 'NONE', ( #323 ), #4550 ) ;
#2106 = VERTEX_POINT ( 'NONE', #4067 ) ;
#2107 = UNCERTAINTY_MEASURE_WITH_UNIT (LENGTH_MEASURE( 1.000000000000000100E-005 ), #3120, 'distance_accuracy_value', 'NONE');
#2108 = VERTEX_POINT ( 'NONE', #1249 ) ;
#2109 = EDGE_CURVE ( 'NONE', #4181, #3040, #265, .T. ) ;
#2110 = DIRECTION ( 'NONE',  ( 0.0000000000000000000, 0.0000000000000000000, 1.000000000000000000 ) ) ;
#2111 = EDGE_LOOP ( 'NONE', ( #2288, #2327, #2121, #4478 ) ) ;
#2112 = PLANE ( 'NONE',  #2124 ) ;
#2113 = CYLINDRICAL_SURFACE ( 'NONE', #343, 0.03015999999999999600 ) ;
#2114 = ORIENTED_EDGE ( 'NONE', *, *, #3890, .T. ) ;
#2115 = DIRECTION ( 'NONE',  ( 0.0000000000000000000, 0.0000000000000000000, -1.000000000000000000 ) ) ;
#2116 =( LENGTH_UNIT ( ) NAMED_UNIT ( * ) SI_UNIT ( .MILLI., .METRE. ) );
#2117 =( GEOMETRIC_REPRESENTATION_CONTEXT ( 3 ) GLOBAL_UNCERTAINTY_ASSIGNED_CONTEXT ( ( #1972 ) ) GLOBAL_UNIT_ASSIGNED_CONTEXT ( ( #3350, #3759, #4069 ) ) REPRESENTATION_CONTEXT ( 'NONE', 'WORKASPACE' ) );
#2118 = CARTESIAN_POINT ( 'NONE',  ( 0.6998927966324234300, 0.04726016830809453400, -1.417071229367175400 ) ) ;
#2119 = VERTEX_POINT ( 'NONE', #1982 ) ;
#2120 = CARTESIAN_POINT ( 'NONE',  ( 0.6999917028610791500, 0.8975021565490017800, -1.418978196500942700 ) ) ;
#2121 = ORIENTED_EDGE ( 'NONE', *, *, #3816, .F. ) ;
#2122 = ORIENTED_EDGE ( 'NONE', *, *, #3427, .F. ) ;
#2123 = CARTESIAN_POINT ( 'NONE',  ( 1.038894243508694300, 0.9248400000000001100, -0.6192949999999999300 ) ) ;
#2124 = AXIS2_PLACEMENT_3D ( 'NONE', #840, #3233, #3241 ) ;
#2125 = VECTOR ( 'NONE', #2693, 1000.000000000000000 ) ;
#2126 = VERTEX_POINT ( 'NONE', #3725 ) ;
#2127 = LINE ( 'NONE', #1882, #595 ) ;
#2128 = COLOUR_RGB ( '',0.7686274509803920900, 0.7686274509803920900, 0.7686274509803920900 ) ;
#2129 =( NAMED_UNIT ( * ) SI_UNIT ( $, .STERADIAN. ) SOLID_ANGLE_UNIT ( ) );
#2130 = EDGE_CURVE ( 'NONE', #1466, #299, #1909, .T. ) ;
#2131 = LINE ( 'NONE', #4383, #209 ) ;
#2132 = MECHANICAL_DESIGN_GEOMETRIC_PRESENTATION_REPRESENTATION (  '', ( #2604 ), #495 ) ;
#2133 = SURFACE_SIDE_STYLE ('',( #1688 ) ) ;
#2134 = ORIENTED_EDGE ( 'NONE', *, *, #4013, .F. ) ;
#2135 = COLOUR_RGB ( '',0.6470588235294118000, 0.5176470588235293500, 0.0000000000000000000 ) ;
#2136 = CARTESIAN_POINT ( 'NONE',  ( 1.330286694524741800, 0.9248400000000001100, -0.6489202676364155300 ) ) ;
#2137 = LINE ( 'NONE', #560, #2359 ) ;
#2138 = CARTESIAN_POINT ( 'NONE',  ( 1.500444151710231600, 0.9138742232527987700, -1.413874223252798500 ) ) ;
#2139 = PRESENTATION_STYLE_ASSIGNMENT (( #2378 ) ) ;
#2140 = UNCERTAINTY_MEASURE_WITH_UNIT (LENGTH_MEASURE( 1.000000000000000100E-005 ), #1, 'distance_accuracy_value', 'NONE');
#2141 = DIRECTION ( 'NONE',  ( 0.9610992334315843200, 0.0000000000000000000, 0.2762033010252067400 ) ) ;
#2142 = EDGE_CURVE ( 'NONE', #1830, #2648, #97, .T. ) ;
#2143 = CARTESIAN_POINT ( 'NONE',  ( 0.7000000000000000700, 0.9198399999999999900, -1.389680000000000200 ) ) ;
#2144 = PRESENTATION_STYLE_ASSIGNMENT (( #1554 ) ) ;
#2145 = COLOUR_RGB ( '',0.6470588235294118000, 0.5176470588235293500, 0.0000000000000000000 ) ;
#2146 = DIRECTION ( 'NONE',  ( -1.000000000000000000, 0.0000000000000000000, 0.0000000000000000000 ) ) ;
#2147 = EDGE_CURVE ( 'NONE', #73, #1674, #1148, .T. ) ;
#2148 =( LENGTH_UNIT ( ) NAMED_UNIT ( * ) SI_UNIT ( .MILLI., .METRE. ) );
#2149 = CARTESIAN_POINT ( 'NONE',  ( 1.500706144435243600, 0.9083687335000798500, -1.413351857556241800 ) ) ;
#2150 =( LENGTH_UNIT ( ) NAMED_UNIT ( * ) SI_UNIT ( .MILLI., .METRE. ) );
#2151 = CARTESIAN_POINT ( 'NONE',  ( 1.356027379594250100, 0.9198400000000001000, -0.7451420310967530300 ) ) ;
#2152 = CARTESIAN_POINT ( 'NONE',  ( 1.078691569420429800, 0.9248400000000001100, -0.7578992350461759600 ) ) ;
#2153 = DIRECTION ( 'NONE',  ( -0.2765379750249969400, 0.0000000000000000000, 0.9610029908221275900 ) ) ;
#2154 = ORIENTED_EDGE ( 'NONE', *, *, #1811, .F. ) ;
#2155 =( GEOMETRIC_REPRESENTATION_CONTEXT ( 3 ) GLOBAL_UNCERTAINTY_ASSIGNED_CONTEXT ( ( #2257 ) ) GLOBAL_UNIT_ASSIGNED_CONTEXT ( ( #3952, #1929, #166 ) ) REPRESENTATION_CONTEXT ( 'NONE', 'WORKASPACE' ) );
#2156 = ORIENTED_EDGE ( 'NONE', *, *, #74, .F. ) ;
#2157 =( NAMED_UNIT ( * ) PLANE_ANGLE_UNIT ( ) SI_UNIT ( $, .RADIAN. ) );
#2158 = CARTESIAN_POINT ( 'NONE',  ( 1.500867674844865500, 0.9092975470425033200, -1.412618567035023800 ) ) ;
#2159 = DIRECTION ( 'NONE',  ( -0.9999891854650020400, 0.0000000000000000000, -0.004650693823683970900 ) ) ;
#2160 = EDGE_CURVE ( 'NONE', #2815, #183, #2353, .T. ) ;
#2161 =( NAMED_UNIT ( * ) PLANE_ANGLE_UNIT ( ) SI_UNIT ( $, .RADIAN. ) );
#2162 = ORIENTED_EDGE ( 'NONE', *, *, #2557, .T. ) ;
#2163 = AXIS2_PLACEMENT_3D ( 'NONE', #2292, #4349, #4369 ) ;
#2164 = ORIENTED_EDGE ( 'NONE', *, *, #1436, .F. ) ;
#2165 = ORIENTED_EDGE ( 'NONE', *, *, #3188, .T. ) ;
#2166 = PRESENTATION_STYLE_ASSIGNMENT (( #954 ) ) ;
#2167 = SURFACE_SIDE_STYLE ('',( #65 ) ) ;
#2169 = EDGE_LOOP ( 'NONE', ( #1199, #2002, #4512, #1495 ) ) ;
#2168 = EDGE_CURVE ( 'NONE', #470, #4462, #2951, .T. ) ;
#2170 = LINE ( 'NONE', #3593, #3371 ) ;
#2171 = DIRECTION ( 'NONE',  ( 1.000000000000000000, 0.0000000000000000000, 0.0000000000000000000 ) ) ;
#2172 = DIRECTION ( 'NONE',  ( -1.000000000000000000, 0.0000000000000000000, 0.0000000000000000000 ) ) ;
#2173 = VERTEX_POINT ( 'NONE', #922 ) ;
#2174 = FACE_OUTER_BOUND ( 'NONE', #3321, .T. ) ;
#2175 = CARTESIAN_POINT ( 'NONE',  ( 1.500253192700502500, 0.9057642226449638100, -1.415408097086818800 ) ) ;
#2176 = PRESENTATION_LAYER_ASSIGNMENT (  '', '', ( #510 ) ) ;
#2177 = ORIENTED_EDGE ( 'NONE', *, *, #284, .T. ) ;
#2178 = LINE ( 'NONE', #2746, #2344 ) ;
#2179 = CIRCLE ( 'NONE', #1534, 0.03015999999999999600 ) ;
#2180 = CARTESIAN_POINT ( 'NONE',  ( 1.499999999999999600, 0.9198399999999998800, -0.05697444374258155800 ) ) ;
#2181 = COLOUR_RGB ( '',0.7686274509803920900, 0.7686274509803920900, 0.7686274509803920900 ) ;
#2182 = DIRECTION ( 'NONE',  ( -0.0000000000000000000, -0.0000000000000000000, -1.000000000000000000 ) ) ;
#2183 = CARTESIAN_POINT ( 'NONE',  ( 1.499999999999999300, 0.03315942190729278400, -1.416840578092707100 ) ) ;
#2184 = CARTESIAN_POINT ( 'NONE',  ( 2.169840000000000200, 0.03015999999999999900, -1.419840000000000000 ) ) ;
#2185 = AXIS2_PLACEMENT_3D ( 'NONE', #3644, #3604, #4346 ) ;
#2186 = ORIENTED_EDGE ( 'NONE', *, *, #2130, .F. ) ;
#2187 = FACE_OUTER_BOUND ( 'NONE', #3504, .T. ) ;
#2188 = FACE_OUTER_BOUND ( 'NONE', #1080, .T. ) ;
#2189 = ORIENTED_EDGE ( 'NONE', *, *, #63, .F. ) ;
#2190 = SURFACE_STYLE_USAGE ( .BOTH. , #1826 ) ;
#2191 = LINE ( 'NONE', #2646, #4046 ) ;
#2192 = PRESENTATION_STYLE_ASSIGNMENT (( #585 ) ) ;
#2193 = EDGE_CURVE ( 'NONE', #254, #4371, #4095, .T. ) ;
#2194 = PRESENTATION_LAYER_ASSIGNMENT (  '', '', ( #2660 ) ) ;
#2195 = CARTESIAN_POINT ( 'NONE',  ( 1.046517133358396700, 0.9248400000000001100, -0.7749822147078639900 ) ) ;
#2196 = CARTESIAN_POINT ( 'NONE',  ( 1.499999999999999800, 0.9168405780927071400, -0.03315942190729279800 ) ) ;
#2197 =( BOUNDED_CURVE ( )  B_SPLINE_CURVE ( 3, ( #2097, #2861, #2138, #1809 ),
 .UNSPECIFIED., .F., .F. ) 
 B_SPLINE_CURVE_WITH_KNOTS ( ( 4, 4 ),
 ( 1.570796326794887700, 1.868047688116096600 ),
 .UNSPECIFIED. ) 
 CURVE ( )  GEOMETRIC_REPRESENTATION_ITEM ( )  RATIONAL_B_SPLINE_CURVE ( ( 1.000000000000000000, 0.9926503465430337500, 0.9926503465430337500, 1.000000000000000000 ) ) 
 REPRESENTATION_ITEM ( '' )  );
#2198 = FACE_OUTER_BOUND ( 'NONE', #424, .T. ) ;
#2199 = ADVANCED_FACE ( 'NONE', ( #146 ), #2291, .F. ) ;
#2200 = DIRECTION ( 'NONE',  ( -1.000000000000000000, 0.0000000000000000000, 0.0000000000000000000 ) ) ;
#2201 = DIRECTION ( 'NONE',  ( 0.0000000000000000000, -1.000000000000000000, 0.0000000000000000000 ) ) ;
#2202 = EDGE_CURVE ( 'NONE', #254, #4379, #3773, .T. ) ;
#2203 = CARTESIAN_POINT ( 'NONE',  ( 1.106831524996642100, 0.9198400000000001000, -0.6637572681852819100 ) ) ;
#2204 = DIRECTION ( 'NONE',  ( 0.0000000000000000000, -1.000000000000000000, 0.0000000000000000000 ) ) ;
#2205 = PRESENTATION_LAYER_ASSIGNMENT (  '', '', ( #3283 ) ) ;
#2206 = EDGE_LOOP ( 'NONE', ( #1219, #649, #2774, #4352, #312, #1802, #467, #2240 ) ) ;
#2207 = VERTEX_POINT ( 'NONE', #1600 ) ;
#2208 = DIRECTION ( 'NONE',  ( 1.000000000000000000, 0.0000000000000000000, 0.0000000000000000000 ) ) ;
#2209 = AXIS2_PLACEMENT_3D ( 'NONE', #1986, #907, #623 ) ;
#2210 = ORIENTED_EDGE ( 'NONE', *, *, #4, .T. ) ;
#2211 = CARTESIAN_POINT ( 'NONE',  ( 1.499999999999999600, 0.03015999999999999900, 0.0000000000000000000 ) ) ;
#2212 = DIRECTION ( 'NONE',  ( 0.0000000000000000000, 0.0000000000000000000, 1.000000000000000000 ) ) ;
#2213 = CARTESIAN_POINT ( 'NONE',  ( 2.169840000000000200, 0.9198399999999999900, -1.419840000000000000 ) ) ;
#2214 = ORIENTED_EDGE ( 'NONE', *, *, #3073, .F. ) ;
#2215 = LINE ( 'NONE', #616, #2495 ) ;
#2216 = ORIENTED_EDGE ( 'NONE', *, *, #868, .T. ) ;
#2217 = MECHANICAL_DESIGN_GEOMETRIC_PRESENTATION_REPRESENTATION (  '', ( #1806 ), #4087 ) ;
#2218 = FILL_AREA_STYLE_COLOUR ( '', #3585 ) ;
#2219 = UNCERTAINTY_MEASURE_WITH_UNIT (LENGTH_MEASURE( 1.000000000000000100E-005 ), #1438, 'distance_accuracy_value', 'NONE');
#2220 = EDGE_LOOP ( 'NONE', ( #3587, #3107, #483, #3836 ) ) ;
#2221 = CARTESIAN_POINT ( 'NONE',  ( 2.169840000000000200, 0.9499999999999999600, -1.419840000000000000 ) ) ;
#2222 = ORIENTED_EDGE ( 'NONE', *, *, #1376, .F. ) ;
#2223 = APPLICATION_PROTOCOL_DEFINITION ( 'draft international standard', 'automotive_design', 1998, #464 ) ;
#2224 = CARTESIAN_POINT ( 'NONE',  ( 0.7930713101726921700, 0.9248400000000001100, -0.7749822147078639900 ) ) ;
#2225 = AXIS2_PLACEMENT_3D ( 'NONE', #1366, #4530, #1721 ) ;
#2226 = VERTEX_POINT ( 'NONE', #3688 ) ;
#2227 = B_SPLINE_CURVE_WITH_KNOTS ( 'NONE', 3,
 ( #736, #350, #339, #4184, #725, #3535, #3180, #1083, #4521, #685 ),
 .UNSPECIFIED., .F., .F.,
 ( 4, 3, 3, 4 ),
 ( 0.0000000000000000000, 1.003666877226004600E-005, 2.009406401134254300E-005, 2.363098448886310500E-005 ),
 .UNSPECIFIED. ) ;
#2228 = ORIENTED_EDGE ( 'NONE', *, *, #2096, .T. ) ;
#2229 = VECTOR ( 'NONE', #1649, 1000.000000000000000 ) ;
#2230 = DIRECTION ( 'NONE',  ( -0.9601763114327555000, 0.0000000000000000000, -0.2793947940878428500 ) ) ;
#2231 = EDGE_LOOP ( 'NONE', ( #2379, #1941, #410 ) ) ;
#2232 = CARTESIAN_POINT ( 'NONE',  ( 1.499999999999999800, 0.9198399999999998800, -0.06031999999999955500 ) ) ;
#2233 = CARTESIAN_POINT ( 'NONE',  ( 2.200000000000000200, 0.03015999999999999900, 0.0000000000000000000 ) ) ;
#2234 = LINE ( 'NONE', #2546, #580 ) ;
#2235 = EDGE_CURVE ( 'NONE', #1784, #1570, #1639, .T. ) ;
#2236 = ORIENTED_EDGE ( 'NONE', *, *, #3726, .T. ) ;
#2237 =( NAMED_UNIT ( * ) SI_UNIT ( $, .STERADIAN. ) SOLID_ANGLE_UNIT ( ) );
#2238 = CARTESIAN_POINT ( 'NONE',  ( 1.530159999999999500, 0.9198399999999999900, -1.419840000000000000 ) ) ;
#2239 = LINE ( 'NONE', #694, #3003 ) ;
#2240 = ORIENTED_EDGE ( 'NONE', *, *, #2898, .F. ) ;
#2241 = VERTEX_POINT ( 'NONE', #3431 ) ;
#2242 = VECTOR ( 'NONE', #405, 1000.000000000000000 ) ;
#2243 = DIRECTION ( 'NONE',  ( -0.0000000000000000000, -0.0000000000000000000, -1.000000000000000000 ) ) ;
#2244 = STYLED_ITEM ( 'NONE', ( #545 ), #640 ) ;
#2245 = LINE ( 'NONE', #502, #1959 ) ;
#2246 = LINE ( 'NONE', #4007, #1150 ) ;
#2247 = ORIENTED_EDGE ( 'NONE', *, *, #2142, .T. ) ;
#2248 = VECTOR ( 'NONE', #1810, 1000.000000000000000 ) ;
#2249 = CARTESIAN_POINT ( 'NONE',  ( 0.7000000000000001800, 0.8896800000000000300, -1.419840000000000400 ) ) ;
#2250 = VECTOR ( 'NONE', #2335, 1000.000000000000000 ) ;
#2251 = DIRECTION ( 'NONE',  ( -1.000000000000000000, 0.0000000000000000000, 0.0000000000000000000 ) ) ;
#2252 = STYLED_ITEM ( 'NONE', ( #706 ), #2369 ) ;
#2253 = LINE ( 'NONE', #3263, #1706 ) ;
#2254 = DIRECTION ( 'NONE',  ( 1.000000000000000000, 0.0000000000000000000, 0.0000000000000000000 ) ) ;
#2255 = DIRECTION ( 'NONE',  ( 0.0000000000000000000, -1.000000000000000000, 0.0000000000000000000 ) ) ;
#2256 = EDGE_CURVE ( 'NONE', #29, #3362, #2845, .T. ) ;
#2257 = UNCERTAINTY_MEASURE_WITH_UNIT (LENGTH_MEASURE( 1.000000000000000100E-005 ), #3952, 'distance_accuracy_value', 'NONE');
#2258 =( GEOMETRIC_REPRESENTATION_CONTEXT ( 3 ) GLOBAL_UNCERTAINTY_ASSIGNED_CONTEXT ( ( #3849 ) ) GLOBAL_UNIT_ASSIGNED_CONTEXT ( ( #1258, #3345, #3698 ) ) REPRESENTATION_CONTEXT ( 'NONE', 'WORKASPACE' ) );
#2259 = SURFACE_STYLE_FILL_AREA ( #276 ) ;
#2260 = ADVANCED_FACE ( 'NONE', ( #4205 ), #1994, .F. ) ;
#2261 = FILL_AREA_STYLE ('',( #1533 ) ) ;
#2262 = DIRECTION ( 'NONE',  ( 0.0000000000000000000, -1.000000000000000000, 0.0000000000000000000 ) ) ;
#2263 = DIRECTION ( 'NONE',  ( 0.0000000000000000000, -1.000000000000000000, 0.0000000000000000000 ) ) ;
#2264 = CARTESIAN_POINT ( 'NONE',  ( 1.499999999999951400, 0.05874608454965610900, -1.419840000000003100 ) ) ;
#2265 = EDGE_CURVE ( 'NONE', #780, #1570, #711, .T. ) ;
#2266 = DIRECTION ( 'NONE',  ( -0.4443210308329503300, 0.0000000000000000000, 0.8958676361826809500 ) ) ;
#2267 = SURFACE_STYLE_USAGE ( .BOTH. , #4325 ) ;
#2268 = DIRECTION ( 'NONE',  ( -0.0000000000000000000, -0.0000000000000000000, 1.000000000000000000 ) ) ;
#2269 = VERTEX_POINT ( 'NONE', #3776 ) ;
#2270 = CARTESIAN_POINT ( 'NONE',  ( 1.011182390780361400, 0.9248400000000001100, -0.6192949999999998200 ) ) ;
#2271 = LINE ( 'NONE', #2682, #1386 ) ;
#2272 = ORIENTED_EDGE ( 'NONE', *, *, #3666, .T. ) ;
#2273 = AXIS2_PLACEMENT_3D ( 'NONE', #1489, #2230, #117 ) ;
#2274 =( LENGTH_UNIT ( ) NAMED_UNIT ( * ) SI_UNIT ( .MILLI., .METRE. ) );
#2275 = DIRECTION ( 'NONE',  ( -0.2764273280489751800, 0.0000000000000000000, 0.9610348236706639500 ) ) ;
#2276 = VERTEX_POINT ( 'NONE', #633 ) ;
#2277 =( NAMED_UNIT ( * ) SI_UNIT ( $, .STERADIAN. ) SOLID_ANGLE_UNIT ( ) );
#2278 = CARTESIAN_POINT ( 'NONE',  ( 0.6698400000000001000, 0.03015999999999999900, -0.03015999999999999900 ) ) ;
#2279 = UNCERTAINTY_MEASURE_WITH_UNIT (LENGTH_MEASURE( 1.000000000000000100E-005 ), #22, 'distance_accuracy_value', 'NONE');
#2280 = EDGE_LOOP ( 'NONE', ( #1479, #961, #1360, #3758 ) ) ;
#2281 = VECTOR ( 'NONE', #1775, 1000.000000000000000 ) ;
#2282 = ORIENTED_EDGE ( 'NONE', *, *, #2256, .T. ) ;
#2283 = AXIS2_PLACEMENT_3D ( 'NONE', #727, #290, #2146 ) ;
#2284 = FILL_AREA_STYLE_COLOUR ( '', #1609 ) ;
#2285 = ORIENTED_EDGE ( 'NONE', *, *, #2657, .F. ) ;
#2286 = SURFACE_STYLE_FILL_AREA ( #2261 ) ;
#2288 = ORIENTED_EDGE ( 'NONE', *, *, #2530, .T. ) ;
#2287 = EDGE_CURVE ( 'NONE', #2612, #3899, #491, .T. ) ;
#2289 = CARTESIAN_POINT ( 'NONE',  ( 2.200000000000000200, 0.0000000000000000000, 0.0000000000000000000 ) ) ;
#2290 =( NAMED_UNIT ( * ) PLANE_ANGLE_UNIT ( ) SI_UNIT ( $, .RADIAN. ) );
#2291 = PLANE ( 'NONE',  #3123 ) ;
#2292 = CARTESIAN_POINT ( 'NONE',  ( 2.169840000000000200, 0.03015999999999999900, -0.03015999999999999900 ) ) ;
#2293 = CARTESIAN_POINT ( 'NONE',  ( 1.230278812203394500, 0.9198400000000001000, -0.7749822147078639900 ) ) ;
#2294 = ORIENTED_EDGE ( 'NONE', *, *, #2376, .F. ) ;
#2295 = CYLINDRICAL_SURFACE ( 'NONE', #1070, 0.03015999999999999600 ) ;
#2296 = CIRCLE ( 'NONE', #596, 0.03015999999999999900 ) ;
#2297 = EDGE_CURVE ( 'NONE', #3337, #3165, #2790, .T. ) ;
#2298 = SURFACE_STYLE_FILL_AREA ( #3137 ) ;
#2299 = ADVANCED_FACE ( 'NONE', ( #3167 ), #2295, .T. ) ;
#2300 = EDGE_LOOP ( 'NONE', ( #1730, #1990, #2050, #1786 ) ) ;
#2301 = VECTOR ( 'NONE', #1026, 1000.000000000000000 ) ;
#2302 = ADVANCED_FACE ( 'NONE', ( #3826 ), #1522, .T. ) ;
#2303 = DIRECTION ( 'NONE',  ( 1.000000000000000000, 0.0000000000000000000, 0.0000000000000000000 ) ) ;
#2304 = STYLED_ITEM ( 'NONE', ( #4252 ), #1433 ) ;
#2305 = ORIENTED_EDGE ( 'NONE', *, *, #2053, .T. ) ;
#2306 = FACE_OUTER_BOUND ( 'NONE', #1850, .T. ) ;
#2307 = DIRECTION ( 'NONE',  ( 0.0000000000000000000, 0.0000000000000000000, -1.000000000000000000 ) ) ;
#2308 = CARTESIAN_POINT ( 'NONE',  ( 1.490322812799942800, 0.9248400000000001100, -0.7449185239158044900 ) ) ;
#2309 = CARTESIAN_POINT ( 'NONE',  ( 2.200000000000000200, 0.03015999999999999900, -1.450000000000000000 ) ) ;
#2310 =( LENGTH_UNIT ( ) NAMED_UNIT ( * ) SI_UNIT ( .MILLI., .METRE. ) );
#2311 = STYLED_ITEM ( 'NONE', ( #3865 ), #2726 ) ;
#2312 = PLANE ( 'NONE',  #1162 ) ;
#2313 = VERTEX_POINT ( 'NONE', #3063 ) ;
#2314 = AXIS2_PLACEMENT_3D ( 'NONE', #4322, #116, #2586 ) ;
#2315 = CARTESIAN_POINT ( 'NONE',  ( 0.03015999999999999600, 0.03015999999999999900, 0.0000000000000000000 ) ) ;
#2316 = CARTESIAN_POINT ( 'NONE',  ( 1.500444151710231800, 0.03612577674720105600, -0.03612577674720105600 ) ) ;
#2317 = CARTESIAN_POINT ( 'NONE',  ( 1.112427223412267000, 0.9248400000000001100, -0.6192949999999999300 ) ) ;
#2318 = EDGE_CURVE ( 'NONE', #1299, #4005, #1844, .T. ) ;
#2319 = CARTESIAN_POINT ( 'NONE',  ( 0.6999917028610791500, 0.03102180349905730000, -1.397502156549001800 ) ) ;
#2320 =( NAMED_UNIT ( * ) SI_UNIT ( $, .STERADIAN. ) SOLID_ANGLE_UNIT ( ) );
#2321 = ORIENTED_EDGE ( 'NONE', *, *, #3437, .F. ) ;
#2322 =( NAMED_UNIT ( * ) PLANE_ANGLE_UNIT ( ) SI_UNIT ( $, .RADIAN. ) );
#2323 = CARTESIAN_POINT ( 'NONE',  ( 0.6698400000000001000, 0.03015999999999999900, -1.419840000000000000 ) ) ;
#2324 = AXIS2_PLACEMENT_3D ( 'NONE', #1548, #2262, #2307 ) ;
#2325 = ORIENTED_EDGE ( 'NONE', *, *, #2265, .F. ) ;
#2326 = CARTESIAN_POINT ( 'NONE',  ( 2.200000000000000200, 0.9499999999999999600, -0.03015999999999999900 ) ) ;
#2327 = ORIENTED_EDGE ( 'NONE', *, *, #2318, .F. ) ;
#2328 = EDGE_LOOP ( 'NONE', ( #1705, #3139, #4198, #3370, #2333, #2826 ) ) ;
#2329 = CARTESIAN_POINT ( 'NONE',  ( 0.6995558482897680200, 0.9138742232527986600, -0.03612577674720111900 ) ) ;
#2330 = STYLED_ITEM ( 'NONE', ( #3987 ), #1746 ) ;
#2331 = CARTESIAN_POINT ( 'NONE',  ( 0.8064311308146688800, 0.9248400000000001100, -0.6192949999999999300 ) ) ;
#2332 = UNCERTAINTY_MEASURE_WITH_UNIT (LENGTH_MEASURE( 1.000000000000000100E-005 ), #2150, 'distance_accuracy_value', 'NONE');
#2333 = ORIENTED_EDGE ( 'NONE', *, *, #3101, .F. ) ;
#2334 = FACE_OUTER_BOUND ( 'NONE', #378, .T. ) ;
#2335 = DIRECTION ( 'NONE',  ( -1.000000000000000000, 0.0000000000000000000, 0.0000000000000000000 ) ) ;
#2336 = ORIENTED_EDGE ( 'NONE', *, *, #2235, .F. ) ;
#2337 = DIRECTION ( 'NONE',  ( 1.000000000000000000, 0.0000000000000000000, 0.0000000000000000000 ) ) ;
#2338 = EDGE_CURVE ( 'NONE', #2648, #3273, #2178, .T. ) ;
#2339 = MECHANICAL_DESIGN_GEOMETRIC_PRESENTATION_REPRESENTATION (  '', ( #2660 ), #4060 ) ;
#2340 = VERTEX_POINT ( 'NONE', #1672 ) ;
#2341 = DIRECTION ( 'NONE',  ( 0.0000000000000000000, 1.000000000000000000, 0.0000000000000000000 ) ) ;
#2342 = CARTESIAN_POINT ( 'NONE',  ( 2.169840000000000200, 0.03015999999999999900, -0.03015999999999999900 ) ) ;
#2343 = ORIENTED_EDGE ( 'NONE', *, *, #1983, .T. ) ;
#2344 = VECTOR ( 'NONE', #4442, 1000.000000000000200 ) ;
#2345 = CARTESIAN_POINT ( 'NONE',  ( 1.499999999999951400, 0.9198400000000026600, -1.391253915450344000 ) ) ;
#2346 = VECTOR ( 'NONE', #2418, 1000.000000000000100 ) ;
#2347 = MECHANICAL_DESIGN_GEOMETRIC_PRESENTATION_REPRESENTATION (  '', ( #2105 ), #875 ) ;
#2348 = VECTOR ( 'NONE', #4490, 1000.000000000000000 ) ;
#2349 = EDGE_CURVE ( 'NONE', #1526, #2119, #914, .T. ) ;
#2350 = CARTESIAN_POINT ( 'NONE',  ( 1.499999999999999600, 0.03015999999999988800, -0.03015999999999956200 ) ) ;
#2351 = ORIENTED_EDGE ( 'NONE', *, *, #1149, .F. ) ;
#2352 = VECTOR ( 'NONE', #2675, 1000.000000000000000 ) ;
#2353 = LINE ( 'NONE', #3677, #1036 ) ;
#2354 = CARTESIAN_POINT ( 'NONE',  ( 2.169840000000000200, 0.0000000000000000000, 0.0000000000000000000 ) ) ;
#2355 = CARTESIAN_POINT ( 'NONE',  ( 0.6998197127942359400, 0.03345278313515073100, -1.403383220714021300 ) ) ;
#2356 = ORIENTED_EDGE ( 'NONE', *, *, #3169, .F. ) ;
#2357 = FACE_OUTER_BOUND ( 'NONE', #3030, .T. ) ;
#2358 = PRESENTATION_LAYER_ASSIGNMENT (  '', '', ( #1650 ) ) ;
#2359 = VECTOR ( 'NONE', #1288, 1000.000000000000000 ) ;
#2360 =( LENGTH_UNIT ( ) NAMED_UNIT ( * ) SI_UNIT ( .MILLI., .METRE. ) );
#2361 = SURFACE_SIDE_STYLE ('',( #3630 ) ) ;
#2362 = ADVANCED_FACE ( 'NONE', ( #2894 ), #539, .T. ) ;
#2363 = SURFACE_STYLE_FILL_AREA ( #1800 ) ;
#2364 = CARTESIAN_POINT ( 'NONE',  ( 0.03015999999999999900, 0.03015999999999999900, -0.03015999999999999900 ) ) ;
#2365 = ORIENTED_EDGE ( 'NONE', *, *, #248, .T. ) ;
#2366 = FACE_OUTER_BOUND ( 'NONE', #3808, .T. ) ;
#2367 = DIRECTION ( 'NONE',  ( 0.0000000000000000000, 0.0000000000000000000, 1.000000000000000000 ) ) ;
#2368 = CARTESIAN_POINT ( 'NONE',  ( 1.185949315502146600, 0.9198400000000001000, -0.7585667053626864400 ) ) ;
#2369 = MANIFOLD_SOLID_BREP ( 'Scale1[3]', #1736 ) ;
#2370 = MECHANICAL_DESIGN_GEOMETRIC_PRESENTATION_REPRESENTATION (  '', ( #4389 ), #2750 ) ;
#2371 = DIRECTION ( 'NONE',  ( 1.000000000000000000, 0.0000000000000000000, -1.123385871690053500E-016 ) ) ;
#2372 = ORIENTED_EDGE ( 'NONE', *, *, #1465, .F. ) ;
#2373 = SURFACE_SIDE_STYLE ('',( #2666 ) ) ;
#2374 = FILL_AREA_STYLE_COLOUR ( '', #3789 ) ;
#2375 = STYLED_ITEM ( 'NONE', ( #2144 ), #3757 ) ;
#2376 = EDGE_CURVE ( 'NONE', #4293, #3374, #89, .T. ) ;
#2377 = DIRECTION ( 'NONE',  ( 0.0000000000000000000, 1.000000000000000000, -0.0000000000000000000 ) ) ;
#2378 = SURFACE_STYLE_USAGE ( .BOTH. , #277 ) ;
#2379 = ORIENTED_EDGE ( 'NONE', *, *, #4445, .T. ) ;
#2380 = CARTESIAN_POINT ( 'NONE',  ( 0.7000000000000000700, 0.03015999999999977700, -0.03015999999999956200 ) ) ;
#2381 = DIRECTION ( 'NONE',  ( -0.2762517575166416100, 0.0000000000000000000, 0.9610853065513833600 ) ) ;
#2382 = DIRECTION ( 'NONE',  ( 0.9999891854650020400, 0.0000000000000000000, 0.004650693823683970900 ) ) ;
#2383 = ADVANCED_FACE ( 'NONE', ( #1467 ), #3500, .T. ) ;
#2384 = ORIENTED_EDGE ( 'NONE', *, *, #3968, .F. ) ;
#2385 = EDGE_CURVE ( 'NONE', #3374, #496, #321, .T. ) ;
#2386 = CARTESIAN_POINT ( 'NONE',  ( 1.001814610692253400, 0.9248400000000001100, -0.6876089300860261900 ) ) ;
#2387 = ADVANCED_FACE ( 'NONE', ( #909 ), #3974, .T. ) ;
#2388 = CARTESIAN_POINT ( 'NONE',  ( 0.6698400000000001000, 0.9198399999999999900, 0.0000000000000000000 ) ) ;
#2389 = LINE ( 'NONE', #1449, #3417 ) ;
#2390 = ORIENTED_EDGE ( 'NONE', *, *, #1583, .T. ) ;
#2391 = CARTESIAN_POINT ( 'NONE',  ( 0.6698400000000001000, 0.9198399999999999900, -0.03015999999999999900 ) ) ;
#2392 = SURFACE_STYLE_USAGE ( .BOTH. , #992 ) ;
#2393 = ORIENTED_EDGE ( 'NONE', *, *, #3968, .T. ) ;
#2394 =( GEOMETRIC_REPRESENTATION_CONTEXT ( 3 ) GLOBAL_UNCERTAINTY_ASSIGNED_CONTEXT ( ( #347 ) ) GLOBAL_UNIT_ASSIGNED_CONTEXT ( ( #396, #2157, #1437 ) ) REPRESENTATION_CONTEXT ( 'NONE', 'WORKASPACE' ) );
#2395 = EDGE_LOOP ( 'NONE', ( #1059, #1005, #970, #2984 ) ) ;
#2396 = ORIENTED_EDGE ( 'NONE', *, *, #1319, .T. ) ;
#2397 = B_SPLINE_CURVE_WITH_KNOTS ( 'NONE', 3,
 ( #3893, #1110, #381, #1770, #3520, #4218, #2863, #1799, #58, #12 ),
 .UNSPECIFIED., .F., .F.,
 ( 4, 3, 3, 4 ),
 ( 0.0000000000000000000, 1.003666877226003900E-005, 2.009406401134238400E-005, 2.363098448886252200E-005 ),
 .UNSPECIFIED. ) ;
#2398 = ORIENTED_EDGE ( 'NONE', *, *, #3516, .F. ) ;
#2399 = LINE ( 'NONE', #2959, #137 ) ;
#2400 =( GEOMETRIC_REPRESENTATION_CONTEXT ( 3 ) GLOBAL_UNCERTAINTY_ASSIGNED_CONTEXT ( ( #952 ) ) GLOBAL_UNIT_ASSIGNED_CONTEXT ( ( #1777, #2808, #3173 ) ) REPRESENTATION_CONTEXT ( 'NONE', 'WORKASPACE' ) );
#2401 = DIRECTION ( 'NONE',  ( 0.0000000000000000000, -1.000000000000000000, 0.0000000000000000000 ) ) ;
#2402 = CARTESIAN_POINT ( 'NONE',  ( 1.145955062177842000, 0.9248400000000001100, -0.6192949999999999300 ) ) ;
#2403 = PLANE ( 'NONE',  #1938 ) ;
#2404 = VERTEX_POINT ( 'NONE', #2480 ) ;
#2405 = COLOUR_RGB ( '',0.7686274509803920900, 0.7686274509803920900, 0.7686274509803920900 ) ;
#2406 = EDGE_CURVE ( 'NONE', #1130, #1383, #1463, .T. ) ;
#2407 = AXIS2_PLACEMENT_3D ( 'NONE', #1601, #2633, #3679 ) ;
#2408 = PLANE ( 'NONE',  #1006 ) ;
#2409 = ORIENTED_EDGE ( 'NONE', *, *, #200, .T. ) ;
#2410 = CARTESIAN_POINT ( 'NONE',  ( 0.7000000000000000700, 0.8896800000000000300, -0.06031999999999955500 ) ) ;
#2411 = FACE_OUTER_BOUND ( 'NONE', #1312, .T. ) ;
#2412 = LINE ( 'NONE', #4453, #3501 ) ;
#2413 = ADVANCED_FACE ( 'NONE', ( #3051 ), #31, .T. ) ;
#2414 = ORIENTED_EDGE ( 'NONE', *, *, #851, .F. ) ;
#2415 = SURFACE_STYLE_FILL_AREA ( #3369 ) ;
#2416 = CARTESIAN_POINT ( 'NONE',  ( 1.364610763963510600, 0.9248400000000001100, -0.7749822147078639900 ) ) ;
#2417 = EDGE_CURVE ( 'NONE', #1293, #372, #968, .T. ) ;
#2418 = DIRECTION ( 'NONE',  ( 0.9999891854650020400, 0.0000000000000000000, 0.004650693823683970900 ) ) ;
#2419 = LINE ( 'NONE', #2030, #982 ) ;
#2420 = DIRECTION ( 'NONE',  ( -1.000000000000000000, 0.0000000000000000000, 0.0000000000000000000 ) ) ;
#2421 = EDGE_LOOP ( 'NONE', ( #4065, #3555, #3045, #3768, #4083, #2835 ) ) ;
#2422 = SURFACE_STYLE_USAGE ( .BOTH. , #3800 ) ;
#2423 = DIRECTION ( 'NONE',  ( -1.000000000000000000, 1.355252715606881500E-016, -0.0000000000000000000 ) ) ;
#2424 = FILL_AREA_STYLE ('',( #3853 ) ) ;
#2425 =( NAMED_UNIT ( * ) PLANE_ANGLE_UNIT ( ) SI_UNIT ( $, .RADIAN. ) );
#2426 = CARTESIAN_POINT ( 'NONE',  ( 1.403358125804999900, 0.9248400000000001100, -0.7449219079071504000 ) ) ;
#2427 = B_SPLINE_CURVE_WITH_KNOTS ( 'NONE', 3,
 ( #3993, #2180, #2598, #1836, #69, #3236, #469, #3583, #440, #3603 ),
 .UNSPECIFIED., .F., .F.,
 ( 4, 3, 3, 4 ),
 ( 0.0000000000000000000, 1.003666877226009500E-005, 2.009406401134254600E-005, 2.363098448886247800E-005 ),
 .UNSPECIFIED. ) ;
#2428 = PLANE ( 'NONE',  #2928 ) ;
#2429 = FILL_AREA_STYLE_COLOUR ( '', #2678 ) ;
#2430 =( NAMED_UNIT ( * ) PLANE_ANGLE_UNIT ( ) SI_UNIT ( $, .RADIAN. ) );
#2431 = EDGE_CURVE ( 'NONE', #3820, #4181, #4364, .T. ) ;
#2432 = CARTESIAN_POINT ( 'NONE',  ( 0.7740403586283415300, 0.9248400000000001100, -0.7085911671949841600 ) ) ;
#2433 = STYLED_ITEM ( 'NONE', ( #669 ), #3482 ) ;
#2434 = ADVANCED_FACE ( 'NONE', ( #2174 ), #1487, .F. ) ;
#2435 =( NAMED_UNIT ( * ) PLANE_ANGLE_UNIT ( ) SI_UNIT ( $, .RADIAN. ) );
#2436 = ORIENTED_EDGE ( 'NONE', *, *, #3656, .F. ) ;
#2437 = VECTOR ( 'NONE', #1054, 1000.000000000000000 ) ;
#2438 = EDGE_CURVE ( 'NONE', #1450, #1996, #4142, .T. ) ;
#2439 = DIRECTION ( 'NONE',  ( 0.0000000000000000000, -1.000000000000000000, 0.0000000000000000000 ) ) ;
#2440 = PRESENTATION_STYLE_ASSIGNMENT (( #108 ) ) ;
#2441 = ORIENTED_EDGE ( 'NONE', *, *, #2987, .F. ) ;
#2442 = CARTESIAN_POINT ( 'NONE',  ( 0.7000000000000001800, 0.9168405780927072500, -1.416840578092707100 ) ) ;
#2443 = PLANE ( 'NONE',  #3523 ) ;
#2444 = FILL_AREA_STYLE ('',( #2490 ) ) ;
#2446 = ORIENTED_EDGE ( 'NONE', *, *, #3333, .T. ) ;
#2445 = AXIS2_PLACEMENT_3D ( 'NONE', #1251, #1539, #1933 ) ;
#2447 = FACE_OUTER_BOUND ( 'NONE', #4185, .T. ) ;
#2448 = CARTESIAN_POINT ( 'NONE',  ( 0.9432126104080137400, 0.9198400000000001000, -0.7163901554708268500 ) ) ;
#2449 = VERTEX_POINT ( 'NONE', #4553 ) ;
#2450 = ORIENTED_EDGE ( 'NONE', *, *, #1666, .F. ) ;
#2451 =( LENGTH_UNIT ( ) NAMED_UNIT ( * ) SI_UNIT ( .MILLI., .METRE. ) );
#2452 = ORIENTED_EDGE ( 'NONE', *, *, #1055, .T. ) ;
#2453 = FACE_OUTER_BOUND ( 'NONE', #2169, .T. ) ;
#2454 = DIRECTION ( 'NONE',  ( -0.0000000000000000000, 1.000000000000000000, -0.0000000000000000000 ) ) ;
#2455 = CARTESIAN_POINT ( 'NONE',  ( 1.010280595901991200, 0.9248400000000001100, -0.6489145870383743500 ) ) ;
#2456 = STYLED_ITEM ( 'NONE', ( #3099 ), #1567 ) ;
#2457 =( BOUNDED_CURVE ( )  B_SPLINE_CURVE ( 3, ( #2087, #4536, #636, #3502 ),
 .UNSPECIFIED., .F., .T. ) 
 B_SPLINE_CURVE_WITH_KNOTS ( ( 4, 4 ),
 ( 1.570796326794885700, 1.868047688116090800 ),
 .UNSPECIFIED. ) 
 CURVE ( )  GEOMETRIC_REPRESENTATION_ITEM ( )  RATIONAL_B_SPLINE_CURVE ( ( 1.000000000000000000, 0.9926503465430338600, 0.9926503465430338600, 1.000000000000000000 ) ) 
 REPRESENTATION_ITEM ( '' )  );
#2458 = ORIENTED_EDGE ( 'NONE', *, *, #2501, .T. ) ;
#2459 = ADVANCED_FACE ( 'NONE', ( #3108 ), #779, .F. ) ;
#2460 = VECTOR ( 'NONE', #1194, 1000.000000000000000 ) ;
#2461 = FACE_OUTER_BOUND ( 'NONE', #600, .T. ) ;
#2462 = DIRECTION ( 'NONE',  ( 1.000000000000000000, 0.0000000000000000000, 0.0000000000000000000 ) ) ;
#2463 = AXIS2_PLACEMENT_3D ( 'NONE', #3330, #4338, #871 ) ;
#2464 = ORIENTED_EDGE ( 'NONE', *, *, #2817, .F. ) ;
#2465 = CARTESIAN_POINT ( 'NONE',  ( 1.030988270753337800, 0.9248400000000001100, -0.7749822147078639900 ) ) ;
#2466 = DIRECTION ( 'NONE',  ( -1.000000000000000000, 0.0000000000000000000, 0.0000000000000000000 ) ) ;
#2467 = LINE ( 'NONE', #620, #3117 ) ;
#2468 = CARTESIAN_POINT ( 'NONE',  ( 1.500338001875949600, 0.03488872359085053200, -0.04380140292786309500 ) ) ;
#2469 = ORIENTED_EDGE ( 'NONE', *, *, #4304, .T. ) ;
#2470 = LINE ( 'NONE', #2233, #3384 ) ;
#2471 = SURFACE_STYLE_FILL_AREA ( #3048 ) ;
#2472 = VECTOR ( 'NONE', #2493, 1000.000000000000000 ) ;
#2473 = MECHANICAL_DESIGN_GEOMETRIC_PRESENTATION_REPRESENTATION (  '', ( #1605 ), #1833 ) ;
#2474 = CARTESIAN_POINT ( 'NONE',  ( 0.6698400000000001000, 0.03015999999999999900, -0.03015999999999999900 ) ) ;
#2475 =( NAMED_UNIT ( * ) SI_UNIT ( $, .STERADIAN. ) SOLID_ANGLE_UNIT ( ) );
#2476 = CARTESIAN_POINT ( 'NONE',  ( 0.7487418134714320900, 0.9248400000000001100, -0.7749822147078639900 ) ) ;
#2477 = EDGE_CURVE ( 'NONE', #2769, #1939, #1188, .T. ) ;
#2478 = DIRECTION ( 'NONE',  ( 0.0000000000000000000, 0.0000000000000000000, 1.000000000000000000 ) ) ;
#2479 = VECTOR ( 'NONE', #3179, 1000.000000000000000 ) ;
#2480 = CARTESIAN_POINT ( 'NONE',  ( 0.7000000000000000700, 0.9198399999999999900, -1.419840000000000400 ) ) ;
#2481 = CARTESIAN_POINT ( 'NONE',  ( 0.7000000000000001800, 0.06031999999999977700, -1.419840000000000400 ) ) ;
#2482 = ADVANCED_FACE ( 'NONE', ( #4257 ), #2723, .T. ) ;
#2483 = CIRCLE ( 'NONE', #4537, 0.03015999999999999900 ) ;
#2484 = STYLED_ITEM ( 'NONE', ( #327 ), #665 ) ;
#2485 = CARTESIAN_POINT ( 'NONE',  ( 0.7040000000000000700, 0.9248400000000001100, -0.6192949999999999300 ) ) ;
#2486 = DIRECTION ( 'NONE',  ( 0.0000000000000000000, 0.0000000000000000000, 1.000000000000000000 ) ) ;
#2487 = AXIS2_PLACEMENT_3D ( 'NONE', #718, #3838, #3156 ) ;
#2488 = FILL_AREA_STYLE_COLOUR ( '', #4308 ) ;
#2489 = CARTESIAN_POINT ( 'NONE',  ( 2.200000000000000200, 0.0000000000000000000, 0.0000000000000000000 ) ) ;
#2490 = FILL_AREA_STYLE_COLOUR ( '', #1743 ) ;
#2491 = ORIENTED_EDGE ( 'NONE', *, *, #1023, .T. ) ;
#2492 = EDGE_CURVE ( 'NONE', #4091, #3273, #2670, .T. ) ;
#2493 = DIRECTION ( 'NONE',  ( -0.0000000000000000000, -0.0000000000000000000, 1.000000000000000000 ) ) ;
#2494 =( GEOMETRIC_REPRESENTATION_CONTEXT ( 3 ) GLOBAL_UNCERTAINTY_ASSIGNED_CONTEXT ( ( #454 ) ) GLOBAL_UNIT_ASSIGNED_CONTEXT ( ( #2037, #2435, #4171 ) ) REPRESENTATION_CONTEXT ( 'NONE', 'WORKASPACE' ) );
#2495 = VECTOR ( 'NONE', #2699, 1000.000000000000000 ) ;
#2496 = ORIENTED_EDGE ( 'NONE', *, *, #3101, .T. ) ;
#2497 = CARTESIAN_POINT ( 'NONE',  ( 1.185949315502146600, 0.9198400000000001000, -0.7585667053626864400 ) ) ;
#2498 = CARTESIAN_POINT ( 'NONE',  ( 1.530159999999999500, 0.03015999999999999900, 0.0000000000000000000 ) ) ;
#2499 = COLOUR_RGB ( '',0.7686274509803920900, 0.7686274509803920900, 0.7686274509803920900 ) ;
#2500 = VERTEX_POINT ( 'NONE', #1832 ) ;
#2501 = EDGE_CURVE ( 'NONE', #3760, #850, #3549, .T. ) ;
#2502 = CARTESIAN_POINT ( 'NONE',  ( 1.268045324172430300, 0.9248400000000001100, -0.6876089300856994500 ) ) ;
#2503 = VERTEX_POINT ( 'NONE', #55 ) ;
#2504 = DIRECTION ( 'NONE',  ( -0.0000000000000000000, 0.0000000000000000000, 1.000000000000000000 ) ) ;
#2505 = LINE ( 'NONE', #3356, #687 ) ;
#2506 = ORIENTED_EDGE ( 'NONE', *, *, #4472, .T. ) ;
#2507 = SPHERICAL_SURFACE ( 'NONE', #4524, 0.03015999999999999900 ) ;
#2508 = FILL_AREA_STYLE ('',( #1030 ) ) ;
#2509 = VERTEX_POINT ( 'NONE', #3192 ) ;
#2510 = LINE ( 'NONE', #2224, #255 ) ;
#2511 = ORIENTED_EDGE ( 'NONE', *, *, #4213, .T. ) ;
#2512 = VECTOR ( 'NONE', #1498, 1000.000000000000000 ) ;
#2513 =( NAMED_UNIT ( * ) SI_UNIT ( $, .STERADIAN. ) SOLID_ANGLE_UNIT ( ) );
#2514 = AXIS2_PLACEMENT_3D ( 'NONE', #2331, #527, #2694 ) ;
#2515 = VECTOR ( 'NONE', #1451, 1000.000000000000000 ) ;
#2516 = EDGE_LOOP ( 'NONE', ( #1950, #1550, #2558, #461 ) ) ;
#2517 = LINE ( 'NONE', #3029, #2072 ) ;
#2518 = FILL_AREA_STYLE ('',( #4312 ) ) ;
#2519 =( NAMED_UNIT ( * ) PLANE_ANGLE_UNIT ( ) SI_UNIT ( $, .RADIAN. ) );
#2520 = EDGE_CURVE ( 'NONE', #631, #1299, #422, .T. ) ;
#2521 = AXIS2_PLACEMENT_3D ( 'NONE', #2315, #885, #540 ) ;
#2522 = EDGE_LOOP ( 'NONE', ( #1340, #4072, #2999, #2784 ) ) ;
#2523 = FACE_OUTER_BOUND ( 'NONE', #3407, .T. ) ;
#2524 = LINE ( 'NONE', #2873, #2248 ) ;
#2525 = CARTESIAN_POINT ( 'NONE',  ( 1.284682850239918100, 0.9198400000000001000, -0.7453427455750563100 ) ) ;
#2526 = SURFACE_STYLE_FILL_AREA ( #3305 ) ;
#2527 =( LENGTH_UNIT ( ) NAMED_UNIT ( * ) SI_UNIT ( .MILLI., .METRE. ) );
#2528 = VECTOR ( 'NONE', #1168, 1000.000000000000000 ) ;
#2529 = ORIENTED_EDGE ( 'NONE', *, *, #3753, .F. ) ;
#2530 = EDGE_CURVE ( 'NONE', #693, #4005, #1404, .T. ) ;
#2531 = DIRECTION ( 'NONE',  ( 0.0000000000000000000, -1.000000000000000000, 0.0000000000000000000 ) ) ;
#2532 = SURFACE_STYLE_FILL_AREA ( #3293 ) ;
#2533 = CARTESIAN_POINT ( 'NONE',  ( 1.499999999999999600, 0.03015999999999988800, -1.389680000000000200 ) ) ;
#2534 = SURFACE_STYLE_USAGE ( .BOTH. , #1814 ) ;
#2535 = EDGE_CURVE ( 'NONE', #3273, #2705, #1457, .T. ) ;
#2536 = FILL_AREA_STYLE_COLOUR ( '', #3216 ) ;
#2537 = CARTESIAN_POINT ( 'NONE',  ( 1.500046268899097600, 0.8995766549929932200, -1.418170030185131200 ) ) ;
#2538 =( NAMED_UNIT ( * ) PLANE_ANGLE_UNIT ( ) SI_UNIT ( $, .RADIAN. ) );
#2539 = B_SPLINE_CURVE_WITH_KNOTS ( 'NONE', 3,
 ( #3958, #2570, #800, #1524, #2918, #3245, #1204, #1159, #2264, #3292 ),
 .UNSPECIFIED., .F., .F.,
 ( 4, 3, 3, 4 ),
 ( 0.0000000000000000000, 9.493065180756425900E-006, 1.893605998182675300E-005, 2.360435136841328400E-005 ),
 .UNSPECIFIED. ) ;
#2540 =( GEOMETRIC_REPRESENTATION_CONTEXT ( 3 ) GLOBAL_UNCERTAINTY_ASSIGNED_CONTEXT ( ( #2729 ) ) GLOBAL_UNIT_ASSIGNED_CONTEXT ( ( #1071, #35, #3208 ) ) REPRESENTATION_CONTEXT ( 'NONE', 'WORKASPACE' ) );
#2541 = DIRECTION ( 'NONE',  ( -1.000000000000000000, 0.0000000000000000000, 0.0000000000000000000 ) ) ;
#2542 = DIRECTION ( 'NONE',  ( 0.0000000000000000000, 0.0000000000000000000, -1.000000000000000000 ) ) ;
#2543 = PRESENTATION_LAYER_ASSIGNMENT (  '', '', ( #4290 ) ) ;
#2544 = DIRECTION ( 'NONE',  ( 0.0000000000000000000, 0.0000000000000000000, 1.000000000000000000 ) ) ;
#2545 = EDGE_LOOP ( 'NONE', ( #3033, #4546, #1135 ) ) ;
#2546 = CARTESIAN_POINT ( 'NONE',  ( 0.8187618164974057600, 0.9248400000000001100, -0.7038289321678942200 ) ) ;
#2547 = CARTESIAN_POINT ( 'NONE',  ( 0.0000000000000000000, 0.0000000000000000000, 0.0000000000000000000 ) ) ;
#2548 = COLOUR_RGB ( '',0.7686274509803920900, 0.7686274509803920900, 0.7686274509803920900 ) ;
#2549 = EDGE_LOOP ( 'NONE', ( #751, #2732, #1230, #1962 ) ) ;
#2550 = CARTESIAN_POINT ( 'NONE',  ( 2.169840000000000200, 0.9198399999999999900, -1.419840000000000000 ) ) ;
#2551 = ORIENTED_EDGE ( 'NONE', *, *, #385, .F. ) ;
#2552 = DIRECTION ( 'NONE',  ( 0.0000000000000000000, 0.0000000000000000000, -1.000000000000000000 ) ) ;
#2553 = EDGE_LOOP ( 'NONE', ( #755, #3081, #2469, #2560, #206, #1747 ) ) ;
#2554 = VECTOR ( 'NONE', #3037, 1000.000000000000200 ) ;
#2555 = CARTESIAN_POINT ( 'NONE',  ( 1.030988270753337800, 0.9248400000000001100, -0.7749822147078639900 ) ) ;
#2556 = SURFACE_SIDE_STYLE ('',( #1200 ) ) ;
#2558 = ORIENTED_EDGE ( 'NONE', *, *, #1927, .F. ) ;
#2557 = EDGE_CURVE ( 'NONE', #1399, #4298, #963, .T. ) ;
#2559 = SURFACE_STYLE_FILL_AREA ( #3719 ) ;
#2560 = ORIENTED_EDGE ( 'NONE', *, *, #4393, .T. ) ;
#2561 = CARTESIAN_POINT ( 'NONE',  ( 2.200000000000000200, 0.9198399999999999900, -1.450000000000000000 ) ) ;
#2562 = DIRECTION ( 'NONE',  ( 0.0000000000000000000, -1.000000000000000000, 0.0000000000000000000 ) ) ;
#2563 = ORIENTED_EDGE ( 'NONE', *, *, #1341, .F. ) ;
#2564 = CYLINDRICAL_SURFACE ( 'NONE', #2865, 0.03015999999999999600 ) ;
#2565 = LINE ( 'NONE', #3929, #2618 ) ;
#2566 =( LENGTH_UNIT ( ) NAMED_UNIT ( * ) SI_UNIT ( .MILLI., .METRE. ) );
#2567 = AXIS2_PLACEMENT_3D ( 'NONE', #3847, #652, #1720 ) ;
#2568 = ORIENTED_EDGE ( 'NONE', *, *, #2287, .T. ) ;
#2569 = CYLINDRICAL_SURFACE ( 'NONE', #4262, 0.03015999999999999900 ) ;
#2570 = CARTESIAN_POINT ( 'NONE',  ( 1.500652778470559200, 0.04118048353967056200, -1.413193164580843300 ) ) ;
#2571 = CARTESIAN_POINT ( 'NONE',  ( 1.499999999999951400, 0.03015999999999719900, -0.05874608454965596400 ) ) ;
#2572 = DIRECTION ( 'NONE',  ( -0.0000000000000000000, 0.0000000000000000000, 1.000000000000000000 ) ) ;
#2573 = ORIENTED_EDGE ( 'NONE', *, *, #328, .T. ) ;
#2574 = VECTOR ( 'NONE', #3307, 1000.000000000000000 ) ;
#2575 = LINE ( 'NONE', #820, #597 ) ;
#2576 = ORIENTED_EDGE ( 'NONE', *, *, #3495, .T. ) ;
#2577 = SURFACE_STYLE_USAGE ( .BOTH. , #111 ) ;
#2578 = COLOUR_RGB ( '',0.7686274509803920900, 0.7686274509803920900, 0.7686274509803920900 ) ;
#2579 = LINE ( 'NONE', #4514, #3013 ) ;
#2580 = CARTESIAN_POINT ( 'NONE',  ( 0.9516388314291166500, 0.9248400000000001100, -0.7453479527904718300 ) ) ;
#2581 = EDGE_CURVE ( 'NONE', #586, #4401, #3060, .T. ) ;
#2582 = MECHANICAL_DESIGN_GEOMETRIC_PRESENTATION_REPRESENTATION (  '', ( #2433 ), #2958 ) ;
#2583 = CIRCLE ( 'NONE', #189, 0.03015999999999999600 ) ;
#2584 = FILL_AREA_STYLE ('',( #400 ) ) ;
#2585 = MECHANICAL_DESIGN_GEOMETRIC_PRESENTATION_REPRESENTATION (  '', ( #3749 ), #4392 ) ;
#2586 = DIRECTION ( 'NONE',  ( 1.000000000000000000, 0.0000000000000000000, -0.0000000000000000000 ) ) ;
#2587 = PLANE ( 'NONE',  #689 ) ;
#2588 = EDGE_CURVE ( 'NONE', #934, #716, #3318, .T. ) ;
#2589 = DIRECTION ( 'NONE',  ( 0.2740217765953990000, 0.0000000000000000000, -0.9617234872620618000 ) ) ;
#2590 = DIRECTION ( 'NONE',  ( -1.000000000000000000, -0.0000000000000000000, 0.0000000000000000000 ) ) ;
#2591 = MECHANICAL_DESIGN_GEOMETRIC_PRESENTATION_REPRESENTATION (  '', ( #1650 ), #390 ) ;
#2592 = DIRECTION ( 'NONE',  ( 1.000000000000000000, 0.0000000000000000000, 1.123385871690053500E-016 ) ) ;
#2593 =( BOUNDED_CURVE ( )  B_SPLINE_CURVE ( 3, ( #1599, #1991, #2329, #918 ),
 .UNSPECIFIED., .F., .F. ) 
 B_SPLINE_CURVE_WITH_KNOTS ( ( 4, 4 ),
 ( 4.712388980384681700, 5.009640341705889500 ),
 .UNSPECIFIED. ) 
 CURVE ( )  GEOMETRIC_REPRESENTATION_ITEM ( )  RATIONAL_B_SPLINE_CURVE ( ( 1.000000000000000000, 0.9926503465430337500, 0.9926503465430337500, 1.000000000000000000 ) ) 
 REPRESENTATION_ITEM ( '' )  );
#2594 = DIRECTION ( 'NONE',  ( -1.000000000000000000, 0.0000000000000000000, 2.459231407381526200E-015 ) ) ;
#2595 = DIRECTION ( 'NONE',  ( 0.0000000000000000000, 0.0000000000000000000, -1.000000000000000000 ) ) ;
#2596 =( GEOMETRIC_REPRESENTATION_CONTEXT ( 3 ) GLOBAL_UNCERTAINTY_ASSIGNED_CONTEXT ( ( #1375 ) ) GLOBAL_UNIT_ASSIGNED_CONTEXT ( ( #2451, #2425, #4519 ) ) REPRESENTATION_CONTEXT ( 'NONE', 'WORKASPACE' ) );
#2597 = ORIENTED_EDGE ( 'NONE', *, *, #876, .F. ) ;
#2598 = CARTESIAN_POINT ( 'NONE',  ( 1.499985399699493200, 0.9192676540420986500, -0.05358313352535719300 ) ) ;
#2599 = SURFACE_STYLE_USAGE ( .BOTH. , #3995 ) ;
#2600 = FILL_AREA_STYLE_COLOUR ( '', #212 ) ;
#2601 = FACE_OUTER_BOUND ( 'NONE', #976, .T. ) ;
#2602 = ORIENTED_EDGE ( 'NONE', *, *, #52, .T. ) ;
#2603 = ADVANCED_FACE ( 'NONE', ( #1738 ), #2564, .T. ) ;
#2604 = STYLED_ITEM ( 'NONE', ( #747 ), #3064 ) ;
#2605 = SURFACE_SIDE_STYLE ('',( #3915 ) ) ;
#2606 = FILL_AREA_STYLE ('',( #121 ) ) ;
#2607 = VECTOR ( 'NONE', #3268, 1000.000000000000000 ) ;
#2608 = ORIENTED_EDGE ( 'NONE', *, *, #3890, .F. ) ;
#2609 =( NAMED_UNIT ( * ) PLANE_ANGLE_UNIT ( ) SI_UNIT ( $, .RADIAN. ) );
#2610 =( LENGTH_UNIT ( ) NAMED_UNIT ( * ) SI_UNIT ( .MILLI., .METRE. ) );
#2611 = EDGE_LOOP ( 'NONE', ( #680, #2624, #2321, #472 ) ) ;
#2612 = VERTEX_POINT ( 'NONE', #3674 ) ;
#2613 = EDGE_CURVE ( 'NONE', #4348, #2119, #643, .T. ) ;
#2614 = CARTESIAN_POINT ( 'NONE',  ( 2.169840000000000200, 0.9198399999999999900, -0.03015999999999999900 ) ) ;
#2615 = PLANE ( 'NONE',  #2273 ) ;
#2616 = ORIENTED_EDGE ( 'NONE', *, *, #958, .F. ) ;
#2617 = CARTESIAN_POINT ( 'NONE',  ( 1.257000347270177800, 0.9198400000000001000, -0.6489202676364155300 ) ) ;
#2618 = VECTOR ( 'NONE', #2255, 1000.000000000000000 ) ;
#2619 = EDGE_CURVE ( 'NONE', #519, #1526, #2510, .T. ) ;
#2620 = VERTEX_POINT ( 'NONE', #113 ) ;
#2621 = VECTOR ( 'NONE', #1390, 1000.000000000000000 ) ;
#2622 = DIRECTION ( 'NONE',  ( 0.0000000000000000000, 0.0000000000000000000, -1.000000000000000000 ) ) ;
#2623 = VECTOR ( 'NONE', #1817, 1000.000000000000100 ) ;
#2624 = ORIENTED_EDGE ( 'NONE', *, *, #3353, .F. ) ;
#2625 = SURFACE_STYLE_USAGE ( .BOTH. , #147 ) ;
#2626 = AXIS2_PLACEMENT_3D ( 'NONE', #641, #1396, #2060 ) ;
#2627 = CYLINDRICAL_SURFACE ( 'NONE', #2324, 0.03015999999999999600 ) ;
#2628 = CARTESIAN_POINT ( 'NONE',  ( 1.530159999999999500, 0.03015999999999999900, -1.419840000000000000 ) ) ;
#2629 = ORIENTED_EDGE ( 'NONE', *, *, #1286, .F. ) ;
#2630 = SURFACE_STYLE_FILL_AREA ( #2975 ) ;
#2631 = LINE ( 'NONE', #2751, #1754 ) ;
#2632 = DIRECTION ( 'NONE',  ( -1.000000000000000000, 0.0000000000000000000, 0.0000000000000000000 ) ) ;
#2633 = DIRECTION ( 'NONE',  ( 0.0000000000000000000, 1.000000000000000000, 0.0000000000000000000 ) ) ;
#2634 = LINE ( 'NONE', #3136, #2301 ) ;
#2635 = AXIS2_PLACEMENT_3D ( 'NONE', #2925, #3623, #3320 ) ;
#2636 = CIRCLE ( 'NONE', #2163, 0.03015999999999999900 ) ;
#2637 = DIRECTION ( 'NONE',  ( -1.000000000000000000, 0.0000000000000000000, 0.0000000000000000000 ) ) ;
#2638 = CARTESIAN_POINT ( 'NONE',  ( 0.0000000000000000000, 0.03015999999999999900, 0.0000000000000000000 ) ) ;
#2639 = EDGE_CURVE ( 'NONE', #1383, #1167, #3159, .T. ) ;
#2640 = AXIS2_PLACEMENT_3D ( 'NONE', #802, #505, #3646 ) ;
#2641 = CARTESIAN_POINT ( 'NONE',  ( 1.500652778470559200, 0.9131931645808435400, -1.408819516460329200 ) ) ;
#2642 = CARTESIAN_POINT ( 'NONE',  ( 1.010035383403073300, 0.9248400000000001100, -0.7163901554708268500 ) ) ;
#2643 = CARTESIAN_POINT ( 'NONE',  ( 0.9432126104080137400, 0.9198400000000001000, -0.7163901554708268500 ) ) ;
#2644 = CARTESIAN_POINT ( 'NONE',  ( 1.022571517396287900, 0.9248400000000001100, -0.7453479527904718300 ) ) ;
#2645 = EDGE_CURVE ( 'NONE', #1772, #1180, #1628, .T. ) ;
#2646 = CARTESIAN_POINT ( 'NONE',  ( 1.010035383403073300, 0.9248400000000001100, -0.7163901554708268500 ) ) ;
#2647 = MECHANICAL_DESIGN_GEOMETRIC_PRESENTATION_REPRESENTATION (  '', ( #510 ), #2884 ) ;
#2648 = VERTEX_POINT ( 'NONE', #2942 ) ;
#2649 = CARTESIAN_POINT ( 'NONE',  ( 2.169840000000000200, 0.0000000000000000000, -1.419840000000000000 ) ) ;
#2650 = CARTESIAN_POINT ( 'NONE',  ( 1.284682850239918100, 0.9248400000000001100, -0.7453427455750563100 ) ) ;
#2651 = VECTOR ( 'NONE', #2204, 1000.000000000000000 ) ;
#2652 = ADVANCED_FACE ( 'NONE', ( #4251 ), #124, .F. ) ;
#2653 = ORIENTED_EDGE ( 'NONE', *, *, #760, .T. ) ;
#2654 =( NAMED_UNIT ( * ) PLANE_ANGLE_UNIT ( ) SI_UNIT ( $, .RADIAN. ) );
#2655 = DIRECTION ( 'NONE',  ( 0.0000000000000000000, 1.000000000000000000, 0.0000000000000000000 ) ) ;
#2656 = ORIENTED_EDGE ( 'NONE', *, *, #1952, .F. ) ;
#2657 = EDGE_CURVE ( 'NONE', #4555, #3492, #531, .T. ) ;
#2658 = LINE ( 'NONE', #1686, #4021 ) ;
#2659 = ORIENTED_EDGE ( 'NONE', *, *, #4429, .F. ) ;
#2660 = STYLED_ITEM ( 'NONE', ( #446 ), #3439 ) ;
#2661 = CARTESIAN_POINT ( 'NONE',  ( 1.530159999999999500, 0.03015999999999999900, 0.0000000000000000000 ) ) ;
#2662 = FILL_AREA_STYLE_COLOUR ( '', #3357 ) ;
#2663 = ORIENTED_EDGE ( 'NONE', *, *, #4032, .T. ) ;
#2664 = VECTOR ( 'NONE', #1242, 1000.000000000000100 ) ;
#2665 = EDGE_LOOP ( 'NONE', ( #2054, #4017, #4358, #3255 ) ) ;
#2666 = SURFACE_STYLE_FILL_AREA ( #3054 ) ;
#2667 = CARTESIAN_POINT ( 'NONE',  ( 1.501322662047238200, 0.9110063405205864900, -1.411006340520586400 ) ) ;
#2669 = EDGE_CURVE ( 'NONE', #4286, #4130, #2399, .T. ) ;
#2668 = ORIENTED_EDGE ( 'NONE', *, *, #1454, .T. ) ;
#2670 = LINE ( 'NONE', #2859, #4137 ) ;
#2671 = LINE ( 'NONE', #1847, #1630 ) ;
#2672 = CYLINDRICAL_SURFACE ( 'NONE', #468, 0.03015999999999999600 ) ;
#2673 = CARTESIAN_POINT ( 'NONE',  ( 1.249035201614408200, 0.9248400000000001100, -0.7749822147078639900 ) ) ;
#2674 = UNCERTAINTY_MEASURE_WITH_UNIT (LENGTH_MEASURE( 1.000000000000000100E-005 ), #2360, 'distance_accuracy_value', 'NONE');
#2675 = DIRECTION ( 'NONE',  ( -1.000000000000000000, 0.0000000000000000000, 0.0000000000000000000 ) ) ;
#2676 = VERTEX_POINT ( 'NONE', #4378 ) ;
#2677 = SURFACE_STYLE_FILL_AREA ( #4166 ) ;
#2678 = COLOUR_RGB ( '',0.7686274509803920900, 0.7686274509803920900, 0.7686274509803920900 ) ;
#2679 =( GEOMETRIC_REPRESENTATION_CONTEXT ( 3 ) GLOBAL_UNCERTAINTY_ASSIGNED_CONTEXT ( ( #1407 ) ) GLOBAL_UNIT_ASSIGNED_CONTEXT ( ( #776, #1525, #3944 ) ) REPRESENTATION_CONTEXT ( 'NONE', 'WORKASPACE' ) );
#2680 = DIRECTION ( 'NONE',  ( 0.0000000000000000000, 1.000000000000000000, 0.0000000000000000000 ) ) ;
#2681 = ORIENTED_EDGE ( 'NONE', *, *, #1454, .F. ) ;
#2682 = CARTESIAN_POINT ( 'NONE',  ( 1.185949315502146600, 0.9248400000000001100, -0.7585667053626864400 ) ) ;
#2683 = SPHERICAL_SURFACE ( 'NONE', #4313, 0.03015999999999999900 ) ;
#2684 = LINE ( 'NONE', #4042, #4317 ) ;
#2685 = FACE_OUTER_BOUND ( 'NONE', #3752, .T. ) ;
#2686 = ADVANCED_FACE ( 'NONE', ( #3207 ), #3972, .F. ) ;
#2687 = FACE_OUTER_BOUND ( 'NONE', #3705, .T. ) ;
#2688 =( NAMED_UNIT ( * ) PLANE_ANGLE_UNIT ( ) SI_UNIT ( $, .RADIAN. ) );
#2689 =( GEOMETRIC_REPRESENTATION_CONTEXT ( 3 ) GLOBAL_UNCERTAINTY_ASSIGNED_CONTEXT ( ( #3734 ) ) GLOBAL_UNIT_ASSIGNED_CONTEXT ( ( #4014, #892, #1220 ) ) REPRESENTATION_CONTEXT ( 'NONE', 'WORKASPACE' ) );
#2690 = VERTEX_POINT ( 'NONE', #3991 ) ;
#2691 = LINE ( 'NONE', #923, #927 ) ;
#2692 = LINE ( 'NONE', #2143, #4275 ) ;
#2693 = DIRECTION ( 'NONE',  ( -0.0000000000000000000, 1.000000000000000000, -0.0000000000000000000 ) ) ;
#2694 = DIRECTION ( 'NONE',  ( -0.3725077383644724300, 0.0000000000000000000, -0.9280290862136735300 ) ) ;
#2695 =( LENGTH_UNIT ( ) NAMED_UNIT ( * ) SI_UNIT ( .MILLI., .METRE. ) );
#2696 = AXIS2_PLACEMENT_3D ( 'NONE', #2836, #960, #2028 ) ;
#2697 = LINE ( 'NONE', #2232, #4437 ) ;
#2698 = ORIENTED_EDGE ( 'NONE', *, *, #3632, .F. ) ;
#2699 = DIRECTION ( 'NONE',  ( 0.0000000000000000000, -1.000000000000000000, 0.0000000000000000000 ) ) ;
#2700 = CARTESIAN_POINT ( 'NONE',  ( 0.7740403586283415300, 0.9248400000000001100, -0.7085911671949841600 ) ) ;
#2701 = DIRECTION ( 'NONE',  ( -1.000000000000000000, -0.0000000000000000000, 0.0000000000000000000 ) ) ;
#2702 = ADVANCED_FACE ( 'NONE', ( #3764 ), #2113, .T. ) ;
#2703 = EDGE_CURVE ( 'NONE', #3899, #1300, #1510, .T. ) ;
#2704 = DIRECTION ( 'NONE',  ( -0.2745159998572621100, 0.0000000000000000000, 0.9615825319869156800 ) ) ;
#2705 = VERTEX_POINT ( 'NONE', #2009 ) ;
#2706 = DIRECTION ( 'NONE',  ( 0.0000000000000000000, 0.0000000000000000000, 1.000000000000000000 ) ) ;
#2707 = DIRECTION ( 'NONE',  ( 1.000000000000000000, 0.0000000000000000000, 0.0000000000000000000 ) ) ;
#2708 = AXIS2_PLACEMENT_3D ( 'NONE', #57, #2929, #2810 ) ;
#2709 = ORIENTED_EDGE ( 'NONE', *, *, #328, .F. ) ;
#2710 = CARTESIAN_POINT ( 'NONE',  ( 0.7482703236758261300, 0.9198400000000001000, -0.6192949999999999300 ) ) ;
#2711 = CYLINDRICAL_SURFACE ( 'NONE', #778, 0.03015999999999999600 ) ;
#2712 = ORIENTED_EDGE ( 'NONE', *, *, #1900, .T. ) ;
#2713 = MECHANICAL_DESIGN_GEOMETRIC_PRESENTATION_REPRESENTATION (  '', ( #2949 ), #3011 ) ;
#2714 = CARTESIAN_POINT ( 'NONE',  ( 0.7000000000000001800, 0.06031999999999977700, -1.419840000000000400 ) ) ;
#2715 = ORIENTED_EDGE ( 'NONE', *, *, #1553, .F. ) ;
#2716 = DIRECTION ( 'NONE',  ( 0.0000000000000000000, 1.000000000000000000, 0.0000000000000000000 ) ) ;
#2717 = ORIENTED_EDGE ( 'NONE', *, *, #1932, .T. ) ;
#2718 = VECTOR ( 'NONE', #3315, 1000.000000000000000 ) ;
#2719 = SURFACE_SIDE_STYLE ('',( #4525 ) ) ;
#2720 = EDGE_CURVE ( 'NONE', #3820, #2705, #3104, .T. ) ;
#2721 = AXIS2_PLACEMENT_3D ( 'NONE', #4503, #326, #3903 ) ;
#2722 = ORIENTED_EDGE ( 'NONE', *, *, #4393, .F. ) ;
#2723 = CYLINDRICAL_SURFACE ( 'NONE', #756, 0.03015999999999999600 ) ;
#2724 = SURFACE_STYLE_USAGE ( .BOTH. , #2373 ) ;
#2725 = ORIENTED_EDGE ( 'NONE', *, *, #397, .F. ) ;
#2726 = ADVANCED_FACE ( 'NONE', ( #2334 ), #1129, .T. ) ;
#2727 = DIRECTION ( 'NONE',  ( 0.2763173343569956800, 0.0000000000000000000, -0.9610664548998910700 ) ) ;
#2728 = FILL_AREA_STYLE ('',( #1250 ) ) ;
#2729 = UNCERTAINTY_MEASURE_WITH_UNIT (LENGTH_MEASURE( 1.000000000000000100E-005 ), #1071, 'distance_accuracy_value', 'NONE');
#2730 = EDGE_CURVE ( 'NONE', #3004, #1772, #4078, .T. ) ;
#2731 = FILL_AREA_STYLE ('',( #3046 ) ) ;
#2732 = ORIENTED_EDGE ( 'NONE', *, *, #200, .F. ) ;
#2733 = CARTESIAN_POINT ( 'NONE',  ( 1.249035201614408200, 0.9248400000000001100, -0.7749822147078639900 ) ) ;
#2734 = SPHERICAL_SURFACE ( 'NONE', #104, 0.03015999999999999900 ) ;
#2735 = CARTESIAN_POINT ( 'NONE',  ( 2.200000000000000200, 0.9198399999999999900, 0.0000000000000000000 ) ) ;
#2736 = ORIENTED_EDGE ( 'NONE', *, *, #4493, .T. ) ;
#2737 = PRESENTATION_LAYER_ASSIGNMENT (  '', '', ( #81 ) ) ;
#2738 = VECTOR ( 'NONE', #3643, 1000.000000000000000 ) ;
#2739 =( NAMED_UNIT ( * ) SI_UNIT ( $, .STERADIAN. ) SOLID_ANGLE_UNIT ( ) );
#2740 = DIRECTION ( 'NONE',  ( -0.3829140317376896200, 0.0000000000000000000, -0.9237839814038710800 ) ) ;
#2741 = PLANE ( 'NONE',  #1574 ) ;
#2742 = AXIS2_PLACEMENT_3D ( 'NONE', #1866, #3941, #1858 ) ;
#2743 = PLANE ( 'NONE',  #4098 ) ;
#2744 = ORIENTED_EDGE ( 'NONE', *, *, #316, .T. ) ;
#2745 = CARTESIAN_POINT ( 'NONE',  ( 1.046517133358396700, 0.9198400000000001000, -0.7749822147078639900 ) ) ;
#2746 = CARTESIAN_POINT ( 'NONE',  ( 1.447697090170249700, 0.9198400000000001000, -0.7449219079067641600 ) ) ;
#2747 = ADVANCED_FACE ( 'NONE', ( #4518 ), #1888, .T. ) ;
#2748 = EDGE_CURVE ( 'NONE', #908, #1830, #3487, .T. ) ;
#2749 = CARTESIAN_POINT ( 'NONE',  ( 2.200000000000000200, 0.03015999999999999900, -0.03015999999999999900 ) ) ;
#2750 =( GEOMETRIC_REPRESENTATION_CONTEXT ( 3 ) GLOBAL_UNCERTAINTY_ASSIGNED_CONTEXT ( ( #1916 ) ) GLOBAL_UNIT_ASSIGNED_CONTEXT ( ( #651, #4223, #386 ) ) REPRESENTATION_CONTEXT ( 'NONE', 'WORKASPACE' ) );
#2751 = CARTESIAN_POINT ( 'NONE',  ( 1.330286694524741800, 0.9248400000000001100, -0.6489202676364155300 ) ) ;
#2752 =( NAMED_UNIT ( * ) SI_UNIT ( $, .STERADIAN. ) SOLID_ANGLE_UNIT ( ) );
#2753 = PRODUCT_DEFINITION ( 'UNKNOWN', '', #1488, #3805 ) ;
#2754 = EDGE_CURVE ( 'NONE', #2509, #1913, #3547, .T. ) ;
#2755 = CARTESIAN_POINT ( 'NONE',  ( 0.6698400000000001000, 0.0000000000000000000, -1.450000000000000000 ) ) ;
#2756 = CARTESIAN_POINT ( 'NONE',  ( 0.6986773379527614300, 0.9110063405205864900, -1.411006340520586400 ) ) ;
#2757 = DIRECTION ( 'NONE',  ( 0.0000000000000000000, -1.000000000000000000, 0.0000000000000000000 ) ) ;
#2758 = DIRECTION ( 'NONE',  ( -0.0000000000000000000, -1.000000000000000000, 0.0000000000000000000 ) ) ;
#2759 = ORIENTED_EDGE ( 'NONE', *, *, #3463, .F. ) ;
#2760 = EDGE_CURVE ( 'NONE', #1399, #519, #19, .T. ) ;
#2761 = DIRECTION ( 'NONE',  ( 0.0000000000000000000, 0.0000000000000000000, 1.000000000000000000 ) ) ;
#2762 = LINE ( 'NONE', #2967, #2607 ) ;
#2763 = VERTEX_POINT ( 'NONE', #3360 ) ;
#2764 = DIRECTION ( 'NONE',  ( -1.000000000000000000, 0.0000000000000000000, 0.0000000000000000000 ) ) ;
#2765 = DIRECTION ( 'NONE',  ( 1.000000000000000000, 0.0000000000000000000, 0.0000000000000000000 ) ) ;
#2766 = ADVANCED_FACE ( 'NONE', ( #797 ), #3964, .T. ) ;
#2767 = STYLED_ITEM ( 'NONE', ( #911 ), #1069 ) ;
#2768 = ADVANCED_FACE ( 'NONE', ( #4073 ), #2881, .T. ) ;
#2769 = VERTEX_POINT ( 'NONE', #1343 ) ;
#2770 = LINE ( 'NONE', #4233, #3253 ) ;
#2771 = ORIENTED_EDGE ( 'NONE', *, *, #3110, .F. ) ;
#2772 = ADVANCED_FACE ( 'NONE', ( #2985 ), #370, .F. ) ;
#2773 = DIRECTION ( 'NONE',  ( 0.0000000000000000000, 0.0000000000000000000, 1.000000000000000000 ) ) ;
#2774 = ORIENTED_EDGE ( 'NONE', *, *, #2754, .T. ) ;
#2775 = ORIENTED_EDGE ( 'NONE', *, *, #4534, .F. ) ;
#2776 = PRESENTATION_LAYER_ASSIGNMENT (  '', '', ( #4202 ) ) ;
#2777 = COLOUR_RGB ( '',0.6470588235294118000, 0.5176470588235293500, 0.0000000000000000000 ) ;
#2778 = DIRECTION ( 'NONE',  ( 0.0000000000000000000, 1.000000000000000000, 0.0000000000000000000 ) ) ;
#2779 = DIRECTION ( 'NONE',  ( -1.000000000000000000, 0.0000000000000000000, 0.0000000000000000000 ) ) ;
#2780 = ORIENTED_EDGE ( 'NONE', *, *, #3184, .T. ) ;
#2781 = COLOUR_RGB ( '',0.7686274509803920900, 0.7686274509803920900, 0.7686274509803920900 ) ;
#2782 = AXIS2_PLACEMENT_3D ( 'NONE', #4344, #2263, #1227 ) ;
#2783 = CARTESIAN_POINT ( 'NONE',  ( 1.185949315502146600, 0.9248400000000001100, -0.7585667053626864400 ) ) ;
#2784 = ORIENTED_EDGE ( 'NONE', *, *, #507, .T. ) ;
#2785 = DIRECTION ( 'NONE',  ( 0.0000000000000000000, -1.000000000000000000, 1.123385871690053500E-016 ) ) ;
#2786 = VECTOR ( 'NONE', #3755, 1000.000000000000000 ) ;
#2787 = UNCERTAINTY_MEASURE_WITH_UNIT (LENGTH_MEASURE( 1.000000000000000100E-005 ), #3706, 'distance_accuracy_value', 'NONE');
#2788 = ORIENTED_EDGE ( 'NONE', *, *, #1815, .F. ) ;
#2789 = COLOUR_RGB ( '',0.7686274509803920900, 0.7686274509803920900, 0.7686274509803920900 ) ;
#2790 = LINE ( 'NONE', #1693, #921 ) ;
#2791 =( NAMED_UNIT ( * ) PLANE_ANGLE_UNIT ( ) SI_UNIT ( $, .RADIAN. ) );
#2792 = FACE_OUTER_BOUND ( 'NONE', #2421, .T. ) ;
#2793 = EDGE_CURVE ( 'NONE', #1526, #3760, #3912, .T. ) ;
#2794 = DIRECTION ( 'NONE',  ( 0.0000000000000000000, -1.000000000000000000, 0.0000000000000000000 ) ) ;
#2795 = FILL_AREA_STYLE ('',( #4165 ) ) ;
#2796 = VERTEX_POINT ( 'NONE', #3787 ) ;
#2797 = PRESENTATION_STYLE_ASSIGNMENT (( #138 ) ) ;
#2798 = SURFACE_SIDE_STYLE ('',( #3652 ) ) ;
#2799 = CARTESIAN_POINT ( 'NONE',  ( 2.200000000000000200, 0.9499999999999999600, 0.0000000000000000000 ) ) ;
#2800 = VECTOR ( 'NONE', #775, 1000.000000000000100 ) ;
#2801 = AXIS2_PLACEMENT_3D ( 'NONE', #2289, #862, #1930 ) ;
#2802 = ADVANCED_FACE ( 'NONE', ( #1504 ), #2741, .F. ) ;
#2803 = CARTESIAN_POINT ( 'NONE',  ( 1.334848215072952100, 0.9248400000000001100, -0.6876089300856994500 ) ) ;
#2804 = DIRECTION ( 'NONE',  ( 1.000000000000000000, 0.0000000000000000000, 0.0000000000000000000 ) ) ;
#2805 = CARTESIAN_POINT ( 'NONE',  ( 1.356027379594250100, 0.9248400000000001100, -0.7451420310967530300 ) ) ;
#2806 = PRESENTATION_LAYER_ASSIGNMENT (  '', '', ( #2330 ) ) ;
#2807 = PLANE ( 'NONE',  #1238 ) ;
#2808 =( NAMED_UNIT ( * ) PLANE_ANGLE_UNIT ( ) SI_UNIT ( $, .RADIAN. ) );
#2809 = EDGE_CURVE ( 'NONE', #1180, #4228, #2770, .T. ) ;
#2810 = DIRECTION ( 'NONE',  ( -0.2755520632520533400, 0.0000000000000000000, 0.9612861490927331300 ) ) ;
#2811 = AXIS2_PLACEMENT_3D ( 'NONE', #2814, #2832, #3534 ) ;
#2812 = UNCERTAINTY_MEASURE_WITH_UNIT (LENGTH_MEASURE( 1.000000000000000100E-005 ), #2947, 'distance_accuracy_value', 'NONE');
#2813 = CARTESIAN_POINT ( 'NONE',  ( 0.6989301805618689500, 0.9118317411123151300, -1.410180939928998200 ) ) ;
#2814 = CARTESIAN_POINT ( 'NONE',  ( 1.185517590020640700, 0.9248400000000001100, -0.6192949999999999300 ) ) ;
#2815 = VERTEX_POINT ( 'NONE', #2818 ) ;
#2816 = AXIS2_PLACEMENT_3D ( 'NONE', #2489, #3580, #2867 ) ;
#2817 = EDGE_CURVE ( 'NONE', #3162, #41, #471, .T. ) ;
#2818 = CARTESIAN_POINT ( 'NONE',  ( 0.7000000000000000700, 0.9198399999999999900, -1.389680000000000200 ) ) ;
#2819 = ORIENTED_EDGE ( 'NONE', *, *, #1789, .F. ) ;
#2820 = DIRECTION ( 'NONE',  ( 0.0000000000000000000, 0.0000000000000000000, 1.000000000000000000 ) ) ;
#2821 =( LENGTH_UNIT ( ) NAMED_UNIT ( * ) SI_UNIT ( .MILLI., .METRE. ) );
#2822 = DIRECTION ( 'NONE',  ( -1.000000000000000000, 0.0000000000000000000, 0.0000000000000000000 ) ) ;
#2823 = EDGE_CURVE ( 'NONE', #4052, #3607, #2055, .T. ) ;
#2824 = LINE ( 'NONE', #777, #2651 ) ;
#2825 = CARTESIAN_POINT ( 'NONE',  ( 0.6698400000000001000, 0.03015999999999999900, 0.0000000000000000000 ) ) ;
#2826 = ORIENTED_EDGE ( 'NONE', *, *, #406, .F. ) ;
#2827 = EDGE_LOOP ( 'NONE', ( #2372, #3863, #79 ) ) ;
#2828 = COLOUR_RGB ( '',0.7686274509803920900, 0.7686274509803920900, 0.7686274509803920900 ) ;
#2829 = CARTESIAN_POINT ( 'NONE',  ( 1.411588366179693700, 0.9198400000000001000, -0.6192949999999999300 ) ) ;
#2830 = EDGE_LOOP ( 'NONE', ( #2872, #3867, #453, #237, #194, #3874, #2343, #529, #1279, #272, #3409, #1593, #1503, #3540, #3202, #790, #2602, #3699, #3423, #4250, #1726, #205, #3684 ) ) ;
#2831 = FACE_OUTER_BOUND ( 'NONE', #3637, .T. ) ;
#2832 = DIRECTION ( 'NONE',  ( -0.9610674221107062800, 0.0000000000000000000, -0.2763139702539153500 ) ) ;
#2833 = CARTESIAN_POINT ( 'NONE',  ( 0.6698400000000001000, 0.0000000000000000000, 0.0000000000000000000 ) ) ;
#2834 = AXIS2_PLACEMENT_3D ( 'NONE', #2485, #2141, #3178 ) ;
#2835 = ORIENTED_EDGE ( 'NONE', *, *, #1612, .F. ) ;
#2836 = CARTESIAN_POINT ( 'NONE',  ( 0.9516388314291166500, 0.9248400000000001100, -0.7453479527904718300 ) ) ;
#2837 = CARTESIAN_POINT ( 'NONE',  ( 0.7000000000000000700, 0.03015999999999977700, -0.05697444374258156500 ) ) ;
#2838 = PRESENTATION_LAYER_ASSIGNMENT (  '', '', ( #550 ) ) ;
#2839 = ORIENTED_EDGE ( 'NONE', *, *, #3806, .F. ) ;
#2840 = DIRECTION ( 'NONE',  ( 1.000000000000000000, 0.0000000000000000000, 0.0000000000000000000 ) ) ;
#2841 = COLOUR_RGB ( '',0.7686274509803920900, 0.7686274509803920900, 0.7686274509803920900 ) ;
#2842 = CARTESIAN_POINT ( 'NONE',  ( 0.03015999999999999600, 0.9198399999999999900, -0.03015999999999999900 ) ) ;
#2843 = DIRECTION ( 'NONE',  ( 1.000000000000000000, 1.355252715606881500E-016, 0.0000000000000000000 ) ) ;
#2844 = VERTEX_POINT ( 'NONE', #1072 ) ;
#2845 = LINE ( 'NONE', #4408, #544 ) ;
#2846 = VECTOR ( 'NONE', #1272, 1000.000000000000000 ) ;
#2847 = MECHANICAL_DESIGN_GEOMETRIC_PRESENTATION_REPRESENTATION (  '', ( #3485 ), #732 ) ;
#2848 = CARTESIAN_POINT ( 'NONE',  ( 1.501069819438130700, 0.03981906007100178400, -0.03816825888768456800 ) ) ;
#2849 = EDGE_CURVE ( 'NONE', #2763, #2173, #1282, .T. ) ;
#2850 = SURFACE_SIDE_STYLE ('',( #2363 ) ) ;
#2851 = ORIENTED_EDGE ( 'NONE', *, *, #4332, .F. ) ;
#2852 = LINE ( 'NONE', #3221, #1915 ) ;
#2853 = VECTOR ( 'NONE', #2439, 1000.000000000000000 ) ;
#2854 = DIRECTION ( 'NONE',  ( 1.000000000000000000, -0.0000000000000000000, -0.0000000000000000000 ) ) ;
#2855 = EDGE_CURVE ( 'NONE', #4420, #329, #4186, .T. ) ;
#2856 = FILL_AREA_STYLE ('',( #2429 ) ) ;
#2857 = VECTOR ( 'NONE', #2531, 1000.000000000000000 ) ;
#2858 = CARTESIAN_POINT ( 'NONE',  ( 1.499999999999999800, 0.8930255562574179700, -1.419840000000000400 ) ) ;
#2859 = CARTESIAN_POINT ( 'NONE',  ( 1.490322812799942800, 0.9248400000000001100, -0.7449185239158044900 ) ) ;
#2860 = ADVANCED_FACE ( 'NONE', ( #2447 ), #3089, .F. ) ;
#2861 = CARTESIAN_POINT ( 'NONE',  ( 1.499999999999999300, 0.9168405780927070300, -1.416840578092707100 ) ) ;
#2862 = MECHANICAL_DESIGN_GEOMETRIC_PRESENTATION_REPRESENTATION (  '', ( #3615 ), #177 ) ;
#2863 = CARTESIAN_POINT ( 'NONE',  ( 1.500706144435243600, 0.03664814244375826800, -1.408368733500080300 ) ) ;
#2864 = PLANE ( 'NONE',  #4119 ) ;
#2865 = AXIS2_PLACEMENT_3D ( 'NONE', #4360, #465, #2969 ) ;
#2866 = CARTESIAN_POINT ( 'NONE',  ( 0.03015999999999999900, 0.9198399999999999900, -1.419840000000000000 ) ) ;
#2867 = DIRECTION ( 'NONE',  ( 0.0000000000000000000, -0.0000000000000000000, 1.000000000000000000 ) ) ;
#2868 = CARTESIAN_POINT ( 'NONE',  ( 0.8402060757374382200, 0.9248400000000001100, -0.7749822147078639900 ) ) ;
#2869 = EDGE_CURVE ( 'NONE', #3377, #4130, #2658, .T. ) ;
#2870 =( BOUNDED_CURVE ( )  B_SPLINE_CURVE ( 3, ( #2380, #3722, #3076, #981 ),
 .UNSPECIFIED., .F., .F. ) 
 B_SPLINE_CURVE_WITH_KNOTS ( ( 4, 4 ),
 ( 1.570796326794885900, 1.868047688116091900 ),
 .UNSPECIFIED. ) 
 CURVE ( )  GEOMETRIC_REPRESENTATION_ITEM ( )  RATIONAL_B_SPLINE_CURVE ( ( 1.000000000000000000, 0.9926503465430338600, 0.9926503465430338600, 1.000000000000000000 ) ) 
 REPRESENTATION_ITEM ( '' )  );
#2871 = PRESENTATION_LAYER_ASSIGNMENT (  '', '', ( #3334 ) ) ;
#2872 = ORIENTED_EDGE ( 'NONE', *, *, #1170, .T. ) ;
#2873 = CARTESIAN_POINT ( 'NONE',  ( 0.8711712608538162400, 0.9248400000000001100, -0.6192949999999998200 ) ) ;
#2874 = CARTESIAN_POINT ( 'NONE',  ( 1.268045324172430300, 0.9248400000000001100, -0.6876089300856994500 ) ) ;
#2875 = DIRECTION ( 'NONE',  ( 1.000000000000000000, 0.0000000000000000000, 0.0000000000000000000 ) ) ;
#2876 = ORIENTED_EDGE ( 'NONE', *, *, #3364, .T. ) ;
#2877 = EDGE_CURVE ( 'NONE', #4462, #3538, #4244, .T. ) ;
#2878 = DIRECTION ( 'NONE',  ( -1.000000000000000000, 0.0000000000000000000, 0.0000000000000000000 ) ) ;
#2879 = ORIENTED_EDGE ( 'NONE', *, *, #1263, .T. ) ;
#2880 = FILL_AREA_STYLE ('',( #2536 ) ) ;
#2881 = CYLINDRICAL_SURFACE ( 'NONE', #1334, 0.03015999999999999600 ) ;
#2882 = VERTEX_POINT ( 'NONE', #3074 ) ;
#2883 = CARTESIAN_POINT ( 'NONE',  ( 1.500002264867093900, 0.03052961013716562800, -0.05561274264349758800 ) ) ;
#2884 =( GEOMETRIC_REPRESENTATION_CONTEXT ( 3 ) GLOBAL_UNCERTAINTY_ASSIGNED_CONTEXT ( ( #1045 ) ) GLOBAL_UNIT_ASSIGNED_CONTEXT ( ( #371, #2519, #2129 ) ) REPRESENTATION_CONTEXT ( 'NONE', 'WORKASPACE' ) );
#2885 = ORIENTED_EDGE ( 'NONE', *, *, #445, .T. ) ;
#2886 = COLOUR_RGB ( '',0.7686274509803920900, 0.7686274509803920900, 0.7686274509803920900 ) ;
#2887 = ORIENTED_EDGE ( 'NONE', *, *, #3612, .T. ) ;
#2888 = CARTESIAN_POINT ( 'NONE',  ( 2.200000000000000200, 0.0000000000000000000, -1.419840000000000000 ) ) ;
#2889 = CARTESIAN_POINT ( 'NONE',  ( 1.499985399699493200, 0.05358313352535752600, -0.03073234595790071800 ) ) ;
#2890 = ORIENTED_EDGE ( 'NONE', *, *, #2287, .F. ) ;
#2891 = CARTESIAN_POINT ( 'NONE',  ( 0.9159717739674777500, 0.9248400000000001100, -0.7749822147078639900 ) ) ;
#2892 = AXIS2_PLACEMENT_3D ( 'NONE', #4303, #2212, #1905 ) ;
#2893 = ORIENTED_EDGE ( 'NONE', *, *, #4043, .F. ) ;
#2894 = FACE_OUTER_BOUND ( 'NONE', #854, .T. ) ;
#2895 = CARTESIAN_POINT ( 'NONE',  ( 1.106831524996642100, 0.9248400000000001100, -0.6637572681852819100 ) ) ;
#2896 =( NAMED_UNIT ( * ) PLANE_ANGLE_UNIT ( ) SI_UNIT ( $, .RADIAN. ) );
#2897 = UNCERTAINTY_MEASURE_WITH_UNIT (LENGTH_MEASURE( 1.000000000000000100E-005 ), #3616, 'distance_accuracy_value', 'NONE');
#2898 = EDGE_CURVE ( 'NONE', #4228, #3004, #1616, .T. ) ;
#2899 = PRESENTATION_STYLE_ASSIGNMENT (( #2094 ) ) ;
#2900 =( NAMED_UNIT ( * ) PLANE_ANGLE_UNIT ( ) SI_UNIT ( $, .RADIAN. ) );
#2901 = ORIENTED_EDGE ( 'NONE', *, *, #2084, .T. ) ;
#2902 = VECTOR ( 'NONE', #4386, 1000.000000000000000 ) ;
#2903 = LINE ( 'NONE', #3618, #208 ) ;
#2904 = FILL_AREA_STYLE ('',( #1157 ) ) ;
#2905 = LINE ( 'NONE', #3366, #3936 ) ;
#2906 = VERTEX_POINT ( 'NONE', #3539 ) ;
#2907 = CIRCLE ( 'NONE', #938, 0.03015999999999999600 ) ;
#2908 = MECHANICAL_DESIGN_GEOMETRIC_PRESENTATION_REPRESENTATION (  '', ( #3976 ), #68 ) ;
#2909 = VECTOR ( 'NONE', #2423, 1000.000000000000000 ) ;
#2910 = EDGE_CURVE ( 'NONE', #4305, #235, #1122, .T. ) ;
#2911 = LINE ( 'NONE', #2617, #988 ) ;
#2912 = CARTESIAN_POINT ( 'NONE',  ( 2.169840000000000200, 0.03015999999999999900, -0.03015999999999999900 ) ) ;
#2913 = COLOUR_RGB ( '',0.7686274509803920900, 0.7686274509803920900, 0.7686274509803920900 ) ;
#2914 = PRESENTATION_LAYER_ASSIGNMENT (  '', '', ( #3762 ) ) ;
#2915 = DIRECTION ( 'NONE',  ( 1.000000000000000000, -0.0000000000000000000, -0.0000000000000000000 ) ) ;
#2916 = AXIS2_PLACEMENT_3D ( 'NONE', #611, #950, #1661 ) ;
#2917 = SURFACE_STYLE_USAGE ( .BOTH. , #4287 ) ;
#2918 = CARTESIAN_POINT ( 'NONE',  ( 1.500023110991173000, 0.04942254363304853000, -1.417978254858581100 ) ) ;
#2919 = CARTESIAN_POINT ( 'NONE',  ( 1.501322662047238200, 0.03899365947941345300, -1.411006340520586400 ) ) ;
#2920 = ADVANCED_FACE ( 'NONE', ( #1675 ), #3812, .T. ) ;
#2921 = STYLED_ITEM ( 'NONE', ( #1063 ), #3358 ) ;
#2922 =( LENGTH_UNIT ( ) NAMED_UNIT ( * ) SI_UNIT ( .MILLI., .METRE. ) );
#2923 = VERTEX_POINT ( 'NONE', #3594 ) ;
#2924 = UNCERTAINTY_MEASURE_WITH_UNIT (LENGTH_MEASURE( 1.000000000000000100E-005 ), #1975, 'distance_accuracy_value', 'NONE');
#2925 = CARTESIAN_POINT ( 'NONE',  ( 1.530159999999999500, 0.03015999999999999900, -1.419840000000000000 ) ) ;
#2926 = VECTOR ( 'NONE', #3038, 1000.000000000000000 ) ;
#2927 = ORIENTED_EDGE ( 'NONE', *, *, #3841, .F. ) ;
#2928 = AXIS2_PLACEMENT_3D ( 'NONE', #1668, #675, #309 ) ;
#2929 = DIRECTION ( 'NONE',  ( -0.9612861490927331300, 0.0000000000000000000, -0.2755520632520533400 ) ) ;
#2930 = CARTESIAN_POINT ( 'NONE',  ( 0.7482703236758261300, 0.9248400000000001100, -0.6192949999999999300 ) ) ;
#2931 = ORIENTED_EDGE ( 'NONE', *, *, #827, .F. ) ;
#2932 = CARTESIAN_POINT ( 'NONE',  ( 1.161995458704340000, 0.9248400000000001100, -0.7749822147078639900 ) ) ;
#2933 = DIRECTION ( 'NONE',  ( 0.0000000000000000000, -1.000000000000000000, 0.0000000000000000000 ) ) ;
#2935 = ORIENTED_EDGE ( 'NONE', *, *, #1727, .T. ) ;
#2934 = EDGE_CURVE ( 'NONE', #577, #716, #4404, .T. ) ;
#2936 = PRESENTATION_STYLE_ASSIGNMENT (( #1301 ) ) ;
#2937 = ORIENTED_EDGE ( 'NONE', *, *, #1900, .F. ) ;
#2938 = CARTESIAN_POINT ( 'NONE',  ( 1.334848215072952100, 0.9198400000000001000, -0.6876089300856994500 ) ) ;
#2939 = DIRECTION ( 'NONE',  ( 0.0000000000000000000, -1.000000000000000000, 0.0000000000000000000 ) ) ;
#2940 = ORIENTED_EDGE ( 'NONE', *, *, #507, .F. ) ;
#2941 = COLOUR_RGB ( '',0.7686274509803920900, 0.7686274509803920900, 0.7686274509803920900 ) ;
#2942 = CARTESIAN_POINT ( 'NONE',  ( 1.447697090170249700, 0.9198400000000001000, -0.7449219079067641600 ) ) ;
#2943 = VERTEX_POINT ( 'NONE', #4282 ) ;
#2944 = FILL_AREA_STYLE_COLOUR ( '', #3227 ) ;
#2945 = PRESENTATION_STYLE_ASSIGNMENT (( #1077 ) ) ;
#2946 = CARTESIAN_POINT ( 'NONE',  ( 1.330286694524741800, 0.9248400000000001100, -0.6489202676364155300 ) ) ;
#2947 =( LENGTH_UNIT ( ) NAMED_UNIT ( * ) SI_UNIT ( .MILLI., .METRE. ) );
#2948 = DIRECTION ( 'NONE',  ( 0.0000000000000000000, 0.0000000000000000000, -1.000000000000000000 ) ) ;
#2949 = STYLED_ITEM ( 'NONE', ( #1902 ), #2413 ) ;
#2950 = ORIENTED_EDGE ( 'NONE', *, *, #3416, .F. ) ;
#2951 = LINE ( 'NONE', #2974, #4425 ) ;
#2952 = CARTESIAN_POINT ( 'NONE',  ( 0.03015999999999999600, 0.03015999999999999900, -1.450000000000000000 ) ) ;
#2953 = ORIENTED_EDGE ( 'NONE', *, *, #4213, .F. ) ;
#2954 = PLANE ( 'NONE',  #1047 ) ;
#2955 = CIRCLE ( 'NONE', #1325, 0.03015999999999999600 ) ;
#2956 = FACE_OUTER_BOUND ( 'NONE', #3579, .T. ) ;
#2957 = EDGE_CURVE ( 'NONE', #2500, #4052, #3694, .T. ) ;
#2958 =( GEOMETRIC_REPRESENTATION_CONTEXT ( 3 ) GLOBAL_UNCERTAINTY_ASSIGNED_CONTEXT ( ( #2140 ) ) GLOBAL_UNIT_ASSIGNED_CONTEXT ( ( #1, #724, #1417 ) ) REPRESENTATION_CONTEXT ( 'NONE', 'WORKASPACE' ) );
#2959 = CARTESIAN_POINT ( 'NONE',  ( 1.403358125804999900, 0.9198400000000001000, -0.7449219079071504000 ) ) ;
#2960 = CARTESIAN_POINT ( 'NONE',  ( 1.530159999999999500, 0.03015999999999999900, -0.03015999999999999900 ) ) ;
#2961 = DIRECTION ( 'NONE',  ( -0.4668459304955247000, 0.0000000000000000000, 0.8843386665637592600 ) ) ;
#2962 = PLANE ( 'NONE',  #2185 ) ;
#2963 = EDGE_CURVE ( 'NONE', #4246, #1130, #71, .T. ) ;
#2964 = CARTESIAN_POINT ( 'NONE',  ( -0.0001460746893406717300, 0.9248399999999998800, -0.09573588915504364900 ) ) ;
#2965 = SURFACE_SIDE_STYLE ('',( #3837 ) ) ;
#2966 = CARTESIAN_POINT ( 'NONE',  ( 2.169840000000000200, 0.9198399999999999900, -0.03015999999999999900 ) ) ;
#2967 = CARTESIAN_POINT ( 'NONE',  ( 0.7487418134714320900, 0.9198400000000001000, -0.7749822147078639900 ) ) ;
#2968 = MECHANICAL_DESIGN_GEOMETRIC_PRESENTATION_REPRESENTATION (  '', ( #3762 ), #789 ) ;
#2969 = DIRECTION ( 'NONE',  ( 1.000000000000000000, 0.0000000000000000000, 0.0000000000000000000 ) ) ;
#2970 = DIRECTION ( 'NONE',  ( 0.0000000000000000000, -1.000000000000000000, 0.0000000000000000000 ) ) ;
#2971 =( NAMED_UNIT ( * ) SI_UNIT ( $, .STERADIAN. ) SOLID_ANGLE_UNIT ( ) );
#2972 = ORIENTED_EDGE ( 'NONE', *, *, #2720, .F. ) ;
#2973 = CARTESIAN_POINT ( 'NONE',  ( 1.530159999999999500, 0.9198399999999999900, -1.419840000000000000 ) ) ;
#2974 = CARTESIAN_POINT ( 'NONE',  ( 2.200000000000000200, 0.03015999999999999900, 0.0000000000000000000 ) ) ;
#2975 = FILL_AREA_STYLE ('',( #4028 ) ) ;
#2976 = VECTOR ( 'NONE', #3146, 1000.000000000000000 ) ;
#2977 = LINE ( 'NONE', #4108, #1993 ) ;
#2978 = VERTEX_POINT ( 'NONE', #809 ) ;
#2979 = FACE_OUTER_BOUND ( 'NONE', #4475, .T. ) ;
#2980 = STYLED_ITEM ( 'NONE', ( #951 ), #3031 ) ;
#2981 = DIRECTION ( 'NONE',  ( 0.0000000000000000000, 0.0000000000000000000, 1.000000000000000000 ) ) ;
#2982 = ORIENTED_EDGE ( 'NONE', *, *, #1544, .F. ) ;
#2983 = DIRECTION ( 'NONE',  ( 0.0000000000000000000, 1.000000000000000000, 0.0000000000000000000 ) ) ;
#2984 = ORIENTED_EDGE ( 'NONE', *, *, #2934, .T. ) ;
#2985 = FACE_OUTER_BOUND ( 'NONE', #858, .T. ) ;
#2986 = ORIENTED_EDGE ( 'NONE', *, *, #2047, .T. ) ;
#2987 = EDGE_CURVE ( 'NONE', #2046, #2612, #3313, .T. ) ;
#2988 = COLOUR_RGB ( '',0.7686274509803920900, 0.7686274509803920900, 0.7686274509803920900 ) ;
#2989 = FILL_AREA_STYLE ('',( #216 ) ) ;
#2990 = DIRECTION ( 'NONE',  ( -0.2732148821746424600, 0.0000000000000000000, 0.9619530280415443700 ) ) ;
#2991 = ORIENTED_EDGE ( 'NONE', *, *, #248, .F. ) ;
#2992 = ORIENTED_EDGE ( 'NONE', *, *, #1315, .T. ) ;
#2993 = PRESENTATION_STYLE_ASSIGNMENT (( #2724 ) ) ;
#2994 = AXIS2_PLACEMENT_3D ( 'NONE', #4545, #3133, #2091 ) ;
#2995 = EDGE_LOOP ( 'NONE', ( #3552, #2496, #4039, #3198 ) ) ;
#2996 = DIRECTION ( 'NONE',  ( -0.0000000000000000000, -1.000000000000000000, -0.0000000000000000000 ) ) ;
#2997 = CIRCLE ( 'NONE', #1120, 0.03015999999999999600 ) ;
#2998 = SURFACE_STYLE_USAGE ( .BOTH. , #3729 ) ;
#2999 = ORIENTED_EDGE ( 'NONE', *, *, #827, .T. ) ;
#3000 = DIRECTION ( 'NONE',  ( -1.000000000000000000, -0.0000000000000000000, 0.0000000000000000000 ) ) ;
#3001 = AXIS2_PLACEMENT_3D ( 'NONE', #1577, #2996, #2981 ) ;
#3002 = LINE ( 'NONE', #3410, #36 ) ;
#3003 = VECTOR ( 'NONE', #373, 1000.000000000000000 ) ;
#3004 = VERTEX_POINT ( 'NONE', #1105 ) ;
#3005 = CIRCLE ( 'NONE', #4554, 0.03015999999999999900 ) ;
#3006 = FACE_OUTER_BOUND ( 'NONE', #2300, .T. ) ;
#3007 =( NAMED_UNIT ( * ) SI_UNIT ( $, .STERADIAN. ) SOLID_ANGLE_UNIT ( ) );
#3008 = DIRECTION ( 'NONE',  ( 0.0000000000000000000, 0.0000000000000000000, -1.000000000000000000 ) ) ;
#3009 = UNCERTAINTY_MEASURE_WITH_UNIT (LENGTH_MEASURE( 1.000000000000000100E-005 ), #1514, 'distance_accuracy_value', 'NONE');
#3010 = COLOUR_RGB ( '',0.7686274509803920900, 0.7686274509803920900, 0.7686274509803920900 ) ;
#3011 =( GEOMETRIC_REPRESENTATION_CONTEXT ( 3 ) GLOBAL_UNCERTAINTY_ASSIGNED_CONTEXT ( ( #133 ) ) GLOBAL_UNIT_ASSIGNED_CONTEXT ( ( #2116, #4193, #695 ) ) REPRESENTATION_CONTEXT ( 'NONE', 'WORKASPACE' ) );
#3012 = ORIENTED_EDGE ( 'NONE', *, *, #1484, .F. ) ;
#3013 = VECTOR ( 'NONE', #2779, 1000.000000000000000 ) ;
#3014 = DIRECTION ( 'NONE',  ( 1.000000000000000000, 0.0000000000000000000, 0.0000000000000000000 ) ) ;
#3015 = DIRECTION ( 'NONE',  ( 0.0000000000000000000, 0.0000000000000000000, -1.000000000000000000 ) ) ;
#3016 = PRESENTATION_LAYER_ASSIGNMENT (  '', '', ( #1605 ) ) ;
#3017 = CARTESIAN_POINT ( 'NONE',  ( 0.7000007457974020100, 0.9197160401124263600, -0.05716736695039733400 ) ) ;
#3018 = CYLINDRICAL_SURFACE ( 'NONE', #929, 0.03015999999999999900 ) ;
#3019 = DIRECTION ( 'NONE',  ( 1.000000000000000000, 0.0000000000000000000, 0.0000000000000000000 ) ) ;
#3020 = ADVANCED_FACE ( 'NONE', ( #1008 ), #1846, .F. ) ;
#3021 = EDGE_CURVE ( 'NONE', #1895, #1293, #2824, .T. ) ;
#3022 = CARTESIAN_POINT ( 'NONE',  ( 1.030988270753337800, 0.9198400000000001000, -0.7749822147078639900 ) ) ;
#3023 = DIRECTION ( 'NONE',  ( 0.0000000000000000000, 0.0000000000000000000, 1.000000000000000000 ) ) ;
#3024 = DIRECTION ( 'NONE',  ( 0.8958676361826809500, 0.0000000000000000000, 0.4443210308329503800 ) ) ;
#3025 = DIRECTION ( 'NONE',  ( 1.000000000000000000, -0.0000000000000000000, -0.0000000000000000000 ) ) ;
#3026 =( GEOMETRIC_REPRESENTATION_CONTEXT ( 3 ) GLOBAL_UNCERTAINTY_ASSIGNED_CONTEXT ( ( #226 ) ) GLOBAL_UNIT_ASSIGNED_CONTEXT ( ( #3686, #4004, #4333 ) ) REPRESENTATION_CONTEXT ( 'NONE', 'WORKASPACE' ) );
#3027 = UNCERTAINTY_MEASURE_WITH_UNIT (LENGTH_MEASURE( 1.000000000000000100E-005 ), #4110, 'distance_accuracy_value', 'NONE');
#3028 = ORIENTED_EDGE ( 'NONE', *, *, #1595, .T. ) ;
#3029 = CARTESIAN_POINT ( 'NONE',  ( 0.8914412866102086100, 0.9248400000000001100, -0.7749822147078639900 ) ) ;
#3030 = EDGE_LOOP ( 'NONE', ( #1731, #1767, #480 ) ) ;
#3031 = MANIFOLD_SOLID_BREP ( 'Scale1[1]', #1283 ) ;
#3032 = CARTESIAN_POINT ( 'NONE',  ( 1.530159999999999500, 0.03015999999999999900, -1.450000000000000000 ) ) ;
#3033 = ORIENTED_EDGE ( 'NONE', *, *, #958, .T. ) ;
#3034 = EDGE_CURVE ( 'NONE', #4298, #4348, #2389, .T. ) ;
#3035 = VERTEX_POINT ( 'NONE', #3578 ) ;
#3036 = PRESENTATION_LAYER_ASSIGNMENT (  '', '', ( #3744 ) ) ;
#3037 = DIRECTION ( 'NONE',  ( 0.9999999968487352000, 0.0000000000000000000, 7.938847109670267000E-005 ) ) ;
#3038 = DIRECTION ( 'NONE',  ( 0.0000000000000000000, -1.000000000000000000, 0.0000000000000000000 ) ) ;
#3039 = ORIENTED_EDGE ( 'NONE', *, *, #1402, .T. ) ;
#3040 = VERTEX_POINT ( 'NONE', #100 ) ;
#3041 = SPHERICAL_SURFACE ( 'NONE', #2626, 0.03015999999999999900 ) ;
#3042 = SURFACE_SIDE_STYLE ('',( #855 ) ) ;
#3043 = MECHANICAL_DESIGN_GEOMETRIC_PRESENTATION_REPRESENTATION (  '', ( #3277 ), #4451 ) ;
#3045 = ORIENTED_EDGE ( 'NONE', *, *, #3895, .F. ) ;
#3044 = EDGE_CURVE ( 'NONE', #2978, #4088, #2001, .T. ) ;
#3046 = FILL_AREA_STYLE_COLOUR ( '', #2128 ) ;
#3047 = CARTESIAN_POINT ( 'NONE',  ( 0.7740403586283415300, 0.9198400000000001000, -0.7085911671949841600 ) ) ;
#3048 = FILL_AREA_STYLE ('',( #3094 ) ) ;
#3049 = CARTESIAN_POINT ( 'NONE',  ( 1.010035383403073300, 0.9198400000000001000, -0.7163901554708268500 ) ) ;
#3050 = EDGE_LOOP ( 'NONE', ( #3778, #2464, #4062, #1585, #534, #2931, #4243, #1565 ) ) ;
#3051 = FACE_OUTER_BOUND ( 'NONE', #2280, .T. ) ;
#3052 = FACE_OUTER_BOUND ( 'NONE', #2206, .T. ) ;
#3053 = VECTOR ( 'NONE', #1307, 1000.000000000000000 ) ;
#3054 = FILL_AREA_STYLE ('',( #3781 ) ) ;
#3055 = ORIENTED_EDGE ( 'NONE', *, *, #3342, .F. ) ;
#3056 = SURFACE_STYLE_USAGE ( .BOTH. , #2361 ) ;
#3057 = FACE_OUTER_BOUND ( 'NONE', #1002, .T. ) ;
#3058 = PRESENTATION_LAYER_ASSIGNMENT (  '', '', ( #3205 ) ) ;
#3059 = ORIENTED_EDGE ( 'NONE', *, *, #2957, .F. ) ;
#3060 =( BOUNDED_CURVE ( )  B_SPLINE_CURVE ( 3, ( #3917, #2196, #86, #3242 ),
 .UNSPECIFIED., .F., .T. ) 
 B_SPLINE_CURVE_WITH_KNOTS ( ( 4, 4 ),
 ( 1.570796326794887700, 1.868047688116097000 ),
 .UNSPECIFIED. ) 
 CURVE ( )  GEOMETRIC_REPRESENTATION_ITEM ( )  RATIONAL_B_SPLINE_CURVE ( ( 1.000000000000000000, 0.9926503465430336300, 0.9926503465430336300, 1.000000000000000000 ) ) 
 REPRESENTATION_ITEM ( '' )  );
#3061 = CARTESIAN_POINT ( 'NONE',  ( 0.6993472215294405100, 0.9131931645808436500, -0.04118048353967066600 ) ) ;
#3062 = DIRECTION ( 'NONE',  ( 0.2793947940878428500, 0.0000000000000000000, -0.9601763114327556100 ) ) ;
#3063 = CARTESIAN_POINT ( 'NONE',  ( 1.112427223412267000, 0.9248400000000001100, -0.6192949999999999300 ) ) ;
#3064 = ADVANCED_FACE ( 'NONE', ( #1228 ), #2711, .T. ) ;
#3065 = CARTESIAN_POINT ( 'NONE',  ( 1.022571517396287900, 0.9198400000000001000, -0.7453479527904718300 ) ) ;
#3066 = PRESENTATION_LAYER_ASSIGNMENT (  '', '', ( #2980 ) ) ;
#3067 = FACE_OUTER_BOUND ( 'NONE', #185, .T. ) ;
#3068 =( LENGTH_UNIT ( ) NAMED_UNIT ( * ) SI_UNIT ( .MILLI., .METRE. ) );
#3069 =( LENGTH_UNIT ( ) NAMED_UNIT ( * ) SI_UNIT ( .MILLI., .METRE. ) );
#3070 = DIRECTION ( 'NONE',  ( 0.0000000000000000000, 0.0000000000000000000, -1.000000000000000000 ) ) ;
#3071 = FACE_OUTER_BOUND ( 'NONE', #4484, .T. ) ;
#3072 = AXIS2_PLACEMENT_3D ( 'NONE', #3124, #1718, #4172 ) ;
#3073 = EDGE_CURVE ( 'NONE', #780, #1450, #3636, .T. ) ;
#3074 = CARTESIAN_POINT ( 'NONE',  ( 1.046517133358396700, 0.9198400000000001000, -0.7749822147078639900 ) ) ;
#3075 = SURFACE_SIDE_STYLE ('',( #1478 ) ) ;
#3076 = CARTESIAN_POINT ( 'NONE',  ( 0.6995558482897681300, 0.03612577674720100800, -0.03612577674720100800 ) ) ;
#3077 = PLANE ( 'NONE',  #1989 ) ;
#3078 = DIRECTION ( 'NONE',  ( 0.0000000000000000000, 0.0000000000000000000, -1.000000000000000000 ) ) ;
#3079 = EDGE_CURVE ( 'NONE', #1561, #4335, #1881, .T. ) ;
#3080 = PLANE ( 'NONE',  #912 ) ;
#3081 = ORIENTED_EDGE ( 'NONE', *, *, #2297, .T. ) ;
#3082 = DIRECTION ( 'NONE',  ( 0.4443210308329503800, 0.0000000000000000000, -0.8958676361826809500 ) ) ;
#3083 = DIRECTION ( 'NONE',  ( -1.000000000000000000, 1.355252715606881500E-016, 0.0000000000000000000 ) ) ;
#3084 = MECHANICAL_DESIGN_GEOMETRIC_PRESENTATION_REPRESENTATION (  '', ( #2767 ), #1419 ) ;
#3085 = PRESENTATION_STYLE_ASSIGNMENT (( #3056 ) ) ;
#3086 = ADVANCED_FACE ( 'NONE', ( #518 ), #3655, .F. ) ;
#3087 = B_SPLINE_CURVE_WITH_KNOTS ( 'NONE', 3,
 ( #4277, #1796, #2468, #4416, #288, #4288, #2883, #4526, #2571, #1202 ),
 .UNSPECIFIED., .F., .F.,
 ( 4, 3, 3, 4 ),
 ( 0.0000000000000000000, 9.493065180756495400E-006, 1.893605998182675900E-005, 2.360435136841278200E-005 ),
 .UNSPECIFIED. ) ;
#3088 = VERTEX_POINT ( 'NONE', #1937 ) ;
#3089 = PLANE ( 'NONE',  #2283 ) ;
#3090 =( NAMED_UNIT ( * ) SI_UNIT ( $, .STERADIAN. ) SOLID_ANGLE_UNIT ( ) );
#3091 = ORIENTED_EDGE ( 'NONE', *, *, #1658, .T. ) ;
#3092 =( GEOMETRIC_REPRESENTATION_CONTEXT ( 3 ) GLOBAL_UNCERTAINTY_ASSIGNED_CONTEXT ( ( #1773 ) ) GLOBAL_UNIT_ASSIGNED_CONTEXT ( ( #3127, #3528, #3467 ) ) REPRESENTATION_CONTEXT ( 'NONE', 'WORKASPACE' ) );
#3093 = CARTESIAN_POINT ( 'NONE',  ( 0.7000000000000000700, 0.03015999999999999900, 0.0000000000000000000 ) ) ;
#3094 = FILL_AREA_STYLE_COLOUR ( '', #1193 ) ;
#3095 = EDGE_LOOP ( 'NONE', ( #2927, #1530, #401, #1942, #3747, #3418, #2122, #2551, #2006, #421, #698 ) ) ;
#3096 = SURFACE_STYLE_FILL_AREA ( #3189 ) ;
#3097 = DIRECTION ( 'NONE',  ( 1.000000000000000000, 0.0000000000000000000, 0.0000000000000000000 ) ) ;
#3098 = ORIENTED_EDGE ( 'NONE', *, *, #549, .F. ) ;
#3099 = PRESENTATION_STYLE_ASSIGNMENT (( #1256 ) ) ;
#3100 = CARTESIAN_POINT ( 'NONE',  ( 1.321880355598389800, 0.9248400000000001100, -0.6192949999999999300 ) ) ;
#3101 = EDGE_CURVE ( 'NONE', #3165, #128, #1780, .T. ) ;
#3102 =( GEOMETRIC_REPRESENTATION_CONTEXT ( 3 ) GLOBAL_UNCERTAINTY_ASSIGNED_CONTEXT ( ( #843 ) ) GLOBAL_UNIT_ASSIGNED_CONTEXT ( ( #765, #30, #1812 ) ) REPRESENTATION_CONTEXT ( 'NONE', 'WORKASPACE' ) );
#3103 = ORIENTED_EDGE ( 'NONE', *, *, #2760, .T. ) ;
#3104 = LINE ( 'NONE', #1940, #311 ) ;
#3105 = COLOUR_RGB ( '',0.7686274509803920900, 0.7686274509803920900, 0.7686274509803920900 ) ;
#3106 =( NAMED_UNIT ( * ) PLANE_ANGLE_UNIT ( ) SI_UNIT ( $, .RADIAN. ) );
#3107 = ORIENTED_EDGE ( 'NONE', *, *, #2202, .T. ) ;
#3108 = FACE_OUTER_BOUND ( 'NONE', #3478, .T. ) ;
#3109 = CIRCLE ( 'NONE', #3405, 0.03015999999999999900 ) ;
#3110 = EDGE_CURVE ( 'NONE', #2620, #2500, #4458, .T. ) ;
#3111 = FILL_AREA_STYLE ('',( #692 ) ) ;
#3112 = EDGE_LOOP ( 'NONE', ( #2901, #3497, #906, #2668 ) ) ;
#3113 = SURFACE_STYLE_FILL_AREA ( #1657 ) ;
#3114 =( LENGTH_UNIT ( ) NAMED_UNIT ( * ) SI_UNIT ( .MILLI., .METRE. ) );
#3115 = CIRCLE ( 'NONE', #4340, 0.03015999999999999900 ) ;
#3116 = SURFACE_SIDE_STYLE ('',( #2677 ) ) ;
#3117 = VECTOR ( 'NONE', #3062, 999.9999999999998900 ) ;
#3118 = VERTEX_POINT ( 'NONE', #1893 ) ;
#3119 = FACE_OUTER_BOUND ( 'NONE', #3095, .T. ) ;
#3120 =( LENGTH_UNIT ( ) NAMED_UNIT ( * ) SI_UNIT ( .MILLI., .METRE. ) );
#3121 = FILL_AREA_STYLE_COLOUR ( '', #3730 ) ;
#3122 = ORIENTED_EDGE ( 'NONE', *, *, #2431, .T. ) ;
#3123 = AXIS2_PLACEMENT_3D ( 'NONE', #2644, #1966, #2990 ) ;
#3124 = CARTESIAN_POINT ( 'NONE',  ( 0.7740403586283415300, 0.9248400000000001100, -0.7085911671949841600 ) ) ;
#3125 = CARTESIAN_POINT ( 'NONE',  ( 0.6995558482897681300, 0.9138742232527987700, -1.413874223252798800 ) ) ;
#3126 = CARTESIAN_POINT ( 'NONE',  ( 0.6698400000000001000, 0.9499999999999999600, -0.03015999999999999600 ) ) ;
#3127 =( LENGTH_UNIT ( ) NAMED_UNIT ( * ) SI_UNIT ( .MILLI., .METRE. ) );
#3128 = EDGE_CURVE ( 'NONE', #3932, #2690, #3906, .T. ) ;
#3129 = AXIS2_PLACEMENT_3D ( 'NONE', #136, #3343, #865 ) ;
#3130 = FACE_OUTER_BOUND ( 'NONE', #2220, .T. ) ;
#3131 = CARTESIAN_POINT ( 'NONE',  ( 2.200000000000000200, 0.03015999999999999900, -0.03015999999999999900 ) ) ;
#3132 = CARTESIAN_POINT ( 'NONE',  ( 0.7000000000000001800, 0.0000000000000000000, -1.419840000000000400 ) ) ;
#3133 = DIRECTION ( 'NONE',  ( 7.938847109670271000E-005, 0.0000000000000000000, -0.9999999968487353100 ) ) ;
#3134 = PRESENTATION_LAYER_ASSIGNMENT (  '', '', ( #3976 ) ) ;
#3135 = EDGE_CURVE ( 'NONE', #2119, #850, #2762, .T. ) ;
#3136 = CARTESIAN_POINT ( 'NONE',  ( 0.03015999999999999600, 0.9499999999999999600, 0.0000000000000000000 ) ) ;
#3137 = FILL_AREA_STYLE ('',( #1057 ) ) ;
#3138 = CARTESIAN_POINT ( 'NONE',  ( 1.330286694524741800, 0.9198400000000001000, -0.6489202676364155300 ) ) ;
#3139 = ORIENTED_EDGE ( 'NONE', *, *, #2202, .F. ) ;
#3140 = MECHANICAL_DESIGN_GEOMETRIC_PRESENTATION_REPRESENTATION (  '', ( #4168 ), #2117 ) ;
#3141 = SURFACE_SIDE_STYLE ('',( #3174 ) ) ;
#3142 = B_SPLINE_CURVE_WITH_KNOTS ( 'NONE', 3,
 ( #2481, #761, #1060, #3175, #2118, #4260, #3851, #1412, #3157, #1441 ),
 .UNSPECIFIED., .F., .F.,
 ( 4, 3, 3, 4 ),
 ( 0.0000000000000000000, 1.003666877225995600E-005, 2.009406401134229900E-005, 2.363098448886297600E-005 ),
 .UNSPECIFIED. ) ;
#3143 = EDGE_LOOP ( 'NONE', ( #448, #2102, #1068, #2780 ) ) ;
#3144 = DIRECTION ( 'NONE',  ( 0.0000000000000000000, 0.0000000000000000000, -1.000000000000000000 ) ) ;
#3145 = SURFACE_SIDE_STYLE ('',( #553 ) ) ;
#3146 = DIRECTION ( 'NONE',  ( -1.000000000000000000, 0.0000000000000000000, 0.0000000000000000000 ) ) ;
#3147 = ORIENTED_EDGE ( 'NONE', *, *, #1634, .F. ) ;
#3148 = VECTOR ( 'NONE', #2171, 1000.000000000000000 ) ;
#3149 = ORIENTED_EDGE ( 'NONE', *, *, #269, .F. ) ;
#3150 = ORIENTED_EDGE ( 'NONE', *, *, #4399, .T. ) ;
#3151 = DIRECTION ( 'NONE',  ( 0.2759782365590801000, 0.0000000000000000000, -0.9611638845408936300 ) ) ;
#3152 = ORIENTED_EDGE ( 'NONE', *, *, #2193, .T. ) ;
#3153 = MECHANICAL_DESIGN_GEOMETRIC_PRESENTATION_REPRESENTATION (  '', ( #2921 ), #2258 ) ;
#3154 = SURFACE_STYLE_FILL_AREA ( #1655 ) ;
#3155 = CARTESIAN_POINT ( 'NONE',  ( 1.204254097212066600, 0.9248400000000001100, -0.6192949999999999300 ) ) ;
#3156 = DIRECTION ( 'NONE',  ( 1.000000000000000000, 0.0000000000000000000, 0.0000000000000000000 ) ) ;
#3157 = CARTESIAN_POINT ( 'NONE',  ( 0.6989301805618689500, 0.03981906007100170100, -1.411831741112315400 ) ) ;
#3158 = ORIENTED_EDGE ( 'NONE', *, *, #1111, .T. ) ;
#3159 = CIRCLE ( 'NONE', #2635, 0.03015999999999999600 ) ;
#3160 = MECHANICAL_DESIGN_GEOMETRIC_PRESENTATION_REPRESENTATION (  '', ( #1139 ), #4278 ) ;
#3161 = DIRECTION ( 'NONE',  ( 0.0000000000000000000, -1.000000000000000000, 0.0000000000000000000 ) ) ;
#3162 = VERTEX_POINT ( 'NONE', #3966 ) ;
#3163 = CIRCLE ( 'NONE', #27, 0.03015999999999999600 ) ;
#3164 = CIRCLE ( 'NONE', #4242, 0.03015999999999999600 ) ;
#3165 = VERTEX_POINT ( 'NONE', #3316 ) ;
#3166 = EDGE_LOOP ( 'NONE', ( #2025, #543, #2819, #1776 ) ) ;
#3167 = FACE_OUTER_BOUND ( 'NONE', #1018, .T. ) ;
#3168 = DIRECTION ( 'NONE',  ( -0.0000000000000000000, -1.000000000000000000, -0.0000000000000000000 ) ) ;
#3169 = EDGE_CURVE ( 'NONE', #2340, #4335, #3807, .T. ) ;
#3170 = CARTESIAN_POINT ( 'NONE',  ( 2.200000000000000200, 0.9198399999999999900, -0.03015999999999999900 ) ) ;
#3171 =( NAMED_UNIT ( * ) SI_UNIT ( $, .STERADIAN. ) SOLID_ANGLE_UNIT ( ) );
#3172 = FACE_OUTER_BOUND ( 'NONE', #8, .T. ) ;
#3173 =( NAMED_UNIT ( * ) SI_UNIT ( $, .STERADIAN. ) SOLID_ANGLE_UNIT ( ) );
#3174 = SURFACE_STYLE_FILL_AREA ( #1369 ) ;
#3175 = CARTESIAN_POINT ( 'NONE',  ( 0.6999537311009020900, 0.05042334500700643800, -1.418170030185131200 ) ) ;
#3176 = CYLINDRICAL_SURFACE ( 'NONE', #1430, 0.03015999999999999900 ) ;
#3177 =( GEOMETRIC_REPRESENTATION_CONTEXT ( 3 ) GLOBAL_UNCERTAINTY_ASSIGNED_CONTEXT ( ( #768 ) ) GLOBAL_UNIT_ASSIGNED_CONTEXT ( ( #1749, #1330, #1046 ) ) REPRESENTATION_CONTEXT ( 'NONE', 'WORKASPACE' ) );
#3178 = DIRECTION ( 'NONE',  ( 0.2762033010252067400, 0.0000000000000000000, -0.9610992334315843200 ) ) ;
#3179 = DIRECTION ( 'NONE',  ( 0.0000000000000000000, -1.000000000000000000, 0.0000000000000000000 ) ) ;
#3180 = CARTESIAN_POINT ( 'NONE',  ( 0.6992938555647560900, 0.9083687335000799600, -0.03664814244375802500 ) ) ;
#3181 = CARTESIAN_POINT ( 'NONE',  ( 1.530159999999999500, 0.9198399999999999900, 0.0000000000000000000 ) ) ;
#3182 = SURFACE_STYLE_USAGE ( .BOTH. , #744 ) ;
#3183 = DIRECTION ( 'NONE',  ( 0.0000000000000000000, -1.000000000000000000, 0.0000000000000000000 ) ) ;
#3184 = EDGE_CURVE ( 'NONE', #1151, #475, #4506, .T. ) ;
#3185 =( NAMED_UNIT ( * ) PLANE_ANGLE_UNIT ( ) SI_UNIT ( $, .RADIAN. ) );
#3186 = AXIS2_PLACEMENT_3D ( 'NONE', #3132, #3470, #2765 ) ;
#3187 = ORIENTED_EDGE ( 'NONE', *, *, #528, .F. ) ;
#3188 = EDGE_CURVE ( 'NONE', #1996, #1235, #4016, .T. ) ;
#3189 = FILL_AREA_STYLE ('',( #2218 ) ) ;
#3190 = ORIENTED_EDGE ( 'NONE', *, *, #1815, .T. ) ;
#3191 = CARTESIAN_POINT ( 'NONE',  ( 1.112818810086575500, 0.9248400000000001100, -0.7749822147078639900 ) ) ;
#3192 = CARTESIAN_POINT ( 'NONE',  ( 1.501322662047238200, 0.9110063405205864900, -1.411006340520586400 ) ) ;
#3193 = ADVANCED_FACE ( 'NONE', ( #4345 ), #1877, .T. ) ;
#3194 = STYLED_ITEM ( 'NONE', ( #2192 ), #360 ) ;
#3195 = SURFACE_STYLE_FILL_AREA ( #2606 ) ;
#3196 = FILL_AREA_STYLE ('',( #4556 ) ) ;
#3197 = B_SPLINE_CURVE_WITH_KNOTS ( 'NONE', 3,
 ( #683, #1019, #1740, #703, #3509, #1759, #4197, #2103, #2813, #1065 ),
 .UNSPECIFIED., .F., .F.,
 ( 4, 3, 3, 4 ),
 ( 0.0000000000000000000, 1.003666877226004100E-005, 2.009406401134240100E-005, 2.363098448886247400E-005 ),
 .UNSPECIFIED. ) ;
#3198 = ORIENTED_EDGE ( 'NONE', *, *, #4188, .T. ) ;
#3199 = ADVANCED_FACE ( 'NONE', ( #3301 ), #2954, .T. ) ;
#3200 = ORIENTED_EDGE ( 'NONE', *, *, #2619, .T. ) ;
#3201 = CARTESIAN_POINT ( 'NONE',  ( 0.8711712608538162400, 0.9248400000000001100, -0.6192949999999998200 ) ) ;
#3202 = ORIENTED_EDGE ( 'NONE', *, *, #174, .T. ) ;
#3203 = DIRECTION ( 'NONE',  ( 0.05596501978068186400, 0.0000000000000000000, -0.9984327301130246900 ) ) ;
#3204 = DIRECTION ( 'NONE',  ( 0.0000000000000000000, 1.000000000000000000, 0.0000000000000000000 ) ) ;
#3205 = STYLED_ITEM ( 'NONE', ( #2166 ), #1694 ) ;
#3206 = ORIENTED_EDGE ( 'NONE', *, *, #3079, .F. ) ;
#3207 = FACE_OUTER_BOUND ( 'NONE', #240, .T. ) ;
#3208 =( NAMED_UNIT ( * ) SI_UNIT ( $, .STERADIAN. ) SOLID_ANGLE_UNIT ( ) );
#3209 = DIRECTION ( 'NONE',  ( 0.0000000000000000000, 0.0000000000000000000, -1.000000000000000000 ) ) ;
#3210 = CARTESIAN_POINT ( 'NONE',  ( 0.7000000000000000700, 0.9198399999999999900, -1.450000000000000000 ) ) ;
#3211 = EDGE_CURVE ( 'NONE', #4267, #4520, #568, .T. ) ;
#3212 = STYLED_ITEM ( 'NONE', ( #1331 ), #3199 ) ;
#3213 = ORIENTED_EDGE ( 'NONE', *, *, #1997, .F. ) ;
#3214 = COLOUR_RGB ( '',0.7686274509803920900, 0.7686274509803920900, 0.7686274509803920900 ) ;
#3215 = FILL_AREA_STYLE_COLOUR ( '', #1248 ) ;
#3216 = COLOUR_RGB ( '',0.7686274509803920900, 0.7686274509803920900, 0.7686274509803920900 ) ;
#3217 = DIRECTION ( 'NONE',  ( 0.0000000000000000000, -1.000000000000000000, 0.0000000000000000000 ) ) ;
#3218 = VERTEX_POINT ( 'NONE', #4374 ) ;
#3219 = PRESENTATION_LAYER_ASSIGNMENT (  '', '', ( #2105 ) ) ;
#3220 = FACE_OUTER_BOUND ( 'NONE', #2611, .T. ) ;
#3221 = CARTESIAN_POINT ( 'NONE',  ( 1.112427223412267000, 0.9248400000000001100, -0.6192949999999999300 ) ) ;
#3222 = EDGE_CURVE ( 'NONE', #359, #3218, #3859, .T. ) ;
#3223 = DIRECTION ( 'NONE',  ( 0.2793947940814949200, 0.0000000000000000000, -0.9601763114346026900 ) ) ;
#3224 = FILL_AREA_STYLE ('',( #3566 ) ) ;
#3225 = VERTEX_POINT ( 'NONE', #1652 ) ;
#3226 = VECTOR ( 'NONE', #2701, 1000.000000000000000 ) ;
#3227 = COLOUR_RGB ( '',0.7686274509803920900, 0.7686274509803920900, 0.7686274509803920900 ) ;
#3228 = ORIENTED_EDGE ( 'NONE', *, *, #293, .T. ) ;
#3229 = CARTESIAN_POINT ( 'NONE',  ( 0.6698400000000001000, 0.03015999999999999900, 0.0000000000000000000 ) ) ;
#3230 = UNCERTAINTY_MEASURE_WITH_UNIT (LENGTH_MEASURE( 1.000000000000000100E-005 ), #754, 'distance_accuracy_value', 'NONE');
#3231 = AXIS2_PLACEMENT_3D ( 'NONE', #2213, #1508, #1840 ) ;
#3232 = VECTOR ( 'NONE', #2034, 1000.000000000000000 ) ;
#3233 = DIRECTION ( 'NONE',  ( 0.0000000000000000000, -1.000000000000000000, 0.0000000000000000000 ) ) ;
#3234 = DIRECTION ( 'NONE',  ( 1.000000000000000000, 0.0000000000000000000, 0.0000000000000000000 ) ) ;
#3235 = AXIS2_PLACEMENT_3D ( 'NONE', #2966, #2254, #3999 ) ;
#3236 = CARTESIAN_POINT ( 'NONE',  ( 1.500253192700502700, 0.9154080970868182500, -0.04423577735503555300 ) ) ;
#3237 = CARTESIAN_POINT ( 'NONE',  ( 1.022571517396287900, 0.9248400000000001100, -0.7453479527904718300 ) ) ;
#3238 = DIRECTION ( 'NONE',  ( 0.0000000000000000000, 0.0000000000000000000, 1.000000000000000000 ) ) ;
#3239 = STYLED_ITEM ( 'NONE', ( #3378 ), #2362 ) ;
#3240 = DIRECTION ( 'NONE',  ( 0.0000000000000000000, -1.000000000000000000, 0.0000000000000000000 ) ) ;
#3241 = DIRECTION ( 'NONE',  ( 0.0000000000000000000, -0.0000000000000000000, -1.000000000000000000 ) ) ;
#3242 = CARTESIAN_POINT ( 'NONE',  ( 1.501322662047238200, 0.9110063405205864900, -0.03899365947941355700 ) ) ;
#3243 = AXIS2_PLACEMENT_3D ( 'NONE', #2973, #1608, #1569 ) ;
#3244 = ORIENTED_EDGE ( 'NONE', *, *, #2588, .F. ) ;
#3245 = CARTESIAN_POINT ( 'NONE',  ( 1.500008297138920600, 0.05249784345099813000, -1.418978196500942700 ) ) ;
#3246 = CARTESIAN_POINT ( 'NONE',  ( 0.9239762105532929300, 0.9198400000000001000, -0.6489145870383743500 ) ) ;
#3247 = CARTESIAN_POINT ( 'NONE',  ( 1.268045324172430300, 0.9248400000000001100, -0.6876089300856994500 ) ) ;
#3248 = SPHERICAL_SURFACE ( 'NONE', #1985, 0.03015999999999999900 ) ;
#3249 = ORIENTED_EDGE ( 'NONE', *, *, #2031, .T. ) ;
#3250 = EDGE_CURVE ( 'NONE', #14, #3447, #2271, .T. ) ;
#3251 = FILL_AREA_STYLE_COLOUR ( '', #894 ) ;
#3252 = ORIENTED_EDGE ( 'NONE', *, *, #4337, .F. ) ;
#3253 = VECTOR ( 'NONE', #3872, 1000.000000000000000 ) ;
#3254 = UNCERTAINTY_MEASURE_WITH_UNIT (LENGTH_MEASURE( 1.000000000000000100E-005 ), #3804, 'distance_accuracy_value', 'NONE');
#3255 = ORIENTED_EDGE ( 'NONE', *, *, #3463, .T. ) ;
#3256 =( LENGTH_UNIT ( ) NAMED_UNIT ( * ) SI_UNIT ( .MILLI., .METRE. ) );
#3257 = PRESENTATION_LAYER_ASSIGNMENT (  '', '', ( #2244 ) ) ;
#3258 = ORIENTED_EDGE ( 'NONE', *, *, #3666, .F. ) ;
#3259 = VERTEX_POINT ( 'NONE', #2026 ) ;
#3260 = DIRECTION ( 'NONE',  ( -1.000000000000000000, 0.0000000000000000000, 0.0000000000000000000 ) ) ;
#3261 = DIRECTION ( 'NONE',  ( 1.000000000000000000, 0.0000000000000000000, 0.0000000000000000000 ) ) ;
#3262 = ORIENTED_EDGE ( 'NONE', *, *, #4247, .T. ) ;
#3263 = CARTESIAN_POINT ( 'NONE',  ( 1.112818810086575500, 0.9198400000000001000, -0.7749822147078639900 ) ) ;
#3264 = CARTESIAN_POINT ( 'NONE',  ( 0.6698400000000001000, 0.03015999999999999900, -1.419840000000000000 ) ) ;
#3265 = AXIS2_PLACEMENT_3D ( 'NONE', #3460, #4170, #4158 ) ;
#3266 = COLOUR_RGB ( '',0.7686274509803920900, 0.7686274509803920900, 0.7686274509803920900 ) ;
#3267 = ORIENTED_EDGE ( 'NONE', *, *, #2730, .T. ) ;
#3268 = DIRECTION ( 'NONE',  ( -1.000000000000000000, 0.0000000000000000000, 0.0000000000000000000 ) ) ;
#3269 = DIRECTION ( 'NONE',  ( 1.000000000000000000, 0.0000000000000000000, 0.0000000000000000000 ) ) ;
#3270 = EDGE_CURVE ( 'NONE', #2044, #2173, #2215, .T. ) ;
#3271 = VECTOR ( 'NONE', #2401, 1000.000000000000000 ) ;
#3272 = MECHANICAL_DESIGN_GEOMETRIC_PRESENTATION_REPRESENTATION (  '', ( #3744 ), #3517 ) ;
#3273 = VERTEX_POINT ( 'NONE', #2004 ) ;
#3274 = LINE ( 'NONE', #3022, #2352 ) ;
#3275 = FACE_OUTER_BOUND ( 'NONE', #1387, .T. ) ;
#3276 = EDGE_LOOP ( 'NONE', ( #2992, #4160, #2074, #3440, #4508, #4297, #17, #3302 ) ) ;
#3277 = STYLED_ITEM ( 'NONE', ( #4417 ), #3281 ) ;
#3278 = CARTESIAN_POINT ( 'NONE',  ( 1.334848215072952100, 0.9198400000000001000, -0.6876089300856994500 ) ) ;
#3279 = EDGE_CURVE ( 'NONE', #903, #807, #4011, .T. ) ;
#3280 = CARTESIAN_POINT ( 'NONE',  ( 0.8538016412147139100, 0.9248400000000001100, -0.6192949999999999300 ) ) ;
#3281 = ADVANCED_BREP_SHAPE_REPRESENTATION ( 'CCS_CCSTDNOS_0805_L2.2W1.45T0.95B0.7', ( #3855, #3031, #110, #2369, #3462 ), #1551 ) ;
#3282 =( NAMED_UNIT ( * ) PLANE_ANGLE_UNIT ( ) SI_UNIT ( $, .RADIAN. ) );
#3283 = STYLED_ITEM ( 'NONE', ( #3608 ), #228 ) ;
#3284 = VERTEX_POINT ( 'NONE', #1316 ) ;
#3285 = PLANE ( 'NONE',  #1980 ) ;
#3286 = FACE_OUTER_BOUND ( 'NONE', #1221, .T. ) ;
#3287 = SURFACE_SIDE_STYLE ('',( #1679 ) ) ;
#3288 = ORIENTED_EDGE ( 'NONE', *, *, #4161, .T. ) ;
#3289 = CARTESIAN_POINT ( 'NONE',  ( 0.03015999999999999600, 0.0000000000000000000, 0.0000000000000000000 ) ) ;
#3290 = PRESENTATION_LAYER_ASSIGNMENT (  '', '', ( #864 ) ) ;
#3291 = DIRECTION ( 'NONE',  ( -0.0000000000000000000, -0.0000000000000000000, 1.000000000000000000 ) ) ;
#3292 = CARTESIAN_POINT ( 'NONE',  ( 1.499999999999999800, 0.06031999999999988100, -1.419840000000000400 ) ) ;
#3293 = FILL_AREA_STYLE ('',( #530 ) ) ;
#3294 = CARTESIAN_POINT ( 'NONE',  ( 1.499999999999999800, 0.06031999999999988100, -1.419840000000000400 ) ) ;
#3295 = MECHANICAL_DESIGN_GEOMETRIC_PRESENTATION_REPRESENTATION (  '', ( #550 ), #728 ) ;
#3296 = CARTESIAN_POINT ( 'NONE',  ( 0.6998197127942359400, 0.04661677928597864800, -0.03345278313515064100 ) ) ;
#3297 = CARTESIAN_POINT ( 'NONE',  ( 0.7000000000000000700, 0.03015999999999977700, -1.450000000000000000 ) ) ;
#3298 = ORIENTED_EDGE ( 'NONE', *, *, #1700, .T. ) ;
#3299 = ADVANCED_FACE ( 'NONE', ( #2601 ), #3248, .T. ) ;
#3300 = DIRECTION ( 'NONE',  ( -0.2763173343569956800, 0.0000000000000000000, 0.9610664548998910700 ) ) ;
#3301 = FACE_OUTER_BOUND ( 'NONE', #2995, .T. ) ;
#3302 = ORIENTED_EDGE ( 'NONE', *, *, #3792, .F. ) ;
#3303 = AXIS2_PLACEMENT_3D ( 'NONE', #2051, #1048, #4175 ) ;
#3304 = EDGE_CURVE ( 'NONE', #3985, #259, #1172, .T. ) ;
#3305 = FILL_AREA_STYLE ('',( #2944 ) ) ;
#3306 = DIRECTION ( 'NONE',  ( 0.0000000000000000000, 1.000000000000000000, 0.0000000000000000000 ) ) ;
#3307 = DIRECTION ( 'NONE',  ( -0.0000000000000000000, 1.000000000000000000, -0.0000000000000000000 ) ) ;
#3308 = ORIENTED_EDGE ( 'NONE', *, *, #742, .F. ) ;
#3309 = CARTESIAN_POINT ( 'NONE',  ( 0.7000000000000000700, 0.9198399999999999900, -1.450000000000000000 ) ) ;
#3310 = CARTESIAN_POINT ( 'NONE',  ( 1.010280595901991200, 0.9248400000000001100, -0.6489145870383743500 ) ) ;
#3312 = ORIENTED_EDGE ( 'NONE', *, *, #3495, .F. ) ;
#3311 = EDGE_CURVE ( 'NONE', #3548, #1784, #740, .T. ) ;
#3313 = LINE ( 'NONE', #2561, #1067 ) ;
#3314 = ORIENTED_EDGE ( 'NONE', *, *, #2669, .F. ) ;
#3315 = DIRECTION ( 'NONE',  ( 1.000000000000000000, 0.0000000000000000000, 0.0000000000000000000 ) ) ;
#3316 = CARTESIAN_POINT ( 'NONE',  ( 0.7000000000000000700, 0.03015999999999977700, -1.389680000000000200 ) ) ;
#3317 = ORIENTED_EDGE ( 'NONE', *, *, #1013, .T. ) ;
#3318 = LINE ( 'NONE', #1917, #26 ) ;
#3319 = PRODUCT_CONTEXT ( 'NONE', #464, 'mechanical' ) ;
#3320 = DIRECTION ( 'NONE',  ( -1.000000000000000000, 0.0000000000000000000, 0.0000000000000000000 ) ) ;
#3321 = EDGE_LOOP ( 'NONE', ( #4012, #1690, #305, #1670 ) ) ;
#3322 = CARTESIAN_POINT ( 'NONE',  ( 1.268045324172430300, 0.9198400000000001000, -0.6876089300856994500 ) ) ;
#3323 = DIRECTION ( 'NONE',  ( 0.0000000000000000000, 1.000000000000000000, 0.0000000000000000000 ) ) ;
#3324 = SURFACE_STYLE_USAGE ( .BOTH. , #4350 ) ;
#3325 = MECHANICAL_DESIGN_GEOMETRIC_PRESENTATION_REPRESENTATION (  '', ( #4290 ), #1924 ) ;
#3326 = ORIENTED_EDGE ( 'NONE', *, *, #2703, .T. ) ;
#3327 = LINE ( 'NONE', #2733, #3053 ) ;
#3328 = CARTESIAN_POINT ( 'NONE',  ( 1.185517590020640700, 0.9248400000000001100, -0.6192949999999999300 ) ) ;
#3329 = VERTEX_POINT ( 'NONE', #4415 ) ;
#3330 = CARTESIAN_POINT ( 'NONE',  ( 0.8914412866102086100, 0.9248400000000001100, -0.7749822147078639900 ) ) ;
#3331 = FACE_OUTER_BOUND ( 'NONE', #1546, .T. ) ;
#3332 = SURFACE_STYLE_FILL_AREA ( #4183 ) ;
#3333 = EDGE_CURVE ( 'NONE', #3926, #631, #2977, .T. ) ;
#3334 = STYLED_ITEM ( 'NONE', ( #1211 ), #3406 ) ;
#3335 = VECTOR ( 'NONE', #4124, 1000.000000000000000 ) ;
#3336 = FILL_AREA_STYLE_COLOUR ( '', #1179 ) ;
#3337 = VERTEX_POINT ( 'NONE', #1956 ) ;
#3338 = LINE ( 'NONE', #824, #1209 ) ;
#3339 = FILL_AREA_STYLE ('',( #1965 ) ) ;
#3340 = DIRECTION ( 'NONE',  ( 0.2732148821746424600, 0.0000000000000000000, -0.9619530280415443700 ) ) ;
#3341 = UNCERTAINTY_MEASURE_WITH_UNIT (LENGTH_MEASURE( 1.000000000000000100E-005 ), #3848, 'distance_accuracy_value', 'NONE');
#3342 = EDGE_CURVE ( 'NONE', #2276, #631, #297, .T. ) ;
#3343 = DIRECTION ( 'NONE',  ( 1.000000000000000000, -0.0000000000000000000, 0.0000000000000000000 ) ) ;
#3344 = DIRECTION ( 'NONE',  ( 0.0000000000000000000, -1.000000000000000000, 0.0000000000000000000 ) ) ;
#3345 =( NAMED_UNIT ( * ) PLANE_ANGLE_UNIT ( ) SI_UNIT ( $, .RADIAN. ) );
#3346 = DIRECTION ( 'NONE',  ( 0.0000000000000000000, -1.000000000000000000, 0.0000000000000000000 ) ) ;
#3347 = CLOSED_SHELL ( 'NONE', ( #3493, #1567, #4505, #3064, #2603, #3432, #640, #4550, #3373, #164, #3439, #1778, #3757, #4049, #411, #583, #1069, #295, #2383, #3199, #3387, #3299, #320, #2482, #665, #2726, #634, #2920, #1707, #3482, #228, #2766, #1694, #2747, #3193, #3785, #4495, #159, #218, #2387, #3673, #1296, #1697, #811, #2299, #2413, #1746, #1298, #1024, #4141, #932, #3358, #360, #2302, #2702, #4443, #974, #1370, #4167, #2768, #1433, #618, #2362, #3406 ) ) ;
#3348 = FILL_AREA_STYLE_COLOUR ( '', #1692 ) ;
#3349 =( NAMED_UNIT ( * ) PLANE_ANGLE_UNIT ( ) SI_UNIT ( $, .RADIAN. ) );
#3350 =( LENGTH_UNIT ( ) NAMED_UNIT ( * ) SI_UNIT ( .MILLI., .METRE. ) );
#3351 = DIRECTION ( 'NONE',  ( -0.0000000000000000000, 1.000000000000000000, -0.0000000000000000000 ) ) ;
#3352 = ORIENTED_EDGE ( 'NONE', *, *, #2703, .F. ) ;
#3353 = EDGE_CURVE ( 'NONE', #1408, #470, #4234, .T. ) ;
#3354 = STYLED_ITEM ( 'NONE', ( #1925 ), #3432 ) ;
#3355 = CARTESIAN_POINT ( 'NONE',  ( 1.001814610692253400, 0.9248400000000001100, -0.6876089300860261900 ) ) ;
#3356 = CARTESIAN_POINT ( 'NONE',  ( 1.447697090170249700, 0.9248400000000001100, -0.7449219079067641600 ) ) ;
#3357 = COLOUR_RGB ( '',0.7686274509803920900, 0.7686274509803920900, 0.7686274509803920900 ) ;
#3358 = ADVANCED_FACE ( 'NONE', ( #4122 ), #4375, .T. ) ;
#3359 = ORIENTED_EDGE ( 'NONE', *, *, #3551, .T. ) ;
#3360 = CARTESIAN_POINT ( 'NONE',  ( 0.7040000000000000700, 0.9198400000000001000, -0.6192949999999999300 ) ) ;
#3361 = VECTOR ( 'NONE', #1103, 1000.000000000000000 ) ;
#3362 = VERTEX_POINT ( 'NONE', #2426 ) ;
#3363 = EDGE_LOOP ( 'NONE', ( #4191, #572, #1252, #4459 ) ) ;
#3364 = EDGE_CURVE ( 'NONE', #3088, #2648, #2505, .T. ) ;
#3365 = CARTESIAN_POINT ( 'NONE',  ( 1.530159999999999500, 0.0000000000000000000, -1.419840000000000000 ) ) ;
#3366 = CARTESIAN_POINT ( 'NONE',  ( 1.145955062177842000, 0.9248400000000001100, -0.6192949999999999300 ) ) ;
#3367 = CARTESIAN_POINT ( 'NONE',  ( 1.046517133358396700, 0.9248400000000001100, -0.7749822147078639900 ) ) ;
#3368 = ORIENTED_EDGE ( 'NONE', *, *, #556, .F. ) ;
#3369 = FILL_AREA_STYLE ('',( #853 ) ) ;
#3370 = ORIENTED_EDGE ( 'NONE', *, *, #1867, .F. ) ;
#3371 = VECTOR ( 'NONE', #447, 1000.000000000000000 ) ;
#3372 = CARTESIAN_POINT ( 'NONE',  ( 1.530159999999999500, 0.03015999999999999900, -1.419840000000000000 ) ) ;
#3373 = ADVANCED_FACE ( 'NONE', ( #3130 ), #1704, .F. ) ;
#3374 = VERTEX_POINT ( 'NONE', #1326 ) ;
#3375 = LINE ( 'NONE', #3967, #2013 ) ;
#3376 = FILL_AREA_STYLE_COLOUR ( '', #2548 ) ;
#3377 = VERTEX_POINT ( 'NONE', #1682 ) ;
#3378 = PRESENTATION_STYLE_ASSIGNMENT (( #2422 ) ) ;
#3379 = SURFACE_SIDE_STYLE ('',( #1622 ) ) ;
#3380 = AXIS2_PLACEMENT_3D ( 'NONE', #3181, #2504, #1056 ) ;
#3381 = LINE ( 'NONE', #1992, #1848 ) ;
#3382 = DIRECTION ( 'NONE',  ( 0.0000000000000000000, 0.0000000000000000000, 1.000000000000000000 ) ) ;
#3383 = ORIENTED_EDGE ( 'NONE', *, *, #1465, .T. ) ;
#3384 = VECTOR ( 'NONE', #866, 1000.000000000000000 ) ;
#3385 = VECTOR ( 'NONE', #1332, 1000.000000000000000 ) ;
#3386 =( NAMED_UNIT ( * ) SI_UNIT ( $, .STERADIAN. ) SOLID_ANGLE_UNIT ( ) );
#3387 = ADVANCED_FACE ( 'NONE', ( #3071 ), #3018, .T. ) ;
#3388 = LINE ( 'NONE', #2650, #1091 ) ;
#3389 = SURFACE_SIDE_STYLE ('',( #4547 ) ) ;
#3390 = MECHANICAL_DESIGN_GEOMETRIC_PRESENTATION_REPRESENTATION (  '', ( #2311 ), #398 ) ;
#3391 =( NAMED_UNIT ( * ) PLANE_ANGLE_UNIT ( ) SI_UNIT ( $, .RADIAN. ) );
#3392 = EDGE_LOOP ( 'NONE', ( #1665, #1676, #2186, #4398 ) ) ;
#3393 = VECTOR ( 'NONE', #1380, 1000.000000000000100 ) ;
#3394 = FACE_OUTER_BOUND ( 'NONE', #1020, .T. ) ;
#3395 =( GEOMETRIC_REPRESENTATION_CONTEXT ( 3 ) GLOBAL_UNCERTAINTY_ASSIGNED_CONTEXT ( ( #253 ) ) GLOBAL_UNIT_ASSIGNED_CONTEXT ( ( #2310, #1205, #201 ) ) REPRESENTATION_CONTEXT ( 'NONE', 'WORKASPACE' ) );
#3396 = CARTESIAN_POINT ( 'NONE',  ( 1.500008297138920600, 0.9189781965009424800, -1.397502156549001600 ) ) ;
#3397 = UNCERTAINTY_MEASURE_WITH_UNIT (LENGTH_MEASURE( 1.000000000000000100E-005 ), #987, 'distance_accuracy_value', 'NONE');
#3398 = SURFACE_SIDE_STYLE ('',( #916 ) ) ;
#3399 = SURFACE_STYLE_FILL_AREA ( #4497 ) ;
#3400 =( NAMED_UNIT ( * ) SI_UNIT ( $, .STERADIAN. ) SOLID_ANGLE_UNIT ( ) );
#3401 = EDGE_CURVE ( 'NONE', #2676, #2269, #3945, .T. ) ;
#3402 = DIRECTION ( 'NONE',  ( -0.2760118818968593800, 0.0000000000000000000, 0.9611542233438680200 ) ) ;
#3403 = FILL_AREA_STYLE_COLOUR ( '', #3642 ) ;
#3404 = DIRECTION ( 'NONE',  ( 0.0000000000000000000, -1.000000000000000000, 0.0000000000000000000 ) ) ;
#3405 = AXIS2_PLACEMENT_3D ( 'NONE', #3450, #4190, #3465 ) ;
#3406 = ADVANCED_FACE ( 'NONE', ( #3286 ), #225, .T. ) ;
#3407 = EDGE_LOOP ( 'NONE', ( #4079, #4320, #1563 ) ) ;
#3408 = ADVANCED_FACE ( 'NONE', ( #4330 ), #3421, .F. ) ;
#3409 = ORIENTED_EDGE ( 'NONE', *, *, #4368, .T. ) ;
#3410 = CARTESIAN_POINT ( 'NONE',  ( 1.499999999999999800, 0.0000000000000000000, -0.03015999999999956200 ) ) ;
#3411 = PRESENTATION_LAYER_ASSIGNMENT (  '', '', ( #668 ) ) ;
#3412 = VECTOR ( 'NONE', #3766, 1000.000000000000000 ) ;
#3413 = DIRECTION ( 'NONE',  ( -1.000000000000000000, 0.0000000000000000000, 0.0000000000000000000 ) ) ;
#3414 = ORIENTED_EDGE ( 'NONE', *, *, #1231, .F. ) ;
#3415 = SURFACE_SIDE_STYLE ('',( #2415 ) ) ;
#3416 = EDGE_CURVE ( 'NONE', #4005, #3118, #2483, .T. ) ;
#3417 = VECTOR ( 'NONE', #412, 1000.000000000000100 ) ;
#3418 = ORIENTED_EDGE ( 'NONE', *, *, #4222, .F. ) ;
#3419 = MECHANICAL_DESIGN_GEOMETRIC_PRESENTATION_REPRESENTATION (  '', ( #3354 ), #3102 ) ;
#3420 = CARTESIAN_POINT ( 'NONE',  ( 1.530159999999999500, 0.03015999999999999900, -0.03015999999999999900 ) ) ;
#3421 = PLANE ( 'NONE',  #520 ) ;
#3422 = ORIENTED_EDGE ( 'NONE', *, *, #4013, .T. ) ;
#3423 = ORIENTED_EDGE ( 'NONE', *, *, #841, .T. ) ;
#3424 = PRESENTATION_STYLE_ASSIGNMENT (( #574 ) ) ;
#3425 = CARTESIAN_POINT ( 'NONE',  ( 2.200000000000000200, 0.0000000000000000000, -1.419840000000000000 ) ) ;
#3426 = DIRECTION ( 'NONE',  ( -0.2755265765475200000, 0.0000000000000000000, 0.9612934544747527800 ) ) ;
#3428 = ORIENTED_EDGE ( 'NONE', *, *, #3726, .F. ) ;
#3427 = EDGE_CURVE ( 'NONE', #1889, #1281, #165, .T. ) ;
#3429 = VECTOR ( 'NONE', #1001, 1000.000000000000100 ) ;
#3430 = CARTESIAN_POINT ( 'NONE',  ( 1.499999999999999800, 0.8896799999999999200, -1.419840000000000400 ) ) ;
#3431 = CARTESIAN_POINT ( 'NONE',  ( 0.6698400000000001000, 0.0000000000000000000, -0.03015999999999999900 ) ) ;
#3432 = ADVANCED_FACE ( 'NONE', ( #2366 ), #1761, .T. ) ;
#3433 = DIRECTION ( 'NONE',  ( 0.0000000000000000000, -1.000000000000000000, 0.0000000000000000000 ) ) ;
#3434 = ORIENTED_EDGE ( 'NONE', *, *, #4295, .T. ) ;
#3435 = ADVANCED_FACE ( 'NONE', ( #3514 ), #4544, .F. ) ;
#3436 = PRESENTATION_STYLE_ASSIGNMENT (( #4274 ) ) ;
#3437 = EDGE_CURVE ( 'NONE', #3919, #1408, #1266, .T. ) ;
#3438 = SURFACE_STYLE_USAGE ( .BOTH. , #2045 ) ;
#3439 = ADVANCED_FACE ( 'NONE', ( #1481 ), #2864, .F. ) ;
#3440 = ORIENTED_EDGE ( 'NONE', *, *, #3455, .F. ) ;
#3441 = SURFACE_SIDE_STYLE ('',( #2259 ) ) ;
#3442 = SURFACE_STYLE_FILL_AREA ( #2444 ) ;
#3443 = DIRECTION ( 'NONE',  ( 0.0000000000000000000, 1.000000000000000000, -0.0000000000000000000 ) ) ;
#3444 = CYLINDRICAL_SURFACE ( 'NONE', #1619, 0.03015999999999999600 ) ;
#3445 = LINE ( 'NONE', #4084, #377 ) ;
#3446 =( GEOMETRIC_REPRESENTATION_CONTEXT ( 3 ) GLOBAL_UNCERTAINTY_ASSIGNED_CONTEXT ( ( #2924 ) ) GLOBAL_UNIT_ASSIGNED_CONTEXT ( ( #1975, #4414, #223 ) ) REPRESENTATION_CONTEXT ( 'NONE', 'WORKASPACE' ) );
#3447 = VERTEX_POINT ( 'NONE', #2497 ) ;
#3448 = VECTOR ( 'NONE', #1572, 1000.000000000000000 ) ;
#3449 = CYLINDRICAL_SURFACE ( 'NONE', #1717, 0.03015999999999999600 ) ;
#3450 = CARTESIAN_POINT ( 'NONE',  ( 1.530159999999999500, 0.03015999999999999900, -0.03015999999999999600 ) ) ;
#3451 = LINE ( 'NONE', #3627, #1591 ) ;
#3452 = DIRECTION ( 'NONE',  ( 0.0000000000000000000, 1.000000000000000000, -0.0000000000000000000 ) ) ;
#3453 = EDGE_LOOP ( 'NONE', ( #1662, #2935, #1124 ) ) ;
#3454 = DIRECTION ( 'NONE',  ( -1.000000000000000000, -0.0000000000000000000, 0.0000000000000000000 ) ) ;
#3455 = EDGE_CURVE ( 'NONE', #4379, #3965, #610, .T. ) ;
#3456 =( NAMED_UNIT ( * ) PLANE_ANGLE_UNIT ( ) SI_UNIT ( $, .RADIAN. ) );
#3457 = AXIS2_PLACEMENT_3D ( 'NONE', #1559, #2590, #509 ) ;
#3458 = CYLINDRICAL_SURFACE ( 'NONE', #2640, 0.03015999999999999600 ) ;
#3459 = SURFACE_SIDE_STYLE ('',( #645 ) ) ;
#3460 = CARTESIAN_POINT ( 'NONE',  ( 2.200000000000000200, 0.0000000000000000000, 0.0000000000000000000 ) ) ;
#3461 = DIRECTION ( 'NONE',  ( -1.000000000000000000, 0.0000000000000000000, 0.0000000000000000000 ) ) ;
#3462 = AXIS2_PLACEMENT_3D ( 'NONE', #2547, #812, #2208 ) ;
#3463 = EDGE_CURVE ( 'NONE', #2207, #538, #774, .T. ) ;
#3464 = VERTEX_POINT ( 'NONE', #1053 ) ;
#3465 = DIRECTION ( 'NONE',  ( 0.0000000000000000000, -1.000000000000000000, -1.123385871690053500E-016 ) ) ;
#3466 = CARTESIAN_POINT ( 'NONE',  ( 1.038894243508694300, 0.9248400000000001100, -0.6192949999999999300 ) ) ;
#3467 =( NAMED_UNIT ( * ) SI_UNIT ( $, .STERADIAN. ) SOLID_ANGLE_UNIT ( ) );
#3468 = DIRECTION ( 'NONE',  ( 0.2763139702539153500, 0.0000000000000000000, -0.9610674221107061700 ) ) ;
#3469 = DIRECTION ( 'NONE',  ( 1.000000000000000000, 0.0000000000000000000, 0.0000000000000000000 ) ) ;
#3470 = DIRECTION ( 'NONE',  ( -0.0000000000000000000, 0.0000000000000000000, 1.000000000000000000 ) ) ;
#3471 = AXIS2_PLACEMENT_3D ( 'NONE', #3568, #4311, #3577 ) ;
#3472 = ORIENTED_EDGE ( 'NONE', *, *, #2619, .F. ) ;
#3473 =( NAMED_UNIT ( * ) PLANE_ANGLE_UNIT ( ) SI_UNIT ( $, .RADIAN. ) );
#3474 = ORIENTED_EDGE ( 'NONE', *, *, #3169, .T. ) ;
#3475 = CARTESIAN_POINT ( 'NONE',  ( 1.499999254202597700, 0.8928326330496027000, -0.03028395988757326800 ) ) ;
#3476 = SURFACE_STYLE_USAGE ( .BOTH. , #4146 ) ;
#3477 = DIRECTION ( 'NONE',  ( 0.0000000000000000000, 0.0000000000000000000, -1.000000000000000000 ) ) ;
#3478 = EDGE_LOOP ( 'NONE', ( #1177, #2953, #3913, #416 ) ) ;
#3479 = VECTOR ( 'NONE', #2878, 1000.000000000000000 ) ;
#3480 = CARTESIAN_POINT ( 'NONE',  ( 1.022571517396287900, 0.9248400000000001100, -0.7453479527904718300 ) ) ;
#3481 = ORIENTED_EDGE ( 'NONE', *, *, #965, .F. ) ;
#3482 = ADVANCED_FACE ( 'NONE', ( #4387 ), #1978, .T. ) ;
#3483 = ADVANCED_FACE ( 'NONE', ( #2198 ), #705, .F. ) ;
#3484 = UNCERTAINTY_MEASURE_WITH_UNIT (LENGTH_MEASURE( 1.000000000000000100E-005 ), #3715, 'distance_accuracy_value', 'NONE');
#3485 = STYLED_ITEM ( 'NONE', ( #1967 ), #4167 ) ;
#3486 = ORIENTED_EDGE ( 'NONE', *, *, #2748, .T. ) ;
#3487 = LINE ( 'NONE', #210, #956 ) ;
#3488 = DIRECTION ( 'NONE',  ( 0.0000000000000000000, 0.0000000000000000000, -1.000000000000000000 ) ) ;
#3489 = ORIENTED_EDGE ( 'NONE', *, *, #2793, .T. ) ;
#3490 = FACE_OUTER_BOUND ( 'NONE', #522, .T. ) ;
#3491 = SURFACE_SIDE_STYLE ('',( #450 ) ) ;
#3492 = VERTEX_POINT ( 'NONE', #735 ) ;
#3493 = ADVANCED_FACE ( 'NONE', ( #4552 ), #881, .T. ) ;
#3494 =( LENGTH_UNIT ( ) NAMED_UNIT ( * ) SI_UNIT ( .MILLI., .METRE. ) );
#3495 = EDGE_CURVE ( 'NONE', #183, #2449, #2697, .T. ) ;
#3496 = CARTESIAN_POINT ( 'NONE',  ( 0.8064311308146688800, 0.9198400000000001000, -0.6192949999999999300 ) ) ;
#3497 = ORIENTED_EDGE ( 'NONE', *, *, #4254, .F. ) ;
#3498 = SURFACE_STYLE_FILL_AREA ( #4471 ) ;
#3499 = DIRECTION ( 'NONE',  ( 0.0000000000000000000, 0.0000000000000000000, -1.000000000000000000 ) ) ;
#3500 = PLANE ( 'NONE',  #4501 ) ;
#3501 = VECTOR ( 'NONE', #654, 1000.000000000000000 ) ;
#3502 = CARTESIAN_POINT ( 'NONE',  ( 0.6986773379527614300, 0.03899365947941339800, -1.411006340520586600 ) ) ;
#3503 = SURFACE_STYLE_USAGE ( .BOTH. , #3459 ) ;
#3504 = EDGE_LOOP ( 'NONE', ( #3298, #4339, #2450, #182 ) ) ;
#3505 = SURFACE_STYLE_FILL_AREA ( #1555 ) ;
#3506 = VECTOR ( 'NONE', #1145, 1000.000000000000000 ) ;
#3507 = STYLED_ITEM ( 'NONE', ( #91 ), #811 ) ;
#3508 = VECTOR ( 'NONE', #1931, 999.9999999999998900 ) ;
#3509 = CARTESIAN_POINT ( 'NONE',  ( 0.6998927966324233200, 0.9170712293671748900, -1.402739831691905500 ) ) ;
#3510 = DIRECTION ( 'NONE',  ( 0.0000000000000000000, 1.000000000000000000, 0.0000000000000000000 ) ) ;
#3511 = VECTOR ( 'NONE', #334, 1000.000000000000000 ) ;
#3512 = ADVANCED_FACE ( 'NONE', ( #4498 ), #3553, .F. ) ;
#3513 = MECHANICAL_DESIGN_GEOMETRIC_PRESENTATION_REPRESENTATION (  '', ( #2330 ), #4054 ) ;
#3514 = FACE_OUTER_BOUND ( 'NONE', #2029, .T. ) ;
#3515 = SURFACE_STYLE_USAGE ( .BOTH. , #2798 ) ;
#3516 = EDGE_CURVE ( 'NONE', #716, #3817, #2082, .T. ) ;
#3517 =( GEOMETRIC_REPRESENTATION_CONTEXT ( 3 ) GLOBAL_UNCERTAINTY_ASSIGNED_CONTEXT ( ( #986 ) ) GLOBAL_UNIT_ASSIGNED_CONTEXT ( ( #3894, #4248, #3619 ) ) REPRESENTATION_CONTEXT ( 'NONE', 'WORKASPACE' ) );
#3518 = CARTESIAN_POINT ( 'NONE',  ( 0.6999768890088268200, 0.9005774563669513000, -1.417978254858581100 ) ) ;
#3519 = COLOUR_RGB ( '',0.6470588235294118000, 0.5176470588235293500, 0.0000000000000000000 ) ;
#3520 = CARTESIAN_POINT ( 'NONE',  ( 1.500107203367576400, 0.03292877063282494100, -1.402739831691905500 ) ) ;
#3521 = UNCERTAINTY_MEASURE_WITH_UNIT (LENGTH_MEASURE( 1.000000000000000100E-005 ), #3620, 'distance_accuracy_value', 'NONE');
#3522 = CARTESIAN_POINT ( 'NONE',  ( 0.6698400000000001000, 0.9198399999999999900, -1.419840000000000000 ) ) ;
#3523 = AXIS2_PLACEMENT_3D ( 'NONE', #3155, #678, #1409 ) ;
#3524 = EDGE_CURVE ( 'NONE', #1913, #2815, #2692, .T. ) ;
#3525 = ORIENTED_EDGE ( 'NONE', *, *, #2823, .F. ) ;
#3526 = DIRECTION ( 'NONE',  ( -0.0000000000000000000, 0.0000000000000000000, 1.000000000000000000 ) ) ;
#3527 = CARTESIAN_POINT ( 'NONE',  ( 0.6997468072994971200, 0.03459190291318142700, -0.04423577735503556000 ) ) ;
#3528 =( NAMED_UNIT ( * ) PLANE_ANGLE_UNIT ( ) SI_UNIT ( $, .RADIAN. ) );
#3529 = ORIENTED_EDGE ( 'NONE', *, *, #851, .T. ) ;
#3530 = PRESENTATION_LAYER_ASSIGNMENT (  '', '', ( #4226 ) ) ;
#3531 = FILL_AREA_STYLE_COLOUR ( '', #4096 ) ;
#3532 = ORIENTED_EDGE ( 'NONE', *, *, #3128, .F. ) ;
#3533 = CARTESIAN_POINT ( 'NONE',  ( 1.500107203367576400, 0.04726016830809465200, -0.03292877063282461500 ) ) ;
#3534 = DIRECTION ( 'NONE',  ( -0.2763139702539153500, 0.0000000000000000000, 0.9610674221107062800 ) ) ;
#3535 = CARTESIAN_POINT ( 'NONE',  ( 0.6997468072994971200, 0.9057642226449640300, -0.03459190291318121200 ) ) ;
#3536 = AXIS2_PLACEMENT_3D ( 'NONE', #1987, #3728, #2706 ) ;
#3537 = VECTOR ( 'NONE', #4015, 1000.000000000000100 ) ;
#3538 = VERTEX_POINT ( 'NONE', #834 ) ;
#3539 = CARTESIAN_POINT ( 'NONE',  ( 1.499999999999999800, 0.06031999999999988100, -0.03015999999999956200 ) ) ;
#3540 = ORIENTED_EDGE ( 'NONE', *, *, #493, .T. ) ;
#3541 = VECTOR ( 'NONE', #739, 1000.000000000000200 ) ;
#3542 = ORIENTED_EDGE ( 'NONE', *, *, #2730, .F. ) ;
#3543 =( GEOMETRIC_REPRESENTATION_CONTEXT ( 3 ) GLOBAL_UNCERTAINTY_ASSIGNED_CONTEXT ( ( #564 ) ) GLOBAL_UNIT_ASSIGNED_CONTEXT ( ( #2922, #1578, #829 ) ) REPRESENTATION_CONTEXT ( 'NONE', 'WORKASPACE' ) );
#3544 = DIRECTION ( 'NONE',  ( 0.9610853065513834700, 0.0000000000000000000, 0.2762517575166416100 ) ) ;
#3545 = DIRECTION ( 'NONE',  ( 0.0000000000000000000, 0.0000000000000000000, 1.000000000000000000 ) ) ;
#3546 = SURFACE_SIDE_STYLE ('',( #815 ) ) ;
#3547 = B_SPLINE_CURVE_WITH_KNOTS ( 'NONE', 3,
 ( #2667, #2641, #4438, #941, #1641, #3396, #554, #915, #2345, #241 ),
 .UNSPECIFIED., .F., .F.,
 ( 4, 3, 3, 4 ),
 ( 0.0000000000000000000, 9.493065180756402200E-006, 1.893605998182712200E-005, 2.360435136841270100E-005 ),
 .UNSPECIFIED. ) ;
#3548 = VERTEX_POINT ( 'NONE', #4265 ) ;
#3549 = LINE ( 'NONE', #746, #3647 ) ;
#3550 = LINE ( 'NONE', #2580, #3650 ) ;
#3552 = ORIENTED_EDGE ( 'NONE', *, *, #4304, .F. ) ;
#3551 = EDGE_CURVE ( 'NONE', #953, #372, #3565, .T. ) ;
#3553 = PLANE ( 'NONE',  #1701 ) ;
#3554 = LINE ( 'NONE', #4284, #2623 ) ;
#3555 = ORIENTED_EDGE ( 'NONE', *, *, #4188, .F. ) ;
#3556 = EDGE_CURVE ( 'NONE', #1699, #2882, #2253, .T. ) ;
#3557 = DIRECTION ( 'NONE',  ( 0.0000000000000000000, 0.0000000000000000000, 1.000000000000000000 ) ) ;
#3558 = CARTESIAN_POINT ( 'NONE',  ( 1.500107203367576400, 0.9027398316919051900, -1.417071229367175400 ) ) ;
#3559 = ORIENTED_EDGE ( 'NONE', *, *, #413, .T. ) ;
#3560 = SURFACE_STYLE_USAGE ( .BOTH. , #1439 ) ;
#3561 = SURFACE_SIDE_STYLE ('',( #4270 ) ) ;
#3562 =( GEOMETRIC_REPRESENTATION_CONTEXT ( 3 ) GLOBAL_UNCERTAINTY_ASSIGNED_CONTEXT ( ( #3254 ) ) GLOBAL_UNIT_ASSIGNED_CONTEXT ( ( #3804, #700, #1714 ) ) REPRESENTATION_CONTEXT ( 'NONE', 'WORKASPACE' ) );
#3563 = ORIENTED_EDGE ( 'NONE', *, *, #3595, .T. ) ;
#3564 = CARTESIAN_POINT ( 'NONE',  ( 0.8538016412147139100, 0.9198400000000001000, -0.6192949999999999300 ) ) ;
#3565 = LINE ( 'NONE', #3237, #2857 ) ;
#3566 = FILL_AREA_STYLE_COLOUR ( '', #2135 ) ;
#3567 = AXIS2_PLACEMENT_3D ( 'NONE', #795, #1853, #3234 ) ;
#3568 = CARTESIAN_POINT ( 'NONE',  ( 0.7000000000000000700, 0.06031999999999977700, -1.389680000000000200 ) ) ;
#3569 =( NAMED_UNIT ( * ) SI_UNIT ( $, .STERADIAN. ) SOLID_ANGLE_UNIT ( ) );
#3570 = SURFACE_SIDE_STYLE ('',( #1518 ) ) ;
#3571 = DIRECTION ( 'NONE',  ( -0.9617234872620619200, 0.0000000000000000000, -0.2740217765953990600 ) ) ;
#3572 = EDGE_CURVE ( 'NONE', #3973, #3035, #3338, .T. ) ;
#3573 = AXIS2_PLACEMENT_3D ( 'NONE', #3309, #3667, #1571 ) ;
#3574 = DIRECTION ( 'NONE',  ( -0.0000000000000000000, 0.0000000000000000000, -1.000000000000000000 ) ) ;
#3575 = DIRECTION ( 'NONE',  ( 0.0000000000000000000, 0.0000000000000000000, -1.000000000000000000 ) ) ;
#3576 = EDGE_CURVE ( 'NONE', #29, #1939, #1317, .T. ) ;
#3577 = DIRECTION ( 'NONE',  ( 0.0000000000000000000, -1.000000000000000000, 0.0000000000000000000 ) ) ;
#3578 = CARTESIAN_POINT ( 'NONE',  ( 1.284682850239918100, 0.9248400000000001100, -0.7453427455750563100 ) ) ;
#3579 = EDGE_LOOP ( 'NONE', ( #190, #4006, #3525, #896 ) ) ;
#3580 = DIRECTION ( 'NONE',  ( -0.0000000000000000000, 1.000000000000000000, 0.0000000000000000000 ) ) ;
#3581 = VECTOR ( 'NONE', #857, 1000.000000000000000 ) ;
#3582 = ORIENTED_EDGE ( 'NONE', *, *, #4452, .F. ) ;
#3583 = CARTESIAN_POINT ( 'NONE',  ( 1.500867674844865700, 0.9126185670350235300, -0.04070245295749637400 ) ) ;
#3584 = EDGE_LOOP ( 'NONE', ( #2506, #3742, #710, #3959 ) ) ;
#3585 = COLOUR_RGB ( '',0.7686274509803920900, 0.7686274509803920900, 0.7686274509803920900 ) ;
#3586 = DIRECTION ( 'NONE',  ( 0.0000000000000000000, 0.0000000000000000000, 1.000000000000000000 ) ) ;
#3587 = ORIENTED_EDGE ( 'NONE', *, *, #2193, .F. ) ;
#3588 = CIRCLE ( 'NONE', #1859, 0.03015999999999999900 ) ;
#3589 = DIRECTION ( 'NONE',  ( -1.000000000000000000, 0.0000000000000000000, 0.0000000000000000000 ) ) ;
#3590 = AXIS2_PLACEMENT_3D ( 'NONE', #2052, #2758, #3078 ) ;
#3591 = VERTEX_POINT ( 'NONE', #4306 ) ;
#3592 = ORIENTED_EDGE ( 'NONE', *, *, #2535, .T. ) ;
#3593 = CARTESIAN_POINT ( 'NONE',  ( 1.011182390780361400, 0.9198400000000001000, -0.6192949999999998200 ) ) ;
#3594 = CARTESIAN_POINT ( 'NONE',  ( 1.161995458704340000, 0.9248400000000001100, -0.7749822147078639900 ) ) ;
#3595 = EDGE_CURVE ( 'NONE', #1167, #2108, #1459, .T. ) ;
#3596 = B_SPLINE_CURVE_WITH_KNOTS ( 'NONE', 3,
 ( #997, #1364, #3818, #4551, #2042, #1710, #4164, #3475, #355, #2068 ),
 .UNSPECIFIED., .F., .F.,
 ( 4, 3, 3, 4 ),
 ( 0.0000000000000000000, 9.493065180756483500E-006, 1.893605998182664100E-005, 2.360435136841342600E-005 ),
 .UNSPECIFIED. ) ;
#3597 = AXIS2_PLACEMENT_3D ( 'NONE', #2964, #1906, #514 ) ;
#3598 = ORIENTED_EDGE ( 'NONE', *, *, #1960, .T. ) ;
#3599 = DIRECTION ( 'NONE',  ( 0.2793947940814949200, 0.0000000000000000000, -0.9601763114346026900 ) ) ;
#3600 = CARTESIAN_POINT ( 'NONE',  ( 0.7000007457974020100, 0.8928326330496025900, -1.419716040112426500 ) ) ;
#3601 = EDGE_LOOP ( 'NONE', ( #3262, #2294, #4373, #2452 ) ) ;
#3602 = VECTOR ( 'NONE', #2033, 1000.000000000000000 ) ;
#3603 = CARTESIAN_POINT ( 'NONE',  ( 1.501322662047238200, 0.9110063405205864900, -0.03899365947941355700 ) ) ;
#3604 = DIRECTION ( 'NONE',  ( -0.9615454294334440100, 0.0000000000000000000, -0.2746459304917040500 ) ) ;
#3605 = EDGE_CURVE ( 'NONE', #4468, #3626, #387, .T. ) ;
#3606 =( NAMED_UNIT ( * ) SI_UNIT ( $, .STERADIAN. ) SOLID_ANGLE_UNIT ( ) );
#3607 = VERTEX_POINT ( 'NONE', #3960 ) ;
#3608 = PRESENTATION_STYLE_ASSIGNMENT (( #2267 ) ) ;
#3609 = CIRCLE ( 'NONE', #308, 0.03015999999999999600 ) ;
#3610 = CYLINDRICAL_SURFACE ( 'NONE', #750, 0.03015999999999999600 ) ;
#3611 = DIRECTION ( 'NONE',  ( 1.000000000000000000, 0.0000000000000000000, 0.0000000000000000000 ) ) ;
#3612 = EDGE_CURVE ( 'NONE', #3284, #73, #4549, .T. ) ;
#3613 = VECTOR ( 'NONE', #658, 1000.000000000000000 ) ;
#3614 = DIRECTION ( 'NONE',  ( 0.2762437428917283700, 0.0000000000000000000, -0.9610876102172832800 ) ) ;
#3615 = STYLED_ITEM ( 'NONE', ( #256 ), #1298 ) ;
#3616 =( LENGTH_UNIT ( ) NAMED_UNIT ( * ) SI_UNIT ( .MILLI., .METRE. ) );
#3617 = ORIENTED_EDGE ( 'NONE', *, *, #517, .T. ) ;
#3618 = CARTESIAN_POINT ( 'NONE',  ( 0.9350013053612564700, 0.9198400000000001000, -0.6876089300860261900 ) ) ;
#3619 =( NAMED_UNIT ( * ) SI_UNIT ( $, .STERADIAN. ) SOLID_ANGLE_UNIT ( ) );
#3620 =( LENGTH_UNIT ( ) NAMED_UNIT ( * ) SI_UNIT ( .MILLI., .METRE. ) );
#3621 = UNCERTAINTY_MEASURE_WITH_UNIT (LENGTH_MEASURE( 1.000000000000000100E-005 ), #877, 'distance_accuracy_value', 'NONE');
#3622 = PRESENTATION_LAYER_ASSIGNMENT (  '', '', ( #4389 ) ) ;
#3623 = DIRECTION ( 'NONE',  ( -0.0000000000000000000, -0.0000000000000000000, -1.000000000000000000 ) ) ;
#3624 =( GEOMETRIC_REPRESENTATION_CONTEXT ( 3 ) GLOBAL_UNCERTAINTY_ASSIGNED_CONTEXT ( ( #3767 ) ) GLOBAL_UNIT_ASSIGNED_CONTEXT ( ( #3494, #2791, #1344 ) ) REPRESENTATION_CONTEXT ( 'NONE', 'WORKASPACE' ) );
#3625 = FILL_AREA_STYLE ('',( #3348 ) ) ;
#3626 = VERTEX_POINT ( 'NONE', #1538 ) ;
#3627 = CARTESIAN_POINT ( 'NONE',  ( 1.249035201614408200, 0.9198400000000001000, -0.7749822147078639900 ) ) ;
#3628 = DIRECTION ( 'NONE',  ( -1.000000000000000000, 0.0000000000000000000, 0.0000000000000000000 ) ) ;
#3629 = DIRECTION ( 'NONE',  ( -1.000000000000000000, 0.0000000000000000000, 0.0000000000000000000 ) ) ;
#3630 = SURFACE_STYLE_FILL_AREA ( #4094 ) ;
#3631 = ORIENTED_EDGE ( 'NONE', *, *, #2376, .T. ) ;
#3632 = EDGE_CURVE ( 'NONE', #2923, #1447, #3888, .T. ) ;
#3633 = DIRECTION ( 'NONE',  ( -0.2763173343569956800, 0.0000000000000000000, 0.9610664548998910700 ) ) ;
#3634 = SURFACE_SIDE_STYLE ('',( #3195 ) ) ;
#3635 = CARTESIAN_POINT ( 'NONE',  ( 1.230278812203394500, 0.9248400000000001100, -0.7749822147078639900 ) ) ;
#3636 = LINE ( 'NONE', #2638, #1446 ) ;
#3637 = EDGE_LOOP ( 'NONE', ( #2272, #2681, #2698, #856 ) ) ;
#3638 = DIRECTION ( 'NONE',  ( 0.2755520632520533900, 0.0000000000000000000, -0.9612861490927331300 ) ) ;
#3639 = PRESENTATION_LAYER_ASSIGNMENT (  '', '', ( #3881 ) ) ;
#3640 = EDGE_LOOP ( 'NONE', ( #83, #3641, #178, #3150 ) ) ;
#3641 = ORIENTED_EDGE ( 'NONE', *, *, #3792, .T. ) ;
#3642 = COLOUR_RGB ( '',0.7686274509803920900, 0.7686274509803920900, 0.7686274509803920900 ) ;
#3643 = DIRECTION ( 'NONE',  ( 0.4668459304955247000, 0.0000000000000000000, -0.8843386665637592600 ) ) ;
#3644 = CARTESIAN_POINT ( 'NONE',  ( 1.001814610692253400, 0.9248400000000001100, -0.6876089300860261900 ) ) ;
#3645 = ORIENTED_EDGE ( 'NONE', *, *, #3980, .F. ) ;
#3646 = DIRECTION ( 'NONE',  ( -1.000000000000000000, 0.0000000000000000000, 0.0000000000000000000 ) ) ;
#3647 = VECTOR ( 'NONE', #3183, 1000.000000000000000 ) ;
#3648 = FILL_AREA_STYLE_COLOUR ( '', #2789 ) ;
#3649 = AXIS2_PLACEMENT_3D ( 'NONE', #1108, #4239, #2159 ) ;
#3650 = VECTOR ( 'NONE', #3269, 1000.000000000000000 ) ;
#3651 = EDGE_LOOP ( 'NONE', ( #819, #3857, #1908, #353 ) ) ;
#3652 = SURFACE_STYLE_FILL_AREA ( #4212 ) ;
#3653 = DIRECTION ( 'NONE',  ( 0.2746459304917039400, 0.0000000000000000000, -0.9615454294334439000 ) ) ;
#3654 = VECTOR ( 'NONE', #3557, 1000.000000000000000 ) ;
#3655 = PLANE ( 'NONE',  #2463 ) ;
#3656 = EDGE_CURVE ( 'NONE', #1913, #2449, #4162, .T. ) ;
#3657 = CYLINDRICAL_SURFACE ( 'NONE', #229, 0.03015999999999999600 ) ;
#3658 = AXIS2_PLACEMENT_3D ( 'NONE', #3522, #3882, #2804 ) ;
#3659 = ORIENTED_EDGE ( 'NONE', *, *, #1553, .T. ) ;
#3660 =( NAMED_UNIT ( * ) PLANE_ANGLE_UNIT ( ) SI_UNIT ( $, .RADIAN. ) );
#3661 = LINE ( 'NONE', #845, #431 ) ;
#3662 = ORIENTED_EDGE ( 'NONE', *, *, #1927, .T. ) ;
#3663 = ADVANCED_FACE ( 'NONE', ( #335 ), #1183, .F. ) ;
#3664 = VECTOR ( 'NONE', #1100, 1000.000000000000000 ) ;
#3665 = VECTOR ( 'NONE', #1455, 1000.000000000000000 ) ;
#3666 = EDGE_CURVE ( 'NONE', #3259, #126, #50, .T. ) ;
#3667 = DIRECTION ( 'NONE',  ( -1.355252715606881500E-016, -1.000000000000000000, 0.0000000000000000000 ) ) ;
#3668 = LINE ( 'NONE', #1363, #605 ) ;
#3669 =( LENGTH_UNIT ( ) NAMED_UNIT ( * ) SI_UNIT ( .MILLI., .METRE. ) );
#3670 = FACE_OUTER_BOUND ( 'NONE', #3801, .T. ) ;
#3671 = CARTESIAN_POINT ( 'NONE',  ( 0.03015999999999999600, 0.0000000000000000000, -1.450000000000000000 ) ) ;
#3672 = MECHANICAL_DESIGN_GEOMETRIC_PRESENTATION_REPRESENTATION (  '', ( #4457 ), #3692 ) ;
#3673 = ADVANCED_FACE ( 'NONE', ( #3943 ), #3458, .T. ) ;
#3674 = CARTESIAN_POINT ( 'NONE',  ( 2.169840000000000200, 0.9198399999999999900, -1.450000000000000000 ) ) ;
#3675 = CARTESIAN_POINT ( 'NONE',  ( 0.0000000000000000000, 0.03015999999999999900, -1.419840000000000000 ) ) ;
#3676 = SURFACE_STYLE_USAGE ( .BOTH. , #198 ) ;
#3677 = CARTESIAN_POINT ( 'NONE',  ( 0.7000000000000000700, 0.9198399999999999900, -1.450000000000000000 ) ) ;
#3678 = UNCERTAINTY_MEASURE_WITH_UNIT (LENGTH_MEASURE( 1.000000000000000100E-005 ), #537, 'distance_accuracy_value', 'NONE');
#3679 = DIRECTION ( 'NONE',  ( 0.0000000000000000000, 0.0000000000000000000, 1.000000000000000000 ) ) ;
#3680 =( LENGTH_UNIT ( ) NAMED_UNIT ( * ) SI_UNIT ( .MILLI., .METRE. ) );
#3681 = LINE ( 'NONE', #3247, #3947 ) ;
#3682 = CARTESIAN_POINT ( 'NONE',  ( 1.321880355598389800, 0.9248400000000001100, -0.6192949999999999300 ) ) ;
#3683 = CARTESIAN_POINT ( 'NONE',  ( 0.9432126104080137400, 0.9248400000000001100, -0.7163901554708268500 ) ) ;
#3684 = ORIENTED_EDGE ( 'NONE', *, *, #1341, .T. ) ;
#3685 = EDGE_CURVE ( 'NONE', #2844, #470, #2636, .T. ) ;
#3686 =( LENGTH_UNIT ( ) NAMED_UNIT ( * ) SI_UNIT ( .MILLI., .METRE. ) );
#3687 = CARTESIAN_POINT ( 'NONE',  ( 0.03015999999999999600, 0.9198399999999999900, -1.450000000000000000 ) ) ;
#3688 = CARTESIAN_POINT ( 'NONE',  ( 1.249035201614408200, 0.9198400000000001000, -0.7749822147078639900 ) ) ;
#3689 = VERTEX_POINT ( 'NONE', #425 ) ;
#3690 = CARTESIAN_POINT ( 'NONE',  ( 2.200000000000000200, 0.03015999999999999900, -0.03015999999999999900 ) ) ;
#3691 = DIRECTION ( 'NONE',  ( 0.0000000000000000000, -1.000000000000000000, 0.0000000000000000000 ) ) ;
#3693 = ORIENTED_EDGE ( 'NONE', *, *, #385, .T. ) ;
#3692 =( GEOMETRIC_REPRESENTATION_CONTEXT ( 3 ) GLOBAL_UNCERTAINTY_ASSIGNED_CONTEXT ( ( #260 ) ) GLOBAL_UNIT_ASSIGNED_CONTEXT ( ( #3669, #1885, #173 ) ) REPRESENTATION_CONTEXT ( 'NONE', 'WORKASPACE' ) );
#3694 = LINE ( 'NONE', #2502, #3148 ) ;
#3695 = ORIENTED_EDGE ( 'NONE', *, *, #4059, .T. ) ;
#3696 = CIRCLE ( 'NONE', #565, 0.03015999999999999600 ) ;
#3697 = CARTESIAN_POINT ( 'NONE',  ( 0.6993472215294405100, 0.04118048353967053400, -0.03680683541915623400 ) ) ;
#3698 =( NAMED_UNIT ( * ) SI_UNIT ( $, .STERADIAN. ) SOLID_ANGLE_UNIT ( ) );
#3699 = ORIENTED_EDGE ( 'NONE', *, *, #3211, .T. ) ;
#3700 = ORIENTED_EDGE ( 'NONE', *, *, #1436, .T. ) ;
#3701 = CIRCLE ( 'NONE', #1357, 0.03015999999999999900 ) ;
#3702 =( NAMED_UNIT ( * ) SI_UNIT ( $, .STERADIAN. ) SOLID_ANGLE_UNIT ( ) );
#3703 = PRESENTATION_LAYER_ASSIGNMENT (  '', '', ( #484 ) ) ;
#3704 = UNCERTAINTY_MEASURE_WITH_UNIT (LENGTH_MEASURE( 1.000000000000000100E-005 ), #1742, 'distance_accuracy_value', 'NONE');
#3705 = EDGE_LOOP ( 'NONE', ( #3659, #1182, #3582 ) ) ;
#3706 =( LENGTH_UNIT ( ) NAMED_UNIT ( * ) SI_UNIT ( .MILLI., .METRE. ) );
#3707 = CIRCLE ( 'NONE', #1213, 0.03015999999999999600 ) ;
#3708 =( GEOMETRIC_REPRESENTATION_CONTEXT ( 3 ) GLOBAL_UNCERTAINTY_ASSIGNED_CONTEXT ( ( #1239 ) ) GLOBAL_UNIT_ASSIGNED_CONTEXT ( ( #4129, #315, #3400 ) ) REPRESENTATION_CONTEXT ( 'NONE', 'WORKASPACE' ) );
#3709 = ORIENTED_EDGE ( 'NONE', *, *, #2557, .F. ) ;
#3710 = VECTOR ( 'NONE', #3413, 1000.000000000000000 ) ;
#3711 =( NAMED_UNIT ( * ) SI_UNIT ( $, .STERADIAN. ) SOLID_ANGLE_UNIT ( ) );
#3712 = LINE ( 'NONE', #356, #2073 ) ;
#3713 = SURFACE_SIDE_STYLE ('',( #4354 ) ) ;
#3714 = ORIENTED_EDGE ( 'NONE', *, *, #2910, .F. ) ;
#3715 =( LENGTH_UNIT ( ) NAMED_UNIT ( * ) SI_UNIT ( .MILLI., .METRE. ) );
#3716 = VECTOR ( 'NONE', #1215, 1000.000000000000000 ) ;
#3717 = PRESENTATION_STYLE_ASSIGNMENT (( #748 ) ) ;
#3718 = AXIS2_PLACEMENT_3D ( 'NONE', #2416, #4467, #4486 ) ;
#3719 = FILL_AREA_STYLE ('',( #3336 ) ) ;
#3720 = ORIENTED_EDGE ( 'NONE', *, *, #783, .T. ) ;
#3721 = LINE ( 'NONE', #4178, #661 ) ;
#3722 = CARTESIAN_POINT ( 'NONE',  ( 0.7000000000000001800, 0.03315942190729272200, -0.03315942190729272200 ) ) ;
#3723 = FACE_OUTER_BOUND ( 'NONE', #659, .T. ) ;
#3724 = DIRECTION ( 'NONE',  ( 1.000000000000000000, 0.0000000000000000000, 0.0000000000000000000 ) ) ;
#3725 = CARTESIAN_POINT ( 'NONE',  ( 1.321880355598389800, 0.9198400000000001000, -0.6192949999999999300 ) ) ;
#3726 = EDGE_CURVE ( 'NONE', #496, #737, #2911, .T. ) ;
#3727 = SURFACE_SIDE_STYLE ('',( #1955 ) ) ;
#3728 = DIRECTION ( 'NONE',  ( 1.000000000000000000, -0.0000000000000000000, -0.0000000000000000000 ) ) ;
#3729 = SURFACE_SIDE_STYLE ('',( #466 ) ) ;
#3730 = COLOUR_RGB ( '',0.7686274509803920900, 0.7686274509803920900, 0.7686274509803920900 ) ;
#3731 = PRESENTATION_LAYER_ASSIGNMENT (  '', '', ( #3953 ) ) ;
#3732 = ADVANCED_FACE ( 'NONE', ( #3067 ), #4026, .F. ) ;
#3733 = ADVANCED_FACE ( 'NONE', ( #3723 ), #559, .T. ) ;
#3734 = UNCERTAINTY_MEASURE_WITH_UNIT (LENGTH_MEASURE( 1.000000000000000100E-005 ), #4014, 'distance_accuracy_value', 'NONE');
#3735 = ORIENTED_EDGE ( 'NONE', *, *, #45, .T. ) ;
#3736 = CARTESIAN_POINT ( 'NONE',  ( 0.6986773379527614300, 0.9110063405205864900, -0.03899365947941350200 ) ) ;
#3737 = AXIS2_PLACEMENT_3D ( 'NONE', #2474, #3854, #3144 ) ;
#3738 = CARTESIAN_POINT ( 'NONE',  ( 0.7000000000000000700, 0.03015999999999977700, -1.450000000000000000 ) ) ;
#3739 = DIRECTION ( 'NONE',  ( 0.0000000000000000000, 0.0000000000000000000, 1.000000000000000000 ) ) ;
#3740 = CARTESIAN_POINT ( 'NONE',  ( 2.200000000000000200, 0.9499999999999999600, -1.419840000000000000 ) ) ;
#3741 =( NAMED_UNIT ( * ) PLANE_ANGLE_UNIT ( ) SI_UNIT ( $, .RADIAN. ) );
#3742 = ORIENTED_EDGE ( 'NONE', *, *, #2657, .T. ) ;
#3743 = EDGE_CURVE ( 'NONE', #3985, #3817, #1807, .T. ) ;
#3744 = STYLED_ITEM ( 'NONE', ( #4050 ), #3493 ) ;
#3745 = CARTESIAN_POINT ( 'NONE',  ( 0.7000000000000481400, 0.05874608454965606100, -0.03015999999999687700 ) ) ;
#3746 = CARTESIAN_POINT ( 'NONE',  ( 0.6698400000000001000, 0.03015999999999999900, -0.03015999999999999600 ) ) ;
#3747 = ORIENTED_EDGE ( 'NONE', *, *, #122, .F. ) ;
#3748 =( NAMED_UNIT ( * ) PLANE_ANGLE_UNIT ( ) SI_UNIT ( $, .RADIAN. ) );
#3749 = STYLED_ITEM ( 'NONE', ( #2899 ), #4495 ) ;
#3750 = VECTOR ( 'NONE', #1237, 1000.000000000000000 ) ;
#3751 = LINE ( 'NONE', #2123, #403 ) ;
#3752 = EDGE_LOOP ( 'NONE', ( #628, #2608, #1257, #3918 ) ) ;
#3753 = EDGE_CURVE ( 'NONE', #2612, #1180, #1043, .T. ) ;
#3754 = CARTESIAN_POINT ( 'NONE',  ( 1.501322662047238200, 0.03899365947941345300, -0.03899365947941344600 ) ) ;
#3755 = DIRECTION ( 'NONE',  ( 0.4668459304955247000, 0.0000000000000000000, -0.8843386665637592600 ) ) ;
#3756 = CARTESIAN_POINT ( 'NONE',  ( 2.200000000000000200, 0.03015999999999999900, -1.419840000000000000 ) ) ;
#3757 = ADVANCED_FACE ( 'NONE', ( #3670 ), #880, .F. ) ;
#3758 = ORIENTED_EDGE ( 'NONE', *, *, #2168, .F. ) ;
#3759 =( NAMED_UNIT ( * ) PLANE_ANGLE_UNIT ( ) SI_UNIT ( $, .RADIAN. ) );
#3760 = VERTEX_POINT ( 'NONE', #1232 ) ;
#3761 = FILL_AREA_STYLE ('',( #112 ) ) ;
#3762 = STYLED_ITEM ( 'NONE', ( #4210 ), #159 ) ;
#3763 = ORIENTED_EDGE ( 'NONE', *, *, #3270, .T. ) ;
#3764 = FACE_OUTER_BOUND ( 'NONE', #920, .T. ) ;
#3765 = CIRCLE ( 'NONE', #1654, 0.03015999999999999600 ) ;
#3766 = DIRECTION ( 'NONE',  ( 1.000000000000000000, 0.0000000000000000000, 0.0000000000000000000 ) ) ;
#3767 = UNCERTAINTY_MEASURE_WITH_UNIT (LENGTH_MEASURE( 1.000000000000000100E-005 ), #3494, 'distance_accuracy_value', 'NONE');
#3768 = ORIENTED_EDGE ( 'NONE', *, *, #1842, .F. ) ;
#3769 = SURFACE_SIDE_STYLE ('',( #306 ) ) ;
#3770 = AXIS2_PLACEMENT_3D ( 'NONE', #2946, #4324, #3261 ) ;
#3771 = CARTESIAN_POINT ( 'NONE',  ( 0.6999768890088268200, 0.9179782548585808700, -0.04942254363304885600 ) ) ;
#3772 = ORIENTED_EDGE ( 'NONE', *, *, #517, .F. ) ;
#3773 = LINE ( 'NONE', #1947, #2027 ) ;
#3774 = DIRECTION ( 'NONE',  ( 0.0000000000000000000, -1.000000000000000000, 0.0000000000000000000 ) ) ;
#3775 = VECTOR ( 'NONE', #1226, 1000.000000000000000 ) ;
#3776 = CARTESIAN_POINT ( 'NONE',  ( 0.8187618164974057600, 0.9248400000000001100, -0.7038289321678942200 ) ) ;
#3777 = MECHANICAL_DESIGN_GEOMETRIC_PRESENTATION_REPRESENTATION (  '', ( #1485 ), #1512 ) ;
#3778 = ORIENTED_EDGE ( 'NONE', *, *, #696, .T. ) ;
#3779 = VECTOR ( 'NONE', #1785, 1000.000000000000100 ) ;
#3780 = COLOUR_RGB ( '',0.7686274509803920900, 0.7686274509803920900, 0.7686274509803920900 ) ;
#3781 = FILL_AREA_STYLE_COLOUR ( '', #3105 ) ;
#3782 = ADVANCED_FACE ( 'NONE', ( #4217 ), #4009, .F. ) ;
#3783 = MECHANICAL_DESIGN_GEOMETRIC_PRESENTATION_REPRESENTATION (  '', ( #4182 ), #1195 ) ;
#3784 = EDGE_CURVE ( 'NONE', #2044, #1351, #2419, .T. ) ;
#3785 = ADVANCED_FACE ( 'NONE', ( #1423 ), #3176, .T. ) ;
#3786 = VECTOR ( 'NONE', #1507, 1000.000000000000000 ) ;
#3787 = CARTESIAN_POINT ( 'NONE',  ( 1.204254097212066600, 0.9198400000000001000, -0.6192949999999999300 ) ) ;
#3788 = CARTESIAN_POINT ( 'NONE',  ( 1.501322662047238200, 0.03899365947941345300, -0.03899365947941344600 ) ) ;
#3789 = COLOUR_RGB ( '',0.7686274509803920900, 0.7686274509803920900, 0.7686274509803920900 ) ;
#3790 = DIRECTION ( 'NONE',  ( 0.7145695586381789500, 0.0000000000000000000, -0.6995643972270444400 ) ) ;
#3791 = SURFACE_SIDE_STYLE ('',( #3113 ) ) ;
#3792 = EDGE_CURVE ( 'NONE', #367, #1784, #4157, .T. ) ;
#3793 = CARTESIAN_POINT ( 'NONE',  ( 0.7482703236758261300, 0.9248400000000001100, -0.6192949999999999300 ) ) ;
#3794 = CARTESIAN_POINT ( 'NONE',  ( 0.6986773379527614300, 0.9110063405205864900, -1.411006340520586400 ) ) ;
#3795 = ORIENTED_EDGE ( 'NONE', *, *, #1350, .T. ) ;
#3796 = DIRECTION ( 'NONE',  ( -0.0000000000000000000, -1.000000000000000000, -0.0000000000000000000 ) ) ;
#3797 = DIRECTION ( 'NONE',  ( 0.0000000000000000000, -1.000000000000000000, 0.0000000000000000000 ) ) ;
#3798 = CARTESIAN_POINT ( 'NONE',  ( 1.010280595901991200, 0.9198400000000001000, -0.6489145870383743500 ) ) ;
#3799 = CARTESIAN_POINT ( 'NONE',  ( 1.230278812203394500, 0.9248400000000001100, -0.7749822147078639900 ) ) ;
#3800 = SURFACE_SIDE_STYLE ('',( #3498 ) ) ;
#3801 = EDGE_LOOP ( 'NONE', ( #2436, #1820, #4515, #2576 ) ) ;
#3802 =( NAMED_UNIT ( * ) SI_UNIT ( $, .STERADIAN. ) SOLID_ANGLE_UNIT ( ) );
#3803 = ADVANCED_FACE ( 'NONE', ( #662 ), #3833, .F. ) ;
#3804 =( LENGTH_UNIT ( ) NAMED_UNIT ( * ) SI_UNIT ( .MILLI., .METRE. ) );
#3805 = PRODUCT_DEFINITION_CONTEXT ( 'detailed design', #1562, 'design' ) ;
#3806 = EDGE_CURVE ( 'NONE', #4088, #693, #2634, .T. ) ;
#3807 = LINE ( 'NONE', #884, #3750 ) ;
#3808 = EDGE_LOOP ( 'NONE', ( #4133, #6, #3720 ) ) ;
#3809 = AXIS2_PLACEMENT_3D ( 'NONE', #2041, #1044, #2067 ) ;
#3810 = VECTOR ( 'NONE', #3869, 1000.000000000000000 ) ;
#3811 = VERTEX_POINT ( 'NONE', #1007 ) ;
#3812 = CYLINDRICAL_SURFACE ( 'NONE', #318, 0.03015999999999999900 ) ;
#3813 = VERTEX_POINT ( 'NONE', #630 ) ;
#3814 = SURFACE_STYLE_FILL_AREA ( #4075 ) ;
#3815 = FILL_AREA_STYLE ('',( #4500 ) ) ;
#3817 = VERTEX_POINT ( 'NONE', #1328 ) ;
#3816 = EDGE_CURVE ( 'NONE', #4555, #1299, #4271, .T. ) ;
#3818 = CARTESIAN_POINT ( 'NONE',  ( 1.500338001875949600, 0.9061985970721369000, -0.03488872359085054600 ) ) ;
#3819 = ORIENTED_EDGE ( 'NONE', *, *, #2817, .T. ) ;
#3820 = VERTEX_POINT ( 'NONE', #1729 ) ;
#3821 = MECHANICAL_DESIGN_GEOMETRIC_PRESENTATION_REPRESENTATION (  '', ( #2484 ), #830 ) ;
#3822 = VECTOR ( 'NONE', #3599, 1000.000000000000000 ) ;
#3823 =( BOUNDED_CURVE ( )  B_SPLINE_CURVE ( 3, ( #2350, #244, #2316, #3754 ),
 .UNSPECIFIED., .F., .T. ) 
 B_SPLINE_CURVE_WITH_KNOTS ( ( 4, 4 ),
 ( 4.712388980384680800, 5.009640341705886800 ),
 .UNSPECIFIED. ) 
 CURVE ( )  GEOMETRIC_REPRESENTATION_ITEM ( )  RATIONAL_B_SPLINE_CURVE ( ( 1.000000000000000000, 0.9926503465430338600, 0.9926503465430338600, 1.000000000000000000 ) ) 
 REPRESENTATION_ITEM ( '' )  );
#3824 = ORIENTED_EDGE ( 'NONE', *, *, #1779, .F. ) ;
#3825 =( NAMED_UNIT ( * ) SI_UNIT ( $, .STERADIAN. ) SOLID_ANGLE_UNIT ( ) );
#3826 = FACE_OUTER_BOUND ( 'NONE', #352, .T. ) ;
#3827 = ADVANCED_FACE ( 'NONE', ( #439 ), #2743, .F. ) ;
#3828 = FACE_OUTER_BOUND ( 'NONE', #566, .T. ) ;
#3829 = AXIS2_PLACEMENT_3D ( 'NONE', #2402, #268, #1712 ) ;
#3830 = EDGE_LOOP ( 'NONE', ( #1935, #20, #3059, #1632 ) ) ;
#3831 = LINE ( 'NONE', #4010, #2902 ) ;
#3832 = CIRCLE ( 'NONE', #59, 0.03015999999999999900 ) ;
#3833 = PLANE ( 'NONE',  #3072 ) ;
#3834 = DIRECTION ( 'NONE',  ( 0.0000000000000000000, 0.0000000000000000000, 1.000000000000000000 ) ) ;
#3835 = CARTESIAN_POINT ( 'NONE',  ( 0.7000000000000001800, 0.8896800000000000300, -0.03015999999999956200 ) ) ;
#3836 = ORIENTED_EDGE ( 'NONE', *, *, #261, .T. ) ;
#3837 = SURFACE_STYLE_FILL_AREA ( #4370 ) ;
#3838 = DIRECTION ( 'NONE',  ( 0.0000000000000000000, 0.0000000000000000000, 1.000000000000000000 ) ) ;
#3839 = LINE ( 'NONE', #1648, #821 ) ;
#3840 = ADVANCED_FACE ( 'NONE', ( #499 ), #995, .F. ) ;
#3841 = EDGE_CURVE ( 'NONE', #850, #2763, #3668, .T. ) ;
#3842 = DIRECTION ( 'NONE',  ( 0.0000000000000000000, -1.000000000000000000, 0.0000000000000000000 ) ) ;
#3843 = DIRECTION ( 'NONE',  ( 0.2765379750249968800, 0.0000000000000000000, -0.9610029908221275900 ) ) ;
#3844 = COLOUR_RGB ( '',0.7686274509803920900, 0.7686274509803920900, 0.7686274509803920900 ) ;
#3845 = EDGE_CURVE ( 'NONE', #4130, #1830, #770, .T. ) ;
#3846 = PRESENTATION_STYLE_ASSIGNMENT (( #1374 ) ) ;
#3847 = CARTESIAN_POINT ( 'NONE',  ( 2.169840000000000200, 0.03015999999999999900, -1.419840000000000000 ) ) ;
#3848 =( LENGTH_UNIT ( ) NAMED_UNIT ( * ) SI_UNIT ( .MILLI., .METRE. ) );
#3849 = UNCERTAINTY_MEASURE_WITH_UNIT (LENGTH_MEASURE( 1.000000000000000100E-005 ), #1258, 'distance_accuracy_value', 'NONE');
#3850 = AXIS2_PLACEMENT_3D ( 'NONE', #3280, #1207, #2251 ) ;
#3851 = CARTESIAN_POINT ( 'NONE',  ( 0.6992938555647560900, 0.04163126649991991100, -1.413351857556241800 ) ) ;
#3852 = ADVANCED_FACE ( 'NONE', ( #3394 ), #2428, .F. ) ;
#3853 = FILL_AREA_STYLE_COLOUR ( '', #1347 ) ;
#3854 = DIRECTION ( 'NONE',  ( 1.000000000000000000, 0.0000000000000000000, -0.0000000000000000000 ) ) ;
#3855 = MANIFOLD_SOLID_BREP ( 'Fillet3', #3347 ) ;
#3856 = FILL_AREA_STYLE ('',( #4219 ) ) ;
#3857 = ORIENTED_EDGE ( 'NONE', *, *, #74, .T. ) ;
#3858 = ORIENTED_EDGE ( 'NONE', *, *, #676, .F. ) ;
#3859 = LINE ( 'NONE', #239, #1499 ) ;
#3860 = VERTEX_POINT ( 'NONE', #3788 ) ;
#3861 = PRESENTATION_LAYER_ASSIGNMENT (  '', '', ( #3914 ) ) ;
#3862 = CARTESIAN_POINT ( 'NONE',  ( 1.499999999999999800, 0.9198400000000001000, -0.03015999999999956200 ) ) ;
#3863 = ORIENTED_EDGE ( 'NONE', *, *, #2639, .T. ) ;
#3864 = ORIENTED_EDGE ( 'NONE', *, *, #230, .F. ) ;
#3865 = PRESENTATION_STYLE_ASSIGNMENT (( #898 ) ) ;
#3866 = CARTESIAN_POINT ( 'NONE',  ( 0.6698400000000001000, 0.03015999999999999900, -1.450000000000000000 ) ) ;
#3867 = ORIENTED_EDGE ( 'NONE', *, *, #3632, .T. ) ;
#3868 = VECTOR ( 'NONE', #3653, 1000.000000000000100 ) ;
#3869 = DIRECTION ( 'NONE',  ( 0.0000000000000000000, 0.0000000000000000000, 1.000000000000000000 ) ) ;
#3870 = ORIENTED_EDGE ( 'NONE', *, *, #134, .F. ) ;
#3871 = VECTOR ( 'NONE', #1543, 1000.000000000000000 ) ;
#3872 = DIRECTION ( 'NONE',  ( -1.000000000000000000, 0.0000000000000000000, 0.0000000000000000000 ) ) ;
#3873 = EDGE_CURVE ( 'NONE', #2923, #3259, #4433, .T. ) ;
#3874 = ORIENTED_EDGE ( 'NONE', *, *, #13, .T. ) ;
#3875 = PRESENTATION_STYLE_ASSIGNMENT (( #1734 ) ) ;
#3876 = PLANE ( 'NONE',  #3920 ) ;
#3877 = DIRECTION ( 'NONE',  ( -1.000000000000000000, 0.0000000000000000000, 0.0000000000000000000 ) ) ;
#3878 = UNCERTAINTY_MEASURE_WITH_UNIT (LENGTH_MEASURE( 1.000000000000000100E-005 ), #2148, 'distance_accuracy_value', 'NONE');
#3879 = CARTESIAN_POINT ( 'NONE',  ( 0.6998197127942359400, 0.9033832207140214400, -1.416547216864849200 ) ) ;
#3880 = ORIENTED_EDGE ( 'NONE', *, *, #1932, .F. ) ;
#3881 = STYLED_ITEM ( 'NONE', ( #712 ), #618 ) ;
#3882 = DIRECTION ( 'NONE',  ( 0.0000000000000000000, 1.000000000000000000, 0.0000000000000000000 ) ) ;
#3883 = ORIENTED_EDGE ( 'NONE', *, *, #2031, .F. ) ;
#3884 = CIRCLE ( 'NONE', #4331, 0.03015999999999999600 ) ;
#3885 = MECHANICAL_DESIGN_GEOMETRIC_PRESENTATION_REPRESENTATION (  '', ( #4202 ), #3092 ) ;
#3886 = DIRECTION ( 'NONE',  ( 0.9610664548998910700, 0.0000000000000000000, 0.2763173343569956800 ) ) ;
#3887 = DIRECTION ( 'NONE',  ( -0.9620200793798756600, 0.0000000000000000000, -0.2729786930695101700 ) ) ;
#3888 = LINE ( 'NONE', #2932, #666 ) ;
#3889 = CARTESIAN_POINT ( 'NONE',  ( 0.6698400000000001000, 0.0000000000000000000, 0.0000000000000000000 ) ) ;
#3890 = EDGE_CURVE ( 'NONE', #1450, #3118, #722, .T. ) ;
#3891 = SURFACE_STYLE_USAGE ( .BOTH. , #3546 ) ;
#3892 = MECHANICAL_DESIGN_GEOMETRIC_PRESENTATION_REPRESENTATION (  '', ( #3334 ), #697 ) ;
#3893 = CARTESIAN_POINT ( 'NONE',  ( 1.499999999999999600, 0.03015999999999988800, -1.389680000000000200 ) ) ;
#3894 =( LENGTH_UNIT ( ) NAMED_UNIT ( * ) SI_UNIT ( .MILLI., .METRE. ) );
#3895 = EDGE_CURVE ( 'NONE', #3860, #3329, #3087, .T. ) ;
#3896 =( NAMED_UNIT ( * ) SI_UNIT ( $, .STERADIAN. ) SOLID_ANGLE_UNIT ( ) );
#3897 = CARTESIAN_POINT ( 'NONE',  ( 0.6998927966324234300, 0.03292877063282483700, -0.04726016830809431200 ) ) ;
#3898 =( NAMED_UNIT ( * ) SI_UNIT ( $, .STERADIAN. ) SOLID_ANGLE_UNIT ( ) );
#3899 = VERTEX_POINT ( 'NONE', #105 ) ;
#3900 = MECHANICAL_DESIGN_GEOMETRIC_PRESENTATION_REPRESENTATION (  '', ( #3283 ), #1411 ) ;
#3901 = ORIENTED_EDGE ( 'NONE', *, *, #1222, .T. ) ;
#3902 = CARTESIAN_POINT ( 'NONE',  ( 1.501322662047238200, 0.03899365947941345300, -0.03899365947941344600 ) ) ;
#3903 = DIRECTION ( 'NONE',  ( 1.000000000000000000, 0.0000000000000000000, 0.0000000000000000000 ) ) ;
#3904 = DIRECTION ( 'NONE',  ( 0.0000000000000000000, -1.000000000000000000, 0.0000000000000000000 ) ) ;
#3905 = AXIS2_PLACEMENT_3D ( 'NONE', #1273, #569, #3008 ) ;
#3906 = LINE ( 'NONE', #2938, #848 ) ;
#3907 = ORIENTED_EDGE ( 'NONE', *, *, #734, .F. ) ;
#3908 = LINE ( 'NONE', #1445, #3361 ) ;
#3909 = CARTESIAN_POINT ( 'NONE',  ( 2.200000000000000200, 0.0000000000000000000, -0.03015999999999999900 ) ) ;
#3910 = ORIENTED_EDGE ( 'NONE', *, *, #1612, .T. ) ;
#3911 = CARTESIAN_POINT ( 'NONE',  ( 1.112818810086575500, 0.9248400000000001100, -0.7749822147078639900 ) ) ;
#3912 = LINE ( 'NONE', #2476, #1014 ) ;
#3913 = ORIENTED_EDGE ( 'NONE', *, *, #2256, .F. ) ;
#3914 = STYLED_ITEM ( 'NONE', ( #2062 ), #2747 ) ;
#3915 = SURFACE_STYLE_FILL_AREA ( #1926 ) ;
#3916 = CARTESIAN_POINT ( 'NONE',  ( 0.9239762105532929300, 0.9248400000000001100, -0.6489145870383743500 ) ) ;
#3917 = CARTESIAN_POINT ( 'NONE',  ( 1.499999999999999800, 0.9198400000000001000, -0.03015999999999956200 ) ) ;
#3918 = ORIENTED_EDGE ( 'NONE', *, *, #709, .F. ) ;
#3919 = VERTEX_POINT ( 'NONE', #1536 ) ;
#3920 = AXIS2_PLACEMENT_3D ( 'NONE', #2195, #3544, #1156 ) ;
#3921 = CARTESIAN_POINT ( 'NONE',  ( 0.03015999999999999600, 0.03015999999999999900, -1.419840000000000000 ) ) ;
#3923 = ORIENTED_EDGE ( 'NONE', *, *, #1165, .F. ) ;
#3922 = EDGE_CURVE ( 'NONE', #3548, #3337, #3884, .T. ) ;
#3924 = CARTESIAN_POINT ( 'NONE',  ( 1.530159999999999500, 0.03015999999999999900, 0.0000000000000000000 ) ) ;
#3925 = CARTESIAN_POINT ( 'NONE',  ( 0.7000000000000001800, 0.0000000000000000000, -0.03015999999999956200 ) ) ;
#3926 = VERTEX_POINT ( 'NONE', #4334 ) ;
#3927 = DIRECTION ( 'NONE',  ( -1.000000000000000000, 0.0000000000000000000, 0.0000000000000000000 ) ) ;
#3928 = MECHANICAL_DESIGN_GEOMETRIC_PRESENTATION_REPRESENTATION (  '', ( #1174 ), #1795 ) ;
#3929 = CARTESIAN_POINT ( 'NONE',  ( 1.257000347270177800, 0.9248400000000001100, -0.6489202676364155300 ) ) ;
#3930 = FACE_OUTER_BOUND ( 'NONE', #2665, .T. ) ;
#3931 = DIRECTION ( 'NONE',  ( -0.2740217765953990600, 0.0000000000000000000, 0.9617234872620619200 ) ) ;
#3932 = VERTEX_POINT ( 'NONE', #3278 ) ;
#3933 = VECTOR ( 'NONE', #532, 1000.000000000000000 ) ;
#3934 = VECTOR ( 'NONE', #1921, 1000.000000000000000 ) ;
#3935 = DIRECTION ( 'NONE',  ( 1.000000000000000000, -0.0000000000000000000, -0.0000000000000000000 ) ) ;
#3936 = VECTOR ( 'NONE', #4055, 1000.000000000000000 ) ;
#3937 = PRESENTATION_LAYER_ASSIGNMENT (  '', '', ( #2456 ) ) ;
#3938 = EDGE_LOOP ( 'NONE', ( #2236, #1093, #2771, #4123 ) ) ;
#3939 = FILL_AREA_STYLE_COLOUR ( '', #1038 ) ;
#3940 = VECTOR ( 'NONE', #300, 1000.000000000000000 ) ;
#3941 = DIRECTION ( 'NONE',  ( 1.539402763017535200E-015, 0.0000000000000000000, -1.000000000000000000 ) ) ;
#3942 = DIRECTION ( 'NONE',  ( -0.4443210308329503300, 0.0000000000000000000, 0.8958676361826809500 ) ) ;
#3943 = FACE_OUTER_BOUND ( 'NONE', #1391, .T. ) ;
#3944 =( NAMED_UNIT ( * ) SI_UNIT ( $, .STERADIAN. ) SOLID_ANGLE_UNIT ( ) );
#3945 = LINE ( 'NONE', #646, #2038 ) ;
#3946 = CARTESIAN_POINT ( 'NONE',  ( 1.276256629218999000, 0.9248400000000001100, -0.7163849482553281700 ) ) ;
#3947 = VECTOR ( 'NONE', #3904, 1000.000000000000000 ) ;
#3948 = UNCERTAINTY_MEASURE_WITH_UNIT (LENGTH_MEASURE( 1.000000000000000100E-005 ), #3068, 'distance_accuracy_value', 'NONE');
#3949 = EDGE_CURVE ( 'NONE', #1674, #3447, #157, .T. ) ;
#3950 = EDGE_LOOP ( 'NONE', ( #2663, #4309, #1623, #2156 ) ) ;
#3951 = CARTESIAN_POINT ( 'NONE',  ( 1.185949315502146600, 0.9248400000000001100, -0.7585667053626864400 ) ) ;
#3952 =( LENGTH_UNIT ( ) NAMED_UNIT ( * ) SI_UNIT ( .MILLI., .METRE. ) );
#3953 = STYLED_ITEM ( 'NONE', ( #3717 ), #583 ) ;
#3954 = ORIENTED_EDGE ( 'NONE', *, *, #473, .T. ) ;
#3955 = CARTESIAN_POINT ( 'NONE',  ( 0.8402060757374382200, 0.9248400000000001100, -0.7749822147078639900 ) ) ;
#3956 = PLANE ( 'NONE',  #2314 ) ;
#3957 = EDGE_LOOP ( 'NONE', ( #833, #3864, #1243, #135 ) ) ;
#3958 = CARTESIAN_POINT ( 'NONE',  ( 1.501322662047238200, 0.03899365947941345300, -1.411006340520586400 ) ) ;
#3959 = ORIENTED_EDGE ( 'NONE', *, *, #3806, .T. ) ;
#3960 = CARTESIAN_POINT ( 'NONE',  ( 1.343068987783590400, 0.9248400000000001100, -0.7163849482553281700 ) ) ;
#3961 = PRESENTATION_LAYER_ASSIGNMENT (  '', '', ( #2252 ) ) ;
#3962 = ORIENTED_EDGE ( 'NONE', *, *, #3572, .T. ) ;
#3963 = VERTEX_POINT ( 'NONE', #781 ) ;
#3964 = SPHERICAL_SURFACE ( 'NONE', #638, 0.03015999999999999900 ) ;
#3965 = VERTEX_POINT ( 'NONE', #2249 ) ;
#3966 = CARTESIAN_POINT ( 'NONE',  ( 1.530159999999999500, 0.9198399999999999900, 0.0000000000000000000 ) ) ;
#3967 = CARTESIAN_POINT ( 'NONE',  ( 1.204254097212066600, 0.9248400000000001100, -0.6192949999999999300 ) ) ;
#3968 = EDGE_CURVE ( 'NONE', #2241, #1996, #1803, .T. ) ;
#3969 = STYLED_ITEM ( 'NONE', ( #1974 ), #3673 ) ;
#3970 = EDGE_LOOP ( 'NONE', ( #796, #1333, #2715, #3542 ) ) ;
#3971 = CIRCLE ( 'NONE', #1181, 0.03015999999999999600 ) ;
#3972 = PLANE ( 'NONE',  #4272 ) ;
#3973 = VERTEX_POINT ( 'NONE', #3946 ) ;
#3974 = CYLINDRICAL_SURFACE ( 'NONE', #2487, 0.03015999999999999600 ) ;
#3975 = SURFACE_STYLE_FILL_AREA ( #3111 ) ;
#3976 = STYLED_ITEM ( 'NONE', ( #1085 ), #4505 ) ;
#3977 = DIRECTION ( 'NONE',  ( 0.0000000000000000000, 0.0000000000000000000, -1.000000000000000000 ) ) ;
#3978 = FACE_OUTER_BOUND ( 'NONE', #1087, .T. ) ;
#3979 = CARTESIAN_POINT ( 'NONE',  ( 0.6698400000000001000, 0.9198399999999999900, -0.03015999999999999900 ) ) ;
#3980 = EDGE_CURVE ( 'NONE', #128, #1167, #1206, .T. ) ;
#3981 = DIRECTION ( 'NONE',  ( -0.9985542843760947300, 0.0000000000000000000, -0.05375259206908434400 ) ) ;
#3982 = CARTESIAN_POINT ( 'NONE',  ( 0.7000000000000002900, 0.8896800000000000300, -1.419840000000000400 ) ) ;
#3983 = ORIENTED_EDGE ( 'NONE', *, *, #2823, .T. ) ;
#3984 = VECTOR ( 'NONE', #3151, 1000.000000000000100 ) ;
#3985 = VERTEX_POINT ( 'NONE', #92 ) ;
#3986 = DIRECTION ( 'NONE',  ( 1.000000000000000000, 1.355252715606881500E-016, -0.0000000000000000000 ) ) ;
#3987 = PRESENTATION_STYLE_ASSIGNMENT (( #3438 ) ) ;
#3988 = MECHANICAL_DESIGN_GEOMETRIC_PRESENTATION_REPRESENTATION (  '', ( #81 ), #236 ) ;
#3989 = DIRECTION ( 'NONE',  ( 0.0000000000000000000, 0.0000000000000000000, -1.000000000000000000 ) ) ;
#3990 = PRESENTATION_STYLE_ASSIGNMENT (( #341 ) ) ;
#3991 = CARTESIAN_POINT ( 'NONE',  ( 1.343068987783590400, 0.9198400000000001000, -0.7163849482553281700 ) ) ;
#3992 = DIRECTION ( 'NONE',  ( 0.0000000000000000000, 0.0000000000000000000, 1.000000000000000000 ) ) ;
#3993 = CARTESIAN_POINT ( 'NONE',  ( 1.499999999999999600, 0.9198399999999998800, -0.06031999999999955500 ) ) ;
#3994 = PLANE ( 'NONE',  #3770 ) ;
#3995 = SURFACE_SIDE_STYLE ('',( #4381 ) ) ;
#3996 = CARTESIAN_POINT ( 'NONE',  ( 0.7724994961765853100, 0.9198400000000001000, -0.7038289321678913300 ) ) ;
#3997 = PRESENTATION_STYLE_ASSIGNMENT (( #2392 ) ) ;
#3998 = MECHANICAL_DESIGN_GEOMETRIC_PRESENTATION_REPRESENTATION (  '', ( #4151 ), #806 ) ;
#3999 = DIRECTION ( 'NONE',  ( 0.0000000000000000000, 0.0000000000000000000, -1.000000000000000000 ) ) ;
#4000 = DIRECTION ( 'NONE',  ( 1.000000000000000000, 1.355252715606881500E-016, 0.0000000000000000000 ) ) ;
#4001 = DIRECTION ( 'NONE',  ( 0.0000000000000000000, 0.0000000000000000000, 1.000000000000000000 ) ) ;
#4002 = PRESENTATION_LAYER_ASSIGNMENT (  '', '', ( #1139 ) ) ;
#4003 = EDGE_CURVE ( 'NONE', #2449, #4401, #2427, .T. ) ;
#4004 =( NAMED_UNIT ( * ) PLANE_ANGLE_UNIT ( ) SI_UNIT ( $, .RADIAN. ) );
#4005 = VERTEX_POINT ( 'NONE', #131 ) ;
#4006 = ORIENTED_EDGE ( 'NONE', *, *, #4493, .F. ) ;
#4007 = CARTESIAN_POINT ( 'NONE',  ( 1.343068987783590400, 0.9198400000000001000, -0.7163849482553281700 ) ) ;
#4008 = UNCERTAINTY_MEASURE_WITH_UNIT (LENGTH_MEASURE( 1.000000000000000100E-005 ), #3069, 'distance_accuracy_value', 'NONE');
#4009 = PLANE ( 'NONE',  #1372 ) ;
#4010 = CARTESIAN_POINT ( 'NONE',  ( 1.078691569420429800, 0.9248400000000001100, -0.7578992350461759600 ) ) ;
#4011 = LINE ( 'NONE', #4448, #2926 ) ;
#4012 = ORIENTED_EDGE ( 'NONE', *, *, #2147, .T. ) ;
#4013 = EDGE_CURVE ( 'NONE', #1383, #653, #873, .T. ) ;
#4014 =( LENGTH_UNIT ( ) NAMED_UNIT ( * ) SI_UNIT ( .MILLI., .METRE. ) );
#4015 = DIRECTION ( 'NONE',  ( 0.2745159998572619900, 0.0000000000000000000, -0.9615825319869156800 ) ) ;
#4016 = LINE ( 'NONE', #3671, #4240 ) ;
#4017 = ORIENTED_EDGE ( 'NONE', *, *, #221, .F. ) ;
#4018 = FILL_AREA_STYLE_COLOUR ( '', #2828 ) ;
#4019 = STYLED_ITEM ( 'NONE', ( #142 ), #1024 ) ;
#4020 = ORIENTED_EDGE ( 'NONE', *, *, #2160, .F. ) ;
#4021 = VECTOR ( 'NONE', #4483, 1000.000000000000000 ) ;
#4022 = ORIENTED_EDGE ( 'NONE', *, *, #3605, .T. ) ;
#4023 = CIRCLE ( 'NONE', #3235, 0.03015999999999999900 ) ;
#4024 = PLANE ( 'NONE',  #1003 ) ;
#4025 = ORIENTED_EDGE ( 'NONE', *, *, #3743, .T. ) ;
#4026 = PLANE ( 'NONE',  #2407 ) ;
#4027 = VECTOR ( 'NONE', #3000, 1000.000000000000000 ) ;
#4028 = FILL_AREA_STYLE_COLOUR ( '', #1963 ) ;
#4029 = STYLED_ITEM ( 'NONE', ( #699 ), #2702 ) ;
#4030 = ORIENTED_EDGE ( 'NONE', *, *, #928, .F. ) ;
#4031 = LINE ( 'NONE', #3210, #3654 ) ;
#4032 = EDGE_CURVE ( 'NONE', #3538, #1180, #2583, .T. ) ;
#4033 = PRESENTATION_LAYER_ASSIGNMENT (  '', '', ( #2375 ) ) ;
#4034 = ORIENTED_EDGE ( 'NONE', *, *, #168, .T. ) ;
#4035 = DIRECTION ( 'NONE',  ( 0.0000000000000000000, -1.000000000000000000, 0.0000000000000000000 ) ) ;
#4036 = LINE ( 'NONE', #3289, #1308 ) ;
#4037 = CIRCLE ( 'NONE', #575, 0.03015999999999999900 ) ;
#4038 =( NAMED_UNIT ( * ) PLANE_ANGLE_UNIT ( ) SI_UNIT ( $, .RADIAN. ) );
#4039 = ORIENTED_EDGE ( 'NONE', *, *, #613, .T. ) ;
#4040 = VECTOR ( 'NONE', #1837, 1000.000000000000000 ) ;
#4041 =( NAMED_UNIT ( * ) SI_UNIT ( $, .STERADIAN. ) SOLID_ANGLE_UNIT ( ) );
#4042 = CARTESIAN_POINT ( 'NONE',  ( 1.106831524996642100, 0.9198400000000001000, -0.6637572681852819100 ) ) ;
#4043 = EDGE_CURVE ( 'NONE', #2226, #2796, #3451, .T. ) ;
#4044 = CARTESIAN_POINT ( 'NONE',  ( 1.530159999999999500, 0.9198399999999999900, -0.03015999999999999900 ) ) ;
#4045 = ORIENTED_EDGE ( 'NONE', *, *, #4388, .F. ) ;
#4046 = VECTOR ( 'NONE', #2933, 1000.000000000000000 ) ;
#4047 = CARTESIAN_POINT ( 'NONE',  ( 0.6999768890088268200, 0.04942254363304865400, -0.03202174514141879800 ) ) ;
#4048 = CARTESIAN_POINT ( 'NONE',  ( 0.9350013053612564700, 0.9248400000000001100, -0.6876089300860261900 ) ) ;
#4049 = ADVANCED_FACE ( 'NONE', ( #48 ), #3956, .F. ) ;
#4050 = PRESENTATION_STYLE_ASSIGNMENT (( #1444 ) ) ;
#4051 = FILL_AREA_STYLE ('',( #1597 ) ) ;
#4052 = VERTEX_POINT ( 'NONE', #1856 ) ;
#4053 = DIRECTION ( 'NONE',  ( 0.0000000000000000000, 0.0000000000000000000, 1.000000000000000000 ) ) ;
#4054 =( GEOMETRIC_REPRESENTATION_CONTEXT ( 3 ) GLOBAL_UNCERTAINTY_ASSIGNED_CONTEXT ( ( #2107 ) ) GLOBAL_UNIT_ASSIGNED_CONTEXT ( ( #3120, #723, #1703 ) ) REPRESENTATION_CONTEXT ( 'NONE', 'WORKASPACE' ) );
#4055 = DIRECTION ( 'NONE',  ( 1.000000000000000000, 0.0000000000000000000, 0.0000000000000000000 ) ) ;
#4056 = EDGE_LOOP ( 'NONE', ( #2365, #384, #637 ) ) ;
#4057 = DIRECTION ( 'NONE',  ( 1.000000000000000000, 0.0000000000000000000, 0.0000000000000000000 ) ) ;
#4058 = CARTESIAN_POINT ( 'NONE',  ( 0.8187618164974057600, 0.9198400000000001000, -0.7038289321678942200 ) ) ;
#4059 = EDGE_CURVE ( 'NONE', #329, #475, #2575, .T. ) ;
#4060 =( GEOMETRIC_REPRESENTATION_CONTEXT ( 3 ) GLOBAL_UNCERTAINTY_ASSIGNED_CONTEXT ( ( #3230 ) ) GLOBAL_UNIT_ASSIGNED_CONTEXT ( ( #754, #382, #2475 ) ) REPRESENTATION_CONTEXT ( 'NONE', 'WORKASPACE' ) );
#4061 = FILL_AREA_STYLE ('',( #4107 ) ) ;
#4062 = ORIENTED_EDGE ( 'NONE', *, *, #1427, .F. ) ;
#4063 = UNCERTAINTY_MEASURE_WITH_UNIT (LENGTH_MEASURE( 1.000000000000000100E-005 ), #4456, 'distance_accuracy_value', 'NONE');
#4064 = EDGE_CURVE ( 'NONE', #3813, #1561, #2905, .T. ) ;
#4065 = ORIENTED_EDGE ( 'NONE', *, *, #1023, .F. ) ;
#4066 = CARTESIAN_POINT ( 'NONE',  ( 1.001814610692253400, 0.9198400000000001000, -0.6876089300860261900 ) ) ;
#4067 = CARTESIAN_POINT ( 'NONE',  ( 0.6986773379527614300, 0.9110063405205864900, -1.411006340520586400 ) ) ;
#4068 = EDGE_LOOP ( 'NONE', ( #3158, #2384, #1413, #172 ) ) ;
#4069 =( NAMED_UNIT ( * ) SI_UNIT ( $, .STERADIAN. ) SOLID_ANGLE_UNIT ( ) );
#4070 = SURFACE_STYLE_USAGE ( .BOTH. , #3727 ) ;
#4072 = ORIENTED_EDGE ( 'NONE', *, *, #4281, .T. ) ;
#4071 = PRESENTATION_LAYER_ASSIGNMENT (  '', '', ( #1174 ) ) ;
#4073 = FACE_OUTER_BOUND ( 'NONE', #3950, .T. ) ;
#4074 = EDGE_LOOP ( 'NONE', ( #1797, #3858, #891, #436 ) ) ;
#4075 = FILL_AREA_STYLE ('',( #3403 ) ) ;
#4076 = DIRECTION ( 'NONE',  ( 0.0000000000000000000, -1.000000000000000000, 0.0000000000000000000 ) ) ;
#4077 = EDGE_LOOP ( 'NONE', ( #2177, #3434, #1029, #3819 ) ) ;
#4078 = LINE ( 'NONE', #2326, #127 ) ;
#4079 = ORIENTED_EDGE ( 'NONE', *, *, #1910, .T. ) ;
#4080 = FACE_OUTER_BOUND ( 'NONE', #2328, .T. ) ;
#4081 = CARTESIAN_POINT ( 'NONE',  ( 2.200000000000000200, 0.03015999999999999900, -1.450000000000000000 ) ) ;
#4082 = MECHANICAL_DESIGN_GEOMETRIC_PRESENTATION_REPRESENTATION (  '', ( #4499 ), #1880 ) ;
#4083 = ORIENTED_EDGE ( 'NONE', *, *, #4281, .F. ) ;
#4084 = CARTESIAN_POINT ( 'NONE',  ( 0.7000000000000001800, 0.06031999999999977700, -0.03015999999999956200 ) ) ;
#4085 = FILL_AREA_STYLE_COLOUR ( '', #4310 ) ;
#4086 = CARTESIAN_POINT ( 'NONE',  ( 0.6993472215294405100, 0.03680683541915625400, -1.408819516460329200 ) ) ;
#4087 =( GEOMETRIC_REPRESENTATION_CONTEXT ( 3 ) GLOBAL_UNCERTAINTY_ASSIGNED_CONTEXT ( ( #1104 ) ) GLOBAL_UNIT_ASSIGNED_CONTEXT ( ( #460, #1804, #3569 ) ) REPRESENTATION_CONTEXT ( 'NONE', 'WORKASPACE' ) );
#4088 = VERTEX_POINT ( 'NONE', #485 ) ;
#4089 = PLANE ( 'NONE',  #1442 ) ;
#4090 = LINE ( 'NONE', #998, #763 ) ;
#4091 = VERTEX_POINT ( 'NONE', #2308 ) ;
#4092 = DIRECTION ( 'NONE',  ( 0.3725077383644723700, 0.0000000000000000000, 0.9280290862136734200 ) ) ;
#4093 = ORIENTED_EDGE ( 'NONE', *, *, #1811, .T. ) ;
#4094 = FILL_AREA_STYLE ('',( #2662 ) ) ;
#4095 = LINE ( 'NONE', #4384, #2574 ) ;
#4096 = COLOUR_RGB ( '',0.7686274509803920900, 0.7686274509803920900, 0.7686274509803920900 ) ;
#4097 = B_SPLINE_CURVE_WITH_KNOTS ( 'NONE', 3,
 ( #4238, #2858, #84, #2537, #3558, #2175, #2149, #2158, #758, #1118 ),
 .UNSPECIFIED., .F., .F.,
 ( 4, 3, 3, 4 ),
 ( 0.0000000000000000000, 1.003666877226009000E-005, 2.009406401134256700E-005, 2.363098448886328400E-005 ),
 .UNSPECIFIED. ) ;
#4098 = AXIS2_PLACEMENT_3D ( 'NONE', #979, #2048, #3426 ) ;
#4099 = ORIENTED_EDGE ( 'NONE', *, *, #1645, .F. ) ;
#4100 = CIRCLE ( 'NONE', #4382, 0.03015999999999999600 ) ;
#4101 = PRESENTATION_STYLE_ASSIGNMENT (( #999 ) ) ;
#4102 = CARTESIAN_POINT ( 'NONE',  ( 0.6999977351329059700, 0.9194703898628343600, -0.05561274264349769200 ) ) ;
#4103 = SURFACE_STYLE_FILL_AREA ( #3815 ) ;
#4104 = EDGE_CURVE ( 'NONE', #475, #1293, #39, .T. ) ;
#4105 =( NAMED_UNIT ( * ) SI_UNIT ( $, .STERADIAN. ) SOLID_ANGLE_UNIT ( ) );
#4106 = DIRECTION ( 'NONE',  ( 0.0000000000000000000, 0.0000000000000000000, -1.000000000000000000 ) ) ;
#4107 = FILL_AREA_STYLE_COLOUR ( '', #1677 ) ;
#4108 = CARTESIAN_POINT ( 'NONE',  ( 2.200000000000000200, 0.03015999999999999900, 0.0000000000000000000 ) ) ;
#4109 =( GEOMETRIC_REPRESENTATION_CONTEXT ( 3 ) GLOBAL_UNCERTAINTY_ASSIGNED_CONTEXT ( ( #626 ) ) GLOBAL_UNIT_ASSIGNED_CONTEXT ( ( #721, #3185, #4227 ) ) REPRESENTATION_CONTEXT ( 'NONE', 'WORKASPACE' ) );
#4110 =( LENGTH_UNIT ( ) NAMED_UNIT ( * ) SI_UNIT ( .MILLI., .METRE. ) );
#4111 = DIRECTION ( 'NONE',  ( -0.0000000000000000000, 1.000000000000000000, -0.0000000000000000000 ) ) ;
#4112 = PRESENTATION_LAYER_ASSIGNMENT (  '', '', ( #2949 ) ) ;
#4113 = FILL_AREA_STYLE_COLOUR ( '', #1141 ) ;
#4114 = CARTESIAN_POINT ( 'NONE',  ( 1.499999999999999600, 0.03015999999999999900, 0.0000000000000000000 ) ) ;
#4115 = ADVANCED_FACE ( 'NONE', ( #380 ), #4366, .F. ) ;
#4116 = PLANE ( 'NONE',  #799 ) ;
#4117 = ORIENTED_EDGE ( 'NONE', *, *, #2910, .T. ) ;
#4118 = EDGE_CURVE ( 'NONE', #3591, #4228, #2077, .T. ) ;
#4119 = AXIS2_PLACEMENT_3D ( 'NONE', #1112, #1401, #2090 ) ;
#4120 = CARTESIAN_POINT ( 'NONE',  ( 1.112427223412267000, 0.9198400000000001000, -0.6192949999999999300 ) ) ;
#4121 = FILL_AREA_STYLE_COLOUR ( '', #2145 ) ;
#4122 = FACE_OUTER_BOUND ( 'NONE', #4056, .T. ) ;
#4123 = ORIENTED_EDGE ( 'NONE', *, *, #1186, .T. ) ;
#4124 = DIRECTION ( 'NONE',  ( 1.000000000000000000, 0.0000000000000000000, 0.0000000000000000000 ) ) ;
#4125 = COLOUR_RGB ( '',0.7686274509803920900, 0.7686274509803920900, 0.7686274509803920900 ) ;
#4126 = ORIENTED_EDGE ( 'NONE', *, *, #3401, .T. ) ;
#4127 = EDGE_CURVE ( 'NONE', #3035, #29, #3388, .T. ) ;
#4128 = CARTESIAN_POINT ( 'NONE',  ( 0.6698400000000001000, 0.9198399999999999900, -1.419840000000000000 ) ) ;
#4129 =( LENGTH_UNIT ( ) NAMED_UNIT ( * ) SI_UNIT ( .MILLI., .METRE. ) );
#4130 = VERTEX_POINT ( 'NONE', #4407 ) ;
#4131 = COLOUR_RGB ( '',0.7686274509803920900, 0.7686274509803920900, 0.7686274509803920900 ) ;
#4132 = CARTESIAN_POINT ( 'NONE',  ( 1.038894243508694300, 0.9198400000000001000, -0.6192949999999999300 ) ) ;
#4133 = ORIENTED_EDGE ( 'NONE', *, *, #769, .T. ) ;
#4134 = VECTOR ( 'NONE', #3344, 1000.000000000000000 ) ;
#4135 = AXIS2_PLACEMENT_3D ( 'NONE', #1418, #4221, #2785 ) ;
#4136 = EDGE_LOOP ( 'NONE', ( #1440, #2351, #2982, #2736 ) ) ;
#4137 = VECTOR ( 'NONE', #3217, 1000.000000000000000 ) ;
#4138 = DIRECTION ( 'NONE',  ( 0.0000000000000000000, 0.0000000000000000000, 1.000000000000000000 ) ) ;
#4139 = FILL_AREA_STYLE_COLOUR ( '', #3519 ) ;
#4140 = ORIENTED_EDGE ( 'NONE', *, *, #3816, .T. ) ;
#4141 = ADVANCED_FACE ( 'NONE', ( #149 ), #494, .T. ) ;
#4142 = CIRCLE ( 'NONE', #3567, 0.03015999999999999900 ) ;
#4143 = AXIS2_PLACEMENT_3D ( 'NONE', #3131, #2764, #4138 ) ;
#4144 = DIRECTION ( 'NONE',  ( 0.0000000000000000000, 0.0000000000000000000, -1.000000000000000000 ) ) ;
#4145 = ORIENTED_EDGE ( 'NONE', *, *, #3980, .T. ) ;
#4146 = SURFACE_SIDE_STYLE ('',( #2298 ) ) ;
#4147 = CARTESIAN_POINT ( 'NONE',  ( 0.7930713101726921700, 0.9248400000000001100, -0.7749822147078639900 ) ) ;
#4148 = EDGE_CURVE ( 'NONE', #2690, #3811, #2246, .T. ) ;
#4149 = LINE ( 'NONE', #984, #2786 ) ;
#4150 = CARTESIAN_POINT ( 'NONE',  ( 1.257000347270177800, 0.9198400000000001000, -0.6489202676364155300 ) ) ;
#4151 = STYLED_ITEM ( 'NONE', ( #2936 ), #2766 ) ;
#4152 = CARTESIAN_POINT ( 'NONE',  ( 1.530159999999999500, 0.0000000000000000000, -1.419840000000000000 ) ) ;
#4153 = ORIENTED_EDGE ( 'NONE', *, *, #3612, .F. ) ;
#4154 = LINE ( 'NONE', #879, #1088 ) ;
#4155 = COLOUR_RGB ( '',0.7686274509803920900, 0.7686274509803920900, 0.7686274509803920900 ) ;
#4156 = UNCERTAINTY_MEASURE_WITH_UNIT (LENGTH_MEASURE( 1.000000000000000100E-005 ), #345, 'distance_accuracy_value', 'NONE');
#4157 = LINE ( 'NONE', #2755, #4489 ) ;
#4158 = DIRECTION ( 'NONE',  ( -1.000000000000000000, 0.0000000000000000000, -0.0000000000000000000 ) ) ;
#4159 = DIRECTION ( 'NONE',  ( -0.3829140317376896200, 0.0000000000000000000, -0.9237839814038710800 ) ) ;
#4160 = ORIENTED_EDGE ( 'NONE', *, *, #928, .T. ) ;
#4161 = EDGE_CURVE ( 'NONE', #2796, #2126, #2131, .T. ) ;
#4162 = LINE ( 'NONE', #107, #930 ) ;
#4163 = CARTESIAN_POINT ( 'NONE',  ( 1.367238987383888800, 0.9198400000000001000, -0.6192949999999999300 ) ) ;
#4164 = CARTESIAN_POINT ( 'NONE',  ( 1.500002264867093900, 0.8943872573565026000, -0.03052961013716541300 ) ) ;
#4165 = FILL_AREA_STYLE_COLOUR ( '', #1191 ) ;
#4166 = FILL_AREA_STYLE ('',( #4113 ) ) ;
#4167 = ADVANCED_FACE ( 'NONE', ( #2687 ), #2734, .T. ) ;
#4168 = STYLED_ITEM ( 'NONE', ( #1586 ), #320 ) ;
#4169 = ADVANCED_FACE ( 'NONE', ( #1260 ), #1904, .T. ) ;
#4170 = DIRECTION ( 'NONE',  ( 0.0000000000000000000, 0.0000000000000000000, -1.000000000000000000 ) ) ;
#4171 =( NAMED_UNIT ( * ) SI_UNIT ( $, .STERADIAN. ) SOLID_ANGLE_UNIT ( ) );
#4172 = DIRECTION ( 'NONE',  ( 0.7059037656364479700, 0.0000000000000000000, -0.7083077534943992300 ) ) ;
#4173 = SURFACE_SIDE_STYLE ('',( #3975 ) ) ;
#4174 = AXIS2_PLACEMENT_3D ( 'NONE', #1794, #419, #1095 ) ;
#4175 = DIRECTION ( 'NONE',  ( 1.000000000000000000, 0.0000000000000000000, 0.0000000000000000000 ) ) ;
#4176 = CARTESIAN_POINT ( 'NONE',  ( 0.9516388314291166500, 0.9198400000000001000, -0.7453479527904718300 ) ) ;
#4177 = EDGE_LOOP ( 'NONE', ( #4261, #3563, #3598, #3152, #1277, #624, #95, #1336 ) ) ;
#4178 = CARTESIAN_POINT ( 'NONE',  ( 1.070922404285822100, 0.9248400000000001100, -0.6192949999999999300 ) ) ;
#4179 = DIRECTION ( 'NONE',  ( -0.9237839814038711900, 0.0000000000000000000, 0.3829140317376895600 ) ) ;
#4180 = VECTOR ( 'NONE', #1278, 1000.000000000000000 ) ;
#4181 = VERTEX_POINT ( 'NONE', #887 ) ;
#4182 = STYLED_ITEM ( 'NONE', ( #1470 ), #4443 ) ;
#4183 = FILL_AREA_STYLE ('',( #1354 ) ) ;
#4184 = CARTESIAN_POINT ( 'NONE',  ( 0.6999537311009020900, 0.8995766549929933300, -0.03182996981486883900 ) ) ;
#4185 = EDGE_LOOP ( 'NONE', ( #476, #3187, #140, #4025 ) ) ;
#4186 = LINE ( 'NONE', #994, #4296 ) ;
#4187 = ORIENTED_EDGE ( 'NONE', *, *, #16, .F. ) ;
#4189 = VERTEX_POINT ( 'NONE', #3687 ) ;
#4188 = EDGE_CURVE ( 'NONE', #3329, #1367, #1032, .T. ) ;
#4190 = DIRECTION ( 'NONE',  ( 0.0000000000000000000, -1.123385871690053500E-016, 1.000000000000000000 ) ) ;
#4191 = ORIENTED_EDGE ( 'NONE', *, *, #3949, .T. ) ;
#4192 = CARTESIAN_POINT ( 'NONE',  ( 2.200000000000000200, 0.03015999999999999900, -1.419840000000000000 ) ) ;
#4193 =( NAMED_UNIT ( * ) PLANE_ANGLE_UNIT ( ) SI_UNIT ( $, .RADIAN. ) );
#4194 = EDGE_LOOP ( 'NONE', ( #792, #4034, #1289 ) ) ;
#4195 = CIRCLE ( 'NONE', #4319, 0.03015999999999999600 ) ;
#4196 = MECHANICAL_DESIGN_GEOMETRIC_PRESENTATION_REPRESENTATION (  '', ( #3881 ), #4109 ) ;
#4197 = CARTESIAN_POINT ( 'NONE',  ( 0.6992938555647559800, 0.9133518575562416000, -1.408368733500080300 ) ) ;
#4198 = ORIENTED_EDGE ( 'NONE', *, *, #1960, .F. ) ;
#4199 = DIRECTION ( 'NONE',  ( 0.9984327301130246900, 0.0000000000000000000, 0.05596501978068186400 ) ) ;
#4200 = LINE ( 'NONE', #1090, #1302 ) ;
#4201 = LINE ( 'NONE', #4208, #1635 ) ;
#4202 = STYLED_ITEM ( 'NONE', ( #2945 ), #2383 ) ;
#4203 = ORIENTED_EDGE ( 'NONE', *, *, #4548, .F. ) ;
#4204 = COLOUR_RGB ( '',0.7686274509803920900, 0.7686274509803920900, 0.7686274509803920900 ) ;
#4205 = FACE_OUTER_BOUND ( 'NONE', #10, .T. ) ;
#4206 = CARTESIAN_POINT ( 'NONE',  ( 1.530159999999999500, 0.9499999999999999600, 0.0000000000000000000 ) ) ;
#4207 = DIRECTION ( 'NONE',  ( -0.2729786930695101100, 0.0000000000000000000, 0.9620200793798755500 ) ) ;
#4208 = CARTESIAN_POINT ( 'NONE',  ( 0.9159717739674777500, 0.9198400000000001000, -0.7749822147078639900 ) ) ;
#4209 = ORIENTED_EDGE ( 'NONE', *, *, #4059, .F. ) ;
#4210 = PRESENTATION_STYLE_ASSIGNMENT (( #826 ) ) ;
#4211 = FACE_OUTER_BOUND ( 'NONE', #4077, .T. ) ;
#4212 = FILL_AREA_STYLE ('',( #4532 ) ) ;
#4213 = EDGE_CURVE ( 'NONE', #3362, #4286, #1695, .T. ) ;
#4214 = CARTESIAN_POINT ( 'NONE',  ( 0.7000000000000001800, 0.06031999999999977700, -0.06031999999999955500 ) ) ;
#4215 = UNCERTAINTY_MEASURE_WITH_UNIT (LENGTH_MEASURE( 1.000000000000000100E-005 ), #608, 'distance_accuracy_value', 'NONE');
#4216 =( GEOMETRIC_REPRESENTATION_CONTEXT ( 3 ) GLOBAL_UNCERTAINTY_ASSIGNED_CONTEXT ( ( #2812 ) ) GLOBAL_UNIT_ASSIGNED_CONTEXT ( ( #2947, #2654, #2277 ) ) REPRESENTATION_CONTEXT ( 'NONE', 'WORKASPACE' ) );
#4217 = FACE_OUTER_BOUND ( 'NONE', #1834, .T. ) ;
#4218 = CARTESIAN_POINT ( 'NONE',  ( 1.500253192700502500, 0.03459190291318149600, -1.405764222644964500 ) ) ;
#4219 = FILL_AREA_STYLE_COLOUR ( '', #2913 ) ;
#4220 = VECTOR ( 'NONE', #2454, 1000.000000000000000 ) ;
#4221 = DIRECTION ( 'NONE',  ( -0.0000000000000000000, 1.123385871690053800E-016, 1.000000000000000000 ) ) ;
#4222 = EDGE_CURVE ( 'NONE', #1281, #3218, #3381, .T. ) ;
#4223 =( NAMED_UNIT ( * ) PLANE_ANGLE_UNIT ( ) SI_UNIT ( $, .RADIAN. ) );
#4224 = PLANE ( 'NONE',  #2816 ) ;
#4225 =( NAMED_UNIT ( * ) PLANE_ANGLE_UNIT ( ) SI_UNIT ( $, .RADIAN. ) );
#4226 = STYLED_ITEM ( 'NONE', ( #2440 ), #110 ) ;
#4227 =( NAMED_UNIT ( * ) SI_UNIT ( $, .STERADIAN. ) SOLID_ANGLE_UNIT ( ) );
#4228 = VERTEX_POINT ( 'NONE', #1247 ) ;
#4229 = CARTESIAN_POINT ( 'NONE',  ( 0.6999977351329059700, 0.8943872573565024900, -1.419470389862834500 ) ) ;
#4230 = CARTESIAN_POINT ( 'NONE',  ( 1.500253192700502500, 0.04423577735503589300, -0.03459190291318119800 ) ) ;
#4231 = SURFACE_SIDE_STYLE ('',( #338 ) ) ;
#4232 = ORIENTED_EDGE ( 'NONE', *, *, #2963, .T. ) ;
#4233 = CARTESIAN_POINT ( 'NONE',  ( 2.200000000000000200, 0.9499999999999999600, -1.419840000000000000 ) ) ;
#4234 = LINE ( 'NONE', #224, #4180 ) ;
#4235 = ORIENTED_EDGE ( 'NONE', *, *, #2084, .F. ) ;
#4236 = FILL_AREA_STYLE ('',( #2488 ) ) ;
#4237 = PRESENTATION_LAYER_ASSIGNMENT (  '', '', ( #2921 ) ) ;
#4238 = CARTESIAN_POINT ( 'NONE',  ( 1.499999999999999800, 0.8896799999999999200, -1.419840000000000400 ) ) ;
#4239 = DIRECTION ( 'NONE',  ( 0.004650693823683971700, 0.0000000000000000000, -0.9999891854650021500 ) ) ;
#4240 = VECTOR ( 'NONE', #2622, 1000.000000000000000 ) ;
#4241 = ORIENTED_EDGE ( 'NONE', *, *, #501, .T. ) ;
#4242 = AXIS2_PLACEMENT_3D ( 'NONE', #715, #2115, #2420 ) ;
#4243 = ORIENTED_EDGE ( 'NONE', *, *, #1842, .T. ) ;
#4244 = LINE ( 'NONE', #3425, #1393 ) ;
#4245 = DIRECTION ( 'NONE',  ( -1.000000000000000000, 0.0000000000000000000, 0.0000000000000000000 ) ) ;
#4246 = VERTEX_POINT ( 'NONE', #581 ) ;
#4247 = EDGE_CURVE ( 'NONE', #2126, #3374, #4372, .T. ) ;
#4248 =( NAMED_UNIT ( * ) PLANE_ANGLE_UNIT ( ) SI_UNIT ( $, .RADIAN. ) );
#4249 = DIRECTION ( 'NONE',  ( 1.000000000000000000, 0.0000000000000000000, 0.0000000000000000000 ) ) ;
#4250 = ORIENTED_EDGE ( 'NONE', *, *, #4356, .T. ) ;
#4251 = FACE_OUTER_BOUND ( 'NONE', #4074, .T. ) ;
#4252 = PRESENTATION_STYLE_ASSIGNMENT (( #667 ) ) ;
#4253 = SURFACE_SIDE_STYLE ('',( #3096 ) ) ;
#4254 = EDGE_CURVE ( 'NONE', #1009, #1699, #590, .T. ) ;
#4255 = SURFACE_SIDE_STYLE ('',( #1084 ) ) ;
#4256 = EDGE_LOOP ( 'NONE', ( #25, #2063, #913, #3631 ) ) ;
#4257 = FACE_OUTER_BOUND ( 'NONE', #1355, .T. ) ;
#4258 = SURFACE_STYLE_USAGE ( .BOTH. , #2133 ) ;
#4259 = FACE_OUTER_BOUND ( 'NONE', #115, .T. ) ;
#4260 = CARTESIAN_POINT ( 'NONE',  ( 0.6997468072994971200, 0.04423577735503583800, -1.415408097086818800 ) ) ;
#4261 = ORIENTED_EDGE ( 'NONE', *, *, #648, .T. ) ;
#4262 = AXIS2_PLACEMENT_3D ( 'NONE', #3170, #2172, #2478 ) ;
#4263 = LINE ( 'NONE', #2354, #2125 ) ;
#4264 = CARTESIAN_POINT ( 'NONE',  ( 1.500867674844865500, 0.04070245295749652700, -0.03738143296497608400 ) ) ;
#4265 = CARTESIAN_POINT ( 'NONE',  ( 0.6698400000000001000, 0.0000000000000000000, -1.419840000000000000 ) ) ;
#4266 = FILL_AREA_STYLE_COLOUR ( '', #1549 ) ;
#4267 = VERTEX_POINT ( 'NONE', #296 ) ;
#4268 = SPHERICAL_SURFACE ( 'NONE', #1735, 0.03015999999999999900 ) ;
#4269 = LINE ( 'NONE', #1123, #4485 ) ;
#4270 = SURFACE_STYLE_FILL_AREA ( #3196 ) ;
#4271 = CIRCLE ( 'NONE', #3809, 0.03015999999999999900 ) ;
#4272 = AXIS2_PLACEMENT_3D ( 'NONE', #2270, #1876, #2594 ) ;
#4273 = ORIENTED_EDGE ( 'NONE', *, *, #2477, .T. ) ;
#4274 = SURFACE_STYLE_USAGE ( .BOTH. , #3 ) ;
#4275 = VECTOR ( 'NONE', #1171, 1000.000000000000000 ) ;
#4276 = FILL_AREA_STYLE ('',( #3215 ) ) ;
#4277 = CARTESIAN_POINT ( 'NONE',  ( 1.501322662047238200, 0.03899365947941345300, -0.03899365947941344600 ) ) ;
#4278 =( GEOMETRIC_REPRESENTATION_CONTEXT ( 3 ) GLOBAL_UNCERTAINTY_ASSIGNED_CONTEXT ( ( #3027 ) ) GLOBAL_UNIT_ASSIGNED_CONTEXT ( ( #4110, #3473, #3090 ) ) REPRESENTATION_CONTEXT ( 'NONE', 'WORKASPACE' ) );
#4279 = CARTESIAN_POINT ( 'NONE',  ( 1.112427223412267000, 0.9198400000000001000, -0.6192949999999999300 ) ) ;
#4280 = DIRECTION ( 'NONE',  ( 1.000000000000000000, -1.355252715606881500E-016, 0.0000000000000000000 ) ) ;
#4281 = EDGE_CURVE ( 'NONE', #592, #2906, #3445, .T. ) ;
#4282 = CARTESIAN_POINT ( 'NONE',  ( 0.6986773379527614300, 0.9110063405205864900, -0.03899365947941350200 ) ) ;
#4283 = DIRECTION ( 'NONE',  ( 1.000000000000000000, 0.0000000000000000000, 0.0000000000000000000 ) ) ;
#4284 = CARTESIAN_POINT ( 'NONE',  ( 0.7040000000000000700, 0.9248400000000001100, -0.6192949999999999300 ) ) ;
#4285 = DIRECTION ( 'NONE',  ( 0.2762033010289141600, 0.0000000000000000000, -0.9610992334305188400 ) ) ;
#4286 = VERTEX_POINT ( 'NONE', #4470 ) ;
#4287 = SURFACE_SIDE_STYLE ('',( #1529 ) ) ;
#4288 = CARTESIAN_POINT ( 'NONE',  ( 1.500008297138920600, 0.03102180349905737600, -0.05249784345099831700 ) ) ;
#4289 = FILL_AREA_STYLE ('',( #1492 ) ) ;
#4290 = STYLED_ITEM ( 'NONE', ( #1415 ), #2299 ) ;
#4291 = UNCERTAINTY_MEASURE_WITH_UNIT (LENGTH_MEASURE( 1.000000000000000100E-005 ), #2566, 'distance_accuracy_value', 'NONE');
#4292 = VERTEX_POINT ( 'NONE', #1691 ) ;
#4293 = VERTEX_POINT ( 'NONE', #4441 ) ;
#4294 = DIRECTION ( 'NONE',  ( 1.000000000000000000, -0.0000000000000000000, -0.0000000000000000000 ) ) ;
#4295 = EDGE_CURVE ( 'NONE', #2844, #3919, #4263, .T. ) ;
#4296 = VECTOR ( 'NONE', #4465, 1000.000000000000100 ) ;
#4297 = ORIENTED_EDGE ( 'NONE', *, *, #445, .F. ) ;
#4298 = VERTEX_POINT ( 'NONE', #1348 ) ;
#4299 = ORIENTED_EDGE ( 'NONE', *, *, #4127, .T. ) ;
#4300 = VECTOR ( 'NONE', #2970, 1000.000000000000000 ) ;
#4301 = PRESENTATION_LAYER_ASSIGNMENT (  '', '', ( #3277 ) ) ;
#4302 = FILL_AREA_STYLE ('',( #3939 ) ) ;
#4303 = CARTESIAN_POINT ( 'NONE',  ( 1.230278812203394500, 0.9248400000000001100, -0.7749822147078639900 ) ) ;
#4305 = VERTEX_POINT ( 'NONE', #3799 ) ;
#4304 = EDGE_CURVE ( 'NONE', #3165, #1367, #1745, .T. ) ;
#4306 = CARTESIAN_POINT ( 'NONE',  ( 1.499999999999999800, 0.9198400000000001000, -1.419840000000000400 ) ) ;
#4307 = VECTOR ( 'NONE', #103, 1000.000000000000000 ) ;
#4308 = COLOUR_RGB ( '',0.7686274509803920900, 0.7686274509803920900, 0.7686274509803920900 ) ;
#4309 = ORIENTED_EDGE ( 'NONE', *, *, #2645, .F. ) ;
#4310 = COLOUR_RGB ( '',0.7686274509803920900, 0.7686274509803920900, 0.7686274509803920900 ) ;
#4311 = DIRECTION ( 'NONE',  ( -1.000000000000000000, -1.355252715606881500E-016, 0.0000000000000000000 ) ) ;
#4312 = FILL_AREA_STYLE_COLOUR ( '', #4125 ) ;
#4313 = AXIS2_PLACEMENT_3D ( 'NONE', #2278, #506, #889 ) ;
#4314 = DIRECTION ( 'NONE',  ( 0.0000000000000000000, -1.000000000000000000, 0.0000000000000000000 ) ) ;
#4315 = VECTOR ( 'NONE', #1656, 1000.000000000000100 ) ;
#4316 = ORIENTED_EDGE ( 'NONE', *, *, #4064, .F. ) ;
#4317 = VECTOR ( 'NONE', #546, 1000.000000000000200 ) ;
#4318 = SURFACE_STYLE_USAGE ( .BOTH. , #3287 ) ;
#4319 = AXIS2_PLACEMENT_3D ( 'NONE', #2020, #3351, #4106 ) ;
#4320 = ORIENTED_EDGE ( 'NONE', *, *, #2265, .T. ) ;
#4321 = SURFACE_STYLE_FILL_AREA ( #2089 ) ;
#4322 = CARTESIAN_POINT ( 'NONE',  ( 2.200000000000000200, 0.0000000000000000000, -1.450000000000000000 ) ) ;
#4323 = VECTOR ( 'NONE', #3842, 1000.000000000000000 ) ;
#4324 = DIRECTION ( 'NONE',  ( 0.0000000000000000000, 0.0000000000000000000, 1.000000000000000000 ) ) ;
#4325 = SURFACE_SIDE_STYLE ('',( #2630 ) ) ;
#4326 = MECHANICAL_DESIGN_GEOMETRIC_PRESENTATION_REPRESENTATION (  '', ( #2980 ), #5 ) ;
#4327 = CARTESIAN_POINT ( 'NONE',  ( 1.499999999999999600, 0.03015999999999988800, -1.389680000000000200 ) ) ;
#4328 = DIRECTION ( 'NONE',  ( 1.123385871690053800E-016, -0.0000000000000000000, -1.000000000000000000 ) ) ;
#4329 = SURFACE_SIDE_STYLE ('',( #1841 ) ) ;
#4330 = FACE_OUTER_BOUND ( 'NONE', #2057, .T. ) ;
#4331 = AXIS2_PLACEMENT_3D ( 'NONE', #847, #3291, #2200 ) ;
#4332 = EDGE_CURVE ( 'NONE', #2882, #934, #434, .T. ) ;
#4333 =( NAMED_UNIT ( * ) SI_UNIT ( $, .STERADIAN. ) SOLID_ANGLE_UNIT ( ) );
#4334 = CARTESIAN_POINT ( 'NONE',  ( 0.03015999999999999600, 0.03015999999999999900, 0.0000000000000000000 ) ) ;
#4335 = VERTEX_POINT ( 'NONE', #936 ) ;
#4336 = PLANE ( 'NONE',  #3850 ) ;
#4337 = EDGE_CURVE ( 'NONE', #4181, #2226, #3327, .T. ) ;
#4338 = DIRECTION ( 'NONE',  ( -0.6995643972270445500, 0.0000000000000000000, -0.7145695586381790600 ) ) ;
#4339 = ORIENTED_EDGE ( 'NONE', *, *, #2096, .F. ) ;
#4340 = AXIS2_PLACEMENT_3D ( 'NONE', #214, #1284, #4053 ) ;
#4341 = ORIENTED_EDGE ( 'NONE', *, *, #2520, .T. ) ;
#4342 = CARTESIAN_POINT ( 'NONE',  ( 1.010280595901991200, 0.9248400000000001100, -0.6489145870383743500 ) ) ;
#4343 = SURFACE_SIDE_STYLE ('',( #2526 ) ) ;
#4344 = CARTESIAN_POINT ( 'NONE',  ( -0.0001460746893406717300, 0.9198399999999998800, -0.09573588915504364900 ) ) ;
#4345 = FACE_OUTER_BOUND ( 'NONE', #844, .T. ) ;
#4346 = DIRECTION ( 'NONE',  ( -0.2746459304917039900, 0.0000000000000000000, 0.9615454294334437900 ) ) ;
#4347 = UNCERTAINTY_MEASURE_WITH_UNIT (LENGTH_MEASURE( 1.000000000000000100E-005 ), #2695, 'distance_accuracy_value', 'NONE');
#4348 = VERTEX_POINT ( 'NONE', #3047 ) ;
#4349 = DIRECTION ( 'NONE',  ( -0.0000000000000000000, 1.000000000000000000, -0.0000000000000000000 ) ) ;
#4350 = SURFACE_SIDE_STYLE ('',( #3505 ) ) ;
#4351 = MECHANICAL_DESIGN_GEOMETRIC_PRESENTATION_REPRESENTATION (  '', ( #668 ), #98 ) ;
#4352 = ORIENTED_EDGE ( 'NONE', *, *, #3656, .T. ) ;
#4353 = VERTEX_POINT ( 'NONE', #245 ) ;
#4354 = SURFACE_STYLE_FILL_AREA ( #4061 ) ;
#4355 = DIRECTION ( 'NONE',  ( -0.05596501978068185700, 0.0000000000000000000, 0.9984327301130245800 ) ) ;
#4356 = EDGE_CURVE ( 'NONE', #2313, #14, #4149, .T. ) ;
#4357 = MECHANICAL_DESIGN_GEOMETRIC_PRESENTATION_REPRESENTATION (  '', ( #3969 ), #4216 ) ;
#4358 = ORIENTED_EDGE ( 'NONE', *, *, #52, .F. ) ;
#4359 = LINE ( 'NONE', #673, #4300 ) ;
#4360 = CARTESIAN_POINT ( 'NONE',  ( 0.6698400000000001000, 0.9198399999999999900, -1.450000000000000000 ) ) ;
#4361 = EDGE_LOOP ( 'NONE', ( #4030, #3317, #1557 ) ) ;
#4362 = ADVANCED_FACE ( 'NONE', ( #917 ), #3077, .F. ) ;
#4363 = CARTESIAN_POINT ( 'NONE',  ( 0.0000000000000000000, 0.0000000000000000000, -1.419840000000000000 ) ) ;
#4364 = LINE ( 'NONE', #730, #2512 ) ;
#4365 = LINE ( 'NONE', #1406, #2515 ) ;
#4366 = PLANE ( 'NONE',  #2076 ) ;
#4367 = DIRECTION ( 'NONE',  ( -0.0000000000000000000, -0.0000000000000000000, 1.000000000000000000 ) ) ;
#4368 = EDGE_CURVE ( 'NONE', #1151, #1895, #2467, .T. ) ;
#4369 = DIRECTION ( 'NONE',  ( 0.0000000000000000000, 0.0000000000000000000, -1.000000000000000000 ) ) ;
#4370 = FILL_AREA_STYLE ('',( #2600 ) ) ;
#4371 = VERTEX_POINT ( 'NONE', #3430 ) ;
#4372 = LINE ( 'NONE', #632, #4315 ) ;
#4373 = ORIENTED_EDGE ( 'NONE', *, *, #1350, .F. ) ;
#4374 = CARTESIAN_POINT ( 'NONE',  ( 0.8914412866102086100, 0.9198400000000001000, -0.7749822147078639900 ) ) ;
#4375 = SPHERICAL_SURFACE ( 'NONE', #2024, 0.03015999999999999900 ) ;
#4376 = PRESENTATION_LAYER_ASSIGNMENT (  '', '', ( #2484 ) ) ;
#4377 = PRESENTATION_STYLE_ASSIGNMENT (( #3891 ) ) ;
#4378 = CARTESIAN_POINT ( 'NONE',  ( 0.8538016412147139100, 0.9248400000000001100, -0.6192949999999999300 ) ) ;
#4379 = VERTEX_POINT ( 'NONE', #2714 ) ;
#4380 = UNCERTAINTY_MEASURE_WITH_UNIT (LENGTH_MEASURE( 1.000000000000000100E-005 ), #418, 'distance_accuracy_value', 'NONE');
#4381 = SURFACE_STYLE_FILL_AREA ( #4385 ) ;
#4382 = AXIS2_PLACEMENT_3D ( 'NONE', #364, #3161, #3488 ) ;
#4383 = CARTESIAN_POINT ( 'NONE',  ( 1.204254097212066600, 0.9198400000000001000, -0.6192949999999999300 ) ) ;
#4384 = CARTESIAN_POINT ( 'NONE',  ( 1.499999999999999800, 0.0000000000000000000, -1.419840000000000400 ) ) ;
#4385 = FILL_AREA_STYLE ('',( #1480 ) ) ;
#4386 = DIRECTION ( 'NONE',  ( 0.0000000000000000000, -1.000000000000000000, 0.0000000000000000000 ) ) ;
#4387 = FACE_OUTER_BOUND ( 'NONE', #2545, .T. ) ;
#4388 = EDGE_CURVE ( 'NONE', #737, #3932, #2412, .T. ) ;
#4389 = STYLED_ITEM ( 'NONE', ( #358 ), #2768 ) ;
#4390 = CARTESIAN_POINT ( 'NONE',  ( 0.8538016412147139100, 0.9248400000000001100, -0.6192949999999999300 ) ) ;
#4391 = FILL_AREA_STYLE ('',( #2284 ) ) ;
#4392 =( GEOMETRIC_REPRESENTATION_CONTEXT ( 3 ) GLOBAL_UNCERTAINTY_ASSIGNED_CONTEXT ( ( #1519 ) ) GLOBAL_UNIT_ASSIGNED_CONTEXT ( ( #2821, #729, #3171 ) ) REPRESENTATION_CONTEXT ( 'NONE', 'WORKASPACE' ) );
#4393 = EDGE_CURVE ( 'NONE', #1367, #2276, #4535, .T. ) ;
#4394 =( NAMED_UNIT ( * ) SI_UNIT ( $, .STERADIAN. ) SOLID_ANGLE_UNIT ( ) );
#4395 = DIRECTION ( 'NONE',  ( -1.000000000000000000, -1.355252715606881500E-016, -0.0000000000000000000 ) ) ;
#4396 = CARTESIAN_POINT ( 'NONE',  ( 0.9350013053612564700, 0.9248400000000001100, -0.6876089300860261900 ) ) ;
#4397 = CARTESIAN_POINT ( 'NONE',  ( 2.200000000000000200, 0.0000000000000000000, 0.0000000000000000000 ) ) ;
#4398 = ORIENTED_EDGE ( 'NONE', *, *, #876, .T. ) ;
#4399 = EDGE_CURVE ( 'NONE', #1570, #4189, #4090, .T. ) ;
#4400 = CARTESIAN_POINT ( 'NONE',  ( 0.6999917028610791500, 0.05249784345099819300, -0.03102180349905714700 ) ) ;
#4401 = VERTEX_POINT ( 'NONE', #231 ) ;
#4402 = AXIS2_PLACEMENT_3D ( 'NONE', #989, #4516, #1335 ) ;
#4403 = ORIENTED_EDGE ( 'NONE', *, *, #3524, .F. ) ;
#4404 = LINE ( 'NONE', #1483, #752 ) ;
#4405 = ORIENTED_EDGE ( 'NONE', *, *, #3753, .T. ) ;
#4406 = SURFACE_STYLE_USAGE ( .BOTH. , #3398 ) ;
#4407 = CARTESIAN_POINT ( 'NONE',  ( 1.367238987383888800, 0.9198400000000001000, -0.6192949999999999300 ) ) ;
#4408 = CARTESIAN_POINT ( 'NONE',  ( 1.356027379594250100, 0.9248400000000001100, -0.7451420310967530300 ) ) ;
#4409 = ORIENTED_EDGE ( 'NONE', *, *, #2963, .F. ) ;
#4410 = ORIENTED_EDGE ( 'NONE', *, *, #2877, .F. ) ;
#4411 = PRESENTATION_LAYER_ASSIGNMENT (  '', '', ( #2311 ) ) ;
#4412 = DIRECTION ( 'NONE',  ( 0.0000000000000000000, 1.000000000000000000, 0.0000000000000000000 ) ) ;
#4413 = ORIENTED_EDGE ( 'NONE', *, *, #3949, .F. ) ;
#4414 =( NAMED_UNIT ( * ) PLANE_ANGLE_UNIT ( ) SI_UNIT ( $, .RADIAN. ) );
#4415 = CARTESIAN_POINT ( 'NONE',  ( 1.499999999999999600, 0.03015999999999988800, -0.06031999999999955500 ) ) ;
#4416 = CARTESIAN_POINT ( 'NONE',  ( 1.500180287205763700, 0.03345278313515080000, -0.04661677928597873800 ) ) ;
#4417 = PRESENTATION_STYLE_ASSIGNMENT (( #1896 ) ) ;
#4418 = ADVANCED_FACE ( 'NONE', ( #1254 ), #1428, .F. ) ;
#4419 = MECHANICAL_DESIGN_GEOMETRIC_PRESENTATION_REPRESENTATION (  '', ( #438 ), #3624 ) ;
#4420 = VERTEX_POINT ( 'NONE', #4066 ) ;
#4421 = PRESENTATION_STYLE_ASSIGNMENT (( #2015 ) ) ;
#4422 =( LENGTH_UNIT ( ) NAMED_UNIT ( * ) SI_UNIT ( .MILLI., .METRE. ) );
#4423 = DIRECTION ( 'NONE',  ( 0.7145695586381789500, 0.0000000000000000000, -0.6995643972270444400 ) ) ;
#4424 = ORIENTED_EDGE ( 'NONE', *, *, #2588, .T. ) ;
#4425 = VECTOR ( 'NONE', #1610, 1000.000000000000000 ) ;
#4426 = CARTESIAN_POINT ( 'NONE',  ( 1.499999999999999800, 0.8896799999999999200, -0.03015999999999956200 ) ) ;
#4427 = SURFACE_STYLE_FILL_AREA ( #420 ) ;
#4428 = CARTESIAN_POINT ( 'NONE',  ( 1.530159999999999500, 0.9198399999999999900, -1.419840000000000000 ) ) ;
#4429 = EDGE_CURVE ( 'NONE', #807, #4353, #4201, .T. ) ;
#4430 = PLANE ( 'NONE',  #2916 ) ;
#4431 = VERTEX_POINT ( 'NONE', #4426 ) ;
#4432 = LINE ( 'NONE', #1813, #1753 ) ;
#4433 = LINE ( 'NONE', #291, #2853 ) ;
#4434 = CARTESIAN_POINT ( 'NONE',  ( 1.112818810086575500, 0.9198400000000001000, -0.7749822147078639900 ) ) ;
#4435 = DIRECTION ( 'NONE',  ( 0.0000000000000000000, -1.000000000000000000, 0.0000000000000000000 ) ) ;
#4436 = MECHANICAL_DESIGN_GEOMETRIC_PRESENTATION_REPRESENTATION (  '', ( #3953 ), #114 ) ;
#4437 = VECTOR ( 'NONE', #4280, 1000.000000000000000 ) ;
#4438 = CARTESIAN_POINT ( 'NONE',  ( 1.500338001875949600, 0.9151112764091492400, -1.406198597072136900 ) ) ;
#4439 = DIRECTION ( 'NONE',  ( 0.0000000000000000000, 1.000000000000000000, 0.0000000000000000000 ) ) ;
#4440 = PRESENTATION_LAYER_ASSIGNMENT (  '', '', ( #606 ) ) ;
#4441 = CARTESIAN_POINT ( 'NONE',  ( 1.330286694524741800, 0.9248400000000001100, -0.6489202676364155300 ) ) ;
#4442 = DIRECTION ( 'NONE',  ( 0.9999999968487352000, 0.0000000000000000000, 7.938847109670267000E-005 ) ) ;
#4443 = ADVANCED_FACE ( 'NONE', ( #3220 ), #1359, .T. ) ;
#4444 = CARTESIAN_POINT ( 'NONE',  ( 0.6996619981240500600, 0.03488872359085047600, -1.406198597072136900 ) ) ;
#4445 = EDGE_CURVE ( 'NONE', #3926, #1450, #4037, .T. ) ;
#4446 = ORIENTED_EDGE ( 'NONE', *, *, #783, .F. ) ;
#4447 = CARTESIAN_POINT ( 'NONE',  ( 0.6698400000000001000, 0.9198399999999999900, -1.450000000000000000 ) ) ;
#4448 = CARTESIAN_POINT ( 'NONE',  ( 0.9159717739674777500, 0.9248400000000001100, -0.7749822147078639900 ) ) ;
#4449 =( NAMED_UNIT ( * ) PLANE_ANGLE_UNIT ( ) SI_UNIT ( $, .RADIAN. ) );
#4450 = EDGE_LOOP ( 'NONE', ( #2725, #2222, #2356, #125, #4413, #1234, #4153, #123, #2164, #2659, #861, #145, #1948, #264, #4209, #704, #635, #2398, #3244, #2851, #211, #4235, #3258 ) ) ;
#4451 =( GEOMETRIC_REPRESENTATION_CONTEXT ( 3 ) GLOBAL_UNCERTAINTY_ASSIGNED_CONTEXT ( ( #713 ) ) GLOBAL_UNIT_ASSIGNED_CONTEXT ( ( #3256, #2609, #1849 ) ) REPRESENTATION_CONTEXT ( 'NONE', 'WORKASPACE' ) );
#4452 = EDGE_CURVE ( 'NONE', #1772, #1408, #1303, .T. ) ;
#4453 = CARTESIAN_POINT ( 'NONE',  ( 1.268045324172430300, 0.9198400000000001000, -0.6876089300856994500 ) ) ;
#4454 = ORIENTED_EDGE ( 'NONE', *, *, #882, .T. ) ;
#4455 =( NAMED_UNIT ( * ) PLANE_ANGLE_UNIT ( ) SI_UNIT ( $, .RADIAN. ) );
#4456 =( LENGTH_UNIT ( ) NAMED_UNIT ( * ) SI_UNIT ( .MILLI., .METRE. ) );
#4457 = STYLED_ITEM ( 'NONE', ( #2797 ), #218 ) ;
#4458 = LINE ( 'NONE', #837, #3537 ) ;
#4459 = ORIENTED_EDGE ( 'NONE', *, *, #1887, .T. ) ;
#4460 = DIRECTION ( 'NONE',  ( 0.0000000000000000000, 0.0000000000000000000, 1.000000000000000000 ) ) ;
#4461 = DIRECTION ( 'NONE',  ( 0.002813301676023788900, 0.0000000000000000000, -0.9999960426590095400 ) ) ;
#4462 = VERTEX_POINT ( 'NONE', #4192 ) ;
#4463 = VERTEX_POINT ( 'NONE', #3835 ) ;
#4464 = ADVANCED_FACE ( 'NONE', ( #3930 ), #332, .F. ) ;
#4465 = DIRECTION ( 'NONE',  ( 0.2746459304917039400, 0.0000000000000000000, -0.9615454294334439000 ) ) ;
#4466 = STYLED_ITEM ( 'NONE', ( #2993 ), #1707 ) ;
#4467 = DIRECTION ( 'NONE',  ( 0.0000000000000000000, 0.0000000000000000000, 1.000000000000000000 ) ) ;
#4468 = VERTEX_POINT ( 'NONE', #2465 ) ;
#4469 = CARTESIAN_POINT ( 'NONE',  ( 0.7487418134714320900, 0.9198400000000001000, -0.7749822147078639900 ) ) ;
#4470 = CARTESIAN_POINT ( 'NONE',  ( 1.403358125804999900, 0.9198400000000001000, -0.7449219079071504000 ) ) ;
#4471 = FILL_AREA_STYLE ('',( #656 ) ) ;
#4472 = EDGE_CURVE ( 'NONE', #693, #4555, #3712, .T. ) ;
#4473 = CARTESIAN_POINT ( 'NONE',  ( 1.030988270753337800, 0.9248400000000001100, -0.7749822147078639900 ) ) ;
#4474 =( GEOMETRIC_REPRESENTATION_CONTEXT ( 3 ) GLOBAL_UNCERTAINTY_ASSIGNED_CONTEXT ( ( #77 ) ) GLOBAL_UNIT_ASSIGNED_CONTEXT ( ( #4422, #2688, #1958 ) ) REPRESENTATION_CONTEXT ( 'NONE', 'WORKASPACE' ) );
#4475 = EDGE_LOOP ( 'NONE', ( #1022, #250, #4099, #2876 ) ) ;
#4476 = SURFACE_STYLE_FILL_AREA ( #2904 ) ;
#4477 =( NAMED_UNIT ( * ) SI_UNIT ( $, .STERADIAN. ) SOLID_ANGLE_UNIT ( ) );
#4478 = ORIENTED_EDGE ( 'NONE', *, *, #4472, .F. ) ;
#4479 =( LENGTH_UNIT ( ) NAMED_UNIT ( * ) SI_UNIT ( .MILLI., .METRE. ) );
#4480 = CIRCLE ( 'NONE', #362, 0.03015999999999999600 ) ;
#4481 = PRESENTATION_LAYER_ASSIGNMENT (  '', '', ( #3485 ) ) ;
#4482 = EDGE_CURVE ( 'NONE', #4462, #653, #3164, .T. ) ;
#4483 = DIRECTION ( 'NONE',  ( 0.0000000000000000000, -1.000000000000000000, 0.0000000000000000000 ) ) ;
#4484 = EDGE_LOOP ( 'NONE', ( #1276, #2937, #2629, #2839 ) ) ;
#4485 = VECTOR ( 'NONE', #3574, 1000.000000000000000 ) ;
#4486 = DIRECTION ( 'NONE',  ( 1.000000000000000000, 0.0000000000000000000, 0.0000000000000000000 ) ) ;
#4487 = LINE ( 'NONE', #1696, #2472 ) ;
#4488 = CARTESIAN_POINT ( 'NONE',  ( 1.411588366179693700, 0.9248400000000001100, -0.6192949999999999300 ) ) ;
#4489 = VECTOR ( 'NONE', #3797, 1000.000000000000000 ) ;
#4490 = DIRECTION ( 'NONE',  ( 0.0000000000000000000, 0.0000000000000000000, 1.000000000000000000 ) ) ;
#4491 = ORIENTED_EDGE ( 'NONE', *, *, #3873, .F. ) ;
#4492 = ADVANCED_FACE ( 'NONE', ( #3978 ), #2443, .F. ) ;
#4493 = EDGE_CURVE ( 'NONE', #3607, #2690, #2239, .T. ) ;
#4494 = DIRECTION ( 'NONE',  ( 0.0000000000000000000, -1.000000000000000000, 0.0000000000000000000 ) ) ;
#4495 = ADVANCED_FACE ( 'NONE', ( #3828 ), #3657, .T. ) ;
#4496 = UNCERTAINTY_MEASURE_WITH_UNIT (LENGTH_MEASURE( 1.000000000000000100E-005 ), #1114, 'distance_accuracy_value', 'NONE');
#4497 = FILL_AREA_STYLE ('',( #2374 ) ) ;
#4498 = FACE_OUTER_BOUND ( 'NONE', #3112, .T. ) ;
#4499 = STYLED_ITEM ( 'NONE', ( #322 ), #1296 ) ;
#4500 = FILL_AREA_STYLE_COLOUR ( '', #825 ) ;
#4501 = AXIS2_PLACEMENT_3D ( 'NONE', #4511, #2466, #23 ) ;
#4502 = CARTESIAN_POINT ( 'NONE',  ( 2.200000000000000200, 0.9198399999999999900, 0.0000000000000000000 ) ) ;
#4503 = CARTESIAN_POINT ( 'NONE',  ( 0.6698400000000001000, 0.9198399999999999900, -1.450000000000000000 ) ) ;
#4504 = EDGE_LOOP ( 'NONE', ( #1790, #2597, #4187, #686 ) ) ;
#4505 = ADVANCED_FACE ( 'NONE', ( #1138 ), #2672, .T. ) ;
#4506 = LINE ( 'NONE', #3683, #3581 ) ;
#4507 = CIRCLE ( 'NONE', #4135, 0.03015999999999999600 ) ;
#4508 = ORIENTED_EDGE ( 'NONE', *, *, #584, .T. ) ;
#4509 = EDGE_CURVE ( 'NONE', #3760, #2503, #3554, .T. ) ;
#4510 = CARTESIAN_POINT ( 'NONE',  ( 1.046517133358396700, 0.9248400000000001100, -0.7749822147078639900 ) ) ;
#4511 = CARTESIAN_POINT ( 'NONE',  ( 0.0000000000000000000, 0.0000000000000000000, 0.0000000000000000000 ) ) ;
#4512 = ORIENTED_EDGE ( 'NONE', *, *, #2793, .F. ) ;
#4513 = VECTOR ( 'NONE', #1425, 1000.000000000000000 ) ;
#4514 = CARTESIAN_POINT ( 'NONE',  ( 1.030988270753337800, 0.9248400000000001100, -0.7749822147078639900 ) ) ;
#4515 = ORIENTED_EDGE ( 'NONE', *, *, #2160, .T. ) ;
#4516 = DIRECTION ( 'NONE',  ( 0.0000000000000000000, 0.0000000000000000000, 1.000000000000000000 ) ) ;
#4517 = ORIENTED_EDGE ( 'NONE', *, *, #2385, .F. ) ;
#4518 = FACE_OUTER_BOUND ( 'NONE', #3276, .T. ) ;
#4519 =( NAMED_UNIT ( * ) SI_UNIT ( $, .STERADIAN. ) SOLID_ANGLE_UNIT ( ) );
#4520 = VERTEX_POINT ( 'NONE', #1471 ) ;
#4521 = CARTESIAN_POINT ( 'NONE',  ( 0.6989301805618689500, 0.9101809399289981800, -0.03816825888768460300 ) ) ;
#4522 = ORIENTED_EDGE ( 'NONE', *, *, #3279, .F. ) ;
#4523 = VECTOR ( 'NONE', #1547, 1000.000000000000100 ) ;
#4524 = AXIS2_PLACEMENT_3D ( 'NONE', #2391, #2680, #1269 ) ;
#4525 = SURFACE_STYLE_FILL_AREA ( #3761 ) ;
#4526 = CARTESIAN_POINT ( 'NONE',  ( 1.499999254202597700, 0.03028395988757356200, -0.05716736695039726500 ) ) ;
#4527 = CARTESIAN_POINT ( 'NONE',  ( 1.356027379594250100, 0.9198400000000001000, -0.7451420310967530300 ) ) ;
#4528 = EDGE_LOOP ( 'NONE', ( #2066, #2709, #1824, #2162 ) ) ;
#4529 = VECTOR ( 'NONE', #1011, 1000.000000000000000 ) ;
#4530 = DIRECTION ( 'NONE',  ( -0.0000000000000000000, -0.0000000000000000000, -1.000000000000000000 ) ) ;
#4531 = LINE ( 'NONE', #4510, #1582 ) ;
#4532 = FILL_AREA_STYLE_COLOUR ( '', #196 ) ;
#4533 = ADVANCED_FACE ( 'NONE', ( #2023 ), #3876, .F. ) ;
#4534 = EDGE_CURVE ( 'NONE', #3811, #2769, #805, .T. ) ;
#4535 = LINE ( 'NONE', #3093, #2348 ) ;
#4536 = CARTESIAN_POINT ( 'NONE',  ( 0.7000000000000001800, 0.03315942190729270800, -1.416840578092707400 ) ) ;
#4537 = AXIS2_PLACEMENT_3D ( 'NONE', #1338, #3796, #663 ) ;
#4538 = DIRECTION ( 'NONE',  ( 0.3829140317376895600, 0.0000000000000000000, 0.9237839814038711900 ) ) ;
#4539 = EDGE_LOOP ( 'NONE', ( #3091, #4409, #2991, #1119 ) ) ;
#4540 = VECTOR ( 'NONE', #1505, 1000.000000000000200 ) ;
#4541 = COLOUR_RGB ( '',0.6470588235294118000, 0.5176470588235293500, 0.0000000000000000000 ) ;
#4542 = ADVANCED_FACE ( 'NONE', ( #427 ), #1107, .F. ) ;
#4543 = PLANE ( 'NONE',  #3265 ) ;
#4544 = PLANE ( 'NONE',  #614 ) ;
#4545 = CARTESIAN_POINT ( 'NONE',  ( 1.447697090170249700, 0.9248400000000001100, -0.7449219079067641600 ) ) ;
#4546 = ORIENTED_EDGE ( 'NONE', *, *, #1208, .T. ) ;
#4547 = SURFACE_STYLE_FILL_AREA ( #948 ) ;
#4548 = EDGE_CURVE ( 'NONE', #4371, #2509, #4097, .T. ) ;
#4549 = LINE ( 'NONE', #1839, #2800 ) ;
#4550 = ADVANCED_FACE ( 'NONE', ( #4259 ), #4224, .F. ) ;
#4551 = CARTESIAN_POINT ( 'NONE',  ( 1.500180287205763700, 0.9033832207140213300, -0.03345278313515075800 ) ) ;
#4552 = FACE_OUTER_BOUND ( 'NONE', #523, .T. ) ;
#4553 = CARTESIAN_POINT ( 'NONE',  ( 1.499999999999999600, 0.9198399999999998800, -0.06031999999999955500 ) ) ;
#4554 = AXIS2_PLACEMENT_3D ( 'NONE', #1592, #1869, #2948 ) ;
#4555 = VERTEX_POINT ( 'NONE', #1136 ) ;
#4556 = FILL_AREA_STYLE_COLOUR ( '', #4541 ) ;
#4557 = UNCERTAINTY_MEASURE_WITH_UNIT (LENGTH_MEASURE( 1.000000000000000100E-005 ), #219, 'distance_accuracy_value', 'NONE');
#4558 = DIRECTION ( 'NONE',  ( -1.000000000000000000, 0.0000000000000000000, 0.0000000000000000000 ) ) ;
ENDSEC;
END-ISO-10303-21;
