ISO-10303-21;
HEADER;
FILE_DESCRIPTION (( 'STEP AP214' ),
    '1' );
FILE_NAME ('MTAPD-06-013.STEP',
    '2022-12-17T01:24:46',
    ( '' ),
    ( '' ),
    'SwSTEP 2.0',
    'SolidWorks 2022',
    '' );
FILE_SCHEMA (( 'AUTOMOTIVE_DESIGN' ));
ENDSEC;

DATA;
#1 = DIRECTION ( 'NONE',  ( -0.000000000000000000, -1.000000000000000000, -0.000000000000000000 ) ) ;
#2 = CARTESIAN_POINT ( 'NONE',  ( 0.000000000000000000, 0.5499999999999997113, -2.550000000000000266 ) ) ;
#3 = AXIS2_PLACEMENT_3D ( 'NONE', #324, #299, #775 ) ;
#4 = ORIENTED_EDGE ( 'NONE', *, *, #980, .T. ) ;
#5 = EDGE_CURVE ( 'NONE', #1033, #80, #1041, .T. ) ;
#6 = STYLED_ITEM ( 'NONE', ( #1446 ), #1461 ) ;
#7 = CLOSED_SHELL ( 'NONE', ( #219, #1300, #1187, #328 ) ) ;
#8 =( NAMED_UNIT ( * ) SI_UNIT ( $, .STERADIAN. ) SOLID_ANGLE_UNIT ( ) );
#9 = FILL_AREA_STYLE_COLOUR ( '', #1174 ) ;
#10 =( NAMED_UNIT ( * ) PLANE_ANGLE_UNIT ( ) SI_UNIT ( $, .RADIAN. ) );
#11 = DIRECTION ( 'NONE',  ( 0.000000000000000000, 0.000000000000000000, -1.000000000000000000 ) ) ;
#12 = CIRCLE ( 'NONE', #1217, 0.5999999999999999778 ) ;
#13 = VERTEX_POINT ( 'NONE', #434 ) ;
#14 = DIRECTION ( 'NONE',  ( 0.000000000000000000, -1.000000000000000000, -0.000000000000000000 ) ) ;
#15 = EDGE_CURVE ( 'NONE', #1016, #1064, #797, .T. ) ;
#16 = PRESENTATION_STYLE_ASSIGNMENT (( #706 ) ) ;
#17 = AXIS2_PLACEMENT_3D ( 'NONE', #800, #1274, #11 ) ;
#18 = CARTESIAN_POINT ( 'NONE',  ( 7.347880794884117764E-17, 0.000000000000000000, 0.5999999999999999778 ) ) ;
#19 = VERTEX_POINT ( 'NONE', #666 ) ;
#20 = PRODUCT_CONTEXT ( 'NONE', #852, 'mechanical' ) ;
#21 = PRESENTATION_LAYER_ASSIGNMENT (  '', '', ( #1081 ) ) ;
#22 = PRESENTATION_LAYER_ASSIGNMENT (  '', '', ( #1259 ) ) ;
#23 = FACE_OUTER_BOUND ( 'NONE', #1149, .T. ) ;
#24 = SURFACE_SIDE_STYLE ('',( #547 ) ) ;
#25 = DIRECTION ( 'NONE',  ( 0.000000000000000000, 0.000000000000000000, -1.000000000000000000 ) ) ;
#26 = EDGE_CURVE ( 'NONE', #703, #1257, #505, .T. ) ;
#27 = FACE_OUTER_BOUND ( 'NONE', #790, .T. ) ;
#28 = ORIENTED_EDGE ( 'NONE', *, *, #1292, .F. ) ;
#29 = AXIS2_PLACEMENT_3D ( 'NONE', #804, #14, #255 ) ;
#30 = DIRECTION ( 'NONE',  ( 0.000000000000000000, 0.000000000000000000, -1.000000000000000000 ) ) ;
#31 = CYLINDRICAL_SURFACE ( 'NONE', #134, 1.721451479088013770 ) ;
#32 = COLOUR_RGB ( '',0.8431372549019607865, 0.8431372549019607865, 0.8431372549019607865 ) ;
#33 =( NAMED_UNIT ( * ) PLANE_ANGLE_UNIT ( ) SI_UNIT ( $, .RADIAN. ) );
#34 = AXIS2_PLACEMENT_3D ( 'NONE', #84, #534, #191 ) ;
#35 = UNCERTAINTY_MEASURE_WITH_UNIT (LENGTH_MEASURE( 1.000000000000000082E-05 ), #966, 'distance_accuracy_value', 'NONE');
#36 = ORIENTED_EDGE ( 'NONE', *, *, #471, .F. ) ;
#37 = STYLED_ITEM ( 'NONE', ( #425 ), #171 ) ;
#38 = CARTESIAN_POINT ( 'NONE',  ( -0.8980256121069182251, -12.00000000000000000, 1.123025612106912652 ) ) ;
#39 =( LENGTH_UNIT ( ) NAMED_UNIT ( * ) SI_UNIT ( .MILLI., .METRE. ) );
#40 = CARTESIAN_POINT ( 'NONE',  ( 1.802008343965772411E-16, 2.374796947858460960, 1.221451479088010217 ) ) ;
#41 = CARTESIAN_POINT ( 'NONE',  ( 2.643203548726431151, 0.000000000000000000, 0.2500000000000000000 ) ) ;
#42 = MECHANICAL_DESIGN_GEOMETRIC_PRESENTATION_REPRESENTATION (  '', ( #497 ), #168 ) ;
#43 = CARTESIAN_POINT ( 'NONE',  ( 1.495846644178936267E-16, 2.874796947858460960, 1.221451479088013770 ) ) ;
#44 =( GEOMETRIC_REPRESENTATION_CONTEXT ( 3 ) GLOBAL_UNCERTAINTY_ASSIGNED_CONTEXT ( ( #1069 ) ) GLOBAL_UNIT_ASSIGNED_CONTEXT ( ( #238, #576, #906 ) ) REPRESENTATION_CONTEXT ( 'NONE', 'WORKASPACE' ) );
#45 = ORIENTED_EDGE ( 'NONE', *, *, #293, .F. ) ;
#46 = FILL_AREA_STYLE_COLOUR ( '', #1396 ) ;
#47 = FILL_AREA_STYLE ('',( #724 ) ) ;
#48 = DIRECTION ( 'NONE',  ( 0.000000000000000000, 0.000000000000000000, -1.000000000000000000 ) ) ;
#49 =( LENGTH_UNIT ( ) NAMED_UNIT ( * ) SI_UNIT ( .MILLI., .METRE. ) );
#50 = UNCERTAINTY_MEASURE_WITH_UNIT (LENGTH_MEASURE( 1.000000000000000082E-05 ), #244, 'distance_accuracy_value', 'NONE');
#51 = ORIENTED_EDGE ( 'NONE', *, *, #909, .T. ) ;
#52 = EDGE_CURVE ( 'NONE', #959, #1277, #983, .T. ) ;
#53 =( GEOMETRIC_REPRESENTATION_CONTEXT ( 3 ) GLOBAL_UNCERTAINTY_ASSIGNED_CONTEXT ( ( #734 ) ) GLOBAL_UNIT_ASSIGNED_CONTEXT ( ( #39, #829, #728 ) ) REPRESENTATION_CONTEXT ( 'NONE', 'WORKASPACE' ) );
#54 = FACE_OUTER_BOUND ( 'NONE', #98, .T. ) ;
#55 = TOROIDAL_SURFACE ( 'NONE', #3, 2.550000000000000266, 0.2000000000000000389 ) ;
#56 = CARTESIAN_POINT ( 'NONE',  ( 2.643203548726430707, 0.000000000000000000, 0.2499999999999998890 ) ) ;
#57 = EDGE_CURVE ( 'NONE', #385, #880, #831, .T. ) ;
#58 = SURFACE_STYLE_USAGE ( .BOTH. , #210 ) ;
#59 = PRESENTATION_LAYER_ASSIGNMENT (  '', '', ( #680 ) ) ;
#60 = CARTESIAN_POINT ( 'NONE',  ( 2.877919977996279827E-16, 0.5500000000000011546, 2.350000000000000089 ) ) ;
#61 = ORIENTED_EDGE ( 'NONE', *, *, #693, .F. ) ;
#62 = SURFACE_SIDE_STYLE ('',( #969 ) ) ;
#63 = DIRECTION ( 'NONE',  ( 0.000000000000000000, -1.000000000000000000, -0.000000000000000000 ) ) ;
#64 = DIRECTION ( 'NONE',  ( 0.000000000000000000, 0.000000000000000000, -1.000000000000000000 ) ) ;
#65 =( NAMED_UNIT ( * ) SI_UNIT ( $, .STERADIAN. ) SOLID_ANGLE_UNIT ( ) );
#66 = SURFACE_SIDE_STYLE ('',( #643 ) ) ;
#67 = CYLINDRICAL_SURFACE ( 'NONE', #713, 2.654999999999999805 ) ;
#68 = ADVANCED_FACE ( 'NONE', ( #840, #1169 ), #1079, .F. ) ;
#69 = EDGE_LOOP ( 'NONE', ( #45, #1478, #943, #145 ) ) ;
#70 =( LENGTH_UNIT ( ) NAMED_UNIT ( * ) SI_UNIT ( .MILLI., .METRE. ) );
#71 = FILL_AREA_STYLE_COLOUR ( '', #911 ) ;
#72 = CARTESIAN_POINT ( 'NONE',  ( 2.230634723667348536E-16, 3.749999999999999556, 1.821451479088014080 ) ) ;
#73 = DIRECTION ( 'NONE',  ( -0.000000000000000000, -1.000000000000000000, -0.000000000000000000 ) ) ;
#74 = DIRECTION ( 'NONE',  ( -1.224646799147353207E-16, 0.000000000000000000, -1.000000000000000000 ) ) ;
#75 =( GEOMETRIC_REPRESENTATION_CONTEXT ( 3 ) GLOBAL_UNCERTAINTY_ASSIGNED_CONTEXT ( ( #597 ) ) GLOBAL_UNIT_ASSIGNED_CONTEXT ( ( #1287, #280, #1083 ) ) REPRESENTATION_CONTEXT ( 'NONE', 'WORKASPACE' ) );
#76 = EDGE_CURVE ( 'NONE', #1033, #714, #920, .T. ) ;
#77 = ADVANCED_FACE ( 'NONE', ( #167, #1282 ), #1312, .F. ) ;
#78 = AXIS2_PLACEMENT_3D ( 'NONE', #665, #1214, #871 ) ;
#79 = CARTESIAN_POINT ( 'NONE',  ( 3.251437251736222838E-16, 0.3499999999999997002, 2.654999999999999805 ) ) ;
#80 = VERTEX_POINT ( 'NONE', #1394 ) ;
#81 = DIRECTION ( 'NONE',  ( -0.000000000000000000, -1.000000000000000000, -0.000000000000000000 ) ) ;
#82 = DIRECTION ( 'NONE',  ( -1.000000000000000000, 0.000000000000000000, 5.421010862427522786E-17 ) ) ;
#83 =( NAMED_UNIT ( * ) PLANE_ANGLE_UNIT ( ) SI_UNIT ( $, .RADIAN. ) );
#84 = CARTESIAN_POINT ( 'NONE',  ( 0.000000000000000000, 2.874796947858460960, 0.000000000000000000 ) ) ;
#85 = MECHANICAL_DESIGN_GEOMETRIC_PRESENTATION_REPRESENTATION (  '', ( #743 ), #1488 ) ;
#86 = STYLED_ITEM ( 'NONE', ( #917 ), #1070 ) ;
#87 =( GEOMETRIC_REPRESENTATION_CONTEXT ( 3 ) GLOBAL_UNCERTAINTY_ASSIGNED_CONTEXT ( ( #958 ) ) GLOBAL_UNIT_ASSIGNED_CONTEXT ( ( #478, #933, #1505 ) ) REPRESENTATION_CONTEXT ( 'NONE', 'WORKASPACE' ) );
#88 = DIRECTION ( 'NONE',  ( 0.000000000000000000, 0.000000000000000000, -1.000000000000000000 ) ) ;
#89 = ORIENTED_EDGE ( 'NONE', *, *, #1014, .T. ) ;
#90 = DIRECTION ( 'NONE',  ( 0.000000000000000000, -0.000000000000000000, -1.000000000000000000 ) ) ;
#91 = DIRECTION ( 'NONE',  ( 0.000000000000000000, 0.000000000000000000, -1.000000000000000000 ) ) ;
#92 = SURFACE_STYLE_FILL_AREA ( #767 ) ;
#93 = SURFACE_STYLE_USAGE ( .BOTH. , #773 ) ;
#94 =( GEOMETRIC_REPRESENTATION_CONTEXT ( 3 ) GLOBAL_UNCERTAINTY_ASSIGNED_CONTEXT ( ( #922 ) ) GLOBAL_UNIT_ASSIGNED_CONTEXT ( ( #199, #799, #1280 ) ) REPRESENTATION_CONTEXT ( 'NONE', 'WORKASPACE' ) );
#95 = CARTESIAN_POINT ( 'NONE',  ( 0.000000000000000000, 0.000000000000000000, 0.000000000000000000 ) ) ;
#96 =( GEOMETRIC_REPRESENTATION_CONTEXT ( 3 ) GLOBAL_UNCERTAINTY_ASSIGNED_CONTEXT ( ( #1142 ) ) GLOBAL_UNIT_ASSIGNED_CONTEXT ( ( #801, #694, #732 ) ) REPRESENTATION_CONTEXT ( 'NONE', 'WORKASPACE' ) );
#97 = VECTOR ( 'NONE', #1419, 1000.000000000000000 ) ;
#98 = EDGE_LOOP ( 'NONE', ( #1460, #334, #1262, #982 ) ) ;
#99 = AXIS2_PLACEMENT_3D ( 'NONE', #785, #1260, #890 ) ;
#100 = SURFACE_STYLE_FILL_AREA ( #772 ) ;
#101 = VECTOR ( 'NONE', #445, 1000.000000000000000 ) ;
#102 = DIRECTION ( 'NONE',  ( -0.000000000000000000, -1.000000000000000000, -0.000000000000000000 ) ) ;
#103 = FACE_OUTER_BOUND ( 'NONE', #1175, .T. ) ;
#104 = DIRECTION ( 'NONE',  ( 0.000000000000000000, -1.000000000000000000, 0.000000000000000000 ) ) ;
#105 = PRESENTATION_LAYER_ASSIGNMENT (  '', '', ( #175 ) ) ;
#106 =( NAMED_UNIT ( * ) SI_UNIT ( $, .STERADIAN. ) SOLID_ANGLE_UNIT ( ) );
#107 = ORIENTED_EDGE ( 'NONE', *, *, #408, .T. ) ;
#108 = EDGE_LOOP ( 'NONE', ( #1082, #1102 ) ) ;
#109 = FILL_AREA_STYLE ('',( #901 ) ) ;
#110 =( LENGTH_UNIT ( ) NAMED_UNIT ( * ) SI_UNIT ( .MILLI., .METRE. ) );
#111 = UNCERTAINTY_MEASURE_WITH_UNIT (LENGTH_MEASURE( 1.000000000000000082E-05 ), #182, 'distance_accuracy_value', 'NONE');
#112 = FILL_AREA_STYLE ('',( #9 ) ) ;
#113 = CARTESIAN_POINT ( 'NONE',  ( 1.224646799147353731E-17, 2.474796947858460605, 0.1000000000000000472 ) ) ;
#114 = AXIS2_PLACEMENT_3D ( 'NONE', #551, #905, #1012 ) ;
#115 = MECHANICAL_DESIGN_GEOMETRIC_PRESENTATION_REPRESENTATION (  '', ( #6 ), #721 ) ;
#116 = EDGE_LOOP ( 'NONE', ( #204, #107, #428, #899 ) ) ;
#117 = TOROIDAL_SURFACE ( 'NONE', #114, 1.821451479088013858, 0.09999999999999993616 ) ;
#118 = ORIENTED_EDGE ( 'NONE', *, *, #538, .F. ) ;
#119 =( LENGTH_UNIT ( ) NAMED_UNIT ( * ) SI_UNIT ( .MILLI., .METRE. ) );
#120 = TOROIDAL_SURFACE ( 'NONE', #34, 1.221451479088013770, 0.5000000000000000000 ) ;
#121 = FILL_AREA_STYLE ('',( #674 ) ) ;
#122 = ORIENTED_EDGE ( 'NONE', *, *, #751, .T. ) ;
#123 =( GEOMETRIC_REPRESENTATION_CONTEXT ( 3 ) GLOBAL_UNCERTAINTY_ASSIGNED_CONTEXT ( ( #1182 ) ) GLOBAL_UNIT_ASSIGNED_CONTEXT ( ( #110, #347, #1492 ) ) REPRESENTATION_CONTEXT ( 'NONE', 'WORKASPACE' ) );
#124 = CARTESIAN_POINT ( 'NONE',  ( 0.000000000000000000, 0.000000000000000000, 0.000000000000000000 ) ) ;
#125 = STYLED_ITEM ( 'NONE', ( #595 ), #1187 ) ;
#126 = DIRECTION ( 'NONE',  ( -0.000000000000000000, -1.000000000000000000, -0.000000000000000000 ) ) ;
#127 = EDGE_CURVE ( 'NONE', #527, #193, #466, .T. ) ;
#128 = FILL_AREA_STYLE ('',( #1156 ) ) ;
#129 = CIRCLE ( 'NONE', #1328, 0.5999999999999999778 ) ;
#130 = ORIENTED_EDGE ( 'NONE', *, *, #560, .T. ) ;
#131 = ADVANCED_FACE ( 'NONE', ( #432, #1357 ), #314, .T. ) ;
#132 = DIRECTION ( 'NONE',  ( -0.000000000000000000, -1.000000000000000000, -0.000000000000000000 ) ) ;
#133 = SURFACE_SIDE_STYLE ('',( #1161 ) ) ;
#134 = AXIS2_PLACEMENT_3D ( 'NONE', #303, #1346, #91 ) ;
#135 = CIRCLE ( 'NONE', #396, 0.2249999999999999500 ) ;
#136 = ORIENTED_EDGE ( 'NONE', *, *, #285, .F. ) ;
#137 = COLOUR_RGB ( '',0.8431372549019607865, 0.8431372549019607865, 0.8431372549019607865 ) ;
#138 = DIRECTION ( 'NONE',  ( -1.000000000000000000, 0.000000000000000000, 5.421010862427522786E-17 ) ) ;
#139 =( NAMED_UNIT ( * ) SI_UNIT ( $, .STERADIAN. ) SOLID_ANGLE_UNIT ( ) );
#140 = VERTEX_POINT ( 'NONE', #305 ) ;
#141 = FILL_AREA_STYLE_COLOUR ( '', #1326 ) ;
#142 = FILL_AREA_STYLE_COLOUR ( '', #832 ) ;
#143 = AXIS2_PLACEMENT_3D ( 'NONE', #824, #504, #1186 ) ;
#144 = UNCERTAINTY_MEASURE_WITH_UNIT (LENGTH_MEASURE( 1.000000000000000082E-05 ), #1063, 'distance_accuracy_value', 'NONE');
#145 = ORIENTED_EDGE ( 'NONE', *, *, #1089, .F. ) ;
#146 = AXIS2_PLACEMENT_3D ( 'NONE', #539, #443, #668 ) ;
#147 = CIRCLE ( 'NONE', #639, 0.1000000000000000472 ) ;
#148 = SURFACE_SIDE_STYLE ('',( #1177 ) ) ;
#149 = DIRECTION ( 'NONE',  ( 0.000000000000000000, 0.000000000000000000, -1.000000000000000000 ) ) ;
#150 = EDGE_CURVE ( 'NONE', #80, #872, #839, .T. ) ;
#151 = DIRECTION ( 'NONE',  ( 0.000000000000000000, 0.000000000000000000, -1.000000000000000000 ) ) ;
#152 = ORIENTED_EDGE ( 'NONE', *, *, #1015, .T. ) ;
#153 = CIRCLE ( 'NONE', #1138, 1.221451479088010217 ) ;
#154 = COLOUR_RGB ( '',0.7921568627450980005, 0.8196078431372548767, 0.9333333333333333481 ) ;
#155 = SURFACE_STYLE_USAGE ( .BOTH. , #1301 ) ;
#156 =( NAMED_UNIT ( * ) PLANE_ANGLE_UNIT ( ) SI_UNIT ( $, .RADIAN. ) );
#157 = VECTOR ( 'NONE', #239, 1000.000000000000000 ) ;
#158 = CARTESIAN_POINT ( 'NONE',  ( 0.000000000000000000, 2.474796947858460605, 0.000000000000000000 ) ) ;
#159 = AXIS2_PLACEMENT_3D ( 'NONE', #584, #275, #48 ) ;
#160 = UNCERTAINTY_MEASURE_WITH_UNIT (LENGTH_MEASURE( 1.000000000000000082E-05 ), #768, 'distance_accuracy_value', 'NONE');
#161 = UNCERTAINTY_MEASURE_WITH_UNIT (LENGTH_MEASURE( 1.000000000000000082E-05 ), #1096, 'distance_accuracy_value', 'NONE');
#162 = ORIENTED_EDGE ( 'NONE', *, *, #26, .T. ) ;
#163 = ADVANCED_FACE ( 'NONE', ( #991 ), #120, .F. ) ;
#164 = CARTESIAN_POINT ( 'NONE',  ( -0.8980256121069182251, 0.000000000000000000, 0.8980256121069126740 ) ) ;
#165 = DIRECTION ( 'NONE',  ( 0.000000000000000000, 0.000000000000000000, -1.000000000000000000 ) ) ;
#166 = DIRECTION ( 'NONE',  ( 0.000000000000000000, 0.000000000000000000, -1.000000000000000000 ) ) ;
#167 = FACE_BOUND ( 'NONE', #407, .T. ) ;
#168 =( GEOMETRIC_REPRESENTATION_CONTEXT ( 3 ) GLOBAL_UNCERTAINTY_ASSIGNED_CONTEXT ( ( #278 ) ) GLOBAL_UNIT_ASSIGNED_CONTEXT ( ( #1085, #1097, #570 ) ) REPRESENTATION_CONTEXT ( 'NONE', 'WORKASPACE' ) );
#169 = SURFACE_STYLE_FILL_AREA ( #277 ) ;
#170 = AXIS2_PLACEMENT_3D ( 'NONE', #1046, #1318, #149 ) ;
#171 = ADVANCED_FACE ( 'NONE', ( #103 ), #411, .T. ) ;
#172 = ORIENTED_EDGE ( 'NONE', *, *, #910, .F. ) ;
#173 = AXIS2_PLACEMENT_3D ( 'NONE', #382, #1407, #372 ) ;
#174 = DIRECTION ( 'NONE',  ( 0.000000000000000000, -1.000000000000000000, 0.000000000000000000 ) ) ;
#175 = STYLED_ITEM ( 'NONE', ( #563 ), #451 ) ;
#176 = EDGE_LOOP ( 'NONE', ( #1270, #586, #442, #248 ) ) ;
#177 =( GEOMETRIC_REPRESENTATION_CONTEXT ( 3 ) GLOBAL_UNCERTAINTY_ASSIGNED_CONTEXT ( ( #1305 ) ) GLOBAL_UNIT_ASSIGNED_CONTEXT ( ( #423, #1202, #1218 ) ) REPRESENTATION_CONTEXT ( 'NONE', 'WORKASPACE' ) );
#178 = AXIS2_PLACEMENT_3D ( 'NONE', #919, #1144, #565 ) ;
#179 = EDGE_CURVE ( 'NONE', #19, #1222, #1122, .T. ) ;
#180 = CIRCLE ( 'NONE', #1239, 0.2249999999999999500 ) ;
#181 = SURFACE_SIDE_STYLE ('',( #1333 ) ) ;
#182 =( LENGTH_UNIT ( ) NAMED_UNIT ( * ) SI_UNIT ( .MILLI., .METRE. ) );
#183 = EDGE_CURVE ( 'NONE', #880, #1117, #12, .T. ) ;
#184 =( NAMED_UNIT ( * ) PLANE_ANGLE_UNIT ( ) SI_UNIT ( $, .RADIAN. ) );
#185 = MECHANICAL_DESIGN_GEOMETRIC_PRESENTATION_REPRESENTATION (  '', ( #1263 ), #177 ) ;
#186 = CARTESIAN_POINT ( 'NONE',  ( 3.154999999999999805, 0.000000000000000000, -0.2500000000000000000 ) ) ;
#187 = ORIENTED_EDGE ( 'NONE', *, *, #751, .F. ) ;
#188 =( LENGTH_UNIT ( ) NAMED_UNIT ( * ) SI_UNIT ( .MILLI., .METRE. ) );
#189 = FACE_OUTER_BOUND ( 'NONE', #261, .T. ) ;
#190 =( LENGTH_UNIT ( ) NAMED_UNIT ( * ) SI_UNIT ( .MILLI., .METRE. ) );
#191 = DIRECTION ( 'NONE',  ( 0.000000000000000000, 0.000000000000000000, -1.000000000000000000 ) ) ;
#192 =( NAMED_UNIT ( * ) PLANE_ANGLE_UNIT ( ) SI_UNIT ( $, .RADIAN. ) );
#193 = VERTEX_POINT ( 'NONE', #1387 ) ;
#194 = CIRCLE ( 'NONE', #605, 2.350000000000000089 ) ;
#195 = CARTESIAN_POINT ( 'NONE',  ( 0.000000000000000000, 0.000000000000000000, -0.5999999999999999778 ) ) ;
#196 =( NAMED_UNIT ( * ) PLANE_ANGLE_UNIT ( ) SI_UNIT ( $, .RADIAN. ) );
#197 = PLANE ( 'NONE',  #793 ) ;
#198 = SURFACE_STYLE_FILL_AREA ( #758 ) ;
#199 =( LENGTH_UNIT ( ) NAMED_UNIT ( * ) SI_UNIT ( .MILLI., .METRE. ) );
#200 = AXIS2_PLACEMENT_3D ( 'NONE', #1368, #791, #1101 ) ;
#201 = FACE_OUTER_BOUND ( 'NONE', #1139, .T. ) ;
#202 = COLOUR_RGB ( '',0.7450980392156862919, 0.4901960784313725283, 0.3333333333333333148 ) ;
#203 = SURFACE_SIDE_STYLE ('',( #1351 ) ) ;
#204 = ORIENTED_EDGE ( 'NONE', *, *, #1032, .F. ) ;
#205 = CARTESIAN_POINT ( 'NONE',  ( 0.000000000000000000, 2.474796947858457052, 0.000000000000000000 ) ) ;
#206 = SURFACE_STYLE_USAGE ( .BOTH. , #181 ) ;
#207 = CIRCLE ( 'NONE', #702, 0.2249999999999999500 ) ;
#208 = CYLINDRICAL_SURFACE ( 'NONE', #1322, 0.2249999999999999500 ) ;
#209 = FILL_AREA_STYLE_COLOUR ( '', #985 ) ;
#210 = SURFACE_SIDE_STYLE ('',( #1336 ) ) ;
#211 = CARTESIAN_POINT ( 'NONE',  ( 0.000000000000000000, 2.874796947858464069, 0.000000000000000000 ) ) ;
#212 = PRESENTATION_STYLE_ASSIGNMENT (( #326 ) ) ;
#213 = ORIENTED_EDGE ( 'NONE', *, *, #646, .F. ) ;
#214 = CARTESIAN_POINT ( 'NONE',  ( 0.8980256121069186692, 0.000000000000000000, -0.8980256121069128961 ) ) ;
#215 =( LENGTH_UNIT ( ) NAMED_UNIT ( * ) SI_UNIT ( .MILLI., .METRE. ) );
#216 = DIRECTION ( 'NONE',  ( 1.000000000000000000, 0.000000000000000000, -1.224646799147353207E-16 ) ) ;
#217 = MECHANICAL_DESIGN_GEOMETRIC_PRESENTATION_REPRESENTATION (  '', ( #1385 ), #96 ) ;
#218 = CARTESIAN_POINT ( 'NONE',  ( 2.643203548726430707, 0.000000000000000000, -0.2499999999999998890 ) ) ;
#219 = ADVANCED_FACE ( 'NONE', ( #1253 ), #227, .T. ) ;
#220 = FILL_AREA_STYLE ('',( #555 ) ) ;
#221 = FACE_OUTER_BOUND ( 'NONE', #1231, .T. ) ;
#222 = MECHANICAL_DESIGN_GEOMETRIC_PRESENTATION_REPRESENTATION (  '', ( #1081 ), #1500 ) ;
#223 = AXIS2_PLACEMENT_3D ( 'NONE', #1062, #493, #940 ) ;
#224 = EDGE_LOOP ( 'NONE', ( #130, #811 ) ) ;
#225 =( LENGTH_UNIT ( ) NAMED_UNIT ( * ) SI_UNIT ( .MILLI., .METRE. ) );
#226 =( LENGTH_UNIT ( ) NAMED_UNIT ( * ) SI_UNIT ( .MILLI., .METRE. ) );
#227 = CYLINDRICAL_SURFACE ( 'NONE', #473, 0.2249999999999999500 ) ;
#228 = CARTESIAN_POINT ( 'NONE',  ( -0.8980256121069182251, 0.000000000000000000, 0.8980256121069126740 ) ) ;
#229 = VECTOR ( 'NONE', #1181, 1000.000000000000000 ) ;
#230 =( GEOMETRIC_REPRESENTATION_CONTEXT ( 3 ) GLOBAL_UNCERTAINTY_ASSIGNED_CONTEXT ( ( #1290 ) ) GLOBAL_UNIT_ASSIGNED_CONTEXT ( ( #226, #1286, #1378 ) ) REPRESENTATION_CONTEXT ( 'NONE', 'WORKASPACE' ) );
#231 = SURFACE_SIDE_STYLE ('',( #789 ) ) ;
#232 = EDGE_LOOP ( 'NONE', ( #776, #925, #931, #626 ) ) ;
#233 = VERTEX_POINT ( 'NONE', #696 ) ;
#234 = FILL_AREA_STYLE ('',( #1271 ) ) ;
#235 =( NAMED_UNIT ( * ) SI_UNIT ( $, .STERADIAN. ) SOLID_ANGLE_UNIT ( ) );
#236 = DIRECTION ( 'NONE',  ( -0.000000000000000000, -1.000000000000000000, -0.000000000000000000 ) ) ;
#237 = ADVANCED_FACE ( 'NONE', ( #582 ), #1044, .T. ) ;
#238 =( LENGTH_UNIT ( ) NAMED_UNIT ( * ) SI_UNIT ( .MILLI., .METRE. ) );
#239 = DIRECTION ( 'NONE',  ( 0.000000000000000000, -1.000000000000000000, 0.000000000000000000 ) ) ;
#240 = ORIENTED_EDGE ( 'NONE', *, *, #5, .T. ) ;
#241 = STYLED_ITEM ( 'NONE', ( #1026 ), #1330 ) ;
#242 = DIRECTION ( 'NONE',  ( -0.000000000000000000, -1.000000000000000000, -0.000000000000000000 ) ) ;
#243 = CIRCLE ( 'NONE', #17, 0.5999999999999999778 ) ;
#244 =( LENGTH_UNIT ( ) NAMED_UNIT ( * ) SI_UNIT ( .MILLI., .METRE. ) );
#245 = LINE ( 'NONE', #469, #1473 ) ;
#246 =( LENGTH_UNIT ( ) NAMED_UNIT ( * ) SI_UNIT ( .MILLI., .METRE. ) );
#247 = AXIS2_PLACEMENT_3D ( 'NONE', #164, #476, #828 ) ;
#248 = ORIENTED_EDGE ( 'NONE', *, *, #392, .F. ) ;
#249 = EDGE_CURVE ( 'NONE', #1222, #233, #988, .T. ) ;
#250 = SURFACE_STYLE_USAGE ( .BOTH. , #24 ) ;
#251 = CARTESIAN_POINT ( 'NONE',  ( 2.643203548726431151, 0.3499999999999997002, -0.2500000000000000000 ) ) ;
#252 = MECHANICAL_DESIGN_GEOMETRIC_PRESENTATION_REPRESENTATION (  '', ( #1485 ), #87 ) ;
#253 = AXIS2_PLACEMENT_3D ( 'NONE', #211, #761, #633 ) ;
#254 = EDGE_LOOP ( 'NONE', ( #689, #1059, #648, #1199 ) ) ;
#255 = DIRECTION ( 'NONE',  ( 0.000000000000000000, 0.000000000000000000, -1.000000000000000000 ) ) ;
#256 = MECHANICAL_DESIGN_GEOMETRIC_PRESENTATION_REPRESENTATION (  '', ( #680 ), #1006 ) ;
#257 = PRODUCT_DEFINITION ( 'UNKNOWN', '', #1457, #941 ) ;
#258 = DIRECTION ( 'NONE',  ( -0.000000000000000000, -1.000000000000000000, -0.000000000000000000 ) ) ;
#259 =( NAMED_UNIT ( * ) SI_UNIT ( $, .STERADIAN. ) SOLID_ANGLE_UNIT ( ) );
#260 = SURFACE_STYLE_FILL_AREA ( #1303 ) ;
#261 = EDGE_LOOP ( 'NONE', ( #152, #1499, #1002, #616, #569, #371 ) ) ;
#262 = SURFACE_SIDE_STYLE ('',( #715 ) ) ;
#263 = PLANE ( 'NONE',  #507 ) ;
#264 = PRESENTATION_LAYER_ASSIGNMENT (  '', '', ( #241 ) ) ;
#265 = CARTESIAN_POINT ( 'NONE',  ( 0.000000000000000000, 0.3499999999999997002, 0.000000000000000000 ) ) ;
#266 = CYLINDRICAL_SURFACE ( 'NONE', #892, 1.721451479088013770 ) ;
#267 = UNCERTAINTY_MEASURE_WITH_UNIT (LENGTH_MEASURE( 1.000000000000000082E-05 ), #225, 'distance_accuracy_value', 'NONE');
#268 = ORIENTED_EDGE ( 'NONE', *, *, #757, .F. ) ;
#269 =( NAMED_UNIT ( * ) SI_UNIT ( $, .STERADIAN. ) SOLID_ANGLE_UNIT ( ) );
#270 = FILL_AREA_STYLE_COLOUR ( '', #1075 ) ;
#271 = CARTESIAN_POINT ( 'NONE',  ( -0.8980256121069182251, -12.00000000000000000, 0.6730256121069126962 ) ) ;
#272 = DIRECTION ( 'NONE',  ( -0.000000000000000000, -1.000000000000000000, -0.000000000000000000 ) ) ;
#273 = EDGE_LOOP ( 'NONE', ( #508, #803 ) ) ;
#274 = CYLINDRICAL_SURFACE ( 'NONE', #546, 2.654999999999999805 ) ;
#275 = DIRECTION ( 'NONE',  ( -0.000000000000000000, -1.000000000000000000, -0.000000000000000000 ) ) ;
#276 = EDGE_CURVE ( 'NONE', #1257, #675, #490, .T. ) ;
#277 = FILL_AREA_STYLE ('',( #1314 ) ) ;
#278 = UNCERTAINTY_MEASURE_WITH_UNIT (LENGTH_MEASURE( 1.000000000000000082E-05 ), #1085, 'distance_accuracy_value', 'NONE');
#279 = ORIENTED_EDGE ( 'NONE', *, *, #1323, .F. ) ;
#280 =( NAMED_UNIT ( * ) PLANE_ANGLE_UNIT ( ) SI_UNIT ( $, .RADIAN. ) );
#281 = COLOUR_RGB ( '',0.8431372549019607865, 0.8431372549019607865, 0.8431372549019607865 ) ;
#282 = CARTESIAN_POINT ( 'NONE',  ( -0.8980256121069182251, 0.000000000000000000, 0.6730256121069126962 ) ) ;
#283 = SURFACE_SIDE_STYLE ('',( #92 ) ) ;
#284 = FILL_AREA_STYLE ('',( #1061 ) ) ;
#285 = EDGE_CURVE ( 'NONE', #1343, #455, #1413, .T. ) ;
#286 = ORIENTED_EDGE ( 'NONE', *, *, #835, .F. ) ;
#287 = VECTOR ( 'NONE', #258, 1000.000000000000000 ) ;
#288 = AXIS2_PLACEMENT_3D ( 'NONE', #1459, #300, #88 ) ;
#289 = CARTESIAN_POINT ( 'NONE',  ( 3.154999999999999805, 1.468033988749894547, 0.2499999999999999445 ) ) ;
#290 = DIRECTION ( 'NONE',  ( 0.000000000000000000, 1.000000000000000000, 0.000000000000000000 ) ) ;
#291 = DIRECTION ( 'NONE',  ( 0.000000000000000000, 0.000000000000000000, -1.000000000000000000 ) ) ;
#292 = EDGE_LOOP ( 'NONE', ( #974, #1361, #1215, #28 ) ) ;
#293 = EDGE_CURVE ( 'NONE', #1283, #1382, #365, .T. ) ;
#294 = PRESENTATION_LAYER_ASSIGNMENT (  '', '', ( #298 ) ) ;
#295 =( GEOMETRIC_REPRESENTATION_CONTEXT ( 3 ) GLOBAL_UNCERTAINTY_ASSIGNED_CONTEXT ( ( #486 ) ) GLOBAL_UNIT_ASSIGNED_CONTEXT ( ( #653, #1472, #1355 ) ) REPRESENTATION_CONTEXT ( 'NONE', 'WORKASPACE' ) );
#296 = CARTESIAN_POINT ( 'NONE',  ( 7.347880794884117764E-17, 2.474796947858457052, 0.6000000000000000888 ) ) ;
#297 = DIRECTION ( 'NONE',  ( -0.000000000000000000, -1.000000000000000000, -0.000000000000000000 ) ) ;
#298 = STYLED_ITEM ( 'NONE', ( #1024 ), #735 ) ;
#299 = DIRECTION ( 'NONE',  ( -0.000000000000000000, -1.000000000000000000, -0.000000000000000000 ) ) ;
#300 = DIRECTION ( 'NONE',  ( -0.000000000000000000, -1.000000000000000000, -0.000000000000000000 ) ) ;
#301 = ORIENTED_EDGE ( 'NONE', *, *, #1323, .T. ) ;
#302 = PRESENTATION_STYLE_ASSIGNMENT (( #627 ) ) ;
#303 = CARTESIAN_POINT ( 'NONE',  ( 0.000000000000000000, 0.000000000000000000, 0.000000000000000000 ) ) ;
#304 = FILL_AREA_STYLE_COLOUR ( '', #1416 ) ;
#305 = CARTESIAN_POINT ( 'NONE',  ( 0.000000000000000000, 3.649999999999998579, -1.721451479088013770 ) ) ;
#306 = DIRECTION ( 'NONE',  ( -0.000000000000000000, -1.000000000000000000, -0.000000000000000000 ) ) ;
#307 = COLOUR_RGB ( '',0.8431372549019607865, 0.8431372549019607865, 0.8431372549019607865 ) ;
#308 = CARTESIAN_POINT ( 'NONE',  ( 0.8980256121069186692, 0.000000000000000000, -0.6730256121069129183 ) ) ;
#309 = ORIENTED_EDGE ( 'NONE', *, *, #779, .T. ) ;
#310 = VECTOR ( 'NONE', #439, 1000.000000000000000 ) ;
#311 = DIRECTION ( 'NONE',  ( -0.000000000000000000, -1.000000000000000000, -0.000000000000000000 ) ) ;
#312 = CARTESIAN_POINT ( 'NONE',  ( 3.154999999999999805, 0.3499999999999996447, 0.2499999999999999445 ) ) ;
#313 = SURFACE_STYLE_FILL_AREA ( #1349 ) ;
#314 = PLANE ( 'NONE',  #866 ) ;
#315 = STYLED_ITEM ( 'NONE', ( #329 ), #448 ) ;
#316 = CARTESIAN_POINT ( 'NONE',  ( 0.000000000000000000, 0.000000000000000000, -2.654999999999999805 ) ) ;
#317 = PRESENTATION_STYLE_ASSIGNMENT (( #1116 ) ) ;
#318 = DIRECTION ( 'NONE',  ( -0.000000000000000000, -1.000000000000000000, -0.000000000000000000 ) ) ;
#319 = PRODUCT ( 'MTAPD-06-013', 'MTAPD-06-013', '', ( #20 ) ) ;
#320 = STYLED_ITEM ( 'NONE', ( #628 ), #1466 ) ;
#321 = FACE_OUTER_BOUND ( 'NONE', #327, .T. ) ;
#322 = FILL_AREA_STYLE_COLOUR ( '', #1435 ) ;
#323 = PRESENTATION_STYLE_ASSIGNMENT (( #58 ) ) ;
#324 = CARTESIAN_POINT ( 'NONE',  ( 0.000000000000000000, 0.5499999999999997113, 0.000000000000000000 ) ) ;
#325 = EDGE_CURVE ( 'NONE', #1222, #872, #1050, .T. ) ;
#326 = SURFACE_STYLE_USAGE ( .BOTH. , #1221 ) ;
#327 = EDGE_LOOP ( 'NONE', ( #1427, #769, #815, #4 ) ) ;
#328 = ADVANCED_FACE ( 'NONE', ( #23 ), #710, .F. ) ;
#329 = PRESENTATION_STYLE_ASSIGNMENT (( #1496 ) ) ;
#330 = SURFACE_STYLE_USAGE ( .BOTH. , #1364 ) ;
#331 = UNCERTAINTY_MEASURE_WITH_UNIT (LENGTH_MEASURE( 1.000000000000000082E-05 ), #246, 'distance_accuracy_value', 'NONE');
#332 = DIRECTION ( 'NONE',  ( 0.000000000000000000, 0.000000000000000000, 1.000000000000000000 ) ) ;
#333 = AXIS2_PLACEMENT_3D ( 'NONE', #2, #573, #1276 ) ;
#334 = ORIENTED_EDGE ( 'NONE', *, *, #1146, .F. ) ;
#335 = SURFACE_STYLE_FILL_AREA ( #1363 ) ;
#336 =( LENGTH_UNIT ( ) NAMED_UNIT ( * ) SI_UNIT ( .MILLI., .METRE. ) );
#337 = CARTESIAN_POINT ( 'NONE',  ( 0.000000000000000000, 0.000000000000000000, 0.000000000000000000 ) ) ;
#338 = CIRCLE ( 'NONE', #765, 2.654999999999999805 ) ;
#339 = DIRECTION ( 'NONE',  ( -0.000000000000000000, 1.000000000000000000, -0.000000000000000000 ) ) ;
#340 = FILL_AREA_STYLE_COLOUR ( '', #32 ) ;
#341 = ORIENTED_EDGE ( 'NONE', *, *, #913, .T. ) ;
#342 = ORIENTED_EDGE ( 'NONE', *, *, #677, .F. ) ;
#343 = EDGE_CURVE ( 'NONE', #1401, #703, #1172, .T. ) ;
#344 = EDGE_CURVE ( 'NONE', #193, #1064, #338, .T. ) ;
#345 = SURFACE_STYLE_USAGE ( .BOTH. , #1390 ) ;
#346 = PRODUCT_DEFINITION_SHAPE ( 'NONE', 'NONE',  #257 ) ;
#347 =( NAMED_UNIT ( * ) PLANE_ANGLE_UNIT ( ) SI_UNIT ( $, .RADIAN. ) );
#348 = STYLED_ITEM ( 'NONE', ( #1491 ), #1493 ) ;
#349 = CARTESIAN_POINT ( 'NONE',  ( 0.000000000000000000, 0.3499999999999997002, 0.000000000000000000 ) ) ;
#350 = AXIS2_PLACEMENT_3D ( 'NONE', #810, #356, #1031 ) ;
#351 = SURFACE_SIDE_STYLE ('',( #794 ) ) ;
#352 = DIRECTION ( 'NONE',  ( -0.000000000000000000, 1.000000000000000000, -0.000000000000000000 ) ) ;
#353 = CARTESIAN_POINT ( 'NONE',  ( 0.8980256121069186692, 0.000000000000000000, -0.8980256121069128961 ) ) ;
#354 = CARTESIAN_POINT ( 'NONE',  ( 2.108170043752612993E-16, 0.000000000000000000, 1.721451479088013770 ) ) ;
#355 = ADVANCED_FACE ( 'NONE', ( #610 ), #1178, .T. ) ;
#356 = DIRECTION ( 'NONE',  ( -0.000000000000000000, -1.000000000000000000, -0.000000000000000000 ) ) ;
#357 = AXIS2_PLACEMENT_3D ( 'NONE', #932, #1428, #599 ) ;
#358 = VERTEX_POINT ( 'NONE', #1398 ) ;
#359 =( NAMED_UNIT ( * ) PLANE_ANGLE_UNIT ( ) SI_UNIT ( $, .RADIAN. ) );
#360 = FACE_OUTER_BOUND ( 'NONE', #176, .T. ) ;
#361 = SURFACE_STYLE_FILL_AREA ( #220 ) ;
#362 = VECTOR ( 'NONE', #166, 1000.000000000000000 ) ;
#363 = SURFACE_STYLE_USAGE ( .BOTH. , #589 ) ;
#364 = DIRECTION ( 'NONE',  ( 0.000000000000000000, 0.000000000000000000, -1.000000000000000000 ) ) ;
#365 = CIRCLE ( 'NONE', #926, 0.2249999999999999500 ) ;
#366 =( GEOMETRIC_REPRESENTATION_CONTEXT ( 3 ) GLOBAL_UNCERTAINTY_ASSIGNED_CONTEXT ( ( #607 ) ) GLOBAL_UNIT_ASSIGNED_CONTEXT ( ( #1054, #731, #600 ) ) REPRESENTATION_CONTEXT ( 'NONE', 'WORKASPACE' ) );
#367 = UNCERTAINTY_MEASURE_WITH_UNIT (LENGTH_MEASURE( 1.000000000000000082E-05 ), #795, 'distance_accuracy_value', 'NONE');
#368 = SURFACE_SIDE_STYLE ('',( #464 ) ) ;
#369 = MECHANICAL_DESIGN_GEOMETRIC_PRESENTATION_REPRESENTATION (  '', ( #175 ), #826 ) ;
#370 = EDGE_CURVE ( 'NONE', #987, #385, #129, .T. ) ;
#371 = ORIENTED_EDGE ( 'NONE', *, *, #276, .T. ) ;
#372 = DIRECTION ( 'NONE',  ( 0.000000000000000000, -0.000000000000000000, -1.000000000000000000 ) ) ;
#373 = TOROIDAL_SURFACE ( 'NONE', #437, 2.000000000000000000, 0.3500000000000000333 ) ;
#374 = PRESENTATION_LAYER_ASSIGNMENT (  '', '', ( #957 ) ) ;
#375 = ORIENTED_EDGE ( 'NONE', *, *, #816, .F. ) ;
#376 = AXIS2_PLACEMENT_3D ( 'NONE', #846, #63, #518 ) ;
#377 = MECHANICAL_DESIGN_GEOMETRIC_PRESENTATION_REPRESENTATION (  '', ( #1042 ), #1489 ) ;
#378 = CARTESIAN_POINT ( 'NONE',  ( 0.000000000000000000, 0.5499999999999997113, 0.000000000000000000 ) ) ;
#379 =( NAMED_UNIT ( * ) SI_UNIT ( $, .STERADIAN. ) SOLID_ANGLE_UNIT ( ) );
#380 = EDGE_LOOP ( 'NONE', ( #545, #1452, #1093, #1264 ) ) ;
#381 = DIRECTION ( 'NONE',  ( -0.000000000000000000, -1.000000000000000000, -0.000000000000000000 ) ) ;
#382 = CARTESIAN_POINT ( 'NONE',  ( -0.8980256121069182251, -12.00000000000000000, 0.8980256121069126740 ) ) ;
#383 = TOROIDAL_SURFACE ( 'NONE', #568, 2.000000000000000000, 0.3500000000000000333 ) ;
#384 = UNCERTAINTY_MEASURE_WITH_UNIT (LENGTH_MEASURE( 1.000000000000000082E-05 ), #70, 'distance_accuracy_value', 'NONE');
#385 = VERTEX_POINT ( 'NONE', #296 ) ;
#386 = ADVANCED_FACE ( 'NONE', ( #1445 ), #636, .F. ) ;
#387 = ADVANCED_FACE ( 'NONE', ( #976 ), #619, .T. ) ;
#388 = AXIS2_PLACEMENT_3D ( 'NONE', #915, #339, #1056 ) ;
#389 = DIRECTION ( 'NONE',  ( 1.000000000000000000, 0.000000000000000000, -1.084202172485504557E-16 ) ) ;
#390 = FACE_OUTER_BOUND ( 'NONE', #419, .T. ) ;
#391 = PLANE ( 'NONE',  #173 ) ;
#392 = EDGE_CURVE ( 'NONE', #987, #1117, #421, .T. ) ;
#393 = DIRECTION ( 'NONE',  ( -0.000000000000000000, -0.000000000000000000, 1.000000000000000000 ) ) ;
#394 = PRESENTATION_LAYER_ASSIGNMENT (  '', '', ( #1485 ) ) ;
#395 = ORIENTED_EDGE ( 'NONE', *, *, #1072, .T. ) ;
#396 = AXIS2_PLACEMENT_3D ( 'NONE', #228, #691, #364 ) ;
#397 = PRESENTATION_STYLE_ASSIGNMENT (( #155 ) ) ;
#398 = FACE_OUTER_BOUND ( 'NONE', #827, .T. ) ;
#399 = SURFACE_SIDE_STYLE ('',( #472 ) ) ;
#400 = LINE ( 'NONE', #485, #1060 ) ;
#401 = UNCERTAINTY_MEASURE_WITH_UNIT (LENGTH_MEASURE( 1.000000000000000082E-05 ), #188, 'distance_accuracy_value', 'NONE');
#402 = ORIENTED_EDGE ( 'NONE', *, *, #52, .F. ) ;
#403 = PRESENTATION_STYLE_ASSIGNMENT (( #496 ) ) ;
#404 = LINE ( 'NONE', #56, #1127 ) ;
#405 = CARTESIAN_POINT ( 'NONE',  ( 0.000000000000000000, 0.3499999999999997002, 0.000000000000000000 ) ) ;
#406 = AXIS2_PLACEMENT_3D ( 'NONE', #1158, #102, #467 ) ;
#407 = EDGE_LOOP ( 'NONE', ( #240, #1395 ) ) ;
#408 = EDGE_CURVE ( 'NONE', #1025, #561, #549, .T. ) ;
#409 = PRESENTATION_LAYER_ASSIGNMENT (  '', '', ( #315 ) ) ;
#410 = AXIS2_PLACEMENT_3D ( 'NONE', #1090, #642, #741 ) ;
#411 = CYLINDRICAL_SURFACE ( 'NONE', #470, 2.350000000000000089 ) ;
#412 = EDGE_CURVE ( 'NONE', #1501, #140, #1279, .T. ) ;
#413 = SURFACE_STYLE_FILL_AREA ( #526 ) ;
#414 = ORIENTED_EDGE ( 'NONE', *, *, #1400, .T. ) ;
#415 = PRESENTATION_LAYER_ASSIGNMENT (  '', '', ( #981 ) ) ;
#416 = PRESENTATION_LAYER_ASSIGNMENT (  '', '', ( #86 ) ) ;
#417 = DIRECTION ( 'NONE',  ( -0.000000000000000000, 1.000000000000000000, -0.000000000000000000 ) ) ;
#418 = DIRECTION ( 'NONE',  ( 0.000000000000000000, 0.000000000000000000, -1.000000000000000000 ) ) ;
#419 = EDGE_LOOP ( 'NONE', ( #268, #501, #122, #309 ) ) ;
#420 = COLOUR_RGB ( '',0.8431372549019607865, 0.8431372549019607865, 0.8431372549019607865 ) ;
#421 = LINE ( 'NONE', #195, #1159 ) ;
#422 = FILL_AREA_STYLE ('',( #71 ) ) ;
#423 =( LENGTH_UNIT ( ) NAMED_UNIT ( * ) SI_UNIT ( .MILLI., .METRE. ) );
#424 = CARTESIAN_POINT ( 'NONE',  ( 0.000000000000000000, 0.000000000000000000, -2.654999999999999805 ) ) ;
#425 = PRESENTATION_STYLE_ASSIGNMENT (( #631 ) ) ;
#426 = SURFACE_STYLE_USAGE ( .BOTH. , #1228 ) ;
#427 = MECHANICAL_DESIGN_GEOMETRIC_PRESENTATION_REPRESENTATION (  '', ( #1074 ), #1200 ) ;
#428 = ORIENTED_EDGE ( 'NONE', *, *, #1023, .T. ) ;
#429 = SURFACE_SIDE_STYLE ('',( #516 ) ) ;
#430 = EDGE_CURVE ( 'NONE', #1277, #1016, #1053, .T. ) ;
#431 = PRESENTATION_STYLE_ASSIGNMENT (( #1226 ) ) ;
#432 = FACE_BOUND ( 'NONE', #224, .T. ) ;
#433 = FILL_AREA_STYLE ('',( #878 ) ) ;
#434 = CARTESIAN_POINT ( 'NONE',  ( 2.108170043752612993E-16, 2.874796947858464069, 1.721451479088013770 ) ) ;
#435 = SURFACE_SIDE_STYLE ('',( #1464 ) ) ;
#436 = CIRCLE ( 'NONE', #865, 0.5000000000000000000 ) ;
#437 = AXIS2_PLACEMENT_3D ( 'NONE', #1039, #236, #1166 ) ;
#438 = VECTOR ( 'NONE', #1113, 1000.000000000000000 ) ;
#439 = DIRECTION ( 'NONE',  ( -0.000000000000000000, -1.000000000000000000, -0.000000000000000000 ) ) ;
#440 = AXIS2_PLACEMENT_3D ( 'NONE', #1358, #935, #629 ) ;
#441 = COLOUR_RGB ( '',0.7450980392156862919, 0.4901960784313725283, 0.3333333333333333148 ) ;
#442 = ORIENTED_EDGE ( 'NONE', *, *, #560, .F. ) ;
#443 = DIRECTION ( 'NONE',  ( -0.000000000000000000, -1.000000000000000000, -0.000000000000000000 ) ) ;
#444 =( NAMED_UNIT ( * ) PLANE_ANGLE_UNIT ( ) SI_UNIT ( $, .RADIAN. ) );
#445 = DIRECTION ( 'NONE',  ( -0.000000000000000000, -1.000000000000000000, -0.000000000000000000 ) ) ;
#446 = EDGE_LOOP ( 'NONE', ( #447, #1298 ) ) ;
#447 = ORIENTED_EDGE ( 'NONE', *, *, #1462, .T. ) ;
#448 = MANIFOLD_SOLID_BREP ( 'Boss-Extrude2[1]', #7 ) ;
#449 = PLANE ( 'NONE',  #99 ) ;
#450 = CARTESIAN_POINT ( 'NONE',  ( 2.449293598294706414E-16, 3.399999999999999467, 2.000000000000000000 ) ) ;
#451 = MANIFOLD_SOLID_BREP ( 'Boss-Extrude2[2]', #656 ) ;
#452 = DIRECTION ( 'NONE',  ( -1.000000000000000000, 0.000000000000000000, 0.000000000000000000 ) ) ;
#453 = AXIS2_PLACEMENT_3D ( 'NONE', #1109, #81, #984 ) ;
#454 = AXIS2_PLACEMENT_3D ( 'NONE', #265, #711, #1180 ) ;
#455 = VERTEX_POINT ( 'NONE', #1105 ) ;
#456 = EDGE_LOOP ( 'NONE', ( #592, #1306, #279, #1373 ) ) ;
#457 = EDGE_CURVE ( 'NONE', #1343, #465, #480, .T. ) ;
#458 = PRESENTATION_STYLE_ASSIGNMENT (( #1503 ) ) ;
#459 = DIRECTION ( 'NONE',  ( 1.000000000000000000, 0.000000000000000000, -1.224646799147353207E-16 ) ) ;
#460 = MECHANICAL_DESIGN_GEOMETRIC_PRESENTATION_REPRESENTATION (  '', ( #1164 ), #295 ) ;
#461 = CARTESIAN_POINT ( 'NONE',  ( 0.000000000000000000, 3.749999999999999556, 0.000000000000000000 ) ) ;
#462 = CIRCLE ( 'NONE', #1225, 1.821451479088014525 ) ;
#463 =( GEOMETRIC_REPRESENTATION_CONTEXT ( 3 ) GLOBAL_UNCERTAINTY_ASSIGNED_CONTEXT ( ( #596 ) ) GLOBAL_UNIT_ASSIGNED_CONTEXT ( ( #704, #359, #1157 ) ) REPRESENTATION_CONTEXT ( 'NONE', 'WORKASPACE' ) );
#464 = SURFACE_STYLE_FILL_AREA ( #847 ) ;
#465 = VERTEX_POINT ( 'NONE', #647 ) ;
#466 = CIRCLE ( 'NONE', #159, 2.654999999999999805 ) ;
#467 = DIRECTION ( 'NONE',  ( 0.000000000000000000, 0.000000000000000000, -1.000000000000000000 ) ) ;
#468 = SURFACE_SIDE_STYLE ('',( #361 ) ) ;
#469 = CARTESIAN_POINT ( 'NONE',  ( 0.8980256121069186692, -12.00000000000000000, -0.6730256121069129183 ) ) ;
#470 = AXIS2_PLACEMENT_3D ( 'NONE', #1020, #132, #1504 ) ;
#471 = EDGE_CURVE ( 'NONE', #1249, #746, #1206, .T. ) ;
#472 = SURFACE_STYLE_FILL_AREA ( #128 ) ;
#473 = AXIS2_PLACEMENT_3D ( 'NONE', #1267, #352, #690 ) ;
#474 = ORIENTED_EDGE ( 'NONE', *, *, #179, .F. ) ;
#475 = COLOUR_RGB ( '',0.8431372549019607865, 0.8431372549019607865, 0.8431372549019607865 ) ;
#476 = DIRECTION ( 'NONE',  ( 0.000000000000000000, -1.000000000000000000, 0.000000000000000000 ) ) ;
#477 = STYLED_ITEM ( 'NONE', ( #1030 ), #1052 ) ;
#478 =( LENGTH_UNIT ( ) NAMED_UNIT ( * ) SI_UNIT ( .MILLI., .METRE. ) );
#479 =( NAMED_UNIT ( * ) PLANE_ANGLE_UNIT ( ) SI_UNIT ( $, .RADIAN. ) );
#480 = CIRCLE ( 'NONE', #200, 0.2249999999999999500 ) ;
#481 = CIRCLE ( 'NONE', #78, 2.350000000000000089 ) ;
#482 = ORIENTED_EDGE ( 'NONE', *, *, #646, .T. ) ;
#483 = PRESENTATION_STYLE_ASSIGNMENT (( #250 ) ) ;
#484 = FACE_OUTER_BOUND ( 'NONE', #763, .T. ) ;
#485 = CARTESIAN_POINT ( 'NONE',  ( 0.8980256121069186692, -12.00000000000000000, -1.123025612106912874 ) ) ;
#486 = UNCERTAINTY_MEASURE_WITH_UNIT (LENGTH_MEASURE( 1.000000000000000082E-05 ), #653, 'distance_accuracy_value', 'NONE');
#487 = UNCERTAINTY_MEASURE_WITH_UNIT (LENGTH_MEASURE( 1.000000000000000082E-05 ), #513, 'distance_accuracy_value', 'NONE');
#488 = ORIENTED_EDGE ( 'NONE', *, *, #618, .T. ) ;
#489 = COLOUR_RGB ( '',0.8431372549019607865, 0.8431372549019607865, 0.8431372549019607865 ) ;
#490 = LINE ( 'NONE', #727, #97 ) ;
#491 = SURFACE_STYLE_USAGE ( .BOTH. , #855 ) ;
#492 = CARTESIAN_POINT ( 'NONE',  ( 0.000000000000000000, 2.374796947858460960, -0.5999999999999999778 ) ) ;
#493 = DIRECTION ( 'NONE',  ( -0.000000000000000000, -1.000000000000000000, -0.000000000000000000 ) ) ;
#494 =( NAMED_UNIT ( * ) SI_UNIT ( $, .STERADIAN. ) SOLID_ANGLE_UNIT ( ) );
#495 = ORIENTED_EDGE ( 'NONE', *, *, #127, .F. ) ;
#496 = SURFACE_STYLE_USAGE ( .BOTH. , #148 ) ;
#497 = STYLED_ITEM ( 'NONE', ( #541 ), #1300 ) ;
#498 = SURFACE_STYLE_USAGE ( .BOTH. , #1078 ) ;
#499 = PRESENTATION_LAYER_ASSIGNMENT (  '', '', ( #1022 ) ) ;
#500 = UNCERTAINTY_MEASURE_WITH_UNIT (LENGTH_MEASURE( 1.000000000000000082E-05 ), #1194, 'distance_accuracy_value', 'NONE');
#501 = ORIENTED_EDGE ( 'NONE', *, *, #949, .F. ) ;
#502 = AXIS2_PLACEMENT_3D ( 'NONE', #864, #989, #961 ) ;
#503 = SURFACE_STYLE_FILL_AREA ( #1077 ) ;
#504 = DIRECTION ( 'NONE',  ( -0.000000000000000000, -1.000000000000000000, -0.000000000000000000 ) ) ;
#505 = LINE ( 'NONE', #613, #157 ) ;
#506 =( NAMED_UNIT ( * ) PLANE_ANGLE_UNIT ( ) SI_UNIT ( $, .RADIAN. ) );
#507 = AXIS2_PLACEMENT_3D ( 'NONE', #611, #174, #620 ) ;
#508 = ORIENTED_EDGE ( 'NONE', *, *, #779, .F. ) ;
#509 = AXIS2_PLACEMENT_3D ( 'NONE', #788, #452, #332 ) ;
#510 = FILL_AREA_STYLE ('',( #1232 ) ) ;
#511 =( GEOMETRIC_REPRESENTATION_CONTEXT ( 3 ) GLOBAL_UNCERTAINTY_ASSIGNED_CONTEXT ( ( #1409 ) ) GLOBAL_UNIT_ASSIGNED_CONTEXT ( ( #766, #196, #1134 ) ) REPRESENTATION_CONTEXT ( 'NONE', 'WORKASPACE' ) );
#512 = DIRECTION ( 'NONE',  ( 0.000000000000000000, 0.000000000000000000, -1.000000000000000000 ) ) ;
#513 =( LENGTH_UNIT ( ) NAMED_UNIT ( * ) SI_UNIT ( .MILLI., .METRE. ) );
#514 = FILL_AREA_STYLE_COLOUR ( '', #1484 ) ;
#515 = ORIENTED_EDGE ( 'NONE', *, *, #649, .T. ) ;
#516 = SURFACE_STYLE_FILL_AREA ( #874 ) ;
#517 = SURFACE_STYLE_USAGE ( .BOTH. , #62 ) ;
#518 = DIRECTION ( 'NONE',  ( 0.000000000000000000, 0.000000000000000000, -1.000000000000000000 ) ) ;
#519 = DIRECTION ( 'NONE',  ( -1.000000000000000000, 0.000000000000000000, 0.000000000000000000 ) ) ;
#520 = DIRECTION ( 'NONE',  ( 0.000000000000000000, 0.000000000000000000, 1.000000000000000000 ) ) ;
#521 = ORIENTED_EDGE ( 'NONE', *, *, #548, .T. ) ;
#522 =( NAMED_UNIT ( * ) PLANE_ANGLE_UNIT ( ) SI_UNIT ( $, .RADIAN. ) );
#523 = VECTOR ( 'NONE', #1188, 1000.000000000000000 ) ;
#524 = FILL_AREA_STYLE_COLOUR ( '', #621 ) ;
#525 = CARTESIAN_POINT ( 'NONE',  ( 3.154999999999999805, 1.468033988749894547, -0.2500000000000000000 ) ) ;
#526 = FILL_AREA_STYLE ('',( #762 ) ) ;
#527 = VERTEX_POINT ( 'NONE', #79 ) ;
#528 =( GEOMETRIC_REPRESENTATION_CONTEXT ( 3 ) GLOBAL_UNCERTAINTY_ASSIGNED_CONTEXT ( ( #161 ) ) GLOBAL_UNIT_ASSIGNED_CONTEXT ( ( #1096, #1430, #962 ) ) REPRESENTATION_CONTEXT ( 'NONE', 'WORKASPACE' ) );
#529 =( GEOMETRIC_REPRESENTATION_CONTEXT ( 3 ) GLOBAL_UNCERTAINTY_ASSIGNED_CONTEXT ( ( #401 ) ) GLOBAL_UNIT_ASSIGNED_CONTEXT ( ( #188, #1018, #564 ) ) REPRESENTATION_CONTEXT ( 'NONE', 'WORKASPACE' ) );
#530 = ADVANCED_FACE ( 'NONE', ( #1451 ), #67, .T. ) ;
#531 = SURFACE_STYLE_FILL_AREA ( #422 ) ;
#532 = PLANE ( 'NONE',  #376 ) ;
#533 =( NAMED_UNIT ( * ) SI_UNIT ( $, .STERADIAN. ) SOLID_ANGLE_UNIT ( ) );
#534 = DIRECTION ( 'NONE',  ( -0.000000000000000000, -1.000000000000000000, -0.000000000000000000 ) ) ;
#535 = COLOUR_RGB ( '',0.8431372549019607865, 0.8431372549019607865, 0.8431372549019607865 ) ;
#536 = CARTESIAN_POINT ( 'NONE',  ( 0.000000000000000000, 3.399999999999999467, -2.000000000000000000 ) ) ;
#537 = EDGE_LOOP ( 'NONE', ( #1367, #1207, #495, #994, #885, #784 ) ) ;
#538 = EDGE_CURVE ( 'NONE', #140, #1249, #147, .T. ) ;
#539 = CARTESIAN_POINT ( 'NONE',  ( 0.000000000000000000, 0.000000000000000000, 0.000000000000000000 ) ) ;
#540 = CYLINDRICAL_SURFACE ( 'NONE', #955, 0.2249999999999999500 ) ;
#541 = PRESENTATION_STYLE_ASSIGNMENT (( #93 ) ) ;
#542 = CARTESIAN_POINT ( 'NONE',  ( 2.230634723667348043E-16, 3.649999999999999467, 1.821451479088013858 ) ) ;
#543 = PRESENTATION_LAYER_ASSIGNMENT (  '', '', ( #497 ) ) ;
#544 =( NAMED_UNIT ( * ) PLANE_ANGLE_UNIT ( ) SI_UNIT ( $, .RADIAN. ) );
#545 = ORIENTED_EDGE ( 'NONE', *, *, #913, .F. ) ;
#546 = AXIS2_PLACEMENT_3D ( 'NONE', #963, #73, #977 ) ;
#547 = SURFACE_STYLE_FILL_AREA ( #662 ) ;
#548 = EDGE_CURVE ( 'NONE', #872, #714, #481, .T. ) ;
#549 = CIRCLE ( 'NONE', #453, 0.09999999999999635569 ) ;
#550 = SURFACE_STYLE_USAGE ( .BOTH. , #869 ) ;
#551 = CARTESIAN_POINT ( 'NONE',  ( 0.000000000000000000, 3.649999999999999467, 0.000000000000000000 ) ) ;
#552 = VERTEX_POINT ( 'NONE', #308 ) ;
#553 = STYLED_ITEM ( 'NONE', ( #654 ), #717 ) ;
#554 =( GEOMETRIC_REPRESENTATION_CONTEXT ( 3 ) GLOBAL_UNCERTAINTY_ASSIGNED_CONTEXT ( ( #1057 ) ) GLOBAL_UNIT_ASSIGNED_CONTEXT ( ( #1095, #1438, #1316 ) ) REPRESENTATION_CONTEXT ( 'NONE', 'WORKASPACE' ) );
#555 = FILL_AREA_STYLE_COLOUR ( '', #441 ) ;
#556 = CIRCLE ( 'NONE', #1165, 2.654999999999999805 ) ;
#557 = DIRECTION ( 'NONE',  ( -1.224646799147353207E-16, 0.000000000000000000, -1.000000000000000000 ) ) ;
#558 = PRESENTATION_LAYER_ASSIGNMENT (  '', '', ( #743 ) ) ;
#559 = PRODUCT_RELATED_PRODUCT_CATEGORY ( 'part', '', ( #319 ) ) ;
#560 = EDGE_CURVE ( 'NONE', #1117, #880, #930, .T. ) ;
#561 = VERTEX_POINT ( 'NONE', #973 ) ;
#562 = EDGE_LOOP ( 'NONE', ( #1043, #1150, #1291, #1353 ) ) ;
#563 = PRESENTATION_STYLE_ASSIGNMENT (( #1480 ) ) ;
#564 =( NAMED_UNIT ( * ) SI_UNIT ( $, .STERADIAN. ) SOLID_ANGLE_UNIT ( ) );
#565 = DIRECTION ( 'NONE',  ( 0.000000000000000000, 0.000000000000000000, -1.000000000000000000 ) ) ;
#566 = VECTOR ( 'NONE', #1406, 1000.000000000000000 ) ;
#567 = ORIENTED_EDGE ( 'NONE', *, *, #1146, .T. ) ;
#568 = AXIS2_PLACEMENT_3D ( 'NONE', #914, #126, #1388 ) ;
#569 = ORIENTED_EDGE ( 'NONE', *, *, #816, .T. ) ;
#570 =( NAMED_UNIT ( * ) SI_UNIT ( $, .STERADIAN. ) SOLID_ANGLE_UNIT ( ) );
#571 = DIRECTION ( 'NONE',  ( -0.000000000000000000, -1.000000000000000000, -0.000000000000000000 ) ) ;
#572 = DIRECTION ( 'NONE',  ( 1.000000000000000000, 0.000000000000000000, -1.224646799147353207E-16 ) ) ;
#573 = DIRECTION ( 'NONE',  ( -1.000000000000000000, 0.000000000000000000, 0.000000000000000000 ) ) ;
#574 = ORIENTED_EDGE ( 'NONE', *, *, #1422, .F. ) ;
#575 = MECHANICAL_DESIGN_GEOMETRIC_PRESENTATION_REPRESENTATION (  '', ( #1234 ), #1132 ) ;
#576 =( NAMED_UNIT ( * ) PLANE_ANGLE_UNIT ( ) SI_UNIT ( $, .RADIAN. ) );
#577 = AXIS2_PLACEMENT_3D ( 'NONE', #113, #572, #557 ) ;
#578 = CIRCLE ( 'NONE', #178, 1.721451479088013770 ) ;
#579 = EDGE_LOOP ( 'NONE', ( #488, #783, #61, #1123 ) ) ;
#580 = EDGE_CURVE ( 'NONE', #1256, #1389, #1133, .T. ) ;
#581 = ADVANCED_FACE ( 'NONE', ( #1443 ), #1229, .T. ) ;
#582 = FACE_OUTER_BOUND ( 'NONE', #456, .T. ) ;
#583 = CARTESIAN_POINT ( 'NONE',  ( 0.000000000000000000, 2.474796947858457052, -0.6000000000000000888 ) ) ;
#584 = CARTESIAN_POINT ( 'NONE',  ( 0.000000000000000000, 0.3499999999999997002, 0.000000000000000000 ) ) ;
#585 = PRESENTATION_LAYER_ASSIGNMENT (  '', '', ( #1250 ) ) ;
#586 = ORIENTED_EDGE ( 'NONE', *, *, #57, .T. ) ;
#587 = FILL_AREA_STYLE_COLOUR ( '', #154 ) ;
#588 = DIRECTION ( 'NONE',  ( 0.000000000000000000, -1.000000000000000000, 0.000000000000000000 ) ) ;
#589 = SURFACE_SIDE_STYLE ('',( #1273 ) ) ;
#590 = DIRECTION ( 'NONE',  ( -0.000000000000000000, -1.000000000000000000, -0.000000000000000000 ) ) ;
#591 = CARTESIAN_POINT ( 'NONE',  ( 0.000000000000000000, 2.874796947858464069, -1.721451479088013770 ) ) ;
#592 = ORIENTED_EDGE ( 'NONE', *, *, #693, .T. ) ;
#593 = FILL_AREA_STYLE ('',( #141 ) ) ;
#594 = CARTESIAN_POINT ( 'NONE',  ( 0.000000000000000000, 2.874796947858460960, 0.000000000000000000 ) ) ;
#595 = PRESENTATION_STYLE_ASSIGNMENT (( #498 ) ) ;
#596 = UNCERTAINTY_MEASURE_WITH_UNIT (LENGTH_MEASURE( 1.000000000000000082E-05 ), #704, 'distance_accuracy_value', 'NONE');
#597 = UNCERTAINTY_MEASURE_WITH_UNIT (LENGTH_MEASURE( 1.000000000000000082E-05 ), #1287, 'distance_accuracy_value', 'NONE');
#598 = ORIENTED_EDGE ( 'NONE', *, *, #980, .F. ) ;
#599 = DIRECTION ( 'NONE',  ( 0.000000000000000000, 0.000000000000000000, -1.000000000000000000 ) ) ;
#600 =( NAMED_UNIT ( * ) SI_UNIT ( $, .STERADIAN. ) SOLID_ANGLE_UNIT ( ) );
#601 = AXIS2_PLACEMENT_3D ( 'NONE', #1121, #759, #74 ) ;
#602 =( NAMED_UNIT ( * ) SI_UNIT ( $, .STERADIAN. ) SOLID_ANGLE_UNIT ( ) );
#603 = ORIENTED_EDGE ( 'NONE', *, *, #76, .T. ) ;
#604 = FILL_AREA_STYLE ('',( #46 ) ) ;
#605 = AXIS2_PLACEMENT_3D ( 'NONE', #1009, #242, #1497 ) ;
#606 = DIRECTION ( 'NONE',  ( -0.000000000000000000, -1.000000000000000000, -0.000000000000000000 ) ) ;
#607 = UNCERTAINTY_MEASURE_WITH_UNIT (LENGTH_MEASURE( 1.000000000000000082E-05 ), #1054, 'distance_accuracy_value', 'NONE');
#608 = ORIENTED_EDGE ( 'NONE', *, *, #757, .T. ) ;
#609 = AXIS2_PLACEMENT_3D ( 'NONE', #1463, #764, #1345 ) ;
#610 = FACE_OUTER_BOUND ( 'NONE', #116, .T. ) ;
#611 = CARTESIAN_POINT ( 'NONE',  ( 0.8980256121069186692, -12.00000000000000000, -0.8980256121069128961 ) ) ;
#612 = FILL_AREA_STYLE ('',( #1209 ) ) ;
#613 = CARTESIAN_POINT ( 'NONE',  ( 3.154999999999999805, 1.468033988749894547, 0.2499999999999999445 ) ) ;
#614 = DIRECTION ( 'NONE',  ( 0.000000000000000000, 0.000000000000000000, -1.000000000000000000 ) ) ;
#615 = PRESENTATION_LAYER_ASSIGNMENT (  '', '', ( #1432 ) ) ;
#616 = ORIENTED_EDGE ( 'NONE', *, *, #999, .T. ) ;
#617 = VECTOR ( 'NONE', #306, 1000.000000000000000 ) ;
#618 = EDGE_CURVE ( 'NONE', #358, #19, #1179, .T. ) ;
#619 = CYLINDRICAL_SURFACE ( 'NONE', #1107, 0.5999999999999999778 ) ;
#620 = DIRECTION ( 'NONE',  ( 0.000000000000000000, -0.000000000000000000, -1.000000000000000000 ) ) ;
#621 = COLOUR_RGB ( '',0.8431372549019607865, 0.8431372549019607865, 0.8431372549019607865 ) ;
#622 =( GEOMETRIC_REPRESENTATION_CONTEXT ( 3 ) GLOBAL_UNCERTAINTY_ASSIGNED_CONTEXT ( ( #671 ) ) GLOBAL_UNIT_ASSIGNED_CONTEXT ( ( #215, #978, #65 ) ) REPRESENTATION_CONTEXT ( 'NONE', 'WORKASPACE' ) );
#623 = SURFACE_STYLE_FILL_AREA ( #1482 ) ;
#624 = LINE ( 'NONE', #316, #617 ) ;
#625 = DIRECTION ( 'NONE',  ( -0.000000000000000000, -1.000000000000000000, -0.000000000000000000 ) ) ;
#626 = ORIENTED_EDGE ( 'NONE', *, *, #26, .F. ) ;
#627 = SURFACE_STYLE_USAGE ( .BOTH. , #1453 ) ;
#628 = PRESENTATION_STYLE_ASSIGNMENT (( #638 ) ) ;
#629 = DIRECTION ( 'NONE',  ( 0.000000000000000000, 0.000000000000000000, -1.000000000000000000 ) ) ;
#630 = DIRECTION ( 'NONE',  ( -0.000000000000000000, -1.000000000000000000, -0.000000000000000000 ) ) ;
#631 = SURFACE_STYLE_USAGE ( .BOTH. , #1098 ) ;
#632 =( GEOMETRIC_REPRESENTATION_CONTEXT ( 3 ) GLOBAL_UNCERTAINTY_ASSIGNED_CONTEXT ( ( #836 ) ) GLOBAL_UNIT_ASSIGNED_CONTEXT ( ( #857, #83, #533 ) ) REPRESENTATION_CONTEXT ( 'NONE', 'WORKASPACE' ) );
#633 = DIRECTION ( 'NONE',  ( 0.000000000000000000, 0.000000000000000000, -1.000000000000000000 ) ) ;
#634 = CARTESIAN_POINT ( 'NONE',  ( 0.000000000000000000, 3.649999999999999467, -1.821451479088013858 ) ) ;
#635 = ORIENTED_EDGE ( 'NONE', *, *, #1023, .F. ) ;
#636 = PLANE ( 'NONE',  #1477 ) ;
#637 = MECHANICAL_DESIGN_GEOMETRIC_PRESENTATION_REPRESENTATION (  '', ( #315 ), #882 ) ;
#638 = SURFACE_STYLE_USAGE ( .BOTH. , #435 ) ;
#639 = AXIS2_PLACEMENT_3D ( 'NONE', #634, #862, #520 ) ;
#640 = DIRECTION ( 'NONE',  ( 1.000000000000000000, 0.000000000000000000, 0.000000000000000000 ) ) ;
#641 = PRESENTATION_STYLE_ASSIGNMENT (( #1210 ) ) ;
#642 = DIRECTION ( 'NONE',  ( -0.000000000000000000, -1.000000000000000000, -0.000000000000000000 ) ) ;
#643 = SURFACE_STYLE_FILL_AREA ( #1001 ) ;
#644 = EDGE_CURVE ( 'NONE', #1401, #527, #853, .T. ) ;
#645 = PRESENTATION_LAYER_ASSIGNMENT (  '', '', ( #1234 ) ) ;
#646 = EDGE_CURVE ( 'NONE', #561, #1025, #673, .T. ) ;
#647 = CARTESIAN_POINT ( 'NONE',  ( -0.8980256121069182251, -12.00000000000000000, 0.6730256121069126962 ) ) ;
#648 = ORIENTED_EDGE ( 'NONE', *, *, #15, .F. ) ;
#649 = EDGE_CURVE ( 'NONE', #465, #1436, #1415, .T. ) ;
#650 = CIRCLE ( 'NONE', #770, 0.1000000000000000472 ) ;
#651 = AXIS2_PLACEMENT_3D ( 'NONE', #1371, #1278, #1140 ) ;
#652 = PRESENTATION_STYLE_ASSIGNMENT (( #968 ) ) ;
#653 =( LENGTH_UNIT ( ) NAMED_UNIT ( * ) SI_UNIT ( .MILLI., .METRE. ) );
#654 = PRESENTATION_STYLE_ASSIGNMENT (( #206 ) ) ;
#655 = PRESENTATION_STYLE_ASSIGNMENT (( #1112 ) ) ;
#656 = CLOSED_SHELL ( 'NONE', ( #581, #1466, #1420, #386 ) ) ;
#657 =( NAMED_UNIT ( * ) SI_UNIT ( $, .STERADIAN. ) SOLID_ANGLE_UNIT ( ) );
#658 = STYLED_ITEM ( 'NONE', ( #1350 ), #131 ) ;
#659 = ORIENTED_EDGE ( 'NONE', *, *, #1014, .F. ) ;
#660 = ORIENTED_EDGE ( 'NONE', *, *, #1196, .F. ) ;
#661 = AXIS2_PLACEMENT_3D ( 'NONE', #450, #459, #1391 ) ;
#662 = FILL_AREA_STYLE ('',( #805 ) ) ;
#663 = PRESENTATION_LAYER_ASSIGNMENT (  '', '', ( #1320 ) ) ;
#664 = STYLED_ITEM ( 'NONE', ( #655 ), #1265 ) ;
#665 = CARTESIAN_POINT ( 'NONE',  ( 0.000000000000000000, 0.5500000000000011546, 0.000000000000000000 ) ) ;
#666 = CARTESIAN_POINT ( 'NONE',  ( 2.663606788145492135E-16, 3.749999999999999556, 1.999999999999997335 ) ) ;
#667 = PRESENTATION_LAYER_ASSIGNMENT (  '', '', ( #477 ) ) ;
#668 = DIRECTION ( 'NONE',  ( 0.000000000000000000, 0.000000000000000000, -1.000000000000000000 ) ) ;
#669 = DIRECTION ( 'NONE',  ( 0.000000000000000000, -1.000000000000000000, 0.000000000000000000 ) ) ;
#670 = COLOUR_RGB ( '',0.7450980392156862919, 0.4901960784313725283, 0.3333333333333333148 ) ;
#671 = UNCERTAINTY_MEASURE_WITH_UNIT (LENGTH_MEASURE( 1.000000000000000082E-05 ), #215, 'distance_accuracy_value', 'NONE');
#672 =( NAMED_UNIT ( * ) PLANE_ANGLE_UNIT ( ) SI_UNIT ( $, .RADIAN. ) );
#673 = CIRCLE ( 'NONE', #223, 0.09999999999999635569 ) ;
#674 = FILL_AREA_STYLE_COLOUR ( '', #1155 ) ;
#675 = VERTEX_POINT ( 'NONE', #41 ) ;
#676 = SURFACE_STYLE_FILL_AREA ( #798 ) ;
#677 = EDGE_CURVE ( 'NONE', #80, #1033, #1055, .T. ) ;
#678 = DIRECTION ( 'NONE',  ( 0.000000000000000000, 0.000000000000000000, -1.000000000000000000 ) ) ;
#679 = DIRECTION ( 'NONE',  ( 0.000000000000000000, 0.000000000000000000, -1.000000000000000000 ) ) ;
#680 = STYLED_ITEM ( 'NONE', ( #859 ), #873 ) ;
#681 = MECHANICAL_DESIGN_GEOMETRIC_PRESENTATION_REPRESENTATION (  '', ( #658 ), #622 ) ;
#682 = EDGE_LOOP ( 'NONE', ( #1487, #660 ) ) ;
#683 = ORIENTED_EDGE ( 'NONE', *, *, #249, .T. ) ;
#684 =( NAMED_UNIT ( * ) PLANE_ANGLE_UNIT ( ) SI_UNIT ( $, .RADIAN. ) );
#685 = FILL_AREA_STYLE ('',( #142 ) ) ;
#686 = DIRECTION ( 'NONE',  ( 0.000000000000000000, -1.000000000000000000, 0.000000000000000000 ) ) ;
#687 = MECHANICAL_DESIGN_GEOMETRIC_PRESENTATION_REPRESENTATION (  '', ( #664 ), #632 ) ;
#688 = MECHANICAL_DESIGN_GEOMETRIC_PRESENTATION_REPRESENTATION (  '', ( #125 ), #366 ) ;
#689 = ORIENTED_EDGE ( 'NONE', *, *, #936, .F. ) ;
#690 = DIRECTION ( 'NONE',  ( 0.000000000000000000, 0.000000000000000000, 1.000000000000000000 ) ) ;
#691 = DIRECTION ( 'NONE',  ( 0.000000000000000000, -1.000000000000000000, 0.000000000000000000 ) ) ;
#692 = ADVANCED_FACE ( 'NONE', ( #201 ), #117, .T. ) ;
#693 = EDGE_CURVE ( 'NONE', #233, #1222, #937, .T. ) ;
#694 =( NAMED_UNIT ( * ) PLANE_ANGLE_UNIT ( ) SI_UNIT ( $, .RADIAN. ) );
#695 = ORIENTED_EDGE ( 'NONE', *, *, #412, .F. ) ;
#696 = CARTESIAN_POINT ( 'NONE',  ( 0.000000000000000000, 3.399999999999996803, -2.350000000000000089 ) ) ;
#697 = CARTESIAN_POINT ( 'NONE',  ( 2.643203548726431151, 0.3499999999999997002, 0.2500000000000000000 ) ) ;
#698 = LINE ( 'NONE', #1167, #1417 ) ;
#699 =( GEOMETRIC_REPRESENTATION_CONTEXT ( 3 ) GLOBAL_UNCERTAINTY_ASSIGNED_CONTEXT ( ( #160 ) ) GLOBAL_UNIT_ASSIGNED_CONTEXT ( ( #768, #192, #657 ) ) REPRESENTATION_CONTEXT ( 'NONE', 'WORKASPACE' ) );
#700 = DIRECTION ( 'NONE',  ( 0.000000000000000000, -1.000000000000000000, -0.000000000000000000 ) ) ;
#701 =( GEOMETRIC_REPRESENTATION_CONTEXT ( 3 ) GLOBAL_UNCERTAINTY_ASSIGNED_CONTEXT ( ( #144 ) ) GLOBAL_UNIT_ASSIGNED_CONTEXT ( ( #1063, #33, #494 ) ) REPRESENTATION_CONTEXT ( 'NONE', 'WORKASPACE' ) );
#702 = AXIS2_PLACEMENT_3D ( 'NONE', #756, #669, #1233 ) ;
#703 = VERTEX_POINT ( 'NONE', #312 ) ;
#704 =( LENGTH_UNIT ( ) NAMED_UNIT ( * ) SI_UNIT ( .MILLI., .METRE. ) );
#705 = CARTESIAN_POINT ( 'NONE',  ( 0.8980256121069186692, -12.00000000000000000, -0.6730256121069129183 ) ) ;
#706 = SURFACE_STYLE_USAGE ( .BOTH. , #1294 ) ;
#707 = UNCERTAINTY_MEASURE_WITH_UNIT (LENGTH_MEASURE( 1.000000000000000082E-05 ), #1302, 'distance_accuracy_value', 'NONE');
#708 = ORIENTED_EDGE ( 'NONE', *, *, #580, .T. ) ;
#709 = ADVANCED_FACE ( 'NONE', ( #1317 ), #197, .T. ) ;
#710 = PLANE ( 'NONE',  #247 ) ;
#711 = DIRECTION ( 'NONE',  ( -0.000000000000000000, -1.000000000000000000, -0.000000000000000000 ) ) ;
#712 = DIRECTION ( 'NONE',  ( -1.000000000000000000, 0.000000000000000000, 0.000000000000000000 ) ) ;
#713 = AXIS2_PLACEMENT_3D ( 'NONE', #1245, #745, #418 ) ;
#714 = VERTEX_POINT ( 'NONE', #856 ) ;
#715 = SURFACE_STYLE_FILL_AREA ( #604 ) ;
#716 = LINE ( 'NONE', #929, #362 ) ;
#717 = ADVANCED_FACE ( 'NONE', ( #189 ), #532, .T. ) ;
#718 = UNCERTAINTY_MEASURE_WITH_UNIT (LENGTH_MEASURE( 1.000000000000000082E-05 ), #1341, 'distance_accuracy_value', 'NONE');
#719 = UNCERTAINTY_MEASURE_WITH_UNIT (LENGTH_MEASURE( 1.000000000000000082E-05 ), #1354, 'distance_accuracy_value', 'NONE');
#720 = EDGE_LOOP ( 'NONE', ( #342, #1049, #521, #1315 ) ) ;
#721 =( GEOMETRIC_REPRESENTATION_CONTEXT ( 3 ) GLOBAL_UNCERTAINTY_ASSIGNED_CONTEXT ( ( #707 ) ) GLOBAL_UNIT_ASSIGNED_CONTEXT ( ( #1302, #156, #998 ) ) REPRESENTATION_CONTEXT ( 'NONE', 'WORKASPACE' ) );
#722 = PRESENTATION_LAYER_ASSIGNMENT (  '', '', ( #1385 ) ) ;
#723 =( LENGTH_UNIT ( ) NAMED_UNIT ( * ) SI_UNIT ( .MILLI., .METRE. ) );
#724 = FILL_AREA_STYLE_COLOUR ( '', #1393 ) ;
#725 = MECHANICAL_DESIGN_GEOMETRIC_PRESENTATION_REPRESENTATION (  '', ( #37 ), #94 ) ;
#726 = EDGE_LOOP ( 'NONE', ( #1321, #1383, #603, #301 ) ) ;
#727 = CARTESIAN_POINT ( 'NONE',  ( 2.154999999999999805, 0.000000000000000000, 0.2500000000000000555 ) ) ;
#728 =( NAMED_UNIT ( * ) SI_UNIT ( $, .STERADIAN. ) SOLID_ANGLE_UNIT ( ) );
#729 = AXIS2_PLACEMENT_3D ( 'NONE', #289, #640, #64 ) ;
#730 = SURFACE_STYLE_USAGE ( .BOTH. , #283 ) ;
#731 =( NAMED_UNIT ( * ) PLANE_ANGLE_UNIT ( ) SI_UNIT ( $, .RADIAN. ) );
#732 =( NAMED_UNIT ( * ) SI_UNIT ( $, .STERADIAN. ) SOLID_ANGLE_UNIT ( ) );
#733 = CARTESIAN_POINT ( 'NONE',  ( 0.000000000000000000, 2.374796947858460960, 0.000000000000000000 ) ) ;
#734 = UNCERTAINTY_MEASURE_WITH_UNIT (LENGTH_MEASURE( 1.000000000000000082E-05 ), #39, 'distance_accuracy_value', 'NONE');
#735 = ADVANCED_FACE ( 'NONE', ( #748 ), #1087, .T. ) ;
#736 = MECHANICAL_DESIGN_GEOMETRIC_PRESENTATION_REPRESENTATION (  '', ( #902 ), #1230 ) ;
#737 = EDGE_LOOP ( 'NONE', ( #1412, #837, #939, #414 ) ) ;
#738 = AXIS2_PLACEMENT_3D ( 'NONE', #1296, #606, #813 ) ;
#739 =( NAMED_UNIT ( * ) SI_UNIT ( $, .STERADIAN. ) SOLID_ANGLE_UNIT ( ) );
#740 = CARTESIAN_POINT ( 'NONE',  ( 2.154999999999999805, 1.468033988749894547, -0.2499999999999999445 ) ) ;
#741 = DIRECTION ( 'NONE',  ( 0.000000000000000000, 0.000000000000000000, -1.000000000000000000 ) ) ;
#742 = CARTESIAN_POINT ( 'NONE',  ( 3.154999999999999805, 0.3499999999999996447, -0.2500000000000000000 ) ) ;
#743 = STYLED_ITEM ( 'NONE', ( #323 ), #692 ) ;
#744 = MECHANICAL_DESIGN_GEOMETRIC_PRESENTATION_REPRESENTATION (  '', ( #1004 ), #554 ) ;
#745 = DIRECTION ( 'NONE',  ( -0.000000000000000000, -1.000000000000000000, -0.000000000000000000 ) ) ;
#746 = VERTEX_POINT ( 'NONE', #72 ) ;
#747 = MECHANICAL_DESIGN_GEOMETRIC_PRESENTATION_REPRESENTATION (  '', ( #553 ), #528 ) ;
#748 = FACE_OUTER_BOUND ( 'NONE', #380, .T. ) ;
#749 = FILL_AREA_STYLE_COLOUR ( '', #307 ) ;
#750 =( NAMED_UNIT ( * ) PLANE_ANGLE_UNIT ( ) SI_UNIT ( $, .RADIAN. ) );
#751 = EDGE_CURVE ( 'NONE', #777, #1389, #1402, .T. ) ;
#752 =( NAMED_UNIT ( * ) SI_UNIT ( $, .STERADIAN. ) SOLID_ANGLE_UNIT ( ) );
#753 =( GEOMETRIC_REPRESENTATION_CONTEXT ( 3 ) GLOBAL_UNCERTAINTY_ASSIGNED_CONTEXT ( ( #111 ) ) GLOBAL_UNIT_ASSIGNED_CONTEXT ( ( #182, #750, #858 ) ) REPRESENTATION_CONTEXT ( 'NONE', 'WORKASPACE' ) );
#754 = DIRECTION ( 'NONE',  ( -0.000000000000000000, -1.000000000000000000, -0.000000000000000000 ) ) ;
#755 = ORIENTED_EDGE ( 'NONE', *, *, #1268, .T. ) ;
#756 = CARTESIAN_POINT ( 'NONE',  ( 0.8980256121069186692, -12.00000000000000000, -0.8980256121069128961 ) ) ;
#757 = EDGE_CURVE ( 'NONE', #13, #1256, #436, .T. ) ;
#758 = FILL_AREA_STYLE ('',( #304 ) ) ;
#759 = DIRECTION ( 'NONE',  ( 1.000000000000000000, 0.000000000000000000, -1.224646799147353207E-16 ) ) ;
#760 = CIRCLE ( 'NONE', #170, 1.721451479088013770 ) ;
#761 = DIRECTION ( 'NONE',  ( -0.000000000000000000, -1.000000000000000000, -0.000000000000000000 ) ) ;
#762 = FILL_AREA_STYLE_COLOUR ( '', #1377 ) ;
#763 = EDGE_LOOP ( 'NONE', ( #851, #1170 ) ) ;
#764 = DIRECTION ( 'NONE',  ( -0.000000000000000000, -1.000000000000000000, -0.000000000000000000 ) ) ;
#765 = AXIS2_PLACEMENT_3D ( 'NONE', #927, #1307, #1176 ) ;
#766 =( LENGTH_UNIT ( ) NAMED_UNIT ( * ) SI_UNIT ( .MILLI., .METRE. ) );
#767 = FILL_AREA_STYLE ('',( #524 ) ) ;
#768 =( LENGTH_UNIT ( ) NAMED_UNIT ( * ) SI_UNIT ( .MILLI., .METRE. ) );
#769 = ORIENTED_EDGE ( 'NONE', *, *, #457, .F. ) ;
#770 = AXIS2_PLACEMENT_3D ( 'NONE', #542, #216, #1129 ) ;
#771 = DIRECTION ( 'NONE',  ( -0.000000000000000000, -1.000000000000000000, -0.000000000000000000 ) ) ;
#772 = FILL_AREA_STYLE ('',( #1110 ) ) ;
#773 = SURFACE_SIDE_STYLE ('',( #198 ) ) ;
#774 = CIRCLE ( 'NONE', #1088, 0.2249999999999999500 ) ;
#775 = DIRECTION ( 'NONE',  ( 0.000000000000000000, 0.000000000000000000, -1.000000000000000000 ) ) ;
#776 = ORIENTED_EDGE ( 'NONE', *, *, #343, .F. ) ;
#777 = VERTEX_POINT ( 'NONE', #591 ) ;
#778 = PRESENTATION_STYLE_ASSIGNMENT (( #1120 ) ) ;
#779 = EDGE_CURVE ( 'NONE', #1389, #1256, #153, .T. ) ;
#780 = FILL_AREA_STYLE_COLOUR ( '', #475 ) ;
#781 = CARTESIAN_POINT ( 'NONE',  ( 2.154999999999999805, 0.000000000000000000, -0.2499999999999999445 ) ) ;
#782 = PRESENTATION_LAYER_ASSIGNMENT (  '', '', ( #1254 ) ) ;
#783 = ORIENTED_EDGE ( 'NONE', *, *, #179, .T. ) ;
#784 = ORIENTED_EDGE ( 'NONE', *, *, #1147, .T. ) ;
#785 = CARTESIAN_POINT ( 'NONE',  ( 2.154999999999999805, 1.468033988749894547, 0.2500000000000000555 ) ) ;
#786 = AXIS2_PLACEMENT_3D ( 'NONE', #993, #625, #1476 ) ;
#787 = SURFACE_STYLE_FILL_AREA ( #112 ) ;
#788 = CARTESIAN_POINT ( 'NONE',  ( 0.000000000000000000, 2.474796947858460605, -0.1000000000000000472 ) ) ;
#789 = SURFACE_STYLE_FILL_AREA ( #907 ) ;
#790 = EDGE_LOOP ( 'NONE', ( #695, #1495, #894, #286 ) ) ;
#791 = DIRECTION ( 'NONE',  ( 0.000000000000000000, -1.000000000000000000, 0.000000000000000000 ) ) ;
#792 = APPLICATION_PROTOCOL_DEFINITION ( 'draft international standard', 'automotive_design', 1998, #1034 ) ;
#793 = AXIS2_PLACEMENT_3D ( 'NONE', #740, #971, #82 ) ;
#794 = SURFACE_STYLE_FILL_AREA ( #1379 ) ;
#795 =( LENGTH_UNIT ( ) NAMED_UNIT ( * ) SI_UNIT ( .MILLI., .METRE. ) );
#796 = VECTOR ( 'NONE', #1131, 1000.000000000000000 ) ;
#797 = LINE ( 'NONE', #218, #796 ) ;
#798 = FILL_AREA_STYLE ('',( #587 ) ) ;
#799 =( NAMED_UNIT ( * ) PLANE_ANGLE_UNIT ( ) SI_UNIT ( $, .RADIAN. ) );
#800 = CARTESIAN_POINT ( 'NONE',  ( 0.000000000000000000, 2.474796947858457052, 0.000000000000000000 ) ) ;
#801 =( LENGTH_UNIT ( ) NAMED_UNIT ( * ) SI_UNIT ( .MILLI., .METRE. ) );
#802 = CIRCLE ( 'NONE', #143, 1.999999999999997335 ) ;
#803 = ORIENTED_EDGE ( 'NONE', *, *, #580, .F. ) ;
#804 = CARTESIAN_POINT ( 'NONE',  ( 0.000000000000000000, 2.974796947858460605, 0.000000000000000000 ) ) ;
#805 = FILL_AREA_STYLE_COLOUR ( '', #1471 ) ;
#806 =( NAMED_UNIT ( * ) SI_UNIT ( $, .STERADIAN. ) SOLID_ANGLE_UNIT ( ) );
#807 = PRESENTATION_STYLE_ASSIGNMENT (( #363 ) ) ;
#808 = SURFACE_STYLE_USAGE ( .BOTH. , #133 ) ;
#809 = COLOUR_RGB ( '',0.7921568627450980005, 0.8196078431372548767, 0.9333333333333333481 ) ;
#810 = CARTESIAN_POINT ( 'NONE',  ( 0.000000000000000000, 0.000000000000000000, 0.000000000000000000 ) ) ;
#811 = ORIENTED_EDGE ( 'NONE', *, *, #183, .T. ) ;
#812 = VECTOR ( 'NONE', #897, 1000.000000000000000 ) ;
#813 = DIRECTION ( 'NONE',  ( 0.000000000000000000, 0.000000000000000000, -1.000000000000000000 ) ) ;
#814 = CARTESIAN_POINT ( 'NONE',  ( 0.000000000000000000, 0.000000000000000000, -1.721451479088013770 ) ) ;
#815 = ORIENTED_EDGE ( 'NONE', *, *, #285, .T. ) ;
#816 = EDGE_CURVE ( 'NONE', #879, #1257, #1297, .T. ) ;
#817 = DIRECTION ( 'NONE',  ( -0.000000000000000000, -1.000000000000000000, -0.000000000000000000 ) ) ;
#818 = SURFACE_STYLE_USAGE ( .BOTH. , #842 ) ;
#819 = UNCERTAINTY_MEASURE_WITH_UNIT (LENGTH_MEASURE( 1.000000000000000082E-05 ), #119, 'distance_accuracy_value', 'NONE');
#820 = ORIENTED_EDGE ( 'NONE', *, *, #249, .F. ) ;
#821 = STYLED_ITEM ( 'NONE', ( #431 ), #1299 ) ;
#822 =( NAMED_UNIT ( * ) PLANE_ANGLE_UNIT ( ) SI_UNIT ( $, .RADIAN. ) );
#823 = FILL_AREA_STYLE_COLOUR ( '', #1168 ) ;
#824 = CARTESIAN_POINT ( 'NONE',  ( 0.000000000000000000, 3.749999999999999556, 0.000000000000000000 ) ) ;
#825 = DIRECTION ( 'NONE',  ( -0.000000000000000000, -1.000000000000000000, -0.000000000000000000 ) ) ;
#826 =( GEOMETRIC_REPRESENTATION_CONTEXT ( 3 ) GLOBAL_UNCERTAINTY_ASSIGNED_CONTEXT ( ( #267 ) ) GLOBAL_UNIT_ASSIGNED_CONTEXT ( ( #225, #684, #1007 ) ) REPRESENTATION_CONTEXT ( 'NONE', 'WORKASPACE' ) );
#827 = EDGE_LOOP ( 'NONE', ( #482, #1469, #1108, #635 ) ) ;
#828 = DIRECTION ( 'NONE',  ( 0.000000000000000000, -0.000000000000000000, -1.000000000000000000 ) ) ;
#829 =( NAMED_UNIT ( * ) PLANE_ANGLE_UNIT ( ) SI_UNIT ( $, .RADIAN. ) );
#830 = CARTESIAN_POINT ( 'NONE',  ( 0.000000000000000000, 3.749999999999999556, -1.821451479088014080 ) ) ;
#831 = LINE ( 'NONE', #18, #1189 ) ;
#832 = COLOUR_RGB ( '',0.8431372549019607865, 0.8431372549019607865, 0.8431372549019607865 ) ;
#833 = CARTESIAN_POINT ( 'NONE',  ( 0.8980256121069186692, 0.000000000000000000, -1.123025612106912874 ) ) ;
#834 = MECHANICAL_DESIGN_GEOMETRIC_PRESENTATION_REPRESENTATION (  '', ( #957 ), #699 ) ;
#835 = EDGE_CURVE ( 'NONE', #140, #777, #1080, .T. ) ;
#836 = UNCERTAINTY_MEASURE_WITH_UNIT (LENGTH_MEASURE( 1.000000000000000082E-05 ), #857, 'distance_accuracy_value', 'NONE');
#837 = ORIENTED_EDGE ( 'NONE', *, *, #1462, .F. ) ;
#838 = COLOUR_RGB ( '',0.7450980392156862919, 0.4901960784313725283, 0.3333333333333333148 ) ;
#839 = CIRCLE ( 'NONE', #601, 0.2000000000000000944 ) ;
#840 = FACE_OUTER_BOUND ( 'NONE', #682, .T. ) ;
#841 = EDGE_CURVE ( 'NONE', #1283, #843, #400, .T. ) ;
#842 = SURFACE_SIDE_STYLE ('',( #169 ) ) ;
#843 = VERTEX_POINT ( 'NONE', #833 ) ;
#844 =( NAMED_UNIT ( * ) SI_UNIT ( $, .STERADIAN. ) SOLID_ANGLE_UNIT ( ) );
#845 = VECTOR ( 'NONE', #630, 1000.000000000000000 ) ;
#846 = CARTESIAN_POINT ( 'NONE',  ( 0.000000000000000000, 0.000000000000000000, 0.000000000000000000 ) ) ;
#847 = FILL_AREA_STYLE ('',( #946 ) ) ;
#848 = SURFACE_STYLE_FILL_AREA ( #965 ) ;
#849 =( NAMED_UNIT ( * ) SI_UNIT ( $, .STERADIAN. ) SOLID_ANGLE_UNIT ( ) );
#850 = STYLED_ITEM ( 'NONE', ( #951 ), #355 ) ;
#851 = ORIENTED_EDGE ( 'NONE', *, *, #457, .T. ) ;
#852 = APPLICATION_CONTEXT ( 'automotive_design' ) ;
#853 = CIRCLE ( 'NONE', #454, 2.654999999999999805 ) ;
#854 = DIRECTION ( 'NONE',  ( 0.000000000000000000, 0.000000000000000000, -1.000000000000000000 ) ) ;
#855 = SURFACE_SIDE_STYLE ('',( #503 ) ) ;
#856 = CARTESIAN_POINT ( 'NONE',  ( 0.000000000000000000, 0.5500000000000011546, -2.350000000000000089 ) ) ;
#857 =( LENGTH_UNIT ( ) NAMED_UNIT ( * ) SI_UNIT ( .MILLI., .METRE. ) );
#858 =( NAMED_UNIT ( * ) SI_UNIT ( $, .STERADIAN. ) SOLID_ANGLE_UNIT ( ) );
#859 = PRESENTATION_STYLE_ASSIGNMENT (( #426 ) ) ;
#860 = AXIS2_PLACEMENT_3D ( 'NONE', #1434, #712, #1068 ) ;
#861 = COLOUR_RGB ( '',0.2862745098039215508, 0.2862745098039215508, 0.2862745098039215508 ) ;
#862 = DIRECTION ( 'NONE',  ( -1.000000000000000000, 0.000000000000000000, 0.000000000000000000 ) ) ;
#863 = ORIENTED_EDGE ( 'NONE', *, *, #127, .T. ) ;
#864 = CARTESIAN_POINT ( 'NONE',  ( 0.000000000000000000, 2.474796947858460605, 0.000000000000000000 ) ) ;
#865 = AXIS2_PLACEMENT_3D ( 'NONE', #43, #947, #1091 ) ;
#866 = AXIS2_PLACEMENT_3D ( 'NONE', #1475, #290, #876 ) ;
#867 = ADVANCED_FACE ( 'NONE', ( #27 ), #266, .F. ) ;
#868 =( NAMED_UNIT ( * ) PLANE_ANGLE_UNIT ( ) SI_UNIT ( $, .RADIAN. ) );
#869 = SURFACE_SIDE_STYLE ('',( #1327 ) ) ;
#870 = DIRECTION ( 'NONE',  ( 0.000000000000000000, 0.000000000000000000, 1.000000000000000000 ) ) ;
#871 = DIRECTION ( 'NONE',  ( 0.000000000000000000, 0.000000000000000000, -1.000000000000000000 ) ) ;
#872 = VERTEX_POINT ( 'NONE', #60 ) ;
#873 = ADVANCED_FACE ( 'NONE', ( #1190 ), #1304, .T. ) ;
#874 = FILL_AREA_STYLE ('',( #1094 ) ) ;
#875 = SURFACE_SIDE_STYLE ('',( #531 ) ) ;
#876 = DIRECTION ( 'NONE',  ( 0.000000000000000000, -0.000000000000000000, 1.000000000000000000 ) ) ;
#877 =( GEOMETRIC_REPRESENTATION_CONTEXT ( 3 ) GLOBAL_UNCERTAINTY_ASSIGNED_CONTEXT ( ( #1426 ) ) GLOBAL_UNIT_ASSIGNED_CONTEXT ( ( #190, #868, #1235 ) ) REPRESENTATION_CONTEXT ( 'NONE', 'WORKASPACE' ) );
#878 = FILL_AREA_STYLE_COLOUR ( '', #202 ) ;
#879 = VERTEX_POINT ( 'NONE', #186 ) ;
#880 = VERTEX_POINT ( 'NONE', #1337 ) ;
#881 = DIRECTION ( 'NONE',  ( -0.000000000000000000, -1.000000000000000000, -0.000000000000000000 ) ) ;
#882 =( GEOMETRIC_REPRESENTATION_CONTEXT ( 3 ) GLOBAL_UNCERTAINTY_ASSIGNED_CONTEXT ( ( #819 ) ) GLOBAL_UNIT_ASSIGNED_CONTEXT ( ( #119, #1490, #996 ) ) REPRESENTATION_CONTEXT ( 'NONE', 'WORKASPACE' ) );
#883 = FACE_OUTER_BOUND ( 'NONE', #1331, .T. ) ;
#884 = FILL_AREA_STYLE ('',( #322 ) ) ;
#885 = ORIENTED_EDGE ( 'NONE', *, *, #343, .T. ) ;
#886 = AXIS2_PLACEMENT_3D ( 'NONE', #378, #817, #678 ) ;
#887 = CIRCLE ( 'NONE', #1309, 0.3500000000000000333 ) ;
#888 = FILL_AREA_STYLE_COLOUR ( '', #1423 ) ;
#889 = DIRECTION ( 'NONE',  ( 0.000000000000000000, 0.000000000000000000, 1.000000000000000000 ) ) ;
#890 = DIRECTION ( 'NONE',  ( 1.000000000000000000, 0.000000000000000000, -1.084202172485504557E-16 ) ) ;
#891 = SURFACE_STYLE_USAGE ( .BOTH. , #468 ) ;
#892 = AXIS2_PLACEMENT_3D ( 'NONE', #1205, #825, #614 ) ;
#893 = LINE ( 'NONE', #781, #812 ) ;
#894 = ORIENTED_EDGE ( 'NONE', *, *, #1410, .T. ) ;
#895 = EDGE_LOOP ( 'NONE', ( #1163, #395, #1013, #1479 ) ) ;
#896 = DIRECTION ( 'NONE',  ( -0.000000000000000000, 1.000000000000000000, -0.000000000000000000 ) ) ;
#897 = DIRECTION ( 'NONE',  ( 1.000000000000000000, 0.000000000000000000, -5.421010862427522170E-17 ) ) ;
#898 =( GEOMETRIC_REPRESENTATION_CONTEXT ( 3 ) GLOBAL_UNCERTAINTY_ASSIGNED_CONTEXT ( ( #50 ) ) GLOBAL_UNIT_ASSIGNED_CONTEXT ( ( #244, #10, #259 ) ) REPRESENTATION_CONTEXT ( 'NONE', 'WORKASPACE' ) );
#899 = ORIENTED_EDGE ( 'NONE', *, *, #1072, .F. ) ;
#900 = EDGE_LOOP ( 'NONE', ( #1494, #515, #89, #136 ) ) ;
#901 = FILL_AREA_STYLE_COLOUR ( '', #809 ) ;
#902 = STYLED_ITEM ( 'NONE', ( #652 ), #386 ) ;
#903 = PRESENTATION_STYLE_ASSIGNMENT (( #891 ) ) ;
#904 = MECHANICAL_DESIGN_GEOMETRIC_PRESENTATION_REPRESENTATION (  '', ( #1450 ), #1397 ) ;
#905 = DIRECTION ( 'NONE',  ( -0.000000000000000000, -1.000000000000000000, -0.000000000000000000 ) ) ;
#906 =( NAMED_UNIT ( * ) SI_UNIT ( $, .STERADIAN. ) SOLID_ANGLE_UNIT ( ) );
#907 = FILL_AREA_STYLE ('',( #340 ) ) ;
#908 = VERTEX_POINT ( 'NONE', #742 ) ;
#909 = EDGE_CURVE ( 'NONE', #358, #233, #887, .T. ) ;
#910 = EDGE_CURVE ( 'NONE', #908, #879, #979, .T. ) ;
#911 = COLOUR_RGB ( '',0.7921568627450980005, 0.8196078431372548767, 0.9333333333333333481 ) ;
#912 = MECHANICAL_DESIGN_GEOMETRIC_PRESENTATION_REPRESENTATION (  '', ( #86 ), #463 ) ;
#913 = EDGE_CURVE ( 'NONE', #1501, #746, #650, .T. ) ;
#914 = CARTESIAN_POINT ( 'NONE',  ( 0.000000000000000000, 3.399999999999999467, 0.000000000000000000 ) ) ;
#915 = CARTESIAN_POINT ( 'NONE',  ( 0.8980256121069186692, -12.00000000000000000, -0.8980256121069128961 ) ) ;
#916 = ORIENTED_EDGE ( 'NONE', *, *, #936, .T. ) ;
#917 = PRESENTATION_STYLE_ASSIGNMENT (( #345 ) ) ;
#918 = FACE_OUTER_BOUND ( 'NONE', #579, .T. ) ;
#919 = CARTESIAN_POINT ( 'NONE',  ( 0.000000000000000000, 2.874796947858464069, 0.000000000000000000 ) ) ;
#920 = CIRCLE ( 'NONE', #333, 0.2000000000000000944 ) ;
#921 = DIRECTION ( 'NONE',  ( -0.000000000000000000, 1.000000000000000000, -0.000000000000000000 ) ) ;
#922 = UNCERTAINTY_MEASURE_WITH_UNIT (LENGTH_MEASURE( 1.000000000000000082E-05 ), #199, 'distance_accuracy_value', 'NONE');
#923 = PRESENTATION_LAYER_ASSIGNMENT (  '', '', ( #664 ) ) ;
#924 = MECHANICAL_DESIGN_GEOMETRIC_PRESENTATION_REPRESENTATION (  '', ( #477 ), #44 ) ;
#925 = ORIENTED_EDGE ( 'NONE', *, *, #1292, .T. ) ;
#926 = AXIS2_PLACEMENT_3D ( 'NONE', #1065, #588, #30 ) ;
#927 = CARTESIAN_POINT ( 'NONE',  ( 0.000000000000000000, 0.3499999999999997002, 0.000000000000000000 ) ) ;
#928 = MECHANICAL_DESIGN_GEOMETRIC_PRESENTATION_REPRESENTATION (  '', ( #850 ), #75 ) ;
#929 = CARTESIAN_POINT ( 'NONE',  ( 3.154999999999999805, 0.3499999999999996447, 0.2499999999999999445 ) ) ;
#930 = CIRCLE ( 'NONE', #288, 0.5999999999999999778 ) ;
#931 = ORIENTED_EDGE ( 'NONE', *, *, #276, .F. ) ;
#932 = CARTESIAN_POINT ( 'NONE',  ( 0.000000000000000000, 3.399999999999996803, 0.000000000000000000 ) ) ;
#933 =( NAMED_UNIT ( * ) PLANE_ANGLE_UNIT ( ) SI_UNIT ( $, .RADIAN. ) );
#934 = PRESENTATION_LAYER_ASSIGNMENT (  '', '', ( #1263 ) ) ;
#935 = DIRECTION ( 'NONE',  ( -0.000000000000000000, -1.000000000000000000, -0.000000000000000000 ) ) ;
#936 = EDGE_CURVE ( 'NONE', #193, #1277, #624, .T. ) ;
#937 = CIRCLE ( 'NONE', #440, 2.350000000000000089 ) ;
#938 = EDGE_CURVE ( 'NONE', #465, #1343, #1092, .T. ) ;
#939 = ORIENTED_EDGE ( 'NONE', *, *, #1089, .T. ) ;
#940 = DIRECTION ( 'NONE',  ( 0.000000000000000000, 0.000000000000000000, -1.000000000000000000 ) ) ;
#941 = PRODUCT_DEFINITION_CONTEXT ( 'detailed design', #1034, 'design' ) ;
#942 = UNCERTAINTY_MEASURE_WITH_UNIT (LENGTH_MEASURE( 1.000000000000000082E-05 ), #723, 'distance_accuracy_value', 'NONE');
#943 = ORIENTED_EDGE ( 'NONE', *, *, #1422, .T. ) ;
#944 = PRESENTATION_LAYER_ASSIGNMENT (  '', '', ( #125 ) ) ;
#945 = CARTESIAN_POINT ( 'NONE',  ( 2.877919977996279827E-16, 0.000000000000000000, 2.350000000000000089 ) ) ;
#946 = FILL_AREA_STYLE_COLOUR ( '', #281 ) ;
#947 = DIRECTION ( 'NONE',  ( 1.000000000000000000, 0.000000000000000000, -1.224646799147353207E-16 ) ) ;
#948 = ORIENTED_EDGE ( 'NONE', *, *, #1196, .T. ) ;
#949 = EDGE_CURVE ( 'NONE', #777, #13, #1486, .T. ) ;
#950 = ADVANCED_FACE ( 'NONE', ( #1237 ), #55, .F. ) ;
#951 = PRESENTATION_STYLE_ASSIGNMENT (( #1076 ) ) ;
#952 = FILL_AREA_STYLE ('',( #1208 ) ) ;
#953 = CARTESIAN_POINT ( 'NONE',  ( 3.154999999999999805, 0.000000000000000000, 0.2499999999999999445 ) ) ;
#954 = DIRECTION ( 'NONE',  ( -0.000000000000000000, -1.000000000000000000, -0.000000000000000000 ) ) ;
#955 = AXIS2_PLACEMENT_3D ( 'NONE', #1251, #417, #889 ) ;
#956 = CARTESIAN_POINT ( 'NONE',  ( 0.000000000000000000, 3.649999999999999467, 0.000000000000000000 ) ) ;
#957 = STYLED_ITEM ( 'NONE', ( #1449 ), #950 ) ;
#958 = UNCERTAINTY_MEASURE_WITH_UNIT (LENGTH_MEASURE( 1.000000000000000082E-05 ), #478, 'distance_accuracy_value', 'NONE');
#959 = VERTEX_POINT ( 'NONE', #1359 ) ;
#960 = PRESENTATION_LAYER_ASSIGNMENT (  '', '', ( #6 ) ) ;
#961 = DIRECTION ( 'NONE',  ( 0.000000000000000000, 0.000000000000000000, -1.000000000000000000 ) ) ;
#962 =( NAMED_UNIT ( * ) SI_UNIT ( $, .STERADIAN. ) SOLID_ANGLE_UNIT ( ) );
#963 = CARTESIAN_POINT ( 'NONE',  ( 0.000000000000000000, 0.000000000000000000, 0.000000000000000000 ) ) ;
#964 =( NAMED_UNIT ( * ) PLANE_ANGLE_UNIT ( ) SI_UNIT ( $, .RADIAN. ) );
#965 = FILL_AREA_STYLE ('',( #514 ) ) ;
#966 =( LENGTH_UNIT ( ) NAMED_UNIT ( * ) SI_UNIT ( .MILLI., .METRE. ) );
#967 = ORIENTED_EDGE ( 'NONE', *, *, #408, .F. ) ;
#968 = SURFACE_STYLE_USAGE ( .BOTH. , #429 ) ;
#969 = SURFACE_STYLE_FILL_AREA ( #1325 ) ;
#970 = MECHANICAL_DESIGN_GEOMETRIC_PRESENTATION_REPRESENTATION (  '', ( #1254 ), #898 ) ;
#971 = DIRECTION ( 'NONE',  ( -5.421010862427522786E-17, 0.000000000000000000, -1.000000000000000000 ) ) ;
#972 = SURFACE_STYLE_USAGE ( .BOTH. , #66 ) ;
#973 = CARTESIAN_POINT ( 'NONE',  ( 0.000000000000000000, 2.974796947858460605, -0.09999999999999635569 ) ) ;
#974 = ORIENTED_EDGE ( 'NONE', *, *, #644, .T. ) ;
#975 = MECHANICAL_DESIGN_GEOMETRIC_PRESENTATION_REPRESENTATION (  '', ( #1259 ), #1029 ) ;
#976 = FACE_OUTER_BOUND ( 'NONE', #895, .T. ) ;
#977 = DIRECTION ( 'NONE',  ( 0.000000000000000000, 0.000000000000000000, -1.000000000000000000 ) ) ;
#978 =( NAMED_UNIT ( * ) PLANE_ANGLE_UNIT ( ) SI_UNIT ( $, .RADIAN. ) );
#979 = LINE ( 'NONE', #525, #438 ) ;
#980 = EDGE_CURVE ( 'NONE', #455, #1436, #135, .T. ) ;
#981 = STYLED_ITEM ( 'NONE', ( #1289 ), #867 ) ;
#982 = ORIENTED_EDGE ( 'NONE', *, *, #949, .T. ) ;
#983 = CIRCLE ( 'NONE', #350, 2.654999999999999805 ) ;
#984 = DIRECTION ( 'NONE',  ( 0.000000000000000000, 0.000000000000000000, -1.000000000000000000 ) ) ;
#985 = COLOUR_RGB ( '',0.8431372549019607865, 0.8431372549019607865, 0.8431372549019607865 ) ;
#986 = DIRECTION ( 'NONE',  ( 0.000000000000000000, 0.000000000000000000, -1.000000000000000000 ) ) ;
#987 = VERTEX_POINT ( 'NONE', #583 ) ;
#988 = CIRCLE ( 'NONE', #357, 2.350000000000000089 ) ;
#989 = DIRECTION ( 'NONE',  ( -0.000000000000000000, -1.000000000000000000, -0.000000000000000000 ) ) ;
#990 = FACE_OUTER_BOUND ( 'NONE', #737, .T. ) ;
#991 = FACE_OUTER_BOUND ( 'NONE', #1375, .T. ) ;
#992 = PRESENTATION_LAYER_ASSIGNMENT (  '', '', ( #1074 ) ) ;
#993 = CARTESIAN_POINT ( 'NONE',  ( 0.000000000000000000, 3.749999999999999556, 0.000000000000000000 ) ) ;
#994 = ORIENTED_EDGE ( 'NONE', *, *, #644, .F. ) ;
#995 = PRESENTATION_LAYER_ASSIGNMENT (  '', '', ( #821 ) ) ;
#996 =( NAMED_UNIT ( * ) SI_UNIT ( $, .STERADIAN. ) SOLID_ANGLE_UNIT ( ) );
#997 = VECTOR ( 'NONE', #389, 1000.000000000000000 ) ;
#998 =( NAMED_UNIT ( * ) SI_UNIT ( $, .STERADIAN. ) SOLID_ANGLE_UNIT ( ) );
#999 = EDGE_CURVE ( 'NONE', #1016, #879, #893, .T. ) ;
#1000 =( LENGTH_UNIT ( ) NAMED_UNIT ( * ) SI_UNIT ( .MILLI., .METRE. ) );
#1001 = FILL_AREA_STYLE ('',( #1220 ) ) ;
#1002 = ORIENTED_EDGE ( 'NONE', *, *, #430, .T. ) ;
#1003 = PRESENTATION_LAYER_ASSIGNMENT (  '', '', ( #553 ) ) ;
#1004 = STYLED_ITEM ( 'NONE', ( #1308 ), #1440 ) ;
#1005 = ORIENTED_EDGE ( 'NONE', *, *, #1400, .F. ) ;
#1006 =( GEOMETRIC_REPRESENTATION_CONTEXT ( 3 ) GLOBAL_UNCERTAINTY_ASSIGNED_CONTEXT ( ( #718 ) ) GLOBAL_UNIT_ASSIGNED_CONTEXT ( ( #1341, #1458, #752 ) ) REPRESENTATION_CONTEXT ( 'NONE', 'WORKASPACE' ) );
#1007 =( NAMED_UNIT ( * ) SI_UNIT ( $, .STERADIAN. ) SOLID_ANGLE_UNIT ( ) );
#1008 = PLANE ( 'NONE',  #29 ) ;
#1009 = CARTESIAN_POINT ( 'NONE',  ( 0.000000000000000000, 0.5500000000000011546, 0.000000000000000000 ) ) ;
#1010 = PRESENTATION_STYLE_ASSIGNMENT (( #1152 ) ) ;
#1011 = COLOUR_RGB ( '',0.8431372549019607865, 0.8431372549019607865, 0.8431372549019607865 ) ;
#1012 = DIRECTION ( 'NONE',  ( 0.000000000000000000, 0.000000000000000000, -1.000000000000000000 ) ) ;
#1013 = ORIENTED_EDGE ( 'NONE', *, *, #392, .T. ) ;
#1014 = EDGE_CURVE ( 'NONE', #1436, #455, #180, .T. ) ;
#1015 = EDGE_CURVE ( 'NONE', #675, #959, #556, .T. ) ;
#1016 = VERTEX_POINT ( 'NONE', #1372 ) ;
#1017 = SURFACE_STYLE_FILL_AREA ( #109 ) ;
#1018 =( NAMED_UNIT ( * ) PLANE_ANGLE_UNIT ( ) SI_UNIT ( $, .RADIAN. ) );
#1019 = CYLINDRICAL_SURFACE ( 'NONE', #406, 0.5999999999999999778 ) ;
#1020 = CARTESIAN_POINT ( 'NONE',  ( 0.000000000000000000, 0.000000000000000000, 0.000000000000000000 ) ) ;
#1021 = FACE_OUTER_BOUND ( 'NONE', #446, .T. ) ;
#1022 = STYLED_ITEM ( 'NONE', ( #16 ), #1124 ) ;
#1023 = EDGE_CURVE ( 'NONE', #561, #987, #1405, .T. ) ;
#1024 = PRESENTATION_STYLE_ASSIGNMENT (( #1148 ) ) ;
#1025 = VERTEX_POINT ( 'NONE', #1483 ) ;
#1026 = PRESENTATION_STYLE_ASSIGNMENT (( #1252 ) ) ;
#1027 = DIRECTION ( 'NONE',  ( 0.000000000000000000, 0.000000000000000000, -1.000000000000000000 ) ) ;
#1028 = FACE_OUTER_BOUND ( 'NONE', #726, .T. ) ;
#1029 =( GEOMETRIC_REPRESENTATION_CONTEXT ( 3 ) GLOBAL_UNCERTAINTY_ASSIGNED_CONTEXT ( ( #35 ) ) GLOBAL_UNIT_ASSIGNED_CONTEXT ( ( #966, #1130, #106 ) ) REPRESENTATION_CONTEXT ( 'NONE', 'WORKASPACE' ) );
#1030 = PRESENTATION_STYLE_ASSIGNMENT (( #808 ) ) ;
#1031 = DIRECTION ( 'NONE',  ( 0.000000000000000000, 0.000000000000000000, -1.000000000000000000 ) ) ;
#1032 = EDGE_CURVE ( 'NONE', #1025, #385, #1115, .T. ) ;
#1033 = VERTEX_POINT ( 'NONE', #1255 ) ;
#1034 = APPLICATION_CONTEXT ( 'automotive_design' ) ;
#1035 = AXIS2_PLACEMENT_3D ( 'NONE', #353, #1051, #1173 ) ;
#1036 = SHAPE_DEFINITION_REPRESENTATION ( #346, #1070 ) ;
#1037 = COLOUR_RGB ( '',0.8431372549019607865, 0.8431372549019607865, 0.8431372549019607865 ) ;
#1038 = DIRECTION ( 'NONE',  ( -0.000000000000000000, -1.000000000000000000, -0.000000000000000000 ) ) ;
#1039 = CARTESIAN_POINT ( 'NONE',  ( 0.000000000000000000, 3.399999999999999467, 0.000000000000000000 ) ) ;
#1040 = CIRCLE ( 'NONE', #1035, 0.2249999999999999500 ) ;
#1041 = CIRCLE ( 'NONE', #1242, 2.550000000000001599 ) ;
#1042 = STYLED_ITEM ( 'NONE', ( #903 ), #219 ) ;
#1043 = ORIENTED_EDGE ( 'NONE', *, *, #15, .T. ) ;
#1044 = CYLINDRICAL_SURFACE ( 'NONE', #1248, 2.350000000000000089 ) ;
#1045 = MECHANICAL_DESIGN_GEOMETRIC_PRESENTATION_REPRESENTATION (  '', ( #1320 ), #1247 ) ;
#1046 = CARTESIAN_POINT ( 'NONE',  ( 0.000000000000000000, 3.649999999999998579, 0.000000000000000000 ) ) ;
#1047 = EDGE_CURVE ( 'NONE', #746, #1249, #462, .T. ) ;
#1048 = MECHANICAL_DESIGN_GEOMETRIC_PRESENTATION_REPRESENTATION (  '', ( #821 ), #877 ) ;
#1049 = ORIENTED_EDGE ( 'NONE', *, *, #150, .T. ) ;
#1050 = LINE ( 'NONE', #945, #287 ) ;
#1051 = DIRECTION ( 'NONE',  ( 0.000000000000000000, -1.000000000000000000, 0.000000000000000000 ) ) ;
#1052 = ADVANCED_FACE ( 'NONE', ( #221 ), #383, .T. ) ;
#1053 = CIRCLE ( 'NONE', #146, 2.654999999999999805 ) ;
#1054 =( LENGTH_UNIT ( ) NAMED_UNIT ( * ) SI_UNIT ( .MILLI., .METRE. ) );
#1055 = CIRCLE ( 'NONE', #410, 2.550000000000001599 ) ;
#1056 = DIRECTION ( 'NONE',  ( 0.000000000000000000, 0.000000000000000000, 1.000000000000000000 ) ) ;
#1057 = UNCERTAINTY_MEASURE_WITH_UNIT (LENGTH_MEASURE( 1.000000000000000082E-05 ), #1095, 'distance_accuracy_value', 'NONE');
#1058 = UNCERTAINTY_MEASURE_WITH_UNIT (LENGTH_MEASURE( 1.000000000000000082E-05 ), #49, 'distance_accuracy_value', 'NONE');
#1059 = ORIENTED_EDGE ( 'NONE', *, *, #344, .T. ) ;
#1060 = VECTOR ( 'NONE', #1408, 1000.000000000000000 ) ;
#1061 = FILL_AREA_STYLE_COLOUR ( '', #1324 ) ;
#1062 = CARTESIAN_POINT ( 'NONE',  ( 0.000000000000000000, 2.974796947858460605, 0.000000000000000000 ) ) ;
#1063 =( LENGTH_UNIT ( ) NAMED_UNIT ( * ) SI_UNIT ( .MILLI., .METRE. ) );
#1064 = VERTEX_POINT ( 'NONE', #251 ) ;
#1065 = CARTESIAN_POINT ( 'NONE',  ( 0.8980256121069186692, -12.00000000000000000, -0.8980256121069128961 ) ) ;
#1066 = DIRECTION ( 'NONE',  ( 0.000000000000000000, -1.000000000000000000, 0.000000000000000000 ) ) ;
#1067 = CARTESIAN_POINT ( 'NONE',  ( 2.877919977996279827E-16, 3.399999999999996803, 2.350000000000000089 ) ) ;
#1068 = DIRECTION ( 'NONE',  ( 0.000000000000000000, 0.000000000000000000, 1.000000000000000000 ) ) ;
#1069 = UNCERTAINTY_MEASURE_WITH_UNIT (LENGTH_MEASURE( 1.000000000000000082E-05 ), #238, 'distance_accuracy_value', 'NONE');
#1070 = ADVANCED_BREP_SHAPE_REPRESENTATION ( 'MTAPD-06-013', ( #1470, #448, #451, #651 ), #230 ) ;
#1071 = EDGE_CURVE ( 'NONE', #1501, #13, #1154, .T. ) ;
#1072 = EDGE_CURVE ( 'NONE', #385, #987, #243, .T. ) ;
#1073 = ORIENTED_EDGE ( 'NONE', *, *, #1147, .F. ) ;
#1074 = STYLED_ITEM ( 'NONE', ( #458 ), #1348 ) ;
#1075 = COLOUR_RGB ( '',0.2862745098039215508, 0.2862745098039215508, 0.2862745098039215508 ) ;
#1076 = SURFACE_STYLE_USAGE ( .BOTH. , #262 ) ;
#1077 = FILL_AREA_STYLE ('',( #1414 ) ) ;
#1078 = SURFACE_SIDE_STYLE ('',( #1399 ) ) ;
#1079 = PLANE ( 'NONE',  #1441 ) ;
#1080 = LINE ( 'NONE', #814, #229 ) ;
#1081 = STYLED_ITEM ( 'NONE', ( #302 ), #387 ) ;
#1082 = ORIENTED_EDGE ( 'NONE', *, *, #471, .T. ) ;
#1083 =( NAMED_UNIT ( * ) SI_UNIT ( $, .STERADIAN. ) SOLID_ANGLE_UNIT ( ) );
#1084 = DIRECTION ( 'NONE',  ( 0.000000000000000000, 0.000000000000000000, -1.000000000000000000 ) ) ;
#1085 =( LENGTH_UNIT ( ) NAMED_UNIT ( * ) SI_UNIT ( .MILLI., .METRE. ) );
#1086 = DIRECTION ( 'NONE',  ( 0.000000000000000000, -1.000000000000000000, -0.000000000000000000 ) ) ;
#1087 = TOROIDAL_SURFACE ( 'NONE', #1143, 1.821451479088013858, 0.09999999999999993616 ) ;
#1088 = AXIS2_PLACEMENT_3D ( 'NONE', #1421, #1066, #1084 ) ;
#1089 = EDGE_CURVE ( 'NONE', #1382, #552, #245, .T. ) ;
#1090 = CARTESIAN_POINT ( 'NONE',  ( 0.000000000000000000, 0.3499999999999997002, 0.000000000000000000 ) ) ;
#1091 = DIRECTION ( 'NONE',  ( -1.224646799147353207E-16, 0.000000000000000000, -1.000000000000000000 ) ) ;
#1092 = CIRCLE ( 'NONE', #1213, 0.2249999999999999500 ) ;
#1093 = ORIENTED_EDGE ( 'NONE', *, *, #538, .T. ) ;
#1094 = FILL_AREA_STYLE_COLOUR ( '', #670 ) ;
#1095 =( LENGTH_UNIT ( ) NAMED_UNIT ( * ) SI_UNIT ( .MILLI., .METRE. ) );
#1096 =( LENGTH_UNIT ( ) NAMED_UNIT ( * ) SI_UNIT ( .MILLI., .METRE. ) );
#1097 =( NAMED_UNIT ( * ) PLANE_ANGLE_UNIT ( ) SI_UNIT ( $, .RADIAN. ) );
#1098 = SURFACE_SIDE_STYLE ('',( #623 ) ) ;
#1099 = CARTESIAN_POINT ( 'NONE',  ( -0.8980256121069182251, -12.00000000000000000, 0.8980256121069126740 ) ) ;
#1100 = EDGE_CURVE ( 'NONE', #527, #959, #1392, .T. ) ;
#1101 = DIRECTION ( 'NONE',  ( 0.000000000000000000, 0.000000000000000000, -1.000000000000000000 ) ) ;
#1102 = ORIENTED_EDGE ( 'NONE', *, *, #1047, .T. ) ;
#1103 = FILL_AREA_STYLE ('',( #1227 ) ) ;
#1104 = FILL_AREA_STYLE_COLOUR ( '', #1284 ) ;
#1105 = CARTESIAN_POINT ( 'NONE',  ( -0.8980256121069182251, 0.000000000000000000, 1.123025612106912652 ) ) ;
#1106 = EDGE_CURVE ( 'NONE', #908, #1064, #698, .T. ) ;
#1107 = AXIS2_PLACEMENT_3D ( 'NONE', #1223, #311, #1119 ) ;
#1108 = ORIENTED_EDGE ( 'NONE', *, *, #370, .F. ) ;
#1109 = CARTESIAN_POINT ( 'NONE',  ( 0.000000000000000000, 2.974796947858460605, 0.000000000000000000 ) ) ;
#1110 = FILL_AREA_STYLE_COLOUR ( '', #861 ) ;
#1111 = PRESENTATION_STYLE_ASSIGNMENT (( #730 ) ) ;
#1112 = SURFACE_STYLE_USAGE ( .BOTH. , #1447 ) ;
#1113 = DIRECTION ( 'NONE',  ( 0.000000000000000000, -1.000000000000000000, 0.000000000000000000 ) ) ;
#1114 = PRESENTATION_LAYER_ASSIGNMENT (  '', '', ( #1164 ) ) ;
#1115 = CIRCLE ( 'NONE', #577, 0.5000000000000000000 ) ;
#1116 = SURFACE_STYLE_USAGE ( .BOTH. , #203 ) ;
#1117 = VERTEX_POINT ( 'NONE', #492 ) ;
#1118 = COLOUR_RGB ( '',0.7450980392156862919, 0.4901960784313725283, 0.3333333333333333148 ) ;
#1119 = DIRECTION ( 'NONE',  ( 0.000000000000000000, 0.000000000000000000, -1.000000000000000000 ) ) ;
#1120 = SURFACE_STYLE_USAGE ( .BOTH. , #875 ) ;
#1121 = CARTESIAN_POINT ( 'NONE',  ( 3.122849337825750912E-16, 0.5499999999999997113, 2.550000000000000266 ) ) ;
#1122 = CIRCLE ( 'NONE', #661, 0.3500000000000000333 ) ;
#1123 = ORIENTED_EDGE ( 'NONE', *, *, #909, .F. ) ;
#1124 = ADVANCED_FACE ( 'NONE', ( #398 ), #1347, .T. ) ;
#1125 = FACE_OUTER_BOUND ( 'NONE', #1444, .T. ) ;
#1126 = CARTESIAN_POINT ( 'NONE',  ( -0.8980256121069182251, -12.00000000000000000, 0.8980256121069126740 ) ) ;
#1127 = VECTOR ( 'NONE', #297, 1000.000000000000000 ) ;
#1128 = MECHANICAL_DESIGN_GEOMETRIC_PRESENTATION_REPRESENTATION (  '', ( #1022 ), #1275 ) ;
#1129 = DIRECTION ( 'NONE',  ( -1.224646799147350742E-16, 0.000000000000000000, -1.000000000000000000 ) ) ;
#1130 =( NAMED_UNIT ( * ) PLANE_ANGLE_UNIT ( ) SI_UNIT ( $, .RADIAN. ) );
#1131 = DIRECTION ( 'NONE',  ( 0.000000000000000000, 1.000000000000000000, 0.000000000000000000 ) ) ;
#1132 =( GEOMETRIC_REPRESENTATION_CONTEXT ( 3 ) GLOBAL_UNCERTAINTY_ASSIGNED_CONTEXT ( ( #942 ) ) GLOBAL_UNIT_ASSIGNED_CONTEXT ( ( #723, #822, #269 ) ) REPRESENTATION_CONTEXT ( 'NONE', 'WORKASPACE' ) );
#1133 = CIRCLE ( 'NONE', #1329, 1.221451479088010217 ) ;
#1134 =( NAMED_UNIT ( * ) SI_UNIT ( $, .STERADIAN. ) SOLID_ANGLE_UNIT ( ) );
#1135 = DIRECTION ( 'NONE',  ( 0.000000000000000000, 0.000000000000000000, 1.000000000000000000 ) ) ;
#1136 = DIRECTION ( 'NONE',  ( -0.000000000000000000, -1.000000000000000000, -0.000000000000000000 ) ) ;
#1137 = ORIENTED_EDGE ( 'NONE', *, *, #1410, .F. ) ;
#1138 = AXIS2_PLACEMENT_3D ( 'NONE', #733, #272, #1442 ) ;
#1139 = EDGE_LOOP ( 'NONE', ( #567, #341, #36, #118 ) ) ;
#1140 = DIRECTION ( 'NONE',  ( 1.000000000000000000, 0.000000000000000000, 0.000000000000000000 ) ) ;
#1141 = FACE_OUTER_BOUND ( 'NONE', #232, .T. ) ;
#1142 = UNCERTAINTY_MEASURE_WITH_UNIT (LENGTH_MEASURE( 1.000000000000000082E-05 ), #801, 'distance_accuracy_value', 'NONE');
#1143 = AXIS2_PLACEMENT_3D ( 'NONE', #956, #1197, #151 ) ;
#1144 = DIRECTION ( 'NONE',  ( -0.000000000000000000, -1.000000000000000000, -0.000000000000000000 ) ) ;
#1145 = PRESENTATION_LAYER_ASSIGNMENT (  '', '', ( #658 ) ) ;
#1146 = EDGE_CURVE ( 'NONE', #140, #1501, #760, .T. ) ;
#1147 = EDGE_CURVE ( 'NONE', #703, #908, #716, .T. ) ;
#1148 = SURFACE_STYLE_USAGE ( .BOTH. , #231 ) ;
#1149 = EDGE_LOOP ( 'NONE', ( #598, #659 ) ) ;
#1150 = ORIENTED_EDGE ( 'NONE', *, *, #1106, .F. ) ;
#1151 = SURFACE_STYLE_FILL_AREA ( #234 ) ;
#1152 = SURFACE_STYLE_USAGE ( .BOTH. , #1160 ) ;
#1153 =( NAMED_UNIT ( * ) SI_UNIT ( $, .STERADIAN. ) SOLID_ANGLE_UNIT ( ) );
#1154 = LINE ( 'NONE', #354, #101 ) ;
#1155 = COLOUR_RGB ( '',0.8431372549019607865, 0.8431372549019607865, 0.8431372549019607865 ) ;
#1156 = FILL_AREA_STYLE_COLOUR ( '', #535 ) ;
#1157 =( NAMED_UNIT ( * ) SI_UNIT ( $, .STERADIAN. ) SOLID_ANGLE_UNIT ( ) );
#1158 = CARTESIAN_POINT ( 'NONE',  ( 0.000000000000000000, 0.000000000000000000, 0.000000000000000000 ) ) ;
#1159 = VECTOR ( 'NONE', #771, 1000.000000000000000 ) ;
#1160 = SURFACE_SIDE_STYLE ('',( #787 ) ) ;
#1161 = SURFACE_STYLE_FILL_AREA ( #121 ) ;
#1162 = SURFACE_STYLE_USAGE ( .BOTH. , #399 ) ;
#1163 = ORIENTED_EDGE ( 'NONE', *, *, #57, .F. ) ;
#1164 = STYLED_ITEM ( 'NONE', ( #778 ), #1470 ) ;
#1165 = AXIS2_PLACEMENT_3D ( 'NONE', #337, #1136, #1269 ) ;
#1166 = DIRECTION ( 'NONE',  ( 0.000000000000000000, 0.000000000000000000, -1.000000000000000000 ) ) ;
#1167 = CARTESIAN_POINT ( 'NONE',  ( 2.154999999999999805, 0.3499999999999996447, -0.2499999999999999445 ) ) ;
#1168 = COLOUR_RGB ( '',0.8431372549019607865, 0.8431372549019607865, 0.8431372549019607865 ) ;
#1169 = FACE_BOUND ( 'NONE', #108, .T. ) ;
#1170 = ORIENTED_EDGE ( 'NONE', *, *, #938, .T. ) ;
#1171 = CARTESIAN_POINT ( 'NONE',  ( 2.169402383709980765E-16, 3.649999999999998579, 1.721451479088013770 ) ) ;
#1172 = LINE ( 'NONE', #1293, #997 ) ;
#1173 = DIRECTION ( 'NONE',  ( 0.000000000000000000, 0.000000000000000000, -1.000000000000000000 ) ) ;
#1174 = COLOUR_RGB ( '',0.8431372549019607865, 0.8431372549019607865, 0.8431372549019607865 ) ;
#1175 = EDGE_LOOP ( 'NONE', ( #1184, #683, #755, #1191 ) ) ;
#1176 = DIRECTION ( 'NONE',  ( 0.000000000000000000, 0.000000000000000000, -1.000000000000000000 ) ) ;
#1177 = SURFACE_STYLE_FILL_AREA ( #952 ) ;
#1178 = TOROIDAL_SURFACE ( 'NONE', #502, 0.1000000000000000472, 0.5000000000000000000 ) ;
#1179 = CIRCLE ( 'NONE', #738, 1.999999999999997335 ) ;
#1180 = DIRECTION ( 'NONE',  ( 0.000000000000000000, 0.000000000000000000, -1.000000000000000000 ) ) ;
#1181 = DIRECTION ( 'NONE',  ( -0.000000000000000000, -1.000000000000000000, -0.000000000000000000 ) ) ;
#1182 = UNCERTAINTY_MEASURE_WITH_UNIT (LENGTH_MEASURE( 1.000000000000000082E-05 ), #110, 'distance_accuracy_value', 'NONE');
#1183 = UNCERTAINTY_MEASURE_WITH_UNIT (LENGTH_MEASURE( 1.000000000000000082E-05 ), #1240, 'distance_accuracy_value', 'NONE');
#1184 = ORIENTED_EDGE ( 'NONE', *, *, #325, .F. ) ;
#1185 = PRESENTATION_LAYER_ASSIGNMENT (  '', '', ( #348 ) ) ;
#1186 = DIRECTION ( 'NONE',  ( 0.000000000000000000, 0.000000000000000000, -1.000000000000000000 ) ) ;
#1187 = ADVANCED_FACE ( 'NONE', ( #484 ), #391, .T. ) ;
#1188 = DIRECTION ( 'NONE',  ( -0.000000000000000000, 1.000000000000000000, -0.000000000000000000 ) ) ;
#1189 = VECTOR ( 'NONE', #954, 1000.000000000000000 ) ;
#1190 = FACE_OUTER_BOUND ( 'NONE', #1418, .T. ) ;
#1191 = ORIENTED_EDGE ( 'NONE', *, *, #548, .F. ) ;
#1192 = SURFACE_STYLE_FILL_AREA ( #593 ) ;
#1193 = PRESENTATION_LAYER_ASSIGNMENT (  '', '', ( #37 ) ) ;
#1194 =( LENGTH_UNIT ( ) NAMED_UNIT ( * ) SI_UNIT ( .MILLI., .METRE. ) );
#1195 = CARTESIAN_POINT ( 'NONE',  ( 0.000000000000000000, 3.749999999999999556, 0.000000000000000000 ) ) ;
#1196 = EDGE_CURVE ( 'NONE', #19, #358, #802, .T. ) ;
#1197 = DIRECTION ( 'NONE',  ( -0.000000000000000000, -1.000000000000000000, -0.000000000000000000 ) ) ;
#1198 = UNCERTAINTY_MEASURE_WITH_UNIT (LENGTH_MEASURE( 1.000000000000000082E-05 ), #1000, 'distance_accuracy_value', 'NONE');
#1199 = ORIENTED_EDGE ( 'NONE', *, *, #430, .F. ) ;
#1200 =( GEOMETRIC_REPRESENTATION_CONTEXT ( 3 ) GLOBAL_UNCERTAINTY_ASSIGNED_CONTEXT ( ( #1198 ) ) GLOBAL_UNIT_ASSIGNED_CONTEXT ( ( #1000, #1386, #8 ) ) REPRESENTATION_CONTEXT ( 'NONE', 'WORKASPACE' ) );
#1201 = AXIS2_PLACEMENT_3D ( 'NONE', #158, #590, #25 ) ;
#1202 =( NAMED_UNIT ( * ) PLANE_ANGLE_UNIT ( ) SI_UNIT ( $, .RADIAN. ) );
#1203 = PRESENTATION_STYLE_ASSIGNMENT (( #1431 ) ) ;
#1204 = COLOUR_RGB ( '',0.2862745098039215508, 0.2862745098039215508, 0.2862745098039215508 ) ;
#1205 = CARTESIAN_POINT ( 'NONE',  ( 0.000000000000000000, 0.000000000000000000, 0.000000000000000000 ) ) ;
#1206 = CIRCLE ( 'NONE', #786, 1.821451479088014525 ) ;
#1207 = ORIENTED_EDGE ( 'NONE', *, *, #344, .F. ) ;
#1208 = FILL_AREA_STYLE_COLOUR ( '', #838 ) ;
#1209 = FILL_AREA_STYLE_COLOUR ( '', #1011 ) ;
#1210 = SURFACE_STYLE_USAGE ( .BOTH. , #1236 ) ;
#1211 = PRESENTATION_LAYER_ASSIGNMENT (  '', '', ( #1004 ) ) ;
#1212 = DIRECTION ( 'NONE',  ( -0.000000000000000000, -1.000000000000000000, -0.000000000000000000 ) ) ;
#1213 = AXIS2_PLACEMENT_3D ( 'NONE', #1099, #104, #1468 ) ;
#1214 = DIRECTION ( 'NONE',  ( -0.000000000000000000, -1.000000000000000000, -0.000000000000000000 ) ) ;
#1215 = ORIENTED_EDGE ( 'NONE', *, *, #1015, .F. ) ;
#1216 = MECHANICAL_DESIGN_GEOMETRIC_PRESENTATION_REPRESENTATION (  '', ( #298 ), #1288 ) ;
#1217 = AXIS2_PLACEMENT_3D ( 'NONE', #1380, #1038, #1272 ) ;
#1218 =( NAMED_UNIT ( * ) SI_UNIT ( $, .STERADIAN. ) SOLID_ANGLE_UNIT ( ) );
#1219 = MECHANICAL_DESIGN_GEOMETRIC_PRESENTATION_REPRESENTATION (  '', ( #1465 ), #753 ) ;
#1220 = FILL_AREA_STYLE_COLOUR ( '', #1037 ) ;
#1221 = SURFACE_SIDE_STYLE ('',( #413 ) ) ;
#1222 = VERTEX_POINT ( 'NONE', #1067 ) ;
#1223 = CARTESIAN_POINT ( 'NONE',  ( 0.000000000000000000, 0.000000000000000000, 0.000000000000000000 ) ) ;
#1224 = FILL_AREA_STYLE_COLOUR ( '', #1118 ) ;
#1225 = AXIS2_PLACEMENT_3D ( 'NONE', #461, #1, #1261 ) ;
#1226 = SURFACE_STYLE_USAGE ( .BOTH. , #1474 ) ;
#1227 = FILL_AREA_STYLE_COLOUR ( '', #420 ) ;
#1228 = SURFACE_SIDE_STYLE ('',( #848 ) ) ;
#1229 = CYLINDRICAL_SURFACE ( 'NONE', #388, 0.2249999999999999500 ) ;
#1230 =( GEOMETRIC_REPRESENTATION_CONTEXT ( 3 ) GLOBAL_UNCERTAINTY_ASSIGNED_CONTEXT ( ( #719 ) ) GLOBAL_UNIT_ASSIGNED_CONTEXT ( ( #1354, #1332, #844 ) ) REPRESENTATION_CONTEXT ( 'NONE', 'WORKASPACE' ) );
#1231 = EDGE_LOOP ( 'NONE', ( #474, #948, #51, #820 ) ) ;
#1232 = FILL_AREA_STYLE_COLOUR ( '', #1204 ) ;
#1233 = DIRECTION ( 'NONE',  ( 0.000000000000000000, 0.000000000000000000, -1.000000000000000000 ) ) ;
#1234 = STYLED_ITEM ( 'NONE', ( #397 ), #328 ) ;
#1235 =( NAMED_UNIT ( * ) SI_UNIT ( $, .STERADIAN. ) SOLID_ANGLE_UNIT ( ) );
#1236 = SURFACE_SIDE_STYLE ('',( #1455 ) ) ;
#1237 = FACE_OUTER_BOUND ( 'NONE', #720, .T. ) ;
#1238 = TOROIDAL_SURFACE ( 'NONE', #1403, 1.221451479088013770, 0.5000000000000000000 ) ;
#1239 = AXIS2_PLACEMENT_3D ( 'NONE', #1366, #686, #679 ) ;
#1240 =( LENGTH_UNIT ( ) NAMED_UNIT ( * ) SI_UNIT ( .MILLI., .METRE. ) );
#1241 = ORIENTED_EDGE ( 'NONE', *, *, #1100, .F. ) ;
#1242 = AXIS2_PLACEMENT_3D ( 'NONE', #349, #318, #1246 ) ;
#1243 = PRESENTATION_LAYER_ASSIGNMENT (  '', '', ( #1042 ) ) ;
#1244 = AXIS2_PLACEMENT_3D ( 'NONE', #405, #700, #1424 ) ;
#1245 = CARTESIAN_POINT ( 'NONE',  ( 0.000000000000000000, 0.000000000000000000, 0.000000000000000000 ) ) ;
#1246 = DIRECTION ( 'NONE',  ( 0.000000000000000000, 0.000000000000000000, -1.000000000000000000 ) ) ;
#1247 =( GEOMETRIC_REPRESENTATION_CONTEXT ( 3 ) GLOBAL_UNCERTAINTY_ASSIGNED_CONTEXT ( ( #331 ) ) GLOBAL_UNIT_ASSIGNED_CONTEXT ( ( #246, #964, #139 ) ) REPRESENTATION_CONTEXT ( 'NONE', 'WORKASPACE' ) );
#1248 = AXIS2_PLACEMENT_3D ( 'NONE', #124, #571, #1027 ) ;
#1249 = VERTEX_POINT ( 'NONE', #830 ) ;
#1250 = STYLED_ITEM ( 'NONE', ( #1010 ), #237 ) ;
#1251 = CARTESIAN_POINT ( 'NONE',  ( 0.8980256121069186692, -12.00000000000000000, -0.8980256121069128961 ) ) ;
#1252 = SURFACE_STYLE_USAGE ( .BOTH. , #351 ) ;
#1253 = FACE_OUTER_BOUND ( 'NONE', #900, .T. ) ;
#1254 = STYLED_ITEM ( 'NONE', ( #483 ), #1370 ) ;
#1255 = CARTESIAN_POINT ( 'NONE',  ( 0.000000000000000000, 0.3499999999999997002, -2.550000000000001155 ) ) ;
#1256 = VERTEX_POINT ( 'NONE', #40 ) ;
#1257 = VERTEX_POINT ( 'NONE', #953 ) ;
#1258 = SURFACE_SIDE_STYLE ('',( #335 ) ) ;
#1259 = STYLED_ITEM ( 'NONE', ( #317 ), #581 ) ;
#1260 = DIRECTION ( 'NONE',  ( 1.084202172485504557E-16, 0.000000000000000000, 1.000000000000000000 ) ) ;
#1261 = DIRECTION ( 'NONE',  ( 0.000000000000000000, 0.000000000000000000, -1.000000000000000000 ) ) ;
#1262 = ORIENTED_EDGE ( 'NONE', *, *, #835, .T. ) ;
#1263 = STYLED_ITEM ( 'NONE', ( #1111 ), #709 ) ;
#1264 = ORIENTED_EDGE ( 'NONE', *, *, #1047, .F. ) ;
#1265 = ADVANCED_FACE ( 'NONE', ( #1311 ), #274, .T. ) ;
#1266 = CARTESIAN_POINT ( 'NONE',  ( -0.8980256121069182251, -12.00000000000000000, 1.123025612106912652 ) ) ;
#1267 = CARTESIAN_POINT ( 'NONE',  ( -0.8980256121069182251, -12.00000000000000000, 0.8980256121069126740 ) ) ;
#1268 = EDGE_CURVE ( 'NONE', #233, #714, #1439, .T. ) ;
#1269 = DIRECTION ( 'NONE',  ( 0.000000000000000000, 0.000000000000000000, -1.000000000000000000 ) ) ;
#1270 = ORIENTED_EDGE ( 'NONE', *, *, #370, .T. ) ;
#1271 = FILL_AREA_STYLE_COLOUR ( '', #1344 ) ;
#1272 = DIRECTION ( 'NONE',  ( 0.000000000000000000, 0.000000000000000000, -1.000000000000000000 ) ) ;
#1273 = SURFACE_STYLE_FILL_AREA ( #685 ) ;
#1274 = DIRECTION ( 'NONE',  ( -0.000000000000000000, -1.000000000000000000, -0.000000000000000000 ) ) ;
#1275 =( GEOMETRIC_REPRESENTATION_CONTEXT ( 3 ) GLOBAL_UNCERTAINTY_ASSIGNED_CONTEXT ( ( #500 ) ) GLOBAL_UNIT_ASSIGNED_CONTEXT ( ( #1194, #479, #379 ) ) REPRESENTATION_CONTEXT ( 'NONE', 'WORKASPACE' ) );
#1276 = DIRECTION ( 'NONE',  ( 0.000000000000000000, 0.000000000000000000, 1.000000000000000000 ) ) ;
#1277 = VERTEX_POINT ( 'NONE', #424 ) ;
#1278 = DIRECTION ( 'NONE',  ( 0.000000000000000000, 0.000000000000000000, 1.000000000000000000 ) ) ;
#1279 = CIRCLE ( 'NONE', #609, 1.721451479088013770 ) ;
#1280 =( NAMED_UNIT ( * ) SI_UNIT ( $, .STERADIAN. ) SOLID_ANGLE_UNIT ( ) );
#1281 = CARTESIAN_POINT ( 'NONE',  ( 3.251437251736222838E-16, 0.000000000000000000, 2.654999999999999805 ) ) ;
#1282 = FACE_OUTER_BOUND ( 'NONE', #537, .T. ) ;
#1283 = VERTEX_POINT ( 'NONE', #1356 ) ;
#1284 = COLOUR_RGB ( '',0.8431372549019607865, 0.8431372549019607865, 0.8431372549019607865 ) ;
#1285 = TOROIDAL_SURFACE ( 'NONE', #886, 2.550000000000000266, 0.2000000000000000389 ) ;
#1286 =( NAMED_UNIT ( * ) PLANE_ANGLE_UNIT ( ) SI_UNIT ( $, .RADIAN. ) );
#1287 =( LENGTH_UNIT ( ) NAMED_UNIT ( * ) SI_UNIT ( .MILLI., .METRE. ) );
#1288 =( GEOMETRIC_REPRESENTATION_CONTEXT ( 3 ) GLOBAL_UNCERTAINTY_ASSIGNED_CONTEXT ( ( #1058 ) ) GLOBAL_UNIT_ASSIGNED_CONTEXT ( ( #49, #506, #602 ) ) REPRESENTATION_CONTEXT ( 'NONE', 'WORKASPACE' ) );
#1289 = PRESENTATION_STYLE_ASSIGNMENT (( #818 ) ) ;
#1290 = UNCERTAINTY_MEASURE_WITH_UNIT (LENGTH_MEASURE( 1.000000000000000082E-05 ), #226, 'distance_accuracy_value', 'NONE');
#1291 = ORIENTED_EDGE ( 'NONE', *, *, #910, .T. ) ;
#1292 = EDGE_CURVE ( 'NONE', #1401, #675, #404, .T. ) ;
#1293 = CARTESIAN_POINT ( 'NONE',  ( 2.154999999999999805, 0.3499999999999996447, 0.2500000000000000555 ) ) ;
#1294 = SURFACE_SIDE_STYLE ('',( #260 ) ) ;
#1295 = MECHANICAL_DESIGN_GEOMETRIC_PRESENTATION_REPRESENTATION (  '', ( #1250 ), #1369 ) ;
#1296 = CARTESIAN_POINT ( 'NONE',  ( 0.000000000000000000, 3.749999999999999556, 0.000000000000000000 ) ) ;
#1297 = LINE ( 'NONE', #1425, #1335 ) ;
#1298 = ORIENTED_EDGE ( 'NONE', *, *, #293, .T. ) ;
#1299 = ADVANCED_FACE ( 'NONE', ( #883 ), #1454, .T. ) ;
#1300 = ADVANCED_FACE ( 'NONE', ( #321 ), #208, .T. ) ;
#1301 = SURFACE_SIDE_STYLE ('',( #1192 ) ) ;
#1302 =( LENGTH_UNIT ( ) NAMED_UNIT ( * ) SI_UNIT ( .MILLI., .METRE. ) );
#1303 = FILL_AREA_STYLE ('',( #270 ) ) ;
#1304 = CYLINDRICAL_SURFACE ( 'NONE', #1429, 2.654999999999999805 ) ;
#1305 = UNCERTAINTY_MEASURE_WITH_UNIT (LENGTH_MEASURE( 1.000000000000000082E-05 ), #423, 'distance_accuracy_value', 'NONE');
#1306 = ORIENTED_EDGE ( 'NONE', *, *, #325, .T. ) ;
#1307 = DIRECTION ( 'NONE',  ( -0.000000000000000000, -1.000000000000000000, -0.000000000000000000 ) ) ;
#1308 = PRESENTATION_STYLE_ASSIGNMENT (( #491 ) ) ;
#1309 = AXIS2_PLACEMENT_3D ( 'NONE', #536, #519, #870 ) ;
#1310 = MECHANICAL_DESIGN_GEOMETRIC_PRESENTATION_REPRESENTATION (  '', ( #348 ), #529 ) ;
#1311 = FACE_OUTER_BOUND ( 'NONE', #292, .T. ) ;
#1312 = PLANE ( 'NONE',  #1244 ) ;
#1313 = PRESENTATION_LAYER_ASSIGNMENT (  '', '', ( #320 ) ) ;
#1314 = FILL_AREA_STYLE_COLOUR ( '', #489 ) ;
#1315 = ORIENTED_EDGE ( 'NONE', *, *, #76, .F. ) ;
#1316 =( NAMED_UNIT ( * ) SI_UNIT ( $, .STERADIAN. ) SOLID_ANGLE_UNIT ( ) );
#1317 = FACE_OUTER_BOUND ( 'NONE', #562, .T. ) ;
#1318 = DIRECTION ( 'NONE',  ( -0.000000000000000000, -1.000000000000000000, -0.000000000000000000 ) ) ;
#1319 = PRESENTATION_STYLE_ASSIGNMENT (( #1162 ) ) ;
#1320 = STYLED_ITEM ( 'NONE', ( #1203 ), #77 ) ;
#1321 = ORIENTED_EDGE ( 'NONE', *, *, #150, .F. ) ;
#1322 = AXIS2_PLACEMENT_3D ( 'NONE', #1126, #896, #1135 ) ;
#1323 = EDGE_CURVE ( 'NONE', #714, #872, #194, .T. ) ;
#1324 = COLOUR_RGB ( '',0.7450980392156862919, 0.4901960784313725283, 0.3333333333333333148 ) ;
#1325 = FILL_AREA_STYLE ('',( #823 ) ) ;
#1326 = COLOUR_RGB ( '',0.7450980392156862919, 0.4901960784313725283, 0.3333333333333333148 ) ;
#1327 = SURFACE_STYLE_FILL_AREA ( #884 ) ;
#1328 = AXIS2_PLACEMENT_3D ( 'NONE', #205, #881, #854 ) ;
#1329 = AXIS2_PLACEMENT_3D ( 'NONE', #1342, #754, #986 ) ;
#1330 = ADVANCED_FACE ( 'NONE', ( #1141 ), #449, .T. ) ;
#1331 = EDGE_LOOP ( 'NONE', ( #1073, #162, #375, #172 ) ) ;
#1332 =( NAMED_UNIT ( * ) PLANE_ANGLE_UNIT ( ) SI_UNIT ( $, .RADIAN. ) );
#1333 = SURFACE_STYLE_FILL_AREA ( #612 ) ;
#1334 = SURFACE_STYLE_FILL_AREA ( #47 ) ;
#1335 = VECTOR ( 'NONE', #393, 1000.000000000000000 ) ;
#1336 = SURFACE_STYLE_FILL_AREA ( #1448 ) ;
#1337 = CARTESIAN_POINT ( 'NONE',  ( 7.347880794884117764E-17, 2.374796947858460960, 0.5999999999999999778 ) ) ;
#1338 = EDGE_LOOP ( 'NONE', ( #1005, #574 ) ) ;
#1339 = SURFACE_STYLE_FILL_AREA ( #510 ) ;
#1340 = PRESENTATION_LAYER_ASSIGNMENT (  '', '', ( #1465 ) ) ;
#1341 =( LENGTH_UNIT ( ) NAMED_UNIT ( * ) SI_UNIT ( .MILLI., .METRE. ) );
#1342 = CARTESIAN_POINT ( 'NONE',  ( 0.000000000000000000, 2.374796947858460960, 0.000000000000000000 ) ) ;
#1343 = VERTEX_POINT ( 'NONE', #1266 ) ;
#1344 = COLOUR_RGB ( '',0.2862745098039215508, 0.2862745098039215508, 0.2862745098039215508 ) ;
#1345 = DIRECTION ( 'NONE',  ( 0.000000000000000000, 0.000000000000000000, -1.000000000000000000 ) ) ;
#1346 = DIRECTION ( 'NONE',  ( -0.000000000000000000, -1.000000000000000000, -0.000000000000000000 ) ) ;
#1347 = TOROIDAL_SURFACE ( 'NONE', #1201, 0.1000000000000000472, 0.5000000000000000000 ) ;
#1348 = ADVANCED_FACE ( 'NONE', ( #360 ), #1019, .T. ) ;
#1349 = FILL_AREA_STYLE ('',( #749 ) ) ;
#1350 = PRESENTATION_STYLE_ASSIGNMENT (( #550 ) ) ;
#1351 = SURFACE_STYLE_FILL_AREA ( #433 ) ;
#1352 = PRESENTATION_LAYER_ASSIGNMENT (  '', '', ( #902 ) ) ;
#1353 = ORIENTED_EDGE ( 'NONE', *, *, #999, .F. ) ;
#1354 =( LENGTH_UNIT ( ) NAMED_UNIT ( * ) SI_UNIT ( .MILLI., .METRE. ) );
#1355 =( NAMED_UNIT ( * ) SI_UNIT ( $, .STERADIAN. ) SOLID_ANGLE_UNIT ( ) );
#1356 = CARTESIAN_POINT ( 'NONE',  ( 0.8980256121069186692, -12.00000000000000000, -1.123025612106912874 ) ) ;
#1357 = FACE_OUTER_BOUND ( 'NONE', #273, .T. ) ;
#1358 = CARTESIAN_POINT ( 'NONE',  ( 0.000000000000000000, 3.399999999999996803, 0.000000000000000000 ) ) ;
#1359 = CARTESIAN_POINT ( 'NONE',  ( 3.251437251736222838E-16, 0.000000000000000000, 2.654999999999999805 ) ) ;
#1360 = MECHANICAL_DESIGN_GEOMETRIC_PRESENTATION_REPRESENTATION (  '', ( #1432 ), #53 ) ;
#1361 = ORIENTED_EDGE ( 'NONE', *, *, #1100, .T. ) ;
#1362 = MECHANICAL_DESIGN_GEOMETRIC_PRESENTATION_REPRESENTATION (  '', ( #320 ), #511 ) ;
#1363 = FILL_AREA_STYLE ('',( #888 ) ) ;
#1364 = SURFACE_SIDE_STYLE ('',( #100 ) ) ;
#1365 = SURFACE_SIDE_STYLE ('',( #1151 ) ) ;
#1366 = CARTESIAN_POINT ( 'NONE',  ( -0.8980256121069182251, 0.000000000000000000, 0.8980256121069126740 ) ) ;
#1367 = ORIENTED_EDGE ( 'NONE', *, *, #1106, .T. ) ;
#1368 = CARTESIAN_POINT ( 'NONE',  ( -0.8980256121069182251, -12.00000000000000000, 0.8980256121069126740 ) ) ;
#1369 =( GEOMETRIC_REPRESENTATION_CONTEXT ( 3 ) GLOBAL_UNCERTAINTY_ASSIGNED_CONTEXT ( ( #1411 ) ) GLOBAL_UNIT_ASSIGNED_CONTEXT ( ( #336, #444, #806 ) ) REPRESENTATION_CONTEXT ( 'NONE', 'WORKASPACE' ) );
#1370 = ADVANCED_FACE ( 'NONE', ( #918 ), #373, .T. ) ;
#1371 = CARTESIAN_POINT ( 'NONE',  ( 0.000000000000000000, 0.000000000000000000, 0.000000000000000000 ) ) ;
#1372 = CARTESIAN_POINT ( 'NONE',  ( 2.643203548726431151, 0.000000000000000000, -0.2499999999999999445 ) ) ;
#1373 = ORIENTED_EDGE ( 'NONE', *, *, #1268, .F. ) ;
#1374 = PRESENTATION_LAYER_ASSIGNMENT (  '', '', ( #850 ) ) ;
#1375 = EDGE_LOOP ( 'NONE', ( #1137, #608, #708, #187 ) ) ;
#1376 = SURFACE_SIDE_STYLE ('',( #1017 ) ) ;
#1377 = COLOUR_RGB ( '',0.8431372549019607865, 0.8431372549019607865, 0.8431372549019607865 ) ;
#1378 =( NAMED_UNIT ( * ) SI_UNIT ( $, .STERADIAN. ) SOLID_ANGLE_UNIT ( ) );
#1379 = FILL_AREA_STYLE ('',( #780 ) ) ;
#1380 = CARTESIAN_POINT ( 'NONE',  ( 0.000000000000000000, 2.374796947858460960, 0.000000000000000000 ) ) ;
#1381 = CARTESIAN_POINT ( 'NONE',  ( 0.000000000000000000, 2.374796947858460960, -1.221451479088010217 ) ) ;
#1382 = VERTEX_POINT ( 'NONE', #705 ) ;
#1383 = ORIENTED_EDGE ( 'NONE', *, *, #5, .F. ) ;
#1384 = APPLICATION_PROTOCOL_DEFINITION ( 'draft international standard', 'automotive_design', 1998, #852 ) ;
#1385 = STYLED_ITEM ( 'NONE', ( #1319 ), #68 ) ;
#1386 =( NAMED_UNIT ( * ) PLANE_ANGLE_UNIT ( ) SI_UNIT ( $, .RADIAN. ) );
#1387 = CARTESIAN_POINT ( 'NONE',  ( 0.000000000000000000, 0.3499999999999997002, -2.654999999999999805 ) ) ;
#1388 = DIRECTION ( 'NONE',  ( 0.000000000000000000, 0.000000000000000000, -1.000000000000000000 ) ) ;
#1389 = VERTEX_POINT ( 'NONE', #1381 ) ;
#1390 = SURFACE_SIDE_STYLE ('',( #676 ) ) ;
#1391 = DIRECTION ( 'NONE',  ( -1.224646799147353454E-16, 0.000000000000000000, -1.000000000000000000 ) ) ;
#1392 = LINE ( 'NONE', #1281, #310 ) ;
#1393 = COLOUR_RGB ( '',0.8431372549019607865, 0.8431372549019607865, 0.8431372549019607865 ) ;
#1394 = CARTESIAN_POINT ( 'NONE',  ( 3.122849337825751899E-16, 0.3499999999999997002, 2.550000000000001155 ) ) ;
#1395 = ORIENTED_EDGE ( 'NONE', *, *, #677, .T. ) ;
#1396 = COLOUR_RGB ( '',0.2862745098039215508, 0.2862745098039215508, 0.2862745098039215508 ) ;
#1397 =( GEOMETRIC_REPRESENTATION_CONTEXT ( 3 ) GLOBAL_UNCERTAINTY_ASSIGNED_CONTEXT ( ( #1183 ) ) GLOBAL_UNIT_ASSIGNED_CONTEXT ( ( #1240, #544, #849 ) ) REPRESENTATION_CONTEXT ( 'NONE', 'WORKASPACE' ) );
#1398 = CARTESIAN_POINT ( 'NONE',  ( 0.000000000000000000, 3.749999999999999556, -1.999999999999997335 ) ) ;
#1399 = SURFACE_STYLE_FILL_AREA ( #284 ) ;
#1400 = EDGE_CURVE ( 'NONE', #552, #843, #1040, .T. ) ;
#1401 = VERTEX_POINT ( 'NONE', #697 ) ;
#1402 = CIRCLE ( 'NONE', #860, 0.5000000000000000000 ) ;
#1403 = AXIS2_PLACEMENT_3D ( 'NONE', #594, #381, #165 ) ;
#1404 = ADVANCED_FACE ( 'NONE', ( #1028 ), #1285, .F. ) ;
#1405 = CIRCLE ( 'NONE', #509, 0.5000000000000000000 ) ;
#1406 = DIRECTION ( 'NONE',  ( -0.000000000000000000, 1.000000000000000000, -0.000000000000000000 ) ) ;
#1407 = DIRECTION ( 'NONE',  ( 0.000000000000000000, -1.000000000000000000, 0.000000000000000000 ) ) ;
#1408 = DIRECTION ( 'NONE',  ( -0.000000000000000000, 1.000000000000000000, -0.000000000000000000 ) ) ;
#1409 = UNCERTAINTY_MEASURE_WITH_UNIT (LENGTH_MEASURE( 1.000000000000000082E-05 ), #766, 'distance_accuracy_value', 'NONE');
#1410 = EDGE_CURVE ( 'NONE', #13, #777, #578, .T. ) ;
#1411 = UNCERTAINTY_MEASURE_WITH_UNIT (LENGTH_MEASURE( 1.000000000000000082E-05 ), #336, 'distance_accuracy_value', 'NONE');
#1412 = ORIENTED_EDGE ( 'NONE', *, *, #841, .F. ) ;
#1413 = LINE ( 'NONE', #38, #566 ) ;
#1414 = FILL_AREA_STYLE_COLOUR ( '', #137 ) ;
#1415 = LINE ( 'NONE', #271, #523 ) ;
#1416 = COLOUR_RGB ( '',0.7450980392156862919, 0.4901960784313725283, 0.3333333333333333148 ) ;
#1417 = VECTOR ( 'NONE', #138, 1000.000000000000000 ) ;
#1418 = EDGE_LOOP ( 'NONE', ( #1241, #863, #916, #402 ) ) ;
#1419 = DIRECTION ( 'NONE',  ( -1.000000000000000000, -0.000000000000000000, 1.084202172485504434E-16 ) ) ;
#1420 = ADVANCED_FACE ( 'NONE', ( #1021 ), #263, .T. ) ;
#1421 = CARTESIAN_POINT ( 'NONE',  ( 0.8980256121069186692, 0.000000000000000000, -0.8980256121069128961 ) ) ;
#1422 = EDGE_CURVE ( 'NONE', #843, #552, #774, .T. ) ;
#1423 = COLOUR_RGB ( '',0.7921568627450980005, 0.8196078431372548767, 0.9333333333333333481 ) ;
#1424 = DIRECTION ( 'NONE',  ( 0.000000000000000000, 0.000000000000000000, -1.000000000000000000 ) ) ;
#1425 = CARTESIAN_POINT ( 'NONE',  ( 3.154999999999999805, 0.000000000000000000, 0.2499999999999999445 ) ) ;
#1426 = UNCERTAINTY_MEASURE_WITH_UNIT (LENGTH_MEASURE( 1.000000000000000082E-05 ), #190, 'distance_accuracy_value', 'NONE');
#1427 = ORIENTED_EDGE ( 'NONE', *, *, #649, .F. ) ;
#1428 = DIRECTION ( 'NONE',  ( -0.000000000000000000, -1.000000000000000000, -0.000000000000000000 ) ) ;
#1429 = AXIS2_PLACEMENT_3D ( 'NONE', #95, #1212, #291 ) ;
#1430 =( NAMED_UNIT ( * ) PLANE_ANGLE_UNIT ( ) SI_UNIT ( $, .RADIAN. ) );
#1431 = SURFACE_STYLE_USAGE ( .BOTH. , #368 ) ;
#1432 = STYLED_ITEM ( 'NONE', ( #403 ), #1420 ) ;
#1433 = CLOSED_SHELL ( 'NONE', ( #867, #163, #1348, #1124, #950, #237, #1370, #692, #1265, #873, #530, #717, #709, #1330, #1299, #77, #735, #68, #1052, #171, #1404, #1493, #355, #387, #131, #1440, #1461 ) ) ;
#1434 = CARTESIAN_POINT ( 'NONE',  ( 0.000000000000000000, 2.874796947858460960, -1.221451479088013770 ) ) ;
#1435 = COLOUR_RGB ( '',0.2862745098039215508, 0.2862745098039215508, 0.2862745098039215508 ) ;
#1436 = VERTEX_POINT ( 'NONE', #282 ) ;
#1437 = DIRECTION ( 'NONE',  ( 0.000000000000000000, -1.000000000000000000, 0.000000000000000000 ) ) ;
#1438 =( NAMED_UNIT ( * ) PLANE_ANGLE_UNIT ( ) SI_UNIT ( $, .RADIAN. ) );
#1439 = LINE ( 'NONE', #1467, #845 ) ;
#1440 = ADVANCED_FACE ( 'NONE', ( #390 ), #1238, .F. ) ;
#1441 = AXIS2_PLACEMENT_3D ( 'NONE', #1195, #1086, #512 ) ;
#1442 = DIRECTION ( 'NONE',  ( 0.000000000000000000, 0.000000000000000000, -1.000000000000000000 ) ) ;
#1443 = FACE_OUTER_BOUND ( 'NONE', #69, .T. ) ;
#1444 = EDGE_LOOP ( 'NONE', ( #213, #967 ) ) ;
#1445 = FACE_OUTER_BOUND ( 'NONE', #1338, .T. ) ;
#1446 = PRESENTATION_STYLE_ASSIGNMENT (( #517 ) ) ;
#1447 = SURFACE_SIDE_STYLE ('',( #1334 ) ) ;
#1448 = FILL_AREA_STYLE ('',( #1104 ) ) ;
#1449 = PRESENTATION_STYLE_ASSIGNMENT (( #972 ) ) ;
#1450 = STYLED_ITEM ( 'NONE', ( #212 ), #530 ) ;
#1451 = FACE_OUTER_BOUND ( 'NONE', #254, .T. ) ;
#1452 = ORIENTED_EDGE ( 'NONE', *, *, #412, .T. ) ;
#1453 = SURFACE_SIDE_STYLE ('',( #1339 ) ) ;
#1454 = PLANE ( 'NONE',  #729 ) ;
#1455 = SURFACE_STYLE_FILL_AREA ( #1103 ) ;
#1456 = MECHANICAL_DESIGN_GEOMETRIC_PRESENTATION_REPRESENTATION (  '', ( #981 ), #701 ) ;
#1457 = PRODUCT_DEFINITION_FORMATION_WITH_SPECIFIED_SOURCE ( 'ANY', '', #319, .NOT_KNOWN. ) ;
#1458 =( NAMED_UNIT ( * ) PLANE_ANGLE_UNIT ( ) SI_UNIT ( $, .RADIAN. ) );
#1459 = CARTESIAN_POINT ( 'NONE',  ( 0.000000000000000000, 2.374796947858460960, 0.000000000000000000 ) ) ;
#1460 = ORIENTED_EDGE ( 'NONE', *, *, #1071, .F. ) ;
#1461 = ADVANCED_FACE ( 'NONE', ( #54 ), #31, .F. ) ;
#1462 = EDGE_CURVE ( 'NONE', #1382, #1283, #207, .T. ) ;
#1463 = CARTESIAN_POINT ( 'NONE',  ( 0.000000000000000000, 3.649999999999998579, 0.000000000000000000 ) ) ;
#1464 = SURFACE_STYLE_FILL_AREA ( #1481 ) ;
#1465 = STYLED_ITEM ( 'NONE', ( #641 ), #163 ) ;
#1466 = ADVANCED_FACE ( 'NONE', ( #990 ), #540, .T. ) ;
#1467 = CARTESIAN_POINT ( 'NONE',  ( 0.000000000000000000, 0.000000000000000000, -2.350000000000000089 ) ) ;
#1468 = DIRECTION ( 'NONE',  ( 0.000000000000000000, 0.000000000000000000, -1.000000000000000000 ) ) ;
#1469 = ORIENTED_EDGE ( 'NONE', *, *, #1032, .T. ) ;
#1470 = MANIFOLD_SOLID_BREP ( 'Boss-Extrude1', #1433 ) ;
#1471 = COLOUR_RGB ( '',0.8431372549019607865, 0.8431372549019607865, 0.8431372549019607865 ) ;
#1472 =( NAMED_UNIT ( * ) PLANE_ANGLE_UNIT ( ) SI_UNIT ( $, .RADIAN. ) );
#1473 = VECTOR ( 'NONE', #921, 1000.000000000000000 ) ;
#1474 = SURFACE_SIDE_STYLE ('',( #313 ) ) ;
#1475 = CARTESIAN_POINT ( 'NONE',  ( 0.000000000000000000, 2.374796947858460960, 0.000000000000000000 ) ) ;
#1476 = DIRECTION ( 'NONE',  ( 0.000000000000000000, 0.000000000000000000, -1.000000000000000000 ) ) ;
#1477 = AXIS2_PLACEMENT_3D ( 'NONE', #214, #1437, #90 ) ;
#1478 = ORIENTED_EDGE ( 'NONE', *, *, #841, .T. ) ;
#1479 = ORIENTED_EDGE ( 'NONE', *, *, #183, .F. ) ;
#1480 = SURFACE_STYLE_USAGE ( .BOTH. , #1376 ) ;
#1481 = FILL_AREA_STYLE ('',( #1224 ) ) ;
#1482 = FILL_AREA_STYLE ('',( #209 ) ) ;
#1483 = CARTESIAN_POINT ( 'NONE',  ( 4.286263797015713176E-17, 2.974796947858460605, 0.09999999999999635569 ) ) ;
#1484 = COLOUR_RGB ( '',0.8431372549019607865, 0.8431372549019607865, 0.8431372549019607865 ) ;
#1485 = STYLED_ITEM ( 'NONE', ( #807 ), #1404 ) ;
#1486 = CIRCLE ( 'NONE', #253, 1.721451479088013770 ) ;
#1487 = ORIENTED_EDGE ( 'NONE', *, *, #618, .F. ) ;
#1488 =( GEOMETRIC_REPRESENTATION_CONTEXT ( 3 ) GLOBAL_UNCERTAINTY_ASSIGNED_CONTEXT ( ( #487 ) ) GLOBAL_UNIT_ASSIGNED_CONTEXT ( ( #513, #184, #1153 ) ) REPRESENTATION_CONTEXT ( 'NONE', 'WORKASPACE' ) );
#1489 =( GEOMETRIC_REPRESENTATION_CONTEXT ( 3 ) GLOBAL_UNCERTAINTY_ASSIGNED_CONTEXT ( ( #367 ) ) GLOBAL_UNIT_ASSIGNED_CONTEXT ( ( #795, #672, #235 ) ) REPRESENTATION_CONTEXT ( 'NONE', 'WORKASPACE' ) );
#1490 =( NAMED_UNIT ( * ) PLANE_ANGLE_UNIT ( ) SI_UNIT ( $, .RADIAN. ) );
#1491 = PRESENTATION_STYLE_ASSIGNMENT (( #330 ) ) ;
#1492 =( NAMED_UNIT ( * ) SI_UNIT ( $, .STERADIAN. ) SOLID_ANGLE_UNIT ( ) );
#1493 = ADVANCED_FACE ( 'NONE', ( #1125 ), #1008, .F. ) ;
#1494 = ORIENTED_EDGE ( 'NONE', *, *, #938, .F. ) ;
#1495 = ORIENTED_EDGE ( 'NONE', *, *, #1071, .T. ) ;
#1496 = SURFACE_STYLE_USAGE ( .BOTH. , #1258 ) ;
#1497 = DIRECTION ( 'NONE',  ( 0.000000000000000000, 0.000000000000000000, -1.000000000000000000 ) ) ;
#1498 = MECHANICAL_DESIGN_GEOMETRIC_PRESENTATION_REPRESENTATION (  '', ( #241 ), #123 ) ;
#1499 = ORIENTED_EDGE ( 'NONE', *, *, #52, .T. ) ;
#1500 =( GEOMETRIC_REPRESENTATION_CONTEXT ( 3 ) GLOBAL_UNCERTAINTY_ASSIGNED_CONTEXT ( ( #384 ) ) GLOBAL_UNIT_ASSIGNED_CONTEXT ( ( #70, #522, #739 ) ) REPRESENTATION_CONTEXT ( 'NONE', 'WORKASPACE' ) );
#1501 = VERTEX_POINT ( 'NONE', #1171 ) ;
#1502 = PRESENTATION_LAYER_ASSIGNMENT (  '', '', ( #1450 ) ) ;
#1503 = SURFACE_STYLE_USAGE ( .BOTH. , #1365 ) ;
#1504 = DIRECTION ( 'NONE',  ( 0.000000000000000000, 0.000000000000000000, -1.000000000000000000 ) ) ;
#1505 =( NAMED_UNIT ( * ) SI_UNIT ( $, .STERADIAN. ) SOLID_ANGLE_UNIT ( ) );
ENDSEC;
END-ISO-10303-21;
