ISO-10303-21;
HEADER;
FILE_DESCRIPTION (( 'STEP AP214' ),
    '1' );
FILE_NAME ('WSC251527R00FEA.STEP',
    '2024-07-13T06:17:28',
    ( '' ),
    ( '' ),
    'SwSTEP 2.0',
    'SolidWorks 2023',
    '' );
FILE_SCHEMA (( 'AUTOMOTIVE_DESIGN' ));
ENDSEC;

DATA;
#1 = CARTESIAN_POINT ( 'NONE',  ( 0.04921259842519684624, -0.07499999999999999722, 0.001968503937007873988 ) ) ;
#2 = ORIENTED_EDGE ( 'NONE', *, *, #5293, .T. ) ;
#3 = FILL_AREA_STYLE ('',( #1892 ) ) ;
#4 = DIRECTION ( 'NONE',  ( 1.000000000000000000, 0.000000000000000000, -0.000000000000000000 ) ) ;
#5 = CARTESIAN_POINT ( 'NONE',  ( 0.02204724409448819214, 0.03897637795275602640, 0.07874015748031495954 ) ) ;
#6 = FILL_AREA_STYLE_COLOUR ( '', #1543 ) ;
#7 =( NAMED_UNIT ( * ) SI_UNIT ( $, .STERADIAN. ) SOLID_ANGLE_UNIT ( ) );
#8 = PLANE ( 'NONE',  #3365 ) ;
#9 =( BOUNDED_SURFACE ( )  B_SPLINE_SURFACE ( 3, 3, ( 
 ( #1162, #244, #2113, #5024 ),
 ( #691, #2172, #4995, #3580 ),
 ( #2623, #634, #2679, #212 ),
 ( #5537, #4544, #4103, #4129 ) ),
 .UNSPECIFIED., .F., .F., .T. ) 
 B_SPLINE_SURFACE_WITH_KNOTS ( ( 4, 4 ),
 ( 4, 4 ),
 ( 0.000000000000000000, 1.000000000000000000 ),
 ( 0.000000000000000000, 1.000000000000000000 ),
 .UNSPECIFIED. ) 
 GEOMETRIC_REPRESENTATION_ITEM ( )  RATIONAL_B_SPLINE_SURFACE ( (
 ( 1.000000000000000000, 0.3333333333333315940, 0.3333333333333315940, 1.000000000000000000),
 ( 0.9245018060306359198, 0.3081672686768770486, 0.3081672686768770486, 0.9245018060306359198),
 ( 0.9245018060306359198, 0.3081672686768770486, 0.3081672686768770486, 0.9245018060306359198),
 ( 1.000000000000000000, 0.3333333333333315940, 0.3333333333333315940, 1.000000000000000000) ) ) 
 REPRESENTATION_ITEM ( '' )  SURFACE ( )  );
#10 = AXIS2_PLACEMENT_3D ( 'NONE', #411, #2826, #4206 ) ;
#11 = ORIENTED_EDGE ( 'NONE', *, *, #5762, .F. ) ;
#12 = DIRECTION ( 'NONE',  ( 0.000000000000000000, -1.000000000000000000, -0.000000000000000000 ) ) ;
#13 = EDGE_CURVE ( 'NONE', #2033, #4542, #4588, .T. ) ;
#14 = CARTESIAN_POINT ( 'NONE',  ( 0.02186227786299388409, -0.04878724271297029541, 0.0002029116871948814392 ) ) ;
#15 = CIRCLE ( 'NONE', #220, 0.0003937007874015758277 ) ;
#16 = STYLED_ITEM ( 'NONE', ( #2995 ), #5011 ) ;
#17 = UNCERTAINTY_MEASURE_WITH_UNIT (LENGTH_MEASURE( 1.000000000000000082E-05 ), #724, 'distance_accuracy_value', 'NONE');
#18 = AXIS2_PLACEMENT_3D ( 'NONE', #5908, #5364, #4839 ) ;
#19 = PRESENTATION_STYLE_ASSIGNMENT (( #4423 ) ) ;
#20 = DIRECTION ( 'NONE',  ( 0.4082482904638600751, -0.8164965809277291431, 0.4082482904638600751 ) ) ;
#21 = ORIENTED_EDGE ( 'NONE', *, *, #6198, .F. ) ;
#22 = STYLED_ITEM ( 'NONE', ( #977 ), #5102 ) ;
#23 = STYLED_ITEM ( 'NONE', ( #373 ), #2065 ) ;
#24 =( CONVERSION_BASED_UNIT ( 'INCH', #1481 ) LENGTH_UNIT ( ) NAMED_UNIT ( #1369 ) );
#25 = FILL_AREA_STYLE_COLOUR ( '', #3214 ) ;
#26 = PRODUCT_RELATED_PRODUCT_CATEGORY ( 'part', '', ( #1044 ) ) ;
#27 = CARTESIAN_POINT ( 'NONE',  ( 0.1190944881889763746, 0.07303149606299212671, 0.005905511811023621965 ) ) ;
#28 =( GEOMETRIC_REPRESENTATION_CONTEXT ( 3 ) GLOBAL_UNCERTAINTY_ASSIGNED_CONTEXT ( ( #1618 ) ) GLOBAL_UNIT_ASSIGNED_CONTEXT ( ( #1887, #3843, #2308 ) ) REPRESENTATION_CONTEXT ( 'NONE', 'WORKASPACE' ) );
#29 = LENGTH_MEASURE_WITH_UNIT ( LENGTH_MEASURE( 0.02539999999999999897 ), #3363 );
#30 = CARTESIAN_POINT ( 'NONE',  ( 0.02244094488188973224, 0.03897637795275601946, -0.07857708127465629078 ) ) ;
#31 = PRODUCT_DEFINITION_SHAPE ( 'NONE', 'NONE',  #6291 ) ;
#32 = LENGTH_MEASURE_WITH_UNIT ( LENGTH_MEASURE( 0.02539999999999999897 ), #4771 );
#33 = FACE_OUTER_BOUND ( 'NONE', #4146, .T. ) ;
#34 = AXIS2_PLACEMENT_3D ( 'NONE', #3036, #146, #1590 ) ;
#35 = EDGE_CURVE ( 'NONE', #2581, #6253, #5254, .T. ) ;
#36 = CARTESIAN_POINT ( 'NONE',  ( -0.1190944881889763746, -0.07499999999999999722, 0.1228740157480315009 ) ) ;
#37 = ORIENTED_EDGE ( 'NONE', *, *, #4872, .T. ) ;
#38 =( NAMED_UNIT ( * ) PLANE_ANGLE_UNIT ( ) SI_UNIT ( $, .RADIAN. ) );
#39 = AXIS2_PLACEMENT_3D ( 'NONE', #5340, #5993, #5028 ) ;
#40 = VERTEX_POINT ( 'NONE', #3333 ) ;
#41 = ADVANCED_FACE ( 'NONE', ( #476 ), #508, .T. ) ;
#42 = ADVANCED_FACE ( 'NONE', ( #3878 ), #4748, .T. ) ;
#43 = SURFACE_STYLE_USAGE ( .BOTH. , #2427 ) ;
#44 = DIRECTION ( 'NONE',  ( -0.000000000000000000, 0.000000000000000000, -1.000000000000000000 ) ) ;
#45 = ORIENTED_EDGE ( 'NONE', *, *, #4045, .F. ) ;
#46 =( CONVERSION_BASED_UNIT ( 'INCH', #1025 ) LENGTH_UNIT ( ) NAMED_UNIT ( #5724 ) );
#47 = UNCERTAINTY_MEASURE_WITH_UNIT (LENGTH_MEASURE( 1.000000000000000082E-05 ), #3396, 'distance_accuracy_value', 'NONE');
#48 = STYLED_ITEM ( 'NONE', ( #1663 ), #92 ) ;
#49 = DIMENSIONAL_EXPONENTS ( 1.000000000000000000, 0.000000000000000000, 0.000000000000000000, 0.000000000000000000, 0.000000000000000000, 0.000000000000000000, 0.000000000000000000 ) ;
#50 = ORIENTED_EDGE ( 'NONE', *, *, #5645, .F. ) ;
#51 = CARTESIAN_POINT ( 'NONE',  ( 0.03106900915822421658, -0.03897637795275578354, -0.07913385826771651699 ) ) ;
#52 = CARTESIAN_POINT ( 'NONE',  ( 0.02221271762298270697, -0.04924396235552742918, -0.0007905864797743376859 ) ) ;
#53 =( BOUNDED_CURVE ( )  B_SPLINE_CURVE ( 3, ( #1306, #5186, #5222, #945 ),
 .UNSPECIFIED., .F., .T. ) 
 B_SPLINE_CURVE_WITH_KNOTS ( ( 4, 4 ),
 ( 0.000000000000000000, 1.570796326794875020 ),
 .UNSPECIFIED. ) 
 CURVE ( )  GEOMETRIC_REPRESENTATION_ITEM ( )  RATIONAL_B_SPLINE_CURVE ( ( 1.000000000000000000, 0.8047378541243699335, 0.8047378541243699335, 1.000000000000000000 ) ) 
 REPRESENTATION_ITEM ( '' )  );
#54 = DIRECTION ( 'NONE',  ( 0.000000000000000000, 1.000000000000000000, 0.000000000000000000 ) ) ;
#55 = PLANE ( 'NONE',  #2297 ) ;
#56 = DIRECTION ( 'NONE',  ( 2.913971193241879780E-16, -1.000000000000000000, 0.000000000000000000 ) ) ;
#57 = ORIENTED_EDGE ( 'NONE', *, *, #3302, .F. ) ;
#58 = AXIS2_PLACEMENT_3D ( 'NONE', #2382, #5259, #4234 ) ;
#59 = LENGTH_MEASURE_WITH_UNIT ( LENGTH_MEASURE( 0.02539999999999999897 ), #4431 );
#60 = CARTESIAN_POINT ( 'NONE',  ( 0.02204724409448819214, -0.03976377952755905804, 0.08228346456692912925 ) ) ;
#61 = CARTESIAN_POINT ( 'NONE',  ( 0.02244094488188980163, -0.03973653512327530307, 0.07863616828879814447 ) ) ;
#62 =( REPRESENTATION_RELATIONSHIP ('NONE','NONE', #1987, #5896 ) REPRESENTATION_RELATIONSHIP_WITH_TRANSFORMATION ( #4134 )SHAPE_REPRESENTATION_RELATIONSHIP( ) );
#63 = COLOUR_RGB ( '',0.8313725490196077761, 0.8313725490196077761, 0.8313725490196077761 ) ;
#64 = EDGE_CURVE ( 'NONE', #1632, #3951, #4277, .T. ) ;
#65 = DIRECTION ( 'NONE',  ( 0.4082482904638599641, 0.8164965809277247022, -0.4082482904638687349 ) ) ;
#66 =( CONVERSION_BASED_UNIT ( 'INCH', #2541 ) LENGTH_UNIT ( ) NAMED_UNIT ( #459 ) );
#67 = COLOUR_RGB ( '',0.2862745098039215508, 0.2862745098039215508, 0.2862745098039215508 ) ;
#68 = CARTESIAN_POINT ( 'NONE',  ( 0.02228890275640518087, -0.03975077669512747797, 0.08271071283933995044 ) ) ;
#69 = ADVANCED_FACE ( 'NONE', ( #6224 ), #358, .T. ) ;
#70 = VERTEX_POINT ( 'NONE', #1897 ) ;
#71 = LINE ( 'NONE', #1998, #3060 ) ;
#72 = DIRECTION ( 'NONE',  ( 0.000000000000000000, 1.000000000000000000, 0.000000000000000000 ) ) ;
#73 = EDGE_LOOP ( 'NONE', ( #1785, #4418, #582, #3376, #3506, #3515, #5235, #1150, #3124, #5900, #1530, #390 ) ) ;
#74 = SURFACE_STYLE_FILL_AREA ( #3348 ) ;
#75 = FILL_AREA_STYLE_COLOUR ( '', #2410 ) ;
#76 = LINE ( 'NONE', #1057, #3421 ) ;
#77 = EDGE_LOOP ( 'NONE', ( #4723, #1648, #4844, #1184 ) ) ;
#78 = DIRECTION ( 'NONE',  ( 0.000000000000000000, 1.000000000000000000, 0.000000000000000000 ) ) ;
#79 = STYLED_ITEM ( 'NONE', ( #562 ), #2216 ) ;
#80 = EDGE_CURVE ( 'NONE', #1570, #5582, #1459, .T. ) ;
#81 = ORIENTED_EDGE ( 'NONE', *, *, #6162, .T. ) ;
#82 =( GEOMETRIC_REPRESENTATION_CONTEXT ( 3 ) GLOBAL_UNCERTAINTY_ASSIGNED_CONTEXT ( ( #4543 ) ) GLOBAL_UNIT_ASSIGNED_CONTEXT ( ( #2132, #232, #4036 ) ) REPRESENTATION_CONTEXT ( 'NONE', 'WORKASPACE' ) );
#83 = CIRCLE ( 'NONE', #2708, 0.001968503937007869652 ) ;
#84 = DIRECTION ( 'NONE',  ( 1.000000000000000000, 0.000000000000000000, 0.000000000000000000 ) ) ;
#85 = DIRECTION ( 'NONE',  ( -0.000000000000000000, -0.000000000000000000, -1.000000000000000000 ) ) ;
#86 =( LENGTH_UNIT ( ) NAMED_UNIT ( * ) SI_UNIT ( $, .METRE. ) );
#87 = DIRECTION ( 'NONE',  ( 1.000000000000000000, 0.000000000000000000, -0.000000000000000000 ) ) ;
#88 = B_SPLINE_CURVE_WITH_KNOTS ( 'NONE', 3,
 ( #4453, #467, #5897, #4422, #1032, #3488, #2980, #5794, #1004 ),
 .UNSPECIFIED., .F., .F.,
 ( 4, 1, 2, 2, 4 ),
 ( 0.000000000000000000, 0.2500000000000013878, 0.3750000000000018874, 0.5000000000000024425, 1.000000000000000000 ),
 .UNSPECIFIED. ) ;
#89 = PRODUCT_DEFINITION_SHAPE ( 'NONE', 'NONE',  #3184 ) ;
#90 = VERTEX_POINT ( 'NONE', #4178 ) ;
#91 = SURFACE_STYLE_FILL_AREA ( #2620 ) ;
#92 = ADVANCED_FACE ( 'NONE', ( #6055 ), #1697, .F. ) ;
#93 =( LENGTH_UNIT ( ) NAMED_UNIT ( * ) SI_UNIT ( $, .METRE. ) );
#94 = DIRECTION ( 'NONE',  ( 0.000000000000000000, -0.000000000000000000, -1.000000000000000000 ) ) ;
#95 = FILL_AREA_STYLE_COLOUR ( '', #5448 ) ;
#96 = PLANE ( 'NONE',  #405 ) ;
#97 = UNCERTAINTY_MEASURE_WITH_UNIT (LENGTH_MEASURE( 1.000000000000000082E-05 ), #1343, 'distance_accuracy_value', 'NONE');
#98 = VECTOR ( 'NONE', #2206, 39.37007874015748143 ) ;
#99 = CARTESIAN_POINT ( 'NONE',  ( 0.1190944881889763746, -0.03749999999999999861, 0.005905511811023621965 ) ) ;
#100 = FILL_AREA_STYLE ('',( #5883 ) ) ;
#101 = EDGE_LOOP ( 'NONE', ( #5414, #3038, #888, #3672, #2157 ) ) ;
#102 =( NAMED_UNIT ( * ) PLANE_ANGLE_UNIT ( ) SI_UNIT ( $, .RADIAN. ) );
#103 = VERTEX_POINT ( 'NONE', #5611 ) ;
#104 = CARTESIAN_POINT ( 'NONE',  ( -0.04921259842519684624, 0.03749999999999999861, 0.001968503937007873988 ) ) ;
#105 = CARTESIAN_POINT ( 'NONE',  ( 0.02241460551533253770, -0.04863924696456875529, 0.0002014202167422527866 ) ) ;
#106 = ORIENTED_EDGE ( 'NONE', *, *, #785, .T. ) ;
#107 = CARTESIAN_POINT ( 'NONE',  ( -0.1190944881889763884, 0.07303149606299212671, 0.1228740157480315009 ) ) ;
#108 = UNCERTAINTY_MEASURE_WITH_UNIT (LENGTH_MEASURE( 1.000000000000000082E-05 ), #990, 'distance_accuracy_value', 'NONE');
#109 = STYLED_ITEM ( 'NONE', ( #507 ), #558 ) ;
#110 = UNCERTAINTY_MEASURE_WITH_UNIT (LENGTH_MEASURE( 1.000000000000000082E-05 ), #5221, 'distance_accuracy_value', 'NONE');
#111 = ORIENTED_EDGE ( 'NONE', *, *, #6268, .F. ) ;
#112 = CIRCLE ( 'NONE', #5476, 0.0003937007874015748519 ) ;
#113 = PRESENTATION_STYLE_ASSIGNMENT (( #4452 ) ) ;
#114 = SURFACE_STYLE_FILL_AREA ( #3391 ) ;
#115 = DIRECTION ( 'NONE',  ( 0.000000000000000000, 0.000000000000000000, 1.000000000000000000 ) ) ;
#116 = LINE ( 'NONE', #1592, #1616 ) ;
#117 = CARTESIAN_POINT ( 'NONE',  ( 0.02244094488188978428, 0.03897637795275602640, -0.07834645669291340209 ) ) ;
#118 = CIRCLE ( 'NONE', #1710, 0.0003937007874015758277 ) ;
#119 = VERTEX_POINT ( 'NONE', #2247 ) ;
#120 = SURFACE_STYLE_USAGE ( .BOTH. , #2017 ) ;
#121 = EDGE_CURVE ( 'NONE', #3615, #2903, #1262, .T. ) ;
#122 = DIRECTION ( 'NONE',  ( 1.000000000000000000, 4.513101726118519957E-17, 0.000000000000000000 ) ) ;
#123 = STYLED_ITEM ( 'NONE', ( #6233 ), #1689 ) ;
#124 = DIRECTION ( 'NONE',  ( -1.000000000000000000, -4.513101726118519957E-17, -0.000000000000000000 ) ) ;
#125 = PLANE ( 'NONE',  #535 ) ;
#126 = CARTESIAN_POINT ( 'NONE',  ( 0.02227454735007467282, -0.03953647627197259817, 0.08251076782251556829 ) ) ;
#127 = CARTESIAN_POINT ( 'NONE',  ( 0.02244094488188976694, -0.03976377952755898171, -0.07867260910423076736 ) ) ;
#128 = FILL_AREA_STYLE ('',( #187 ) ) ;
#129 = AXIS2_PLACEMENT_3D ( 'NONE', #5565, #2170, #5595 ) ;
#130 = VECTOR ( 'NONE', #2749, 39.37007874015748143 ) ;
#131 =( NAMED_UNIT ( * ) SI_UNIT ( $, .STERADIAN. ) SOLID_ANGLE_UNIT ( ) );
#132 =( GEOMETRIC_REPRESENTATION_CONTEXT ( 3 ) GLOBAL_UNCERTAINTY_ASSIGNED_CONTEXT ( ( #4344 ) ) GLOBAL_UNIT_ASSIGNED_CONTEXT ( ( #1370, #4320, #5802 ) ) REPRESENTATION_CONTEXT ( 'NONE', 'WORKASPACE' ) );
#133 = ORIENTED_EDGE ( 'NONE', *, *, #13, .T. ) ;
#134 = CARTESIAN_POINT ( 'NONE',  ( 0.02204724409448819214, 0.03937007874015760467, 0.07913385826771651699 ) ) ;
#135 = DIRECTION ( 'NONE',  ( 0.5773502691896257311, -0.5773502691896257311, 0.5773502691896257311 ) ) ;
#136 = VERTEX_POINT ( 'NONE', #3593 ) ;
#137 = PRODUCT ( 'Lead', 'Lead', '', ( #339 ) ) ;
#138 = VERTEX_POINT ( 'NONE', #3190 ) ;
#139 = DIRECTION ( 'NONE',  ( 0.000000000000000000, -1.000000000000000000, -0.000000000000000000 ) ) ;
#140 = STYLED_ITEM ( 'NONE', ( #4210 ), #4171 ) ;
#141 = VERTEX_POINT ( 'NONE', #1225 ) ;
#142 = ADVANCED_FACE ( 'NONE', ( #5093 ), #3257, .T. ) ;
#143 = STYLED_ITEM ( 'NONE', ( #5602 ), #4372 ) ;
#144 = ADVANCED_FACE ( 'NONE', ( #4711 ), #5415, .T. ) ;
#145 = FILL_AREA_STYLE ('',( #4919 ) ) ;
#146 = DIRECTION ( 'NONE',  ( 1.000000000000000000, 4.749352646498039829E-16, -0.000000000000000000 ) ) ;
#147 =( CONVERSION_BASED_UNIT ( 'INCH', #1591 ) LENGTH_UNIT ( ) NAMED_UNIT ( #5510 ) );
#148 = CARTESIAN_POINT ( 'NONE',  ( 0.02222331243917321369, 0.04897418393346454624, -0.0003937007874015749061 ) ) ;
#149 = FILL_AREA_STYLE ('',( #1593 ) ) ;
#150 = ORIENTED_EDGE ( 'NONE', *, *, #2598, .T. ) ;
#151 = CARTESIAN_POINT ( 'NONE',  ( -0.04839721739690334978, 0.07418461897170651465, 6.041724752215789754E-19 ) ) ;
#152 = CARTESIAN_POINT ( 'NONE',  ( 0.03106900915822421658, -0.03897637795275583211, -0.07874015748031494566 ) ) ;
#153 = FACE_OUTER_BOUND ( 'NONE', #2067, .T. ) ;
#154 = FACE_OUTER_BOUND ( 'NONE', #3687, .T. ) ;
#155 = ADVANCED_FACE ( 'NONE', ( #6178 ), #6220, .T. ) ;
#156 = CYLINDRICAL_SURFACE ( 'NONE', #39, 0.001968503937007873988 ) ;
#157 = EDGE_CURVE ( 'NONE', #5338, #2518, #6049, .T. ) ;
#158 = DIRECTION ( 'NONE',  ( 0.000000000000000000, 1.000000000000000000, 0.000000000000000000 ) ) ;
#159 = SURFACE_STYLE_USAGE ( .BOTH. , #644 ) ;
#160 = LENGTH_MEASURE_WITH_UNIT ( LENGTH_MEASURE( 0.02539999999999999897 ), #5909 );
#161 = EDGE_LOOP ( 'NONE', ( #295, #5309, #913, #2163, #1287 ) ) ;
#162 = SURFACE_STYLE_USAGE ( .BOTH. , #5175 ) ;
#163 = VECTOR ( 'NONE', #298, 39.37007874015748143 ) ;
#164 =( LENGTH_UNIT ( ) NAMED_UNIT ( * ) SI_UNIT ( $, .METRE. ) );
#165 = ORIENTED_EDGE ( 'NONE', *, *, #3052, .F. ) ;
#166 = COLOUR_RGB ( '',0.8313725490196077761, 0.8313725490196077761, 0.8313725490196077761 ) ;
#167 = EDGE_CURVE ( 'NONE', #3595, #1781, #5860, .T. ) ;
#168 = CARTESIAN_POINT ( 'NONE',  ( 0.02204724409448819214, -0.04862204724409449619, 0.000000000000000000 ) ) ;
#169 = ORIENTED_EDGE ( 'NONE', *, *, #281, .T. ) ;
#170 = FILL_AREA_STYLE_COLOUR ( '', #5677 ) ;
#171 =( GEOMETRIC_REPRESENTATION_CONTEXT ( 3 ) GLOBAL_UNCERTAINTY_ASSIGNED_CONTEXT ( ( #2881 ) ) GLOBAL_UNIT_ASSIGNED_CONTEXT ( ( #5669, #2788, #5192 ) ) REPRESENTATION_CONTEXT ( 'NONE', 'WORKASPACE' ) );
#172 = VECTOR ( 'NONE', #620, 39.37007874015748143 ) ;
#173 = DIRECTION ( 'NONE',  ( 1.000000000000000000, 0.000000000000000000, 0.000000000000000000 ) ) ;
#174 = ORIENTED_EDGE ( 'NONE', *, *, #2736, .T. ) ;
#175 = LINE ( 'NONE', #2010, #172 ) ;
#176 = SURFACE_SIDE_STYLE ('',( #4512 ) ) ;
#177 = VERTEX_POINT ( 'NONE', #4443 ) ;
#178 =( BOUNDED_SURFACE ( )  B_SPLINE_SURFACE ( 3, 3, ( 
 ( #3198, #5136, #324, #2256 ),
 ( #4185, #1183, #6157, #3123 ),
 ( #5204, #3749, #865, #5688 ),
 ( #1327, #3277, #2375, #573 ) ),
 .UNSPECIFIED., .F., .F., .T. ) 
 B_SPLINE_SURFACE_WITH_KNOTS ( ( 4, 4 ),
 ( 4, 4 ),
 ( 0.000000000000000000, 1.000000000000000000 ),
 ( 0.000000000000000000, 1.000000000000000000 ),
 .UNSPECIFIED. ) 
 GEOMETRIC_REPRESENTATION_ITEM ( )  RATIONAL_B_SPLINE_SURFACE ( (
 ( 1.000000000000000000, 0.3333333333333313164, 0.3333333333333313164, 1.000000000000000000),
 ( 0.9245018060306412488, 0.3081672686768785474, 0.3081672686768785474, 0.9245018060306412488),
 ( 0.9245018060306412488, 0.3081672686768785474, 0.3081672686768785474, 0.9245018060306412488),
 ( 1.000000000000000000, 0.3333333333333313164, 0.3333333333333313164, 1.000000000000000000) ) ) 
 REPRESENTATION_ITEM ( '' )  SURFACE ( )  );
#179 =( GEOMETRIC_REPRESENTATION_CONTEXT ( 3 ) GLOBAL_UNCERTAINTY_ASSIGNED_CONTEXT ( ( #737 ) ) GLOBAL_UNIT_ASSIGNED_CONTEXT ( ( #4438, #1544, #3724 ) ) REPRESENTATION_CONTEXT ( 'NONE', 'WORKASPACE' ) );
#180 = UNCERTAINTY_MEASURE_WITH_UNIT (LENGTH_MEASURE( 1.000000000000000082E-05 ), #3405, 'distance_accuracy_value', 'NONE');
#181 = COLOUR_RGB ( '',0.7490196078431372584, 0.7490196078431372584, 0.7490196078431372584 ) ;
#182 = CARTESIAN_POINT ( 'NONE',  ( -0.05002797945349035658, 0.07499991257304912395, 0.005924064248884136109 ) ) ;
#183 =( NAMED_UNIT ( * ) SI_UNIT ( $, .STERADIAN. ) SOLID_ANGLE_UNIT ( ) );
#184 = SURFACE_STYLE_FILL_AREA ( #4517 ) ;
#185 = CARTESIAN_POINT ( 'NONE',  ( 0.02223952466514751355, 0.04863924696456877611, 2.633936655721518395E-05 ) ) ;
#186 = FACE_OUTER_BOUND ( 'NONE', #4392, .T. ) ;
#187 = FILL_AREA_STYLE_COLOUR ( '', #4750 ) ;
#188 = SHAPE_REPRESENTATION_RELATIONSHIP ( 'NONE' , 'NONE' ,  #1542, #1754 ) ;
#189 = DIRECTION ( 'NONE',  ( 1.000000000000000000, 0.000000000000000000, 0.000000000000000000 ) ) ;
#190 =( NAMED_UNIT ( * ) PLANE_ANGLE_UNIT ( ) SI_UNIT ( $, .RADIAN. ) );
#191 = CARTESIAN_POINT ( 'NONE',  ( 0.02247449236689903415, 0.03975077669512747103, 0.08252512322884608675 ) ) ;
#192 = ORIENTED_EDGE ( 'NONE', *, *, #4938, .T. ) ;
#193 = COLOUR_RGB ( '',0.7490196078431372584, 0.7490196078431372584, 0.7490196078431372584 ) ;
#194 = AXIS2_PLACEMENT_3D ( 'NONE', #2873, #6153, #6124 ) ;
#195 = STYLED_ITEM ( 'NONE', ( #6122 ), #2794 ) ;
#196 = CARTESIAN_POINT ( 'NONE',  ( 0.1190944881889763746, 0.07303149606299212671, 0.1228740157480315009 ) ) ;
#197 = ORIENTED_EDGE ( 'NONE', *, *, #4105, .F. ) ;
#198 = SURFACE_SIDE_STYLE ('',( #4117 ) ) ;
#199 = DIRECTION ( 'NONE',  ( -1.000000000000000000, 0.000000000000000000, -0.000000000000000000 ) ) ;
#200 = EDGE_LOOP ( 'NONE', ( #1605, #5855, #578, #3601 ) ) ;
#201 = EDGE_CURVE ( 'NONE', #2215, #1671, #1667, .T. ) ;
#202 = DIMENSIONAL_EXPONENTS ( 1.000000000000000000, 0.000000000000000000, 0.000000000000000000, 0.000000000000000000, 0.000000000000000000, 0.000000000000000000, 0.000000000000000000 ) ;
#203 =( GEOMETRIC_REPRESENTATION_CONTEXT ( 3 ) GLOBAL_UNCERTAINTY_ASSIGNED_CONTEXT ( ( #1843 ) ) GLOBAL_UNIT_ASSIGNED_CONTEXT ( ( #5984, #3095, #3170 ) ) REPRESENTATION_CONTEXT ( 'NONE', 'WORKASPACE' ) );
#204 = LENGTH_MEASURE_WITH_UNIT ( LENGTH_MEASURE( 0.02539999999999999897 ), #5015 );
#205 = CARTESIAN_POINT ( 'NONE',  ( 0.000000000000000000, -1.092739197465704702E-17, 0.003937007874015747977 ) ) ;
#206 = CARTESIAN_POINT ( 'NONE',  ( 0.02244094488188972877, 0.03930253036407339862, -0.07857708127465627690 ) ) ;
#207 = ORIENTED_EDGE ( 'NONE', *, *, #5107, .F. ) ;
#208 = CARTESIAN_POINT ( 'NONE',  ( -0.05002797945349035658, 0.07303149606299212671, 0.003937007874015749712 ) ) ;
#209 = EDGE_CURVE ( 'NONE', #5887, #3199, #3317, .T. ) ;
#210 = DIRECTION ( 'NONE',  ( -1.000000000000000000, 0.000000000000000000, 0.000000000000000000 ) ) ;
#211 =( GEOMETRIC_REPRESENTATION_CONTEXT ( 3 ) GLOBAL_UNCERTAINTY_ASSIGNED_CONTEXT ( ( #5726 ) ) GLOBAL_UNIT_ASSIGNED_CONTEXT ( ( #4325, #1487, #4866 ) ) REPRESENTATION_CONTEXT ( 'NONE', 'WORKASPACE' ) );
#212 = CARTESIAN_POINT ( 'NONE',  ( 0.1209312952931980850, -0.07311749466536344999, 0.1238354186013280595 ) ) ;
#213 = CARTESIAN_POINT ( 'NONE',  ( 0.02223952466514751702, 0.04898940866493887297, -0.0003765010669273064219 ) ) ;
#214 = DIRECTION ( 'NONE',  ( 0.000000000000000000, 0.000000000000000000, -1.000000000000000000 ) ) ;
#215 =( BOUNDED_SURFACE ( )  B_SPLINE_SURFACE ( 3, 3, ( 
 ( #268, #5654, #6065, #1708 ),
 ( #3660, #1235, #1030, #5379 ),
 ( #560, #3354, #14, #1473 ),
 ( #1945, #4282, #2978, #3425 ) ),
 .UNSPECIFIED., .F., .F., .F. ) 
 B_SPLINE_SURFACE_WITH_KNOTS ( ( 4, 4 ),
 ( 4, 4 ),
 ( 0.000000000000000000, 1.000000000000000000 ),
 ( 0.000000000000000000, 1.000000000000000000 ),
 .UNSPECIFIED. ) 
 GEOMETRIC_REPRESENTATION_ITEM ( )  RATIONAL_B_SPLINE_SURFACE ( (
 ( 1.000000000000000000, 0.3333333333333326487, 0.3333333333333326487, 1.000000000000000000),
 ( 0.9245018060306394725, 0.3081672686768792135, 0.3081672686768792135, 0.9245018060306394725),
 ( 0.9245018060306394725, 0.3081672686768792135, 0.3081672686768792135, 0.9245018060306394725),
 ( 1.000000000000000000, 0.3333333333333326487, 0.3333333333333326487, 1.000000000000000000) ) ) 
 REPRESENTATION_ITEM ( '' )  SURFACE ( )  );
#216 = DIRECTION ( 'NONE',  ( -1.000000000000000000, -1.956266474113600121E-16, 1.855278142995229963E-34 ) ) ;
#217 = DIRECTION ( 'NONE',  ( 1.000000000000000000, 1.084202172485501657E-13, 0.000000000000000000 ) ) ;
#218 = CARTESIAN_POINT ( 'NONE',  ( 0.02236734215532159772, 0.03953647627197259817, -0.08241797301726865033 ) ) ;
#219 = LINE ( 'NONE', #5573, #4471 ) ;
#220 = AXIS2_PLACEMENT_3D ( 'NONE', #2027, #5335, #5300 ) ;
#221 = PRESENTATION_STYLE_ASSIGNMENT (( #2123 ) ) ;
#222 = VECTOR ( 'NONE', #903, 39.37007874015748143 ) ;
#223 = ORIENTED_EDGE ( 'NONE', *, *, #1266, .T. ) ;
#224 =( GEOMETRIC_REPRESENTATION_CONTEXT ( 3 ) GLOBAL_UNCERTAINTY_ASSIGNED_CONTEXT ( ( #4193 ) ) GLOBAL_UNIT_ASSIGNED_CONTEXT ( ( #272, #3532, #800 ) ) REPRESENTATION_CONTEXT ( 'NONE', 'WORKASPACE' ) );
#225 = SURFACE_SIDE_STYLE ('',( #4556 ) ) ;
#226 = STYLED_ITEM ( 'NONE', ( #4360 ), #5119 ) ;
#227 = FACE_OUTER_BOUND ( 'NONE', #3807, .T. ) ;
#228 = ORIENTED_EDGE ( 'NONE', *, *, #4506, .F. ) ;
#229 = DIRECTION ( 'NONE',  ( 1.000000000000000000, 0.000000000000000000, -0.000000000000000000 ) ) ;
#230 = AXIS2_PLACEMENT_3D ( 'NONE', #2710, #4102, #713 ) ;
#231 = CARTESIAN_POINT ( 'NONE',  ( -0.05118110236220473064, 0.03749999999999999861, 0.001968503937007873988 ) ) ;
#232 =( NAMED_UNIT ( * ) PLANE_ANGLE_UNIT ( ) SI_UNIT ( $, .RADIAN. ) );
#233 = VECTOR ( 'NONE', #2405, 39.37007874015748143 ) ;
#234 = ORIENTED_EDGE ( 'NONE', *, *, #2409, .F. ) ;
#235 = CIRCLE ( 'NONE', #5296, 0.0003937007874015719788 ) ;
#236 = DIRECTION ( 'NONE',  ( 1.000000000000000000, 0.000000000000000000, 0.000000000000000000 ) ) ;
#237 = PLANE ( 'NONE',  #2204 ) ;
#238 = ORIENTED_EDGE ( 'NONE', *, *, #2093, .T. ) ;
#239 = PRESENTATION_LAYER_ASSIGNMENT (  '', '', ( #838 ) ) ;
#240 = UNCERTAINTY_MEASURE_WITH_UNIT (LENGTH_MEASURE( 1.000000000000000082E-05 ), #2653, 'distance_accuracy_value', 'NONE');
#241 = FILL_AREA_STYLE_COLOUR ( '', #1430 ) ;
#242 = FACE_OUTER_BOUND ( 'NONE', #4583, .T. ) ;
#243 = CARTESIAN_POINT ( 'NONE',  ( 0.04921259842519685318, -0.07499999999999999722, 0.000000000000000000 ) ) ;
#244 = CARTESIAN_POINT ( 'NONE',  ( 0.1202310044669087225, -0.07416801234092444683, 0.1240105320259638350 ) ) ;
#245 = CARTESIAN_POINT ( 'NONE',  ( 0.01850393700787405366, 0.03897637795275602640, -0.07874015748031495954 ) ) ;
#246 =( LENGTH_UNIT ( ) NAMED_UNIT ( * ) SI_UNIT ( $, .METRE. ) );
#247 = FILL_AREA_STYLE_COLOUR ( '', #902 ) ;
#248 = DIRECTION ( 'NONE',  ( 0.000000000000000000, -1.000000000000000000, -1.224646799147353207E-16 ) ) ;
#249 = CARTESIAN_POINT ( 'NONE',  ( 0.01850393700787405366, 0.03897637795275602640, 0.07913385826771651699 ) ) ;
#250 = ORIENTED_EDGE ( 'NONE', *, *, #333, .T. ) ;
#251 = ADVANCED_FACE ( 'NONE', ( #516 ), #4877, .T. ) ;
#252 = CARTESIAN_POINT ( 'NONE',  ( -0.02244094488188972877, -0.04901574803149607445, -0.0003937007874015748519 ) ) ;
#253 = EDGE_CURVE ( 'NONE', #5582, #5440, #4112, .T. ) ;
#254 = PRESENTATION_LAYER_ASSIGNMENT (  '', '', ( #4590 ) ) ;
#255 = CIRCLE ( 'NONE', #2175, 0.0003937007874015758277 ) ;
#256 = VERTEX_POINT ( 'NONE', #1463 ) ;
#257 = CARTESIAN_POINT ( 'NONE',  ( 0.000000000000000000, -1.092739197465704702E-17, 0.003937007874015747977 ) ) ;
#258 =( LENGTH_UNIT ( ) NAMED_UNIT ( * ) SI_UNIT ( $, .METRE. ) );
#259 =( GEOMETRIC_REPRESENTATION_CONTEXT ( 3 ) GLOBAL_UNCERTAINTY_ASSIGNED_CONTEXT ( ( #2437 ) ) GLOBAL_UNIT_ASSIGNED_CONTEXT ( ( #3907, #4865, #5876 ) ) REPRESENTATION_CONTEXT ( 'NONE', 'WORKASPACE' ) );
#260 = ORIENTED_EDGE ( 'NONE', *, *, #3914, .T. ) ;
#261 =( GEOMETRIC_REPRESENTATION_CONTEXT ( 3 ) GLOBAL_UNCERTAINTY_ASSIGNED_CONTEXT ( ( #465 ) ) GLOBAL_UNIT_ASSIGNED_CONTEXT ( ( #5343, #3816, #4243 ) ) REPRESENTATION_CONTEXT ( 'NONE', 'WORKASPACE' ) );
#262 =( NAMED_UNIT ( * ) PLANE_ANGLE_UNIT ( ) SI_UNIT ( $, .RADIAN. ) );
#263 = ADVANCED_FACE ( 'NONE', ( #672 ), #5037, .T. ) ;
#264 = STYLED_ITEM ( 'NONE', ( #2669 ), #142 ) ;
#265 = CARTESIAN_POINT ( 'NONE',  ( -0.1190944881889763746, -0.07303149606299212671, 0.1228740157480315009 ) ) ;
#266 = ORIENTED_EDGE ( 'NONE', *, *, #4105, .T. ) ;
#267 = FILL_AREA_STYLE ('',( #3689 ) ) ;
#268 = CARTESIAN_POINT ( 'NONE',  ( 0.02227454735007465894, -0.04884935049968095605, -0.0001663975318151039305 ) ) ;
#269 = DIRECTION ( 'NONE',  ( 0.000000000000000000, 1.734723475976802677E-14, 1.000000000000000000 ) ) ;
#270 =( NAMED_UNIT ( * ) PLANE_ANGLE_UNIT ( ) SI_UNIT ( $, .RADIAN. ) );
#271 = SURFACE_STYLE_USAGE ( .BOTH. , #4597 ) ;
#272 =( CONVERSION_BASED_UNIT ( 'INCH', #3151 ) LENGTH_UNIT ( ) NAMED_UNIT ( #2319 ) );
#273 = COLOUR_RGB ( '',0.2862745098039215508, 0.2862745098039215508, 0.2862745098039215508 ) ;
#274 = APPLICATION_PROTOCOL_DEFINITION ( 'draft international standard', 'automotive_design', 1998, #2196 ) ;
#275 = SURFACE_SIDE_STYLE ('',( #4600 ) ) ;
#276 = CARTESIAN_POINT ( 'NONE',  ( 0.02227454735007465894, -0.04884935049968095605, 0.0001663975318151039305 ) ) ;
#277 = MECHANICAL_DESIGN_GEOMETRIC_PRESENTATION_REPRESENTATION (  '', ( #3325 ), #5126 ) ;
#278 = DIRECTION ( 'NONE',  ( -1.000000000000000000, 0.000000000000000000, 0.000000000000000000 ) ) ;
#279 = EDGE_LOOP ( 'NONE', ( #1342, #5006, #4508, #2695, #626, #2462 ) ) ;
#280 = PRESENTATION_STYLE_ASSIGNMENT (( #3673 ) ) ;
#281 = EDGE_CURVE ( 'NONE', #2033, #1594, #2210, .T. ) ;
#282 = CARTESIAN_POINT ( 'NONE',  ( 0.1200558910422729608, 0.07486830316721389267, 0.005819513208652257047 ) ) ;
#283 = ORIENTED_EDGE ( 'NONE', *, *, #5038, .F. ) ;
#284 = PRESENTATION_STYLE_ASSIGNMENT (( #5556 ) ) ;
#285 = PRESENTATION_LAYER_ASSIGNMENT (  '', '', ( #6054 ) ) ;
#286 =( LENGTH_UNIT ( ) NAMED_UNIT ( * ) SI_UNIT ( $, .METRE. ) );
#287 = FILL_AREA_STYLE ('',( #1698 ) ) ;
#288 = EDGE_LOOP ( 'NONE', ( #1753, #4073, #4585, #5872, #5782 ) ) ;
#289 = PRODUCT_RELATED_PRODUCT_CATEGORY ( 'part', '', ( #4034 ) ) ;
#290 = VECTOR ( 'NONE', #1700, 39.37007874015748143 ) ;
#291 = CARTESIAN_POINT ( 'NONE',  ( -0.1191804867913477534, -0.07399289891628872684, 0.1247108228522532808 ) ) ;
#292 = FILL_AREA_STYLE_COLOUR ( '', #5346 ) ;
#293 = CARTESIAN_POINT ( 'NONE',  ( 0.04921259842519685318, -0.07499999999999999722, 0.000000000000000000 ) ) ;
#294 = CARTESIAN_POINT ( 'NONE',  ( -0.02204724409448815398, -0.04862204724409448925, 0.000000000000000000 ) ) ;
#295 = ORIENTED_EDGE ( 'NONE', *, *, #4991, .F. ) ;
#296 = EDGE_CURVE ( 'NONE', #1888, #1216, #255, .T. ) ;
#297 = FILL_AREA_STYLE ('',( #1265 ) ) ;
#298 = DIRECTION ( 'NONE',  ( 0.000000000000000000, -1.000000000000000000, -0.000000000000000000 ) ) ;
#299 = CARTESIAN_POINT ( 'NONE',  ( -0.04921259842519685318, 0.07439094276228641611, 0.002144323617080788873 ) ) ;
#300 = DIRECTION ( 'NONE',  ( 0.000000000000000000, 0.000000000000000000, 1.000000000000000000 ) ) ;
#301 = DIRECTION ( 'NONE',  ( 0.000000000000000000, 0.000000000000000000, -1.000000000000000000 ) ) ;
#302 = PRESENTATION_LAYER_ASSIGNMENT (  '', '', ( #3965 ) ) ;
#303 = EDGE_CURVE ( 'NONE', #514, #675, #5213, .T. ) ;
#304 = PRESENTATION_LAYER_ASSIGNMENT (  '', '', ( #3558 ) ) ;
#305 = CARTESIAN_POINT ( 'NONE',  ( 0.02227454735007465894, 0.03953647627197259817, -0.08251076782251560993 ) ) ;
#306 = DIRECTION ( 'NONE',  ( 0.000000000000000000, 0.000000000000000000, -1.000000000000000000 ) ) ;
#307 = LINE ( 'NONE', #2235, #2054 ) ;
#308 = DIRECTION ( 'NONE',  ( 0.000000000000000000, -1.000000000000000000, 0.000000000000000000 ) ) ;
#309 = ORIENTED_EDGE ( 'NONE', *, *, #5890, .T. ) ;
#310 =( GEOMETRIC_REPRESENTATION_CONTEXT ( 3 ) GLOBAL_UNCERTAINTY_ASSIGNED_CONTEXT ( ( #5659 ) ) GLOBAL_UNIT_ASSIGNED_CONTEXT ( ( #46, #1503, #1531 ) ) REPRESENTATION_CONTEXT ( 'NONE', 'WORKASPACE' ) );
#311 = SURFACE_SIDE_STYLE ('',( #444 ) ) ;
#312 = AXIS2_PLACEMENT_3D ( 'NONE', #5316, #1366, #2472 ) ;
#313 = CIRCLE ( 'NONE', #2142, 0.0003937007874015748519 ) ;
#314 = DIRECTION ( 'NONE',  ( 0.5773502691896257311, -0.5773502691896040817, -0.5773502691896474914 ) ) ;
#315 = ORIENTED_EDGE ( 'NONE', *, *, #1911, .F. ) ;
#316 = VECTOR ( 'NONE', #5866, 39.37007874015748143 ) ;
#317 = LINE ( 'NONE', #1890, #5865 ) ;
#318 = VERTEX_POINT ( 'NONE', #252 ) ;
#319 = PRESENTATION_LAYER_ASSIGNMENT (  '', '', ( #4156 ) ) ;
#320 = CARTESIAN_POINT ( 'NONE',  ( 0.04999076591806222297, 0.07500000000000003886, 0.004579924920994670259 ) ) ;
#321 = DIMENSIONAL_EXPONENTS ( 1.000000000000000000, 0.000000000000000000, 0.000000000000000000, 0.000000000000000000, 0.000000000000000000, 0.000000000000000000, 0.000000000000000000 ) ;
#322 =( GEOMETRIC_REPRESENTATION_CONTEXT ( 3 ) GLOBAL_UNCERTAINTY_ASSIGNED_CONTEXT ( ( #6011 ) ) GLOBAL_UNIT_ASSIGNED_CONTEXT ( ( #4158, #1676, #5536 ) ) REPRESENTATION_CONTEXT ( 'NONE', 'WORKASPACE' ) );
#323 = CARTESIAN_POINT ( 'NONE',  ( -0.05118110236220473064, 0.07303149606299212671, 0.005905511811023621965 ) ) ;
#324 = CARTESIAN_POINT ( 'NONE',  ( 0.1202310044669086531, 0.07416801234092439132, 0.004768995533091303571 ) ) ;
#325 = ORIENTED_EDGE ( 'NONE', *, *, #1424, .T. ) ;
#326 = ADVANCED_FACE ( 'NONE', ( #2183 ), #701, .T. ) ;
#327 = STYLED_ITEM ( 'NONE', ( #1839 ), #5464 ) ;
#328 = EDGE_CURVE ( 'NONE', #5494, #3199, #779, .T. ) ;
#329 =( NAMED_UNIT ( * ) SI_UNIT ( $, .STERADIAN. ) SOLID_ANGLE_UNIT ( ) );
#330 = LINE ( 'NONE', #4689, #4514 ) ;
#331 = CARTESIAN_POINT ( 'NONE',  ( -0.02204724409448816091, 0.04862204724409448925, 0.000000000000000000 ) ) ;
#332 = DIMENSIONAL_EXPONENTS ( 1.000000000000000000, 0.000000000000000000, 0.000000000000000000, 0.000000000000000000, 0.000000000000000000, 0.000000000000000000, 0.000000000000000000 ) ;
#333 = EDGE_CURVE ( 'NONE', #5272, #1864, #3726, .T. ) ;
#334 = CARTESIAN_POINT ( 'NONE',  ( 0.02165035840211542578, 0.04924396235552745693, 0.0002282272589070940964 ) ) ;
#335 = CARTESIAN_POINT ( 'NONE',  ( 0.1202310044669087086, 0.07416801234092446071, 0.1240105320259638350 ) ) ;
#336 =( LENGTH_UNIT ( ) NAMED_UNIT ( * ) SI_UNIT ( $, .METRE. ) );
#337 =( GEOMETRIC_REPRESENTATION_CONTEXT ( 3 ) GLOBAL_UNCERTAINTY_ASSIGNED_CONTEXT ( ( #5893 ) ) GLOBAL_UNIT_ASSIGNED_CONTEXT ( ( #4273, #5199, #1827 ) ) REPRESENTATION_CONTEXT ( 'NONE', 'WORKASPACE' ) );
#338 = UNCERTAINTY_MEASURE_WITH_UNIT (LENGTH_MEASURE( 1.000000000000000082E-05 ), #4842, 'distance_accuracy_value', 'NONE');
#339 = PRODUCT_CONTEXT ( 'NONE', #2196, 'mechanical' ) ;
#340 = SURFACE_SIDE_STYLE ('',( #6105 ) ) ;
#341 = CARTESIAN_POINT ( 'NONE',  ( 0.02221243956336392891, 0.03916716705296254680, 0.08209849833543486630 ) ) ;
#342 = SURFACE_STYLE_USAGE ( .BOTH. , #2718 ) ;
#343 = ORIENTED_EDGE ( 'NONE', *, *, #2276, .T. ) ;
#344 = ADVANCED_FACE ( 'NONE', ( #3840 ), #6173, .T. ) ;
#345 = AXIS2_PLACEMENT_3D ( 'NONE', #3350, #4308, #6264 ) ;
#346 = FILL_AREA_STYLE_COLOUR ( '', #5648 ) ;
#347 = DIRECTION ( 'NONE',  ( 0.000000000000000000, 0.000000000000000000, -1.000000000000000000 ) ) ;
#348 = ORIENTED_EDGE ( 'NONE', *, *, #4550, .F. ) ;
#349 =( CONVERSION_BASED_UNIT ( 'INCH', #855 ) LENGTH_UNIT ( ) NAMED_UNIT ( #1334 ) );
#350 = CARTESIAN_POINT ( 'NONE',  ( 0.02186227786299392573, -0.04878724271297028153, -0.0002029116871948526265 ) ) ;
#351 =( CONVERSION_BASED_UNIT ( 'INCH', #890 ) LENGTH_UNIT ( ) NAMED_UNIT ( #1400 ) );
#352 = VERTEX_POINT ( 'NONE', #5737 ) ;
#353 = COLOUR_RGB ( '',0.7490196078431372584, 0.7490196078431372584, 0.7490196078431372584 ) ;
#354 = EDGE_CURVE ( 'NONE', #1525, #3734, #4621, .T. ) ;
#355 = DIRECTION ( 'NONE',  ( -1.000000000000000000, 0.000000000000000000, 0.000000000000000000 ) ) ;
#356 = CARTESIAN_POINT ( 'NONE',  ( -0.1222040637461409701, -0.07104706760112827757, 0.1237013833905040855 ) ) ;
#357 = FILL_AREA_STYLE ('',( #292 ) ) ;
#358 = CYLINDRICAL_SURFACE ( 'NONE', #345, 0.0003937007874015758277 ) ;
#359 = SURFACE_SIDE_STYLE ('',( #4245 ) ) ;
#360 = CARTESIAN_POINT ( 'NONE',  ( 0.01850393700787405366, 0.000000000000000000, -0.08267716535433072833 ) ) ;
#361 = VECTOR ( 'NONE', #5140, 39.37007874015748143 ) ;
#362 = CARTESIAN_POINT ( 'NONE',  ( 0.01850393700787405366, 0.03937007874015749365, -0.08267716535433072833 ) ) ;
#363 = ORIENTED_EDGE ( 'NONE', *, *, #509, .F. ) ;
#364 =( CONVERSION_BASED_UNIT ( 'INCH', #5170 ) LENGTH_UNIT ( ) NAMED_UNIT ( #2882 ) );
#365 =( NAMED_UNIT ( * ) SI_UNIT ( $, .STERADIAN. ) SOLID_ANGLE_UNIT ( ) );
#366 = FILL_AREA_STYLE_COLOUR ( '', #4696 ) ;
#367 = CARTESIAN_POINT ( 'NONE',  ( 0.1199204655333553360, 0.07601455843597434980, 0.1219491845905601030 ) ) ;
#368 =( NAMED_UNIT ( * ) SI_UNIT ( $, .STERADIAN. ) SOLID_ANGLE_UNIT ( ) );
#369 = PRESENTATION_LAYER_ASSIGNMENT (  '', '', ( #6035 ) ) ;
#370 = DIMENSIONAL_EXPONENTS ( 1.000000000000000000, 0.000000000000000000, 0.000000000000000000, 0.000000000000000000, 0.000000000000000000, 0.000000000000000000, 0.000000000000000000 ) ;
#371 = CARTESIAN_POINT ( 'NONE',  ( -0.05118110236220473064, -0.07303149606299212671, 0.005905511811023621965 ) ) ;
#372 = MECHANICAL_DESIGN_GEOMETRIC_PRESENTATION_REPRESENTATION (  '', ( #478 ), #1991 ) ;
#373 = PRESENTATION_STYLE_ASSIGNMENT (( #342 ) ) ;
#374 = CARTESIAN_POINT ( 'NONE',  ( 0.1190944881889763746, -0.07479217950984234919, 0.005025170087598515925 ) ) ;
#375 = EDGE_LOOP ( 'NONE', ( #1328, #2401, #2636, #3431 ) ) ;
#376 = DIMENSIONAL_EXPONENTS ( 1.000000000000000000, 0.000000000000000000, 0.000000000000000000, 0.000000000000000000, 0.000000000000000000, 0.000000000000000000, 0.000000000000000000 ) ;
#377 = PRESENTATION_LAYER_ASSIGNMENT (  '', '', ( #1379 ) ) ;
#378 = EDGE_LOOP ( 'NONE', ( #1384, #6141, #6158, #3034 ) ) ;
#379 = CARTESIAN_POINT ( 'NONE',  ( -0.05010341070313550915, 0.07499999999999999722, 0.004762244178191358916 ) ) ;
#380 = CARTESIAN_POINT ( 'NONE',  ( 0.1201913165511905995, -0.07587913292705678048, 0.006965768477412724591 ) ) ;
#381 = ADVANCED_FACE ( 'NONE', ( #6246 ), #2342, .T. ) ;
#382 = ORIENTED_EDGE ( 'NONE', *, *, #4181, .F. ) ;
#383 = CARTESIAN_POINT ( 'NONE',  ( -0.04921259842519684624, 0.07499999999999999722, 0.001968503937007873988 ) ) ;
#384 = CARTESIAN_POINT ( 'NONE',  ( 0.02204724409448819214, -0.04901574803149608139, 0.0003937007874015748519 ) ) ;
#385 = CARTESIAN_POINT ( 'NONE',  ( 0.02236734215532159425, -0.03953647627197257736, -0.08241797301726862257 ) ) ;
#386 = FACE_OUTER_BOUND ( 'NONE', #1699, .T. ) ;
#387 = FACE_OUTER_BOUND ( 'NONE', #847, .T. ) ;
#388 = CARTESIAN_POINT ( 'NONE',  ( 0.1191804867913477672, 0.07399289891628871296, 0.1247108228522532947 ) ) ;
#389 = ADVANCED_FACE ( 'NONE', ( #2589 ), #4505, .T. ) ;
#390 = ORIENTED_EDGE ( 'NONE', *, *, #5967, .T. ) ;
#391 = CARTESIAN_POINT ( 'NONE',  ( 0.02244094488188978428, 0.03976377952755910661, 0.07913385826771651699 ) ) ;
#392 =( NAMED_UNIT ( * ) PLANE_ANGLE_UNIT ( ) SI_UNIT ( $, .RADIAN. ) );
#393 = SURFACE_STYLE_FILL_AREA ( #1906 ) ;
#394 = CARTESIAN_POINT ( 'NONE',  ( 0.02183519276121035149, 0.04884141291653735367, -0.0001758265854113657254 ) ) ;
#395 = PRESENTATION_STYLE_ASSIGNMENT (( #767 ) ) ;
#396 = DIRECTION ( 'NONE',  ( 0.000000000000000000, 1.000000000000000000, 0.000000000000000000 ) ) ;
#397 = SURFACE_SIDE_STYLE ('',( #4728 ) ) ;
#398 = EDGE_CURVE ( 'NONE', #1950, #103, #2127, .T. ) ;
#399 = UNCERTAINTY_MEASURE_WITH_UNIT (LENGTH_MEASURE( 1.000000000000000082E-05 ), #2306, 'distance_accuracy_value', 'NONE');
#400 = DIRECTION ( 'NONE',  ( 0.000000000000000000, 0.000000000000000000, 1.000000000000000000 ) ) ;
#401 = CARTESIAN_POINT ( 'NONE',  ( 0.000000000000000000, 0.07303149606299212671, 0.003937007874015747977 ) ) ;
#402 = DIRECTION ( 'NONE',  ( -0.000000000000000000, -0.000000000000000000, -1.000000000000000000 ) ) ;
#403 =( LENGTH_UNIT ( ) NAMED_UNIT ( * ) SI_UNIT ( $, .METRE. ) );
#404 = CARTESIAN_POINT ( 'NONE',  ( 0.02244094488188978428, 0.03976377952755910661, 0.07913385826771651699 ) ) ;
#405 = AXIS2_PLACEMENT_3D ( 'NONE', #4399, #946, #2020 ) ;
#406 = DIRECTION ( 'NONE',  ( 1.000000000000000000, 4.513101726118519957E-17, 0.000000000000000000 ) ) ;
#407 =( NAMED_UNIT ( * ) SI_UNIT ( $, .STERADIAN. ) SOLID_ANGLE_UNIT ( ) );
#408 = CARTESIAN_POINT ( 'NONE',  ( 0.02194919095220389596, 0.03963361187837417809, -0.08264185300758324082 ) ) ;
#409 = DIMENSIONAL_EXPONENTS ( 1.000000000000000000, 0.000000000000000000, 0.000000000000000000, 0.000000000000000000, 0.000000000000000000, 0.000000000000000000, 0.000000000000000000 ) ;
#410 = ORIENTED_EDGE ( 'NONE', *, *, #5180, .F. ) ;
#411 = CARTESIAN_POINT ( 'NONE',  ( 0.02204724409448819561, -0.03976377952755905804, 0.08228346456692911537 ) ) ;
#412 = CARTESIAN_POINT ( 'NONE',  ( 0.02240563253514227249, -0.04852399410181019307, 0.0002635331382166770215 ) ) ;
#413 = CARTESIAN_POINT ( 'NONE',  ( 0.02227454735007466935, 0.03953647627197259817, -0.08251076782251559605 ) ) ;
#414 = ORIENTED_EDGE ( 'NONE', *, *, #5493, .F. ) ;
#415 = STYLED_ITEM ( 'NONE', ( #221 ), #1941 ) ;
#416 = CARTESIAN_POINT ( 'NONE',  ( -0.04921259842519684624, -0.07499999999999999722, 0.001968503937007873988 ) ) ;
#417 = FACE_OUTER_BOUND ( 'NONE', #757, .T. ) ;
#418 = DIMENSIONAL_EXPONENTS ( 1.000000000000000000, 0.000000000000000000, 0.000000000000000000, 0.000000000000000000, 0.000000000000000000, 0.000000000000000000, 0.000000000000000000 ) ;
#419 = LENGTH_MEASURE_WITH_UNIT ( LENGTH_MEASURE( 0.02539999999999999897 ), #3893 );
#420 = CARTESIAN_POINT ( 'NONE',  ( -0.1199204655333554470, 0.07601455843597439144, 0.1219491845905602001 ) ) ;
#421 = LENGTH_MEASURE_WITH_UNIT ( LENGTH_MEASURE( 0.02539999999999999897 ), #3382 );
#422 = AXIS2_PLACEMENT_3D ( 'NONE', #2292, #4222, #4155 ) ;
#423 = LENGTH_MEASURE_WITH_UNIT ( LENGTH_MEASURE( 0.02539999999999999897 ), #4722 );
#424 = EDGE_CURVE ( 'NONE', #1227, #1028, #1452, .T. ) ;
#425 = ORIENTED_EDGE ( 'NONE', *, *, #4527, .T. ) ;
#426 = ADVANCED_FACE ( 'NONE', ( #4484 ), #1647, .T. ) ;
#427 = DIRECTION ( 'NONE',  ( -0.000000000000000000, 0.000000000000000000, -1.000000000000000000 ) ) ;
#428 =( BOUNDED_SURFACE ( )  B_SPLINE_SURFACE ( 3, 3, ( 
 ( #3418, #4309, #2800, #4278 ),
 ( #1431, #458, #4246, #3383 ),
 ( #388, #4820, #863, #4786 ),
 ( #1899, #2324, #1833, #3785 ) ),
 .UNSPECIFIED., .F., .F., .F. ) 
 B_SPLINE_SURFACE_WITH_KNOTS ( ( 4, 4 ),
 ( 4, 4 ),
 ( 0.000000000000000000, 1.000000000000000000 ),
 ( 0.000000000000000000, 1.000000000000000000 ),
 .UNSPECIFIED. ) 
 GEOMETRIC_REPRESENTATION_ITEM ( )  RATIONAL_B_SPLINE_SURFACE ( (
 ( 1.000000000000000000, 0.3333333333333315940, 0.3333333333333315940, 1.000000000000000000),
 ( 0.9245018060306380292, 0.3081672686768777147, 0.3081672686768777147, 0.9245018060306380292),
 ( 0.9245018060306380292, 0.3081672686768777147, 0.3081672686768777147, 0.9245018060306380292),
 ( 1.000000000000000000, 0.3333333333333315940, 0.3333333333333315940, 1.000000000000000000) ) ) 
 REPRESENTATION_ITEM ( '' )  SURFACE ( )  );
#429 = CARTESIAN_POINT ( 'NONE',  ( -0.02244094488188972877, 0.04901574803149605364, 0.0001630762056587028042 ) ) ;
#430 = MECHANICAL_DESIGN_GEOMETRIC_PRESENTATION_REPRESENTATION (  '', ( #5289 ), #132 ) ;
#431 = CARTESIAN_POINT ( 'NONE',  ( 0.02183519276121039659, 0.04919157461690744360, 0.0001743351149587613860 ) ) ;
#432 = FACE_OUTER_BOUND ( 'NONE', #3118, .T. ) ;
#433 = DIRECTION ( 'NONE',  ( 0.000000000000000000, 0.000000000000000000, -1.000000000000000000 ) ) ;
#434 = CARTESIAN_POINT ( 'NONE',  ( 0.1202310044669086947, -0.07416801234092443296, 0.1240105320259637794 ) ) ;
#435 =( GEOMETRIC_REPRESENTATION_CONTEXT ( 3 ) GLOBAL_UNCERTAINTY_ASSIGNED_CONTEXT ( ( #1060 ) ) GLOBAL_UNIT_ASSIGNED_CONTEXT ( ( #1702, #262, #5162 ) ) REPRESENTATION_CONTEXT ( 'NONE', 'WORKASPACE' ) );
#436 = DIRECTION ( 'NONE',  ( 1.000000000000000000, 4.513101726118519957E-17, 0.000000000000000000 ) ) ;
#437 = FILL_AREA_STYLE_COLOUR ( '', #3035 ) ;
#438 =( NAMED_UNIT ( * ) PLANE_ANGLE_UNIT ( ) SI_UNIT ( $, .RADIAN. ) );
#439 = PRESENTATION_STYLE_ASSIGNMENT (( #2506 ) ) ;
#441 = DIRECTION ( 'NONE',  ( -0.000000000000000000, 1.000000000000000000, -0.000000000000000000 ) ) ;
#440 =( CONVERSION_BASED_UNIT ( 'INCH', #1915 ) LENGTH_UNIT ( ) NAMED_UNIT ( #852 ) );
#442 = EDGE_LOOP ( 'NONE', ( #2905, #659, #6147, #891 ) ) ;
#443 = DIMENSIONAL_EXPONENTS ( 1.000000000000000000, 0.000000000000000000, 0.000000000000000000, 0.000000000000000000, 0.000000000000000000, 0.000000000000000000, 0.000000000000000000 ) ;
#444 = SURFACE_STYLE_FILL_AREA ( #2821 ) ;
#445 = MECHANICAL_DESIGN_GEOMETRIC_PRESENTATION_REPRESENTATION (  '', ( #143 ), #1043 ) ;
#446 = SURFACE_SIDE_STYLE ('',( #1925 ) ) ;
#447 = EDGE_CURVE ( 'NONE', #2249, #3995, #3145, .T. ) ;
#448 = VERTEX_POINT ( 'NONE', #2770 ) ;
#449 = CARTESIAN_POINT ( 'NONE',  ( 0.02204724409448819214, 0.03958771118287405383, 0.08263560125629917930 ) ) ;
#450 = SURFACE_STYLE_USAGE ( .BOTH. , #5261 ) ;
#451 = ORIENTED_EDGE ( 'NONE', *, *, #639, .T. ) ;
#452 = DIRECTION ( 'NONE',  ( 0.000000000000000000, 0.000000000000000000, -1.000000000000000000 ) ) ;
#453 = PRESENTATION_STYLE_ASSIGNMENT (( #43 ) ) ;
#454 = DIRECTION ( 'NONE',  ( 1.000000000000000000, 4.749352646498039829E-16, -0.000000000000000000 ) ) ;
#455 = CARTESIAN_POINT ( 'NONE',  ( 0.02244094488188980163, 0.04862204724409448925, -0.08228346456692912925 ) ) ;
#456 = SURFACE_SIDE_STYLE ('',( #1935 ) ) ;
#457 = FILL_AREA_STYLE_COLOUR ( '', #5830 ) ;
#458 = CARTESIAN_POINT ( 'NONE',  ( 0.1203027814985611899, 0.07309651022515015195, 0.1250102571100856486 ) ) ;
#459 = DIMENSIONAL_EXPONENTS ( 1.000000000000000000, 0.000000000000000000, 0.000000000000000000, 0.000000000000000000, 0.000000000000000000, 0.000000000000000000, 0.000000000000000000 ) ;
#460 = CIRCLE ( 'NONE', #6120, 0.0003937007874015758277 ) ;
#461 = ORIENTED_EDGE ( 'NONE', *, *, #4173, .F. ) ;
#462 = DIRECTION ( 'NONE',  ( -0.000000000000000000, -0.000000000000000000, 1.000000000000000000 ) ) ;
#463 = SURFACE_SIDE_STYLE ('',( #527 ) ) ;
#464 = CARTESIAN_POINT ( 'NONE',  ( -0.1210629921259842728, 0.07303149606299212671, 0.1228740157480315009 ) ) ;
#465 = UNCERTAINTY_MEASURE_WITH_UNIT (LENGTH_MEASURE( 1.000000000000000082E-05 ), #5343, 'distance_accuracy_value', 'NONE');
#466 = CIRCLE ( 'NONE', #1251, 0.0003937007874015758277 ) ;
#467 = CARTESIAN_POINT ( 'NONE',  ( 0.04921259842519684624, -0.07500000000000001110, 0.002805549195665036754 ) ) ;
#468 = CARTESIAN_POINT ( 'NONE',  ( 0.1186042224775548382, -0.07482343826626260130, 0.005254673565099169351 ) ) ;
#469 =( LENGTH_UNIT ( ) NAMED_UNIT ( * ) SI_UNIT ( $, .METRE. ) );
#470 =( LENGTH_UNIT ( ) NAMED_UNIT ( * ) SI_UNIT ( $, .METRE. ) );
#471 = VERTEX_POINT ( 'NONE', #4686 ) ;
#472 = PRESENTATION_STYLE_ASSIGNMENT (( #5352 ) ) ;
#473 = SURFACE_STYLE_USAGE ( .BOTH. , #6169 ) ;
#474 = CARTESIAN_POINT ( 'NONE',  ( 0.02241460551533254117, -0.03957149895689972968, 0.08230066428740340223 ) ) ;
#475 = DIRECTION ( 'NONE',  ( -0.000000000000000000, -0.000000000000000000, 1.000000000000000000 ) ) ;
#476 = FACE_OUTER_BOUND ( 'NONE', #5399, .T. ) ;
#477 = CIRCLE ( 'NONE', #3183, 0.0003937007874015769119 ) ;
#478 = STYLED_ITEM ( 'NONE', ( #3374 ), #155 ) ;
#479 =( LENGTH_UNIT ( ) NAMED_UNIT ( * ) SI_UNIT ( $, .METRE. ) );
#480 = PLANE ( 'NONE',  #3115 ) ;
#481 = AXIS2_PLACEMENT_3D ( 'NONE', #5857, #1500, #3447 ) ;
#482 = CARTESIAN_POINT ( 'NONE',  ( 0.02244094488188976347, -0.04885267182583736406, 0.08251408914867200406 ) ) ;
#483 = VERTEX_POINT ( 'NONE', #5046 ) ;
#484 = CARTESIAN_POINT ( 'NONE',  ( 0.02227786867623106695, 0.03937007874015759773, 0.07913385826771653087 ) ) ;
#485 =( GEOMETRIC_REPRESENTATION_CONTEXT ( 3 ) GLOBAL_UNCERTAINTY_ASSIGNED_CONTEXT ( ( #4990 ) ) GLOBAL_UNIT_ASSIGNED_CONTEXT ( ( #2626, #5935, #4463 ) ) REPRESENTATION_CONTEXT ( 'NONE', 'WORKASPACE' ) );
#486 = EDGE_CURVE ( 'NONE', #1147, #5272, #2542, .T. ) ;
#487 = ORIENTED_EDGE ( 'NONE', *, *, #671, .F. ) ;
#488 = SURFACE_STYLE_FILL_AREA ( #4242 ) ;
#489 = FACE_OUTER_BOUND ( 'NONE', #2325, .T. ) ;
#490 = CARTESIAN_POINT ( 'NONE',  ( -0.1172865891236608143, -0.07631760101670483076, 0.1233483245974078130 ) ) ;
#491 = UNCERTAINTY_MEASURE_WITH_UNIT (LENGTH_MEASURE( 1.000000000000000082E-05 ), #2265, 'distance_accuracy_value', 'NONE');
#492 = ORIENTED_EDGE ( 'NONE', *, *, #3223, .F. ) ;
#493 = CYLINDRICAL_SURFACE ( 'NONE', #2343, 0.0003937007874015758277 ) ;
#494 = FILL_AREA_STYLE_COLOUR ( '', #2499 ) ;
#495 = CARTESIAN_POINT ( 'NONE',  ( 0.1192312793827869088, -0.07409623530927199331, 0.003697493417316981366 ) ) ;
#496 = PRESENTATION_LAYER_ASSIGNMENT (  '', '', ( #2713 ) ) ;
#497 = CARTESIAN_POINT ( 'NONE',  ( 0.1190944881889763746, 0.07303149606299212671, 0.1228740157480315009 ) ) ;
#498 = FACE_OUTER_BOUND ( 'NONE', #2575, .T. ) ;
#499 = AXIS2_PLACEMENT_3D ( 'NONE', #4001, #2748, #5029 ) ;
#500 = ORIENTED_EDGE ( 'NONE', *, *, #4791, .T. ) ;
#501 = EDGE_CURVE ( 'NONE', #5118, #3022, #4098, .T. ) ;
#502 = CARTESIAN_POINT ( 'NONE',  ( -0.1202310044669087225, -0.07416801234092446071, 0.1240105320259638350 ) ) ;
#503 = MECHANICAL_DESIGN_GEOMETRIC_PRESENTATION_REPRESENTATION (  '', ( #3846 ), #2121 ) ;
#504 = FILL_AREA_STYLE ('',( #5283 ) ) ;
#505 = DIRECTION ( 'NONE',  ( 1.000000000000000000, 4.749352646498039829E-16, -0.000000000000000000 ) ) ;
#507 = PRESENTATION_STYLE_ASSIGNMENT (( #3944 ) ) ;
#506 =( LENGTH_UNIT ( ) NAMED_UNIT ( * ) SI_UNIT ( $, .METRE. ) );
#508 = CYLINDRICAL_SURFACE ( 'NONE', #6121, 0.001968503937007879193 ) ;
#509 = EDGE_CURVE ( 'NONE', #514, #3985, #734, .T. ) ;
#510 = EDGE_CURVE ( 'NONE', #5440, #4376, #1767, .T. ) ;
#511 = FACE_OUTER_BOUND ( 'NONE', #6192, .T. ) ;
#512 = CARTESIAN_POINT ( 'NONE',  ( 0.02207460233325025944, 0.03932217584881769756, -0.08249641241618510534 ) ) ;
#513 =( NAMED_UNIT ( * ) PLANE_ANGLE_UNIT ( ) SI_UNIT ( $, .RADIAN. ) );
#514 = VERTEX_POINT ( 'NONE', #2705 ) ;
#515 = CARTESIAN_POINT ( 'NONE',  ( 0.02244094488188976347, 0.03943762711624178297, 0.07834645669291337433 ) ) ;
#516 = FACE_OUTER_BOUND ( 'NONE', #1170, .T. ) ;
#517 = VERTEX_POINT ( 'NONE', #1705 ) ;
#518 = SURFACE_SIDE_STYLE ('',( #4106 ) ) ;
#519 = DIRECTION ( 'NONE',  ( 1.000000000000000000, 4.869399230812090436E-16, 0.000000000000000000 ) ) ;
#520 = CIRCLE ( 'NONE', #4859, 0.0003937007874015758277 ) ;
#521 = CARTESIAN_POINT ( 'NONE',  ( 0.05002797945349034964, 0.07419325463680140342, 0.003937007874015752314 ) ) ;
#522 = ORIENTED_EDGE ( 'NONE', *, *, #1095, .T. ) ;
#523 = SURFACE_STYLE_FILL_AREA ( #2940 ) ;
#524 = ORIENTED_EDGE ( 'NONE', *, *, #1923, .T. ) ;
#525 = CIRCLE ( 'NONE', #1420, 0.001968503937007864447 ) ;
#526 = LINE ( 'NONE', #1396, #5585 ) ;
#527 = SURFACE_STYLE_FILL_AREA ( #1363 ) ;
#528 = PRESENTATION_LAYER_ASSIGNMENT (  '', '', ( #16 ) ) ;
#529 = CARTESIAN_POINT ( 'NONE',  ( -0.02244094488188972530, -0.04901574803149607445, 0.000000000000000000 ) ) ;
#530 = DIRECTION ( 'NONE',  ( 0.000000000000000000, 0.000000000000000000, 1.000000000000000000 ) ) ;
#531 = FILL_AREA_STYLE ('',( #4857 ) ) ;
#532 = CARTESIAN_POINT ( 'NONE',  ( 0.1210629921259842590, -0.07303149606299212671, 0.1228740157480315009 ) ) ;
#533 = EDGE_CURVE ( 'NONE', #141, #1461, #2645, .T. ) ;
#534 = EDGE_LOOP ( 'NONE', ( #5064, #2520, #3556, #1532 ) ) ;
#535 = AXIS2_PLACEMENT_3D ( 'NONE', #243, #5082, #5621 ) ;
#536 = ADVANCED_FACE ( 'NONE', ( #5650 ), #178, .T. ) ;
#537 = CARTESIAN_POINT ( 'NONE',  ( -0.02244094488188972877, -0.04901574803149606058, 0.0001630762056586988469 ) ) ;
#538 = CARTESIAN_POINT ( 'NONE',  ( 2.458663194297838622E-17, -0.04901574803149607445, -0.003937007874015747977 ) ) ;
#539 = CARTESIAN_POINT ( 'NONE',  ( 0.02214210586436343026, -0.03910655853681652139, 0.08192188475386605329 ) ) ;
#540 = COLOUR_RGB ( '',0.2862745098039215508, 0.2862745098039215508, 0.2862745098039215508 ) ;
#541 = PRESENTATION_STYLE_ASSIGNMENT (( #5358 ) ) ;
#542 = VECTOR ( 'NONE', #842, 39.37007874015748143 ) ;
#543 = CARTESIAN_POINT ( 'NONE',  ( 0.02204724409448819214, 0.03920700253449889428, -0.07874015748031491790 ) ) ;
#544 = PLANE ( 'NONE',  #3881 ) ;
#545 = MECHANICAL_DESIGN_GEOMETRIC_PRESENTATION_REPRESENTATION (  '', ( #2159 ), #435 ) ;
#546 = CARTESIAN_POINT ( 'NONE',  ( 0.02244094488188976347, 0.04885267182583736406, 0.08251408914867200406 ) ) ;
#547 = CARTESIAN_POINT ( 'NONE',  ( -0.1190944881889763746, -0.07303149606299212671, 0.000000000000000000 ) ) ;
#548 = ORIENTED_EDGE ( 'NONE', *, *, #4326, .F. ) ;
#549 = CARTESIAN_POINT ( 'NONE',  ( 0.02227786867623107042, 0.03937007874015759079, 0.07890323368597365605 ) ) ;
#550 = SURFACE_STYLE_FILL_AREA ( #3000 ) ;
#551 = ORIENTED_EDGE ( 'NONE', *, *, #5063, .F. ) ;
#552 = CARTESIAN_POINT ( 'NONE',  ( 0.02244094488188980163, 0.04901574803149607445, -0.08267716535433072833 ) ) ;
#553 = FACE_OUTER_BOUND ( 'NONE', #1247, .T. ) ;
#554 = SURFACE_STYLE_FILL_AREA ( #3449 ) ;
#555 = VERTEX_POINT ( 'NONE', #2924 ) ;
#556 = UNCERTAINTY_MEASURE_WITH_UNIT (LENGTH_MEASURE( 1.000000000000000082E-05 ), #6168, 'distance_accuracy_value', 'NONE');
#557 = MECHANICAL_DESIGN_GEOMETRIC_PRESENTATION_REPRESENTATION (  '', ( #48 ), #1868 ) ;
#558 = ADVANCED_FACE ( 'NONE', ( #5390 ), #96, .T. ) ;
#559 = ORIENTED_EDGE ( 'NONE', *, *, #5169, .T. ) ;
#560 = CARTESIAN_POINT ( 'NONE',  ( 0.02241460551533254811, -0.04863924696456875529, -0.0002014202167422543858 ) ) ;
#561 = CARTESIAN_POINT ( 'NONE',  ( -0.1190944881889763746, 0.000000000000000000, 0.1248425196850393715 ) ) ;
#562 = PRESENTATION_STYLE_ASSIGNMENT (( #4828 ) ) ;
#563 = LINE ( 'NONE', #2501, #625 ) ;
#564 = LENGTH_MEASURE_WITH_UNIT ( LENGTH_MEASURE( 0.02539999999999999897 ), #470 );
#565 = ORIENTED_EDGE ( 'NONE', *, *, #6071, .T. ) ;
#566 = STYLED_ITEM ( 'NONE', ( #2781 ), #3400 ) ;
#567 = LENGTH_MEASURE_WITH_UNIT ( LENGTH_MEASURE( 0.02539999999999999897 ), #3869 );
#568 =( NAMED_UNIT ( * ) SI_UNIT ( $, .STERADIAN. ) SOLID_ANGLE_UNIT ( ) );
#569 =( GEOMETRIC_REPRESENTATION_CONTEXT ( 3 ) GLOBAL_UNCERTAINTY_ASSIGNED_CONTEXT ( ( #6166 ) ) GLOBAL_UNIT_ASSIGNED_CONTEXT ( ( #5519, #2096, #1723 ) ) REPRESENTATION_CONTEXT ( 'NONE', 'WORKASPACE' ) );
#570 = FILL_AREA_STYLE ('',( #4994 ) ) ;
#571 = CARTESIAN_POINT ( 'NONE',  ( 0.02226019194374416130, -0.03932217584881776001, 0.08231082280569125553 ) ) ;
#572 = CARTESIAN_POINT ( 'NONE',  ( 0.02227786867623107389, 0.04901574803149606058, -0.08267716535433070058 ) ) ;
#573 = CARTESIAN_POINT ( 'NONE',  ( 0.1197453264349007812, 0.07254123035157057642, 0.004113569607753191602 ) ) ;
#574 = STYLED_ITEM ( 'NONE', ( #4159 ), #3711 ) ;
#575 = CARTESIAN_POINT ( 'NONE',  ( 0.1190944881889763607, -0.07303149606299215446, 0.005905511811023620231 ) ) ;
#576 = PRESENTATION_LAYER_ASSIGNMENT (  '', '', ( #5014 ) ) ;
#577 = CARTESIAN_POINT ( 'NONE',  ( 0.02227454735007466935, -0.03953647627197258430, 0.08251076782251556829 ) ) ;
#578 = ORIENTED_EDGE ( 'NONE', *, *, #3579, .F. ) ;
#579 = CARTESIAN_POINT ( 'NONE',  ( 0.02204724409448819214, 0.04862204724409448925, 0.0003937007874015748519 ) ) ;
#580 = ORIENTED_EDGE ( 'NONE', *, *, #1454, .F. ) ;
#581 = CARTESIAN_POINT ( 'NONE',  ( -0.04921259842519686012, -0.07696832908310612120, 0.005942616686744665866 ) ) ;
#582 = ORIENTED_EDGE ( 'NONE', *, *, #4352, .T. ) ;
#583 = DIRECTION ( 'NONE',  ( 0.000000000000000000, 0.000000000000000000, 1.000000000000000000 ) ) ;
#584 = AXIS2_PLACEMENT_3D ( 'NONE', #2490, #4408, #5912 ) ;
#585 = CIRCLE ( 'NONE', #3935, 0.0003937007874015758277 ) ;
#586 = EDGE_CURVE ( 'NONE', #70, #2502, #1957, .T. ) ;
#587 = ORIENTED_EDGE ( 'NONE', *, *, #2082, .F. ) ;
#588 = AXIS2_PLACEMENT_3D ( 'NONE', #5952, #5472, #115 ) ;
#589 = SURFACE_STYLE_FILL_AREA ( #145 ) ;
#590 =( NAMED_UNIT ( * ) SI_UNIT ( $, .STERADIAN. ) SOLID_ANGLE_UNIT ( ) );
#591 = EDGE_CURVE ( 'NONE', #2249, #3166, #5781, .T. ) ;
#592 =( NAMED_UNIT ( * ) PLANE_ANGLE_UNIT ( ) SI_UNIT ( $, .RADIAN. ) );
#593 = CARTESIAN_POINT ( 'NONE',  ( 2.458663194297838622E-17, -5.463695987328543539E-18, -0.003937007874015747977 ) ) ;
#594 = B_SPLINE_CURVE_WITH_KNOTS ( 'NONE', 3,
 ( #3932, #5380, #2438, #4350 ),
 .UNSPECIFIED., .F., .F.,
 ( 4, 4 ),
 ( 0.000000000000000000, 1.000000000000000000 ),
 .UNSPECIFIED. ) ;
#595 = ORIENTED_EDGE ( 'NONE', *, *, #4097, .F. ) ;
#596 = PRESENTATION_STYLE_ASSIGNMENT (( #120 ) ) ;
#597 =( NAMED_UNIT ( * ) PLANE_ANGLE_UNIT ( ) SI_UNIT ( $, .RADIAN. ) );
#598 = DIRECTION ( 'NONE',  ( -1.000000000000000000, -4.749352646498039829E-16, 0.000000000000000000 ) ) ;
#599 = CARTESIAN_POINT ( 'NONE',  ( 0.02244094488188980163, 0.04862204724409449619, 0.000000000000000000 ) ) ;
#600 = DIRECTION ( 'NONE',  ( -1.000000000000000000, -0.000000000000000000, 0.000000000000000000 ) ) ;
#601 = CARTESIAN_POINT ( 'NONE',  ( 0.02244094488188976694, -0.03897637795275580436, -0.07834645669291338821 ) ) ;
#602 = COLOUR_RGB ( '',0.2862745098039215508, 0.2862745098039215508, 0.2862745098039215508 ) ;
#603 = UNCERTAINTY_MEASURE_WITH_UNIT (LENGTH_MEASURE( 1.000000000000000082E-05 ), #4662, 'distance_accuracy_value', 'NONE');
#604 = AXIS2_PLACEMENT_3D ( 'NONE', #4305, #1969, #894 ) ;
#605 = SURFACE_SIDE_STYLE ('',( #641 ) ) ;
#606 = SURFACE_STYLE_USAGE ( .BOTH. , #2087 ) ;
#607 = FILL_AREA_STYLE_COLOUR ( '', #1755 ) ;
#608 = ORIENTED_EDGE ( 'NONE', *, *, #2996, .F. ) ;
#609 = DIRECTION ( 'NONE',  ( 1.000000000000000000, 0.000000000000000000, 0.000000000000000000 ) ) ;
#610 = EDGE_CURVE ( 'NONE', #1153, #1560, #1916, .T. ) ;
#611 = ORIENTED_EDGE ( 'NONE', *, *, #3543, .T. ) ;
#612 = CARTESIAN_POINT ( 'NONE',  ( -0.04921259842519686012, -0.07699022739211563993, 0.003619202733240058263 ) ) ;
#613 = CARTESIAN_POINT ( 'NONE',  ( 0.02226660976693103228, -0.04919157461690740196, 0.0006057521206794129519 ) ) ;
#614 = EDGE_LOOP ( 'NONE', ( #5818, #4610, #3750, #4942, #5891 ) ) ;
#615 = CARTESIAN_POINT ( 'NONE',  ( -0.1181696570315050043, -0.07601455843597437756, 0.1236999930924104207 ) ) ;
#616 = UNCERTAINTY_MEASURE_WITH_UNIT (LENGTH_MEASURE( 1.000000000000000082E-05 ), #5148, 'distance_accuracy_value', 'NONE');
#617 = UNCERTAINTY_MEASURE_WITH_UNIT (LENGTH_MEASURE( 1.000000000000000082E-05 ), #1578, 'distance_accuracy_value', 'NONE');
#618 = ORIENTED_EDGE ( 'NONE', *, *, #5734, .F. ) ;
#619 = COLOUR_RGB ( '',0.8313725490196077761, 0.8313725490196077761, 0.8313725490196077761 ) ;
#620 = DIRECTION ( 'NONE',  ( 0.000000000000000000, 1.000000000000000000, 0.000000000000000000 ) ) ;
#621 = FILL_AREA_STYLE_COLOUR ( '', #1149 ) ;
#622 = EDGE_CURVE ( 'NONE', #3394, #2998, #4852, .T. ) ;
#623 = CIRCLE ( 'NONE', #10, 0.0003937007874015769119 ) ;
#624 = FACE_OUTER_BOUND ( 'NONE', #1468, .T. ) ;
#625 = VECTOR ( 'NONE', #1156, 39.37007874015748143 ) ;
#626 = ORIENTED_EDGE ( 'NONE', *, *, #64, .T. ) ;
#627 = ADVANCED_FACE ( 'NONE', ( #4290 ), #6242, .T. ) ;
#628 = UNCERTAINTY_MEASURE_WITH_UNIT (LENGTH_MEASURE( 1.000000000000000082E-05 ), #2990, 'distance_accuracy_value', 'NONE');
#629 =( GEOMETRIC_REPRESENTATION_CONTEXT ( 3 ) GLOBAL_UNCERTAINTY_ASSIGNED_CONTEXT ( ( #839 ) ) GLOBAL_UNIT_ASSIGNED_CONTEXT ( ( #1224, #4976, #5007 ) ) REPRESENTATION_CONTEXT ( 'NONE', 'WORKASPACE' ) );
#630 = LENGTH_MEASURE_WITH_UNIT ( LENGTH_MEASURE( 0.02539999999999999897 ), #93 );
#631 = CIRCLE ( 'NONE', #3655, 0.0003937007874015750687 ) ;
#632 = CARTESIAN_POINT ( 'NONE',  ( -0.06053149606299212948, -0.07303149606299212671, 0.000000000000000000 ) ) ;
#633 = CARTESIAN_POINT ( 'NONE',  ( 0.02204724409448819214, -0.04862204724409450313, 0.0003937007874015748519 ) ) ;
#634 = CARTESIAN_POINT ( 'NONE',  ( 0.1201913165511906273, -0.07587913292705672497, 0.1218137590816423810 ) ) ;
#635 = CARTESIAN_POINT ( 'NONE',  ( 0.02217741174367308596, 0.04898043568474861470, -0.0004917539296858878910 ) ) ;
#636 = LINE ( 'NONE', #1138, #2134 ) ;
#637 = MECHANICAL_DESIGN_GEOMETRIC_PRESENTATION_REPRESENTATION (  '', ( #1135 ), #1816 ) ;
#638 = VECTOR ( 'NONE', #2236, 39.37007874015748143 ) ;
#639 = EDGE_CURVE ( 'NONE', #119, #1696, #636, .T. ) ;
#640 = CARTESIAN_POINT ( 'NONE',  ( 0.1210629921259842590, -0.07303149606299212671, 0.005905511811023621965 ) ) ;
#641 = SURFACE_STYLE_FILL_AREA ( #2958 ) ;
#642 = AXIS2_PLACEMENT_3D ( 'NONE', #3730, #1193, #5147 ) ;
#643 = DIRECTION ( 'NONE',  ( -0.4082482904638600196, 0.4082482904638600196, -0.8164965809277290321 ) ) ;
#644 = SURFACE_SIDE_STYLE ('',( #2629 ) ) ;
#645 = STYLED_ITEM ( 'NONE', ( #5841 ), #4473 ) ;
#646 = ORIENTED_EDGE ( 'NONE', *, *, #1453, .F. ) ;
#647 = FACE_OUTER_BOUND ( 'NONE', #2941, .T. ) ;
#648 = PRESENTATION_STYLE_ASSIGNMENT (( #1555 ) ) ;
#649 = AXIS2_PLACEMENT_3D ( 'NONE', #2416, #6250, #1457 ) ;
#650 = ORIENTED_EDGE ( 'NONE', *, *, #3628, .F. ) ;
#651 = MECHANICAL_DESIGN_GEOMETRIC_PRESENTATION_REPRESENTATION (  '', ( #5500 ), #5594 ) ;
#652 = CARTESIAN_POINT ( 'NONE',  ( -0.05002797945349035658, -0.07419325463680140342, 0.003937007874015746242 ) ) ;
#653 = CARTESIAN_POINT ( 'NONE',  ( 0.02247449236689902721, -0.04886370590601142594, 0.0003806979549699702255 ) ) ;
#654 = ORIENTED_EDGE ( 'NONE', *, *, #3698, .F. ) ;
#655 = STYLED_ITEM ( 'NONE', ( #5304 ), #4135 ) ;
#656 = ORIENTED_EDGE ( 'NONE', *, *, #5550, .F. ) ;
#657 = CARTESIAN_POINT ( 'NONE',  ( 0.02244094488188980163, 0.04901574803149607445, 0.000000000000000000 ) ) ;
#658 = CARTESIAN_POINT ( 'NONE',  ( 0.1190944881889763746, 0.07303149606299212671, 0.005905511811023621965 ) ) ;
#659 = ORIENTED_EDGE ( 'NONE', *, *, #3420, .T. ) ;
#660 = FILL_AREA_STYLE_COLOUR ( '', #982 ) ;
#661 =( NAMED_UNIT ( * ) PLANE_ANGLE_UNIT ( ) SI_UNIT ( $, .RADIAN. ) );
#662 = CARTESIAN_POINT ( 'NONE',  ( 0.02204724409448819214, -0.03937007874015739650, -0.07890323368597365605 ) ) ;
#663 = DIRECTION ( 'NONE',  ( -0.000000000000000000, 1.000000000000000000, -0.000000000000000000 ) ) ;
#664 =( BOUNDED_SURFACE ( )  B_SPLINE_SURFACE ( 3, 3, ( 
 ( #4823, #4757, #1435, #2364 ),
 ( #2435, #1508, #4348, #1867 ),
 ( #5869, #3388, #5312, #968 ),
 ( #4855, #52, #1977, #1063 ) ),
 .UNSPECIFIED., .F., .F., .F. ) 
 B_SPLINE_SURFACE_WITH_KNOTS ( ( 4, 4 ),
 ( 4, 4 ),
 ( 0.000000000000000000, 1.000000000000000000 ),
 ( 0.000000000000000000, 1.000000000000000000 ),
 .UNSPECIFIED. ) 
 GEOMETRIC_REPRESENTATION_ITEM ( )  RATIONAL_B_SPLINE_SURFACE ( (
 ( 1.000000000000000000, 0.3333333333333273196, 0.3333333333333273196, 1.000000000000000000),
 ( 0.9245018060306359198, 0.3081672686768731073, 0.3081672686768731073, 0.9245018060306359198),
 ( 0.9245018060306359198, 0.3081672686768731073, 0.3081672686768731073, 0.9245018060306359198),
 ( 1.000000000000000000, 0.3333333333333273196, 0.3333333333333273196, 1.000000000000000000) ) ) 
 REPRESENTATION_ITEM ( '' )  SURFACE ( )  );
#665 = DIRECTION ( 'NONE',  ( 1.000000000000000000, 0.000000000000000000, 0.000000000000000000 ) ) ;
#666 = AXIS2_PLACEMENT_3D ( 'NONE', #547, #4403, #2574 ) ;
#667 = LINE ( 'NONE', #1191, #5704 ) ;
#668 = FACE_OUTER_BOUND ( 'NONE', #3256, .T. ) ;
#669 = ORIENTED_EDGE ( 'NONE', *, *, #1636, .F. ) ;
#670 = CIRCLE ( 'NONE', #5327, 0.0003937007874015758277 ) ;
#671 = EDGE_CURVE ( 'NONE', #5887, #1132, #802, .T. ) ;
#672 = FACE_OUTER_BOUND ( 'NONE', #2195, .T. ) ;
#673 = COLOUR_RGB ( '',0.7490196078431372584, 0.7490196078431372584, 0.7490196078431372584 ) ;
#674 = CARTESIAN_POINT ( 'NONE',  ( 0.02266915920592111472, -0.04878752077258898673, 0.0007905864797743175198 ) ) ;
#675 = VERTEX_POINT ( 'NONE', #245 ) ;
#676 = CARTESIAN_POINT ( 'NONE',  ( 0.02204724409448819214, -0.02450787401574799559, 0.07874015748031495954 ) ) ;
#677 = COLOUR_RGB ( '',0.2862745098039215508, 0.2862745098039215508, 0.2862745098039215508 ) ;
#678 = DIRECTION ( 'NONE',  ( 0.000000000000000000, -1.000000000000000000, -0.000000000000000000 ) ) ;
#679 = VERTEX_POINT ( 'NONE', #3972 ) ;
#680 =( CONVERSION_BASED_UNIT ( 'INCH', #2037 ) LENGTH_UNIT ( ) NAMED_UNIT ( #835 ) );
#681 = AXIS2_PLACEMENT_3D ( 'NONE', #5044, #4039, #2615 ) ;
#682 = SURFACE_STYLE_USAGE ( .BOTH. , #2105 ) ;
#683 = LINE ( 'NONE', #4425, #4148 ) ;
#684 = LENGTH_MEASURE_WITH_UNIT ( LENGTH_MEASURE( 0.02539999999999999897 ), #479 );
#685 = ORIENTED_EDGE ( 'NONE', *, *, #2082, .T. ) ;
#686 =( GEOMETRIC_REPRESENTATION_CONTEXT ( 3 ) GLOBAL_UNCERTAINTY_ASSIGNED_CONTEXT ( ( #3547 ) ) GLOBAL_UNIT_ASSIGNED_CONTEXT ( ( #6179, #1824, #2248 ) ) REPRESENTATION_CONTEXT ( 'NONE', 'WORKASPACE' ) );
#687 = UNCERTAINTY_MEASURE_WITH_UNIT (LENGTH_MEASURE( 1.000000000000000082E-05 ), #5535, 'distance_accuracy_value', 'NONE');
#688 = PRESENTATION_LAYER_ASSIGNMENT (  '', '', ( #79 ) ) ;
#689 = CARTESIAN_POINT ( 'NONE',  ( -0.05118110236220473064, 0.07303149606299212671, 0.003937007874015758385 ) ) ;
#690 = LINE ( 'NONE', #5960, #5020 ) ;
#691 = CARTESIAN_POINT ( 'NONE',  ( 0.1197670304406740632, -0.07463198636715913381, 0.1240105320259638350 ) ) ;
#692 = CARTESIAN_POINT ( 'NONE',  ( 0.02204724409448819214, -0.03937007874015739650, -0.07913385826771651699 ) ) ;
#693 = DIMENSIONAL_EXPONENTS ( 1.000000000000000000, 0.000000000000000000, 0.000000000000000000, 0.000000000000000000, 0.000000000000000000, 0.000000000000000000, 0.000000000000000000 ) ;
#694 = DIRECTION ( 'NONE',  ( 0.000000000000000000, 1.000000000000000000, 0.000000000000000000 ) ) ;
#695 = CARTESIAN_POINT ( 'NONE',  ( -0.02244094488188972530, 0.04901574803149607445, 0.000000000000000000 ) ) ;
#696 = ADVANCED_FACE ( 'NONE', ( #4959 ), #1110, .T. ) ;
#697 = DIRECTION ( 'NONE',  ( 0.000000000000000000, 0.000000000000000000, 1.000000000000000000 ) ) ;
#698 =( BOUNDED_CURVE ( )  B_SPLINE_CURVE ( 3, ( #6239, #5768, #572, #3466 ),
 .UNSPECIFIED., .F., .T. ) 
 B_SPLINE_CURVE_WITH_KNOTS ( ( 4, 4 ),
 ( 1.570796326794896558, 3.141592653589793116 ),
 .UNSPECIFIED. ) 
 CURVE ( )  GEOMETRIC_REPRESENTATION_ITEM ( )  RATIONAL_B_SPLINE_CURVE ( ( 1.000000000000000000, 0.8047378541243649375, 0.8047378541243649375, 1.000000000000000000 ) ) 
 REPRESENTATION_ITEM ( '' )  );
#699 = CARTESIAN_POINT ( 'NONE',  ( 0.02261677146730114649, 0.03997583086083687787, 0.08250283023937195204 ) ) ;
#700 = ORIENTED_EDGE ( 'NONE', *, *, #1636, .T. ) ;
#701 = CYLINDRICAL_SURFACE ( 'NONE', #2934, 0.0003937007874015758277 ) ;
#702 = CIRCLE ( 'NONE', #1283, 0.001968503937007877024 ) ;
#703 = DIRECTION ( 'NONE',  ( 0.4082482904638669030, 0.8164965809277331399, -0.4082482904638450871 ) ) ;
#704 = ORIENTED_EDGE ( 'NONE', *, *, #5176, .F. ) ;
#705 = SURFACE_STYLE_FILL_AREA ( #5584 ) ;
#706 = ORIENTED_EDGE ( 'NONE', *, *, #1048, .F. ) ;
#707 = FACE_OUTER_BOUND ( 'NONE', #3087, .T. ) ;
#708 = SURFACE_STYLE_USAGE ( .BOTH. , #3122 ) ;
#709 = DIRECTION ( 'NONE',  ( 0.000000000000000000, 1.000000000000000000, 0.000000000000000000 ) ) ;
#710 = ORIENTED_EDGE ( 'NONE', *, *, #908, .T. ) ;
#711 = DIRECTION ( 'NONE',  ( -2.913971193241879780E-16, 1.000000000000000000, -0.000000000000000000 ) ) ;
#712 = DIRECTION ( 'NONE',  ( 0.000000000000000000, 0.000000000000000000, 1.000000000000000000 ) ) ;
#713 = DIRECTION ( 'NONE',  ( 1.000000000000000000, 0.000000000000000000, 0.000000000000000000 ) ) ;
#714 = LENGTH_MEASURE_WITH_UNIT ( LENGTH_MEASURE( 0.02539999999999999897 ), #2479 );
#715 = FILL_AREA_STYLE ('',( #2146 ) ) ;
#716 = EDGE_CURVE ( 'NONE', #6010, #5010, #520, .T. ) ;
#717 = CARTESIAN_POINT ( 'NONE',  ( 0.02221271762298273125, 0.04016066521993182786, -0.08290537967836202060 ) ) ;
#718 = CARTESIAN_POINT ( 'NONE',  ( 2.458663194297838622E-17, -5.463695987328543539E-18, 0.003937007874015747977 ) ) ;
#719 = CIRCLE ( 'NONE', #422, 0.0003937007874015758277 ) ;
#720 = CARTESIAN_POINT ( 'NONE',  ( -0.05017150709587030882, -0.07500000000000001110, 0.004809848079125138981 ) ) ;
#721 = VERTEX_POINT ( 'NONE', #4997 ) ;
#722 = VECTOR ( 'NONE', #3794, 39.37007874015748143 ) ;
#723 = PRESENTATION_LAYER_ASSIGNMENT (  '', '', ( #6197 ) ) ;
#724 =( CONVERSION_BASED_UNIT ( 'INCH', #6051 ) LENGTH_UNIT ( ) NAMED_UNIT ( #5763 ) );
#725 = ORIENTED_EDGE ( 'NONE', *, *, #486, .F. ) ;
#726 = CARTESIAN_POINT ( 'NONE',  ( 0.02247449236689904803, -0.03975077669512747103, -0.08252512322884607288 ) ) ;
#727 = ORIENTED_EDGE ( 'NONE', *, *, #1516, .F. ) ;
#728 = DIRECTION ( 'NONE',  ( 0.000000000000000000, 1.000000000000000000, 0.000000000000000000 ) ) ;
#729 = ORIENTED_EDGE ( 'NONE', *, *, #5645, .T. ) ;
#730 = SURFACE_STYLE_USAGE ( .BOTH. , #2250 ) ;
#731 = FACE_OUTER_BOUND ( 'NONE', #5469, .T. ) ;
#732 = CIRCLE ( 'NONE', #2476, 0.001968503937007870519 ) ;
#733 =( LENGTH_UNIT ( ) NAMED_UNIT ( * ) SI_UNIT ( $, .METRE. ) );
#734 = LINE ( 'NONE', #362, #4238 ) ;
#735 = ORIENTED_EDGE ( 'NONE', *, *, #5558, .T. ) ;
#736 = COLOUR_RGB ( '',0.8313725490196077761, 0.8313725490196077761, 0.8313725490196077761 ) ;
#737 = UNCERTAINTY_MEASURE_WITH_UNIT (LENGTH_MEASURE( 1.000000000000000082E-05 ), #4438, 'distance_accuracy_value', 'NONE');
#738 =( NAMED_UNIT ( * ) SI_UNIT ( $, .STERADIAN. ) SOLID_ANGLE_UNIT ( ) );
#739 =( NAMED_UNIT ( * ) PLANE_ANGLE_UNIT ( ) SI_UNIT ( $, .RADIAN. ) );
#740 =( NAMED_UNIT ( * ) PLANE_ANGLE_UNIT ( ) SI_UNIT ( $, .RADIAN. ) );
#741 = SURFACE_STYLE_USAGE ( .BOTH. , #3284 ) ;
#742 = CARTESIAN_POINT ( 'NONE',  ( 0.06053149606299212948, 0.07303149606299212671, 0.005905511811023621965 ) ) ;
#743 = LENGTH_MEASURE_WITH_UNIT ( LENGTH_MEASURE( 0.02539999999999999897 ), #6101 );
#744 = PLANE ( 'NONE',  #4768 ) ;
#745 = CARTESIAN_POINT ( 'NONE',  ( 0.02204724409448819214, 0.03976377952755905804, -0.08228346456692912925 ) ) ;
#746 =( LENGTH_UNIT ( ) NAMED_UNIT ( * ) SI_UNIT ( $, .METRE. ) );
#747 = FILL_AREA_STYLE ('',( #4528 ) ) ;
#748 = CARTESIAN_POINT ( 'NONE',  ( -0.1210629921259842590, 0.07418461897170651465, 0.003937007874015747109 ) ) ;
#749 = ORIENTED_EDGE ( 'NONE', *, *, #4281, .F. ) ;
#750 = SURFACE_STYLE_FILL_AREA ( #5607 ) ;
#751 = COLOUR_RGB ( '',0.8313725490196077761, 0.8313725490196077761, 0.8313725490196077761 ) ;
#752 = DIRECTION ( 'NONE',  ( 0.000000000000000000, 0.000000000000000000, -1.000000000000000000 ) ) ;
#753 = VERTEX_POINT ( 'NONE', #2655 ) ;
#754 = CARTESIAN_POINT ( 'NONE',  ( 0.02221271762298267921, -0.04016066521993184174, -0.08290537967836208999 ) ) ;
#755 = CARTESIAN_POINT ( 'NONE',  ( 0.02227454735007465894, -0.04884935049968095605, 0.0001663975318151039305 ) ) ;
#756 = VECTOR ( 'NONE', #2019, 39.37007874015748143 ) ;
#757 = EDGE_LOOP ( 'NONE', ( #4914, #6006, #2550, #4810 ) ) ;
#758 =( NAMED_UNIT ( * ) SI_UNIT ( $, .STERADIAN. ) SOLID_ANGLE_UNIT ( ) );
#759 = CARTESIAN_POINT ( 'NONE',  ( 0.02183519276121036537, 0.04919157461690742278, -0.0001743351149587345249 ) ) ;
#760 = DIRECTION ( 'NONE',  ( 0.000000000000000000, -1.000000000000000000, -0.000000000000000000 ) ) ;
#761 = EDGE_CURVE ( 'NONE', #2916, #5368, #5966, .T. ) ;
#762 = COLOUR_RGB ( '',0.8313725490196077761, 0.8313725490196077761, 0.8313725490196077761 ) ;
#763 = DIRECTION ( 'NONE',  ( 0.000000000000000000, 1.000000000000000000, 0.000000000000000000 ) ) ;
#764 = ORIENTED_EDGE ( 'NONE', *, *, #4591, .F. ) ;
#765 =( GEOMETRIC_REPRESENTATION_CONTEXT ( 3 ) GLOBAL_UNCERTAINTY_ASSIGNED_CONTEXT ( ( #240 ) ) GLOBAL_UNIT_ASSIGNED_CONTEXT ( ( #2653, #5507, #3998 ) ) REPRESENTATION_CONTEXT ( 'NONE', 'WORKASPACE' ) );
#766 = DIRECTION ( 'NONE',  ( 0.000000000000000000, 0.000000000000000000, -1.000000000000000000 ) ) ;
#767 = SURFACE_STYLE_USAGE ( .BOTH. , #3723 ) ;
#768 =( NAMED_UNIT ( * ) SI_UNIT ( $, .STERADIAN. ) SOLID_ANGLE_UNIT ( ) );
#769 = CARTESIAN_POINT ( 'NONE',  ( 0.04921259842519684624, 0.07499999999999999722, 0.001968503937007873988 ) ) ;
#770 = PRESENTATION_LAYER_ASSIGNMENT (  '', '', ( #5950 ) ) ;
#771 = APPLICATION_PROTOCOL_DEFINITION ( 'draft international standard', 'automotive_design', 1998, #906 ) ;
#772 = SURFACE_STYLE_USAGE ( .BOTH. , #5181 ) ;
#773 = CARTESIAN_POINT ( 'NONE',  ( 0.02244094488188978428, -0.03897637795275583905, 0.07834645669291337433 ) ) ;
#774 = VECTOR ( 'NONE', #1611, 39.37007874015748143 ) ;
#775 = FACE_OUTER_BOUND ( 'NONE', #1175, .T. ) ;
#776 = APPLICATION_CONTEXT ( 'automotive_design' ) ;
#777 = PRESENTATION_STYLE_ASSIGNMENT (( #1146 ) ) ;
#778 = ORIENTED_EDGE ( 'NONE', *, *, #2274, .F. ) ;
#779 = CIRCLE ( 'NONE', #1596, 0.001968503937007879193 ) ;
#780 = COLOUR_RGB ( '',0.2862745098039215508, 0.2862745098039215508, 0.2862745098039215508 ) ;
#781 = CARTESIAN_POINT ( 'NONE',  ( -0.1190944881889763746, 0.07499999999999999722, 0.1228740157480315009 ) ) ;
#782 = ORIENTED_EDGE ( 'NONE', *, *, #80, .F. ) ;
#783 = DIRECTION ( 'NONE',  ( 0.000000000000000000, 1.000000000000000000, 0.000000000000000000 ) ) ;
#784 = EDGE_CURVE ( 'NONE', #3166, #2939, #112, .T. ) ;
#785 = EDGE_CURVE ( 'NONE', #679, #857, #4936, .T. ) ;
#786 = FILL_AREA_STYLE_COLOUR ( '', #2259 ) ;
#787 = SURFACE_STYLE_USAGE ( .BOTH. , #5234 ) ;
#788 = VERTEX_POINT ( 'NONE', #2539 ) ;
#789 = MECHANICAL_DESIGN_GEOMETRIC_PRESENTATION_REPRESENTATION (  '', ( #2534 ), #4042 ) ;
#790 = CARTESIAN_POINT ( 'NONE',  ( -0.04921259842519684624, 0.03749999999999999861, 0.001968503937007873988 ) ) ;
#791 = PRESENTATION_STYLE_ASSIGNMENT (( #4215 ) ) ;
#792 = FILL_AREA_STYLE_COLOUR ( '', #780 ) ;
#793 = EDGE_LOOP ( 'NONE', ( #6052, #3934, #3958, #3138 ) ) ;
#794 = ADVANCED_FACE ( 'NONE', ( #4462 ), #4520, .T. ) ;
#795 =( CONVERSION_BASED_UNIT ( 'INCH', #4724 ) LENGTH_UNIT ( ) NAMED_UNIT ( #925 ) );
#796 = PRESENTATION_STYLE_ASSIGNMENT (( #1743 ) ) ;
#797 = CARTESIAN_POINT ( 'NONE',  ( 0.02165035840211539803, 0.04878752077258903530, -0.0002282143240313590574 ) ) ;
#798 = FILL_AREA_STYLE ('',( #1745 ) ) ;
#799 = DIRECTION ( 'NONE',  ( -1.000000000000000000, 0.000000000000000000, 0.000000000000000000 ) ) ;
#800 =( NAMED_UNIT ( * ) SI_UNIT ( $, .STERADIAN. ) SOLID_ANGLE_UNIT ( ) );
#802 = CIRCLE ( 'NONE', #3865, 0.001968503937007874422 ) ;
#801 = LINE ( 'NONE', #3287, #6093 ) ;
#803 = CARTESIAN_POINT ( 'NONE',  ( 0.04921259842519685318, -0.07303149606299212671, 0.001968503937007873988 ) ) ;
#804 = CARTESIAN_POINT ( 'NONE',  ( 0.02264385656908464092, 0.04843708101260020549, 0.0002285053185257503400 ) ) ;
#805 =( NAMED_UNIT ( * ) PLANE_ANGLE_UNIT ( ) SI_UNIT ( $, .RADIAN. ) );
#806 = EDGE_LOOP ( 'NONE', ( #5852, #3591, #1062, #2972 ) ) ;
#807 = PRESENTATION_LAYER_ASSIGNMENT (  '', '', ( #4960 ) ) ;
#808 = EDGE_CURVE ( 'NONE', #4563, #1798, #5572, .T. ) ;
#809 = DIRECTION ( 'NONE',  ( 0.000000000000000000, 0.000000000000000000, 1.000000000000000000 ) ) ;
#810 = AXIS2_PLACEMENT_3D ( 'NONE', #5411, #1066, #4923 ) ;
#811 = MANIFOLD_SOLID_BREP ( 'Imported1', #1350 ) ;
#812 =( BOUNDED_SURFACE ( )  B_SPLINE_SURFACE ( 3, 3, ( 
 ( #1282, #4405, #3442, #134 ),
 ( #2964, #5778, #549, #484 ),
 ( #1927, #4808, #2421, #3916 ),
 ( #1052, #515, #2904, #2519 ) ),
 .UNSPECIFIED., .F., .F., .F. ) 
 B_SPLINE_SURFACE_WITH_KNOTS ( ( 4, 4 ),
 ( 4, 4 ),
 ( 0.000000000000000000, 1.000000000000000000 ),
 ( 0.000000000000000000, 1.000000000000000000 ),
 .UNSPECIFIED. ) 
 GEOMETRIC_REPRESENTATION_ITEM ( )  RATIONAL_B_SPLINE_SURFACE ( (
 ( 1.000000000000000000, 0.8047378541243649375, 0.8047378541243649375, 1.000000000000000000),
 ( 0.8047378541243649375, 0.6476030138606876374, 0.6476030138606876374, 0.8047378541243649375),
 ( 0.8047378541243649375, 0.6476030138606876374, 0.6476030138606876374, 0.8047378541243649375),
 ( 1.000000000000000000, 0.8047378541243649375, 0.8047378541243649375, 1.000000000000000000) ) ) 
 REPRESENTATION_ITEM ( '' )  SURFACE ( )  );
#813 = PRESENTATION_LAYER_ASSIGNMENT (  '', '', ( #3759 ) ) ;
#814 =( GEOMETRIC_REPRESENTATION_CONTEXT ( 3 ) GLOBAL_UNCERTAINTY_ASSIGNED_CONTEXT ( ( #2464 ) ) GLOBAL_UNIT_ASSIGNED_CONTEXT ( ( #66, #2122, #2053 ) ) REPRESENTATION_CONTEXT ( 'NONE', 'WORKASPACE' ) );
#815 = AXIS2_PLACEMENT_3D ( 'NONE', #2961, #2417, #3406 ) ;
#816 = DIRECTION ( 'NONE',  ( -1.000000000000000000, -0.000000000000000000, 0.000000000000000000 ) ) ;
#817 = ORIENTED_EDGE ( 'NONE', *, *, #5061, .T. ) ;
#818 = DIRECTION ( 'NONE',  ( -1.000000000000000000, -4.513101726118519957E-17, -0.000000000000000000 ) ) ;
#819 = CARTESIAN_POINT ( 'NONE',  ( 0.1222040637461409840, -0.07385886370546471125, 0.007889940272887465897 ) ) ;
#820 =( GEOMETRIC_REPRESENTATION_CONTEXT ( 3 ) GLOBAL_UNCERTAINTY_ASSIGNED_CONTEXT ( ( #5436 ) ) GLOBAL_UNIT_ASSIGNED_CONTEXT ( ( #6282, #3873, #844 ) ) REPRESENTATION_CONTEXT ( 'NONE', 'WORKASPACE' ) );
#821 = SURFACE_STYLE_FILL_AREA ( #2282 ) ;
#822 = EDGE_LOOP ( 'NONE', ( #778, #5998, #725, #2963, #1019 ) ) ;
#823 = MECHANICAL_DESIGN_GEOMETRIC_PRESENTATION_REPRESENTATION (  '', ( #1217 ), #3883 ) ;
#824 = SURFACE_SIDE_STYLE ('',( #4647 ) ) ;
#825 = AXIS2_PLACEMENT_3D ( 'NONE', #2345, #1962, #1818 ) ;
#826 = CARTESIAN_POINT ( 'NONE',  ( -0.1195687970383527837, 0.07631760101670491403, 0.1210661166827158575 ) ) ;
#827 = SURFACE_STYLE_USAGE ( .BOTH. , #4217 ) ;
#828 =( NAMED_UNIT ( * ) SI_UNIT ( $, .STERADIAN. ) SOLID_ANGLE_UNIT ( ) );
#829 = STYLED_ITEM ( 'NONE', ( #472 ), #4522 ) ;
#830 = EDGE_LOOP ( 'NONE', ( #5498, #3422, #37, #5158, #1206, #4409, #6083, #4499, #3710, #5382 ) ) ;
#831 = AXIS2_PLACEMENT_3D ( 'NONE', #851, #4773, #6145 ) ;
#832 = CIRCLE ( 'NONE', #1046, 0.0003937007874015758277 ) ;
#833 = DIRECTION ( 'NONE',  ( 0.000000000000000000, 0.000000000000000000, 1.000000000000000000 ) ) ;
#834 = DIRECTION ( 'NONE',  ( 1.000000000000000000, 0.000000000000000000, 0.000000000000000000 ) ) ;
#835 = DIMENSIONAL_EXPONENTS ( 1.000000000000000000, 0.000000000000000000, 0.000000000000000000, 0.000000000000000000, 0.000000000000000000, 0.000000000000000000, 0.000000000000000000 ) ;
#836 = SURFACE_STYLE_FILL_AREA ( #5246 ) ;
#837 =( NAMED_UNIT ( * ) SI_UNIT ( $, .STERADIAN. ) SOLID_ANGLE_UNIT ( ) );
#838 = STYLED_ITEM ( 'NONE', ( #2852 ), #4088 ) ;
#839 = UNCERTAINTY_MEASURE_WITH_UNIT (LENGTH_MEASURE( 1.000000000000000082E-05 ), #1224, 'distance_accuracy_value', 'NONE');
#840 = APPLICATION_PROTOCOL_DEFINITION ( 'draft international standard', 'automotive_design', 1998, #1558 ) ;
#841 = UNCERTAINTY_MEASURE_WITH_UNIT (LENGTH_MEASURE( 1.000000000000000082E-05 ), #3233, 'distance_accuracy_value', 'NONE');
#842 = DIRECTION ( 'NONE',  ( 1.000000000000000000, 4.749352646498039829E-16, 0.000000000000000000 ) ) ;
#843 = FACE_OUTER_BOUND ( 'NONE', #5555, .T. ) ;
#844 =( NAMED_UNIT ( * ) SI_UNIT ( $, .STERADIAN. ) SOLID_ANGLE_UNIT ( ) );
#845 = FILL_AREA_STYLE ('',( #876 ) ) ;
#846 = ADVANCED_FACE ( 'NONE', ( #3150 ), #1269, .T. ) ;
#847 = EDGE_LOOP ( 'NONE', ( #2, #4058, #4094, #3765, #2493, #5197 ) ) ;
#848 = DIRECTION ( 'NONE',  ( 0.000000000000000000, 0.000000000000000000, 1.000000000000000000 ) ) ;
#849 = DIMENSIONAL_EXPONENTS ( 1.000000000000000000, 0.000000000000000000, 0.000000000000000000, 0.000000000000000000, 0.000000000000000000, 0.000000000000000000, 0.000000000000000000 ) ;
#850 =( CONVERSION_BASED_UNIT ( 'INCH', #32 ) LENGTH_UNIT ( ) NAMED_UNIT ( #2147 ) );
#851 = CARTESIAN_POINT ( 'NONE',  ( 0.01850393700787405366, -0.03976377952755906497, 0.08228346456692912925 ) ) ;
#852 = DIMENSIONAL_EXPONENTS ( 1.000000000000000000, 0.000000000000000000, 0.000000000000000000, 0.000000000000000000, 0.000000000000000000, 0.000000000000000000, 0.000000000000000000 ) ;
#853 = EDGE_CURVE ( 'NONE', #4235, #2932, #118, .T. ) ;
#854 = ORIENTED_EDGE ( 'NONE', *, *, #5775, .F. ) ;
#855 = LENGTH_MEASURE_WITH_UNIT ( LENGTH_MEASURE( 0.02539999999999999897 ), #1853 );
#856 = PRESENTATION_STYLE_ASSIGNMENT (( #787 ) ) ;
#857 = VERTEX_POINT ( 'NONE', #6232 ) ;
#858 = PRESENTATION_LAYER_ASSIGNMENT (  '', '', ( #566 ) ) ;
#859 = LENGTH_MEASURE_WITH_UNIT ( LENGTH_MEASURE( 0.02539999999999999897 ), #4715 );
#860 = CARTESIAN_POINT ( 'NONE',  ( -0.1201913165511905440, -0.07197123939660303449, 0.1257216526120961686 ) ) ;
#861 = DIMENSIONAL_EXPONENTS ( 1.000000000000000000, 0.000000000000000000, 0.000000000000000000, 0.000000000000000000, 0.000000000000000000, 0.000000000000000000, 0.000000000000000000 ) ;
#862 = CARTESIAN_POINT ( 'NONE',  ( 0.02227454735007463119, -0.03953647627197257042, -0.08251076782251559605 ) ) ;
#863 = CARTESIAN_POINT ( 'NONE',  ( 0.1219421250530410145, 0.07197123939660304837, 0.1239708441102457120 ) ) ;
#864 = EDGE_CURVE ( 'NONE', #4318, #3951, #2741, .T. ) ;
#865 = CARTESIAN_POINT ( 'NONE',  ( 0.1220775505619585283, 0.07210666490552064545, 0.005079534466644668352 ) ) ;
#866 = VERTEX_POINT ( 'NONE', #1034 ) ;
#867 = STYLED_ITEM ( 'NONE', ( #4913 ), #2955 ) ;
#868 = SURFACE_SIDE_STYLE ('',( #5139 ) ) ;
#869 = SURFACE_STYLE_USAGE ( .BOTH. , #1869 ) ;
#870 = CARTESIAN_POINT ( 'NONE',  ( 0.1202310044669086947, 0.07416801234092444683, 0.1240105320259638350 ) ) ;
#871 = CARTESIAN_POINT ( 'NONE',  ( 0.02204724409448819214, 0.03897637795275602640, -0.07834645669291338821 ) ) ;
#872 = DIRECTION ( 'NONE',  ( -1.000000000000000000, -0.000000000000000000, 0.000000000000000000 ) ) ;
#873 = MECHANICAL_DESIGN_GEOMETRIC_PRESENTATION_REPRESENTATION (  '', ( #1368 ), #4109 ) ;
#874 = CARTESIAN_POINT ( 'NONE',  ( 0.02204724409448819214, -0.02450787401574803723, -0.0003937007874015748519 ) ) ;
#875 = SURFACE_SIDE_STYLE ('',( #3763 ) ) ;
#876 = FILL_AREA_STYLE_COLOUR ( '', #736 ) ;
#877 = STYLED_ITEM ( 'NONE', ( #648 ), #251 ) ;
#878 = CARTESIAN_POINT ( 'NONE',  ( 0.01850393700787405366, 0.03976377952755905804, 0.08267716535433072833 ) ) ;
#879 = AXIS2_PLACEMENT_3D ( 'NONE', #3892, #454, #5824 ) ;
#880 = DIRECTION ( 'NONE',  ( -0.4082482904638670140, -0.8164965809277330289, -0.4082482904638449761 ) ) ;
#881 = ORIENTED_EDGE ( 'NONE', *, *, #1797, .F. ) ;
#882 = COLOUR_RGB ( '',0.7490196078431372584, 0.7490196078431372584, 0.7490196078431372584 ) ;
#883 =( NAMED_UNIT ( * ) SI_UNIT ( $, .STERADIAN. ) SOLID_ANGLE_UNIT ( ) );
#884 = AXIS2_PLACEMENT_3D ( 'NONE', #1789, #2792, #6221 ) ;
#885 = SURFACE_STYLE_FILL_AREA ( #6287 ) ;
#886 = DIRECTION ( 'NONE',  ( 0.000000000000000000, -0.000000000000000000, -1.000000000000000000 ) ) ;
#887 =( NAMED_UNIT ( * ) PLANE_ANGLE_UNIT ( ) SI_UNIT ( $, .RADIAN. ) );
#888 = ORIENTED_EDGE ( 'NONE', *, *, #510, .F. ) ;
#889 = PRESENTATION_STYLE_ASSIGNMENT (( #450 ) ) ;
#890 = LENGTH_MEASURE_WITH_UNIT ( LENGTH_MEASURE( 0.02539999999999999897 ), #3346 );
#891 = ORIENTED_EDGE ( 'NONE', *, *, #2044, .F. ) ;
#892 = CARTESIAN_POINT ( 'NONE',  ( 0.02204724409448819214, 0.04862204724409449619, 0.000000000000000000 ) ) ;
#893 = COLOUR_RGB ( '',0.2862745098039215508, 0.2862745098039215508, 0.2862745098039215508 ) ;
#894 = DIRECTION ( 'NONE',  ( 1.000000000000000000, 0.000000000000000000, 0.000000000000000000 ) ) ;
#895 = CARTESIAN_POINT ( 'NONE',  ( 0.02204724409448819214, -0.03897637795275583905, 0.07874015748031494566 ) ) ;
#896 = CARTESIAN_POINT ( 'NONE',  ( 0.02240563253514227943, -0.03963361187837414340, -0.08218541142464480531 ) ) ;
#897 = PRESENTATION_STYLE_ASSIGNMENT (( #3684 ) ) ;
#898 = CARTESIAN_POINT ( 'NONE',  ( -0.1186042224775547965, 0.07368233430891661662, 0.1246659579513020033 ) ) ;
#899 = CARTESIAN_POINT ( 'NONE',  ( 0.02244094488188978428, -0.03976377952755905804, 0.08228346456692912925 ) ) ;
#900 = DIMENSIONAL_EXPONENTS ( 1.000000000000000000, 0.000000000000000000, 0.000000000000000000, 0.000000000000000000, 0.000000000000000000, 0.000000000000000000, 0.000000000000000000 ) ;
#901 = ORIENTED_EDGE ( 'NONE', *, *, #1196, .F. ) ;
#902 = COLOUR_RGB ( '',0.7490196078431372584, 0.7490196078431372584, 0.7490196078431372584 ) ;
#903 = DIRECTION ( 'NONE',  ( -1.000000000000000000, -4.749352646498039829E-16, 0.000000000000000000 ) ) ;
#904 = FILL_AREA_STYLE_COLOUR ( '', #2354 ) ;
#905 = DIMENSIONAL_EXPONENTS ( 1.000000000000000000, 0.000000000000000000, 0.000000000000000000, 0.000000000000000000, 0.000000000000000000, 0.000000000000000000, 0.000000000000000000 ) ;
#906 = APPLICATION_CONTEXT ( 'automotive_design' ) ;
#907 = SURFACE_SIDE_STYLE ('',( #3395 ) ) ;
#908 = EDGE_CURVE ( 'NONE', #2581, #3278, #5790, .T. ) ;
#909 = DIRECTION ( 'NONE',  ( 0.000000000000000000, 1.000000000000000000, 0.000000000000000000 ) ) ;
#910 = CARTESIAN_POINT ( 'NONE',  ( 0.02227786867623108083, -0.03920700253449871386, 0.07874015748031494566 ) ) ;
#911 = FACE_OUTER_BOUND ( 'NONE', #5019, .T. ) ;
#912 = DIRECTION ( 'NONE',  ( 0.5773502691896272854, 0.5773502691896229555, 0.5773502691896272854 ) ) ;
#913 = ORIENTED_EDGE ( 'NONE', *, *, #3762, .F. ) ;
#914 = FILL_AREA_STYLE ('',( #3259 ) ) ;
#915 = CARTESIAN_POINT ( 'NONE',  ( 0.02204724409448820602, 0.04862204724409449619, 0.0003937007874015673167 ) ) ;
#916 = CARTESIAN_POINT ( 'NONE',  ( 0.02204724409448819214, -0.03976377952755905804, -0.08228346456692912925 ) ) ;
#917 = CARTESIAN_POINT ( 'NONE',  ( 0.02244094488188980163, -0.04862204724409449619, 0.08228346456692912925 ) ) ;
#918 = ORIENTED_EDGE ( 'NONE', *, *, #1424, .F. ) ;
#919 = STYLED_ITEM ( 'NONE', ( #1440 ), #948 ) ;
#920 = FILL_AREA_STYLE ('',( #2761 ) ) ;
#921 =( LENGTH_UNIT ( ) NAMED_UNIT ( * ) SI_UNIT ( $, .METRE. ) );
#922 = ORIENTED_EDGE ( 'NONE', *, *, #6240, .T. ) ;
#923 = EDGE_CURVE ( 'NONE', #2706, #1227, #5385, .T. ) ;
#924 = AXIS2_PLACEMENT_3D ( 'NONE', #4343, #5345, #78 ) ;
#925 = DIMENSIONAL_EXPONENTS ( 1.000000000000000000, 0.000000000000000000, 0.000000000000000000, 0.000000000000000000, 0.000000000000000000, 0.000000000000000000, 0.000000000000000000 ) ;
#926 = COLOUR_RGB ( '',0.2862745098039215508, 0.2862745098039215508, 0.2862745098039215508 ) ;
#927 = CARTESIAN_POINT ( 'NONE',  ( -0.02244094488188972530, -0.04901574803149607445, 0.000000000000000000 ) ) ;
#928 =( NAMED_UNIT ( * ) SI_UNIT ( $, .STERADIAN. ) SOLID_ANGLE_UNIT ( ) );
#929 = SURFACE_STYLE_FILL_AREA ( #1934 ) ;
#930 = CARTESIAN_POINT ( 'NONE',  ( -0.1202310044669087502, 0.07416801234092444683, 0.1240105320259639321 ) ) ;
#931 = PRESENTATION_STYLE_ASSIGNMENT (( #2895 ) ) ;
#932 = VERTEX_POINT ( 'NONE', #4316 ) ;
#933 = DIRECTION ( 'NONE',  ( 1.000000000000000000, 4.749352646498039829E-16, 0.000000000000000000 ) ) ;
#934 = COLOUR_RGB ( '',0.7490196078431372584, 0.7490196078431372584, 0.7490196078431372584 ) ;
#935 = LINE ( 'NONE', #561, #3385 ) ;
#936 = CARTESIAN_POINT ( 'NONE',  ( 0.1208864303922468353, -0.07254123035157057642, 0.005254673565099160677 ) ) ;
#937 = SURFACE_SIDE_STYLE ('',( #4761 ) ) ;
#938 = VECTOR ( 'NONE', #2899, 39.37007874015748143 ) ;
#939 = VERTEX_POINT ( 'NONE', #5871 ) ;
#940 = DIMENSIONAL_EXPONENTS ( 1.000000000000000000, 0.000000000000000000, 0.000000000000000000, 0.000000000000000000, 0.000000000000000000, 0.000000000000000000, 0.000000000000000000 ) ;
#941 = AXIS2_PLACEMENT_3D ( 'NONE', #293, #5241, #3274 ) ;
#942 = CARTESIAN_POINT ( 'NONE',  ( 0.02204724409448819214, -0.04901574803149608139, -0.08267716535433072833 ) ) ;
#943 = CARTESIAN_POINT ( 'NONE',  ( -0.1219421250530410283, 0.07197123939660300673, 0.1239708441102457120 ) ) ;
#944 = FACE_OUTER_BOUND ( 'NONE', #3888, .T. ) ;
#946 = DIRECTION ( 'NONE',  ( 1.000000000000000000, 0.000000000000000000, 0.000000000000000000 ) ) ;
#945 = CARTESIAN_POINT ( 'NONE',  ( -0.02204724409448816091, 0.04862204724409448925, 0.000000000000000000 ) ) ;
#947 = CIRCLE ( 'NONE', #1737, 0.0003937007874015758277 ) ;
#948 = ADVANCED_FACE ( 'NONE', ( #1871 ), #2982, .T. ) ;
#949 = FILL_AREA_STYLE ('',( #2618 ) ) ;
#950 = CARTESIAN_POINT ( 'NONE',  ( 2.398833465510976296E-17, -3.284990769240909256E-18, 0.000000000000000000 ) ) ;
#951 =( LENGTH_UNIT ( ) NAMED_UNIT ( * ) SI_UNIT ( $, .METRE. ) );
#952 = FILL_AREA_STYLE_COLOUR ( '', #4468 ) ;
#953 = ORIENTED_EDGE ( 'NONE', *, *, #6195, .T. ) ;
#954 = SURFACE_SIDE_STYLE ('',( #3978 ) ) ;
#955 = ORIENTED_EDGE ( 'NONE', *, *, #3033, .T. ) ;
#956 =( NAMED_UNIT ( * ) SI_UNIT ( $, .STERADIAN. ) SOLID_ANGLE_UNIT ( ) );
#957 =( CONVERSION_BASED_UNIT ( 'INCH', #5888 ) LENGTH_UNIT ( ) NAMED_UNIT ( #693 ) );
#958 = PRESENTATION_STYLE_ASSIGNMENT (( #6261 ) ) ;
#959 = CARTESIAN_POINT ( 'NONE',  ( 0.02227454735007465200, -0.03953647627197259817, -0.08251076782251560993 ) ) ;
#960 = DIRECTION ( 'NONE',  ( -0.000000000000000000, -0.000000000000000000, -1.000000000000000000 ) ) ;
#961 = PRESENTATION_STYLE_ASSIGNMENT (( #827 ) ) ;
#962 = FILL_AREA_STYLE ('',( #5308 ) ) ;
#963 = EDGE_CURVE ( 'NONE', #4198, #4563, #974, .T. ) ;
#964 = AXIS2_PLACEMENT_3D ( 'NONE', #4707, #6175, #2863 ) ;
#965 = ORIENTED_EDGE ( 'NONE', *, *, #209, .T. ) ;
#966 = DIRECTION ( 'NONE',  ( -0.4082482904638738419, 0.4082482904638628507, 0.8164965809277207054 ) ) ;
#967 = EDGE_CURVE ( 'NONE', #2423, #5167, #594, .T. ) ;
#968 = CARTESIAN_POINT ( 'NONE',  ( 0.02241460551533254464, -0.04863924696456876223, -0.0002014202167422606742 ) ) ;
#969 = UNCERTAINTY_MEASURE_WITH_UNIT (LENGTH_MEASURE( 1.000000000000000082E-05 ), #2004, 'distance_accuracy_value', 'NONE');
#970 = EDGE_CURVE ( 'NONE', #1153, #3394, #3872, .T. ) ;
#971 = STYLED_ITEM ( 'NONE', ( #1267 ), #3859 ) ;
#972 = LENGTH_MEASURE_WITH_UNIT ( LENGTH_MEASURE( 0.02539999999999999897 ), #1509 );
#973 = SURFACE_STYLE_FILL_AREA ( #3789 ) ;
#974 = LINE ( 'NONE', #4829, #5481 ) ;
#975 = VERTEX_POINT ( 'NONE', #3901 ) ;
#976 = COLOUR_RGB ( '',0.7490196078431372584, 0.7490196078431372584, 0.7490196078431372584 ) ;
#977 = PRESENTATION_STYLE_ASSIGNMENT (( #5766 ) ) ;
#978 = FILL_AREA_STYLE ('',( #5902 ) ) ;
#979 = CARTESIAN_POINT ( 'NONE',  ( 0.03106900915822421658, -0.03897637795275581823, 0.07874015748031494566 ) ) ;
#980 = FILL_AREA_STYLE ('',( #3398 ) ) ;
#981 = SURFACE_SIDE_STYLE ('',( #3401 ) ) ;
#982 = COLOUR_RGB ( '',0.7490196078431372584, 0.7490196078431372584, 0.7490196078431372584 ) ;
#983 = SURFACE_SIDE_STYLE ('',( #5018 ) ) ;
#984 = LENGTH_MEASURE_WITH_UNIT ( LENGTH_MEASURE( 0.02539999999999999897 ), #4739 );
#985 = CARTESIAN_POINT ( 'NONE',  ( 0.02240563253514228290, 0.03963361187837417116, -0.08218541142464481919 ) ) ;
#986 = SURFACE_STYLE_USAGE ( .BOTH. , #5776 ) ;
#987 = ORIENTED_EDGE ( 'NONE', *, *, #2562, .F. ) ;
#988 = DIRECTION ( 'NONE',  ( 0.000000000000000000, 0.000000000000000000, 1.000000000000000000 ) ) ;
#989 = ORIENTED_EDGE ( 'NONE', *, *, #6014, .T. ) ;
#990 =( CONVERSION_BASED_UNIT ( 'INCH', #2658 ) LENGTH_UNIT ( ) NAMED_UNIT ( #6202 ) );
#991 = CARTESIAN_POINT ( 'NONE',  ( 0.02227454735007465894, -0.04884935049968095605, -0.0001663975318151039305 ) ) ;
#992 = CARTESIAN_POINT ( 'NONE',  ( 0.05002797945349035658, 0.07303149606299214058, 0.003937007874015747977 ) ) ;
#993 = ADVANCED_FACE ( 'NONE', ( #5837 ), #4390, .F. ) ;
#994 = EDGE_CURVE ( 'NONE', #4376, #1557, #563, .T. ) ;
#995 = ORIENTED_EDGE ( 'NONE', *, *, #5673, .T. ) ;
#996 = DIRECTION ( 'NONE',  ( 1.000000000000000000, 0.000000000000000000, 0.000000000000000000 ) ) ;
#997 = CARTESIAN_POINT ( 'NONE',  ( 0.04921259842519685318, -0.07583074183071096541, 0.004288847158234511577 ) ) ;
#998 = UNCERTAINTY_MEASURE_WITH_UNIT (LENGTH_MEASURE( 1.000000000000000082E-05 ), #4921, 'distance_accuracy_value', 'NONE');
#999 = EDGE_CURVE ( 'NONE', #5371, #2029, #116, .T. ) ;
#1000 = VERTEX_POINT ( 'NONE', #148 ) ;
#1001 = DIMENSIONAL_EXPONENTS ( 1.000000000000000000, 0.000000000000000000, 0.000000000000000000, 0.000000000000000000, 0.000000000000000000, 0.000000000000000000, 0.000000000000000000 ) ;
#1002 =( NAMED_UNIT ( * ) SI_UNIT ( $, .STERADIAN. ) SOLID_ANGLE_UNIT ( ) );
#1003 =( NAMED_UNIT ( * ) PLANE_ANGLE_UNIT ( ) SI_UNIT ( $, .RADIAN. ) );
#1004 = CARTESIAN_POINT ( 'NONE',  ( 0.05118110236220473758, -0.07499999999999999722, 0.005905511811023621965 ) ) ;
#1005 = FACE_OUTER_BOUND ( 'NONE', #2610, .T. ) ;
#1006 = STYLED_ITEM ( 'NONE', ( #961 ), #1182 ) ;
#1007 = DIRECTION ( 'NONE',  ( 0.000000000000000000, 0.000000000000000000, 1.000000000000000000 ) ) ;
#1008 = ORIENTED_EDGE ( 'NONE', *, *, #999, .T. ) ;
#1009 = COLOUR_RGB ( '',0.7490196078431372584, 0.7490196078431372584, 0.7490196078431372584 ) ;
#1010 = CYLINDRICAL_SURFACE ( 'NONE', #4477, 0.0003937007874015748519 ) ;
#1011 = DIRECTION ( 'NONE',  ( 0.000000000000000000, 0.000000000000000000, 1.000000000000000000 ) ) ;
#1012 = SURFACE_SIDE_STYLE ('',( #2892 ) ) ;
#1013 = CARTESIAN_POINT ( 'NONE',  ( 0.1190944881889763746, 0.07303149606299214058, 0.1228740157480314871 ) ) ;
#1014 = CARTESIAN_POINT ( 'NONE',  ( -0.06053149606299212948, -0.07303149606299212671, 0.005905511811023621965 ) ) ;
#1015 = LENGTH_MEASURE_WITH_UNIT ( LENGTH_MEASURE( 0.02539999999999999897 ), #3439 );
#1016 = CYLINDRICAL_SURFACE ( 'NONE', #1713, 0.0003937007874015758277 ) ;
#1017 =( CONVERSION_BASED_UNIT ( 'INCH', #3555 ) LENGTH_UNIT ( ) NAMED_UNIT ( #5271 ) );
#1018 = EDGE_CURVE ( 'NONE', #1557, #5586, #683, .T. ) ;
#1019 = ORIENTED_EDGE ( 'NONE', *, *, #1610, .T. ) ;
#1020 = VERTEX_POINT ( 'NONE', #5473 ) ;
#1021 = PRESENTATION_LAYER_ASSIGNMENT (  '', '', ( #2028 ) ) ;
#1022 = LENGTH_MEASURE_WITH_UNIT ( LENGTH_MEASURE( 0.02539999999999999897 ), #4340 );
#1023 =( LENGTH_UNIT ( ) NAMED_UNIT ( * ) SI_UNIT ( $, .METRE. ) );
#1024 = ORIENTED_EDGE ( 'NONE', *, *, #639, .F. ) ;
#1025 = LENGTH_MEASURE_WITH_UNIT ( LENGTH_MEASURE( 0.02539999999999999897 ), #5828 );
#1026 = CARTESIAN_POINT ( 'NONE',  ( 0.05118110236220473064, -0.07499991257304911008, 0.005924064248884144783 ) ) ;
#1027 = CIRCLE ( 'NONE', #5276, 0.0003937007874015758277 ) ;
#1028 = VERTEX_POINT ( 'NONE', #2070 ) ;
#1029 = PRESENTATION_LAYER_ASSIGNMENT (  '', '', ( #4465 ) ) ;
#1030 = CARTESIAN_POINT ( 'NONE',  ( 0.02207460233325029067, -0.04883499509335045147, 4.790289133975251178E-05 ) ) ;
#1031 = CIRCLE ( 'NONE', #1815, 0.001968503937007879193 ) ;
#1032 = CARTESIAN_POINT ( 'NONE',  ( 0.04964522440642459011, -0.07500000000000001110, 0.004054944820243989480 ) ) ;
#1033 =( GEOMETRIC_REPRESENTATION_CONTEXT ( 3 ) GLOBAL_UNCERTAINTY_ASSIGNED_CONTEXT ( ( #2527 ) ) GLOBAL_UNIT_ASSIGNED_CONTEXT ( ( #1872, #2947, #1367 ) ) REPRESENTATION_CONTEXT ( 'NONE', 'WORKASPACE' ) );
#1034 = CARTESIAN_POINT ( 'NONE',  ( 0.02244094488188978428, -0.03976377952755905804, -0.08228346456692912925 ) ) ;
#1035 = FILL_AREA_STYLE_COLOUR ( '', #5069 ) ;
#1036 = ORIENTED_EDGE ( 'NONE', *, *, #864, .F. ) ;
#1037 = CIRCLE ( 'NONE', #4369, 0.0003937007874015758277 ) ;
#1038 = LINE ( 'NONE', #538, #6193 ) ;
#1039 = DIRECTION ( 'NONE',  ( -0.000000000000000000, -0.000000000000000000, -1.000000000000000000 ) ) ;
#1040 = PRESENTATION_LAYER_ASSIGNMENT (  '', '', ( #4770 ) ) ;
#1042 = SURFACE_STYLE_FILL_AREA ( #2507 ) ;
#1041 = CARTESIAN_POINT ( 'NONE',  ( 0.02204724409448819214, 0.03937007874015747977, 0.08228346456692912925 ) ) ;
#1043 =( GEOMETRIC_REPRESENTATION_CONTEXT ( 3 ) GLOBAL_UNCERTAINTY_ASSIGNED_CONTEXT ( ( #491 ) ) GLOBAL_UNIT_ASSIGNED_CONTEXT ( ( #2265, #2334, #5571 ) ) REPRESENTATION_CONTEXT ( 'NONE', 'WORKASPACE' ) );
#1044 = PRODUCT ( 'Lead_MIR3', 'Lead_MIR3', '', ( #5627 ) ) ;
#1045 = CARTESIAN_POINT ( 'NONE',  ( 0.02227454735007467629, 0.04894214530492790177, 0.0002591923370620448277 ) ) ;
#1046 = AXIS2_PLACEMENT_3D ( 'NONE', #5922, #5471, #2643 ) ;
#1047 = EDGE_CURVE ( 'NONE', #2304, #5272, #525, .T. ) ;
#1048 = EDGE_CURVE ( 'NONE', #5971, #1864, #4062, .T. ) ;
#1049 = SURFACE_STYLE_FILL_AREA ( #2543 ) ;
#1050 = EDGE_CURVE ( 'NONE', #141, #6128, #5899, .T. ) ;
#1051 = ORIENTED_EDGE ( 'NONE', *, *, #303, .F. ) ;
#1052 = CARTESIAN_POINT ( 'NONE',  ( 0.02244094488188976694, 0.03897637795275602640, 0.07834645669291337433 ) ) ;
#1053 = FILL_AREA_STYLE_COLOUR ( '', #3617 ) ;
#1054 = AXIS2_PLACEMENT_3D ( 'NONE', #6151, #1792, #3743 ) ;
#1055 = ORIENTED_EDGE ( 'NONE', *, *, #1154, .T. ) ;
#1056 = EDGE_CURVE ( 'NONE', #2423, #4542, #4645, .T. ) ;
#1057 = CARTESIAN_POINT ( 'NONE',  ( 0.02204724409448819214, -0.04901574803149607445, 0.000000000000000000 ) ) ;
#1058 = ORIENTED_EDGE ( 'NONE', *, *, #4984, .F. ) ;
#1059 = SURFACE_SIDE_STYLE ('',( #5892 ) ) ;
#1060 = UNCERTAINTY_MEASURE_WITH_UNIT (LENGTH_MEASURE( 1.000000000000000082E-05 ), #1702, 'distance_accuracy_value', 'NONE');
#1061 = UNCERTAINTY_MEASURE_WITH_UNIT (LENGTH_MEASURE( 1.000000000000000082E-05 ), #5816, 'distance_accuracy_value', 'NONE');
#1062 = ORIENTED_EDGE ( 'NONE', *, *, #6252, .T. ) ;
#1063 = CARTESIAN_POINT ( 'NONE',  ( 0.02240563253514227596, -0.04852399410181017919, -0.0002635331382166940977 ) ) ;
#1064 = EDGE_CURVE ( 'NONE', #5010, #3161, #2965, .T. ) ;
#1065 = CARTESIAN_POINT ( 'NONE',  ( -0.1190944881889763746, -0.07303149606299212671, 0.1228740157480315009 ) ) ;
#1066 = DIRECTION ( 'NONE',  ( -0.000000000000000000, 1.000000000000000000, -0.000000000000000000 ) ) ;
#1067 = ORIENTED_EDGE ( 'NONE', *, *, #5529, .F. ) ;
#1068 = CLOSED_SHELL ( 'NONE', ( #2164, #5963, #2949, #2469, #2305, #4135, #4353, #2954, #3711, #1847, #2171, #4010, #389, #2271, #326, #5983, #3967, #2302, #5836, #3859, #1313, #2216, #5513, #4733, #6142, #6058, #5468, #344, #3400, #4522, #5975, #426, #5788, #1612, #5703, #1734, #2794 ) ) ;
#1069 = CIRCLE ( 'NONE', #3004, 0.0003937007874015758277 ) ;
#1070 = CARTESIAN_POINT ( 'NONE',  ( -0.05002797945349035658, 0.07419325463680137567, 0.003937007874015745375 ) ) ;
#1071 = CARTESIAN_POINT ( 'NONE',  ( 0.02244094488188980163, -0.04862204724409449619, -0.08228346456692912925 ) ) ;
#1072 = STYLED_ITEM ( 'NONE', ( #280 ), #263 ) ;
#1073 =( NAMED_UNIT ( * ) SI_UNIT ( $, .STERADIAN. ) SOLID_ANGLE_UNIT ( ) );
#1074 = LINE ( 'NONE', #2891, #2906 ) ;
#1075 = CARTESIAN_POINT ( 'NONE',  ( 0.02244094488188977388, -0.03953315494581609996, -0.07913385826771651699 ) ) ;
#1076 = MECHANICAL_DESIGN_GEOMETRIC_PRESENTATION_REPRESENTATION (  '', ( #3604 ), #2277 ) ;
#1077 =( LENGTH_UNIT ( ) NAMED_UNIT ( * ) SI_UNIT ( $, .METRE. ) );
#1078 =( LENGTH_UNIT ( ) NAMED_UNIT ( * ) SI_UNIT ( $, .METRE. ) );
#1079 =( NAMED_UNIT ( * ) SI_UNIT ( $, .STERADIAN. ) SOLID_ANGLE_UNIT ( ) );
#1080 =( GEOMETRIC_REPRESENTATION_CONTEXT ( 3 ) GLOBAL_UNCERTAINTY_ASSIGNED_CONTEXT ( ( #969 ) ) GLOBAL_UNIT_ASSIGNED_CONTEXT ( ( #2004, #3561, #4011 ) ) REPRESENTATION_CONTEXT ( 'NONE', 'WORKASPACE' ) );
#1081 =( BOUNDED_CURVE ( )  B_SPLINE_CURVE ( 3, ( #294, #1739, #5615, #5133 ),
 .UNSPECIFIED., .F., .T. ) 
 B_SPLINE_CURVE_WITH_KNOTS ( ( 4, 4 ),
 ( 1.570796326794896558, 3.141592653589793116 ),
 .UNSPECIFIED. ) 
 CURVE ( )  GEOMETRIC_REPRESENTATION_ITEM ( )  RATIONAL_B_SPLINE_CURVE ( ( 1.000000000000000000, 0.8047378541243649375, 0.8047378541243649375, 1.000000000000000000 ) ) 
 REPRESENTATION_ITEM ( '' )  );
#1082 =( CONVERSION_BASED_UNIT ( 'INCH', #2997 ) LENGTH_UNIT ( ) NAMED_UNIT ( #1814 ) );
#1083 = CARTESIAN_POINT ( 'NONE',  ( 0.02194919095220388902, -0.03963361187837417116, 0.08264185300758322694 ) ) ;
#1084 = MECHANICAL_DESIGN_GEOMETRIC_PRESENTATION_REPRESENTATION (  '', ( #3813 ), #3186 ) ;
#1085 = EDGE_LOOP ( 'NONE', ( #685, #5104, #3981, #2725 ) ) ;
#1086 = DIRECTION ( 'NONE',  ( 0.000000000000000000, 0.000000000000000000, 1.000000000000000000 ) ) ;
#1087 =( NAMED_UNIT ( * ) PLANE_ANGLE_UNIT ( ) SI_UNIT ( $, .RADIAN. ) );
#1088 = ORIENTED_EDGE ( 'NONE', *, *, #5070, .F. ) ;
#1089 = COLOUR_RGB ( '',0.7490196078431372584, 0.7490196078431372584, 0.7490196078431372584 ) ;
#1090 = EDGE_CURVE ( 'NONE', #5777, #1538, #5360, .T. ) ;
#1091 = DIRECTION ( 'NONE',  ( 0.000000000000000000, 1.000000000000000000, 0.000000000000000000 ) ) ;
#1092 = CARTESIAN_POINT ( 'NONE',  ( 0.02236734215532158038, -0.04875655569443401727, 0.0001663975318151057466 ) ) ;
#1093 = ORIENTED_EDGE ( 'NONE', *, *, #1056, .F. ) ;
#1094 = CARTESIAN_POINT ( 'NONE',  ( 0.02204724409448819214, -0.04862204724409449619, -0.0003937007874015748519 ) ) ;
#1095 = EDGE_CURVE ( 'NONE', #2825, #4037, #4123, .T. ) ;
#1096 = MECHANICAL_DESIGN_GEOMETRIC_PRESENTATION_REPRESENTATION (  '', ( #2805 ), #1992 ) ;
#1097 = ORIENTED_EDGE ( 'NONE', *, *, #1482, .T. ) ;
#1098 = CARTESIAN_POINT ( 'NONE',  ( -0.1208551716358266109, -0.07391183778641724489, 0.1228740157480315009 ) ) ;
#1099 =( LENGTH_UNIT ( ) NAMED_UNIT ( * ) SI_UNIT ( $, .METRE. ) );
#1100 =( LENGTH_UNIT ( ) NAMED_UNIT ( * ) SI_UNIT ( $, .METRE. ) );
#1101 = DIRECTION ( 'NONE',  ( 0.000000000000000000, 0.000000000000000000, 1.000000000000000000 ) ) ;
#1102 = ADVANCED_FACE ( 'NONE', ( #624 ), #4018, .F. ) ;
#1103 = ORIENTED_EDGE ( 'NONE', *, *, #2633, .T. ) ;
#1104 = DIRECTION ( 'NONE',  ( 4.749352646498039829E-16, -1.000000000000000000, 0.000000000000000000 ) ) ;
#1105 =( NAMED_UNIT ( * ) PLANE_ANGLE_UNIT ( ) SI_UNIT ( $, .RADIAN. ) );
#1106 = STYLED_ITEM ( 'NONE', ( #2785 ), #344 ) ;
#1107 = COLOUR_RGB ( '',0.8313725490196077761, 0.8313725490196077761, 0.8313725490196077761 ) ;
#1108 = CARTESIAN_POINT ( 'NONE',  ( -0.04921259842519685318, 0.07499999999999999722, 0.000000000000000000 ) ) ;
#1109 =( NAMED_UNIT ( * ) PLANE_ANGLE_UNIT ( ) SI_UNIT ( $, .RADIAN. ) );
#1110 = PLANE ( 'NONE',  #1808 ) ;
#1111 =( BOUNDED_SURFACE ( )  B_SPLINE_SURFACE ( 3, 3, ( 
 ( #959, #862, #2390, #4815 ),
 ( #4307, #2938, #4341, #385 ),
 ( #4848, #4752, #1393, #4380 ),
 ( #3745, #3311, #5240, #896 ) ),
 .UNSPECIFIED., .F., .F., .T. ) 
 B_SPLINE_SURFACE_WITH_KNOTS ( ( 4, 4 ),
 ( 4, 4 ),
 ( 0.000000000000000000, 1.000000000000000000 ),
 ( 0.000000000000000000, 1.000000000000000000 ),
 .UNSPECIFIED. ) 
 GEOMETRIC_REPRESENTATION_ITEM ( )  RATIONAL_B_SPLINE_SURFACE ( (
 ( 1.000000000000000000, 0.3333333333333473036, 0.3333333333333473036, 1.000000000000000000),
 ( 0.9245018060306435803, 0.3081672686768940905, 0.3081672686768940905, 0.9245018060306435803),
 ( 0.9245018060306435803, 0.3081672686768940905, 0.3081672686768940905, 0.9245018060306435803),
 ( 1.000000000000000000, 0.3333333333333473036, 0.3333333333333473036, 1.000000000000000000) ) ) 
 REPRESENTATION_ITEM ( '' )  SURFACE ( )  );
#1112 = EDGE_CURVE ( 'NONE', #4889, #1020, #3654, .T. ) ;
#1113 = UNCERTAINTY_MEASURE_WITH_UNIT (LENGTH_MEASURE( 1.000000000000000082E-05 ), #2764, 'distance_accuracy_value', 'NONE');
#1114 = FILL_AREA_STYLE ('',( #4845 ) ) ;
#1115 = SURFACE_SIDE_STYLE ('',( #5362 ) ) ;
#1116 = CARTESIAN_POINT ( 'NONE',  ( 0.02227454735007467282, 0.04884935049968098381, 0.0001663975318150907304 ) ) ;
#1117 = PRESENTATION_STYLE_ASSIGNMENT (( #2056 ) ) ;
#1118 = ORIENTED_EDGE ( 'NONE', *, *, #1415, .F. ) ;
#1119 = DIRECTION ( 'NONE',  ( 1.000000000000000000, 0.000000000000000000, 0.000000000000000000 ) ) ;
#1120 = ORIENTED_EDGE ( 'NONE', *, *, #1634, .F. ) ;
#1121 = CARTESIAN_POINT ( 'NONE',  ( -0.04921259842519688094, -0.07303149606299214058, 0.003121626845722251953 ) ) ;
#1122 = ORIENTED_EDGE ( 'NONE', *, *, #3345, .T. ) ;
#1123 = LINE ( 'NONE', #2034, #2227 ) ;
#1124 = MECHANICAL_DESIGN_GEOMETRIC_PRESENTATION_REPRESENTATION (  '', ( #3134 ), #203 ) ;
#1125 = ORIENTED_EDGE ( 'NONE', *, *, #4045, .T. ) ;
#1126 = MECHANICAL_DESIGN_GEOMETRIC_PRESENTATION_REPRESENTATION (  '', ( #3970 ), #4957 ) ;
#1127 = PLANE ( 'NONE',  #681 ) ;
#1128 = FACE_OUTER_BOUND ( 'NONE', #2451, .T. ) ;
#1129 = DIRECTION ( 'NONE',  ( 0.000000000000000000, 0.000000000000000000, 1.000000000000000000 ) ) ;
#1130 = VECTOR ( 'NONE', #4041, 39.37007874015748143 ) ;
#1131 = CARTESIAN_POINT ( 'NONE',  ( 0.02244094488188976694, 0.03897637795275601946, -0.07834645669291344372 ) ) ;
#1132 = VERTEX_POINT ( 'NONE', #3230 ) ;
#1133 = UNCERTAINTY_MEASURE_WITH_UNIT (LENGTH_MEASURE( 1.000000000000000082E-05 ), #680, 'distance_accuracy_value', 'NONE');
#1134 = AXIS2_PLACEMENT_3D ( 'NONE', #5658, #4192, #301 ) ;
#1135 = STYLED_ITEM ( 'NONE', ( #3929 ), #4882 ) ;
#1136 = DIRECTION ( 'NONE',  ( -0.000000000000000000, 1.000000000000000000, 0.000000000000000000 ) ) ;
#1137 = CARTESIAN_POINT ( 'NONE',  ( 0.02227454735007466241, 0.04875655569443403808, 7.360272656817562367E-05 ) ) ;
#1138 = CARTESIAN_POINT ( 'NONE',  ( 0.02244094488188980163, -0.04862204724409449619, 0.000000000000000000 ) ) ;
#1139 = VECTOR ( 'NONE', #1603, 39.37007874015748143 ) ;
#1140 = MECHANICAL_DESIGN_GEOMETRIC_PRESENTATION_REPRESENTATION (  '', ( #4156 ), #3824 ) ;
#1141 =( CONVERSION_BASED_UNIT ( 'INCH', #3468 ) LENGTH_UNIT ( ) NAMED_UNIT ( #1173 ) );
#1142 = COLOUR_RGB ( '',0.8313725490196077761, 0.8313725490196077761, 0.8313725490196077761 ) ;
#1143 = LINE ( 'NONE', #3470, #1139 ) ;
#1144 = ADVANCED_FACE ( 'NONE', ( #5164 ), #237, .T. ) ;
#1145 = LENGTH_MEASURE_WITH_UNIT ( LENGTH_MEASURE( 0.02539999999999999897 ), #2055 );
#1146 = SURFACE_STYLE_USAGE ( .BOTH. , #2179 ) ;
#1147 = VERTEX_POINT ( 'NONE', #1203 ) ;
#1148 = DIRECTION ( 'NONE',  ( 1.000000000000000000, 0.000000000000000000, 0.000000000000000000 ) ) ;
#1149 = COLOUR_RGB ( '',0.2862745098039215508, 0.2862745098039215508, 0.2862745098039215508 ) ;
#1150 = ORIENTED_EDGE ( 'NONE', *, *, #4300, .F. ) ;
#1151 = CARTESIAN_POINT ( 'NONE',  ( 0.02240563253514227596, -0.03963361187837415034, -0.08218541142464481919 ) ) ;
#1152 = LINE ( 'NONE', #5008, #4935 ) ;
#1153 = VERTEX_POINT ( 'NONE', #2704 ) ;
#1154 = EDGE_CURVE ( 'NONE', #2029, #318, #1081, .T. ) ;
#1155 =( GEOMETRIC_REPRESENTATION_CONTEXT ( 3 ) GLOBAL_UNCERTAINTY_ASSIGNED_CONTEXT ( ( #1410 ) ) GLOBAL_UNIT_ASSIGNED_CONTEXT ( ( #3747, #3381, #7 ) ) REPRESENTATION_CONTEXT ( 'NONE', 'WORKASPACE' ) );
#1156 = DIRECTION ( 'NONE',  ( 2.913971193241879780E-16, -1.000000000000000000, 0.000000000000000000 ) ) ;
#1157 = ORIENTED_EDGE ( 'NONE', *, *, #1397, .T. ) ;
#1158 = ADVANCED_FACE ( 'NONE', ( #4684 ), #428, .T. ) ;
#1159 = CARTESIAN_POINT ( 'NONE',  ( -0.04921259842519686706, 0.07303149606299212671, 0.003121626845722265831 ) ) ;
#1160 = ADVANCED_FACE ( 'NONE', ( #2357 ), #2992, .F. ) ;
#1161 = CARTESIAN_POINT ( 'NONE',  ( -0.1190944881889763746, 0.07499999999999999722, 0.005905511811023630639 ) ) ;
#1162 = CARTESIAN_POINT ( 'NONE',  ( 0.1202310044669087225, -0.07416801234092446071, 0.1240105320259638350 ) ) ;
#1163 =( LENGTH_UNIT ( ) NAMED_UNIT ( * ) SI_UNIT ( $, .METRE. ) );
#1164 = SURFACE_STYLE_USAGE ( .BOTH. , #5903 ) ;
#1165 =( LENGTH_UNIT ( ) NAMED_UNIT ( * ) SI_UNIT ( $, .METRE. ) );
#1166 = CARTESIAN_POINT ( 'NONE',  ( 0.02218175254482772710, 0.03953647627197260511, -0.08260356262776251401 ) ) ;
#1167 = CARTESIAN_POINT ( 'NONE',  ( 0.02204724409448819214, -0.03976377952755905804, 0.08228346456692912925 ) ) ;
#1168 = FILL_AREA_STYLE ('',( #2688 ) ) ;
#1169 = CARTESIAN_POINT ( 'NONE',  ( 0.02204724409448819214, 0.03976377952755905804, 0.08267716535433072833 ) ) ;
#1170 = EDGE_LOOP ( 'NONE', ( #4470, #4910, #4337, #3058, #4555 ) ) ;
#1171 = AXIS2_PLACEMENT_3D ( 'NONE', #60, #5355, #4799 ) ;
#1172 = SURFACE_STYLE_USAGE ( .BOTH. , #4086 ) ;
#1173 = DIMENSIONAL_EXPONENTS ( 1.000000000000000000, 0.000000000000000000, 0.000000000000000000, 0.000000000000000000, 0.000000000000000000, 0.000000000000000000, 0.000000000000000000 ) ;
#1174 = MECHANICAL_DESIGN_GEOMETRIC_PRESENTATION_REPRESENTATION (  '', ( #5331 ), #3012 ) ;
#1175 = EDGE_LOOP ( 'NONE', ( #4831, #3510, #1279, #165 ) ) ;
#1176 = DIRECTION ( 'NONE',  ( 0.5773502691896250649, 0.5773502691896250649, -0.5773502691896270633 ) ) ;
#1177 = MECHANICAL_DESIGN_GEOMETRIC_PRESENTATION_REPRESENTATION (  '', ( #1489 ), #5533 ) ;
#1178 = CARTESIAN_POINT ( 'NONE',  ( 0.02204724409448819214, -0.03976377952755905804, 0.04133858267716536417 ) ) ;
#1179 = ORIENTED_EDGE ( 'NONE', *, *, #2931, .T. ) ;
#1180 = ADVANCED_FACE ( 'NONE', ( #1429 ), #2799, .T. ) ;
#1181 = LENGTH_MEASURE_WITH_UNIT ( LENGTH_MEASURE( 0.02539999999999999897 ), #1099 );
#1182 = ADVANCED_FACE ( 'NONE', ( #387 ), #4785, .T. ) ;
#1183 = CARTESIAN_POINT ( 'NONE',  ( 0.1213025065826829618, 0.07409623530927195167, 0.005768720617213114570 ) ) ;
#1184 = ORIENTED_EDGE ( 'NONE', *, *, #1545, .T. ) ;
#1185 = PRODUCT_DEFINITION_CONTEXT ( 'detailed design', #2323, 'design' ) ;
#1186 = CIRCLE ( 'NONE', #588, 0.001968503937007873988 ) ;
#1187 = CARTESIAN_POINT ( 'NONE',  ( -0.04921259842519686012, 0.07467447079427640133, 0.003121626845722261061 ) ) ;
#1188 = LENGTH_MEASURE_WITH_UNIT ( LENGTH_MEASURE( 0.02539999999999999897 ), #5023 );
#1189 =( NAMED_UNIT ( * ) PLANE_ANGLE_UNIT ( ) SI_UNIT ( $, .RADIAN. ) );
#1190 = EDGE_CURVE ( 'NONE', #3821, #2911, #1027, .T. ) ;
#1191 = CARTESIAN_POINT ( 'NONE',  ( 0.01850393700787405366, 0.000000000000000000, 0.08267716535433072833 ) ) ;
#1192 = CARTESIAN_POINT ( 'NONE',  ( 0.02241460551533255505, 0.03957149895689973662, -0.08230066428740338835 ) ) ;
#1193 = DIRECTION ( 'NONE',  ( -0.000000000000000000, -1.000000000000000000, -0.000000000000000000 ) ) ;
#1194 = CARTESIAN_POINT ( 'NONE',  ( -0.1210629921259842590, 0.07303149606299212671, 0.003937007874015745375 ) ) ;
#1195 = ORIENTED_EDGE ( 'NONE', *, *, #1470, .T. ) ;
#1196 = EDGE_CURVE ( 'NONE', #1216, #3140, #5685, .T. ) ;
#1197 = CARTESIAN_POINT ( 'NONE',  ( 0.1190944881889763746, 0.07499999999999999722, 0.1228740157480315009 ) ) ;
#1198 = VERTEX_POINT ( 'NONE', #3313 ) ;
#1199 = CARTESIAN_POINT ( 'NONE',  ( 0.02227454735007466935, -0.03953647627197260511, -0.08251076782251559605 ) ) ;
#1200 =( CONVERSION_BASED_UNIT ( 'INCH', #2637 ) LENGTH_UNIT ( ) NAMED_UNIT ( #5337 ) );
#1201 = ORIENTED_EDGE ( 'NONE', *, *, #5310, .F. ) ;
#1202 = AXIS2_PLACEMENT_3D ( 'NONE', #265, #5076, #709 ) ;
#1203 = CARTESIAN_POINT ( 'NONE',  ( -0.1190944881889763607, -0.07303149606299214058, 0.1248425196850393853 ) ) ;
#1204 = PRESENTATION_LAYER_ASSIGNMENT (  '', '', ( #3970 ) ) ;
#1205 = SURFACE_STYLE_FILL_AREA ( #2168 ) ;
#1206 = ORIENTED_EDGE ( 'NONE', *, *, #3295, .T. ) ;
#1207 = LENGTH_MEASURE_WITH_UNIT ( LENGTH_MEASURE( 0.02539999999999999897 ), #5653 );
#1208 = SURFACE_STYLE_USAGE ( .BOTH. , #5568 ) ;
#1209 = LENGTH_MEASURE_WITH_UNIT ( LENGTH_MEASURE( 0.02539999999999999897 ), #5569 );
#1210 = MECHANICAL_DESIGN_GEOMETRIC_PRESENTATION_REPRESENTATION (  '', ( #123 ), #1033 ) ;
#1211 = CARTESIAN_POINT ( 'NONE',  ( 0.02227454735007467629, 0.03953647627197258430, -0.08251076782251556829 ) ) ;
#1212 = DIRECTION ( 'NONE',  ( -1.000000000000000000, -0.000000000000000000, 0.000000000000000000 ) ) ;
#1213 = DIRECTION ( 'NONE',  ( 3.344045254895049987E-16, -1.000000000000000000, 0.000000000000000000 ) ) ;
#1214 = PRESENTATION_LAYER_ASSIGNMENT (  '', '', ( #1932 ) ) ;
#1215 = FACE_OUTER_BOUND ( 'NONE', #2720, .T. ) ;
#1216 = VERTEX_POINT ( 'NONE', #899 ) ;
#1217 = STYLED_ITEM ( 'NONE', ( #2178 ), #1989 ) ;
#1218 = PRESENTATION_STYLE_ASSIGNMENT (( #1172 ) ) ;
#1219 = VECTOR ( 'NONE', #2687, 39.37007874015748143 ) ;
#1220 = PRESENTATION_LAYER_ASSIGNMENT (  '', '', ( #645 ) ) ;
#1221 = EDGE_CURVE ( 'NONE', #3985, #5397, #2432, .T. ) ;
#1222 = CARTESIAN_POINT ( 'NONE',  ( 0.1191595023511344414, 0.07516773742504620492, 0.004697218501438829227 ) ) ;
#1223 = ORIENTED_EDGE ( 'NONE', *, *, #1056, .T. ) ;
#1224 =( CONVERSION_BASED_UNIT ( 'INCH', #4092 ) LENGTH_UNIT ( ) NAMED_UNIT ( #418 ) );
#1225 = CARTESIAN_POINT ( 'NONE',  ( -0.02244094488188972877, -0.04901574803149607445, 0.0003937007874015748519 ) ) ;
#1226 = MECHANICAL_DESIGN_GEOMETRIC_PRESENTATION_REPRESENTATION (  '', ( #3160 ), #2994 ) ;
#1227 = VERTEX_POINT ( 'NONE', #2064 ) ;
#1228 = CYLINDRICAL_SURFACE ( 'NONE', #604, 0.0003937007874015758277 ) ;
#1229 =( NAMED_UNIT ( * ) SI_UNIT ( $, .STERADIAN. ) SOLID_ANGLE_UNIT ( ) );
#1230 = COLOUR_RGB ( '',0.7490196078431372584, 0.7490196078431372584, 0.7490196078431372584 ) ;
#1231 = CARTESIAN_POINT ( 'NONE',  ( -0.02244094488188972530, -0.04901574803149607445, 0.08267716535433072833 ) ) ;
#1232 = SURFACE_STYLE_FILL_AREA ( #2732 ) ;
#1233 = EDGE_LOOP ( 'NONE', ( #5640, #1093, #5636, #1036 ) ) ;
#1234 =( GEOMETRIC_REPRESENTATION_CONTEXT ( 3 ) GLOBAL_UNCERTAINTY_ASSIGNED_CONTEXT ( ( #556 ) ) GLOBAL_UNIT_ASSIGNED_CONTEXT ( ( #6168, #2205, #3178 ) ) REPRESENTATION_CONTEXT ( 'NONE', 'WORKASPACE' ) );
#1235 = CARTESIAN_POINT ( 'NONE',  ( 0.02226019194374416130, -0.04864940548285660166, 4.790289133975084482E-05 ) ) ;
#1236 = FILL_AREA_STYLE_COLOUR ( '', #1142 ) ;
#1237 = CARTESIAN_POINT ( 'NONE',  ( 0.02204724409448819214, -0.02450787401574803723, -0.08228346456692912925 ) ) ;
#1238 = CARTESIAN_POINT ( 'NONE',  ( 0.1202310044669086669, 0.07416801234092446071, 0.1240105320259638211 ) ) ;
#1239 = FILL_AREA_STYLE ('',( #2681 ) ) ;
#1240 = CONTEXT_DEPENDENT_SHAPE_REPRESENTATION ( #2003, #3946 ) ;
#1241 = CARTESIAN_POINT ( 'NONE',  ( 0.02244094488188978428, -0.03976377952755904416, -0.07913385826771651699 ) ) ;
#1242 = EDGE_CURVE ( 'NONE', #6010, #2577, #4758, .T. ) ;
#1243 = LINE ( 'NONE', #5545, #1219 ) ;
#1244 = EDGE_CURVE ( 'NONE', #138, #5440, #2856, .T. ) ;
#1245 = FILL_AREA_STYLE_COLOUR ( '', #1940 ) ;
#1246 =( LENGTH_UNIT ( ) NAMED_UNIT ( * ) SI_UNIT ( $, .METRE. ) );
#1247 = EDGE_LOOP ( 'NONE', ( #2614, #5583, #4139, #5914, #4897 ) ) ;
#1248 = DIMENSIONAL_EXPONENTS ( 1.000000000000000000, 0.000000000000000000, 0.000000000000000000, 0.000000000000000000, 0.000000000000000000, 0.000000000000000000, 0.000000000000000000 ) ;
#1249 =( GEOMETRIC_REPRESENTATION_CONTEXT ( 3 ) GLOBAL_UNCERTAINTY_ASSIGNED_CONTEXT ( ( #5793 ) ) GLOBAL_UNIT_ASSIGNED_CONTEXT ( ( #5396, #4004, #131 ) ) REPRESENTATION_CONTEXT ( 'NONE', 'WORKASPACE' ) );
#1250 = CARTESIAN_POINT ( 'NONE',  ( 0.01850393700787405366, 0.03897637795275602640, -0.07913385826771651699 ) ) ;
#1251 = AXIS2_PLACEMENT_3D ( 'NONE', #6199, #4224, #3693 ) ;
#1252 = ORIENTED_EDGE ( 'NONE', *, *, #4319, .T. ) ;
#1253 =( NAMED_UNIT ( * ) PLANE_ANGLE_UNIT ( ) SI_UNIT ( $, .RADIAN. ) );
#1254 =( NAMED_UNIT ( * ) SI_UNIT ( $, .STERADIAN. ) SOLID_ANGLE_UNIT ( ) );
#1255 = EDGE_LOOP ( 'NONE', ( #3441, #4070, #5430, #4560 ) ) ;
#1256 = EDGE_CURVE ( 'NONE', #4318, #4542, #1123, .T. ) ;
#1257 = CARTESIAN_POINT ( 'NONE',  ( 0.04921259842519685318, 0.07373477478328380186, 0.001968503937007873988 ) ) ;
#1258 = ADVANCED_FACE ( 'NONE', ( #4818 ), #4345, .T. ) ;
#1259 = MECHANICAL_DESIGN_GEOMETRIC_PRESENTATION_REPRESENTATION (  '', ( #2496 ), #1249 ) ;
#1260 = SURFACE_STYLE_FILL_AREA ( #2286 ) ;
#1261 =( GEOMETRIC_REPRESENTATION_CONTEXT ( 3 ) GLOBAL_UNCERTAINTY_ASSIGNED_CONTEXT ( ( #687 ) ) GLOBAL_UNIT_ASSIGNED_CONTEXT ( ( #5535, #1105, #183 ) ) REPRESENTATION_CONTEXT ( 'NONE', 'WORKASPACE' ) );
#1262 = CIRCLE ( 'NONE', #2398, 0.001968503937007871820 ) ;
#1263 = ORIENTED_EDGE ( 'NONE', *, *, #610, .F. ) ;
#1264 = SURFACE_STYLE_FILL_AREA ( #4157 ) ;
#1265 = FILL_AREA_STYLE_COLOUR ( '', #2567 ) ;
#1266 = EDGE_CURVE ( 'NONE', #721, #1227, #3653, .T. ) ;
#1267 = PRESENTATION_STYLE_ASSIGNMENT (( #3755 ) ) ;
#1268 = DIRECTION ( 'NONE',  ( -1.000000000000000000, -0.000000000000000000, -0.000000000000000000 ) ) ;
#1269 = CYLINDRICAL_SURFACE ( 'NONE', #5160, 0.001968503937007870519 ) ;
#1270 = CARTESIAN_POINT ( 'NONE',  ( 0.02244094488188978428, 0.03976377952755907191, -0.07913385826771651699 ) ) ;
#1271 = UNCERTAINTY_MEASURE_WITH_UNIT (LENGTH_MEASURE( 1.000000000000000082E-05 ), #4161, 'distance_accuracy_value', 'NONE');
#1272 = PRESENTATION_LAYER_ASSIGNMENT (  '', '', ( #2613 ) ) ;
#1273 = FILL_AREA_STYLE_COLOUR ( '', #2885 ) ;
#1274 = DIRECTION ( 'NONE',  ( -0.4082482904638670140, -0.8164965809277330289, 0.4082482904638449761 ) ) ;
#1275 = CARTESIAN_POINT ( 'NONE',  ( 0.02217741174367308596, 0.04852399410181019307, 3.531234674746617911E-05 ) ) ;
#1276 = CARTESIAN_POINT ( 'NONE',  ( -0.1222040637461409701, 0.07104706760112829145, 0.1237013833905041271 ) ) ;
#1277 = CARTESIAN_POINT ( 'NONE',  ( 0.02204724409448819214, 0.03976377952755905804, 0.08228346456692912925 ) ) ;
#1278 = CARTESIAN_POINT ( 'NONE',  ( 0.04724409448818897572, 0.07303149606299214058, 0.000000000000000000 ) ) ;
#1279 = ORIENTED_EDGE ( 'NONE', *, *, #4589, .T. ) ;
#1280 = MECHANICAL_DESIGN_GEOMETRIC_PRESENTATION_REPRESENTATION (  '', ( #2713 ), #4837 ) ;
#1281 = ORIENTED_EDGE ( 'NONE', *, *, #3295, .F. ) ;
#1282 = CARTESIAN_POINT ( 'NONE',  ( 0.02204724409448819214, 0.03897637795275602640, 0.07874015748031494566 ) ) ;
#1283 = AXIS2_PLACEMENT_3D ( 'NONE', #575, #5455, #1547 ) ;
#1284 = CARTESIAN_POINT ( 'NONE',  ( 0.1202310044669087225, -0.07416801234092447459, 0.004768995533091293162 ) ) ;
#1285 = SHAPE_REPRESENTATION ( 'Lead_MIR3', ( #4612 ), #5752 ) ;
#1286 = FACE_OUTER_BOUND ( 'NONE', #1347, .T. ) ;
#1287 = ORIENTED_EDGE ( 'NONE', *, *, #5673, .F. ) ;
#1288 = VECTOR ( 'NONE', #2284, 39.37007874015748143 ) ;
#1289 = CARTESIAN_POINT ( 'NONE',  ( -0.1209312952931982238, 0.07399289891628878235, 0.1229600143504029769 ) ) ;
#1290 = FILL_AREA_STYLE ('',( #5754 ) ) ;
#1291 = CARTESIAN_POINT ( 'NONE',  ( 2.398833465510976296E-17, -3.284990769240909256E-18, 0.000000000000000000 ) ) ;
#1292 = SURFACE_SIDE_STYLE ('',( #1205 ) ) ;
#1293 = VERTEX_POINT ( 'NONE', #2973 ) ;
#1294 = SURFACE_SIDE_STYLE ('',( #1264 ) ) ;
#1295 = FACE_OUTER_BOUND ( 'NONE', #2497, .T. ) ;
#1296 = CARTESIAN_POINT ( 'NONE',  ( 0.1190944881889763746, -0.07303149606299212671, 0.005905511811023621965 ) ) ;
#1297 = FILL_AREA_STYLE_COLOUR ( '', #273 ) ;
#1298 =( NAMED_UNIT ( * ) PLANE_ANGLE_UNIT ( ) SI_UNIT ( $, .RADIAN. ) );
#1299 = SURFACE_STYLE_FILL_AREA ( #4006 ) ;
#1300 = SHAPE_DEFINITION_REPRESENTATION ( #3491, #5896 ) ;
#1301 = ADVANCED_FACE ( 'NONE', ( #2525 ), #8, .F. ) ;
#1302 = AXIS2_PLACEMENT_3D ( 'NONE', #4079, #4494, #4575 ) ;
#1303 = FACE_OUTER_BOUND ( 'NONE', #3627, .T. ) ;
#1304 = CARTESIAN_POINT ( 'NONE',  ( 0.02194919095220390290, 0.03963361187837417809, 0.08264185300758324082 ) ) ;
#1305 = FILL_AREA_STYLE ('',( #1245 ) ) ;
#1306 = CARTESIAN_POINT ( 'NONE',  ( -0.02244094488188972877, 0.04901574803149606752, -0.0003937007874015747977 ) ) ;
#1307 = EDGE_LOOP ( 'NONE', ( #6118, #2619, #2699, #4907, #5665 ) ) ;
#1308 = AXIS2_PLACEMENT_3D ( 'NONE', #107, #2494, #996 ) ;
#1309 = DIMENSIONAL_EXPONENTS ( 1.000000000000000000, 0.000000000000000000, 0.000000000000000000, 0.000000000000000000, 0.000000000000000000, 0.000000000000000000, 0.000000000000000000 ) ;
#1310 = STYLED_ITEM ( 'NONE', ( #5694 ), #846 ) ;
#1311 = CYLINDRICAL_SURFACE ( 'NONE', #4731, 0.001968503937007873988 ) ;
#1312 = AXIS2_PLACEMENT_3D ( 'NONE', #4133, #3664, #2576 ) ;
#1313 = ADVANCED_FACE ( 'NONE', ( #3113 ), #1903, .T. ) ;
#1314 = VECTOR ( 'NONE', #5412, 39.37007874015748143 ) ;
#1315 = EDGE_LOOP ( 'NONE', ( #4466, #2547, #3192 ) ) ;
#1316 = DIRECTION ( 'NONE',  ( -0.000000000000000000, 1.000000000000000000, 0.000000000000000000 ) ) ;
#1317 = CARTESIAN_POINT ( 'NONE',  ( 0.02236734215532157691, -0.04875655569443401727, 0.0001663975318151163446 ) ) ;
#1318 = PRESENTATION_LAYER_ASSIGNMENT (  '', '', ( #5491 ) ) ;
#1319 = ORIENTED_EDGE ( 'NONE', *, *, #5180, .T. ) ;
#1320 = CARTESIAN_POINT ( 'NONE',  ( 0.02204724409448819214, -0.03897637795275581823, -0.07874015748031494566 ) ) ;
#1321 = LENGTH_MEASURE_WITH_UNIT ( LENGTH_MEASURE( 0.02539999999999999897 ), #1828 );
#1322 =( CONVERSION_BASED_UNIT ( 'INCH', #2251 ) LENGTH_UNIT ( ) NAMED_UNIT ( #4230 ) );
#1323 = CYLINDRICAL_SURFACE ( 'NONE', #1983, 0.0003937007874015758277 ) ;
#1324 =( NAMED_UNIT ( * ) PLANE_ANGLE_UNIT ( ) SI_UNIT ( $, .RADIAN. ) );
#1325 =( BOUNDED_CURVE ( )  B_SPLINE_CURVE ( 3, ( #5294, #482, #4233, #3769 ),
 .UNSPECIFIED., .F., .F. ) 
 B_SPLINE_CURVE_WITH_KNOTS ( ( 4, 4 ),
 ( 4.712388980384689674, 6.283185307179586232 ),
 .UNSPECIFIED. ) 
 CURVE ( )  GEOMETRIC_REPRESENTATION_ITEM ( )  RATIONAL_B_SPLINE_CURVE ( ( 1.000000000000000000, 0.8047378541243649375, 0.8047378541243649375, 1.000000000000000000 ) ) 
 REPRESENTATION_ITEM ( '' )  );
#1326 = DIMENSIONAL_EXPONENTS ( 1.000000000000000000, 0.000000000000000000, 0.000000000000000000, 0.000000000000000000, 0.000000000000000000, 0.000000000000000000, 0.000000000000000000 ) ;
#1327 = CARTESIAN_POINT ( 'NONE',  ( 0.1197453264349008367, 0.07482343826626257355, 0.006395777522445159242 ) ) ;
#1328 = ORIENTED_EDGE ( 'NONE', *, *, #3522, .F. ) ;
#1329 = CIRCLE ( 'NONE', #4883, 0.0003937007874015758277 ) ;
#1330 = CARTESIAN_POINT ( 'NONE',  ( 0.06053149606299212948, 0.07499999999999999722, 0.1228740157480315009 ) ) ;
#1331 = CARTESIAN_POINT ( 'NONE',  ( -0.1190944881889763746, 0.07303149606299212671, 0.1228740157480315009 ) ) ;
#1332 = LINE ( 'NONE', #6272, #1442 ) ;
#1333 = SURFACE_STYLE_USAGE ( .BOTH. , #397 ) ;
#1334 = DIMENSIONAL_EXPONENTS ( 1.000000000000000000, 0.000000000000000000, 0.000000000000000000, 0.000000000000000000, 0.000000000000000000, 0.000000000000000000, 0.000000000000000000 ) ;
#1335 = AXIS2_PLACEMENT_3D ( 'NONE', #4240, #355, #452 ) ;
#1336 = UNCERTAINTY_MEASURE_WITH_UNIT (LENGTH_MEASURE( 1.000000000000000082E-05 ), #3399, 'distance_accuracy_value', 'NONE');
#1337 = DIRECTION ( 'NONE',  ( -0.000000000000000000, -1.000000000000000000, -0.000000000000000000 ) ) ;
#1338 = SURFACE_STYLE_USAGE ( .BOTH. , #4730 ) ;
#1339 = CARTESIAN_POINT ( 'NONE',  ( -0.1208864303922468353, 0.07368233430891658886, 0.1223837500366099645 ) ) ;
#1340 = DIRECTION ( 'NONE',  ( 0.000000000000000000, 0.000000000000000000, 1.000000000000000000 ) ) ;
#1341 = CARTESIAN_POINT ( 'NONE',  ( 0.02204724409448819214, 0.03976377952755905804, 0.08228346456692912925 ) ) ;
#1342 = ORIENTED_EDGE ( 'NONE', *, *, #2089, .T. ) ;
#1343 =( CONVERSION_BASED_UNIT ( 'INCH', #5381 ) LENGTH_UNIT ( ) NAMED_UNIT ( #5012 ) );
#1344 = CARTESIAN_POINT ( 'NONE',  ( 0.05118110236220473064, -0.03749999999999999861, 0.001968503937007873988 ) ) ;
#1345 = CARTESIAN_POINT ( 'NONE',  ( 0.1190944881889763746, -0.07303149606299212671, 0.1248425196850393853 ) ) ;
#1346 = CARTESIAN_POINT ( 'NONE',  ( 0.02204724409448819214, -0.04897418393346455318, 0.0002176324427165485535 ) ) ;
#1347 = EDGE_LOOP ( 'NONE', ( #1201, #2383, #5671, #283 ) ) ;
#1348 = CARTESIAN_POINT ( 'NONE',  ( -0.04964522440642459011, 0.07500000000000001110, 0.004054944820243999021 ) ) ;
#1349 = LENGTH_MEASURE_WITH_UNIT ( LENGTH_MEASURE( 0.02539999999999999897 ), #5195 );
#1350 = CLOSED_SHELL ( 'NONE', ( #5011, #2955, #3503, #3237, #1144, #5206, #2830, #5464, #6137, #5099, #69, #1528, #1882, #2586, #5292, #3699, #1102, #142, #4171, #381, #3197, #2608, #3889, #3117, #6008, #6216, #4088, #696, #1180, #2120, #251, #263, #1941, #627, #4372, #4457, #1989 ) ) ;
#1351 = ORIENTED_EDGE ( 'NONE', *, *, #853, .T. ) ;
#1352 = PRESENTATION_LAYER_ASSIGNMENT (  '', '', ( #5520 ) ) ;
#1353 = DIMENSIONAL_EXPONENTS ( 1.000000000000000000, 0.000000000000000000, 0.000000000000000000, 0.000000000000000000, 0.000000000000000000, 0.000000000000000000, 0.000000000000000000 ) ;
#1354 = LENGTH_MEASURE_WITH_UNIT ( LENGTH_MEASURE( 0.02539999999999999897 ), #5823 );
#1355 = AXIS2_PLACEMENT_3D ( 'NONE', #1250, #5089, #1690 ) ;
#1356 = CARTESIAN_POINT ( 'NONE',  ( -0.1209312952931981683, -0.07399289891628871296, 0.1229600143504028659 ) ) ;
#1357 = CARTESIAN_POINT ( 'NONE',  ( 0.02204724409448819214, 0.03976377952755906497, -0.08228346456692912925 ) ) ;
#1358 = DIRECTION ( 'NONE',  ( 0.000000000000000000, -1.000000000000000000, -0.000000000000000000 ) ) ;
#1359 = EDGE_CURVE ( 'NONE', #2932, #6047, #5495, .T. ) ;
#1360 = ORIENTED_EDGE ( 'NONE', *, *, #3536, .T. ) ;
#1361 = EDGE_CURVE ( 'NONE', #4239, #2825, #2130, .T. ) ;
#1362 = CIRCLE ( 'NONE', #2503, 0.0003937007874015749061 ) ;
#1363 = FILL_AREA_STYLE ('',( #5717 ) ) ;
#1364 = CARTESIAN_POINT ( 'NONE',  ( 0.02239938078385823872, -0.03958771118287403301, -0.08228346456692912925 ) ) ;
#1365 = SURFACE_SIDE_STYLE ('',( #973 ) ) ;
#1366 = DIRECTION ( 'NONE',  ( 0.000000000000000000, 0.000000000000000000, 1.000000000000000000 ) ) ;
#1367 =( NAMED_UNIT ( * ) SI_UNIT ( $, .STERADIAN. ) SOLID_ANGLE_UNIT ( ) );
#1368 = STYLED_ITEM ( 'NONE', ( #2709 ), #5836 ) ;
#1369 = DIMENSIONAL_EXPONENTS ( 1.000000000000000000, 0.000000000000000000, 0.000000000000000000, 0.000000000000000000, 0.000000000000000000, 0.000000000000000000, 0.000000000000000000 ) ;
#1370 =( CONVERSION_BASED_UNIT ( 'INCH', #59 ) LENGTH_UNIT ( ) NAMED_UNIT ( #2900 ) );
#1371 =( NAMED_UNIT ( * ) PLANE_ANGLE_UNIT ( ) SI_UNIT ( $, .RADIAN. ) );
#1372 = PLANE ( 'NONE',  #6000 ) ;
#1374 = DIRECTION ( 'NONE',  ( -1.000000000000000000, 0.000000000000000000, 0.000000000000000000 ) ) ;
#1373 = FILL_AREA_STYLE ('',( #3211 ) ) ;
#1375 = DIRECTION ( 'NONE',  ( 0.000000000000000000, 1.000000000000000000, 0.000000000000000000 ) ) ;
#1376 =( GEOMETRIC_REPRESENTATION_CONTEXT ( 3 ) GLOBAL_UNCERTAINTY_ASSIGNED_CONTEXT ( ( #3032 ) ) GLOBAL_UNIT_ASSIGNED_CONTEXT ( ( #4800, #2408, #4324 ) ) REPRESENTATION_CONTEXT ( 'NONE', 'WORKASPACE' ) );
#1377 = DIRECTION ( 'NONE',  ( 0.000000000000000000, -1.000000000000000000, 0.000000000000000000 ) ) ;
#1378 =( GEOMETRIC_REPRESENTATION_CONTEXT ( 3 ) GLOBAL_UNCERTAINTY_ASSIGNED_CONTEXT ( ( #2141 ) ) GLOBAL_UNIT_ASSIGNED_CONTEXT ( ( #351, #3848, #1254 ) ) REPRESENTATION_CONTEXT ( 'NONE', 'WORKASPACE' ) );
#1379 = STYLED_ITEM ( 'NONE', ( #5190 ), #2329 ) ;
#1380 = FILL_AREA_STYLE ('',( #3299 ) ) ;
#1381 = LINE ( 'NONE', #5773, #3582 ) ;
#1382 = CARTESIAN_POINT ( 'NONE',  ( 0.02236734215532159079, 0.03953647627197259817, -0.08241797301726863645 ) ) ;
#1383 = CARTESIAN_POINT ( 'NONE',  ( 0.02244094488188980163, 9.834652777191338465E-17, 0.07874015748031495954 ) ) ;
#1384 = ORIENTED_EDGE ( 'NONE', *, *, #3675, .F. ) ;
#1385 = SURFACE_STYLE_USAGE ( .BOTH. , #2726 ) ;
#1386 = CARTESIAN_POINT ( 'NONE',  ( 0.1208864303922468353, -0.07254123035157057642, 0.005254673565099178892 ) ) ;
#1387 = CARTESIAN_POINT ( 'NONE',  ( 0.1190944881889763746, 0.07303149606299212671, 0.003937007874015747977 ) ) ;
#1388 = ORIENTED_EDGE ( 'NONE', *, *, #3536, .F. ) ;
#1389 = LINE ( 'NONE', #2316, #3387 ) ;
#1390 = SURFACE_STYLE_USAGE ( .BOTH. , #5750 ) ;
#1391 = CARTESIAN_POINT ( 'NONE',  ( 0.04921259842519686012, 0.07581525738791382307, 0.005931748920261059772 ) ) ;
#1392 = MECHANICAL_DESIGN_GEOMETRIC_PRESENTATION_REPRESENTATION (  '', ( #4126 ), #1691 ) ;
#1393 = CARTESIAN_POINT ( 'NONE',  ( 0.02221243956336395320, -0.03916716705296257456, -0.08209849833543485242 ) ) ;
#1394 = EDGE_LOOP ( 'NONE', ( #3915, #57, #4221, #3011 ) ) ;
#1395 = MECHANICAL_DESIGN_GEOMETRIC_PRESENTATION_REPRESENTATION (  '', ( #195 ), #3736 ) ;
#1396 = CARTESIAN_POINT ( 'NONE',  ( 0.02244094488188980163, 0.04862204724409449619, 0.000000000000000000 ) ) ;
#1397 = EDGE_CURVE ( 'NONE', #1293, #3212, #4709, .T. ) ;
#1398 = CARTESIAN_POINT ( 'NONE',  ( -0.02244094488188972530, 0.04901574803149607445, -0.003937007874015747977 ) ) ;
#1399 = UNCERTAINTY_MEASURE_WITH_UNIT (LENGTH_MEASURE( 1.000000000000000082E-05 ), #957, 'distance_accuracy_value', 'NONE');
#1400 = DIMENSIONAL_EXPONENTS ( 1.000000000000000000, 0.000000000000000000, 0.000000000000000000, 0.000000000000000000, 0.000000000000000000, 0.000000000000000000, 0.000000000000000000 ) ;
#1401 = CARTESIAN_POINT ( 'NONE',  ( 0.1202310044669087502, -0.07416801234092447459, 0.004768995533091271478 ) ) ;
#1402 = SURFACE_SIDE_STYLE ('',( #3429 ) ) ;
#1403 = CARTESIAN_POINT ( 'NONE',  ( 0.1210629921259842590, 0.07499999999999999722, 0.001968503937007873988 ) ) ;
#1404 = CARTESIAN_POINT ( 'NONE',  ( 0.02244094488188978428, 0.03897637795275602640, -0.07834645669291340209 ) ) ;
#1405 = FACE_OUTER_BOUND ( 'NONE', #442, .T. ) ;
#1406 = DIRECTION ( 'NONE',  ( 0.000000000000000000, -0.000000000000000000, 1.000000000000000000 ) ) ;
#1407 = DIRECTION ( 'NONE',  ( 0.5773502691896396088, -0.5773502691896069683, -0.5773502691896307271 ) ) ;
#1408 = STYLED_ITEM ( 'NONE', ( #6127 ), #536 ) ;
#1409 = FILL_AREA_STYLE ('',( #5326 ) ) ;
#1410 = UNCERTAINTY_MEASURE_WITH_UNIT (LENGTH_MEASURE( 1.000000000000000082E-05 ), #3747, 'distance_accuracy_value', 'NONE');
#1411 = DIRECTION ( 'NONE',  ( 4.749352646498039829E-16, -1.000000000000000000, 0.000000000000000000 ) ) ;
#1412 =( NAMED_UNIT ( * ) PLANE_ANGLE_UNIT ( ) SI_UNIT ( $, .RADIAN. ) );
#1413 = DIRECTION ( 'NONE',  ( 1.000000000000000000, 4.749352646498039829E-16, -0.000000000000000000 ) ) ;
#1414 = DIMENSIONAL_EXPONENTS ( 1.000000000000000000, 0.000000000000000000, 0.000000000000000000, 0.000000000000000000, 0.000000000000000000, 0.000000000000000000, 0.000000000000000000 ) ;
#1415 = EDGE_CURVE ( 'NONE', #6023, #1888, #623, .T. ) ;
#1416 = MECHANICAL_DESIGN_GEOMETRIC_PRESENTATION_REPRESENTATION (  '', ( #2035 ), #310 ) ;
#1417 = SURFACE_STYLE_USAGE ( .BOTH. , #2024 ) ;
#1418 = EDGE_LOOP ( 'NONE', ( #782, #5927, #5458, #4480 ) ) ;
#1419 = CARTESIAN_POINT ( 'NONE',  ( 0.02222331243917321023, 0.04862204724409448925, -4.156409803151680702E-05 ) ) ;
#1420 = AXIS2_PLACEMENT_3D ( 'NONE', #2013, #2532, #3961 ) ;
#1421 = SURFACE_STYLE_USAGE ( .BOTH. , #3847 ) ;
#1422 =( NAMED_UNIT ( * ) PLANE_ANGLE_UNIT ( ) SI_UNIT ( $, .RADIAN. ) );
#1423 = ORIENTED_EDGE ( 'NONE', *, *, #2832, .T. ) ;
#1424 = EDGE_CURVE ( 'NONE', #1132, #5494, #3239, .T. ) ;
#1425 = CYLINDRICAL_SURFACE ( 'NONE', #3586, 0.0003937007874015758277 ) ;
#1426 = LINE ( 'NONE', #552, #5765 ) ;
#1427 = CARTESIAN_POINT ( 'NONE',  ( 0.04921259842519686012, 0.07699022739211562605, 0.003619202733240069973 ) ) ;
#1428 = SURFACE_STYLE_USAGE ( .BOTH. , #1467 ) ;
#1429 = FACE_OUTER_BOUND ( 'NONE', #5040, .T. ) ;
#1430 = COLOUR_RGB ( '',0.2862745098039215508, 0.2862745098039215508, 0.2862745098039215508 ) ;
#1431 = CARTESIAN_POINT ( 'NONE',  ( 0.1197670304406740494, 0.07416801234092447459, 0.1244745060521984942 ) ) ;
#1432 = COLOUR_RGB ( '',0.8313725490196077761, 0.8313725490196077761, 0.8313725490196077761 ) ;
#1433 = ORIENTED_EDGE ( 'NONE', *, *, #1244, .F. ) ;
#1434 = LENGTH_MEASURE_WITH_UNIT ( LENGTH_MEASURE( 0.02539999999999999897 ), #4347 );
#1435 = CARTESIAN_POINT ( 'NONE',  ( 0.02227454735007464159, -0.04884935049968096993, -0.0001663975318151114115 ) ) ;
#1436 =( NAMED_UNIT ( * ) PLANE_ANGLE_UNIT ( ) SI_UNIT ( $, .RADIAN. ) );
#1437 = CIRCLE ( 'NONE', #3071, 0.001968503937007879193 ) ;
#1438 =( NAMED_UNIT ( * ) SI_UNIT ( $, .STERADIAN. ) SOLID_ANGLE_UNIT ( ) );
#1439 = CARTESIAN_POINT ( 'NONE',  ( 0.1191804867913477395, -0.07486830316721392042, 0.004944108957727040912 ) ) ;
#1440 = PRESENTATION_STYLE_ASSIGNMENT (( #3324 ) ) ;
#1441 = LINE ( 'NONE', #1403, #2457 ) ;
#1442 = VECTOR ( 'NONE', #2880, 39.37007874015748143 ) ;
#1443 = ORIENTED_EDGE ( 'NONE', *, *, #3426, .F. ) ;
#1444 = AXIS2_PLACEMENT_3D ( 'NONE', #5278, #3827, #5758 ) ;
#1445 = CARTESIAN_POINT ( 'NONE',  ( -0.02244094488188972530, 0.04901574803149607445, 0.000000000000000000 ) ) ;
#1446 = DIRECTION ( 'NONE',  ( 1.000000000000000000, 0.000000000000000000, -0.000000000000000000 ) ) ;
#1447 = LENGTH_MEASURE_WITH_UNIT ( LENGTH_MEASURE( 0.02539999999999999897 ), #2442 );
#1448 = DIRECTION ( 'NONE',  ( 0.000000000000000000, 0.000000000000000000, -1.000000000000000000 ) ) ;
#1450 = SURFACE_SIDE_STYLE ('',( #5807 ) ) ;
#1449 = LINE ( 'NONE', #2444, #4906 ) ;
#1451 = DIRECTION ( 'NONE',  ( 0.000000000000000000, 0.000000000000000000, 1.000000000000000000 ) ) ;
#1452 = LINE ( 'NONE', #4072, #4141 ) ;
#1453 = EDGE_CURVE ( 'NONE', #1514, #2752, #2860, .T. ) ;
#1454 = EDGE_CURVE ( 'NONE', #1781, #4239, #2790, .T. ) ;
#1455 =( CONVERSION_BASED_UNIT ( 'INCH', #984 ) LENGTH_UNIT ( ) NAMED_UNIT ( #3085 ) );
#1456 = LENGTH_MEASURE_WITH_UNIT ( LENGTH_MEASURE( 0.02539999999999999897 ), #951 );
#1457 = DIRECTION ( 'NONE',  ( 0.000000000000000000, -1.000000000000000000, 0.000000000000000000 ) ) ;
#1458 = DIRECTION ( 'NONE',  ( -1.000000000000000000, 0.000000000000000000, 0.000000000000000000 ) ) ;
#1459 = CIRCLE ( 'NONE', #4180, 0.001968503937007874856 ) ;
#1460 = SURFACE_STYLE_FILL_AREA ( #5817 ) ;
#1461 = VERTEX_POINT ( 'NONE', #3217 ) ;
#1462 =( LENGTH_UNIT ( ) NAMED_UNIT ( * ) SI_UNIT ( $, .METRE. ) );
#1463 = CARTESIAN_POINT ( 'NONE',  ( 0.01850393700787405366, 0.04901574803149607445, 0.08267716535433072833 ) ) ;
#1464 = ORIENTED_EDGE ( 'NONE', *, *, #1725, .T. ) ;
#1465 =( LENGTH_UNIT ( ) NAMED_UNIT ( * ) SI_UNIT ( $, .METRE. ) );
#1466 = CARTESIAN_POINT ( 'NONE',  ( 0.04921259842519686012, 0.07696832908310610732, 0.005942616686744665866 ) ) ;
#1467 = SURFACE_SIDE_STYLE ('',( #929 ) ) ;
#1468 = EDGE_LOOP ( 'NONE', ( #595, #11, #5230, #4949 ) ) ;
#1469 = CARTESIAN_POINT ( 'NONE',  ( 0.04921259842519686012, -0.07699022739211561217, 0.003619202733240069105 ) ) ;
#1470 = EDGE_CURVE ( 'NONE', #1020, #788, #4641, .T. ) ;
#1471 = ORIENTED_EDGE ( 'NONE', *, *, #1911, .T. ) ;
#1472 = CARTESIAN_POINT ( 'NONE',  ( 0.03969707343455865928, -0.03937007874015736181, -0.08228346456692912925 ) ) ;
#1473 = CARTESIAN_POINT ( 'NONE',  ( 0.02206444381496246512, -0.04898940866493885216, -0.0002014202167422607013 ) ) ;
#1474 = VECTOR ( 'NONE', #4656, 39.37007874015748143 ) ;
#1475 = CYLINDRICAL_SURFACE ( 'NONE', #1444, 0.0003937007874015758277 ) ;
#1476 = CARTESIAN_POINT ( 'NONE',  ( 0.1201592274352562412, -0.07316828725680264711, 0.003697493417316938431 ) ) ;
#1477 = DIRECTION ( 'NONE',  ( 1.000000000000000000, 4.513101726118519957E-17, 0.000000000000000000 ) ) ;
#1478 = CARTESIAN_POINT ( 'NONE',  ( -0.1190944881889763746, 0.03749999999999996392, 0.1228740157480315009 ) ) ;
#1479 = ORIENTED_EDGE ( 'NONE', *, *, #3908, .F. ) ;
#1480 = PRESENTATION_LAYER_ASSIGNMENT (  '', '', ( #5331 ) ) ;
#1481 = LENGTH_MEASURE_WITH_UNIT ( LENGTH_MEASURE( 0.02539999999999999897 ), #5320 );
#1482 = EDGE_CURVE ( 'NONE', #5299, #3062, #4777, .T. ) ;
#1483 = SURFACE_SIDE_STYLE ('',( #5929 ) ) ;
#1484 = SURFACE_STYLE_USAGE ( .BOTH. , #5843 ) ;
#1485 = CARTESIAN_POINT ( 'NONE',  ( 0.1190944881889763746, -0.07499999999999999722, 0.1228740157480315009 ) ) ;
#1486 = SURFACE_STYLE_FILL_AREA ( #2853 ) ;
#1487 =( NAMED_UNIT ( * ) PLANE_ANGLE_UNIT ( ) SI_UNIT ( $, .RADIAN. ) );
#1488 =( CONVERSION_BASED_UNIT ( 'INCH', #4867 ) LENGTH_UNIT ( ) NAMED_UNIT ( #3444 ) );
#1489 = STYLED_ITEM ( 'NONE', ( #4250 ), #5788 ) ;
#1490 = CARTESIAN_POINT ( 'NONE',  ( 0.02244094488188976694, 0.03976377952755910661, -0.07913385826771651699 ) ) ;
#1491 = STYLED_ITEM ( 'NONE', ( #5527 ), #5983 ) ;
#1492 = SURFACE_STYLE_FILL_AREA ( #5330 ) ;
#1493 = FACE_OUTER_BOUND ( 'NONE', #73, .T. ) ;
#1494 =( LENGTH_UNIT ( ) NAMED_UNIT ( * ) SI_UNIT ( $, .METRE. ) );
#1495 = ORIENTED_EDGE ( 'NONE', *, *, #2736, .F. ) ;
#1496 = DIRECTION ( 'NONE',  ( 0.000000000000000000, 0.000000000000000000, -1.000000000000000000 ) ) ;
#1497 = CARTESIAN_POINT ( 'NONE',  ( 0.1190944881889763468, -0.07303149606299212671, 0.1228740157480314871 ) ) ;
#1498 = VERTEX_POINT ( 'NONE', #449 ) ;
#1499 = FILL_AREA_STYLE_COLOUR ( '', #5465 ) ;
#1500 = DIRECTION ( 'NONE',  ( -0.8164965809277263675, 0.4082482904638631838, -0.4082482904638621846 ) ) ;
#1501 = CARTESIAN_POINT ( 'NONE',  ( 0.02206444381496245472, -0.04898940866493884522, 0.0002014202167422777775 ) ) ;
#1502 = EDGE_LOOP ( 'NONE', ( #2208, #2224, #5303, #4616 ) ) ;
#1503 =( NAMED_UNIT ( * ) PLANE_ANGLE_UNIT ( ) SI_UNIT ( $, .RADIAN. ) );
#1504 = CARTESIAN_POINT ( 'NONE',  ( 0.05002797945349034964, -0.07419325463680138955, 0.003937007874015750579 ) ) ;
#1505 = UNCERTAINTY_MEASURE_WITH_UNIT (LENGTH_MEASURE( 1.000000000000000082E-05 ), #1624, 'distance_accuracy_value', 'NONE');
#1506 = ORIENTED_EDGE ( 'NONE', *, *, #4352, .F. ) ;
#1507 = SURFACE_STYLE_FILL_AREA ( #1904 ) ;
#1508 = CARTESIAN_POINT ( 'NONE',  ( 0.02228890275640516352, -0.04904929551650533126, -0.0003806979549699775981 ) ) ;
#1509 =( LENGTH_UNIT ( ) NAMED_UNIT ( * ) SI_UNIT ( $, .METRE. ) );
#1510 = FILL_AREA_STYLE_COLOUR ( '', #3110 ) ;
#1511 = FILL_AREA_STYLE_COLOUR ( '', #2452 ) ;
#1512 =( NAMED_UNIT ( * ) SI_UNIT ( $, .STERADIAN. ) SOLID_ANGLE_UNIT ( ) );
#1513 = MECHANICAL_DESIGN_GEOMETRIC_PRESENTATION_REPRESENTATION (  '', ( #1787 ), #5043 ) ;
#1514 = VERTEX_POINT ( 'NONE', #6177 ) ;
#1515 =( BOUNDED_CURVE ( )  B_SPLINE_CURVE ( 3, ( #3938, #3494, #151, #2563 ),
 .UNSPECIFIED., .F., .F. ) 
 B_SPLINE_CURVE_WITH_KNOTS ( ( 4, 4 ),
 ( 0.000000000000000000, 1.570796326794896558 ),
 .UNSPECIFIED. ) 
 CURVE ( )  GEOMETRIC_REPRESENTATION_ITEM ( )  RATIONAL_B_SPLINE_CURVE ( ( 1.000000000000000000, 0.8047378541243649375, 0.8047378541243649375, 1.000000000000000000 ) ) 
 REPRESENTATION_ITEM ( '' )  );
#1516 = EDGE_CURVE ( 'NONE', #975, #517, #4861, .T. ) ;
#1517 = LINE ( 'NONE', #2078, #3539 ) ;
#1518 = CARTESIAN_POINT ( 'NONE',  ( 0.02227454735007467629, -0.03953647627197261899, 0.08251076782251562380 ) ) ;
#1520 = DIRECTION ( 'NONE',  ( 0.000000000000000000, 0.000000000000000000, 1.000000000000000000 ) ) ;
#1519 = CARTESIAN_POINT ( 'NONE',  ( 0.02244094488188978428, -0.03897637795275583905, 0.07834645669291337433 ) ) ;
#1521 = EDGE_CURVE ( 'NONE', #5919, #256, #1821, .T. ) ;
#1522 = VECTOR ( 'NONE', #5562, 39.37007874015748143 ) ;
#1523 = FACE_OUTER_BOUND ( 'NONE', #4606, .T. ) ;
#1524 =( NAMED_UNIT ( * ) PLANE_ANGLE_UNIT ( ) SI_UNIT ( $, .RADIAN. ) );
#1525 = VERTEX_POINT ( 'NONE', #6219 ) ;
#1526 = CYLINDRICAL_SURFACE ( 'NONE', #5163, 0.001968503937007879193 ) ;
#1527 = ORIENTED_EDGE ( 'NONE', *, *, #4153, .F. ) ;
#1528 = ADVANCED_FACE ( 'NONE', ( #5708 ), #812, .T. ) ;
#1529 = CARTESIAN_POINT ( 'NONE',  ( -0.05002797945349034964, -0.07499991257304912395, 0.005924064248884148252 ) ) ;
#1530 = ORIENTED_EDGE ( 'NONE', *, *, #398, .T. ) ;
#1531 =( NAMED_UNIT ( * ) SI_UNIT ( $, .STERADIAN. ) SOLID_ANGLE_UNIT ( ) );
#1532 = ORIENTED_EDGE ( 'NONE', *, *, #2404, .T. ) ;
#1533 = AXIS2_PLACEMENT_3D ( 'NONE', #1685, #248, #306 ) ;
#1534 =( NAMED_UNIT ( * ) PLANE_ANGLE_UNIT ( ) SI_UNIT ( $, .RADIAN. ) );
#1535 =( GEOMETRIC_REPRESENTATION_CONTEXT ( 3 ) GLOBAL_UNCERTAINTY_ASSIGNED_CONTEXT ( ( #1061 ) ) GLOBAL_UNIT_ASSIGNED_CONTEXT ( ( #5816, #4214, #1551 ) ) REPRESENTATION_CONTEXT ( 'NONE', 'WORKASPACE' ) );
#1536 = CARTESIAN_POINT ( 'NONE',  ( -0.02244094488188972530, -0.04901574803149607445, 0.0003937007874015748519 ) ) ;
#1537 =( NAMED_UNIT ( * ) PLANE_ANGLE_UNIT ( ) SI_UNIT ( $, .RADIAN. ) );
#1538 = VERTEX_POINT ( 'NONE', #1419 ) ;
#1539 = CARTESIAN_POINT ( 'NONE',  ( -0.04921259842519686012, 0.07535501321061063851, 0.001968503937007874422 ) ) ;
#1540 = DIRECTION ( 'NONE',  ( 1.000000000000000000, 0.000000000000000000, -0.000000000000000000 ) ) ;
#1541 = SURFACE_SIDE_STYLE ('',( #2921 ) ) ;
#1542 = SHAPE_REPRESENTATION ( 'body', ( #4612 ), #686 ) ;
#1543 = COLOUR_RGB ( '',0.2862745098039215508, 0.2862745098039215508, 0.2862745098039215508 ) ;
#1545 = EDGE_CURVE ( 'NONE', #4787, #1965, #15, .T. ) ;
#1544 =( NAMED_UNIT ( * ) PLANE_ANGLE_UNIT ( ) SI_UNIT ( $, .RADIAN. ) );
#1546 = UNCERTAINTY_MEASURE_WITH_UNIT (LENGTH_MEASURE( 1.000000000000000082E-05 ), #850, 'distance_accuracy_value', 'NONE');
#1547 = DIRECTION ( 'NONE',  ( 0.5773502691896322814, -0.5773502691896236216, -0.5773502691896215122 ) ) ;
#1548 = ADVANCED_FACE ( 'NONE', ( #2058 ), #1526, .T. ) ;
#1549 = CARTESIAN_POINT ( 'NONE',  ( 0.01850393700787405366, -0.03976377952755905804, -0.08267716535433072833 ) ) ;
#1550 = CIRCLE ( 'NONE', #3996, 0.0003937007874015758277 ) ;
#1551 =( NAMED_UNIT ( * ) SI_UNIT ( $, .STERADIAN. ) SOLID_ANGLE_UNIT ( ) );
#1552 = FACE_OUTER_BOUND ( 'NONE', #1967, .T. ) ;
#1553 = ORIENTED_EDGE ( 'NONE', *, *, #2030, .F. ) ;
#1554 = SURFACE_STYLE_USAGE ( .BOTH. , #954 ) ;
#1555 = SURFACE_STYLE_USAGE ( .BOTH. , #3053 ) ;
#1556 = MECHANICAL_DESIGN_GEOMETRIC_PRESENTATION_REPRESENTATION (  '', ( #655 ), #4989 ) ;
#1557 = VERTEX_POINT ( 'NONE', #5819 ) ;
#1558 = APPLICATION_CONTEXT ( 'automotive_design' ) ;
#1559 = CARTESIAN_POINT ( 'NONE',  ( -0.04921259842519686012, -0.07535501321061066626, 0.001968503937007870519 ) ) ;
#1560 = VERTEX_POINT ( 'NONE', #3373 ) ;
#1561 = UNCERTAINTY_MEASURE_WITH_UNIT (LENGTH_MEASURE( 1.000000000000000082E-05 ), #5031, 'distance_accuracy_value', 'NONE');
#1562 = UNCERTAINTY_MEASURE_WITH_UNIT (LENGTH_MEASURE( 1.000000000000000082E-05 ), #5116, 'distance_accuracy_value', 'NONE');
#1563 = VERTEX_POINT ( 'NONE', #1966 ) ;
#1564 = CARTESIAN_POINT ( 'NONE',  ( 0.02227454735007465200, 0.04894214530492790177, -0.0002591923370620443940 ) ) ;
#1565 = SURFACE_STYLE_FILL_AREA ( #2165 ) ;
#1566 = PRESENTATION_STYLE_ASSIGNMENT (( #5898 ) ) ;
#1567 = CARTESIAN_POINT ( 'NONE',  ( 0.02204724409448819908, 0.04862204724409450313, -0.0003937007874015587515 ) ) ;
#1568 = PRESENTATION_LAYER_ASSIGNMENT (  '', '', ( #3791 ) ) ;
#1569 = EDGE_CURVE ( 'NONE', #4571, #3821, #2455, .T. ) ;
#1570 = VERTEX_POINT ( 'NONE', #2489 ) ;
#1571 = CARTESIAN_POINT ( 'NONE',  ( 0.05118110236220473064, -0.07303149606299212671, 0.003937007874015747977 ) ) ;
#1572 = DIRECTION ( 'NONE',  ( 0.5773502691896245098, 0.5773502691896288397, -0.5773502691896240657 ) ) ;
#1573 = LINE ( 'NONE', #3520, #1938 ) ;
#1574 = DIRECTION ( 'NONE',  ( -0.000000000000000000, 1.000000000000000000, 0.000000000000000000 ) ) ;
#1575 = DIRECTION ( 'NONE',  ( 0.5773502691896330585, -0.5773502691896200689, 0.5773502691896243988 ) ) ;
#1576 = CARTESIAN_POINT ( 'NONE',  ( 0.02227454735007467629, 0.04884935049968097687, 0.0001663975318150907304 ) ) ;
#1577 = VECTOR ( 'NONE', #752, 39.37007874015748143 ) ;
#1578 =( CONVERSION_BASED_UNIT ( 'INCH', #1145 ) LENGTH_UNIT ( ) NAMED_UNIT ( #4256 ) );
#1579 =( BOUNDED_SURFACE ( )  B_SPLINE_SURFACE ( 3, 3, ( 
 ( #3984, #1559, #612, #581 ),
 ( #1121, #3056, #5944, #5400 ),
 ( #4974, #652, #2579, #1529 ),
 ( #3002, #3479, #5432, #2522 ) ),
 .UNSPECIFIED., .F., .F., .T. ) 
 B_SPLINE_SURFACE_WITH_KNOTS ( ( 4, 4 ),
 ( 4, 4 ),
 ( 0.000000000000000000, 1.000000000000000000 ),
 ( 0.000000000000000000, 1.000000000000000000 ),
 .UNSPECIFIED. ) 
 GEOMETRIC_REPRESENTATION_ITEM ( )  RATIONAL_B_SPLINE_SURFACE ( (
 ( 1.000000000000000000, 0.8025111867385935627, 0.8025111867385935627, 1.000000000000000000),
 ( 0.8047378541243646044, 0.6458111303268130321, 0.6458111303268130321, 0.8047378541243646044),
 ( 0.8047378541243646044, 0.6458111303268130321, 0.6458111303268130321, 0.8047378541243646044),
 ( 1.000000000000000000, 0.8025111867385935627, 0.8025111867385935627, 1.000000000000000000) ) ) 
 REPRESENTATION_ITEM ( '' )  SURFACE ( )  );
#1580 = ORIENTED_EDGE ( 'NONE', *, *, #4066, .F. ) ;
#1581 = CARTESIAN_POINT ( 'NONE',  ( 0.1190944881889763746, -0.07303149606299212671, 0.000000000000000000 ) ) ;
#1582 = ORIENTED_EDGE ( 'NONE', *, *, #2775, .T. ) ;
#1583 = SURFACE_STYLE_FILL_AREA ( #5976 ) ;
#1584 = ORIENTED_EDGE ( 'NONE', *, *, #622, .F. ) ;
#1585 = CARTESIAN_POINT ( 'NONE',  ( -0.1186042224775548243, -0.07368233430891663049, 0.1246659579513019478 ) ) ;
#1586 = CIRCLE ( 'NONE', #481, 0.0003937007874015750687 ) ;
#1587 = ORIENTED_EDGE ( 'NONE', *, *, #5152, .T. ) ;
#1588 = VECTOR ( 'NONE', #4068, 39.37007874015748143 ) ;
#1589 =( GEOMETRIC_REPRESENTATION_CONTEXT ( 3 ) GLOBAL_UNCERTAINTY_ASSIGNED_CONTEXT ( ( #4961 ) ) GLOBAL_UNIT_ASSIGNED_CONTEXT ( ( #147, #3489, #590 ) ) REPRESENTATION_CONTEXT ( 'NONE', 'WORKASPACE' ) );
#1590 = DIRECTION ( 'NONE',  ( 0.000000000000000000, -1.000000000000000000, 0.000000000000000000 ) ) ;
#1591 = LENGTH_MEASURE_WITH_UNIT ( LENGTH_MEASURE( 0.02539999999999999897 ), #86 );
#1592 = CARTESIAN_POINT ( 'NONE',  ( -0.02204724409448815398, -3.284990769240909256E-18, 0.000000000000000000 ) ) ;
#1593 = FILL_AREA_STYLE_COLOUR ( '', #3860 ) ;
#1594 = VERTEX_POINT ( 'NONE', #2546 ) ;
#1595 = EDGE_CURVE ( 'NONE', #2590, #4972, #71, .T. ) ;
#1596 = AXIS2_PLACEMENT_3D ( 'NONE', #5772, #3766, #809 ) ;
#1597 = MECHANICAL_DESIGN_GEOMETRIC_PRESENTATION_REPRESENTATION (  '', ( #2935 ), #6050 ) ;
#1598 = CARTESIAN_POINT ( 'NONE',  ( 0.02227454735007466241, 0.04884935049968095605, 0.0001663975318151100021 ) ) ;
#1599 = CARTESIAN_POINT ( 'NONE',  ( 0.02227786867623106695, -0.03937007874015739650, -0.07890323368597365605 ) ) ;
#1600 = FILL_AREA_STYLE ('',( #5053 ) ) ;
#1601 = PRESENTATION_LAYER_ASSIGNMENT (  '', '', ( #6281 ) ) ;
#1602 = SURFACE_STYLE_USAGE ( .BOTH. , #1655 ) ;
#1603 = DIRECTION ( 'NONE',  ( 1.000000000000000000, 4.513101726118519957E-17, 0.000000000000000000 ) ) ;
#1604 = SURFACE_STYLE_FILL_AREA ( #100 ) ;
#1605 = ORIENTED_EDGE ( 'NONE', *, *, #3820, .F. ) ;
#1606 = EDGE_CURVE ( 'NONE', #721, #2103, #5391, .T. ) ;
#1607 = SURFACE_SIDE_STYLE ('',( #1583 ) ) ;
#1608 = EDGE_LOOP ( 'NONE', ( #2239, #4708, #150, #2257 ) ) ;
#1609 = CARTESIAN_POINT ( 'NONE',  ( 0.02266915920592115982, -0.04016066521993186950, -0.08244893809542364060 ) ) ;
#1610 = EDGE_CURVE ( 'NONE', #2528, #5971, #1031, .T. ) ;
#1611 = DIRECTION ( 'NONE',  ( -0.000000000000000000, 1.000000000000000000, 0.000000000000000000 ) ) ;
#1612 = ADVANCED_FACE ( 'NONE', ( #4467 ), #2263, .T. ) ;
#1613 = ORIENTED_EDGE ( 'NONE', *, *, #4817, .F. ) ;
#1614 = COLOUR_RGB ( '',0.8313725490196077761, 0.8313725490196077761, 0.8313725490196077761 ) ;
#1615 = DIRECTION ( 'NONE',  ( 0.000000000000000000, 0.000000000000000000, 1.000000000000000000 ) ) ;
#1616 = VECTOR ( 'NONE', #3009, 39.37007874015748143 ) ;
#1617 = EDGE_LOOP ( 'NONE', ( #3844, #4821, #1926, #5047 ) ) ;
#1618 = UNCERTAINTY_MEASURE_WITH_UNIT (LENGTH_MEASURE( 1.000000000000000082E-05 ), #1887, 'distance_accuracy_value', 'NONE');
#1619 = MECHANICAL_DESIGN_GEOMETRIC_PRESENTATION_REPRESENTATION (  '', ( #3759 ), #2967 ) ;
#1620 = VECTOR ( 'NONE', #12, 39.37007874015748143 ) ;
#1621 = CARTESIAN_POINT ( 'NONE',  ( -0.05118110236220473064, 0.07419325463680137567, 0.003937007874015754048 ) ) ;
#1622 = VECTOR ( 'NONE', #4373, 39.37007874015748143 ) ;
#1623 = FACE_OUTER_BOUND ( 'NONE', #288, .T. ) ;
#1624 =( CONVERSION_BASED_UNIT ( 'INCH', #714 ) LENGTH_UNIT ( ) NAMED_UNIT ( #5668 ) );
#1625 = SURFACE_STYLE_FILL_AREA ( #128 ) ;
#1626 =( NAMED_UNIT ( * ) PLANE_ANGLE_UNIT ( ) SI_UNIT ( $, .RADIAN. ) );
#1627 = CARTESIAN_POINT ( 'NONE',  ( 0.02227454735007470751, 0.03953647627197262593, -0.08251076782251556829 ) ) ;
#1628 = STYLED_ITEM ( 'NONE', ( #4331 ), #5541 ) ;
#1629 = DIRECTION ( 'NONE',  ( 1.000000000000000000, 0.000000000000000000, 0.000000000000000000 ) ) ;
#1630 = CARTESIAN_POINT ( 'NONE',  ( 0.02218175254482773751, 0.03953647627197257736, 0.08260356262776255565 ) ) ;
#1631 =( GEOMETRIC_REPRESENTATION_CONTEXT ( 3 ) GLOBAL_UNCERTAINTY_ASSIGNED_CONTEXT ( ( #4916 ) ) GLOBAL_UNIT_ASSIGNED_CONTEXT ( ( #3997, #5449, #3125 ) ) REPRESENTATION_CONTEXT ( 'NONE', 'WORKASPACE' ) );
#1632 = VERTEX_POINT ( 'NONE', #769 ) ;
#1633 = VECTOR ( 'NONE', #886, 39.37007874015748143 ) ;
#1634 = EDGE_CURVE ( 'NONE', #2666, #788, #5110, .T. ) ;
#1635 = PRESENTATION_LAYER_ASSIGNMENT (  '', '', ( #1836 ) ) ;
#1636 = EDGE_CURVE ( 'NONE', #2103, #3995, #313, .T. ) ;
#1637 = CARTESIAN_POINT ( 'NONE',  ( 0.01850393700787408141, -0.04901574803149608139, 0.08267716535433072833 ) ) ;
#1638 = ORIENTED_EDGE ( 'NONE', *, *, #1595, .F. ) ;
#1639 = LENGTH_MEASURE_WITH_UNIT ( LENGTH_MEASURE( 0.02539999999999999897 ), #3678 );
#1640 = MECHANICAL_DESIGN_GEOMETRIC_PRESENTATION_REPRESENTATION (  '', ( #140 ), #337 ) ;
#1641 = DIRECTION ( 'NONE',  ( -0.8164965809277261455, 0.4082482904638630727, -0.4082482904638630727 ) ) ;
#1642 = PRESENTATION_STYLE_ASSIGNMENT (( #5979 ) ) ;
#1643 = ORIENTED_EDGE ( 'NONE', *, *, #167, .T. ) ;
#1644 = DIMENSIONAL_EXPONENTS ( 1.000000000000000000, 0.000000000000000000, 0.000000000000000000, 0.000000000000000000, 0.000000000000000000, 0.000000000000000000, 0.000000000000000000 ) ;
#1645 = FILL_AREA_STYLE ('',( #621 ) ) ;
#1646 =( GEOMETRIC_REPRESENTATION_CONTEXT ( 3 ) GLOBAL_UNCERTAINTY_ASSIGNED_CONTEXT ( ( #5810 ) ) GLOBAL_UNIT_ASSIGNED_CONTEXT ( ( #1831, #5712, #2287 ) ) REPRESENTATION_CONTEXT ( 'NONE', 'WORKASPACE' ) );
#1647 = CYLINDRICAL_SURFACE ( 'NONE', #2219, 0.0003937007874015758277 ) ;
#1648 = ORIENTED_EDGE ( 'NONE', *, *, #853, .F. ) ;
#1649 = DIRECTION ( 'NONE',  ( 0.000000000000000000, 1.000000000000000000, 0.000000000000000000 ) ) ;
#1650 = SURFACE_STYLE_USAGE ( .BOTH. , #4956 ) ;
#1651 = FILL_AREA_STYLE ('',( #3637 ) ) ;
#1652 = AXIS2_PLACEMENT_3D ( 'NONE', #3083, #6108, #2689 ) ;
#1653 = EDGE_CURVE ( 'NONE', #4318, #2502, #4966, .T. ) ;
#1654 = PRESENTATION_LAYER_ASSIGNMENT (  '', '', ( #1072 ) ) ;
#1655 = SURFACE_SIDE_STYLE ('',( #4055 ) ) ;
#1656 = CARTESIAN_POINT ( 'NONE',  ( 0.02261677146730113261, 0.03997583086083689174, -0.08250283023937195204 ) ) ;
#1657 = APPLICATION_CONTEXT ( 'automotive_design' ) ;
#1658 = CARTESIAN_POINT ( 'NONE',  ( -0.05118110236220473064, -0.07499999999999999722, 0.005905511811023620231 ) ) ;
#1659 = ORIENTED_EDGE ( 'NONE', *, *, #3762, .T. ) ;
#1660 = LINE ( 'NONE', #3135, #5224 ) ;
#1661 = ORIENTED_EDGE ( 'NONE', *, *, #4089, .T. ) ;
#1662 = ORIENTED_EDGE ( 'NONE', *, *, #6014, .F. ) ;
#1663 = PRESENTATION_STYLE_ASSIGNMENT (( #3625 ) ) ;
#1664 = LINE ( 'NONE', #3626, #774 ) ;
#1665 = ORIENTED_EDGE ( 'NONE', *, *, #5210, .F. ) ;
#1666 = DIRECTION ( 'NONE',  ( 1.000000000000000000, 4.749352646498039829E-16, 0.000000000000000000 ) ) ;
#1667 = CIRCLE ( 'NONE', #5539, 0.0003937007874015758277 ) ;
#1668 = CARTESIAN_POINT ( 'NONE',  ( -0.1190944881889763746, 0.07303149606299212671, 0.000000000000000000 ) ) ;
#1669 = STYLED_ITEM ( 'NONE', ( #439 ), #2120 ) ;
#1670 = DIRECTION ( 'NONE',  ( 1.000000000000000000, 0.000000000000000000, -0.000000000000000000 ) ) ;
#1671 = VERTEX_POINT ( 'NONE', #1270 ) ;
#1672 = AXIS2_PLACEMENT_3D ( 'NONE', #2021, #4549, #3499 ) ;
#1673 = UNCERTAINTY_MEASURE_WITH_UNIT (LENGTH_MEASURE( 1.000000000000000082E-05 ), #4566, 'distance_accuracy_value', 'NONE');
#1674 =( GEOMETRIC_REPRESENTATION_CONTEXT ( 3 ) GLOBAL_UNCERTAINTY_ASSIGNED_CONTEXT ( ( #1546 ) ) GLOBAL_UNIT_ASSIGNED_CONTEXT ( ( #850, #1412, #3768 ) ) REPRESENTATION_CONTEXT ( 'NONE', 'WORKASPACE' ) );
#1675 = LENGTH_MEASURE_WITH_UNIT ( LENGTH_MEASURE( 0.02539999999999999897 ), #2145 );
#1676 =( NAMED_UNIT ( * ) PLANE_ANGLE_UNIT ( ) SI_UNIT ( $, .RADIAN. ) );
#1677 =( NAMED_UNIT ( * ) SI_UNIT ( $, .STERADIAN. ) SOLID_ANGLE_UNIT ( ) );
#1678 = CARTESIAN_POINT ( 'NONE',  ( 0.02227454735007467282, 0.04884935049968099768, -0.0001663975318150956635 ) ) ;
#1679 = ADVANCED_FACE ( 'NONE', ( #647 ), #4095, .T. ) ;
#1680 = EDGE_CURVE ( 'NONE', #6128, #3188, #2747, .T. ) ;
#1681 = PRESENTATION_LAYER_ASSIGNMENT (  '', '', ( #2935 ) ) ;
#1682 = CYLINDRICAL_SURFACE ( 'NONE', #2060, 0.0003937007874015748519 ) ;
#1683 =( LENGTH_UNIT ( ) NAMED_UNIT ( * ) SI_UNIT ( $, .METRE. ) );
#1684 = MECHANICAL_DESIGN_GEOMETRIC_PRESENTATION_REPRESENTATION (  '', ( #4444 ), #2716 ) ;
#1685 = CARTESIAN_POINT ( 'NONE',  ( -0.05118110236220473064, -0.07303149606299212671, 0.001968503937007872687 ) ) ;
#1686 = DIRECTION ( 'NONE',  ( 1.000000000000000000, 0.000000000000000000, -0.000000000000000000 ) ) ;
#1687 = CARTESIAN_POINT ( 'NONE',  ( 0.02266915920592114247, 0.04016066521993183480, 0.08244893809542359897 ) ) ;
#1688 = ORIENTED_EDGE ( 'NONE', *, *, #2118, .T. ) ;
#1689 = ADVANCED_FACE ( 'NONE', ( #5248 ), #1805, .T. ) ;
#1690 = DIRECTION ( 'NONE',  ( 0.000000000000000000, -1.000000000000000000, 0.000000000000000000 ) ) ;
#1691 =( GEOMETRIC_REPRESENTATION_CONTEXT ( 3 ) GLOBAL_UNCERTAINTY_ASSIGNED_CONTEXT ( ( #3019 ) ) GLOBAL_UNIT_ASSIGNED_CONTEXT ( ( #1990, #190, #4903 ) ) REPRESENTATION_CONTEXT ( 'NONE', 'WORKASPACE' ) );
#1692 =( NAMED_UNIT ( * ) PLANE_ANGLE_UNIT ( ) SI_UNIT ( $, .RADIAN. ) );
#1693 = ORIENTED_EDGE ( 'NONE', *, *, #4589, .F. ) ;
#1694 = SURFACE_SIDE_STYLE ('',( #5610 ) ) ;
#1695 = B_SPLINE_CURVE_WITH_KNOTS ( 'NONE', 3,
 ( #5509, #2624, #299, #5173 ),
 .UNSPECIFIED., .F., .F.,
 ( 4, 4 ),
 ( 0.000000000000000000, 1.000000000000000000 ),
 .UNSPECIFIED. ) ;
#1696 = VERTEX_POINT ( 'NONE', #1948 ) ;
#1697 = CYLINDRICAL_SURFACE ( 'NONE', #4303, 0.001968503937007873988 ) ;
#1698 = FILL_AREA_STYLE_COLOUR ( '', #4521 ) ;
#1699 = EDGE_LOOP ( 'NONE', ( #4427, #3112, #4008, #3167 ) ) ;
#1700 = DIRECTION ( 'NONE',  ( 1.000000000000000000, 0.000000000000000000, -0.000000000000000000 ) ) ;
#1701 = CARTESIAN_POINT ( 'NONE',  ( 0.02165035840211541884, 0.04924396235552742918, -0.0002282272589070624105 ) ) ;
#1702 =( CONVERSION_BASED_UNIT ( 'INCH', #2797 ) LENGTH_UNIT ( ) NAMED_UNIT ( #1414 ) );
#1703 = LENGTH_MEASURE_WITH_UNIT ( LENGTH_MEASURE( 0.02539999999999999897 ), #733 );
#1704 = COLOUR_RGB ( '',0.8313725490196077761, 0.8313725490196077761, 0.8313725490196077761 ) ;
#1705 = CARTESIAN_POINT ( 'NONE',  ( 0.1190944881889763746, 0.07303149606299212671, 0.1248425196850393853 ) ) ;
#1706 = ORIENTED_EDGE ( 'NONE', *, *, #328, .F. ) ;
#1707 = FILL_AREA_STYLE ('',( #241 ) ) ;
#1708 = CARTESIAN_POINT ( 'NONE',  ( 0.02227454735007465200, -0.04884935049968095605, -0.0001663975318151163446 ) ) ;
#1709 = CYLINDRICAL_SURFACE ( 'NONE', #3668, 0.001968503937007873988 ) ;
#1710 = AXIS2_PLACEMENT_3D ( 'NONE', #5759, #2368, #433 ) ;
#1711 = SHAPE_DEFINITION_REPRESENTATION ( #89, #1285 ) ;
#1712 = AXIS2_PLACEMENT_3D ( 'NONE', #3808, #818, #783 ) ;
#1713 = AXIS2_PLACEMENT_3D ( 'NONE', #3371, #5297, #1458 ) ;
#1714 = FACE_OUTER_BOUND ( 'NONE', #5651, .T. ) ;
#1715 = CARTESIAN_POINT ( 'NONE',  ( 0.02047244094488193111, -0.03976377952755905804, 0.08267716535433072833 ) ) ;
#1716 = CARTESIAN_POINT ( 'NONE',  ( 0.02244094488188977041, -0.03943762711624160949, 0.07834645669291333270 ) ) ;
#1717 = CARTESIAN_POINT ( 'NONE',  ( 0.02222331243917321023, 0.04862204724409448925, 4.156409803152742542E-05 ) ) ;
#1718 = VECTOR ( 'NONE', #3612, 39.37007874015748143 ) ;
#1719 = DIRECTION ( 'NONE',  ( 0.000000000000000000, 1.000000000000000000, 0.000000000000000000 ) ) ;
#1720 = ORIENTED_EDGE ( 'NONE', *, *, #167, .F. ) ;
#1721 = COLOUR_RGB ( '',0.2862745098039215508, 0.2862745098039215508, 0.2862745098039215508 ) ;
#1722 = EDGE_CURVE ( 'NONE', #1632, #2782, #1441, .T. ) ;
#1723 =( NAMED_UNIT ( * ) SI_UNIT ( $, .STERADIAN. ) SOLID_ANGLE_UNIT ( ) );
#1724 = AXIS2_PLACEMENT_3D ( 'NONE', #633, #3969, #3072 ) ;
#1725 = EDGE_CURVE ( 'NONE', #2590, #1020, #3393, .T. ) ;
#1726 = AXIS2_PLACEMENT_3D ( 'NONE', #2232, #4260, #4164 ) ;
#1727 = CARTESIAN_POINT ( 'NONE',  ( 0.1202310044669087225, 0.07370403831468981537, 0.004305021506856624401 ) ) ;
#1728 = VERTEX_POINT ( 'NONE', #5317 ) ;
#1729 = AXIS2_PLACEMENT_3D ( 'NONE', #916, #3910, #6215 ) ;
#1730 =( BOUNDED_SURFACE ( )  B_SPLINE_SURFACE ( 3, 3, ( 
 ( #3120, #2642, #3540, #3486 ),
 ( #1564, #5441, #5470, #2587 ),
 ( #5589, #759, #2765, #6060 ),
 ( #5072, #1701, #2700, #3225 ) ),
 .UNSPECIFIED., .F., .F., .F. ) 
 B_SPLINE_SURFACE_WITH_KNOTS ( ( 4, 4 ),
 ( 4, 4 ),
 ( 0.000000000000000000, 1.000000000000000000 ),
 ( 0.000000000000000000, 1.000000000000000000 ),
 .UNSPECIFIED. ) 
 GEOMETRIC_REPRESENTATION_ITEM ( )  RATIONAL_B_SPLINE_SURFACE ( (
 ( 1.000000000000000000, 0.3333333333333309834, 0.3333333333333309834, 1.000000000000000000),
 ( 0.9245018060306362528, 0.3081672686768766045, 0.3081672686768766045, 0.9245018060306362528),
 ( 0.9245018060306362528, 0.3081672686768766045, 0.3081672686768766045, 0.9245018060306362528),
 ( 1.000000000000000000, 0.3333333333333309834, 0.3333333333333309834, 1.000000000000000000) ) ) 
 REPRESENTATION_ITEM ( '' )  SURFACE ( )  );
#1731 =( GEOMETRIC_REPRESENTATION_CONTEXT ( 3 ) GLOBAL_UNCERTAINTY_ASSIGNED_CONTEXT ( ( #3924 ) ) GLOBAL_UNIT_ASSIGNED_CONTEXT ( ( #5074, #3570, #3064 ) ) REPRESENTATION_CONTEXT ( 'NONE', 'WORKASPACE' ) );
#1732 = ORIENTED_EDGE ( 'NONE', *, *, #5061, .F. ) ;
#1733 = DIMENSIONAL_EXPONENTS ( 1.000000000000000000, 0.000000000000000000, 0.000000000000000000, 0.000000000000000000, 0.000000000000000000, 0.000000000000000000, 0.000000000000000000 ) ;
#1734 = ADVANCED_FACE ( 'NONE', ( #498 ), #3757, .F. ) ;
#1735 = CARTESIAN_POINT ( 'NONE',  ( 0.04921259842519685318, 0.07439094276228642999, 0.002144323617080788873 ) ) ;
#1736 =( NAMED_UNIT ( * ) SI_UNIT ( $, .STERADIAN. ) SOLID_ANGLE_UNIT ( ) );
#1737 = AXIS2_PLACEMENT_3D ( 'NONE', #4524, #6042, #217 ) ;
#1738 = LINE ( 'NONE', #1231, #2762 ) ;
#1739 = CARTESIAN_POINT ( 'NONE',  ( -0.02227786867623103226, -0.04885267182583736406, 1.412168279180550890E-20 ) ) ;
#1740 = FILL_AREA_STYLE_COLOUR ( '', #5054 ) ;
#1741 = ORIENTED_EDGE ( 'NONE', *, *, #5369, .F. ) ;
#1742 =( LENGTH_UNIT ( ) NAMED_UNIT ( * ) SI_UNIT ( $, .METRE. ) );
#1743 = SURFACE_STYLE_USAGE ( .BOTH. , #6098 ) ;
#1744 = SURFACE_SIDE_STYLE ('',( #836 ) ) ;
#1745 = FILL_AREA_STYLE_COLOUR ( '', #2925 ) ;
#1746 = SURFACE_STYLE_USAGE ( .BOTH. , #4132 ) ;
#1747 = CONTEXT_DEPENDENT_SHAPE_REPRESENTATION ( #62, #31 ) ;
#1748 = CARTESIAN_POINT ( 'NONE',  ( 0.03969707343455865928, -0.03937007874015736181, 0.07913385826771651699 ) ) ;
#1749 = DIRECTION ( 'NONE',  ( -1.000000000000000000, -0.000000000000000000, -0.000000000000000000 ) ) ;
#1750 = SURFACE_STYLE_FILL_AREA ( #6207 ) ;
#1751 = DIRECTION ( 'NONE',  ( 0.000000000000000000, -1.000000000000000000, -0.000000000000000000 ) ) ;
#1752 =( NAMED_UNIT ( * ) SI_UNIT ( $, .STERADIAN. ) SOLID_ANGLE_UNIT ( ) );
#1753 = ORIENTED_EDGE ( 'NONE', *, *, #3474, .T. ) ;
#1754 = ADVANCED_BREP_SHAPE_REPRESENTATION ( '', ( #2851, #4612 ), #686 ) ;
#1755 = COLOUR_RGB ( '',0.2862745098039215508, 0.2862745098039215508, 0.2862745098039215508 ) ;
#1756 = COLOUR_RGB ( '',0.2862745098039215508, 0.2862745098039215508, 0.2862745098039215508 ) ;
#1757 = DIRECTION ( 'NONE',  ( 0.000000000000000000, 0.000000000000000000, -1.000000000000000000 ) ) ;
#1758 = ORIENTED_EDGE ( 'NONE', *, *, #4550, .T. ) ;
#1759 = CARTESIAN_POINT ( 'NONE',  ( 0.02207460233325030108, -0.04883499509335045147, -4.790289133974741603E-05 ) ) ;
#1760 = COLOUR_RGB ( '',0.2862745098039215508, 0.2862745098039215508, 0.2862745098039215508 ) ;
#1761 = ORIENTED_EDGE ( 'NONE', *, *, #2839, .F. ) ;
#1762 = SURFACE_STYLE_USAGE ( .BOTH. , #3271 ) ;
#1763 = DIRECTION ( 'NONE',  ( 0.000000000000000000, 0.000000000000000000, 1.000000000000000000 ) ) ;
#1764 = DIRECTION ( 'NONE',  ( 0.000000000000000000, 0.000000000000000000, 1.000000000000000000 ) ) ;
#1765 = MECHANICAL_DESIGN_GEOMETRIC_PRESENTATION_REPRESENTATION (  '', ( #6035 ), #1261 ) ;
#1766 = PRESENTATION_STYLE_ASSIGNMENT (( #2673 ) ) ;
#1767 = LINE ( 'NONE', #6062, #1522 ) ;
#1768 = ORIENTED_EDGE ( 'NONE', *, *, #5413, .T. ) ;
#1769 =( GEOMETRIC_REPRESENTATION_CONTEXT ( 3 ) GLOBAL_UNCERTAINTY_ASSIGNED_CONTEXT ( ( #1133 ) ) GLOBAL_UNIT_ASSIGNED_CONTEXT ( ( #680, #3007, #4016 ) ) REPRESENTATION_CONTEXT ( 'NONE', 'WORKASPACE' ) );
#1770 =( NAMED_UNIT ( * ) SI_UNIT ( $, .STERADIAN. ) SOLID_ANGLE_UNIT ( ) );
#1771 =( LENGTH_UNIT ( ) NAMED_UNIT ( * ) SI_UNIT ( $, .METRE. ) );
#1772 = CARTESIAN_POINT ( 'NONE',  ( 0.02204724409448819214, -0.03958771118287404689, 0.08263560125629917930 ) ) ;
#1773 =( CONVERSION_BASED_UNIT ( 'INCH', #4160 ) LENGTH_UNIT ( ) NAMED_UNIT ( #1733 ) );
#1774 = PRODUCT_DEFINITION_FORMATION_WITH_SPECIFIED_SOURCE ( 'ANY', '', #4034, .NOT_KNOWN. ) ;
#1775 = UNCERTAINTY_MEASURE_WITH_UNIT (LENGTH_MEASURE( 1.000000000000000082E-05 ), #2433, 'distance_accuracy_value', 'NONE');
#1776 = COLOUR_RGB ( '',0.2862745098039215508, 0.2862745098039215508, 0.2862745098039215508 ) ;
#1777 = PRESENTATION_STYLE_ASSIGNMENT (( #1338 ) ) ;
#1778 = CARTESIAN_POINT ( 'NONE',  ( 0.02223952466514751009, 0.04863924696456878305, 2.633936655719779267E-05 ) ) ;
#1779 = CARTESIAN_POINT ( 'NONE',  ( 0.02214210586436343026, 0.03910655853681647975, 0.08192188475386605329 ) ) ;
#1780 = DIRECTION ( 'NONE',  ( 0.000000000000000000, 0.000000000000000000, 1.000000000000000000 ) ) ;
#1781 = VERTEX_POINT ( 'NONE', #532 ) ;
#1782 = CYLINDRICAL_SURFACE ( 'NONE', #6248, 0.001968503937007873988 ) ;
#1783 = STYLED_ITEM ( 'NONE', ( #6267 ), #1158 ) ;
#1784 = FACE_OUTER_BOUND ( 'NONE', #2283, .T. ) ;
#1785 = ORIENTED_EDGE ( 'NONE', *, *, #3218, .T. ) ;
#1786 = FILL_AREA_STYLE ('',( #2245 ) ) ;
#1787 = STYLED_ITEM ( 'NONE', ( #2022 ), #2389 ) ;
#1788 = CARTESIAN_POINT ( 'NONE',  ( 0.1202310044669087502, -0.07416801234092447459, 0.004768995533091288826 ) ) ;
#1789 = CARTESIAN_POINT ( 'NONE',  ( 0.005184816329220984753, 0.03937007874015747977, 0.08267716535433072833 ) ) ;
#1790 = VERTEX_POINT ( 'NONE', #2983 ) ;
#1791 = DIMENSIONAL_EXPONENTS ( 1.000000000000000000, 0.000000000000000000, 0.000000000000000000, 0.000000000000000000, 0.000000000000000000, 0.000000000000000000, 0.000000000000000000 ) ;
#1792 = DIRECTION ( 'NONE',  ( -0.000000000000000000, -0.000000000000000000, -1.000000000000000000 ) ) ;
#1793 = PLANE ( 'NONE',  #1902 ) ;
#1794 =( NAMED_UNIT ( * ) SI_UNIT ( $, .STERADIAN. ) SOLID_ANGLE_UNIT ( ) );
#1795 = CARTESIAN_POINT ( 'NONE',  ( -0.1208864303922469047, 0.07368233430891664437, 0.1223837500366100339 ) ) ;
#1796 =( NAMED_UNIT ( * ) PLANE_ANGLE_UNIT ( ) SI_UNIT ( $, .RADIAN. ) );
#1797 = EDGE_CURVE ( 'NONE', #5777, #1000, #631, .T. ) ;
#1798 = VERTEX_POINT ( 'NONE', #117 ) ;
#1799 =( CONVERSION_BASED_UNIT ( 'INCH', #3635 ) LENGTH_UNIT ( ) NAMED_UNIT ( #4204 ) );
#1800 = AXIS2_PLACEMENT_3D ( 'NONE', #5359, #2139, #3068 ) ;
#1801 = DIRECTION ( 'NONE',  ( -0.000000000000000000, -1.000000000000000000, 0.000000000000000000 ) ) ;
#1802 = DIRECTION ( 'NONE',  ( 0.000000000000000000, 1.000000000000000000, 0.000000000000000000 ) ) ;
#1803 = CARTESIAN_POINT ( 'NONE',  ( 0.1192312793827868811, 0.07523951445669875560, 0.1239387549943113676 ) ) ;
#1804 =( NAMED_UNIT ( * ) SI_UNIT ( $, .STERADIAN. ) SOLID_ANGLE_UNIT ( ) );
#1805 = CYLINDRICAL_SURFACE ( 'NONE', #5487, 0.001968503937007879193 ) ;
#1806 = DIMENSIONAL_EXPONENTS ( 1.000000000000000000, 0.000000000000000000, 0.000000000000000000, 0.000000000000000000, 0.000000000000000000, 0.000000000000000000, 0.000000000000000000 ) ;
#1808 = AXIS2_PLACEMENT_3D ( 'NONE', #2117, #2051, #4027 ) ;
#1807 = DIRECTION ( 'NONE',  ( 0.000000000000000000, -1.000000000000000000, 0.000000000000000000 ) ) ;
#1809 = CARTESIAN_POINT ( 'NONE',  ( 0.02204724409448819214, -0.03920700253449872080, 0.07874015748031494566 ) ) ;
#1810 = CARTESIAN_POINT ( 'NONE',  ( 0.02207460233325032189, 0.03932217584881776001, 0.08249641241618511922 ) ) ;
#1811 = PLANE ( 'NONE',  #1856 ) ;
#1812 = ORIENTED_EDGE ( 'NONE', *, *, #3629, .F. ) ;
#1813 = STYLED_ITEM ( 'NONE', ( #3343 ), #1528 ) ;
#1814 = DIMENSIONAL_EXPONENTS ( 1.000000000000000000, 0.000000000000000000, 0.000000000000000000, 0.000000000000000000, 0.000000000000000000, 0.000000000000000000, 0.000000000000000000 ) ;
#1815 = AXIS2_PLACEMENT_3D ( 'NONE', #5428, #1086, #609 ) ;
#1816 =( GEOMETRIC_REPRESENTATION_CONTEXT ( 3 ) GLOBAL_UNCERTAINTY_ASSIGNED_CONTEXT ( ( #4851 ) ) GLOBAL_UNIT_ASSIGNED_CONTEXT ( ( #2498, #6106, #1079 ) ) REPRESENTATION_CONTEXT ( 'NONE', 'WORKASPACE' ) );
#1817 = SURFACE_STYLE_FILL_AREA ( #2344 ) ;
#1818 = DIRECTION ( 'NONE',  ( -1.000000000000000000, -4.749352646498039829E-16, 0.000000000000000000 ) ) ;
#1819 = COLOUR_RGB ( '',0.7490196078431372584, 0.7490196078431372584, 0.7490196078431372584 ) ;
#1820 = EDGE_LOOP ( 'NONE', ( #81, #580, #1720, #4119 ) ) ;
#1821 = LINE ( 'NONE', #6148, #2341 ) ;
#1822 = EDGE_CURVE ( 'NONE', #40, #6010, #2473, .T. ) ;
#1823 = CARTESIAN_POINT ( 'NONE',  ( 0.1191804867913477672, -0.07486830316721396206, 0.004944108957727027902 ) ) ;
#1824 =( NAMED_UNIT ( * ) PLANE_ANGLE_UNIT ( ) SI_UNIT ( $, .RADIAN. ) );
#1825 = EDGE_LOOP ( 'NONE', ( #2604, #5709, #4880, #106, #989, #1103 ) ) ;
#1826 = EDGE_CURVE ( 'NONE', #5440, #2528, #5925, .T. ) ;
#1827 =( NAMED_UNIT ( * ) SI_UNIT ( $, .STERADIAN. ) SOLID_ANGLE_UNIT ( ) );
#1828 =( LENGTH_UNIT ( ) NAMED_UNIT ( * ) SI_UNIT ( $, .METRE. ) );
#1829 = CARTESIAN_POINT ( 'NONE',  ( 0.04921259842519684624, -0.07499999999999999722, 0.000000000000000000 ) ) ;
#1830 = FILL_AREA_STYLE ('',( #3746 ) ) ;
#1831 =( CONVERSION_BASED_UNIT ( 'INCH', #5753 ) LENGTH_UNIT ( ) NAMED_UNIT ( #4835 ) );
#1832 = DIRECTION ( 'NONE',  ( -1.000000000000000000, 0.000000000000000000, 0.000000000000000000 ) ) ;
#1833 = CARTESIAN_POINT ( 'NONE',  ( 0.1222040637461410256, 0.07104706760112829145, 0.1237013833905040161 ) ) ;
#1834 = PRESENTATION_LAYER_ASSIGNMENT (  '', '', ( #4881 ) ) ;
#1835 = ORIENTED_EDGE ( 'NONE', *, *, #5647, .F. ) ;
#1836 = STYLED_ITEM ( 'NONE', ( #791 ), #3982 ) ;
#1837 = LINE ( 'NONE', #3455, #222 ) ;
#1838 = EDGE_CURVE ( 'NONE', #1594, #3595, #1981, .T. ) ;
#1839 = PRESENTATION_STYLE_ASSIGNMENT (( #6130 ) ) ;
#1840 = CARTESIAN_POINT ( 'NONE',  ( -0.02244094488188972530, 0.04901574803149607445, 0.000000000000000000 ) ) ;
#1841 = DIRECTION ( 'NONE',  ( 0.000000000000000000, -1.000000000000000000, 0.000000000000000000 ) ) ;
#1842 = CARTESIAN_POINT ( 'NONE',  ( 0.1201592274352561857, -0.07316828725680261936, 0.1250820341417381298 ) ) ;
#1843 = UNCERTAINTY_MEASURE_WITH_UNIT (LENGTH_MEASURE( 1.000000000000000082E-05 ), #5984, 'distance_accuracy_value', 'NONE');
#1844 = CARTESIAN_POINT ( 'NONE',  ( 0.02244094488188978775, -0.03930253036407324596, 0.07857708127465623527 ) ) ;
#1845 = SURFACE_STYLE_USAGE ( .BOTH. , #5150 ) ;
#1846 = ORIENTED_EDGE ( 'NONE', *, *, #4892, .F. ) ;
#1847 = ADVANCED_FACE ( 'NONE', ( #3459 ), #3501, .T. ) ;
#1848 = CARTESIAN_POINT ( 'NONE',  ( 0.02244094488188980163, -0.04901574803149607445, 0.000000000000000000 ) ) ;
#1849 = CARTESIAN_POINT ( 'NONE',  ( 0.02218175254482772016, 0.03953647627197259817, -0.08260356262776255565 ) ) ;
#1850 = DIMENSIONAL_EXPONENTS ( 1.000000000000000000, 0.000000000000000000, 0.000000000000000000, 0.000000000000000000, 0.000000000000000000, 0.000000000000000000, 0.000000000000000000 ) ;
#1851 =( GEOMETRIC_REPRESENTATION_CONTEXT ( 3 ) GLOBAL_UNCERTAINTY_ASSIGNED_CONTEXT ( ( #3390 ) ) GLOBAL_UNIT_ASSIGNED_CONTEXT ( ( #1017, #1524, #2025 ) ) REPRESENTATION_CONTEXT ( 'NONE', 'WORKASPACE' ) );
#1852 = ORIENTED_EDGE ( 'NONE', *, *, #4437, .F. ) ;
#1853 =( LENGTH_UNIT ( ) NAMED_UNIT ( * ) SI_UNIT ( $, .METRE. ) );
#1854 = CARTESIAN_POINT ( 'NONE',  ( 0.01850393700787405712, -0.03937007874015736875, 0.08228346456692912925 ) ) ;
#1855 = ORIENTED_EDGE ( 'NONE', *, *, #2984, .F. ) ;
#1856 = AXIS2_PLACEMENT_3D ( 'NONE', #6284, #1780, #3764 ) ;
#1857 = SURFACE_SIDE_STYLE ('',( #1933 ) ) ;
#1858 = PRESENTATION_STYLE_ASSIGNMENT (( #2969 ) ) ;
#1859 = CARTESIAN_POINT ( 'NONE',  ( 0.05118110236220473064, 0.07499991257304911008, 0.005924064248884147385 ) ) ;
#1860 = FACE_OUTER_BOUND ( 'NONE', #5445, .T. ) ;
#1861 =( LENGTH_UNIT ( ) NAMED_UNIT ( * ) SI_UNIT ( $, .METRE. ) );
#1862 =( CONVERSION_BASED_UNIT ( 'INCH', #421 ) LENGTH_UNIT ( ) NAMED_UNIT ( #376 ) );
#1863 =( NAMED_UNIT ( * ) PLANE_ANGLE_UNIT ( ) SI_UNIT ( $, .RADIAN. ) );
#1864 = VERTEX_POINT ( 'NONE', #36 ) ;
#1865 = PRESENTATION_STYLE_ASSIGNMENT (( #2394 ) ) ;
#1866 = VECTOR ( 'NONE', #1091, 39.37007874015748143 ) ;
#1867 = CARTESIAN_POINT ( 'NONE',  ( 0.02236734215532159425, -0.04875655569443401727, -0.0001663975318151163446 ) ) ;
#1868 =( GEOMETRIC_REPRESENTATION_CONTEXT ( 3 ) GLOBAL_UNCERTAINTY_ASSIGNED_CONTEXT ( ( #3402 ) ) GLOBAL_UNIT_ASSIGNED_CONTEXT ( ( #1200, #5524, #6084 ) ) REPRESENTATION_CONTEXT ( 'NONE', 'WORKASPACE' ) );
#1869 = SURFACE_SIDE_STYLE ('',( #3788 ) ) ;
#1870 =( NAMED_UNIT ( * ) SI_UNIT ( $, .STERADIAN. ) SOLID_ANGLE_UNIT ( ) );
#1871 = FACE_OUTER_BOUND ( 'NONE', #806, .T. ) ;
#1872 =( CONVERSION_BASED_UNIT ( 'INCH', #1910 ) LENGTH_UNIT ( ) NAMED_UNIT ( #3780 ) );
#1873 = PRESENTATION_LAYER_ASSIGNMENT (  '', '', ( #5112 ) ) ;
#1874 = FILL_AREA_STYLE ('',( #3936 ) ) ;
#1875 = CARTESIAN_POINT ( 'NONE',  ( 0.02204724409448819214, 0.04862204724409449619, -0.0003937007874015748519 ) ) ;
#1876 = LINE ( 'NONE', #979, #3529 ) ;
#1877 =( GEOMETRIC_REPRESENTATION_CONTEXT ( 3 ) GLOBAL_UNCERTAINTY_ASSIGNED_CONTEXT ( ( #1673 ) ) GLOBAL_UNIT_ASSIGNED_CONTEXT ( ( #4566, #4509, #3597 ) ) REPRESENTATION_CONTEXT ( 'NONE', 'WORKASPACE' ) );
#1879 = SURFACE_STYLE_USAGE ( .BOTH. , #1450 ) ;
#1878 = DIRECTION ( 'NONE',  ( -1.000000000000000000, 0.000000000000000000, 0.000000000000000000 ) ) ;
#1880 = EDGE_LOOP ( 'NONE', ( #2665, #3001, #608, #6095 ) ) ;
#1881 = DIMENSIONAL_EXPONENTS ( 1.000000000000000000, 0.000000000000000000, 0.000000000000000000, 0.000000000000000000, 0.000000000000000000, 0.000000000000000000, 0.000000000000000000 ) ;
#1882 = ADVANCED_FACE ( 'NONE', ( #1523 ), #1016, .T. ) ;
#1883 = LENGTH_MEASURE_WITH_UNIT ( LENGTH_MEASURE( 0.02539999999999999897 ), #3703 );
#1884 = PRODUCT ( 'WSC251527R00FEA', 'WSC251527R00FEA', '', ( #3152 ) ) ;
#1885 = MECHANICAL_DESIGN_GEOMETRIC_PRESENTATION_REPRESENTATION (  '', ( #1379 ), #1674 ) ;
#1886 = SURFACE_STYLE_USAGE ( .BOTH. , #6249 ) ;
#1887 =( CONVERSION_BASED_UNIT ( 'INCH', #1015 ) LENGTH_UNIT ( ) NAMED_UNIT ( #4189 ) );
#1888 = VERTEX_POINT ( 'NONE', #2901 ) ;
#1889 = CARTESIAN_POINT ( 'NONE',  ( 0.02206444381496248247, -0.04898940866493884522, 0.0002014202167422514313 ) ) ;
#1890 = CARTESIAN_POINT ( 'NONE',  ( 0.000000000000000000, -0.07303149606299212671, 0.1248425196850393715 ) ) ;
#1891 = ORIENTED_EDGE ( 'NONE', *, *, #6235, .F. ) ;
#1892 = FILL_AREA_STYLE_COLOUR ( '', #5189 ) ;
#1893 = PRESENTATION_LAYER_ASSIGNMENT (  '', '', ( #1783 ) ) ;
#1894 = DIRECTION ( 'NONE',  ( 0.000000000000000000, -1.000000000000000000, 0.000000000000000000 ) ) ;
#1895 =( GEOMETRIC_REPRESENTATION_CONTEXT ( 3 ) GLOBAL_UNCERTAINTY_ASSIGNED_CONTEXT ( ( #2052 ) ) GLOBAL_UNIT_ASSIGNED_CONTEXT ( ( #5218, #2335, #568 ) ) REPRESENTATION_CONTEXT ( 'NONE', 'WORKASPACE' ) );
#1896 = LENGTH_MEASURE_WITH_UNIT ( LENGTH_MEASURE( 0.02539999999999999897 ), #6223 );
#1897 = CARTESIAN_POINT ( 'NONE',  ( 0.1190944881889763746, 0.07499999999999999722, 0.005905511811023621965 ) ) ;
#1898 =( NAMED_UNIT ( * ) SI_UNIT ( $, .STERADIAN. ) SOLID_ANGLE_UNIT ( ) );
#1899 = CARTESIAN_POINT ( 'NONE',  ( 0.1186042224775548382, 0.07368233430891658886, 0.1246659579513019617 ) ) ;
#1900 = DIMENSIONAL_EXPONENTS ( 1.000000000000000000, 0.000000000000000000, 0.000000000000000000, 0.000000000000000000, 0.000000000000000000, 0.000000000000000000, 0.000000000000000000 ) ;
#1901 = ORIENTED_EDGE ( 'NONE', *, *, #4992, .F. ) ;
#1902 = AXIS2_PLACEMENT_3D ( 'NONE', #4121, #4617, #6059 ) ;
#1903 =( BOUNDED_SURFACE ( )  B_SPLINE_SURFACE ( 3, 3, ( 
 ( #3622, #1199, #3059, #5065 ),
 ( #4504, #726, #2101, #2667 ),
 ( #3647, #5978, #4065, #2187 ),
 ( #1151, #1609, #754, #3563 ) ),
 .UNSPECIFIED., .F., .F., .F. ) 
 B_SPLINE_SURFACE_WITH_KNOTS ( ( 4, 4 ),
 ( 4, 4 ),
 ( 0.000000000000000000, 1.000000000000000000 ),
 ( 0.000000000000000000, 1.000000000000000000 ),
 .UNSPECIFIED. ) 
 GEOMETRIC_REPRESENTATION_ITEM ( )  RATIONAL_B_SPLINE_SURFACE ( (
 ( 1.000000000000000000, 0.3333333333332904602, 0.3333333333332904602, 1.000000000000000000),
 ( 0.9245018060306442464, 0.3081672686768417990, 0.3081672686768417990, 0.9245018060306442464),
 ( 0.9245018060306442464, 0.3081672686768417990, 0.3081672686768417990, 0.9245018060306442464),
 ( 1.000000000000000000, 0.3333333333332904602, 0.3333333333332904602, 1.000000000000000000) ) ) 
 REPRESENTATION_ITEM ( '' )  SURFACE ( )  );
#1904 = FILL_AREA_STYLE ('',( #1976 ) ) ;
#1905 = CARTESIAN_POINT ( 'NONE',  ( 0.01850393700787405712, -0.03937007874015736875, -0.08228346456692912925 ) ) ;
#1906 = FILL_AREA_STYLE ('',( #4312 ) ) ;
#1907 = UNCERTAINTY_MEASURE_WITH_UNIT (LENGTH_MEASURE( 1.000000000000000082E-05 ), #3671, 'distance_accuracy_value', 'NONE');
#1908 = PRESENTATION_STYLE_ASSIGNMENT (( #4388 ) ) ;
#1909 = CARTESIAN_POINT ( 'NONE',  ( -0.06053149606299212948, -0.07303149606299212671, 0.005905511811023621965 ) ) ;
#1910 = LENGTH_MEASURE_WITH_UNIT ( LENGTH_MEASURE( 0.02539999999999999897 ), #4830 );
#1911 = EDGE_CURVE ( 'NONE', #3212, #483, #2553, .T. ) ;
#1912 = EDGE_CURVE ( 'NONE', #2911, #3222, #5332, .T. ) ;
#1913 = EDGE_LOOP ( 'NONE', ( #2005, #551, #1423, #6176 ) ) ;
#1914 = CARTESIAN_POINT ( 'NONE',  ( 0.02206444381496248247, -0.03957149895689974356, 0.08265082598777348522 ) ) ;
#1915 = LENGTH_MEASURE_WITH_UNIT ( LENGTH_MEASURE( 0.02539999999999999897 ), #2854 );
#1916 = CIRCLE ( 'NONE', #5570, 0.001968503937007864447 ) ;
#1917 =( NAMED_UNIT ( * ) SI_UNIT ( $, .STERADIAN. ) SOLID_ANGLE_UNIT ( ) );
#1918 = UNCERTAINTY_MEASURE_WITH_UNIT (LENGTH_MEASURE( 1.000000000000000082E-05 ), #1488, 'distance_accuracy_value', 'NONE');
#1919 = ADVANCED_BREP_SHAPE_REPRESENTATION ( '', ( #811, #4612 ), #485 ) ;
#1920 = COLOUR_RGB ( '',0.8313725490196077761, 0.8313725490196077761, 0.8313725490196077761 ) ;
#1921 = SURFACE_SIDE_STYLE ('',( #885 ) ) ;
#1922 = DIRECTION ( 'NONE',  ( 0.5773502691896209571, 0.5773502691896317263, -0.5773502691896247319 ) ) ;
#1923 = EDGE_CURVE ( 'NONE', #3409, #1293, #2804, .T. ) ;
#1924 =( LENGTH_UNIT ( ) NAMED_UNIT ( * ) SI_UNIT ( $, .METRE. ) );
#1925 = SURFACE_STYLE_FILL_AREA ( #4742 ) ;
#1926 = ORIENTED_EDGE ( 'NONE', *, *, #2512, .T. ) ;
#1927 = CARTESIAN_POINT ( 'NONE',  ( 0.02244094488188976347, 0.03897637795275602640, 0.07857708127465624914 ) ) ;
#1928 = MECHANICAL_DESIGN_GEOMETRIC_PRESENTATION_REPRESENTATION (  '', ( #1310 ), #2644 ) ;
#1929 = DIRECTION ( 'NONE',  ( 0.000000000000000000, 0.000000000000000000, 1.000000000000000000 ) ) ;
#1930 = ORIENTED_EDGE ( 'NONE', *, *, #2118, .F. ) ;
#1931 = STYLED_ITEM ( 'NONE', ( #4692 ), #1679 ) ;
#1932 = STYLED_ITEM ( 'NONE', ( #1865 ), #4733 ) ;
#1933 = SURFACE_STYLE_FILL_AREA ( #3 ) ;
#1934 = FILL_AREA_STYLE ('',( #3273 ) ) ;
#1935 = SURFACE_STYLE_FILL_AREA ( #5784 ) ;
#1936 = CARTESIAN_POINT ( 'NONE',  ( -0.1201592274352562828, 0.07523951445669886662, 0.1230108069418420630 ) ) ;
#1937 = DIRECTION ( 'NONE',  ( 0.000000000000000000, 1.000000000000000000, 0.000000000000000000 ) ) ;
#1938 = VECTOR ( 'NONE', #1136, 39.37007874015748143 ) ;
#1939 = UNCERTAINTY_MEASURE_WITH_UNIT (LENGTH_MEASURE( 1.000000000000000082E-05 ), #2731, 'distance_accuracy_value', 'NONE');
#1940 = COLOUR_RGB ( '',0.2862745098039215508, 0.2862745098039215508, 0.2862745098039215508 ) ;
#1941 = ADVANCED_FACE ( 'NONE', ( #1493 ), #4579, .T. ) ;
#1942 = ORIENTED_EDGE ( 'NONE', *, *, #671, .T. ) ;
#1943 = MECHANICAL_DESIGN_GEOMETRIC_PRESENTATION_REPRESENTATION (  '', ( #226 ), #820 ) ;
#1944 = CARTESIAN_POINT ( 'NONE',  ( -0.02204724409448816091, 0.04862204724409448925, 0.000000000000000000 ) ) ;
#1945 = CARTESIAN_POINT ( 'NONE',  ( 0.02240563253514228290, -0.04852399410181018613, -0.0002635331382166801657 ) ) ;
#1946 = CARTESIAN_POINT ( 'NONE',  ( 0.1202310044669087502, -0.07416801234092446071, 0.004768995533091296632 ) ) ;
#1947 = DIRECTION ( 'NONE',  ( 0.5773502691896257311, 0.5773502691896257311, 0.5773502691896257311 ) ) ;
#1948 = CARTESIAN_POINT ( 'NONE',  ( 0.02244094488188978428, -0.04862204724409449619, -0.0003937007874015748519 ) ) ;
#1949 = AXIS2_PLACEMENT_3D ( 'NONE', #5106, #3148, #269 ) ;
#1950 = VERTEX_POINT ( 'NONE', #3554 ) ;
#1951 =( BOUNDED_SURFACE ( )  B_SPLINE_SURFACE ( 3, 3, ( 
 ( #6038, #127, #3638, #601 ),
 ( #1075, #4461, #4958, #4493 ),
 ( #5964, #1599, #3074, #3552 ),
 ( #692, #662, #2596, #4519 ) ),
 .UNSPECIFIED., .F., .F., .F. ) 
 B_SPLINE_SURFACE_WITH_KNOTS ( ( 4, 4 ),
 ( 4, 4 ),
 ( 0.000000000000000000, 1.000000000000000000 ),
 ( 0.000000000000000000, 1.000000000000000000 ),
 .UNSPECIFIED. ) 
 GEOMETRIC_REPRESENTATION_ITEM ( )  RATIONAL_B_SPLINE_SURFACE ( (
 ( 1.000000000000000000, 0.8047378541243599415, 0.8047378541243599415, 1.000000000000000000),
 ( 0.8047378541243599415, 0.6476030138606796438, 0.6476030138606796438, 0.8047378541243599415),
 ( 0.8047378541243599415, 0.6476030138606796438, 0.6476030138606796438, 0.8047378541243599415),
 ( 1.000000000000000000, 0.8047378541243599415, 0.8047378541243599415, 1.000000000000000000) ) ) 
 REPRESENTATION_ITEM ( '' )  SURFACE ( )  );
#1952 = VECTOR ( 'NONE', #85, 39.37007874015748143 ) ;
#1953 = CARTESIAN_POINT ( 'NONE',  ( 0.02204724409448819214, 0.04901574803149608139, -0.0003937007874015748519 ) ) ;
#1954 = CARTESIAN_POINT ( 'NONE',  ( 0.02194919095220390290, -0.03963361187837415728, 0.08264185300758322694 ) ) ;
#1955 = CARTESIAN_POINT ( 'NONE',  ( 0.01122047244094488173, 0.04862204724409449619, 0.0003937007874015748519 ) ) ;
#1957 = LINE ( 'NONE', #5880, #4054 ) ;
#1956 = LENGTH_MEASURE_WITH_UNIT ( LENGTH_MEASURE( 0.02539999999999999897 ), #506 );
#1958 = VECTOR ( 'NONE', #3079, 39.37007874015748143 ) ;
#1959 = DIRECTION ( 'NONE',  ( 1.000000000000000000, 0.000000000000000000, 0.000000000000000000 ) ) ;
#1960 = CARTESIAN_POINT ( 'NONE',  ( 0.02244094488188976347, 0.03976377952755911355, -0.07867260910423080900 ) ) ;
#1961 = DIRECTION ( 'NONE',  ( 0.000000000000000000, 0.000000000000000000, 1.000000000000000000 ) ) ;
#1962 = DIRECTION ( 'NONE',  ( -4.749352646498039829E-16, 1.000000000000000000, 0.000000000000000000 ) ) ;
#1963 = EDGE_CURVE ( 'NONE', #448, #1888, #5801, .T. ) ;
#1964 = CARTESIAN_POINT ( 'NONE',  ( 0.02227454735007466935, -0.03953647627197259817, 0.08251076782251559605 ) ) ;
#1965 = VERTEX_POINT ( 'NONE', #2662 ) ;
#1966 = CARTESIAN_POINT ( 'NONE',  ( 0.01850393700787409182, -0.04901574803149608139, 0.003937007874015747977 ) ) ;
#1967 = EDGE_LOOP ( 'NONE', ( #1118, #3106, #6222, #1812, #3949 ) ) ;
#1968 = LINE ( 'NONE', #695, #5407 ) ;
#1969 = DIRECTION ( 'NONE',  ( 0.000000000000000000, 0.000000000000000000, 1.000000000000000000 ) ) ;
#1970 = LINE ( 'NONE', #1829, #5746 ) ;
#1971 = FACE_OUTER_BOUND ( 'NONE', #3777, .T. ) ;
#1972 = ORIENTED_EDGE ( 'NONE', *, *, #4814, .T. ) ;
#1973 = PRESENTATION_STYLE_ASSIGNMENT (( #5713 ) ) ;
#1974 = MECHANICAL_DESIGN_GEOMETRIC_PRESENTATION_REPRESENTATION (  '', ( #4510 ), #4502 ) ;
#1975 = EDGE_LOOP ( 'NONE', ( #1388, #4668, #4860, #21, #5831 ) ) ;
#1976 = FILL_AREA_STYLE_COLOUR ( '', #3368 ) ;
#1977 = CARTESIAN_POINT ( 'NONE',  ( 0.02266915920592111125, -0.04878752077258900754, -0.0007905864797743536237 ) ) ;
#1978 =( CONVERSION_BASED_UNIT ( 'INCH', #4760 ) LENGTH_UNIT ( ) NAMED_UNIT ( #2632 ) );
#1979 = EDGE_CURVE ( 'NONE', #5368, #1671, #5970, .T. ) ;
#1980 = CARTESIAN_POINT ( 'NONE',  ( 0.05118110236220473064, 0.07303149606299212671, 0.001968503937007873988 ) ) ;
#1981 = LINE ( 'NONE', #2014, #2652 ) ;
#1982 = EDGE_LOOP ( 'NONE', ( #4968, #5223, #953, #5864 ) ) ;
#1983 = AXIS2_PLACEMENT_3D ( 'NONE', #168, #2099, #2032 ) ;
#1984 = LINE ( 'NONE', #4955, #6277 ) ;
#1985 = LENGTH_MEASURE_WITH_UNIT ( LENGTH_MEASURE( 0.02539999999999999897 ), #2952 );
#1986 = LINE ( 'NONE', #3467, #6230 ) ;
#1987 = SHAPE_REPRESENTATION ( 'WSC251527R00FEA', ( #4718, #2707, #5239, #3533 ), #179 ) ;
#1988 = CIRCLE ( 'NONE', #2289, 0.001968503937007870519 ) ;
#1989 = ADVANCED_FACE ( 'NONE', ( #5547 ), #5058, .T. ) ;
#1990 =( CONVERSION_BASED_UNIT ( 'INCH', #2600 ) LENGTH_UNIT ( ) NAMED_UNIT ( #4565 ) );
#1991 =( GEOMETRIC_REPRESENTATION_CONTEXT ( 3 ) GLOBAL_UNCERTAINTY_ASSIGNED_CONTEXT ( ( #3839 ) ) GLOBAL_UNIT_ASSIGNED_CONTEXT ( ( #4944, #38, #3917 ) ) REPRESENTATION_CONTEXT ( 'NONE', 'WORKASPACE' ) );
#1992 =( GEOMETRIC_REPRESENTATION_CONTEXT ( 3 ) GLOBAL_UNCERTAINTY_ASSIGNED_CONTEXT ( ( #3039 ) ) GLOBAL_UNIT_ASSIGNED_CONTEXT ( ( #2460, #3378, #928 ) ) REPRESENTATION_CONTEXT ( 'NONE', 'WORKASPACE' ) );
#1993 = DIRECTION ( 'NONE',  ( 0.000000000000000000, 0.000000000000000000, 1.000000000000000000 ) ) ;
#1994 =( GEOMETRIC_REPRESENTATION_CONTEXT ( 3 ) GLOBAL_UNCERTAINTY_ASSIGNED_CONTEXT ( ( #2511 ) ) GLOBAL_UNIT_ASSIGNED_CONTEXT ( ( #1978, #4894, #5796 ) ) REPRESENTATION_CONTEXT ( 'NONE', 'WORKASPACE' ) );
#1995 =( LENGTH_UNIT ( ) NAMED_UNIT ( * ) SI_UNIT ( $, .METRE. ) );
#1996 = CARTESIAN_POINT ( 'NONE',  ( 0.02241460551533254464, -0.03957149895689973662, 0.08230066428740338835 ) ) ;
#1997 = ORIENTED_EDGE ( 'NONE', *, *, #4268, .T. ) ;
#1998 = CARTESIAN_POINT ( 'NONE',  ( 0.02204724409448819214, -0.02450787401574803723, -0.08267716535433070058 ) ) ;
#1999 = DIRECTION ( 'NONE',  ( -0.4082482904638669030, 0.4082482904638592425, 0.8164965809277260345 ) ) ;
#2000 = AXIS2_PLACEMENT_3D ( 'NONE', #4145, #6086, #199 ) ;
#2001 = ORIENTED_EDGE ( 'NONE', *, *, #303, .T. ) ;
#2002 = COLOUR_RGB ( '',0.7490196078431372584, 0.7490196078431372584, 0.7490196078431372584 ) ;
#2003 =( REPRESENTATION_RELATIONSHIP ('NONE','NONE', #1987, #1542 ) REPRESENTATION_RELATIONSHIP_WITH_TRANSFORMATION ( #5177 )SHAPE_REPRESENTATION_RELATIONSHIP( ) );
#2004 =( CONVERSION_BASED_UNIT ( 'INCH', #3057 ) LENGTH_UNIT ( ) NAMED_UNIT ( #5552 ) );
#2005 = ORIENTED_EDGE ( 'NONE', *, *, #2784, .F. ) ;
#2006 = CARTESIAN_POINT ( 'NONE',  ( -0.1209312952931982099, -0.07399289891628871296, 0.1229600143504028797 ) ) ;
#2007 = UNCERTAINTY_MEASURE_WITH_UNIT (LENGTH_MEASURE( 1.000000000000000082E-05 ), #5443, 'distance_accuracy_value', 'NONE');
#2008 = ORIENTED_EDGE ( 'NONE', *, *, #1154, .F. ) ;
#2009 =( LENGTH_UNIT ( ) NAMED_UNIT ( * ) SI_UNIT ( $, .METRE. ) );
#2010 = CARTESIAN_POINT ( 'NONE',  ( 0.01850393700787405366, 9.834652777191338465E-17, 0.07874015748031495954 ) ) ;
#2011 = CARTESIAN_POINT ( 'NONE',  ( 0.02227454735007465894, 0.04884935049968096299, 0.0001663975318151100021 ) ) ;
#2012 = SURFACE_STYLE_FILL_AREA ( #2040 ) ;
#2013 = CARTESIAN_POINT ( 'NONE',  ( -0.1190944881889763746, -0.07303149606299214058, 0.1228740157480314871 ) ) ;
#2014 = CARTESIAN_POINT ( 'NONE',  ( 0.1190944881889763607, -0.07499999999999999722, 0.000000000000000000 ) ) ;
#2015 = PRESENTATION_LAYER_ASSIGNMENT (  '', '', ( #5462 ) ) ;
#2016 = ORIENTED_EDGE ( 'NONE', *, *, #761, .F. ) ;
#2017 = SURFACE_SIDE_STYLE ('',( #91 ) ) ;
#2018 = DIRECTION ( 'NONE',  ( 0.000000000000000000, 0.000000000000000000, -1.000000000000000000 ) ) ;
#2019 = DIRECTION ( 'NONE',  ( -1.000000000000000000, -0.000000000000000000, 0.000000000000000000 ) ) ;
#2020 = DIRECTION ( 'NONE',  ( 0.000000000000000000, 0.000000000000000000, -1.000000000000000000 ) ) ;
#2021 = CARTESIAN_POINT ( 'NONE',  ( 0.000000000000000000, 0.000000000000000000, 0.000000000000000000 ) ) ;
#2022 = PRESENTATION_STYLE_ASSIGNMENT (( #4939 ) ) ;
#2023 = AXIS2_PLACEMENT_3D ( 'NONE', #3877, #441, #5731 ) ;
#2024 = SURFACE_SIDE_STYLE ('',( #1049 ) ) ;
#2025 =( NAMED_UNIT ( * ) SI_UNIT ( $, .STERADIAN. ) SOLID_ANGLE_UNIT ( ) );
#2026 = VERTEX_POINT ( 'NONE', #3642 ) ;
#2027 = CARTESIAN_POINT ( 'NONE',  ( 0.02204724409448819214, 0.03976377952755917600, 0.07913385826771651699 ) ) ;
#2028 = STYLED_ITEM ( 'NONE', ( #3523 ), #696 ) ;
#2029 = VERTEX_POINT ( 'NONE', #5574 ) ;
#2030 = EDGE_CURVE ( 'NONE', #555, #857, #3370, .T. ) ;
#2031 = AXIS2_PLACEMENT_3D ( 'NONE', #3790, #5722, #4254 ) ;
#2032 = DIRECTION ( 'NONE',  ( 1.000000000000000000, 0.000000000000000000, 0.000000000000000000 ) ) ;
#2033 = VERTEX_POINT ( 'NONE', #2303 ) ;
#2034 = CARTESIAN_POINT ( 'NONE',  ( 0.05118110236220473064, -1.092739197465704702E-17, 0.003937007874015747977 ) ) ;
#2035 = STYLED_ITEM ( 'NONE', ( #5372 ), #1258 ) ;
#2036 = ORIENTED_EDGE ( 'NONE', *, *, #1064, .T. ) ;
#2037 = LENGTH_MEASURE_WITH_UNIT ( LENGTH_MEASURE( 0.02539999999999999897 ), #3569 );
#2038 = CIRCLE ( 'NONE', #3760, 0.0003937007874015736593 ) ;
#2039 = AXIS2_PLACEMENT_3D ( 'NONE', #718, #6046, #1686 ) ;
#2040 = FILL_AREA_STYLE ('',( #4922 ) ) ;
#2041 = CARTESIAN_POINT ( 'NONE',  ( 0.02204724409448819214, -0.02450787401574803723, 0.000000000000000000 ) ) ;
#2042 = ORIENTED_EDGE ( 'NONE', *, *, #447, .F. ) ;
#2043 = VECTOR ( 'NONE', #2478, 39.37007874015748143 ) ;
#2044 = EDGE_CURVE ( 'NONE', #90, #3451, #4763, .T. ) ;
#2045 = COLOUR_RGB ( '',0.2862745098039215508, 0.2862745098039215508, 0.2862745098039215508 ) ;
#2046 = SURFACE_STYLE_USAGE ( .BOTH. , #1483 ) ;
#2047 = LINE ( 'NONE', #152, #4920 ) ;
#2048 = FACE_OUTER_BOUND ( 'NONE', #6027, .T. ) ;
#2049 = CARTESIAN_POINT ( 'NONE',  ( -0.02204724409448815398, -0.04862204724409448925, 0.000000000000000000 ) ) ;
#2050 = CARTESIAN_POINT ( 'NONE',  ( 0.02227454735007466588, 0.04875655569443403808, -7.360272656816464613E-05 ) ) ;
#2051 = DIRECTION ( 'NONE',  ( 0.000000000000000000, 0.000000000000000000, 1.000000000000000000 ) ) ;
#2052 = UNCERTAINTY_MEASURE_WITH_UNIT (LENGTH_MEASURE( 1.000000000000000082E-05 ), #5218, 'distance_accuracy_value', 'NONE');
#2053 =( NAMED_UNIT ( * ) SI_UNIT ( $, .STERADIAN. ) SOLID_ANGLE_UNIT ( ) );
#2054 = VECTOR ( 'NONE', #4287, 39.37007874015748143 ) ;
#2055 =( LENGTH_UNIT ( ) NAMED_UNIT ( * ) SI_UNIT ( $, .METRE. ) );
#2056 = SURFACE_STYLE_USAGE ( .BOTH. , #4498 ) ;
#2057 = ORIENTED_EDGE ( 'NONE', *, *, #2723, .F. ) ;
#2058 = FACE_OUTER_BOUND ( 'NONE', #3927, .T. ) ;
#2059 =( NAMED_UNIT ( * ) SI_UNIT ( $, .STERADIAN. ) SOLID_ANGLE_UNIT ( ) );
#2060 = AXIS2_PLACEMENT_3D ( 'NONE', #874, #4661, #400 ) ;
#2061 = ORIENTED_EDGE ( 'NONE', *, *, #4814, .F. ) ;
#2062 = LENGTH_MEASURE_WITH_UNIT ( LENGTH_MEASURE( 0.02539999999999999897 ), #4446 );
#2063 = ORIENTED_EDGE ( 'NONE', *, *, #4840, .F. ) ;
#2064 = CARTESIAN_POINT ( 'NONE',  ( 0.02204724409448819214, 0.04901574803149608139, 0.0003937007874015748519 ) ) ;
#2065 = ADVANCED_FACE ( 'NONE', ( #911 ), #6139, .T. ) ;
#2066 = UNCERTAINTY_MEASURE_WITH_UNIT (LENGTH_MEASURE( 1.000000000000000082E-05 ), #2229, 'distance_accuracy_value', 'NONE');
#2067 = EDGE_LOOP ( 'NONE', ( #4334, #2552, #3866 ) ) ;
#2068 = SURFACE_STYLE_USAGE ( .BOTH. , #4981 ) ;
#2069 = SURFACE_STYLE_FILL_AREA ( #1645 ) ;
#2070 = CARTESIAN_POINT ( 'NONE',  ( -0.02244094488188972877, 0.04901574803149606752, 0.0003937007874015747977 ) ) ;
#2071 = MECHANICAL_DESIGN_GEOMETRIC_PRESENTATION_REPRESENTATION (  '', ( #5319 ), #1851 ) ;
#2072 = PRODUCT_RELATED_PRODUCT_CATEGORY ( 'part', '', ( #137 ) ) ;
#2073 =( NAMED_UNIT ( * ) SI_UNIT ( $, .STERADIAN. ) SOLID_ANGLE_UNIT ( ) );
#2074 = EDGE_LOOP ( 'NONE', ( #2729, #1662, #3990 ) ) ;
#2075 = UNCERTAINTY_MEASURE_WITH_UNIT (LENGTH_MEASURE( 1.000000000000000082E-05 ), #3090, 'distance_accuracy_value', 'NONE');
#2076 = CARTESIAN_POINT ( 'NONE',  ( 0.01122047244094488173, 0.04862204724409449619, -0.0003937007874015748519 ) ) ;
#2077 = MECHANICAL_DESIGN_GEOMETRIC_PRESENTATION_REPRESENTATION (  '', ( #971 ), #5616 ) ;
#2078 = CARTESIAN_POINT ( 'NONE',  ( -0.1190944881889763746, -0.07499999999999999722, 0.000000000000000000 ) ) ;
#2079 = DIRECTION ( 'NONE',  ( 1.000000000000000000, 0.000000000000000000, -0.000000000000000000 ) ) ;
#2080 = DIRECTION ( 'NONE',  ( -1.000000000000000000, 0.000000000000000000, 0.000000000000000000 ) ) ;
#2081 = SURFACE_STYLE_FILL_AREA ( #1651 ) ;
#2082 = EDGE_CURVE ( 'NONE', #70, #6253, #3065, .T. ) ;
#2083 = AXIS2_PLACEMENT_3D ( 'NONE', #4175, #6115, #1757 ) ;
#2084 = DIRECTION ( 'NONE',  ( 0.000000000000000000, 0.000000000000000000, 1.000000000000000000 ) ) ;
#2085 = DIRECTION ( 'NONE',  ( -0.000000000000000000, -0.000000000000000000, -1.000000000000000000 ) ) ;
#2086 = DIRECTION ( 'NONE',  ( 0.000000000000000000, 1.000000000000000000, 0.000000000000000000 ) ) ;
#2087 = SURFACE_SIDE_STYLE ('',( #4440 ) ) ;
#2088 = CIRCLE ( 'NONE', #1652, 0.0003937007874015758277 ) ;
#2089 = EDGE_CURVE ( 'NONE', #2423, #5338, #2750, .T. ) ;
#2090 =( NAMED_UNIT ( * ) SI_UNIT ( $, .STERADIAN. ) SOLID_ANGLE_UNIT ( ) );
#2091 = PRESENTATION_LAYER_ASSIGNMENT (  '', '', ( #1489 ) ) ;
#2092 = CYLINDRICAL_SURFACE ( 'NONE', #666, 0.001968503937007879193 ) ;
#2093 = EDGE_CURVE ( 'NONE', #4652, #3534, #6076, .T. ) ;
#2094 = EDGE_LOOP ( 'NONE', ( #492, #5676, #1125, #5943 ) ) ;
#2095 = PRESENTATION_STYLE_ASSIGNMENT (( #162 ) ) ;
#2096 =( NAMED_UNIT ( * ) PLANE_ANGLE_UNIT ( ) SI_UNIT ( $, .RADIAN. ) );
#2097 = ORIENTED_EDGE ( 'NONE', *, *, #4840, .T. ) ;
#2098 = COLOUR_RGB ( '',0.7490196078431372584, 0.7490196078431372584, 0.7490196078431372584 ) ;
#2099 = DIRECTION ( 'NONE',  ( 0.000000000000000000, 0.000000000000000000, 1.000000000000000000 ) ) ;
#2100 = VERTEX_POINT ( 'NONE', #878 ) ;
#2101 = CARTESIAN_POINT ( 'NONE',  ( 0.02228890275640514965, -0.03975077669512747103, -0.08271071283933995044 ) ) ;
#2102 =( LENGTH_UNIT ( ) NAMED_UNIT ( * ) SI_UNIT ( $, .METRE. ) );
#2103 = VERTEX_POINT ( 'NONE', #1717 ) ;
#2104 = FILL_AREA_STYLE_COLOUR ( '', #3704 ) ;
#2105 = SURFACE_SIDE_STYLE ('',( #2069 ) ) ;
#2106 = PRODUCT_DEFINITION_SHAPE ( 'NONE', 'NONE',  #5377 ) ;
#2107 = ORIENTED_EDGE ( 'NONE', *, *, #2641, .F. ) ;
#2108 = CARTESIAN_POINT ( 'NONE',  ( -0.05002797945349035658, 0.07501086172755387638, 0.004762357272131836211 ) ) ;
#2109 = CARTESIAN_POINT ( 'NONE',  ( 0.1190944881889763607, 0.07303149606299209895, 0.005905511811023620231 ) ) ;
#2110 = AXIS2_PLACEMENT_3D ( 'NONE', #3801, #848, #5291 ) ;
#2111 = STYLED_ITEM ( 'NONE', ( #1766 ), #1144 ) ;
#2112 = DIRECTION ( 'NONE',  ( 0.000000000000000000, 0.000000000000000000, 1.000000000000000000 ) ) ;
#2113 = CARTESIAN_POINT ( 'NONE',  ( 0.1202310044669086669, -0.07416801234092443296, 0.1240105320259638488 ) ) ;
#2114 = ADVANCED_FACE ( 'NONE', ( #3732 ), #5185, .T. ) ;
#2115 = CARTESIAN_POINT ( 'NONE',  ( 0.02248884777322954220, 0.04883499509335049310, -0.0003663425486394783276 ) ) ;
#2116 = VECTOR ( 'NONE', #1446, 39.37007874015748143 ) ;
#2117 = CARTESIAN_POINT ( 'NONE',  ( 0.02047244094488193111, 0.000000000000000000, 0.08267716535433072833 ) ) ;
#2118 = EDGE_CURVE ( 'NONE', #103, #6047, #1876, .T. ) ;
#2119 = CARTESIAN_POINT ( 'NONE',  ( -0.1025590551181102400, -1.843997395723378042E-17, 1.237929233733248210E-22 ) ) ;
#2120 = ADVANCED_FACE ( 'NONE', ( #5845 ), #3496, .T. ) ;
#2121 =( GEOMETRIC_REPRESENTATION_CONTEXT ( 3 ) GLOBAL_UNCERTAINTY_ASSIGNED_CONTEXT ( ( #4464 ) ) GLOBAL_UNIT_ASSIGNED_CONTEXT ( ( #2989, #597, #2536 ) ) REPRESENTATION_CONTEXT ( 'NONE', 'WORKASPACE' ) );
#2122 =( NAMED_UNIT ( * ) PLANE_ANGLE_UNIT ( ) SI_UNIT ( $, .RADIAN. ) );
#2123 = SURFACE_STYLE_USAGE ( .BOTH. , #4497 ) ;
#2124 = CARTESIAN_POINT ( 'NONE',  ( 0.02228890275640516699, 0.03975077669512745021, 0.08271071283933999208 ) ) ;
#2125 = ORIENTED_EDGE ( 'NONE', *, *, #967, .F. ) ;
#2126 =( NAMED_UNIT ( * ) SI_UNIT ( $, .STERADIAN. ) SOLID_ANGLE_UNIT ( ) );
#2127 = CIRCLE ( 'NONE', #1800, 0.0003937007874015758277 ) ;
#2128 = LINE ( 'NONE', #5039, #5619 ) ;
#2129 = ORIENTED_EDGE ( 'NONE', *, *, #5293, .F. ) ;
#2130 = LINE ( 'NONE', #5672, #4557 ) ;
#2131 = FILL_AREA_STYLE ('',( #4614 ) ) ;
#2132 =( CONVERSION_BASED_UNIT ( 'INCH', #4562 ) LENGTH_UNIT ( ) NAMED_UNIT ( #5749 ) );
#2133 = EDGE_LOOP ( 'NONE', ( #710, #995, #5609, #133, #4535 ) ) ;
#2134 = VECTOR ( 'NONE', #4053, 39.37007874015748143 ) ;
#2135 = DIRECTION ( 'NONE',  ( 4.869399230812090436E-16, -1.000000000000000000, 0.000000000000000000 ) ) ;
#2136 = COLOUR_RGB ( '',0.2862745098039215508, 0.2862745098039215508, 0.2862745098039215508 ) ;
#2137 = EDGE_CURVE ( 'NONE', #2916, #4020, #698, .T. ) ;
#2138 = COLOUR_RGB ( '',0.2862745098039215508, 0.2862745098039215508, 0.2862745098039215508 ) ;
#2139 = DIRECTION ( 'NONE',  ( 1.000000000000000000, 4.749352646498039829E-16, -0.000000000000000000 ) ) ;
#2140 = ORIENTED_EDGE ( 'NONE', *, *, #4671, .T. ) ;
#2141 = UNCERTAINTY_MEASURE_WITH_UNIT (LENGTH_MEASURE( 1.000000000000000082E-05 ), #351, 'distance_accuracy_value', 'NONE');
#2142 = AXIS2_PLACEMENT_3D ( 'NONE', #2712, #2682, #4630 ) ;
#2143 = MECHANICAL_DESIGN_GEOMETRIC_PRESENTATION_REPRESENTATION (  '', ( #1932 ), #6189 ) ;
#2144 = CARTESIAN_POINT ( 'NONE',  ( 0.01850393700787405366, -0.03897637795275579742, -0.07913385826771651699 ) ) ;
#2145 =( LENGTH_UNIT ( ) NAMED_UNIT ( * ) SI_UNIT ( $, .METRE. ) );
#2146 = FILL_AREA_STYLE_COLOUR ( '', #4430 ) ;
#2147 = DIMENSIONAL_EXPONENTS ( 1.000000000000000000, 0.000000000000000000, 0.000000000000000000, 0.000000000000000000, 0.000000000000000000, 0.000000000000000000, 0.000000000000000000 ) ;
#2148 = SURFACE_STYLE_USAGE ( .BOTH. , #3583 ) ;
#2149 = MECHANICAL_DESIGN_GEOMETRIC_PRESENTATION_REPRESENTATION (  '', ( #5168 ), #2866 ) ;
#2150 = LENGTH_MEASURE_WITH_UNIT ( LENGTH_MEASURE( 0.02539999999999999897 ), #1077 );
#2151 = CARTESIAN_POINT ( 'NONE',  ( 0.01850393700787405366, 0.03976377952755905804, 0.08228346456692912925 ) ) ;
#2152 = CARTESIAN_POINT ( 'NONE',  ( 0.02244094488188978428, -0.03897637795275581823, -0.07834645669291337433 ) ) ;
#2153 =( GEOMETRIC_REPRESENTATION_CONTEXT ( 3 ) GLOBAL_UNCERTAINTY_ASSIGNED_CONTEXT ( ( #4046 ) ) GLOBAL_UNIT_ASSIGNED_CONTEXT ( ( #4655, #739, #4596 ) ) REPRESENTATION_CONTEXT ( 'NONE', 'WORKASPACE' ) );
#2154 = LENGTH_MEASURE_WITH_UNIT ( LENGTH_MEASURE( 0.02539999999999999897 ), #3587 );
#2155 = CARTESIAN_POINT ( 'NONE',  ( 0.02240563253514227249, -0.03963361187837415728, 0.08218541142464477756 ) ) ;
#2156 = MECHANICAL_DESIGN_GEOMETRIC_PRESENTATION_REPRESENTATION (  '', ( #829 ), #2242 ) ;
#2157 = ORIENTED_EDGE ( 'NONE', *, *, #5939, .F. ) ;
#2158 =( BOUNDED_SURFACE ( )  B_SPLINE_SURFACE ( 3, 3, ( 
 ( #6238, #3361, #5631, #5699 ),
 ( #3329, #1810, #2817, #3834 ),
 ( #4734, #5250, #341, #4633 ),
 ( #1304, #5284, #1779, #5663 ) ),
 .UNSPECIFIED., .F., .F., .F. ) 
 B_SPLINE_SURFACE_WITH_KNOTS ( ( 4, 4 ),
 ( 4, 4 ),
 ( 0.000000000000000000, 1.000000000000000000 ),
 ( 0.000000000000000000, 1.000000000000000000 ),
 .UNSPECIFIED. ) 
 GEOMETRIC_REPRESENTATION_ITEM ( )  RATIONAL_B_SPLINE_SURFACE ( (
 ( 1.000000000000000000, 0.3333333333333427517, 0.3333333333333427517, 1.000000000000000000),
 ( 0.9245018060306373631, 0.3081672686768878178, 0.3081672686768878178, 0.9245018060306373631),
 ( 0.9245018060306373631, 0.3081672686768878178, 0.3081672686768878178, 0.9245018060306373631),
 ( 1.000000000000000000, 0.3333333333333427517, 0.3333333333333427517, 1.000000000000000000) ) ) 
 REPRESENTATION_ITEM ( '' )  SURFACE ( )  );
#2159 = STYLED_ITEM ( 'NONE', ( #897 ), #4010 ) ;
#2160 = CARTESIAN_POINT ( 'NONE',  ( 0.02204724409448819561, 0.03976377952755905804, -0.08228346456692912925 ) ) ;
#2161 = ORIENTED_EDGE ( 'NONE', *, *, #784, .T. ) ;
#2162 = MECHANICAL_DESIGN_GEOMETRIC_PRESENTATION_REPRESENTATION (  '', ( #4486 ), #2361 ) ;
#2163 = ORIENTED_EDGE ( 'NONE', *, *, #6162, .F. ) ;
#2164 = ADVANCED_FACE ( 'NONE', ( #944 ), #3952, .T. ) ;
#2165 = FILL_AREA_STYLE ('',( #5528 ) ) ;
#2166 = CARTESIAN_POINT ( 'NONE',  ( 0.02244094488188980163, -0.04901574803149607445, 0.000000000000000000 ) ) ;
#2167 = EDGE_CURVE ( 'NONE', #2440, #6047, #585, .T. ) ;
#2168 = FILL_AREA_STYLE ('',( #1740 ) ) ;
#2169 = ORIENTED_EDGE ( 'NONE', *, *, #6150, .T. ) ;
#2170 = DIRECTION ( 'NONE',  ( -1.000000000000000000, 0.000000000000000000, 0.000000000000000000 ) ) ;
#2171 = ADVANCED_FACE ( 'NONE', ( #154 ), #1951, .T. ) ;
#2172 = CARTESIAN_POINT ( 'NONE',  ( 0.1203027814985612176, -0.07516773742504628819, 0.1229390299101895123 ) ) ;
#2173 = CARTESIAN_POINT ( 'NONE',  ( 0.02264385656908467909, 0.04843708101260019161, -0.0002285053185257885581 ) ) ;
#2174 = CIRCLE ( 'NONE', #5718, 0.0003937007874015719788 ) ;
#2175 = AXIS2_PLACEMENT_3D ( 'NONE', #5973, #2692, #1148 ) ;
#2176 = CARTESIAN_POINT ( 'NONE',  ( 0.05118110236220473064, 0.07303149606299212671, 0.003937007874015747977 ) ) ;
#2177 = CARTESIAN_POINT ( 'NONE',  ( 0.02264385656908465133, 0.04878724271297026766, 0.0005786670188958495603 ) ) ;
#2178 = PRESENTATION_STYLE_ASSIGNMENT (( #159 ) ) ;
#2179 = SURFACE_SIDE_STYLE ('',( #3701 ) ) ;
#2180 = EDGE_CURVE ( 'NONE', #857, #1514, #1695, .T. ) ;
#2181 = ORIENTED_EDGE ( 'NONE', *, *, #1244, .T. ) ;
#2182 = AXIS2_PLACEMENT_3D ( 'NONE', #1296, #1802, #5622 ) ;
#2183 = FACE_OUTER_BOUND ( 'NONE', #3649, .T. ) ;
#2184 = MECHANICAL_DESIGN_GEOMETRIC_PRESENTATION_REPRESENTATION (  '', ( #3925 ), #261 ) ;
#2185 = CARTESIAN_POINT ( 'NONE',  ( 0.1180342315225873240, 0.07587913292705668333, 0.004808683448809430820 ) ) ;
#2186 = ORIENTED_EDGE ( 'NONE', *, *, #3639, .T. ) ;
#2187 = CARTESIAN_POINT ( 'NONE',  ( 0.02206444381496246165, -0.03957149895689974356, -0.08265082598777347134 ) ) ;
#2188 = SURFACE_SIDE_STYLE ('',( #705 ) ) ;
#2189 =( BOUNDED_SURFACE ( )  B_SPLINE_SURFACE ( 3, 3, ( 
 ( #5642, #4306, #1427, #1466 ),
 ( #2388, #3779, #5783, #1391 ),
 ( #992, #521, #4275, #4751 ),
 ( #3815, #4813, #2318, #1859 ) ),
 .UNSPECIFIED., .F., .F., .F. ) 
 B_SPLINE_SURFACE_WITH_KNOTS ( ( 4, 4 ),
 ( 4, 4 ),
 ( 0.000000000000000000, 1.000000000000000000 ),
 ( 0.000000000000000000, 1.000000000000000000 ),
 .UNSPECIFIED. ) 
 GEOMETRIC_REPRESENTATION_ITEM ( )  RATIONAL_B_SPLINE_SURFACE ( (
 ( 1.000000000000000000, 0.8025111867385937847, 0.8025111867385937847, 1.000000000000000000),
 ( 0.8047378541243652705, 0.6458111303268136982, 0.6458111303268136982, 0.8047378541243652705),
 ( 0.8047378541243652705, 0.6458111303268136982, 0.6458111303268136982, 0.8047378541243652705),
 ( 1.000000000000000000, 0.8025111867385937847, 0.8025111867385937847, 1.000000000000000000) ) ) 
 REPRESENTATION_ITEM ( '' )  SURFACE ( )  );
#2190 = AXIS2_PLACEMENT_3D ( 'NONE', #6013, #4459, #4993 ) ;
#2191 = ORIENTED_EDGE ( 'NONE', *, *, #121, .T. ) ;
#2192 =( NAMED_UNIT ( * ) PLANE_ANGLE_UNIT ( ) SI_UNIT ( $, .RADIAN. ) );
#2193 =( GEOMETRIC_REPRESENTATION_CONTEXT ( 3 ) GLOBAL_UNCERTAINTY_ASSIGNED_CONTEXT ( ( #5564 ) ) GLOBAL_UNIT_ASSIGNED_CONTEXT ( ( #2218, #6090, #1736 ) ) REPRESENTATION_CONTEXT ( 'NONE', 'WORKASPACE' ) );
#2194 = DIRECTION ( 'NONE',  ( -0.000000000000000000, 1.000000000000000000, 0.000000000000000000 ) ) ;
#2195 = EDGE_LOOP ( 'NONE', ( #238, #2107, #309, #5799 ) ) ;
#2196 = APPLICATION_CONTEXT ( 'automotive_design' ) ;
#2197 = ADVANCED_FACE ( 'NONE', ( #186 ), #2896, .T. ) ;
#2198 = FACE_OUTER_BOUND ( 'NONE', #4485, .T. ) ;
#2199 = CARTESIAN_POINT ( 'NONE',  ( -0.1190944881889763746, -0.07391183778641725877, 0.1246346991948817096 ) ) ;
#2200 = LINE ( 'NONE', #4050, #4595 ) ;
#2201 =( NAMED_UNIT ( * ) PLANE_ANGLE_UNIT ( ) SI_UNIT ( $, .RADIAN. ) );
#2202 = EDGE_CURVE ( 'NONE', #2948, #4623, #5656, .T. ) ;
#2203 = SHAPE_DEFINITION_REPRESENTATION ( #5401, #1542 ) ;
#2204 = AXIS2_PLACEMENT_3D ( 'NONE', #2166, #5646, #5561 ) ;
#2205 =( NAMED_UNIT ( * ) PLANE_ANGLE_UNIT ( ) SI_UNIT ( $, .RADIAN. ) );
#2206 = DIRECTION ( 'NONE',  ( 0.000000000000000000, 0.000000000000000000, -1.000000000000000000 ) ) ;
#2207 = CARTESIAN_POINT ( 'NONE',  ( 0.02221271762298271737, -0.04016066521993184174, 0.08290537967836204836 ) ) ;
#2208 = ORIENTED_EDGE ( 'NONE', *, *, #3107, .F. ) ;
#2209 = ADVANCED_FACE ( 'NONE', ( #3202 ), #2606, .T. ) ;
#2210 = LINE ( 'NONE', #2605, #4909 ) ;
#2211 = CARTESIAN_POINT ( 'NONE',  ( 0.1200558910422730025, 0.07311749466536351938, 0.004068704706801825645 ) ) ;
#2212 = ORIENTED_EDGE ( 'NONE', *, *, #3543, .F. ) ;
#2213 =( NAMED_UNIT ( * ) PLANE_ANGLE_UNIT ( ) SI_UNIT ( $, .RADIAN. ) );
#2214 = SURFACE_SIDE_STYLE ('',( #4584 ) ) ;
#2215 = VERTEX_POINT ( 'NONE', #4389 ) ;
#2216 = ADVANCED_FACE ( 'NONE', ( #1005 ), #55, .F. ) ;
#2217 = CARTESIAN_POINT ( 'NONE',  ( 0.05118110236220473064, 0.07499999999999999722, 0.005905511811023621965 ) ) ;
#2218 =( CONVERSION_BASED_UNIT ( 'INCH', #3683 ) LENGTH_UNIT ( ) NAMED_UNIT ( #1353 ) );
#2219 = AXIS2_PLACEMENT_3D ( 'NONE', #3656, #4592, #763 ) ;
#2220 = CARTESIAN_POINT ( 'NONE',  ( 0.01850393700787405366, 0.03937007874015749365, -0.08228346456692912925 ) ) ;
#2221 =( BOUNDED_CURVE ( )  B_SPLINE_CURVE ( 3, ( #4891, #3787, #429, #5757 ),
 .UNSPECIFIED., .F., .F. ) 
 B_SPLINE_CURVE_WITH_KNOTS ( ( 4, 4 ),
 ( 1.570796326794918318, 3.141592653589793116 ),
 .UNSPECIFIED. ) 
 CURVE ( )  GEOMETRIC_REPRESENTATION_ITEM ( )  RATIONAL_B_SPLINE_CURVE ( ( 1.000000000000000000, 0.8047378541243701555, 0.8047378541243701555, 1.000000000000000000 ) ) 
 REPRESENTATION_ITEM ( '' )  );
#2222 = SURFACE_STYLE_FILL_AREA ( #5591 ) ;
#2223 =( GEOMETRIC_REPRESENTATION_CONTEXT ( 3 ) GLOBAL_UNCERTAINTY_ASSIGNED_CONTEXT ( ( #4697 ) ) GLOBAL_UNIT_ASSIGNED_CONTEXT ( ( #2568, #1189, #3016 ) ) REPRESENTATION_CONTEXT ( 'NONE', 'WORKASPACE' ) );
#2224 = ORIENTED_EDGE ( 'NONE', *, *, #4437, .T. ) ;
#2225 = CYLINDRICAL_SURFACE ( 'NONE', #2968, 0.001968503937007873988 ) ;
#2226 = DIRECTION ( 'NONE',  ( 0.000000000000000000, 0.000000000000000000, 1.000000000000000000 ) ) ;
#2227 = VECTOR ( 'NONE', #139, 39.37007874015748143 ) ;
#2228 = SURFACE_STYLE_FILL_AREA ( #297 ) ;
#2229 =( CONVERSION_BASED_UNIT ( 'INCH', #5600 ) LENGTH_UNIT ( ) NAMED_UNIT ( #4532 ) );
#2230 = STYLED_ITEM ( 'NONE', ( #2095 ), #1612 ) ;
#2231 = MECHANICAL_DESIGN_GEOMETRIC_PRESENTATION_REPRESENTATION (  '', ( #2346 ), #2857 ) ;
#2232 = CARTESIAN_POINT ( 'NONE',  ( 0.01282862863705145490, 0.03976377952755905804, 0.08228346456692912925 ) ) ;
#2233 = FILL_AREA_STYLE ('',( #247 ) ) ;
#2234 = CARTESIAN_POINT ( 'NONE',  ( 0.01850393700787405366, 0.000000000000000000, -0.08267716535433072833 ) ) ;
#2235 = CARTESIAN_POINT ( 'NONE',  ( 0.02204724409448819214, -0.02450787401574803723, 0.000000000000000000 ) ) ;
#2236 = DIRECTION ( 'NONE',  ( 0.000000000000000000, -1.000000000000000000, 0.000000000000000000 ) ) ;
#2237 = VECTOR ( 'NONE', #427, 39.37007874015748143 ) ;
#2238 = FILL_AREA_STYLE_COLOUR ( '', #2902 ) ;
#2239 = ORIENTED_EDGE ( 'NONE', *, *, #4706, .T. ) ;
#2240 = MECHANICAL_DESIGN_GEOMETRIC_PRESENTATION_REPRESENTATION (  '', ( #23 ), #2465 ) ;
#2241 = CIRCLE ( 'NONE', #642, 0.0003937007874015748519 ) ;
#2242 =( GEOMETRIC_REPRESENTATION_CONTEXT ( 3 ) GLOBAL_UNCERTAINTY_ASSIGNED_CONTEXT ( ( #3483 ) ) GLOBAL_UNIT_ASSIGNED_CONTEXT ( ( #2988, #2650, #3098 ) ) REPRESENTATION_CONTEXT ( 'NONE', 'WORKASPACE' ) );
#2243 = CARTESIAN_POINT ( 'NONE',  ( 0.1171100597271125532, 0.07614107162015666674, 0.005078144168551048700 ) ) ;
#2244 = ORIENTED_EDGE ( 'NONE', *, *, #591, .T. ) ;
#2245 = FILL_AREA_STYLE_COLOUR ( '', #1614 ) ;
#2246 = PRESENTATION_LAYER_ASSIGNMENT (  '', '', ( #3379 ) ) ;
#2247 = CARTESIAN_POINT ( 'NONE',  ( 0.02244094488188980163, -0.04862204724409449619, -0.08228346456692912925 ) ) ;
#2248 =( NAMED_UNIT ( * ) SI_UNIT ( $, .STERADIAN. ) SOLID_ANGLE_UNIT ( ) );
#2249 = VERTEX_POINT ( 'NONE', #2844 ) ;
#2250 = SURFACE_SIDE_STYLE ('',( #5680 ) ) ;
#2251 = LENGTH_MEASURE_WITH_UNIT ( LENGTH_MEASURE( 0.02539999999999999897 ), #5681 );
#2252 = PRESENTATION_LAYER_ASSIGNMENT (  '', '', ( #140 ) ) ;
#2253 = EDGE_CURVE ( 'NONE', #5917, #5193, #4315, .T. ) ;
#2254 = CARTESIAN_POINT ( 'NONE',  ( 0.02204724409448819214, -0.03976377952755905804, -0.08228346456692912925 ) ) ;
#2255 =( NAMED_UNIT ( * ) PLANE_ANGLE_UNIT ( ) SI_UNIT ( $, .RADIAN. ) );
#2256 = CARTESIAN_POINT ( 'NONE',  ( 0.1202310044669086531, 0.07416801234092441908, 0.004768995533091322653 ) ) ;
#2257 = ORIENTED_EDGE ( 'NONE', *, *, #6235, .T. ) ;
#2258 = DIRECTION ( 'NONE',  ( 1.000000000000000000, -0.000000000000000000, -0.000000000000000000 ) ) ;
#2259 = COLOUR_RGB ( '',0.2862745098039215508, 0.2862745098039215508, 0.2862745098039215508 ) ;
#2260 = SURFACE_STYLE_FILL_AREA ( #2843 ) ;
#2261 = LENGTH_MEASURE_WITH_UNIT ( LENGTH_MEASURE( 0.02539999999999999897 ), #2739 );
#2262 = CARTESIAN_POINT ( 'NONE',  ( 0.1181696570315049488, 0.07601455843597430817, 0.1236999930924104901 ) ) ;
#2263 = CYLINDRICAL_SURFACE ( 'NONE', #1312, 0.0003937007874015758277 ) ;
#2264 = DIMENSIONAL_EXPONENTS ( 1.000000000000000000, 0.000000000000000000, 0.000000000000000000, 0.000000000000000000, 0.000000000000000000, 0.000000000000000000, 0.000000000000000000 ) ;
#2265 =( CONVERSION_BASED_UNIT ( 'INCH', #3154 ) LENGTH_UNIT ( ) NAMED_UNIT ( #900 ) );
#2266 = FILL_AREA_STYLE ('',( #2889 ) ) ;
#2267 = PRESENTATION_STYLE_ASSIGNMENT (( #2717 ) ) ;
#2268 = FACE_OUTER_BOUND ( 'NONE', #5955, .T. ) ;
#2269 =( NAMED_UNIT ( * ) SI_UNIT ( $, .STERADIAN. ) SOLID_ANGLE_UNIT ( ) );
#2270 =( NAMED_UNIT ( * ) SI_UNIT ( $, .STERADIAN. ) SOLID_ANGLE_UNIT ( ) );
#2271 = ADVANCED_FACE ( 'NONE', ( #432 ), #3862, .T. ) ;
#2272 = EDGE_LOOP ( 'NONE', ( #6034, #955, #2036, #650, #2886 ) ) ;
#2273 = SURFACE_STYLE_USAGE ( .BOTH. , #2858 ) ;
#2274 = EDGE_CURVE ( 'NONE', #2304, #5971, #83, .T. ) ;
#2275 = SURFACE_SIDE_STYLE ('',( #1817 ) ) ;
#2276 = EDGE_CURVE ( 'NONE', #3025, #2581, #1186, .T. ) ;
#2277 =( GEOMETRIC_REPRESENTATION_CONTEXT ( 3 ) GLOBAL_UNCERTAINTY_ASSIGNED_CONTEXT ( ( #1505 ) ) GLOBAL_UNIT_ASSIGNED_CONTEXT ( ( #1624, #740, #1677 ) ) REPRESENTATION_CONTEXT ( 'NONE', 'WORKASPACE' ) );
#2278 = FILL_AREA_STYLE_COLOUR ( '', #166 ) ;
#2279 = EDGE_LOOP ( 'NONE', ( #2545, #729, #3216, #2061, #3475 ) ) ;
#2280 = DIRECTION ( 'NONE',  ( -0.000000000000000000, -1.000000000000000000, -0.000000000000000000 ) ) ;
#2281 = CARTESIAN_POINT ( 'NONE',  ( 0.02214210586436345454, -0.04826046743103139941, -0.0002635202033409287823 ) ) ;
#2282 = FILL_AREA_STYLE ('',( #3307 ) ) ;
#2283 = EDGE_LOOP ( 'NONE', ( #2434, #611, #5334, #5789, #2875, #169, #3589, #4186, #174, #1891 ) ) ;
#2284 = DIRECTION ( 'NONE',  ( 0.000000000000000000, -1.000000000000000000, 0.000000000000000000 ) ) ;
#2285 =( LENGTH_UNIT ( ) NAMED_UNIT ( * ) SI_UNIT ( $, .METRE. ) );
#2286 = FILL_AREA_STYLE ('',( #4040 ) ) ;
#2287 =( NAMED_UNIT ( * ) SI_UNIT ( $, .STERADIAN. ) SOLID_ANGLE_UNIT ( ) );
#2288 = FILL_AREA_STYLE ('',( #2769 ) ) ;
#2289 = AXIS2_PLACEMENT_3D ( 'NONE', #3605, #124, #3099 ) ;
#2290 = ORIENTED_EDGE ( 'NONE', *, *, #3054, .T. ) ;
#2291 = MECHANICAL_DESIGN_GEOMETRIC_PRESENTATION_REPRESENTATION (  '', ( #877 ), #4428 ) ;
#2292 = CARTESIAN_POINT ( 'NONE',  ( 0.02204724409448819214, -0.03976377952755905804, -0.08228346456692912925 ) ) ;
#2293 = VECTOR ( 'NONE', #530, 39.37007874015748143 ) ;
#2294 =( NAMED_UNIT ( * ) PLANE_ANGLE_UNIT ( ) SI_UNIT ( $, .RADIAN. ) );
#2295 = CARTESIAN_POINT ( 'NONE',  ( -0.02244094488188972530, -0.04901574803149607445, -0.0003937007874015748519 ) ) ;
#2296 = UNCERTAINTY_MEASURE_WITH_UNIT (LENGTH_MEASURE( 1.000000000000000082E-05 ), #1862, 'distance_accuracy_value', 'NONE');
#2297 = AXIS2_PLACEMENT_3D ( 'NONE', #5835, #4856, #4349 ) ;
#2298 = UNCERTAINTY_MEASURE_WITH_UNIT (LENGTH_MEASURE( 1.000000000000000082E-05 ), #3296, 'distance_accuracy_value', 'NONE');
#2299 = CARTESIAN_POINT ( 'NONE',  ( 0.01850393700787405366, -0.03976377952755906497, -0.08228346456692912925 ) ) ;
#2300 = DIRECTION ( 'NONE',  ( 0.000000000000000000, 1.000000000000000000, 0.000000000000000000 ) ) ;
#2301 =( LENGTH_UNIT ( ) NAMED_UNIT ( * ) SI_UNIT ( $, .METRE. ) );
#2302 = ADVANCED_FACE ( 'NONE', ( #1128 ), #3337, .T. ) ;
#2303 = CARTESIAN_POINT ( 'NONE',  ( 0.05118110236220473758, -0.07499999999999999722, 0.005905511811023621965 ) ) ;
#2304 = VERTEX_POINT ( 'NONE', #3404 ) ;
#2305 = ADVANCED_FACE ( 'NONE', ( #5328 ), #480, .F. ) ;
#2306 =( CONVERSION_BASED_UNIT ( 'INCH', #4769 ) LENGTH_UNIT ( ) NAMED_UNIT ( #849 ) );
#2307 = CARTESIAN_POINT ( 'NONE',  ( -0.1208551716358266109, 0.07391183778641724489, 0.1228740157480315009 ) ) ;
#2308 =( NAMED_UNIT ( * ) SI_UNIT ( $, .STERADIAN. ) SOLID_ANGLE_UNIT ( ) );
#2309 = DIMENSIONAL_EXPONENTS ( 1.000000000000000000, 0.000000000000000000, 0.000000000000000000, 0.000000000000000000, 0.000000000000000000, 0.000000000000000000, 0.000000000000000000 ) ;
#2310 = VERTEX_POINT ( 'NONE', #4803 ) ;
#2311 = CARTESIAN_POINT ( 'NONE',  ( -0.04929125769451096761, 0.07499999999999999722, 0.003271937750745438842 ) ) ;
#2312 = PRESENTATION_LAYER_ASSIGNMENT (  '', '', ( #4126 ) ) ;
#2313 = CARTESIAN_POINT ( 'NONE',  ( 0.1186042224775548520, -0.07482343826626260130, 0.005254673565099160677 ) ) ;
#2314 = CARTESIAN_POINT ( 'NONE',  ( 0.01850393700787405366, 0.03897637795275602640, 0.07874015748031495954 ) ) ;
#2315 = ORIENTED_EDGE ( 'NONE', *, *, #4424, .T. ) ;
#2316 = CARTESIAN_POINT ( 'NONE',  ( 2.398833465510976296E-17, 0.04862204724409449619, 0.000000000000000000 ) ) ;
#2317 = CARTESIAN_POINT ( 'NONE',  ( 0.02047244094488193111, 0.03976377952755905804, -0.08267716535433072833 ) ) ;
#2318 = CARTESIAN_POINT ( 'NONE',  ( 0.05118110236220473064, 0.07501086172755386250, 0.004762357272131857028 ) ) ;
#2319 = DIMENSIONAL_EXPONENTS ( 1.000000000000000000, 0.000000000000000000, 0.000000000000000000, 0.000000000000000000, 0.000000000000000000, 0.000000000000000000, 0.000000000000000000 ) ;
#2320 = SURFACE_STYLE_USAGE ( .BOTH. , #6262 ) ;
#2321 = CARTESIAN_POINT ( 'NONE',  ( -0.1192312793827868950, 0.07523951445669882498, 0.1239387549943113814 ) ) ;
#2322 = CARTESIAN_POINT ( 'NONE',  ( 0.06053149606299212948, 0.07303149606299212671, 0.1228740157480315009 ) ) ;
#2323 = APPLICATION_CONTEXT ( 'automotive_design' ) ;
#2324 = CARTESIAN_POINT ( 'NONE',  ( 0.1199218558314489591, 0.07104706760112831920, 0.1259835913051960965 ) ) ;
#2325 = EDGE_LOOP ( 'NONE', ( #5486, #5463, #6031, #4712 ) ) ;
#2326 = CARTESIAN_POINT ( 'NONE',  ( 0.1190944881889763746, 0.07499999999999999722, 0.000000000000000000 ) ) ;
#2327 = PRESENTATION_LAYER_ASSIGNMENT (  '', '', ( #109 ) ) ;
#2328 =( NAMED_UNIT ( * ) PLANE_ANGLE_UNIT ( ) SI_UNIT ( $, .RADIAN. ) );
#2329 = ADVANCED_FACE ( 'NONE', ( #511 ), #1311, .T. ) ;
#2330 = CARTESIAN_POINT ( 'NONE',  ( 0.02223952466514753090, 0.04898940866493885216, 0.0003765010669272980735 ) ) ;
#2331 = CARTESIAN_POINT ( 'NONE',  ( 0.1209312952931981544, 0.07399289891628871296, 0.1229600143504028797 ) ) ;
#2332 = FILL_AREA_STYLE ('',( #1511 ) ) ;
#2333 = CARTESIAN_POINT ( 'NONE',  ( 0.1192312793827868395, -0.07409623530927197943, 0.1250820341417381021 ) ) ;
#2334 =( NAMED_UNIT ( * ) PLANE_ANGLE_UNIT ( ) SI_UNIT ( $, .RADIAN. ) );
#2335 =( NAMED_UNIT ( * ) PLANE_ANGLE_UNIT ( ) SI_UNIT ( $, .RADIAN. ) );
#2336 = CARTESIAN_POINT ( 'NONE',  ( 0.02204724409448819214, -0.03937007874015739650, 0.07913385826771651699 ) ) ;
#2337 = SURFACE_STYLE_FILL_AREA ( #845 ) ;
#2338 = DIRECTION ( 'NONE',  ( -1.000000000000000000, -4.513101726118519957E-17, 0.000000000000000000 ) ) ;
#2339 = LINE ( 'NONE', #4736, #5004 ) ;
#2340 = ORIENTED_EDGE ( 'NONE', *, *, #1822, .F. ) ;
#2341 = VECTOR ( 'NONE', #6254, 39.37007874015748143 ) ;
#2342 = PLANE ( 'NONE',  #2110 ) ;
#2343 = AXIS2_PLACEMENT_3D ( 'NONE', #51, #933, #2943 ) ;
#2344 = FILL_AREA_STYLE ('',( #2786 ) ) ;
#2345 = CARTESIAN_POINT ( 'NONE',  ( 0.03969707343455865928, -0.03937007874015736181, -0.08267716535433072833 ) ) ;
#2346 = STYLED_ITEM ( 'NONE', ( #4795 ), #1734 ) ;
#2347 = PRESENTATION_STYLE_ASSIGNMENT (( #3738 ) ) ;
#2348 = ORIENTED_EDGE ( 'NONE', *, *, #970, .F. ) ;
#2349 = CARTESIAN_POINT ( 'NONE',  ( -0.04921259842519685318, 0.07500000000000001110, 0.002805549195665033718 ) ) ;
#2350 = CARTESIAN_POINT ( 'NONE',  ( 0.02168566428142507108, -0.04871690901396977247, -0.0002635202033409553453 ) ) ;
#2351 = AXIS2_PLACEMENT_3D ( 'NONE', #6045, #1749, #3180 ) ;
#2352 = ORIENTED_EDGE ( 'NONE', *, *, #4384, .F. ) ;
#2353 = DIRECTION ( 'NONE',  ( 0.000000000000000000, -1.000000000000000000, 0.000000000000000000 ) ) ;
#2354 = COLOUR_RGB ( '',0.7490196078431372584, 0.7490196078431372584, 0.7490196078431372584 ) ;
#2355 = CARTESIAN_POINT ( 'NONE',  ( -0.1206949784931434233, 0.07416801234092453010, 0.1235465579997292590 ) ) ;
#2356 = LENGTH_MEASURE_WITH_UNIT ( LENGTH_MEASURE( 0.02539999999999999897 ), #3275 );
#2357 = FACE_OUTER_BOUND ( 'NONE', #3562, .T. ) ;
#2358 = DIMENSIONAL_EXPONENTS ( 1.000000000000000000, 0.000000000000000000, 0.000000000000000000, 0.000000000000000000, 0.000000000000000000, 0.000000000000000000, 0.000000000000000000 ) ;
#2359 = AXIS2_PLACEMENT_3D ( 'NONE', #1668, #3631, #236 ) ;
#2360 = ORIENTED_EDGE ( 'NONE', *, *, #2409, .T. ) ;
#2361 =( GEOMETRIC_REPRESENTATION_CONTEXT ( 3 ) GLOBAL_UNCERTAINTY_ASSIGNED_CONTEXT ( ( #108 ) ) GLOBAL_UNIT_ASSIGNED_CONTEXT ( ( #990, #1626, #5544 ) ) REPRESENTATION_CONTEXT ( 'NONE', 'WORKASPACE' ) );
#2362 = DIRECTION ( 'NONE',  ( -1.000000000000000000, -4.749352646498039829E-16, 0.000000000000000000 ) ) ;
#2363 = EDGE_CURVE ( 'NONE', #1570, #2026, #4038, .T. ) ;
#2364 = CARTESIAN_POINT ( 'NONE',  ( 0.02227454735007465547, -0.04884935049968095605, -0.0001663975318151163446 ) ) ;
#2365 = LENGTH_MEASURE_WITH_UNIT ( LENGTH_MEASURE( 0.02539999999999999897 ), #3861 );
#2366 = EDGE_CURVE ( 'NONE', #2840, #3025, #702, .T. ) ;
#2367 = CARTESIAN_POINT ( 'NONE',  ( 0.02217741174367308249, 0.04852399410181018613, 3.531234674748271320E-05 ) ) ;
#2368 = DIRECTION ( 'NONE',  ( 0.000000000000000000, -1.000000000000000000, 0.000000000000000000 ) ) ;
#2369 = DIRECTION ( 'NONE',  ( 1.000000000000000000, -2.434699615406050148E-16, -0.000000000000000000 ) ) ;
#2370 = LINE ( 'NONE', #5873, #233 ) ;
#2371 = FILL_AREA_STYLE ('',( #437 ) ) ;
#2372 = LINE ( 'NONE', #4168, #3781 ) ;
#2373 = DIRECTION ( 'NONE',  ( 1.000000000000000000, 4.869399230812090436E-16, 0.000000000000000000 ) ) ;
#2375 = CARTESIAN_POINT ( 'NONE',  ( 0.1223805931426890231, 0.07122359699767641383, 0.005431202961647275257 ) ) ;
#2374 = DIRECTION ( 'NONE',  ( 0.5773502691896547079, -0.5773502691896112982, 0.5773502691896112982 ) ) ;
#2376 = ORIENTED_EDGE ( 'NONE', *, *, #3524, .T. ) ;
#2377 = UNCERTAINTY_MEASURE_WITH_UNIT (LENGTH_MEASURE( 1.000000000000000082E-05 ), #6117, 'distance_accuracy_value', 'NONE');
#2378 = FILL_AREA_STYLE_COLOUR ( '', #2002 ) ;
#2379 = CYLINDRICAL_SURFACE ( 'NONE', #5183, 0.001968503937007873988 ) ;
#2380 =( NAMED_UNIT ( * ) SI_UNIT ( $, .STERADIAN. ) SOLID_ANGLE_UNIT ( ) );
#2381 =( GEOMETRIC_REPRESENTATION_CONTEXT ( 3 ) GLOBAL_UNCERTAINTY_ASSIGNED_CONTEXT ( ( #1907 ) ) GLOBAL_UNIT_ASSIGNED_CONTEXT ( ( #3671, #2719, #1752 ) ) REPRESENTATION_CONTEXT ( 'NONE', 'WORKASPACE' ) );
#2382 = CARTESIAN_POINT ( 'NONE',  ( 0.1190944881889763746, 0.07303149606299212671, 0.005905511811023621965 ) ) ;
#2383 = ORIENTED_EDGE ( 'NONE', *, *, #2651, .T. ) ;
#2384 = CARTESIAN_POINT ( 'NONE',  ( -0.04921259842519685318, 0.07499999999999999722, 0.002495962977226618210 ) ) ;
#2385 =( CONVERSION_BASED_UNIT ( 'INCH', #1349 ) LENGTH_UNIT ( ) NAMED_UNIT ( #5832 ) );
#2386 = ORIENTED_EDGE ( 'NONE', *, *, #3176, .F. ) ;
#2387 = DIRECTION ( 'NONE',  ( -1.000000000000000000, -0.000000000000000000, 0.000000000000000000 ) ) ;
#2388 = CARTESIAN_POINT ( 'NONE',  ( 0.04921259842519686012, 0.07303149606299214058, 0.003121626845722253255 ) ) ;
#2389 = ADVANCED_FACE ( 'NONE', ( #4400 ), #5881, .T. ) ;
#2390 = CARTESIAN_POINT ( 'NONE',  ( 0.02227454735007462425, -0.03953647627197254960, -0.08251076782251559605 ) ) ;
#2391 = ADVANCED_FACE ( 'NONE', ( #4963 ), #2483, .T. ) ;
#2392 = SURFACE_SIDE_STYLE ('',( #5684 ) ) ;
#2393 = ORIENTED_EDGE ( 'NONE', *, *, #1595, .T. ) ;
#2394 = SURFACE_STYLE_USAGE ( .BOTH. , #4756 ) ;
#2395 = SURFACE_STYLE_USAGE ( .BOTH. , #463 ) ;
#2396 = MECHANICAL_DESIGN_GEOMETRIC_PRESENTATION_REPRESENTATION (  '', ( #5112 ), #2913 ) ;
#2397 = CARTESIAN_POINT ( 'NONE',  ( 0.02244094488188980163, -0.04901574803149607445, -0.07834645669291338821 ) ) ;
#2398 = AXIS2_PLACEMENT_3D ( 'NONE', #3088, #1641, #1176 ) ;
#2399 = FILL_AREA_STYLE_COLOUR ( '', #181 ) ;
#2400 = CARTESIAN_POINT ( 'NONE',  ( 0.1209312952931981405, -0.07311749466536349162, 0.1238354186013280872 ) ) ;
#2401 = ORIENTED_EDGE ( 'NONE', *, *, #35, .F. ) ;
#2402 = AXIS2_PLACEMENT_3D ( 'NONE', #2109, #5450, #1572 ) ;
#2403 = DIMENSIONAL_EXPONENTS ( 1.000000000000000000, 0.000000000000000000, 0.000000000000000000, 0.000000000000000000, 0.000000000000000000, 0.000000000000000000, 0.000000000000000000 ) ;
#2404 = EDGE_CURVE ( 'NONE', #3624, #5945, #3667, .T. ) ;
#2405 = DIRECTION ( 'NONE',  ( 0.000000000000000000, -1.000000000000000000, -0.000000000000000000 ) ) ;
#2406 = CARTESIAN_POINT ( 'NONE',  ( 0.02244094488188978775, -0.03953315494581612077, 0.07880770585639912396 ) ) ;
#2407 = CARTESIAN_POINT ( 'NONE',  ( 0.000000000000000000, 0.07303149606299212671, 0.003937007874015747977 ) ) ;
#2408 =( NAMED_UNIT ( * ) PLANE_ANGLE_UNIT ( ) SI_UNIT ( $, .RADIAN. ) );
#2409 = EDGE_CURVE ( 'NONE', #1696, #3133, #2627, .T. ) ;
#2410 = COLOUR_RGB ( '',0.8313725490196077761, 0.8313725490196077761, 0.8313725490196077761 ) ;
#2412 = DIRECTION ( 'NONE',  ( -0.4082482904638599641, 0.8164965809277291431, -0.4082482904638601307 ) ) ;
#2411 = CARTESIAN_POINT ( 'NONE',  ( 0.04839721739690334978, 0.07418461897170651465, 3.023402854258392755E-18 ) ) ;
#2413 = MECHANICAL_DESIGN_GEOMETRIC_PRESENTATION_REPRESENTATION (  '', ( #3319 ), #4608 ) ;
#2414 = VECTOR ( 'NONE', #2728, 39.37007874015748143 ) ;
#2415 = DIRECTION ( 'NONE',  ( 0.000000000000000000, -1.000000000000000000, 0.000000000000000000 ) ) ;
#2416 = CARTESIAN_POINT ( 'NONE',  ( 0.02204724409448819214, 0.04862204724409450313, -0.0003937007874015748519 ) ) ;
#2417 = DIRECTION ( 'NONE',  ( 0.000000000000000000, 1.000000000000000000, 0.000000000000000000 ) ) ;
#2418 =( NAMED_UNIT ( * ) PLANE_ANGLE_UNIT ( ) SI_UNIT ( $, .RADIAN. ) );
#2419 = EDGE_CURVE ( 'NONE', #5091, #2420, #5667, .T. ) ;
#2420 = VERTEX_POINT ( 'NONE', #1241 ) ;
#2421 = CARTESIAN_POINT ( 'NONE',  ( 0.02244094488188976694, 0.03953315494581630118, 0.07880770585639912396 ) ) ;
#2422 = CARTESIAN_POINT ( 'NONE',  ( 0.1202310044669086947, -0.07416801234092447459, 0.004768995533091283621 ) ) ;
#2423 = VERTEX_POINT ( 'NONE', #803 ) ;
#2424 = CARTESIAN_POINT ( 'NONE',  ( -0.04724409448818897572, -0.07303149606299214058, 0.000000000000000000 ) ) ;
#2425 = PRESENTATION_LAYER_ASSIGNMENT (  '', '', ( #1106 ) ) ;
#2426 = AXIS2_PLACEMENT_3D ( 'NONE', #1291, #3685, #1670 ) ;
#2427 = SURFACE_SIDE_STYLE ('',( #3377 ) ) ;
#2428 = FACE_OUTER_BOUND ( 'NONE', #4767, .T. ) ;
#2429 = VECTOR ( 'NONE', #2686, 39.37007874015748143 ) ;
#2430 = CARTESIAN_POINT ( 'NONE',  ( 0.04724409448818897572, 0.07303149606299214058, 0.000000000000000000 ) ) ;
#2431 = CARTESIAN_POINT ( 'NONE',  ( 0.02244094488188980163, -0.03976377952755905804, 0.000000000000000000 ) ) ;
#2432 = LINE ( 'NONE', #4915, #4147 ) ;
#2433 =( CONVERSION_BASED_UNIT ( 'INCH', #6226 ) LENGTH_UNIT ( ) NAMED_UNIT ( #5926 ) );
#2434 = ORIENTED_EDGE ( 'NONE', *, *, #3258, .T. ) ;
#2435 = CARTESIAN_POINT ( 'NONE',  ( 0.02218175254482772710, -0.04894214530492789483, -0.0001663975318151040390 ) ) ;
#2436 = LENGTH_MEASURE_WITH_UNIT ( LENGTH_MEASURE( 0.02539999999999999897 ), #4824 );
#2437 = UNCERTAINTY_MEASURE_WITH_UNIT (LENGTH_MEASURE( 1.000000000000000082E-05 ), #3907, 'distance_accuracy_value', 'NONE');
#2438 = CARTESIAN_POINT ( 'NONE',  ( 0.04921259842519685318, -0.07439094276228641611, 0.002144323617080787572 ) ) ;
#2439 = FILL_AREA_STYLE ('',( #5280 ) ) ;
#2440 = VERTEX_POINT ( 'NONE', #773 ) ;
#2441 = CARTESIAN_POINT ( 'NONE',  ( -0.06053149606299212948, -0.07303149606299212671, 0.1228740157480315009 ) ) ;
#2442 =( LENGTH_UNIT ( ) NAMED_UNIT ( * ) SI_UNIT ( $, .METRE. ) );
#2443 = DIRECTION ( 'NONE',  ( 0.000000000000000000, 1.000000000000000000, 0.000000000000000000 ) ) ;
#2445 = CARTESIAN_POINT ( 'NONE',  ( 0.1190944881889763746, 0.07303149606299212671, 0.1228740157480315009 ) ) ;
#2444 = CARTESIAN_POINT ( 'NONE',  ( 0.06053149606299212948, 0.07499999999999999722, 0.005905511811023621965 ) ) ;
#2446 = FILL_AREA_STYLE ('',( #6285 ) ) ;
#2447 = SURFACE_SIDE_STYLE ('',( #6247 ) ) ;
#2448 = CARTESIAN_POINT ( 'NONE',  ( 0.02214210586436344066, 0.03910655853681647975, -0.08192188475386601165 ) ) ;
#2449 = VECTOR ( 'NONE', #2759, 39.37007874015748143 ) ;
#2450 = CARTESIAN_POINT ( 'NONE',  ( 0.02204724409448819214, -0.03937007874015747977, -0.04133858267716536417 ) ) ;
#2451 = EDGE_LOOP ( 'NONE', ( #4743, #2340, #3531, #1008 ) ) ;
#2452 = COLOUR_RGB ( '',0.2862745098039215508, 0.2862745098039215508, 0.2862745098039215508 ) ;
#2453 = DIRECTION ( 'NONE',  ( 0.000000000000000000, 1.836970198721029688E-16, 1.000000000000000000 ) ) ;
#2454 = ORIENTED_EDGE ( 'NONE', *, *, #4225, .T. ) ;
#2455 = CIRCLE ( 'NONE', #4561, 0.0003937007874015719788 ) ;
#2456 = CIRCLE ( 'NONE', #1533, 0.001968503937007873988 ) ;
#2457 = VECTOR ( 'NONE', #872, 39.37007874015748143 ) ;
#2458 = DIRECTION ( 'NONE',  ( 0.000000000000000000, 1.000000000000000000, 0.000000000000000000 ) ) ;
#2459 = EDGE_CURVE ( 'NONE', #6210, #352, #5974, .T. ) ;
#2460 =( CONVERSION_BASED_UNIT ( 'INCH', #1022 ) LENGTH_UNIT ( ) NAMED_UNIT ( #4714 ) );
#2461 = CARTESIAN_POINT ( 'NONE',  ( 0.02204724409448819214, -0.04862204724409450313, 0.000000000000000000 ) ) ;
#2462 = ORIENTED_EDGE ( 'NONE', *, *, #2746, .T. ) ;
#2463 = MECHANICAL_DESIGN_GEOMETRIC_PRESENTATION_REPRESENTATION (  '', ( #3254 ), #322 ) ;
#2464 = UNCERTAINTY_MEASURE_WITH_UNIT (LENGTH_MEASURE( 1.000000000000000082E-05 ), #66, 'distance_accuracy_value', 'NONE');
#2465 =( GEOMETRIC_REPRESENTATION_CONTEXT ( 3 ) GLOBAL_UNCERTAINTY_ASSIGNED_CONTEXT ( ( #110 ) ) GLOBAL_UNIT_ASSIGNED_CONTEXT ( ( #5221, #3210, #2269 ) ) REPRESENTATION_CONTEXT ( 'NONE', 'WORKASPACE' ) );
#2466 = ORIENTED_EDGE ( 'NONE', *, *, #1725, .F. ) ;
#2467 = PRESENTATION_LAYER_ASSIGNMENT (  '', '', ( #1628 ) ) ;
#2468 = LENGTH_MEASURE_WITH_UNIT ( LENGTH_MEASURE( 0.02539999999999999897 ), #6229 );
#2469 = ADVANCED_FACE ( 'NONE', ( #4632 ), #3688, .T. ) ;
#2470 = LENGTH_MEASURE_WITH_UNIT ( LENGTH_MEASURE( 0.02539999999999999897 ), #4691 );
#2471 = CARTESIAN_POINT ( 'NONE',  ( 0.1181696570315049211, -0.07385747340737110200, 0.002922449438041369810 ) ) ;
#2472 = DIRECTION ( 'NONE',  ( 1.000000000000000000, 0.000000000000000000, -0.000000000000000000 ) ) ;
#2473 = LINE ( 'NONE', #2041, #1314 ) ;
#2474 = AXIS2_PLACEMENT_3D ( 'NONE', #915, #5191, #1922 ) ;
#2475 = EDGE_LOOP ( 'NONE', ( #111, #5077, #4449, #4677, #4354 ) ) ;
#2476 = AXIS2_PLACEMENT_3D ( 'NONE', #4314, #5350, #54 ) ;
#2477 = FILL_AREA_STYLE ('',( #6279 ) ) ;
#2478 = DIRECTION ( 'NONE',  ( -0.000000000000000000, -0.000000000000000000, -1.000000000000000000 ) ) ;
#2479 =( LENGTH_UNIT ( ) NAMED_UNIT ( * ) SI_UNIT ( $, .METRE. ) );
#2480 =( NAMED_UNIT ( * ) SI_UNIT ( $, .STERADIAN. ) SOLID_ANGLE_UNIT ( ) );
#2481 = COLOUR_RGB ( '',0.2862745098039215508, 0.2862745098039215508, 0.2862745098039215508 ) ;
#2482 = CARTESIAN_POINT ( 'NONE',  ( 0.02244094488188973224, 0.03953315494581627343, -0.07913385826771653087 ) ) ;
#2483 = PLANE ( 'NONE',  #499 ) ;
#2484 = LINE ( 'NONE', #5907, #5485 ) ;
#2485 = CARTESIAN_POINT ( 'NONE',  ( 0.02227786867623107389, 0.04901574803149606058, 0.08267716535433070058 ) ) ;
#2486 = PRESENTATION_LAYER_ASSIGNMENT (  '', '', ( #48 ) ) ;
#2487 = SURFACE_SIDE_STYLE ('',( #3948 ) ) ;
#2488 = ORIENTED_EDGE ( 'NONE', *, *, #5779, .F. ) ;
#2489 = CARTESIAN_POINT ( 'NONE',  ( -0.1202310044669086947, 0.07416801234092447459, 0.1240105320259638488 ) ) ;
#2490 = CARTESIAN_POINT ( 'NONE',  ( -0.01122047244094488173, -0.04862204724409449619, 0.0003937007874015748519 ) ) ;
#2491 = ORIENTED_EDGE ( 'NONE', *, *, #3524, .F. ) ;
#2492 = SURFACE_SIDE_STYLE ('',( #4412 ) ) ;
#2493 = ORIENTED_EDGE ( 'NONE', *, *, #5779, .T. ) ;
#2494 = DIRECTION ( 'NONE',  ( 2.913971193241879780E-16, -1.000000000000000000, 0.000000000000000000 ) ) ;
#2495 = MECHANICAL_DESIGN_GEOMETRIC_PRESENTATION_REPRESENTATION (  '', ( #4401 ), #4827 ) ;
#2496 = STYLED_ITEM ( 'NONE', ( #3473 ), #3191 ) ;
#2497 = EDGE_LOOP ( 'NONE', ( #4979, #3621, #4310, #4229 ) ) ;
#2498 =( CONVERSION_BASED_UNIT ( 'INCH', #4419 ) LENGTH_UNIT ( ) NAMED_UNIT ( #4774 ) );
#2499 = COLOUR_RGB ( '',0.8313725490196077761, 0.8313725490196077761, 0.8313725490196077761 ) ;
#2500 = CARTESIAN_POINT ( 'NONE',  ( 0.01850393700787409529, -0.04901574803149608139, 0.000000000000000000 ) ) ;
#2501 = CARTESIAN_POINT ( 'NONE',  ( -0.1210629921259842590, 0.07499999999999999722, 0.003937007874015747977 ) ) ;
#2502 = VERTEX_POINT ( 'NONE', #3640 ) ;
#2503 = AXIS2_PLACEMENT_3D ( 'NONE', #3705, #4114, #4639 ) ;
#2504 =( LENGTH_UNIT ( ) NAMED_UNIT ( * ) SI_UNIT ( $, .METRE. ) );
#2505 = CARTESIAN_POINT ( 'NONE',  ( 0.02240563253514227249, -0.03963361187837415034, 0.08218541142464481919 ) ) ;
#2506 = SURFACE_STYLE_USAGE ( .BOTH. , #4764 ) ;
#2507 = FILL_AREA_STYLE ('',( #4836 ) ) ;
#2508 = AXIS2_PLACEMENT_3D ( 'NONE', #1331, #2258, #3238 ) ;
#2509 = LENGTH_MEASURE_WITH_UNIT ( LENGTH_MEASURE( 0.02539999999999999897 ), #1165 );
#2510 = EDGE_CURVE ( 'NONE', #3451, #1965, #3155, .T. ) ;
#2511 = UNCERTAINTY_MEASURE_WITH_UNIT (LENGTH_MEASURE( 1.000000000000000082E-05 ), #1978, 'distance_accuracy_value', 'NONE');
#2512 = EDGE_CURVE ( 'NONE', #1671, #1798, #5861, .T. ) ;
#2513 = FILL_AREA_STYLE ('',( #3080 ) ) ;
#2514 = PRESENTATION_LAYER_ASSIGNMENT (  '', '', ( #2805 ) ) ;
#2515 = CARTESIAN_POINT ( 'NONE',  ( 0.02248884777322953873, 0.04883499509335045147, 0.0003663425486394594624 ) ) ;
#2516 = AXIS2_PLACEMENT_3D ( 'NONE', #2922, #2443, #1406 ) ;
#2517 = CARTESIAN_POINT ( 'NONE',  ( 0.02227454735007466935, -0.03953647627197260511, 0.08251076782251555441 ) ) ;
#2518 = VERTEX_POINT ( 'NONE', #4832 ) ;
#2519 = CARTESIAN_POINT ( 'NONE',  ( 0.02244094488188976694, 0.03976377952755917600, 0.07913385826771651699 ) ) ;
#2520 = ORIENTED_EDGE ( 'NONE', *, *, #4002, .F. ) ;
#2521 = PRESENTATION_LAYER_ASSIGNMENT (  '', '', ( #3325 ) ) ;
#2522 = CARTESIAN_POINT ( 'NONE',  ( -0.05118110236220473064, -0.07499991257304912395, 0.005924064248884147385 ) ) ;
#2523 = FACE_OUTER_BOUND ( 'NONE', #1975, .T. ) ;
#2524 = ORIENTED_EDGE ( 'NONE', *, *, #4002, .T. ) ;
#2525 = FACE_OUTER_BOUND ( 'NONE', #3460, .T. ) ;
#2526 = UNCERTAINTY_MEASURE_WITH_UNIT (LENGTH_MEASURE( 1.000000000000000082E-05 ), #1799, 'distance_accuracy_value', 'NONE');
#2527 = UNCERTAINTY_MEASURE_WITH_UNIT (LENGTH_MEASURE( 1.000000000000000082E-05 ), #1872, 'distance_accuracy_value', 'NONE');
#2528 = VERTEX_POINT ( 'NONE', #3728 ) ;
#2529 = AXIS2_PLACEMENT_3D ( 'NONE', #1567, #3514, #3037 ) ;
#2530 = CIRCLE ( 'NONE', #5761, 0.001968503937007874856 ) ;
#2531 =( CONVERSION_BASED_UNIT ( 'INCH', #972 ) LENGTH_UNIT ( ) NAMED_UNIT ( #5178 ) );
#2532 = DIRECTION ( 'NONE',  ( -0.4082482904638599641, 0.8164965809277291431, 0.4082482904638601307 ) ) ;
#2533 = DIRECTION ( 'NONE',  ( -0.8164965809277263675, 0.4082482904638631838, 0.4082482904638621846 ) ) ;
#2534 = STYLED_ITEM ( 'NONE', ( #1858 ), #2830 ) ;
#2535 = EDGE_LOOP ( 'NONE', ( #3386, #5427, #197, #4179, #1835 ) ) ;
#2536 =( NAMED_UNIT ( * ) SI_UNIT ( $, .STERADIAN. ) SOLID_ANGLE_UNIT ( ) );
#2537 = LINE ( 'NONE', #5804, #4911 ) ;
#2538 = PRESENTATION_STYLE_ASSIGNMENT (( #4078 ) ) ;
#2539 = CARTESIAN_POINT ( 'NONE',  ( 0.01850393700787409182, -0.04901574803149607445, -0.003937007874015747977 ) ) ;
#2540 =( NAMED_UNIT ( * ) PLANE_ANGLE_UNIT ( ) SI_UNIT ( $, .RADIAN. ) );
#2541 = LENGTH_MEASURE_WITH_UNIT ( LENGTH_MEASURE( 0.02539999999999999897 ), #2601 );
#2542 = CIRCLE ( 'NONE', #1202, 0.001968503937007870519 ) ;
#2543 = FILL_AREA_STYLE ('',( #952 ) ) ;
#2544 = SURFACE_STYLE_USAGE ( .BOTH. , #2487 ) ;
#2545 = ORIENTED_EDGE ( 'NONE', *, *, #4631, .F. ) ;
#2546 = CARTESIAN_POINT ( 'NONE',  ( 0.1190944881889763746, -0.07499999999999999722, 0.005905511811023621965 ) ) ;
#2547 = ORIENTED_EDGE ( 'NONE', *, *, #2089, .F. ) ;
#2548 =( NAMED_UNIT ( * ) PLANE_ANGLE_UNIT ( ) SI_UNIT ( $, .RADIAN. ) );
#2549 = CARTESIAN_POINT ( 'NONE',  ( 0.02240563253514226902, -0.04852399410181017919, 0.0002635331382166756662 ) ) ;
#2550 = ORIENTED_EDGE ( 'NONE', *, *, #6240, .F. ) ;
#2551 = FILL_AREA_STYLE_COLOUR ( '', #2136 ) ;
#2552 = ORIENTED_EDGE ( 'NONE', *, *, #2931, .F. ) ;
#2553 = CIRCLE ( 'NONE', #815, 0.0003937007874015758277 ) ;
#2554 = FACE_OUTER_BOUND ( 'NONE', #2868, .T. ) ;
#2555 = COLOUR_RGB ( '',0.7490196078431372584, 0.7490196078431372584, 0.7490196078431372584 ) ;
#2556 = DIRECTION ( 'NONE',  ( -1.000000000000000000, 0.000000000000000000, 0.000000000000000000 ) ) ;
#2557 = SURFACE_STYLE_USAGE ( .BOTH. , #6009 ) ;
#2558 = ORIENTED_EDGE ( 'NONE', *, *, #5577, .F. ) ;
#2559 = COLOUR_RGB ( '',0.2862745098039215508, 0.2862745098039215508, 0.2862745098039215508 ) ;
#2560 = PRESENTATION_LAYER_ASSIGNMENT (  '', '', ( #5289 ) ) ;
#2561 = DIRECTION ( 'NONE',  ( 0.000000000000000000, 0.000000000000000000, 1.000000000000000000 ) ) ;
#2562 = EDGE_CURVE ( 'NONE', #2100, #3212, #6205, .T. ) ;
#2563 = CARTESIAN_POINT ( 'NONE',  ( -0.04724409448818897572, 0.07303149606299214058, 0.000000000000000000 ) ) ;
#2564 = DIRECTION ( 'NONE',  ( -1.000000000000000000, 0.000000000000000000, 0.000000000000000000 ) ) ;
#2565 =( NAMED_UNIT ( * ) PLANE_ANGLE_UNIT ( ) SI_UNIT ( $, .RADIAN. ) );
#2566 = CARTESIAN_POINT ( 'NONE',  ( 0.02204724409448819214, -0.03897637795275583905, 0.07834645669291337433 ) ) ;
#2567 = COLOUR_RGB ( '',0.2862745098039215508, 0.2862745098039215508, 0.2862745098039215508 ) ;
#2568 =( CONVERSION_BASED_UNIT ( 'INCH', #5934 ) LENGTH_UNIT ( ) NAMED_UNIT ( #321 ) );
#2569 = AXIS2_PLACEMENT_3D ( 'NONE', #657, #2135, #3993 ) ;
#2570 =( LENGTH_UNIT ( ) NAMED_UNIT ( * ) SI_UNIT ( $, .METRE. ) );
#2571 = DIRECTION ( 'NONE',  ( 0.000000000000000000, 0.000000000000000000, 1.000000000000000000 ) ) ;
#2572 = PRESENTATION_STYLE_ASSIGNMENT (( #5422 ) ) ;
#2573 = CARTESIAN_POINT ( 'NONE',  ( 0.02204724409448819214, -0.03976377952755905804, -0.08267716535433072833 ) ) ;
#2574 = DIRECTION ( 'NONE',  ( 1.000000000000000000, 0.000000000000000000, 0.000000000000000000 ) ) ;
#2575 = EDGE_LOOP ( 'NONE', ( #4747, #4703, #3268, #4269 ) ) ;
#2576 = DIRECTION ( 'NONE',  ( 0.000000000000000000, 1.000000000000000000, 0.000000000000000000 ) ) ;
#2577 = VERTEX_POINT ( 'NONE', #3793 ) ;
#2578 = B_SPLINE_CURVE_WITH_KNOTS ( 'NONE', 3,
 ( #1519, #4398, #61, #5846 ),
 .UNSPECIFIED., .F., .F.,
 ( 4, 4 ),
 ( 0.000000000000000000, 1.000000000000000000 ),
 .UNSPECIFIED. ) ;
#2579 = CARTESIAN_POINT ( 'NONE',  ( -0.05002797945349035658, -0.07501086172755387638, 0.004762357272131840548 ) ) ;
#2580 =( NAMED_UNIT ( * ) PLANE_ANGLE_UNIT ( ) SI_UNIT ( $, .RADIAN. ) );
#2581 = VERTEX_POINT ( 'NONE', #3358 ) ;
#2582 = DIRECTION ( 'NONE',  ( 0.000000000000000000, 0.000000000000000000, 1.000000000000000000 ) ) ;
#2583 = CARTESIAN_POINT ( 'NONE',  ( 0.1190944881889763746, -0.07303149606299212671, 0.005905511811023621965 ) ) ;
#2584 = ORIENTED_EDGE ( 'NONE', *, *, #328, .T. ) ;
#2585 = EDGE_CURVE ( 'NONE', #3199, #1781, #4447, .T. ) ;
#2586 = ADVANCED_FACE ( 'NONE', ( #1303 ), #6134, .T. ) ;
#2587 = CARTESIAN_POINT ( 'NONE',  ( 0.02227454735007467282, 0.04875655569443404502, -7.360272656816047195E-05 ) ) ;
#2588 = FILL_AREA_STYLE_COLOUR ( '', #3335 ) ;
#2589 = FACE_OUTER_BOUND ( 'NONE', #1617, .T. ) ;
#2590 = VERTEX_POINT ( 'NONE', #942 ) ;
#2591 = UNCERTAINTY_MEASURE_WITH_UNIT (LENGTH_MEASURE( 1.000000000000000082E-05 ), #5655, 'distance_accuracy_value', 'NONE');
#2592 = CARTESIAN_POINT ( 'NONE',  ( -0.04921259842519686012, 0.07303149606299212671, 0.001968503937007879193 ) ) ;
#2593 = AXIS2_PLACEMENT_3D ( 'NONE', #529, #3930, #5409 ) ;
#2594 = CARTESIAN_POINT ( 'NONE',  ( 0.01282862863705145490, 0.03976377952755905804, -0.08228346456692912925 ) ) ;
#2595 = FILL_AREA_STYLE_COLOUR ( '', #3887 ) ;
#2596 = CARTESIAN_POINT ( 'NONE',  ( 0.02204724409448819214, -0.03920700253449869305, -0.07874015748031495954 ) ) ;
#2597 = DIRECTION ( 'NONE',  ( 0.000000000000000000, 1.000000000000000000, 0.000000000000000000 ) ) ;
#2598 = EDGE_CURVE ( 'NONE', #5586, #6289, #2530, .T. ) ;
#2599 = DIRECTION ( 'NONE',  ( 1.000000000000000000, 0.000000000000000000, 0.000000000000000000 ) ) ;
#2600 = LENGTH_MEASURE_WITH_UNIT ( LENGTH_MEASURE( 0.02539999999999999897 ), #1078 );
#2601 =( LENGTH_UNIT ( ) NAMED_UNIT ( * ) SI_UNIT ( $, .METRE. ) );
#2602 = VECTOR ( 'NONE', #2079, 39.37007874015748143 ) ;
#2603 = CARTESIAN_POINT ( 'NONE',  ( 0.02227454735007465547, 0.03953647627197259817, 0.08251076782251560993 ) ) ;
#2604 = ORIENTED_EDGE ( 'NONE', *, *, #3820, .T. ) ;
#2605 = CARTESIAN_POINT ( 'NONE',  ( -0.1210629921259842590, -0.07499999999999999722, 0.005905511811023621965 ) ) ;
#2606 =( BOUNDED_SURFACE ( )  B_SPLINE_SURFACE ( 3, 3, ( 
 ( #5315, #1946, #2981, #1401 ),
 ( #3323, #495, #1476, #5870 ),
 ( #1439, #2471, #5720, #2945 ),
 ( #468, #5247, #3931, #936 ) ),
 .UNSPECIFIED., .F., .F., .T. ) 
 B_SPLINE_SURFACE_WITH_KNOTS ( ( 4, 4 ),
 ( 4, 4 ),
 ( 0.000000000000000000, 1.000000000000000000 ),
 ( 0.000000000000000000, 1.000000000000000000 ),
 .UNSPECIFIED. ) 
 GEOMETRIC_REPRESENTATION_ITEM ( )  RATIONAL_B_SPLINE_SURFACE ( (
 ( 1.000000000000000000, 0.3333333333333337034, 0.3333333333333337034, 1.000000000000000000),
 ( 0.9245018060306368080, 0.3081672686768792691, 0.3081672686768792691, 0.9245018060306368080),
 ( 0.9245018060306368080, 0.3081672686768792691, 0.3081672686768792691, 0.9245018060306368080),
 ( 1.000000000000000000, 0.3333333333333337034, 0.3333333333333337034, 1.000000000000000000) ) ) 
 REPRESENTATION_ITEM ( '' )  SURFACE ( )  );
#2607 = MECHANICAL_DESIGN_GEOMETRIC_PRESENTATION_REPRESENTATION (  '', ( #5446 ), #2193 ) ;
#2608 = ADVANCED_FACE ( 'NONE', ( #843 ), #4261, .F. ) ;
#2609 = CARTESIAN_POINT ( 'NONE',  ( 0.02261677146730112914, -0.04884141291653730510, 0.0006057521206793930026 ) ) ;
#2610 = EDGE_LOOP ( 'NONE', ( #1464, #3702, #50, #1638 ) ) ;
#2611 = DIRECTION ( 'NONE',  ( 0.000000000000000000, -1.000000000000000000, 0.000000000000000000 ) ) ;
#2612 = PRODUCT_DEFINITION_FORMATION_WITH_SPECIFIED_SOURCE ( 'ANY', '', #1044, .NOT_KNOWN. ) ;
#2613 = STYLED_ITEM ( 'NONE', ( #5693 ), #2209 ) ;
#2614 = ORIENTED_EDGE ( 'NONE', *, *, #3052, .T. ) ;
#2615 = DIRECTION ( 'NONE',  ( -3.344045254895049987E-16, 1.000000000000000000, 0.000000000000000000 ) ) ;
#2616 = CYLINDRICAL_SURFACE ( 'NONE', #2359, 0.001968503937007879193 ) ;
#2617 = PRESENTATION_STYLE_ASSIGNMENT (( #5982 ) ) ;
#2618 = FILL_AREA_STYLE_COLOUR ( '', #3512 ) ;
#2619 = ORIENTED_EDGE ( 'NONE', *, *, #4066, .T. ) ;
#2620 = FILL_AREA_STYLE ('',( #6012 ) ) ;
#2621 = LINE ( 'NONE', #632, #4421 ) ;
#2622 = STYLED_ITEM ( 'NONE', ( #2617 ), #1102 ) ;
#2623 = CARTESIAN_POINT ( 'NONE',  ( 0.1191804867913477534, -0.07486830316721392042, 0.1238354186013280595 ) ) ;
#2624 = CARTESIAN_POINT ( 'NONE',  ( -0.04921259842519685318, 0.07373477478328380186, 0.001968503937007873988 ) ) ;
#2625 = DIRECTION ( 'NONE',  ( -0.000000000000000000, -1.000000000000000000, 0.000000000000000000 ) ) ;
#2626 =( CONVERSION_BASED_UNIT ( 'INCH', #2150 ) LENGTH_UNIT ( ) NAMED_UNIT ( #1881 ) );
#2627 = LINE ( 'NONE', #5603, #2429 ) ;
#2628 = CARTESIAN_POINT ( 'NONE',  ( 0.02270446508523073226, 0.04826046743103136472, 0.0002988390175262838262 ) ) ;
#2629 = SURFACE_STYLE_FILL_AREA ( #747 ) ;
#2630 = CARTESIAN_POINT ( 'NONE',  ( 0.02240563253514227943, 0.03963361187837415034, 0.08218541142464480531 ) ) ;
#2631 = EDGE_LOOP ( 'NONE', ( #234, #1024, #1732, #1580, #4451, #4015, #5949, #5977, #2016, #704 ) ) ;
#2632 = DIMENSIONAL_EXPONENTS ( 1.000000000000000000, 0.000000000000000000, 0.000000000000000000, 0.000000000000000000, 0.000000000000000000, 0.000000000000000000, 0.000000000000000000 ) ;
#2633 = EDGE_CURVE ( 'NONE', #2782, #4623, #1515, .T. ) ;
#2634 = VECTOR ( 'NONE', #5103, 39.37007874015748143 ) ;
#2635 = CARTESIAN_POINT ( 'NONE',  ( -0.02244094488188972530, 0.04901574803149607445, 0.003937007874015747977 ) ) ;
#2636 = ORIENTED_EDGE ( 'NONE', *, *, #5488, .F. ) ;
#2637 = LENGTH_MEASURE_WITH_UNIT ( LENGTH_MEASURE( 0.02539999999999999897 ), #3139 );
#2638 =( BOUNDED_SURFACE ( )  B_SPLINE_SURFACE ( 3, 3, ( 
 ( #3086, #5402, #2971, #3509 ),
 ( #1092, #653, #3028, #5005 ),
 ( #105, #2609, #613, #1501 ),
 ( #2549, #674, #4533, #4474 ) ),
 .UNSPECIFIED., .F., .F., .T. ) 
 B_SPLINE_SURFACE_WITH_KNOTS ( ( 4, 4 ),
 ( 4, 4 ),
 ( 0.000000000000000000, 1.000000000000000000 ),
 ( 0.000000000000000000, 1.000000000000000000 ),
 .UNSPECIFIED. ) 
 GEOMETRIC_REPRESENTATION_ITEM ( )  RATIONAL_B_SPLINE_SURFACE ( (
 ( 1.000000000000000000, 0.3333333333333260984, 0.3333333333333260984, 1.000000000000000000),
 ( 0.9245018060306412488, 0.3081672686768737179, 0.3081672686768737179, 0.9245018060306412488),
 ( 0.9245018060306412488, 0.3081672686768737179, 0.3081672686768737179, 0.9245018060306412488),
 ( 1.000000000000000000, 0.3333333333333260984, 0.3333333333333260984, 1.000000000000000000) ) ) 
 REPRESENTATION_ITEM ( '' )  SURFACE ( )  );
#2639 =( NAMED_UNIT ( * ) SI_UNIT ( $, .STERADIAN. ) SOLID_ANGLE_UNIT ( ) );
#2640 = ORIENTED_EDGE ( 'NONE', *, *, #6113, .F. ) ;
#2641 = EDGE_CURVE ( 'NONE', #141, #3534, #4735, .T. ) ;
#2642 = CARTESIAN_POINT ( 'NONE',  ( 0.02227454735007465894, 0.04884935049968096299, -0.0001663975318151101105 ) ) ;
#2643 = DIRECTION ( 'NONE',  ( 0.000000000000000000, 0.000000000000000000, 1.000000000000000000 ) ) ;
#2644 =( GEOMETRIC_REPRESENTATION_CONTEXT ( 3 ) GLOBAL_UNCERTAINTY_ASSIGNED_CONTEXT ( ( #5217 ) ) GLOBAL_UNIT_ASSIGNED_CONTEXT ( ( #1773, #5174, #1804 ) ) REPRESENTATION_CONTEXT ( 'NONE', 'WORKASPACE' ) );
#2645 = LINE ( 'NONE', #2674, #2842 ) ;
#2646 = ORIENTED_EDGE ( 'NONE', *, *, #1516, .T. ) ;
#2647 = UNCERTAINTY_MEASURE_WITH_UNIT (LENGTH_MEASURE( 1.000000000000000082E-05 ), #4804, 'distance_accuracy_value', 'NONE');
#2648 = AXIS2_PLACEMENT_3D ( 'NONE', #579, #5398, #1496 ) ;
#2649 = CIRCLE ( 'NONE', #4257, 0.0003937007874015758277 ) ;
#2650 =( NAMED_UNIT ( * ) PLANE_ANGLE_UNIT ( ) SI_UNIT ( $, .RADIAN. ) );
#2651 = EDGE_CURVE ( 'NONE', #5743, #1965, #4458, .T. ) ;
#2652 = VECTOR ( 'NONE', #3933, 39.37007874015748143 ) ;
#2653 =( CONVERSION_BASED_UNIT ( 'INCH', #1675 ) LENGTH_UNIT ( ) NAMED_UNIT ( #1309 ) );
#2654 = SURFACE_STYLE_FILL_AREA ( #715 ) ;
#2655 = CARTESIAN_POINT ( 'NONE',  ( 0.01850393700787405366, -0.03897637795275581823, -0.07874015748031495954 ) ) ;
#2656 = PRESENTATION_LAYER_ASSIGNMENT (  '', '', ( #226 ) ) ;
#2657 = COLOUR_RGB ( '',0.2862745098039215508, 0.2862745098039215508, 0.2862745098039215508 ) ;
#2658 = LENGTH_MEASURE_WITH_UNIT ( LENGTH_MEASURE( 0.02539999999999999897 ), #5514 );
#2659 = SURFACE_STYLE_FILL_AREA ( #2233 ) ;
#2660 = COLOUR_RGB ( '',0.8313725490196077761, 0.8313725490196077761, 0.8313725490196077761 ) ;
#2661 = CARTESIAN_POINT ( 'NONE',  ( 0.02223952466514752743, 0.04898940866493885216, 0.0003765010669273118429 ) ) ;
#2662 = CARTESIAN_POINT ( 'NONE',  ( 0.02204724409448819214, 0.03937007874015756997, 0.07913385826771651699 ) ) ;
#2663 = CARTESIAN_POINT ( 'NONE',  ( 0.02227454735007463466, 0.03953647627197257042, 0.08251076782251558217 ) ) ;
#2664 = CIRCLE ( 'NONE', #3576, 0.001968503937007873988 ) ;
#2665 = ORIENTED_EDGE ( 'NONE', *, *, #3752, .F. ) ;
#2666 = VERTEX_POINT ( 'NONE', #3434 ) ;
#2667 = CARTESIAN_POINT ( 'NONE',  ( 0.02218175254482772363, -0.03953647627197260511, -0.08260356262776252789 ) ) ;
#2668 = CIRCLE ( 'NONE', #6213, 0.001968503937007879193 ) ;
#2669 = PRESENTATION_STYLE_ASSIGNMENT (( #5041 ) ) ;
#2670 = DIRECTION ( 'NONE',  ( 1.000000000000000000, 0.000000000000000000, 0.000000000000000000 ) ) ;
#2671 = ORIENTED_EDGE ( 'NONE', *, *, #3033, .F. ) ;
#2672 = CARTESIAN_POINT ( 'NONE',  ( -0.1208864303922468214, -0.07368233430891657498, 0.1223837500366099645 ) ) ;
#2673 = SURFACE_STYLE_USAGE ( .BOTH. , #6125 ) ;
#2674 = CARTESIAN_POINT ( 'NONE',  ( -0.02244094488188972530, -0.04901574803149607445, 0.000000000000000000 ) ) ;
#2675 = ORIENTED_EDGE ( 'NONE', *, *, #1979, .T. ) ;
#2676 = DIRECTION ( 'NONE',  ( 0.000000000000000000, 0.000000000000000000, 1.000000000000000000 ) ) ;
#2677 = DIRECTION ( 'NONE',  ( 0.000000000000000000, 0.000000000000000000, 1.000000000000000000 ) ) ;
#2678 = PRESENTATION_LAYER_ASSIGNMENT (  '', '', ( #4510 ) ) ;
#2679 = CARTESIAN_POINT ( 'NONE',  ( 0.1219421250530409867, -0.07412832442520622678, 0.1218137590816424226 ) ) ;
#2680 =( CONVERSION_BASED_UNIT ( 'INCH', #1209 ) LENGTH_UNIT ( ) NAMED_UNIT ( #4052 ) );
#2681 = FILL_AREA_STYLE_COLOUR ( '', #619 ) ;
#2682 = DIRECTION ( 'NONE',  ( 0.000000000000000000, -1.000000000000000000, 0.000000000000000000 ) ) ;
#2683 = VECTOR ( 'NONE', #3876, 39.37007874015748143 ) ;
#2684 =( GEOMETRIC_REPRESENTATION_CONTEXT ( 3 ) GLOBAL_UNCERTAINTY_ASSIGNED_CONTEXT ( ( #3247 ) ) GLOBAL_UNIT_ASSIGNED_CONTEXT ( ( #3616, #5003, #2126 ) ) REPRESENTATION_CONTEXT ( 'NONE', 'WORKASPACE' ) );
#2685 = FILL_AREA_STYLE_COLOUR ( '', #2979 ) ;
#2686 = DIRECTION ( 'NONE',  ( 0.000000000000000000, 1.000000000000000000, -0.000000000000000000 ) ) ;
#2687 = DIRECTION ( 'NONE',  ( 0.000000000000000000, -0.000000000000000000, -1.000000000000000000 ) ) ;
#2688 = FILL_AREA_STYLE_COLOUR ( '', #4151 ) ;
#2689 = DIRECTION ( 'NONE',  ( 0.000000000000000000, 1.000000000000000000, 0.000000000000000000 ) ) ;
#2690 = ORIENTED_EDGE ( 'NONE', *, *, #1521, .T. ) ;
#2691 = EDGE_CURVE ( 'NONE', #1864, #3595, #1984, .T. ) ;
#2692 = DIRECTION ( 'NONE',  ( -0.000000000000000000, -0.000000000000000000, -1.000000000000000000 ) ) ;
#2693 = PRESENTATION_LAYER_ASSIGNMENT (  '', '', ( #3925 ) ) ;
#2694 = CARTESIAN_POINT ( 'NONE',  ( -0.04724409448818897572, -0.07303149606299214058, 0.000000000000000000 ) ) ;
#2695 = ORIENTED_EDGE ( 'NONE', *, *, #3302, .T. ) ;
#2696 = DIRECTION ( 'NONE',  ( 0.000000000000000000, 0.000000000000000000, 1.000000000000000000 ) ) ;
#2697 = CIRCLE ( 'NONE', #2508, 0.001968503937007879193 ) ;
#2698 = PLANE ( 'NONE',  #2000 ) ;
#2699 = ORIENTED_EDGE ( 'NONE', *, *, #3424, .T. ) ;
#2700 = CARTESIAN_POINT ( 'NONE',  ( 0.02165035840211543966, 0.04878752077258902142, 0.0002282143240313587592 ) ) ;
#2701 = AXIS2_PLACEMENT_3D ( 'NONE', #5267, #3414, #1894 ) ;
#2702 = DIRECTION ( 'NONE',  ( 0.000000000000000000, 0.000000000000000000, 1.000000000000000000 ) ) ;
#2703 =( GEOMETRIC_REPRESENTATION_CONTEXT ( 3 ) GLOBAL_UNCERTAINTY_ASSIGNED_CONTEXT ( ( #5438 ) ) GLOBAL_UNIT_ASSIGNED_CONTEXT ( ( #4864, #4396, #5877 ) ) REPRESENTATION_CONTEXT ( 'NONE', 'WORKASPACE' ) );
#2704 = CARTESIAN_POINT ( 'NONE',  ( 0.1202310044669087086, 0.07416801234092446071, 0.1240105320259638350 ) ) ;
#2705 = CARTESIAN_POINT ( 'NONE',  ( 0.01850393700787405366, 0.03937007874015754916, -0.07913385826771651699 ) ) ;
#2706 = VERTEX_POINT ( 'NONE', #4930 ) ;
#2707 = AXIS2_PLACEMENT_3D ( 'NONE', #4495, #2084, #665 ) ;
#2708 = AXIS2_PLACEMENT_3D ( 'NONE', #1065, #4483, #3008 ) ;
#2709 = PRESENTATION_STYLE_ASSIGNMENT (( #4625 ) ) ;
#2710 = CARTESIAN_POINT ( 'NONE',  ( 0.02204724409448819214, 0.04862204724409449619, 0.000000000000000000 ) ) ;
#2711 =( LENGTH_UNIT ( ) NAMED_UNIT ( * ) SI_UNIT ( $, .METRE. ) );
#2712 = CARTESIAN_POINT ( 'NONE',  ( 0.02204724409448819214, 0.04862204724409448925, 0.0003937007874015748519 ) ) ;
#2713 = STYLED_ITEM ( 'NONE', ( #6144 ), #381 ) ;
#2714 = COLOUR_RGB ( '',0.8313725490196077761, 0.8313725490196077761, 0.8313725490196077761 ) ;
#2715 = CARTESIAN_POINT ( 'NONE',  ( 0.02244094488188976694, -0.03943762711624157480, -0.07834645669291336045 ) ) ;
#2716 =( GEOMETRIC_REPRESENTATION_CONTEXT ( 3 ) GLOBAL_UNCERTAINTY_ASSIGNED_CONTEXT ( ( #5936 ) ) GLOBAL_UNIT_ASSIGNED_CONTEXT ( ( #3251, #1371, #3327 ) ) REPRESENTATION_CONTEXT ( 'NONE', 'WORKASPACE' ) );
#2717 = SURFACE_STYLE_USAGE ( .BOTH. , #340 ) ;
#2718 = SURFACE_SIDE_STYLE ('',( #3670 ) ) ;
#2719 =( NAMED_UNIT ( * ) PLANE_ANGLE_UNIT ( ) SI_UNIT ( $, .RADIAN. ) );
#2720 = EDGE_LOOP ( 'NONE', ( #4414, #5827, #410, #315, #6078 ) ) ;
#2721 = DIMENSIONAL_EXPONENTS ( 1.000000000000000000, 0.000000000000000000, 0.000000000000000000, 0.000000000000000000, 0.000000000000000000, 0.000000000000000000, 0.000000000000000000 ) ;
#2722 =( LENGTH_UNIT ( ) NAMED_UNIT ( * ) SI_UNIT ( $, .METRE. ) );
#2723 = EDGE_CURVE ( 'NONE', #2590, #119, #3507, .T. ) ;
#2724 = CARTESIAN_POINT ( 'NONE',  ( 0.1202310044669087225, 0.07463198636715907830, 0.005232969559325948046 ) ) ;
#2725 = ORIENTED_EDGE ( 'NONE', *, *, #586, .F. ) ;
#2726 = SURFACE_SIDE_STYLE ('',( #3775 ) ) ;
#2727 = CARTESIAN_POINT ( 'NONE',  ( -0.1190944881889763746, 0.07303149606299212671, 0.1228740157480315009 ) ) ;
#2728 = DIRECTION ( 'NONE',  ( -1.000000000000000000, -4.513101726118519957E-17, -0.000000000000000000 ) ) ;
#2729 = ORIENTED_EDGE ( 'NONE', *, *, #4965, .F. ) ;
#2730 = CARTESIAN_POINT ( 'NONE',  ( 0.04921259842519685318, 0.07303149606299212671, 0.001968503937007873988 ) ) ;
#2731 =( CONVERSION_BASED_UNIT ( 'INCH', #3783 ) LENGTH_UNIT ( ) NAMED_UNIT ( #4286 ) );
#2732 = FILL_AREA_STYLE ('',( #792 ) ) ;
#2733 = MECHANICAL_DESIGN_GEOMETRIC_PRESENTATION_REPRESENTATION (  '', ( #3558 ), #5154 ) ;
#2734 = ORIENTED_EDGE ( 'NONE', *, *, #1090, .T. ) ;
#2735 =( NAMED_UNIT ( * ) PLANE_ANGLE_UNIT ( ) SI_UNIT ( $, .RADIAN. ) );
#2736 = EDGE_CURVE ( 'NONE', #1864, #939, #1517, .T. ) ;
#2737 = CARTESIAN_POINT ( 'NONE',  ( -0.02204724409448815398, 0.02450787401574803723, -0.0003937007874015748519 ) ) ;
#2738 = VECTOR ( 'NONE', #2611, 39.37007874015748143 ) ;
#2739 =( LENGTH_UNIT ( ) NAMED_UNIT ( * ) SI_UNIT ( $, .METRE. ) );
#2740 =( NAMED_UNIT ( * ) SI_UNIT ( $, .STERADIAN. ) SOLID_ANGLE_UNIT ( ) );
#2741 = CIRCLE ( 'NONE', #5992, 0.001968503937007873988 ) ;
#2742 = UNCERTAINTY_MEASURE_WITH_UNIT (LENGTH_MEASURE( 1.000000000000000082E-05 ), #5786, 'distance_accuracy_value', 'NONE');
#2743 = ADVANCED_FACE ( 'NONE', ( #4432 ), #5632, .T. ) ;
#2744 =( GEOMETRIC_REPRESENTATION_CONTEXT ( 3 ) GLOBAL_UNCERTAINTY_ASSIGNED_CONTEXT ( ( #4694 ) ) GLOBAL_UNIT_ASSIGNED_CONTEXT ( ( #349, #1253, #4177 ) ) REPRESENTATION_CONTEXT ( 'NONE', 'WORKASPACE' ) );
#2745 = COLOUR_RGB ( '',0.8313725490196077761, 0.8313725490196077761, 0.8313725490196077761 ) ;
#2746 = EDGE_CURVE ( 'NONE', #3951, #2423, #2795, .T. ) ;
#2747 = CIRCLE ( 'NONE', #4970, 0.0003937007874015758277 ) ;
#2748 = DIRECTION ( 'NONE',  ( -1.000000000000000000, -2.913971193241879780E-16, 0.000000000000000000 ) ) ;
#2749 = DIRECTION ( 'NONE',  ( 0.000000000000000000, -1.000000000000000000, -0.000000000000000000 ) ) ;
#2750 = LINE ( 'NONE', #5251, #638 ) ;
#2751 = CIRCLE ( 'NONE', #2351, 0.0003937007874015758277 ) ;
#2752 = VERTEX_POINT ( 'NONE', #4182 ) ;
#2753 = PRESENTATION_LAYER_ASSIGNMENT (  '', '', ( #1217 ) ) ;
#2754 = DIMENSIONAL_EXPONENTS ( 1.000000000000000000, 0.000000000000000000, 0.000000000000000000, 0.000000000000000000, 0.000000000000000000, 0.000000000000000000, 0.000000000000000000 ) ;
#2755 = MECHANICAL_DESIGN_GEOMETRIC_PRESENTATION_REPRESENTATION (  '', ( #5491 ), #2153 ) ;
#2756 =( NAMED_UNIT ( * ) SI_UNIT ( $, .STERADIAN. ) SOLID_ANGLE_UNIT ( ) );
#2757 = CARTESIAN_POINT ( 'NONE',  ( 0.1197453264349008367, 0.07254123035157057642, 0.004113569607753159510 ) ) ;
#2758 = EDGE_LOOP ( 'NONE', ( #5526, #4031, #4776, #4456, #425, #2360 ) ) ;
#2759 = DIRECTION ( 'NONE',  ( 0.000000000000000000, -0.000000000000000000, 1.000000000000000000 ) ) ;
#2760 =( GEOMETRIC_REPRESENTATION_CONTEXT ( 3 ) GLOBAL_UNCERTAINTY_ASSIGNED_CONTEXT ( ( #2591 ) ) GLOBAL_UNIT_ASSIGNED_CONTEXT ( ( #5655, #2328, #365 ) ) REPRESENTATION_CONTEXT ( 'NONE', 'WORKASPACE' ) );
#2761 = FILL_AREA_STYLE_COLOUR ( '', #5113 ) ;
#2762 = VECTOR ( 'NONE', #5201, 39.37007874015748143 ) ;
#2763 = ORIENTED_EDGE ( 'NONE', *, *, #4154, .T. ) ;
#2764 =( CONVERSION_BASED_UNIT ( 'INCH', #1321 ) LENGTH_UNIT ( ) NAMED_UNIT ( #3607 ) );
#2765 = CARTESIAN_POINT ( 'NONE',  ( 0.02183519276121038619, 0.04884141291653735367, 0.0001758265854113595455 ) ) ;
#2766 = AXIS2_PLACEMENT_3D ( 'NONE', #5000, #4378, #189 ) ;
#2767 = DIRECTION ( 'NONE',  ( 0.4082482904638670140, -0.8164965809277330289, 0.4082482904638449761 ) ) ;
#2768 = FILL_AREA_STYLE ('',( #457 ) ) ;
#2769 = FILL_AREA_STYLE_COLOUR ( '', #1107 ) ;
#2770 = CARTESIAN_POINT ( 'NONE',  ( 0.02204724409448819214, -0.03937007874015743120, 0.08228346456692912925 ) ) ;
#2771 = ORIENTED_EDGE ( 'NONE', *, *, #486, .T. ) ;
#2772 = EDGE_CURVE ( 'NONE', #5919, #1563, #5071, .T. ) ;
#2773 = LINE ( 'NONE', #1330, #5066 ) ;
#2774 =( CONVERSION_BASED_UNIT ( 'INCH', #2365 ) LENGTH_UNIT ( ) NAMED_UNIT ( #3286 ) );
#2775 = EDGE_CURVE ( 'NONE', #2502, #5771, #3923, .T. ) ;
#2776 =( LENGTH_UNIT ( ) NAMED_UNIT ( * ) SI_UNIT ( $, .METRE. ) );
#2777 = CARTESIAN_POINT ( 'NONE',  ( 0.01850393700787405366, 0.04901574803149607445, -0.003937007874015747977 ) ) ;
#2778 = CARTESIAN_POINT ( 'NONE',  ( -0.1210629921259842590, 0.07303149606299212671, 0.003937007874015745375 ) ) ;
#2779 = SURFACE_SIDE_STYLE ('',( #2337 ) ) ;
#2780 = DIRECTION ( 'NONE',  ( 0.000000000000000000, 0.000000000000000000, -1.000000000000000000 ) ) ;
#2781 = PRESENTATION_STYLE_ASSIGNMENT (( #1845 ) ) ;
#2782 = VERTEX_POINT ( 'NONE', #383 ) ;
#2783 = PRESENTATION_LAYER_ASSIGNMENT (  '', '', ( #4401 ) ) ;
#2784 = EDGE_CURVE ( 'NONE', #177, #3734, #5200, .T. ) ;
#2785 = PRESENTATION_STYLE_ASSIGNMENT (( #2273 ) ) ;
#2786 = FILL_AREA_STYLE_COLOUR ( '', #540 ) ;
#2787 = PRESENTATION_LAYER_ASSIGNMENT (  '', '', ( #6126 ) ) ;
#2788 =( NAMED_UNIT ( * ) PLANE_ANGLE_UNIT ( ) SI_UNIT ( $, .RADIAN. ) );
#2789 = ORIENTED_EDGE ( 'NONE', *, *, #2030, .T. ) ;
#2790 = LINE ( 'NONE', #4298, #5159 ) ;
#2791 = CARTESIAN_POINT ( 'NONE',  ( 0.1203027814985612454, -0.07516773742504630207, 0.005840497648865632281 ) ) ;
#2792 = DIRECTION ( 'NONE',  ( -4.749352646498039829E-16, 1.000000000000000000, 0.000000000000000000 ) ) ;
#2793 = ORIENTED_EDGE ( 'NONE', *, *, #970, .T. ) ;
#2794 = ADVANCED_FACE ( 'NONE', ( #6184 ), #1793, .F. ) ;
#2795 = LINE ( 'NONE', #4587, #1288 ) ;
#2796 = FILL_AREA_STYLE_COLOUR ( '', #976 ) ;
#2797 = LENGTH_MEASURE_WITH_UNIT ( LENGTH_MEASURE( 0.02539999999999999897 ), #4648 );
#2798 = CARTESIAN_POINT ( 'NONE',  ( -0.1202310044669087641, 0.07416801234092451622, 0.1240105320259639460 ) ) ;
#2799 = PLANE ( 'NONE',  #194 ) ;
#2800 = CARTESIAN_POINT ( 'NONE',  ( 0.1202310044669087086, 0.07416801234092444683, 0.1240105320259638488 ) ) ;
#2801 = DIMENSIONAL_EXPONENTS ( 1.000000000000000000, 0.000000000000000000, 0.000000000000000000, 0.000000000000000000, 0.000000000000000000, 0.000000000000000000, 0.000000000000000000 ) ;
#2802 = ORIENTED_EDGE ( 'NONE', *, *, #5095, .T. ) ;
#2803 = AXIS2_PLACEMENT_3D ( 'NONE', #1497, #1999, #135 ) ;
#2804 =( BOUNDED_CURVE ( )  B_SPLINE_CURVE ( 3, ( #4873, #546, #2485, #3472 ),
 .UNSPECIFIED., .F., .T. ) 
 B_SPLINE_CURVE_WITH_KNOTS ( ( 4, 4 ),
 ( 4.712388980384689674, 6.283185307179586232 ),
 .UNSPECIFIED. ) 
 CURVE ( )  GEOMETRIC_REPRESENTATION_ITEM ( )  RATIONAL_B_SPLINE_CURVE ( ( 1.000000000000000000, 0.8047378541243649375, 0.8047378541243649375, 1.000000000000000000 ) ) 
 REPRESENTATION_ITEM ( '' )  );
#2805 = STYLED_ITEM ( 'NONE', ( #958 ), #6058 ) ;
#2806 = PRESENTATION_LAYER_ASSIGNMENT (  '', '', ( #5542 ) ) ;
#2807 = CARTESIAN_POINT ( 'NONE',  ( 0.06053149606299212948, 0.07303149606299212671, 0.001968503937007873988 ) ) ;
#2808 = DIRECTION ( 'NONE',  ( 0.000000000000000000, -1.000000000000000000, 0.000000000000000000 ) ) ;
#2809 = CARTESIAN_POINT ( 'NONE',  ( 0.1206949784931433400, 0.07416801234092446071, 0.1235465579997291757 ) ) ;
#2810 =( NAMED_UNIT ( * ) PLANE_ANGLE_UNIT ( ) SI_UNIT ( $, .RADIAN. ) );
#2811 = FILL_AREA_STYLE_COLOUR ( '', #926 ) ;
#2812 = DIMENSIONAL_EXPONENTS ( 1.000000000000000000, 0.000000000000000000, 0.000000000000000000, 0.000000000000000000, 0.000000000000000000, 0.000000000000000000, 0.000000000000000000 ) ;
#2813 = CIRCLE ( 'NONE', #5125, 0.0003937007874015758277 ) ;
#2814 = UNCERTAINTY_MEASURE_WITH_UNIT (LENGTH_MEASURE( 1.000000000000000082E-05 ), #3863, 'distance_accuracy_value', 'NONE');
#2815 =( LENGTH_UNIT ( ) NAMED_UNIT ( * ) SI_UNIT ( $, .METRE. ) );
#2816 = CARTESIAN_POINT ( 'NONE',  ( 0.02047244094488193111, 0.03976377952755905804, 0.08267716535433072833 ) ) ;
#2817 = CARTESIAN_POINT ( 'NONE',  ( 0.02226019194374415436, 0.03932217584881771838, 0.08231082280569125553 ) ) ;
#2818 = CARTESIAN_POINT ( 'NONE',  ( -0.02204724409448815398, -3.284990769240909256E-18, 0.000000000000000000 ) ) ;
#2819 = DIRECTION ( 'NONE',  ( 0.000000000000000000, 0.000000000000000000, 1.000000000000000000 ) ) ;
#2820 = ORIENTED_EDGE ( 'NONE', *, *, #501, .T. ) ;
#2821 = FILL_AREA_STYLE ('',( #346 ) ) ;
#2822 = MECHANICAL_DESIGN_GEOMETRIC_PRESENTATION_REPRESENTATION (  '', ( #1783 ), #4329 ) ;
#2823 = CARTESIAN_POINT ( 'NONE',  ( -0.06053149606299212948, -0.07303149606299214058, 0.003937007874015747977 ) ) ;
#2824 =( CONVERSION_BASED_UNIT ( 'INCH', #5333 ) LENGTH_UNIT ( ) NAMED_UNIT ( #1900 ) );
#2825 = VERTEX_POINT ( 'NONE', #3651 ) ;
#2826 = DIRECTION ( 'NONE',  ( -0.4082482904638670140, 0.8164965809277332509, -0.4082482904638450871 ) ) ;
#2827 =( GEOMETRIC_REPRESENTATION_CONTEXT ( 3 ) GLOBAL_UNCERTAINTY_ASSIGNED_CONTEXT ( ( #603 ) ) GLOBAL_UNIT_ASSIGNED_CONTEXT ( ( #4662, #3206, #5146 ) ) REPRESENTATION_CONTEXT ( 'NONE', 'WORKASPACE' ) );
#2828 = CARTESIAN_POINT ( 'NONE',  ( 0.1206949784931433817, -0.07370403831468980149, 0.004768995533091297499 ) ) ;
#2829 = EDGE_CURVE ( 'NONE', #5771, #3951, #3609, .T. ) ;
#2830 = ADVANCED_FACE ( 'NONE', ( #4646 ), #1228, .T. ) ;
#2831 = VERTEX_POINT ( 'NONE', #991 ) ;
#2832 = EDGE_CURVE ( 'NONE', #2310, #4020, #1426, .T. ) ;
#2833 = DIRECTION ( 'NONE',  ( 0.000000000000000000, 0.000000000000000000, 1.000000000000000000 ) ) ;
#2834 =( NAMED_UNIT ( * ) SI_UNIT ( $, .STERADIAN. ) SOLID_ANGLE_UNIT ( ) );
#2835 = SURFACE_SIDE_STYLE ('',( #488 ) ) ;
#2836 = CARTESIAN_POINT ( 'NONE',  ( 0.04921259842519685318, 0.07499999999999999722, 0.000000000000000000 ) ) ;
#2837 = LENGTH_MEASURE_WITH_UNIT ( LENGTH_MEASURE( 0.02539999999999999897 ), #5785 );
#2838 =( LENGTH_UNIT ( ) NAMED_UNIT ( * ) SI_UNIT ( $, .METRE. ) );
#2839 = EDGE_CURVE ( 'NONE', #2029, #6010, #6260, .T. ) ;
#2840 = VERTEX_POINT ( 'NONE', #2870 ) ;
#2841 = FILL_AREA_STYLE ('',( #5274 ) ) ;
#2842 = VECTOR ( 'NONE', #5531, 39.37007874015748143 ) ;
#2843 = FILL_AREA_STYLE ('',( #904 ) ) ;
#2844 = CARTESIAN_POINT ( 'NONE',  ( 0.02244094488188978428, -0.04862204724409449619, 0.0003937007874015748519 ) ) ;
#2845 = DIRECTION ( 'NONE',  ( -1.000000000000000000, 2.434699615406050148E-16, 0.000000000000000000 ) ) ;
#2846 = VECTOR ( 'NONE', #2625, 39.37007874015748143 ) ;
#2847 =( BOUNDED_SURFACE ( )  B_SPLINE_SURFACE ( 3, 3, ( 
 ( #4933, #1518, #2991, #126 ),
 ( #3465, #571, #5387, #3435 ),
 ( #474, #5932, #5451, #1914 ),
 ( #2505, #539, #6283, #1954 ) ),
 .UNSPECIFIED., .F., .F., .F. ) 
 B_SPLINE_SURFACE_WITH_KNOTS ( ( 4, 4 ),
 ( 4, 4 ),
 ( 0.000000000000000000, 1.000000000000000000 ),
 ( 0.000000000000000000, 1.000000000000000000 ),
 .UNSPECIFIED. ) 
 GEOMETRIC_REPRESENTATION_ITEM ( )  RATIONAL_B_SPLINE_SURFACE ( (
 ( 1.000000000000000000, 0.3333333333333450832, 0.3333333333333450832, 1.000000000000000000),
 ( 0.9245018060306369190, 0.3081672686768898162, 0.3081672686768898162, 0.9245018060306369190),
 ( 0.9245018060306369190, 0.3081672686768898162, 0.3081672686768898162, 0.9245018060306369190),
 ( 1.000000000000000000, 0.3333333333333450832, 0.3333333333333450832, 1.000000000000000000) ) ) 
 REPRESENTATION_ITEM ( '' )  SURFACE ( )  );
#2848 = DIMENSIONAL_EXPONENTS ( 1.000000000000000000, 0.000000000000000000, 0.000000000000000000, 0.000000000000000000, 0.000000000000000000, 0.000000000000000000, 0.000000000000000000 ) ;
#2849 = DIRECTION ( 'NONE',  ( -1.000000000000000000, 0.000000000000000000, 0.000000000000000000 ) ) ;
#2850 = FILL_AREA_STYLE ('',( #5698 ) ) ;
#2851 = MANIFOLD_SOLID_BREP ( 'Imported1', #3798 ) ;
#2852 = PRESENTATION_STYLE_ASSIGNMENT (( #4700 ) ) ;
#2853 = FILL_AREA_STYLE ('',( #95 ) ) ;
#2854 =( LENGTH_UNIT ( ) NAMED_UNIT ( * ) SI_UNIT ( $, .METRE. ) );
#2855 = ORIENTED_EDGE ( 'NONE', *, *, #2363, .F. ) ;
#2856 = CIRCLE ( 'NONE', #1308, 0.001968503937007879193 ) ;
#2857 =( GEOMETRIC_REPRESENTATION_CONTEXT ( 3 ) GLOBAL_UNCERTAINTY_ASSIGNED_CONTEXT ( ( #3988 ) ) GLOBAL_UNIT_ASSIGNED_CONTEXT ( ( #4924, #1537, #1512 ) ) REPRESENTATION_CONTEXT ( 'NONE', 'WORKASPACE' ) );
#2858 = SURFACE_SIDE_STYLE ('',( #5255 ) ) ;
#2859 = SURFACE_STYLE_USAGE ( .BOTH. , #2447 ) ;
#2860 = B_SPLINE_CURVE_WITH_KNOTS ( 'NONE', 3,
 ( #2384, #2349, #2311, #5637, #1348, #4270, #379, #4236, #3189 ),
 .UNSPECIFIED., .F., .F.,
 ( 4, 1, 2, 2, 4 ),
 ( 0.000000000000000000, 0.2500000000000007216, 0.3750000000000013323, 0.5000000000000018874, 1.000000000000000000 ),
 .UNSPECIFIED. ) ;
#2861 = MECHANICAL_DESIGN_GEOMETRIC_PRESENTATION_REPRESENTATION (  '', ( #16 ), #814 ) ;
#2862 = SURFACE_STYLE_USAGE ( .BOTH. , #2275 ) ;
#2863 = DIRECTION ( 'NONE',  ( 1.000000000000000000, 4.513101726118519957E-17, 0.000000000000000000 ) ) ;
#2864 = ORIENTED_EDGE ( 'NONE', *, *, #3698, .T. ) ;
#2865 = CARTESIAN_POINT ( 'NONE',  ( 0.02221243956336398789, -0.04843708101260023324, -0.0002029116871948187994 ) ) ;
#2866 =( GEOMETRIC_REPRESENTATION_CONTEXT ( 3 ) GLOBAL_UNCERTAINTY_ASSIGNED_CONTEXT ( ( #1561 ) ) GLOBAL_UNIT_ASSIGNED_CONTEXT ( ( #5031, #4553, #4083 ) ) REPRESENTATION_CONTEXT ( 'NONE', 'WORKASPACE' ) );
#2867 = LENGTH_MEASURE_WITH_UNIT ( LENGTH_MEASURE( 0.02539999999999999897 ), #921 );
#2868 = EDGE_LOOP ( 'NONE', ( #363, #2001, #654, #1758, #3963, #3069, #3308, #1195, #1120, #2802, #4064, #4841 ) ) ;
#2869 = CIRCLE ( 'NONE', #3261, 0.0003937007874015758277 ) ;
#2870 = CARTESIAN_POINT ( 'NONE',  ( 0.1202310044669087225, -0.07416801234092446071, 0.004768995533091296632 ) ) ;
#2871 = CARTESIAN_POINT ( 'NONE',  ( 0.02047244094488193111, 0.04901574803149607445, 0.08267716535433072833 ) ) ;
#2872 =( NAMED_UNIT ( * ) SI_UNIT ( $, .STERADIAN. ) SOLID_ANGLE_UNIT ( ) );
#2873 = CARTESIAN_POINT ( 'NONE',  ( 0.02244094488188980163, 0.04901574803149607445, 0.000000000000000000 ) ) ;
#2874 = CARTESIAN_POINT ( 'NONE',  ( 0.04921259842519686012, -0.07535501321061065239, 0.001968503937007879193 ) ) ;
#2875 = ORIENTED_EDGE ( 'NONE', *, *, #3882, .T. ) ;
#2876 = ADVANCED_FACE ( 'NONE', ( #417 ), #1579, .F. ) ;
#2877 = PRESENTATION_LAYER_ASSIGNMENT (  '', '', ( #4779 ) ) ;
#2878 = CARTESIAN_POINT ( 'NONE',  ( -0.1210629921259842728, -0.07418461897170651465, 0.003937007874015753181 ) ) ;
#2879 = CARTESIAN_POINT ( 'NONE',  ( 0.01850393700787405366, -0.03976377952755905804, 0.08267716535433072833 ) ) ;
#2880 = DIRECTION ( 'NONE',  ( 1.000000000000000000, -0.000000000000000000, 0.000000000000000000 ) ) ;
#2881 = UNCERTAINTY_MEASURE_WITH_UNIT (LENGTH_MEASURE( 1.000000000000000082E-05 ), #5669, 'distance_accuracy_value', 'NONE');
#2882 = DIMENSIONAL_EXPONENTS ( 1.000000000000000000, 0.000000000000000000, 0.000000000000000000, 0.000000000000000000, 0.000000000000000000, 0.000000000000000000, 0.000000000000000000 ) ;
#2883 = LINE ( 'NONE', #2500, #1952 ) ;
#2884 = SURFACE_STYLE_USAGE ( .BOTH. , #937 ) ;
#2885 = COLOUR_RGB ( '',0.8313725490196077761, 0.8313725490196077761, 0.8313725490196077761 ) ;
#2886 = ORIENTED_EDGE ( 'NONE', *, *, #4527, .F. ) ;
#2887 = SURFACE_STYLE_FILL_AREA ( #1874 ) ;
#2888 = EDGE_CURVE ( 'NONE', #1198, #679, #4912, .T. ) ;
#2889 = FILL_AREA_STYLE_COLOUR ( '', #3207 ) ;
#2890 = LENGTH_MEASURE_WITH_UNIT ( LENGTH_MEASURE( 0.02539999999999999897 ), #2301 );
#2891 = CARTESIAN_POINT ( 'NONE',  ( -0.04921259842519685318, -0.07499999999999999722, 0.000000000000000000 ) ) ;
#2892 = SURFACE_STYLE_FILL_AREA ( #5356 ) ;
#2894 = FILL_AREA_STYLE_COLOUR ( '', #1704 ) ;
#2893 = CARTESIAN_POINT ( 'NONE',  ( 0.02204724409448819214, 0.03976377952755905804, -0.08228346456692912925 ) ) ;
#2895 = SURFACE_STYLE_USAGE ( .BOTH. , #5288 ) ;
#2896 =( BOUNDED_SURFACE ( )  B_SPLINE_SURFACE ( 3, 3, ( 
 ( #335, #5212, #1238, #870 ),
 ( #2809, #6099, #1803, #5083 ),
 ( #2331, #367, #2262, #4628 ),
 ( #3756, #4191, #3694, #4253 ) ),
 .UNSPECIFIED., .F., .F., .F. ) 
 B_SPLINE_SURFACE_WITH_KNOTS ( ( 4, 4 ),
 ( 4, 4 ),
 ( 0.000000000000000000, 1.000000000000000000 ),
 ( 0.000000000000000000, 1.000000000000000000 ),
 .UNSPECIFIED. ) 
 GEOMETRIC_REPRESENTATION_ITEM ( )  RATIONAL_B_SPLINE_SURFACE ( (
 ( 1.000000000000000000, 0.3333333333333343140, 0.3333333333333343140, 1.000000000000000000),
 ( 0.9245018060306378072, 0.3081672686768801572, 0.3081672686768801572, 0.9245018060306378072),
 ( 0.9245018060306378072, 0.3081672686768801572, 0.3081672686768801572, 0.9245018060306378072),
 ( 1.000000000000000000, 0.3333333333333343140, 0.3333333333333343140, 1.000000000000000000) ) ) 
 REPRESENTATION_ITEM ( '' )  SURFACE ( )  );
#2897 =( CONVERSION_BASED_UNIT ( 'INCH', #684 ) LENGTH_UNIT ( ) NAMED_UNIT ( #5625 ) );
#2898 = LENGTH_MEASURE_WITH_UNIT ( LENGTH_MEASURE( 0.02539999999999999897 ), #5814 );
#2899 = DIRECTION ( 'NONE',  ( 1.000000000000000000, 4.513101726118519957E-17, 0.000000000000000000 ) ) ;
#2900 = DIMENSIONAL_EXPONENTS ( 1.000000000000000000, 0.000000000000000000, 0.000000000000000000, 0.000000000000000000, 0.000000000000000000, 0.000000000000000000, 0.000000000000000000 ) ;
#2901 = CARTESIAN_POINT ( 'NONE',  ( 0.02239938078385823525, -0.03958771118287402607, 0.08228346456692912925 ) ) ;
#2902 = COLOUR_RGB ( '',0.8313725490196077761, 0.8313725490196077761, 0.8313725490196077761 ) ;
#2903 = VERTEX_POINT ( 'NONE', #3067 ) ;
#2904 = CARTESIAN_POINT ( 'NONE',  ( 0.02244094488188976347, 0.03976377952755918294, 0.07867260910423075349 ) ) ;
#2905 = ORIENTED_EDGE ( 'NONE', *, *, #3149, .F. ) ;
#2906 = VECTOR ( 'NONE', #94, 39.37007874015748143 ) ;
#2907 = DIRECTION ( 'NONE',  ( 1.000000000000000000, 0.000000000000000000, 0.000000000000000000 ) ) ;
#2908 = FILL_AREA_STYLE_COLOUR ( '', #1760 ) ;
#2909 = CARTESIAN_POINT ( 'NONE',  ( -0.1202310044669087086, 0.07416801234092450235, 0.1240105320259639043 ) ) ;
#2910 = VECTOR ( 'NONE', #5521, 39.37007874015748143 ) ;
#2911 = VERTEX_POINT ( 'NONE', #5711 ) ;
#2912 = COLOUR_RGB ( '',0.2862745098039215508, 0.2862745098039215508, 0.2862745098039215508 ) ;
#2913 =( GEOMETRIC_REPRESENTATION_CONTEXT ( 3 ) GLOBAL_UNCERTAINTY_ASSIGNED_CONTEXT ( ( #5505 ) ) GLOBAL_UNIT_ASSIGNED_CONTEXT ( ( #2944, #1003, #5792 ) ) REPRESENTATION_CONTEXT ( 'NONE', 'WORKASPACE' ) );
#2914 = DIRECTION ( 'NONE',  ( 0.000000000000000000, 1.000000000000000000, 0.000000000000000000 ) ) ;
#2915 = CARTESIAN_POINT ( 'NONE',  ( 0.1191804867913477811, -0.07486830316721389267, 0.1238354186013280178 ) ) ;
#2916 = VERTEX_POINT ( 'NONE', #455 ) ;
#2917 = VECTOR ( 'NONE', #5305, 39.37007874015748143 ) ;
#2918 = FACE_OUTER_BOUND ( 'NONE', #4385, .T. ) ;
#2919 = DIRECTION ( 'NONE',  ( 0.000000000000000000, 0.000000000000000000, 1.000000000000000000 ) ) ;
#2920 = CARTESIAN_POINT ( 'NONE',  ( 0.02204724409448819214, -0.03937007874015740344, 0.07890323368597364218 ) ) ;
#2921 = SURFACE_STYLE_FILL_AREA ( #978 ) ;
#2922 = CARTESIAN_POINT ( 'NONE',  ( 0.1210629921259842590, 0.07499999999999999722, 0.000000000000000000 ) ) ;
#2924 = CARTESIAN_POINT ( 'NONE',  ( -0.05118110236220473064, 0.07303149606299212671, 0.003937007874015747977 ) ) ;
#2923 = SURFACE_SIDE_STYLE ('',( #5389 ) ) ;
#2925 = COLOUR_RGB ( '',0.2862745098039215508, 0.2862745098039215508, 0.2862745098039215508 ) ;
#2926 = SURFACE_STYLE_USAGE ( .BOTH. , #983 ) ;
#2927 = PRESENTATION_STYLE_ASSIGNMENT (( #3804 ) ) ;
#2928 = ORIENTED_EDGE ( 'NONE', *, *, #4225, .F. ) ;
#2929 = PRESENTATION_STYLE_ASSIGNMENT (( #1554 ) ) ;
#2930 = CARTESIAN_POINT ( 'NONE',  ( 0.04839721739690334978, -0.07418461897170650077, 6.041724752215789754E-19 ) ) ;
#2931 = EDGE_CURVE ( 'NONE', #5771, #1632, #4276, .T. ) ;
#2932 = VERTEX_POINT ( 'NONE', #5 ) ;
#2933 = PRESENTATION_STYLE_ASSIGNMENT (( #1602 ) ) ;
#2934 = AXIS2_PLACEMENT_3D ( 'NONE', #5551, #4111, #6048 ) ;
#2935 = STYLED_ITEM ( 'NONE', ( #1973 ), #1160 ) ;
#2936 =( CONVERSION_BASED_UNIT ( 'INCH', #4339 ) LENGTH_UNIT ( ) NAMED_UNIT ( #202 ) );
#2937 = LINE ( 'NONE', #4847, #6140 ) ;
#2938 = CARTESIAN_POINT ( 'NONE',  ( 0.02207460233325028720, -0.03932217584881773226, -0.08249641241618510534 ) ) ;
#2939 = VERTEX_POINT ( 'NONE', #2461 ) ;
#2940 = FILL_AREA_STYLE ('',( #2551 ) ) ;
#2941 = EDGE_LOOP ( 'NONE', ( #487, #965, #1706, #918 ) ) ;
#2942 = PRESENTATION_LAYER_ASSIGNMENT (  '', '', ( #2534 ) ) ;
#2943 = DIRECTION ( 'NONE',  ( 0.000000000000000000, 1.000000000000000000, 0.000000000000000000 ) ) ;
#2944 =( CONVERSION_BASED_UNIT ( 'INCH', #2468 ) LENGTH_UNIT ( ) NAMED_UNIT ( #3366 ) );
#2945 = CARTESIAN_POINT ( 'NONE',  ( 0.1209312952931981822, -0.07311749466536349162, 0.004944108957727026167 ) ) ;
#2946 = LENGTH_MEASURE_WITH_UNIT ( LENGTH_MEASURE( 0.02539999999999999897 ), #469 );
#2947 =( NAMED_UNIT ( * ) PLANE_ANGLE_UNIT ( ) SI_UNIT ( $, .RADIAN. ) );
#2948 = VERTEX_POINT ( 'NONE', #2430 ) ;
#2949 = ADVANCED_FACE ( 'NONE', ( #489 ), #1111, .T. ) ;
#2950 = PRESENTATION_LAYER_ASSIGNMENT (  '', '', ( #3134 ) ) ;
#2951 = CARTESIAN_POINT ( 'NONE',  ( -0.1203027814985611760, -0.07309651022515012420, 0.1250102571100856763 ) ) ;
#2952 =( LENGTH_UNIT ( ) NAMED_UNIT ( * ) SI_UNIT ( $, .METRE. ) );
#2953 = SURFACE_STYLE_USAGE ( .BOTH. , #1012 ) ;
#2954 = ADVANCED_FACE ( 'NONE', ( #5683 ), #1323, .T. ) ;
#2955 = ADVANCED_FACE ( 'NONE', ( #2523 ), #2638, .T. ) ;
#2956 = CARTESIAN_POINT ( 'NONE',  ( 0.02204724409448819214, 0.03937007874015759773, -0.07890323368597364218 ) ) ;
#2957 = PRESENTATION_LAYER_ASSIGNMENT (  '', '', ( #4143 ) ) ;
#2958 = FILL_AREA_STYLE ('',( #3975 ) ) ;
#2959 = CARTESIAN_POINT ( 'NONE',  ( -0.04921259842519684624, 0.07499999999999999722, 0.000000000000000000 ) ) ;
#2960 = COLOUR_RGB ( '',0.2862745098039215508, 0.2862745098039215508, 0.2862745098039215508 ) ;
#2961 = CARTESIAN_POINT ( 'NONE',  ( 0.02204724409448819214, 0.03976377952755905804, 0.08228346456692912925 ) ) ;
#2962 = CARTESIAN_POINT ( 'NONE',  ( 0.02206444381496247553, -0.03957149895689973662, 0.08265082598777348522 ) ) ;
#2963 = ORIENTED_EDGE ( 'NONE', *, *, #4530, .F. ) ;
#2964 = CARTESIAN_POINT ( 'NONE',  ( 0.02227786867623106695, 0.03897637795275602640, 0.07874015748031494566 ) ) ;
#2965 = CIRCLE ( 'NONE', #4558, 0.0003937007874015758277 ) ;
#2966 = ORIENTED_EDGE ( 'NONE', *, *, #2404, .F. ) ;
#2967 =( GEOMETRIC_REPRESENTATION_CONTEXT ( 3 ) GLOBAL_UNCERTAINTY_ASSIGNED_CONTEXT ( ( #338 ) ) GLOBAL_UNIT_ASSIGNED_CONTEXT ( ( #4842, #102, #3950 ) ) REPRESENTATION_CONTEXT ( 'NONE', 'WORKASPACE' ) );
#2968 = AXIS2_PLACEMENT_3D ( 'NONE', #4654, #3719, #2676 ) ;
#2969 = SURFACE_STYLE_USAGE ( .BOTH. , #4846 ) ;
#2970 = FILL_AREA_STYLE ('',( #75 ) ) ;
#2971 = CARTESIAN_POINT ( 'NONE',  ( 0.02227454735007465894, -0.04884935049968094217, 0.0001663975318151347761 ) ) ;
#2972 = ORIENTED_EDGE ( 'NONE', *, *, #5210, .T. ) ;
#2973 = CARTESIAN_POINT ( 'NONE',  ( 0.02204724409448819214, 0.04901574803149606752, 0.08267716535433072833 ) ) ;
#2974 =( GEOMETRIC_REPRESENTATION_CONTEXT ( 3 ) GLOBAL_UNCERTAINTY_ASSIGNED_CONTEXT ( ( #47 ) ) GLOBAL_UNIT_ASSIGNED_CONTEXT ( ( #3396, #438, #5662 ) ) REPRESENTATION_CONTEXT ( 'NONE', 'WORKASPACE' ) );
#2975 = CARTESIAN_POINT ( 'NONE',  ( 0.05002797945349035658, -0.07499991257304912395, 0.005924064248884144783 ) ) ;
#2976 = UNCERTAINTY_MEASURE_WITH_UNIT (LENGTH_MEASURE( 1.000000000000000082E-05 ), #4304, 'distance_accuracy_value', 'NONE');
#2977 = ORIENTED_EDGE ( 'NONE', *, *, #4991, .T. ) ;
#2978 = CARTESIAN_POINT ( 'NONE',  ( 0.02168566428142505373, -0.04871690901396975165, 0.0002635202033409742646 ) ) ;
#2979 = COLOUR_RGB ( '',0.8313725490196077761, 0.8313725490196077761, 0.8313725490196077761 ) ;
#2980 = CARTESIAN_POINT ( 'NONE',  ( 0.05010341070313558548, -0.07500000000000001110, 0.004762244178191416162 ) ) ;
#2981 = CARTESIAN_POINT ( 'NONE',  ( 0.1202310044669087502, -0.07416801234092448847, 0.004768995533091263672 ) ) ;
#2982 = PLANE ( 'NONE',  #312 ) ;
#2983 = CARTESIAN_POINT ( 'NONE',  ( 0.02244094488188978428, -0.03976377952755905110, 0.07913385826771651699 ) ) ;
#2984 = EDGE_CURVE ( 'NONE', #471, #6128, #76, .T. ) ;
#2985 = ORIENTED_EDGE ( 'NONE', *, *, #253, .T. ) ;
#2986 = PRESENTATION_LAYER_ASSIGNMENT (  '', '', ( #4383 ) ) ;
#2987 = ADVANCED_FACE ( 'NONE', ( #1971 ), #4772, .T. ) ;
#2988 =( CONVERSION_BASED_UNIT ( 'INCH', #567 ) LENGTH_UNIT ( ) NAMED_UNIT ( #3384 ) );
#2989 =( CONVERSION_BASED_UNIT ( 'INCH', #630 ) LENGTH_UNIT ( ) NAMED_UNIT ( #3119 ) );
#2990 =( CONVERSION_BASED_UNIT ( 'INCH', #4433 ) LENGTH_UNIT ( ) NAMED_UNIT ( #4685 ) );
#2991 = CARTESIAN_POINT ( 'NONE',  ( 0.02227454735007469364, -0.03953647627197263287, 0.08251076782251558217 ) ) ;
#2992 =( BOUNDED_SURFACE ( )  B_SPLINE_SURFACE ( 3, 3, ( 
 ( #3351, #1469, #2874, #3857 ),
 ( #5347, #997, #3276, #5373 ),
 ( #2975, #5862, #1504, #4887 ),
 ( #1026, #3452, #4721, #3856 ) ),
 .UNSPECIFIED., .F., .F., .F. ) 
 B_SPLINE_SURFACE_WITH_KNOTS ( ( 4, 4 ),
 ( 4, 4 ),
 ( 0.000000000000000000, 1.000000000000000000 ),
 ( 0.000000000000000000, 1.000000000000000000 ),
 .UNSPECIFIED. ) 
 GEOMETRIC_REPRESENTATION_ITEM ( )  RATIONAL_B_SPLINE_SURFACE ( (
 ( 1.000000000000000000, 0.8025111867385935627, 0.8025111867385935627, 1.000000000000000000),
 ( 0.8047378541243649375, 0.6458111303268132541, 0.6458111303268132541, 0.8047378541243649375),
 ( 0.8047378541243649375, 0.6458111303268132541, 0.6458111303268132541, 0.8047378541243649375),
 ( 1.000000000000000000, 0.8025111867385935627, 0.8025111867385935627, 1.000000000000000000) ) ) 
 REPRESENTATION_ITEM ( '' )  SURFACE ( )  );
#2993 = DIRECTION ( 'NONE',  ( 1.000000000000000000, -0.000000000000000000, -0.000000000000000000 ) ) ;
#2994 =( GEOMETRIC_REPRESENTATION_CONTEXT ( 3 ) GLOBAL_UNCERTAINTY_ASSIGNED_CONTEXT ( ( #4416 ) ) GLOBAL_UNIT_ASSIGNED_CONTEXT ( ( #4753, #3380, #2872 ) ) REPRESENTATION_CONTEXT ( 'NONE', 'WORKASPACE' ) );
#2995 = PRESENTATION_STYLE_ASSIGNMENT (( #606 ) ) ;
#2996 = EDGE_CURVE ( 'NONE', #318, #136, #5123, .T. ) ;
#2997 = LENGTH_MEASURE_WITH_UNIT ( LENGTH_MEASURE( 0.02539999999999999897 ), #1924 );
#2998 = VERTEX_POINT ( 'NONE', #1197 ) ;
#2999 = FILL_AREA_STYLE_COLOUR ( '', #3564 ) ;
#3000 = FILL_AREA_STYLE ('',( #1053 ) ) ;
#3001 = ORIENTED_EDGE ( 'NONE', *, *, #6203, .T. ) ;
#3002 = CARTESIAN_POINT ( 'NONE',  ( -0.05118110236220473064, -0.07303149606299212671, 0.003937007874015747109 ) ) ;
#3003 = ORIENTED_EDGE ( 'NONE', *, *, #398, .F. ) ;
#3004 = AXIS2_PLACEMENT_3D ( 'NONE', #3331, #2819, #5252 ) ;
#3005 = EDGE_CURVE ( 'NONE', #5919, #1728, #1660, .T. ) ;
#3006 = VERTEX_POINT ( 'NONE', #2694 ) ;
#3007 =( NAMED_UNIT ( * ) PLANE_ANGLE_UNIT ( ) SI_UNIT ( $, .RADIAN. ) );
#3008 = DIRECTION ( 'NONE',  ( -0.5773502691896257311, -0.5773502691896257311, 0.5773502691896257311 ) ) ;
#3009 = DIRECTION ( 'NONE',  ( 0.000000000000000000, -1.000000000000000000, -0.000000000000000000 ) ) ;
#3010 = CARTESIAN_POINT ( 'NONE',  ( -0.1210629921259842590, 0.03749999999999996392, 0.1228740157480315009 ) ) ;
#3011 = ORIENTED_EDGE ( 'NONE', *, *, #2633, .F. ) ;
#3012 =( GEOMETRIC_REPRESENTATION_CONTEXT ( 3 ) GLOBAL_UNCERTAINTY_ASSIGNED_CONTEXT ( ( #5277 ) ) GLOBAL_UNIT_ASSIGNED_CONTEXT ( ( #3854, #2580, #4948 ) ) REPRESENTATION_CONTEXT ( 'NONE', 'WORKASPACE' ) );
#3013 = CARTESIAN_POINT ( 'NONE',  ( -0.1202310044669087086, -0.07416801234092446071, 0.1240105320259638488 ) ) ;
#3014 = LINE ( 'NONE', #2407, #5525 ) ;
#3015 =( CONVERSION_BASED_UNIT ( 'INCH', #3043 ) LENGTH_UNIT ( ) NAMED_UNIT ( #861 ) );
#3016 =( NAMED_UNIT ( * ) SI_UNIT ( $, .STERADIAN. ) SOLID_ANGLE_UNIT ( ) );
#3017 = AXIS2_PLACEMENT_3D ( 'NONE', #3320, #3456, #84 ) ;
#3018 =( NAMED_UNIT ( * ) SI_UNIT ( $, .STERADIAN. ) SOLID_ANGLE_UNIT ( ) );
#3019 = UNCERTAINTY_MEASURE_WITH_UNIT (LENGTH_MEASURE( 1.000000000000000082E-05 ), #1990, 'distance_accuracy_value', 'NONE');
#3020 = VECTOR ( 'NONE', #3630, 39.37007874015748143 ) ;
#3021 = MECHANICAL_DESIGN_GEOMETRIC_PRESENTATION_REPRESENTATION (  '', ( #5122 ), #6258 ) ;
#3022 = VERTEX_POINT ( 'NONE', #3111 ) ;
#3023 = FILL_AREA_STYLE ('',( #2999 ) ) ;
#3024 = MECHANICAL_DESIGN_GEOMETRIC_PRESENTATION_REPRESENTATION (  '', ( #4033 ), #1378 ) ;
#3025 = VERTEX_POINT ( 'NONE', #3215 ) ;
#3026 =( GEOMETRIC_REPRESENTATION_CONTEXT ( 3 ) GLOBAL_UNCERTAINTY_ASSIGNED_CONTEXT ( ( #97 ) ) GLOBAL_UNIT_ASSIGNED_CONTEXT ( ( #1343, #4368, #5738 ) ) REPRESENTATION_CONTEXT ( 'NONE', 'WORKASPACE' ) );
#3027 = PRODUCT_DEFINITION_SHAPE ( 'NONE', 'NONE',  #6292 ) ;
#3028 = CARTESIAN_POINT ( 'NONE',  ( 0.02228890275640516699, -0.04904929551650530350, 0.0003806979549699991737 ) ) ;
#3029 = EDGE_LOOP ( 'NONE', ( #5094, #2977, #5403, #4085 ) ) ;
#3030 = CARTESIAN_POINT ( 'NONE',  ( -0.1201592274352562134, -0.07523951445669874172, 0.1230108069418420630 ) ) ;
#3031 = UNCERTAINTY_MEASURE_WITH_UNIT (LENGTH_MEASURE( 1.000000000000000082E-05 ), #2531, 'distance_accuracy_value', 'NONE');
#3032 = UNCERTAINTY_MEASURE_WITH_UNIT (LENGTH_MEASURE( 1.000000000000000082E-05 ), #4800, 'distance_accuracy_value', 'NONE');
#3033 = EDGE_CURVE ( 'NONE', #2831, #5010, #1362, .T. ) ;
#3034 = ORIENTED_EDGE ( 'NONE', *, *, #6198, .T. ) ;
#3035 = COLOUR_RGB ( '',0.8313725490196077761, 0.8313725490196077761, 0.8313725490196077761 ) ;
#3036 = CARTESIAN_POINT ( 'NONE',  ( 0.02204724409448819214, -0.03976377952755905804, 0.08228346456692912925 ) ) ;
#3037 = DIRECTION ( 'NONE',  ( 0.5773502691896209571, 0.5773502691896317263, 0.5773502691896247319 ) ) ;
#3038 = ORIENTED_EDGE ( 'NONE', *, *, #3223, .T. ) ;
#3039 = UNCERTAINTY_MEASURE_WITH_UNIT (LENGTH_MEASURE( 1.000000000000000082E-05 ), #2460, 'distance_accuracy_value', 'NONE');
#3040 = DIRECTION ( 'NONE',  ( 1.000000000000000000, 4.749352646498039829E-16, 0.000000000000000000 ) ) ;
#3041 = CARTESIAN_POINT ( 'NONE',  ( 2.398833465510976296E-17, -0.04862204724409449619, 0.000000000000000000 ) ) ;
#3042 =( NAMED_UNIT ( * ) SI_UNIT ( $, .STERADIAN. ) SOLID_ANGLE_UNIT ( ) );
#3043 = LENGTH_MEASURE_WITH_UNIT ( LENGTH_MEASURE( 0.02539999999999999897 ), #1163 );
#3044 = SHAPE_REPRESENTATION_RELATIONSHIP ( 'NONE' , 'NONE' ,  #5896, #1919 ) ;
#3045 = DIRECTION ( 'NONE',  ( 0.000000000000000000, -1.000000000000000000, -0.000000000000000000 ) ) ;
#3046 =( LENGTH_UNIT ( ) NAMED_UNIT ( * ) SI_UNIT ( $, .METRE. ) );
#3047 = FILL_AREA_STYLE_COLOUR ( '', #2745 ) ;
#3048 = MECHANICAL_DESIGN_GEOMETRIC_PRESENTATION_REPRESENTATION (  '', ( #109 ), #4954 ) ;
#3049 = DIRECTION ( 'NONE',  ( -1.000000000000000000, -3.344045254895049987E-16, 0.000000000000000000 ) ) ;
#3050 = ORIENTED_EDGE ( 'NONE', *, *, #1912, .F. ) ;
#3051 =( NAMED_UNIT ( * ) PLANE_ANGLE_UNIT ( ) SI_UNIT ( $, .RADIAN. ) );
#3052 = EDGE_CURVE ( 'NONE', #1790, #5042, #6033, .T. ) ;
#3053 = SURFACE_SIDE_STYLE ('',( #550 ) ) ;
#3054 = EDGE_CURVE ( 'NONE', #1560, #2998, #3516, .T. ) ;
#3055 = ORIENTED_EDGE ( 'NONE', *, *, #1361, .F. ) ;
#3056 = CARTESIAN_POINT ( 'NONE',  ( -0.04921259842519686012, -0.07467447079427641521, 0.003121626845722251953 ) ) ;
#3057 = LENGTH_MEASURE_WITH_UNIT ( LENGTH_MEASURE( 0.02539999999999999897 ), #1023 );
#3058 = ORIENTED_EDGE ( 'NONE', *, *, #5237, .F. ) ;
#3059 = CARTESIAN_POINT ( 'NONE',  ( 0.02227454735007465547, -0.03953647627197260511, -0.08251076782251558217 ) ) ;
#3060 = VECTOR ( 'NONE', #3476, 39.37007874015748143 ) ;
#3061 = CARTESIAN_POINT ( 'NONE',  ( 0.1210629921259842590, 0.07303149606299214058, 0.000000000000000000 ) ) ;
#3062 = VERTEX_POINT ( 'NONE', #781 ) ;
#3063 = PRESENTATION_LAYER_ASSIGNMENT (  '', '', ( #3567 ) ) ;
#3064 =( NAMED_UNIT ( * ) SI_UNIT ( $, .STERADIAN. ) SOLID_ANGLE_UNIT ( ) );
#3065 = CIRCLE ( 'NONE', #6001, 0.001968503937007873988 ) ;
#3066 = EDGE_CURVE ( 'NONE', #6210, #1525, #477, .T. ) ;
#3067 = CARTESIAN_POINT ( 'NONE',  ( 0.1199748299124014927, 0.07303149606299212671, 0.004144828364173393405 ) ) ;
#3068 = DIRECTION ( 'NONE',  ( 0.000000000000000000, -1.000000000000000000, 0.000000000000000000 ) ) ;
#3069 = ORIENTED_EDGE ( 'NONE', *, *, #4417, .F. ) ;
#3070 = EDGE_CURVE ( 'NONE', #5368, #3734, #4017, .T. ) ;
#3071 = AXIS2_PLACEMENT_3D ( 'NONE', #4488, #711, #5959 ) ;
#3072 = DIRECTION ( 'NONE',  ( 0.000000000000000000, -1.000000000000000000, -4.404571325722350719E-15 ) ) ;
#3073 = CARTESIAN_POINT ( 'NONE',  ( 0.02206024692691979650, 0.04904929551650535902, 0.0001520421254846320903 ) ) ;
#3074 = CARTESIAN_POINT ( 'NONE',  ( 0.02227786867623106695, -0.03920700253449869305, -0.07874015748031497341 ) ) ;
#3075 = MECHANICAL_DESIGN_GEOMETRIC_PRESENTATION_REPRESENTATION (  '', ( #4770 ), #2760 ) ;
#3076 =( GEOMETRIC_REPRESENTATION_CONTEXT ( 3 ) GLOBAL_UNCERTAINTY_ASSIGNED_CONTEXT ( ( #1939 ) ) GLOBAL_UNIT_ASSIGNED_CONTEXT ( ( #2731, #1324, #1794 ) ) REPRESENTATION_CONTEXT ( 'NONE', 'WORKASPACE' ) );
#3077 = DIRECTION ( 'NONE',  ( 0.000000000000000000, 0.000000000000000000, 1.000000000000000000 ) ) ;
#3078 = EDGE_CURVE ( 'NONE', #1790, #1216, #2128, .T. ) ;
#3079 = DIRECTION ( 'NONE',  ( -0.000000000000000000, -1.000000000000000000, -0.000000000000000000 ) ) ;
#3080 = FILL_AREA_STYLE_COLOUR ( '', #602 ) ;
#3081 = DIRECTION ( 'NONE',  ( 0.5773502691896326144, -0.5773502691896239547, -0.5773502691896207351 ) ) ;
#3082 = CARTESIAN_POINT ( 'NONE',  ( 0.02244094488188980163, 0.03976377952755905110, 0.000000000000000000 ) ) ;
#3083 = CARTESIAN_POINT ( 'NONE',  ( 0.02204724409448819214, -0.03976377952755905804, -0.08228346456692912925 ) ) ;
#3084 = VERTEX_POINT ( 'NONE', #1637 ) ;
#3085 = DIMENSIONAL_EXPONENTS ( 1.000000000000000000, 0.000000000000000000, 0.000000000000000000, 0.000000000000000000, 0.000000000000000000, 0.000000000000000000, 0.000000000000000000 ) ;
#3086 = CARTESIAN_POINT ( 'NONE',  ( 0.02227454735007465200, -0.04884935049968094911, 0.0001663975318151069934 ) ) ;
#3087 = EDGE_LOOP ( 'NONE', ( #5068, #4125, #2186, #5128, #3677, #854 ) ) ;
#3088 = CARTESIAN_POINT ( 'NONE',  ( 0.1190944881889763746, 0.07303149606299212671, 0.005905511811023621965 ) ) ;
#3089 =( BOUNDED_CURVE ( )  B_SPLINE_CURVE ( 3, ( #2424, #4812, #4749, #416 ),
 .UNSPECIFIED., .F., .F. ) 
 B_SPLINE_CURVE_WITH_KNOTS ( ( 4, 4 ),
 ( 1.570796326794898778, 3.141592653589793116 ),
 .UNSPECIFIED. ) 
 CURVE ( )  GEOMETRIC_REPRESENTATION_ITEM ( )  RATIONAL_B_SPLINE_CURVE ( ( 1.000000000000000000, 0.8047378541243654926, 0.8047378541243654926, 1.000000000000000000 ) ) 
 REPRESENTATION_ITEM ( '' )  );
#3090 =( CONVERSION_BASED_UNIT ( 'INCH', #4118 ) LENGTH_UNIT ( ) NAMED_UNIT ( #3800 ) );
#3091 = ORIENTED_EDGE ( 'NONE', *, *, #333, .F. ) ;
#3092 = SURFACE_STYLE_FILL_AREA ( #5921 ) ;
#3093 = DIRECTION ( 'NONE',  ( 1.000000000000000000, 0.000000000000000000, 0.000000000000000000 ) ) ;
#3094 = CIRCLE ( 'NONE', #4797, 0.0003937007874015758277 ) ;
#3095 =( NAMED_UNIT ( * ) PLANE_ANGLE_UNIT ( ) SI_UNIT ( $, .RADIAN. ) );
#3096 = ORIENTED_EDGE ( 'NONE', *, *, #1470, .F. ) ;
#3097 = UNCERTAINTY_MEASURE_WITH_UNIT (LENGTH_MEASURE( 1.000000000000000082E-05 ), #1322, 'distance_accuracy_value', 'NONE');
#3098 =( NAMED_UNIT ( * ) SI_UNIT ( $, .STERADIAN. ) SOLID_ANGLE_UNIT ( ) );
#3099 = DIRECTION ( 'NONE',  ( 0.000000000000000000, 1.000000000000000000, -2.710505431213765818E-15 ) ) ;
#3100 =( LENGTH_UNIT ( ) NAMED_UNIT ( * ) SI_UNIT ( $, .METRE. ) );
#3101 =( GEOMETRIC_REPRESENTATION_CONTEXT ( 3 ) GLOBAL_UNCERTAINTY_ASSIGNED_CONTEXT ( ( #1399 ) ) GLOBAL_UNIT_ASSIGNED_CONTEXT ( ( #957, #3309, #2834 ) ) REPRESENTATION_CONTEXT ( 'NONE', 'WORKASPACE' ) );
#3102 = LENGTH_MEASURE_WITH_UNIT ( LENGTH_MEASURE( 0.02539999999999999897 ), #2570 );
#3103 = FILL_AREA_STYLE_COLOUR ( '', #2481 ) ;
#3104 = CARTESIAN_POINT ( 'NONE',  ( 0.02228890275640517740, 0.03975077669512747103, -0.08271071283933993656 ) ) ;
#3105 = CARTESIAN_POINT ( 'NONE',  ( -0.1190944881889763746, 0.07499999999999999722, 0.005905511811023630639 ) ) ;
#3106 = ORIENTED_EDGE ( 'NONE', *, *, #4060, .T. ) ;
#3107 = EDGE_CURVE ( 'NONE', #1461, #1728, #3590, .T. ) ;
#3108 = AXIS2_PLACEMENT_3D ( 'NONE', #3980, #5461, #4843 ) ;
#3109 = MECHANICAL_DESIGN_GEOMETRIC_PRESENTATION_REPRESENTATION (  '', ( #3822 ), #4819 ) ;
#3110 = COLOUR_RGB ( '',0.7490196078431372584, 0.7490196078431372584, 0.7490196078431372584 ) ;
#3111 = CARTESIAN_POINT ( 'NONE',  ( -0.02244094488188972877, 0.04901574803149606752, -0.0003937007874015747977 ) ) ;
#3112 = ORIENTED_EDGE ( 'NONE', *, *, #5447, .T. ) ;
#3113 = FACE_OUTER_BOUND ( 'NONE', #2475, .T. ) ;
#3114 = PRODUCT_DEFINITION_FORMATION_WITH_SPECIFIED_SOURCE ( 'ANY', '', #1884, .NOT_KNOWN. ) ;
#3115 = AXIS2_PLACEMENT_3D ( 'NONE', #1848, #3803, #1961 ) ;
#3116 = DIRECTION ( 'NONE',  ( -0.4082482904638598531, -0.8164965809277247022, 0.4082482904638688459 ) ) ;
#3117 = ADVANCED_FACE ( 'NONE', ( #227 ), #5229, .F. ) ;
#3118 = EDGE_LOOP ( 'NONE', ( #192, #1122, #2675, #3797, #4205 ) ) ;
#3119 = DIMENSIONAL_EXPONENTS ( 1.000000000000000000, 0.000000000000000000, 0.000000000000000000, 0.000000000000000000, 0.000000000000000000, 0.000000000000000000, 0.000000000000000000 ) ;
#3120 = CARTESIAN_POINT ( 'NONE',  ( 0.02227454735007465894, 0.04884935049968096299, -0.0001663975318151101105 ) ) ;
#3121 = CARTESIAN_POINT ( 'NONE',  ( 0.04921259842519685318, 0.07303149606299212671, 0.001968503937007873988 ) ) ;
#3122 = SURFACE_SIDE_STYLE ('',( #1232 ) ) ;
#3123 = CARTESIAN_POINT ( 'NONE',  ( 0.1202310044669086392, 0.07370403831468975986, 0.004305021506856679912 ) ) ;
#3124 = ORIENTED_EDGE ( 'NONE', *, *, #5577, .T. ) ;
#3125 =( NAMED_UNIT ( * ) SI_UNIT ( $, .STERADIAN. ) SOLID_ANGLE_UNIT ( ) );
#3126 =( CONVERSION_BASED_UNIT ( 'INCH', #4025 ) LENGTH_UNIT ( ) NAMED_UNIT ( #370 ) );
#3127 = CARTESIAN_POINT ( 'NONE',  ( 0.02270446508523077389, 0.04871690901396978635, -0.0007552806004647416149 ) ) ;
#3128 = VECTOR ( 'NONE', #3179, 39.37007874015748143 ) ;
#3129 = DIRECTION ( 'NONE',  ( -1.000000000000000000, -4.749352646498039829E-16, -0.000000000000000000 ) ) ;
#3130 = CARTESIAN_POINT ( 'NONE',  ( 0.02244094488188978428, -0.03897637795275581823, -0.07834645669291337433 ) ) ;
#3131 = CARTESIAN_POINT ( 'NONE',  ( 0.01850393700787405366, 0.04901574803149607445, 0.003937007874015747977 ) ) ;
#3132 = CARTESIAN_POINT ( 'NONE',  ( 0.02221271762298276248, 0.04016066521993189031, 0.08290537967836207611 ) ) ;
#3133 = VERTEX_POINT ( 'NONE', #4775 ) ;
#3134 = STYLED_ITEM ( 'NONE', ( #3600 ), #426 ) ;
#3135 = CARTESIAN_POINT ( 'NONE',  ( 2.458663194297838622E-17, 0.04901574803149607445, 0.003937007874015747977 ) ) ;
#3136 = ORIENTED_EDGE ( 'NONE', *, *, #784, .F. ) ;
#3137 = B_SPLINE_CURVE_WITH_KNOTS ( 'NONE', 3,
 ( #1658, #3614, #5548, #720, #3643, #5575, #3159, #4702, #4289 ),
 .UNSPECIFIED., .F., .F.,
 ( 4, 1, 2, 2, 4 ),
 ( 0.000000000000000000, 0.2499999999999974465, 0.3749999999999965028, 0.4999999999999958922, 1.000000000000000000 ),
 .UNSPECIFIED. ) ;
#3138 = ORIENTED_EDGE ( 'NONE', *, *, #6091, .T. ) ;
#3139 =( LENGTH_UNIT ( ) NAMED_UNIT ( * ) SI_UNIT ( $, .METRE. ) );
#3140 = VERTEX_POINT ( 'NONE', #917 ) ;
#3141 = CARTESIAN_POINT ( 'NONE',  ( -0.1202310044669087225, -0.07416801234092444683, 0.1240105320259638488 ) ) ;
#3142 = FILL_AREA_STYLE_COLOUR ( '', #3432 ) ;
#3143 = PRESENTATION_STYLE_ASSIGNMENT (( #5501 ) ) ;
#3144 =( GEOMETRIC_REPRESENTATION_CONTEXT ( 3 ) GLOBAL_UNCERTAINTY_ASSIGNED_CONTEXT ( ( #4917 ) ) GLOBAL_UNIT_ASSIGNED_CONTEXT ( ( #1082, #513, #5850 ) ) REPRESENTATION_CONTEXT ( 'NONE', 'WORKASPACE' ) );
#3145 = LINE ( 'NONE', #3633, #5375 ) ;
#3146 = ORIENTED_EDGE ( 'NONE', *, *, #610, .T. ) ;
#3147 = UNCERTAINTY_MEASURE_WITH_UNIT (LENGTH_MEASURE( 1.000000000000000082E-05 ), #795, 'distance_accuracy_value', 'NONE');
#3148 = DIRECTION ( 'NONE',  ( 1.000000000000000000, -0.000000000000000000, -0.000000000000000000 ) ) ;
#3149 = EDGE_CURVE ( 'NONE', #4918, #90, #3692, .T. ) ;
#3150 = FACE_OUTER_BOUND ( 'NONE', #2133, .T. ) ;
#3151 = LENGTH_MEASURE_WITH_UNIT ( LENGTH_MEASURE( 0.02539999999999999897 ), #3243 );
#3152 = PRODUCT_CONTEXT ( 'NONE', #1657, 'mechanical' ) ;
#3153 = MECHANICAL_DESIGN_GEOMETRIC_PRESENTATION_REPRESENTATION (  '', ( #6197 ), #5910 ) ;
#3154 = LENGTH_MEASURE_WITH_UNIT ( LENGTH_MEASURE( 0.02539999999999999897 ), #2815 );
#3155 = LINE ( 'NONE', #5087, #98 ) ;
#3156 = STYLED_ITEM ( 'NONE', ( #4690 ), #5468 ) ;
#3157 = FILL_AREA_STYLE ('',( #3641 ) ) ;
#3158 = CARTESIAN_POINT ( 'NONE',  ( -0.05118110236220473064, 0.07303149606299212671, 0.001968503937007872687 ) ) ;
#3159 = CARTESIAN_POINT ( 'NONE',  ( -0.04942235647670119997, -0.07500000000000001110, 0.003751088800802113501 ) ) ;
#3160 = STYLED_ITEM ( 'NONE', ( #5826 ), #4069 ) ;
#3161 = VERTEX_POINT ( 'NONE', #6146 ) ;
#3162 = DIRECTION ( 'NONE',  ( 0.000000000000000000, 0.000000000000000000, 1.000000000000000000 ) ) ;
#3163 = CIRCLE ( 'NONE', #2766, 0.0003937007874015758277 ) ;
#3164 = ADVANCED_FACE ( 'NONE', ( #1784 ), #6217, .T. ) ;
#3165 = CARTESIAN_POINT ( 'NONE',  ( 0.1202310044669086947, 0.07416801234092443296, 0.004768995533091288826 ) ) ;
#3166 = VERTEX_POINT ( 'NONE', #3806 ) ;
#3167 = ORIENTED_EDGE ( 'NONE', *, *, #963, .T. ) ;
#3168 = CARTESIAN_POINT ( 'NONE',  ( 0.05017150709587034352, 0.07500000000000001110, 0.004809848079125161532 ) ) ;
#3169 = DIRECTION ( 'NONE',  ( 0.000000000000000000, 1.000000000000000000, 0.000000000000000000 ) ) ;
#3170 =( NAMED_UNIT ( * ) SI_UNIT ( $, .STERADIAN. ) SOLID_ANGLE_UNIT ( ) );
#3171 = ORIENTED_EDGE ( 'NONE', *, *, #2775, .F. ) ;
#3172 = CARTESIAN_POINT ( 'NONE',  ( 0.1190944881889763746, 0.07303149606299212671, 0.1228740157480315009 ) ) ;
#3173 = AXIS2_PLACEMENT_3D ( 'NONE', #1383, #4806, #5298 ) ;
#3174 = CARTESIAN_POINT ( 'NONE',  ( 0.02204724409448819214, 0.03976377952755905804, -0.08267716535433072833 ) ) ;
#3175 = DIRECTION ( 'NONE',  ( -0.000000000000000000, -1.000000000000000000, -0.000000000000000000 ) ) ;
#3176 = EDGE_CURVE ( 'NONE', #2903, #2825, #3294, .T. ) ;
#3177 = AXIS2_PLACEMENT_3D ( 'NONE', #1237, #2808, #766 ) ;
#3178 =( NAMED_UNIT ( * ) SI_UNIT ( $, .STERADIAN. ) SOLID_ANGLE_UNIT ( ) );
#3179 = DIRECTION ( 'NONE',  ( -1.000000000000000000, -0.000000000000000000, 0.000000000000000000 ) ) ;
#3180 = DIRECTION ( 'NONE',  ( 0.000000000000000000, 0.000000000000000000, -1.000000000000000000 ) ) ;
#3181 = LENGTH_MEASURE_WITH_UNIT ( LENGTH_MEASURE( 0.02539999999999999897 ), #403 );
#3182 = ORIENTED_EDGE ( 'NONE', *, *, #864, .T. ) ;
#3183 = AXIS2_PLACEMENT_3D ( 'NONE', #2160, #703, #314 ) ;
#3184 = PRODUCT_DEFINITION ( 'UNKNOWN', '', #2612, #5048 ) ;
#3185 = AXIS2_PLACEMENT_3D ( 'NONE', #196, #3676, #5608 ) ;
#3186 =( GEOMETRIC_REPRESENTATION_CONTEXT ( 3 ) GLOBAL_UNCERTAINTY_ASSIGNED_CONTEXT ( ( #6245 ) ) GLOBAL_UNIT_ASSIGNED_CONTEXT ( ( #2385, #5301, #4299 ) ) REPRESENTATION_CONTEXT ( 'NONE', 'WORKASPACE' ) );
#3187 = CARTESIAN_POINT ( 'NONE',  ( -0.02244094488188972530, -0.04901574803149607445, 0.000000000000000000 ) ) ;
#3188 = VERTEX_POINT ( 'NONE', #1346 ) ;
#3189 = CARTESIAN_POINT ( 'NONE',  ( -0.05118110236220473064, 0.07499999999999999722, 0.005905511811023621965 ) ) ;
#3190 = CARTESIAN_POINT ( 'NONE',  ( -0.1190944881889763746, 0.07303149606299212671, 0.1248425196850393853 ) ) ;
#3191 = ADVANCED_FACE ( 'NONE', ( #5938 ), #2092, .T. ) ;
#3192 = ORIENTED_EDGE ( 'NONE', *, *, #967, .T. ) ;
#3193 = B_SPLINE_CURVE_WITH_KNOTS ( 'NONE', 3,
 ( #3266, #3810, #5157, #3741 ),
 .UNSPECIFIED., .F., .F.,
 ( 4, 4 ),
 ( 0.000000000000000000, 1.000000000000000000 ),
 .UNSPECIFIED. ) ;
#3194 = CARTESIAN_POINT ( 'NONE',  ( 0.05087296982657352196, 0.07499999999999998335, 0.005597379275392467060 ) ) ;
#3195 = CARTESIAN_POINT ( 'NONE',  ( 0.01381288060555539536, 0.03897637795275602640, 0.07913385826771651699 ) ) ;
#3196 = MECHANICAL_DESIGN_GEOMETRIC_PRESENTATION_REPRESENTATION (  '', ( #4429 ), #3708 ) ;
#3197 = ADVANCED_FACE ( 'NONE', ( #1552 ), #4330, .T. ) ;
#3198 = CARTESIAN_POINT ( 'NONE',  ( 0.1202310044669086947, 0.07416801234092443296, 0.004768995533091322653 ) ) ;
#3199 = VERTEX_POINT ( 'NONE', #5605 ) ;
#3200 = CIRCLE ( 'NONE', #3715, 0.0003937007874015769119 ) ;
#3201 = PRESENTATION_STYLE_ASSIGNMENT (( #5567 ) ) ;
#3202 = FACE_OUTER_BOUND ( 'NONE', #3029, .T. ) ;
#3203 = CARTESIAN_POINT ( 'NONE',  ( 0.1202310044669087225, -0.07416801234092446071, 0.1240105320259637933 ) ) ;
#3204 = DIRECTION ( 'NONE',  ( 1.000000000000000000, 0.000000000000000000, 0.000000000000000000 ) ) ;
#3205 = STYLED_ITEM ( 'NONE', ( #5644 ), #1180 ) ;
#3206 =( NAMED_UNIT ( * ) PLANE_ANGLE_UNIT ( ) SI_UNIT ( $, .RADIAN. ) );
#3207 = COLOUR_RGB ( '',0.8313725490196077761, 0.8313725490196077761, 0.8313725490196077761 ) ;
#3208 = CARTESIAN_POINT ( 'NONE',  ( 0.02204724409448819214, -0.03937007874015743120, 0.07913385826771651699 ) ) ;
#3209 = CARTESIAN_POINT ( 'NONE',  ( -0.1201913165511905579, 0.07197123939660300673, 0.1257216526120961964 ) ) ;
#3210 =( NAMED_UNIT ( * ) PLANE_ANGLE_UNIT ( ) SI_UNIT ( $, .RADIAN. ) );
#3211 = FILL_AREA_STYLE_COLOUR ( '', #353 ) ;
#3212 = VERTEX_POINT ( 'NONE', #1169 ) ;
#3213 =( NAMED_UNIT ( * ) SI_UNIT ( $, .STERADIAN. ) SOLID_ANGLE_UNIT ( ) );
#3214 = COLOUR_RGB ( '',0.2862745098039215508, 0.2862745098039215508, 0.2862745098039215508 ) ;
#3215 = CARTESIAN_POINT ( 'NONE',  ( 0.1208551716358266109, -0.07303149606299212671, 0.005025170087598516792 ) ) ;
#3216 = ORIENTED_EDGE ( 'NONE', *, *, #4417, .T. ) ;
#3217 = CARTESIAN_POINT ( 'NONE',  ( -0.02244094488188972530, -0.04901574803149607445, 0.003937007874015747977 ) ) ;
#3218 = EDGE_CURVE ( 'NONE', #6218, #5743, #460, .T. ) ;
#3219 = EDGE_CURVE ( 'NONE', #932, #2911, #2088, .T. ) ;
#3220 = CARTESIAN_POINT ( 'NONE',  ( 0.02241460551533253423, -0.04863924696456876223, 0.0002014202167422606471 ) ) ;
#3221 = DIRECTION ( 'NONE',  ( 0.000000000000000000, 0.000000000000000000, 1.000000000000000000 ) ) ;
#3222 = VERTEX_POINT ( 'NONE', #4138 ) ;
#3223 = EDGE_CURVE ( 'NONE', #5299, #4376, #3285, .T. ) ;
#3224 = CARTESIAN_POINT ( 'NONE',  ( -0.1212307295510305638, -0.07309651022515008256, 0.1240823090576162746 ) ) ;
#3225 = CARTESIAN_POINT ( 'NONE',  ( 0.02217741174367309637, 0.04852399410181019307, -3.531234674747471043E-05 ) ) ;
#3226 = DIMENSIONAL_EXPONENTS ( 1.000000000000000000, 0.000000000000000000, 0.000000000000000000, 0.000000000000000000, 0.000000000000000000, 0.000000000000000000, 0.000000000000000000 ) ;
#3227 =( LENGTH_UNIT ( ) NAMED_UNIT ( * ) SI_UNIT ( $, .METRE. ) );
#3228 = CARTESIAN_POINT ( 'NONE',  ( -0.1172865891236606617, 0.07631760101670491403, 0.1233483245974078130 ) ) ;
#3229 = SURFACE_STYLE_FILL_AREA ( #1290 ) ;
#3230 = CARTESIAN_POINT ( 'NONE',  ( 0.1190944881889763746, -0.07479217950984234919, 0.1237543574714566191 ) ) ;
#3231 = DIMENSIONAL_EXPONENTS ( 1.000000000000000000, 0.000000000000000000, 0.000000000000000000, 0.000000000000000000, 0.000000000000000000, 0.000000000000000000, 0.000000000000000000 ) ;
#3232 = VECTOR ( 'NONE', #2597, 39.37007874015748143 ) ;
#3233 =( CONVERSION_BASED_UNIT ( 'INCH', #4220 ) LENGTH_UNIT ( ) NAMED_UNIT ( #2264 ) );
#3234 = EDGE_LOOP ( 'NONE', ( #4475, #3347, #2558, #2966, #3445 ) ) ;
#3235 =( BOUNDED_SURFACE ( )  B_SPLINE_SURFACE ( 3, 3, ( 
 ( #3349, #5269, #930, #2909 ),
 ( #4784, #6263, #3855, #3253 ),
 ( #5767, #943, #3209, #4664 ),
 ( #1339, #1276, #3289, #5184 ) ),
 .UNSPECIFIED., .F., .F., .F. ) 
 B_SPLINE_SURFACE_WITH_KNOTS ( ( 4, 4 ),
 ( 4, 4 ),
 ( 0.000000000000000000, 1.000000000000000000 ),
 ( 0.000000000000000000, 1.000000000000000000 ),
 .UNSPECIFIED. ) 
 GEOMETRIC_REPRESENTATION_ITEM ( )  RATIONAL_B_SPLINE_SURFACE ( (
 ( 1.000000000000000000, 0.3333333333333315940, 0.3333333333333315940, 1.000000000000000000),
 ( 0.9245018060306359198, 0.3081672686768770486, 0.3081672686768770486, 0.9245018060306359198),
 ( 0.9245018060306359198, 0.3081672686768770486, 0.3081672686768770486, 0.9245018060306359198),
 ( 1.000000000000000000, 0.3333333333333315940, 0.3333333333333315940, 1.000000000000000000) ) ) 
 REPRESENTATION_ITEM ( '' )  SURFACE ( )  );
#3236 = SURFACE_STYLE_USAGE ( .BOTH. , #5618 ) ;
#3237 = ADVANCED_FACE ( 'NONE', ( #1215 ), #4539, .T. ) ;
#3238 = DIRECTION ( 'NONE',  ( 0.000000000000000000, -5.204170427930408030E-14, 1.000000000000000000 ) ) ;
#3239 = CIRCLE ( 'NONE', #1712, 0.001968503937007870519 ) ;
#3240 = LENGTH_MEASURE_WITH_UNIT ( LENGTH_MEASURE( 0.02539999999999999897 ), #4049 );
#3241 = FACE_OUTER_BOUND ( 'NONE', #4875, .T. ) ;
#3242 =( GEOMETRIC_REPRESENTATION_CONTEXT ( 3 ) GLOBAL_UNCERTAINTY_ASSIGNED_CONTEXT ( ( #2814 ) ) GLOBAL_UNIT_ASSIGNED_CONTEXT ( ( #3863, #5797, #4794 ) ) REPRESENTATION_CONTEXT ( 'NONE', 'WORKASPACE' ) );
#3243 =( LENGTH_UNIT ( ) NAMED_UNIT ( * ) SI_UNIT ( $, .METRE. ) );
#3244 = UNCERTAINTY_MEASURE_WITH_UNIT (LENGTH_MEASURE( 1.000000000000000082E-05 ), #6053, 'distance_accuracy_value', 'NONE');
#3245 = APPLICATION_PROTOCOL_DEFINITION ( 'draft international standard', 'automotive_design', 1998, #5453 ) ;
#3246 = PRESENTATION_LAYER_ASSIGNMENT (  '', '', ( #2230 ) ) ;
#3247 = UNCERTAINTY_MEASURE_WITH_UNIT (LENGTH_MEASURE( 1.000000000000000082E-05 ), #3616, 'distance_accuracy_value', 'NONE');
#3248 = MECHANICAL_DESIGN_GEOMETRIC_PRESENTATION_REPRESENTATION (  '', ( #4365 ), #6085 ) ;
#3249 = UNCERTAINTY_MEASURE_WITH_UNIT (LENGTH_MEASURE( 1.000000000000000082E-05 ), #5530, 'distance_accuracy_value', 'NONE');
#3250 = CARTESIAN_POINT ( 'NONE',  ( -0.02244094488188972877, 0.02450787401574803723, -0.0003937007874015747977 ) ) ;
#3251 =( CONVERSION_BASED_UNIT ( 'INCH', #5322 ) LENGTH_UNIT ( ) NAMED_UNIT ( #3568 ) );
#3252 = SURFACE_SIDE_STYLE ('',( #4732 ) ) ;
#3253 = CARTESIAN_POINT ( 'NONE',  ( -0.1197670304406740077, 0.07416801234092450235, 0.1244745060521985358 ) ) ;
#3254 = STYLED_ITEM ( 'NONE', ( #3939 ), #5264 ) ;
#3255 = CARTESIAN_POINT ( 'NONE',  ( 0.02244094488188980163, 0.03973653512327543491, 0.07863616828879814447 ) ) ;
#3256 = EDGE_LOOP ( 'NONE', ( #4885, #4988, #749, #669 ) ) ;
#3257 =( BOUNDED_SURFACE ( )  B_SPLINE_SURFACE ( 3, 3, ( 
 ( #755, #3344, #3306, #5674 ),
 ( #3707, #1759, #4809, #1317 ),
 ( #1889, #350, #2865, #3220 ),
 ( #4778, #2350, #2281, #412 ) ),
 .UNSPECIFIED., .F., .F., .F. ) 
 B_SPLINE_SURFACE_WITH_KNOTS ( ( 4, 4 ),
 ( 4, 4 ),
 ( 0.000000000000000000, 1.000000000000000000 ),
 ( 0.000000000000000000, 1.000000000000000000 ),
 .UNSPECIFIED. ) 
 GEOMETRIC_REPRESENTATION_ITEM ( )  RATIONAL_B_SPLINE_SURFACE ( (
 ( 1.000000000000000000, 0.3333333333333396431, 0.3333333333333396431, 1.000000000000000000),
 ( 0.9245018060306415819, 0.3081672686768863745, 0.3081672686768863745, 0.9245018060306415819),
 ( 0.9245018060306415819, 0.3081672686768863745, 0.3081672686768863745, 0.9245018060306415819),
 ( 1.000000000000000000, 0.3333333333333396431, 0.3333333333333396431, 1.000000000000000000) ) ) 
 REPRESENTATION_ITEM ( '' )  SURFACE ( )  );
#3258 = EDGE_CURVE ( 'NONE', #6289, #5689, #3137, .T. ) ;
#3259 = FILL_AREA_STYLE_COLOUR ( '', #193 ) ;
#3260 = PRESENTATION_LAYER_ASSIGNMENT (  '', '', ( #327 ) ) ;
#3261 = AXIS2_PLACEMENT_3D ( 'NONE', #2299, #5145, #6103 ) ;
#3262 = ORIENTED_EDGE ( 'NONE', *, *, #1606, .T. ) ;
#3263 = CARTESIAN_POINT ( 'NONE',  ( 0.02204724409448819214, -0.02450787401574803723, 0.08267716535433070058 ) ) ;
#3264 =( GEOMETRIC_REPRESENTATION_CONTEXT ( 3 ) GLOBAL_UNCERTAINTY_ASSIGNED_CONTEXT ( ( #2647 ) ) GLOBAL_UNIT_ASSIGNED_CONTEXT ( ( #4804, #6214, #2756 ) ) REPRESENTATION_CONTEXT ( 'NONE', 'WORKASPACE' ) );
#3265 = FILL_AREA_STYLE_COLOUR ( '', #3518 ) ;
#3266 = CARTESIAN_POINT ( 'NONE',  ( -0.04921259842519686012, -0.07499999999999999722, 0.002495962977226613873 ) ) ;
#3267 = PRESENTATION_LAYER_ASSIGNMENT (  '', '', ( #2159 ) ) ;
#3268 = ORIENTED_EDGE ( 'NONE', *, *, #3639, .F. ) ;
#3269 = FACE_OUTER_BOUND ( 'NONE', #279, .T. ) ;
#3270 = CARTESIAN_POINT ( 'NONE',  ( 0.04921259842519686012, 0.07499999999999999722, 0.002495962977226618643 ) ) ;
#3271 = SURFACE_SIDE_STYLE ('',( #5161 ) ) ;
#3272 = CIRCLE ( 'NONE', #1054, 0.0003937007874015758277 ) ;
#3273 = FILL_AREA_STYLE_COLOUR ( '', #673 ) ;
#3274 = DIRECTION ( 'NONE',  ( 0.000000000000000000, 0.000000000000000000, -1.000000000000000000 ) ) ;
#3275 =( LENGTH_UNIT ( ) NAMED_UNIT ( * ) SI_UNIT ( $, .METRE. ) );
#3276 = CARTESIAN_POINT ( 'NONE',  ( 0.04921259842519685318, -0.07467447079427641521, 0.003121626845722256724 ) ) ;
#3277 = CARTESIAN_POINT ( 'NONE',  ( 0.1223805931426890786, 0.07350580491236845260, 0.007713410876339273255 ) ) ;
#3278 = VERTEX_POINT ( 'NONE', #374 ) ;
#3279 = FACE_OUTER_BOUND ( 'NONE', #2094, .T. ) ;
#3280 = DIRECTION ( 'NONE',  ( 0.000000000000000000, -1.000000000000000000, 0.000000000000000000 ) ) ;
#3281 = PRESENTATION_LAYER_ASSIGNMENT (  '', '', ( #4407 ) ) ;
#3282 = CARTESIAN_POINT ( 'NONE',  ( 0.02204724409448819214, -0.02450787401574803723, 0.08228346456692912925 ) ) ;
#3283 =( CONVERSION_BASED_UNIT ( 'INCH', #2261 ) LENGTH_UNIT ( ) NAMED_UNIT ( #6155 ) );
#3284 = SURFACE_SIDE_STYLE ('',( #6131 ) ) ;
#3285 =( BOUNDED_CURVE ( )  B_SPLINE_CURVE ( 3, ( #3105, #4605, #748, #1194 ),
 .UNSPECIFIED., .F., .T. ) 
 B_SPLINE_CURVE_WITH_KNOTS ( ( 4, 4 ),
 ( 1.570796326794894560, 3.141592653589793116 ),
 .UNSPECIFIED. ) 
 CURVE ( )  GEOMETRIC_REPRESENTATION_ITEM ( )  RATIONAL_B_SPLINE_CURVE ( ( 1.000000000000000000, 0.8047378541243644934, 0.8047378541243644934, 1.000000000000000000 ) ) 
 REPRESENTATION_ITEM ( '' )  );
#3286 = DIMENSIONAL_EXPONENTS ( 1.000000000000000000, 0.000000000000000000, 0.000000000000000000, 0.000000000000000000, 0.000000000000000000, 0.000000000000000000, 0.000000000000000000 ) ;
#3287 = CARTESIAN_POINT ( 'NONE',  ( 2.458663194297838622E-17, -0.04901574803149607445, 0.003937007874015747977 ) ) ;
#3288 = LENGTH_MEASURE_WITH_UNIT ( LENGTH_MEASURE( 0.02539999999999999897 ), #5803 );
#3289 = CARTESIAN_POINT ( 'NONE',  ( -0.1199218558314488758, 0.07104706760112834696, 0.1259835913051961798 ) ) ;
#3290 = CARTESIAN_POINT ( 'NONE',  ( 0.1190944881889763746, 0.07303149606299212671, 0.005905511811023621965 ) ) ;
#3291 = DIRECTION ( 'NONE',  ( 0.000000000000000000, -1.000000000000000000, -0.000000000000000000 ) ) ;
#3292 = EDGE_CURVE ( 'NONE', #256, #2100, #4766, .T. ) ;
#3293 = ORIENTED_EDGE ( 'NONE', *, *, #4530, .T. ) ;
#3294 = CIRCLE ( 'NONE', #58, 0.001968503937007873988 ) ;
#3295 = EDGE_CURVE ( 'NONE', #483, #4787, #2339, .T. ) ;
#3296 =( CONVERSION_BASED_UNIT ( 'INCH', #1883 ) LENGTH_UNIT ( ) NAMED_UNIT ( #5131 ) );
#3297 = MECHANICAL_DESIGN_GEOMETRIC_PRESENTATION_REPRESENTATION (  '', ( #1072 ), #569 ) ;
#3298 = DIMENSIONAL_EXPONENTS ( 1.000000000000000000, 0.000000000000000000, 0.000000000000000000, 0.000000000000000000, 0.000000000000000000, 0.000000000000000000, 0.000000000000000000 ) ;
#3299 = FILL_AREA_STYLE_COLOUR ( '', #5546 ) ;
#3300 = CARTESIAN_POINT ( 'NONE',  ( 0.01850393700787405712, -0.03937007874015736875, 0.08267716535433072833 ) ) ;
#3301 = STYLED_ITEM ( 'NONE', ( #4492 ), #3699 ) ;
#3302 = EDGE_CURVE ( 'NONE', #2948, #1632, #5442, .T. ) ;
#3303 =( NAMED_UNIT ( * ) SI_UNIT ( $, .STERADIAN. ) SOLID_ANGLE_UNIT ( ) );
#3304 = ORIENTED_EDGE ( 'NONE', *, *, #5678, .T. ) ;
#3305 = CARTESIAN_POINT ( 'NONE',  ( 0.1190944881889763746, 0.07303149606299212671, 0.1228740157480315009 ) ) ;
#3306 = CARTESIAN_POINT ( 'NONE',  ( 0.02227454735007465894, -0.04884935049968095605, 0.0001663975318151127397 ) ) ;
#3307 = FILL_AREA_STYLE_COLOUR ( '', #3942 ) ;
#3308 = ORIENTED_EDGE ( 'NONE', *, *, #1112, .T. ) ;
#3309 =( NAMED_UNIT ( * ) PLANE_ANGLE_UNIT ( ) SI_UNIT ( $, .RADIAN. ) );
#3310 = DIRECTION ( 'NONE',  ( 1.000000000000000000, 4.749352646498039829E-16, -0.000000000000000000 ) ) ;
#3311 = CARTESIAN_POINT ( 'NONE',  ( 0.02168566428142509189, -0.03910655853681652833, -0.08237832633680440553 ) ) ;
#3312 = SURFACE_STYLE_USAGE ( .BOTH. , #2392 ) ;
#3313 = CARTESIAN_POINT ( 'NONE',  ( -0.04921259842519684624, -0.07499999999999999722, 0.001968503937007873988 ) ) ;
#3314 = AXIS2_PLACEMENT_3D ( 'NONE', #2594, #598, #4490 ) ;
#3315 = EDGE_CURVE ( 'NONE', #3022, #5371, #53, .T. ) ;
#3316 = ORIENTED_EDGE ( 'NONE', *, *, #5626, .F. ) ;
#3317 = CIRCLE ( 'NONE', #2803, 0.001968503937007869652 ) ;
#3318 = DIRECTION ( 'NONE',  ( 0.5773502691896305050, -0.5773502691896088557, 0.5773502691896378325 ) ) ;
#3319 = STYLED_ITEM ( 'NONE', ( #2538 ), #2171 ) ;
#3320 = CARTESIAN_POINT ( 'NONE',  ( -0.1190944881889763746, 0.07303149606299212671, 0.1228740157480315009 ) ) ;
#3321 = DIMENSIONAL_EXPONENTS ( 1.000000000000000000, 0.000000000000000000, 0.000000000000000000, 0.000000000000000000, 0.000000000000000000, 0.000000000000000000, 0.000000000000000000 ) ;
#3322 = PLANE ( 'NONE',  #2593 ) ;
#3323 = CARTESIAN_POINT ( 'NONE',  ( 0.1197670304406740355, -0.07463198636715911993, 0.004768995533091294030 ) ) ;
#3324 = SURFACE_STYLE_USAGE ( .BOTH. , #1402 ) ;
#3325 = STYLED_ITEM ( 'NONE', ( #5813 ), #2305 ) ;
#3326 = DIRECTION ( 'NONE',  ( -1.000000000000000000, 0.000000000000000000, 0.000000000000000000 ) ) ;
#3327 =( NAMED_UNIT ( * ) SI_UNIT ( $, .STERADIAN. ) SOLID_ANGLE_UNIT ( ) );
#3328 = SURFACE_STYLE_USAGE ( .BOTH. , #875 ) ;
#3329 = CARTESIAN_POINT ( 'NONE',  ( 0.02218175254482774097, 0.03953647627197259817, 0.08260356262776254177 ) ) ;
#3330 = CARTESIAN_POINT ( 'NONE',  ( -0.06053149606299212948, -0.07303149606299212671, 0.001968503937007873988 ) ) ;
#3332 = LENGTH_MEASURE_WITH_UNIT ( LENGTH_MEASURE( 0.02539999999999999897 ), #4902 );
#3331 = CARTESIAN_POINT ( 'NONE',  ( 0.02204724409448819214, -0.03976377952755905804, -0.08228346456692912925 ) ) ;
#3333 = CARTESIAN_POINT ( 'NONE',  ( 0.02204724409448819214, 0.04862204724409449619, 0.000000000000000000 ) ) ;
#3334 = CARTESIAN_POINT ( 'NONE',  ( -0.1190944881889763746, -0.07303149606299212671, 0.1228740157480315009 ) ) ;
#3335 = COLOUR_RGB ( '',0.8313725490196077761, 0.8313725490196077761, 0.8313725490196077761 ) ;
#3336 = PRESENTATION_LAYER_ASSIGNMENT (  '', '', ( #1787 ) ) ;
#3337 = PLANE ( 'NONE',  #5755 ) ;
#3338 = CARTESIAN_POINT ( 'NONE',  ( -0.05118110236220473064, -0.07303149606299212671, 0.003937007874015747977 ) ) ;
#3339 = CARTESIAN_POINT ( 'NONE',  ( 0.02206444381496247900, 0.03957149895689974356, -0.08265082598777349909 ) ) ;
#3340 = DIMENSIONAL_EXPONENTS ( 1.000000000000000000, 0.000000000000000000, 0.000000000000000000, 0.000000000000000000, 0.000000000000000000, 0.000000000000000000, 0.000000000000000000 ) ;
#3341 = EDGE_CURVE ( 'NONE', #4787, #4235, #6020, .T. ) ;
#3342 = ORIENTED_EDGE ( 'NONE', *, *, #2888, .F. ) ;
#3343 = PRESENTATION_STYLE_ASSIGNMENT (( #1385 ) ) ;
#3344 = CARTESIAN_POINT ( 'NONE',  ( 0.02227454735007465894, -0.04884935049968095605, 0.0001663975318151039305 ) ) ;
#3345 = EDGE_CURVE ( 'NONE', #352, #5368, #3094, .T. ) ;
#3346 =( LENGTH_UNIT ( ) NAMED_UNIT ( * ) SI_UNIT ( $, .METRE. ) );
#3347 = ORIENTED_EDGE ( 'NONE', *, *, #6113, .T. ) ;
#3348 = FILL_AREA_STYLE ('',( #1499 ) ) ;
#3349 = CARTESIAN_POINT ( 'NONE',  ( -0.1202310044669086947, 0.07416801234092447459, 0.1240105320259638488 ) ) ;
#3350 = CARTESIAN_POINT ( 'NONE',  ( 0.02204724409448819214, -0.02450787401574799559, 0.07834645669291338821 ) ) ;
#3351 = CARTESIAN_POINT ( 'NONE',  ( 0.04921259842519686012, -0.07696832908310610732, 0.005942616686744665866 ) ) ;
#3352 = ORIENTED_EDGE ( 'NONE', *, *, #3426, .T. ) ;
#3353 = CARTESIAN_POINT ( 'NONE',  ( 0.02204724409448819214, -0.04862204724409449619, -0.0003937007874015748519 ) ) ;
#3354 = CARTESIAN_POINT ( 'NONE',  ( 0.02221243956336398095, -0.04843708101260021243, 0.0002029116871948729553 ) ) ;
#3355 = CARTESIAN_POINT ( 'NONE',  ( -0.02244094488188972530, -0.04901574803149607445, -0.08267716535433072833 ) ) ;
#3356 =( NAMED_UNIT ( * ) PLANE_ANGLE_UNIT ( ) SI_UNIT ( $, .RADIAN. ) );
#3357 = EDGE_CURVE ( 'NONE', #5059, #3166, #4586, .T. ) ;
#3358 = CARTESIAN_POINT ( 'NONE',  ( 0.1190944881889763746, -0.07303149606299212671, 0.003937007874015747977 ) ) ;
#3359 =( GEOMETRIC_REPRESENTATION_CONTEXT ( 3 ) GLOBAL_UNCERTAINTY_ASSIGNED_CONTEXT ( ( #3249 ) ) GLOBAL_UNIT_ASSIGNED_CONTEXT ( ( #5530, #592, #4540 ) ) REPRESENTATION_CONTEXT ( 'NONE', 'WORKASPACE' ) );
#3360 = CARTESIAN_POINT ( 'NONE',  ( 0.02204724409448819214, -0.03897637795275583905, 0.07874015748031494566 ) ) ;
#3361 = CARTESIAN_POINT ( 'NONE',  ( 0.02227454735007466935, 0.03953647627197260511, 0.08251076782251560993 ) ) ;
#3363 =( LENGTH_UNIT ( ) NAMED_UNIT ( * ) SI_UNIT ( $, .METRE. ) );
#3362 = FACE_OUTER_BOUND ( 'NONE', #1913, .T. ) ;
#3364 =( LENGTH_UNIT ( ) NAMED_UNIT ( * ) SI_UNIT ( $, .METRE. ) );
#3365 = AXIS2_PLACEMENT_3D ( 'NONE', #257, #2582, #229 ) ;
#3366 = DIMENSIONAL_EXPONENTS ( 1.000000000000000000, 0.000000000000000000, 0.000000000000000000, 0.000000000000000000, 0.000000000000000000, 0.000000000000000000, 0.000000000000000000 ) ;
#3367 = DIRECTION ( 'NONE',  ( 1.000000000000000000, 4.749352646498039829E-16, -0.000000000000000000 ) ) ;
#3368 = COLOUR_RGB ( '',0.2862745098039215508, 0.2862745098039215508, 0.2862745098039215508 ) ;
#3369 = PRESENTATION_STYLE_ASSIGNMENT (( #1886 ) ) ;
#3370 = CIRCLE ( 'NONE', #4973, 0.001968503937007873988 ) ;
#3371 = CARTESIAN_POINT ( 'NONE',  ( 0.02204724409448819214, 0.03976377952755905804, 0.04133858267716536417 ) ) ;
#3372 = ORIENTED_EDGE ( 'NONE', *, *, #2137, .T. ) ;
#3373 = CARTESIAN_POINT ( 'NONE',  ( 0.1208551716358266109, 0.07391183778641725877, 0.1228740157480315009 ) ) ;
#3374 = PRESENTATION_STYLE_ASSIGNMENT (( #1421 ) ) ;
#3375 = VECTOR ( 'NONE', #4167, 39.37007874015748143 ) ;
#3376 = ORIENTED_EDGE ( 'NONE', *, *, #3292, .F. ) ;
#3377 = SURFACE_STYLE_FILL_AREA ( #4274 ) ;
#3378 =( NAMED_UNIT ( * ) PLANE_ANGLE_UNIT ( ) SI_UNIT ( $, .RADIAN. ) );
#3379 = STYLED_ITEM ( 'NONE', ( #2927 ), #5513 ) ;
#3380 =( NAMED_UNIT ( * ) PLANE_ANGLE_UNIT ( ) SI_UNIT ( $, .RADIAN. ) );
#3381 =( NAMED_UNIT ( * ) PLANE_ANGLE_UNIT ( ) SI_UNIT ( $, .RADIAN. ) );
#3382 =( LENGTH_UNIT ( ) NAMED_UNIT ( * ) SI_UNIT ( $, .METRE. ) );
#3383 = CARTESIAN_POINT ( 'NONE',  ( 0.1206949784931433678, 0.07416801234092447459, 0.1235465579997291896 ) ) ;
#3384 = DIMENSIONAL_EXPONENTS ( 1.000000000000000000, 0.000000000000000000, 0.000000000000000000, 0.000000000000000000, 0.000000000000000000, 0.000000000000000000, 0.000000000000000000 ) ;
#3385 = VECTOR ( 'NONE', #3427, 39.37007874015748143 ) ;
#3386 = ORIENTED_EDGE ( 'NONE', *, *, #1090, .F. ) ;
#3387 = VECTOR ( 'NONE', #2387, 39.37007874015748143 ) ;
#3388 = CARTESIAN_POINT ( 'NONE',  ( 0.02226660976693103922, -0.04919157461690742972, -0.0006057521206793957131 ) ) ;
#3389 = FACE_OUTER_BOUND ( 'NONE', #5155, .T. ) ;
#3390 = UNCERTAINTY_MEASURE_WITH_UNIT (LENGTH_MEASURE( 1.000000000000000082E-05 ), #1017, 'distance_accuracy_value', 'NONE');
#3391 = FILL_AREA_STYLE ('',( #494 ) ) ;
#3392 = SURFACE_SIDE_STYLE ('',( #3457 ) ) ;
#3393 = LINE ( 'NONE', #3355, #4071 ) ;
#3394 = VERTEX_POINT ( 'NONE', #6208 ) ;
#3395 = SURFACE_STYLE_FILL_AREA ( #2477 ) ;
#3396 =( CONVERSION_BASED_UNIT ( 'INCH', #1447 ) LENGTH_UNIT ( ) NAMED_UNIT ( #940 ) );
#3397 = FACE_OUTER_BOUND ( 'NONE', #5549, .T. ) ;
#3399 =( CONVERSION_BASED_UNIT ( 'INCH', #3332 ) LENGTH_UNIT ( ) NAMED_UNIT ( #3226 ) );
#3398 = FILL_AREA_STYLE_COLOUR ( '', #5425 ) ;
#3400 = ADVANCED_FACE ( 'NONE', ( #3362 ), #1811, .F. ) ;
#3401 = SURFACE_STYLE_FILL_AREA ( #2446 ) ;
#3402 = UNCERTAINTY_MEASURE_WITH_UNIT (LENGTH_MEASURE( 1.000000000000000082E-05 ), #1200, 'distance_accuracy_value', 'NONE');
#3403 =( NAMED_UNIT ( * ) PLANE_ANGLE_UNIT ( ) SI_UNIT ( $, .RADIAN. ) );
#3404 = CARTESIAN_POINT ( 'NONE',  ( -0.1202310044669087086, -0.07416801234092446071, 0.1240105320259638350 ) ) ;
#3405 =( CONVERSION_BASED_UNIT ( 'INCH', #2436 ) LENGTH_UNIT ( ) NAMED_UNIT ( #4247 ) );
#3406 = DIRECTION ( 'NONE',  ( 0.000000000000000000, 0.000000000000000000, 1.000000000000000000 ) ) ;
#3407 = VECTOR ( 'NONE', #3291, 39.37007874015748143 ) ;
#3408 =( LENGTH_UNIT ( ) NAMED_UNIT ( * ) SI_UNIT ( $, .METRE. ) );
#3409 = VERTEX_POINT ( 'NONE', #5700 ) ;
#3410 = DIRECTION ( 'NONE',  ( 0.000000000000000000, 0.000000000000000000, 1.000000000000000000 ) ) ;
#3411 = EDGE_LOOP ( 'NONE', ( #6149, #2864, #3535, #3492 ) ) ;
#3412 = MECHANICAL_DESIGN_GEOMETRIC_PRESENTATION_REPRESENTATION (  '', ( #6126 ), #4983 ) ;
#3413 = SURFACE_STYLE_FILL_AREA ( #3814 ) ;
#3414 = DIRECTION ( 'NONE',  ( -1.000000000000000000, -4.749352646498039829E-16, 0.000000000000000000 ) ) ;
#3415 = LENGTH_MEASURE_WITH_UNIT ( LENGTH_MEASURE( 0.02539999999999999897 ), #3782 );
#3416 = ORIENTED_EDGE ( 'NONE', *, *, #5579, .F. ) ;
#3417 = CARTESIAN_POINT ( 'NONE',  ( -0.1202310044669086947, -0.07416801234092446071, 0.1240105320259638350 ) ) ;
#3418 = CARTESIAN_POINT ( 'NONE',  ( 0.1202310044669087086, 0.07416801234092446071, 0.1240105320259638350 ) ) ;
#3419 = UNCERTAINTY_MEASURE_WITH_UNIT (LENGTH_MEASURE( 1.000000000000000082E-05 ), #4688, 'distance_accuracy_value', 'NONE');
#3420 = EDGE_CURVE ( 'NONE', #4918, #1498, #2174, .T. ) ;
#3421 = VECTOR ( 'NONE', #4884, 39.37007874015748143 ) ;
#3422 = ORIENTED_EDGE ( 'NONE', *, *, #447, .T. ) ;
#3423 =( CONVERSION_BASED_UNIT ( 'INCH', #1434 ) LENGTH_UNIT ( ) NAMED_UNIT ( #2358 ) );
#3424 = EDGE_CURVE ( 'NONE', #866, #3821, #1069, .T. ) ;
#3425 = CARTESIAN_POINT ( 'NONE',  ( 0.02194919095220388555, -0.04898043568474858694, -0.0002635331382166770215 ) ) ;
#3426 = EDGE_CURVE ( 'NONE', #3161, #2590, #4901, .T. ) ;
#3427 = DIRECTION ( 'NONE',  ( 0.000000000000000000, -1.000000000000000000, -0.000000000000000000 ) ) ;
#3428 = CARTESIAN_POINT ( 'NONE',  ( 0.01850393700787405712, -0.03937007874015736875, -0.08267716535433072833 ) ) ;
#3429 = SURFACE_STYLE_FILL_AREA ( #531 ) ;
#3430 = FILL_AREA_STYLE ('',( #2811 ) ) ;
#3431 = ORIENTED_EDGE ( 'NONE', *, *, #1256, .F. ) ;
#3432 = COLOUR_RGB ( '',0.2862745098039215508, 0.2862745098039215508, 0.2862745098039215508 ) ;
#3433 =( NAMED_UNIT ( * ) SI_UNIT ( $, .STERADIAN. ) SOLID_ANGLE_UNIT ( ) );
#3434 = CARTESIAN_POINT ( 'NONE',  ( 0.01850393700787406753, 0.04901574803149607445, -0.003937007874015747977 ) ) ;
#3435 = CARTESIAN_POINT ( 'NONE',  ( 0.02218175254482774097, -0.03953647627197259817, 0.08260356262776251401 ) ) ;
#3436 = STYLED_ITEM ( 'NONE', ( #3835 ), #2164 ) ;
#3437 = CARTESIAN_POINT ( 'NONE',  ( 0.02227786867623103573, 0.03937007874015760467, -0.07913385826771653087 ) ) ;
#3438 =( NAMED_UNIT ( * ) SI_UNIT ( $, .STERADIAN. ) SOLID_ANGLE_UNIT ( ) );
#3439 =( LENGTH_UNIT ( ) NAMED_UNIT ( * ) SI_UNIT ( $, .METRE. ) );
#3440 = LENGTH_MEASURE_WITH_UNIT ( LENGTH_MEASURE( 0.02539999999999999897 ), #1995 );
#3441 = ORIENTED_EDGE ( 'NONE', *, *, #4060, .F. ) ;
#3442 = CARTESIAN_POINT ( 'NONE',  ( 0.02204724409448819214, 0.03937007874015759773, 0.07890323368597364218 ) ) ;
#3443 =( CONVERSION_BASED_UNIT ( 'INCH', #5429 ) LENGTH_UNIT ( ) NAMED_UNIT ( #4397 ) );
#3444 = DIMENSIONAL_EXPONENTS ( 1.000000000000000000, 0.000000000000000000, 0.000000000000000000, 0.000000000000000000, 0.000000000000000000, 0.000000000000000000, 0.000000000000000000 ) ;
#3445 = ORIENTED_EDGE ( 'NONE', *, *, #5060, .F. ) ;
#3446 =( GEOMETRIC_REPRESENTATION_CONTEXT ( 3 ) GLOBAL_UNCERTAINTY_ASSIGNED_CONTEXT ( ( #6165 ) ) GLOBAL_UNIT_ASSIGNED_CONTEXT ( ( #4620, #5101, #5075 ) ) REPRESENTATION_CONTEXT ( 'NONE', 'WORKASPACE' ) );
#3447 = DIRECTION ( 'NONE',  ( 0.5773502691896285066, 0.5773502691896285066, -0.5773502691896202910 ) ) ;
#3448 = AXIS2_PLACEMENT_3D ( 'NONE', #3904, #1104, #3040 ) ;
#3449 = FILL_AREA_STYLE ('',( #3920 ) ) ;
#3450 = EDGE_CURVE ( 'NONE', #2440, #1790, #2578, .T. ) ;
#3451 = VERTEX_POINT ( 'NONE', #1041 ) ;
#3452 = CARTESIAN_POINT ( 'NONE',  ( 0.05118110236220473064, -0.07501086172755389025, 0.004762357272131849222 ) ) ;
#3453 = EDGE_CURVE ( 'NONE', #5299, #2752, #1449, .T. ) ;
#3454 = ORIENTED_EDGE ( 'NONE', *, *, #4671, .F. ) ;
#3455 = CARTESIAN_POINT ( 'NONE',  ( 0.01381288060555539536, 0.03937007874015760467, -0.07913385826771651699 ) ) ;
#3456 = DIRECTION ( 'NONE',  ( 0.000000000000000000, 0.000000000000000000, 1.000000000000000000 ) ) ;
#3457 = SURFACE_STYLE_FILL_AREA ( #6231 ) ;
#3458 = DIRECTION ( 'NONE',  ( 0.000000000000000000, 1.000000000000000000, 0.000000000000000000 ) ) ;
#3459 = FACE_OUTER_BOUND ( 'NONE', #1307, .T. ) ;
#3460 = EDGE_LOOP ( 'NONE', ( #4346, #4946, #207, #4581 ) ) ;
#3461 =( GEOMETRIC_REPRESENTATION_CONTEXT ( 3 ) GLOBAL_UNCERTAINTY_ASSIGNED_CONTEXT ( ( #4259 ) ) GLOBAL_UNIT_ASSIGNED_CONTEXT ( ( #2897, #3403, #2073 ) ) REPRESENTATION_CONTEXT ( 'NONE', 'WORKASPACE' ) );
#3462 = DIRECTION ( 'NONE',  ( 0.000000000000000000, 0.000000000000000000, 1.000000000000000000 ) ) ;
#3463 = DIRECTION ( 'NONE',  ( 0.000000000000000000, -0.000000000000000000, -1.000000000000000000 ) ) ;
#3464 = CARTESIAN_POINT ( 'NONE',  ( 0.01850393700787405712, -0.03937007874015736875, -0.07913385826771651699 ) ) ;
#3465 = CARTESIAN_POINT ( 'NONE',  ( 0.02236734215532158038, -0.03953647627197259123, 0.08241797301726866420 ) ) ;
#3466 = CARTESIAN_POINT ( 'NONE',  ( 0.02204724409448819214, 0.04901574803149606752, -0.08267716535433072833 ) ) ;
#3467 = CARTESIAN_POINT ( 'NONE',  ( 0.02204724409448819214, 0.04901574803149607445, 0.000000000000000000 ) ) ;
#3468 = LENGTH_MEASURE_WITH_UNIT ( LENGTH_MEASURE( 0.02539999999999999897 ), #3046 );
#3469 =( BOUNDED_SURFACE ( )  B_SPLINE_SURFACE ( 3, 3, ( 
 ( #5741, #4370, #5363, #4741 ),
 ( #1382, #6174, #512, #1849 ),
 ( #4294, #3770, #5774, #3339 ),
 ( #985, #2448, #4267, #408 ) ),
 .UNSPECIFIED., .F., .F., .F. ) 
 B_SPLINE_SURFACE_WITH_KNOTS ( ( 4, 4 ),
 ( 4, 4 ),
 ( 0.000000000000000000, 1.000000000000000000 ),
 ( 0.000000000000000000, 1.000000000000000000 ),
 .UNSPECIFIED. ) 
 GEOMETRIC_REPRESENTATION_ITEM ( )  RATIONAL_B_SPLINE_SURFACE ( (
 ( 1.000000000000000000, 0.3333333333333216575, 0.3333333333333216575, 1.000000000000000000),
 ( 0.9245018060306412488, 0.3081672686768696101, 0.3081672686768696101, 0.9245018060306412488),
 ( 0.9245018060306412488, 0.3081672686768696101, 0.3081672686768696101, 0.9245018060306412488),
 ( 1.000000000000000000, 0.3333333333333216575, 0.3333333333333216575, 1.000000000000000000) ) ) 
 REPRESENTATION_ITEM ( '' )  SURFACE ( )  );
#3470 = CARTESIAN_POINT ( 'NONE',  ( -0.1210629921259842590, -0.07499999999999999722, 0.001968503937007873988 ) ) ;
#3471 = MECHANICAL_DESIGN_GEOMETRIC_PRESENTATION_REPRESENTATION (  '', ( #1813 ), #2744 ) ;
#3472 = CARTESIAN_POINT ( 'NONE',  ( 0.02204724409448819214, 0.04901574803149606752, 0.08267716535433072833 ) ) ;
#3473 = PRESENTATION_STYLE_ASSIGNMENT (( #2544 ) ) ;
#3474 = EDGE_CURVE ( 'NONE', #1227, #1293, #1986, .T. ) ;
#3475 = ORIENTED_EDGE ( 'NONE', *, *, #3219, .F. ) ;
#3476 = DIRECTION ( 'NONE',  ( -0.000000000000000000, 1.000000000000000000, -0.000000000000000000 ) ) ;
#3477 = ORIENTED_EDGE ( 'NONE', *, *, #4706, .F. ) ;
#3478 = AXIS2_PLACEMENT_3D ( 'NONE', #5423, #643, #3081 ) ;
#3479 = CARTESIAN_POINT ( 'NONE',  ( -0.05118110236220473064, -0.07419325463680138955, 0.003937007874015747109 ) ) ;
#3480 = ORIENTED_EDGE ( 'NONE', *, *, #5413, .F. ) ;
#3481 = CARTESIAN_POINT ( 'NONE',  ( -0.1208864303922468353, -0.07368233430891658886, 0.1223837500366099645 ) ) ;
#3482 = CIRCLE ( 'NONE', #1724, 0.0003937007874015758277 ) ;
#3483 = UNCERTAINTY_MEASURE_WITH_UNIT (LENGTH_MEASURE( 1.000000000000000082E-05 ), #2988, 'distance_accuracy_value', 'NONE');
#3484 = UNCERTAINTY_MEASURE_WITH_UNIT (LENGTH_MEASURE( 1.000000000000000082E-05 ), #4003, 'distance_accuracy_value', 'NONE');
#3485 = ORIENTED_EDGE ( 'NONE', *, *, #4637, .T. ) ;
#3486 = CARTESIAN_POINT ( 'NONE',  ( 0.02227454735007466935, 0.04884935049968097687, -0.0001663975318150992685 ) ) ;
#3487 = MECHANICAL_DESIGN_GEOMETRIC_PRESENTATION_REPRESENTATION (  '', ( #1836 ), #3076 ) ;
#3488 = CARTESIAN_POINT ( 'NONE',  ( 0.04977648804885346362, -0.07499999999999999722, 0.004271381589501332607 ) ) ;
#3489 =( NAMED_UNIT ( * ) PLANE_ANGLE_UNIT ( ) SI_UNIT ( $, .RADIAN. ) );
#3490 = DIRECTION ( 'NONE',  ( 1.000000000000000000, 0.000000000000000000, -0.000000000000000000 ) ) ;
#3491 = PRODUCT_DEFINITION_SHAPE ( 'NONE', 'NONE',  #4120 ) ;
#3492 = ORIENTED_EDGE ( 'NONE', *, *, #963, .F. ) ;
#3493 = COLOUR_RGB ( '',0.7490196078431372584, 0.7490196078431372584, 0.7490196078431372584 ) ;
#3494 = CARTESIAN_POINT ( 'NONE',  ( -0.04921259842519684624, 0.07499999999999999722, 0.0008153810282934943971 ) ) ;
#3495 = CARTESIAN_POINT ( 'NONE',  ( 0.02204724409448819214, -0.03976377952755905804, 0.08267716535433072833 ) ) ;
#3496 = CYLINDRICAL_SURFACE ( 'NONE', #6041, 0.0003937007874015758277 ) ;
#3497 = CARTESIAN_POINT ( 'NONE',  ( 0.02244094488188980163, -0.04901574803149607445, -0.08228346456692912925 ) ) ;
#3498 = COLOUR_RGB ( '',0.7490196078431372584, 0.7490196078431372584, 0.7490196078431372584 ) ;
#3499 = DIRECTION ( 'NONE',  ( 1.000000000000000000, 0.000000000000000000, 0.000000000000000000 ) ) ;
#3500 = DIRECTION ( 'NONE',  ( 0.000000000000000000, 0.000000000000000000, 1.000000000000000000 ) ) ;
#3501 = CYLINDRICAL_SURFACE ( 'NONE', #18, 0.0003937007874015758277 ) ;
#3502 = CARTESIAN_POINT ( 'NONE',  ( 0.02247449236689906885, -0.03975077669512747797, 0.08252512322884604512 ) ) ;
#3503 = ADVANCED_FACE ( 'NONE', ( #5806 ), #2847, .T. ) ;
#3504 = EDGE_LOOP ( 'NONE', ( #2140, #4291, #4302, #1067 ) ) ;
#3505 =( LENGTH_UNIT ( ) NAMED_UNIT ( * ) SI_UNIT ( $, .METRE. ) );
#3506 = ORIENTED_EDGE ( 'NONE', *, *, #1521, .F. ) ;
#3507 =( BOUNDED_CURVE ( )  B_SPLINE_CURVE ( 3, ( #4358, #3548, #4862, #1071 ),
 .UNSPECIFIED., .F., .F. ) 
 B_SPLINE_CURVE_WITH_KNOTS ( ( 4, 4 ),
 ( 3.141592653589793116, 4.712388980384689674 ),
 .UNSPECIFIED. ) 
 CURVE ( )  GEOMETRIC_REPRESENTATION_ITEM ( )  RATIONAL_B_SPLINE_CURVE ( ( 1.000000000000000000, 0.8047378541243649375, 0.8047378541243649375, 1.000000000000000000 ) ) 
 REPRESENTATION_ITEM ( '' )  );
#3508 = PRESENTATION_LAYER_ASSIGNMENT (  '', '', ( #5319 ) ) ;
#3509 = CARTESIAN_POINT ( 'NONE',  ( 0.02227454735007464853, -0.04884935049968094911, 0.0001663975318151248827 ) ) ;
#3510 = ORIENTED_EDGE ( 'NONE', *, *, #2167, .T. ) ;
#3511 = EDGE_LOOP ( 'NONE', ( #45, #646, #5715, #1553 ) ) ;
#3512 = COLOUR_RGB ( '',0.7490196078431372584, 0.7490196078431372584, 0.7490196078431372584 ) ;
#3513 = PRESENTATION_LAYER_ASSIGNMENT (  '', '', ( #3604 ) ) ;
#3514 = DIRECTION ( 'NONE',  ( 0.8164965809277262565, -0.4082482904638633503, -0.4082482904638620735 ) ) ;
#3515 = ORIENTED_EDGE ( 'NONE', *, *, #2772, .T. ) ;
#3516 = CIRCLE ( 'NONE', #3185, 0.001968503937007879193 ) ;
#3517 = CARTESIAN_POINT ( 'NONE',  ( -0.04921259842519686012, 0.07583074183071097929, 0.004288847158234505505 ) ) ;
#3518 = COLOUR_RGB ( '',0.2862745098039215508, 0.2862745098039215508, 0.2862745098039215508 ) ;
#3519 = CARTESIAN_POINT ( 'NONE',  ( 0.01850393700787405366, 0.03937007874015754916, 0.07913385826771651699 ) ) ;
#3520 = CARTESIAN_POINT ( 'NONE',  ( 0.1190944881889763746, 0.000000000000000000, 0.1248425196850393715 ) ) ;
#3521 = CARTESIAN_POINT ( 'NONE',  ( 0.02204724409448819214, -0.04862204724409449619, -0.0003937007874015748519 ) ) ;
#3522 = EDGE_CURVE ( 'NONE', #6253, #4318, #3014, .T. ) ;
#3523 = PRESENTATION_STYLE_ASSIGNMENT (( #1164 ) ) ;
#3524 = EDGE_CURVE ( 'NONE', #4037, #70, #4014, .T. ) ;
#3525 = PRESENTATION_LAYER_ASSIGNMENT (  '', '', ( #1368 ) ) ;
#3526 = UNCERTAINTY_MEASURE_WITH_UNIT (LENGTH_MEASURE( 1.000000000000000082E-05 ), #2936, 'distance_accuracy_value', 'NONE');
#3527 = PRESENTATION_LAYER_ASSIGNMENT (  '', '', ( #5446 ) ) ;
#3528 = CARTESIAN_POINT ( 'NONE',  ( 0.02248884777322953873, 0.04864940548285659472, 0.0001807529381455763400 ) ) ;
#3529 = VECTOR ( 'NONE', #505, 39.37007874015748143 ) ;
#3530 =( NAMED_UNIT ( * ) PLANE_ANGLE_UNIT ( ) SI_UNIT ( $, .RADIAN. ) );
#3531 = ORIENTED_EDGE ( 'NONE', *, *, #5013, .T. ) ;
#3532 =( NAMED_UNIT ( * ) PLANE_ANGLE_UNIT ( ) SI_UNIT ( $, .RADIAN. ) );
#3533 = AXIS2_PLACEMENT_3D ( 'NONE', #2119, #5990, #216 ) ;
#3534 = VERTEX_POINT ( 'NONE', #2049 ) ;
#3535 = ORIENTED_EDGE ( 'NONE', *, *, #5369, .T. ) ;
#3536 = EDGE_CURVE ( 'NONE', #5059, #3188, #4802, .T. ) ;
#3537 =( BOUNDED_SURFACE ( )  B_SPLINE_SURFACE ( 3, 3, ( 
 ( #5962, #1598, #3551, #5477 ),
 ( #1137, #6015, #3073, #4518 ),
 ( #185, #394, #431, #2330 ),
 ( #2367, #797, #334, #5719 ) ),
 .UNSPECIFIED., .F., .F., .F. ) 
 B_SPLINE_SURFACE_WITH_KNOTS ( ( 4, 4 ),
 ( 4, 4 ),
 ( 0.000000000000000000, 1.000000000000000000 ),
 ( 0.000000000000000000, 1.000000000000000000 ),
 .UNSPECIFIED. ) 
 GEOMETRIC_REPRESENTATION_ITEM ( )  RATIONAL_B_SPLINE_SURFACE ( (
 ( 1.000000000000000000, 0.3333333333333142745, 0.3333333333333142745, 1.000000000000000000),
 ( 0.9245018060306355867, 0.3081672686768608949, 0.3081672686768608949, 0.9245018060306355867),
 ( 0.9245018060306355867, 0.3081672686768608949, 0.3081672686768608949, 0.9245018060306355867),
 ( 1.000000000000000000, 0.3333333333333142745, 0.3333333333333142745, 1.000000000000000000) ) ) 
 REPRESENTATION_ITEM ( '' )  SURFACE ( )  );
#3538 = EDGE_LOOP ( 'NONE', ( #2393, #4737, #817, #2057 ) ) ;
#3539 = VECTOR ( 'NONE', #3463, 39.37007874015748143 ) ;
#3540 = CARTESIAN_POINT ( 'NONE',  ( 0.02227454735007466935, 0.04884935049968097687, -0.0001663975318150992685 ) ) ;
#3541 = FACE_OUTER_BOUND ( 'NONE', #1315, .T. ) ;
#3542 = CARTESIAN_POINT ( 'NONE',  ( 0.02204724409448819214, 0.03976377952755905804, -0.04133858267716536417 ) ) ;
#3543 = EDGE_CURVE ( 'NONE', #5689, #1198, #1074, .T. ) ;
#3544 = PRESENTATION_LAYER_ASSIGNMENT (  '', '', ( #3846 ) ) ;
#3545 = CARTESIAN_POINT ( 'NONE',  ( 0.02244094488188976347, 0.03943762711624172745, -0.07834645669291344372 ) ) ;
#3546 = ORIENTED_EDGE ( 'NONE', *, *, #2996, .T. ) ;
#3547 = UNCERTAINTY_MEASURE_WITH_UNIT (LENGTH_MEASURE( 1.000000000000000082E-05 ), #6179, 'distance_accuracy_value', 'NONE');
#3548 = CARTESIAN_POINT ( 'NONE',  ( 0.02227786867623107389, -0.04901574803149607445, -0.08267716535433070058 ) ) ;
#3549 = DIRECTION ( 'NONE',  ( 1.000000000000000000, 4.513101726118519957E-17, -0.000000000000000000 ) ) ;
#3550 = DIRECTION ( 'NONE',  ( 0.000000000000000000, 0.000000000000000000, -1.000000000000000000 ) ) ;
#3551 = CARTESIAN_POINT ( 'NONE',  ( 0.02227454735007467282, 0.04884935049968097687, 0.0001663975318151176728 ) ) ;
#3552 = CARTESIAN_POINT ( 'NONE',  ( 0.02227786867623107389, -0.03897637795275582517, -0.07874015748031495954 ) ) ;
#3553 = CARTESIAN_POINT ( 'NONE',  ( 0.02204724409448819214, 0.03976377952755905804, -0.08228346456692912925 ) ) ;
#3554 = CARTESIAN_POINT ( 'NONE',  ( 0.01850393700787405712, -0.03937007874015736875, 0.07913385826771651699 ) ) ;
#3555 = LENGTH_MEASURE_WITH_UNIT ( LENGTH_MEASURE( 0.02539999999999999897 ), #1494 );
#3556 = ORIENTED_EDGE ( 'NONE', *, *, #4268, .F. ) ;
#3557 = SURFACE_STYLE_USAGE ( .BOTH. , #5941 ) ;
#3558 = STYLED_ITEM ( 'NONE', ( #6067 ), #811 ) ;
#3559 = FILL_AREA_STYLE_COLOUR ( '', #4292 ) ;
#3560 = AXIS2_PLACEMENT_3D ( 'NONE', #2322, #1832, #4683 ) ;
#3561 =( NAMED_UNIT ( * ) PLANE_ANGLE_UNIT ( ) SI_UNIT ( $, .RADIAN. ) );
#3562 = EDGE_LOOP ( 'NONE', ( #3680, #4110, #2125, #1223 ) ) ;
#3563 = CARTESIAN_POINT ( 'NONE',  ( 0.02194919095220388555, -0.03963361187837414340, -0.08264185300758319919 ) ) ;
#3564 = COLOUR_RGB ( '',0.2862745098039215508, 0.2862745098039215508, 0.2862745098039215508 ) ;
#3565 = CARTESIAN_POINT ( 'NONE',  ( 0.02204724409448819214, -0.04862204724409449619, 0.0003937007874015748519 ) ) ;
#3566 = ORIENTED_EDGE ( 'NONE', *, *, #3315, .F. ) ;
#3567 = STYLED_ITEM ( 'NONE', ( #3884 ), #1882 ) ;
#3568 = DIMENSIONAL_EXPONENTS ( 1.000000000000000000, 0.000000000000000000, 0.000000000000000000, 0.000000000000000000, 0.000000000000000000, 0.000000000000000000, 0.000000000000000000 ) ;
#3569 =( LENGTH_UNIT ( ) NAMED_UNIT ( * ) SI_UNIT ( $, .METRE. ) );
#3570 =( NAMED_UNIT ( * ) PLANE_ANGLE_UNIT ( ) SI_UNIT ( $, .RADIAN. ) );
#3571 = AXIS2_PLACEMENT_3D ( 'NONE', #3131, #3049, #1213 ) ;
#3572 =( LENGTH_UNIT ( ) NAMED_UNIT ( * ) SI_UNIT ( $, .METRE. ) );
#3573 = CARTESIAN_POINT ( 'NONE',  ( 0.02204724409448819214, 0.03937007874015760467, -0.07913385826771651699 ) ) ;
#3574 = ORIENTED_EDGE ( 'NONE', *, *, #785, .F. ) ;
#3575 = CIRCLE ( 'NONE', #1949, 0.001968503937007879193 ) ;
#3576 = AXIS2_PLACEMENT_3D ( 'NONE', #5697, #1337, #4196 ) ;
#3577 = CARTESIAN_POINT ( 'NONE',  ( -0.04921259842519686012, 0.07699022739211562605, 0.003619202733240061299 ) ) ;
#3578 = CARTESIAN_POINT ( 'NONE',  ( 0.04921259842519686012, 0.07499999999999999722, 0.002495962977226618643 ) ) ;
#3579 = EDGE_CURVE ( 'NONE', #2518, #2948, #4361, .T. ) ;
#3580 = CARTESIAN_POINT ( 'NONE',  ( 0.1206949784931433400, -0.07370403831468977374, 0.1240105320259638350 ) ) ;
#3581 = DIRECTION ( 'NONE',  ( 0.000000000000000000, -1.000000000000000000, -1.224646799147353207E-16 ) ) ;
#3582 = VECTOR ( 'NONE', #1413, 39.37007874015748143 ) ;
#3583 = SURFACE_SIDE_STYLE ('',( #1625 ) ) ;
#3584 = DIRECTION ( 'NONE',  ( 0.5773502691896547079, -0.5773502691896112982, -0.5773502691896112982 ) ) ;
#3585 = CARTESIAN_POINT ( 'NONE',  ( 0.02227454735007466935, 0.03953647627197259817, 0.08251076782251559605 ) ) ;
#3586 = AXIS2_PLACEMENT_3D ( 'NONE', #892, #2833, #2907 ) ;
#3587 =( LENGTH_UNIT ( ) NAMED_UNIT ( * ) SI_UNIT ( $, .METRE. ) );
#3588 = CARTESIAN_POINT ( 'NONE',  ( 0.02241460551533255505, 0.03957149895689972968, 0.08230066428740341611 ) ) ;
#3589 = ORIENTED_EDGE ( 'NONE', *, *, #1838, .T. ) ;
#3590 = LINE ( 'NONE', #2635, #2910 ) ;
#3591 = ORIENTED_EDGE ( 'NONE', *, *, #3891, .T. ) ;
#3592 =( LENGTH_UNIT ( ) NAMED_UNIT ( * ) SI_UNIT ( $, .METRE. ) );
#3593 = CARTESIAN_POINT ( 'NONE',  ( -0.02244094488188972530, -0.04901574803149607445, -0.003937007874015747977 ) ) ;
#3594 = LINE ( 'NONE', #3061, #1588 ) ;
#3595 = VERTEX_POINT ( 'NONE', #1485 ) ;
#3596 = ADVANCED_BREP_SHAPE_REPRESENTATION ( '', ( #5102, #4612 ), #5752 ) ;
#3597 =( NAMED_UNIT ( * ) SI_UNIT ( $, .STERADIAN. ) SOLID_ANGLE_UNIT ( ) );
#3598 = VECTOR ( 'NONE', #1375, 39.37007874015748143 ) ;
#3599 = MECHANICAL_DESIGN_GEOMETRIC_PRESENTATION_REPRESENTATION (  '', ( #5520 ), #171 ) ;
#3600 = PRESENTATION_STYLE_ASSIGNMENT (( #5954 ) ) ;
#3601 = ORIENTED_EDGE ( 'NONE', *, *, #5678, .F. ) ;
#3602 = UNCERTAINTY_MEASURE_WITH_UNIT (LENGTH_MEASURE( 1.000000000000000082E-05 ), #5780, 'distance_accuracy_value', 'NONE');
#3603 = CARTESIAN_POINT ( 'NONE',  ( 0.02204724409448819214, 0.03897637795275602640, -0.07874015748031495954 ) ) ;
#3604 = STYLED_ITEM ( 'NONE', ( #5418 ), #3681 ) ;
#3605 = CARTESIAN_POINT ( 'NONE',  ( 0.1190944881889763746, -0.07303149606299212671, 0.005905511811023621965 ) ) ;
#3606 = CARTESIAN_POINT ( 'NONE',  ( 0.02270446508523077042, 0.04826046743103135084, -0.0002988390175263225864 ) ) ;
#3607 = DIMENSIONAL_EXPONENTS ( 1.000000000000000000, 0.000000000000000000, 0.000000000000000000, 0.000000000000000000, 0.000000000000000000, 0.000000000000000000, 0.000000000000000000 ) ;
#3608 = DIRECTION ( 'NONE',  ( 1.000000000000000000, -2.434699615406050148E-16, 0.000000000000000000 ) ) ;
#3609 = B_SPLINE_CURVE_WITH_KNOTS ( 'NONE', 3,
 ( #6089, #1735, #1257, #2730 ),
 .UNSPECIFIED., .F., .F.,
 ( 4, 4 ),
 ( 0.000000000000000000, 1.000000000000000000 ),
 .UNSPECIFIED. ) ;
#3610 = MECHANICAL_DESIGN_GEOMETRIC_PRESENTATION_REPRESENTATION (  '', ( #5947 ), #3811 ) ;
#3611 = PRODUCT_CONTEXT ( 'NONE', #906, 'mechanical' ) ;
#3612 = DIRECTION ( 'NONE',  ( 1.000000000000000000, 4.749352646498039829E-16, -0.000000000000000000 ) ) ;
#3613 = COLOUR_RGB ( '',0.7490196078431372584, 0.7490196078431372584, 0.7490196078431372584 ) ;
#3614 = CARTESIAN_POINT ( 'NONE',  ( -0.05087296982657351502, -0.07499999999999999722, 0.005597379275392443641 ) ) ;
#3615 = VERTEX_POINT ( 'NONE', #3971 ) ;
#3616 =( CONVERSION_BASED_UNIT ( 'INCH', #5489 ) LENGTH_UNIT ( ) NAMED_UNIT ( #6112 ) );
#3617 = COLOUR_RGB ( '',0.8313725490196077761, 0.8313725490196077761, 0.8313725490196077761 ) ;
#3618 = CIRCLE ( 'NONE', #879, 0.0003937007874015758277 ) ;
#3619 = MECHANICAL_DESIGN_GEOMETRIC_PRESENTATION_REPRESENTATION (  '', ( #5542 ), #1589 ) ;
#3620 =( LENGTH_UNIT ( ) NAMED_UNIT ( * ) SI_UNIT ( $, .METRE. ) );
#3621 = ORIENTED_EDGE ( 'NONE', *, *, #2459, .T. ) ;
#3622 = CARTESIAN_POINT ( 'NONE',  ( 0.02227454735007466935, -0.03953647627197259817, -0.08251076782251559605 ) ) ;
#3623 = AXIS2_PLACEMENT_3D ( 'NONE', #1178, #6056, #2670 ) ;
#3624 = VERTEX_POINT ( 'NONE', #3495 ) ;
#3625 = SURFACE_STYLE_USAGE ( .BOTH. , #2188 ) ;
#3626 = CARTESIAN_POINT ( 'NONE',  ( -0.05118110236220473064, -1.092739197465704702E-17, 0.003937007874015747977 ) ) ;
#3627 = EDGE_LOOP ( 'NONE', ( #1613, #524, #1157, #1471 ) ) ;
#3628 = EDGE_CURVE ( 'NONE', #1696, #3161, #670, .T. ) ;
#3629 = EDGE_CURVE ( 'NONE', #1216, #3624, #3805, .T. ) ;
#3630 = DIRECTION ( 'NONE',  ( 0.000000000000000000, 1.000000000000000000, 0.000000000000000000 ) ) ;
#3631 = DIRECTION ( 'NONE',  ( 0.000000000000000000, 0.000000000000000000, 1.000000000000000000 ) ) ;
#3632 = FILL_AREA_STYLE_COLOUR ( '', #2714 ) ;
#3633 = CARTESIAN_POINT ( 'NONE',  ( 0.02244094488188980163, -0.04901574803149607445, 0.0003937007874015748519 ) ) ;
#3634 = EDGE_LOOP ( 'NONE', ( #5940, #5260, #5985, #3091 ) ) ;
#3635 = LENGTH_MEASURE_WITH_UNIT ( LENGTH_MEASURE( 0.02539999999999999897 ), #3658 );
#3636 = CARTESIAN_POINT ( 'NONE',  ( 0.01850393700787405366, 0.03937007874015749365, 0.08267716535433072833 ) ) ;
#3637 = FILL_AREA_STYLE_COLOUR ( '', #63 ) ;
#3638 = CARTESIAN_POINT ( 'NONE',  ( 0.02244094488188976694, -0.03943762711624156092, -0.07834645669291337433 ) ) ;
#3639 = EDGE_CURVE ( 'NONE', #2666, #5466, #4323, .T. ) ;
#3640 = CARTESIAN_POINT ( 'NONE',  ( 0.05118110236220473064, 0.07499999999999999722, 0.005905511811023621965 ) ) ;
#3641 = FILL_AREA_STYLE_COLOUR ( '', #4658 ) ;
#3642 = CARTESIAN_POINT ( 'NONE',  ( -0.1190944881889763746, 0.07391183778641727264, 0.1246346991948817512 ) ) ;
#3643 = CARTESIAN_POINT ( 'NONE',  ( -0.04999076591806220909, -0.07500000000000002498, 0.004579924920994665923 ) ) ;
#3644 = ORIENTED_EDGE ( 'NONE', *, *, #1266, .F. ) ;
#3645 = MECHANICAL_DESIGN_GEOMETRIC_PRESENTATION_REPRESENTATION (  '', ( #3965 ), #3461 ) ;
#3646 = EDGE_LOOP ( 'NONE', ( #3956, #3566, #4534, #2008 ) ) ;
#3647 = CARTESIAN_POINT ( 'NONE',  ( 0.02241460551533254464, -0.03957149895689973662, -0.08230066428740338835 ) ) ;
#3648 = ORIENTED_EDGE ( 'NONE', *, *, #4424, .F. ) ;
#3649 = EDGE_LOOP ( 'NONE', ( #4374, #5839, #5475, #5606 ) ) ;
#3650 = AXIS2_PLACEMENT_3D ( 'NONE', #4284, #1007, #6276 ) ;
#3651 = CARTESIAN_POINT ( 'NONE',  ( 0.1210629921259842590, 0.07303149606299214058, 0.005905511811023621965 ) ) ;
#3652 = PRESENTATION_STYLE_ASSIGNMENT (( #1762 ) ) ;
#3653 = CIRCLE ( 'NONE', #924, 0.0003937007874015758277 ) ;
#3654 = LINE ( 'NONE', #360, #6156 ) ;
#3655 = AXIS2_PLACEMENT_3D ( 'NONE', #4426, #2533, #4455 ) ;
#3656 = CARTESIAN_POINT ( 'NONE',  ( -0.01122047244094488173, -0.04862204724409449619, -0.0003937007874015748519 ) ) ;
#3657 = ORIENTED_EDGE ( 'NONE', *, *, #3721, .F. ) ;
#3658 =( LENGTH_UNIT ( ) NAMED_UNIT ( * ) SI_UNIT ( $, .METRE. ) );
#3659 = AXIS2_PLACEMENT_3D ( 'NONE', #1277, #5729, #4701 ) ;
#3660 = CARTESIAN_POINT ( 'NONE',  ( 0.02236734215532158732, -0.04875655569443401033, -0.0001663975318151045268 ) ) ;
#3661 = CYLINDRICAL_SURFACE ( 'NONE', #230, 0.0003937007874015758277 ) ;
#3662 =( LENGTH_UNIT ( ) NAMED_UNIT ( * ) SI_UNIT ( $, .METRE. ) );
#3663 =( LENGTH_UNIT ( ) NAMED_UNIT ( * ) SI_UNIT ( $, .METRE. ) );
#3664 = DIRECTION ( 'NONE',  ( 1.000000000000000000, 4.749352646498039829E-16, 0.000000000000000000 ) ) ;
#3665 =( GEOMETRIC_REPRESENTATION_CONTEXT ( 3 ) GLOBAL_UNCERTAINTY_ASSIGNED_CONTEXT ( ( #5829 ) ) GLOBAL_UNIT_ASSIGNED_CONTEXT ( ( #24, #3356, #3433 ) ) REPRESENTATION_CONTEXT ( 'NONE', 'WORKASPACE' ) );
#3666 = FACE_OUTER_BOUND ( 'NONE', #3918, .T. ) ;
#3667 = LINE ( 'NONE', #1715, #3128 ) ;
#3668 = AXIS2_PLACEMENT_3D ( 'NONE', #2807, #834, #5691 ) ;
#3669 = LINE ( 'NONE', #4602, #3375 ) ;
#3670 = SURFACE_STYLE_FILL_AREA ( #5664 ) ;
#3671 =( CONVERSION_BASED_UNIT ( 'INCH', #6077 ) LENGTH_UNIT ( ) NAMED_UNIT ( #4729 ) );
#3672 = ORIENTED_EDGE ( 'NONE', *, *, #253, .F. ) ;
#3673 = SURFACE_STYLE_USAGE ( .BOTH. , #225 ) ;
#3674 = PRESENTATION_LAYER_ASSIGNMENT (  '', '', ( #4486 ) ) ;
#3675 = EDGE_CURVE ( 'NONE', #3140, #2249, #2537, .T. ) ;
#3676 = DIRECTION ( 'NONE',  ( 0.000000000000000000, 0.000000000000000000, 1.000000000000000000 ) ) ;
#3677 = ORIENTED_EDGE ( 'NONE', *, *, #501, .F. ) ;
#3678 =( LENGTH_UNIT ( ) NAMED_UNIT ( * ) SI_UNIT ( $, .METRE. ) );
#3679 = DIRECTION ( 'NONE',  ( 0.000000000000000000, 0.000000000000000000, 1.000000000000000000 ) ) ;
#3680 = ORIENTED_EDGE ( 'NONE', *, *, #13, .F. ) ;
#3681 = ADVANCED_FACE ( 'NONE', ( #3397 ), #9, .T. ) ;
#3682 = CARTESIAN_POINT ( 'NONE',  ( 0.04994675160546205306, 0.07499999999999999722, 0.004524170433848656754 ) ) ;
#3683 = LENGTH_MEASURE_WITH_UNIT ( LENGTH_MEASURE( 0.02539999999999999897 ), #2285 );
#3684 = SURFACE_STYLE_USAGE ( .BOTH. , #5643 ) ;
#3685 = DIRECTION ( 'NONE',  ( 0.000000000000000000, 0.000000000000000000, 1.000000000000000000 ) ) ;
#3686 =( NAMED_UNIT ( * ) SI_UNIT ( $, .STERADIAN. ) SOLID_ANGLE_UNIT ( ) );
#3687 = EDGE_LOOP ( 'NONE', ( #4044, #382, #6110, #735 ) ) ;
#3688 =( BOUNDED_SURFACE ( )  B_SPLINE_SURFACE ( 3, 3, ( 
 ( #305, #6074, #1627, #1211 ),
 ( #1166, #3104, #4552, #218 ),
 ( #4082, #6019, #1656, #1192 ),
 ( #5056, #717, #4601, #6043 ) ),
 .UNSPECIFIED., .F., .F., .F. ) 
 B_SPLINE_SURFACE_WITH_KNOTS ( ( 4, 4 ),
 ( 4, 4 ),
 ( 0.000000000000000000, 1.000000000000000000 ),
 ( 0.000000000000000000, 1.000000000000000000 ),
 .UNSPECIFIED. ) 
 GEOMETRIC_REPRESENTATION_ITEM ( )  RATIONAL_B_SPLINE_SURFACE ( (
 ( 1.000000000000000000, 0.3333333333333372561, 0.3333333333333372561, 1.000000000000000000),
 ( 0.9245018060306422480, 0.3081672686768843761, 0.3081672686768843761, 0.9245018060306422480),
 ( 0.9245018060306422480, 0.3081672686768843761, 0.3081672686768843761, 0.9245018060306422480),
 ( 1.000000000000000000, 0.3333333333333372561, 0.3333333333333372561, 1.000000000000000000) ) ) 
 REPRESENTATION_ITEM ( '' )  SURFACE ( )  );
#3689 = FILL_AREA_STYLE_COLOUR ( '', #2657 ) ;
#3690 = CARTESIAN_POINT ( 'NONE',  ( 0.02227454735007465894, 0.04884935049968096299, -0.0001663975318151100021 ) ) ;
#3691 = DIMENSIONAL_EXPONENTS ( 1.000000000000000000, 0.000000000000000000, 0.000000000000000000, 0.000000000000000000, 0.000000000000000000, 0.000000000000000000, 0.000000000000000000 ) ;
#3692 = CIRCLE ( 'NONE', #5840, 0.0003937007874015769119 ) ;
#3693 = DIRECTION ( 'NONE',  ( 0.000000000000000000, 1.000000000000000000, 0.000000000000000000 ) ) ;
#3694 = CARTESIAN_POINT ( 'NONE',  ( 0.1172865891236607311, 0.07631760101670484464, 0.1233483245974078546 ) ) ;
#3695 = FILL_AREA_STYLE_COLOUR ( '', #4649 ) ;
#3696 = SHAPE_DEFINITION_REPRESENTATION ( #2106, #1987 ) ;
#3697 = FILL_AREA_STYLE ('',( #2685 ) ) ;
#3698 = EDGE_CURVE ( 'NONE', #753, #675, #2200, .T. ) ;
#3699 = ADVANCED_FACE ( 'NONE', ( #6037 ), #3537, .T. ) ;
#3700 = SURFACE_SIDE_STYLE ('',( #1750 ) ) ;
#3701 = SURFACE_STYLE_FILL_AREA ( #4635 ) ;
#3702 = ORIENTED_EDGE ( 'NONE', *, *, #1112, .F. ) ;
#3703 =( LENGTH_UNIT ( ) NAMED_UNIT ( * ) SI_UNIT ( $, .METRE. ) );
#3704 = COLOUR_RGB ( '',0.7490196078431372584, 0.7490196078431372584, 0.7490196078431372584 ) ;
#3705 = CARTESIAN_POINT ( 'NONE',  ( 0.02204724409448818173, -0.04862204724409448925, -0.0003937007874015843929 ) ) ;
#3706 = ORIENTED_EDGE ( 'NONE', *, *, #4965, .T. ) ;
#3707 = CARTESIAN_POINT ( 'NONE',  ( 0.02218175254482773057, -0.04894214530492788789, 0.0001663975318151034969 ) ) ;
#3708 =( GEOMETRIC_REPRESENTATION_CONTEXT ( 3 ) GLOBAL_UNCERTAINTY_ASSIGNED_CONTEXT ( ( #2075 ) ) GLOBAL_UNIT_ASSIGNED_CONTEXT ( ( #3090, #4615, #2639 ) ) REPRESENTATION_CONTEXT ( 'NONE', 'WORKASPACE' ) );
#3709 = CARTESIAN_POINT ( 'NONE',  ( 0.000000000000000000, 0.000000000000000000, 0.000000000000000000 ) ) ;
#3710 = ORIENTED_EDGE ( 'NONE', *, *, #3078, .T. ) ;
#3711 = ADVANCED_FACE ( 'NONE', ( #3722 ), #5599, .T. ) ;
#3712 = DIMENSIONAL_EXPONENTS ( 1.000000000000000000, 0.000000000000000000, 0.000000000000000000, 0.000000000000000000, 0.000000000000000000, 0.000000000000000000, 0.000000000000000000 ) ;
#3713 = FILL_AREA_STYLE ('',( #5129 ) ) ;
#3714 = PRESENTATION_STYLE_ASSIGNMENT (( #4680 ) ) ;
#3715 = AXIS2_PLACEMENT_3D ( 'NONE', #5675, #6256, #4676 ) ;
#3716 = CARTESIAN_POINT ( 'NONE',  ( 0.02204724409448819214, -0.03976377952755905804, 0.08228346456692912925 ) ) ;
#3717 =( NAMED_UNIT ( * ) PLANE_ANGLE_UNIT ( ) SI_UNIT ( $, .RADIAN. ) );
#3718 = ORIENTED_EDGE ( 'NONE', *, *, #5868, .T. ) ;
#3719 = DIRECTION ( 'NONE',  ( -1.000000000000000000, 0.000000000000000000, 0.000000000000000000 ) ) ;
#3720 = CYLINDRICAL_SURFACE ( 'NONE', #4266, 0.0003937007874015758277 ) ;
#3721 = EDGE_CURVE ( 'NONE', #3212, #1498, #466, .T. ) ;
#3722 = FACE_OUTER_BOUND ( 'NONE', #3538, .T. ) ;
#3723 = SURFACE_SIDE_STYLE ('',( #4727 ) ) ;
#3724 =( NAMED_UNIT ( * ) SI_UNIT ( $, .STERADIAN. ) SOLID_ANGLE_UNIT ( ) );
#3725 = DIMENSIONAL_EXPONENTS ( 1.000000000000000000, 0.000000000000000000, 0.000000000000000000, 0.000000000000000000, 0.000000000000000000, 0.000000000000000000, 0.000000000000000000 ) ;
#3726 = CIRCLE ( 'NONE', #5134, 0.001968503937007870519 ) ;
#3727 = COLOUR_RGB ( '',0.2862745098039215508, 0.2862745098039215508, 0.2862745098039215508 ) ;
#3728 = CARTESIAN_POINT ( 'NONE',  ( -0.1210629921259842173, -0.07303149606299214058, 0.1228740157480315009 ) ) ;
#3729 = AXIS2_PLACEMENT_3D ( 'NONE', #4439, #65, #5483 ) ;
#3730 = CARTESIAN_POINT ( 'NONE',  ( 0.02204724409448819214, 0.04862204724409448925, -0.0003937007874015748519 ) ) ;
#3731 = FILL_AREA_STYLE_COLOUR ( '', #3498 ) ;
#3732 = FACE_OUTER_BOUND ( 'NONE', #5088, .T. ) ;
#3733 = CARTESIAN_POINT ( 'NONE',  ( 0.04921259842519682542, 0.07499999999999999722, 0.0008153810282934963486 ) ) ;
#3734 = VERTEX_POINT ( 'NONE', #3174 ) ;
#3735 =( NAMED_UNIT ( * ) PLANE_ANGLE_UNIT ( ) SI_UNIT ( $, .RADIAN. ) );
#3736 =( GEOMETRIC_REPRESENTATION_CONTEXT ( 3 ) GLOBAL_UNCERTAINTY_ASSIGNED_CONTEXT ( ( #1113 ) ) GLOBAL_UNIT_ASSIGNED_CONTEXT ( ( #2764, #5710, #758 ) ) REPRESENTATION_CONTEXT ( 'NONE', 'WORKASPACE' ) );
#3737 = FILL_AREA_STYLE_COLOUR ( '', #677 ) ;
#3738 = SURFACE_STYLE_USAGE ( .BOTH. , #446 ) ;
#3739 = ORIENTED_EDGE ( 'NONE', *, *, #3176, .T. ) ;
#3740 = CARTESIAN_POINT ( 'NONE',  ( 0.1212307295510305499, -0.07423978937257696975, 0.005840497648865609730 ) ) ;
#3741 = CARTESIAN_POINT ( 'NONE',  ( -0.04921259842519686012, -0.07303149606299212671, 0.001968503937007872687 ) ) ;
#3742 = ORIENTED_EDGE ( 'NONE', *, *, #3891, .F. ) ;
#3743 = DIRECTION ( 'NONE',  ( 1.000000000000000000, 0.000000000000000000, 0.000000000000000000 ) ) ;
#3744 = CARTESIAN_POINT ( 'NONE',  ( -0.1219421250530410422, -0.07197123939660300673, 0.1239708441102457120 ) ) ;
#3745 = CARTESIAN_POINT ( 'NONE',  ( 0.02194919095220388555, -0.03963361187837415728, -0.08264185300758322694 ) ) ;
#3746 = FILL_AREA_STYLE_COLOUR ( '', #3493 ) ;
#3747 =( CONVERSION_BASED_UNIT ( 'INCH', #2837 ) LENGTH_UNIT ( ) NAMED_UNIT ( #3928 ) );
#3748 = MECHANICAL_DESIGN_GEOMETRIC_PRESENTATION_REPRESENTATION (  '', ( #4143 ), #211 ) ;
#3749 = CARTESIAN_POINT ( 'NONE',  ( 0.1220775505619585699, 0.07385747340737107425, 0.006830342968495052049 ) ) ;
#3750 = ORIENTED_EDGE ( 'NONE', *, *, #354, .T. ) ;
#3751 = PLANE ( 'NONE',  #3989 ) ;
#3752 = EDGE_CURVE ( 'NONE', #5466, #3022, #4759, .T. ) ;
#3753 = FILL_AREA_STYLE_COLOUR ( '', #3613 ) ;
#3754 = VECTOR ( 'NONE', #2280, 39.37007874015748143 ) ;
#3755 = SURFACE_STYLE_USAGE ( .BOTH. , #1744 ) ;
#3756 = CARTESIAN_POINT ( 'NONE',  ( 0.1208864303922468353, 0.07368233430891658886, 0.1223837500366099645 ) ) ;
#3757 = PLANE ( 'NONE',  #4564 ) ;
#3758 = UNCERTAINTY_MEASURE_WITH_UNIT (LENGTH_MEASURE( 1.000000000000000082E-05 ), #4382, 'distance_accuracy_value', 'NONE');
#3759 = STYLED_ITEM ( 'NONE', ( #2929 ), #1548 ) ;
#3760 = AXIS2_PLACEMENT_3D ( 'NONE', #3353, #966, #3318 ) ;
#3761 = UNCERTAINTY_MEASURE_WITH_UNIT (LENGTH_MEASURE( 1.000000000000000082E-05 ), #5624, 'distance_accuracy_value', 'NONE');
#3762 = EDGE_CURVE ( 'NONE', #4239, #3025, #5009, .T. ) ;
#3763 = SURFACE_STYLE_FILL_AREA ( #504 ) ;
#3764 = DIRECTION ( 'NONE',  ( 1.000000000000000000, 0.000000000000000000, -0.000000000000000000 ) ) ;
#3765 = ORIENTED_EDGE ( 'NONE', *, *, #5321, .T. ) ;
#3766 = DIRECTION ( 'NONE',  ( 0.000000000000000000, 1.000000000000000000, 0.000000000000000000 ) ) ;
#3767 = VECTOR ( 'NONE', #2677, 39.37007874015748143 ) ;
#3768 =( NAMED_UNIT ( * ) SI_UNIT ( $, .STERADIAN. ) SOLID_ANGLE_UNIT ( ) );
#3769 = CARTESIAN_POINT ( 'NONE',  ( 0.02204724409448819214, -0.04901574803149608139, 0.08267716535433072833 ) ) ;
#3770 = CARTESIAN_POINT ( 'NONE',  ( 0.02221243956336398095, 0.03916716705296258844, -0.08209849833543482467 ) ) ;
#3771 = DIMENSIONAL_EXPONENTS ( 1.000000000000000000, 0.000000000000000000, 0.000000000000000000, 0.000000000000000000, 0.000000000000000000, 0.000000000000000000, 0.000000000000000000 ) ;
#3772 = AXIS2_PLACEMENT_3D ( 'NONE', #4929, #5928, #2561 ) ;
#3773 = EDGE_CURVE ( 'NONE', #517, #138, #4627, .T. ) ;
#3774 = ORIENTED_EDGE ( 'NONE', *, *, #80, .T. ) ;
#3775 = SURFACE_STYLE_FILL_AREA ( #1786 ) ;
#3776 = VECTOR ( 'NONE', #960, 39.37007874015748143 ) ;
#3777 = EDGE_LOOP ( 'NONE', ( #5263, #2191, #2352, #587, #2491 ) ) ;
#3778 = DIRECTION ( 'NONE',  ( -2.434699615406050148E-16, -1.000000000000000000, 0.000000000000000000 ) ) ;
#3779 = CARTESIAN_POINT ( 'NONE',  ( 0.04921259842519686706, 0.07467447079427642909, 0.003121626845722258025 ) ) ;
#3780 = DIMENSIONAL_EXPONENTS ( 1.000000000000000000, 0.000000000000000000, 0.000000000000000000, 0.000000000000000000, 0.000000000000000000, 0.000000000000000000, 0.000000000000000000 ) ;
#3781 = VECTOR ( 'NONE', #3795, 39.37007874015748143 ) ;
#3782 =( LENGTH_UNIT ( ) NAMED_UNIT ( * ) SI_UNIT ( $, .METRE. ) );
#3783 = LENGTH_MEASURE_WITH_UNIT ( LENGTH_MEASURE( 0.02539999999999999897 ), #3227 );
#3784 = DIRECTION ( 'NONE',  ( 1.000000000000000000, 0.000000000000000000, 0.000000000000000000 ) ) ;
#3785 = CARTESIAN_POINT ( 'NONE',  ( 0.1208864303922468353, 0.07368233430891660274, 0.1223837500366099229 ) ) ;
#3786 = ORIENTED_EDGE ( 'NONE', *, *, #2044, .T. ) ;
#3787 = CARTESIAN_POINT ( 'NONE',  ( -0.02227786867623103573, 0.04885267182583735712, 5.004354842839660453E-18 ) ) ;
#3788 = SURFACE_STYLE_FILL_AREA ( #4283 ) ;
#3789 = FILL_AREA_STYLE ('',( #2399 ) ) ;
#3790 = CARTESIAN_POINT ( 'NONE',  ( 0.1190944881889763746, -0.07303149606299212671, 0.005905511811023621965 ) ) ;
#3791 = STYLED_ITEM ( 'NONE', ( #777 ), #3237 ) ;
#3792 = SURFACE_STYLE_USAGE ( .BOTH. , #907 ) ;
#3793 = CARTESIAN_POINT ( 'NONE',  ( 0.02239938078385823525, -0.04862204724409449619, -0.0002176324427165468730 ) ) ;
#3794 = DIRECTION ( 'NONE',  ( -1.000000000000000000, -0.000000000000000000, 0.000000000000000000 ) ) ;
#3795 = DIRECTION ( 'NONE',  ( 1.000000000000000000, -0.000000000000000000, 0.000000000000000000 ) ) ;
#3796 = SURFACE_SIDE_STYLE ('',( #4665 ) ) ;
#3797 = ORIENTED_EDGE ( 'NONE', *, *, #201, .F. ) ;
#3798 = CLOSED_SHELL ( 'NONE', ( #42, #2743, #2197, #1679, #536, #144, #948, #1689, #1182, #1548, #4473, #2391, #4069, #1258, #2114, #1158, #558, #3681, #3164, #3191, #1301, #3964, #5264, #6022, #794, #41, #4547, #4882, #5361, #2329, #155, #5119, #2876, #846, #1160, #3982, #2065, #92, #2389, #4613, #2987, #4569, #993, #2209, #5639, #4219, #5541 ) ) ;
#3799 = MECHANICAL_DESIGN_GEOMETRIC_PRESENTATION_REPRESENTATION (  '', ( #4590 ), #259 ) ;
#3800 = DIMENSIONAL_EXPONENTS ( 1.000000000000000000, 0.000000000000000000, 0.000000000000000000, 0.000000000000000000, 0.000000000000000000, 0.000000000000000000, 0.000000000000000000 ) ;
#3801 = CARTESIAN_POINT ( 'NONE',  ( 0.02047244094488193111, 0.000000000000000000, 0.08267716535433072833 ) ) ;
#3802 = PRESENTATION_LAYER_ASSIGNMENT (  '', '', ( #6024 ) ) ;
#3803 = DIRECTION ( 'NONE',  ( -1.000000000000000000, 0.000000000000000000, 0.000000000000000000 ) ) ;
#3804 = SURFACE_STYLE_USAGE ( .BOTH. , #5349 ) ;
#3805 = CIRCLE ( 'NONE', #1171, 0.0003937007874015758277 ) ;
#3806 = CARTESIAN_POINT ( 'NONE',  ( 0.02239938078385822831, -0.04862204724409449619, 0.0002176324427165461683 ) ) ;
#3807 = EDGE_LOOP ( 'NONE', ( #5634, #1688, #3977, #5205 ) ) ;
#3808 = CARTESIAN_POINT ( 'NONE',  ( 0.1190944881889763746, -0.07303149606299212671, 0.1228740157480315009 ) ) ;
#3809 = FILL_AREA_STYLE ('',( #3265 ) ) ;
#3810 = CARTESIAN_POINT ( 'NONE',  ( -0.04921259842519685318, -0.07439094276228642999, 0.002144323617080787572 ) ) ;
#3811 =( GEOMETRIC_REPRESENTATION_CONTEXT ( 3 ) GLOBAL_UNCERTAINTY_ASSIGNED_CONTEXT ( ( #17 ) ) GLOBAL_UNIT_ASSIGNED_CONTEXT ( ( #724, #1692, #5581 ) ) REPRESENTATION_CONTEXT ( 'NONE', 'WORKASPACE' ) );
#3812 = ORIENTED_EDGE ( 'NONE', *, *, #2691, .T. ) ;
#3813 = STYLED_ITEM ( 'NONE', ( #889 ), #144 ) ;
#3814 = FILL_AREA_STYLE ('',( #2908 ) ) ;
#3815 = CARTESIAN_POINT ( 'NONE',  ( 0.05118110236220473064, 0.07303149606299212671, 0.003937007874015747977 ) ) ;
#3816 =( NAMED_UNIT ( * ) PLANE_ANGLE_UNIT ( ) SI_UNIT ( $, .RADIAN. ) );
#3817 = CARTESIAN_POINT ( 'NONE',  ( -0.1181696570315049349, 0.07601455843597444695, 0.1236999930924104762 ) ) ;
#3818 =( NAMED_UNIT ( * ) SI_UNIT ( $, .STERADIAN. ) SOLID_ANGLE_UNIT ( ) );
#3819 = DIMENSIONAL_EXPONENTS ( 1.000000000000000000, 0.000000000000000000, 0.000000000000000000, 0.000000000000000000, 0.000000000000000000, 0.000000000000000000, 0.000000000000000000 ) ;
#3820 = EDGE_CURVE ( 'NONE', #4623, #3006, #5108, .T. ) ;
#3821 = VERTEX_POINT ( 'NONE', #1364 ) ;
#3822 = STYLED_ITEM ( 'NONE', ( #3652 ), #6022 ) ;
#3823 = CARTESIAN_POINT ( 'NONE',  ( -0.1210629921259842035, -0.07303149606299214058, 0.000000000000000000 ) ) ;
#3824 =( GEOMETRIC_REPRESENTATION_CONTEXT ( 3 ) GLOBAL_UNCERTAINTY_ASSIGNED_CONTEXT ( ( #1562 ) ) GLOBAL_UNIT_ASSIGNED_CONTEXT ( ( #5116, #805, #5388 ) ) REPRESENTATION_CONTEXT ( 'NONE', 'WORKASPACE' ) );
#3825 = DIRECTION ( 'NONE',  ( 0.000000000000000000, 0.000000000000000000, 1.000000000000000000 ) ) ;
#3826 = UNCERTAINTY_MEASURE_WITH_UNIT (LENGTH_MEASURE( 1.000000000000000082E-05 ), #4009, 'distance_accuracy_value', 'NONE');
#3827 = DIRECTION ( 'NONE',  ( -1.000000000000000000, -4.749352646498039829E-16, 0.000000000000000000 ) ) ;
#3828 = DIRECTION ( 'NONE',  ( 0.000000000000000000, 0.000000000000000000, -1.000000000000000000 ) ) ;
#3829 = CARTESIAN_POINT ( 'NONE',  ( 0.1195687970383526449, -0.07122359699767641383, 0.1261601207017442605 ) ) ;
#3830 = STYLED_ITEM ( 'NONE', ( #1642 ), #6142 ) ;
#3831 = STYLED_ITEM ( 'NONE', ( #1566 ), #2302 ) ;
#3832 = CARTESIAN_POINT ( 'NONE',  ( 0.02244094488188976347, 0.03943762711624172745, -0.07834645669291344372 ) ) ;
#3833 = CARTESIAN_POINT ( 'NONE',  ( 0.02227786867623108083, -0.03937007874015739650, 0.07890323368597364218 ) ) ;
#3834 = CARTESIAN_POINT ( 'NONE',  ( 0.02236734215532158732, 0.03953647627197257736, 0.08241797301726866420 ) ) ;
#3835 = PRESENTATION_STYLE_ASSIGNMENT (( #2953 ) ) ;
#3837 = PRESENTATION_STYLE_ASSIGNMENT (( #1879 ) ) ;
#3836 = DIRECTION ( 'NONE',  ( 0.000000000000000000, 0.000000000000000000, -1.000000000000000000 ) ) ;
#3838 = VERTEX_POINT ( 'NONE', #1772 ) ;
#3839 = UNCERTAINTY_MEASURE_WITH_UNIT (LENGTH_MEASURE( 1.000000000000000082E-05 ), #4944, 'distance_accuracy_value', 'NONE');
#3840 = FACE_OUTER_BOUND ( 'NONE', #3504, .T. ) ;
#3841 =( GEOMETRIC_REPRESENTATION_CONTEXT ( 3 ) GLOBAL_UNCERTAINTY_ASSIGNED_CONTEXT ( ( #399 ) ) GLOBAL_UNIT_ASSIGNED_CONTEXT ( ( #2306, #4638, #883 ) ) REPRESENTATION_CONTEXT ( 'NONE', 'WORKASPACE' ) );
#3842 = MECHANICAL_DESIGN_GEOMETRIC_PRESENTATION_REPRESENTATION (  '', ( #6054 ), #1895 ) ;
#3843 =( NAMED_UNIT ( * ) PLANE_ANGLE_UNIT ( ) SI_UNIT ( $, .RADIAN. ) );
#3844 = ORIENTED_EDGE ( 'NONE', *, *, #3937, .T. ) ;
#3845 = DIRECTION ( 'NONE',  ( 0.000000000000000000, 0.000000000000000000, 1.000000000000000000 ) ) ;
#3846 = STYLED_ITEM ( 'NONE', ( #5353 ), #2743 ) ;
#3847 = SURFACE_SIDE_STYLE ('',( #6255 ) ) ;
#3848 =( NAMED_UNIT ( * ) PLANE_ANGLE_UNIT ( ) SI_UNIT ( $, .RADIAN. ) );
#3849 = ORIENTED_EDGE ( 'NONE', *, *, #3005, .F. ) ;
#3850 = DIMENSIONAL_EXPONENTS ( 1.000000000000000000, 0.000000000000000000, 0.000000000000000000, 0.000000000000000000, 0.000000000000000000, 0.000000000000000000, 0.000000000000000000 ) ;
#3851 = SURFACE_STYLE_USAGE ( .BOTH. , #1857 ) ;
#3852 =( LENGTH_UNIT ( ) NAMED_UNIT ( * ) SI_UNIT ( $, .METRE. ) );
#3853 = CYLINDRICAL_SURFACE ( 'NONE', #2701, 0.0003937007874015758277 ) ;
#3854 =( CONVERSION_BASED_UNIT ( 'INCH', #1896 ) LENGTH_UNIT ( ) NAMED_UNIT ( #6032 ) );
#3855 = CARTESIAN_POINT ( 'NONE',  ( -0.1203027814985611482, 0.07309651022515012420, 0.1250102571100857596 ) ) ;
#3856 = CARTESIAN_POINT ( 'NONE',  ( 0.05118110236220473064, -0.07303149606299212671, 0.003937007874015758385 ) ) ;
#3857 = CARTESIAN_POINT ( 'NONE',  ( 0.04921259842519686012, -0.07303149606299212671, 0.001968503937007879193 ) ) ;
#3858 = ORIENTED_EDGE ( 'NONE', *, *, #3315, .T. ) ;
#3859 = ADVANCED_FACE ( 'NONE', ( #3241 ), #3322, .F. ) ;
#3860 = COLOUR_RGB ( '',0.7490196078431372584, 0.7490196078431372584, 0.7490196078431372584 ) ;
#3861 =( LENGTH_UNIT ( ) NAMED_UNIT ( * ) SI_UNIT ( $, .METRE. ) );
#3862 = CYLINDRICAL_SURFACE ( 'NONE', #4937, 0.0003937007874015758277 ) ;
#3863 =( CONVERSION_BASED_UNIT ( 'INCH', #2946 ) LENGTH_UNIT ( ) NAMED_UNIT ( #332 ) );
#3864 = CARTESIAN_POINT ( 'NONE',  ( 0.1208864303922468075, -0.07254123035157056254, 0.1235248539939559492 ) ) ;
#3865 = AXIS2_PLACEMENT_3D ( 'NONE', #5511, #5478, #1575 ) ;
#3866 = ORIENTED_EDGE ( 'NONE', *, *, #2829, .T. ) ;
#3867 = DIMENSIONAL_EXPONENTS ( 1.000000000000000000, 0.000000000000000000, 0.000000000000000000, 0.000000000000000000, 0.000000000000000000, 0.000000000000000000, 0.000000000000000000 ) ;
#3868 =( GEOMETRIC_REPRESENTATION_CONTEXT ( 3 ) GLOBAL_UNCERTAINTY_ASSIGNED_CONTEXT ( ( #2742 ) ) GLOBAL_UNIT_ASSIGNED_CONTEXT ( ( #5786, #1796, #6225 ) ) REPRESENTATION_CONTEXT ( 'NONE', 'WORKASPACE' ) );
#3869 =( LENGTH_UNIT ( ) NAMED_UNIT ( * ) SI_UNIT ( $, .METRE. ) );
#3870 = CARTESIAN_POINT ( 'NONE',  ( 0.02204724409448819214, -0.02450787401574803723, 0.08228346456692912925 ) ) ;
#3871 = PRODUCT_DEFINITION ( 'UNKNOWN', '', #1774, #4162 ) ;
#3872 = CIRCLE ( 'NONE', #5273, 0.001968503937007869652 ) ;
#3873 =( NAMED_UNIT ( * ) PLANE_ANGLE_UNIT ( ) SI_UNIT ( $, .RADIAN. ) );
#3874 = DIRECTION ( 'NONE',  ( 1.000000000000000000, 0.000000000000000000, 0.000000000000000000 ) ) ;
#3875 =( LENGTH_UNIT ( ) NAMED_UNIT ( * ) SI_UNIT ( $, .METRE. ) );
#3877 = CARTESIAN_POINT ( 'NONE',  ( 0.02204724409448819214, -0.04862204724409449619, 0.0003937007874015748519 ) ) ;
#3876 = DIRECTION ( 'NONE',  ( -0.000000000000000000, -0.000000000000000000, -1.000000000000000000 ) ) ;
#3878 = FACE_OUTER_BOUND ( 'NONE', #1418, .T. ) ;
#3879 =( GEOMETRIC_REPRESENTATION_CONTEXT ( 3 ) GLOBAL_UNCERTAINTY_ASSIGNED_CONTEXT ( ( #1271 ) ) GLOBAL_UNIT_ASSIGNED_CONTEXT ( ( #4161, #3051, #837 ) ) REPRESENTATION_CONTEXT ( 'NONE', 'WORKASPACE' ) );
#3880 = SURFACE_STYLE_USAGE ( .BOTH. , #1921 ) ;
#3881 = AXIS2_PLACEMENT_3D ( 'NONE', #5995, #5516, #1993 ) ;
#3882 = EDGE_CURVE ( 'NONE', #5167, #2033, #88, .T. ) ;
#3883 =( GEOMETRIC_REPRESENTATION_CONTEXT ( 3 ) GLOBAL_UNCERTAINTY_ASSIGNED_CONTEXT ( ( #3484 ) ) GLOBAL_UNIT_ASSIGNED_CONTEXT ( ( #4003, #3530, #6021 ) ) REPRESENTATION_CONTEXT ( 'NONE', 'WORKASPACE' ) );
#3884 = PRESENTATION_STYLE_ASSIGNMENT (( #1417 ) ) ;
#3885 = LENGTH_MEASURE_WITH_UNIT ( LENGTH_MEASURE( 0.02539999999999999897 ), #4116 );
#3886 = ORIENTED_EDGE ( 'NONE', *, *, #1545, .F. ) ;
#3887 = COLOUR_RGB ( '',0.2862745098039215508, 0.2862745098039215508, 0.2862745098039215508 ) ;
#3888 = EDGE_LOOP ( 'NONE', ( #881, #2734, #1088, #548 ) ) ;
#3889 = ADVANCED_FACE ( 'NONE', ( #4826 ), #1475, .F. ) ;
#3890 = MECHANICAL_DESIGN_GEOMETRIC_PRESENTATION_REPRESENTATION (  '', ( #645 ), #3665 ) ;
#3891 = EDGE_CURVE ( 'NONE', #138, #1147, #935, .T. ) ;
#3892 = CARTESIAN_POINT ( 'NONE',  ( 0.01850393700787405366, 0.03976377952755905804, -0.08228346456692912925 ) ) ;
#3893 =( LENGTH_UNIT ( ) NAMED_UNIT ( * ) SI_UNIT ( $, .METRE. ) );
#3894 = CARTESIAN_POINT ( 'NONE',  ( -0.1191804867913477395, 0.07399289891628876847, 0.1247108228522533363 ) ) ;
#3895 = SURFACE_STYLE_USAGE ( .BOTH. , #1059 ) ;
#3896 = VECTOR ( 'NONE', #6273, 39.37007874015748143 ) ;
#3897 = ORIENTED_EDGE ( 'NONE', *, *, #510, .T. ) ;
#3898 = CARTESIAN_POINT ( 'NONE',  ( -0.1210629921259842451, -0.07303149606299214058, 0.003937007874015770528 ) ) ;
#3899 = LINE ( 'NONE', #4420, #4604 ) ;
#3900 =( NAMED_UNIT ( * ) PLANE_ANGLE_UNIT ( ) SI_UNIT ( $, .RADIAN. ) );
#3901 = CARTESIAN_POINT ( 'NONE',  ( 0.1210629921259842590, 0.07303149606299214058, 0.1228740157480315009 ) ) ;
#3902 = ORIENTED_EDGE ( 'NONE', *, *, #1064, .F. ) ;
#3903 = CYLINDRICAL_SURFACE ( 'NONE', #4573, 0.001968503937007870519 ) ;
#3904 = CARTESIAN_POINT ( 'NONE',  ( 0.03969707343455865928, -0.03937007874015736181, 0.08267716535433072833 ) ) ;
#3905 = CARTESIAN_POINT ( 'NONE',  ( 0.1210629921259842590, -0.03749999999999999861, 0.1228740157480315009 ) ) ;
#3906 = DIRECTION ( 'NONE',  ( 1.000000000000000000, 0.000000000000000000, 0.000000000000000000 ) ) ;
#3907 =( CONVERSION_BASED_UNIT ( 'INCH', #1956 ) LENGTH_UNIT ( ) NAMED_UNIT ( #3231 ) );
#3908 = EDGE_CURVE ( 'NONE', #3595, #1132, #732, .T. ) ;
#3909 =( BOUNDED_SURFACE ( )  B_SPLINE_SURFACE ( 3, 3, ( 
 ( #5937, #5395, #1576, #1116 ),
 ( #1045, #2515, #3528, #5456 ),
 ( #2661, #2177, #804, #1778 ),
 ( #5630, #4108, #2628, #1275 ) ),
 .UNSPECIFIED., .F., .F., .F. ) 
 B_SPLINE_SURFACE_WITH_KNOTS ( ( 4, 4 ),
 ( 4, 4 ),
 ( 0.000000000000000000, 1.000000000000000000 ),
 ( 0.000000000000000000, 1.000000000000000000 ),
 .UNSPECIFIED. ) 
 GEOMETRIC_REPRESENTATION_ITEM ( )  RATIONAL_B_SPLINE_SURFACE ( (
 ( 1.000000000000000000, 0.3333333333333448056, 0.3333333333333448056, 1.000000000000000000),
 ( 0.9245018060306315899, 0.3081672686768878178, 0.3081672686768878178, 0.9245018060306315899),
 ( 0.9245018060306315899, 0.3081672686768878178, 0.3081672686768878178, 0.9245018060306315899),
 ( 1.000000000000000000, 0.3333333333333448056, 0.3333333333333448056, 1.000000000000000000) ) ) 
 REPRESENTATION_ITEM ( '' )  SURFACE ( )  );
#3910 = DIRECTION ( 'NONE',  ( 0.000000000000000000, -1.000000000000000000, 0.000000000000000000 ) ) ;
#3911 = SURFACE_STYLE_USAGE ( .BOTH. , #5882 ) ;
#3912 = MECHANICAL_DESIGN_GEOMETRIC_PRESENTATION_REPRESENTATION (  '', ( #566 ), #5420 ) ;
#3913 = CARTESIAN_POINT ( 'NONE',  ( 0.02227454735007464853, -0.03953647627197259817, 0.08251076782251556829 ) ) ;
#3914 = EDGE_CURVE ( 'NONE', #3084, #1563, #2883, .T. ) ;
#3915 = ORIENTED_EDGE ( 'NONE', *, *, #1722, .F. ) ;
#3916 = CARTESIAN_POINT ( 'NONE',  ( 0.02244094488188976347, 0.03953315494581629425, 0.07913385826771653087 ) ) ;
#3917 =( NAMED_UNIT ( * ) SI_UNIT ( $, .STERADIAN. ) SOLID_ANGLE_UNIT ( ) );
#3918 = EDGE_LOOP ( 'NONE', ( #4755, #2454, #5884, #5137 ) ) ;
#3919 = DIRECTION ( 'NONE',  ( -1.000000000000000000, -4.749352646498039829E-16, -0.000000000000000000 ) ) ;
#3920 = FILL_AREA_STYLE_COLOUR ( '', #67 ) ;
#3921 = VERTEX_POINT ( 'NONE', #2011 ) ;
#3922 = SURFACE_SIDE_STYLE ('',( #523 ) ) ;
#3923 = B_SPLINE_CURVE_WITH_KNOTS ( 'NONE', 3,
 ( #2217, #3194, #4149, #3168, #320, #3682, #5588, #4716, #3270 ),
 .UNSPECIFIED., .F., .F.,
 ( 4, 1, 2, 2, 4 ),
 ( 0.000000000000000000, 0.2499999999999990008, 0.3749999999999982236, 0.4999999999999974465, 1.000000000000000000 ),
 .UNSPECIFIED. ) ;
#3924 = UNCERTAINTY_MEASURE_WITH_UNIT (LENGTH_MEASURE( 1.000000000000000082E-05 ), #5074, 'distance_accuracy_value', 'NONE');
#3925 = STYLED_ITEM ( 'NONE', ( #5825 ), #2949 ) ;
#3926 = EDGE_CURVE ( 'NONE', #3734, #4020, #3960, .T. ) ;
#3927 = EDGE_LOOP ( 'NONE', ( #2584, #6026, #559, #2646, #1665 ) ) ;
#3928 = DIMENSIONAL_EXPONENTS ( 1.000000000000000000, 0.000000000000000000, 0.000000000000000000, 0.000000000000000000, 0.000000000000000000, 0.000000000000000000, 0.000000000000000000 ) ;
#3929 = PRESENTATION_STYLE_ASSIGNMENT (( #5311 ) ) ;
#3930 = DIRECTION ( 'NONE',  ( 2.434699615406050148E-16, 1.000000000000000000, 0.000000000000000000 ) ) ;
#3931 = CARTESIAN_POINT ( 'NONE',  ( 0.1195687970383527143, -0.07122359699767649710, 0.002619406857310905331 ) ) ;
#3932 = CARTESIAN_POINT ( 'NONE',  ( 0.04921259842519685318, -0.07303149606299212671, 0.001968503937007873988 ) ) ;
#3933 = DIRECTION ( 'NONE',  ( -0.000000000000000000, 0.000000000000000000, 1.000000000000000000 ) ) ;
#3934 = ORIENTED_EDGE ( 'NONE', *, *, #2562, .T. ) ;
#3935 = AXIS2_PLACEMENT_3D ( 'NONE', #2566, #3581, #5452 ) ;
#3936 = FILL_AREA_STYLE_COLOUR ( '', #934 ) ;
#3937 = EDGE_CURVE ( 'NONE', #4563, #2215, #832, .T. ) ;
#3938 = CARTESIAN_POINT ( 'NONE',  ( -0.04921259842519684624, 0.07499999999999999722, 0.001968503937007873988 ) ) ;
#3939 = PRESENTATION_STYLE_ASSIGNMENT (( #1484 ) ) ;
#3940 = CARTESIAN_POINT ( 'NONE',  ( 0.02204724409448819214, -0.04862204724409449619, 0.0003937007874015748519 ) ) ;
#3941 = FILL_AREA_STYLE_COLOUR ( '', #882 ) ;
#3942 = COLOUR_RGB ( '',0.8313725490196077761, 0.8313725490196077761, 0.8313725490196077761 ) ;
#3944 = SURFACE_STYLE_USAGE ( .BOTH. , #5847 ) ;
#3943 = DIRECTION ( 'NONE',  ( 0.000000000000000000, 0.000000000000000000, 1.000000000000000000 ) ) ;
#3945 = MECHANICAL_DESIGN_GEOMETRIC_PRESENTATION_REPRESENTATION (  '', ( #3831 ), #3026 ) ;
#3946 = PRODUCT_DEFINITION_SHAPE ( 'NONE', 'NONE',  #6290 ) ;
#3947 = DIRECTION ( 'NONE',  ( 1.000000000000000000, 4.749352646498039829E-16, 0.000000000000000000 ) ) ;
#3948 = SURFACE_STYLE_FILL_AREA ( #4941 ) ;
#3949 = ORIENTED_EDGE ( 'NONE', *, *, #296, .F. ) ;
#3950 =( NAMED_UNIT ( * ) SI_UNIT ( $, .STERADIAN. ) SOLID_ANGLE_UNIT ( ) );
#3951 = VERTEX_POINT ( 'NONE', #3121 ) ;
#3952 =( BOUNDED_SURFACE ( )  B_SPLINE_SURFACE ( 3, 3, ( 
 ( #4545, #4104, #1678, #4934 ),
 ( #2050, #3999, #2115, #5538 ),
 ( #5933, #2173, #4996, #213 ),
 ( #5025, #3606, #3127, #635 ) ),
 .UNSPECIFIED., .F., .F., .F. ) 
 B_SPLINE_SURFACE_WITH_KNOTS ( ( 4, 4 ),
 ( 4, 4 ),
 ( 0.000000000000000000, 1.000000000000000000 ),
 ( 0.000000000000000000, 1.000000000000000000 ),
 .UNSPECIFIED. ) 
 GEOMETRIC_REPRESENTATION_ITEM ( )  RATIONAL_B_SPLINE_SURFACE ( (
 ( 1.000000000000000000, 0.3333333333333300952, 0.3333333333333300952, 1.000000000000000000),
 ( 0.9245018060306295915, 0.3081672686768735514, 0.3081672686768735514, 0.9245018060306295915),
 ( 0.9245018060306295915, 0.3081672686768735514, 0.3081672686768735514, 0.9245018060306295915),
 ( 1.000000000000000000, 0.3333333333333300952, 0.3333333333333300952, 1.000000000000000000) ) ) 
 REPRESENTATION_ITEM ( '' )  SURFACE ( )  );
#3953 = CARTESIAN_POINT ( 'NONE',  ( 2.398833465510976296E-17, -0.04862204724409449619, 0.000000000000000000 ) ) ;
#3954 = AXIS2_PLACEMENT_3D ( 'NONE', #1014, #5969, #5001 ) ;
#3955 = SURFACE_STYLE_USAGE ( .BOTH. , #4413 ) ;
#3956 = ORIENTED_EDGE ( 'NONE', *, *, #999, .F. ) ;
#3957 = DIRECTION ( 'NONE',  ( 1.000000000000000000, 4.749352646498039829E-16, 0.000000000000000000 ) ) ;
#3958 = ORIENTED_EDGE ( 'NONE', *, *, #1397, .F. ) ;
#3959 = LENGTH_MEASURE_WITH_UNIT ( LENGTH_MEASURE( 0.02539999999999999897 ), #5408 );
#3960 = LINE ( 'NONE', #4792, #3896 ) ;
#3961 = DIRECTION ( 'NONE',  ( -0.5773502691896272854, -0.5773502691896229555, 0.5773502691896272854 ) ) ;
#3962 = SURFACE_STYLE_FILL_AREA ( #4896 ) ;
#3963 = ORIENTED_EDGE ( 'NONE', *, *, #2253, .F. ) ;
#3964 = ADVANCED_FACE ( 'NONE', ( #4096 ), #2616, .T. ) ;
#3965 = STYLED_ITEM ( 'NONE', ( #4541 ), #389 ) ;
#3966 = CARTESIAN_POINT ( 'NONE',  ( -0.04921259842519686012, 0.07696832908310610732, 0.005942616686744657192 ) ) ;
#3967 = ADVANCED_FACE ( 'NONE', ( #707 ), #4985, .F. ) ;
#3968 = CARTESIAN_POINT ( 'NONE',  ( -0.1202310044669087086, -0.07416801234092446071, 0.1240105320259638350 ) ) ;
#3969 = DIRECTION ( 'NONE',  ( 1.000000000000000000, -2.434699615406050148E-16, -0.000000000000000000 ) ) ;
#3970 = STYLED_ITEM ( 'NONE', ( #6016 ), #794 ) ;
#3971 = CARTESIAN_POINT ( 'NONE',  ( 0.1202310044669087086, 0.07416801234092446071, 0.004768995533091286224 ) ) ;
#3972 = CARTESIAN_POINT ( 'NONE',  ( -0.04921259842519686012, -0.07303149606299212671, 0.001968503937007872687 ) ) ;
#3973 = EDGE_CURVE ( 'NONE', #448, #3838, #4888, .T. ) ;
#3974 = UNCERTAINTY_MEASURE_WITH_UNIT (LENGTH_MEASURE( 1.000000000000000082E-05 ), #1455, 'distance_accuracy_value', 'NONE');
#3975 = FILL_AREA_STYLE_COLOUR ( '', #5138 ) ;
#3976 = AXIS2_PLACEMENT_3D ( 'NONE', #1094, #1937, #583 ) ;
#3977 = ORIENTED_EDGE ( 'NONE', *, *, #1359, .F. ) ;
#3978 = SURFACE_STYLE_FILL_AREA ( #3023 ) ;
#3979 = PRESENTATION_LAYER_ASSIGNMENT (  '', '', ( #415 ) ) ;
#3980 = CARTESIAN_POINT ( 'NONE',  ( 0.1190944881889763746, -0.07303149606299212671, 0.1228740157480315009 ) ) ;
#3981 = ORIENTED_EDGE ( 'NONE', *, *, #1653, .T. ) ;
#3982 = ADVANCED_FACE ( 'NONE', ( #3541 ), #4511, .T. ) ;
#3983 = VECTOR ( 'NONE', #1751, 39.37007874015748143 ) ;
#3984 = CARTESIAN_POINT ( 'NONE',  ( -0.04921259842519686012, -0.07303149606299212671, 0.001968503937007870519 ) ) ;
#3985 = VERTEX_POINT ( 'NONE', #2220 ) ;
#3986 = AXIS2_PLACEMENT_3D ( 'NONE', #1167, #6075, #5115 ) ;
#3987 = UNCERTAINTY_MEASURE_WITH_UNIT (LENGTH_MEASURE( 1.000000000000000082E-05 ), #3423, 'distance_accuracy_value', 'NONE');
#3988 = UNCERTAINTY_MEASURE_WITH_UNIT (LENGTH_MEASURE( 1.000000000000000082E-05 ), #4924, 'distance_accuracy_value', 'NONE');
#3989 = AXIS2_PLACEMENT_3D ( 'NONE', #5690, #833, #6129 ) ;
#3990 = ORIENTED_EDGE ( 'NONE', *, *, #2180, .T. ) ;
#3991 = VECTOR ( 'NONE', #1801, 39.37007874015748143 ) ;
#3992 = CIRCLE ( 'NONE', #6209, 0.001968503937007874856 ) ;
#3993 = DIRECTION ( 'NONE',  ( 1.000000000000000000, 4.869399230812090436E-16, 0.000000000000000000 ) ) ;
#3994 = CARTESIAN_POINT ( 'NONE',  ( -0.1190944881889763746, -0.07303149606299212671, 0.1228740157480315009 ) ) ;
#3995 = VERTEX_POINT ( 'NONE', #4720 ) ;
#3996 = AXIS2_PLACEMENT_3D ( 'NONE', #2151, #3129, #2458 ) ;
#3997 =( CONVERSION_BASED_UNIT ( 'INCH', #4047 ) LENGTH_UNIT ( ) NAMED_UNIT ( #1850 ) );
#3998 =( NAMED_UNIT ( * ) SI_UNIT ( $, .STERADIAN. ) SOLID_ANGLE_UNIT ( ) );
#3999 = CARTESIAN_POINT ( 'NONE',  ( 0.02248884777322955261, 0.04864940548285660166, -0.0001807529381456085408 ) ) ;
#4000 = CARTESIAN_POINT ( 'NONE',  ( 0.1190944881889763746, 0.07303149606299212671, 0.1228740157480315009 ) ) ;
#4001 = CARTESIAN_POINT ( 'NONE',  ( -0.1210629921259842590, 0.07499999999999999722, 0.000000000000000000 ) ) ;
#4002 = EDGE_CURVE ( 'NONE', #471, #3084, #1738, .T. ) ;
#4003 =( CONVERSION_BASED_UNIT ( 'INCH', #2154 ) LENGTH_UNIT ( ) NAMED_UNIT ( #3298 ) );
#4004 =( NAMED_UNIT ( * ) PLANE_ANGLE_UNIT ( ) SI_UNIT ( $, .RADIAN. ) );
#4005 = ORIENTED_EDGE ( 'NONE', *, *, #1050, .T. ) ;
#4006 = FILL_AREA_STYLE ('',( #3695 ) ) ;
#4007 = CARTESIAN_POINT ( 'NONE',  ( -0.1190944881889763746, 0.07303149606299212671, 0.1228740157480315009 ) ) ;
#4008 = ORIENTED_EDGE ( 'NONE', *, *, #5558, .F. ) ;
#4009 =( CONVERSION_BASED_UNIT ( 'INCH', #2062 ) LENGTH_UNIT ( ) NAMED_UNIT ( #1644 ) );
#4010 = ADVANCED_FACE ( 'NONE', ( #386 ), #4184, .T. ) ;
#4011 =( NAMED_UNIT ( * ) SI_UNIT ( $, .STERADIAN. ) SOLID_ANGLE_UNIT ( ) );
#4012 = ORIENTED_EDGE ( 'NONE', *, *, #35, .T. ) ;
#4013 = CARTESIAN_POINT ( 'NONE',  ( -0.1192312793827869644, -0.07523951445669875560, 0.1239387549943112982 ) ) ;
#4014 = CIRCLE ( 'NONE', #5431, 0.001968503937007879193 ) ;
#4015 = ORIENTED_EDGE ( 'NONE', *, *, #5447, .F. ) ;
#4016 =( NAMED_UNIT ( * ) SI_UNIT ( $, .STERADIAN. ) SOLID_ANGLE_UNIT ( ) );
#4017 = CIRCLE ( 'NONE', #2083, 0.0003937007874015758277 ) ;
#4018 = PLANE ( 'NONE',  #2426 ) ;
#4019 = SURFACE_STYLE_FILL_AREA ( #149 ) ;
#4020 = VERTEX_POINT ( 'NONE', #4619 ) ;
#4021 = PRESENTATION_LAYER_ASSIGNMENT (  '', '', ( #4202 ) ) ;
#4022 =( LENGTH_UNIT ( ) NAMED_UNIT ( * ) SI_UNIT ( $, .METRE. ) );
#4023 = DIRECTION ( 'NONE',  ( 0.000000000000000000, 1.000000000000000000, 0.000000000000000000 ) ) ;
#4024 = SURFACE_STYLE_USAGE ( .BOTH. , #5354 ) ;
#4025 = LENGTH_MEASURE_WITH_UNIT ( LENGTH_MEASURE( 0.02539999999999999897 ), #3662 );
#4026 =( NAMED_UNIT ( * ) SI_UNIT ( $, .STERADIAN. ) SOLID_ANGLE_UNIT ( ) );
#4027 = DIRECTION ( 'NONE',  ( 1.000000000000000000, 0.000000000000000000, -0.000000000000000000 ) ) ;
#4028 = PRESENTATION_STYLE_ASSIGNMENT (( #4081 ) ) ;
#4029 = PRESENTATION_LAYER_ASSIGNMENT (  '', '', ( #4033 ) ) ;
#4030 = CARTESIAN_POINT ( 'NONE',  ( 0.02204724409448819214, 0.03976377952755906497, 0.08228346456692912925 ) ) ;
#4031 = ORIENTED_EDGE ( 'NONE', *, *, #5647, .T. ) ;
#4032 = DIRECTION ( 'NONE',  ( 0.000000000000000000, 1.000000000000000000, 0.000000000000000000 ) ) ;
#4033 = STYLED_ITEM ( 'NONE', ( #856 ), #6216 ) ;
#4034 = PRODUCT ( 'body', 'body', '', ( #3611 ) ) ;
#4035 = EDGE_LOOP ( 'NONE', ( #2181, #5151, #3293, #3742 ) ) ;
#4036 =( NAMED_UNIT ( * ) SI_UNIT ( $, .STERADIAN. ) SOLID_ANGLE_UNIT ( ) );
#4037 = VERTEX_POINT ( 'NONE', #5132 ) ;
#4038 = CIRCLE ( 'NONE', #3729, 0.001968503937007869652 ) ;
#4039 = DIRECTION ( 'NONE',  ( 1.000000000000000000, 3.344045254895049987E-16, 0.000000000000000000 ) ) ;
#4040 = FILL_AREA_STYLE_COLOUR ( '', #4667 ) ;
#4041 = DIRECTION ( 'NONE',  ( 1.000000000000000000, -2.434699615406050148E-16, 0.000000000000000000 ) ) ;
#4042 =( GEOMETRIC_REPRESENTATION_CONTEXT ( 3 ) GLOBAL_UNCERTAINTY_ASSIGNED_CONTEXT ( ( #3526 ) ) GLOBAL_UNIT_ASSIGNED_CONTEXT ( ( #2936, #4411, #5265 ) ) REPRESENTATION_CONTEXT ( 'NONE', 'WORKASPACE' ) );
#4043 = LENGTH_MEASURE_WITH_UNIT ( LENGTH_MEASURE( 0.02539999999999999897 ), #5503 );
#4044 = ORIENTED_EDGE ( 'NONE', *, *, #2419, .T. ) ;
#4045 = EDGE_CURVE ( 'NONE', #2752, #555, #3992, .T. ) ;
#4046 = UNCERTAINTY_MEASURE_WITH_UNIT (LENGTH_MEASURE( 1.000000000000000082E-05 ), #4655, 'distance_accuracy_value', 'NONE');
#4047 = LENGTH_MEASURE_WITH_UNIT ( LENGTH_MEASURE( 0.02539999999999999897 ), #4022 );
#4048 = SURFACE_STYLE_FILL_AREA ( #4101 ) ;
#4049 =( LENGTH_UNIT ( ) NAMED_UNIT ( * ) SI_UNIT ( $, .METRE. ) );
#4050 = CARTESIAN_POINT ( 'NONE',  ( 0.01850393700787405366, 9.834652777191338465E-17, -0.07874015748031495954 ) ) ;
#4051 = SURFACE_SIDE_STYLE ('',( #2654 ) ) ;
#4052 = DIMENSIONAL_EXPONENTS ( 1.000000000000000000, 0.000000000000000000, 0.000000000000000000, 0.000000000000000000, 0.000000000000000000, 0.000000000000000000, 0.000000000000000000 ) ;
#4053 = DIRECTION ( 'NONE',  ( 0.000000000000000000, 0.000000000000000000, 1.000000000000000000 ) ) ;
#4054 = VECTOR ( 'NONE', #5770, 39.37007874015748143 ) ;
#4055 = SURFACE_STYLE_FILL_AREA ( #5968 ) ;
#4056 =( NAMED_UNIT ( * ) PLANE_ANGLE_UNIT ( ) SI_UNIT ( $, .RADIAN. ) );
#4057 = CARTESIAN_POINT ( 'NONE',  ( 0.02236734215532158732, 0.03953647627197260511, 0.08241797301726866420 ) ) ;
#4058 = ORIENTED_EDGE ( 'NONE', *, *, #622, .T. ) ;
#4059 = CARTESIAN_POINT ( 'NONE',  ( -0.02204724409448815398, 0.02450787401574803723, 0.0003937007874015748519 ) ) ;
#4060 = EDGE_CURVE ( 'NONE', #6023, #3838, #235, .T. ) ;
#4061 = MECHANICAL_DESIGN_GEOMETRIC_PRESENTATION_REPRESENTATION (  '', ( #1006 ), #3868 ) ;
#4062 = CIRCLE ( 'NONE', #5679, 0.001968503937007879193 ) ;
#4063 = DIRECTION ( 'NONE',  ( -0.000000000000000000, -0.000000000000000000, 1.000000000000000000 ) ) ;
#4064 = ORIENTED_EDGE ( 'NONE', *, *, #5063, .T. ) ;
#4065 = CARTESIAN_POINT ( 'NONE',  ( 0.02226660976693103575, -0.03997583086083691950, -0.08285299193974207665 ) ) ;
#4066 = EDGE_CURVE ( 'NONE', #2420, #866, #5306, .T. ) ;
#4067 = VECTOR ( 'NONE', #2362, 39.37007874015748143 ) ;
#4068 = DIRECTION ( 'NONE',  ( -0.000000000000000000, -0.000000000000000000, 1.000000000000000000 ) ) ;
#4069 = ADVANCED_FACE ( 'NONE', ( #1860 ), #3235, .T. ) ;
#4070 = ORIENTED_EDGE ( 'NONE', *, *, #1415, .T. ) ;
#4071 = VECTOR ( 'NONE', #2845, 39.37007874015748143 ) ;
#4072 = CARTESIAN_POINT ( 'NONE',  ( 0.02244094488188980163, 0.04901574803149607445, 0.0003937007874015748519 ) ) ;
#4073 = ORIENTED_EDGE ( 'NONE', *, *, #1923, .F. ) ;
#4074 = DIRECTION ( 'NONE',  ( 1.000000000000000000, 4.749352646498039829E-16, 0.000000000000000000 ) ) ;
#4075 = CARTESIAN_POINT ( 'NONE',  ( -0.04921259842519686012, -0.07499999999999999722, 0.002495962977226613873 ) ) ;
#4076 = SURFACE_STYLE_FILL_AREA ( #5508 ) ;
#4077 = DIRECTION ( 'NONE',  ( 0.000000000000000000, 1.000000000000000000, 0.000000000000000000 ) ) ;
#4078 = SURFACE_STYLE_USAGE ( .BOTH. , #4051 ) ;
#4079 = CARTESIAN_POINT ( 'NONE',  ( 0.03008475718972027438, -0.03976377952755905804, 0.08228346456692912925 ) ) ;
#4080 = CONTEXT_DEPENDENT_SHAPE_REPRESENTATION ( #5033, #3027 ) ;
#4081 = SURFACE_STYLE_USAGE ( .BOTH. , #518 ) ;
#4082 = CARTESIAN_POINT ( 'NONE',  ( 0.02206444381496247206, 0.03957149895689975744, -0.08265082598777348522 ) ) ;
#4083 =( NAMED_UNIT ( * ) SI_UNIT ( $, .STERADIAN. ) SOLID_ANGLE_UNIT ( ) );
#4084 = DIRECTION ( 'NONE',  ( 1.000000000000000000, 4.749352646498039829E-16, 0.000000000000000000 ) ) ;
#4085 = ORIENTED_EDGE ( 'NONE', *, *, #2276, .F. ) ;
#4086 = SURFACE_SIDE_STYLE ('',( #750 ) ) ;
#4087 = DIMENSIONAL_EXPONENTS ( 1.000000000000000000, 0.000000000000000000, 0.000000000000000000, 0.000000000000000000, 0.000000000000000000, 0.000000000000000000, 0.000000000000000000 ) ;
#4088 = ADVANCED_FACE ( 'NONE', ( #1405 ), #2158, .T. ) ;
#4089 = EDGE_CURVE ( 'NONE', #6218, #2932, #2372, .T. ) ;
#4090 = CARTESIAN_POINT ( 'NONE',  ( 0.1171100597271125948, 0.07385886370546471125, 0.002795936253859027283 ) ) ;
#4091 = ORIENTED_EDGE ( 'NONE', *, *, #1453, .T. ) ;
#4092 = LENGTH_MEASURE_WITH_UNIT ( LENGTH_MEASURE( 0.02539999999999999897 ), #3592 );
#4093 = LENGTH_MEASURE_WITH_UNIT ( LENGTH_MEASURE( 0.02539999999999999897 ), #286 );
#4094 = ORIENTED_EDGE ( 'NONE', *, *, #4591, .T. ) ;
#4095 =( BOUNDED_SURFACE ( )  B_SPLINE_SURFACE ( 3, 3, ( 
 ( #6068, #3203, #5143, #434 ),
 ( #5838, #1842, #2333, #4255 ),
 ( #2400, #6163, #5723, #2915 ),
 ( #3864, #3829, #6200, #5798 ) ),
 .UNSPECIFIED., .F., .F., .T. ) 
 B_SPLINE_SURFACE_WITH_KNOTS ( ( 4, 4 ),
 ( 4, 4 ),
 ( 0.000000000000000000, 1.000000000000000000 ),
 ( 0.000000000000000000, 1.000000000000000000 ),
 .UNSPECIFIED. ) 
 GEOMETRIC_REPRESENTATION_ITEM ( )  RATIONAL_B_SPLINE_SURFACE ( (
 ( 1.000000000000000000, 0.3333333333333242110, 0.3333333333333242110, 1.000000000000000000),
 ( 0.9245018060306385843, 0.3081672686768711089, 0.3081672686768711089, 0.9245018060306385843),
 ( 0.9245018060306385843, 0.3081672686768711089, 0.3081672686768711089, 0.9245018060306385843),
 ( 1.000000000000000000, 0.3333333333333242110, 0.3333333333333242110, 1.000000000000000000) ) ) 
 REPRESENTATION_ITEM ( '' )  SURFACE ( )  );
#4096 = FACE_OUTER_BOUND ( 'NONE', #101, .T. ) ;
#4097 = EDGE_CURVE ( 'NONE', #2939, #721, #307, .T. ) ;
#4098 = LINE ( 'NONE', #4124, #2634 ) ;
#4099 = ORIENTED_EDGE ( 'NONE', *, *, #157, .F. ) ;
#4100 = PRODUCT_DEFINITION_CONTEXT ( 'detailed design', #4695, 'design' ) ;
#4101 = FILL_AREA_STYLE ('',( #660 ) ) ;
#4102 = DIRECTION ( 'NONE',  ( 0.000000000000000000, 0.000000000000000000, 1.000000000000000000 ) ) ;
#4103 = CARTESIAN_POINT ( 'NONE',  ( 0.1222040637461409424, -0.07385886370546462798, 0.1208895872861676934 ) ) ;
#4104 = CARTESIAN_POINT ( 'NONE',  ( 0.02227454735007466588, 0.04884935049968097687, -0.0001663975318151097039 ) ) ;
#4105 = EDGE_CURVE ( 'NONE', #5118, #1000, #4578, .T. ) ;
#4106 = SURFACE_STYLE_FILL_AREA ( #1114 ) ;
#4107 = LENGTH_MEASURE_WITH_UNIT ( LENGTH_MEASURE( 0.02539999999999999897 ), #1683 );
#4108 = CARTESIAN_POINT ( 'NONE',  ( 0.02270446508523073226, 0.04871690901396973777, 0.0007552806004646892479 ) ) ;
#4109 =( GEOMETRIC_REPRESENTATION_CONTEXT ( 3 ) GLOBAL_UNCERTAINTY_ASSIGNED_CONTEXT ( ( #3147 ) ) GLOBAL_UNIT_ASSIGNED_CONTEXT ( ( #795, #392, #738 ) ) REPRESENTATION_CONTEXT ( 'NONE', 'WORKASPACE' ) );
#4110 = ORIENTED_EDGE ( 'NONE', *, *, #3882, .F. ) ;
#4111 = DIRECTION ( 'NONE',  ( 0.000000000000000000, -1.000000000000000000, 0.000000000000000000 ) ) ;
#4112 = CIRCLE ( 'NONE', #4926, 0.001968503937007879193 ) ;
#4113 = COLOUR_RGB ( '',0.7490196078431372584, 0.7490196078431372584, 0.7490196078431372584 ) ;
#4114 = DIRECTION ( 'NONE',  ( 0.4082482904638737309, -0.4082482904638630172, -0.8164965809277207054 ) ) ;
#4115 = ORIENTED_EDGE ( 'NONE', *, *, #5176, .T. ) ;
#4116 =( LENGTH_UNIT ( ) NAMED_UNIT ( * ) SI_UNIT ( $, .METRE. ) );
#4117 = SURFACE_STYLE_FILL_AREA ( #2131 ) ;
#4118 = LENGTH_MEASURE_WITH_UNIT ( LENGTH_MEASURE( 0.02539999999999999897 ), #2102 );
#4119 = ORIENTED_EDGE ( 'NONE', *, *, #1838, .F. ) ;
#4120 = PRODUCT_DEFINITION ( 'UNKNOWN', '', #4525, #4100 ) ;
#4121 = CARTESIAN_POINT ( 'NONE',  ( -0.02244094488188972530, 0.04901574803149607445, 0.000000000000000000 ) ) ;
#4122 = SURFACE_STYLE_FILL_AREA ( #1830 ) ;
#4123 = CIRCLE ( 'NONE', #4536, 0.001968503937007879193 ) ;
#4124 = CARTESIAN_POINT ( 'NONE',  ( 0.02244094488188980163, 0.04901574803149607445, -0.0003937007874015748519 ) ) ;
#4125 = ORIENTED_EDGE ( 'NONE', *, *, #5095, .F. ) ;
#4126 = STYLED_ITEM ( 'NONE', ( #2572 ), #2391 ) ;
#4127 = SURFACE_SIDE_STYLE ('',( #4574 ) ) ;
#4128 = SURFACE_STYLE_USAGE ( .BOTH. , #868 ) ;
#4129 = CARTESIAN_POINT ( 'NONE',  ( 0.1208864303922467937, -0.07254123035157053478, 0.1235248539939559215 ) ) ;
#4130 = FILL_AREA_STYLE ('',( #1297 ) ) ;
#4131 = PRESENTATION_LAYER_ASSIGNMENT (  '', '', ( #195 ) ) ;
#4132 = SURFACE_SIDE_STYLE ('',( #5109 ) ) ;
#4133 = CARTESIAN_POINT ( 'NONE',  ( 0.03008475718972027438, -0.03976377952755905804, -0.08228346456692912925 ) ) ;
#4134 = ITEM_DEFINED_TRANSFORMATION ( 'NONE', 'NONE', #5239,  #4612 ) ;
#4135 = ADVANCED_FACE ( 'NONE', ( #2268 ), #1425, .T. ) ;
#4136 = LINE ( 'NONE', #3250, #4783 ) ;
#4137 = PRESENTATION_STYLE_ASSIGNMENT (( #5149 ) ) ;
#4138 = CARTESIAN_POINT ( 'NONE',  ( 0.02204724409448819214, -0.03937007874015743814, -0.07913385826771651699 ) ) ;
#4139 = ORIENTED_EDGE ( 'NONE', *, *, #1963, .T. ) ;
#4140 = DIRECTION ( 'NONE',  ( 1.000000000000000000, 4.513101726118519957E-17, 0.000000000000000000 ) ) ;
#4141 = VECTOR ( 'NONE', #4870, 39.37007874015748143 ) ;
#4142 = CARTESIAN_POINT ( 'NONE',  ( 0.1191595023511344137, 0.07423978937257695587, 0.003769270448969473490 ) ) ;
#4143 = STYLED_ITEM ( 'NONE', ( #3837 ), #627 ) ;
#4144 = ORIENTED_EDGE ( 'NONE', *, *, #4097, .T. ) ;
#4145 = CARTESIAN_POINT ( 'NONE',  ( 0.02244094488188980163, 9.834652777191338465E-17, -0.07874015748031495954 ) ) ;
#4146 = EDGE_LOOP ( 'NONE', ( #4953, #3050, #1972, #5318 ) ) ;
#4147 = VECTOR ( 'NONE', #3957, 39.37007874015748143 ) ;
#4148 = VECTOR ( 'NONE', #87, 39.37007874015748143 ) ;
#4149 = CARTESIAN_POINT ( 'NONE',  ( 0.05047446670203827729, 0.07499999999999999722, 0.005174285160696061314 ) ) ;
#4150 = DIRECTION ( 'NONE',  ( 0.000000000000000000, 1.000000000000000000, 0.000000000000000000 ) ) ;
#4151 = COLOUR_RGB ( '',0.8313725490196077761, 0.8313725490196077761, 0.8313725490196077761 ) ;
#4152 = EDGE_LOOP ( 'NONE', ( #1852, #4951, #4005, #1855, #2524, #260 ) ) ;
#4153 = EDGE_CURVE ( 'NONE', #3006, #1198, #3089, .T. ) ;
#4154 = EDGE_CURVE ( 'NONE', #721, #4652, #1389, .T. ) ;
#4155 = DIRECTION ( 'NONE',  ( 0.000000000000000000, 1.000000000000000000, 0.000000000000000000 ) ) ;
#4156 = STYLED_ITEM ( 'NONE', ( #4137 ), #2114 ) ;
#4157 = FILL_AREA_STYLE ('',( #3753 ) ) ;
#4158 =( CONVERSION_BASED_UNIT ( 'INCH', #1985 ) LENGTH_UNIT ( ) NAMED_UNIT ( #1806 ) );
#4159 = PRESENTATION_STYLE_ASSIGNMENT (( #869 ) ) ;
#4160 = LENGTH_MEASURE_WITH_UNIT ( LENGTH_MEASURE( 0.02539999999999999897 ), #2711 );
#4161 =( CONVERSION_BASED_UNIT ( 'INCH', #743 ) LENGTH_UNIT ( ) NAMED_UNIT ( #905 ) );
#4162 = PRODUCT_DEFINITION_CONTEXT ( 'detailed design', #5453, 'design' ) ;
#4163 = AXIS2_PLACEMENT_3D ( 'NONE', #2076, #4515, #5049 ) ;
#4164 = DIRECTION ( 'NONE',  ( 0.000000000000000000, 1.000000000000000000, 0.000000000000000000 ) ) ;
#4165 = SURFACE_SIDE_STYLE ('',( #2659 ) ) ;
#4166 =( GEOMETRIC_REPRESENTATION_CONTEXT ( 3 ) GLOBAL_UNCERTAINTY_ASSIGNED_CONTEXT ( ( #180 ) ) GLOBAL_UNIT_ASSIGNED_CONTEXT ( ( #3405, #887, #2380 ) ) REPRESENTATION_CONTEXT ( 'NONE', 'WORKASPACE' ) );
#4167 = DIRECTION ( 'NONE',  ( -0.000000000000000000, -1.000000000000000000, 0.000000000000000000 ) ) ;
#4168 = CARTESIAN_POINT ( 'NONE',  ( 0.02244094488188980163, 0.03897637795275602640, 0.07874015748031495954 ) ) ;
#4169 = CARTESIAN_POINT ( 'NONE',  ( 0.02266915920592117023, -0.04016066521993188337, 0.08244893809542358509 ) ) ;
#4170 = DIRECTION ( 'NONE',  ( 0.000000000000000000, 1.000000000000000000, 0.000000000000000000 ) ) ;
#4171 = ADVANCED_FACE ( 'NONE', ( #6182 ), #4338, .T. ) ;
#4172 = SURFACE_STYLE_USAGE ( .BOTH. , #311 ) ;
#4173 = EDGE_CURVE ( 'NONE', #3222, #4198, #4669, .T. ) ;
#4174 = PRESENTATION_LAYER_ASSIGNMENT (  '', '', ( #655 ) ) ;
#4175 = CARTESIAN_POINT ( 'NONE',  ( 0.02204724409448819214, 0.03976377952755905804, -0.08228346456692912925 ) ) ;
#4176 = ORIENTED_EDGE ( 'NONE', *, *, #994, .T. ) ;
#4177 =( NAMED_UNIT ( * ) SI_UNIT ( $, .STERADIAN. ) SOLID_ANGLE_UNIT ( ) );
#4178 = CARTESIAN_POINT ( 'NONE',  ( 0.02239938078385823525, 0.03958771118287401913, 0.08228346456692912925 ) ) ;
#4179 = ORIENTED_EDGE ( 'NONE', *, *, #5493, .T. ) ;
#4180 = AXIS2_PLACEMENT_3D ( 'NONE', #2727, #3116, #4642 ) ;
#4181 = EDGE_CURVE ( 'NONE', #3222, #2420, #3272, .T. ) ;
#4182 = CARTESIAN_POINT ( 'NONE',  ( -0.05118110236220473064, 0.07499999999999999722, 0.005905511811023621965 ) ) ;
#4183 = CARTESIAN_POINT ( 'NONE',  ( 0.02204724409448819214, -0.04862204724409450313, 0.000000000000000000 ) ) ;
#4184 = CYLINDRICAL_SURFACE ( 'NONE', #5701, 0.0003937007874015758277 ) ;
#4185 = CARTESIAN_POINT ( 'NONE',  ( 0.1202310044669086947, 0.07463198636715909218, 0.005232969559325971465 ) ) ;
#4186 = ORIENTED_EDGE ( 'NONE', *, *, #2691, .F. ) ;
#4187 = SURFACE_STYLE_USAGE ( .BOTH. , #5171 ) ;
#4188 = PRESENTATION_LAYER_ASSIGNMENT (  '', '', ( #2496 ) ) ;
#4189 = DIMENSIONAL_EXPONENTS ( 1.000000000000000000, 0.000000000000000000, 0.000000000000000000, 0.000000000000000000, 0.000000000000000000, 0.000000000000000000, 0.000000000000000000 ) ;
#4190 = FILL_AREA_STYLE_COLOUR ( '', #5725 ) ;
#4191 = CARTESIAN_POINT ( 'NONE',  ( 0.1195687970383527282, 0.07631760101670484464, 0.1210661166827158575 ) ) ;
#4192 = DIRECTION ( 'NONE',  ( 1.000000000000000000, 0.000000000000000000, 0.000000000000000000 ) ) ;
#4193 = UNCERTAINTY_MEASURE_WITH_UNIT (LENGTH_MEASURE( 1.000000000000000082E-05 ), #272, 'distance_accuracy_value', 'NONE');
#4194 = CARTESIAN_POINT ( 'NONE',  ( 0.000000000000000000, 0.000000000000000000, 0.000000000000000000 ) ) ;
#4195 = AXIS2_PLACEMENT_3D ( 'NONE', #3940, #5844, #4434 ) ;
#4196 = DIRECTION ( 'NONE',  ( 0.000000000000000000, 0.000000000000000000, 1.000000000000000000 ) ) ;
#4197 = LENGTH_MEASURE_WITH_UNIT ( LENGTH_MEASURE( 0.02539999999999999897 ), #5220 );
#4198 = VERTEX_POINT ( 'NONE', #1320 ) ;
#4199 = MECHANICAL_DESIGN_GEOMETRIC_PRESENTATION_REPRESENTATION (  '', ( #867 ), #1080 ) ;
#4200 = CARTESIAN_POINT ( 'NONE',  ( 0.005184816329220984753, 0.03937007874015747977, -0.08267716535433072833 ) ) ;
#4201 = DIMENSIONAL_EXPONENTS ( 1.000000000000000000, 0.000000000000000000, 0.000000000000000000, 0.000000000000000000, 0.000000000000000000, 0.000000000000000000, 0.000000000000000000 ) ;
#4202 = STYLED_ITEM ( 'NONE', ( #5050 ), #5703 ) ;
#4203 = DIRECTION ( 'NONE',  ( 0.000000000000000000, 0.000000000000000000, -1.000000000000000000 ) ) ;
#4204 = DIMENSIONAL_EXPONENTS ( 1.000000000000000000, 0.000000000000000000, 0.000000000000000000, 0.000000000000000000, 0.000000000000000000, 0.000000000000000000, 0.000000000000000000 ) ;
#4205 = ORIENTED_EDGE ( 'NONE', *, *, #5529, .T. ) ;
#4206 = DIRECTION ( 'NONE',  ( 0.5773502691896257311, 0.5773502691896040817, 0.5773502691896474914 ) ) ;
#4207 = MECHANICAL_DESIGN_GEOMETRIC_PRESENTATION_REPRESENTATION (  '', ( #5950 ), #1769 ) ;
#4208 = LINE ( 'NONE', #5127, #2414 ) ;
#4209 = EDGE_LOOP ( 'NONE', ( #2097, #4503, #3897, #4176 ) ) ;
#4210 = PRESENTATION_STYLE_ASSIGNMENT (( #3851 ) ) ;
#4211 = CARTESIAN_POINT ( 'NONE',  ( 0.01850393700787405366, 0.04901574803149607445, 0.003937007874015747977 ) ) ;
#4212 = CYLINDRICAL_SURFACE ( 'NONE', #4311, 0.0003937007874015758277 ) ;
#4213 = DIMENSIONAL_EXPONENTS ( 1.000000000000000000, 0.000000000000000000, 0.000000000000000000, 0.000000000000000000, 0.000000000000000000, 0.000000000000000000, 0.000000000000000000 ) ;
#4214 =( NAMED_UNIT ( * ) PLANE_ANGLE_UNIT ( ) SI_UNIT ( $, .RADIAN. ) );
#4215 = SURFACE_STYLE_USAGE ( .BOTH. , #6092 ) ;
#4216 = CARTESIAN_POINT ( 'NONE',  ( -0.1202310044669087225, 0.07416801234092450235, 0.1240105320259638905 ) ) ;
#4217 = SURFACE_SIDE_STYLE ('',( #3229 ) ) ;
#4218 = LENGTH_MEASURE_WITH_UNIT ( LENGTH_MEASURE( 0.02539999999999999897 ), #6061 );
#4219 = ADVANCED_FACE ( 'NONE', ( #3269 ), #156, .T. ) ;
#4220 = LENGTH_MEASURE_WITH_UNIT ( LENGTH_MEASURE( 0.02539999999999999897 ), #5166 );
#4221 = ORIENTED_EDGE ( 'NONE', *, *, #2202, .T. ) ;
#4222 = DIRECTION ( 'NONE',  ( 1.000000000000000000, 4.749352646498039829E-16, 0.000000000000000000 ) ) ;
#4223 = LINE ( 'NONE', #2397, #3991 ) ;
#4224 = DIRECTION ( 'NONE',  ( 1.000000000000000000, 4.749352646498039829E-16, 0.000000000000000000 ) ) ;
#4225 = EDGE_CURVE ( 'NONE', #1728, #1028, #1968, .T. ) ;
#4226 = FILL_AREA_STYLE ('',( #1273 ) ) ;
#4227 = PRESENTATION_STYLE_ASSIGNMENT (( #473 ) ) ;
#4228 = MECHANICAL_DESIGN_GEOMETRIC_PRESENTATION_REPRESENTATION (  '', ( #5462 ), #2827 ) ;
#4229 = ORIENTED_EDGE ( 'NONE', *, *, #6135, .T. ) ;
#4230 = DIMENSIONAL_EXPONENTS ( 1.000000000000000000, 0.000000000000000000, 0.000000000000000000, 0.000000000000000000, 0.000000000000000000, 0.000000000000000000, 0.000000000000000000 ) ;
#4231 = PRODUCT_RELATED_PRODUCT_CATEGORY ( 'part', '', ( #1884 ) ) ;
#4232 =( NAMED_UNIT ( * ) PLANE_ANGLE_UNIT ( ) SI_UNIT ( $, .RADIAN. ) );
#4233 = CARTESIAN_POINT ( 'NONE',  ( 0.02227786867623107389, -0.04901574803149607445, 0.08267716535433070058 ) ) ;
#4234 = DIRECTION ( 'NONE',  ( 0.000000000000000000, 0.000000000000000000, 1.000000000000000000 ) ) ;
#4235 = VERTEX_POINT ( 'NONE', #4576 ) ;
#4236 = CARTESIAN_POINT ( 'NONE',  ( -0.05054982063063377662, 0.07499999999999999722, 0.005274230079452776367 ) ) ;
#4237 = CARTESIAN_POINT ( 'NONE',  ( 0.1197670304406740771, -0.07463198636715916157, 0.004768995533091289693 ) ) ;
#4238 = VECTOR ( 'NONE', #6094, 39.37007874015748143 ) ;
#4239 = VERTEX_POINT ( 'NONE', #640 ) ;
#4240 = CARTESIAN_POINT ( 'NONE',  ( 0.02204724409448819214, -0.03897637795275583211, -0.07913385826771651699 ) ) ;
#4241 = CARTESIAN_POINT ( 'NONE',  ( -0.1206949784931433539, -0.07416801234092444683, 0.1235465579997291480 ) ) ;
#4242 = FILL_AREA_STYLE ('',( #5751 ) ) ;
#4243 =( NAMED_UNIT ( * ) SI_UNIT ( $, .STERADIAN. ) SOLID_ANGLE_UNIT ( ) );
#4244 = CARTESIAN_POINT ( 'NONE',  ( 0.04921259842519684624, -0.03749999999999999861, 0.001968503937007873988 ) ) ;
#4245 = SURFACE_STYLE_FILL_AREA ( #2288 ) ;
#4246 = CARTESIAN_POINT ( 'NONE',  ( 0.1212307295510305499, 0.07309651022515015195, 0.1240823090576163162 ) ) ;
#4247 = DIMENSIONAL_EXPONENTS ( 1.000000000000000000, 0.000000000000000000, 0.000000000000000000, 0.000000000000000000, 0.000000000000000000, 0.000000000000000000, 0.000000000000000000 ) ;
#4248 = ORIENTED_EDGE ( 'NONE', *, *, #3357, .F. ) ;
#4249 =( NAMED_UNIT ( * ) PLANE_ANGLE_UNIT ( ) SI_UNIT ( $, .RADIAN. ) );
#4250 = PRESENTATION_STYLE_ASSIGNMENT (( #4128 ) ) ;
#4251 =( GEOMETRIC_REPRESENTATION_CONTEXT ( 3 ) GLOBAL_UNCERTAINTY_ASSIGNED_CONTEXT ( ( #3244 ) ) GLOBAL_UNIT_ASSIGNED_CONTEXT ( ( #6053, #5092, #5523 ) ) REPRESENTATION_CONTEXT ( 'NONE', 'WORKASPACE' ) );
#4252 = SURFACE_SIDE_STYLE ('',( #393 ) ) ;
#4253 = CARTESIAN_POINT ( 'NONE',  ( 0.1186042224775548382, 0.07368233430891658886, 0.1246659579513019617 ) ) ;
#4254 = DIRECTION ( 'NONE',  ( 0.000000000000000000, 1.000000000000000000, 1.084202172485506406E-15 ) ) ;
#4255 = CARTESIAN_POINT ( 'NONE',  ( 0.1197670304406740494, -0.07463198636715907830, 0.1240105320259637933 ) ) ;
#4256 = DIMENSIONAL_EXPONENTS ( 1.000000000000000000, 0.000000000000000000, 0.000000000000000000, 0.000000000000000000, 0.000000000000000000, 0.000000000000000000, 0.000000000000000000 ) ;
#4257 = AXIS2_PLACEMENT_3D ( 'NONE', #4030, #3947, #158 ) ;
#4258 = VECTOR ( 'NONE', #56, 39.37007874015748143 ) ;
#4259 = UNCERTAINTY_MEASURE_WITH_UNIT (LENGTH_MEASURE( 1.000000000000000082E-05 ), #2897, 'distance_accuracy_value', 'NONE');
#4260 = DIRECTION ( 'NONE',  ( 1.000000000000000000, 4.749352646498039829E-16, 0.000000000000000000 ) ) ;
#4261 = PLANE ( 'NONE',  #3448 ) ;
#4262 = DIRECTION ( 'NONE',  ( 1.000000000000000000, 0.000000000000000000, 0.000000000000000000 ) ) ;
#4263 = CARTESIAN_POINT ( 'NONE',  ( 0.04921259842519684624, 0.07499999999999999722, 0.001968503937007873988 ) ) ;
#4264 = CARTESIAN_POINT ( 'NONE',  ( 0.1190944881889763746, -0.03749999999999999861, 0.003937007874015747977 ) ) ;
#4265 = DIRECTION ( 'NONE',  ( 1.000000000000000000, 4.513101726118519957E-17, 0.000000000000000000 ) ) ;
#4266 = AXIS2_PLACEMENT_3D ( 'NONE', #3282, #2914, #3825 ) ;
#4267 = CARTESIAN_POINT ( 'NONE',  ( 0.02168566428142504679, 0.03910655853681650057, -0.08237832633680444716 ) ) ;
#4268 = EDGE_CURVE ( 'NONE', #3624, #471, #4551, .T. ) ;
#4269 = ORIENTED_EDGE ( 'NONE', *, *, #1634, .T. ) ;
#4270 = CARTESIAN_POINT ( 'NONE',  ( -0.04977648804885347750, 0.07499999999999999722, 0.004271381589501374240 ) ) ;
#4271 = PLANE ( 'NONE',  #884 ) ;
#4272 = ORIENTED_EDGE ( 'NONE', *, *, #1722, .T. ) ;
#4273 =( CONVERSION_BASED_UNIT ( 'INCH', #859 ) LENGTH_UNIT ( ) NAMED_UNIT ( #3725 ) );
#4274 = FILL_AREA_STYLE ('',( #4781 ) ) ;
#4275 = CARTESIAN_POINT ( 'NONE',  ( 0.05002797945349034964, 0.07501086172755387638, 0.004762357272131864834 ) ) ;
#4276 = LINE ( 'NONE', #2836, #4301 ) ;
#4277 = LINE ( 'NONE', #4244, #5512 ) ;
#4278 = CARTESIAN_POINT ( 'NONE',  ( 0.1202310044669087086, 0.07416801234092444683, 0.1240105320259638350 ) ) ;
#4279 = ORIENTED_EDGE ( 'NONE', *, *, #1606, .F. ) ;
#4280 = LINE ( 'NONE', #6194, #1620 ) ;
#4281 = EDGE_CURVE ( 'NONE', #3995, #2706, #3163, .T. ) ;
#4282 = CARTESIAN_POINT ( 'NONE',  ( 0.02214210586436345454, -0.04826046743103136472, 0.0002635202033409662415 ) ) ;
#4283 = FILL_AREA_STYLE ('',( #366 ) ) ;
#4284 = CARTESIAN_POINT ( 'NONE',  ( 0.02204724409448819214, 0.04862204724409449619, 0.0003937007874015748519 ) ) ;
#4285 = DIRECTION ( 'NONE',  ( 0.000000000000000000, -1.000000000000000000, 0.000000000000000000 ) ) ;
#4286 = DIMENSIONAL_EXPONENTS ( 1.000000000000000000, 0.000000000000000000, 0.000000000000000000, 0.000000000000000000, 0.000000000000000000, 0.000000000000000000, 0.000000000000000000 ) ;
#4287 = DIRECTION ( 'NONE',  ( -0.000000000000000000, 1.000000000000000000, -0.000000000000000000 ) ) ;
#4288 =( LENGTH_UNIT ( ) NAMED_UNIT ( * ) SI_UNIT ( $, .METRE. ) );
#4290 = FACE_OUTER_BOUND ( 'NONE', #3234, .T. ) ;
#4289 = CARTESIAN_POINT ( 'NONE',  ( -0.04921259842519686012, -0.07499999999999999722, 0.002495962977226613873 ) ) ;
#4291 = ORIENTED_EDGE ( 'NONE', *, *, #509, .T. ) ;
#4292 = COLOUR_RGB ( '',0.7490196078431372584, 0.7490196078431372584, 0.7490196078431372584 ) ;
#4293 = LINE ( 'NONE', #3300, #1633 ) ;
#4294 = CARTESIAN_POINT ( 'NONE',  ( 0.02241460551533255505, 0.03957149895689974356, -0.08230066428740340223 ) ) ;
#4295 = VECTOR ( 'NONE', #1574, 39.37007874015748143 ) ;
#4296 = FILL_AREA_STYLE_COLOUR ( '', #2912 ) ;
#4297 = ORIENTED_EDGE ( 'NONE', *, *, #5735, .T. ) ;
#4298 = CARTESIAN_POINT ( 'NONE',  ( 0.1210629921259842590, -0.07303149606299212671, 0.000000000000000000 ) ) ;
#4299 =( NAMED_UNIT ( * ) SI_UNIT ( $, .STERADIAN. ) SOLID_ANGLE_UNIT ( ) );
#4300 = EDGE_CURVE ( 'NONE', #5945, #3084, #667, .T. ) ;
#4301 = VECTOR ( 'NONE', #44, 39.37007874015748143 ) ;
#4302 = ORIENTED_EDGE ( 'NONE', *, *, #1221, .T. ) ;
#4303 = AXIS2_PLACEMENT_3D ( 'NONE', #231, #728, #2696 ) ;
#4304 =( CONVERSION_BASED_UNIT ( 'INCH', #1354 ) LENGTH_UNIT ( ) NAMED_UNIT ( #2848 ) );
#4305 = CARTESIAN_POINT ( 'NONE',  ( 0.02204724409448819214, -0.04862204724409449619, 0.000000000000000000 ) ) ;
#4306 = CARTESIAN_POINT ( 'NONE',  ( 0.04921259842519686012, 0.07535501321061066626, 0.001968503937007874422 ) ) ;
#4307 = CARTESIAN_POINT ( 'NONE',  ( 0.02218175254482772016, -0.03953647627197259123, -0.08260356262776252789 ) ) ;
#4308 = DIRECTION ( 'NONE',  ( 0.000000000000000000, -1.000000000000000000, 0.000000000000000000 ) ) ;
#4309 = CARTESIAN_POINT ( 'NONE',  ( 0.1202310044669087086, 0.07416801234092446071, 0.1240105320259638488 ) ) ;
#4310 = ORIENTED_EDGE ( 'NONE', *, *, #4938, .F. ) ;
#4311 = AXIS2_PLACEMENT_3D ( 'NONE', #3195, #1666, #3169 ) ;
#4312 = FILL_AREA_STYLE_COLOUR ( '', #2660 ) ;
#4313 = UNCERTAINTY_MEASURE_WITH_UNIT (LENGTH_MEASURE( 1.000000000000000082E-05 ), #2824, 'distance_accuracy_value', 'NONE');
#4314 = CARTESIAN_POINT ( 'NONE',  ( 0.1190944881889763746, -0.07303149606299212671, 0.1228740157480315009 ) ) ;
#4315 = LINE ( 'NONE', #3428, #2293 ) ;
#4316 = CARTESIAN_POINT ( 'NONE',  ( 0.02204724409448819214, -0.03958771118287402607, -0.08263560125629917930 ) ) ;
#4317 = CIRCLE ( 'NONE', #5030, 0.001968503937007879193 ) ;
#4318 = VERTEX_POINT ( 'NONE', #2176 ) ;
#4319 = EDGE_CURVE ( 'NONE', #975, #1560, #2668, .T. ) ;
#4320 =( NAMED_UNIT ( * ) PLANE_ANGLE_UNIT ( ) SI_UNIT ( $, .RADIAN. ) );
#4321 = CARTESIAN_POINT ( 'NONE',  ( 0.02244094488188978428, 0.03976377952755907191, -0.07913385826771651699 ) ) ;
#4322 = CARTESIAN_POINT ( 'NONE',  ( 0.02244094488188978775, -0.03953315494581611383, 0.07913385826771650311 ) ) ;
#4323 = LINE ( 'NONE', #4900, #756 ) ;
#4324 =( NAMED_UNIT ( * ) SI_UNIT ( $, .STERADIAN. ) SOLID_ANGLE_UNIT ( ) );
#4325 =( CONVERSION_BASED_UNIT ( 'INCH', #29 ) LENGTH_UNIT ( ) NAMED_UNIT ( #4201 ) );
#4326 = EDGE_CURVE ( 'NONE', #1000, #3133, #947, .T. ) ;
#4327 = CARTESIAN_POINT ( 'NONE',  ( 0.02227786867623103573, 0.03937007874015760467, -0.07890323368597364218 ) ) ;
#4328 = AXIS2_PLACEMENT_3D ( 'NONE', #5666, #3367, #1377 ) ;
#4329 =( GEOMETRIC_REPRESENTATION_CONTEXT ( 3 ) GLOBAL_UNCERTAINTY_ASSIGNED_CONTEXT ( ( #3758 ) ) GLOBAL_UNIT_ASSIGNED_CONTEXT ( ( #4382, #5203, #6190 ) ) REPRESENTATION_CONTEXT ( 'NONE', 'WORKASPACE' ) );
#4330 =( BOUNDED_SURFACE ( )  B_SPLINE_SURFACE ( 3, 3, ( 
 ( #1964, #577, #2517, #3913 ),
 ( #5851, #68, #3502, #5365 ),
 ( #2962, #4874, #5426, #1996 ),
 ( #1083, #2207, #4169, #2155 ) ),
 .UNSPECIFIED., .F., .F., .T. ) 
 B_SPLINE_SURFACE_WITH_KNOTS ( ( 4, 4 ),
 ( 4, 4 ),
 ( 0.000000000000000000, 1.000000000000000000 ),
 ( 0.000000000000000000, 1.000000000000000000 ),
 .UNSPECIFIED. ) 
 GEOMETRIC_REPRESENTATION_ITEM ( )  RATIONAL_B_SPLINE_SURFACE ( (
 ( 1.000000000000000000, 0.3333333333333144410, 0.3333333333333144410, 1.000000000000000000),
 ( 0.9245018060306346985, 0.3081672686768607838, 0.3081672686768607838, 0.9245018060306346985),
 ( 0.9245018060306346985, 0.3081672686768607838, 0.3081672686768607838, 0.9245018060306346985),
 ( 1.000000000000000000, 0.3333333333333144410, 0.3333333333333144410, 1.000000000000000000) ) ) 
 REPRESENTATION_ITEM ( '' )  SURFACE ( )  );
#4331 = PRESENTATION_STYLE_ASSIGNMENT (( #2862 ) ) ;
#4332 = DIMENSIONAL_EXPONENTS ( 1.000000000000000000, 0.000000000000000000, 0.000000000000000000, 0.000000000000000000, 0.000000000000000000, 0.000000000000000000, 0.000000000000000000 ) ;
#4333 = CARTESIAN_POINT ( 'NONE',  ( 0.02204724409448818867, 0.03976377952755904416, 0.08228346456692912925 ) ) ;
#4334 = ORIENTED_EDGE ( 'NONE', *, *, #64, .F. ) ;
#4335 = LENGTH_MEASURE_WITH_UNIT ( LENGTH_MEASURE( 0.02539999999999999897 ), #1462 );
#4336 = COLOUR_RGB ( '',0.2862745098039215508, 0.2862745098039215508, 0.2862745098039215508 ) ;
#4337 = ORIENTED_EDGE ( 'NONE', *, *, #5762, .T. ) ;
#4338 = PLANE ( 'NONE',  #5821 ) ;
#4339 = LENGTH_MEASURE_WITH_UNIT ( LENGTH_MEASURE( 0.02539999999999999897 ), #3852 );
#4340 =( LENGTH_UNIT ( ) NAMED_UNIT ( * ) SI_UNIT ( $, .METRE. ) );
#4341 = CARTESIAN_POINT ( 'NONE',  ( 0.02226019194374411619, -0.03932217584881769756, -0.08231082280569122778 ) ) ;
#4342 = CARTESIAN_POINT ( 'NONE',  ( -0.1197670304406740494, 0.07416801234092450235, 0.1244745060521985497 ) ) ;
#4343 = CARTESIAN_POINT ( 'NONE',  ( 0.02204724409448819214, 0.04862204724409450313, 0.0003937007874015748519 ) ) ;
#4344 = UNCERTAINTY_MEASURE_WITH_UNIT (LENGTH_MEASURE( 1.000000000000000082E-05 ), #1370, 'distance_accuracy_value', 'NONE');
#4345 =( BOUNDED_SURFACE ( )  B_SPLINE_SURFACE ( 3, 3, ( 
 ( #5859, #5918, #5467, #3417 ),
 ( #5435, #3030, #4013, #4950 ),
 ( #2006, #5946, #615, #5404 ),
 ( #3481, #4415, #490, #1585 ) ),
 .UNSPECIFIED., .F., .F., .F. ) 
 B_SPLINE_SURFACE_WITH_KNOTS ( ( 4, 4 ),
 ( 4, 4 ),
 ( 0.000000000000000000, 1.000000000000000000 ),
 ( 0.000000000000000000, 1.000000000000000000 ),
 .UNSPECIFIED. ) 
 GEOMETRIC_REPRESENTATION_ITEM ( )  RATIONAL_B_SPLINE_SURFACE ( (
 ( 1.000000000000000000, 0.3333333333333408088, 0.3333333333333408088, 1.000000000000000000),
 ( 0.9245018060306376961, 0.3081672686768861524, 0.3081672686768861524, 0.9245018060306376961),
 ( 0.9245018060306376961, 0.3081672686768861524, 0.3081672686768861524, 0.9245018060306376961),
 ( 1.000000000000000000, 0.3333333333333408088, 0.3333333333333408088, 1.000000000000000000) ) ) 
 REPRESENTATION_ITEM ( '' )  SURFACE ( )  );
#4346 = ORIENTED_EDGE ( 'NONE', *, *, #1018, .F. ) ;
#4347 =( LENGTH_UNIT ( ) NAMED_UNIT ( * ) SI_UNIT ( $, .METRE. ) );
#4348 = CARTESIAN_POINT ( 'NONE',  ( 0.02247449236689902027, -0.04886370590601146063, -0.0003806979549699849165 ) ) ;
#4349 = DIRECTION ( 'NONE',  ( 1.000000000000000000, 0.000000000000000000, -0.000000000000000000 ) ) ;
#4350 = CARTESIAN_POINT ( 'NONE',  ( 0.04921259842519685318, -0.07499999999999999722, 0.002495962977226614740 ) ) ;
#4351 = AXIS2_PLACEMENT_3D ( 'NONE', #871, #3175, #300 ) ;
#4352 = EDGE_CURVE ( 'NONE', #6116, #2100, #1550, .T. ) ;
#4353 = ADVANCED_FACE ( 'NONE', ( #5055 ), #1682, .T. ) ;
#4354 = ORIENTED_EDGE ( 'NONE', *, *, #4631, .T. ) ;
#4355 = AXIS2_PLACEMENT_3D ( 'NONE', #3305, #5194, #3845 ) ;
#4356 = EDGE_CURVE ( 'NONE', #3022, #318, #4136, .T. ) ;
#4357 = SURFACE_SIDE_STYLE ('',( #2887 ) ) ;
#4358 = CARTESIAN_POINT ( 'NONE',  ( 0.02204724409448819214, -0.04901574803149608139, -0.08267716535433072833 ) ) ;
#4359 = MECHANICAL_DESIGN_GEOMETRIC_PRESENTATION_REPRESENTATION (  '', ( #919 ), #3242 ) ;
#4360 = PRESENTATION_STYLE_ASSIGNMENT (( #3328 ) ) ;
#4361 = LINE ( 'NONE', #4395, #4295 ) ;
#4363 = FILL_AREA_STYLE ('',( #2894 ) ) ;
#4362 = PRESENTATION_STYLE_ASSIGNMENT (( #5879 ) ) ;
#4364 = CARTESIAN_POINT ( 'NONE',  ( 0.1190944881889763746, 0.07303149606299212671, 0.000000000000000000 ) ) ;
#4365 = STYLED_ITEM ( 'NONE', ( #5105 ), #4613 ) ;
#4366 = PRESENTATION_LAYER_ASSIGNMENT (  '', '', ( #123 ) ) ;
#4367 = CARTESIAN_POINT ( 'NONE',  ( 0.02227786867623103573, 0.03897637795275601946, -0.07874015748031493178 ) ) ;
#4368 =( NAMED_UNIT ( * ) PLANE_ANGLE_UNIT ( ) SI_UNIT ( $, .RADIAN. ) );
#4369 = AXIS2_PLACEMENT_3D ( 'NONE', #4899, #3550, #2080 ) ;
#4370 = CARTESIAN_POINT ( 'NONE',  ( 0.02227454735007466588, 0.03953647627197259123, -0.08251076782251559605 ) ) ;
#4371 = PRESENTATION_LAYER_ASSIGNMENT (  '', '', ( #23 ) ) ;
#4372 = ADVANCED_FACE ( 'NONE', ( #1714 ), #4698, .T. ) ;
#4373 = DIRECTION ( 'NONE',  ( 0.000000000000000000, 0.000000000000000000, 1.000000000000000000 ) ) ;
#4374 = ORIENTED_EDGE ( 'NONE', *, *, #761, .T. ) ;
#4375 = VECTOR ( 'NONE', #347, 39.37007874015748143 ) ;
#4376 = VERTEX_POINT ( 'NONE', #2778 ) ;
#4377 = PRESENTATION_LAYER_ASSIGNMENT (  '', '', ( #829 ) ) ;
#4378 = DIRECTION ( 'NONE',  ( 0.000000000000000000, 0.000000000000000000, 1.000000000000000000 ) ) ;
#4379 = CIRCLE ( 'NONE', #2474, 0.0003937007874015728461 ) ;
#4380 = CARTESIAN_POINT ( 'NONE',  ( 0.02241460551533255852, -0.03957149895689972968, -0.08230066428740338835 ) ) ;
#4381 = ORIENTED_EDGE ( 'NONE', *, *, #2651, .F. ) ;
#4382 =( CONVERSION_BASED_UNIT ( 'INCH', #423 ) LENGTH_UNIT ( ) NAMED_UNIT ( #49 ) );
#4383 = STYLED_ITEM ( 'NONE', ( #3143 ), #3967 ) ;
#4384 = EDGE_CURVE ( 'NONE', #6253, #2903, #2664, .T. ) ;
#4385 = EDGE_LOOP ( 'NONE', ( #2771, #250, #3812, #5732, #325, #4796 ) ) ;
#4386 = AXIS2_PLACEMENT_3D ( 'NONE', #1875, #402, #4262 ) ;
#4387 = CARTESIAN_POINT ( 'NONE',  ( 0.02204724409448819214, 0.03937007874015747977, -0.04133858267716536417 ) ) ;
#4388 = SURFACE_STYLE_USAGE ( .BOTH. , #5314 ) ;
#4389 = CARTESIAN_POINT ( 'NONE',  ( 0.02204724409448819214, 0.03937007874015756997, -0.07913385826771651699 ) ) ;
#4390 = PLANE ( 'NONE',  #4962 ) ;
#4391 = DIRECTION ( 'NONE',  ( 0.000000000000000000, 0.000000000000000000, 1.000000000000000000 ) ) ;
#4392 = EDGE_LOOP ( 'NONE', ( #2348, #3146, #2290, #1584 ) ) ;
#4393 = FILL_AREA_STYLE ('',( #25 ) ) ;
#4394 = LINE ( 'NONE', #599, #2043 ) ;
#4395 = CARTESIAN_POINT ( 'NONE',  ( 0.04724409448818897572, -2.090028284309405548E-18, 0.000000000000000000 ) ) ;
#4396 =( NAMED_UNIT ( * ) PLANE_ANGLE_UNIT ( ) SI_UNIT ( $, .RADIAN. ) );
#4397 = DIMENSIONAL_EXPONENTS ( 1.000000000000000000, 0.000000000000000000, 0.000000000000000000, 0.000000000000000000, 0.000000000000000000, 0.000000000000000000, 0.000000000000000000 ) ;
#4399 = CARTESIAN_POINT ( 'NONE',  ( 0.1210629921259842590, -0.07499999999999999722, 0.000000000000000000 ) ) ;
#4398 = CARTESIAN_POINT ( 'NONE',  ( 0.02244094488188980163, -0.03947406793167421851, 0.07837370109719710154 ) ) ;
#4400 = FACE_OUTER_BOUND ( 'NONE', #1608, .T. ) ;
#4401 = STYLED_ITEM ( 'NONE', ( #541 ), #41 ) ;
#4402 = COLOUR_RGB ( '',0.8313725490196077761, 0.8313725490196077761, 0.8313725490196077761 ) ;
#4403 = DIRECTION ( 'NONE',  ( 0.000000000000000000, 0.000000000000000000, 1.000000000000000000 ) ) ;
#4404 = EDGE_LOOP ( 'NONE', ( #1661, #4636, #4381, #5576 ) ) ;
#4405 = CARTESIAN_POINT ( 'NONE',  ( 0.02204724409448819214, 0.03920700253449889428, 0.07874015748031494566 ) ) ;
#4406 = AXIS2_PLACEMENT_3D ( 'NONE', #4059, #4032, #3162 ) ;
#4407 = STYLED_ITEM ( 'NONE', ( #931 ), #42 ) ;
#4408 = DIRECTION ( 'NONE',  ( -1.000000000000000000, 2.434699615406050148E-16, 0.000000000000000000 ) ) ;
#4409 = ORIENTED_EDGE ( 'NONE', *, *, #3341, .T. ) ;
#4410 = MECHANICAL_DESIGN_GEOMETRIC_PRESENTATION_REPRESENTATION (  '', ( #574 ), #5216 ) ;
#4411 =( NAMED_UNIT ( * ) PLANE_ANGLE_UNIT ( ) SI_UNIT ( $, .RADIAN. ) );
#4412 = SURFACE_STYLE_FILL_AREA ( #2970 ) ;
#4413 = SURFACE_SIDE_STYLE ('',( #554 ) ) ;
#4414 = ORIENTED_EDGE ( 'NONE', *, *, #3420, .F. ) ;
#4415 = CARTESIAN_POINT ( 'NONE',  ( -0.1195687970383527698, -0.07631760101670478913, 0.1210661166827158713 ) ) ;
#4416 = UNCERTAINTY_MEASURE_WITH_UNIT (LENGTH_MEASURE( 1.000000000000000082E-05 ), #4753, 'distance_accuracy_value', 'NONE');
#4417 = EDGE_CURVE ( 'NONE', #4889, #5917, #2869, .T. ) ;
#4418 = ORIENTED_EDGE ( 'NONE', *, *, #5310, .T. ) ;
#4419 = LENGTH_MEASURE_WITH_UNIT ( LENGTH_MEASURE( 0.02539999999999999897 ), #2009 );
#4420 = CARTESIAN_POINT ( 'NONE',  ( -0.02244094488188972877, 0.02450787401574803723, 0.0003937007874015747977 ) ) ;
#4421 = VECTOR ( 'NONE', #3549, 39.37007874015748143 ) ;
#4422 = CARTESIAN_POINT ( 'NONE',  ( 0.04948790586779631268, -0.07499999999999998335, 0.003741340146960018924 ) ) ;
#4423 = SURFACE_STYLE_USAGE ( .BOTH. , #3392 ) ;
#4424 = EDGE_CURVE ( 'NONE', #1950, #5042, #6133, .T. ) ;
#4425 = CARTESIAN_POINT ( 'NONE',  ( 0.000000000000000000, -0.07303149606299212671, 0.003937007874015747977 ) ) ;
#4426 = CARTESIAN_POINT ( 'NONE',  ( 0.02204724409448819214, 0.04862204724409449619, -0.0003937007874015748519 ) ) ;
#4427 = ORIENTED_EDGE ( 'NONE', *, *, #808, .T. ) ;
#4428 =( GEOMETRIC_REPRESENTATION_CONTEXT ( 3 ) GLOBAL_UNCERTAINTY_ASSIGNED_CONTEXT ( ( #5290 ) ) GLOBAL_UNIT_ASSIGNED_CONTEXT ( ( #3443, #1087, #2059 ) ) REPRESENTATION_CONTEXT ( 'NONE', 'WORKASPACE' ) );
#4429 = STYLED_ITEM ( 'NONE', ( #5497 ), #6137 ) ;
#4430 = COLOUR_RGB ( '',0.7490196078431372584, 0.7490196078431372584, 0.7490196078431372584 ) ;
#4431 =( LENGTH_UNIT ( ) NAMED_UNIT ( * ) SI_UNIT ( $, .METRE. ) );
#4432 = FACE_OUTER_BOUND ( 'NONE', #822, .T. ) ;
#4433 = LENGTH_MEASURE_WITH_UNIT ( LENGTH_MEASURE( 0.02539999999999999897 ), #2504 );
#4434 = DIRECTION ( 'NONE',  ( 0.5773502691896305050, -0.5773502691896088557, -0.5773502691896378325 ) ) ;
#4435 = DIRECTION ( 'NONE',  ( 0.000000000000000000, 1.000000000000000000, 0.000000000000000000 ) ) ;
#4436 = COLOUR_RGB ( '',0.7490196078431372584, 0.7490196078431372584, 0.7490196078431372584 ) ;
#4437 = EDGE_CURVE ( 'NONE', #1461, #1563, #801, .T. ) ;
#4438 =( CONVERSION_BASED_UNIT ( 'INCH', #2509 ) LENGTH_UNIT ( ) NAMED_UNIT ( #3850 ) );
#4439 = CARTESIAN_POINT ( 'NONE',  ( -0.1190944881889763746, 0.07303149606299215446, 0.1228740157480315565 ) ) ;
#4440 = SURFACE_STYLE_FILL_AREA ( #4940 ) ;
#4441 = PRESENTATION_STYLE_ASSIGNMENT (( #3911 ) ) ;
#4442 = ORIENTED_EDGE ( 'NONE', *, *, #3474, .F. ) ;
#4443 = CARTESIAN_POINT ( 'NONE',  ( 0.01850393700787405366, 0.03976377952755905804, -0.08267716535433072833 ) ) ;
#4444 = STYLED_ITEM ( 'NONE', ( #4227 ), #2586 ) ;
#4445 = ORIENTED_EDGE ( 'NONE', *, *, #2510, .T. ) ;
#4446 =( LENGTH_UNIT ( ) NAMED_UNIT ( * ) SI_UNIT ( $, .METRE. ) );
#4447 = CIRCLE ( 'NONE', #5652, 0.001968503937007879193 ) ;
#4448 = SURFACE_STYLE_USAGE ( .BOTH. , #1607 ) ;
#4449 = ORIENTED_EDGE ( 'NONE', *, *, #3424, .F. ) ;
#4450 = FILL_AREA_STYLE_COLOUR ( '', #2960 ) ;
#4451 = ORIENTED_EDGE ( 'NONE', *, *, #2419, .F. ) ;
#4452 = SURFACE_STYLE_USAGE ( .BOTH. , #5981 ) ;
#4453 = CARTESIAN_POINT ( 'NONE',  ( 0.04921259842519685318, -0.07499999999999999722, 0.002495962977226614740 ) ) ;
#4454 = DIRECTION ( 'NONE',  ( 1.000000000000000000, -2.434699615406050148E-16, 0.000000000000000000 ) ) ;
#4455 = DIRECTION ( 'NONE',  ( 0.5773502691896285066, 0.5773502691896285066, 0.5773502691896202910 ) ) ;
#4456 = ORIENTED_EDGE ( 'NONE', *, *, #1242, .T. ) ;
#4457 = ADVANCED_FACE ( 'NONE', ( #3666 ), #744, .T. ) ;
#4458 = LINE ( 'NONE', #5384, #4624 ) ;
#4459 = DIRECTION ( 'NONE',  ( -0.000000000000000000, -1.000000000000000000, -0.000000000000000000 ) ) ;
#4460 = CARTESIAN_POINT ( 'NONE',  ( 0.04921259842519685318, -0.07499999999999999722, 0.002495962977226614740 ) ) ;
#4461 = CARTESIAN_POINT ( 'NONE',  ( 0.02244094488188977041, -0.03953315494581610690, -0.07880770585639912396 ) ) ;
#4462 = FACE_OUTER_BOUND ( 'NONE', #1085, .T. ) ;
#4463 =( NAMED_UNIT ( * ) SI_UNIT ( $, .STERADIAN. ) SOLID_ANGLE_UNIT ( ) );
#4464 = UNCERTAINTY_MEASURE_WITH_UNIT (LENGTH_MEASURE( 1.000000000000000082E-05 ), #2989, 'distance_accuracy_value', 'NONE');
#4465 = STYLED_ITEM ( 'NONE', ( #5502 ), #993 ) ;
#4466 = ORIENTED_EDGE ( 'NONE', *, *, #6109, .F. ) ;
#4467 = FACE_OUTER_BOUND ( 'NONE', #2279, .T. ) ;
#4468 = COLOUR_RGB ( '',0.8313725490196077761, 0.8313725490196077761, 0.8313725490196077761 ) ;
#4469 =( LENGTH_UNIT ( ) NAMED_UNIT ( * ) SI_UNIT ( $, .METRE. ) );
#4470 = ORIENTED_EDGE ( 'NONE', *, *, #1050, .F. ) ;
#4471 = VECTOR ( 'NONE', #1212, 39.37007874015748143 ) ;
#4472 = VECTOR ( 'NONE', #697, 39.37007874015748143 ) ;
#4473 = ADVANCED_FACE ( 'NONE', ( #2918 ), #3903, .T. ) ;
#4474 = CARTESIAN_POINT ( 'NONE',  ( 0.02194919095220388555, -0.04898043568474858001, 0.0002635331382166940977 ) ) ;
#4475 = ORIENTED_EDGE ( 'NONE', *, *, #3973, .F. ) ;
#4476 = SURFACE_STYLE_USAGE ( .BOTH. , #3922 ) ;
#4477 = AXIS2_PLACEMENT_3D ( 'NONE', #5931, #5386, #2018 ) ;
#4478 = UNCERTAINTY_MEASURE_WITH_UNIT (LENGTH_MEASURE( 1.000000000000000082E-05 ), #3283, 'distance_accuracy_value', 'NONE');
#4479 = UNCERTAINTY_MEASURE_WITH_UNIT (LENGTH_MEASURE( 1.000000000000000082E-05 ), #3015, 'distance_accuracy_value', 'NONE');
#4480 = ORIENTED_EDGE ( 'NONE', *, *, #5939, .T. ) ;
#4481 = CIRCLE ( 'NONE', #1729, 0.0003937007874015758277 ) ;
#4482 = PRESENTATION_LAYER_ASSIGNMENT (  '', '', ( #3160 ) ) ;
#4483 = DIRECTION ( 'NONE',  ( 0.4082482904638600751, -0.8164965809277291431, -0.4082482904638600751 ) ) ;
#4484 = FACE_OUTER_BOUND ( 'NONE', #5406, .T. ) ;
#4485 = EDGE_LOOP ( 'NONE', ( #2671, #3485, #5036, #4531 ) ) ;
#4486 = STYLED_ITEM ( 'NONE', ( #2933 ), #4219 ) ;
#4487 = UNCERTAINTY_MEASURE_WITH_UNIT (LENGTH_MEASURE( 1.000000000000000082E-05 ), #364, 'distance_accuracy_value', 'NONE');
#4488 = CARTESIAN_POINT ( 'NONE',  ( -0.1190944881889763468, -0.07303149606299214058, 0.1228740157480315009 ) ) ;
#4489 = DIRECTION ( 'NONE',  ( 1.000000000000000000, 4.749352646498039829E-16, 0.000000000000000000 ) ) ;
#4490 = DIRECTION ( 'NONE',  ( 0.000000000000000000, -1.000000000000000000, 0.000000000000000000 ) ) ;
#4491 = DIRECTION ( 'NONE',  ( 0.000000000000000000, 0.000000000000000000, 1.000000000000000000 ) ) ;
#4492 = PRESENTATION_STYLE_ASSIGNMENT (( #1208 ) ) ;
#4493 = CARTESIAN_POINT ( 'NONE',  ( 0.02244094488188977388, -0.03897637795275582517, -0.07857708127465626302 ) ) ;
#4494 = DIRECTION ( 'NONE',  ( -1.000000000000000000, -4.749352646498039829E-16, 0.000000000000000000 ) ) ;
#4495 = CARTESIAN_POINT ( 'NONE',  ( 0.000000000000000000, 0.000000000000000000, 0.000000000000000000 ) ) ;
#4496 = DIRECTION ( 'NONE',  ( -1.000000000000000000, 0.000000000000000000, 0.000000000000000000 ) ) ;
#4497 = SURFACE_SIDE_STYLE ('',( #5457 ) ) ;
#4498 = SURFACE_SIDE_STYLE ('',( #1604 ) ) ;
#4499 = ORIENTED_EDGE ( 'NONE', *, *, #3450, .T. ) ;
#4500 = SURFACE_STYLE_FILL_AREA ( #5972 ) ;
#4501 = ORIENTED_EDGE ( 'NONE', *, *, #5237, .T. ) ;
#4502 =( GEOMETRIC_REPRESENTATION_CONTEXT ( 3 ) GLOBAL_UNCERTAINTY_ASSIGNED_CONTEXT ( ( #4313 ) ) GLOBAL_UNIT_ASSIGNED_CONTEXT ( ( #2824, #2418, #3303 ) ) REPRESENTATION_CONTEXT ( 'NONE', 'WORKASPACE' ) );
#4503 = ORIENTED_EDGE ( 'NONE', *, *, #1826, .F. ) ;
#4504 = CARTESIAN_POINT ( 'NONE',  ( 0.02236734215532159079, -0.03953647627197259123, -0.08241797301726863645 ) ) ;
#4505 =( BOUNDED_SURFACE ( )  B_SPLINE_SURFACE ( 3, 3, ( 
 ( #3573, #2956, #543, #5811 ),
 ( #3437, #4327, #6286, #4367 ),
 ( #2482, #5474, #206, #30 ),
 ( #1490, #1960, #3545, #1131 ) ),
 .UNSPECIFIED., .F., .F., .T. ) 
 B_SPLINE_SURFACE_WITH_KNOTS ( ( 4, 4 ),
 ( 4, 4 ),
 ( 0.000000000000000000, 1.000000000000000000 ),
 ( 0.000000000000000000, 1.000000000000000000 ),
 .UNSPECIFIED. ) 
 GEOMETRIC_REPRESENTATION_ITEM ( )  RATIONAL_B_SPLINE_SURFACE ( (
 ( 1.000000000000000000, 0.8047378541243649375, 0.8047378541243649375, 1.000000000000000000),
 ( 0.8047378541244061267, 0.6476030138607208331, 0.6476030138607208331, 0.8047378541244061267),
 ( 0.8047378541244061267, 0.6476030138607208331, 0.6476030138607208331, 0.8047378541244061267),
 ( 1.000000000000000000, 0.8047378541243649375, 0.8047378541243649375, 1.000000000000000000) ) ) 
 REPRESENTATION_ITEM ( '' )  SURFACE ( )  );
#4506 = EDGE_CURVE ( 'NONE', #4235, #2440, #2370, .T. ) ;
#4507 = PRESENTATION_LAYER_ASSIGNMENT (  '', '', ( #574 ) ) ;
#4508 = ORIENTED_EDGE ( 'NONE', *, *, #3579, .T. ) ;
#4509 =( NAMED_UNIT ( * ) PLANE_ANGLE_UNIT ( ) SI_UNIT ( $, .RADIAN. ) );
#4510 = STYLED_ITEM ( 'NONE', ( #5742 ), #3117 ) ;
#4511 = PLANE ( 'NONE',  #941 ) ;
#4512 = SURFACE_STYLE_FILL_AREA ( #5953 ) ;
#4513 = EDGE_LOOP ( 'NONE', ( #5348, #4297, #6269, #2386 ) ) ;
#4514 = VECTOR ( 'NONE', #2226, 39.37007874015748143 ) ;
#4515 = DIRECTION ( 'NONE',  ( -1.000000000000000000, -4.869399230812090436E-16, 0.000000000000000000 ) ) ;
#4516 = DIRECTION ( 'NONE',  ( -1.000000000000000000, -4.749352646498039829E-16, -0.000000000000000000 ) ) ;
#4517 = FILL_AREA_STYLE ('',( #2595 ) ) ;
#4518 = CARTESIAN_POINT ( 'NONE',  ( 0.02227454735007467629, 0.04894214530492789483, 0.0002591923370620465624 ) ) ;
#4519 = CARTESIAN_POINT ( 'NONE',  ( 0.02204724409448819214, -0.03897637795275581823, -0.07874015748031495954 ) ) ;
#4520 = CYLINDRICAL_SURFACE ( 'NONE', #6073, 0.001968503937007873988 ) ;
#4521 = COLOUR_RGB ( '',0.7490196078431372584, 0.7490196078431372584, 0.7490196078431372584 ) ;
#4522 = ADVANCED_FACE ( 'NONE', ( #4798 ), #6236, .T. ) ;
#4523 = DIRECTION ( 'NONE',  ( 1.000000000000000000, 0.000000000000000000, 0.000000000000000000 ) ) ;
#4524 = CARTESIAN_POINT ( 'NONE',  ( 0.02204724409448819214, 0.04862204724409449619, -0.0003937007874015748519 ) ) ;
#4525 = PRODUCT_DEFINITION_FORMATION_WITH_SPECIFIED_SOURCE ( 'ANY', '', #137, .NOT_KNOWN. ) ;
#4526 = CARTESIAN_POINT ( 'NONE',  ( 0.02204724409448819214, -0.04897418393346453236, -0.0002176324427165504509 ) ) ;
#4527 = EDGE_CURVE ( 'NONE', #2577, #1696, #5809, .T. ) ;
#4528 = FILL_AREA_STYLE_COLOUR ( '', #1432 ) ;
#4529 = CARTESIAN_POINT ( 'NONE',  ( 0.02227454735007466935, 0.03953647627197258430, 0.08251076782251560993 ) ) ;
#4530 = EDGE_CURVE ( 'NONE', #2528, #1147, #1437, .T. ) ;
#4531 = ORIENTED_EDGE ( 'NONE', *, *, #716, .T. ) ;
#4532 = DIMENSIONAL_EXPONENTS ( 1.000000000000000000, 0.000000000000000000, 0.000000000000000000, 0.000000000000000000, 0.000000000000000000, 0.000000000000000000, 0.000000000000000000 ) ;
#4533 = CARTESIAN_POINT ( 'NONE',  ( 0.02221271762298273125, -0.04924396235552740836, 0.0007905864797743508048 ) ) ;
#4534 = ORIENTED_EDGE ( 'NONE', *, *, #4356, .T. ) ;
#4535 = ORIENTED_EDGE ( 'NONE', *, *, #5488, .T. ) ;
#4536 = AXIS2_PLACEMENT_3D ( 'NONE', #658, #1129, #4952 ) ;
#4537 = AXIS2_PLACEMENT_3D ( 'NONE', #3870, #909, #2919 ) ;
#4538 = FACE_OUTER_BOUND ( 'NONE', #2535, .T. ) ;
#4539 =( BOUNDED_SURFACE ( )  B_SPLINE_SURFACE ( 3, 3, ( 
 ( #2603, #2663, #5035, #4529 ),
 ( #4057, #191, #2124, #1630 ),
 ( #3588, #699, #4580, #5517 ),
 ( #2630, #1687, #3132, #4554 ) ),
 .UNSPECIFIED., .F., .F., .F. ) 
 B_SPLINE_SURFACE_WITH_KNOTS ( ( 4, 4 ),
 ( 4, 4 ),
 ( 0.000000000000000000, 1.000000000000000000 ),
 ( 0.000000000000000000, 1.000000000000000000 ),
 .UNSPECIFIED. ) 
 GEOMETRIC_REPRESENTATION_ITEM ( )  RATIONAL_B_SPLINE_SURFACE ( (
 ( 1.000000000000000000, 0.3333333333333166615, 0.3333333333333166615, 1.000000000000000000),
 ( 0.9245018060306288143, 0.3081672686768608393, 0.3081672686768608393, 0.9245018060306288143),
 ( 0.9245018060306288143, 0.3081672686768608393, 0.3081672686768608393, 0.9245018060306288143),
 ( 1.000000000000000000, 0.3333333333333166615, 0.3333333333333166615, 1.000000000000000000) ) ) 
 REPRESENTATION_ITEM ( '' )  SURFACE ( )  );
#4540 =( NAMED_UNIT ( * ) SI_UNIT ( $, .STERADIAN. ) SOLID_ANGLE_UNIT ( ) );
#4541 = PRESENTATION_STYLE_ASSIGNMENT (( #2926 ) ) ;
#4542 = VERTEX_POINT ( 'NONE', #1571 ) ;
#4543 = UNCERTAINTY_MEASURE_WITH_UNIT (LENGTH_MEASURE( 1.000000000000000082E-05 ), #2132, 'distance_accuracy_value', 'NONE');
#4544 = CARTESIAN_POINT ( 'NONE',  ( 0.1199218558314490007, -0.07614107162015672225, 0.1208895872861676518 ) ) ;
#4545 = CARTESIAN_POINT ( 'NONE',  ( 0.02227454735007467282, 0.04884935049968097687, -0.0001663975318151047708 ) ) ;
#4546 = SURFACE_STYLE_FILL_AREA ( #1600 ) ;
#4547 = ADVANCED_FACE ( 'NONE', ( #5021 ), #4572, .F. ) ;
#4548 =( GEOMETRIC_REPRESENTATION_CONTEXT ( 3 ) GLOBAL_UNCERTAINTY_ASSIGNED_CONTEXT ( ( #841 ) ) GLOBAL_UNIT_ASSIGNED_CONTEXT ( ( #3233, #3717, #3686 ) ) REPRESENTATION_CONTEXT ( 'NONE', 'WORKASPACE' ) );
#4549 = DIRECTION ( 'NONE',  ( 0.000000000000000000, 0.000000000000000000, 1.000000000000000000 ) ) ;
#4550 = EDGE_CURVE ( 'NONE', #753, #5193, #5179, .T. ) ;
#4551 = LINE ( 'NONE', #5482, #1958 ) ;
#4552 = CARTESIAN_POINT ( 'NONE',  ( 0.02247449236689902374, 0.03975077669512747103, -0.08252512322884608675 ) ) ;
#4553 =( NAMED_UNIT ( * ) PLANE_ANGLE_UNIT ( ) SI_UNIT ( $, .RADIAN. ) );
#4554 = CARTESIAN_POINT ( 'NONE',  ( 0.02194919095220388555, 0.03963361187837417809, 0.08264185300758324082 ) ) ;
#4555 = ORIENTED_EDGE ( 'NONE', *, *, #1680, .F. ) ;
#4556 = SURFACE_STYLE_FILL_AREA ( #5578 ) ;
#4557 = VECTOR ( 'NONE', #1316, 39.37007874015748143 ) ;
#4558 = AXIS2_PLACEMENT_3D ( 'NONE', #5016, #4454, #5924 ) ;
#4559 = CARTESIAN_POINT ( 'NONE',  ( 0.1202310044669087225, 0.07416801234092447459, 0.004768995533091285356 ) ) ;
#4560 = ORIENTED_EDGE ( 'NONE', *, *, #3973, .T. ) ;
#4561 = AXIS2_PLACEMENT_3D ( 'NONE', #5885, #5367, #5853 ) ;
#4562 = LENGTH_MEASURE_WITH_UNIT ( LENGTH_MEASURE( 0.02539999999999999897 ), #258 );
#4563 = VERTEX_POINT ( 'NONE', #3603 ) ;
#4564 = AXIS2_PLACEMENT_3D ( 'NONE', #593, #4391, #3490 ) ;
#4565 = DIMENSIONAL_EXPONENTS ( 1.000000000000000000, 0.000000000000000000, 0.000000000000000000, 0.000000000000000000, 0.000000000000000000, 0.000000000000000000, 0.000000000000000000 ) ;
#4566 =( CONVERSION_BASED_UNIT ( 'INCH', #3959 ) LENGTH_UNIT ( ) NAMED_UNIT ( #3321 ) );
#4567 = PRESENTATION_LAYER_ASSIGNMENT (  '', '', ( #5168 ) ) ;
#4568 = SURFACE_SIDE_STYLE ('',( #1565 ) ) ;
#4569 = ADVANCED_FACE ( 'NONE', ( #5534 ), #3751, .F. ) ;
#4570 = SURFACE_STYLE_USAGE ( .BOTH. , #1292 ) ;
#4571 = VERTEX_POINT ( 'NONE', #6064 ) ;
#4572 =( BOUNDED_SURFACE ( )  B_SPLINE_SURFACE ( 3, 3, ( 
 ( #3966, #3577, #1539, #2592 ),
 ( #5901, #3517, #1187, #1159 ),
 ( #182, #2108, #1070, #208 ),
 ( #5986, #5506, #1621, #689 ) ),
 .UNSPECIFIED., .F., .F., .F. ) 
 B_SPLINE_SURFACE_WITH_KNOTS ( ( 4, 4 ),
 ( 4, 4 ),
 ( 0.000000000000000000, 1.000000000000000000 ),
 ( 0.000000000000000000, 1.000000000000000000 ),
 .UNSPECIFIED. ) 
 GEOMETRIC_REPRESENTATION_ITEM ( )  RATIONAL_B_SPLINE_SURFACE ( (
 ( 1.000000000000000000, 0.8025111867385937847, 0.8025111867385937847, 1.000000000000000000),
 ( 0.8047378541243649375, 0.6458111303268134762, 0.6458111303268134762, 0.8047378541243649375),
 ( 0.8047378541243649375, 0.6458111303268134762, 0.6458111303268134762, 0.8047378541243649375),
 ( 1.000000000000000000, 0.8025111867385937847, 0.8025111867385937847, 1.000000000000000000) ) ) 
 REPRESENTATION_ITEM ( '' )  SURFACE ( )  );
#4573 = AXIS2_PLACEMENT_3D ( 'NONE', #2441, #436, #5281 ) ;
#4574 = SURFACE_STYLE_FILL_AREA ( #267 ) ;
#4575 = DIRECTION ( 'NONE',  ( 0.000000000000000000, -1.000000000000000000, 0.000000000000000000 ) ) ;
#4576 = CARTESIAN_POINT ( 'NONE',  ( 0.02244094488188978428, 0.03897637795275602640, 0.07834645669291338821 ) ) ;
#4577 = LINE ( 'NONE', #2234, #130 ) ;
#4578 = CIRCLE ( 'NONE', #4386, 0.0003937007874015758277 ) ;
#4579 = PLANE ( 'NONE',  #3571 ) ;
#4580 = CARTESIAN_POINT ( 'NONE',  ( 0.02226660976693107738, 0.03997583086083691950, 0.08285299193974209053 ) ) ;
#4581 = ORIENTED_EDGE ( 'NONE', *, *, #6150, .F. ) ;
#4582 = CARTESIAN_POINT ( 'NONE',  ( 0.1202310044669087225, 0.07416801234092441908, 0.004768995533091298367 ) ) ;
#4583 = EDGE_LOOP ( 'NONE', ( #4593, #4849, #565, #5592, #5563 ) ) ;
#4584 = SURFACE_STYLE_FILL_AREA ( #287 ) ;
#4585 = ORIENTED_EDGE ( 'NONE', *, *, #4872, .F. ) ;
#4586 = CIRCLE ( 'NONE', #5614, 0.0003937007874015749061 ) ;
#4587 = CARTESIAN_POINT ( 'NONE',  ( 0.04921259842519684624, -0.03749999999999999861, 0.001968503937007873988 ) ) ;
#4588 = CIRCLE ( 'NONE', #5424, 0.001968503937007870519 ) ;
#4589 = EDGE_CURVE ( 'NONE', #6047, #5042, #5800, .T. ) ;
#4590 = STYLED_ITEM ( 'NONE', ( #4362 ), #3503 ) ;
#4591 = EDGE_CURVE ( 'NONE', #2998, #3062, #2773, .T. ) ;
#4592 = DIRECTION ( 'NONE',  ( 1.000000000000000000, -2.434699615406050148E-16, 0.000000000000000000 ) ) ;
#4593 = ORIENTED_EDGE ( 'NONE', *, *, #6135, .F. ) ;
#4594 = CARTESIAN_POINT ( 'NONE',  ( -0.04724409448818897572, 0.07303149606299214058, 0.000000000000000000 ) ) ;
#4595 = VECTOR ( 'NONE', #4077, 39.37007874015748143 ) ;
#4596 =( NAMED_UNIT ( * ) SI_UNIT ( $, .STERADIAN. ) SOLID_ANGLE_UNIT ( ) );
#4597 = SURFACE_SIDE_STYLE ('',( #4629 ) ) ;
#4598 = MECHANICAL_DESIGN_GEOMETRIC_PRESENTATION_REPRESENTATION (  '', ( #5014 ), #5111 ) ;
#4599 = PRESENTATION_LAYER_ASSIGNMENT (  '', '', ( #478 ) ) ;
#4600 = SURFACE_STYLE_FILL_AREA ( #3697 ) ;
#4601 = CARTESIAN_POINT ( 'NONE',  ( 0.02266915920592110778, 0.04016066521993179317, -0.08244893809542361285 ) ) ;
#4602 = CARTESIAN_POINT ( 'NONE',  ( 0.02244094488188980163, -0.04901574803149607445, -0.08228346456692912925 ) ) ;
#4603 = FILL_AREA_STYLE_COLOUR ( '', #1721 ) ;
#4604 = VECTOR ( 'NONE', #5834, 39.37007874015748143 ) ;
#4605 = CARTESIAN_POINT ( 'NONE',  ( -0.1202476110976907486, 0.07499999999999999722, 0.004752388902309244434 ) ) ;
#4606 = EDGE_LOOP ( 'NONE', ( #1319, #3786, #4445, #3886, #1281 ) ) ;
#4607 = LENGTH_MEASURE_WITH_UNIT ( LENGTH_MEASURE( 0.02539999999999999897 ), #164 );
#4608 =( GEOMETRIC_REPRESENTATION_CONTEXT ( 3 ) GLOBAL_UNCERTAINTY_ASSIGNED_CONTEXT ( ( #4479 ) ) GLOBAL_UNIT_ASSIGNED_CONTEXT ( ( #3015, #1109, #4026 ) ) REPRESENTATION_CONTEXT ( 'NONE', 'WORKASPACE' ) );
#4609 = CARTESIAN_POINT ( 'NONE',  ( 0.02204724409448819214, -0.03976377952755905804, 0.07913385826771651699 ) ) ;
#4610 = ORIENTED_EDGE ( 'NONE', *, *, #3066, .T. ) ;
#4611 = FILL_AREA_STYLE ('',( #170 ) ) ;
#4612 = AXIS2_PLACEMENT_3D ( 'NONE', #3709, #3221, #4998 ) ;
#4613 = ADVANCED_FACE ( 'NONE', ( #3279 ), #2225, .T. ) ;
#4614 = FILL_AREA_STYLE_COLOUR ( '', #762 ) ;
#4615 =( NAMED_UNIT ( * ) PLANE_ANGLE_UNIT ( ) SI_UNIT ( $, .RADIAN. ) );
#4616 = ORIENTED_EDGE ( 'NONE', *, *, #3005, .T. ) ;
#4617 = DIRECTION ( 'NONE',  ( 1.000000000000000000, 0.000000000000000000, 0.000000000000000000 ) ) ;
#4618 = FACE_OUTER_BOUND ( 'NONE', #4404, .T. ) ;
#4619 = CARTESIAN_POINT ( 'NONE',  ( 0.02204724409448819214, 0.04901574803149606752, -0.08267716535433072833 ) ) ;
#4620 =( CONVERSION_BASED_UNIT ( 'INCH', #4218 ) LENGTH_UNIT ( ) NAMED_UNIT ( #1248 ) );
#4621 = CIRCLE ( 'NONE', #4328, 0.0003937007874015758277 ) ;
#4622 = PRESENTATION_LAYER_ASSIGNMENT (  '', '', ( #3205 ) ) ;
#4623 = VERTEX_POINT ( 'NONE', #4594 ) ;
#4624 = VECTOR ( 'NONE', #4489, 39.37007874015748143 ) ;
#4625 = SURFACE_STYLE_USAGE ( .BOTH. , #1294 ) ;
#4626 = LINE ( 'NONE', #3636, #3767 ) ;
#4627 = LINE ( 'NONE', #4726, #361 ) ;
#4628 = CARTESIAN_POINT ( 'NONE',  ( 0.1191804867913477256, 0.07399289891628868521, 0.1247108228522532530 ) ) ;
#4629 = SURFACE_STYLE_FILL_AREA ( #5084 ) ;
#4630 = DIRECTION ( 'NONE',  ( 0.000000000000000000, 0.000000000000000000, -1.000000000000000000 ) ) ;
#4631 = EDGE_CURVE ( 'NONE', #4972, #932, #719, .T. ) ;
#4632 = FACE_OUTER_BOUND ( 'NONE', #614, .T. ) ;
#4633 = CARTESIAN_POINT ( 'NONE',  ( 0.02241460551533255158, 0.03957149895689970193, 0.08230066428740336060 ) ) ;
#4634 =( LENGTH_UNIT ( ) NAMED_UNIT ( * ) SI_UNIT ( $, .METRE. ) );
#4635 = FILL_AREA_STYLE ('',( #2238 ) ) ;
#4636 = ORIENTED_EDGE ( 'NONE', *, *, #5080, .F. ) ;
#4637 = EDGE_CURVE ( 'NONE', #2831, #2577, #2038, .T. ) ;
#4638 =( NAMED_UNIT ( * ) PLANE_ANGLE_UNIT ( ) SI_UNIT ( $, .RADIAN. ) );
#4639 = DIRECTION ( 'NONE',  ( 0.5773502691896396088, -0.5773502691896069683, 0.5773502691896307271 ) ) ;
#4640 = ORIENTED_EDGE ( 'NONE', *, *, #2585, .F. ) ;
#4641 = LINE ( 'NONE', #5231, #2449 ) ;
#4642 = DIRECTION ( 'NONE',  ( -0.5773502691896156280, 0.5773502691896286176, 0.5773502691896329475 ) ) ;
#4643 = ORIENTED_EDGE ( 'NONE', *, *, #2829, .F. ) ;
#4644 = VECTOR ( 'NONE', #4674, 39.37007874015748143 ) ;
#4645 = CIRCLE ( 'NONE', #810, 0.001968503937007873988 ) ;
#4646 = FACE_OUTER_BOUND ( 'NONE', #378, .T. ) ;
#4647 = SURFACE_STYLE_FILL_AREA ( #357 ) ;
#4648 =( LENGTH_UNIT ( ) NAMED_UNIT ( * ) SI_UNIT ( $, .METRE. ) );
#4649 = COLOUR_RGB ( '',0.2862745098039215508, 0.2862745098039215508, 0.2862745098039215508 ) ;
#4650 = AXIS2_PLACEMENT_3D ( 'NONE', #3553, #4964, #4496 ) ;
#4651 = PRESENTATION_LAYER_ASSIGNMENT (  '', '', ( #2346 ) ) ;
#4652 = VERTEX_POINT ( 'NONE', #1944 ) ;
#4653 = PRESENTATION_LAYER_ASSIGNMENT (  '', '', ( #4365 ) ) ;
#4654 = CARTESIAN_POINT ( 'NONE',  ( 0.06053149606299212948, 0.07303149606299212671, 0.005905511811023621965 ) ) ;
#4655 =( CONVERSION_BASED_UNIT ( 'INCH', #1188 ) LENGTH_UNIT ( ) NAMED_UNIT ( #2309 ) );
#4656 = DIRECTION ( 'NONE',  ( -0.000000000000000000, -0.000000000000000000, 1.000000000000000000 ) ) ;
#4657 = LENGTH_MEASURE_WITH_UNIT ( LENGTH_MEASURE( 0.02539999999999999897 ), #336 );
#4658 = COLOUR_RGB ( '',0.8313725490196077761, 0.8313725490196077761, 0.8313725490196077761 ) ;
#4659 = DIRECTION ( 'NONE',  ( 0.000000000000000000, 0.000000000000000000, 1.000000000000000000 ) ) ;
#4660 = COLOUR_RGB ( '',0.2862745098039215508, 0.2862745098039215508, 0.2862745098039215508 ) ;
#4661 = DIRECTION ( 'NONE',  ( 0.000000000000000000, 1.000000000000000000, 0.000000000000000000 ) ) ;
#4662 =( CONVERSION_BASED_UNIT ( 'INCH', #4107 ) LENGTH_UNIT ( ) NAMED_UNIT ( #5052 ) );
#4663 = CARTESIAN_POINT ( 'NONE',  ( 0.02244094488188976694, -0.03897637795275583905, 0.07834645669291333270 ) ) ;
#4664 = CARTESIAN_POINT ( 'NONE',  ( -0.1191804867913476979, 0.07399289891628872684, 0.1247108228522533363 ) ) ;
#4665 = SURFACE_STYLE_FILL_AREA ( #1305 ) ;
#4666 = CARTESIAN_POINT ( 'NONE',  ( 0.01850393700787405366, 0.000000000000000000, 0.08267716535433072833 ) ) ;
#4667 = COLOUR_RGB ( '',0.2862745098039215508, 0.2862745098039215508, 0.2862745098039215508 ) ;
#4668 = ORIENTED_EDGE ( 'NONE', *, *, #3357, .T. ) ;
#4669 = CIRCLE ( 'NONE', #1335, 0.0003937007874015758277 ) ;
#4670 = DIRECTION ( 'NONE',  ( -0.000000000000000000, -1.000000000000000000, -1.224646799147353207E-16 ) ) ;
#4671 = EDGE_CURVE ( 'NONE', #2215, #514, #1837, .T. ) ;
#4672 = DIRECTION ( 'NONE',  ( 0.4082482904638673471, 0.8164965809277331399, 0.4082482904638450316 ) ) ;
#4673 = ORIENTED_EDGE ( 'NONE', *, *, #6091, .F. ) ;
#4674 = DIRECTION ( 'NONE',  ( 0.000000000000000000, -0.000000000000000000, 1.000000000000000000 ) ) ;
#4675 = CARTESIAN_POINT ( 'NONE',  ( 0.1202310044669087641, -0.07416801234092444683, 0.004768995533091280152 ) ) ;
#4676 = DIRECTION ( 'NONE',  ( 0.5773502691896257311, 0.5773502691896040817, -0.5773502691896474914 ) ) ;
#4677 = ORIENTED_EDGE ( 'NONE', *, *, #5490, .F. ) ;
#4678 = MECHANICAL_DESIGN_GEOMETRIC_PRESENTATION_REPRESENTATION (  '', ( #4407 ), #1155 ) ;
#4679 = DIRECTION ( 'NONE',  ( 1.000000000000000000, -2.434699615406050148E-16, 0.000000000000000000 ) ) ;
#4680 = SURFACE_STYLE_USAGE ( .BOTH. , #824 ) ;
#4681 = DIMENSIONAL_EXPONENTS ( 1.000000000000000000, 0.000000000000000000, 0.000000000000000000, 0.000000000000000000, 0.000000000000000000, 0.000000000000000000, 0.000000000000000000 ) ;
#4682 = DIRECTION ( 'NONE',  ( 0.5773502691896547079, 0.5773502691896112982, 0.5773502691896112982 ) ) ;
#4683 = DIRECTION ( 'NONE',  ( 0.000000000000000000, 0.000000000000000000, 1.000000000000000000 ) ) ;
#4684 = FACE_OUTER_BOUND ( 'NONE', #4807, .T. ) ;
#4685 = DIMENSIONAL_EXPONENTS ( 1.000000000000000000, 0.000000000000000000, 0.000000000000000000, 0.000000000000000000, 0.000000000000000000, 0.000000000000000000, 0.000000000000000000 ) ;
#4686 = CARTESIAN_POINT ( 'NONE',  ( 0.02204724409448819214, -0.04901574803149608139, 0.08267716535433072833 ) ) ;
#4687 = ORIENTED_EDGE ( 'NONE', *, *, #4384, .T. ) ;
#4688 =( CONVERSION_BASED_UNIT ( 'INCH', #1207 ) LENGTH_UNIT ( ) NAMED_UNIT ( #3867 ) );
#4689 = CARTESIAN_POINT ( 'NONE',  ( 0.02204724409448819214, 0.04901574803149607445, 0.000000000000000000 ) ) ;
#4690 = PRESENTATION_STYLE_ASSIGNMENT (( #4187 ) ) ;
#4691 =( LENGTH_UNIT ( ) NAMED_UNIT ( * ) SI_UNIT ( $, .METRE. ) );
#4692 = PRESENTATION_STYLE_ASSIGNMENT (( #3557 ) ) ;
#4693 = DIMENSIONAL_EXPONENTS ( 1.000000000000000000, 0.000000000000000000, 0.000000000000000000, 0.000000000000000000, 0.000000000000000000, 0.000000000000000000, 0.000000000000000000 ) ;
#4694 = UNCERTAINTY_MEASURE_WITH_UNIT (LENGTH_MEASURE( 1.000000000000000082E-05 ), #349, 'distance_accuracy_value', 'NONE');
#4695 = APPLICATION_CONTEXT ( 'automotive_design' ) ;
#4696 = COLOUR_RGB ( '',0.7490196078431372584, 0.7490196078431372584, 0.7490196078431372584 ) ;
#4697 = UNCERTAINTY_MEASURE_WITH_UNIT (LENGTH_MEASURE( 1.000000000000000082E-05 ), #2568, 'distance_accuracy_value', 'NONE');
#4698 = CYLINDRICAL_SURFACE ( 'NONE', #1726, 0.0003937007874015758277 ) ;
#4699 = LINE ( 'NONE', #401, #722 ) ;
#4700 = SURFACE_STYLE_USAGE ( .BOTH. , #2779 ) ;
#4701 = DIRECTION ( 'NONE',  ( -1.000000000000000000, 0.000000000000000000, 0.000000000000000000 ) ) ;
#4702 = CARTESIAN_POINT ( 'NONE',  ( -0.04921259842519685318, -0.07499999999999999722, 0.003126558424131195210 ) ) ;
#4703 = ORIENTED_EDGE ( 'NONE', *, *, #6203, .F. ) ;
#4704 = COLOUR_RGB ( '',0.8313725490196077761, 0.8313725490196077761, 0.8313725490196077761 ) ;
#4705 = DIRECTION ( 'NONE',  ( 1.000000000000000000, 0.000000000000000000, -0.000000000000000000 ) ) ;
#4706 = EDGE_CURVE ( 'NONE', #939, #1557, #4982, .T. ) ;
#4707 = CARTESIAN_POINT ( 'NONE',  ( -0.1210629921259842590, -0.07499999999999999722, 0.000000000000000000 ) ) ;
#4708 = ORIENTED_EDGE ( 'NONE', *, *, #1018, .T. ) ;
#4709 = LINE ( 'NONE', #3263, #3754 ) ;
#4710 = AXIS2_PLACEMENT_3D ( 'NONE', #1581, #988, #1119 ) ;
#4711 = FACE_OUTER_BOUND ( 'NONE', #161, .T. ) ;
#4712 = ORIENTED_EDGE ( 'NONE', *, *, #1190, .F. ) ;
#4713 = MECHANICAL_DESIGN_GEOMETRIC_PRESENTATION_REPRESENTATION (  '', ( #79 ), #1994 ) ;
#4714 = DIMENSIONAL_EXPONENTS ( 1.000000000000000000, 0.000000000000000000, 0.000000000000000000, 0.000000000000000000, 0.000000000000000000, 0.000000000000000000, 0.000000000000000000 ) ;
#4715 =( LENGTH_UNIT ( ) NAMED_UNIT ( * ) SI_UNIT ( $, .METRE. ) );
#4716 = CARTESIAN_POINT ( 'NONE',  ( 0.04921259842519684624, 0.07499999999999999722, 0.003126558424131191307 ) ) ;
#4717 = DIRECTION ( 'NONE',  ( -0.000000000000000000, 0.000000000000000000, 1.000000000000000000 ) ) ;
#4718 = AXIS2_PLACEMENT_3D ( 'NONE', #4194, #4659, #3204 ) ;
#4719 = SURFACE_STYLE_FILL_AREA ( #5268 ) ;
#4720 = CARTESIAN_POINT ( 'NONE',  ( 0.02244094488188978428, 0.04862204724409448925, 0.0003937007874015748519 ) ) ;
#4721 = CARTESIAN_POINT ( 'NONE',  ( 0.05118110236220473064, -0.07419325463680138955, 0.003937007874015758385 ) ) ;
#4722 =( LENGTH_UNIT ( ) NAMED_UNIT ( * ) SI_UNIT ( $, .METRE. ) );
#4723 = ORIENTED_EDGE ( 'NONE', *, *, #5080, .T. ) ;
#4724 = LENGTH_MEASURE_WITH_UNIT ( LENGTH_MEASURE( 0.02539999999999999897 ), #1771 );
#4725 = LINE ( 'NONE', #2295, #4878 ) ;
#4726 = CARTESIAN_POINT ( 'NONE',  ( 0.000000000000000000, 0.07303149606299212671, 0.1248425196850393715 ) ) ;
#4727 = SURFACE_STYLE_FILL_AREA ( #798 ) ;
#4728 = SURFACE_STYLE_FILL_AREA ( #3430 ) ;
#4729 = DIMENSIONAL_EXPONENTS ( 1.000000000000000000, 0.000000000000000000, 0.000000000000000000, 0.000000000000000000, 0.000000000000000000, 0.000000000000000000, 0.000000000000000000 ) ;
#4730 = SURFACE_SIDE_STYLE ('',( #5661 ) ) ;
#4731 = AXIS2_PLACEMENT_3D ( 'NONE', #99, #2086, #5393 ) ;
#4732 = SURFACE_STYLE_FILL_AREA ( #2850 ) ;
#4733 = ADVANCED_FACE ( 'NONE', ( #5244 ), #493, .F. ) ;
#4734 = CARTESIAN_POINT ( 'NONE',  ( 0.02206444381496248941, 0.03957149895689975050, 0.08265082598777351297 ) ) ;
#4735 =( BOUNDED_CURVE ( )  B_SPLINE_CURVE ( 3, ( #5874, #537, #4898, #5416 ),
 .UNSPECIFIED., .F., .T. ) 
 B_SPLINE_CURVE_WITH_KNOTS ( ( 4, 4 ),
 ( 0.000000000000000000, 1.570796326794896558 ),
 .UNSPECIFIED. ) 
 CURVE ( )  GEOMETRIC_REPRESENTATION_ITEM ( )  RATIONAL_B_SPLINE_CURVE ( ( 1.000000000000000000, 0.8047378541243649375, 0.8047378541243649375, 1.000000000000000000 ) ) 
 REPRESENTATION_ITEM ( '' )  );
#4736 = CARTESIAN_POINT ( 'NONE',  ( 0.02244094488188980163, 0.03976377952755905110, 0.000000000000000000 ) ) ;
#4737 = ORIENTED_EDGE ( 'NONE', *, *, #5490, .T. ) ;
#4738 = DIMENSIONAL_EXPONENTS ( 1.000000000000000000, 0.000000000000000000, 0.000000000000000000, 0.000000000000000000, 0.000000000000000000, 0.000000000000000000, 0.000000000000000000 ) ;
#4739 =( LENGTH_UNIT ( ) NAMED_UNIT ( * ) SI_UNIT ( $, .METRE. ) );
#4740 = FILL_AREA_STYLE ('',( #3737 ) ) ;
#4741 = CARTESIAN_POINT ( 'NONE',  ( 0.02227454735007465894, 0.03953647627197258430, -0.08251076782251560993 ) ) ;
#4742 = FILL_AREA_STYLE ('',( #4296 ) ) ;
#4743 = ORIENTED_EDGE ( 'NONE', *, *, #2839, .T. ) ;
#4744 = DIRECTION ( 'NONE',  ( 0.000000000000000000, 0.000000000000000000, -1.000000000000000000 ) ) ;
#4745 = CARTESIAN_POINT ( 'NONE',  ( 0.1199218558314489730, -0.07614107162015670838, 0.007889940272887436407 ) ) ;
#4746 = COLOUR_RGB ( '',0.2862745098039215508, 0.2862745098039215508, 0.2862745098039215508 ) ;
#4747 = ORIENTED_EDGE ( 'NONE', *, *, #5152, .F. ) ;
#4748 =( BOUNDED_SURFACE ( )  B_SPLINE_SURFACE ( 3, 3, ( 
 ( #4216, #5307, #2798, #4754 ),
 ( #4342, #2321, #1936, #2355 ),
 ( #3894, #3817, #420, #1289 ),
 ( #898, #3228, #826, #1795 ) ),
 .UNSPECIFIED., .F., .F., .F. ) 
 B_SPLINE_SURFACE_WITH_KNOTS ( ( 4, 4 ),
 ( 4, 4 ),
 ( 0.000000000000000000, 1.000000000000000000 ),
 ( 0.000000000000000000, 1.000000000000000000 ),
 .UNSPECIFIED. ) 
 GEOMETRIC_REPRESENTATION_ITEM ( )  RATIONAL_B_SPLINE_SURFACE ( (
 ( 1.000000000000000000, 0.3333333333333343140, 0.3333333333333343140, 1.000000000000000000),
 ( 0.9245018060306340324, 0.3081672686768789360, 0.3081672686768789360, 0.9245018060306340324),
 ( 0.9245018060306340324, 0.3081672686768789360, 0.3081672686768789360, 0.9245018060306340324),
 ( 1.000000000000000000, 0.3333333333333343140, 0.3333333333333343140, 1.000000000000000000) ) ) 
 REPRESENTATION_ITEM ( '' )  SURFACE ( )  );
#4749 = CARTESIAN_POINT ( 'NONE',  ( -0.04921259842519682542, -0.07499999999999999722, 0.0008153810282934963486 ) ) ;
#4750 = COLOUR_RGB ( '',0.2862745098039215508, 0.2862745098039215508, 0.2862745098039215508 ) ;
#4751 = CARTESIAN_POINT ( 'NONE',  ( 0.05002797945349035658, 0.07499991257304911008, 0.005924064248884155191 ) ) ;
#4752 = CARTESIAN_POINT ( 'NONE',  ( 0.02186227786299390838, -0.03916716705296260925, -0.08244866003580493541 ) ) ;
#4753 =( CONVERSION_BASED_UNIT ( 'INCH', #419 ) LENGTH_UNIT ( ) NAMED_UNIT ( #5228 ) );
#4754 = CARTESIAN_POINT ( 'NONE',  ( -0.1202310044669087502, 0.07416801234092453010, 0.1240105320259639182 ) ) ;
#4755 = ORIENTED_EDGE ( 'NONE', *, *, #3107, .T. ) ;
#4756 = SURFACE_SIDE_STYLE ('',( #5378 ) ) ;
#4757 = CARTESIAN_POINT ( 'NONE',  ( 0.02227454735007465894, -0.04884935049968096299, -0.0001663975318151069934 ) ) ;
#4758 = CIRCLE ( 'NONE', #3976, 0.0003937007874015748519 ) ;
#4759 = LINE ( 'NONE', #1840, #1474 ) ;
#4760 = LENGTH_MEASURE_WITH_UNIT ( LENGTH_MEASURE( 0.02539999999999999897 ), #4793 );
#4761 = SURFACE_STYLE_FILL_AREA ( #2439 ) ;
#4762 = CIRCLE ( 'NONE', #3478, 0.001968503937007875723 ) ;
#4763 = CIRCLE ( 'NONE', #3659, 0.0003937007874015758277 ) ;
#4764 = SURFACE_SIDE_STYLE ('',( #1486 ) ) ;
#4765 = MECHANICAL_DESIGN_GEOMETRIC_PRESENTATION_REPRESENTATION (  '', ( #22 ), #2974 ) ;
#4766 = LINE ( 'NONE', #4666, #3407 ) ;
#4767 = EDGE_LOOP ( 'NONE', ( #3454, #4780, #1741, #1051 ) ) ;
#4768 = AXIS2_PLACEMENT_3D ( 'NONE', #1445, #3326, #3462 ) ;
#4769 = LENGTH_MEASURE_WITH_UNIT ( LENGTH_MEASURE( 0.02539999999999999897 ), #2722 );
#4770 = STYLED_ITEM ( 'NONE', ( #796 ), #5361 ) ;
#4771 =( LENGTH_UNIT ( ) NAMED_UNIT ( * ) SI_UNIT ( $, .METRE. ) );
#4772 =( BOUNDED_SURFACE ( )  B_SPLINE_SURFACE ( 3, 3, ( 
 ( #5554, #4559, #4582, #3165 ),
 ( #1727, #4142, #1222, #2724 ),
 ( #2211, #6025, #2185, #282 ),
 ( #2757, #4090, #2243, #5090 ) ),
 .UNSPECIFIED., .F., .F., .T. ) 
 B_SPLINE_SURFACE_WITH_KNOTS ( ( 4, 4 ),
 ( 4, 4 ),
 ( 0.000000000000000000, 1.000000000000000000 ),
 ( 0.000000000000000000, 1.000000000000000000 ),
 .UNSPECIFIED. ) 
 GEOMETRIC_REPRESENTATION_ITEM ( )  RATIONAL_B_SPLINE_SURFACE ( (
 ( 1.000000000000000000, 0.3333333333333338699, 0.3333333333333338699, 1.000000000000000000),
 ( 0.9245018060306376961, 0.3081672686768797131, 0.3081672686768797131, 0.9245018060306376961),
 ( 0.9245018060306376961, 0.3081672686768797131, 0.3081672686768797131, 0.9245018060306376961),
 ( 1.000000000000000000, 0.3333333333333338699, 0.3333333333333338699, 1.000000000000000000) ) ) 
 REPRESENTATION_ITEM ( '' )  SURFACE ( )  );
#4773 = DIRECTION ( 'NONE',  ( -1.000000000000000000, -4.749352646498039829E-16, 0.000000000000000000 ) ) ;
#4774 = DIMENSIONAL_EXPONENTS ( 1.000000000000000000, 0.000000000000000000, 0.000000000000000000, 0.000000000000000000, 0.000000000000000000, 0.000000000000000000, 0.000000000000000000 ) ;
#4775 = CARTESIAN_POINT ( 'NONE',  ( 0.02244094488188978428, 0.04862204724409448925, -0.0003937007874015748519 ) ) ;
#4776 = ORIENTED_EDGE ( 'NONE', *, *, #1822, .T. ) ;
#4777 = LINE ( 'NONE', #5744, #4644 ) ;
#4778 = CARTESIAN_POINT ( 'NONE',  ( 0.02194919095220389596, -0.04898043568474858694, 0.0002635331382166750699 ) ) ;
#4779 = STYLED_ITEM ( 'NONE', ( #4028 ), #4353 ) ;
#4780 = ORIENTED_EDGE ( 'NONE', *, *, #3937, .F. ) ;
#4781 = FILL_AREA_STYLE_COLOUR ( '', #4336 ) ;
#4782 = CARTESIAN_POINT ( 'NONE',  ( 0.02227454735007466935, -0.03953647627197259817, 0.08251076782251559605 ) ) ;
#4783 = VECTOR ( 'NONE', #1807, 39.37007874015748143 ) ;
#4784 = CARTESIAN_POINT ( 'NONE',  ( -0.1206949784931433678, 0.07416801234092447459, 0.1235465579997291896 ) ) ;
#4785 = CYLINDRICAL_SURFACE ( 'NONE', #3560, 0.001968503937007879193 ) ;
#4786 = CARTESIAN_POINT ( 'NONE',  ( 0.1209312952931981822, 0.07399289891628869908, 0.1229600143504028797 ) ) ;
#4787 = VERTEX_POINT ( 'NONE', #391 ) ;
#4788 = LINE ( 'NONE', #2326, #2237 ) ;
#4789 = PRESENTATION_STYLE_ASSIGNMENT (( #2395 ) ) ;
#4790 = CARTESIAN_POINT ( 'NONE',  ( 0.02204724409448819214, 0.03937007874015747977, -0.08228346456692912925 ) ) ;
#4791 = EDGE_CURVE ( 'NONE', #2998, #70, #4788, .T. ) ;
#4792 = CARTESIAN_POINT ( 'NONE',  ( 0.02204724409448819214, -0.02450787401574803723, -0.08267716535433070058 ) ) ;
#4793 =( LENGTH_UNIT ( ) NAMED_UNIT ( * ) SI_UNIT ( $, .METRE. ) );
#4794 =( NAMED_UNIT ( * ) SI_UNIT ( $, .STERADIAN. ) SOLID_ANGLE_UNIT ( ) );
#4795 = PRESENTATION_STYLE_ASSIGNMENT (( #2884 ) ) ;
#4796 = ORIENTED_EDGE ( 'NONE', *, *, #6252, .F. ) ;
#4797 = AXIS2_PLACEMENT_3D ( 'NONE', #2893, #475, #1878 ) ;
#4798 = FACE_OUTER_BOUND ( 'NONE', #5858, .T. ) ;
#4799 = DIRECTION ( 'NONE',  ( 0.000000000000000000, 0.000000000000000000, 1.000000000000000000 ) ) ;
#4800 =( CONVERSION_BASED_UNIT ( 'INCH', #5285 ) LENGTH_UNIT ( ) NAMED_UNIT ( #5682 ) );
#4801 = SURFACE_STYLE_FILL_AREA ( #1373 ) ;
#4802 = CIRCLE ( 'NONE', #4195, 0.0003937007874015736593 ) ;
#4803 = CARTESIAN_POINT ( 'NONE',  ( 0.01850393700787405366, 0.04901574803149607445, -0.08267716535433072833 ) ) ;
#4804 =( CONVERSION_BASED_UNIT ( 'INCH', #2898 ) LENGTH_UNIT ( ) NAMED_UNIT ( #443 ) );
#4805 = PRESENTATION_LAYER_ASSIGNMENT (  '', '', ( #867 ) ) ;
#4806 = DIRECTION ( 'NONE',  ( 0.000000000000000000, 0.000000000000000000, -1.000000000000000000 ) ) ;
#4807 = EDGE_LOOP ( 'NONE', ( #1263, #2793, #2129, #727, #1252 ) ) ;
#4808 = CARTESIAN_POINT ( 'NONE',  ( 0.02244094488188976694, 0.03930253036407341249, 0.07857708127465622139 ) ) ;
#4809 = CARTESIAN_POINT ( 'NONE',  ( 0.02226019194374416130, -0.04864940548285659472, -4.790289133971976888E-05 ) ) ;
#4810 = ORIENTED_EDGE ( 'NONE', *, *, #3258, .F. ) ;
#4811 = MECHANICAL_DESIGN_GEOMETRIC_PRESENTATION_REPRESENTATION (  '', ( #4202 ), #765 ) ;
#4812 = CARTESIAN_POINT ( 'NONE',  ( -0.04839721739690334978, -0.07418461897170651465, 3.023402854258392755E-18 ) ) ;
#4813 = CARTESIAN_POINT ( 'NONE',  ( 0.05118110236220473064, 0.07419325463680137567, 0.003937007874015747109 ) ) ;
#4814 = EDGE_CURVE ( 'NONE', #2911, #5917, #4854, .T. ) ;
#4815 = CARTESIAN_POINT ( 'NONE',  ( 0.02227454735007466588, -0.03953647627197258430, -0.08251076782251556829 ) ) ;
#4817 = EDGE_CURVE ( 'NONE', #3409, #483, #4280, .T. ) ;
#4816 = SURFACE_STYLE_USAGE ( .BOTH. , #456 ) ;
#4818 = FACE_OUTER_BOUND ( 'NONE', #3634, .T. ) ;
#4819 =( GEOMETRIC_REPRESENTATION_CONTEXT ( 3 ) GLOBAL_UNCERTAINTY_ASSIGNED_CONTEXT ( ( #3097 ) ) GLOBAL_UNIT_ASSIGNED_CONTEXT ( ( #1322, #2192, #1229 ) ) REPRESENTATION_CONTEXT ( 'NONE', 'WORKASPACE' ) );
#4820 = CARTESIAN_POINT ( 'NONE',  ( 0.1201913165511905440, 0.07197123939660304837, 0.1257216526120961131 ) ) ;
#4821 = ORIENTED_EDGE ( 'NONE', *, *, #201, .T. ) ;
#4822 = MECHANICAL_DESIGN_GEOMETRIC_PRESENTATION_REPRESENTATION (  '', ( #2613 ), #5635 ) ;
#4823 = CARTESIAN_POINT ( 'NONE',  ( 0.02227454735007465894, -0.04884935049968095605, -0.0001663975318151069934 ) ) ;
#4824 =( LENGTH_UNIT ( ) NAMED_UNIT ( * ) SI_UNIT ( $, .METRE. ) );
#4825 = UNCERTAINTY_MEASURE_WITH_UNIT (LENGTH_MEASURE( 1.000000000000000082E-05 ), #440, 'distance_accuracy_value', 'NONE');
#4826 = FACE_OUTER_BOUND ( 'NONE', #5376, .T. ) ;
#4827 =( GEOMETRIC_REPRESENTATION_CONTEXT ( 3 ) GLOBAL_UNCERTAINTY_ASSIGNED_CONTEXT ( ( #1918 ) ) GLOBAL_UNIT_ASSIGNED_CONTEXT ( ( #1488, #5808, #1917 ) ) REPRESENTATION_CONTEXT ( 'NONE', 'WORKASPACE' ) );
#4828 = SURFACE_STYLE_USAGE ( .BOTH. , #1365 ) ;
#4829 = CARTESIAN_POINT ( 'NONE',  ( 0.02204724409448819214, -0.02450787401574799559, -0.07874015748031495954 ) ) ;
#4830 =( LENGTH_UNIT ( ) NAMED_UNIT ( * ) SI_UNIT ( $, .METRE. ) );
#4831 = ORIENTED_EDGE ( 'NONE', *, *, #3450, .F. ) ;
#4832 = CARTESIAN_POINT ( 'NONE',  ( 0.04724409448818898266, -0.07303149606299212671, 0.000000000000000000 ) ) ;
#4833 = CARTESIAN_POINT ( 'NONE',  ( 0.02227786867623108083, -0.03937007874015740344, 0.07913385826771650311 ) ) ;
#4834 = SURFACE_STYLE_USAGE ( .BOTH. , #1541 ) ;
#4835 = DIMENSIONAL_EXPONENTS ( 1.000000000000000000, 0.000000000000000000, 0.000000000000000000, 0.000000000000000000, 0.000000000000000000, 0.000000000000000000, 0.000000000000000000 ) ;
#4836 = FILL_AREA_STYLE_COLOUR ( '', #4746 ) ;
#4837 =( GEOMETRIC_REPRESENTATION_CONTEXT ( 3 ) GLOBAL_UNCERTAINTY_ASSIGNED_CONTEXT ( ( #2298 ) ) GLOBAL_UNIT_ASSIGNED_CONTEXT ( ( #3296, #3735, #3213 ) ) REPRESENTATION_CONTEXT ( 'NONE', 'WORKASPACE' ) );
#4838 =( GEOMETRIC_REPRESENTATION_CONTEXT ( 3 ) GLOBAL_UNCERTAINTY_ASSIGNED_CONTEXT ( ( #2296 ) ) GLOBAL_UNIT_ASSIGNED_CONTEXT ( ( #1862, #6265, #1898 ) ) REPRESENTATION_CONTEXT ( 'NONE', 'WORKASPACE' ) );
#4839 = DIRECTION ( 'NONE',  ( 1.000000000000000000, 0.000000000000000000, 0.000000000000000000 ) ) ;
#4840 = EDGE_CURVE ( 'NONE', #1557, #2528, #6228, .T. ) ;
#4841 = ORIENTED_EDGE ( 'NONE', *, *, #6071, .F. ) ;
#4842 =( CONVERSION_BASED_UNIT ( 'INCH', #4335 ) LENGTH_UNIT ( ) NAMED_UNIT ( #6212 ) );
#4843 = DIRECTION ( 'NONE',  ( 1.000000000000000000, 0.000000000000000000, 0.000000000000000000 ) ) ;
#4844 = ORIENTED_EDGE ( 'NONE', *, *, #3341, .F. ) ;
#4845 = FILL_AREA_STYLE_COLOUR ( '', #1230 ) ;
#4846 = SURFACE_SIDE_STYLE ('',( #74 ) ) ;
#4847 = CARTESIAN_POINT ( 'NONE',  ( 0.03969707343455865928, -0.03937007874015736181, 0.08228346456692912925 ) ) ;
#4848 = CARTESIAN_POINT ( 'NONE',  ( 0.02206444381496246165, -0.03957149895689975050, -0.08265082598777349909 ) ) ;
#4849 = ORIENTED_EDGE ( 'NONE', *, *, #1221, .F. ) ;
#4850 = SURFACE_STYLE_FILL_AREA ( #962 ) ;
#4851 = UNCERTAINTY_MEASURE_WITH_UNIT (LENGTH_MEASURE( 1.000000000000000082E-05 ), #2498, 'distance_accuracy_value', 'NONE');
#4852 = CIRCLE ( 'NONE', #5266, 0.001968503937007879193 ) ;
#4853 = EDGE_LOOP ( 'NONE', ( #1351, #5559, #6002, #228 ) ) ;
#4854 = LINE ( 'NONE', #1472, #4067 ) ;
#4855 = CARTESIAN_POINT ( 'NONE',  ( 0.02194919095220387861, -0.04898043568474858694, -0.0002635331382166780515 ) ) ;
#4856 = DIRECTION ( 'NONE',  ( 0.000000000000000000, 0.000000000000000000, 1.000000000000000000 ) ) ;
#4857 = FILL_AREA_STYLE_COLOUR ( '', #2138 ) ;
#4858 = DIRECTION ( 'NONE',  ( 2.913971193241879780E-16, -1.000000000000000000, 0.000000000000000000 ) ) ;
#4859 = AXIS2_PLACEMENT_3D ( 'NONE', #5026, #3608, #694 ) ;
#4860 = ORIENTED_EDGE ( 'NONE', *, *, #591, .F. ) ;
#4861 = CIRCLE ( 'NONE', #4355, 0.001968503937007879193 ) ;
#4862 = CARTESIAN_POINT ( 'NONE',  ( 0.02244094488188976347, -0.04885267182583736406, -0.08251408914867200406 ) ) ;
#4863 = PRESENTATION_LAYER_ASSIGNMENT (  '', '', ( #1310 ) ) ;
#4864 =( CONVERSION_BASED_UNIT ( 'INCH', #5324 ) LENGTH_UNIT ( ) NAMED_UNIT ( #6164 ) );
#4866 =( NAMED_UNIT ( * ) SI_UNIT ( $, .STERADIAN. ) SOLID_ANGLE_UNIT ( ) );
#4865 =( NAMED_UNIT ( * ) PLANE_ANGLE_UNIT ( ) SI_UNIT ( $, .RADIAN. ) );
#4867 = LENGTH_MEASURE_WITH_UNIT ( LENGTH_MEASURE( 0.02539999999999999897 ), #3364 );
#4868 = VECTOR ( 'NONE', #6132, 39.37007874015748143 ) ;
#4869 = VECTOR ( 'NONE', #4904, 39.37007874015748143 ) ;
#4870 = DIRECTION ( 'NONE',  ( -1.000000000000000000, -4.869399230812090436E-16, 0.000000000000000000 ) ) ;
#4871 = COLOUR_RGB ( '',0.8313725490196077761, 0.8313725490196077761, 0.8313725490196077761 ) ;
#4872 = EDGE_CURVE ( 'NONE', #3995, #3409, #526, .T. ) ;
#4873 = CARTESIAN_POINT ( 'NONE',  ( 0.02244094488188980163, 0.04862204724409448925, 0.08228346456692912925 ) ) ;
#4874 = CARTESIAN_POINT ( 'NONE',  ( 0.02226660976693106003, -0.03997583086083689868, 0.08285299193974206278 ) ) ;
#4875 = EDGE_LOOP ( 'NONE', ( #3546, #1587, #3096, #2466, #1443, #3480 ) ) ;
#4876 = DIRECTION ( 'NONE',  ( 0.000000000000000000, 1.000000000000000000, 0.000000000000000000 ) ) ;
#4877 = CYLINDRICAL_SURFACE ( 'NONE', #584, 0.0003937007874015758277 ) ;
#4878 = VECTOR ( 'NONE', #6196, 39.37007874015748143 ) ;
#4879 = DIMENSIONAL_EXPONENTS ( 1.000000000000000000, 0.000000000000000000, 0.000000000000000000, 0.000000000000000000, 0.000000000000000000, 0.000000000000000000, 0.000000000000000000 ) ;
#4880 = ORIENTED_EDGE ( 'NONE', *, *, #2888, .T. ) ;
#4881 = STYLED_ITEM ( 'NONE', ( #596 ), #4547 ) ;
#4882 = ADVANCED_FACE ( 'NONE', ( #6270 ), #544, .T. ) ;
#4883 = AXIS2_PLACEMENT_3D ( 'NONE', #5740, #4670, #6288 ) ;
#4884 = DIRECTION ( 'NONE',  ( -0.000000000000000000, -0.000000000000000000, -1.000000000000000000 ) ) ;
#4885 = ORIENTED_EDGE ( 'NONE', *, *, #6114, .F. ) ;
#4886 = FILL_AREA_STYLE ('',( #4450 ) ) ;
#4887 = CARTESIAN_POINT ( 'NONE',  ( 0.05002797945349035658, -0.07303149606299214058, 0.003937007874015749712 ) ) ;
#4888 = CIRCLE ( 'NONE', #34, 0.0003937007874015758277 ) ;
#4889 = VERTEX_POINT ( 'NONE', #1549 ) ;
#4890 = MECHANICAL_DESIGN_GEOMETRIC_PRESENTATION_REPRESENTATION (  '', ( #838 ), #6102 ) ;
#4891 = CARTESIAN_POINT ( 'NONE',  ( -0.02204724409448816091, 0.04862204724409448925, 0.000000000000000000 ) ) ;
#4892 = EDGE_CURVE ( 'NONE', #1198, #5338, #1143, .T. ) ;
#4893 =( NAMED_UNIT ( * ) SI_UNIT ( $, .STERADIAN. ) SOLID_ANGLE_UNIT ( ) );
#4894 =( NAMED_UNIT ( * ) PLANE_ANGLE_UNIT ( ) SI_UNIT ( $, .RADIAN. ) );
#4895 = DIRECTION ( 'NONE',  ( 1.000000000000000000, 0.000000000000000000, -0.000000000000000000 ) ) ;
#4896 = FILL_AREA_STYLE ('',( #1035 ) ) ;
#4897 = ORIENTED_EDGE ( 'NONE', *, *, #3078, .F. ) ;
#4898 = CARTESIAN_POINT ( 'NONE',  ( -0.02227786867623103226, -0.04885267182583736406, 1.412168279180550890E-20 ) ) ;
#4899 = CARTESIAN_POINT ( 'NONE',  ( 0.02204724409448819214, 0.03976377952755905804, 0.08228346456692912925 ) ) ;
#4900 = CARTESIAN_POINT ( 'NONE',  ( 2.458663194297838622E-17, 0.04901574803149607445, -0.003937007874015747977 ) ) ;
#4902 =( LENGTH_UNIT ( ) NAMED_UNIT ( * ) SI_UNIT ( $, .METRE. ) );
#4901 = LINE ( 'NONE', #5357, #2683 ) ;
#4903 =( NAMED_UNIT ( * ) SI_UNIT ( $, .STERADIAN. ) SOLID_ANGLE_UNIT ( ) );
#4904 = DIRECTION ( 'NONE',  ( 0.000000000000000000, -0.000000000000000000, 1.000000000000000000 ) ) ;
#4905 = COLOUR_RGB ( '',0.2862745098039215508, 0.2862745098039215508, 0.2862745098039215508 ) ;
#4906 = VECTOR ( 'NONE', #2993, 39.37007874015748143 ) ;
#4907 = ORIENTED_EDGE ( 'NONE', *, *, #1190, .T. ) ;
#4908 = CARTESIAN_POINT ( 'NONE',  ( 0.1190944881889763746, -0.03749999999999999861, 0.1228740157480315009 ) ) ;
#4909 = VECTOR ( 'NONE', #4140, 39.37007874015748143 ) ;
#4910 = ORIENTED_EDGE ( 'NONE', *, *, #2641, .T. ) ;
#4911 = VECTOR ( 'NONE', #1448, 39.37007874015748143 ) ;
#4912 = LINE ( 'NONE', #104, #1866 ) ;
#4913 = PRESENTATION_STYLE_ASSIGNMENT (( #4448 ) ) ;
#4914 = ORIENTED_EDGE ( 'NONE', *, *, #2598, .F. ) ;
#4915 = CARTESIAN_POINT ( 'NONE',  ( 0.005184816329220984753, 0.03937007874015747977, -0.08228346456692912925 ) ) ;
#4916 = UNCERTAINTY_MEASURE_WITH_UNIT (LENGTH_MEASURE( 1.000000000000000082E-05 ), #3997, 'distance_accuracy_value', 'NONE');
#4917 = UNCERTAINTY_MEASURE_WITH_UNIT (LENGTH_MEASURE( 1.000000000000000082E-05 ), #1082, 'distance_accuracy_value', 'NONE');
#4918 = VERTEX_POINT ( 'NONE', #3585 ) ;
#4919 = FILL_AREA_STYLE_COLOUR ( '', #2098 ) ;
#4920 = VECTOR ( 'NONE', #4516, 39.37007874015748143 ) ;
#4921 =( CONVERSION_BASED_UNIT ( 'INCH', #2470 ) LENGTH_UNIT ( ) NAMED_UNIT ( #3819 ) );
#4922 = FILL_AREA_STYLE_COLOUR ( '', #4436 ) ;
#4923 = DIRECTION ( 'NONE',  ( 0.000000000000000000, 0.000000000000000000, -1.000000000000000000 ) ) ;
#4924 =( CONVERSION_BASED_UNIT ( 'INCH', #564 ) LENGTH_UNIT ( ) NAMED_UNIT ( #5188 ) );
#4925 = ORIENTED_EDGE ( 'NONE', *, *, #1653, .F. ) ;
#4926 = AXIS2_PLACEMENT_3D ( 'NONE', #4007, #1929, #5820 ) ;
#4927 = AXIS2_PLACEMENT_3D ( 'NONE', #1357, #3310, #2353 ) ;
#4928 = PRESENTATION_LAYER_ASSIGNMENT (  '', '', ( #3319 ) ) ;
#4929 = CARTESIAN_POINT ( 'NONE',  ( 0.02204724409448819214, -0.04862204724409449619, -0.0003937007874015748519 ) ) ;
#4930 = CARTESIAN_POINT ( 'NONE',  ( 0.02222331243917322410, 0.04897418393346454624, 0.0003937007874015748519 ) ) ;
#4931 = CYLINDRICAL_SURFACE ( 'NONE', #3314, 0.0003937007874015758277 ) ;
#4932 = SURFACE_STYLE_FILL_AREA ( #570 ) ;
#4933 = CARTESIAN_POINT ( 'NONE',  ( 0.02227454735007465200, -0.03953647627197259817, 0.08251076782251560993 ) ) ;
#4934 = CARTESIAN_POINT ( 'NONE',  ( 0.02227454735007467282, 0.04884935049968098381, -0.0001663975318150907304 ) ) ;
#4935 = VECTOR ( 'NONE', #678, 39.37007874015748143 ) ;
#4936 = LINE ( 'NONE', #5989, #3232 ) ;
#4937 = AXIS2_PLACEMENT_3D ( 'NONE', #3542, #5410, #2556 ) ;
#4938 = EDGE_CURVE ( 'NONE', #5397, #352, #5686, .T. ) ;
#4939 = SURFACE_STYLE_USAGE ( .BOTH. , #1115 ) ;
#4940 = FILL_AREA_STYLE ('',( #3047 ) ) ;
#4941 = FILL_AREA_STYLE ('',( #607 ) ) ;
#4942 = ORIENTED_EDGE ( 'NONE', *, *, #3070, .F. ) ;
#4943 =( GEOMETRIC_REPRESENTATION_CONTEXT ( 3 ) GLOBAL_UNCERTAINTY_ASSIGNED_CONTEXT ( ( #5144 ) ) GLOBAL_UNIT_ASSIGNED_CONTEXT ( ( #6154, #2255, #828 ) ) REPRESENTATION_CONTEXT ( 'NONE', 'WORKASPACE' ) );
#4944 =( CONVERSION_BASED_UNIT ( 'INCH', #5336 ) LENGTH_UNIT ( ) NAMED_UNIT ( #1001 ) );
#4945 = AXIS2_PLACEMENT_3D ( 'NONE', #745, #1274, #3584 ) ;
#4946 = ORIENTED_EDGE ( 'NONE', *, *, #994, .F. ) ;
#4947 = VECTOR ( 'NONE', #4, 39.37007874015748143 ) ;
#4948 =( NAMED_UNIT ( * ) SI_UNIT ( $, .STERADIAN. ) SOLID_ANGLE_UNIT ( ) );
#4949 = ORIENTED_EDGE ( 'NONE', *, *, #4154, .F. ) ;
#4950 = CARTESIAN_POINT ( 'NONE',  ( -0.1197670304406740632, -0.07416801234092448847, 0.1244745060521984664 ) ) ;
#4951 = ORIENTED_EDGE ( 'NONE', *, *, #533, .F. ) ;
#4952 = DIRECTION ( 'NONE',  ( 1.000000000000000000, 0.000000000000000000, 0.000000000000000000 ) ) ;
#4953 = ORIENTED_EDGE ( 'NONE', *, *, #5579, .T. ) ;
#4954 =( GEOMETRIC_REPRESENTATION_CONTEXT ( 3 ) GLOBAL_UNCERTAINTY_ASSIGNED_CONTEXT ( ( #1336 ) ) GLOBAL_UNIT_ASSIGNED_CONTEXT ( ( #3399, #5253, #2480 ) ) REPRESENTATION_CONTEXT ( 'NONE', 'WORKASPACE' ) );
#4955 = CARTESIAN_POINT ( 'NONE',  ( -0.06053149606299212948, -0.07499999999999999722, 0.1228740157480315009 ) ) ;
#4956 = SURFACE_SIDE_STYLE ('',( #4048 ) ) ;
#4957 =( GEOMETRIC_REPRESENTATION_CONTEXT ( 3 ) GLOBAL_UNCERTAINTY_ASSIGNED_CONTEXT ( ( #6167 ) ) GLOBAL_UNIT_ASSIGNED_CONTEXT ( ( #5214, #1298, #368 ) ) REPRESENTATION_CONTEXT ( 'NONE', 'WORKASPACE' ) );
#4958 = CARTESIAN_POINT ( 'NONE',  ( 0.02244094488188977041, -0.03930253036407321821, -0.07857708127465626302 ) ) ;
#4959 = FACE_OUTER_BOUND ( 'NONE', #793, .T. ) ;
#4960 = STYLED_ITEM ( 'NONE', ( #6003 ), #1301 ) ;
#4961 = UNCERTAINTY_MEASURE_WITH_UNIT (LENGTH_MEASURE( 1.000000000000000082E-05 ), #147, 'distance_accuracy_value', 'NONE');
#4962 = AXIS2_PLACEMENT_3D ( 'NONE', #205, #1615, #4895 ) ;
#4963 = FACE_OUTER_BOUND ( 'NONE', #4209, .T. ) ;
#4964 = DIRECTION ( 'NONE',  ( -0.000000000000000000, -0.000000000000000000, 1.000000000000000000 ) ) ;
#4965 = EDGE_CURVE ( 'NONE', #2782, #1514, #5484, .T. ) ;
#4966 = CIRCLE ( 'NONE', #1134, 0.001968503937007873988 ) ;
#4967 = CARTESIAN_POINT ( 'NONE',  ( 0.02204724409448819214, -0.03976377952755905804, 0.08228346456692912925 ) ) ;
#4968 = ORIENTED_EDGE ( 'NONE', *, *, #1454, .T. ) ;
#4969 = FILL_AREA_STYLE_COLOUR ( '', #5996 ) ;
#4970 = AXIS2_PLACEMENT_3D ( 'NONE', #5760, #2369, #4285 ) ;
#4971 = CARTESIAN_POINT ( 'NONE',  ( 0.04921259842519684624, -0.07499999999999998335, 0.0008153810282934943971 ) ) ;
#4972 = VERTEX_POINT ( 'NONE', #2573 ) ;
#4973 = AXIS2_PLACEMENT_3D ( 'NONE', #3158, #6107, #2780 ) ;
#4974 = CARTESIAN_POINT ( 'NONE',  ( -0.05002797945349034964, -0.07303149606299214058, 0.003937007874015747109 ) ) ;
#4975 = EDGE_LOOP ( 'NONE', ( #618, #461, #3416, #348 ) ) ;
#4976 =( NAMED_UNIT ( * ) PLANE_ANGLE_UNIT ( ) SI_UNIT ( $, .RADIAN. ) );
#4977 = PRESENTATION_LAYER_ASSIGNMENT (  '', '', ( #3254 ) ) ;
#4978 = DIRECTION ( 'NONE',  ( 0.000000000000000000, 0.000000000000000000, 1.000000000000000000 ) ) ;
#4979 = ORIENTED_EDGE ( 'NONE', *, *, #3066, .F. ) ;
#4980 = MECHANICAL_DESIGN_GEOMETRIC_PRESENTATION_REPRESENTATION (  '', ( #3156 ), #4166 ) ;
#4981 = SURFACE_SIDE_STYLE ('',( #589 ) ) ;
#4982 =( BOUNDED_CURVE ( )  B_SPLINE_CURVE ( 3, ( #5833, #5716, #2878, #3898 ),
 .UNSPECIFIED., .F., .F. ) 
 B_SPLINE_CURVE_WITH_KNOTS ( ( 4, 4 ),
 ( 1.570796326794896558, 3.141592653589789119 ),
 .UNSPECIFIED. ) 
 CURVE ( )  GEOMETRIC_REPRESENTATION_ITEM ( )  RATIONAL_B_SPLINE_CURVE ( ( 1.000000000000000000, 0.8047378541243658256, 0.8047378541243658256, 1.000000000000000000 ) ) 
 REPRESENTATION_ITEM ( '' )  );
#4983 =( GEOMETRIC_REPRESENTATION_CONTEXT ( 3 ) GLOBAL_UNCERTAINTY_ASSIGNED_CONTEXT ( ( #3031 ) ) GLOBAL_UNIT_ASSIGNED_CONTEXT ( ( #2531, #1534, #4893 ) ) REPRESENTATION_CONTEXT ( 'NONE', 'WORKASPACE' ) );
#4984 = EDGE_CURVE ( 'NONE', #5042, #448, #2484, .T. ) ;
#4985 = PLANE ( 'NONE',  #2569 ) ;
#4986 = SURFACE_STYLE_FILL_AREA ( #2332 ) ;
#4987 = SURFACE_SIDE_STYLE ('',( #4019 ) ) ;
#4988 = ORIENTED_EDGE ( 'NONE', *, *, #5626, .T. ) ;
#4989 =( GEOMETRIC_REPRESENTATION_CONTEXT ( 3 ) GLOBAL_UNCERTAINTY_ASSIGNED_CONTEXT ( ( #2976 ) ) GLOBAL_UNIT_ASSIGNED_CONTEXT ( ( #4304, #6259, #956 ) ) REPRESENTATION_CONTEXT ( 'NONE', 'WORKASPACE' ) );
#4990 = UNCERTAINTY_MEASURE_WITH_UNIT (LENGTH_MEASURE( 1.000000000000000082E-05 ), #2626, 'distance_accuracy_value', 'NONE');
#4991 = EDGE_CURVE ( 'NONE', #2840, #3278, #4762, .T. ) ;
#4992 = EDGE_CURVE ( 'NONE', #1498, #3451, #2649, .T. ) ;
#4993 = DIRECTION ( 'NONE',  ( 1.084202172485504276E-14, 0.000000000000000000, 1.000000000000000000 ) ) ;
#4994 = FILL_AREA_STYLE_COLOUR ( '', #5496 ) ;
#4995 = CARTESIAN_POINT ( 'NONE',  ( 0.1212307295510305222, -0.07423978937257688648, 0.1229390299101895401 ) ) ;
#4996 = CARTESIAN_POINT ( 'NONE',  ( 0.02264385656908468256, 0.04878724271297030235, -0.0005786670188958924948 ) ) ;
#4997 = CARTESIAN_POINT ( 'NONE',  ( 0.02204724409448819214, 0.04862204724409449619, 0.000000000000000000 ) ) ;
#4998 = DIRECTION ( 'NONE',  ( 1.000000000000000000, 0.000000000000000000, 0.000000000000000000 ) ) ;
#4999 = MECHANICAL_DESIGN_GEOMETRIC_PRESENTATION_REPRESENTATION (  '', ( #6018 ), #1646 ) ;
#5000 = CARTESIAN_POINT ( 'NONE',  ( 0.02204724409448819214, 0.04862204724409449619, 0.0003937007874015748519 ) ) ;
#5001 = DIRECTION ( 'NONE',  ( 0.000000000000000000, 1.000000000000000000, 0.000000000000000000 ) ) ;
#5002 = EDGE_LOOP ( 'NONE', ( #2063, #3477, #1495, #706, #5522 ) ) ;
#5003 =( NAMED_UNIT ( * ) PLANE_ANGLE_UNIT ( ) SI_UNIT ( $, .RADIAN. ) );
#5004 = VECTOR ( 'NONE', #3836, 39.37007874015748143 ) ;
#5005 = CARTESIAN_POINT ( 'NONE',  ( 0.02218175254482771669, -0.04894214530492788789, 0.0001663975318151248827 ) ) ;
#5006 = ORIENTED_EDGE ( 'NONE', *, *, #157, .T. ) ;
#5007 =( NAMED_UNIT ( * ) SI_UNIT ( $, .STERADIAN. ) SOLID_ANGLE_UNIT ( ) );
#5008 = CARTESIAN_POINT ( 'NONE',  ( -0.02244094488188972530, -5.463695987328543539E-18, -0.003937007874015747977 ) ) ;
#5009 = CIRCLE ( 'NONE', #2182, 0.001968503937007873988 ) ;
#5010 = VERTEX_POINT ( 'NONE', #4526 ) ;
#5011 = ADVANCED_FACE ( 'NONE', ( #668 ), #3909, .T. ) ;
#5012 = DIMENSIONAL_EXPONENTS ( 1.000000000000000000, 0.000000000000000000, 0.000000000000000000, 0.000000000000000000, 0.000000000000000000, 0.000000000000000000, 0.000000000000000000 ) ;
#5013 = EDGE_CURVE ( 'NONE', #40, #5371, #219, .T. ) ;
#5014 = STYLED_ITEM ( 'NONE', ( #5341 ), #2876 ) ;
#5015 =( LENGTH_UNIT ( ) NAMED_UNIT ( * ) SI_UNIT ( $, .METRE. ) );
#5016 = CARTESIAN_POINT ( 'NONE',  ( 0.02204724409448819214, -0.04862204724409450313, -0.0003937007874015748519 ) ) ;
#5017 = EDGE_CURVE ( 'NONE', #679, #5586, #2456, .T. ) ;
#5018 = SURFACE_STYLE_FILL_AREA ( #949 ) ;
#5019 = EDGE_LOOP ( 'NONE', ( #1846, #1527, #3304, #4099 ) ) ;
#5020 = VECTOR ( 'NONE', #5930, 39.37007874015748143 ) ;
#5021 = FACE_OUTER_BOUND ( 'NONE', #3511, .T. ) ;
#5022 = CARTESIAN_POINT ( 'NONE',  ( -0.04724409448818897572, 0.03749999999999999861, 0.001968503937007873988 ) ) ;
#5023 =( LENGTH_UNIT ( ) NAMED_UNIT ( * ) SI_UNIT ( $, .METRE. ) );
#5024 = CARTESIAN_POINT ( 'NONE',  ( 0.1202310044669086947, -0.07416801234092444683, 0.1240105320259638211 ) ) ;
#5025 = CARTESIAN_POINT ( 'NONE',  ( 0.02217741174367308943, 0.04852399410181017919, -3.531234674747364655E-05 ) ) ;
#5026 = CARTESIAN_POINT ( 'NONE',  ( 0.02204724409448819214, -0.04862204724409450313, -0.0003937007874015748519 ) ) ;
#5027 = SHAPE_REPRESENTATION_RELATIONSHIP ( 'NONE' , 'NONE' ,  #1285, #3596 ) ;
#5028 = DIRECTION ( 'NONE',  ( 0.000000000000000000, 0.000000000000000000, -1.000000000000000000 ) ) ;
#5029 = DIRECTION ( 'NONE',  ( 2.913971193241879780E-16, -1.000000000000000000, 0.000000000000000000 ) ) ;
#5030 = AXIS2_PLACEMENT_3D ( 'NONE', #2583, #3679, #5612 ) ;
#5031 =( CONVERSION_BASED_UNIT ( 'INCH', #6136 ) LENGTH_UNIT ( ) NAMED_UNIT ( #6251 ) );
#5032 = PRESENTATION_LAYER_ASSIGNMENT (  '', '', ( #1669 ) ) ;
#5033 =( REPRESENTATION_RELATIONSHIP ('NONE','NONE', #1987, #1285 ) REPRESENTATION_RELATIONSHIP_WITH_TRANSFORMATION ( #5543 )SHAPE_REPRESENTATION_RELATIONSHIP( ) );
#5034 = DIRECTION ( 'NONE',  ( -0.000000000000000000, -0.000000000000000000, -1.000000000000000000 ) ) ;
#5035 = CARTESIAN_POINT ( 'NONE',  ( 0.02227454735007466935, 0.03953647627197259123, 0.08251076782251562380 ) ) ;
#5036 = ORIENTED_EDGE ( 'NONE', *, *, #1242, .F. ) ;
#5037 = CYLINDRICAL_SURFACE ( 'NONE', #4406, 0.0003937007874015748519 ) ;
#5038 = EDGE_CURVE ( 'NONE', #6116, #3451, #5604, .T. ) ;
#5039 = CARTESIAN_POINT ( 'NONE',  ( 0.02244094488188980163, -0.03976377952755905804, 0.000000000000000000 ) ) ;
#5040 = EDGE_LOOP ( 'NONE', ( #2690, #4673, #4442, #5980, #2928, #3849 ) ) ;
#5041 = SURFACE_STYLE_USAGE ( .BOTH. , #198 ) ;
#5042 = VERTEX_POINT ( 'NONE', #3208 ) ;
#5043 =( GEOMETRIC_REPRESENTATION_CONTEXT ( 3 ) GLOBAL_UNCERTAINTY_ASSIGNED_CONTEXT ( ( #5421 ) ) GLOBAL_UNIT_ASSIGNED_CONTEXT ( ( #1141, #2540, #3438 ) ) REPRESENTATION_CONTEXT ( 'NONE', 'WORKASPACE' ) );
#5044 = CARTESIAN_POINT ( 'NONE',  ( 0.01850393700787405366, 0.04901574803149607445, -0.003937007874015747977 ) ) ;
#5045 = PRESENTATION_STYLE_ASSIGNMENT (( #682 ) ) ;
#5046 = CARTESIAN_POINT ( 'NONE',  ( 0.02244094488188978428, 0.03976377952755905804, 0.08228346456692912925 ) ) ;
#5047 = ORIENTED_EDGE ( 'NONE', *, *, #808, .F. ) ;
#5048 = PRODUCT_DEFINITION_CONTEXT ( 'detailed design', #1558, 'design' ) ;
#5049 = DIRECTION ( 'NONE',  ( 0.000000000000000000, -1.000000000000000000, 0.000000000000000000 ) ) ;
#5050 = PRESENTATION_STYLE_ASSIGNMENT (( #1650 ) ) ;
#5051 = SURFACE_SIDE_STYLE ('',( #4076 ) ) ;
#5052 = DIMENSIONAL_EXPONENTS ( 1.000000000000000000, 0.000000000000000000, 0.000000000000000000, 0.000000000000000000, 0.000000000000000000, 0.000000000000000000, 0.000000000000000000 ) ;
#5053 = FILL_AREA_STYLE_COLOUR ( '', #1920 ) ;
#5054 = COLOUR_RGB ( '',0.2862745098039215508, 0.2862745098039215508, 0.2862745098039215508 ) ;
#5055 = FACE_OUTER_BOUND ( 'NONE', #2758, .T. ) ;
#5056 = CARTESIAN_POINT ( 'NONE',  ( 0.02194919095220389249, 0.03963361187837417809, -0.08264185300758322694 ) ) ;
#5057 = CARTESIAN_POINT ( 'NONE',  ( 0.005184816329220984753, 0.03937007874015747977, 0.08228346456692912925 ) ) ;
#5058 = PLANE ( 'NONE',  #2039 ) ;
#5059 = VERTEX_POINT ( 'NONE', #276 ) ;
#5060 = EDGE_CURVE ( 'NONE', #3838, #3624, #5997, .T. ) ;
#5061 = EDGE_CURVE ( 'NONE', #866, #119, #3669, .T. ) ;
#5062 = MECHANICAL_DESIGN_GEOMETRIC_PRESENTATION_REPRESENTATION (  '', ( #6181 ), #629 ) ;
#5063 = EDGE_CURVE ( 'NONE', #2310, #177, #4577, .T. ) ;
#5064 = ORIENTED_EDGE ( 'NONE', *, *, #4300, .T. ) ;
#5065 = CARTESIAN_POINT ( 'NONE',  ( 0.02227454735007465547, -0.03953647627197259817, -0.08251076782251559605 ) ) ;
#5066 = VECTOR ( 'NONE', #6036, 39.37007874015748143 ) ;
#5067 = FACE_OUTER_BOUND ( 'NONE', #3411, .T. ) ;
#5068 = ORIENTED_EDGE ( 'NONE', *, *, #2832, .F. ) ;
#5069 = COLOUR_RGB ( '',0.7490196078431372584, 0.7490196078431372584, 0.7490196078431372584 ) ;
#5070 = EDGE_CURVE ( 'NONE', #3133, #1538, #2241, .T. ) ;
#5071 = LINE ( 'NONE', #4211, #5657 ) ;
#5072 = CARTESIAN_POINT ( 'NONE',  ( 0.02217741174367308249, 0.04898043568474858694, -0.0004917539296858909267 ) ) ;
#5073 = MECHANICAL_DESIGN_GEOMETRIC_PRESENTATION_REPRESENTATION (  '', ( #5286 ), #5590 ) ;
#5074 =( CONVERSION_BASED_UNIT ( 'INCH', #1181 ) LENGTH_UNIT ( ) NAMED_UNIT ( #3771 ) );
#5075 =( NAMED_UNIT ( * ) SI_UNIT ( $, .STERADIAN. ) SOLID_ANGLE_UNIT ( ) );
#5076 = DIRECTION ( 'NONE',  ( 1.000000000000000000, 4.513101726118519957E-17, 0.000000000000000000 ) ) ;
#5077 = ORIENTED_EDGE ( 'NONE', *, *, #1569, .T. ) ;
#5078 =( GEOMETRIC_REPRESENTATION_CONTEXT ( 3 ) GLOBAL_UNCERTAINTY_ASSIGNED_CONTEXT ( ( #5957 ) ) GLOBAL_UNIT_ASSIGNED_CONTEXT ( ( #2774, #1436, #5313 ) ) REPRESENTATION_CONTEXT ( 'NONE', 'WORKASPACE' ) );
#5079 =( NAMED_UNIT ( * ) PLANE_ANGLE_UNIT ( ) SI_UNIT ( $, .RADIAN. ) );
#5080 = EDGE_CURVE ( 'NONE', #1965, #2932, #2751, .T. ) ;
#5081 = FILL_AREA_STYLE ('',( #5620 ) ) ;
#5082 = DIRECTION ( 'NONE',  ( 1.000000000000000000, 0.000000000000000000, 0.000000000000000000 ) ) ;
#5083 = CARTESIAN_POINT ( 'NONE',  ( 0.1197670304406740355, 0.07416801234092444683, 0.1244745060521984942 ) ) ;
#5084 = FILL_AREA_STYLE ('',( #5601 ) ) ;
#5085 = APPLICATION_PROTOCOL_DEFINITION ( 'draft international standard', 'automotive_design', 1998, #776 ) ;
#5086 = DIRECTION ( 'NONE',  ( 1.000000000000000000, 0.000000000000000000, -0.000000000000000000 ) ) ;
#5087 = CARTESIAN_POINT ( 'NONE',  ( 0.02204724409448819214, 0.03937007874015747977, 0.04133858267716536417 ) ) ;
#5088 = EDGE_LOOP ( 'NONE', ( #1582, #1179, #4272, #3706, #4091, #5351, #1097, #764, #500, #5895 ) ) ;
#5089 = DIRECTION ( 'NONE',  ( 1.000000000000000000, 4.749352646498039829E-16, -0.000000000000000000 ) ) ;
#5090 = CARTESIAN_POINT ( 'NONE',  ( 0.1197453264349008090, 0.07482343826626257355, 0.006395777522445180927 ) ) ;
#5091 = VERTEX_POINT ( 'NONE', #3130 ) ;
#5092 =( NAMED_UNIT ( * ) PLANE_ANGLE_UNIT ( ) SI_UNIT ( $, .RADIAN. ) );
#5093 = FACE_OUTER_BOUND ( 'NONE', #5434, .T. ) ;
#5094 = ORIENTED_EDGE ( 'NONE', *, *, #2366, .F. ) ;
#5095 = EDGE_CURVE ( 'NONE', #2666, #2310, #1243, .T. ) ;
#5096 = MECHANICAL_DESIGN_GEOMETRIC_PRESENTATION_REPRESENTATION (  '', ( #3791 ), #2381 ) ;
#5097 = DIRECTION ( 'NONE',  ( 3.344045254895049987E-16, -1.000000000000000000, 0.000000000000000000 ) ) ;
#5098 = FILL_AREA_STYLE ('',( #3142 ) ) ;
#5099 = ADVANCED_FACE ( 'NONE', ( #775 ), #5225, .T. ) ;
#5100 = CARTESIAN_POINT ( 'NONE',  ( 0.02204724409448819214, -0.02450787401574799559, -0.07834645669291338821 ) ) ;
#5101 =( NAMED_UNIT ( * ) PLANE_ANGLE_UNIT ( ) SI_UNIT ( $, .RADIAN. ) );
#5102 = MANIFOLD_SOLID_BREP ( 'Imported1', #1068 ) ;
#5103 = DIRECTION ( 'NONE',  ( -1.000000000000000000, -4.869399230812090436E-16, -0.000000000000000000 ) ) ;
#5104 = ORIENTED_EDGE ( 'NONE', *, *, #3522, .T. ) ;
#5105 = PRESENTATION_STYLE_ASSIGNMENT (( #3236 ) ) ;
#5106 = CARTESIAN_POINT ( 'NONE',  ( -0.1190944881889763746, 0.07303149606299212671, 0.1228740157480315009 ) ) ;
#5107 = EDGE_CURVE ( 'NONE', #555, #4376, #4699, .T. ) ;
#5108 = LINE ( 'NONE', #5172, #163 ) ;
#5109 = SURFACE_STYLE_FILL_AREA ( #1239 ) ;
#5110 = LINE ( 'NONE', #2777, #4868 ) ;
#5111 =( GEOMETRIC_REPRESENTATION_CONTEXT ( 3 ) GLOBAL_UNCERTAINTY_ASSIGNED_CONTEXT ( ( #3826 ) ) GLOBAL_UNIT_ASSIGNED_CONTEXT ( ( #4009, #2548, #5916 ) ) REPRESENTATION_CONTEXT ( 'NONE', 'WORKASPACE' ) );
#5112 = STYLED_ITEM ( 'NONE', ( #4789 ), #5963 ) ;
#5113 = COLOUR_RGB ( '',0.2862745098039215508, 0.2862745098039215508, 0.2862745098039215508 ) ;
#5114 = CARTESIAN_POINT ( 'NONE',  ( 0.02244094488188978428, -0.03976377952755904416, -0.07913385826771651699 ) ) ;
#5115 = DIRECTION ( 'NONE',  ( 0.000000000000000000, -1.000000000000000000, 0.000000000000000000 ) ) ;
#5116 =( CONVERSION_BASED_UNIT ( 'INCH', #3181 ) LENGTH_UNIT ( ) NAMED_UNIT ( #4693 ) );
#5117 = CIRCLE ( 'NONE', #3017, 0.001968503937007879193 ) ;
#5118 = VERTEX_POINT ( 'NONE', #1953 ) ;
#5119 = ADVANCED_FACE ( 'NONE', ( #5323 ), #1372, .T. ) ;
#5120 =( LENGTH_UNIT ( ) NAMED_UNIT ( * ) SI_UNIT ( $, .METRE. ) );
#5121 = CIRCLE ( 'NONE', #4927, 0.0003937007874015758277 ) ;
#5122 = STYLED_ITEM ( 'NONE', ( #395 ), #2197 ) ;
#5123 = LINE ( 'NONE', #3187, #1577 ) ;
#5124 = ORIENTED_EDGE ( 'NONE', *, *, #5017, .T. ) ;
#5125 = AXIS2_PLACEMENT_3D ( 'NONE', #3565, #4978, #173 ) ;
#5126 =( GEOMETRIC_REPRESENTATION_CONTEXT ( 3 ) GLOBAL_UNCERTAINTY_ASSIGNED_CONTEXT ( ( #3974 ) ) GLOBAL_UNIT_ASSIGNED_CONTEXT ( ( #1455, #4232, #407 ) ) REPRESENTATION_CONTEXT ( 'NONE', 'WORKASPACE' ) );
#5127 = CARTESIAN_POINT ( 'NONE',  ( -0.06053149606299212948, -0.07499999999999999722, 0.005905511811023621965 ) ) ;
#5128 = ORIENTED_EDGE ( 'NONE', *, *, #3752, .T. ) ;
#5129 = FILL_AREA_STYLE_COLOUR ( '', #1009 ) ;
#5130 = LINE ( 'NONE', #790, #3020 ) ;
#5131 = DIMENSIONAL_EXPONENTS ( 1.000000000000000000, 0.000000000000000000, 0.000000000000000000, 0.000000000000000000, 0.000000000000000000, 0.000000000000000000, 0.000000000000000000 ) ;
#5132 = CARTESIAN_POINT ( 'NONE',  ( 0.1199748299124014789, 0.07479217950984233532, 0.005905511811023621965 ) ) ;
#5133 = CARTESIAN_POINT ( 'NONE',  ( -0.02244094488188972877, -0.04901574803149607445, -0.0003937007874015748519 ) ) ;
#5134 = AXIS2_PLACEMENT_3D ( 'NONE', #3334, #4265, #6111 ) ;
#5135 = MECHANICAL_DESIGN_GEOMETRIC_PRESENTATION_REPRESENTATION (  '', ( #3205 ), #4838 ) ;
#5136 = CARTESIAN_POINT ( 'NONE',  ( 0.1202310044669086947, 0.07416801234092443296, 0.004768995533091322653 ) ) ;
#5137 = ORIENTED_EDGE ( 'NONE', *, *, #533, .T. ) ;
#5138 = COLOUR_RGB ( '',0.2862745098039215508, 0.2862745098039215508, 0.2862745098039215508 ) ;
#5139 = SURFACE_STYLE_FILL_AREA ( #5081 ) ;
#5140 = DIRECTION ( 'NONE',  ( -1.000000000000000000, -0.000000000000000000, 0.000000000000000000 ) ) ;
#5141 = MECHANICAL_DESIGN_GEOMETRIC_PRESENTATION_REPRESENTATION (  '', ( #6281 ), #3101 ) ;
#5142 = LENGTH_MEASURE_WITH_UNIT ( LENGTH_MEASURE( 0.02539999999999999897 ), #2776 );
#5143 = CARTESIAN_POINT ( 'NONE',  ( 0.1202310044669086669, -0.07416801234092444683, 0.1240105320259638072 ) ) ;
#5144 = UNCERTAINTY_MEASURE_WITH_UNIT (LENGTH_MEASURE( 1.000000000000000082E-05 ), #6154, 'distance_accuracy_value', 'NONE');
#5145 = DIRECTION ( 'NONE',  ( 1.000000000000000000, 4.749352646498039829E-16, 0.000000000000000000 ) ) ;
#5146 =( NAMED_UNIT ( * ) SI_UNIT ( $, .STERADIAN. ) SOLID_ANGLE_UNIT ( ) );
#5147 = DIRECTION ( 'NONE',  ( 0.000000000000000000, 0.000000000000000000, 1.000000000000000000 ) ) ;
#5148 =( CONVERSION_BASED_UNIT ( 'INCH', #4197 ) LENGTH_UNIT ( ) NAMED_UNIT ( #5714 ) );
#5149 = SURFACE_STYLE_USAGE ( .BOTH. , #3796 ) ;
#5150 = SURFACE_SIDE_STYLE ('',( #4801 ) ) ;
#5151 = ORIENTED_EDGE ( 'NONE', *, *, #1826, .T. ) ;
#5152 = EDGE_CURVE ( 'NONE', #136, #788, #1038, .T. ) ;
#5153 = DIRECTION ( 'NONE',  ( 1.000000000000000000, 0.000000000000000000, 0.000000000000000000 ) ) ;
#5154 =( GEOMETRIC_REPRESENTATION_CONTEXT ( 3 ) GLOBAL_UNCERTAINTY_ASSIGNED_CONTEXT ( ( #3761 ) ) GLOBAL_UNIT_ASSIGNED_CONTEXT ( ( #5624, #2810, #768 ) ) REPRESENTATION_CONTEXT ( 'NONE', 'WORKASPACE' ) );
#5155 = EDGE_LOOP ( 'NONE', ( #1997, #656, #901, #5187 ) ) ;
#5156 = CARTESIAN_POINT ( 'NONE',  ( 0.1209312952931981822, -0.07311749466536349162, 0.004944108957727048718 ) ) ;
#5157 = CARTESIAN_POINT ( 'NONE',  ( -0.04921259842519685318, -0.07373477478328380186, 0.001968503937007873988 ) ) ;
#5158 = ORIENTED_EDGE ( 'NONE', *, *, #4817, .T. ) ;
#5159 = VECTOR ( 'NONE', #4744, 39.37007874015748143 ) ;
#5160 = AXIS2_PLACEMENT_3D ( 'NONE', #1909, #1477, #3458 ) ;
#5161 = SURFACE_STYLE_FILL_AREA ( #5098 ) ;
#5162 =( NAMED_UNIT ( * ) SI_UNIT ( $, .STERADIAN. ) SOLID_ANGLE_UNIT ( ) );
#5163 = AXIS2_PLACEMENT_3D ( 'NONE', #4908, #4876, #3410 ) ;
#5164 = FACE_OUTER_BOUND ( 'NONE', #830, .T. ) ;
#5165 = MECHANICAL_DESIGN_GEOMETRIC_PRESENTATION_REPRESENTATION (  '', ( #415 ), #5492 ) ;
#5166 =( LENGTH_UNIT ( ) NAMED_UNIT ( * ) SI_UNIT ( $, .METRE. ) );
#5167 = VERTEX_POINT ( 'NONE', #4460 ) ;
#5168 = STYLED_ITEM ( 'NONE', ( #2267 ), #5099 ) ;
#5169 = EDGE_CURVE ( 'NONE', #1781, #975, #5875, .T. ) ;
#5170 = LENGTH_MEASURE_WITH_UNIT ( LENGTH_MEASURE( 0.02539999999999999897 ), #1742 );
#5171 = SURFACE_SIDE_STYLE ('',( #2260 ) ) ;
#5172 = CARTESIAN_POINT ( 'NONE',  ( -0.04724409448818897572, -2.090028284309405548E-18, 0.000000000000000000 ) ) ;
#5173 = CARTESIAN_POINT ( 'NONE',  ( -0.04921259842519685318, 0.07499999999999999722, 0.002495962977226618210 ) ) ;
#5174 =( NAMED_UNIT ( * ) PLANE_ANGLE_UNIT ( ) SI_UNIT ( $, .RADIAN. ) );
#5175 = SURFACE_SIDE_STYLE ('',( #4500 ) ) ;
#5176 = EDGE_CURVE ( 'NONE', #3133, #2916, #4394, .T. ) ;
#5177 = ITEM_DEFINED_TRANSFORMATION ( 'NONE', 'NONE', #2707,  #4612 ) ;
#5178 = DIMENSIONAL_EXPONENTS ( 1.000000000000000000, 0.000000000000000000, 0.000000000000000000, 0.000000000000000000, 0.000000000000000000, 0.000000000000000000, 0.000000000000000000 ) ;
#5179 = CIRCLE ( 'NONE', #6005, 0.0003937007874015758277 ) ;
#5180 = EDGE_CURVE ( 'NONE', #483, #90, #1037, .T. ) ;
#5181 = SURFACE_SIDE_STYLE ('',( #6204 ) ) ;
#5182 = DIRECTION ( 'NONE',  ( 0.000000000000000000, 0.000000000000000000, 1.000000000000000000 ) ) ;
#5183 = AXIS2_PLACEMENT_3D ( 'NONE', #1344, #2415, #4203 ) ;
#5184 = CARTESIAN_POINT ( 'NONE',  ( -0.1186042224775547826, 0.07368233430891663049, 0.1246659579513019617 ) ) ;
#5185 = PLANE ( 'NONE',  #2516 ) ;
#5186 = CARTESIAN_POINT ( 'NONE',  ( -0.02244094488188972530, 0.04901574803149605364, -0.0001630762056587027771 ) ) ;
#5187 = ORIENTED_EDGE ( 'NONE', *, *, #3629, .T. ) ;
#5188 = DIMENSIONAL_EXPONENTS ( 1.000000000000000000, 0.000000000000000000, 0.000000000000000000, 0.000000000000000000, 0.000000000000000000, 0.000000000000000000, 0.000000000000000000 ) ;
#5189 = COLOUR_RGB ( '',0.8313725490196077761, 0.8313725490196077761, 0.8313725490196077761 ) ;
#5190 = PRESENTATION_STYLE_ASSIGNMENT (( #2859 ) ) ;
#5191 = DIRECTION ( 'NONE',  ( 0.8164965809277262565, -0.4082482904638631283, 0.4082482904638622956 ) ) ;
#5192 =( NAMED_UNIT ( * ) SI_UNIT ( $, .STERADIAN. ) SOLID_ANGLE_UNIT ( ) );
#5193 = VERTEX_POINT ( 'NONE', #3464 ) ;
#5194 = DIRECTION ( 'NONE',  ( -0.000000000000000000, -1.000000000000000000, -0.000000000000000000 ) ) ;
#5195 =( LENGTH_UNIT ( ) NAMED_UNIT ( * ) SI_UNIT ( $, .METRE. ) );
#5196 = CARTESIAN_POINT ( 'NONE',  ( -0.05118110236220473064, -0.07499999999999999722, 0.005905511811023620231 ) ) ;
#5197 = ORIENTED_EDGE ( 'NONE', *, *, #3773, .F. ) ;
#5198 = PRESENTATION_LAYER_ASSIGNMENT (  '', '', ( #6018 ) ) ;
#5199 =( NAMED_UNIT ( * ) PLANE_ANGLE_UNIT ( ) SI_UNIT ( $, .RADIAN. ) );
#5200 = LINE ( 'NONE', #2317, #290 ) ;
#5201 = DIRECTION ( 'NONE',  ( -1.000000000000000000, 2.434699615406050148E-16, -0.000000000000000000 ) ) ;
#5202 = CARTESIAN_POINT ( 'NONE',  ( 0.02244094488188980163, -0.04901574803149607445, 0.08228346456692912925 ) ) ;
#5203 =( NAMED_UNIT ( * ) PLANE_ANGLE_UNIT ( ) SI_UNIT ( $, .RADIAN. ) );
#5204 = CARTESIAN_POINT ( 'NONE',  ( 0.1200558910422729608, 0.07486830316721389267, 0.005819513208652248373 ) ) ;
#5205 = ORIENTED_EDGE ( 'NONE', *, *, #4089, .F. ) ;
#5206 = ADVANCED_FACE ( 'NONE', ( #2048 ), #1010, .T. ) ;
#5207 = SURFACE_STYLE_FILL_AREA ( #1707 ) ;
#5208 = CYLINDRICAL_SURFACE ( 'NONE', #5628, 0.0003937007874015748519 ) ;
#5209 = CARTESIAN_POINT ( 'NONE',  ( 0.02244094488188978428, 0.03976377952755905804, -0.08228346456692912925 ) ) ;
#5210 = EDGE_CURVE ( 'NONE', #5494, #517, #1573, .T. ) ;
#5211 =( NAMED_UNIT ( * ) PLANE_ANGLE_UNIT ( ) SI_UNIT ( $, .RADIAN. ) );
#5212 = CARTESIAN_POINT ( 'NONE',  ( 0.1202310044669087225, 0.07416801234092444683, 0.1240105320259638350 ) ) ;
#5213 = CIRCLE ( 'NONE', #1355, 0.0003937007874015758277 ) ;
#5214 =( CONVERSION_BASED_UNIT ( 'INCH', #4657 ) LENGTH_UNIT ( ) NAMED_UNIT ( #4681 ) );
#5215 = DIRECTION ( 'NONE',  ( 1.000000000000000000, 0.000000000000000000, 0.000000000000000000 ) ) ;
#5216 =( GEOMETRIC_REPRESENTATION_CONTEXT ( 3 ) GLOBAL_UNCERTAINTY_ASSIGNED_CONTEXT ( ( #4478 ) ) GLOBAL_UNIT_ASSIGNED_CONTEXT ( ( #3283, #5211, #5692 ) ) REPRESENTATION_CONTEXT ( 'NONE', 'WORKASPACE' ) );
#5217 = UNCERTAINTY_MEASURE_WITH_UNIT (LENGTH_MEASURE( 1.000000000000000082E-05 ), #1773, 'distance_accuracy_value', 'NONE');
#5218 =( CONVERSION_BASED_UNIT ( 'INCH', #3288 ) LENGTH_UNIT ( ) NAMED_UNIT ( #5999 ) );
#5219 = CARTESIAN_POINT ( 'NONE',  ( 0.02244094488188978775, -0.03897637795275583905, 0.07857708127465623527 ) ) ;
#5220 =( LENGTH_UNIT ( ) NAMED_UNIT ( * ) SI_UNIT ( $, .METRE. ) );
#5221 =( CONVERSION_BASED_UNIT ( 'INCH', #6171 ) LENGTH_UNIT ( ) NAMED_UNIT ( #2812 ) );
#5222 = CARTESIAN_POINT ( 'NONE',  ( -0.02227786867623103920, 0.04885267182583735018, -4.981389264284176911E-18 ) ) ;
#5223 = ORIENTED_EDGE ( 'NONE', *, *, #1361, .T. ) ;
#5224 = VECTOR ( 'NONE', #816, 39.37007874015748143 ) ;
#5225 =( BOUNDED_SURFACE ( )  B_SPLINE_SURFACE ( 3, 3, ( 
 ( #4663, #1716, #5728, #5249 ),
 ( #5219, #1844, #2406, #4322 ),
 ( #6206, #910, #3833, #4833 ),
 ( #3360, #1809, #2920, #2336 ) ),
 .UNSPECIFIED., .F., .F., .F. ) 
 B_SPLINE_SURFACE_WITH_KNOTS ( ( 4, 4 ),
 ( 4, 4 ),
 ( 0.000000000000000000, 1.000000000000000000 ),
 ( 0.000000000000000000, 1.000000000000000000 ),
 .UNSPECIFIED. ) 
 GEOMETRIC_REPRESENTATION_ITEM ( )  RATIONAL_B_SPLINE_SURFACE ( (
 ( 1.000000000000000000, 0.8047378541243676020, 0.8047378541243676020, 1.000000000000000000),
 ( 0.8047378541243445094, 0.6476030138606733155, 0.6476030138606733155, 0.8047378541243445094),
 ( 0.8047378541243445094, 0.6476030138606733155, 0.6476030138606733155, 0.8047378541243445094),
 ( 1.000000000000000000, 0.8047378541243676020, 0.8047378541243676020, 1.000000000000000000) ) ) 
 REPRESENTATION_ITEM ( '' )  SURFACE ( )  );
#5226 = FACE_OUTER_BOUND ( 'NONE', #1825, .T. ) ;
#5227 = LINE ( 'NONE', #4387, #4375 ) ;
#5228 = DIMENSIONAL_EXPONENTS ( 1.000000000000000000, 0.000000000000000000, 0.000000000000000000, 0.000000000000000000, 0.000000000000000000, 0.000000000000000000, 0.000000000000000000 ) ;
#5229 = PLANE ( 'NONE',  #3173 ) ;
#5230 = ORIENTED_EDGE ( 'NONE', *, *, #2093, .F. ) ;
#5231 = CARTESIAN_POINT ( 'NONE',  ( 0.01850393700787409529, -0.04901574803149608139, 0.000000000000000000 ) ) ;
#5232 = SURFACE_STYLE_FILL_AREA ( #3809 ) ;
#5233 = PRESENTATION_LAYER_ASSIGNMENT (  '', '', ( #3822 ) ) ;
#5234 = SURFACE_SIDE_STYLE ('',( #821 ) ) ;
#5235 = ORIENTED_EDGE ( 'NONE', *, *, #3914, .F. ) ;
#5236 = MECHANICAL_DESIGN_GEOMETRIC_PRESENTATION_REPRESENTATION (  '', ( #1669 ), #1376 ) ;
#5237 = EDGE_CURVE ( 'NONE', #3188, #2939, #3482, .T. ) ;
#5238 = DIMENSIONAL_EXPONENTS ( 1.000000000000000000, 0.000000000000000000, 0.000000000000000000, 0.000000000000000000, 0.000000000000000000, 0.000000000000000000, 0.000000000000000000 ) ;
#5239 = AXIS2_PLACEMENT_3D ( 'NONE', #5479, #3077, #4523 ) ;
#5240 = CARTESIAN_POINT ( 'NONE',  ( 0.02214210586436340944, -0.03910655853681648669, -0.08192188475386603941 ) ) ;
#5241 = DIRECTION ( 'NONE',  ( 1.000000000000000000, 0.000000000000000000, 0.000000000000000000 ) ) ;
#5242 = PRESENTATION_STYLE_ASSIGNMENT (( #3312 ) ) ;
#5243 = ORIENTED_EDGE ( 'NONE', *, *, #5775, .T. ) ;
#5244 = FACE_OUTER_BOUND ( 'NONE', #4975, .T. ) ;
#5245 = FACE_OUTER_BOUND ( 'NONE', #2272, .T. ) ;
#5246 = FILL_AREA_STYLE ('',( #4190 ) ) ;
#5247 = CARTESIAN_POINT ( 'NONE',  ( 0.1172865891236607172, -0.07350580491236846647, 0.002619406857310904030 ) ) ;
#5248 = FACE_OUTER_BOUND ( 'NONE', #4035, .T. ) ;
#5249 = CARTESIAN_POINT ( 'NONE',  ( 0.02244094488188976694, -0.03976377952755900946, 0.07913385826771651699 ) ) ;
#5250 = CARTESIAN_POINT ( 'NONE',  ( 0.02186227786299390144, 0.03916716705296264395, 0.08244866003580499092 ) ) ;
#5251 = CARTESIAN_POINT ( 'NONE',  ( 0.04921259842519684624, -0.03749999999999999861, 0.001968503937007873988 ) ) ;
#5253 =( NAMED_UNIT ( * ) PLANE_ANGLE_UNIT ( ) SI_UNIT ( $, .RADIAN. ) );
#5252 = DIRECTION ( 'NONE',  ( 1.000000000000000000, 0.000000000000000000, 0.000000000000000000 ) ) ;
#5254 = LINE ( 'NONE', #4264, #3598 ) ;
#5255 = SURFACE_STYLE_FILL_AREA ( #914 ) ;
#5256 = DIRECTION ( 'NONE',  ( 0.000000000000000000, 0.000000000000000000, 1.000000000000000000 ) ) ;
#5257 = SURFACE_STYLE_FILL_AREA ( #4740 ) ;
#5258 = FILL_AREA_STYLE_COLOUR ( '', #6096 ) ;
#5259 = DIRECTION ( 'NONE',  ( -0.000000000000000000, -1.000000000000000000, -0.000000000000000000 ) ) ;
#5260 = ORIENTED_EDGE ( 'NONE', *, *, #2274, .T. ) ;
#5261 = SURFACE_SIDE_STYLE ('',( #5232 ) ) ;
#5262 = PRESENTATION_LAYER_ASSIGNMENT (  '', '', ( #1408 ) ) ;
#5263 = ORIENTED_EDGE ( 'NONE', *, *, #5735, .F. ) ;
#5264 = ADVANCED_FACE ( 'NONE', ( #153 ), #125, .T. ) ;
#5265 =( NAMED_UNIT ( * ) SI_UNIT ( $, .STERADIAN. ) SOLID_ANGLE_UNIT ( ) );
#5266 = AXIS2_PLACEMENT_3D ( 'NONE', #2445, #1374, #1520 ) ;
#5267 = CARTESIAN_POINT ( 'NONE',  ( 0.01381288060555539536, 0.03897637795275602640, -0.07913385826771651699 ) ) ;
#5268 = FILL_AREA_STYLE ('',( #2796 ) ) ;
#5269 = CARTESIAN_POINT ( 'NONE',  ( -0.1202310044669087086, 0.07416801234092446071, 0.1240105320259638488 ) ) ;
#5270 = SURFACE_SIDE_STYLE ('',( #4850 ) ) ;
#5271 = DIMENSIONAL_EXPONENTS ( 1.000000000000000000, 0.000000000000000000, 0.000000000000000000, 0.000000000000000000, 0.000000000000000000, 0.000000000000000000, 0.000000000000000000 ) ;
#5272 = VERTEX_POINT ( 'NONE', #2199 ) ;
#5273 = AXIS2_PLACEMENT_3D ( 'NONE', #497, #20, #1947 ) ;
#5274 = FILL_AREA_STYLE_COLOUR ( '', #2555 ) ;
#5275 = CARTESIAN_POINT ( 'NONE',  ( 0.01850393700787406753, 0.04901574803149607445, 0.003937007874015747977 ) ) ;
#5276 = AXIS2_PLACEMENT_3D ( 'NONE', #2254, #1764, #3784 ) ;
#5277 = UNCERTAINTY_MEASURE_WITH_UNIT (LENGTH_MEASURE( 1.000000000000000082E-05 ), #3854, 'distance_accuracy_value', 'NONE');
#5278 = CARTESIAN_POINT ( 'NONE',  ( 0.03106900915822421658, -0.03897637795275578354, 0.07913385826771651699 ) ) ;
#5279 = MECHANICAL_DESIGN_GEOMETRIC_PRESENTATION_REPRESENTATION (  '', ( #5687 ), #1535 ) ;
#5280 = FILL_AREA_STYLE_COLOUR ( '', #1819 ) ;
#5281 = DIRECTION ( 'NONE',  ( 0.000000000000000000, 1.000000000000000000, 0.000000000000000000 ) ) ;
#5282 = CARTESIAN_POINT ( 'NONE',  ( 0.1190944881889763746, -0.07303149606299212671, 0.1228740157480315009 ) ) ;
#5283 = FILL_AREA_STYLE_COLOUR ( '', #2559 ) ;
#5284 = CARTESIAN_POINT ( 'NONE',  ( 0.02168566428142505373, 0.03910655853681653527, 0.08237832633680446104 ) ) ;
#5285 = LENGTH_MEASURE_WITH_UNIT ( LENGTH_MEASURE( 0.02539999999999999897 ), #4288 );
#5286 = STYLED_ITEM ( 'NONE', ( #5961 ), #5206 ) ;
#5287 = CARTESIAN_POINT ( 'NONE',  ( 0.02204724409448818173, -0.04862204724409449619, 0.0003937007874015758277 ) ) ;
#5288 = SURFACE_SIDE_STYLE ('',( #5848 ) ) ;
#5289 = STYLED_ITEM ( 'NONE', ( #6072 ), #4457 ) ;
#5290 = UNCERTAINTY_MEASURE_WITH_UNIT (LENGTH_MEASURE( 1.000000000000000082E-05 ), #3443, 'distance_accuracy_value', 'NONE');
#5291 = DIRECTION ( 'NONE',  ( 1.000000000000000000, 0.000000000000000000, -0.000000000000000000 ) ) ;
#5292 = ADVANCED_FACE ( 'NONE', ( #1623 ), #3661, .T. ) ;
#5293 = EDGE_CURVE ( 'NONE', #517, #3394, #5593, .T. ) ;
#5294 = CARTESIAN_POINT ( 'NONE',  ( 0.02244094488188980163, -0.04862204724409449619, 0.08228346456692912925 ) ) ;
#5295 = PLANE ( 'NONE',  #825 ) ;
#5296 = AXIS2_PLACEMENT_3D ( 'NONE', #3716, #2767, #4682 ) ;
#5297 = DIRECTION ( 'NONE',  ( 0.000000000000000000, 0.000000000000000000, -1.000000000000000000 ) ) ;
#5298 = DIRECTION ( 'NONE',  ( -1.000000000000000000, 0.000000000000000000, -0.000000000000000000 ) ) ;
#5299 = VERTEX_POINT ( 'NONE', #1161 ) ;
#5300 = DIRECTION ( 'NONE',  ( 0.000000000000000000, 1.000000000000000000, 0.000000000000000000 ) ) ;
#5301 =( NAMED_UNIT ( * ) PLANE_ANGLE_UNIT ( ) SI_UNIT ( $, .RADIAN. ) );
#5302 = MECHANICAL_DESIGN_GEOMETRIC_PRESENTATION_REPRESENTATION (  '', ( #4779 ), #1234 ) ;
#5303 = ORIENTED_EDGE ( 'NONE', *, *, #2772, .F. ) ;
#5304 = PRESENTATION_STYLE_ASSIGNMENT (( #5325 ) ) ;
#5305 = DIRECTION ( 'NONE',  ( -1.000000000000000000, -0.000000000000000000, 0.000000000000000000 ) ) ;
#5306 = LINE ( 'NONE', #2431, #3776 ) ;
#5307 = CARTESIAN_POINT ( 'NONE',  ( -0.1202310044669087225, 0.07416801234092450235, 0.1240105320259638766 ) ) ;
#5308 = FILL_AREA_STYLE_COLOUR ( '', #893 ) ;
#5309 = ORIENTED_EDGE ( 'NONE', *, *, #2366, .T. ) ;
#5310 = EDGE_CURVE ( 'NONE', #5743, #6116, #4626, .T. ) ;
#5311 = SURFACE_STYLE_USAGE ( .BOTH. , #5791 ) ;
#5312 = CARTESIAN_POINT ( 'NONE',  ( 0.02261677146730112567, -0.04884141291653733286, -0.0006057521206793993994 ) ) ;
#5313 =( NAMED_UNIT ( * ) SI_UNIT ( $, .STERADIAN. ) SOLID_ANGLE_UNIT ( ) );
#5314 = SURFACE_SIDE_STYLE ('',( #114 ) ) ;
#5315 = CARTESIAN_POINT ( 'NONE',  ( 0.1202310044669087225, -0.07416801234092446071, 0.004768995533091296632 ) ) ;
#5316 = CARTESIAN_POINT ( 'NONE',  ( 0.000000000000000000, 0.000000000000000000, 0.1248425196850393715 ) ) ;
#5317 = CARTESIAN_POINT ( 'NONE',  ( -0.02244094488188972530, 0.04901574803149607445, 0.003937007874015747977 ) ) ;
#5318 = ORIENTED_EDGE ( 'NONE', *, *, #2253, .T. ) ;
#5319 = STYLED_ITEM ( 'NONE', ( #1117 ), #3197 ) ;
#5320 =( LENGTH_UNIT ( ) NAMED_UNIT ( * ) SI_UNIT ( $, .METRE. ) );
#5321 = EDGE_CURVE ( 'NONE', #3062, #2026, #3575, .T. ) ;
#5322 = LENGTH_MEASURE_WITH_UNIT ( LENGTH_MEASURE( 0.02539999999999999897 ), #6237 );
#5323 = FACE_OUTER_BOUND ( 'NONE', #5747, .T. ) ;
#5324 = LENGTH_MEASURE_WITH_UNIT ( LENGTH_MEASURE( 0.02539999999999999897 ), #3875 );
#5325 = SURFACE_STYLE_USAGE ( .BOTH. , #3700 ) ;
#5326 = FILL_AREA_STYLE_COLOUR ( '', #1776 ) ;
#5327 = AXIS2_PLACEMENT_3D ( 'NONE', #3521, #1039, #3874 ) ;
#5328 = FACE_OUTER_BOUND ( 'NONE', #2631, .T. ) ;
#5329 = FACE_OUTER_BOUND ( 'NONE', #1233, .T. ) ;
#5330 = FILL_AREA_STYLE ('',( #5258 ) ) ;
#5331 = STYLED_ITEM ( 'NONE', ( #6185 ), #2954 ) ;
#5332 = LINE ( 'NONE', #2450, #1622 ) ;
#5333 = LENGTH_MEASURE_WITH_UNIT ( LENGTH_MEASURE( 0.02539999999999999897 ), #3408 );
#5334 = ORIENTED_EDGE ( 'NONE', *, *, #4892, .T. ) ;
#5335 = DIRECTION ( 'NONE',  ( -0.000000000000000000, -6.123233995736766036E-17, -1.000000000000000000 ) ) ;
#5336 = LENGTH_MEASURE_WITH_UNIT ( LENGTH_MEASURE( 0.02539999999999999897 ), #4469 );
#5337 = DIMENSIONAL_EXPONENTS ( 1.000000000000000000, 0.000000000000000000, 0.000000000000000000, 0.000000000000000000, 0.000000000000000000, 0.000000000000000000, 0.000000000000000000 ) ;
#5338 = VERTEX_POINT ( 'NONE', #5597 ) ;
#5339 = CIRCLE ( 'NONE', #2190, 0.0003937007874015748519 ) ;
#5340 = CARTESIAN_POINT ( 'NONE',  ( 0.04724409448818897572, -0.03749999999999999861, 0.001968503937007873988 ) ) ;
#5341 = PRESENTATION_STYLE_ASSIGNMENT (( #1390 ) ) ;
#5342 = LINE ( 'NONE', #2871, #2917 ) ;
#5343 =( CONVERSION_BASED_UNIT ( 'INCH', #3415 ) LENGTH_UNIT ( ) NAMED_UNIT ( #4087 ) );
#5344 = EDGE_LOOP ( 'NONE', ( #2169, #2789, #3574, #5124 ) ) ;
#5345 = DIRECTION ( 'NONE',  ( 1.000000000000000000, 4.869399230812090436E-16, 0.000000000000000000 ) ) ;
#5346 = COLOUR_RGB ( '',0.8313725490196077761, 0.8313725490196077761, 0.8313725490196077761 ) ;
#5347 = CARTESIAN_POINT ( 'NONE',  ( 0.04921259842519686706, -0.07581525738791383695, 0.005931748920261057170 ) ) ;
#5348 = ORIENTED_EDGE ( 'NONE', *, *, #121, .F. ) ;
#5349 = SURFACE_SIDE_STYLE ('',( #1492 ) ) ;
#5350 = DIRECTION ( 'NONE',  ( -1.000000000000000000, -4.513101726118519957E-17, -0.000000000000000000 ) ) ;
#5351 = ORIENTED_EDGE ( 'NONE', *, *, #3453, .F. ) ;
#5352 = SURFACE_STYLE_USAGE ( .BOTH. , #4357 ) ;
#5353 = PRESENTATION_STYLE_ASSIGNMENT (( #2046 ) ) ;
#5354 = SURFACE_SIDE_STYLE ('',( #4932 ) ) ;
#5355 = DIRECTION ( 'NONE',  ( -0.000000000000000000, -1.000000000000000000, -0.000000000000000000 ) ) ;
#5356 = FILL_AREA_STYLE ('',( #3941 ) ) ;
#5357 = CARTESIAN_POINT ( 'NONE',  ( 0.02204724409448819214, -0.04901574803149607445, 0.000000000000000000 ) ) ;
#5358 = SURFACE_STYLE_USAGE ( .BOTH. , #981 ) ;
#5359 = CARTESIAN_POINT ( 'NONE',  ( 0.01850393700787405366, -0.03897637795275579742, 0.07913385826771651699 ) ) ;
#5360 = CIRCLE ( 'NONE', #2529, 0.0003937007874015728461 ) ;
#5361 = ADVANCED_FACE ( 'NONE', ( #6066 ), #1709, .T. ) ;
#5362 = SURFACE_STYLE_FILL_AREA ( #2513 ) ;
#5363 = CARTESIAN_POINT ( 'NONE',  ( 0.02227454735007466241, 0.03953647627197256348, -0.08251076782251559605 ) ) ;
#5364 = DIRECTION ( 'NONE',  ( 0.000000000000000000, 0.000000000000000000, 1.000000000000000000 ) ) ;
#5365 = CARTESIAN_POINT ( 'NONE',  ( 0.02236734215532158385, -0.03953647627197259123, 0.08241797301726862257 ) ) ;
#5366 = ORIENTED_EDGE ( 'NONE', *, *, #5038, .T. ) ;
#5367 = DIRECTION ( 'NONE',  ( 0.4082482904638670140, -0.8164965809277330289, -0.4082482904638449761 ) ) ;
#5368 = VERTEX_POINT ( 'NONE', #5209 ) ;
#5369 = EDGE_CURVE ( 'NONE', #675, #4563, #1332, .T. ) ;
#5370 = CARTESIAN_POINT ( 'NONE',  ( 0.01850393700787405366, 0.03937007874015749365, 0.08228346456692912925 ) ) ;
#5371 = VERTEX_POINT ( 'NONE', #331 ) ;
#5372 = PRESENTATION_STYLE_ASSIGNMENT (( #4476 ) ) ;
#5373 = CARTESIAN_POINT ( 'NONE',  ( 0.04921259842519686706, -0.07303149606299214058, 0.003121626845722257158 ) ) ;
#5374 = UNCERTAINTY_MEASURE_WITH_UNIT (LENGTH_MEASURE( 1.000000000000000082E-05 ), #3126, 'distance_accuracy_value', 'NONE');
#5375 = VECTOR ( 'NONE', #2194, 39.37007874015748143 ) ;
#5376 = EDGE_LOOP ( 'NONE', ( #2315, #1693, #1930, #3003 ) ) ;
#5377 = PRODUCT_DEFINITION ( 'UNKNOWN', '', #3114, #1185 ) ;
#5378 = SURFACE_STYLE_FILL_AREA ( #2841 ) ;
#5379 = CARTESIAN_POINT ( 'NONE',  ( 0.02218175254482772363, -0.04894214530492788096, -0.0001663975318151078066 ) ) ;
#5380 = CARTESIAN_POINT ( 'NONE',  ( 0.04921259842519685318, -0.07373477478328380186, 0.001968503937007873988 ) ) ;
#5381 = LENGTH_MEASURE_WITH_UNIT ( LENGTH_MEASURE( 0.02539999999999999897 ), #1100 );
#5382 = ORIENTED_EDGE ( 'NONE', *, *, #1196, .T. ) ;
#5383 = PRESENTATION_LAYER_ASSIGNMENT (  '', '', ( #1813 ) ) ;
#5384 = CARTESIAN_POINT ( 'NONE',  ( 0.01381288060555539536, 0.03937007874015760467, 0.07913385826771651699 ) ) ;
#5385 = CIRCLE ( 'NONE', #3650, 0.0003937007874015758277 ) ;
#5386 = DIRECTION ( 'NONE',  ( 0.000000000000000000, -1.000000000000000000, 0.000000000000000000 ) ) ;
#5387 = CARTESIAN_POINT ( 'NONE',  ( 0.02207460233325032883, -0.03932217584881776695, 0.08249641241618509147 ) ) ;
#5388 =( NAMED_UNIT ( * ) SI_UNIT ( $, .STERADIAN. ) SOLID_ANGLE_UNIT ( ) );
#5390 = FACE_OUTER_BOUND ( 'NONE', #1982, .T. ) ;
#5389 = SURFACE_STYLE_FILL_AREA ( #980 ) ;
#5391 = CIRCLE ( 'NONE', #2648, 0.0003937007874015748519 ) ;
#5392 = PRESENTATION_LAYER_ASSIGNMENT (  '', '', ( #1931 ) ) ;
#5393 = DIRECTION ( 'NONE',  ( 0.000000000000000000, 0.000000000000000000, 1.000000000000000000 ) ) ;
#5394 = PRESENTATION_LAYER_ASSIGNMENT (  '', '', ( #5286 ) ) ;
#5395 = CARTESIAN_POINT ( 'NONE',  ( 0.02227454735007467629, 0.04884935049968096993, 0.0001663975318150998377 ) ) ;
#5396 =( CONVERSION_BASED_UNIT ( 'INCH', #160 ) LENGTH_UNIT ( ) NAMED_UNIT ( #3340 ) );
#5397 = VERTEX_POINT ( 'NONE', #4790 ) ;
#5398 = DIRECTION ( 'NONE',  ( 0.000000000000000000, -1.000000000000000000, 0.000000000000000000 ) ) ;
#5399 = EDGE_LOOP ( 'NONE', ( #522, #2376, #6180, #5756, #5613, #5702 ) ) ;
#5400 = CARTESIAN_POINT ( 'NONE',  ( -0.04921259842519688094, -0.07581525738791385083, 0.005931748920261051099 ) ) ;
#5401 = PRODUCT_DEFINITION_SHAPE ( 'NONE', 'NONE',  #3871 ) ;
#5402 = CARTESIAN_POINT ( 'NONE',  ( 0.02227454735007465547, -0.04884935049968094217, 0.0001663975318151020603 ) ) ;
#5403 = ORIENTED_EDGE ( 'NONE', *, *, #908, .F. ) ;
#5404 = CARTESIAN_POINT ( 'NONE',  ( -0.1191804867913477534, -0.07399289891628875460, 0.1247108228522532808 ) ) ;
#5405 = COLOUR_RGB ( '',0.7490196078431372584, 0.7490196078431372584, 0.7490196078431372584 ) ;
#5406 = EDGE_LOOP ( 'NONE', ( #1768, #3902, #6227, #1761, #1055 ) ) ;
#5407 = VECTOR ( 'NONE', #2085, 39.37007874015748143 ) ;
#5408 =( LENGTH_UNIT ( ) NAMED_UNIT ( * ) SI_UNIT ( $, .METRE. ) );
#5409 = DIRECTION ( 'NONE',  ( -1.000000000000000000, 2.434699615406050148E-16, 0.000000000000000000 ) ) ;
#5410 = DIRECTION ( 'NONE',  ( 0.000000000000000000, 0.000000000000000000, -1.000000000000000000 ) ) ;
#5411 = CARTESIAN_POINT ( 'NONE',  ( 0.05118110236220473064, -0.07303149606299212671, 0.001968503937007873988 ) ) ;
#5412 = DIRECTION ( 'NONE',  ( -0.000000000000000000, -1.000000000000000000, -0.000000000000000000 ) ) ;
#5413 = EDGE_CURVE ( 'NONE', #318, #3161, #4725, .T. ) ;
#5414 = ORIENTED_EDGE ( 'NONE', *, *, #1482, .F. ) ;
#5415 =( BOUNDED_SURFACE ( )  B_SPLINE_SURFACE ( 3, 3, ( 
 ( #1284, #2422, #4675, #1788 ),
 ( #2828, #3740, #2791, #4237 ),
 ( #5156, #5745, #380, #1823 ),
 ( #1386, #819, #4745, #2313 ) ),
 .UNSPECIFIED., .F., .F., .F. ) 
 B_SPLINE_SURFACE_WITH_KNOTS ( ( 4, 4 ),
 ( 4, 4 ),
 ( 0.000000000000000000, 1.000000000000000000 ),
 ( 0.000000000000000000, 1.000000000000000000 ),
 .UNSPECIFIED. ) 
 GEOMETRIC_REPRESENTATION_ITEM ( )  RATIONAL_B_SPLINE_SURFACE ( (
 ( 1.000000000000000000, 0.3333333333333311499, 0.3333333333333311499, 1.000000000000000000),
 ( 0.9245018060306369190, 0.3081672686768769376, 0.3081672686768769376, 0.9245018060306369190),
 ( 0.9245018060306369190, 0.3081672686768769376, 0.3081672686768769376, 0.9245018060306369190),
 ( 1.000000000000000000, 0.3333333333333311499, 0.3333333333333311499, 1.000000000000000000) ) ) 
 REPRESENTATION_ITEM ( '' )  SURFACE ( )  );
#5416 = CARTESIAN_POINT ( 'NONE',  ( -0.02204724409448815398, -0.04862204724409448925, 0.000000000000000000 ) ) ;
#5417 = DIRECTION ( 'NONE',  ( 0.000000000000000000, 1.000000000000000000, 0.000000000000000000 ) ) ;
#5418 = PRESENTATION_STYLE_ASSIGNMENT (( #4834 ) ) ;
#5419 = CARTESIAN_POINT ( 'NONE',  ( 0.02204724409448819214, -0.04862204724409449619, 0.0003937007874015748519 ) ) ;
#5420 =( GEOMETRIC_REPRESENTATION_CONTEXT ( 3 ) GLOBAL_UNCERTAINTY_ASSIGNED_CONTEXT ( ( #4825 ) ) GLOBAL_UNIT_ASSIGNED_CONTEXT ( ( #440, #5633, #2270 ) ) REPRESENTATION_CONTEXT ( 'NONE', 'WORKASPACE' ) );
#5421 = UNCERTAINTY_MEASURE_WITH_UNIT (LENGTH_MEASURE( 1.000000000000000082E-05 ), #1141, 'distance_accuracy_value', 'NONE');
#5422 = SURFACE_STYLE_USAGE ( .BOTH. , #605 ) ;
#5423 = CARTESIAN_POINT ( 'NONE',  ( 0.1190944881889763746, -0.07303149606299212671, 0.005905511811023621965 ) ) ;
#5424 = AXIS2_PLACEMENT_3D ( 'NONE', #6172, #406, #4170 ) ;
#5425 = COLOUR_RGB ( '',0.8313725490196077761, 0.8313725490196077761, 0.8313725490196077761 ) ;
#5426 = CARTESIAN_POINT ( 'NONE',  ( 0.02261677146730114996, -0.03997583086083691256, 0.08250283023937195204 ) ) ;
#5427 = ORIENTED_EDGE ( 'NONE', *, *, #1797, .T. ) ;
#5428 = CARTESIAN_POINT ( 'NONE',  ( -0.1190944881889763746, -0.07303149606299212671, 0.1228740157480315009 ) ) ;
#5429 = LENGTH_MEASURE_WITH_UNIT ( LENGTH_MEASURE( 0.02539999999999999897 ), #3505 );
#5430 = ORIENTED_EDGE ( 'NONE', *, *, #1963, .F. ) ;
#5431 = AXIS2_PLACEMENT_3D ( 'NONE', #27, #1011, #3906 ) ;
#5432 = CARTESIAN_POINT ( 'NONE',  ( -0.05118110236220473064, -0.07501086172755389025, 0.004762357272131841415 ) ) ;
#5433 = FILL_AREA_STYLE_COLOUR ( '', #4704 ) ;
#5434 = EDGE_LOOP ( 'NONE', ( #4248, #1360, #4501, #3136 ) ) ;
#5435 = CARTESIAN_POINT ( 'NONE',  ( -0.1206949784931433955, -0.07416801234092447459, 0.1235465579997291757 ) ) ;
#5436 = UNCERTAINTY_MEASURE_WITH_UNIT (LENGTH_MEASURE( 1.000000000000000082E-05 ), #6282, 'distance_accuracy_value', 'NONE');
#5437 = AXIS2_PLACEMENT_3D ( 'NONE', #4609, #6082, #5153 ) ;
#5438 = UNCERTAINTY_MEASURE_WITH_UNIT (LENGTH_MEASURE( 1.000000000000000082E-05 ), #4864, 'distance_accuracy_value', 'NONE');
#5439 = PRESENTATION_LAYER_ASSIGNMENT (  '', '', ( #264 ) ) ;
#5440 = VERTEX_POINT ( 'NONE', #464 ) ;
#5441 = CARTESIAN_POINT ( 'NONE',  ( 0.02206024692691979650, 0.04904929551650532432, -0.0001520421254846156104 ) ) ;
#5442 =( BOUNDED_CURVE ( )  B_SPLINE_CURVE ( 3, ( #1278, #2411, #3733, #4263 ),
 .UNSPECIFIED., .F., .F. ) 
 B_SPLINE_CURVE_WITH_KNOTS ( ( 4, 4 ),
 ( 1.570796326794898778, 3.141592653589793116 ),
 .UNSPECIFIED. ) 
 CURVE ( )  GEOMETRIC_REPRESENTATION_ITEM ( )  RATIONAL_B_SPLINE_CURVE ( ( 1.000000000000000000, 0.8047378541243654926, 0.8047378541243654926, 1.000000000000000000 ) ) 
 REPRESENTATION_ITEM ( '' )  );
#5443 =( CONVERSION_BASED_UNIT ( 'INCH', #204 ) LENGTH_UNIT ( ) NAMED_UNIT ( #1326 ) );
#5444 = LENGTH_MEASURE_WITH_UNIT ( LENGTH_MEASURE( 0.02539999999999999897 ), #3572 );
#5445 = EDGE_LOOP ( 'NONE', ( #2855, #3774, #2985, #1433, #2488 ) ) ;
#5446 = STYLED_ITEM ( 'NONE', ( #3714 ), #6008 ) ;
#5447 = EDGE_CURVE ( 'NONE', #1798, #5091, #4223, .T. ) ;
#5448 = COLOUR_RGB ( '',0.8313725490196077761, 0.8313725490196077761, 0.8313725490196077761 ) ;
#5449 =( NAMED_UNIT ( * ) PLANE_ANGLE_UNIT ( ) SI_UNIT ( $, .RADIAN. ) );
#5450 = DIRECTION ( 'NONE',  ( 0.8164965809277260345, -0.4082482904638629062, 0.4082482904638631838 ) ) ;
#5451 = CARTESIAN_POINT ( 'NONE',  ( 0.02186227786299391879, -0.03916716705296263007, 0.08244866003580493541 ) ) ;
#5452 = DIRECTION ( 'NONE',  ( 0.000000000000000000, 0.000000000000000000, -1.000000000000000000 ) ) ;
#5453 = APPLICATION_CONTEXT ( 'automotive_design' ) ;
#5454 = LENGTH_MEASURE_WITH_UNIT ( LENGTH_MEASURE( 0.02539999999999999897 ), #246 );
#5455 = DIRECTION ( 'NONE',  ( 0.4082482904638602972, -0.4082482904638597976, 0.8164965809277291431 ) ) ;
#5456 = CARTESIAN_POINT ( 'NONE',  ( 0.02227454735007466241, 0.04875655569443404502, 7.360272656815194741E-05 ) ) ;
#5457 = SURFACE_STYLE_FILL_AREA ( #1168 ) ;
#5458 = ORIENTED_EDGE ( 'NONE', *, *, #5321, .F. ) ;
#5459 = AXIS2_PLACEMENT_3D ( 'NONE', #4200, #1411, #6211 ) ;
#5460 = PRESENTATION_LAYER_ASSIGNMENT (  '', '', ( #2622 ) ) ;
#5461 = DIRECTION ( 'NONE',  ( 0.000000000000000000, 0.000000000000000000, 1.000000000000000000 ) ) ;
#5462 = STYLED_ITEM ( 'NONE', ( #6104 ), #2469 ) ;
#5463 = ORIENTED_EDGE ( 'NONE', *, *, #6268, .T. ) ;
#5464 = ADVANCED_FACE ( 'NONE', ( #3389 ), #3720, .T. ) ;
#5465 = COLOUR_RGB ( '',0.8313725490196077761, 0.8313725490196077761, 0.8313725490196077761 ) ;
#5466 = VERTEX_POINT ( 'NONE', #1398 ) ;
#5467 = CARTESIAN_POINT ( 'NONE',  ( -0.1202310044669087086, -0.07416801234092447459, 0.1240105320259638350 ) ) ;
#5468 = ADVANCED_FACE ( 'NONE', ( #1295 ), #3469, .T. ) ;
#5469 = EDGE_LOOP ( 'NONE', ( #4925, #3182, #4643, #3171 ) ) ;
#5470 = CARTESIAN_POINT ( 'NONE',  ( 0.02206024692691979996, 0.04886370590601147451, 3.354748500927331252E-05 ) ) ;
#5471 = DIRECTION ( 'NONE',  ( -1.000000000000000000, -0.000000000000000000, -0.000000000000000000 ) ) ;
#5472 = DIRECTION ( 'NONE',  ( 0.000000000000000000, 1.000000000000000000, 0.000000000000000000 ) ) ;
#5473 = CARTESIAN_POINT ( 'NONE',  ( 0.01850393700787408141, -0.04901574803149608139, -0.08267716535433072833 ) ) ;
#5474 = CARTESIAN_POINT ( 'NONE',  ( 0.02244094488188972877, 0.03953315494581626649, -0.07880770585639913783 ) ) ;
#5475 = ORIENTED_EDGE ( 'NONE', *, *, #3926, .T. ) ;
#5476 = AXIS2_PLACEMENT_3D ( 'NONE', #5419, #663, #214 ) ;
#5477 = CARTESIAN_POINT ( 'NONE',  ( 0.02227454735007466935, 0.04884935049968096299, 0.0001663975318151078066 ) ) ;
#5478 = DIRECTION ( 'NONE',  ( 0.4082482904638670140, -0.4082482904638590204, -0.8164965809277260345 ) ) ;
#5479 = CARTESIAN_POINT ( 'NONE',  ( 0.1025590551181102400, -1.843997395723378042E-17, 1.237929233733248210E-22 ) ) ;
#5480 = MECHANICAL_DESIGN_GEOMETRIC_PRESENTATION_REPRESENTATION (  '', ( #4960 ), #4251 ) ;
#5481 = VECTOR ( 'NONE', #396, 39.37007874015748143 ) ;
#5482 = CARTESIAN_POINT ( 'NONE',  ( 0.02204724409448819214, -0.02450787401574803723, 0.08267716535433070058 ) ) ;
#5483 = DIRECTION ( 'NONE',  ( -0.5773502691896171823, 0.5773502691896257311, 0.5773502691896343908 ) ) ;
#5484 = LINE ( 'NONE', #2959, #4869 ) ;
#5485 = VECTOR ( 'NONE', #3500, 39.37007874015748143 ) ;
#5486 = ORIENTED_EDGE ( 'NONE', *, *, #1569, .F. ) ;
#5487 = AXIS2_PLACEMENT_3D ( 'NONE', #1478, #4858, #5215 ) ;
#5488 = EDGE_CURVE ( 'NONE', #4542, #2581, #5705, .T. ) ;
#5489 = LENGTH_MEASURE_WITH_UNIT ( LENGTH_MEASURE( 0.02539999999999999897 ), #5120 );
#5490 = EDGE_CURVE ( 'NONE', #4972, #866, #4481, .T. ) ;
#5491 = STYLED_ITEM ( 'NONE', ( #3201 ), #5292 ) ;
#5492 =( GEOMETRIC_REPRESENTATION_CONTEXT ( 3 ) GLOBAL_UNCERTAINTY_ASSIGNED_CONTEXT ( ( #617 ) ) GLOBAL_UNIT_ASSIGNED_CONTEXT ( ( #1578, #4056, #2090 ) ) REPRESENTATION_CONTEXT ( 'NONE', 'WORKASPACE' ) );
#5493 = EDGE_CURVE ( 'NONE', #5118, #40, #5499, .T. ) ;
#5494 = VERTEX_POINT ( 'NONE', #1345 ) ;
#5495 = LINE ( 'NONE', #676, #2738 ) ;
#5496 = COLOUR_RGB ( '',0.8313725490196077761, 0.8313725490196077761, 0.8313725490196077761 ) ;
#5497 = PRESENTATION_STYLE_ASSIGNMENT (( #6029 ) ) ;
#5498 = ORIENTED_EDGE ( 'NONE', *, *, #3675, .T. ) ;
#5499 = CIRCLE ( 'NONE', #649, 0.0003937007874015758277 ) ;
#5500 = STYLED_ITEM ( 'NONE', ( #5045 ), #3964 ) ;
#5501 = SURFACE_STYLE_USAGE ( .BOTH. , #4568 ) ;
#5502 = PRESENTATION_STYLE_ASSIGNMENT (( #2557 ) ) ;
#5503 =( LENGTH_UNIT ( ) NAMED_UNIT ( * ) SI_UNIT ( $, .METRE. ) );
#5504 = ORIENTED_EDGE ( 'NONE', *, *, #5598, .F. ) ;
#5505 = UNCERTAINTY_MEASURE_WITH_UNIT (LENGTH_MEASURE( 1.000000000000000082E-05 ), #2944, 'distance_accuracy_value', 'NONE');
#5506 = CARTESIAN_POINT ( 'NONE',  ( -0.05118110236220473064, 0.07501086172755387638, 0.004762357272131841415 ) ) ;
#5507 =( NAMED_UNIT ( * ) PLANE_ANGLE_UNIT ( ) SI_UNIT ( $, .RADIAN. ) );
#5508 = FILL_AREA_STYLE ('',( #1236 ) ) ;
#5509 = CARTESIAN_POINT ( 'NONE',  ( -0.04921259842519686012, 0.07303149606299212671, 0.001968503937007873555 ) ) ;
#5510 = DIMENSIONAL_EXPONENTS ( 1.000000000000000000, 0.000000000000000000, 0.000000000000000000, 0.000000000000000000, 0.000000000000000000, 0.000000000000000000, 0.000000000000000000 ) ;
#5511 = CARTESIAN_POINT ( 'NONE',  ( 0.1190944881889763746, -0.07303149606299212671, 0.1228740157480315009 ) ) ;
#5512 = VECTOR ( 'NONE', #6186, 39.37007874015748143 ) ;
#5513 = ADVANCED_FACE ( 'NONE', ( #33 ), #5295, .T. ) ;
#5514 =( LENGTH_UNIT ( ) NAMED_UNIT ( * ) SI_UNIT ( $, .METRE. ) );
#5515 = SURFACE_STYLE_USAGE ( .BOTH. , #4165 ) ;
#5516 = DIRECTION ( 'NONE',  ( -1.000000000000000000, 0.000000000000000000, 0.000000000000000000 ) ) ;
#5517 = CARTESIAN_POINT ( 'NONE',  ( 0.02206444381496248594, 0.03957149895689975050, 0.08265082598777351297 ) ) ;
#5518 = EDGE_LOOP ( 'NONE', ( #451, #6278, #3352, #5822 ) ) ;
#5519 =( CONVERSION_BASED_UNIT ( 'INCH', #4607 ) LENGTH_UNIT ( ) NAMED_UNIT ( #5878 ) );
#5520 = STYLED_ITEM ( 'NONE', ( #2347 ), #3164 ) ;
#5521 = DIRECTION ( 'NONE',  ( 0.000000000000000000, 1.000000000000000000, -0.000000000000000000 ) ) ;
#5522 = ORIENTED_EDGE ( 'NONE', *, *, #1610, .F. ) ;
#5523 =( NAMED_UNIT ( * ) SI_UNIT ( $, .STERADIAN. ) SOLID_ANGLE_UNIT ( ) );
#5524 =( NAMED_UNIT ( * ) PLANE_ANGLE_UNIT ( ) SI_UNIT ( $, .RADIAN. ) );
#5525 = VECTOR ( 'NONE', #600, 39.37007874015748143 ) ;
#5526 = ORIENTED_EDGE ( 'NONE', *, *, #5070, .T. ) ;
#5527 = PRESENTATION_STYLE_ASSIGNMENT (( #2068 ) ) ;
#5528 = FILL_AREA_STYLE_COLOUR ( '', #5405 ) ;
#5529 = EDGE_CURVE ( 'NONE', #2215, #5397, #5227, .T. ) ;
#5530 =( CONVERSION_BASED_UNIT ( 'INCH', #5444 ) LENGTH_UNIT ( ) NAMED_UNIT ( #2721 ) );
#5531 = DIRECTION ( 'NONE',  ( 0.000000000000000000, 0.000000000000000000, 1.000000000000000000 ) ) ;
#5532 = ORIENTED_EDGE ( 'NONE', *, *, #5013, .F. ) ;
#5533 =( GEOMETRIC_REPRESENTATION_CONTEXT ( 3 ) GLOBAL_UNCERTAINTY_ASSIGNED_CONTEXT ( ( #4487 ) ) GLOBAL_UNIT_ASSIGNED_CONTEXT ( ( #364, #2294, #5596 ) ) REPRESENTATION_CONTEXT ( 'NONE', 'WORKASPACE' ) );
#5534 = FACE_OUTER_BOUND ( 'NONE', #200, .T. ) ;
#5535 =( CONVERSION_BASED_UNIT ( 'INCH', #1456 ) LENGTH_UNIT ( ) NAMED_UNIT ( #3712 ) );
#5536 =( NAMED_UNIT ( * ) SI_UNIT ( $, .STERADIAN. ) SOLID_ANGLE_UNIT ( ) );
#5537 = CARTESIAN_POINT ( 'NONE',  ( 0.1186042224775548382, -0.07482343826626260130, 0.1235248539939559492 ) ) ;
#5538 = CARTESIAN_POINT ( 'NONE',  ( 0.02227454735007466241, 0.04894214530492790871, -0.0002591923370620294862 ) ) ;
#5539 = AXIS2_PLACEMENT_3D ( 'NONE', #5886, #2453, #72 ) ;
#5540 = MECHANICAL_DESIGN_GEOMETRIC_PRESENTATION_REPRESENTATION (  '', ( #1491 ), #1877 ) ;
#5541 = ADVANCED_FACE ( 'NONE', ( #5329 ), #2379, .F. ) ;
#5542 = STYLED_ITEM ( 'NONE', ( #19 ), #2271 ) ;
#5543 = ITEM_DEFINED_TRANSFORMATION ( 'NONE', 'NONE', #3533,  #4612 ) ;
#5544 =( NAMED_UNIT ( * ) SI_UNIT ( $, .STERADIAN. ) SOLID_ANGLE_UNIT ( ) );
#5545 = CARTESIAN_POINT ( 'NONE',  ( 0.01850393700787405366, 0.04901574803149607445, 0.000000000000000000 ) ) ;
#5546 = COLOUR_RGB ( '',0.2862745098039215508, 0.2862745098039215508, 0.2862745098039215508 ) ;
#5547 = FACE_OUTER_BOUND ( 'NONE', #1502, .T. ) ;
#5548 = CARTESIAN_POINT ( 'NONE',  ( -0.05047446670203824953, -0.07500000000000001110, 0.005174285160696027487 ) ) ;
#5549 = EDGE_LOOP ( 'NONE', ( #6087, #1942, #1479, #1643, #4640 ) ) ;
#5550 = EDGE_CURVE ( 'NONE', #3140, #471, #1325, .T. ) ;
#5551 = CARTESIAN_POINT ( 'NONE',  ( 0.02204724409448819214, -0.02450787401574803723, -0.08228346456692912925 ) ) ;
#5552 = DIMENSIONAL_EXPONENTS ( 1.000000000000000000, 0.000000000000000000, 0.000000000000000000, 0.000000000000000000, 0.000000000000000000, 0.000000000000000000, 0.000000000000000000 ) ;
#5553 = MECHANICAL_DESIGN_GEOMETRIC_PRESENTATION_REPRESENTATION (  '', ( #2622 ), #3446 ) ;
#5554 = CARTESIAN_POINT ( 'NONE',  ( 0.1202310044669087086, 0.07416801234092446071, 0.004768995533091285356 ) ) ;
#5555 = EDGE_LOOP ( 'NONE', ( #1058, #3648, #5504, #2640 ) ) ;
#5556 = SURFACE_STYLE_USAGE ( .BOTH. , #1694 ) ;
#5557 = CYLINDRICAL_SURFACE ( 'NONE', #3623, 0.0003937007874015758277 ) ;
#5558 = EDGE_CURVE ( 'NONE', #4198, #5091, #1329, .T. ) ;
#5559 = ORIENTED_EDGE ( 'NONE', *, *, #1359, .T. ) ;
#5560 =( NAMED_UNIT ( * ) PLANE_ANGLE_UNIT ( ) SI_UNIT ( $, .RADIAN. ) );
#5561 = DIRECTION ( 'NONE',  ( 0.000000000000000000, 0.000000000000000000, -1.000000000000000000 ) ) ;
#5562 = DIRECTION ( 'NONE',  ( -0.000000000000000000, -0.000000000000000000, -1.000000000000000000 ) ) ;
#5563 = ORIENTED_EDGE ( 'NONE', *, *, #354, .F. ) ;
#5564 = UNCERTAINTY_MEASURE_WITH_UNIT (LENGTH_MEASURE( 1.000000000000000082E-05 ), #2218, 'distance_accuracy_value', 'NONE');
#5565 = CARTESIAN_POINT ( 'NONE',  ( 0.02204724409448819214, -0.03897637795275583211, 0.07913385826771651699 ) ) ;
#5566 = DIRECTION ( 'NONE',  ( 0.000000000000000000, 0.000000000000000000, -1.000000000000000000 ) ) ;
#5567 = SURFACE_STYLE_USAGE ( .BOTH. , #5051 ) ;
#5568 = SURFACE_SIDE_STYLE ('',( #2081 ) ) ;
#5569 =( LENGTH_UNIT ( ) NAMED_UNIT ( * ) SI_UNIT ( $, .METRE. ) );
#5570 = AXIS2_PLACEMENT_3D ( 'NONE', #1013, #2412, #912 ) ;
#5572 = CIRCLE ( 'NONE', #4351, 0.0003937007874015758277 ) ;
#5571 =( NAMED_UNIT ( * ) SI_UNIT ( $, .STERADIAN. ) SOLID_ANGLE_UNIT ( ) );
#5573 = CARTESIAN_POINT ( 'NONE',  ( 2.398833465510976296E-17, 0.04862204724409449619, 0.000000000000000000 ) ) ;
#5574 = CARTESIAN_POINT ( 'NONE',  ( -0.02204724409448815398, -0.04862204724409448925, 0.000000000000000000 ) ) ;
#5575 = CARTESIAN_POINT ( 'NONE',  ( -0.04994675160546205306, -0.07499999999999999722, 0.004524170433848681040 ) ) ;
#5576 = ORIENTED_EDGE ( 'NONE', *, *, #3218, .F. ) ;
#5577 = EDGE_CURVE ( 'NONE', #5945, #6257, #6007, .T. ) ;
#5578 = FILL_AREA_STYLE ('',( #6079 ) ) ;
#5579 = EDGE_CURVE ( 'NONE', #5193, #3222, #1381, .T. ) ;
#5580 = PRESENTATION_LAYER_ASSIGNMENT (  '', '', ( #2035 ) ) ;
#5581 =( NAMED_UNIT ( * ) SI_UNIT ( $, .STERADIAN. ) SOLID_ANGLE_UNIT ( ) );
#5582 = VERTEX_POINT ( 'NONE', #2307 ) ;
#5583 = ORIENTED_EDGE ( 'NONE', *, *, #4984, .T. ) ;
#5584 = FILL_AREA_STYLE ('',( #786 ) ) ;
#5585 = VECTOR ( 'NONE', #462, 39.37007874015748143 ) ;
#5586 = VERTEX_POINT ( 'NONE', #3338 ) ;
#5587 = AXIS2_PLACEMENT_3D ( 'NONE', #4967, #5034, #1629 ) ;
#5588 = CARTESIAN_POINT ( 'NONE',  ( 0.04942235647670119997, 0.07500000000000002498, 0.003751088800802100925 ) ) ;
#5589 = CARTESIAN_POINT ( 'NONE',  ( 0.02223952466514749968, 0.04898940866493886603, -0.0003765010669273052835 ) ) ;
#5590 =( GEOMETRIC_REPRESENTATION_CONTEXT ( 3 ) GLOBAL_UNCERTAINTY_ASSIGNED_CONTEXT ( ( #628 ) ) GLOBAL_UNIT_ASSIGNED_CONTEXT ( ( #2990, #661, #1073 ) ) REPRESENTATION_CONTEXT ( 'NONE', 'WORKASPACE' ) );
#5591 = FILL_AREA_STYLE ('',( #3632 ) ) ;
#5592 = ORIENTED_EDGE ( 'NONE', *, *, #2784, .T. ) ;
#5593 = CIRCLE ( 'NONE', #5695, 0.001968503937007879193 ) ;
#5594 =( GEOMETRIC_REPRESENTATION_CONTEXT ( 3 ) GLOBAL_UNCERTAINTY_ASSIGNED_CONTEXT ( ( #2007 ) ) GLOBAL_UNIT_ASSIGNED_CONTEXT ( ( #5443, #5560, #5951 ) ) REPRESENTATION_CONTEXT ( 'NONE', 'WORKASPACE' ) );
#5595 = DIRECTION ( 'NONE',  ( 0.000000000000000000, 0.000000000000000000, 1.000000000000000000 ) ) ;
#5596 =( NAMED_UNIT ( * ) SI_UNIT ( $, .STERADIAN. ) SOLID_ANGLE_UNIT ( ) );
#5597 = CARTESIAN_POINT ( 'NONE',  ( 0.04921259842519684624, -0.07499999999999999722, 0.001968503937007873988 ) ) ;
#5598 = EDGE_CURVE ( 'NONE', #6257, #1950, #4293, .T. ) ;
#5599 = CYLINDRICAL_SURFACE ( 'NONE', #3177, 0.0003937007874015758277 ) ;
#5600 = LENGTH_MEASURE_WITH_UNIT ( LENGTH_MEASURE( 0.02539999999999999897 ), #3663 );
#5601 = FILL_AREA_STYLE_COLOUR ( '', #5988 ) ;
#5602 = PRESENTATION_STYLE_ASSIGNMENT (( #772 ) ) ;
#5603 = CARTESIAN_POINT ( 'NONE',  ( 0.02244094488188980163, -0.04901574803149607445, -0.0003937007874015748519 ) ) ;
#5604 = LINE ( 'NONE', #5057, #1718 ) ;
#5605 = CARTESIAN_POINT ( 'NONE',  ( 0.1208551716358265693, -0.07303149606299212671, 0.1237543574714566191 ) ) ;
#5606 = ORIENTED_EDGE ( 'NONE', *, *, #2137, .F. ) ;
#5607 = FILL_AREA_STYLE ('',( #3559 ) ) ;
#5608 = DIRECTION ( 'NONE',  ( 1.000000000000000000, 0.000000000000000000, 0.000000000000000000 ) ) ;
#5609 = ORIENTED_EDGE ( 'NONE', *, *, #281, .F. ) ;
#5610 = SURFACE_STYLE_FILL_AREA ( #4611 ) ;
#5611 = CARTESIAN_POINT ( 'NONE',  ( 0.01850393700787405366, -0.03897637795275581130, 0.07874015748031495954 ) ) ;
#5612 = DIRECTION ( 'NONE',  ( 1.000000000000000000, 0.000000000000000000, 0.000000000000000000 ) ) ;
#5613 = ORIENTED_EDGE ( 'NONE', *, *, #4319, .F. ) ;
#5614 = AXIS2_PLACEMENT_3D ( 'NONE', #5287, #5769, #1407 ) ;
#5615 = CARTESIAN_POINT ( 'NONE',  ( -0.02244094488188972877, -0.04901574803149606058, -0.0001630762056586987385 ) ) ;
#5616 =( GEOMETRIC_REPRESENTATION_CONTEXT ( 3 ) GLOBAL_UNCERTAINTY_ASSIGNED_CONTEXT ( ( #998 ) ) GLOBAL_UNIT_ASSIGNED_CONTEXT ( ( #4921, #3900, #1438 ) ) REPRESENTATION_CONTEXT ( 'NONE', 'WORKASPACE' ) );
#5617 = ORIENTED_EDGE ( 'NONE', *, *, #424, .F. ) ;
#5618 = SURFACE_SIDE_STYLE ('',( #5207 ) ) ;
#5619 = VECTOR ( 'NONE', #4063, 39.37007874015748143 ) ;
#5620 = FILL_AREA_STYLE_COLOUR ( '', #5856 ) ;
#5621 = DIRECTION ( 'NONE',  ( 0.000000000000000000, 0.000000000000000000, -1.000000000000000000 ) ) ;
#5622 = DIRECTION ( 'NONE',  ( 0.000000000000000000, 0.000000000000000000, 1.000000000000000000 ) ) ;
#5623 = CARTESIAN_POINT ( 'NONE',  ( 0.06053149606299212948, 0.07303149606299212671, 0.000000000000000000 ) ) ;
#5624 =( CONVERSION_BASED_UNIT ( 'INCH', #5142 ) LENGTH_UNIT ( ) NAMED_UNIT ( #6119 ) );
#5625 = DIMENSIONAL_EXPONENTS ( 1.000000000000000000, 0.000000000000000000, 0.000000000000000000, 0.000000000000000000, 0.000000000000000000, 0.000000000000000000, 0.000000000000000000 ) ;
#5626 = EDGE_CURVE ( 'NONE', #3921, #2706, #4379, .T. ) ;
#5627 = PRODUCT_CONTEXT ( 'NONE', #776, 'mechanical' ) ;
#5628 = AXIS2_PLACEMENT_3D ( 'NONE', #2737, #3280, #5566 ) ;
#5629 = SURFACE_STYLE_USAGE ( .BOTH. , #275 ) ;
#5630 = CARTESIAN_POINT ( 'NONE',  ( 0.02217741174367309637, 0.04898043568474858001, 0.0004917539296859012267 ) ) ;
#5631 = CARTESIAN_POINT ( 'NONE',  ( 0.02227454735007463812, 0.03953647627197258430, 0.08251076782251560993 ) ) ;
#5632 =( BOUNDED_SURFACE ( )  B_SPLINE_SURFACE ( 3, 3, ( 
 ( #3968, #3013, #3141, #502 ),
 ( #5842, #2951, #3224, #4241 ),
 ( #291, #860, #3744, #1356 ),
 ( #5641, #6152, #356, #2672 ) ),
 .UNSPECIFIED., .F., .F., .F. ) 
 B_SPLINE_SURFACE_WITH_KNOTS ( ( 4, 4 ),
 ( 4, 4 ),
 ( 0.000000000000000000, 1.000000000000000000 ),
 ( 0.000000000000000000, 1.000000000000000000 ),
 .UNSPECIFIED. ) 
 GEOMETRIC_REPRESENTATION_ITEM ( )  RATIONAL_B_SPLINE_SURFACE ( (
 ( 1.000000000000000000, 0.3333333333333243220, 0.3333333333333243220, 1.000000000000000000),
 ( 0.9245018060306386953, 0.3081672686768712199, 0.3081672686768712199, 0.9245018060306386953),
 ( 0.9245018060306386953, 0.3081672686768712199, 0.3081672686768712199, 0.9245018060306386953),
 ( 1.000000000000000000, 0.3333333333333243220, 0.3333333333333243220, 1.000000000000000000) ) ) 
 REPRESENTATION_ITEM ( '' )  SURFACE ( )  );
#5633 =( NAMED_UNIT ( * ) PLANE_ANGLE_UNIT ( ) SI_UNIT ( $, .RADIAN. ) );
#5634 = ORIENTED_EDGE ( 'NONE', *, *, #5967, .F. ) ;
#5635 =( GEOMETRIC_REPRESENTATION_CONTEXT ( 3 ) GLOBAL_UNCERTAINTY_ASSIGNED_CONTEXT ( ( #5894 ) ) GLOBAL_UNIT_ASSIGNED_CONTEXT ( ( #2680, #270, #1870 ) ) REPRESENTATION_CONTEXT ( 'NONE', 'WORKASPACE' ) );
#5636 = ORIENTED_EDGE ( 'NONE', *, *, #2746, .F. ) ;
#5637 = CARTESIAN_POINT ( 'NONE',  ( -0.04948790586779629186, 0.07499999999999999722, 0.003741340146960019358 ) ) ;
#5638 = DIRECTION ( 'NONE',  ( 1.000000000000000000, 0.000000000000000000, -0.000000000000000000 ) ) ;
#5639 = ADVANCED_FACE ( 'NONE', ( #5226 ), #1782, .T. ) ;
#5640 = ORIENTED_EDGE ( 'NONE', *, *, #1256, .T. ) ;
#5641 = CARTESIAN_POINT ( 'NONE',  ( -0.1186042224775548243, -0.07368233430891661662, 0.1246659579513019339 ) ) ;
#5642 = CARTESIAN_POINT ( 'NONE',  ( 0.04921259842519686012, 0.07303149606299212671, 0.001968503937007874422 ) ) ;
#5643 = SURFACE_SIDE_STYLE ('',( #4122 ) ) ;
#5644 = PRESENTATION_STYLE_ASSIGNMENT (( #6187 ) ) ;
#5645 = EDGE_CURVE ( 'NONE', #4972, #4889, #690, .T. ) ;
#5646 = DIRECTION ( 'NONE',  ( 1.000000000000000000, 0.000000000000000000, 0.000000000000000000 ) ) ;
#5647 = EDGE_CURVE ( 'NONE', #1538, #40, #5339, .T. ) ;
#5648 = COLOUR_RGB ( '',0.8313725490196077761, 0.8313725490196077761, 0.8313725490196077761 ) ;
#5649 = PRESENTATION_LAYER_ASSIGNMENT (  '', '', ( #2111 ) ) ;
#5650 = FACE_OUTER_BOUND ( 'NONE', #4513, .T. ) ;
#5651 = EDGE_LOOP ( 'NONE', ( #3657, #987, #1506, #5366, #1901 ) ) ;
#5652 = AXIS2_PLACEMENT_3D ( 'NONE', #5282, #2300, #5727 ) ;
#5653 =( LENGTH_UNIT ( ) NAMED_UNIT ( * ) SI_UNIT ( $, .METRE. ) );
#5654 = CARTESIAN_POINT ( 'NONE',  ( 0.02227454735007465894, -0.04884935049968095605, -0.0001663975318151039034 ) ) ;
#5655 =( CONVERSION_BASED_UNIT ( 'INCH', #3240 ) LENGTH_UNIT ( ) NAMED_UNIT ( #2801 ) );
#5656 = LINE ( 'NONE', #5623, #5958 ) ;
#5657 = VECTOR ( 'NONE', #5097, 39.37007874015748143 ) ;
#5658 = CARTESIAN_POINT ( 'NONE',  ( 0.05118110236220473064, 0.07303149606299212671, 0.005905511811023621965 ) ) ;
#5659 = UNCERTAINTY_MEASURE_WITH_UNIT (LENGTH_MEASURE( 1.000000000000000082E-05 ), #46, 'distance_accuracy_value', 'NONE');
#5660 = APPLICATION_PROTOCOL_DEFINITION ( 'draft international standard', 'automotive_design', 1998, #1657 ) ;
#5661 = SURFACE_STYLE_FILL_AREA ( #2371 ) ;
#5662 =( NAMED_UNIT ( * ) SI_UNIT ( $, .STERADIAN. ) SOLID_ANGLE_UNIT ( ) );
#5663 = CARTESIAN_POINT ( 'NONE',  ( 0.02240563253514229330, 0.03963361187837412258, 0.08218541142464481919 ) ) ;
#5664 = FILL_AREA_STYLE ('',( #4603 ) ) ;
#5665 = ORIENTED_EDGE ( 'NONE', *, *, #1912, .T. ) ;
#5666 = CARTESIAN_POINT ( 'NONE',  ( 0.02204724409448819214, 0.03976377952755906497, -0.08228346456692912925 ) ) ;
#5667 =( BOUNDED_CURVE ( )  B_SPLINE_CURVE ( 3, ( #2152, #2715, #5994, #5114 ),
 .UNSPECIFIED., .F., .T. ) 
 B_SPLINE_CURVE_WITH_KNOTS ( ( 4, 4 ),
 ( 0.000000000000000000, 1.000000000000000000 ),
 .UNSPECIFIED. ) 
 CURVE ( )  GEOMETRIC_REPRESENTATION_ITEM ( )  RATIONAL_B_SPLINE_CURVE ( ( 1.000000000000000000, 0.8047378541243626060, 0.8047378541243626060, 1.000000000000000000 ) ) 
 REPRESENTATION_ITEM ( '' )  );
#5668 = DIMENSIONAL_EXPONENTS ( 1.000000000000000000, 0.000000000000000000, 0.000000000000000000, 0.000000000000000000, 0.000000000000000000, 0.000000000000000000, 0.000000000000000000 ) ;
#5669 =( CONVERSION_BASED_UNIT ( 'INCH', #3885 ) LENGTH_UNIT ( ) NAMED_UNIT ( #2403 ) );
#5670 = MECHANICAL_DESIGN_GEOMETRIC_PRESENTATION_REPRESENTATION (  '', ( #2028 ), #2223 ) ;
#5671 = ORIENTED_EDGE ( 'NONE', *, *, #2510, .F. ) ;
#5672 = CARTESIAN_POINT ( 'NONE',  ( 0.1210629921259842590, -0.07499999999999999722, 0.005905511811023621965 ) ) ;
#5673 = EDGE_CURVE ( 'NONE', #3278, #1594, #1988, .T. ) ;
#5674 = CARTESIAN_POINT ( 'NONE',  ( 0.02227454735007465547, -0.04884935049968095605, 0.0001663975318151078066 ) ) ;
#5675 = CARTESIAN_POINT ( 'NONE',  ( 0.02204724409448818867, -0.03976377952755904416, -0.08228346456692912925 ) ) ;
#5676 = ORIENTED_EDGE ( 'NONE', *, *, #3453, .T. ) ;
#5677 = COLOUR_RGB ( '',0.7490196078431372584, 0.7490196078431372584, 0.7490196078431372584 ) ;
#5678 = EDGE_CURVE ( 'NONE', #3006, #2518, #2621, .T. ) ;
#5679 = AXIS2_PLACEMENT_3D ( 'NONE', #3994, #1101, #3093 ) ;
#5680 = SURFACE_STYLE_FILL_AREA ( #3713 ) ;
#5681 =( LENGTH_UNIT ( ) NAMED_UNIT ( * ) SI_UNIT ( $, .METRE. ) );
#5682 = DIMENSIONAL_EXPONENTS ( 1.000000000000000000, 0.000000000000000000, 0.000000000000000000, 0.000000000000000000, 0.000000000000000000, 0.000000000000000000, 0.000000000000000000 ) ;
#5683 = FACE_OUTER_BOUND ( 'NONE', #5518, .T. ) ;
#5684 = SURFACE_STYLE_FILL_AREA ( #2768 ) ;
#5685 = LINE ( 'NONE', #5202, #5991 ) ;
#5686 = CIRCLE ( 'NONE', #4650, 0.0003937007874015758277 ) ;
#5687 = STYLED_ITEM ( 'NONE', ( #4441 ), #1847 ) ;
#5688 = CARTESIAN_POINT ( 'NONE',  ( 0.1200558910422729053, 0.07311749466536347775, 0.004068704706801884625 ) ) ;
#5689 = VERTEX_POINT ( 'NONE', #4075 ) ;
#5690 = CARTESIAN_POINT ( 'NONE',  ( -8.228457812241771755E-18, -2.090028284309405548E-18, 0.000000000000000000 ) ) ;
#5691 = DIRECTION ( 'NONE',  ( 0.000000000000000000, 0.000000000000000000, -1.000000000000000000 ) ) ;
#5692 =( NAMED_UNIT ( * ) SI_UNIT ( $, .STERADIAN. ) SOLID_ANGLE_UNIT ( ) );
#5693 = PRESENTATION_STYLE_ASSIGNMENT (( #741 ) ) ;
#5694 = PRESENTATION_STYLE_ASSIGNMENT (( #271 ) ) ;
#5695 = AXIS2_PLACEMENT_3D ( 'NONE', #3172, #210, #2112 ) ;
#5696 = MECHANICAL_DESIGN_GEOMETRIC_PRESENTATION_REPRESENTATION (  '', ( #4881 ), #1631 ) ;
#5697 = CARTESIAN_POINT ( 'NONE',  ( 0.1190944881889763746, 0.07303149606299212671, 0.005905511811023621965 ) ) ;
#5698 = FILL_AREA_STYLE_COLOUR ( '', #4871 ) ;
#5699 = CARTESIAN_POINT ( 'NONE',  ( 0.02227454735007465894, 0.03953647627197258430, 0.08251076782251559605 ) ) ;
#5700 = CARTESIAN_POINT ( 'NONE',  ( 0.02244094488188980163, 0.04862204724409448925, 0.08228346456692912925 ) ) ;
#5701 = AXIS2_PLACEMENT_3D ( 'NONE', #5100, #4150, #2702 ) ;
#5702 = ORIENTED_EDGE ( 'NONE', *, *, #6195, .F. ) ;
#5703 = ADVANCED_FACE ( 'NONE', ( #242 ), #4931, .T. ) ;
#5704 = VECTOR ( 'NONE', #3045, 39.37007874015748143 ) ;
#5705 = LINE ( 'NONE', #2823, #938 ) ;
#5706 = DIRECTION ( 'NONE',  ( 0.5773502691896257311, -0.5773502691896040817, 0.5773502691896474914 ) ) ;
#5707 = ORIENTED_EDGE ( 'NONE', *, *, #4326, .T. ) ;
#5708 = FACE_OUTER_BOUND ( 'NONE', #77, .T. ) ;
#5709 = ORIENTED_EDGE ( 'NONE', *, *, #4153, .T. ) ;
#5710 =( NAMED_UNIT ( * ) PLANE_ANGLE_UNIT ( ) SI_UNIT ( $, .RADIAN. ) );
#5711 = CARTESIAN_POINT ( 'NONE',  ( 0.02204724409448819214, -0.03937007874015743120, -0.08228346456692912925 ) ) ;
#5712 =( NAMED_UNIT ( * ) PLANE_ANGLE_UNIT ( ) SI_UNIT ( $, .RADIAN. ) );
#5713 = SURFACE_STYLE_USAGE ( .BOTH. , #5270 ) ;
#5714 = DIMENSIONAL_EXPONENTS ( 1.000000000000000000, 0.000000000000000000, 0.000000000000000000, 0.000000000000000000, 0.000000000000000000, 0.000000000000000000, 0.000000000000000000 ) ;
#5715 = ORIENTED_EDGE ( 'NONE', *, *, #2180, .F. ) ;
#5716 = CARTESIAN_POINT ( 'NONE',  ( -0.1202476110976907625, -0.07499999999999999722, 0.004752388902309245301 ) ) ;
#5717 = FILL_AREA_STYLE_COLOUR ( '', #1089 ) ;
#5718 = AXIS2_PLACEMENT_3D ( 'NONE', #1341, #880, #2374 ) ;
#5719 = CARTESIAN_POINT ( 'NONE',  ( 0.02217741174367310678, 0.04898043568474858001, 0.0004917539296858964562 ) ) ;
#5720 = CARTESIAN_POINT ( 'NONE',  ( 0.1199204655333553637, -0.07210666490552068708, 0.002922449438041356800 ) ) ;
#5721 = MECHANICAL_DESIGN_GEOMETRIC_PRESENTATION_REPRESENTATION (  '', ( #6024 ), #2684 ) ;
#5722 = DIRECTION ( 'NONE',  ( -1.000000000000000000, -4.513101726118519957E-17, -0.000000000000000000 ) ) ;
#5723 = CARTESIAN_POINT ( 'NONE',  ( 0.1181696570315048794, -0.07385747340737114364, 0.1258570781210136824 ) ) ;
#5724 = DIMENSIONAL_EXPONENTS ( 1.000000000000000000, 0.000000000000000000, 0.000000000000000000, 0.000000000000000000, 0.000000000000000000, 0.000000000000000000, 0.000000000000000000 ) ;
#5725 = COLOUR_RGB ( '',0.7490196078431372584, 0.7490196078431372584, 0.7490196078431372584 ) ;
#5726 = UNCERTAINTY_MEASURE_WITH_UNIT (LENGTH_MEASURE( 1.000000000000000082E-05 ), #4325, 'distance_accuracy_value', 'NONE');
#5727 = DIRECTION ( 'NONE',  ( 0.000000000000000000, 0.000000000000000000, 1.000000000000000000 ) ) ;
#5728 = CARTESIAN_POINT ( 'NONE',  ( 0.02244094488188977041, -0.03976377952755900252, 0.07867260910423073961 ) ) ;
#5729 = DIRECTION ( 'NONE',  ( 0.000000000000000000, 0.000000000000000000, -1.000000000000000000 ) ) ;
#5731 = DIRECTION ( 'NONE',  ( 0.000000000000000000, 0.000000000000000000, -1.000000000000000000 ) ) ;
#5730 = CARTESIAN_POINT ( 'NONE',  ( 0.02244094488188980163, 0.03947406793167443362, 0.07837370109719710154 ) ) ;
#5732 = ORIENTED_EDGE ( 'NONE', *, *, #3908, .T. ) ;
#5733 = PRESENTATION_LAYER_ASSIGNMENT (  '', '', ( #5947 ) ) ;
#5734 = EDGE_CURVE ( 'NONE', #4198, #753, #2047, .T. ) ;
#5735 = EDGE_CURVE ( 'NONE', #3615, #4037, #5739, .T. ) ;
#5736 =( GEOMETRIC_REPRESENTATION_CONTEXT ( 3 ) GLOBAL_UNCERTAINTY_ASSIGNED_CONTEXT ( ( #2377 ) ) GLOBAL_UNIT_ASSIGNED_CONTEXT ( ( #6117, #2213, #6028 ) ) REPRESENTATION_CONTEXT ( 'NONE', 'WORKASPACE' ) );
#5737 = CARTESIAN_POINT ( 'NONE',  ( 0.02239938078385823872, 0.03958771118287403301, -0.08228346456692912925 ) ) ;
#5738 =( NAMED_UNIT ( * ) SI_UNIT ( $, .STERADIAN. ) SOLID_ANGLE_UNIT ( ) );
#5739 = CIRCLE ( 'NONE', #2402, 0.001968503937007873988 ) ;
#5740 = CARTESIAN_POINT ( 'NONE',  ( 0.02204724409448819214, -0.03897637795275581823, -0.07834645669291337433 ) ) ;
#5741 = CARTESIAN_POINT ( 'NONE',  ( 0.02227454735007466935, 0.03953647627197259817, -0.08251076782251559605 ) ) ;
#5742 = PRESENTATION_STYLE_ASSIGNMENT (( #986 ) ) ;
#5743 = VERTEX_POINT ( 'NONE', #3519 ) ;
#5744 = CARTESIAN_POINT ( 'NONE',  ( -0.1190944881889763607, 0.07499999999999999722, 0.000000000000000000 ) ) ;
#5745 = CARTESIAN_POINT ( 'NONE',  ( 0.1219421250530410145, -0.07412832442520632392, 0.006965768477412734132 ) ) ;
#5746 = VECTOR ( 'NONE', #4717, 39.37007874015748143 ) ;
#5747 = EDGE_LOOP ( 'NONE', ( #3342, #2212, #922 ) ) ;
#5748 = PRESENTATION_LAYER_ASSIGNMENT (  '', '', ( #5122 ) ) ;
#5749 = DIMENSIONAL_EXPONENTS ( 1.000000000000000000, 0.000000000000000000, 0.000000000000000000, 0.000000000000000000, 0.000000000000000000, 0.000000000000000000, 0.000000000000000000 ) ;
#5750 = SURFACE_SIDE_STYLE ('',( #3413 ) ) ;
#5751 = FILL_AREA_STYLE_COLOUR ( '', #4113 ) ;
#5752 =( GEOMETRIC_REPRESENTATION_CONTEXT ( 3 ) GLOBAL_UNCERTAINTY_ASSIGNED_CONTEXT ( ( #3602 ) ) GLOBAL_UNIT_ASSIGNED_CONTEXT ( ( #5780, #1422, #3018 ) ) REPRESENTATION_CONTEXT ( 'NONE', 'WORKASPACE' ) );
#5753 = LENGTH_MEASURE_WITH_UNIT ( LENGTH_MEASURE( 0.02539999999999999897 ), #1861 );
#5754 = FILL_AREA_STYLE_COLOUR ( '', #3727 ) ;
#5755 = AXIS2_PLACEMENT_3D ( 'NONE', #950, #5256, #4705 ) ;
#5756 = ORIENTED_EDGE ( 'NONE', *, *, #3054, .F. ) ;
#5757 = CARTESIAN_POINT ( 'NONE',  ( -0.02244094488188972877, 0.04901574803149606752, 0.0003937007874015747977 ) ) ;
#5758 = DIRECTION ( 'NONE',  ( 0.000000000000000000, -1.000000000000000000, 0.000000000000000000 ) ) ;
#5759 = CARTESIAN_POINT ( 'NONE',  ( 0.02204724409448819214, 0.03897637795275602640, 0.07834645669291338821 ) ) ;
#5760 = CARTESIAN_POINT ( 'NONE',  ( 0.02204724409448819214, -0.04862204724409450313, 0.0003937007874015748519 ) ) ;
#5761 = AXIS2_PLACEMENT_3D ( 'NONE', #371, #2849, #5182 ) ;
#5762 = EDGE_CURVE ( 'NONE', #3534, #2939, #5987, .T. ) ;
#5763 = DIMENSIONAL_EXPONENTS ( 1.000000000000000000, 0.000000000000000000, 0.000000000000000000, 0.000000000000000000, 0.000000000000000000, 0.000000000000000000, 0.000000000000000000 ) ;
#5764 = SURFACE_STYLE_FILL_AREA ( #2266 ) ;
#5765 = VECTOR ( 'NONE', #519, 39.37007874015748143 ) ;
#5766 = SURFACE_STYLE_USAGE ( .BOTH. , #3252 ) ;
#5767 = CARTESIAN_POINT ( 'NONE',  ( -0.1209312952931981544, 0.07399289891628872684, 0.1229600143504028797 ) ) ;
#5768 = CARTESIAN_POINT ( 'NONE',  ( 0.02244094488188976347, 0.04885267182583736406, -0.08251408914867200406 ) ) ;
#5770 = DIRECTION ( 'NONE',  ( -1.000000000000000000, -0.000000000000000000, 0.000000000000000000 ) ) ;
#5769 = DIRECTION ( 'NONE',  ( 0.4082482904638740639, -0.4082482904638626842, 0.8164965809277207054 ) ) ;
#5771 = VERTEX_POINT ( 'NONE', #3578 ) ;
#5772 = CARTESIAN_POINT ( 'NONE',  ( 0.1190944881889763746, -0.07303149606299212671, 0.1228740157480315009 ) ) ;
#5773 = CARTESIAN_POINT ( 'NONE',  ( 0.03969707343455865928, -0.03937007874015736181, -0.07913385826771651699 ) ) ;
#5774 = CARTESIAN_POINT ( 'NONE',  ( 0.02186227786299388409, 0.03916716705296258150, -0.08244866003580494929 ) ) ;
#5775 = EDGE_CURVE ( 'NONE', #4020, #5118, #330, .T. ) ;
#5776 = SURFACE_SIDE_STYLE ('',( #1460 ) ) ;
#5777 = VERTEX_POINT ( 'NONE', #3690 ) ;
#5778 = CARTESIAN_POINT ( 'NONE',  ( 0.02227786867623107042, 0.03920700253449890121, 0.07874015748031494566 ) ) ;
#5779 = EDGE_CURVE ( 'NONE', #2026, #138, #2697, .T. ) ;
#5780 =( CONVERSION_BASED_UNIT ( 'INCH', #3102 ) LENGTH_UNIT ( ) NAMED_UNIT ( #6143 ) );
#5781 = CIRCLE ( 'NONE', #2023, 0.0003937007874015748519 ) ;
#5782 = ORIENTED_EDGE ( 'NONE', *, *, #923, .T. ) ;
#5783 = CARTESIAN_POINT ( 'NONE',  ( 0.04921259842519686706, 0.07583074183071096541, 0.004288847158234521985 ) ) ;
#5784 = FILL_AREA_STYLE ('',( #6 ) ) ;
#5785 =( LENGTH_UNIT ( ) NAMED_UNIT ( * ) SI_UNIT ( $, .METRE. ) );
#5786 =( CONVERSION_BASED_UNIT ( 'INCH', #2356 ) LENGTH_UNIT ( ) NAMED_UNIT ( #5238 ) );
#5787 = PRESENTATION_LAYER_ASSIGNMENT (  '', '', ( #1006 ) ) ;
#5788 = ADVANCED_FACE ( 'NONE', ( #6161 ), #5208, .T. ) ;
#5789 = ORIENTED_EDGE ( 'NONE', *, *, #6109, .T. ) ;
#5790 = CIRCLE ( 'NONE', #2031, 0.001968503937007870519 ) ;
#5791 = SURFACE_SIDE_STYLE ('',( #1507 ) ) ;
#5792 =( NAMED_UNIT ( * ) SI_UNIT ( $, .STERADIAN. ) SOLID_ANGLE_UNIT ( ) );
#5793 = UNCERTAINTY_MEASURE_WITH_UNIT (LENGTH_MEASURE( 1.000000000000000082E-05 ), #5396, 'distance_accuracy_value', 'NONE');
#5794 = CARTESIAN_POINT ( 'NONE',  ( 0.05054982063063385295, -0.07499999999999999722, 0.005274230079452839684 ) ) ;
#5795 = MECHANICAL_DESIGN_GEOMETRIC_PRESENTATION_REPRESENTATION (  '', ( #1931 ), #224 ) ;
#5796 =( NAMED_UNIT ( * ) SI_UNIT ( $, .STERADIAN. ) SOLID_ANGLE_UNIT ( ) );
#5797 =( NAMED_UNIT ( * ) PLANE_ANGLE_UNIT ( ) SI_UNIT ( $, .RADIAN. ) );
#5798 = CARTESIAN_POINT ( 'NONE',  ( 0.1186042224775548382, -0.07482343826626257355, 0.1235248539939558798 ) ) ;
#5799 = ORIENTED_EDGE ( 'NONE', *, *, #5868, .F. ) ;
#5800 = CIRCLE ( 'NONE', #129, 0.0003937007874015758277 ) ;
#5801 = CIRCLE ( 'NONE', #5587, 0.0003937007874015758277 ) ;
#5802 =( NAMED_UNIT ( * ) SI_UNIT ( $, .STERADIAN. ) SOLID_ANGLE_UNIT ( ) );
#5803 =( LENGTH_UNIT ( ) NAMED_UNIT ( * ) SI_UNIT ( $, .METRE. ) );
#5804 = CARTESIAN_POINT ( 'NONE',  ( 0.02244094488188980163, -0.04862204724409449619, 0.000000000000000000 ) ) ;
#5805 = VECTOR ( 'NONE', #5417, 39.37007874015748143 ) ;
#5807 = SURFACE_STYLE_FILL_AREA ( #4363 ) ;
#5806 = FACE_OUTER_BOUND ( 'NONE', #1255, .T. ) ;
#5808 =( NAMED_UNIT ( * ) PLANE_ANGLE_UNIT ( ) SI_UNIT ( $, .RADIAN. ) );
#5809 = CIRCLE ( 'NONE', #3772, 0.0003937007874015748519 ) ;
#5810 = UNCERTAINTY_MEASURE_WITH_UNIT (LENGTH_MEASURE( 1.000000000000000082E-05 ), #1831, 'distance_accuracy_value', 'NONE');
#5811 = CARTESIAN_POINT ( 'NONE',  ( 0.02204724409448819214, 0.03897637795275601946, -0.07874015748031493178 ) ) ;
#5812 = MECHANICAL_DESIGN_GEOMETRIC_PRESENTATION_REPRESENTATION (  '', ( #3379 ), #28 ) ;
#5813 = PRESENTATION_STYLE_ASSIGNMENT (( #3880 ) ) ;
#5814 =( LENGTH_UNIT ( ) NAMED_UNIT ( * ) SI_UNIT ( $, .METRE. ) );
#5815 = PRESENTATION_LAYER_ASSIGNMENT (  '', '', ( #5500 ) ) ;
#5816 =( CONVERSION_BASED_UNIT ( 'INCH', #3440 ) LENGTH_UNIT ( ) NAMED_UNIT ( #4213 ) );
#5817 = FILL_AREA_STYLE ('',( #2278 ) ) ;
#5818 = ORIENTED_EDGE ( 'NONE', *, *, #2459, .F. ) ;
#5819 = CARTESIAN_POINT ( 'NONE',  ( -0.1210629921259842451, -0.07303149606299214058, 0.003937007874015770528 ) ) ;
#5820 = DIRECTION ( 'NONE',  ( 1.000000000000000000, 0.000000000000000000, 0.000000000000000000 ) ) ;
#5821 = AXIS2_PLACEMENT_3D ( 'NONE', #927, #3778, #4679 ) ;
#5822 = ORIENTED_EDGE ( 'NONE', *, *, #2723, .T. ) ;
#5823 =( LENGTH_UNIT ( ) NAMED_UNIT ( * ) SI_UNIT ( $, .METRE. ) );
#5824 = DIRECTION ( 'NONE',  ( 0.000000000000000000, -1.000000000000000000, 0.000000000000000000 ) ) ;
#5825 = PRESENTATION_STYLE_ASSIGNMENT (( #1428 ) ) ;
#5826 = PRESENTATION_STYLE_ASSIGNMENT (( #4816 ) ) ;
#5827 = ORIENTED_EDGE ( 'NONE', *, *, #3149, .T. ) ;
#5828 =( LENGTH_UNIT ( ) NAMED_UNIT ( * ) SI_UNIT ( $, .METRE. ) );
#5829 = UNCERTAINTY_MEASURE_WITH_UNIT (LENGTH_MEASURE( 1.000000000000000082E-05 ), #24, 'distance_accuracy_value', 'NONE');
#5830 = COLOUR_RGB ( '',0.8313725490196077761, 0.8313725490196077761, 0.8313725490196077761 ) ;
#5831 = ORIENTED_EDGE ( 'NONE', *, *, #1680, .T. ) ;
#5832 = DIMENSIONAL_EXPONENTS ( 1.000000000000000000, 0.000000000000000000, 0.000000000000000000, 0.000000000000000000, 0.000000000000000000, 0.000000000000000000, 0.000000000000000000 ) ;
#5833 = CARTESIAN_POINT ( 'NONE',  ( -0.1190944881889763746, -0.07499999999999999722, 0.005905511811023621965 ) ) ;
#5834 = DIRECTION ( 'NONE',  ( 0.000000000000000000, 1.000000000000000000, 0.000000000000000000 ) ) ;
#5835 = CARTESIAN_POINT ( 'NONE',  ( 0.02047244094488193111, 0.000000000000000000, -0.08267716535433072833 ) ) ;
#5836 = ADVANCED_FACE ( 'NONE', ( #2198 ), #215, .T. ) ;
#5837 = FACE_OUTER_BOUND ( 'NONE', #375, .T. ) ;
#5838 = CARTESIAN_POINT ( 'NONE',  ( 0.1206949784931433539, -0.07370403831468977374, 0.1240105320259638211 ) ) ;
#5839 = ORIENTED_EDGE ( 'NONE', *, *, #3070, .T. ) ;
#5840 = AXIS2_PLACEMENT_3D ( 'NONE', #4333, #4672, #5706 ) ;
#5841 = PRESENTATION_STYLE_ASSIGNMENT (( #3792 ) ) ;
#5842 = CARTESIAN_POINT ( 'NONE',  ( -0.1197670304406740355, -0.07416801234092444683, 0.1244745060521984803 ) ) ;
#5843 = SURFACE_SIDE_STYLE ('',( #184 ) ) ;
#5844 = DIRECTION ( 'NONE',  ( -0.4082482904638738419, 0.4082482904638628507, -0.8164965809277207054 ) ) ;
#5845 = FACE_OUTER_BOUND ( 'NONE', #6063, .T. ) ;
#5847 = SURFACE_SIDE_STYLE ('',( #1042 ) ) ;
#5846 = CARTESIAN_POINT ( 'NONE',  ( 0.02244094488188978428, -0.03976377952755905110, 0.07913385826771651699 ) ) ;
#5848 = SURFACE_STYLE_FILL_AREA ( #1409 ) ;
#5849 = MECHANICAL_DESIGN_GEOMETRIC_PRESENTATION_REPRESENTATION (  '', ( #3301 ), #5942 ) ;
#5850 =( NAMED_UNIT ( * ) SI_UNIT ( $, .STERADIAN. ) SOLID_ANGLE_UNIT ( ) );
#5851 = CARTESIAN_POINT ( 'NONE',  ( 0.02218175254482773751, -0.03953647627197259817, 0.08260356262776252789 ) ) ;
#5852 = ORIENTED_EDGE ( 'NONE', *, *, #3773, .T. ) ;
#5853 = DIRECTION ( 'NONE',  ( 0.5773502691896547079, 0.5773502691896112982, -0.5773502691896112982 ) ) ;
#5854 = CARTESIAN_POINT ( 'NONE',  ( 0.04724409448818898266, -0.07303149606299212671, 0.000000000000000000 ) ) ;
#5855 = ORIENTED_EDGE ( 'NONE', *, *, #2202, .F. ) ;
#5856 = COLOUR_RGB ( '',0.7490196078431372584, 0.7490196078431372584, 0.7490196078431372584 ) ;
#5857 = CARTESIAN_POINT ( 'NONE',  ( 0.02204724409448819214, 0.04862204724409449619, 0.0003937007874015748519 ) ) ;
#5858 = EDGE_LOOP ( 'NONE', ( #5532, #414, #2820, #3858 ) ) ;
#5859 = CARTESIAN_POINT ( 'NONE',  ( -0.1202310044669087086, -0.07416801234092446071, 0.1240105320259638350 ) ) ;
#5860 = CIRCLE ( 'NONE', #3108, 0.001968503937007879193 ) ;
#5861 =( BOUNDED_CURVE ( )  B_SPLINE_CURVE ( 3, ( #4321, #6280, #3832, #1404 ),
 .UNSPECIFIED., .F., .T. ) 
 B_SPLINE_CURVE_WITH_KNOTS ( ( 4, 4 ),
 ( 0.000000000000000000, 1.000000000000000000 ),
 .UNSPECIFIED. ) 
 CURVE ( )  GEOMETRIC_REPRESENTATION_ITEM ( )  RATIONAL_B_SPLINE_CURVE ( ( 1.000000000000000000, 0.8047378541243649375, 0.8047378541243649375, 1.000000000000000000 ) ) 
 REPRESENTATION_ITEM ( '' )  );
#5862 = CARTESIAN_POINT ( 'NONE',  ( 0.05002797945349034964, -0.07501086172755387638, 0.004762357272131844885 ) ) ;
#5863 = MECHANICAL_DESIGN_GEOMETRIC_PRESENTATION_REPRESENTATION (  '', ( #3436 ), #2703 ) ;
#5864 = ORIENTED_EDGE ( 'NONE', *, *, #5169, .F. ) ;
#5865 = VECTOR ( 'NONE', #5638, 39.37007874015748143 ) ;
#5866 = DIRECTION ( 'NONE',  ( 0.000000000000000000, 0.000000000000000000, 1.000000000000000000 ) ) ;
#5867 = PRESENTATION_LAYER_ASSIGNMENT (  '', '', ( #3436 ) ) ;
#5868 = EDGE_CURVE ( 'NONE', #4652, #1028, #2221, .T. ) ;
#5869 = CARTESIAN_POINT ( 'NONE',  ( 0.02206444381496246512, -0.04898940866493885909, -0.0002014202167422520819 ) ) ;
#5870 = CARTESIAN_POINT ( 'NONE',  ( 0.1206949784931433817, -0.07370403831468978761, 0.004768995533091271478 ) ) ;
#5871 = CARTESIAN_POINT ( 'NONE',  ( -0.1190944881889763746, -0.07499999999999999722, 0.005905511811023621965 ) ) ;
#5872 = ORIENTED_EDGE ( 'NONE', *, *, #4281, .T. ) ;
#5873 = CARTESIAN_POINT ( 'NONE',  ( 0.02244094488188980163, -0.04901574803149607445, 0.07834645669291338821 ) ) ;
#5874 = CARTESIAN_POINT ( 'NONE',  ( -0.02244094488188972877, -0.04901574803149607445, 0.0003937007874015748519 ) ) ;
#5875 = LINE ( 'NONE', #3905, #5805 ) ;
#5876 =( NAMED_UNIT ( * ) SI_UNIT ( $, .STERADIAN. ) SOLID_ANGLE_UNIT ( ) );
#5877 =( NAMED_UNIT ( * ) SI_UNIT ( $, .STERADIAN. ) SOLID_ANGLE_UNIT ( ) );
#5878 = DIMENSIONAL_EXPONENTS ( 1.000000000000000000, 0.000000000000000000, 0.000000000000000000, 0.000000000000000000, 0.000000000000000000, 0.000000000000000000, 0.000000000000000000 ) ;
#5880 = CARTESIAN_POINT ( 'NONE',  ( 0.1210629921259842590, 0.07499999999999999722, 0.005905511811023621965 ) ) ;
#5879 = SURFACE_STYLE_USAGE ( .BOTH. , #2923 ) ;
#5881 = CYLINDRICAL_SURFACE ( 'NONE', #3954, 0.001968503937007870519 ) ;
#5882 = SURFACE_SIDE_STYLE ('',( #3962 ) ) ;
#5883 = FILL_AREA_STYLE_COLOUR ( '', #4402 ) ;
#5884 = ORIENTED_EDGE ( 'NONE', *, *, #5890, .F. ) ;
#5885 = CARTESIAN_POINT ( 'NONE',  ( 0.02204724409448819214, -0.03976377952755905804, -0.08228346456692912925 ) ) ;
#5886 = CARTESIAN_POINT ( 'NONE',  ( 0.02204724409448819214, 0.03976377952755917600, -0.07913385826771651699 ) ) ;
#5887 = VERTEX_POINT ( 'NONE', #6271 ) ;
#5888 = LENGTH_MEASURE_WITH_UNIT ( LENGTH_MEASURE( 0.02539999999999999897 ), #1465 );
#5889 = PRESENTATION_STYLE_ASSIGNMENT (( #3955 ) ) ;
#5890 = EDGE_CURVE ( 'NONE', #141, #1028, #3899, .T. ) ;
#5891 = ORIENTED_EDGE ( 'NONE', *, *, #3345, .F. ) ;
#5892 = SURFACE_STYLE_FILL_AREA ( #4886 ) ;
#5893 = UNCERTAINTY_MEASURE_WITH_UNIT (LENGTH_MEASURE( 1.000000000000000082E-05 ), #4273, 'distance_accuracy_value', 'NONE');
#5894 = UNCERTAINTY_MEASURE_WITH_UNIT (LENGTH_MEASURE( 1.000000000000000082E-05 ), #2680, 'distance_accuracy_value', 'NONE');
#5895 = ORIENTED_EDGE ( 'NONE', *, *, #586, .T. ) ;
#5896 = SHAPE_REPRESENTATION ( 'Lead', ( #4612 ), #485 ) ;
#5897 = CARTESIAN_POINT ( 'NONE',  ( 0.04929125769451098149, -0.07499999999999999722, 0.003271937750745447081 ) ) ;
#5898 = SURFACE_STYLE_USAGE ( .BOTH. , #5923 ) ;
#5899 = LINE ( 'NONE', #1536, #1130 ) ;
#5900 = ORIENTED_EDGE ( 'NONE', *, *, #5598, .T. ) ;
#5901 = CARTESIAN_POINT ( 'NONE',  ( -0.04921259842519686706, 0.07581525738791383695, 0.005931748920261048497 ) ) ;
#5902 = FILL_AREA_STYLE_COLOUR ( '', #1756 ) ;
#5903 = SURFACE_SIDE_STYLE ('',( #4546 ) ) ;
#5904 = PRESENTATION_LAYER_ASSIGNMENT (  '', '', ( #1135 ) ) ;
#5905 = MECHANICAL_DESIGN_GEOMETRIC_PRESENTATION_REPRESENTATION (  '', ( #3567 ), #3144 ) ;
#5906 = PRESENTATION_LAYER_ASSIGNMENT (  '', '', ( #22 ) ) ;
#5907 = CARTESIAN_POINT ( 'NONE',  ( 0.02204724409448819214, -0.03937007874015747977, 0.04133858267716536417 ) ) ;
#5908 = CARTESIAN_POINT ( 'NONE',  ( 0.02204724409448819214, -0.03976377952755905804, -0.04133858267716536417 ) ) ;
#5909 =( LENGTH_UNIT ( ) NAMED_UNIT ( * ) SI_UNIT ( $, .METRE. ) );
#5910 =( GEOMETRIC_REPRESENTATION_CONTEXT ( 3 ) GLOBAL_UNCERTAINTY_ASSIGNED_CONTEXT ( ( #2526 ) ) GLOBAL_UNIT_ASSIGNED_CONTEXT ( ( #1799, #2735, #329 ) ) REPRESENTATION_CONTEXT ( 'NONE', 'WORKASPACE' ) );
#5911 = EDGE_LOOP ( 'NONE', ( #3316, #6057, #4279, #223, #6243 ) ) ;
#5912 = DIRECTION ( 'NONE',  ( 0.000000000000000000, -1.000000000000000000, 0.000000000000000000 ) ) ;
#5913 = PRESENTATION_LAYER_ASSIGNMENT (  '', '', ( #3156 ) ) ;
#5914 = ORIENTED_EDGE ( 'NONE', *, *, #296, .T. ) ;
#5915 = MECHANICAL_DESIGN_GEOMETRIC_PRESENTATION_REPRESENTATION (  '', ( #4383 ), #1731 ) ;
#5916 =( NAMED_UNIT ( * ) SI_UNIT ( $, .STERADIAN. ) SOLID_ANGLE_UNIT ( ) );
#5917 = VERTEX_POINT ( 'NONE', #1905 ) ;
#5918 = CARTESIAN_POINT ( 'NONE',  ( -0.1202310044669087086, -0.07416801234092447459, 0.1240105320259638766 ) ) ;
#5919 = VERTEX_POINT ( 'NONE', #5275 ) ;
#5920 = PRESENTATION_LAYER_ASSIGNMENT (  '', '', ( #143 ) ) ;
#5921 = FILL_AREA_STYLE ('',( #2104 ) ) ;
#5922 = CARTESIAN_POINT ( 'NONE',  ( 0.02204724409448819214, 0.03897637795275602640, -0.07913385826771651699 ) ) ;
#5923 = SURFACE_SIDE_STYLE ('',( #2012 ) ) ;
#5924 = DIRECTION ( 'NONE',  ( 0.000000000000000000, 1.000000000000000000, 0.000000000000000000 ) ) ;
#5925 = LINE ( 'NONE', #3010, #4258 ) ;
#5926 = DIMENSIONAL_EXPONENTS ( 1.000000000000000000, 0.000000000000000000, 0.000000000000000000, 0.000000000000000000, 0.000000000000000000, 0.000000000000000000, 0.000000000000000000 ) ;
#5927 = ORIENTED_EDGE ( 'NONE', *, *, #2363, .T. ) ;
#5928 = DIRECTION ( 'NONE',  ( 0.000000000000000000, 1.000000000000000000, 0.000000000000000000 ) ) ;
#5929 = SURFACE_STYLE_FILL_AREA ( #4393 ) ;
#5930 = DIRECTION ( 'NONE',  ( -1.000000000000000000, -0.000000000000000000, 0.000000000000000000 ) ) ;
#5931 = CARTESIAN_POINT ( 'NONE',  ( 0.02204724409448819214, -0.02450787401574803723, 0.0003937007874015748519 ) ) ;
#5932 = CARTESIAN_POINT ( 'NONE',  ( 0.02221243956336396708, -0.03916716705296261619, 0.08209849833543486630 ) ) ;
#5933 = CARTESIAN_POINT ( 'NONE',  ( 0.02223952466514751702, 0.04863924696456876223, -2.633936655720248184E-05 ) ) ;
#5934 = LENGTH_MEASURE_WITH_UNIT ( LENGTH_MEASURE( 0.02539999999999999897 ), #3100 );
#5935 =( NAMED_UNIT ( * ) PLANE_ANGLE_UNIT ( ) SI_UNIT ( $, .RADIAN. ) );
#5936 = UNCERTAINTY_MEASURE_WITH_UNIT (LENGTH_MEASURE( 1.000000000000000082E-05 ), #3251, 'distance_accuracy_value', 'NONE');
#5937 = CARTESIAN_POINT ( 'NONE',  ( 0.02227454735007466935, 0.04884935049968097687, 0.0001663975318151047166 ) ) ;
#5938 = FACE_OUTER_BOUND ( 'NONE', #5002, .T. ) ;
#5939 = EDGE_CURVE ( 'NONE', #3062, #5582, #5117, .T. ) ;
#5940 = ORIENTED_EDGE ( 'NONE', *, *, #1047, .F. ) ;
#5941 = SURFACE_SIDE_STYLE ('',( #1299 ) ) ;
#5942 =( GEOMETRIC_REPRESENTATION_CONTEXT ( 3 ) GLOBAL_UNCERTAINTY_ASSIGNED_CONTEXT ( ( #5374 ) ) GLOBAL_UNIT_ASSIGNED_CONTEXT ( ( #3126, #2565, #3042 ) ) REPRESENTATION_CONTEXT ( 'NONE', 'WORKASPACE' ) );
#5943 = ORIENTED_EDGE ( 'NONE', *, *, #5107, .T. ) ;
#5944 = CARTESIAN_POINT ( 'NONE',  ( -0.04921259842519686012, -0.07583074183071099317, 0.004288847158234497699 ) ) ;
#5945 = VERTEX_POINT ( 'NONE', #2879 ) ;
#5946 = CARTESIAN_POINT ( 'NONE',  ( -0.1199204655333554054, -0.07601455843597432205, 0.1219491845905600891 ) ) ;
#5947 = STYLED_ITEM ( 'NONE', ( #5889 ), #2987 ) ;
#5948 = MECHANICAL_DESIGN_GEOMETRIC_PRESENTATION_REPRESENTATION (  '', ( #264 ), #5736 ) ;
#5949 = ORIENTED_EDGE ( 'NONE', *, *, #2512, .F. ) ;
#5950 = STYLED_ITEM ( 'NONE', ( #113 ), #5975 ) ;
#5951 =( NAMED_UNIT ( * ) SI_UNIT ( $, .STERADIAN. ) SOLID_ANGLE_UNIT ( ) );
#5952 = CARTESIAN_POINT ( 'NONE',  ( 0.1190944881889763746, -0.07303149606299212671, 0.005905511811023621965 ) ) ;
#5953 = FILL_AREA_STYLE ('',( #2588 ) ) ;
#5954 = SURFACE_STYLE_USAGE ( .BOTH. , #4987 ) ;
#5955 = EDGE_LOOP ( 'NONE', ( #5243, #266, #5707, #4115, #3372 ) ) ;
#5956 = PRESENTATION_LAYER_ASSIGNMENT (  '', '', ( #4429 ) ) ;
#5957 = UNCERTAINTY_MEASURE_WITH_UNIT (LENGTH_MEASURE( 1.000000000000000082E-05 ), #2774, 'distance_accuracy_value', 'NONE');
#5958 = VECTOR ( 'NONE', #1268, 39.37007874015748143 ) ;
#5959 = DIRECTION ( 'NONE',  ( 1.000000000000000000, 0.000000000000000000, 0.000000000000000000 ) ) ;
#5960 = CARTESIAN_POINT ( 'NONE',  ( 0.02047244094488193111, -0.03976377952755905804, -0.08267716535433072833 ) ) ;
#5961 = PRESENTATION_STYLE_ASSIGNMENT (( #4024 ) ) ;
#5962 = CARTESIAN_POINT ( 'NONE',  ( 0.02227454735007465894, 0.04884935049968096299, 0.0001663975318151100021 ) ) ;
#5963 = ADVANCED_FACE ( 'NONE', ( #5245 ), #664, .T. ) ;
#5964 = CARTESIAN_POINT ( 'NONE',  ( 0.02227786867623107389, -0.03937007874015739650, -0.07913385826771651699 ) ) ;
#5965 = PRESENTATION_LAYER_ASSIGNMENT (  '', '', ( #3830 ) ) ;
#5966 = LINE ( 'NONE', #3497, #2846 ) ;
#5967 = EDGE_CURVE ( 'NONE', #103, #6218, #175, .T. ) ;
#5968 = FILL_AREA_STYLE ('',( #3103 ) ) ;
#5969 = DIRECTION ( 'NONE',  ( 1.000000000000000000, 4.513101726118519957E-17, 0.000000000000000000 ) ) ;
#5970 = LINE ( 'NONE', #3082, #4472 ) ;
#5971 = VERTEX_POINT ( 'NONE', #1098 ) ;
#5972 = FILL_AREA_STYLE ('',( #4969 ) ) ;
#5973 = CARTESIAN_POINT ( 'NONE',  ( 0.02204724409448819214, -0.03976377952755905804, 0.08228346456692912925 ) ) ;
#5974 = CIRCLE ( 'NONE', #4945, 0.0003937007874015719788 ) ;
#5975 = ADVANCED_FACE ( 'NONE', ( #2554 ), #1127, .F. ) ;
#5976 = FILL_AREA_STYLE ('',( #5433 ) ) ;
#5977 = ORIENTED_EDGE ( 'NONE', *, *, #1979, .F. ) ;
#5978 = CARTESIAN_POINT ( 'NONE',  ( 0.02261677146730114996, -0.03997583086083691256, -0.08250283023937196591 ) ) ;
#5979 = SURFACE_STYLE_USAGE ( .BOTH. , #2214 ) ;
#5980 = ORIENTED_EDGE ( 'NONE', *, *, #424, .T. ) ;
#5981 = SURFACE_SIDE_STYLE ('',( #3092 ) ) ;
#5982 = SURFACE_STYLE_USAGE ( .BOTH. , #176 ) ;
#5983 = ADVANCED_FACE ( 'NONE', ( #4538 ), #1730, .T. ) ;
#5984 =( CONVERSION_BASED_UNIT ( 'INCH', #4043 ) LENGTH_UNIT ( ) NAMED_UNIT ( #2754 ) );
#5985 = ORIENTED_EDGE ( 'NONE', *, *, #1048, .T. ) ;
#5986 = CARTESIAN_POINT ( 'NONE',  ( -0.05118110236220473064, 0.07499991257304911008, 0.005924064248884136977 ) ) ;
#5987 = LINE ( 'NONE', #3041, #2602 ) ;
#5988 = COLOUR_RGB ( '',0.2862745098039215508, 0.2862745098039215508, 0.2862745098039215508 ) ;
#5989 = CARTESIAN_POINT ( 'NONE',  ( -0.04921259842519686012, 0.03749999999999999861, 0.001968503937007873988 ) ) ;
#5990 = DIRECTION ( 'NONE',  ( -1.855278142995229963E-34, -1.203706215242029892E-35, -1.000000000000000000 ) ) ;
#5991 = VECTOR ( 'NONE', #1358, 39.37007874015748143 ) ;
#5992 = AXIS2_PLACEMENT_3D ( 'NONE', #1980, #1841, #3828 ) ;
#5993 = DIRECTION ( 'NONE',  ( 0.000000000000000000, -1.000000000000000000, 0.000000000000000000 ) ) ;
#5994 = CARTESIAN_POINT ( 'NONE',  ( 0.02244094488188976694, -0.03976377952755897477, -0.07867260910423076736 ) ) ;
#5995 = CARTESIAN_POINT ( 'NONE',  ( -0.04921259842519685318, 0.07499999999999999722, 0.000000000000000000 ) ) ;
#5996 = COLOUR_RGB ( '',0.7490196078431372584, 0.7490196078431372584, 0.7490196078431372584 ) ;
#5997 = CIRCLE ( 'NONE', #3986, 0.0003937007874015758277 ) ;
#5998 = ORIENTED_EDGE ( 'NONE', *, *, #1047, .T. ) ;
#5999 = DIMENSIONAL_EXPONENTS ( 1.000000000000000000, 0.000000000000000000, 0.000000000000000000, 0.000000000000000000, 0.000000000000000000, 0.000000000000000000, 0.000000000000000000 ) ;
#6000 = AXIS2_PLACEMENT_3D ( 'NONE', #1108, #2564, #4491 ) ;
#6001 = AXIS2_PLACEMENT_3D ( 'NONE', #3290, #278, #1340 ) ;
#6002 = ORIENTED_EDGE ( 'NONE', *, *, #2167, .F. ) ;
#6003 = PRESENTATION_STYLE_ASSIGNMENT (( #3895 ) ) ;
#6004 = MECHANICAL_DESIGN_GEOMETRIC_PRESENTATION_REPRESENTATION (  '', ( #1628 ), #3264 ) ;
#6005 = AXIS2_PLACEMENT_3D ( 'NONE', #2144, #4074, #1649 ) ;
#6006 = ORIENTED_EDGE ( 'NONE', *, *, #5017, .F. ) ;
#6007 = CIRCLE ( 'NONE', #831, 0.0003937007874015758277 ) ;
#6008 = ADVANCED_FACE ( 'NONE', ( #4618 ), #4212, .F. ) ;
#6009 = SURFACE_SIDE_STYLE ('',( #4986 ) ) ;
#6010 = VERTEX_POINT ( 'NONE', #4183 ) ;
#6011 = UNCERTAINTY_MEASURE_WITH_UNIT (LENGTH_MEASURE( 1.000000000000000082E-05 ), #4158, 'distance_accuracy_value', 'NONE');
#6012 = FILL_AREA_STYLE_COLOUR ( '', #4660 ) ;
#6013 = CARTESIAN_POINT ( 'NONE',  ( 0.02204724409448819214, 0.04862204724409448925, -0.0003937007874015748519 ) ) ;
#6014 = EDGE_CURVE ( 'NONE', #857, #2782, #5130, .T. ) ;
#6015 = CARTESIAN_POINT ( 'NONE',  ( 0.02206024692691978956, 0.04886370590601146063, -3.354748500925860803E-05 ) ) ;
#6016 = PRESENTATION_STYLE_ASSIGNMENT (( #2148 ) ) ;
#6017 = APPLICATION_PROTOCOL_DEFINITION ( 'draft international standard', 'automotive_design', 1998, #4695 ) ;
#6018 = STYLED_ITEM ( 'NONE', ( #5242 ), #69 ) ;
#6019 = CARTESIAN_POINT ( 'NONE',  ( 0.02226660976693104615, 0.03997583086083688481, -0.08285299193974204890 ) ) ;
#6020 = B_SPLINE_CURVE_WITH_KNOTS ( 'NONE', 3,
 ( #404, #3255, #5730, #6241 ),
 .UNSPECIFIED., .F., .F.,
 ( 4, 4 ),
 ( 0.000000000000000000, 1.000000000000000000 ),
 .UNSPECIFIED. ) ;
#6021 =( NAMED_UNIT ( * ) SI_UNIT ( $, .STERADIAN. ) SOLID_ANGLE_UNIT ( ) );
#6022 = ADVANCED_FACE ( 'NONE', ( #731 ), #2189, .F. ) ;
#6023 = VERTEX_POINT ( 'NONE', #4782 ) ;
#6024 = STYLED_ITEM ( 'NONE', ( #1218 ), #326 ) ;
#6025 = CARTESIAN_POINT ( 'NONE',  ( 0.1180342315225873240, 0.07412832442520632392, 0.003057874946958998551 ) ) ;
#6026 = ORIENTED_EDGE ( 'NONE', *, *, #2585, .T. ) ;
#6027 = EDGE_LOOP ( 'NONE', ( #3262, #700, #2042, #2244, #2161, #4144 ) ) ;
#6028 =( NAMED_UNIT ( * ) SI_UNIT ( $, .STERADIAN. ) SOLID_ANGLE_UNIT ( ) );
#6029 = SURFACE_STYLE_USAGE ( .BOTH. , #2492 ) ;
#6030 = PRESENTATION_LAYER_ASSIGNMENT (  '', '', ( #3301 ) ) ;
#6031 = ORIENTED_EDGE ( 'NONE', *, *, #3219, .T. ) ;
#6032 = DIMENSIONAL_EXPONENTS ( 1.000000000000000000, 0.000000000000000000, 0.000000000000000000, 0.000000000000000000, 0.000000000000000000, 0.000000000000000000, 0.000000000000000000 ) ;
#6033 = CIRCLE ( 'NONE', #5437, 0.0003937007874015758277 ) ;
#6034 = ORIENTED_EDGE ( 'NONE', *, *, #4637, .F. ) ;
#6035 = STYLED_ITEM ( 'NONE', ( #3369 ), #5639 ) ;
#6036 = DIRECTION ( 'NONE',  ( -1.000000000000000000, 0.000000000000000000, 0.000000000000000000 ) ) ;
#6037 = FACE_OUTER_BOUND ( 'NONE', #5911, .T. ) ;
#6038 = CARTESIAN_POINT ( 'NONE',  ( 0.02244094488188976694, -0.03976377952755898171, -0.07913385826771651699 ) ) ;
#6039 = PRESENTATION_LAYER_ASSIGNMENT (  '', '', ( #877 ) ) ;
#6040 = PRESENTATION_LAYER_ASSIGNMENT (  '', '', ( #1491 ) ) ;
#6041 = AXIS2_PLACEMENT_3D ( 'NONE', #1955, #2373, #4435 ) ;
#6042 = DIRECTION ( 'NONE',  ( -0.000000000000000000, -0.000000000000000000, -1.000000000000000000 ) ) ;
#6043 = CARTESIAN_POINT ( 'NONE',  ( 0.02240563253514228290, 0.03963361187837415728, -0.08218541142464481919 ) ) ;
#6044 = MECHANICAL_DESIGN_GEOMETRIC_PRESENTATION_REPRESENTATION (  '', ( #3830 ), #82 ) ;
#6045 = CARTESIAN_POINT ( 'NONE',  ( 0.02204724409448819214, 0.03897637795275602640, 0.07913385826771651699 ) ) ;
#6046 = DIRECTION ( 'NONE',  ( 0.000000000000000000, 0.000000000000000000, 1.000000000000000000 ) ) ;
#6047 = VERTEX_POINT ( 'NONE', #895 ) ;
#6048 = DIRECTION ( 'NONE',  ( 0.000000000000000000, 0.000000000000000000, -1.000000000000000000 ) ) ;
#6049 =( BOUNDED_CURVE ( )  B_SPLINE_CURVE ( 3, ( #1, #4971, #2930, #5854 ),
 .UNSPECIFIED., .F., .T. ) 
 B_SPLINE_CURVE_WITH_KNOTS ( ( 4, 4 ),
 ( 0.000000000000000000, 1.570796326794896558 ),
 .UNSPECIFIED. ) 
 CURVE ( )  GEOMETRIC_REPRESENTATION_ITEM ( )  RATIONAL_B_SPLINE_CURVE ( ( 1.000000000000000000, 0.8047378541243649375, 0.8047378541243649375, 1.000000000000000000 ) ) 
 REPRESENTATION_ITEM ( '' )  );
#6050 =( GEOMETRIC_REPRESENTATION_CONTEXT ( 3 ) GLOBAL_UNCERTAINTY_ASSIGNED_CONTEXT ( ( #1775 ) ) GLOBAL_UNIT_ASSIGNED_CONTEXT ( ( #2433, #1863, #3818 ) ) REPRESENTATION_CONTEXT ( 'NONE', 'WORKASPACE' ) );
#6051 = LENGTH_MEASURE_WITH_UNIT ( LENGTH_MEASURE( 0.02539999999999999897 ), #3620 );
#6052 = ORIENTED_EDGE ( 'NONE', *, *, #3292, .T. ) ;
#6053 =( CONVERSION_BASED_UNIT ( 'INCH', #1639 ) LENGTH_UNIT ( ) NAMED_UNIT ( #4738 ) );
#6054 = STYLED_ITEM ( 'NONE', ( #1777 ), #2608 ) ;
#6055 = FACE_OUTER_BOUND ( 'NONE', #5344, .T. ) ;
#6056 = DIRECTION ( 'NONE',  ( 0.000000000000000000, 0.000000000000000000, 1.000000000000000000 ) ) ;
#6057 = ORIENTED_EDGE ( 'NONE', *, *, #6114, .T. ) ;
#6058 = ADVANCED_FACE ( 'NONE', ( #2428 ), #3853, .F. ) ;
#6059 = DIRECTION ( 'NONE',  ( 0.000000000000000000, 0.000000000000000000, -1.000000000000000000 ) ) ;
#6060 = CARTESIAN_POINT ( 'NONE',  ( 0.02223952466514751355, 0.04863924696456878305, -2.633936655720633076E-05 ) ) ;
#6061 =( LENGTH_UNIT ( ) NAMED_UNIT ( * ) SI_UNIT ( $, .METRE. ) );
#6062 = CARTESIAN_POINT ( 'NONE',  ( -0.1210629921259842590, 0.07303149606299212671, 0.000000000000000000 ) ) ;
#6063 = EDGE_LOOP ( 'NONE', ( #2763, #3718, #5617, #3644 ) ) ;
#6064 = CARTESIAN_POINT ( 'NONE',  ( 0.02227454735007466935, -0.03953647627197259817, -0.08251076782251559605 ) ) ;
#6065 = CARTESIAN_POINT ( 'NONE',  ( 0.02227454735007463812, -0.04884935049968095605, -0.0001663975318151064784 ) ) ;
#6066 = FACE_OUTER_BOUND ( 'NONE', #1394, .T. ) ;
#6067 = PRESENTATION_STYLE_ASSIGNMENT (( #1746 ) ) ;
#6068 = CARTESIAN_POINT ( 'NONE',  ( 0.1202310044669086947, -0.07416801234092444683, 0.1240105320259638211 ) ) ;
#6069 = MECHANICAL_DESIGN_GEOMETRIC_PRESENTATION_REPRESENTATION (  '', ( #1408 ), #4548 ) ;
#6071 = EDGE_CURVE ( 'NONE', #3985, #177, #3618, .T. ) ;
#6070 = APPLICATION_PROTOCOL_DEFINITION ( 'draft international standard', 'automotive_design', 1998, #2323 ) ;
#6073 = AXIS2_PLACEMENT_3D ( 'NONE', #742, #799, #6100 ) ;
#6072 = PRESENTATION_STYLE_ASSIGNMENT (( #5629 ) ) ;
#6074 = CARTESIAN_POINT ( 'NONE',  ( 0.02227454735007469364, 0.03953647627197262593, -0.08251076782251560993 ) ) ;
#6075 = DIRECTION ( 'NONE',  ( 1.000000000000000000, 4.749352646498039829E-16, -0.000000000000000000 ) ) ;
#6076 = LINE ( 'NONE', #2818, #3983 ) ;
#6077 = LENGTH_MEASURE_WITH_UNIT ( LENGTH_MEASURE( 0.02539999999999999897 ), #1246 );
#6078 = ORIENTED_EDGE ( 'NONE', *, *, #3721, .T. ) ;
#6079 = FILL_AREA_STYLE_COLOUR ( '', #751 ) ;
#6080 = MECHANICAL_DESIGN_GEOMETRIC_PRESENTATION_REPRESENTATION (  '', ( #4465 ), #3359 ) ;
#6081 = PRESENTATION_LAYER_ASSIGNMENT (  '', '', ( #6181 ) ) ;
#6082 = DIRECTION ( 'NONE',  ( 0.000000000000000000, 0.000000000000000000, 1.000000000000000000 ) ) ;
#6083 = ORIENTED_EDGE ( 'NONE', *, *, #4506, .T. ) ;
#6084 =( NAMED_UNIT ( * ) SI_UNIT ( $, .STERADIAN. ) SOLID_ANGLE_UNIT ( ) );
#6085 =( GEOMETRIC_REPRESENTATION_CONTEXT ( 3 ) GLOBAL_UNCERTAINTY_ASSIGNED_CONTEXT ( ( #3419 ) ) GLOBAL_UNIT_ASSIGNED_CONTEXT ( ( #4688, #5079, #1770 ) ) REPRESENTATION_CONTEXT ( 'NONE', 'WORKASPACE' ) );
#6086 = DIRECTION ( 'NONE',  ( 0.000000000000000000, 0.000000000000000000, -1.000000000000000000 ) ) ;
#6087 = ORIENTED_EDGE ( 'NONE', *, *, #209, .F. ) ;
#6088 = AXIS2_PLACEMENT_3D ( 'NONE', #3330, #2338, #308 ) ;
#6089 = CARTESIAN_POINT ( 'NONE',  ( 0.04921259842519686012, 0.07499999999999999722, 0.002495962977226618643 ) ) ;
#6090 =( NAMED_UNIT ( * ) PLANE_ANGLE_UNIT ( ) SI_UNIT ( $, .RADIAN. ) );
#6091 = EDGE_CURVE ( 'NONE', #1293, #256, #5342, .T. ) ;
#6092 = SURFACE_SIDE_STYLE ('',( #1260 ) ) ;
#6093 = VECTOR ( 'NONE', #5086, 39.37007874015748143 ) ;
#6094 = DIRECTION ( 'NONE',  ( 0.000000000000000000, -0.000000000000000000, -1.000000000000000000 ) ) ;
#6095 = ORIENTED_EDGE ( 'NONE', *, *, #4356, .F. ) ;
#6096 = COLOUR_RGB ( '',0.7490196078431372584, 0.7490196078431372584, 0.7490196078431372584 ) ;
#6097 = PRESENTATION_STYLE_ASSIGNMENT (( #6160 ) ) ;
#6098 = SURFACE_SIDE_STYLE ('',( #2228 ) ) ;
#6099 = CARTESIAN_POINT ( 'NONE',  ( 0.1201592274352562412, 0.07523951445669875560, 0.1230108069418420214 ) ) ;
#6100 = DIRECTION ( 'NONE',  ( 0.000000000000000000, 0.000000000000000000, 1.000000000000000000 ) ) ;
#6101 =( LENGTH_UNIT ( ) NAMED_UNIT ( * ) SI_UNIT ( $, .METRE. ) );
#6102 =( GEOMETRIC_REPRESENTATION_CONTEXT ( 3 ) GLOBAL_UNCERTAINTY_ASSIGNED_CONTEXT ( ( #616 ) ) GLOBAL_UNIT_ASSIGNED_CONTEXT ( ( #5148, #6138, #6170 ) ) REPRESENTATION_CONTEXT ( 'NONE', 'WORKASPACE' ) );
#6103 = DIRECTION ( 'NONE',  ( 0.000000000000000000, 1.000000000000000000, 0.000000000000000000 ) ) ;
#6104 = PRESENTATION_STYLE_ASSIGNMENT (( #5515 ) ) ;
#6105 = SURFACE_STYLE_FILL_AREA ( #3157 ) ;
#6106 =( NAMED_UNIT ( * ) PLANE_ANGLE_UNIT ( ) SI_UNIT ( $, .RADIAN. ) );
#6107 = DIRECTION ( 'NONE',  ( -0.000000000000000000, 1.000000000000000000, 1.224646799147353207E-16 ) ) ;
#6108 = DIRECTION ( 'NONE',  ( 1.000000000000000000, 4.749352646498039829E-16, 0.000000000000000000 ) ) ;
#6109 = EDGE_CURVE ( 'NONE', #5338, #5167, #1970, .T. ) ;
#6110 = ORIENTED_EDGE ( 'NONE', *, *, #4173, .T. ) ;
#6111 = DIRECTION ( 'NONE',  ( 0.000000000000000000, 1.000000000000000000, 0.000000000000000000 ) ) ;
#6112 = DIMENSIONAL_EXPONENTS ( 1.000000000000000000, 0.000000000000000000, 0.000000000000000000, 0.000000000000000000, 0.000000000000000000, 0.000000000000000000, 0.000000000000000000 ) ;
#6113 = EDGE_CURVE ( 'NONE', #448, #6257, #2937, .T. ) ;
#6114 = EDGE_CURVE ( 'NONE', #3921, #2103, #1586, .T. ) ;
#6115 = DIRECTION ( 'NONE',  ( -0.000000000000000000, 1.000000000000000000, -0.000000000000000000 ) ) ;
#6116 = VERTEX_POINT ( 'NONE', #5370 ) ;
#6117 =( CONVERSION_BASED_UNIT ( 'INCH', #4093 ) LENGTH_UNIT ( ) NAMED_UNIT ( #4879 ) );
#6118 = ORIENTED_EDGE ( 'NONE', *, *, #4181, .T. ) ;
#6119 = DIMENSIONAL_EXPONENTS ( 1.000000000000000000, 0.000000000000000000, 0.000000000000000000, 0.000000000000000000, 0.000000000000000000, 0.000000000000000000, 0.000000000000000000 ) ;
#6120 = AXIS2_PLACEMENT_3D ( 'NONE', #249, #4084, #1719 ) ;
#6121 = AXIS2_PLACEMENT_3D ( 'NONE', #4364, #1451, #1959 ) ;
#6122 = PRESENTATION_STYLE_ASSIGNMENT (( #730 ) ) ;
#6123 = DIRECTION ( 'NONE',  ( -1.000000000000000000, 0.000000000000000000, 0.000000000000000000 ) ) ;
#6124 = DIRECTION ( 'NONE',  ( -1.000000000000000000, -4.869399230812090436E-16, 0.000000000000000000 ) ) ;
#6125 = SURFACE_SIDE_STYLE ('',( #2222 ) ) ;
#6126 = STYLED_ITEM ( 'NONE', ( #1908 ), #3889 ) ;
#6127 = PRESENTATION_STYLE_ASSIGNMENT (( #4570 ) ) ;
#6128 = VERTEX_POINT ( 'NONE', #384 ) ;
#6129 = DIRECTION ( 'NONE',  ( 1.000000000000000000, 0.000000000000000000, -0.000000000000000000 ) ) ;
#6130 = SURFACE_STYLE_USAGE ( .BOTH. , #4252 ) ;
#6131 = SURFACE_STYLE_FILL_AREA ( #4130 ) ;
#6132 = DIRECTION ( 'NONE',  ( 3.344045254895049987E-16, -1.000000000000000000, -0.000000000000000000 ) ) ;
#6133 = LINE ( 'NONE', #1748, #542 ) ;
#6134 = CYLINDRICAL_SURFACE ( 'NONE', #4537, 0.0003937007874015758277 ) ;
#6135 = EDGE_CURVE ( 'NONE', #5397, #1525, #5121, .T. ) ;
#6136 = LENGTH_MEASURE_WITH_UNIT ( LENGTH_MEASURE( 0.02539999999999999897 ), #746 );
#6137 = ADVANCED_FACE ( 'NONE', ( #553 ), #5557, .T. ) ;
#6138 =( NAMED_UNIT ( * ) PLANE_ANGLE_UNIT ( ) SI_UNIT ( $, .RADIAN. ) );
#6139 = CYLINDRICAL_SURFACE ( 'NONE', #6088, 0.001968503937007870519 ) ;
#6140 = VECTOR ( 'NONE', #3919, 39.37007874015748143 ) ;
#6141 = ORIENTED_EDGE ( 'NONE', *, *, #5550, .T. ) ;
#6142 = ADVANCED_FACE ( 'NONE', ( #5067 ), #2698, .T. ) ;
#6143 = DIMENSIONAL_EXPONENTS ( 1.000000000000000000, 0.000000000000000000, 0.000000000000000000, 0.000000000000000000, 0.000000000000000000, 0.000000000000000000, 0.000000000000000000 ) ;
#6144 = PRESENTATION_STYLE_ASSIGNMENT (( #4172 ) ) ;
#6145 = DIRECTION ( 'NONE',  ( 0.000000000000000000, -1.000000000000000000, 0.000000000000000000 ) ) ;
#6146 = CARTESIAN_POINT ( 'NONE',  ( 0.02204724409448819214, -0.04901574803149608139, -0.0003937007874015748519 ) ) ;
#6147 = ORIENTED_EDGE ( 'NONE', *, *, #4992, .T. ) ;
#6148 = CARTESIAN_POINT ( 'NONE',  ( 0.01850393700787405366, 0.04901574803149607445, 0.000000000000000000 ) ) ;
#6149 = ORIENTED_EDGE ( 'NONE', *, *, #5734, .T. ) ;
#6150 = EDGE_CURVE ( 'NONE', #5586, #555, #1664, .T. ) ;
#6151 = CARTESIAN_POINT ( 'NONE',  ( 0.02204724409448819214, -0.03976377952755905804, -0.07913385826771651699 ) ) ;
#6152 = CARTESIAN_POINT ( 'NONE',  ( -0.1199218558314488620, -0.07104706760112830533, 0.1259835913051961520 ) ) ;
#6153 = DIRECTION ( 'NONE',  ( -4.869399230812090436E-16, 1.000000000000000000, 0.000000000000000000 ) ) ;
#6154 =( CONVERSION_BASED_UNIT ( 'INCH', #1703 ) LENGTH_UNIT ( ) NAMED_UNIT ( #3691 ) );
#6155 = DIMENSIONAL_EXPONENTS ( 1.000000000000000000, 0.000000000000000000, 0.000000000000000000, 0.000000000000000000, 0.000000000000000000, 0.000000000000000000, 0.000000000000000000 ) ;
#6156 = VECTOR ( 'NONE', #760, 39.37007874015748143 ) ;
#6157 = CARTESIAN_POINT ( 'NONE',  ( 0.1213025065826829479, 0.07316828725680257772, 0.004840772564743795262 ) ) ;
#6158 = ORIENTED_EDGE ( 'NONE', *, *, #2984, .T. ) ;
#6159 = PRESENTATION_LAYER_ASSIGNMENT (  '', '', ( #4444 ) ) ;
#6160 = SURFACE_STYLE_USAGE ( .BOTH. , #4127 ) ;
#6161 = FACE_OUTER_BOUND ( 'NONE', #3646, .T. ) ;
#6162 = EDGE_CURVE ( 'NONE', #1594, #4239, #4317, .T. ) ;
#6163 = CARTESIAN_POINT ( 'NONE',  ( 0.1199204655333552944, -0.07210666490552065933, 0.1258570781210137657 ) ) ;
#6164 = DIMENSIONAL_EXPONENTS ( 1.000000000000000000, 0.000000000000000000, 0.000000000000000000, 0.000000000000000000, 0.000000000000000000, 0.000000000000000000, 0.000000000000000000 ) ;
#6165 = UNCERTAINTY_MEASURE_WITH_UNIT (LENGTH_MEASURE( 1.000000000000000082E-05 ), #4620, 'distance_accuracy_value', 'NONE');
#6166 = UNCERTAINTY_MEASURE_WITH_UNIT (LENGTH_MEASURE( 1.000000000000000082E-05 ), #5519, 'distance_accuracy_value', 'NONE');
#6167 = UNCERTAINTY_MEASURE_WITH_UNIT (LENGTH_MEASURE( 1.000000000000000082E-05 ), #5214, 'distance_accuracy_value', 'NONE');
#6168 =( CONVERSION_BASED_UNIT ( 'INCH', #5454 ) LENGTH_UNIT ( ) NAMED_UNIT ( #409 ) );
#6169 = SURFACE_SIDE_STYLE ('',( #5764 ) ) ;
#6170 =( NAMED_UNIT ( * ) SI_UNIT ( $, .STERADIAN. ) SOLID_ANGLE_UNIT ( ) );
#6171 = LENGTH_MEASURE_WITH_UNIT ( LENGTH_MEASURE( 0.02539999999999999897 ), #4634 );
#6172 = CARTESIAN_POINT ( 'NONE',  ( 0.05118110236220473064, -0.07303149606299212671, 0.005905511811023621965 ) ) ;
#6173 = PLANE ( 'NONE',  #5459 ) ;
#6174 = CARTESIAN_POINT ( 'NONE',  ( 0.02226019194374415436, 0.03932217584881771144, -0.08231082280569121390 ) ) ;
#6175 = DIRECTION ( 'NONE',  ( 4.513101726118519957E-17, -1.000000000000000000, 0.000000000000000000 ) ) ;
#6176 = ORIENTED_EDGE ( 'NONE', *, *, #3926, .F. ) ;
#6177 = CARTESIAN_POINT ( 'NONE',  ( -0.04921259842519685318, 0.07499999999999999722, 0.002495962977226618210 ) ) ;
#6178 = FACE_OUTER_BOUND ( 'NONE', #1820, .T. ) ;
#6179 =( CONVERSION_BASED_UNIT ( 'INCH', #2867 ) LENGTH_UNIT ( ) NAMED_UNIT ( #1791 ) );
#6180 = ORIENTED_EDGE ( 'NONE', *, *, #4791, .F. ) ;
#6181 = STYLED_ITEM ( 'NONE', ( #284 ), #1313 ) ;
#6182 = FACE_OUTER_BOUND ( 'NONE', #4152, .T. ) ;
#6183 = PRESENTATION_LAYER_ASSIGNMENT (  '', '', ( #919 ) ) ;
#6184 = FACE_OUTER_BOUND ( 'NONE', #1880, .T. ) ;
#6185 = PRESENTATION_STYLE_ASSIGNMENT (( #2320 ) ) ;
#6186 = DIRECTION ( 'NONE',  ( 0.000000000000000000, -1.000000000000000000, 0.000000000000000000 ) ) ;
#6187 = SURFACE_STYLE_USAGE ( .BOTH. , #359 ) ;
#6188 = MECHANICAL_DESIGN_GEOMETRIC_PRESENTATION_REPRESENTATION (  '', ( #2230 ), #3879 ) ;
#6189 =( GEOMETRIC_REPRESENTATION_CONTEXT ( 3 ) GLOBAL_UNCERTAINTY_ASSIGNED_CONTEXT ( ( #3987 ) ) GLOBAL_UNIT_ASSIGNED_CONTEXT ( ( #3423, #4249, #1002 ) ) REPRESENTATION_CONTEXT ( 'NONE', 'WORKASPACE' ) );
#6190 =( NAMED_UNIT ( * ) SI_UNIT ( $, .STERADIAN. ) SOLID_ANGLE_UNIT ( ) );
#6191 = PRESENTATION_LAYER_ASSIGNMENT (  '', '', ( #5687 ) ) ;
#6192 = EDGE_LOOP ( 'NONE', ( #1659, #343, #4012, #4687, #3739, #3055 ) ) ;
#6193 = VECTOR ( 'NONE', #1540, 39.37007874015748143 ) ;
#6194 = CARTESIAN_POINT ( 'NONE',  ( 0.02244094488188980163, -0.04901574803149607445, 0.08228346456692912925 ) ) ;
#6195 = EDGE_CURVE ( 'NONE', #2825, #975, #3594, .T. ) ;
#6196 = DIRECTION ( 'NONE',  ( 1.000000000000000000, -2.434699615406050148E-16, -0.000000000000000000 ) ) ;
#6197 = STYLED_ITEM ( 'NONE', ( #6097 ), #4569 ) ;
#6198 = EDGE_CURVE ( 'NONE', #6128, #2249, #2813, .T. ) ;
#6199 = CARTESIAN_POINT ( 'NONE',  ( 0.02204724409448819214, 0.03976377952755906497, 0.08228346456692912925 ) ) ;
#6200 = CARTESIAN_POINT ( 'NONE',  ( 0.1172865891236605923, -0.07350580491236850811, 0.1261601207017441773 ) ) ;
#6201 = MECHANICAL_DESIGN_GEOMETRIC_PRESENTATION_REPRESENTATION (  '', ( #327 ), #5078 ) ;
#6202 = DIMENSIONAL_EXPONENTS ( 1.000000000000000000, 0.000000000000000000, 0.000000000000000000, 0.000000000000000000, 0.000000000000000000, 0.000000000000000000, 0.000000000000000000 ) ;
#6203 = EDGE_CURVE ( 'NONE', #5466, #136, #1152, .T. ) ;
#6204 = SURFACE_STYLE_FILL_AREA ( #4226 ) ;
#6205 = LINE ( 'NONE', #2816, #2116 ) ;
#6206 = CARTESIAN_POINT ( 'NONE',  ( 0.02227786867623108083, -0.03897637795275583905, 0.07874015748031494566 ) ) ;
#6207 = FILL_AREA_STYLE ('',( #3731 ) ) ;
#6208 = CARTESIAN_POINT ( 'NONE',  ( 0.1190944881889763746, 0.07391183778641724489, 0.1246346991948817373 ) ) ;
#6209 = AXIS2_PLACEMENT_3D ( 'NONE', #323, #6123, #1763 ) ;
#6210 = VERTEX_POINT ( 'NONE', #413 ) ;
#6211 = DIRECTION ( 'NONE',  ( 1.000000000000000000, 4.749352646498039829E-16, 0.000000000000000000 ) ) ;
#6212 = DIMENSIONAL_EXPONENTS ( 1.000000000000000000, 0.000000000000000000, 0.000000000000000000, 0.000000000000000000, 0.000000000000000000, 0.000000000000000000, 0.000000000000000000 ) ;
#6213 = AXIS2_PLACEMENT_3D ( 'NONE', #4000, #2571, #2599 ) ;
#6214 =( NAMED_UNIT ( * ) PLANE_ANGLE_UNIT ( ) SI_UNIT ( $, .RADIAN. ) );
#6215 = DIRECTION ( 'NONE',  ( 0.000000000000000000, 0.000000000000000000, -1.000000000000000000 ) ) ;
#6216 = ADVANCED_FACE ( 'NONE', ( #1286 ), #4271, .F. ) ;
#6217 = PLANE ( 'NONE',  #964 ) ;
#6218 = VERTEX_POINT ( 'NONE', #2314 ) ;
#6219 = CARTESIAN_POINT ( 'NONE',  ( 0.02204724409448819561, 0.03958771118287405383, -0.08263560125629917930 ) ) ;
#6220 = CYLINDRICAL_SURFACE ( 'NONE', #4710, 0.001968503937007879193 ) ;
#6221 = DIRECTION ( 'NONE',  ( -1.000000000000000000, -4.749352646498039829E-16, 0.000000000000000000 ) ) ;
#6222 = ORIENTED_EDGE ( 'NONE', *, *, #5060, .T. ) ;
#6223 =( LENGTH_UNIT ( ) NAMED_UNIT ( * ) SI_UNIT ( $, .METRE. ) );
#6224 = FACE_OUTER_BOUND ( 'NONE', #4853, .T. ) ;
#6225 =( NAMED_UNIT ( * ) SI_UNIT ( $, .STERADIAN. ) SOLID_ANGLE_UNIT ( ) );
#6226 = LENGTH_MEASURE_WITH_UNIT ( LENGTH_MEASURE( 0.02539999999999999897 ), #2838 );
#6227 = ORIENTED_EDGE ( 'NONE', *, *, #716, .F. ) ;
#6228 = LINE ( 'NONE', #3823, #316 ) ;
#6229 =( LENGTH_UNIT ( ) NAMED_UNIT ( * ) SI_UNIT ( $, .METRE. ) );
#6230 = VECTOR ( 'NONE', #3943, 39.37007874015748143 ) ;
#6231 = FILL_AREA_STYLE ('',( #1510 ) ) ;
#6232 = CARTESIAN_POINT ( 'NONE',  ( -0.04921259842519686012, 0.07303149606299212671, 0.001968503937007873555 ) ) ;
#6233 = PRESENTATION_STYLE_ASSIGNMENT (( #1333 ) ) ;
#6234 = PRESENTATION_LAYER_ASSIGNMENT (  '', '', ( #971 ) ) ;
#6235 = EDGE_CURVE ( 'NONE', #6289, #939, #4208, .T. ) ;
#6236 = CYLINDRICAL_SURFACE ( 'NONE', #4163, 0.0003937007874015758277 ) ;
#6237 =( LENGTH_UNIT ( ) NAMED_UNIT ( * ) SI_UNIT ( $, .METRE. ) );
#6238 = CARTESIAN_POINT ( 'NONE',  ( 0.02227454735007466935, 0.03953647627197259817, 0.08251076782251559605 ) ) ;
#6239 = CARTESIAN_POINT ( 'NONE',  ( 0.02244094488188980163, 0.04862204724409448925, -0.08228346456692912925 ) ) ;
#6240 = EDGE_CURVE ( 'NONE', #5689, #679, #3193, .T. ) ;
#6242 = CYLINDRICAL_SURFACE ( 'NONE', #1302, 0.0003937007874015758277 ) ;
#6241 = CARTESIAN_POINT ( 'NONE',  ( 0.02244094488188978428, 0.03897637795275602640, 0.07834645669291338821 ) ) ;
#6243 = ORIENTED_EDGE ( 'NONE', *, *, #923, .F. ) ;
#6244 = PRESENTATION_LAYER_ASSIGNMENT (  '', '', ( #3813 ) ) ;
#6245 = UNCERTAINTY_MEASURE_WITH_UNIT (LENGTH_MEASURE( 1.000000000000000082E-05 ), #2385, 'distance_accuracy_value', 'NONE');
#6246 = FACE_OUTER_BOUND ( 'NONE', #534, .T. ) ;
#6247 = SURFACE_STYLE_FILL_AREA ( #1380 ) ;
#6248 = AXIS2_PLACEMENT_3D ( 'NONE', #5022, #4023, #712 ) ;
#6249 = SURFACE_SIDE_STYLE ('',( #5257 ) ) ;
#6250 = DIRECTION ( 'NONE',  ( 1.000000000000000000, 4.869399230812090436E-16, -0.000000000000000000 ) ) ;
#6251 = DIMENSIONAL_EXPONENTS ( 1.000000000000000000, 0.000000000000000000, 0.000000000000000000, 0.000000000000000000, 0.000000000000000000, 0.000000000000000000, 0.000000000000000000 ) ;
#6252 = EDGE_CURVE ( 'NONE', #1147, #5494, #317, .T. ) ;
#6253 = VERTEX_POINT ( 'NONE', #1387 ) ;
#6254 = DIRECTION ( 'NONE',  ( 0.000000000000000000, 0.000000000000000000, 1.000000000000000000 ) ) ;
#6255 = SURFACE_STYLE_FILL_AREA ( #920 ) ;
#6256 = DIRECTION ( 'NONE',  ( -0.4082482904638671251, 0.8164965809277331399, 0.4082482904638448096 ) ) ;
#6257 = VERTEX_POINT ( 'NONE', #1854 ) ;
#6258 =( GEOMETRIC_REPRESENTATION_CONTEXT ( 3 ) GLOBAL_UNCERTAINTY_ASSIGNED_CONTEXT ( ( #2066 ) ) GLOBAL_UNIT_ASSIGNED_CONTEXT ( ( #2229, #2201, #2740 ) ) REPRESENTATION_CONTEXT ( 'NONE', 'WORKASPACE' ) );
#6259 =( NAMED_UNIT ( * ) PLANE_ANGLE_UNIT ( ) SI_UNIT ( $, .RADIAN. ) );
#6260 = LINE ( 'NONE', #3953, #4947 ) ;
#6261 = SURFACE_STYLE_USAGE ( .BOTH. , #2835 ) ;
#6262 = SURFACE_SIDE_STYLE ('',( #4719 ) ) ;
#6263 = CARTESIAN_POINT ( 'NONE',  ( -0.1212307295510305222, 0.07309651022515013807, 0.1240823090576163718 ) ) ;
#6264 = DIRECTION ( 'NONE',  ( 0.000000000000000000, 0.000000000000000000, -1.000000000000000000 ) ) ;
#6265 =( NAMED_UNIT ( * ) PLANE_ANGLE_UNIT ( ) SI_UNIT ( $, .RADIAN. ) );
#6266 = PRESENTATION_LAYER_ASSIGNMENT (  '', '', ( #3831 ) ) ;
#6267 = PRESENTATION_STYLE_ASSIGNMENT (( #708 ) ) ;
#6268 = EDGE_CURVE ( 'NONE', #4571, #932, #3200, .T. ) ;
#6269 = ORIENTED_EDGE ( 'NONE', *, *, #1095, .F. ) ;
#6270 = FACE_OUTER_BOUND ( 'NONE', #2074, .T. ) ;
#6271 = CARTESIAN_POINT ( 'NONE',  ( 0.1202310044669087225, -0.07416801234092446071, 0.1240105320259638350 ) ) ;
#6272 = CARTESIAN_POINT ( 'NONE',  ( 0.02244094488188980163, 0.03897637795275602640, -0.07874015748031495954 ) ) ;
#6273 = DIRECTION ( 'NONE',  ( -0.000000000000000000, 1.000000000000000000, -0.000000000000000000 ) ) ;
#6274 = MECHANICAL_DESIGN_GEOMETRIC_PRESENTATION_REPRESENTATION (  '', ( #1106 ), #3841 ) ;
#6275 = MECHANICAL_DESIGN_GEOMETRIC_PRESENTATION_REPRESENTATION (  '', ( #2111 ), #4943 ) ;
#6276 = DIRECTION ( 'NONE',  ( 1.000000000000000000, 0.000000000000000000, 0.000000000000000000 ) ) ;
#6277 = VECTOR ( 'NONE', #122, 39.37007874015748143 ) ;
#6278 = ORIENTED_EDGE ( 'NONE', *, *, #3628, .T. ) ;
#6279 = FILL_AREA_STYLE_COLOUR ( '', #2045 ) ;
#6280 = CARTESIAN_POINT ( 'NONE',  ( 0.02244094488188976347, 0.03976377952755911355, -0.07867260910423080900 ) ) ;
#6281 = STYLED_ITEM ( 'NONE', ( #453 ), #2851 ) ;
#6282 =( CONVERSION_BASED_UNIT ( 'INCH', #2890 ) LENGTH_UNIT ( ) NAMED_UNIT ( #4332 ) );
#6283 = CARTESIAN_POINT ( 'NONE',  ( 0.02168566428142510577, -0.03910655853681654914, 0.08237832633680441941 ) ) ;
#6284 = CARTESIAN_POINT ( 'NONE',  ( 0.02047244094488193111, 0.000000000000000000, -0.08267716535433072833 ) ) ;
#6285 = FILL_AREA_STYLE_COLOUR ( '', #4905 ) ;
#6286 = CARTESIAN_POINT ( 'NONE',  ( 0.02227786867623103573, 0.03920700253449890121, -0.07874015748031493178 ) ) ;
#6287 = FILL_AREA_STYLE ('',( #2378 ) ) ;
#6288 = DIRECTION ( 'NONE',  ( 0.000000000000000000, 0.000000000000000000, 1.000000000000000000 ) ) ;
#6289 = VERTEX_POINT ( 'NONE', #5196 ) ;
#6290 = NEXT_ASSEMBLY_USAGE_OCCURRENCE ( 'NAUO1', ' ', ' ', #5377, #3871, $ ) ;
#6291 = NEXT_ASSEMBLY_USAGE_OCCURRENCE ( 'NAUO2', ' ', ' ', #5377, #4120, $ ) ;
#6292 = NEXT_ASSEMBLY_USAGE_OCCURRENCE ( 'NAUO3', ' ', ' ', #5377, #3184, $ ) ;
ENDSEC;
END-ISO-10303-21;
