-7.137533E-08,-1.4932464E-01
-7.132533E-08,-1.4932464E-01
-7.127533E-08,-1.4932464E-01
-7.122533E-08,-1.4932464E-01
-7.117533E-08,-1.4932464E-01
-7.112533E-08,-1.4932464E-01
-7.107533E-08,-1.4932464E-01
-7.102533E-08,-1.4932464E-01
-7.097533E-08,-1.4937735E-01
-7.092533E-08,-1.4937735E-01
-7.087533E-08,-1.4937735E-01
-7.082533E-08,-1.4943006E-01
-7.077533E-08,-1.4943006E-01
-7.072533E-08,-1.4943006E-01
-7.067533E-08,-1.4948277E-01
-7.062533E-08,-1.4948277E-01
-7.057533E-08,-1.4953548E-01
-7.052533E-08,-1.4953548E-01
-7.047533E-08,-1.4958819E-01
-7.042533E-08,-1.4958819E-01
-7.037533E-08,-1.4964090E-01
-7.032533E-08,-1.4964090E-01
-7.027533E-08,-1.4964090E-01
-7.022533E-08,-1.4969361E-01
-7.017533E-08,-1.4969361E-01
-7.012533E-08,-1.4969361E-01
-7.007533E-08,-1.4969361E-01
-7.002533E-08,-1.4969361E-01
-6.997533E-08,-1.4969361E-01
-6.992533E-08,-1.4969361E-01
-6.987533E-08,-1.4969361E-01
-6.982533E-08,-1.4969361E-01
-6.977533E-08,-1.4964090E-01
-6.972533E-08,-1.4964090E-01
-6.967533E-08,-1.4958819E-01
-6.962533E-08,-1.4953548E-01
-6.957533E-08,-1.4953548E-01
-6.952533E-08,-1.4948277E-01
-6.947533E-08,-1.4943006E-01
-6.942533E-08,-1.4937735E-01
-6.937533E-08,-1.4932464E-01
-6.932533E-08,-1.4927194E-01
-6.927533E-08,-1.4921923E-01
-6.922533E-08,-1.4916652E-01
-6.917533E-08,-1.4911381E-01
-6.912533E-08,-1.4906110E-01
-6.907533E-08,-1.4900839E-01
-6.902533E-08,-1.4895568E-01
-6.897533E-08,-1.4890297E-01
-6.892533E-08,-1.4885026E-01
-6.887533E-08,-1.4879755E-01
-6.882533E-08,-1.4874485E-01
-6.877533E-08,-1.4874485E-01
-6.872533E-08,-1.4869214E-01
-6.867533E-08,-1.4869214E-01
-6.862533E-08,-1.4863943E-01
-6.857533E-08,-1.4863943E-01
-6.852533E-08,-1.4863943E-01
-6.847533E-08,-1.4863943E-01
-6.842533E-08,-1.4863943E-01
-6.837533E-08,-1.4863943E-01
-6.832533E-08,-1.4863943E-01
-6.827533E-08,-1.4863943E-01
-6.822533E-08,-1.4869214E-01
-6.817533E-08,-1.4869214E-01
-6.812533E-08,-1.4874485E-01
-6.807533E-08,-1.4879755E-01
-6.802533E-08,-1.4879755E-01
-6.797533E-08,-1.4885026E-01
-6.792533E-08,-1.4890297E-01
-6.787533E-08,-1.4895568E-01
-6.782533E-08,-1.4900839E-01
-6.777533E-08,-1.4906110E-01
-6.772533E-08,-1.4911381E-01
-6.767533E-08,-1.4916652E-01
-6.762533E-08,-1.4921923E-01
-6.757533E-08,-1.4927194E-01
-6.752533E-08,-1.4932464E-01
-6.747533E-08,-1.4937735E-01
-6.742533E-08,-1.4937735E-01
-6.737533E-08,-1.4943006E-01
-6.732533E-08,-1.4948277E-01
-6.727533E-08,-1.4953548E-01
-6.722533E-08,-1.4953548E-01
-6.717533E-08,-1.4958819E-01
-6.712533E-08,-1.4958819E-01
-6.707533E-08,-1.4958819E-01
-6.702533E-08,-1.4958819E-01
-6.697533E-08,-1.4964090E-01
-6.692533E-08,-1.4964090E-01
-6.687533E-08,-1.4964090E-01
-6.682533E-08,-1.4964090E-01
-6.677533E-08,-1.4964090E-01
-6.672533E-08,-1.4958819E-01
-6.667533E-08,-1.4958819E-01
-6.662533E-08,-1.4958819E-01
-6.657533E-08,-1.4958819E-01
-6.652533E-08,-1.4953548E-01
-6.647533E-08,-1.4953548E-01
-6.642533E-08,-1.4948277E-01
-6.637533E-08,-1.4948277E-01
-6.632533E-08,-1.4948277E-01
-6.627533E-08,-1.4943006E-01
-6.622533E-08,-1.4943006E-01
-6.617533E-08,-1.4943006E-01
-6.612533E-08,-1.4937735E-01
-6.607533E-08,-1.4937735E-01
-6.602533E-08,-1.4937735E-01
-6.597533E-08,-1.4932464E-01
-6.592533E-08,-1.4932464E-01
-6.587533E-08,-1.4932464E-01
-6.582533E-08,-1.4932464E-01
-6.577533E-08,-1.4932464E-01
-6.572533E-08,-1.4932464E-01
-6.567533E-08,-1.4932464E-01
-6.562533E-08,-1.4932464E-01
-6.557533E-08,-1.4932464E-01
-6.552533E-08,-1.4937735E-01
-6.547533E-08,-1.4937735E-01
-6.542533E-08,-1.4937735E-01
-6.537533E-08,-1.4937735E-01
-6.532533E-08,-1.4943006E-01
-6.527533E-08,-1.4943006E-01
-6.522533E-08,-1.4948277E-01
-6.517533E-08,-1.4948277E-01
-6.512533E-08,-1.4948277E-01
-6.507533E-08,-1.4953548E-01
-6.502533E-08,-1.4953548E-01
-6.497533E-08,-1.4958819E-01
-6.492533E-08,-1.4958819E-01
-6.487533E-08,-1.4958819E-01
-6.482533E-08,-1.4964090E-01
-6.477533E-08,-1.4964090E-01
-6.472533E-08,-1.4964090E-01
-6.467533E-08,-1.4964090E-01
-6.462533E-08,-1.4969361E-01
-6.457533E-08,-1.4969361E-01
-6.452533E-08,-1.4969361E-01
-6.447533E-08,-1.4969361E-01
-6.442533E-08,-1.4969361E-01
-6.437533E-08,-1.4969361E-01
-6.432533E-08,-1.4969361E-01
-6.427533E-08,-1.4974632E-01
-6.422533E-08,-1.4974632E-01
-6.417533E-08,-1.4974632E-01
-6.412533E-08,-1.4974632E-01
-6.407533E-08,-1.4974632E-01
-6.402533E-08,-1.4969361E-01
-6.397533E-08,-1.4969361E-01
-6.392533E-08,-1.4969361E-01
-6.387533E-08,-1.4969361E-01
-6.382533E-08,-1.4969361E-01
-6.377533E-08,-1.4969361E-01
-6.372533E-08,-1.4969361E-01
-6.367533E-08,-1.4969361E-01
-6.362533E-08,-1.4969361E-01
-6.357533E-08,-1.4969361E-01
-6.352533E-08,-1.4969361E-01
-6.347533E-08,-1.4964090E-01
-6.342533E-08,-1.4964090E-01
-6.337533E-08,-1.4964090E-01
-6.332533E-08,-1.4964090E-01
-6.327533E-08,-1.4964090E-01
-6.322533E-08,-1.4964090E-01
-6.317533E-08,-1.4964090E-01
-6.312533E-08,-1.4964090E-01
-6.307533E-08,-1.4958819E-01
-6.302533E-08,-1.4958819E-01
-6.297533E-08,-1.4958819E-01
-6.292533E-08,-1.4958819E-01
-6.287533E-08,-1.4958819E-01
-6.282533E-08,-1.4958819E-01
-6.277533E-08,-1.4953548E-01
-6.272533E-08,-1.4953548E-01
-6.267533E-08,-1.4953548E-01
-6.262533E-08,-1.4953548E-01
-6.257533E-08,-1.4948277E-01
-6.252533E-08,-1.4948277E-01
-6.247533E-08,-1.4948277E-01
-6.242533E-08,-1.4943006E-01
-6.237533E-08,-1.4943006E-01
-6.232533E-08,-1.4943006E-01
-6.227533E-08,-1.4937735E-01
-6.222533E-08,-1.4937735E-01
-6.217533E-08,-1.4937735E-01
-6.212533E-08,-1.4932464E-01
-6.207533E-08,-1.4932464E-01
-6.202533E-08,-1.4932464E-01
-6.197533E-08,-1.4927194E-01
-6.192533E-08,-1.4927194E-01
-6.187533E-08,-1.4927194E-01
-6.182533E-08,-1.4927194E-01
-6.177533E-08,-1.4927194E-01
-6.172533E-08,-1.4927194E-01
-6.167533E-08,-1.4921923E-01
-6.162533E-08,-1.4921923E-01
-6.157533E-08,-1.4921923E-01
-6.152533E-08,-1.4921923E-01
-6.147533E-08,-1.4921923E-01
-6.142533E-08,-1.4927194E-01
-6.137533E-08,-1.4927194E-01
-6.132533E-08,-1.4927194E-01
-6.127533E-08,-1.4927194E-01
-6.122533E-08,-1.4927194E-01
-6.117533E-08,-1.4927194E-01
-6.112533E-08,-1.4927194E-01
-6.107533E-08,-1.4927194E-01
-6.102533E-08,-1.4932464E-01
-6.097533E-08,-1.4932464E-01
-6.092533E-08,-1.4932464E-01
-6.087533E-08,-1.4932464E-01
-6.082533E-08,-1.4932464E-01
-6.077533E-08,-1.4932464E-01
-6.072533E-08,-1.4932464E-01
-6.067533E-08,-1.4932464E-01
-6.062533E-08,-1.4932464E-01
-6.057533E-08,-1.4927194E-01
-6.052533E-08,-1.4927194E-01
-6.047533E-08,-1.4927194E-01
-6.042533E-08,-1.4921923E-01
-6.037533E-08,-1.4921923E-01
-6.032533E-08,-1.4921923E-01
-6.027533E-08,-1.4916652E-01
-6.022533E-08,-1.4916652E-01
-6.017533E-08,-1.4911381E-01
-6.012533E-08,-1.4911381E-01
-6.007533E-08,-1.4906110E-01
-6.002533E-08,-1.4900839E-01
-5.997533E-08,-1.4900839E-01
-5.992533E-08,-1.4895568E-01
-5.987533E-08,-1.4895568E-01
-5.982533E-08,-1.4890297E-01
-5.977533E-08,-1.4890297E-01
-5.972533E-08,-1.4885026E-01
-5.967533E-08,-1.4885026E-01
-5.962533E-08,-1.4879755E-01
-5.957533E-08,-1.4879755E-01
-5.952533E-08,-1.4879755E-01
-5.947533E-08,-1.4879755E-01
-5.942533E-08,-1.4879755E-01
-5.937533E-08,-1.4874485E-01
-5.932533E-08,-1.4874485E-01
-5.927533E-08,-1.4879755E-01
-5.922533E-08,-1.4879755E-01
-5.917533E-08,-1.4879755E-01
-5.912533E-08,-1.4879755E-01
-5.907533E-08,-1.4885026E-01
-5.902533E-08,-1.4885026E-01
-5.897533E-08,-1.4885026E-01
-5.892533E-08,-1.4890297E-01
-5.887533E-08,-1.4890297E-01
-5.882533E-08,-1.4895568E-01
-5.877533E-08,-1.4900839E-01
-5.872533E-08,-1.4900839E-01
-5.867533E-08,-1.4906110E-01
-5.862533E-08,-1.4911381E-01
-5.857533E-08,-1.4911381E-01
-5.852533E-08,-1.4916652E-01
-5.847533E-08,-1.4916652E-01
-5.842533E-08,-1.4921923E-01
-5.837533E-08,-1.4927194E-01
-5.832533E-08,-1.4927194E-01
-5.827533E-08,-1.4932464E-01
-5.822533E-08,-1.4932464E-01
-5.817533E-08,-1.4937735E-01
-5.812533E-08,-1.4937735E-01
-5.807533E-08,-1.4937735E-01
-5.802533E-08,-1.4943006E-01
-5.797533E-08,-1.4943006E-01
-5.792533E-08,-1.4943006E-01
-5.787533E-08,-1.4948277E-01
-5.782533E-08,-1.4948277E-01
-5.777533E-08,-1.4948277E-01
-5.772533E-08,-1.4948277E-01
-5.767533E-08,-1.4953548E-01
-5.762533E-08,-1.4953548E-01
-5.757533E-08,-1.4953548E-01
-5.752533E-08,-1.4953548E-01
-5.747533E-08,-1.4958819E-01
-5.742533E-08,-1.4958819E-01
-5.737533E-08,-1.4958819E-01
-5.732533E-08,-1.4958819E-01
-5.727533E-08,-1.4964090E-01
-5.722533E-08,-1.4964090E-01
-5.717533E-08,-1.4969361E-01
-5.712533E-08,-1.4969361E-01
-5.707533E-08,-1.4974632E-01
-5.702533E-08,-1.4974632E-01
-5.697533E-08,-1.4979903E-01
-5.692533E-08,-1.4979903E-01
-5.687533E-08,-1.4985173E-01
-5.682533E-08,-1.4985173E-01
-5.677533E-08,-1.4990444E-01
-5.672533E-08,-1.4995715E-01
-5.667533E-08,-1.4995715E-01
-5.662533E-08,-1.5000986E-01
-5.657533E-08,-1.5000986E-01
-5.652533E-08,-1.5006257E-01
-5.647533E-08,-1.5006257E-01
-5.642533E-08,-1.5006257E-01
-5.637533E-08,-1.5011528E-01
-5.632533E-08,-1.5011528E-01
-5.627533E-08,-1.5011528E-01
-5.622533E-08,-1.5011528E-01
-5.617533E-08,-1.5011528E-01
-5.612533E-08,-1.5011528E-01
-5.607533E-08,-1.5006257E-01
-5.602533E-08,-1.5006257E-01
-5.597533E-08,-1.5006257E-01
-5.592533E-08,-1.5000986E-01
-5.587533E-08,-1.5000986E-01
-5.582533E-08,-1.4995715E-01
-5.577533E-08,-1.4990444E-01
-5.572533E-08,-1.4985173E-01
-5.567533E-08,-1.4985173E-01
-5.562533E-08,-1.4979903E-01
-5.557533E-08,-1.4974632E-01
-5.552533E-08,-1.4969361E-01
-5.547533E-08,-1.4964090E-01
-5.542533E-08,-1.4958819E-01
-5.537533E-08,-1.4953548E-01
-5.532533E-08,-1.4948277E-01
-5.527533E-08,-1.4943006E-01
-5.522533E-08,-1.4937735E-01
-5.517533E-08,-1.4932464E-01
-5.512533E-08,-1.4932464E-01
-5.507533E-08,-1.4927194E-01
-5.502533E-08,-1.4921923E-01
-5.497533E-08,-1.4921923E-01
-5.492533E-08,-1.4916652E-01
-5.487533E-08,-1.4916652E-01
-5.482533E-08,-1.4916652E-01
-5.477533E-08,-1.4911381E-01
-5.472533E-08,-1.4911381E-01
-5.467533E-08,-1.4911381E-01
-5.462533E-08,-1.4911381E-01
-5.457533E-08,-1.4911381E-01
-5.452533E-08,-1.4911381E-01
-5.447533E-08,-1.4916652E-01
-5.442533E-08,-1.4916652E-01
-5.437533E-08,-1.4916652E-01
-5.432533E-08,-1.4921923E-01
-5.427533E-08,-1.4921923E-01
-5.422533E-08,-1.4921923E-01
-5.417533E-08,-1.4927194E-01
-5.412533E-08,-1.4927194E-01
-5.407533E-08,-1.4927194E-01
-5.402533E-08,-1.4932464E-01
-5.397533E-08,-1.4932464E-01
-5.392533E-08,-1.4932464E-01
-5.387533E-08,-1.4932464E-01
-5.382533E-08,-1.4932464E-01
-5.377533E-08,-1.4932464E-01
-5.372533E-08,-1.4932464E-01
-5.367533E-08,-1.4932464E-01
-5.362533E-08,-1.4932464E-01
-5.357533E-08,-1.4927194E-01
-5.352533E-08,-1.4927194E-01
-5.347533E-08,-1.4927194E-01
-5.342533E-08,-1.4921923E-01
-5.337533E-08,-1.4921923E-01
-5.332533E-08,-1.4916652E-01
-5.327533E-08,-1.4916652E-01
-5.322533E-08,-1.4911381E-01
-5.317533E-08,-1.4911381E-01
-5.312533E-08,-1.4906110E-01
-5.307533E-08,-1.4906110E-01
-5.302533E-08,-1.4900839E-01
-5.297533E-08,-1.4900839E-01
-5.292533E-08,-1.4895568E-01
-5.287533E-08,-1.4895568E-01
-5.282533E-08,-1.4895568E-01
-5.277533E-08,-1.4890297E-01
-5.272533E-08,-1.4890297E-01
-5.267533E-08,-1.4890297E-01
-5.262533E-08,-1.4890297E-01
-5.257533E-08,-1.4895568E-01
-5.252533E-08,-1.4895568E-01
-5.247533E-08,-1.4895568E-01
-5.242533E-08,-1.4900839E-01
-5.237533E-08,-1.4900839E-01
-5.232533E-08,-1.4906110E-01
-5.227533E-08,-1.4911381E-01
-5.222533E-08,-1.4911381E-01
-5.217533E-08,-1.4916652E-01
-5.212533E-08,-1.4921923E-01
-5.207533E-08,-1.4927194E-01
-5.202533E-08,-1.4932464E-01
-5.197533E-08,-1.4937735E-01
-5.192533E-08,-1.4948277E-01
-5.187533E-08,-1.4953548E-01
-5.182533E-08,-1.4958819E-01
-5.177533E-08,-1.4964090E-01
-5.172533E-08,-1.4969361E-01
-5.167533E-08,-1.4974632E-01
-5.162533E-08,-1.4979903E-01
-5.157533E-08,-1.4985173E-01
-5.152533E-08,-1.4990444E-01
-5.147533E-08,-1.4995715E-01
-5.142533E-08,-1.5000986E-01
-5.137533E-08,-1.5006257E-01
-5.132533E-08,-1.5006257E-01
-5.127533E-08,-1.5011528E-01
-5.122533E-08,-1.5011528E-01
-5.117533E-08,-1.5016799E-01
-5.112533E-08,-1.5016799E-01
-5.107533E-08,-1.5022070E-01
-5.102533E-08,-1.5022070E-01
-5.097533E-08,-1.5022070E-01
-5.092533E-08,-1.5022070E-01
-5.087533E-08,-1.5022070E-01
-5.082533E-08,-1.5022070E-01
-5.077533E-08,-1.5022070E-01
-5.072533E-08,-1.5022070E-01
-5.067533E-08,-1.5022070E-01
-5.062533E-08,-1.5022070E-01
-5.057533E-08,-1.5022070E-01
-5.052533E-08,-1.5022070E-01
-5.047533E-08,-1.5022070E-01
-5.042533E-08,-1.5016799E-01
-5.037533E-08,-1.5016799E-01
-5.032533E-08,-1.5016799E-01
-5.027533E-08,-1.5016799E-01
-5.022533E-08,-1.5011528E-01
-5.017533E-08,-1.5011528E-01
-5.012533E-08,-1.5011528E-01
-5.007533E-08,-1.5011528E-01
-5.002533E-08,-1.5006257E-01
-4.997533E-08,-1.5006257E-01
-4.992533E-08,-1.5006257E-01
-4.987533E-08,-1.5000986E-01
-4.982533E-08,-1.5000986E-01
-4.977533E-08,-1.5000986E-01
-4.972533E-08,-1.4995715E-01
-4.967533E-08,-1.4995715E-01
-4.962533E-08,-1.4990444E-01
-4.957533E-08,-1.4990444E-01
-4.952533E-08,-1.4985173E-01
-4.947533E-08,-1.4985173E-01
-4.942533E-08,-1.4979903E-01
-4.937533E-08,-1.4979903E-01
-4.932533E-08,-1.4974632E-01
-4.927533E-08,-1.4969361E-01
-4.922533E-08,-1.4964090E-01
-4.917533E-08,-1.4964090E-01
-4.912533E-08,-1.4958819E-01
-4.907533E-08,-1.4953548E-01
-4.902533E-08,-1.4948277E-01
-4.897533E-08,-1.4948277E-01
-4.892533E-08,-1.4943006E-01
-4.887533E-08,-1.4937735E-01
-4.882533E-08,-1.4932464E-01
-4.877533E-08,-1.4927194E-01
-4.872533E-08,-1.4921923E-01
-4.867533E-08,-1.4921923E-01
-4.862533E-08,-1.4916652E-01
-4.857533E-08,-1.4911381E-01
-4.852533E-08,-1.4911381E-01
-4.847533E-08,-1.4906110E-01
-4.842533E-08,-1.4900839E-01
-4.837533E-08,-1.4900839E-01
-4.832533E-08,-1.4895568E-01
-4.827533E-08,-1.4895568E-01
-4.822533E-08,-1.4895568E-01
-4.817533E-08,-1.4895568E-01
-4.812533E-08,-1.4890297E-01
-4.807533E-08,-1.4890297E-01
-4.802533E-08,-1.4890297E-01
-4.797533E-08,-1.4890297E-01
-4.792533E-08,-1.4890297E-01
-4.787533E-08,-1.4895568E-01
-4.782533E-08,-1.4895568E-01
-4.777533E-08,-1.4895568E-01
-4.772533E-08,-1.4895568E-01
-4.767533E-08,-1.4900839E-01
-4.762533E-08,-1.4900839E-01
-4.757533E-08,-1.4906110E-01
-4.752533E-08,-1.4906110E-01
-4.747533E-08,-1.4911381E-01
-4.742533E-08,-1.4911381E-01
-4.737533E-08,-1.4916652E-01
-4.732533E-08,-1.4916652E-01
-4.727533E-08,-1.4921923E-01
-4.722533E-08,-1.4921923E-01
-4.717533E-08,-1.4927194E-01
-4.712533E-08,-1.4927194E-01
-4.707533E-08,-1.4932464E-01
-4.702533E-08,-1.4932464E-01
-4.697533E-08,-1.4932464E-01
-4.692533E-08,-1.4932464E-01
-4.687533E-08,-1.4937735E-01
-4.682533E-08,-1.4937735E-01
-4.677533E-08,-1.4937735E-01
-4.672533E-08,-1.4937735E-01
-4.667533E-08,-1.4937735E-01
-4.662533E-08,-1.4932464E-01
-4.657533E-08,-1.4932464E-01
-4.652533E-08,-1.4932464E-01
-4.647533E-08,-1.4932464E-01
-4.642533E-08,-1.4927194E-01
-4.637533E-08,-1.4927194E-01
-4.632533E-08,-1.4927194E-01
-4.627533E-08,-1.4921923E-01
-4.622533E-08,-1.4921923E-01
-4.617533E-08,-1.4916652E-01
-4.612533E-08,-1.4916652E-01
-4.607533E-08,-1.4911381E-01
-4.602533E-08,-1.4911381E-01
-4.597533E-08,-1.4906110E-01
-4.592533E-08,-1.4906110E-01
-4.587533E-08,-1.4900839E-01
-4.582533E-08,-1.4900839E-01
-4.577533E-08,-1.4900839E-01
-4.572533E-08,-1.4895568E-01
-4.567533E-08,-1.4895568E-01
-4.562533E-08,-1.4895568E-01
-4.557533E-08,-1.4895568E-01
-4.552533E-08,-1.4890297E-01
-4.547533E-08,-1.4890297E-01
-4.542533E-08,-1.4890297E-01
-4.537533E-08,-1.4890297E-01
-4.532533E-08,-1.4890297E-01
-4.527533E-08,-1.4890297E-01
-4.522533E-08,-1.4890297E-01
-4.517533E-08,-1.4890297E-01
-4.512533E-08,-1.4890297E-01
-4.507533E-08,-1.4890297E-01
-4.502533E-08,-1.4890297E-01
-4.497533E-08,-1.4890297E-01
-4.492533E-08,-1.4895568E-01
-4.487533E-08,-1.4895568E-01
-4.482533E-08,-1.4895568E-01
-4.477533E-08,-1.4895568E-01
-4.472533E-08,-1.4895568E-01
-4.467533E-08,-1.4895568E-01
-4.462533E-08,-1.4895568E-01
-4.457533E-08,-1.4900839E-01
-4.452533E-08,-1.4900839E-01
-4.447533E-08,-1.4900839E-01
-4.442533E-08,-1.4900839E-01
-4.437533E-08,-1.4900839E-01
-4.432533E-08,-1.4900839E-01
-4.427533E-08,-1.4900839E-01
-4.422533E-08,-1.4900839E-01
-4.417533E-08,-1.4900839E-01
-4.412533E-08,-1.4895568E-01
-4.407533E-08,-1.4895568E-01
-4.402533E-08,-1.4895568E-01
-4.397533E-08,-1.4895568E-01
-4.392533E-08,-1.4895568E-01
-4.387533E-08,-1.4895568E-01
-4.382533E-08,-1.4890297E-01
-4.377533E-08,-1.4890297E-01
-4.372533E-08,-1.4890297E-01
-4.367533E-08,-1.4890297E-01
-4.362533E-08,-1.4890297E-01
-4.357533E-08,-1.4885026E-01
-4.352533E-08,-1.4885026E-01
-4.347533E-08,-1.4885026E-01
-4.342533E-08,-1.4885026E-01
-4.337533E-08,-1.4885026E-01
-4.332533E-08,-1.4885026E-01
-4.327533E-08,-1.4879755E-01
-4.322533E-08,-1.4879755E-01
-4.317533E-08,-1.4879755E-01
-4.312533E-08,-1.4879755E-01
-4.307533E-08,-1.4879755E-01
-4.302533E-08,-1.4879755E-01
-4.297533E-08,-1.4879755E-01
-4.292533E-08,-1.4879755E-01
-4.287533E-08,-1.4879755E-01
-4.282533E-08,-1.4885026E-01
-4.277533E-08,-1.4885026E-01
-4.272533E-08,-1.4885026E-01
-4.267533E-08,-1.4885026E-01
-4.262533E-08,-1.4885026E-01
-4.257533E-08,-1.4885026E-01
-4.252533E-08,-1.4885026E-01
-4.247533E-08,-1.4885026E-01
-4.242533E-08,-1.4885026E-01
-4.237533E-08,-1.4885026E-01
-4.232533E-08,-1.4885026E-01
-4.227533E-08,-1.4885026E-01
-4.222533E-08,-1.4885026E-01
-4.217533E-08,-1.4885026E-01
-4.212533E-08,-1.4885026E-01
-4.207533E-08,-1.4885026E-01
-4.202533E-08,-1.4885026E-01
-4.197533E-08,-1.4885026E-01
-4.192533E-08,-1.4885026E-01
-4.187533E-08,-1.4885026E-01
-4.182533E-08,-1.4885026E-01
-4.177533E-08,-1.4885026E-01
-4.172533E-08,-1.4885026E-01
-4.167533E-08,-1.4885026E-01
-4.162533E-08,-1.4885026E-01
-4.157533E-08,-1.4885026E-01
-4.152533E-08,-1.4885026E-01
-4.147533E-08,-1.4885026E-01
-4.142533E-08,-1.4885026E-01
-4.137533E-08,-1.4885026E-01
-4.132533E-08,-1.4885026E-01
-4.127533E-08,-1.4885026E-01
-4.122533E-08,-1.4885026E-01
-4.117533E-08,-1.4890297E-01
-4.112533E-08,-1.4890297E-01
-4.107533E-08,-1.4890297E-01
-4.102533E-08,-1.4890297E-01
-4.097533E-08,-1.4895568E-01
-4.092533E-08,-1.4895568E-01
-4.087533E-08,-1.4895568E-01
-4.082533E-08,-1.4895568E-01
-4.077533E-08,-1.4900839E-01
-4.072533E-08,-1.4900839E-01
-4.067533E-08,-1.4900839E-01
-4.062533E-08,-1.4906110E-01
-4.057533E-08,-1.4906110E-01
-4.052533E-08,-1.4906110E-01
-4.047533E-08,-1.4906110E-01
-4.042533E-08,-1.4906110E-01
-4.037533E-08,-1.4906110E-01
-4.032533E-08,-1.4906110E-01
-4.027533E-08,-1.4906110E-01
-4.022533E-08,-1.4906110E-01
-4.017533E-08,-1.4906110E-01
-4.012533E-08,-1.4906110E-01
-4.007533E-08,-1.4906110E-01
-4.002533E-08,-1.4906110E-01
-3.997533E-08,-1.4900839E-01
-3.992533E-08,-1.4900839E-01
-3.987533E-08,-1.4900839E-01
-3.982533E-08,-1.4895568E-01
-3.977533E-08,-1.4895568E-01
-3.972533E-08,-1.4895568E-01
-3.967533E-08,-1.4890297E-01
-3.962533E-08,-1.4890297E-01
-3.957533E-08,-1.4885026E-01
-3.952533E-08,-1.4885026E-01
-3.947533E-08,-1.4879755E-01
-3.942533E-08,-1.4879755E-01
-3.937533E-08,-1.4879755E-01
-3.932533E-08,-1.4874485E-01
-3.927533E-08,-1.4874485E-01
-3.922533E-08,-1.4869214E-01
-3.917533E-08,-1.4869214E-01
-3.912533E-08,-1.4869214E-01
-3.907533E-08,-1.4869214E-01
-3.902533E-08,-1.4869214E-01
-3.897533E-08,-1.4863943E-01
-3.892533E-08,-1.4863943E-01
-3.887533E-08,-1.4863943E-01
-3.882533E-08,-1.4863943E-01
-3.877533E-08,-1.4863943E-01
-3.872533E-08,-1.4869214E-01
-3.867533E-08,-1.4869214E-01
-3.862533E-08,-1.4869214E-01
-3.857533E-08,-1.4869214E-01
-3.852533E-08,-1.4874485E-01
-3.847533E-08,-1.4874485E-01
-3.842533E-08,-1.4874485E-01
-3.837533E-08,-1.4879755E-01
-3.832533E-08,-1.4879755E-01
-3.827533E-08,-1.4879755E-01
-3.822533E-08,-1.4885026E-01
-3.817533E-08,-1.4885026E-01
-3.812533E-08,-1.4885026E-01
-3.807533E-08,-1.4890297E-01
-3.802533E-08,-1.4890297E-01
-3.797533E-08,-1.4890297E-01
-3.792533E-08,-1.4895568E-01
-3.787533E-08,-1.4895568E-01
-3.782533E-08,-1.4895568E-01
-3.777533E-08,-1.4895568E-01
-3.772533E-08,-1.4895568E-01
-3.767533E-08,-1.4900839E-01
-3.762533E-08,-1.4900839E-01
-3.757533E-08,-1.4900839E-01
-3.752533E-08,-1.4900839E-01
-3.747533E-08,-1.4900839E-01
-3.742533E-08,-1.4900839E-01
-3.737533E-08,-1.4900839E-01
-3.732533E-08,-1.4900839E-01
-3.727533E-08,-1.4900839E-01
-3.722533E-08,-1.4900839E-01
-3.717533E-08,-1.4900839E-01
-3.712533E-08,-1.4900839E-01
-3.707533E-08,-1.4906110E-01
-3.702533E-08,-1.4906110E-01
-3.697533E-08,-1.4906110E-01
-3.692533E-08,-1.4906110E-01
-3.687533E-08,-1.4906110E-01
-3.682533E-08,-1.4906110E-01
-3.677533E-08,-1.4906110E-01
-3.672533E-08,-1.4906110E-01
-3.667533E-08,-1.4906110E-01
-3.662533E-08,-1.4906110E-01
-3.657533E-08,-1.4906110E-01
-3.652533E-08,-1.4906110E-01
-3.647533E-08,-1.4906110E-01
-3.642533E-08,-1.4906110E-01
-3.637533E-08,-1.4906110E-01
-3.632533E-08,-1.4906110E-01
-3.627533E-08,-1.4906110E-01
-3.622533E-08,-1.4906110E-01
-3.617533E-08,-1.4900839E-01
-3.612533E-08,-1.4900839E-01
-3.607533E-08,-1.4900839E-01
-3.602533E-08,-1.4900839E-01
-3.597533E-08,-1.4900839E-01
-3.592533E-08,-1.4895568E-01
-3.587533E-08,-1.4895568E-01
-3.582533E-08,-1.4895568E-01
-3.577533E-08,-1.4890297E-01
-3.572533E-08,-1.4890297E-01
-3.567533E-08,-1.4890297E-01
-3.562533E-08,-1.4885026E-01
-3.557533E-08,-1.4885026E-01
-3.552533E-08,-1.4879755E-01
-3.547533E-08,-1.4879755E-01
-3.542533E-08,-1.4879755E-01
-3.537533E-08,-1.4874485E-01
-3.532533E-08,-1.4874485E-01
-3.527533E-08,-1.4874485E-01
-3.522533E-08,-1.4869214E-01
-3.517533E-08,-1.4869214E-01
-3.512533E-08,-1.4869214E-01
-3.507533E-08,-1.4863943E-01
-3.502533E-08,-1.4863943E-01
-3.497533E-08,-1.4863943E-01
-3.492533E-08,-1.4863943E-01
-3.487533E-08,-1.4863943E-01
-3.482533E-08,-1.4863943E-01
-3.477533E-08,-1.4863943E-01
-3.472533E-08,-1.4863943E-01
-3.467533E-08,-1.4863943E-01
-3.462533E-08,-1.4863943E-01
-3.457533E-08,-1.4863943E-01
-3.452533E-08,-1.4863943E-01
-3.447533E-08,-1.4869214E-01
-3.442533E-08,-1.4869214E-01
-3.437533E-08,-1.4869214E-01
-3.432533E-08,-1.4869214E-01
-3.427533E-08,-1.4874485E-01
-3.422533E-08,-1.4874485E-01
-3.417533E-08,-1.4874485E-01
-3.412533E-08,-1.4879755E-01
-3.407533E-08,-1.4879755E-01
-3.402533E-08,-1.4885026E-01
-3.397533E-08,-1.4885026E-01
-3.392533E-08,-1.4890297E-01
-3.387533E-08,-1.4890297E-01
-3.382533E-08,-1.4895568E-01
-3.377533E-08,-1.4895568E-01
-3.372533E-08,-1.4900839E-01
-3.367533E-08,-1.4900839E-01
-3.362533E-08,-1.4906110E-01
-3.357533E-08,-1.4906110E-01
-3.352533E-08,-1.4911381E-01
-3.347533E-08,-1.4916652E-01
-3.342533E-08,-1.4921923E-01
-3.337533E-08,-1.4921923E-01
-3.332533E-08,-1.4927194E-01
-3.327533E-08,-1.4932464E-01
-3.322533E-08,-1.4937735E-01
-3.317533E-08,-1.4943006E-01
-3.312533E-08,-1.4948277E-01
-3.307533E-08,-1.4953548E-01
-3.302533E-08,-1.4958819E-01
-3.297533E-08,-1.4964090E-01
-3.292533E-08,-1.4974632E-01
-3.287533E-08,-1.4979903E-01
-3.282533E-08,-1.4985173E-01
-3.277533E-08,-1.4990444E-01
-3.272533E-08,-1.5000986E-01
-3.267533E-08,-1.5006257E-01
-3.262533E-08,-1.5011528E-01
-3.257533E-08,-1.5016799E-01
-3.252533E-08,-1.5022070E-01
-3.247533E-08,-1.5027341E-01
-3.242533E-08,-1.5032612E-01
-3.237533E-08,-1.5037883E-01
-3.232533E-08,-1.5043153E-01
-3.227533E-08,-1.5048424E-01
-3.222533E-08,-1.5048424E-01
-3.217533E-08,-1.5053695E-01
-3.212533E-08,-1.5053695E-01
-3.207533E-08,-1.5053695E-01
-3.202533E-08,-1.5053695E-01
-3.197533E-08,-1.5053695E-01
-3.192533E-08,-1.5053695E-01
-3.187533E-08,-1.5048424E-01
-3.182533E-08,-1.5048424E-01
-3.177533E-08,-1.5043153E-01
-3.172533E-08,-1.5037883E-01
-3.167533E-08,-1.5037883E-01
-3.162533E-08,-1.5032612E-01
-3.157533E-08,-1.5022070E-01
-3.152533E-08,-1.5016799E-01
-3.147533E-08,-1.5011528E-01
-3.142533E-08,-1.5006257E-01
-3.137533E-08,-1.4995715E-01
-3.132533E-08,-1.4990444E-01
-3.127533E-08,-1.4985173E-01
-3.122533E-08,-1.4979903E-01
-3.117533E-08,-1.4969361E-01
-3.112533E-08,-1.4964090E-01
-3.107533E-08,-1.4958819E-01
-3.102533E-08,-1.4953548E-01
-3.097533E-08,-1.4948277E-01
-3.092533E-08,-1.4943006E-01
-3.087533E-08,-1.4937735E-01
-3.082533E-08,-1.4937735E-01
-3.077533E-08,-1.4932464E-01
-3.072533E-08,-1.4932464E-01
-3.067533E-08,-1.4932464E-01
-3.062533E-08,-1.4932464E-01
-3.057533E-08,-1.4932464E-01
-3.052533E-08,-1.4932464E-01
-3.047533E-08,-1.4932464E-01
-3.042533E-08,-1.4932464E-01
-3.037533E-08,-1.4937735E-01
-3.032533E-08,-1.4937735E-01
-3.027533E-08,-1.4943006E-01
-3.022533E-08,-1.4943006E-01
-3.017533E-08,-1.4948277E-01
-3.012533E-08,-1.4953548E-01
-3.007533E-08,-1.4953548E-01
-3.002533E-08,-1.4958819E-01
-2.997533E-08,-1.4958819E-01
-2.992533E-08,-1.4964090E-01
-2.987533E-08,-1.4964090E-01
-2.982533E-08,-1.4964090E-01
-2.977533E-08,-1.4964090E-01
-2.972533E-08,-1.4969361E-01
-2.967533E-08,-1.4969361E-01
-2.962533E-08,-1.4964090E-01
-2.957533E-08,-1.4964090E-01
-2.952533E-08,-1.4964090E-01
-2.947533E-08,-1.4958819E-01
-2.942533E-08,-1.4953548E-01
-2.937533E-08,-1.4953548E-01
-2.932533E-08,-1.4948277E-01
-2.927533E-08,-1.4943006E-01
-2.922533E-08,-1.4937735E-01
-2.917533E-08,-1.4932464E-01
-2.912533E-08,-1.4927194E-01
-2.907533E-08,-1.4921923E-01
-2.902533E-08,-1.4916652E-01
-2.897533E-08,-1.4911381E-01
-2.892533E-08,-1.4906110E-01
-2.887533E-08,-1.4900839E-01
-2.882533E-08,-1.4895568E-01
-2.877533E-08,-1.4890297E-01
-2.872533E-08,-1.4885026E-01
-2.867533E-08,-1.4879755E-01
-2.862533E-08,-1.4879755E-01
-2.857533E-08,-1.4874485E-01
-2.852533E-08,-1.4874485E-01
-2.847533E-08,-1.4874485E-01
-2.842533E-08,-1.4874485E-01
-2.837533E-08,-1.4874485E-01
-2.832533E-08,-1.4874485E-01
-2.827533E-08,-1.4879755E-01
-2.822533E-08,-1.4879755E-01
-2.817533E-08,-1.4885026E-01
-2.812533E-08,-1.4885026E-01
-2.807533E-08,-1.4890297E-01
-2.802533E-08,-1.4895568E-01
-2.797533E-08,-1.4900839E-01
-2.792533E-08,-1.4911381E-01
-2.787533E-08,-1.4916652E-01
-2.782533E-08,-1.4921923E-01
-2.777533E-08,-1.4927194E-01
-2.772533E-08,-1.4937735E-01
-2.767533E-08,-1.4943006E-01
-2.762533E-08,-1.4948277E-01
-2.757533E-08,-1.4953548E-01
-2.752533E-08,-1.4964090E-01
-2.747533E-08,-1.4969361E-01
-2.742533E-08,-1.4974632E-01
-2.737533E-08,-1.4979903E-01
-2.732533E-08,-1.4979903E-01
-2.727533E-08,-1.4985173E-01
-2.722533E-08,-1.4990444E-01
-2.717533E-08,-1.4990444E-01
-2.712533E-08,-1.4995715E-01
-2.707533E-08,-1.4995715E-01
-2.702533E-08,-1.4995715E-01
-2.697533E-08,-1.4995715E-01
-2.692533E-08,-1.4995715E-01
-2.687533E-08,-1.4995715E-01
-2.682533E-08,-1.4995715E-01
-2.677533E-08,-1.4990444E-01
-2.672533E-08,-1.4990444E-01
-2.667533E-08,-1.4985173E-01
-2.662533E-08,-1.4985173E-01
-2.657533E-08,-1.4979903E-01
-2.652533E-08,-1.4974632E-01
-2.647533E-08,-1.4969361E-01
-2.642533E-08,-1.4964090E-01
-2.637533E-08,-1.4958819E-01
-2.632533E-08,-1.4958819E-01
-2.627533E-08,-1.4953548E-01
-2.622533E-08,-1.4948277E-01
-2.617533E-08,-1.4943006E-01
-2.612533E-08,-1.4937735E-01
-2.607533E-08,-1.4932464E-01
-2.602533E-08,-1.4927194E-01
-2.597533E-08,-1.4927194E-01
-2.592533E-08,-1.4921923E-01
-2.587533E-08,-1.4916652E-01
-2.582533E-08,-1.4911381E-01
-2.577533E-08,-1.4911381E-01
-2.572533E-08,-1.4906110E-01
-2.567533E-08,-1.4906110E-01
-2.562533E-08,-1.4900839E-01
-2.557533E-08,-1.4900839E-01
-2.552533E-08,-1.4900839E-01
-2.547533E-08,-1.4900839E-01
-2.542533E-08,-1.4895568E-01
-2.537533E-08,-1.4895568E-01
-2.532533E-08,-1.4895568E-01
-2.527533E-08,-1.4895568E-01
-2.522533E-08,-1.4895568E-01
-2.517533E-08,-1.4895568E-01
-2.512533E-08,-1.4895568E-01
-2.507533E-08,-1.4895568E-01
-2.502533E-08,-1.4900839E-01
-2.497533E-08,-1.4900839E-01
-2.492533E-08,-1.4900839E-01
-2.487533E-08,-1.4900839E-01
-2.482533E-08,-1.4906110E-01
-2.477533E-08,-1.4906110E-01
-2.472533E-08,-1.4906110E-01
-2.467533E-08,-1.4906110E-01
-2.462533E-08,-1.4911381E-01
-2.457533E-08,-1.4911381E-01
-2.452533E-08,-1.4911381E-01
-2.447533E-08,-1.4911381E-01
-2.442533E-08,-1.4916652E-01
-2.437533E-08,-1.4916652E-01
-2.432533E-08,-1.4916652E-01
-2.427533E-08,-1.4916652E-01
-2.422533E-08,-1.4921923E-01
-2.417533E-08,-1.4921923E-01
-2.412533E-08,-1.4921923E-01
-2.407533E-08,-1.4921923E-01
-2.402533E-08,-1.4921923E-01
-2.397533E-08,-1.4921923E-01
-2.392533E-08,-1.4921923E-01
-2.387533E-08,-1.4921923E-01
-2.382533E-08,-1.4927194E-01
-2.377533E-08,-1.4927194E-01
-2.372533E-08,-1.4927194E-01
-2.367533E-08,-1.4927194E-01
-2.362533E-08,-1.4927194E-01
-2.357533E-08,-1.4927194E-01
-2.352533E-08,-1.4927194E-01
-2.347533E-08,-1.4927194E-01
-2.342533E-08,-1.4927194E-01
-2.337533E-08,-1.4927194E-01
-2.332533E-08,-1.4927194E-01
-2.327533E-08,-1.4927194E-01
-2.322533E-08,-1.4927194E-01
-2.317533E-08,-1.4927194E-01
-2.312533E-08,-1.4927194E-01
-2.307533E-08,-1.4927194E-01
-2.302533E-08,-1.4927194E-01
-2.297533E-08,-1.4927194E-01
-2.292533E-08,-1.4927194E-01
-2.287533E-08,-1.4927194E-01
-2.282533E-08,-1.4927194E-01
-2.277533E-08,-1.4927194E-01
-2.272533E-08,-1.4927194E-01
-2.267533E-08,-1.4927194E-01
-2.262533E-08,-1.4927194E-01
-2.257533E-08,-1.4927194E-01
-2.252533E-08,-1.4927194E-01
-2.247533E-08,-1.4927194E-01
-2.242533E-08,-1.4927194E-01
-2.237533E-08,-1.4921923E-01
-2.232533E-08,-1.4921923E-01
-2.227533E-08,-1.4921923E-01
-2.222533E-08,-1.4921923E-01
-2.217533E-08,-1.4921923E-01
-2.212533E-08,-1.4921923E-01
-2.207533E-08,-1.4916652E-01
-2.202533E-08,-1.4916652E-01
-2.197533E-08,-1.4916652E-01
-2.192533E-08,-1.4916652E-01
-2.187533E-08,-1.4916652E-01
-2.182533E-08,-1.4916652E-01
-2.177533E-08,-1.4916652E-01
-2.172533E-08,-1.4911381E-01
-2.167533E-08,-1.4911381E-01
-2.162533E-08,-1.4911381E-01
-2.157533E-08,-1.4911381E-01
-2.152533E-08,-1.4911381E-01
-2.147533E-08,-1.4911381E-01
-2.142533E-08,-1.4911381E-01
-2.137533E-08,-1.4916652E-01
-2.132533E-08,-1.4916652E-01
-2.127533E-08,-1.4916652E-01
-2.122533E-08,-1.4916652E-01
-2.117533E-08,-1.4921923E-01
-2.112533E-08,-1.4921923E-01
-2.107533E-08,-1.4921923E-01
-2.102533E-08,-1.4927194E-01
-2.097533E-08,-1.4927194E-01
-2.092533E-08,-1.4927194E-01
-2.087533E-08,-1.4932464E-01
-2.082533E-08,-1.4932464E-01
-2.077533E-08,-1.4937735E-01
-2.072533E-08,-1.4937735E-01
-2.067533E-08,-1.4943006E-01
-2.062533E-08,-1.4943006E-01
-2.057533E-08,-1.4948277E-01
-2.052533E-08,-1.4948277E-01
-2.047533E-08,-1.4948277E-01
-2.042533E-08,-1.4948277E-01
-2.037533E-08,-1.4953548E-01
-2.032533E-08,-1.4953548E-01
-2.027533E-08,-1.4953548E-01
-2.022533E-08,-1.4953548E-01
-2.017533E-08,-1.4953548E-01
-2.012533E-08,-1.4953548E-01
-2.007533E-08,-1.4953548E-01
-2.002533E-08,-1.4948277E-01
-1.997533E-08,-1.4948277E-01
-1.992533E-08,-1.4943006E-01
-1.987533E-08,-1.4943006E-01
-1.982533E-08,-1.4937735E-01
-1.977533E-08,-1.4937735E-01
-1.972533E-08,-1.4932464E-01
-1.967533E-08,-1.4927194E-01
-1.962533E-08,-1.4927194E-01
-1.957533E-08,-1.4921923E-01
-1.952533E-08,-1.4916652E-01
-1.947533E-08,-1.4911381E-01
-1.942533E-08,-1.4911381E-01
-1.937533E-08,-1.4906110E-01
-1.932533E-08,-1.4900839E-01
-1.927533E-08,-1.4900839E-01
-1.922533E-08,-1.4895568E-01
-1.917533E-08,-1.4895568E-01
-1.912533E-08,-1.4890297E-01
-1.907533E-08,-1.4890297E-01
-1.902533E-08,-1.4885026E-01
-1.897533E-08,-1.4885026E-01
-1.892533E-08,-1.4885026E-01
-1.887533E-08,-1.4885026E-01
-1.882533E-08,-1.4885026E-01
-1.877533E-08,-1.4885026E-01
-1.872533E-08,-1.4885026E-01
-1.867533E-08,-1.4885026E-01
-1.862533E-08,-1.4885026E-01
-1.857533E-08,-1.4890297E-01
-1.852533E-08,-1.4890297E-01
-1.847533E-08,-1.4895568E-01
-1.842533E-08,-1.4895568E-01
-1.837533E-08,-1.4900839E-01
-1.832533E-08,-1.4906110E-01
-1.827533E-08,-1.4906110E-01
-1.822533E-08,-1.4911381E-01
-1.817533E-08,-1.4916652E-01
-1.812533E-08,-1.4916652E-01
-1.807533E-08,-1.4921923E-01
-1.802533E-08,-1.4927194E-01
-1.797533E-08,-1.4927194E-01
-1.792533E-08,-1.4932464E-01
-1.787533E-08,-1.4937735E-01
-1.782533E-08,-1.4937735E-01
-1.777533E-08,-1.4943006E-01
-1.772533E-08,-1.4948277E-01
-1.767533E-08,-1.4948277E-01
-1.762533E-08,-1.4953548E-01
-1.757533E-08,-1.4953548E-01
-1.752533E-08,-1.4958819E-01
-1.747533E-08,-1.4958819E-01
-1.742533E-08,-1.4964090E-01
-1.737533E-08,-1.4964090E-01
-1.732533E-08,-1.4969361E-01
-1.727533E-08,-1.4969361E-01
-1.722533E-08,-1.4974632E-01
-1.717533E-08,-1.4974632E-01
-1.712533E-08,-1.4974632E-01
-1.707533E-08,-1.4979903E-01
-1.702533E-08,-1.4979903E-01
-1.697533E-08,-1.4979903E-01
-1.692533E-08,-1.4979903E-01
-1.687533E-08,-1.4985173E-01
-1.682533E-08,-1.4985173E-01
-1.677533E-08,-1.4985173E-01
-1.672533E-08,-1.4985173E-01
-1.667533E-08,-1.4985173E-01
-1.662533E-08,-1.4990444E-01
-1.657533E-08,-1.4990444E-01
-1.652533E-08,-1.4990444E-01
-1.647533E-08,-1.4990444E-01
-1.642533E-08,-1.4990444E-01
-1.637533E-08,-1.4990444E-01
-1.632533E-08,-1.4990444E-01
-1.627533E-08,-1.4990444E-01
-1.622533E-08,-1.4990444E-01
-1.617533E-08,-1.4990444E-01
-1.612533E-08,-1.4990444E-01
-1.607533E-08,-1.4990444E-01
-1.602533E-08,-1.4990444E-01
-1.597533E-08,-1.4990444E-01
-1.592533E-08,-1.4990444E-01
-1.587533E-08,-1.4990444E-01
-1.582533E-08,-1.4990444E-01
-1.577533E-08,-1.4990444E-01
-1.572533E-08,-1.4990444E-01
-1.567533E-08,-1.4985173E-01
-1.562533E-08,-1.4985173E-01
-1.557533E-08,-1.4985173E-01
-1.552533E-08,-1.4985173E-01
-1.547533E-08,-1.4979903E-01
-1.542533E-08,-1.4979903E-01
-1.537533E-08,-1.4979903E-01
-1.532533E-08,-1.4979903E-01
-1.527533E-08,-1.4974632E-01
-1.522533E-08,-1.4974632E-01
-1.517533E-08,-1.4974632E-01
-1.512533E-08,-1.4974632E-01
-1.507533E-08,-1.4969361E-01
-1.502533E-08,-1.4969361E-01
-1.497533E-08,-1.4969361E-01
-1.492533E-08,-1.4969361E-01
-1.487533E-08,-1.4964090E-01
-1.482533E-08,-1.4964090E-01
-1.477533E-08,-1.4964090E-01
-1.472533E-08,-1.4964090E-01
-1.467533E-08,-1.4964090E-01
-1.462533E-08,-1.4958819E-01
-1.457533E-08,-1.4958819E-01
-1.452533E-08,-1.4958819E-01
-1.447533E-08,-1.4958819E-01
-1.442533E-08,-1.4958819E-01
-1.437533E-08,-1.4958819E-01
-1.432533E-08,-1.4958819E-01
-1.427533E-08,-1.4958819E-01
-1.422533E-08,-1.4958819E-01
-1.417533E-08,-1.4958819E-01
-1.412533E-08,-1.4958819E-01
-1.407533E-08,-1.4958819E-01
-1.402533E-08,-1.4958819E-01
-1.397533E-08,-1.4958819E-01
-1.392533E-08,-1.4958819E-01
-1.387533E-08,-1.4958819E-01
-1.382533E-08,-1.4964090E-01
-1.377533E-08,-1.4964090E-01
-1.372533E-08,-1.4964090E-01
-1.367533E-08,-1.4964090E-01
-1.362533E-08,-1.4969361E-01
-1.357533E-08,-1.4969361E-01
-1.352533E-08,-1.4974632E-01
-1.347533E-08,-1.4974632E-01
-1.342533E-08,-1.4974632E-01
-1.337533E-08,-1.4979903E-01
-1.332533E-08,-1.4979903E-01
-1.327533E-08,-1.4985173E-01
-1.322533E-08,-1.4985173E-01
-1.317533E-08,-1.4990444E-01
-1.312533E-08,-1.4990444E-01
-1.307533E-08,-1.4990444E-01
-1.302533E-08,-1.4995715E-01
-1.297533E-08,-1.4995715E-01
-1.292533E-08,-1.4995715E-01
-1.287533E-08,-1.4995715E-01
-1.282533E-08,-1.4995715E-01
-1.277533E-08,-1.4995715E-01
-1.272533E-08,-1.4995715E-01
-1.267533E-08,-1.4995715E-01
-1.262533E-08,-1.4990444E-01
-1.257533E-08,-1.4990444E-01
-1.252533E-08,-1.4990444E-01
-1.247533E-08,-1.4985173E-01
-1.242533E-08,-1.4979903E-01
-1.237533E-08,-1.4979903E-01
-1.232533E-08,-1.4974632E-01
-1.227533E-08,-1.4969361E-01
-1.222533E-08,-1.4964090E-01
-1.217533E-08,-1.4958819E-01
-1.212533E-08,-1.4953548E-01
-1.207533E-08,-1.4948277E-01
-1.202533E-08,-1.4943006E-01
-1.197533E-08,-1.4937735E-01
-1.192533E-08,-1.4932464E-01
-1.187533E-08,-1.4927194E-01
-1.182533E-08,-1.4921923E-01
-1.177533E-08,-1.4916652E-01
-1.172533E-08,-1.4911381E-01
-1.167533E-08,-1.4906110E-01
-1.162533E-08,-1.4906110E-01
-1.157533E-08,-1.4900839E-01
-1.152533E-08,-1.4895568E-01
-1.147533E-08,-1.4895568E-01
-1.142533E-08,-1.4890297E-01
-1.137533E-08,-1.4890297E-01
-1.132533E-08,-1.4890297E-01
-1.127533E-08,-1.4885026E-01
-1.122533E-08,-1.4885026E-01
-1.117533E-08,-1.4885026E-01
-1.112533E-08,-1.4885026E-01
-1.107533E-08,-1.4885026E-01
-1.102533E-08,-1.4890297E-01
-1.097533E-08,-1.4890297E-01
-1.092533E-08,-1.4890297E-01
-1.087533E-08,-1.4895568E-01
-1.082533E-08,-1.4895568E-01
-1.077533E-08,-1.4895568E-01
-1.072533E-08,-1.4900839E-01
-1.067533E-08,-1.4900839E-01
-1.062533E-08,-1.4906110E-01
-1.057533E-08,-1.4906110E-01
-1.052533E-08,-1.4911381E-01
-1.047533E-08,-1.4911381E-01
-1.042533E-08,-1.4911381E-01
-1.037533E-08,-1.4916652E-01
-1.032533E-08,-1.4916652E-01
-1.027533E-08,-1.4916652E-01
-1.022533E-08,-1.4916652E-01
-1.017533E-08,-1.4916652E-01
-1.012533E-08,-1.4916652E-01
-1.007533E-08,-1.4916652E-01
-1.002533E-08,-1.4916652E-01
-9.97533E-09,-1.4916652E-01
-9.92533E-09,-1.4916652E-01
-9.87533E-09,-1.4916652E-01
-9.82533E-09,-1.4911381E-01
-9.77533E-09,-1.4911381E-01
-9.72533E-09,-1.4906110E-01
-9.67533E-09,-1.4906110E-01
-9.62533E-09,-1.4906110E-01
-9.57533E-09,-1.4900839E-01
-9.52533E-09,-1.4900839E-01
-9.47533E-09,-1.4895568E-01
-9.42533E-09,-1.4895568E-01
-9.37533E-09,-1.4895568E-01
-9.32533E-09,-1.4890297E-01
-9.27533E-09,-1.4890297E-01
-9.22533E-09,-1.4890297E-01
-9.17533E-09,-1.4885026E-01
-9.12533E-09,-1.4885026E-01
-9.07533E-09,-1.4885026E-01
-9.02533E-09,-1.4885026E-01
-8.97533E-09,-1.4885026E-01
-8.92533E-09,-1.4885026E-01
-8.87533E-09,-1.4885026E-01
-8.82533E-09,-1.4885026E-01
-8.77533E-09,-1.4885026E-01
-8.72533E-09,-1.4890297E-01
-8.67533E-09,-1.4890297E-01
-8.62533E-09,-1.4890297E-01
-8.57533E-09,-1.4890297E-01
-8.52533E-09,-1.4895568E-01
-8.47533E-09,-1.4895568E-01
-8.42533E-09,-1.4895568E-01
-8.37533E-09,-1.4900839E-01
-8.32533E-09,-1.4900839E-01
-8.27533E-09,-1.4900839E-01
-8.22533E-09,-1.4906110E-01
-8.17533E-09,-1.4906110E-01
-8.12533E-09,-1.4911381E-01
-8.07533E-09,-1.4911381E-01
-8.02533E-09,-1.4911381E-01
-7.97533E-09,-1.4916652E-01
-7.92533E-09,-1.4916652E-01
-7.87533E-09,-1.4921923E-01
-7.82533E-09,-1.4921923E-01
-7.77533E-09,-1.4921923E-01
-7.72533E-09,-1.4927194E-01
-7.67533E-09,-1.4927194E-01
-7.62533E-09,-1.4927194E-01
-7.57533E-09,-1.4932464E-01
-7.52533E-09,-1.4932464E-01
-7.47533E-09,-1.4932464E-01
-7.42533E-09,-1.4937735E-01
-7.37533E-09,-1.4937735E-01
-7.32533E-09,-1.4937735E-01
-7.27533E-09,-1.4937735E-01
-7.22533E-09,-1.4943006E-01
-7.17533E-09,-1.4943006E-01
-7.12533E-09,-1.4943006E-01
-7.07533E-09,-1.4943006E-01
-7.02533E-09,-1.4948277E-01
-6.97533E-09,-1.4948277E-01
-6.92533E-09,-1.4948277E-01
-6.87533E-09,-1.4948277E-01
-6.82533E-09,-1.4948277E-01
-6.77533E-09,-1.4948277E-01
-6.72533E-09,-1.4948277E-01
-6.67533E-09,-1.4948277E-01
-6.62533E-09,-1.4948277E-01
-6.57533E-09,-1.4948277E-01
-6.52533E-09,-1.4948277E-01
-6.47533E-09,-1.4948277E-01
-6.42533E-09,-1.4948277E-01
-6.37533E-09,-1.4948277E-01
-6.32533E-09,-1.4948277E-01
-6.27533E-09,-1.4943006E-01
-6.22533E-09,-1.4943006E-01
-6.17533E-09,-1.4943006E-01
-6.12533E-09,-1.4943006E-01
-6.07533E-09,-1.4943006E-01
-6.02533E-09,-1.4943006E-01
-5.97533E-09,-1.4943006E-01
-5.92533E-09,-1.4943006E-01
-5.87533E-09,-1.4943006E-01
-5.82533E-09,-1.4943006E-01
-5.77533E-09,-1.4943006E-01
-5.72533E-09,-1.4943006E-01
-5.67533E-09,-1.4943006E-01
-5.62533E-09,-1.4943006E-01
-5.57533E-09,-1.4948277E-01
-5.52533E-09,-1.4948277E-01
-5.47533E-09,-1.4948277E-01
-5.42533E-09,-1.4953548E-01
-5.37533E-09,-1.4953548E-01
-5.32533E-09,-1.4958819E-01
-5.27533E-09,-1.4958819E-01
-5.22533E-09,-1.4964090E-01
-5.17533E-09,-1.4964090E-01
-5.12533E-09,-1.4969361E-01
-5.07533E-09,-1.4969361E-01
-5.02533E-09,-1.4974632E-01
-4.97533E-09,-1.4974632E-01
-4.92533E-09,-1.4979903E-01
-4.87533E-09,-1.4985173E-01
-4.82533E-09,-1.4985173E-01
-4.77533E-09,-1.4990444E-01
-4.72533E-09,-1.4990444E-01
-4.67533E-09,-1.4995715E-01
-4.62533E-09,-1.4995715E-01
-4.57533E-09,-1.4995715E-01
-4.52533E-09,-1.5000986E-01
-4.47533E-09,-1.5000986E-01
-4.42533E-09,-1.5000986E-01
-4.37533E-09,-1.5000986E-01
-4.32533E-09,-1.5000986E-01
-4.27533E-09,-1.5000986E-01
-4.22533E-09,-1.5000986E-01
-4.17533E-09,-1.4995715E-01
-4.12533E-09,-1.4995715E-01
-4.07533E-09,-1.4995715E-01
-4.02533E-09,-1.4990444E-01
-3.97533E-09,-1.4990444E-01
-3.92533E-09,-1.4985173E-01
-3.87533E-09,-1.4985173E-01
-3.82533E-09,-1.4979903E-01
-3.77533E-09,-1.4979903E-01
-3.72533E-09,-1.4974632E-01
-3.67533E-09,-1.4969361E-01
-3.62533E-09,-1.4969361E-01
-3.57533E-09,-1.4964090E-01
-3.52533E-09,-1.4964090E-01
-3.47533E-09,-1.4958819E-01
-3.42533E-09,-1.4953548E-01
-3.37533E-09,-1.4953548E-01
-3.32533E-09,-1.4948277E-01
-3.27533E-09,-1.4948277E-01
-3.22533E-09,-1.4943006E-01
-3.17533E-09,-1.4943006E-01
-3.12533E-09,-1.4937735E-01
-3.07533E-09,-1.4937735E-01
-3.02533E-09,-1.4937735E-01
-2.97533E-09,-1.4932464E-01
-2.92533E-09,-1.4932464E-01
-2.87533E-09,-1.4932464E-01
-2.82533E-09,-1.4932464E-01
-2.77533E-09,-1.4932464E-01
-2.72533E-09,-1.4932464E-01
-2.67533E-09,-1.4932464E-01
-2.62533E-09,-1.4932464E-01
-2.57533E-09,-1.4932464E-01
-2.52533E-09,-1.4932464E-01
-2.47533E-09,-1.4932464E-01
-2.42533E-09,-1.4932464E-01
-2.37533E-09,-1.4932464E-01
-2.32533E-09,-1.4932464E-01
-2.27533E-09,-1.4932464E-01
-2.22533E-09,-1.4932464E-01
-2.17533E-09,-1.4937735E-01
-2.12533E-09,-1.4937735E-01
-2.07533E-09,-1.4937735E-01
-2.02533E-09,-1.4937735E-01
-1.97533E-09,-1.4937735E-01
-1.92533E-09,-1.4943006E-01
-1.87533E-09,-1.4943006E-01
-1.82533E-09,-1.4943006E-01
-1.77533E-09,-1.4943006E-01
-1.72533E-09,-1.4943006E-01
-1.67533E-09,-1.4948277E-01
-1.62533E-09,-1.4948277E-01
-1.57533E-09,-1.4948277E-01
-1.52533E-09,-1.4948277E-01
-1.47533E-09,-1.4948277E-01
-1.42533E-09,-1.4948277E-01
-1.37533E-09,-1.4948277E-01
-1.32533E-09,-1.4948277E-01
-1.27533E-09,-1.4948277E-01
-1.22533E-09,-1.4948277E-01
-1.17533E-09,-1.4948277E-01
-1.12533E-09,-1.4948277E-01
-1.07533E-09,-1.4948277E-01
-1.02533E-09,-1.4943006E-01
-9.7533E-10,-1.4943006E-01
-9.2533E-10,-1.4943006E-01
-8.7533E-10,-1.4943006E-01
-8.2533E-10,-1.4943006E-01
-7.7533E-10,-1.4943006E-01
-7.2533E-10,-1.4943006E-01
-6.7533E-10,-1.4943006E-01
-6.2533E-10,-1.4937735E-01
-5.7533E-10,-1.4937735E-01
-5.2533E-10,-1.4937735E-01
-4.7533E-10,-1.4937735E-01
-4.2533E-10,-1.4937735E-01
-3.7533E-10,-1.4937735E-01
-3.2533E-10,-1.4937735E-01
-2.7533E-10,-1.4937735E-01
-2.2533E-10,-1.4937735E-01
-1.7533E-10,-1.4937735E-01
-1.2533E-10,-1.4937735E-01
-7.533E-11,-1.4937735E-01
-2.533E-11,-1.4937735E-01
2.467E-11,-1.4937735E-01
7.467E-11,-1.4937735E-01
1.2467E-10,-1.4937735E-01
1.7467E-10,-1.4937735E-01
2.2467E-10,-1.4937735E-01
2.7467E-10,-1.4937735E-01
3.2467E-10,-1.4937735E-01
3.7467E-10,-1.4937735E-01
4.2467E-10,-1.4937735E-01
4.7467E-10,-1.4937735E-01
5.2467E-10,-1.4937735E-01
5.7467E-10,-1.4937735E-01
6.2467E-10,-1.4937735E-01
6.7467E-10,-1.4937735E-01
7.2467E-10,-1.4937735E-01
7.7467E-10,-1.4932464E-01
8.2467E-10,-1.4932464E-01
8.7467E-10,-1.4932464E-01
9.2467E-10,-1.4932464E-01
9.7467E-10,-1.4927194E-01
1.02467E-09,-1.4927194E-01
1.07467E-09,-1.4927194E-01
1.12467E-09,-1.4921923E-01
1.17467E-09,-1.4921923E-01
1.22467E-09,-1.4921923E-01
1.27467E-09,-1.4916652E-01
1.32467E-09,-1.4916652E-01
1.37467E-09,-1.4911381E-01
1.42467E-09,-1.4911381E-01
1.47467E-09,-1.4911381E-01
1.52467E-09,-1.4911381E-01
1.57467E-09,-1.4906110E-01
1.62467E-09,-1.4906110E-01
1.67467E-09,-1.4906110E-01
1.72467E-09,-1.4906110E-01
1.77467E-09,-1.4906110E-01
1.82467E-09,-1.4906110E-01
1.87467E-09,-1.4906110E-01
1.92467E-09,-1.4906110E-01
1.97467E-09,-1.4906110E-01
2.02467E-09,-1.4911381E-01
2.07467E-09,-1.4911381E-01
2.12467E-09,-1.4911381E-01
2.17467E-09,-1.4916652E-01
2.22467E-09,-1.4916652E-01
2.27467E-09,-1.4921923E-01
2.32467E-09,-1.4921923E-01
2.37467E-09,-1.4927194E-01
2.42467E-09,-1.4927194E-01
2.47467E-09,-1.4932464E-01
2.52467E-09,-1.4937735E-01
2.57467E-09,-1.4937735E-01
2.62467E-09,-1.4943006E-01
2.67467E-09,-1.4948277E-01
2.72467E-09,-1.4948277E-01
2.77467E-09,-1.4953548E-01
2.82467E-09,-1.4953548E-01
2.87467E-09,-1.4958819E-01
2.92467E-09,-1.4958819E-01
2.97467E-09,-1.4958819E-01
3.02467E-09,-1.4958819E-01
3.07467E-09,-1.4964090E-01
3.12467E-09,-1.4958819E-01
3.17467E-09,-1.4958819E-01
3.22467E-09,-1.4958819E-01
3.27467E-09,-1.4958819E-01
3.32467E-09,-1.4958819E-01
3.37467E-09,-1.4953548E-01
3.42467E-09,-1.4953548E-01
3.47467E-09,-1.4948277E-01
3.52467E-09,-1.4948277E-01
3.57467E-09,-1.4943006E-01
3.62467E-09,-1.4943006E-01
3.67467E-09,-1.4937735E-01
3.72467E-09,-1.4932464E-01
3.77467E-09,-1.4927194E-01
3.82467E-09,-1.4921923E-01
3.87467E-09,-1.4921923E-01
3.92467E-09,-1.4916652E-01
3.97467E-09,-1.4911381E-01
4.02467E-09,-1.4906110E-01
4.07467E-09,-1.4906110E-01
4.12467E-09,-1.4900839E-01
4.17467E-09,-1.4895568E-01
4.22467E-09,-1.4895568E-01
4.27467E-09,-1.4895568E-01
4.32467E-09,-1.4890297E-01
4.37467E-09,-1.4890297E-01
4.42467E-09,-1.4890297E-01
4.47467E-09,-1.4890297E-01
4.52467E-09,-1.4890297E-01
4.57467E-09,-1.4890297E-01
4.62467E-09,-1.4890297E-01
4.67467E-09,-1.4890297E-01
4.72467E-09,-1.4890297E-01
4.77467E-09,-1.4895568E-01
4.82467E-09,-1.4895568E-01
4.87467E-09,-1.4900839E-01
4.92467E-09,-1.4900839E-01
4.97467E-09,-1.4906110E-01
5.02467E-09,-1.4906110E-01
5.07467E-09,-1.4911381E-01
5.12467E-09,-1.4916652E-01
5.17467E-09,-1.4916652E-01
5.22467E-09,-1.4921923E-01
5.27467E-09,-1.4927194E-01
5.32467E-09,-1.4932464E-01
5.37467E-09,-1.4932464E-01
5.42467E-09,-1.4937735E-01
5.47467E-09,-1.4943006E-01
5.52467E-09,-1.4943006E-01
5.57467E-09,-1.4948277E-01
5.62467E-09,-1.4948277E-01
5.67467E-09,-1.4953548E-01
5.72467E-09,-1.4953548E-01
5.77467E-09,-1.4953548E-01
5.82467E-09,-1.4958819E-01
5.87467E-09,-1.4958819E-01
5.92467E-09,-1.4958819E-01
5.97467E-09,-1.4958819E-01
6.02467E-09,-1.4964090E-01
6.07467E-09,-1.4964090E-01
6.12467E-09,-1.4964090E-01
6.17467E-09,-1.4964090E-01
6.22467E-09,-1.4964090E-01
6.27467E-09,-1.4964090E-01
6.32467E-09,-1.4964090E-01
6.37467E-09,-1.4958819E-01
6.42467E-09,-1.4958819E-01
6.47467E-09,-1.4958819E-01
6.52467E-09,-1.4958819E-01
6.57467E-09,-1.4958819E-01
6.62467E-09,-1.4958819E-01
6.67467E-09,-1.4958819E-01
6.72467E-09,-1.4958819E-01
6.77467E-09,-1.4958819E-01
6.82467E-09,-1.4958819E-01
6.87467E-09,-1.4958819E-01
6.92467E-09,-1.4958819E-01
6.97467E-09,-1.4958819E-01
7.02467E-09,-1.4958819E-01
7.07467E-09,-1.4958819E-01
7.12467E-09,-1.4958819E-01
7.17467E-09,-1.4958819E-01
7.22467E-09,-1.4964090E-01
7.27467E-09,-1.4964090E-01
7.32467E-09,-1.4969361E-01
7.37467E-09,-1.4969361E-01
7.42467E-09,-1.4969361E-01
7.47467E-09,-1.4974632E-01
7.52467E-09,-1.4974632E-01
7.57467E-09,-1.4979903E-01
7.62467E-09,-1.4979903E-01
7.67467E-09,-1.4985173E-01
7.72467E-09,-1.4985173E-01
7.77467E-09,-1.4985173E-01
7.82467E-09,-1.4990444E-01
7.87467E-09,-1.4990444E-01
7.92467E-09,-1.4995715E-01
7.97467E-09,-1.4995715E-01
8.02467E-09,-1.4995715E-01
8.07467E-09,-1.4995715E-01
8.12467E-09,-1.5000986E-01
8.17467E-09,-1.5000986E-01
8.22467E-09,-1.5000986E-01
8.27467E-09,-1.5000986E-01
8.32467E-09,-1.5000986E-01
8.37467E-09,-1.5000986E-01
8.42467E-09,-1.5000986E-01
8.47467E-09,-1.5000986E-01
8.52467E-09,-1.5000986E-01
8.57467E-09,-1.5000986E-01
8.62467E-09,-1.5000986E-01
8.67467E-09,-1.5006257E-01
8.72467E-09,-1.5006257E-01
8.77467E-09,-1.5006257E-01
8.82467E-09,-1.5011528E-01
8.87467E-09,-1.5011528E-01
8.92467E-09,-1.5016799E-01
8.97467E-09,-1.5016799E-01
9.02467E-09,-1.5022070E-01
9.07467E-09,-1.5022070E-01
9.12467E-09,-1.5022070E-01
9.17467E-09,-1.5027341E-01
9.22467E-09,-1.5027341E-01
9.27467E-09,-1.5027341E-01
9.32467E-09,-1.5027341E-01
9.37467E-09,-1.5027341E-01
9.42467E-09,-1.5032612E-01
9.47467E-09,-1.5027341E-01
9.52467E-09,-1.5027341E-01
9.57467E-09,-1.5027341E-01
9.62467E-09,-1.5027341E-01
9.67467E-09,-1.5027341E-01
9.72467E-09,-1.5022070E-01
9.77467E-09,-1.5022070E-01
9.82467E-09,-1.5016799E-01
9.87467E-09,-1.5011528E-01
9.92467E-09,-1.5011528E-01
9.97467E-09,-1.5006257E-01
1.002467E-08,-1.5000986E-01
1.007467E-08,-1.5000986E-01
1.012467E-08,-1.4995715E-01
1.017467E-08,-1.4990444E-01
1.022467E-08,-1.4985173E-01
1.027467E-08,-1.4985173E-01
1.032467E-08,-1.4979903E-01
1.037467E-08,-1.4979903E-01
1.042467E-08,-1.4974632E-01
1.047467E-08,-1.4974632E-01
1.052467E-08,-1.4969361E-01
1.057467E-08,-1.4969361E-01
1.062467E-08,-1.4969361E-01
1.067467E-08,-1.4969361E-01
1.072467E-08,-1.4964090E-01
1.077467E-08,-1.4964090E-01
1.082467E-08,-1.4964090E-01
1.087467E-08,-1.4964090E-01
1.092467E-08,-1.4964090E-01
1.097467E-08,-1.4964090E-01
1.102467E-08,-1.4964090E-01
1.107467E-08,-1.4964090E-01
1.112467E-08,-1.4964090E-01
1.117467E-08,-1.4964090E-01
1.122467E-08,-1.4958819E-01
1.127467E-08,-1.4958819E-01
1.132467E-08,-1.4958819E-01
1.137467E-08,-1.4958819E-01
1.142467E-08,-1.4953548E-01
1.147467E-08,-1.4953548E-01
1.152467E-08,-1.4948277E-01
1.157467E-08,-1.4948277E-01
1.162467E-08,-1.4943006E-01
1.167467E-08,-1.4943006E-01
1.172467E-08,-1.4937735E-01
1.177467E-08,-1.4937735E-01
1.182467E-08,-1.4932464E-01
1.187467E-08,-1.4932464E-01
1.192467E-08,-1.4932464E-01
1.197467E-08,-1.4927194E-01
1.202467E-08,-1.4927194E-01
1.207467E-08,-1.4927194E-01
1.212467E-08,-1.4927194E-01
1.217467E-08,-1.4927194E-01
1.222467E-08,-1.4927194E-01
1.227467E-08,-1.4932464E-01
1.232467E-08,-1.4932464E-01
1.237467E-08,-1.4937735E-01
1.242467E-08,-1.4943006E-01
1.247467E-08,-1.4948277E-01
1.252467E-08,-1.4953548E-01
1.257467E-08,-1.4958819E-01
1.262467E-08,-1.4964090E-01
1.267467E-08,-1.4969361E-01
1.272467E-08,-1.4974632E-01
1.277467E-08,-1.4985173E-01
1.282467E-08,-1.4990444E-01
1.287467E-08,-1.4995715E-01
1.292467E-08,-1.5000986E-01
1.297467E-08,-1.5006257E-01
1.302467E-08,-1.5011528E-01
1.307467E-08,-1.5016799E-01
1.312467E-08,-1.5016799E-01
1.317467E-08,-1.5022070E-01
1.322467E-08,-1.5022070E-01
1.327467E-08,-1.5022070E-01
1.332467E-08,-1.5022070E-01
1.337467E-08,-1.5022070E-01
1.342467E-08,-1.5016799E-01
1.347467E-08,-1.5011528E-01
1.352467E-08,-1.5006257E-01
1.357467E-08,-1.5000986E-01
1.362467E-08,-1.4995715E-01
1.367467E-08,-1.4990444E-01
1.372467E-08,-1.4979903E-01
1.377467E-08,-1.4974632E-01
1.382467E-08,-1.4964090E-01
1.387467E-08,-1.4958819E-01
1.392467E-08,-1.4948277E-01
1.397467E-08,-1.4943006E-01
1.402467E-08,-1.4937735E-01
1.407467E-08,-1.4932464E-01
1.412467E-08,-1.4927194E-01
1.417467E-08,-1.4927194E-01
1.422467E-08,-1.4921923E-01
1.427467E-08,-1.4921923E-01
1.432467E-08,-1.4921923E-01
1.437467E-08,-1.4927194E-01
1.442467E-08,-1.4932464E-01
1.447467E-08,-1.4937735E-01
1.452467E-08,-1.4943006E-01
1.457467E-08,-1.4948277E-01
1.462467E-08,-1.4958819E-01
1.467467E-08,-1.4969361E-01
1.472467E-08,-1.4979903E-01
1.477467E-08,-1.4990444E-01
1.482467E-08,-1.5000986E-01
1.487467E-08,-1.5011528E-01
1.492467E-08,-1.5022070E-01
1.497467E-08,-1.5032612E-01
1.502467E-08,-1.5043153E-01
1.507467E-08,-1.5048424E-01
1.512467E-08,-1.5053695E-01
1.517467E-08,-1.5064237E-01
1.522467E-08,-1.5064237E-01
1.527467E-08,-1.5069508E-01
1.532467E-08,-1.5069508E-01
1.537467E-08,-1.5069508E-01
1.542467E-08,-1.5064237E-01
1.547467E-08,-1.5058966E-01
1.552467E-08,-1.5053695E-01
1.557467E-08,-1.5048424E-01
1.562467E-08,-1.5037883E-01
1.567467E-08,-1.5027341E-01
1.572467E-08,-1.5016799E-01
1.577467E-08,-1.5006257E-01
1.582467E-08,-1.4990444E-01
1.587467E-08,-1.4979903E-01
1.592467E-08,-1.4964090E-01
1.597467E-08,-1.4953548E-01
1.602467E-08,-1.4943006E-01
1.607467E-08,-1.4932464E-01
1.612467E-08,-1.4921923E-01
1.617467E-08,-1.4916652E-01
1.622467E-08,-1.4906110E-01
1.627467E-08,-1.4906110E-01
1.632467E-08,-1.4900839E-01
1.637467E-08,-1.4900839E-01
1.642467E-08,-1.4906110E-01
1.647467E-08,-1.4911381E-01
1.652467E-08,-1.4916652E-01
1.657467E-08,-1.4927194E-01
1.662467E-08,-1.4937735E-01
1.667467E-08,-1.4948277E-01
1.672467E-08,-1.4964090E-01
1.677467E-08,-1.4974632E-01
1.682467E-08,-1.4990444E-01
1.687467E-08,-1.5006257E-01
1.692467E-08,-1.5022070E-01
1.697467E-08,-1.5037883E-01
1.702467E-08,-1.5053695E-01
1.707467E-08,-1.5069508E-01
1.712467E-08,-1.5080050E-01
1.717467E-08,-1.5095862E-01
1.722467E-08,-1.5101133E-01
1.727467E-08,-1.5111675E-01
1.732467E-08,-1.5116946E-01
1.737467E-08,-1.5116946E-01
1.742467E-08,-1.5116946E-01
1.747467E-08,-1.5116946E-01
1.752467E-08,-1.5111675E-01
1.757467E-08,-1.5101133E-01
1.762467E-08,-1.5095862E-01
1.767467E-08,-1.5085321E-01
1.772467E-08,-1.5069508E-01
1.777467E-08,-1.5058966E-01
1.782467E-08,-1.5043153E-01
1.787467E-08,-1.5027341E-01
1.792467E-08,-1.5011528E-01
1.797467E-08,-1.4995715E-01
1.802467E-08,-1.4979903E-01
1.807467E-08,-1.4958819E-01
1.812467E-08,-1.4948277E-01
1.817467E-08,-1.4932464E-01
1.822467E-08,-1.4921923E-01
1.827467E-08,-1.4911381E-01
1.832467E-08,-1.4900839E-01
1.837467E-08,-1.4895568E-01
1.842467E-08,-1.4890297E-01
1.847467E-08,-1.4890297E-01
1.852467E-08,-1.4890297E-01
1.857467E-08,-1.4895568E-01
1.862467E-08,-1.4900839E-01
1.867467E-08,-1.4911381E-01
1.872467E-08,-1.4921923E-01
1.877467E-08,-1.4932464E-01
1.882467E-08,-1.4943006E-01
1.887467E-08,-1.4958819E-01
1.892467E-08,-1.4974632E-01
1.897467E-08,-1.4990444E-01
1.902467E-08,-1.5006257E-01
1.907467E-08,-1.5022070E-01
1.912467E-08,-1.5037883E-01
1.917467E-08,-1.5048424E-01
1.922467E-08,-1.5058966E-01
1.927467E-08,-1.5064237E-01
1.932467E-08,-1.5074779E-01
1.937467E-08,-1.5074779E-01
1.942467E-08,-1.5074779E-01
1.947467E-08,-1.5074779E-01
1.952467E-08,-1.5069508E-01
1.957467E-08,-1.5058966E-01
1.962467E-08,-1.5048424E-01
1.967467E-08,-1.5032612E-01
1.972467E-08,-1.5016799E-01
1.977467E-08,-1.5000986E-01
1.982467E-08,-1.4979903E-01
1.987467E-08,-1.4958819E-01
1.992467E-08,-1.4937735E-01
1.997467E-08,-1.4916652E-01
2.002467E-08,-1.4895568E-01
2.007467E-08,-1.4874485E-01
2.012467E-08,-1.4858672E-01
2.017467E-08,-1.4842859E-01
2.022467E-08,-1.4827046E-01
2.027467E-08,-1.4816505E-01
2.032467E-08,-1.4805963E-01
2.037467E-08,-1.4805963E-01
2.042467E-08,-1.4800692E-01
2.047467E-08,-1.4805963E-01
2.052467E-08,-1.4811234E-01
2.057467E-08,-1.4821776E-01
2.062467E-08,-1.4837588E-01
2.067467E-08,-1.4853401E-01
2.072467E-08,-1.4874485E-01
2.077467E-08,-1.4900839E-01
2.082467E-08,-1.4927194E-01
2.087467E-08,-1.4953548E-01
2.092467E-08,-1.4979903E-01
2.097467E-08,-1.5006257E-01
2.102467E-08,-1.5037883E-01
2.107467E-08,-1.5064237E-01
2.112467E-08,-1.5085321E-01
2.117467E-08,-1.5111675E-01
2.122467E-08,-1.5132759E-01
2.127467E-08,-1.5148571E-01
2.132467E-08,-1.5159113E-01
2.137467E-08,-1.5169655E-01
2.142467E-08,-1.5174926E-01
2.147467E-08,-1.5174926E-01
2.152467E-08,-1.5169655E-01
2.157467E-08,-1.5164384E-01
2.162467E-08,-1.5148571E-01
2.167467E-08,-1.5132759E-01
2.172467E-08,-1.5111675E-01
2.177467E-08,-1.5090592E-01
2.182467E-08,-1.5064237E-01
2.187467E-08,-1.5037883E-01
2.192467E-08,-1.5011528E-01
2.197467E-08,-1.4979903E-01
2.202467E-08,-1.4953548E-01
2.207467E-08,-1.4921923E-01
2.212467E-08,-1.4900839E-01
2.217467E-08,-1.4874485E-01
2.222467E-08,-1.4853401E-01
2.227467E-08,-1.4837588E-01
2.232467E-08,-1.4827046E-01
2.237467E-08,-1.4821776E-01
2.242467E-08,-1.4816505E-01
2.247467E-08,-1.4821776E-01
2.252467E-08,-1.4827046E-01
2.257467E-08,-1.4837588E-01
2.262467E-08,-1.4853401E-01
2.267467E-08,-1.4874485E-01
2.272467E-08,-1.4900839E-01
2.277467E-08,-1.4927194E-01
2.282467E-08,-1.4958819E-01
2.287467E-08,-1.4990444E-01
2.292467E-08,-1.5016799E-01
2.297467E-08,-1.5053695E-01
2.302467E-08,-1.5080050E-01
2.307467E-08,-1.5111675E-01
2.312467E-08,-1.5132759E-01
2.317467E-08,-1.5153842E-01
2.322467E-08,-1.5174926E-01
2.327467E-08,-1.5185468E-01
2.332467E-08,-1.5190739E-01
2.337467E-08,-1.5190739E-01
2.342467E-08,-1.5185468E-01
2.347467E-08,-1.5174926E-01
2.352467E-08,-1.5153842E-01
2.357467E-08,-1.5132759E-01
2.362467E-08,-1.5101133E-01
2.367467E-08,-1.5064237E-01
2.372467E-08,-1.5027341E-01
2.377467E-08,-1.4985173E-01
2.382467E-08,-1.4943006E-01
2.387467E-08,-1.4895568E-01
2.392467E-08,-1.4848130E-01
2.397467E-08,-1.4805963E-01
2.402467E-08,-1.4763796E-01
2.407467E-08,-1.4721628E-01
2.412467E-08,-1.4690003E-01
2.417467E-08,-1.4663649E-01
2.422467E-08,-1.4642565E-01
2.427467E-08,-1.4626752E-01
2.432467E-08,-1.4616210E-01
2.437467E-08,-1.4621481E-01
2.442467E-08,-1.4632023E-01
2.447467E-08,-1.4647836E-01
2.452467E-08,-1.4674190E-01
2.457467E-08,-1.4711087E-01
2.462467E-08,-1.4753254E-01
2.467467E-08,-1.4800692E-01
2.472467E-08,-1.4853401E-01
2.477467E-08,-1.4911381E-01
2.482467E-08,-1.4974632E-01
2.487467E-08,-1.5032612E-01
2.492467E-08,-1.5095862E-01
2.497467E-08,-1.5153842E-01
2.502467E-08,-1.5206551E-01
2.507467E-08,-1.5259260E-01
2.512467E-08,-1.5301428E-01
2.517467E-08,-1.5333053E-01
2.522467E-08,-1.5359407E-01
2.527467E-08,-1.5369949E-01
2.532467E-08,-1.5369949E-01
2.537467E-08,-1.5359407E-01
2.542467E-08,-1.5338324E-01
2.547467E-08,-1.5301428E-01
2.552467E-08,-1.5253989E-01
2.557467E-08,-1.5196010E-01
2.562467E-08,-1.5127488E-01
2.567467E-08,-1.5048424E-01
2.572467E-08,-1.4964090E-01
2.577467E-08,-1.4874485E-01
2.582467E-08,-1.4784879E-01
2.587467E-08,-1.4690003E-01
2.592467E-08,-1.4595127E-01
2.597467E-08,-1.4510792E-01
2.602467E-08,-1.4431729E-01
2.607467E-08,-1.4363207E-01
2.612467E-08,-1.4305227E-01
2.617467E-08,-1.4263060E-01
2.622467E-08,-1.4231435E-01
2.627467E-08,-1.4226164E-01
2.632467E-08,-1.4236705E-01
2.637467E-08,-1.4268331E-01
2.642467E-08,-1.4321040E-01
2.647467E-08,-1.4394833E-01
2.652467E-08,-1.4484438E-01
2.657467E-08,-1.4600398E-01
2.662467E-08,-1.4726899E-01
2.667467E-08,-1.4874485E-01
2.672467E-08,-1.5027341E-01
2.677467E-08,-1.5190739E-01
2.682467E-08,-1.5359407E-01
2.687467E-08,-1.5533347E-01
2.692467E-08,-1.5696745E-01
2.697467E-08,-1.5849601E-01
2.702467E-08,-1.5986645E-01
2.707467E-08,-1.6102605E-01
2.712467E-08,-1.6192210E-01
2.717467E-08,-1.6244919E-01
2.722467E-08,-1.6260732E-01
2.727467E-08,-1.6234377E-01
2.732467E-08,-1.6155314E-01
2.737467E-08,-1.6023541E-01
2.742467E-08,-1.5833789E-01
2.747467E-08,-1.5580785E-01
2.752467E-08,-1.5259260E-01
2.757467E-08,-1.4874485E-01
2.762467E-08,-1.4415916E-01
2.767467E-08,-1.3888826E-01
2.772467E-08,-1.3287943E-01
2.777467E-08,-1.2623810E-01
2.782467E-08,-1.1891154E-01
2.787467E-08,-1.1089977E-01
2.792467E-08,-1.0230820E-01
2.797467E-08,-9.318954E-02
2.802467E-08,-8.354380E-02
2.807467E-08,-7.342366E-02
2.812467E-08,-6.293457E-02
2.817467E-08,-5.212922E-02
2.822467E-08,-4.111304E-02
2.827467E-08,-2.993873E-02
2.832467E-08,-1.865900E-02
2.837467E-08,-7.43198E-03
2.842467E-08,3.74233E-03
2.847467E-08,1.470581E-02
2.852467E-08,2.545845E-02
2.857467E-08,3.584212E-02
2.862467E-08,4.590954E-02
2.867467E-08,5.544987E-02
2.872467E-08,6.451582E-02
2.877467E-08,7.305468E-02
2.882467E-08,8.096104E-02
2.887467E-08,8.823488E-02
2.892467E-08,9.482351E-02
2.897467E-08,1.0077963E-01
2.902467E-08,1.0605053E-01
2.907467E-08,1.1068892E-01
2.912467E-08,1.1464210E-01
2.917467E-08,1.1791006E-01
2.922467E-08,1.2059822E-01
2.927467E-08,1.2270658E-01
2.932467E-08,1.2428785E-01
2.937467E-08,1.2539474E-01
2.942467E-08,1.2602724E-01
2.947467E-08,1.2623808E-01
2.952467E-08,1.2618537E-01
2.957467E-08,1.2581641E-01
2.962467E-08,1.2518390E-01
2.967467E-08,1.2444597E-01
2.972467E-08,1.2354992E-01
2.977467E-08,1.2260116E-01
2.982467E-08,1.2165240E-01
2.987467E-08,1.2070363E-01
2.992467E-08,1.1986029E-01
2.997467E-08,1.1906965E-01
3.002467E-08,1.1838444E-01
3.007467E-08,1.1791006E-01
3.012467E-08,1.1754109E-01
3.017467E-08,1.1733026E-01
3.022467E-08,1.1733026E-01
3.027467E-08,1.1743567E-01
3.032467E-08,1.1775193E-01
3.037467E-08,1.1817360E-01
3.042467E-08,1.1875340E-01
3.047467E-08,1.1943862E-01
3.052467E-08,1.2022925E-01
3.057467E-08,1.2101989E-01
3.062467E-08,1.2191594E-01
3.067467E-08,1.2275929E-01
3.072467E-08,1.2360263E-01
3.077467E-08,1.2439326E-01
3.082467E-08,1.2513119E-01
3.087467E-08,1.2576370E-01
3.092467E-08,1.2629079E-01
3.097467E-08,1.2671246E-01
3.102467E-08,1.2697601E-01
3.107467E-08,1.2708142E-01
3.112467E-08,1.2702872E-01
3.117467E-08,1.2681788E-01
3.122467E-08,1.2644892E-01
3.127467E-08,1.2597453E-01
3.132467E-08,1.2534203E-01
3.137467E-08,1.2455139E-01
3.142467E-08,1.2370805E-01
3.147467E-08,1.2275929E-01
3.152467E-08,1.2175781E-01
3.157467E-08,1.2070363E-01
3.162467E-08,1.1964945E-01
3.167467E-08,1.1859527E-01
3.172467E-08,1.1754109E-01
3.177467E-08,1.1653962E-01
3.182467E-08,1.1564357E-01
3.187467E-08,1.1480022E-01
3.192467E-08,1.1406230E-01
3.197467E-08,1.1348250E-01
3.202467E-08,1.1300812E-01
3.207467E-08,1.1269186E-01
3.212467E-08,1.1248103E-01
3.217467E-08,1.1237561E-01
3.222467E-08,1.1248103E-01
3.227467E-08,1.1263915E-01
3.232467E-08,1.1295541E-01
3.237467E-08,1.1332437E-01
3.242467E-08,1.1385146E-01
3.247467E-08,1.1437855E-01
3.252467E-08,1.1495835E-01
3.257467E-08,1.1559086E-01
3.262467E-08,1.1622337E-01
3.267467E-08,1.1680317E-01
3.272467E-08,1.1738297E-01
3.277467E-08,1.1791006E-01
3.282467E-08,1.1833173E-01
3.287467E-08,1.1870069E-01
3.292467E-08,1.1891153E-01
3.297467E-08,1.1906965E-01
3.302467E-08,1.1906965E-01
3.307467E-08,1.1891153E-01
3.312467E-08,1.1870069E-01
3.317467E-08,1.1833173E-01
3.322467E-08,1.1780464E-01
3.327467E-08,1.1722484E-01
3.332467E-08,1.1653962E-01
3.337467E-08,1.1574899E-01
3.342467E-08,1.1490564E-01
3.347467E-08,1.1400959E-01
3.352467E-08,1.1311354E-01
3.357467E-08,1.1216477E-01
3.362467E-08,1.1126872E-01
3.367467E-08,1.1042538E-01
3.372467E-08,1.0958203E-01
3.377467E-08,1.0889681E-01
3.382467E-08,1.0826431E-01
3.387467E-08,1.0773722E-01
3.392467E-08,1.0731554E-01
3.397467E-08,1.0705200E-01
3.402467E-08,1.0694658E-01
3.407467E-08,1.0694658E-01
3.412467E-08,1.0710471E-01
3.417467E-08,1.0736825E-01
3.422467E-08,1.0778993E-01
3.427467E-08,1.0831702E-01
3.432467E-08,1.0889681E-01
3.437467E-08,1.0958203E-01
3.442467E-08,1.1031996E-01
3.447467E-08,1.1111059E-01
3.452467E-08,1.1190123E-01
3.457467E-08,1.1269186E-01
3.462467E-08,1.1342979E-01
3.467467E-08,1.1411501E-01
3.472467E-08,1.1469481E-01
3.477467E-08,1.1516919E-01
3.482467E-08,1.1553815E-01
3.487467E-08,1.1574899E-01
3.492467E-08,1.1585440E-01
3.497467E-08,1.1574899E-01
3.502467E-08,1.1548544E-01
3.507467E-08,1.1506377E-01
3.512467E-08,1.1453668E-01
3.517467E-08,1.1379875E-01
3.522467E-08,1.1295541E-01
3.527467E-08,1.1195394E-01
3.532467E-08,1.1089976E-01
3.537467E-08,1.0974016E-01
3.542467E-08,1.0852785E-01
3.547467E-08,1.0731554E-01
3.552467E-08,1.0615595E-01
3.557467E-08,1.0499635E-01
3.562467E-08,1.0394217E-01
3.567467E-08,1.0299340E-01
3.572467E-08,1.0220277E-01
3.577467E-08,1.0157026E-01
3.582467E-08,1.0114859E-01
3.587467E-08,1.0088504E-01
3.592467E-08,1.0093775E-01
3.597467E-08,1.0120130E-01
3.602467E-08,1.0172839E-01
3.607467E-08,1.0246631E-01
3.612467E-08,1.0352050E-01
3.617467E-08,1.0473280E-01
3.622467E-08,1.0620865E-01
3.627467E-08,1.0784263E-01
3.632467E-08,1.0963474E-01
3.637467E-08,1.1153227E-01
3.642467E-08,1.1348250E-01
3.647467E-08,1.1543273E-01
3.652467E-08,1.1738297E-01
3.657467E-08,1.1917507E-01
3.662467E-08,1.2086176E-01
3.667467E-08,1.2228490E-01
3.672467E-08,1.2344450E-01
3.677467E-08,1.2423514E-01
3.682467E-08,1.2460410E-01
3.687467E-08,1.2455139E-01
3.692467E-08,1.2391888E-01
3.697467E-08,1.2275929E-01
3.702467E-08,1.2096718E-01
3.707467E-08,1.1854256E-01
3.712467E-08,1.1538002E-01
3.717467E-08,1.1158497E-01
3.722467E-08,1.0705200E-01
3.727467E-08,1.0178110E-01
3.732467E-08,9.577227E-02
3.737467E-08,8.907823E-02
3.742467E-08,8.175167E-02
3.747467E-08,7.373990E-02
3.752467E-08,6.514833E-02
3.757467E-08,5.602967E-02
3.762467E-08,4.638392E-02
3.767467E-08,3.631650E-02
3.772467E-08,2.588012E-02
3.777467E-08,1.518019E-02
3.782467E-08,4.21671E-03
3.787467E-08,-6.85218E-03
3.792467E-08,-1.792107E-02
3.797467E-08,-2.898997E-02
3.802467E-08,-3.995344E-02
3.807467E-08,-5.075879E-02
3.812467E-08,-6.124788E-02
3.817467E-08,-7.142072E-02
3.822467E-08,-8.122460E-02
3.827467E-08,-9.050139E-02
3.832467E-08,-9.935650E-02
3.837467E-08,-1.0757911E-01
3.842467E-08,-1.1527462E-01
3.847467E-08,-1.2233763E-01
3.852467E-08,-1.2876813E-01
3.857467E-08,-1.3451341E-01
3.862467E-08,-1.3967890E-01
3.867467E-08,-1.4415916E-01
3.872467E-08,-1.4800692E-01
3.877467E-08,-1.5127488E-01
3.882467E-08,-1.5396304E-01
3.887467E-08,-1.5607140E-01
3.892467E-08,-1.5770538E-01
3.897467E-08,-1.5891769E-01
3.902467E-08,-1.5965561E-01
3.907467E-08,-1.6002457E-01
3.912467E-08,-1.6007728E-01
3.917467E-08,-1.5991916E-01
3.922467E-08,-1.5949748E-01
3.927467E-08,-1.5891769E-01
3.932467E-08,-1.5823247E-01
3.937467E-08,-1.5744183E-01
3.942467E-08,-1.5665120E-01
3.947467E-08,-1.5586056E-01
3.952467E-08,-1.5512264E-01
3.957467E-08,-1.5443742E-01
3.962467E-08,-1.5385762E-01
3.967467E-08,-1.5338324E-01
3.972467E-08,-1.5301428E-01
3.977467E-08,-1.5280344E-01
3.982467E-08,-1.5269802E-01
3.987467E-08,-1.5275073E-01
3.992467E-08,-1.5290886E-01
3.997467E-08,-1.5322511E-01
4.002467E-08,-1.5359407E-01
4.007467E-08,-1.5412117E-01
4.012467E-08,-1.5470096E-01
4.017467E-08,-1.5528076E-01
4.022467E-08,-1.5596598E-01
4.027467E-08,-1.5659849E-01
4.032467E-08,-1.5728371E-01
4.037467E-08,-1.5791621E-01
4.042467E-08,-1.5849601E-01
4.047467E-08,-1.5897039E-01
4.052467E-08,-1.5944478E-01
4.057467E-08,-1.5976103E-01
4.062467E-08,-1.5997187E-01
4.067467E-08,-1.6012999E-01
4.072467E-08,-1.6012999E-01
4.077467E-08,-1.6002457E-01
4.082467E-08,-1.5976103E-01
4.087467E-08,-1.5939207E-01
4.092467E-08,-1.5897039E-01
4.097467E-08,-1.5839060E-01
4.102467E-08,-1.5775809E-01
4.107467E-08,-1.5702016E-01
4.112467E-08,-1.5622953E-01
4.117467E-08,-1.5533347E-01
4.122467E-08,-1.5449013E-01
4.127467E-08,-1.5354137E-01
4.132467E-08,-1.5264531E-01
4.137467E-08,-1.5174926E-01
4.142467E-08,-1.5085321E-01
4.147467E-08,-1.5006257E-01
4.152467E-08,-1.4921923E-01
4.157467E-08,-1.4853401E-01
4.162467E-08,-1.4784879E-01
4.167467E-08,-1.4721628E-01
4.172467E-08,-1.4668919E-01
4.177467E-08,-1.4626752E-01
4.182467E-08,-1.4589856E-01
4.187467E-08,-1.4563501E-01
4.192467E-08,-1.4537147E-01
4.197467E-08,-1.4521334E-01
4.202467E-08,-1.4516063E-01
4.207467E-08,-1.4510792E-01
4.212467E-08,-1.4510792E-01
4.217467E-08,-1.4510792E-01
4.222467E-08,-1.4516063E-01
4.227467E-08,-1.4526605E-01
4.232467E-08,-1.4531876E-01
4.237467E-08,-1.4537147E-01
4.242467E-08,-1.4542418E-01
4.247467E-08,-1.4547689E-01
4.252467E-08,-1.4547689E-01
4.257467E-08,-1.4542418E-01
4.262467E-08,-1.4537147E-01
4.267467E-08,-1.4521334E-01
4.272467E-08,-1.4505521E-01
4.277467E-08,-1.4484438E-01
4.282467E-08,-1.4458083E-01
4.287467E-08,-1.4426458E-01
4.292467E-08,-1.4394833E-01
4.297467E-08,-1.4357936E-01
4.302467E-08,-1.4315769E-01
4.307467E-08,-1.4273602E-01
4.312467E-08,-1.4231435E-01
4.317467E-08,-1.4189267E-01
4.322467E-08,-1.4147100E-01
4.327467E-08,-1.4104933E-01
4.332467E-08,-1.4062766E-01
4.337467E-08,-1.4025869E-01
4.342467E-08,-1.3994244E-01
4.347467E-08,-1.3962619E-01
4.352467E-08,-1.3936264E-01
4.357467E-08,-1.3915181E-01
4.362467E-08,-1.3899368E-01
4.367467E-08,-1.3888826E-01
4.372467E-08,-1.3883555E-01
4.377467E-08,-1.3883555E-01
4.382467E-08,-1.3888826E-01
4.387467E-08,-1.3899368E-01
4.392467E-08,-1.3915181E-01
4.397467E-08,-1.3930993E-01
4.402467E-08,-1.3952077E-01
4.407467E-08,-1.3978431E-01
4.412467E-08,-1.4004786E-01
4.417467E-08,-1.4031140E-01
4.422467E-08,-1.4057495E-01
4.427467E-08,-1.4083849E-01
4.432467E-08,-1.4110204E-01
4.437467E-08,-1.4136558E-01
4.442467E-08,-1.4162913E-01
4.447467E-08,-1.4183996E-01
4.452467E-08,-1.4199809E-01
4.457467E-08,-1.4215622E-01
4.462467E-08,-1.4226164E-01
4.467467E-08,-1.4236705E-01
4.472467E-08,-1.4241976E-01
4.477467E-08,-1.4241976E-01
4.482467E-08,-1.4241976E-01
4.487467E-08,-1.4236705E-01
4.492467E-08,-1.4226164E-01
4.497467E-08,-1.4220893E-01
4.502467E-08,-1.4205080E-01
4.507467E-08,-1.4194538E-01
4.512467E-08,-1.4178726E-01
4.517467E-08,-1.4168184E-01
4.522467E-08,-1.4152371E-01
4.527467E-08,-1.4141829E-01
4.532467E-08,-1.4131287E-01
4.537467E-08,-1.4120746E-01
4.542467E-08,-1.4115475E-01
4.547467E-08,-1.4110204E-01
4.552467E-08,-1.4110204E-01
4.557467E-08,-1.4115475E-01
4.562467E-08,-1.4120746E-01
4.567467E-08,-1.4126017E-01
4.572467E-08,-1.4141829E-01
4.577467E-08,-1.4157642E-01
4.582467E-08,-1.4178726E-01
4.587467E-08,-1.4199809E-01
4.592467E-08,-1.4226164E-01
4.597467E-08,-1.4252518E-01
4.602467E-08,-1.4284144E-01
4.607467E-08,-1.4315769E-01
4.612467E-08,-1.4347394E-01
4.617467E-08,-1.4384291E-01
4.622467E-08,-1.4415916E-01
4.627467E-08,-1.4447542E-01
4.632467E-08,-1.4479167E-01
4.637467E-08,-1.4510792E-01
4.642467E-08,-1.4542418E-01
4.647467E-08,-1.4568772E-01
4.652467E-08,-1.4595127E-01
4.657467E-08,-1.4621481E-01
4.662467E-08,-1.4642565E-01
4.667467E-08,-1.4658378E-01
4.672467E-08,-1.4679461E-01
4.677467E-08,-1.4690003E-01
4.682467E-08,-1.4705816E-01
4.687467E-08,-1.4716358E-01
4.692467E-08,-1.4721628E-01
4.697467E-08,-1.4732170E-01
4.702467E-08,-1.4737441E-01
4.707467E-08,-1.4742712E-01
4.712467E-08,-1.4747983E-01
4.717467E-08,-1.4753254E-01
4.722467E-08,-1.4758525E-01
4.727467E-08,-1.4769067E-01
4.732467E-08,-1.4774337E-01
4.737467E-08,-1.4784879E-01
4.742467E-08,-1.4795421E-01
4.747467E-08,-1.4805963E-01
4.752467E-08,-1.4821776E-01
4.757467E-08,-1.4832317E-01
4.762467E-08,-1.4853401E-01
4.767467E-08,-1.4869214E-01
4.772467E-08,-1.4890297E-01
4.777467E-08,-1.4911381E-01
4.782467E-08,-1.4932464E-01
4.787467E-08,-1.4958819E-01
4.792467E-08,-1.4979903E-01
4.797467E-08,-1.5006257E-01
4.802467E-08,-1.5032612E-01
4.807467E-08,-1.5053695E-01
4.812467E-08,-1.5080050E-01
4.817467E-08,-1.5101133E-01
4.822467E-08,-1.5122217E-01
4.827467E-08,-1.5143301E-01
4.832467E-08,-1.5159113E-01
4.837467E-08,-1.5174926E-01
4.842467E-08,-1.5185468E-01
4.847467E-08,-1.5196010E-01
4.852467E-08,-1.5206551E-01
4.857467E-08,-1.5206551E-01
4.862467E-08,-1.5206551E-01
4.867467E-08,-1.5206551E-01
4.872467E-08,-1.5201280E-01
4.877467E-08,-1.5190739E-01
4.882467E-08,-1.5180197E-01
4.887467E-08,-1.5164384E-01
4.892467E-08,-1.5148571E-01
4.897467E-08,-1.5132759E-01
4.902467E-08,-1.5111675E-01
4.907467E-08,-1.5090592E-01
4.912467E-08,-1.5069508E-01
4.917467E-08,-1.5048424E-01
4.922467E-08,-1.5027341E-01
4.927467E-08,-1.5006257E-01
4.932467E-08,-1.4985173E-01
4.937467E-08,-1.4969361E-01
4.942467E-08,-1.4948277E-01
4.947467E-08,-1.4932464E-01
4.952467E-08,-1.4921923E-01
4.957467E-08,-1.4911381E-01
4.962467E-08,-1.4900839E-01
4.967467E-08,-1.4895568E-01
4.972467E-08,-1.4890297E-01
4.977467E-08,-1.4885026E-01
4.982467E-08,-1.4885026E-01
4.987467E-08,-1.4890297E-01
4.992467E-08,-1.4890297E-01
4.997467E-08,-1.4895568E-01
5.002467E-08,-1.4900839E-01
5.007467E-08,-1.4911381E-01
5.012467E-08,-1.4916652E-01
5.017467E-08,-1.4927194E-01
5.022467E-08,-1.4932464E-01
5.027467E-08,-1.4943006E-01
5.032467E-08,-1.4948277E-01
5.037467E-08,-1.4953548E-01
5.042467E-08,-1.4953548E-01
5.047467E-08,-1.4958819E-01
5.052467E-08,-1.4958819E-01
5.057467E-08,-1.4953548E-01
5.062467E-08,-1.4953548E-01
5.067467E-08,-1.4948277E-01
5.072467E-08,-1.4937735E-01
5.077467E-08,-1.4927194E-01
5.082467E-08,-1.4916652E-01
5.087467E-08,-1.4900839E-01
5.092467E-08,-1.4885026E-01
5.097467E-08,-1.4869214E-01
5.102467E-08,-1.4848130E-01
5.107467E-08,-1.4832317E-01
5.112467E-08,-1.4811234E-01
5.117467E-08,-1.4790150E-01
5.122467E-08,-1.4774337E-01
5.127467E-08,-1.4753254E-01
5.132467E-08,-1.4732170E-01
5.137467E-08,-1.4716358E-01
5.142467E-08,-1.4700545E-01
5.147467E-08,-1.4684732E-01
5.152467E-08,-1.4674190E-01
5.157467E-08,-1.4663649E-01
5.162467E-08,-1.4653107E-01
5.167467E-08,-1.4642565E-01
5.172467E-08,-1.4637294E-01
5.177467E-08,-1.4637294E-01
5.182467E-08,-1.4637294E-01
5.187467E-08,-1.4637294E-01
5.192467E-08,-1.4637294E-01
5.197467E-08,-1.4642565E-01
5.202467E-08,-1.4647836E-01
5.207467E-08,-1.4658378E-01
5.212467E-08,-1.4663649E-01
5.217467E-08,-1.4674190E-01
5.222467E-08,-1.4684732E-01
5.227467E-08,-1.4690003E-01
5.232467E-08,-1.4700545E-01
5.237467E-08,-1.4711087E-01
5.242467E-08,-1.4721628E-01
5.247467E-08,-1.4726899E-01
5.252467E-08,-1.4737441E-01
5.257467E-08,-1.4742712E-01
5.262467E-08,-1.4747983E-01
5.267467E-08,-1.4747983E-01
5.272467E-08,-1.4753254E-01
5.277467E-08,-1.4753254E-01
5.282467E-08,-1.4753254E-01
5.287467E-08,-1.4747983E-01
5.292467E-08,-1.4747983E-01
5.297467E-08,-1.4742712E-01
5.302467E-08,-1.4737441E-01
5.307467E-08,-1.4732170E-01
5.312467E-08,-1.4726899E-01
5.317467E-08,-1.4721628E-01
5.322467E-08,-1.4716358E-01
5.327467E-08,-1.4711087E-01
5.332467E-08,-1.4705816E-01
5.337467E-08,-1.4700545E-01
5.342467E-08,-1.4700545E-01
5.347467E-08,-1.4695274E-01
5.352467E-08,-1.4695274E-01
5.357467E-08,-1.4695274E-01
5.362467E-08,-1.4695274E-01
5.367467E-08,-1.4695274E-01
5.372467E-08,-1.4700545E-01
5.377467E-08,-1.4705816E-01
5.382467E-08,-1.4716358E-01
5.387467E-08,-1.4721628E-01
5.392467E-08,-1.4732170E-01
5.397467E-08,-1.4742712E-01
5.402467E-08,-1.4758525E-01
5.407467E-08,-1.4774337E-01
5.412467E-08,-1.4790150E-01
5.417467E-08,-1.4805963E-01
5.422467E-08,-1.4821776E-01
5.427467E-08,-1.4837588E-01
5.432467E-08,-1.4853401E-01
5.437467E-08,-1.4869214E-01
5.442467E-08,-1.4890297E-01
5.447467E-08,-1.4906110E-01
5.452467E-08,-1.4921923E-01
5.457467E-08,-1.4937735E-01
5.462467E-08,-1.4953548E-01
5.467467E-08,-1.4969361E-01
5.472467E-08,-1.4985173E-01
5.477467E-08,-1.4995715E-01
5.482467E-08,-1.5006257E-01
5.487467E-08,-1.5022070E-01
5.492467E-08,-1.5032612E-01
5.497467E-08,-1.5037883E-01
5.502467E-08,-1.5048424E-01
5.507467E-08,-1.5058966E-01
5.512467E-08,-1.5064237E-01
5.517467E-08,-1.5069508E-01
5.522467E-08,-1.5074779E-01
5.527467E-08,-1.5080050E-01
5.532467E-08,-1.5090592E-01
5.537467E-08,-1.5095862E-01
5.542467E-08,-1.5095862E-01
5.547467E-08,-1.5101133E-01
5.552467E-08,-1.5106404E-01
5.557467E-08,-1.5111675E-01
5.562467E-08,-1.5116946E-01
5.567467E-08,-1.5122217E-01
5.572467E-08,-1.5127488E-01
5.577467E-08,-1.5138030E-01
5.582467E-08,-1.5143301E-01
5.587467E-08,-1.5148571E-01
5.592467E-08,-1.5153842E-01
5.597467E-08,-1.5159113E-01
5.602467E-08,-1.5169655E-01
5.607467E-08,-1.5174926E-01
5.612467E-08,-1.5180197E-01
5.617467E-08,-1.5190739E-01
5.622467E-08,-1.5196010E-01
5.627467E-08,-1.5201280E-01
5.632467E-08,-1.5206551E-01
5.637467E-08,-1.5211822E-01
5.642467E-08,-1.5217093E-01
5.647467E-08,-1.5222364E-01
5.652467E-08,-1.5227635E-01
5.657467E-08,-1.5232906E-01
5.662467E-08,-1.5232906E-01
5.667467E-08,-1.5238177E-01
5.672467E-08,-1.5238177E-01
5.677467E-08,-1.5238177E-01
5.682467E-08,-1.5243448E-01
5.687467E-08,-1.5243448E-01
5.692467E-08,-1.5243448E-01
5.697467E-08,-1.5238177E-01
5.702467E-08,-1.5238177E-01
5.707467E-08,-1.5238177E-01
5.712467E-08,-1.5232906E-01
5.717467E-08,-1.5232906E-01
5.722467E-08,-1.5227635E-01
5.727467E-08,-1.5227635E-01
5.732467E-08,-1.5222364E-01
5.737467E-08,-1.5217093E-01
5.742467E-08,-1.5211822E-01
5.747467E-08,-1.5206551E-01
5.752467E-08,-1.5201280E-01
5.757467E-08,-1.5196010E-01
5.762467E-08,-1.5190739E-01
5.767467E-08,-1.5185468E-01
5.772467E-08,-1.5180197E-01
5.777467E-08,-1.5169655E-01
5.782467E-08,-1.5159113E-01
5.787467E-08,-1.5153842E-01
5.792467E-08,-1.5143301E-01
5.797467E-08,-1.5127488E-01
5.802467E-08,-1.5116946E-01
5.807467E-08,-1.5106404E-01
5.812467E-08,-1.5090592E-01
5.817467E-08,-1.5074779E-01
5.822467E-08,-1.5064237E-01
5.827467E-08,-1.5048424E-01
5.832467E-08,-1.5032612E-01
5.837467E-08,-1.5016799E-01
5.842467E-08,-1.5000986E-01
5.847467E-08,-1.4985173E-01
5.852467E-08,-1.4969361E-01
5.857467E-08,-1.4953548E-01
5.862467E-08,-1.4932464E-01
5.867467E-08,-1.4916652E-01
5.872467E-08,-1.4900839E-01
5.877467E-08,-1.4885026E-01
5.882467E-08,-1.4869214E-01
5.887467E-08,-1.4858672E-01
5.892467E-08,-1.4842859E-01
5.897467E-08,-1.4827046E-01
5.902467E-08,-1.4816505E-01
5.907467E-08,-1.4805963E-01
5.912467E-08,-1.4790150E-01
5.917467E-08,-1.4779608E-01
5.922467E-08,-1.4774337E-01
5.927467E-08,-1.4763796E-01
5.932467E-08,-1.4753254E-01
5.937467E-08,-1.4747983E-01
5.942467E-08,-1.4742712E-01
5.947467E-08,-1.4737441E-01
5.952467E-08,-1.4732170E-01
5.957467E-08,-1.4726899E-01
5.962467E-08,-1.4726899E-01
5.967467E-08,-1.4721628E-01
5.972467E-08,-1.4721628E-01
5.977467E-08,-1.4721628E-01
5.982467E-08,-1.4716358E-01
5.987467E-08,-1.4716358E-01
5.992467E-08,-1.4716358E-01
5.997467E-08,-1.4716358E-01
6.002467E-08,-1.4716358E-01
6.007467E-08,-1.4716358E-01
6.012467E-08,-1.4716358E-01
6.017467E-08,-1.4721628E-01
6.022467E-08,-1.4721628E-01
6.027467E-08,-1.4721628E-01
6.032467E-08,-1.4721628E-01
6.037467E-08,-1.4721628E-01
6.042467E-08,-1.4721628E-01
6.047467E-08,-1.4721628E-01
6.052467E-08,-1.4721628E-01
6.057467E-08,-1.4716358E-01
6.062467E-08,-1.4716358E-01
6.067467E-08,-1.4716358E-01
6.072467E-08,-1.4716358E-01
6.077467E-08,-1.4716358E-01
6.082467E-08,-1.4716358E-01
6.087467E-08,-1.4711087E-01
6.092467E-08,-1.4711087E-01
6.097467E-08,-1.4711087E-01
6.102467E-08,-1.4711087E-01
6.107467E-08,-1.4711087E-01
6.112467E-08,-1.4711087E-01
6.117467E-08,-1.4705816E-01
6.122467E-08,-1.4705816E-01
6.127467E-08,-1.4705816E-01
6.132467E-08,-1.4705816E-01
6.137467E-08,-1.4705816E-01
6.142467E-08,-1.4705816E-01
6.147467E-08,-1.4705816E-01
6.152467E-08,-1.4711087E-01
6.157467E-08,-1.4711087E-01
6.162467E-08,-1.4711087E-01
6.167467E-08,-1.4711087E-01
6.172467E-08,-1.4716358E-01
6.177467E-08,-1.4716358E-01
6.182467E-08,-1.4716358E-01
6.187467E-08,-1.4721628E-01
6.192467E-08,-1.4721628E-01
6.197467E-08,-1.4726899E-01
6.202467E-08,-1.4726899E-01
6.207467E-08,-1.4726899E-01
6.212467E-08,-1.4732170E-01
6.217467E-08,-1.4732170E-01
6.222467E-08,-1.4737441E-01
6.227467E-08,-1.4737441E-01
6.232467E-08,-1.4742712E-01
6.237467E-08,-1.4747983E-01
6.242467E-08,-1.4747983E-01
6.247467E-08,-1.4753254E-01
6.252467E-08,-1.4753254E-01
6.257467E-08,-1.4758525E-01
6.262467E-08,-1.4763796E-01
6.267467E-08,-1.4769067E-01
6.272467E-08,-1.4774337E-01
6.277467E-08,-1.4774337E-01
6.282467E-08,-1.4779608E-01
6.287467E-08,-1.4784879E-01
6.292467E-08,-1.4795421E-01
6.297467E-08,-1.4800692E-01
6.302467E-08,-1.4805963E-01
6.307467E-08,-1.4811234E-01
6.312467E-08,-1.4821776E-01
6.317467E-08,-1.4827046E-01
6.322467E-08,-1.4837588E-01
6.327467E-08,-1.4848130E-01
6.332467E-08,-1.4853401E-01
6.337467E-08,-1.4863943E-01
6.342467E-08,-1.4874485E-01
6.347467E-08,-1.4885026E-01
6.352467E-08,-1.4895568E-01
6.357467E-08,-1.4906110E-01
6.362467E-08,-1.4916652E-01
6.367467E-08,-1.4927194E-01
6.372467E-08,-1.4937735E-01
6.377467E-08,-1.4948277E-01
6.382467E-08,-1.4958819E-01
6.387467E-08,-1.4969361E-01
6.392467E-08,-1.4979903E-01
6.397467E-08,-1.4990444E-01
6.402467E-08,-1.5000986E-01
6.407467E-08,-1.5006257E-01
6.412467E-08,-1.5016799E-01
6.417467E-08,-1.5022070E-01
6.422467E-08,-1.5032612E-01
6.427467E-08,-1.5037883E-01
6.432467E-08,-1.5043153E-01
6.437467E-08,-1.5048424E-01
6.442467E-08,-1.5053695E-01
6.447467E-08,-1.5058966E-01
6.452467E-08,-1.5064237E-01
6.457467E-08,-1.5064237E-01
6.462467E-08,-1.5069508E-01
6.467467E-08,-1.5069508E-01
6.472467E-08,-1.5069508E-01
6.477467E-08,-1.5074779E-01
6.482467E-08,-1.5074779E-01
6.487467E-08,-1.5074779E-01
6.492467E-08,-1.5074779E-01
6.497467E-08,-1.5074779E-01
6.502467E-08,-1.5069508E-01
6.507467E-08,-1.5069508E-01
6.512467E-08,-1.5069508E-01
6.517467E-08,-1.5069508E-01
6.522467E-08,-1.5069508E-01
6.527467E-08,-1.5069508E-01
6.532467E-08,-1.5069508E-01
6.537467E-08,-1.5069508E-01
6.542467E-08,-1.5069508E-01
6.547467E-08,-1.5069508E-01
6.552467E-08,-1.5074779E-01
6.557467E-08,-1.5074779E-01
6.562467E-08,-1.5074779E-01
6.567467E-08,-1.5080050E-01
6.572467E-08,-1.5080050E-01
6.577467E-08,-1.5085321E-01
6.582467E-08,-1.5085321E-01
6.587467E-08,-1.5090592E-01
6.592467E-08,-1.5095862E-01
6.597467E-08,-1.5101133E-01
6.602467E-08,-1.5106404E-01
6.607467E-08,-1.5111675E-01
6.612467E-08,-1.5111675E-01
6.617467E-08,-1.5116946E-01
6.622467E-08,-1.5122217E-01
6.627467E-08,-1.5127488E-01
6.632467E-08,-1.5132759E-01
6.637467E-08,-1.5132759E-01
6.642467E-08,-1.5138030E-01
6.647467E-08,-1.5143301E-01
6.652467E-08,-1.5143301E-01
6.657467E-08,-1.5148571E-01
6.662467E-08,-1.5148571E-01
6.667467E-08,-1.5148571E-01
6.672467E-08,-1.5148571E-01
6.677467E-08,-1.5148571E-01
6.682467E-08,-1.5148571E-01
6.687467E-08,-1.5148571E-01
6.692467E-08,-1.5143301E-01
6.697467E-08,-1.5143301E-01
6.702467E-08,-1.5138030E-01
6.707467E-08,-1.5132759E-01
6.712467E-08,-1.5127488E-01
6.717467E-08,-1.5122217E-01
6.722467E-08,-1.5111675E-01
6.727467E-08,-1.5106404E-01
6.732467E-08,-1.5095862E-01
6.737467E-08,-1.5090592E-01
6.742467E-08,-1.5080050E-01
6.747467E-08,-1.5069508E-01
6.752467E-08,-1.5058966E-01
6.757467E-08,-1.5048424E-01
6.762467E-08,-1.5037883E-01
6.767467E-08,-1.5027341E-01
6.772467E-08,-1.5016799E-01
6.777467E-08,-1.5000986E-01
6.782467E-08,-1.4990444E-01
6.787467E-08,-1.4979903E-01
6.792467E-08,-1.4969361E-01
6.797467E-08,-1.4958819E-01
6.802467E-08,-1.4948277E-01
6.807467E-08,-1.4943006E-01
6.812467E-08,-1.4932464E-01
6.817467E-08,-1.4921923E-01
6.822467E-08,-1.4916652E-01
6.827467E-08,-1.4911381E-01
6.832467E-08,-1.4900839E-01
6.837467E-08,-1.4895568E-01
6.842467E-08,-1.4890297E-01
6.847467E-08,-1.4890297E-01
6.852467E-08,-1.4885026E-01
6.857467E-08,-1.4885026E-01
6.862467E-08,-1.4879755E-01
6.867467E-08,-1.4879755E-01
6.872467E-08,-1.4879755E-01
6.877467E-08,-1.4879755E-01
6.882467E-08,-1.4879755E-01
6.887467E-08,-1.4879755E-01
6.892467E-08,-1.4885026E-01
6.897467E-08,-1.4885026E-01
6.902467E-08,-1.4885026E-01
6.907467E-08,-1.4885026E-01
6.912467E-08,-1.4890297E-01
6.917467E-08,-1.4890297E-01
6.922467E-08,-1.4895568E-01
6.927467E-08,-1.4895568E-01
6.932467E-08,-1.4895568E-01
6.937467E-08,-1.4895568E-01
6.942467E-08,-1.4900839E-01
6.947467E-08,-1.4900839E-01
6.952467E-08,-1.4900839E-01
6.957467E-08,-1.4900839E-01
6.962467E-08,-1.4900839E-01
6.967467E-08,-1.4895568E-01
6.972467E-08,-1.4895568E-01
6.977467E-08,-1.4895568E-01
6.982467E-08,-1.4895568E-01
6.987467E-08,-1.4890297E-01
6.992467E-08,-1.4890297E-01
6.997467E-08,-1.4885026E-01
7.002467E-08,-1.4885026E-01
7.007467E-08,-1.4879755E-01
7.012467E-08,-1.4879755E-01
7.017467E-08,-1.4874485E-01
7.022467E-08,-1.4874485E-01
7.027467E-08,-1.4869214E-01
7.032467E-08,-1.4869214E-01
7.037467E-08,-1.4869214E-01
7.042467E-08,-1.4869214E-01
7.047467E-08,-1.4869214E-01
7.052467E-08,-1.4869214E-01
7.057467E-08,-1.4869214E-01
7.062467E-08,-1.4869214E-01
7.067467E-08,-1.4869214E-01
7.072467E-08,-1.4874485E-01
7.077467E-08,-1.4879755E-01
7.082467E-08,-1.4885026E-01
7.087467E-08,-1.4890297E-01
7.092467E-08,-1.4895568E-01
7.097467E-08,-1.4900839E-01
7.102467E-08,-1.4906110E-01
7.107467E-08,-1.4911381E-01
7.112467E-08,-1.4916652E-01
7.117467E-08,-1.4927194E-01
7.122467E-08,-1.4932464E-01
7.127467E-08,-1.4937735E-01
7.132467E-08,-1.4948277E-01
7.137467E-08,-1.4953548E-01
7.142467E-08,-1.4958819E-01
7.147467E-08,-1.4964090E-01
7.152467E-08,-1.4969361E-01
7.157467E-08,-1.4974632E-01
7.162467E-08,-1.4979903E-01
7.167467E-08,-1.4985173E-01
7.172467E-08,-1.4985173E-01
7.177467E-08,-1.4985173E-01
7.182467E-08,-1.4990444E-01
7.187467E-08,-1.4985173E-01
7.192467E-08,-1.4985173E-01
7.197467E-08,-1.4985173E-01
7.202467E-08,-1.4979903E-01
7.207467E-08,-1.4979903E-01
7.212467E-08,-1.4974632E-01
7.217467E-08,-1.4969361E-01
7.222467E-08,-1.4964090E-01
7.227467E-08,-1.4958819E-01
7.232467E-08,-1.4953548E-01
7.237467E-08,-1.4948277E-01
7.242467E-08,-1.4943006E-01
7.247467E-08,-1.4937735E-01
7.252467E-08,-1.4932464E-01
7.257467E-08,-1.4927194E-01
7.262467E-08,-1.4921923E-01
7.267467E-08,-1.4916652E-01
7.272467E-08,-1.4911381E-01
7.277467E-08,-1.4906110E-01
7.282467E-08,-1.4900839E-01
7.287467E-08,-1.4900839E-01
7.292467E-08,-1.4900839E-01
7.297467E-08,-1.4895568E-01
7.302467E-08,-1.4895568E-01
7.307467E-08,-1.4895568E-01
7.312467E-08,-1.4895568E-01
7.317467E-08,-1.4900839E-01
7.322467E-08,-1.4900839E-01
7.327467E-08,-1.4906110E-01
7.332467E-08,-1.4906110E-01
7.337467E-08,-1.4911381E-01
7.342467E-08,-1.4916652E-01
7.347467E-08,-1.4921923E-01
7.352467E-08,-1.4921923E-01
7.357467E-08,-1.4927194E-01
7.362467E-08,-1.4932464E-01
7.367467E-08,-1.4937735E-01
7.372467E-08,-1.4943006E-01
7.377467E-08,-1.4948277E-01
7.382467E-08,-1.4953548E-01
7.387467E-08,-1.4958819E-01
7.392467E-08,-1.4958819E-01
7.397467E-08,-1.4964090E-01
7.402467E-08,-1.4969361E-01
7.407467E-08,-1.4969361E-01
7.412467E-08,-1.4969361E-01
7.417467E-08,-1.4974632E-01
7.422467E-08,-1.4974632E-01
7.427467E-08,-1.4974632E-01
7.432467E-08,-1.4974632E-01
7.437467E-08,-1.4974632E-01
7.442467E-08,-1.4974632E-01
7.447467E-08,-1.4969361E-01
7.452467E-08,-1.4969361E-01
7.457467E-08,-1.4969361E-01
7.462467E-08,-1.4969361E-01
7.467467E-08,-1.4964090E-01
7.472467E-08,-1.4964090E-01
7.477467E-08,-1.4958819E-01
7.482467E-08,-1.4958819E-01
7.487467E-08,-1.4958819E-01
7.492467E-08,-1.4953548E-01
7.497467E-08,-1.4953548E-01
7.502467E-08,-1.4953548E-01
7.507467E-08,-1.4948277E-01
7.512467E-08,-1.4948277E-01
7.517467E-08,-1.4948277E-01
7.522467E-08,-1.4948277E-01
7.527467E-08,-1.4948277E-01
7.532467E-08,-1.4948277E-01
7.537467E-08,-1.4943006E-01
7.542467E-08,-1.4948277E-01
7.547467E-08,-1.4948277E-01
7.552467E-08,-1.4948277E-01
7.557467E-08,-1.4948277E-01
7.562467E-08,-1.4948277E-01
7.567467E-08,-1.4948277E-01
7.572467E-08,-1.4948277E-01
7.577467E-08,-1.4953548E-01
7.582467E-08,-1.4953548E-01
7.587467E-08,-1.4953548E-01
7.592467E-08,-1.4953548E-01
7.597467E-08,-1.4953548E-01
7.602467E-08,-1.4958819E-01
7.607467E-08,-1.4958819E-01
7.612467E-08,-1.4958819E-01
7.617467E-08,-1.4958819E-01
7.622467E-08,-1.4964090E-01
7.627467E-08,-1.4964090E-01
7.632467E-08,-1.4964090E-01
7.637467E-08,-1.4964090E-01
7.642467E-08,-1.4964090E-01
7.647467E-08,-1.4969361E-01
7.652467E-08,-1.4969361E-01
7.657467E-08,-1.4969361E-01
7.662467E-08,-1.4974632E-01
7.667467E-08,-1.4974632E-01
7.672467E-08,-1.4974632E-01
7.677467E-08,-1.4979903E-01
7.682467E-08,-1.4979903E-01
7.687467E-08,-1.4979903E-01
7.692467E-08,-1.4985173E-01
7.697467E-08,-1.4985173E-01
7.702467E-08,-1.4985173E-01
7.707467E-08,-1.4990444E-01
7.712467E-08,-1.4990444E-01
7.717467E-08,-1.4995715E-01
7.722467E-08,-1.4995715E-01
7.727467E-08,-1.4995715E-01
7.732467E-08,-1.5000986E-01
7.737467E-08,-1.5000986E-01
7.742467E-08,-1.5000986E-01
7.747467E-08,-1.5000986E-01
7.752467E-08,-1.5000986E-01
7.757467E-08,-1.5000986E-01
7.762467E-08,-1.5000986E-01
7.767467E-08,-1.5000986E-01
7.772467E-08,-1.4995715E-01
7.777467E-08,-1.4995715E-01
7.782467E-08,-1.4995715E-01
7.787467E-08,-1.4990444E-01
7.792467E-08,-1.4985173E-01
7.797467E-08,-1.4985173E-01
7.802467E-08,-1.4979903E-01
7.807467E-08,-1.4974632E-01
7.812467E-08,-1.4969361E-01
7.817467E-08,-1.4964090E-01
7.822467E-08,-1.4958819E-01
7.827467E-08,-1.4953548E-01
7.832467E-08,-1.4948277E-01
7.837467E-08,-1.4943006E-01
7.842467E-08,-1.4937735E-01
7.847467E-08,-1.4932464E-01
7.852467E-08,-1.4927194E-01
7.857467E-08,-1.4927194E-01
7.862467E-08,-1.4921923E-01
7.867467E-08,-1.4916652E-01
7.872467E-08,-1.4911381E-01
7.877467E-08,-1.4911381E-01
7.882467E-08,-1.4906110E-01
7.887467E-08,-1.4906110E-01
7.892467E-08,-1.4900839E-01
7.897467E-08,-1.4900839E-01
7.902467E-08,-1.4900839E-01
7.907467E-08,-1.4900839E-01
7.912467E-08,-1.4900839E-01
7.917467E-08,-1.4900839E-01
7.922467E-08,-1.4900839E-01
7.927467E-08,-1.4906110E-01
7.932467E-08,-1.4906110E-01
7.937467E-08,-1.4911381E-01
7.942467E-08,-1.4911381E-01
7.947467E-08,-1.4916652E-01
7.952467E-08,-1.4916652E-01
7.957467E-08,-1.4921923E-01
7.962467E-08,-1.4927194E-01
7.967467E-08,-1.4932464E-01
7.972467E-08,-1.4932464E-01
7.977467E-08,-1.4937735E-01
7.982467E-08,-1.4943006E-01
7.987467E-08,-1.4943006E-01
7.992467E-08,-1.4948277E-01
7.997467E-08,-1.4953548E-01
8.002467E-08,-1.4953548E-01
8.007467E-08,-1.4958819E-01
8.012467E-08,-1.4958819E-01
8.017467E-08,-1.4964090E-01
8.022467E-08,-1.4964090E-01
8.027467E-08,-1.4964090E-01
8.032467E-08,-1.4969361E-01
8.037467E-08,-1.4969361E-01
8.042467E-08,-1.4969361E-01
8.047467E-08,-1.4969361E-01
8.052467E-08,-1.4969361E-01
8.057467E-08,-1.4969361E-01
8.062467E-08,-1.4969361E-01
8.067467E-08,-1.4969361E-01
8.072467E-08,-1.4974632E-01
8.077467E-08,-1.4969361E-01
8.082467E-08,-1.4969361E-01
8.087467E-08,-1.4969361E-01
8.092467E-08,-1.4969361E-01
8.097467E-08,-1.4969361E-01
8.102467E-08,-1.4969361E-01
8.107467E-08,-1.4969361E-01
8.112467E-08,-1.4969361E-01
8.117467E-08,-1.4969361E-01
8.122467E-08,-1.4969361E-01
8.127467E-08,-1.4969361E-01
8.132467E-08,-1.4969361E-01
8.137467E-08,-1.4969361E-01
8.142467E-08,-1.4969361E-01
8.147467E-08,-1.4964090E-01
8.152467E-08,-1.4964090E-01
8.157467E-08,-1.4964090E-01
8.162467E-08,-1.4964090E-01
8.167467E-08,-1.4964090E-01
8.172467E-08,-1.4958819E-01
8.177467E-08,-1.4958819E-01
8.182467E-08,-1.4958819E-01
8.187467E-08,-1.4953548E-01
8.192467E-08,-1.4953548E-01
8.197467E-08,-1.4948277E-01
8.202467E-08,-1.4948277E-01
8.207467E-08,-1.4943006E-01
8.212467E-08,-1.4943006E-01
8.217467E-08,-1.4937735E-01
8.222467E-08,-1.4932464E-01
8.227467E-08,-1.4932464E-01
8.232467E-08,-1.4927194E-01
8.237467E-08,-1.4921923E-01
8.242467E-08,-1.4921923E-01
8.247467E-08,-1.4916652E-01
8.252467E-08,-1.4911381E-01
8.257467E-08,-1.4911381E-01
8.262467E-08,-1.4906110E-01
8.267467E-08,-1.4900839E-01
8.272467E-08,-1.4900839E-01
8.277467E-08,-1.4895568E-01
8.282467E-08,-1.4895568E-01
8.287467E-08,-1.4890297E-01
8.292467E-08,-1.4890297E-01
8.297467E-08,-1.4885026E-01
8.302467E-08,-1.4885026E-01
8.307467E-08,-1.4879755E-01
8.312467E-08,-1.4879755E-01
8.317467E-08,-1.4879755E-01
8.322467E-08,-1.4879755E-01
8.327467E-08,-1.4874485E-01
8.332467E-08,-1.4874485E-01
8.337467E-08,-1.4874485E-01
8.342467E-08,-1.4874485E-01
8.347467E-08,-1.4874485E-01
8.352467E-08,-1.4874485E-01
8.357467E-08,-1.4874485E-01
8.362467E-08,-1.4874485E-01
8.367467E-08,-1.4874485E-01
8.372467E-08,-1.4874485E-01
8.377467E-08,-1.4874485E-01
8.382467E-08,-1.4874485E-01
8.387467E-08,-1.4874485E-01
8.392467E-08,-1.4874485E-01
8.397467E-08,-1.4874485E-01
8.402467E-08,-1.4874485E-01
8.407467E-08,-1.4874485E-01
8.412467E-08,-1.4874485E-01
8.417467E-08,-1.4874485E-01
8.422467E-08,-1.4874485E-01
8.427467E-08,-1.4874485E-01
8.432467E-08,-1.4874485E-01
8.437467E-08,-1.4874485E-01
8.442467E-08,-1.4874485E-01
8.447467E-08,-1.4874485E-01
8.452467E-08,-1.4874485E-01
8.457467E-08,-1.4874485E-01
8.462467E-08,-1.4874485E-01
8.467467E-08,-1.4874485E-01
8.472467E-08,-1.4874485E-01
8.477467E-08,-1.4879755E-01
8.482467E-08,-1.4879755E-01
8.487467E-08,-1.4879755E-01
8.492467E-08,-1.4879755E-01
8.497467E-08,-1.4879755E-01
8.502467E-08,-1.4885026E-01
8.507467E-08,-1.4885026E-01
8.512467E-08,-1.4885026E-01
8.517467E-08,-1.4890297E-01
8.522467E-08,-1.4890297E-01
8.527467E-08,-1.4895568E-01
8.532467E-08,-1.4895568E-01
8.537467E-08,-1.4900839E-01
8.542467E-08,-1.4906110E-01
8.547467E-08,-1.4906110E-01
8.552467E-08,-1.4911381E-01
8.557467E-08,-1.4916652E-01
8.562467E-08,-1.4916652E-01
8.567467E-08,-1.4921923E-01
8.572467E-08,-1.4927194E-01
8.577467E-08,-1.4932464E-01
8.582467E-08,-1.4937735E-01
8.587467E-08,-1.4937735E-01
8.592467E-08,-1.4943006E-01
8.597467E-08,-1.4948277E-01
8.602467E-08,-1.4948277E-01
8.607467E-08,-1.4953548E-01
8.612467E-08,-1.4958819E-01
8.617467E-08,-1.4958819E-01
8.622467E-08,-1.4964090E-01
8.627467E-08,-1.4964090E-01
8.632467E-08,-1.4969361E-01
8.637467E-08,-1.4969361E-01
8.642467E-08,-1.4974632E-01
8.647467E-08,-1.4974632E-01
8.652467E-08,-1.4974632E-01
8.657467E-08,-1.4974632E-01
8.662467E-08,-1.4974632E-01
8.667467E-08,-1.4979903E-01
8.672467E-08,-1.4974632E-01
8.677467E-08,-1.4974632E-01
8.682467E-08,-1.4974632E-01
8.687467E-08,-1.4974632E-01
8.692467E-08,-1.4974632E-01
8.697467E-08,-1.4969361E-01
8.702467E-08,-1.4969361E-01
8.707467E-08,-1.4969361E-01
8.712467E-08,-1.4964090E-01
8.717467E-08,-1.4964090E-01
8.722467E-08,-1.4958819E-01
8.727467E-08,-1.4958819E-01
8.732467E-08,-1.4953548E-01
8.737467E-08,-1.4953548E-01
8.742467E-08,-1.4948277E-01
8.747467E-08,-1.4943006E-01
8.752467E-08,-1.4943006E-01
8.757467E-08,-1.4937735E-01
8.762467E-08,-1.4937735E-01
8.767467E-08,-1.4932464E-01
8.772467E-08,-1.4932464E-01
8.777467E-08,-1.4927194E-01
8.782467E-08,-1.4927194E-01
8.787467E-08,-1.4921923E-01
8.792467E-08,-1.4921923E-01
8.797467E-08,-1.4921923E-01
8.802467E-08,-1.4916652E-01
8.807467E-08,-1.4916652E-01
8.812467E-08,-1.4916652E-01
8.817467E-08,-1.4916652E-01
8.822467E-08,-1.4916652E-01
8.827467E-08,-1.4916652E-01
8.832467E-08,-1.4911381E-01
8.837467E-08,-1.4911381E-01
8.842467E-08,-1.4911381E-01
8.847467E-08,-1.4911381E-01
8.852467E-08,-1.4911381E-01
8.857467E-08,-1.4911381E-01
8.862467E-08,-1.4911381E-01
8.867467E-08,-1.4911381E-01
8.872467E-08,-1.4911381E-01
8.877467E-08,-1.4911381E-01
8.882467E-08,-1.4911381E-01
8.887467E-08,-1.4911381E-01
8.892467E-08,-1.4911381E-01
8.897467E-08,-1.4911381E-01
8.902467E-08,-1.4911381E-01
8.907467E-08,-1.4911381E-01
8.912467E-08,-1.4911381E-01
8.917467E-08,-1.4911381E-01
8.922467E-08,-1.4906110E-01
8.927467E-08,-1.4906110E-01
8.932467E-08,-1.4906110E-01
8.937467E-08,-1.4906110E-01
8.942467E-08,-1.4906110E-01
8.947467E-08,-1.4900839E-01
8.952467E-08,-1.4900839E-01
8.957467E-08,-1.4900839E-01
8.962467E-08,-1.4900839E-01
8.967467E-08,-1.4900839E-01
8.972467E-08,-1.4895568E-01
8.977467E-08,-1.4895568E-01
8.982467E-08,-1.4895568E-01
8.987467E-08,-1.4895568E-01
8.992467E-08,-1.4895568E-01
8.997467E-08,-1.4895568E-01
9.002467E-08,-1.4895568E-01
9.007467E-08,-1.4895568E-01
9.012467E-08,-1.4895568E-01
9.017467E-08,-1.4895568E-01
9.022467E-08,-1.4895568E-01
9.027467E-08,-1.4895568E-01
9.032467E-08,-1.4895568E-01
9.037467E-08,-1.4900839E-01
9.042467E-08,-1.4900839E-01
9.047467E-08,-1.4906110E-01
9.052467E-08,-1.4906110E-01
9.057467E-08,-1.4911381E-01
9.062467E-08,-1.4916652E-01
9.067467E-08,-1.4916652E-01
9.072467E-08,-1.4921923E-01
9.077467E-08,-1.4927194E-01
9.082467E-08,-1.4932464E-01
9.087467E-08,-1.4937735E-01
9.092467E-08,-1.4943006E-01
9.097467E-08,-1.4948277E-01
9.102467E-08,-1.4953548E-01
9.107467E-08,-1.4958819E-01
9.112467E-08,-1.4964090E-01
9.117467E-08,-1.4969361E-01
9.122467E-08,-1.4974632E-01
9.127467E-08,-1.4979903E-01
9.132467E-08,-1.4990444E-01
9.137467E-08,-1.4995715E-01
9.142467E-08,-1.5000986E-01
9.147467E-08,-1.5006257E-01
9.152467E-08,-1.5011528E-01
9.157467E-08,-1.5016799E-01
9.162467E-08,-1.5022070E-01
9.167467E-08,-1.5027341E-01
9.172467E-08,-1.5027341E-01
9.177467E-08,-1.5032612E-01
9.182467E-08,-1.5037883E-01
9.187467E-08,-1.5043153E-01
9.192467E-08,-1.5043153E-01
9.197467E-08,-1.5048424E-01
9.202467E-08,-1.5048424E-01
9.207467E-08,-1.5048424E-01
9.212467E-08,-1.5053695E-01
9.217467E-08,-1.5053695E-01
9.222467E-08,-1.5053695E-01
9.227467E-08,-1.5053695E-01
9.232467E-08,-1.5053695E-01
9.237467E-08,-1.5053695E-01
9.242467E-08,-1.5053695E-01
9.247467E-08,-1.5053695E-01
9.252467E-08,-1.5053695E-01
9.257467E-08,-1.5053695E-01
9.262467E-08,-1.5053695E-01
9.267467E-08,-1.5048424E-01
9.272467E-08,-1.5048424E-01
9.277467E-08,-1.5048424E-01
9.282467E-08,-1.5043153E-01
9.287467E-08,-1.5043153E-01
9.292467E-08,-1.5037883E-01
9.297467E-08,-1.5037883E-01
9.302467E-08,-1.5032612E-01
9.307467E-08,-1.5032612E-01
9.312467E-08,-1.5032612E-01
9.317467E-08,-1.5027341E-01
9.322467E-08,-1.5027341E-01
9.327467E-08,-1.5022070E-01
9.332467E-08,-1.5022070E-01
9.337467E-08,-1.5022070E-01
9.342467E-08,-1.5016799E-01
9.347467E-08,-1.5016799E-01
9.352467E-08,-1.5016799E-01
9.357467E-08,-1.5011528E-01
9.362467E-08,-1.5011528E-01
9.367467E-08,-1.5011528E-01
9.372467E-08,-1.5011528E-01
9.377467E-08,-1.5006257E-01
9.382467E-08,-1.5006257E-01
9.387467E-08,-1.5006257E-01
9.392467E-08,-1.5006257E-01
9.397467E-08,-1.5006257E-01
9.402467E-08,-1.5000986E-01
9.407467E-08,-1.5000986E-01
9.412467E-08,-1.5000986E-01
9.417467E-08,-1.4995715E-01
9.422467E-08,-1.4995715E-01
9.427467E-08,-1.4995715E-01
9.432467E-08,-1.4990444E-01
9.437467E-08,-1.4990444E-01
9.442467E-08,-1.4985173E-01
9.447467E-08,-1.4985173E-01
9.452467E-08,-1.4979903E-01
9.457467E-08,-1.4974632E-01
9.462467E-08,-1.4969361E-01
9.467467E-08,-1.4969361E-01
9.472467E-08,-1.4964090E-01
9.477467E-08,-1.4958819E-01
9.482467E-08,-1.4953548E-01
9.487467E-08,-1.4948277E-01
9.492467E-08,-1.4948277E-01
9.497467E-08,-1.4943006E-01
9.502467E-08,-1.4937735E-01
9.507467E-08,-1.4932464E-01
9.512467E-08,-1.4927194E-01
9.517467E-08,-1.4927194E-01
9.522467E-08,-1.4921923E-01
9.527467E-08,-1.4916652E-01
9.532467E-08,-1.4916652E-01
9.537467E-08,-1.4911381E-01
9.542467E-08,-1.4911381E-01
9.547467E-08,-1.4911381E-01
9.552467E-08,-1.4911381E-01
9.557467E-08,-1.4911381E-01
9.562467E-08,-1.4911381E-01
9.567467E-08,-1.4911381E-01
9.572467E-08,-1.4911381E-01
9.577467E-08,-1.4911381E-01
9.582467E-08,-1.4911381E-01
9.587467E-08,-1.4916652E-01
9.592467E-08,-1.4916652E-01
9.597467E-08,-1.4921923E-01
9.602467E-08,-1.4927194E-01
9.607467E-08,-1.4927194E-01
9.612467E-08,-1.4932464E-01
9.617467E-08,-1.4937735E-01
9.622467E-08,-1.4943006E-01
9.627467E-08,-1.4943006E-01
9.632467E-08,-1.4948277E-01
9.637467E-08,-1.4953548E-01
9.642467E-08,-1.4958819E-01
9.647467E-08,-1.4958819E-01
9.652467E-08,-1.4964090E-01
9.657467E-08,-1.4969361E-01
9.662467E-08,-1.4969361E-01
9.667467E-08,-1.4974632E-01
9.672467E-08,-1.4974632E-01
9.677467E-08,-1.4979903E-01
9.682467E-08,-1.4979903E-01
9.687467E-08,-1.4979903E-01
9.692467E-08,-1.4985173E-01
9.697467E-08,-1.4985173E-01
9.702467E-08,-1.4985173E-01
9.707467E-08,-1.4985173E-01
9.712467E-08,-1.4985173E-01
9.717467E-08,-1.4985173E-01
9.722467E-08,-1.4985173E-01
9.727467E-08,-1.4985173E-01
9.732467E-08,-1.4985173E-01
9.737467E-08,-1.4985173E-01
9.742467E-08,-1.4985173E-01
9.747467E-08,-1.4985173E-01
9.752467E-08,-1.4979903E-01
9.757467E-08,-1.4979903E-01
9.762467E-08,-1.4979903E-01
9.767467E-08,-1.4979903E-01
9.772467E-08,-1.4979903E-01
9.777467E-08,-1.4979903E-01
9.782467E-08,-1.4979903E-01
9.787467E-08,-1.4985173E-01
9.792467E-08,-1.4985173E-01
9.797467E-08,-1.4985173E-01
9.802467E-08,-1.4985173E-01
9.807467E-08,-1.4985173E-01
9.812467E-08,-1.4985173E-01
9.817467E-08,-1.4985173E-01
9.822467E-08,-1.4985173E-01
9.827467E-08,-1.4990444E-01
9.832467E-08,-1.4990444E-01
9.837467E-08,-1.4990444E-01
9.842467E-08,-1.4985173E-01
9.847467E-08,-1.4985173E-01
9.852467E-08,-1.4985173E-01
9.857467E-08,-1.4985173E-01
9.862467E-08,-1.4979903E-01
9.867467E-08,-1.4979903E-01
9.872467E-08,-1.4974632E-01
9.877467E-08,-1.4974632E-01
9.882467E-08,-1.4969361E-01
9.887467E-08,-1.4964090E-01
9.892467E-08,-1.4958819E-01
9.897467E-08,-1.4953548E-01
9.902467E-08,-1.4948277E-01
9.907467E-08,-1.4943006E-01
9.912467E-08,-1.4932464E-01
9.917467E-08,-1.4927194E-01
9.922467E-08,-1.4921923E-01
9.927467E-08,-1.4916652E-01
9.932467E-08,-1.4906110E-01
9.937467E-08,-1.4900839E-01
9.942467E-08,-1.4895568E-01
9.947467E-08,-1.4885026E-01
9.952467E-08,-1.4879755E-01
9.957467E-08,-1.4874485E-01
9.962467E-08,-1.4869214E-01
9.967467E-08,-1.4863943E-01
9.972467E-08,-1.4858672E-01
9.977467E-08,-1.4853401E-01
9.982467E-08,-1.4853401E-01
9.987467E-08,-1.4848130E-01
9.992467E-08,-1.4848130E-01
9.997467E-08,-1.4842859E-01
1.0002467E-07,-1.4842859E-01
1.0007467E-07,-1.4842859E-01
1.0012467E-07,-1.4842859E-01
1.0017467E-07,-1.4842859E-01
1.0022467E-07,-1.4842859E-01
1.0027467E-07,-1.4842859E-01
1.0032467E-07,-1.4842859E-01
1.0037467E-07,-1.4842859E-01
1.0042467E-07,-1.4848130E-01
1.0047467E-07,-1.4848130E-01
1.0052467E-07,-1.4848130E-01
1.0057467E-07,-1.4853401E-01
1.0062467E-07,-1.4853401E-01
1.0067467E-07,-1.4858672E-01
1.0072467E-07,-1.4858672E-01
1.0077467E-07,-1.4858672E-01
1.0082467E-07,-1.4863943E-01
1.0087467E-07,-1.4863943E-01
1.0092467E-07,-1.4869214E-01
1.0097467E-07,-1.4869214E-01
1.0102467E-07,-1.4869214E-01
1.0107467E-07,-1.4869214E-01
1.0112467E-07,-1.4874485E-01
1.0117467E-07,-1.4874485E-01
1.0122467E-07,-1.4874485E-01
1.0127467E-07,-1.4874485E-01
1.0132467E-07,-1.4874485E-01
1.0137467E-07,-1.4879755E-01
1.0142467E-07,-1.4879755E-01
1.0147467E-07,-1.4879755E-01
1.0152467E-07,-1.4879755E-01
1.0157467E-07,-1.4879755E-01
1.0162467E-07,-1.4885026E-01
1.0167467E-07,-1.4885026E-01
1.0172467E-07,-1.4885026E-01
1.0177467E-07,-1.4890297E-01
1.0182467E-07,-1.4890297E-01
1.0187467E-07,-1.4895568E-01
1.0192467E-07,-1.4895568E-01
1.0197467E-07,-1.4900839E-01
1.0202467E-07,-1.4900839E-01
1.0207467E-07,-1.4906110E-01
1.0212467E-07,-1.4911381E-01
1.0217467E-07,-1.4911381E-01
1.0222467E-07,-1.4916652E-01
1.0227467E-07,-1.4921923E-01
1.0232467E-07,-1.4927194E-01
1.0237467E-07,-1.4927194E-01
1.0242467E-07,-1.4932464E-01
1.0247467E-07,-1.4937735E-01
1.0252467E-07,-1.4937735E-01
1.0257467E-07,-1.4943006E-01
1.0262467E-07,-1.4948277E-01
1.0267467E-07,-1.4948277E-01
1.0272467E-07,-1.4953548E-01
1.0277467E-07,-1.4953548E-01
1.0282467E-07,-1.4953548E-01
1.0287467E-07,-1.4958819E-01
1.0292467E-07,-1.4958819E-01
1.0297467E-07,-1.4958819E-01
1.0302467E-07,-1.4958819E-01
1.0307467E-07,-1.4958819E-01
1.0312467E-07,-1.4958819E-01
1.0317467E-07,-1.4958819E-01
1.0322467E-07,-1.4958819E-01
1.0327467E-07,-1.4958819E-01
1.0332467E-07,-1.4953548E-01
1.0337467E-07,-1.4953548E-01
1.0342467E-07,-1.4953548E-01
1.0347467E-07,-1.4953548E-01
1.0352467E-07,-1.4953548E-01
1.0357467E-07,-1.4948277E-01
1.0362467E-07,-1.4948277E-01
1.0367467E-07,-1.4948277E-01
1.0372467E-07,-1.4948277E-01
1.0377467E-07,-1.4948277E-01
1.0382467E-07,-1.4948277E-01
1.0387467E-07,-1.4953548E-01
1.0392467E-07,-1.4953548E-01
1.0397467E-07,-1.4953548E-01
1.0402467E-07,-1.4953548E-01
1.0407467E-07,-1.4958819E-01
1.0412467E-07,-1.4958819E-01
1.0417467E-07,-1.4964090E-01
1.0422467E-07,-1.4964090E-01
1.0427467E-07,-1.4969361E-01
1.0432467E-07,-1.4974632E-01
1.0437467E-07,-1.4974632E-01
1.0442467E-07,-1.4979903E-01
1.0447467E-07,-1.4985173E-01
1.0452467E-07,-1.4985173E-01
1.0457467E-07,-1.4990444E-01
1.0462467E-07,-1.4995715E-01
1.0467467E-07,-1.4995715E-01
1.0472467E-07,-1.4995715E-01
1.0477467E-07,-1.5000986E-01
1.0482467E-07,-1.5000986E-01
1.0487467E-07,-1.5000986E-01
1.0492467E-07,-1.5006257E-01
1.0497467E-07,-1.5006257E-01
1.0502467E-07,-1.5006257E-01
1.0507467E-07,-1.5006257E-01
1.0512467E-07,-1.5000986E-01
1.0517467E-07,-1.5000986E-01
1.0522467E-07,-1.5000986E-01
1.0527467E-07,-1.4995715E-01
1.0532467E-07,-1.4995715E-01
1.0537467E-07,-1.4990444E-01
1.0542467E-07,-1.4985173E-01
1.0547467E-07,-1.4985173E-01
1.0552467E-07,-1.4979903E-01
1.0557467E-07,-1.4974632E-01
1.0562467E-07,-1.4969361E-01
1.0567467E-07,-1.4969361E-01
1.0572467E-07,-1.4964090E-01
1.0577467E-07,-1.4958819E-01
1.0582467E-07,-1.4953548E-01
1.0587467E-07,-1.4953548E-01
1.0592467E-07,-1.4948277E-01
1.0597467E-07,-1.4948277E-01
1.0602467E-07,-1.4943006E-01
1.0607467E-07,-1.4943006E-01
1.0612467E-07,-1.4937735E-01
1.0617467E-07,-1.4937735E-01
1.0622467E-07,-1.4937735E-01
1.0627467E-07,-1.4937735E-01
1.0632467E-07,-1.4932464E-01
1.0637467E-07,-1.4932464E-01
1.0642467E-07,-1.4932464E-01
1.0647467E-07,-1.4932464E-01
1.0652467E-07,-1.4932464E-01
1.0657467E-07,-1.4937735E-01
1.0662467E-07,-1.4937735E-01
1.0667467E-07,-1.4937735E-01
1.0672467E-07,-1.4937735E-01
1.0677467E-07,-1.4937735E-01
1.0682467E-07,-1.4943006E-01
1.0687467E-07,-1.4943006E-01
1.0692467E-07,-1.4943006E-01
1.0697467E-07,-1.4943006E-01
1.0702467E-07,-1.4943006E-01
1.0707467E-07,-1.4943006E-01
1.0712467E-07,-1.4943006E-01
1.0717467E-07,-1.4943006E-01
1.0722467E-07,-1.4943006E-01
1.0727467E-07,-1.4943006E-01
1.0732467E-07,-1.4943006E-01
1.0737467E-07,-1.4943006E-01
1.0742467E-07,-1.4943006E-01
1.0747467E-07,-1.4943006E-01
1.0752467E-07,-1.4943006E-01
1.0757467E-07,-1.4943006E-01
1.0762467E-07,-1.4937735E-01
1.0767467E-07,-1.4937735E-01
1.0772467E-07,-1.4937735E-01
1.0777467E-07,-1.4937735E-01
1.0782467E-07,-1.4937735E-01
1.0787467E-07,-1.4937735E-01
1.0792467E-07,-1.4937735E-01
1.0797467E-07,-1.4937735E-01
1.0802467E-07,-1.4937735E-01
1.0807467E-07,-1.4943006E-01
1.0812467E-07,-1.4943006E-01
1.0817467E-07,-1.4943006E-01
1.0822467E-07,-1.4948277E-01
1.0827467E-07,-1.4948277E-01
1.0832467E-07,-1.4953548E-01
1.0837467E-07,-1.4953548E-01
1.0842467E-07,-1.4958819E-01
1.0847467E-07,-1.4964090E-01
1.0852467E-07,-1.4964090E-01
1.0857467E-07,-1.4969361E-01
1.0862467E-07,-1.4974632E-01
1.0867467E-07,-1.4979903E-01
1.0872467E-07,-1.4979903E-01
1.0877467E-07,-1.4985173E-01
1.0882467E-07,-1.4985173E-01
1.0887467E-07,-1.4990444E-01
1.0892467E-07,-1.4995715E-01
1.0897467E-07,-1.4995715E-01
1.0902467E-07,-1.4995715E-01
1.0907467E-07,-1.5000986E-01
1.0912467E-07,-1.5000986E-01
1.0917467E-07,-1.5000986E-01
1.0922467E-07,-1.5000986E-01
1.0927467E-07,-1.5000986E-01
1.0932467E-07,-1.5000986E-01
1.0937467E-07,-1.4995715E-01
1.0942467E-07,-1.4995715E-01
1.0947467E-07,-1.4990444E-01
1.0952467E-07,-1.4990444E-01
1.0957467E-07,-1.4985173E-01
1.0962467E-07,-1.4979903E-01
1.0967467E-07,-1.4974632E-01
1.0972467E-07,-1.4969361E-01
1.0977467E-07,-1.4964090E-01
1.0982467E-07,-1.4958819E-01
1.0987467E-07,-1.4953548E-01
1.0992467E-07,-1.4948277E-01
1.0997467E-07,-1.4943006E-01
1.1002467E-07,-1.4937735E-01
1.1007467E-07,-1.4932464E-01
1.1012467E-07,-1.4927194E-01
1.1017467E-07,-1.4921923E-01
1.1022467E-07,-1.4916652E-01
1.1027467E-07,-1.4911381E-01
1.1032467E-07,-1.4906110E-01
1.1037467E-07,-1.4900839E-01
1.1042467E-07,-1.4895568E-01
1.1047467E-07,-1.4895568E-01
1.1052467E-07,-1.4890297E-01
1.1057467E-07,-1.4885026E-01
1.1062467E-07,-1.4885026E-01
1.1067467E-07,-1.4885026E-01
1.1072467E-07,-1.4885026E-01
1.1077467E-07,-1.4879755E-01
1.1082467E-07,-1.4885026E-01
1.1087467E-07,-1.4885026E-01
1.1092467E-07,-1.4885026E-01
1.1097467E-07,-1.4885026E-01
1.1102467E-07,-1.4885026E-01
1.1107467E-07,-1.4890297E-01
1.1112467E-07,-1.4890297E-01
1.1117467E-07,-1.4890297E-01
1.1122467E-07,-1.4895568E-01
1.1127467E-07,-1.4895568E-01
1.1132467E-07,-1.4900839E-01
1.1137467E-07,-1.4900839E-01
1.1142467E-07,-1.4906110E-01
1.1147467E-07,-1.4911381E-01
1.1152467E-07,-1.4911381E-01
1.1157467E-07,-1.4916652E-01
1.1162467E-07,-1.4916652E-01
1.1167467E-07,-1.4921923E-01
1.1172467E-07,-1.4921923E-01
1.1177467E-07,-1.4927194E-01
1.1182467E-07,-1.4927194E-01
1.1187467E-07,-1.4932464E-01
1.1192467E-07,-1.4932464E-01
1.1197467E-07,-1.4932464E-01
1.1202467E-07,-1.4937735E-01
1.1207467E-07,-1.4937735E-01
1.1212467E-07,-1.4937735E-01
1.1217467E-07,-1.4937735E-01
1.1222467E-07,-1.4937735E-01
1.1227467E-07,-1.4943006E-01
1.1232467E-07,-1.4943006E-01
1.1237467E-07,-1.4943006E-01
1.1242467E-07,-1.4943006E-01
1.1247467E-07,-1.4943006E-01
1.1252467E-07,-1.4943006E-01
1.1257467E-07,-1.4943006E-01
1.1262467E-07,-1.4943006E-01
1.1267467E-07,-1.4943006E-01
1.1272467E-07,-1.4943006E-01
1.1277467E-07,-1.4943006E-01
1.1282467E-07,-1.4943006E-01
1.1287467E-07,-1.4943006E-01
1.1292467E-07,-1.4943006E-01
1.1297467E-07,-1.4943006E-01
1.1302467E-07,-1.4943006E-01
1.1307467E-07,-1.4943006E-01
1.1312467E-07,-1.4943006E-01
1.1317467E-07,-1.4948277E-01
1.1322467E-07,-1.4948277E-01
1.1327467E-07,-1.4948277E-01
1.1332467E-07,-1.4948277E-01
1.1337467E-07,-1.4948277E-01
1.1342467E-07,-1.4953548E-01
1.1347467E-07,-1.4953548E-01
1.1352467E-07,-1.4953548E-01
1.1357467E-07,-1.4953548E-01
1.1362467E-07,-1.4958819E-01
1.1367467E-07,-1.4958819E-01
1.1372467E-07,-1.4964090E-01
1.1377467E-07,-1.4964090E-01
1.1382467E-07,-1.4964090E-01
1.1387467E-07,-1.4969361E-01
1.1392467E-07,-1.4969361E-01
1.1397467E-07,-1.4974632E-01
1.1402467E-07,-1.4974632E-01
1.1407467E-07,-1.4979903E-01
1.1412467E-07,-1.4979903E-01
1.1417467E-07,-1.4985173E-01
1.1422467E-07,-1.4985173E-01
1.1427467E-07,-1.4990444E-01
1.1432467E-07,-1.4990444E-01
1.1437467E-07,-1.4995715E-01
1.1442467E-07,-1.4995715E-01
1.1447467E-07,-1.4995715E-01
1.1452467E-07,-1.5000986E-01
1.1457467E-07,-1.5000986E-01
1.1462467E-07,-1.5000986E-01
1.1467467E-07,-1.5000986E-01
1.1472467E-07,-1.5000986E-01
1.1477467E-07,-1.5000986E-01
1.1482467E-07,-1.5000986E-01
1.1487467E-07,-1.5000986E-01
1.1492467E-07,-1.5000986E-01
1.1497467E-07,-1.5000986E-01
1.1502467E-07,-1.4995715E-01
1.1507467E-07,-1.4995715E-01
1.1512467E-07,-1.4990444E-01
1.1517467E-07,-1.4990444E-01
1.1522467E-07,-1.4985173E-01
1.1527467E-07,-1.4979903E-01
1.1532467E-07,-1.4979903E-01
1.1537467E-07,-1.4974632E-01
1.1542467E-07,-1.4969361E-01
1.1547467E-07,-1.4964090E-01
1.1552467E-07,-1.4958819E-01
1.1557467E-07,-1.4953548E-01
1.1562467E-07,-1.4943006E-01
1.1567467E-07,-1.4937735E-01
1.1572467E-07,-1.4932464E-01
1.1577467E-07,-1.4927194E-01
1.1582467E-07,-1.4921923E-01
1.1587467E-07,-1.4916652E-01
1.1592467E-07,-1.4911381E-01
1.1597467E-07,-1.4906110E-01
1.1602467E-07,-1.4900839E-01
1.1607467E-07,-1.4895568E-01
1.1612467E-07,-1.4890297E-01
1.1617467E-07,-1.4890297E-01
1.1622467E-07,-1.4885026E-01
1.1627467E-07,-1.4885026E-01
1.1632467E-07,-1.4879755E-01
1.1637467E-07,-1.4879755E-01
1.1642467E-07,-1.4879755E-01
1.1647467E-07,-1.4879755E-01
1.1652467E-07,-1.4879755E-01
1.1657467E-07,-1.4879755E-01
1.1662467E-07,-1.4885026E-01
1.1667467E-07,-1.4885026E-01
1.1672467E-07,-1.4890297E-01
1.1677467E-07,-1.4890297E-01
1.1682467E-07,-1.4895568E-01
1.1687467E-07,-1.4900839E-01
1.1692467E-07,-1.4906110E-01
1.1697467E-07,-1.4911381E-01
1.1702467E-07,-1.4916652E-01
1.1707467E-07,-1.4921923E-01
1.1712467E-07,-1.4927194E-01
1.1717467E-07,-1.4932464E-01
1.1722467E-07,-1.4937735E-01
1.1727467E-07,-1.4948277E-01
1.1732467E-07,-1.4953548E-01
1.1737467E-07,-1.4958819E-01
1.1742467E-07,-1.4964090E-01
1.1747467E-07,-1.4969361E-01
1.1752467E-07,-1.4974632E-01
1.1757467E-07,-1.4979903E-01
1.1762467E-07,-1.4979903E-01
1.1767467E-07,-1.4985173E-01
1.1772467E-07,-1.4990444E-01
1.1777467E-07,-1.4990444E-01
1.1782467E-07,-1.4990444E-01
1.1787467E-07,-1.4995715E-01
1.1792467E-07,-1.4995715E-01
1.1797467E-07,-1.4995715E-01
1.1802467E-07,-1.4995715E-01
1.1807467E-07,-1.4995715E-01
1.1812467E-07,-1.4990444E-01
1.1817467E-07,-1.4990444E-01
1.1822467E-07,-1.4990444E-01
1.1827467E-07,-1.4985173E-01
1.1832467E-07,-1.4985173E-01
1.1837467E-07,-1.4979903E-01
1.1842467E-07,-1.4974632E-01
1.1847467E-07,-1.4974632E-01
1.1852467E-07,-1.4969361E-01
1.1857467E-07,-1.4964090E-01
1.1862467E-07,-1.4964090E-01
1.1867467E-07,-1.4958819E-01
1.1872467E-07,-1.4953548E-01
1.1877467E-07,-1.4948277E-01
1.1882467E-07,-1.4948277E-01
1.1887467E-07,-1.4943006E-01
1.1892467E-07,-1.4937735E-01
1.1897467E-07,-1.4937735E-01
1.1902467E-07,-1.4932464E-01
1.1907467E-07,-1.4932464E-01
1.1912467E-07,-1.4927194E-01
1.1917467E-07,-1.4927194E-01
1.1922467E-07,-1.4927194E-01
1.1927467E-07,-1.4921923E-01
1.1932467E-07,-1.4921923E-01
1.1937467E-07,-1.4921923E-01
1.1942467E-07,-1.4916652E-01
1.1947467E-07,-1.4916652E-01
1.1952467E-07,-1.4916652E-01
1.1957467E-07,-1.4916652E-01
1.1962467E-07,-1.4916652E-01
1.1967467E-07,-1.4911381E-01
1.1972467E-07,-1.4911381E-01
1.1977467E-07,-1.4911381E-01
1.1982467E-07,-1.4911381E-01
1.1987467E-07,-1.4911381E-01
1.1992467E-07,-1.4906110E-01
1.1997467E-07,-1.4906110E-01
1.2002467E-07,-1.4906110E-01
1.2007467E-07,-1.4900839E-01
1.2012467E-07,-1.4900839E-01
1.2017467E-07,-1.4900839E-01
1.2022467E-07,-1.4900839E-01
1.2027467E-07,-1.4895568E-01
1.2032467E-07,-1.4895568E-01
1.2037467E-07,-1.4890297E-01
1.2042467E-07,-1.4890297E-01
1.2047467E-07,-1.4890297E-01
1.2052467E-07,-1.4885026E-01
1.2057467E-07,-1.4885026E-01
1.2062467E-07,-1.4885026E-01
1.2067467E-07,-1.4885026E-01
1.2072467E-07,-1.4885026E-01
1.2077467E-07,-1.4879755E-01
1.2082467E-07,-1.4879755E-01
1.2087467E-07,-1.4879755E-01
1.2092467E-07,-1.4879755E-01
1.2097467E-07,-1.4879755E-01
1.2102467E-07,-1.4885026E-01
1.2107467E-07,-1.4885026E-01
1.2112467E-07,-1.4885026E-01
1.2117467E-07,-1.4885026E-01
1.2122467E-07,-1.4890297E-01
1.2127467E-07,-1.4890297E-01
1.2132467E-07,-1.4890297E-01
1.2137467E-07,-1.4895568E-01
1.2142467E-07,-1.4895568E-01
1.2147467E-07,-1.4900839E-01
1.2152467E-07,-1.4900839E-01
1.2157467E-07,-1.4906110E-01
1.2162467E-07,-1.4906110E-01
1.2167467E-07,-1.4911381E-01
1.2172467E-07,-1.4916652E-01
1.2177467E-07,-1.4916652E-01
1.2182467E-07,-1.4916652E-01
1.2187467E-07,-1.4921923E-01
1.2192467E-07,-1.4921923E-01
1.2197467E-07,-1.4927194E-01
1.2202467E-07,-1.4927194E-01
1.2207467E-07,-1.4927194E-01
1.2212467E-07,-1.4927194E-01
1.2217467E-07,-1.4927194E-01
1.2222467E-07,-1.4927194E-01
1.2227467E-07,-1.4927194E-01
1.2232467E-07,-1.4927194E-01
1.2237467E-07,-1.4927194E-01
1.2242467E-07,-1.4927194E-01
1.2247467E-07,-1.4927194E-01
1.2252467E-07,-1.4921923E-01
1.2257467E-07,-1.4921923E-01
1.2262467E-07,-1.4921923E-01
1.2267467E-07,-1.4916652E-01
1.2272467E-07,-1.4916652E-01
1.2277467E-07,-1.4916652E-01
1.2282467E-07,-1.4911381E-01
1.2287467E-07,-1.4911381E-01
1.2292467E-07,-1.4911381E-01
1.2297467E-07,-1.4911381E-01
1.2302467E-07,-1.4906110E-01
1.2307467E-07,-1.4906110E-01
1.2312467E-07,-1.4906110E-01
1.2317467E-07,-1.4906110E-01
1.2322467E-07,-1.4906110E-01
1.2327467E-07,-1.4906110E-01
1.2332467E-07,-1.4906110E-01
1.2337467E-07,-1.4906110E-01
1.2342467E-07,-1.4911381E-01
1.2347467E-07,-1.4911381E-01
1.2352467E-07,-1.4911381E-01
1.2357467E-07,-1.4911381E-01
1.2362467E-07,-1.4916652E-01
1.2367467E-07,-1.4916652E-01
1.2372467E-07,-1.4921923E-01
1.2377467E-07,-1.4921923E-01
1.2382467E-07,-1.4921923E-01
1.2387467E-07,-1.4927194E-01
1.2392467E-07,-1.4927194E-01
1.2397467E-07,-1.4927194E-01
1.2402467E-07,-1.4927194E-01
1.2407467E-07,-1.4932464E-01
1.2412467E-07,-1.4932464E-01
1.2417467E-07,-1.4932464E-01
1.2422467E-07,-1.4932464E-01
1.2427467E-07,-1.4932464E-01
1.2432467E-07,-1.4932464E-01
1.2437467E-07,-1.4927194E-01
1.2442467E-07,-1.4927194E-01
1.2447467E-07,-1.4927194E-01
1.2452467E-07,-1.4921923E-01
1.2457467E-07,-1.4921923E-01
1.2462467E-07,-1.4916652E-01
1.2467467E-07,-1.4916652E-01
1.2472467E-07,-1.4911381E-01
1.2477467E-07,-1.4911381E-01
1.2482467E-07,-1.4906110E-01
1.2487467E-07,-1.4906110E-01
1.2492467E-07,-1.4900839E-01
1.2497467E-07,-1.4900839E-01
1.2502467E-07,-1.4895568E-01
1.2507467E-07,-1.4895568E-01
1.2512467E-07,-1.4890297E-01
1.2517467E-07,-1.4890297E-01
1.2522467E-07,-1.4890297E-01
1.2527467E-07,-1.4885026E-01
1.2532467E-07,-1.4885026E-01
1.2537467E-07,-1.4885026E-01
1.2542467E-07,-1.4885026E-01
1.2547467E-07,-1.4885026E-01
1.2552467E-07,-1.4885026E-01
1.2557467E-07,-1.4885026E-01
1.2562467E-07,-1.4890297E-01
1.2567467E-07,-1.4890297E-01
1.2572467E-07,-1.4890297E-01
1.2577467E-07,-1.4895568E-01
1.2582467E-07,-1.4895568E-01
1.2587467E-07,-1.4900839E-01
1.2592467E-07,-1.4900839E-01
1.2597467E-07,-1.4906110E-01
1.2602467E-07,-1.4906110E-01
1.2607467E-07,-1.4911381E-01
1.2612467E-07,-1.4911381E-01
1.2617467E-07,-1.4916652E-01
1.2622467E-07,-1.4916652E-01
1.2627467E-07,-1.4916652E-01
1.2632467E-07,-1.4921923E-01
1.2637467E-07,-1.4921923E-01
1.2642467E-07,-1.4921923E-01
1.2647467E-07,-1.4921923E-01
1.2652467E-07,-1.4927194E-01
1.2657467E-07,-1.4927194E-01
1.2662467E-07,-1.4927194E-01
1.2667467E-07,-1.4921923E-01
1.2672467E-07,-1.4921923E-01
1.2677467E-07,-1.4921923E-01
1.2682467E-07,-1.4921923E-01
1.2687467E-07,-1.4921923E-01
1.2692467E-07,-1.4916652E-01
1.2697467E-07,-1.4916652E-01
1.2702467E-07,-1.4916652E-01
1.2707467E-07,-1.4916652E-01
1.2712467E-07,-1.4911381E-01
1.2717467E-07,-1.4911381E-01
1.2722467E-07,-1.4911381E-01
1.2727467E-07,-1.4911381E-01
1.2732467E-07,-1.4906110E-01
1.2737467E-07,-1.4906110E-01
1.2742467E-07,-1.4906110E-01
1.2747467E-07,-1.4906110E-01
1.2752467E-07,-1.4906110E-01
1.2757467E-07,-1.4906110E-01
1.2762467E-07,-1.4906110E-01
1.2767467E-07,-1.4906110E-01
1.2772467E-07,-1.4911381E-01
1.2777467E-07,-1.4911381E-01
1.2782467E-07,-1.4911381E-01
1.2787467E-07,-1.4911381E-01
1.2792467E-07,-1.4916652E-01
1.2797467E-07,-1.4916652E-01
1.2802467E-07,-1.4921923E-01
1.2807467E-07,-1.4921923E-01
1.2812467E-07,-1.4927194E-01
1.2817467E-07,-1.4927194E-01
1.2822467E-07,-1.4932464E-01
1.2827467E-07,-1.4932464E-01
1.2832467E-07,-1.4932464E-01
1.2837467E-07,-1.4937735E-01
1.2842467E-07,-1.4937735E-01
1.2847467E-07,-1.4937735E-01
1.2852467E-07,-1.4943006E-01
1.2857467E-07,-1.4943006E-01
1.2862467E-07,-1.4943006E-01
1.2867467E-07,-1.4943006E-01
1.2872467E-07,-1.4943006E-01
