-7.139008E-08,-1.4916652E-01
-7.134008E-08,-1.4911381E-01
-7.129008E-08,-1.4911381E-01
-7.124008E-08,-1.4906110E-01
-7.119008E-08,-1.4906110E-01
-7.114008E-08,-1.4900839E-01
-7.109008E-08,-1.4900839E-01
-7.104008E-08,-1.4895568E-01
-7.099008E-08,-1.4895568E-01
-7.094008E-08,-1.4895568E-01
-7.089008E-08,-1.4890297E-01
-7.084008E-08,-1.4890297E-01
-7.079008E-08,-1.4890297E-01
-7.074008E-08,-1.4890297E-01
-7.069008E-08,-1.4890297E-01
-7.064008E-08,-1.4890297E-01
-7.059008E-08,-1.4890297E-01
-7.054008E-08,-1.4890297E-01
-7.049008E-08,-1.4890297E-01
-7.044008E-08,-1.4890297E-01
-7.039008E-08,-1.4890297E-01
-7.034008E-08,-1.4890297E-01
-7.029008E-08,-1.4890297E-01
-7.024008E-08,-1.4890297E-01
-7.019008E-08,-1.4890297E-01
-7.014008E-08,-1.4890297E-01
-7.009008E-08,-1.4890297E-01
-7.004008E-08,-1.4890297E-01
-6.999008E-08,-1.4890297E-01
-6.994008E-08,-1.4890297E-01
-6.989008E-08,-1.4890297E-01
-6.984008E-08,-1.4890297E-01
-6.979008E-08,-1.4890297E-01
-6.974008E-08,-1.4890297E-01
-6.969008E-08,-1.4890297E-01
-6.964008E-08,-1.4890297E-01
-6.959008E-08,-1.4890297E-01
-6.954008E-08,-1.4890297E-01
-6.949008E-08,-1.4890297E-01
-6.944008E-08,-1.4890297E-01
-6.939008E-08,-1.4890297E-01
-6.934008E-08,-1.4890297E-01
-6.929008E-08,-1.4890297E-01
-6.924008E-08,-1.4895568E-01
-6.919008E-08,-1.4895568E-01
-6.914008E-08,-1.4895568E-01
-6.909008E-08,-1.4900839E-01
-6.904008E-08,-1.4900839E-01
-6.899008E-08,-1.4900839E-01
-6.894008E-08,-1.4906110E-01
-6.889008E-08,-1.4911381E-01
-6.884008E-08,-1.4911381E-01
-6.879008E-08,-1.4916652E-01
-6.874008E-08,-1.4921923E-01
-6.869008E-08,-1.4921923E-01
-6.864008E-08,-1.4927194E-01
-6.859008E-08,-1.4932464E-01
-6.854008E-08,-1.4937735E-01
-6.849008E-08,-1.4943006E-01
-6.844008E-08,-1.4943006E-01
-6.839008E-08,-1.4948277E-01
-6.834008E-08,-1.4953548E-01
-6.829008E-08,-1.4958819E-01
-6.824008E-08,-1.4958819E-01
-6.819008E-08,-1.4964090E-01
-6.814008E-08,-1.4969361E-01
-6.809008E-08,-1.4969361E-01
-6.804008E-08,-1.4974632E-01
-6.799008E-08,-1.4974632E-01
-6.794008E-08,-1.4974632E-01
-6.789008E-08,-1.4974632E-01
-6.784008E-08,-1.4974632E-01
-6.779008E-08,-1.4974632E-01
-6.774008E-08,-1.4974632E-01
-6.769008E-08,-1.4974632E-01
-6.764008E-08,-1.4974632E-01
-6.759008E-08,-1.4974632E-01
-6.754008E-08,-1.4969361E-01
-6.749008E-08,-1.4969361E-01
-6.744008E-08,-1.4964090E-01
-6.739008E-08,-1.4964090E-01
-6.734008E-08,-1.4958819E-01
-6.729008E-08,-1.4953548E-01
-6.724008E-08,-1.4953548E-01
-6.719008E-08,-1.4948277E-01
-6.714008E-08,-1.4943006E-01
-6.709008E-08,-1.4943006E-01
-6.704008E-08,-1.4937735E-01
-6.699008E-08,-1.4937735E-01
-6.694008E-08,-1.4932464E-01
-6.689008E-08,-1.4932464E-01
-6.684008E-08,-1.4932464E-01
-6.679008E-08,-1.4932464E-01
-6.674008E-08,-1.4927194E-01
-6.669008E-08,-1.4927194E-01
-6.664008E-08,-1.4927194E-01
-6.659008E-08,-1.4927194E-01
-6.654008E-08,-1.4932464E-01
-6.649008E-08,-1.4932464E-01
-6.644008E-08,-1.4932464E-01
-6.639008E-08,-1.4937735E-01
-6.634008E-08,-1.4937735E-01
-6.629008E-08,-1.4943006E-01
-6.624008E-08,-1.4943006E-01
-6.619008E-08,-1.4948277E-01
-6.614008E-08,-1.4948277E-01
-6.609008E-08,-1.4953548E-01
-6.604008E-08,-1.4958819E-01
-6.599008E-08,-1.4958819E-01
-6.594008E-08,-1.4964090E-01
-6.589008E-08,-1.4969361E-01
-6.584008E-08,-1.4969361E-01
-6.579008E-08,-1.4974632E-01
-6.574008E-08,-1.4974632E-01
-6.569008E-08,-1.4979903E-01
-6.564008E-08,-1.4979903E-01
-6.559008E-08,-1.4979903E-01
-6.554008E-08,-1.4979903E-01
-6.549008E-08,-1.4985173E-01
-6.544008E-08,-1.4985173E-01
-6.539008E-08,-1.4985173E-01
-6.534008E-08,-1.4985173E-01
-6.529008E-08,-1.4985173E-01
-6.524008E-08,-1.4985173E-01
-6.519008E-08,-1.4985173E-01
-6.514008E-08,-1.4979903E-01
-6.509008E-08,-1.4979903E-01
-6.504008E-08,-1.4979903E-01
-6.499008E-08,-1.4979903E-01
-6.494008E-08,-1.4979903E-01
-6.489008E-08,-1.4974632E-01
-6.484008E-08,-1.4974632E-01
-6.479008E-08,-1.4974632E-01
-6.474008E-08,-1.4974632E-01
-6.469008E-08,-1.4974632E-01
-6.464008E-08,-1.4974632E-01
-6.459008E-08,-1.4974632E-01
-6.454008E-08,-1.4974632E-01
-6.449008E-08,-1.4974632E-01
-6.444008E-08,-1.4974632E-01
-6.439008E-08,-1.4974632E-01
-6.434008E-08,-1.4974632E-01
-6.429008E-08,-1.4974632E-01
-6.424008E-08,-1.4974632E-01
-6.419008E-08,-1.4974632E-01
-6.414008E-08,-1.4974632E-01
-6.409008E-08,-1.4974632E-01
-6.404008E-08,-1.4974632E-01
-6.399008E-08,-1.4974632E-01
-6.394008E-08,-1.4974632E-01
-6.389008E-08,-1.4969361E-01
-6.384008E-08,-1.4969361E-01
-6.379008E-08,-1.4969361E-01
-6.374008E-08,-1.4969361E-01
-6.369008E-08,-1.4964090E-01
-6.364008E-08,-1.4964090E-01
-6.359008E-08,-1.4964090E-01
-6.354008E-08,-1.4958819E-01
-6.349008E-08,-1.4958819E-01
-6.344008E-08,-1.4953548E-01
-6.339008E-08,-1.4953548E-01
-6.334008E-08,-1.4948277E-01
-6.329008E-08,-1.4943006E-01
-6.324008E-08,-1.4943006E-01
-6.319008E-08,-1.4937735E-01
-6.314008E-08,-1.4937735E-01
-6.309008E-08,-1.4932464E-01
-6.304008E-08,-1.4932464E-01
-6.299008E-08,-1.4927194E-01
-6.294008E-08,-1.4927194E-01
-6.289008E-08,-1.4927194E-01
-6.284008E-08,-1.4927194E-01
-6.279008E-08,-1.4927194E-01
-6.274008E-08,-1.4927194E-01
-6.269008E-08,-1.4927194E-01
-6.264008E-08,-1.4927194E-01
-6.259008E-08,-1.4927194E-01
-6.254008E-08,-1.4932464E-01
-6.249008E-08,-1.4932464E-01
-6.244008E-08,-1.4937735E-01
-6.239008E-08,-1.4937735E-01
-6.234008E-08,-1.4943006E-01
-6.229008E-08,-1.4948277E-01
-6.224008E-08,-1.4953548E-01
-6.219008E-08,-1.4953548E-01
-6.214008E-08,-1.4958819E-01
-6.209008E-08,-1.4964090E-01
-6.204008E-08,-1.4964090E-01
-6.199008E-08,-1.4969361E-01
-6.194008E-08,-1.4969361E-01
-6.189008E-08,-1.4974632E-01
-6.184008E-08,-1.4974632E-01
-6.179008E-08,-1.4974632E-01
-6.174008E-08,-1.4974632E-01
-6.169008E-08,-1.4974632E-01
-6.164008E-08,-1.4974632E-01
-6.159008E-08,-1.4969361E-01
-6.154008E-08,-1.4964090E-01
-6.149008E-08,-1.4958819E-01
-6.144008E-08,-1.4953548E-01
-6.139008E-08,-1.4948277E-01
-6.134008E-08,-1.4943006E-01
-6.129008E-08,-1.4932464E-01
-6.124008E-08,-1.4927194E-01
-6.119008E-08,-1.4916652E-01
-6.114008E-08,-1.4911381E-01
-6.109008E-08,-1.4900839E-01
-6.104008E-08,-1.4890297E-01
-6.099008E-08,-1.4885026E-01
-6.094008E-08,-1.4874485E-01
-6.089008E-08,-1.4863943E-01
-6.084008E-08,-1.4858672E-01
-6.079008E-08,-1.4848130E-01
-6.074008E-08,-1.4842859E-01
-6.069008E-08,-1.4837588E-01
-6.064008E-08,-1.4832317E-01
-6.059008E-08,-1.4827046E-01
-6.054008E-08,-1.4827046E-01
-6.049008E-08,-1.4827046E-01
-6.044008E-08,-1.4821776E-01
-6.039008E-08,-1.4827046E-01
-6.034008E-08,-1.4827046E-01
-6.029008E-08,-1.4832317E-01
-6.024008E-08,-1.4832317E-01
-6.019008E-08,-1.4837588E-01
-6.014008E-08,-1.4842859E-01
-6.009008E-08,-1.4853401E-01
-6.004008E-08,-1.4858672E-01
-5.999008E-08,-1.4869214E-01
-5.994008E-08,-1.4874485E-01
-5.989008E-08,-1.4885026E-01
-5.984008E-08,-1.4895568E-01
-5.979008E-08,-1.4906110E-01
-5.974008E-08,-1.4916652E-01
-5.969008E-08,-1.4921923E-01
-5.964008E-08,-1.4932464E-01
-5.959008E-08,-1.4943006E-01
-5.954008E-08,-1.4948277E-01
-5.949008E-08,-1.4953548E-01
-5.944008E-08,-1.4964090E-01
-5.939008E-08,-1.4969361E-01
-5.934008E-08,-1.4974632E-01
-5.929008E-08,-1.4974632E-01
-5.924008E-08,-1.4979903E-01
-5.919008E-08,-1.4979903E-01
-5.914008E-08,-1.4985173E-01
-5.909008E-08,-1.4985173E-01
-5.904008E-08,-1.4985173E-01
-5.899008E-08,-1.4979903E-01
-5.894008E-08,-1.4979903E-01
-5.889008E-08,-1.4979903E-01
-5.884008E-08,-1.4974632E-01
-5.879008E-08,-1.4969361E-01
-5.874008E-08,-1.4969361E-01
-5.869008E-08,-1.4964090E-01
-5.864008E-08,-1.4958819E-01
-5.859008E-08,-1.4958819E-01
-5.854008E-08,-1.4953548E-01
-5.849008E-08,-1.4953548E-01
-5.844008E-08,-1.4948277E-01
-5.839008E-08,-1.4948277E-01
-5.834008E-08,-1.4948277E-01
-5.829008E-08,-1.4948277E-01
-5.824008E-08,-1.4948277E-01
-5.819008E-08,-1.4948277E-01
-5.814008E-08,-1.4948277E-01
-5.809008E-08,-1.4948277E-01
-5.804008E-08,-1.4953548E-01
-5.799008E-08,-1.4958819E-01
-5.794008E-08,-1.4958819E-01
-5.789008E-08,-1.4964090E-01
-5.784008E-08,-1.4969361E-01
-5.779008E-08,-1.4974632E-01
-5.774008E-08,-1.4985173E-01
-5.769008E-08,-1.4990444E-01
-5.764008E-08,-1.4995715E-01
-5.759008E-08,-1.5000986E-01
-5.754008E-08,-1.5006257E-01
-5.749008E-08,-1.5011528E-01
-5.744008E-08,-1.5016799E-01
-5.739008E-08,-1.5022070E-01
-5.734008E-08,-1.5027341E-01
-5.729008E-08,-1.5032612E-01
-5.724008E-08,-1.5037883E-01
-5.719008E-08,-1.5037883E-01
-5.714008E-08,-1.5037883E-01
-5.709008E-08,-1.5043153E-01
-5.704008E-08,-1.5043153E-01
-5.699008E-08,-1.5043153E-01
-5.694008E-08,-1.5037883E-01
-5.689008E-08,-1.5037883E-01
-5.684008E-08,-1.5032612E-01
-5.679008E-08,-1.5032612E-01
-5.674008E-08,-1.5027341E-01
-5.669008E-08,-1.5022070E-01
-5.664008E-08,-1.5022070E-01
-5.659008E-08,-1.5016799E-01
-5.654008E-08,-1.5011528E-01
-5.649008E-08,-1.5006257E-01
-5.644008E-08,-1.5000986E-01
-5.639008E-08,-1.4995715E-01
-5.634008E-08,-1.4990444E-01
-5.629008E-08,-1.4985173E-01
-5.624008E-08,-1.4979903E-01
-5.619008E-08,-1.4974632E-01
-5.614008E-08,-1.4969361E-01
-5.609008E-08,-1.4969361E-01
-5.604008E-08,-1.4964090E-01
-5.599008E-08,-1.4958819E-01
-5.594008E-08,-1.4958819E-01
-5.589008E-08,-1.4953548E-01
-5.584008E-08,-1.4953548E-01
-5.579008E-08,-1.4948277E-01
-5.574008E-08,-1.4948277E-01
-5.569008E-08,-1.4948277E-01
-5.564008E-08,-1.4943006E-01
-5.559008E-08,-1.4943006E-01
-5.554008E-08,-1.4943006E-01
-5.549008E-08,-1.4943006E-01
-5.544008E-08,-1.4943006E-01
-5.539008E-08,-1.4937735E-01
-5.534008E-08,-1.4937735E-01
-5.529008E-08,-1.4937735E-01
-5.524008E-08,-1.4937735E-01
-5.519008E-08,-1.4937735E-01
-5.514008E-08,-1.4932464E-01
-5.509008E-08,-1.4932464E-01
-5.504008E-08,-1.4932464E-01
-5.499008E-08,-1.4932464E-01
-5.494008E-08,-1.4927194E-01
-5.489008E-08,-1.4927194E-01
-5.484008E-08,-1.4927194E-01
-5.479008E-08,-1.4921923E-01
-5.474008E-08,-1.4921923E-01
-5.469008E-08,-1.4921923E-01
-5.464008E-08,-1.4921923E-01
-5.459008E-08,-1.4916652E-01
-5.454008E-08,-1.4916652E-01
-5.449008E-08,-1.4916652E-01
-5.444008E-08,-1.4916652E-01
-5.439008E-08,-1.4916652E-01
-5.434008E-08,-1.4916652E-01
-5.429008E-08,-1.4916652E-01
-5.424008E-08,-1.4916652E-01
-5.419008E-08,-1.4916652E-01
-5.414008E-08,-1.4916652E-01
-5.409008E-08,-1.4916652E-01
-5.404008E-08,-1.4916652E-01
-5.399008E-08,-1.4921923E-01
-5.394008E-08,-1.4921923E-01
-5.389008E-08,-1.4921923E-01
-5.384008E-08,-1.4927194E-01
-5.379008E-08,-1.4927194E-01
-5.374008E-08,-1.4927194E-01
-5.369008E-08,-1.4932464E-01
-5.364008E-08,-1.4932464E-01
-5.359008E-08,-1.4932464E-01
-5.354008E-08,-1.4932464E-01
-5.349008E-08,-1.4937735E-01
-5.344008E-08,-1.4937735E-01
-5.339008E-08,-1.4937735E-01
-5.334008E-08,-1.4937735E-01
-5.329008E-08,-1.4937735E-01
-5.324008E-08,-1.4937735E-01
-5.319008E-08,-1.4937735E-01
-5.314008E-08,-1.4932464E-01
-5.309008E-08,-1.4932464E-01
-5.304008E-08,-1.4932464E-01
-5.299008E-08,-1.4932464E-01
-5.294008E-08,-1.4927194E-01
-5.289008E-08,-1.4927194E-01
-5.284008E-08,-1.4927194E-01
-5.279008E-08,-1.4921923E-01
-5.274008E-08,-1.4921923E-01
-5.269008E-08,-1.4921923E-01
-5.264008E-08,-1.4921923E-01
-5.259008E-08,-1.4921923E-01
-5.254008E-08,-1.4921923E-01
-5.249008E-08,-1.4921923E-01
-5.244008E-08,-1.4921923E-01
-5.239008E-08,-1.4921923E-01
-5.234008E-08,-1.4921923E-01
-5.229008E-08,-1.4927194E-01
-5.224008E-08,-1.4927194E-01
-5.219008E-08,-1.4927194E-01
-5.214008E-08,-1.4932464E-01
-5.209008E-08,-1.4937735E-01
-5.204008E-08,-1.4937735E-01
-5.199008E-08,-1.4943006E-01
-5.194008E-08,-1.4943006E-01
-5.189008E-08,-1.4948277E-01
-5.184008E-08,-1.4953548E-01
-5.179008E-08,-1.4953548E-01
-5.174008E-08,-1.4958819E-01
-5.169008E-08,-1.4964090E-01
-5.164008E-08,-1.4964090E-01
-5.159008E-08,-1.4964090E-01
-5.154008E-08,-1.4969361E-01
-5.149008E-08,-1.4969361E-01
-5.144008E-08,-1.4969361E-01
-5.139008E-08,-1.4969361E-01
-5.134008E-08,-1.4969361E-01
-5.129008E-08,-1.4969361E-01
-5.124008E-08,-1.4964090E-01
-5.119008E-08,-1.4964090E-01
-5.114008E-08,-1.4958819E-01
-5.109008E-08,-1.4953548E-01
-5.104008E-08,-1.4953548E-01
-5.099008E-08,-1.4948277E-01
-5.094008E-08,-1.4943006E-01
-5.089008E-08,-1.4937735E-01
-5.084008E-08,-1.4932464E-01
-5.079008E-08,-1.4927194E-01
-5.074008E-08,-1.4921923E-01
-5.069008E-08,-1.4916652E-01
-5.064008E-08,-1.4911381E-01
-5.059008E-08,-1.4906110E-01
-5.054008E-08,-1.4900839E-01
-5.049008E-08,-1.4895568E-01
-5.044008E-08,-1.4890297E-01
-5.039008E-08,-1.4890297E-01
-5.034008E-08,-1.4885026E-01
-5.029008E-08,-1.4885026E-01
-5.024008E-08,-1.4885026E-01
-5.019008E-08,-1.4885026E-01
-5.014008E-08,-1.4885026E-01
-5.009008E-08,-1.4885026E-01
-5.004008E-08,-1.4890297E-01
-4.999008E-08,-1.4890297E-01
-4.994008E-08,-1.4895568E-01
-4.989008E-08,-1.4900839E-01
-4.984008E-08,-1.4900839E-01
-4.979008E-08,-1.4906110E-01
-4.974008E-08,-1.4911381E-01
-4.969008E-08,-1.4916652E-01
-4.964008E-08,-1.4921923E-01
-4.959008E-08,-1.4927194E-01
-4.954008E-08,-1.4932464E-01
-4.949008E-08,-1.4937735E-01
-4.944008E-08,-1.4943006E-01
-4.939008E-08,-1.4948277E-01
-4.934008E-08,-1.4953548E-01
-4.929008E-08,-1.4958819E-01
-4.924008E-08,-1.4964090E-01
-4.919008E-08,-1.4964090E-01
-4.914008E-08,-1.4969361E-01
-4.909008E-08,-1.4969361E-01
-4.904008E-08,-1.4969361E-01
-4.899008E-08,-1.4974632E-01
-4.894008E-08,-1.4974632E-01
-4.889008E-08,-1.4974632E-01
-4.884008E-08,-1.4974632E-01
-4.879008E-08,-1.4974632E-01
-4.874008E-08,-1.4974632E-01
-4.869008E-08,-1.4974632E-01
-4.864008E-08,-1.4969361E-01
-4.859008E-08,-1.4969361E-01
-4.854008E-08,-1.4969361E-01
-4.849008E-08,-1.4969361E-01
-4.844008E-08,-1.4969361E-01
-4.839008E-08,-1.4969361E-01
-4.834008E-08,-1.4964090E-01
-4.829008E-08,-1.4964090E-01
-4.824008E-08,-1.4964090E-01
-4.819008E-08,-1.4964090E-01
-4.814008E-08,-1.4964090E-01
-4.809008E-08,-1.4969361E-01
-4.804008E-08,-1.4969361E-01
-4.799008E-08,-1.4969361E-01
-4.794008E-08,-1.4969361E-01
-4.789008E-08,-1.4974632E-01
-4.784008E-08,-1.4974632E-01
-4.779008E-08,-1.4974632E-01
-4.774008E-08,-1.4979903E-01
-4.769008E-08,-1.4979903E-01
-4.764008E-08,-1.4985173E-01
-4.759008E-08,-1.4985173E-01
-4.754008E-08,-1.4990444E-01
-4.749008E-08,-1.4990444E-01
-4.744008E-08,-1.4990444E-01
-4.739008E-08,-1.4995715E-01
-4.734008E-08,-1.4995715E-01
-4.729008E-08,-1.5000986E-01
-4.724008E-08,-1.5000986E-01
-4.719008E-08,-1.5000986E-01
-4.714008E-08,-1.5000986E-01
-4.709008E-08,-1.5006257E-01
-4.704008E-08,-1.5006257E-01
-4.699008E-08,-1.5006257E-01
-4.694008E-08,-1.5006257E-01
-4.689008E-08,-1.5006257E-01
-4.684008E-08,-1.5006257E-01
-4.679008E-08,-1.5006257E-01
-4.674008E-08,-1.5006257E-01
-4.669008E-08,-1.5006257E-01
-4.664008E-08,-1.5006257E-01
-4.659008E-08,-1.5011528E-01
-4.654008E-08,-1.5011528E-01
-4.649008E-08,-1.5011528E-01
-4.644008E-08,-1.5011528E-01
-4.639008E-08,-1.5011528E-01
-4.634008E-08,-1.5016799E-01
-4.629008E-08,-1.5016799E-01
-4.624008E-08,-1.5016799E-01
-4.619008E-08,-1.5022070E-01
-4.614008E-08,-1.5022070E-01
-4.609008E-08,-1.5022070E-01
-4.604008E-08,-1.5027341E-01
-4.599008E-08,-1.5027341E-01
-4.594008E-08,-1.5032612E-01
-4.589008E-08,-1.5032612E-01
-4.584008E-08,-1.5037883E-01
-4.579008E-08,-1.5037883E-01
-4.574008E-08,-1.5043153E-01
-4.569008E-08,-1.5043153E-01
-4.564008E-08,-1.5043153E-01
-4.559008E-08,-1.5048424E-01
-4.554008E-08,-1.5048424E-01
-4.549008E-08,-1.5048424E-01
-4.544008E-08,-1.5048424E-01
-4.539008E-08,-1.5048424E-01
-4.534008E-08,-1.5048424E-01
-4.529008E-08,-1.5043153E-01
-4.524008E-08,-1.5043153E-01
-4.519008E-08,-1.5043153E-01
-4.514008E-08,-1.5037883E-01
-4.509008E-08,-1.5037883E-01
-4.504008E-08,-1.5032612E-01
-4.499008E-08,-1.5027341E-01
-4.494008E-08,-1.5022070E-01
-4.489008E-08,-1.5022070E-01
-4.484008E-08,-1.5016799E-01
-4.479008E-08,-1.5011528E-01
-4.474008E-08,-1.5006257E-01
-4.469008E-08,-1.5000986E-01
-4.464008E-08,-1.4995715E-01
-4.459008E-08,-1.4990444E-01
-4.454008E-08,-1.4990444E-01
-4.449008E-08,-1.4985173E-01
-4.444008E-08,-1.4979903E-01
-4.439008E-08,-1.4974632E-01
-4.434008E-08,-1.4974632E-01
-4.429008E-08,-1.4969361E-01
-4.424008E-08,-1.4969361E-01
-4.419008E-08,-1.4964090E-01
-4.414008E-08,-1.4964090E-01
-4.409008E-08,-1.4964090E-01
-4.404008E-08,-1.4964090E-01
-4.399008E-08,-1.4964090E-01
-4.394008E-08,-1.4964090E-01
-4.389008E-08,-1.4964090E-01
-4.384008E-08,-1.4964090E-01
-4.379008E-08,-1.4964090E-01
-4.374008E-08,-1.4964090E-01
-4.369008E-08,-1.4964090E-01
-4.364008E-08,-1.4964090E-01
-4.359008E-08,-1.4964090E-01
-4.354008E-08,-1.4964090E-01
-4.349008E-08,-1.4964090E-01
-4.344008E-08,-1.4964090E-01
-4.339008E-08,-1.4964090E-01
-4.334008E-08,-1.4964090E-01
-4.329008E-08,-1.4964090E-01
-4.324008E-08,-1.4964090E-01
-4.319008E-08,-1.4964090E-01
-4.314008E-08,-1.4964090E-01
-4.309008E-08,-1.4958819E-01
-4.304008E-08,-1.4958819E-01
-4.299008E-08,-1.4953548E-01
-4.294008E-08,-1.4953548E-01
-4.289008E-08,-1.4948277E-01
-4.284008E-08,-1.4948277E-01
-4.279008E-08,-1.4943006E-01
-4.274008E-08,-1.4943006E-01
-4.269008E-08,-1.4937735E-01
-4.264008E-08,-1.4937735E-01
-4.259008E-08,-1.4932464E-01
-4.254008E-08,-1.4932464E-01
-4.249008E-08,-1.4927194E-01
-4.244008E-08,-1.4927194E-01
-4.239008E-08,-1.4921923E-01
-4.234008E-08,-1.4921923E-01
-4.229008E-08,-1.4916652E-01
-4.224008E-08,-1.4916652E-01
-4.219008E-08,-1.4916652E-01
-4.214008E-08,-1.4916652E-01
-4.209008E-08,-1.4916652E-01
-4.204008E-08,-1.4911381E-01
-4.199008E-08,-1.4911381E-01
-4.194008E-08,-1.4911381E-01
-4.189008E-08,-1.4916652E-01
-4.184008E-08,-1.4916652E-01
-4.179008E-08,-1.4916652E-01
-4.174008E-08,-1.4916652E-01
-4.169008E-08,-1.4916652E-01
-4.164008E-08,-1.4921923E-01
-4.159008E-08,-1.4921923E-01
-4.154008E-08,-1.4921923E-01
-4.149008E-08,-1.4921923E-01
-4.144008E-08,-1.4927194E-01
-4.139008E-08,-1.4927194E-01
-4.134008E-08,-1.4927194E-01
-4.129008E-08,-1.4932464E-01
-4.124008E-08,-1.4932464E-01
-4.119008E-08,-1.4932464E-01
-4.114008E-08,-1.4932464E-01
-4.109008E-08,-1.4937735E-01
-4.104008E-08,-1.4937735E-01
-4.099008E-08,-1.4937735E-01
-4.094008E-08,-1.4937735E-01
-4.089008E-08,-1.4937735E-01
-4.084008E-08,-1.4937735E-01
-4.079008E-08,-1.4943006E-01
-4.074008E-08,-1.4943006E-01
-4.069008E-08,-1.4943006E-01
-4.064008E-08,-1.4943006E-01
-4.059008E-08,-1.4943006E-01
-4.054008E-08,-1.4943006E-01
-4.049008E-08,-1.4943006E-01
-4.044008E-08,-1.4943006E-01
-4.039008E-08,-1.4943006E-01
-4.034008E-08,-1.4943006E-01
-4.029008E-08,-1.4943006E-01
-4.024008E-08,-1.4943006E-01
-4.019008E-08,-1.4943006E-01
-4.014008E-08,-1.4943006E-01
-4.009008E-08,-1.4937735E-01
-4.004008E-08,-1.4937735E-01
-3.999008E-08,-1.4937735E-01
-3.994008E-08,-1.4937735E-01
-3.989008E-08,-1.4932464E-01
-3.984008E-08,-1.4932464E-01
-3.979008E-08,-1.4927194E-01
-3.974008E-08,-1.4927194E-01
-3.969008E-08,-1.4921923E-01
-3.964008E-08,-1.4921923E-01
-3.959008E-08,-1.4916652E-01
-3.954008E-08,-1.4916652E-01
-3.949008E-08,-1.4911381E-01
-3.944008E-08,-1.4906110E-01
-3.939008E-08,-1.4906110E-01
-3.934008E-08,-1.4900839E-01
-3.929008E-08,-1.4895568E-01
-3.924008E-08,-1.4895568E-01
-3.919008E-08,-1.4890297E-01
-3.914008E-08,-1.4890297E-01
-3.909008E-08,-1.4885026E-01
-3.904008E-08,-1.4885026E-01
-3.899008E-08,-1.4885026E-01
-3.894008E-08,-1.4879755E-01
-3.889008E-08,-1.4879755E-01
-3.884008E-08,-1.4879755E-01
-3.879008E-08,-1.4885026E-01
-3.874008E-08,-1.4885026E-01
-3.869008E-08,-1.4885026E-01
-3.864008E-08,-1.4890297E-01
-3.859008E-08,-1.4890297E-01
-3.854008E-08,-1.4895568E-01
-3.849008E-08,-1.4900839E-01
-3.844008E-08,-1.4906110E-01
-3.839008E-08,-1.4911381E-01
-3.834008E-08,-1.4916652E-01
-3.829008E-08,-1.4921923E-01
-3.824008E-08,-1.4932464E-01
-3.819008E-08,-1.4937735E-01
-3.814008E-08,-1.4943006E-01
-3.809008E-08,-1.4953548E-01
-3.804008E-08,-1.4958819E-01
-3.799008E-08,-1.4964090E-01
-3.794008E-08,-1.4969361E-01
-3.789008E-08,-1.4974632E-01
-3.784008E-08,-1.4979903E-01
-3.779008E-08,-1.4985173E-01
-3.774008E-08,-1.4990444E-01
-3.769008E-08,-1.4990444E-01
-3.764008E-08,-1.4995715E-01
-3.759008E-08,-1.4995715E-01
-3.754008E-08,-1.4995715E-01
-3.749008E-08,-1.4995715E-01
-3.744008E-08,-1.4990444E-01
-3.739008E-08,-1.4990444E-01
-3.734008E-08,-1.4985173E-01
-3.729008E-08,-1.4979903E-01
-3.724008E-08,-1.4974632E-01
-3.719008E-08,-1.4969361E-01
-3.714008E-08,-1.4964090E-01
-3.709008E-08,-1.4958819E-01
-3.704008E-08,-1.4948277E-01
-3.699008E-08,-1.4943006E-01
-3.694008E-08,-1.4937735E-01
-3.689008E-08,-1.4927194E-01
-3.684008E-08,-1.4921923E-01
-3.679008E-08,-1.4916652E-01
-3.674008E-08,-1.4911381E-01
-3.669008E-08,-1.4900839E-01
-3.664008E-08,-1.4895568E-01
-3.659008E-08,-1.4895568E-01
-3.654008E-08,-1.4890297E-01
-3.649008E-08,-1.4885026E-01
-3.644008E-08,-1.4885026E-01
-3.639008E-08,-1.4885026E-01
-3.634008E-08,-1.4885026E-01
-3.629008E-08,-1.4885026E-01
-3.624008E-08,-1.4885026E-01
-3.619008E-08,-1.4890297E-01
-3.614008E-08,-1.4890297E-01
-3.609008E-08,-1.4895568E-01
-3.604008E-08,-1.4900839E-01
-3.599008E-08,-1.4906110E-01
-3.594008E-08,-1.4911381E-01
-3.589008E-08,-1.4916652E-01
-3.584008E-08,-1.4921923E-01
-3.579008E-08,-1.4932464E-01
-3.574008E-08,-1.4937735E-01
-3.569008E-08,-1.4943006E-01
-3.564008E-08,-1.4948277E-01
-3.559008E-08,-1.4953548E-01
-3.554008E-08,-1.4958819E-01
-3.549008E-08,-1.4964090E-01
-3.544008E-08,-1.4969361E-01
-3.539008E-08,-1.4974632E-01
-3.534008E-08,-1.4979903E-01
-3.529008E-08,-1.4979903E-01
-3.524008E-08,-1.4985173E-01
-3.519008E-08,-1.4985173E-01
-3.514008E-08,-1.4990444E-01
-3.509008E-08,-1.4990444E-01
-3.504008E-08,-1.4990444E-01
-3.499008E-08,-1.4990444E-01
-3.494008E-08,-1.4985173E-01
-3.489008E-08,-1.4985173E-01
-3.484008E-08,-1.4985173E-01
-3.479008E-08,-1.4985173E-01
-3.474008E-08,-1.4979903E-01
-3.469008E-08,-1.4979903E-01
-3.464008E-08,-1.4979903E-01
-3.459008E-08,-1.4974632E-01
-3.454008E-08,-1.4974632E-01
-3.449008E-08,-1.4974632E-01
-3.444008E-08,-1.4974632E-01
-3.439008E-08,-1.4974632E-01
-3.434008E-08,-1.4974632E-01
-3.429008E-08,-1.4974632E-01
-3.424008E-08,-1.4974632E-01
-3.419008E-08,-1.4974632E-01
-3.414008E-08,-1.4974632E-01
-3.409008E-08,-1.4974632E-01
-3.404008E-08,-1.4979903E-01
-3.399008E-08,-1.4979903E-01
-3.394008E-08,-1.4985173E-01
-3.389008E-08,-1.4985173E-01
-3.384008E-08,-1.4990444E-01
-3.379008E-08,-1.4990444E-01
-3.374008E-08,-1.4995715E-01
-3.369008E-08,-1.4995715E-01
-3.364008E-08,-1.5000986E-01
-3.359008E-08,-1.5000986E-01
-3.354008E-08,-1.5000986E-01
-3.349008E-08,-1.5006257E-01
-3.344008E-08,-1.5006257E-01
-3.339008E-08,-1.5006257E-01
-3.334008E-08,-1.5006257E-01
-3.329008E-08,-1.5006257E-01
-3.324008E-08,-1.5006257E-01
-3.319008E-08,-1.5000986E-01
-3.314008E-08,-1.5000986E-01
-3.309008E-08,-1.4995715E-01
-3.304008E-08,-1.4995715E-01
-3.299008E-08,-1.4990444E-01
-3.294008E-08,-1.4985173E-01
-3.289008E-08,-1.4979903E-01
-3.284008E-08,-1.4974632E-01
-3.279008E-08,-1.4969361E-01
-3.274008E-08,-1.4964090E-01
-3.269008E-08,-1.4958819E-01
-3.264008E-08,-1.4953548E-01
-3.259008E-08,-1.4948277E-01
-3.254008E-08,-1.4943006E-01
-3.249008E-08,-1.4937735E-01
-3.244008E-08,-1.4932464E-01
-3.239008E-08,-1.4927194E-01
-3.234008E-08,-1.4921923E-01
-3.229008E-08,-1.4916652E-01
-3.224008E-08,-1.4911381E-01
-3.219008E-08,-1.4906110E-01
-3.214008E-08,-1.4900839E-01
-3.209008E-08,-1.4900839E-01
-3.204008E-08,-1.4895568E-01
-3.199008E-08,-1.4890297E-01
-3.194008E-08,-1.4890297E-01
-3.189008E-08,-1.4890297E-01
-3.184008E-08,-1.4885026E-01
-3.179008E-08,-1.4885026E-01
-3.174008E-08,-1.4885026E-01
-3.169008E-08,-1.4885026E-01
-3.164008E-08,-1.4885026E-01
-3.159008E-08,-1.4885026E-01
-3.154008E-08,-1.4885026E-01
-3.149008E-08,-1.4885026E-01
-3.144008E-08,-1.4885026E-01
-3.139008E-08,-1.4890297E-01
-3.134008E-08,-1.4890297E-01
-3.129008E-08,-1.4890297E-01
-3.124008E-08,-1.4895568E-01
-3.119008E-08,-1.4895568E-01
-3.114008E-08,-1.4900839E-01
-3.109008E-08,-1.4900839E-01
-3.104008E-08,-1.4906110E-01
-3.099008E-08,-1.4906110E-01
-3.094008E-08,-1.4911381E-01
-3.089008E-08,-1.4916652E-01
-3.084008E-08,-1.4916652E-01
-3.079008E-08,-1.4921923E-01
-3.074008E-08,-1.4927194E-01
-3.069008E-08,-1.4932464E-01
-3.064008E-08,-1.4937735E-01
-3.059008E-08,-1.4937735E-01
-3.054008E-08,-1.4943006E-01
-3.049008E-08,-1.4948277E-01
-3.044008E-08,-1.4953548E-01
-3.039008E-08,-1.4958819E-01
-3.034008E-08,-1.4964090E-01
-3.029008E-08,-1.4969361E-01
-3.024008E-08,-1.4969361E-01
-3.019008E-08,-1.4974632E-01
-3.014008E-08,-1.4979903E-01
-3.009008E-08,-1.4979903E-01
-3.004008E-08,-1.4985173E-01
-2.999008E-08,-1.4985173E-01
-2.994008E-08,-1.4990444E-01
-2.989008E-08,-1.4990444E-01
-2.984008E-08,-1.4990444E-01
-2.979008E-08,-1.4990444E-01
-2.974008E-08,-1.4990444E-01
-2.969008E-08,-1.4990444E-01
-2.964008E-08,-1.4985173E-01
-2.959008E-08,-1.4985173E-01
-2.954008E-08,-1.4979903E-01
-2.949008E-08,-1.4979903E-01
-2.944008E-08,-1.4974632E-01
-2.939008E-08,-1.4969361E-01
-2.934008E-08,-1.4964090E-01
-2.929008E-08,-1.4958819E-01
-2.924008E-08,-1.4948277E-01
-2.919008E-08,-1.4943006E-01
-2.914008E-08,-1.4937735E-01
-2.909008E-08,-1.4927194E-01
-2.904008E-08,-1.4921923E-01
-2.899008E-08,-1.4916652E-01
-2.894008E-08,-1.4906110E-01
-2.889008E-08,-1.4900839E-01
-2.884008E-08,-1.4895568E-01
-2.879008E-08,-1.4890297E-01
-2.874008E-08,-1.4879755E-01
-2.869008E-08,-1.4874485E-01
-2.864008E-08,-1.4869214E-01
-2.859008E-08,-1.4863943E-01
-2.854008E-08,-1.4863943E-01
-2.849008E-08,-1.4858672E-01
-2.844008E-08,-1.4858672E-01
-2.839008E-08,-1.4853401E-01
-2.834008E-08,-1.4853401E-01
-2.829008E-08,-1.4853401E-01
-2.824008E-08,-1.4853401E-01
-2.819008E-08,-1.4853401E-01
-2.814008E-08,-1.4853401E-01
-2.809008E-08,-1.4853401E-01
-2.804008E-08,-1.4858672E-01
-2.799008E-08,-1.4858672E-01
-2.794008E-08,-1.4863943E-01
-2.789008E-08,-1.4863943E-01
-2.784008E-08,-1.4869214E-01
-2.779008E-08,-1.4869214E-01
-2.774008E-08,-1.4874485E-01
-2.769008E-08,-1.4879755E-01
-2.764008E-08,-1.4879755E-01
-2.759008E-08,-1.4885026E-01
-2.754008E-08,-1.4885026E-01
-2.749008E-08,-1.4890297E-01
-2.744008E-08,-1.4890297E-01
-2.739008E-08,-1.4890297E-01
-2.734008E-08,-1.4895568E-01
-2.729008E-08,-1.4895568E-01
-2.724008E-08,-1.4895568E-01
-2.719008E-08,-1.4895568E-01
-2.714008E-08,-1.4900839E-01
-2.709008E-08,-1.4900839E-01
-2.704008E-08,-1.4900839E-01
-2.699008E-08,-1.4900839E-01
-2.694008E-08,-1.4900839E-01
-2.689008E-08,-1.4900839E-01
-2.684008E-08,-1.4900839E-01
-2.679008E-08,-1.4900839E-01
-2.674008E-08,-1.4906110E-01
-2.669008E-08,-1.4906110E-01
-2.664008E-08,-1.4906110E-01
-2.659008E-08,-1.4911381E-01
-2.654008E-08,-1.4911381E-01
-2.649008E-08,-1.4916652E-01
-2.644008E-08,-1.4916652E-01
-2.639008E-08,-1.4921923E-01
-2.634008E-08,-1.4927194E-01
-2.629008E-08,-1.4932464E-01
-2.624008E-08,-1.4937735E-01
-2.619008E-08,-1.4937735E-01
-2.614008E-08,-1.4948277E-01
-2.609008E-08,-1.4953548E-01
-2.604008E-08,-1.4958819E-01
-2.599008E-08,-1.4964090E-01
-2.594008E-08,-1.4969361E-01
-2.589008E-08,-1.4974632E-01
-2.584008E-08,-1.4979903E-01
-2.579008E-08,-1.4985173E-01
-2.574008E-08,-1.4990444E-01
-2.569008E-08,-1.4995715E-01
-2.564008E-08,-1.5000986E-01
-2.559008E-08,-1.5006257E-01
-2.554008E-08,-1.5006257E-01
-2.549008E-08,-1.5011528E-01
-2.544008E-08,-1.5011528E-01
-2.539008E-08,-1.5016799E-01
-2.534008E-08,-1.5016799E-01
-2.529008E-08,-1.5016799E-01
-2.524008E-08,-1.5016799E-01
-2.519008E-08,-1.5016799E-01
-2.514008E-08,-1.5011528E-01
-2.509008E-08,-1.5011528E-01
-2.504008E-08,-1.5006257E-01
-2.499008E-08,-1.5006257E-01
-2.494008E-08,-1.5000986E-01
-2.489008E-08,-1.4995715E-01
-2.484008E-08,-1.4995715E-01
-2.479008E-08,-1.4990444E-01
-2.474008E-08,-1.4985173E-01
-2.469008E-08,-1.4979903E-01
-2.464008E-08,-1.4979903E-01
-2.459008E-08,-1.4974632E-01
-2.454008E-08,-1.4969361E-01
-2.449008E-08,-1.4969361E-01
-2.444008E-08,-1.4964090E-01
-2.439008E-08,-1.4964090E-01
-2.434008E-08,-1.4958819E-01
-2.429008E-08,-1.4958819E-01
-2.424008E-08,-1.4958819E-01
-2.419008E-08,-1.4958819E-01
-2.414008E-08,-1.4958819E-01
-2.409008E-08,-1.4964090E-01
-2.404008E-08,-1.4964090E-01
-2.399008E-08,-1.4964090E-01
-2.394008E-08,-1.4969361E-01
-2.389008E-08,-1.4969361E-01
-2.384008E-08,-1.4974632E-01
-2.379008E-08,-1.4974632E-01
-2.374008E-08,-1.4979903E-01
-2.369008E-08,-1.4985173E-01
-2.364008E-08,-1.4985173E-01
-2.359008E-08,-1.4990444E-01
-2.354008E-08,-1.4990444E-01
-2.349008E-08,-1.4995715E-01
-2.344008E-08,-1.4995715E-01
-2.339008E-08,-1.4995715E-01
-2.334008E-08,-1.4995715E-01
-2.329008E-08,-1.5000986E-01
-2.324008E-08,-1.4995715E-01
-2.319008E-08,-1.4995715E-01
-2.314008E-08,-1.4995715E-01
-2.309008E-08,-1.4995715E-01
-2.304008E-08,-1.4990444E-01
-2.299008E-08,-1.4985173E-01
-2.294008E-08,-1.4985173E-01
-2.289008E-08,-1.4979903E-01
-2.284008E-08,-1.4974632E-01
-2.279008E-08,-1.4969361E-01
-2.274008E-08,-1.4964090E-01
-2.269008E-08,-1.4958819E-01
-2.264008E-08,-1.4953548E-01
-2.259008E-08,-1.4943006E-01
-2.254008E-08,-1.4937735E-01
-2.249008E-08,-1.4932464E-01
-2.244008E-08,-1.4927194E-01
-2.239008E-08,-1.4921923E-01
-2.234008E-08,-1.4916652E-01
-2.229008E-08,-1.4911381E-01
-2.224008E-08,-1.4911381E-01
-2.219008E-08,-1.4906110E-01
-2.214008E-08,-1.4900839E-01
-2.209008E-08,-1.4900839E-01
-2.204008E-08,-1.4895568E-01
-2.199008E-08,-1.4895568E-01
-2.194008E-08,-1.4895568E-01
-2.189008E-08,-1.4895568E-01
-2.184008E-08,-1.4895568E-01
-2.179008E-08,-1.4895568E-01
-2.174008E-08,-1.4895568E-01
-2.169008E-08,-1.4895568E-01
-2.164008E-08,-1.4895568E-01
-2.159008E-08,-1.4900839E-01
-2.154008E-08,-1.4900839E-01
-2.149008E-08,-1.4900839E-01
-2.144008E-08,-1.4906110E-01
-2.139008E-08,-1.4906110E-01
-2.134008E-08,-1.4906110E-01
-2.129008E-08,-1.4911381E-01
-2.124008E-08,-1.4911381E-01
-2.119008E-08,-1.4911381E-01
-2.114008E-08,-1.4911381E-01
-2.109008E-08,-1.4911381E-01
-2.104008E-08,-1.4916652E-01
-2.099008E-08,-1.4916652E-01
-2.094008E-08,-1.4916652E-01
-2.089008E-08,-1.4916652E-01
-2.084008E-08,-1.4916652E-01
-2.079008E-08,-1.4916652E-01
-2.074008E-08,-1.4911381E-01
-2.069008E-08,-1.4911381E-01
-2.064008E-08,-1.4911381E-01
-2.059008E-08,-1.4911381E-01
-2.054008E-08,-1.4911381E-01
-2.049008E-08,-1.4911381E-01
-2.044008E-08,-1.4906110E-01
-2.039008E-08,-1.4906110E-01
-2.034008E-08,-1.4906110E-01
-2.029008E-08,-1.4906110E-01
-2.024008E-08,-1.4906110E-01
-2.019008E-08,-1.4906110E-01
-2.014008E-08,-1.4906110E-01
-2.009008E-08,-1.4906110E-01
-2.004008E-08,-1.4906110E-01
-1.999008E-08,-1.4911381E-01
-1.994008E-08,-1.4911381E-01
-1.989008E-08,-1.4911381E-01
-1.984008E-08,-1.4916652E-01
-1.979008E-08,-1.4916652E-01
-1.974008E-08,-1.4916652E-01
-1.969008E-08,-1.4921923E-01
-1.964008E-08,-1.4921923E-01
-1.959008E-08,-1.4921923E-01
-1.954008E-08,-1.4927194E-01
-1.949008E-08,-1.4927194E-01
-1.944008E-08,-1.4927194E-01
-1.939008E-08,-1.4932464E-01
-1.934008E-08,-1.4932464E-01
-1.929008E-08,-1.4932464E-01
-1.924008E-08,-1.4932464E-01
-1.919008E-08,-1.4932464E-01
-1.914008E-08,-1.4932464E-01
-1.909008E-08,-1.4932464E-01
-1.904008E-08,-1.4932464E-01
-1.899008E-08,-1.4932464E-01
-1.894008E-08,-1.4932464E-01
-1.889008E-08,-1.4927194E-01
-1.884008E-08,-1.4927194E-01
-1.879008E-08,-1.4921923E-01
-1.874008E-08,-1.4921923E-01
-1.869008E-08,-1.4921923E-01
-1.864008E-08,-1.4916652E-01
-1.859008E-08,-1.4916652E-01
-1.854008E-08,-1.4911381E-01
-1.849008E-08,-1.4911381E-01
-1.844008E-08,-1.4906110E-01
-1.839008E-08,-1.4906110E-01
-1.834008E-08,-1.4906110E-01
-1.829008E-08,-1.4900839E-01
-1.824008E-08,-1.4900839E-01
-1.819008E-08,-1.4900839E-01
-1.814008E-08,-1.4900839E-01
-1.809008E-08,-1.4900839E-01
-1.804008E-08,-1.4900839E-01
-1.799008E-08,-1.4900839E-01
-1.794008E-08,-1.4900839E-01
-1.789008E-08,-1.4906110E-01
-1.784008E-08,-1.4906110E-01
-1.779008E-08,-1.4906110E-01
-1.774008E-08,-1.4911381E-01
-1.769008E-08,-1.4911381E-01
-1.764008E-08,-1.4911381E-01
-1.759008E-08,-1.4916652E-01
-1.754008E-08,-1.4916652E-01
-1.749008E-08,-1.4921923E-01
-1.744008E-08,-1.4921923E-01
-1.739008E-08,-1.4927194E-01
-1.734008E-08,-1.4927194E-01
-1.729008E-08,-1.4927194E-01
-1.724008E-08,-1.4932464E-01
-1.719008E-08,-1.4932464E-01
-1.714008E-08,-1.4932464E-01
-1.709008E-08,-1.4937735E-01
-1.704008E-08,-1.4937735E-01
-1.699008E-08,-1.4937735E-01
-1.694008E-08,-1.4937735E-01
-1.689008E-08,-1.4937735E-01
-1.684008E-08,-1.4937735E-01
-1.679008E-08,-1.4937735E-01
-1.674008E-08,-1.4937735E-01
-1.669008E-08,-1.4937735E-01
-1.664008E-08,-1.4943006E-01
-1.659008E-08,-1.4943006E-01
-1.654008E-08,-1.4943006E-01
-1.649008E-08,-1.4943006E-01
-1.644008E-08,-1.4943006E-01
-1.639008E-08,-1.4948277E-01
-1.634008E-08,-1.4948277E-01
-1.629008E-08,-1.4953548E-01
-1.624008E-08,-1.4953548E-01
-1.619008E-08,-1.4958819E-01
-1.614008E-08,-1.4964090E-01
-1.609008E-08,-1.4964090E-01
-1.604008E-08,-1.4969361E-01
-1.599008E-08,-1.4974632E-01
-1.594008E-08,-1.4979903E-01
-1.589008E-08,-1.4985173E-01
-1.584008E-08,-1.4990444E-01
-1.579008E-08,-1.4995715E-01
-1.574008E-08,-1.5000986E-01
-1.569008E-08,-1.5006257E-01
-1.564008E-08,-1.5011528E-01
-1.559008E-08,-1.5016799E-01
-1.554008E-08,-1.5022070E-01
-1.549008E-08,-1.5027341E-01
-1.544008E-08,-1.5027341E-01
-1.539008E-08,-1.5032612E-01
-1.534008E-08,-1.5032612E-01
-1.529008E-08,-1.5037883E-01
-1.524008E-08,-1.5037883E-01
-1.519008E-08,-1.5037883E-01
-1.514008E-08,-1.5032612E-01
-1.509008E-08,-1.5032612E-01
-1.504008E-08,-1.5027341E-01
-1.499008E-08,-1.5027341E-01
-1.494008E-08,-1.5022070E-01
-1.489008E-08,-1.5016799E-01
-1.484008E-08,-1.5011528E-01
-1.479008E-08,-1.5000986E-01
-1.474008E-08,-1.4995715E-01
-1.469008E-08,-1.4985173E-01
-1.464008E-08,-1.4979903E-01
-1.459008E-08,-1.4969361E-01
-1.454008E-08,-1.4958819E-01
-1.449008E-08,-1.4948277E-01
-1.444008E-08,-1.4943006E-01
-1.439008E-08,-1.4932464E-01
-1.434008E-08,-1.4921923E-01
-1.429008E-08,-1.4916652E-01
-1.424008E-08,-1.4906110E-01
-1.419008E-08,-1.4900839E-01
-1.414008E-08,-1.4890297E-01
-1.409008E-08,-1.4885026E-01
-1.404008E-08,-1.4879755E-01
-1.399008E-08,-1.4874485E-01
-1.394008E-08,-1.4874485E-01
-1.389008E-08,-1.4869214E-01
-1.384008E-08,-1.4869214E-01
-1.379008E-08,-1.4869214E-01
-1.374008E-08,-1.4869214E-01
-1.369008E-08,-1.4869214E-01
-1.364008E-08,-1.4869214E-01
-1.359008E-08,-1.4874485E-01
-1.354008E-08,-1.4874485E-01
-1.349008E-08,-1.4879755E-01
-1.344008E-08,-1.4885026E-01
-1.339008E-08,-1.4890297E-01
-1.334008E-08,-1.4895568E-01
-1.329008E-08,-1.4900839E-01
-1.324008E-08,-1.4906110E-01
-1.319008E-08,-1.4911381E-01
-1.314008E-08,-1.4916652E-01
-1.309008E-08,-1.4921923E-01
-1.304008E-08,-1.4921923E-01
-1.299008E-08,-1.4927194E-01
-1.294008E-08,-1.4932464E-01
-1.289008E-08,-1.4932464E-01
-1.284008E-08,-1.4937735E-01
-1.279008E-08,-1.4937735E-01
-1.274008E-08,-1.4937735E-01
-1.269008E-08,-1.4937735E-01
-1.264008E-08,-1.4937735E-01
-1.259008E-08,-1.4937735E-01
-1.254008E-08,-1.4932464E-01
-1.249008E-08,-1.4932464E-01
-1.244008E-08,-1.4927194E-01
-1.239008E-08,-1.4927194E-01
-1.234008E-08,-1.4921923E-01
-1.229008E-08,-1.4916652E-01
-1.224008E-08,-1.4911381E-01
-1.219008E-08,-1.4906110E-01
-1.214008E-08,-1.4900839E-01
-1.209008E-08,-1.4895568E-01
-1.204008E-08,-1.4890297E-01
-1.199008E-08,-1.4885026E-01
-1.194008E-08,-1.4885026E-01
-1.189008E-08,-1.4879755E-01
-1.184008E-08,-1.4874485E-01
-1.179008E-08,-1.4869214E-01
-1.174008E-08,-1.4869214E-01
-1.169008E-08,-1.4863943E-01
-1.164008E-08,-1.4863943E-01
-1.159008E-08,-1.4858672E-01
-1.154008E-08,-1.4858672E-01
-1.149008E-08,-1.4858672E-01
-1.144008E-08,-1.4858672E-01
-1.139008E-08,-1.4858672E-01
-1.134008E-08,-1.4858672E-01
-1.129008E-08,-1.4863943E-01
-1.124008E-08,-1.4863943E-01
-1.119008E-08,-1.4863943E-01
-1.114008E-08,-1.4869214E-01
-1.109008E-08,-1.4869214E-01
-1.104008E-08,-1.4874485E-01
-1.099008E-08,-1.4874485E-01
-1.094008E-08,-1.4879755E-01
-1.089008E-08,-1.4885026E-01
-1.084008E-08,-1.4885026E-01
-1.079008E-08,-1.4890297E-01
-1.074008E-08,-1.4895568E-01
-1.069008E-08,-1.4895568E-01
-1.064008E-08,-1.4900839E-01
-1.059008E-08,-1.4900839E-01
-1.054008E-08,-1.4906110E-01
-1.049008E-08,-1.4906110E-01
-1.044008E-08,-1.4911381E-01
-1.039008E-08,-1.4911381E-01
-1.034008E-08,-1.4911381E-01
-1.029008E-08,-1.4916652E-01
-1.024008E-08,-1.4916652E-01
-1.019008E-08,-1.4916652E-01
-1.014008E-08,-1.4916652E-01
-1.009008E-08,-1.4916652E-01
-1.004008E-08,-1.4916652E-01
-9.99008E-09,-1.4921923E-01
-9.94008E-09,-1.4921923E-01
-9.89008E-09,-1.4921923E-01
-9.84008E-09,-1.4921923E-01
-9.79008E-09,-1.4921923E-01
-9.74008E-09,-1.4921923E-01
-9.69008E-09,-1.4921923E-01
-9.64008E-09,-1.4927194E-01
-9.59008E-09,-1.4927194E-01
-9.54008E-09,-1.4927194E-01
-9.49008E-09,-1.4927194E-01
-9.44008E-09,-1.4932464E-01
-9.39008E-09,-1.4932464E-01
-9.34008E-09,-1.4932464E-01
-9.29008E-09,-1.4937735E-01
-9.24008E-09,-1.4937735E-01
-9.19008E-09,-1.4943006E-01
-9.14008E-09,-1.4943006E-01
-9.09008E-09,-1.4948277E-01
-9.04008E-09,-1.4948277E-01
-8.99008E-09,-1.4948277E-01
-8.94008E-09,-1.4953548E-01
-8.89008E-09,-1.4953548E-01
-8.84008E-09,-1.4958819E-01
-8.79008E-09,-1.4958819E-01
-8.74008E-09,-1.4958819E-01
-8.69008E-09,-1.4958819E-01
-8.64008E-09,-1.4958819E-01
-8.59008E-09,-1.4964090E-01
-8.54008E-09,-1.4964090E-01
-8.49008E-09,-1.4964090E-01
-8.44008E-09,-1.4964090E-01
-8.39008E-09,-1.4958819E-01
-8.34008E-09,-1.4958819E-01
-8.29008E-09,-1.4958819E-01
-8.24008E-09,-1.4958819E-01
-8.19008E-09,-1.4953548E-01
-8.14008E-09,-1.4953548E-01
-8.09008E-09,-1.4948277E-01
-8.04008E-09,-1.4948277E-01
-7.99008E-09,-1.4943006E-01
-7.94008E-09,-1.4943006E-01
-7.89008E-09,-1.4937735E-01
-7.84008E-09,-1.4937735E-01
-7.79008E-09,-1.4932464E-01
-7.74008E-09,-1.4932464E-01
-7.69008E-09,-1.4927194E-01
-7.64008E-09,-1.4927194E-01
-7.59008E-09,-1.4921923E-01
-7.54008E-09,-1.4921923E-01
-7.49008E-09,-1.4916652E-01
-7.44008E-09,-1.4916652E-01
-7.39008E-09,-1.4916652E-01
-7.34008E-09,-1.4916652E-01
-7.29008E-09,-1.4916652E-01
-7.24008E-09,-1.4916652E-01
-7.19008E-09,-1.4916652E-01
-7.14008E-09,-1.4916652E-01
-7.09008E-09,-1.4916652E-01
-7.04008E-09,-1.4916652E-01
-6.99008E-09,-1.4921923E-01
-6.94008E-09,-1.4921923E-01
-6.89008E-09,-1.4921923E-01
-6.84008E-09,-1.4927194E-01
-6.79008E-09,-1.4927194E-01
-6.74008E-09,-1.4932464E-01
-6.69008E-09,-1.4932464E-01
-6.64008E-09,-1.4937735E-01
-6.59008E-09,-1.4937735E-01
-6.54008E-09,-1.4943006E-01
-6.49008E-09,-1.4943006E-01
-6.44008E-09,-1.4948277E-01
-6.39008E-09,-1.4948277E-01
-6.34008E-09,-1.4953548E-01
-6.29008E-09,-1.4953548E-01
-6.24008E-09,-1.4953548E-01
-6.19008E-09,-1.4953548E-01
-6.14008E-09,-1.4958819E-01
-6.09008E-09,-1.4953548E-01
-6.04008E-09,-1.4953548E-01
-5.99008E-09,-1.4953548E-01
-5.94008E-09,-1.4953548E-01
-5.89008E-09,-1.4948277E-01
-5.84008E-09,-1.4948277E-01
-5.79008E-09,-1.4943006E-01
-5.74008E-09,-1.4943006E-01
-5.69008E-09,-1.4937735E-01
-5.64008E-09,-1.4932464E-01
-5.59008E-09,-1.4927194E-01
-5.54008E-09,-1.4927194E-01
-5.49008E-09,-1.4921923E-01
-5.44008E-09,-1.4916652E-01
-5.39008E-09,-1.4911381E-01
-5.34008E-09,-1.4906110E-01
-5.29008E-09,-1.4900839E-01
-5.24008E-09,-1.4895568E-01
-5.19008E-09,-1.4890297E-01
-5.14008E-09,-1.4885026E-01
-5.09008E-09,-1.4879755E-01
-5.04008E-09,-1.4879755E-01
-4.99008E-09,-1.4874485E-01
-4.94008E-09,-1.4869214E-01
-4.89008E-09,-1.4869214E-01
-4.84008E-09,-1.4869214E-01
-4.79008E-09,-1.4863943E-01
-4.74008E-09,-1.4863943E-01
-4.69008E-09,-1.4863943E-01
-4.64008E-09,-1.4863943E-01
-4.59008E-09,-1.4869214E-01
-4.54008E-09,-1.4869214E-01
-4.49008E-09,-1.4869214E-01
-4.44008E-09,-1.4874485E-01
-4.39008E-09,-1.4879755E-01
-4.34008E-09,-1.4879755E-01
-4.29008E-09,-1.4885026E-01
-4.24008E-09,-1.4890297E-01
-4.19008E-09,-1.4895568E-01
-4.14008E-09,-1.4900839E-01
-4.09008E-09,-1.4906110E-01
-4.04008E-09,-1.4911381E-01
-3.99008E-09,-1.4916652E-01
-3.94008E-09,-1.4921923E-01
-3.89008E-09,-1.4927194E-01
-3.84008E-09,-1.4932464E-01
-3.79008E-09,-1.4937735E-01
-3.74008E-09,-1.4937735E-01
-3.69008E-09,-1.4943006E-01
-3.64008E-09,-1.4948277E-01
-3.59008E-09,-1.4948277E-01
-3.54008E-09,-1.4953548E-01
-3.49008E-09,-1.4953548E-01
-3.44008E-09,-1.4953548E-01
-3.39008E-09,-1.4953548E-01
-3.34008E-09,-1.4953548E-01
-3.29008E-09,-1.4953548E-01
-3.24008E-09,-1.4948277E-01
-3.19008E-09,-1.4948277E-01
-3.14008E-09,-1.4943006E-01
-3.09008E-09,-1.4943006E-01
-3.04008E-09,-1.4937735E-01
-2.99008E-09,-1.4932464E-01
-2.94008E-09,-1.4932464E-01
-2.89008E-09,-1.4927194E-01
-2.84008E-09,-1.4921923E-01
-2.79008E-09,-1.4916652E-01
-2.74008E-09,-1.4911381E-01
-2.69008E-09,-1.4906110E-01
-2.64008E-09,-1.4900839E-01
-2.59008E-09,-1.4895568E-01
-2.54008E-09,-1.4895568E-01
-2.49008E-09,-1.4890297E-01
-2.44008E-09,-1.4885026E-01
-2.39008E-09,-1.4879755E-01
-2.34008E-09,-1.4879755E-01
-2.29008E-09,-1.4874485E-01
-2.24008E-09,-1.4874485E-01
-2.19008E-09,-1.4869214E-01
-2.14008E-09,-1.4869214E-01
-2.09008E-09,-1.4869214E-01
-2.04008E-09,-1.4869214E-01
-1.99008E-09,-1.4869214E-01
-1.94008E-09,-1.4869214E-01
-1.89008E-09,-1.4869214E-01
-1.84008E-09,-1.4869214E-01
-1.79008E-09,-1.4869214E-01
-1.74008E-09,-1.4874485E-01
-1.69008E-09,-1.4874485E-01
-1.64008E-09,-1.4874485E-01
-1.59008E-09,-1.4879755E-01
-1.54008E-09,-1.4879755E-01
-1.49008E-09,-1.4879755E-01
-1.44008E-09,-1.4885026E-01
-1.39008E-09,-1.4885026E-01
-1.34008E-09,-1.4885026E-01
-1.29008E-09,-1.4890297E-01
-1.24008E-09,-1.4890297E-01
-1.19008E-09,-1.4890297E-01
-1.14008E-09,-1.4890297E-01
-1.09008E-09,-1.4890297E-01
-1.04008E-09,-1.4895568E-01
-9.9008E-10,-1.4895568E-01
-9.4008E-10,-1.4895568E-01
-8.9008E-10,-1.4895568E-01
-8.4008E-10,-1.4895568E-01
-7.9008E-10,-1.4895568E-01
-7.4008E-10,-1.4895568E-01
-6.9008E-10,-1.4895568E-01
-6.4008E-10,-1.4895568E-01
-5.9008E-10,-1.4895568E-01
-5.4008E-10,-1.4895568E-01
-4.9008E-10,-1.4895568E-01
-4.4008E-10,-1.4895568E-01
-3.9008E-10,-1.4895568E-01
-3.4008E-10,-1.4900839E-01
-2.9008E-10,-1.4900839E-01
-2.4008E-10,-1.4900839E-01
-1.9008E-10,-1.4900839E-01
-1.4008E-10,-1.4900839E-01
-9.008E-11,-1.4900839E-01
-4.008E-11,-1.4906110E-01
9.92E-12,-1.4906110E-01
5.992E-11,-1.4906110E-01
1.0992E-10,-1.4911381E-01
1.5992E-10,-1.4911381E-01
2.0992E-10,-1.4911381E-01
2.5992E-10,-1.4916652E-01
3.0992E-10,-1.4916652E-01
3.5992E-10,-1.4921923E-01
4.0992E-10,-1.4921923E-01
4.5992E-10,-1.4927194E-01
5.0992E-10,-1.4927194E-01
5.5992E-10,-1.4927194E-01
6.0992E-10,-1.4932464E-01
6.5992E-10,-1.4932464E-01
7.0992E-10,-1.4932464E-01
7.5992E-10,-1.4937735E-01
8.0992E-10,-1.4937735E-01
8.5992E-10,-1.4943006E-01
9.0992E-10,-1.4943006E-01
9.5992E-10,-1.4943006E-01
1.00992E-09,-1.4943006E-01
1.05992E-09,-1.4948277E-01
1.10992E-09,-1.4948277E-01
1.15992E-09,-1.4948277E-01
1.20992E-09,-1.4948277E-01
1.25992E-09,-1.4948277E-01
1.30992E-09,-1.4948277E-01
1.35992E-09,-1.4948277E-01
1.40992E-09,-1.4948277E-01
1.45992E-09,-1.4953548E-01
1.50992E-09,-1.4948277E-01
1.55992E-09,-1.4953548E-01
1.60992E-09,-1.4953548E-01
1.65992E-09,-1.4953548E-01
1.70992E-09,-1.4953548E-01
1.75992E-09,-1.4953548E-01
1.80992E-09,-1.4953548E-01
1.85992E-09,-1.4953548E-01
1.90992E-09,-1.4953548E-01
1.95992E-09,-1.4953548E-01
2.00992E-09,-1.4953548E-01
2.05992E-09,-1.4953548E-01
2.10992E-09,-1.4953548E-01
2.15992E-09,-1.4953548E-01
2.20992E-09,-1.4948277E-01
2.25992E-09,-1.4953548E-01
2.30992E-09,-1.4948277E-01
2.35992E-09,-1.4948277E-01
2.40992E-09,-1.4948277E-01
2.45992E-09,-1.4948277E-01
2.50992E-09,-1.4948277E-01
2.55992E-09,-1.4948277E-01
2.60992E-09,-1.4948277E-01
2.65992E-09,-1.4943006E-01
2.70992E-09,-1.4943006E-01
2.75992E-09,-1.4943006E-01
2.80992E-09,-1.4943006E-01
2.85992E-09,-1.4937735E-01
2.90992E-09,-1.4937735E-01
2.95992E-09,-1.4937735E-01
3.00992E-09,-1.4932464E-01
3.05992E-09,-1.4932464E-01
3.10992E-09,-1.4932464E-01
3.15992E-09,-1.4927194E-01
3.20992E-09,-1.4927194E-01
3.25992E-09,-1.4921923E-01
3.30992E-09,-1.4921923E-01
3.35992E-09,-1.4916652E-01
3.40992E-09,-1.4916652E-01
3.45992E-09,-1.4916652E-01
3.50992E-09,-1.4911381E-01
3.55992E-09,-1.4906110E-01
3.60992E-09,-1.4906110E-01
3.65992E-09,-1.4906110E-01
3.70992E-09,-1.4900839E-01
3.75992E-09,-1.4900839E-01
3.80992E-09,-1.4895568E-01
3.85992E-09,-1.4895568E-01
3.90992E-09,-1.4890297E-01
3.95992E-09,-1.4885026E-01
4.00992E-09,-1.4885026E-01
4.05992E-09,-1.4885026E-01
4.10992E-09,-1.4879755E-01
4.15992E-09,-1.4879755E-01
4.20992E-09,-1.4874485E-01
4.25992E-09,-1.4874485E-01
4.30992E-09,-1.4869214E-01
4.35992E-09,-1.4869214E-01
4.40992E-09,-1.4869214E-01
4.45992E-09,-1.4863943E-01
4.50992E-09,-1.4863943E-01
4.55992E-09,-1.4863943E-01
4.60992E-09,-1.4863943E-01
4.65992E-09,-1.4863943E-01
4.70992E-09,-1.4863943E-01
4.75992E-09,-1.4863943E-01
4.80992E-09,-1.4863943E-01
4.85992E-09,-1.4863943E-01
4.90992E-09,-1.4863943E-01
4.95992E-09,-1.4869214E-01
5.00992E-09,-1.4869214E-01
5.05992E-09,-1.4874485E-01
5.10992E-09,-1.4874485E-01
5.15992E-09,-1.4874485E-01
5.20992E-09,-1.4879755E-01
5.25992E-09,-1.4885026E-01
5.30992E-09,-1.4885026E-01
5.35992E-09,-1.4890297E-01
5.40992E-09,-1.4895568E-01
5.45992E-09,-1.4900839E-01
5.50992E-09,-1.4900839E-01
5.55992E-09,-1.4906110E-01
5.60992E-09,-1.4911381E-01
5.65992E-09,-1.4911381E-01
5.70992E-09,-1.4916652E-01
5.75992E-09,-1.4916652E-01
5.80992E-09,-1.4921923E-01
5.85992E-09,-1.4927194E-01
5.90992E-09,-1.4927194E-01
5.95992E-09,-1.4927194E-01
6.00992E-09,-1.4932464E-01
6.05992E-09,-1.4932464E-01
6.10992E-09,-1.4932464E-01
6.15992E-09,-1.4932464E-01
6.20992E-09,-1.4932464E-01
6.25992E-09,-1.4932464E-01
6.30992E-09,-1.4932464E-01
6.35992E-09,-1.4932464E-01
6.40992E-09,-1.4927194E-01
6.45992E-09,-1.4927194E-01
6.50992E-09,-1.4927194E-01
6.55992E-09,-1.4921923E-01
6.60992E-09,-1.4921923E-01
6.65992E-09,-1.4916652E-01
6.70992E-09,-1.4916652E-01
6.75992E-09,-1.4911381E-01
6.80992E-09,-1.4911381E-01
6.85992E-09,-1.4906110E-01
6.90992E-09,-1.4906110E-01
6.95992E-09,-1.4900839E-01
7.00992E-09,-1.4900839E-01
7.05992E-09,-1.4900839E-01
7.10992E-09,-1.4895568E-01
7.15992E-09,-1.4895568E-01
7.20992E-09,-1.4895568E-01
7.25992E-09,-1.4895568E-01
7.30992E-09,-1.4895568E-01
7.35992E-09,-1.4895568E-01
7.40992E-09,-1.4895568E-01
7.45992E-09,-1.4900839E-01
7.50992E-09,-1.4900839E-01
7.55992E-09,-1.4900839E-01
7.60992E-09,-1.4906110E-01
7.65992E-09,-1.4906110E-01
7.70992E-09,-1.4911381E-01
7.75992E-09,-1.4911381E-01
7.80992E-09,-1.4916652E-01
7.85992E-09,-1.4916652E-01
7.90992E-09,-1.4921923E-01
7.95992E-09,-1.4921923E-01
8.00992E-09,-1.4927194E-01
8.05992E-09,-1.4927194E-01
8.10992E-09,-1.4927194E-01
8.15992E-09,-1.4927194E-01
8.20992E-09,-1.4932464E-01
8.25992E-09,-1.4932464E-01
8.30992E-09,-1.4937735E-01
8.35992E-09,-1.4937735E-01
8.40992E-09,-1.4937735E-01
8.45992E-09,-1.4943006E-01
8.50992E-09,-1.4943006E-01
8.55992E-09,-1.4948277E-01
8.60992E-09,-1.4953548E-01
8.65992E-09,-1.4953548E-01
8.70992E-09,-1.4958819E-01
8.75992E-09,-1.4964090E-01
8.80992E-09,-1.4969361E-01
8.85992E-09,-1.4969361E-01
8.90992E-09,-1.4974632E-01
8.95992E-09,-1.4979903E-01
9.00992E-09,-1.4979903E-01
9.05992E-09,-1.4985173E-01
9.10992E-09,-1.4990444E-01
9.15992E-09,-1.4990444E-01
9.20992E-09,-1.4995715E-01
9.25992E-09,-1.4995715E-01
9.30992E-09,-1.5000986E-01
9.35992E-09,-1.5000986E-01
9.40992E-09,-1.5000986E-01
9.45992E-09,-1.5006257E-01
9.50992E-09,-1.5006257E-01
9.55992E-09,-1.5006257E-01
9.60992E-09,-1.5006257E-01
9.65992E-09,-1.5006257E-01
9.70992E-09,-1.5006257E-01
9.75992E-09,-1.5006257E-01
9.80992E-09,-1.5000986E-01
9.85992E-09,-1.5000986E-01
9.90992E-09,-1.5000986E-01
9.95992E-09,-1.5000986E-01
1.000992E-08,-1.4995715E-01
1.005992E-08,-1.4995715E-01
1.010992E-08,-1.4995715E-01
1.015992E-08,-1.4995715E-01
1.020992E-08,-1.4995715E-01
1.025992E-08,-1.4990444E-01
1.030992E-08,-1.4990444E-01
1.035992E-08,-1.4990444E-01
1.040992E-08,-1.4995715E-01
1.045992E-08,-1.4995715E-01
1.050992E-08,-1.4995715E-01
1.055992E-08,-1.4995715E-01
1.060992E-08,-1.4995715E-01
1.065992E-08,-1.5000986E-01
1.070992E-08,-1.5000986E-01
1.075992E-08,-1.5000986E-01
1.080992E-08,-1.5006257E-01
1.085992E-08,-1.5006257E-01
1.090992E-08,-1.5006257E-01
1.095992E-08,-1.5006257E-01
1.100992E-08,-1.5006257E-01
1.105992E-08,-1.5011528E-01
1.110992E-08,-1.5011528E-01
1.115992E-08,-1.5006257E-01
1.120992E-08,-1.5006257E-01
1.125992E-08,-1.5006257E-01
1.130992E-08,-1.5006257E-01
1.135992E-08,-1.5000986E-01
1.140992E-08,-1.4995715E-01
1.145992E-08,-1.4995715E-01
1.150992E-08,-1.4990444E-01
1.155992E-08,-1.4985173E-01
1.160992E-08,-1.4979903E-01
1.165992E-08,-1.4969361E-01
1.170992E-08,-1.4964090E-01
1.175992E-08,-1.4958819E-01
1.180992E-08,-1.4953548E-01
1.185992E-08,-1.4943006E-01
1.190992E-08,-1.4937735E-01
1.195992E-08,-1.4932464E-01
1.200992E-08,-1.4927194E-01
1.205992E-08,-1.4921923E-01
1.210992E-08,-1.4916652E-01
1.215992E-08,-1.4911381E-01
1.220992E-08,-1.4906110E-01
1.225992E-08,-1.4906110E-01
1.230992E-08,-1.4900839E-01
1.235992E-08,-1.4900839E-01
1.240992E-08,-1.4900839E-01
1.245992E-08,-1.4900839E-01
1.250992E-08,-1.4900839E-01
1.255992E-08,-1.4906110E-01
1.260992E-08,-1.4911381E-01
1.265992E-08,-1.4911381E-01
1.270992E-08,-1.4916652E-01
1.275992E-08,-1.4921923E-01
1.280992E-08,-1.4927194E-01
1.285992E-08,-1.4932464E-01
1.290992E-08,-1.4937735E-01
1.295992E-08,-1.4943006E-01
1.300992E-08,-1.4948277E-01
1.305992E-08,-1.4948277E-01
1.310992E-08,-1.4953548E-01
1.315992E-08,-1.4958819E-01
1.320992E-08,-1.4958819E-01
1.325992E-08,-1.4964090E-01
1.330992E-08,-1.4964090E-01
1.335992E-08,-1.4964090E-01
1.340992E-08,-1.4958819E-01
1.345992E-08,-1.4958819E-01
1.350992E-08,-1.4953548E-01
1.355992E-08,-1.4953548E-01
1.360992E-08,-1.4948277E-01
1.365992E-08,-1.4943006E-01
1.370992E-08,-1.4937735E-01
1.375992E-08,-1.4927194E-01
1.380992E-08,-1.4921923E-01
1.385992E-08,-1.4916652E-01
1.390992E-08,-1.4911381E-01
1.395992E-08,-1.4900839E-01
1.400992E-08,-1.4895568E-01
1.405992E-08,-1.4890297E-01
1.410992E-08,-1.4885026E-01
1.415992E-08,-1.4885026E-01
1.420992E-08,-1.4879755E-01
1.425992E-08,-1.4879755E-01
1.430992E-08,-1.4879755E-01
1.435992E-08,-1.4879755E-01
1.440992E-08,-1.4879755E-01
1.445992E-08,-1.4879755E-01
1.450992E-08,-1.4885026E-01
1.455992E-08,-1.4890297E-01
1.460992E-08,-1.4895568E-01
1.465992E-08,-1.4900839E-01
1.470992E-08,-1.4906110E-01
1.475992E-08,-1.4916652E-01
1.480992E-08,-1.4921923E-01
1.485992E-08,-1.4932464E-01
1.490992E-08,-1.4937735E-01
1.495992E-08,-1.4948277E-01
1.500992E-08,-1.4953548E-01
1.505992E-08,-1.4958819E-01
1.510992E-08,-1.4964090E-01
1.515992E-08,-1.4969361E-01
1.520992E-08,-1.4969361E-01
1.525992E-08,-1.4974632E-01
1.530992E-08,-1.4974632E-01
1.535992E-08,-1.4974632E-01
1.540992E-08,-1.4969361E-01
1.545992E-08,-1.4964090E-01
1.550992E-08,-1.4958819E-01
1.555992E-08,-1.4953548E-01
1.560992E-08,-1.4948277E-01
1.565992E-08,-1.4937735E-01
1.570992E-08,-1.4927194E-01
1.575992E-08,-1.4921923E-01
1.580992E-08,-1.4911381E-01
1.585992E-08,-1.4900839E-01
1.590992E-08,-1.4890297E-01
1.595992E-08,-1.4879755E-01
1.600992E-08,-1.4869214E-01
1.605992E-08,-1.4863943E-01
1.610992E-08,-1.4858672E-01
1.615992E-08,-1.4853401E-01
1.620992E-08,-1.4848130E-01
1.625992E-08,-1.4848130E-01
1.630992E-08,-1.4848130E-01
1.635992E-08,-1.4848130E-01
1.640992E-08,-1.4848130E-01
1.645992E-08,-1.4853401E-01
1.650992E-08,-1.4863943E-01
1.655992E-08,-1.4869214E-01
1.660992E-08,-1.4879755E-01
1.665992E-08,-1.4890297E-01
1.670992E-08,-1.4900839E-01
1.675992E-08,-1.4916652E-01
1.680992E-08,-1.4927194E-01
1.685992E-08,-1.4943006E-01
1.690992E-08,-1.4953548E-01
1.695992E-08,-1.4964090E-01
1.700992E-08,-1.4979903E-01
1.705992E-08,-1.4990444E-01
1.710992E-08,-1.5000986E-01
1.715992E-08,-1.5006257E-01
1.720992E-08,-1.5011528E-01
1.725992E-08,-1.5016799E-01
1.730992E-08,-1.5022070E-01
1.735992E-08,-1.5022070E-01
1.740992E-08,-1.5022070E-01
1.745992E-08,-1.5016799E-01
1.750992E-08,-1.5011528E-01
1.755992E-08,-1.5006257E-01
1.760992E-08,-1.5000986E-01
1.765992E-08,-1.4990444E-01
1.770992E-08,-1.4979903E-01
1.775992E-08,-1.4969361E-01
1.780992E-08,-1.4958819E-01
1.785992E-08,-1.4948277E-01
1.790992E-08,-1.4932464E-01
1.795992E-08,-1.4921923E-01
1.800992E-08,-1.4911381E-01
1.805992E-08,-1.4900839E-01
1.810992E-08,-1.4890297E-01
1.815992E-08,-1.4879755E-01
1.820992E-08,-1.4874485E-01
1.825992E-08,-1.4869214E-01
1.830992E-08,-1.4863943E-01
1.835992E-08,-1.4863943E-01
1.840992E-08,-1.4863943E-01
1.845992E-08,-1.4869214E-01
1.850992E-08,-1.4874485E-01
1.855992E-08,-1.4879755E-01
1.860992E-08,-1.4890297E-01
1.865992E-08,-1.4900839E-01
1.870992E-08,-1.4911381E-01
1.875992E-08,-1.4921923E-01
1.880992E-08,-1.4937735E-01
1.885992E-08,-1.4953548E-01
1.890992E-08,-1.4964090E-01
1.895992E-08,-1.4979903E-01
1.900992E-08,-1.4995715E-01
1.905992E-08,-1.5006257E-01
1.910992E-08,-1.5022070E-01
1.915992E-08,-1.5032612E-01
1.920992E-08,-1.5037883E-01
1.925992E-08,-1.5048424E-01
1.930992E-08,-1.5053695E-01
1.935992E-08,-1.5053695E-01
1.940992E-08,-1.5058966E-01
1.945992E-08,-1.5053695E-01
1.950992E-08,-1.5048424E-01
1.955992E-08,-1.5043153E-01
1.960992E-08,-1.5037883E-01
1.965992E-08,-1.5027341E-01
1.970992E-08,-1.5016799E-01
1.975992E-08,-1.5006257E-01
1.980992E-08,-1.4990444E-01
1.985992E-08,-1.4974632E-01
1.990992E-08,-1.4964090E-01
1.995992E-08,-1.4948277E-01
2.000992E-08,-1.4937735E-01
2.005992E-08,-1.4927194E-01
2.010992E-08,-1.4916652E-01
2.015992E-08,-1.4911381E-01
2.020992E-08,-1.4906110E-01
2.025992E-08,-1.4900839E-01
2.030992E-08,-1.4900839E-01
2.035992E-08,-1.4900839E-01
2.040992E-08,-1.4906110E-01
2.045992E-08,-1.4911381E-01
2.050992E-08,-1.4921923E-01
2.055992E-08,-1.4937735E-01
2.060992E-08,-1.4948277E-01
2.065992E-08,-1.4964090E-01
2.070992E-08,-1.4985173E-01
2.075992E-08,-1.5000986E-01
2.080992E-08,-1.5022070E-01
2.085992E-08,-1.5037883E-01
2.090992E-08,-1.5058966E-01
2.095992E-08,-1.5074779E-01
2.100992E-08,-1.5090592E-01
2.105992E-08,-1.5106404E-01
2.110992E-08,-1.5116946E-01
2.115992E-08,-1.5122217E-01
2.120992E-08,-1.5127488E-01
2.125992E-08,-1.5132759E-01
2.130992E-08,-1.5127488E-01
2.135992E-08,-1.5127488E-01
2.140992E-08,-1.5116946E-01
2.145992E-08,-1.5106404E-01
2.150992E-08,-1.5090592E-01
2.155992E-08,-1.5069508E-01
2.160992E-08,-1.5048424E-01
2.165992E-08,-1.5027341E-01
2.170992E-08,-1.5000986E-01
2.175992E-08,-1.4974632E-01
2.180992E-08,-1.4948277E-01
2.185992E-08,-1.4921923E-01
2.190992E-08,-1.4900839E-01
2.195992E-08,-1.4874485E-01
2.200992E-08,-1.4853401E-01
2.205992E-08,-1.4837588E-01
2.210992E-08,-1.4821776E-01
2.215992E-08,-1.4811234E-01
2.220992E-08,-1.4800692E-01
2.225992E-08,-1.4800692E-01
2.230992E-08,-1.4800692E-01
2.235992E-08,-1.4805963E-01
2.240992E-08,-1.4816505E-01
2.245992E-08,-1.4832317E-01
2.250992E-08,-1.4853401E-01
2.255992E-08,-1.4874485E-01
2.260992E-08,-1.4900839E-01
2.265992E-08,-1.4927194E-01
2.270992E-08,-1.4958819E-01
2.275992E-08,-1.4990444E-01
2.280992E-08,-1.5022070E-01
2.285992E-08,-1.5053695E-01
2.290992E-08,-1.5085321E-01
2.295992E-08,-1.5111675E-01
2.300992E-08,-1.5138030E-01
2.305992E-08,-1.5159113E-01
2.310992E-08,-1.5174926E-01
2.315992E-08,-1.5185468E-01
2.320992E-08,-1.5190739E-01
2.325992E-08,-1.5190739E-01
2.330992E-08,-1.5180197E-01
2.335992E-08,-1.5169655E-01
2.340992E-08,-1.5148571E-01
2.345992E-08,-1.5122217E-01
2.350992E-08,-1.5095862E-01
2.355992E-08,-1.5058966E-01
2.360992E-08,-1.5016799E-01
2.365992E-08,-1.4974632E-01
2.370992E-08,-1.4932464E-01
2.375992E-08,-1.4885026E-01
2.380992E-08,-1.4837588E-01
2.385992E-08,-1.4795421E-01
2.390992E-08,-1.4747983E-01
2.395992E-08,-1.4711087E-01
2.400992E-08,-1.4674190E-01
2.405992E-08,-1.4647836E-01
2.410992E-08,-1.4621481E-01
2.415992E-08,-1.4610939E-01
2.420992E-08,-1.4600398E-01
2.425992E-08,-1.4600398E-01
2.430992E-08,-1.4610939E-01
2.435992E-08,-1.4626752E-01
2.440992E-08,-1.4653107E-01
2.445992E-08,-1.4684732E-01
2.450992E-08,-1.4726899E-01
2.455992E-08,-1.4774337E-01
2.460992E-08,-1.4827046E-01
2.465992E-08,-1.4885026E-01
2.470992E-08,-1.4943006E-01
2.475992E-08,-1.5006257E-01
2.480992E-08,-1.5064237E-01
2.485992E-08,-1.5122217E-01
2.490992E-08,-1.5174926E-01
2.495992E-08,-1.5222364E-01
2.500992E-08,-1.5264531E-01
2.505992E-08,-1.5296157E-01
2.510992E-08,-1.5322511E-01
2.515992E-08,-1.5333053E-01
2.520992E-08,-1.5338324E-01
2.525992E-08,-1.5327782E-01
2.530992E-08,-1.5301428E-01
2.535992E-08,-1.5264531E-01
2.540992E-08,-1.5217093E-01
2.545992E-08,-1.5159113E-01
2.550992E-08,-1.5090592E-01
2.555992E-08,-1.5011528E-01
2.560992E-08,-1.4927194E-01
2.565992E-08,-1.4837588E-01
2.570992E-08,-1.4742712E-01
2.575992E-08,-1.4647836E-01
2.580992E-08,-1.4558230E-01
2.585992E-08,-1.4468625E-01
2.590992E-08,-1.4384291E-01
2.595992E-08,-1.4310498E-01
2.600992E-08,-1.4252518E-01
2.605992E-08,-1.4205080E-01
2.610992E-08,-1.4178726E-01
2.615992E-08,-1.4168184E-01
2.620992E-08,-1.4173455E-01
2.625992E-08,-1.4205080E-01
2.630992E-08,-1.4257789E-01
2.635992E-08,-1.4326311E-01
2.640992E-08,-1.4421187E-01
2.645992E-08,-1.4537147E-01
2.650992E-08,-1.4668919E-01
2.655992E-08,-1.4816505E-01
2.660992E-08,-1.4979903E-01
2.665992E-08,-1.5148571E-01
2.670992E-08,-1.5327782E-01
2.675992E-08,-1.5506993E-01
2.680992E-08,-1.5680932E-01
2.685992E-08,-1.5849601E-01
2.690992E-08,-1.5997187E-01
2.695992E-08,-1.6128959E-01
2.700992E-08,-1.6234377E-01
2.705992E-08,-1.6308170E-01
2.710992E-08,-1.6345066E-01
2.715992E-08,-1.6339795E-01
2.720992E-08,-1.6281815E-01
2.725992E-08,-1.6171126E-01
2.730992E-08,-1.5997187E-01
2.735992E-08,-1.5765267E-01
2.740992E-08,-1.5464826E-01
2.745992E-08,-1.5090592E-01
2.750992E-08,-1.4653107E-01
2.755992E-08,-1.4136558E-01
2.760992E-08,-1.3551488E-01
2.765992E-08,-1.2892626E-01
2.770992E-08,-1.2159970E-01
2.775992E-08,-1.1364064E-01
2.780992E-08,-1.0504907E-01
2.785992E-08,-9.577229E-02
2.790992E-08,-8.602112E-02
2.795992E-08,-7.574286E-02
2.800992E-08,-6.504293E-02
2.805992E-08,-5.397404E-02
2.810992E-08,-4.264160E-02
2.815992E-08,-3.109833E-02
2.820992E-08,-1.944963E-02
2.825992E-08,-7.74823E-03
2.830992E-08,3.90046E-03
2.835992E-08,1.544373E-02
2.840992E-08,2.672346E-02
2.845992E-08,3.773965E-02
2.850992E-08,4.843958E-02
2.855992E-08,5.861242E-02
2.860992E-08,6.836358E-02
2.865992E-08,7.758766E-02
2.870992E-08,8.617923E-02
2.875992E-08,9.413829E-02
2.880992E-08,1.0141213E-01
2.885992E-08,1.0805347E-01
2.890992E-08,1.1400959E-01
2.895992E-08,1.1922778E-01
2.900992E-08,1.2376076E-01
2.905992E-08,1.2766122E-01
2.910992E-08,1.3087647E-01
2.915992E-08,1.3351192E-01
2.920992E-08,1.3556758E-01
2.925992E-08,1.3704343E-01
2.930992E-08,1.3804490E-01
2.935992E-08,1.3862470E-01
2.940992E-08,1.3883553E-01
2.945992E-08,1.3873012E-01
2.950992E-08,1.3836115E-01
2.955992E-08,1.3778135E-01
2.960992E-08,1.3704343E-01
2.965992E-08,1.3620008E-01
2.970992E-08,1.3530403E-01
2.975992E-08,1.3446069E-01
2.980992E-08,1.3361734E-01
2.985992E-08,1.3287942E-01
2.990992E-08,1.3224691E-01
2.995992E-08,1.3171982E-01
3.000992E-08,1.3140356E-01
3.005992E-08,1.3124544E-01
3.010992E-08,1.3124544E-01
3.015992E-08,1.3140356E-01
3.020992E-08,1.3177253E-01
3.025992E-08,1.3229962E-01
3.030992E-08,1.3293212E-01
3.035992E-08,1.3372276E-01
3.040992E-08,1.3467152E-01
3.045992E-08,1.3562028E-01
3.050992E-08,1.3667446E-01
3.055992E-08,1.3772865E-01
3.060992E-08,1.3878283E-01
3.065992E-08,1.3978430E-01
3.070992E-08,1.4078577E-01
3.075992E-08,1.4162911E-01
3.080992E-08,1.4241975E-01
3.085992E-08,1.4305226E-01
3.090992E-08,1.4357935E-01
3.095992E-08,1.4389560E-01
3.100992E-08,1.4410644E-01
3.105992E-08,1.4410644E-01
3.110992E-08,1.4394831E-01
3.115992E-08,1.4363205E-01
3.120992E-08,1.4310496E-01
3.125992E-08,1.4247246E-01
3.130992E-08,1.4173453E-01
3.135992E-08,1.4083848E-01
3.140992E-08,1.3983701E-01
3.145992E-08,1.3883553E-01
3.150992E-08,1.3772865E-01
3.155992E-08,1.3662176E-01
3.160992E-08,1.3551487E-01
3.165992E-08,1.3446069E-01
3.170992E-08,1.3340651E-01
3.175992E-08,1.3245774E-01
3.180992E-08,1.3161440E-01
3.185992E-08,1.3087647E-01
3.190992E-08,1.3024397E-01
3.195992E-08,1.2976958E-01
3.200992E-08,1.2945333E-01
3.205992E-08,1.2924249E-01
3.210992E-08,1.2918978E-01
3.215992E-08,1.2929520E-01
3.220992E-08,1.2955875E-01
3.225992E-08,1.2992771E-01
3.230992E-08,1.3040209E-01
3.235992E-08,1.3098189E-01
3.240992E-08,1.3161440E-01
3.245992E-08,1.3229962E-01
3.250992E-08,1.3303754E-01
3.255992E-08,1.3377547E-01
3.260992E-08,1.3451340E-01
3.265992E-08,1.3519861E-01
3.270992E-08,1.3583112E-01
3.275992E-08,1.3641092E-01
3.280992E-08,1.3683259E-01
3.285992E-08,1.3720155E-01
3.290992E-08,1.3741239E-01
3.295992E-08,1.3751781E-01
3.300992E-08,1.3746510E-01
3.305992E-08,1.3730697E-01
3.310992E-08,1.3699072E-01
3.315992E-08,1.3651634E-01
3.320992E-08,1.3593654E-01
3.325992E-08,1.3525132E-01
3.330992E-08,1.3451340E-01
3.335992E-08,1.3361734E-01
3.340992E-08,1.3272129E-01
3.345992E-08,1.3171982E-01
3.350992E-08,1.3077106E-01
3.355992E-08,1.2976958E-01
3.360992E-08,1.2887353E-01
3.365992E-08,1.2797748E-01
3.370992E-08,1.2713413E-01
3.375992E-08,1.2644892E-01
3.380992E-08,1.2581641E-01
3.385992E-08,1.2534203E-01
3.390992E-08,1.2502577E-01
3.395992E-08,1.2481494E-01
3.400992E-08,1.2476223E-01
3.405992E-08,1.2486765E-01
3.410992E-08,1.2513119E-01
3.415992E-08,1.2550015E-01
3.420992E-08,1.2602724E-01
3.425992E-08,1.2665975E-01
3.430992E-08,1.2739768E-01
3.435992E-08,1.2818831E-01
3.440992E-08,1.2903166E-01
3.445992E-08,1.2992771E-01
3.450992E-08,1.3082376E-01
3.455992E-08,1.3166711E-01
3.460992E-08,1.3251045E-01
3.465992E-08,1.3324838E-01
3.470992E-08,1.3388089E-01
3.475992E-08,1.3440798E-01
3.480992E-08,1.3477694E-01
3.485992E-08,1.3504049E-01
3.490992E-08,1.3509319E-01
3.495992E-08,1.3498778E-01
3.500992E-08,1.3467152E-01
3.505992E-08,1.3419714E-01
3.510992E-08,1.3356463E-01
3.515992E-08,1.3272129E-01
3.520992E-08,1.3177253E-01
3.525992E-08,1.3066564E-01
3.530992E-08,1.2950604E-01
3.535992E-08,1.2818831E-01
3.540992E-08,1.2687059E-01
3.545992E-08,1.2555286E-01
3.550992E-08,1.2423514E-01
3.555992E-08,1.2297012E-01
3.560992E-08,1.2181052E-01
3.565992E-08,1.2075634E-01
3.570992E-08,1.1986029E-01
3.575992E-08,1.1912236E-01
3.580992E-08,1.1864798E-01
3.585992E-08,1.1833173E-01
3.590992E-08,1.1833173E-01
3.595992E-08,1.1854256E-01
3.600992E-08,1.1906965E-01
3.605992E-08,1.1986029E-01
3.610992E-08,1.2086176E-01
3.615992E-08,1.2212678E-01
3.620992E-08,1.2365534E-01
3.625992E-08,1.2534203E-01
3.630992E-08,1.2718684E-01
3.635992E-08,1.2913708E-01
3.640992E-08,1.3119273E-01
3.645992E-08,1.3319567E-01
3.650992E-08,1.3519861E-01
3.655992E-08,1.3709614E-01
3.660992E-08,1.3883553E-01
3.665992E-08,1.4031139E-01
3.670992E-08,1.4147099E-01
3.675992E-08,1.4231433E-01
3.680992E-08,1.4268329E-01
3.685992E-08,1.4257787E-01
3.690992E-08,1.4189266E-01
3.695992E-08,1.4062764E-01
3.700992E-08,1.3873012E-01
3.705992E-08,1.3614737E-01
3.710992E-08,1.3282671E-01
3.715992E-08,1.2882082E-01
3.720992E-08,1.2402430E-01
3.725992E-08,1.1843715E-01
3.730992E-08,1.1216477E-01
3.735992E-08,1.0510177E-01
3.740992E-08,9.735354E-02
3.745992E-08,8.892010E-02
3.750992E-08,7.990686E-02
3.755992E-08,7.026111E-02
3.760992E-08,6.008827E-02
3.765992E-08,4.949376E-02
3.770992E-08,3.853028E-02
3.775992E-08,2.719784E-02
3.780992E-08,1.570728E-02
3.785992E-08,4.05859E-03
3.790992E-08,-7.64282E-03
3.795992E-08,-1.934422E-02
3.800992E-08,-3.088749E-02
3.805992E-08,-4.221993E-02
3.810992E-08,-5.334153E-02
3.815992E-08,-6.404146E-02
3.820992E-08,-7.437243E-02
3.825992E-08,-8.422901E-02
3.830992E-08,-9.355851E-02
3.835992E-08,-1.0230820E-01
3.840992E-08,-1.1037268E-01
3.845992E-08,-1.1785736E-01
3.850992E-08,-1.2465683E-01
3.855992E-08,-1.3082378E-01
3.860992E-08,-1.3625281E-01
3.865992E-08,-1.4104933E-01
3.870992E-08,-1.4516063E-01
3.875992E-08,-1.4863943E-01
3.880992E-08,-1.5148571E-01
3.885992E-08,-1.5380491E-01
3.890992E-08,-1.5554431E-01
3.895992E-08,-1.5680932E-01
3.900992E-08,-1.5765267E-01
3.905992E-08,-1.5812705E-01
3.910992E-08,-1.5823247E-01
3.915992E-08,-1.5807434E-01
3.920992E-08,-1.5765267E-01
3.925992E-08,-1.5707287E-01
3.930992E-08,-1.5638765E-01
3.935992E-08,-1.5559702E-01
3.940992E-08,-1.5480638E-01
3.945992E-08,-1.5396304E-01
3.950992E-08,-1.5322511E-01
3.955992E-08,-1.5253989E-01
3.960992E-08,-1.5190739E-01
3.965992E-08,-1.5143301E-01
3.970992E-08,-1.5111675E-01
3.975992E-08,-1.5090592E-01
3.980992E-08,-1.5080050E-01
3.985992E-08,-1.5090592E-01
3.990992E-08,-1.5111675E-01
3.995992E-08,-1.5143301E-01
4.000992E-08,-1.5190739E-01
4.005992E-08,-1.5243448E-01
4.010992E-08,-1.5306698E-01
4.015992E-08,-1.5375220E-01
4.020992E-08,-1.5443742E-01
4.025992E-08,-1.5517535E-01
4.030992E-08,-1.5591327E-01
4.035992E-08,-1.5659849E-01
4.040992E-08,-1.5723100E-01
4.045992E-08,-1.5775809E-01
4.050992E-08,-1.5823247E-01
4.055992E-08,-1.5860143E-01
4.060992E-08,-1.5886498E-01
4.065992E-08,-1.5897039E-01
4.070992E-08,-1.5902310E-01
4.075992E-08,-1.5886498E-01
4.080992E-08,-1.5860143E-01
4.085992E-08,-1.5823247E-01
4.090992E-08,-1.5775809E-01
4.095992E-08,-1.5712558E-01
4.100992E-08,-1.5644036E-01
4.105992E-08,-1.5564973E-01
4.110992E-08,-1.5480638E-01
4.115992E-08,-1.5385762E-01
4.120992E-08,-1.5290886E-01
4.125992E-08,-1.5196010E-01
4.130992E-08,-1.5095862E-01
4.135992E-08,-1.5000986E-01
4.140992E-08,-1.4906110E-01
4.145992E-08,-1.4821776E-01
4.150992E-08,-1.4737441E-01
4.155992E-08,-1.4658378E-01
4.160992E-08,-1.4589856E-01
4.165992E-08,-1.4526605E-01
4.170992E-08,-1.4479167E-01
4.175992E-08,-1.4431729E-01
4.180992E-08,-1.4400103E-01
4.185992E-08,-1.4373749E-01
4.190992E-08,-1.4357936E-01
4.195992E-08,-1.4352665E-01
4.200992E-08,-1.4347394E-01
4.205992E-08,-1.4352665E-01
4.210992E-08,-1.4363207E-01
4.215992E-08,-1.4379020E-01
4.220992E-08,-1.4394833E-01
4.225992E-08,-1.4415916E-01
4.230992E-08,-1.4437000E-01
4.235992E-08,-1.4458083E-01
4.240992E-08,-1.4473896E-01
4.245992E-08,-1.4489709E-01
4.250992E-08,-1.4505521E-01
4.255992E-08,-1.4516063E-01
4.260992E-08,-1.4516063E-01
4.265992E-08,-1.4516063E-01
4.270992E-08,-1.4510792E-01
4.275992E-08,-1.4500251E-01
4.280992E-08,-1.4484438E-01
4.285992E-08,-1.4458083E-01
4.290992E-08,-1.4431729E-01
4.295992E-08,-1.4400103E-01
4.300992E-08,-1.4368478E-01
4.305992E-08,-1.4326311E-01
4.310992E-08,-1.4284144E-01
4.315992E-08,-1.4241976E-01
4.320992E-08,-1.4199809E-01
4.325992E-08,-1.4157642E-01
4.330992E-08,-1.4115475E-01
4.335992E-08,-1.4073308E-01
4.340992E-08,-1.4036411E-01
4.345992E-08,-1.3999515E-01
4.350992E-08,-1.3967890E-01
4.355992E-08,-1.3946806E-01
4.360992E-08,-1.3920451E-01
4.365992E-08,-1.3904639E-01
4.370992E-08,-1.3894097E-01
4.375992E-08,-1.3888826E-01
4.380992E-08,-1.3888826E-01
4.385992E-08,-1.3894097E-01
4.390992E-08,-1.3904639E-01
4.395992E-08,-1.3915181E-01
4.400992E-08,-1.3930993E-01
4.405992E-08,-1.3952077E-01
4.410992E-08,-1.3973160E-01
4.415992E-08,-1.3999515E-01
4.420992E-08,-1.4025869E-01
4.425992E-08,-1.4052224E-01
4.430992E-08,-1.4078578E-01
4.435992E-08,-1.4099662E-01
4.440992E-08,-1.4120746E-01
4.445992E-08,-1.4141829E-01
4.450992E-08,-1.4162913E-01
4.455992E-08,-1.4173455E-01
4.460992E-08,-1.4189267E-01
4.465992E-08,-1.4194538E-01
4.470992E-08,-1.4199809E-01
4.475992E-08,-1.4199809E-01
4.480992E-08,-1.4194538E-01
4.485992E-08,-1.4189267E-01
4.490992E-08,-1.4183996E-01
4.495992E-08,-1.4173455E-01
4.500992E-08,-1.4157642E-01
4.505992E-08,-1.4141829E-01
4.510992E-08,-1.4126017E-01
4.515992E-08,-1.4110204E-01
4.520992E-08,-1.4094391E-01
4.525992E-08,-1.4083849E-01
4.530992E-08,-1.4068037E-01
4.535992E-08,-1.4057495E-01
4.540992E-08,-1.4046953E-01
4.545992E-08,-1.4041682E-01
4.550992E-08,-1.4041682E-01
4.555992E-08,-1.4041682E-01
4.560992E-08,-1.4046953E-01
4.565992E-08,-1.4057495E-01
4.570992E-08,-1.4068037E-01
4.575992E-08,-1.4089120E-01
4.580992E-08,-1.4110204E-01
4.585992E-08,-1.4131287E-01
4.590992E-08,-1.4162913E-01
4.595992E-08,-1.4194538E-01
4.600992E-08,-1.4226164E-01
4.605992E-08,-1.4257789E-01
4.610992E-08,-1.4294685E-01
4.615992E-08,-1.4336853E-01
4.620992E-08,-1.4373749E-01
4.625992E-08,-1.4410645E-01
4.630992E-08,-1.4447542E-01
4.635992E-08,-1.4484438E-01
4.640992E-08,-1.4521334E-01
4.645992E-08,-1.4552960E-01
4.650992E-08,-1.4584585E-01
4.655992E-08,-1.4616210E-01
4.660992E-08,-1.4642565E-01
4.665992E-08,-1.4663649E-01
4.670992E-08,-1.4684732E-01
4.675992E-08,-1.4700545E-01
4.680992E-08,-1.4716358E-01
4.685992E-08,-1.4732170E-01
4.690992E-08,-1.4742712E-01
4.695992E-08,-1.4753254E-01
4.700992E-08,-1.4758525E-01
4.705992E-08,-1.4763796E-01
4.710992E-08,-1.4769067E-01
4.715992E-08,-1.4774337E-01
4.720992E-08,-1.4779608E-01
4.725992E-08,-1.4784879E-01
4.730992E-08,-1.4790150E-01
4.735992E-08,-1.4795421E-01
4.740992E-08,-1.4805963E-01
4.745992E-08,-1.4811234E-01
4.750992E-08,-1.4821776E-01
4.755992E-08,-1.4837588E-01
4.760992E-08,-1.4853401E-01
4.765992E-08,-1.4869214E-01
4.770992E-08,-1.4890297E-01
4.775992E-08,-1.4906110E-01
4.780992E-08,-1.4932464E-01
4.785992E-08,-1.4953548E-01
4.790992E-08,-1.4979903E-01
4.795992E-08,-1.5000986E-01
4.800992E-08,-1.5027341E-01
4.805992E-08,-1.5053695E-01
4.810992E-08,-1.5080050E-01
4.815992E-08,-1.5106404E-01
4.820992E-08,-1.5132759E-01
4.825992E-08,-1.5153842E-01
4.830992E-08,-1.5174926E-01
4.835992E-08,-1.5196010E-01
4.840992E-08,-1.5211822E-01
4.845992E-08,-1.5222364E-01
4.850992E-08,-1.5232906E-01
4.855992E-08,-1.5243448E-01
4.860992E-08,-1.5243448E-01
4.865992E-08,-1.5243448E-01
4.870992E-08,-1.5238177E-01
4.875992E-08,-1.5227635E-01
4.880992E-08,-1.5217093E-01
4.885992E-08,-1.5201280E-01
4.890992E-08,-1.5185468E-01
4.895992E-08,-1.5164384E-01
4.900992E-08,-1.5143301E-01
4.905992E-08,-1.5122217E-01
4.910992E-08,-1.5095862E-01
4.915992E-08,-1.5069508E-01
4.920992E-08,-1.5043153E-01
4.925992E-08,-1.5022070E-01
4.930992E-08,-1.4995715E-01
4.935992E-08,-1.4969361E-01
4.940992E-08,-1.4948277E-01
4.945992E-08,-1.4927194E-01
4.950992E-08,-1.4911381E-01
4.955992E-08,-1.4895568E-01
4.960992E-08,-1.4885026E-01
4.965992E-08,-1.4874485E-01
4.970992E-08,-1.4869214E-01
4.975992E-08,-1.4863943E-01
4.980992E-08,-1.4863943E-01
4.985992E-08,-1.4863943E-01
4.990992E-08,-1.4869214E-01
4.995992E-08,-1.4874485E-01
5.000992E-08,-1.4885026E-01
5.005992E-08,-1.4895568E-01
5.010992E-08,-1.4906110E-01
5.015992E-08,-1.4916652E-01
5.020992E-08,-1.4932464E-01
5.025992E-08,-1.4943006E-01
5.030992E-08,-1.4953548E-01
5.035992E-08,-1.4964090E-01
5.040992E-08,-1.4974632E-01
5.045992E-08,-1.4979903E-01
5.050992E-08,-1.4985173E-01
5.055992E-08,-1.4990444E-01
5.060992E-08,-1.4990444E-01
5.065992E-08,-1.4990444E-01
5.070992E-08,-1.4985173E-01
5.075992E-08,-1.4979903E-01
5.080992E-08,-1.4969361E-01
5.085992E-08,-1.4953548E-01
5.090992E-08,-1.4937735E-01
5.095992E-08,-1.4921923E-01
5.100992E-08,-1.4900839E-01
5.105992E-08,-1.4879755E-01
5.110992E-08,-1.4853401E-01
5.115992E-08,-1.4832317E-01
5.120992E-08,-1.4805963E-01
5.125992E-08,-1.4779608E-01
5.130992E-08,-1.4753254E-01
5.135992E-08,-1.4726899E-01
5.140992E-08,-1.4700545E-01
5.145992E-08,-1.4679461E-01
5.150992E-08,-1.4653107E-01
5.155992E-08,-1.4632023E-01
5.160992E-08,-1.4616210E-01
5.165992E-08,-1.4600398E-01
5.170992E-08,-1.4584585E-01
5.175992E-08,-1.4574043E-01
5.180992E-08,-1.4563501E-01
5.185992E-08,-1.4552960E-01
5.190992E-08,-1.4547689E-01
5.195992E-08,-1.4547689E-01
5.200992E-08,-1.4547689E-01
5.205992E-08,-1.4547689E-01
5.210992E-08,-1.4552960E-01
5.215992E-08,-1.4558230E-01
5.220992E-08,-1.4563501E-01
5.225992E-08,-1.4574043E-01
5.230992E-08,-1.4579314E-01
5.235992E-08,-1.4589856E-01
5.240992E-08,-1.4600398E-01
5.245992E-08,-1.4610939E-01
5.250992E-08,-1.4621481E-01
5.255992E-08,-1.4626752E-01
5.260992E-08,-1.4637294E-01
5.265992E-08,-1.4642565E-01
5.270992E-08,-1.4653107E-01
5.275992E-08,-1.4658378E-01
5.280992E-08,-1.4663649E-01
5.285992E-08,-1.4668919E-01
5.290992E-08,-1.4668919E-01
5.295992E-08,-1.4674190E-01
5.300992E-08,-1.4674190E-01
5.305992E-08,-1.4674190E-01
5.310992E-08,-1.4674190E-01
5.315992E-08,-1.4674190E-01
5.320992E-08,-1.4674190E-01
5.325992E-08,-1.4674190E-01
5.330992E-08,-1.4674190E-01
5.335992E-08,-1.4674190E-01
5.340992E-08,-1.4674190E-01
5.345992E-08,-1.4679461E-01
5.350992E-08,-1.4679461E-01
5.355992E-08,-1.4684732E-01
5.360992E-08,-1.4690003E-01
5.365992E-08,-1.4695274E-01
5.370992E-08,-1.4700545E-01
5.375992E-08,-1.4711087E-01
5.380992E-08,-1.4721628E-01
5.385992E-08,-1.4732170E-01
5.390992E-08,-1.4747983E-01
5.395992E-08,-1.4758525E-01
5.400992E-08,-1.4774337E-01
5.405992E-08,-1.4790150E-01
5.410992E-08,-1.4811234E-01
5.415992E-08,-1.4827046E-01
5.420992E-08,-1.4842859E-01
5.425992E-08,-1.4863943E-01
5.430992E-08,-1.4879755E-01
5.435992E-08,-1.4900839E-01
5.440992E-08,-1.4916652E-01
5.445992E-08,-1.4932464E-01
5.450992E-08,-1.4948277E-01
5.455992E-08,-1.4964090E-01
5.460992E-08,-1.4979903E-01
5.465992E-08,-1.4990444E-01
5.470992E-08,-1.5000986E-01
5.475992E-08,-1.5011528E-01
5.480992E-08,-1.5022070E-01
5.485992E-08,-1.5032612E-01
5.490992E-08,-1.5037883E-01
5.495992E-08,-1.5043153E-01
5.500992E-08,-1.5048424E-01
5.505992E-08,-1.5053695E-01
5.510992E-08,-1.5053695E-01
5.515992E-08,-1.5053695E-01
5.520992E-08,-1.5058966E-01
5.525992E-08,-1.5058966E-01
5.530992E-08,-1.5058966E-01
5.535992E-08,-1.5058966E-01
5.540992E-08,-1.5058966E-01
5.545992E-08,-1.5058966E-01
5.550992E-08,-1.5058966E-01
5.555992E-08,-1.5058966E-01
5.560992E-08,-1.5064237E-01
5.565992E-08,-1.5064237E-01
5.570992E-08,-1.5064237E-01
5.575992E-08,-1.5069508E-01
5.580992E-08,-1.5074779E-01
5.585992E-08,-1.5080050E-01
5.590992E-08,-1.5085321E-01
5.595992E-08,-1.5090592E-01
5.600992E-08,-1.5095862E-01
5.605992E-08,-1.5101133E-01
5.610992E-08,-1.5111675E-01
5.615992E-08,-1.5116946E-01
5.620992E-08,-1.5127488E-01
5.625992E-08,-1.5132759E-01
5.630992E-08,-1.5143301E-01
5.635992E-08,-1.5148571E-01
5.640992E-08,-1.5159113E-01
5.645992E-08,-1.5164384E-01
5.650992E-08,-1.5174926E-01
5.655992E-08,-1.5180197E-01
5.660992E-08,-1.5185468E-01
5.665992E-08,-1.5190739E-01
5.670992E-08,-1.5190739E-01
5.675992E-08,-1.5196010E-01
5.680992E-08,-1.5201280E-01
5.685992E-08,-1.5201280E-01
5.690992E-08,-1.5201280E-01
5.695992E-08,-1.5201280E-01
5.700992E-08,-1.5201280E-01
5.705992E-08,-1.5201280E-01
5.710992E-08,-1.5196010E-01
5.715992E-08,-1.5196010E-01
5.720992E-08,-1.5190739E-01
5.725992E-08,-1.5185468E-01
5.730992E-08,-1.5180197E-01
5.735992E-08,-1.5174926E-01
5.740992E-08,-1.5169655E-01
5.745992E-08,-1.5169655E-01
5.750992E-08,-1.5164384E-01
5.755992E-08,-1.5153842E-01
5.760992E-08,-1.5148571E-01
5.765992E-08,-1.5143301E-01
5.770992E-08,-1.5138030E-01
5.775992E-08,-1.5132759E-01
5.780992E-08,-1.5122217E-01
5.785992E-08,-1.5111675E-01
5.790992E-08,-1.5106404E-01
5.795992E-08,-1.5095862E-01
5.800992E-08,-1.5085321E-01
5.805992E-08,-1.5074779E-01
5.810992E-08,-1.5064237E-01
5.815992E-08,-1.5053695E-01
5.820992E-08,-1.5043153E-01
5.825992E-08,-1.5032612E-01
5.830992E-08,-1.5016799E-01
5.835992E-08,-1.5006257E-01
5.840992E-08,-1.4995715E-01
5.845992E-08,-1.4979903E-01
5.850992E-08,-1.4969361E-01
5.855992E-08,-1.4953548E-01
5.860992E-08,-1.4943006E-01
5.865992E-08,-1.4927194E-01
5.870992E-08,-1.4911381E-01
5.875992E-08,-1.4900839E-01
5.880992E-08,-1.4885026E-01
5.885992E-08,-1.4874485E-01
5.890992E-08,-1.4858672E-01
5.895992E-08,-1.4848130E-01
5.900992E-08,-1.4832317E-01
5.905992E-08,-1.4821776E-01
5.910992E-08,-1.4811234E-01
5.915992E-08,-1.4800692E-01
5.920992E-08,-1.4790150E-01
5.925992E-08,-1.4779608E-01
5.930992E-08,-1.4769067E-01
5.935992E-08,-1.4758525E-01
5.940992E-08,-1.4753254E-01
5.945992E-08,-1.4742712E-01
5.950992E-08,-1.4737441E-01
5.955992E-08,-1.4732170E-01
5.960992E-08,-1.4721628E-01
5.965992E-08,-1.4716358E-01
5.970992E-08,-1.4716358E-01
5.975992E-08,-1.4711087E-01
5.980992E-08,-1.4705816E-01
5.985992E-08,-1.4705816E-01
5.990992E-08,-1.4700545E-01
5.995992E-08,-1.4700545E-01
6.000992E-08,-1.4695274E-01
6.005992E-08,-1.4695274E-01
6.010992E-08,-1.4695274E-01
6.015992E-08,-1.4695274E-01
6.020992E-08,-1.4695274E-01
6.025992E-08,-1.4690003E-01
6.030992E-08,-1.4690003E-01
6.035992E-08,-1.4690003E-01
6.040992E-08,-1.4690003E-01
6.045992E-08,-1.4684732E-01
6.050992E-08,-1.4684732E-01
6.055992E-08,-1.4684732E-01
6.060992E-08,-1.4679461E-01
6.065992E-08,-1.4679461E-01
6.070992E-08,-1.4674190E-01
6.075992E-08,-1.4674190E-01
6.080992E-08,-1.4668919E-01
6.085992E-08,-1.4668919E-01
6.090992E-08,-1.4663649E-01
6.095992E-08,-1.4658378E-01
6.100992E-08,-1.4653107E-01
6.105992E-08,-1.4647836E-01
6.110992E-08,-1.4647836E-01
6.115992E-08,-1.4642565E-01
6.120992E-08,-1.4637294E-01
6.125992E-08,-1.4632023E-01
6.130992E-08,-1.4632023E-01
6.135992E-08,-1.4626752E-01
6.140992E-08,-1.4621481E-01
6.145992E-08,-1.4621481E-01
6.150992E-08,-1.4621481E-01
6.155992E-08,-1.4616210E-01
6.160992E-08,-1.4616210E-01
6.165992E-08,-1.4616210E-01
6.170992E-08,-1.4616210E-01
6.175992E-08,-1.4616210E-01
6.180992E-08,-1.4616210E-01
6.185992E-08,-1.4621481E-01
6.190992E-08,-1.4621481E-01
6.195992E-08,-1.4626752E-01
6.200992E-08,-1.4632023E-01
6.205992E-08,-1.4637294E-01
6.210992E-08,-1.4642565E-01
6.215992E-08,-1.4647836E-01
6.220992E-08,-1.4653107E-01
6.225992E-08,-1.4663649E-01
6.230992E-08,-1.4668919E-01
6.235992E-08,-1.4679461E-01
6.240992E-08,-1.4684732E-01
6.245992E-08,-1.4695274E-01
6.250992E-08,-1.4705816E-01
6.255992E-08,-1.4716358E-01
6.260992E-08,-1.4726899E-01
6.265992E-08,-1.4737441E-01
6.270992E-08,-1.4747983E-01
6.275992E-08,-1.4758525E-01
6.280992E-08,-1.4769067E-01
6.285992E-08,-1.4779608E-01
6.290992E-08,-1.4790150E-01
6.295992E-08,-1.4800692E-01
6.300992E-08,-1.4811234E-01
6.305992E-08,-1.4821776E-01
6.310992E-08,-1.4832317E-01
6.315992E-08,-1.4842859E-01
6.320992E-08,-1.4853401E-01
6.325992E-08,-1.4858672E-01
6.330992E-08,-1.4869214E-01
6.335992E-08,-1.4879755E-01
6.340992E-08,-1.4890297E-01
6.345992E-08,-1.4895568E-01
6.350992E-08,-1.4906110E-01
6.355992E-08,-1.4916652E-01
6.360992E-08,-1.4921923E-01
6.365992E-08,-1.4927194E-01
6.370992E-08,-1.4937735E-01
6.375992E-08,-1.4943006E-01
6.380992E-08,-1.4953548E-01
6.385992E-08,-1.4958819E-01
6.390992E-08,-1.4964090E-01
6.395992E-08,-1.4969361E-01
6.400992E-08,-1.4974632E-01
6.405992E-08,-1.4979903E-01
6.410992E-08,-1.4985173E-01
6.415992E-08,-1.4990444E-01
6.420992E-08,-1.4995715E-01
6.425992E-08,-1.5000986E-01
6.430992E-08,-1.5000986E-01
6.435992E-08,-1.5006257E-01
6.440992E-08,-1.5011528E-01
6.445992E-08,-1.5011528E-01
6.450992E-08,-1.5016799E-01
6.455992E-08,-1.5016799E-01
6.460992E-08,-1.5022070E-01
6.465992E-08,-1.5022070E-01
6.470992E-08,-1.5027341E-01
6.475992E-08,-1.5027341E-01
6.480992E-08,-1.5032612E-01
6.485992E-08,-1.5032612E-01
6.490992E-08,-1.5032612E-01
6.495992E-08,-1.5037883E-01
6.500992E-08,-1.5037883E-01
6.505992E-08,-1.5043153E-01
6.510992E-08,-1.5043153E-01
6.515992E-08,-1.5048424E-01
6.520992E-08,-1.5048424E-01
6.525992E-08,-1.5053695E-01
6.530992E-08,-1.5058966E-01
6.535992E-08,-1.5058966E-01
6.540992E-08,-1.5064237E-01
6.545992E-08,-1.5069508E-01
6.550992E-08,-1.5069508E-01
6.555992E-08,-1.5074779E-01
6.560992E-08,-1.5080050E-01
6.565992E-08,-1.5085321E-01
6.570992E-08,-1.5085321E-01
6.575992E-08,-1.5090592E-01
6.580992E-08,-1.5095862E-01
6.585992E-08,-1.5101133E-01
6.590992E-08,-1.5101133E-01
6.595992E-08,-1.5106404E-01
6.600992E-08,-1.5106404E-01
6.605992E-08,-1.5111675E-01
6.610992E-08,-1.5111675E-01
6.615992E-08,-1.5111675E-01
6.620992E-08,-1.5111675E-01
6.625992E-08,-1.5116946E-01
6.630992E-08,-1.5116946E-01
6.635992E-08,-1.5111675E-01
6.640992E-08,-1.5111675E-01
6.645992E-08,-1.5111675E-01
6.650992E-08,-1.5106404E-01
6.655992E-08,-1.5106404E-01
6.660992E-08,-1.5101133E-01
6.665992E-08,-1.5095862E-01
6.670992E-08,-1.5090592E-01
6.675992E-08,-1.5085321E-01
6.680992E-08,-1.5080050E-01
6.685992E-08,-1.5074779E-01
6.690992E-08,-1.5069508E-01
6.695992E-08,-1.5058966E-01
6.700992E-08,-1.5053695E-01
6.705992E-08,-1.5043153E-01
6.710992E-08,-1.5037883E-01
6.715992E-08,-1.5027341E-01
6.720992E-08,-1.5016799E-01
6.725992E-08,-1.5011528E-01
6.730992E-08,-1.5000986E-01
6.735992E-08,-1.4990444E-01
6.740992E-08,-1.4985173E-01
6.745992E-08,-1.4974632E-01
6.750992E-08,-1.4969361E-01
6.755992E-08,-1.4958819E-01
6.760992E-08,-1.4953548E-01
6.765992E-08,-1.4943006E-01
6.770992E-08,-1.4937735E-01
6.775992E-08,-1.4927194E-01
6.780992E-08,-1.4921923E-01
6.785992E-08,-1.4911381E-01
6.790992E-08,-1.4906110E-01
6.795992E-08,-1.4900839E-01
6.800992E-08,-1.4895568E-01
6.805992E-08,-1.4890297E-01
6.810992E-08,-1.4885026E-01
6.815992E-08,-1.4874485E-01
6.820992E-08,-1.4869214E-01
6.825992E-08,-1.4869214E-01
6.830992E-08,-1.4863943E-01
6.835992E-08,-1.4858672E-01
6.840992E-08,-1.4853401E-01
6.845992E-08,-1.4853401E-01
6.850992E-08,-1.4848130E-01
6.855992E-08,-1.4842859E-01
6.860992E-08,-1.4842859E-01
6.865992E-08,-1.4837588E-01
6.870992E-08,-1.4837588E-01
6.875992E-08,-1.4837588E-01
6.880992E-08,-1.4832317E-01
6.885992E-08,-1.4832317E-01
6.890992E-08,-1.4832317E-01
6.895992E-08,-1.4832317E-01
6.900992E-08,-1.4832317E-01
6.905992E-08,-1.4832317E-01
6.910992E-08,-1.4832317E-01
6.915992E-08,-1.4832317E-01
6.920992E-08,-1.4832317E-01
6.925992E-08,-1.4832317E-01
6.930992E-08,-1.4832317E-01
6.935992E-08,-1.4832317E-01
6.940992E-08,-1.4832317E-01
6.945992E-08,-1.4832317E-01
6.950992E-08,-1.4837588E-01
6.955992E-08,-1.4837588E-01
6.960992E-08,-1.4837588E-01
6.965992E-08,-1.4837588E-01
6.970992E-08,-1.4837588E-01
6.975992E-08,-1.4837588E-01
6.980992E-08,-1.4837588E-01
6.985992E-08,-1.4837588E-01
6.990992E-08,-1.4837588E-01
6.995992E-08,-1.4837588E-01
7.000992E-08,-1.4837588E-01
7.005992E-08,-1.4837588E-01
7.010992E-08,-1.4837588E-01
7.015992E-08,-1.4832317E-01
7.020992E-08,-1.4832317E-01
7.025992E-08,-1.4832317E-01
7.030992E-08,-1.4827046E-01
7.035992E-08,-1.4827046E-01
7.040992E-08,-1.4821776E-01
7.045992E-08,-1.4821776E-01
7.050992E-08,-1.4816505E-01
7.055992E-08,-1.4816505E-01
7.060992E-08,-1.4811234E-01
7.065992E-08,-1.4811234E-01
7.070992E-08,-1.4811234E-01
7.075992E-08,-1.4811234E-01
7.080992E-08,-1.4805963E-01
7.085992E-08,-1.4805963E-01
7.090992E-08,-1.4805963E-01
7.095992E-08,-1.4805963E-01
7.100992E-08,-1.4811234E-01
7.105992E-08,-1.4811234E-01
7.110992E-08,-1.4811234E-01
7.115992E-08,-1.4816505E-01
7.120992E-08,-1.4816505E-01
7.125992E-08,-1.4821776E-01
7.130992E-08,-1.4827046E-01
7.135992E-08,-1.4832317E-01
7.140992E-08,-1.4832317E-01
7.145992E-08,-1.4837588E-01
7.150992E-08,-1.4842859E-01
7.155992E-08,-1.4848130E-01
7.160992E-08,-1.4853401E-01
7.165992E-08,-1.4858672E-01
7.170992E-08,-1.4863943E-01
7.175992E-08,-1.4869214E-01
7.180992E-08,-1.4874485E-01
7.185992E-08,-1.4879755E-01
7.190992E-08,-1.4879755E-01
7.195992E-08,-1.4885026E-01
7.200992E-08,-1.4890297E-01
7.205992E-08,-1.4890297E-01
7.210992E-08,-1.4890297E-01
7.215992E-08,-1.4890297E-01
7.220992E-08,-1.4890297E-01
7.225992E-08,-1.4890297E-01
7.230992E-08,-1.4890297E-01
7.235992E-08,-1.4885026E-01
7.240992E-08,-1.4885026E-01
7.245992E-08,-1.4879755E-01
7.250992E-08,-1.4874485E-01
7.255992E-08,-1.4869214E-01
7.260992E-08,-1.4869214E-01
7.265992E-08,-1.4863943E-01
7.270992E-08,-1.4858672E-01
7.275992E-08,-1.4853401E-01
7.280992E-08,-1.4848130E-01
7.285992E-08,-1.4842859E-01
7.290992E-08,-1.4842859E-01
7.295992E-08,-1.4837588E-01
7.300992E-08,-1.4837588E-01
7.305992E-08,-1.4832317E-01
7.310992E-08,-1.4832317E-01
7.315992E-08,-1.4832317E-01
7.320992E-08,-1.4832317E-01
7.325992E-08,-1.4832317E-01
7.330992E-08,-1.4837588E-01
7.335992E-08,-1.4837588E-01
7.340992E-08,-1.4842859E-01
7.345992E-08,-1.4848130E-01
7.350992E-08,-1.4853401E-01
7.355992E-08,-1.4858672E-01
7.360992E-08,-1.4863943E-01
7.365992E-08,-1.4874485E-01
7.370992E-08,-1.4879755E-01
7.375992E-08,-1.4890297E-01
7.380992E-08,-1.4900839E-01
7.385992E-08,-1.4906110E-01
7.390992E-08,-1.4916652E-01
7.395992E-08,-1.4921923E-01
7.400992E-08,-1.4932464E-01
7.405992E-08,-1.4937735E-01
7.410992E-08,-1.4943006E-01
7.415992E-08,-1.4948277E-01
7.420992E-08,-1.4953548E-01
7.425992E-08,-1.4958819E-01
7.430992E-08,-1.4964090E-01
7.435992E-08,-1.4964090E-01
7.440992E-08,-1.4964090E-01
7.445992E-08,-1.4964090E-01
7.450992E-08,-1.4964090E-01
7.455992E-08,-1.4958819E-01
7.460992E-08,-1.4958819E-01
7.465992E-08,-1.4953548E-01
7.470992E-08,-1.4948277E-01
7.475992E-08,-1.4943006E-01
7.480992E-08,-1.4937735E-01
7.485992E-08,-1.4927194E-01
7.490992E-08,-1.4921923E-01
7.495992E-08,-1.4911381E-01
7.500992E-08,-1.4906110E-01
7.505992E-08,-1.4895568E-01
7.510992E-08,-1.4890297E-01
7.515992E-08,-1.4879755E-01
7.520992E-08,-1.4874485E-01
7.525992E-08,-1.4863943E-01
7.530992E-08,-1.4858672E-01
7.535992E-08,-1.4853401E-01
7.540992E-08,-1.4848130E-01
7.545992E-08,-1.4842859E-01
7.550992E-08,-1.4842859E-01
7.555992E-08,-1.4837588E-01
7.560992E-08,-1.4837588E-01
7.565992E-08,-1.4837588E-01
7.570992E-08,-1.4837588E-01
7.575992E-08,-1.4837588E-01
7.580992E-08,-1.4842859E-01
7.585992E-08,-1.4848130E-01
7.590992E-08,-1.4848130E-01
7.595992E-08,-1.4853401E-01
7.600992E-08,-1.4858672E-01
7.605992E-08,-1.4869214E-01
7.610992E-08,-1.4874485E-01
7.615992E-08,-1.4879755E-01
7.620992E-08,-1.4885026E-01
7.625992E-08,-1.4895568E-01
7.630992E-08,-1.4900839E-01
7.635992E-08,-1.4906110E-01
7.640992E-08,-1.4916652E-01
7.645992E-08,-1.4921923E-01
7.650992E-08,-1.4932464E-01
7.655992E-08,-1.4937735E-01
7.660992E-08,-1.4943006E-01
7.665992E-08,-1.4948277E-01
7.670992E-08,-1.4953548E-01
7.675992E-08,-1.4958819E-01
7.680992E-08,-1.4964090E-01
7.685992E-08,-1.4964090E-01
7.690992E-08,-1.4969361E-01
7.695992E-08,-1.4969361E-01
7.700992E-08,-1.4974632E-01
7.705992E-08,-1.4974632E-01
7.710992E-08,-1.4974632E-01
7.715992E-08,-1.4974632E-01
7.720992E-08,-1.4974632E-01
7.725992E-08,-1.4974632E-01
7.730992E-08,-1.4974632E-01
7.735992E-08,-1.4974632E-01
7.740992E-08,-1.4974632E-01
7.745992E-08,-1.4974632E-01
7.750992E-08,-1.4974632E-01
7.755992E-08,-1.4969361E-01
7.760992E-08,-1.4969361E-01
7.765992E-08,-1.4969361E-01
7.770992E-08,-1.4969361E-01
7.775992E-08,-1.4964090E-01
7.780992E-08,-1.4964090E-01
7.785992E-08,-1.4964090E-01
7.790992E-08,-1.4964090E-01
7.795992E-08,-1.4958819E-01
7.800992E-08,-1.4958819E-01
7.805992E-08,-1.4958819E-01
7.810992E-08,-1.4958819E-01
7.815992E-08,-1.4953548E-01
7.820992E-08,-1.4953548E-01
7.825992E-08,-1.4953548E-01
7.830992E-08,-1.4953548E-01
7.835992E-08,-1.4948277E-01
7.840992E-08,-1.4948277E-01
7.845992E-08,-1.4948277E-01
7.850992E-08,-1.4948277E-01
7.855992E-08,-1.4948277E-01
7.860992E-08,-1.4943006E-01
7.865992E-08,-1.4943006E-01
7.870992E-08,-1.4943006E-01
7.875992E-08,-1.4943006E-01
7.880992E-08,-1.4943006E-01
7.885992E-08,-1.4943006E-01
7.890992E-08,-1.4943006E-01
7.895992E-08,-1.4943006E-01
7.900992E-08,-1.4943006E-01
7.905992E-08,-1.4943006E-01
7.910992E-08,-1.4943006E-01
7.915992E-08,-1.4943006E-01
7.920992E-08,-1.4948277E-01
7.925992E-08,-1.4948277E-01
7.930992E-08,-1.4948277E-01
7.935992E-08,-1.4948277E-01
7.940992E-08,-1.4953548E-01
7.945992E-08,-1.4953548E-01
7.950992E-08,-1.4958819E-01
7.955992E-08,-1.4958819E-01
7.960992E-08,-1.4964090E-01
7.965992E-08,-1.4964090E-01
7.970992E-08,-1.4969361E-01
7.975992E-08,-1.4969361E-01
7.980992E-08,-1.4974632E-01
7.985992E-08,-1.4974632E-01
7.990992E-08,-1.4979903E-01
7.995992E-08,-1.4979903E-01
8.000992E-08,-1.4979903E-01
8.005992E-08,-1.4979903E-01
8.010992E-08,-1.4985173E-01
8.015992E-08,-1.4985173E-01
8.020992E-08,-1.4985173E-01
8.025992E-08,-1.4985173E-01
8.030992E-08,-1.4985173E-01
8.035992E-08,-1.4979903E-01
8.040992E-08,-1.4979903E-01
8.045992E-08,-1.4979903E-01
8.050992E-08,-1.4974632E-01
8.055992E-08,-1.4974632E-01
8.060992E-08,-1.4969361E-01
8.065992E-08,-1.4964090E-01
8.070992E-08,-1.4964090E-01
8.075992E-08,-1.4958819E-01
8.080992E-08,-1.4953548E-01
8.085992E-08,-1.4948277E-01
8.090992E-08,-1.4943006E-01
8.095992E-08,-1.4937735E-01
8.100992E-08,-1.4932464E-01
8.105992E-08,-1.4932464E-01
8.110992E-08,-1.4927194E-01
8.115992E-08,-1.4921923E-01
8.120992E-08,-1.4916652E-01
8.125992E-08,-1.4916652E-01
8.130992E-08,-1.4911381E-01
8.135992E-08,-1.4911381E-01
8.140992E-08,-1.4906110E-01
8.145992E-08,-1.4906110E-01
8.150992E-08,-1.4900839E-01
8.155992E-08,-1.4900839E-01
8.160992E-08,-1.4900839E-01
8.165992E-08,-1.4900839E-01
8.170992E-08,-1.4900839E-01
8.175992E-08,-1.4900839E-01
8.180992E-08,-1.4900839E-01
8.185992E-08,-1.4900839E-01
8.190992E-08,-1.4900839E-01
8.195992E-08,-1.4906110E-01
8.200992E-08,-1.4906110E-01
8.205992E-08,-1.4906110E-01
8.210992E-08,-1.4911381E-01
8.215992E-08,-1.4911381E-01
8.220992E-08,-1.4911381E-01
8.225992E-08,-1.4916652E-01
8.230992E-08,-1.4916652E-01
8.235992E-08,-1.4921923E-01
8.240992E-08,-1.4921923E-01
8.245992E-08,-1.4927194E-01
8.250992E-08,-1.4927194E-01
8.255992E-08,-1.4932464E-01
8.260992E-08,-1.4932464E-01
8.265992E-08,-1.4932464E-01
8.270992E-08,-1.4937735E-01
8.275992E-08,-1.4937735E-01
8.280992E-08,-1.4937735E-01
8.285992E-08,-1.4937735E-01
8.290992E-08,-1.4943006E-01
8.295992E-08,-1.4943006E-01
8.300992E-08,-1.4943006E-01
8.305992E-08,-1.4943006E-01
8.310992E-08,-1.4948277E-01
8.315992E-08,-1.4948277E-01
8.320992E-08,-1.4948277E-01
8.325992E-08,-1.4948277E-01
8.330992E-08,-1.4953548E-01
8.335992E-08,-1.4953548E-01
8.340992E-08,-1.4953548E-01
8.345992E-08,-1.4953548E-01
8.350992E-08,-1.4958819E-01
8.355992E-08,-1.4958819E-01
8.360992E-08,-1.4958819E-01
8.365992E-08,-1.4958819E-01
8.370992E-08,-1.4958819E-01
8.375992E-08,-1.4958819E-01
8.380992E-08,-1.4964090E-01
8.385992E-08,-1.4964090E-01
8.390992E-08,-1.4964090E-01
8.395992E-08,-1.4964090E-01
8.400992E-08,-1.4964090E-01
8.405992E-08,-1.4964090E-01
8.410992E-08,-1.4964090E-01
8.415992E-08,-1.4964090E-01
8.420992E-08,-1.4964090E-01
8.425992E-08,-1.4964090E-01
8.430992E-08,-1.4964090E-01
8.435992E-08,-1.4958819E-01
8.440992E-08,-1.4958819E-01
8.445992E-08,-1.4958819E-01
8.450992E-08,-1.4958819E-01
8.455992E-08,-1.4953548E-01
8.460992E-08,-1.4953548E-01
8.465992E-08,-1.4953548E-01
8.470992E-08,-1.4948277E-01
8.475992E-08,-1.4948277E-01
8.480992E-08,-1.4948277E-01
8.485992E-08,-1.4943006E-01
8.490992E-08,-1.4943006E-01
8.495992E-08,-1.4943006E-01
8.500992E-08,-1.4943006E-01
8.505992E-08,-1.4937735E-01
8.510992E-08,-1.4937735E-01
8.515992E-08,-1.4937735E-01
8.520992E-08,-1.4937735E-01
8.525992E-08,-1.4937735E-01
8.530992E-08,-1.4943006E-01
8.535992E-08,-1.4943006E-01
8.540992E-08,-1.4943006E-01
8.545992E-08,-1.4948277E-01
8.550992E-08,-1.4948277E-01
8.555992E-08,-1.4953548E-01
8.560992E-08,-1.4953548E-01
8.565992E-08,-1.4958819E-01
8.570992E-08,-1.4964090E-01
8.575992E-08,-1.4964090E-01
8.580992E-08,-1.4969361E-01
8.585992E-08,-1.4974632E-01
8.590992E-08,-1.4979903E-01
8.595992E-08,-1.4985173E-01
8.600992E-08,-1.4985173E-01
8.605992E-08,-1.4990444E-01
8.610992E-08,-1.4995715E-01
8.615992E-08,-1.4995715E-01
8.620992E-08,-1.5000986E-01
8.625992E-08,-1.5000986E-01
8.630992E-08,-1.5000986E-01
8.635992E-08,-1.5006257E-01
8.640992E-08,-1.5006257E-01
8.645992E-08,-1.5006257E-01
8.650992E-08,-1.5006257E-01
8.655992E-08,-1.5006257E-01
8.660992E-08,-1.5000986E-01
8.665992E-08,-1.5000986E-01
8.670992E-08,-1.4995715E-01
8.675992E-08,-1.4995715E-01
8.680992E-08,-1.4990444E-01
8.685992E-08,-1.4985173E-01
8.690992E-08,-1.4979903E-01
8.695992E-08,-1.4974632E-01
8.700992E-08,-1.4969361E-01
8.705992E-08,-1.4969361E-01
8.710992E-08,-1.4964090E-01
8.715992E-08,-1.4958819E-01
8.720992E-08,-1.4953548E-01
8.725992E-08,-1.4948277E-01
8.730992E-08,-1.4943006E-01
8.735992E-08,-1.4937735E-01
8.740992E-08,-1.4937735E-01
8.745992E-08,-1.4932464E-01
8.750992E-08,-1.4932464E-01
8.755992E-08,-1.4927194E-01
8.760992E-08,-1.4927194E-01
8.765992E-08,-1.4927194E-01
8.770992E-08,-1.4927194E-01
8.775992E-08,-1.4932464E-01
8.780992E-08,-1.4932464E-01
8.785992E-08,-1.4937735E-01
8.790992E-08,-1.4937735E-01
8.795992E-08,-1.4943006E-01
8.800992E-08,-1.4948277E-01
8.805992E-08,-1.4953548E-01
8.810992E-08,-1.4958819E-01
8.815992E-08,-1.4969361E-01
8.820992E-08,-1.4974632E-01
8.825992E-08,-1.4979903E-01
8.830992E-08,-1.4990444E-01
8.835992E-08,-1.4995715E-01
8.840992E-08,-1.5000986E-01
8.845992E-08,-1.5011528E-01
8.850992E-08,-1.5016799E-01
8.855992E-08,-1.5022070E-01
8.860992E-08,-1.5032612E-01
8.865992E-08,-1.5037883E-01
8.870992E-08,-1.5043153E-01
8.875992E-08,-1.5048424E-01
8.880992E-08,-1.5053695E-01
8.885992E-08,-1.5053695E-01
8.890992E-08,-1.5058966E-01
8.895992E-08,-1.5058966E-01
8.900992E-08,-1.5064237E-01
8.905992E-08,-1.5064237E-01
8.910992E-08,-1.5064237E-01
8.915992E-08,-1.5064237E-01
8.920992E-08,-1.5064237E-01
8.925992E-08,-1.5064237E-01
8.930992E-08,-1.5064237E-01
8.935992E-08,-1.5064237E-01
8.940992E-08,-1.5064237E-01
8.945992E-08,-1.5064237E-01
8.950992E-08,-1.5058966E-01
8.955992E-08,-1.5058966E-01
8.960992E-08,-1.5058966E-01
8.965992E-08,-1.5053695E-01
8.970992E-08,-1.5053695E-01
8.975992E-08,-1.5053695E-01
8.980992E-08,-1.5053695E-01
8.985992E-08,-1.5048424E-01
8.990992E-08,-1.5048424E-01
8.995992E-08,-1.5048424E-01
9.000992E-08,-1.5048424E-01
9.005992E-08,-1.5048424E-01
9.010992E-08,-1.5048424E-01
9.015992E-08,-1.5048424E-01
9.020992E-08,-1.5053695E-01
9.025992E-08,-1.5053695E-01
9.030992E-08,-1.5053695E-01
9.035992E-08,-1.5053695E-01
9.040992E-08,-1.5053695E-01
9.045992E-08,-1.5058966E-01
9.050992E-08,-1.5058966E-01
9.055992E-08,-1.5058966E-01
9.060992E-08,-1.5058966E-01
9.065992E-08,-1.5064237E-01
9.070992E-08,-1.5064237E-01
9.075992E-08,-1.5064237E-01
9.080992E-08,-1.5064237E-01
9.085992E-08,-1.5064237E-01
9.090992E-08,-1.5064237E-01
9.095992E-08,-1.5064237E-01
9.100992E-08,-1.5064237E-01
9.105992E-08,-1.5064237E-01
9.110992E-08,-1.5064237E-01
9.115992E-08,-1.5058966E-01
9.120992E-08,-1.5058966E-01
9.125992E-08,-1.5058966E-01
9.130992E-08,-1.5053695E-01
9.135992E-08,-1.5053695E-01
9.140992E-08,-1.5053695E-01
9.145992E-08,-1.5048424E-01
9.150992E-08,-1.5048424E-01
9.155992E-08,-1.5048424E-01
9.160992E-08,-1.5043153E-01
9.165992E-08,-1.5043153E-01
9.170992E-08,-1.5043153E-01
9.175992E-08,-1.5037883E-01
9.180992E-08,-1.5037883E-01
9.185992E-08,-1.5037883E-01
9.190992E-08,-1.5037883E-01
9.195992E-08,-1.5037883E-01
9.200992E-08,-1.5037883E-01
9.205992E-08,-1.5043153E-01
9.210992E-08,-1.5043153E-01
9.215992E-08,-1.5043153E-01
9.220992E-08,-1.5048424E-01
9.225992E-08,-1.5048424E-01
9.230992E-08,-1.5053695E-01
9.235992E-08,-1.5058966E-01
9.240992E-08,-1.5064237E-01
9.245992E-08,-1.5064237E-01
9.250992E-08,-1.5069508E-01
9.255992E-08,-1.5074779E-01
9.260992E-08,-1.5080050E-01
9.265992E-08,-1.5085321E-01
9.270992E-08,-1.5090592E-01
9.275992E-08,-1.5090592E-01
9.280992E-08,-1.5095862E-01
9.285992E-08,-1.5101133E-01
9.290992E-08,-1.5106404E-01
9.295992E-08,-1.5106404E-01
9.300992E-08,-1.5111675E-01
9.305992E-08,-1.5111675E-01
9.310992E-08,-1.5116946E-01
9.315992E-08,-1.5116946E-01
9.320992E-08,-1.5116946E-01
9.325992E-08,-1.5116946E-01
9.330992E-08,-1.5116946E-01
9.335992E-08,-1.5116946E-01
9.340992E-08,-1.5116946E-01
9.345992E-08,-1.5116946E-01
9.350992E-08,-1.5116946E-01
9.355992E-08,-1.5111675E-01
9.360992E-08,-1.5111675E-01
9.365992E-08,-1.5106404E-01
9.370992E-08,-1.5106404E-01
9.375992E-08,-1.5101133E-01
9.380992E-08,-1.5095862E-01
9.385992E-08,-1.5095862E-01
9.390992E-08,-1.5090592E-01
9.395992E-08,-1.5085321E-01
9.400992E-08,-1.5080050E-01
9.405992E-08,-1.5074779E-01
9.410992E-08,-1.5069508E-01
9.415992E-08,-1.5064237E-01
9.420992E-08,-1.5058966E-01
9.425992E-08,-1.5053695E-01
9.430992E-08,-1.5048424E-01
9.435992E-08,-1.5043153E-01
9.440992E-08,-1.5037883E-01
9.445992E-08,-1.5032612E-01
9.450992E-08,-1.5027341E-01
9.455992E-08,-1.5022070E-01
9.460992E-08,-1.5016799E-01
9.465992E-08,-1.5011528E-01
9.470992E-08,-1.5006257E-01
9.475992E-08,-1.5006257E-01
9.480992E-08,-1.5000986E-01
9.485992E-08,-1.4995715E-01
9.490992E-08,-1.4990444E-01
9.495992E-08,-1.4985173E-01
9.500992E-08,-1.4985173E-01
9.505992E-08,-1.4979903E-01
9.510992E-08,-1.4974632E-01
9.515992E-08,-1.4974632E-01
9.520992E-08,-1.4974632E-01
9.525992E-08,-1.4969361E-01
9.530992E-08,-1.4969361E-01
9.535992E-08,-1.4969361E-01
9.540992E-08,-1.4964090E-01
9.545992E-08,-1.4964090E-01
9.550992E-08,-1.4964090E-01
9.555992E-08,-1.4964090E-01
9.560992E-08,-1.4964090E-01
9.565992E-08,-1.4964090E-01
9.570992E-08,-1.4969361E-01
9.575992E-08,-1.4969361E-01
9.580992E-08,-1.4969361E-01
9.585992E-08,-1.4974632E-01
9.590992E-08,-1.4974632E-01
9.595992E-08,-1.4979903E-01
9.600992E-08,-1.4979903E-01
9.605992E-08,-1.4985173E-01
9.610992E-08,-1.4985173E-01
9.615992E-08,-1.4990444E-01
9.620992E-08,-1.4995715E-01
9.625992E-08,-1.5000986E-01
9.630992E-08,-1.5000986E-01
9.635992E-08,-1.5006257E-01
9.640992E-08,-1.5011528E-01
9.645992E-08,-1.5016799E-01
9.650992E-08,-1.5016799E-01
9.655992E-08,-1.5022070E-01
9.660992E-08,-1.5027341E-01
9.665992E-08,-1.5027341E-01
9.670992E-08,-1.5032612E-01
9.675992E-08,-1.5032612E-01
9.680992E-08,-1.5037883E-01
9.685992E-08,-1.5037883E-01
9.690992E-08,-1.5043153E-01
9.695992E-08,-1.5043153E-01
9.700992E-08,-1.5043153E-01
9.705992E-08,-1.5043153E-01
9.710992E-08,-1.5048424E-01
9.715992E-08,-1.5048424E-01
9.720992E-08,-1.5048424E-01
9.725992E-08,-1.5048424E-01
9.730992E-08,-1.5048424E-01
9.735992E-08,-1.5048424E-01
9.740992E-08,-1.5048424E-01
9.745992E-08,-1.5048424E-01
9.750992E-08,-1.5048424E-01
9.755992E-08,-1.5048424E-01
9.760992E-08,-1.5048424E-01
9.765992E-08,-1.5048424E-01
9.770992E-08,-1.5048424E-01
9.775992E-08,-1.5048424E-01
9.780992E-08,-1.5048424E-01
9.785992E-08,-1.5048424E-01
9.790992E-08,-1.5053695E-01
9.795992E-08,-1.5053695E-01
9.800992E-08,-1.5053695E-01
9.805992E-08,-1.5058966E-01
9.810992E-08,-1.5058966E-01
9.815992E-08,-1.5058966E-01
9.820992E-08,-1.5064237E-01
9.825992E-08,-1.5064237E-01
9.830992E-08,-1.5069508E-01
9.835992E-08,-1.5069508E-01
9.840992E-08,-1.5074779E-01
9.845992E-08,-1.5074779E-01
9.850992E-08,-1.5080050E-01
9.855992E-08,-1.5080050E-01
9.860992E-08,-1.5080050E-01
9.865992E-08,-1.5085321E-01
9.870992E-08,-1.5085321E-01
9.875992E-08,-1.5085321E-01
9.880992E-08,-1.5085321E-01
9.885992E-08,-1.5085321E-01
9.890992E-08,-1.5085321E-01
9.895992E-08,-1.5085321E-01
9.900992E-08,-1.5085321E-01
9.905992E-08,-1.5085321E-01
9.910992E-08,-1.5085321E-01
9.915992E-08,-1.5080050E-01
9.920992E-08,-1.5080050E-01
9.925992E-08,-1.5080050E-01
9.930992E-08,-1.5074779E-01
9.935992E-08,-1.5074779E-01
9.940992E-08,-1.5069508E-01
9.945992E-08,-1.5064237E-01
9.950992E-08,-1.5064237E-01
9.955992E-08,-1.5058966E-01
9.960992E-08,-1.5053695E-01
9.965992E-08,-1.5048424E-01
9.970992E-08,-1.5043153E-01
9.975992E-08,-1.5043153E-01
9.980992E-08,-1.5037883E-01
9.985992E-08,-1.5032612E-01
9.990992E-08,-1.5027341E-01
9.995992E-08,-1.5027341E-01
1.0000992E-07,-1.5022070E-01
1.0005992E-07,-1.5022070E-01
1.0010992E-07,-1.5016799E-01
1.0015992E-07,-1.5011528E-01
1.0020992E-07,-1.5011528E-01
1.0025992E-07,-1.5011528E-01
1.0030992E-07,-1.5006257E-01
1.0035992E-07,-1.5006257E-01
1.0040992E-07,-1.5006257E-01
1.0045992E-07,-1.5006257E-01
1.0050992E-07,-1.5006257E-01
1.0055992E-07,-1.5006257E-01
1.0060992E-07,-1.5006257E-01
1.0065992E-07,-1.5006257E-01
1.0070992E-07,-1.5006257E-01
1.0075992E-07,-1.5006257E-01
1.0080992E-07,-1.5006257E-01
1.0085992E-07,-1.5006257E-01
1.0090992E-07,-1.5011528E-01
1.0095992E-07,-1.5011528E-01
1.0100992E-07,-1.5011528E-01
1.0105992E-07,-1.5011528E-01
1.0110992E-07,-1.5011528E-01
1.0115992E-07,-1.5011528E-01
1.0120992E-07,-1.5011528E-01
1.0125992E-07,-1.5016799E-01
1.0130992E-07,-1.5016799E-01
1.0135992E-07,-1.5016799E-01
1.0140992E-07,-1.5016799E-01
1.0145992E-07,-1.5016799E-01
1.0150992E-07,-1.5016799E-01
1.0155992E-07,-1.5011528E-01
1.0160992E-07,-1.5011528E-01
1.0165992E-07,-1.5011528E-01
1.0170992E-07,-1.5011528E-01
1.0175992E-07,-1.5011528E-01
1.0180992E-07,-1.5006257E-01
1.0185992E-07,-1.5006257E-01
1.0190992E-07,-1.5006257E-01
1.0195992E-07,-1.5006257E-01
1.0200992E-07,-1.5000986E-01
1.0205992E-07,-1.5000986E-01
1.0210992E-07,-1.5000986E-01
1.0215992E-07,-1.5000986E-01
1.0220992E-07,-1.5000986E-01
1.0225992E-07,-1.5000986E-01
1.0230992E-07,-1.4995715E-01
1.0235992E-07,-1.4995715E-01
1.0240992E-07,-1.4995715E-01
1.0245992E-07,-1.4995715E-01
1.0250992E-07,-1.4995715E-01
1.0255992E-07,-1.4995715E-01
1.0260992E-07,-1.4995715E-01
1.0265992E-07,-1.4995715E-01
1.0270992E-07,-1.4995715E-01
1.0275992E-07,-1.4995715E-01
1.0280992E-07,-1.4995715E-01
1.0285992E-07,-1.5000986E-01
1.0290992E-07,-1.5000986E-01
1.0295992E-07,-1.5000986E-01
1.0300992E-07,-1.5000986E-01
1.0305992E-07,-1.5000986E-01
1.0310992E-07,-1.5000986E-01
1.0315992E-07,-1.5006257E-01
1.0320992E-07,-1.5006257E-01
1.0325992E-07,-1.5006257E-01
1.0330992E-07,-1.5006257E-01
1.0335992E-07,-1.5006257E-01
1.0340992E-07,-1.5006257E-01
1.0345992E-07,-1.5011528E-01
1.0350992E-07,-1.5011528E-01
1.0355992E-07,-1.5011528E-01
1.0360992E-07,-1.5011528E-01
1.0365992E-07,-1.5011528E-01
1.0370992E-07,-1.5011528E-01
1.0375992E-07,-1.5011528E-01
1.0380992E-07,-1.5011528E-01
1.0385992E-07,-1.5011528E-01
1.0390992E-07,-1.5011528E-01
1.0395992E-07,-1.5011528E-01
1.0400992E-07,-1.5011528E-01
1.0405992E-07,-1.5006257E-01
1.0410992E-07,-1.5006257E-01
1.0415992E-07,-1.5006257E-01
1.0420992E-07,-1.5006257E-01
1.0425992E-07,-1.5000986E-01
1.0430992E-07,-1.5000986E-01
1.0435992E-07,-1.4995715E-01
1.0440992E-07,-1.4995715E-01
1.0445992E-07,-1.4995715E-01
1.0450992E-07,-1.4990444E-01
1.0455992E-07,-1.4990444E-01
1.0460992E-07,-1.4985173E-01
1.0465992E-07,-1.4985173E-01
1.0470992E-07,-1.4979903E-01
1.0475992E-07,-1.4979903E-01
1.0480992E-07,-1.4974632E-01
1.0485992E-07,-1.4974632E-01
1.0490992E-07,-1.4969361E-01
1.0495992E-07,-1.4969361E-01
1.0500992E-07,-1.4964090E-01
1.0505992E-07,-1.4964090E-01
1.0510992E-07,-1.4958819E-01
1.0515992E-07,-1.4958819E-01
1.0520992E-07,-1.4958819E-01
1.0525992E-07,-1.4958819E-01
1.0530992E-07,-1.4953548E-01
1.0535992E-07,-1.4953548E-01
1.0540992E-07,-1.4953548E-01
1.0545992E-07,-1.4953548E-01
1.0550992E-07,-1.4953548E-01
1.0555992E-07,-1.4953548E-01
1.0560992E-07,-1.4953548E-01
1.0565992E-07,-1.4953548E-01
1.0570992E-07,-1.4953548E-01
1.0575992E-07,-1.4958819E-01
1.0580992E-07,-1.4958819E-01
1.0585992E-07,-1.4958819E-01
1.0590992E-07,-1.4964090E-01
1.0595992E-07,-1.4964090E-01
1.0600992E-07,-1.4964090E-01
1.0605992E-07,-1.4969361E-01
1.0610992E-07,-1.4969361E-01
1.0615992E-07,-1.4974632E-01
1.0620992E-07,-1.4974632E-01
1.0625992E-07,-1.4979903E-01
1.0630992E-07,-1.4979903E-01
1.0635992E-07,-1.4985173E-01
1.0640992E-07,-1.4985173E-01
1.0645992E-07,-1.4990444E-01
1.0650992E-07,-1.4990444E-01
1.0655992E-07,-1.4995715E-01
1.0660992E-07,-1.4995715E-01
1.0665992E-07,-1.5000986E-01
1.0670992E-07,-1.5000986E-01
1.0675992E-07,-1.5006257E-01
1.0680992E-07,-1.5006257E-01
1.0685992E-07,-1.5006257E-01
1.0690992E-07,-1.5011528E-01
1.0695992E-07,-1.5011528E-01
1.0700992E-07,-1.5011528E-01
1.0705992E-07,-1.5016799E-01
1.0710992E-07,-1.5016799E-01
1.0715992E-07,-1.5016799E-01
1.0720992E-07,-1.5022070E-01
1.0725992E-07,-1.5022070E-01
1.0730992E-07,-1.5022070E-01
1.0735992E-07,-1.5022070E-01
1.0740992E-07,-1.5027341E-01
1.0745992E-07,-1.5027341E-01
1.0750992E-07,-1.5027341E-01
1.0755992E-07,-1.5027341E-01
1.0760992E-07,-1.5032612E-01
1.0765992E-07,-1.5032612E-01
1.0770992E-07,-1.5032612E-01
1.0775992E-07,-1.5032612E-01
1.0780992E-07,-1.5032612E-01
1.0785992E-07,-1.5037883E-01
1.0790992E-07,-1.5037883E-01
1.0795992E-07,-1.5037883E-01
1.0800992E-07,-1.5037883E-01
1.0805992E-07,-1.5037883E-01
1.0810992E-07,-1.5037883E-01
1.0815992E-07,-1.5037883E-01
1.0820992E-07,-1.5037883E-01
1.0825992E-07,-1.5037883E-01
1.0830992E-07,-1.5037883E-01
1.0835992E-07,-1.5037883E-01
1.0840992E-07,-1.5037883E-01
1.0845992E-07,-1.5037883E-01
1.0850992E-07,-1.5037883E-01
1.0855992E-07,-1.5032612E-01
1.0860992E-07,-1.5032612E-01
1.0865992E-07,-1.5032612E-01
1.0870992E-07,-1.5027341E-01
1.0875992E-07,-1.5027341E-01
1.0880992E-07,-1.5022070E-01
1.0885992E-07,-1.5016799E-01
1.0890992E-07,-1.5016799E-01
1.0895992E-07,-1.5011528E-01
1.0900992E-07,-1.5011528E-01
1.0905992E-07,-1.5006257E-01
1.0910992E-07,-1.5000986E-01
1.0915992E-07,-1.5000986E-01
1.0920992E-07,-1.4995715E-01
1.0925992E-07,-1.4995715E-01
1.0930992E-07,-1.4990444E-01
1.0935992E-07,-1.4985173E-01
1.0940992E-07,-1.4985173E-01
1.0945992E-07,-1.4985173E-01
1.0950992E-07,-1.4979903E-01
1.0955992E-07,-1.4979903E-01
1.0960992E-07,-1.4974632E-01
1.0965992E-07,-1.4974632E-01
1.0970992E-07,-1.4974632E-01
1.0975992E-07,-1.4974632E-01
1.0980992E-07,-1.4969361E-01
1.0985992E-07,-1.4969361E-01
1.0990992E-07,-1.4969361E-01
1.0995992E-07,-1.4969361E-01
1.1000992E-07,-1.4969361E-01
1.1005992E-07,-1.4969361E-01
1.1010992E-07,-1.4969361E-01
1.1015992E-07,-1.4969361E-01
1.1020992E-07,-1.4969361E-01
1.1025992E-07,-1.4969361E-01
1.1030992E-07,-1.4969361E-01
1.1035992E-07,-1.4969361E-01
1.1040992E-07,-1.4969361E-01
1.1045992E-07,-1.4969361E-01
1.1050992E-07,-1.4969361E-01
1.1055992E-07,-1.4969361E-01
1.1060992E-07,-1.4969361E-01
1.1065992E-07,-1.4964090E-01
1.1070992E-07,-1.4964090E-01
1.1075992E-07,-1.4964090E-01
1.1080992E-07,-1.4964090E-01
1.1085992E-07,-1.4958819E-01
1.1090992E-07,-1.4958819E-01
1.1095992E-07,-1.4953548E-01
1.1100992E-07,-1.4953548E-01
1.1105992E-07,-1.4948277E-01
1.1110992E-07,-1.4948277E-01
1.1115992E-07,-1.4943006E-01
1.1120992E-07,-1.4937735E-01
1.1125992E-07,-1.4937735E-01
1.1130992E-07,-1.4932464E-01
1.1135992E-07,-1.4927194E-01
1.1140992E-07,-1.4921923E-01
1.1145992E-07,-1.4921923E-01
1.1150992E-07,-1.4916652E-01
1.1155992E-07,-1.4911381E-01
1.1160992E-07,-1.4911381E-01
1.1165992E-07,-1.4906110E-01
1.1170992E-07,-1.4900839E-01
1.1175992E-07,-1.4900839E-01
1.1180992E-07,-1.4895568E-01
1.1185992E-07,-1.4895568E-01
1.1190992E-07,-1.4890297E-01
1.1195992E-07,-1.4890297E-01
1.1200992E-07,-1.4890297E-01
1.1205992E-07,-1.4885026E-01
1.1210992E-07,-1.4885026E-01
1.1215992E-07,-1.4885026E-01
1.1220992E-07,-1.4879755E-01
1.1225992E-07,-1.4879755E-01
1.1230992E-07,-1.4879755E-01
1.1235992E-07,-1.4879755E-01
1.1240992E-07,-1.4879755E-01
1.1245992E-07,-1.4879755E-01
1.1250992E-07,-1.4879755E-01
1.1255992E-07,-1.4879755E-01
1.1260992E-07,-1.4879755E-01
1.1265992E-07,-1.4879755E-01
1.1270992E-07,-1.4879755E-01
1.1275992E-07,-1.4879755E-01
1.1280992E-07,-1.4874485E-01
1.1285992E-07,-1.4874485E-01
1.1290992E-07,-1.4874485E-01
1.1295992E-07,-1.4874485E-01
1.1300992E-07,-1.4874485E-01
1.1305992E-07,-1.4869214E-01
1.1310992E-07,-1.4869214E-01
1.1315992E-07,-1.4869214E-01
1.1320992E-07,-1.4863943E-01
1.1325992E-07,-1.4863943E-01
1.1330992E-07,-1.4863943E-01
1.1335992E-07,-1.4858672E-01
1.1340992E-07,-1.4858672E-01
1.1345992E-07,-1.4853401E-01
1.1350992E-07,-1.4853401E-01
1.1355992E-07,-1.4853401E-01
1.1360992E-07,-1.4848130E-01
1.1365992E-07,-1.4848130E-01
1.1370992E-07,-1.4842859E-01
1.1375992E-07,-1.4842859E-01
1.1380992E-07,-1.4842859E-01
1.1385992E-07,-1.4837588E-01
1.1390992E-07,-1.4837588E-01
1.1395992E-07,-1.4832317E-01
1.1400992E-07,-1.4832317E-01
1.1405992E-07,-1.4832317E-01
1.1410992E-07,-1.4832317E-01
1.1415992E-07,-1.4832317E-01
1.1420992E-07,-1.4832317E-01
1.1425992E-07,-1.4832317E-01
1.1430992E-07,-1.4832317E-01
1.1435992E-07,-1.4832317E-01
1.1440992E-07,-1.4832317E-01
1.1445992E-07,-1.4832317E-01
1.1450992E-07,-1.4832317E-01
1.1455992E-07,-1.4837588E-01
1.1460992E-07,-1.4837588E-01
1.1465992E-07,-1.4842859E-01
1.1470992E-07,-1.4842859E-01
1.1475992E-07,-1.4848130E-01
1.1480992E-07,-1.4848130E-01
1.1485992E-07,-1.4853401E-01
1.1490992E-07,-1.4858672E-01
1.1495992E-07,-1.4863943E-01
1.1500992E-07,-1.4863943E-01
1.1505992E-07,-1.4869214E-01
1.1510992E-07,-1.4874485E-01
1.1515992E-07,-1.4879755E-01
1.1520992E-07,-1.4885026E-01
1.1525992E-07,-1.4885026E-01
1.1530992E-07,-1.4890297E-01
1.1535992E-07,-1.4895568E-01
1.1540992E-07,-1.4900839E-01
1.1545992E-07,-1.4900839E-01
1.1550992E-07,-1.4906110E-01
1.1555992E-07,-1.4911381E-01
1.1560992E-07,-1.4911381E-01
1.1565992E-07,-1.4916652E-01
1.1570992E-07,-1.4916652E-01
1.1575992E-07,-1.4921923E-01
1.1580992E-07,-1.4921923E-01
1.1585992E-07,-1.4921923E-01
1.1590992E-07,-1.4927194E-01
1.1595992E-07,-1.4927194E-01
1.1600992E-07,-1.4927194E-01
1.1605992E-07,-1.4927194E-01
1.1610992E-07,-1.4932464E-01
1.1615992E-07,-1.4932464E-01
1.1620992E-07,-1.4932464E-01
1.1625992E-07,-1.4932464E-01
1.1630992E-07,-1.4932464E-01
1.1635992E-07,-1.4932464E-01
1.1640992E-07,-1.4932464E-01
1.1645992E-07,-1.4932464E-01
1.1650992E-07,-1.4932464E-01
1.1655992E-07,-1.4932464E-01
1.1660992E-07,-1.4932464E-01
1.1665992E-07,-1.4932464E-01
1.1670992E-07,-1.4932464E-01
1.1675992E-07,-1.4932464E-01
1.1680992E-07,-1.4932464E-01
1.1685992E-07,-1.4937735E-01
1.1690992E-07,-1.4937735E-01
1.1695992E-07,-1.4937735E-01
1.1700992E-07,-1.4937735E-01
1.1705992E-07,-1.4937735E-01
1.1710992E-07,-1.4943006E-01
1.1715992E-07,-1.4943006E-01
1.1720992E-07,-1.4943006E-01
1.1725992E-07,-1.4948277E-01
1.1730992E-07,-1.4948277E-01
1.1735992E-07,-1.4948277E-01
1.1740992E-07,-1.4953548E-01
1.1745992E-07,-1.4953548E-01
1.1750992E-07,-1.4958819E-01
1.1755992E-07,-1.4958819E-01
1.1760992E-07,-1.4958819E-01
1.1765992E-07,-1.4964090E-01
1.1770992E-07,-1.4964090E-01
1.1775992E-07,-1.4969361E-01
1.1780992E-07,-1.4969361E-01
1.1785992E-07,-1.4969361E-01
1.1790992E-07,-1.4969361E-01
1.1795992E-07,-1.4974632E-01
1.1800992E-07,-1.4974632E-01
1.1805992E-07,-1.4974632E-01
1.1810992E-07,-1.4974632E-01
1.1815992E-07,-1.4974632E-01
1.1820992E-07,-1.4974632E-01
1.1825992E-07,-1.4969361E-01
1.1830992E-07,-1.4969361E-01
1.1835992E-07,-1.4969361E-01
1.1840992E-07,-1.4964090E-01
1.1845992E-07,-1.4964090E-01
1.1850992E-07,-1.4958819E-01
1.1855992E-07,-1.4958819E-01
1.1860992E-07,-1.4953548E-01
1.1865992E-07,-1.4953548E-01
1.1870992E-07,-1.4948277E-01
1.1875992E-07,-1.4943006E-01
1.1880992E-07,-1.4937735E-01
1.1885992E-07,-1.4937735E-01
1.1890992E-07,-1.4932464E-01
1.1895992E-07,-1.4927194E-01
1.1900992E-07,-1.4927194E-01
1.1905992E-07,-1.4921923E-01
1.1910992E-07,-1.4916652E-01
1.1915992E-07,-1.4916652E-01
1.1920992E-07,-1.4911381E-01
1.1925992E-07,-1.4906110E-01
1.1930992E-07,-1.4906110E-01
1.1935992E-07,-1.4900839E-01
1.1940992E-07,-1.4900839E-01
1.1945992E-07,-1.4895568E-01
1.1950992E-07,-1.4895568E-01
1.1955992E-07,-1.4895568E-01
1.1960992E-07,-1.4890297E-01
1.1965992E-07,-1.4890297E-01
1.1970992E-07,-1.4890297E-01
1.1975992E-07,-1.4885026E-01
1.1980992E-07,-1.4885026E-01
1.1985992E-07,-1.4885026E-01
1.1990992E-07,-1.4885026E-01
1.1995992E-07,-1.4879755E-01
1.2000992E-07,-1.4879755E-01
1.2005992E-07,-1.4879755E-01
1.2010992E-07,-1.4879755E-01
1.2015992E-07,-1.4879755E-01
1.2020992E-07,-1.4874485E-01
1.2025992E-07,-1.4874485E-01
1.2030992E-07,-1.4874485E-01
1.2035992E-07,-1.4874485E-01
1.2040992E-07,-1.4874485E-01
1.2045992E-07,-1.4869214E-01
1.2050992E-07,-1.4869214E-01
1.2055992E-07,-1.4869214E-01
1.2060992E-07,-1.4869214E-01
1.2065992E-07,-1.4869214E-01
1.2070992E-07,-1.4863943E-01
1.2075992E-07,-1.4863943E-01
1.2080992E-07,-1.4863943E-01
1.2085992E-07,-1.4863943E-01
1.2090992E-07,-1.4863943E-01
1.2095992E-07,-1.4863943E-01
1.2100992E-07,-1.4858672E-01
1.2105992E-07,-1.4858672E-01
1.2110992E-07,-1.4858672E-01
1.2115992E-07,-1.4858672E-01
1.2120992E-07,-1.4858672E-01
1.2125992E-07,-1.4858672E-01
1.2130992E-07,-1.4858672E-01
1.2135992E-07,-1.4858672E-01
1.2140992E-07,-1.4858672E-01
1.2145992E-07,-1.4858672E-01
1.2150992E-07,-1.4858672E-01
1.2155992E-07,-1.4858672E-01
1.2160992E-07,-1.4858672E-01
1.2165992E-07,-1.4853401E-01
1.2170992E-07,-1.4853401E-01
1.2175992E-07,-1.4853401E-01
1.2180992E-07,-1.4853401E-01
1.2185992E-07,-1.4853401E-01
1.2190992E-07,-1.4853401E-01
1.2195992E-07,-1.4853401E-01
1.2200992E-07,-1.4853401E-01
1.2205992E-07,-1.4853401E-01
1.2210992E-07,-1.4853401E-01
1.2215992E-07,-1.4853401E-01
1.2220992E-07,-1.4853401E-01
1.2225992E-07,-1.4848130E-01
1.2230992E-07,-1.4848130E-01
1.2235992E-07,-1.4848130E-01
1.2240992E-07,-1.4848130E-01
1.2245992E-07,-1.4848130E-01
1.2250992E-07,-1.4842859E-01
1.2255992E-07,-1.4842859E-01
1.2260992E-07,-1.4842859E-01
1.2265992E-07,-1.4842859E-01
1.2270992E-07,-1.4842859E-01
1.2275992E-07,-1.4842859E-01
1.2280992E-07,-1.4842859E-01
1.2285992E-07,-1.4837588E-01
1.2290992E-07,-1.4837588E-01
1.2295992E-07,-1.4837588E-01
1.2300992E-07,-1.4842859E-01
1.2305992E-07,-1.4842859E-01
1.2310992E-07,-1.4842859E-01
1.2315992E-07,-1.4842859E-01
1.2320992E-07,-1.4842859E-01
1.2325992E-07,-1.4842859E-01
1.2330992E-07,-1.4848130E-01
1.2335992E-07,-1.4848130E-01
1.2340992E-07,-1.4848130E-01
1.2345992E-07,-1.4853401E-01
1.2350992E-07,-1.4853401E-01
1.2355992E-07,-1.4858672E-01
1.2360992E-07,-1.4858672E-01
1.2365992E-07,-1.4858672E-01
1.2370992E-07,-1.4863943E-01
1.2375992E-07,-1.4863943E-01
1.2380992E-07,-1.4869214E-01
1.2385992E-07,-1.4869214E-01
1.2390992E-07,-1.4869214E-01
1.2395992E-07,-1.4869214E-01
1.2400992E-07,-1.4869214E-01
1.2405992E-07,-1.4869214E-01
1.2410992E-07,-1.4869214E-01
1.2415992E-07,-1.4869214E-01
1.2420992E-07,-1.4869214E-01
1.2425992E-07,-1.4869214E-01
1.2430992E-07,-1.4869214E-01
1.2435992E-07,-1.4869214E-01
1.2440992E-07,-1.4863943E-01
1.2445992E-07,-1.4863943E-01
1.2450992E-07,-1.4863943E-01
1.2455992E-07,-1.4858672E-01
1.2460992E-07,-1.4858672E-01
1.2465992E-07,-1.4858672E-01
1.2470992E-07,-1.4853401E-01
1.2475992E-07,-1.4853401E-01
1.2480992E-07,-1.4853401E-01
1.2485992E-07,-1.4848130E-01
1.2490992E-07,-1.4848130E-01
1.2495992E-07,-1.4848130E-01
1.2500992E-07,-1.4848130E-01
1.2505992E-07,-1.4848130E-01
1.2510992E-07,-1.4848130E-01
1.2515992E-07,-1.4848130E-01
1.2520992E-07,-1.4848130E-01
1.2525992E-07,-1.4853401E-01
1.2530992E-07,-1.4853401E-01
1.2535992E-07,-1.4853401E-01
1.2540992E-07,-1.4858672E-01
1.2545992E-07,-1.4858672E-01
1.2550992E-07,-1.4863943E-01
1.2555992E-07,-1.4863943E-01
1.2560992E-07,-1.4869214E-01
1.2565992E-07,-1.4874485E-01
1.2570992E-07,-1.4874485E-01
1.2575992E-07,-1.4879755E-01
1.2580992E-07,-1.4885026E-01
1.2585992E-07,-1.4885026E-01
1.2590992E-07,-1.4890297E-01
1.2595992E-07,-1.4890297E-01
1.2600992E-07,-1.4895568E-01
1.2605992E-07,-1.4895568E-01
1.2610992E-07,-1.4900839E-01
1.2615992E-07,-1.4900839E-01
1.2620992E-07,-1.4906110E-01
1.2625992E-07,-1.4906110E-01
1.2630992E-07,-1.4906110E-01
1.2635992E-07,-1.4906110E-01
1.2640992E-07,-1.4906110E-01
1.2645992E-07,-1.4906110E-01
1.2650992E-07,-1.4906110E-01
1.2655992E-07,-1.4906110E-01
1.2660992E-07,-1.4900839E-01
1.2665992E-07,-1.4900839E-01
1.2670992E-07,-1.4900839E-01
1.2675992E-07,-1.4895568E-01
1.2680992E-07,-1.4895568E-01
1.2685992E-07,-1.4895568E-01
1.2690992E-07,-1.4890297E-01
1.2695992E-07,-1.4890297E-01
1.2700992E-07,-1.4890297E-01
1.2705992E-07,-1.4890297E-01
1.2710992E-07,-1.4890297E-01
1.2715992E-07,-1.4885026E-01
1.2720992E-07,-1.4885026E-01
1.2725992E-07,-1.4890297E-01
1.2730992E-07,-1.4890297E-01
1.2735992E-07,-1.4890297E-01
1.2740992E-07,-1.4890297E-01
1.2745992E-07,-1.4895568E-01
1.2750992E-07,-1.4895568E-01
1.2755992E-07,-1.4900839E-01
1.2760992E-07,-1.4900839E-01
1.2765992E-07,-1.4906110E-01
1.2770992E-07,-1.4911381E-01
1.2775992E-07,-1.4911381E-01
1.2780992E-07,-1.4916652E-01
1.2785992E-07,-1.4921923E-01
1.2790992E-07,-1.4927194E-01
1.2795992E-07,-1.4927194E-01
1.2800992E-07,-1.4932464E-01
1.2805992E-07,-1.4937735E-01
1.2810992E-07,-1.4937735E-01
1.2815992E-07,-1.4943006E-01
1.2820992E-07,-1.4943006E-01
1.2825992E-07,-1.4948277E-01
1.2830992E-07,-1.4948277E-01
1.2835992E-07,-1.4948277E-01
1.2840992E-07,-1.4948277E-01
1.2845992E-07,-1.4948277E-01
1.2850992E-07,-1.4948277E-01
1.2855992E-07,-1.4948277E-01
1.2860992E-07,-1.4948277E-01
1.2865992E-07,-1.4948277E-01
1.2870992E-07,-1.4943006E-01
