-7.137886E-08,-1.4916652E-01
-7.132886E-08,-1.4916652E-01
-7.127886E-08,-1.4916652E-01
-7.122886E-08,-1.4921923E-01
-7.117886E-08,-1.4921923E-01
-7.112886E-08,-1.4927194E-01
-7.107886E-08,-1.4927194E-01
-7.102886E-08,-1.4932464E-01
-7.097886E-08,-1.4937735E-01
-7.092886E-08,-1.4937735E-01
-7.087886E-08,-1.4943006E-01
-7.082886E-08,-1.4948277E-01
-7.077886E-08,-1.4953548E-01
-7.072886E-08,-1.4958819E-01
-7.067886E-08,-1.4958819E-01
-7.062886E-08,-1.4964090E-01
-7.057886E-08,-1.4969361E-01
-7.052886E-08,-1.4969361E-01
-7.047886E-08,-1.4974632E-01
-7.042886E-08,-1.4974632E-01
-7.037886E-08,-1.4979903E-01
-7.032886E-08,-1.4979903E-01
-7.027886E-08,-1.4979903E-01
-7.022886E-08,-1.4979903E-01
-7.017886E-08,-1.4979903E-01
-7.012886E-08,-1.4979903E-01
-7.007886E-08,-1.4979903E-01
-7.002886E-08,-1.4979903E-01
-6.997886E-08,-1.4974632E-01
-6.992886E-08,-1.4974632E-01
-6.987886E-08,-1.4969361E-01
-6.982886E-08,-1.4964090E-01
-6.977886E-08,-1.4964090E-01
-6.972886E-08,-1.4958819E-01
-6.967886E-08,-1.4953548E-01
-6.962886E-08,-1.4953548E-01
-6.957886E-08,-1.4948277E-01
-6.952886E-08,-1.4943006E-01
-6.947886E-08,-1.4937735E-01
-6.942886E-08,-1.4937735E-01
-6.937886E-08,-1.4932464E-01
-6.932886E-08,-1.4927194E-01
-6.927886E-08,-1.4927194E-01
-6.922886E-08,-1.4921923E-01
-6.917886E-08,-1.4921923E-01
-6.912886E-08,-1.4916652E-01
-6.907886E-08,-1.4916652E-01
-6.902886E-08,-1.4916652E-01
-6.897886E-08,-1.4916652E-01
-6.892886E-08,-1.4911381E-01
-6.887886E-08,-1.4911381E-01
-6.882886E-08,-1.4911381E-01
-6.877886E-08,-1.4916652E-01
-6.872886E-08,-1.4916652E-01
-6.867886E-08,-1.4916652E-01
-6.862886E-08,-1.4916652E-01
-6.857886E-08,-1.4916652E-01
-6.852886E-08,-1.4921923E-01
-6.847886E-08,-1.4921923E-01
-6.842886E-08,-1.4921923E-01
-6.837886E-08,-1.4927194E-01
-6.832886E-08,-1.4927194E-01
-6.827886E-08,-1.4927194E-01
-6.822886E-08,-1.4932464E-01
-6.817886E-08,-1.4932464E-01
-6.812886E-08,-1.4932464E-01
-6.807886E-08,-1.4937735E-01
-6.802886E-08,-1.4937735E-01
-6.797886E-08,-1.4937735E-01
-6.792886E-08,-1.4943006E-01
-6.787886E-08,-1.4943006E-01
-6.782886E-08,-1.4943006E-01
-6.777886E-08,-1.4943006E-01
-6.772886E-08,-1.4943006E-01
-6.767886E-08,-1.4943006E-01
-6.762886E-08,-1.4943006E-01
-6.757886E-08,-1.4943006E-01
-6.752886E-08,-1.4948277E-01
-6.747886E-08,-1.4948277E-01
-6.742886E-08,-1.4943006E-01
-6.737886E-08,-1.4943006E-01
-6.732886E-08,-1.4943006E-01
-6.727886E-08,-1.4943006E-01
-6.722886E-08,-1.4943006E-01
-6.717886E-08,-1.4943006E-01
-6.712886E-08,-1.4943006E-01
-6.707886E-08,-1.4943006E-01
-6.702886E-08,-1.4943006E-01
-6.697886E-08,-1.4943006E-01
-6.692886E-08,-1.4943006E-01
-6.687886E-08,-1.4943006E-01
-6.682886E-08,-1.4943006E-01
-6.677886E-08,-1.4943006E-01
-6.672886E-08,-1.4943006E-01
-6.667886E-08,-1.4943006E-01
-6.662886E-08,-1.4943006E-01
-6.657886E-08,-1.4943006E-01
-6.652886E-08,-1.4943006E-01
-6.647886E-08,-1.4943006E-01
-6.642886E-08,-1.4943006E-01
-6.637886E-08,-1.4943006E-01
-6.632886E-08,-1.4948277E-01
-6.627886E-08,-1.4948277E-01
-6.622886E-08,-1.4948277E-01
-6.617886E-08,-1.4948277E-01
-6.612886E-08,-1.4953548E-01
-6.607886E-08,-1.4953548E-01
-6.602886E-08,-1.4953548E-01
-6.597886E-08,-1.4958819E-01
-6.592886E-08,-1.4958819E-01
-6.587886E-08,-1.4958819E-01
-6.582886E-08,-1.4964090E-01
-6.577886E-08,-1.4964090E-01
-6.572886E-08,-1.4969361E-01
-6.567886E-08,-1.4969361E-01
-6.562886E-08,-1.4974632E-01
-6.557886E-08,-1.4974632E-01
-6.552886E-08,-1.4974632E-01
-6.547886E-08,-1.4979903E-01
-6.542886E-08,-1.4979903E-01
-6.537886E-08,-1.4979903E-01
-6.532886E-08,-1.4985173E-01
-6.527886E-08,-1.4985173E-01
-6.522886E-08,-1.4985173E-01
-6.517886E-08,-1.4985173E-01
-6.512886E-08,-1.4985173E-01
-6.507886E-08,-1.4985173E-01
-6.502886E-08,-1.4985173E-01
-6.497886E-08,-1.4979903E-01
-6.492886E-08,-1.4979903E-01
-6.487886E-08,-1.4974632E-01
-6.482886E-08,-1.4974632E-01
-6.477886E-08,-1.4969361E-01
-6.472886E-08,-1.4964090E-01
-6.467886E-08,-1.4958819E-01
-6.462886E-08,-1.4953548E-01
-6.457886E-08,-1.4948277E-01
-6.452886E-08,-1.4943006E-01
-6.447886E-08,-1.4937735E-01
-6.442886E-08,-1.4927194E-01
-6.437886E-08,-1.4921923E-01
-6.432886E-08,-1.4916652E-01
-6.427886E-08,-1.4906110E-01
-6.422886E-08,-1.4900839E-01
-6.417886E-08,-1.4895568E-01
-6.412886E-08,-1.4885026E-01
-6.407886E-08,-1.4879755E-01
-6.402886E-08,-1.4874485E-01
-6.397886E-08,-1.4869214E-01
-6.392886E-08,-1.4863943E-01
-6.387886E-08,-1.4858672E-01
-6.382886E-08,-1.4858672E-01
-6.377886E-08,-1.4853401E-01
-6.372886E-08,-1.4853401E-01
-6.367886E-08,-1.4853401E-01
-6.362886E-08,-1.4853401E-01
-6.357886E-08,-1.4853401E-01
-6.352886E-08,-1.4853401E-01
-6.347886E-08,-1.4858672E-01
-6.342886E-08,-1.4858672E-01
-6.337886E-08,-1.4863943E-01
-6.332886E-08,-1.4869214E-01
-6.327886E-08,-1.4874485E-01
-6.322886E-08,-1.4885026E-01
-6.317886E-08,-1.4890297E-01
-6.312886E-08,-1.4895568E-01
-6.307886E-08,-1.4906110E-01
-6.302886E-08,-1.4911381E-01
-6.297886E-08,-1.4921923E-01
-6.292886E-08,-1.4927194E-01
-6.287886E-08,-1.4937735E-01
-6.282886E-08,-1.4943006E-01
-6.277886E-08,-1.4948277E-01
-6.272886E-08,-1.4958819E-01
-6.267886E-08,-1.4964090E-01
-6.262886E-08,-1.4969361E-01
-6.257886E-08,-1.4974632E-01
-6.252886E-08,-1.4979903E-01
-6.247886E-08,-1.4979903E-01
-6.242886E-08,-1.4985173E-01
-6.237886E-08,-1.4985173E-01
-6.232886E-08,-1.4990444E-01
-6.227886E-08,-1.4990444E-01
-6.222886E-08,-1.4990444E-01
-6.217886E-08,-1.4990444E-01
-6.212886E-08,-1.4990444E-01
-6.207886E-08,-1.4985173E-01
-6.202886E-08,-1.4985173E-01
-6.197886E-08,-1.4985173E-01
-6.192886E-08,-1.4979903E-01
-6.187886E-08,-1.4979903E-01
-6.182886E-08,-1.4974632E-01
-6.177886E-08,-1.4974632E-01
-6.172886E-08,-1.4969361E-01
-6.167886E-08,-1.4969361E-01
-6.162886E-08,-1.4964090E-01
-6.157886E-08,-1.4964090E-01
-6.152886E-08,-1.4964090E-01
-6.147886E-08,-1.4958819E-01
-6.142886E-08,-1.4958819E-01
-6.137886E-08,-1.4958819E-01
-6.132886E-08,-1.4958819E-01
-6.127886E-08,-1.4958819E-01
-6.122886E-08,-1.4964090E-01
-6.117886E-08,-1.4964090E-01
-6.112886E-08,-1.4964090E-01
-6.107886E-08,-1.4969361E-01
-6.102886E-08,-1.4969361E-01
-6.097886E-08,-1.4974632E-01
-6.092886E-08,-1.4979903E-01
-6.087886E-08,-1.4979903E-01
-6.082886E-08,-1.4985173E-01
-6.077886E-08,-1.4990444E-01
-6.072886E-08,-1.4990444E-01
-6.067886E-08,-1.4995715E-01
-6.062886E-08,-1.5000986E-01
-6.057886E-08,-1.5000986E-01
-6.052886E-08,-1.5006257E-01
-6.047886E-08,-1.5006257E-01
-6.042886E-08,-1.5006257E-01
-6.037886E-08,-1.5006257E-01
-6.032886E-08,-1.5006257E-01
-6.027886E-08,-1.5006257E-01
-6.022886E-08,-1.5006257E-01
-6.017886E-08,-1.5006257E-01
-6.012886E-08,-1.5006257E-01
-6.007886E-08,-1.5000986E-01
-6.002886E-08,-1.5000986E-01
-5.997886E-08,-1.4995715E-01
-5.992886E-08,-1.4995715E-01
-5.987886E-08,-1.4990444E-01
-5.982886E-08,-1.4985173E-01
-5.977886E-08,-1.4985173E-01
-5.972886E-08,-1.4979903E-01
-5.967886E-08,-1.4974632E-01
-5.962886E-08,-1.4974632E-01
-5.957886E-08,-1.4969361E-01
-5.952886E-08,-1.4964090E-01
-5.947886E-08,-1.4964090E-01
-5.942886E-08,-1.4958819E-01
-5.937886E-08,-1.4958819E-01
-5.932886E-08,-1.4953548E-01
-5.927886E-08,-1.4953548E-01
-5.922886E-08,-1.4953548E-01
-5.917886E-08,-1.4953548E-01
-5.912886E-08,-1.4953548E-01
-5.907886E-08,-1.4953548E-01
-5.902886E-08,-1.4953548E-01
-5.897886E-08,-1.4953548E-01
-5.892886E-08,-1.4953548E-01
-5.887886E-08,-1.4953548E-01
-5.882886E-08,-1.4958819E-01
-5.877886E-08,-1.4958819E-01
-5.872886E-08,-1.4958819E-01
-5.867886E-08,-1.4958819E-01
-5.862886E-08,-1.4964090E-01
-5.857886E-08,-1.4964090E-01
-5.852886E-08,-1.4964090E-01
-5.847886E-08,-1.4969361E-01
-5.842886E-08,-1.4969361E-01
-5.837886E-08,-1.4969361E-01
-5.832886E-08,-1.4969361E-01
-5.827886E-08,-1.4969361E-01
-5.822886E-08,-1.4969361E-01
-5.817886E-08,-1.4964090E-01
-5.812886E-08,-1.4964090E-01
-5.807886E-08,-1.4964090E-01
-5.802886E-08,-1.4958819E-01
-5.797886E-08,-1.4958819E-01
-5.792886E-08,-1.4953548E-01
-5.787886E-08,-1.4948277E-01
-5.782886E-08,-1.4948277E-01
-5.777886E-08,-1.4943006E-01
-5.772886E-08,-1.4937735E-01
-5.767886E-08,-1.4932464E-01
-5.762886E-08,-1.4927194E-01
-5.757886E-08,-1.4927194E-01
-5.752886E-08,-1.4921923E-01
-5.747886E-08,-1.4916652E-01
-5.742886E-08,-1.4911381E-01
-5.737886E-08,-1.4911381E-01
-5.732886E-08,-1.4906110E-01
-5.727886E-08,-1.4906110E-01
-5.722886E-08,-1.4900839E-01
-5.717886E-08,-1.4900839E-01
-5.712886E-08,-1.4895568E-01
-5.707886E-08,-1.4895568E-01
-5.702886E-08,-1.4895568E-01
-5.697886E-08,-1.4895568E-01
-5.692886E-08,-1.4895568E-01
-5.687886E-08,-1.4895568E-01
-5.682886E-08,-1.4900839E-01
-5.677886E-08,-1.4900839E-01
-5.672886E-08,-1.4900839E-01
-5.667886E-08,-1.4906110E-01
-5.662886E-08,-1.4906110E-01
-5.657886E-08,-1.4906110E-01
-5.652886E-08,-1.4911381E-01
-5.647886E-08,-1.4911381E-01
-5.642886E-08,-1.4916652E-01
-5.637886E-08,-1.4916652E-01
-5.632886E-08,-1.4921923E-01
-5.627886E-08,-1.4921923E-01
-5.622886E-08,-1.4927194E-01
-5.617886E-08,-1.4927194E-01
-5.612886E-08,-1.4927194E-01
-5.607886E-08,-1.4927194E-01
-5.602886E-08,-1.4927194E-01
-5.597886E-08,-1.4927194E-01
-5.592886E-08,-1.4927194E-01
-5.587886E-08,-1.4927194E-01
-5.582886E-08,-1.4927194E-01
-5.577886E-08,-1.4921923E-01
-5.572886E-08,-1.4921923E-01
-5.567886E-08,-1.4916652E-01
-5.562886E-08,-1.4916652E-01
-5.557886E-08,-1.4911381E-01
-5.552886E-08,-1.4911381E-01
-5.547886E-08,-1.4906110E-01
-5.542886E-08,-1.4900839E-01
-5.537886E-08,-1.4900839E-01
-5.532886E-08,-1.4895568E-01
-5.527886E-08,-1.4890297E-01
-5.522886E-08,-1.4890297E-01
-5.517886E-08,-1.4885026E-01
-5.512886E-08,-1.4879755E-01
-5.507886E-08,-1.4879755E-01
-5.502886E-08,-1.4874485E-01
-5.497886E-08,-1.4874485E-01
-5.492886E-08,-1.4869214E-01
-5.487886E-08,-1.4869214E-01
-5.482886E-08,-1.4869214E-01
-5.477886E-08,-1.4869214E-01
-5.472886E-08,-1.4869214E-01
-5.467886E-08,-1.4863943E-01
-5.462886E-08,-1.4869214E-01
-5.457886E-08,-1.4869214E-01
-5.452886E-08,-1.4869214E-01
-5.447886E-08,-1.4869214E-01
-5.442886E-08,-1.4869214E-01
-5.437886E-08,-1.4874485E-01
-5.432886E-08,-1.4874485E-01
-5.427886E-08,-1.4879755E-01
-5.422886E-08,-1.4879755E-01
-5.417886E-08,-1.4879755E-01
-5.412886E-08,-1.4885026E-01
-5.407886E-08,-1.4885026E-01
-5.402886E-08,-1.4890297E-01
-5.397886E-08,-1.4890297E-01
-5.392886E-08,-1.4895568E-01
-5.387886E-08,-1.4895568E-01
-5.382886E-08,-1.4900839E-01
-5.377886E-08,-1.4900839E-01
-5.372886E-08,-1.4906110E-01
-5.367886E-08,-1.4906110E-01
-5.362886E-08,-1.4906110E-01
-5.357886E-08,-1.4911381E-01
-5.352886E-08,-1.4911381E-01
-5.347886E-08,-1.4911381E-01
-5.342886E-08,-1.4911381E-01
-5.337886E-08,-1.4911381E-01
-5.332886E-08,-1.4916652E-01
-5.327886E-08,-1.4916652E-01
-5.322886E-08,-1.4916652E-01
-5.317886E-08,-1.4916652E-01
-5.312886E-08,-1.4916652E-01
-5.307886E-08,-1.4916652E-01
-5.302886E-08,-1.4916652E-01
-5.297886E-08,-1.4916652E-01
-5.292886E-08,-1.4916652E-01
-5.287886E-08,-1.4921923E-01
-5.282886E-08,-1.4921923E-01
-5.277886E-08,-1.4921923E-01
-5.272886E-08,-1.4921923E-01
-5.267886E-08,-1.4921923E-01
-5.262886E-08,-1.4927194E-01
-5.257886E-08,-1.4927194E-01
-5.252886E-08,-1.4927194E-01
-5.247886E-08,-1.4927194E-01
-5.242886E-08,-1.4932464E-01
-5.237886E-08,-1.4932464E-01
-5.232886E-08,-1.4932464E-01
-5.227886E-08,-1.4937735E-01
-5.222886E-08,-1.4937735E-01
-5.217886E-08,-1.4937735E-01
-5.212886E-08,-1.4937735E-01
-5.207886E-08,-1.4937735E-01
-5.202886E-08,-1.4937735E-01
-5.197886E-08,-1.4937735E-01
-5.192886E-08,-1.4937735E-01
-5.187886E-08,-1.4937735E-01
-5.182886E-08,-1.4937735E-01
-5.177886E-08,-1.4937735E-01
-5.172886E-08,-1.4932464E-01
-5.167886E-08,-1.4932464E-01
-5.162886E-08,-1.4927194E-01
-5.157886E-08,-1.4927194E-01
-5.152886E-08,-1.4921923E-01
-5.147886E-08,-1.4916652E-01
-5.142886E-08,-1.4916652E-01
-5.137886E-08,-1.4911381E-01
-5.132886E-08,-1.4906110E-01
-5.127886E-08,-1.4900839E-01
-5.122886E-08,-1.4895568E-01
-5.117886E-08,-1.4890297E-01
-5.112886E-08,-1.4890297E-01
-5.107886E-08,-1.4885026E-01
-5.102886E-08,-1.4879755E-01
-5.097886E-08,-1.4874485E-01
-5.092886E-08,-1.4869214E-01
-5.087886E-08,-1.4869214E-01
-5.082886E-08,-1.4863943E-01
-5.077886E-08,-1.4863943E-01
-5.072886E-08,-1.4858672E-01
-5.067886E-08,-1.4858672E-01
-5.062886E-08,-1.4858672E-01
-5.057886E-08,-1.4858672E-01
-5.052886E-08,-1.4858672E-01
-5.047886E-08,-1.4858672E-01
-5.042886E-08,-1.4858672E-01
-5.037886E-08,-1.4863943E-01
-5.032886E-08,-1.4863943E-01
-5.027886E-08,-1.4869214E-01
-5.022886E-08,-1.4874485E-01
-5.017886E-08,-1.4879755E-01
-5.012886E-08,-1.4879755E-01
-5.007886E-08,-1.4885026E-01
-5.002886E-08,-1.4890297E-01
-4.997886E-08,-1.4895568E-01
-4.992886E-08,-1.4900839E-01
-4.987886E-08,-1.4906110E-01
-4.982886E-08,-1.4911381E-01
-4.977886E-08,-1.4916652E-01
-4.972886E-08,-1.4921923E-01
-4.967886E-08,-1.4927194E-01
-4.962886E-08,-1.4932464E-01
-4.957886E-08,-1.4937735E-01
-4.952886E-08,-1.4937735E-01
-4.947886E-08,-1.4943006E-01
-4.942886E-08,-1.4943006E-01
-4.937886E-08,-1.4943006E-01
-4.932886E-08,-1.4948277E-01
-4.927886E-08,-1.4948277E-01
-4.922886E-08,-1.4948277E-01
-4.917886E-08,-1.4943006E-01
-4.912886E-08,-1.4943006E-01
-4.907886E-08,-1.4943006E-01
-4.902886E-08,-1.4937735E-01
-4.897886E-08,-1.4937735E-01
-4.892886E-08,-1.4932464E-01
-4.887886E-08,-1.4927194E-01
-4.882886E-08,-1.4921923E-01
-4.877886E-08,-1.4921923E-01
-4.872886E-08,-1.4916652E-01
-4.867886E-08,-1.4911381E-01
-4.862886E-08,-1.4906110E-01
-4.857886E-08,-1.4906110E-01
-4.852886E-08,-1.4900839E-01
-4.847886E-08,-1.4895568E-01
-4.842886E-08,-1.4895568E-01
-4.837886E-08,-1.4890297E-01
-4.832886E-08,-1.4890297E-01
-4.827886E-08,-1.4890297E-01
-4.822886E-08,-1.4890297E-01
-4.817886E-08,-1.4890297E-01
-4.812886E-08,-1.4890297E-01
-4.807886E-08,-1.4890297E-01
-4.802886E-08,-1.4890297E-01
-4.797886E-08,-1.4890297E-01
-4.792886E-08,-1.4895568E-01
-4.787886E-08,-1.4895568E-01
-4.782886E-08,-1.4900839E-01
-4.777886E-08,-1.4900839E-01
-4.772886E-08,-1.4906110E-01
-4.767886E-08,-1.4906110E-01
-4.762886E-08,-1.4911381E-01
-4.757886E-08,-1.4916652E-01
-4.752886E-08,-1.4916652E-01
-4.747886E-08,-1.4921923E-01
-4.742886E-08,-1.4921923E-01
-4.737886E-08,-1.4927194E-01
-4.732886E-08,-1.4927194E-01
-4.727886E-08,-1.4932464E-01
-4.722886E-08,-1.4932464E-01
-4.717886E-08,-1.4932464E-01
-4.712886E-08,-1.4932464E-01
-4.707886E-08,-1.4937735E-01
-4.702886E-08,-1.4937735E-01
-4.697886E-08,-1.4937735E-01
-4.692886E-08,-1.4932464E-01
-4.687886E-08,-1.4932464E-01
-4.682886E-08,-1.4932464E-01
-4.677886E-08,-1.4932464E-01
-4.672886E-08,-1.4932464E-01
-4.667886E-08,-1.4927194E-01
-4.662886E-08,-1.4927194E-01
-4.657886E-08,-1.4921923E-01
-4.652886E-08,-1.4921923E-01
-4.647886E-08,-1.4921923E-01
-4.642886E-08,-1.4916652E-01
-4.637886E-08,-1.4916652E-01
-4.632886E-08,-1.4916652E-01
-4.627886E-08,-1.4916652E-01
-4.622886E-08,-1.4916652E-01
-4.617886E-08,-1.4916652E-01
-4.612886E-08,-1.4916652E-01
-4.607886E-08,-1.4916652E-01
-4.602886E-08,-1.4916652E-01
-4.597886E-08,-1.4916652E-01
-4.592886E-08,-1.4916652E-01
-4.587886E-08,-1.4921923E-01
-4.582886E-08,-1.4921923E-01
-4.577886E-08,-1.4921923E-01
-4.572886E-08,-1.4927194E-01
-4.567886E-08,-1.4927194E-01
-4.562886E-08,-1.4932464E-01
-4.557886E-08,-1.4937735E-01
-4.552886E-08,-1.4937735E-01
-4.547886E-08,-1.4943006E-01
-4.542886E-08,-1.4943006E-01
-4.537886E-08,-1.4948277E-01
-4.532886E-08,-1.4948277E-01
-4.527886E-08,-1.4953548E-01
-4.522886E-08,-1.4953548E-01
-4.517886E-08,-1.4953548E-01
-4.512886E-08,-1.4953548E-01
-4.507886E-08,-1.4953548E-01
-4.502886E-08,-1.4958819E-01
-4.497886E-08,-1.4958819E-01
-4.492886E-08,-1.4953548E-01
-4.487886E-08,-1.4953548E-01
-4.482886E-08,-1.4953548E-01
-4.477886E-08,-1.4953548E-01
-4.472886E-08,-1.4948277E-01
-4.467886E-08,-1.4948277E-01
-4.462886E-08,-1.4943006E-01
-4.457886E-08,-1.4943006E-01
-4.452886E-08,-1.4937735E-01
-4.447886E-08,-1.4937735E-01
-4.442886E-08,-1.4932464E-01
-4.437886E-08,-1.4932464E-01
-4.432886E-08,-1.4927194E-01
-4.427886E-08,-1.4927194E-01
-4.422886E-08,-1.4921923E-01
-4.417886E-08,-1.4921923E-01
-4.412886E-08,-1.4916652E-01
-4.407886E-08,-1.4916652E-01
-4.402886E-08,-1.4911381E-01
-4.397886E-08,-1.4911381E-01
-4.392886E-08,-1.4911381E-01
-4.387886E-08,-1.4911381E-01
-4.382886E-08,-1.4911381E-01
-4.377886E-08,-1.4911381E-01
-4.372886E-08,-1.4911381E-01
-4.367886E-08,-1.4911381E-01
-4.362886E-08,-1.4911381E-01
-4.357886E-08,-1.4911381E-01
-4.352886E-08,-1.4911381E-01
-4.347886E-08,-1.4911381E-01
-4.342886E-08,-1.4911381E-01
-4.337886E-08,-1.4911381E-01
-4.332886E-08,-1.4911381E-01
-4.327886E-08,-1.4911381E-01
-4.322886E-08,-1.4916652E-01
-4.317886E-08,-1.4916652E-01
-4.312886E-08,-1.4916652E-01
-4.307886E-08,-1.4916652E-01
-4.302886E-08,-1.4916652E-01
-4.297886E-08,-1.4911381E-01
-4.292886E-08,-1.4911381E-01
-4.287886E-08,-1.4911381E-01
-4.282886E-08,-1.4911381E-01
-4.277886E-08,-1.4911381E-01
-4.272886E-08,-1.4911381E-01
-4.267886E-08,-1.4911381E-01
-4.262886E-08,-1.4906110E-01
-4.257886E-08,-1.4906110E-01
-4.252886E-08,-1.4906110E-01
-4.247886E-08,-1.4906110E-01
-4.242886E-08,-1.4906110E-01
-4.237886E-08,-1.4906110E-01
-4.232886E-08,-1.4906110E-01
-4.227886E-08,-1.4906110E-01
-4.222886E-08,-1.4906110E-01
-4.217886E-08,-1.4906110E-01
-4.212886E-08,-1.4911381E-01
-4.207886E-08,-1.4911381E-01
-4.202886E-08,-1.4911381E-01
-4.197886E-08,-1.4916652E-01
-4.192886E-08,-1.4921923E-01
-4.187886E-08,-1.4921923E-01
-4.182886E-08,-1.4927194E-01
-4.177886E-08,-1.4932464E-01
-4.172886E-08,-1.4937735E-01
-4.167886E-08,-1.4943006E-01
-4.162886E-08,-1.4948277E-01
-4.157886E-08,-1.4953548E-01
-4.152886E-08,-1.4958819E-01
-4.147886E-08,-1.4964090E-01
-4.142886E-08,-1.4969361E-01
-4.137886E-08,-1.4974632E-01
-4.132886E-08,-1.4979903E-01
-4.127886E-08,-1.4985173E-01
-4.122886E-08,-1.4990444E-01
-4.117886E-08,-1.4990444E-01
-4.112886E-08,-1.4995715E-01
-4.107886E-08,-1.5000986E-01
-4.102886E-08,-1.5000986E-01
-4.097886E-08,-1.5006257E-01
-4.092886E-08,-1.5006257E-01
-4.087886E-08,-1.5011528E-01
-4.082886E-08,-1.5011528E-01
-4.077886E-08,-1.5011528E-01
-4.072886E-08,-1.5011528E-01
-4.067886E-08,-1.5011528E-01
-4.062886E-08,-1.5011528E-01
-4.057886E-08,-1.5011528E-01
-4.052886E-08,-1.5011528E-01
-4.047886E-08,-1.5006257E-01
-4.042886E-08,-1.5006257E-01
-4.037886E-08,-1.5006257E-01
-4.032886E-08,-1.5000986E-01
-4.027886E-08,-1.5000986E-01
-4.022886E-08,-1.4995715E-01
-4.017886E-08,-1.4995715E-01
-4.012886E-08,-1.4990444E-01
-4.007886E-08,-1.4990444E-01
-4.002886E-08,-1.4985173E-01
-3.997886E-08,-1.4985173E-01
-3.992886E-08,-1.4985173E-01
-3.987886E-08,-1.4979903E-01
-3.982886E-08,-1.4979903E-01
-3.977886E-08,-1.4974632E-01
-3.972886E-08,-1.4974632E-01
-3.967886E-08,-1.4974632E-01
-3.962886E-08,-1.4974632E-01
-3.957886E-08,-1.4969361E-01
-3.952886E-08,-1.4969361E-01
-3.947886E-08,-1.4969361E-01
-3.942886E-08,-1.4969361E-01
-3.937886E-08,-1.4964090E-01
-3.932886E-08,-1.4964090E-01
-3.927886E-08,-1.4964090E-01
-3.922886E-08,-1.4964090E-01
-3.917886E-08,-1.4964090E-01
-3.912886E-08,-1.4958819E-01
-3.907886E-08,-1.4958819E-01
-3.902886E-08,-1.4958819E-01
-3.897886E-08,-1.4953548E-01
-3.892886E-08,-1.4953548E-01
-3.887886E-08,-1.4953548E-01
-3.882886E-08,-1.4948277E-01
-3.877886E-08,-1.4948277E-01
-3.872886E-08,-1.4948277E-01
-3.867886E-08,-1.4943006E-01
-3.862886E-08,-1.4943006E-01
-3.857886E-08,-1.4943006E-01
-3.852886E-08,-1.4937735E-01
-3.847886E-08,-1.4937735E-01
-3.842886E-08,-1.4937735E-01
-3.837886E-08,-1.4937735E-01
-3.832886E-08,-1.4937735E-01
-3.827886E-08,-1.4937735E-01
-3.822886E-08,-1.4937735E-01
-3.817886E-08,-1.4937735E-01
-3.812886E-08,-1.4937735E-01
-3.807886E-08,-1.4937735E-01
-3.802886E-08,-1.4943006E-01
-3.797886E-08,-1.4943006E-01
-3.792886E-08,-1.4948277E-01
-3.787886E-08,-1.4948277E-01
-3.782886E-08,-1.4953548E-01
-3.777886E-08,-1.4958819E-01
-3.772886E-08,-1.4958819E-01
-3.767886E-08,-1.4964090E-01
-3.762886E-08,-1.4969361E-01
-3.757886E-08,-1.4974632E-01
-3.752886E-08,-1.4979903E-01
-3.747886E-08,-1.4985173E-01
-3.742886E-08,-1.4990444E-01
-3.737886E-08,-1.4995715E-01
-3.732886E-08,-1.4995715E-01
-3.727886E-08,-1.5000986E-01
-3.722886E-08,-1.5006257E-01
-3.717886E-08,-1.5011528E-01
-3.712886E-08,-1.5011528E-01
-3.707886E-08,-1.5016799E-01
-3.702886E-08,-1.5016799E-01
-3.697886E-08,-1.5016799E-01
-3.692886E-08,-1.5022070E-01
-3.687886E-08,-1.5022070E-01
-3.682886E-08,-1.5022070E-01
-3.677886E-08,-1.5016799E-01
-3.672886E-08,-1.5016799E-01
-3.667886E-08,-1.5016799E-01
-3.662886E-08,-1.5011528E-01
-3.657886E-08,-1.5011528E-01
-3.652886E-08,-1.5006257E-01
-3.647886E-08,-1.5000986E-01
-3.642886E-08,-1.4995715E-01
-3.637886E-08,-1.4990444E-01
-3.632886E-08,-1.4985173E-01
-3.627886E-08,-1.4979903E-01
-3.622886E-08,-1.4974632E-01
-3.617886E-08,-1.4969361E-01
-3.612886E-08,-1.4958819E-01
-3.607886E-08,-1.4953548E-01
-3.602886E-08,-1.4948277E-01
-3.597886E-08,-1.4943006E-01
-3.592886E-08,-1.4937735E-01
-3.587886E-08,-1.4932464E-01
-3.582886E-08,-1.4927194E-01
-3.577886E-08,-1.4921923E-01
-3.572886E-08,-1.4916652E-01
-3.567886E-08,-1.4911381E-01
-3.562886E-08,-1.4906110E-01
-3.557886E-08,-1.4900839E-01
-3.552886E-08,-1.4895568E-01
-3.547886E-08,-1.4895568E-01
-3.542886E-08,-1.4890297E-01
-3.537886E-08,-1.4885026E-01
-3.532886E-08,-1.4885026E-01
-3.527886E-08,-1.4879755E-01
-3.522886E-08,-1.4879755E-01
-3.517886E-08,-1.4874485E-01
-3.512886E-08,-1.4874485E-01
-3.507886E-08,-1.4869214E-01
-3.502886E-08,-1.4869214E-01
-3.497886E-08,-1.4869214E-01
-3.492886E-08,-1.4863943E-01
-3.487886E-08,-1.4863943E-01
-3.482886E-08,-1.4858672E-01
-3.477886E-08,-1.4858672E-01
-3.472886E-08,-1.4858672E-01
-3.467886E-08,-1.4853401E-01
-3.462886E-08,-1.4853401E-01
-3.457886E-08,-1.4848130E-01
-3.452886E-08,-1.4848130E-01
-3.447886E-08,-1.4848130E-01
-3.442886E-08,-1.4842859E-01
-3.437886E-08,-1.4842859E-01
-3.432886E-08,-1.4842859E-01
-3.427886E-08,-1.4837588E-01
-3.422886E-08,-1.4837588E-01
-3.417886E-08,-1.4837588E-01
-3.412886E-08,-1.4837588E-01
-3.407886E-08,-1.4837588E-01
-3.402886E-08,-1.4837588E-01
-3.397886E-08,-1.4837588E-01
-3.392886E-08,-1.4837588E-01
-3.387886E-08,-1.4837588E-01
-3.382886E-08,-1.4837588E-01
-3.377886E-08,-1.4837588E-01
-3.372886E-08,-1.4842859E-01
-3.367886E-08,-1.4842859E-01
-3.362886E-08,-1.4842859E-01
-3.357886E-08,-1.4848130E-01
-3.352886E-08,-1.4848130E-01
-3.347886E-08,-1.4853401E-01
-3.342886E-08,-1.4853401E-01
-3.337886E-08,-1.4853401E-01
-3.332886E-08,-1.4858672E-01
-3.327886E-08,-1.4858672E-01
-3.322886E-08,-1.4863943E-01
-3.317886E-08,-1.4863943E-01
-3.312886E-08,-1.4863943E-01
-3.307886E-08,-1.4863943E-01
-3.302886E-08,-1.4863943E-01
-3.297886E-08,-1.4869214E-01
-3.292886E-08,-1.4869214E-01
-3.287886E-08,-1.4869214E-01
-3.282886E-08,-1.4863943E-01
-3.277886E-08,-1.4863943E-01
-3.272886E-08,-1.4863943E-01
-3.267886E-08,-1.4863943E-01
-3.262886E-08,-1.4858672E-01
-3.257886E-08,-1.4858672E-01
-3.252886E-08,-1.4853401E-01
-3.247886E-08,-1.4853401E-01
-3.242886E-08,-1.4848130E-01
-3.237886E-08,-1.4842859E-01
-3.232886E-08,-1.4842859E-01
-3.227886E-08,-1.4837588E-01
-3.222886E-08,-1.4832317E-01
-3.217886E-08,-1.4832317E-01
-3.212886E-08,-1.4827046E-01
-3.207886E-08,-1.4827046E-01
-3.202886E-08,-1.4821776E-01
-3.197886E-08,-1.4821776E-01
-3.192886E-08,-1.4816505E-01
-3.187886E-08,-1.4816505E-01
-3.182886E-08,-1.4816505E-01
-3.177886E-08,-1.4816505E-01
-3.172886E-08,-1.4816505E-01
-3.167886E-08,-1.4816505E-01
-3.162886E-08,-1.4816505E-01
-3.157886E-08,-1.4816505E-01
-3.152886E-08,-1.4821776E-01
-3.147886E-08,-1.4821776E-01
-3.142886E-08,-1.4827046E-01
-3.137886E-08,-1.4827046E-01
-3.132886E-08,-1.4832317E-01
-3.127886E-08,-1.4837588E-01
-3.122886E-08,-1.4842859E-01
-3.117886E-08,-1.4848130E-01
-3.112886E-08,-1.4853401E-01
-3.107886E-08,-1.4858672E-01
-3.102886E-08,-1.4858672E-01
-3.097886E-08,-1.4863943E-01
-3.092886E-08,-1.4869214E-01
-3.087886E-08,-1.4874485E-01
-3.082886E-08,-1.4879755E-01
-3.077886E-08,-1.4885026E-01
-3.072886E-08,-1.4890297E-01
-3.067886E-08,-1.4890297E-01
-3.062886E-08,-1.4895568E-01
-3.057886E-08,-1.4895568E-01
-3.052886E-08,-1.4900839E-01
-3.047886E-08,-1.4900839E-01
-3.042886E-08,-1.4900839E-01
-3.037886E-08,-1.4900839E-01
-3.032886E-08,-1.4906110E-01
-3.027886E-08,-1.4906110E-01
-3.022886E-08,-1.4900839E-01
-3.017886E-08,-1.4900839E-01
-3.012886E-08,-1.4900839E-01
-3.007886E-08,-1.4900839E-01
-3.002886E-08,-1.4900839E-01
-2.997886E-08,-1.4895568E-01
-2.992886E-08,-1.4895568E-01
-2.987886E-08,-1.4895568E-01
-2.982886E-08,-1.4895568E-01
-2.977886E-08,-1.4890297E-01
-2.972886E-08,-1.4890297E-01
-2.967886E-08,-1.4890297E-01
-2.962886E-08,-1.4890297E-01
-2.957886E-08,-1.4890297E-01
-2.952886E-08,-1.4890297E-01
-2.947886E-08,-1.4890297E-01
-2.942886E-08,-1.4890297E-01
-2.937886E-08,-1.4890297E-01
-2.932886E-08,-1.4890297E-01
-2.927886E-08,-1.4890297E-01
-2.922886E-08,-1.4895568E-01
-2.917886E-08,-1.4895568E-01
-2.912886E-08,-1.4900839E-01
-2.907886E-08,-1.4900839E-01
-2.902886E-08,-1.4906110E-01
-2.897886E-08,-1.4906110E-01
-2.892886E-08,-1.4911381E-01
-2.887886E-08,-1.4911381E-01
-2.882886E-08,-1.4916652E-01
-2.877886E-08,-1.4916652E-01
-2.872886E-08,-1.4921923E-01
-2.867886E-08,-1.4921923E-01
-2.862886E-08,-1.4921923E-01
-2.857886E-08,-1.4927194E-01
-2.852886E-08,-1.4927194E-01
-2.847886E-08,-1.4927194E-01
-2.842886E-08,-1.4927194E-01
-2.837886E-08,-1.4927194E-01
-2.832886E-08,-1.4927194E-01
-2.827886E-08,-1.4927194E-01
-2.822886E-08,-1.4927194E-01
-2.817886E-08,-1.4921923E-01
-2.812886E-08,-1.4921923E-01
-2.807886E-08,-1.4916652E-01
-2.802886E-08,-1.4916652E-01
-2.797886E-08,-1.4911381E-01
-2.792886E-08,-1.4906110E-01
-2.787886E-08,-1.4906110E-01
-2.782886E-08,-1.4900839E-01
-2.777886E-08,-1.4895568E-01
-2.772886E-08,-1.4890297E-01
-2.767886E-08,-1.4885026E-01
-2.762886E-08,-1.4879755E-01
-2.757886E-08,-1.4874485E-01
-2.752886E-08,-1.4869214E-01
-2.747886E-08,-1.4863943E-01
-2.742886E-08,-1.4858672E-01
-2.737886E-08,-1.4853401E-01
-2.732886E-08,-1.4848130E-01
-2.727886E-08,-1.4842859E-01
-2.722886E-08,-1.4837588E-01
-2.717886E-08,-1.4832317E-01
-2.712886E-08,-1.4827046E-01
-2.707886E-08,-1.4827046E-01
-2.702886E-08,-1.4821776E-01
-2.697886E-08,-1.4816505E-01
-2.692886E-08,-1.4816505E-01
-2.687886E-08,-1.4811234E-01
-2.682886E-08,-1.4811234E-01
-2.677886E-08,-1.4805963E-01
-2.672886E-08,-1.4805963E-01
-2.667886E-08,-1.4805963E-01
-2.662886E-08,-1.4805963E-01
-2.657886E-08,-1.4800692E-01
-2.652886E-08,-1.4800692E-01
-2.647886E-08,-1.4800692E-01
-2.642886E-08,-1.4800692E-01
-2.637886E-08,-1.4800692E-01
-2.632886E-08,-1.4800692E-01
-2.627886E-08,-1.4800692E-01
-2.622886E-08,-1.4800692E-01
-2.617886E-08,-1.4805963E-01
-2.612886E-08,-1.4805963E-01
-2.607886E-08,-1.4805963E-01
-2.602886E-08,-1.4805963E-01
-2.597886E-08,-1.4805963E-01
-2.592886E-08,-1.4811234E-01
-2.587886E-08,-1.4811234E-01
-2.582886E-08,-1.4811234E-01
-2.577886E-08,-1.4816505E-01
-2.572886E-08,-1.4816505E-01
-2.567886E-08,-1.4821776E-01
-2.562886E-08,-1.4821776E-01
-2.557886E-08,-1.4827046E-01
-2.552886E-08,-1.4827046E-01
-2.547886E-08,-1.4832317E-01
-2.542886E-08,-1.4837588E-01
-2.537886E-08,-1.4837588E-01
-2.532886E-08,-1.4842859E-01
-2.527886E-08,-1.4848130E-01
-2.522886E-08,-1.4848130E-01
-2.517886E-08,-1.4853401E-01
-2.512886E-08,-1.4858672E-01
-2.507886E-08,-1.4858672E-01
-2.502886E-08,-1.4863943E-01
-2.497886E-08,-1.4869214E-01
-2.492886E-08,-1.4874485E-01
-2.487886E-08,-1.4874485E-01
-2.482886E-08,-1.4879755E-01
-2.477886E-08,-1.4885026E-01
-2.472886E-08,-1.4885026E-01
-2.467886E-08,-1.4890297E-01
-2.462886E-08,-1.4895568E-01
-2.457886E-08,-1.4895568E-01
-2.452886E-08,-1.4900839E-01
-2.447886E-08,-1.4906110E-01
-2.442886E-08,-1.4906110E-01
-2.437886E-08,-1.4911381E-01
-2.432886E-08,-1.4911381E-01
-2.427886E-08,-1.4916652E-01
-2.422886E-08,-1.4916652E-01
-2.417886E-08,-1.4921923E-01
-2.412886E-08,-1.4921923E-01
-2.407886E-08,-1.4927194E-01
-2.402886E-08,-1.4927194E-01
-2.397886E-08,-1.4932464E-01
-2.392886E-08,-1.4932464E-01
-2.387886E-08,-1.4932464E-01
-2.382886E-08,-1.4937735E-01
-2.377886E-08,-1.4937735E-01
-2.372886E-08,-1.4943006E-01
-2.367886E-08,-1.4943006E-01
-2.362886E-08,-1.4943006E-01
-2.357886E-08,-1.4948277E-01
-2.352886E-08,-1.4948277E-01
-2.347886E-08,-1.4948277E-01
-2.342886E-08,-1.4948277E-01
-2.337886E-08,-1.4953548E-01
-2.332886E-08,-1.4953548E-01
-2.327886E-08,-1.4953548E-01
-2.322886E-08,-1.4953548E-01
-2.317886E-08,-1.4953548E-01
-2.312886E-08,-1.4953548E-01
-2.307886E-08,-1.4953548E-01
-2.302886E-08,-1.4953548E-01
-2.297886E-08,-1.4953548E-01
-2.292886E-08,-1.4953548E-01
-2.287886E-08,-1.4953548E-01
-2.282886E-08,-1.4953548E-01
-2.277886E-08,-1.4948277E-01
-2.272886E-08,-1.4948277E-01
-2.267886E-08,-1.4948277E-01
-2.262886E-08,-1.4943006E-01
-2.257886E-08,-1.4943006E-01
-2.252886E-08,-1.4943006E-01
-2.247886E-08,-1.4937735E-01
-2.242886E-08,-1.4937735E-01
-2.237886E-08,-1.4937735E-01
-2.232886E-08,-1.4932464E-01
-2.227886E-08,-1.4932464E-01
-2.222886E-08,-1.4927194E-01
-2.217886E-08,-1.4927194E-01
-2.212886E-08,-1.4927194E-01
-2.207886E-08,-1.4927194E-01
-2.202886E-08,-1.4921923E-01
-2.197886E-08,-1.4921923E-01
-2.192886E-08,-1.4921923E-01
-2.187886E-08,-1.4921923E-01
-2.182886E-08,-1.4921923E-01
-2.177886E-08,-1.4921923E-01
-2.172886E-08,-1.4927194E-01
-2.167886E-08,-1.4927194E-01
-2.162886E-08,-1.4927194E-01
-2.157886E-08,-1.4932464E-01
-2.152886E-08,-1.4932464E-01
-2.147886E-08,-1.4937735E-01
-2.142886E-08,-1.4943006E-01
-2.137886E-08,-1.4943006E-01
-2.132886E-08,-1.4948277E-01
-2.127886E-08,-1.4953548E-01
-2.122886E-08,-1.4958819E-01
-2.117886E-08,-1.4958819E-01
-2.112886E-08,-1.4964090E-01
-2.107886E-08,-1.4969361E-01
-2.102886E-08,-1.4969361E-01
-2.097886E-08,-1.4974632E-01
-2.092886E-08,-1.4979903E-01
-2.087886E-08,-1.4979903E-01
-2.082886E-08,-1.4985173E-01
-2.077886E-08,-1.4985173E-01
-2.072886E-08,-1.4985173E-01
-2.067886E-08,-1.4985173E-01
-2.062886E-08,-1.4985173E-01
-2.057886E-08,-1.4985173E-01
-2.052886E-08,-1.4985173E-01
-2.047886E-08,-1.4985173E-01
-2.042886E-08,-1.4985173E-01
-2.037886E-08,-1.4979903E-01
-2.032886E-08,-1.4979903E-01
-2.027886E-08,-1.4979903E-01
-2.022886E-08,-1.4974632E-01
-2.017886E-08,-1.4974632E-01
-2.012886E-08,-1.4969361E-01
-2.007886E-08,-1.4969361E-01
-2.002886E-08,-1.4964090E-01
-1.997886E-08,-1.4964090E-01
-1.992886E-08,-1.4958819E-01
-1.987886E-08,-1.4958819E-01
-1.982886E-08,-1.4953548E-01
-1.977886E-08,-1.4953548E-01
-1.972886E-08,-1.4953548E-01
-1.967886E-08,-1.4953548E-01
-1.962886E-08,-1.4953548E-01
-1.957886E-08,-1.4953548E-01
-1.952886E-08,-1.4953548E-01
-1.947886E-08,-1.4958819E-01
-1.942886E-08,-1.4958819E-01
-1.937886E-08,-1.4964090E-01
-1.932886E-08,-1.4964090E-01
-1.927886E-08,-1.4969361E-01
-1.922886E-08,-1.4974632E-01
-1.917886E-08,-1.4979903E-01
-1.912886E-08,-1.4985173E-01
-1.907886E-08,-1.4990444E-01
-1.902886E-08,-1.4990444E-01
-1.897886E-08,-1.4995715E-01
-1.892886E-08,-1.5000986E-01
-1.887886E-08,-1.5006257E-01
-1.882886E-08,-1.5011528E-01
-1.877886E-08,-1.5011528E-01
-1.872886E-08,-1.5016799E-01
-1.867886E-08,-1.5016799E-01
-1.862886E-08,-1.5016799E-01
-1.857886E-08,-1.5016799E-01
-1.852886E-08,-1.5016799E-01
-1.847886E-08,-1.5016799E-01
-1.842886E-08,-1.5011528E-01
-1.837886E-08,-1.5011528E-01
-1.832886E-08,-1.5006257E-01
-1.827886E-08,-1.5000986E-01
-1.822886E-08,-1.4995715E-01
-1.817886E-08,-1.4990444E-01
-1.812886E-08,-1.4979903E-01
-1.807886E-08,-1.4974632E-01
-1.802886E-08,-1.4964090E-01
-1.797886E-08,-1.4953548E-01
-1.792886E-08,-1.4943006E-01
-1.787886E-08,-1.4937735E-01
-1.782886E-08,-1.4927194E-01
-1.777886E-08,-1.4916652E-01
-1.772886E-08,-1.4906110E-01
-1.767886E-08,-1.4895568E-01
-1.762886E-08,-1.4885026E-01
-1.757886E-08,-1.4874485E-01
-1.752886E-08,-1.4869214E-01
-1.747886E-08,-1.4858672E-01
-1.742886E-08,-1.4853401E-01
-1.737886E-08,-1.4848130E-01
-1.732886E-08,-1.4842859E-01
-1.727886E-08,-1.4837588E-01
-1.722886E-08,-1.4832317E-01
-1.717886E-08,-1.4832317E-01
-1.712886E-08,-1.4832317E-01
-1.707886E-08,-1.4832317E-01
-1.702886E-08,-1.4832317E-01
-1.697886E-08,-1.4832317E-01
-1.692886E-08,-1.4832317E-01
-1.687886E-08,-1.4837588E-01
-1.682886E-08,-1.4837588E-01
-1.677886E-08,-1.4842859E-01
-1.672886E-08,-1.4848130E-01
-1.667886E-08,-1.4853401E-01
-1.662886E-08,-1.4858672E-01
-1.657886E-08,-1.4863943E-01
-1.652886E-08,-1.4869214E-01
-1.647886E-08,-1.4874485E-01
-1.642886E-08,-1.4879755E-01
-1.637886E-08,-1.4885026E-01
-1.632886E-08,-1.4885026E-01
-1.627886E-08,-1.4890297E-01
-1.622886E-08,-1.4895568E-01
-1.617886E-08,-1.4895568E-01
-1.612886E-08,-1.4900839E-01
-1.607886E-08,-1.4900839E-01
-1.602886E-08,-1.4900839E-01
-1.597886E-08,-1.4900839E-01
-1.592886E-08,-1.4900839E-01
-1.587886E-08,-1.4900839E-01
-1.582886E-08,-1.4900839E-01
-1.577886E-08,-1.4900839E-01
-1.572886E-08,-1.4895568E-01
-1.567886E-08,-1.4890297E-01
-1.562886E-08,-1.4890297E-01
-1.557886E-08,-1.4885026E-01
-1.552886E-08,-1.4879755E-01
-1.547886E-08,-1.4879755E-01
-1.542886E-08,-1.4874485E-01
-1.537886E-08,-1.4869214E-01
-1.532886E-08,-1.4863943E-01
-1.527886E-08,-1.4863943E-01
-1.522886E-08,-1.4858672E-01
-1.517886E-08,-1.4858672E-01
-1.512886E-08,-1.4853401E-01
-1.507886E-08,-1.4853401E-01
-1.502886E-08,-1.4848130E-01
-1.497886E-08,-1.4848130E-01
-1.492886E-08,-1.4848130E-01
-1.487886E-08,-1.4848130E-01
-1.482886E-08,-1.4848130E-01
-1.477886E-08,-1.4848130E-01
-1.472886E-08,-1.4853401E-01
-1.467886E-08,-1.4853401E-01
-1.462886E-08,-1.4858672E-01
-1.457886E-08,-1.4858672E-01
-1.452886E-08,-1.4863943E-01
-1.447886E-08,-1.4869214E-01
-1.442886E-08,-1.4874485E-01
-1.437886E-08,-1.4879755E-01
-1.432886E-08,-1.4885026E-01
-1.427886E-08,-1.4890297E-01
-1.422886E-08,-1.4895568E-01
-1.417886E-08,-1.4900839E-01
-1.412886E-08,-1.4906110E-01
-1.407886E-08,-1.4911381E-01
-1.402886E-08,-1.4916652E-01
-1.397886E-08,-1.4921923E-01
-1.392886E-08,-1.4921923E-01
-1.387886E-08,-1.4927194E-01
-1.382886E-08,-1.4932464E-01
-1.377886E-08,-1.4937735E-01
-1.372886E-08,-1.4937735E-01
-1.367886E-08,-1.4943006E-01
-1.362886E-08,-1.4943006E-01
-1.357886E-08,-1.4948277E-01
-1.352886E-08,-1.4948277E-01
-1.347886E-08,-1.4953548E-01
-1.342886E-08,-1.4953548E-01
-1.337886E-08,-1.4953548E-01
-1.332886E-08,-1.4953548E-01
-1.327886E-08,-1.4953548E-01
-1.322886E-08,-1.4953548E-01
-1.317886E-08,-1.4958819E-01
-1.312886E-08,-1.4958819E-01
-1.307886E-08,-1.4958819E-01
-1.302886E-08,-1.4958819E-01
-1.297886E-08,-1.4958819E-01
-1.292886E-08,-1.4958819E-01
-1.287886E-08,-1.4958819E-01
-1.282886E-08,-1.4958819E-01
-1.277886E-08,-1.4958819E-01
-1.272886E-08,-1.4958819E-01
-1.267886E-08,-1.4958819E-01
-1.262886E-08,-1.4958819E-01
-1.257886E-08,-1.4958819E-01
-1.252886E-08,-1.4964090E-01
-1.247886E-08,-1.4964090E-01
-1.242886E-08,-1.4964090E-01
-1.237886E-08,-1.4964090E-01
-1.232886E-08,-1.4964090E-01
-1.227886E-08,-1.4964090E-01
-1.222886E-08,-1.4969361E-01
-1.217886E-08,-1.4969361E-01
-1.212886E-08,-1.4969361E-01
-1.207886E-08,-1.4969361E-01
-1.202886E-08,-1.4969361E-01
-1.197886E-08,-1.4969361E-01
-1.192886E-08,-1.4974632E-01
-1.187886E-08,-1.4974632E-01
-1.182886E-08,-1.4974632E-01
-1.177886E-08,-1.4974632E-01
-1.172886E-08,-1.4974632E-01
-1.167886E-08,-1.4974632E-01
-1.162886E-08,-1.4974632E-01
-1.157886E-08,-1.4974632E-01
-1.152886E-08,-1.4974632E-01
-1.147886E-08,-1.4979903E-01
-1.142886E-08,-1.4979903E-01
-1.137886E-08,-1.4979903E-01
-1.132886E-08,-1.4979903E-01
-1.127886E-08,-1.4979903E-01
-1.122886E-08,-1.4979903E-01
-1.117886E-08,-1.4979903E-01
-1.112886E-08,-1.4979903E-01
-1.107886E-08,-1.4979903E-01
-1.102886E-08,-1.4979903E-01
-1.097886E-08,-1.4985173E-01
-1.092886E-08,-1.4985173E-01
-1.087886E-08,-1.4985173E-01
-1.082886E-08,-1.4985173E-01
-1.077886E-08,-1.4985173E-01
-1.072886E-08,-1.4985173E-01
-1.067886E-08,-1.4985173E-01
-1.062886E-08,-1.4985173E-01
-1.057886E-08,-1.4985173E-01
-1.052886E-08,-1.4990444E-01
-1.047886E-08,-1.4990444E-01
-1.042886E-08,-1.4990444E-01
-1.037886E-08,-1.4990444E-01
-1.032886E-08,-1.4985173E-01
-1.027886E-08,-1.4985173E-01
-1.022886E-08,-1.4985173E-01
-1.017886E-08,-1.4985173E-01
-1.012886E-08,-1.4985173E-01
-1.007886E-08,-1.4985173E-01
-1.002886E-08,-1.4979903E-01
-9.97886E-09,-1.4979903E-01
-9.92886E-09,-1.4979903E-01
-9.87886E-09,-1.4979903E-01
-9.82886E-09,-1.4974632E-01
-9.77886E-09,-1.4974632E-01
-9.72886E-09,-1.4969361E-01
-9.67886E-09,-1.4969361E-01
-9.62886E-09,-1.4969361E-01
-9.57886E-09,-1.4964090E-01
-9.52886E-09,-1.4964090E-01
-9.47886E-09,-1.4958819E-01
-9.42886E-09,-1.4958819E-01
-9.37886E-09,-1.4958819E-01
-9.32886E-09,-1.4953548E-01
-9.27886E-09,-1.4953548E-01
-9.22886E-09,-1.4953548E-01
-9.17886E-09,-1.4948277E-01
-9.12886E-09,-1.4948277E-01
-9.07886E-09,-1.4948277E-01
-9.02886E-09,-1.4948277E-01
-8.97886E-09,-1.4948277E-01
-8.92886E-09,-1.4948277E-01
-8.87886E-09,-1.4948277E-01
-8.82886E-09,-1.4948277E-01
-8.77886E-09,-1.4948277E-01
-8.72886E-09,-1.4948277E-01
-8.67886E-09,-1.4948277E-01
-8.62886E-09,-1.4948277E-01
-8.57886E-09,-1.4948277E-01
-8.52886E-09,-1.4948277E-01
-8.47886E-09,-1.4953548E-01
-8.42886E-09,-1.4953548E-01
-8.37886E-09,-1.4953548E-01
-8.32886E-09,-1.4953548E-01
-8.27886E-09,-1.4953548E-01
-8.22886E-09,-1.4953548E-01
-8.17886E-09,-1.4953548E-01
-8.12886E-09,-1.4953548E-01
-8.07886E-09,-1.4953548E-01
-8.02886E-09,-1.4953548E-01
-7.97886E-09,-1.4953548E-01
-7.92886E-09,-1.4948277E-01
-7.87886E-09,-1.4948277E-01
-7.82886E-09,-1.4948277E-01
-7.77886E-09,-1.4943006E-01
-7.72886E-09,-1.4943006E-01
-7.67886E-09,-1.4943006E-01
-7.62886E-09,-1.4937735E-01
-7.57886E-09,-1.4937735E-01
-7.52886E-09,-1.4932464E-01
-7.47886E-09,-1.4932464E-01
-7.42886E-09,-1.4932464E-01
-7.37886E-09,-1.4927194E-01
-7.32886E-09,-1.4927194E-01
-7.27886E-09,-1.4927194E-01
-7.22886E-09,-1.4921923E-01
-7.17886E-09,-1.4921923E-01
-7.12886E-09,-1.4921923E-01
-7.07886E-09,-1.4921923E-01
-7.02886E-09,-1.4921923E-01
-6.97886E-09,-1.4916652E-01
-6.92886E-09,-1.4921923E-01
-6.87886E-09,-1.4921923E-01
-6.82886E-09,-1.4921923E-01
-6.77886E-09,-1.4921923E-01
-6.72886E-09,-1.4921923E-01
-6.67886E-09,-1.4921923E-01
-6.62886E-09,-1.4927194E-01
-6.57886E-09,-1.4927194E-01
-6.52886E-09,-1.4927194E-01
-6.47886E-09,-1.4932464E-01
-6.42886E-09,-1.4932464E-01
-6.37886E-09,-1.4937735E-01
-6.32886E-09,-1.4937735E-01
-6.27886E-09,-1.4937735E-01
-6.22886E-09,-1.4943006E-01
-6.17886E-09,-1.4943006E-01
-6.12886E-09,-1.4943006E-01
-6.07886E-09,-1.4943006E-01
-6.02886E-09,-1.4943006E-01
-5.97886E-09,-1.4948277E-01
-5.92886E-09,-1.4948277E-01
-5.87886E-09,-1.4948277E-01
-5.82886E-09,-1.4948277E-01
-5.77886E-09,-1.4943006E-01
-5.72886E-09,-1.4943006E-01
-5.67886E-09,-1.4943006E-01
-5.62886E-09,-1.4943006E-01
-5.57886E-09,-1.4943006E-01
-5.52886E-09,-1.4937735E-01
-5.47886E-09,-1.4937735E-01
-5.42886E-09,-1.4937735E-01
-5.37886E-09,-1.4937735E-01
-5.32886E-09,-1.4932464E-01
-5.27886E-09,-1.4932464E-01
-5.22886E-09,-1.4932464E-01
-5.17886E-09,-1.4932464E-01
-5.12886E-09,-1.4932464E-01
-5.07886E-09,-1.4932464E-01
-5.02886E-09,-1.4932464E-01
-4.97886E-09,-1.4932464E-01
-4.92886E-09,-1.4932464E-01
-4.87886E-09,-1.4937735E-01
-4.82886E-09,-1.4937735E-01
-4.77886E-09,-1.4943006E-01
-4.72886E-09,-1.4948277E-01
-4.67886E-09,-1.4953548E-01
-4.62886E-09,-1.4953548E-01
-4.57886E-09,-1.4958819E-01
-4.52886E-09,-1.4964090E-01
-4.47886E-09,-1.4974632E-01
-4.42886E-09,-1.4979903E-01
-4.37886E-09,-1.4985173E-01
-4.32886E-09,-1.4990444E-01
-4.27886E-09,-1.4995715E-01
-4.22886E-09,-1.5000986E-01
-4.17886E-09,-1.5011528E-01
-4.12886E-09,-1.5016799E-01
-4.07886E-09,-1.5022070E-01
-4.02886E-09,-1.5027341E-01
-3.97886E-09,-1.5032612E-01
-3.92886E-09,-1.5032612E-01
-3.87886E-09,-1.5037883E-01
-3.82886E-09,-1.5043153E-01
-3.77886E-09,-1.5043153E-01
-3.72886E-09,-1.5043153E-01
-3.67886E-09,-1.5043153E-01
-3.62886E-09,-1.5043153E-01
-3.57886E-09,-1.5043153E-01
-3.52886E-09,-1.5037883E-01
-3.47886E-09,-1.5037883E-01
-3.42886E-09,-1.5032612E-01
-3.37886E-09,-1.5027341E-01
-3.32886E-09,-1.5022070E-01
-3.27886E-09,-1.5016799E-01
-3.22886E-09,-1.5011528E-01
-3.17886E-09,-1.5000986E-01
-3.12886E-09,-1.4995715E-01
-3.07886E-09,-1.4990444E-01
-3.02886E-09,-1.4979903E-01
-2.97886E-09,-1.4974632E-01
-2.92886E-09,-1.4969361E-01
-2.87886E-09,-1.4958819E-01
-2.82886E-09,-1.4953548E-01
-2.77886E-09,-1.4948277E-01
-2.72886E-09,-1.4937735E-01
-2.67886E-09,-1.4932464E-01
-2.62886E-09,-1.4927194E-01
-2.57886E-09,-1.4927194E-01
-2.52886E-09,-1.4921923E-01
-2.47886E-09,-1.4916652E-01
-2.42886E-09,-1.4916652E-01
-2.37886E-09,-1.4916652E-01
-2.32886E-09,-1.4916652E-01
-2.27886E-09,-1.4916652E-01
-2.22886E-09,-1.4916652E-01
-2.17886E-09,-1.4916652E-01
-2.12886E-09,-1.4921923E-01
-2.07886E-09,-1.4921923E-01
-2.02886E-09,-1.4927194E-01
-1.97886E-09,-1.4932464E-01
-1.92886E-09,-1.4937735E-01
-1.87886E-09,-1.4943006E-01
-1.82886E-09,-1.4948277E-01
-1.77886E-09,-1.4953548E-01
-1.72886E-09,-1.4958819E-01
-1.67886E-09,-1.4964090E-01
-1.62886E-09,-1.4969361E-01
-1.57886E-09,-1.4974632E-01
-1.52886E-09,-1.4979903E-01
-1.47886E-09,-1.4985173E-01
-1.42886E-09,-1.4990444E-01
-1.37886E-09,-1.4990444E-01
-1.32886E-09,-1.4995715E-01
-1.27886E-09,-1.5000986E-01
-1.22886E-09,-1.5000986E-01
-1.17886E-09,-1.5006257E-01
-1.12886E-09,-1.5006257E-01
-1.07886E-09,-1.5011528E-01
-1.02886E-09,-1.5011528E-01
-9.7886E-10,-1.5011528E-01
-9.2886E-10,-1.5011528E-01
-8.7886E-10,-1.5011528E-01
-8.2886E-10,-1.5011528E-01
-7.7886E-10,-1.5011528E-01
-7.2886E-10,-1.5006257E-01
-6.7886E-10,-1.5006257E-01
-6.2886E-10,-1.5006257E-01
-5.7886E-10,-1.5006257E-01
-5.2886E-10,-1.5000986E-01
-4.7886E-10,-1.5000986E-01
-4.2886E-10,-1.5000986E-01
-3.7886E-10,-1.4995715E-01
-3.2886E-10,-1.4995715E-01
-2.7886E-10,-1.4995715E-01
-2.2886E-10,-1.4995715E-01
-1.7886E-10,-1.4990444E-01
-1.2886E-10,-1.4990444E-01
-7.886E-11,-1.4990444E-01
-2.886E-11,-1.4990444E-01
2.114E-11,-1.4985173E-01
7.114E-11,-1.4985173E-01
1.2114E-10,-1.4985173E-01
1.7114E-10,-1.4985173E-01
2.2114E-10,-1.4985173E-01
2.7114E-10,-1.4985173E-01
3.2114E-10,-1.4979903E-01
3.7114E-10,-1.4979903E-01
4.2114E-10,-1.4979903E-01
4.7114E-10,-1.4979903E-01
5.2114E-10,-1.4974632E-01
5.7114E-10,-1.4974632E-01
6.2114E-10,-1.4969361E-01
6.7114E-10,-1.4969361E-01
7.2114E-10,-1.4969361E-01
7.7114E-10,-1.4964090E-01
8.2114E-10,-1.4964090E-01
8.7114E-10,-1.4958819E-01
9.2114E-10,-1.4958819E-01
9.7114E-10,-1.4953548E-01
1.02114E-09,-1.4953548E-01
1.07114E-09,-1.4948277E-01
1.12114E-09,-1.4943006E-01
1.17114E-09,-1.4943006E-01
1.22114E-09,-1.4937735E-01
1.27114E-09,-1.4937735E-01
1.32114E-09,-1.4932464E-01
1.37114E-09,-1.4932464E-01
1.42114E-09,-1.4932464E-01
1.47114E-09,-1.4932464E-01
1.52114E-09,-1.4927194E-01
1.57114E-09,-1.4927194E-01
1.62114E-09,-1.4927194E-01
1.67114E-09,-1.4927194E-01
1.72114E-09,-1.4927194E-01
1.77114E-09,-1.4927194E-01
1.82114E-09,-1.4927194E-01
1.87114E-09,-1.4932464E-01
1.92114E-09,-1.4932464E-01
1.97114E-09,-1.4932464E-01
2.02114E-09,-1.4937735E-01
2.07114E-09,-1.4937735E-01
2.12114E-09,-1.4943006E-01
2.17114E-09,-1.4943006E-01
2.22114E-09,-1.4948277E-01
2.27114E-09,-1.4948277E-01
2.32114E-09,-1.4953548E-01
2.37114E-09,-1.4953548E-01
2.42114E-09,-1.4953548E-01
2.47114E-09,-1.4958819E-01
2.52114E-09,-1.4958819E-01
2.57114E-09,-1.4958819E-01
2.62114E-09,-1.4958819E-01
2.67114E-09,-1.4964090E-01
2.72114E-09,-1.4958819E-01
2.77114E-09,-1.4958819E-01
2.82114E-09,-1.4958819E-01
2.87114E-09,-1.4953548E-01
2.92114E-09,-1.4953548E-01
2.97114E-09,-1.4948277E-01
3.02114E-09,-1.4943006E-01
3.07114E-09,-1.4943006E-01
3.12114E-09,-1.4937735E-01
3.17114E-09,-1.4927194E-01
3.22114E-09,-1.4921923E-01
3.27114E-09,-1.4916652E-01
3.32114E-09,-1.4911381E-01
3.37114E-09,-1.4906110E-01
3.42114E-09,-1.4895568E-01
3.47114E-09,-1.4890297E-01
3.52114E-09,-1.4885026E-01
3.57114E-09,-1.4879755E-01
3.62114E-09,-1.4874485E-01
3.67114E-09,-1.4869214E-01
3.72114E-09,-1.4858672E-01
3.77114E-09,-1.4858672E-01
3.82114E-09,-1.4853401E-01
3.87114E-09,-1.4848130E-01
3.92114E-09,-1.4842859E-01
3.97114E-09,-1.4842859E-01
4.02114E-09,-1.4842859E-01
4.07114E-09,-1.4842859E-01
4.12114E-09,-1.4842859E-01
4.17114E-09,-1.4842859E-01
4.22114E-09,-1.4842859E-01
4.27114E-09,-1.4848130E-01
4.32114E-09,-1.4848130E-01
4.37114E-09,-1.4853401E-01
4.42114E-09,-1.4858672E-01
4.47114E-09,-1.4863943E-01
4.52114E-09,-1.4863943E-01
4.57114E-09,-1.4874485E-01
4.62114E-09,-1.4879755E-01
4.67114E-09,-1.4885026E-01
4.72114E-09,-1.4890297E-01
4.77114E-09,-1.4895568E-01
4.82114E-09,-1.4906110E-01
4.87114E-09,-1.4911381E-01
4.92114E-09,-1.4916652E-01
4.97114E-09,-1.4921923E-01
5.02114E-09,-1.4927194E-01
5.07114E-09,-1.4932464E-01
5.12114E-09,-1.4937735E-01
5.17114E-09,-1.4943006E-01
5.22114E-09,-1.4948277E-01
5.27114E-09,-1.4948277E-01
5.32114E-09,-1.4953548E-01
5.37114E-09,-1.4953548E-01
5.42114E-09,-1.4958819E-01
5.47114E-09,-1.4958819E-01
5.52114E-09,-1.4964090E-01
5.57114E-09,-1.4964090E-01
5.62114E-09,-1.4964090E-01
5.67114E-09,-1.4964090E-01
5.72114E-09,-1.4964090E-01
5.77114E-09,-1.4964090E-01
5.82114E-09,-1.4964090E-01
5.87114E-09,-1.4964090E-01
5.92114E-09,-1.4964090E-01
5.97114E-09,-1.4964090E-01
6.02114E-09,-1.4964090E-01
6.07114E-09,-1.4964090E-01
6.12114E-09,-1.4964090E-01
6.17114E-09,-1.4958819E-01
6.22114E-09,-1.4964090E-01
6.27114E-09,-1.4964090E-01
6.32114E-09,-1.4964090E-01
6.37114E-09,-1.4964090E-01
6.42114E-09,-1.4964090E-01
6.47114E-09,-1.4964090E-01
6.52114E-09,-1.4964090E-01
6.57114E-09,-1.4964090E-01
6.62114E-09,-1.4964090E-01
6.67114E-09,-1.4964090E-01
6.72114E-09,-1.4969361E-01
6.77114E-09,-1.4969361E-01
6.82114E-09,-1.4969361E-01
6.87114E-09,-1.4969361E-01
6.92114E-09,-1.4969361E-01
6.97114E-09,-1.4969361E-01
7.02114E-09,-1.4969361E-01
7.07114E-09,-1.4974632E-01
7.12114E-09,-1.4974632E-01
7.17114E-09,-1.4969361E-01
7.22114E-09,-1.4969361E-01
7.27114E-09,-1.4969361E-01
7.32114E-09,-1.4969361E-01
7.37114E-09,-1.4969361E-01
7.42114E-09,-1.4964090E-01
7.47114E-09,-1.4964090E-01
7.52114E-09,-1.4964090E-01
7.57114E-09,-1.4958819E-01
7.62114E-09,-1.4958819E-01
7.67114E-09,-1.4953548E-01
7.72114E-09,-1.4953548E-01
7.77114E-09,-1.4948277E-01
7.82114E-09,-1.4943006E-01
7.87114E-09,-1.4943006E-01
7.92114E-09,-1.4937735E-01
7.97114E-09,-1.4932464E-01
8.02114E-09,-1.4932464E-01
8.07114E-09,-1.4927194E-01
8.12114E-09,-1.4921923E-01
8.17114E-09,-1.4921923E-01
8.22114E-09,-1.4916652E-01
8.27114E-09,-1.4916652E-01
8.32114E-09,-1.4911381E-01
8.37114E-09,-1.4911381E-01
8.42114E-09,-1.4911381E-01
8.47114E-09,-1.4911381E-01
8.52114E-09,-1.4911381E-01
8.57114E-09,-1.4916652E-01
8.62114E-09,-1.4916652E-01
8.67114E-09,-1.4921923E-01
8.72114E-09,-1.4927194E-01
8.77114E-09,-1.4927194E-01
8.82114E-09,-1.4932464E-01
8.87114E-09,-1.4937735E-01
8.92114E-09,-1.4943006E-01
8.97114E-09,-1.4948277E-01
9.02114E-09,-1.4953548E-01
9.07114E-09,-1.4958819E-01
9.12114E-09,-1.4964090E-01
9.17114E-09,-1.4969361E-01
9.22114E-09,-1.4974632E-01
9.27114E-09,-1.4979903E-01
9.32114E-09,-1.4979903E-01
9.37114E-09,-1.4985173E-01
9.42114E-09,-1.4985173E-01
9.47114E-09,-1.4990444E-01
9.52114E-09,-1.4990444E-01
9.57114E-09,-1.4990444E-01
9.62114E-09,-1.4990444E-01
9.67114E-09,-1.4990444E-01
9.72114E-09,-1.4990444E-01
9.77114E-09,-1.4985173E-01
9.82114E-09,-1.4985173E-01
9.87114E-09,-1.4985173E-01
9.92114E-09,-1.4979903E-01
9.97114E-09,-1.4979903E-01
1.002114E-08,-1.4979903E-01
1.007114E-08,-1.4974632E-01
1.012114E-08,-1.4974632E-01
1.017114E-08,-1.4974632E-01
1.022114E-08,-1.4969361E-01
1.027114E-08,-1.4969361E-01
1.032114E-08,-1.4969361E-01
1.037114E-08,-1.4969361E-01
1.042114E-08,-1.4974632E-01
1.047114E-08,-1.4974632E-01
1.052114E-08,-1.4974632E-01
1.057114E-08,-1.4979903E-01
1.062114E-08,-1.4979903E-01
1.067114E-08,-1.4985173E-01
1.072114E-08,-1.4990444E-01
1.077114E-08,-1.4990444E-01
1.082114E-08,-1.4995715E-01
1.087114E-08,-1.5000986E-01
1.092114E-08,-1.5000986E-01
1.097114E-08,-1.5006257E-01
1.102114E-08,-1.5006257E-01
1.107114E-08,-1.5011528E-01
1.112114E-08,-1.5011528E-01
1.117114E-08,-1.5011528E-01
1.122114E-08,-1.5011528E-01
1.127114E-08,-1.5011528E-01
1.132114E-08,-1.5011528E-01
1.137114E-08,-1.5006257E-01
1.142114E-08,-1.5000986E-01
1.147114E-08,-1.4995715E-01
1.152114E-08,-1.4990444E-01
1.157114E-08,-1.4985173E-01
1.162114E-08,-1.4979903E-01
1.167114E-08,-1.4974632E-01
1.172114E-08,-1.4969361E-01
1.177114E-08,-1.4958819E-01
1.182114E-08,-1.4953548E-01
1.187114E-08,-1.4943006E-01
1.192114E-08,-1.4937735E-01
1.197114E-08,-1.4932464E-01
1.202114E-08,-1.4927194E-01
1.207114E-08,-1.4921923E-01
1.212114E-08,-1.4916652E-01
1.217114E-08,-1.4916652E-01
1.222114E-08,-1.4911381E-01
1.227114E-08,-1.4911381E-01
1.232114E-08,-1.4911381E-01
1.237114E-08,-1.4911381E-01
1.242114E-08,-1.4916652E-01
1.247114E-08,-1.4921923E-01
1.252114E-08,-1.4927194E-01
1.257114E-08,-1.4932464E-01
1.262114E-08,-1.4943006E-01
1.267114E-08,-1.4948277E-01
1.272114E-08,-1.4958819E-01
1.277114E-08,-1.4964090E-01
1.282114E-08,-1.4974632E-01
1.287114E-08,-1.4985173E-01
1.292114E-08,-1.4995715E-01
1.297114E-08,-1.5000986E-01
1.302114E-08,-1.5011528E-01
1.307114E-08,-1.5016799E-01
1.312114E-08,-1.5022070E-01
1.317114E-08,-1.5027341E-01
1.322114E-08,-1.5032612E-01
1.327114E-08,-1.5032612E-01
1.332114E-08,-1.5037883E-01
1.337114E-08,-1.5032612E-01
1.342114E-08,-1.5032612E-01
1.347114E-08,-1.5027341E-01
1.352114E-08,-1.5022070E-01
1.357114E-08,-1.5016799E-01
1.362114E-08,-1.5011528E-01
1.367114E-08,-1.5000986E-01
1.372114E-08,-1.4990444E-01
1.377114E-08,-1.4979903E-01
1.382114E-08,-1.4969361E-01
1.387114E-08,-1.4958819E-01
1.392114E-08,-1.4948277E-01
1.397114E-08,-1.4937735E-01
1.402114E-08,-1.4932464E-01
1.407114E-08,-1.4921923E-01
1.412114E-08,-1.4911381E-01
1.417114E-08,-1.4906110E-01
1.422114E-08,-1.4900839E-01
1.427114E-08,-1.4895568E-01
1.432114E-08,-1.4895568E-01
1.437114E-08,-1.4895568E-01
1.442114E-08,-1.4895568E-01
1.447114E-08,-1.4895568E-01
1.452114E-08,-1.4900839E-01
1.457114E-08,-1.4906110E-01
1.462114E-08,-1.4911381E-01
1.467114E-08,-1.4916652E-01
1.472114E-08,-1.4927194E-01
1.477114E-08,-1.4937735E-01
1.482114E-08,-1.4943006E-01
1.487114E-08,-1.4953548E-01
1.492114E-08,-1.4964090E-01
1.497114E-08,-1.4974632E-01
1.502114E-08,-1.4985173E-01
1.507114E-08,-1.4990444E-01
1.512114E-08,-1.4995715E-01
1.517114E-08,-1.5000986E-01
1.522114E-08,-1.5006257E-01
1.527114E-08,-1.5011528E-01
1.532114E-08,-1.5011528E-01
1.537114E-08,-1.5011528E-01
1.542114E-08,-1.5006257E-01
1.547114E-08,-1.5000986E-01
1.552114E-08,-1.4995715E-01
1.557114E-08,-1.4990444E-01
1.562114E-08,-1.4979903E-01
1.567114E-08,-1.4969361E-01
1.572114E-08,-1.4958819E-01
1.577114E-08,-1.4948277E-01
1.582114E-08,-1.4932464E-01
1.587114E-08,-1.4921923E-01
1.592114E-08,-1.4911381E-01
1.597114E-08,-1.4900839E-01
1.602114E-08,-1.4890297E-01
1.607114E-08,-1.4879755E-01
1.612114E-08,-1.4869214E-01
1.617114E-08,-1.4863943E-01
1.622114E-08,-1.4858672E-01
1.627114E-08,-1.4858672E-01
1.632114E-08,-1.4858672E-01
1.637114E-08,-1.4858672E-01
1.642114E-08,-1.4863943E-01
1.647114E-08,-1.4874485E-01
1.652114E-08,-1.4879755E-01
1.657114E-08,-1.4890297E-01
1.662114E-08,-1.4906110E-01
1.667114E-08,-1.4916652E-01
1.672114E-08,-1.4932464E-01
1.677114E-08,-1.4953548E-01
1.682114E-08,-1.4969361E-01
1.687114E-08,-1.4985173E-01
1.692114E-08,-1.5000986E-01
1.697114E-08,-1.5022070E-01
1.702114E-08,-1.5037883E-01
1.707114E-08,-1.5048424E-01
1.712114E-08,-1.5064237E-01
1.717114E-08,-1.5074779E-01
1.722114E-08,-1.5085321E-01
1.727114E-08,-1.5090592E-01
1.732114E-08,-1.5095862E-01
1.737114E-08,-1.5095862E-01
1.742114E-08,-1.5095862E-01
1.747114E-08,-1.5090592E-01
1.752114E-08,-1.5085321E-01
1.757114E-08,-1.5074779E-01
1.762114E-08,-1.5064237E-01
1.767114E-08,-1.5053695E-01
1.772114E-08,-1.5037883E-01
1.777114E-08,-1.5022070E-01
1.782114E-08,-1.5006257E-01
1.787114E-08,-1.4990444E-01
1.792114E-08,-1.4974632E-01
1.797114E-08,-1.4953548E-01
1.802114E-08,-1.4937735E-01
1.807114E-08,-1.4921923E-01
1.812114E-08,-1.4906110E-01
1.817114E-08,-1.4890297E-01
1.822114E-08,-1.4879755E-01
1.827114E-08,-1.4869214E-01
1.832114E-08,-1.4863943E-01
1.837114E-08,-1.4858672E-01
1.842114E-08,-1.4853401E-01
1.847114E-08,-1.4853401E-01
1.852114E-08,-1.4853401E-01
1.857114E-08,-1.4858672E-01
1.862114E-08,-1.4869214E-01
1.867114E-08,-1.4879755E-01
1.872114E-08,-1.4890297E-01
1.877114E-08,-1.4900839E-01
1.882114E-08,-1.4916652E-01
1.887114E-08,-1.4932464E-01
1.892114E-08,-1.4948277E-01
1.897114E-08,-1.4964090E-01
1.902114E-08,-1.4979903E-01
1.907114E-08,-1.4990444E-01
1.912114E-08,-1.5006257E-01
1.917114E-08,-1.5016799E-01
1.922114E-08,-1.5027341E-01
1.927114E-08,-1.5032612E-01
1.932114E-08,-1.5037883E-01
1.937114E-08,-1.5037883E-01
1.942114E-08,-1.5037883E-01
1.947114E-08,-1.5032612E-01
1.952114E-08,-1.5027341E-01
1.957114E-08,-1.5016799E-01
1.962114E-08,-1.5000986E-01
1.967114E-08,-1.4990444E-01
1.972114E-08,-1.4969361E-01
1.977114E-08,-1.4953548E-01
1.982114E-08,-1.4932464E-01
1.987114E-08,-1.4916652E-01
1.992114E-08,-1.4895568E-01
1.997114E-08,-1.4874485E-01
2.002114E-08,-1.4853401E-01
2.007114E-08,-1.4837588E-01
2.012114E-08,-1.4821776E-01
2.017114E-08,-1.4805963E-01
2.022114E-08,-1.4795421E-01
2.027114E-08,-1.4790150E-01
2.032114E-08,-1.4784879E-01
2.037114E-08,-1.4784879E-01
2.042114E-08,-1.4784879E-01
2.047114E-08,-1.4790150E-01
2.052114E-08,-1.4800692E-01
2.057114E-08,-1.4811234E-01
2.062114E-08,-1.4827046E-01
2.067114E-08,-1.4842859E-01
2.072114E-08,-1.4863943E-01
2.077114E-08,-1.4885026E-01
2.082114E-08,-1.4911381E-01
2.087114E-08,-1.4932464E-01
2.092114E-08,-1.4958819E-01
2.097114E-08,-1.4985173E-01
2.102114E-08,-1.5006257E-01
2.107114E-08,-1.5027341E-01
2.112114E-08,-1.5043153E-01
2.117114E-08,-1.5058966E-01
2.122114E-08,-1.5074779E-01
2.127114E-08,-1.5080050E-01
2.132114E-08,-1.5085321E-01
2.137114E-08,-1.5085321E-01
2.142114E-08,-1.5080050E-01
2.147114E-08,-1.5074779E-01
2.152114E-08,-1.5058966E-01
2.157114E-08,-1.5043153E-01
2.162114E-08,-1.5027341E-01
2.167114E-08,-1.5000986E-01
2.172114E-08,-1.4979903E-01
2.177114E-08,-1.4948277E-01
2.182114E-08,-1.4921923E-01
2.187114E-08,-1.4895568E-01
2.192114E-08,-1.4863943E-01
2.197114E-08,-1.4837588E-01
2.202114E-08,-1.4811234E-01
2.207114E-08,-1.4784879E-01
2.212114E-08,-1.4763796E-01
2.217114E-08,-1.4747983E-01
2.222114E-08,-1.4737441E-01
2.227114E-08,-1.4732170E-01
2.232114E-08,-1.4726899E-01
2.237114E-08,-1.4732170E-01
2.242114E-08,-1.4737441E-01
2.247114E-08,-1.4747983E-01
2.252114E-08,-1.4769067E-01
2.257114E-08,-1.4790150E-01
2.262114E-08,-1.4816505E-01
2.267114E-08,-1.4848130E-01
2.272114E-08,-1.4879755E-01
2.277114E-08,-1.4916652E-01
2.282114E-08,-1.4948277E-01
2.287114E-08,-1.4985173E-01
2.292114E-08,-1.5022070E-01
2.297114E-08,-1.5053695E-01
2.302114E-08,-1.5085321E-01
2.307114E-08,-1.5111675E-01
2.312114E-08,-1.5138030E-01
2.317114E-08,-1.5153842E-01
2.322114E-08,-1.5169655E-01
2.327114E-08,-1.5174926E-01
2.332114E-08,-1.5174926E-01
2.337114E-08,-1.5164384E-01
2.342114E-08,-1.5153842E-01
2.347114E-08,-1.5132759E-01
2.352114E-08,-1.5101133E-01
2.357114E-08,-1.5069508E-01
2.362114E-08,-1.5032612E-01
2.367114E-08,-1.4990444E-01
2.372114E-08,-1.4943006E-01
2.377114E-08,-1.4895568E-01
2.382114E-08,-1.4842859E-01
2.387114E-08,-1.4795421E-01
2.392114E-08,-1.4747983E-01
2.397114E-08,-1.4705816E-01
2.402114E-08,-1.4663649E-01
2.407114E-08,-1.4626752E-01
2.412114E-08,-1.4595127E-01
2.417114E-08,-1.4574043E-01
2.422114E-08,-1.4563501E-01
2.427114E-08,-1.4552960E-01
2.432114E-08,-1.4558230E-01
2.437114E-08,-1.4568772E-01
2.442114E-08,-1.4595127E-01
2.447114E-08,-1.4621481E-01
2.452114E-08,-1.4663649E-01
2.457114E-08,-1.4711087E-01
2.462114E-08,-1.4763796E-01
2.467114E-08,-1.4821776E-01
2.472114E-08,-1.4890297E-01
2.477114E-08,-1.4953548E-01
2.482114E-08,-1.5022070E-01
2.487114E-08,-1.5090592E-01
2.492114E-08,-1.5153842E-01
2.497114E-08,-1.5217093E-01
2.502114E-08,-1.5269802E-01
2.507114E-08,-1.5317240E-01
2.512114E-08,-1.5354137E-01
2.517114E-08,-1.5385762E-01
2.522114E-08,-1.5401575E-01
2.527114E-08,-1.5401575E-01
2.532114E-08,-1.5391033E-01
2.537114E-08,-1.5369949E-01
2.542114E-08,-1.5333053E-01
2.547114E-08,-1.5285615E-01
2.552114E-08,-1.5222364E-01
2.557114E-08,-1.5153842E-01
2.562114E-08,-1.5069508E-01
2.567114E-08,-1.4979903E-01
2.572114E-08,-1.4885026E-01
2.577114E-08,-1.4784879E-01
2.582114E-08,-1.4684732E-01
2.587114E-08,-1.4589856E-01
2.592114E-08,-1.4494980E-01
2.597114E-08,-1.4405374E-01
2.602114E-08,-1.4326311E-01
2.607114E-08,-1.4263060E-01
2.612114E-08,-1.4210351E-01
2.617114E-08,-1.4178726E-01
2.622114E-08,-1.4162913E-01
2.627114E-08,-1.4168184E-01
2.632114E-08,-1.4194538E-01
2.637114E-08,-1.4241976E-01
2.642114E-08,-1.4310498E-01
2.647114E-08,-1.4405374E-01
2.652114E-08,-1.4516063E-01
2.657114E-08,-1.4647836E-01
2.662114E-08,-1.4790150E-01
2.667114E-08,-1.4953548E-01
2.672114E-08,-1.5122217E-01
2.677114E-08,-1.5296157E-01
2.682114E-08,-1.5470096E-01
2.687114E-08,-1.5638765E-01
2.692114E-08,-1.5802163E-01
2.697114E-08,-1.5949748E-01
2.702114E-08,-1.6070979E-01
2.707114E-08,-1.6171126E-01
2.712114E-08,-1.6234377E-01
2.717114E-08,-1.6260732E-01
2.722114E-08,-1.6239648E-01
2.727114E-08,-1.6171126E-01
2.732114E-08,-1.6044625E-01
2.737114E-08,-1.5860143E-01
2.742114E-08,-1.5612411E-01
2.747114E-08,-1.5296157E-01
2.752114E-08,-1.4911381E-01
2.757114E-08,-1.4458083E-01
2.762114E-08,-1.3925722E-01
2.767114E-08,-1.3324840E-01
2.772114E-08,-1.2655435E-01
2.777114E-08,-1.1912238E-01
2.782114E-08,-1.1105790E-01
2.787114E-08,-1.0230820E-01
2.792114E-08,-9.303142E-02
2.797114E-08,-8.322754E-02
2.802114E-08,-7.294928E-02
2.807114E-08,-6.224935E-02
2.812114E-08,-5.123317E-02
2.817114E-08,-3.995344E-02
2.822114E-08,-2.851558E-02
2.827114E-08,-1.697231E-02
2.832114E-08,-5.48175E-03
2.837114E-08,5.95611E-03
2.842114E-08,1.728855E-02
2.847114E-08,2.830473E-02
2.852114E-08,3.905737E-02
2.857114E-08,4.938834E-02
2.862114E-08,5.929763E-02
2.867114E-08,6.867984E-02
2.872114E-08,7.748224E-02
2.877114E-08,8.570485E-02
2.882114E-08,9.324224E-02
2.887114E-08,1.0014712E-01
2.892114E-08,1.0641949E-01
2.897114E-08,1.1195394E-01
2.902114E-08,1.1680317E-01
2.907114E-08,1.2096718E-01
2.912114E-08,1.2455139E-01
2.917114E-08,1.2745039E-01
2.922114E-08,1.2971687E-01
2.927114E-08,1.3150898E-01
2.932114E-08,1.3277400E-01
2.937114E-08,1.3356463E-01
2.942114E-08,1.3393360E-01
2.947114E-08,1.3398631E-01
2.952114E-08,1.3372276E-01
2.957114E-08,1.3324838E-01
2.962114E-08,1.3261587E-01
2.967114E-08,1.3182524E-01
2.972114E-08,1.3098189E-01
2.977114E-08,1.3008584E-01
2.982114E-08,1.2924249E-01
2.987114E-08,1.2845186E-01
2.992114E-08,1.2776664E-01
2.997114E-08,1.2718684E-01
3.002114E-08,1.2671246E-01
3.007114E-08,1.2644892E-01
3.012114E-08,1.2634350E-01
3.017114E-08,1.2639621E-01
3.022114E-08,1.2660704E-01
3.027114E-08,1.2697601E-01
3.032114E-08,1.2755581E-01
3.037114E-08,1.2818831E-01
3.042114E-08,1.2897895E-01
3.047114E-08,1.2982229E-01
3.052114E-08,1.3071835E-01
3.057114E-08,1.3166711E-01
3.062114E-08,1.3261587E-01
3.067114E-08,1.3356463E-01
3.072114E-08,1.3440798E-01
3.077114E-08,1.3525132E-01
3.082114E-08,1.3593654E-01
3.087114E-08,1.3651634E-01
3.092114E-08,1.3699072E-01
3.097114E-08,1.3730697E-01
3.102114E-08,1.3746510E-01
3.107114E-08,1.3746510E-01
3.112114E-08,1.3730697E-01
3.117114E-08,1.3699072E-01
3.122114E-08,1.3651634E-01
3.127114E-08,1.3588383E-01
3.132114E-08,1.3514590E-01
3.137114E-08,1.3430256E-01
3.142114E-08,1.3335380E-01
3.147114E-08,1.3235233E-01
3.152114E-08,1.3135085E-01
3.157114E-08,1.3024397E-01
3.162114E-08,1.2918978E-01
3.167114E-08,1.2818831E-01
3.172114E-08,1.2718684E-01
3.177114E-08,1.2629079E-01
3.182114E-08,1.2550015E-01
3.187114E-08,1.2476223E-01
3.192114E-08,1.2423514E-01
3.197114E-08,1.2376076E-01
3.202114E-08,1.2344450E-01
3.207114E-08,1.2328638E-01
3.212114E-08,1.2328638E-01
3.217114E-08,1.2344450E-01
3.222114E-08,1.2365534E-01
3.227114E-08,1.2402430E-01
3.232114E-08,1.2455139E-01
3.237114E-08,1.2513119E-01
3.242114E-08,1.2576370E-01
3.247114E-08,1.2644892E-01
3.252114E-08,1.2718684E-01
3.257114E-08,1.2787206E-01
3.262114E-08,1.2860999E-01
3.267114E-08,1.2929520E-01
3.272114E-08,1.2987500E-01
3.277114E-08,1.3045480E-01
3.282114E-08,1.3087647E-01
3.287114E-08,1.3124544E-01
3.292114E-08,1.3145627E-01
3.297114E-08,1.3150898E-01
3.302114E-08,1.3145627E-01
3.307114E-08,1.3129815E-01
3.312114E-08,1.3098189E-01
3.317114E-08,1.3056022E-01
3.322114E-08,1.2998042E-01
3.327114E-08,1.2929520E-01
3.332114E-08,1.2855728E-01
3.337114E-08,1.2771393E-01
3.342114E-08,1.2687059E-01
3.347114E-08,1.2592183E-01
3.352114E-08,1.2502577E-01
3.357114E-08,1.2407701E-01
3.362114E-08,1.2323367E-01
3.367114E-08,1.2239032E-01
3.372114E-08,1.2165240E-01
3.377114E-08,1.2096718E-01
3.382114E-08,1.2044009E-01
3.387114E-08,1.2001842E-01
3.392114E-08,1.1970216E-01
3.397114E-08,1.1954404E-01
3.402114E-08,1.1954404E-01
3.407114E-08,1.1970216E-01
3.412114E-08,1.1996571E-01
3.417114E-08,1.2033467E-01
3.422114E-08,1.2086176E-01
3.427114E-08,1.2144156E-01
3.432114E-08,1.2212678E-01
3.437114E-08,1.2291741E-01
3.442114E-08,1.2370805E-01
3.447114E-08,1.2449868E-01
3.452114E-08,1.2528932E-01
3.457114E-08,1.2602724E-01
3.462114E-08,1.2676517E-01
3.467114E-08,1.2734497E-01
3.472114E-08,1.2787206E-01
3.477114E-08,1.2824102E-01
3.482114E-08,1.2845186E-01
3.487114E-08,1.2855728E-01
3.492114E-08,1.2845186E-01
3.497114E-08,1.2818831E-01
3.502114E-08,1.2776664E-01
3.507114E-08,1.2718684E-01
3.512114E-08,1.2639621E-01
3.517114E-08,1.2550015E-01
3.522114E-08,1.2444597E-01
3.527114E-08,1.2333908E-01
3.532114E-08,1.2212678E-01
3.537114E-08,1.2080905E-01
3.542114E-08,1.1954404E-01
3.547114E-08,1.1822631E-01
3.552114E-08,1.1701400E-01
3.557114E-08,1.1580170E-01
3.562114E-08,1.1474751E-01
3.567114E-08,1.1385146E-01
3.572114E-08,1.1311354E-01
3.577114E-08,1.1258645E-01
3.582114E-08,1.1227019E-01
3.587114E-08,1.1221748E-01
3.592114E-08,1.1237561E-01
3.597114E-08,1.1284999E-01
3.602114E-08,1.1353521E-01
3.607114E-08,1.1453668E-01
3.612114E-08,1.1574899E-01
3.617114E-08,1.1717213E-01
3.622114E-08,1.1880611E-01
3.627114E-08,1.2059822E-01
3.632114E-08,1.2249574E-01
3.637114E-08,1.2449868E-01
3.642114E-08,1.2650163E-01
3.647114E-08,1.2850457E-01
3.652114E-08,1.3040209E-01
3.657114E-08,1.3214149E-01
3.662114E-08,1.3367005E-01
3.667114E-08,1.3493507E-01
3.672114E-08,1.3577841E-01
3.677114E-08,1.3630550E-01
3.682114E-08,1.3630550E-01
3.687114E-08,1.3577841E-01
3.692114E-08,1.3467152E-01
3.697114E-08,1.3293212E-01
3.702114E-08,1.3056022E-01
3.707114E-08,1.2745039E-01
3.712114E-08,1.2365534E-01
3.717114E-08,1.1906965E-01
3.722114E-08,1.1379875E-01
3.727114E-08,1.0773722E-01
3.732114E-08,1.0099046E-01
3.737114E-08,9.350578E-02
3.742114E-08,8.533589E-02
3.747114E-08,7.658619E-02
3.752114E-08,6.720398E-02
3.757114E-08,5.734740E-02
3.762114E-08,4.701643E-02
3.767114E-08,3.631650E-02
3.772114E-08,2.524761E-02
3.777114E-08,1.396788E-02
3.782114E-08,2.58273E-03
3.787114E-08,-8.90783E-03
3.792114E-08,-2.039840E-02
3.797114E-08,-3.178354E-02
3.802114E-08,-4.295785E-02
3.807114E-08,-5.392133E-02
3.812114E-08,-6.451584E-02
3.817114E-08,-7.474139E-02
3.822114E-08,-8.449256E-02
3.827114E-08,-9.371664E-02
3.832114E-08,-1.0241362E-01
3.837114E-08,-1.1053081E-01
3.842114E-08,-1.1796278E-01
3.847114E-08,-1.2476224E-01
3.852114E-08,-1.3092920E-01
3.857114E-08,-1.3641094E-01
3.862114E-08,-1.4120746E-01
3.867114E-08,-1.4537147E-01
3.872114E-08,-1.4895568E-01
3.877114E-08,-1.5185468E-01
3.882114E-08,-1.5422658E-01
3.887114E-08,-1.5607140E-01
3.892114E-08,-1.5744183E-01
3.897114E-08,-1.5839060E-01
3.902114E-08,-1.5891769E-01
3.907114E-08,-1.5907581E-01
3.912114E-08,-1.5902310E-01
3.917114E-08,-1.5870685E-01
3.922114E-08,-1.5817976E-01
3.927114E-08,-1.5754725E-01
3.932114E-08,-1.5686203E-01
3.937114E-08,-1.5607140E-01
3.942114E-08,-1.5533347E-01
3.947114E-08,-1.5459555E-01
3.952114E-08,-1.5396304E-01
3.957114E-08,-1.5338324E-01
3.962114E-08,-1.5290886E-01
3.967114E-08,-1.5253989E-01
3.972114E-08,-1.5232906E-01
3.977114E-08,-1.5227635E-01
3.982114E-08,-1.5232906E-01
3.987114E-08,-1.5248719E-01
3.992114E-08,-1.5280344E-01
3.997114E-08,-1.5317240E-01
4.002114E-08,-1.5369949E-01
4.007114E-08,-1.5427929E-01
4.012114E-08,-1.5485909E-01
4.017114E-08,-1.5554431E-01
4.022114E-08,-1.5617682E-01
4.027114E-08,-1.5686203E-01
4.032114E-08,-1.5749454E-01
4.037114E-08,-1.5807434E-01
4.042114E-08,-1.5854872E-01
4.047114E-08,-1.5897039E-01
4.052114E-08,-1.5928665E-01
4.057114E-08,-1.5955019E-01
4.062114E-08,-1.5965561E-01
4.067114E-08,-1.5960290E-01
4.072114E-08,-1.5949748E-01
4.077114E-08,-1.5923394E-01
4.082114E-08,-1.5886498E-01
4.087114E-08,-1.5833789E-01
4.092114E-08,-1.5775809E-01
4.097114E-08,-1.5707287E-01
4.102114E-08,-1.5633494E-01
4.107114E-08,-1.5549160E-01
4.112114E-08,-1.5459555E-01
4.117114E-08,-1.5369949E-01
4.122114E-08,-1.5275073E-01
4.127114E-08,-1.5185468E-01
4.132114E-08,-1.5090592E-01
4.137114E-08,-1.5000986E-01
4.142114E-08,-1.4916652E-01
4.147114E-08,-1.4837588E-01
4.152114E-08,-1.4763796E-01
4.157114E-08,-1.4700545E-01
4.162114E-08,-1.4642565E-01
4.167114E-08,-1.4595127E-01
4.172114E-08,-1.4552960E-01
4.177114E-08,-1.4521334E-01
4.182114E-08,-1.4494980E-01
4.187114E-08,-1.4479167E-01
4.192114E-08,-1.4468625E-01
4.197114E-08,-1.4463354E-01
4.202114E-08,-1.4468625E-01
4.207114E-08,-1.4473896E-01
4.212114E-08,-1.4484438E-01
4.217114E-08,-1.4494980E-01
4.222114E-08,-1.4510792E-01
4.227114E-08,-1.4526605E-01
4.232114E-08,-1.4542418E-01
4.237114E-08,-1.4552960E-01
4.242114E-08,-1.4563501E-01
4.247114E-08,-1.4568772E-01
4.252114E-08,-1.4568772E-01
4.257114E-08,-1.4568772E-01
4.262114E-08,-1.4558230E-01
4.267114E-08,-1.4547689E-01
4.272114E-08,-1.4526605E-01
4.277114E-08,-1.4505521E-01
4.282114E-08,-1.4473896E-01
4.287114E-08,-1.4442271E-01
4.292114E-08,-1.4405374E-01
4.297114E-08,-1.4368478E-01
4.302114E-08,-1.4326311E-01
4.307114E-08,-1.4278873E-01
4.312114E-08,-1.4231435E-01
4.317114E-08,-1.4189267E-01
4.322114E-08,-1.4141829E-01
4.327114E-08,-1.4099662E-01
4.332114E-08,-1.4057495E-01
4.337114E-08,-1.4020599E-01
4.342114E-08,-1.3983702E-01
4.347114E-08,-1.3957348E-01
4.352114E-08,-1.3930993E-01
4.357114E-08,-1.3909910E-01
4.362114E-08,-1.3894097E-01
4.367114E-08,-1.3883555E-01
4.372114E-08,-1.3878284E-01
4.377114E-08,-1.3883555E-01
4.382114E-08,-1.3888826E-01
4.387114E-08,-1.3899368E-01
4.392114E-08,-1.3915181E-01
4.397114E-08,-1.3930993E-01
4.402114E-08,-1.3952077E-01
4.407114E-08,-1.3978431E-01
4.412114E-08,-1.4004786E-01
4.417114E-08,-1.4031140E-01
4.422114E-08,-1.4057495E-01
4.427114E-08,-1.4083849E-01
4.432114E-08,-1.4110204E-01
4.437114E-08,-1.4136558E-01
4.442114E-08,-1.4157642E-01
4.447114E-08,-1.4178726E-01
4.452114E-08,-1.4194538E-01
4.457114E-08,-1.4210351E-01
4.462114E-08,-1.4220893E-01
4.467114E-08,-1.4226164E-01
4.472114E-08,-1.4231435E-01
4.477114E-08,-1.4231435E-01
4.482114E-08,-1.4231435E-01
4.487114E-08,-1.4226164E-01
4.492114E-08,-1.4220893E-01
4.497114E-08,-1.4210351E-01
4.502114E-08,-1.4205080E-01
4.507114E-08,-1.4194538E-01
4.512114E-08,-1.4183996E-01
4.517114E-08,-1.4173455E-01
4.522114E-08,-1.4162913E-01
4.527114E-08,-1.4157642E-01
4.532114E-08,-1.4152371E-01
4.537114E-08,-1.4147100E-01
4.542114E-08,-1.4147100E-01
4.547114E-08,-1.4152371E-01
4.552114E-08,-1.4157642E-01
4.557114E-08,-1.4168184E-01
4.562114E-08,-1.4178726E-01
4.567114E-08,-1.4194538E-01
4.572114E-08,-1.4215622E-01
4.577114E-08,-1.4236705E-01
4.582114E-08,-1.4263060E-01
4.587114E-08,-1.4289415E-01
4.592114E-08,-1.4321040E-01
4.597114E-08,-1.4352665E-01
4.602114E-08,-1.4384291E-01
4.607114E-08,-1.4421187E-01
4.612114E-08,-1.4452812E-01
4.617114E-08,-1.4489709E-01
4.622114E-08,-1.4521334E-01
4.627114E-08,-1.4558230E-01
4.632114E-08,-1.4589856E-01
4.637114E-08,-1.4616210E-01
4.642114E-08,-1.4647836E-01
4.647114E-08,-1.4674190E-01
4.652114E-08,-1.4695274E-01
4.657114E-08,-1.4716358E-01
4.662114E-08,-1.4737441E-01
4.667114E-08,-1.4753254E-01
4.672114E-08,-1.4763796E-01
4.677114E-08,-1.4774337E-01
4.682114E-08,-1.4784879E-01
4.687114E-08,-1.4795421E-01
4.692114E-08,-1.4800692E-01
4.697114E-08,-1.4805963E-01
4.702114E-08,-1.4811234E-01
4.707114E-08,-1.4811234E-01
4.712114E-08,-1.4816505E-01
4.717114E-08,-1.4821776E-01
4.722114E-08,-1.4827046E-01
4.727114E-08,-1.4832317E-01
4.732114E-08,-1.4837588E-01
4.737114E-08,-1.4848130E-01
4.742114E-08,-1.4853401E-01
4.747114E-08,-1.4869214E-01
4.752114E-08,-1.4879755E-01
4.757114E-08,-1.4895568E-01
4.762114E-08,-1.4911381E-01
4.767114E-08,-1.4932464E-01
4.772114E-08,-1.4948277E-01
4.777114E-08,-1.4969361E-01
4.782114E-08,-1.4990444E-01
4.787114E-08,-1.5011528E-01
4.792114E-08,-1.5032612E-01
4.797114E-08,-1.5053695E-01
4.802114E-08,-1.5074779E-01
4.807114E-08,-1.5095862E-01
4.812114E-08,-1.5111675E-01
4.817114E-08,-1.5132759E-01
4.822114E-08,-1.5148571E-01
4.827114E-08,-1.5164384E-01
4.832114E-08,-1.5174926E-01
4.837114E-08,-1.5180197E-01
4.842114E-08,-1.5185468E-01
4.847114E-08,-1.5190739E-01
4.852114E-08,-1.5190739E-01
4.857114E-08,-1.5185468E-01
4.862114E-08,-1.5180197E-01
4.867114E-08,-1.5169655E-01
4.872114E-08,-1.5159113E-01
4.877114E-08,-1.5143301E-01
4.882114E-08,-1.5127488E-01
4.887114E-08,-1.5106404E-01
4.892114E-08,-1.5085321E-01
4.897114E-08,-1.5064237E-01
4.902114E-08,-1.5043153E-01
4.907114E-08,-1.5022070E-01
4.912114E-08,-1.5000986E-01
4.917114E-08,-1.4979903E-01
4.922114E-08,-1.4958819E-01
4.927114E-08,-1.4937735E-01
4.932114E-08,-1.4921923E-01
4.937114E-08,-1.4906110E-01
4.942114E-08,-1.4895568E-01
4.947114E-08,-1.4885026E-01
4.952114E-08,-1.4879755E-01
4.957114E-08,-1.4874485E-01
4.962114E-08,-1.4874485E-01
4.967114E-08,-1.4874485E-01
4.972114E-08,-1.4879755E-01
4.977114E-08,-1.4890297E-01
4.982114E-08,-1.4900839E-01
4.987114E-08,-1.4911381E-01
4.992114E-08,-1.4921923E-01
4.997114E-08,-1.4937735E-01
5.002114E-08,-1.4953548E-01
5.007114E-08,-1.4969361E-01
5.012114E-08,-1.4985173E-01
5.017114E-08,-1.5000986E-01
5.022114E-08,-1.5016799E-01
5.027114E-08,-1.5032612E-01
5.032114E-08,-1.5043153E-01
5.037114E-08,-1.5053695E-01
5.042114E-08,-1.5058966E-01
5.047114E-08,-1.5064237E-01
5.052114E-08,-1.5069508E-01
5.057114E-08,-1.5069508E-01
5.062114E-08,-1.5064237E-01
5.067114E-08,-1.5058966E-01
5.072114E-08,-1.5048424E-01
5.077114E-08,-1.5032612E-01
5.082114E-08,-1.5022070E-01
5.087114E-08,-1.5000986E-01
5.092114E-08,-1.4979903E-01
5.097114E-08,-1.4958819E-01
5.102114E-08,-1.4937735E-01
5.107114E-08,-1.4911381E-01
5.112114E-08,-1.4885026E-01
5.117114E-08,-1.4858672E-01
5.122114E-08,-1.4832317E-01
5.127114E-08,-1.4805963E-01
5.132114E-08,-1.4784879E-01
5.137114E-08,-1.4758525E-01
5.142114E-08,-1.4737441E-01
5.147114E-08,-1.4716358E-01
5.152114E-08,-1.4695274E-01
5.157114E-08,-1.4679461E-01
5.162114E-08,-1.4663649E-01
5.167114E-08,-1.4653107E-01
5.172114E-08,-1.4642565E-01
5.177114E-08,-1.4637294E-01
5.182114E-08,-1.4632023E-01
5.187114E-08,-1.4632023E-01
5.192114E-08,-1.4632023E-01
5.197114E-08,-1.4632023E-01
5.202114E-08,-1.4637294E-01
5.207114E-08,-1.4647836E-01
5.212114E-08,-1.4653107E-01
5.217114E-08,-1.4663649E-01
5.222114E-08,-1.4668919E-01
5.227114E-08,-1.4679461E-01
5.232114E-08,-1.4690003E-01
5.237114E-08,-1.4700545E-01
5.242114E-08,-1.4711087E-01
5.247114E-08,-1.4721628E-01
5.252114E-08,-1.4732170E-01
5.257114E-08,-1.4737441E-01
5.262114E-08,-1.4747983E-01
5.267114E-08,-1.4753254E-01
5.272114E-08,-1.4758525E-01
5.277114E-08,-1.4758525E-01
5.282114E-08,-1.4758525E-01
5.287114E-08,-1.4763796E-01
5.292114E-08,-1.4758525E-01
5.297114E-08,-1.4758525E-01
5.302114E-08,-1.4758525E-01
5.307114E-08,-1.4753254E-01
5.312114E-08,-1.4753254E-01
5.317114E-08,-1.4747983E-01
5.322114E-08,-1.4742712E-01
5.327114E-08,-1.4737441E-01
5.332114E-08,-1.4737441E-01
5.337114E-08,-1.4732170E-01
5.342114E-08,-1.4732170E-01
5.347114E-08,-1.4726899E-01
5.352114E-08,-1.4726899E-01
5.357114E-08,-1.4732170E-01
5.362114E-08,-1.4732170E-01
5.367114E-08,-1.4737441E-01
5.372114E-08,-1.4742712E-01
5.377114E-08,-1.4753254E-01
5.382114E-08,-1.4758525E-01
5.387114E-08,-1.4769067E-01
5.392114E-08,-1.4779608E-01
5.397114E-08,-1.4795421E-01
5.402114E-08,-1.4811234E-01
5.407114E-08,-1.4827046E-01
5.412114E-08,-1.4842859E-01
5.417114E-08,-1.4858672E-01
5.422114E-08,-1.4874485E-01
5.427114E-08,-1.4895568E-01
5.432114E-08,-1.4911381E-01
5.437114E-08,-1.4927194E-01
5.442114E-08,-1.4948277E-01
5.447114E-08,-1.4964090E-01
5.452114E-08,-1.4979903E-01
5.457114E-08,-1.4995715E-01
5.462114E-08,-1.5011528E-01
5.467114E-08,-1.5022070E-01
5.472114E-08,-1.5037883E-01
5.477114E-08,-1.5048424E-01
5.482114E-08,-1.5058966E-01
5.487114E-08,-1.5069508E-01
5.492114E-08,-1.5074779E-01
5.497114E-08,-1.5085321E-01
5.502114E-08,-1.5090592E-01
5.507114E-08,-1.5095862E-01
5.512114E-08,-1.5095862E-01
5.517114E-08,-1.5101133E-01
5.522114E-08,-1.5106404E-01
5.527114E-08,-1.5106404E-01
5.532114E-08,-1.5111675E-01
5.537114E-08,-1.5111675E-01
5.542114E-08,-1.5111675E-01
5.547114E-08,-1.5116946E-01
5.552114E-08,-1.5116946E-01
5.557114E-08,-1.5122217E-01
5.562114E-08,-1.5122217E-01
5.567114E-08,-1.5127488E-01
5.572114E-08,-1.5127488E-01
5.577114E-08,-1.5132759E-01
5.582114E-08,-1.5138030E-01
5.587114E-08,-1.5143301E-01
5.592114E-08,-1.5148571E-01
5.597114E-08,-1.5159113E-01
5.602114E-08,-1.5164384E-01
5.607114E-08,-1.5169655E-01
5.612114E-08,-1.5180197E-01
5.617114E-08,-1.5185468E-01
5.622114E-08,-1.5196010E-01
5.627114E-08,-1.5206551E-01
5.632114E-08,-1.5211822E-01
5.637114E-08,-1.5222364E-01
5.642114E-08,-1.5227635E-01
5.647114E-08,-1.5232906E-01
5.652114E-08,-1.5243448E-01
5.657114E-08,-1.5248719E-01
5.662114E-08,-1.5253989E-01
5.667114E-08,-1.5259260E-01
5.672114E-08,-1.5259260E-01
5.677114E-08,-1.5264531E-01
5.682114E-08,-1.5264531E-01
5.687114E-08,-1.5264531E-01
5.692114E-08,-1.5269802E-01
5.697114E-08,-1.5264531E-01
5.702114E-08,-1.5264531E-01
5.707114E-08,-1.5264531E-01
5.712114E-08,-1.5259260E-01
5.717114E-08,-1.5259260E-01
5.722114E-08,-1.5253989E-01
5.727114E-08,-1.5248719E-01
5.732114E-08,-1.5243448E-01
5.737114E-08,-1.5238177E-01
5.742114E-08,-1.5232906E-01
5.747114E-08,-1.5227635E-01
5.752114E-08,-1.5217093E-01
5.757114E-08,-1.5211822E-01
5.762114E-08,-1.5206551E-01
5.767114E-08,-1.5196010E-01
5.772114E-08,-1.5185468E-01
5.777114E-08,-1.5180197E-01
5.782114E-08,-1.5169655E-01
5.787114E-08,-1.5159113E-01
5.792114E-08,-1.5148571E-01
5.797114E-08,-1.5138030E-01
5.802114E-08,-1.5122217E-01
5.807114E-08,-1.5111675E-01
5.812114E-08,-1.5101133E-01
5.817114E-08,-1.5085321E-01
5.822114E-08,-1.5074779E-01
5.827114E-08,-1.5064237E-01
5.832114E-08,-1.5048424E-01
5.837114E-08,-1.5037883E-01
5.842114E-08,-1.5022070E-01
5.847114E-08,-1.5006257E-01
5.852114E-08,-1.4995715E-01
5.857114E-08,-1.4979903E-01
5.862114E-08,-1.4969361E-01
5.867114E-08,-1.4953548E-01
5.872114E-08,-1.4937735E-01
5.877114E-08,-1.4927194E-01
5.882114E-08,-1.4911381E-01
5.887114E-08,-1.4900839E-01
5.892114E-08,-1.4885026E-01
5.897114E-08,-1.4874485E-01
5.902114E-08,-1.4858672E-01
5.907114E-08,-1.4848130E-01
5.912114E-08,-1.4837588E-01
5.917114E-08,-1.4821776E-01
5.922114E-08,-1.4811234E-01
5.927114E-08,-1.4800692E-01
5.932114E-08,-1.4790150E-01
5.937114E-08,-1.4779608E-01
5.942114E-08,-1.4774337E-01
5.947114E-08,-1.4763796E-01
5.952114E-08,-1.4758525E-01
5.957114E-08,-1.4747983E-01
5.962114E-08,-1.4742712E-01
5.967114E-08,-1.4737441E-01
5.972114E-08,-1.4732170E-01
5.977114E-08,-1.4726899E-01
5.982114E-08,-1.4721628E-01
5.987114E-08,-1.4716358E-01
5.992114E-08,-1.4711087E-01
5.997114E-08,-1.4705816E-01
6.002114E-08,-1.4705816E-01
6.007114E-08,-1.4700545E-01
6.012114E-08,-1.4700545E-01
6.017114E-08,-1.4695274E-01
6.022114E-08,-1.4695274E-01
6.027114E-08,-1.4695274E-01
6.032114E-08,-1.4690003E-01
6.037114E-08,-1.4690003E-01
6.042114E-08,-1.4684732E-01
6.047114E-08,-1.4684732E-01
6.052114E-08,-1.4684732E-01
6.057114E-08,-1.4679461E-01
6.062114E-08,-1.4679461E-01
6.067114E-08,-1.4674190E-01
6.072114E-08,-1.4674190E-01
6.077114E-08,-1.4668919E-01
6.082114E-08,-1.4668919E-01
6.087114E-08,-1.4663649E-01
6.092114E-08,-1.4663649E-01
6.097114E-08,-1.4658378E-01
6.102114E-08,-1.4653107E-01
6.107114E-08,-1.4653107E-01
6.112114E-08,-1.4647836E-01
6.117114E-08,-1.4647836E-01
6.122114E-08,-1.4642565E-01
6.127114E-08,-1.4637294E-01
6.132114E-08,-1.4637294E-01
6.137114E-08,-1.4637294E-01
6.142114E-08,-1.4637294E-01
6.147114E-08,-1.4632023E-01
6.152114E-08,-1.4632023E-01
6.157114E-08,-1.4637294E-01
6.162114E-08,-1.4637294E-01
6.167114E-08,-1.4637294E-01
6.172114E-08,-1.4642565E-01
6.177114E-08,-1.4642565E-01
6.182114E-08,-1.4647836E-01
6.187114E-08,-1.4653107E-01
6.192114E-08,-1.4658378E-01
6.197114E-08,-1.4668919E-01
6.202114E-08,-1.4674190E-01
6.207114E-08,-1.4684732E-01
6.212114E-08,-1.4690003E-01
6.217114E-08,-1.4700545E-01
6.222114E-08,-1.4711087E-01
6.227114E-08,-1.4721628E-01
6.232114E-08,-1.4732170E-01
6.237114E-08,-1.4742712E-01
6.242114E-08,-1.4753254E-01
6.247114E-08,-1.4763796E-01
6.252114E-08,-1.4779608E-01
6.257114E-08,-1.4790150E-01
6.262114E-08,-1.4800692E-01
6.267114E-08,-1.4811234E-01
6.272114E-08,-1.4821776E-01
6.277114E-08,-1.4832317E-01
6.282114E-08,-1.4842859E-01
6.287114E-08,-1.4853401E-01
6.292114E-08,-1.4863943E-01
6.297114E-08,-1.4874485E-01
6.302114E-08,-1.4885026E-01
6.307114E-08,-1.4895568E-01
6.312114E-08,-1.4906110E-01
6.317114E-08,-1.4911381E-01
6.322114E-08,-1.4921923E-01
6.327114E-08,-1.4932464E-01
6.332114E-08,-1.4937735E-01
6.337114E-08,-1.4948277E-01
6.342114E-08,-1.4958819E-01
6.347114E-08,-1.4964090E-01
6.352114E-08,-1.4974632E-01
6.357114E-08,-1.4979903E-01
6.362114E-08,-1.4990444E-01
6.367114E-08,-1.4995715E-01
6.372114E-08,-1.5006257E-01
6.377114E-08,-1.5016799E-01
6.382114E-08,-1.5022070E-01
6.387114E-08,-1.5032612E-01
6.392114E-08,-1.5043153E-01
6.397114E-08,-1.5053695E-01
6.402114E-08,-1.5058966E-01
6.407114E-08,-1.5069508E-01
6.412114E-08,-1.5080050E-01
6.417114E-08,-1.5085321E-01
6.422114E-08,-1.5095862E-01
6.427114E-08,-1.5106404E-01
6.432114E-08,-1.5111675E-01
6.437114E-08,-1.5122217E-01
6.442114E-08,-1.5127488E-01
6.447114E-08,-1.5132759E-01
6.452114E-08,-1.5143301E-01
6.457114E-08,-1.5148571E-01
6.462114E-08,-1.5153842E-01
6.467114E-08,-1.5153842E-01
6.472114E-08,-1.5159113E-01
6.477114E-08,-1.5164384E-01
6.482114E-08,-1.5164384E-01
6.487114E-08,-1.5164384E-01
6.492114E-08,-1.5164384E-01
6.497114E-08,-1.5164384E-01
6.502114E-08,-1.5164384E-01
6.507114E-08,-1.5164384E-01
6.512114E-08,-1.5159113E-01
6.517114E-08,-1.5159113E-01
6.522114E-08,-1.5153842E-01
6.527114E-08,-1.5148571E-01
6.532114E-08,-1.5148571E-01
6.537114E-08,-1.5143301E-01
6.542114E-08,-1.5138030E-01
6.547114E-08,-1.5132759E-01
6.552114E-08,-1.5127488E-01
6.557114E-08,-1.5122217E-01
6.562114E-08,-1.5116946E-01
6.567114E-08,-1.5111675E-01
6.572114E-08,-1.5111675E-01
6.577114E-08,-1.5106404E-01
6.582114E-08,-1.5106404E-01
6.587114E-08,-1.5101133E-01
6.592114E-08,-1.5101133E-01
6.597114E-08,-1.5095862E-01
6.602114E-08,-1.5095862E-01
6.607114E-08,-1.5095862E-01
6.612114E-08,-1.5095862E-01
6.617114E-08,-1.5095862E-01
6.622114E-08,-1.5101133E-01
6.627114E-08,-1.5101133E-01
6.632114E-08,-1.5101133E-01
6.637114E-08,-1.5106404E-01
6.642114E-08,-1.5106404E-01
6.647114E-08,-1.5106404E-01
6.652114E-08,-1.5111675E-01
6.657114E-08,-1.5111675E-01
6.662114E-08,-1.5116946E-01
6.667114E-08,-1.5116946E-01
6.672114E-08,-1.5122217E-01
6.677114E-08,-1.5122217E-01
6.682114E-08,-1.5122217E-01
6.687114E-08,-1.5122217E-01
6.692114E-08,-1.5122217E-01
6.697114E-08,-1.5122217E-01
6.702114E-08,-1.5116946E-01
6.707114E-08,-1.5116946E-01
6.712114E-08,-1.5111675E-01
6.717114E-08,-1.5111675E-01
6.722114E-08,-1.5106404E-01
6.727114E-08,-1.5101133E-01
6.732114E-08,-1.5095862E-01
6.737114E-08,-1.5085321E-01
6.742114E-08,-1.5080050E-01
6.747114E-08,-1.5074779E-01
6.752114E-08,-1.5064237E-01
6.757114E-08,-1.5058966E-01
6.762114E-08,-1.5048424E-01
6.767114E-08,-1.5037883E-01
6.772114E-08,-1.5032612E-01
6.777114E-08,-1.5022070E-01
6.782114E-08,-1.5011528E-01
6.787114E-08,-1.5000986E-01
6.792114E-08,-1.4995715E-01
6.797114E-08,-1.4985173E-01
6.802114E-08,-1.4974632E-01
6.807114E-08,-1.4969361E-01
6.812114E-08,-1.4958819E-01
6.817114E-08,-1.4948277E-01
6.822114E-08,-1.4943006E-01
6.827114E-08,-1.4932464E-01
6.832114E-08,-1.4927194E-01
6.837114E-08,-1.4921923E-01
6.842114E-08,-1.4911381E-01
6.847114E-08,-1.4906110E-01
6.852114E-08,-1.4900839E-01
6.857114E-08,-1.4895568E-01
6.862114E-08,-1.4890297E-01
6.867114E-08,-1.4879755E-01
6.872114E-08,-1.4874485E-01
6.877114E-08,-1.4869214E-01
6.882114E-08,-1.4863943E-01
6.887114E-08,-1.4863943E-01
6.892114E-08,-1.4858672E-01
6.897114E-08,-1.4853401E-01
6.902114E-08,-1.4848130E-01
6.907114E-08,-1.4842859E-01
6.912114E-08,-1.4842859E-01
6.917114E-08,-1.4837588E-01
6.922114E-08,-1.4832317E-01
6.927114E-08,-1.4832317E-01
6.932114E-08,-1.4827046E-01
6.937114E-08,-1.4827046E-01
6.942114E-08,-1.4821776E-01
6.947114E-08,-1.4821776E-01
6.952114E-08,-1.4821776E-01
6.957114E-08,-1.4821776E-01
6.962114E-08,-1.4821776E-01
6.967114E-08,-1.4821776E-01
6.972114E-08,-1.4821776E-01
6.977114E-08,-1.4821776E-01
6.982114E-08,-1.4821776E-01
6.987114E-08,-1.4827046E-01
6.992114E-08,-1.4827046E-01
6.997114E-08,-1.4832317E-01
7.002114E-08,-1.4837588E-01
7.007114E-08,-1.4842859E-01
7.012114E-08,-1.4842859E-01
7.017114E-08,-1.4848130E-01
7.022114E-08,-1.4853401E-01
7.027114E-08,-1.4863943E-01
7.032114E-08,-1.4869214E-01
7.037114E-08,-1.4874485E-01
7.042114E-08,-1.4879755E-01
7.047114E-08,-1.4885026E-01
7.052114E-08,-1.4890297E-01
7.057114E-08,-1.4900839E-01
7.062114E-08,-1.4906110E-01
7.067114E-08,-1.4911381E-01
7.072114E-08,-1.4916652E-01
7.077114E-08,-1.4921923E-01
7.082114E-08,-1.4927194E-01
7.087114E-08,-1.4927194E-01
7.092114E-08,-1.4932464E-01
7.097114E-08,-1.4932464E-01
7.102114E-08,-1.4937735E-01
7.107114E-08,-1.4937735E-01
7.112114E-08,-1.4937735E-01
7.117114E-08,-1.4937735E-01
7.122114E-08,-1.4937735E-01
7.127114E-08,-1.4937735E-01
7.132114E-08,-1.4932464E-01
7.137114E-08,-1.4932464E-01
7.142114E-08,-1.4927194E-01
7.147114E-08,-1.4927194E-01
7.152114E-08,-1.4921923E-01
7.157114E-08,-1.4921923E-01
7.162114E-08,-1.4916652E-01
7.167114E-08,-1.4911381E-01
7.172114E-08,-1.4911381E-01
7.177114E-08,-1.4906110E-01
7.182114E-08,-1.4906110E-01
7.187114E-08,-1.4900839E-01
7.192114E-08,-1.4900839E-01
7.197114E-08,-1.4895568E-01
7.202114E-08,-1.4895568E-01
7.207114E-08,-1.4895568E-01
7.212114E-08,-1.4895568E-01
7.217114E-08,-1.4895568E-01
7.222114E-08,-1.4895568E-01
7.227114E-08,-1.4895568E-01
7.232114E-08,-1.4900839E-01
7.237114E-08,-1.4900839E-01
7.242114E-08,-1.4906110E-01
7.247114E-08,-1.4906110E-01
7.252114E-08,-1.4911381E-01
7.257114E-08,-1.4916652E-01
7.262114E-08,-1.4921923E-01
7.267114E-08,-1.4927194E-01
7.272114E-08,-1.4932464E-01
7.277114E-08,-1.4937735E-01
7.282114E-08,-1.4943006E-01
7.287114E-08,-1.4948277E-01
7.292114E-08,-1.4953548E-01
7.297114E-08,-1.4958819E-01
7.302114E-08,-1.4964090E-01
7.307114E-08,-1.4969361E-01
7.312114E-08,-1.4974632E-01
7.317114E-08,-1.4979903E-01
7.322114E-08,-1.4985173E-01
7.327114E-08,-1.4990444E-01
7.332114E-08,-1.4990444E-01
7.337114E-08,-1.4995715E-01
7.342114E-08,-1.4995715E-01
7.347114E-08,-1.5000986E-01
7.352114E-08,-1.5000986E-01
7.357114E-08,-1.5000986E-01
7.362114E-08,-1.5000986E-01
7.367114E-08,-1.5006257E-01
7.372114E-08,-1.5006257E-01
7.377114E-08,-1.5006257E-01
7.382114E-08,-1.5006257E-01
7.387114E-08,-1.5000986E-01
7.392114E-08,-1.5000986E-01
7.397114E-08,-1.5000986E-01
7.402114E-08,-1.5000986E-01
7.407114E-08,-1.5000986E-01
7.412114E-08,-1.5000986E-01
7.417114E-08,-1.4995715E-01
7.422114E-08,-1.4995715E-01
7.427114E-08,-1.4995715E-01
7.432114E-08,-1.4995715E-01
7.437114E-08,-1.4995715E-01
7.442114E-08,-1.4995715E-01
7.447114E-08,-1.4990444E-01
7.452114E-08,-1.4990444E-01
7.457114E-08,-1.4990444E-01
7.462114E-08,-1.4990444E-01
7.467114E-08,-1.4990444E-01
7.472114E-08,-1.4990444E-01
7.477114E-08,-1.4990444E-01
7.482114E-08,-1.4990444E-01
7.487114E-08,-1.4990444E-01
7.492114E-08,-1.4990444E-01
7.497114E-08,-1.4990444E-01
7.502114E-08,-1.4990444E-01
7.507114E-08,-1.4990444E-01
7.512114E-08,-1.4990444E-01
7.517114E-08,-1.4990444E-01
7.522114E-08,-1.4990444E-01
7.527114E-08,-1.4990444E-01
7.532114E-08,-1.4990444E-01
7.537114E-08,-1.4990444E-01
7.542114E-08,-1.4990444E-01
7.547114E-08,-1.4990444E-01
7.552114E-08,-1.4990444E-01
7.557114E-08,-1.4990444E-01
7.562114E-08,-1.4990444E-01
7.567114E-08,-1.4990444E-01
7.572114E-08,-1.4990444E-01
7.577114E-08,-1.4990444E-01
7.582114E-08,-1.4990444E-01
7.587114E-08,-1.4990444E-01
7.592114E-08,-1.4990444E-01
7.597114E-08,-1.4990444E-01
7.602114E-08,-1.4995715E-01
7.607114E-08,-1.4995715E-01
7.612114E-08,-1.4995715E-01
7.617114E-08,-1.5000986E-01
7.622114E-08,-1.5000986E-01
7.627114E-08,-1.5000986E-01
7.632114E-08,-1.5006257E-01
7.637114E-08,-1.5006257E-01
7.642114E-08,-1.5011528E-01
7.647114E-08,-1.5011528E-01
7.652114E-08,-1.5016799E-01
7.657114E-08,-1.5016799E-01
7.662114E-08,-1.5022070E-01
7.667114E-08,-1.5027341E-01
7.672114E-08,-1.5027341E-01
7.677114E-08,-1.5027341E-01
7.682114E-08,-1.5032612E-01
7.687114E-08,-1.5032612E-01
7.692114E-08,-1.5037883E-01
7.697114E-08,-1.5037883E-01
7.702114E-08,-1.5037883E-01
7.707114E-08,-1.5037883E-01
7.712114E-08,-1.5043153E-01
7.717114E-08,-1.5043153E-01
7.722114E-08,-1.5043153E-01
7.727114E-08,-1.5037883E-01
7.732114E-08,-1.5037883E-01
7.737114E-08,-1.5037883E-01
7.742114E-08,-1.5037883E-01
7.747114E-08,-1.5032612E-01
7.752114E-08,-1.5032612E-01
7.757114E-08,-1.5027341E-01
7.762114E-08,-1.5027341E-01
7.767114E-08,-1.5022070E-01
7.772114E-08,-1.5022070E-01
7.777114E-08,-1.5016799E-01
7.782114E-08,-1.5011528E-01
7.787114E-08,-1.5011528E-01
7.792114E-08,-1.5006257E-01
7.797114E-08,-1.5000986E-01
7.802114E-08,-1.5000986E-01
7.807114E-08,-1.4995715E-01
7.812114E-08,-1.4995715E-01
7.817114E-08,-1.4990444E-01
7.822114E-08,-1.4990444E-01
7.827114E-08,-1.4985173E-01
7.832114E-08,-1.4985173E-01
7.837114E-08,-1.4979903E-01
7.842114E-08,-1.4979903E-01
7.847114E-08,-1.4979903E-01
7.852114E-08,-1.4974632E-01
7.857114E-08,-1.4974632E-01
7.862114E-08,-1.4974632E-01
7.867114E-08,-1.4974632E-01
7.872114E-08,-1.4969361E-01
7.877114E-08,-1.4969361E-01
7.882114E-08,-1.4969361E-01
7.887114E-08,-1.4969361E-01
7.892114E-08,-1.4969361E-01
7.897114E-08,-1.4969361E-01
7.902114E-08,-1.4969361E-01
7.907114E-08,-1.4969361E-01
7.912114E-08,-1.4969361E-01
7.917114E-08,-1.4964090E-01
7.922114E-08,-1.4964090E-01
7.927114E-08,-1.4964090E-01
7.932114E-08,-1.4964090E-01
7.937114E-08,-1.4964090E-01
7.942114E-08,-1.4958819E-01
7.947114E-08,-1.4958819E-01
7.952114E-08,-1.4958819E-01
7.957114E-08,-1.4953548E-01
7.962114E-08,-1.4953548E-01
7.967114E-08,-1.4948277E-01
7.972114E-08,-1.4948277E-01
7.977114E-08,-1.4948277E-01
7.982114E-08,-1.4943006E-01
7.987114E-08,-1.4943006E-01
7.992114E-08,-1.4943006E-01
7.997114E-08,-1.4937735E-01
8.002114E-08,-1.4937735E-01
8.007114E-08,-1.4932464E-01
8.012114E-08,-1.4932464E-01
8.017114E-08,-1.4932464E-01
8.022114E-08,-1.4932464E-01
8.027114E-08,-1.4932464E-01
8.032114E-08,-1.4932464E-01
8.037114E-08,-1.4932464E-01
8.042114E-08,-1.4932464E-01
8.047114E-08,-1.4932464E-01
8.052114E-08,-1.4932464E-01
8.057114E-08,-1.4932464E-01
8.062114E-08,-1.4932464E-01
8.067114E-08,-1.4932464E-01
8.072114E-08,-1.4937735E-01
8.077114E-08,-1.4937735E-01
8.082114E-08,-1.4943006E-01
8.087114E-08,-1.4943006E-01
8.092114E-08,-1.4943006E-01
8.097114E-08,-1.4948277E-01
8.102114E-08,-1.4948277E-01
8.107114E-08,-1.4953548E-01
8.112114E-08,-1.4953548E-01
8.117114E-08,-1.4958819E-01
8.122114E-08,-1.4958819E-01
8.127114E-08,-1.4958819E-01
8.132114E-08,-1.4964090E-01
8.137114E-08,-1.4964090E-01
8.142114E-08,-1.4964090E-01
8.147114E-08,-1.4964090E-01
8.152114E-08,-1.4969361E-01
8.157114E-08,-1.4969361E-01
8.162114E-08,-1.4969361E-01
8.167114E-08,-1.4969361E-01
8.172114E-08,-1.4969361E-01
8.177114E-08,-1.4969361E-01
8.182114E-08,-1.4969361E-01
8.187114E-08,-1.4969361E-01
8.192114E-08,-1.4964090E-01
8.197114E-08,-1.4964090E-01
8.202114E-08,-1.4964090E-01
8.207114E-08,-1.4964090E-01
8.212114E-08,-1.4958819E-01
8.217114E-08,-1.4958819E-01
8.222114E-08,-1.4958819E-01
8.227114E-08,-1.4953548E-01
8.232114E-08,-1.4953548E-01
8.237114E-08,-1.4953548E-01
8.242114E-08,-1.4948277E-01
8.247114E-08,-1.4948277E-01
8.252114E-08,-1.4948277E-01
8.257114E-08,-1.4948277E-01
8.262114E-08,-1.4943006E-01
8.267114E-08,-1.4943006E-01
8.272114E-08,-1.4943006E-01
8.277114E-08,-1.4943006E-01
8.282114E-08,-1.4943006E-01
8.287114E-08,-1.4943006E-01
8.292114E-08,-1.4943006E-01
8.297114E-08,-1.4943006E-01
8.302114E-08,-1.4943006E-01
8.307114E-08,-1.4943006E-01
8.312114E-08,-1.4943006E-01
8.317114E-08,-1.4948277E-01
8.322114E-08,-1.4948277E-01
8.327114E-08,-1.4948277E-01
8.332114E-08,-1.4948277E-01
8.337114E-08,-1.4953548E-01
8.342114E-08,-1.4953548E-01
8.347114E-08,-1.4953548E-01
8.352114E-08,-1.4958819E-01
8.357114E-08,-1.4958819E-01
8.362114E-08,-1.4964090E-01
8.367114E-08,-1.4964090E-01
8.372114E-08,-1.4964090E-01
8.377114E-08,-1.4969361E-01
8.382114E-08,-1.4969361E-01
8.387114E-08,-1.4974632E-01
8.392114E-08,-1.4974632E-01
8.397114E-08,-1.4974632E-01
8.402114E-08,-1.4979903E-01
8.407114E-08,-1.4979903E-01
8.412114E-08,-1.4979903E-01
8.417114E-08,-1.4985173E-01
8.422114E-08,-1.4985173E-01
8.427114E-08,-1.4985173E-01
8.432114E-08,-1.4985173E-01
8.437114E-08,-1.4990444E-01
8.442114E-08,-1.4990444E-01
8.447114E-08,-1.4990444E-01
8.452114E-08,-1.4990444E-01
8.457114E-08,-1.4990444E-01
8.462114E-08,-1.4990444E-01
8.467114E-08,-1.4990444E-01
8.472114E-08,-1.4995715E-01
8.477114E-08,-1.4995715E-01
8.482114E-08,-1.4995715E-01
8.487114E-08,-1.4995715E-01
8.492114E-08,-1.4995715E-01
8.497114E-08,-1.4995715E-01
8.502114E-08,-1.4995715E-01
8.507114E-08,-1.4995715E-01
8.512114E-08,-1.4995715E-01
8.517114E-08,-1.4995715E-01
8.522114E-08,-1.4995715E-01
8.527114E-08,-1.4995715E-01
8.532114E-08,-1.5000986E-01
8.537114E-08,-1.5000986E-01
8.542114E-08,-1.5000986E-01
8.547114E-08,-1.5000986E-01
8.552114E-08,-1.5000986E-01
8.557114E-08,-1.5000986E-01
8.562114E-08,-1.5000986E-01
8.567114E-08,-1.5000986E-01
8.572114E-08,-1.5000986E-01
8.577114E-08,-1.5000986E-01
8.582114E-08,-1.5000986E-01
8.587114E-08,-1.5000986E-01
8.592114E-08,-1.5000986E-01
8.597114E-08,-1.5000986E-01
8.602114E-08,-1.4995715E-01
8.607114E-08,-1.4995715E-01
8.612114E-08,-1.4995715E-01
8.617114E-08,-1.4995715E-01
8.622114E-08,-1.4995715E-01
8.627114E-08,-1.4995715E-01
8.632114E-08,-1.4990444E-01
8.637114E-08,-1.4990444E-01
8.642114E-08,-1.4990444E-01
8.647114E-08,-1.4985173E-01
8.652114E-08,-1.4985173E-01
8.657114E-08,-1.4979903E-01
8.662114E-08,-1.4979903E-01
8.667114E-08,-1.4974632E-01
8.672114E-08,-1.4974632E-01
8.677114E-08,-1.4969361E-01
8.682114E-08,-1.4969361E-01
8.687114E-08,-1.4964090E-01
8.692114E-08,-1.4958819E-01
8.697114E-08,-1.4953548E-01
8.702114E-08,-1.4953548E-01
8.707114E-08,-1.4948277E-01
8.712114E-08,-1.4943006E-01
8.717114E-08,-1.4937735E-01
8.722114E-08,-1.4932464E-01
8.727114E-08,-1.4927194E-01
8.732114E-08,-1.4927194E-01
8.737114E-08,-1.4921923E-01
8.742114E-08,-1.4916652E-01
8.747114E-08,-1.4911381E-01
8.752114E-08,-1.4906110E-01
8.757114E-08,-1.4900839E-01
8.762114E-08,-1.4895568E-01
8.767114E-08,-1.4890297E-01
8.772114E-08,-1.4890297E-01
8.777114E-08,-1.4885026E-01
8.782114E-08,-1.4879755E-01
8.787114E-08,-1.4874485E-01
8.792114E-08,-1.4874485E-01
8.797114E-08,-1.4869214E-01
8.802114E-08,-1.4869214E-01
8.807114E-08,-1.4863943E-01
8.812114E-08,-1.4863943E-01
8.817114E-08,-1.4858672E-01
8.822114E-08,-1.4858672E-01
8.827114E-08,-1.4858672E-01
8.832114E-08,-1.4858672E-01
8.837114E-08,-1.4858672E-01
8.842114E-08,-1.4858672E-01
8.847114E-08,-1.4858672E-01
8.852114E-08,-1.4858672E-01
8.857114E-08,-1.4858672E-01
8.862114E-08,-1.4863943E-01
8.867114E-08,-1.4863943E-01
8.872114E-08,-1.4869214E-01
8.877114E-08,-1.4874485E-01
8.882114E-08,-1.4874485E-01
8.887114E-08,-1.4879755E-01
8.892114E-08,-1.4885026E-01
8.897114E-08,-1.4890297E-01
8.902114E-08,-1.4895568E-01
8.907114E-08,-1.4900839E-01
8.912114E-08,-1.4906110E-01
8.917114E-08,-1.4916652E-01
8.922114E-08,-1.4921923E-01
8.927114E-08,-1.4927194E-01
8.932114E-08,-1.4932464E-01
8.937114E-08,-1.4937735E-01
8.942114E-08,-1.4948277E-01
8.947114E-08,-1.4953548E-01
8.952114E-08,-1.4958819E-01
8.957114E-08,-1.4964090E-01
8.962114E-08,-1.4969361E-01
8.967114E-08,-1.4974632E-01
8.972114E-08,-1.4979903E-01
8.977114E-08,-1.4985173E-01
8.982114E-08,-1.4985173E-01
8.987114E-08,-1.4990444E-01
8.992114E-08,-1.4995715E-01
8.997114E-08,-1.4995715E-01
9.002114E-08,-1.5000986E-01
9.007114E-08,-1.5000986E-01
9.012114E-08,-1.5000986E-01
9.017114E-08,-1.5000986E-01
9.022114E-08,-1.5000986E-01
9.027114E-08,-1.5000986E-01
9.032114E-08,-1.5000986E-01
9.037114E-08,-1.5000986E-01
9.042114E-08,-1.5000986E-01
9.047114E-08,-1.5000986E-01
9.052114E-08,-1.5000986E-01
9.057114E-08,-1.5000986E-01
9.062114E-08,-1.4995715E-01
9.067114E-08,-1.4995715E-01
9.072114E-08,-1.4995715E-01
9.077114E-08,-1.4990444E-01
9.082114E-08,-1.4990444E-01
9.087114E-08,-1.4990444E-01
9.092114E-08,-1.4990444E-01
9.097114E-08,-1.4990444E-01
9.102114E-08,-1.4985173E-01
9.107114E-08,-1.4985173E-01
9.112114E-08,-1.4985173E-01
9.117114E-08,-1.4985173E-01
9.122114E-08,-1.4990444E-01
9.127114E-08,-1.4990444E-01
9.132114E-08,-1.4990444E-01
9.137114E-08,-1.4990444E-01
9.142114E-08,-1.4990444E-01
9.147114E-08,-1.4995715E-01
9.152114E-08,-1.4995715E-01
9.157114E-08,-1.5000986E-01
9.162114E-08,-1.5000986E-01
9.167114E-08,-1.5006257E-01
9.172114E-08,-1.5006257E-01
9.177114E-08,-1.5011528E-01
9.182114E-08,-1.5016799E-01
9.187114E-08,-1.5016799E-01
9.192114E-08,-1.5022070E-01
9.197114E-08,-1.5022070E-01
9.202114E-08,-1.5027341E-01
9.207114E-08,-1.5032612E-01
9.212114E-08,-1.5032612E-01
9.217114E-08,-1.5037883E-01
9.222114E-08,-1.5043153E-01
9.227114E-08,-1.5043153E-01
9.232114E-08,-1.5043153E-01
9.237114E-08,-1.5048424E-01
9.242114E-08,-1.5048424E-01
9.247114E-08,-1.5053695E-01
9.252114E-08,-1.5053695E-01
9.257114E-08,-1.5053695E-01
9.262114E-08,-1.5053695E-01
9.267114E-08,-1.5053695E-01
9.272114E-08,-1.5053695E-01
9.277114E-08,-1.5053695E-01
9.282114E-08,-1.5053695E-01
9.287114E-08,-1.5053695E-01
9.292114E-08,-1.5048424E-01
9.297114E-08,-1.5048424E-01
9.302114E-08,-1.5043153E-01
9.307114E-08,-1.5043153E-01
9.312114E-08,-1.5037883E-01
9.317114E-08,-1.5032612E-01
9.322114E-08,-1.5027341E-01
9.327114E-08,-1.5027341E-01
9.332114E-08,-1.5022070E-01
9.337114E-08,-1.5016799E-01
9.342114E-08,-1.5011528E-01
9.347114E-08,-1.5006257E-01
9.352114E-08,-1.5000986E-01
9.357114E-08,-1.4990444E-01
9.362114E-08,-1.4985173E-01
9.367114E-08,-1.4979903E-01
9.372114E-08,-1.4974632E-01
9.377114E-08,-1.4969361E-01
9.382114E-08,-1.4964090E-01
9.387114E-08,-1.4958819E-01
9.392114E-08,-1.4953548E-01
9.397114E-08,-1.4948277E-01
9.402114E-08,-1.4943006E-01
9.407114E-08,-1.4937735E-01
9.412114E-08,-1.4932464E-01
9.417114E-08,-1.4927194E-01
9.422114E-08,-1.4927194E-01
9.427114E-08,-1.4921923E-01
9.432114E-08,-1.4916652E-01
9.437114E-08,-1.4916652E-01
9.442114E-08,-1.4916652E-01
9.447114E-08,-1.4911381E-01
9.452114E-08,-1.4911381E-01
9.457114E-08,-1.4911381E-01
9.462114E-08,-1.4911381E-01
9.467114E-08,-1.4911381E-01
9.472114E-08,-1.4911381E-01
9.477114E-08,-1.4911381E-01
9.482114E-08,-1.4911381E-01
9.487114E-08,-1.4911381E-01
9.492114E-08,-1.4916652E-01
9.497114E-08,-1.4916652E-01
9.502114E-08,-1.4916652E-01
9.507114E-08,-1.4921923E-01
9.512114E-08,-1.4921923E-01
9.517114E-08,-1.4927194E-01
9.522114E-08,-1.4927194E-01
9.527114E-08,-1.4927194E-01
9.532114E-08,-1.4932464E-01
9.537114E-08,-1.4932464E-01
9.542114E-08,-1.4932464E-01
9.547114E-08,-1.4937735E-01
9.552114E-08,-1.4937735E-01
9.557114E-08,-1.4937735E-01
9.562114E-08,-1.4937735E-01
9.567114E-08,-1.4937735E-01
9.572114E-08,-1.4937735E-01
9.577114E-08,-1.4937735E-01
9.582114E-08,-1.4932464E-01
9.587114E-08,-1.4932464E-01
9.592114E-08,-1.4932464E-01
9.597114E-08,-1.4927194E-01
9.602114E-08,-1.4927194E-01
9.607114E-08,-1.4927194E-01
9.612114E-08,-1.4921923E-01
9.617114E-08,-1.4921923E-01
9.622114E-08,-1.4916652E-01
9.627114E-08,-1.4916652E-01
9.632114E-08,-1.4911381E-01
9.637114E-08,-1.4906110E-01
9.642114E-08,-1.4906110E-01
9.647114E-08,-1.4900839E-01
9.652114E-08,-1.4900839E-01
9.657114E-08,-1.4900839E-01
9.662114E-08,-1.4895568E-01
9.667114E-08,-1.4895568E-01
9.672114E-08,-1.4895568E-01
9.677114E-08,-1.4895568E-01
9.682114E-08,-1.4895568E-01
9.687114E-08,-1.4895568E-01
9.692114E-08,-1.4895568E-01
9.697114E-08,-1.4895568E-01
9.702114E-08,-1.4900839E-01
9.707114E-08,-1.4900839E-01
9.712114E-08,-1.4906110E-01
9.717114E-08,-1.4906110E-01
9.722114E-08,-1.4911381E-01
9.727114E-08,-1.4911381E-01
9.732114E-08,-1.4916652E-01
9.737114E-08,-1.4921923E-01
9.742114E-08,-1.4927194E-01
9.747114E-08,-1.4927194E-01
9.752114E-08,-1.4932464E-01
9.757114E-08,-1.4937735E-01
9.762114E-08,-1.4943006E-01
9.767114E-08,-1.4948277E-01
9.772114E-08,-1.4953548E-01
9.777114E-08,-1.4953548E-01
9.782114E-08,-1.4958819E-01
9.787114E-08,-1.4964090E-01
9.792114E-08,-1.4964090E-01
9.797114E-08,-1.4969361E-01
9.802114E-08,-1.4969361E-01
9.807114E-08,-1.4974632E-01
9.812114E-08,-1.4974632E-01
9.817114E-08,-1.4974632E-01
9.822114E-08,-1.4979903E-01
9.827114E-08,-1.4979903E-01
9.832114E-08,-1.4979903E-01
9.837114E-08,-1.4979903E-01
9.842114E-08,-1.4979903E-01
9.847114E-08,-1.4979903E-01
9.852114E-08,-1.4974632E-01
9.857114E-08,-1.4974632E-01
9.862114E-08,-1.4974632E-01
9.867114E-08,-1.4974632E-01
9.872114E-08,-1.4969361E-01
9.877114E-08,-1.4969361E-01
9.882114E-08,-1.4964090E-01
9.887114E-08,-1.4964090E-01
9.892114E-08,-1.4958819E-01
9.897114E-08,-1.4958819E-01
9.902114E-08,-1.4958819E-01
9.907114E-08,-1.4953548E-01
9.912114E-08,-1.4953548E-01
9.917114E-08,-1.4953548E-01
9.922114E-08,-1.4948277E-01
9.927114E-08,-1.4948277E-01
9.932114E-08,-1.4948277E-01
9.937114E-08,-1.4948277E-01
9.942114E-08,-1.4943006E-01
9.947114E-08,-1.4943006E-01
9.952114E-08,-1.4943006E-01
9.957114E-08,-1.4943006E-01
9.962114E-08,-1.4943006E-01
9.967114E-08,-1.4943006E-01
9.972114E-08,-1.4943006E-01
9.977114E-08,-1.4943006E-01
9.982114E-08,-1.4943006E-01
9.987114E-08,-1.4943006E-01
9.992114E-08,-1.4943006E-01
9.997114E-08,-1.4943006E-01
1.0002114E-07,-1.4943006E-01
1.0007114E-07,-1.4948277E-01
1.0012114E-07,-1.4948277E-01
1.0017114E-07,-1.4948277E-01
1.0022114E-07,-1.4948277E-01
1.0027114E-07,-1.4948277E-01
1.0032114E-07,-1.4948277E-01
1.0037114E-07,-1.4943006E-01
1.0042114E-07,-1.4943006E-01
1.0047114E-07,-1.4943006E-01
1.0052114E-07,-1.4943006E-01
1.0057114E-07,-1.4943006E-01
1.0062114E-07,-1.4943006E-01
1.0067114E-07,-1.4937735E-01
1.0072114E-07,-1.4937735E-01
1.0077114E-07,-1.4932464E-01
1.0082114E-07,-1.4932464E-01
1.0087114E-07,-1.4927194E-01
1.0092114E-07,-1.4927194E-01
1.0097114E-07,-1.4921923E-01
1.0102114E-07,-1.4921923E-01
1.0107114E-07,-1.4916652E-01
1.0112114E-07,-1.4911381E-01
1.0117114E-07,-1.4911381E-01
1.0122114E-07,-1.4906110E-01
1.0127114E-07,-1.4900839E-01
1.0132114E-07,-1.4895568E-01
1.0137114E-07,-1.4895568E-01
1.0142114E-07,-1.4890297E-01
1.0147114E-07,-1.4885026E-01
1.0152114E-07,-1.4885026E-01
1.0157114E-07,-1.4879755E-01
1.0162114E-07,-1.4879755E-01
1.0167114E-07,-1.4874485E-01
1.0172114E-07,-1.4874485E-01
1.0177114E-07,-1.4874485E-01
1.0182114E-07,-1.4869214E-01
1.0187114E-07,-1.4869214E-01
1.0192114E-07,-1.4869214E-01
1.0197114E-07,-1.4869214E-01
1.0202114E-07,-1.4869214E-01
1.0207114E-07,-1.4869214E-01
1.0212114E-07,-1.4869214E-01
1.0217114E-07,-1.4874485E-01
1.0222114E-07,-1.4874485E-01
1.0227114E-07,-1.4879755E-01
1.0232114E-07,-1.4879755E-01
1.0237114E-07,-1.4885026E-01
1.0242114E-07,-1.4885026E-01
1.0247114E-07,-1.4890297E-01
1.0252114E-07,-1.4895568E-01
1.0257114E-07,-1.4900839E-01
1.0262114E-07,-1.4906110E-01
1.0267114E-07,-1.4911381E-01
1.0272114E-07,-1.4916652E-01
1.0277114E-07,-1.4921923E-01
1.0282114E-07,-1.4927194E-01
1.0287114E-07,-1.4932464E-01
1.0292114E-07,-1.4937735E-01
1.0297114E-07,-1.4943006E-01
1.0302114E-07,-1.4948277E-01
1.0307114E-07,-1.4953548E-01
1.0312114E-07,-1.4958819E-01
1.0317114E-07,-1.4964090E-01
1.0322114E-07,-1.4964090E-01
1.0327114E-07,-1.4969361E-01
1.0332114E-07,-1.4974632E-01
1.0337114E-07,-1.4974632E-01
1.0342114E-07,-1.4979903E-01
1.0347114E-07,-1.4979903E-01
1.0352114E-07,-1.4979903E-01
1.0357114E-07,-1.4985173E-01
1.0362114E-07,-1.4985173E-01
1.0367114E-07,-1.4985173E-01
1.0372114E-07,-1.4985173E-01
1.0377114E-07,-1.4985173E-01
1.0382114E-07,-1.4979903E-01
1.0387114E-07,-1.4979903E-01
1.0392114E-07,-1.4979903E-01
1.0397114E-07,-1.4979903E-01
1.0402114E-07,-1.4974632E-01
1.0407114E-07,-1.4974632E-01
1.0412114E-07,-1.4969361E-01
1.0417114E-07,-1.4969361E-01
1.0422114E-07,-1.4964090E-01
1.0427114E-07,-1.4964090E-01
1.0432114E-07,-1.4958819E-01
1.0437114E-07,-1.4953548E-01
1.0442114E-07,-1.4953548E-01
1.0447114E-07,-1.4948277E-01
1.0452114E-07,-1.4948277E-01
1.0457114E-07,-1.4943006E-01
1.0462114E-07,-1.4943006E-01
1.0467114E-07,-1.4943006E-01
1.0472114E-07,-1.4937735E-01
1.0477114E-07,-1.4937735E-01
1.0482114E-07,-1.4932464E-01
1.0487114E-07,-1.4932464E-01
1.0492114E-07,-1.4932464E-01
1.0497114E-07,-1.4932464E-01
1.0502114E-07,-1.4932464E-01
1.0507114E-07,-1.4932464E-01
1.0512114E-07,-1.4932464E-01
1.0517114E-07,-1.4932464E-01
1.0522114E-07,-1.4932464E-01
1.0527114E-07,-1.4932464E-01
1.0532114E-07,-1.4932464E-01
1.0537114E-07,-1.4932464E-01
1.0542114E-07,-1.4932464E-01
1.0547114E-07,-1.4937735E-01
1.0552114E-07,-1.4937735E-01
1.0557114E-07,-1.4937735E-01
1.0562114E-07,-1.4943006E-01
1.0567114E-07,-1.4943006E-01
1.0572114E-07,-1.4943006E-01
1.0577114E-07,-1.4948277E-01
1.0582114E-07,-1.4948277E-01
1.0587114E-07,-1.4953548E-01
1.0592114E-07,-1.4953548E-01
1.0597114E-07,-1.4958819E-01
1.0602114E-07,-1.4958819E-01
1.0607114E-07,-1.4964090E-01
1.0612114E-07,-1.4964090E-01
1.0617114E-07,-1.4969361E-01
1.0622114E-07,-1.4969361E-01
1.0627114E-07,-1.4974632E-01
1.0632114E-07,-1.4974632E-01
1.0637114E-07,-1.4979903E-01
1.0642114E-07,-1.4979903E-01
1.0647114E-07,-1.4985173E-01
1.0652114E-07,-1.4985173E-01
1.0657114E-07,-1.4990444E-01
1.0662114E-07,-1.4990444E-01
1.0667114E-07,-1.4995715E-01
1.0672114E-07,-1.4995715E-01
1.0677114E-07,-1.5000986E-01
1.0682114E-07,-1.5000986E-01
1.0687114E-07,-1.5000986E-01
1.0692114E-07,-1.5000986E-01
1.0697114E-07,-1.5000986E-01
1.0702114E-07,-1.5000986E-01
1.0707114E-07,-1.5000986E-01
1.0712114E-07,-1.5000986E-01
1.0717114E-07,-1.5000986E-01
1.0722114E-07,-1.5000986E-01
1.0727114E-07,-1.5000986E-01
1.0732114E-07,-1.4995715E-01
1.0737114E-07,-1.4995715E-01
1.0742114E-07,-1.4995715E-01
1.0747114E-07,-1.4990444E-01
1.0752114E-07,-1.4985173E-01
1.0757114E-07,-1.4985173E-01
1.0762114E-07,-1.4979903E-01
1.0767114E-07,-1.4974632E-01
1.0772114E-07,-1.4969361E-01
1.0777114E-07,-1.4969361E-01
1.0782114E-07,-1.4964090E-01
1.0787114E-07,-1.4958819E-01
1.0792114E-07,-1.4953548E-01
1.0797114E-07,-1.4948277E-01
1.0802114E-07,-1.4943006E-01
1.0807114E-07,-1.4937735E-01
1.0812114E-07,-1.4932464E-01
1.0817114E-07,-1.4927194E-01
1.0822114E-07,-1.4921923E-01
1.0827114E-07,-1.4916652E-01
1.0832114E-07,-1.4911381E-01
1.0837114E-07,-1.4911381E-01
1.0842114E-07,-1.4906110E-01
1.0847114E-07,-1.4900839E-01
1.0852114E-07,-1.4900839E-01
1.0857114E-07,-1.4895568E-01
1.0862114E-07,-1.4895568E-01
1.0867114E-07,-1.4890297E-01
1.0872114E-07,-1.4890297E-01
1.0877114E-07,-1.4885026E-01
1.0882114E-07,-1.4885026E-01
1.0887114E-07,-1.4885026E-01
1.0892114E-07,-1.4885026E-01
1.0897114E-07,-1.4885026E-01
1.0902114E-07,-1.4885026E-01
1.0907114E-07,-1.4885026E-01
1.0912114E-07,-1.4885026E-01
1.0917114E-07,-1.4885026E-01
1.0922114E-07,-1.4885026E-01
1.0927114E-07,-1.4885026E-01
1.0932114E-07,-1.4885026E-01
1.0937114E-07,-1.4885026E-01
1.0942114E-07,-1.4890297E-01
1.0947114E-07,-1.4890297E-01
1.0952114E-07,-1.4890297E-01
1.0957114E-07,-1.4890297E-01
1.0962114E-07,-1.4895568E-01
1.0967114E-07,-1.4895568E-01
1.0972114E-07,-1.4895568E-01
1.0977114E-07,-1.4895568E-01
1.0982114E-07,-1.4900839E-01
1.0987114E-07,-1.4900839E-01
1.0992114E-07,-1.4900839E-01
1.0997114E-07,-1.4906110E-01
1.1002114E-07,-1.4906110E-01
1.1007114E-07,-1.4906110E-01
1.1012114E-07,-1.4911381E-01
1.1017114E-07,-1.4911381E-01
1.1022114E-07,-1.4911381E-01
1.1027114E-07,-1.4916652E-01
1.1032114E-07,-1.4916652E-01
1.1037114E-07,-1.4916652E-01
1.1042114E-07,-1.4921923E-01
1.1047114E-07,-1.4921923E-01
1.1052114E-07,-1.4921923E-01
1.1057114E-07,-1.4927194E-01
1.1062114E-07,-1.4927194E-01
1.1067114E-07,-1.4927194E-01
1.1072114E-07,-1.4927194E-01
1.1077114E-07,-1.4932464E-01
1.1082114E-07,-1.4932464E-01
1.1087114E-07,-1.4932464E-01
1.1092114E-07,-1.4932464E-01
1.1097114E-07,-1.4932464E-01
1.1102114E-07,-1.4932464E-01
1.1107114E-07,-1.4932464E-01
1.1112114E-07,-1.4932464E-01
1.1117114E-07,-1.4932464E-01
1.1122114E-07,-1.4932464E-01
1.1127114E-07,-1.4932464E-01
1.1132114E-07,-1.4932464E-01
1.1137114E-07,-1.4932464E-01
1.1142114E-07,-1.4932464E-01
1.1147114E-07,-1.4927194E-01
1.1152114E-07,-1.4927194E-01
1.1157114E-07,-1.4927194E-01
1.1162114E-07,-1.4921923E-01
1.1167114E-07,-1.4921923E-01
1.1172114E-07,-1.4916652E-01
1.1177114E-07,-1.4916652E-01
1.1182114E-07,-1.4916652E-01
1.1187114E-07,-1.4911381E-01
1.1192114E-07,-1.4911381E-01
1.1197114E-07,-1.4906110E-01
1.1202114E-07,-1.4906110E-01
1.1207114E-07,-1.4906110E-01
1.1212114E-07,-1.4900839E-01
1.1217114E-07,-1.4900839E-01
1.1222114E-07,-1.4900839E-01
1.1227114E-07,-1.4895568E-01
1.1232114E-07,-1.4895568E-01
1.1237114E-07,-1.4895568E-01
1.1242114E-07,-1.4895568E-01
1.1247114E-07,-1.4895568E-01
1.1252114E-07,-1.4895568E-01
1.1257114E-07,-1.4895568E-01
1.1262114E-07,-1.4895568E-01
1.1267114E-07,-1.4895568E-01
1.1272114E-07,-1.4895568E-01
1.1277114E-07,-1.4895568E-01
1.1282114E-07,-1.4900839E-01
1.1287114E-07,-1.4900839E-01
1.1292114E-07,-1.4900839E-01
1.1297114E-07,-1.4900839E-01
1.1302114E-07,-1.4906110E-01
1.1307114E-07,-1.4906110E-01
1.1312114E-07,-1.4906110E-01
1.1317114E-07,-1.4911381E-01
1.1322114E-07,-1.4911381E-01
1.1327114E-07,-1.4911381E-01
1.1332114E-07,-1.4916652E-01
1.1337114E-07,-1.4916652E-01
1.1342114E-07,-1.4921923E-01
1.1347114E-07,-1.4921923E-01
1.1352114E-07,-1.4921923E-01
1.1357114E-07,-1.4921923E-01
1.1362114E-07,-1.4927194E-01
1.1367114E-07,-1.4927194E-01
1.1372114E-07,-1.4927194E-01
1.1377114E-07,-1.4932464E-01
1.1382114E-07,-1.4932464E-01
1.1387114E-07,-1.4932464E-01
1.1392114E-07,-1.4932464E-01
1.1397114E-07,-1.4932464E-01
1.1402114E-07,-1.4937735E-01
1.1407114E-07,-1.4937735E-01
1.1412114E-07,-1.4937735E-01
1.1417114E-07,-1.4937735E-01
1.1422114E-07,-1.4937735E-01
1.1427114E-07,-1.4937735E-01
1.1432114E-07,-1.4937735E-01
1.1437114E-07,-1.4937735E-01
1.1442114E-07,-1.4937735E-01
1.1447114E-07,-1.4937735E-01
1.1452114E-07,-1.4932464E-01
1.1457114E-07,-1.4932464E-01
1.1462114E-07,-1.4932464E-01
1.1467114E-07,-1.4927194E-01
1.1472114E-07,-1.4927194E-01
1.1477114E-07,-1.4927194E-01
1.1482114E-07,-1.4921923E-01
1.1487114E-07,-1.4921923E-01
1.1492114E-07,-1.4916652E-01
1.1497114E-07,-1.4911381E-01
1.1502114E-07,-1.4911381E-01
1.1507114E-07,-1.4906110E-01
1.1512114E-07,-1.4900839E-01
1.1517114E-07,-1.4895568E-01
1.1522114E-07,-1.4895568E-01
1.1527114E-07,-1.4890297E-01
1.1532114E-07,-1.4885026E-01
1.1537114E-07,-1.4879755E-01
1.1542114E-07,-1.4879755E-01
1.1547114E-07,-1.4874485E-01
1.1552114E-07,-1.4869214E-01
1.1557114E-07,-1.4863943E-01
1.1562114E-07,-1.4863943E-01
1.1567114E-07,-1.4858672E-01
1.1572114E-07,-1.4858672E-01
1.1577114E-07,-1.4858672E-01
1.1582114E-07,-1.4853401E-01
1.1587114E-07,-1.4853401E-01
1.1592114E-07,-1.4853401E-01
1.1597114E-07,-1.4858672E-01
1.1602114E-07,-1.4858672E-01
1.1607114E-07,-1.4858672E-01
1.1612114E-07,-1.4863943E-01
1.1617114E-07,-1.4863943E-01
1.1622114E-07,-1.4869214E-01
1.1627114E-07,-1.4869214E-01
1.1632114E-07,-1.4874485E-01
1.1637114E-07,-1.4879755E-01
1.1642114E-07,-1.4885026E-01
1.1647114E-07,-1.4890297E-01
1.1652114E-07,-1.4895568E-01
1.1657114E-07,-1.4900839E-01
1.1662114E-07,-1.4906110E-01
1.1667114E-07,-1.4911381E-01
1.1672114E-07,-1.4916652E-01
1.1677114E-07,-1.4921923E-01
1.1682114E-07,-1.4927194E-01
1.1687114E-07,-1.4932464E-01
1.1692114E-07,-1.4932464E-01
1.1697114E-07,-1.4937735E-01
1.1702114E-07,-1.4937735E-01
1.1707114E-07,-1.4943006E-01
1.1712114E-07,-1.4943006E-01
1.1717114E-07,-1.4943006E-01
1.1722114E-07,-1.4943006E-01
1.1727114E-07,-1.4943006E-01
1.1732114E-07,-1.4937735E-01
1.1737114E-07,-1.4937735E-01
1.1742114E-07,-1.4932464E-01
1.1747114E-07,-1.4932464E-01
1.1752114E-07,-1.4927194E-01
1.1757114E-07,-1.4921923E-01
1.1762114E-07,-1.4916652E-01
1.1767114E-07,-1.4911381E-01
1.1772114E-07,-1.4906110E-01
1.1777114E-07,-1.4906110E-01
1.1782114E-07,-1.4900839E-01
1.1787114E-07,-1.4895568E-01
1.1792114E-07,-1.4890297E-01
1.1797114E-07,-1.4890297E-01
1.1802114E-07,-1.4885026E-01
1.1807114E-07,-1.4885026E-01
1.1812114E-07,-1.4879755E-01
1.1817114E-07,-1.4879755E-01
1.1822114E-07,-1.4879755E-01
1.1827114E-07,-1.4879755E-01
1.1832114E-07,-1.4885026E-01
1.1837114E-07,-1.4885026E-01
1.1842114E-07,-1.4890297E-01
1.1847114E-07,-1.4890297E-01
1.1852114E-07,-1.4895568E-01
1.1857114E-07,-1.4900839E-01
1.1862114E-07,-1.4906110E-01
1.1867114E-07,-1.4911381E-01
1.1872114E-07,-1.4921923E-01
1.1877114E-07,-1.4927194E-01
1.1882114E-07,-1.4932464E-01
1.1887114E-07,-1.4937735E-01
1.1892114E-07,-1.4948277E-01
1.1897114E-07,-1.4953548E-01
1.1902114E-07,-1.4958819E-01
1.1907114E-07,-1.4964090E-01
1.1912114E-07,-1.4969361E-01
1.1917114E-07,-1.4974632E-01
1.1922114E-07,-1.4974632E-01
1.1927114E-07,-1.4979903E-01
1.1932114E-07,-1.4979903E-01
1.1937114E-07,-1.4979903E-01
1.1942114E-07,-1.4979903E-01
1.1947114E-07,-1.4979903E-01
1.1952114E-07,-1.4979903E-01
1.1957114E-07,-1.4974632E-01
1.1962114E-07,-1.4969361E-01
1.1967114E-07,-1.4964090E-01
1.1972114E-07,-1.4958819E-01
1.1977114E-07,-1.4953548E-01
1.1982114E-07,-1.4948277E-01
1.1987114E-07,-1.4943006E-01
1.1992114E-07,-1.4937735E-01
1.1997114E-07,-1.4927194E-01
1.2002114E-07,-1.4921923E-01
1.2007114E-07,-1.4916652E-01
1.2012114E-07,-1.4906110E-01
1.2017114E-07,-1.4900839E-01
1.2022114E-07,-1.4895568E-01
1.2027114E-07,-1.4890297E-01
1.2032114E-07,-1.4885026E-01
1.2037114E-07,-1.4879755E-01
1.2042114E-07,-1.4874485E-01
1.2047114E-07,-1.4869214E-01
1.2052114E-07,-1.4869214E-01
1.2057114E-07,-1.4869214E-01
1.2062114E-07,-1.4863943E-01
1.2067114E-07,-1.4863943E-01
1.2072114E-07,-1.4863943E-01
1.2077114E-07,-1.4863943E-01
1.2082114E-07,-1.4863943E-01
1.2087114E-07,-1.4863943E-01
1.2092114E-07,-1.4863943E-01
1.2097114E-07,-1.4869214E-01
1.2102114E-07,-1.4869214E-01
1.2107114E-07,-1.4869214E-01
1.2112114E-07,-1.4869214E-01
1.2117114E-07,-1.4874485E-01
1.2122114E-07,-1.4874485E-01
1.2127114E-07,-1.4874485E-01
1.2132114E-07,-1.4874485E-01
1.2137114E-07,-1.4874485E-01
1.2142114E-07,-1.4874485E-01
1.2147114E-07,-1.4869214E-01
1.2152114E-07,-1.4869214E-01
1.2157114E-07,-1.4869214E-01
1.2162114E-07,-1.4863943E-01
1.2167114E-07,-1.4858672E-01
1.2172114E-07,-1.4853401E-01
1.2177114E-07,-1.4853401E-01
1.2182114E-07,-1.4848130E-01
1.2187114E-07,-1.4842859E-01
1.2192114E-07,-1.4837588E-01
1.2197114E-07,-1.4827046E-01
1.2202114E-07,-1.4821776E-01
1.2207114E-07,-1.4816505E-01
1.2212114E-07,-1.4811234E-01
1.2217114E-07,-1.4805963E-01
1.2222114E-07,-1.4800692E-01
1.2227114E-07,-1.4795421E-01
1.2232114E-07,-1.4790150E-01
1.2237114E-07,-1.4790150E-01
1.2242114E-07,-1.4784879E-01
1.2247114E-07,-1.4784879E-01
1.2252114E-07,-1.4779608E-01
1.2257114E-07,-1.4779608E-01
1.2262114E-07,-1.4779608E-01
1.2267114E-07,-1.4779608E-01
1.2272114E-07,-1.4779608E-01
1.2277114E-07,-1.4784879E-01
1.2282114E-07,-1.4784879E-01
1.2287114E-07,-1.4790150E-01
1.2292114E-07,-1.4795421E-01
1.2297114E-07,-1.4795421E-01
1.2302114E-07,-1.4800692E-01
1.2307114E-07,-1.4805963E-01
1.2312114E-07,-1.4811234E-01
1.2317114E-07,-1.4816505E-01
1.2322114E-07,-1.4827046E-01
1.2327114E-07,-1.4832317E-01
1.2332114E-07,-1.4837588E-01
1.2337114E-07,-1.4842859E-01
1.2342114E-07,-1.4848130E-01
1.2347114E-07,-1.4853401E-01
1.2352114E-07,-1.4853401E-01
1.2357114E-07,-1.4858672E-01
1.2362114E-07,-1.4863943E-01
1.2367114E-07,-1.4863943E-01
1.2372114E-07,-1.4869214E-01
1.2377114E-07,-1.4869214E-01
1.2382114E-07,-1.4869214E-01
1.2387114E-07,-1.4869214E-01
1.2392114E-07,-1.4869214E-01
1.2397114E-07,-1.4869214E-01
1.2402114E-07,-1.4869214E-01
1.2407114E-07,-1.4869214E-01
1.2412114E-07,-1.4863943E-01
1.2417114E-07,-1.4863943E-01
1.2422114E-07,-1.4863943E-01
1.2427114E-07,-1.4858672E-01
1.2432114E-07,-1.4858672E-01
1.2437114E-07,-1.4853401E-01
1.2442114E-07,-1.4853401E-01
1.2447114E-07,-1.4853401E-01
1.2452114E-07,-1.4848130E-01
1.2457114E-07,-1.4848130E-01
1.2462114E-07,-1.4848130E-01
1.2467114E-07,-1.4848130E-01
1.2472114E-07,-1.4848130E-01
1.2477114E-07,-1.4848130E-01
1.2482114E-07,-1.4848130E-01
1.2487114E-07,-1.4848130E-01
1.2492114E-07,-1.4848130E-01
1.2497114E-07,-1.4853401E-01
1.2502114E-07,-1.4853401E-01
1.2507114E-07,-1.4858672E-01
1.2512114E-07,-1.4858672E-01
1.2517114E-07,-1.4863943E-01
1.2522114E-07,-1.4863943E-01
1.2527114E-07,-1.4869214E-01
1.2532114E-07,-1.4874485E-01
1.2537114E-07,-1.4879755E-01
1.2542114E-07,-1.4885026E-01
1.2547114E-07,-1.4885026E-01
1.2552114E-07,-1.4890297E-01
1.2557114E-07,-1.4895568E-01
1.2562114E-07,-1.4900839E-01
1.2567114E-07,-1.4906110E-01
1.2572114E-07,-1.4906110E-01
1.2577114E-07,-1.4911381E-01
1.2582114E-07,-1.4916652E-01
1.2587114E-07,-1.4916652E-01
1.2592114E-07,-1.4921923E-01
1.2597114E-07,-1.4927194E-01
1.2602114E-07,-1.4927194E-01
1.2607114E-07,-1.4932464E-01
1.2612114E-07,-1.4932464E-01
1.2617114E-07,-1.4932464E-01
1.2622114E-07,-1.4937735E-01
1.2627114E-07,-1.4937735E-01
1.2632114E-07,-1.4943006E-01
1.2637114E-07,-1.4943006E-01
1.2642114E-07,-1.4948277E-01
1.2647114E-07,-1.4948277E-01
1.2652114E-07,-1.4948277E-01
1.2657114E-07,-1.4953548E-01
1.2662114E-07,-1.4953548E-01
1.2667114E-07,-1.4958819E-01
1.2672114E-07,-1.4958819E-01
1.2677114E-07,-1.4964090E-01
1.2682114E-07,-1.4964090E-01
1.2687114E-07,-1.4969361E-01
1.2692114E-07,-1.4969361E-01
1.2697114E-07,-1.4974632E-01
1.2702114E-07,-1.4974632E-01
1.2707114E-07,-1.4979903E-01
1.2712114E-07,-1.4979903E-01
1.2717114E-07,-1.4985173E-01
1.2722114E-07,-1.4985173E-01
1.2727114E-07,-1.4990444E-01
1.2732114E-07,-1.4990444E-01
1.2737114E-07,-1.4990444E-01
1.2742114E-07,-1.4990444E-01
1.2747114E-07,-1.4990444E-01
1.2752114E-07,-1.4990444E-01
1.2757114E-07,-1.4990444E-01
1.2762114E-07,-1.4990444E-01
1.2767114E-07,-1.4990444E-01
1.2772114E-07,-1.4985173E-01
1.2777114E-07,-1.4985173E-01
1.2782114E-07,-1.4979903E-01
1.2787114E-07,-1.4974632E-01
1.2792114E-07,-1.4974632E-01
1.2797114E-07,-1.4969361E-01
1.2802114E-07,-1.4964090E-01
1.2807114E-07,-1.4958819E-01
1.2812114E-07,-1.4953548E-01
1.2817114E-07,-1.4948277E-01
1.2822114E-07,-1.4937735E-01
1.2827114E-07,-1.4932464E-01
1.2832114E-07,-1.4927194E-01
1.2837114E-07,-1.4921923E-01
1.2842114E-07,-1.4916652E-01
1.2847114E-07,-1.4911381E-01
1.2852114E-07,-1.4906110E-01
1.2857114E-07,-1.4900839E-01
1.2862114E-07,-1.4895568E-01
1.2867114E-07,-1.4895568E-01
1.2872114E-07,-1.4890297E-01
