-7.140505E-08,-1.4937735E-01
-7.135505E-08,-1.4932464E-01
-7.130505E-08,-1.4921923E-01
-7.125505E-08,-1.4916652E-01
-7.120505E-08,-1.4911381E-01
-7.115505E-08,-1.4900839E-01
-7.110505E-08,-1.4895568E-01
-7.105505E-08,-1.4885026E-01
-7.100505E-08,-1.4879755E-01
-7.095505E-08,-1.4869214E-01
-7.090505E-08,-1.4863943E-01
-7.085505E-08,-1.4858672E-01
-7.080505E-08,-1.4853401E-01
-7.075505E-08,-1.4848130E-01
-7.070505E-08,-1.4842859E-01
-7.065505E-08,-1.4837588E-01
-7.060505E-08,-1.4832317E-01
-7.055505E-08,-1.4832317E-01
-7.050505E-08,-1.4832317E-01
-7.045505E-08,-1.4827046E-01
-7.040505E-08,-1.4827046E-01
-7.035505E-08,-1.4827046E-01
-7.030505E-08,-1.4827046E-01
-7.025505E-08,-1.4827046E-01
-7.020505E-08,-1.4832317E-01
-7.015505E-08,-1.4832317E-01
-7.010505E-08,-1.4832317E-01
-7.005505E-08,-1.4837588E-01
-7.000505E-08,-1.4837588E-01
-6.995505E-08,-1.4842859E-01
-6.990505E-08,-1.4848130E-01
-6.985505E-08,-1.4848130E-01
-6.980505E-08,-1.4853401E-01
-6.975505E-08,-1.4853401E-01
-6.970505E-08,-1.4858672E-01
-6.965505E-08,-1.4863943E-01
-6.960505E-08,-1.4863943E-01
-6.955505E-08,-1.4869214E-01
-6.950505E-08,-1.4869214E-01
-6.945505E-08,-1.4874485E-01
-6.940505E-08,-1.4874485E-01
-6.935505E-08,-1.4879755E-01
-6.930505E-08,-1.4879755E-01
-6.925505E-08,-1.4879755E-01
-6.920505E-08,-1.4885026E-01
-6.915505E-08,-1.4885026E-01
-6.910505E-08,-1.4890297E-01
-6.905505E-08,-1.4890297E-01
-6.900505E-08,-1.4890297E-01
-6.895505E-08,-1.4895568E-01
-6.890505E-08,-1.4895568E-01
-6.885505E-08,-1.4900839E-01
-6.880505E-08,-1.4900839E-01
-6.875505E-08,-1.4906110E-01
-6.870505E-08,-1.4906110E-01
-6.865505E-08,-1.4911381E-01
-6.860505E-08,-1.4911381E-01
-6.855505E-08,-1.4916652E-01
-6.850505E-08,-1.4921923E-01
-6.845505E-08,-1.4921923E-01
-6.840505E-08,-1.4927194E-01
-6.835505E-08,-1.4932464E-01
-6.830505E-08,-1.4932464E-01
-6.825505E-08,-1.4937735E-01
-6.820505E-08,-1.4937735E-01
-6.815505E-08,-1.4943006E-01
-6.810505E-08,-1.4943006E-01
-6.805505E-08,-1.4948277E-01
-6.800505E-08,-1.4948277E-01
-6.795505E-08,-1.4953548E-01
-6.790505E-08,-1.4953548E-01
-6.785505E-08,-1.4953548E-01
-6.780505E-08,-1.4953548E-01
-6.775505E-08,-1.4953548E-01
-6.770505E-08,-1.4953548E-01
-6.765505E-08,-1.4953548E-01
-6.760505E-08,-1.4948277E-01
-6.755505E-08,-1.4948277E-01
-6.750505E-08,-1.4943006E-01
-6.745505E-08,-1.4943006E-01
-6.740505E-08,-1.4937735E-01
-6.735505E-08,-1.4937735E-01
-6.730505E-08,-1.4932464E-01
-6.725505E-08,-1.4927194E-01
-6.720505E-08,-1.4921923E-01
-6.715505E-08,-1.4916652E-01
-6.710505E-08,-1.4911381E-01
-6.705505E-08,-1.4911381E-01
-6.700505E-08,-1.4906110E-01
-6.695505E-08,-1.4900839E-01
-6.690505E-08,-1.4895568E-01
-6.685505E-08,-1.4895568E-01
-6.680505E-08,-1.4890297E-01
-6.675505E-08,-1.4885026E-01
-6.670505E-08,-1.4885026E-01
-6.665505E-08,-1.4879755E-01
-6.660505E-08,-1.4879755E-01
-6.655505E-08,-1.4879755E-01
-6.650505E-08,-1.4879755E-01
-6.645505E-08,-1.4879755E-01
-6.640505E-08,-1.4879755E-01
-6.635505E-08,-1.4879755E-01
-6.630505E-08,-1.4879755E-01
-6.625505E-08,-1.4885026E-01
-6.620505E-08,-1.4885026E-01
-6.615505E-08,-1.4885026E-01
-6.610505E-08,-1.4890297E-01
-6.605505E-08,-1.4895568E-01
-6.600505E-08,-1.4895568E-01
-6.595505E-08,-1.4900839E-01
-6.590505E-08,-1.4900839E-01
-6.585505E-08,-1.4906110E-01
-6.580505E-08,-1.4911381E-01
-6.575505E-08,-1.4911381E-01
-6.570505E-08,-1.4916652E-01
-6.565505E-08,-1.4916652E-01
-6.560505E-08,-1.4921923E-01
-6.555505E-08,-1.4921923E-01
-6.550505E-08,-1.4927194E-01
-6.545505E-08,-1.4927194E-01
-6.540505E-08,-1.4932464E-01
-6.535505E-08,-1.4932464E-01
-6.530505E-08,-1.4932464E-01
-6.525505E-08,-1.4932464E-01
-6.520505E-08,-1.4937735E-01
-6.515505E-08,-1.4937735E-01
-6.510505E-08,-1.4937735E-01
-6.505505E-08,-1.4937735E-01
-6.500505E-08,-1.4937735E-01
-6.495505E-08,-1.4937735E-01
-6.490505E-08,-1.4937735E-01
-6.485505E-08,-1.4937735E-01
-6.480505E-08,-1.4937735E-01
-6.475505E-08,-1.4937735E-01
-6.470505E-08,-1.4937735E-01
-6.465505E-08,-1.4937735E-01
-6.460505E-08,-1.4932464E-01
-6.455505E-08,-1.4932464E-01
-6.450505E-08,-1.4932464E-01
-6.445505E-08,-1.4932464E-01
-6.440505E-08,-1.4932464E-01
-6.435505E-08,-1.4932464E-01
-6.430505E-08,-1.4927194E-01
-6.425505E-08,-1.4927194E-01
-6.420505E-08,-1.4927194E-01
-6.415505E-08,-1.4927194E-01
-6.410505E-08,-1.4921923E-01
-6.405505E-08,-1.4921923E-01
-6.400505E-08,-1.4921923E-01
-6.395505E-08,-1.4916652E-01
-6.390505E-08,-1.4916652E-01
-6.385505E-08,-1.4911381E-01
-6.380505E-08,-1.4911381E-01
-6.375505E-08,-1.4906110E-01
-6.370505E-08,-1.4906110E-01
-6.365505E-08,-1.4900839E-01
-6.360505E-08,-1.4895568E-01
-6.355505E-08,-1.4895568E-01
-6.350505E-08,-1.4890297E-01
-6.345505E-08,-1.4890297E-01
-6.340505E-08,-1.4885026E-01
-6.335505E-08,-1.4879755E-01
-6.330505E-08,-1.4879755E-01
-6.325505E-08,-1.4874485E-01
-6.320505E-08,-1.4874485E-01
-6.315505E-08,-1.4869214E-01
-6.310505E-08,-1.4869214E-01
-6.305505E-08,-1.4869214E-01
-6.300505E-08,-1.4869214E-01
-6.295505E-08,-1.4863943E-01
-6.290505E-08,-1.4863943E-01
-6.285505E-08,-1.4863943E-01
-6.280505E-08,-1.4869214E-01
-6.275505E-08,-1.4869214E-01
-6.270505E-08,-1.4869214E-01
-6.265505E-08,-1.4874485E-01
-6.260505E-08,-1.4874485E-01
-6.255505E-08,-1.4879755E-01
-6.250505E-08,-1.4885026E-01
-6.245505E-08,-1.4890297E-01
-6.240505E-08,-1.4895568E-01
-6.235505E-08,-1.4900839E-01
-6.230505E-08,-1.4900839E-01
-6.225505E-08,-1.4906110E-01
-6.220505E-08,-1.4916652E-01
-6.215505E-08,-1.4921923E-01
-6.210505E-08,-1.4927194E-01
-6.205505E-08,-1.4932464E-01
-6.200505E-08,-1.4932464E-01
-6.195505E-08,-1.4937735E-01
-6.190505E-08,-1.4943006E-01
-6.185505E-08,-1.4948277E-01
-6.180505E-08,-1.4953548E-01
-6.175505E-08,-1.4953548E-01
-6.170505E-08,-1.4958819E-01
-6.165505E-08,-1.4958819E-01
-6.160505E-08,-1.4958819E-01
-6.155505E-08,-1.4958819E-01
-6.150505E-08,-1.4958819E-01
-6.145505E-08,-1.4958819E-01
-6.140505E-08,-1.4958819E-01
-6.135505E-08,-1.4958819E-01
-6.130505E-08,-1.4953548E-01
-6.125505E-08,-1.4953548E-01
-6.120505E-08,-1.4948277E-01
-6.115505E-08,-1.4948277E-01
-6.110505E-08,-1.4943006E-01
-6.105505E-08,-1.4943006E-01
-6.100505E-08,-1.4937735E-01
-6.095505E-08,-1.4932464E-01
-6.090505E-08,-1.4932464E-01
-6.085505E-08,-1.4927194E-01
-6.080505E-08,-1.4927194E-01
-6.075505E-08,-1.4921923E-01
-6.070505E-08,-1.4921923E-01
-6.065505E-08,-1.4916652E-01
-6.060505E-08,-1.4916652E-01
-6.055505E-08,-1.4916652E-01
-6.050505E-08,-1.4911381E-01
-6.045505E-08,-1.4911381E-01
-6.040505E-08,-1.4911381E-01
-6.035505E-08,-1.4911381E-01
-6.030505E-08,-1.4911381E-01
-6.025505E-08,-1.4911381E-01
-6.020505E-08,-1.4911381E-01
-6.015505E-08,-1.4916652E-01
-6.010505E-08,-1.4916652E-01
-6.005505E-08,-1.4916652E-01
-6.000505E-08,-1.4916652E-01
-5.995505E-08,-1.4921923E-01
-5.990505E-08,-1.4921923E-01
-5.985505E-08,-1.4921923E-01
-5.980505E-08,-1.4921923E-01
-5.975505E-08,-1.4927194E-01
-5.970505E-08,-1.4927194E-01
-5.965505E-08,-1.4927194E-01
-5.960505E-08,-1.4927194E-01
-5.955505E-08,-1.4927194E-01
-5.950505E-08,-1.4927194E-01
-5.945505E-08,-1.4927194E-01
-5.940505E-08,-1.4927194E-01
-5.935505E-08,-1.4927194E-01
-5.930505E-08,-1.4927194E-01
-5.925505E-08,-1.4921923E-01
-5.920505E-08,-1.4921923E-01
-5.915505E-08,-1.4921923E-01
-5.910505E-08,-1.4921923E-01
-5.905505E-08,-1.4916652E-01
-5.900505E-08,-1.4916652E-01
-5.895505E-08,-1.4916652E-01
-5.890505E-08,-1.4911381E-01
-5.885505E-08,-1.4911381E-01
-5.880505E-08,-1.4911381E-01
-5.875505E-08,-1.4911381E-01
-5.870505E-08,-1.4911381E-01
-5.865505E-08,-1.4911381E-01
-5.860505E-08,-1.4911381E-01
-5.855505E-08,-1.4911381E-01
-5.850505E-08,-1.4911381E-01
-5.845505E-08,-1.4911381E-01
-5.840505E-08,-1.4916652E-01
-5.835505E-08,-1.4916652E-01
-5.830505E-08,-1.4921923E-01
-5.825505E-08,-1.4921923E-01
-5.820505E-08,-1.4921923E-01
-5.815505E-08,-1.4927194E-01
-5.810505E-08,-1.4927194E-01
-5.805505E-08,-1.4932464E-01
-5.800505E-08,-1.4932464E-01
-5.795505E-08,-1.4937735E-01
-5.790505E-08,-1.4937735E-01
-5.785505E-08,-1.4937735E-01
-5.780505E-08,-1.4943006E-01
-5.775505E-08,-1.4943006E-01
-5.770505E-08,-1.4943006E-01
-5.765505E-08,-1.4943006E-01
-5.760505E-08,-1.4943006E-01
-5.755505E-08,-1.4943006E-01
-5.750505E-08,-1.4937735E-01
-5.745505E-08,-1.4937735E-01
-5.740505E-08,-1.4937735E-01
-5.735505E-08,-1.4932464E-01
-5.730505E-08,-1.4932464E-01
-5.725505E-08,-1.4927194E-01
-5.720505E-08,-1.4927194E-01
-5.715505E-08,-1.4921923E-01
-5.710505E-08,-1.4916652E-01
-5.705505E-08,-1.4916652E-01
-5.700505E-08,-1.4911381E-01
-5.695505E-08,-1.4911381E-01
-5.690505E-08,-1.4906110E-01
-5.685505E-08,-1.4906110E-01
-5.680505E-08,-1.4900839E-01
-5.675505E-08,-1.4900839E-01
-5.670505E-08,-1.4895568E-01
-5.665505E-08,-1.4895568E-01
-5.660505E-08,-1.4895568E-01
-5.655505E-08,-1.4895568E-01
-5.650505E-08,-1.4895568E-01
-5.645505E-08,-1.4900839E-01
-5.640505E-08,-1.4900839E-01
-5.635505E-08,-1.4900839E-01
-5.630505E-08,-1.4906110E-01
-5.625505E-08,-1.4906110E-01
-5.620505E-08,-1.4911381E-01
-5.615505E-08,-1.4916652E-01
-5.610505E-08,-1.4916652E-01
-5.605505E-08,-1.4921923E-01
-5.600505E-08,-1.4927194E-01
-5.595505E-08,-1.4932464E-01
-5.590505E-08,-1.4932464E-01
-5.585505E-08,-1.4937735E-01
-5.580505E-08,-1.4937735E-01
-5.575505E-08,-1.4943006E-01
-5.570505E-08,-1.4943006E-01
-5.565505E-08,-1.4948277E-01
-5.560505E-08,-1.4948277E-01
-5.555505E-08,-1.4948277E-01
-5.550505E-08,-1.4948277E-01
-5.545505E-08,-1.4943006E-01
-5.540505E-08,-1.4943006E-01
-5.535505E-08,-1.4943006E-01
-5.530505E-08,-1.4937735E-01
-5.525505E-08,-1.4932464E-01
-5.520505E-08,-1.4932464E-01
-5.515505E-08,-1.4927194E-01
-5.510505E-08,-1.4921923E-01
-5.505505E-08,-1.4916652E-01
-5.500505E-08,-1.4911381E-01
-5.495505E-08,-1.4906110E-01
-5.490505E-08,-1.4900839E-01
-5.485505E-08,-1.4895568E-01
-5.480505E-08,-1.4890297E-01
-5.475505E-08,-1.4885026E-01
-5.470505E-08,-1.4879755E-01
-5.465505E-08,-1.4879755E-01
-5.460505E-08,-1.4874485E-01
-5.455505E-08,-1.4874485E-01
-5.450505E-08,-1.4874485E-01
-5.445505E-08,-1.4874485E-01
-5.440505E-08,-1.4874485E-01
-5.435505E-08,-1.4879755E-01
-5.430505E-08,-1.4879755E-01
-5.425505E-08,-1.4885026E-01
-5.420505E-08,-1.4890297E-01
-5.415505E-08,-1.4895568E-01
-5.410505E-08,-1.4906110E-01
-5.405505E-08,-1.4911381E-01
-5.400505E-08,-1.4921923E-01
-5.395505E-08,-1.4927194E-01
-5.390505E-08,-1.4937735E-01
-5.385505E-08,-1.4948277E-01
-5.380505E-08,-1.4953548E-01
-5.375505E-08,-1.4964090E-01
-5.370505E-08,-1.4974632E-01
-5.365505E-08,-1.4979903E-01
-5.360505E-08,-1.4990444E-01
-5.355505E-08,-1.4995715E-01
-5.350505E-08,-1.5000986E-01
-5.345505E-08,-1.5006257E-01
-5.340505E-08,-1.5011528E-01
-5.335505E-08,-1.5016799E-01
-5.330505E-08,-1.5016799E-01
-5.325505E-08,-1.5016799E-01
-5.320505E-08,-1.5016799E-01
-5.315505E-08,-1.5016799E-01
-5.310505E-08,-1.5016799E-01
-5.305505E-08,-1.5011528E-01
-5.300505E-08,-1.5011528E-01
-5.295505E-08,-1.5006257E-01
-5.290505E-08,-1.5000986E-01
-5.285505E-08,-1.4995715E-01
-5.280505E-08,-1.4985173E-01
-5.275505E-08,-1.4979903E-01
-5.270505E-08,-1.4974632E-01
-5.265505E-08,-1.4964090E-01
-5.260505E-08,-1.4958819E-01
-5.255505E-08,-1.4953548E-01
-5.250505E-08,-1.4943006E-01
-5.245505E-08,-1.4937735E-01
-5.240505E-08,-1.4932464E-01
-5.235505E-08,-1.4927194E-01
-5.230505E-08,-1.4921923E-01
-5.225505E-08,-1.4916652E-01
-5.220505E-08,-1.4911381E-01
-5.215505E-08,-1.4911381E-01
-5.210505E-08,-1.4911381E-01
-5.205505E-08,-1.4906110E-01
-5.200505E-08,-1.4906110E-01
-5.195505E-08,-1.4911381E-01
-5.190505E-08,-1.4911381E-01
-5.185505E-08,-1.4911381E-01
-5.180505E-08,-1.4916652E-01
-5.175505E-08,-1.4921923E-01
-5.170505E-08,-1.4921923E-01
-5.165505E-08,-1.4927194E-01
-5.160505E-08,-1.4932464E-01
-5.155505E-08,-1.4937735E-01
-5.150505E-08,-1.4943006E-01
-5.145505E-08,-1.4948277E-01
-5.140505E-08,-1.4953548E-01
-5.135505E-08,-1.4958819E-01
-5.130505E-08,-1.4958819E-01
-5.125505E-08,-1.4964090E-01
-5.120505E-08,-1.4969361E-01
-5.115505E-08,-1.4969361E-01
-5.110505E-08,-1.4974632E-01
-5.105505E-08,-1.4974632E-01
-5.100505E-08,-1.4974632E-01
-5.095505E-08,-1.4974632E-01
-5.090505E-08,-1.4974632E-01
-5.085505E-08,-1.4974632E-01
-5.080505E-08,-1.4974632E-01
-5.075505E-08,-1.4969361E-01
-5.070505E-08,-1.4964090E-01
-5.065505E-08,-1.4964090E-01
-5.060505E-08,-1.4958819E-01
-5.055505E-08,-1.4953548E-01
-5.050505E-08,-1.4948277E-01
-5.045505E-08,-1.4943006E-01
-5.040505E-08,-1.4937735E-01
-5.035505E-08,-1.4932464E-01
-5.030505E-08,-1.4927194E-01
-5.025505E-08,-1.4921923E-01
-5.020505E-08,-1.4916652E-01
-5.015505E-08,-1.4911381E-01
-5.010505E-08,-1.4911381E-01
-5.005505E-08,-1.4906110E-01
-5.000505E-08,-1.4900839E-01
-4.995505E-08,-1.4895568E-01
-4.990505E-08,-1.4895568E-01
-4.985505E-08,-1.4890297E-01
-4.980505E-08,-1.4890297E-01
-4.975505E-08,-1.4885026E-01
-4.970505E-08,-1.4885026E-01
-4.965505E-08,-1.4879755E-01
-4.960505E-08,-1.4879755E-01
-4.955505E-08,-1.4879755E-01
-4.950505E-08,-1.4879755E-01
-4.945505E-08,-1.4879755E-01
-4.940505E-08,-1.4879755E-01
-4.935505E-08,-1.4879755E-01
-4.930505E-08,-1.4879755E-01
-4.925505E-08,-1.4879755E-01
-4.920505E-08,-1.4879755E-01
-4.915505E-08,-1.4885026E-01
-4.910505E-08,-1.4885026E-01
-4.905505E-08,-1.4885026E-01
-4.900505E-08,-1.4885026E-01
-4.895505E-08,-1.4890297E-01
-4.890505E-08,-1.4890297E-01
-4.885505E-08,-1.4895568E-01
-4.880505E-08,-1.4895568E-01
-4.875505E-08,-1.4895568E-01
-4.870505E-08,-1.4900839E-01
-4.865505E-08,-1.4906110E-01
-4.860505E-08,-1.4906110E-01
-4.855505E-08,-1.4911381E-01
-4.850505E-08,-1.4911381E-01
-4.845505E-08,-1.4916652E-01
-4.840505E-08,-1.4921923E-01
-4.835505E-08,-1.4927194E-01
-4.830505E-08,-1.4927194E-01
-4.825505E-08,-1.4932464E-01
-4.820505E-08,-1.4937735E-01
-4.815505E-08,-1.4943006E-01
-4.810505E-08,-1.4948277E-01
-4.805505E-08,-1.4948277E-01
-4.800505E-08,-1.4953548E-01
-4.795505E-08,-1.4958819E-01
-4.790505E-08,-1.4964090E-01
-4.785505E-08,-1.4969361E-01
-4.780505E-08,-1.4969361E-01
-4.775505E-08,-1.4974632E-01
-4.770505E-08,-1.4974632E-01
-4.765505E-08,-1.4979903E-01
-4.760505E-08,-1.4979903E-01
-4.755505E-08,-1.4979903E-01
-4.750505E-08,-1.4979903E-01
-4.745505E-08,-1.4979903E-01
-4.740505E-08,-1.4979903E-01
-4.735505E-08,-1.4979903E-01
-4.730505E-08,-1.4974632E-01
-4.725505E-08,-1.4974632E-01
-4.720505E-08,-1.4969361E-01
-4.715505E-08,-1.4964090E-01
-4.710505E-08,-1.4964090E-01
-4.705505E-08,-1.4958819E-01
-4.700505E-08,-1.4953548E-01
-4.695505E-08,-1.4948277E-01
-4.690505E-08,-1.4937735E-01
-4.685505E-08,-1.4932464E-01
-4.680505E-08,-1.4927194E-01
-4.675505E-08,-1.4921923E-01
-4.670505E-08,-1.4916652E-01
-4.665505E-08,-1.4911381E-01
-4.660505E-08,-1.4906110E-01
-4.655505E-08,-1.4906110E-01
-4.650505E-08,-1.4900839E-01
-4.645505E-08,-1.4900839E-01
-4.640505E-08,-1.4895568E-01
-4.635505E-08,-1.4895568E-01
-4.630505E-08,-1.4895568E-01
-4.625505E-08,-1.4895568E-01
-4.620505E-08,-1.4900839E-01
-4.615505E-08,-1.4900839E-01
-4.610505E-08,-1.4906110E-01
-4.605505E-08,-1.4911381E-01
-4.600505E-08,-1.4916652E-01
-4.595505E-08,-1.4927194E-01
-4.590505E-08,-1.4932464E-01
-4.585505E-08,-1.4943006E-01
-4.580505E-08,-1.4953548E-01
-4.575505E-08,-1.4964090E-01
-4.570505E-08,-1.4969361E-01
-4.565505E-08,-1.4979903E-01
-4.560505E-08,-1.4990444E-01
-4.555505E-08,-1.5000986E-01
-4.550505E-08,-1.5011528E-01
-4.545505E-08,-1.5022070E-01
-4.540505E-08,-1.5027341E-01
-4.535505E-08,-1.5037883E-01
-4.530505E-08,-1.5043153E-01
-4.525505E-08,-1.5048424E-01
-4.520505E-08,-1.5053695E-01
-4.515505E-08,-1.5058966E-01
-4.510505E-08,-1.5064237E-01
-4.505505E-08,-1.5064237E-01
-4.500505E-08,-1.5064237E-01
-4.495505E-08,-1.5064237E-01
-4.490505E-08,-1.5064237E-01
-4.485505E-08,-1.5058966E-01
-4.480505E-08,-1.5053695E-01
-4.475505E-08,-1.5048424E-01
-4.470505E-08,-1.5043153E-01
-4.465505E-08,-1.5037883E-01
-4.460505E-08,-1.5027341E-01
-4.455505E-08,-1.5022070E-01
-4.450505E-08,-1.5011528E-01
-4.445505E-08,-1.5000986E-01
-4.440505E-08,-1.4995715E-01
-4.435505E-08,-1.4985173E-01
-4.430505E-08,-1.4974632E-01
-4.425505E-08,-1.4964090E-01
-4.420505E-08,-1.4958819E-01
-4.415505E-08,-1.4948277E-01
-4.410505E-08,-1.4943006E-01
-4.405505E-08,-1.4937735E-01
-4.400505E-08,-1.4932464E-01
-4.395505E-08,-1.4927194E-01
-4.390505E-08,-1.4921923E-01
-4.385505E-08,-1.4921923E-01
-4.380505E-08,-1.4921923E-01
-4.375505E-08,-1.4921923E-01
-4.370505E-08,-1.4921923E-01
-4.365505E-08,-1.4921923E-01
-4.360505E-08,-1.4927194E-01
-4.355505E-08,-1.4932464E-01
-4.350505E-08,-1.4932464E-01
-4.345505E-08,-1.4937735E-01
-4.340505E-08,-1.4948277E-01
-4.335505E-08,-1.4953548E-01
-4.330505E-08,-1.4958819E-01
-4.325505E-08,-1.4964090E-01
-4.320505E-08,-1.4974632E-01
-4.315505E-08,-1.4979903E-01
-4.310505E-08,-1.4985173E-01
-4.305505E-08,-1.4995715E-01
-4.300505E-08,-1.5000986E-01
-4.295505E-08,-1.5006257E-01
-4.290505E-08,-1.5011528E-01
-4.285505E-08,-1.5016799E-01
-4.280505E-08,-1.5016799E-01
-4.275505E-08,-1.5022070E-01
-4.270505E-08,-1.5022070E-01
-4.265505E-08,-1.5027341E-01
-4.260505E-08,-1.5027341E-01
-4.255505E-08,-1.5027341E-01
-4.250505E-08,-1.5022070E-01
-4.245505E-08,-1.5022070E-01
-4.240505E-08,-1.5022070E-01
-4.235505E-08,-1.5016799E-01
-4.230505E-08,-1.5011528E-01
-4.225505E-08,-1.5006257E-01
-4.220505E-08,-1.5000986E-01
-4.215505E-08,-1.5000986E-01
-4.210505E-08,-1.4995715E-01
-4.205505E-08,-1.4990444E-01
-4.200505E-08,-1.4985173E-01
-4.195505E-08,-1.4979903E-01
-4.190505E-08,-1.4974632E-01
-4.185505E-08,-1.4969361E-01
-4.180505E-08,-1.4964090E-01
-4.175505E-08,-1.4958819E-01
-4.170505E-08,-1.4958819E-01
-4.165505E-08,-1.4953548E-01
-4.160505E-08,-1.4953548E-01
-4.155505E-08,-1.4948277E-01
-4.150505E-08,-1.4948277E-01
-4.145505E-08,-1.4948277E-01
-4.140505E-08,-1.4948277E-01
-4.135505E-08,-1.4948277E-01
-4.130505E-08,-1.4953548E-01
-4.125505E-08,-1.4953548E-01
-4.120505E-08,-1.4953548E-01
-4.115505E-08,-1.4958819E-01
-4.110505E-08,-1.4958819E-01
-4.105505E-08,-1.4958819E-01
-4.100505E-08,-1.4964090E-01
-4.095505E-08,-1.4964090E-01
-4.090505E-08,-1.4969361E-01
-4.085505E-08,-1.4969361E-01
-4.080505E-08,-1.4969361E-01
-4.075505E-08,-1.4974632E-01
-4.070505E-08,-1.4974632E-01
-4.065505E-08,-1.4974632E-01
-4.060505E-08,-1.4974632E-01
-4.055505E-08,-1.4974632E-01
-4.050505E-08,-1.4974632E-01
-4.045505E-08,-1.4974632E-01
-4.040505E-08,-1.4974632E-01
-4.035505E-08,-1.4969361E-01
-4.030505E-08,-1.4969361E-01
-4.025505E-08,-1.4969361E-01
-4.020505E-08,-1.4964090E-01
-4.015505E-08,-1.4964090E-01
-4.010505E-08,-1.4958819E-01
-4.005505E-08,-1.4958819E-01
-4.000505E-08,-1.4953548E-01
-3.995505E-08,-1.4953548E-01
-3.990505E-08,-1.4953548E-01
-3.985505E-08,-1.4948277E-01
-3.980505E-08,-1.4948277E-01
-3.975505E-08,-1.4948277E-01
-3.970505E-08,-1.4948277E-01
-3.965505E-08,-1.4948277E-01
-3.960505E-08,-1.4948277E-01
-3.955505E-08,-1.4948277E-01
-3.950505E-08,-1.4953548E-01
-3.945505E-08,-1.4953548E-01
-3.940505E-08,-1.4958819E-01
-3.935505E-08,-1.4958819E-01
-3.930505E-08,-1.4964090E-01
-3.925505E-08,-1.4969361E-01
-3.920505E-08,-1.4974632E-01
-3.915505E-08,-1.4979903E-01
-3.910505E-08,-1.4979903E-01
-3.905505E-08,-1.4985173E-01
-3.900505E-08,-1.4990444E-01
-3.895505E-08,-1.4995715E-01
-3.890505E-08,-1.5000986E-01
-3.885505E-08,-1.5006257E-01
-3.880505E-08,-1.5011528E-01
-3.875505E-08,-1.5016799E-01
-3.870505E-08,-1.5022070E-01
-3.865505E-08,-1.5022070E-01
-3.860505E-08,-1.5027341E-01
-3.855505E-08,-1.5027341E-01
-3.850505E-08,-1.5032612E-01
-3.845505E-08,-1.5032612E-01
-3.840505E-08,-1.5032612E-01
-3.835505E-08,-1.5032612E-01
-3.830505E-08,-1.5032612E-01
-3.825505E-08,-1.5027341E-01
-3.820505E-08,-1.5027341E-01
-3.815505E-08,-1.5022070E-01
-3.810505E-08,-1.5022070E-01
-3.805505E-08,-1.5016799E-01
-3.800505E-08,-1.5011528E-01
-3.795505E-08,-1.5006257E-01
-3.790505E-08,-1.5000986E-01
-3.785505E-08,-1.4995715E-01
-3.780505E-08,-1.4990444E-01
-3.775505E-08,-1.4985173E-01
-3.770505E-08,-1.4974632E-01
-3.765505E-08,-1.4969361E-01
-3.760505E-08,-1.4964090E-01
-3.755505E-08,-1.4958819E-01
-3.750505E-08,-1.4953548E-01
-3.745505E-08,-1.4948277E-01
-3.740505E-08,-1.4943006E-01
-3.735505E-08,-1.4943006E-01
-3.730505E-08,-1.4937735E-01
-3.725505E-08,-1.4932464E-01
-3.720505E-08,-1.4932464E-01
-3.715505E-08,-1.4927194E-01
-3.710505E-08,-1.4927194E-01
-3.705505E-08,-1.4927194E-01
-3.700505E-08,-1.4927194E-01
-3.695505E-08,-1.4927194E-01
-3.690505E-08,-1.4927194E-01
-3.685505E-08,-1.4927194E-01
-3.680505E-08,-1.4927194E-01
-3.675505E-08,-1.4932464E-01
-3.670505E-08,-1.4932464E-01
-3.665505E-08,-1.4937735E-01
-3.660505E-08,-1.4937735E-01
-3.655505E-08,-1.4943006E-01
-3.650505E-08,-1.4943006E-01
-3.645505E-08,-1.4948277E-01
-3.640505E-08,-1.4953548E-01
-3.635505E-08,-1.4953548E-01
-3.630505E-08,-1.4958819E-01
-3.625505E-08,-1.4958819E-01
-3.620505E-08,-1.4964090E-01
-3.615505E-08,-1.4964090E-01
-3.610505E-08,-1.4969361E-01
-3.605505E-08,-1.4974632E-01
-3.600505E-08,-1.4974632E-01
-3.595505E-08,-1.4979903E-01
-3.590505E-08,-1.4979903E-01
-3.585505E-08,-1.4979903E-01
-3.580505E-08,-1.4985173E-01
-3.575505E-08,-1.4985173E-01
-3.570505E-08,-1.4990444E-01
-3.565505E-08,-1.4990444E-01
-3.560505E-08,-1.4990444E-01
-3.555505E-08,-1.4990444E-01
-3.550505E-08,-1.4995715E-01
-3.545505E-08,-1.4995715E-01
-3.540505E-08,-1.4995715E-01
-3.535505E-08,-1.4995715E-01
-3.530505E-08,-1.5000986E-01
-3.525505E-08,-1.5000986E-01
-3.520505E-08,-1.5000986E-01
-3.515505E-08,-1.5000986E-01
-3.510505E-08,-1.5000986E-01
-3.505505E-08,-1.5000986E-01
-3.500505E-08,-1.5000986E-01
-3.495505E-08,-1.5000986E-01
-3.490505E-08,-1.5000986E-01
-3.485505E-08,-1.5000986E-01
-3.480505E-08,-1.4995715E-01
-3.475505E-08,-1.4995715E-01
-3.470505E-08,-1.4995715E-01
-3.465505E-08,-1.4995715E-01
-3.460505E-08,-1.4990444E-01
-3.455505E-08,-1.4990444E-01
-3.450505E-08,-1.4990444E-01
-3.445505E-08,-1.4985173E-01
-3.440505E-08,-1.4985173E-01
-3.435505E-08,-1.4979903E-01
-3.430505E-08,-1.4979903E-01
-3.425505E-08,-1.4974632E-01
-3.420505E-08,-1.4974632E-01
-3.415505E-08,-1.4969361E-01
-3.410505E-08,-1.4964090E-01
-3.405505E-08,-1.4964090E-01
-3.400505E-08,-1.4958819E-01
-3.395505E-08,-1.4958819E-01
-3.390505E-08,-1.4958819E-01
-3.385505E-08,-1.4953548E-01
-3.380505E-08,-1.4953548E-01
-3.375505E-08,-1.4953548E-01
-3.370505E-08,-1.4948277E-01
-3.365505E-08,-1.4948277E-01
-3.360505E-08,-1.4948277E-01
-3.355505E-08,-1.4948277E-01
-3.350505E-08,-1.4948277E-01
-3.345505E-08,-1.4948277E-01
-3.340505E-08,-1.4953548E-01
-3.335505E-08,-1.4953548E-01
-3.330505E-08,-1.4953548E-01
-3.325505E-08,-1.4958819E-01
-3.320505E-08,-1.4958819E-01
-3.315505E-08,-1.4964090E-01
-3.310505E-08,-1.4964090E-01
-3.305505E-08,-1.4969361E-01
-3.300505E-08,-1.4969361E-01
-3.295505E-08,-1.4974632E-01
-3.290505E-08,-1.4974632E-01
-3.285505E-08,-1.4979903E-01
-3.280505E-08,-1.4979903E-01
-3.275505E-08,-1.4985173E-01
-3.270505E-08,-1.4985173E-01
-3.265505E-08,-1.4990444E-01
-3.260505E-08,-1.4990444E-01
-3.255505E-08,-1.4990444E-01
-3.250505E-08,-1.4990444E-01
-3.245505E-08,-1.4995715E-01
-3.240505E-08,-1.4995715E-01
-3.235505E-08,-1.4990444E-01
-3.230505E-08,-1.4990444E-01
-3.225505E-08,-1.4990444E-01
-3.220505E-08,-1.4990444E-01
-3.215505E-08,-1.4985173E-01
-3.210505E-08,-1.4985173E-01
-3.205505E-08,-1.4985173E-01
-3.200505E-08,-1.4979903E-01
-3.195505E-08,-1.4979903E-01
-3.190505E-08,-1.4974632E-01
-3.185505E-08,-1.4974632E-01
-3.180505E-08,-1.4969361E-01
-3.175505E-08,-1.4969361E-01
-3.170505E-08,-1.4969361E-01
-3.165505E-08,-1.4964090E-01
-3.160505E-08,-1.4964090E-01
-3.155505E-08,-1.4964090E-01
-3.150505E-08,-1.4964090E-01
-3.145505E-08,-1.4964090E-01
-3.140505E-08,-1.4964090E-01
-3.135505E-08,-1.4964090E-01
-3.130505E-08,-1.4969361E-01
-3.125505E-08,-1.4969361E-01
-3.120505E-08,-1.4974632E-01
-3.115505E-08,-1.4974632E-01
-3.110505E-08,-1.4979903E-01
-3.105505E-08,-1.4985173E-01
-3.100505E-08,-1.4990444E-01
-3.095505E-08,-1.4995715E-01
-3.090505E-08,-1.5000986E-01
-3.085505E-08,-1.5006257E-01
-3.080505E-08,-1.5016799E-01
-3.075505E-08,-1.5022070E-01
-3.070505E-08,-1.5027341E-01
-3.065505E-08,-1.5032612E-01
-3.060505E-08,-1.5037883E-01
-3.055505E-08,-1.5043153E-01
-3.050505E-08,-1.5048424E-01
-3.045505E-08,-1.5053695E-01
-3.040505E-08,-1.5058966E-01
-3.035505E-08,-1.5064237E-01
-3.030505E-08,-1.5064237E-01
-3.025505E-08,-1.5069508E-01
-3.020505E-08,-1.5069508E-01
-3.015505E-08,-1.5074779E-01
-3.010505E-08,-1.5074779E-01
-3.005505E-08,-1.5074779E-01
-3.000505E-08,-1.5074779E-01
-2.995505E-08,-1.5074779E-01
-2.990505E-08,-1.5069508E-01
-2.985505E-08,-1.5069508E-01
-2.980505E-08,-1.5069508E-01
-2.975505E-08,-1.5064237E-01
-2.970505E-08,-1.5064237E-01
-2.965505E-08,-1.5058966E-01
-2.960505E-08,-1.5058966E-01
-2.955505E-08,-1.5053695E-01
-2.950505E-08,-1.5053695E-01
-2.945505E-08,-1.5048424E-01
-2.940505E-08,-1.5048424E-01
-2.935505E-08,-1.5048424E-01
-2.930505E-08,-1.5043153E-01
-2.925505E-08,-1.5043153E-01
-2.920505E-08,-1.5043153E-01
-2.915505E-08,-1.5037883E-01
-2.910505E-08,-1.5037883E-01
-2.905505E-08,-1.5037883E-01
-2.900505E-08,-1.5037883E-01
-2.895505E-08,-1.5043153E-01
-2.890505E-08,-1.5043153E-01
-2.885505E-08,-1.5043153E-01
-2.880505E-08,-1.5048424E-01
-2.875505E-08,-1.5048424E-01
-2.870505E-08,-1.5053695E-01
-2.865505E-08,-1.5053695E-01
-2.860505E-08,-1.5058966E-01
-2.855505E-08,-1.5058966E-01
-2.850505E-08,-1.5064237E-01
-2.845505E-08,-1.5064237E-01
-2.840505E-08,-1.5069508E-01
-2.835505E-08,-1.5069508E-01
-2.830505E-08,-1.5074779E-01
-2.825505E-08,-1.5074779E-01
-2.820505E-08,-1.5074779E-01
-2.815505E-08,-1.5080050E-01
-2.810505E-08,-1.5080050E-01
-2.805505E-08,-1.5080050E-01
-2.800505E-08,-1.5080050E-01
-2.795505E-08,-1.5074779E-01
-2.790505E-08,-1.5074779E-01
-2.785505E-08,-1.5074779E-01
-2.780505E-08,-1.5069508E-01
-2.775505E-08,-1.5069508E-01
-2.770505E-08,-1.5064237E-01
-2.765505E-08,-1.5064237E-01
-2.760505E-08,-1.5058966E-01
-2.755505E-08,-1.5053695E-01
-2.750505E-08,-1.5048424E-01
-2.745505E-08,-1.5048424E-01
-2.740505E-08,-1.5043153E-01
-2.735505E-08,-1.5037883E-01
-2.730505E-08,-1.5037883E-01
-2.725505E-08,-1.5032612E-01
-2.720505E-08,-1.5027341E-01
-2.715505E-08,-1.5027341E-01
-2.710505E-08,-1.5022070E-01
-2.705505E-08,-1.5022070E-01
-2.700505E-08,-1.5016799E-01
-2.695505E-08,-1.5016799E-01
-2.690505E-08,-1.5016799E-01
-2.685505E-08,-1.5016799E-01
-2.680505E-08,-1.5016799E-01
-2.675505E-08,-1.5016799E-01
-2.670505E-08,-1.5016799E-01
-2.665505E-08,-1.5016799E-01
-2.660505E-08,-1.5016799E-01
-2.655505E-08,-1.5016799E-01
-2.650505E-08,-1.5022070E-01
-2.645505E-08,-1.5022070E-01
-2.640505E-08,-1.5022070E-01
-2.635505E-08,-1.5022070E-01
-2.630505E-08,-1.5022070E-01
-2.625505E-08,-1.5027341E-01
-2.620505E-08,-1.5027341E-01
-2.615505E-08,-1.5027341E-01
-2.610505E-08,-1.5027341E-01
-2.605505E-08,-1.5027341E-01
-2.600505E-08,-1.5027341E-01
-2.595505E-08,-1.5022070E-01
-2.590505E-08,-1.5022070E-01
-2.585505E-08,-1.5022070E-01
-2.580505E-08,-1.5016799E-01
-2.575505E-08,-1.5016799E-01
-2.570505E-08,-1.5011528E-01
-2.565505E-08,-1.5011528E-01
-2.560505E-08,-1.5006257E-01
-2.555505E-08,-1.5000986E-01
-2.550505E-08,-1.5000986E-01
-2.545505E-08,-1.4995715E-01
-2.540505E-08,-1.4990444E-01
-2.535505E-08,-1.4985173E-01
-2.530505E-08,-1.4979903E-01
-2.525505E-08,-1.4979903E-01
-2.520505E-08,-1.4974632E-01
-2.515505E-08,-1.4969361E-01
-2.510505E-08,-1.4969361E-01
-2.505505E-08,-1.4964090E-01
-2.500505E-08,-1.4964090E-01
-2.495505E-08,-1.4964090E-01
-2.490505E-08,-1.4958819E-01
-2.485505E-08,-1.4958819E-01
-2.480505E-08,-1.4958819E-01
-2.475505E-08,-1.4958819E-01
-2.470505E-08,-1.4958819E-01
-2.465505E-08,-1.4958819E-01
-2.460505E-08,-1.4964090E-01
-2.455505E-08,-1.4964090E-01
-2.450505E-08,-1.4969361E-01
-2.445505E-08,-1.4969361E-01
-2.440505E-08,-1.4974632E-01
-2.435505E-08,-1.4974632E-01
-2.430505E-08,-1.4979903E-01
-2.425505E-08,-1.4979903E-01
-2.420505E-08,-1.4985173E-01
-2.415505E-08,-1.4990444E-01
-2.410505E-08,-1.4990444E-01
-2.405505E-08,-1.4995715E-01
-2.400505E-08,-1.5000986E-01
-2.395505E-08,-1.5000986E-01
-2.390505E-08,-1.5006257E-01
-2.385505E-08,-1.5006257E-01
-2.380505E-08,-1.5006257E-01
-2.375505E-08,-1.5011528E-01
-2.370505E-08,-1.5011528E-01
-2.365505E-08,-1.5011528E-01
-2.360505E-08,-1.5011528E-01
-2.355505E-08,-1.5011528E-01
-2.350505E-08,-1.5011528E-01
-2.345505E-08,-1.5011528E-01
-2.340505E-08,-1.5011528E-01
-2.335505E-08,-1.5011528E-01
-2.330505E-08,-1.5011528E-01
-2.325505E-08,-1.5011528E-01
-2.320505E-08,-1.5006257E-01
-2.315505E-08,-1.5006257E-01
-2.310505E-08,-1.5006257E-01
-2.305505E-08,-1.5000986E-01
-2.300505E-08,-1.5000986E-01
-2.295505E-08,-1.5000986E-01
-2.290505E-08,-1.5000986E-01
-2.285505E-08,-1.4995715E-01
-2.280505E-08,-1.4995715E-01
-2.275505E-08,-1.4995715E-01
-2.270505E-08,-1.4995715E-01
-2.265505E-08,-1.4995715E-01
-2.260505E-08,-1.4990444E-01
-2.255505E-08,-1.4990444E-01
-2.250505E-08,-1.4990444E-01
-2.245505E-08,-1.4990444E-01
-2.240505E-08,-1.4990444E-01
-2.235505E-08,-1.4990444E-01
-2.230505E-08,-1.4990444E-01
-2.225505E-08,-1.4990444E-01
-2.220505E-08,-1.4985173E-01
-2.215505E-08,-1.4985173E-01
-2.210505E-08,-1.4985173E-01
-2.205505E-08,-1.4985173E-01
-2.200505E-08,-1.4985173E-01
-2.195505E-08,-1.4985173E-01
-2.190505E-08,-1.4985173E-01
-2.185505E-08,-1.4979903E-01
-2.180505E-08,-1.4979903E-01
-2.175505E-08,-1.4979903E-01
-2.170505E-08,-1.4979903E-01
-2.165505E-08,-1.4974632E-01
-2.160505E-08,-1.4974632E-01
-2.155505E-08,-1.4974632E-01
-2.150505E-08,-1.4974632E-01
-2.145505E-08,-1.4969361E-01
-2.140505E-08,-1.4969361E-01
-2.135505E-08,-1.4969361E-01
-2.130505E-08,-1.4969361E-01
-2.125505E-08,-1.4969361E-01
-2.120505E-08,-1.4969361E-01
-2.115505E-08,-1.4969361E-01
-2.110505E-08,-1.4969361E-01
-2.105505E-08,-1.4969361E-01
-2.100505E-08,-1.4969361E-01
-2.095505E-08,-1.4969361E-01
-2.090505E-08,-1.4969361E-01
-2.085505E-08,-1.4969361E-01
-2.080505E-08,-1.4974632E-01
-2.075505E-08,-1.4974632E-01
-2.070505E-08,-1.4979903E-01
-2.065505E-08,-1.4979903E-01
-2.060505E-08,-1.4985173E-01
-2.055505E-08,-1.4985173E-01
-2.050505E-08,-1.4990444E-01
-2.045505E-08,-1.4995715E-01
-2.040505E-08,-1.4995715E-01
-2.035505E-08,-1.5000986E-01
-2.030505E-08,-1.5006257E-01
-2.025505E-08,-1.5006257E-01
-2.020505E-08,-1.5011528E-01
-2.015505E-08,-1.5016799E-01
-2.010505E-08,-1.5016799E-01
-2.005505E-08,-1.5022070E-01
-2.000505E-08,-1.5022070E-01
-1.995505E-08,-1.5027341E-01
-1.990505E-08,-1.5027341E-01
-1.985505E-08,-1.5032612E-01
-1.980505E-08,-1.5032612E-01
-1.975505E-08,-1.5032612E-01
-1.970505E-08,-1.5037883E-01
-1.965505E-08,-1.5037883E-01
-1.960505E-08,-1.5037883E-01
-1.955505E-08,-1.5037883E-01
-1.950505E-08,-1.5037883E-01
-1.945505E-08,-1.5037883E-01
-1.940505E-08,-1.5037883E-01
-1.935505E-08,-1.5037883E-01
-1.930505E-08,-1.5037883E-01
-1.925505E-08,-1.5037883E-01
-1.920505E-08,-1.5037883E-01
-1.915505E-08,-1.5032612E-01
-1.910505E-08,-1.5032612E-01
-1.905505E-08,-1.5032612E-01
-1.900505E-08,-1.5032612E-01
-1.895505E-08,-1.5032612E-01
-1.890505E-08,-1.5032612E-01
-1.885505E-08,-1.5032612E-01
-1.880505E-08,-1.5027341E-01
-1.875505E-08,-1.5027341E-01
-1.870505E-08,-1.5027341E-01
-1.865505E-08,-1.5027341E-01
-1.860505E-08,-1.5027341E-01
-1.855505E-08,-1.5027341E-01
-1.850505E-08,-1.5027341E-01
-1.845505E-08,-1.5027341E-01
-1.840505E-08,-1.5022070E-01
-1.835505E-08,-1.5022070E-01
-1.830505E-08,-1.5022070E-01
-1.825505E-08,-1.5022070E-01
-1.820505E-08,-1.5022070E-01
-1.815505E-08,-1.5016799E-01
-1.810505E-08,-1.5016799E-01
-1.805505E-08,-1.5016799E-01
-1.800505E-08,-1.5016799E-01
-1.795505E-08,-1.5011528E-01
-1.790505E-08,-1.5011528E-01
-1.785505E-08,-1.5011528E-01
-1.780505E-08,-1.5006257E-01
-1.775505E-08,-1.5006257E-01
-1.770505E-08,-1.5000986E-01
-1.765505E-08,-1.5000986E-01
-1.760505E-08,-1.5000986E-01
-1.755505E-08,-1.4995715E-01
-1.750505E-08,-1.4995715E-01
-1.745505E-08,-1.4995715E-01
-1.740505E-08,-1.4995715E-01
-1.735505E-08,-1.4990444E-01
-1.730505E-08,-1.4990444E-01
-1.725505E-08,-1.4990444E-01
-1.720505E-08,-1.4990444E-01
-1.715505E-08,-1.4990444E-01
-1.710505E-08,-1.4990444E-01
-1.705505E-08,-1.4990444E-01
-1.700505E-08,-1.4990444E-01
-1.695505E-08,-1.4995715E-01
-1.690505E-08,-1.4995715E-01
-1.685505E-08,-1.4995715E-01
-1.680505E-08,-1.5000986E-01
-1.675505E-08,-1.5000986E-01
-1.670505E-08,-1.5000986E-01
-1.665505E-08,-1.5006257E-01
-1.660505E-08,-1.5006257E-01
-1.655505E-08,-1.5011528E-01
-1.650505E-08,-1.5011528E-01
-1.645505E-08,-1.5011528E-01
-1.640505E-08,-1.5016799E-01
-1.635505E-08,-1.5016799E-01
-1.630505E-08,-1.5016799E-01
-1.625505E-08,-1.5016799E-01
-1.620505E-08,-1.5016799E-01
-1.615505E-08,-1.5016799E-01
-1.610505E-08,-1.5016799E-01
-1.605505E-08,-1.5016799E-01
-1.600505E-08,-1.5011528E-01
-1.595505E-08,-1.5011528E-01
-1.590505E-08,-1.5006257E-01
-1.585505E-08,-1.5000986E-01
-1.580505E-08,-1.5000986E-01
-1.575505E-08,-1.4995715E-01
-1.570505E-08,-1.4990444E-01
-1.565505E-08,-1.4985173E-01
-1.560505E-08,-1.4979903E-01
-1.555505E-08,-1.4974632E-01
-1.550505E-08,-1.4969361E-01
-1.545505E-08,-1.4964090E-01
-1.540505E-08,-1.4958819E-01
-1.535505E-08,-1.4953548E-01
-1.530505E-08,-1.4948277E-01
-1.525505E-08,-1.4943006E-01
-1.520505E-08,-1.4937735E-01
-1.515505E-08,-1.4932464E-01
-1.510505E-08,-1.4932464E-01
-1.505505E-08,-1.4927194E-01
-1.500505E-08,-1.4927194E-01
-1.495505E-08,-1.4927194E-01
-1.490505E-08,-1.4921923E-01
-1.485505E-08,-1.4921923E-01
-1.480505E-08,-1.4927194E-01
-1.475505E-08,-1.4927194E-01
-1.470505E-08,-1.4927194E-01
-1.465505E-08,-1.4932464E-01
-1.460505E-08,-1.4937735E-01
-1.455505E-08,-1.4937735E-01
-1.450505E-08,-1.4943006E-01
-1.445505E-08,-1.4948277E-01
-1.440505E-08,-1.4953548E-01
-1.435505E-08,-1.4958819E-01
-1.430505E-08,-1.4964090E-01
-1.425505E-08,-1.4969361E-01
-1.420505E-08,-1.4974632E-01
-1.415505E-08,-1.4979903E-01
-1.410505E-08,-1.4985173E-01
-1.405505E-08,-1.4990444E-01
-1.400505E-08,-1.4995715E-01
-1.395505E-08,-1.5000986E-01
-1.390505E-08,-1.5000986E-01
-1.385505E-08,-1.5006257E-01
-1.380505E-08,-1.5006257E-01
-1.375505E-08,-1.5011528E-01
-1.370505E-08,-1.5011528E-01
-1.365505E-08,-1.5011528E-01
-1.360505E-08,-1.5011528E-01
-1.355505E-08,-1.5011528E-01
-1.350505E-08,-1.5006257E-01
-1.345505E-08,-1.5006257E-01
-1.340505E-08,-1.5000986E-01
-1.335505E-08,-1.5000986E-01
-1.330505E-08,-1.4995715E-01
-1.325505E-08,-1.4995715E-01
-1.320505E-08,-1.4990444E-01
-1.315505E-08,-1.4985173E-01
-1.310505E-08,-1.4985173E-01
-1.305505E-08,-1.4979903E-01
-1.300505E-08,-1.4974632E-01
-1.295505E-08,-1.4974632E-01
-1.290505E-08,-1.4969361E-01
-1.285505E-08,-1.4969361E-01
-1.280505E-08,-1.4964090E-01
-1.275505E-08,-1.4964090E-01
-1.270505E-08,-1.4964090E-01
-1.265505E-08,-1.4964090E-01
-1.260505E-08,-1.4964090E-01
-1.255505E-08,-1.4964090E-01
-1.250505E-08,-1.4964090E-01
-1.245505E-08,-1.4964090E-01
-1.240505E-08,-1.4964090E-01
-1.235505E-08,-1.4969361E-01
-1.230505E-08,-1.4969361E-01
-1.225505E-08,-1.4974632E-01
-1.220505E-08,-1.4974632E-01
-1.215505E-08,-1.4979903E-01
-1.210505E-08,-1.4979903E-01
-1.205505E-08,-1.4985173E-01
-1.200505E-08,-1.4985173E-01
-1.195505E-08,-1.4990444E-01
-1.190505E-08,-1.4990444E-01
-1.185505E-08,-1.4995715E-01
-1.180505E-08,-1.4995715E-01
-1.175505E-08,-1.5000986E-01
-1.170505E-08,-1.5000986E-01
-1.165505E-08,-1.5006257E-01
-1.160505E-08,-1.5006257E-01
-1.155505E-08,-1.5006257E-01
-1.150505E-08,-1.5006257E-01
-1.145505E-08,-1.5011528E-01
-1.140505E-08,-1.5011528E-01
-1.135505E-08,-1.5011528E-01
-1.130505E-08,-1.5011528E-01
-1.125505E-08,-1.5011528E-01
-1.120505E-08,-1.5016799E-01
-1.115505E-08,-1.5016799E-01
-1.110505E-08,-1.5016799E-01
-1.105505E-08,-1.5016799E-01
-1.100505E-08,-1.5016799E-01
-1.095505E-08,-1.5022070E-01
-1.090505E-08,-1.5022070E-01
-1.085505E-08,-1.5022070E-01
-1.080505E-08,-1.5027341E-01
-1.075505E-08,-1.5027341E-01
-1.070505E-08,-1.5032612E-01
-1.065505E-08,-1.5032612E-01
-1.060505E-08,-1.5037883E-01
-1.055505E-08,-1.5037883E-01
-1.050505E-08,-1.5043153E-01
-1.045505E-08,-1.5048424E-01
-1.040505E-08,-1.5048424E-01
-1.035505E-08,-1.5053695E-01
-1.030505E-08,-1.5053695E-01
-1.025505E-08,-1.5058966E-01
-1.020505E-08,-1.5058966E-01
-1.015505E-08,-1.5064237E-01
-1.010505E-08,-1.5064237E-01
-1.005505E-08,-1.5064237E-01
-1.000505E-08,-1.5064237E-01
-9.95505E-09,-1.5064237E-01
-9.90505E-09,-1.5064237E-01
-9.85505E-09,-1.5064237E-01
-9.80505E-09,-1.5058966E-01
-9.75505E-09,-1.5058966E-01
-9.70505E-09,-1.5053695E-01
-9.65505E-09,-1.5053695E-01
-9.60505E-09,-1.5048424E-01
-9.55505E-09,-1.5043153E-01
-9.50505E-09,-1.5037883E-01
-9.45505E-09,-1.5032612E-01
-9.40505E-09,-1.5022070E-01
-9.35505E-09,-1.5016799E-01
-9.30505E-09,-1.5011528E-01
-9.25505E-09,-1.5006257E-01
-9.20505E-09,-1.4995715E-01
-9.15505E-09,-1.4990444E-01
-9.10505E-09,-1.4985173E-01
-9.05505E-09,-1.4979903E-01
-9.00505E-09,-1.4974632E-01
-8.95505E-09,-1.4969361E-01
-8.90505E-09,-1.4964090E-01
-8.85505E-09,-1.4958819E-01
-8.80505E-09,-1.4958819E-01
-8.75505E-09,-1.4953548E-01
-8.70505E-09,-1.4953548E-01
-8.65505E-09,-1.4953548E-01
-8.60505E-09,-1.4953548E-01
-8.55505E-09,-1.4953548E-01
-8.50505E-09,-1.4958819E-01
-8.45505E-09,-1.4958819E-01
-8.40505E-09,-1.4964090E-01
-8.35505E-09,-1.4964090E-01
-8.30505E-09,-1.4969361E-01
-8.25505E-09,-1.4974632E-01
-8.20505E-09,-1.4979903E-01
-8.15505E-09,-1.4985173E-01
-8.10505E-09,-1.4990444E-01
-8.05505E-09,-1.4995715E-01
-8.00505E-09,-1.5000986E-01
-7.95505E-09,-1.5006257E-01
-7.90505E-09,-1.5011528E-01
-7.85505E-09,-1.5016799E-01
-7.80505E-09,-1.5016799E-01
-7.75505E-09,-1.5022070E-01
-7.70505E-09,-1.5027341E-01
-7.65505E-09,-1.5027341E-01
-7.60505E-09,-1.5027341E-01
-7.55505E-09,-1.5027341E-01
-7.50505E-09,-1.5027341E-01
-7.45505E-09,-1.5027341E-01
-7.40505E-09,-1.5027341E-01
-7.35505E-09,-1.5027341E-01
-7.30505E-09,-1.5022070E-01
-7.25505E-09,-1.5016799E-01
-7.20505E-09,-1.5016799E-01
-7.15505E-09,-1.5011528E-01
-7.10505E-09,-1.5006257E-01
-7.05505E-09,-1.5000986E-01
-7.00505E-09,-1.4995715E-01
-6.95505E-09,-1.4990444E-01
-6.90505E-09,-1.4985173E-01
-6.85505E-09,-1.4974632E-01
-6.80505E-09,-1.4969361E-01
-6.75505E-09,-1.4964090E-01
-6.70505E-09,-1.4958819E-01
-6.65505E-09,-1.4953548E-01
-6.60505E-09,-1.4948277E-01
-6.55505E-09,-1.4948277E-01
-6.50505E-09,-1.4943006E-01
-6.45505E-09,-1.4937735E-01
-6.40505E-09,-1.4937735E-01
-6.35505E-09,-1.4932464E-01
-6.30505E-09,-1.4932464E-01
-6.25505E-09,-1.4927194E-01
-6.20505E-09,-1.4927194E-01
-6.15505E-09,-1.4927194E-01
-6.10505E-09,-1.4927194E-01
-6.05505E-09,-1.4927194E-01
-6.00505E-09,-1.4927194E-01
-5.95505E-09,-1.4932464E-01
-5.90505E-09,-1.4932464E-01
-5.85505E-09,-1.4932464E-01
-5.80505E-09,-1.4937735E-01
-5.75505E-09,-1.4937735E-01
-5.70505E-09,-1.4943006E-01
-5.65505E-09,-1.4943006E-01
-5.60505E-09,-1.4943006E-01
-5.55505E-09,-1.4948277E-01
-5.50505E-09,-1.4948277E-01
-5.45505E-09,-1.4953548E-01
-5.40505E-09,-1.4953548E-01
-5.35505E-09,-1.4953548E-01
-5.30505E-09,-1.4953548E-01
-5.25505E-09,-1.4958819E-01
-5.20505E-09,-1.4958819E-01
-5.15505E-09,-1.4958819E-01
-5.10505E-09,-1.4958819E-01
-5.05505E-09,-1.4958819E-01
-5.00505E-09,-1.4958819E-01
-4.95505E-09,-1.4958819E-01
-4.90505E-09,-1.4958819E-01
-4.85505E-09,-1.4958819E-01
-4.80505E-09,-1.4958819E-01
-4.75505E-09,-1.4958819E-01
-4.70505E-09,-1.4958819E-01
-4.65505E-09,-1.4958819E-01
-4.60505E-09,-1.4958819E-01
-4.55505E-09,-1.4958819E-01
-4.50505E-09,-1.4958819E-01
-4.45505E-09,-1.4958819E-01
-4.40505E-09,-1.4958819E-01
-4.35505E-09,-1.4958819E-01
-4.30505E-09,-1.4958819E-01
-4.25505E-09,-1.4958819E-01
-4.20505E-09,-1.4958819E-01
-4.15505E-09,-1.4958819E-01
-4.10505E-09,-1.4958819E-01
-4.05505E-09,-1.4958819E-01
-4.00505E-09,-1.4958819E-01
-3.95505E-09,-1.4958819E-01
-3.90505E-09,-1.4958819E-01
-3.85505E-09,-1.4953548E-01
-3.80505E-09,-1.4953548E-01
-3.75505E-09,-1.4953548E-01
-3.70505E-09,-1.4953548E-01
-3.65505E-09,-1.4953548E-01
-3.60505E-09,-1.4953548E-01
-3.55505E-09,-1.4953548E-01
-3.50505E-09,-1.4953548E-01
-3.45505E-09,-1.4953548E-01
-3.40505E-09,-1.4948277E-01
-3.35505E-09,-1.4948277E-01
-3.30505E-09,-1.4948277E-01
-3.25505E-09,-1.4948277E-01
-3.20505E-09,-1.4948277E-01
-3.15505E-09,-1.4948277E-01
-3.10505E-09,-1.4948277E-01
-3.05505E-09,-1.4948277E-01
-3.00505E-09,-1.4948277E-01
-2.95505E-09,-1.4948277E-01
-2.90505E-09,-1.4948277E-01
-2.85505E-09,-1.4948277E-01
-2.80505E-09,-1.4948277E-01
-2.75505E-09,-1.4948277E-01
-2.70505E-09,-1.4948277E-01
-2.65505E-09,-1.4953548E-01
-2.60505E-09,-1.4953548E-01
-2.55505E-09,-1.4953548E-01
-2.50505E-09,-1.4953548E-01
-2.45505E-09,-1.4958819E-01
-2.40505E-09,-1.4958819E-01
-2.35505E-09,-1.4964090E-01
-2.30505E-09,-1.4964090E-01
-2.25505E-09,-1.4964090E-01
-2.20505E-09,-1.4969361E-01
-2.15505E-09,-1.4969361E-01
-2.10505E-09,-1.4969361E-01
-2.05505E-09,-1.4974632E-01
-2.00505E-09,-1.4974632E-01
-1.95505E-09,-1.4974632E-01
-1.90505E-09,-1.4979903E-01
-1.85505E-09,-1.4979903E-01
-1.80505E-09,-1.4979903E-01
-1.75505E-09,-1.4979903E-01
-1.70505E-09,-1.4979903E-01
-1.65505E-09,-1.4985173E-01
-1.60505E-09,-1.4985173E-01
-1.55505E-09,-1.4985173E-01
-1.50505E-09,-1.4985173E-01
-1.45505E-09,-1.4979903E-01
-1.40505E-09,-1.4979903E-01
-1.35505E-09,-1.4979903E-01
-1.30505E-09,-1.4979903E-01
-1.25505E-09,-1.4979903E-01
-1.20505E-09,-1.4979903E-01
-1.15505E-09,-1.4979903E-01
-1.10505E-09,-1.4974632E-01
-1.05505E-09,-1.4974632E-01
-1.00505E-09,-1.4974632E-01
-9.5505E-10,-1.4974632E-01
-9.0505E-10,-1.4974632E-01
-8.5505E-10,-1.4974632E-01
-8.0505E-10,-1.4974632E-01
-7.5505E-10,-1.4974632E-01
-7.0505E-10,-1.4974632E-01
-6.5505E-10,-1.4974632E-01
-6.0505E-10,-1.4974632E-01
-5.5505E-10,-1.4979903E-01
-5.0505E-10,-1.4979903E-01
-4.5505E-10,-1.4979903E-01
-4.0505E-10,-1.4985173E-01
-3.5505E-10,-1.4985173E-01
-3.0505E-10,-1.4990444E-01
-2.5505E-10,-1.4990444E-01
-2.0505E-10,-1.4995715E-01
-1.5505E-10,-1.4995715E-01
-1.0505E-10,-1.4995715E-01
-5.505E-11,-1.5000986E-01
-5.05E-12,-1.5000986E-01
4.495E-11,-1.5006257E-01
9.495E-11,-1.5006257E-01
1.4495E-10,-1.5011528E-01
1.9495E-10,-1.5011528E-01
2.4495E-10,-1.5011528E-01
2.9495E-10,-1.5011528E-01
3.4495E-10,-1.5011528E-01
3.9495E-10,-1.5016799E-01
4.4495E-10,-1.5016799E-01
4.9495E-10,-1.5011528E-01
5.4495E-10,-1.5011528E-01
5.9495E-10,-1.5011528E-01
6.4495E-10,-1.5011528E-01
6.9495E-10,-1.5011528E-01
7.4495E-10,-1.5006257E-01
7.9495E-10,-1.5006257E-01
8.4495E-10,-1.5006257E-01
8.9495E-10,-1.5000986E-01
9.4495E-10,-1.5000986E-01
9.9495E-10,-1.4995715E-01
1.04495E-09,-1.4995715E-01
1.09495E-09,-1.4995715E-01
1.14495E-09,-1.4990444E-01
1.19495E-09,-1.4990444E-01
1.24495E-09,-1.4990444E-01
1.29495E-09,-1.4990444E-01
1.34495E-09,-1.4990444E-01
1.39495E-09,-1.4990444E-01
1.44495E-09,-1.4990444E-01
1.49495E-09,-1.4990444E-01
1.54495E-09,-1.4990444E-01
1.59495E-09,-1.4990444E-01
1.64495E-09,-1.4990444E-01
1.69495E-09,-1.4995715E-01
1.74495E-09,-1.4995715E-01
1.79495E-09,-1.4995715E-01
1.84495E-09,-1.5000986E-01
1.89495E-09,-1.5000986E-01
1.94495E-09,-1.5006257E-01
1.99495E-09,-1.5011528E-01
2.04495E-09,-1.5011528E-01
2.09495E-09,-1.5016799E-01
2.14495E-09,-1.5016799E-01
2.19495E-09,-1.5022070E-01
2.24495E-09,-1.5022070E-01
2.29495E-09,-1.5027341E-01
2.34495E-09,-1.5027341E-01
2.39495E-09,-1.5027341E-01
2.44495E-09,-1.5032612E-01
2.49495E-09,-1.5032612E-01
2.54495E-09,-1.5032612E-01
2.59495E-09,-1.5032612E-01
2.64495E-09,-1.5032612E-01
2.69495E-09,-1.5032612E-01
2.74495E-09,-1.5027341E-01
2.79495E-09,-1.5027341E-01
2.84495E-09,-1.5027341E-01
2.89495E-09,-1.5022070E-01
2.94495E-09,-1.5022070E-01
2.99495E-09,-1.5016799E-01
3.04495E-09,-1.5011528E-01
3.09495E-09,-1.5011528E-01
3.14495E-09,-1.5006257E-01
3.19495E-09,-1.5000986E-01
3.24495E-09,-1.4995715E-01
3.29495E-09,-1.4990444E-01
3.34495E-09,-1.4985173E-01
3.39495E-09,-1.4979903E-01
3.44495E-09,-1.4974632E-01
3.49495E-09,-1.4969361E-01
3.54495E-09,-1.4969361E-01
3.59495E-09,-1.4964090E-01
3.64495E-09,-1.4958819E-01
3.69495E-09,-1.4953548E-01
3.74495E-09,-1.4953548E-01
3.79495E-09,-1.4948277E-01
3.84495E-09,-1.4943006E-01
3.89495E-09,-1.4943006E-01
3.94495E-09,-1.4937735E-01
3.99495E-09,-1.4937735E-01
4.04495E-09,-1.4937735E-01
4.09495E-09,-1.4937735E-01
4.14495E-09,-1.4937735E-01
4.19495E-09,-1.4937735E-01
4.24495E-09,-1.4937735E-01
4.29495E-09,-1.4937735E-01
4.34495E-09,-1.4937735E-01
4.39495E-09,-1.4937735E-01
4.44495E-09,-1.4943006E-01
4.49495E-09,-1.4943006E-01
4.54495E-09,-1.4943006E-01
4.59495E-09,-1.4948277E-01
4.64495E-09,-1.4948277E-01
4.69495E-09,-1.4948277E-01
4.74495E-09,-1.4953548E-01
4.79495E-09,-1.4953548E-01
4.84495E-09,-1.4953548E-01
4.89495E-09,-1.4958819E-01
4.94495E-09,-1.4958819E-01
4.99495E-09,-1.4958819E-01
5.04495E-09,-1.4958819E-01
5.09495E-09,-1.4958819E-01
5.14495E-09,-1.4958819E-01
5.19495E-09,-1.4958819E-01
5.24495E-09,-1.4958819E-01
5.29495E-09,-1.4958819E-01
5.34495E-09,-1.4958819E-01
5.39495E-09,-1.4958819E-01
5.44495E-09,-1.4953548E-01
5.49495E-09,-1.4953548E-01
5.54495E-09,-1.4948277E-01
5.59495E-09,-1.4948277E-01
5.64495E-09,-1.4943006E-01
5.69495E-09,-1.4943006E-01
5.74495E-09,-1.4937735E-01
5.79495E-09,-1.4937735E-01
5.84495E-09,-1.4932464E-01
5.89495E-09,-1.4927194E-01
5.94495E-09,-1.4927194E-01
5.99495E-09,-1.4921923E-01
6.04495E-09,-1.4916652E-01
6.09495E-09,-1.4916652E-01
6.14495E-09,-1.4911381E-01
6.19495E-09,-1.4906110E-01
6.24495E-09,-1.4906110E-01
6.29495E-09,-1.4900839E-01
6.34495E-09,-1.4900839E-01
6.39495E-09,-1.4895568E-01
6.44495E-09,-1.4895568E-01
6.49495E-09,-1.4895568E-01
6.54495E-09,-1.4890297E-01
6.59495E-09,-1.4890297E-01
6.64495E-09,-1.4890297E-01
6.69495E-09,-1.4890297E-01
6.74495E-09,-1.4890297E-01
6.79495E-09,-1.4890297E-01
6.84495E-09,-1.4890297E-01
6.89495E-09,-1.4895568E-01
6.94495E-09,-1.4895568E-01
6.99495E-09,-1.4895568E-01
7.04495E-09,-1.4900839E-01
7.09495E-09,-1.4900839E-01
7.14495E-09,-1.4906110E-01
7.19495E-09,-1.4906110E-01
7.24495E-09,-1.4911381E-01
7.29495E-09,-1.4916652E-01
7.34495E-09,-1.4916652E-01
7.39495E-09,-1.4921923E-01
7.44495E-09,-1.4927194E-01
7.49495E-09,-1.4927194E-01
7.54495E-09,-1.4932464E-01
7.59495E-09,-1.4937735E-01
7.64495E-09,-1.4937735E-01
7.69495E-09,-1.4943006E-01
7.74495E-09,-1.4943006E-01
7.79495E-09,-1.4948277E-01
7.84495E-09,-1.4953548E-01
7.89495E-09,-1.4953548E-01
7.94495E-09,-1.4953548E-01
7.99495E-09,-1.4958819E-01
8.04495E-09,-1.4958819E-01
8.09495E-09,-1.4958819E-01
8.14495E-09,-1.4958819E-01
8.19495E-09,-1.4958819E-01
8.24495E-09,-1.4964090E-01
8.29495E-09,-1.4964090E-01
8.34495E-09,-1.4964090E-01
8.39495E-09,-1.4969361E-01
8.44495E-09,-1.4969361E-01
8.49495E-09,-1.4974632E-01
8.54495E-09,-1.4979903E-01
8.59495E-09,-1.4979903E-01
8.64495E-09,-1.4985173E-01
8.69495E-09,-1.4990444E-01
8.74495E-09,-1.4995715E-01
8.79495E-09,-1.4995715E-01
8.84495E-09,-1.5000986E-01
8.89495E-09,-1.5006257E-01
8.94495E-09,-1.5011528E-01
8.99495E-09,-1.5016799E-01
9.04495E-09,-1.5016799E-01
9.09495E-09,-1.5022070E-01
9.14495E-09,-1.5027341E-01
9.19495E-09,-1.5027341E-01
9.24495E-09,-1.5032612E-01
9.29495E-09,-1.5032612E-01
9.34495E-09,-1.5032612E-01
9.39495E-09,-1.5032612E-01
9.44495E-09,-1.5032612E-01
9.49495E-09,-1.5032612E-01
9.54495E-09,-1.5032612E-01
9.59495E-09,-1.5032612E-01
9.64495E-09,-1.5027341E-01
9.69495E-09,-1.5027341E-01
9.74495E-09,-1.5022070E-01
9.79495E-09,-1.5016799E-01
9.84495E-09,-1.5016799E-01
9.89495E-09,-1.5011528E-01
9.94495E-09,-1.5006257E-01
9.99495E-09,-1.5006257E-01
1.004495E-08,-1.5000986E-01
1.009495E-08,-1.4995715E-01
1.014495E-08,-1.4995715E-01
1.019495E-08,-1.4990444E-01
1.024495E-08,-1.4990444E-01
1.029495E-08,-1.4990444E-01
1.034495E-08,-1.4990444E-01
1.039495E-08,-1.4990444E-01
1.044495E-08,-1.4990444E-01
1.049495E-08,-1.4995715E-01
1.054495E-08,-1.4995715E-01
1.059495E-08,-1.5000986E-01
1.064495E-08,-1.5000986E-01
1.069495E-08,-1.5006257E-01
1.074495E-08,-1.5011528E-01
1.079495E-08,-1.5016799E-01
1.084495E-08,-1.5022070E-01
1.089495E-08,-1.5027341E-01
1.094495E-08,-1.5032612E-01
1.099495E-08,-1.5043153E-01
1.104495E-08,-1.5048424E-01
1.109495E-08,-1.5053695E-01
1.114495E-08,-1.5058966E-01
1.119495E-08,-1.5058966E-01
1.124495E-08,-1.5064237E-01
1.129495E-08,-1.5069508E-01
1.134495E-08,-1.5069508E-01
1.139495E-08,-1.5069508E-01
1.144495E-08,-1.5069508E-01
1.149495E-08,-1.5069508E-01
1.154495E-08,-1.5069508E-01
1.159495E-08,-1.5064237E-01
1.164495E-08,-1.5058966E-01
1.169495E-08,-1.5058966E-01
1.174495E-08,-1.5053695E-01
1.179495E-08,-1.5048424E-01
1.184495E-08,-1.5037883E-01
1.189495E-08,-1.5032612E-01
1.194495E-08,-1.5027341E-01
1.199495E-08,-1.5016799E-01
1.204495E-08,-1.5011528E-01
1.209495E-08,-1.5000986E-01
1.214495E-08,-1.4995715E-01
1.219495E-08,-1.4990444E-01
1.224495E-08,-1.4985173E-01
1.229495E-08,-1.4979903E-01
1.234495E-08,-1.4974632E-01
1.239495E-08,-1.4969361E-01
1.244495E-08,-1.4964090E-01
1.249495E-08,-1.4964090E-01
1.254495E-08,-1.4964090E-01
1.259495E-08,-1.4958819E-01
1.264495E-08,-1.4958819E-01
1.269495E-08,-1.4964090E-01
1.274495E-08,-1.4964090E-01
1.279495E-08,-1.4964090E-01
1.284495E-08,-1.4969361E-01
1.289495E-08,-1.4969361E-01
1.294495E-08,-1.4974632E-01
1.299495E-08,-1.4979903E-01
1.304495E-08,-1.4979903E-01
1.309495E-08,-1.4985173E-01
1.314495E-08,-1.4990444E-01
1.319495E-08,-1.4990444E-01
1.324495E-08,-1.4995715E-01
1.329495E-08,-1.4995715E-01
1.334495E-08,-1.4995715E-01
1.339495E-08,-1.4995715E-01
1.344495E-08,-1.4995715E-01
1.349495E-08,-1.4995715E-01
1.354495E-08,-1.4995715E-01
1.359495E-08,-1.4995715E-01
1.364495E-08,-1.4990444E-01
1.369495E-08,-1.4985173E-01
1.374495E-08,-1.4985173E-01
1.379495E-08,-1.4979903E-01
1.384495E-08,-1.4974632E-01
1.389495E-08,-1.4974632E-01
1.394495E-08,-1.4969361E-01
1.399495E-08,-1.4964090E-01
1.404495E-08,-1.4958819E-01
1.409495E-08,-1.4958819E-01
1.414495E-08,-1.4953548E-01
1.419495E-08,-1.4953548E-01
1.424495E-08,-1.4953548E-01
1.429495E-08,-1.4953548E-01
1.434495E-08,-1.4953548E-01
1.439495E-08,-1.4953548E-01
1.444495E-08,-1.4953548E-01
1.449495E-08,-1.4958819E-01
1.454495E-08,-1.4964090E-01
1.459495E-08,-1.4964090E-01
1.464495E-08,-1.4969361E-01
1.469495E-08,-1.4974632E-01
1.474495E-08,-1.4979903E-01
1.479495E-08,-1.4985173E-01
1.484495E-08,-1.4990444E-01
1.489495E-08,-1.4995715E-01
1.494495E-08,-1.5000986E-01
1.499495E-08,-1.5006257E-01
1.504495E-08,-1.5011528E-01
1.509495E-08,-1.5011528E-01
1.514495E-08,-1.5016799E-01
1.519495E-08,-1.5016799E-01
1.524495E-08,-1.5016799E-01
1.529495E-08,-1.5016799E-01
1.534495E-08,-1.5011528E-01
1.539495E-08,-1.5006257E-01
1.544495E-08,-1.5000986E-01
1.549495E-08,-1.4995715E-01
1.554495E-08,-1.4990444E-01
1.559495E-08,-1.4985173E-01
1.564495E-08,-1.4974632E-01
1.569495E-08,-1.4964090E-01
1.574495E-08,-1.4953548E-01
1.579495E-08,-1.4948277E-01
1.584495E-08,-1.4937735E-01
1.589495E-08,-1.4927194E-01
1.594495E-08,-1.4916652E-01
1.599495E-08,-1.4911381E-01
1.604495E-08,-1.4906110E-01
1.609495E-08,-1.4900839E-01
1.614495E-08,-1.4895568E-01
1.619495E-08,-1.4895568E-01
1.624495E-08,-1.4890297E-01
1.629495E-08,-1.4895568E-01
1.634495E-08,-1.4895568E-01
1.639495E-08,-1.4900839E-01
1.644495E-08,-1.4906110E-01
1.649495E-08,-1.4916652E-01
1.654495E-08,-1.4927194E-01
1.659495E-08,-1.4937735E-01
1.664495E-08,-1.4948277E-01
1.669495E-08,-1.4964090E-01
1.674495E-08,-1.4974632E-01
1.679495E-08,-1.4990444E-01
1.684495E-08,-1.5006257E-01
1.689495E-08,-1.5022070E-01
1.694495E-08,-1.5032612E-01
1.699495E-08,-1.5048424E-01
1.704495E-08,-1.5058966E-01
1.709495E-08,-1.5069508E-01
1.714495E-08,-1.5080050E-01
1.719495E-08,-1.5090592E-01
1.724495E-08,-1.5095862E-01
1.729495E-08,-1.5101133E-01
1.734495E-08,-1.5101133E-01
1.739495E-08,-1.5101133E-01
1.744495E-08,-1.5101133E-01
1.749495E-08,-1.5095862E-01
1.754495E-08,-1.5090592E-01
1.759495E-08,-1.5080050E-01
1.764495E-08,-1.5074779E-01
1.769495E-08,-1.5064237E-01
1.774495E-08,-1.5053695E-01
1.779495E-08,-1.5043153E-01
1.784495E-08,-1.5032612E-01
1.789495E-08,-1.5016799E-01
1.794495E-08,-1.5006257E-01
1.799495E-08,-1.4995715E-01
1.804495E-08,-1.4985173E-01
1.809495E-08,-1.4974632E-01
1.814495E-08,-1.4964090E-01
1.819495E-08,-1.4953548E-01
1.824495E-08,-1.4948277E-01
1.829495E-08,-1.4943006E-01
1.834495E-08,-1.4943006E-01
1.839495E-08,-1.4937735E-01
1.844495E-08,-1.4943006E-01
1.849495E-08,-1.4943006E-01
1.854495E-08,-1.4948277E-01
1.859495E-08,-1.4953548E-01
1.864495E-08,-1.4964090E-01
1.869495E-08,-1.4974632E-01
1.874495E-08,-1.4985173E-01
1.879495E-08,-1.4995715E-01
1.884495E-08,-1.5011528E-01
1.889495E-08,-1.5022070E-01
1.894495E-08,-1.5037883E-01
1.899495E-08,-1.5048424E-01
1.904495E-08,-1.5058966E-01
1.909495E-08,-1.5069508E-01
1.914495E-08,-1.5080050E-01
1.919495E-08,-1.5085321E-01
1.924495E-08,-1.5090592E-01
1.929495E-08,-1.5095862E-01
1.934495E-08,-1.5095862E-01
1.939495E-08,-1.5095862E-01
1.944495E-08,-1.5095862E-01
1.949495E-08,-1.5090592E-01
1.954495E-08,-1.5080050E-01
1.959495E-08,-1.5074779E-01
1.964495E-08,-1.5064237E-01
1.969495E-08,-1.5048424E-01
1.974495E-08,-1.5037883E-01
1.979495E-08,-1.5022070E-01
1.984495E-08,-1.5006257E-01
1.989495E-08,-1.4990444E-01
1.994495E-08,-1.4974632E-01
1.999495E-08,-1.4958819E-01
2.004495E-08,-1.4948277E-01
2.009495E-08,-1.4937735E-01
2.014495E-08,-1.4927194E-01
2.019495E-08,-1.4916652E-01
2.024495E-08,-1.4911381E-01
2.029495E-08,-1.4911381E-01
2.034495E-08,-1.4911381E-01
2.039495E-08,-1.4911381E-01
2.044495E-08,-1.4916652E-01
2.049495E-08,-1.4921923E-01
2.054495E-08,-1.4932464E-01
2.059495E-08,-1.4943006E-01
2.064495E-08,-1.4958819E-01
2.069495E-08,-1.4974632E-01
2.074495E-08,-1.4990444E-01
2.079495E-08,-1.5006257E-01
2.084495E-08,-1.5027341E-01
2.089495E-08,-1.5043153E-01
2.094495E-08,-1.5058966E-01
2.099495E-08,-1.5074779E-01
2.104495E-08,-1.5085321E-01
2.109495E-08,-1.5101133E-01
2.114495E-08,-1.5106404E-01
2.119495E-08,-1.5111675E-01
2.124495E-08,-1.5116946E-01
2.129495E-08,-1.5116946E-01
2.134495E-08,-1.5111675E-01
2.139495E-08,-1.5106404E-01
2.144495E-08,-1.5095862E-01
2.149495E-08,-1.5080050E-01
2.154495E-08,-1.5064237E-01
2.159495E-08,-1.5048424E-01
2.164495E-08,-1.5027341E-01
2.169495E-08,-1.5000986E-01
2.174495E-08,-1.4979903E-01
2.179495E-08,-1.4953548E-01
2.184495E-08,-1.4927194E-01
2.189495E-08,-1.4906110E-01
2.194495E-08,-1.4885026E-01
2.199495E-08,-1.4863943E-01
2.204495E-08,-1.4842859E-01
2.209495E-08,-1.4827046E-01
2.214495E-08,-1.4816505E-01
2.219495E-08,-1.4811234E-01
2.224495E-08,-1.4805963E-01
2.229495E-08,-1.4805963E-01
2.234495E-08,-1.4811234E-01
2.239495E-08,-1.4821776E-01
2.244495E-08,-1.4837588E-01
2.249495E-08,-1.4853401E-01
2.254495E-08,-1.4874485E-01
2.259495E-08,-1.4900839E-01
2.264495E-08,-1.4927194E-01
2.269495E-08,-1.4953548E-01
2.274495E-08,-1.4985173E-01
2.279495E-08,-1.5016799E-01
2.284495E-08,-1.5048424E-01
2.289495E-08,-1.5080050E-01
2.294495E-08,-1.5106404E-01
2.299495E-08,-1.5132759E-01
2.304495E-08,-1.5153842E-01
2.309495E-08,-1.5169655E-01
2.314495E-08,-1.5185468E-01
2.319495E-08,-1.5190739E-01
2.324495E-08,-1.5196010E-01
2.329495E-08,-1.5190739E-01
2.334495E-08,-1.5180197E-01
2.339495E-08,-1.5164384E-01
2.344495E-08,-1.5148571E-01
2.349495E-08,-1.5122217E-01
2.354495E-08,-1.5090592E-01
2.359495E-08,-1.5058966E-01
2.364495E-08,-1.5022070E-01
2.369495E-08,-1.4979903E-01
2.374495E-08,-1.4943006E-01
2.379495E-08,-1.4900839E-01
2.384495E-08,-1.4858672E-01
2.389495E-08,-1.4821776E-01
2.394495E-08,-1.4784879E-01
2.399495E-08,-1.4758525E-01
2.404495E-08,-1.4732170E-01
2.409495E-08,-1.4711087E-01
2.414495E-08,-1.4700545E-01
2.419495E-08,-1.4695274E-01
2.424495E-08,-1.4695274E-01
2.429495E-08,-1.4705816E-01
2.434495E-08,-1.4721628E-01
2.439495E-08,-1.4747983E-01
2.444495E-08,-1.4779608E-01
2.449495E-08,-1.4816505E-01
2.454495E-08,-1.4863943E-01
2.459495E-08,-1.4911381E-01
2.464495E-08,-1.4969361E-01
2.469495E-08,-1.5022070E-01
2.474495E-08,-1.5080050E-01
2.479495E-08,-1.5138030E-01
2.484495E-08,-1.5196010E-01
2.489495E-08,-1.5243448E-01
2.494495E-08,-1.5290886E-01
2.499495E-08,-1.5333053E-01
2.504495E-08,-1.5364678E-01
2.509495E-08,-1.5391033E-01
2.514495E-08,-1.5406846E-01
2.519495E-08,-1.5406846E-01
2.524495E-08,-1.5401575E-01
2.529495E-08,-1.5380491E-01
2.534495E-08,-1.5348866E-01
2.539495E-08,-1.5306698E-01
2.544495E-08,-1.5253989E-01
2.549495E-08,-1.5190739E-01
2.554495E-08,-1.5116946E-01
2.559495E-08,-1.5037883E-01
2.564495E-08,-1.4953548E-01
2.569495E-08,-1.4869214E-01
2.574495E-08,-1.4779608E-01
2.579495E-08,-1.4695274E-01
2.584495E-08,-1.4610939E-01
2.589495E-08,-1.4531876E-01
2.594495E-08,-1.4463354E-01
2.599495E-08,-1.4410645E-01
2.604495E-08,-1.4363207E-01
2.609495E-08,-1.4336853E-01
2.614495E-08,-1.4326311E-01
2.619495E-08,-1.4331582E-01
2.624495E-08,-1.4357936E-01
2.629495E-08,-1.4405374E-01
2.634495E-08,-1.4473896E-01
2.639495E-08,-1.4558230E-01
2.644495E-08,-1.4663649E-01
2.649495E-08,-1.4790150E-01
2.654495E-08,-1.4927194E-01
2.659495E-08,-1.5074779E-01
2.664495E-08,-1.5238177E-01
2.669495E-08,-1.5401575E-01
2.674495E-08,-1.5570244E-01
2.679495E-08,-1.5733641E-01
2.684495E-08,-1.5886498E-01
2.689495E-08,-1.6028812E-01
2.694495E-08,-1.6155314E-01
2.699495E-08,-1.6250190E-01
2.704495E-08,-1.6323982E-01
2.709495E-08,-1.6355608E-01
2.714495E-08,-1.6345066E-01
2.719495E-08,-1.6292357E-01
2.724495E-08,-1.6186939E-01
2.729495E-08,-1.6023541E-01
2.734495E-08,-1.5802163E-01
2.739495E-08,-1.5522805E-01
2.744495E-08,-1.5169655E-01
2.749495E-08,-1.4753254E-01
2.754495E-08,-1.4273602E-01
2.759495E-08,-1.3720157E-01
2.764495E-08,-1.3098191E-01
2.769495E-08,-1.2407703E-01
2.774495E-08,-1.1659235E-01
2.779495E-08,-1.0847516E-01
2.784495E-08,-9.977817E-02
2.789495E-08,-9.055409E-02
2.794495E-08,-8.085564E-02
2.799495E-08,-7.078821E-02
2.804495E-08,-6.035183E-02
2.809495E-08,-4.965190E-02
2.814495E-08,-3.879384E-02
2.819495E-08,-2.777766E-02
2.824495E-08,-1.676147E-02
2.829495E-08,-5.79800E-03
2.834495E-08,5.06006E-03
2.839495E-08,1.570728E-02
2.844495E-08,2.609095E-02
2.849495E-08,3.610567E-02
2.854495E-08,4.569871E-02
2.859495E-08,5.481737E-02
2.864495E-08,6.346164E-02
2.869495E-08,7.152612E-02
2.874495E-08,7.895809E-02
2.879495E-08,8.575756E-02
2.884495E-08,9.192451E-02
2.889495E-08,9.745896E-02
2.894495E-08,1.0230819E-01
2.899495E-08,1.0647220E-01
2.904495E-08,1.1000370E-01
2.909495E-08,1.1295541E-01
2.914495E-08,1.1527461E-01
2.919495E-08,1.1706671E-01
2.924495E-08,1.1833173E-01
2.929495E-08,1.1912236E-01
2.934495E-08,1.1949133E-01
2.939495E-08,1.1954404E-01
2.944495E-08,1.1922778E-01
2.949495E-08,1.1870069E-01
2.954495E-08,1.1796276E-01
2.959495E-08,1.1706671E-01
2.964495E-08,1.1606524E-01
2.969495E-08,1.1506377E-01
2.974495E-08,1.1400959E-01
2.979495E-08,1.1306083E-01
2.984495E-08,1.1211206E-01
2.989495E-08,1.1132143E-01
2.994495E-08,1.1063621E-01
2.999495E-08,1.1010912E-01
3.004495E-08,1.0979287E-01
3.009495E-08,1.0958203E-01
3.014495E-08,1.0958203E-01
3.019495E-08,1.0974016E-01
3.024495E-08,1.1000370E-01
3.029495E-08,1.1047808E-01
3.034495E-08,1.1105788E-01
3.039495E-08,1.1174310E-01
3.044495E-08,1.1248103E-01
3.049495E-08,1.1332437E-01
3.054495E-08,1.1416772E-01
3.059495E-08,1.1501106E-01
3.064495E-08,1.1585440E-01
3.069495E-08,1.1664504E-01
3.074495E-08,1.1733026E-01
3.079495E-08,1.1796276E-01
3.084495E-08,1.1848985E-01
3.089495E-08,1.1885882E-01
3.094495E-08,1.1906965E-01
3.099495E-08,1.1917507E-01
3.104495E-08,1.1906965E-01
3.109495E-08,1.1885882E-01
3.114495E-08,1.1848985E-01
3.119495E-08,1.1796276E-01
3.124495E-08,1.1727755E-01
3.129495E-08,1.1653962E-01
3.134495E-08,1.1564357E-01
3.139495E-08,1.1469481E-01
3.144495E-08,1.1364063E-01
3.149495E-08,1.1258645E-01
3.154495E-08,1.1153227E-01
3.159495E-08,1.1047808E-01
3.164495E-08,1.0942390E-01
3.169495E-08,1.0847514E-01
3.174495E-08,1.0752638E-01
3.179495E-08,1.0673574E-01
3.184495E-08,1.0599782E-01
3.189495E-08,1.0541802E-01
3.194495E-08,1.0494364E-01
3.199495E-08,1.0462738E-01
3.204495E-08,1.0446926E-01
3.209495E-08,1.0441655E-01
3.214495E-08,1.0446926E-01
3.219495E-08,1.0468009E-01
3.224495E-08,1.0499635E-01
3.229495E-08,1.0541802E-01
3.234495E-08,1.0594511E-01
3.239495E-08,1.0652491E-01
3.244495E-08,1.0715742E-01
3.249495E-08,1.0778993E-01
3.254495E-08,1.0847514E-01
3.259495E-08,1.0910765E-01
3.264495E-08,1.0968745E-01
3.269495E-08,1.1026725E-01
3.274495E-08,1.1074163E-01
3.279495E-08,1.1111059E-01
3.284495E-08,1.1137414E-01
3.289495E-08,1.1153227E-01
3.294495E-08,1.1158497E-01
3.299495E-08,1.1153227E-01
3.304495E-08,1.1126872E-01
3.309495E-08,1.1095247E-01
3.314495E-08,1.1047808E-01
3.319495E-08,1.0989829E-01
3.324495E-08,1.0921307E-01
3.329495E-08,1.0842243E-01
3.334495E-08,1.0757909E-01
3.339495E-08,1.0668304E-01
3.344495E-08,1.0578698E-01
3.349495E-08,1.0483822E-01
3.354495E-08,1.0394217E-01
3.359495E-08,1.0304611E-01
3.364495E-08,1.0220277E-01
3.369495E-08,1.0141213E-01
3.374495E-08,1.0072692E-01
3.379495E-08,1.0019983E-01
3.384495E-08,9.972545E-02
3.389495E-08,9.940919E-02
3.394495E-08,9.925106E-02
3.399495E-08,9.919836E-02
3.404495E-08,9.930377E-02
3.409495E-08,9.951461E-02
3.414495E-08,9.988357E-02
3.419495E-08,1.0035795E-01
3.424495E-08,1.0093775E-01
3.429495E-08,1.0157026E-01
3.434495E-08,1.0230819E-01
3.439495E-08,1.0309882E-01
3.444495E-08,1.0388946E-01
3.449495E-08,1.0468009E-01
3.454495E-08,1.0541802E-01
3.459495E-08,1.0615595E-01
3.464495E-08,1.0678845E-01
3.469495E-08,1.0731554E-01
3.474495E-08,1.0773722E-01
3.479495E-08,1.0805347E-01
3.484495E-08,1.0821160E-01
3.489495E-08,1.0815889E-01
3.494495E-08,1.0800076E-01
3.499495E-08,1.0763180E-01
3.504495E-08,1.0715742E-01
3.509495E-08,1.0647220E-01
3.514495E-08,1.0568156E-01
3.519495E-08,1.0473280E-01
3.524495E-08,1.0367862E-01
3.529495E-08,1.0257173E-01
3.534495E-08,1.0135943E-01
3.539495E-08,1.0014712E-01
3.544495E-08,9.888210E-02
3.549495E-08,9.766979E-02
3.554495E-08,9.656291E-02
3.559495E-08,9.550872E-02
3.564495E-08,9.455996E-02
3.569495E-08,9.376933E-02
3.574495E-08,9.318953E-02
3.579495E-08,9.282057E-02
3.584495E-08,9.266244E-02
3.589495E-08,9.276786E-02
3.594495E-08,9.308411E-02
3.599495E-08,9.366391E-02
3.604495E-08,9.445454E-02
3.609495E-08,9.556143E-02
3.614495E-08,9.682645E-02
3.619495E-08,9.830230E-02
3.624495E-08,9.998899E-02
3.629495E-08,1.0178110E-01
3.634495E-08,1.0367862E-01
3.639495E-08,1.0557615E-01
3.644495E-08,1.0752638E-01
3.649495E-08,1.0937120E-01
3.654495E-08,1.1116330E-01
3.659495E-08,1.1274457E-01
3.664495E-08,1.1406230E-01
3.669495E-08,1.1511648E-01
3.674495E-08,1.1580170E-01
3.679495E-08,1.1601253E-01
3.684495E-08,1.1580170E-01
3.689495E-08,1.1506377E-01
3.694495E-08,1.1374604E-01
3.699495E-08,1.1184852E-01
3.704495E-08,1.0926578E-01
3.709495E-08,1.0599782E-01
3.714495E-08,1.0204464E-01
3.719495E-08,9.745896E-02
3.724495E-08,9.208264E-02
3.729495E-08,8.607381E-02
3.734495E-08,7.937977E-02
3.739495E-08,7.200050E-02
3.744495E-08,6.404144E-02
3.749495E-08,5.550258E-02
3.754495E-08,4.643663E-02
3.759495E-08,3.694901E-02
3.764495E-08,2.703972E-02
3.769495E-08,1.681417E-02
3.774495E-08,6.27236E-03
3.779495E-08,-4.37486E-03
3.784495E-08,-1.518020E-02
3.789495E-08,-2.598555E-02
3.794495E-08,-3.673819E-02
3.799495E-08,-4.733270E-02
3.804495E-08,-5.771638E-02
3.809495E-08,-6.788922E-02
3.814495E-08,-7.764039E-02
3.819495E-08,-8.702259E-02
3.824495E-08,-9.593041E-02
3.829495E-08,-1.0436386E-01
3.834495E-08,-1.1221750E-01
3.839495E-08,-1.1949134E-01
3.844495E-08,-1.2618539E-01
3.849495E-08,-1.3224692E-01
3.854495E-08,-1.3767595E-01
3.859495E-08,-1.4247247E-01
3.864495E-08,-1.4668919E-01
3.869495E-08,-1.5022070E-01
3.874495E-08,-1.5322511E-01
3.879495E-08,-1.5564973E-01
3.884495E-08,-1.5759996E-01
3.889495E-08,-1.5902310E-01
3.894495E-08,-1.6002457E-01
3.899495E-08,-1.6065708E-01
3.904495E-08,-1.6092063E-01
3.909495E-08,-1.6086792E-01
3.914495E-08,-1.6060437E-01
3.919495E-08,-1.6012999E-01
3.924495E-08,-1.5955019E-01
3.929495E-08,-1.5881227E-01
3.934495E-08,-1.5807434E-01
3.939495E-08,-1.5723100E-01
3.944495E-08,-1.5649307E-01
3.949495E-08,-1.5575514E-01
3.954495E-08,-1.5506993E-01
3.959495E-08,-1.5454284E-01
3.964495E-08,-1.5406846E-01
3.969495E-08,-1.5375220E-01
3.974495E-08,-1.5354137E-01
3.979495E-08,-1.5343595E-01
3.984495E-08,-1.5348866E-01
3.989495E-08,-1.5369949E-01
3.994495E-08,-1.5396304E-01
3.999495E-08,-1.5438471E-01
4.004495E-08,-1.5485909E-01
4.009495E-08,-1.5538618E-01
4.014495E-08,-1.5596598E-01
4.019495E-08,-1.5659849E-01
4.024495E-08,-1.5717829E-01
4.029495E-08,-1.5781080E-01
4.034495E-08,-1.5839060E-01
4.039495E-08,-1.5886498E-01
4.044495E-08,-1.5933936E-01
4.049495E-08,-1.5970832E-01
4.054495E-08,-1.5997187E-01
4.059495E-08,-1.6012999E-01
4.064495E-08,-1.6018270E-01
4.069495E-08,-1.6012999E-01
4.074495E-08,-1.5997187E-01
4.079495E-08,-1.5965561E-01
4.084495E-08,-1.5923394E-01
4.089495E-08,-1.5875956E-01
4.094495E-08,-1.5812705E-01
4.099495E-08,-1.5744183E-01
4.104495E-08,-1.5665120E-01
4.109495E-08,-1.5586056E-01
4.114495E-08,-1.5496451E-01
4.119495E-08,-1.5406846E-01
4.124495E-08,-1.5311969E-01
4.129495E-08,-1.5222364E-01
4.134495E-08,-1.5127488E-01
4.139495E-08,-1.5043153E-01
4.144495E-08,-1.4958819E-01
4.149495E-08,-1.4879755E-01
4.154495E-08,-1.4805963E-01
4.159495E-08,-1.4737441E-01
4.164495E-08,-1.4679461E-01
4.169495E-08,-1.4626752E-01
4.174495E-08,-1.4584585E-01
4.179495E-08,-1.4547689E-01
4.184495E-08,-1.4516063E-01
4.189495E-08,-1.4494980E-01
4.194495E-08,-1.4479167E-01
4.199495E-08,-1.4473896E-01
4.204495E-08,-1.4468625E-01
4.209495E-08,-1.4468625E-01
4.214495E-08,-1.4473896E-01
4.219495E-08,-1.4479167E-01
4.224495E-08,-1.4489709E-01
4.229495E-08,-1.4500251E-01
4.234495E-08,-1.4505521E-01
4.239495E-08,-1.4516063E-01
4.244495E-08,-1.4521334E-01
4.249495E-08,-1.4521334E-01
4.254495E-08,-1.4521334E-01
4.259495E-08,-1.4516063E-01
4.264495E-08,-1.4505521E-01
4.269495E-08,-1.4494980E-01
4.274495E-08,-1.4479167E-01
4.279495E-08,-1.4458083E-01
4.284495E-08,-1.4431729E-01
4.289495E-08,-1.4400103E-01
4.294495E-08,-1.4368478E-01
4.299495E-08,-1.4336853E-01
4.304495E-08,-1.4299956E-01
4.309495E-08,-1.4257789E-01
4.314495E-08,-1.4220893E-01
4.319495E-08,-1.4183996E-01
4.324495E-08,-1.4147100E-01
4.329495E-08,-1.4110204E-01
4.334495E-08,-1.4073308E-01
4.339495E-08,-1.4046953E-01
4.344495E-08,-1.4015328E-01
4.349495E-08,-1.3994244E-01
4.354495E-08,-1.3973160E-01
4.359495E-08,-1.3957348E-01
4.364495E-08,-1.3946806E-01
4.369495E-08,-1.3941535E-01
4.374495E-08,-1.3941535E-01
4.379495E-08,-1.3946806E-01
4.384495E-08,-1.3952077E-01
4.389495E-08,-1.3967890E-01
4.394495E-08,-1.3978431E-01
4.399495E-08,-1.3999515E-01
4.404495E-08,-1.4015328E-01
4.409495E-08,-1.4041682E-01
4.414495E-08,-1.4062766E-01
4.419495E-08,-1.4083849E-01
4.424495E-08,-1.4110204E-01
4.429495E-08,-1.4131287E-01
4.434495E-08,-1.4152371E-01
4.439495E-08,-1.4173455E-01
4.444495E-08,-1.4194538E-01
4.449495E-08,-1.4210351E-01
4.454495E-08,-1.4220893E-01
4.459495E-08,-1.4231435E-01
4.464495E-08,-1.4241976E-01
4.469495E-08,-1.4247247E-01
4.474495E-08,-1.4247247E-01
4.479495E-08,-1.4247247E-01
4.484495E-08,-1.4247247E-01
4.489495E-08,-1.4241976E-01
4.494495E-08,-1.4236705E-01
4.499495E-08,-1.4231435E-01
4.504495E-08,-1.4220893E-01
4.509495E-08,-1.4215622E-01
4.514495E-08,-1.4205080E-01
4.519495E-08,-1.4199809E-01
4.524495E-08,-1.4194538E-01
4.529495E-08,-1.4189267E-01
4.534495E-08,-1.4189267E-01
4.539495E-08,-1.4189267E-01
4.544495E-08,-1.4194538E-01
4.549495E-08,-1.4199809E-01
4.554495E-08,-1.4210351E-01
4.559495E-08,-1.4220893E-01
4.564495E-08,-1.4236705E-01
4.569495E-08,-1.4257789E-01
4.574495E-08,-1.4278873E-01
4.579495E-08,-1.4305227E-01
4.584495E-08,-1.4331582E-01
4.589495E-08,-1.4357936E-01
4.594495E-08,-1.4389562E-01
4.599495E-08,-1.4415916E-01
4.604495E-08,-1.4447542E-01
4.609495E-08,-1.4479167E-01
4.614495E-08,-1.4510792E-01
4.619495E-08,-1.4542418E-01
4.624495E-08,-1.4574043E-01
4.629495E-08,-1.4600398E-01
4.634495E-08,-1.4626752E-01
4.639495E-08,-1.4653107E-01
4.644495E-08,-1.4674190E-01
4.649495E-08,-1.4695274E-01
4.654495E-08,-1.4716358E-01
4.659495E-08,-1.4732170E-01
4.664495E-08,-1.4742712E-01
4.669495E-08,-1.4753254E-01
4.674495E-08,-1.4763796E-01
4.679495E-08,-1.4769067E-01
4.684495E-08,-1.4779608E-01
4.689495E-08,-1.4784879E-01
4.694495E-08,-1.4784879E-01
4.699495E-08,-1.4790150E-01
4.704495E-08,-1.4795421E-01
4.709495E-08,-1.4800692E-01
4.714495E-08,-1.4805963E-01
4.719495E-08,-1.4811234E-01
4.724495E-08,-1.4816505E-01
4.729495E-08,-1.4827046E-01
4.734495E-08,-1.4837588E-01
4.739495E-08,-1.4848130E-01
4.744495E-08,-1.4863943E-01
4.749495E-08,-1.4879755E-01
4.754495E-08,-1.4900839E-01
4.759495E-08,-1.4921923E-01
4.764495E-08,-1.4948277E-01
4.769495E-08,-1.4969361E-01
4.774495E-08,-1.4995715E-01
4.779495E-08,-1.5022070E-01
4.784495E-08,-1.5053695E-01
4.789495E-08,-1.5080050E-01
4.794495E-08,-1.5106404E-01
4.799495E-08,-1.5132759E-01
4.804495E-08,-1.5164384E-01
4.809495E-08,-1.5185468E-01
4.814495E-08,-1.5211822E-01
4.819495E-08,-1.5232906E-01
4.824495E-08,-1.5253989E-01
4.829495E-08,-1.5269802E-01
4.834495E-08,-1.5285615E-01
4.839495E-08,-1.5290886E-01
4.844495E-08,-1.5301428E-01
4.849495E-08,-1.5301428E-01
4.854495E-08,-1.5301428E-01
4.859495E-08,-1.5296157E-01
4.864495E-08,-1.5285615E-01
4.869495E-08,-1.5269802E-01
4.874495E-08,-1.5253989E-01
4.879495E-08,-1.5232906E-01
4.884495E-08,-1.5211822E-01
4.889495E-08,-1.5185468E-01
4.894495E-08,-1.5159113E-01
4.899495E-08,-1.5127488E-01
4.904495E-08,-1.5101133E-01
4.909495E-08,-1.5069508E-01
4.914495E-08,-1.5043153E-01
4.919495E-08,-1.5011528E-01
4.924495E-08,-1.4985173E-01
4.929495E-08,-1.4958819E-01
4.934495E-08,-1.4932464E-01
4.939495E-08,-1.4911381E-01
4.944495E-08,-1.4890297E-01
4.949495E-08,-1.4874485E-01
4.954495E-08,-1.4863943E-01
4.959495E-08,-1.4853401E-01
4.964495E-08,-1.4842859E-01
4.969495E-08,-1.4842859E-01
4.974495E-08,-1.4837588E-01
4.979495E-08,-1.4842859E-01
4.984495E-08,-1.4848130E-01
4.989495E-08,-1.4853401E-01
4.994495E-08,-1.4863943E-01
4.999495E-08,-1.4874485E-01
5.004495E-08,-1.4885026E-01
5.009495E-08,-1.4895568E-01
5.014495E-08,-1.4911381E-01
5.019495E-08,-1.4921923E-01
5.024495E-08,-1.4937735E-01
5.029495E-08,-1.4948277E-01
5.034495E-08,-1.4958819E-01
5.039495E-08,-1.4964090E-01
5.044495E-08,-1.4969361E-01
5.049495E-08,-1.4974632E-01
5.054495E-08,-1.4979903E-01
5.059495E-08,-1.4974632E-01
5.064495E-08,-1.4974632E-01
5.069495E-08,-1.4969361E-01
5.074495E-08,-1.4958819E-01
5.079495E-08,-1.4948277E-01
5.084495E-08,-1.4937735E-01
5.089495E-08,-1.4921923E-01
5.094495E-08,-1.4900839E-01
5.099495E-08,-1.4885026E-01
5.104495E-08,-1.4863943E-01
5.109495E-08,-1.4842859E-01
5.114495E-08,-1.4827046E-01
5.119495E-08,-1.4805963E-01
5.124495E-08,-1.4784879E-01
5.129495E-08,-1.4763796E-01
5.134495E-08,-1.4747983E-01
5.139495E-08,-1.4726899E-01
5.144495E-08,-1.4711087E-01
5.149495E-08,-1.4700545E-01
5.154495E-08,-1.4690003E-01
5.159495E-08,-1.4679461E-01
5.164495E-08,-1.4674190E-01
5.169495E-08,-1.4668919E-01
5.174495E-08,-1.4668919E-01
5.179495E-08,-1.4668919E-01
5.184495E-08,-1.4668919E-01
5.189495E-08,-1.4674190E-01
5.194495E-08,-1.4679461E-01
5.199495E-08,-1.4690003E-01
5.204495E-08,-1.4700545E-01
5.209495E-08,-1.4711087E-01
5.214495E-08,-1.4721628E-01
5.219495E-08,-1.4732170E-01
5.224495E-08,-1.4742712E-01
5.229495E-08,-1.4753254E-01
5.234495E-08,-1.4763796E-01
5.239495E-08,-1.4774337E-01
5.244495E-08,-1.4784879E-01
5.249495E-08,-1.4795421E-01
5.254495E-08,-1.4800692E-01
5.259495E-08,-1.4805963E-01
5.264495E-08,-1.4811234E-01
5.269495E-08,-1.4816505E-01
5.274495E-08,-1.4816505E-01
5.279495E-08,-1.4816505E-01
5.284495E-08,-1.4811234E-01
5.289495E-08,-1.4811234E-01
5.294495E-08,-1.4805963E-01
5.299495E-08,-1.4800692E-01
5.304495E-08,-1.4795421E-01
5.309495E-08,-1.4790150E-01
5.314495E-08,-1.4779608E-01
5.319495E-08,-1.4774337E-01
5.324495E-08,-1.4769067E-01
5.329495E-08,-1.4763796E-01
5.334495E-08,-1.4758525E-01
5.339495E-08,-1.4753254E-01
5.344495E-08,-1.4747983E-01
5.349495E-08,-1.4747983E-01
5.354495E-08,-1.4747983E-01
5.359495E-08,-1.4753254E-01
5.364495E-08,-1.4753254E-01
5.369495E-08,-1.4758525E-01
5.374495E-08,-1.4763796E-01
5.379495E-08,-1.4774337E-01
5.384495E-08,-1.4784879E-01
5.389495E-08,-1.4795421E-01
5.394495E-08,-1.4811234E-01
5.399495E-08,-1.4821776E-01
5.404495E-08,-1.4837588E-01
5.409495E-08,-1.4853401E-01
5.414495E-08,-1.4869214E-01
5.419495E-08,-1.4885026E-01
5.424495E-08,-1.4900839E-01
5.429495E-08,-1.4921923E-01
5.434495E-08,-1.4937735E-01
5.439495E-08,-1.4953548E-01
5.444495E-08,-1.4964090E-01
5.449495E-08,-1.4979903E-01
5.454495E-08,-1.4995715E-01
5.459495E-08,-1.5006257E-01
5.464495E-08,-1.5016799E-01
5.469495E-08,-1.5027341E-01
5.474495E-08,-1.5032612E-01
5.479495E-08,-1.5043153E-01
5.484495E-08,-1.5048424E-01
5.489495E-08,-1.5053695E-01
5.494495E-08,-1.5058966E-01
5.499495E-08,-1.5064237E-01
5.504495E-08,-1.5064237E-01
5.509495E-08,-1.5069508E-01
5.514495E-08,-1.5069508E-01
5.519495E-08,-1.5074779E-01
5.524495E-08,-1.5074779E-01
5.529495E-08,-1.5074779E-01
5.534495E-08,-1.5080050E-01
5.539495E-08,-1.5085321E-01
5.544495E-08,-1.5085321E-01
5.549495E-08,-1.5090592E-01
5.554495E-08,-1.5101133E-01
5.559495E-08,-1.5106404E-01
5.564495E-08,-1.5111675E-01
5.569495E-08,-1.5122217E-01
5.574495E-08,-1.5132759E-01
5.579495E-08,-1.5143301E-01
5.584495E-08,-1.5153842E-01
5.589495E-08,-1.5164384E-01
5.594495E-08,-1.5174926E-01
5.599495E-08,-1.5190739E-01
5.604495E-08,-1.5201280E-01
5.609495E-08,-1.5217093E-01
5.614495E-08,-1.5227635E-01
5.619495E-08,-1.5243448E-01
5.624495E-08,-1.5253989E-01
5.629495E-08,-1.5264531E-01
5.634495E-08,-1.5275073E-01
5.639495E-08,-1.5285615E-01
5.644495E-08,-1.5296157E-01
5.649495E-08,-1.5301428E-01
5.654495E-08,-1.5311969E-01
5.659495E-08,-1.5317240E-01
5.664495E-08,-1.5317240E-01
5.669495E-08,-1.5322511E-01
5.674495E-08,-1.5322511E-01
5.679495E-08,-1.5322511E-01
5.684495E-08,-1.5322511E-01
5.689495E-08,-1.5317240E-01
5.694495E-08,-1.5311969E-01
5.699495E-08,-1.5306698E-01
5.704495E-08,-1.5301428E-01
5.709495E-08,-1.5296157E-01
5.714495E-08,-1.5285615E-01
5.719495E-08,-1.5280344E-01
5.724495E-08,-1.5269802E-01
5.729495E-08,-1.5264531E-01
5.734495E-08,-1.5253989E-01
5.739495E-08,-1.5243448E-01
5.744495E-08,-1.5238177E-01
5.749495E-08,-1.5227635E-01
5.754495E-08,-1.5222364E-01
5.759495E-08,-1.5217093E-01
5.764495E-08,-1.5206551E-01
5.769495E-08,-1.5201280E-01
5.774495E-08,-1.5196010E-01
5.779495E-08,-1.5190739E-01
5.784495E-08,-1.5180197E-01
5.789495E-08,-1.5174926E-01
5.794495E-08,-1.5169655E-01
5.799495E-08,-1.5164384E-01
5.804495E-08,-1.5153842E-01
5.809495E-08,-1.5148571E-01
5.814495E-08,-1.5143301E-01
5.819495E-08,-1.5138030E-01
5.824495E-08,-1.5127488E-01
5.829495E-08,-1.5122217E-01
5.834495E-08,-1.5116946E-01
5.839495E-08,-1.5106404E-01
5.844495E-08,-1.5101133E-01
5.849495E-08,-1.5090592E-01
5.854495E-08,-1.5080050E-01
5.859495E-08,-1.5069508E-01
5.864495E-08,-1.5058966E-01
5.869495E-08,-1.5048424E-01
5.874495E-08,-1.5037883E-01
5.879495E-08,-1.5022070E-01
5.884495E-08,-1.5011528E-01
5.889495E-08,-1.4995715E-01
5.894495E-08,-1.4979903E-01
5.899495E-08,-1.4964090E-01
5.904495E-08,-1.4948277E-01
5.909495E-08,-1.4932464E-01
5.914495E-08,-1.4916652E-01
5.919495E-08,-1.4900839E-01
5.924495E-08,-1.4885026E-01
5.929495E-08,-1.4869214E-01
5.934495E-08,-1.4853401E-01
5.939495E-08,-1.4837588E-01
5.944495E-08,-1.4821776E-01
5.949495E-08,-1.4805963E-01
5.954495E-08,-1.4795421E-01
5.959495E-08,-1.4779608E-01
5.964495E-08,-1.4763796E-01
5.969495E-08,-1.4753254E-01
5.974495E-08,-1.4742712E-01
5.979495E-08,-1.4732170E-01
5.984495E-08,-1.4721628E-01
5.989495E-08,-1.4716358E-01
5.994495E-08,-1.4705816E-01
5.999495E-08,-1.4700545E-01
6.004495E-08,-1.4695274E-01
6.009495E-08,-1.4690003E-01
6.014495E-08,-1.4684732E-01
6.019495E-08,-1.4679461E-01
6.024495E-08,-1.4674190E-01
6.029495E-08,-1.4674190E-01
6.034495E-08,-1.4674190E-01
6.039495E-08,-1.4668919E-01
6.044495E-08,-1.4668919E-01
6.049495E-08,-1.4668919E-01
6.054495E-08,-1.4668919E-01
6.059495E-08,-1.4668919E-01
6.064495E-08,-1.4668919E-01
6.069495E-08,-1.4668919E-01
6.074495E-08,-1.4674190E-01
6.079495E-08,-1.4674190E-01
6.084495E-08,-1.4674190E-01
6.089495E-08,-1.4674190E-01
6.094495E-08,-1.4674190E-01
6.099495E-08,-1.4674190E-01
6.104495E-08,-1.4674190E-01
6.109495E-08,-1.4674190E-01
6.114495E-08,-1.4674190E-01
6.119495E-08,-1.4674190E-01
6.124495E-08,-1.4674190E-01
6.129495E-08,-1.4674190E-01
6.134495E-08,-1.4674190E-01
6.139495E-08,-1.4674190E-01
6.144495E-08,-1.4674190E-01
6.149495E-08,-1.4674190E-01
6.154495E-08,-1.4674190E-01
6.159495E-08,-1.4674190E-01
6.164495E-08,-1.4668919E-01
6.169495E-08,-1.4668919E-01
6.174495E-08,-1.4668919E-01
6.179495E-08,-1.4668919E-01
6.184495E-08,-1.4668919E-01
6.189495E-08,-1.4674190E-01
6.194495E-08,-1.4674190E-01
6.199495E-08,-1.4674190E-01
6.204495E-08,-1.4674190E-01
6.209495E-08,-1.4679461E-01
6.214495E-08,-1.4679461E-01
6.219495E-08,-1.4684732E-01
6.224495E-08,-1.4684732E-01
6.229495E-08,-1.4690003E-01
6.234495E-08,-1.4695274E-01
6.239495E-08,-1.4700545E-01
6.244495E-08,-1.4705816E-01
6.249495E-08,-1.4716358E-01
6.254495E-08,-1.4721628E-01
6.259495E-08,-1.4726899E-01
6.264495E-08,-1.4737441E-01
6.269495E-08,-1.4747983E-01
6.274495E-08,-1.4758525E-01
6.279495E-08,-1.4763796E-01
6.284495E-08,-1.4779608E-01
6.289495E-08,-1.4790150E-01
6.294495E-08,-1.4800692E-01
6.299495E-08,-1.4816505E-01
6.304495E-08,-1.4827046E-01
6.309495E-08,-1.4842859E-01
6.314495E-08,-1.4858672E-01
6.319495E-08,-1.4869214E-01
6.324495E-08,-1.4885026E-01
6.329495E-08,-1.4900839E-01
6.334495E-08,-1.4916652E-01
6.339495E-08,-1.4932464E-01
6.344495E-08,-1.4948277E-01
6.349495E-08,-1.4964090E-01
6.354495E-08,-1.4979903E-01
6.359495E-08,-1.4995715E-01
6.364495E-08,-1.5011528E-01
6.369495E-08,-1.5027341E-01
6.374495E-08,-1.5043153E-01
6.379495E-08,-1.5053695E-01
6.384495E-08,-1.5069508E-01
6.389495E-08,-1.5080050E-01
6.394495E-08,-1.5090592E-01
6.399495E-08,-1.5101133E-01
6.404495E-08,-1.5111675E-01
6.409495E-08,-1.5122217E-01
6.414495E-08,-1.5127488E-01
6.419495E-08,-1.5132759E-01
6.424495E-08,-1.5138030E-01
6.429495E-08,-1.5143301E-01
6.434495E-08,-1.5143301E-01
6.439495E-08,-1.5148571E-01
6.444495E-08,-1.5148571E-01
6.449495E-08,-1.5148571E-01
6.454495E-08,-1.5148571E-01
6.459495E-08,-1.5143301E-01
6.464495E-08,-1.5138030E-01
6.469495E-08,-1.5138030E-01
6.474495E-08,-1.5132759E-01
6.479495E-08,-1.5127488E-01
6.484495E-08,-1.5122217E-01
6.489495E-08,-1.5116946E-01
6.494495E-08,-1.5111675E-01
6.499495E-08,-1.5106404E-01
6.504495E-08,-1.5095862E-01
6.509495E-08,-1.5090592E-01
6.514495E-08,-1.5085321E-01
6.519495E-08,-1.5080050E-01
6.524495E-08,-1.5074779E-01
6.529495E-08,-1.5074779E-01
6.534495E-08,-1.5069508E-01
6.539495E-08,-1.5069508E-01
6.544495E-08,-1.5064237E-01
6.549495E-08,-1.5064237E-01
6.554495E-08,-1.5064237E-01
6.559495E-08,-1.5064237E-01
6.564495E-08,-1.5064237E-01
6.569495E-08,-1.5064237E-01
6.574495E-08,-1.5069508E-01
6.579495E-08,-1.5069508E-01
6.584495E-08,-1.5074779E-01
6.589495E-08,-1.5080050E-01
6.594495E-08,-1.5080050E-01
6.599495E-08,-1.5085321E-01
6.604495E-08,-1.5090592E-01
6.609495E-08,-1.5095862E-01
6.614495E-08,-1.5101133E-01
6.619495E-08,-1.5101133E-01
6.624495E-08,-1.5106404E-01
6.629495E-08,-1.5111675E-01
6.634495E-08,-1.5111675E-01
6.639495E-08,-1.5116946E-01
6.644495E-08,-1.5116946E-01
6.649495E-08,-1.5116946E-01
6.654495E-08,-1.5116946E-01
6.659495E-08,-1.5116946E-01
6.664495E-08,-1.5116946E-01
6.669495E-08,-1.5116946E-01
6.674495E-08,-1.5111675E-01
6.679495E-08,-1.5111675E-01
6.684495E-08,-1.5106404E-01
6.689495E-08,-1.5101133E-01
6.694495E-08,-1.5095862E-01
6.699495E-08,-1.5090592E-01
6.704495E-08,-1.5085321E-01
6.709495E-08,-1.5080050E-01
6.714495E-08,-1.5074779E-01
6.719495E-08,-1.5069508E-01
6.724495E-08,-1.5058966E-01
6.729495E-08,-1.5053695E-01
6.734495E-08,-1.5048424E-01
6.739495E-08,-1.5037883E-01
6.744495E-08,-1.5032612E-01
6.749495E-08,-1.5027341E-01
6.754495E-08,-1.5022070E-01
6.759495E-08,-1.5016799E-01
6.764495E-08,-1.5011528E-01
6.769495E-08,-1.5006257E-01
6.774495E-08,-1.5000986E-01
6.779495E-08,-1.4995715E-01
6.784495E-08,-1.4990444E-01
6.789495E-08,-1.4990444E-01
6.794495E-08,-1.4985173E-01
6.799495E-08,-1.4985173E-01
6.804495E-08,-1.4979903E-01
6.809495E-08,-1.4979903E-01
6.814495E-08,-1.4974632E-01
6.819495E-08,-1.4974632E-01
6.824495E-08,-1.4969361E-01
6.829495E-08,-1.4969361E-01
6.834495E-08,-1.4969361E-01
6.839495E-08,-1.4964090E-01
6.844495E-08,-1.4964090E-01
6.849495E-08,-1.4958819E-01
6.854495E-08,-1.4958819E-01
6.859495E-08,-1.4953548E-01
6.864495E-08,-1.4953548E-01
6.869495E-08,-1.4948277E-01
6.874495E-08,-1.4943006E-01
6.879495E-08,-1.4943006E-01
6.884495E-08,-1.4937735E-01
6.889495E-08,-1.4932464E-01
6.894495E-08,-1.4927194E-01
6.899495E-08,-1.4921923E-01
6.904495E-08,-1.4916652E-01
6.909495E-08,-1.4911381E-01
6.914495E-08,-1.4906110E-01
6.919495E-08,-1.4906110E-01
6.924495E-08,-1.4900839E-01
6.929495E-08,-1.4895568E-01
6.934495E-08,-1.4890297E-01
6.939495E-08,-1.4885026E-01
6.944495E-08,-1.4879755E-01
6.949495E-08,-1.4879755E-01
6.954495E-08,-1.4874485E-01
6.959495E-08,-1.4874485E-01
6.964495E-08,-1.4869214E-01
6.969495E-08,-1.4869214E-01
6.974495E-08,-1.4869214E-01
6.979495E-08,-1.4869214E-01
6.984495E-08,-1.4869214E-01
6.989495E-08,-1.4869214E-01
6.994495E-08,-1.4869214E-01
6.999495E-08,-1.4874485E-01
7.004495E-08,-1.4874485E-01
7.009495E-08,-1.4874485E-01
7.014495E-08,-1.4879755E-01
7.019495E-08,-1.4885026E-01
7.024495E-08,-1.4885026E-01
7.029495E-08,-1.4890297E-01
7.034495E-08,-1.4895568E-01
7.039495E-08,-1.4900839E-01
7.044495E-08,-1.4900839E-01
7.049495E-08,-1.4906110E-01
7.054495E-08,-1.4911381E-01
7.059495E-08,-1.4916652E-01
7.064495E-08,-1.4916652E-01
7.069495E-08,-1.4921923E-01
7.074495E-08,-1.4927194E-01
7.079495E-08,-1.4927194E-01
7.084495E-08,-1.4932464E-01
7.089495E-08,-1.4937735E-01
7.094495E-08,-1.4937735E-01
7.099495E-08,-1.4937735E-01
7.104495E-08,-1.4943006E-01
7.109495E-08,-1.4943006E-01
7.114495E-08,-1.4943006E-01
7.119495E-08,-1.4948277E-01
7.124495E-08,-1.4948277E-01
7.129495E-08,-1.4948277E-01
7.134495E-08,-1.4948277E-01
7.139495E-08,-1.4948277E-01
7.144495E-08,-1.4948277E-01
7.149495E-08,-1.4948277E-01
7.154495E-08,-1.4948277E-01
7.159495E-08,-1.4948277E-01
7.164495E-08,-1.4948277E-01
7.169495E-08,-1.4948277E-01
7.174495E-08,-1.4943006E-01
7.179495E-08,-1.4943006E-01
7.184495E-08,-1.4943006E-01
7.189495E-08,-1.4943006E-01
7.194495E-08,-1.4943006E-01
7.199495E-08,-1.4943006E-01
7.204495E-08,-1.4937735E-01
7.209495E-08,-1.4937735E-01
7.214495E-08,-1.4937735E-01
7.219495E-08,-1.4937735E-01
7.224495E-08,-1.4937735E-01
7.229495E-08,-1.4937735E-01
7.234495E-08,-1.4937735E-01
7.239495E-08,-1.4937735E-01
7.244495E-08,-1.4937735E-01
7.249495E-08,-1.4937735E-01
7.254495E-08,-1.4937735E-01
7.259495E-08,-1.4937735E-01
7.264495E-08,-1.4937735E-01
7.269495E-08,-1.4937735E-01
7.274495E-08,-1.4937735E-01
7.279495E-08,-1.4937735E-01
7.284495E-08,-1.4943006E-01
7.289495E-08,-1.4943006E-01
7.294495E-08,-1.4943006E-01
7.299495E-08,-1.4943006E-01
7.304495E-08,-1.4943006E-01
7.309495E-08,-1.4948277E-01
7.314495E-08,-1.4948277E-01
7.319495E-08,-1.4948277E-01
7.324495E-08,-1.4953548E-01
7.329495E-08,-1.4953548E-01
7.334495E-08,-1.4953548E-01
7.339495E-08,-1.4958819E-01
7.344495E-08,-1.4958819E-01
7.349495E-08,-1.4964090E-01
7.354495E-08,-1.4964090E-01
7.359495E-08,-1.4969361E-01
7.364495E-08,-1.4974632E-01
7.369495E-08,-1.4974632E-01
7.374495E-08,-1.4979903E-01
7.379495E-08,-1.4985173E-01
7.384495E-08,-1.4985173E-01
7.389495E-08,-1.4990444E-01
7.394495E-08,-1.4995715E-01
7.399495E-08,-1.4995715E-01
7.404495E-08,-1.5000986E-01
7.409495E-08,-1.5000986E-01
7.414495E-08,-1.5006257E-01
7.419495E-08,-1.5006257E-01
7.424495E-08,-1.5011528E-01
7.429495E-08,-1.5011528E-01
7.434495E-08,-1.5011528E-01
7.439495E-08,-1.5016799E-01
7.444495E-08,-1.5016799E-01
7.449495E-08,-1.5016799E-01
7.454495E-08,-1.5016799E-01
7.459495E-08,-1.5016799E-01
7.464495E-08,-1.5016799E-01
7.469495E-08,-1.5011528E-01
7.474495E-08,-1.5011528E-01
7.479495E-08,-1.5006257E-01
7.484495E-08,-1.5006257E-01
7.489495E-08,-1.5000986E-01
7.494495E-08,-1.5000986E-01
7.499495E-08,-1.4995715E-01
7.504495E-08,-1.4990444E-01
7.509495E-08,-1.4985173E-01
7.514495E-08,-1.4979903E-01
7.519495E-08,-1.4979903E-01
7.524495E-08,-1.4974632E-01
7.529495E-08,-1.4969361E-01
7.534495E-08,-1.4964090E-01
7.539495E-08,-1.4958819E-01
7.544495E-08,-1.4958819E-01
7.549495E-08,-1.4953548E-01
7.554495E-08,-1.4948277E-01
7.559495E-08,-1.4948277E-01
7.564495E-08,-1.4943006E-01
7.569495E-08,-1.4943006E-01
7.574495E-08,-1.4943006E-01
7.579495E-08,-1.4943006E-01
7.584495E-08,-1.4943006E-01
7.589495E-08,-1.4943006E-01
7.594495E-08,-1.4943006E-01
7.599495E-08,-1.4948277E-01
7.604495E-08,-1.4948277E-01
7.609495E-08,-1.4953548E-01
7.614495E-08,-1.4953548E-01
7.619495E-08,-1.4958819E-01
7.624495E-08,-1.4964090E-01
7.629495E-08,-1.4969361E-01
7.634495E-08,-1.4974632E-01
7.639495E-08,-1.4979903E-01
7.644495E-08,-1.4990444E-01
7.649495E-08,-1.4995715E-01
7.654495E-08,-1.5000986E-01
7.659495E-08,-1.5006257E-01
7.664495E-08,-1.5016799E-01
7.669495E-08,-1.5022070E-01
7.674495E-08,-1.5027341E-01
7.679495E-08,-1.5032612E-01
7.684495E-08,-1.5037883E-01
7.689495E-08,-1.5043153E-01
7.694495E-08,-1.5048424E-01
7.699495E-08,-1.5053695E-01
7.704495E-08,-1.5058966E-01
7.709495E-08,-1.5064237E-01
7.714495E-08,-1.5064237E-01
7.719495E-08,-1.5069508E-01
7.724495E-08,-1.5069508E-01
7.729495E-08,-1.5069508E-01
7.734495E-08,-1.5069508E-01
7.739495E-08,-1.5069508E-01
7.744495E-08,-1.5069508E-01
7.749495E-08,-1.5064237E-01
7.754495E-08,-1.5064237E-01
7.759495E-08,-1.5058966E-01
7.764495E-08,-1.5058966E-01
7.769495E-08,-1.5053695E-01
7.774495E-08,-1.5048424E-01
7.779495E-08,-1.5043153E-01
7.784495E-08,-1.5037883E-01
7.789495E-08,-1.5032612E-01
7.794495E-08,-1.5027341E-01
7.799495E-08,-1.5022070E-01
7.804495E-08,-1.5016799E-01
7.809495E-08,-1.5011528E-01
7.814495E-08,-1.5006257E-01
7.819495E-08,-1.5000986E-01
7.824495E-08,-1.4995715E-01
7.829495E-08,-1.4990444E-01
7.834495E-08,-1.4985173E-01
7.839495E-08,-1.4979903E-01
7.844495E-08,-1.4979903E-01
7.849495E-08,-1.4974632E-01
7.854495E-08,-1.4974632E-01
7.859495E-08,-1.4974632E-01
7.864495E-08,-1.4969361E-01
7.869495E-08,-1.4969361E-01
7.874495E-08,-1.4969361E-01
7.879495E-08,-1.4974632E-01
7.884495E-08,-1.4974632E-01
7.889495E-08,-1.4974632E-01
7.894495E-08,-1.4979903E-01
7.899495E-08,-1.4979903E-01
7.904495E-08,-1.4985173E-01
7.909495E-08,-1.4990444E-01
7.914495E-08,-1.4990444E-01
7.919495E-08,-1.4995715E-01
7.924495E-08,-1.5000986E-01
7.929495E-08,-1.5006257E-01
7.934495E-08,-1.5006257E-01
7.939495E-08,-1.5011528E-01
7.944495E-08,-1.5016799E-01
7.949495E-08,-1.5016799E-01
7.954495E-08,-1.5022070E-01
7.959495E-08,-1.5022070E-01
7.964495E-08,-1.5027341E-01
7.969495E-08,-1.5027341E-01
7.974495E-08,-1.5027341E-01
7.979495E-08,-1.5027341E-01
7.984495E-08,-1.5027341E-01
7.989495E-08,-1.5027341E-01
7.994495E-08,-1.5027341E-01
7.999495E-08,-1.5027341E-01
8.004495E-08,-1.5022070E-01
8.009495E-08,-1.5022070E-01
8.014495E-08,-1.5016799E-01
8.019495E-08,-1.5011528E-01
8.024495E-08,-1.5011528E-01
8.029495E-08,-1.5006257E-01
8.034495E-08,-1.5000986E-01
8.039495E-08,-1.4995715E-01
8.044495E-08,-1.4990444E-01
8.049495E-08,-1.4985173E-01
8.054495E-08,-1.4979903E-01
8.059495E-08,-1.4974632E-01
8.064495E-08,-1.4969361E-01
8.069495E-08,-1.4964090E-01
8.074495E-08,-1.4964090E-01
8.079495E-08,-1.4958819E-01
8.084495E-08,-1.4953548E-01
8.089495E-08,-1.4953548E-01
8.094495E-08,-1.4948277E-01
8.099495E-08,-1.4948277E-01
8.104495E-08,-1.4948277E-01
8.109495E-08,-1.4948277E-01
8.114495E-08,-1.4943006E-01
8.119495E-08,-1.4948277E-01
8.124495E-08,-1.4948277E-01
8.129495E-08,-1.4948277E-01
8.134495E-08,-1.4948277E-01
8.139495E-08,-1.4953548E-01
8.144495E-08,-1.4953548E-01
8.149495E-08,-1.4958819E-01
8.154495E-08,-1.4958819E-01
8.159495E-08,-1.4964090E-01
8.164495E-08,-1.4964090E-01
8.169495E-08,-1.4969361E-01
8.174495E-08,-1.4974632E-01
8.179495E-08,-1.4974632E-01
8.184495E-08,-1.4979903E-01
8.189495E-08,-1.4979903E-01
8.194495E-08,-1.4979903E-01
8.199495E-08,-1.4985173E-01
8.204495E-08,-1.4985173E-01
8.209495E-08,-1.4985173E-01
8.214495E-08,-1.4985173E-01
8.219495E-08,-1.4985173E-01
8.224495E-08,-1.4985173E-01
8.229495E-08,-1.4985173E-01
8.234495E-08,-1.4985173E-01
8.239495E-08,-1.4985173E-01
8.244495E-08,-1.4979903E-01
8.249495E-08,-1.4979903E-01
8.254495E-08,-1.4979903E-01
8.259495E-08,-1.4974632E-01
8.264495E-08,-1.4974632E-01
8.269495E-08,-1.4974632E-01
8.274495E-08,-1.4969361E-01
8.279495E-08,-1.4969361E-01
8.284495E-08,-1.4964090E-01
8.289495E-08,-1.4964090E-01
8.294495E-08,-1.4964090E-01
8.299495E-08,-1.4964090E-01
8.304495E-08,-1.4964090E-01
8.309495E-08,-1.4964090E-01
8.314495E-08,-1.4964090E-01
8.319495E-08,-1.4964090E-01
8.324495E-08,-1.4964090E-01
8.329495E-08,-1.4969361E-01
8.334495E-08,-1.4969361E-01
8.339495E-08,-1.4974632E-01
8.344495E-08,-1.4974632E-01
8.349495E-08,-1.4979903E-01
8.354495E-08,-1.4985173E-01
8.359495E-08,-1.4985173E-01
8.364495E-08,-1.4990444E-01
8.369495E-08,-1.4995715E-01
8.374495E-08,-1.5000986E-01
8.379495E-08,-1.5000986E-01
8.384495E-08,-1.5006257E-01
8.389495E-08,-1.5011528E-01
8.394495E-08,-1.5016799E-01
8.399495E-08,-1.5016799E-01
8.404495E-08,-1.5022070E-01
8.409495E-08,-1.5022070E-01
8.414495E-08,-1.5027341E-01
8.419495E-08,-1.5027341E-01
8.424495E-08,-1.5027341E-01
8.429495E-08,-1.5027341E-01
8.434495E-08,-1.5027341E-01
8.439495E-08,-1.5027341E-01
8.444495E-08,-1.5027341E-01
8.449495E-08,-1.5027341E-01
8.454495E-08,-1.5027341E-01
8.459495E-08,-1.5022070E-01
8.464495E-08,-1.5022070E-01
8.469495E-08,-1.5022070E-01
8.474495E-08,-1.5016799E-01
8.479495E-08,-1.5016799E-01
8.484495E-08,-1.5011528E-01
8.489495E-08,-1.5011528E-01
8.494495E-08,-1.5011528E-01
8.499495E-08,-1.5011528E-01
8.504495E-08,-1.5006257E-01
8.509495E-08,-1.5006257E-01
8.514495E-08,-1.5006257E-01
8.519495E-08,-1.5006257E-01
8.524495E-08,-1.5006257E-01
8.529495E-08,-1.5011528E-01
8.534495E-08,-1.5011528E-01
8.539495E-08,-1.5011528E-01
8.544495E-08,-1.5016799E-01
8.549495E-08,-1.5022070E-01
8.554495E-08,-1.5022070E-01
8.559495E-08,-1.5027341E-01
8.564495E-08,-1.5032612E-01
8.569495E-08,-1.5037883E-01
8.574495E-08,-1.5043153E-01
8.579495E-08,-1.5048424E-01
8.584495E-08,-1.5053695E-01
8.589495E-08,-1.5058966E-01
8.594495E-08,-1.5064237E-01
8.599495E-08,-1.5069508E-01
8.604495E-08,-1.5069508E-01
8.609495E-08,-1.5074779E-01
8.614495E-08,-1.5080050E-01
8.619495E-08,-1.5080050E-01
8.624495E-08,-1.5085321E-01
8.629495E-08,-1.5085321E-01
8.634495E-08,-1.5085321E-01
8.639495E-08,-1.5085321E-01
8.644495E-08,-1.5080050E-01
8.649495E-08,-1.5080050E-01
8.654495E-08,-1.5074779E-01
8.659495E-08,-1.5074779E-01
8.664495E-08,-1.5069508E-01
8.669495E-08,-1.5064237E-01
8.674495E-08,-1.5058966E-01
8.679495E-08,-1.5048424E-01
8.684495E-08,-1.5043153E-01
8.689495E-08,-1.5032612E-01
8.694495E-08,-1.5027341E-01
8.699495E-08,-1.5016799E-01
8.704495E-08,-1.5011528E-01
8.709495E-08,-1.5000986E-01
8.714495E-08,-1.4990444E-01
8.719495E-08,-1.4985173E-01
8.724495E-08,-1.4974632E-01
8.729495E-08,-1.4969361E-01
8.734495E-08,-1.4958819E-01
8.739495E-08,-1.4953548E-01
8.744495E-08,-1.4948277E-01
8.749495E-08,-1.4937735E-01
8.754495E-08,-1.4932464E-01
8.759495E-08,-1.4932464E-01
8.764495E-08,-1.4927194E-01
8.769495E-08,-1.4921923E-01
8.774495E-08,-1.4921923E-01
8.779495E-08,-1.4916652E-01
8.784495E-08,-1.4916652E-01
8.789495E-08,-1.4916652E-01
8.794495E-08,-1.4916652E-01
8.799495E-08,-1.4916652E-01
8.804495E-08,-1.4921923E-01
8.809495E-08,-1.4921923E-01
8.814495E-08,-1.4921923E-01
8.819495E-08,-1.4927194E-01
8.824495E-08,-1.4932464E-01
8.829495E-08,-1.4932464E-01
8.834495E-08,-1.4937735E-01
8.839495E-08,-1.4937735E-01
8.844495E-08,-1.4943006E-01
8.849495E-08,-1.4943006E-01
8.854495E-08,-1.4948277E-01
8.859495E-08,-1.4948277E-01
8.864495E-08,-1.4953548E-01
8.869495E-08,-1.4953548E-01
8.874495E-08,-1.4958819E-01
8.879495E-08,-1.4958819E-01
8.884495E-08,-1.4958819E-01
8.889495E-08,-1.4958819E-01
8.894495E-08,-1.4958819E-01
8.899495E-08,-1.4958819E-01
8.904495E-08,-1.4958819E-01
8.909495E-08,-1.4958819E-01
8.914495E-08,-1.4958819E-01
8.919495E-08,-1.4958819E-01
8.924495E-08,-1.4958819E-01
8.929495E-08,-1.4958819E-01
8.934495E-08,-1.4958819E-01
8.939495E-08,-1.4958819E-01
8.944495E-08,-1.4958819E-01
8.949495E-08,-1.4958819E-01
8.954495E-08,-1.4958819E-01
8.959495E-08,-1.4958819E-01
8.964495E-08,-1.4958819E-01
8.969495E-08,-1.4958819E-01
8.974495E-08,-1.4958819E-01
8.979495E-08,-1.4958819E-01
8.984495E-08,-1.4958819E-01
8.989495E-08,-1.4958819E-01
8.994495E-08,-1.4964090E-01
8.999495E-08,-1.4964090E-01
9.004495E-08,-1.4964090E-01
9.009495E-08,-1.4969361E-01
9.014495E-08,-1.4969361E-01
9.019495E-08,-1.4974632E-01
9.024495E-08,-1.4974632E-01
9.029495E-08,-1.4974632E-01
9.034495E-08,-1.4974632E-01
9.039495E-08,-1.4979903E-01
9.044495E-08,-1.4979903E-01
9.049495E-08,-1.4979903E-01
9.054495E-08,-1.4979903E-01
9.059495E-08,-1.4979903E-01
9.064495E-08,-1.4979903E-01
9.069495E-08,-1.4979903E-01
9.074495E-08,-1.4979903E-01
9.079495E-08,-1.4974632E-01
9.084495E-08,-1.4974632E-01
9.089495E-08,-1.4974632E-01
9.094495E-08,-1.4974632E-01
9.099495E-08,-1.4969361E-01
9.104495E-08,-1.4969361E-01
9.109495E-08,-1.4964090E-01
9.114495E-08,-1.4964090E-01
9.119495E-08,-1.4964090E-01
9.124495E-08,-1.4958819E-01
9.129495E-08,-1.4958819E-01
9.134495E-08,-1.4958819E-01
9.139495E-08,-1.4958819E-01
9.144495E-08,-1.4953548E-01
9.149495E-08,-1.4953548E-01
9.154495E-08,-1.4953548E-01
9.159495E-08,-1.4958819E-01
9.164495E-08,-1.4958819E-01
9.169495E-08,-1.4958819E-01
9.174495E-08,-1.4964090E-01
9.179495E-08,-1.4964090E-01
9.184495E-08,-1.4969361E-01
9.189495E-08,-1.4974632E-01
9.194495E-08,-1.4974632E-01
9.199495E-08,-1.4979903E-01
9.204495E-08,-1.4985173E-01
9.209495E-08,-1.4990444E-01
9.214495E-08,-1.5000986E-01
9.219495E-08,-1.5006257E-01
9.224495E-08,-1.5011528E-01
9.229495E-08,-1.5016799E-01
9.234495E-08,-1.5022070E-01
9.239495E-08,-1.5027341E-01
9.244495E-08,-1.5032612E-01
9.249495E-08,-1.5037883E-01
9.254495E-08,-1.5043153E-01
9.259495E-08,-1.5048424E-01
9.264495E-08,-1.5053695E-01
9.269495E-08,-1.5058966E-01
9.274495E-08,-1.5058966E-01
9.279495E-08,-1.5058966E-01
9.284495E-08,-1.5064237E-01
9.289495E-08,-1.5064237E-01
9.294495E-08,-1.5064237E-01
9.299495E-08,-1.5064237E-01
9.304495E-08,-1.5058966E-01
9.309495E-08,-1.5058966E-01
9.314495E-08,-1.5053695E-01
9.319495E-08,-1.5053695E-01
9.324495E-08,-1.5048424E-01
9.329495E-08,-1.5043153E-01
9.334495E-08,-1.5037883E-01
9.339495E-08,-1.5032612E-01
9.344495E-08,-1.5027341E-01
9.349495E-08,-1.5022070E-01
9.354495E-08,-1.5016799E-01
9.359495E-08,-1.5011528E-01
9.364495E-08,-1.5006257E-01
9.369495E-08,-1.5006257E-01
9.374495E-08,-1.5000986E-01
9.379495E-08,-1.4995715E-01
9.384495E-08,-1.4990444E-01
9.389495E-08,-1.4990444E-01
9.394495E-08,-1.4985173E-01
9.399495E-08,-1.4985173E-01
9.404495E-08,-1.4985173E-01
9.409495E-08,-1.4985173E-01
9.414495E-08,-1.4985173E-01
9.419495E-08,-1.4985173E-01
9.424495E-08,-1.4985173E-01
9.429495E-08,-1.4985173E-01
9.434495E-08,-1.4990444E-01
9.439495E-08,-1.4990444E-01
9.444495E-08,-1.4995715E-01
9.449495E-08,-1.4995715E-01
9.454495E-08,-1.5000986E-01
9.459495E-08,-1.5006257E-01
9.464495E-08,-1.5011528E-01
9.469495E-08,-1.5011528E-01
9.474495E-08,-1.5016799E-01
9.479495E-08,-1.5022070E-01
9.484495E-08,-1.5022070E-01
9.489495E-08,-1.5027341E-01
9.494495E-08,-1.5032612E-01
9.499495E-08,-1.5032612E-01
9.504495E-08,-1.5032612E-01
9.509495E-08,-1.5037883E-01
9.514495E-08,-1.5037883E-01
9.519495E-08,-1.5037883E-01
9.524495E-08,-1.5037883E-01
9.529495E-08,-1.5037883E-01
9.534495E-08,-1.5037883E-01
9.539495E-08,-1.5037883E-01
9.544495E-08,-1.5037883E-01
9.549495E-08,-1.5032612E-01
9.554495E-08,-1.5032612E-01
9.559495E-08,-1.5032612E-01
9.564495E-08,-1.5027341E-01
9.569495E-08,-1.5022070E-01
9.574495E-08,-1.5022070E-01
9.579495E-08,-1.5016799E-01
9.584495E-08,-1.5016799E-01
9.589495E-08,-1.5011528E-01
9.594495E-08,-1.5006257E-01
9.599495E-08,-1.5006257E-01
9.604495E-08,-1.5000986E-01
9.609495E-08,-1.5000986E-01
9.614495E-08,-1.4995715E-01
9.619495E-08,-1.4995715E-01
9.624495E-08,-1.4990444E-01
9.629495E-08,-1.4990444E-01
9.634495E-08,-1.4990444E-01
9.639495E-08,-1.4990444E-01
9.644495E-08,-1.4990444E-01
9.649495E-08,-1.4990444E-01
9.654495E-08,-1.4990444E-01
9.659495E-08,-1.4990444E-01
9.664495E-08,-1.4990444E-01
9.669495E-08,-1.4990444E-01
9.674495E-08,-1.4995715E-01
9.679495E-08,-1.4995715E-01
9.684495E-08,-1.5000986E-01
9.689495E-08,-1.5000986E-01
9.694495E-08,-1.5006257E-01
9.699495E-08,-1.5006257E-01
9.704495E-08,-1.5011528E-01
9.709495E-08,-1.5011528E-01
9.714495E-08,-1.5016799E-01
9.719495E-08,-1.5016799E-01
9.724495E-08,-1.5022070E-01
9.729495E-08,-1.5027341E-01
9.734495E-08,-1.5027341E-01
9.739495E-08,-1.5032612E-01
9.744495E-08,-1.5032612E-01
9.749495E-08,-1.5037883E-01
9.754495E-08,-1.5037883E-01
9.759495E-08,-1.5043153E-01
9.764495E-08,-1.5043153E-01
9.769495E-08,-1.5043153E-01
9.774495E-08,-1.5048424E-01
9.779495E-08,-1.5048424E-01
9.784495E-08,-1.5048424E-01
9.789495E-08,-1.5048424E-01
9.794495E-08,-1.5053695E-01
9.799495E-08,-1.5053695E-01
9.804495E-08,-1.5053695E-01
9.809495E-08,-1.5053695E-01
9.814495E-08,-1.5053695E-01
9.819495E-08,-1.5053695E-01
9.824495E-08,-1.5053695E-01
9.829495E-08,-1.5053695E-01
9.834495E-08,-1.5053695E-01
9.839495E-08,-1.5053695E-01
9.844495E-08,-1.5058966E-01
9.849495E-08,-1.5058966E-01
9.854495E-08,-1.5053695E-01
9.859495E-08,-1.5053695E-01
9.864495E-08,-1.5053695E-01
9.869495E-08,-1.5053695E-01
9.874495E-08,-1.5053695E-01
9.879495E-08,-1.5053695E-01
9.884495E-08,-1.5053695E-01
9.889495E-08,-1.5053695E-01
9.894495E-08,-1.5053695E-01
9.899495E-08,-1.5053695E-01
9.904495E-08,-1.5053695E-01
9.909495E-08,-1.5053695E-01
9.914495E-08,-1.5053695E-01
9.919495E-08,-1.5053695E-01
9.924495E-08,-1.5048424E-01
9.929495E-08,-1.5048424E-01
9.934495E-08,-1.5048424E-01
9.939495E-08,-1.5048424E-01
9.944495E-08,-1.5043153E-01
9.949495E-08,-1.5043153E-01
9.954495E-08,-1.5037883E-01
9.959495E-08,-1.5037883E-01
9.964495E-08,-1.5032612E-01
9.969495E-08,-1.5032612E-01
9.974495E-08,-1.5027341E-01
9.979495E-08,-1.5022070E-01
9.984495E-08,-1.5016799E-01
9.989495E-08,-1.5011528E-01
9.994495E-08,-1.5006257E-01
9.999495E-08,-1.5000986E-01
1.0004495E-07,-1.4995715E-01
1.0009495E-07,-1.4990444E-01
1.0014495E-07,-1.4985173E-01
1.0019495E-07,-1.4974632E-01
1.0024495E-07,-1.4969361E-01
1.0029495E-07,-1.4964090E-01
1.0034495E-07,-1.4953548E-01
1.0039495E-07,-1.4948277E-01
1.0044495E-07,-1.4937735E-01
1.0049495E-07,-1.4932464E-01
1.0054495E-07,-1.4921923E-01
1.0059495E-07,-1.4916652E-01
1.0064495E-07,-1.4911381E-01
1.0069495E-07,-1.4900839E-01
1.0074495E-07,-1.4895568E-01
1.0079495E-07,-1.4890297E-01
1.0084495E-07,-1.4885026E-01
1.0089495E-07,-1.4879755E-01
1.0094495E-07,-1.4874485E-01
1.0099495E-07,-1.4869214E-01
1.0104495E-07,-1.4863943E-01
1.0109495E-07,-1.4863943E-01
1.0114495E-07,-1.4863943E-01
1.0119495E-07,-1.4858672E-01
1.0124495E-07,-1.4858672E-01
1.0129495E-07,-1.4858672E-01
1.0134495E-07,-1.4863943E-01
1.0139495E-07,-1.4863943E-01
1.0144495E-07,-1.4869214E-01
1.0149495E-07,-1.4869214E-01
1.0154495E-07,-1.4874485E-01
1.0159495E-07,-1.4879755E-01
1.0164495E-07,-1.4885026E-01
1.0169495E-07,-1.4890297E-01
1.0174495E-07,-1.4895568E-01
1.0179495E-07,-1.4906110E-01
1.0184495E-07,-1.4911381E-01
1.0189495E-07,-1.4916652E-01
1.0194495E-07,-1.4927194E-01
1.0199495E-07,-1.4932464E-01
1.0204495E-07,-1.4943006E-01
1.0209495E-07,-1.4948277E-01
1.0214495E-07,-1.4953548E-01
1.0219495E-07,-1.4964090E-01
1.0224495E-07,-1.4969361E-01
1.0229495E-07,-1.4974632E-01
1.0234495E-07,-1.4979903E-01
1.0239495E-07,-1.4985173E-01
1.0244495E-07,-1.4990444E-01
1.0249495E-07,-1.4995715E-01
1.0254495E-07,-1.5000986E-01
1.0259495E-07,-1.5000986E-01
1.0264495E-07,-1.5006257E-01
1.0269495E-07,-1.5006257E-01
1.0274495E-07,-1.5006257E-01
1.0279495E-07,-1.5006257E-01
1.0284495E-07,-1.5006257E-01
1.0289495E-07,-1.5006257E-01
1.0294495E-07,-1.5006257E-01
1.0299495E-07,-1.5000986E-01
1.0304495E-07,-1.5000986E-01
1.0309495E-07,-1.4995715E-01
1.0314495E-07,-1.4990444E-01
1.0319495E-07,-1.4990444E-01
1.0324495E-07,-1.4985173E-01
1.0329495E-07,-1.4979903E-01
1.0334495E-07,-1.4974632E-01
1.0339495E-07,-1.4974632E-01
1.0344495E-07,-1.4969361E-01
1.0349495E-07,-1.4964090E-01
1.0354495E-07,-1.4958819E-01
1.0359495E-07,-1.4958819E-01
1.0364495E-07,-1.4953548E-01
1.0369495E-07,-1.4953548E-01
1.0374495E-07,-1.4948277E-01
1.0379495E-07,-1.4948277E-01
1.0384495E-07,-1.4948277E-01
1.0389495E-07,-1.4943006E-01
1.0394495E-07,-1.4943006E-01
1.0399495E-07,-1.4943006E-01
1.0404495E-07,-1.4943006E-01
1.0409495E-07,-1.4948277E-01
1.0414495E-07,-1.4948277E-01
1.0419495E-07,-1.4948277E-01
1.0424495E-07,-1.4953548E-01
1.0429495E-07,-1.4953548E-01
1.0434495E-07,-1.4958819E-01
1.0439495E-07,-1.4958819E-01
1.0444495E-07,-1.4964090E-01
1.0449495E-07,-1.4964090E-01
1.0454495E-07,-1.4969361E-01
1.0459495E-07,-1.4974632E-01
1.0464495E-07,-1.4974632E-01
1.0469495E-07,-1.4979903E-01
1.0474495E-07,-1.4979903E-01
1.0479495E-07,-1.4985173E-01
1.0484495E-07,-1.4985173E-01
1.0489495E-07,-1.4990444E-01
1.0494495E-07,-1.4990444E-01
1.0499495E-07,-1.4995715E-01
1.0504495E-07,-1.4995715E-01
1.0509495E-07,-1.4995715E-01
1.0514495E-07,-1.5000986E-01
1.0519495E-07,-1.5000986E-01
1.0524495E-07,-1.5000986E-01
1.0529495E-07,-1.5000986E-01
1.0534495E-07,-1.5000986E-01
1.0539495E-07,-1.5006257E-01
1.0544495E-07,-1.5006257E-01
1.0549495E-07,-1.5006257E-01
1.0554495E-07,-1.5006257E-01
1.0559495E-07,-1.5000986E-01
1.0564495E-07,-1.5000986E-01
1.0569495E-07,-1.5000986E-01
1.0574495E-07,-1.5000986E-01
1.0579495E-07,-1.5000986E-01
1.0584495E-07,-1.5000986E-01
1.0589495E-07,-1.5000986E-01
1.0594495E-07,-1.5000986E-01
1.0599495E-07,-1.5000986E-01
1.0604495E-07,-1.5000986E-01
1.0609495E-07,-1.5000986E-01
1.0614495E-07,-1.5000986E-01
1.0619495E-07,-1.5000986E-01
1.0624495E-07,-1.5000986E-01
1.0629495E-07,-1.5000986E-01
1.0634495E-07,-1.5000986E-01
1.0639495E-07,-1.5000986E-01
1.0644495E-07,-1.5000986E-01
1.0649495E-07,-1.5000986E-01
1.0654495E-07,-1.5000986E-01
1.0659495E-07,-1.5006257E-01
1.0664495E-07,-1.5006257E-01
1.0669495E-07,-1.5006257E-01
1.0674495E-07,-1.5006257E-01
1.0679495E-07,-1.5011528E-01
1.0684495E-07,-1.5011528E-01
1.0689495E-07,-1.5011528E-01
1.0694495E-07,-1.5011528E-01
1.0699495E-07,-1.5011528E-01
1.0704495E-07,-1.5011528E-01
1.0709495E-07,-1.5016799E-01
1.0714495E-07,-1.5016799E-01
1.0719495E-07,-1.5016799E-01
1.0724495E-07,-1.5016799E-01
1.0729495E-07,-1.5016799E-01
1.0734495E-07,-1.5016799E-01
1.0739495E-07,-1.5016799E-01
1.0744495E-07,-1.5016799E-01
1.0749495E-07,-1.5016799E-01
1.0754495E-07,-1.5011528E-01
1.0759495E-07,-1.5011528E-01
1.0764495E-07,-1.5011528E-01
1.0769495E-07,-1.5011528E-01
1.0774495E-07,-1.5011528E-01
1.0779495E-07,-1.5006257E-01
1.0784495E-07,-1.5006257E-01
1.0789495E-07,-1.5006257E-01
1.0794495E-07,-1.5000986E-01
1.0799495E-07,-1.5000986E-01
1.0804495E-07,-1.4995715E-01
1.0809495E-07,-1.4995715E-01
1.0814495E-07,-1.4995715E-01
1.0819495E-07,-1.4990444E-01
1.0824495E-07,-1.4990444E-01
1.0829495E-07,-1.4985173E-01
1.0834495E-07,-1.4979903E-01
1.0839495E-07,-1.4979903E-01
1.0844495E-07,-1.4974632E-01
1.0849495E-07,-1.4969361E-01
1.0854495E-07,-1.4969361E-01
1.0859495E-07,-1.4964090E-01
1.0864495E-07,-1.4958819E-01
1.0869495E-07,-1.4958819E-01
1.0874495E-07,-1.4953548E-01
1.0879495E-07,-1.4948277E-01
1.0884495E-07,-1.4943006E-01
1.0889495E-07,-1.4943006E-01
1.0894495E-07,-1.4937735E-01
1.0899495E-07,-1.4932464E-01
1.0904495E-07,-1.4932464E-01
1.0909495E-07,-1.4927194E-01
1.0914495E-07,-1.4921923E-01
1.0919495E-07,-1.4921923E-01
1.0924495E-07,-1.4921923E-01
1.0929495E-07,-1.4916652E-01
1.0934495E-07,-1.4916652E-01
1.0939495E-07,-1.4916652E-01
1.0944495E-07,-1.4916652E-01
1.0949495E-07,-1.4916652E-01
1.0954495E-07,-1.4916652E-01
1.0959495E-07,-1.4916652E-01
1.0964495E-07,-1.4921923E-01
1.0969495E-07,-1.4921923E-01
1.0974495E-07,-1.4927194E-01
1.0979495E-07,-1.4932464E-01
1.0984495E-07,-1.4937735E-01
1.0989495E-07,-1.4943006E-01
1.0994495E-07,-1.4948277E-01
1.0999495E-07,-1.4953548E-01
1.1004495E-07,-1.4958819E-01
1.1009495E-07,-1.4964090E-01
1.1014495E-07,-1.4974632E-01
1.1019495E-07,-1.4979903E-01
1.1024495E-07,-1.4985173E-01
1.1029495E-07,-1.4995715E-01
1.1034495E-07,-1.5000986E-01
1.1039495E-07,-1.5006257E-01
1.1044495E-07,-1.5011528E-01
1.1049495E-07,-1.5016799E-01
1.1054495E-07,-1.5022070E-01
1.1059495E-07,-1.5027341E-01
1.1064495E-07,-1.5032612E-01
1.1069495E-07,-1.5037883E-01
1.1074495E-07,-1.5037883E-01
1.1079495E-07,-1.5043153E-01
1.1084495E-07,-1.5043153E-01
1.1089495E-07,-1.5043153E-01
1.1094495E-07,-1.5043153E-01
1.1099495E-07,-1.5043153E-01
1.1104495E-07,-1.5043153E-01
1.1109495E-07,-1.5037883E-01
1.1114495E-07,-1.5037883E-01
1.1119495E-07,-1.5032612E-01
1.1124495E-07,-1.5027341E-01
1.1129495E-07,-1.5022070E-01
1.1134495E-07,-1.5016799E-01
1.1139495E-07,-1.5011528E-01
1.1144495E-07,-1.5006257E-01
1.1149495E-07,-1.5000986E-01
1.1154495E-07,-1.4995715E-01
1.1159495E-07,-1.4990444E-01
1.1164495E-07,-1.4985173E-01
1.1169495E-07,-1.4974632E-01
1.1174495E-07,-1.4969361E-01
1.1179495E-07,-1.4964090E-01
1.1184495E-07,-1.4958819E-01
1.1189495E-07,-1.4953548E-01
1.1194495E-07,-1.4948277E-01
1.1199495E-07,-1.4948277E-01
1.1204495E-07,-1.4943006E-01
1.1209495E-07,-1.4937735E-01
1.1214495E-07,-1.4937735E-01
1.1219495E-07,-1.4937735E-01
1.1224495E-07,-1.4937735E-01
1.1229495E-07,-1.4932464E-01
1.1234495E-07,-1.4932464E-01
1.1239495E-07,-1.4937735E-01
1.1244495E-07,-1.4937735E-01
1.1249495E-07,-1.4937735E-01
1.1254495E-07,-1.4943006E-01
1.1259495E-07,-1.4943006E-01
1.1264495E-07,-1.4948277E-01
1.1269495E-07,-1.4953548E-01
1.1274495E-07,-1.4953548E-01
1.1279495E-07,-1.4958819E-01
1.1284495E-07,-1.4964090E-01
1.1289495E-07,-1.4964090E-01
1.1294495E-07,-1.4969361E-01
1.1299495E-07,-1.4974632E-01
1.1304495E-07,-1.4979903E-01
1.1309495E-07,-1.4979903E-01
1.1314495E-07,-1.4985173E-01
1.1319495E-07,-1.4990444E-01
1.1324495E-07,-1.4990444E-01
1.1329495E-07,-1.4995715E-01
1.1334495E-07,-1.5000986E-01
1.1339495E-07,-1.5000986E-01
1.1344495E-07,-1.5006257E-01
1.1349495E-07,-1.5006257E-01
1.1354495E-07,-1.5011528E-01
1.1359495E-07,-1.5011528E-01
1.1364495E-07,-1.5016799E-01
1.1369495E-07,-1.5016799E-01
1.1374495E-07,-1.5016799E-01
1.1379495E-07,-1.5022070E-01
1.1384495E-07,-1.5022070E-01
1.1389495E-07,-1.5022070E-01
1.1394495E-07,-1.5027341E-01
1.1399495E-07,-1.5027341E-01
1.1404495E-07,-1.5027341E-01
1.1409495E-07,-1.5032612E-01
1.1414495E-07,-1.5032612E-01
1.1419495E-07,-1.5037883E-01
1.1424495E-07,-1.5037883E-01
1.1429495E-07,-1.5037883E-01
1.1434495E-07,-1.5043153E-01
1.1439495E-07,-1.5043153E-01
1.1444495E-07,-1.5043153E-01
1.1449495E-07,-1.5048424E-01
1.1454495E-07,-1.5048424E-01
1.1459495E-07,-1.5053695E-01
1.1464495E-07,-1.5053695E-01
1.1469495E-07,-1.5053695E-01
1.1474495E-07,-1.5058966E-01
1.1479495E-07,-1.5058966E-01
1.1484495E-07,-1.5058966E-01
1.1489495E-07,-1.5058966E-01
1.1494495E-07,-1.5064237E-01
1.1499495E-07,-1.5064237E-01
1.1504495E-07,-1.5064237E-01
1.1509495E-07,-1.5064237E-01
1.1514495E-07,-1.5064237E-01
1.1519495E-07,-1.5064237E-01
1.1524495E-07,-1.5064237E-01
1.1529495E-07,-1.5064237E-01
1.1534495E-07,-1.5064237E-01
1.1539495E-07,-1.5064237E-01
1.1544495E-07,-1.5064237E-01
1.1549495E-07,-1.5064237E-01
1.1554495E-07,-1.5064237E-01
1.1559495E-07,-1.5058966E-01
1.1564495E-07,-1.5058966E-01
1.1569495E-07,-1.5058966E-01
1.1574495E-07,-1.5053695E-01
1.1579495E-07,-1.5053695E-01
1.1584495E-07,-1.5053695E-01
1.1589495E-07,-1.5048424E-01
1.1594495E-07,-1.5048424E-01
1.1599495E-07,-1.5043153E-01
1.1604495E-07,-1.5043153E-01
1.1609495E-07,-1.5037883E-01
1.1614495E-07,-1.5032612E-01
1.1619495E-07,-1.5032612E-01
1.1624495E-07,-1.5027341E-01
1.1629495E-07,-1.5027341E-01
1.1634495E-07,-1.5022070E-01
1.1639495E-07,-1.5016799E-01
1.1644495E-07,-1.5016799E-01
1.1649495E-07,-1.5011528E-01
1.1654495E-07,-1.5011528E-01
1.1659495E-07,-1.5006257E-01
1.1664495E-07,-1.5000986E-01
1.1669495E-07,-1.5000986E-01
1.1674495E-07,-1.4995715E-01
1.1679495E-07,-1.4995715E-01
1.1684495E-07,-1.4990444E-01
1.1689495E-07,-1.4985173E-01
1.1694495E-07,-1.4985173E-01
1.1699495E-07,-1.4979903E-01
1.1704495E-07,-1.4979903E-01
1.1709495E-07,-1.4974632E-01
1.1714495E-07,-1.4969361E-01
1.1719495E-07,-1.4969361E-01
1.1724495E-07,-1.4964090E-01
1.1729495E-07,-1.4964090E-01
1.1734495E-07,-1.4958819E-01
1.1739495E-07,-1.4958819E-01
1.1744495E-07,-1.4953548E-01
1.1749495E-07,-1.4953548E-01
1.1754495E-07,-1.4948277E-01
1.1759495E-07,-1.4948277E-01
1.1764495E-07,-1.4943006E-01
1.1769495E-07,-1.4943006E-01
1.1774495E-07,-1.4937735E-01
1.1779495E-07,-1.4937735E-01
1.1784495E-07,-1.4937735E-01
1.1789495E-07,-1.4932464E-01
1.1794495E-07,-1.4932464E-01
1.1799495E-07,-1.4932464E-01
1.1804495E-07,-1.4932464E-01
1.1809495E-07,-1.4932464E-01
1.1814495E-07,-1.4932464E-01
1.1819495E-07,-1.4927194E-01
1.1824495E-07,-1.4927194E-01
1.1829495E-07,-1.4932464E-01
1.1834495E-07,-1.4932464E-01
1.1839495E-07,-1.4932464E-01
1.1844495E-07,-1.4932464E-01
1.1849495E-07,-1.4932464E-01
1.1854495E-07,-1.4932464E-01
1.1859495E-07,-1.4932464E-01
1.1864495E-07,-1.4937735E-01
1.1869495E-07,-1.4937735E-01
1.1874495E-07,-1.4937735E-01
1.1879495E-07,-1.4943006E-01
1.1884495E-07,-1.4943006E-01
1.1889495E-07,-1.4943006E-01
1.1894495E-07,-1.4948277E-01
1.1899495E-07,-1.4948277E-01
1.1904495E-07,-1.4953548E-01
1.1909495E-07,-1.4953548E-01
1.1914495E-07,-1.4958819E-01
1.1919495E-07,-1.4958819E-01
1.1924495E-07,-1.4964090E-01
1.1929495E-07,-1.4964090E-01
1.1934495E-07,-1.4969361E-01
1.1939495E-07,-1.4969361E-01
1.1944495E-07,-1.4974632E-01
1.1949495E-07,-1.4974632E-01
1.1954495E-07,-1.4979903E-01
1.1959495E-07,-1.4979903E-01
1.1964495E-07,-1.4979903E-01
1.1969495E-07,-1.4985173E-01
1.1974495E-07,-1.4985173E-01
1.1979495E-07,-1.4985173E-01
1.1984495E-07,-1.4990444E-01
1.1989495E-07,-1.4990444E-01
1.1994495E-07,-1.4990444E-01
1.1999495E-07,-1.4990444E-01
1.2004495E-07,-1.4990444E-01
1.2009495E-07,-1.4990444E-01
1.2014495E-07,-1.4990444E-01
1.2019495E-07,-1.4990444E-01
1.2024495E-07,-1.4985173E-01
1.2029495E-07,-1.4985173E-01
1.2034495E-07,-1.4985173E-01
1.2039495E-07,-1.4979903E-01
1.2044495E-07,-1.4979903E-01
1.2049495E-07,-1.4974632E-01
1.2054495E-07,-1.4974632E-01
1.2059495E-07,-1.4969361E-01
1.2064495E-07,-1.4964090E-01
1.2069495E-07,-1.4964090E-01
1.2074495E-07,-1.4958819E-01
1.2079495E-07,-1.4953548E-01
1.2084495E-07,-1.4953548E-01
1.2089495E-07,-1.4948277E-01
1.2094495E-07,-1.4943006E-01
1.2099495E-07,-1.4943006E-01
1.2104495E-07,-1.4937735E-01
1.2109495E-07,-1.4932464E-01
1.2114495E-07,-1.4932464E-01
1.2119495E-07,-1.4927194E-01
1.2124495E-07,-1.4927194E-01
1.2129495E-07,-1.4927194E-01
1.2134495E-07,-1.4921923E-01
1.2139495E-07,-1.4921923E-01
1.2144495E-07,-1.4921923E-01
1.2149495E-07,-1.4921923E-01
1.2154495E-07,-1.4921923E-01
1.2159495E-07,-1.4921923E-01
1.2164495E-07,-1.4921923E-01
1.2169495E-07,-1.4921923E-01
1.2174495E-07,-1.4921923E-01
1.2179495E-07,-1.4921923E-01
1.2184495E-07,-1.4921923E-01
1.2189495E-07,-1.4927194E-01
1.2194495E-07,-1.4927194E-01
1.2199495E-07,-1.4927194E-01
1.2204495E-07,-1.4932464E-01
1.2209495E-07,-1.4932464E-01
1.2214495E-07,-1.4932464E-01
1.2219495E-07,-1.4937735E-01
1.2224495E-07,-1.4937735E-01
1.2229495E-07,-1.4943006E-01
1.2234495E-07,-1.4943006E-01
1.2239495E-07,-1.4943006E-01
1.2244495E-07,-1.4948277E-01
1.2249495E-07,-1.4948277E-01
1.2254495E-07,-1.4948277E-01
1.2259495E-07,-1.4948277E-01
1.2264495E-07,-1.4948277E-01
1.2269495E-07,-1.4948277E-01
1.2274495E-07,-1.4948277E-01
1.2279495E-07,-1.4948277E-01
1.2284495E-07,-1.4948277E-01
1.2289495E-07,-1.4948277E-01
1.2294495E-07,-1.4948277E-01
1.2299495E-07,-1.4943006E-01
1.2304495E-07,-1.4943006E-01
1.2309495E-07,-1.4937735E-01
1.2314495E-07,-1.4937735E-01
1.2319495E-07,-1.4932464E-01
1.2324495E-07,-1.4932464E-01
1.2329495E-07,-1.4932464E-01
1.2334495E-07,-1.4927194E-01
1.2339495E-07,-1.4927194E-01
1.2344495E-07,-1.4921923E-01
1.2349495E-07,-1.4921923E-01
1.2354495E-07,-1.4916652E-01
1.2359495E-07,-1.4916652E-01
1.2364495E-07,-1.4911381E-01
1.2369495E-07,-1.4911381E-01
1.2374495E-07,-1.4911381E-01
1.2379495E-07,-1.4911381E-01
1.2384495E-07,-1.4911381E-01
1.2389495E-07,-1.4911381E-01
1.2394495E-07,-1.4911381E-01
1.2399495E-07,-1.4911381E-01
1.2404495E-07,-1.4911381E-01
1.2409495E-07,-1.4911381E-01
1.2414495E-07,-1.4911381E-01
1.2419495E-07,-1.4916652E-01
1.2424495E-07,-1.4916652E-01
1.2429495E-07,-1.4916652E-01
1.2434495E-07,-1.4921923E-01
1.2439495E-07,-1.4921923E-01
1.2444495E-07,-1.4927194E-01
1.2449495E-07,-1.4932464E-01
1.2454495E-07,-1.4932464E-01
1.2459495E-07,-1.4937735E-01
1.2464495E-07,-1.4937735E-01
1.2469495E-07,-1.4943006E-01
1.2474495E-07,-1.4943006E-01
1.2479495E-07,-1.4948277E-01
1.2484495E-07,-1.4948277E-01
1.2489495E-07,-1.4953548E-01
1.2494495E-07,-1.4953548E-01
1.2499495E-07,-1.4958819E-01
1.2504495E-07,-1.4958819E-01
1.2509495E-07,-1.4958819E-01
1.2514495E-07,-1.4964090E-01
1.2519495E-07,-1.4964090E-01
1.2524495E-07,-1.4964090E-01
1.2529495E-07,-1.4964090E-01
1.2534495E-07,-1.4964090E-01
1.2539495E-07,-1.4964090E-01
1.2544495E-07,-1.4964090E-01
1.2549495E-07,-1.4964090E-01
1.2554495E-07,-1.4958819E-01
1.2559495E-07,-1.4958819E-01
1.2564495E-07,-1.4958819E-01
1.2569495E-07,-1.4958819E-01
1.2574495E-07,-1.4953548E-01
1.2579495E-07,-1.4953548E-01
1.2584495E-07,-1.4953548E-01
1.2589495E-07,-1.4948277E-01
1.2594495E-07,-1.4948277E-01
1.2599495E-07,-1.4948277E-01
1.2604495E-07,-1.4943006E-01
1.2609495E-07,-1.4943006E-01
1.2614495E-07,-1.4943006E-01
1.2619495E-07,-1.4937735E-01
1.2624495E-07,-1.4937735E-01
1.2629495E-07,-1.4937735E-01
1.2634495E-07,-1.4937735E-01
1.2639495E-07,-1.4937735E-01
1.2644495E-07,-1.4937735E-01
1.2649495E-07,-1.4937735E-01
1.2654495E-07,-1.4937735E-01
1.2659495E-07,-1.4937735E-01
1.2664495E-07,-1.4937735E-01
1.2669495E-07,-1.4943006E-01
1.2674495E-07,-1.4943006E-01
1.2679495E-07,-1.4943006E-01
1.2684495E-07,-1.4948277E-01
1.2689495E-07,-1.4948277E-01
1.2694495E-07,-1.4948277E-01
1.2699495E-07,-1.4953548E-01
1.2704495E-07,-1.4953548E-01
1.2709495E-07,-1.4953548E-01
1.2714495E-07,-1.4958819E-01
1.2719495E-07,-1.4958819E-01
1.2724495E-07,-1.4964090E-01
1.2729495E-07,-1.4964090E-01
1.2734495E-07,-1.4964090E-01
1.2739495E-07,-1.4964090E-01
1.2744495E-07,-1.4969361E-01
1.2749495E-07,-1.4969361E-01
1.2754495E-07,-1.4969361E-01
1.2759495E-07,-1.4969361E-01
1.2764495E-07,-1.4969361E-01
1.2769495E-07,-1.4969361E-01
1.2774495E-07,-1.4969361E-01
1.2779495E-07,-1.4969361E-01
1.2784495E-07,-1.4969361E-01
1.2789495E-07,-1.4969361E-01
1.2794495E-07,-1.4964090E-01
1.2799495E-07,-1.4964090E-01
1.2804495E-07,-1.4964090E-01
1.2809495E-07,-1.4958819E-01
1.2814495E-07,-1.4958819E-01
1.2819495E-07,-1.4953548E-01
1.2824495E-07,-1.4953548E-01
1.2829495E-07,-1.4948277E-01
1.2834495E-07,-1.4943006E-01
1.2839495E-07,-1.4943006E-01
1.2844495E-07,-1.4937735E-01
1.2849495E-07,-1.4932464E-01
1.2854495E-07,-1.4932464E-01
1.2859495E-07,-1.4927194E-01
1.2864495E-07,-1.4921923E-01
1.2869495E-07,-1.4916652E-01
