-7.138966E-08,-1.4932464E-01
-7.133966E-08,-1.4932464E-01
-7.128966E-08,-1.4937735E-01
-7.123966E-08,-1.4937735E-01
-7.118966E-08,-1.4937735E-01
-7.113966E-08,-1.4937735E-01
-7.108966E-08,-1.4937735E-01
-7.103966E-08,-1.4943006E-01
-7.098966E-08,-1.4943006E-01
-7.093966E-08,-1.4943006E-01
-7.088966E-08,-1.4937735E-01
-7.083966E-08,-1.4937735E-01
-7.078966E-08,-1.4937735E-01
-7.073966E-08,-1.4937735E-01
-7.068966E-08,-1.4937735E-01
-7.063966E-08,-1.4932464E-01
-7.058966E-08,-1.4932464E-01
-7.053966E-08,-1.4932464E-01
-7.048966E-08,-1.4932464E-01
-7.043966E-08,-1.4932464E-01
-7.038966E-08,-1.4927194E-01
-7.033966E-08,-1.4927194E-01
-7.028966E-08,-1.4927194E-01
-7.023966E-08,-1.4927194E-01
-7.018966E-08,-1.4927194E-01
-7.013966E-08,-1.4927194E-01
-7.008966E-08,-1.4927194E-01
-7.003966E-08,-1.4932464E-01
-6.998966E-08,-1.4932464E-01
-6.993966E-08,-1.4932464E-01
-6.988966E-08,-1.4937735E-01
-6.983966E-08,-1.4937735E-01
-6.978966E-08,-1.4943006E-01
-6.973966E-08,-1.4943006E-01
-6.968966E-08,-1.4948277E-01
-6.963966E-08,-1.4948277E-01
-6.958966E-08,-1.4953548E-01
-6.953966E-08,-1.4953548E-01
-6.948966E-08,-1.4958819E-01
-6.943966E-08,-1.4958819E-01
-6.938966E-08,-1.4964090E-01
-6.933966E-08,-1.4964090E-01
-6.928966E-08,-1.4964090E-01
-6.923966E-08,-1.4969361E-01
-6.918966E-08,-1.4969361E-01
-6.913966E-08,-1.4969361E-01
-6.908966E-08,-1.4969361E-01
-6.903966E-08,-1.4969361E-01
-6.898966E-08,-1.4969361E-01
-6.893966E-08,-1.4969361E-01
-6.888966E-08,-1.4969361E-01
-6.883966E-08,-1.4964090E-01
-6.878966E-08,-1.4964090E-01
-6.873966E-08,-1.4964090E-01
-6.868966E-08,-1.4958819E-01
-6.863966E-08,-1.4958819E-01
-6.858966E-08,-1.4953548E-01
-6.853966E-08,-1.4948277E-01
-6.848966E-08,-1.4948277E-01
-6.843966E-08,-1.4943006E-01
-6.838966E-08,-1.4943006E-01
-6.833966E-08,-1.4937735E-01
-6.828966E-08,-1.4937735E-01
-6.823966E-08,-1.4932464E-01
-6.818966E-08,-1.4932464E-01
-6.813966E-08,-1.4932464E-01
-6.808966E-08,-1.4927194E-01
-6.803966E-08,-1.4927194E-01
-6.798966E-08,-1.4927194E-01
-6.793966E-08,-1.4927194E-01
-6.788966E-08,-1.4927194E-01
-6.783966E-08,-1.4927194E-01
-6.778966E-08,-1.4927194E-01
-6.773966E-08,-1.4927194E-01
-6.768966E-08,-1.4927194E-01
-6.763966E-08,-1.4927194E-01
-6.758966E-08,-1.4927194E-01
-6.753966E-08,-1.4932464E-01
-6.748966E-08,-1.4932464E-01
-6.743966E-08,-1.4932464E-01
-6.738966E-08,-1.4932464E-01
-6.733966E-08,-1.4932464E-01
-6.728966E-08,-1.4937735E-01
-6.723966E-08,-1.4937735E-01
-6.718966E-08,-1.4937735E-01
-6.713966E-08,-1.4937735E-01
-6.708966E-08,-1.4937735E-01
-6.703966E-08,-1.4937735E-01
-6.698966E-08,-1.4937735E-01
-6.693966E-08,-1.4937735E-01
-6.688966E-08,-1.4932464E-01
-6.683966E-08,-1.4932464E-01
-6.678966E-08,-1.4932464E-01
-6.673966E-08,-1.4932464E-01
-6.668966E-08,-1.4932464E-01
-6.663966E-08,-1.4927194E-01
-6.658966E-08,-1.4927194E-01
-6.653966E-08,-1.4927194E-01
-6.648966E-08,-1.4927194E-01
-6.643966E-08,-1.4921923E-01
-6.638966E-08,-1.4921923E-01
-6.633966E-08,-1.4921923E-01
-6.628966E-08,-1.4916652E-01
-6.623966E-08,-1.4916652E-01
-6.618966E-08,-1.4916652E-01
-6.613966E-08,-1.4916652E-01
-6.608966E-08,-1.4916652E-01
-6.603966E-08,-1.4916652E-01
-6.598966E-08,-1.4916652E-01
-6.593966E-08,-1.4916652E-01
-6.588966E-08,-1.4916652E-01
-6.583966E-08,-1.4916652E-01
-6.578966E-08,-1.4916652E-01
-6.573966E-08,-1.4916652E-01
-6.568966E-08,-1.4916652E-01
-6.563966E-08,-1.4916652E-01
-6.558966E-08,-1.4916652E-01
-6.553966E-08,-1.4916652E-01
-6.548966E-08,-1.4921923E-01
-6.543966E-08,-1.4921923E-01
-6.538966E-08,-1.4921923E-01
-6.533966E-08,-1.4921923E-01
-6.528966E-08,-1.4921923E-01
-6.523966E-08,-1.4921923E-01
-6.518966E-08,-1.4921923E-01
-6.513966E-08,-1.4921923E-01
-6.508966E-08,-1.4916652E-01
-6.503966E-08,-1.4916652E-01
-6.498966E-08,-1.4916652E-01
-6.493966E-08,-1.4916652E-01
-6.488966E-08,-1.4911381E-01
-6.483966E-08,-1.4911381E-01
-6.478966E-08,-1.4911381E-01
-6.473966E-08,-1.4906110E-01
-6.468966E-08,-1.4906110E-01
-6.463966E-08,-1.4900839E-01
-6.458966E-08,-1.4900839E-01
-6.453966E-08,-1.4900839E-01
-6.448966E-08,-1.4895568E-01
-6.443966E-08,-1.4895568E-01
-6.438966E-08,-1.4890297E-01
-6.433966E-08,-1.4890297E-01
-6.428966E-08,-1.4890297E-01
-6.423966E-08,-1.4890297E-01
-6.418966E-08,-1.4890297E-01
-6.413966E-08,-1.4890297E-01
-6.408966E-08,-1.4890297E-01
-6.403966E-08,-1.4890297E-01
-6.398966E-08,-1.4890297E-01
-6.393966E-08,-1.4895568E-01
-6.388966E-08,-1.4895568E-01
-6.383966E-08,-1.4900839E-01
-6.378966E-08,-1.4900839E-01
-6.373966E-08,-1.4906110E-01
-6.368966E-08,-1.4911381E-01
-6.363966E-08,-1.4916652E-01
-6.358966E-08,-1.4921923E-01
-6.353966E-08,-1.4927194E-01
-6.348966E-08,-1.4932464E-01
-6.343966E-08,-1.4937735E-01
-6.338966E-08,-1.4943006E-01
-6.333966E-08,-1.4948277E-01
-6.328966E-08,-1.4953548E-01
-6.323966E-08,-1.4958819E-01
-6.318966E-08,-1.4958819E-01
-6.313966E-08,-1.4964090E-01
-6.308966E-08,-1.4969361E-01
-6.303966E-08,-1.4974632E-01
-6.298966E-08,-1.4979903E-01
-6.293966E-08,-1.4979903E-01
-6.288966E-08,-1.4985173E-01
-6.283966E-08,-1.4990444E-01
-6.278966E-08,-1.4990444E-01
-6.273966E-08,-1.4990444E-01
-6.268966E-08,-1.4995715E-01
-6.263966E-08,-1.4995715E-01
-6.258966E-08,-1.4995715E-01
-6.253966E-08,-1.4995715E-01
-6.248966E-08,-1.4995715E-01
-6.243966E-08,-1.4995715E-01
-6.238966E-08,-1.4995715E-01
-6.233966E-08,-1.4995715E-01
-6.228966E-08,-1.4990444E-01
-6.223966E-08,-1.4990444E-01
-6.218966E-08,-1.4990444E-01
-6.213966E-08,-1.4990444E-01
-6.208966E-08,-1.4985173E-01
-6.203966E-08,-1.4985173E-01
-6.198966E-08,-1.4979903E-01
-6.193966E-08,-1.4979903E-01
-6.188966E-08,-1.4979903E-01
-6.183966E-08,-1.4974632E-01
-6.178966E-08,-1.4974632E-01
-6.173966E-08,-1.4974632E-01
-6.168966E-08,-1.4974632E-01
-6.163966E-08,-1.4969361E-01
-6.158966E-08,-1.4969361E-01
-6.153966E-08,-1.4969361E-01
-6.148966E-08,-1.4969361E-01
-6.143966E-08,-1.4969361E-01
-6.138966E-08,-1.4969361E-01
-6.133966E-08,-1.4964090E-01
-6.128966E-08,-1.4964090E-01
-6.123966E-08,-1.4964090E-01
-6.118966E-08,-1.4969361E-01
-6.113966E-08,-1.4969361E-01
-6.108966E-08,-1.4969361E-01
-6.103966E-08,-1.4969361E-01
-6.098966E-08,-1.4969361E-01
-6.093966E-08,-1.4969361E-01
-6.088966E-08,-1.4969361E-01
-6.083966E-08,-1.4969361E-01
-6.078966E-08,-1.4974632E-01
-6.073966E-08,-1.4974632E-01
-6.068966E-08,-1.4974632E-01
-6.063966E-08,-1.4974632E-01
-6.058966E-08,-1.4974632E-01
-6.053966E-08,-1.4979903E-01
-6.048966E-08,-1.4979903E-01
-6.043966E-08,-1.4979903E-01
-6.038966E-08,-1.4979903E-01
-6.033966E-08,-1.4979903E-01
-6.028966E-08,-1.4985173E-01
-6.023966E-08,-1.4985173E-01
-6.018966E-08,-1.4985173E-01
-6.013966E-08,-1.4985173E-01
-6.008966E-08,-1.4985173E-01
-6.003966E-08,-1.4985173E-01
-5.998966E-08,-1.4985173E-01
-5.993966E-08,-1.4985173E-01
-5.988966E-08,-1.4985173E-01
-5.983966E-08,-1.4985173E-01
-5.978966E-08,-1.4990444E-01
-5.973966E-08,-1.4990444E-01
-5.968966E-08,-1.4990444E-01
-5.963966E-08,-1.4990444E-01
-5.958966E-08,-1.4990444E-01
-5.953966E-08,-1.4985173E-01
-5.948966E-08,-1.4985173E-01
-5.943966E-08,-1.4985173E-01
-5.938966E-08,-1.4985173E-01
-5.933966E-08,-1.4985173E-01
-5.928966E-08,-1.4985173E-01
-5.923966E-08,-1.4985173E-01
-5.918966E-08,-1.4979903E-01
-5.913966E-08,-1.4979903E-01
-5.908966E-08,-1.4979903E-01
-5.903966E-08,-1.4979903E-01
-5.898966E-08,-1.4974632E-01
-5.893966E-08,-1.4974632E-01
-5.888966E-08,-1.4974632E-01
-5.883966E-08,-1.4969361E-01
-5.878966E-08,-1.4969361E-01
-5.873966E-08,-1.4969361E-01
-5.868966E-08,-1.4964090E-01
-5.863966E-08,-1.4964090E-01
-5.858966E-08,-1.4964090E-01
-5.853966E-08,-1.4958819E-01
-5.848966E-08,-1.4958819E-01
-5.843966E-08,-1.4958819E-01
-5.838966E-08,-1.4953548E-01
-5.833966E-08,-1.4953548E-01
-5.828966E-08,-1.4953548E-01
-5.823966E-08,-1.4953548E-01
-5.818966E-08,-1.4953548E-01
-5.813966E-08,-1.4953548E-01
-5.808966E-08,-1.4948277E-01
-5.803966E-08,-1.4948277E-01
-5.798966E-08,-1.4948277E-01
-5.793966E-08,-1.4948277E-01
-5.788966E-08,-1.4948277E-01
-5.783966E-08,-1.4948277E-01
-5.778966E-08,-1.4948277E-01
-5.773966E-08,-1.4948277E-01
-5.768966E-08,-1.4948277E-01
-5.763966E-08,-1.4948277E-01
-5.758966E-08,-1.4948277E-01
-5.753966E-08,-1.4948277E-01
-5.748966E-08,-1.4948277E-01
-5.743966E-08,-1.4948277E-01
-5.738966E-08,-1.4948277E-01
-5.733966E-08,-1.4948277E-01
-5.728966E-08,-1.4948277E-01
-5.723966E-08,-1.4948277E-01
-5.718966E-08,-1.4948277E-01
-5.713966E-08,-1.4948277E-01
-5.708966E-08,-1.4943006E-01
-5.703966E-08,-1.4943006E-01
-5.698966E-08,-1.4943006E-01
-5.693966E-08,-1.4943006E-01
-5.688966E-08,-1.4943006E-01
-5.683966E-08,-1.4937735E-01
-5.678966E-08,-1.4937735E-01
-5.673966E-08,-1.4937735E-01
-5.668966E-08,-1.4932464E-01
-5.663966E-08,-1.4932464E-01
-5.658966E-08,-1.4932464E-01
-5.653966E-08,-1.4927194E-01
-5.648966E-08,-1.4927194E-01
-5.643966E-08,-1.4927194E-01
-5.638966E-08,-1.4927194E-01
-5.633966E-08,-1.4921923E-01
-5.628966E-08,-1.4921923E-01
-5.623966E-08,-1.4921923E-01
-5.618966E-08,-1.4921923E-01
-5.613966E-08,-1.4916652E-01
-5.608966E-08,-1.4916652E-01
-5.603966E-08,-1.4916652E-01
-5.598966E-08,-1.4916652E-01
-5.593966E-08,-1.4916652E-01
-5.588966E-08,-1.4916652E-01
-5.583966E-08,-1.4921923E-01
-5.578966E-08,-1.4921923E-01
-5.573966E-08,-1.4921923E-01
-5.568966E-08,-1.4921923E-01
-5.563966E-08,-1.4927194E-01
-5.558966E-08,-1.4927194E-01
-5.553966E-08,-1.4932464E-01
-5.548966E-08,-1.4932464E-01
-5.543966E-08,-1.4937735E-01
-5.538966E-08,-1.4937735E-01
-5.533966E-08,-1.4943006E-01
-5.528966E-08,-1.4948277E-01
-5.523966E-08,-1.4948277E-01
-5.518966E-08,-1.4953548E-01
-5.513966E-08,-1.4958819E-01
-5.508966E-08,-1.4964090E-01
-5.503966E-08,-1.4969361E-01
-5.498966E-08,-1.4969361E-01
-5.493966E-08,-1.4974632E-01
-5.488966E-08,-1.4979903E-01
-5.483966E-08,-1.4985173E-01
-5.478966E-08,-1.4985173E-01
-5.473966E-08,-1.4990444E-01
-5.468966E-08,-1.4995715E-01
-5.463966E-08,-1.4995715E-01
-5.458966E-08,-1.5000986E-01
-5.453966E-08,-1.5006257E-01
-5.448966E-08,-1.5006257E-01
-5.443966E-08,-1.5006257E-01
-5.438966E-08,-1.5011528E-01
-5.433966E-08,-1.5011528E-01
-5.428966E-08,-1.5011528E-01
-5.423966E-08,-1.5011528E-01
-5.418966E-08,-1.5011528E-01
-5.413966E-08,-1.5011528E-01
-5.408966E-08,-1.5011528E-01
-5.403966E-08,-1.5011528E-01
-5.398966E-08,-1.5011528E-01
-5.393966E-08,-1.5006257E-01
-5.388966E-08,-1.5006257E-01
-5.383966E-08,-1.5000986E-01
-5.378966E-08,-1.5000986E-01
-5.373966E-08,-1.4995715E-01
-5.368966E-08,-1.4995715E-01
-5.363966E-08,-1.4990444E-01
-5.358966E-08,-1.4985173E-01
-5.353966E-08,-1.4979903E-01
-5.348966E-08,-1.4979903E-01
-5.343966E-08,-1.4974632E-01
-5.338966E-08,-1.4969361E-01
-5.333966E-08,-1.4964090E-01
-5.328966E-08,-1.4958819E-01
-5.323966E-08,-1.4953548E-01
-5.318966E-08,-1.4948277E-01
-5.313966E-08,-1.4948277E-01
-5.308966E-08,-1.4943006E-01
-5.303966E-08,-1.4937735E-01
-5.298966E-08,-1.4932464E-01
-5.293966E-08,-1.4932464E-01
-5.288966E-08,-1.4927194E-01
-5.283966E-08,-1.4927194E-01
-5.278966E-08,-1.4921923E-01
-5.273966E-08,-1.4921923E-01
-5.268966E-08,-1.4921923E-01
-5.263966E-08,-1.4921923E-01
-5.258966E-08,-1.4921923E-01
-5.253966E-08,-1.4921923E-01
-5.248966E-08,-1.4921923E-01
-5.243966E-08,-1.4921923E-01
-5.238966E-08,-1.4921923E-01
-5.233966E-08,-1.4921923E-01
-5.228966E-08,-1.4927194E-01
-5.223966E-08,-1.4927194E-01
-5.218966E-08,-1.4932464E-01
-5.213966E-08,-1.4932464E-01
-5.208966E-08,-1.4937735E-01
-5.203966E-08,-1.4943006E-01
-5.198966E-08,-1.4943006E-01
-5.193966E-08,-1.4948277E-01
-5.188966E-08,-1.4953548E-01
-5.183966E-08,-1.4958819E-01
-5.178966E-08,-1.4958819E-01
-5.173966E-08,-1.4964090E-01
-5.168966E-08,-1.4969361E-01
-5.163966E-08,-1.4969361E-01
-5.158966E-08,-1.4974632E-01
-5.153966E-08,-1.4979903E-01
-5.148966E-08,-1.4979903E-01
-5.143966E-08,-1.4985173E-01
-5.138966E-08,-1.4985173E-01
-5.133966E-08,-1.4990444E-01
-5.128966E-08,-1.4990444E-01
-5.123966E-08,-1.4995715E-01
-5.118966E-08,-1.4995715E-01
-5.113966E-08,-1.4995715E-01
-5.108966E-08,-1.4995715E-01
-5.103966E-08,-1.4995715E-01
-5.098966E-08,-1.5000986E-01
-5.093966E-08,-1.5000986E-01
-5.088966E-08,-1.5000986E-01
-5.083966E-08,-1.5000986E-01
-5.078966E-08,-1.5000986E-01
-5.073966E-08,-1.5000986E-01
-5.068966E-08,-1.4995715E-01
-5.063966E-08,-1.4995715E-01
-5.058966E-08,-1.4995715E-01
-5.053966E-08,-1.4995715E-01
-5.048966E-08,-1.4995715E-01
-5.043966E-08,-1.4995715E-01
-5.038966E-08,-1.4990444E-01
-5.033966E-08,-1.4990444E-01
-5.028966E-08,-1.4990444E-01
-5.023966E-08,-1.4985173E-01
-5.018966E-08,-1.4985173E-01
-5.013966E-08,-1.4985173E-01
-5.008966E-08,-1.4979903E-01
-5.003966E-08,-1.4979903E-01
-4.998966E-08,-1.4979903E-01
-4.993966E-08,-1.4974632E-01
-4.988966E-08,-1.4974632E-01
-4.983966E-08,-1.4974632E-01
-4.978966E-08,-1.4969361E-01
-4.973966E-08,-1.4969361E-01
-4.968966E-08,-1.4964090E-01
-4.963966E-08,-1.4964090E-01
-4.958966E-08,-1.4958819E-01
-4.953966E-08,-1.4958819E-01
-4.948966E-08,-1.4953548E-01
-4.943966E-08,-1.4953548E-01
-4.938966E-08,-1.4948277E-01
-4.933966E-08,-1.4948277E-01
-4.928966E-08,-1.4943006E-01
-4.923966E-08,-1.4937735E-01
-4.918966E-08,-1.4937735E-01
-4.913966E-08,-1.4932464E-01
-4.908966E-08,-1.4932464E-01
-4.903966E-08,-1.4927194E-01
-4.898966E-08,-1.4927194E-01
-4.893966E-08,-1.4921923E-01
-4.888966E-08,-1.4921923E-01
-4.883966E-08,-1.4916652E-01
-4.878966E-08,-1.4916652E-01
-4.873966E-08,-1.4911381E-01
-4.868966E-08,-1.4911381E-01
-4.863966E-08,-1.4911381E-01
-4.858966E-08,-1.4911381E-01
-4.853966E-08,-1.4906110E-01
-4.848966E-08,-1.4906110E-01
-4.843966E-08,-1.4906110E-01
-4.838966E-08,-1.4906110E-01
-4.833966E-08,-1.4906110E-01
-4.828966E-08,-1.4906110E-01
-4.823966E-08,-1.4906110E-01
-4.818966E-08,-1.4906110E-01
-4.813966E-08,-1.4911381E-01
-4.808966E-08,-1.4911381E-01
-4.803966E-08,-1.4911381E-01
-4.798966E-08,-1.4911381E-01
-4.793966E-08,-1.4916652E-01
-4.788966E-08,-1.4916652E-01
-4.783966E-08,-1.4921923E-01
-4.778966E-08,-1.4921923E-01
-4.773966E-08,-1.4921923E-01
-4.768966E-08,-1.4927194E-01
-4.763966E-08,-1.4927194E-01
-4.758966E-08,-1.4932464E-01
-4.753966E-08,-1.4932464E-01
-4.748966E-08,-1.4937735E-01
-4.743966E-08,-1.4937735E-01
-4.738966E-08,-1.4937735E-01
-4.733966E-08,-1.4943006E-01
-4.728966E-08,-1.4943006E-01
-4.723966E-08,-1.4948277E-01
-4.718966E-08,-1.4948277E-01
-4.713966E-08,-1.4953548E-01
-4.708966E-08,-1.4953548E-01
-4.703966E-08,-1.4953548E-01
-4.698966E-08,-1.4958819E-01
-4.693966E-08,-1.4958819E-01
-4.688966E-08,-1.4958819E-01
-4.683966E-08,-1.4964090E-01
-4.678966E-08,-1.4964090E-01
-4.673966E-08,-1.4964090E-01
-4.668966E-08,-1.4969361E-01
-4.663966E-08,-1.4969361E-01
-4.658966E-08,-1.4969361E-01
-4.653966E-08,-1.4974632E-01
-4.648966E-08,-1.4974632E-01
-4.643966E-08,-1.4974632E-01
-4.638966E-08,-1.4974632E-01
-4.633966E-08,-1.4974632E-01
-4.628966E-08,-1.4974632E-01
-4.623966E-08,-1.4974632E-01
-4.618966E-08,-1.4974632E-01
-4.613966E-08,-1.4974632E-01
-4.608966E-08,-1.4974632E-01
-4.603966E-08,-1.4974632E-01
-4.598966E-08,-1.4969361E-01
-4.593966E-08,-1.4969361E-01
-4.588966E-08,-1.4969361E-01
-4.583966E-08,-1.4964090E-01
-4.578966E-08,-1.4964090E-01
-4.573966E-08,-1.4958819E-01
-4.568966E-08,-1.4958819E-01
-4.563966E-08,-1.4953548E-01
-4.558966E-08,-1.4953548E-01
-4.553966E-08,-1.4948277E-01
-4.548966E-08,-1.4948277E-01
-4.543966E-08,-1.4943006E-01
-4.538966E-08,-1.4937735E-01
-4.533966E-08,-1.4937735E-01
-4.528966E-08,-1.4932464E-01
-4.523966E-08,-1.4932464E-01
-4.518966E-08,-1.4927194E-01
-4.513966E-08,-1.4927194E-01
-4.508966E-08,-1.4927194E-01
-4.503966E-08,-1.4921923E-01
-4.498966E-08,-1.4921923E-01
-4.493966E-08,-1.4921923E-01
-4.488966E-08,-1.4921923E-01
-4.483966E-08,-1.4921923E-01
-4.478966E-08,-1.4921923E-01
-4.473966E-08,-1.4927194E-01
-4.468966E-08,-1.4927194E-01
-4.463966E-08,-1.4927194E-01
-4.458966E-08,-1.4932464E-01
-4.453966E-08,-1.4932464E-01
-4.448966E-08,-1.4937735E-01
-4.443966E-08,-1.4943006E-01
-4.438966E-08,-1.4948277E-01
-4.433966E-08,-1.4948277E-01
-4.428966E-08,-1.4953548E-01
-4.423966E-08,-1.4958819E-01
-4.418966E-08,-1.4958819E-01
-4.413966E-08,-1.4964090E-01
-4.408966E-08,-1.4969361E-01
-4.403966E-08,-1.4969361E-01
-4.398966E-08,-1.4974632E-01
-4.393966E-08,-1.4974632E-01
-4.388966E-08,-1.4974632E-01
-4.383966E-08,-1.4979903E-01
-4.378966E-08,-1.4979903E-01
-4.373966E-08,-1.4974632E-01
-4.368966E-08,-1.4974632E-01
-4.363966E-08,-1.4974632E-01
-4.358966E-08,-1.4969361E-01
-4.353966E-08,-1.4969361E-01
-4.348966E-08,-1.4964090E-01
-4.343966E-08,-1.4958819E-01
-4.338966E-08,-1.4953548E-01
-4.333966E-08,-1.4948277E-01
-4.328966E-08,-1.4943006E-01
-4.323966E-08,-1.4932464E-01
-4.318966E-08,-1.4927194E-01
-4.313966E-08,-1.4921923E-01
-4.308966E-08,-1.4911381E-01
-4.303966E-08,-1.4906110E-01
-4.298966E-08,-1.4900839E-01
-4.293966E-08,-1.4890297E-01
-4.288966E-08,-1.4885026E-01
-4.283966E-08,-1.4879755E-01
-4.278966E-08,-1.4874485E-01
-4.273966E-08,-1.4869214E-01
-4.268966E-08,-1.4869214E-01
-4.263966E-08,-1.4863943E-01
-4.258966E-08,-1.4863943E-01
-4.253966E-08,-1.4858672E-01
-4.248966E-08,-1.4858672E-01
-4.243966E-08,-1.4863943E-01
-4.238966E-08,-1.4863943E-01
-4.233966E-08,-1.4863943E-01
-4.228966E-08,-1.4869214E-01
-4.223966E-08,-1.4874485E-01
-4.218966E-08,-1.4879755E-01
-4.213966E-08,-1.4885026E-01
-4.208966E-08,-1.4890297E-01
-4.203966E-08,-1.4895568E-01
-4.198966E-08,-1.4900839E-01
-4.193966E-08,-1.4911381E-01
-4.188966E-08,-1.4916652E-01
-4.183966E-08,-1.4921923E-01
-4.178966E-08,-1.4932464E-01
-4.173966E-08,-1.4937735E-01
-4.168966E-08,-1.4943006E-01
-4.163966E-08,-1.4953548E-01
-4.158966E-08,-1.4958819E-01
-4.153966E-08,-1.4964090E-01
-4.148966E-08,-1.4969361E-01
-4.143966E-08,-1.4969361E-01
-4.138966E-08,-1.4974632E-01
-4.133966E-08,-1.4979903E-01
-4.128966E-08,-1.4979903E-01
-4.123966E-08,-1.4979903E-01
-4.118966E-08,-1.4985173E-01
-4.113966E-08,-1.4985173E-01
-4.108966E-08,-1.4985173E-01
-4.103966E-08,-1.4979903E-01
-4.098966E-08,-1.4979903E-01
-4.093966E-08,-1.4979903E-01
-4.088966E-08,-1.4974632E-01
-4.083966E-08,-1.4974632E-01
-4.078966E-08,-1.4969361E-01
-4.073966E-08,-1.4964090E-01
-4.068966E-08,-1.4964090E-01
-4.063966E-08,-1.4958819E-01
-4.058966E-08,-1.4953548E-01
-4.053966E-08,-1.4948277E-01
-4.048966E-08,-1.4948277E-01
-4.043966E-08,-1.4943006E-01
-4.038966E-08,-1.4937735E-01
-4.033966E-08,-1.4937735E-01
-4.028966E-08,-1.4932464E-01
-4.023966E-08,-1.4927194E-01
-4.018966E-08,-1.4927194E-01
-4.013966E-08,-1.4921923E-01
-4.008966E-08,-1.4921923E-01
-4.003966E-08,-1.4916652E-01
-3.998966E-08,-1.4916652E-01
-3.993966E-08,-1.4916652E-01
-3.988966E-08,-1.4911381E-01
-3.983966E-08,-1.4911381E-01
-3.978966E-08,-1.4911381E-01
-3.973966E-08,-1.4911381E-01
-3.968966E-08,-1.4906110E-01
-3.963966E-08,-1.4906110E-01
-3.958966E-08,-1.4906110E-01
-3.953966E-08,-1.4906110E-01
-3.948966E-08,-1.4906110E-01
-3.943966E-08,-1.4906110E-01
-3.938966E-08,-1.4906110E-01
-3.933966E-08,-1.4906110E-01
-3.928966E-08,-1.4900839E-01
-3.923966E-08,-1.4900839E-01
-3.918966E-08,-1.4900839E-01
-3.913966E-08,-1.4900839E-01
-3.908966E-08,-1.4900839E-01
-3.903966E-08,-1.4900839E-01
-3.898966E-08,-1.4906110E-01
-3.893966E-08,-1.4906110E-01
-3.888966E-08,-1.4906110E-01
-3.883966E-08,-1.4906110E-01
-3.878966E-08,-1.4906110E-01
-3.873966E-08,-1.4906110E-01
-3.868966E-08,-1.4911381E-01
-3.863966E-08,-1.4911381E-01
-3.858966E-08,-1.4911381E-01
-3.853966E-08,-1.4916652E-01
-3.848966E-08,-1.4916652E-01
-3.843966E-08,-1.4921923E-01
-3.838966E-08,-1.4927194E-01
-3.833966E-08,-1.4927194E-01
-3.828966E-08,-1.4932464E-01
-3.823966E-08,-1.4937735E-01
-3.818966E-08,-1.4937735E-01
-3.813966E-08,-1.4943006E-01
-3.808966E-08,-1.4948277E-01
-3.803966E-08,-1.4948277E-01
-3.798966E-08,-1.4953548E-01
-3.793966E-08,-1.4958819E-01
-3.788966E-08,-1.4958819E-01
-3.783966E-08,-1.4964090E-01
-3.778966E-08,-1.4964090E-01
-3.773966E-08,-1.4969361E-01
-3.768966E-08,-1.4969361E-01
-3.763966E-08,-1.4974632E-01
-3.758966E-08,-1.4974632E-01
-3.753966E-08,-1.4974632E-01
-3.748966E-08,-1.4974632E-01
-3.743966E-08,-1.4974632E-01
-3.738966E-08,-1.4974632E-01
-3.733966E-08,-1.4974632E-01
-3.728966E-08,-1.4974632E-01
-3.723966E-08,-1.4969361E-01
-3.718966E-08,-1.4969361E-01
-3.713966E-08,-1.4969361E-01
-3.708966E-08,-1.4964090E-01
-3.703966E-08,-1.4964090E-01
-3.698966E-08,-1.4958819E-01
-3.693966E-08,-1.4958819E-01
-3.688966E-08,-1.4953548E-01
-3.683966E-08,-1.4953548E-01
-3.678966E-08,-1.4948277E-01
-3.673966E-08,-1.4948277E-01
-3.668966E-08,-1.4943006E-01
-3.663966E-08,-1.4943006E-01
-3.658966E-08,-1.4937735E-01
-3.653966E-08,-1.4937735E-01
-3.648966E-08,-1.4937735E-01
-3.643966E-08,-1.4932464E-01
-3.638966E-08,-1.4932464E-01
-3.633966E-08,-1.4932464E-01
-3.628966E-08,-1.4927194E-01
-3.623966E-08,-1.4927194E-01
-3.618966E-08,-1.4927194E-01
-3.613966E-08,-1.4927194E-01
-3.608966E-08,-1.4927194E-01
-3.603966E-08,-1.4927194E-01
-3.598966E-08,-1.4927194E-01
-3.593966E-08,-1.4927194E-01
-3.588966E-08,-1.4921923E-01
-3.583966E-08,-1.4921923E-01
-3.578966E-08,-1.4921923E-01
-3.573966E-08,-1.4921923E-01
-3.568966E-08,-1.4921923E-01
-3.563966E-08,-1.4921923E-01
-3.558966E-08,-1.4921923E-01
-3.553966E-08,-1.4921923E-01
-3.548966E-08,-1.4921923E-01
-3.543966E-08,-1.4921923E-01
-3.538966E-08,-1.4921923E-01
-3.533966E-08,-1.4921923E-01
-3.528966E-08,-1.4921923E-01
-3.523966E-08,-1.4921923E-01
-3.518966E-08,-1.4921923E-01
-3.513966E-08,-1.4921923E-01
-3.508966E-08,-1.4921923E-01
-3.503966E-08,-1.4921923E-01
-3.498966E-08,-1.4921923E-01
-3.493966E-08,-1.4921923E-01
-3.488966E-08,-1.4921923E-01
-3.483966E-08,-1.4921923E-01
-3.478966E-08,-1.4921923E-01
-3.473966E-08,-1.4921923E-01
-3.468966E-08,-1.4927194E-01
-3.463966E-08,-1.4927194E-01
-3.458966E-08,-1.4927194E-01
-3.453966E-08,-1.4932464E-01
-3.448966E-08,-1.4932464E-01
-3.443966E-08,-1.4932464E-01
-3.438966E-08,-1.4937735E-01
-3.433966E-08,-1.4937735E-01
-3.428966E-08,-1.4937735E-01
-3.423966E-08,-1.4943006E-01
-3.418966E-08,-1.4943006E-01
-3.413966E-08,-1.4948277E-01
-3.408966E-08,-1.4948277E-01
-3.403966E-08,-1.4948277E-01
-3.398966E-08,-1.4948277E-01
-3.393966E-08,-1.4948277E-01
-3.388966E-08,-1.4953548E-01
-3.383966E-08,-1.4953548E-01
-3.378966E-08,-1.4953548E-01
-3.373966E-08,-1.4953548E-01
-3.368966E-08,-1.4948277E-01
-3.363966E-08,-1.4948277E-01
-3.358966E-08,-1.4948277E-01
-3.353966E-08,-1.4948277E-01
-3.348966E-08,-1.4943006E-01
-3.343966E-08,-1.4943006E-01
-3.338966E-08,-1.4943006E-01
-3.333966E-08,-1.4937735E-01
-3.328966E-08,-1.4937735E-01
-3.323966E-08,-1.4932464E-01
-3.318966E-08,-1.4932464E-01
-3.313966E-08,-1.4932464E-01
-3.308966E-08,-1.4927194E-01
-3.303966E-08,-1.4927194E-01
-3.298966E-08,-1.4927194E-01
-3.293966E-08,-1.4927194E-01
-3.288966E-08,-1.4927194E-01
-3.283966E-08,-1.4927194E-01
-3.278966E-08,-1.4927194E-01
-3.273966E-08,-1.4927194E-01
-3.268966E-08,-1.4927194E-01
-3.263966E-08,-1.4932464E-01
-3.258966E-08,-1.4932464E-01
-3.253966E-08,-1.4937735E-01
-3.248966E-08,-1.4937735E-01
-3.243966E-08,-1.4943006E-01
-3.238966E-08,-1.4948277E-01
-3.233966E-08,-1.4953548E-01
-3.228966E-08,-1.4953548E-01
-3.223966E-08,-1.4958819E-01
-3.218966E-08,-1.4964090E-01
-3.213966E-08,-1.4969361E-01
-3.208966E-08,-1.4974632E-01
-3.203966E-08,-1.4979903E-01
-3.198966E-08,-1.4985173E-01
-3.193966E-08,-1.4985173E-01
-3.188966E-08,-1.4990444E-01
-3.183966E-08,-1.4990444E-01
-3.178966E-08,-1.4995715E-01
-3.173966E-08,-1.4995715E-01
-3.168966E-08,-1.4995715E-01
-3.163966E-08,-1.4995715E-01
-3.158966E-08,-1.4995715E-01
-3.153966E-08,-1.4995715E-01
-3.148966E-08,-1.4995715E-01
-3.143966E-08,-1.4995715E-01
-3.138966E-08,-1.4990444E-01
-3.133966E-08,-1.4990444E-01
-3.128966E-08,-1.4985173E-01
-3.123966E-08,-1.4985173E-01
-3.118966E-08,-1.4979903E-01
-3.113966E-08,-1.4974632E-01
-3.108966E-08,-1.4969361E-01
-3.103966E-08,-1.4969361E-01
-3.098966E-08,-1.4964090E-01
-3.093966E-08,-1.4958819E-01
-3.088966E-08,-1.4953548E-01
-3.083966E-08,-1.4953548E-01
-3.078966E-08,-1.4948277E-01
-3.073966E-08,-1.4943006E-01
-3.068966E-08,-1.4943006E-01
-3.063966E-08,-1.4937735E-01
-3.058966E-08,-1.4937735E-01
-3.053966E-08,-1.4937735E-01
-3.048966E-08,-1.4932464E-01
-3.043966E-08,-1.4932464E-01
-3.038966E-08,-1.4932464E-01
-3.033966E-08,-1.4932464E-01
-3.028966E-08,-1.4932464E-01
-3.023966E-08,-1.4932464E-01
-3.018966E-08,-1.4932464E-01
-3.013966E-08,-1.4932464E-01
-3.008966E-08,-1.4932464E-01
-3.003966E-08,-1.4937735E-01
-2.998966E-08,-1.4937735E-01
-2.993966E-08,-1.4937735E-01
-2.988966E-08,-1.4937735E-01
-2.983966E-08,-1.4937735E-01
-2.978966E-08,-1.4937735E-01
-2.973966E-08,-1.4937735E-01
-2.968966E-08,-1.4937735E-01
-2.963966E-08,-1.4937735E-01
-2.958966E-08,-1.4937735E-01
-2.953966E-08,-1.4937735E-01
-2.948966E-08,-1.4937735E-01
-2.943966E-08,-1.4932464E-01
-2.938966E-08,-1.4932464E-01
-2.933966E-08,-1.4932464E-01
-2.928966E-08,-1.4927194E-01
-2.923966E-08,-1.4921923E-01
-2.918966E-08,-1.4921923E-01
-2.913966E-08,-1.4916652E-01
-2.908966E-08,-1.4916652E-01
-2.903966E-08,-1.4911381E-01
-2.898966E-08,-1.4906110E-01
-2.893966E-08,-1.4900839E-01
-2.888966E-08,-1.4900839E-01
-2.883966E-08,-1.4895568E-01
-2.878966E-08,-1.4890297E-01
-2.873966E-08,-1.4890297E-01
-2.868966E-08,-1.4885026E-01
-2.863966E-08,-1.4885026E-01
-2.858966E-08,-1.4885026E-01
-2.853966E-08,-1.4879755E-01
-2.848966E-08,-1.4879755E-01
-2.843966E-08,-1.4879755E-01
-2.838966E-08,-1.4879755E-01
-2.833966E-08,-1.4879755E-01
-2.828966E-08,-1.4879755E-01
-2.823966E-08,-1.4879755E-01
-2.818966E-08,-1.4885026E-01
-2.813966E-08,-1.4885026E-01
-2.808966E-08,-1.4885026E-01
-2.803966E-08,-1.4890297E-01
-2.798966E-08,-1.4890297E-01
-2.793966E-08,-1.4895568E-01
-2.788966E-08,-1.4895568E-01
-2.783966E-08,-1.4900839E-01
-2.778966E-08,-1.4900839E-01
-2.773966E-08,-1.4906110E-01
-2.768966E-08,-1.4906110E-01
-2.763966E-08,-1.4911381E-01
-2.758966E-08,-1.4916652E-01
-2.753966E-08,-1.4916652E-01
-2.748966E-08,-1.4916652E-01
-2.743966E-08,-1.4921923E-01
-2.738966E-08,-1.4921923E-01
-2.733966E-08,-1.4921923E-01
-2.728966E-08,-1.4927194E-01
-2.723966E-08,-1.4927194E-01
-2.718966E-08,-1.4927194E-01
-2.713966E-08,-1.4927194E-01
-2.708966E-08,-1.4927194E-01
-2.703966E-08,-1.4927194E-01
-2.698966E-08,-1.4927194E-01
-2.693966E-08,-1.4927194E-01
-2.688966E-08,-1.4927194E-01
-2.683966E-08,-1.4927194E-01
-2.678966E-08,-1.4927194E-01
-2.673966E-08,-1.4927194E-01
-2.668966E-08,-1.4927194E-01
-2.663966E-08,-1.4927194E-01
-2.658966E-08,-1.4927194E-01
-2.653966E-08,-1.4927194E-01
-2.648966E-08,-1.4927194E-01
-2.643966E-08,-1.4927194E-01
-2.638966E-08,-1.4927194E-01
-2.633966E-08,-1.4927194E-01
-2.628966E-08,-1.4927194E-01
-2.623966E-08,-1.4927194E-01
-2.618966E-08,-1.4927194E-01
-2.613966E-08,-1.4927194E-01
-2.608966E-08,-1.4921923E-01
-2.603966E-08,-1.4921923E-01
-2.598966E-08,-1.4921923E-01
-2.593966E-08,-1.4921923E-01
-2.588966E-08,-1.4921923E-01
-2.583966E-08,-1.4921923E-01
-2.578966E-08,-1.4921923E-01
-2.573966E-08,-1.4921923E-01
-2.568966E-08,-1.4916652E-01
-2.563966E-08,-1.4916652E-01
-2.558966E-08,-1.4916652E-01
-2.553966E-08,-1.4916652E-01
-2.548966E-08,-1.4911381E-01
-2.543966E-08,-1.4911381E-01
-2.538966E-08,-1.4911381E-01
-2.533966E-08,-1.4911381E-01
-2.528966E-08,-1.4906110E-01
-2.523966E-08,-1.4906110E-01
-2.518966E-08,-1.4906110E-01
-2.513966E-08,-1.4900839E-01
-2.508966E-08,-1.4900839E-01
-2.503966E-08,-1.4900839E-01
-2.498966E-08,-1.4900839E-01
-2.493966E-08,-1.4900839E-01
-2.488966E-08,-1.4900839E-01
-2.483966E-08,-1.4900839E-01
-2.478966E-08,-1.4900839E-01
-2.473966E-08,-1.4900839E-01
-2.468966E-08,-1.4900839E-01
-2.463966E-08,-1.4900839E-01
-2.458966E-08,-1.4900839E-01
-2.453966E-08,-1.4906110E-01
-2.448966E-08,-1.4906110E-01
-2.443966E-08,-1.4906110E-01
-2.438966E-08,-1.4911381E-01
-2.433966E-08,-1.4911381E-01
-2.428966E-08,-1.4916652E-01
-2.423966E-08,-1.4921923E-01
-2.418966E-08,-1.4921923E-01
-2.413966E-08,-1.4927194E-01
-2.408966E-08,-1.4932464E-01
-2.403966E-08,-1.4932464E-01
-2.398966E-08,-1.4937735E-01
-2.393966E-08,-1.4937735E-01
-2.388966E-08,-1.4943006E-01
-2.383966E-08,-1.4943006E-01
-2.378966E-08,-1.4948277E-01
-2.373966E-08,-1.4948277E-01
-2.368966E-08,-1.4953548E-01
-2.363966E-08,-1.4953548E-01
-2.358966E-08,-1.4953548E-01
-2.353966E-08,-1.4953548E-01
-2.348966E-08,-1.4953548E-01
-2.343966E-08,-1.4953548E-01
-2.338966E-08,-1.4953548E-01
-2.333966E-08,-1.4953548E-01
-2.328966E-08,-1.4948277E-01
-2.323966E-08,-1.4948277E-01
-2.318966E-08,-1.4948277E-01
-2.313966E-08,-1.4943006E-01
-2.308966E-08,-1.4943006E-01
-2.303966E-08,-1.4937735E-01
-2.298966E-08,-1.4937735E-01
-2.293966E-08,-1.4932464E-01
-2.288966E-08,-1.4932464E-01
-2.283966E-08,-1.4927194E-01
-2.278966E-08,-1.4927194E-01
-2.273966E-08,-1.4921923E-01
-2.268966E-08,-1.4921923E-01
-2.263966E-08,-1.4916652E-01
-2.258966E-08,-1.4916652E-01
-2.253966E-08,-1.4916652E-01
-2.248966E-08,-1.4911381E-01
-2.243966E-08,-1.4911381E-01
-2.238966E-08,-1.4911381E-01
-2.233966E-08,-1.4911381E-01
-2.228966E-08,-1.4911381E-01
-2.223966E-08,-1.4911381E-01
-2.218966E-08,-1.4911381E-01
-2.213966E-08,-1.4911381E-01
-2.208966E-08,-1.4916652E-01
-2.203966E-08,-1.4916652E-01
-2.198966E-08,-1.4916652E-01
-2.193966E-08,-1.4916652E-01
-2.188966E-08,-1.4921923E-01
-2.183966E-08,-1.4921923E-01
-2.178966E-08,-1.4921923E-01
-2.173966E-08,-1.4927194E-01
-2.168966E-08,-1.4927194E-01
-2.163966E-08,-1.4927194E-01
-2.158966E-08,-1.4927194E-01
-2.153966E-08,-1.4932464E-01
-2.148966E-08,-1.4932464E-01
-2.143966E-08,-1.4932464E-01
-2.138966E-08,-1.4932464E-01
-2.133966E-08,-1.4932464E-01
-2.128966E-08,-1.4932464E-01
-2.123966E-08,-1.4932464E-01
-2.118966E-08,-1.4927194E-01
-2.113966E-08,-1.4927194E-01
-2.108966E-08,-1.4927194E-01
-2.103966E-08,-1.4921923E-01
-2.098966E-08,-1.4921923E-01
-2.093966E-08,-1.4916652E-01
-2.088966E-08,-1.4916652E-01
-2.083966E-08,-1.4911381E-01
-2.078966E-08,-1.4911381E-01
-2.073966E-08,-1.4906110E-01
-2.068966E-08,-1.4900839E-01
-2.063966E-08,-1.4900839E-01
-2.058966E-08,-1.4895568E-01
-2.053966E-08,-1.4890297E-01
-2.048966E-08,-1.4890297E-01
-2.043966E-08,-1.4885026E-01
-2.038966E-08,-1.4879755E-01
-2.033966E-08,-1.4879755E-01
-2.028966E-08,-1.4874485E-01
-2.023966E-08,-1.4874485E-01
-2.018966E-08,-1.4869214E-01
-2.013966E-08,-1.4869214E-01
-2.008966E-08,-1.4863943E-01
-2.003966E-08,-1.4863943E-01
-1.998966E-08,-1.4863943E-01
-1.993966E-08,-1.4863943E-01
-1.988966E-08,-1.4858672E-01
-1.983966E-08,-1.4858672E-01
-1.978966E-08,-1.4858672E-01
-1.973966E-08,-1.4858672E-01
-1.968966E-08,-1.4858672E-01
-1.963966E-08,-1.4858672E-01
-1.958966E-08,-1.4858672E-01
-1.953966E-08,-1.4858672E-01
-1.948966E-08,-1.4858672E-01
-1.943966E-08,-1.4858672E-01
-1.938966E-08,-1.4858672E-01
-1.933966E-08,-1.4858672E-01
-1.928966E-08,-1.4858672E-01
-1.923966E-08,-1.4863943E-01
-1.918966E-08,-1.4863943E-01
-1.913966E-08,-1.4863943E-01
-1.908966E-08,-1.4863943E-01
-1.903966E-08,-1.4863943E-01
-1.898966E-08,-1.4863943E-01
-1.893966E-08,-1.4863943E-01
-1.888966E-08,-1.4863943E-01
-1.883966E-08,-1.4863943E-01
-1.878966E-08,-1.4863943E-01
-1.873966E-08,-1.4863943E-01
-1.868966E-08,-1.4863943E-01
-1.863966E-08,-1.4863943E-01
-1.858966E-08,-1.4863943E-01
-1.853966E-08,-1.4863943E-01
-1.848966E-08,-1.4863943E-01
-1.843966E-08,-1.4863943E-01
-1.838966E-08,-1.4863943E-01
-1.833966E-08,-1.4863943E-01
-1.828966E-08,-1.4863943E-01
-1.823966E-08,-1.4869214E-01
-1.818966E-08,-1.4869214E-01
-1.813966E-08,-1.4869214E-01
-1.808966E-08,-1.4869214E-01
-1.803966E-08,-1.4874485E-01
-1.798966E-08,-1.4874485E-01
-1.793966E-08,-1.4874485E-01
-1.788966E-08,-1.4879755E-01
-1.783966E-08,-1.4879755E-01
-1.778966E-08,-1.4885026E-01
-1.773966E-08,-1.4885026E-01
-1.768966E-08,-1.4890297E-01
-1.763966E-08,-1.4895568E-01
-1.758966E-08,-1.4895568E-01
-1.753966E-08,-1.4900839E-01
-1.748966E-08,-1.4906110E-01
-1.743966E-08,-1.4911381E-01
-1.738966E-08,-1.4911381E-01
-1.733966E-08,-1.4916652E-01
-1.728966E-08,-1.4921923E-01
-1.723966E-08,-1.4927194E-01
-1.718966E-08,-1.4927194E-01
-1.713966E-08,-1.4932464E-01
-1.708966E-08,-1.4937735E-01
-1.703966E-08,-1.4943006E-01
-1.698966E-08,-1.4943006E-01
-1.693966E-08,-1.4948277E-01
-1.688966E-08,-1.4953548E-01
-1.683966E-08,-1.4953548E-01
-1.678966E-08,-1.4958819E-01
-1.673966E-08,-1.4958819E-01
-1.668966E-08,-1.4964090E-01
-1.663966E-08,-1.4964090E-01
-1.658966E-08,-1.4964090E-01
-1.653966E-08,-1.4964090E-01
-1.648966E-08,-1.4969361E-01
-1.643966E-08,-1.4969361E-01
-1.638966E-08,-1.4969361E-01
-1.633966E-08,-1.4969361E-01
-1.628966E-08,-1.4969361E-01
-1.623966E-08,-1.4969361E-01
-1.618966E-08,-1.4964090E-01
-1.613966E-08,-1.4964090E-01
-1.608966E-08,-1.4964090E-01
-1.603966E-08,-1.4964090E-01
-1.598966E-08,-1.4958819E-01
-1.593966E-08,-1.4958819E-01
-1.588966E-08,-1.4958819E-01
-1.583966E-08,-1.4953548E-01
-1.578966E-08,-1.4953548E-01
-1.573966E-08,-1.4948277E-01
-1.568966E-08,-1.4948277E-01
-1.563966E-08,-1.4943006E-01
-1.558966E-08,-1.4943006E-01
-1.553966E-08,-1.4943006E-01
-1.548966E-08,-1.4937735E-01
-1.543966E-08,-1.4937735E-01
-1.538966E-08,-1.4932464E-01
-1.533966E-08,-1.4932464E-01
-1.528966E-08,-1.4932464E-01
-1.523966E-08,-1.4927194E-01
-1.518966E-08,-1.4927194E-01
-1.513966E-08,-1.4927194E-01
-1.508966E-08,-1.4921923E-01
-1.503966E-08,-1.4921923E-01
-1.498966E-08,-1.4921923E-01
-1.493966E-08,-1.4916652E-01
-1.488966E-08,-1.4916652E-01
-1.483966E-08,-1.4916652E-01
-1.478966E-08,-1.4916652E-01
-1.473966E-08,-1.4916652E-01
-1.468966E-08,-1.4911381E-01
-1.463966E-08,-1.4911381E-01
-1.458966E-08,-1.4911381E-01
-1.453966E-08,-1.4911381E-01
-1.448966E-08,-1.4911381E-01
-1.443966E-08,-1.4911381E-01
-1.438966E-08,-1.4911381E-01
-1.433966E-08,-1.4911381E-01
-1.428966E-08,-1.4906110E-01
-1.423966E-08,-1.4906110E-01
-1.418966E-08,-1.4906110E-01
-1.413966E-08,-1.4906110E-01
-1.408966E-08,-1.4906110E-01
-1.403966E-08,-1.4911381E-01
-1.398966E-08,-1.4911381E-01
-1.393966E-08,-1.4911381E-01
-1.388966E-08,-1.4911381E-01
-1.383966E-08,-1.4911381E-01
-1.378966E-08,-1.4916652E-01
-1.373966E-08,-1.4916652E-01
-1.368966E-08,-1.4916652E-01
-1.363966E-08,-1.4921923E-01
-1.358966E-08,-1.4921923E-01
-1.353966E-08,-1.4927194E-01
-1.348966E-08,-1.4932464E-01
-1.343966E-08,-1.4932464E-01
-1.338966E-08,-1.4937735E-01
-1.333966E-08,-1.4943006E-01
-1.328966E-08,-1.4948277E-01
-1.323966E-08,-1.4953548E-01
-1.318966E-08,-1.4953548E-01
-1.313966E-08,-1.4958819E-01
-1.308966E-08,-1.4964090E-01
-1.303966E-08,-1.4969361E-01
-1.298966E-08,-1.4974632E-01
-1.293966E-08,-1.4979903E-01
-1.288966E-08,-1.4985173E-01
-1.283966E-08,-1.4990444E-01
-1.278966E-08,-1.4995715E-01
-1.273966E-08,-1.5000986E-01
-1.268966E-08,-1.5006257E-01
-1.263966E-08,-1.5006257E-01
-1.258966E-08,-1.5011528E-01
-1.253966E-08,-1.5016799E-01
-1.248966E-08,-1.5016799E-01
-1.243966E-08,-1.5016799E-01
-1.238966E-08,-1.5022070E-01
-1.233966E-08,-1.5022070E-01
-1.228966E-08,-1.5022070E-01
-1.223966E-08,-1.5022070E-01
-1.218966E-08,-1.5022070E-01
-1.213966E-08,-1.5016799E-01
-1.208966E-08,-1.5016799E-01
-1.203966E-08,-1.5016799E-01
-1.198966E-08,-1.5011528E-01
-1.193966E-08,-1.5006257E-01
-1.188966E-08,-1.5000986E-01
-1.183966E-08,-1.5000986E-01
-1.178966E-08,-1.4995715E-01
-1.173966E-08,-1.4990444E-01
-1.168966E-08,-1.4979903E-01
-1.163966E-08,-1.4974632E-01
-1.158966E-08,-1.4969361E-01
-1.153966E-08,-1.4964090E-01
-1.148966E-08,-1.4958819E-01
-1.143966E-08,-1.4953548E-01
-1.138966E-08,-1.4943006E-01
-1.133966E-08,-1.4937735E-01
-1.128966E-08,-1.4932464E-01
-1.123966E-08,-1.4927194E-01
-1.118966E-08,-1.4921923E-01
-1.113966E-08,-1.4916652E-01
-1.108966E-08,-1.4911381E-01
-1.103966E-08,-1.4911381E-01
-1.098966E-08,-1.4906110E-01
-1.093966E-08,-1.4900839E-01
-1.088966E-08,-1.4900839E-01
-1.083966E-08,-1.4895568E-01
-1.078966E-08,-1.4895568E-01
-1.073966E-08,-1.4895568E-01
-1.068966E-08,-1.4895568E-01
-1.063966E-08,-1.4895568E-01
-1.058966E-08,-1.4895568E-01
-1.053966E-08,-1.4895568E-01
-1.048966E-08,-1.4895568E-01
-1.043966E-08,-1.4895568E-01
-1.038966E-08,-1.4895568E-01
-1.033966E-08,-1.4895568E-01
-1.028966E-08,-1.4895568E-01
-1.023966E-08,-1.4900839E-01
-1.018966E-08,-1.4900839E-01
-1.013966E-08,-1.4900839E-01
-1.008966E-08,-1.4900839E-01
-1.003966E-08,-1.4900839E-01
-9.98966E-09,-1.4906110E-01
-9.93966E-09,-1.4906110E-01
-9.88966E-09,-1.4906110E-01
-9.83966E-09,-1.4906110E-01
-9.78966E-09,-1.4906110E-01
-9.73966E-09,-1.4906110E-01
-9.68966E-09,-1.4906110E-01
-9.63966E-09,-1.4906110E-01
-9.58966E-09,-1.4900839E-01
-9.53966E-09,-1.4900839E-01
-9.48966E-09,-1.4900839E-01
-9.43966E-09,-1.4900839E-01
-9.38966E-09,-1.4895568E-01
-9.33966E-09,-1.4895568E-01
-9.28966E-09,-1.4890297E-01
-9.23966E-09,-1.4890297E-01
-9.18966E-09,-1.4890297E-01
-9.13966E-09,-1.4885026E-01
-9.08966E-09,-1.4885026E-01
-9.03966E-09,-1.4885026E-01
-8.98966E-09,-1.4879755E-01
-8.93966E-09,-1.4879755E-01
-8.88966E-09,-1.4879755E-01
-8.83966E-09,-1.4879755E-01
-8.78966E-09,-1.4879755E-01
-8.73966E-09,-1.4879755E-01
-8.68966E-09,-1.4879755E-01
-8.63966E-09,-1.4879755E-01
-8.58966E-09,-1.4879755E-01
-8.53966E-09,-1.4885026E-01
-8.48966E-09,-1.4885026E-01
-8.43966E-09,-1.4890297E-01
-8.38966E-09,-1.4890297E-01
-8.33966E-09,-1.4895568E-01
-8.28966E-09,-1.4895568E-01
-8.23966E-09,-1.4900839E-01
-8.18966E-09,-1.4906110E-01
-8.13966E-09,-1.4911381E-01
-8.08966E-09,-1.4916652E-01
-8.03966E-09,-1.4921923E-01
-7.98966E-09,-1.4927194E-01
-7.93966E-09,-1.4932464E-01
-7.88966E-09,-1.4937735E-01
-7.83966E-09,-1.4937735E-01
-7.78966E-09,-1.4943006E-01
-7.73966E-09,-1.4948277E-01
-7.68966E-09,-1.4953548E-01
-7.63966E-09,-1.4953548E-01
-7.58966E-09,-1.4958819E-01
-7.53966E-09,-1.4964090E-01
-7.48966E-09,-1.4964090E-01
-7.43966E-09,-1.4964090E-01
-7.38966E-09,-1.4964090E-01
-7.33966E-09,-1.4969361E-01
-7.28966E-09,-1.4969361E-01
-7.23966E-09,-1.4969361E-01
-7.18966E-09,-1.4969361E-01
-7.13966E-09,-1.4964090E-01
-7.08966E-09,-1.4964090E-01
-7.03966E-09,-1.4964090E-01
-6.98966E-09,-1.4958819E-01
-6.93966E-09,-1.4958819E-01
-6.88966E-09,-1.4953548E-01
-6.83966E-09,-1.4953548E-01
-6.78966E-09,-1.4948277E-01
-6.73966E-09,-1.4948277E-01
-6.68966E-09,-1.4943006E-01
-6.63966E-09,-1.4943006E-01
-6.58966E-09,-1.4943006E-01
-6.53966E-09,-1.4937735E-01
-6.48966E-09,-1.4937735E-01
-6.43966E-09,-1.4937735E-01
-6.38966E-09,-1.4932464E-01
-6.33966E-09,-1.4932464E-01
-6.28966E-09,-1.4932464E-01
-6.23966E-09,-1.4932464E-01
-6.18966E-09,-1.4932464E-01
-6.13966E-09,-1.4932464E-01
-6.08966E-09,-1.4937735E-01
-6.03966E-09,-1.4937735E-01
-5.98966E-09,-1.4937735E-01
-5.93966E-09,-1.4937735E-01
-5.88966E-09,-1.4943006E-01
-5.83966E-09,-1.4943006E-01
-5.78966E-09,-1.4943006E-01
-5.73966E-09,-1.4948277E-01
-5.68966E-09,-1.4948277E-01
-5.63966E-09,-1.4948277E-01
-5.58966E-09,-1.4953548E-01
-5.53966E-09,-1.4953548E-01
-5.48966E-09,-1.4953548E-01
-5.43966E-09,-1.4953548E-01
-5.38966E-09,-1.4953548E-01
-5.33966E-09,-1.4953548E-01
-5.28966E-09,-1.4953548E-01
-5.23966E-09,-1.4948277E-01
-5.18966E-09,-1.4948277E-01
-5.13966E-09,-1.4943006E-01
-5.08966E-09,-1.4937735E-01
-5.03966E-09,-1.4937735E-01
-4.98966E-09,-1.4932464E-01
-4.93966E-09,-1.4927194E-01
-4.88966E-09,-1.4921923E-01
-4.83966E-09,-1.4916652E-01
-4.78966E-09,-1.4911381E-01
-4.73966E-09,-1.4906110E-01
-4.68966E-09,-1.4900839E-01
-4.63966E-09,-1.4895568E-01
-4.58966E-09,-1.4890297E-01
-4.53966E-09,-1.4885026E-01
-4.48966E-09,-1.4879755E-01
-4.43966E-09,-1.4874485E-01
-4.38966E-09,-1.4874485E-01
-4.33966E-09,-1.4869214E-01
-4.28966E-09,-1.4869214E-01
-4.23966E-09,-1.4869214E-01
-4.18966E-09,-1.4869214E-01
-4.13966E-09,-1.4869214E-01
-4.08966E-09,-1.4874485E-01
-4.03966E-09,-1.4879755E-01
-3.98966E-09,-1.4885026E-01
-3.93966E-09,-1.4890297E-01
-3.88966E-09,-1.4895568E-01
-3.83966E-09,-1.4900839E-01
-3.78966E-09,-1.4911381E-01
-3.73966E-09,-1.4921923E-01
-3.68966E-09,-1.4932464E-01
-3.63966E-09,-1.4943006E-01
-3.58966E-09,-1.4953548E-01
-3.53966E-09,-1.4964090E-01
-3.48966E-09,-1.4974632E-01
-3.43966E-09,-1.4985173E-01
-3.38966E-09,-1.4995715E-01
-3.33966E-09,-1.5006257E-01
-3.28966E-09,-1.5016799E-01
-3.23966E-09,-1.5022070E-01
-3.18966E-09,-1.5032612E-01
-3.13966E-09,-1.5043153E-01
-3.08966E-09,-1.5048424E-01
-3.03966E-09,-1.5053695E-01
-2.98966E-09,-1.5058966E-01
-2.93966E-09,-1.5064237E-01
-2.88966E-09,-1.5064237E-01
-2.83966E-09,-1.5064237E-01
-2.78966E-09,-1.5064237E-01
-2.73966E-09,-1.5064237E-01
-2.68966E-09,-1.5064237E-01
-2.63966E-09,-1.5058966E-01
-2.58966E-09,-1.5058966E-01
-2.53966E-09,-1.5053695E-01
-2.48966E-09,-1.5048424E-01
-2.43966E-09,-1.5043153E-01
-2.38966E-09,-1.5032612E-01
-2.33966E-09,-1.5027341E-01
-2.28966E-09,-1.5022070E-01
-2.23966E-09,-1.5011528E-01
-2.18966E-09,-1.5006257E-01
-2.13966E-09,-1.4995715E-01
-2.08966E-09,-1.4990444E-01
-2.03966E-09,-1.4985173E-01
-1.98966E-09,-1.4979903E-01
-1.93966E-09,-1.4974632E-01
-1.88966E-09,-1.4969361E-01
-1.83966E-09,-1.4964090E-01
-1.78966E-09,-1.4964090E-01
-1.73966E-09,-1.4958819E-01
-1.68966E-09,-1.4958819E-01
-1.63966E-09,-1.4958819E-01
-1.58966E-09,-1.4958819E-01
-1.53966E-09,-1.4958819E-01
-1.48966E-09,-1.4964090E-01
-1.43966E-09,-1.4964090E-01
-1.38966E-09,-1.4969361E-01
-1.33966E-09,-1.4974632E-01
-1.28966E-09,-1.4974632E-01
-1.23966E-09,-1.4979903E-01
-1.18966E-09,-1.4985173E-01
-1.13966E-09,-1.4990444E-01
-1.08966E-09,-1.4995715E-01
-1.03966E-09,-1.5000986E-01
-9.8966E-10,-1.5006257E-01
-9.3966E-10,-1.5011528E-01
-8.8966E-10,-1.5011528E-01
-8.3966E-10,-1.5016799E-01
-7.8966E-10,-1.5016799E-01
-7.3966E-10,-1.5022070E-01
-6.8966E-10,-1.5022070E-01
-6.3966E-10,-1.5022070E-01
-5.8966E-10,-1.5016799E-01
-5.3966E-10,-1.5016799E-01
-4.8966E-10,-1.5011528E-01
-4.3966E-10,-1.5011528E-01
-3.8966E-10,-1.5006257E-01
-3.3966E-10,-1.5000986E-01
-2.8966E-10,-1.4990444E-01
-2.3966E-10,-1.4985173E-01
-1.8966E-10,-1.4974632E-01
-1.3966E-10,-1.4969361E-01
-8.966E-11,-1.4958819E-01
-3.966E-11,-1.4948277E-01
1.034E-11,-1.4943006E-01
6.034E-11,-1.4932464E-01
1.1034E-10,-1.4921923E-01
1.6034E-10,-1.4911381E-01
2.1034E-10,-1.4900839E-01
2.6034E-10,-1.4895568E-01
3.1034E-10,-1.4885026E-01
3.6034E-10,-1.4879755E-01
4.1034E-10,-1.4869214E-01
4.6034E-10,-1.4863943E-01
5.1034E-10,-1.4858672E-01
5.6034E-10,-1.4853401E-01
6.1034E-10,-1.4848130E-01
6.6034E-10,-1.4848130E-01
7.1034E-10,-1.4842859E-01
7.6034E-10,-1.4842859E-01
8.1034E-10,-1.4842859E-01
8.6034E-10,-1.4842859E-01
9.1034E-10,-1.4842859E-01
9.6034E-10,-1.4848130E-01
1.01034E-09,-1.4848130E-01
1.06034E-09,-1.4853401E-01
1.11034E-09,-1.4858672E-01
1.16034E-09,-1.4863943E-01
1.21034E-09,-1.4869214E-01
1.26034E-09,-1.4874485E-01
1.31034E-09,-1.4879755E-01
1.36034E-09,-1.4885026E-01
1.41034E-09,-1.4890297E-01
1.46034E-09,-1.4895568E-01
1.51034E-09,-1.4906110E-01
1.56034E-09,-1.4911381E-01
1.61034E-09,-1.4916652E-01
1.66034E-09,-1.4921923E-01
1.71034E-09,-1.4927194E-01
1.76034E-09,-1.4932464E-01
1.81034E-09,-1.4937735E-01
1.86034E-09,-1.4943006E-01
1.91034E-09,-1.4948277E-01
1.96034E-09,-1.4948277E-01
2.01034E-09,-1.4953548E-01
2.06034E-09,-1.4953548E-01
2.11034E-09,-1.4958819E-01
2.16034E-09,-1.4958819E-01
2.21034E-09,-1.4958819E-01
2.26034E-09,-1.4958819E-01
2.31034E-09,-1.4958819E-01
2.36034E-09,-1.4958819E-01
2.41034E-09,-1.4958819E-01
2.46034E-09,-1.4958819E-01
2.51034E-09,-1.4953548E-01
2.56034E-09,-1.4953548E-01
2.61034E-09,-1.4948277E-01
2.66034E-09,-1.4948277E-01
2.71034E-09,-1.4943006E-01
2.76034E-09,-1.4943006E-01
2.81034E-09,-1.4937735E-01
2.86034E-09,-1.4937735E-01
2.91034E-09,-1.4932464E-01
2.96034E-09,-1.4927194E-01
3.01034E-09,-1.4927194E-01
3.06034E-09,-1.4921923E-01
3.11034E-09,-1.4921923E-01
3.16034E-09,-1.4916652E-01
3.21034E-09,-1.4916652E-01
3.26034E-09,-1.4911381E-01
3.31034E-09,-1.4911381E-01
3.36034E-09,-1.4911381E-01
3.41034E-09,-1.4911381E-01
3.46034E-09,-1.4911381E-01
3.51034E-09,-1.4906110E-01
3.56034E-09,-1.4906110E-01
3.61034E-09,-1.4906110E-01
3.66034E-09,-1.4911381E-01
3.71034E-09,-1.4911381E-01
3.76034E-09,-1.4911381E-01
3.81034E-09,-1.4911381E-01
3.86034E-09,-1.4916652E-01
3.91034E-09,-1.4916652E-01
3.96034E-09,-1.4916652E-01
4.01034E-09,-1.4921923E-01
4.06034E-09,-1.4927194E-01
4.11034E-09,-1.4927194E-01
4.16034E-09,-1.4932464E-01
4.21034E-09,-1.4932464E-01
4.26034E-09,-1.4937735E-01
4.31034E-09,-1.4943006E-01
4.36034E-09,-1.4948277E-01
4.41034E-09,-1.4948277E-01
4.46034E-09,-1.4953548E-01
4.51034E-09,-1.4958819E-01
4.56034E-09,-1.4964090E-01
4.61034E-09,-1.4969361E-01
4.66034E-09,-1.4969361E-01
4.71034E-09,-1.4974632E-01
4.76034E-09,-1.4979903E-01
4.81034E-09,-1.4979903E-01
4.86034E-09,-1.4985173E-01
4.91034E-09,-1.4990444E-01
4.96034E-09,-1.4990444E-01
5.01034E-09,-1.4995715E-01
5.06034E-09,-1.4995715E-01
5.11034E-09,-1.5000986E-01
5.16034E-09,-1.5000986E-01
5.21034E-09,-1.5000986E-01
5.26034E-09,-1.5006257E-01
5.31034E-09,-1.5006257E-01
5.36034E-09,-1.5006257E-01
5.41034E-09,-1.5006257E-01
5.46034E-09,-1.5011528E-01
5.51034E-09,-1.5006257E-01
5.56034E-09,-1.5006257E-01
5.61034E-09,-1.5006257E-01
5.66034E-09,-1.5006257E-01
5.71034E-09,-1.5006257E-01
5.76034E-09,-1.5006257E-01
5.81034E-09,-1.5006257E-01
5.86034E-09,-1.5006257E-01
5.91034E-09,-1.5000986E-01
5.96034E-09,-1.5000986E-01
6.01034E-09,-1.5000986E-01
6.06034E-09,-1.5000986E-01
6.11034E-09,-1.4995715E-01
6.16034E-09,-1.4995715E-01
6.21034E-09,-1.4990444E-01
6.26034E-09,-1.4990444E-01
6.31034E-09,-1.4990444E-01
6.36034E-09,-1.4985173E-01
6.41034E-09,-1.4985173E-01
6.46034E-09,-1.4979903E-01
6.51034E-09,-1.4979903E-01
6.56034E-09,-1.4974632E-01
6.61034E-09,-1.4974632E-01
6.66034E-09,-1.4974632E-01
6.71034E-09,-1.4969361E-01
6.76034E-09,-1.4969361E-01
6.81034E-09,-1.4969361E-01
6.86034E-09,-1.4964090E-01
6.91034E-09,-1.4964090E-01
6.96034E-09,-1.4964090E-01
7.01034E-09,-1.4964090E-01
7.06034E-09,-1.4964090E-01
7.11034E-09,-1.4964090E-01
7.16034E-09,-1.4964090E-01
7.21034E-09,-1.4964090E-01
7.26034E-09,-1.4964090E-01
7.31034E-09,-1.4969361E-01
7.36034E-09,-1.4969361E-01
7.41034E-09,-1.4969361E-01
7.46034E-09,-1.4974632E-01
7.51034E-09,-1.4974632E-01
7.56034E-09,-1.4979903E-01
7.61034E-09,-1.4985173E-01
7.66034E-09,-1.4985173E-01
7.71034E-09,-1.4990444E-01
7.76034E-09,-1.4990444E-01
7.81034E-09,-1.4995715E-01
7.86034E-09,-1.5000986E-01
7.91034E-09,-1.5000986E-01
7.96034E-09,-1.5006257E-01
8.01034E-09,-1.5006257E-01
8.06034E-09,-1.5011528E-01
8.11034E-09,-1.5011528E-01
8.16034E-09,-1.5011528E-01
8.21034E-09,-1.5011528E-01
8.26034E-09,-1.5011528E-01
8.31034E-09,-1.5011528E-01
8.36034E-09,-1.5011528E-01
8.41034E-09,-1.5016799E-01
8.46034E-09,-1.5016799E-01
8.51034E-09,-1.5016799E-01
8.56034E-09,-1.5016799E-01
8.61034E-09,-1.5016799E-01
8.66034E-09,-1.5016799E-01
8.71034E-09,-1.5016799E-01
8.76034E-09,-1.5011528E-01
8.81034E-09,-1.5011528E-01
8.86034E-09,-1.5011528E-01
8.91034E-09,-1.5006257E-01
8.96034E-09,-1.5006257E-01
9.01034E-09,-1.5000986E-01
9.06034E-09,-1.5000986E-01
9.11034E-09,-1.4995715E-01
9.16034E-09,-1.4990444E-01
9.21034E-09,-1.4990444E-01
9.26034E-09,-1.4985173E-01
9.31034E-09,-1.4979903E-01
9.36034E-09,-1.4974632E-01
9.41034E-09,-1.4974632E-01
9.46034E-09,-1.4969361E-01
9.51034E-09,-1.4964090E-01
9.56034E-09,-1.4958819E-01
9.61034E-09,-1.4958819E-01
9.66034E-09,-1.4953548E-01
9.71034E-09,-1.4953548E-01
9.76034E-09,-1.4948277E-01
9.81034E-09,-1.4948277E-01
9.86034E-09,-1.4948277E-01
9.91034E-09,-1.4943006E-01
9.96034E-09,-1.4948277E-01
1.001034E-08,-1.4948277E-01
1.006034E-08,-1.4948277E-01
1.011034E-08,-1.4953548E-01
1.016034E-08,-1.4953548E-01
1.021034E-08,-1.4958819E-01
1.026034E-08,-1.4964090E-01
1.031034E-08,-1.4969361E-01
1.036034E-08,-1.4974632E-01
1.041034E-08,-1.4985173E-01
1.046034E-08,-1.4990444E-01
1.051034E-08,-1.4995715E-01
1.056034E-08,-1.5006257E-01
1.061034E-08,-1.5011528E-01
1.066034E-08,-1.5016799E-01
1.071034E-08,-1.5027341E-01
1.076034E-08,-1.5032612E-01
1.081034E-08,-1.5037883E-01
1.086034E-08,-1.5043153E-01
1.091034E-08,-1.5048424E-01
1.096034E-08,-1.5048424E-01
1.101034E-08,-1.5053695E-01
1.106034E-08,-1.5053695E-01
1.111034E-08,-1.5053695E-01
1.116034E-08,-1.5053695E-01
1.121034E-08,-1.5053695E-01
1.126034E-08,-1.5048424E-01
1.131034E-08,-1.5048424E-01
1.136034E-08,-1.5043153E-01
1.141034E-08,-1.5037883E-01
1.146034E-08,-1.5032612E-01
1.151034E-08,-1.5027341E-01
1.156034E-08,-1.5016799E-01
1.161034E-08,-1.5011528E-01
1.166034E-08,-1.5000986E-01
1.171034E-08,-1.4995715E-01
1.176034E-08,-1.4990444E-01
1.181034E-08,-1.4979903E-01
1.186034E-08,-1.4974632E-01
1.191034E-08,-1.4969361E-01
1.196034E-08,-1.4964090E-01
1.201034E-08,-1.4958819E-01
1.206034E-08,-1.4958819E-01
1.211034E-08,-1.4953548E-01
1.216034E-08,-1.4953548E-01
1.221034E-08,-1.4953548E-01
1.226034E-08,-1.4953548E-01
1.231034E-08,-1.4958819E-01
1.236034E-08,-1.4958819E-01
1.241034E-08,-1.4964090E-01
1.246034E-08,-1.4969361E-01
1.251034E-08,-1.4974632E-01
1.256034E-08,-1.4979903E-01
1.261034E-08,-1.4985173E-01
1.266034E-08,-1.4990444E-01
1.271034E-08,-1.4995715E-01
1.276034E-08,-1.5000986E-01
1.281034E-08,-1.5011528E-01
1.286034E-08,-1.5016799E-01
1.291034E-08,-1.5022070E-01
1.296034E-08,-1.5022070E-01
1.301034E-08,-1.5027341E-01
1.306034E-08,-1.5027341E-01
1.311034E-08,-1.5027341E-01
1.316034E-08,-1.5027341E-01
1.321034E-08,-1.5027341E-01
1.326034E-08,-1.5027341E-01
1.331034E-08,-1.5022070E-01
1.336034E-08,-1.5016799E-01
1.341034E-08,-1.5011528E-01
1.346034E-08,-1.5006257E-01
1.351034E-08,-1.5000986E-01
1.356034E-08,-1.4990444E-01
1.361034E-08,-1.4985173E-01
1.366034E-08,-1.4974632E-01
1.371034E-08,-1.4964090E-01
1.376034E-08,-1.4958819E-01
1.381034E-08,-1.4948277E-01
1.386034E-08,-1.4943006E-01
1.391034E-08,-1.4937735E-01
1.396034E-08,-1.4932464E-01
1.401034E-08,-1.4927194E-01
1.406034E-08,-1.4927194E-01
1.411034E-08,-1.4927194E-01
1.416034E-08,-1.4927194E-01
1.421034E-08,-1.4927194E-01
1.426034E-08,-1.4932464E-01
1.431034E-08,-1.4937735E-01
1.436034E-08,-1.4948277E-01
1.441034E-08,-1.4953548E-01
1.446034E-08,-1.4964090E-01
1.451034E-08,-1.4974632E-01
1.456034E-08,-1.4985173E-01
1.461034E-08,-1.4995715E-01
1.466034E-08,-1.5006257E-01
1.471034E-08,-1.5022070E-01
1.476034E-08,-1.5032612E-01
1.481034E-08,-1.5043153E-01
1.486034E-08,-1.5053695E-01
1.491034E-08,-1.5064237E-01
1.496034E-08,-1.5069508E-01
1.501034E-08,-1.5074779E-01
1.506034E-08,-1.5080050E-01
1.511034E-08,-1.5085321E-01
1.516034E-08,-1.5085321E-01
1.521034E-08,-1.5085321E-01
1.526034E-08,-1.5080050E-01
1.531034E-08,-1.5074779E-01
1.536034E-08,-1.5069508E-01
1.541034E-08,-1.5058966E-01
1.546034E-08,-1.5053695E-01
1.551034E-08,-1.5037883E-01
1.556034E-08,-1.5027341E-01
1.561034E-08,-1.5011528E-01
1.566034E-08,-1.5000986E-01
1.571034E-08,-1.4985173E-01
1.576034E-08,-1.4969361E-01
1.581034E-08,-1.4958819E-01
1.586034E-08,-1.4943006E-01
1.591034E-08,-1.4932464E-01
1.596034E-08,-1.4921923E-01
1.601034E-08,-1.4916652E-01
1.606034E-08,-1.4906110E-01
1.611034E-08,-1.4906110E-01
1.616034E-08,-1.4900839E-01
1.621034E-08,-1.4900839E-01
1.626034E-08,-1.4906110E-01
1.631034E-08,-1.4911381E-01
1.636034E-08,-1.4916652E-01
1.641034E-08,-1.4927194E-01
1.646034E-08,-1.4937735E-01
1.651034E-08,-1.4953548E-01
1.656034E-08,-1.4969361E-01
1.661034E-08,-1.4985173E-01
1.666034E-08,-1.5000986E-01
1.671034E-08,-1.5016799E-01
1.676034E-08,-1.5032612E-01
1.681034E-08,-1.5053695E-01
1.686034E-08,-1.5069508E-01
1.691034E-08,-1.5080050E-01
1.696034E-08,-1.5095862E-01
1.701034E-08,-1.5106404E-01
1.706034E-08,-1.5116946E-01
1.711034E-08,-1.5122217E-01
1.716034E-08,-1.5127488E-01
1.721034E-08,-1.5127488E-01
1.726034E-08,-1.5127488E-01
1.731034E-08,-1.5122217E-01
1.736034E-08,-1.5111675E-01
1.741034E-08,-1.5101133E-01
1.746034E-08,-1.5090592E-01
1.751034E-08,-1.5074779E-01
1.756034E-08,-1.5058966E-01
1.761034E-08,-1.5043153E-01
1.766034E-08,-1.5022070E-01
1.771034E-08,-1.5000986E-01
1.776034E-08,-1.4979903E-01
1.781034E-08,-1.4964090E-01
1.786034E-08,-1.4943006E-01
1.791034E-08,-1.4927194E-01
1.796034E-08,-1.4906110E-01
1.801034E-08,-1.4890297E-01
1.806034E-08,-1.4879755E-01
1.811034E-08,-1.4869214E-01
1.816034E-08,-1.4858672E-01
1.821034E-08,-1.4853401E-01
1.826034E-08,-1.4848130E-01
1.831034E-08,-1.4848130E-01
1.836034E-08,-1.4853401E-01
1.841034E-08,-1.4858672E-01
1.846034E-08,-1.4863943E-01
1.851034E-08,-1.4874485E-01
1.856034E-08,-1.4890297E-01
1.861034E-08,-1.4906110E-01
1.866034E-08,-1.4921923E-01
1.871034E-08,-1.4937735E-01
1.876034E-08,-1.4958819E-01
1.881034E-08,-1.4974632E-01
1.886034E-08,-1.4995715E-01
1.891034E-08,-1.5011528E-01
1.896034E-08,-1.5027341E-01
1.901034E-08,-1.5037883E-01
1.906034E-08,-1.5053695E-01
1.911034E-08,-1.5058966E-01
1.916034E-08,-1.5069508E-01
1.921034E-08,-1.5069508E-01
1.926034E-08,-1.5069508E-01
1.931034E-08,-1.5064237E-01
1.936034E-08,-1.5058966E-01
1.941034E-08,-1.5048424E-01
1.946034E-08,-1.5032612E-01
1.951034E-08,-1.5011528E-01
1.956034E-08,-1.4995715E-01
1.961034E-08,-1.4969361E-01
1.966034E-08,-1.4948277E-01
1.971034E-08,-1.4921923E-01
1.976034E-08,-1.4890297E-01
1.981034E-08,-1.4863943E-01
1.986034E-08,-1.4837588E-01
1.991034E-08,-1.4811234E-01
1.996034E-08,-1.4790150E-01
2.001034E-08,-1.4763796E-01
2.006034E-08,-1.4747983E-01
2.011034E-08,-1.4732170E-01
2.016034E-08,-1.4716358E-01
2.021034E-08,-1.4711087E-01
2.026034E-08,-1.4705816E-01
2.031034E-08,-1.4705816E-01
2.036034E-08,-1.4711087E-01
2.041034E-08,-1.4716358E-01
2.046034E-08,-1.4732170E-01
2.051034E-08,-1.4747983E-01
2.056034E-08,-1.4769067E-01
2.061034E-08,-1.4790150E-01
2.066034E-08,-1.4816505E-01
2.071034E-08,-1.4848130E-01
2.076034E-08,-1.4879755E-01
2.081034E-08,-1.4906110E-01
2.086034E-08,-1.4937735E-01
2.091034E-08,-1.4969361E-01
2.096034E-08,-1.5000986E-01
2.101034E-08,-1.5027341E-01
2.106034E-08,-1.5048424E-01
2.111034E-08,-1.5069508E-01
2.116034E-08,-1.5085321E-01
2.121034E-08,-1.5101133E-01
2.126034E-08,-1.5106404E-01
2.131034E-08,-1.5111675E-01
2.136034E-08,-1.5106404E-01
2.141034E-08,-1.5101133E-01
2.146034E-08,-1.5090592E-01
2.151034E-08,-1.5069508E-01
2.156034E-08,-1.5048424E-01
2.161034E-08,-1.5027341E-01
2.166034E-08,-1.4995715E-01
2.171034E-08,-1.4964090E-01
2.176034E-08,-1.4932464E-01
2.181034E-08,-1.4900839E-01
2.186034E-08,-1.4869214E-01
2.191034E-08,-1.4832317E-01
2.196034E-08,-1.4800692E-01
2.201034E-08,-1.4774337E-01
2.206034E-08,-1.4747983E-01
2.211034E-08,-1.4726899E-01
2.216034E-08,-1.4705816E-01
2.221034E-08,-1.4695274E-01
2.226034E-08,-1.4684732E-01
2.231034E-08,-1.4684732E-01
2.236034E-08,-1.4690003E-01
2.241034E-08,-1.4700545E-01
2.246034E-08,-1.4711087E-01
2.251034E-08,-1.4732170E-01
2.256034E-08,-1.4758525E-01
2.261034E-08,-1.4784879E-01
2.266034E-08,-1.4821776E-01
2.271034E-08,-1.4853401E-01
2.276034E-08,-1.4895568E-01
2.281034E-08,-1.4932464E-01
2.286034E-08,-1.4969361E-01
2.291034E-08,-1.5006257E-01
2.296034E-08,-1.5043153E-01
2.301034E-08,-1.5074779E-01
2.306034E-08,-1.5106404E-01
2.311034E-08,-1.5127488E-01
2.316034E-08,-1.5148571E-01
2.321034E-08,-1.5159113E-01
2.326034E-08,-1.5169655E-01
2.331034E-08,-1.5169655E-01
2.336034E-08,-1.5159113E-01
2.341034E-08,-1.5148571E-01
2.346034E-08,-1.5127488E-01
2.351034E-08,-1.5101133E-01
2.356034E-08,-1.5074779E-01
2.361034E-08,-1.5037883E-01
2.366034E-08,-1.4995715E-01
2.371034E-08,-1.4953548E-01
2.376034E-08,-1.4911381E-01
2.381034E-08,-1.4869214E-01
2.386034E-08,-1.4827046E-01
2.391034E-08,-1.4784879E-01
2.396034E-08,-1.4747983E-01
2.401034E-08,-1.4711087E-01
2.406034E-08,-1.4684732E-01
2.411034E-08,-1.4658378E-01
2.416034E-08,-1.4647836E-01
2.421034E-08,-1.4637294E-01
2.426034E-08,-1.4637294E-01
2.431034E-08,-1.4647836E-01
2.436034E-08,-1.4663649E-01
2.441034E-08,-1.4690003E-01
2.446034E-08,-1.4726899E-01
2.451034E-08,-1.4763796E-01
2.456034E-08,-1.4816505E-01
2.461034E-08,-1.4863943E-01
2.466034E-08,-1.4921923E-01
2.471034E-08,-1.4979903E-01
2.476034E-08,-1.5043153E-01
2.481034E-08,-1.5101133E-01
2.486034E-08,-1.5159113E-01
2.491034E-08,-1.5211822E-01
2.496034E-08,-1.5264531E-01
2.501034E-08,-1.5306698E-01
2.506034E-08,-1.5338324E-01
2.511034E-08,-1.5359407E-01
2.516034E-08,-1.5375220E-01
2.521034E-08,-1.5375220E-01
2.526034E-08,-1.5364678E-01
2.531034E-08,-1.5343595E-01
2.536034E-08,-1.5306698E-01
2.541034E-08,-1.5264531E-01
2.546034E-08,-1.5206551E-01
2.551034E-08,-1.5138030E-01
2.556034E-08,-1.5064237E-01
2.561034E-08,-1.4979903E-01
2.566034E-08,-1.4895568E-01
2.571034E-08,-1.4805963E-01
2.576034E-08,-1.4716358E-01
2.581034E-08,-1.4626752E-01
2.586034E-08,-1.4542418E-01
2.591034E-08,-1.4468625E-01
2.596034E-08,-1.4400103E-01
2.601034E-08,-1.4347394E-01
2.606034E-08,-1.4305227E-01
2.611034E-08,-1.4284144E-01
2.616034E-08,-1.4278873E-01
2.621034E-08,-1.4294685E-01
2.626034E-08,-1.4331582E-01
2.631034E-08,-1.4384291E-01
2.636034E-08,-1.4463354E-01
2.641034E-08,-1.4558230E-01
2.646034E-08,-1.4674190E-01
2.651034E-08,-1.4805963E-01
2.656034E-08,-1.4953548E-01
2.661034E-08,-1.5111675E-01
2.666034E-08,-1.5280344E-01
2.671034E-08,-1.5449013E-01
2.676034E-08,-1.5617682E-01
2.681034E-08,-1.5781080E-01
2.686034E-08,-1.5933936E-01
2.691034E-08,-1.6070979E-01
2.696034E-08,-1.6186939E-01
2.701034E-08,-1.6271273E-01
2.706034E-08,-1.6323982E-01
2.711034E-08,-1.6334524E-01
2.716034E-08,-1.6302899E-01
2.721034E-08,-1.6218564E-01
2.726034E-08,-1.6076250E-01
2.731034E-08,-1.5881227E-01
2.736034E-08,-1.5617682E-01
2.741034E-08,-1.5290886E-01
2.746034E-08,-1.4890297E-01
2.751034E-08,-1.4421187E-01
2.756034E-08,-1.3883555E-01
2.761034E-08,-1.3272131E-01
2.766034E-08,-1.2592184E-01
2.771034E-08,-1.1843716E-01
2.776034E-08,-1.1031997E-01
2.781034E-08,-1.0157028E-01
2.786034E-08,-9.224078E-02
2.791034E-08,-8.238420E-02
2.796034E-08,-7.210594E-02
2.801034E-08,-6.140601E-02
2.806034E-08,-5.044253E-02
2.811034E-08,-3.916281E-02
2.816034E-08,-2.777766E-02
2.821034E-08,-1.633980E-02
2.826034E-08,-4.84924E-03
2.831034E-08,6.53591E-03
2.836034E-08,1.776293E-02
2.841034E-08,2.872640E-02
2.846034E-08,3.937363E-02
2.851034E-08,4.965188E-02
2.856034E-08,5.945576E-02
2.861034E-08,6.873255E-02
2.866034E-08,7.748224E-02
2.871034E-08,8.559943E-02
2.876034E-08,9.308411E-02
2.881034E-08,9.993628E-02
2.886034E-08,1.0610324E-01
2.891034E-08,1.1158497E-01
2.896034E-08,1.1632879E-01
2.901034E-08,1.2044009E-01
2.906034E-08,1.2391888E-01
2.911034E-08,1.2676517E-01
2.916034E-08,1.2897895E-01
2.921034E-08,1.3066564E-01
2.926034E-08,1.3187794E-01
2.931034E-08,1.3261587E-01
2.936034E-08,1.3293212E-01
2.941034E-08,1.3287942E-01
2.946034E-08,1.3256316E-01
2.951034E-08,1.3203607E-01
2.956034E-08,1.3129815E-01
2.961034E-08,1.3045480E-01
2.966034E-08,1.2950604E-01
2.971034E-08,1.2855728E-01
2.976034E-08,1.2760851E-01
2.981034E-08,1.2676517E-01
2.986034E-08,1.2597453E-01
2.991034E-08,1.2534203E-01
2.996034E-08,1.2486765E-01
3.001034E-08,1.2449868E-01
3.006034E-08,1.2434056E-01
3.011034E-08,1.2434056E-01
3.016034E-08,1.2455139E-01
3.021034E-08,1.2486765E-01
3.026034E-08,1.2539474E-01
3.031034E-08,1.2602724E-01
3.036034E-08,1.2681788E-01
3.041034E-08,1.2766122E-01
3.046034E-08,1.2860999E-01
3.051034E-08,1.2955875E-01
3.056034E-08,1.3056022E-01
3.061034E-08,1.3156169E-01
3.066034E-08,1.3251045E-01
3.071034E-08,1.3340651E-01
3.076034E-08,1.3419714E-01
3.081034E-08,1.3488236E-01
3.086034E-08,1.3540945E-01
3.091034E-08,1.3583112E-01
3.096034E-08,1.3609467E-01
3.101034E-08,1.3614737E-01
3.106034E-08,1.3609467E-01
3.111034E-08,1.3588383E-01
3.116034E-08,1.3546216E-01
3.121034E-08,1.3493507E-01
3.126034E-08,1.3430256E-01
3.131034E-08,1.3351192E-01
3.136034E-08,1.3261587E-01
3.141034E-08,1.3166711E-01
3.146034E-08,1.3061293E-01
3.151034E-08,1.2955875E-01
3.156034E-08,1.2850457E-01
3.161034E-08,1.2745039E-01
3.166034E-08,1.2644892E-01
3.171034E-08,1.2550015E-01
3.176034E-08,1.2465681E-01
3.181034E-08,1.2386617E-01
3.186034E-08,1.2323367E-01
3.191034E-08,1.2270658E-01
3.196034E-08,1.2228490E-01
3.201034E-08,1.2207407E-01
3.206034E-08,1.2191594E-01
3.211034E-08,1.2196865E-01
3.216034E-08,1.2212678E-01
3.221034E-08,1.2239032E-01
3.226034E-08,1.2281199E-01
3.231034E-08,1.2328638E-01
3.236034E-08,1.2386617E-01
3.241034E-08,1.2449868E-01
3.246034E-08,1.2513119E-01
3.251034E-08,1.2581641E-01
3.256034E-08,1.2650163E-01
3.261034E-08,1.2718684E-01
3.266034E-08,1.2776664E-01
3.271034E-08,1.2834644E-01
3.276034E-08,1.2876811E-01
3.281034E-08,1.2913708E-01
3.286034E-08,1.2940062E-01
3.291034E-08,1.2950604E-01
3.296034E-08,1.2950604E-01
3.301034E-08,1.2934791E-01
3.306034E-08,1.2908437E-01
3.311034E-08,1.2871540E-01
3.316034E-08,1.2818831E-01
3.321034E-08,1.2755581E-01
3.326034E-08,1.2681788E-01
3.331034E-08,1.2602724E-01
3.336034E-08,1.2518390E-01
3.341034E-08,1.2428785E-01
3.346034E-08,1.2333908E-01
3.351034E-08,1.2244303E-01
3.356034E-08,1.2154698E-01
3.361034E-08,1.2070363E-01
3.366034E-08,1.1991300E-01
3.371034E-08,1.1922778E-01
3.376034E-08,1.1864798E-01
3.381034E-08,1.1817360E-01
3.386034E-08,1.1785735E-01
3.391034E-08,1.1764651E-01
3.396034E-08,1.1759380E-01
3.401034E-08,1.1769922E-01
3.406034E-08,1.1796276E-01
3.411034E-08,1.1833173E-01
3.416034E-08,1.1885882E-01
3.421034E-08,1.1949133E-01
3.426034E-08,1.2022925E-01
3.431034E-08,1.2101989E-01
3.436034E-08,1.2191594E-01
3.441034E-08,1.2281199E-01
3.446034E-08,1.2376076E-01
3.451034E-08,1.2465681E-01
3.456034E-08,1.2550015E-01
3.461034E-08,1.2629079E-01
3.466034E-08,1.2697601E-01
3.471034E-08,1.2760851E-01
3.476034E-08,1.2803019E-01
3.481034E-08,1.2834644E-01
3.486034E-08,1.2845186E-01
3.491034E-08,1.2845186E-01
3.496034E-08,1.2818831E-01
3.501034E-08,1.2781935E-01
3.506034E-08,1.2723955E-01
3.511034E-08,1.2650163E-01
3.516034E-08,1.2560557E-01
3.521034E-08,1.2455139E-01
3.526034E-08,1.2339179E-01
3.531034E-08,1.2212678E-01
3.536034E-08,1.2086176E-01
3.541034E-08,1.1949133E-01
3.546034E-08,1.1817360E-01
3.551034E-08,1.1685588E-01
3.556034E-08,1.1564357E-01
3.561034E-08,1.1453668E-01
3.566034E-08,1.1353521E-01
3.571034E-08,1.1274457E-01
3.576034E-08,1.1216477E-01
3.581034E-08,1.1174310E-01
3.586034E-08,1.1158497E-01
3.591034E-08,1.1169039E-01
3.596034E-08,1.1205936E-01
3.601034E-08,1.1269186E-01
3.606034E-08,1.1358792E-01
3.611034E-08,1.1474751E-01
3.616034E-08,1.1617066E-01
3.621034E-08,1.1775193E-01
3.626034E-08,1.1949133E-01
3.631034E-08,1.2138885E-01
3.636034E-08,1.2339179E-01
3.641034E-08,1.2544744E-01
3.646034E-08,1.2745039E-01
3.651034E-08,1.2940062E-01
3.656034E-08,1.3119273E-01
3.661034E-08,1.3282671E-01
3.666034E-08,1.3414443E-01
3.671034E-08,1.3519861E-01
3.676034E-08,1.3583112E-01
3.681034E-08,1.3598925E-01
3.686034E-08,1.3567299E-01
3.691034E-08,1.3477694E-01
3.696034E-08,1.3324838E-01
3.701034E-08,1.3108731E-01
3.706034E-08,1.2824102E-01
3.711034E-08,1.2465681E-01
3.716034E-08,1.2038738E-01
3.721034E-08,1.1532731E-01
3.726034E-08,1.0958203E-01
3.731034E-08,1.0304611E-01
3.736034E-08,9.582498E-02
3.741034E-08,8.791863E-02
3.746034E-08,7.943248E-02
3.751034E-08,7.026111E-02
3.756034E-08,6.061536E-02
3.761034E-08,5.044252E-02
3.766034E-08,3.990072E-02
3.771034E-08,2.898995E-02
3.776034E-08,1.781564E-02
3.781034E-08,6.48320E-03
3.786034E-08,-4.95466E-03
3.791034E-08,-1.644522E-02
3.796034E-08,-2.783037E-02
3.801034E-08,-3.905739E-02
3.806034E-08,-5.007357E-02
3.811034E-08,-6.077350E-02
3.816034E-08,-7.110447E-02
3.821034E-08,-8.101376E-02
3.826034E-08,-9.044868E-02
3.831034E-08,-9.930379E-02
3.836034E-08,-1.0757911E-01
3.841034E-08,-1.1527462E-01
3.846034E-08,-1.2228492E-01
3.851034E-08,-1.2866271E-01
3.856034E-08,-1.3435528E-01
3.861034E-08,-1.3941535E-01
3.866034E-08,-1.4379020E-01
3.871034E-08,-1.4753254E-01
3.876034E-08,-1.5064237E-01
3.881034E-08,-1.5322511E-01
3.886034E-08,-1.5517535E-01
3.891034E-08,-1.5670391E-01
3.896034E-08,-1.5775809E-01
3.901034E-08,-1.5833789E-01
3.906034E-08,-1.5860143E-01
3.911034E-08,-1.5860143E-01
3.916034E-08,-1.5828518E-01
3.921034E-08,-1.5775809E-01
3.926034E-08,-1.5712558E-01
3.931034E-08,-1.5638765E-01
3.936034E-08,-1.5554431E-01
3.941034E-08,-1.5470096E-01
3.946034E-08,-1.5385762E-01
3.951034E-08,-1.5311969E-01
3.956034E-08,-1.5243448E-01
3.961034E-08,-1.5180197E-01
3.966034E-08,-1.5132759E-01
3.971034E-08,-1.5101133E-01
3.976034E-08,-1.5080050E-01
3.981034E-08,-1.5074779E-01
3.986034E-08,-1.5080050E-01
3.991034E-08,-1.5101133E-01
3.996034E-08,-1.5132759E-01
4.001034E-08,-1.5180197E-01
4.006034E-08,-1.5232906E-01
4.011034E-08,-1.5290886E-01
4.016034E-08,-1.5354137E-01
4.021034E-08,-1.5422658E-01
4.026034E-08,-1.5491180E-01
4.031034E-08,-1.5554431E-01
4.036034E-08,-1.5617682E-01
4.041034E-08,-1.5675662E-01
4.046034E-08,-1.5728371E-01
4.051034E-08,-1.5770538E-01
4.056034E-08,-1.5807434E-01
4.061034E-08,-1.5828518E-01
4.066034E-08,-1.5839060E-01
4.071034E-08,-1.5839060E-01
4.076034E-08,-1.5823247E-01
4.081034E-08,-1.5796892E-01
4.086034E-08,-1.5759996E-01
4.091034E-08,-1.5712558E-01
4.096034E-08,-1.5654578E-01
4.101034E-08,-1.5586056E-01
4.106034E-08,-1.5506993E-01
4.111034E-08,-1.5427929E-01
4.116034E-08,-1.5343595E-01
4.121034E-08,-1.5248719E-01
4.126034E-08,-1.5159113E-01
4.131034E-08,-1.5069508E-01
4.136034E-08,-1.4974632E-01
4.141034E-08,-1.4890297E-01
4.146034E-08,-1.4805963E-01
4.151034E-08,-1.4726899E-01
4.156034E-08,-1.4653107E-01
4.161034E-08,-1.4589856E-01
4.166034E-08,-1.4531876E-01
4.171034E-08,-1.4479167E-01
4.176034E-08,-1.4437000E-01
4.181034E-08,-1.4405374E-01
4.186034E-08,-1.4379020E-01
4.191034E-08,-1.4363207E-01
4.196034E-08,-1.4347394E-01
4.201034E-08,-1.4342124E-01
4.206034E-08,-1.4342124E-01
4.211034E-08,-1.4347394E-01
4.216034E-08,-1.4357936E-01
4.221034E-08,-1.4368478E-01
4.226034E-08,-1.4379020E-01
4.231034E-08,-1.4394833E-01
4.236034E-08,-1.4405374E-01
4.241034E-08,-1.4415916E-01
4.246034E-08,-1.4421187E-01
4.251034E-08,-1.4426458E-01
4.256034E-08,-1.4431729E-01
4.261034E-08,-1.4426458E-01
4.266034E-08,-1.4421187E-01
4.271034E-08,-1.4410645E-01
4.276034E-08,-1.4394833E-01
4.281034E-08,-1.4368478E-01
4.286034E-08,-1.4342124E-01
4.291034E-08,-1.4315769E-01
4.296034E-08,-1.4278873E-01
4.301034E-08,-1.4247247E-01
4.306034E-08,-1.4205080E-01
4.311034E-08,-1.4162913E-01
4.316034E-08,-1.4126017E-01
4.321034E-08,-1.4083849E-01
4.326034E-08,-1.4041682E-01
4.331034E-08,-1.3999515E-01
4.336034E-08,-1.3962619E-01
4.341034E-08,-1.3930993E-01
4.346034E-08,-1.3899368E-01
4.351034E-08,-1.3873013E-01
4.356034E-08,-1.3846659E-01
4.361034E-08,-1.3830846E-01
4.366034E-08,-1.3815033E-01
4.371034E-08,-1.3809762E-01
4.376034E-08,-1.3804492E-01
4.381034E-08,-1.3809762E-01
4.386034E-08,-1.3815033E-01
4.391034E-08,-1.3825575E-01
4.396034E-08,-1.3836117E-01
4.401034E-08,-1.3857201E-01
4.406034E-08,-1.3878284E-01
4.411034E-08,-1.3899368E-01
4.416034E-08,-1.3920451E-01
4.421034E-08,-1.3946806E-01
4.426034E-08,-1.3973160E-01
4.431034E-08,-1.3994244E-01
4.436034E-08,-1.4020599E-01
4.441034E-08,-1.4041682E-01
4.446034E-08,-1.4057495E-01
4.451034E-08,-1.4078578E-01
4.456034E-08,-1.4089120E-01
4.461034E-08,-1.4104933E-01
4.466034E-08,-1.4110204E-01
4.471034E-08,-1.4115475E-01
4.476034E-08,-1.4120746E-01
4.481034E-08,-1.4115475E-01
4.486034E-08,-1.4115475E-01
4.491034E-08,-1.4110204E-01
4.496034E-08,-1.4099662E-01
4.501034E-08,-1.4089120E-01
4.506034E-08,-1.4083849E-01
4.511034E-08,-1.4068037E-01
4.516034E-08,-1.4057495E-01
4.521034E-08,-1.4046953E-01
4.526034E-08,-1.4041682E-01
4.531034E-08,-1.4031140E-01
4.536034E-08,-1.4025869E-01
4.541034E-08,-1.4025869E-01
4.546034E-08,-1.4025869E-01
4.551034E-08,-1.4025869E-01
4.556034E-08,-1.4036411E-01
4.561034E-08,-1.4041682E-01
4.566034E-08,-1.4057495E-01
4.571034E-08,-1.4073308E-01
4.576034E-08,-1.4094391E-01
4.581034E-08,-1.4120746E-01
4.586034E-08,-1.4147100E-01
4.591034E-08,-1.4178726E-01
4.596034E-08,-1.4210351E-01
4.601034E-08,-1.4247247E-01
4.606034E-08,-1.4284144E-01
4.611034E-08,-1.4321040E-01
4.616034E-08,-1.4363207E-01
4.621034E-08,-1.4400103E-01
4.626034E-08,-1.4437000E-01
4.631034E-08,-1.4479167E-01
4.636034E-08,-1.4516063E-01
4.641034E-08,-1.4552960E-01
4.646034E-08,-1.4584585E-01
4.651034E-08,-1.4616210E-01
4.656034E-08,-1.4647836E-01
4.661034E-08,-1.4674190E-01
4.666034E-08,-1.4700545E-01
4.671034E-08,-1.4721628E-01
4.676034E-08,-1.4742712E-01
4.681034E-08,-1.4758525E-01
4.686034E-08,-1.4769067E-01
4.691034E-08,-1.4784879E-01
4.696034E-08,-1.4795421E-01
4.701034E-08,-1.4800692E-01
4.706034E-08,-1.4811234E-01
4.711034E-08,-1.4816505E-01
4.716034E-08,-1.4821776E-01
4.721034E-08,-1.4821776E-01
4.726034E-08,-1.4827046E-01
4.731034E-08,-1.4832317E-01
4.736034E-08,-1.4837588E-01
4.741034E-08,-1.4842859E-01
4.746034E-08,-1.4848130E-01
4.751034E-08,-1.4853401E-01
4.756034E-08,-1.4863943E-01
4.761034E-08,-1.4874485E-01
4.766034E-08,-1.4885026E-01
4.771034E-08,-1.4895568E-01
4.776034E-08,-1.4906110E-01
4.781034E-08,-1.4921923E-01
4.786034E-08,-1.4937735E-01
4.791034E-08,-1.4953548E-01
4.796034E-08,-1.4969361E-01
4.801034E-08,-1.4985173E-01
4.806034E-08,-1.5000986E-01
4.811034E-08,-1.5022070E-01
4.816034E-08,-1.5037883E-01
4.821034E-08,-1.5053695E-01
4.826034E-08,-1.5069508E-01
4.831034E-08,-1.5080050E-01
4.836034E-08,-1.5095862E-01
4.841034E-08,-1.5106404E-01
4.846034E-08,-1.5111675E-01
4.851034E-08,-1.5116946E-01
4.856034E-08,-1.5122217E-01
4.861034E-08,-1.5122217E-01
4.866034E-08,-1.5122217E-01
4.871034E-08,-1.5116946E-01
4.876034E-08,-1.5111675E-01
4.881034E-08,-1.5101133E-01
4.886034E-08,-1.5090592E-01
4.891034E-08,-1.5074779E-01
4.896034E-08,-1.5064237E-01
4.901034E-08,-1.5043153E-01
4.906034E-08,-1.5027341E-01
4.911034E-08,-1.5011528E-01
4.916034E-08,-1.4990444E-01
4.921034E-08,-1.4974632E-01
4.926034E-08,-1.4953548E-01
4.931034E-08,-1.4937735E-01
4.936034E-08,-1.4921923E-01
4.941034E-08,-1.4906110E-01
4.946034E-08,-1.4895568E-01
4.951034E-08,-1.4879755E-01
4.956034E-08,-1.4869214E-01
4.961034E-08,-1.4863943E-01
4.966034E-08,-1.4853401E-01
4.971034E-08,-1.4848130E-01
4.976034E-08,-1.4848130E-01
4.981034E-08,-1.4848130E-01
4.986034E-08,-1.4848130E-01
4.991034E-08,-1.4848130E-01
4.996034E-08,-1.4853401E-01
5.001034E-08,-1.4858672E-01
5.006034E-08,-1.4863943E-01
5.011034E-08,-1.4869214E-01
5.016034E-08,-1.4874485E-01
5.021034E-08,-1.4879755E-01
5.026034E-08,-1.4885026E-01
5.031034E-08,-1.4890297E-01
5.036034E-08,-1.4895568E-01
5.041034E-08,-1.4895568E-01
5.046034E-08,-1.4895568E-01
5.051034E-08,-1.4895568E-01
5.056034E-08,-1.4890297E-01
5.061034E-08,-1.4885026E-01
5.066034E-08,-1.4879755E-01
5.071034E-08,-1.4869214E-01
5.076034E-08,-1.4858672E-01
5.081034E-08,-1.4842859E-01
5.086034E-08,-1.4827046E-01
5.091034E-08,-1.4811234E-01
5.096034E-08,-1.4795421E-01
5.101034E-08,-1.4774337E-01
5.106034E-08,-1.4753254E-01
5.111034E-08,-1.4732170E-01
5.116034E-08,-1.4711087E-01
5.121034E-08,-1.4690003E-01
5.126034E-08,-1.4668919E-01
5.131034E-08,-1.4647836E-01
5.136034E-08,-1.4626752E-01
5.141034E-08,-1.4605669E-01
5.146034E-08,-1.4589856E-01
5.151034E-08,-1.4574043E-01
5.156034E-08,-1.4558230E-01
5.161034E-08,-1.4547689E-01
5.166034E-08,-1.4537147E-01
5.171034E-08,-1.4526605E-01
5.176034E-08,-1.4521334E-01
5.181034E-08,-1.4521334E-01
5.186034E-08,-1.4516063E-01
5.191034E-08,-1.4516063E-01
5.196034E-08,-1.4521334E-01
5.201034E-08,-1.4521334E-01
5.206034E-08,-1.4531876E-01
5.211034E-08,-1.4537147E-01
5.216034E-08,-1.4542418E-01
5.221034E-08,-1.4552960E-01
5.226034E-08,-1.4563501E-01
5.231034E-08,-1.4574043E-01
5.236034E-08,-1.4584585E-01
5.241034E-08,-1.4595127E-01
5.246034E-08,-1.4600398E-01
5.251034E-08,-1.4610939E-01
5.256034E-08,-1.4621481E-01
5.261034E-08,-1.4626752E-01
5.266034E-08,-1.4632023E-01
5.271034E-08,-1.4637294E-01
5.276034E-08,-1.4642565E-01
5.281034E-08,-1.4647836E-01
5.286034E-08,-1.4647836E-01
5.291034E-08,-1.4647836E-01
5.296034E-08,-1.4647836E-01
5.301034E-08,-1.4647836E-01
5.306034E-08,-1.4642565E-01
5.311034E-08,-1.4642565E-01
5.316034E-08,-1.4637294E-01
5.321034E-08,-1.4632023E-01
5.326034E-08,-1.4626752E-01
5.331034E-08,-1.4626752E-01
5.336034E-08,-1.4621481E-01
5.341034E-08,-1.4621481E-01
5.346034E-08,-1.4616210E-01
5.351034E-08,-1.4616210E-01
5.356034E-08,-1.4616210E-01
5.361034E-08,-1.4616210E-01
5.366034E-08,-1.4616210E-01
5.371034E-08,-1.4621481E-01
5.376034E-08,-1.4626752E-01
5.381034E-08,-1.4632023E-01
5.386034E-08,-1.4642565E-01
5.391034E-08,-1.4653107E-01
5.396034E-08,-1.4663649E-01
5.401034E-08,-1.4674190E-01
5.406034E-08,-1.4690003E-01
5.411034E-08,-1.4705816E-01
5.416034E-08,-1.4721628E-01
5.421034E-08,-1.4742712E-01
5.426034E-08,-1.4758525E-01
5.431034E-08,-1.4779608E-01
5.436034E-08,-1.4800692E-01
5.441034E-08,-1.4816505E-01
5.446034E-08,-1.4837588E-01
5.451034E-08,-1.4858672E-01
5.456034E-08,-1.4879755E-01
5.461034E-08,-1.4895568E-01
5.466034E-08,-1.4916652E-01
5.471034E-08,-1.4932464E-01
5.476034E-08,-1.4953548E-01
5.481034E-08,-1.4969361E-01
5.486034E-08,-1.4985173E-01
5.491034E-08,-1.4995715E-01
5.496034E-08,-1.5011528E-01
5.501034E-08,-1.5022070E-01
5.506034E-08,-1.5032612E-01
5.511034E-08,-1.5043153E-01
5.516034E-08,-1.5053695E-01
5.521034E-08,-1.5058966E-01
5.526034E-08,-1.5064237E-01
5.531034E-08,-1.5069508E-01
5.536034E-08,-1.5074779E-01
5.541034E-08,-1.5080050E-01
5.546034E-08,-1.5085321E-01
5.551034E-08,-1.5085321E-01
5.556034E-08,-1.5090592E-01
5.561034E-08,-1.5090592E-01
5.566034E-08,-1.5095862E-01
5.571034E-08,-1.5095862E-01
5.576034E-08,-1.5095862E-01
5.581034E-08,-1.5101133E-01
5.586034E-08,-1.5101133E-01
5.591034E-08,-1.5101133E-01
5.596034E-08,-1.5101133E-01
5.601034E-08,-1.5101133E-01
5.606034E-08,-1.5106404E-01
5.611034E-08,-1.5106404E-01
5.616034E-08,-1.5106404E-01
5.621034E-08,-1.5106404E-01
5.626034E-08,-1.5106404E-01
5.631034E-08,-1.5111675E-01
5.636034E-08,-1.5111675E-01
5.641034E-08,-1.5111675E-01
5.646034E-08,-1.5111675E-01
5.651034E-08,-1.5111675E-01
5.656034E-08,-1.5111675E-01
5.661034E-08,-1.5111675E-01
5.666034E-08,-1.5111675E-01
5.671034E-08,-1.5111675E-01
5.676034E-08,-1.5111675E-01
5.681034E-08,-1.5106404E-01
5.686034E-08,-1.5106404E-01
5.691034E-08,-1.5106404E-01
5.696034E-08,-1.5101133E-01
5.701034E-08,-1.5101133E-01
5.706034E-08,-1.5095862E-01
5.711034E-08,-1.5095862E-01
5.716034E-08,-1.5090592E-01
5.721034E-08,-1.5085321E-01
5.726034E-08,-1.5080050E-01
5.731034E-08,-1.5080050E-01
5.736034E-08,-1.5074779E-01
5.741034E-08,-1.5069508E-01
5.746034E-08,-1.5064237E-01
5.751034E-08,-1.5058966E-01
5.756034E-08,-1.5053695E-01
5.761034E-08,-1.5048424E-01
5.766034E-08,-1.5043153E-01
5.771034E-08,-1.5037883E-01
5.776034E-08,-1.5032612E-01
5.781034E-08,-1.5022070E-01
5.786034E-08,-1.5011528E-01
5.791034E-08,-1.5006257E-01
5.796034E-08,-1.4995715E-01
5.801034E-08,-1.4985173E-01
5.806034E-08,-1.4974632E-01
5.811034E-08,-1.4964090E-01
5.816034E-08,-1.4953548E-01
5.821034E-08,-1.4937735E-01
5.826034E-08,-1.4927194E-01
5.831034E-08,-1.4916652E-01
5.836034E-08,-1.4900839E-01
5.841034E-08,-1.4890297E-01
5.846034E-08,-1.4879755E-01
5.851034E-08,-1.4863943E-01
5.856034E-08,-1.4853401E-01
5.861034E-08,-1.4837588E-01
5.866034E-08,-1.4827046E-01
5.871034E-08,-1.4811234E-01
5.876034E-08,-1.4800692E-01
5.881034E-08,-1.4784879E-01
5.886034E-08,-1.4774337E-01
5.891034E-08,-1.4758525E-01
5.896034E-08,-1.4747983E-01
5.901034E-08,-1.4732170E-01
5.906034E-08,-1.4721628E-01
5.911034E-08,-1.4705816E-01
5.916034E-08,-1.4695274E-01
5.921034E-08,-1.4684732E-01
5.926034E-08,-1.4668919E-01
5.931034E-08,-1.4658378E-01
5.936034E-08,-1.4647836E-01
5.941034E-08,-1.4637294E-01
5.946034E-08,-1.4626752E-01
5.951034E-08,-1.4616210E-01
5.956034E-08,-1.4605669E-01
5.961034E-08,-1.4595127E-01
5.966034E-08,-1.4584585E-01
5.971034E-08,-1.4579314E-01
5.976034E-08,-1.4568772E-01
5.981034E-08,-1.4563501E-01
5.986034E-08,-1.4558230E-01
5.991034E-08,-1.4547689E-01
5.996034E-08,-1.4542418E-01
6.001034E-08,-1.4537147E-01
6.006034E-08,-1.4537147E-01
6.011034E-08,-1.4531876E-01
6.016034E-08,-1.4526605E-01
6.021034E-08,-1.4526605E-01
6.026034E-08,-1.4526605E-01
6.031034E-08,-1.4526605E-01
6.036034E-08,-1.4526605E-01
6.041034E-08,-1.4526605E-01
6.046034E-08,-1.4526605E-01
6.051034E-08,-1.4526605E-01
6.056034E-08,-1.4526605E-01
6.061034E-08,-1.4531876E-01
6.066034E-08,-1.4537147E-01
6.071034E-08,-1.4537147E-01
6.076034E-08,-1.4542418E-01
6.081034E-08,-1.4547689E-01
6.086034E-08,-1.4547689E-01
6.091034E-08,-1.4552960E-01
6.096034E-08,-1.4558230E-01
6.101034E-08,-1.4558230E-01
6.106034E-08,-1.4563501E-01
6.111034E-08,-1.4568772E-01
6.116034E-08,-1.4568772E-01
6.121034E-08,-1.4574043E-01
6.126034E-08,-1.4574043E-01
6.131034E-08,-1.4579314E-01
6.136034E-08,-1.4579314E-01
6.141034E-08,-1.4579314E-01
6.146034E-08,-1.4579314E-01
6.151034E-08,-1.4579314E-01
6.156034E-08,-1.4579314E-01
6.161034E-08,-1.4579314E-01
6.166034E-08,-1.4579314E-01
6.171034E-08,-1.4579314E-01
6.176034E-08,-1.4574043E-01
6.181034E-08,-1.4574043E-01
6.186034E-08,-1.4574043E-01
6.191034E-08,-1.4574043E-01
6.196034E-08,-1.4568772E-01
6.201034E-08,-1.4568772E-01
6.206034E-08,-1.4568772E-01
6.211034E-08,-1.4568772E-01
6.216034E-08,-1.4568772E-01
6.221034E-08,-1.4568772E-01
6.226034E-08,-1.4568772E-01
6.231034E-08,-1.4574043E-01
6.236034E-08,-1.4579314E-01
6.241034E-08,-1.4579314E-01
6.246034E-08,-1.4584585E-01
6.251034E-08,-1.4595127E-01
6.256034E-08,-1.4600398E-01
6.261034E-08,-1.4610939E-01
6.266034E-08,-1.4621481E-01
6.271034E-08,-1.4632023E-01
6.276034E-08,-1.4642565E-01
6.281034E-08,-1.4658378E-01
6.286034E-08,-1.4668919E-01
6.291034E-08,-1.4684732E-01
6.296034E-08,-1.4700545E-01
6.301034E-08,-1.4721628E-01
6.306034E-08,-1.4737441E-01
6.311034E-08,-1.4753254E-01
6.316034E-08,-1.4774337E-01
6.321034E-08,-1.4790150E-01
6.326034E-08,-1.4811234E-01
6.331034E-08,-1.4827046E-01
6.336034E-08,-1.4848130E-01
6.341034E-08,-1.4869214E-01
6.346034E-08,-1.4885026E-01
6.351034E-08,-1.4900839E-01
6.356034E-08,-1.4921923E-01
6.361034E-08,-1.4937735E-01
6.366034E-08,-1.4953548E-01
6.371034E-08,-1.4964090E-01
6.376034E-08,-1.4979903E-01
6.381034E-08,-1.4990444E-01
6.386034E-08,-1.5000986E-01
6.391034E-08,-1.5011528E-01
6.396034E-08,-1.5022070E-01
6.401034E-08,-1.5032612E-01
6.406034E-08,-1.5037883E-01
6.411034E-08,-1.5043153E-01
6.416034E-08,-1.5048424E-01
6.421034E-08,-1.5048424E-01
6.426034E-08,-1.5053695E-01
6.431034E-08,-1.5053695E-01
6.436034E-08,-1.5053695E-01
6.441034E-08,-1.5053695E-01
6.446034E-08,-1.5048424E-01
6.451034E-08,-1.5048424E-01
6.456034E-08,-1.5048424E-01
6.461034E-08,-1.5043153E-01
6.466034E-08,-1.5043153E-01
6.471034E-08,-1.5037883E-01
6.476034E-08,-1.5032612E-01
6.481034E-08,-1.5032612E-01
6.486034E-08,-1.5027341E-01
6.491034E-08,-1.5027341E-01
6.496034E-08,-1.5022070E-01
6.501034E-08,-1.5022070E-01
6.506034E-08,-1.5016799E-01
6.511034E-08,-1.5016799E-01
6.516034E-08,-1.5016799E-01
6.521034E-08,-1.5016799E-01
6.526034E-08,-1.5016799E-01
6.531034E-08,-1.5016799E-01
6.536034E-08,-1.5016799E-01
6.541034E-08,-1.5016799E-01
6.546034E-08,-1.5022070E-01
6.551034E-08,-1.5022070E-01
6.556034E-08,-1.5027341E-01
6.561034E-08,-1.5027341E-01
6.566034E-08,-1.5032612E-01
6.571034E-08,-1.5032612E-01
6.576034E-08,-1.5037883E-01
6.581034E-08,-1.5043153E-01
6.586034E-08,-1.5043153E-01
6.591034E-08,-1.5048424E-01
6.596034E-08,-1.5048424E-01
6.601034E-08,-1.5053695E-01
6.606034E-08,-1.5053695E-01
6.611034E-08,-1.5058966E-01
6.616034E-08,-1.5058966E-01
6.621034E-08,-1.5058966E-01
6.626034E-08,-1.5058966E-01
6.631034E-08,-1.5058966E-01
6.636034E-08,-1.5058966E-01
6.641034E-08,-1.5058966E-01
6.646034E-08,-1.5053695E-01
6.651034E-08,-1.5053695E-01
6.656034E-08,-1.5048424E-01
6.661034E-08,-1.5048424E-01
6.666034E-08,-1.5043153E-01
6.671034E-08,-1.5037883E-01
6.676034E-08,-1.5032612E-01
6.681034E-08,-1.5027341E-01
6.686034E-08,-1.5022070E-01
6.691034E-08,-1.5016799E-01
6.696034E-08,-1.5011528E-01
6.701034E-08,-1.5006257E-01
6.706034E-08,-1.5000986E-01
6.711034E-08,-1.4990444E-01
6.716034E-08,-1.4985173E-01
6.721034E-08,-1.4979903E-01
6.726034E-08,-1.4974632E-01
6.731034E-08,-1.4969361E-01
6.736034E-08,-1.4964090E-01
6.741034E-08,-1.4958819E-01
6.746034E-08,-1.4953548E-01
6.751034E-08,-1.4948277E-01
6.756034E-08,-1.4943006E-01
6.761034E-08,-1.4937735E-01
6.766034E-08,-1.4932464E-01
6.771034E-08,-1.4932464E-01
6.776034E-08,-1.4927194E-01
6.781034E-08,-1.4927194E-01
6.786034E-08,-1.4921923E-01
6.791034E-08,-1.4921923E-01
6.796034E-08,-1.4916652E-01
6.801034E-08,-1.4916652E-01
6.806034E-08,-1.4911381E-01
6.811034E-08,-1.4911381E-01
6.816034E-08,-1.4911381E-01
6.821034E-08,-1.4906110E-01
6.826034E-08,-1.4906110E-01
6.831034E-08,-1.4906110E-01
6.836034E-08,-1.4900839E-01
6.841034E-08,-1.4900839E-01
6.846034E-08,-1.4895568E-01
6.851034E-08,-1.4895568E-01
6.856034E-08,-1.4890297E-01
6.861034E-08,-1.4885026E-01
6.866034E-08,-1.4885026E-01
6.871034E-08,-1.4879755E-01
6.876034E-08,-1.4874485E-01
6.881034E-08,-1.4869214E-01
6.886034E-08,-1.4863943E-01
6.891034E-08,-1.4858672E-01
6.896034E-08,-1.4853401E-01
6.901034E-08,-1.4848130E-01
6.906034E-08,-1.4842859E-01
6.911034E-08,-1.4832317E-01
6.916034E-08,-1.4827046E-01
6.921034E-08,-1.4821776E-01
6.926034E-08,-1.4816505E-01
6.931034E-08,-1.4811234E-01
6.936034E-08,-1.4805963E-01
6.941034E-08,-1.4800692E-01
6.946034E-08,-1.4795421E-01
6.951034E-08,-1.4790150E-01
6.956034E-08,-1.4784879E-01
6.961034E-08,-1.4779608E-01
6.966034E-08,-1.4779608E-01
6.971034E-08,-1.4774337E-01
6.976034E-08,-1.4774337E-01
6.981034E-08,-1.4769067E-01
6.986034E-08,-1.4769067E-01
6.991034E-08,-1.4769067E-01
6.996034E-08,-1.4769067E-01
7.001034E-08,-1.4774337E-01
7.006034E-08,-1.4774337E-01
7.011034E-08,-1.4774337E-01
7.016034E-08,-1.4779608E-01
7.021034E-08,-1.4779608E-01
7.026034E-08,-1.4784879E-01
7.031034E-08,-1.4790150E-01
7.036034E-08,-1.4795421E-01
7.041034E-08,-1.4795421E-01
7.046034E-08,-1.4800692E-01
7.051034E-08,-1.4805963E-01
7.056034E-08,-1.4811234E-01
7.061034E-08,-1.4816505E-01
7.066034E-08,-1.4821776E-01
7.071034E-08,-1.4821776E-01
7.076034E-08,-1.4827046E-01
7.081034E-08,-1.4832317E-01
7.086034E-08,-1.4837588E-01
7.091034E-08,-1.4837588E-01
7.096034E-08,-1.4842859E-01
7.101034E-08,-1.4848130E-01
7.106034E-08,-1.4848130E-01
7.111034E-08,-1.4848130E-01
7.116034E-08,-1.4853401E-01
7.121034E-08,-1.4853401E-01
7.126034E-08,-1.4853401E-01
7.131034E-08,-1.4853401E-01
7.136034E-08,-1.4853401E-01
7.141034E-08,-1.4853401E-01
7.146034E-08,-1.4853401E-01
7.151034E-08,-1.4848130E-01
7.156034E-08,-1.4848130E-01
7.161034E-08,-1.4848130E-01
7.166034E-08,-1.4848130E-01
7.171034E-08,-1.4842859E-01
7.176034E-08,-1.4842859E-01
7.181034E-08,-1.4842859E-01
7.186034E-08,-1.4837588E-01
7.191034E-08,-1.4837588E-01
7.196034E-08,-1.4837588E-01
7.201034E-08,-1.4837588E-01
7.206034E-08,-1.4837588E-01
7.211034E-08,-1.4837588E-01
7.216034E-08,-1.4837588E-01
7.221034E-08,-1.4837588E-01
7.226034E-08,-1.4837588E-01
7.231034E-08,-1.4837588E-01
7.236034E-08,-1.4842859E-01
7.241034E-08,-1.4842859E-01
7.246034E-08,-1.4848130E-01
7.251034E-08,-1.4848130E-01
7.256034E-08,-1.4853401E-01
7.261034E-08,-1.4853401E-01
7.266034E-08,-1.4858672E-01
7.271034E-08,-1.4858672E-01
7.276034E-08,-1.4863943E-01
7.281034E-08,-1.4869214E-01
7.286034E-08,-1.4869214E-01
7.291034E-08,-1.4874485E-01
7.296034E-08,-1.4874485E-01
7.301034E-08,-1.4879755E-01
7.306034E-08,-1.4885026E-01
7.311034E-08,-1.4885026E-01
7.316034E-08,-1.4890297E-01
7.321034E-08,-1.4890297E-01
7.326034E-08,-1.4890297E-01
7.331034E-08,-1.4895568E-01
7.336034E-08,-1.4895568E-01
7.341034E-08,-1.4900839E-01
7.346034E-08,-1.4900839E-01
7.351034E-08,-1.4900839E-01
7.356034E-08,-1.4900839E-01
7.361034E-08,-1.4906110E-01
7.366034E-08,-1.4906110E-01
7.371034E-08,-1.4906110E-01
7.376034E-08,-1.4906110E-01
7.381034E-08,-1.4911381E-01
7.386034E-08,-1.4911381E-01
7.391034E-08,-1.4911381E-01
7.396034E-08,-1.4911381E-01
7.401034E-08,-1.4916652E-01
7.406034E-08,-1.4916652E-01
7.411034E-08,-1.4916652E-01
7.416034E-08,-1.4916652E-01
7.421034E-08,-1.4921923E-01
7.426034E-08,-1.4921923E-01
7.431034E-08,-1.4921923E-01
7.436034E-08,-1.4927194E-01
7.441034E-08,-1.4927194E-01
7.446034E-08,-1.4932464E-01
7.451034E-08,-1.4932464E-01
7.456034E-08,-1.4932464E-01
7.461034E-08,-1.4937735E-01
7.466034E-08,-1.4937735E-01
7.471034E-08,-1.4943006E-01
7.476034E-08,-1.4943006E-01
7.481034E-08,-1.4948277E-01
7.486034E-08,-1.4948277E-01
7.491034E-08,-1.4948277E-01
7.496034E-08,-1.4953548E-01
7.501034E-08,-1.4953548E-01
7.506034E-08,-1.4953548E-01
7.511034E-08,-1.4953548E-01
7.516034E-08,-1.4953548E-01
7.521034E-08,-1.4958819E-01
7.526034E-08,-1.4958819E-01
7.531034E-08,-1.4958819E-01
7.536034E-08,-1.4958819E-01
7.541034E-08,-1.4958819E-01
7.546034E-08,-1.4958819E-01
7.551034E-08,-1.4958819E-01
7.556034E-08,-1.4958819E-01
7.561034E-08,-1.4958819E-01
7.566034E-08,-1.4953548E-01
7.571034E-08,-1.4953548E-01
7.576034E-08,-1.4953548E-01
7.581034E-08,-1.4953548E-01
7.586034E-08,-1.4953548E-01
7.591034E-08,-1.4948277E-01
7.596034E-08,-1.4948277E-01
7.601034E-08,-1.4948277E-01
7.606034E-08,-1.4948277E-01
7.611034E-08,-1.4948277E-01
7.616034E-08,-1.4948277E-01
7.621034E-08,-1.4948277E-01
7.626034E-08,-1.4948277E-01
7.631034E-08,-1.4948277E-01
7.636034E-08,-1.4948277E-01
7.641034E-08,-1.4948277E-01
7.646034E-08,-1.4953548E-01
7.651034E-08,-1.4953548E-01
7.656034E-08,-1.4953548E-01
7.661034E-08,-1.4953548E-01
7.666034E-08,-1.4958819E-01
7.671034E-08,-1.4958819E-01
7.676034E-08,-1.4958819E-01
7.681034E-08,-1.4964090E-01
7.686034E-08,-1.4964090E-01
7.691034E-08,-1.4969361E-01
7.696034E-08,-1.4969361E-01
7.701034E-08,-1.4969361E-01
7.706034E-08,-1.4974632E-01
7.711034E-08,-1.4974632E-01
7.716034E-08,-1.4974632E-01
7.721034E-08,-1.4974632E-01
7.726034E-08,-1.4974632E-01
7.731034E-08,-1.4979903E-01
7.736034E-08,-1.4974632E-01
7.741034E-08,-1.4974632E-01
7.746034E-08,-1.4974632E-01
7.751034E-08,-1.4974632E-01
7.756034E-08,-1.4974632E-01
7.761034E-08,-1.4974632E-01
7.766034E-08,-1.4969361E-01
7.771034E-08,-1.4969361E-01
7.776034E-08,-1.4964090E-01
7.781034E-08,-1.4964090E-01
7.786034E-08,-1.4958819E-01
7.791034E-08,-1.4958819E-01
7.796034E-08,-1.4953548E-01
7.801034E-08,-1.4953548E-01
7.806034E-08,-1.4948277E-01
7.811034E-08,-1.4943006E-01
7.816034E-08,-1.4943006E-01
7.821034E-08,-1.4937735E-01
7.826034E-08,-1.4937735E-01
7.831034E-08,-1.4932464E-01
7.836034E-08,-1.4932464E-01
7.841034E-08,-1.4927194E-01
7.846034E-08,-1.4927194E-01
7.851034E-08,-1.4921923E-01
7.856034E-08,-1.4921923E-01
7.861034E-08,-1.4921923E-01
7.866034E-08,-1.4916652E-01
7.871034E-08,-1.4916652E-01
7.876034E-08,-1.4916652E-01
7.881034E-08,-1.4916652E-01
7.886034E-08,-1.4916652E-01
7.891034E-08,-1.4916652E-01
7.896034E-08,-1.4921923E-01
7.901034E-08,-1.4921923E-01
7.906034E-08,-1.4921923E-01
7.911034E-08,-1.4927194E-01
7.916034E-08,-1.4927194E-01
7.921034E-08,-1.4932464E-01
7.926034E-08,-1.4932464E-01
7.931034E-08,-1.4937735E-01
7.936034E-08,-1.4937735E-01
7.941034E-08,-1.4943006E-01
7.946034E-08,-1.4943006E-01
7.951034E-08,-1.4948277E-01
7.956034E-08,-1.4953548E-01
7.961034E-08,-1.4953548E-01
7.966034E-08,-1.4958819E-01
7.971034E-08,-1.4958819E-01
7.976034E-08,-1.4964090E-01
7.981034E-08,-1.4964090E-01
7.986034E-08,-1.4964090E-01
7.991034E-08,-1.4969361E-01
7.996034E-08,-1.4969361E-01
8.001034E-08,-1.4969361E-01
8.006034E-08,-1.4969361E-01
8.011034E-08,-1.4969361E-01
8.016034E-08,-1.4969361E-01
8.021034E-08,-1.4969361E-01
8.026034E-08,-1.4964090E-01
8.031034E-08,-1.4964090E-01
8.036034E-08,-1.4964090E-01
8.041034E-08,-1.4958819E-01
8.046034E-08,-1.4958819E-01
8.051034E-08,-1.4958819E-01
8.056034E-08,-1.4953548E-01
8.061034E-08,-1.4948277E-01
8.066034E-08,-1.4948277E-01
8.071034E-08,-1.4943006E-01
8.076034E-08,-1.4943006E-01
8.081034E-08,-1.4937735E-01
8.086034E-08,-1.4937735E-01
8.091034E-08,-1.4932464E-01
8.096034E-08,-1.4932464E-01
8.101034E-08,-1.4927194E-01
8.106034E-08,-1.4927194E-01
8.111034E-08,-1.4927194E-01
8.116034E-08,-1.4927194E-01
8.121034E-08,-1.4927194E-01
8.126034E-08,-1.4921923E-01
8.131034E-08,-1.4927194E-01
8.136034E-08,-1.4927194E-01
8.141034E-08,-1.4927194E-01
8.146034E-08,-1.4927194E-01
8.151034E-08,-1.4932464E-01
8.156034E-08,-1.4932464E-01
8.161034E-08,-1.4937735E-01
8.166034E-08,-1.4937735E-01
8.171034E-08,-1.4943006E-01
8.176034E-08,-1.4948277E-01
8.181034E-08,-1.4953548E-01
8.186034E-08,-1.4953548E-01
8.191034E-08,-1.4958819E-01
8.196034E-08,-1.4964090E-01
8.201034E-08,-1.4964090E-01
8.206034E-08,-1.4969361E-01
8.211034E-08,-1.4974632E-01
8.216034E-08,-1.4974632E-01
8.221034E-08,-1.4979903E-01
8.226034E-08,-1.4979903E-01
8.231034E-08,-1.4985173E-01
8.236034E-08,-1.4985173E-01
8.241034E-08,-1.4985173E-01
8.246034E-08,-1.4985173E-01
8.251034E-08,-1.4985173E-01
8.256034E-08,-1.4985173E-01
8.261034E-08,-1.4985173E-01
8.266034E-08,-1.4979903E-01
8.271034E-08,-1.4979903E-01
8.276034E-08,-1.4974632E-01
8.281034E-08,-1.4969361E-01
8.286034E-08,-1.4969361E-01
8.291034E-08,-1.4964090E-01
8.296034E-08,-1.4958819E-01
8.301034E-08,-1.4953548E-01
8.306034E-08,-1.4948277E-01
8.311034E-08,-1.4943006E-01
8.316034E-08,-1.4943006E-01
8.321034E-08,-1.4937735E-01
8.326034E-08,-1.4932464E-01
8.331034E-08,-1.4927194E-01
8.336034E-08,-1.4921923E-01
8.341034E-08,-1.4921923E-01
8.346034E-08,-1.4916652E-01
8.351034E-08,-1.4916652E-01
8.356034E-08,-1.4916652E-01
8.361034E-08,-1.4911381E-01
8.366034E-08,-1.4911381E-01
8.371034E-08,-1.4916652E-01
8.376034E-08,-1.4916652E-01
8.381034E-08,-1.4916652E-01
8.386034E-08,-1.4921923E-01
8.391034E-08,-1.4927194E-01
8.396034E-08,-1.4932464E-01
8.401034E-08,-1.4932464E-01
8.406034E-08,-1.4937735E-01
8.411034E-08,-1.4948277E-01
8.416034E-08,-1.4953548E-01
8.421034E-08,-1.4958819E-01
8.426034E-08,-1.4964090E-01
8.431034E-08,-1.4974632E-01
8.436034E-08,-1.4979903E-01
8.441034E-08,-1.4985173E-01
8.446034E-08,-1.4990444E-01
8.451034E-08,-1.5000986E-01
8.456034E-08,-1.5006257E-01
8.461034E-08,-1.5011528E-01
8.466034E-08,-1.5016799E-01
8.471034E-08,-1.5022070E-01
8.476034E-08,-1.5022070E-01
8.481034E-08,-1.5027341E-01
8.486034E-08,-1.5032612E-01
8.491034E-08,-1.5032612E-01
8.496034E-08,-1.5032612E-01
8.501034E-08,-1.5032612E-01
8.506034E-08,-1.5032612E-01
8.511034E-08,-1.5032612E-01
8.516034E-08,-1.5032612E-01
8.521034E-08,-1.5027341E-01
8.526034E-08,-1.5022070E-01
8.531034E-08,-1.5022070E-01
8.536034E-08,-1.5016799E-01
8.541034E-08,-1.5011528E-01
8.546034E-08,-1.5006257E-01
8.551034E-08,-1.5000986E-01
8.556034E-08,-1.4995715E-01
8.561034E-08,-1.4990444E-01
8.566034E-08,-1.4985173E-01
8.571034E-08,-1.4979903E-01
8.576034E-08,-1.4974632E-01
8.581034E-08,-1.4969361E-01
8.586034E-08,-1.4964090E-01
8.591034E-08,-1.4958819E-01
8.596034E-08,-1.4953548E-01
8.601034E-08,-1.4948277E-01
8.606034E-08,-1.4948277E-01
8.611034E-08,-1.4943006E-01
8.616034E-08,-1.4943006E-01
8.621034E-08,-1.4943006E-01
8.626034E-08,-1.4937735E-01
8.631034E-08,-1.4937735E-01
8.636034E-08,-1.4937735E-01
8.641034E-08,-1.4937735E-01
8.646034E-08,-1.4937735E-01
8.651034E-08,-1.4937735E-01
8.656034E-08,-1.4943006E-01
8.661034E-08,-1.4943006E-01
8.666034E-08,-1.4943006E-01
8.671034E-08,-1.4948277E-01
8.676034E-08,-1.4948277E-01
8.681034E-08,-1.4953548E-01
8.686034E-08,-1.4953548E-01
8.691034E-08,-1.4953548E-01
8.696034E-08,-1.4958819E-01
8.701034E-08,-1.4958819E-01
8.706034E-08,-1.4964090E-01
8.711034E-08,-1.4964090E-01
8.716034E-08,-1.4964090E-01
8.721034E-08,-1.4969361E-01
8.726034E-08,-1.4969361E-01
8.731034E-08,-1.4969361E-01
8.736034E-08,-1.4969361E-01
8.741034E-08,-1.4969361E-01
8.746034E-08,-1.4969361E-01
8.751034E-08,-1.4969361E-01
8.756034E-08,-1.4969361E-01
8.761034E-08,-1.4969361E-01
8.766034E-08,-1.4969361E-01
8.771034E-08,-1.4969361E-01
8.776034E-08,-1.4969361E-01
8.781034E-08,-1.4969361E-01
8.786034E-08,-1.4969361E-01
8.791034E-08,-1.4969361E-01
8.796034E-08,-1.4969361E-01
8.801034E-08,-1.4964090E-01
8.806034E-08,-1.4964090E-01
8.811034E-08,-1.4964090E-01
8.816034E-08,-1.4964090E-01
8.821034E-08,-1.4964090E-01
8.826034E-08,-1.4964090E-01
8.831034E-08,-1.4964090E-01
8.836034E-08,-1.4969361E-01
8.841034E-08,-1.4969361E-01
8.846034E-08,-1.4969361E-01
8.851034E-08,-1.4969361E-01
8.856034E-08,-1.4969361E-01
8.861034E-08,-1.4969361E-01
8.866034E-08,-1.4969361E-01
8.871034E-08,-1.4969361E-01
8.876034E-08,-1.4969361E-01
8.881034E-08,-1.4969361E-01
8.886034E-08,-1.4969361E-01
8.891034E-08,-1.4969361E-01
8.896034E-08,-1.4974632E-01
8.901034E-08,-1.4974632E-01
8.906034E-08,-1.4974632E-01
8.911034E-08,-1.4974632E-01
8.916034E-08,-1.4974632E-01
8.921034E-08,-1.4974632E-01
8.926034E-08,-1.4974632E-01
8.931034E-08,-1.4974632E-01
8.936034E-08,-1.4974632E-01
8.941034E-08,-1.4969361E-01
8.946034E-08,-1.4969361E-01
8.951034E-08,-1.4969361E-01
8.956034E-08,-1.4969361E-01
8.961034E-08,-1.4969361E-01
8.966034E-08,-1.4969361E-01
8.971034E-08,-1.4969361E-01
8.976034E-08,-1.4969361E-01
8.981034E-08,-1.4969361E-01
8.986034E-08,-1.4974632E-01
8.991034E-08,-1.4974632E-01
8.996034E-08,-1.4974632E-01
9.001034E-08,-1.4974632E-01
9.006034E-08,-1.4974632E-01
9.011034E-08,-1.4974632E-01
9.016034E-08,-1.4979903E-01
9.021034E-08,-1.4979903E-01
9.026034E-08,-1.4979903E-01
9.031034E-08,-1.4985173E-01
9.036034E-08,-1.4985173E-01
9.041034E-08,-1.4985173E-01
9.046034E-08,-1.4990444E-01
9.051034E-08,-1.4990444E-01
9.056034E-08,-1.4990444E-01
9.061034E-08,-1.4995715E-01
9.066034E-08,-1.4995715E-01
9.071034E-08,-1.4995715E-01
9.076034E-08,-1.5000986E-01
9.081034E-08,-1.5000986E-01
9.086034E-08,-1.5000986E-01
9.091034E-08,-1.5000986E-01
9.096034E-08,-1.5000986E-01
9.101034E-08,-1.5000986E-01
9.106034E-08,-1.5000986E-01
9.111034E-08,-1.5000986E-01
9.116034E-08,-1.5000986E-01
9.121034E-08,-1.5000986E-01
9.126034E-08,-1.5000986E-01
9.131034E-08,-1.5000986E-01
9.136034E-08,-1.4995715E-01
9.141034E-08,-1.4995715E-01
9.146034E-08,-1.4995715E-01
9.151034E-08,-1.4990444E-01
9.156034E-08,-1.4990444E-01
9.161034E-08,-1.4990444E-01
9.166034E-08,-1.4985173E-01
9.171034E-08,-1.4985173E-01
9.176034E-08,-1.4985173E-01
9.181034E-08,-1.4985173E-01
9.186034E-08,-1.4985173E-01
9.191034E-08,-1.4985173E-01
9.196034E-08,-1.4985173E-01
9.201034E-08,-1.4985173E-01
9.206034E-08,-1.4985173E-01
9.211034E-08,-1.4985173E-01
9.216034E-08,-1.4985173E-01
9.221034E-08,-1.4990444E-01
9.226034E-08,-1.4990444E-01
9.231034E-08,-1.4995715E-01
9.236034E-08,-1.4995715E-01
9.241034E-08,-1.5000986E-01
9.246034E-08,-1.5006257E-01
9.251034E-08,-1.5006257E-01
9.256034E-08,-1.5011528E-01
9.261034E-08,-1.5016799E-01
9.266034E-08,-1.5022070E-01
9.271034E-08,-1.5027341E-01
9.276034E-08,-1.5027341E-01
9.281034E-08,-1.5032612E-01
9.286034E-08,-1.5037883E-01
9.291034E-08,-1.5043153E-01
9.296034E-08,-1.5043153E-01
9.301034E-08,-1.5048424E-01
9.306034E-08,-1.5048424E-01
9.311034E-08,-1.5053695E-01
9.316034E-08,-1.5053695E-01
9.321034E-08,-1.5058966E-01
9.326034E-08,-1.5058966E-01
9.331034E-08,-1.5058966E-01
9.336034E-08,-1.5058966E-01
9.341034E-08,-1.5058966E-01
9.346034E-08,-1.5058966E-01
9.351034E-08,-1.5058966E-01
9.356034E-08,-1.5058966E-01
9.361034E-08,-1.5053695E-01
9.366034E-08,-1.5053695E-01
9.371034E-08,-1.5048424E-01
9.376034E-08,-1.5048424E-01
9.381034E-08,-1.5043153E-01
9.386034E-08,-1.5043153E-01
9.391034E-08,-1.5037883E-01
9.396034E-08,-1.5037883E-01
9.401034E-08,-1.5032612E-01
9.406034E-08,-1.5027341E-01
9.411034E-08,-1.5027341E-01
9.416034E-08,-1.5022070E-01
9.421034E-08,-1.5016799E-01
9.426034E-08,-1.5016799E-01
9.431034E-08,-1.5011528E-01
9.436034E-08,-1.5011528E-01
9.441034E-08,-1.5006257E-01
9.446034E-08,-1.5006257E-01
9.451034E-08,-1.5000986E-01
9.456034E-08,-1.5000986E-01
9.461034E-08,-1.5000986E-01
9.466034E-08,-1.4995715E-01
9.471034E-08,-1.4995715E-01
9.476034E-08,-1.4995715E-01
9.481034E-08,-1.4995715E-01
9.486034E-08,-1.4995715E-01
9.491034E-08,-1.4995715E-01
9.496034E-08,-1.4995715E-01
9.501034E-08,-1.4995715E-01
9.506034E-08,-1.4995715E-01
9.511034E-08,-1.4995715E-01
9.516034E-08,-1.4995715E-01
9.521034E-08,-1.4995715E-01
9.526034E-08,-1.4995715E-01
9.531034E-08,-1.4995715E-01
9.536034E-08,-1.4995715E-01
9.541034E-08,-1.4995715E-01
9.546034E-08,-1.4995715E-01
9.551034E-08,-1.5000986E-01
9.556034E-08,-1.5000986E-01
9.561034E-08,-1.5000986E-01
9.566034E-08,-1.5000986E-01
9.571034E-08,-1.5000986E-01
9.576034E-08,-1.5000986E-01
9.581034E-08,-1.5000986E-01
9.586034E-08,-1.5000986E-01
9.591034E-08,-1.5000986E-01
9.596034E-08,-1.5000986E-01
9.601034E-08,-1.5000986E-01
9.606034E-08,-1.5000986E-01
9.611034E-08,-1.5000986E-01
9.616034E-08,-1.5000986E-01
9.621034E-08,-1.5000986E-01
9.626034E-08,-1.5000986E-01
9.631034E-08,-1.5000986E-01
9.636034E-08,-1.5000986E-01
9.641034E-08,-1.5000986E-01
9.646034E-08,-1.5000986E-01
9.651034E-08,-1.5000986E-01
9.656034E-08,-1.5000986E-01
9.661034E-08,-1.5000986E-01
9.666034E-08,-1.5006257E-01
9.671034E-08,-1.5006257E-01
9.676034E-08,-1.5006257E-01
9.681034E-08,-1.5006257E-01
9.686034E-08,-1.5006257E-01
9.691034E-08,-1.5011528E-01
9.696034E-08,-1.5011528E-01
9.701034E-08,-1.5011528E-01
9.706034E-08,-1.5011528E-01
9.711034E-08,-1.5016799E-01
9.716034E-08,-1.5016799E-01
9.721034E-08,-1.5016799E-01
9.726034E-08,-1.5016799E-01
9.731034E-08,-1.5022070E-01
9.736034E-08,-1.5022070E-01
9.741034E-08,-1.5022070E-01
9.746034E-08,-1.5022070E-01
9.751034E-08,-1.5022070E-01
9.756034E-08,-1.5022070E-01
9.761034E-08,-1.5027341E-01
9.766034E-08,-1.5027341E-01
9.771034E-08,-1.5027341E-01
9.776034E-08,-1.5027341E-01
9.781034E-08,-1.5027341E-01
9.786034E-08,-1.5027341E-01
9.791034E-08,-1.5027341E-01
9.796034E-08,-1.5027341E-01
9.801034E-08,-1.5027341E-01
9.806034E-08,-1.5027341E-01
9.811034E-08,-1.5027341E-01
9.816034E-08,-1.5027341E-01
9.821034E-08,-1.5027341E-01
9.826034E-08,-1.5027341E-01
9.831034E-08,-1.5027341E-01
9.836034E-08,-1.5027341E-01
9.841034E-08,-1.5027341E-01
9.846034E-08,-1.5027341E-01
9.851034E-08,-1.5027341E-01
9.856034E-08,-1.5022070E-01
9.861034E-08,-1.5022070E-01
9.866034E-08,-1.5022070E-01
9.871034E-08,-1.5022070E-01
9.876034E-08,-1.5022070E-01
9.881034E-08,-1.5022070E-01
9.886034E-08,-1.5022070E-01
9.891034E-08,-1.5022070E-01
9.896034E-08,-1.5022070E-01
9.901034E-08,-1.5016799E-01
9.906034E-08,-1.5016799E-01
9.911034E-08,-1.5016799E-01
9.916034E-08,-1.5016799E-01
9.921034E-08,-1.5016799E-01
9.926034E-08,-1.5016799E-01
9.931034E-08,-1.5016799E-01
9.936034E-08,-1.5016799E-01
9.941034E-08,-1.5016799E-01
9.946034E-08,-1.5022070E-01
9.951034E-08,-1.5022070E-01
9.956034E-08,-1.5022070E-01
9.961034E-08,-1.5022070E-01
9.966034E-08,-1.5022070E-01
9.971034E-08,-1.5022070E-01
9.976034E-08,-1.5022070E-01
9.981034E-08,-1.5022070E-01
9.986034E-08,-1.5022070E-01
9.991034E-08,-1.5022070E-01
9.996034E-08,-1.5022070E-01
1.0001034E-07,-1.5022070E-01
1.0006034E-07,-1.5022070E-01
1.0011034E-07,-1.5022070E-01
1.0016034E-07,-1.5022070E-01
1.0021034E-07,-1.5022070E-01
1.0026034E-07,-1.5022070E-01
1.0031034E-07,-1.5022070E-01
1.0036034E-07,-1.5022070E-01
1.0041034E-07,-1.5022070E-01
1.0046034E-07,-1.5016799E-01
1.0051034E-07,-1.5016799E-01
1.0056034E-07,-1.5016799E-01
1.0061034E-07,-1.5011528E-01
1.0066034E-07,-1.5011528E-01
1.0071034E-07,-1.5011528E-01
1.0076034E-07,-1.5006257E-01
1.0081034E-07,-1.5006257E-01
1.0086034E-07,-1.5000986E-01
1.0091034E-07,-1.5000986E-01
1.0096034E-07,-1.4995715E-01
1.0101034E-07,-1.4990444E-01
1.0106034E-07,-1.4990444E-01
1.0111034E-07,-1.4985173E-01
1.0116034E-07,-1.4985173E-01
1.0121034E-07,-1.4979903E-01
1.0126034E-07,-1.4974632E-01
1.0131034E-07,-1.4974632E-01
1.0136034E-07,-1.4969361E-01
1.0141034E-07,-1.4969361E-01
1.0146034E-07,-1.4964090E-01
1.0151034E-07,-1.4964090E-01
1.0156034E-07,-1.4964090E-01
1.0161034E-07,-1.4958819E-01
1.0166034E-07,-1.4958819E-01
1.0171034E-07,-1.4958819E-01
1.0176034E-07,-1.4953548E-01
1.0181034E-07,-1.4953548E-01
1.0186034E-07,-1.4953548E-01
1.0191034E-07,-1.4953548E-01
1.0196034E-07,-1.4953548E-01
1.0201034E-07,-1.4953548E-01
1.0206034E-07,-1.4953548E-01
1.0211034E-07,-1.4953548E-01
1.0216034E-07,-1.4958819E-01
1.0221034E-07,-1.4958819E-01
1.0226034E-07,-1.4958819E-01
1.0231034E-07,-1.4958819E-01
1.0236034E-07,-1.4964090E-01
1.0241034E-07,-1.4964090E-01
1.0246034E-07,-1.4964090E-01
1.0251034E-07,-1.4969361E-01
1.0256034E-07,-1.4969361E-01
1.0261034E-07,-1.4969361E-01
1.0266034E-07,-1.4974632E-01
1.0271034E-07,-1.4974632E-01
1.0276034E-07,-1.4974632E-01
1.0281034E-07,-1.4979903E-01
1.0286034E-07,-1.4979903E-01
1.0291034E-07,-1.4979903E-01
1.0296034E-07,-1.4979903E-01
1.0301034E-07,-1.4979903E-01
1.0306034E-07,-1.4979903E-01
1.0311034E-07,-1.4979903E-01
1.0316034E-07,-1.4979903E-01
1.0321034E-07,-1.4979903E-01
1.0326034E-07,-1.4979903E-01
1.0331034E-07,-1.4979903E-01
1.0336034E-07,-1.4979903E-01
1.0341034E-07,-1.4979903E-01
1.0346034E-07,-1.4974632E-01
1.0351034E-07,-1.4974632E-01
1.0356034E-07,-1.4974632E-01
1.0361034E-07,-1.4974632E-01
1.0366034E-07,-1.4969361E-01
1.0371034E-07,-1.4969361E-01
1.0376034E-07,-1.4969361E-01
1.0381034E-07,-1.4964090E-01
1.0386034E-07,-1.4964090E-01
1.0391034E-07,-1.4958819E-01
1.0396034E-07,-1.4958819E-01
1.0401034E-07,-1.4953548E-01
1.0406034E-07,-1.4953548E-01
1.0411034E-07,-1.4948277E-01
1.0416034E-07,-1.4948277E-01
1.0421034E-07,-1.4943006E-01
1.0426034E-07,-1.4943006E-01
1.0431034E-07,-1.4937735E-01
1.0436034E-07,-1.4937735E-01
1.0441034E-07,-1.4932464E-01
1.0446034E-07,-1.4927194E-01
1.0451034E-07,-1.4927194E-01
1.0456034E-07,-1.4921923E-01
1.0461034E-07,-1.4921923E-01
1.0466034E-07,-1.4916652E-01
1.0471034E-07,-1.4916652E-01
1.0476034E-07,-1.4911381E-01
1.0481034E-07,-1.4911381E-01
1.0486034E-07,-1.4906110E-01
1.0491034E-07,-1.4906110E-01
1.0496034E-07,-1.4900839E-01
1.0501034E-07,-1.4900839E-01
1.0506034E-07,-1.4900839E-01
1.0511034E-07,-1.4895568E-01
1.0516034E-07,-1.4895568E-01
1.0521034E-07,-1.4895568E-01
1.0526034E-07,-1.4895568E-01
1.0531034E-07,-1.4895568E-01
1.0536034E-07,-1.4895568E-01
1.0541034E-07,-1.4895568E-01
1.0546034E-07,-1.4895568E-01
1.0551034E-07,-1.4895568E-01
1.0556034E-07,-1.4895568E-01
1.0561034E-07,-1.4895568E-01
1.0566034E-07,-1.4900839E-01
1.0571034E-07,-1.4900839E-01
1.0576034E-07,-1.4906110E-01
1.0581034E-07,-1.4906110E-01
1.0586034E-07,-1.4911381E-01
1.0591034E-07,-1.4911381E-01
1.0596034E-07,-1.4916652E-01
1.0601034E-07,-1.4916652E-01
1.0606034E-07,-1.4921923E-01
1.0611034E-07,-1.4927194E-01
1.0616034E-07,-1.4927194E-01
1.0621034E-07,-1.4932464E-01
1.0626034E-07,-1.4937735E-01
1.0631034E-07,-1.4937735E-01
1.0636034E-07,-1.4943006E-01
1.0641034E-07,-1.4948277E-01
1.0646034E-07,-1.4948277E-01
1.0651034E-07,-1.4953548E-01
1.0656034E-07,-1.4958819E-01
1.0661034E-07,-1.4958819E-01
1.0666034E-07,-1.4964090E-01
1.0671034E-07,-1.4964090E-01
1.0676034E-07,-1.4964090E-01
1.0681034E-07,-1.4969361E-01
1.0686034E-07,-1.4969361E-01
1.0691034E-07,-1.4969361E-01
1.0696034E-07,-1.4969361E-01
1.0701034E-07,-1.4969361E-01
1.0706034E-07,-1.4969361E-01
1.0711034E-07,-1.4969361E-01
1.0716034E-07,-1.4964090E-01
1.0721034E-07,-1.4964090E-01
1.0726034E-07,-1.4964090E-01
1.0731034E-07,-1.4964090E-01
1.0736034E-07,-1.4958819E-01
1.0741034E-07,-1.4958819E-01
1.0746034E-07,-1.4958819E-01
1.0751034E-07,-1.4953548E-01
1.0756034E-07,-1.4953548E-01
1.0761034E-07,-1.4953548E-01
1.0766034E-07,-1.4948277E-01
1.0771034E-07,-1.4948277E-01
1.0776034E-07,-1.4948277E-01
1.0781034E-07,-1.4943006E-01
1.0786034E-07,-1.4943006E-01
1.0791034E-07,-1.4943006E-01
1.0796034E-07,-1.4943006E-01
1.0801034E-07,-1.4943006E-01
1.0806034E-07,-1.4937735E-01
1.0811034E-07,-1.4937735E-01
1.0816034E-07,-1.4937735E-01
1.0821034E-07,-1.4937735E-01
1.0826034E-07,-1.4937735E-01
1.0831034E-07,-1.4932464E-01
1.0836034E-07,-1.4932464E-01
1.0841034E-07,-1.4932464E-01
1.0846034E-07,-1.4932464E-01
1.0851034E-07,-1.4932464E-01
1.0856034E-07,-1.4927194E-01
1.0861034E-07,-1.4927194E-01
1.0866034E-07,-1.4927194E-01
1.0871034E-07,-1.4927194E-01
1.0876034E-07,-1.4921923E-01
1.0881034E-07,-1.4921923E-01
1.0886034E-07,-1.4921923E-01
1.0891034E-07,-1.4916652E-01
1.0896034E-07,-1.4916652E-01
1.0901034E-07,-1.4911381E-01
1.0906034E-07,-1.4911381E-01
1.0911034E-07,-1.4911381E-01
1.0916034E-07,-1.4906110E-01
1.0921034E-07,-1.4906110E-01
1.0926034E-07,-1.4906110E-01
1.0931034E-07,-1.4900839E-01
1.0936034E-07,-1.4900839E-01
1.0941034E-07,-1.4900839E-01
1.0946034E-07,-1.4900839E-01
1.0951034E-07,-1.4895568E-01
1.0956034E-07,-1.4895568E-01
1.0961034E-07,-1.4895568E-01
1.0966034E-07,-1.4895568E-01
1.0971034E-07,-1.4895568E-01
1.0976034E-07,-1.4895568E-01
1.0981034E-07,-1.4895568E-01
1.0986034E-07,-1.4895568E-01
1.0991034E-07,-1.4895568E-01
1.0996034E-07,-1.4895568E-01
1.1001034E-07,-1.4900839E-01
1.1006034E-07,-1.4900839E-01
1.1011034E-07,-1.4900839E-01
1.1016034E-07,-1.4900839E-01
1.1021034E-07,-1.4900839E-01
1.1026034E-07,-1.4906110E-01
1.1031034E-07,-1.4906110E-01
1.1036034E-07,-1.4906110E-01
1.1041034E-07,-1.4906110E-01
1.1046034E-07,-1.4906110E-01
1.1051034E-07,-1.4906110E-01
1.1056034E-07,-1.4906110E-01
1.1061034E-07,-1.4906110E-01
1.1066034E-07,-1.4906110E-01
1.1071034E-07,-1.4906110E-01
1.1076034E-07,-1.4900839E-01
1.1081034E-07,-1.4900839E-01
1.1086034E-07,-1.4900839E-01
1.1091034E-07,-1.4895568E-01
1.1096034E-07,-1.4895568E-01
1.1101034E-07,-1.4890297E-01
1.1106034E-07,-1.4890297E-01
1.1111034E-07,-1.4885026E-01
1.1116034E-07,-1.4885026E-01
1.1121034E-07,-1.4879755E-01
1.1126034E-07,-1.4879755E-01
1.1131034E-07,-1.4879755E-01
1.1136034E-07,-1.4874485E-01
1.1141034E-07,-1.4874485E-01
1.1146034E-07,-1.4869214E-01
1.1151034E-07,-1.4869214E-01
1.1156034E-07,-1.4869214E-01
1.1161034E-07,-1.4869214E-01
1.1166034E-07,-1.4869214E-01
1.1171034E-07,-1.4869214E-01
1.1176034E-07,-1.4869214E-01
1.1181034E-07,-1.4874485E-01
1.1186034E-07,-1.4874485E-01
1.1191034E-07,-1.4879755E-01
1.1196034E-07,-1.4879755E-01
1.1201034E-07,-1.4885026E-01
1.1206034E-07,-1.4890297E-01
1.1211034E-07,-1.4890297E-01
1.1216034E-07,-1.4895568E-01
1.1221034E-07,-1.4900839E-01
1.1226034E-07,-1.4906110E-01
1.1231034E-07,-1.4911381E-01
1.1236034E-07,-1.4916652E-01
1.1241034E-07,-1.4921923E-01
1.1246034E-07,-1.4927194E-01
1.1251034E-07,-1.4927194E-01
1.1256034E-07,-1.4932464E-01
1.1261034E-07,-1.4937735E-01
1.1266034E-07,-1.4943006E-01
1.1271034E-07,-1.4943006E-01
1.1276034E-07,-1.4948277E-01
1.1281034E-07,-1.4948277E-01
1.1286034E-07,-1.4953548E-01
1.1291034E-07,-1.4953548E-01
1.1296034E-07,-1.4953548E-01
1.1301034E-07,-1.4953548E-01
1.1306034E-07,-1.4953548E-01
1.1311034E-07,-1.4953548E-01
1.1316034E-07,-1.4953548E-01
1.1321034E-07,-1.4953548E-01
1.1326034E-07,-1.4953548E-01
1.1331034E-07,-1.4948277E-01
1.1336034E-07,-1.4948277E-01
1.1341034E-07,-1.4948277E-01
1.1346034E-07,-1.4948277E-01
1.1351034E-07,-1.4943006E-01
1.1356034E-07,-1.4943006E-01
1.1361034E-07,-1.4943006E-01
1.1366034E-07,-1.4943006E-01
1.1371034E-07,-1.4943006E-01
1.1376034E-07,-1.4937735E-01
1.1381034E-07,-1.4937735E-01
1.1386034E-07,-1.4937735E-01
1.1391034E-07,-1.4937735E-01
1.1396034E-07,-1.4937735E-01
1.1401034E-07,-1.4943006E-01
1.1406034E-07,-1.4943006E-01
1.1411034E-07,-1.4943006E-01
1.1416034E-07,-1.4943006E-01
1.1421034E-07,-1.4948277E-01
1.1426034E-07,-1.4948277E-01
1.1431034E-07,-1.4948277E-01
1.1436034E-07,-1.4953548E-01
1.1441034E-07,-1.4953548E-01
1.1446034E-07,-1.4953548E-01
1.1451034E-07,-1.4958819E-01
1.1456034E-07,-1.4958819E-01
1.1461034E-07,-1.4958819E-01
1.1466034E-07,-1.4958819E-01
1.1471034E-07,-1.4958819E-01
1.1476034E-07,-1.4958819E-01
1.1481034E-07,-1.4958819E-01
1.1486034E-07,-1.4958819E-01
1.1491034E-07,-1.4953548E-01
1.1496034E-07,-1.4953548E-01
1.1501034E-07,-1.4948277E-01
1.1506034E-07,-1.4948277E-01
1.1511034E-07,-1.4943006E-01
1.1516034E-07,-1.4937735E-01
1.1521034E-07,-1.4932464E-01
1.1526034E-07,-1.4927194E-01
1.1531034E-07,-1.4921923E-01
1.1536034E-07,-1.4916652E-01
1.1541034E-07,-1.4911381E-01
1.1546034E-07,-1.4906110E-01
1.1551034E-07,-1.4900839E-01
1.1556034E-07,-1.4895568E-01
1.1561034E-07,-1.4890297E-01
1.1566034E-07,-1.4879755E-01
1.1571034E-07,-1.4879755E-01
1.1576034E-07,-1.4869214E-01
1.1581034E-07,-1.4869214E-01
1.1586034E-07,-1.4863943E-01
1.1591034E-07,-1.4858672E-01
1.1596034E-07,-1.4853401E-01
1.1601034E-07,-1.4853401E-01
1.1606034E-07,-1.4853401E-01
1.1611034E-07,-1.4848130E-01
1.1616034E-07,-1.4848130E-01
1.1621034E-07,-1.4848130E-01
1.1626034E-07,-1.4848130E-01
1.1631034E-07,-1.4853401E-01
1.1636034E-07,-1.4853401E-01
1.1641034E-07,-1.4853401E-01
1.1646034E-07,-1.4858672E-01
1.1651034E-07,-1.4863943E-01
1.1656034E-07,-1.4863943E-01
1.1661034E-07,-1.4869214E-01
1.1666034E-07,-1.4874485E-01
1.1671034E-07,-1.4879755E-01
1.1676034E-07,-1.4885026E-01
1.1681034E-07,-1.4890297E-01
1.1686034E-07,-1.4895568E-01
1.1691034E-07,-1.4900839E-01
1.1696034E-07,-1.4906110E-01
1.1701034E-07,-1.4911381E-01
1.1706034E-07,-1.4916652E-01
1.1711034E-07,-1.4916652E-01
1.1716034E-07,-1.4921923E-01
1.1721034E-07,-1.4927194E-01
1.1726034E-07,-1.4927194E-01
1.1731034E-07,-1.4932464E-01
1.1736034E-07,-1.4932464E-01
1.1741034E-07,-1.4937735E-01
1.1746034E-07,-1.4937735E-01
1.1751034E-07,-1.4937735E-01
1.1756034E-07,-1.4943006E-01
1.1761034E-07,-1.4943006E-01
1.1766034E-07,-1.4943006E-01
1.1771034E-07,-1.4943006E-01
1.1776034E-07,-1.4937735E-01
1.1781034E-07,-1.4937735E-01
1.1786034E-07,-1.4937735E-01
1.1791034E-07,-1.4937735E-01
1.1796034E-07,-1.4932464E-01
1.1801034E-07,-1.4932464E-01
1.1806034E-07,-1.4927194E-01
1.1811034E-07,-1.4927194E-01
1.1816034E-07,-1.4921923E-01
1.1821034E-07,-1.4921923E-01
1.1826034E-07,-1.4916652E-01
1.1831034E-07,-1.4916652E-01
1.1836034E-07,-1.4911381E-01
1.1841034E-07,-1.4911381E-01
1.1846034E-07,-1.4911381E-01
1.1851034E-07,-1.4906110E-01
1.1856034E-07,-1.4906110E-01
1.1861034E-07,-1.4900839E-01
1.1866034E-07,-1.4900839E-01
1.1871034E-07,-1.4900839E-01
1.1876034E-07,-1.4895568E-01
1.1881034E-07,-1.4895568E-01
1.1886034E-07,-1.4895568E-01
1.1891034E-07,-1.4895568E-01
1.1896034E-07,-1.4895568E-01
1.1901034E-07,-1.4895568E-01
1.1906034E-07,-1.4895568E-01
1.1911034E-07,-1.4895568E-01
1.1916034E-07,-1.4895568E-01
1.1921034E-07,-1.4895568E-01
1.1926034E-07,-1.4895568E-01
1.1931034E-07,-1.4895568E-01
1.1936034E-07,-1.4900839E-01
1.1941034E-07,-1.4900839E-01
1.1946034E-07,-1.4900839E-01
1.1951034E-07,-1.4900839E-01
1.1956034E-07,-1.4900839E-01
1.1961034E-07,-1.4900839E-01
1.1966034E-07,-1.4900839E-01
1.1971034E-07,-1.4900839E-01
1.1976034E-07,-1.4900839E-01
1.1981034E-07,-1.4900839E-01
1.1986034E-07,-1.4900839E-01
1.1991034E-07,-1.4900839E-01
1.1996034E-07,-1.4900839E-01
1.2001034E-07,-1.4895568E-01
1.2006034E-07,-1.4895568E-01
1.2011034E-07,-1.4895568E-01
1.2016034E-07,-1.4890297E-01
1.2021034E-07,-1.4890297E-01
1.2026034E-07,-1.4890297E-01
1.2031034E-07,-1.4885026E-01
1.2036034E-07,-1.4885026E-01
1.2041034E-07,-1.4879755E-01
1.2046034E-07,-1.4879755E-01
1.2051034E-07,-1.4879755E-01
1.2056034E-07,-1.4874485E-01
1.2061034E-07,-1.4874485E-01
1.2066034E-07,-1.4874485E-01
1.2071034E-07,-1.4869214E-01
1.2076034E-07,-1.4869214E-01
1.2081034E-07,-1.4869214E-01
1.2086034E-07,-1.4869214E-01
1.2091034E-07,-1.4869214E-01
1.2096034E-07,-1.4869214E-01
1.2101034E-07,-1.4869214E-01
1.2106034E-07,-1.4869214E-01
1.2111034E-07,-1.4874485E-01
1.2116034E-07,-1.4874485E-01
1.2121034E-07,-1.4874485E-01
1.2126034E-07,-1.4879755E-01
1.2131034E-07,-1.4879755E-01
1.2136034E-07,-1.4885026E-01
1.2141034E-07,-1.4890297E-01
1.2146034E-07,-1.4890297E-01
1.2151034E-07,-1.4895568E-01
1.2156034E-07,-1.4900839E-01
1.2161034E-07,-1.4906110E-01
1.2166034E-07,-1.4906110E-01
1.2171034E-07,-1.4911381E-01
1.2176034E-07,-1.4916652E-01
1.2181034E-07,-1.4921923E-01
1.2186034E-07,-1.4921923E-01
1.2191034E-07,-1.4927194E-01
1.2196034E-07,-1.4927194E-01
1.2201034E-07,-1.4932464E-01
1.2206034E-07,-1.4932464E-01
1.2211034E-07,-1.4937735E-01
1.2216034E-07,-1.4937735E-01
1.2221034E-07,-1.4937735E-01
1.2226034E-07,-1.4937735E-01
1.2231034E-07,-1.4937735E-01
1.2236034E-07,-1.4937735E-01
1.2241034E-07,-1.4937735E-01
1.2246034E-07,-1.4932464E-01
1.2251034E-07,-1.4932464E-01
1.2256034E-07,-1.4932464E-01
1.2261034E-07,-1.4927194E-01
1.2266034E-07,-1.4921923E-01
1.2271034E-07,-1.4921923E-01
1.2276034E-07,-1.4916652E-01
1.2281034E-07,-1.4911381E-01
1.2286034E-07,-1.4911381E-01
1.2291034E-07,-1.4906110E-01
1.2296034E-07,-1.4900839E-01
1.2301034E-07,-1.4900839E-01
1.2306034E-07,-1.4895568E-01
1.2311034E-07,-1.4895568E-01
1.2316034E-07,-1.4890297E-01
1.2321034E-07,-1.4890297E-01
1.2326034E-07,-1.4885026E-01
1.2331034E-07,-1.4885026E-01
1.2336034E-07,-1.4885026E-01
1.2341034E-07,-1.4885026E-01
1.2346034E-07,-1.4885026E-01
1.2351034E-07,-1.4885026E-01
1.2356034E-07,-1.4885026E-01
1.2361034E-07,-1.4885026E-01
1.2366034E-07,-1.4885026E-01
1.2371034E-07,-1.4885026E-01
1.2376034E-07,-1.4890297E-01
1.2381034E-07,-1.4890297E-01
1.2386034E-07,-1.4890297E-01
1.2391034E-07,-1.4895568E-01
1.2396034E-07,-1.4895568E-01
1.2401034E-07,-1.4900839E-01
1.2406034E-07,-1.4900839E-01
1.2411034E-07,-1.4900839E-01
1.2416034E-07,-1.4906110E-01
1.2421034E-07,-1.4906110E-01
1.2426034E-07,-1.4906110E-01
1.2431034E-07,-1.4906110E-01
1.2436034E-07,-1.4906110E-01
1.2441034E-07,-1.4906110E-01
1.2446034E-07,-1.4906110E-01
1.2451034E-07,-1.4906110E-01
1.2456034E-07,-1.4906110E-01
1.2461034E-07,-1.4906110E-01
1.2466034E-07,-1.4906110E-01
1.2471034E-07,-1.4900839E-01
1.2476034E-07,-1.4900839E-01
1.2481034E-07,-1.4895568E-01
1.2486034E-07,-1.4895568E-01
1.2491034E-07,-1.4890297E-01
1.2496034E-07,-1.4890297E-01
1.2501034E-07,-1.4885026E-01
1.2506034E-07,-1.4885026E-01
1.2511034E-07,-1.4879755E-01
1.2516034E-07,-1.4879755E-01
1.2521034E-07,-1.4879755E-01
1.2526034E-07,-1.4874485E-01
1.2531034E-07,-1.4874485E-01
1.2536034E-07,-1.4869214E-01
1.2541034E-07,-1.4869214E-01
1.2546034E-07,-1.4869214E-01
1.2551034E-07,-1.4869214E-01
1.2556034E-07,-1.4869214E-01
1.2561034E-07,-1.4869214E-01
1.2566034E-07,-1.4869214E-01
1.2571034E-07,-1.4869214E-01
1.2576034E-07,-1.4874485E-01
1.2581034E-07,-1.4874485E-01
1.2586034E-07,-1.4874485E-01
1.2591034E-07,-1.4879755E-01
1.2596034E-07,-1.4879755E-01
1.2601034E-07,-1.4885026E-01
1.2606034E-07,-1.4890297E-01
1.2611034E-07,-1.4890297E-01
1.2616034E-07,-1.4895568E-01
1.2621034E-07,-1.4900839E-01
1.2626034E-07,-1.4906110E-01
1.2631034E-07,-1.4906110E-01
1.2636034E-07,-1.4911381E-01
1.2641034E-07,-1.4916652E-01
1.2646034E-07,-1.4921923E-01
1.2651034E-07,-1.4927194E-01
1.2656034E-07,-1.4927194E-01
1.2661034E-07,-1.4932464E-01
1.2666034E-07,-1.4937735E-01
1.2671034E-07,-1.4937735E-01
1.2676034E-07,-1.4943006E-01
1.2681034E-07,-1.4943006E-01
1.2686034E-07,-1.4948277E-01
1.2691034E-07,-1.4948277E-01
1.2696034E-07,-1.4948277E-01
1.2701034E-07,-1.4948277E-01
1.2706034E-07,-1.4953548E-01
1.2711034E-07,-1.4953548E-01
1.2716034E-07,-1.4953548E-01
1.2721034E-07,-1.4953548E-01
1.2726034E-07,-1.4953548E-01
1.2731034E-07,-1.4953548E-01
1.2736034E-07,-1.4953548E-01
1.2741034E-07,-1.4953548E-01
1.2746034E-07,-1.4953548E-01
1.2751034E-07,-1.4953548E-01
1.2756034E-07,-1.4948277E-01
1.2761034E-07,-1.4948277E-01
1.2766034E-07,-1.4948277E-01
1.2771034E-07,-1.4948277E-01
1.2776034E-07,-1.4948277E-01
1.2781034E-07,-1.4948277E-01
1.2786034E-07,-1.4948277E-01
1.2791034E-07,-1.4948277E-01
1.2796034E-07,-1.4948277E-01
1.2801034E-07,-1.4948277E-01
1.2806034E-07,-1.4948277E-01
1.2811034E-07,-1.4948277E-01
1.2816034E-07,-1.4948277E-01
1.2821034E-07,-1.4948277E-01
1.2826034E-07,-1.4948277E-01
1.2831034E-07,-1.4953548E-01
1.2836034E-07,-1.4953548E-01
1.2841034E-07,-1.4953548E-01
1.2846034E-07,-1.4953548E-01
1.2851034E-07,-1.4953548E-01
1.2856034E-07,-1.4958819E-01
1.2861034E-07,-1.4958819E-01
1.2866034E-07,-1.4958819E-01
1.2871034E-07,-1.4958819E-01
