-7.141420E-08,-1.5011528E-01
-7.136420E-08,-1.5011528E-01
-7.131420E-08,-1.5011528E-01
-7.126420E-08,-1.5011528E-01
-7.121420E-08,-1.5011528E-01
-7.116420E-08,-1.5016799E-01
-7.111420E-08,-1.5016799E-01
-7.106420E-08,-1.5016799E-01
-7.101420E-08,-1.5016799E-01
-7.096420E-08,-1.5022070E-01
-7.091420E-08,-1.5022070E-01
-7.086420E-08,-1.5027341E-01
-7.081420E-08,-1.5027341E-01
-7.076420E-08,-1.5032612E-01
-7.071420E-08,-1.5032612E-01
-7.066420E-08,-1.5037883E-01
-7.061420E-08,-1.5037883E-01
-7.056420E-08,-1.5037883E-01
-7.051420E-08,-1.5043153E-01
-7.046420E-08,-1.5043153E-01
-7.041420E-08,-1.5043153E-01
-7.036420E-08,-1.5048424E-01
-7.031420E-08,-1.5048424E-01
-7.026420E-08,-1.5048424E-01
-7.021420E-08,-1.5048424E-01
-7.016420E-08,-1.5048424E-01
-7.011420E-08,-1.5048424E-01
-7.006420E-08,-1.5043153E-01
-7.001420E-08,-1.5043153E-01
-6.996420E-08,-1.5043153E-01
-6.991420E-08,-1.5043153E-01
-6.986420E-08,-1.5037883E-01
-6.981420E-08,-1.5037883E-01
-6.976420E-08,-1.5032612E-01
-6.971420E-08,-1.5032612E-01
-6.966420E-08,-1.5027341E-01
-6.961420E-08,-1.5027341E-01
-6.956420E-08,-1.5022070E-01
-6.951420E-08,-1.5022070E-01
-6.946420E-08,-1.5022070E-01
-6.941420E-08,-1.5016799E-01
-6.936420E-08,-1.5016799E-01
-6.931420E-08,-1.5016799E-01
-6.926420E-08,-1.5016799E-01
-6.921420E-08,-1.5016799E-01
-6.916420E-08,-1.5016799E-01
-6.911420E-08,-1.5016799E-01
-6.906420E-08,-1.5016799E-01
-6.901420E-08,-1.5016799E-01
-6.896420E-08,-1.5016799E-01
-6.891420E-08,-1.5016799E-01
-6.886420E-08,-1.5022070E-01
-6.881420E-08,-1.5022070E-01
-6.876420E-08,-1.5022070E-01
-6.871420E-08,-1.5022070E-01
-6.866420E-08,-1.5027341E-01
-6.861420E-08,-1.5027341E-01
-6.856420E-08,-1.5027341E-01
-6.851420E-08,-1.5027341E-01
-6.846420E-08,-1.5027341E-01
-6.841420E-08,-1.5032612E-01
-6.836420E-08,-1.5032612E-01
-6.831420E-08,-1.5027341E-01
-6.826420E-08,-1.5027341E-01
-6.821420E-08,-1.5027341E-01
-6.816420E-08,-1.5027341E-01
-6.811420E-08,-1.5022070E-01
-6.806420E-08,-1.5022070E-01
-6.801420E-08,-1.5016799E-01
-6.796420E-08,-1.5016799E-01
-6.791420E-08,-1.5011528E-01
-6.786420E-08,-1.5006257E-01
-6.781420E-08,-1.5006257E-01
-6.776420E-08,-1.5000986E-01
-6.771420E-08,-1.4995715E-01
-6.766420E-08,-1.4990444E-01
-6.761420E-08,-1.4990444E-01
-6.756420E-08,-1.4985173E-01
-6.751420E-08,-1.4979903E-01
-6.746420E-08,-1.4979903E-01
-6.741420E-08,-1.4974632E-01
-6.736420E-08,-1.4974632E-01
-6.731420E-08,-1.4974632E-01
-6.726420E-08,-1.4969361E-01
-6.721420E-08,-1.4969361E-01
-6.716420E-08,-1.4969361E-01
-6.711420E-08,-1.4969361E-01
-6.706420E-08,-1.4969361E-01
-6.701420E-08,-1.4974632E-01
-6.696420E-08,-1.4974632E-01
-6.691420E-08,-1.4974632E-01
-6.686420E-08,-1.4979903E-01
-6.681420E-08,-1.4979903E-01
-6.676420E-08,-1.4985173E-01
-6.671420E-08,-1.4985173E-01
-6.666420E-08,-1.4990444E-01
-6.661420E-08,-1.4995715E-01
-6.656420E-08,-1.4995715E-01
-6.651420E-08,-1.5000986E-01
-6.646420E-08,-1.5000986E-01
-6.641420E-08,-1.5000986E-01
-6.636420E-08,-1.5006257E-01
-6.631420E-08,-1.5006257E-01
-6.626420E-08,-1.5006257E-01
-6.621420E-08,-1.5006257E-01
-6.616420E-08,-1.5006257E-01
-6.611420E-08,-1.5006257E-01
-6.606420E-08,-1.5006257E-01
-6.601420E-08,-1.5000986E-01
-6.596420E-08,-1.5000986E-01
-6.591420E-08,-1.4995715E-01
-6.586420E-08,-1.4990444E-01
-6.581420E-08,-1.4990444E-01
-6.576420E-08,-1.4985173E-01
-6.571420E-08,-1.4979903E-01
-6.566420E-08,-1.4974632E-01
-6.561420E-08,-1.4969361E-01
-6.556420E-08,-1.4964090E-01
-6.551420E-08,-1.4958819E-01
-6.546420E-08,-1.4953548E-01
-6.541420E-08,-1.4948277E-01
-6.536420E-08,-1.4943006E-01
-6.531420E-08,-1.4937735E-01
-6.526420E-08,-1.4932464E-01
-6.521420E-08,-1.4932464E-01
-6.516420E-08,-1.4927194E-01
-6.511420E-08,-1.4927194E-01
-6.506420E-08,-1.4921923E-01
-6.501420E-08,-1.4921923E-01
-6.496420E-08,-1.4916652E-01
-6.491420E-08,-1.4916652E-01
-6.486420E-08,-1.4916652E-01
-6.481420E-08,-1.4916652E-01
-6.476420E-08,-1.4916652E-01
-6.471420E-08,-1.4916652E-01
-6.466420E-08,-1.4916652E-01
-6.461420E-08,-1.4916652E-01
-6.456420E-08,-1.4916652E-01
-6.451420E-08,-1.4921923E-01
-6.446420E-08,-1.4921923E-01
-6.441420E-08,-1.4921923E-01
-6.436420E-08,-1.4921923E-01
-6.431420E-08,-1.4921923E-01
-6.426420E-08,-1.4927194E-01
-6.421420E-08,-1.4927194E-01
-6.416420E-08,-1.4927194E-01
-6.411420E-08,-1.4927194E-01
-6.406420E-08,-1.4927194E-01
-6.401420E-08,-1.4927194E-01
-6.396420E-08,-1.4927194E-01
-6.391420E-08,-1.4927194E-01
-6.386420E-08,-1.4927194E-01
-6.381420E-08,-1.4927194E-01
-6.376420E-08,-1.4927194E-01
-6.371420E-08,-1.4927194E-01
-6.366420E-08,-1.4927194E-01
-6.361420E-08,-1.4927194E-01
-6.356420E-08,-1.4927194E-01
-6.351420E-08,-1.4927194E-01
-6.346420E-08,-1.4927194E-01
-6.341420E-08,-1.4932464E-01
-6.336420E-08,-1.4932464E-01
-6.331420E-08,-1.4932464E-01
-6.326420E-08,-1.4937735E-01
-6.321420E-08,-1.4937735E-01
-6.316420E-08,-1.4943006E-01
-6.311420E-08,-1.4948277E-01
-6.306420E-08,-1.4948277E-01
-6.301420E-08,-1.4953548E-01
-6.296420E-08,-1.4958819E-01
-6.291420E-08,-1.4964090E-01
-6.286420E-08,-1.4969361E-01
-6.281420E-08,-1.4974632E-01
-6.276420E-08,-1.4979903E-01
-6.271420E-08,-1.4985173E-01
-6.266420E-08,-1.4990444E-01
-6.261420E-08,-1.4995715E-01
-6.256420E-08,-1.5000986E-01
-6.251420E-08,-1.5006257E-01
-6.246420E-08,-1.5011528E-01
-6.241420E-08,-1.5011528E-01
-6.236420E-08,-1.5016799E-01
-6.231420E-08,-1.5016799E-01
-6.226420E-08,-1.5016799E-01
-6.221420E-08,-1.5016799E-01
-6.216420E-08,-1.5016799E-01
-6.211420E-08,-1.5011528E-01
-6.206420E-08,-1.5011528E-01
-6.201420E-08,-1.5006257E-01
-6.196420E-08,-1.5000986E-01
-6.191420E-08,-1.4995715E-01
-6.186420E-08,-1.4990444E-01
-6.181420E-08,-1.4985173E-01
-6.176420E-08,-1.4974632E-01
-6.171420E-08,-1.4969361E-01
-6.166420E-08,-1.4958819E-01
-6.161420E-08,-1.4953548E-01
-6.156420E-08,-1.4943006E-01
-6.151420E-08,-1.4932464E-01
-6.146420E-08,-1.4927194E-01
-6.141420E-08,-1.4916652E-01
-6.136420E-08,-1.4911381E-01
-6.131420E-08,-1.4900839E-01
-6.126420E-08,-1.4895568E-01
-6.121420E-08,-1.4890297E-01
-6.116420E-08,-1.4885026E-01
-6.111420E-08,-1.4879755E-01
-6.106420E-08,-1.4874485E-01
-6.101420E-08,-1.4874485E-01
-6.096420E-08,-1.4869214E-01
-6.091420E-08,-1.4869214E-01
-6.086420E-08,-1.4869214E-01
-6.081420E-08,-1.4874485E-01
-6.076420E-08,-1.4874485E-01
-6.071420E-08,-1.4879755E-01
-6.066420E-08,-1.4879755E-01
-6.061420E-08,-1.4885026E-01
-6.056420E-08,-1.4890297E-01
-6.051420E-08,-1.4895568E-01
-6.046420E-08,-1.4900839E-01
-6.041420E-08,-1.4906110E-01
-6.036420E-08,-1.4916652E-01
-6.031420E-08,-1.4921923E-01
-6.026420E-08,-1.4927194E-01
-6.021420E-08,-1.4932464E-01
-6.016420E-08,-1.4937735E-01
-6.011420E-08,-1.4943006E-01
-6.006420E-08,-1.4948277E-01
-6.001420E-08,-1.4953548E-01
-5.996420E-08,-1.4958819E-01
-5.991420E-08,-1.4958819E-01
-5.986420E-08,-1.4964090E-01
-5.981420E-08,-1.4964090E-01
-5.976420E-08,-1.4964090E-01
-5.971420E-08,-1.4964090E-01
-5.966420E-08,-1.4964090E-01
-5.961420E-08,-1.4958819E-01
-5.956420E-08,-1.4958819E-01
-5.951420E-08,-1.4958819E-01
-5.946420E-08,-1.4953548E-01
-5.941420E-08,-1.4948277E-01
-5.936420E-08,-1.4948277E-01
-5.931420E-08,-1.4943006E-01
-5.926420E-08,-1.4937735E-01
-5.921420E-08,-1.4932464E-01
-5.916420E-08,-1.4932464E-01
-5.911420E-08,-1.4927194E-01
-5.906420E-08,-1.4921923E-01
-5.901420E-08,-1.4921923E-01
-5.896420E-08,-1.4916652E-01
-5.891420E-08,-1.4916652E-01
-5.886420E-08,-1.4916652E-01
-5.881420E-08,-1.4911381E-01
-5.876420E-08,-1.4911381E-01
-5.871420E-08,-1.4911381E-01
-5.866420E-08,-1.4911381E-01
-5.861420E-08,-1.4911381E-01
-5.856420E-08,-1.4916652E-01
-5.851420E-08,-1.4916652E-01
-5.846420E-08,-1.4921923E-01
-5.841420E-08,-1.4921923E-01
-5.836420E-08,-1.4927194E-01
-5.831420E-08,-1.4927194E-01
-5.826420E-08,-1.4932464E-01
-5.821420E-08,-1.4937735E-01
-5.816420E-08,-1.4937735E-01
-5.811420E-08,-1.4943006E-01
-5.806420E-08,-1.4948277E-01
-5.801420E-08,-1.4948277E-01
-5.796420E-08,-1.4953548E-01
-5.791420E-08,-1.4953548E-01
-5.786420E-08,-1.4958819E-01
-5.781420E-08,-1.4958819E-01
-5.776420E-08,-1.4958819E-01
-5.771420E-08,-1.4964090E-01
-5.766420E-08,-1.4964090E-01
-5.761420E-08,-1.4964090E-01
-5.756420E-08,-1.4964090E-01
-5.751420E-08,-1.4964090E-01
-5.746420E-08,-1.4964090E-01
-5.741420E-08,-1.4964090E-01
-5.736420E-08,-1.4964090E-01
-5.731420E-08,-1.4964090E-01
-5.726420E-08,-1.4964090E-01
-5.721420E-08,-1.4958819E-01
-5.716420E-08,-1.4958819E-01
-5.711420E-08,-1.4958819E-01
-5.706420E-08,-1.4958819E-01
-5.701420E-08,-1.4958819E-01
-5.696420E-08,-1.4964090E-01
-5.691420E-08,-1.4964090E-01
-5.686420E-08,-1.4964090E-01
-5.681420E-08,-1.4969361E-01
-5.676420E-08,-1.4969361E-01
-5.671420E-08,-1.4974632E-01
-5.666420E-08,-1.4974632E-01
-5.661420E-08,-1.4979903E-01
-5.656420E-08,-1.4985173E-01
-5.651420E-08,-1.4990444E-01
-5.646420E-08,-1.4995715E-01
-5.641420E-08,-1.5000986E-01
-5.636420E-08,-1.5006257E-01
-5.631420E-08,-1.5011528E-01
-5.626420E-08,-1.5016799E-01
-5.621420E-08,-1.5022070E-01
-5.616420E-08,-1.5027341E-01
-5.611420E-08,-1.5032612E-01
-5.606420E-08,-1.5032612E-01
-5.601420E-08,-1.5037883E-01
-5.596420E-08,-1.5043153E-01
-5.591420E-08,-1.5043153E-01
-5.586420E-08,-1.5048424E-01
-5.581420E-08,-1.5048424E-01
-5.576420E-08,-1.5048424E-01
-5.571420E-08,-1.5048424E-01
-5.566420E-08,-1.5048424E-01
-5.561420E-08,-1.5043153E-01
-5.556420E-08,-1.5043153E-01
-5.551420E-08,-1.5037883E-01
-5.546420E-08,-1.5037883E-01
-5.541420E-08,-1.5032612E-01
-5.536420E-08,-1.5027341E-01
-5.531420E-08,-1.5022070E-01
-5.526420E-08,-1.5016799E-01
-5.521420E-08,-1.5011528E-01
-5.516420E-08,-1.5006257E-01
-5.511420E-08,-1.4995715E-01
-5.506420E-08,-1.4990444E-01
-5.501420E-08,-1.4985173E-01
-5.496420E-08,-1.4979903E-01
-5.491420E-08,-1.4974632E-01
-5.486420E-08,-1.4969361E-01
-5.481420E-08,-1.4964090E-01
-5.476420E-08,-1.4958819E-01
-5.471420E-08,-1.4953548E-01
-5.466420E-08,-1.4953548E-01
-5.461420E-08,-1.4948277E-01
-5.456420E-08,-1.4948277E-01
-5.451420E-08,-1.4943006E-01
-5.446420E-08,-1.4943006E-01
-5.441420E-08,-1.4943006E-01
-5.436420E-08,-1.4943006E-01
-5.431420E-08,-1.4943006E-01
-5.426420E-08,-1.4943006E-01
-5.421420E-08,-1.4948277E-01
-5.416420E-08,-1.4948277E-01
-5.411420E-08,-1.4948277E-01
-5.406420E-08,-1.4953548E-01
-5.401420E-08,-1.4953548E-01
-5.396420E-08,-1.4958819E-01
-5.391420E-08,-1.4958819E-01
-5.386420E-08,-1.4964090E-01
-5.381420E-08,-1.4964090E-01
-5.376420E-08,-1.4964090E-01
-5.371420E-08,-1.4969361E-01
-5.366420E-08,-1.4969361E-01
-5.361420E-08,-1.4969361E-01
-5.356420E-08,-1.4969361E-01
-5.351420E-08,-1.4969361E-01
-5.346420E-08,-1.4969361E-01
-5.341420E-08,-1.4969361E-01
-5.336420E-08,-1.4964090E-01
-5.331420E-08,-1.4964090E-01
-5.326420E-08,-1.4964090E-01
-5.321420E-08,-1.4958819E-01
-5.316420E-08,-1.4953548E-01
-5.311420E-08,-1.4953548E-01
-5.306420E-08,-1.4948277E-01
-5.301420E-08,-1.4943006E-01
-5.296420E-08,-1.4943006E-01
-5.291420E-08,-1.4937735E-01
-5.286420E-08,-1.4932464E-01
-5.281420E-08,-1.4927194E-01
-5.276420E-08,-1.4921923E-01
-5.271420E-08,-1.4921923E-01
-5.266420E-08,-1.4916652E-01
-5.261420E-08,-1.4911381E-01
-5.256420E-08,-1.4911381E-01
-5.251420E-08,-1.4906110E-01
-5.246420E-08,-1.4906110E-01
-5.241420E-08,-1.4906110E-01
-5.236420E-08,-1.4900839E-01
-5.231420E-08,-1.4900839E-01
-5.226420E-08,-1.4900839E-01
-5.221420E-08,-1.4900839E-01
-5.216420E-08,-1.4900839E-01
-5.211420E-08,-1.4900839E-01
-5.206420E-08,-1.4906110E-01
-5.201420E-08,-1.4906110E-01
-5.196420E-08,-1.4906110E-01
-5.191420E-08,-1.4911381E-01
-5.186420E-08,-1.4911381E-01
-5.181420E-08,-1.4916652E-01
-5.176420E-08,-1.4921923E-01
-5.171420E-08,-1.4921923E-01
-5.166420E-08,-1.4927194E-01
-5.161420E-08,-1.4932464E-01
-5.156420E-08,-1.4937735E-01
-5.151420E-08,-1.4937735E-01
-5.146420E-08,-1.4943006E-01
-5.141420E-08,-1.4948277E-01
-5.136420E-08,-1.4953548E-01
-5.131420E-08,-1.4953548E-01
-5.126420E-08,-1.4958819E-01
-5.121420E-08,-1.4964090E-01
-5.116420E-08,-1.4964090E-01
-5.111420E-08,-1.4969361E-01
-5.106420E-08,-1.4974632E-01
-5.101420E-08,-1.4974632E-01
-5.096420E-08,-1.4979903E-01
-5.091420E-08,-1.4979903E-01
-5.086420E-08,-1.4985173E-01
-5.081420E-08,-1.4985173E-01
-5.076420E-08,-1.4990444E-01
-5.071420E-08,-1.4990444E-01
-5.066420E-08,-1.4990444E-01
-5.061420E-08,-1.4995715E-01
-5.056420E-08,-1.4995715E-01
-5.051420E-08,-1.4995715E-01
-5.046420E-08,-1.4995715E-01
-5.041420E-08,-1.5000986E-01
-5.036420E-08,-1.5000986E-01
-5.031420E-08,-1.5000986E-01
-5.026420E-08,-1.5000986E-01
-5.021420E-08,-1.5000986E-01
-5.016420E-08,-1.5006257E-01
-5.011420E-08,-1.5006257E-01
-5.006420E-08,-1.5006257E-01
-5.001420E-08,-1.5006257E-01
-4.996420E-08,-1.5011528E-01
-4.991420E-08,-1.5011528E-01
-4.986420E-08,-1.5011528E-01
-4.981420E-08,-1.5016799E-01
-4.976420E-08,-1.5016799E-01
-4.971420E-08,-1.5016799E-01
-4.966420E-08,-1.5022070E-01
-4.961420E-08,-1.5022070E-01
-4.956420E-08,-1.5022070E-01
-4.951420E-08,-1.5027341E-01
-4.946420E-08,-1.5027341E-01
-4.941420E-08,-1.5027341E-01
-4.936420E-08,-1.5032612E-01
-4.931420E-08,-1.5032612E-01
-4.926420E-08,-1.5032612E-01
-4.921420E-08,-1.5037883E-01
-4.916420E-08,-1.5037883E-01
-4.911420E-08,-1.5037883E-01
-4.906420E-08,-1.5037883E-01
-4.901420E-08,-1.5043153E-01
-4.896420E-08,-1.5043153E-01
-4.891420E-08,-1.5043153E-01
-4.886420E-08,-1.5043153E-01
-4.881420E-08,-1.5043153E-01
-4.876420E-08,-1.5043153E-01
-4.871420E-08,-1.5043153E-01
-4.866420E-08,-1.5037883E-01
-4.861420E-08,-1.5037883E-01
-4.856420E-08,-1.5037883E-01
-4.851420E-08,-1.5037883E-01
-4.846420E-08,-1.5032612E-01
-4.841420E-08,-1.5032612E-01
-4.836420E-08,-1.5027341E-01
-4.831420E-08,-1.5027341E-01
-4.826420E-08,-1.5027341E-01
-4.821420E-08,-1.5022070E-01
-4.816420E-08,-1.5022070E-01
-4.811420E-08,-1.5016799E-01
-4.806420E-08,-1.5016799E-01
-4.801420E-08,-1.5011528E-01
-4.796420E-08,-1.5011528E-01
-4.791420E-08,-1.5006257E-01
-4.786420E-08,-1.5006257E-01
-4.781420E-08,-1.5000986E-01
-4.776420E-08,-1.5000986E-01
-4.771420E-08,-1.5000986E-01
-4.766420E-08,-1.5000986E-01
-4.761420E-08,-1.4995715E-01
-4.756420E-08,-1.4995715E-01
-4.751420E-08,-1.4995715E-01
-4.746420E-08,-1.4995715E-01
-4.741420E-08,-1.5000986E-01
-4.736420E-08,-1.5000986E-01
-4.731420E-08,-1.5000986E-01
-4.726420E-08,-1.5000986E-01
-4.721420E-08,-1.5006257E-01
-4.716420E-08,-1.5006257E-01
-4.711420E-08,-1.5011528E-01
-4.706420E-08,-1.5011528E-01
-4.701420E-08,-1.5016799E-01
-4.696420E-08,-1.5016799E-01
-4.691420E-08,-1.5022070E-01
-4.686420E-08,-1.5022070E-01
-4.681420E-08,-1.5027341E-01
-4.676420E-08,-1.5027341E-01
-4.671420E-08,-1.5032612E-01
-4.666420E-08,-1.5032612E-01
-4.661420E-08,-1.5037883E-01
-4.656420E-08,-1.5037883E-01
-4.651420E-08,-1.5043153E-01
-4.646420E-08,-1.5043153E-01
-4.641420E-08,-1.5043153E-01
-4.636420E-08,-1.5043153E-01
-4.631420E-08,-1.5043153E-01
-4.626420E-08,-1.5043153E-01
-4.621420E-08,-1.5043153E-01
-4.616420E-08,-1.5043153E-01
-4.611420E-08,-1.5043153E-01
-4.606420E-08,-1.5043153E-01
-4.601420E-08,-1.5043153E-01
-4.596420E-08,-1.5037883E-01
-4.591420E-08,-1.5037883E-01
-4.586420E-08,-1.5037883E-01
-4.581420E-08,-1.5037883E-01
-4.576420E-08,-1.5032612E-01
-4.571420E-08,-1.5032612E-01
-4.566420E-08,-1.5032612E-01
-4.561420E-08,-1.5032612E-01
-4.556420E-08,-1.5032612E-01
-4.551420E-08,-1.5032612E-01
-4.546420E-08,-1.5032612E-01
-4.541420E-08,-1.5032612E-01
-4.536420E-08,-1.5032612E-01
-4.531420E-08,-1.5032612E-01
-4.526420E-08,-1.5032612E-01
-4.521420E-08,-1.5032612E-01
-4.516420E-08,-1.5032612E-01
-4.511420E-08,-1.5037883E-01
-4.506420E-08,-1.5037883E-01
-4.501420E-08,-1.5037883E-01
-4.496420E-08,-1.5043153E-01
-4.491420E-08,-1.5043153E-01
-4.486420E-08,-1.5048424E-01
-4.481420E-08,-1.5048424E-01
-4.476420E-08,-1.5048424E-01
-4.471420E-08,-1.5053695E-01
-4.466420E-08,-1.5053695E-01
-4.461420E-08,-1.5053695E-01
-4.456420E-08,-1.5053695E-01
-4.451420E-08,-1.5053695E-01
-4.446420E-08,-1.5053695E-01
-4.441420E-08,-1.5053695E-01
-4.436420E-08,-1.5053695E-01
-4.431420E-08,-1.5053695E-01
-4.426420E-08,-1.5053695E-01
-4.421420E-08,-1.5048424E-01
-4.416420E-08,-1.5048424E-01
-4.411420E-08,-1.5043153E-01
-4.406420E-08,-1.5043153E-01
-4.401420E-08,-1.5037883E-01
-4.396420E-08,-1.5032612E-01
-4.391420E-08,-1.5032612E-01
-4.386420E-08,-1.5027341E-01
-4.381420E-08,-1.5022070E-01
-4.376420E-08,-1.5022070E-01
-4.371420E-08,-1.5016799E-01
-4.366420E-08,-1.5011528E-01
-4.361420E-08,-1.5011528E-01
-4.356420E-08,-1.5006257E-01
-4.351420E-08,-1.5000986E-01
-4.346420E-08,-1.5000986E-01
-4.341420E-08,-1.5000986E-01
-4.336420E-08,-1.4995715E-01
-4.331420E-08,-1.4995715E-01
-4.326420E-08,-1.4995715E-01
-4.321420E-08,-1.4995715E-01
-4.316420E-08,-1.4995715E-01
-4.311420E-08,-1.4995715E-01
-4.306420E-08,-1.4995715E-01
-4.301420E-08,-1.5000986E-01
-4.296420E-08,-1.5000986E-01
-4.291420E-08,-1.5006257E-01
-4.286420E-08,-1.5006257E-01
-4.281420E-08,-1.5006257E-01
-4.276420E-08,-1.5011528E-01
-4.271420E-08,-1.5016799E-01
-4.266420E-08,-1.5016799E-01
-4.261420E-08,-1.5022070E-01
-4.256420E-08,-1.5022070E-01
-4.251420E-08,-1.5022070E-01
-4.246420E-08,-1.5027341E-01
-4.241420E-08,-1.5027341E-01
-4.236420E-08,-1.5027341E-01
-4.231420E-08,-1.5027341E-01
-4.226420E-08,-1.5027341E-01
-4.221420E-08,-1.5027341E-01
-4.216420E-08,-1.5027341E-01
-4.211420E-08,-1.5027341E-01
-4.206420E-08,-1.5027341E-01
-4.201420E-08,-1.5022070E-01
-4.196420E-08,-1.5022070E-01
-4.191420E-08,-1.5016799E-01
-4.186420E-08,-1.5011528E-01
-4.181420E-08,-1.5006257E-01
-4.176420E-08,-1.5006257E-01
-4.171420E-08,-1.5000986E-01
-4.166420E-08,-1.4995715E-01
-4.161420E-08,-1.4990444E-01
-4.156420E-08,-1.4985173E-01
-4.151420E-08,-1.4985173E-01
-4.146420E-08,-1.4979903E-01
-4.141420E-08,-1.4974632E-01
-4.136420E-08,-1.4969361E-01
-4.131420E-08,-1.4969361E-01
-4.126420E-08,-1.4964090E-01
-4.121420E-08,-1.4964090E-01
-4.116420E-08,-1.4964090E-01
-4.111420E-08,-1.4964090E-01
-4.106420E-08,-1.4958819E-01
-4.101420E-08,-1.4964090E-01
-4.096420E-08,-1.4964090E-01
-4.091420E-08,-1.4964090E-01
-4.086420E-08,-1.4964090E-01
-4.081420E-08,-1.4969361E-01
-4.076420E-08,-1.4969361E-01
-4.071420E-08,-1.4974632E-01
-4.066420E-08,-1.4979903E-01
-4.061420E-08,-1.4979903E-01
-4.056420E-08,-1.4985173E-01
-4.051420E-08,-1.4990444E-01
-4.046420E-08,-1.4995715E-01
-4.041420E-08,-1.5000986E-01
-4.036420E-08,-1.5006257E-01
-4.031420E-08,-1.5006257E-01
-4.026420E-08,-1.5011528E-01
-4.021420E-08,-1.5016799E-01
-4.016420E-08,-1.5022070E-01
-4.011420E-08,-1.5022070E-01
-4.006420E-08,-1.5027341E-01
-4.001420E-08,-1.5027341E-01
-3.996420E-08,-1.5032612E-01
-3.991420E-08,-1.5032612E-01
-3.986420E-08,-1.5037883E-01
-3.981420E-08,-1.5037883E-01
-3.976420E-08,-1.5037883E-01
-3.971420E-08,-1.5037883E-01
-3.966420E-08,-1.5037883E-01
-3.961420E-08,-1.5037883E-01
-3.956420E-08,-1.5037883E-01
-3.951420E-08,-1.5032612E-01
-3.946420E-08,-1.5032612E-01
-3.941420E-08,-1.5032612E-01
-3.936420E-08,-1.5032612E-01
-3.931420E-08,-1.5027341E-01
-3.926420E-08,-1.5027341E-01
-3.921420E-08,-1.5027341E-01
-3.916420E-08,-1.5022070E-01
-3.911420E-08,-1.5022070E-01
-3.906420E-08,-1.5022070E-01
-3.901420E-08,-1.5016799E-01
-3.896420E-08,-1.5016799E-01
-3.891420E-08,-1.5016799E-01
-3.886420E-08,-1.5011528E-01
-3.881420E-08,-1.5011528E-01
-3.876420E-08,-1.5011528E-01
-3.871420E-08,-1.5011528E-01
-3.866420E-08,-1.5011528E-01
-3.861420E-08,-1.5011528E-01
-3.856420E-08,-1.5011528E-01
-3.851420E-08,-1.5011528E-01
-3.846420E-08,-1.5011528E-01
-3.841420E-08,-1.5011528E-01
-3.836420E-08,-1.5011528E-01
-3.831420E-08,-1.5016799E-01
-3.826420E-08,-1.5016799E-01
-3.821420E-08,-1.5016799E-01
-3.816420E-08,-1.5016799E-01
-3.811420E-08,-1.5022070E-01
-3.806420E-08,-1.5022070E-01
-3.801420E-08,-1.5022070E-01
-3.796420E-08,-1.5027341E-01
-3.791420E-08,-1.5027341E-01
-3.786420E-08,-1.5027341E-01
-3.781420E-08,-1.5032612E-01
-3.776420E-08,-1.5032612E-01
-3.771420E-08,-1.5037883E-01
-3.766420E-08,-1.5037883E-01
-3.761420E-08,-1.5037883E-01
-3.756420E-08,-1.5043153E-01
-3.751420E-08,-1.5043153E-01
-3.746420E-08,-1.5043153E-01
-3.741420E-08,-1.5048424E-01
-3.736420E-08,-1.5048424E-01
-3.731420E-08,-1.5048424E-01
-3.726420E-08,-1.5048424E-01
-3.721420E-08,-1.5053695E-01
-3.716420E-08,-1.5053695E-01
-3.711420E-08,-1.5053695E-01
-3.706420E-08,-1.5053695E-01
-3.701420E-08,-1.5053695E-01
-3.696420E-08,-1.5053695E-01
-3.691420E-08,-1.5053695E-01
-3.686420E-08,-1.5053695E-01
-3.681420E-08,-1.5053695E-01
-3.676420E-08,-1.5053695E-01
-3.671420E-08,-1.5053695E-01
-3.666420E-08,-1.5048424E-01
-3.661420E-08,-1.5048424E-01
-3.656420E-08,-1.5048424E-01
-3.651420E-08,-1.5043153E-01
-3.646420E-08,-1.5043153E-01
-3.641420E-08,-1.5037883E-01
-3.636420E-08,-1.5032612E-01
-3.631420E-08,-1.5032612E-01
-3.626420E-08,-1.5027341E-01
-3.621420E-08,-1.5022070E-01
-3.616420E-08,-1.5016799E-01
-3.611420E-08,-1.5016799E-01
-3.606420E-08,-1.5011528E-01
-3.601420E-08,-1.5006257E-01
-3.596420E-08,-1.5000986E-01
-3.591420E-08,-1.4995715E-01
-3.586420E-08,-1.4990444E-01
-3.581420E-08,-1.4985173E-01
-3.576420E-08,-1.4985173E-01
-3.571420E-08,-1.4979903E-01
-3.566420E-08,-1.4974632E-01
-3.561420E-08,-1.4969361E-01
-3.556420E-08,-1.4969361E-01
-3.551420E-08,-1.4964090E-01
-3.546420E-08,-1.4964090E-01
-3.541420E-08,-1.4958819E-01
-3.536420E-08,-1.4958819E-01
-3.531420E-08,-1.4953548E-01
-3.526420E-08,-1.4953548E-01
-3.521420E-08,-1.4953548E-01
-3.516420E-08,-1.4953548E-01
-3.511420E-08,-1.4948277E-01
-3.506420E-08,-1.4948277E-01
-3.501420E-08,-1.4948277E-01
-3.496420E-08,-1.4948277E-01
-3.491420E-08,-1.4953548E-01
-3.486420E-08,-1.4953548E-01
-3.481420E-08,-1.4953548E-01
-3.476420E-08,-1.4953548E-01
-3.471420E-08,-1.4953548E-01
-3.466420E-08,-1.4958819E-01
-3.461420E-08,-1.4958819E-01
-3.456420E-08,-1.4958819E-01
-3.451420E-08,-1.4964090E-01
-3.446420E-08,-1.4964090E-01
-3.441420E-08,-1.4969361E-01
-3.436420E-08,-1.4969361E-01
-3.431420E-08,-1.4974632E-01
-3.426420E-08,-1.4974632E-01
-3.421420E-08,-1.4974632E-01
-3.416420E-08,-1.4979903E-01
-3.411420E-08,-1.4979903E-01
-3.406420E-08,-1.4985173E-01
-3.401420E-08,-1.4985173E-01
-3.396420E-08,-1.4990444E-01
-3.391420E-08,-1.4990444E-01
-3.386420E-08,-1.4995715E-01
-3.381420E-08,-1.4995715E-01
-3.376420E-08,-1.5000986E-01
-3.371420E-08,-1.5000986E-01
-3.366420E-08,-1.5006257E-01
-3.361420E-08,-1.5006257E-01
-3.356420E-08,-1.5011528E-01
-3.351420E-08,-1.5011528E-01
-3.346420E-08,-1.5016799E-01
-3.341420E-08,-1.5016799E-01
-3.336420E-08,-1.5022070E-01
-3.331420E-08,-1.5022070E-01
-3.326420E-08,-1.5022070E-01
-3.321420E-08,-1.5027341E-01
-3.316420E-08,-1.5027341E-01
-3.311420E-08,-1.5027341E-01
-3.306420E-08,-1.5027341E-01
-3.301420E-08,-1.5032612E-01
-3.296420E-08,-1.5032612E-01
-3.291420E-08,-1.5032612E-01
-3.286420E-08,-1.5032612E-01
-3.281420E-08,-1.5032612E-01
-3.276420E-08,-1.5027341E-01
-3.271420E-08,-1.5027341E-01
-3.266420E-08,-1.5027341E-01
-3.261420E-08,-1.5027341E-01
-3.256420E-08,-1.5022070E-01
-3.251420E-08,-1.5022070E-01
-3.246420E-08,-1.5016799E-01
-3.241420E-08,-1.5016799E-01
-3.236420E-08,-1.5011528E-01
-3.231420E-08,-1.5011528E-01
-3.226420E-08,-1.5006257E-01
-3.221420E-08,-1.5000986E-01
-3.216420E-08,-1.5000986E-01
-3.211420E-08,-1.4995715E-01
-3.206420E-08,-1.4995715E-01
-3.201420E-08,-1.4990444E-01
-3.196420E-08,-1.4990444E-01
-3.191420E-08,-1.4985173E-01
-3.186420E-08,-1.4985173E-01
-3.181420E-08,-1.4979903E-01
-3.176420E-08,-1.4979903E-01
-3.171420E-08,-1.4979903E-01
-3.166420E-08,-1.4979903E-01
-3.161420E-08,-1.4979903E-01
-3.156420E-08,-1.4979903E-01
-3.151420E-08,-1.4979903E-01
-3.146420E-08,-1.4979903E-01
-3.141420E-08,-1.4979903E-01
-3.136420E-08,-1.4979903E-01
-3.131420E-08,-1.4985173E-01
-3.126420E-08,-1.4985173E-01
-3.121420E-08,-1.4985173E-01
-3.116420E-08,-1.4990444E-01
-3.111420E-08,-1.4990444E-01
-3.106420E-08,-1.4990444E-01
-3.101420E-08,-1.4995715E-01
-3.096420E-08,-1.4995715E-01
-3.091420E-08,-1.4995715E-01
-3.086420E-08,-1.4995715E-01
-3.081420E-08,-1.4995715E-01
-3.076420E-08,-1.4995715E-01
-3.071420E-08,-1.4995715E-01
-3.066420E-08,-1.4995715E-01
-3.061420E-08,-1.4995715E-01
-3.056420E-08,-1.4995715E-01
-3.051420E-08,-1.4995715E-01
-3.046420E-08,-1.4995715E-01
-3.041420E-08,-1.4990444E-01
-3.036420E-08,-1.4990444E-01
-3.031420E-08,-1.4985173E-01
-3.026420E-08,-1.4985173E-01
-3.021420E-08,-1.4985173E-01
-3.016420E-08,-1.4979903E-01
-3.011420E-08,-1.4979903E-01
-3.006420E-08,-1.4974632E-01
-3.001420E-08,-1.4974632E-01
-2.996420E-08,-1.4974632E-01
-2.991420E-08,-1.4969361E-01
-2.986420E-08,-1.4969361E-01
-2.981420E-08,-1.4969361E-01
-2.976420E-08,-1.4969361E-01
-2.971420E-08,-1.4969361E-01
-2.966420E-08,-1.4974632E-01
-2.961420E-08,-1.4974632E-01
-2.956420E-08,-1.4979903E-01
-2.951420E-08,-1.4979903E-01
-2.946420E-08,-1.4985173E-01
-2.941420E-08,-1.4990444E-01
-2.936420E-08,-1.4995715E-01
-2.931420E-08,-1.5000986E-01
-2.926420E-08,-1.5006257E-01
-2.921420E-08,-1.5011528E-01
-2.916420E-08,-1.5016799E-01
-2.911420E-08,-1.5027341E-01
-2.906420E-08,-1.5032612E-01
-2.901420E-08,-1.5037883E-01
-2.896420E-08,-1.5043153E-01
-2.891420E-08,-1.5048424E-01
-2.886420E-08,-1.5058966E-01
-2.881420E-08,-1.5064237E-01
-2.876420E-08,-1.5064237E-01
-2.871420E-08,-1.5069508E-01
-2.866420E-08,-1.5074779E-01
-2.861420E-08,-1.5074779E-01
-2.856420E-08,-1.5080050E-01
-2.851420E-08,-1.5080050E-01
-2.846420E-08,-1.5080050E-01
-2.841420E-08,-1.5080050E-01
-2.836420E-08,-1.5074779E-01
-2.831420E-08,-1.5074779E-01
-2.826420E-08,-1.5069508E-01
-2.821420E-08,-1.5069508E-01
-2.816420E-08,-1.5064237E-01
-2.811420E-08,-1.5058966E-01
-2.806420E-08,-1.5053695E-01
-2.801420E-08,-1.5043153E-01
-2.796420E-08,-1.5037883E-01
-2.791420E-08,-1.5032612E-01
-2.786420E-08,-1.5027341E-01
-2.781420E-08,-1.5022070E-01
-2.776420E-08,-1.5011528E-01
-2.771420E-08,-1.5006257E-01
-2.766420E-08,-1.5000986E-01
-2.761420E-08,-1.4995715E-01
-2.756420E-08,-1.4990444E-01
-2.751420E-08,-1.4990444E-01
-2.746420E-08,-1.4985173E-01
-2.741420E-08,-1.4985173E-01
-2.736420E-08,-1.4979903E-01
-2.731420E-08,-1.4979903E-01
-2.726420E-08,-1.4979903E-01
-2.721420E-08,-1.4979903E-01
-2.716420E-08,-1.4979903E-01
-2.711420E-08,-1.4979903E-01
-2.706420E-08,-1.4979903E-01
-2.701420E-08,-1.4985173E-01
-2.696420E-08,-1.4985173E-01
-2.691420E-08,-1.4990444E-01
-2.686420E-08,-1.4990444E-01
-2.681420E-08,-1.4995715E-01
-2.676420E-08,-1.5000986E-01
-2.671420E-08,-1.5000986E-01
-2.666420E-08,-1.5006257E-01
-2.661420E-08,-1.5006257E-01
-2.656420E-08,-1.5011528E-01
-2.651420E-08,-1.5011528E-01
-2.646420E-08,-1.5011528E-01
-2.641420E-08,-1.5011528E-01
-2.636420E-08,-1.5016799E-01
-2.631420E-08,-1.5011528E-01
-2.626420E-08,-1.5011528E-01
-2.621420E-08,-1.5011528E-01
-2.616420E-08,-1.5011528E-01
-2.611420E-08,-1.5006257E-01
-2.606420E-08,-1.5006257E-01
-2.601420E-08,-1.5000986E-01
-2.596420E-08,-1.4995715E-01
-2.591420E-08,-1.4995715E-01
-2.586420E-08,-1.4990444E-01
-2.581420E-08,-1.4985173E-01
-2.576420E-08,-1.4979903E-01
-2.571420E-08,-1.4974632E-01
-2.566420E-08,-1.4969361E-01
-2.561420E-08,-1.4969361E-01
-2.556420E-08,-1.4964090E-01
-2.551420E-08,-1.4958819E-01
-2.546420E-08,-1.4953548E-01
-2.541420E-08,-1.4953548E-01
-2.536420E-08,-1.4948277E-01
-2.531420E-08,-1.4948277E-01
-2.526420E-08,-1.4948277E-01
-2.521420E-08,-1.4948277E-01
-2.516420E-08,-1.4948277E-01
-2.511420E-08,-1.4948277E-01
-2.506420E-08,-1.4948277E-01
-2.501420E-08,-1.4948277E-01
-2.496420E-08,-1.4948277E-01
-2.491420E-08,-1.4953548E-01
-2.486420E-08,-1.4953548E-01
-2.481420E-08,-1.4953548E-01
-2.476420E-08,-1.4958819E-01
-2.471420E-08,-1.4958819E-01
-2.466420E-08,-1.4964090E-01
-2.461420E-08,-1.4964090E-01
-2.456420E-08,-1.4969361E-01
-2.451420E-08,-1.4974632E-01
-2.446420E-08,-1.4974632E-01
-2.441420E-08,-1.4974632E-01
-2.436420E-08,-1.4979903E-01
-2.431420E-08,-1.4979903E-01
-2.426420E-08,-1.4985173E-01
-2.421420E-08,-1.4985173E-01
-2.416420E-08,-1.4985173E-01
-2.411420E-08,-1.4985173E-01
-2.406420E-08,-1.4985173E-01
-2.401420E-08,-1.4990444E-01
-2.396420E-08,-1.4990444E-01
-2.391420E-08,-1.4990444E-01
-2.386420E-08,-1.4990444E-01
-2.381420E-08,-1.4990444E-01
-2.376420E-08,-1.4990444E-01
-2.371420E-08,-1.4990444E-01
-2.366420E-08,-1.4990444E-01
-2.361420E-08,-1.4990444E-01
-2.356420E-08,-1.4990444E-01
-2.351420E-08,-1.4990444E-01
-2.346420E-08,-1.4990444E-01
-2.341420E-08,-1.4990444E-01
-2.336420E-08,-1.4990444E-01
-2.331420E-08,-1.4995715E-01
-2.326420E-08,-1.4995715E-01
-2.321420E-08,-1.4995715E-01
-2.316420E-08,-1.4995715E-01
-2.311420E-08,-1.5000986E-01
-2.306420E-08,-1.5000986E-01
-2.301420E-08,-1.5000986E-01
-2.296420E-08,-1.5006257E-01
-2.291420E-08,-1.5006257E-01
-2.286420E-08,-1.5006257E-01
-2.281420E-08,-1.5011528E-01
-2.276420E-08,-1.5011528E-01
-2.271420E-08,-1.5011528E-01
-2.266420E-08,-1.5011528E-01
-2.261420E-08,-1.5011528E-01
-2.256420E-08,-1.5011528E-01
-2.251420E-08,-1.5011528E-01
-2.246420E-08,-1.5006257E-01
-2.241420E-08,-1.5006257E-01
-2.236420E-08,-1.5000986E-01
-2.231420E-08,-1.5000986E-01
-2.226420E-08,-1.4995715E-01
-2.221420E-08,-1.4995715E-01
-2.216420E-08,-1.4990444E-01
-2.211420E-08,-1.4985173E-01
-2.206420E-08,-1.4979903E-01
-2.201420E-08,-1.4974632E-01
-2.196420E-08,-1.4969361E-01
-2.191420E-08,-1.4964090E-01
-2.186420E-08,-1.4958819E-01
-2.181420E-08,-1.4953548E-01
-2.176420E-08,-1.4948277E-01
-2.171420E-08,-1.4943006E-01
-2.166420E-08,-1.4937735E-01
-2.161420E-08,-1.4937735E-01
-2.156420E-08,-1.4932464E-01
-2.151420E-08,-1.4927194E-01
-2.146420E-08,-1.4927194E-01
-2.141420E-08,-1.4927194E-01
-2.136420E-08,-1.4927194E-01
-2.131420E-08,-1.4927194E-01
-2.126420E-08,-1.4927194E-01
-2.121420E-08,-1.4927194E-01
-2.116420E-08,-1.4927194E-01
-2.111420E-08,-1.4932464E-01
-2.106420E-08,-1.4937735E-01
-2.101420E-08,-1.4937735E-01
-2.096420E-08,-1.4943006E-01
-2.091420E-08,-1.4948277E-01
-2.086420E-08,-1.4953548E-01
-2.081420E-08,-1.4958819E-01
-2.076420E-08,-1.4964090E-01
-2.071420E-08,-1.4969361E-01
-2.066420E-08,-1.4974632E-01
-2.061420E-08,-1.4979903E-01
-2.056420E-08,-1.4985173E-01
-2.051420E-08,-1.4990444E-01
-2.046420E-08,-1.4990444E-01
-2.041420E-08,-1.4995715E-01
-2.036420E-08,-1.5000986E-01
-2.031420E-08,-1.5000986E-01
-2.026420E-08,-1.5000986E-01
-2.021420E-08,-1.5006257E-01
-2.016420E-08,-1.5006257E-01
-2.011420E-08,-1.5006257E-01
-2.006420E-08,-1.5000986E-01
-2.001420E-08,-1.5000986E-01
-1.996420E-08,-1.5000986E-01
-1.991420E-08,-1.4995715E-01
-1.986420E-08,-1.4995715E-01
-1.981420E-08,-1.4990444E-01
-1.976420E-08,-1.4990444E-01
-1.971420E-08,-1.4985173E-01
-1.966420E-08,-1.4985173E-01
-1.961420E-08,-1.4979903E-01
-1.956420E-08,-1.4974632E-01
-1.951420E-08,-1.4974632E-01
-1.946420E-08,-1.4974632E-01
-1.941420E-08,-1.4969361E-01
-1.936420E-08,-1.4969361E-01
-1.931420E-08,-1.4969361E-01
-1.926420E-08,-1.4969361E-01
-1.921420E-08,-1.4969361E-01
-1.916420E-08,-1.4969361E-01
-1.911420E-08,-1.4969361E-01
-1.906420E-08,-1.4974632E-01
-1.901420E-08,-1.4974632E-01
-1.896420E-08,-1.4979903E-01
-1.891420E-08,-1.4985173E-01
-1.886420E-08,-1.4990444E-01
-1.881420E-08,-1.4995715E-01
-1.876420E-08,-1.5000986E-01
-1.871420E-08,-1.5006257E-01
-1.866420E-08,-1.5011528E-01
-1.861420E-08,-1.5022070E-01
-1.856420E-08,-1.5027341E-01
-1.851420E-08,-1.5032612E-01
-1.846420E-08,-1.5043153E-01
-1.841420E-08,-1.5048424E-01
-1.836420E-08,-1.5053695E-01
-1.831420E-08,-1.5058966E-01
-1.826420E-08,-1.5069508E-01
-1.821420E-08,-1.5074779E-01
-1.816420E-08,-1.5074779E-01
-1.811420E-08,-1.5080050E-01
-1.806420E-08,-1.5085321E-01
-1.801420E-08,-1.5090592E-01
-1.796420E-08,-1.5090592E-01
-1.791420E-08,-1.5095862E-01
-1.786420E-08,-1.5095862E-01
-1.781420E-08,-1.5095862E-01
-1.776420E-08,-1.5095862E-01
-1.771420E-08,-1.5095862E-01
-1.766420E-08,-1.5095862E-01
-1.761420E-08,-1.5095862E-01
-1.756420E-08,-1.5095862E-01
-1.751420E-08,-1.5090592E-01
-1.746420E-08,-1.5090592E-01
-1.741420E-08,-1.5090592E-01
-1.736420E-08,-1.5090592E-01
-1.731420E-08,-1.5090592E-01
-1.726420E-08,-1.5085321E-01
-1.721420E-08,-1.5085321E-01
-1.716420E-08,-1.5085321E-01
-1.711420E-08,-1.5085321E-01
-1.706420E-08,-1.5085321E-01
-1.701420E-08,-1.5090592E-01
-1.696420E-08,-1.5090592E-01
-1.691420E-08,-1.5090592E-01
-1.686420E-08,-1.5095862E-01
-1.681420E-08,-1.5095862E-01
-1.676420E-08,-1.5101133E-01
-1.671420E-08,-1.5106404E-01
-1.666420E-08,-1.5106404E-01
-1.661420E-08,-1.5111675E-01
-1.656420E-08,-1.5116946E-01
-1.651420E-08,-1.5122217E-01
-1.646420E-08,-1.5127488E-01
-1.641420E-08,-1.5132759E-01
-1.636420E-08,-1.5138030E-01
-1.631420E-08,-1.5138030E-01
-1.626420E-08,-1.5143301E-01
-1.621420E-08,-1.5148571E-01
-1.616420E-08,-1.5153842E-01
-1.611420E-08,-1.5153842E-01
-1.606420E-08,-1.5159113E-01
-1.601420E-08,-1.5159113E-01
-1.596420E-08,-1.5159113E-01
-1.591420E-08,-1.5159113E-01
-1.586420E-08,-1.5159113E-01
-1.581420E-08,-1.5159113E-01
-1.576420E-08,-1.5153842E-01
-1.571420E-08,-1.5153842E-01
-1.566420E-08,-1.5148571E-01
-1.561420E-08,-1.5143301E-01
-1.556420E-08,-1.5138030E-01
-1.551420E-08,-1.5132759E-01
-1.546420E-08,-1.5127488E-01
-1.541420E-08,-1.5122217E-01
-1.536420E-08,-1.5111675E-01
-1.531420E-08,-1.5106404E-01
-1.526420E-08,-1.5095862E-01
-1.521420E-08,-1.5085321E-01
-1.516420E-08,-1.5080050E-01
-1.511420E-08,-1.5069508E-01
-1.506420E-08,-1.5058966E-01
-1.501420E-08,-1.5053695E-01
-1.496420E-08,-1.5043153E-01
-1.491420E-08,-1.5037883E-01
-1.486420E-08,-1.5027341E-01
-1.481420E-08,-1.5022070E-01
-1.476420E-08,-1.5016799E-01
-1.471420E-08,-1.5006257E-01
-1.466420E-08,-1.5000986E-01
-1.461420E-08,-1.4995715E-01
-1.456420E-08,-1.4990444E-01
-1.451420E-08,-1.4990444E-01
-1.446420E-08,-1.4985173E-01
-1.441420E-08,-1.4985173E-01
-1.436420E-08,-1.4979903E-01
-1.431420E-08,-1.4979903E-01
-1.426420E-08,-1.4979903E-01
-1.421420E-08,-1.4979903E-01
-1.416420E-08,-1.4979903E-01
-1.411420E-08,-1.4979903E-01
-1.406420E-08,-1.4985173E-01
-1.401420E-08,-1.4985173E-01
-1.396420E-08,-1.4985173E-01
-1.391420E-08,-1.4990444E-01
-1.386420E-08,-1.4990444E-01
-1.381420E-08,-1.4995715E-01
-1.376420E-08,-1.4995715E-01
-1.371420E-08,-1.5000986E-01
-1.366420E-08,-1.5000986E-01
-1.361420E-08,-1.5000986E-01
-1.356420E-08,-1.5006257E-01
-1.351420E-08,-1.5006257E-01
-1.346420E-08,-1.5006257E-01
-1.341420E-08,-1.5006257E-01
-1.336420E-08,-1.5011528E-01
-1.331420E-08,-1.5011528E-01
-1.326420E-08,-1.5011528E-01
-1.321420E-08,-1.5006257E-01
-1.316420E-08,-1.5006257E-01
-1.311420E-08,-1.5006257E-01
-1.306420E-08,-1.5006257E-01
-1.301420E-08,-1.5000986E-01
-1.296420E-08,-1.5000986E-01
-1.291420E-08,-1.4995715E-01
-1.286420E-08,-1.4995715E-01
-1.281420E-08,-1.4990444E-01
-1.276420E-08,-1.4990444E-01
-1.271420E-08,-1.4985173E-01
-1.266420E-08,-1.4985173E-01
-1.261420E-08,-1.4979903E-01
-1.256420E-08,-1.4979903E-01
-1.251420E-08,-1.4974632E-01
-1.246420E-08,-1.4974632E-01
-1.241420E-08,-1.4969361E-01
-1.236420E-08,-1.4969361E-01
-1.231420E-08,-1.4964090E-01
-1.226420E-08,-1.4964090E-01
-1.221420E-08,-1.4964090E-01
-1.216420E-08,-1.4964090E-01
-1.211420E-08,-1.4964090E-01
-1.206420E-08,-1.4964090E-01
-1.201420E-08,-1.4964090E-01
-1.196420E-08,-1.4964090E-01
-1.191420E-08,-1.4964090E-01
-1.186420E-08,-1.4964090E-01
-1.181420E-08,-1.4969361E-01
-1.176420E-08,-1.4969361E-01
-1.171420E-08,-1.4969361E-01
-1.166420E-08,-1.4974632E-01
-1.161420E-08,-1.4974632E-01
-1.156420E-08,-1.4979903E-01
-1.151420E-08,-1.4979903E-01
-1.146420E-08,-1.4985173E-01
-1.141420E-08,-1.4985173E-01
-1.136420E-08,-1.4990444E-01
-1.131420E-08,-1.4990444E-01
-1.126420E-08,-1.4995715E-01
-1.121420E-08,-1.4995715E-01
-1.116420E-08,-1.4995715E-01
-1.111420E-08,-1.5000986E-01
-1.106420E-08,-1.5000986E-01
-1.101420E-08,-1.5000986E-01
-1.096420E-08,-1.5000986E-01
-1.091420E-08,-1.5006257E-01
-1.086420E-08,-1.5006257E-01
-1.081420E-08,-1.5006257E-01
-1.076420E-08,-1.5006257E-01
-1.071420E-08,-1.5006257E-01
-1.066420E-08,-1.5006257E-01
-1.061420E-08,-1.5000986E-01
-1.056420E-08,-1.5000986E-01
-1.051420E-08,-1.5000986E-01
-1.046420E-08,-1.5000986E-01
-1.041420E-08,-1.5000986E-01
-1.036420E-08,-1.5000986E-01
-1.031420E-08,-1.4995715E-01
-1.026420E-08,-1.4995715E-01
-1.021420E-08,-1.4995715E-01
-1.016420E-08,-1.4995715E-01
-1.011420E-08,-1.4995715E-01
-1.006420E-08,-1.4995715E-01
-1.001420E-08,-1.4995715E-01
-9.96420E-09,-1.4995715E-01
-9.91420E-09,-1.4995715E-01
-9.86420E-09,-1.4995715E-01
-9.81420E-09,-1.4995715E-01
-9.76420E-09,-1.4995715E-01
-9.71420E-09,-1.4995715E-01
-9.66420E-09,-1.4995715E-01
-9.61420E-09,-1.4995715E-01
-9.56420E-09,-1.5000986E-01
-9.51420E-09,-1.5000986E-01
-9.46420E-09,-1.5000986E-01
-9.41420E-09,-1.5006257E-01
-9.36420E-09,-1.5006257E-01
-9.31420E-09,-1.5006257E-01
-9.26420E-09,-1.5011528E-01
-9.21420E-09,-1.5011528E-01
-9.16420E-09,-1.5011528E-01
-9.11420E-09,-1.5016799E-01
-9.06420E-09,-1.5016799E-01
-9.01420E-09,-1.5016799E-01
-8.96420E-09,-1.5016799E-01
-8.91420E-09,-1.5022070E-01
-8.86420E-09,-1.5022070E-01
-8.81420E-09,-1.5022070E-01
-8.76420E-09,-1.5022070E-01
-8.71420E-09,-1.5022070E-01
-8.66420E-09,-1.5022070E-01
-8.61420E-09,-1.5022070E-01
-8.56420E-09,-1.5016799E-01
-8.51420E-09,-1.5016799E-01
-8.46420E-09,-1.5016799E-01
-8.41420E-09,-1.5011528E-01
-8.36420E-09,-1.5011528E-01
-8.31420E-09,-1.5011528E-01
-8.26420E-09,-1.5006257E-01
-8.21420E-09,-1.5006257E-01
-8.16420E-09,-1.5000986E-01
-8.11420E-09,-1.4995715E-01
-8.06420E-09,-1.4995715E-01
-8.01420E-09,-1.4990444E-01
-7.96420E-09,-1.4990444E-01
-7.91420E-09,-1.4985173E-01
-7.86420E-09,-1.4985173E-01
-7.81420E-09,-1.4979903E-01
-7.76420E-09,-1.4974632E-01
-7.71420E-09,-1.4974632E-01
-7.66420E-09,-1.4969361E-01
-7.61420E-09,-1.4969361E-01
-7.56420E-09,-1.4964090E-01
-7.51420E-09,-1.4964090E-01
-7.46420E-09,-1.4964090E-01
-7.41420E-09,-1.4958819E-01
-7.36420E-09,-1.4958819E-01
-7.31420E-09,-1.4958819E-01
-7.26420E-09,-1.4958819E-01
-7.21420E-09,-1.4958819E-01
-7.16420E-09,-1.4958819E-01
-7.11420E-09,-1.4958819E-01
-7.06420E-09,-1.4958819E-01
-7.01420E-09,-1.4958819E-01
-6.96420E-09,-1.4958819E-01
-6.91420E-09,-1.4964090E-01
-6.86420E-09,-1.4964090E-01
-6.81420E-09,-1.4964090E-01
-6.76420E-09,-1.4969361E-01
-6.71420E-09,-1.4969361E-01
-6.66420E-09,-1.4974632E-01
-6.61420E-09,-1.4979903E-01
-6.56420E-09,-1.4979903E-01
-6.51420E-09,-1.4985173E-01
-6.46420E-09,-1.4990444E-01
-6.41420E-09,-1.4990444E-01
-6.36420E-09,-1.4995715E-01
-6.31420E-09,-1.5000986E-01
-6.26420E-09,-1.5000986E-01
-6.21420E-09,-1.5006257E-01
-6.16420E-09,-1.5011528E-01
-6.11420E-09,-1.5011528E-01
-6.06420E-09,-1.5016799E-01
-6.01420E-09,-1.5022070E-01
-5.96420E-09,-1.5022070E-01
-5.91420E-09,-1.5027341E-01
-5.86420E-09,-1.5027341E-01
-5.81420E-09,-1.5032612E-01
-5.76420E-09,-1.5032612E-01
-5.71420E-09,-1.5032612E-01
-5.66420E-09,-1.5037883E-01
-5.61420E-09,-1.5037883E-01
-5.56420E-09,-1.5037883E-01
-5.51420E-09,-1.5037883E-01
-5.46420E-09,-1.5037883E-01
-5.41420E-09,-1.5037883E-01
-5.36420E-09,-1.5037883E-01
-5.31420E-09,-1.5032612E-01
-5.26420E-09,-1.5032612E-01
-5.21420E-09,-1.5032612E-01
-5.16420E-09,-1.5027341E-01
-5.11420E-09,-1.5027341E-01
-5.06420E-09,-1.5022070E-01
-5.01420E-09,-1.5016799E-01
-4.96420E-09,-1.5016799E-01
-4.91420E-09,-1.5011528E-01
-4.86420E-09,-1.5006257E-01
-4.81420E-09,-1.5006257E-01
-4.76420E-09,-1.5000986E-01
-4.71420E-09,-1.4995715E-01
-4.66420E-09,-1.4990444E-01
-4.61420E-09,-1.4990444E-01
-4.56420E-09,-1.4985173E-01
-4.51420E-09,-1.4985173E-01
-4.46420E-09,-1.4979903E-01
-4.41420E-09,-1.4974632E-01
-4.36420E-09,-1.4974632E-01
-4.31420E-09,-1.4974632E-01
-4.26420E-09,-1.4969361E-01
-4.21420E-09,-1.4969361E-01
-4.16420E-09,-1.4969361E-01
-4.11420E-09,-1.4964090E-01
-4.06420E-09,-1.4964090E-01
-4.01420E-09,-1.4964090E-01
-3.96420E-09,-1.4964090E-01
-3.91420E-09,-1.4964090E-01
-3.86420E-09,-1.4964090E-01
-3.81420E-09,-1.4964090E-01
-3.76420E-09,-1.4964090E-01
-3.71420E-09,-1.4964090E-01
-3.66420E-09,-1.4969361E-01
-3.61420E-09,-1.4969361E-01
-3.56420E-09,-1.4969361E-01
-3.51420E-09,-1.4969361E-01
-3.46420E-09,-1.4969361E-01
-3.41420E-09,-1.4969361E-01
-3.36420E-09,-1.4969361E-01
-3.31420E-09,-1.4969361E-01
-3.26420E-09,-1.4974632E-01
-3.21420E-09,-1.4974632E-01
-3.16420E-09,-1.4974632E-01
-3.11420E-09,-1.4974632E-01
-3.06420E-09,-1.4974632E-01
-3.01420E-09,-1.4974632E-01
-2.96420E-09,-1.4974632E-01
-2.91420E-09,-1.4974632E-01
-2.86420E-09,-1.4974632E-01
-2.81420E-09,-1.4974632E-01
-2.76420E-09,-1.4974632E-01
-2.71420E-09,-1.4974632E-01
-2.66420E-09,-1.4974632E-01
-2.61420E-09,-1.4969361E-01
-2.56420E-09,-1.4974632E-01
-2.51420E-09,-1.4974632E-01
-2.46420E-09,-1.4974632E-01
-2.41420E-09,-1.4974632E-01
-2.36420E-09,-1.4974632E-01
-2.31420E-09,-1.4974632E-01
-2.26420E-09,-1.4974632E-01
-2.21420E-09,-1.4974632E-01
-2.16420E-09,-1.4979903E-01
-2.11420E-09,-1.4979903E-01
-2.06420E-09,-1.4979903E-01
-2.01420E-09,-1.4985173E-01
-1.96420E-09,-1.4985173E-01
-1.91420E-09,-1.4985173E-01
-1.86420E-09,-1.4990444E-01
-1.81420E-09,-1.4990444E-01
-1.76420E-09,-1.4990444E-01
-1.71420E-09,-1.4995715E-01
-1.66420E-09,-1.4995715E-01
-1.61420E-09,-1.4995715E-01
-1.56420E-09,-1.5000986E-01
-1.51420E-09,-1.5000986E-01
-1.46420E-09,-1.5000986E-01
-1.41420E-09,-1.5000986E-01
-1.36420E-09,-1.5000986E-01
-1.31420E-09,-1.5000986E-01
-1.26420E-09,-1.5000986E-01
-1.21420E-09,-1.5000986E-01
-1.16420E-09,-1.5000986E-01
-1.11420E-09,-1.4995715E-01
-1.06420E-09,-1.4995715E-01
-1.01420E-09,-1.4995715E-01
-9.6420E-10,-1.4990444E-01
-9.1420E-10,-1.4990444E-01
-8.6420E-10,-1.4985173E-01
-8.1420E-10,-1.4985173E-01
-7.6420E-10,-1.4985173E-01
-7.1420E-10,-1.4979903E-01
-6.6420E-10,-1.4979903E-01
-6.1420E-10,-1.4974632E-01
-5.6420E-10,-1.4974632E-01
-5.1420E-10,-1.4974632E-01
-4.6420E-10,-1.4974632E-01
-4.1420E-10,-1.4974632E-01
-3.6420E-10,-1.4974632E-01
-3.1420E-10,-1.4974632E-01
-2.6420E-10,-1.4974632E-01
-2.1420E-10,-1.4974632E-01
-1.6420E-10,-1.4979903E-01
-1.1420E-10,-1.4979903E-01
-6.420E-11,-1.4985173E-01
-1.420E-11,-1.4990444E-01
3.580E-11,-1.4995715E-01
8.580E-11,-1.4995715E-01
1.3580E-10,-1.5000986E-01
1.8580E-10,-1.5006257E-01
2.3580E-10,-1.5011528E-01
2.8580E-10,-1.5016799E-01
3.3580E-10,-1.5022070E-01
3.8580E-10,-1.5032612E-01
4.3580E-10,-1.5037883E-01
4.8580E-10,-1.5043153E-01
5.3580E-10,-1.5043153E-01
5.8580E-10,-1.5048424E-01
6.3580E-10,-1.5053695E-01
6.8580E-10,-1.5058966E-01
7.3580E-10,-1.5058966E-01
7.8580E-10,-1.5064237E-01
8.3580E-10,-1.5064237E-01
8.8580E-10,-1.5064237E-01
9.3580E-10,-1.5069508E-01
9.8580E-10,-1.5069508E-01
1.03580E-09,-1.5069508E-01
1.08580E-09,-1.5064237E-01
1.13580E-09,-1.5064237E-01
1.18580E-09,-1.5064237E-01
1.23580E-09,-1.5058966E-01
1.28580E-09,-1.5053695E-01
1.33580E-09,-1.5053695E-01
1.38580E-09,-1.5048424E-01
1.43580E-09,-1.5048424E-01
1.48580E-09,-1.5043153E-01
1.53580E-09,-1.5037883E-01
1.58580E-09,-1.5032612E-01
1.63580E-09,-1.5032612E-01
1.68580E-09,-1.5027341E-01
1.73580E-09,-1.5022070E-01
1.78580E-09,-1.5022070E-01
1.83580E-09,-1.5016799E-01
1.88580E-09,-1.5016799E-01
1.93580E-09,-1.5016799E-01
1.98580E-09,-1.5011528E-01
2.03580E-09,-1.5011528E-01
2.08580E-09,-1.5011528E-01
2.13580E-09,-1.5011528E-01
2.18580E-09,-1.5011528E-01
2.23580E-09,-1.5011528E-01
2.28580E-09,-1.5011528E-01
2.33580E-09,-1.5016799E-01
2.38580E-09,-1.5016799E-01
2.43580E-09,-1.5016799E-01
2.48580E-09,-1.5022070E-01
2.53580E-09,-1.5022070E-01
2.58580E-09,-1.5022070E-01
2.63580E-09,-1.5027341E-01
2.68580E-09,-1.5027341E-01
2.73580E-09,-1.5027341E-01
2.78580E-09,-1.5027341E-01
2.83580E-09,-1.5027341E-01
2.88580E-09,-1.5027341E-01
2.93580E-09,-1.5022070E-01
2.98580E-09,-1.5022070E-01
3.03580E-09,-1.5022070E-01
3.08580E-09,-1.5016799E-01
3.13580E-09,-1.5011528E-01
3.18580E-09,-1.5011528E-01
3.23580E-09,-1.5006257E-01
3.28580E-09,-1.5000986E-01
3.33580E-09,-1.4990444E-01
3.38580E-09,-1.4985173E-01
3.43580E-09,-1.4979903E-01
3.48580E-09,-1.4974632E-01
3.53580E-09,-1.4964090E-01
3.58580E-09,-1.4958819E-01
3.63580E-09,-1.4953548E-01
3.68580E-09,-1.4943006E-01
3.73580E-09,-1.4937735E-01
3.78580E-09,-1.4932464E-01
3.83580E-09,-1.4927194E-01
3.88580E-09,-1.4916652E-01
3.93580E-09,-1.4911381E-01
3.98580E-09,-1.4911381E-01
4.03580E-09,-1.4906110E-01
4.08580E-09,-1.4900839E-01
4.13580E-09,-1.4900839E-01
4.18580E-09,-1.4895568E-01
4.23580E-09,-1.4895568E-01
4.28580E-09,-1.4895568E-01
4.33580E-09,-1.4895568E-01
4.38580E-09,-1.4900839E-01
4.43580E-09,-1.4900839E-01
4.48580E-09,-1.4906110E-01
4.53580E-09,-1.4906110E-01
4.58580E-09,-1.4911381E-01
4.63580E-09,-1.4916652E-01
4.68580E-09,-1.4921923E-01
4.73580E-09,-1.4927194E-01
4.78580E-09,-1.4932464E-01
4.83580E-09,-1.4943006E-01
4.88580E-09,-1.4948277E-01
4.93580E-09,-1.4953548E-01
4.98580E-09,-1.4958819E-01
5.03580E-09,-1.4964090E-01
5.08580E-09,-1.4969361E-01
5.13580E-09,-1.4974632E-01
5.18580E-09,-1.4979903E-01
5.23580E-09,-1.4985173E-01
5.28580E-09,-1.4985173E-01
5.33580E-09,-1.4990444E-01
5.38580E-09,-1.4990444E-01
5.43580E-09,-1.4995715E-01
5.48580E-09,-1.4995715E-01
5.53580E-09,-1.4995715E-01
5.58580E-09,-1.4995715E-01
5.63580E-09,-1.5000986E-01
5.68580E-09,-1.4995715E-01
5.73580E-09,-1.4995715E-01
5.78580E-09,-1.4995715E-01
5.83580E-09,-1.4995715E-01
5.88580E-09,-1.4995715E-01
5.93580E-09,-1.4990444E-01
5.98580E-09,-1.4990444E-01
6.03580E-09,-1.4990444E-01
6.08580E-09,-1.4985173E-01
6.13580E-09,-1.4985173E-01
6.18580E-09,-1.4979903E-01
6.23580E-09,-1.4979903E-01
6.28580E-09,-1.4979903E-01
6.33580E-09,-1.4974632E-01
6.38580E-09,-1.4974632E-01
6.43580E-09,-1.4974632E-01
6.48580E-09,-1.4969361E-01
6.53580E-09,-1.4969361E-01
6.58580E-09,-1.4969361E-01
6.63580E-09,-1.4969361E-01
6.68580E-09,-1.4969361E-01
6.73580E-09,-1.4969361E-01
6.78580E-09,-1.4969361E-01
6.83580E-09,-1.4964090E-01
6.88580E-09,-1.4964090E-01
6.93580E-09,-1.4964090E-01
6.98580E-09,-1.4964090E-01
7.03580E-09,-1.4964090E-01
7.08580E-09,-1.4964090E-01
7.13580E-09,-1.4958819E-01
7.18580E-09,-1.4958819E-01
7.23580E-09,-1.4958819E-01
7.28580E-09,-1.4953548E-01
7.33580E-09,-1.4953548E-01
7.38580E-09,-1.4948277E-01
7.43580E-09,-1.4948277E-01
7.48580E-09,-1.4943006E-01
7.53580E-09,-1.4943006E-01
7.58580E-09,-1.4937735E-01
7.63580E-09,-1.4932464E-01
7.68580E-09,-1.4927194E-01
7.73580E-09,-1.4921923E-01
7.78580E-09,-1.4921923E-01
7.83580E-09,-1.4916652E-01
7.88580E-09,-1.4911381E-01
7.93580E-09,-1.4906110E-01
7.98580E-09,-1.4900839E-01
8.03580E-09,-1.4895568E-01
8.08580E-09,-1.4890297E-01
8.13580E-09,-1.4890297E-01
8.18580E-09,-1.4885026E-01
8.23580E-09,-1.4879755E-01
8.28580E-09,-1.4879755E-01
8.33580E-09,-1.4874485E-01
8.38580E-09,-1.4874485E-01
8.43580E-09,-1.4879755E-01
8.48580E-09,-1.4879755E-01
8.53580E-09,-1.4879755E-01
8.58580E-09,-1.4885026E-01
8.63580E-09,-1.4890297E-01
8.68580E-09,-1.4895568E-01
8.73580E-09,-1.4900839E-01
8.78580E-09,-1.4906110E-01
8.83580E-09,-1.4916652E-01
8.88580E-09,-1.4921923E-01
8.93580E-09,-1.4927194E-01
8.98580E-09,-1.4937735E-01
9.03580E-09,-1.4943006E-01
9.08580E-09,-1.4953548E-01
9.13580E-09,-1.4958819E-01
9.18580E-09,-1.4969361E-01
9.23580E-09,-1.4974632E-01
9.28580E-09,-1.4979903E-01
9.33580E-09,-1.4985173E-01
9.38580E-09,-1.4990444E-01
9.43580E-09,-1.4995715E-01
9.48580E-09,-1.4995715E-01
9.53580E-09,-1.5000986E-01
9.58580E-09,-1.5000986E-01
9.63580E-09,-1.5000986E-01
9.68580E-09,-1.5000986E-01
9.73580E-09,-1.4995715E-01
9.78580E-09,-1.4995715E-01
9.83580E-09,-1.4990444E-01
9.88580E-09,-1.4990444E-01
9.93580E-09,-1.4985173E-01
9.98580E-09,-1.4979903E-01
1.003580E-08,-1.4979903E-01
1.008580E-08,-1.4974632E-01
1.013580E-08,-1.4969361E-01
1.018580E-08,-1.4969361E-01
1.023580E-08,-1.4964090E-01
1.028580E-08,-1.4964090E-01
1.033580E-08,-1.4958819E-01
1.038580E-08,-1.4958819E-01
1.043580E-08,-1.4958819E-01
1.048580E-08,-1.4958819E-01
1.053580E-08,-1.4958819E-01
1.058580E-08,-1.4964090E-01
1.063580E-08,-1.4964090E-01
1.068580E-08,-1.4969361E-01
1.073580E-08,-1.4969361E-01
1.078580E-08,-1.4974632E-01
1.083580E-08,-1.4979903E-01
1.088580E-08,-1.4985173E-01
1.093580E-08,-1.4990444E-01
1.098580E-08,-1.4990444E-01
1.103580E-08,-1.4995715E-01
1.108580E-08,-1.5000986E-01
1.113580E-08,-1.5000986E-01
1.118580E-08,-1.5006257E-01
1.123580E-08,-1.5006257E-01
1.128580E-08,-1.5006257E-01
1.133580E-08,-1.5006257E-01
1.138580E-08,-1.5006257E-01
1.143580E-08,-1.5000986E-01
1.148580E-08,-1.5000986E-01
1.153580E-08,-1.4995715E-01
1.158580E-08,-1.4990444E-01
1.163580E-08,-1.4985173E-01
1.168580E-08,-1.4974632E-01
1.173580E-08,-1.4969361E-01
1.178580E-08,-1.4958819E-01
1.183580E-08,-1.4953548E-01
1.188580E-08,-1.4943006E-01
1.193580E-08,-1.4937735E-01
1.198580E-08,-1.4927194E-01
1.203580E-08,-1.4921923E-01
1.208580E-08,-1.4911381E-01
1.213580E-08,-1.4906110E-01
1.218580E-08,-1.4900839E-01
1.223580E-08,-1.4895568E-01
1.228580E-08,-1.4895568E-01
1.233580E-08,-1.4890297E-01
1.238580E-08,-1.4890297E-01
1.243580E-08,-1.4890297E-01
1.248580E-08,-1.4895568E-01
1.253580E-08,-1.4900839E-01
1.258580E-08,-1.4906110E-01
1.263580E-08,-1.4911381E-01
1.268580E-08,-1.4916652E-01
1.273580E-08,-1.4927194E-01
1.278580E-08,-1.4937735E-01
1.283580E-08,-1.4948277E-01
1.288580E-08,-1.4958819E-01
1.293580E-08,-1.4969361E-01
1.298580E-08,-1.4979903E-01
1.303580E-08,-1.4990444E-01
1.308580E-08,-1.5000986E-01
1.313580E-08,-1.5006257E-01
1.318580E-08,-1.5016799E-01
1.323580E-08,-1.5022070E-01
1.328580E-08,-1.5027341E-01
1.333580E-08,-1.5032612E-01
1.338580E-08,-1.5032612E-01
1.343580E-08,-1.5032612E-01
1.348580E-08,-1.5032612E-01
1.353580E-08,-1.5032612E-01
1.358580E-08,-1.5027341E-01
1.363580E-08,-1.5022070E-01
1.368580E-08,-1.5011528E-01
1.373580E-08,-1.5000986E-01
1.378580E-08,-1.4995715E-01
1.383580E-08,-1.4985173E-01
1.388580E-08,-1.4969361E-01
1.393580E-08,-1.4958819E-01
1.398580E-08,-1.4948277E-01
1.403580E-08,-1.4937735E-01
1.408580E-08,-1.4927194E-01
1.413580E-08,-1.4916652E-01
1.418580E-08,-1.4906110E-01
1.423580E-08,-1.4895568E-01
1.428580E-08,-1.4890297E-01
1.433580E-08,-1.4885026E-01
1.438580E-08,-1.4879755E-01
1.443580E-08,-1.4879755E-01
1.448580E-08,-1.4879755E-01
1.453580E-08,-1.4879755E-01
1.458580E-08,-1.4885026E-01
1.463580E-08,-1.4885026E-01
1.468580E-08,-1.4895568E-01
1.473580E-08,-1.4900839E-01
1.478580E-08,-1.4911381E-01
1.483580E-08,-1.4921923E-01
1.488580E-08,-1.4932464E-01
1.493580E-08,-1.4943006E-01
1.498580E-08,-1.4958819E-01
1.503580E-08,-1.4969361E-01
1.508580E-08,-1.4979903E-01
1.513580E-08,-1.4990444E-01
1.518580E-08,-1.5000986E-01
1.523580E-08,-1.5011528E-01
1.528580E-08,-1.5022070E-01
1.533580E-08,-1.5027341E-01
1.538580E-08,-1.5032612E-01
1.543580E-08,-1.5032612E-01
1.548580E-08,-1.5037883E-01
1.553580E-08,-1.5032612E-01
1.558580E-08,-1.5032612E-01
1.563580E-08,-1.5027341E-01
1.568580E-08,-1.5022070E-01
1.573580E-08,-1.5016799E-01
1.578580E-08,-1.5006257E-01
1.583580E-08,-1.4995715E-01
1.588580E-08,-1.4985173E-01
1.593580E-08,-1.4974632E-01
1.598580E-08,-1.4964090E-01
1.603580E-08,-1.4953548E-01
1.608580E-08,-1.4943006E-01
1.613580E-08,-1.4932464E-01
1.618580E-08,-1.4921923E-01
1.623580E-08,-1.4916652E-01
1.628580E-08,-1.4911381E-01
1.633580E-08,-1.4906110E-01
1.638580E-08,-1.4900839E-01
1.643580E-08,-1.4900839E-01
1.648580E-08,-1.4900839E-01
1.653580E-08,-1.4900839E-01
1.658580E-08,-1.4906110E-01
1.663580E-08,-1.4911381E-01
1.668580E-08,-1.4916652E-01
1.673580E-08,-1.4921923E-01
1.678580E-08,-1.4932464E-01
1.683580E-08,-1.4943006E-01
1.688580E-08,-1.4953548E-01
1.693580E-08,-1.4964090E-01
1.698580E-08,-1.4974632E-01
1.703580E-08,-1.4985173E-01
1.708580E-08,-1.4995715E-01
1.713580E-08,-1.5006257E-01
1.718580E-08,-1.5016799E-01
1.723580E-08,-1.5022070E-01
1.728580E-08,-1.5027341E-01
1.733580E-08,-1.5032612E-01
1.738580E-08,-1.5032612E-01
1.743580E-08,-1.5032612E-01
1.748580E-08,-1.5027341E-01
1.753580E-08,-1.5027341E-01
1.758580E-08,-1.5022070E-01
1.763580E-08,-1.5011528E-01
1.768580E-08,-1.5006257E-01
1.773580E-08,-1.4995715E-01
1.778580E-08,-1.4985173E-01
1.783580E-08,-1.4969361E-01
1.788580E-08,-1.4958819E-01
1.793580E-08,-1.4948277E-01
1.798580E-08,-1.4932464E-01
1.803580E-08,-1.4921923E-01
1.808580E-08,-1.4906110E-01
1.813580E-08,-1.4895568E-01
1.818580E-08,-1.4885026E-01
1.823580E-08,-1.4874485E-01
1.828580E-08,-1.4869214E-01
1.833580E-08,-1.4863943E-01
1.838580E-08,-1.4858672E-01
1.843580E-08,-1.4858672E-01
1.848580E-08,-1.4858672E-01
1.853580E-08,-1.4863943E-01
1.858580E-08,-1.4869214E-01
1.863580E-08,-1.4874485E-01
1.868580E-08,-1.4879755E-01
1.873580E-08,-1.4890297E-01
1.878580E-08,-1.4906110E-01
1.883580E-08,-1.4916652E-01
1.888580E-08,-1.4927194E-01
1.893580E-08,-1.4943006E-01
1.898580E-08,-1.4958819E-01
1.903580E-08,-1.4969361E-01
1.908580E-08,-1.4979903E-01
1.913580E-08,-1.4990444E-01
1.918580E-08,-1.5000986E-01
1.923580E-08,-1.5006257E-01
1.928580E-08,-1.5011528E-01
1.933580E-08,-1.5016799E-01
1.938580E-08,-1.5016799E-01
1.943580E-08,-1.5016799E-01
1.948580E-08,-1.5011528E-01
1.953580E-08,-1.5006257E-01
1.958580E-08,-1.4995715E-01
1.963580E-08,-1.4985173E-01
1.968580E-08,-1.4969361E-01
1.973580E-08,-1.4953548E-01
1.978580E-08,-1.4937735E-01
1.983580E-08,-1.4916652E-01
1.988580E-08,-1.4900839E-01
1.993580E-08,-1.4879755E-01
1.998580E-08,-1.4863943E-01
2.003580E-08,-1.4848130E-01
2.008580E-08,-1.4832317E-01
2.013580E-08,-1.4816505E-01
2.018580E-08,-1.4805963E-01
2.023580E-08,-1.4795421E-01
2.028580E-08,-1.4790150E-01
2.033580E-08,-1.4784879E-01
2.038580E-08,-1.4784879E-01
2.043580E-08,-1.4784879E-01
2.048580E-08,-1.4790150E-01
2.053580E-08,-1.4800692E-01
2.058580E-08,-1.4811234E-01
2.063580E-08,-1.4827046E-01
2.068580E-08,-1.4842859E-01
2.073580E-08,-1.4863943E-01
2.078580E-08,-1.4879755E-01
2.083580E-08,-1.4900839E-01
2.088580E-08,-1.4927194E-01
2.093580E-08,-1.4948277E-01
2.098580E-08,-1.4969361E-01
2.103580E-08,-1.4990444E-01
2.108580E-08,-1.5006257E-01
2.113580E-08,-1.5022070E-01
2.118580E-08,-1.5037883E-01
2.123580E-08,-1.5043153E-01
2.128580E-08,-1.5053695E-01
2.133580E-08,-1.5053695E-01
2.138580E-08,-1.5053695E-01
2.143580E-08,-1.5048424E-01
2.148580E-08,-1.5037883E-01
2.153580E-08,-1.5027341E-01
2.158580E-08,-1.5011528E-01
2.163580E-08,-1.4990444E-01
2.168580E-08,-1.4969361E-01
2.173580E-08,-1.4948277E-01
2.178580E-08,-1.4921923E-01
2.183580E-08,-1.4895568E-01
2.188580E-08,-1.4869214E-01
2.193580E-08,-1.4842859E-01
2.198580E-08,-1.4816505E-01
2.203580E-08,-1.4795421E-01
2.208580E-08,-1.4774337E-01
2.213580E-08,-1.4753254E-01
2.218580E-08,-1.4742712E-01
2.223580E-08,-1.4732170E-01
2.228580E-08,-1.4726899E-01
2.233580E-08,-1.4726899E-01
2.238580E-08,-1.4732170E-01
2.243580E-08,-1.4742712E-01
2.248580E-08,-1.4753254E-01
2.253580E-08,-1.4774337E-01
2.258580E-08,-1.4800692E-01
2.263580E-08,-1.4827046E-01
2.268580E-08,-1.4858672E-01
2.273580E-08,-1.4890297E-01
2.278580E-08,-1.4927194E-01
2.283580E-08,-1.4964090E-01
2.288580E-08,-1.5000986E-01
2.293580E-08,-1.5037883E-01
2.298580E-08,-1.5069508E-01
2.303580E-08,-1.5101133E-01
2.308580E-08,-1.5132759E-01
2.313580E-08,-1.5153842E-01
2.318580E-08,-1.5174926E-01
2.323580E-08,-1.5185468E-01
2.328580E-08,-1.5196010E-01
2.333580E-08,-1.5196010E-01
2.338580E-08,-1.5190739E-01
2.343580E-08,-1.5180197E-01
2.348580E-08,-1.5164384E-01
2.353580E-08,-1.5143301E-01
2.358580E-08,-1.5111675E-01
2.363580E-08,-1.5080050E-01
2.368580E-08,-1.5043153E-01
2.373580E-08,-1.5000986E-01
2.378580E-08,-1.4964090E-01
2.383580E-08,-1.4916652E-01
2.388580E-08,-1.4879755E-01
2.393580E-08,-1.4837588E-01
2.398580E-08,-1.4800692E-01
2.403580E-08,-1.4763796E-01
2.408580E-08,-1.4737441E-01
2.413580E-08,-1.4716358E-01
2.418580E-08,-1.4700545E-01
2.423580E-08,-1.4690003E-01
2.428580E-08,-1.4690003E-01
2.433580E-08,-1.4700545E-01
2.438580E-08,-1.4716358E-01
2.443580E-08,-1.4737441E-01
2.448580E-08,-1.4769067E-01
2.453580E-08,-1.4811234E-01
2.458580E-08,-1.4858672E-01
2.463580E-08,-1.4911381E-01
2.468580E-08,-1.4964090E-01
2.473580E-08,-1.5022070E-01
2.478580E-08,-1.5085321E-01
2.483580E-08,-1.5143301E-01
2.488580E-08,-1.5201280E-01
2.493580E-08,-1.5259260E-01
2.498580E-08,-1.5311969E-01
2.503580E-08,-1.5354137E-01
2.508580E-08,-1.5385762E-01
2.513580E-08,-1.5412117E-01
2.518580E-08,-1.5427929E-01
2.523580E-08,-1.5433200E-01
2.528580E-08,-1.5422658E-01
2.533580E-08,-1.5401575E-01
2.538580E-08,-1.5369949E-01
2.543580E-08,-1.5322511E-01
2.548580E-08,-1.5264531E-01
2.553580E-08,-1.5196010E-01
2.558580E-08,-1.5116946E-01
2.563580E-08,-1.5032612E-01
2.568580E-08,-1.4937735E-01
2.573580E-08,-1.4842859E-01
2.578580E-08,-1.4742712E-01
2.583580E-08,-1.4647836E-01
2.588580E-08,-1.4552960E-01
2.593580E-08,-1.4463354E-01
2.598580E-08,-1.4384291E-01
2.603580E-08,-1.4315769E-01
2.608580E-08,-1.4263060E-01
2.613580E-08,-1.4226164E-01
2.618580E-08,-1.4205080E-01
2.623580E-08,-1.4205080E-01
2.628580E-08,-1.4220893E-01
2.633580E-08,-1.4268331E-01
2.638580E-08,-1.4331582E-01
2.643580E-08,-1.4415916E-01
2.648580E-08,-1.4521334E-01
2.653580E-08,-1.4647836E-01
2.658580E-08,-1.4784879E-01
2.663580E-08,-1.4943006E-01
2.668580E-08,-1.5111675E-01
2.673580E-08,-1.5285615E-01
2.678580E-08,-1.5464826E-01
2.683580E-08,-1.5638765E-01
2.688580E-08,-1.5807434E-01
2.693580E-08,-1.5965561E-01
2.698580E-08,-1.6107875E-01
2.703580E-08,-1.6218564E-01
2.708580E-08,-1.6302899E-01
2.713580E-08,-1.6350337E-01
2.718580E-08,-1.6355608E-01
2.723580E-08,-1.6313441E-01
2.728580E-08,-1.6223835E-01
2.733580E-08,-1.6070979E-01
2.738580E-08,-1.5854872E-01
2.743580E-08,-1.5575514E-01
2.748580E-08,-1.5227635E-01
2.753580E-08,-1.4811234E-01
2.758580E-08,-1.4321040E-01
2.763580E-08,-1.3757053E-01
2.768580E-08,-1.3124545E-01
2.773580E-08,-1.2418245E-01
2.778580E-08,-1.1643422E-01
2.783580E-08,-1.0805349E-01
2.788580E-08,-9.904025E-02
2.793580E-08,-8.949991E-02
2.798580E-08,-7.943249E-02
2.803580E-08,-6.894340E-02
2.808580E-08,-5.808534E-02
2.813580E-08,-4.691103E-02
2.818580E-08,-3.552588E-02
2.823580E-08,-2.398261E-02
2.828580E-08,-1.238663E-02
2.833580E-08,-8.4335E-04
2.838580E-08,1.059450E-02
2.843580E-08,2.182152E-02
2.848580E-08,3.278500E-02
2.853580E-08,4.343222E-02
2.858580E-08,5.360506E-02
2.863580E-08,6.335623E-02
2.868580E-08,7.258030E-02
2.873580E-08,8.117187E-02
2.878580E-08,8.918364E-02
2.883580E-08,9.656291E-02
2.888580E-08,1.0325695E-01
2.893580E-08,1.0921307E-01
2.898580E-08,1.1453668E-01
2.903580E-08,1.1917507E-01
2.908580E-08,1.2312825E-01
2.913580E-08,1.2644892E-01
2.918580E-08,1.2913708E-01
2.923580E-08,1.3124544E-01
2.928580E-08,1.3282671E-01
2.933580E-08,1.3393360E-01
2.938580E-08,1.3456610E-01
2.943580E-08,1.3482965E-01
2.948580E-08,1.3477694E-01
2.953580E-08,1.3446069E-01
2.958580E-08,1.3393360E-01
2.963580E-08,1.3319567E-01
2.968580E-08,1.3240503E-01
2.973580E-08,1.3150898E-01
2.978580E-08,1.3066564E-01
2.983580E-08,1.2982229E-01
2.988580E-08,1.2908437E-01
2.993580E-08,1.2839915E-01
2.998580E-08,1.2787206E-01
3.003580E-08,1.2750310E-01
3.008580E-08,1.2729226E-01
3.013580E-08,1.2723955E-01
3.018580E-08,1.2739768E-01
3.023580E-08,1.2766122E-01
3.028580E-08,1.2813560E-01
3.033580E-08,1.2871540E-01
3.038580E-08,1.2945333E-01
3.043580E-08,1.3029667E-01
3.048580E-08,1.3119273E-01
3.053580E-08,1.3214149E-01
3.058580E-08,1.3314296E-01
3.063580E-08,1.3409172E-01
3.068580E-08,1.3504049E-01
3.073580E-08,1.3593654E-01
3.078580E-08,1.3672717E-01
3.083580E-08,1.3746510E-01
3.088580E-08,1.3804490E-01
3.093580E-08,1.3846657E-01
3.098580E-08,1.3873012E-01
3.103580E-08,1.3883553E-01
3.108580E-08,1.3883553E-01
3.113580E-08,1.3862470E-01
3.118580E-08,1.3820303E-01
3.123580E-08,1.3767594E-01
3.128580E-08,1.3704343E-01
3.133580E-08,1.3620008E-01
3.138580E-08,1.3530403E-01
3.143580E-08,1.3430256E-01
3.148580E-08,1.3324838E-01
3.153580E-08,1.3214149E-01
3.158580E-08,1.3103460E-01
3.163580E-08,1.2987500E-01
3.168580E-08,1.2882082E-01
3.173580E-08,1.2776664E-01
3.178580E-08,1.2681788E-01
3.183580E-08,1.2597453E-01
3.188580E-08,1.2523661E-01
3.193580E-08,1.2460410E-01
3.198580E-08,1.2412972E-01
3.203580E-08,1.2376076E-01
3.208580E-08,1.2354992E-01
3.213580E-08,1.2349721E-01
3.218580E-08,1.2360263E-01
3.223580E-08,1.2381347E-01
3.228580E-08,1.2418243E-01
3.233580E-08,1.2465681E-01
3.238580E-08,1.2518390E-01
3.243580E-08,1.2581641E-01
3.248580E-08,1.2644892E-01
3.253580E-08,1.2718684E-01
3.258580E-08,1.2787206E-01
3.263580E-08,1.2855728E-01
3.268580E-08,1.2924249E-01
3.273580E-08,1.2982229E-01
3.278580E-08,1.3034938E-01
3.283580E-08,1.3077106E-01
3.288580E-08,1.3108731E-01
3.293580E-08,1.3129815E-01
3.298580E-08,1.3135085E-01
3.303580E-08,1.3129815E-01
3.308580E-08,1.3108731E-01
3.313580E-08,1.3077106E-01
3.318580E-08,1.3029667E-01
3.323580E-08,1.2971687E-01
3.328580E-08,1.2903166E-01
3.333580E-08,1.2824102E-01
3.338580E-08,1.2739768E-01
3.343580E-08,1.2650163E-01
3.348580E-08,1.2555286E-01
3.353580E-08,1.2460410E-01
3.358580E-08,1.2365534E-01
3.363580E-08,1.2275929E-01
3.368580E-08,1.2191594E-01
3.373580E-08,1.2112531E-01
3.378580E-08,1.2044009E-01
3.383580E-08,1.1991300E-01
3.388580E-08,1.1943862E-01
3.393580E-08,1.1912236E-01
3.398580E-08,1.1896424E-01
3.403580E-08,1.1896424E-01
3.408580E-08,1.1906965E-01
3.413580E-08,1.1933320E-01
3.418580E-08,1.1975487E-01
3.423580E-08,1.2028196E-01
3.428580E-08,1.2086176E-01
3.433580E-08,1.2159969E-01
3.438580E-08,1.2239032E-01
3.443580E-08,1.2323367E-01
3.448580E-08,1.2407701E-01
3.453580E-08,1.2492035E-01
3.458580E-08,1.2571099E-01
3.463580E-08,1.2650163E-01
3.468580E-08,1.2718684E-01
3.473580E-08,1.2776664E-01
3.478580E-08,1.2818831E-01
3.483580E-08,1.2850457E-01
3.488580E-08,1.2871540E-01
3.493580E-08,1.2866269E-01
3.498580E-08,1.2850457E-01
3.503580E-08,1.2818831E-01
3.508580E-08,1.2766122E-01
3.513580E-08,1.2697601E-01
3.518580E-08,1.2613266E-01
3.523580E-08,1.2518390E-01
3.528580E-08,1.2407701E-01
3.533580E-08,1.2291741E-01
3.538580E-08,1.2165240E-01
3.543580E-08,1.2038738E-01
3.548580E-08,1.1912236E-01
3.553580E-08,1.1785735E-01
3.558580E-08,1.1669775E-01
3.563580E-08,1.1559086E-01
3.568580E-08,1.1464210E-01
3.573580E-08,1.1385146E-01
3.578580E-08,1.1327166E-01
3.583580E-08,1.1290270E-01
3.588580E-08,1.1274457E-01
3.593580E-08,1.1284999E-01
3.598580E-08,1.1321895E-01
3.603580E-08,1.1379875E-01
3.608580E-08,1.1469481E-01
3.613580E-08,1.1580170E-01
3.618580E-08,1.1717213E-01
3.623580E-08,1.1875340E-01
3.628580E-08,1.2049280E-01
3.633580E-08,1.2233761E-01
3.638580E-08,1.2428785E-01
3.643580E-08,1.2634350E-01
3.648580E-08,1.2829373E-01
3.653580E-08,1.3024397E-01
3.658580E-08,1.3203607E-01
3.663580E-08,1.3361734E-01
3.668580E-08,1.3498778E-01
3.673580E-08,1.3598925E-01
3.678580E-08,1.3662176E-01
3.683580E-08,1.3683259E-01
3.688580E-08,1.3651634E-01
3.693580E-08,1.3562028E-01
3.698580E-08,1.3414443E-01
3.703580E-08,1.3198336E-01
3.708580E-08,1.2918978E-01
3.713580E-08,1.2565828E-01
3.718580E-08,1.2138885E-01
3.723580E-08,1.1638149E-01
3.728580E-08,1.1063621E-01
3.733580E-08,1.0415300E-01
3.738580E-08,9.698458E-02
3.743580E-08,8.913093E-02
3.748580E-08,8.059207E-02
3.753580E-08,7.147341E-02
3.758580E-08,6.182767E-02
3.763580E-08,5.170753E-02
3.768580E-08,4.116573E-02
3.773580E-08,3.025497E-02
3.778580E-08,1.913336E-02
3.783580E-08,7.74822E-03
3.788580E-08,-3.68964E-03
3.793580E-08,-1.518020E-02
3.798580E-08,-2.656535E-02
3.803580E-08,-3.784508E-02
3.808580E-08,-4.886126E-02
3.813580E-08,-5.961390E-02
3.818580E-08,-6.999758E-02
3.823580E-08,-7.995958E-02
3.828580E-08,-8.944720E-02
3.833580E-08,-9.835503E-02
3.838580E-08,-1.0668305E-01
3.843580E-08,-1.1443128E-01
3.848580E-08,-1.2154699E-01
3.853580E-08,-1.2797749E-01
3.858580E-08,-1.3377549E-01
3.863580E-08,-1.3888826E-01
3.868580E-08,-1.4331582E-01
3.873580E-08,-1.4716358E-01
3.878580E-08,-1.5037883E-01
3.883580E-08,-1.5301428E-01
3.888580E-08,-1.5512264E-01
3.893580E-08,-1.5670391E-01
3.898580E-08,-1.5781080E-01
3.903580E-08,-1.5849601E-01
3.908580E-08,-1.5886498E-01
3.913580E-08,-1.5891769E-01
3.918580E-08,-1.5870685E-01
3.923580E-08,-1.5823247E-01
3.928580E-08,-1.5765267E-01
3.933580E-08,-1.5696745E-01
3.938580E-08,-1.5622953E-01
3.943580E-08,-1.5543889E-01
3.948580E-08,-1.5470096E-01
3.953580E-08,-1.5396304E-01
3.958580E-08,-1.5333053E-01
3.963580E-08,-1.5280344E-01
3.968580E-08,-1.5238177E-01
3.973580E-08,-1.5206551E-01
3.978580E-08,-1.5185468E-01
3.983580E-08,-1.5185468E-01
3.988580E-08,-1.5190739E-01
3.993580E-08,-1.5217093E-01
3.998580E-08,-1.5248719E-01
4.003580E-08,-1.5290886E-01
4.008580E-08,-1.5343595E-01
4.013580E-08,-1.5401575E-01
4.018580E-08,-1.5464826E-01
4.023580E-08,-1.5528076E-01
4.028580E-08,-1.5596598E-01
4.033580E-08,-1.5659849E-01
4.038580E-08,-1.5723100E-01
4.043580E-08,-1.5775809E-01
4.048580E-08,-1.5823247E-01
4.053580E-08,-1.5865414E-01
4.058580E-08,-1.5897039E-01
4.063580E-08,-1.5912852E-01
4.068580E-08,-1.5923394E-01
4.073580E-08,-1.5918123E-01
4.078580E-08,-1.5902310E-01
4.083580E-08,-1.5875956E-01
4.088580E-08,-1.5833789E-01
4.093580E-08,-1.5786350E-01
4.098580E-08,-1.5728371E-01
4.103580E-08,-1.5659849E-01
4.108580E-08,-1.5586056E-01
4.113580E-08,-1.5501722E-01
4.118580E-08,-1.5417387E-01
4.123580E-08,-1.5327782E-01
4.128580E-08,-1.5238177E-01
4.133580E-08,-1.5148571E-01
4.138580E-08,-1.5058966E-01
4.143580E-08,-1.4974632E-01
4.148580E-08,-1.4890297E-01
4.153580E-08,-1.4816505E-01
4.158580E-08,-1.4747983E-01
4.163580E-08,-1.4684732E-01
4.168580E-08,-1.4626752E-01
4.173580E-08,-1.4584585E-01
4.178580E-08,-1.4542418E-01
4.183580E-08,-1.4510792E-01
4.188580E-08,-1.4489709E-01
4.193580E-08,-1.4473896E-01
4.198580E-08,-1.4463354E-01
4.203580E-08,-1.4458083E-01
4.208580E-08,-1.4458083E-01
4.213580E-08,-1.4463354E-01
4.218580E-08,-1.4473896E-01
4.223580E-08,-1.4484438E-01
4.228580E-08,-1.4494980E-01
4.233580E-08,-1.4510792E-01
4.238580E-08,-1.4521334E-01
4.243580E-08,-1.4526605E-01
4.248580E-08,-1.4537147E-01
4.253580E-08,-1.4537147E-01
4.258580E-08,-1.4537147E-01
4.263580E-08,-1.4531876E-01
4.268580E-08,-1.4521334E-01
4.273580E-08,-1.4510792E-01
4.278580E-08,-1.4489709E-01
4.283580E-08,-1.4463354E-01
4.288580E-08,-1.4437000E-01
4.293580E-08,-1.4405374E-01
4.298580E-08,-1.4368478E-01
4.303580E-08,-1.4331582E-01
4.308580E-08,-1.4294685E-01
4.313580E-08,-1.4252518E-01
4.318580E-08,-1.4210351E-01
4.323580E-08,-1.4168184E-01
4.328580E-08,-1.4126017E-01
4.333580E-08,-1.4083849E-01
4.338580E-08,-1.4046953E-01
4.343580E-08,-1.4015328E-01
4.348580E-08,-1.3983702E-01
4.353580E-08,-1.3957348E-01
4.358580E-08,-1.3936264E-01
4.363580E-08,-1.3920451E-01
4.368580E-08,-1.3909910E-01
4.373580E-08,-1.3899368E-01
4.378580E-08,-1.3899368E-01
4.383580E-08,-1.3904639E-01
4.388580E-08,-1.3909910E-01
4.393580E-08,-1.3920451E-01
4.398580E-08,-1.3936264E-01
4.403580E-08,-1.3952077E-01
4.408580E-08,-1.3973160E-01
4.413580E-08,-1.3994244E-01
4.418580E-08,-1.4015328E-01
4.423580E-08,-1.4036411E-01
4.428580E-08,-1.4062766E-01
4.433580E-08,-1.4083849E-01
4.438580E-08,-1.4104933E-01
4.443580E-08,-1.4120746E-01
4.448580E-08,-1.4141829E-01
4.453580E-08,-1.4152371E-01
4.458580E-08,-1.4168184E-01
4.463580E-08,-1.4173455E-01
4.468580E-08,-1.4178726E-01
4.473580E-08,-1.4183996E-01
4.478580E-08,-1.4183996E-01
4.483580E-08,-1.4178726E-01
4.488580E-08,-1.4173455E-01
4.493580E-08,-1.4168184E-01
4.498580E-08,-1.4157642E-01
4.503580E-08,-1.4147100E-01
4.508580E-08,-1.4136558E-01
4.513580E-08,-1.4126017E-01
4.518580E-08,-1.4115475E-01
4.523580E-08,-1.4104933E-01
4.528580E-08,-1.4099662E-01
4.533580E-08,-1.4094391E-01
4.538580E-08,-1.4089120E-01
4.543580E-08,-1.4089120E-01
4.548580E-08,-1.4089120E-01
4.553580E-08,-1.4094391E-01
4.558580E-08,-1.4104933E-01
4.563580E-08,-1.4115475E-01
4.568580E-08,-1.4131287E-01
4.573580E-08,-1.4152371E-01
4.578580E-08,-1.4173455E-01
4.583580E-08,-1.4199809E-01
4.588580E-08,-1.4226164E-01
4.593580E-08,-1.4257789E-01
4.598580E-08,-1.4289415E-01
4.603580E-08,-1.4321040E-01
4.608580E-08,-1.4357936E-01
4.613580E-08,-1.4394833E-01
4.618580E-08,-1.4426458E-01
4.623580E-08,-1.4463354E-01
4.628580E-08,-1.4494980E-01
4.633580E-08,-1.4526605E-01
4.638580E-08,-1.4558230E-01
4.643580E-08,-1.4584585E-01
4.648580E-08,-1.4610939E-01
4.653580E-08,-1.4637294E-01
4.658580E-08,-1.4658378E-01
4.663580E-08,-1.4674190E-01
4.668580E-08,-1.4690003E-01
4.673580E-08,-1.4700545E-01
4.678580E-08,-1.4711087E-01
4.683580E-08,-1.4721628E-01
4.688580E-08,-1.4721628E-01
4.693580E-08,-1.4726899E-01
4.698580E-08,-1.4726899E-01
4.703580E-08,-1.4732170E-01
4.708580E-08,-1.4726899E-01
4.713580E-08,-1.4726899E-01
4.718580E-08,-1.4726899E-01
4.723580E-08,-1.4726899E-01
4.728580E-08,-1.4726899E-01
4.733580E-08,-1.4726899E-01
4.738580E-08,-1.4732170E-01
4.743580E-08,-1.4737441E-01
4.748580E-08,-1.4742712E-01
4.753580E-08,-1.4747983E-01
4.758580E-08,-1.4758525E-01
4.763580E-08,-1.4774337E-01
4.768580E-08,-1.4790150E-01
4.773580E-08,-1.4805963E-01
4.778580E-08,-1.4821776E-01
4.783580E-08,-1.4842859E-01
4.788580E-08,-1.4863943E-01
4.793580E-08,-1.4885026E-01
4.798580E-08,-1.4911381E-01
4.803580E-08,-1.4932464E-01
4.808580E-08,-1.4958819E-01
4.813580E-08,-1.4979903E-01
4.818580E-08,-1.5006257E-01
4.823580E-08,-1.5027341E-01
4.828580E-08,-1.5053695E-01
4.833580E-08,-1.5074779E-01
4.838580E-08,-1.5090592E-01
4.843580E-08,-1.5106404E-01
4.848580E-08,-1.5122217E-01
4.853580E-08,-1.5132759E-01
4.858580E-08,-1.5143301E-01
4.863580E-08,-1.5148571E-01
4.868580E-08,-1.5148571E-01
4.873580E-08,-1.5148571E-01
4.878580E-08,-1.5143301E-01
4.883580E-08,-1.5138030E-01
4.888580E-08,-1.5127488E-01
4.893580E-08,-1.5116946E-01
4.898580E-08,-1.5101133E-01
4.903580E-08,-1.5085321E-01
4.908580E-08,-1.5069508E-01
4.913580E-08,-1.5048424E-01
4.918580E-08,-1.5027341E-01
4.923580E-08,-1.5011528E-01
4.928580E-08,-1.4990444E-01
4.933580E-08,-1.4969361E-01
4.938580E-08,-1.4953548E-01
4.943580E-08,-1.4937735E-01
4.948580E-08,-1.4916652E-01
4.953580E-08,-1.4906110E-01
4.958580E-08,-1.4890297E-01
4.963580E-08,-1.4879755E-01
4.968580E-08,-1.4869214E-01
4.973580E-08,-1.4863943E-01
4.978580E-08,-1.4858672E-01
4.983580E-08,-1.4853401E-01
4.988580E-08,-1.4853401E-01
4.993580E-08,-1.4853401E-01
4.998580E-08,-1.4853401E-01
5.003580E-08,-1.4853401E-01
5.008580E-08,-1.4858672E-01
5.013580E-08,-1.4863943E-01
5.018580E-08,-1.4869214E-01
5.023580E-08,-1.4869214E-01
5.028580E-08,-1.4874485E-01
5.033580E-08,-1.4879755E-01
5.038580E-08,-1.4879755E-01
5.043580E-08,-1.4885026E-01
5.048580E-08,-1.4885026E-01
5.053580E-08,-1.4885026E-01
5.058580E-08,-1.4885026E-01
5.063580E-08,-1.4879755E-01
5.068580E-08,-1.4874485E-01
5.073580E-08,-1.4869214E-01
5.078580E-08,-1.4858672E-01
5.083580E-08,-1.4848130E-01
5.088580E-08,-1.4837588E-01
5.093580E-08,-1.4821776E-01
5.098580E-08,-1.4805963E-01
5.103580E-08,-1.4790150E-01
5.108580E-08,-1.4774337E-01
5.113580E-08,-1.4758525E-01
5.118580E-08,-1.4742712E-01
5.123580E-08,-1.4721628E-01
5.128580E-08,-1.4705816E-01
5.133580E-08,-1.4690003E-01
5.138580E-08,-1.4674190E-01
5.143580E-08,-1.4658378E-01
5.148580E-08,-1.4642565E-01
5.153580E-08,-1.4632023E-01
5.158580E-08,-1.4616210E-01
5.163580E-08,-1.4605669E-01
5.168580E-08,-1.4600398E-01
5.173580E-08,-1.4589856E-01
5.178580E-08,-1.4584585E-01
5.183580E-08,-1.4584585E-01
5.188580E-08,-1.4579314E-01
5.193580E-08,-1.4579314E-01
5.198580E-08,-1.4579314E-01
5.203580E-08,-1.4584585E-01
5.208580E-08,-1.4584585E-01
5.213580E-08,-1.4589856E-01
5.218580E-08,-1.4595127E-01
5.223580E-08,-1.4600398E-01
5.228580E-08,-1.4605669E-01
5.233580E-08,-1.4616210E-01
5.238580E-08,-1.4621481E-01
5.243580E-08,-1.4626752E-01
5.248580E-08,-1.4637294E-01
5.253580E-08,-1.4642565E-01
5.258580E-08,-1.4647836E-01
5.263580E-08,-1.4653107E-01
5.268580E-08,-1.4658378E-01
5.273580E-08,-1.4663649E-01
5.278580E-08,-1.4668919E-01
5.283580E-08,-1.4674190E-01
5.288580E-08,-1.4674190E-01
5.293580E-08,-1.4679461E-01
5.298580E-08,-1.4679461E-01
5.303580E-08,-1.4679461E-01
5.308580E-08,-1.4684732E-01
5.313580E-08,-1.4684732E-01
5.318580E-08,-1.4684732E-01
5.323580E-08,-1.4684732E-01
5.328580E-08,-1.4684732E-01
5.333580E-08,-1.4690003E-01
5.338580E-08,-1.4690003E-01
5.343580E-08,-1.4690003E-01
5.348580E-08,-1.4695274E-01
5.353580E-08,-1.4700545E-01
5.358580E-08,-1.4705816E-01
5.363580E-08,-1.4711087E-01
5.368580E-08,-1.4716358E-01
5.373580E-08,-1.4721628E-01
5.378580E-08,-1.4726899E-01
5.383580E-08,-1.4737441E-01
5.388580E-08,-1.4747983E-01
5.393580E-08,-1.4758525E-01
5.398580E-08,-1.4769067E-01
5.403580E-08,-1.4779608E-01
5.408580E-08,-1.4790150E-01
5.413580E-08,-1.4800692E-01
5.418580E-08,-1.4816505E-01
5.423580E-08,-1.4827046E-01
5.428580E-08,-1.4837588E-01
5.433580E-08,-1.4853401E-01
5.438580E-08,-1.4863943E-01
5.443580E-08,-1.4874485E-01
5.448580E-08,-1.4885026E-01
5.453580E-08,-1.4895568E-01
5.458580E-08,-1.4906110E-01
5.463580E-08,-1.4916652E-01
5.468580E-08,-1.4927194E-01
5.473580E-08,-1.4937735E-01
5.478580E-08,-1.4943006E-01
5.483580E-08,-1.4953548E-01
5.488580E-08,-1.4958819E-01
5.493580E-08,-1.4969361E-01
5.498580E-08,-1.4974632E-01
5.503580E-08,-1.4979903E-01
5.508580E-08,-1.4985173E-01
5.513580E-08,-1.4990444E-01
5.518580E-08,-1.4995715E-01
5.523580E-08,-1.5000986E-01
5.528580E-08,-1.5006257E-01
5.533580E-08,-1.5011528E-01
5.538580E-08,-1.5011528E-01
5.543580E-08,-1.5016799E-01
5.548580E-08,-1.5022070E-01
5.553580E-08,-1.5027341E-01
5.558580E-08,-1.5037883E-01
5.563580E-08,-1.5043153E-01
5.568580E-08,-1.5048424E-01
5.573580E-08,-1.5053695E-01
5.578580E-08,-1.5058966E-01
5.583580E-08,-1.5069508E-01
5.588580E-08,-1.5074779E-01
5.593580E-08,-1.5080050E-01
5.598580E-08,-1.5090592E-01
5.603580E-08,-1.5095862E-01
5.608580E-08,-1.5101133E-01
5.613580E-08,-1.5111675E-01
5.618580E-08,-1.5116946E-01
5.623580E-08,-1.5122217E-01
5.628580E-08,-1.5127488E-01
5.633580E-08,-1.5138030E-01
5.638580E-08,-1.5143301E-01
5.643580E-08,-1.5148571E-01
5.648580E-08,-1.5153842E-01
5.653580E-08,-1.5159113E-01
5.658580E-08,-1.5159113E-01
5.663580E-08,-1.5164384E-01
5.668580E-08,-1.5164384E-01
5.673580E-08,-1.5169655E-01
5.678580E-08,-1.5169655E-01
5.683580E-08,-1.5169655E-01
5.688580E-08,-1.5169655E-01
5.693580E-08,-1.5169655E-01
5.698580E-08,-1.5164384E-01
5.703580E-08,-1.5164384E-01
5.708580E-08,-1.5159113E-01
5.713580E-08,-1.5159113E-01
5.718580E-08,-1.5153842E-01
5.723580E-08,-1.5148571E-01
5.728580E-08,-1.5143301E-01
5.733580E-08,-1.5138030E-01
5.738580E-08,-1.5132759E-01
5.743580E-08,-1.5122217E-01
5.748580E-08,-1.5116946E-01
5.753580E-08,-1.5106404E-01
5.758580E-08,-1.5101133E-01
5.763580E-08,-1.5090592E-01
5.768580E-08,-1.5085321E-01
5.773580E-08,-1.5074779E-01
5.778580E-08,-1.5064237E-01
5.783580E-08,-1.5048424E-01
5.788580E-08,-1.5037883E-01
5.793580E-08,-1.5022070E-01
5.798580E-08,-1.5011528E-01
5.803580E-08,-1.4995715E-01
5.808580E-08,-1.4979903E-01
5.813580E-08,-1.4969361E-01
5.818580E-08,-1.4953548E-01
5.823580E-08,-1.4937735E-01
5.828580E-08,-1.4921923E-01
5.833580E-08,-1.4906110E-01
5.838580E-08,-1.4890297E-01
5.843580E-08,-1.4874485E-01
5.848580E-08,-1.4858672E-01
5.853580E-08,-1.4842859E-01
5.858580E-08,-1.4832317E-01
5.863580E-08,-1.4816505E-01
5.868580E-08,-1.4805963E-01
5.873580E-08,-1.4790150E-01
5.878580E-08,-1.4779608E-01
5.883580E-08,-1.4763796E-01
5.888580E-08,-1.4753254E-01
5.893580E-08,-1.4742712E-01
5.898580E-08,-1.4732170E-01
5.903580E-08,-1.4726899E-01
5.908580E-08,-1.4716358E-01
5.913580E-08,-1.4705816E-01
5.918580E-08,-1.4700545E-01
5.923580E-08,-1.4695274E-01
5.928580E-08,-1.4684732E-01
5.933580E-08,-1.4679461E-01
5.938580E-08,-1.4674190E-01
5.943580E-08,-1.4668919E-01
5.948580E-08,-1.4663649E-01
5.953580E-08,-1.4663649E-01
5.958580E-08,-1.4658378E-01
5.963580E-08,-1.4653107E-01
5.968580E-08,-1.4653107E-01
5.973580E-08,-1.4647836E-01
5.978580E-08,-1.4642565E-01
5.983580E-08,-1.4642565E-01
5.988580E-08,-1.4637294E-01
5.993580E-08,-1.4637294E-01
5.998580E-08,-1.4637294E-01
6.003580E-08,-1.4632023E-01
6.008580E-08,-1.4632023E-01
6.013580E-08,-1.4632023E-01
6.018580E-08,-1.4632023E-01
6.023580E-08,-1.4632023E-01
6.028580E-08,-1.4626752E-01
6.033580E-08,-1.4626752E-01
6.038580E-08,-1.4626752E-01
6.043580E-08,-1.4626752E-01
6.048580E-08,-1.4626752E-01
6.053580E-08,-1.4632023E-01
6.058580E-08,-1.4632023E-01
6.063580E-08,-1.4632023E-01
6.068580E-08,-1.4632023E-01
6.073580E-08,-1.4632023E-01
6.078580E-08,-1.4632023E-01
6.083580E-08,-1.4637294E-01
6.088580E-08,-1.4637294E-01
6.093580E-08,-1.4637294E-01
6.098580E-08,-1.4637294E-01
6.103580E-08,-1.4637294E-01
6.108580E-08,-1.4642565E-01
6.113580E-08,-1.4642565E-01
6.118580E-08,-1.4642565E-01
6.123580E-08,-1.4642565E-01
6.128580E-08,-1.4642565E-01
6.133580E-08,-1.4642565E-01
6.138580E-08,-1.4642565E-01
6.143580E-08,-1.4642565E-01
6.148580E-08,-1.4637294E-01
6.153580E-08,-1.4637294E-01
6.158580E-08,-1.4637294E-01
6.163580E-08,-1.4637294E-01
6.168580E-08,-1.4632023E-01
6.173580E-08,-1.4632023E-01
6.178580E-08,-1.4632023E-01
6.183580E-08,-1.4626752E-01
6.188580E-08,-1.4626752E-01
6.193580E-08,-1.4626752E-01
6.198580E-08,-1.4621481E-01
6.203580E-08,-1.4621481E-01
6.208580E-08,-1.4621481E-01
6.213580E-08,-1.4621481E-01
6.218580E-08,-1.4621481E-01
6.223580E-08,-1.4621481E-01
6.228580E-08,-1.4626752E-01
6.233580E-08,-1.4626752E-01
6.238580E-08,-1.4632023E-01
6.243580E-08,-1.4637294E-01
6.248580E-08,-1.4642565E-01
6.253580E-08,-1.4647836E-01
6.258580E-08,-1.4653107E-01
6.263580E-08,-1.4663649E-01
6.268580E-08,-1.4668919E-01
6.273580E-08,-1.4679461E-01
6.278580E-08,-1.4690003E-01
6.283580E-08,-1.4700545E-01
6.288580E-08,-1.4711087E-01
6.293580E-08,-1.4726899E-01
6.298580E-08,-1.4737441E-01
6.303580E-08,-1.4753254E-01
6.308580E-08,-1.4763796E-01
6.313580E-08,-1.4779608E-01
6.318580E-08,-1.4790150E-01
6.323580E-08,-1.4805963E-01
6.328580E-08,-1.4821776E-01
6.333580E-08,-1.4832317E-01
6.338580E-08,-1.4848130E-01
6.343580E-08,-1.4858672E-01
6.348580E-08,-1.4874485E-01
6.353580E-08,-1.4885026E-01
6.358580E-08,-1.4895568E-01
6.363580E-08,-1.4906110E-01
6.368580E-08,-1.4916652E-01
6.373580E-08,-1.4927194E-01
6.378580E-08,-1.4937735E-01
6.383580E-08,-1.4943006E-01
6.388580E-08,-1.4953548E-01
6.393580E-08,-1.4958819E-01
6.398580E-08,-1.4964090E-01
6.403580E-08,-1.4969361E-01
6.408580E-08,-1.4974632E-01
6.413580E-08,-1.4979903E-01
6.418580E-08,-1.4985173E-01
6.423580E-08,-1.4985173E-01
6.428580E-08,-1.4990444E-01
6.433580E-08,-1.4990444E-01
6.438580E-08,-1.4995715E-01
6.443580E-08,-1.4995715E-01
6.448580E-08,-1.5000986E-01
6.453580E-08,-1.5000986E-01
6.458580E-08,-1.5000986E-01
6.463580E-08,-1.5006257E-01
6.468580E-08,-1.5006257E-01
6.473580E-08,-1.5011528E-01
6.478580E-08,-1.5011528E-01
6.483580E-08,-1.5011528E-01
6.488580E-08,-1.5016799E-01
6.493580E-08,-1.5022070E-01
6.498580E-08,-1.5022070E-01
6.503580E-08,-1.5027341E-01
6.508580E-08,-1.5027341E-01
6.513580E-08,-1.5032612E-01
6.518580E-08,-1.5037883E-01
6.523580E-08,-1.5043153E-01
6.528580E-08,-1.5043153E-01
6.533580E-08,-1.5048424E-01
6.538580E-08,-1.5053695E-01
6.543580E-08,-1.5058966E-01
6.548580E-08,-1.5058966E-01
6.553580E-08,-1.5064237E-01
6.558580E-08,-1.5069508E-01
6.563580E-08,-1.5069508E-01
6.568580E-08,-1.5074779E-01
6.573580E-08,-1.5074779E-01
6.578580E-08,-1.5080050E-01
6.583580E-08,-1.5080050E-01
6.588580E-08,-1.5085321E-01
6.593580E-08,-1.5085321E-01
6.598580E-08,-1.5085321E-01
6.603580E-08,-1.5090592E-01
6.608580E-08,-1.5090592E-01
6.613580E-08,-1.5090592E-01
6.618580E-08,-1.5090592E-01
6.623580E-08,-1.5090592E-01
6.628580E-08,-1.5090592E-01
6.633580E-08,-1.5090592E-01
6.638580E-08,-1.5090592E-01
6.643580E-08,-1.5090592E-01
6.648580E-08,-1.5090592E-01
6.653580E-08,-1.5085321E-01
6.658580E-08,-1.5085321E-01
6.663580E-08,-1.5085321E-01
6.668580E-08,-1.5080050E-01
6.673580E-08,-1.5080050E-01
6.678580E-08,-1.5074779E-01
6.683580E-08,-1.5074779E-01
6.688580E-08,-1.5069508E-01
6.693580E-08,-1.5064237E-01
6.698580E-08,-1.5058966E-01
6.703580E-08,-1.5058966E-01
6.708580E-08,-1.5053695E-01
6.713580E-08,-1.5048424E-01
6.718580E-08,-1.5043153E-01
6.723580E-08,-1.5032612E-01
6.728580E-08,-1.5027341E-01
6.733580E-08,-1.5022070E-01
6.738580E-08,-1.5016799E-01
6.743580E-08,-1.5006257E-01
6.748580E-08,-1.5000986E-01
6.753580E-08,-1.4990444E-01
6.758580E-08,-1.4985173E-01
6.763580E-08,-1.4974632E-01
6.768580E-08,-1.4969361E-01
6.773580E-08,-1.4958819E-01
6.778580E-08,-1.4948277E-01
6.783580E-08,-1.4937735E-01
6.788580E-08,-1.4932464E-01
6.793580E-08,-1.4921923E-01
6.798580E-08,-1.4916652E-01
6.803580E-08,-1.4906110E-01
6.808580E-08,-1.4900839E-01
6.813580E-08,-1.4890297E-01
6.818580E-08,-1.4885026E-01
6.823580E-08,-1.4874485E-01
6.828580E-08,-1.4869214E-01
6.833580E-08,-1.4863943E-01
6.838580E-08,-1.4858672E-01
6.843580E-08,-1.4853401E-01
6.848580E-08,-1.4848130E-01
6.853580E-08,-1.4842859E-01
6.858580E-08,-1.4837588E-01
6.863580E-08,-1.4832317E-01
6.868580E-08,-1.4827046E-01
6.873580E-08,-1.4827046E-01
6.878580E-08,-1.4821776E-01
6.883580E-08,-1.4821776E-01
6.888580E-08,-1.4816505E-01
6.893580E-08,-1.4816505E-01
6.898580E-08,-1.4811234E-01
6.903580E-08,-1.4811234E-01
6.908580E-08,-1.4811234E-01
6.913580E-08,-1.4805963E-01
6.918580E-08,-1.4805963E-01
6.923580E-08,-1.4800692E-01
6.928580E-08,-1.4800692E-01
6.933580E-08,-1.4800692E-01
6.938580E-08,-1.4795421E-01
6.943580E-08,-1.4795421E-01
6.948580E-08,-1.4790150E-01
6.953580E-08,-1.4790150E-01
6.958580E-08,-1.4784879E-01
6.963580E-08,-1.4784879E-01
6.968580E-08,-1.4779608E-01
6.973580E-08,-1.4774337E-01
6.978580E-08,-1.4774337E-01
6.983580E-08,-1.4769067E-01
6.988580E-08,-1.4763796E-01
6.993580E-08,-1.4763796E-01
6.998580E-08,-1.4758525E-01
7.003580E-08,-1.4758525E-01
7.008580E-08,-1.4753254E-01
7.013580E-08,-1.4753254E-01
7.018580E-08,-1.4753254E-01
7.023580E-08,-1.4747983E-01
7.028580E-08,-1.4747983E-01
7.033580E-08,-1.4747983E-01
7.038580E-08,-1.4747983E-01
7.043580E-08,-1.4753254E-01
7.048580E-08,-1.4753254E-01
7.053580E-08,-1.4753254E-01
7.058580E-08,-1.4758525E-01
7.063580E-08,-1.4758525E-01
7.068580E-08,-1.4763796E-01
7.073580E-08,-1.4769067E-01
7.078580E-08,-1.4774337E-01
7.083580E-08,-1.4774337E-01
7.088580E-08,-1.4779608E-01
7.093580E-08,-1.4784879E-01
7.098580E-08,-1.4790150E-01
7.103580E-08,-1.4795421E-01
7.108580E-08,-1.4800692E-01
7.113580E-08,-1.4805963E-01
7.118580E-08,-1.4811234E-01
7.123580E-08,-1.4816505E-01
7.128580E-08,-1.4816505E-01
7.133580E-08,-1.4821776E-01
7.138580E-08,-1.4821776E-01
7.143580E-08,-1.4827046E-01
7.148580E-08,-1.4827046E-01
7.153580E-08,-1.4827046E-01
7.158580E-08,-1.4832317E-01
7.163580E-08,-1.4832317E-01
7.168580E-08,-1.4832317E-01
7.173580E-08,-1.4827046E-01
7.178580E-08,-1.4827046E-01
7.183580E-08,-1.4827046E-01
7.188580E-08,-1.4821776E-01
7.193580E-08,-1.4821776E-01
7.198580E-08,-1.4821776E-01
7.203580E-08,-1.4816505E-01
7.208580E-08,-1.4816505E-01
7.213580E-08,-1.4811234E-01
7.218580E-08,-1.4811234E-01
7.223580E-08,-1.4811234E-01
7.228580E-08,-1.4811234E-01
7.233580E-08,-1.4805963E-01
7.238580E-08,-1.4805963E-01
7.243580E-08,-1.4811234E-01
7.248580E-08,-1.4811234E-01
7.253580E-08,-1.4811234E-01
7.258580E-08,-1.4811234E-01
7.263580E-08,-1.4816505E-01
7.268580E-08,-1.4816505E-01
7.273580E-08,-1.4821776E-01
7.278580E-08,-1.4827046E-01
7.283580E-08,-1.4827046E-01
7.288580E-08,-1.4832317E-01
7.293580E-08,-1.4837588E-01
7.298580E-08,-1.4842859E-01
7.303580E-08,-1.4848130E-01
7.308580E-08,-1.4853401E-01
7.313580E-08,-1.4858672E-01
7.318580E-08,-1.4863943E-01
7.323580E-08,-1.4869214E-01
7.328580E-08,-1.4874485E-01
7.333580E-08,-1.4874485E-01
7.338580E-08,-1.4879755E-01
7.343580E-08,-1.4885026E-01
7.348580E-08,-1.4885026E-01
7.353580E-08,-1.4890297E-01
7.358580E-08,-1.4890297E-01
7.363580E-08,-1.4890297E-01
7.368580E-08,-1.4895568E-01
7.373580E-08,-1.4895568E-01
7.378580E-08,-1.4895568E-01
7.383580E-08,-1.4895568E-01
7.388580E-08,-1.4895568E-01
7.393580E-08,-1.4890297E-01
7.398580E-08,-1.4890297E-01
7.403580E-08,-1.4890297E-01
7.408580E-08,-1.4890297E-01
7.413580E-08,-1.4885026E-01
7.418580E-08,-1.4885026E-01
7.423580E-08,-1.4885026E-01
7.428580E-08,-1.4885026E-01
7.433580E-08,-1.4879755E-01
7.438580E-08,-1.4879755E-01
7.443580E-08,-1.4879755E-01
7.448580E-08,-1.4879755E-01
7.453580E-08,-1.4879755E-01
7.458580E-08,-1.4885026E-01
7.463580E-08,-1.4885026E-01
7.468580E-08,-1.4885026E-01
7.473580E-08,-1.4890297E-01
7.478580E-08,-1.4890297E-01
7.483580E-08,-1.4895568E-01
7.488580E-08,-1.4900839E-01
7.493580E-08,-1.4900839E-01
7.498580E-08,-1.4906110E-01
7.503580E-08,-1.4911381E-01
7.508580E-08,-1.4916652E-01
7.513580E-08,-1.4921923E-01
7.518580E-08,-1.4927194E-01
7.523580E-08,-1.4932464E-01
7.528580E-08,-1.4932464E-01
7.533580E-08,-1.4937735E-01
7.538580E-08,-1.4943006E-01
7.543580E-08,-1.4948277E-01
7.548580E-08,-1.4948277E-01
7.553580E-08,-1.4948277E-01
7.558580E-08,-1.4953548E-01
7.563580E-08,-1.4953548E-01
7.568580E-08,-1.4953548E-01
7.573580E-08,-1.4953548E-01
7.578580E-08,-1.4953548E-01
7.583580E-08,-1.4953548E-01
7.588580E-08,-1.4953548E-01
7.593580E-08,-1.4953548E-01
7.598580E-08,-1.4953548E-01
7.603580E-08,-1.4948277E-01
7.608580E-08,-1.4948277E-01
7.613580E-08,-1.4943006E-01
7.618580E-08,-1.4943006E-01
7.623580E-08,-1.4937735E-01
7.628580E-08,-1.4937735E-01
7.633580E-08,-1.4937735E-01
7.638580E-08,-1.4932464E-01
7.643580E-08,-1.4932464E-01
7.648580E-08,-1.4932464E-01
7.653580E-08,-1.4927194E-01
7.658580E-08,-1.4927194E-01
7.663580E-08,-1.4927194E-01
7.668580E-08,-1.4927194E-01
7.673580E-08,-1.4927194E-01
7.678580E-08,-1.4932464E-01
7.683580E-08,-1.4932464E-01
7.688580E-08,-1.4932464E-01
7.693580E-08,-1.4932464E-01
7.698580E-08,-1.4937735E-01
7.703580E-08,-1.4937735E-01
7.708580E-08,-1.4937735E-01
7.713580E-08,-1.4943006E-01
7.718580E-08,-1.4943006E-01
7.723580E-08,-1.4948277E-01
7.728580E-08,-1.4948277E-01
7.733580E-08,-1.4948277E-01
7.738580E-08,-1.4948277E-01
7.743580E-08,-1.4953548E-01
7.748580E-08,-1.4953548E-01
7.753580E-08,-1.4953548E-01
7.758580E-08,-1.4953548E-01
7.763580E-08,-1.4953548E-01
7.768580E-08,-1.4953548E-01
7.773580E-08,-1.4948277E-01
7.778580E-08,-1.4948277E-01
7.783580E-08,-1.4943006E-01
7.788580E-08,-1.4943006E-01
7.793580E-08,-1.4937735E-01
7.798580E-08,-1.4937735E-01
7.803580E-08,-1.4932464E-01
7.808580E-08,-1.4932464E-01
7.813580E-08,-1.4927194E-01
7.818580E-08,-1.4921923E-01
7.823580E-08,-1.4916652E-01
7.828580E-08,-1.4916652E-01
7.833580E-08,-1.4911381E-01
7.838580E-08,-1.4906110E-01
7.843580E-08,-1.4906110E-01
7.848580E-08,-1.4900839E-01
7.853580E-08,-1.4900839E-01
7.858580E-08,-1.4895568E-01
7.863580E-08,-1.4895568E-01
7.868580E-08,-1.4890297E-01
7.873580E-08,-1.4890297E-01
7.878580E-08,-1.4890297E-01
7.883580E-08,-1.4890297E-01
7.888580E-08,-1.4890297E-01
7.893580E-08,-1.4890297E-01
7.898580E-08,-1.4890297E-01
7.903580E-08,-1.4890297E-01
7.908580E-08,-1.4890297E-01
7.913580E-08,-1.4895568E-01
7.918580E-08,-1.4895568E-01
7.923580E-08,-1.4895568E-01
7.928580E-08,-1.4900839E-01
7.933580E-08,-1.4900839E-01
7.938580E-08,-1.4906110E-01
7.943580E-08,-1.4906110E-01
7.948580E-08,-1.4906110E-01
7.953580E-08,-1.4911381E-01
7.958580E-08,-1.4911381E-01
7.963580E-08,-1.4911381E-01
7.968580E-08,-1.4916652E-01
7.973580E-08,-1.4916652E-01
7.978580E-08,-1.4916652E-01
7.983580E-08,-1.4921923E-01
7.988580E-08,-1.4921923E-01
7.993580E-08,-1.4921923E-01
7.998580E-08,-1.4921923E-01
8.003580E-08,-1.4921923E-01
8.008580E-08,-1.4927194E-01
8.013580E-08,-1.4927194E-01
8.018580E-08,-1.4927194E-01
8.023580E-08,-1.4927194E-01
8.028580E-08,-1.4927194E-01
8.033580E-08,-1.4927194E-01
8.038580E-08,-1.4932464E-01
8.043580E-08,-1.4932464E-01
8.048580E-08,-1.4932464E-01
8.053580E-08,-1.4932464E-01
8.058580E-08,-1.4932464E-01
8.063580E-08,-1.4937735E-01
8.068580E-08,-1.4937735E-01
8.073580E-08,-1.4937735E-01
8.078580E-08,-1.4943006E-01
8.083580E-08,-1.4943006E-01
8.088580E-08,-1.4943006E-01
8.093580E-08,-1.4943006E-01
8.098580E-08,-1.4943006E-01
8.103580E-08,-1.4948277E-01
8.108580E-08,-1.4948277E-01
8.113580E-08,-1.4948277E-01
8.118580E-08,-1.4948277E-01
8.123580E-08,-1.4943006E-01
8.128580E-08,-1.4943006E-01
8.133580E-08,-1.4943006E-01
8.138580E-08,-1.4937735E-01
8.143580E-08,-1.4937735E-01
8.148580E-08,-1.4932464E-01
8.153580E-08,-1.4932464E-01
8.158580E-08,-1.4927194E-01
8.163580E-08,-1.4921923E-01
8.168580E-08,-1.4916652E-01
8.173580E-08,-1.4911381E-01
8.178580E-08,-1.4906110E-01
8.183580E-08,-1.4900839E-01
8.188580E-08,-1.4895568E-01
8.193580E-08,-1.4890297E-01
8.198580E-08,-1.4885026E-01
8.203580E-08,-1.4879755E-01
8.208580E-08,-1.4874485E-01
8.213580E-08,-1.4869214E-01
8.218580E-08,-1.4863943E-01
8.223580E-08,-1.4863943E-01
8.228580E-08,-1.4858672E-01
8.233580E-08,-1.4858672E-01
8.238580E-08,-1.4858672E-01
8.243580E-08,-1.4858672E-01
8.248580E-08,-1.4858672E-01
8.253580E-08,-1.4858672E-01
8.258580E-08,-1.4858672E-01
8.263580E-08,-1.4863943E-01
8.268580E-08,-1.4863943E-01
8.273580E-08,-1.4869214E-01
8.278580E-08,-1.4874485E-01
8.283580E-08,-1.4879755E-01
8.288580E-08,-1.4885026E-01
8.293580E-08,-1.4890297E-01
8.298580E-08,-1.4895568E-01
8.303580E-08,-1.4900839E-01
8.308580E-08,-1.4911381E-01
8.313580E-08,-1.4916652E-01
8.318580E-08,-1.4921923E-01
8.323580E-08,-1.4932464E-01
8.328580E-08,-1.4937735E-01
8.333580E-08,-1.4943006E-01
8.338580E-08,-1.4948277E-01
8.343580E-08,-1.4953548E-01
8.348580E-08,-1.4958819E-01
8.353580E-08,-1.4964090E-01
8.358580E-08,-1.4964090E-01
8.363580E-08,-1.4969361E-01
8.368580E-08,-1.4969361E-01
8.373580E-08,-1.4969361E-01
8.378580E-08,-1.4969361E-01
8.383580E-08,-1.4969361E-01
8.388580E-08,-1.4969361E-01
8.393580E-08,-1.4969361E-01
8.398580E-08,-1.4969361E-01
8.403580E-08,-1.4964090E-01
8.408580E-08,-1.4964090E-01
8.413580E-08,-1.4958819E-01
8.418580E-08,-1.4958819E-01
8.423580E-08,-1.4953548E-01
8.428580E-08,-1.4953548E-01
8.433580E-08,-1.4948277E-01
8.438580E-08,-1.4948277E-01
8.443580E-08,-1.4943006E-01
8.448580E-08,-1.4943006E-01
8.453580E-08,-1.4943006E-01
8.458580E-08,-1.4943006E-01
8.463580E-08,-1.4943006E-01
8.468580E-08,-1.4943006E-01
8.473580E-08,-1.4948277E-01
8.478580E-08,-1.4948277E-01
8.483580E-08,-1.4953548E-01
8.488580E-08,-1.4953548E-01
8.493580E-08,-1.4958819E-01
8.498580E-08,-1.4964090E-01
8.503580E-08,-1.4969361E-01
8.508580E-08,-1.4974632E-01
8.513580E-08,-1.4979903E-01
8.518580E-08,-1.4985173E-01
8.523580E-08,-1.4995715E-01
8.528580E-08,-1.5000986E-01
8.533580E-08,-1.5006257E-01
8.538580E-08,-1.5011528E-01
8.543580E-08,-1.5016799E-01
8.548580E-08,-1.5022070E-01
8.553580E-08,-1.5027341E-01
8.558580E-08,-1.5032612E-01
8.563580E-08,-1.5037883E-01
8.568580E-08,-1.5043153E-01
8.573580E-08,-1.5043153E-01
8.578580E-08,-1.5048424E-01
8.583580E-08,-1.5048424E-01
8.588580E-08,-1.5048424E-01
8.593580E-08,-1.5048424E-01
8.598580E-08,-1.5048424E-01
8.603580E-08,-1.5048424E-01
8.608580E-08,-1.5048424E-01
8.613580E-08,-1.5043153E-01
8.618580E-08,-1.5043153E-01
8.623580E-08,-1.5037883E-01
8.628580E-08,-1.5037883E-01
8.633580E-08,-1.5032612E-01
8.638580E-08,-1.5027341E-01
8.643580E-08,-1.5022070E-01
8.648580E-08,-1.5016799E-01
8.653580E-08,-1.5016799E-01
8.658580E-08,-1.5011528E-01
8.663580E-08,-1.5006257E-01
8.668580E-08,-1.5000986E-01
8.673580E-08,-1.4995715E-01
8.678580E-08,-1.4990444E-01
8.683580E-08,-1.4990444E-01
8.688580E-08,-1.4985173E-01
8.693580E-08,-1.4979903E-01
8.698580E-08,-1.4974632E-01
8.703580E-08,-1.4974632E-01
8.708580E-08,-1.4969361E-01
8.713580E-08,-1.4964090E-01
8.718580E-08,-1.4964090E-01
8.723580E-08,-1.4958819E-01
8.728580E-08,-1.4958819E-01
8.733580E-08,-1.4953548E-01
8.738580E-08,-1.4948277E-01
8.743580E-08,-1.4948277E-01
8.748580E-08,-1.4943006E-01
8.753580E-08,-1.4937735E-01
8.758580E-08,-1.4937735E-01
8.763580E-08,-1.4932464E-01
8.768580E-08,-1.4927194E-01
8.773580E-08,-1.4921923E-01
8.778580E-08,-1.4921923E-01
8.783580E-08,-1.4916652E-01
8.788580E-08,-1.4911381E-01
8.793580E-08,-1.4906110E-01
8.798580E-08,-1.4900839E-01
8.803580E-08,-1.4895568E-01
8.808580E-08,-1.4890297E-01
8.813580E-08,-1.4885026E-01
8.818580E-08,-1.4885026E-01
8.823580E-08,-1.4879755E-01
8.828580E-08,-1.4874485E-01
8.833580E-08,-1.4869214E-01
8.838580E-08,-1.4863943E-01
8.843580E-08,-1.4858672E-01
8.848580E-08,-1.4853401E-01
8.853580E-08,-1.4848130E-01
8.858580E-08,-1.4848130E-01
8.863580E-08,-1.4842859E-01
8.868580E-08,-1.4842859E-01
8.873580E-08,-1.4837588E-01
8.878580E-08,-1.4837588E-01
8.883580E-08,-1.4832317E-01
8.888580E-08,-1.4832317E-01
8.893580E-08,-1.4827046E-01
8.898580E-08,-1.4827046E-01
8.903580E-08,-1.4827046E-01
8.908580E-08,-1.4827046E-01
8.913580E-08,-1.4827046E-01
8.918580E-08,-1.4827046E-01
8.923580E-08,-1.4827046E-01
8.928580E-08,-1.4827046E-01
8.933580E-08,-1.4827046E-01
8.938580E-08,-1.4827046E-01
8.943580E-08,-1.4827046E-01
8.948580E-08,-1.4827046E-01
8.953580E-08,-1.4827046E-01
8.958580E-08,-1.4827046E-01
8.963580E-08,-1.4832317E-01
8.968580E-08,-1.4832317E-01
8.973580E-08,-1.4832317E-01
8.978580E-08,-1.4832317E-01
8.983580E-08,-1.4837588E-01
8.988580E-08,-1.4837588E-01
8.993580E-08,-1.4837588E-01
8.998580E-08,-1.4837588E-01
9.003580E-08,-1.4842859E-01
9.008580E-08,-1.4842859E-01
9.013580E-08,-1.4848130E-01
9.018580E-08,-1.4848130E-01
9.023580E-08,-1.4853401E-01
9.028580E-08,-1.4853401E-01
9.033580E-08,-1.4858672E-01
9.038580E-08,-1.4863943E-01
9.043580E-08,-1.4869214E-01
9.048580E-08,-1.4874485E-01
9.053580E-08,-1.4879755E-01
9.058580E-08,-1.4885026E-01
9.063580E-08,-1.4890297E-01
9.068580E-08,-1.4895568E-01
9.073580E-08,-1.4900839E-01
9.078580E-08,-1.4906110E-01
9.083580E-08,-1.4911381E-01
9.088580E-08,-1.4916652E-01
9.093580E-08,-1.4927194E-01
9.098580E-08,-1.4932464E-01
9.103580E-08,-1.4937735E-01
9.108580E-08,-1.4943006E-01
9.113580E-08,-1.4948277E-01
9.118580E-08,-1.4953548E-01
9.123580E-08,-1.4958819E-01
9.128580E-08,-1.4964090E-01
9.133580E-08,-1.4969361E-01
9.138580E-08,-1.4969361E-01
9.143580E-08,-1.4974632E-01
9.148580E-08,-1.4974632E-01
9.153580E-08,-1.4979903E-01
9.158580E-08,-1.4979903E-01
9.163580E-08,-1.4979903E-01
9.168580E-08,-1.4979903E-01
9.173580E-08,-1.4979903E-01
9.178580E-08,-1.4979903E-01
9.183580E-08,-1.4979903E-01
9.188580E-08,-1.4979903E-01
9.193580E-08,-1.4974632E-01
9.198580E-08,-1.4974632E-01
9.203580E-08,-1.4974632E-01
9.208580E-08,-1.4969361E-01
9.213580E-08,-1.4969361E-01
9.218580E-08,-1.4969361E-01
9.223580E-08,-1.4964090E-01
9.228580E-08,-1.4964090E-01
9.233580E-08,-1.4964090E-01
9.238580E-08,-1.4958819E-01
9.243580E-08,-1.4958819E-01
9.248580E-08,-1.4958819E-01
9.253580E-08,-1.4958819E-01
9.258580E-08,-1.4958819E-01
9.263580E-08,-1.4958819E-01
9.268580E-08,-1.4958819E-01
9.273580E-08,-1.4958819E-01
9.278580E-08,-1.4958819E-01
9.283580E-08,-1.4958819E-01
9.288580E-08,-1.4958819E-01
9.293580E-08,-1.4958819E-01
9.298580E-08,-1.4964090E-01
9.303580E-08,-1.4964090E-01
9.308580E-08,-1.4964090E-01
9.313580E-08,-1.4964090E-01
9.318580E-08,-1.4969361E-01
9.323580E-08,-1.4969361E-01
9.328580E-08,-1.4969361E-01
9.333580E-08,-1.4969361E-01
9.338580E-08,-1.4974632E-01
9.343580E-08,-1.4974632E-01
9.348580E-08,-1.4974632E-01
9.353580E-08,-1.4974632E-01
9.358580E-08,-1.4974632E-01
9.363580E-08,-1.4974632E-01
9.368580E-08,-1.4974632E-01
9.373580E-08,-1.4974632E-01
9.378580E-08,-1.4969361E-01
9.383580E-08,-1.4969361E-01
9.388580E-08,-1.4969361E-01
9.393580E-08,-1.4969361E-01
9.398580E-08,-1.4964090E-01
9.403580E-08,-1.4964090E-01
9.408580E-08,-1.4964090E-01
9.413580E-08,-1.4964090E-01
9.418580E-08,-1.4964090E-01
9.423580E-08,-1.4958819E-01
9.428580E-08,-1.4958819E-01
9.433580E-08,-1.4958819E-01
9.438580E-08,-1.4958819E-01
9.443580E-08,-1.4958819E-01
9.448580E-08,-1.4958819E-01
9.453580E-08,-1.4958819E-01
9.458580E-08,-1.4958819E-01
9.463580E-08,-1.4958819E-01
9.468580E-08,-1.4958819E-01
9.473580E-08,-1.4964090E-01
9.478580E-08,-1.4964090E-01
9.483580E-08,-1.4964090E-01
9.488580E-08,-1.4964090E-01
9.493580E-08,-1.4969361E-01
9.498580E-08,-1.4969361E-01
9.503580E-08,-1.4969361E-01
9.508580E-08,-1.4969361E-01
9.513580E-08,-1.4969361E-01
9.518580E-08,-1.4969361E-01
9.523580E-08,-1.4969361E-01
9.528580E-08,-1.4969361E-01
9.533580E-08,-1.4969361E-01
9.538580E-08,-1.4969361E-01
9.543580E-08,-1.4964090E-01
9.548580E-08,-1.4964090E-01
9.553580E-08,-1.4964090E-01
9.558580E-08,-1.4958819E-01
9.563580E-08,-1.4953548E-01
9.568580E-08,-1.4953548E-01
9.573580E-08,-1.4948277E-01
9.578580E-08,-1.4943006E-01
9.583580E-08,-1.4943006E-01
9.588580E-08,-1.4937735E-01
9.593580E-08,-1.4932464E-01
9.598580E-08,-1.4932464E-01
9.603580E-08,-1.4927194E-01
9.608580E-08,-1.4927194E-01
9.613580E-08,-1.4927194E-01
9.618580E-08,-1.4921923E-01
9.623580E-08,-1.4921923E-01
9.628580E-08,-1.4921923E-01
9.633580E-08,-1.4921923E-01
9.638580E-08,-1.4927194E-01
9.643580E-08,-1.4927194E-01
9.648580E-08,-1.4932464E-01
9.653580E-08,-1.4937735E-01
9.658580E-08,-1.4937735E-01
9.663580E-08,-1.4943006E-01
9.668580E-08,-1.4948277E-01
9.673580E-08,-1.4958819E-01
9.678580E-08,-1.4964090E-01
9.683580E-08,-1.4969361E-01
9.688580E-08,-1.4974632E-01
9.693580E-08,-1.4985173E-01
9.698580E-08,-1.4990444E-01
9.703580E-08,-1.5000986E-01
9.708580E-08,-1.5006257E-01
9.713580E-08,-1.5011528E-01
9.718580E-08,-1.5016799E-01
9.723580E-08,-1.5027341E-01
9.728580E-08,-1.5032612E-01
9.733580E-08,-1.5037883E-01
9.738580E-08,-1.5037883E-01
9.743580E-08,-1.5043153E-01
9.748580E-08,-1.5043153E-01
9.753580E-08,-1.5048424E-01
9.758580E-08,-1.5048424E-01
9.763580E-08,-1.5048424E-01
9.768580E-08,-1.5048424E-01
9.773580E-08,-1.5048424E-01
9.778580E-08,-1.5048424E-01
9.783580E-08,-1.5043153E-01
9.788580E-08,-1.5043153E-01
9.793580E-08,-1.5037883E-01
9.798580E-08,-1.5037883E-01
9.803580E-08,-1.5032612E-01
9.808580E-08,-1.5027341E-01
9.813580E-08,-1.5027341E-01
9.818580E-08,-1.5022070E-01
9.823580E-08,-1.5016799E-01
9.828580E-08,-1.5016799E-01
9.833580E-08,-1.5011528E-01
9.838580E-08,-1.5011528E-01
9.843580E-08,-1.5011528E-01
9.848580E-08,-1.5011528E-01
9.853580E-08,-1.5011528E-01
9.858580E-08,-1.5011528E-01
9.863580E-08,-1.5011528E-01
9.868580E-08,-1.5016799E-01
9.873580E-08,-1.5016799E-01
9.878580E-08,-1.5022070E-01
9.883580E-08,-1.5027341E-01
9.888580E-08,-1.5032612E-01
9.893580E-08,-1.5037883E-01
9.898580E-08,-1.5043153E-01
9.903580E-08,-1.5048424E-01
9.908580E-08,-1.5053695E-01
9.913580E-08,-1.5058966E-01
9.918580E-08,-1.5064237E-01
9.923580E-08,-1.5069508E-01
9.928580E-08,-1.5074779E-01
9.933580E-08,-1.5074779E-01
9.938580E-08,-1.5080050E-01
9.943580E-08,-1.5085321E-01
9.948580E-08,-1.5085321E-01
9.953580E-08,-1.5085321E-01
9.958580E-08,-1.5085321E-01
9.963580E-08,-1.5085321E-01
9.968580E-08,-1.5085321E-01
9.973580E-08,-1.5080050E-01
9.978580E-08,-1.5080050E-01
9.983580E-08,-1.5074779E-01
9.988580E-08,-1.5069508E-01
9.993580E-08,-1.5064237E-01
9.998580E-08,-1.5058966E-01
1.0003580E-07,-1.5048424E-01
1.0008580E-07,-1.5043153E-01
1.0013580E-07,-1.5032612E-01
1.0018580E-07,-1.5027341E-01
1.0023580E-07,-1.5016799E-01
1.0028580E-07,-1.5006257E-01
1.0033580E-07,-1.5000986E-01
1.0038580E-07,-1.4990444E-01
1.0043580E-07,-1.4979903E-01
1.0048580E-07,-1.4974632E-01
1.0053580E-07,-1.4964090E-01
1.0058580E-07,-1.4958819E-01
1.0063580E-07,-1.4953548E-01
1.0068580E-07,-1.4943006E-01
1.0073580E-07,-1.4937735E-01
1.0078580E-07,-1.4932464E-01
1.0083580E-07,-1.4932464E-01
1.0088580E-07,-1.4927194E-01
1.0093580E-07,-1.4921923E-01
1.0098580E-07,-1.4921923E-01
1.0103580E-07,-1.4916652E-01
1.0108580E-07,-1.4916652E-01
1.0113580E-07,-1.4916652E-01
1.0118580E-07,-1.4916652E-01
1.0123580E-07,-1.4916652E-01
1.0128580E-07,-1.4916652E-01
1.0133580E-07,-1.4916652E-01
1.0138580E-07,-1.4916652E-01
1.0143580E-07,-1.4916652E-01
1.0148580E-07,-1.4916652E-01
1.0153580E-07,-1.4916652E-01
1.0158580E-07,-1.4921923E-01
1.0163580E-07,-1.4921923E-01
1.0168580E-07,-1.4921923E-01
1.0173580E-07,-1.4921923E-01
1.0178580E-07,-1.4921923E-01
1.0183580E-07,-1.4921923E-01
1.0188580E-07,-1.4921923E-01
1.0193580E-07,-1.4916652E-01
1.0198580E-07,-1.4916652E-01
1.0203580E-07,-1.4916652E-01
1.0208580E-07,-1.4916652E-01
1.0213580E-07,-1.4916652E-01
1.0218580E-07,-1.4916652E-01
1.0223580E-07,-1.4916652E-01
1.0228580E-07,-1.4916652E-01
1.0233580E-07,-1.4916652E-01
1.0238580E-07,-1.4916652E-01
1.0243580E-07,-1.4916652E-01
1.0248580E-07,-1.4916652E-01
1.0253580E-07,-1.4916652E-01
1.0258580E-07,-1.4916652E-01
1.0263580E-07,-1.4916652E-01
1.0268580E-07,-1.4921923E-01
1.0273580E-07,-1.4921923E-01
1.0278580E-07,-1.4921923E-01
1.0283580E-07,-1.4927194E-01
1.0288580E-07,-1.4932464E-01
1.0293580E-07,-1.4932464E-01
1.0298580E-07,-1.4937735E-01
1.0303580E-07,-1.4943006E-01
1.0308580E-07,-1.4948277E-01
1.0313580E-07,-1.4953548E-01
1.0318580E-07,-1.4958819E-01
1.0323580E-07,-1.4958819E-01
1.0328580E-07,-1.4964090E-01
1.0333580E-07,-1.4969361E-01
1.0338580E-07,-1.4974632E-01
1.0343580E-07,-1.4979903E-01
1.0348580E-07,-1.4985173E-01
1.0353580E-07,-1.4990444E-01
1.0358580E-07,-1.4990444E-01
1.0363580E-07,-1.4995715E-01
1.0368580E-07,-1.5000986E-01
1.0373580E-07,-1.5000986E-01
1.0378580E-07,-1.5006257E-01
1.0383580E-07,-1.5006257E-01
1.0388580E-07,-1.5006257E-01
1.0393580E-07,-1.5006257E-01
1.0398580E-07,-1.5011528E-01
1.0403580E-07,-1.5011528E-01
1.0408580E-07,-1.5011528E-01
1.0413580E-07,-1.5011528E-01
1.0418580E-07,-1.5011528E-01
1.0423580E-07,-1.5011528E-01
1.0428580E-07,-1.5006257E-01
1.0433580E-07,-1.5006257E-01
1.0438580E-07,-1.5006257E-01
1.0443580E-07,-1.5006257E-01
1.0448580E-07,-1.5006257E-01
1.0453580E-07,-1.5006257E-01
1.0458580E-07,-1.5006257E-01
1.0463580E-07,-1.5006257E-01
1.0468580E-07,-1.5006257E-01
1.0473580E-07,-1.5006257E-01
1.0478580E-07,-1.5006257E-01
1.0483580E-07,-1.5006257E-01
1.0488580E-07,-1.5006257E-01
1.0493580E-07,-1.5006257E-01
1.0498580E-07,-1.5006257E-01
1.0503580E-07,-1.5006257E-01
1.0508580E-07,-1.5006257E-01
1.0513580E-07,-1.5006257E-01
1.0518580E-07,-1.5006257E-01
1.0523580E-07,-1.5006257E-01
1.0528580E-07,-1.5006257E-01
1.0533580E-07,-1.5006257E-01
1.0538580E-07,-1.5011528E-01
1.0543580E-07,-1.5011528E-01
1.0548580E-07,-1.5006257E-01
1.0553580E-07,-1.5006257E-01
1.0558580E-07,-1.5006257E-01
1.0563580E-07,-1.5006257E-01
1.0568580E-07,-1.5006257E-01
1.0573580E-07,-1.5006257E-01
1.0578580E-07,-1.5000986E-01
1.0583580E-07,-1.5000986E-01
1.0588580E-07,-1.5000986E-01
1.0593580E-07,-1.4995715E-01
1.0598580E-07,-1.4995715E-01
1.0603580E-07,-1.4995715E-01
1.0608580E-07,-1.4990444E-01
1.0613580E-07,-1.4990444E-01
1.0618580E-07,-1.4990444E-01
1.0623580E-07,-1.4985173E-01
1.0628580E-07,-1.4985173E-01
1.0633580E-07,-1.4985173E-01
1.0638580E-07,-1.4985173E-01
1.0643580E-07,-1.4985173E-01
1.0648580E-07,-1.4979903E-01
1.0653580E-07,-1.4979903E-01
1.0658580E-07,-1.4979903E-01
1.0663580E-07,-1.4979903E-01
1.0668580E-07,-1.4979903E-01
1.0673580E-07,-1.4979903E-01
1.0678580E-07,-1.4979903E-01
1.0683580E-07,-1.4979903E-01
1.0688580E-07,-1.4979903E-01
1.0693580E-07,-1.4979903E-01
1.0698580E-07,-1.4979903E-01
1.0703580E-07,-1.4979903E-01
1.0708580E-07,-1.4979903E-01
1.0713580E-07,-1.4979903E-01
1.0718580E-07,-1.4979903E-01
1.0723580E-07,-1.4979903E-01
1.0728580E-07,-1.4979903E-01
1.0733580E-07,-1.4979903E-01
1.0738580E-07,-1.4979903E-01
1.0743580E-07,-1.4979903E-01
1.0748580E-07,-1.4979903E-01
1.0753580E-07,-1.4974632E-01
1.0758580E-07,-1.4974632E-01
1.0763580E-07,-1.4974632E-01
1.0768580E-07,-1.4969361E-01
1.0773580E-07,-1.4969361E-01
1.0778580E-07,-1.4964090E-01
1.0783580E-07,-1.4964090E-01
1.0788580E-07,-1.4958819E-01
1.0793580E-07,-1.4958819E-01
1.0798580E-07,-1.4958819E-01
1.0803580E-07,-1.4953548E-01
1.0808580E-07,-1.4953548E-01
1.0813580E-07,-1.4948277E-01
1.0818580E-07,-1.4948277E-01
1.0823580E-07,-1.4948277E-01
1.0828580E-07,-1.4948277E-01
1.0833580E-07,-1.4943006E-01
1.0838580E-07,-1.4943006E-01
1.0843580E-07,-1.4943006E-01
1.0848580E-07,-1.4948277E-01
1.0853580E-07,-1.4948277E-01
1.0858580E-07,-1.4948277E-01
1.0863580E-07,-1.4948277E-01
1.0868580E-07,-1.4953548E-01
1.0873580E-07,-1.4953548E-01
1.0878580E-07,-1.4958819E-01
1.0883580E-07,-1.4958819E-01
1.0888580E-07,-1.4964090E-01
1.0893580E-07,-1.4964090E-01
1.0898580E-07,-1.4969361E-01
1.0903580E-07,-1.4974632E-01
1.0908580E-07,-1.4974632E-01
1.0913580E-07,-1.4979903E-01
1.0918580E-07,-1.4979903E-01
1.0923580E-07,-1.4985173E-01
1.0928580E-07,-1.4985173E-01
1.0933580E-07,-1.4985173E-01
1.0938580E-07,-1.4985173E-01
1.0943580E-07,-1.4990444E-01
1.0948580E-07,-1.4985173E-01
1.0953580E-07,-1.4985173E-01
1.0958580E-07,-1.4985173E-01
1.0963580E-07,-1.4985173E-01
1.0968580E-07,-1.4979903E-01
1.0973580E-07,-1.4979903E-01
1.0978580E-07,-1.4974632E-01
1.0983580E-07,-1.4969361E-01
1.0988580E-07,-1.4964090E-01
1.0993580E-07,-1.4964090E-01
1.0998580E-07,-1.4958819E-01
1.1003580E-07,-1.4953548E-01
1.1008580E-07,-1.4948277E-01
1.1013580E-07,-1.4943006E-01
1.1018580E-07,-1.4943006E-01
1.1023580E-07,-1.4937735E-01
1.1028580E-07,-1.4932464E-01
1.1033580E-07,-1.4932464E-01
1.1038580E-07,-1.4927194E-01
1.1043580E-07,-1.4927194E-01
1.1048580E-07,-1.4927194E-01
1.1053580E-07,-1.4927194E-01
1.1058580E-07,-1.4927194E-01
1.1063580E-07,-1.4932464E-01
1.1068580E-07,-1.4932464E-01
1.1073580E-07,-1.4937735E-01
1.1078580E-07,-1.4937735E-01
1.1083580E-07,-1.4943006E-01
1.1088580E-07,-1.4948277E-01
1.1093580E-07,-1.4953548E-01
1.1098580E-07,-1.4958819E-01
1.1103580E-07,-1.4969361E-01
1.1108580E-07,-1.4974632E-01
1.1113580E-07,-1.4979903E-01
1.1118580E-07,-1.4990444E-01
1.1123580E-07,-1.4995715E-01
1.1128580E-07,-1.5000986E-01
1.1133580E-07,-1.5006257E-01
1.1138580E-07,-1.5016799E-01
1.1143580E-07,-1.5022070E-01
1.1148580E-07,-1.5027341E-01
1.1153580E-07,-1.5027341E-01
1.1158580E-07,-1.5032612E-01
1.1163580E-07,-1.5037883E-01
1.1168580E-07,-1.5037883E-01
1.1173580E-07,-1.5043153E-01
1.1178580E-07,-1.5043153E-01
1.1183580E-07,-1.5043153E-01
1.1188580E-07,-1.5037883E-01
1.1193580E-07,-1.5037883E-01
1.1198580E-07,-1.5037883E-01
1.1203580E-07,-1.5032612E-01
1.1208580E-07,-1.5027341E-01
1.1213580E-07,-1.5022070E-01
1.1218580E-07,-1.5016799E-01
1.1223580E-07,-1.5011528E-01
1.1228580E-07,-1.5006257E-01
1.1233580E-07,-1.5000986E-01
1.1238580E-07,-1.4995715E-01
1.1243580E-07,-1.4990444E-01
1.1248580E-07,-1.4985173E-01
1.1253580E-07,-1.4979903E-01
1.1258580E-07,-1.4974632E-01
1.1263580E-07,-1.4969361E-01
1.1268580E-07,-1.4964090E-01
1.1273580E-07,-1.4958819E-01
1.1278580E-07,-1.4958819E-01
1.1283580E-07,-1.4953548E-01
1.1288580E-07,-1.4953548E-01
1.1293580E-07,-1.4948277E-01
1.1298580E-07,-1.4948277E-01
1.1303580E-07,-1.4948277E-01
1.1308580E-07,-1.4948277E-01
1.1313580E-07,-1.4948277E-01
1.1318580E-07,-1.4948277E-01
1.1323580E-07,-1.4948277E-01
1.1328580E-07,-1.4953548E-01
1.1333580E-07,-1.4953548E-01
1.1338580E-07,-1.4958819E-01
1.1343580E-07,-1.4958819E-01
1.1348580E-07,-1.4964090E-01
1.1353580E-07,-1.4964090E-01
1.1358580E-07,-1.4969361E-01
1.1363580E-07,-1.4969361E-01
1.1368580E-07,-1.4974632E-01
1.1373580E-07,-1.4974632E-01
1.1378580E-07,-1.4974632E-01
1.1383580E-07,-1.4974632E-01
1.1388580E-07,-1.4979903E-01
1.1393580E-07,-1.4979903E-01
1.1398580E-07,-1.4979903E-01
1.1403580E-07,-1.4979903E-01
1.1408580E-07,-1.4974632E-01
1.1413580E-07,-1.4974632E-01
1.1418580E-07,-1.4974632E-01
1.1423580E-07,-1.4974632E-01
1.1428580E-07,-1.4969361E-01
1.1433580E-07,-1.4969361E-01
1.1438580E-07,-1.4964090E-01
1.1443580E-07,-1.4964090E-01
1.1448580E-07,-1.4958819E-01
1.1453580E-07,-1.4958819E-01
1.1458580E-07,-1.4953548E-01
1.1463580E-07,-1.4953548E-01
1.1468580E-07,-1.4948277E-01
1.1473580E-07,-1.4948277E-01
1.1478580E-07,-1.4948277E-01
1.1483580E-07,-1.4943006E-01
1.1488580E-07,-1.4943006E-01
1.1493580E-07,-1.4943006E-01
1.1498580E-07,-1.4943006E-01
1.1503580E-07,-1.4943006E-01
1.1508580E-07,-1.4943006E-01
1.1513580E-07,-1.4943006E-01
1.1518580E-07,-1.4943006E-01
1.1523580E-07,-1.4943006E-01
1.1528580E-07,-1.4948277E-01
1.1533580E-07,-1.4948277E-01
1.1538580E-07,-1.4948277E-01
1.1543580E-07,-1.4953548E-01
1.1548580E-07,-1.4953548E-01
1.1553580E-07,-1.4958819E-01
1.1558580E-07,-1.4958819E-01
1.1563580E-07,-1.4964090E-01
1.1568580E-07,-1.4969361E-01
1.1573580E-07,-1.4969361E-01
1.1578580E-07,-1.4974632E-01
1.1583580E-07,-1.4974632E-01
1.1588580E-07,-1.4979903E-01
1.1593580E-07,-1.4985173E-01
1.1598580E-07,-1.4985173E-01
1.1603580E-07,-1.4990444E-01
1.1608580E-07,-1.4995715E-01
1.1613580E-07,-1.4995715E-01
1.1618580E-07,-1.5000986E-01
1.1623580E-07,-1.5000986E-01
1.1628580E-07,-1.5006257E-01
1.1633580E-07,-1.5011528E-01
1.1638580E-07,-1.5011528E-01
1.1643580E-07,-1.5016799E-01
1.1648580E-07,-1.5016799E-01
1.1653580E-07,-1.5022070E-01
1.1658580E-07,-1.5022070E-01
1.1663580E-07,-1.5027341E-01
1.1668580E-07,-1.5027341E-01
1.1673580E-07,-1.5027341E-01
1.1678580E-07,-1.5032612E-01
1.1683580E-07,-1.5032612E-01
1.1688580E-07,-1.5032612E-01
1.1693580E-07,-1.5037883E-01
1.1698580E-07,-1.5037883E-01
1.1703580E-07,-1.5037883E-01
1.1708580E-07,-1.5037883E-01
1.1713580E-07,-1.5037883E-01
1.1718580E-07,-1.5037883E-01
1.1723580E-07,-1.5037883E-01
1.1728580E-07,-1.5037883E-01
1.1733580E-07,-1.5032612E-01
1.1738580E-07,-1.5032612E-01
1.1743580E-07,-1.5027341E-01
1.1748580E-07,-1.5027341E-01
1.1753580E-07,-1.5022070E-01
1.1758580E-07,-1.5016799E-01
1.1763580E-07,-1.5011528E-01
1.1768580E-07,-1.5006257E-01
1.1773580E-07,-1.5000986E-01
1.1778580E-07,-1.4995715E-01
1.1783580E-07,-1.4990444E-01
1.1788580E-07,-1.4979903E-01
1.1793580E-07,-1.4974632E-01
1.1798580E-07,-1.4964090E-01
1.1803580E-07,-1.4958819E-01
1.1808580E-07,-1.4948277E-01
1.1813580E-07,-1.4943006E-01
1.1818580E-07,-1.4932464E-01
1.1823580E-07,-1.4921923E-01
1.1828580E-07,-1.4916652E-01
1.1833580E-07,-1.4906110E-01
1.1838580E-07,-1.4900839E-01
1.1843580E-07,-1.4890297E-01
1.1848580E-07,-1.4885026E-01
1.1853580E-07,-1.4879755E-01
1.1858580E-07,-1.4869214E-01
1.1863580E-07,-1.4863943E-01
1.1868580E-07,-1.4863943E-01
1.1873580E-07,-1.4858672E-01
1.1878580E-07,-1.4858672E-01
1.1883580E-07,-1.4853401E-01
1.1888580E-07,-1.4853401E-01
1.1893580E-07,-1.4853401E-01
1.1898580E-07,-1.4853401E-01
1.1903580E-07,-1.4858672E-01
1.1908580E-07,-1.4858672E-01
1.1913580E-07,-1.4863943E-01
1.1918580E-07,-1.4869214E-01
1.1923580E-07,-1.4874485E-01
1.1928580E-07,-1.4879755E-01
1.1933580E-07,-1.4885026E-01
1.1938580E-07,-1.4890297E-01
1.1943580E-07,-1.4900839E-01
1.1948580E-07,-1.4906110E-01
1.1953580E-07,-1.4911381E-01
1.1958580E-07,-1.4921923E-01
1.1963580E-07,-1.4927194E-01
1.1968580E-07,-1.4937735E-01
1.1973580E-07,-1.4943006E-01
1.1978580E-07,-1.4948277E-01
1.1983580E-07,-1.4958819E-01
1.1988580E-07,-1.4964090E-01
1.1993580E-07,-1.4969361E-01
1.1998580E-07,-1.4974632E-01
1.2003580E-07,-1.4979903E-01
1.2008580E-07,-1.4985173E-01
1.2013580E-07,-1.4985173E-01
1.2018580E-07,-1.4990444E-01
1.2023580E-07,-1.4990444E-01
1.2028580E-07,-1.4995715E-01
1.2033580E-07,-1.4995715E-01
1.2038580E-07,-1.4995715E-01
1.2043580E-07,-1.4990444E-01
1.2048580E-07,-1.4990444E-01
1.2053580E-07,-1.4990444E-01
1.2058580E-07,-1.4985173E-01
1.2063580E-07,-1.4985173E-01
1.2068580E-07,-1.4979903E-01
1.2073580E-07,-1.4974632E-01
1.2078580E-07,-1.4969361E-01
1.2083580E-07,-1.4969361E-01
1.2088580E-07,-1.4964090E-01
1.2093580E-07,-1.4958819E-01
1.2098580E-07,-1.4948277E-01
1.2103580E-07,-1.4943006E-01
1.2108580E-07,-1.4937735E-01
1.2113580E-07,-1.4932464E-01
1.2118580E-07,-1.4927194E-01
1.2123580E-07,-1.4921923E-01
1.2128580E-07,-1.4916652E-01
1.2133580E-07,-1.4911381E-01
1.2138580E-07,-1.4906110E-01
1.2143580E-07,-1.4900839E-01
1.2148580E-07,-1.4895568E-01
1.2153580E-07,-1.4890297E-01
1.2158580E-07,-1.4885026E-01
1.2163580E-07,-1.4879755E-01
1.2168580E-07,-1.4874485E-01
1.2173580E-07,-1.4874485E-01
1.2178580E-07,-1.4869214E-01
1.2183580E-07,-1.4869214E-01
1.2188580E-07,-1.4863943E-01
1.2193580E-07,-1.4863943E-01
1.2198580E-07,-1.4858672E-01
1.2203580E-07,-1.4858672E-01
1.2208580E-07,-1.4858672E-01
1.2213580E-07,-1.4858672E-01
1.2218580E-07,-1.4858672E-01
1.2223580E-07,-1.4858672E-01
1.2228580E-07,-1.4853401E-01
1.2233580E-07,-1.4853401E-01
1.2238580E-07,-1.4858672E-01
1.2243580E-07,-1.4858672E-01
1.2248580E-07,-1.4858672E-01
1.2253580E-07,-1.4858672E-01
1.2258580E-07,-1.4858672E-01
1.2263580E-07,-1.4863943E-01
1.2268580E-07,-1.4863943E-01
1.2273580E-07,-1.4863943E-01
1.2278580E-07,-1.4869214E-01
1.2283580E-07,-1.4869214E-01
1.2288580E-07,-1.4869214E-01
1.2293580E-07,-1.4874485E-01
1.2298580E-07,-1.4874485E-01
1.2303580E-07,-1.4879755E-01
1.2308580E-07,-1.4879755E-01
1.2313580E-07,-1.4885026E-01
1.2318580E-07,-1.4885026E-01
1.2323580E-07,-1.4885026E-01
1.2328580E-07,-1.4890297E-01
1.2333580E-07,-1.4890297E-01
1.2338580E-07,-1.4895568E-01
1.2343580E-07,-1.4895568E-01
1.2348580E-07,-1.4895568E-01
1.2353580E-07,-1.4900839E-01
1.2358580E-07,-1.4900839E-01
1.2363580E-07,-1.4900839E-01
1.2368580E-07,-1.4906110E-01
1.2373580E-07,-1.4906110E-01
1.2378580E-07,-1.4906110E-01
1.2383580E-07,-1.4906110E-01
1.2388580E-07,-1.4906110E-01
1.2393580E-07,-1.4906110E-01
1.2398580E-07,-1.4906110E-01
1.2403580E-07,-1.4911381E-01
1.2408580E-07,-1.4911381E-01
1.2413580E-07,-1.4911381E-01
1.2418580E-07,-1.4911381E-01
1.2423580E-07,-1.4911381E-01
1.2428580E-07,-1.4911381E-01
1.2433580E-07,-1.4911381E-01
1.2438580E-07,-1.4911381E-01
1.2443580E-07,-1.4911381E-01
1.2448580E-07,-1.4911381E-01
1.2453580E-07,-1.4911381E-01
1.2458580E-07,-1.4911381E-01
1.2463580E-07,-1.4911381E-01
1.2468580E-07,-1.4916652E-01
1.2473580E-07,-1.4916652E-01
1.2478580E-07,-1.4916652E-01
1.2483580E-07,-1.4916652E-01
1.2488580E-07,-1.4921923E-01
1.2493580E-07,-1.4921923E-01
1.2498580E-07,-1.4921923E-01
1.2503580E-07,-1.4927194E-01
1.2508580E-07,-1.4927194E-01
1.2513580E-07,-1.4927194E-01
1.2518580E-07,-1.4932464E-01
1.2523580E-07,-1.4932464E-01
1.2528580E-07,-1.4932464E-01
1.2533580E-07,-1.4937735E-01
1.2538580E-07,-1.4937735E-01
1.2543580E-07,-1.4937735E-01
1.2548580E-07,-1.4943006E-01
1.2553580E-07,-1.4943006E-01
1.2558580E-07,-1.4943006E-01
1.2563580E-07,-1.4948277E-01
1.2568580E-07,-1.4948277E-01
1.2573580E-07,-1.4948277E-01
1.2578580E-07,-1.4948277E-01
1.2583580E-07,-1.4948277E-01
1.2588580E-07,-1.4953548E-01
1.2593580E-07,-1.4953548E-01
1.2598580E-07,-1.4953548E-01
1.2603580E-07,-1.4953548E-01
1.2608580E-07,-1.4953548E-01
1.2613580E-07,-1.4953548E-01
1.2618580E-07,-1.4953548E-01
1.2623580E-07,-1.4948277E-01
1.2628580E-07,-1.4948277E-01
1.2633580E-07,-1.4948277E-01
1.2638580E-07,-1.4948277E-01
1.2643580E-07,-1.4948277E-01
1.2648580E-07,-1.4948277E-01
1.2653580E-07,-1.4943006E-01
1.2658580E-07,-1.4943006E-01
1.2663580E-07,-1.4943006E-01
1.2668580E-07,-1.4943006E-01
1.2673580E-07,-1.4937735E-01
1.2678580E-07,-1.4937735E-01
1.2683580E-07,-1.4937735E-01
1.2688580E-07,-1.4937735E-01
1.2693580E-07,-1.4937735E-01
1.2698580E-07,-1.4937735E-01
1.2703580E-07,-1.4937735E-01
1.2708580E-07,-1.4937735E-01
1.2713580E-07,-1.4937735E-01
1.2718580E-07,-1.4943006E-01
1.2723580E-07,-1.4943006E-01
1.2728580E-07,-1.4943006E-01
1.2733580E-07,-1.4948277E-01
1.2738580E-07,-1.4948277E-01
1.2743580E-07,-1.4953548E-01
1.2748580E-07,-1.4958819E-01
1.2753580E-07,-1.4958819E-01
1.2758580E-07,-1.4964090E-01
1.2763580E-07,-1.4969361E-01
1.2768580E-07,-1.4974632E-01
1.2773580E-07,-1.4979903E-01
1.2778580E-07,-1.4979903E-01
1.2783580E-07,-1.4985173E-01
1.2788580E-07,-1.4990444E-01
1.2793580E-07,-1.4995715E-01
1.2798580E-07,-1.5000986E-01
1.2803580E-07,-1.5006257E-01
1.2808580E-07,-1.5006257E-01
1.2813580E-07,-1.5011528E-01
1.2818580E-07,-1.5016799E-01
1.2823580E-07,-1.5016799E-01
1.2828580E-07,-1.5022070E-01
1.2833580E-07,-1.5022070E-01
1.2838580E-07,-1.5022070E-01
1.2843580E-07,-1.5022070E-01
1.2848580E-07,-1.5022070E-01
1.2853580E-07,-1.5022070E-01
1.2858580E-07,-1.5022070E-01
1.2863580E-07,-1.5022070E-01
1.2868580E-07,-1.5016799E-01
