-7.139069E-08,-1.4932464E-01
-7.134069E-08,-1.4927194E-01
-7.129069E-08,-1.4927194E-01
-7.124069E-08,-1.4921923E-01
-7.119069E-08,-1.4921923E-01
-7.114069E-08,-1.4916652E-01
-7.109069E-08,-1.4916652E-01
-7.104069E-08,-1.4911381E-01
-7.099069E-08,-1.4911381E-01
-7.094069E-08,-1.4911381E-01
-7.089069E-08,-1.4911381E-01
-7.084069E-08,-1.4911381E-01
-7.079069E-08,-1.4911381E-01
-7.074069E-08,-1.4911381E-01
-7.069069E-08,-1.4916652E-01
-7.064069E-08,-1.4916652E-01
-7.059069E-08,-1.4921923E-01
-7.054069E-08,-1.4921923E-01
-7.049069E-08,-1.4927194E-01
-7.044069E-08,-1.4932464E-01
-7.039069E-08,-1.4937735E-01
-7.034069E-08,-1.4943006E-01
-7.029069E-08,-1.4943006E-01
-7.024069E-08,-1.4948277E-01
-7.019069E-08,-1.4953548E-01
-7.014069E-08,-1.4958819E-01
-7.009069E-08,-1.4964090E-01
-7.004069E-08,-1.4964090E-01
-6.999069E-08,-1.4969361E-01
-6.994069E-08,-1.4974632E-01
-6.989069E-08,-1.4974632E-01
-6.984069E-08,-1.4979903E-01
-6.979069E-08,-1.4979903E-01
-6.974069E-08,-1.4979903E-01
-6.969069E-08,-1.4979903E-01
-6.964069E-08,-1.4979903E-01
-6.959069E-08,-1.4979903E-01
-6.954069E-08,-1.4974632E-01
-6.949069E-08,-1.4974632E-01
-6.944069E-08,-1.4969361E-01
-6.939069E-08,-1.4969361E-01
-6.934069E-08,-1.4964090E-01
-6.929069E-08,-1.4958819E-01
-6.924069E-08,-1.4953548E-01
-6.919069E-08,-1.4953548E-01
-6.914069E-08,-1.4948277E-01
-6.909069E-08,-1.4943006E-01
-6.904069E-08,-1.4937735E-01
-6.899069E-08,-1.4932464E-01
-6.894069E-08,-1.4927194E-01
-6.889069E-08,-1.4921923E-01
-6.884069E-08,-1.4916652E-01
-6.879069E-08,-1.4916652E-01
-6.874069E-08,-1.4911381E-01
-6.869069E-08,-1.4906110E-01
-6.864069E-08,-1.4906110E-01
-6.859069E-08,-1.4906110E-01
-6.854069E-08,-1.4900839E-01
-6.849069E-08,-1.4900839E-01
-6.844069E-08,-1.4900839E-01
-6.839069E-08,-1.4906110E-01
-6.834069E-08,-1.4906110E-01
-6.829069E-08,-1.4906110E-01
-6.824069E-08,-1.4911381E-01
-6.819069E-08,-1.4911381E-01
-6.814069E-08,-1.4916652E-01
-6.809069E-08,-1.4921923E-01
-6.804069E-08,-1.4927194E-01
-6.799069E-08,-1.4932464E-01
-6.794069E-08,-1.4932464E-01
-6.789069E-08,-1.4937735E-01
-6.784069E-08,-1.4943006E-01
-6.779069E-08,-1.4948277E-01
-6.774069E-08,-1.4953548E-01
-6.769069E-08,-1.4958819E-01
-6.764069E-08,-1.4958819E-01
-6.759069E-08,-1.4964090E-01
-6.754069E-08,-1.4969361E-01
-6.749069E-08,-1.4969361E-01
-6.744069E-08,-1.4969361E-01
-6.739069E-08,-1.4974632E-01
-6.734069E-08,-1.4974632E-01
-6.729069E-08,-1.4974632E-01
-6.724069E-08,-1.4974632E-01
-6.719069E-08,-1.4974632E-01
-6.714069E-08,-1.4969361E-01
-6.709069E-08,-1.4969361E-01
-6.704069E-08,-1.4964090E-01
-6.699069E-08,-1.4964090E-01
-6.694069E-08,-1.4958819E-01
-6.689069E-08,-1.4958819E-01
-6.684069E-08,-1.4953548E-01
-6.679069E-08,-1.4948277E-01
-6.674069E-08,-1.4943006E-01
-6.669069E-08,-1.4937735E-01
-6.664069E-08,-1.4937735E-01
-6.659069E-08,-1.4932464E-01
-6.654069E-08,-1.4927194E-01
-6.649069E-08,-1.4921923E-01
-6.644069E-08,-1.4916652E-01
-6.639069E-08,-1.4911381E-01
-6.634069E-08,-1.4911381E-01
-6.629069E-08,-1.4906110E-01
-6.624069E-08,-1.4906110E-01
-6.619069E-08,-1.4900839E-01
-6.614069E-08,-1.4900839E-01
-6.609069E-08,-1.4895568E-01
-6.604069E-08,-1.4895568E-01
-6.599069E-08,-1.4895568E-01
-6.594069E-08,-1.4895568E-01
-6.589069E-08,-1.4890297E-01
-6.584069E-08,-1.4890297E-01
-6.579069E-08,-1.4890297E-01
-6.574069E-08,-1.4890297E-01
-6.569069E-08,-1.4890297E-01
-6.564069E-08,-1.4890297E-01
-6.559069E-08,-1.4895568E-01
-6.554069E-08,-1.4895568E-01
-6.549069E-08,-1.4895568E-01
-6.544069E-08,-1.4895568E-01
-6.539069E-08,-1.4895568E-01
-6.534069E-08,-1.4895568E-01
-6.529069E-08,-1.4895568E-01
-6.524069E-08,-1.4900839E-01
-6.519069E-08,-1.4900839E-01
-6.514069E-08,-1.4900839E-01
-6.509069E-08,-1.4900839E-01
-6.504069E-08,-1.4900839E-01
-6.499069E-08,-1.4900839E-01
-6.494069E-08,-1.4900839E-01
-6.489069E-08,-1.4900839E-01
-6.484069E-08,-1.4900839E-01
-6.479069E-08,-1.4900839E-01
-6.474069E-08,-1.4900839E-01
-6.469069E-08,-1.4900839E-01
-6.464069E-08,-1.4900839E-01
-6.459069E-08,-1.4900839E-01
-6.454069E-08,-1.4895568E-01
-6.449069E-08,-1.4895568E-01
-6.444069E-08,-1.4895568E-01
-6.439069E-08,-1.4895568E-01
-6.434069E-08,-1.4895568E-01
-6.429069E-08,-1.4895568E-01
-6.424069E-08,-1.4890297E-01
-6.419069E-08,-1.4890297E-01
-6.414069E-08,-1.4890297E-01
-6.409069E-08,-1.4890297E-01
-6.404069E-08,-1.4890297E-01
-6.399069E-08,-1.4885026E-01
-6.394069E-08,-1.4885026E-01
-6.389069E-08,-1.4885026E-01
-6.384069E-08,-1.4885026E-01
-6.379069E-08,-1.4885026E-01
-6.374069E-08,-1.4885026E-01
-6.369069E-08,-1.4885026E-01
-6.364069E-08,-1.4879755E-01
-6.359069E-08,-1.4879755E-01
-6.354069E-08,-1.4879755E-01
-6.349069E-08,-1.4879755E-01
-6.344069E-08,-1.4879755E-01
-6.339069E-08,-1.4879755E-01
-6.334069E-08,-1.4879755E-01
-6.329069E-08,-1.4879755E-01
-6.324069E-08,-1.4879755E-01
-6.319069E-08,-1.4879755E-01
-6.314069E-08,-1.4879755E-01
-6.309069E-08,-1.4879755E-01
-6.304069E-08,-1.4879755E-01
-6.299069E-08,-1.4879755E-01
-6.294069E-08,-1.4885026E-01
-6.289069E-08,-1.4885026E-01
-6.284069E-08,-1.4885026E-01
-6.279069E-08,-1.4885026E-01
-6.274069E-08,-1.4890297E-01
-6.269069E-08,-1.4890297E-01
-6.264069E-08,-1.4890297E-01
-6.259069E-08,-1.4895568E-01
-6.254069E-08,-1.4895568E-01
-6.249069E-08,-1.4900839E-01
-6.244069E-08,-1.4900839E-01
-6.239069E-08,-1.4906110E-01
-6.234069E-08,-1.4906110E-01
-6.229069E-08,-1.4911381E-01
-6.224069E-08,-1.4916652E-01
-6.219069E-08,-1.4916652E-01
-6.214069E-08,-1.4921923E-01
-6.209069E-08,-1.4921923E-01
-6.204069E-08,-1.4927194E-01
-6.199069E-08,-1.4927194E-01
-6.194069E-08,-1.4927194E-01
-6.189069E-08,-1.4932464E-01
-6.184069E-08,-1.4932464E-01
-6.179069E-08,-1.4932464E-01
-6.174069E-08,-1.4937735E-01
-6.169069E-08,-1.4937735E-01
-6.164069E-08,-1.4937735E-01
-6.159069E-08,-1.4932464E-01
-6.154069E-08,-1.4932464E-01
-6.149069E-08,-1.4932464E-01
-6.144069E-08,-1.4932464E-01
-6.139069E-08,-1.4927194E-01
-6.134069E-08,-1.4927194E-01
-6.129069E-08,-1.4921923E-01
-6.124069E-08,-1.4921923E-01
-6.119069E-08,-1.4916652E-01
-6.114069E-08,-1.4911381E-01
-6.109069E-08,-1.4906110E-01
-6.104069E-08,-1.4900839E-01
-6.099069E-08,-1.4895568E-01
-6.094069E-08,-1.4895568E-01
-6.089069E-08,-1.4890297E-01
-6.084069E-08,-1.4885026E-01
-6.079069E-08,-1.4879755E-01
-6.074069E-08,-1.4874485E-01
-6.069069E-08,-1.4869214E-01
-6.064069E-08,-1.4869214E-01
-6.059069E-08,-1.4863943E-01
-6.054069E-08,-1.4858672E-01
-6.049069E-08,-1.4858672E-01
-6.044069E-08,-1.4853401E-01
-6.039069E-08,-1.4853401E-01
-6.034069E-08,-1.4853401E-01
-6.029069E-08,-1.4853401E-01
-6.024069E-08,-1.4853401E-01
-6.019069E-08,-1.4853401E-01
-6.014069E-08,-1.4853401E-01
-6.009069E-08,-1.4853401E-01
-6.004069E-08,-1.4853401E-01
-5.999069E-08,-1.4858672E-01
-5.994069E-08,-1.4858672E-01
-5.989069E-08,-1.4863943E-01
-5.984069E-08,-1.4869214E-01
-5.979069E-08,-1.4869214E-01
-5.974069E-08,-1.4874485E-01
-5.969069E-08,-1.4879755E-01
-5.964069E-08,-1.4885026E-01
-5.959069E-08,-1.4890297E-01
-5.954069E-08,-1.4890297E-01
-5.949069E-08,-1.4895568E-01
-5.944069E-08,-1.4900839E-01
-5.939069E-08,-1.4906110E-01
-5.934069E-08,-1.4911381E-01
-5.929069E-08,-1.4911381E-01
-5.924069E-08,-1.4916652E-01
-5.919069E-08,-1.4916652E-01
-5.914069E-08,-1.4921923E-01
-5.909069E-08,-1.4921923E-01
-5.904069E-08,-1.4921923E-01
-5.899069E-08,-1.4921923E-01
-5.894069E-08,-1.4927194E-01
-5.889069E-08,-1.4921923E-01
-5.884069E-08,-1.4921923E-01
-5.879069E-08,-1.4921923E-01
-5.874069E-08,-1.4921923E-01
-5.869069E-08,-1.4916652E-01
-5.864069E-08,-1.4916652E-01
-5.859069E-08,-1.4911381E-01
-5.854069E-08,-1.4911381E-01
-5.849069E-08,-1.4906110E-01
-5.844069E-08,-1.4900839E-01
-5.839069E-08,-1.4900839E-01
-5.834069E-08,-1.4895568E-01
-5.829069E-08,-1.4890297E-01
-5.824069E-08,-1.4885026E-01
-5.819069E-08,-1.4879755E-01
-5.814069E-08,-1.4874485E-01
-5.809069E-08,-1.4874485E-01
-5.804069E-08,-1.4869214E-01
-5.799069E-08,-1.4863943E-01
-5.794069E-08,-1.4858672E-01
-5.789069E-08,-1.4858672E-01
-5.784069E-08,-1.4853401E-01
-5.779069E-08,-1.4848130E-01
-5.774069E-08,-1.4848130E-01
-5.769069E-08,-1.4842859E-01
-5.764069E-08,-1.4842859E-01
-5.759069E-08,-1.4837588E-01
-5.754069E-08,-1.4837588E-01
-5.749069E-08,-1.4837588E-01
-5.744069E-08,-1.4837588E-01
-5.739069E-08,-1.4832317E-01
-5.734069E-08,-1.4832317E-01
-5.729069E-08,-1.4832317E-01
-5.724069E-08,-1.4832317E-01
-5.719069E-08,-1.4832317E-01
-5.714069E-08,-1.4832317E-01
-5.709069E-08,-1.4837588E-01
-5.704069E-08,-1.4837588E-01
-5.699069E-08,-1.4837588E-01
-5.694069E-08,-1.4837588E-01
-5.689069E-08,-1.4842859E-01
-5.684069E-08,-1.4842859E-01
-5.679069E-08,-1.4842859E-01
-5.674069E-08,-1.4848130E-01
-5.669069E-08,-1.4848130E-01
-5.664069E-08,-1.4848130E-01
-5.659069E-08,-1.4853401E-01
-5.654069E-08,-1.4853401E-01
-5.649069E-08,-1.4853401E-01
-5.644069E-08,-1.4858672E-01
-5.639069E-08,-1.4858672E-01
-5.634069E-08,-1.4863943E-01
-5.629069E-08,-1.4863943E-01
-5.624069E-08,-1.4863943E-01
-5.619069E-08,-1.4863943E-01
-5.614069E-08,-1.4869214E-01
-5.609069E-08,-1.4869214E-01
-5.604069E-08,-1.4869214E-01
-5.599069E-08,-1.4869214E-01
-5.594069E-08,-1.4874485E-01
-5.589069E-08,-1.4874485E-01
-5.584069E-08,-1.4874485E-01
-5.579069E-08,-1.4874485E-01
-5.574069E-08,-1.4874485E-01
-5.569069E-08,-1.4874485E-01
-5.564069E-08,-1.4874485E-01
-5.559069E-08,-1.4874485E-01
-5.554069E-08,-1.4874485E-01
-5.549069E-08,-1.4869214E-01
-5.544069E-08,-1.4869214E-01
-5.539069E-08,-1.4869214E-01
-5.534069E-08,-1.4869214E-01
-5.529069E-08,-1.4869214E-01
-5.524069E-08,-1.4869214E-01
-5.519069E-08,-1.4869214E-01
-5.514069E-08,-1.4863943E-01
-5.509069E-08,-1.4863943E-01
-5.504069E-08,-1.4863943E-01
-5.499069E-08,-1.4863943E-01
-5.494069E-08,-1.4863943E-01
-5.489069E-08,-1.4858672E-01
-5.484069E-08,-1.4858672E-01
-5.479069E-08,-1.4858672E-01
-5.474069E-08,-1.4858672E-01
-5.469069E-08,-1.4858672E-01
-5.464069E-08,-1.4858672E-01
-5.459069E-08,-1.4858672E-01
-5.454069E-08,-1.4858672E-01
-5.449069E-08,-1.4858672E-01
-5.444069E-08,-1.4858672E-01
-5.439069E-08,-1.4858672E-01
-5.434069E-08,-1.4858672E-01
-5.429069E-08,-1.4858672E-01
-5.424069E-08,-1.4858672E-01
-5.419069E-08,-1.4858672E-01
-5.414069E-08,-1.4858672E-01
-5.409069E-08,-1.4863943E-01
-5.404069E-08,-1.4863943E-01
-5.399069E-08,-1.4863943E-01
-5.394069E-08,-1.4863943E-01
-5.389069E-08,-1.4869214E-01
-5.384069E-08,-1.4869214E-01
-5.379069E-08,-1.4874485E-01
-5.374069E-08,-1.4874485E-01
-5.369069E-08,-1.4879755E-01
-5.364069E-08,-1.4879755E-01
-5.359069E-08,-1.4885026E-01
-5.354069E-08,-1.4885026E-01
-5.349069E-08,-1.4890297E-01
-5.344069E-08,-1.4890297E-01
-5.339069E-08,-1.4895568E-01
-5.334069E-08,-1.4900839E-01
-5.329069E-08,-1.4900839E-01
-5.324069E-08,-1.4906110E-01
-5.319069E-08,-1.4911381E-01
-5.314069E-08,-1.4916652E-01
-5.309069E-08,-1.4916652E-01
-5.304069E-08,-1.4921923E-01
-5.299069E-08,-1.4927194E-01
-5.294069E-08,-1.4927194E-01
-5.289069E-08,-1.4932464E-01
-5.284069E-08,-1.4932464E-01
-5.279069E-08,-1.4937735E-01
-5.274069E-08,-1.4937735E-01
-5.269069E-08,-1.4943006E-01
-5.264069E-08,-1.4943006E-01
-5.259069E-08,-1.4948277E-01
-5.254069E-08,-1.4948277E-01
-5.249069E-08,-1.4948277E-01
-5.244069E-08,-1.4948277E-01
-5.239069E-08,-1.4948277E-01
-5.234069E-08,-1.4948277E-01
-5.229069E-08,-1.4948277E-01
-5.224069E-08,-1.4948277E-01
-5.219069E-08,-1.4943006E-01
-5.214069E-08,-1.4943006E-01
-5.209069E-08,-1.4943006E-01
-5.204069E-08,-1.4937735E-01
-5.199069E-08,-1.4937735E-01
-5.194069E-08,-1.4932464E-01
-5.189069E-08,-1.4927194E-01
-5.184069E-08,-1.4921923E-01
-5.179069E-08,-1.4921923E-01
-5.174069E-08,-1.4916652E-01
-5.169069E-08,-1.4911381E-01
-5.164069E-08,-1.4906110E-01
-5.159069E-08,-1.4900839E-01
-5.154069E-08,-1.4895568E-01
-5.149069E-08,-1.4890297E-01
-5.144069E-08,-1.4885026E-01
-5.139069E-08,-1.4885026E-01
-5.134069E-08,-1.4879755E-01
-5.129069E-08,-1.4874485E-01
-5.124069E-08,-1.4869214E-01
-5.119069E-08,-1.4869214E-01
-5.114069E-08,-1.4863943E-01
-5.109069E-08,-1.4863943E-01
-5.104069E-08,-1.4858672E-01
-5.099069E-08,-1.4858672E-01
-5.094069E-08,-1.4853401E-01
-5.089069E-08,-1.4853401E-01
-5.084069E-08,-1.4853401E-01
-5.079069E-08,-1.4848130E-01
-5.074069E-08,-1.4848130E-01
-5.069069E-08,-1.4848130E-01
-5.064069E-08,-1.4848130E-01
-5.059069E-08,-1.4848130E-01
-5.054069E-08,-1.4848130E-01
-5.049069E-08,-1.4848130E-01
-5.044069E-08,-1.4848130E-01
-5.039069E-08,-1.4842859E-01
-5.034069E-08,-1.4842859E-01
-5.029069E-08,-1.4842859E-01
-5.024069E-08,-1.4842859E-01
-5.019069E-08,-1.4842859E-01
-5.014069E-08,-1.4842859E-01
-5.009069E-08,-1.4842859E-01
-5.004069E-08,-1.4842859E-01
-4.999069E-08,-1.4837588E-01
-4.994069E-08,-1.4837588E-01
-4.989069E-08,-1.4837588E-01
-4.984069E-08,-1.4837588E-01
-4.979069E-08,-1.4837588E-01
-4.974069E-08,-1.4837588E-01
-4.969069E-08,-1.4837588E-01
-4.964069E-08,-1.4837588E-01
-4.959069E-08,-1.4832317E-01
-4.954069E-08,-1.4832317E-01
-4.949069E-08,-1.4832317E-01
-4.944069E-08,-1.4837588E-01
-4.939069E-08,-1.4837588E-01
-4.934069E-08,-1.4837588E-01
-4.929069E-08,-1.4837588E-01
-4.924069E-08,-1.4837588E-01
-4.919069E-08,-1.4842859E-01
-4.914069E-08,-1.4842859E-01
-4.909069E-08,-1.4848130E-01
-4.904069E-08,-1.4848130E-01
-4.899069E-08,-1.4853401E-01
-4.894069E-08,-1.4853401E-01
-4.889069E-08,-1.4858672E-01
-4.884069E-08,-1.4863943E-01
-4.879069E-08,-1.4863943E-01
-4.874069E-08,-1.4869214E-01
-4.869069E-08,-1.4874485E-01
-4.864069E-08,-1.4879755E-01
-4.859069E-08,-1.4879755E-01
-4.854069E-08,-1.4885026E-01
-4.849069E-08,-1.4885026E-01
-4.844069E-08,-1.4890297E-01
-4.839069E-08,-1.4895568E-01
-4.834069E-08,-1.4895568E-01
-4.829069E-08,-1.4900839E-01
-4.824069E-08,-1.4900839E-01
-4.819069E-08,-1.4900839E-01
-4.814069E-08,-1.4900839E-01
-4.809069E-08,-1.4906110E-01
-4.804069E-08,-1.4906110E-01
-4.799069E-08,-1.4906110E-01
-4.794069E-08,-1.4906110E-01
-4.789069E-08,-1.4906110E-01
-4.784069E-08,-1.4906110E-01
-4.779069E-08,-1.4906110E-01
-4.774069E-08,-1.4906110E-01
-4.769069E-08,-1.4906110E-01
-4.764069E-08,-1.4900839E-01
-4.759069E-08,-1.4900839E-01
-4.754069E-08,-1.4900839E-01
-4.749069E-08,-1.4900839E-01
-4.744069E-08,-1.4900839E-01
-4.739069E-08,-1.4900839E-01
-4.734069E-08,-1.4906110E-01
-4.729069E-08,-1.4906110E-01
-4.724069E-08,-1.4906110E-01
-4.719069E-08,-1.4906110E-01
-4.714069E-08,-1.4911381E-01
-4.709069E-08,-1.4911381E-01
-4.704069E-08,-1.4916652E-01
-4.699069E-08,-1.4916652E-01
-4.694069E-08,-1.4921923E-01
-4.689069E-08,-1.4927194E-01
-4.684069E-08,-1.4927194E-01
-4.679069E-08,-1.4932464E-01
-4.674069E-08,-1.4937735E-01
-4.669069E-08,-1.4943006E-01
-4.664069E-08,-1.4948277E-01
-4.659069E-08,-1.4948277E-01
-4.654069E-08,-1.4953548E-01
-4.649069E-08,-1.4958819E-01
-4.644069E-08,-1.4958819E-01
-4.639069E-08,-1.4964090E-01
-4.634069E-08,-1.4964090E-01
-4.629069E-08,-1.4964090E-01
-4.624069E-08,-1.4969361E-01
-4.619069E-08,-1.4969361E-01
-4.614069E-08,-1.4969361E-01
-4.609069E-08,-1.4969361E-01
-4.604069E-08,-1.4964090E-01
-4.599069E-08,-1.4964090E-01
-4.594069E-08,-1.4964090E-01
-4.589069E-08,-1.4958819E-01
-4.584069E-08,-1.4953548E-01
-4.579069E-08,-1.4953548E-01
-4.574069E-08,-1.4948277E-01
-4.569069E-08,-1.4943006E-01
-4.564069E-08,-1.4937735E-01
-4.559069E-08,-1.4932464E-01
-4.554069E-08,-1.4927194E-01
-4.549069E-08,-1.4921923E-01
-4.544069E-08,-1.4916652E-01
-4.539069E-08,-1.4916652E-01
-4.534069E-08,-1.4911381E-01
-4.529069E-08,-1.4906110E-01
-4.524069E-08,-1.4900839E-01
-4.519069E-08,-1.4900839E-01
-4.514069E-08,-1.4895568E-01
-4.509069E-08,-1.4895568E-01
-4.504069E-08,-1.4895568E-01
-4.499069E-08,-1.4895568E-01
-4.494069E-08,-1.4895568E-01
-4.489069E-08,-1.4895568E-01
-4.484069E-08,-1.4895568E-01
-4.479069E-08,-1.4895568E-01
-4.474069E-08,-1.4895568E-01
-4.469069E-08,-1.4895568E-01
-4.464069E-08,-1.4900839E-01
-4.459069E-08,-1.4900839E-01
-4.454069E-08,-1.4900839E-01
-4.449069E-08,-1.4906110E-01
-4.444069E-08,-1.4906110E-01
-4.439069E-08,-1.4906110E-01
-4.434069E-08,-1.4911381E-01
-4.429069E-08,-1.4911381E-01
-4.424069E-08,-1.4911381E-01
-4.419069E-08,-1.4911381E-01
-4.414069E-08,-1.4911381E-01
-4.409069E-08,-1.4911381E-01
-4.404069E-08,-1.4911381E-01
-4.399069E-08,-1.4906110E-01
-4.394069E-08,-1.4906110E-01
-4.389069E-08,-1.4906110E-01
-4.384069E-08,-1.4900839E-01
-4.379069E-08,-1.4895568E-01
-4.374069E-08,-1.4895568E-01
-4.369069E-08,-1.4890297E-01
-4.364069E-08,-1.4890297E-01
-4.359069E-08,-1.4885026E-01
-4.354069E-08,-1.4879755E-01
-4.349069E-08,-1.4879755E-01
-4.344069E-08,-1.4874485E-01
-4.339069E-08,-1.4874485E-01
-4.334069E-08,-1.4869214E-01
-4.329069E-08,-1.4869214E-01
-4.324069E-08,-1.4863943E-01
-4.319069E-08,-1.4863943E-01
-4.314069E-08,-1.4863943E-01
-4.309069E-08,-1.4863943E-01
-4.304069E-08,-1.4863943E-01
-4.299069E-08,-1.4869214E-01
-4.294069E-08,-1.4869214E-01
-4.289069E-08,-1.4874485E-01
-4.284069E-08,-1.4879755E-01
-4.279069E-08,-1.4879755E-01
-4.274069E-08,-1.4885026E-01
-4.269069E-08,-1.4890297E-01
-4.264069E-08,-1.4895568E-01
-4.259069E-08,-1.4900839E-01
-4.254069E-08,-1.4911381E-01
-4.249069E-08,-1.4916652E-01
-4.244069E-08,-1.4921923E-01
-4.239069E-08,-1.4927194E-01
-4.234069E-08,-1.4932464E-01
-4.229069E-08,-1.4943006E-01
-4.224069E-08,-1.4948277E-01
-4.219069E-08,-1.4948277E-01
-4.214069E-08,-1.4953548E-01
-4.209069E-08,-1.4958819E-01
-4.204069E-08,-1.4964090E-01
-4.199069E-08,-1.4964090E-01
-4.194069E-08,-1.4969361E-01
-4.189069E-08,-1.4969361E-01
-4.184069E-08,-1.4969361E-01
-4.179069E-08,-1.4969361E-01
-4.174069E-08,-1.4964090E-01
-4.169069E-08,-1.4964090E-01
-4.164069E-08,-1.4964090E-01
-4.159069E-08,-1.4958819E-01
-4.154069E-08,-1.4953548E-01
-4.149069E-08,-1.4953548E-01
-4.144069E-08,-1.4948277E-01
-4.139069E-08,-1.4943006E-01
-4.134069E-08,-1.4937735E-01
-4.129069E-08,-1.4932464E-01
-4.124069E-08,-1.4927194E-01
-4.119069E-08,-1.4921923E-01
-4.114069E-08,-1.4916652E-01
-4.109069E-08,-1.4911381E-01
-4.104069E-08,-1.4906110E-01
-4.099069E-08,-1.4906110E-01
-4.094069E-08,-1.4900839E-01
-4.089069E-08,-1.4895568E-01
-4.084069E-08,-1.4895568E-01
-4.079069E-08,-1.4890297E-01
-4.074069E-08,-1.4890297E-01
-4.069069E-08,-1.4890297E-01
-4.064069E-08,-1.4885026E-01
-4.059069E-08,-1.4885026E-01
-4.054069E-08,-1.4885026E-01
-4.049069E-08,-1.4885026E-01
-4.044069E-08,-1.4885026E-01
-4.039069E-08,-1.4885026E-01
-4.034069E-08,-1.4885026E-01
-4.029069E-08,-1.4885026E-01
-4.024069E-08,-1.4885026E-01
-4.019069E-08,-1.4885026E-01
-4.014069E-08,-1.4885026E-01
-4.009069E-08,-1.4879755E-01
-4.004069E-08,-1.4879755E-01
-3.999069E-08,-1.4879755E-01
-3.994069E-08,-1.4879755E-01
-3.989069E-08,-1.4879755E-01
-3.984069E-08,-1.4879755E-01
-3.979069E-08,-1.4874485E-01
-3.974069E-08,-1.4874485E-01
-3.969069E-08,-1.4874485E-01
-3.964069E-08,-1.4869214E-01
-3.959069E-08,-1.4869214E-01
-3.954069E-08,-1.4869214E-01
-3.949069E-08,-1.4863943E-01
-3.944069E-08,-1.4863943E-01
-3.939069E-08,-1.4863943E-01
-3.934069E-08,-1.4863943E-01
-3.929069E-08,-1.4863943E-01
-3.924069E-08,-1.4858672E-01
-3.919069E-08,-1.4858672E-01
-3.914069E-08,-1.4858672E-01
-3.909069E-08,-1.4863943E-01
-3.904069E-08,-1.4863943E-01
-3.899069E-08,-1.4863943E-01
-3.894069E-08,-1.4869214E-01
-3.889069E-08,-1.4869214E-01
-3.884069E-08,-1.4874485E-01
-3.879069E-08,-1.4879755E-01
-3.874069E-08,-1.4885026E-01
-3.869069E-08,-1.4885026E-01
-3.864069E-08,-1.4895568E-01
-3.859069E-08,-1.4900839E-01
-3.854069E-08,-1.4906110E-01
-3.849069E-08,-1.4911381E-01
-3.844069E-08,-1.4916652E-01
-3.839069E-08,-1.4921923E-01
-3.834069E-08,-1.4932464E-01
-3.829069E-08,-1.4937735E-01
-3.824069E-08,-1.4943006E-01
-3.819069E-08,-1.4948277E-01
-3.814069E-08,-1.4953548E-01
-3.809069E-08,-1.4958819E-01
-3.804069E-08,-1.4964090E-01
-3.799069E-08,-1.4969361E-01
-3.794069E-08,-1.4974632E-01
-3.789069E-08,-1.4974632E-01
-3.784069E-08,-1.4979903E-01
-3.779069E-08,-1.4979903E-01
-3.774069E-08,-1.4979903E-01
-3.769069E-08,-1.4979903E-01
-3.764069E-08,-1.4979903E-01
-3.759069E-08,-1.4979903E-01
-3.754069E-08,-1.4979903E-01
-3.749069E-08,-1.4979903E-01
-3.744069E-08,-1.4979903E-01
-3.739069E-08,-1.4974632E-01
-3.734069E-08,-1.4969361E-01
-3.729069E-08,-1.4969361E-01
-3.724069E-08,-1.4964090E-01
-3.719069E-08,-1.4964090E-01
-3.714069E-08,-1.4958819E-01
-3.709069E-08,-1.4953548E-01
-3.704069E-08,-1.4948277E-01
-3.699069E-08,-1.4948277E-01
-3.694069E-08,-1.4943006E-01
-3.689069E-08,-1.4937735E-01
-3.684069E-08,-1.4937735E-01
-3.679069E-08,-1.4932464E-01
-3.674069E-08,-1.4927194E-01
-3.669069E-08,-1.4927194E-01
-3.664069E-08,-1.4927194E-01
-3.659069E-08,-1.4921923E-01
-3.654069E-08,-1.4921923E-01
-3.649069E-08,-1.4916652E-01
-3.644069E-08,-1.4916652E-01
-3.639069E-08,-1.4916652E-01
-3.634069E-08,-1.4916652E-01
-3.629069E-08,-1.4916652E-01
-3.624069E-08,-1.4911381E-01
-3.619069E-08,-1.4911381E-01
-3.614069E-08,-1.4911381E-01
-3.609069E-08,-1.4911381E-01
-3.604069E-08,-1.4911381E-01
-3.599069E-08,-1.4911381E-01
-3.594069E-08,-1.4911381E-01
-3.589069E-08,-1.4911381E-01
-3.584069E-08,-1.4911381E-01
-3.579069E-08,-1.4911381E-01
-3.574069E-08,-1.4911381E-01
-3.569069E-08,-1.4911381E-01
-3.564069E-08,-1.4911381E-01
-3.559069E-08,-1.4911381E-01
-3.554069E-08,-1.4911381E-01
-3.549069E-08,-1.4911381E-01
-3.544069E-08,-1.4911381E-01
-3.539069E-08,-1.4916652E-01
-3.534069E-08,-1.4916652E-01
-3.529069E-08,-1.4916652E-01
-3.524069E-08,-1.4916652E-01
-3.519069E-08,-1.4916652E-01
-3.514069E-08,-1.4916652E-01
-3.509069E-08,-1.4916652E-01
-3.504069E-08,-1.4921923E-01
-3.499069E-08,-1.4921923E-01
-3.494069E-08,-1.4921923E-01
-3.489069E-08,-1.4921923E-01
-3.484069E-08,-1.4921923E-01
-3.479069E-08,-1.4921923E-01
-3.474069E-08,-1.4927194E-01
-3.469069E-08,-1.4927194E-01
-3.464069E-08,-1.4927194E-01
-3.459069E-08,-1.4927194E-01
-3.454069E-08,-1.4927194E-01
-3.449069E-08,-1.4927194E-01
-3.444069E-08,-1.4927194E-01
-3.439069E-08,-1.4927194E-01
-3.434069E-08,-1.4927194E-01
-3.429069E-08,-1.4927194E-01
-3.424069E-08,-1.4927194E-01
-3.419069E-08,-1.4921923E-01
-3.414069E-08,-1.4921923E-01
-3.409069E-08,-1.4921923E-01
-3.404069E-08,-1.4916652E-01
-3.399069E-08,-1.4916652E-01
-3.394069E-08,-1.4911381E-01
-3.389069E-08,-1.4911381E-01
-3.384069E-08,-1.4906110E-01
-3.379069E-08,-1.4906110E-01
-3.374069E-08,-1.4900839E-01
-3.369069E-08,-1.4900839E-01
-3.364069E-08,-1.4895568E-01
-3.359069E-08,-1.4895568E-01
-3.354069E-08,-1.4895568E-01
-3.349069E-08,-1.4890297E-01
-3.344069E-08,-1.4890297E-01
-3.339069E-08,-1.4890297E-01
-3.334069E-08,-1.4885026E-01
-3.329069E-08,-1.4885026E-01
-3.324069E-08,-1.4885026E-01
-3.319069E-08,-1.4885026E-01
-3.314069E-08,-1.4885026E-01
-3.309069E-08,-1.4885026E-01
-3.304069E-08,-1.4890297E-01
-3.299069E-08,-1.4890297E-01
-3.294069E-08,-1.4890297E-01
-3.289069E-08,-1.4895568E-01
-3.284069E-08,-1.4895568E-01
-3.279069E-08,-1.4900839E-01
-3.274069E-08,-1.4900839E-01
-3.269069E-08,-1.4906110E-01
-3.264069E-08,-1.4911381E-01
-3.259069E-08,-1.4911381E-01
-3.254069E-08,-1.4916652E-01
-3.249069E-08,-1.4921923E-01
-3.244069E-08,-1.4921923E-01
-3.239069E-08,-1.4927194E-01
-3.234069E-08,-1.4932464E-01
-3.229069E-08,-1.4937735E-01
-3.224069E-08,-1.4937735E-01
-3.219069E-08,-1.4943006E-01
-3.214069E-08,-1.4943006E-01
-3.209069E-08,-1.4948277E-01
-3.204069E-08,-1.4953548E-01
-3.199069E-08,-1.4953548E-01
-3.194069E-08,-1.4958819E-01
-3.189069E-08,-1.4958819E-01
-3.184069E-08,-1.4964090E-01
-3.179069E-08,-1.4964090E-01
-3.174069E-08,-1.4964090E-01
-3.169069E-08,-1.4969361E-01
-3.164069E-08,-1.4969361E-01
-3.159069E-08,-1.4974632E-01
-3.154069E-08,-1.4974632E-01
-3.149069E-08,-1.4979903E-01
-3.144069E-08,-1.4979903E-01
-3.139069E-08,-1.4979903E-01
-3.134069E-08,-1.4985173E-01
-3.129069E-08,-1.4985173E-01
-3.124069E-08,-1.4990444E-01
-3.119069E-08,-1.4990444E-01
-3.114069E-08,-1.4995715E-01
-3.109069E-08,-1.4995715E-01
-3.104069E-08,-1.5000986E-01
-3.099069E-08,-1.5006257E-01
-3.094069E-08,-1.5006257E-01
-3.089069E-08,-1.5011528E-01
-3.084069E-08,-1.5011528E-01
-3.079069E-08,-1.5011528E-01
-3.074069E-08,-1.5016799E-01
-3.069069E-08,-1.5016799E-01
-3.064069E-08,-1.5016799E-01
-3.059069E-08,-1.5016799E-01
-3.054069E-08,-1.5022070E-01
-3.049069E-08,-1.5016799E-01
-3.044069E-08,-1.5016799E-01
-3.039069E-08,-1.5016799E-01
-3.034069E-08,-1.5016799E-01
-3.029069E-08,-1.5011528E-01
-3.024069E-08,-1.5011528E-01
-3.019069E-08,-1.5006257E-01
-3.014069E-08,-1.5000986E-01
-3.009069E-08,-1.4995715E-01
-3.004069E-08,-1.4990444E-01
-2.999069E-08,-1.4985173E-01
-2.994069E-08,-1.4979903E-01
-2.989069E-08,-1.4974632E-01
-2.984069E-08,-1.4969361E-01
-2.979069E-08,-1.4964090E-01
-2.974069E-08,-1.4953548E-01
-2.969069E-08,-1.4948277E-01
-2.964069E-08,-1.4943006E-01
-2.959069E-08,-1.4937735E-01
-2.954069E-08,-1.4932464E-01
-2.949069E-08,-1.4927194E-01
-2.944069E-08,-1.4921923E-01
-2.939069E-08,-1.4921923E-01
-2.934069E-08,-1.4916652E-01
-2.929069E-08,-1.4916652E-01
-2.924069E-08,-1.4911381E-01
-2.919069E-08,-1.4911381E-01
-2.914069E-08,-1.4911381E-01
-2.909069E-08,-1.4911381E-01
-2.904069E-08,-1.4911381E-01
-2.899069E-08,-1.4916652E-01
-2.894069E-08,-1.4916652E-01
-2.889069E-08,-1.4921923E-01
-2.884069E-08,-1.4921923E-01
-2.879069E-08,-1.4927194E-01
-2.874069E-08,-1.4932464E-01
-2.869069E-08,-1.4932464E-01
-2.864069E-08,-1.4937735E-01
-2.859069E-08,-1.4943006E-01
-2.854069E-08,-1.4948277E-01
-2.849069E-08,-1.4948277E-01
-2.844069E-08,-1.4953548E-01
-2.839069E-08,-1.4958819E-01
-2.834069E-08,-1.4958819E-01
-2.829069E-08,-1.4958819E-01
-2.824069E-08,-1.4964090E-01
-2.819069E-08,-1.4964090E-01
-2.814069E-08,-1.4964090E-01
-2.809069E-08,-1.4964090E-01
-2.804069E-08,-1.4964090E-01
-2.799069E-08,-1.4964090E-01
-2.794069E-08,-1.4958819E-01
-2.789069E-08,-1.4958819E-01
-2.784069E-08,-1.4953548E-01
-2.779069E-08,-1.4948277E-01
-2.774069E-08,-1.4948277E-01
-2.769069E-08,-1.4943006E-01
-2.764069E-08,-1.4937735E-01
-2.759069E-08,-1.4932464E-01
-2.754069E-08,-1.4927194E-01
-2.749069E-08,-1.4921923E-01
-2.744069E-08,-1.4916652E-01
-2.739069E-08,-1.4911381E-01
-2.734069E-08,-1.4906110E-01
-2.729069E-08,-1.4900839E-01
-2.724069E-08,-1.4900839E-01
-2.719069E-08,-1.4895568E-01
-2.714069E-08,-1.4890297E-01
-2.709069E-08,-1.4890297E-01
-2.704069E-08,-1.4890297E-01
-2.699069E-08,-1.4885026E-01
-2.694069E-08,-1.4885026E-01
-2.689069E-08,-1.4885026E-01
-2.684069E-08,-1.4885026E-01
-2.679069E-08,-1.4885026E-01
-2.674069E-08,-1.4890297E-01
-2.669069E-08,-1.4890297E-01
-2.664069E-08,-1.4895568E-01
-2.659069E-08,-1.4895568E-01
-2.654069E-08,-1.4900839E-01
-2.649069E-08,-1.4900839E-01
-2.644069E-08,-1.4906110E-01
-2.639069E-08,-1.4911381E-01
-2.634069E-08,-1.4911381E-01
-2.629069E-08,-1.4916652E-01
-2.624069E-08,-1.4921923E-01
-2.619069E-08,-1.4927194E-01
-2.614069E-08,-1.4927194E-01
-2.609069E-08,-1.4932464E-01
-2.604069E-08,-1.4937735E-01
-2.599069E-08,-1.4937735E-01
-2.594069E-08,-1.4943006E-01
-2.589069E-08,-1.4943006E-01
-2.584069E-08,-1.4948277E-01
-2.579069E-08,-1.4948277E-01
-2.574069E-08,-1.4953548E-01
-2.569069E-08,-1.4953548E-01
-2.564069E-08,-1.4953548E-01
-2.559069E-08,-1.4958819E-01
-2.554069E-08,-1.4958819E-01
-2.549069E-08,-1.4958819E-01
-2.544069E-08,-1.4964090E-01
-2.539069E-08,-1.4964090E-01
-2.534069E-08,-1.4969361E-01
-2.529069E-08,-1.4969361E-01
-2.524069E-08,-1.4974632E-01
-2.519069E-08,-1.4974632E-01
-2.514069E-08,-1.4979903E-01
-2.509069E-08,-1.4979903E-01
-2.504069E-08,-1.4985173E-01
-2.499069E-08,-1.4990444E-01
-2.494069E-08,-1.4995715E-01
-2.489069E-08,-1.4995715E-01
-2.484069E-08,-1.5000986E-01
-2.479069E-08,-1.5006257E-01
-2.474069E-08,-1.5011528E-01
-2.469069E-08,-1.5016799E-01
-2.464069E-08,-1.5022070E-01
-2.459069E-08,-1.5022070E-01
-2.454069E-08,-1.5027341E-01
-2.449069E-08,-1.5032612E-01
-2.444069E-08,-1.5037883E-01
-2.439069E-08,-1.5037883E-01
-2.434069E-08,-1.5043153E-01
-2.429069E-08,-1.5043153E-01
-2.424069E-08,-1.5048424E-01
-2.419069E-08,-1.5048424E-01
-2.414069E-08,-1.5048424E-01
-2.409069E-08,-1.5053695E-01
-2.404069E-08,-1.5053695E-01
-2.399069E-08,-1.5053695E-01
-2.394069E-08,-1.5048424E-01
-2.389069E-08,-1.5048424E-01
-2.384069E-08,-1.5048424E-01
-2.379069E-08,-1.5043153E-01
-2.374069E-08,-1.5043153E-01
-2.369069E-08,-1.5037883E-01
-2.364069E-08,-1.5032612E-01
-2.359069E-08,-1.5032612E-01
-2.354069E-08,-1.5027341E-01
-2.349069E-08,-1.5022070E-01
-2.344069E-08,-1.5016799E-01
-2.339069E-08,-1.5011528E-01
-2.334069E-08,-1.5006257E-01
-2.329069E-08,-1.5000986E-01
-2.324069E-08,-1.4995715E-01
-2.319069E-08,-1.4990444E-01
-2.314069E-08,-1.4985173E-01
-2.309069E-08,-1.4979903E-01
-2.304069E-08,-1.4974632E-01
-2.299069E-08,-1.4969361E-01
-2.294069E-08,-1.4969361E-01
-2.289069E-08,-1.4964090E-01
-2.284069E-08,-1.4958819E-01
-2.279069E-08,-1.4958819E-01
-2.274069E-08,-1.4953548E-01
-2.269069E-08,-1.4953548E-01
-2.264069E-08,-1.4948277E-01
-2.259069E-08,-1.4948277E-01
-2.254069E-08,-1.4948277E-01
-2.249069E-08,-1.4948277E-01
-2.244069E-08,-1.4948277E-01
-2.239069E-08,-1.4948277E-01
-2.234069E-08,-1.4948277E-01
-2.229069E-08,-1.4948277E-01
-2.224069E-08,-1.4948277E-01
-2.219069E-08,-1.4948277E-01
-2.214069E-08,-1.4948277E-01
-2.209069E-08,-1.4953548E-01
-2.204069E-08,-1.4953548E-01
-2.199069E-08,-1.4953548E-01
-2.194069E-08,-1.4958819E-01
-2.189069E-08,-1.4958819E-01
-2.184069E-08,-1.4964090E-01
-2.179069E-08,-1.4964090E-01
-2.174069E-08,-1.4969361E-01
-2.169069E-08,-1.4969361E-01
-2.164069E-08,-1.4974632E-01
-2.159069E-08,-1.4974632E-01
-2.154069E-08,-1.4979903E-01
-2.149069E-08,-1.4979903E-01
-2.144069E-08,-1.4985173E-01
-2.139069E-08,-1.4985173E-01
-2.134069E-08,-1.4990444E-01
-2.129069E-08,-1.4990444E-01
-2.124069E-08,-1.4995715E-01
-2.119069E-08,-1.4995715E-01
-2.114069E-08,-1.4995715E-01
-2.109069E-08,-1.5000986E-01
-2.104069E-08,-1.5000986E-01
-2.099069E-08,-1.5000986E-01
-2.094069E-08,-1.5000986E-01
-2.089069E-08,-1.5000986E-01
-2.084069E-08,-1.5006257E-01
-2.079069E-08,-1.5006257E-01
-2.074069E-08,-1.5000986E-01
-2.069069E-08,-1.5000986E-01
-2.064069E-08,-1.5000986E-01
-2.059069E-08,-1.5000986E-01
-2.054069E-08,-1.5000986E-01
-2.049069E-08,-1.4995715E-01
-2.044069E-08,-1.4995715E-01
-2.039069E-08,-1.4995715E-01
-2.034069E-08,-1.4990444E-01
-2.029069E-08,-1.4990444E-01
-2.024069E-08,-1.4985173E-01
-2.019069E-08,-1.4985173E-01
-2.014069E-08,-1.4985173E-01
-2.009069E-08,-1.4979903E-01
-2.004069E-08,-1.4979903E-01
-1.999069E-08,-1.4974632E-01
-1.994069E-08,-1.4974632E-01
-1.989069E-08,-1.4974632E-01
-1.984069E-08,-1.4974632E-01
-1.979069E-08,-1.4974632E-01
-1.974069E-08,-1.4974632E-01
-1.969069E-08,-1.4974632E-01
-1.964069E-08,-1.4974632E-01
-1.959069E-08,-1.4974632E-01
-1.954069E-08,-1.4974632E-01
-1.949069E-08,-1.4974632E-01
-1.944069E-08,-1.4979903E-01
-1.939069E-08,-1.4979903E-01
-1.934069E-08,-1.4979903E-01
-1.929069E-08,-1.4985173E-01
-1.924069E-08,-1.4985173E-01
-1.919069E-08,-1.4990444E-01
-1.914069E-08,-1.4990444E-01
-1.909069E-08,-1.4995715E-01
-1.904069E-08,-1.4995715E-01
-1.899069E-08,-1.4995715E-01
-1.894069E-08,-1.5000986E-01
-1.889069E-08,-1.5000986E-01
-1.884069E-08,-1.5000986E-01
-1.879069E-08,-1.5000986E-01
-1.874069E-08,-1.5000986E-01
-1.869069E-08,-1.5000986E-01
-1.864069E-08,-1.5000986E-01
-1.859069E-08,-1.5000986E-01
-1.854069E-08,-1.4995715E-01
-1.849069E-08,-1.4995715E-01
-1.844069E-08,-1.4990444E-01
-1.839069E-08,-1.4985173E-01
-1.834069E-08,-1.4985173E-01
-1.829069E-08,-1.4979903E-01
-1.824069E-08,-1.4974632E-01
-1.819069E-08,-1.4969361E-01
-1.814069E-08,-1.4964090E-01
-1.809069E-08,-1.4958819E-01
-1.804069E-08,-1.4953548E-01
-1.799069E-08,-1.4948277E-01
-1.794069E-08,-1.4943006E-01
-1.789069E-08,-1.4937735E-01
-1.784069E-08,-1.4932464E-01
-1.779069E-08,-1.4927194E-01
-1.774069E-08,-1.4927194E-01
-1.769069E-08,-1.4921923E-01
-1.764069E-08,-1.4921923E-01
-1.759069E-08,-1.4921923E-01
-1.754069E-08,-1.4921923E-01
-1.749069E-08,-1.4921923E-01
-1.744069E-08,-1.4921923E-01
-1.739069E-08,-1.4927194E-01
-1.734069E-08,-1.4927194E-01
-1.729069E-08,-1.4932464E-01
-1.724069E-08,-1.4937735E-01
-1.719069E-08,-1.4943006E-01
-1.714069E-08,-1.4948277E-01
-1.709069E-08,-1.4953548E-01
-1.704069E-08,-1.4958819E-01
-1.699069E-08,-1.4969361E-01
-1.694069E-08,-1.4974632E-01
-1.689069E-08,-1.4979903E-01
-1.684069E-08,-1.4985173E-01
-1.679069E-08,-1.4995715E-01
-1.674069E-08,-1.5000986E-01
-1.669069E-08,-1.5006257E-01
-1.664069E-08,-1.5011528E-01
-1.659069E-08,-1.5016799E-01
-1.654069E-08,-1.5016799E-01
-1.649069E-08,-1.5022070E-01
-1.644069E-08,-1.5022070E-01
-1.639069E-08,-1.5027341E-01
-1.634069E-08,-1.5027341E-01
-1.629069E-08,-1.5027341E-01
-1.624069E-08,-1.5022070E-01
-1.619069E-08,-1.5022070E-01
-1.614069E-08,-1.5016799E-01
-1.609069E-08,-1.5011528E-01
-1.604069E-08,-1.5006257E-01
-1.599069E-08,-1.5000986E-01
-1.594069E-08,-1.4995715E-01
-1.589069E-08,-1.4990444E-01
-1.584069E-08,-1.4979903E-01
-1.579069E-08,-1.4974632E-01
-1.574069E-08,-1.4969361E-01
-1.569069E-08,-1.4958819E-01
-1.564069E-08,-1.4953548E-01
-1.559069E-08,-1.4948277E-01
-1.554069E-08,-1.4943006E-01
-1.549069E-08,-1.4932464E-01
-1.544069E-08,-1.4927194E-01
-1.539069E-08,-1.4921923E-01
-1.534069E-08,-1.4921923E-01
-1.529069E-08,-1.4916652E-01
-1.524069E-08,-1.4916652E-01
-1.519069E-08,-1.4911381E-01
-1.514069E-08,-1.4911381E-01
-1.509069E-08,-1.4911381E-01
-1.504069E-08,-1.4911381E-01
-1.499069E-08,-1.4911381E-01
-1.494069E-08,-1.4916652E-01
-1.489069E-08,-1.4916652E-01
-1.484069E-08,-1.4921923E-01
-1.479069E-08,-1.4927194E-01
-1.474069E-08,-1.4927194E-01
-1.469069E-08,-1.4932464E-01
-1.464069E-08,-1.4937735E-01
-1.459069E-08,-1.4943006E-01
-1.454069E-08,-1.4948277E-01
-1.449069E-08,-1.4953548E-01
-1.444069E-08,-1.4958819E-01
-1.439069E-08,-1.4964090E-01
-1.434069E-08,-1.4964090E-01
-1.429069E-08,-1.4969361E-01
-1.424069E-08,-1.4974632E-01
-1.419069E-08,-1.4979903E-01
-1.414069E-08,-1.4979903E-01
-1.409069E-08,-1.4985173E-01
-1.404069E-08,-1.4985173E-01
-1.399069E-08,-1.4990444E-01
-1.394069E-08,-1.4990444E-01
-1.389069E-08,-1.4990444E-01
-1.384069E-08,-1.4990444E-01
-1.379069E-08,-1.4990444E-01
-1.374069E-08,-1.4995715E-01
-1.369069E-08,-1.4995715E-01
-1.364069E-08,-1.4995715E-01
-1.359069E-08,-1.4990444E-01
-1.354069E-08,-1.4990444E-01
-1.349069E-08,-1.4990444E-01
-1.344069E-08,-1.4990444E-01
-1.339069E-08,-1.4990444E-01
-1.334069E-08,-1.4990444E-01
-1.329069E-08,-1.4990444E-01
-1.324069E-08,-1.4990444E-01
-1.319069E-08,-1.4985173E-01
-1.314069E-08,-1.4985173E-01
-1.309069E-08,-1.4985173E-01
-1.304069E-08,-1.4985173E-01
-1.299069E-08,-1.4985173E-01
-1.294069E-08,-1.4985173E-01
-1.289069E-08,-1.4985173E-01
-1.284069E-08,-1.4985173E-01
-1.279069E-08,-1.4985173E-01
-1.274069E-08,-1.4979903E-01
-1.269069E-08,-1.4979903E-01
-1.264069E-08,-1.4979903E-01
-1.259069E-08,-1.4979903E-01
-1.254069E-08,-1.4979903E-01
-1.249069E-08,-1.4974632E-01
-1.244069E-08,-1.4974632E-01
-1.239069E-08,-1.4974632E-01
-1.234069E-08,-1.4969361E-01
-1.229069E-08,-1.4969361E-01
-1.224069E-08,-1.4969361E-01
-1.219069E-08,-1.4964090E-01
-1.214069E-08,-1.4964090E-01
-1.209069E-08,-1.4958819E-01
-1.204069E-08,-1.4958819E-01
-1.199069E-08,-1.4953548E-01
-1.194069E-08,-1.4953548E-01
-1.189069E-08,-1.4948277E-01
-1.184069E-08,-1.4948277E-01
-1.179069E-08,-1.4943006E-01
-1.174069E-08,-1.4943006E-01
-1.169069E-08,-1.4937735E-01
-1.164069E-08,-1.4937735E-01
-1.159069E-08,-1.4937735E-01
-1.154069E-08,-1.4932464E-01
-1.149069E-08,-1.4932464E-01
-1.144069E-08,-1.4932464E-01
-1.139069E-08,-1.4932464E-01
-1.134069E-08,-1.4927194E-01
-1.129069E-08,-1.4927194E-01
-1.124069E-08,-1.4927194E-01
-1.119069E-08,-1.4927194E-01
-1.114069E-08,-1.4927194E-01
-1.109069E-08,-1.4927194E-01
-1.104069E-08,-1.4927194E-01
-1.099069E-08,-1.4927194E-01
-1.094069E-08,-1.4927194E-01
-1.089069E-08,-1.4927194E-01
-1.084069E-08,-1.4927194E-01
-1.079069E-08,-1.4927194E-01
-1.074069E-08,-1.4927194E-01
-1.069069E-08,-1.4927194E-01
-1.064069E-08,-1.4927194E-01
-1.059069E-08,-1.4927194E-01
-1.054069E-08,-1.4921923E-01
-1.049069E-08,-1.4921923E-01
-1.044069E-08,-1.4921923E-01
-1.039069E-08,-1.4916652E-01
-1.034069E-08,-1.4916652E-01
-1.029069E-08,-1.4911381E-01
-1.024069E-08,-1.4911381E-01
-1.019069E-08,-1.4906110E-01
-1.014069E-08,-1.4906110E-01
-1.009069E-08,-1.4900839E-01
-1.004069E-08,-1.4895568E-01
-9.99069E-09,-1.4895568E-01
-9.94069E-09,-1.4890297E-01
-9.89069E-09,-1.4890297E-01
-9.84069E-09,-1.4885026E-01
-9.79069E-09,-1.4885026E-01
-9.74069E-09,-1.4885026E-01
-9.69069E-09,-1.4879755E-01
-9.64069E-09,-1.4879755E-01
-9.59069E-09,-1.4879755E-01
-9.54069E-09,-1.4879755E-01
-9.49069E-09,-1.4879755E-01
-9.44069E-09,-1.4885026E-01
-9.39069E-09,-1.4885026E-01
-9.34069E-09,-1.4885026E-01
-9.29069E-09,-1.4890297E-01
-9.24069E-09,-1.4890297E-01
-9.19069E-09,-1.4895568E-01
-9.14069E-09,-1.4900839E-01
-9.09069E-09,-1.4906110E-01
-9.04069E-09,-1.4906110E-01
-8.99069E-09,-1.4911381E-01
-8.94069E-09,-1.4916652E-01
-8.89069E-09,-1.4921923E-01
-8.84069E-09,-1.4927194E-01
-8.79069E-09,-1.4932464E-01
-8.74069E-09,-1.4937735E-01
-8.69069E-09,-1.4937735E-01
-8.64069E-09,-1.4943006E-01
-8.59069E-09,-1.4948277E-01
-8.54069E-09,-1.4948277E-01
-8.49069E-09,-1.4948277E-01
-8.44069E-09,-1.4953548E-01
-8.39069E-09,-1.4953548E-01
-8.34069E-09,-1.4953548E-01
-8.29069E-09,-1.4953548E-01
-8.24069E-09,-1.4948277E-01
-8.19069E-09,-1.4948277E-01
-8.14069E-09,-1.4948277E-01
-8.09069E-09,-1.4943006E-01
-8.04069E-09,-1.4943006E-01
-7.99069E-09,-1.4937735E-01
-7.94069E-09,-1.4932464E-01
-7.89069E-09,-1.4927194E-01
-7.84069E-09,-1.4927194E-01
-7.79069E-09,-1.4921923E-01
-7.74069E-09,-1.4916652E-01
-7.69069E-09,-1.4911381E-01
-7.64069E-09,-1.4906110E-01
-7.59069E-09,-1.4900839E-01
-7.54069E-09,-1.4900839E-01
-7.49069E-09,-1.4895568E-01
-7.44069E-09,-1.4890297E-01
-7.39069E-09,-1.4890297E-01
-7.34069E-09,-1.4890297E-01
-7.29069E-09,-1.4885026E-01
-7.24069E-09,-1.4885026E-01
-7.19069E-09,-1.4885026E-01
-7.14069E-09,-1.4885026E-01
-7.09069E-09,-1.4885026E-01
-7.04069E-09,-1.4885026E-01
-6.99069E-09,-1.4885026E-01
-6.94069E-09,-1.4890297E-01
-6.89069E-09,-1.4890297E-01
-6.84069E-09,-1.4890297E-01
-6.79069E-09,-1.4895568E-01
-6.74069E-09,-1.4895568E-01
-6.69069E-09,-1.4895568E-01
-6.64069E-09,-1.4900839E-01
-6.59069E-09,-1.4900839E-01
-6.54069E-09,-1.4900839E-01
-6.49069E-09,-1.4900839E-01
-6.44069E-09,-1.4900839E-01
-6.39069E-09,-1.4900839E-01
-6.34069E-09,-1.4900839E-01
-6.29069E-09,-1.4900839E-01
-6.24069E-09,-1.4900839E-01
-6.19069E-09,-1.4895568E-01
-6.14069E-09,-1.4895568E-01
-6.09069E-09,-1.4890297E-01
-6.04069E-09,-1.4890297E-01
-5.99069E-09,-1.4885026E-01
-5.94069E-09,-1.4879755E-01
-5.89069E-09,-1.4874485E-01
-5.84069E-09,-1.4869214E-01
-5.79069E-09,-1.4863943E-01
-5.74069E-09,-1.4863943E-01
-5.69069E-09,-1.4858672E-01
-5.64069E-09,-1.4853401E-01
-5.59069E-09,-1.4848130E-01
-5.54069E-09,-1.4848130E-01
-5.49069E-09,-1.4842859E-01
-5.44069E-09,-1.4842859E-01
-5.39069E-09,-1.4837588E-01
-5.34069E-09,-1.4837588E-01
-5.29069E-09,-1.4837588E-01
-5.24069E-09,-1.4837588E-01
-5.19069E-09,-1.4842859E-01
-5.14069E-09,-1.4842859E-01
-5.09069E-09,-1.4848130E-01
-5.04069E-09,-1.4848130E-01
-4.99069E-09,-1.4853401E-01
-4.94069E-09,-1.4858672E-01
-4.89069E-09,-1.4863943E-01
-4.84069E-09,-1.4869214E-01
-4.79069E-09,-1.4879755E-01
-4.74069E-09,-1.4885026E-01
-4.69069E-09,-1.4890297E-01
-4.64069E-09,-1.4900839E-01
-4.59069E-09,-1.4906110E-01
-4.54069E-09,-1.4911381E-01
-4.49069E-09,-1.4921923E-01
-4.44069E-09,-1.4927194E-01
-4.39069E-09,-1.4932464E-01
-4.34069E-09,-1.4937735E-01
-4.29069E-09,-1.4943006E-01
-4.24069E-09,-1.4948277E-01
-4.19069E-09,-1.4948277E-01
-4.14069E-09,-1.4953548E-01
-4.09069E-09,-1.4953548E-01
-4.04069E-09,-1.4958819E-01
-3.99069E-09,-1.4958819E-01
-3.94069E-09,-1.4958819E-01
-3.89069E-09,-1.4958819E-01
-3.84069E-09,-1.4953548E-01
-3.79069E-09,-1.4953548E-01
-3.74069E-09,-1.4948277E-01
-3.69069E-09,-1.4948277E-01
-3.64069E-09,-1.4943006E-01
-3.59069E-09,-1.4937735E-01
-3.54069E-09,-1.4937735E-01
-3.49069E-09,-1.4932464E-01
-3.44069E-09,-1.4927194E-01
-3.39069E-09,-1.4921923E-01
-3.34069E-09,-1.4921923E-01
-3.29069E-09,-1.4916652E-01
-3.24069E-09,-1.4916652E-01
-3.19069E-09,-1.4911381E-01
-3.14069E-09,-1.4911381E-01
-3.09069E-09,-1.4911381E-01
-3.04069E-09,-1.4911381E-01
-2.99069E-09,-1.4911381E-01
-2.94069E-09,-1.4911381E-01
-2.89069E-09,-1.4916652E-01
-2.84069E-09,-1.4916652E-01
-2.79069E-09,-1.4921923E-01
-2.74069E-09,-1.4927194E-01
-2.69069E-09,-1.4932464E-01
-2.64069E-09,-1.4932464E-01
-2.59069E-09,-1.4943006E-01
-2.54069E-09,-1.4948277E-01
-2.49069E-09,-1.4953548E-01
-2.44069E-09,-1.4958819E-01
-2.39069E-09,-1.4964090E-01
-2.34069E-09,-1.4969361E-01
-2.29069E-09,-1.4974632E-01
-2.24069E-09,-1.4979903E-01
-2.19069E-09,-1.4985173E-01
-2.14069E-09,-1.4990444E-01
-2.09069E-09,-1.4995715E-01
-2.04069E-09,-1.4995715E-01
-1.99069E-09,-1.5000986E-01
-1.94069E-09,-1.5000986E-01
-1.89069E-09,-1.5000986E-01
-1.84069E-09,-1.5000986E-01
-1.79069E-09,-1.5000986E-01
-1.74069E-09,-1.5000986E-01
-1.69069E-09,-1.5000986E-01
-1.64069E-09,-1.4995715E-01
-1.59069E-09,-1.4995715E-01
-1.54069E-09,-1.4990444E-01
-1.49069E-09,-1.4985173E-01
-1.44069E-09,-1.4979903E-01
-1.39069E-09,-1.4974632E-01
-1.34069E-09,-1.4969361E-01
-1.29069E-09,-1.4964090E-01
-1.24069E-09,-1.4958819E-01
-1.19069E-09,-1.4953548E-01
-1.14069E-09,-1.4948277E-01
-1.09069E-09,-1.4943006E-01
-1.04069E-09,-1.4937735E-01
-9.9069E-10,-1.4932464E-01
-9.4069E-10,-1.4927194E-01
-8.9069E-10,-1.4921923E-01
-8.4069E-10,-1.4921923E-01
-7.9069E-10,-1.4916652E-01
-7.4069E-10,-1.4916652E-01
-6.9069E-10,-1.4911381E-01
-6.4069E-10,-1.4911381E-01
-5.9069E-10,-1.4911381E-01
-5.4069E-10,-1.4911381E-01
-4.9069E-10,-1.4911381E-01
-4.4069E-10,-1.4911381E-01
-3.9069E-10,-1.4911381E-01
-3.4069E-10,-1.4911381E-01
-2.9069E-10,-1.4911381E-01
-2.4069E-10,-1.4911381E-01
-1.9069E-10,-1.4911381E-01
-1.4069E-10,-1.4911381E-01
-9.069E-11,-1.4911381E-01
-4.069E-11,-1.4911381E-01
9.31E-12,-1.4911381E-01
5.931E-11,-1.4911381E-01
1.0931E-10,-1.4906110E-01
1.5931E-10,-1.4906110E-01
2.0931E-10,-1.4906110E-01
2.5931E-10,-1.4900839E-01
3.0931E-10,-1.4895568E-01
3.5931E-10,-1.4895568E-01
4.0931E-10,-1.4890297E-01
4.5931E-10,-1.4885026E-01
5.0931E-10,-1.4879755E-01
5.5931E-10,-1.4874485E-01
6.0931E-10,-1.4869214E-01
6.5931E-10,-1.4863943E-01
7.0931E-10,-1.4858672E-01
7.5931E-10,-1.4853401E-01
8.0931E-10,-1.4848130E-01
8.5931E-10,-1.4848130E-01
9.0931E-10,-1.4842859E-01
9.5931E-10,-1.4837588E-01
1.00931E-09,-1.4832317E-01
1.05931E-09,-1.4832317E-01
1.10931E-09,-1.4827046E-01
1.15931E-09,-1.4827046E-01
1.20931E-09,-1.4821776E-01
1.25931E-09,-1.4821776E-01
1.30931E-09,-1.4821776E-01
1.35931E-09,-1.4821776E-01
1.40931E-09,-1.4827046E-01
1.45931E-09,-1.4827046E-01
1.50931E-09,-1.4827046E-01
1.55931E-09,-1.4832317E-01
1.60931E-09,-1.4837588E-01
1.65931E-09,-1.4837588E-01
1.70931E-09,-1.4842859E-01
1.75931E-09,-1.4848130E-01
1.80931E-09,-1.4853401E-01
1.85931E-09,-1.4858672E-01
1.90931E-09,-1.4863943E-01
1.95931E-09,-1.4869214E-01
2.00931E-09,-1.4874485E-01
2.05931E-09,-1.4879755E-01
2.10931E-09,-1.4885026E-01
2.15931E-09,-1.4890297E-01
2.20931E-09,-1.4895568E-01
2.25931E-09,-1.4895568E-01
2.30931E-09,-1.4900839E-01
2.35931E-09,-1.4900839E-01
2.40931E-09,-1.4906110E-01
2.45931E-09,-1.4906110E-01
2.50931E-09,-1.4906110E-01
2.55931E-09,-1.4911381E-01
2.60931E-09,-1.4911381E-01
2.65931E-09,-1.4911381E-01
2.70931E-09,-1.4911381E-01
2.75931E-09,-1.4906110E-01
2.80931E-09,-1.4906110E-01
2.85931E-09,-1.4906110E-01
2.90931E-09,-1.4906110E-01
2.95931E-09,-1.4900839E-01
3.00931E-09,-1.4900839E-01
3.05931E-09,-1.4900839E-01
3.10931E-09,-1.4895568E-01
3.15931E-09,-1.4895568E-01
3.20931E-09,-1.4895568E-01
3.25931E-09,-1.4890297E-01
3.30931E-09,-1.4890297E-01
3.35931E-09,-1.4890297E-01
3.40931E-09,-1.4890297E-01
3.45931E-09,-1.4890297E-01
3.50931E-09,-1.4890297E-01
3.55931E-09,-1.4890297E-01
3.60931E-09,-1.4890297E-01
3.65931E-09,-1.4890297E-01
3.70931E-09,-1.4890297E-01
3.75931E-09,-1.4895568E-01
3.80931E-09,-1.4895568E-01
3.85931E-09,-1.4895568E-01
3.90931E-09,-1.4900839E-01
3.95931E-09,-1.4900839E-01
4.00931E-09,-1.4906110E-01
4.05931E-09,-1.4906110E-01
4.10931E-09,-1.4911381E-01
4.15931E-09,-1.4911381E-01
4.20931E-09,-1.4916652E-01
4.25931E-09,-1.4916652E-01
4.30931E-09,-1.4921923E-01
4.35931E-09,-1.4921923E-01
4.40931E-09,-1.4927194E-01
4.45931E-09,-1.4927194E-01
4.50931E-09,-1.4927194E-01
4.55931E-09,-1.4932464E-01
4.60931E-09,-1.4932464E-01
4.65931E-09,-1.4932464E-01
4.70931E-09,-1.4932464E-01
4.75931E-09,-1.4932464E-01
4.80931E-09,-1.4937735E-01
4.85931E-09,-1.4937735E-01
4.90931E-09,-1.4937735E-01
4.95931E-09,-1.4932464E-01
5.00931E-09,-1.4932464E-01
5.05931E-09,-1.4932464E-01
5.10931E-09,-1.4932464E-01
5.15931E-09,-1.4932464E-01
5.20931E-09,-1.4932464E-01
5.25931E-09,-1.4932464E-01
5.30931E-09,-1.4932464E-01
5.35931E-09,-1.4927194E-01
5.40931E-09,-1.4927194E-01
5.45931E-09,-1.4927194E-01
5.50931E-09,-1.4927194E-01
5.55931E-09,-1.4927194E-01
5.60931E-09,-1.4927194E-01
5.65931E-09,-1.4927194E-01
5.70931E-09,-1.4927194E-01
5.75931E-09,-1.4927194E-01
5.80931E-09,-1.4932464E-01
5.85931E-09,-1.4932464E-01
5.90931E-09,-1.4932464E-01
5.95931E-09,-1.4932464E-01
6.00931E-09,-1.4937735E-01
6.05931E-09,-1.4937735E-01
6.10931E-09,-1.4937735E-01
6.15931E-09,-1.4937735E-01
6.20931E-09,-1.4943006E-01
6.25931E-09,-1.4943006E-01
6.30931E-09,-1.4943006E-01
6.35931E-09,-1.4948277E-01
6.40931E-09,-1.4948277E-01
6.45931E-09,-1.4948277E-01
6.50931E-09,-1.4948277E-01
6.55931E-09,-1.4953548E-01
6.60931E-09,-1.4953548E-01
6.65931E-09,-1.4953548E-01
6.70931E-09,-1.4953548E-01
6.75931E-09,-1.4953548E-01
6.80931E-09,-1.4953548E-01
6.85931E-09,-1.4953548E-01
6.90931E-09,-1.4953548E-01
6.95931E-09,-1.4953548E-01
7.00931E-09,-1.4953548E-01
7.05931E-09,-1.4953548E-01
7.10931E-09,-1.4953548E-01
7.15931E-09,-1.4953548E-01
7.20931E-09,-1.4953548E-01
7.25931E-09,-1.4953548E-01
7.30931E-09,-1.4948277E-01
7.35931E-09,-1.4948277E-01
7.40931E-09,-1.4948277E-01
7.45931E-09,-1.4948277E-01
7.50931E-09,-1.4948277E-01
7.55931E-09,-1.4948277E-01
7.60931E-09,-1.4948277E-01
7.65931E-09,-1.4948277E-01
7.70931E-09,-1.4948277E-01
7.75931E-09,-1.4948277E-01
7.80931E-09,-1.4948277E-01
7.85931E-09,-1.4948277E-01
7.90931E-09,-1.4953548E-01
7.95931E-09,-1.4953548E-01
8.00931E-09,-1.4953548E-01
8.05931E-09,-1.4953548E-01
8.10931E-09,-1.4953548E-01
8.15931E-09,-1.4953548E-01
8.20931E-09,-1.4953548E-01
8.25931E-09,-1.4953548E-01
8.30931E-09,-1.4953548E-01
8.35931E-09,-1.4953548E-01
8.40931E-09,-1.4958819E-01
8.45931E-09,-1.4958819E-01
8.50931E-09,-1.4964090E-01
8.55931E-09,-1.4964090E-01
8.60931E-09,-1.4969361E-01
8.65931E-09,-1.4969361E-01
8.70931E-09,-1.4974632E-01
8.75931E-09,-1.4974632E-01
8.80931E-09,-1.4979903E-01
8.85931E-09,-1.4979903E-01
8.90931E-09,-1.4985173E-01
8.95931E-09,-1.4985173E-01
9.00931E-09,-1.4985173E-01
9.05931E-09,-1.4985173E-01
9.10931E-09,-1.4985173E-01
9.15931E-09,-1.4985173E-01
9.20931E-09,-1.4985173E-01
9.25931E-09,-1.4985173E-01
9.30931E-09,-1.4979903E-01
9.35931E-09,-1.4979903E-01
9.40931E-09,-1.4974632E-01
9.45931E-09,-1.4969361E-01
9.50931E-09,-1.4964090E-01
9.55931E-09,-1.4958819E-01
9.60931E-09,-1.4953548E-01
9.65931E-09,-1.4948277E-01
9.70931E-09,-1.4937735E-01
9.75931E-09,-1.4932464E-01
9.80931E-09,-1.4927194E-01
9.85931E-09,-1.4916652E-01
9.90931E-09,-1.4911381E-01
9.95931E-09,-1.4906110E-01
1.000931E-08,-1.4895568E-01
1.005931E-08,-1.4890297E-01
1.010931E-08,-1.4885026E-01
1.015931E-08,-1.4879755E-01
1.020931E-08,-1.4879755E-01
1.025931E-08,-1.4874485E-01
1.030931E-08,-1.4874485E-01
1.035931E-08,-1.4869214E-01
1.040931E-08,-1.4869214E-01
1.045931E-08,-1.4869214E-01
1.050931E-08,-1.4874485E-01
1.055931E-08,-1.4874485E-01
1.060931E-08,-1.4874485E-01
1.065931E-08,-1.4879755E-01
1.070931E-08,-1.4885026E-01
1.075931E-08,-1.4890297E-01
1.080931E-08,-1.4890297E-01
1.085931E-08,-1.4895568E-01
1.090931E-08,-1.4900839E-01
1.095931E-08,-1.4906110E-01
1.100931E-08,-1.4911381E-01
1.105931E-08,-1.4911381E-01
1.110931E-08,-1.4916652E-01
1.115931E-08,-1.4916652E-01
1.120931E-08,-1.4921923E-01
1.125931E-08,-1.4921923E-01
1.130931E-08,-1.4921923E-01
1.135931E-08,-1.4921923E-01
1.140931E-08,-1.4921923E-01
1.145931E-08,-1.4916652E-01
1.150931E-08,-1.4916652E-01
1.155931E-08,-1.4911381E-01
1.160931E-08,-1.4906110E-01
1.165931E-08,-1.4900839E-01
1.170931E-08,-1.4895568E-01
1.175931E-08,-1.4890297E-01
1.180931E-08,-1.4885026E-01
1.185931E-08,-1.4879755E-01
1.190931E-08,-1.4874485E-01
1.195931E-08,-1.4869214E-01
1.200931E-08,-1.4863943E-01
1.205931E-08,-1.4863943E-01
1.210931E-08,-1.4858672E-01
1.215931E-08,-1.4858672E-01
1.220931E-08,-1.4858672E-01
1.225931E-08,-1.4858672E-01
1.230931E-08,-1.4863943E-01
1.235931E-08,-1.4863943E-01
1.240931E-08,-1.4869214E-01
1.245931E-08,-1.4874485E-01
1.250931E-08,-1.4885026E-01
1.255931E-08,-1.4890297E-01
1.260931E-08,-1.4900839E-01
1.265931E-08,-1.4911381E-01
1.270931E-08,-1.4921923E-01
1.275931E-08,-1.4937735E-01
1.280931E-08,-1.4948277E-01
1.285931E-08,-1.4958819E-01
1.290931E-08,-1.4974632E-01
1.295931E-08,-1.4985173E-01
1.300931E-08,-1.4995715E-01
1.305931E-08,-1.5006257E-01
1.310931E-08,-1.5016799E-01
1.315931E-08,-1.5022070E-01
1.320931E-08,-1.5032612E-01
1.325931E-08,-1.5037883E-01
1.330931E-08,-1.5043153E-01
1.335931E-08,-1.5043153E-01
1.340931E-08,-1.5043153E-01
1.345931E-08,-1.5043153E-01
1.350931E-08,-1.5037883E-01
1.355931E-08,-1.5032612E-01
1.360931E-08,-1.5027341E-01
1.365931E-08,-1.5022070E-01
1.370931E-08,-1.5011528E-01
1.375931E-08,-1.5000986E-01
1.380931E-08,-1.4990444E-01
1.385931E-08,-1.4974632E-01
1.390931E-08,-1.4964090E-01
1.395931E-08,-1.4953548E-01
1.400931E-08,-1.4937735E-01
1.405931E-08,-1.4927194E-01
1.410931E-08,-1.4916652E-01
1.415931E-08,-1.4906110E-01
1.420931E-08,-1.4895568E-01
1.425931E-08,-1.4890297E-01
1.430931E-08,-1.4885026E-01
1.435931E-08,-1.4879755E-01
1.440931E-08,-1.4874485E-01
1.445931E-08,-1.4874485E-01
1.450931E-08,-1.4874485E-01
1.455931E-08,-1.4879755E-01
1.460931E-08,-1.4885026E-01
1.465931E-08,-1.4890297E-01
1.470931E-08,-1.4895568E-01
1.475931E-08,-1.4906110E-01
1.480931E-08,-1.4916652E-01
1.485931E-08,-1.4927194E-01
1.490931E-08,-1.4937735E-01
1.495931E-08,-1.4948277E-01
1.500931E-08,-1.4958819E-01
1.505931E-08,-1.4969361E-01
1.510931E-08,-1.4979903E-01
1.515931E-08,-1.4990444E-01
1.520931E-08,-1.5000986E-01
1.525931E-08,-1.5011528E-01
1.530931E-08,-1.5016799E-01
1.535931E-08,-1.5022070E-01
1.540931E-08,-1.5022070E-01
1.545931E-08,-1.5027341E-01
1.550931E-08,-1.5027341E-01
1.555931E-08,-1.5022070E-01
1.560931E-08,-1.5022070E-01
1.565931E-08,-1.5016799E-01
1.570931E-08,-1.5006257E-01
1.575931E-08,-1.5000986E-01
1.580931E-08,-1.4990444E-01
1.585931E-08,-1.4979903E-01
1.590931E-08,-1.4969361E-01
1.595931E-08,-1.4958819E-01
1.600931E-08,-1.4948277E-01
1.605931E-08,-1.4937735E-01
1.610931E-08,-1.4927194E-01
1.615931E-08,-1.4921923E-01
1.620931E-08,-1.4911381E-01
1.625931E-08,-1.4906110E-01
1.630931E-08,-1.4900839E-01
1.635931E-08,-1.4895568E-01
1.640931E-08,-1.4890297E-01
1.645931E-08,-1.4890297E-01
1.650931E-08,-1.4890297E-01
1.655931E-08,-1.4890297E-01
1.660931E-08,-1.4895568E-01
1.665931E-08,-1.4900839E-01
1.670931E-08,-1.4906110E-01
1.675931E-08,-1.4916652E-01
1.680931E-08,-1.4921923E-01
1.685931E-08,-1.4932464E-01
1.690931E-08,-1.4943006E-01
1.695931E-08,-1.4948277E-01
1.700931E-08,-1.4958819E-01
1.705931E-08,-1.4969361E-01
1.710931E-08,-1.4974632E-01
1.715931E-08,-1.4979903E-01
1.720931E-08,-1.4985173E-01
1.725931E-08,-1.4990444E-01
1.730931E-08,-1.4990444E-01
1.735931E-08,-1.4990444E-01
1.740931E-08,-1.4990444E-01
1.745931E-08,-1.4990444E-01
1.750931E-08,-1.4985173E-01
1.755931E-08,-1.4974632E-01
1.760931E-08,-1.4969361E-01
1.765931E-08,-1.4958819E-01
1.770931E-08,-1.4948277E-01
1.775931E-08,-1.4937735E-01
1.780931E-08,-1.4927194E-01
1.785931E-08,-1.4916652E-01
1.790931E-08,-1.4900839E-01
1.795931E-08,-1.4890297E-01
1.800931E-08,-1.4879755E-01
1.805931E-08,-1.4863943E-01
1.810931E-08,-1.4853401E-01
1.815931E-08,-1.4842859E-01
1.820931E-08,-1.4837588E-01
1.825931E-08,-1.4827046E-01
1.830931E-08,-1.4821776E-01
1.835931E-08,-1.4821776E-01
1.840931E-08,-1.4821776E-01
1.845931E-08,-1.4821776E-01
1.850931E-08,-1.4821776E-01
1.855931E-08,-1.4827046E-01
1.860931E-08,-1.4837588E-01
1.865931E-08,-1.4842859E-01
1.870931E-08,-1.4853401E-01
1.875931E-08,-1.4869214E-01
1.880931E-08,-1.4879755E-01
1.885931E-08,-1.4895568E-01
1.890931E-08,-1.4906110E-01
1.895931E-08,-1.4921923E-01
1.900931E-08,-1.4932464E-01
1.905931E-08,-1.4948277E-01
1.910931E-08,-1.4958819E-01
1.915931E-08,-1.4969361E-01
1.920931E-08,-1.4974632E-01
1.925931E-08,-1.4985173E-01
1.930931E-08,-1.4985173E-01
1.935931E-08,-1.4990444E-01
1.940931E-08,-1.4985173E-01
1.945931E-08,-1.4985173E-01
1.950931E-08,-1.4979903E-01
1.955931E-08,-1.4969361E-01
1.960931E-08,-1.4958819E-01
1.965931E-08,-1.4943006E-01
1.970931E-08,-1.4932464E-01
1.975931E-08,-1.4916652E-01
1.980931E-08,-1.4895568E-01
1.985931E-08,-1.4879755E-01
1.990931E-08,-1.4863943E-01
1.995931E-08,-1.4842859E-01
2.000931E-08,-1.4827046E-01
2.005931E-08,-1.4811234E-01
2.010931E-08,-1.4795421E-01
2.015931E-08,-1.4784879E-01
2.020931E-08,-1.4774337E-01
2.025931E-08,-1.4769067E-01
2.030931E-08,-1.4763796E-01
2.035931E-08,-1.4763796E-01
2.040931E-08,-1.4769067E-01
2.045931E-08,-1.4774337E-01
2.050931E-08,-1.4779608E-01
2.055931E-08,-1.4795421E-01
2.060931E-08,-1.4805963E-01
2.065931E-08,-1.4821776E-01
2.070931E-08,-1.4842859E-01
2.075931E-08,-1.4863943E-01
2.080931E-08,-1.4885026E-01
2.085931E-08,-1.4911381E-01
2.090931E-08,-1.4932464E-01
2.095931E-08,-1.4953548E-01
2.100931E-08,-1.4974632E-01
2.105931E-08,-1.4995715E-01
2.110931E-08,-1.5011528E-01
2.115931E-08,-1.5027341E-01
2.120931E-08,-1.5037883E-01
2.125931E-08,-1.5043153E-01
2.130931E-08,-1.5048424E-01
2.135931E-08,-1.5048424E-01
2.140931E-08,-1.5043153E-01
2.145931E-08,-1.5037883E-01
2.150931E-08,-1.5022070E-01
2.155931E-08,-1.5006257E-01
2.160931E-08,-1.4990444E-01
2.165931E-08,-1.4964090E-01
2.170931E-08,-1.4943006E-01
2.175931E-08,-1.4916652E-01
2.180931E-08,-1.4885026E-01
2.185931E-08,-1.4858672E-01
2.190931E-08,-1.4827046E-01
2.195931E-08,-1.4800692E-01
2.200931E-08,-1.4774337E-01
2.205931E-08,-1.4747983E-01
2.210931E-08,-1.4726899E-01
2.215931E-08,-1.4711087E-01
2.220931E-08,-1.4695274E-01
2.225931E-08,-1.4690003E-01
2.230931E-08,-1.4684732E-01
2.235931E-08,-1.4684732E-01
2.240931E-08,-1.4690003E-01
2.245931E-08,-1.4700545E-01
2.250931E-08,-1.4716358E-01
2.255931E-08,-1.4737441E-01
2.260931E-08,-1.4758525E-01
2.265931E-08,-1.4790150E-01
2.270931E-08,-1.4821776E-01
2.275931E-08,-1.4853401E-01
2.280931E-08,-1.4890297E-01
2.285931E-08,-1.4921923E-01
2.290931E-08,-1.4958819E-01
2.295931E-08,-1.4995715E-01
2.300931E-08,-1.5027341E-01
2.305931E-08,-1.5053695E-01
2.310931E-08,-1.5080050E-01
2.315931E-08,-1.5101133E-01
2.320931E-08,-1.5116946E-01
2.325931E-08,-1.5127488E-01
2.330931E-08,-1.5132759E-01
2.335931E-08,-1.5132759E-01
2.340931E-08,-1.5122217E-01
2.345931E-08,-1.5106404E-01
2.350931E-08,-1.5085321E-01
2.355931E-08,-1.5058966E-01
2.360931E-08,-1.5027341E-01
2.365931E-08,-1.4995715E-01
2.370931E-08,-1.4953548E-01
2.375931E-08,-1.4911381E-01
2.380931E-08,-1.4869214E-01
2.385931E-08,-1.4827046E-01
2.390931E-08,-1.4784879E-01
2.395931E-08,-1.4742712E-01
2.400931E-08,-1.4705816E-01
2.405931E-08,-1.4674190E-01
2.410931E-08,-1.4647836E-01
2.415931E-08,-1.4626752E-01
2.420931E-08,-1.4616210E-01
2.425931E-08,-1.4610939E-01
2.430931E-08,-1.4610939E-01
2.435931E-08,-1.4621481E-01
2.440931E-08,-1.4642565E-01
2.445931E-08,-1.4668919E-01
2.450931E-08,-1.4705816E-01
2.455931E-08,-1.4753254E-01
2.460931E-08,-1.4800692E-01
2.465931E-08,-1.4853401E-01
2.470931E-08,-1.4916652E-01
2.475931E-08,-1.4974632E-01
2.480931E-08,-1.5037883E-01
2.485931E-08,-1.5101133E-01
2.490931E-08,-1.5159113E-01
2.495931E-08,-1.5217093E-01
2.500931E-08,-1.5269802E-01
2.505931E-08,-1.5311969E-01
2.510931E-08,-1.5348866E-01
2.515931E-08,-1.5369949E-01
2.520931E-08,-1.5385762E-01
2.525931E-08,-1.5391033E-01
2.530931E-08,-1.5380491E-01
2.535931E-08,-1.5359407E-01
2.540931E-08,-1.5322511E-01
2.545931E-08,-1.5275073E-01
2.550931E-08,-1.5217093E-01
2.555931E-08,-1.5148571E-01
2.560931E-08,-1.5069508E-01
2.565931E-08,-1.4985173E-01
2.570931E-08,-1.4890297E-01
2.575931E-08,-1.4800692E-01
2.580931E-08,-1.4700545E-01
2.585931E-08,-1.4610939E-01
2.590931E-08,-1.4521334E-01
2.595931E-08,-1.4437000E-01
2.600931E-08,-1.4363207E-01
2.605931E-08,-1.4299956E-01
2.610931E-08,-1.4252518E-01
2.615931E-08,-1.4220893E-01
2.620931E-08,-1.4210351E-01
2.625931E-08,-1.4215622E-01
2.630931E-08,-1.4241976E-01
2.635931E-08,-1.4289415E-01
2.640931E-08,-1.4357936E-01
2.645931E-08,-1.4447542E-01
2.650931E-08,-1.4558230E-01
2.655931E-08,-1.4684732E-01
2.660931E-08,-1.4827046E-01
2.665931E-08,-1.4979903E-01
2.670931E-08,-1.5148571E-01
2.675931E-08,-1.5317240E-01
2.680931E-08,-1.5485909E-01
2.685931E-08,-1.5654578E-01
2.690931E-08,-1.5812705E-01
2.695931E-08,-1.5955019E-01
2.700931E-08,-1.6076250E-01
2.705931E-08,-1.6171126E-01
2.710931E-08,-1.6234377E-01
2.715931E-08,-1.6260732E-01
2.720931E-08,-1.6239648E-01
2.725931E-08,-1.6171126E-01
2.730931E-08,-1.6049896E-01
2.735931E-08,-1.5870685E-01
2.740931E-08,-1.5628223E-01
2.745931E-08,-1.5317240E-01
2.750931E-08,-1.4943006E-01
2.755931E-08,-1.4494980E-01
2.760931E-08,-1.3973160E-01
2.765931E-08,-1.3382819E-01
2.770931E-08,-1.2723957E-01
2.775931E-08,-1.1996572E-01
2.780931E-08,-1.1200666E-01
2.785931E-08,-1.0341509E-01
2.790931E-08,-9.424373E-02
2.795931E-08,-8.459798E-02
2.800931E-08,-7.442514E-02
2.805931E-08,-6.388333E-02
2.810931E-08,-5.297257E-02
2.815931E-08,-4.185097E-02
2.820931E-08,-3.051853E-02
2.825931E-08,-1.913338E-02
2.830931E-08,-7.69552E-03
2.835931E-08,3.63691E-03
2.840931E-08,1.486393E-02
2.845931E-08,2.582741E-02
2.850931E-08,3.647463E-02
2.855931E-08,4.675289E-02
2.860931E-08,5.660947E-02
2.865931E-08,6.593897E-02
2.870931E-08,7.474137E-02
2.875931E-08,8.291127E-02
2.880931E-08,9.050137E-02
2.885931E-08,9.740625E-02
2.890931E-08,1.0362591E-01
2.895931E-08,1.0916036E-01
2.900931E-08,1.1400959E-01
2.905931E-08,1.1817360E-01
2.910931E-08,1.2170510E-01
2.915931E-08,1.2460410E-01
2.920931E-08,1.2692330E-01
2.925931E-08,1.2866269E-01
2.930931E-08,1.2987500E-01
2.935931E-08,1.3066564E-01
2.940931E-08,1.3098189E-01
2.945931E-08,1.3098189E-01
2.950931E-08,1.3066564E-01
2.955931E-08,1.3013855E-01
2.960931E-08,1.2940062E-01
2.965931E-08,1.2855728E-01
2.970931E-08,1.2766122E-01
2.975931E-08,1.2665975E-01
2.980931E-08,1.2571099E-01
2.985931E-08,1.2486765E-01
2.990931E-08,1.2407701E-01
2.995931E-08,1.2339179E-01
3.000931E-08,1.2286470E-01
3.005931E-08,1.2249574E-01
3.010931E-08,1.2233761E-01
3.015931E-08,1.2228490E-01
3.020931E-08,1.2244303E-01
3.025931E-08,1.2281199E-01
3.030931E-08,1.2328638E-01
3.035931E-08,1.2391888E-01
3.040931E-08,1.2465681E-01
3.045931E-08,1.2550015E-01
3.050931E-08,1.2644892E-01
3.055931E-08,1.2739768E-01
3.060931E-08,1.2839915E-01
3.065931E-08,1.2940062E-01
3.070931E-08,1.3034938E-01
3.075931E-08,1.3119273E-01
3.080931E-08,1.3198336E-01
3.085931E-08,1.3266858E-01
3.090931E-08,1.3324838E-01
3.095931E-08,1.3361734E-01
3.100931E-08,1.3388089E-01
3.105931E-08,1.3398631E-01
3.110931E-08,1.3388089E-01
3.115931E-08,1.3367005E-01
3.120931E-08,1.3324838E-01
3.125931E-08,1.3272129E-01
3.130931E-08,1.3203607E-01
3.135931E-08,1.3124544E-01
3.140931E-08,1.3034938E-01
3.145931E-08,1.2934791E-01
3.150931E-08,1.2829373E-01
3.155931E-08,1.2723955E-01
3.160931E-08,1.2613266E-01
3.165931E-08,1.2507848E-01
3.170931E-08,1.2402430E-01
3.175931E-08,1.2307554E-01
3.180931E-08,1.2217949E-01
3.185931E-08,1.2138885E-01
3.190931E-08,1.2070363E-01
3.195931E-08,1.2017654E-01
3.200931E-08,1.1975487E-01
3.205931E-08,1.1949133E-01
3.210931E-08,1.1933320E-01
3.215931E-08,1.1933320E-01
3.220931E-08,1.1949133E-01
3.225931E-08,1.1975487E-01
3.230931E-08,1.2012383E-01
3.235931E-08,1.2059822E-01
3.240931E-08,1.2117801E-01
3.245931E-08,1.2181052E-01
3.250931E-08,1.2244303E-01
3.255931E-08,1.2312825E-01
3.260931E-08,1.2381347E-01
3.265931E-08,1.2444597E-01
3.270931E-08,1.2502577E-01
3.275931E-08,1.2560557E-01
3.280931E-08,1.2602724E-01
3.285931E-08,1.2639621E-01
3.290931E-08,1.2660704E-01
3.295931E-08,1.2676517E-01
3.300931E-08,1.2671246E-01
3.305931E-08,1.2655433E-01
3.310931E-08,1.2629079E-01
3.315931E-08,1.2586912E-01
3.320931E-08,1.2534203E-01
3.325931E-08,1.2470952E-01
3.330931E-08,1.2397159E-01
3.335931E-08,1.2312825E-01
3.340931E-08,1.2228490E-01
3.345931E-08,1.2133614E-01
3.350931E-08,1.2038738E-01
3.355931E-08,1.1943862E-01
3.360931E-08,1.1848985E-01
3.365931E-08,1.1759380E-01
3.370931E-08,1.1680317E-01
3.375931E-08,1.1606524E-01
3.380931E-08,1.1543273E-01
3.385931E-08,1.1490564E-01
3.390931E-08,1.1453668E-01
3.395931E-08,1.1427313E-01
3.400931E-08,1.1416772E-01
3.405931E-08,1.1422042E-01
3.410931E-08,1.1443126E-01
3.415931E-08,1.1474751E-01
3.420931E-08,1.1516919E-01
3.425931E-08,1.1574899E-01
3.430931E-08,1.1638149E-01
3.435931E-08,1.1711942E-01
3.440931E-08,1.1791006E-01
3.445931E-08,1.1875340E-01
3.450931E-08,1.1954404E-01
3.455931E-08,1.2038738E-01
3.460931E-08,1.2117801E-01
3.465931E-08,1.2186323E-01
3.470931E-08,1.2249574E-01
3.475931E-08,1.2297012E-01
3.480931E-08,1.2339179E-01
3.485931E-08,1.2360263E-01
3.490931E-08,1.2365534E-01
3.495931E-08,1.2360263E-01
3.500931E-08,1.2333908E-01
3.505931E-08,1.2286470E-01
3.510931E-08,1.2228490E-01
3.515931E-08,1.2154698E-01
3.520931E-08,1.2065092E-01
3.525931E-08,1.1959674E-01
3.530931E-08,1.1848985E-01
3.535931E-08,1.1727755E-01
3.540931E-08,1.1601253E-01
3.545931E-08,1.1474751E-01
3.550931E-08,1.1348250E-01
3.555931E-08,1.1227019E-01
3.560931E-08,1.1116330E-01
3.565931E-08,1.1016183E-01
3.570931E-08,1.0926578E-01
3.575931E-08,1.0858056E-01
3.580931E-08,1.0810618E-01
3.585931E-08,1.0784263E-01
3.590931E-08,1.0778993E-01
3.595931E-08,1.0800076E-01
3.600931E-08,1.0847514E-01
3.605931E-08,1.0921307E-01
3.610931E-08,1.1021454E-01
3.615931E-08,1.1142685E-01
3.620931E-08,1.1284999E-01
3.625931E-08,1.1448397E-01
3.630931E-08,1.1622337E-01
3.635931E-08,1.1812089E-01
3.640931E-08,1.2007113E-01
3.645931E-08,1.2207407E-01
3.650931E-08,1.2397159E-01
3.655931E-08,1.2581641E-01
3.660931E-08,1.2750310E-01
3.665931E-08,1.2892624E-01
3.670931E-08,1.3008584E-01
3.675931E-08,1.3092918E-01
3.680931E-08,1.3129815E-01
3.685931E-08,1.3124544E-01
3.690931E-08,1.3061293E-01
3.695931E-08,1.2945333E-01
3.700931E-08,1.2766122E-01
3.705931E-08,1.2518390E-01
3.710931E-08,1.2207407E-01
3.715931E-08,1.1817360E-01
3.720931E-08,1.1358792E-01
3.725931E-08,1.0831702E-01
3.730931E-08,1.0225548E-01
3.735931E-08,9.550872E-02
3.740931E-08,8.807675E-02
3.745931E-08,8.001227E-02
3.750931E-08,7.131529E-02
3.755931E-08,6.203850E-02
3.760931E-08,5.228733E-02
3.765931E-08,4.206178E-02
3.770931E-08,3.146727E-02
3.775931E-08,2.060922E-02
3.780931E-08,9.54032E-03
3.785931E-08,-1.68670E-03
3.790931E-08,-1.301913E-02
3.795931E-08,-2.424615E-02
3.800931E-08,-3.542047E-02
3.805931E-08,-4.638394E-02
3.810931E-08,-5.708387E-02
3.815931E-08,-6.746755E-02
3.820931E-08,-7.748226E-02
3.825931E-08,-8.696988E-02
3.830931E-08,-9.603583E-02
3.835931E-08,-1.0446927E-01
3.840931E-08,-1.1237563E-01
3.845931E-08,-1.1959676E-01
3.850931E-08,-1.2623810E-01
3.855931E-08,-1.3219422E-01
3.860931E-08,-1.3751783E-01
3.865931E-08,-1.4215622E-01
3.870931E-08,-1.4616210E-01
3.875931E-08,-1.4958819E-01
3.880931E-08,-1.5238177E-01
3.885931E-08,-1.5464826E-01
3.890931E-08,-1.5638765E-01
3.895931E-08,-1.5770538E-01
3.900931E-08,-1.5849601E-01
3.905931E-08,-1.5897039E-01
3.910931E-08,-1.5912852E-01
3.915931E-08,-1.5897039E-01
3.920931E-08,-1.5860143E-01
3.925931E-08,-1.5807434E-01
3.930931E-08,-1.5738912E-01
3.935931E-08,-1.5665120E-01
3.940931E-08,-1.5586056E-01
3.945931E-08,-1.5506993E-01
3.950931E-08,-1.5427929E-01
3.955931E-08,-1.5359407E-01
3.960931E-08,-1.5301428E-01
3.965931E-08,-1.5248719E-01
3.970931E-08,-1.5211822E-01
3.975931E-08,-1.5185468E-01
3.980931E-08,-1.5174926E-01
3.985931E-08,-1.5174926E-01
3.990931E-08,-1.5190739E-01
3.995931E-08,-1.5217093E-01
4.000931E-08,-1.5253989E-01
4.005931E-08,-1.5301428E-01
4.010931E-08,-1.5359407E-01
4.015931E-08,-1.5417387E-01
4.020931E-08,-1.5480638E-01
4.025931E-08,-1.5549160E-01
4.030931E-08,-1.5617682E-01
4.035931E-08,-1.5680932E-01
4.040931E-08,-1.5738912E-01
4.045931E-08,-1.5791621E-01
4.050931E-08,-1.5839060E-01
4.055931E-08,-1.5875956E-01
4.060931E-08,-1.5902310E-01
4.065931E-08,-1.5918123E-01
4.070931E-08,-1.5923394E-01
4.075931E-08,-1.5918123E-01
4.080931E-08,-1.5897039E-01
4.085931E-08,-1.5865414E-01
4.090931E-08,-1.5828518E-01
4.095931E-08,-1.5775809E-01
4.100931E-08,-1.5717829E-01
4.105931E-08,-1.5649307E-01
4.110931E-08,-1.5575514E-01
4.115931E-08,-1.5496451E-01
4.120931E-08,-1.5412117E-01
4.125931E-08,-1.5327782E-01
4.130931E-08,-1.5243448E-01
4.135931E-08,-1.5159113E-01
4.140931E-08,-1.5074779E-01
4.145931E-08,-1.4995715E-01
4.150931E-08,-1.4916652E-01
4.155931E-08,-1.4848130E-01
4.160931E-08,-1.4784879E-01
4.165931E-08,-1.4726899E-01
4.170931E-08,-1.4679461E-01
4.175931E-08,-1.4632023E-01
4.180931E-08,-1.4600398E-01
4.185931E-08,-1.4568772E-01
4.190931E-08,-1.4547689E-01
4.195931E-08,-1.4537147E-01
4.200931E-08,-1.4526605E-01
4.205931E-08,-1.4521334E-01
4.210931E-08,-1.4521334E-01
4.215931E-08,-1.4521334E-01
4.220931E-08,-1.4526605E-01
4.225931E-08,-1.4537147E-01
4.230931E-08,-1.4542418E-01
4.235931E-08,-1.4547689E-01
4.240931E-08,-1.4552960E-01
4.245931E-08,-1.4552960E-01
4.250931E-08,-1.4552960E-01
4.255931E-08,-1.4552960E-01
4.260931E-08,-1.4542418E-01
4.265931E-08,-1.4531876E-01
4.270931E-08,-1.4516063E-01
4.275931E-08,-1.4494980E-01
4.280931E-08,-1.4468625E-01
4.285931E-08,-1.4437000E-01
4.290931E-08,-1.4405374E-01
4.295931E-08,-1.4373749E-01
4.300931E-08,-1.4331582E-01
4.305931E-08,-1.4294685E-01
4.310931E-08,-1.4252518E-01
4.315931E-08,-1.4210351E-01
4.320931E-08,-1.4173455E-01
4.325931E-08,-1.4131287E-01
4.330931E-08,-1.4094391E-01
4.335931E-08,-1.4062766E-01
4.340931E-08,-1.4031140E-01
4.345931E-08,-1.4004786E-01
4.350931E-08,-1.3978431E-01
4.355931E-08,-1.3962619E-01
4.360931E-08,-1.3946806E-01
4.365931E-08,-1.3941535E-01
4.370931E-08,-1.3936264E-01
4.375931E-08,-1.3941535E-01
4.380931E-08,-1.3946806E-01
4.385931E-08,-1.3957348E-01
4.390931E-08,-1.3973160E-01
4.395931E-08,-1.3994244E-01
4.400931E-08,-1.4015328E-01
4.405931E-08,-1.4041682E-01
4.410931E-08,-1.4068037E-01
4.415931E-08,-1.4099662E-01
4.420931E-08,-1.4126017E-01
4.425931E-08,-1.4152371E-01
4.430931E-08,-1.4178726E-01
4.435931E-08,-1.4205080E-01
4.440931E-08,-1.4226164E-01
4.445931E-08,-1.4247247E-01
4.450931E-08,-1.4268331E-01
4.455931E-08,-1.4278873E-01
4.460931E-08,-1.4294685E-01
4.465931E-08,-1.4299956E-01
4.470931E-08,-1.4305227E-01
4.475931E-08,-1.4305227E-01
4.480931E-08,-1.4299956E-01
4.485931E-08,-1.4294685E-01
4.490931E-08,-1.4289415E-01
4.495931E-08,-1.4278873E-01
4.500931E-08,-1.4263060E-01
4.505931E-08,-1.4252518E-01
4.510931E-08,-1.4236705E-01
4.515931E-08,-1.4220893E-01
4.520931E-08,-1.4210351E-01
4.525931E-08,-1.4194538E-01
4.530931E-08,-1.4183996E-01
4.535931E-08,-1.4173455E-01
4.540931E-08,-1.4168184E-01
4.545931E-08,-1.4168184E-01
4.550931E-08,-1.4162913E-01
4.555931E-08,-1.4168184E-01
4.560931E-08,-1.4173455E-01
4.565931E-08,-1.4183996E-01
4.570931E-08,-1.4199809E-01
4.575931E-08,-1.4215622E-01
4.580931E-08,-1.4236705E-01
4.585931E-08,-1.4263060E-01
4.590931E-08,-1.4289415E-01
4.595931E-08,-1.4321040E-01
4.600931E-08,-1.4347394E-01
4.605931E-08,-1.4384291E-01
4.610931E-08,-1.4415916E-01
4.615931E-08,-1.4452812E-01
4.620931E-08,-1.4484438E-01
4.625931E-08,-1.4516063E-01
4.630931E-08,-1.4552960E-01
4.635931E-08,-1.4584585E-01
4.640931E-08,-1.4610939E-01
4.645931E-08,-1.4642565E-01
4.650931E-08,-1.4663649E-01
4.655931E-08,-1.4690003E-01
4.660931E-08,-1.4711087E-01
4.665931E-08,-1.4726899E-01
4.670931E-08,-1.4742712E-01
4.675931E-08,-1.4758525E-01
4.680931E-08,-1.4769067E-01
4.685931E-08,-1.4779608E-01
4.690931E-08,-1.4784879E-01
4.695931E-08,-1.4790150E-01
4.700931E-08,-1.4795421E-01
4.705931E-08,-1.4800692E-01
4.710931E-08,-1.4800692E-01
4.715931E-08,-1.4805963E-01
4.720931E-08,-1.4811234E-01
4.725931E-08,-1.4811234E-01
4.730931E-08,-1.4816505E-01
4.735931E-08,-1.4827046E-01
4.740931E-08,-1.4832317E-01
4.745931E-08,-1.4842859E-01
4.750931E-08,-1.4853401E-01
4.755931E-08,-1.4869214E-01
4.760931E-08,-1.4885026E-01
4.765931E-08,-1.4900839E-01
4.770931E-08,-1.4921923E-01
4.775931E-08,-1.4943006E-01
4.780931E-08,-1.4964090E-01
4.785931E-08,-1.4990444E-01
4.790931E-08,-1.5016799E-01
4.795931E-08,-1.5043153E-01
4.800931E-08,-1.5069508E-01
4.805931E-08,-1.5095862E-01
4.810931E-08,-1.5122217E-01
4.815931E-08,-1.5148571E-01
4.820931E-08,-1.5169655E-01
4.825931E-08,-1.5196010E-01
4.830931E-08,-1.5217093E-01
4.835931E-08,-1.5238177E-01
4.840931E-08,-1.5253989E-01
4.845931E-08,-1.5269802E-01
4.850931E-08,-1.5280344E-01
4.855931E-08,-1.5285615E-01
4.860931E-08,-1.5290886E-01
4.865931E-08,-1.5296157E-01
4.870931E-08,-1.5290886E-01
4.875931E-08,-1.5285615E-01
4.880931E-08,-1.5275073E-01
4.885931E-08,-1.5264531E-01
4.890931E-08,-1.5248719E-01
4.895931E-08,-1.5232906E-01
4.900931E-08,-1.5211822E-01
4.905931E-08,-1.5190739E-01
4.910931E-08,-1.5169655E-01
4.915931E-08,-1.5148571E-01
4.920931E-08,-1.5122217E-01
4.925931E-08,-1.5101133E-01
4.930931E-08,-1.5074779E-01
4.935931E-08,-1.5053695E-01
4.940931E-08,-1.5032612E-01
4.945931E-08,-1.5011528E-01
4.950931E-08,-1.4990444E-01
4.955931E-08,-1.4974632E-01
4.960931E-08,-1.4958819E-01
4.965931E-08,-1.4948277E-01
4.970931E-08,-1.4937735E-01
4.975931E-08,-1.4927194E-01
4.980931E-08,-1.4921923E-01
4.985931E-08,-1.4916652E-01
4.990931E-08,-1.4916652E-01
4.995931E-08,-1.4916652E-01
5.000931E-08,-1.4921923E-01
5.005931E-08,-1.4921923E-01
5.010931E-08,-1.4927194E-01
5.015931E-08,-1.4937735E-01
5.020931E-08,-1.4943006E-01
5.025931E-08,-1.4948277E-01
5.030931E-08,-1.4953548E-01
5.035931E-08,-1.4964090E-01
5.040931E-08,-1.4969361E-01
5.045931E-08,-1.4974632E-01
5.050931E-08,-1.4979903E-01
5.055931E-08,-1.4979903E-01
5.060931E-08,-1.4985173E-01
5.065931E-08,-1.4985173E-01
5.070931E-08,-1.4985173E-01
5.075931E-08,-1.4979903E-01
5.080931E-08,-1.4974632E-01
5.085931E-08,-1.4969361E-01
5.090931E-08,-1.4964090E-01
5.095931E-08,-1.4953548E-01
5.100931E-08,-1.4943006E-01
5.105931E-08,-1.4932464E-01
5.110931E-08,-1.4921923E-01
5.115931E-08,-1.4906110E-01
5.120931E-08,-1.4895568E-01
5.125931E-08,-1.4879755E-01
5.130931E-08,-1.4863943E-01
5.135931E-08,-1.4853401E-01
5.140931E-08,-1.4837588E-01
5.145931E-08,-1.4827046E-01
5.150931E-08,-1.4816505E-01
5.155931E-08,-1.4805963E-01
5.160931E-08,-1.4795421E-01
5.165931E-08,-1.4784879E-01
5.170931E-08,-1.4779608E-01
5.175931E-08,-1.4774337E-01
5.180931E-08,-1.4769067E-01
5.185931E-08,-1.4763796E-01
5.190931E-08,-1.4763796E-01
5.195931E-08,-1.4758525E-01
5.200931E-08,-1.4758525E-01
5.205931E-08,-1.4758525E-01
5.210931E-08,-1.4763796E-01
5.215931E-08,-1.4763796E-01
5.220931E-08,-1.4763796E-01
5.225931E-08,-1.4769067E-01
5.230931E-08,-1.4769067E-01
5.235931E-08,-1.4774337E-01
5.240931E-08,-1.4774337E-01
5.245931E-08,-1.4779608E-01
5.250931E-08,-1.4779608E-01
5.255931E-08,-1.4784879E-01
5.260931E-08,-1.4784879E-01
5.265931E-08,-1.4784879E-01
5.270931E-08,-1.4784879E-01
5.275931E-08,-1.4784879E-01
5.280931E-08,-1.4784879E-01
5.285931E-08,-1.4784879E-01
5.290931E-08,-1.4784879E-01
5.295931E-08,-1.4779608E-01
5.300931E-08,-1.4779608E-01
5.305931E-08,-1.4779608E-01
5.310931E-08,-1.4779608E-01
5.315931E-08,-1.4779608E-01
5.320931E-08,-1.4774337E-01
5.325931E-08,-1.4779608E-01
5.330931E-08,-1.4779608E-01
5.335931E-08,-1.4779608E-01
5.340931E-08,-1.4784879E-01
5.345931E-08,-1.4784879E-01
5.350931E-08,-1.4790150E-01
5.355931E-08,-1.4795421E-01
5.360931E-08,-1.4800692E-01
5.365931E-08,-1.4811234E-01
5.370931E-08,-1.4821776E-01
5.375931E-08,-1.4827046E-01
5.380931E-08,-1.4842859E-01
5.385931E-08,-1.4853401E-01
5.390931E-08,-1.4863943E-01
5.395931E-08,-1.4879755E-01
5.400931E-08,-1.4895568E-01
5.405931E-08,-1.4906110E-01
5.410931E-08,-1.4921923E-01
5.415931E-08,-1.4937735E-01
5.420931E-08,-1.4953548E-01
5.425931E-08,-1.4969361E-01
5.430931E-08,-1.4985173E-01
5.435931E-08,-1.4995715E-01
5.440931E-08,-1.5011528E-01
5.445931E-08,-1.5022070E-01
5.450931E-08,-1.5037883E-01
5.455931E-08,-1.5048424E-01
5.460931E-08,-1.5058966E-01
5.465931E-08,-1.5069508E-01
5.470931E-08,-1.5074779E-01
5.475931E-08,-1.5085321E-01
5.480931E-08,-1.5095862E-01
5.485931E-08,-1.5101133E-01
5.490931E-08,-1.5106404E-01
5.495931E-08,-1.5111675E-01
5.500931E-08,-1.5116946E-01
5.505931E-08,-1.5122217E-01
5.510931E-08,-1.5127488E-01
5.515931E-08,-1.5127488E-01
5.520931E-08,-1.5132759E-01
5.525931E-08,-1.5138030E-01
5.530931E-08,-1.5138030E-01
5.535931E-08,-1.5143301E-01
5.540931E-08,-1.5148571E-01
5.545931E-08,-1.5153842E-01
5.550931E-08,-1.5159113E-01
5.555931E-08,-1.5164384E-01
5.560931E-08,-1.5169655E-01
5.565931E-08,-1.5174926E-01
5.570931E-08,-1.5180197E-01
5.575931E-08,-1.5190739E-01
5.580931E-08,-1.5196010E-01
5.585931E-08,-1.5206551E-01
5.590931E-08,-1.5211822E-01
5.595931E-08,-1.5222364E-01
5.600931E-08,-1.5227635E-01
5.605931E-08,-1.5238177E-01
5.610931E-08,-1.5243448E-01
5.615931E-08,-1.5253989E-01
5.620931E-08,-1.5259260E-01
5.625931E-08,-1.5269802E-01
5.630931E-08,-1.5275073E-01
5.635931E-08,-1.5280344E-01
5.640931E-08,-1.5285615E-01
5.645931E-08,-1.5290886E-01
5.650931E-08,-1.5290886E-01
5.655931E-08,-1.5296157E-01
5.660931E-08,-1.5296157E-01
5.665931E-08,-1.5301428E-01
5.670931E-08,-1.5301428E-01
5.675931E-08,-1.5301428E-01
5.680931E-08,-1.5296157E-01
5.685931E-08,-1.5296157E-01
5.690931E-08,-1.5296157E-01
5.695931E-08,-1.5290886E-01
5.700931E-08,-1.5285615E-01
5.705931E-08,-1.5285615E-01
5.710931E-08,-1.5280344E-01
5.715931E-08,-1.5275073E-01
5.720931E-08,-1.5269802E-01
5.725931E-08,-1.5264531E-01
5.730931E-08,-1.5259260E-01
5.735931E-08,-1.5259260E-01
5.740931E-08,-1.5253989E-01
5.745931E-08,-1.5248719E-01
5.750931E-08,-1.5243448E-01
5.755931E-08,-1.5238177E-01
5.760931E-08,-1.5238177E-01
5.765931E-08,-1.5232906E-01
5.770931E-08,-1.5227635E-01
5.775931E-08,-1.5222364E-01
5.780931E-08,-1.5217093E-01
5.785931E-08,-1.5211822E-01
5.790931E-08,-1.5206551E-01
5.795931E-08,-1.5201280E-01
5.800931E-08,-1.5196010E-01
5.805931E-08,-1.5185468E-01
5.810931E-08,-1.5180197E-01
5.815931E-08,-1.5169655E-01
5.820931E-08,-1.5164384E-01
5.825931E-08,-1.5153842E-01
5.830931E-08,-1.5143301E-01
5.835931E-08,-1.5132759E-01
5.840931E-08,-1.5122217E-01
5.845931E-08,-1.5111675E-01
5.850931E-08,-1.5095862E-01
5.855931E-08,-1.5085321E-01
5.860931E-08,-1.5069508E-01
5.865931E-08,-1.5053695E-01
5.870931E-08,-1.5037883E-01
5.875931E-08,-1.5022070E-01
5.880931E-08,-1.5006257E-01
5.885931E-08,-1.4990444E-01
5.890931E-08,-1.4974632E-01
5.895931E-08,-1.4958819E-01
5.900931E-08,-1.4937735E-01
5.905931E-08,-1.4921923E-01
5.910931E-08,-1.4906110E-01
5.915931E-08,-1.4885026E-01
5.920931E-08,-1.4869214E-01
5.925931E-08,-1.4853401E-01
5.930931E-08,-1.4832317E-01
5.935931E-08,-1.4816505E-01
5.940931E-08,-1.4800692E-01
5.945931E-08,-1.4784879E-01
5.950931E-08,-1.4769067E-01
5.955931E-08,-1.4753254E-01
5.960931E-08,-1.4737441E-01
5.965931E-08,-1.4721628E-01
5.970931E-08,-1.4711087E-01
5.975931E-08,-1.4695274E-01
5.980931E-08,-1.4684732E-01
5.985931E-08,-1.4674190E-01
5.990931E-08,-1.4663649E-01
5.995931E-08,-1.4653107E-01
6.000931E-08,-1.4647836E-01
6.005931E-08,-1.4637294E-01
6.010931E-08,-1.4632023E-01
6.015931E-08,-1.4621481E-01
6.020931E-08,-1.4616210E-01
6.025931E-08,-1.4616210E-01
6.030931E-08,-1.4610939E-01
6.035931E-08,-1.4605669E-01
6.040931E-08,-1.4605669E-01
6.045931E-08,-1.4600398E-01
6.050931E-08,-1.4600398E-01
6.055931E-08,-1.4600398E-01
6.060931E-08,-1.4600398E-01
6.065931E-08,-1.4600398E-01
6.070931E-08,-1.4605669E-01
6.075931E-08,-1.4605669E-01
6.080931E-08,-1.4605669E-01
6.085931E-08,-1.4610939E-01
6.090931E-08,-1.4610939E-01
6.095931E-08,-1.4616210E-01
6.100931E-08,-1.4621481E-01
6.105931E-08,-1.4626752E-01
6.110931E-08,-1.4626752E-01
6.115931E-08,-1.4632023E-01
6.120931E-08,-1.4637294E-01
6.125931E-08,-1.4642565E-01
6.130931E-08,-1.4647836E-01
6.135931E-08,-1.4653107E-01
6.140931E-08,-1.4658378E-01
6.145931E-08,-1.4663649E-01
6.150931E-08,-1.4674190E-01
6.155931E-08,-1.4679461E-01
6.160931E-08,-1.4684732E-01
6.165931E-08,-1.4690003E-01
6.170931E-08,-1.4695274E-01
6.175931E-08,-1.4700545E-01
6.180931E-08,-1.4705816E-01
6.185931E-08,-1.4711087E-01
6.190931E-08,-1.4716358E-01
6.195931E-08,-1.4721628E-01
6.200931E-08,-1.4726899E-01
6.205931E-08,-1.4732170E-01
6.210931E-08,-1.4737441E-01
6.215931E-08,-1.4737441E-01
6.220931E-08,-1.4742712E-01
6.225931E-08,-1.4747983E-01
6.230931E-08,-1.4753254E-01
6.235931E-08,-1.4753254E-01
6.240931E-08,-1.4758525E-01
6.245931E-08,-1.4763796E-01
6.250931E-08,-1.4763796E-01
6.255931E-08,-1.4769067E-01
6.260931E-08,-1.4774337E-01
6.265931E-08,-1.4774337E-01
6.270931E-08,-1.4779608E-01
6.275931E-08,-1.4784879E-01
6.280931E-08,-1.4784879E-01
6.285931E-08,-1.4790150E-01
6.290931E-08,-1.4795421E-01
6.295931E-08,-1.4800692E-01
6.300931E-08,-1.4805963E-01
6.305931E-08,-1.4816505E-01
6.310931E-08,-1.4821776E-01
6.315931E-08,-1.4827046E-01
6.320931E-08,-1.4837588E-01
6.325931E-08,-1.4848130E-01
6.330931E-08,-1.4858672E-01
6.335931E-08,-1.4869214E-01
6.340931E-08,-1.4879755E-01
6.345931E-08,-1.4890297E-01
6.350931E-08,-1.4906110E-01
6.355931E-08,-1.4916652E-01
6.360931E-08,-1.4932464E-01
6.365931E-08,-1.4943006E-01
6.370931E-08,-1.4958819E-01
6.375931E-08,-1.4974632E-01
6.380931E-08,-1.4990444E-01
6.385931E-08,-1.5006257E-01
6.390931E-08,-1.5022070E-01
6.395931E-08,-1.5037883E-01
6.400931E-08,-1.5053695E-01
6.405931E-08,-1.5069508E-01
6.410931E-08,-1.5080050E-01
6.415931E-08,-1.5095862E-01
6.420931E-08,-1.5106404E-01
6.425931E-08,-1.5116946E-01
6.430931E-08,-1.5127488E-01
6.435931E-08,-1.5138030E-01
6.440931E-08,-1.5148571E-01
6.445931E-08,-1.5153842E-01
6.450931E-08,-1.5159113E-01
6.455931E-08,-1.5164384E-01
6.460931E-08,-1.5164384E-01
6.465931E-08,-1.5164384E-01
6.470931E-08,-1.5164384E-01
6.475931E-08,-1.5164384E-01
6.480931E-08,-1.5164384E-01
6.485931E-08,-1.5159113E-01
6.490931E-08,-1.5153842E-01
6.495931E-08,-1.5148571E-01
6.500931E-08,-1.5138030E-01
6.505931E-08,-1.5132759E-01
6.510931E-08,-1.5122217E-01
6.515931E-08,-1.5116946E-01
6.520931E-08,-1.5106404E-01
6.525931E-08,-1.5101133E-01
6.530931E-08,-1.5090592E-01
6.535931E-08,-1.5085321E-01
6.540931E-08,-1.5074779E-01
6.545931E-08,-1.5069508E-01
6.550931E-08,-1.5064237E-01
6.555931E-08,-1.5058966E-01
6.560931E-08,-1.5053695E-01
6.565931E-08,-1.5048424E-01
6.570931E-08,-1.5048424E-01
6.575931E-08,-1.5043153E-01
6.580931E-08,-1.5043153E-01
6.585931E-08,-1.5048424E-01
6.590931E-08,-1.5048424E-01
6.595931E-08,-1.5053695E-01
6.600931E-08,-1.5058966E-01
6.605931E-08,-1.5064237E-01
6.610931E-08,-1.5069508E-01
6.615931E-08,-1.5080050E-01
6.620931E-08,-1.5085321E-01
6.625931E-08,-1.5095862E-01
6.630931E-08,-1.5101133E-01
6.635931E-08,-1.5111675E-01
6.640931E-08,-1.5122217E-01
6.645931E-08,-1.5127488E-01
6.650931E-08,-1.5138030E-01
6.655931E-08,-1.5143301E-01
6.660931E-08,-1.5153842E-01
6.665931E-08,-1.5159113E-01
6.670931E-08,-1.5164384E-01
6.675931E-08,-1.5164384E-01
6.680931E-08,-1.5169655E-01
6.685931E-08,-1.5174926E-01
6.690931E-08,-1.5174926E-01
6.695931E-08,-1.5169655E-01
6.700931E-08,-1.5169655E-01
6.705931E-08,-1.5164384E-01
6.710931E-08,-1.5164384E-01
6.715931E-08,-1.5159113E-01
6.720931E-08,-1.5148571E-01
6.725931E-08,-1.5143301E-01
6.730931E-08,-1.5132759E-01
6.735931E-08,-1.5122217E-01
6.740931E-08,-1.5111675E-01
6.745931E-08,-1.5101133E-01
6.750931E-08,-1.5090592E-01
6.755931E-08,-1.5080050E-01
6.760931E-08,-1.5069508E-01
6.765931E-08,-1.5053695E-01
6.770931E-08,-1.5043153E-01
6.775931E-08,-1.5032612E-01
6.780931E-08,-1.5022070E-01
6.785931E-08,-1.5011528E-01
6.790931E-08,-1.5000986E-01
6.795931E-08,-1.4990444E-01
6.800931E-08,-1.4979903E-01
6.805931E-08,-1.4974632E-01
6.810931E-08,-1.4964090E-01
6.815931E-08,-1.4958819E-01
6.820931E-08,-1.4953548E-01
6.825931E-08,-1.4948277E-01
6.830931E-08,-1.4943006E-01
6.835931E-08,-1.4937735E-01
6.840931E-08,-1.4937735E-01
6.845931E-08,-1.4932464E-01
6.850931E-08,-1.4932464E-01
6.855931E-08,-1.4927194E-01
6.860931E-08,-1.4927194E-01
6.865931E-08,-1.4921923E-01
6.870931E-08,-1.4921923E-01
6.875931E-08,-1.4921923E-01
6.880931E-08,-1.4921923E-01
6.885931E-08,-1.4916652E-01
6.890931E-08,-1.4916652E-01
6.895931E-08,-1.4911381E-01
6.900931E-08,-1.4911381E-01
6.905931E-08,-1.4911381E-01
6.910931E-08,-1.4906110E-01
6.915931E-08,-1.4900839E-01
6.920931E-08,-1.4900839E-01
6.925931E-08,-1.4895568E-01
6.930931E-08,-1.4895568E-01
6.935931E-08,-1.4890297E-01
6.940931E-08,-1.4885026E-01
6.945931E-08,-1.4879755E-01
6.950931E-08,-1.4879755E-01
6.955931E-08,-1.4874485E-01
6.960931E-08,-1.4869214E-01
6.965931E-08,-1.4863943E-01
6.970931E-08,-1.4863943E-01
6.975931E-08,-1.4858672E-01
6.980931E-08,-1.4858672E-01
6.985931E-08,-1.4853401E-01
6.990931E-08,-1.4853401E-01
6.995931E-08,-1.4853401E-01
7.000931E-08,-1.4853401E-01
7.005931E-08,-1.4853401E-01
7.010931E-08,-1.4853401E-01
7.015931E-08,-1.4853401E-01
7.020931E-08,-1.4853401E-01
7.025931E-08,-1.4858672E-01
7.030931E-08,-1.4858672E-01
7.035931E-08,-1.4858672E-01
7.040931E-08,-1.4863943E-01
7.045931E-08,-1.4863943E-01
7.050931E-08,-1.4869214E-01
7.055931E-08,-1.4869214E-01
7.060931E-08,-1.4874485E-01
7.065931E-08,-1.4874485E-01
7.070931E-08,-1.4879755E-01
7.075931E-08,-1.4879755E-01
7.080931E-08,-1.4885026E-01
7.085931E-08,-1.4885026E-01
7.090931E-08,-1.4885026E-01
7.095931E-08,-1.4885026E-01
7.100931E-08,-1.4885026E-01
7.105931E-08,-1.4885026E-01
7.110931E-08,-1.4885026E-01
7.115931E-08,-1.4885026E-01
7.120931E-08,-1.4885026E-01
7.125931E-08,-1.4885026E-01
7.130931E-08,-1.4879755E-01
7.135931E-08,-1.4879755E-01
7.140931E-08,-1.4879755E-01
7.145931E-08,-1.4879755E-01
7.150931E-08,-1.4874485E-01
7.155931E-08,-1.4874485E-01
7.160931E-08,-1.4874485E-01
7.165931E-08,-1.4874485E-01
7.170931E-08,-1.4874485E-01
7.175931E-08,-1.4874485E-01
7.180931E-08,-1.4874485E-01
7.185931E-08,-1.4874485E-01
7.190931E-08,-1.4874485E-01
7.195931E-08,-1.4879755E-01
7.200931E-08,-1.4879755E-01
7.205931E-08,-1.4885026E-01
7.210931E-08,-1.4890297E-01
7.215931E-08,-1.4895568E-01
7.220931E-08,-1.4900839E-01
7.225931E-08,-1.4906110E-01
7.230931E-08,-1.4911381E-01
7.235931E-08,-1.4921923E-01
7.240931E-08,-1.4927194E-01
7.245931E-08,-1.4932464E-01
7.250931E-08,-1.4943006E-01
7.255931E-08,-1.4948277E-01
7.260931E-08,-1.4958819E-01
7.265931E-08,-1.4964090E-01
7.270931E-08,-1.4969361E-01
7.275931E-08,-1.4974632E-01
7.280931E-08,-1.4979903E-01
7.285931E-08,-1.4985173E-01
7.290931E-08,-1.4990444E-01
7.295931E-08,-1.4995715E-01
7.300931E-08,-1.4995715E-01
7.305931E-08,-1.5000986E-01
7.310931E-08,-1.5000986E-01
7.315931E-08,-1.5000986E-01
7.320931E-08,-1.5000986E-01
7.325931E-08,-1.5000986E-01
7.330931E-08,-1.5000986E-01
7.335931E-08,-1.4995715E-01
7.340931E-08,-1.4995715E-01
7.345931E-08,-1.4990444E-01
7.350931E-08,-1.4985173E-01
7.355931E-08,-1.4979903E-01
7.360931E-08,-1.4979903E-01
7.365931E-08,-1.4974632E-01
7.370931E-08,-1.4969361E-01
7.375931E-08,-1.4964090E-01
7.380931E-08,-1.4958819E-01
7.385931E-08,-1.4958819E-01
7.390931E-08,-1.4953548E-01
7.395931E-08,-1.4953548E-01
7.400931E-08,-1.4948277E-01
7.405931E-08,-1.4948277E-01
7.410931E-08,-1.4948277E-01
7.415931E-08,-1.4948277E-01
7.420931E-08,-1.4948277E-01
7.425931E-08,-1.4953548E-01
7.430931E-08,-1.4953548E-01
7.435931E-08,-1.4958819E-01
7.440931E-08,-1.4958819E-01
7.445931E-08,-1.4964090E-01
7.450931E-08,-1.4969361E-01
7.455931E-08,-1.4974632E-01
7.460931E-08,-1.4979903E-01
7.465931E-08,-1.4985173E-01
7.470931E-08,-1.4990444E-01
7.475931E-08,-1.5000986E-01
7.480931E-08,-1.5006257E-01
7.485931E-08,-1.5011528E-01
7.490931E-08,-1.5016799E-01
7.495931E-08,-1.5022070E-01
7.500931E-08,-1.5027341E-01
7.505931E-08,-1.5032612E-01
7.510931E-08,-1.5032612E-01
7.515931E-08,-1.5037883E-01
7.520931E-08,-1.5037883E-01
7.525931E-08,-1.5043153E-01
7.530931E-08,-1.5043153E-01
7.535931E-08,-1.5043153E-01
7.540931E-08,-1.5043153E-01
7.545931E-08,-1.5043153E-01
7.550931E-08,-1.5037883E-01
7.555931E-08,-1.5037883E-01
7.560931E-08,-1.5037883E-01
7.565931E-08,-1.5032612E-01
7.570931E-08,-1.5032612E-01
7.575931E-08,-1.5027341E-01
7.580931E-08,-1.5022070E-01
7.585931E-08,-1.5022070E-01
7.590931E-08,-1.5016799E-01
7.595931E-08,-1.5016799E-01
7.600931E-08,-1.5011528E-01
7.605931E-08,-1.5011528E-01
7.610931E-08,-1.5011528E-01
7.615931E-08,-1.5006257E-01
7.620931E-08,-1.5006257E-01
7.625931E-08,-1.5006257E-01
7.630931E-08,-1.5006257E-01
7.635931E-08,-1.5006257E-01
7.640931E-08,-1.5011528E-01
7.645931E-08,-1.5011528E-01
7.650931E-08,-1.5016799E-01
7.655931E-08,-1.5022070E-01
7.660931E-08,-1.5022070E-01
7.665931E-08,-1.5027341E-01
7.670931E-08,-1.5032612E-01
7.675931E-08,-1.5037883E-01
7.680931E-08,-1.5043153E-01
7.685931E-08,-1.5048424E-01
7.690931E-08,-1.5053695E-01
7.695931E-08,-1.5058966E-01
7.700931E-08,-1.5064237E-01
7.705931E-08,-1.5069508E-01
7.710931E-08,-1.5074779E-01
7.715931E-08,-1.5080050E-01
7.720931E-08,-1.5080050E-01
7.725931E-08,-1.5085321E-01
7.730931E-08,-1.5085321E-01
7.735931E-08,-1.5085321E-01
7.740931E-08,-1.5085321E-01
7.745931E-08,-1.5085321E-01
7.750931E-08,-1.5085321E-01
7.755931E-08,-1.5085321E-01
7.760931E-08,-1.5080050E-01
7.765931E-08,-1.5080050E-01
7.770931E-08,-1.5074779E-01
7.775931E-08,-1.5069508E-01
7.780931E-08,-1.5064237E-01
7.785931E-08,-1.5058966E-01
7.790931E-08,-1.5053695E-01
7.795931E-08,-1.5048424E-01
7.800931E-08,-1.5043153E-01
7.805931E-08,-1.5037883E-01
7.810931E-08,-1.5032612E-01
7.815931E-08,-1.5027341E-01
7.820931E-08,-1.5022070E-01
7.825931E-08,-1.5016799E-01
7.830931E-08,-1.5011528E-01
7.835931E-08,-1.5006257E-01
7.840931E-08,-1.5000986E-01
7.845931E-08,-1.4995715E-01
7.850931E-08,-1.4995715E-01
7.855931E-08,-1.4990444E-01
7.860931E-08,-1.4990444E-01
7.865931E-08,-1.4990444E-01
7.870931E-08,-1.4990444E-01
7.875931E-08,-1.4990444E-01
7.880931E-08,-1.4990444E-01
7.885931E-08,-1.4990444E-01
7.890931E-08,-1.4990444E-01
7.895931E-08,-1.4990444E-01
7.900931E-08,-1.4990444E-01
7.905931E-08,-1.4995715E-01
7.910931E-08,-1.4995715E-01
7.915931E-08,-1.4995715E-01
7.920931E-08,-1.4995715E-01
7.925931E-08,-1.4995715E-01
7.930931E-08,-1.5000986E-01
7.935931E-08,-1.5000986E-01
7.940931E-08,-1.5000986E-01
7.945931E-08,-1.5000986E-01
7.950931E-08,-1.4995715E-01
7.955931E-08,-1.4995715E-01
7.960931E-08,-1.4995715E-01
7.965931E-08,-1.4990444E-01
7.970931E-08,-1.4990444E-01
7.975931E-08,-1.4985173E-01
7.980931E-08,-1.4979903E-01
7.985931E-08,-1.4974632E-01
7.990931E-08,-1.4974632E-01
7.995931E-08,-1.4969361E-01
8.000931E-08,-1.4958819E-01
8.005931E-08,-1.4953548E-01
8.010931E-08,-1.4948277E-01
8.015931E-08,-1.4943006E-01
8.020931E-08,-1.4937735E-01
8.025931E-08,-1.4932464E-01
8.030931E-08,-1.4927194E-01
8.035931E-08,-1.4921923E-01
8.040931E-08,-1.4916652E-01
8.045931E-08,-1.4911381E-01
8.050931E-08,-1.4906110E-01
8.055931E-08,-1.4900839E-01
8.060931E-08,-1.4895568E-01
8.065931E-08,-1.4895568E-01
8.070931E-08,-1.4890297E-01
8.075931E-08,-1.4890297E-01
8.080931E-08,-1.4890297E-01
8.085931E-08,-1.4885026E-01
8.090931E-08,-1.4885026E-01
8.095931E-08,-1.4890297E-01
8.100931E-08,-1.4890297E-01
8.105931E-08,-1.4890297E-01
8.110931E-08,-1.4890297E-01
8.115931E-08,-1.4890297E-01
8.120931E-08,-1.4895568E-01
8.125931E-08,-1.4895568E-01
8.130931E-08,-1.4900839E-01
8.135931E-08,-1.4900839E-01
8.140931E-08,-1.4906110E-01
8.145931E-08,-1.4906110E-01
8.150931E-08,-1.4911381E-01
8.155931E-08,-1.4916652E-01
8.160931E-08,-1.4916652E-01
8.165931E-08,-1.4921923E-01
8.170931E-08,-1.4921923E-01
8.175931E-08,-1.4921923E-01
8.180931E-08,-1.4927194E-01
8.185931E-08,-1.4927194E-01
8.190931E-08,-1.4932464E-01
8.195931E-08,-1.4932464E-01
8.200931E-08,-1.4932464E-01
8.205931E-08,-1.4932464E-01
8.210931E-08,-1.4937735E-01
8.215931E-08,-1.4937735E-01
8.220931E-08,-1.4937735E-01
8.225931E-08,-1.4937735E-01
8.230931E-08,-1.4943006E-01
8.235931E-08,-1.4943006E-01
8.240931E-08,-1.4943006E-01
8.245931E-08,-1.4948277E-01
8.250931E-08,-1.4948277E-01
8.255931E-08,-1.4948277E-01
8.260931E-08,-1.4953548E-01
8.265931E-08,-1.4958819E-01
8.270931E-08,-1.4958819E-01
8.275931E-08,-1.4964090E-01
8.280931E-08,-1.4969361E-01
8.285931E-08,-1.4969361E-01
8.290931E-08,-1.4974632E-01
8.295931E-08,-1.4979903E-01
8.300931E-08,-1.4985173E-01
8.305931E-08,-1.4990444E-01
8.310931E-08,-1.4995715E-01
8.315931E-08,-1.5006257E-01
8.320931E-08,-1.5011528E-01
8.325931E-08,-1.5016799E-01
8.330931E-08,-1.5022070E-01
8.335931E-08,-1.5027341E-01
8.340931E-08,-1.5032612E-01
8.345931E-08,-1.5037883E-01
8.350931E-08,-1.5037883E-01
8.355931E-08,-1.5043153E-01
8.360931E-08,-1.5048424E-01
8.365931E-08,-1.5048424E-01
8.370931E-08,-1.5053695E-01
8.375931E-08,-1.5058966E-01
8.380931E-08,-1.5058966E-01
8.385931E-08,-1.5058966E-01
8.390931E-08,-1.5058966E-01
8.395931E-08,-1.5058966E-01
8.400931E-08,-1.5058966E-01
8.405931E-08,-1.5058966E-01
8.410931E-08,-1.5058966E-01
8.415931E-08,-1.5053695E-01
8.420931E-08,-1.5053695E-01
8.425931E-08,-1.5053695E-01
8.430931E-08,-1.5048424E-01
8.435931E-08,-1.5048424E-01
8.440931E-08,-1.5043153E-01
8.445931E-08,-1.5037883E-01
8.450931E-08,-1.5037883E-01
8.455931E-08,-1.5032612E-01
8.460931E-08,-1.5027341E-01
8.465931E-08,-1.5027341E-01
8.470931E-08,-1.5022070E-01
8.475931E-08,-1.5022070E-01
8.480931E-08,-1.5016799E-01
8.485931E-08,-1.5016799E-01
8.490931E-08,-1.5016799E-01
8.495931E-08,-1.5011528E-01
8.500931E-08,-1.5011528E-01
8.505931E-08,-1.5011528E-01
8.510931E-08,-1.5011528E-01
8.515931E-08,-1.5011528E-01
8.520931E-08,-1.5006257E-01
8.525931E-08,-1.5006257E-01
8.530931E-08,-1.5006257E-01
8.535931E-08,-1.5006257E-01
8.540931E-08,-1.5006257E-01
8.545931E-08,-1.5006257E-01
8.550931E-08,-1.5006257E-01
8.555931E-08,-1.5006257E-01
8.560931E-08,-1.5006257E-01
8.565931E-08,-1.5006257E-01
8.570931E-08,-1.5006257E-01
8.575931E-08,-1.5006257E-01
8.580931E-08,-1.5006257E-01
8.585931E-08,-1.5006257E-01
8.590931E-08,-1.5006257E-01
8.595931E-08,-1.5000986E-01
8.600931E-08,-1.5000986E-01
8.605931E-08,-1.5000986E-01
8.610931E-08,-1.4995715E-01
8.615931E-08,-1.4995715E-01
8.620931E-08,-1.4995715E-01
8.625931E-08,-1.4990444E-01
8.630931E-08,-1.4990444E-01
8.635931E-08,-1.4990444E-01
8.640931E-08,-1.4985173E-01
8.645931E-08,-1.4985173E-01
8.650931E-08,-1.4985173E-01
8.655931E-08,-1.4985173E-01
8.660931E-08,-1.4985173E-01
8.665931E-08,-1.4985173E-01
8.670931E-08,-1.4985173E-01
8.675931E-08,-1.4985173E-01
8.680931E-08,-1.4985173E-01
8.685931E-08,-1.4985173E-01
8.690931E-08,-1.4985173E-01
8.695931E-08,-1.4985173E-01
8.700931E-08,-1.4990444E-01
8.705931E-08,-1.4990444E-01
8.710931E-08,-1.4990444E-01
8.715931E-08,-1.4995715E-01
8.720931E-08,-1.5000986E-01
8.725931E-08,-1.5000986E-01
8.730931E-08,-1.5006257E-01
8.735931E-08,-1.5006257E-01
8.740931E-08,-1.5011528E-01
8.745931E-08,-1.5016799E-01
8.750931E-08,-1.5016799E-01
8.755931E-08,-1.5022070E-01
8.760931E-08,-1.5022070E-01
8.765931E-08,-1.5027341E-01
8.770931E-08,-1.5027341E-01
8.775931E-08,-1.5032612E-01
8.780931E-08,-1.5032612E-01
8.785931E-08,-1.5037883E-01
8.790931E-08,-1.5037883E-01
8.795931E-08,-1.5037883E-01
8.800931E-08,-1.5037883E-01
8.805931E-08,-1.5037883E-01
8.810931E-08,-1.5037883E-01
8.815931E-08,-1.5043153E-01
8.820931E-08,-1.5043153E-01
8.825931E-08,-1.5043153E-01
8.830931E-08,-1.5037883E-01
8.835931E-08,-1.5037883E-01
8.840931E-08,-1.5037883E-01
8.845931E-08,-1.5037883E-01
8.850931E-08,-1.5037883E-01
8.855931E-08,-1.5037883E-01
8.860931E-08,-1.5037883E-01
8.865931E-08,-1.5037883E-01
8.870931E-08,-1.5037883E-01
8.875931E-08,-1.5037883E-01
8.880931E-08,-1.5037883E-01
8.885931E-08,-1.5037883E-01
8.890931E-08,-1.5037883E-01
8.895931E-08,-1.5037883E-01
8.900931E-08,-1.5037883E-01
8.905931E-08,-1.5037883E-01
8.910931E-08,-1.5037883E-01
8.915931E-08,-1.5037883E-01
8.920931E-08,-1.5037883E-01
8.925931E-08,-1.5037883E-01
8.930931E-08,-1.5032612E-01
8.935931E-08,-1.5032612E-01
8.940931E-08,-1.5032612E-01
8.945931E-08,-1.5032612E-01
8.950931E-08,-1.5032612E-01
8.955931E-08,-1.5032612E-01
8.960931E-08,-1.5027341E-01
8.965931E-08,-1.5027341E-01
8.970931E-08,-1.5022070E-01
8.975931E-08,-1.5022070E-01
8.980931E-08,-1.5016799E-01
8.985931E-08,-1.5016799E-01
8.990931E-08,-1.5011528E-01
8.995931E-08,-1.5006257E-01
9.000931E-08,-1.5006257E-01
9.005931E-08,-1.5000986E-01
9.010931E-08,-1.4995715E-01
9.015931E-08,-1.4990444E-01
9.020931E-08,-1.4990444E-01
9.025931E-08,-1.4985173E-01
9.030931E-08,-1.4979903E-01
9.035931E-08,-1.4979903E-01
9.040931E-08,-1.4974632E-01
9.045931E-08,-1.4974632E-01
9.050931E-08,-1.4969361E-01
9.055931E-08,-1.4969361E-01
9.060931E-08,-1.4969361E-01
9.065931E-08,-1.4969361E-01
9.070931E-08,-1.4969361E-01
9.075931E-08,-1.4969361E-01
9.080931E-08,-1.4969361E-01
9.085931E-08,-1.4974632E-01
9.090931E-08,-1.4974632E-01
9.095931E-08,-1.4979903E-01
9.100931E-08,-1.4979903E-01
9.105931E-08,-1.4985173E-01
9.110931E-08,-1.4990444E-01
9.115931E-08,-1.4995715E-01
9.120931E-08,-1.5000986E-01
9.125931E-08,-1.5006257E-01
9.130931E-08,-1.5016799E-01
9.135931E-08,-1.5022070E-01
9.140931E-08,-1.5027341E-01
9.145931E-08,-1.5032612E-01
9.150931E-08,-1.5037883E-01
9.155931E-08,-1.5043153E-01
9.160931E-08,-1.5048424E-01
9.165931E-08,-1.5053695E-01
9.170931E-08,-1.5053695E-01
9.175931E-08,-1.5058966E-01
9.180931E-08,-1.5064237E-01
9.185931E-08,-1.5064237E-01
9.190931E-08,-1.5064237E-01
9.195931E-08,-1.5069508E-01
9.200931E-08,-1.5069508E-01
9.205931E-08,-1.5069508E-01
9.210931E-08,-1.5069508E-01
9.215931E-08,-1.5069508E-01
9.220931E-08,-1.5064237E-01
9.225931E-08,-1.5064237E-01
9.230931E-08,-1.5064237E-01
9.235931E-08,-1.5058966E-01
9.240931E-08,-1.5058966E-01
9.245931E-08,-1.5053695E-01
9.250931E-08,-1.5053695E-01
9.255931E-08,-1.5048424E-01
9.260931E-08,-1.5048424E-01
9.265931E-08,-1.5048424E-01
9.270931E-08,-1.5043153E-01
9.275931E-08,-1.5043153E-01
9.280931E-08,-1.5043153E-01
9.285931E-08,-1.5037883E-01
9.290931E-08,-1.5037883E-01
9.295931E-08,-1.5037883E-01
9.300931E-08,-1.5037883E-01
9.305931E-08,-1.5037883E-01
9.310931E-08,-1.5037883E-01
9.315931E-08,-1.5037883E-01
9.320931E-08,-1.5043153E-01
9.325931E-08,-1.5043153E-01
9.330931E-08,-1.5043153E-01
9.335931E-08,-1.5043153E-01
9.340931E-08,-1.5048424E-01
9.345931E-08,-1.5048424E-01
9.350931E-08,-1.5048424E-01
9.355931E-08,-1.5048424E-01
9.360931E-08,-1.5048424E-01
9.365931E-08,-1.5053695E-01
9.370931E-08,-1.5053695E-01
9.375931E-08,-1.5053695E-01
9.380931E-08,-1.5053695E-01
9.385931E-08,-1.5053695E-01
9.390931E-08,-1.5048424E-01
9.395931E-08,-1.5048424E-01
9.400931E-08,-1.5048424E-01
9.405931E-08,-1.5043153E-01
9.410931E-08,-1.5043153E-01
9.415931E-08,-1.5043153E-01
9.420931E-08,-1.5037883E-01
9.425931E-08,-1.5037883E-01
9.430931E-08,-1.5032612E-01
9.435931E-08,-1.5032612E-01
9.440931E-08,-1.5027341E-01
9.445931E-08,-1.5027341E-01
9.450931E-08,-1.5022070E-01
9.455931E-08,-1.5022070E-01
9.460931E-08,-1.5016799E-01
9.465931E-08,-1.5016799E-01
9.470931E-08,-1.5016799E-01
9.475931E-08,-1.5016799E-01
9.480931E-08,-1.5011528E-01
9.485931E-08,-1.5011528E-01
9.490931E-08,-1.5016799E-01
9.495931E-08,-1.5016799E-01
9.500931E-08,-1.5016799E-01
9.505931E-08,-1.5016799E-01
9.510931E-08,-1.5022070E-01
9.515931E-08,-1.5022070E-01
9.520931E-08,-1.5027341E-01
9.525931E-08,-1.5027341E-01
9.530931E-08,-1.5032612E-01
9.535931E-08,-1.5037883E-01
9.540931E-08,-1.5037883E-01
9.545931E-08,-1.5043153E-01
9.550931E-08,-1.5048424E-01
9.555931E-08,-1.5048424E-01
9.560931E-08,-1.5053695E-01
9.565931E-08,-1.5058966E-01
9.570931E-08,-1.5058966E-01
9.575931E-08,-1.5064237E-01
9.580931E-08,-1.5064237E-01
9.585931E-08,-1.5064237E-01
9.590931E-08,-1.5069508E-01
9.595931E-08,-1.5069508E-01
9.600931E-08,-1.5069508E-01
9.605931E-08,-1.5069508E-01
9.610931E-08,-1.5069508E-01
9.615931E-08,-1.5069508E-01
9.620931E-08,-1.5064237E-01
9.625931E-08,-1.5064237E-01
9.630931E-08,-1.5064237E-01
9.635931E-08,-1.5058966E-01
9.640931E-08,-1.5058966E-01
9.645931E-08,-1.5053695E-01
9.650931E-08,-1.5053695E-01
9.655931E-08,-1.5048424E-01
9.660931E-08,-1.5048424E-01
9.665931E-08,-1.5043153E-01
9.670931E-08,-1.5043153E-01
9.675931E-08,-1.5037883E-01
9.680931E-08,-1.5037883E-01
9.685931E-08,-1.5037883E-01
9.690931E-08,-1.5032612E-01
9.695931E-08,-1.5032612E-01
9.700931E-08,-1.5032612E-01
9.705931E-08,-1.5032612E-01
9.710931E-08,-1.5032612E-01
9.715931E-08,-1.5032612E-01
9.720931E-08,-1.5032612E-01
9.725931E-08,-1.5032612E-01
9.730931E-08,-1.5032612E-01
9.735931E-08,-1.5032612E-01
9.740931E-08,-1.5037883E-01
9.745931E-08,-1.5037883E-01
9.750931E-08,-1.5037883E-01
9.755931E-08,-1.5043153E-01
9.760931E-08,-1.5043153E-01
9.765931E-08,-1.5048424E-01
9.770931E-08,-1.5048424E-01
9.775931E-08,-1.5053695E-01
9.780931E-08,-1.5053695E-01
9.785931E-08,-1.5058966E-01
9.790931E-08,-1.5058966E-01
9.795931E-08,-1.5064237E-01
9.800931E-08,-1.5064237E-01
9.805931E-08,-1.5069508E-01
9.810931E-08,-1.5069508E-01
9.815931E-08,-1.5069508E-01
9.820931E-08,-1.5074779E-01
9.825931E-08,-1.5074779E-01
9.830931E-08,-1.5074779E-01
9.835931E-08,-1.5074779E-01
9.840931E-08,-1.5080050E-01
9.845931E-08,-1.5080050E-01
9.850931E-08,-1.5080050E-01
9.855931E-08,-1.5080050E-01
9.860931E-08,-1.5080050E-01
9.865931E-08,-1.5080050E-01
9.870931E-08,-1.5080050E-01
9.875931E-08,-1.5080050E-01
9.880931E-08,-1.5080050E-01
9.885931E-08,-1.5080050E-01
9.890931E-08,-1.5080050E-01
9.895931E-08,-1.5080050E-01
9.900931E-08,-1.5080050E-01
9.905931E-08,-1.5080050E-01
9.910931E-08,-1.5074779E-01
9.915931E-08,-1.5074779E-01
9.920931E-08,-1.5074779E-01
9.925931E-08,-1.5074779E-01
9.930931E-08,-1.5074779E-01
9.935931E-08,-1.5069508E-01
9.940931E-08,-1.5069508E-01
9.945931E-08,-1.5069508E-01
9.950931E-08,-1.5069508E-01
9.955931E-08,-1.5064237E-01
9.960931E-08,-1.5064237E-01
9.965931E-08,-1.5064237E-01
9.970931E-08,-1.5058966E-01
9.975931E-08,-1.5058966E-01
9.980931E-08,-1.5058966E-01
9.985931E-08,-1.5053695E-01
9.990931E-08,-1.5053695E-01
9.995931E-08,-1.5053695E-01
1.0000931E-07,-1.5048424E-01
1.0005931E-07,-1.5048424E-01
1.0010931E-07,-1.5048424E-01
1.0015931E-07,-1.5048424E-01
1.0020931E-07,-1.5043153E-01
1.0025931E-07,-1.5043153E-01
1.0030931E-07,-1.5043153E-01
1.0035931E-07,-1.5043153E-01
1.0040931E-07,-1.5043153E-01
1.0045931E-07,-1.5037883E-01
1.0050931E-07,-1.5037883E-01
1.0055931E-07,-1.5037883E-01
1.0060931E-07,-1.5037883E-01
1.0065931E-07,-1.5037883E-01
1.0070931E-07,-1.5037883E-01
1.0075931E-07,-1.5037883E-01
1.0080931E-07,-1.5037883E-01
1.0085931E-07,-1.5032612E-01
1.0090931E-07,-1.5032612E-01
1.0095931E-07,-1.5032612E-01
1.0100931E-07,-1.5032612E-01
1.0105931E-07,-1.5032612E-01
1.0110931E-07,-1.5027341E-01
1.0115931E-07,-1.5027341E-01
1.0120931E-07,-1.5027341E-01
1.0125931E-07,-1.5022070E-01
1.0130931E-07,-1.5022070E-01
1.0135931E-07,-1.5016799E-01
1.0140931E-07,-1.5016799E-01
1.0145931E-07,-1.5011528E-01
1.0150931E-07,-1.5011528E-01
1.0155931E-07,-1.5006257E-01
1.0160931E-07,-1.5000986E-01
1.0165931E-07,-1.5000986E-01
1.0170931E-07,-1.4995715E-01
1.0175931E-07,-1.4990444E-01
1.0180931E-07,-1.4990444E-01
1.0185931E-07,-1.4985173E-01
1.0190931E-07,-1.4979903E-01
1.0195931E-07,-1.4979903E-01
1.0200931E-07,-1.4974632E-01
1.0205931E-07,-1.4974632E-01
1.0210931E-07,-1.4969361E-01
1.0215931E-07,-1.4969361E-01
1.0220931E-07,-1.4969361E-01
1.0225931E-07,-1.4964090E-01
1.0230931E-07,-1.4964090E-01
1.0235931E-07,-1.4964090E-01
1.0240931E-07,-1.4964090E-01
1.0245931E-07,-1.4969361E-01
1.0250931E-07,-1.4969361E-01
1.0255931E-07,-1.4969361E-01
1.0260931E-07,-1.4974632E-01
1.0265931E-07,-1.4974632E-01
1.0270931E-07,-1.4979903E-01
1.0275931E-07,-1.4985173E-01
1.0280931E-07,-1.4990444E-01
1.0285931E-07,-1.4995715E-01
1.0290931E-07,-1.5000986E-01
1.0295931E-07,-1.5006257E-01
1.0300931E-07,-1.5011528E-01
1.0305931E-07,-1.5016799E-01
1.0310931E-07,-1.5022070E-01
1.0315931E-07,-1.5027341E-01
1.0320931E-07,-1.5032612E-01
1.0325931E-07,-1.5037883E-01
1.0330931E-07,-1.5043153E-01
1.0335931E-07,-1.5048424E-01
1.0340931E-07,-1.5053695E-01
1.0345931E-07,-1.5058966E-01
1.0350931E-07,-1.5058966E-01
1.0355931E-07,-1.5064237E-01
1.0360931E-07,-1.5064237E-01
1.0365931E-07,-1.5069508E-01
1.0370931E-07,-1.5069508E-01
1.0375931E-07,-1.5069508E-01
1.0380931E-07,-1.5069508E-01
1.0385931E-07,-1.5069508E-01
1.0390931E-07,-1.5069508E-01
1.0395931E-07,-1.5069508E-01
1.0400931E-07,-1.5069508E-01
1.0405931E-07,-1.5064237E-01
1.0410931E-07,-1.5064237E-01
1.0415931E-07,-1.5058966E-01
1.0420931E-07,-1.5058966E-01
1.0425931E-07,-1.5053695E-01
1.0430931E-07,-1.5053695E-01
1.0435931E-07,-1.5048424E-01
1.0440931E-07,-1.5043153E-01
1.0445931E-07,-1.5043153E-01
1.0450931E-07,-1.5037883E-01
1.0455931E-07,-1.5032612E-01
1.0460931E-07,-1.5032612E-01
1.0465931E-07,-1.5027341E-01
1.0470931E-07,-1.5027341E-01
1.0475931E-07,-1.5022070E-01
1.0480931E-07,-1.5022070E-01
1.0485931E-07,-1.5016799E-01
1.0490931E-07,-1.5016799E-01
1.0495931E-07,-1.5016799E-01
1.0500931E-07,-1.5011528E-01
1.0505931E-07,-1.5011528E-01
1.0510931E-07,-1.5011528E-01
1.0515931E-07,-1.5011528E-01
1.0520931E-07,-1.5011528E-01
1.0525931E-07,-1.5006257E-01
1.0530931E-07,-1.5006257E-01
1.0535931E-07,-1.5006257E-01
1.0540931E-07,-1.5006257E-01
1.0545931E-07,-1.5006257E-01
1.0550931E-07,-1.5006257E-01
1.0555931E-07,-1.5006257E-01
1.0560931E-07,-1.5006257E-01
1.0565931E-07,-1.5006257E-01
1.0570931E-07,-1.5006257E-01
1.0575931E-07,-1.5006257E-01
1.0580931E-07,-1.5006257E-01
1.0585931E-07,-1.5011528E-01
1.0590931E-07,-1.5011528E-01
1.0595931E-07,-1.5011528E-01
1.0600931E-07,-1.5011528E-01
1.0605931E-07,-1.5011528E-01
1.0610931E-07,-1.5011528E-01
1.0615931E-07,-1.5016799E-01
1.0620931E-07,-1.5016799E-01
1.0625931E-07,-1.5016799E-01
1.0630931E-07,-1.5016799E-01
1.0635931E-07,-1.5022070E-01
1.0640931E-07,-1.5022070E-01
1.0645931E-07,-1.5022070E-01
1.0650931E-07,-1.5027341E-01
1.0655931E-07,-1.5027341E-01
1.0660931E-07,-1.5027341E-01
1.0665931E-07,-1.5032612E-01
1.0670931E-07,-1.5032612E-01
1.0675931E-07,-1.5037883E-01
1.0680931E-07,-1.5037883E-01
1.0685931E-07,-1.5037883E-01
1.0690931E-07,-1.5043153E-01
1.0695931E-07,-1.5043153E-01
1.0700931E-07,-1.5043153E-01
1.0705931E-07,-1.5048424E-01
1.0710931E-07,-1.5048424E-01
1.0715931E-07,-1.5048424E-01
1.0720931E-07,-1.5048424E-01
1.0725931E-07,-1.5048424E-01
1.0730931E-07,-1.5048424E-01
1.0735931E-07,-1.5048424E-01
1.0740931E-07,-1.5048424E-01
1.0745931E-07,-1.5048424E-01
1.0750931E-07,-1.5048424E-01
1.0755931E-07,-1.5048424E-01
1.0760931E-07,-1.5043153E-01
1.0765931E-07,-1.5043153E-01
1.0770931E-07,-1.5037883E-01
1.0775931E-07,-1.5037883E-01
1.0780931E-07,-1.5032612E-01
1.0785931E-07,-1.5032612E-01
1.0790931E-07,-1.5027341E-01
1.0795931E-07,-1.5022070E-01
1.0800931E-07,-1.5016799E-01
1.0805931E-07,-1.5016799E-01
1.0810931E-07,-1.5011528E-01
1.0815931E-07,-1.5006257E-01
1.0820931E-07,-1.5000986E-01
1.0825931E-07,-1.4995715E-01
1.0830931E-07,-1.4990444E-01
1.0835931E-07,-1.4985173E-01
1.0840931E-07,-1.4985173E-01
1.0845931E-07,-1.4979903E-01
1.0850931E-07,-1.4974632E-01
1.0855931E-07,-1.4969361E-01
1.0860931E-07,-1.4964090E-01
1.0865931E-07,-1.4958819E-01
1.0870931E-07,-1.4958819E-01
1.0875931E-07,-1.4953548E-01
1.0880931E-07,-1.4948277E-01
1.0885931E-07,-1.4943006E-01
1.0890931E-07,-1.4943006E-01
1.0895931E-07,-1.4937735E-01
1.0900931E-07,-1.4937735E-01
1.0905931E-07,-1.4932464E-01
1.0910931E-07,-1.4927194E-01
1.0915931E-07,-1.4927194E-01
1.0920931E-07,-1.4921923E-01
1.0925931E-07,-1.4921923E-01
1.0930931E-07,-1.4921923E-01
1.0935931E-07,-1.4916652E-01
1.0940931E-07,-1.4916652E-01
1.0945931E-07,-1.4916652E-01
1.0950931E-07,-1.4911381E-01
1.0955931E-07,-1.4911381E-01
1.0960931E-07,-1.4911381E-01
1.0965931E-07,-1.4911381E-01
1.0970931E-07,-1.4906110E-01
1.0975931E-07,-1.4906110E-01
1.0980931E-07,-1.4906110E-01
1.0985931E-07,-1.4906110E-01
1.0990931E-07,-1.4906110E-01
1.0995931E-07,-1.4906110E-01
1.1000931E-07,-1.4906110E-01
1.1005931E-07,-1.4911381E-01
1.1010931E-07,-1.4911381E-01
1.1015931E-07,-1.4911381E-01
1.1020931E-07,-1.4911381E-01
1.1025931E-07,-1.4916652E-01
1.1030931E-07,-1.4916652E-01
1.1035931E-07,-1.4921923E-01
1.1040931E-07,-1.4921923E-01
1.1045931E-07,-1.4927194E-01
1.1050931E-07,-1.4927194E-01
1.1055931E-07,-1.4932464E-01
1.1060931E-07,-1.4932464E-01
1.1065931E-07,-1.4937735E-01
1.1070931E-07,-1.4943006E-01
1.1075931E-07,-1.4943006E-01
1.1080931E-07,-1.4948277E-01
1.1085931E-07,-1.4953548E-01
1.1090931E-07,-1.4953548E-01
1.1095931E-07,-1.4958819E-01
1.1100931E-07,-1.4958819E-01
1.1105931E-07,-1.4964090E-01
1.1110931E-07,-1.4964090E-01
1.1115931E-07,-1.4969361E-01
1.1120931E-07,-1.4969361E-01
1.1125931E-07,-1.4974632E-01
1.1130931E-07,-1.4974632E-01
1.1135931E-07,-1.4979903E-01
1.1140931E-07,-1.4979903E-01
1.1145931E-07,-1.4979903E-01
1.1150931E-07,-1.4979903E-01
1.1155931E-07,-1.4979903E-01
1.1160931E-07,-1.4985173E-01
1.1165931E-07,-1.4985173E-01
1.1170931E-07,-1.4985173E-01
1.1175931E-07,-1.4985173E-01
1.1180931E-07,-1.4985173E-01
1.1185931E-07,-1.4985173E-01
1.1190931E-07,-1.4979903E-01
1.1195931E-07,-1.4979903E-01
1.1200931E-07,-1.4979903E-01
1.1205931E-07,-1.4979903E-01
1.1210931E-07,-1.4979903E-01
1.1215931E-07,-1.4974632E-01
1.1220931E-07,-1.4974632E-01
1.1225931E-07,-1.4974632E-01
1.1230931E-07,-1.4969361E-01
1.1235931E-07,-1.4969361E-01
1.1240931E-07,-1.4969361E-01
1.1245931E-07,-1.4964090E-01
1.1250931E-07,-1.4964090E-01
1.1255931E-07,-1.4964090E-01
1.1260931E-07,-1.4964090E-01
1.1265931E-07,-1.4958819E-01
1.1270931E-07,-1.4958819E-01
1.1275931E-07,-1.4958819E-01
1.1280931E-07,-1.4953548E-01
1.1285931E-07,-1.4953548E-01
1.1290931E-07,-1.4953548E-01
1.1295931E-07,-1.4948277E-01
1.1300931E-07,-1.4948277E-01
1.1305931E-07,-1.4948277E-01
1.1310931E-07,-1.4943006E-01
1.1315931E-07,-1.4943006E-01
1.1320931E-07,-1.4943006E-01
1.1325931E-07,-1.4943006E-01
1.1330931E-07,-1.4943006E-01
1.1335931E-07,-1.4937735E-01
1.1340931E-07,-1.4937735E-01
1.1345931E-07,-1.4937735E-01
1.1350931E-07,-1.4937735E-01
1.1355931E-07,-1.4937735E-01
1.1360931E-07,-1.4937735E-01
1.1365931E-07,-1.4937735E-01
1.1370931E-07,-1.4937735E-01
1.1375931E-07,-1.4937735E-01
1.1380931E-07,-1.4937735E-01
1.1385931E-07,-1.4937735E-01
1.1390931E-07,-1.4932464E-01
1.1395931E-07,-1.4932464E-01
1.1400931E-07,-1.4932464E-01
1.1405931E-07,-1.4932464E-01
1.1410931E-07,-1.4932464E-01
1.1415931E-07,-1.4932464E-01
1.1420931E-07,-1.4932464E-01
1.1425931E-07,-1.4932464E-01
1.1430931E-07,-1.4932464E-01
1.1435931E-07,-1.4932464E-01
1.1440931E-07,-1.4932464E-01
1.1445931E-07,-1.4932464E-01
1.1450931E-07,-1.4932464E-01
1.1455931E-07,-1.4927194E-01
1.1460931E-07,-1.4927194E-01
1.1465931E-07,-1.4927194E-01
1.1470931E-07,-1.4927194E-01
1.1475931E-07,-1.4921923E-01
1.1480931E-07,-1.4921923E-01
1.1485931E-07,-1.4916652E-01
1.1490931E-07,-1.4916652E-01
1.1495931E-07,-1.4911381E-01
1.1500931E-07,-1.4911381E-01
1.1505931E-07,-1.4906110E-01
1.1510931E-07,-1.4900839E-01
1.1515931E-07,-1.4900839E-01
1.1520931E-07,-1.4895568E-01
1.1525931E-07,-1.4895568E-01
1.1530931E-07,-1.4890297E-01
1.1535931E-07,-1.4885026E-01
1.1540931E-07,-1.4885026E-01
1.1545931E-07,-1.4879755E-01
1.1550931E-07,-1.4879755E-01
1.1555931E-07,-1.4879755E-01
1.1560931E-07,-1.4874485E-01
1.1565931E-07,-1.4874485E-01
1.1570931E-07,-1.4874485E-01
1.1575931E-07,-1.4874485E-01
1.1580931E-07,-1.4879755E-01
1.1585931E-07,-1.4879755E-01
1.1590931E-07,-1.4879755E-01
1.1595931E-07,-1.4885026E-01
1.1600931E-07,-1.4885026E-01
1.1605931E-07,-1.4890297E-01
1.1610931E-07,-1.4895568E-01
1.1615931E-07,-1.4900839E-01
1.1620931E-07,-1.4906110E-01
1.1625931E-07,-1.4911381E-01
1.1630931E-07,-1.4921923E-01
1.1635931E-07,-1.4927194E-01
1.1640931E-07,-1.4932464E-01
1.1645931E-07,-1.4943006E-01
1.1650931E-07,-1.4948277E-01
1.1655931E-07,-1.4958819E-01
1.1660931E-07,-1.4964090E-01
1.1665931E-07,-1.4974632E-01
1.1670931E-07,-1.4979903E-01
1.1675931E-07,-1.4985173E-01
1.1680931E-07,-1.4995715E-01
1.1685931E-07,-1.5000986E-01
1.1690931E-07,-1.5006257E-01
1.1695931E-07,-1.5011528E-01
1.1700931E-07,-1.5016799E-01
1.1705931E-07,-1.5016799E-01
1.1710931E-07,-1.5022070E-01
1.1715931E-07,-1.5022070E-01
1.1720931E-07,-1.5027341E-01
1.1725931E-07,-1.5027341E-01
1.1730931E-07,-1.5022070E-01
1.1735931E-07,-1.5022070E-01
1.1740931E-07,-1.5022070E-01
1.1745931E-07,-1.5016799E-01
1.1750931E-07,-1.5011528E-01
1.1755931E-07,-1.5006257E-01
1.1760931E-07,-1.5000986E-01
1.1765931E-07,-1.4995715E-01
1.1770931E-07,-1.4990444E-01
1.1775931E-07,-1.4979903E-01
1.1780931E-07,-1.4974632E-01
1.1785931E-07,-1.4964090E-01
1.1790931E-07,-1.4958819E-01
1.1795931E-07,-1.4948277E-01
1.1800931E-07,-1.4943006E-01
1.1805931E-07,-1.4937735E-01
1.1810931E-07,-1.4927194E-01
1.1815931E-07,-1.4921923E-01
1.1820931E-07,-1.4916652E-01
1.1825931E-07,-1.4911381E-01
1.1830931E-07,-1.4906110E-01
1.1835931E-07,-1.4900839E-01
1.1840931E-07,-1.4895568E-01
1.1845931E-07,-1.4895568E-01
1.1850931E-07,-1.4890297E-01
1.1855931E-07,-1.4890297E-01
1.1860931E-07,-1.4890297E-01
1.1865931E-07,-1.4890297E-01
1.1870931E-07,-1.4890297E-01
1.1875931E-07,-1.4895568E-01
1.1880931E-07,-1.4895568E-01
1.1885931E-07,-1.4900839E-01
1.1890931E-07,-1.4900839E-01
1.1895931E-07,-1.4906110E-01
1.1900931E-07,-1.4911381E-01
1.1905931E-07,-1.4916652E-01
1.1910931E-07,-1.4921923E-01
1.1915931E-07,-1.4927194E-01
1.1920931E-07,-1.4932464E-01
1.1925931E-07,-1.4937735E-01
1.1930931E-07,-1.4943006E-01
1.1935931E-07,-1.4948277E-01
1.1940931E-07,-1.4953548E-01
1.1945931E-07,-1.4953548E-01
1.1950931E-07,-1.4958819E-01
1.1955931E-07,-1.4958819E-01
1.1960931E-07,-1.4964090E-01
1.1965931E-07,-1.4964090E-01
1.1970931E-07,-1.4964090E-01
1.1975931E-07,-1.4964090E-01
1.1980931E-07,-1.4964090E-01
1.1985931E-07,-1.4964090E-01
1.1990931E-07,-1.4958819E-01
1.1995931E-07,-1.4958819E-01
1.2000931E-07,-1.4953548E-01
1.2005931E-07,-1.4948277E-01
1.2010931E-07,-1.4948277E-01
1.2015931E-07,-1.4943006E-01
1.2020931E-07,-1.4937735E-01
1.2025931E-07,-1.4932464E-01
1.2030931E-07,-1.4921923E-01
1.2035931E-07,-1.4916652E-01
1.2040931E-07,-1.4911381E-01
1.2045931E-07,-1.4906110E-01
1.2050931E-07,-1.4900839E-01
1.2055931E-07,-1.4895568E-01
1.2060931E-07,-1.4890297E-01
1.2065931E-07,-1.4885026E-01
1.2070931E-07,-1.4879755E-01
1.2075931E-07,-1.4879755E-01
1.2080931E-07,-1.4874485E-01
1.2085931E-07,-1.4874485E-01
1.2090931E-07,-1.4869214E-01
1.2095931E-07,-1.4869214E-01
1.2100931E-07,-1.4869214E-01
1.2105931E-07,-1.4863943E-01
1.2110931E-07,-1.4869214E-01
1.2115931E-07,-1.4869214E-01
1.2120931E-07,-1.4869214E-01
1.2125931E-07,-1.4869214E-01
1.2130931E-07,-1.4874485E-01
1.2135931E-07,-1.4874485E-01
1.2140931E-07,-1.4874485E-01
1.2145931E-07,-1.4879755E-01
1.2150931E-07,-1.4885026E-01
1.2155931E-07,-1.4885026E-01
1.2160931E-07,-1.4890297E-01
1.2165931E-07,-1.4890297E-01
1.2170931E-07,-1.4895568E-01
1.2175931E-07,-1.4900839E-01
1.2180931E-07,-1.4900839E-01
1.2185931E-07,-1.4906110E-01
1.2190931E-07,-1.4906110E-01
1.2195931E-07,-1.4906110E-01
1.2200931E-07,-1.4911381E-01
1.2205931E-07,-1.4911381E-01
1.2210931E-07,-1.4911381E-01
1.2215931E-07,-1.4911381E-01
1.2220931E-07,-1.4911381E-01
1.2225931E-07,-1.4911381E-01
1.2230931E-07,-1.4911381E-01
1.2235931E-07,-1.4911381E-01
1.2240931E-07,-1.4906110E-01
1.2245931E-07,-1.4906110E-01
1.2250931E-07,-1.4900839E-01
1.2255931E-07,-1.4900839E-01
1.2260931E-07,-1.4900839E-01
1.2265931E-07,-1.4895568E-01
1.2270931E-07,-1.4895568E-01
1.2275931E-07,-1.4890297E-01
1.2280931E-07,-1.4890297E-01
1.2285931E-07,-1.4885026E-01
1.2290931E-07,-1.4885026E-01
1.2295931E-07,-1.4879755E-01
1.2300931E-07,-1.4879755E-01
1.2305931E-07,-1.4879755E-01
1.2310931E-07,-1.4874485E-01
1.2315931E-07,-1.4874485E-01
1.2320931E-07,-1.4874485E-01
1.2325931E-07,-1.4874485E-01
1.2330931E-07,-1.4874485E-01
1.2335931E-07,-1.4874485E-01
1.2340931E-07,-1.4879755E-01
1.2345931E-07,-1.4879755E-01
1.2350931E-07,-1.4879755E-01
1.2355931E-07,-1.4885026E-01
1.2360931E-07,-1.4885026E-01
1.2365931E-07,-1.4890297E-01
1.2370931E-07,-1.4890297E-01
1.2375931E-07,-1.4895568E-01
1.2380931E-07,-1.4895568E-01
1.2385931E-07,-1.4900839E-01
1.2390931E-07,-1.4906110E-01
1.2395931E-07,-1.4906110E-01
1.2400931E-07,-1.4911381E-01
1.2405931E-07,-1.4916652E-01
1.2410931E-07,-1.4921923E-01
1.2415931E-07,-1.4921923E-01
1.2420931E-07,-1.4927194E-01
1.2425931E-07,-1.4932464E-01
1.2430931E-07,-1.4937735E-01
1.2435931E-07,-1.4937735E-01
1.2440931E-07,-1.4943006E-01
1.2445931E-07,-1.4943006E-01
1.2450931E-07,-1.4948277E-01
1.2455931E-07,-1.4948277E-01
1.2460931E-07,-1.4953548E-01
1.2465931E-07,-1.4953548E-01
1.2470931E-07,-1.4958819E-01
1.2475931E-07,-1.4958819E-01
1.2480931E-07,-1.4958819E-01
1.2485931E-07,-1.4964090E-01
1.2490931E-07,-1.4964090E-01
1.2495931E-07,-1.4964090E-01
1.2500931E-07,-1.4964090E-01
1.2505931E-07,-1.4964090E-01
1.2510931E-07,-1.4964090E-01
1.2515931E-07,-1.4964090E-01
1.2520931E-07,-1.4964090E-01
1.2525931E-07,-1.4964090E-01
1.2530931E-07,-1.4964090E-01
1.2535931E-07,-1.4964090E-01
1.2540931E-07,-1.4958819E-01
1.2545931E-07,-1.4958819E-01
1.2550931E-07,-1.4958819E-01
1.2555931E-07,-1.4953548E-01
1.2560931E-07,-1.4953548E-01
1.2565931E-07,-1.4948277E-01
1.2570931E-07,-1.4948277E-01
1.2575931E-07,-1.4943006E-01
1.2580931E-07,-1.4943006E-01
1.2585931E-07,-1.4937735E-01
1.2590931E-07,-1.4932464E-01
1.2595931E-07,-1.4932464E-01
1.2600931E-07,-1.4927194E-01
1.2605931E-07,-1.4921923E-01
1.2610931E-07,-1.4921923E-01
1.2615931E-07,-1.4916652E-01
1.2620931E-07,-1.4916652E-01
1.2625931E-07,-1.4911381E-01
1.2630931E-07,-1.4906110E-01
1.2635931E-07,-1.4906110E-01
1.2640931E-07,-1.4900839E-01
1.2645931E-07,-1.4900839E-01
1.2650931E-07,-1.4895568E-01
1.2655931E-07,-1.4895568E-01
1.2660931E-07,-1.4895568E-01
1.2665931E-07,-1.4895568E-01
1.2670931E-07,-1.4890297E-01
1.2675931E-07,-1.4890297E-01
1.2680931E-07,-1.4890297E-01
1.2685931E-07,-1.4895568E-01
1.2690931E-07,-1.4895568E-01
1.2695931E-07,-1.4895568E-01
1.2700931E-07,-1.4895568E-01
1.2705931E-07,-1.4900839E-01
1.2710931E-07,-1.4900839E-01
1.2715931E-07,-1.4900839E-01
1.2720931E-07,-1.4906110E-01
1.2725931E-07,-1.4911381E-01
1.2730931E-07,-1.4911381E-01
1.2735931E-07,-1.4916652E-01
1.2740931E-07,-1.4916652E-01
1.2745931E-07,-1.4921923E-01
1.2750931E-07,-1.4927194E-01
1.2755931E-07,-1.4927194E-01
1.2760931E-07,-1.4932464E-01
1.2765931E-07,-1.4932464E-01
1.2770931E-07,-1.4937735E-01
1.2775931E-07,-1.4937735E-01
1.2780931E-07,-1.4943006E-01
1.2785931E-07,-1.4943006E-01
1.2790931E-07,-1.4943006E-01
1.2795931E-07,-1.4943006E-01
1.2800931E-07,-1.4943006E-01
1.2805931E-07,-1.4943006E-01
1.2810931E-07,-1.4943006E-01
1.2815931E-07,-1.4943006E-01
1.2820931E-07,-1.4943006E-01
1.2825931E-07,-1.4943006E-01
1.2830931E-07,-1.4943006E-01
1.2835931E-07,-1.4937735E-01
1.2840931E-07,-1.4937735E-01
1.2845931E-07,-1.4932464E-01
1.2850931E-07,-1.4932464E-01
1.2855931E-07,-1.4927194E-01
1.2860931E-07,-1.4927194E-01
1.2865931E-07,-1.4921923E-01
1.2870931E-07,-1.4921923E-01
