-7.141908E-08,-1.4948277E-01
-7.136908E-08,-1.4953548E-01
-7.131908E-08,-1.4953548E-01
-7.126908E-08,-1.4953548E-01
-7.121908E-08,-1.4953548E-01
-7.116908E-08,-1.4953548E-01
-7.111908E-08,-1.4953548E-01
-7.106908E-08,-1.4953548E-01
-7.101908E-08,-1.4953548E-01
-7.096908E-08,-1.4953548E-01
-7.091908E-08,-1.4953548E-01
-7.086908E-08,-1.4953548E-01
-7.081908E-08,-1.4953548E-01
-7.076908E-08,-1.4953548E-01
-7.071908E-08,-1.4953548E-01
-7.066908E-08,-1.4953548E-01
-7.061908E-08,-1.4953548E-01
-7.056908E-08,-1.4953548E-01
-7.051908E-08,-1.4953548E-01
-7.046908E-08,-1.4953548E-01
-7.041908E-08,-1.4948277E-01
-7.036908E-08,-1.4948277E-01
-7.031908E-08,-1.4948277E-01
-7.026908E-08,-1.4948277E-01
-7.021908E-08,-1.4948277E-01
-7.016908E-08,-1.4953548E-01
-7.011908E-08,-1.4953548E-01
-7.006908E-08,-1.4953548E-01
-7.001908E-08,-1.4953548E-01
-6.996908E-08,-1.4958819E-01
-6.991908E-08,-1.4958819E-01
-6.986908E-08,-1.4958819E-01
-6.981908E-08,-1.4964090E-01
-6.976908E-08,-1.4964090E-01
-6.971908E-08,-1.4969361E-01
-6.966908E-08,-1.4974632E-01
-6.961908E-08,-1.4974632E-01
-6.956908E-08,-1.4979903E-01
-6.951908E-08,-1.4985173E-01
-6.946908E-08,-1.4990444E-01
-6.941908E-08,-1.4995715E-01
-6.936908E-08,-1.4995715E-01
-6.931908E-08,-1.5000986E-01
-6.926908E-08,-1.5006257E-01
-6.921908E-08,-1.5006257E-01
-6.916908E-08,-1.5011528E-01
-6.911908E-08,-1.5011528E-01
-6.906908E-08,-1.5016799E-01
-6.901908E-08,-1.5016799E-01
-6.896908E-08,-1.5016799E-01
-6.891908E-08,-1.5016799E-01
-6.886908E-08,-1.5016799E-01
-6.881908E-08,-1.5016799E-01
-6.876908E-08,-1.5016799E-01
-6.871908E-08,-1.5011528E-01
-6.866908E-08,-1.5011528E-01
-6.861908E-08,-1.5006257E-01
-6.856908E-08,-1.5000986E-01
-6.851908E-08,-1.5000986E-01
-6.846908E-08,-1.4995715E-01
-6.841908E-08,-1.4985173E-01
-6.836908E-08,-1.4979903E-01
-6.831908E-08,-1.4974632E-01
-6.826908E-08,-1.4969361E-01
-6.821908E-08,-1.4958819E-01
-6.816908E-08,-1.4953548E-01
-6.811908E-08,-1.4948277E-01
-6.806908E-08,-1.4943006E-01
-6.801908E-08,-1.4932464E-01
-6.796908E-08,-1.4927194E-01
-6.791908E-08,-1.4921923E-01
-6.786908E-08,-1.4916652E-01
-6.781908E-08,-1.4916652E-01
-6.776908E-08,-1.4911381E-01
-6.771908E-08,-1.4906110E-01
-6.766908E-08,-1.4906110E-01
-6.761908E-08,-1.4906110E-01
-6.756908E-08,-1.4906110E-01
-6.751908E-08,-1.4906110E-01
-6.746908E-08,-1.4906110E-01
-6.741908E-08,-1.4906110E-01
-6.736908E-08,-1.4906110E-01
-6.731908E-08,-1.4911381E-01
-6.726908E-08,-1.4911381E-01
-6.721908E-08,-1.4916652E-01
-6.716908E-08,-1.4921923E-01
-6.711908E-08,-1.4927194E-01
-6.706908E-08,-1.4927194E-01
-6.701908E-08,-1.4932464E-01
-6.696908E-08,-1.4937735E-01
-6.691908E-08,-1.4943006E-01
-6.686908E-08,-1.4943006E-01
-6.681908E-08,-1.4948277E-01
-6.676908E-08,-1.4953548E-01
-6.671908E-08,-1.4953548E-01
-6.666908E-08,-1.4953548E-01
-6.661908E-08,-1.4958819E-01
-6.656908E-08,-1.4958819E-01
-6.651908E-08,-1.4958819E-01
-6.646908E-08,-1.4958819E-01
-6.641908E-08,-1.4958819E-01
-6.636908E-08,-1.4953548E-01
-6.631908E-08,-1.4953548E-01
-6.626908E-08,-1.4948277E-01
-6.621908E-08,-1.4948277E-01
-6.616908E-08,-1.4943006E-01
-6.611908E-08,-1.4943006E-01
-6.606908E-08,-1.4937735E-01
-6.601908E-08,-1.4932464E-01
-6.596908E-08,-1.4932464E-01
-6.591908E-08,-1.4927194E-01
-6.586908E-08,-1.4927194E-01
-6.581908E-08,-1.4921923E-01
-6.576908E-08,-1.4921923E-01
-6.571908E-08,-1.4916652E-01
-6.566908E-08,-1.4916652E-01
-6.561908E-08,-1.4916652E-01
-6.556908E-08,-1.4916652E-01
-6.551908E-08,-1.4916652E-01
-6.546908E-08,-1.4916652E-01
-6.541908E-08,-1.4916652E-01
-6.536908E-08,-1.4916652E-01
-6.531908E-08,-1.4921923E-01
-6.526908E-08,-1.4921923E-01
-6.521908E-08,-1.4927194E-01
-6.516908E-08,-1.4927194E-01
-6.511908E-08,-1.4932464E-01
-6.506908E-08,-1.4932464E-01
-6.501908E-08,-1.4937735E-01
-6.496908E-08,-1.4937735E-01
-6.491908E-08,-1.4937735E-01
-6.486908E-08,-1.4943006E-01
-6.481908E-08,-1.4943006E-01
-6.476908E-08,-1.4943006E-01
-6.471908E-08,-1.4948277E-01
-6.466908E-08,-1.4948277E-01
-6.461908E-08,-1.4948277E-01
-6.456908E-08,-1.4948277E-01
-6.451908E-08,-1.4943006E-01
-6.446908E-08,-1.4943006E-01
-6.441908E-08,-1.4937735E-01
-6.436908E-08,-1.4937735E-01
-6.431908E-08,-1.4932464E-01
-6.426908E-08,-1.4932464E-01
-6.421908E-08,-1.4927194E-01
-6.416908E-08,-1.4921923E-01
-6.411908E-08,-1.4916652E-01
-6.406908E-08,-1.4911381E-01
-6.401908E-08,-1.4906110E-01
-6.396908E-08,-1.4900839E-01
-6.391908E-08,-1.4900839E-01
-6.386908E-08,-1.4895568E-01
-6.381908E-08,-1.4890297E-01
-6.376908E-08,-1.4885026E-01
-6.371908E-08,-1.4885026E-01
-6.366908E-08,-1.4879755E-01
-6.361908E-08,-1.4879755E-01
-6.356908E-08,-1.4879755E-01
-6.351908E-08,-1.4879755E-01
-6.346908E-08,-1.4879755E-01
-6.341908E-08,-1.4885026E-01
-6.336908E-08,-1.4885026E-01
-6.331908E-08,-1.4890297E-01
-6.326908E-08,-1.4890297E-01
-6.321908E-08,-1.4895568E-01
-6.316908E-08,-1.4900839E-01
-6.311908E-08,-1.4906110E-01
-6.306908E-08,-1.4916652E-01
-6.301908E-08,-1.4921923E-01
-6.296908E-08,-1.4927194E-01
-6.291908E-08,-1.4932464E-01
-6.286908E-08,-1.4943006E-01
-6.281908E-08,-1.4948277E-01
-6.276908E-08,-1.4953548E-01
-6.271908E-08,-1.4958819E-01
-6.266908E-08,-1.4964090E-01
-6.261908E-08,-1.4969361E-01
-6.256908E-08,-1.4974632E-01
-6.251908E-08,-1.4979903E-01
-6.246908E-08,-1.4979903E-01
-6.241908E-08,-1.4985173E-01
-6.236908E-08,-1.4985173E-01
-6.231908E-08,-1.4985173E-01
-6.226908E-08,-1.4985173E-01
-6.221908E-08,-1.4985173E-01
-6.216908E-08,-1.4985173E-01
-6.211908E-08,-1.4985173E-01
-6.206908E-08,-1.4979903E-01
-6.201908E-08,-1.4974632E-01
-6.196908E-08,-1.4974632E-01
-6.191908E-08,-1.4969361E-01
-6.186908E-08,-1.4964090E-01
-6.181908E-08,-1.4958819E-01
-6.176908E-08,-1.4953548E-01
-6.171908E-08,-1.4948277E-01
-6.166908E-08,-1.4943006E-01
-6.161908E-08,-1.4937735E-01
-6.156908E-08,-1.4932464E-01
-6.151908E-08,-1.4927194E-01
-6.146908E-08,-1.4921923E-01
-6.141908E-08,-1.4916652E-01
-6.136908E-08,-1.4916652E-01
-6.131908E-08,-1.4911381E-01
-6.126908E-08,-1.4906110E-01
-6.121908E-08,-1.4906110E-01
-6.116908E-08,-1.4900839E-01
-6.111908E-08,-1.4900839E-01
-6.106908E-08,-1.4895568E-01
-6.101908E-08,-1.4895568E-01
-6.096908E-08,-1.4895568E-01
-6.091908E-08,-1.4895568E-01
-6.086908E-08,-1.4890297E-01
-6.081908E-08,-1.4890297E-01
-6.076908E-08,-1.4890297E-01
-6.071908E-08,-1.4885026E-01
-6.066908E-08,-1.4885026E-01
-6.061908E-08,-1.4885026E-01
-6.056908E-08,-1.4885026E-01
-6.051908E-08,-1.4879755E-01
-6.046908E-08,-1.4879755E-01
-6.041908E-08,-1.4874485E-01
-6.036908E-08,-1.4874485E-01
-6.031908E-08,-1.4869214E-01
-6.026908E-08,-1.4869214E-01
-6.021908E-08,-1.4863943E-01
-6.016908E-08,-1.4863943E-01
-6.011908E-08,-1.4858672E-01
-6.006908E-08,-1.4853401E-01
-6.001908E-08,-1.4853401E-01
-5.996908E-08,-1.4848130E-01
-5.991908E-08,-1.4842859E-01
-5.986908E-08,-1.4842859E-01
-5.981908E-08,-1.4837588E-01
-5.976908E-08,-1.4837588E-01
-5.971908E-08,-1.4837588E-01
-5.966908E-08,-1.4832317E-01
-5.961908E-08,-1.4832317E-01
-5.956908E-08,-1.4832317E-01
-5.951908E-08,-1.4832317E-01
-5.946908E-08,-1.4832317E-01
-5.941908E-08,-1.4832317E-01
-5.936908E-08,-1.4837588E-01
-5.931908E-08,-1.4837588E-01
-5.926908E-08,-1.4842859E-01
-5.921908E-08,-1.4842859E-01
-5.916908E-08,-1.4848130E-01
-5.911908E-08,-1.4853401E-01
-5.906908E-08,-1.4858672E-01
-5.901908E-08,-1.4863943E-01
-5.896908E-08,-1.4869214E-01
-5.891908E-08,-1.4874485E-01
-5.886908E-08,-1.4879755E-01
-5.881908E-08,-1.4885026E-01
-5.876908E-08,-1.4890297E-01
-5.871908E-08,-1.4895568E-01
-5.866908E-08,-1.4900839E-01
-5.861908E-08,-1.4906110E-01
-5.856908E-08,-1.4911381E-01
-5.851908E-08,-1.4916652E-01
-5.846908E-08,-1.4921923E-01
-5.841908E-08,-1.4921923E-01
-5.836908E-08,-1.4927194E-01
-5.831908E-08,-1.4927194E-01
-5.826908E-08,-1.4932464E-01
-5.821908E-08,-1.4932464E-01
-5.816908E-08,-1.4932464E-01
-5.811908E-08,-1.4932464E-01
-5.806908E-08,-1.4932464E-01
-5.801908E-08,-1.4932464E-01
-5.796908E-08,-1.4932464E-01
-5.791908E-08,-1.4932464E-01
-5.786908E-08,-1.4932464E-01
-5.781908E-08,-1.4927194E-01
-5.776908E-08,-1.4927194E-01
-5.771908E-08,-1.4927194E-01
-5.766908E-08,-1.4921923E-01
-5.761908E-08,-1.4921923E-01
-5.756908E-08,-1.4921923E-01
-5.751908E-08,-1.4916652E-01
-5.746908E-08,-1.4916652E-01
-5.741908E-08,-1.4916652E-01
-5.736908E-08,-1.4916652E-01
-5.731908E-08,-1.4916652E-01
-5.726908E-08,-1.4916652E-01
-5.721908E-08,-1.4916652E-01
-5.716908E-08,-1.4916652E-01
-5.711908E-08,-1.4916652E-01
-5.706908E-08,-1.4921923E-01
-5.701908E-08,-1.4921923E-01
-5.696908E-08,-1.4921923E-01
-5.691908E-08,-1.4927194E-01
-5.686908E-08,-1.4927194E-01
-5.681908E-08,-1.4932464E-01
-5.676908E-08,-1.4932464E-01
-5.671908E-08,-1.4937735E-01
-5.666908E-08,-1.4937735E-01
-5.661908E-08,-1.4943006E-01
-5.656908E-08,-1.4943006E-01
-5.651908E-08,-1.4943006E-01
-5.646908E-08,-1.4948277E-01
-5.641908E-08,-1.4948277E-01
-5.636908E-08,-1.4948277E-01
-5.631908E-08,-1.4953548E-01
-5.626908E-08,-1.4953548E-01
-5.621908E-08,-1.4953548E-01
-5.616908E-08,-1.4953548E-01
-5.611908E-08,-1.4953548E-01
-5.606908E-08,-1.4953548E-01
-5.601908E-08,-1.4953548E-01
-5.596908E-08,-1.4953548E-01
-5.591908E-08,-1.4948277E-01
-5.586908E-08,-1.4948277E-01
-5.581908E-08,-1.4948277E-01
-5.576908E-08,-1.4948277E-01
-5.571908E-08,-1.4943006E-01
-5.566908E-08,-1.4943006E-01
-5.561908E-08,-1.4943006E-01
-5.556908E-08,-1.4937735E-01
-5.551908E-08,-1.4937735E-01
-5.546908E-08,-1.4937735E-01
-5.541908E-08,-1.4937735E-01
-5.536908E-08,-1.4932464E-01
-5.531908E-08,-1.4932464E-01
-5.526908E-08,-1.4932464E-01
-5.521908E-08,-1.4932464E-01
-5.516908E-08,-1.4932464E-01
-5.511908E-08,-1.4932464E-01
-5.506908E-08,-1.4932464E-01
-5.501908E-08,-1.4932464E-01
-5.496908E-08,-1.4932464E-01
-5.491908E-08,-1.4937735E-01
-5.486908E-08,-1.4937735E-01
-5.481908E-08,-1.4943006E-01
-5.476908E-08,-1.4943006E-01
-5.471908E-08,-1.4948277E-01
-5.466908E-08,-1.4948277E-01
-5.461908E-08,-1.4953548E-01
-5.456908E-08,-1.4953548E-01
-5.451908E-08,-1.4958819E-01
-5.446908E-08,-1.4964090E-01
-5.441908E-08,-1.4969361E-01
-5.436908E-08,-1.4974632E-01
-5.431908E-08,-1.4974632E-01
-5.426908E-08,-1.4979903E-01
-5.421908E-08,-1.4985173E-01
-5.416908E-08,-1.4990444E-01
-5.411908E-08,-1.4995715E-01
-5.406908E-08,-1.5000986E-01
-5.401908E-08,-1.5006257E-01
-5.396908E-08,-1.5006257E-01
-5.391908E-08,-1.5011528E-01
-5.386908E-08,-1.5016799E-01
-5.381908E-08,-1.5022070E-01
-5.376908E-08,-1.5022070E-01
-5.371908E-08,-1.5027341E-01
-5.366908E-08,-1.5027341E-01
-5.361908E-08,-1.5032612E-01
-5.356908E-08,-1.5032612E-01
-5.351908E-08,-1.5037883E-01
-5.346908E-08,-1.5037883E-01
-5.341908E-08,-1.5043153E-01
-5.336908E-08,-1.5043153E-01
-5.331908E-08,-1.5043153E-01
-5.326908E-08,-1.5043153E-01
-5.321908E-08,-1.5043153E-01
-5.316908E-08,-1.5043153E-01
-5.311908E-08,-1.5043153E-01
-5.306908E-08,-1.5043153E-01
-5.301908E-08,-1.5043153E-01
-5.296908E-08,-1.5037883E-01
-5.291908E-08,-1.5037883E-01
-5.286908E-08,-1.5037883E-01
-5.281908E-08,-1.5032612E-01
-5.276908E-08,-1.5032612E-01
-5.271908E-08,-1.5027341E-01
-5.266908E-08,-1.5022070E-01
-5.261908E-08,-1.5022070E-01
-5.256908E-08,-1.5016799E-01
-5.251908E-08,-1.5011528E-01
-5.246908E-08,-1.5011528E-01
-5.241908E-08,-1.5006257E-01
-5.236908E-08,-1.5000986E-01
-5.231908E-08,-1.4995715E-01
-5.226908E-08,-1.4995715E-01
-5.221908E-08,-1.4990444E-01
-5.216908E-08,-1.4985173E-01
-5.211908E-08,-1.4985173E-01
-5.206908E-08,-1.4979903E-01
-5.201908E-08,-1.4979903E-01
-5.196908E-08,-1.4974632E-01
-5.191908E-08,-1.4974632E-01
-5.186908E-08,-1.4974632E-01
-5.181908E-08,-1.4969361E-01
-5.176908E-08,-1.4969361E-01
-5.171908E-08,-1.4969361E-01
-5.166908E-08,-1.4969361E-01
-5.161908E-08,-1.4969361E-01
-5.156908E-08,-1.4969361E-01
-5.151908E-08,-1.4969361E-01
-5.146908E-08,-1.4969361E-01
-5.141908E-08,-1.4969361E-01
-5.136908E-08,-1.4969361E-01
-5.131908E-08,-1.4974632E-01
-5.126908E-08,-1.4974632E-01
-5.121908E-08,-1.4974632E-01
-5.116908E-08,-1.4974632E-01
-5.111908E-08,-1.4974632E-01
-5.106908E-08,-1.4974632E-01
-5.101908E-08,-1.4974632E-01
-5.096908E-08,-1.4974632E-01
-5.091908E-08,-1.4974632E-01
-5.086908E-08,-1.4969361E-01
-5.081908E-08,-1.4969361E-01
-5.076908E-08,-1.4969361E-01
-5.071908E-08,-1.4964090E-01
-5.066908E-08,-1.4958819E-01
-5.061908E-08,-1.4958819E-01
-5.056908E-08,-1.4953548E-01
-5.051908E-08,-1.4948277E-01
-5.046908E-08,-1.4943006E-01
-5.041908E-08,-1.4937735E-01
-5.036908E-08,-1.4937735E-01
-5.031908E-08,-1.4932464E-01
-5.026908E-08,-1.4927194E-01
-5.021908E-08,-1.4921923E-01
-5.016908E-08,-1.4916652E-01
-5.011908E-08,-1.4911381E-01
-5.006908E-08,-1.4906110E-01
-5.001908E-08,-1.4900839E-01
-4.996908E-08,-1.4895568E-01
-4.991908E-08,-1.4890297E-01
-4.986908E-08,-1.4890297E-01
-4.981908E-08,-1.4885026E-01
-4.976908E-08,-1.4885026E-01
-4.971908E-08,-1.4879755E-01
-4.966908E-08,-1.4879755E-01
-4.961908E-08,-1.4879755E-01
-4.956908E-08,-1.4879755E-01
-4.951908E-08,-1.4879755E-01
-4.946908E-08,-1.4879755E-01
-4.941908E-08,-1.4885026E-01
-4.936908E-08,-1.4885026E-01
-4.931908E-08,-1.4890297E-01
-4.926908E-08,-1.4895568E-01
-4.921908E-08,-1.4900839E-01
-4.916908E-08,-1.4900839E-01
-4.911908E-08,-1.4906110E-01
-4.906908E-08,-1.4911381E-01
-4.901908E-08,-1.4916652E-01
-4.896908E-08,-1.4927194E-01
-4.891908E-08,-1.4932464E-01
-4.886908E-08,-1.4937735E-01
-4.881908E-08,-1.4943006E-01
-4.876908E-08,-1.4948277E-01
-4.871908E-08,-1.4953548E-01
-4.866908E-08,-1.4958819E-01
-4.861908E-08,-1.4964090E-01
-4.856908E-08,-1.4964090E-01
-4.851908E-08,-1.4969361E-01
-4.846908E-08,-1.4974632E-01
-4.841908E-08,-1.4974632E-01
-4.836908E-08,-1.4974632E-01
-4.831908E-08,-1.4974632E-01
-4.826908E-08,-1.4979903E-01
-4.821908E-08,-1.4974632E-01
-4.816908E-08,-1.4974632E-01
-4.811908E-08,-1.4974632E-01
-4.806908E-08,-1.4974632E-01
-4.801908E-08,-1.4969361E-01
-4.796908E-08,-1.4964090E-01
-4.791908E-08,-1.4964090E-01
-4.786908E-08,-1.4958819E-01
-4.781908E-08,-1.4953548E-01
-4.776908E-08,-1.4948277E-01
-4.771908E-08,-1.4943006E-01
-4.766908E-08,-1.4937735E-01
-4.761908E-08,-1.4932464E-01
-4.756908E-08,-1.4927194E-01
-4.751908E-08,-1.4921923E-01
-4.746908E-08,-1.4916652E-01
-4.741908E-08,-1.4911381E-01
-4.736908E-08,-1.4906110E-01
-4.731908E-08,-1.4906110E-01
-4.726908E-08,-1.4900839E-01
-4.721908E-08,-1.4895568E-01
-4.716908E-08,-1.4890297E-01
-4.711908E-08,-1.4890297E-01
-4.706908E-08,-1.4885026E-01
-4.701908E-08,-1.4879755E-01
-4.696908E-08,-1.4879755E-01
-4.691908E-08,-1.4879755E-01
-4.686908E-08,-1.4874485E-01
-4.681908E-08,-1.4874485E-01
-4.676908E-08,-1.4874485E-01
-4.671908E-08,-1.4869214E-01
-4.666908E-08,-1.4869214E-01
-4.661908E-08,-1.4869214E-01
-4.656908E-08,-1.4869214E-01
-4.651908E-08,-1.4869214E-01
-4.646908E-08,-1.4869214E-01
-4.641908E-08,-1.4874485E-01
-4.636908E-08,-1.4874485E-01
-4.631908E-08,-1.4874485E-01
-4.626908E-08,-1.4874485E-01
-4.621908E-08,-1.4879755E-01
-4.616908E-08,-1.4879755E-01
-4.611908E-08,-1.4879755E-01
-4.606908E-08,-1.4885026E-01
-4.601908E-08,-1.4885026E-01
-4.596908E-08,-1.4890297E-01
-4.591908E-08,-1.4890297E-01
-4.586908E-08,-1.4895568E-01
-4.581908E-08,-1.4895568E-01
-4.576908E-08,-1.4900839E-01
-4.571908E-08,-1.4900839E-01
-4.566908E-08,-1.4906110E-01
-4.561908E-08,-1.4906110E-01
-4.556908E-08,-1.4911381E-01
-4.551908E-08,-1.4911381E-01
-4.546908E-08,-1.4916652E-01
-4.541908E-08,-1.4916652E-01
-4.536908E-08,-1.4921923E-01
-4.531908E-08,-1.4921923E-01
-4.526908E-08,-1.4927194E-01
-4.521908E-08,-1.4932464E-01
-4.516908E-08,-1.4932464E-01
-4.511908E-08,-1.4937735E-01
-4.506908E-08,-1.4937735E-01
-4.501908E-08,-1.4943006E-01
-4.496908E-08,-1.4943006E-01
-4.491908E-08,-1.4948277E-01
-4.486908E-08,-1.4948277E-01
-4.481908E-08,-1.4953548E-01
-4.476908E-08,-1.4953548E-01
-4.471908E-08,-1.4958819E-01
-4.466908E-08,-1.4958819E-01
-4.461908E-08,-1.4964090E-01
-4.456908E-08,-1.4964090E-01
-4.451908E-08,-1.4964090E-01
-4.446908E-08,-1.4969361E-01
-4.441908E-08,-1.4969361E-01
-4.436908E-08,-1.4974632E-01
-4.431908E-08,-1.4974632E-01
-4.426908E-08,-1.4974632E-01
-4.421908E-08,-1.4974632E-01
-4.416908E-08,-1.4979903E-01
-4.411908E-08,-1.4979903E-01
-4.406908E-08,-1.4979903E-01
-4.401908E-08,-1.4979903E-01
-4.396908E-08,-1.4985173E-01
-4.391908E-08,-1.4985173E-01
-4.386908E-08,-1.4985173E-01
-4.381908E-08,-1.4985173E-01
-4.376908E-08,-1.4985173E-01
-4.371908E-08,-1.4985173E-01
-4.366908E-08,-1.4985173E-01
-4.361908E-08,-1.4985173E-01
-4.356908E-08,-1.4985173E-01
-4.351908E-08,-1.4985173E-01
-4.346908E-08,-1.4985173E-01
-4.341908E-08,-1.4985173E-01
-4.336908E-08,-1.4985173E-01
-4.331908E-08,-1.4985173E-01
-4.326908E-08,-1.4985173E-01
-4.321908E-08,-1.4985173E-01
-4.316908E-08,-1.4985173E-01
-4.311908E-08,-1.4985173E-01
-4.306908E-08,-1.4985173E-01
-4.301908E-08,-1.4979903E-01
-4.296908E-08,-1.4979903E-01
-4.291908E-08,-1.4979903E-01
-4.286908E-08,-1.4979903E-01
-4.281908E-08,-1.4979903E-01
-4.276908E-08,-1.4974632E-01
-4.271908E-08,-1.4974632E-01
-4.266908E-08,-1.4974632E-01
-4.261908E-08,-1.4974632E-01
-4.256908E-08,-1.4974632E-01
-4.251908E-08,-1.4974632E-01
-4.246908E-08,-1.4969361E-01
-4.241908E-08,-1.4969361E-01
-4.236908E-08,-1.4969361E-01
-4.231908E-08,-1.4969361E-01
-4.226908E-08,-1.4969361E-01
-4.221908E-08,-1.4969361E-01
-4.216908E-08,-1.4969361E-01
-4.211908E-08,-1.4969361E-01
-4.206908E-08,-1.4969361E-01
-4.201908E-08,-1.4969361E-01
-4.196908E-08,-1.4969361E-01
-4.191908E-08,-1.4969361E-01
-4.186908E-08,-1.4969361E-01
-4.181908E-08,-1.4969361E-01
-4.176908E-08,-1.4969361E-01
-4.171908E-08,-1.4969361E-01
-4.166908E-08,-1.4974632E-01
-4.161908E-08,-1.4974632E-01
-4.156908E-08,-1.4974632E-01
-4.151908E-08,-1.4974632E-01
-4.146908E-08,-1.4974632E-01
-4.141908E-08,-1.4974632E-01
-4.136908E-08,-1.4974632E-01
-4.131908E-08,-1.4974632E-01
-4.126908E-08,-1.4974632E-01
-4.121908E-08,-1.4974632E-01
-4.116908E-08,-1.4974632E-01
-4.111908E-08,-1.4974632E-01
-4.106908E-08,-1.4974632E-01
-4.101908E-08,-1.4969361E-01
-4.096908E-08,-1.4969361E-01
-4.091908E-08,-1.4969361E-01
-4.086908E-08,-1.4964090E-01
-4.081908E-08,-1.4964090E-01
-4.076908E-08,-1.4958819E-01
-4.071908E-08,-1.4958819E-01
-4.066908E-08,-1.4953548E-01
-4.061908E-08,-1.4948277E-01
-4.056908E-08,-1.4948277E-01
-4.051908E-08,-1.4943006E-01
-4.046908E-08,-1.4937735E-01
-4.041908E-08,-1.4937735E-01
-4.036908E-08,-1.4932464E-01
-4.031908E-08,-1.4927194E-01
-4.026908E-08,-1.4921923E-01
-4.021908E-08,-1.4921923E-01
-4.016908E-08,-1.4916652E-01
-4.011908E-08,-1.4911381E-01
-4.006908E-08,-1.4911381E-01
-4.001908E-08,-1.4906110E-01
-3.996908E-08,-1.4906110E-01
-3.991908E-08,-1.4900839E-01
-3.986908E-08,-1.4900839E-01
-3.981908E-08,-1.4900839E-01
-3.976908E-08,-1.4895568E-01
-3.971908E-08,-1.4895568E-01
-3.966908E-08,-1.4895568E-01
-3.961908E-08,-1.4895568E-01
-3.956908E-08,-1.4895568E-01
-3.951908E-08,-1.4895568E-01
-3.946908E-08,-1.4895568E-01
-3.941908E-08,-1.4895568E-01
-3.936908E-08,-1.4895568E-01
-3.931908E-08,-1.4895568E-01
-3.926908E-08,-1.4900839E-01
-3.921908E-08,-1.4900839E-01
-3.916908E-08,-1.4900839E-01
-3.911908E-08,-1.4906110E-01
-3.906908E-08,-1.4906110E-01
-3.901908E-08,-1.4906110E-01
-3.896908E-08,-1.4911381E-01
-3.891908E-08,-1.4911381E-01
-3.886908E-08,-1.4911381E-01
-3.881908E-08,-1.4916652E-01
-3.876908E-08,-1.4916652E-01
-3.871908E-08,-1.4921923E-01
-3.866908E-08,-1.4921923E-01
-3.861908E-08,-1.4921923E-01
-3.856908E-08,-1.4927194E-01
-3.851908E-08,-1.4927194E-01
-3.846908E-08,-1.4927194E-01
-3.841908E-08,-1.4932464E-01
-3.836908E-08,-1.4932464E-01
-3.831908E-08,-1.4932464E-01
-3.826908E-08,-1.4932464E-01
-3.821908E-08,-1.4937735E-01
-3.816908E-08,-1.4937735E-01
-3.811908E-08,-1.4937735E-01
-3.806908E-08,-1.4937735E-01
-3.801908E-08,-1.4937735E-01
-3.796908E-08,-1.4937735E-01
-3.791908E-08,-1.4937735E-01
-3.786908E-08,-1.4937735E-01
-3.781908E-08,-1.4937735E-01
-3.776908E-08,-1.4937735E-01
-3.771908E-08,-1.4937735E-01
-3.766908E-08,-1.4937735E-01
-3.761908E-08,-1.4937735E-01
-3.756908E-08,-1.4937735E-01
-3.751908E-08,-1.4937735E-01
-3.746908E-08,-1.4932464E-01
-3.741908E-08,-1.4932464E-01
-3.736908E-08,-1.4932464E-01
-3.731908E-08,-1.4927194E-01
-3.726908E-08,-1.4927194E-01
-3.721908E-08,-1.4927194E-01
-3.716908E-08,-1.4921923E-01
-3.711908E-08,-1.4921923E-01
-3.706908E-08,-1.4921923E-01
-3.701908E-08,-1.4916652E-01
-3.696908E-08,-1.4916652E-01
-3.691908E-08,-1.4916652E-01
-3.686908E-08,-1.4911381E-01
-3.681908E-08,-1.4911381E-01
-3.676908E-08,-1.4911381E-01
-3.671908E-08,-1.4911381E-01
-3.666908E-08,-1.4911381E-01
-3.661908E-08,-1.4906110E-01
-3.656908E-08,-1.4906110E-01
-3.651908E-08,-1.4911381E-01
-3.646908E-08,-1.4911381E-01
-3.641908E-08,-1.4911381E-01
-3.636908E-08,-1.4911381E-01
-3.631908E-08,-1.4916652E-01
-3.626908E-08,-1.4916652E-01
-3.621908E-08,-1.4916652E-01
-3.616908E-08,-1.4921923E-01
-3.611908E-08,-1.4927194E-01
-3.606908E-08,-1.4927194E-01
-3.601908E-08,-1.4932464E-01
-3.596908E-08,-1.4937735E-01
-3.591908E-08,-1.4943006E-01
-3.586908E-08,-1.4948277E-01
-3.581908E-08,-1.4953548E-01
-3.576908E-08,-1.4953548E-01
-3.571908E-08,-1.4958819E-01
-3.566908E-08,-1.4964090E-01
-3.561908E-08,-1.4969361E-01
-3.556908E-08,-1.4974632E-01
-3.551908E-08,-1.4974632E-01
-3.546908E-08,-1.4979903E-01
-3.541908E-08,-1.4979903E-01
-3.536908E-08,-1.4985173E-01
-3.531908E-08,-1.4985173E-01
-3.526908E-08,-1.4990444E-01
-3.521908E-08,-1.4990444E-01
-3.516908E-08,-1.4990444E-01
-3.511908E-08,-1.4990444E-01
-3.506908E-08,-1.4990444E-01
-3.501908E-08,-1.4990444E-01
-3.496908E-08,-1.4990444E-01
-3.491908E-08,-1.4990444E-01
-3.486908E-08,-1.4985173E-01
-3.481908E-08,-1.4985173E-01
-3.476908E-08,-1.4985173E-01
-3.471908E-08,-1.4985173E-01
-3.466908E-08,-1.4979903E-01
-3.461908E-08,-1.4979903E-01
-3.456908E-08,-1.4979903E-01
-3.451908E-08,-1.4974632E-01
-3.446908E-08,-1.4974632E-01
-3.441908E-08,-1.4974632E-01
-3.436908E-08,-1.4974632E-01
-3.431908E-08,-1.4974632E-01
-3.426908E-08,-1.4974632E-01
-3.421908E-08,-1.4974632E-01
-3.416908E-08,-1.4974632E-01
-3.411908E-08,-1.4974632E-01
-3.406908E-08,-1.4974632E-01
-3.401908E-08,-1.4974632E-01
-3.396908E-08,-1.4979903E-01
-3.391908E-08,-1.4979903E-01
-3.386908E-08,-1.4979903E-01
-3.381908E-08,-1.4985173E-01
-3.376908E-08,-1.4985173E-01
-3.371908E-08,-1.4990444E-01
-3.366908E-08,-1.4990444E-01
-3.361908E-08,-1.4995715E-01
-3.356908E-08,-1.5000986E-01
-3.351908E-08,-1.5000986E-01
-3.346908E-08,-1.5006257E-01
-3.341908E-08,-1.5006257E-01
-3.336908E-08,-1.5006257E-01
-3.331908E-08,-1.5011528E-01
-3.326908E-08,-1.5011528E-01
-3.321908E-08,-1.5011528E-01
-3.316908E-08,-1.5011528E-01
-3.311908E-08,-1.5011528E-01
-3.306908E-08,-1.5011528E-01
-3.301908E-08,-1.5011528E-01
-3.296908E-08,-1.5011528E-01
-3.291908E-08,-1.5011528E-01
-3.286908E-08,-1.5011528E-01
-3.281908E-08,-1.5011528E-01
-3.276908E-08,-1.5006257E-01
-3.271908E-08,-1.5006257E-01
-3.266908E-08,-1.5006257E-01
-3.261908E-08,-1.5000986E-01
-3.256908E-08,-1.5000986E-01
-3.251908E-08,-1.5000986E-01
-3.246908E-08,-1.5000986E-01
-3.241908E-08,-1.4995715E-01
-3.236908E-08,-1.4995715E-01
-3.231908E-08,-1.4995715E-01
-3.226908E-08,-1.4995715E-01
-3.221908E-08,-1.4995715E-01
-3.216908E-08,-1.4995715E-01
-3.211908E-08,-1.4995715E-01
-3.206908E-08,-1.4995715E-01
-3.201908E-08,-1.4995715E-01
-3.196908E-08,-1.5000986E-01
-3.191908E-08,-1.5000986E-01
-3.186908E-08,-1.5000986E-01
-3.181908E-08,-1.5006257E-01
-3.176908E-08,-1.5006257E-01
-3.171908E-08,-1.5011528E-01
-3.166908E-08,-1.5011528E-01
-3.161908E-08,-1.5016799E-01
-3.156908E-08,-1.5016799E-01
-3.151908E-08,-1.5016799E-01
-3.146908E-08,-1.5022070E-01
-3.141908E-08,-1.5022070E-01
-3.136908E-08,-1.5022070E-01
-3.131908E-08,-1.5022070E-01
-3.126908E-08,-1.5022070E-01
-3.121908E-08,-1.5022070E-01
-3.116908E-08,-1.5022070E-01
-3.111908E-08,-1.5022070E-01
-3.106908E-08,-1.5016799E-01
-3.101908E-08,-1.5016799E-01
-3.096908E-08,-1.5011528E-01
-3.091908E-08,-1.5011528E-01
-3.086908E-08,-1.5006257E-01
-3.081908E-08,-1.5000986E-01
-3.076908E-08,-1.4995715E-01
-3.071908E-08,-1.4995715E-01
-3.066908E-08,-1.4990444E-01
-3.061908E-08,-1.4985173E-01
-3.056908E-08,-1.4979903E-01
-3.051908E-08,-1.4974632E-01
-3.046908E-08,-1.4974632E-01
-3.041908E-08,-1.4969361E-01
-3.036908E-08,-1.4969361E-01
-3.031908E-08,-1.4964090E-01
-3.026908E-08,-1.4964090E-01
-3.021908E-08,-1.4958819E-01
-3.016908E-08,-1.4958819E-01
-3.011908E-08,-1.4958819E-01
-3.006908E-08,-1.4958819E-01
-3.001908E-08,-1.4958819E-01
-2.996908E-08,-1.4958819E-01
-2.991908E-08,-1.4964090E-01
-2.986908E-08,-1.4964090E-01
-2.981908E-08,-1.4964090E-01
-2.976908E-08,-1.4969361E-01
-2.971908E-08,-1.4969361E-01
-2.966908E-08,-1.4974632E-01
-2.961908E-08,-1.4974632E-01
-2.956908E-08,-1.4979903E-01
-2.951908E-08,-1.4979903E-01
-2.946908E-08,-1.4985173E-01
-2.941908E-08,-1.4985173E-01
-2.936908E-08,-1.4990444E-01
-2.931908E-08,-1.4990444E-01
-2.926908E-08,-1.4990444E-01
-2.921908E-08,-1.4990444E-01
-2.916908E-08,-1.4990444E-01
-2.911908E-08,-1.4985173E-01
-2.906908E-08,-1.4985173E-01
-2.901908E-08,-1.4979903E-01
-2.896908E-08,-1.4979903E-01
-2.891908E-08,-1.4974632E-01
-2.886908E-08,-1.4969361E-01
-2.881908E-08,-1.4964090E-01
-2.876908E-08,-1.4958819E-01
-2.871908E-08,-1.4953548E-01
-2.866908E-08,-1.4943006E-01
-2.861908E-08,-1.4937735E-01
-2.856908E-08,-1.4932464E-01
-2.851908E-08,-1.4927194E-01
-2.846908E-08,-1.4916652E-01
-2.841908E-08,-1.4911381E-01
-2.836908E-08,-1.4906110E-01
-2.831908E-08,-1.4900839E-01
-2.826908E-08,-1.4895568E-01
-2.821908E-08,-1.4890297E-01
-2.816908E-08,-1.4885026E-01
-2.811908E-08,-1.4885026E-01
-2.806908E-08,-1.4879755E-01
-2.801908E-08,-1.4879755E-01
-2.796908E-08,-1.4879755E-01
-2.791908E-08,-1.4879755E-01
-2.786908E-08,-1.4885026E-01
-2.781908E-08,-1.4885026E-01
-2.776908E-08,-1.4885026E-01
-2.771908E-08,-1.4890297E-01
-2.766908E-08,-1.4895568E-01
-2.761908E-08,-1.4900839E-01
-2.756908E-08,-1.4906110E-01
-2.751908E-08,-1.4911381E-01
-2.746908E-08,-1.4916652E-01
-2.741908E-08,-1.4921923E-01
-2.736908E-08,-1.4921923E-01
-2.731908E-08,-1.4927194E-01
-2.726908E-08,-1.4932464E-01
-2.721908E-08,-1.4937735E-01
-2.716908E-08,-1.4943006E-01
-2.711908E-08,-1.4943006E-01
-2.706908E-08,-1.4948277E-01
-2.701908E-08,-1.4948277E-01
-2.696908E-08,-1.4948277E-01
-2.691908E-08,-1.4948277E-01
-2.686908E-08,-1.4948277E-01
-2.681908E-08,-1.4948277E-01
-2.676908E-08,-1.4948277E-01
-2.671908E-08,-1.4948277E-01
-2.666908E-08,-1.4943006E-01
-2.661908E-08,-1.4943006E-01
-2.656908E-08,-1.4937735E-01
-2.651908E-08,-1.4937735E-01
-2.646908E-08,-1.4932464E-01
-2.641908E-08,-1.4932464E-01
-2.636908E-08,-1.4927194E-01
-2.631908E-08,-1.4927194E-01
-2.626908E-08,-1.4927194E-01
-2.621908E-08,-1.4927194E-01
-2.616908E-08,-1.4927194E-01
-2.611908E-08,-1.4927194E-01
-2.606908E-08,-1.4927194E-01
-2.601908E-08,-1.4932464E-01
-2.596908E-08,-1.4932464E-01
-2.591908E-08,-1.4937735E-01
-2.586908E-08,-1.4943006E-01
-2.581908E-08,-1.4948277E-01
-2.576908E-08,-1.4958819E-01
-2.571908E-08,-1.4964090E-01
-2.566908E-08,-1.4974632E-01
-2.561908E-08,-1.4985173E-01
-2.556908E-08,-1.4990444E-01
-2.551908E-08,-1.5000986E-01
-2.546908E-08,-1.5011528E-01
-2.541908E-08,-1.5022070E-01
-2.536908E-08,-1.5032612E-01
-2.531908E-08,-1.5037883E-01
-2.526908E-08,-1.5048424E-01
-2.521908E-08,-1.5058966E-01
-2.516908E-08,-1.5064237E-01
-2.511908E-08,-1.5069508E-01
-2.506908E-08,-1.5074779E-01
-2.501908E-08,-1.5080050E-01
-2.496908E-08,-1.5080050E-01
-2.491908E-08,-1.5085321E-01
-2.486908E-08,-1.5085321E-01
-2.481908E-08,-1.5085321E-01
-2.476908E-08,-1.5080050E-01
-2.471908E-08,-1.5080050E-01
-2.466908E-08,-1.5074779E-01
-2.461908E-08,-1.5069508E-01
-2.456908E-08,-1.5064237E-01
-2.451908E-08,-1.5053695E-01
-2.446908E-08,-1.5048424E-01
-2.441908E-08,-1.5037883E-01
-2.436908E-08,-1.5027341E-01
-2.431908E-08,-1.5022070E-01
-2.426908E-08,-1.5011528E-01
-2.421908E-08,-1.5000986E-01
-2.416908E-08,-1.4995715E-01
-2.411908E-08,-1.4985173E-01
-2.406908E-08,-1.4979903E-01
-2.401908E-08,-1.4974632E-01
-2.396908E-08,-1.4969361E-01
-2.391908E-08,-1.4964090E-01
-2.386908E-08,-1.4958819E-01
-2.381908E-08,-1.4958819E-01
-2.376908E-08,-1.4958819E-01
-2.371908E-08,-1.4958819E-01
-2.366908E-08,-1.4958819E-01
-2.361908E-08,-1.4958819E-01
-2.356908E-08,-1.4964090E-01
-2.351908E-08,-1.4969361E-01
-2.346908E-08,-1.4974632E-01
-2.341908E-08,-1.4979903E-01
-2.336908E-08,-1.4990444E-01
-2.331908E-08,-1.4995715E-01
-2.326908E-08,-1.5006257E-01
-2.321908E-08,-1.5011528E-01
-2.316908E-08,-1.5022070E-01
-2.311908E-08,-1.5027341E-01
-2.306908E-08,-1.5037883E-01
-2.301908E-08,-1.5043153E-01
-2.296908E-08,-1.5048424E-01
-2.291908E-08,-1.5053695E-01
-2.286908E-08,-1.5058966E-01
-2.281908E-08,-1.5064237E-01
-2.276908E-08,-1.5064237E-01
-2.271908E-08,-1.5064237E-01
-2.266908E-08,-1.5064237E-01
-2.261908E-08,-1.5064237E-01
-2.256908E-08,-1.5064237E-01
-2.251908E-08,-1.5058966E-01
-2.246908E-08,-1.5053695E-01
-2.241908E-08,-1.5048424E-01
-2.236908E-08,-1.5043153E-01
-2.231908E-08,-1.5037883E-01
-2.226908E-08,-1.5032612E-01
-2.221908E-08,-1.5022070E-01
-2.216908E-08,-1.5016799E-01
-2.211908E-08,-1.5006257E-01
-2.206908E-08,-1.5000986E-01
-2.201908E-08,-1.4990444E-01
-2.196908E-08,-1.4985173E-01
-2.191908E-08,-1.4979903E-01
-2.186908E-08,-1.4969361E-01
-2.181908E-08,-1.4964090E-01
-2.176908E-08,-1.4958819E-01
-2.171908E-08,-1.4958819E-01
-2.166908E-08,-1.4953548E-01
-2.161908E-08,-1.4953548E-01
-2.156908E-08,-1.4948277E-01
-2.151908E-08,-1.4948277E-01
-2.146908E-08,-1.4953548E-01
-2.141908E-08,-1.4953548E-01
-2.136908E-08,-1.4953548E-01
-2.131908E-08,-1.4958819E-01
-2.126908E-08,-1.4964090E-01
-2.121908E-08,-1.4969361E-01
-2.116908E-08,-1.4974632E-01
-2.111908E-08,-1.4979903E-01
-2.106908E-08,-1.4985173E-01
-2.101908E-08,-1.4990444E-01
-2.096908E-08,-1.4995715E-01
-2.091908E-08,-1.5000986E-01
-2.086908E-08,-1.5006257E-01
-2.081908E-08,-1.5011528E-01
-2.076908E-08,-1.5016799E-01
-2.071908E-08,-1.5022070E-01
-2.066908E-08,-1.5027341E-01
-2.061908E-08,-1.5027341E-01
-2.056908E-08,-1.5032612E-01
-2.051908E-08,-1.5032612E-01
-2.046908E-08,-1.5032612E-01
-2.041908E-08,-1.5032612E-01
-2.036908E-08,-1.5032612E-01
-2.031908E-08,-1.5032612E-01
-2.026908E-08,-1.5032612E-01
-2.021908E-08,-1.5027341E-01
-2.016908E-08,-1.5027341E-01
-2.011908E-08,-1.5022070E-01
-2.006908E-08,-1.5016799E-01
-2.001908E-08,-1.5016799E-01
-1.996908E-08,-1.5011528E-01
-1.991908E-08,-1.5006257E-01
-1.986908E-08,-1.5000986E-01
-1.981908E-08,-1.5000986E-01
-1.976908E-08,-1.4995715E-01
-1.971908E-08,-1.4990444E-01
-1.966908E-08,-1.4990444E-01
-1.961908E-08,-1.4985173E-01
-1.956908E-08,-1.4985173E-01
-1.951908E-08,-1.4979903E-01
-1.946908E-08,-1.4979903E-01
-1.941908E-08,-1.4979903E-01
-1.936908E-08,-1.4974632E-01
-1.931908E-08,-1.4974632E-01
-1.926908E-08,-1.4974632E-01
-1.921908E-08,-1.4974632E-01
-1.916908E-08,-1.4974632E-01
-1.911908E-08,-1.4974632E-01
-1.906908E-08,-1.4974632E-01
-1.901908E-08,-1.4974632E-01
-1.896908E-08,-1.4979903E-01
-1.891908E-08,-1.4979903E-01
-1.886908E-08,-1.4979903E-01
-1.881908E-08,-1.4974632E-01
-1.876908E-08,-1.4974632E-01
-1.871908E-08,-1.4974632E-01
-1.866908E-08,-1.4974632E-01
-1.861908E-08,-1.4974632E-01
-1.856908E-08,-1.4969361E-01
-1.851908E-08,-1.4969361E-01
-1.846908E-08,-1.4964090E-01
-1.841908E-08,-1.4964090E-01
-1.836908E-08,-1.4958819E-01
-1.831908E-08,-1.4958819E-01
-1.826908E-08,-1.4953548E-01
-1.821908E-08,-1.4948277E-01
-1.816908E-08,-1.4948277E-01
-1.811908E-08,-1.4943006E-01
-1.806908E-08,-1.4937735E-01
-1.801908E-08,-1.4937735E-01
-1.796908E-08,-1.4932464E-01
-1.791908E-08,-1.4932464E-01
-1.786908E-08,-1.4927194E-01
-1.781908E-08,-1.4927194E-01
-1.776908E-08,-1.4927194E-01
-1.771908E-08,-1.4921923E-01
-1.766908E-08,-1.4921923E-01
-1.761908E-08,-1.4921923E-01
-1.756908E-08,-1.4921923E-01
-1.751908E-08,-1.4927194E-01
-1.746908E-08,-1.4927194E-01
-1.741908E-08,-1.4927194E-01
-1.736908E-08,-1.4932464E-01
-1.731908E-08,-1.4932464E-01
-1.726908E-08,-1.4932464E-01
-1.721908E-08,-1.4937735E-01
-1.716908E-08,-1.4943006E-01
-1.711908E-08,-1.4943006E-01
-1.706908E-08,-1.4948277E-01
-1.701908E-08,-1.4948277E-01
-1.696908E-08,-1.4953548E-01
-1.691908E-08,-1.4958819E-01
-1.686908E-08,-1.4958819E-01
-1.681908E-08,-1.4958819E-01
-1.676908E-08,-1.4964090E-01
-1.671908E-08,-1.4964090E-01
-1.666908E-08,-1.4964090E-01
-1.661908E-08,-1.4969361E-01
-1.656908E-08,-1.4969361E-01
-1.651908E-08,-1.4969361E-01
-1.646908E-08,-1.4969361E-01
-1.641908E-08,-1.4969361E-01
-1.636908E-08,-1.4969361E-01
-1.631908E-08,-1.4964090E-01
-1.626908E-08,-1.4964090E-01
-1.621908E-08,-1.4964090E-01
-1.616908E-08,-1.4964090E-01
-1.611908E-08,-1.4958819E-01
-1.606908E-08,-1.4958819E-01
-1.601908E-08,-1.4958819E-01
-1.596908E-08,-1.4953548E-01
-1.591908E-08,-1.4953548E-01
-1.586908E-08,-1.4953548E-01
-1.581908E-08,-1.4953548E-01
-1.576908E-08,-1.4948277E-01
-1.571908E-08,-1.4948277E-01
-1.566908E-08,-1.4948277E-01
-1.561908E-08,-1.4948277E-01
-1.556908E-08,-1.4948277E-01
-1.551908E-08,-1.4948277E-01
-1.546908E-08,-1.4948277E-01
-1.541908E-08,-1.4948277E-01
-1.536908E-08,-1.4948277E-01
-1.531908E-08,-1.4948277E-01
-1.526908E-08,-1.4953548E-01
-1.521908E-08,-1.4953548E-01
-1.516908E-08,-1.4953548E-01
-1.511908E-08,-1.4953548E-01
-1.506908E-08,-1.4953548E-01
-1.501908E-08,-1.4958819E-01
-1.496908E-08,-1.4958819E-01
-1.491908E-08,-1.4958819E-01
-1.486908E-08,-1.4958819E-01
-1.481908E-08,-1.4958819E-01
-1.476908E-08,-1.4958819E-01
-1.471908E-08,-1.4958819E-01
-1.466908E-08,-1.4958819E-01
-1.461908E-08,-1.4958819E-01
-1.456908E-08,-1.4958819E-01
-1.451908E-08,-1.4953548E-01
-1.446908E-08,-1.4953548E-01
-1.441908E-08,-1.4953548E-01
-1.436908E-08,-1.4948277E-01
-1.431908E-08,-1.4948277E-01
-1.426908E-08,-1.4948277E-01
-1.421908E-08,-1.4943006E-01
-1.416908E-08,-1.4943006E-01
-1.411908E-08,-1.4943006E-01
-1.406908E-08,-1.4943006E-01
-1.401908E-08,-1.4937735E-01
-1.396908E-08,-1.4937735E-01
-1.391908E-08,-1.4937735E-01
-1.386908E-08,-1.4937735E-01
-1.381908E-08,-1.4937735E-01
-1.376908E-08,-1.4937735E-01
-1.371908E-08,-1.4937735E-01
-1.366908E-08,-1.4943006E-01
-1.361908E-08,-1.4943006E-01
-1.356908E-08,-1.4943006E-01
-1.351908E-08,-1.4948277E-01
-1.346908E-08,-1.4948277E-01
-1.341908E-08,-1.4953548E-01
-1.336908E-08,-1.4953548E-01
-1.331908E-08,-1.4958819E-01
-1.326908E-08,-1.4958819E-01
-1.321908E-08,-1.4964090E-01
-1.316908E-08,-1.4964090E-01
-1.311908E-08,-1.4969361E-01
-1.306908E-08,-1.4969361E-01
-1.301908E-08,-1.4974632E-01
-1.296908E-08,-1.4974632E-01
-1.291908E-08,-1.4974632E-01
-1.286908E-08,-1.4974632E-01
-1.281908E-08,-1.4974632E-01
-1.276908E-08,-1.4974632E-01
-1.271908E-08,-1.4974632E-01
-1.266908E-08,-1.4974632E-01
-1.261908E-08,-1.4969361E-01
-1.256908E-08,-1.4969361E-01
-1.251908E-08,-1.4964090E-01
-1.246908E-08,-1.4964090E-01
-1.241908E-08,-1.4958819E-01
-1.236908E-08,-1.4953548E-01
-1.231908E-08,-1.4948277E-01
-1.226908E-08,-1.4948277E-01
-1.221908E-08,-1.4943006E-01
-1.216908E-08,-1.4937735E-01
-1.211908E-08,-1.4932464E-01
-1.206908E-08,-1.4927194E-01
-1.201908E-08,-1.4927194E-01
-1.196908E-08,-1.4921923E-01
-1.191908E-08,-1.4916652E-01
-1.186908E-08,-1.4916652E-01
-1.181908E-08,-1.4911381E-01
-1.176908E-08,-1.4911381E-01
-1.171908E-08,-1.4911381E-01
-1.166908E-08,-1.4911381E-01
-1.161908E-08,-1.4911381E-01
-1.156908E-08,-1.4911381E-01
-1.151908E-08,-1.4911381E-01
-1.146908E-08,-1.4916652E-01
-1.141908E-08,-1.4916652E-01
-1.136908E-08,-1.4921923E-01
-1.131908E-08,-1.4927194E-01
-1.126908E-08,-1.4932464E-01
-1.121908E-08,-1.4932464E-01
-1.116908E-08,-1.4937735E-01
-1.111908E-08,-1.4943006E-01
-1.106908E-08,-1.4948277E-01
-1.101908E-08,-1.4953548E-01
-1.096908E-08,-1.4958819E-01
-1.091908E-08,-1.4964090E-01
-1.086908E-08,-1.4969361E-01
-1.081908E-08,-1.4974632E-01
-1.076908E-08,-1.4979903E-01
-1.071908E-08,-1.4985173E-01
-1.066908E-08,-1.4985173E-01
-1.061908E-08,-1.4990444E-01
-1.056908E-08,-1.4990444E-01
-1.051908E-08,-1.4990444E-01
-1.046908E-08,-1.4995715E-01
-1.041908E-08,-1.4995715E-01
-1.036908E-08,-1.4995715E-01
-1.031908E-08,-1.4995715E-01
-1.026908E-08,-1.4990444E-01
-1.021908E-08,-1.4990444E-01
-1.016908E-08,-1.4990444E-01
-1.011908E-08,-1.4985173E-01
-1.006908E-08,-1.4985173E-01
-1.001908E-08,-1.4979903E-01
-9.96908E-09,-1.4974632E-01
-9.91908E-09,-1.4969361E-01
-9.86908E-09,-1.4969361E-01
-9.81908E-09,-1.4964090E-01
-9.76908E-09,-1.4958819E-01
-9.71908E-09,-1.4953548E-01
-9.66908E-09,-1.4948277E-01
-9.61908E-09,-1.4943006E-01
-9.56908E-09,-1.4937735E-01
-9.51908E-09,-1.4932464E-01
-9.46908E-09,-1.4927194E-01
-9.41908E-09,-1.4927194E-01
-9.36908E-09,-1.4921923E-01
-9.31908E-09,-1.4916652E-01
-9.26908E-09,-1.4911381E-01
-9.21908E-09,-1.4911381E-01
-9.16908E-09,-1.4906110E-01
-9.11908E-09,-1.4900839E-01
-9.06908E-09,-1.4900839E-01
-9.01908E-09,-1.4895568E-01
-8.96908E-09,-1.4895568E-01
-8.91908E-09,-1.4890297E-01
-8.86908E-09,-1.4890297E-01
-8.81908E-09,-1.4890297E-01
-8.76908E-09,-1.4885026E-01
-8.71908E-09,-1.4885026E-01
-8.66908E-09,-1.4885026E-01
-8.61908E-09,-1.4885026E-01
-8.56908E-09,-1.4879755E-01
-8.51908E-09,-1.4879755E-01
-8.46908E-09,-1.4879755E-01
-8.41908E-09,-1.4879755E-01
-8.36908E-09,-1.4879755E-01
-8.31908E-09,-1.4879755E-01
-8.26908E-09,-1.4885026E-01
-8.21908E-09,-1.4885026E-01
-8.16908E-09,-1.4885026E-01
-8.11908E-09,-1.4885026E-01
-8.06908E-09,-1.4890297E-01
-8.01908E-09,-1.4890297E-01
-7.96908E-09,-1.4895568E-01
-7.91908E-09,-1.4895568E-01
-7.86908E-09,-1.4900839E-01
-7.81908E-09,-1.4906110E-01
-7.76908E-09,-1.4911381E-01
-7.71908E-09,-1.4911381E-01
-7.66908E-09,-1.4916652E-01
-7.61908E-09,-1.4921923E-01
-7.56908E-09,-1.4927194E-01
-7.51908E-09,-1.4932464E-01
-7.46908E-09,-1.4937735E-01
-7.41908E-09,-1.4943006E-01
-7.36908E-09,-1.4948277E-01
-7.31908E-09,-1.4948277E-01
-7.26908E-09,-1.4953548E-01
-7.21908E-09,-1.4958819E-01
-7.16908E-09,-1.4964090E-01
-7.11908E-09,-1.4964090E-01
-7.06908E-09,-1.4969361E-01
-7.01908E-09,-1.4969361E-01
-6.96908E-09,-1.4969361E-01
-6.91908E-09,-1.4974632E-01
-6.86908E-09,-1.4974632E-01
-6.81908E-09,-1.4974632E-01
-6.76908E-09,-1.4974632E-01
-6.71908E-09,-1.4969361E-01
-6.66908E-09,-1.4969361E-01
-6.61908E-09,-1.4969361E-01
-6.56908E-09,-1.4964090E-01
-6.51908E-09,-1.4964090E-01
-6.46908E-09,-1.4958819E-01
-6.41908E-09,-1.4953548E-01
-6.36908E-09,-1.4953548E-01
-6.31908E-09,-1.4948277E-01
-6.26908E-09,-1.4943006E-01
-6.21908E-09,-1.4937735E-01
-6.16908E-09,-1.4932464E-01
-6.11908E-09,-1.4927194E-01
-6.06908E-09,-1.4927194E-01
-6.01908E-09,-1.4921923E-01
-5.96908E-09,-1.4916652E-01
-5.91908E-09,-1.4911381E-01
-5.86908E-09,-1.4911381E-01
-5.81908E-09,-1.4906110E-01
-5.76908E-09,-1.4900839E-01
-5.71908E-09,-1.4900839E-01
-5.66908E-09,-1.4895568E-01
-5.61908E-09,-1.4895568E-01
-5.56908E-09,-1.4890297E-01
-5.51908E-09,-1.4890297E-01
-5.46908E-09,-1.4890297E-01
-5.41908E-09,-1.4885026E-01
-5.36908E-09,-1.4885026E-01
-5.31908E-09,-1.4885026E-01
-5.26908E-09,-1.4885026E-01
-5.21908E-09,-1.4885026E-01
-5.16908E-09,-1.4879755E-01
-5.11908E-09,-1.4879755E-01
-5.06908E-09,-1.4879755E-01
-5.01908E-09,-1.4879755E-01
-4.96908E-09,-1.4879755E-01
-4.91908E-09,-1.4879755E-01
-4.86908E-09,-1.4879755E-01
-4.81908E-09,-1.4879755E-01
-4.76908E-09,-1.4879755E-01
-4.71908E-09,-1.4879755E-01
-4.66908E-09,-1.4879755E-01
-4.61908E-09,-1.4879755E-01
-4.56908E-09,-1.4879755E-01
-4.51908E-09,-1.4879755E-01
-4.46908E-09,-1.4879755E-01
-4.41908E-09,-1.4879755E-01
-4.36908E-09,-1.4879755E-01
-4.31908E-09,-1.4885026E-01
-4.26908E-09,-1.4885026E-01
-4.21908E-09,-1.4885026E-01
-4.16908E-09,-1.4890297E-01
-4.11908E-09,-1.4890297E-01
-4.06908E-09,-1.4895568E-01
-4.01908E-09,-1.4895568E-01
-3.96908E-09,-1.4900839E-01
-3.91908E-09,-1.4906110E-01
-3.86908E-09,-1.4906110E-01
-3.81908E-09,-1.4911381E-01
-3.76908E-09,-1.4916652E-01
-3.71908E-09,-1.4921923E-01
-3.66908E-09,-1.4927194E-01
-3.61908E-09,-1.4932464E-01
-3.56908E-09,-1.4937735E-01
-3.51908E-09,-1.4948277E-01
-3.46908E-09,-1.4953548E-01
-3.41908E-09,-1.4958819E-01
-3.36908E-09,-1.4964090E-01
-3.31908E-09,-1.4969361E-01
-3.26908E-09,-1.4974632E-01
-3.21908E-09,-1.4974632E-01
-3.16908E-09,-1.4979903E-01
-3.11908E-09,-1.4985173E-01
-3.06908E-09,-1.4990444E-01
-3.01908E-09,-1.4990444E-01
-2.96908E-09,-1.4990444E-01
-2.91908E-09,-1.4995715E-01
-2.86908E-09,-1.4995715E-01
-2.81908E-09,-1.4995715E-01
-2.76908E-09,-1.4995715E-01
-2.71908E-09,-1.4990444E-01
-2.66908E-09,-1.4990444E-01
-2.61908E-09,-1.4985173E-01
-2.56908E-09,-1.4985173E-01
-2.51908E-09,-1.4979903E-01
-2.46908E-09,-1.4979903E-01
-2.41908E-09,-1.4974632E-01
-2.36908E-09,-1.4969361E-01
-2.31908E-09,-1.4964090E-01
-2.26908E-09,-1.4964090E-01
-2.21908E-09,-1.4958819E-01
-2.16908E-09,-1.4953548E-01
-2.11908E-09,-1.4953548E-01
-2.06908E-09,-1.4948277E-01
-2.01908E-09,-1.4943006E-01
-1.96908E-09,-1.4943006E-01
-1.91908E-09,-1.4943006E-01
-1.86908E-09,-1.4937735E-01
-1.81908E-09,-1.4937735E-01
-1.76908E-09,-1.4937735E-01
-1.71908E-09,-1.4937735E-01
-1.66908E-09,-1.4937735E-01
-1.61908E-09,-1.4937735E-01
-1.56908E-09,-1.4943006E-01
-1.51908E-09,-1.4943006E-01
-1.46908E-09,-1.4943006E-01
-1.41908E-09,-1.4948277E-01
-1.36908E-09,-1.4948277E-01
-1.31908E-09,-1.4953548E-01
-1.26908E-09,-1.4953548E-01
-1.21908E-09,-1.4958819E-01
-1.16908E-09,-1.4958819E-01
-1.11908E-09,-1.4964090E-01
-1.06908E-09,-1.4964090E-01
-1.01908E-09,-1.4964090E-01
-9.6908E-10,-1.4969361E-01
-9.1908E-10,-1.4969361E-01
-8.6908E-10,-1.4969361E-01
-8.1908E-10,-1.4969361E-01
-7.6908E-10,-1.4969361E-01
-7.1908E-10,-1.4969361E-01
-6.6908E-10,-1.4969361E-01
-6.1908E-10,-1.4964090E-01
-5.6908E-10,-1.4964090E-01
-5.1908E-10,-1.4958819E-01
-4.6908E-10,-1.4958819E-01
-4.1908E-10,-1.4953548E-01
-3.6908E-10,-1.4953548E-01
-3.1908E-10,-1.4948277E-01
-2.6908E-10,-1.4943006E-01
-2.1908E-10,-1.4943006E-01
-1.6908E-10,-1.4937735E-01
-1.1908E-10,-1.4932464E-01
-6.908E-11,-1.4932464E-01
-1.908E-11,-1.4927194E-01
3.092E-11,-1.4927194E-01
8.092E-11,-1.4927194E-01
1.3092E-10,-1.4921923E-01
1.8092E-10,-1.4921923E-01
2.3092E-10,-1.4921923E-01
2.8092E-10,-1.4921923E-01
3.3092E-10,-1.4921923E-01
3.8092E-10,-1.4927194E-01
4.3092E-10,-1.4927194E-01
4.8092E-10,-1.4932464E-01
5.3092E-10,-1.4932464E-01
5.8092E-10,-1.4937735E-01
6.3092E-10,-1.4943006E-01
6.8092E-10,-1.4943006E-01
7.3092E-10,-1.4948277E-01
7.8092E-10,-1.4953548E-01
8.3092E-10,-1.4958819E-01
8.8092E-10,-1.4964090E-01
9.3092E-10,-1.4964090E-01
9.8092E-10,-1.4969361E-01
1.03092E-09,-1.4974632E-01
1.08092E-09,-1.4974632E-01
1.13092E-09,-1.4979903E-01
1.18092E-09,-1.4979903E-01
1.23092E-09,-1.4979903E-01
1.28092E-09,-1.4985173E-01
1.33092E-09,-1.4985173E-01
1.38092E-09,-1.4985173E-01
1.43092E-09,-1.4985173E-01
1.48092E-09,-1.4979903E-01
1.53092E-09,-1.4979903E-01
1.58092E-09,-1.4979903E-01
1.63092E-09,-1.4974632E-01
1.68092E-09,-1.4974632E-01
1.73092E-09,-1.4969361E-01
1.78092E-09,-1.4964090E-01
1.83092E-09,-1.4964090E-01
1.88092E-09,-1.4958819E-01
1.93092E-09,-1.4953548E-01
1.98092E-09,-1.4953548E-01
2.03092E-09,-1.4948277E-01
2.08092E-09,-1.4943006E-01
2.13092E-09,-1.4943006E-01
2.18092E-09,-1.4937735E-01
2.23092E-09,-1.4937735E-01
2.28092E-09,-1.4932464E-01
2.33092E-09,-1.4932464E-01
2.38092E-09,-1.4932464E-01
2.43092E-09,-1.4932464E-01
2.48092E-09,-1.4932464E-01
2.53092E-09,-1.4932464E-01
2.58092E-09,-1.4932464E-01
2.63092E-09,-1.4937735E-01
2.68092E-09,-1.4937735E-01
2.73092E-09,-1.4943006E-01
2.78092E-09,-1.4943006E-01
2.83092E-09,-1.4948277E-01
2.88092E-09,-1.4948277E-01
2.93092E-09,-1.4953548E-01
2.98092E-09,-1.4953548E-01
3.03092E-09,-1.4958819E-01
3.08092E-09,-1.4964090E-01
3.13092E-09,-1.4964090E-01
3.18092E-09,-1.4969361E-01
3.23092E-09,-1.4969361E-01
3.28092E-09,-1.4974632E-01
3.33092E-09,-1.4974632E-01
3.38092E-09,-1.4974632E-01
3.43092E-09,-1.4974632E-01
3.48092E-09,-1.4974632E-01
3.53092E-09,-1.4974632E-01
3.58092E-09,-1.4974632E-01
3.63092E-09,-1.4974632E-01
3.68092E-09,-1.4974632E-01
3.73092E-09,-1.4974632E-01
3.78092E-09,-1.4969361E-01
3.83092E-09,-1.4969361E-01
3.88092E-09,-1.4964090E-01
3.93092E-09,-1.4964090E-01
3.98092E-09,-1.4958819E-01
4.03092E-09,-1.4958819E-01
4.08092E-09,-1.4953548E-01
4.13092E-09,-1.4953548E-01
4.18092E-09,-1.4948277E-01
4.23092E-09,-1.4948277E-01
4.28092E-09,-1.4943006E-01
4.33092E-09,-1.4943006E-01
4.38092E-09,-1.4943006E-01
4.43092E-09,-1.4943006E-01
4.48092E-09,-1.4937735E-01
4.53092E-09,-1.4937735E-01
4.58092E-09,-1.4937735E-01
4.63092E-09,-1.4937735E-01
4.68092E-09,-1.4937735E-01
4.73092E-09,-1.4943006E-01
4.78092E-09,-1.4943006E-01
4.83092E-09,-1.4943006E-01
4.88092E-09,-1.4943006E-01
4.93092E-09,-1.4948277E-01
4.98092E-09,-1.4948277E-01
5.03092E-09,-1.4948277E-01
5.08092E-09,-1.4953548E-01
5.13092E-09,-1.4953548E-01
5.18092E-09,-1.4958819E-01
5.23092E-09,-1.4958819E-01
5.28092E-09,-1.4958819E-01
5.33092E-09,-1.4958819E-01
5.38092E-09,-1.4964090E-01
5.43092E-09,-1.4964090E-01
5.48092E-09,-1.4964090E-01
5.53092E-09,-1.4964090E-01
5.58092E-09,-1.4964090E-01
5.63092E-09,-1.4964090E-01
5.68092E-09,-1.4958819E-01
5.73092E-09,-1.4958819E-01
5.78092E-09,-1.4958819E-01
5.83092E-09,-1.4953548E-01
5.88092E-09,-1.4953548E-01
5.93092E-09,-1.4948277E-01
5.98092E-09,-1.4948277E-01
6.03092E-09,-1.4943006E-01
6.08092E-09,-1.4943006E-01
6.13092E-09,-1.4937735E-01
6.18092E-09,-1.4932464E-01
6.23092E-09,-1.4932464E-01
6.28092E-09,-1.4927194E-01
6.33092E-09,-1.4927194E-01
6.38092E-09,-1.4921923E-01
6.43092E-09,-1.4921923E-01
6.48092E-09,-1.4916652E-01
6.53092E-09,-1.4916652E-01
6.58092E-09,-1.4916652E-01
6.63092E-09,-1.4916652E-01
6.68092E-09,-1.4911381E-01
6.73092E-09,-1.4911381E-01
6.78092E-09,-1.4916652E-01
6.83092E-09,-1.4916652E-01
6.88092E-09,-1.4916652E-01
6.93092E-09,-1.4916652E-01
6.98092E-09,-1.4916652E-01
7.03092E-09,-1.4921923E-01
7.08092E-09,-1.4921923E-01
7.13092E-09,-1.4927194E-01
7.18092E-09,-1.4927194E-01
7.23092E-09,-1.4932464E-01
7.28092E-09,-1.4937735E-01
7.33092E-09,-1.4937735E-01
7.38092E-09,-1.4943006E-01
7.43092E-09,-1.4943006E-01
7.48092E-09,-1.4948277E-01
7.53092E-09,-1.4948277E-01
7.58092E-09,-1.4953548E-01
7.63092E-09,-1.4953548E-01
7.68092E-09,-1.4958819E-01
7.73092E-09,-1.4958819E-01
7.78092E-09,-1.4958819E-01
7.83092E-09,-1.4964090E-01
7.88092E-09,-1.4964090E-01
7.93092E-09,-1.4964090E-01
7.98092E-09,-1.4964090E-01
8.03092E-09,-1.4964090E-01
8.08092E-09,-1.4958819E-01
8.13092E-09,-1.4958819E-01
8.18092E-09,-1.4958819E-01
8.23092E-09,-1.4953548E-01
8.28092E-09,-1.4953548E-01
8.33092E-09,-1.4953548E-01
8.38092E-09,-1.4948277E-01
8.43092E-09,-1.4948277E-01
8.48092E-09,-1.4948277E-01
8.53092E-09,-1.4948277E-01
8.58092E-09,-1.4948277E-01
8.63092E-09,-1.4948277E-01
8.68092E-09,-1.4948277E-01
8.73092E-09,-1.4953548E-01
8.78092E-09,-1.4953548E-01
8.83092E-09,-1.4958819E-01
8.88092E-09,-1.4958819E-01
8.93092E-09,-1.4958819E-01
8.98092E-09,-1.4964090E-01
9.03092E-09,-1.4964090E-01
9.08092E-09,-1.4969361E-01
9.13092E-09,-1.4969361E-01
9.18092E-09,-1.4974632E-01
9.23092E-09,-1.4974632E-01
9.28092E-09,-1.4979903E-01
9.33092E-09,-1.4979903E-01
9.38092E-09,-1.4985173E-01
9.43092E-09,-1.4985173E-01
9.48092E-09,-1.4985173E-01
9.53092E-09,-1.4985173E-01
9.58092E-09,-1.4985173E-01
9.63092E-09,-1.4985173E-01
9.68092E-09,-1.4985173E-01
9.73092E-09,-1.4979903E-01
9.78092E-09,-1.4979903E-01
9.83092E-09,-1.4979903E-01
9.88092E-09,-1.4974632E-01
9.93092E-09,-1.4969361E-01
9.98092E-09,-1.4969361E-01
1.003092E-08,-1.4964090E-01
1.008092E-08,-1.4964090E-01
1.013092E-08,-1.4958819E-01
1.018092E-08,-1.4953548E-01
1.023092E-08,-1.4953548E-01
1.028092E-08,-1.4948277E-01
1.033092E-08,-1.4948277E-01
1.038092E-08,-1.4943006E-01
1.043092E-08,-1.4943006E-01
1.048092E-08,-1.4943006E-01
1.053092E-08,-1.4937735E-01
1.058092E-08,-1.4937735E-01
1.063092E-08,-1.4937735E-01
1.068092E-08,-1.4937735E-01
1.073092E-08,-1.4937735E-01
1.078092E-08,-1.4937735E-01
1.083092E-08,-1.4937735E-01
1.088092E-08,-1.4937735E-01
1.093092E-08,-1.4937735E-01
1.098092E-08,-1.4937735E-01
1.103092E-08,-1.4937735E-01
1.108092E-08,-1.4937735E-01
1.113092E-08,-1.4937735E-01
1.118092E-08,-1.4937735E-01
1.123092E-08,-1.4937735E-01
1.128092E-08,-1.4943006E-01
1.133092E-08,-1.4937735E-01
1.138092E-08,-1.4937735E-01
1.143092E-08,-1.4937735E-01
1.148092E-08,-1.4937735E-01
1.153092E-08,-1.4937735E-01
1.158092E-08,-1.4937735E-01
1.163092E-08,-1.4937735E-01
1.168092E-08,-1.4937735E-01
1.173092E-08,-1.4932464E-01
1.178092E-08,-1.4932464E-01
1.183092E-08,-1.4932464E-01
1.188092E-08,-1.4932464E-01
1.193092E-08,-1.4932464E-01
1.198092E-08,-1.4932464E-01
1.203092E-08,-1.4932464E-01
1.208092E-08,-1.4932464E-01
1.213092E-08,-1.4932464E-01
1.218092E-08,-1.4937735E-01
1.223092E-08,-1.4937735E-01
1.228092E-08,-1.4937735E-01
1.233092E-08,-1.4943006E-01
1.238092E-08,-1.4948277E-01
1.243092E-08,-1.4948277E-01
1.248092E-08,-1.4953548E-01
1.253092E-08,-1.4958819E-01
1.258092E-08,-1.4964090E-01
1.263092E-08,-1.4969361E-01
1.268092E-08,-1.4974632E-01
1.273092E-08,-1.4979903E-01
1.278092E-08,-1.4985173E-01
1.283092E-08,-1.4990444E-01
1.288092E-08,-1.4995715E-01
1.293092E-08,-1.5000986E-01
1.298092E-08,-1.5006257E-01
1.303092E-08,-1.5006257E-01
1.308092E-08,-1.5011528E-01
1.313092E-08,-1.5011528E-01
1.318092E-08,-1.5011528E-01
1.323092E-08,-1.5016799E-01
1.328092E-08,-1.5016799E-01
1.333092E-08,-1.5011528E-01
1.338092E-08,-1.5011528E-01
1.343092E-08,-1.5011528E-01
1.348092E-08,-1.5006257E-01
1.353092E-08,-1.5006257E-01
1.358092E-08,-1.5000986E-01
1.363092E-08,-1.4995715E-01
1.368092E-08,-1.4990444E-01
1.373092E-08,-1.4985173E-01
1.378092E-08,-1.4979903E-01
1.383092E-08,-1.4979903E-01
1.388092E-08,-1.4974632E-01
1.393092E-08,-1.4969361E-01
1.398092E-08,-1.4964090E-01
1.403092E-08,-1.4964090E-01
1.408092E-08,-1.4958819E-01
1.413092E-08,-1.4958819E-01
1.418092E-08,-1.4958819E-01
1.423092E-08,-1.4958819E-01
1.428092E-08,-1.4958819E-01
1.433092E-08,-1.4958819E-01
1.438092E-08,-1.4964090E-01
1.443092E-08,-1.4964090E-01
1.448092E-08,-1.4969361E-01
1.453092E-08,-1.4974632E-01
1.458092E-08,-1.4979903E-01
1.463092E-08,-1.4985173E-01
1.468092E-08,-1.4990444E-01
1.473092E-08,-1.4995715E-01
1.478092E-08,-1.5000986E-01
1.483092E-08,-1.5006257E-01
1.488092E-08,-1.5011528E-01
1.493092E-08,-1.5016799E-01
1.498092E-08,-1.5022070E-01
1.503092E-08,-1.5027341E-01
1.508092E-08,-1.5027341E-01
1.513092E-08,-1.5027341E-01
1.518092E-08,-1.5027341E-01
1.523092E-08,-1.5027341E-01
1.528092E-08,-1.5027341E-01
1.533092E-08,-1.5022070E-01
1.538092E-08,-1.5022070E-01
1.543092E-08,-1.5016799E-01
1.548092E-08,-1.5011528E-01
1.553092E-08,-1.5006257E-01
1.558092E-08,-1.5000986E-01
1.563092E-08,-1.4990444E-01
1.568092E-08,-1.4985173E-01
1.573092E-08,-1.4979903E-01
1.578092E-08,-1.4974632E-01
1.583092E-08,-1.4969361E-01
1.588092E-08,-1.4964090E-01
1.593092E-08,-1.4964090E-01
1.598092E-08,-1.4958819E-01
1.603092E-08,-1.4958819E-01
1.608092E-08,-1.4964090E-01
1.613092E-08,-1.4964090E-01
1.618092E-08,-1.4969361E-01
1.623092E-08,-1.4974632E-01
1.628092E-08,-1.4979903E-01
1.633092E-08,-1.4990444E-01
1.638092E-08,-1.5000986E-01
1.643092E-08,-1.5011528E-01
1.648092E-08,-1.5027341E-01
1.653092E-08,-1.5037883E-01
1.658092E-08,-1.5053695E-01
1.663092E-08,-1.5069508E-01
1.668092E-08,-1.5080050E-01
1.673092E-08,-1.5095862E-01
1.678092E-08,-1.5106404E-01
1.683092E-08,-1.5122217E-01
1.688092E-08,-1.5132759E-01
1.693092E-08,-1.5143301E-01
1.698092E-08,-1.5148571E-01
1.703092E-08,-1.5153842E-01
1.708092E-08,-1.5159113E-01
1.713092E-08,-1.5159113E-01
1.718092E-08,-1.5153842E-01
1.723092E-08,-1.5153842E-01
1.728092E-08,-1.5143301E-01
1.733092E-08,-1.5138030E-01
1.738092E-08,-1.5122217E-01
1.743092E-08,-1.5111675E-01
1.748092E-08,-1.5095862E-01
1.753092E-08,-1.5074779E-01
1.758092E-08,-1.5058966E-01
1.763092E-08,-1.5037883E-01
1.768092E-08,-1.5022070E-01
1.773092E-08,-1.5000986E-01
1.778092E-08,-1.4985173E-01
1.783092E-08,-1.4964090E-01
1.788092E-08,-1.4948277E-01
1.793092E-08,-1.4932464E-01
1.798092E-08,-1.4916652E-01
1.803092E-08,-1.4900839E-01
1.808092E-08,-1.4890297E-01
1.813092E-08,-1.4885026E-01
1.818092E-08,-1.4874485E-01
1.823092E-08,-1.4874485E-01
1.828092E-08,-1.4869214E-01
1.833092E-08,-1.4874485E-01
1.838092E-08,-1.4879755E-01
1.843092E-08,-1.4885026E-01
1.848092E-08,-1.4895568E-01
1.853092E-08,-1.4906110E-01
1.858092E-08,-1.4921923E-01
1.863092E-08,-1.4937735E-01
1.868092E-08,-1.4953548E-01
1.873092E-08,-1.4969361E-01
1.878092E-08,-1.4990444E-01
1.883092E-08,-1.5006257E-01
1.888092E-08,-1.5022070E-01
1.893092E-08,-1.5037883E-01
1.898092E-08,-1.5053695E-01
1.903092E-08,-1.5069508E-01
1.908092E-08,-1.5080050E-01
1.913092E-08,-1.5085321E-01
1.918092E-08,-1.5090592E-01
1.923092E-08,-1.5095862E-01
1.928092E-08,-1.5095862E-01
1.933092E-08,-1.5090592E-01
1.938092E-08,-1.5085321E-01
1.943092E-08,-1.5074779E-01
1.948092E-08,-1.5058966E-01
1.953092E-08,-1.5043153E-01
1.958092E-08,-1.5027341E-01
1.963092E-08,-1.5006257E-01
1.968092E-08,-1.4985173E-01
1.973092E-08,-1.4964090E-01
1.978092E-08,-1.4937735E-01
1.983092E-08,-1.4916652E-01
1.988092E-08,-1.4895568E-01
1.993092E-08,-1.4874485E-01
1.998092E-08,-1.4853401E-01
2.003092E-08,-1.4837588E-01
2.008092E-08,-1.4821776E-01
2.013092E-08,-1.4811234E-01
2.018092E-08,-1.4805963E-01
2.023092E-08,-1.4800692E-01
2.028092E-08,-1.4800692E-01
2.033092E-08,-1.4805963E-01
2.038092E-08,-1.4816505E-01
2.043092E-08,-1.4827046E-01
2.048092E-08,-1.4842859E-01
2.053092E-08,-1.4863943E-01
2.058092E-08,-1.4885026E-01
2.063092E-08,-1.4911381E-01
2.068092E-08,-1.4937735E-01
2.073092E-08,-1.4969361E-01
2.078092E-08,-1.5000986E-01
2.083092E-08,-1.5027341E-01
2.088092E-08,-1.5058966E-01
2.093092E-08,-1.5090592E-01
2.098092E-08,-1.5116946E-01
2.103092E-08,-1.5143301E-01
2.108092E-08,-1.5164384E-01
2.113092E-08,-1.5180197E-01
2.118092E-08,-1.5196010E-01
2.123092E-08,-1.5206551E-01
2.128092E-08,-1.5211822E-01
2.133092E-08,-1.5211822E-01
2.138092E-08,-1.5206551E-01
2.143092E-08,-1.5196010E-01
2.148092E-08,-1.5185468E-01
2.153092E-08,-1.5164384E-01
2.158092E-08,-1.5143301E-01
2.163092E-08,-1.5116946E-01
2.168092E-08,-1.5090592E-01
2.173092E-08,-1.5058966E-01
2.178092E-08,-1.5027341E-01
2.183092E-08,-1.4995715E-01
2.188092E-08,-1.4964090E-01
2.193092E-08,-1.4932464E-01
2.198092E-08,-1.4906110E-01
2.203092E-08,-1.4879755E-01
2.208092E-08,-1.4858672E-01
2.213092E-08,-1.4837588E-01
2.218092E-08,-1.4821776E-01
2.223092E-08,-1.4816505E-01
2.228092E-08,-1.4811234E-01
2.233092E-08,-1.4811234E-01
2.238092E-08,-1.4821776E-01
2.243092E-08,-1.4832317E-01
2.248092E-08,-1.4848130E-01
2.253092E-08,-1.4874485E-01
2.258092E-08,-1.4900839E-01
2.263092E-08,-1.4932464E-01
2.268092E-08,-1.4964090E-01
2.273092E-08,-1.5000986E-01
2.278092E-08,-1.5032612E-01
2.283092E-08,-1.5069508E-01
2.288092E-08,-1.5106404E-01
2.293092E-08,-1.5143301E-01
2.298092E-08,-1.5174926E-01
2.303092E-08,-1.5201280E-01
2.308092E-08,-1.5222364E-01
2.313092E-08,-1.5243448E-01
2.318092E-08,-1.5253989E-01
2.323092E-08,-1.5259260E-01
2.328092E-08,-1.5259260E-01
2.333092E-08,-1.5253989E-01
2.338092E-08,-1.5238177E-01
2.343092E-08,-1.5217093E-01
2.348092E-08,-1.5185468E-01
2.353092E-08,-1.5153842E-01
2.358092E-08,-1.5116946E-01
2.363092E-08,-1.5069508E-01
2.368092E-08,-1.5022070E-01
2.373092E-08,-1.4974632E-01
2.378092E-08,-1.4921923E-01
2.383092E-08,-1.4874485E-01
2.388092E-08,-1.4821776E-01
2.393092E-08,-1.4774337E-01
2.398092E-08,-1.4732170E-01
2.403092E-08,-1.4695274E-01
2.408092E-08,-1.4663649E-01
2.413092E-08,-1.4637294E-01
2.418092E-08,-1.4621481E-01
2.423092E-08,-1.4616210E-01
2.428092E-08,-1.4616210E-01
2.433092E-08,-1.4626752E-01
2.438092E-08,-1.4647836E-01
2.443092E-08,-1.4674190E-01
2.448092E-08,-1.4711087E-01
2.453092E-08,-1.4753254E-01
2.458092E-08,-1.4805963E-01
2.463092E-08,-1.4863943E-01
2.468092E-08,-1.4921923E-01
2.473092E-08,-1.4990444E-01
2.478092E-08,-1.5053695E-01
2.483092E-08,-1.5116946E-01
2.488092E-08,-1.5180197E-01
2.493092E-08,-1.5238177E-01
2.498092E-08,-1.5290886E-01
2.503092E-08,-1.5338324E-01
2.508092E-08,-1.5375220E-01
2.513092E-08,-1.5401575E-01
2.518092E-08,-1.5417387E-01
2.523092E-08,-1.5417387E-01
2.528092E-08,-1.5412117E-01
2.533092E-08,-1.5385762E-01
2.538092E-08,-1.5354137E-01
2.543092E-08,-1.5306698E-01
2.548092E-08,-1.5248719E-01
2.553092E-08,-1.5174926E-01
2.558092E-08,-1.5095862E-01
2.563092E-08,-1.5011528E-01
2.568092E-08,-1.4916652E-01
2.573092E-08,-1.4821776E-01
2.578092E-08,-1.4726899E-01
2.583092E-08,-1.4632023E-01
2.588092E-08,-1.4542418E-01
2.593092E-08,-1.4458083E-01
2.598092E-08,-1.4384291E-01
2.603092E-08,-1.4321040E-01
2.608092E-08,-1.4273602E-01
2.613092E-08,-1.4247247E-01
2.618092E-08,-1.4231435E-01
2.623092E-08,-1.4241976E-01
2.628092E-08,-1.4268331E-01
2.633092E-08,-1.4315769E-01
2.638092E-08,-1.4389562E-01
2.643092E-08,-1.4479167E-01
2.648092E-08,-1.4589856E-01
2.653092E-08,-1.4716358E-01
2.658092E-08,-1.4858672E-01
2.663092E-08,-1.5016799E-01
2.668092E-08,-1.5180197E-01
2.673092E-08,-1.5348866E-01
2.678092E-08,-1.5517535E-01
2.683092E-08,-1.5686203E-01
2.688092E-08,-1.5839060E-01
2.693092E-08,-1.5981374E-01
2.698092E-08,-1.6097334E-01
2.703092E-08,-1.6192210E-01
2.708092E-08,-1.6250190E-01
2.713092E-08,-1.6271273E-01
2.718092E-08,-1.6250190E-01
2.723092E-08,-1.6176397E-01
2.728092E-08,-1.6049896E-01
2.733092E-08,-1.5870685E-01
2.738092E-08,-1.5622953E-01
2.743092E-08,-1.5311969E-01
2.748092E-08,-1.4932464E-01
2.753092E-08,-1.4479167E-01
2.758092E-08,-1.3962619E-01
2.763092E-08,-1.3372278E-01
2.768092E-08,-1.2713415E-01
2.773092E-08,-1.1991301E-01
2.778092E-08,-1.1200666E-01
2.783092E-08,-1.0352051E-01
2.788092E-08,-9.445456E-02
2.793092E-08,-8.486152E-02
2.798092E-08,-7.484681E-02
2.803092E-08,-6.446313E-02
2.808092E-08,-5.371049E-02
2.813092E-08,-4.274702E-02
2.818092E-08,-3.162542E-02
2.823092E-08,-2.045111E-02
2.828092E-08,-9.22409E-03
2.833092E-08,1.84481E-03
2.838092E-08,1.280828E-02
2.843092E-08,2.356092E-02
2.848092E-08,3.394460E-02
2.853092E-08,4.395931E-02
2.858092E-08,5.349964E-02
2.863092E-08,6.256559E-02
2.868092E-08,7.105174E-02
2.873092E-08,7.895809E-02
2.878092E-08,8.623194E-02
2.883092E-08,9.287327E-02
2.888092E-08,9.882939E-02
2.893092E-08,1.0410029E-01
2.898092E-08,1.0873869E-01
2.903092E-08,1.1269186E-01
2.908092E-08,1.1601253E-01
2.913092E-08,1.1864798E-01
2.918092E-08,1.2075634E-01
2.923092E-08,1.2233761E-01
2.928092E-08,1.2339179E-01
2.933092E-08,1.2402430E-01
2.938092E-08,1.2418243E-01
2.943092E-08,1.2407701E-01
2.948092E-08,1.2365534E-01
2.953092E-08,1.2302283E-01
2.958092E-08,1.2217949E-01
2.963092E-08,1.2123072E-01
2.968092E-08,1.2022925E-01
2.973092E-08,1.1917507E-01
2.978092E-08,1.1817360E-01
2.983092E-08,1.1717213E-01
2.988092E-08,1.1632879E-01
2.993092E-08,1.1559086E-01
2.998092E-08,1.1495835E-01
3.003092E-08,1.1453668E-01
3.008092E-08,1.1427313E-01
3.013092E-08,1.1416772E-01
3.018092E-08,1.1422042E-01
3.023092E-08,1.1443126E-01
3.028092E-08,1.1480022E-01
3.033092E-08,1.1532731E-01
3.038092E-08,1.1595982E-01
3.043092E-08,1.1669775E-01
3.048092E-08,1.1748838E-01
3.053092E-08,1.1833173E-01
3.058092E-08,1.1922778E-01
3.063092E-08,1.2007113E-01
3.068092E-08,1.2086176E-01
3.073092E-08,1.2159969E-01
3.078092E-08,1.2228490E-01
3.083092E-08,1.2281199E-01
3.088092E-08,1.2328638E-01
3.093092E-08,1.2354992E-01
3.098092E-08,1.2370805E-01
3.103092E-08,1.2370805E-01
3.108092E-08,1.2354992E-01
3.113092E-08,1.2323367E-01
3.118092E-08,1.2275929E-01
3.123092E-08,1.2217949E-01
3.128092E-08,1.2144156E-01
3.133092E-08,1.2059822E-01
3.138092E-08,1.1964945E-01
3.143092E-08,1.1864798E-01
3.148092E-08,1.1759380E-01
3.153092E-08,1.1653962E-01
3.158092E-08,1.1548544E-01
3.163092E-08,1.1443126E-01
3.168092E-08,1.1337708E-01
3.173092E-08,1.1242832E-01
3.178092E-08,1.1158497E-01
3.183092E-08,1.1084705E-01
3.188092E-08,1.1016183E-01
3.193092E-08,1.0963474E-01
3.198092E-08,1.0926578E-01
3.203092E-08,1.0900223E-01
3.208092E-08,1.0889681E-01
3.213092E-08,1.0894952E-01
3.218092E-08,1.0910765E-01
3.223092E-08,1.0937120E-01
3.228092E-08,1.0979287E-01
3.233092E-08,1.1026725E-01
3.238092E-08,1.1079434E-01
3.243092E-08,1.1142685E-01
3.248092E-08,1.1211206E-01
3.253092E-08,1.1274457E-01
3.258092E-08,1.1342979E-01
3.263092E-08,1.1406230E-01
3.268092E-08,1.1464210E-01
3.273092E-08,1.1516919E-01
3.278092E-08,1.1559086E-01
3.283092E-08,1.1590711E-01
3.288092E-08,1.1611795E-01
3.293092E-08,1.1622337E-01
3.298092E-08,1.1622337E-01
3.303092E-08,1.1606524E-01
3.308092E-08,1.1574899E-01
3.313092E-08,1.1538002E-01
3.318092E-08,1.1485293E-01
3.323092E-08,1.1416772E-01
3.328092E-08,1.1348250E-01
3.333092E-08,1.1263915E-01
3.338092E-08,1.1179581E-01
3.343092E-08,1.1089976E-01
3.348092E-08,1.0995099E-01
3.353092E-08,1.0905494E-01
3.358092E-08,1.0815889E-01
3.363092E-08,1.0731554E-01
3.368092E-08,1.0652491E-01
3.373092E-08,1.0583969E-01
3.378092E-08,1.0525989E-01
3.383092E-08,1.0478551E-01
3.388092E-08,1.0441655E-01
3.393092E-08,1.0420571E-01
3.398092E-08,1.0415300E-01
3.403092E-08,1.0420571E-01
3.408092E-08,1.0441655E-01
3.413092E-08,1.0478551E-01
3.418092E-08,1.0525989E-01
3.423092E-08,1.0578698E-01
3.428092E-08,1.0647220E-01
3.433092E-08,1.0721013E-01
3.438092E-08,1.0800076E-01
3.443092E-08,1.0884411E-01
3.448092E-08,1.0963474E-01
3.453092E-08,1.1047808E-01
3.458092E-08,1.1121601E-01
3.463092E-08,1.1190123E-01
3.468092E-08,1.1253374E-01
3.473092E-08,1.1300812E-01
3.478092E-08,1.1337708E-01
3.483092E-08,1.1358792E-01
3.488092E-08,1.1364063E-01
3.493092E-08,1.1353521E-01
3.498092E-08,1.1327166E-01
3.503092E-08,1.1279728E-01
3.508092E-08,1.1221748E-01
3.513092E-08,1.1147956E-01
3.518092E-08,1.1053079E-01
3.523092E-08,1.0952932E-01
3.528092E-08,1.0842243E-01
3.533092E-08,1.0721013E-01
3.538092E-08,1.0594511E-01
3.543092E-08,1.0468009E-01
3.548092E-08,1.0346779E-01
3.553092E-08,1.0225548E-01
3.558092E-08,1.0109588E-01
3.563092E-08,1.0009441E-01
3.568092E-08,9.925106E-02
3.573092E-08,9.856585E-02
3.578092E-08,9.803876E-02
3.583092E-08,9.777521E-02
3.588092E-08,9.772250E-02
3.593092E-08,9.793334E-02
3.598092E-08,9.835501E-02
3.603092E-08,9.909294E-02
3.608092E-08,1.0004170E-01
3.613092E-08,1.0120130E-01
3.618092E-08,1.0257173E-01
3.623092E-08,1.0415300E-01
3.628092E-08,1.0583969E-01
3.633092E-08,1.0768451E-01
3.638092E-08,1.0958203E-01
3.643092E-08,1.1147956E-01
3.648092E-08,1.1337708E-01
3.653092E-08,1.1516919E-01
3.658092E-08,1.1675046E-01
3.663092E-08,1.1817360E-01
3.668092E-08,1.1928049E-01
3.673092E-08,1.2007113E-01
3.678092E-08,1.2044009E-01
3.683092E-08,1.2038738E-01
3.688092E-08,1.1980758E-01
3.693092E-08,1.1864798E-01
3.698092E-08,1.1690858E-01
3.703092E-08,1.1453668E-01
3.708092E-08,1.1147956E-01
3.713092E-08,1.0773722E-01
3.718092E-08,1.0330966E-01
3.723092E-08,9.814418E-02
3.728092E-08,9.229348E-02
3.733092E-08,8.575756E-02
3.738092E-08,7.853642E-02
3.743092E-08,7.068278E-02
3.748092E-08,6.224934E-02
3.753092E-08,5.328880E-02
3.758092E-08,4.380118E-02
3.763092E-08,3.394460E-02
3.768092E-08,2.366634E-02
3.773092E-08,1.312454E-02
3.778092E-08,2.37190E-03
3.783092E-08,-8.48616E-03
3.788092E-08,-1.944963E-02
3.793092E-08,-3.036040E-02
3.798092E-08,-4.116575E-02
3.803092E-08,-5.176026E-02
3.808092E-08,-6.214394E-02
3.813092E-08,-7.221136E-02
3.818092E-08,-8.190982E-02
3.823092E-08,-9.113389E-02
3.828092E-08,-9.983088E-02
3.833092E-08,-1.0805349E-01
3.838092E-08,-1.1569629E-01
3.843092E-08,-1.2270659E-01
3.848092E-08,-1.2913709E-01
3.853092E-08,-1.3488237E-01
3.858092E-08,-1.4004786E-01
3.863092E-08,-1.4452812E-01
3.868092E-08,-1.4842859E-01
3.873092E-08,-1.5174926E-01
3.878092E-08,-1.5449013E-01
3.883092E-08,-1.5665120E-01
3.888092E-08,-1.5833789E-01
3.893092E-08,-1.5960290E-01
3.898092E-08,-1.6039354E-01
3.903092E-08,-1.6081521E-01
3.908092E-08,-1.6097334E-01
3.913092E-08,-1.6081521E-01
3.918092E-08,-1.6044625E-01
3.923092E-08,-1.5991916E-01
3.928092E-08,-1.5928665E-01
3.933092E-08,-1.5854872E-01
3.938092E-08,-1.5775809E-01
3.943092E-08,-1.5696745E-01
3.948092E-08,-1.5622953E-01
3.953092E-08,-1.5554431E-01
3.958092E-08,-1.5491180E-01
3.963092E-08,-1.5438471E-01
3.968092E-08,-1.5401575E-01
3.973092E-08,-1.5375220E-01
3.978092E-08,-1.5359407E-01
3.983092E-08,-1.5359407E-01
3.988092E-08,-1.5364678E-01
3.993092E-08,-1.5391033E-01
3.998092E-08,-1.5422658E-01
4.003092E-08,-1.5459555E-01
4.008092E-08,-1.5506993E-01
4.013092E-08,-1.5564973E-01
4.018092E-08,-1.5617682E-01
4.023092E-08,-1.5675662E-01
4.028092E-08,-1.5733641E-01
4.033092E-08,-1.5791621E-01
4.038092E-08,-1.5839060E-01
4.043092E-08,-1.5886498E-01
4.048092E-08,-1.5923394E-01
4.053092E-08,-1.5955019E-01
4.058092E-08,-1.5976103E-01
4.063092E-08,-1.5981374E-01
4.068092E-08,-1.5981374E-01
4.073092E-08,-1.5970832E-01
4.078092E-08,-1.5944478E-01
4.083092E-08,-1.5912852E-01
4.088092E-08,-1.5865414E-01
4.093092E-08,-1.5812705E-01
4.098092E-08,-1.5749454E-01
4.103092E-08,-1.5680932E-01
4.108092E-08,-1.5601869E-01
4.113092E-08,-1.5522805E-01
4.118092E-08,-1.5438471E-01
4.123092E-08,-1.5348866E-01
4.128092E-08,-1.5264531E-01
4.133092E-08,-1.5180197E-01
4.138092E-08,-1.5095862E-01
4.143092E-08,-1.5016799E-01
4.148092E-08,-1.4943006E-01
4.153092E-08,-1.4874485E-01
4.158092E-08,-1.4811234E-01
4.163092E-08,-1.4753254E-01
4.168092E-08,-1.4705816E-01
4.173092E-08,-1.4663649E-01
4.178092E-08,-1.4632023E-01
4.183092E-08,-1.4605669E-01
4.188092E-08,-1.4584585E-01
4.193092E-08,-1.4574043E-01
4.198092E-08,-1.4563501E-01
4.203092E-08,-1.4563501E-01
4.208092E-08,-1.4563501E-01
4.213092E-08,-1.4574043E-01
4.218092E-08,-1.4579314E-01
4.223092E-08,-1.4589856E-01
4.228092E-08,-1.4600398E-01
4.233092E-08,-1.4610939E-01
4.238092E-08,-1.4616210E-01
4.243092E-08,-1.4621481E-01
4.248092E-08,-1.4626752E-01
4.253092E-08,-1.4626752E-01
4.258092E-08,-1.4621481E-01
4.263092E-08,-1.4610939E-01
4.268092E-08,-1.4600398E-01
4.273092E-08,-1.4584585E-01
4.278092E-08,-1.4558230E-01
4.283092E-08,-1.4537147E-01
4.288092E-08,-1.4505521E-01
4.293092E-08,-1.4473896E-01
4.298092E-08,-1.4437000E-01
4.303092E-08,-1.4400103E-01
4.308092E-08,-1.4363207E-01
4.313092E-08,-1.4321040E-01
4.318092E-08,-1.4284144E-01
4.323092E-08,-1.4247247E-01
4.328092E-08,-1.4210351E-01
4.333092E-08,-1.4173455E-01
4.338092E-08,-1.4141829E-01
4.343092E-08,-1.4115475E-01
4.348092E-08,-1.4089120E-01
4.353092E-08,-1.4073308E-01
4.358092E-08,-1.4057495E-01
4.363092E-08,-1.4046953E-01
4.368092E-08,-1.4036411E-01
4.373092E-08,-1.4036411E-01
4.378092E-08,-1.4041682E-01
4.383092E-08,-1.4046953E-01
4.388092E-08,-1.4057495E-01
4.393092E-08,-1.4073308E-01
4.398092E-08,-1.4094391E-01
4.403092E-08,-1.4115475E-01
4.408092E-08,-1.4136558E-01
4.413092E-08,-1.4157642E-01
4.418092E-08,-1.4183996E-01
4.423092E-08,-1.4205080E-01
4.428092E-08,-1.4226164E-01
4.433092E-08,-1.4252518E-01
4.438092E-08,-1.4268331E-01
4.443092E-08,-1.4289415E-01
4.448092E-08,-1.4305227E-01
4.453092E-08,-1.4315769E-01
4.458092E-08,-1.4326311E-01
4.463092E-08,-1.4336853E-01
4.468092E-08,-1.4336853E-01
4.473092E-08,-1.4342124E-01
4.478092E-08,-1.4336853E-01
4.483092E-08,-1.4331582E-01
4.488092E-08,-1.4326311E-01
4.493092E-08,-1.4321040E-01
4.498092E-08,-1.4310498E-01
4.503092E-08,-1.4299956E-01
4.508092E-08,-1.4289415E-01
4.513092E-08,-1.4278873E-01
4.518092E-08,-1.4273602E-01
4.523092E-08,-1.4263060E-01
4.528092E-08,-1.4257789E-01
4.533092E-08,-1.4252518E-01
4.538092E-08,-1.4252518E-01
4.543092E-08,-1.4252518E-01
4.548092E-08,-1.4257789E-01
4.553092E-08,-1.4263060E-01
4.558092E-08,-1.4273602E-01
4.563092E-08,-1.4289415E-01
4.568092E-08,-1.4305227E-01
4.573092E-08,-1.4326311E-01
4.578092E-08,-1.4347394E-01
4.583092E-08,-1.4373749E-01
4.588092E-08,-1.4405374E-01
4.593092E-08,-1.4431729E-01
4.598092E-08,-1.4463354E-01
4.603092E-08,-1.4500251E-01
4.608092E-08,-1.4531876E-01
4.613092E-08,-1.4563501E-01
4.618092E-08,-1.4595127E-01
4.623092E-08,-1.4632023E-01
4.628092E-08,-1.4658378E-01
4.633092E-08,-1.4690003E-01
4.638092E-08,-1.4716358E-01
4.643092E-08,-1.4742712E-01
4.648092E-08,-1.4763796E-01
4.653092E-08,-1.4779608E-01
4.658092E-08,-1.4800692E-01
4.663092E-08,-1.4811234E-01
4.668092E-08,-1.4821776E-01
4.673092E-08,-1.4832317E-01
4.678092E-08,-1.4837588E-01
4.683092E-08,-1.4842859E-01
4.688092E-08,-1.4842859E-01
4.693092E-08,-1.4842859E-01
4.698092E-08,-1.4842859E-01
4.703092E-08,-1.4842859E-01
4.708092E-08,-1.4837588E-01
4.713092E-08,-1.4837588E-01
4.718092E-08,-1.4837588E-01
4.723092E-08,-1.4837588E-01
4.728092E-08,-1.4837588E-01
4.733092E-08,-1.4837588E-01
4.738092E-08,-1.4842859E-01
4.743092E-08,-1.4848130E-01
4.748092E-08,-1.4858672E-01
4.753092E-08,-1.4869214E-01
4.758092E-08,-1.4885026E-01
4.763092E-08,-1.4900839E-01
4.768092E-08,-1.4916652E-01
4.773092E-08,-1.4937735E-01
4.778092E-08,-1.4958819E-01
4.783092E-08,-1.4979903E-01
4.788092E-08,-1.5006257E-01
4.793092E-08,-1.5032612E-01
4.798092E-08,-1.5058966E-01
4.803092E-08,-1.5085321E-01
4.808092E-08,-1.5111675E-01
4.813092E-08,-1.5138030E-01
4.818092E-08,-1.5159113E-01
4.823092E-08,-1.5185468E-01
4.828092E-08,-1.5206551E-01
4.833092E-08,-1.5227635E-01
4.838092E-08,-1.5243448E-01
4.843092E-08,-1.5259260E-01
4.848092E-08,-1.5275073E-01
4.853092E-08,-1.5280344E-01
4.858092E-08,-1.5285615E-01
4.863092E-08,-1.5285615E-01
4.868092E-08,-1.5285615E-01
4.873092E-08,-1.5280344E-01
4.878092E-08,-1.5269802E-01
4.883092E-08,-1.5259260E-01
4.888092E-08,-1.5248719E-01
4.893092E-08,-1.5227635E-01
4.898092E-08,-1.5211822E-01
4.903092E-08,-1.5190739E-01
4.908092E-08,-1.5169655E-01
4.913092E-08,-1.5143301E-01
4.918092E-08,-1.5122217E-01
4.923092E-08,-1.5095862E-01
4.928092E-08,-1.5074779E-01
4.933092E-08,-1.5053695E-01
4.938092E-08,-1.5032612E-01
4.943092E-08,-1.5011528E-01
4.948092E-08,-1.4990444E-01
4.953092E-08,-1.4974632E-01
4.958092E-08,-1.4958819E-01
4.963092E-08,-1.4948277E-01
4.968092E-08,-1.4937735E-01
4.973092E-08,-1.4932464E-01
4.978092E-08,-1.4927194E-01
4.983092E-08,-1.4921923E-01
4.988092E-08,-1.4921923E-01
4.993092E-08,-1.4921923E-01
4.998092E-08,-1.4927194E-01
5.003092E-08,-1.4932464E-01
5.008092E-08,-1.4937735E-01
5.013092E-08,-1.4943006E-01
5.018092E-08,-1.4948277E-01
5.023092E-08,-1.4958819E-01
5.028092E-08,-1.4964090E-01
5.033092E-08,-1.4969361E-01
5.038092E-08,-1.4974632E-01
5.043092E-08,-1.4979903E-01
5.048092E-08,-1.4985173E-01
5.053092E-08,-1.4985173E-01
5.058092E-08,-1.4985173E-01
5.063092E-08,-1.4985173E-01
5.068092E-08,-1.4979903E-01
5.073092E-08,-1.4979903E-01
5.078092E-08,-1.4969361E-01
5.083092E-08,-1.4964090E-01
5.088092E-08,-1.4953548E-01
5.093092E-08,-1.4943006E-01
5.098092E-08,-1.4927194E-01
5.103092E-08,-1.4911381E-01
5.108092E-08,-1.4900839E-01
5.113092E-08,-1.4885026E-01
5.118092E-08,-1.4863943E-01
5.123092E-08,-1.4848130E-01
5.128092E-08,-1.4832317E-01
5.133092E-08,-1.4816505E-01
5.138092E-08,-1.4800692E-01
5.143092E-08,-1.4790150E-01
5.148092E-08,-1.4774337E-01
5.153092E-08,-1.4763796E-01
5.158092E-08,-1.4753254E-01
5.163092E-08,-1.4742712E-01
5.168092E-08,-1.4732170E-01
5.173092E-08,-1.4726899E-01
5.178092E-08,-1.4721628E-01
5.183092E-08,-1.4721628E-01
5.188092E-08,-1.4721628E-01
5.193092E-08,-1.4716358E-01
5.198092E-08,-1.4721628E-01
5.203092E-08,-1.4721628E-01
5.208092E-08,-1.4726899E-01
5.213092E-08,-1.4726899E-01
5.218092E-08,-1.4732170E-01
5.223092E-08,-1.4737441E-01
5.228092E-08,-1.4742712E-01
5.233092E-08,-1.4747983E-01
5.238092E-08,-1.4753254E-01
5.243092E-08,-1.4758525E-01
5.248092E-08,-1.4763796E-01
5.253092E-08,-1.4769067E-01
5.258092E-08,-1.4769067E-01
5.263092E-08,-1.4774337E-01
5.268092E-08,-1.4774337E-01
5.273092E-08,-1.4774337E-01
5.278092E-08,-1.4779608E-01
5.283092E-08,-1.4774337E-01
5.288092E-08,-1.4774337E-01
5.293092E-08,-1.4774337E-01
5.298092E-08,-1.4774337E-01
5.303092E-08,-1.4769067E-01
5.308092E-08,-1.4769067E-01
5.313092E-08,-1.4763796E-01
5.318092E-08,-1.4763796E-01
5.323092E-08,-1.4763796E-01
5.328092E-08,-1.4758525E-01
5.333092E-08,-1.4758525E-01
5.338092E-08,-1.4758525E-01
5.343092E-08,-1.4758525E-01
5.348092E-08,-1.4763796E-01
5.353092E-08,-1.4763796E-01
5.358092E-08,-1.4769067E-01
5.363092E-08,-1.4774337E-01
5.368092E-08,-1.4779608E-01
5.373092E-08,-1.4790150E-01
5.378092E-08,-1.4795421E-01
5.383092E-08,-1.4805963E-01
5.388092E-08,-1.4821776E-01
5.393092E-08,-1.4832317E-01
5.398092E-08,-1.4848130E-01
5.403092E-08,-1.4858672E-01
5.408092E-08,-1.4874485E-01
5.413092E-08,-1.4890297E-01
5.418092E-08,-1.4906110E-01
5.423092E-08,-1.4921923E-01
5.428092E-08,-1.4937735E-01
5.433092E-08,-1.4953548E-01
5.438092E-08,-1.4969361E-01
5.443092E-08,-1.4985173E-01
5.448092E-08,-1.5000986E-01
5.453092E-08,-1.5016799E-01
5.458092E-08,-1.5027341E-01
5.463092E-08,-1.5043153E-01
5.468092E-08,-1.5053695E-01
5.473092E-08,-1.5069508E-01
5.478092E-08,-1.5080050E-01
5.483092E-08,-1.5090592E-01
5.488092E-08,-1.5101133E-01
5.493092E-08,-1.5106404E-01
5.498092E-08,-1.5116946E-01
5.503092E-08,-1.5122217E-01
5.508092E-08,-1.5127488E-01
5.513092E-08,-1.5138030E-01
5.518092E-08,-1.5143301E-01
5.523092E-08,-1.5148571E-01
5.528092E-08,-1.5153842E-01
5.533092E-08,-1.5159113E-01
5.538092E-08,-1.5164384E-01
5.543092E-08,-1.5169655E-01
5.548092E-08,-1.5174926E-01
5.553092E-08,-1.5180197E-01
5.558092E-08,-1.5185468E-01
5.563092E-08,-1.5190739E-01
5.568092E-08,-1.5196010E-01
5.573092E-08,-1.5201280E-01
5.578092E-08,-1.5206551E-01
5.583092E-08,-1.5211822E-01
5.588092E-08,-1.5217093E-01
5.593092E-08,-1.5222364E-01
5.598092E-08,-1.5227635E-01
5.603092E-08,-1.5232906E-01
5.608092E-08,-1.5238177E-01
5.613092E-08,-1.5243448E-01
5.618092E-08,-1.5248719E-01
5.623092E-08,-1.5248719E-01
5.628092E-08,-1.5253989E-01
5.633092E-08,-1.5259260E-01
5.638092E-08,-1.5259260E-01
5.643092E-08,-1.5259260E-01
5.648092E-08,-1.5264531E-01
5.653092E-08,-1.5264531E-01
5.658092E-08,-1.5264531E-01
5.663092E-08,-1.5264531E-01
5.668092E-08,-1.5259260E-01
5.673092E-08,-1.5259260E-01
5.678092E-08,-1.5259260E-01
5.683092E-08,-1.5253989E-01
5.688092E-08,-1.5253989E-01
5.693092E-08,-1.5248719E-01
5.698092E-08,-1.5243448E-01
5.703092E-08,-1.5238177E-01
5.708092E-08,-1.5238177E-01
5.713092E-08,-1.5232906E-01
5.718092E-08,-1.5227635E-01
5.723092E-08,-1.5222364E-01
5.728092E-08,-1.5222364E-01
5.733092E-08,-1.5217093E-01
5.738092E-08,-1.5211822E-01
5.743092E-08,-1.5211822E-01
5.748092E-08,-1.5206551E-01
5.753092E-08,-1.5201280E-01
5.758092E-08,-1.5201280E-01
5.763092E-08,-1.5196010E-01
5.768092E-08,-1.5190739E-01
5.773092E-08,-1.5190739E-01
5.778092E-08,-1.5185468E-01
5.783092E-08,-1.5174926E-01
5.788092E-08,-1.5169655E-01
5.793092E-08,-1.5164384E-01
5.798092E-08,-1.5153842E-01
5.803092E-08,-1.5148571E-01
5.808092E-08,-1.5138030E-01
5.813092E-08,-1.5127488E-01
5.818092E-08,-1.5116946E-01
5.823092E-08,-1.5101133E-01
5.828092E-08,-1.5090592E-01
5.833092E-08,-1.5074779E-01
5.838092E-08,-1.5064237E-01
5.843092E-08,-1.5048424E-01
5.848092E-08,-1.5032612E-01
5.853092E-08,-1.5016799E-01
5.858092E-08,-1.5000986E-01
5.863092E-08,-1.4985173E-01
5.868092E-08,-1.4969361E-01
5.873092E-08,-1.4948277E-01
5.878092E-08,-1.4932464E-01
5.883092E-08,-1.4916652E-01
5.888092E-08,-1.4895568E-01
5.893092E-08,-1.4879755E-01
5.898092E-08,-1.4863943E-01
5.903092E-08,-1.4848130E-01
5.908092E-08,-1.4832317E-01
5.913092E-08,-1.4816505E-01
5.918092E-08,-1.4800692E-01
5.923092E-08,-1.4784879E-01
5.928092E-08,-1.4774337E-01
5.933092E-08,-1.4758525E-01
5.938092E-08,-1.4747983E-01
5.943092E-08,-1.4737441E-01
5.948092E-08,-1.4726899E-01
5.953092E-08,-1.4721628E-01
5.958092E-08,-1.4711087E-01
5.963092E-08,-1.4705816E-01
5.968092E-08,-1.4700545E-01
5.973092E-08,-1.4695274E-01
5.978092E-08,-1.4690003E-01
5.983092E-08,-1.4684732E-01
5.988092E-08,-1.4684732E-01
5.993092E-08,-1.4679461E-01
5.998092E-08,-1.4679461E-01
6.003092E-08,-1.4679461E-01
6.008092E-08,-1.4679461E-01
6.013092E-08,-1.4679461E-01
6.018092E-08,-1.4679461E-01
6.023092E-08,-1.4679461E-01
6.028092E-08,-1.4684732E-01
6.033092E-08,-1.4684732E-01
6.038092E-08,-1.4690003E-01
6.043092E-08,-1.4690003E-01
6.048092E-08,-1.4690003E-01
6.053092E-08,-1.4695274E-01
6.058092E-08,-1.4695274E-01
6.063092E-08,-1.4700545E-01
6.068092E-08,-1.4700545E-01
6.073092E-08,-1.4700545E-01
6.078092E-08,-1.4705816E-01
6.083092E-08,-1.4705816E-01
6.088092E-08,-1.4705816E-01
6.093092E-08,-1.4705816E-01
6.098092E-08,-1.4705816E-01
6.103092E-08,-1.4705816E-01
6.108092E-08,-1.4705816E-01
6.113092E-08,-1.4705816E-01
6.118092E-08,-1.4705816E-01
6.123092E-08,-1.4700545E-01
6.128092E-08,-1.4700545E-01
6.133092E-08,-1.4700545E-01
6.138092E-08,-1.4695274E-01
6.143092E-08,-1.4695274E-01
6.148092E-08,-1.4690003E-01
6.153092E-08,-1.4690003E-01
6.158092E-08,-1.4684732E-01
6.163092E-08,-1.4684732E-01
6.168092E-08,-1.4679461E-01
6.173092E-08,-1.4679461E-01
6.178092E-08,-1.4674190E-01
6.183092E-08,-1.4674190E-01
6.188092E-08,-1.4668919E-01
6.193092E-08,-1.4668919E-01
6.198092E-08,-1.4668919E-01
6.203092E-08,-1.4668919E-01
6.208092E-08,-1.4663649E-01
6.213092E-08,-1.4663649E-01
6.218092E-08,-1.4663649E-01
6.223092E-08,-1.4668919E-01
6.228092E-08,-1.4668919E-01
6.233092E-08,-1.4668919E-01
6.238092E-08,-1.4674190E-01
6.243092E-08,-1.4674190E-01
6.248092E-08,-1.4679461E-01
6.253092E-08,-1.4684732E-01
6.258092E-08,-1.4690003E-01
6.263092E-08,-1.4695274E-01
6.268092E-08,-1.4705816E-01
6.273092E-08,-1.4711087E-01
6.278092E-08,-1.4721628E-01
6.283092E-08,-1.4732170E-01
6.288092E-08,-1.4742712E-01
6.293092E-08,-1.4753254E-01
6.298092E-08,-1.4769067E-01
6.303092E-08,-1.4779608E-01
6.308092E-08,-1.4795421E-01
6.313092E-08,-1.4811234E-01
6.318092E-08,-1.4827046E-01
6.323092E-08,-1.4842859E-01
6.328092E-08,-1.4858672E-01
6.333092E-08,-1.4874485E-01
6.338092E-08,-1.4895568E-01
6.343092E-08,-1.4911381E-01
6.348092E-08,-1.4927194E-01
6.353092E-08,-1.4948277E-01
6.358092E-08,-1.4964090E-01
6.363092E-08,-1.4985173E-01
6.368092E-08,-1.5000986E-01
6.373092E-08,-1.5016799E-01
6.378092E-08,-1.5032612E-01
6.383092E-08,-1.5048424E-01
6.388092E-08,-1.5064237E-01
6.393092E-08,-1.5080050E-01
6.398092E-08,-1.5095862E-01
6.403092E-08,-1.5106404E-01
6.408092E-08,-1.5116946E-01
6.413092E-08,-1.5127488E-01
6.418092E-08,-1.5138030E-01
6.423092E-08,-1.5148571E-01
6.428092E-08,-1.5153842E-01
6.433092E-08,-1.5159113E-01
6.438092E-08,-1.5164384E-01
6.443092E-08,-1.5169655E-01
6.448092E-08,-1.5174926E-01
6.453092E-08,-1.5174926E-01
6.458092E-08,-1.5174926E-01
6.463092E-08,-1.5174926E-01
6.468092E-08,-1.5174926E-01
6.473092E-08,-1.5174926E-01
6.478092E-08,-1.5169655E-01
6.483092E-08,-1.5164384E-01
6.488092E-08,-1.5164384E-01
6.493092E-08,-1.5159113E-01
6.498092E-08,-1.5153842E-01
6.503092E-08,-1.5148571E-01
6.508092E-08,-1.5143301E-01
6.513092E-08,-1.5138030E-01
6.518092E-08,-1.5132759E-01
6.523092E-08,-1.5127488E-01
6.528092E-08,-1.5122217E-01
6.533092E-08,-1.5116946E-01
6.538092E-08,-1.5116946E-01
6.543092E-08,-1.5111675E-01
6.548092E-08,-1.5106404E-01
6.553092E-08,-1.5106404E-01
6.558092E-08,-1.5101133E-01
6.563092E-08,-1.5101133E-01
6.568092E-08,-1.5095862E-01
6.573092E-08,-1.5095862E-01
6.578092E-08,-1.5095862E-01
6.583092E-08,-1.5095862E-01
6.588092E-08,-1.5095862E-01
6.593092E-08,-1.5095862E-01
6.598092E-08,-1.5101133E-01
6.603092E-08,-1.5101133E-01
6.608092E-08,-1.5101133E-01
6.613092E-08,-1.5106404E-01
6.618092E-08,-1.5106404E-01
6.623092E-08,-1.5106404E-01
6.628092E-08,-1.5111675E-01
6.633092E-08,-1.5111675E-01
6.638092E-08,-1.5116946E-01
6.643092E-08,-1.5116946E-01
6.648092E-08,-1.5116946E-01
6.653092E-08,-1.5116946E-01
6.658092E-08,-1.5116946E-01
6.663092E-08,-1.5116946E-01
6.668092E-08,-1.5116946E-01
6.673092E-08,-1.5116946E-01
6.678092E-08,-1.5116946E-01
6.683092E-08,-1.5111675E-01
6.688092E-08,-1.5111675E-01
6.693092E-08,-1.5106404E-01
6.698092E-08,-1.5101133E-01
6.703092E-08,-1.5095862E-01
6.708092E-08,-1.5090592E-01
6.713092E-08,-1.5085321E-01
6.718092E-08,-1.5080050E-01
6.723092E-08,-1.5074779E-01
6.728092E-08,-1.5069508E-01
6.733092E-08,-1.5058966E-01
6.738092E-08,-1.5053695E-01
6.743092E-08,-1.5043153E-01
6.748092E-08,-1.5032612E-01
6.753092E-08,-1.5027341E-01
6.758092E-08,-1.5016799E-01
6.763092E-08,-1.5006257E-01
6.768092E-08,-1.5000986E-01
6.773092E-08,-1.4990444E-01
6.778092E-08,-1.4979903E-01
6.783092E-08,-1.4974632E-01
6.788092E-08,-1.4964090E-01
6.793092E-08,-1.4953548E-01
6.798092E-08,-1.4948277E-01
6.803092E-08,-1.4937735E-01
6.808092E-08,-1.4932464E-01
6.813092E-08,-1.4921923E-01
6.818092E-08,-1.4916652E-01
6.823092E-08,-1.4906110E-01
6.828092E-08,-1.4900839E-01
6.833092E-08,-1.4895568E-01
6.838092E-08,-1.4890297E-01
6.843092E-08,-1.4885026E-01
6.848092E-08,-1.4879755E-01
6.853092E-08,-1.4869214E-01
6.858092E-08,-1.4863943E-01
6.863092E-08,-1.4858672E-01
6.868092E-08,-1.4858672E-01
6.873092E-08,-1.4853401E-01
6.878092E-08,-1.4848130E-01
6.883092E-08,-1.4842859E-01
6.888092E-08,-1.4837588E-01
6.893092E-08,-1.4837588E-01
6.898092E-08,-1.4832317E-01
6.903092E-08,-1.4832317E-01
6.908092E-08,-1.4827046E-01
6.913092E-08,-1.4821776E-01
6.918092E-08,-1.4821776E-01
6.923092E-08,-1.4821776E-01
6.928092E-08,-1.4816505E-01
6.933092E-08,-1.4816505E-01
6.938092E-08,-1.4811234E-01
6.943092E-08,-1.4811234E-01
6.948092E-08,-1.4811234E-01
6.953092E-08,-1.4811234E-01
6.958092E-08,-1.4805963E-01
6.963092E-08,-1.4805963E-01
6.968092E-08,-1.4805963E-01
6.973092E-08,-1.4805963E-01
6.978092E-08,-1.4805963E-01
6.983092E-08,-1.4805963E-01
6.988092E-08,-1.4805963E-01
6.993092E-08,-1.4805963E-01
6.998092E-08,-1.4805963E-01
7.003092E-08,-1.4811234E-01
7.008092E-08,-1.4811234E-01
7.013092E-08,-1.4811234E-01
7.018092E-08,-1.4811234E-01
7.023092E-08,-1.4816505E-01
7.028092E-08,-1.4816505E-01
7.033092E-08,-1.4816505E-01
7.038092E-08,-1.4816505E-01
7.043092E-08,-1.4821776E-01
7.048092E-08,-1.4821776E-01
7.053092E-08,-1.4821776E-01
7.058092E-08,-1.4827046E-01
7.063092E-08,-1.4827046E-01
7.068092E-08,-1.4827046E-01
7.073092E-08,-1.4832317E-01
7.078092E-08,-1.4832317E-01
7.083092E-08,-1.4832317E-01
7.088092E-08,-1.4832317E-01
7.093092E-08,-1.4837588E-01
7.098092E-08,-1.4837588E-01
7.103092E-08,-1.4837588E-01
7.108092E-08,-1.4837588E-01
7.113092E-08,-1.4837588E-01
7.118092E-08,-1.4837588E-01
7.123092E-08,-1.4842859E-01
7.128092E-08,-1.4842859E-01
7.133092E-08,-1.4842859E-01
7.138092E-08,-1.4842859E-01
7.143092E-08,-1.4842859E-01
7.148092E-08,-1.4842859E-01
7.153092E-08,-1.4842859E-01
7.158092E-08,-1.4842859E-01
7.163092E-08,-1.4848130E-01
7.168092E-08,-1.4848130E-01
7.173092E-08,-1.4848130E-01
7.178092E-08,-1.4848130E-01
7.183092E-08,-1.4848130E-01
7.188092E-08,-1.4848130E-01
7.193092E-08,-1.4848130E-01
7.198092E-08,-1.4853401E-01
7.203092E-08,-1.4853401E-01
7.208092E-08,-1.4853401E-01
7.213092E-08,-1.4853401E-01
7.218092E-08,-1.4853401E-01
7.223092E-08,-1.4858672E-01
7.228092E-08,-1.4858672E-01
7.233092E-08,-1.4858672E-01
7.238092E-08,-1.4858672E-01
7.243092E-08,-1.4858672E-01
7.248092E-08,-1.4858672E-01
7.253092E-08,-1.4858672E-01
7.258092E-08,-1.4863943E-01
7.263092E-08,-1.4863943E-01
7.268092E-08,-1.4863943E-01
7.273092E-08,-1.4863943E-01
7.278092E-08,-1.4863943E-01
7.283092E-08,-1.4863943E-01
7.288092E-08,-1.4863943E-01
7.293092E-08,-1.4863943E-01
7.298092E-08,-1.4863943E-01
7.303092E-08,-1.4863943E-01
7.308092E-08,-1.4863943E-01
7.313092E-08,-1.4863943E-01
7.318092E-08,-1.4863943E-01
7.323092E-08,-1.4863943E-01
7.328092E-08,-1.4863943E-01
7.333092E-08,-1.4863943E-01
7.338092E-08,-1.4869214E-01
7.343092E-08,-1.4869214E-01
7.348092E-08,-1.4869214E-01
7.353092E-08,-1.4869214E-01
7.358092E-08,-1.4874485E-01
7.363092E-08,-1.4874485E-01
7.368092E-08,-1.4879755E-01
7.373092E-08,-1.4879755E-01
7.378092E-08,-1.4885026E-01
7.383092E-08,-1.4885026E-01
7.388092E-08,-1.4890297E-01
7.393092E-08,-1.4890297E-01
7.398092E-08,-1.4895568E-01
7.403092E-08,-1.4900839E-01
7.408092E-08,-1.4906110E-01
7.413092E-08,-1.4906110E-01
7.418092E-08,-1.4911381E-01
7.423092E-08,-1.4916652E-01
7.428092E-08,-1.4916652E-01
7.433092E-08,-1.4921923E-01
7.438092E-08,-1.4927194E-01
7.443092E-08,-1.4927194E-01
7.448092E-08,-1.4932464E-01
7.453092E-08,-1.4937735E-01
7.458092E-08,-1.4937735E-01
7.463092E-08,-1.4943006E-01
7.468092E-08,-1.4943006E-01
7.473092E-08,-1.4943006E-01
7.478092E-08,-1.4948277E-01
7.483092E-08,-1.4948277E-01
7.488092E-08,-1.4948277E-01
7.493092E-08,-1.4948277E-01
7.498092E-08,-1.4953548E-01
7.503092E-08,-1.4953548E-01
7.508092E-08,-1.4953548E-01
7.513092E-08,-1.4953548E-01
7.518092E-08,-1.4953548E-01
7.523092E-08,-1.4953548E-01
7.528092E-08,-1.4953548E-01
7.533092E-08,-1.4948277E-01
7.538092E-08,-1.4948277E-01
7.543092E-08,-1.4948277E-01
7.548092E-08,-1.4948277E-01
7.553092E-08,-1.4948277E-01
7.558092E-08,-1.4953548E-01
7.563092E-08,-1.4953548E-01
7.568092E-08,-1.4953548E-01
7.573092E-08,-1.4953548E-01
7.578092E-08,-1.4953548E-01
7.583092E-08,-1.4953548E-01
7.588092E-08,-1.4953548E-01
7.593092E-08,-1.4958819E-01
7.598092E-08,-1.4958819E-01
7.603092E-08,-1.4958819E-01
7.608092E-08,-1.4964090E-01
7.613092E-08,-1.4964090E-01
7.618092E-08,-1.4964090E-01
7.623092E-08,-1.4969361E-01
7.628092E-08,-1.4969361E-01
7.633092E-08,-1.4969361E-01
7.638092E-08,-1.4974632E-01
7.643092E-08,-1.4974632E-01
7.648092E-08,-1.4979903E-01
7.653092E-08,-1.4979903E-01
7.658092E-08,-1.4979903E-01
7.663092E-08,-1.4979903E-01
7.668092E-08,-1.4979903E-01
7.673092E-08,-1.4979903E-01
7.678092E-08,-1.4979903E-01
7.683092E-08,-1.4979903E-01
7.688092E-08,-1.4979903E-01
7.693092E-08,-1.4974632E-01
7.698092E-08,-1.4974632E-01
7.703092E-08,-1.4974632E-01
7.708092E-08,-1.4969361E-01
7.713092E-08,-1.4969361E-01
7.718092E-08,-1.4964090E-01
7.723092E-08,-1.4964090E-01
7.728092E-08,-1.4958819E-01
7.733092E-08,-1.4958819E-01
7.738092E-08,-1.4953548E-01
7.743092E-08,-1.4953548E-01
7.748092E-08,-1.4948277E-01
7.753092E-08,-1.4948277E-01
7.758092E-08,-1.4943006E-01
7.763092E-08,-1.4943006E-01
7.768092E-08,-1.4943006E-01
7.773092E-08,-1.4937735E-01
7.778092E-08,-1.4937735E-01
7.783092E-08,-1.4937735E-01
7.788092E-08,-1.4937735E-01
7.793092E-08,-1.4937735E-01
7.798092E-08,-1.4937735E-01
7.803092E-08,-1.4937735E-01
7.808092E-08,-1.4943006E-01
7.813092E-08,-1.4943006E-01
7.818092E-08,-1.4943006E-01
7.823092E-08,-1.4948277E-01
7.828092E-08,-1.4948277E-01
7.833092E-08,-1.4953548E-01
7.838092E-08,-1.4953548E-01
7.843092E-08,-1.4958819E-01
7.848092E-08,-1.4958819E-01
7.853092E-08,-1.4964090E-01
7.858092E-08,-1.4964090E-01
7.863092E-08,-1.4969361E-01
7.868092E-08,-1.4969361E-01
7.873092E-08,-1.4974632E-01
7.878092E-08,-1.4974632E-01
7.883092E-08,-1.4974632E-01
7.888092E-08,-1.4979903E-01
7.893092E-08,-1.4979903E-01
7.898092E-08,-1.4979903E-01
7.903092E-08,-1.4979903E-01
7.908092E-08,-1.4979903E-01
7.913092E-08,-1.4974632E-01
7.918092E-08,-1.4974632E-01
7.923092E-08,-1.4974632E-01
7.928092E-08,-1.4974632E-01
7.933092E-08,-1.4969361E-01
7.938092E-08,-1.4964090E-01
7.943092E-08,-1.4964090E-01
7.948092E-08,-1.4958819E-01
7.953092E-08,-1.4953548E-01
7.958092E-08,-1.4953548E-01
7.963092E-08,-1.4948277E-01
7.968092E-08,-1.4943006E-01
7.973092E-08,-1.4937735E-01
7.978092E-08,-1.4932464E-01
7.983092E-08,-1.4927194E-01
7.988092E-08,-1.4927194E-01
7.993092E-08,-1.4921923E-01
7.998092E-08,-1.4916652E-01
8.003092E-08,-1.4911381E-01
8.008092E-08,-1.4911381E-01
8.013092E-08,-1.4906110E-01
8.018092E-08,-1.4906110E-01
8.023092E-08,-1.4900839E-01
8.028092E-08,-1.4900839E-01
8.033092E-08,-1.4895568E-01
8.038092E-08,-1.4895568E-01
8.043092E-08,-1.4895568E-01
8.048092E-08,-1.4895568E-01
8.053092E-08,-1.4895568E-01
8.058092E-08,-1.4895568E-01
8.063092E-08,-1.4895568E-01
8.068092E-08,-1.4895568E-01
8.073092E-08,-1.4895568E-01
8.078092E-08,-1.4895568E-01
8.083092E-08,-1.4895568E-01
8.088092E-08,-1.4895568E-01
8.093092E-08,-1.4895568E-01
8.098092E-08,-1.4895568E-01
8.103092E-08,-1.4895568E-01
8.108092E-08,-1.4895568E-01
8.113092E-08,-1.4895568E-01
8.118092E-08,-1.4895568E-01
8.123092E-08,-1.4895568E-01
8.128092E-08,-1.4895568E-01
8.133092E-08,-1.4895568E-01
8.138092E-08,-1.4895568E-01
8.143092E-08,-1.4895568E-01
8.148092E-08,-1.4895568E-01
8.153092E-08,-1.4895568E-01
8.158092E-08,-1.4895568E-01
8.163092E-08,-1.4895568E-01
8.168092E-08,-1.4895568E-01
8.173092E-08,-1.4895568E-01
8.178092E-08,-1.4895568E-01
8.183092E-08,-1.4890297E-01
8.188092E-08,-1.4890297E-01
8.193092E-08,-1.4890297E-01
8.198092E-08,-1.4890297E-01
8.203092E-08,-1.4890297E-01
8.208092E-08,-1.4890297E-01
8.213092E-08,-1.4890297E-01
8.218092E-08,-1.4890297E-01
8.223092E-08,-1.4890297E-01
8.228092E-08,-1.4890297E-01
8.233092E-08,-1.4890297E-01
8.238092E-08,-1.4895568E-01
8.243092E-08,-1.4895568E-01
8.248092E-08,-1.4895568E-01
8.253092E-08,-1.4900839E-01
8.258092E-08,-1.4900839E-01
8.263092E-08,-1.4906110E-01
8.268092E-08,-1.4906110E-01
8.273092E-08,-1.4911381E-01
8.278092E-08,-1.4916652E-01
8.283092E-08,-1.4921923E-01
8.288092E-08,-1.4927194E-01
8.293092E-08,-1.4932464E-01
8.298092E-08,-1.4937735E-01
8.303092E-08,-1.4937735E-01
8.308092E-08,-1.4948277E-01
8.313092E-08,-1.4953548E-01
8.318092E-08,-1.4958819E-01
8.323092E-08,-1.4964090E-01
8.328092E-08,-1.4969361E-01
8.333092E-08,-1.4974632E-01
8.338092E-08,-1.4979903E-01
8.343092E-08,-1.4990444E-01
8.348092E-08,-1.4995715E-01
8.353092E-08,-1.5000986E-01
8.358092E-08,-1.5006257E-01
8.363092E-08,-1.5011528E-01
8.368092E-08,-1.5016799E-01
8.373092E-08,-1.5022070E-01
8.378092E-08,-1.5022070E-01
8.383092E-08,-1.5027341E-01
8.388092E-08,-1.5032612E-01
8.393092E-08,-1.5037883E-01
8.398092E-08,-1.5037883E-01
8.403092E-08,-1.5043153E-01
8.408092E-08,-1.5043153E-01
8.413092E-08,-1.5048424E-01
8.418092E-08,-1.5048424E-01
8.423092E-08,-1.5048424E-01
8.428092E-08,-1.5053695E-01
8.433092E-08,-1.5053695E-01
8.438092E-08,-1.5053695E-01
8.443092E-08,-1.5053695E-01
8.448092E-08,-1.5053695E-01
8.453092E-08,-1.5053695E-01
8.458092E-08,-1.5053695E-01
8.463092E-08,-1.5048424E-01
8.468092E-08,-1.5048424E-01
8.473092E-08,-1.5048424E-01
8.478092E-08,-1.5048424E-01
8.483092E-08,-1.5048424E-01
8.488092E-08,-1.5043153E-01
8.493092E-08,-1.5043153E-01
8.498092E-08,-1.5043153E-01
8.503092E-08,-1.5037883E-01
8.508092E-08,-1.5037883E-01
8.513092E-08,-1.5032612E-01
8.518092E-08,-1.5032612E-01
8.523092E-08,-1.5027341E-01
8.528092E-08,-1.5027341E-01
8.533092E-08,-1.5022070E-01
8.538092E-08,-1.5022070E-01
8.543092E-08,-1.5016799E-01
8.548092E-08,-1.5016799E-01
8.553092E-08,-1.5016799E-01
8.558092E-08,-1.5011528E-01
8.563092E-08,-1.5006257E-01
8.568092E-08,-1.5006257E-01
8.573092E-08,-1.5000986E-01
8.578092E-08,-1.5000986E-01
8.583092E-08,-1.4995715E-01
8.588092E-08,-1.4995715E-01
8.593092E-08,-1.4990444E-01
8.598092E-08,-1.4990444E-01
8.603092E-08,-1.4985173E-01
8.608092E-08,-1.4979903E-01
8.613092E-08,-1.4979903E-01
8.618092E-08,-1.4974632E-01
8.623092E-08,-1.4969361E-01
8.628092E-08,-1.4964090E-01
8.633092E-08,-1.4958819E-01
8.638092E-08,-1.4958819E-01
8.643092E-08,-1.4953548E-01
8.648092E-08,-1.4948277E-01
8.653092E-08,-1.4943006E-01
8.658092E-08,-1.4937735E-01
8.663092E-08,-1.4932464E-01
8.668092E-08,-1.4932464E-01
8.673092E-08,-1.4927194E-01
8.678092E-08,-1.4921923E-01
8.683092E-08,-1.4916652E-01
8.688092E-08,-1.4911381E-01
8.693092E-08,-1.4911381E-01
8.698092E-08,-1.4906110E-01
8.703092E-08,-1.4906110E-01
8.708092E-08,-1.4900839E-01
8.713092E-08,-1.4900839E-01
8.718092E-08,-1.4895568E-01
8.723092E-08,-1.4895568E-01
8.728092E-08,-1.4895568E-01
8.733092E-08,-1.4895568E-01
8.738092E-08,-1.4895568E-01
8.743092E-08,-1.4895568E-01
8.748092E-08,-1.4900839E-01
8.753092E-08,-1.4900839E-01
8.758092E-08,-1.4900839E-01
8.763092E-08,-1.4906110E-01
8.768092E-08,-1.4906110E-01
8.773092E-08,-1.4911381E-01
8.778092E-08,-1.4916652E-01
8.783092E-08,-1.4921923E-01
8.788092E-08,-1.4921923E-01
8.793092E-08,-1.4927194E-01
8.798092E-08,-1.4932464E-01
8.803092E-08,-1.4937735E-01
8.808092E-08,-1.4943006E-01
8.813092E-08,-1.4943006E-01
8.818092E-08,-1.4948277E-01
8.823092E-08,-1.4953548E-01
8.828092E-08,-1.4953548E-01
8.833092E-08,-1.4958819E-01
8.838092E-08,-1.4958819E-01
8.843092E-08,-1.4964090E-01
8.848092E-08,-1.4964090E-01
8.853092E-08,-1.4964090E-01
8.858092E-08,-1.4964090E-01
8.863092E-08,-1.4964090E-01
8.868092E-08,-1.4964090E-01
8.873092E-08,-1.4964090E-01
8.878092E-08,-1.4964090E-01
8.883092E-08,-1.4958819E-01
8.888092E-08,-1.4958819E-01
8.893092E-08,-1.4953548E-01
8.898092E-08,-1.4953548E-01
8.903092E-08,-1.4948277E-01
8.908092E-08,-1.4943006E-01
8.913092E-08,-1.4943006E-01
8.918092E-08,-1.4937735E-01
8.923092E-08,-1.4932464E-01
8.928092E-08,-1.4932464E-01
8.933092E-08,-1.4927194E-01
8.938092E-08,-1.4927194E-01
8.943092E-08,-1.4921923E-01
8.948092E-08,-1.4921923E-01
8.953092E-08,-1.4921923E-01
8.958092E-08,-1.4921923E-01
8.963092E-08,-1.4921923E-01
8.968092E-08,-1.4921923E-01
8.973092E-08,-1.4927194E-01
8.978092E-08,-1.4927194E-01
8.983092E-08,-1.4932464E-01
8.988092E-08,-1.4937735E-01
8.993092E-08,-1.4943006E-01
8.998092E-08,-1.4948277E-01
9.003092E-08,-1.4953548E-01
9.008092E-08,-1.4964090E-01
9.013092E-08,-1.4969361E-01
9.018092E-08,-1.4979903E-01
9.023092E-08,-1.4985173E-01
9.028092E-08,-1.4995715E-01
9.033092E-08,-1.5000986E-01
9.038092E-08,-1.5011528E-01
9.043092E-08,-1.5016799E-01
9.048092E-08,-1.5022070E-01
9.053092E-08,-1.5032612E-01
9.058092E-08,-1.5037883E-01
9.063092E-08,-1.5043153E-01
9.068092E-08,-1.5048424E-01
9.073092E-08,-1.5053695E-01
9.078092E-08,-1.5053695E-01
9.083092E-08,-1.5053695E-01
9.088092E-08,-1.5058966E-01
9.093092E-08,-1.5058966E-01
9.098092E-08,-1.5053695E-01
9.103092E-08,-1.5053695E-01
9.108092E-08,-1.5048424E-01
9.113092E-08,-1.5048424E-01
9.118092E-08,-1.5043153E-01
9.123092E-08,-1.5037883E-01
9.128092E-08,-1.5032612E-01
9.133092E-08,-1.5022070E-01
9.138092E-08,-1.5016799E-01
9.143092E-08,-1.5011528E-01
9.148092E-08,-1.5000986E-01
9.153092E-08,-1.4995715E-01
9.158092E-08,-1.4985173E-01
9.163092E-08,-1.4979903E-01
9.168092E-08,-1.4974632E-01
9.173092E-08,-1.4964090E-01
9.178092E-08,-1.4958819E-01
9.183092E-08,-1.4953548E-01
9.188092E-08,-1.4948277E-01
9.193092E-08,-1.4948277E-01
9.198092E-08,-1.4943006E-01
9.203092E-08,-1.4943006E-01
9.208092E-08,-1.4937735E-01
9.213092E-08,-1.4937735E-01
9.218092E-08,-1.4937735E-01
9.223092E-08,-1.4937735E-01
9.228092E-08,-1.4937735E-01
9.233092E-08,-1.4943006E-01
9.238092E-08,-1.4948277E-01
9.243092E-08,-1.4948277E-01
9.248092E-08,-1.4953548E-01
9.253092E-08,-1.4958819E-01
9.258092E-08,-1.4964090E-01
9.263092E-08,-1.4969361E-01
9.268092E-08,-1.4974632E-01
9.273092E-08,-1.4979903E-01
9.278092E-08,-1.4985173E-01
9.283092E-08,-1.4990444E-01
9.288092E-08,-1.4995715E-01
9.293092E-08,-1.4995715E-01
9.298092E-08,-1.5000986E-01
9.303092E-08,-1.5006257E-01
9.308092E-08,-1.5006257E-01
9.313092E-08,-1.5011528E-01
9.318092E-08,-1.5011528E-01
9.323092E-08,-1.5016799E-01
9.328092E-08,-1.5016799E-01
9.333092E-08,-1.5016799E-01
9.338092E-08,-1.5016799E-01
9.343092E-08,-1.5016799E-01
9.348092E-08,-1.5016799E-01
9.353092E-08,-1.5016799E-01
9.358092E-08,-1.5016799E-01
9.363092E-08,-1.5016799E-01
9.368092E-08,-1.5016799E-01
9.373092E-08,-1.5011528E-01
9.378092E-08,-1.5011528E-01
9.383092E-08,-1.5011528E-01
9.388092E-08,-1.5011528E-01
9.393092E-08,-1.5011528E-01
9.398092E-08,-1.5011528E-01
9.403092E-08,-1.5011528E-01
9.408092E-08,-1.5011528E-01
9.413092E-08,-1.5011528E-01
9.418092E-08,-1.5011528E-01
9.423092E-08,-1.5011528E-01
9.428092E-08,-1.5011528E-01
9.433092E-08,-1.5016799E-01
9.438092E-08,-1.5016799E-01
9.443092E-08,-1.5016799E-01
9.448092E-08,-1.5016799E-01
9.453092E-08,-1.5022070E-01
9.458092E-08,-1.5022070E-01
9.463092E-08,-1.5022070E-01
9.468092E-08,-1.5027341E-01
9.473092E-08,-1.5027341E-01
9.478092E-08,-1.5027341E-01
9.483092E-08,-1.5027341E-01
9.488092E-08,-1.5027341E-01
9.493092E-08,-1.5022070E-01
9.498092E-08,-1.5022070E-01
9.503092E-08,-1.5022070E-01
9.508092E-08,-1.5016799E-01
9.513092E-08,-1.5011528E-01
9.518092E-08,-1.5011528E-01
9.523092E-08,-1.5006257E-01
9.528092E-08,-1.5000986E-01
9.533092E-08,-1.4995715E-01
9.538092E-08,-1.4985173E-01
9.543092E-08,-1.4979903E-01
9.548092E-08,-1.4974632E-01
9.553092E-08,-1.4969361E-01
9.558092E-08,-1.4958819E-01
9.563092E-08,-1.4953548E-01
9.568092E-08,-1.4948277E-01
9.573092E-08,-1.4943006E-01
9.578092E-08,-1.4937735E-01
9.583092E-08,-1.4932464E-01
9.588092E-08,-1.4927194E-01
9.593092E-08,-1.4921923E-01
9.598092E-08,-1.4916652E-01
9.603092E-08,-1.4916652E-01
9.608092E-08,-1.4911381E-01
9.613092E-08,-1.4911381E-01
9.618092E-08,-1.4911381E-01
9.623092E-08,-1.4911381E-01
9.628092E-08,-1.4911381E-01
9.633092E-08,-1.4911381E-01
9.638092E-08,-1.4916652E-01
9.643092E-08,-1.4921923E-01
9.648092E-08,-1.4921923E-01
9.653092E-08,-1.4927194E-01
9.658092E-08,-1.4932464E-01
9.663092E-08,-1.4937735E-01
9.668092E-08,-1.4943006E-01
9.673092E-08,-1.4948277E-01
9.678092E-08,-1.4953548E-01
9.683092E-08,-1.4958819E-01
9.688092E-08,-1.4964090E-01
9.693092E-08,-1.4969361E-01
9.698092E-08,-1.4974632E-01
9.703092E-08,-1.4979903E-01
9.708092E-08,-1.4985173E-01
9.713092E-08,-1.4985173E-01
9.718092E-08,-1.4990444E-01
9.723092E-08,-1.4990444E-01
9.728092E-08,-1.4995715E-01
9.733092E-08,-1.4995715E-01
9.738092E-08,-1.4995715E-01
9.743092E-08,-1.4995715E-01
9.748092E-08,-1.4995715E-01
9.753092E-08,-1.4995715E-01
9.758092E-08,-1.4990444E-01
9.763092E-08,-1.4990444E-01
9.768092E-08,-1.4985173E-01
9.773092E-08,-1.4985173E-01
9.778092E-08,-1.4979903E-01
9.783092E-08,-1.4974632E-01
9.788092E-08,-1.4974632E-01
9.793092E-08,-1.4969361E-01
9.798092E-08,-1.4964090E-01
9.803092E-08,-1.4964090E-01
9.808092E-08,-1.4958819E-01
9.813092E-08,-1.4958819E-01
9.818092E-08,-1.4953548E-01
9.823092E-08,-1.4953548E-01
9.828092E-08,-1.4948277E-01
9.833092E-08,-1.4948277E-01
9.838092E-08,-1.4948277E-01
9.843092E-08,-1.4948277E-01
9.848092E-08,-1.4948277E-01
9.853092E-08,-1.4948277E-01
9.858092E-08,-1.4948277E-01
9.863092E-08,-1.4948277E-01
9.868092E-08,-1.4948277E-01
9.873092E-08,-1.4953548E-01
9.878092E-08,-1.4953548E-01
9.883092E-08,-1.4953548E-01
9.888092E-08,-1.4953548E-01
9.893092E-08,-1.4958819E-01
9.898092E-08,-1.4958819E-01
9.903092E-08,-1.4958819E-01
9.908092E-08,-1.4964090E-01
9.913092E-08,-1.4964090E-01
9.918092E-08,-1.4964090E-01
9.923092E-08,-1.4964090E-01
9.928092E-08,-1.4964090E-01
9.933092E-08,-1.4964090E-01
9.938092E-08,-1.4964090E-01
9.943092E-08,-1.4964090E-01
9.948092E-08,-1.4964090E-01
9.953092E-08,-1.4964090E-01
9.958092E-08,-1.4964090E-01
9.963092E-08,-1.4964090E-01
9.968092E-08,-1.4964090E-01
9.973092E-08,-1.4964090E-01
9.978092E-08,-1.4964090E-01
9.983092E-08,-1.4964090E-01
9.988092E-08,-1.4964090E-01
9.993092E-08,-1.4964090E-01
9.998092E-08,-1.4964090E-01
1.0003092E-07,-1.4964090E-01
1.0008092E-07,-1.4964090E-01
1.0013092E-07,-1.4964090E-01
1.0018092E-07,-1.4964090E-01
1.0023092E-07,-1.4964090E-01
1.0028092E-07,-1.4969361E-01
1.0033092E-07,-1.4969361E-01
1.0038092E-07,-1.4969361E-01
1.0043092E-07,-1.4974632E-01
1.0048092E-07,-1.4974632E-01
1.0053092E-07,-1.4974632E-01
1.0058092E-07,-1.4979903E-01
1.0063092E-07,-1.4979903E-01
1.0068092E-07,-1.4985173E-01
1.0073092E-07,-1.4985173E-01
1.0078092E-07,-1.4990444E-01
1.0083092E-07,-1.4990444E-01
1.0088092E-07,-1.4990444E-01
1.0093092E-07,-1.4990444E-01
1.0098092E-07,-1.4995715E-01
1.0103092E-07,-1.4995715E-01
1.0108092E-07,-1.4995715E-01
1.0113092E-07,-1.4995715E-01
1.0118092E-07,-1.4995715E-01
1.0123092E-07,-1.4990444E-01
1.0128092E-07,-1.4990444E-01
1.0133092E-07,-1.4990444E-01
1.0138092E-07,-1.4985173E-01
1.0143092E-07,-1.4985173E-01
1.0148092E-07,-1.4985173E-01
1.0153092E-07,-1.4979903E-01
1.0158092E-07,-1.4979903E-01
1.0163092E-07,-1.4974632E-01
1.0168092E-07,-1.4974632E-01
1.0173092E-07,-1.4969361E-01
1.0178092E-07,-1.4969361E-01
1.0183092E-07,-1.4964090E-01
1.0188092E-07,-1.4964090E-01
1.0193092E-07,-1.4964090E-01
1.0198092E-07,-1.4958819E-01
1.0203092E-07,-1.4958819E-01
1.0208092E-07,-1.4958819E-01
1.0213092E-07,-1.4958819E-01
1.0218092E-07,-1.4958819E-01
1.0223092E-07,-1.4964090E-01
1.0228092E-07,-1.4964090E-01
1.0233092E-07,-1.4964090E-01
1.0238092E-07,-1.4969361E-01
1.0243092E-07,-1.4969361E-01
1.0248092E-07,-1.4974632E-01
1.0253092E-07,-1.4979903E-01
1.0258092E-07,-1.4985173E-01
1.0263092E-07,-1.4985173E-01
1.0268092E-07,-1.4990444E-01
1.0273092E-07,-1.4995715E-01
1.0278092E-07,-1.5000986E-01
1.0283092E-07,-1.5006257E-01
1.0288092E-07,-1.5011528E-01
1.0293092E-07,-1.5016799E-01
1.0298092E-07,-1.5016799E-01
1.0303092E-07,-1.5022070E-01
1.0308092E-07,-1.5027341E-01
1.0313092E-07,-1.5027341E-01
1.0318092E-07,-1.5032612E-01
1.0323092E-07,-1.5032612E-01
1.0328092E-07,-1.5032612E-01
1.0333092E-07,-1.5032612E-01
1.0338092E-07,-1.5032612E-01
1.0343092E-07,-1.5032612E-01
1.0348092E-07,-1.5032612E-01
1.0353092E-07,-1.5032612E-01
1.0358092E-07,-1.5032612E-01
1.0363092E-07,-1.5027341E-01
1.0368092E-07,-1.5027341E-01
1.0373092E-07,-1.5022070E-01
1.0378092E-07,-1.5022070E-01
1.0383092E-07,-1.5016799E-01
1.0388092E-07,-1.5016799E-01
1.0393092E-07,-1.5011528E-01
1.0398092E-07,-1.5011528E-01
1.0403092E-07,-1.5006257E-01
1.0408092E-07,-1.5006257E-01
1.0413092E-07,-1.5000986E-01
1.0418092E-07,-1.5000986E-01
1.0423092E-07,-1.5000986E-01
1.0428092E-07,-1.5000986E-01
1.0433092E-07,-1.4995715E-01
1.0438092E-07,-1.4995715E-01
1.0443092E-07,-1.4995715E-01
1.0448092E-07,-1.4995715E-01
1.0453092E-07,-1.4995715E-01
1.0458092E-07,-1.5000986E-01
1.0463092E-07,-1.5000986E-01
1.0468092E-07,-1.5000986E-01
1.0473092E-07,-1.5000986E-01
1.0478092E-07,-1.5000986E-01
1.0483092E-07,-1.5000986E-01
1.0488092E-07,-1.5006257E-01
1.0493092E-07,-1.5006257E-01
1.0498092E-07,-1.5006257E-01
1.0503092E-07,-1.5006257E-01
1.0508092E-07,-1.5006257E-01
1.0513092E-07,-1.5006257E-01
1.0518092E-07,-1.5000986E-01
1.0523092E-07,-1.5000986E-01
1.0528092E-07,-1.5000986E-01
1.0533092E-07,-1.5000986E-01
1.0538092E-07,-1.4995715E-01
1.0543092E-07,-1.4995715E-01
1.0548092E-07,-1.4990444E-01
1.0553092E-07,-1.4985173E-01
1.0558092E-07,-1.4985173E-01
1.0563092E-07,-1.4979903E-01
1.0568092E-07,-1.4974632E-01
1.0573092E-07,-1.4974632E-01
1.0578092E-07,-1.4969361E-01
1.0583092E-07,-1.4969361E-01
1.0588092E-07,-1.4964090E-01
1.0593092E-07,-1.4958819E-01
1.0598092E-07,-1.4958819E-01
1.0603092E-07,-1.4958819E-01
1.0608092E-07,-1.4953548E-01
1.0613092E-07,-1.4953548E-01
1.0618092E-07,-1.4953548E-01
1.0623092E-07,-1.4953548E-01
1.0628092E-07,-1.4953548E-01
1.0633092E-07,-1.4953548E-01
1.0638092E-07,-1.4953548E-01
1.0643092E-07,-1.4958819E-01
1.0648092E-07,-1.4958819E-01
1.0653092E-07,-1.4964090E-01
1.0658092E-07,-1.4964090E-01
1.0663092E-07,-1.4969361E-01
1.0668092E-07,-1.4974632E-01
1.0673092E-07,-1.4974632E-01
1.0678092E-07,-1.4979903E-01
1.0683092E-07,-1.4985173E-01
1.0688092E-07,-1.4990444E-01
1.0693092E-07,-1.4995715E-01
1.0698092E-07,-1.4995715E-01
1.0703092E-07,-1.5000986E-01
1.0708092E-07,-1.5000986E-01
1.0713092E-07,-1.5006257E-01
1.0718092E-07,-1.5006257E-01
1.0723092E-07,-1.5011528E-01
1.0728092E-07,-1.5011528E-01
1.0733092E-07,-1.5011528E-01
1.0738092E-07,-1.5011528E-01
1.0743092E-07,-1.5011528E-01
1.0748092E-07,-1.5011528E-01
1.0753092E-07,-1.5011528E-01
1.0758092E-07,-1.5011528E-01
1.0763092E-07,-1.5006257E-01
1.0768092E-07,-1.5006257E-01
1.0773092E-07,-1.5000986E-01
1.0778092E-07,-1.5000986E-01
1.0783092E-07,-1.4995715E-01
1.0788092E-07,-1.4990444E-01
1.0793092E-07,-1.4990444E-01
1.0798092E-07,-1.4985173E-01
1.0803092E-07,-1.4985173E-01
1.0808092E-07,-1.4979903E-01
1.0813092E-07,-1.4979903E-01
1.0818092E-07,-1.4979903E-01
1.0823092E-07,-1.4974632E-01
1.0828092E-07,-1.4974632E-01
1.0833092E-07,-1.4974632E-01
1.0838092E-07,-1.4974632E-01
1.0843092E-07,-1.4974632E-01
1.0848092E-07,-1.4979903E-01
1.0853092E-07,-1.4979903E-01
1.0858092E-07,-1.4979903E-01
1.0863092E-07,-1.4985173E-01
1.0868092E-07,-1.4985173E-01
1.0873092E-07,-1.4990444E-01
1.0878092E-07,-1.4990444E-01
1.0883092E-07,-1.4995715E-01
1.0888092E-07,-1.5000986E-01
1.0893092E-07,-1.5006257E-01
1.0898092E-07,-1.5006257E-01
1.0903092E-07,-1.5011528E-01
1.0908092E-07,-1.5016799E-01
1.0913092E-07,-1.5016799E-01
1.0918092E-07,-1.5022070E-01
1.0923092E-07,-1.5022070E-01
1.0928092E-07,-1.5027341E-01
1.0933092E-07,-1.5027341E-01
1.0938092E-07,-1.5027341E-01
1.0943092E-07,-1.5027341E-01
1.0948092E-07,-1.5027341E-01
1.0953092E-07,-1.5027341E-01
1.0958092E-07,-1.5027341E-01
1.0963092E-07,-1.5027341E-01
1.0968092E-07,-1.5022070E-01
1.0973092E-07,-1.5022070E-01
1.0978092E-07,-1.5016799E-01
1.0983092E-07,-1.5016799E-01
1.0988092E-07,-1.5011528E-01
1.0993092E-07,-1.5006257E-01
1.0998092E-07,-1.5006257E-01
1.1003092E-07,-1.5000986E-01
1.1008092E-07,-1.5000986E-01
1.1013092E-07,-1.4995715E-01
1.1018092E-07,-1.4990444E-01
1.1023092E-07,-1.4990444E-01
1.1028092E-07,-1.4985173E-01
1.1033092E-07,-1.4985173E-01
1.1038092E-07,-1.4979903E-01
1.1043092E-07,-1.4979903E-01
1.1048092E-07,-1.4979903E-01
1.1053092E-07,-1.4979903E-01
1.1058092E-07,-1.4979903E-01
1.1063092E-07,-1.4979903E-01
1.1068092E-07,-1.4979903E-01
1.1073092E-07,-1.4979903E-01
1.1078092E-07,-1.4979903E-01
1.1083092E-07,-1.4979903E-01
1.1088092E-07,-1.4979903E-01
1.1093092E-07,-1.4985173E-01
1.1098092E-07,-1.4985173E-01
1.1103092E-07,-1.4985173E-01
1.1108092E-07,-1.4990444E-01
1.1113092E-07,-1.4990444E-01
1.1118092E-07,-1.4995715E-01
1.1123092E-07,-1.4995715E-01
1.1128092E-07,-1.5000986E-01
1.1133092E-07,-1.5000986E-01
1.1138092E-07,-1.5000986E-01
1.1143092E-07,-1.5006257E-01
1.1148092E-07,-1.5006257E-01
1.1153092E-07,-1.5006257E-01
1.1158092E-07,-1.5011528E-01
1.1163092E-07,-1.5011528E-01
1.1168092E-07,-1.5011528E-01
1.1173092E-07,-1.5011528E-01
1.1178092E-07,-1.5011528E-01
1.1183092E-07,-1.5011528E-01
1.1188092E-07,-1.5011528E-01
1.1193092E-07,-1.5011528E-01
1.1198092E-07,-1.5011528E-01
1.1203092E-07,-1.5011528E-01
1.1208092E-07,-1.5011528E-01
1.1213092E-07,-1.5011528E-01
1.1218092E-07,-1.5006257E-01
1.1223092E-07,-1.5006257E-01
1.1228092E-07,-1.5006257E-01
1.1233092E-07,-1.5006257E-01
1.1238092E-07,-1.5000986E-01
1.1243092E-07,-1.5000986E-01
1.1248092E-07,-1.5000986E-01
1.1253092E-07,-1.5000986E-01
1.1258092E-07,-1.5000986E-01
1.1263092E-07,-1.4995715E-01
1.1268092E-07,-1.4995715E-01
1.1273092E-07,-1.4995715E-01
1.1278092E-07,-1.4995715E-01
1.1283092E-07,-1.4995715E-01
1.1288092E-07,-1.4995715E-01
1.1293092E-07,-1.4990444E-01
1.1298092E-07,-1.4990444E-01
1.1303092E-07,-1.4990444E-01
1.1308092E-07,-1.4990444E-01
1.1313092E-07,-1.4990444E-01
1.1318092E-07,-1.4990444E-01
1.1323092E-07,-1.4985173E-01
1.1328092E-07,-1.4985173E-01
1.1333092E-07,-1.4985173E-01
1.1338092E-07,-1.4985173E-01
1.1343092E-07,-1.4979903E-01
1.1348092E-07,-1.4979903E-01
1.1353092E-07,-1.4979903E-01
1.1358092E-07,-1.4979903E-01
1.1363092E-07,-1.4974632E-01
1.1368092E-07,-1.4974632E-01
1.1373092E-07,-1.4974632E-01
1.1378092E-07,-1.4969361E-01
1.1383092E-07,-1.4969361E-01
1.1388092E-07,-1.4969361E-01
1.1393092E-07,-1.4969361E-01
1.1398092E-07,-1.4964090E-01
1.1403092E-07,-1.4964090E-01
1.1408092E-07,-1.4964090E-01
1.1413092E-07,-1.4964090E-01
1.1418092E-07,-1.4964090E-01
1.1423092E-07,-1.4964090E-01
1.1428092E-07,-1.4964090E-01
1.1433092E-07,-1.4964090E-01
1.1438092E-07,-1.4964090E-01
1.1443092E-07,-1.4964090E-01
1.1448092E-07,-1.4964090E-01
1.1453092E-07,-1.4964090E-01
1.1458092E-07,-1.4969361E-01
1.1463092E-07,-1.4969361E-01
1.1468092E-07,-1.4969361E-01
1.1473092E-07,-1.4969361E-01
1.1478092E-07,-1.4974632E-01
1.1483092E-07,-1.4974632E-01
1.1488092E-07,-1.4974632E-01
1.1493092E-07,-1.4979903E-01
1.1498092E-07,-1.4979903E-01
1.1503092E-07,-1.4979903E-01
1.1508092E-07,-1.4979903E-01
1.1513092E-07,-1.4985173E-01
1.1518092E-07,-1.4985173E-01
1.1523092E-07,-1.4985173E-01
1.1528092E-07,-1.4985173E-01
1.1533092E-07,-1.4985173E-01
1.1538092E-07,-1.4985173E-01
1.1543092E-07,-1.4985173E-01
1.1548092E-07,-1.4985173E-01
1.1553092E-07,-1.4985173E-01
1.1558092E-07,-1.4985173E-01
1.1563092E-07,-1.4985173E-01
1.1568092E-07,-1.4985173E-01
1.1573092E-07,-1.4985173E-01
1.1578092E-07,-1.4985173E-01
1.1583092E-07,-1.4985173E-01
1.1588092E-07,-1.4985173E-01
1.1593092E-07,-1.4985173E-01
1.1598092E-07,-1.4985173E-01
1.1603092E-07,-1.4985173E-01
1.1608092E-07,-1.4985173E-01
1.1613092E-07,-1.4985173E-01
1.1618092E-07,-1.4985173E-01
1.1623092E-07,-1.4985173E-01
1.1628092E-07,-1.4985173E-01
1.1633092E-07,-1.4985173E-01
1.1638092E-07,-1.4985173E-01
1.1643092E-07,-1.4985173E-01
1.1648092E-07,-1.4990444E-01
1.1653092E-07,-1.4990444E-01
1.1658092E-07,-1.4990444E-01
1.1663092E-07,-1.4990444E-01
1.1668092E-07,-1.4995715E-01
1.1673092E-07,-1.4995715E-01
1.1678092E-07,-1.4995715E-01
1.1683092E-07,-1.5000986E-01
1.1688092E-07,-1.5000986E-01
1.1693092E-07,-1.5000986E-01
1.1698092E-07,-1.5000986E-01
1.1703092E-07,-1.5006257E-01
1.1708092E-07,-1.5006257E-01
1.1713092E-07,-1.5006257E-01
1.1718092E-07,-1.5006257E-01
1.1723092E-07,-1.5006257E-01
1.1728092E-07,-1.5006257E-01
1.1733092E-07,-1.5006257E-01
1.1738092E-07,-1.5006257E-01
1.1743092E-07,-1.5006257E-01
1.1748092E-07,-1.5006257E-01
1.1753092E-07,-1.5006257E-01
1.1758092E-07,-1.5000986E-01
1.1763092E-07,-1.5000986E-01
1.1768092E-07,-1.5000986E-01
1.1773092E-07,-1.4995715E-01
1.1778092E-07,-1.4995715E-01
1.1783092E-07,-1.4990444E-01
1.1788092E-07,-1.4985173E-01
1.1793092E-07,-1.4985173E-01
1.1798092E-07,-1.4979903E-01
1.1803092E-07,-1.4979903E-01
1.1808092E-07,-1.4974632E-01
1.1813092E-07,-1.4969361E-01
1.1818092E-07,-1.4969361E-01
1.1823092E-07,-1.4964090E-01
1.1828092E-07,-1.4958819E-01
1.1833092E-07,-1.4958819E-01
1.1838092E-07,-1.4953548E-01
1.1843092E-07,-1.4953548E-01
1.1848092E-07,-1.4948277E-01
1.1853092E-07,-1.4948277E-01
1.1858092E-07,-1.4948277E-01
1.1863092E-07,-1.4943006E-01
1.1868092E-07,-1.4943006E-01
1.1873092E-07,-1.4943006E-01
1.1878092E-07,-1.4943006E-01
1.1883092E-07,-1.4943006E-01
1.1888092E-07,-1.4943006E-01
1.1893092E-07,-1.4943006E-01
1.1898092E-07,-1.4943006E-01
1.1903092E-07,-1.4943006E-01
1.1908092E-07,-1.4943006E-01
1.1913092E-07,-1.4948277E-01
1.1918092E-07,-1.4948277E-01
1.1923092E-07,-1.4948277E-01
1.1928092E-07,-1.4953548E-01
1.1933092E-07,-1.4953548E-01
1.1938092E-07,-1.4953548E-01
1.1943092E-07,-1.4958819E-01
1.1948092E-07,-1.4958819E-01
1.1953092E-07,-1.4964090E-01
1.1958092E-07,-1.4964090E-01
1.1963092E-07,-1.4969361E-01
1.1968092E-07,-1.4969361E-01
1.1973092E-07,-1.4969361E-01
1.1978092E-07,-1.4974632E-01
1.1983092E-07,-1.4974632E-01
1.1988092E-07,-1.4979903E-01
1.1993092E-07,-1.4979903E-01
1.1998092E-07,-1.4985173E-01
1.2003092E-07,-1.4985173E-01
1.2008092E-07,-1.4985173E-01
1.2013092E-07,-1.4990444E-01
1.2018092E-07,-1.4990444E-01
1.2023092E-07,-1.4990444E-01
1.2028092E-07,-1.4990444E-01
1.2033092E-07,-1.4990444E-01
1.2038092E-07,-1.4990444E-01
1.2043092E-07,-1.4990444E-01
1.2048092E-07,-1.4990444E-01
1.2053092E-07,-1.4990444E-01
1.2058092E-07,-1.4990444E-01
1.2063092E-07,-1.4990444E-01
1.2068092E-07,-1.4985173E-01
1.2073092E-07,-1.4985173E-01
1.2078092E-07,-1.4985173E-01
1.2083092E-07,-1.4979903E-01
1.2088092E-07,-1.4974632E-01
1.2093092E-07,-1.4974632E-01
1.2098092E-07,-1.4969361E-01
1.2103092E-07,-1.4964090E-01
1.2108092E-07,-1.4958819E-01
1.2113092E-07,-1.4953548E-01
1.2118092E-07,-1.4948277E-01
1.2123092E-07,-1.4948277E-01
1.2128092E-07,-1.4943006E-01
1.2133092E-07,-1.4937735E-01
1.2138092E-07,-1.4932464E-01
1.2143092E-07,-1.4927194E-01
1.2148092E-07,-1.4921923E-01
1.2153092E-07,-1.4916652E-01
1.2158092E-07,-1.4911381E-01
1.2163092E-07,-1.4906110E-01
1.2168092E-07,-1.4900839E-01
1.2173092E-07,-1.4900839E-01
1.2178092E-07,-1.4895568E-01
1.2183092E-07,-1.4895568E-01
1.2188092E-07,-1.4890297E-01
1.2193092E-07,-1.4890297E-01
1.2198092E-07,-1.4890297E-01
1.2203092E-07,-1.4890297E-01
1.2208092E-07,-1.4890297E-01
1.2213092E-07,-1.4890297E-01
1.2218092E-07,-1.4890297E-01
1.2223092E-07,-1.4890297E-01
1.2228092E-07,-1.4895568E-01
1.2233092E-07,-1.4895568E-01
1.2238092E-07,-1.4900839E-01
1.2243092E-07,-1.4906110E-01
1.2248092E-07,-1.4906110E-01
1.2253092E-07,-1.4911381E-01
1.2258092E-07,-1.4916652E-01
1.2263092E-07,-1.4921923E-01
1.2268092E-07,-1.4921923E-01
1.2273092E-07,-1.4927194E-01
1.2278092E-07,-1.4932464E-01
1.2283092E-07,-1.4932464E-01
1.2288092E-07,-1.4937735E-01
1.2293092E-07,-1.4943006E-01
1.2298092E-07,-1.4943006E-01
1.2303092E-07,-1.4943006E-01
1.2308092E-07,-1.4948277E-01
1.2313092E-07,-1.4948277E-01
1.2318092E-07,-1.4948277E-01
1.2323092E-07,-1.4948277E-01
1.2328092E-07,-1.4943006E-01
1.2333092E-07,-1.4943006E-01
1.2338092E-07,-1.4943006E-01
1.2343092E-07,-1.4937735E-01
1.2348092E-07,-1.4937735E-01
1.2353092E-07,-1.4932464E-01
1.2358092E-07,-1.4927194E-01
1.2363092E-07,-1.4921923E-01
1.2368092E-07,-1.4916652E-01
1.2373092E-07,-1.4911381E-01
1.2378092E-07,-1.4911381E-01
1.2383092E-07,-1.4906110E-01
1.2388092E-07,-1.4900839E-01
1.2393092E-07,-1.4895568E-01
1.2398092E-07,-1.4890297E-01
1.2403092E-07,-1.4885026E-01
1.2408092E-07,-1.4879755E-01
1.2413092E-07,-1.4874485E-01
1.2418092E-07,-1.4869214E-01
1.2423092E-07,-1.4869214E-01
1.2428092E-07,-1.4863943E-01
1.2433092E-07,-1.4863943E-01
1.2438092E-07,-1.4858672E-01
1.2443092E-07,-1.4858672E-01
1.2448092E-07,-1.4858672E-01
1.2453092E-07,-1.4858672E-01
1.2458092E-07,-1.4858672E-01
1.2463092E-07,-1.4858672E-01
1.2468092E-07,-1.4858672E-01
1.2473092E-07,-1.4858672E-01
1.2478092E-07,-1.4858672E-01
1.2483092E-07,-1.4858672E-01
1.2488092E-07,-1.4858672E-01
1.2493092E-07,-1.4863943E-01
1.2498092E-07,-1.4863943E-01
1.2503092E-07,-1.4863943E-01
1.2508092E-07,-1.4863943E-01
1.2513092E-07,-1.4863943E-01
1.2518092E-07,-1.4863943E-01
1.2523092E-07,-1.4869214E-01
1.2528092E-07,-1.4869214E-01
1.2533092E-07,-1.4869214E-01
1.2538092E-07,-1.4869214E-01
1.2543092E-07,-1.4869214E-01
1.2548092E-07,-1.4869214E-01
1.2553092E-07,-1.4863943E-01
1.2558092E-07,-1.4863943E-01
1.2563092E-07,-1.4863943E-01
1.2568092E-07,-1.4863943E-01
1.2573092E-07,-1.4863943E-01
1.2578092E-07,-1.4863943E-01
1.2583092E-07,-1.4858672E-01
1.2588092E-07,-1.4858672E-01
1.2593092E-07,-1.4858672E-01
1.2598092E-07,-1.4858672E-01
1.2603092E-07,-1.4858672E-01
1.2608092E-07,-1.4858672E-01
1.2613092E-07,-1.4858672E-01
1.2618092E-07,-1.4858672E-01
1.2623092E-07,-1.4858672E-01
1.2628092E-07,-1.4863943E-01
1.2633092E-07,-1.4863943E-01
1.2638092E-07,-1.4863943E-01
1.2643092E-07,-1.4869214E-01
1.2648092E-07,-1.4869214E-01
1.2653092E-07,-1.4874485E-01
1.2658092E-07,-1.4879755E-01
1.2663092E-07,-1.4879755E-01
1.2668092E-07,-1.4885026E-01
1.2673092E-07,-1.4890297E-01
1.2678092E-07,-1.4895568E-01
1.2683092E-07,-1.4900839E-01
1.2688092E-07,-1.4906110E-01
1.2693092E-07,-1.4911381E-01
1.2698092E-07,-1.4916652E-01
1.2703092E-07,-1.4921923E-01
1.2708092E-07,-1.4927194E-01
1.2713092E-07,-1.4932464E-01
1.2718092E-07,-1.4932464E-01
1.2723092E-07,-1.4937735E-01
1.2728092E-07,-1.4943006E-01
1.2733092E-07,-1.4943006E-01
1.2738092E-07,-1.4948277E-01
1.2743092E-07,-1.4948277E-01
1.2748092E-07,-1.4953548E-01
1.2753092E-07,-1.4953548E-01
1.2758092E-07,-1.4953548E-01
1.2763092E-07,-1.4953548E-01
1.2768092E-07,-1.4953548E-01
1.2773092E-07,-1.4953548E-01
1.2778092E-07,-1.4953548E-01
1.2783092E-07,-1.4953548E-01
1.2788092E-07,-1.4953548E-01
1.2793092E-07,-1.4953548E-01
1.2798092E-07,-1.4948277E-01
1.2803092E-07,-1.4948277E-01
1.2808092E-07,-1.4948277E-01
1.2813092E-07,-1.4948277E-01
1.2818092E-07,-1.4948277E-01
1.2823092E-07,-1.4943006E-01
1.2828092E-07,-1.4943006E-01
1.2833092E-07,-1.4943006E-01
1.2838092E-07,-1.4943006E-01
1.2843092E-07,-1.4943006E-01
1.2848092E-07,-1.4943006E-01
1.2853092E-07,-1.4943006E-01
1.2858092E-07,-1.4943006E-01
1.2863092E-07,-1.4943006E-01
1.2868092E-07,-1.4948277E-01
