-7.139116E-08,-1.4885026E-01
-7.134116E-08,-1.4879755E-01
-7.129116E-08,-1.4874485E-01
-7.124116E-08,-1.4869214E-01
-7.119116E-08,-1.4863943E-01
-7.114116E-08,-1.4863943E-01
-7.109116E-08,-1.4858672E-01
-7.104116E-08,-1.4853401E-01
-7.099116E-08,-1.4853401E-01
-7.094116E-08,-1.4848130E-01
-7.089116E-08,-1.4842859E-01
-7.084116E-08,-1.4842859E-01
-7.079116E-08,-1.4842859E-01
-7.074116E-08,-1.4842859E-01
-7.069116E-08,-1.4842859E-01
-7.064116E-08,-1.4842859E-01
-7.059116E-08,-1.4842859E-01
-7.054116E-08,-1.4842859E-01
-7.049116E-08,-1.4848130E-01
-7.044116E-08,-1.4848130E-01
-7.039116E-08,-1.4853401E-01
-7.034116E-08,-1.4858672E-01
-7.029116E-08,-1.4863943E-01
-7.024116E-08,-1.4869214E-01
-7.019116E-08,-1.4874485E-01
-7.014116E-08,-1.4879755E-01
-7.009116E-08,-1.4885026E-01
-7.004116E-08,-1.4895568E-01
-6.999116E-08,-1.4900839E-01
-6.994116E-08,-1.4906110E-01
-6.989116E-08,-1.4911381E-01
-6.984116E-08,-1.4916652E-01
-6.979116E-08,-1.4921923E-01
-6.974116E-08,-1.4927194E-01
-6.969116E-08,-1.4932464E-01
-6.964116E-08,-1.4937735E-01
-6.959116E-08,-1.4943006E-01
-6.954116E-08,-1.4943006E-01
-6.949116E-08,-1.4948277E-01
-6.944116E-08,-1.4948277E-01
-6.939116E-08,-1.4953548E-01
-6.934116E-08,-1.4953548E-01
-6.929116E-08,-1.4953548E-01
-6.924116E-08,-1.4953548E-01
-6.919116E-08,-1.4953548E-01
-6.914116E-08,-1.4948277E-01
-6.909116E-08,-1.4948277E-01
-6.904116E-08,-1.4948277E-01
-6.899116E-08,-1.4943006E-01
-6.894116E-08,-1.4943006E-01
-6.889116E-08,-1.4937735E-01
-6.884116E-08,-1.4937735E-01
-6.879116E-08,-1.4937735E-01
-6.874116E-08,-1.4932464E-01
-6.869116E-08,-1.4932464E-01
-6.864116E-08,-1.4932464E-01
-6.859116E-08,-1.4927194E-01
-6.854116E-08,-1.4927194E-01
-6.849116E-08,-1.4927194E-01
-6.844116E-08,-1.4927194E-01
-6.839116E-08,-1.4927194E-01
-6.834116E-08,-1.4927194E-01
-6.829116E-08,-1.4927194E-01
-6.824116E-08,-1.4927194E-01
-6.819116E-08,-1.4932464E-01
-6.814116E-08,-1.4932464E-01
-6.809116E-08,-1.4932464E-01
-6.804116E-08,-1.4937735E-01
-6.799116E-08,-1.4937735E-01
-6.794116E-08,-1.4943006E-01
-6.789116E-08,-1.4943006E-01
-6.784116E-08,-1.4943006E-01
-6.779116E-08,-1.4948277E-01
-6.774116E-08,-1.4948277E-01
-6.769116E-08,-1.4948277E-01
-6.764116E-08,-1.4948277E-01
-6.759116E-08,-1.4948277E-01
-6.754116E-08,-1.4948277E-01
-6.749116E-08,-1.4948277E-01
-6.744116E-08,-1.4948277E-01
-6.739116E-08,-1.4948277E-01
-6.734116E-08,-1.4943006E-01
-6.729116E-08,-1.4943006E-01
-6.724116E-08,-1.4937735E-01
-6.719116E-08,-1.4932464E-01
-6.714116E-08,-1.4927194E-01
-6.709116E-08,-1.4921923E-01
-6.704116E-08,-1.4916652E-01
-6.699116E-08,-1.4911381E-01
-6.694116E-08,-1.4906110E-01
-6.689116E-08,-1.4900839E-01
-6.684116E-08,-1.4895568E-01
-6.679116E-08,-1.4890297E-01
-6.674116E-08,-1.4885026E-01
-6.669116E-08,-1.4879755E-01
-6.664116E-08,-1.4874485E-01
-6.659116E-08,-1.4869214E-01
-6.654116E-08,-1.4863943E-01
-6.649116E-08,-1.4858672E-01
-6.644116E-08,-1.4853401E-01
-6.639116E-08,-1.4853401E-01
-6.634116E-08,-1.4848130E-01
-6.629116E-08,-1.4848130E-01
-6.624116E-08,-1.4848130E-01
-6.619116E-08,-1.4848130E-01
-6.614116E-08,-1.4848130E-01
-6.609116E-08,-1.4848130E-01
-6.604116E-08,-1.4848130E-01
-6.599116E-08,-1.4848130E-01
-6.594116E-08,-1.4853401E-01
-6.589116E-08,-1.4853401E-01
-6.584116E-08,-1.4858672E-01
-6.579116E-08,-1.4858672E-01
-6.574116E-08,-1.4863943E-01
-6.569116E-08,-1.4869214E-01
-6.564116E-08,-1.4874485E-01
-6.559116E-08,-1.4874485E-01
-6.554116E-08,-1.4879755E-01
-6.549116E-08,-1.4885026E-01
-6.544116E-08,-1.4890297E-01
-6.539116E-08,-1.4890297E-01
-6.534116E-08,-1.4895568E-01
-6.529116E-08,-1.4895568E-01
-6.524116E-08,-1.4900839E-01
-6.519116E-08,-1.4900839E-01
-6.514116E-08,-1.4906110E-01
-6.509116E-08,-1.4906110E-01
-6.504116E-08,-1.4906110E-01
-6.499116E-08,-1.4906110E-01
-6.494116E-08,-1.4906110E-01
-6.489116E-08,-1.4911381E-01
-6.484116E-08,-1.4911381E-01
-6.479116E-08,-1.4911381E-01
-6.474116E-08,-1.4911381E-01
-6.469116E-08,-1.4911381E-01
-6.464116E-08,-1.4906110E-01
-6.459116E-08,-1.4906110E-01
-6.454116E-08,-1.4906110E-01
-6.449116E-08,-1.4906110E-01
-6.444116E-08,-1.4906110E-01
-6.439116E-08,-1.4906110E-01
-6.434116E-08,-1.4906110E-01
-6.429116E-08,-1.4906110E-01
-6.424116E-08,-1.4906110E-01
-6.419116E-08,-1.4906110E-01
-6.414116E-08,-1.4906110E-01
-6.409116E-08,-1.4906110E-01
-6.404116E-08,-1.4906110E-01
-6.399116E-08,-1.4911381E-01
-6.394116E-08,-1.4911381E-01
-6.389116E-08,-1.4911381E-01
-6.384116E-08,-1.4911381E-01
-6.379116E-08,-1.4911381E-01
-6.374116E-08,-1.4911381E-01
-6.369116E-08,-1.4906110E-01
-6.364116E-08,-1.4906110E-01
-6.359116E-08,-1.4906110E-01
-6.354116E-08,-1.4906110E-01
-6.349116E-08,-1.4900839E-01
-6.344116E-08,-1.4900839E-01
-6.339116E-08,-1.4895568E-01
-6.334116E-08,-1.4895568E-01
-6.329116E-08,-1.4890297E-01
-6.324116E-08,-1.4885026E-01
-6.319116E-08,-1.4879755E-01
-6.314116E-08,-1.4879755E-01
-6.309116E-08,-1.4874485E-01
-6.304116E-08,-1.4869214E-01
-6.299116E-08,-1.4863943E-01
-6.294116E-08,-1.4858672E-01
-6.289116E-08,-1.4853401E-01
-6.284116E-08,-1.4848130E-01
-6.279116E-08,-1.4842859E-01
-6.274116E-08,-1.4837588E-01
-6.269116E-08,-1.4832317E-01
-6.264116E-08,-1.4827046E-01
-6.259116E-08,-1.4827046E-01
-6.254116E-08,-1.4821776E-01
-6.249116E-08,-1.4821776E-01
-6.244116E-08,-1.4821776E-01
-6.239116E-08,-1.4821776E-01
-6.234116E-08,-1.4821776E-01
-6.229116E-08,-1.4821776E-01
-6.224116E-08,-1.4821776E-01
-6.219116E-08,-1.4827046E-01
-6.214116E-08,-1.4827046E-01
-6.209116E-08,-1.4832317E-01
-6.204116E-08,-1.4837588E-01
-6.199116E-08,-1.4842859E-01
-6.194116E-08,-1.4848130E-01
-6.189116E-08,-1.4858672E-01
-6.184116E-08,-1.4863943E-01
-6.179116E-08,-1.4869214E-01
-6.174116E-08,-1.4879755E-01
-6.169116E-08,-1.4885026E-01
-6.164116E-08,-1.4895568E-01
-6.159116E-08,-1.4900839E-01
-6.154116E-08,-1.4906110E-01
-6.149116E-08,-1.4916652E-01
-6.144116E-08,-1.4921923E-01
-6.139116E-08,-1.4927194E-01
-6.134116E-08,-1.4932464E-01
-6.129116E-08,-1.4937735E-01
-6.124116E-08,-1.4943006E-01
-6.119116E-08,-1.4943006E-01
-6.114116E-08,-1.4948277E-01
-6.109116E-08,-1.4948277E-01
-6.104116E-08,-1.4948277E-01
-6.099116E-08,-1.4948277E-01
-6.094116E-08,-1.4948277E-01
-6.089116E-08,-1.4948277E-01
-6.084116E-08,-1.4943006E-01
-6.079116E-08,-1.4943006E-01
-6.074116E-08,-1.4943006E-01
-6.069116E-08,-1.4937735E-01
-6.064116E-08,-1.4932464E-01
-6.059116E-08,-1.4932464E-01
-6.054116E-08,-1.4927194E-01
-6.049116E-08,-1.4921923E-01
-6.044116E-08,-1.4921923E-01
-6.039116E-08,-1.4916652E-01
-6.034116E-08,-1.4916652E-01
-6.029116E-08,-1.4911381E-01
-6.024116E-08,-1.4911381E-01
-6.019116E-08,-1.4911381E-01
-6.014116E-08,-1.4906110E-01
-6.009116E-08,-1.4906110E-01
-6.004116E-08,-1.4906110E-01
-5.999116E-08,-1.4911381E-01
-5.994116E-08,-1.4911381E-01
-5.989116E-08,-1.4911381E-01
-5.984116E-08,-1.4916652E-01
-5.979116E-08,-1.4916652E-01
-5.974116E-08,-1.4921923E-01
-5.969116E-08,-1.4921923E-01
-5.964116E-08,-1.4927194E-01
-5.959116E-08,-1.4932464E-01
-5.954116E-08,-1.4937735E-01
-5.949116E-08,-1.4937735E-01
-5.944116E-08,-1.4943006E-01
-5.939116E-08,-1.4948277E-01
-5.934116E-08,-1.4953548E-01
-5.929116E-08,-1.4953548E-01
-5.924116E-08,-1.4958819E-01
-5.919116E-08,-1.4958819E-01
-5.914116E-08,-1.4964090E-01
-5.909116E-08,-1.4964090E-01
-5.904116E-08,-1.4964090E-01
-5.899116E-08,-1.4964090E-01
-5.894116E-08,-1.4964090E-01
-5.889116E-08,-1.4964090E-01
-5.884116E-08,-1.4964090E-01
-5.879116E-08,-1.4964090E-01
-5.874116E-08,-1.4958819E-01
-5.869116E-08,-1.4958819E-01
-5.864116E-08,-1.4953548E-01
-5.859116E-08,-1.4948277E-01
-5.854116E-08,-1.4943006E-01
-5.849116E-08,-1.4943006E-01
-5.844116E-08,-1.4937735E-01
-5.839116E-08,-1.4932464E-01
-5.834116E-08,-1.4927194E-01
-5.829116E-08,-1.4921923E-01
-5.824116E-08,-1.4916652E-01
-5.819116E-08,-1.4916652E-01
-5.814116E-08,-1.4911381E-01
-5.809116E-08,-1.4906110E-01
-5.804116E-08,-1.4906110E-01
-5.799116E-08,-1.4900839E-01
-5.794116E-08,-1.4900839E-01
-5.789116E-08,-1.4895568E-01
-5.784116E-08,-1.4895568E-01
-5.779116E-08,-1.4895568E-01
-5.774116E-08,-1.4895568E-01
-5.769116E-08,-1.4895568E-01
-5.764116E-08,-1.4895568E-01
-5.759116E-08,-1.4900839E-01
-5.754116E-08,-1.4900839E-01
-5.749116E-08,-1.4906110E-01
-5.744116E-08,-1.4911381E-01
-5.739116E-08,-1.4911381E-01
-5.734116E-08,-1.4916652E-01
-5.729116E-08,-1.4921923E-01
-5.724116E-08,-1.4927194E-01
-5.719116E-08,-1.4932464E-01
-5.714116E-08,-1.4937735E-01
-5.709116E-08,-1.4943006E-01
-5.704116E-08,-1.4948277E-01
-5.699116E-08,-1.4953548E-01
-5.694116E-08,-1.4958819E-01
-5.689116E-08,-1.4964090E-01
-5.684116E-08,-1.4969361E-01
-5.679116E-08,-1.4974632E-01
-5.674116E-08,-1.4979903E-01
-5.669116E-08,-1.4985173E-01
-5.664116E-08,-1.4985173E-01
-5.659116E-08,-1.4990444E-01
-5.654116E-08,-1.4995715E-01
-5.649116E-08,-1.4995715E-01
-5.644116E-08,-1.5000986E-01
-5.639116E-08,-1.5000986E-01
-5.634116E-08,-1.5006257E-01
-5.629116E-08,-1.5006257E-01
-5.624116E-08,-1.5006257E-01
-5.619116E-08,-1.5006257E-01
-5.614116E-08,-1.5011528E-01
-5.609116E-08,-1.5006257E-01
-5.604116E-08,-1.5006257E-01
-5.599116E-08,-1.5006257E-01
-5.594116E-08,-1.5006257E-01
-5.589116E-08,-1.5006257E-01
-5.584116E-08,-1.5000986E-01
-5.579116E-08,-1.5000986E-01
-5.574116E-08,-1.4995715E-01
-5.569116E-08,-1.4995715E-01
-5.564116E-08,-1.4990444E-01
-5.559116E-08,-1.4990444E-01
-5.554116E-08,-1.4985173E-01
-5.549116E-08,-1.4979903E-01
-5.544116E-08,-1.4974632E-01
-5.539116E-08,-1.4969361E-01
-5.534116E-08,-1.4969361E-01
-5.529116E-08,-1.4964090E-01
-5.524116E-08,-1.4958819E-01
-5.519116E-08,-1.4953548E-01
-5.514116E-08,-1.4948277E-01
-5.509116E-08,-1.4943006E-01
-5.504116E-08,-1.4937735E-01
-5.499116E-08,-1.4932464E-01
-5.494116E-08,-1.4927194E-01
-5.489116E-08,-1.4921923E-01
-5.484116E-08,-1.4916652E-01
-5.479116E-08,-1.4911381E-01
-5.474116E-08,-1.4911381E-01
-5.469116E-08,-1.4906110E-01
-5.464116E-08,-1.4900839E-01
-5.459116E-08,-1.4895568E-01
-5.454116E-08,-1.4895568E-01
-5.449116E-08,-1.4890297E-01
-5.444116E-08,-1.4885026E-01
-5.439116E-08,-1.4885026E-01
-5.434116E-08,-1.4879755E-01
-5.429116E-08,-1.4879755E-01
-5.424116E-08,-1.4874485E-01
-5.419116E-08,-1.4874485E-01
-5.414116E-08,-1.4869214E-01
-5.409116E-08,-1.4869214E-01
-5.404116E-08,-1.4869214E-01
-5.399116E-08,-1.4869214E-01
-5.394116E-08,-1.4869214E-01
-5.389116E-08,-1.4869214E-01
-5.384116E-08,-1.4863943E-01
-5.379116E-08,-1.4863943E-01
-5.374116E-08,-1.4869214E-01
-5.369116E-08,-1.4869214E-01
-5.364116E-08,-1.4869214E-01
-5.359116E-08,-1.4869214E-01
-5.354116E-08,-1.4869214E-01
-5.349116E-08,-1.4869214E-01
-5.344116E-08,-1.4869214E-01
-5.339116E-08,-1.4869214E-01
-5.334116E-08,-1.4874485E-01
-5.329116E-08,-1.4874485E-01
-5.324116E-08,-1.4874485E-01
-5.319116E-08,-1.4874485E-01
-5.314116E-08,-1.4879755E-01
-5.309116E-08,-1.4879755E-01
-5.304116E-08,-1.4879755E-01
-5.299116E-08,-1.4879755E-01
-5.294116E-08,-1.4885026E-01
-5.289116E-08,-1.4885026E-01
-5.284116E-08,-1.4885026E-01
-5.279116E-08,-1.4885026E-01
-5.274116E-08,-1.4890297E-01
-5.269116E-08,-1.4890297E-01
-5.264116E-08,-1.4890297E-01
-5.259116E-08,-1.4890297E-01
-5.254116E-08,-1.4895568E-01
-5.249116E-08,-1.4895568E-01
-5.244116E-08,-1.4895568E-01
-5.239116E-08,-1.4895568E-01
-5.234116E-08,-1.4895568E-01
-5.229116E-08,-1.4900839E-01
-5.224116E-08,-1.4900839E-01
-5.219116E-08,-1.4900839E-01
-5.214116E-08,-1.4900839E-01
-5.209116E-08,-1.4900839E-01
-5.204116E-08,-1.4906110E-01
-5.199116E-08,-1.4906110E-01
-5.194116E-08,-1.4906110E-01
-5.189116E-08,-1.4906110E-01
-5.184116E-08,-1.4906110E-01
-5.179116E-08,-1.4906110E-01
-5.174116E-08,-1.4906110E-01
-5.169116E-08,-1.4906110E-01
-5.164116E-08,-1.4906110E-01
-5.159116E-08,-1.4906110E-01
-5.154116E-08,-1.4906110E-01
-5.149116E-08,-1.4906110E-01
-5.144116E-08,-1.4906110E-01
-5.139116E-08,-1.4906110E-01
-5.134116E-08,-1.4906110E-01
-5.129116E-08,-1.4906110E-01
-5.124116E-08,-1.4906110E-01
-5.119116E-08,-1.4906110E-01
-5.114116E-08,-1.4906110E-01
-5.109116E-08,-1.4906110E-01
-5.104116E-08,-1.4906110E-01
-5.099116E-08,-1.4906110E-01
-5.094116E-08,-1.4906110E-01
-5.089116E-08,-1.4906110E-01
-5.084116E-08,-1.4906110E-01
-5.079116E-08,-1.4911381E-01
-5.074116E-08,-1.4911381E-01
-5.069116E-08,-1.4911381E-01
-5.064116E-08,-1.4911381E-01
-5.059116E-08,-1.4916652E-01
-5.054116E-08,-1.4916652E-01
-5.049116E-08,-1.4921923E-01
-5.044116E-08,-1.4921923E-01
-5.039116E-08,-1.4927194E-01
-5.034116E-08,-1.4927194E-01
-5.029116E-08,-1.4932464E-01
-5.024116E-08,-1.4932464E-01
-5.019116E-08,-1.4937735E-01
-5.014116E-08,-1.4937735E-01
-5.009116E-08,-1.4943006E-01
-5.004116E-08,-1.4948277E-01
-4.999116E-08,-1.4948277E-01
-4.994116E-08,-1.4953548E-01
-4.989116E-08,-1.4953548E-01
-4.984116E-08,-1.4958819E-01
-4.979116E-08,-1.4958819E-01
-4.974116E-08,-1.4964090E-01
-4.969116E-08,-1.4964090E-01
-4.964116E-08,-1.4969361E-01
-4.959116E-08,-1.4969361E-01
-4.954116E-08,-1.4969361E-01
-4.949116E-08,-1.4974632E-01
-4.944116E-08,-1.4974632E-01
-4.939116E-08,-1.4974632E-01
-4.934116E-08,-1.4974632E-01
-4.929116E-08,-1.4974632E-01
-4.924116E-08,-1.4974632E-01
-4.919116E-08,-1.4974632E-01
-4.914116E-08,-1.4974632E-01
-4.909116E-08,-1.4974632E-01
-4.904116E-08,-1.4974632E-01
-4.899116E-08,-1.4969361E-01
-4.894116E-08,-1.4969361E-01
-4.889116E-08,-1.4969361E-01
-4.884116E-08,-1.4964090E-01
-4.879116E-08,-1.4964090E-01
-4.874116E-08,-1.4964090E-01
-4.869116E-08,-1.4964090E-01
-4.864116E-08,-1.4958819E-01
-4.859116E-08,-1.4958819E-01
-4.854116E-08,-1.4958819E-01
-4.849116E-08,-1.4958819E-01
-4.844116E-08,-1.4953548E-01
-4.839116E-08,-1.4953548E-01
-4.834116E-08,-1.4953548E-01
-4.829116E-08,-1.4953548E-01
-4.824116E-08,-1.4953548E-01
-4.819116E-08,-1.4953548E-01
-4.814116E-08,-1.4953548E-01
-4.809116E-08,-1.4953548E-01
-4.804116E-08,-1.4953548E-01
-4.799116E-08,-1.4953548E-01
-4.794116E-08,-1.4953548E-01
-4.789116E-08,-1.4958819E-01
-4.784116E-08,-1.4958819E-01
-4.779116E-08,-1.4958819E-01
-4.774116E-08,-1.4964090E-01
-4.769116E-08,-1.4964090E-01
-4.764116E-08,-1.4964090E-01
-4.759116E-08,-1.4969361E-01
-4.754116E-08,-1.4969361E-01
-4.749116E-08,-1.4969361E-01
-4.744116E-08,-1.4974632E-01
-4.739116E-08,-1.4974632E-01
-4.734116E-08,-1.4979903E-01
-4.729116E-08,-1.4979903E-01
-4.724116E-08,-1.4979903E-01
-4.719116E-08,-1.4985173E-01
-4.714116E-08,-1.4985173E-01
-4.709116E-08,-1.4985173E-01
-4.704116E-08,-1.4990444E-01
-4.699116E-08,-1.4990444E-01
-4.694116E-08,-1.4990444E-01
-4.689116E-08,-1.4990444E-01
-4.684116E-08,-1.4990444E-01
-4.679116E-08,-1.4990444E-01
-4.674116E-08,-1.4990444E-01
-4.669116E-08,-1.4990444E-01
-4.664116E-08,-1.4990444E-01
-4.659116E-08,-1.4990444E-01
-4.654116E-08,-1.4990444E-01
-4.649116E-08,-1.4985173E-01
-4.644116E-08,-1.4985173E-01
-4.639116E-08,-1.4985173E-01
-4.634116E-08,-1.4985173E-01
-4.629116E-08,-1.4979903E-01
-4.624116E-08,-1.4979903E-01
-4.619116E-08,-1.4979903E-01
-4.614116E-08,-1.4974632E-01
-4.609116E-08,-1.4974632E-01
-4.604116E-08,-1.4969361E-01
-4.599116E-08,-1.4969361E-01
-4.594116E-08,-1.4964090E-01
-4.589116E-08,-1.4964090E-01
-4.584116E-08,-1.4964090E-01
-4.579116E-08,-1.4958819E-01
-4.574116E-08,-1.4958819E-01
-4.569116E-08,-1.4958819E-01
-4.564116E-08,-1.4953548E-01
-4.559116E-08,-1.4953548E-01
-4.554116E-08,-1.4953548E-01
-4.549116E-08,-1.4948277E-01
-4.544116E-08,-1.4948277E-01
-4.539116E-08,-1.4948277E-01
-4.534116E-08,-1.4948277E-01
-4.529116E-08,-1.4948277E-01
-4.524116E-08,-1.4948277E-01
-4.519116E-08,-1.4948277E-01
-4.514116E-08,-1.4948277E-01
-4.509116E-08,-1.4948277E-01
-4.504116E-08,-1.4948277E-01
-4.499116E-08,-1.4948277E-01
-4.494116E-08,-1.4948277E-01
-4.489116E-08,-1.4948277E-01
-4.484116E-08,-1.4948277E-01
-4.479116E-08,-1.4948277E-01
-4.474116E-08,-1.4948277E-01
-4.469116E-08,-1.4953548E-01
-4.464116E-08,-1.4953548E-01
-4.459116E-08,-1.4953548E-01
-4.454116E-08,-1.4953548E-01
-4.449116E-08,-1.4953548E-01
-4.444116E-08,-1.4953548E-01
-4.439116E-08,-1.4958819E-01
-4.434116E-08,-1.4958819E-01
-4.429116E-08,-1.4958819E-01
-4.424116E-08,-1.4958819E-01
-4.419116E-08,-1.4958819E-01
-4.414116E-08,-1.4958819E-01
-4.409116E-08,-1.4958819E-01
-4.404116E-08,-1.4958819E-01
-4.399116E-08,-1.4958819E-01
-4.394116E-08,-1.4958819E-01
-4.389116E-08,-1.4958819E-01
-4.384116E-08,-1.4958819E-01
-4.379116E-08,-1.4958819E-01
-4.374116E-08,-1.4958819E-01
-4.369116E-08,-1.4958819E-01
-4.364116E-08,-1.4958819E-01
-4.359116E-08,-1.4958819E-01
-4.354116E-08,-1.4958819E-01
-4.349116E-08,-1.4958819E-01
-4.344116E-08,-1.4958819E-01
-4.339116E-08,-1.4958819E-01
-4.334116E-08,-1.4958819E-01
-4.329116E-08,-1.4958819E-01
-4.324116E-08,-1.4958819E-01
-4.319116E-08,-1.4958819E-01
-4.314116E-08,-1.4958819E-01
-4.309116E-08,-1.4958819E-01
-4.304116E-08,-1.4958819E-01
-4.299116E-08,-1.4958819E-01
-4.294116E-08,-1.4958819E-01
-4.289116E-08,-1.4958819E-01
-4.284116E-08,-1.4958819E-01
-4.279116E-08,-1.4958819E-01
-4.274116E-08,-1.4958819E-01
-4.269116E-08,-1.4958819E-01
-4.264116E-08,-1.4958819E-01
-4.259116E-08,-1.4953548E-01
-4.254116E-08,-1.4953548E-01
-4.249116E-08,-1.4953548E-01
-4.244116E-08,-1.4953548E-01
-4.239116E-08,-1.4953548E-01
-4.234116E-08,-1.4953548E-01
-4.229116E-08,-1.4953548E-01
-4.224116E-08,-1.4948277E-01
-4.219116E-08,-1.4948277E-01
-4.214116E-08,-1.4948277E-01
-4.209116E-08,-1.4943006E-01
-4.204116E-08,-1.4943006E-01
-4.199116E-08,-1.4943006E-01
-4.194116E-08,-1.4937735E-01
-4.189116E-08,-1.4937735E-01
-4.184116E-08,-1.4937735E-01
-4.179116E-08,-1.4932464E-01
-4.174116E-08,-1.4932464E-01
-4.169116E-08,-1.4927194E-01
-4.164116E-08,-1.4927194E-01
-4.159116E-08,-1.4921923E-01
-4.154116E-08,-1.4921923E-01
-4.149116E-08,-1.4916652E-01
-4.144116E-08,-1.4916652E-01
-4.139116E-08,-1.4911381E-01
-4.134116E-08,-1.4911381E-01
-4.129116E-08,-1.4906110E-01
-4.124116E-08,-1.4906110E-01
-4.119116E-08,-1.4906110E-01
-4.114116E-08,-1.4900839E-01
-4.109116E-08,-1.4900839E-01
-4.104116E-08,-1.4900839E-01
-4.099116E-08,-1.4900839E-01
-4.094116E-08,-1.4900839E-01
-4.089116E-08,-1.4895568E-01
-4.084116E-08,-1.4895568E-01
-4.079116E-08,-1.4895568E-01
-4.074116E-08,-1.4895568E-01
-4.069116E-08,-1.4900839E-01
-4.064116E-08,-1.4900839E-01
-4.059116E-08,-1.4900839E-01
-4.054116E-08,-1.4900839E-01
-4.049116E-08,-1.4906110E-01
-4.044116E-08,-1.4906110E-01
-4.039116E-08,-1.4906110E-01
-4.034116E-08,-1.4911381E-01
-4.029116E-08,-1.4911381E-01
-4.024116E-08,-1.4916652E-01
-4.019116E-08,-1.4921923E-01
-4.014116E-08,-1.4921923E-01
-4.009116E-08,-1.4927194E-01
-4.004116E-08,-1.4932464E-01
-3.999116E-08,-1.4932464E-01
-3.994116E-08,-1.4937735E-01
-3.989116E-08,-1.4943006E-01
-3.984116E-08,-1.4943006E-01
-3.979116E-08,-1.4948277E-01
-3.974116E-08,-1.4953548E-01
-3.969116E-08,-1.4953548E-01
-3.964116E-08,-1.4958819E-01
-3.959116E-08,-1.4964090E-01
-3.954116E-08,-1.4964090E-01
-3.949116E-08,-1.4969361E-01
-3.944116E-08,-1.4969361E-01
-3.939116E-08,-1.4974632E-01
-3.934116E-08,-1.4974632E-01
-3.929116E-08,-1.4974632E-01
-3.924116E-08,-1.4979903E-01
-3.919116E-08,-1.4979903E-01
-3.914116E-08,-1.4979903E-01
-3.909116E-08,-1.4979903E-01
-3.904116E-08,-1.4979903E-01
-3.899116E-08,-1.4979903E-01
-3.894116E-08,-1.4979903E-01
-3.889116E-08,-1.4979903E-01
-3.884116E-08,-1.4979903E-01
-3.879116E-08,-1.4979903E-01
-3.874116E-08,-1.4974632E-01
-3.869116E-08,-1.4974632E-01
-3.864116E-08,-1.4974632E-01
-3.859116E-08,-1.4969361E-01
-3.854116E-08,-1.4969361E-01
-3.849116E-08,-1.4969361E-01
-3.844116E-08,-1.4964090E-01
-3.839116E-08,-1.4964090E-01
-3.834116E-08,-1.4958819E-01
-3.829116E-08,-1.4958819E-01
-3.824116E-08,-1.4953548E-01
-3.819116E-08,-1.4953548E-01
-3.814116E-08,-1.4948277E-01
-3.809116E-08,-1.4948277E-01
-3.804116E-08,-1.4943006E-01
-3.799116E-08,-1.4943006E-01
-3.794116E-08,-1.4937735E-01
-3.789116E-08,-1.4937735E-01
-3.784116E-08,-1.4937735E-01
-3.779116E-08,-1.4932464E-01
-3.774116E-08,-1.4932464E-01
-3.769116E-08,-1.4932464E-01
-3.764116E-08,-1.4927194E-01
-3.759116E-08,-1.4927194E-01
-3.754116E-08,-1.4927194E-01
-3.749116E-08,-1.4927194E-01
-3.744116E-08,-1.4921923E-01
-3.739116E-08,-1.4921923E-01
-3.734116E-08,-1.4921923E-01
-3.729116E-08,-1.4921923E-01
-3.724116E-08,-1.4921923E-01
-3.719116E-08,-1.4921923E-01
-3.714116E-08,-1.4921923E-01
-3.709116E-08,-1.4921923E-01
-3.704116E-08,-1.4921923E-01
-3.699116E-08,-1.4921923E-01
-3.694116E-08,-1.4921923E-01
-3.689116E-08,-1.4921923E-01
-3.684116E-08,-1.4921923E-01
-3.679116E-08,-1.4921923E-01
-3.674116E-08,-1.4921923E-01
-3.669116E-08,-1.4921923E-01
-3.664116E-08,-1.4921923E-01
-3.659116E-08,-1.4921923E-01
-3.654116E-08,-1.4921923E-01
-3.649116E-08,-1.4921923E-01
-3.644116E-08,-1.4927194E-01
-3.639116E-08,-1.4927194E-01
-3.634116E-08,-1.4927194E-01
-3.629116E-08,-1.4927194E-01
-3.624116E-08,-1.4927194E-01
-3.619116E-08,-1.4927194E-01
-3.614116E-08,-1.4927194E-01
-3.609116E-08,-1.4927194E-01
-3.604116E-08,-1.4927194E-01
-3.599116E-08,-1.4927194E-01
-3.594116E-08,-1.4927194E-01
-3.589116E-08,-1.4927194E-01
-3.584116E-08,-1.4932464E-01
-3.579116E-08,-1.4932464E-01
-3.574116E-08,-1.4932464E-01
-3.569116E-08,-1.4932464E-01
-3.564116E-08,-1.4932464E-01
-3.559116E-08,-1.4932464E-01
-3.554116E-08,-1.4932464E-01
-3.549116E-08,-1.4927194E-01
-3.544116E-08,-1.4927194E-01
-3.539116E-08,-1.4927194E-01
-3.534116E-08,-1.4927194E-01
-3.529116E-08,-1.4927194E-01
-3.524116E-08,-1.4927194E-01
-3.519116E-08,-1.4927194E-01
-3.514116E-08,-1.4921923E-01
-3.509116E-08,-1.4921923E-01
-3.504116E-08,-1.4921923E-01
-3.499116E-08,-1.4921923E-01
-3.494116E-08,-1.4916652E-01
-3.489116E-08,-1.4916652E-01
-3.484116E-08,-1.4916652E-01
-3.479116E-08,-1.4916652E-01
-3.474116E-08,-1.4911381E-01
-3.469116E-08,-1.4911381E-01
-3.464116E-08,-1.4911381E-01
-3.459116E-08,-1.4906110E-01
-3.454116E-08,-1.4906110E-01
-3.449116E-08,-1.4906110E-01
-3.444116E-08,-1.4900839E-01
-3.439116E-08,-1.4900839E-01
-3.434116E-08,-1.4900839E-01
-3.429116E-08,-1.4895568E-01
-3.424116E-08,-1.4895568E-01
-3.419116E-08,-1.4895568E-01
-3.414116E-08,-1.4890297E-01
-3.409116E-08,-1.4890297E-01
-3.404116E-08,-1.4890297E-01
-3.399116E-08,-1.4890297E-01
-3.394116E-08,-1.4885026E-01
-3.389116E-08,-1.4885026E-01
-3.384116E-08,-1.4885026E-01
-3.379116E-08,-1.4885026E-01
-3.374116E-08,-1.4885026E-01
-3.369116E-08,-1.4885026E-01
-3.364116E-08,-1.4879755E-01
-3.359116E-08,-1.4879755E-01
-3.354116E-08,-1.4879755E-01
-3.349116E-08,-1.4879755E-01
-3.344116E-08,-1.4879755E-01
-3.339116E-08,-1.4879755E-01
-3.334116E-08,-1.4879755E-01
-3.329116E-08,-1.4879755E-01
-3.324116E-08,-1.4879755E-01
-3.319116E-08,-1.4879755E-01
-3.314116E-08,-1.4879755E-01
-3.309116E-08,-1.4885026E-01
-3.304116E-08,-1.4885026E-01
-3.299116E-08,-1.4885026E-01
-3.294116E-08,-1.4885026E-01
-3.289116E-08,-1.4885026E-01
-3.284116E-08,-1.4885026E-01
-3.279116E-08,-1.4890297E-01
-3.274116E-08,-1.4890297E-01
-3.269116E-08,-1.4890297E-01
-3.264116E-08,-1.4895568E-01
-3.259116E-08,-1.4895568E-01
-3.254116E-08,-1.4895568E-01
-3.249116E-08,-1.4900839E-01
-3.244116E-08,-1.4900839E-01
-3.239116E-08,-1.4906110E-01
-3.234116E-08,-1.4906110E-01
-3.229116E-08,-1.4906110E-01
-3.224116E-08,-1.4911381E-01
-3.219116E-08,-1.4911381E-01
-3.214116E-08,-1.4911381E-01
-3.209116E-08,-1.4916652E-01
-3.204116E-08,-1.4916652E-01
-3.199116E-08,-1.4916652E-01
-3.194116E-08,-1.4916652E-01
-3.189116E-08,-1.4916652E-01
-3.184116E-08,-1.4921923E-01
-3.179116E-08,-1.4921923E-01
-3.174116E-08,-1.4921923E-01
-3.169116E-08,-1.4921923E-01
-3.164116E-08,-1.4916652E-01
-3.159116E-08,-1.4916652E-01
-3.154116E-08,-1.4916652E-01
-3.149116E-08,-1.4916652E-01
-3.144116E-08,-1.4911381E-01
-3.139116E-08,-1.4911381E-01
-3.134116E-08,-1.4911381E-01
-3.129116E-08,-1.4906110E-01
-3.124116E-08,-1.4906110E-01
-3.119116E-08,-1.4900839E-01
-3.114116E-08,-1.4900839E-01
-3.109116E-08,-1.4900839E-01
-3.104116E-08,-1.4895568E-01
-3.099116E-08,-1.4895568E-01
-3.094116E-08,-1.4890297E-01
-3.089116E-08,-1.4890297E-01
-3.084116E-08,-1.4890297E-01
-3.079116E-08,-1.4890297E-01
-3.074116E-08,-1.4885026E-01
-3.069116E-08,-1.4885026E-01
-3.064116E-08,-1.4885026E-01
-3.059116E-08,-1.4885026E-01
-3.054116E-08,-1.4890297E-01
-3.049116E-08,-1.4890297E-01
-3.044116E-08,-1.4890297E-01
-3.039116E-08,-1.4895568E-01
-3.034116E-08,-1.4895568E-01
-3.029116E-08,-1.4895568E-01
-3.024116E-08,-1.4900839E-01
-3.019116E-08,-1.4906110E-01
-3.014116E-08,-1.4906110E-01
-3.009116E-08,-1.4911381E-01
-3.004116E-08,-1.4916652E-01
-2.999116E-08,-1.4916652E-01
-2.994116E-08,-1.4921923E-01
-2.989116E-08,-1.4927194E-01
-2.984116E-08,-1.4932464E-01
-2.979116E-08,-1.4932464E-01
-2.974116E-08,-1.4937735E-01
-2.969116E-08,-1.4937735E-01
-2.964116E-08,-1.4943006E-01
-2.959116E-08,-1.4943006E-01
-2.954116E-08,-1.4948277E-01
-2.949116E-08,-1.4948277E-01
-2.944116E-08,-1.4948277E-01
-2.939116E-08,-1.4948277E-01
-2.934116E-08,-1.4948277E-01
-2.929116E-08,-1.4948277E-01
-2.924116E-08,-1.4948277E-01
-2.919116E-08,-1.4943006E-01
-2.914116E-08,-1.4943006E-01
-2.909116E-08,-1.4937735E-01
-2.904116E-08,-1.4937735E-01
-2.899116E-08,-1.4932464E-01
-2.894116E-08,-1.4932464E-01
-2.889116E-08,-1.4927194E-01
-2.884116E-08,-1.4921923E-01
-2.879116E-08,-1.4916652E-01
-2.874116E-08,-1.4916652E-01
-2.869116E-08,-1.4911381E-01
-2.864116E-08,-1.4906110E-01
-2.859116E-08,-1.4900839E-01
-2.854116E-08,-1.4900839E-01
-2.849116E-08,-1.4895568E-01
-2.844116E-08,-1.4890297E-01
-2.839116E-08,-1.4890297E-01
-2.834116E-08,-1.4885026E-01
-2.829116E-08,-1.4885026E-01
-2.824116E-08,-1.4885026E-01
-2.819116E-08,-1.4879755E-01
-2.814116E-08,-1.4879755E-01
-2.809116E-08,-1.4879755E-01
-2.804116E-08,-1.4879755E-01
-2.799116E-08,-1.4879755E-01
-2.794116E-08,-1.4879755E-01
-2.789116E-08,-1.4879755E-01
-2.784116E-08,-1.4879755E-01
-2.779116E-08,-1.4879755E-01
-2.774116E-08,-1.4879755E-01
-2.769116E-08,-1.4885026E-01
-2.764116E-08,-1.4885026E-01
-2.759116E-08,-1.4885026E-01
-2.754116E-08,-1.4885026E-01
-2.749116E-08,-1.4885026E-01
-2.744116E-08,-1.4890297E-01
-2.739116E-08,-1.4890297E-01
-2.734116E-08,-1.4890297E-01
-2.729116E-08,-1.4890297E-01
-2.724116E-08,-1.4890297E-01
-2.719116E-08,-1.4890297E-01
-2.714116E-08,-1.4890297E-01
-2.709116E-08,-1.4890297E-01
-2.704116E-08,-1.4890297E-01
-2.699116E-08,-1.4890297E-01
-2.694116E-08,-1.4890297E-01
-2.689116E-08,-1.4885026E-01
-2.684116E-08,-1.4885026E-01
-2.679116E-08,-1.4885026E-01
-2.674116E-08,-1.4885026E-01
-2.669116E-08,-1.4885026E-01
-2.664116E-08,-1.4885026E-01
-2.659116E-08,-1.4885026E-01
-2.654116E-08,-1.4885026E-01
-2.649116E-08,-1.4879755E-01
-2.644116E-08,-1.4879755E-01
-2.639116E-08,-1.4879755E-01
-2.634116E-08,-1.4885026E-01
-2.629116E-08,-1.4885026E-01
-2.624116E-08,-1.4885026E-01
-2.619116E-08,-1.4885026E-01
-2.614116E-08,-1.4885026E-01
-2.609116E-08,-1.4885026E-01
-2.604116E-08,-1.4890297E-01
-2.599116E-08,-1.4890297E-01
-2.594116E-08,-1.4890297E-01
-2.589116E-08,-1.4890297E-01
-2.584116E-08,-1.4895568E-01
-2.579116E-08,-1.4895568E-01
-2.574116E-08,-1.4895568E-01
-2.569116E-08,-1.4895568E-01
-2.564116E-08,-1.4895568E-01
-2.559116E-08,-1.4895568E-01
-2.554116E-08,-1.4895568E-01
-2.549116E-08,-1.4895568E-01
-2.544116E-08,-1.4895568E-01
-2.539116E-08,-1.4895568E-01
-2.534116E-08,-1.4895568E-01
-2.529116E-08,-1.4895568E-01
-2.524116E-08,-1.4890297E-01
-2.519116E-08,-1.4890297E-01
-2.514116E-08,-1.4890297E-01
-2.509116E-08,-1.4885026E-01
-2.504116E-08,-1.4885026E-01
-2.499116E-08,-1.4879755E-01
-2.494116E-08,-1.4879755E-01
-2.489116E-08,-1.4874485E-01
-2.484116E-08,-1.4874485E-01
-2.479116E-08,-1.4869214E-01
-2.474116E-08,-1.4869214E-01
-2.469116E-08,-1.4869214E-01
-2.464116E-08,-1.4863943E-01
-2.459116E-08,-1.4863943E-01
-2.454116E-08,-1.4863943E-01
-2.449116E-08,-1.4863943E-01
-2.444116E-08,-1.4863943E-01
-2.439116E-08,-1.4863943E-01
-2.434116E-08,-1.4869214E-01
-2.429116E-08,-1.4869214E-01
-2.424116E-08,-1.4874485E-01
-2.419116E-08,-1.4874485E-01
-2.414116E-08,-1.4879755E-01
-2.409116E-08,-1.4885026E-01
-2.404116E-08,-1.4890297E-01
-2.399116E-08,-1.4895568E-01
-2.394116E-08,-1.4900839E-01
-2.389116E-08,-1.4906110E-01
-2.384116E-08,-1.4911381E-01
-2.379116E-08,-1.4916652E-01
-2.374116E-08,-1.4921923E-01
-2.369116E-08,-1.4927194E-01
-2.364116E-08,-1.4932464E-01
-2.359116E-08,-1.4937735E-01
-2.354116E-08,-1.4943006E-01
-2.349116E-08,-1.4948277E-01
-2.344116E-08,-1.4953548E-01
-2.339116E-08,-1.4953548E-01
-2.334116E-08,-1.4958819E-01
-2.329116E-08,-1.4958819E-01
-2.324116E-08,-1.4964090E-01
-2.319116E-08,-1.4964090E-01
-2.314116E-08,-1.4964090E-01
-2.309116E-08,-1.4964090E-01
-2.304116E-08,-1.4958819E-01
-2.299116E-08,-1.4958819E-01
-2.294116E-08,-1.4953548E-01
-2.289116E-08,-1.4953548E-01
-2.284116E-08,-1.4948277E-01
-2.279116E-08,-1.4948277E-01
-2.274116E-08,-1.4943006E-01
-2.269116E-08,-1.4937735E-01
-2.264116E-08,-1.4932464E-01
-2.259116E-08,-1.4927194E-01
-2.254116E-08,-1.4927194E-01
-2.249116E-08,-1.4921923E-01
-2.244116E-08,-1.4916652E-01
-2.239116E-08,-1.4911381E-01
-2.234116E-08,-1.4911381E-01
-2.229116E-08,-1.4911381E-01
-2.224116E-08,-1.4906110E-01
-2.219116E-08,-1.4906110E-01
-2.214116E-08,-1.4906110E-01
-2.209116E-08,-1.4906110E-01
-2.204116E-08,-1.4906110E-01
-2.199116E-08,-1.4906110E-01
-2.194116E-08,-1.4906110E-01
-2.189116E-08,-1.4911381E-01
-2.184116E-08,-1.4911381E-01
-2.179116E-08,-1.4916652E-01
-2.174116E-08,-1.4916652E-01
-2.169116E-08,-1.4921923E-01
-2.164116E-08,-1.4927194E-01
-2.159116E-08,-1.4927194E-01
-2.154116E-08,-1.4932464E-01
-2.149116E-08,-1.4937735E-01
-2.144116E-08,-1.4937735E-01
-2.139116E-08,-1.4943006E-01
-2.134116E-08,-1.4943006E-01
-2.129116E-08,-1.4948277E-01
-2.124116E-08,-1.4948277E-01
-2.119116E-08,-1.4948277E-01
-2.114116E-08,-1.4948277E-01
-2.109116E-08,-1.4948277E-01
-2.104116E-08,-1.4948277E-01
-2.099116E-08,-1.4948277E-01
-2.094116E-08,-1.4948277E-01
-2.089116E-08,-1.4943006E-01
-2.084116E-08,-1.4943006E-01
-2.079116E-08,-1.4937735E-01
-2.074116E-08,-1.4932464E-01
-2.069116E-08,-1.4932464E-01
-2.064116E-08,-1.4927194E-01
-2.059116E-08,-1.4921923E-01
-2.054116E-08,-1.4916652E-01
-2.049116E-08,-1.4911381E-01
-2.044116E-08,-1.4906110E-01
-2.039116E-08,-1.4900839E-01
-2.034116E-08,-1.4895568E-01
-2.029116E-08,-1.4890297E-01
-2.024116E-08,-1.4890297E-01
-2.019116E-08,-1.4885026E-01
-2.014116E-08,-1.4879755E-01
-2.009116E-08,-1.4879755E-01
-2.004116E-08,-1.4874485E-01
-1.999116E-08,-1.4874485E-01
-1.994116E-08,-1.4869214E-01
-1.989116E-08,-1.4869214E-01
-1.984116E-08,-1.4869214E-01
-1.979116E-08,-1.4869214E-01
-1.974116E-08,-1.4869214E-01
-1.969116E-08,-1.4874485E-01
-1.964116E-08,-1.4874485E-01
-1.959116E-08,-1.4874485E-01
-1.954116E-08,-1.4879755E-01
-1.949116E-08,-1.4879755E-01
-1.944116E-08,-1.4885026E-01
-1.939116E-08,-1.4885026E-01
-1.934116E-08,-1.4890297E-01
-1.929116E-08,-1.4890297E-01
-1.924116E-08,-1.4895568E-01
-1.919116E-08,-1.4895568E-01
-1.914116E-08,-1.4900839E-01
-1.909116E-08,-1.4900839E-01
-1.904116E-08,-1.4900839E-01
-1.899116E-08,-1.4906110E-01
-1.894116E-08,-1.4906110E-01
-1.889116E-08,-1.4906110E-01
-1.884116E-08,-1.4911381E-01
-1.879116E-08,-1.4911381E-01
-1.874116E-08,-1.4911381E-01
-1.869116E-08,-1.4911381E-01
-1.864116E-08,-1.4911381E-01
-1.859116E-08,-1.4911381E-01
-1.854116E-08,-1.4911381E-01
-1.849116E-08,-1.4911381E-01
-1.844116E-08,-1.4906110E-01
-1.839116E-08,-1.4906110E-01
-1.834116E-08,-1.4906110E-01
-1.829116E-08,-1.4906110E-01
-1.824116E-08,-1.4906110E-01
-1.819116E-08,-1.4900839E-01
-1.814116E-08,-1.4900839E-01
-1.809116E-08,-1.4900839E-01
-1.804116E-08,-1.4900839E-01
-1.799116E-08,-1.4900839E-01
-1.794116E-08,-1.4900839E-01
-1.789116E-08,-1.4900839E-01
-1.784116E-08,-1.4900839E-01
-1.779116E-08,-1.4900839E-01
-1.774116E-08,-1.4900839E-01
-1.769116E-08,-1.4900839E-01
-1.764116E-08,-1.4900839E-01
-1.759116E-08,-1.4900839E-01
-1.754116E-08,-1.4900839E-01
-1.749116E-08,-1.4900839E-01
-1.744116E-08,-1.4900839E-01
-1.739116E-08,-1.4900839E-01
-1.734116E-08,-1.4906110E-01
-1.729116E-08,-1.4906110E-01
-1.724116E-08,-1.4906110E-01
-1.719116E-08,-1.4906110E-01
-1.714116E-08,-1.4906110E-01
-1.709116E-08,-1.4906110E-01
-1.704116E-08,-1.4906110E-01
-1.699116E-08,-1.4906110E-01
-1.694116E-08,-1.4906110E-01
-1.689116E-08,-1.4906110E-01
-1.684116E-08,-1.4906110E-01
-1.679116E-08,-1.4906110E-01
-1.674116E-08,-1.4906110E-01
-1.669116E-08,-1.4906110E-01
-1.664116E-08,-1.4906110E-01
-1.659116E-08,-1.4906110E-01
-1.654116E-08,-1.4906110E-01
-1.649116E-08,-1.4900839E-01
-1.644116E-08,-1.4900839E-01
-1.639116E-08,-1.4900839E-01
-1.634116E-08,-1.4900839E-01
-1.629116E-08,-1.4900839E-01
-1.624116E-08,-1.4900839E-01
-1.619116E-08,-1.4895568E-01
-1.614116E-08,-1.4895568E-01
-1.609116E-08,-1.4895568E-01
-1.604116E-08,-1.4895568E-01
-1.599116E-08,-1.4895568E-01
-1.594116E-08,-1.4890297E-01
-1.589116E-08,-1.4890297E-01
-1.584116E-08,-1.4890297E-01
-1.579116E-08,-1.4890297E-01
-1.574116E-08,-1.4885026E-01
-1.569116E-08,-1.4885026E-01
-1.564116E-08,-1.4885026E-01
-1.559116E-08,-1.4879755E-01
-1.554116E-08,-1.4879755E-01
-1.549116E-08,-1.4879755E-01
-1.544116E-08,-1.4874485E-01
-1.539116E-08,-1.4874485E-01
-1.534116E-08,-1.4874485E-01
-1.529116E-08,-1.4869214E-01
-1.524116E-08,-1.4869214E-01
-1.519116E-08,-1.4869214E-01
-1.514116E-08,-1.4863943E-01
-1.509116E-08,-1.4863943E-01
-1.504116E-08,-1.4863943E-01
-1.499116E-08,-1.4863943E-01
-1.494116E-08,-1.4863943E-01
-1.489116E-08,-1.4858672E-01
-1.484116E-08,-1.4858672E-01
-1.479116E-08,-1.4858672E-01
-1.474116E-08,-1.4858672E-01
-1.469116E-08,-1.4863943E-01
-1.464116E-08,-1.4863943E-01
-1.459116E-08,-1.4863943E-01
-1.454116E-08,-1.4869214E-01
-1.449116E-08,-1.4869214E-01
-1.444116E-08,-1.4874485E-01
-1.439116E-08,-1.4879755E-01
-1.434116E-08,-1.4879755E-01
-1.429116E-08,-1.4885026E-01
-1.424116E-08,-1.4890297E-01
-1.419116E-08,-1.4895568E-01
-1.414116E-08,-1.4900839E-01
-1.409116E-08,-1.4911381E-01
-1.404116E-08,-1.4916652E-01
-1.399116E-08,-1.4921923E-01
-1.394116E-08,-1.4927194E-01
-1.389116E-08,-1.4937735E-01
-1.384116E-08,-1.4943006E-01
-1.379116E-08,-1.4948277E-01
-1.374116E-08,-1.4958819E-01
-1.369116E-08,-1.4964090E-01
-1.364116E-08,-1.4969361E-01
-1.359116E-08,-1.4974632E-01
-1.354116E-08,-1.4979903E-01
-1.349116E-08,-1.4979903E-01
-1.344116E-08,-1.4985173E-01
-1.339116E-08,-1.4990444E-01
-1.334116E-08,-1.4990444E-01
-1.329116E-08,-1.4990444E-01
-1.324116E-08,-1.4990444E-01
-1.319116E-08,-1.4990444E-01
-1.314116E-08,-1.4990444E-01
-1.309116E-08,-1.4985173E-01
-1.304116E-08,-1.4985173E-01
-1.299116E-08,-1.4979903E-01
-1.294116E-08,-1.4974632E-01
-1.289116E-08,-1.4969361E-01
-1.284116E-08,-1.4964090E-01
-1.279116E-08,-1.4958819E-01
-1.274116E-08,-1.4953548E-01
-1.269116E-08,-1.4948277E-01
-1.264116E-08,-1.4943006E-01
-1.259116E-08,-1.4932464E-01
-1.254116E-08,-1.4927194E-01
-1.249116E-08,-1.4921923E-01
-1.244116E-08,-1.4916652E-01
-1.239116E-08,-1.4911381E-01
-1.234116E-08,-1.4900839E-01
-1.229116E-08,-1.4895568E-01
-1.224116E-08,-1.4890297E-01
-1.219116E-08,-1.4885026E-01
-1.214116E-08,-1.4885026E-01
-1.209116E-08,-1.4879755E-01
-1.204116E-08,-1.4874485E-01
-1.199116E-08,-1.4874485E-01
-1.194116E-08,-1.4874485E-01
-1.189116E-08,-1.4869214E-01
-1.184116E-08,-1.4869214E-01
-1.179116E-08,-1.4869214E-01
-1.174116E-08,-1.4869214E-01
-1.169116E-08,-1.4869214E-01
-1.164116E-08,-1.4869214E-01
-1.159116E-08,-1.4874485E-01
-1.154116E-08,-1.4874485E-01
-1.149116E-08,-1.4874485E-01
-1.144116E-08,-1.4879755E-01
-1.139116E-08,-1.4879755E-01
-1.134116E-08,-1.4879755E-01
-1.129116E-08,-1.4885026E-01
-1.124116E-08,-1.4885026E-01
-1.119116E-08,-1.4885026E-01
-1.114116E-08,-1.4890297E-01
-1.109116E-08,-1.4890297E-01
-1.104116E-08,-1.4890297E-01
-1.099116E-08,-1.4890297E-01
-1.094116E-08,-1.4890297E-01
-1.089116E-08,-1.4895568E-01
-1.084116E-08,-1.4895568E-01
-1.079116E-08,-1.4895568E-01
-1.074116E-08,-1.4895568E-01
-1.069116E-08,-1.4895568E-01
-1.064116E-08,-1.4895568E-01
-1.059116E-08,-1.4890297E-01
-1.054116E-08,-1.4890297E-01
-1.049116E-08,-1.4890297E-01
-1.044116E-08,-1.4890297E-01
-1.039116E-08,-1.4890297E-01
-1.034116E-08,-1.4890297E-01
-1.029116E-08,-1.4890297E-01
-1.024116E-08,-1.4890297E-01
-1.019116E-08,-1.4890297E-01
-1.014116E-08,-1.4890297E-01
-1.009116E-08,-1.4890297E-01
-1.004116E-08,-1.4895568E-01
-9.99116E-09,-1.4895568E-01
-9.94116E-09,-1.4895568E-01
-9.89116E-09,-1.4900839E-01
-9.84116E-09,-1.4900839E-01
-9.79116E-09,-1.4906110E-01
-9.74116E-09,-1.4906110E-01
-9.69116E-09,-1.4911381E-01
-9.64116E-09,-1.4911381E-01
-9.59116E-09,-1.4916652E-01
-9.54116E-09,-1.4921923E-01
-9.49116E-09,-1.4927194E-01
-9.44116E-09,-1.4927194E-01
-9.39116E-09,-1.4932464E-01
-9.34116E-09,-1.4937735E-01
-9.29116E-09,-1.4943006E-01
-9.24116E-09,-1.4943006E-01
-9.19116E-09,-1.4948277E-01
-9.14116E-09,-1.4948277E-01
-9.09116E-09,-1.4953548E-01
-9.04116E-09,-1.4953548E-01
-8.99116E-09,-1.4958819E-01
-8.94116E-09,-1.4958819E-01
-8.89116E-09,-1.4958819E-01
-8.84116E-09,-1.4964090E-01
-8.79116E-09,-1.4964090E-01
-8.74116E-09,-1.4964090E-01
-8.69116E-09,-1.4964090E-01
-8.64116E-09,-1.4964090E-01
-8.59116E-09,-1.4958819E-01
-8.54116E-09,-1.4958819E-01
-8.49116E-09,-1.4958819E-01
-8.44116E-09,-1.4953548E-01
-8.39116E-09,-1.4953548E-01
-8.34116E-09,-1.4953548E-01
-8.29116E-09,-1.4948277E-01
-8.24116E-09,-1.4948277E-01
-8.19116E-09,-1.4943006E-01
-8.14116E-09,-1.4943006E-01
-8.09116E-09,-1.4937735E-01
-8.04116E-09,-1.4932464E-01
-7.99116E-09,-1.4932464E-01
-7.94116E-09,-1.4932464E-01
-7.89116E-09,-1.4927194E-01
-7.84116E-09,-1.4927194E-01
-7.79116E-09,-1.4921923E-01
-7.74116E-09,-1.4921923E-01
-7.69116E-09,-1.4921923E-01
-7.64116E-09,-1.4916652E-01
-7.59116E-09,-1.4916652E-01
-7.54116E-09,-1.4916652E-01
-7.49116E-09,-1.4916652E-01
-7.44116E-09,-1.4916652E-01
-7.39116E-09,-1.4916652E-01
-7.34116E-09,-1.4916652E-01
-7.29116E-09,-1.4911381E-01
-7.24116E-09,-1.4916652E-01
-7.19116E-09,-1.4916652E-01
-7.14116E-09,-1.4916652E-01
-7.09116E-09,-1.4916652E-01
-7.04116E-09,-1.4916652E-01
-6.99116E-09,-1.4916652E-01
-6.94116E-09,-1.4916652E-01
-6.89116E-09,-1.4916652E-01
-6.84116E-09,-1.4916652E-01
-6.79116E-09,-1.4916652E-01
-6.74116E-09,-1.4916652E-01
-6.69116E-09,-1.4916652E-01
-6.64116E-09,-1.4916652E-01
-6.59116E-09,-1.4916652E-01
-6.54116E-09,-1.4916652E-01
-6.49116E-09,-1.4916652E-01
-6.44116E-09,-1.4916652E-01
-6.39116E-09,-1.4916652E-01
-6.34116E-09,-1.4916652E-01
-6.29116E-09,-1.4916652E-01
-6.24116E-09,-1.4916652E-01
-6.19116E-09,-1.4916652E-01
-6.14116E-09,-1.4916652E-01
-6.09116E-09,-1.4916652E-01
-6.04116E-09,-1.4916652E-01
-5.99116E-09,-1.4916652E-01
-5.94116E-09,-1.4916652E-01
-5.89116E-09,-1.4916652E-01
-5.84116E-09,-1.4921923E-01
-5.79116E-09,-1.4921923E-01
-5.74116E-09,-1.4921923E-01
-5.69116E-09,-1.4927194E-01
-5.64116E-09,-1.4927194E-01
-5.59116E-09,-1.4932464E-01
-5.54116E-09,-1.4932464E-01
-5.49116E-09,-1.4937735E-01
-5.44116E-09,-1.4937735E-01
-5.39116E-09,-1.4943006E-01
-5.34116E-09,-1.4948277E-01
-5.29116E-09,-1.4953548E-01
-5.24116E-09,-1.4953548E-01
-5.19116E-09,-1.4958819E-01
-5.14116E-09,-1.4964090E-01
-5.09116E-09,-1.4969361E-01
-5.04116E-09,-1.4974632E-01
-4.99116E-09,-1.4979903E-01
-4.94116E-09,-1.4979903E-01
-4.89116E-09,-1.4985173E-01
-4.84116E-09,-1.4990444E-01
-4.79116E-09,-1.4995715E-01
-4.74116E-09,-1.4995715E-01
-4.69116E-09,-1.5000986E-01
-4.64116E-09,-1.5000986E-01
-4.59116E-09,-1.5006257E-01
-4.54116E-09,-1.5006257E-01
-4.49116E-09,-1.5006257E-01
-4.44116E-09,-1.5011528E-01
-4.39116E-09,-1.5011528E-01
-4.34116E-09,-1.5011528E-01
-4.29116E-09,-1.5011528E-01
-4.24116E-09,-1.5006257E-01
-4.19116E-09,-1.5006257E-01
-4.14116E-09,-1.5006257E-01
-4.09116E-09,-1.5000986E-01
-4.04116E-09,-1.5000986E-01
-3.99116E-09,-1.4995715E-01
-3.94116E-09,-1.4990444E-01
-3.89116E-09,-1.4985173E-01
-3.84116E-09,-1.4979903E-01
-3.79116E-09,-1.4974632E-01
-3.74116E-09,-1.4969361E-01
-3.69116E-09,-1.4964090E-01
-3.64116E-09,-1.4958819E-01
-3.59116E-09,-1.4953548E-01
-3.54116E-09,-1.4948277E-01
-3.49116E-09,-1.4943006E-01
-3.44116E-09,-1.4937735E-01
-3.39116E-09,-1.4937735E-01
-3.34116E-09,-1.4932464E-01
-3.29116E-09,-1.4927194E-01
-3.24116E-09,-1.4921923E-01
-3.19116E-09,-1.4921923E-01
-3.14116E-09,-1.4916652E-01
-3.09116E-09,-1.4916652E-01
-3.04116E-09,-1.4916652E-01
-2.99116E-09,-1.4916652E-01
-2.94116E-09,-1.4916652E-01
-2.89116E-09,-1.4916652E-01
-2.84116E-09,-1.4921923E-01
-2.79116E-09,-1.4921923E-01
-2.74116E-09,-1.4927194E-01
-2.69116E-09,-1.4932464E-01
-2.64116E-09,-1.4937735E-01
-2.59116E-09,-1.4937735E-01
-2.54116E-09,-1.4948277E-01
-2.49116E-09,-1.4953548E-01
-2.44116E-09,-1.4958819E-01
-2.39116E-09,-1.4964090E-01
-2.34116E-09,-1.4974632E-01
-2.29116E-09,-1.4979903E-01
-2.24116E-09,-1.4985173E-01
-2.19116E-09,-1.4995715E-01
-2.14116E-09,-1.5000986E-01
-2.09116E-09,-1.5006257E-01
-2.04116E-09,-1.5016799E-01
-1.99116E-09,-1.5022070E-01
-1.94116E-09,-1.5027341E-01
-1.89116E-09,-1.5027341E-01
-1.84116E-09,-1.5032612E-01
-1.79116E-09,-1.5037883E-01
-1.74116E-09,-1.5037883E-01
-1.69116E-09,-1.5043153E-01
-1.64116E-09,-1.5043153E-01
-1.59116E-09,-1.5043153E-01
-1.54116E-09,-1.5043153E-01
-1.49116E-09,-1.5037883E-01
-1.44116E-09,-1.5037883E-01
-1.39116E-09,-1.5032612E-01
-1.34116E-09,-1.5032612E-01
-1.29116E-09,-1.5027341E-01
-1.24116E-09,-1.5022070E-01
-1.19116E-09,-1.5016799E-01
-1.14116E-09,-1.5011528E-01
-1.09116E-09,-1.5006257E-01
-1.04116E-09,-1.5000986E-01
-9.9116E-10,-1.4990444E-01
-9.4116E-10,-1.4985173E-01
-8.9116E-10,-1.4979903E-01
-8.4116E-10,-1.4974632E-01
-7.9116E-10,-1.4969361E-01
-7.4116E-10,-1.4964090E-01
-6.9116E-10,-1.4958819E-01
-6.4116E-10,-1.4953548E-01
-5.9116E-10,-1.4948277E-01
-5.4116E-10,-1.4948277E-01
-4.9116E-10,-1.4943006E-01
-4.4116E-10,-1.4943006E-01
-3.9116E-10,-1.4937735E-01
-3.4116E-10,-1.4937735E-01
-2.9116E-10,-1.4937735E-01
-2.4116E-10,-1.4937735E-01
-1.9116E-10,-1.4937735E-01
-1.4116E-10,-1.4937735E-01
-9.116E-11,-1.4937735E-01
-4.116E-11,-1.4937735E-01
8.84E-12,-1.4937735E-01
5.884E-11,-1.4943006E-01
1.0884E-10,-1.4943006E-01
1.5884E-10,-1.4943006E-01
2.0884E-10,-1.4948277E-01
2.5884E-10,-1.4948277E-01
3.0884E-10,-1.4948277E-01
3.5884E-10,-1.4953548E-01
4.0884E-10,-1.4953548E-01
4.5884E-10,-1.4953548E-01
5.0884E-10,-1.4953548E-01
5.5884E-10,-1.4953548E-01
6.0884E-10,-1.4953548E-01
6.5884E-10,-1.4953548E-01
7.0884E-10,-1.4953548E-01
7.5884E-10,-1.4953548E-01
8.0884E-10,-1.4953548E-01
8.5884E-10,-1.4953548E-01
9.0884E-10,-1.4953548E-01
9.5884E-10,-1.4948277E-01
1.00884E-09,-1.4948277E-01
1.05884E-09,-1.4948277E-01
1.10884E-09,-1.4948277E-01
1.15884E-09,-1.4943006E-01
1.20884E-09,-1.4943006E-01
1.25884E-09,-1.4943006E-01
1.30884E-09,-1.4943006E-01
1.35884E-09,-1.4943006E-01
1.40884E-09,-1.4943006E-01
1.45884E-09,-1.4943006E-01
1.50884E-09,-1.4943006E-01
1.55884E-09,-1.4943006E-01
1.60884E-09,-1.4943006E-01
1.65884E-09,-1.4943006E-01
1.70884E-09,-1.4943006E-01
1.75884E-09,-1.4943006E-01
1.80884E-09,-1.4948277E-01
1.85884E-09,-1.4948277E-01
1.90884E-09,-1.4953548E-01
1.95884E-09,-1.4953548E-01
2.00884E-09,-1.4958819E-01
2.05884E-09,-1.4958819E-01
2.10884E-09,-1.4964090E-01
2.15884E-09,-1.4964090E-01
2.20884E-09,-1.4969361E-01
2.25884E-09,-1.4969361E-01
2.30884E-09,-1.4969361E-01
2.35884E-09,-1.4974632E-01
2.40884E-09,-1.4974632E-01
2.45884E-09,-1.4979903E-01
2.50884E-09,-1.4979903E-01
2.55884E-09,-1.4979903E-01
2.60884E-09,-1.4979903E-01
2.65884E-09,-1.4985173E-01
2.70884E-09,-1.4985173E-01
2.75884E-09,-1.4985173E-01
2.80884E-09,-1.4985173E-01
2.85884E-09,-1.4985173E-01
2.90884E-09,-1.4985173E-01
2.95884E-09,-1.4979903E-01
3.00884E-09,-1.4979903E-01
3.05884E-09,-1.4979903E-01
3.10884E-09,-1.4979903E-01
3.15884E-09,-1.4979903E-01
3.20884E-09,-1.4979903E-01
3.25884E-09,-1.4979903E-01
3.30884E-09,-1.4974632E-01
3.35884E-09,-1.4974632E-01
3.40884E-09,-1.4974632E-01
3.45884E-09,-1.4974632E-01
3.50884E-09,-1.4974632E-01
3.55884E-09,-1.4974632E-01
3.60884E-09,-1.4974632E-01
3.65884E-09,-1.4974632E-01
3.70884E-09,-1.4974632E-01
3.75884E-09,-1.4974632E-01
3.80884E-09,-1.4974632E-01
3.85884E-09,-1.4974632E-01
3.90884E-09,-1.4974632E-01
3.95884E-09,-1.4974632E-01
4.00884E-09,-1.4974632E-01
4.05884E-09,-1.4974632E-01
4.10884E-09,-1.4974632E-01
4.15884E-09,-1.4974632E-01
4.20884E-09,-1.4974632E-01
4.25884E-09,-1.4974632E-01
4.30884E-09,-1.4974632E-01
4.35884E-09,-1.4974632E-01
4.40884E-09,-1.4974632E-01
4.45884E-09,-1.4969361E-01
4.50884E-09,-1.4969361E-01
4.55884E-09,-1.4969361E-01
4.60884E-09,-1.4964090E-01
4.65884E-09,-1.4964090E-01
4.70884E-09,-1.4958819E-01
4.75884E-09,-1.4958819E-01
4.80884E-09,-1.4953548E-01
4.85884E-09,-1.4953548E-01
4.90884E-09,-1.4948277E-01
4.95884E-09,-1.4943006E-01
5.00884E-09,-1.4937735E-01
5.05884E-09,-1.4937735E-01
5.10884E-09,-1.4932464E-01
5.15884E-09,-1.4927194E-01
5.20884E-09,-1.4927194E-01
5.25884E-09,-1.4921923E-01
5.30884E-09,-1.4916652E-01
5.35884E-09,-1.4916652E-01
5.40884E-09,-1.4911381E-01
5.45884E-09,-1.4911381E-01
5.50884E-09,-1.4911381E-01
5.55884E-09,-1.4906110E-01
5.60884E-09,-1.4906110E-01
5.65884E-09,-1.4906110E-01
5.70884E-09,-1.4906110E-01
5.75884E-09,-1.4906110E-01
5.80884E-09,-1.4906110E-01
5.85884E-09,-1.4911381E-01
5.90884E-09,-1.4911381E-01
5.95884E-09,-1.4911381E-01
6.00884E-09,-1.4916652E-01
6.05884E-09,-1.4916652E-01
6.10884E-09,-1.4921923E-01
6.15884E-09,-1.4921923E-01
6.20884E-09,-1.4927194E-01
6.25884E-09,-1.4927194E-01
6.30884E-09,-1.4932464E-01
6.35884E-09,-1.4932464E-01
6.40884E-09,-1.4937735E-01
6.45884E-09,-1.4937735E-01
6.50884E-09,-1.4937735E-01
6.55884E-09,-1.4937735E-01
6.60884E-09,-1.4943006E-01
6.65884E-09,-1.4943006E-01
6.70884E-09,-1.4943006E-01
6.75884E-09,-1.4943006E-01
6.80884E-09,-1.4943006E-01
6.85884E-09,-1.4943006E-01
6.90884E-09,-1.4937735E-01
6.95884E-09,-1.4937735E-01
7.00884E-09,-1.4932464E-01
7.05884E-09,-1.4932464E-01
7.10884E-09,-1.4927194E-01
7.15884E-09,-1.4927194E-01
7.20884E-09,-1.4921923E-01
7.25884E-09,-1.4916652E-01
7.30884E-09,-1.4916652E-01
7.35884E-09,-1.4911381E-01
7.40884E-09,-1.4906110E-01
7.45884E-09,-1.4906110E-01
7.50884E-09,-1.4900839E-01
7.55884E-09,-1.4895568E-01
7.60884E-09,-1.4895568E-01
7.65884E-09,-1.4890297E-01
7.70884E-09,-1.4890297E-01
7.75884E-09,-1.4885026E-01
7.80884E-09,-1.4885026E-01
7.85884E-09,-1.4885026E-01
7.90884E-09,-1.4879755E-01
7.95884E-09,-1.4879755E-01
8.00884E-09,-1.4879755E-01
8.05884E-09,-1.4879755E-01
8.10884E-09,-1.4879755E-01
8.15884E-09,-1.4879755E-01
8.20884E-09,-1.4885026E-01
8.25884E-09,-1.4885026E-01
8.30884E-09,-1.4885026E-01
8.35884E-09,-1.4890297E-01
8.40884E-09,-1.4895568E-01
8.45884E-09,-1.4900839E-01
8.50884E-09,-1.4906110E-01
8.55884E-09,-1.4911381E-01
8.60884E-09,-1.4916652E-01
8.65884E-09,-1.4927194E-01
8.70884E-09,-1.4932464E-01
8.75884E-09,-1.4937735E-01
8.80884E-09,-1.4948277E-01
8.85884E-09,-1.4953548E-01
8.90884E-09,-1.4964090E-01
8.95884E-09,-1.4969361E-01
9.00884E-09,-1.4974632E-01
9.05884E-09,-1.4979903E-01
9.10884E-09,-1.4985173E-01
9.15884E-09,-1.4990444E-01
9.20884E-09,-1.4995715E-01
9.25884E-09,-1.4995715E-01
9.30884E-09,-1.5000986E-01
9.35884E-09,-1.5000986E-01
9.40884E-09,-1.5000986E-01
9.45884E-09,-1.5000986E-01
9.50884E-09,-1.5000986E-01
9.55884E-09,-1.5000986E-01
9.60884E-09,-1.4995715E-01
9.65884E-09,-1.4995715E-01
9.70884E-09,-1.4990444E-01
9.75884E-09,-1.4985173E-01
9.80884E-09,-1.4985173E-01
9.85884E-09,-1.4979903E-01
9.90884E-09,-1.4974632E-01
9.95884E-09,-1.4969361E-01
1.000884E-08,-1.4969361E-01
1.005884E-08,-1.4964090E-01
1.010884E-08,-1.4958819E-01
1.015884E-08,-1.4958819E-01
1.020884E-08,-1.4953548E-01
1.025884E-08,-1.4953548E-01
1.030884E-08,-1.4953548E-01
1.035884E-08,-1.4953548E-01
1.040884E-08,-1.4953548E-01
1.045884E-08,-1.4958819E-01
1.050884E-08,-1.4958819E-01
1.055884E-08,-1.4964090E-01
1.060884E-08,-1.4964090E-01
1.065884E-08,-1.4969361E-01
1.070884E-08,-1.4974632E-01
1.075884E-08,-1.4979903E-01
1.080884E-08,-1.4985173E-01
1.085884E-08,-1.4995715E-01
1.090884E-08,-1.5000986E-01
1.095884E-08,-1.5006257E-01
1.100884E-08,-1.5011528E-01
1.105884E-08,-1.5016799E-01
1.110884E-08,-1.5016799E-01
1.115884E-08,-1.5022070E-01
1.120884E-08,-1.5022070E-01
1.125884E-08,-1.5027341E-01
1.130884E-08,-1.5027341E-01
1.135884E-08,-1.5027341E-01
1.140884E-08,-1.5022070E-01
1.145884E-08,-1.5022070E-01
1.150884E-08,-1.5016799E-01
1.155884E-08,-1.5011528E-01
1.160884E-08,-1.5000986E-01
1.165884E-08,-1.4995715E-01
1.170884E-08,-1.4985173E-01
1.175884E-08,-1.4974632E-01
1.180884E-08,-1.4969361E-01
1.185884E-08,-1.4958819E-01
1.190884E-08,-1.4948277E-01
1.195884E-08,-1.4932464E-01
1.200884E-08,-1.4921923E-01
1.205884E-08,-1.4911381E-01
1.210884E-08,-1.4900839E-01
1.215884E-08,-1.4890297E-01
1.220884E-08,-1.4879755E-01
1.225884E-08,-1.4874485E-01
1.230884E-08,-1.4863943E-01
1.235884E-08,-1.4858672E-01
1.240884E-08,-1.4853401E-01
1.245884E-08,-1.4848130E-01
1.250884E-08,-1.4842859E-01
1.255884E-08,-1.4837588E-01
1.260884E-08,-1.4837588E-01
1.265884E-08,-1.4837588E-01
1.270884E-08,-1.4837588E-01
1.275884E-08,-1.4837588E-01
1.280884E-08,-1.4837588E-01
1.285884E-08,-1.4842859E-01
1.290884E-08,-1.4848130E-01
1.295884E-08,-1.4848130E-01
1.300884E-08,-1.4853401E-01
1.305884E-08,-1.4858672E-01
1.310884E-08,-1.4858672E-01
1.315884E-08,-1.4863943E-01
1.320884E-08,-1.4869214E-01
1.325884E-08,-1.4874485E-01
1.330884E-08,-1.4874485E-01
1.335884E-08,-1.4879755E-01
1.340884E-08,-1.4879755E-01
1.345884E-08,-1.4879755E-01
1.350884E-08,-1.4879755E-01
1.355884E-08,-1.4879755E-01
1.360884E-08,-1.4879755E-01
1.365884E-08,-1.4879755E-01
1.370884E-08,-1.4874485E-01
1.375884E-08,-1.4874485E-01
1.380884E-08,-1.4869214E-01
1.385884E-08,-1.4869214E-01
1.390884E-08,-1.4863943E-01
1.395884E-08,-1.4863943E-01
1.400884E-08,-1.4863943E-01
1.405884E-08,-1.4858672E-01
1.410884E-08,-1.4858672E-01
1.415884E-08,-1.4858672E-01
1.420884E-08,-1.4858672E-01
1.425884E-08,-1.4858672E-01
1.430884E-08,-1.4863943E-01
1.435884E-08,-1.4863943E-01
1.440884E-08,-1.4869214E-01
1.445884E-08,-1.4874485E-01
1.450884E-08,-1.4879755E-01
1.455884E-08,-1.4885026E-01
1.460884E-08,-1.4895568E-01
1.465884E-08,-1.4900839E-01
1.470884E-08,-1.4911381E-01
1.475884E-08,-1.4916652E-01
1.480884E-08,-1.4927194E-01
1.485884E-08,-1.4932464E-01
1.490884E-08,-1.4943006E-01
1.495884E-08,-1.4948277E-01
1.500884E-08,-1.4953548E-01
1.505884E-08,-1.4958819E-01
1.510884E-08,-1.4964090E-01
1.515884E-08,-1.4969361E-01
1.520884E-08,-1.4969361E-01
1.525884E-08,-1.4969361E-01
1.530884E-08,-1.4969361E-01
1.535884E-08,-1.4964090E-01
1.540884E-08,-1.4964090E-01
1.545884E-08,-1.4958819E-01
1.550884E-08,-1.4948277E-01
1.555884E-08,-1.4943006E-01
1.560884E-08,-1.4932464E-01
1.565884E-08,-1.4921923E-01
1.570884E-08,-1.4911381E-01
1.575884E-08,-1.4900839E-01
1.580884E-08,-1.4885026E-01
1.585884E-08,-1.4874485E-01
1.590884E-08,-1.4863943E-01
1.595884E-08,-1.4853401E-01
1.600884E-08,-1.4842859E-01
1.605884E-08,-1.4832317E-01
1.610884E-08,-1.4827046E-01
1.615884E-08,-1.4821776E-01
1.620884E-08,-1.4816505E-01
1.625884E-08,-1.4816505E-01
1.630884E-08,-1.4816505E-01
1.635884E-08,-1.4816505E-01
1.640884E-08,-1.4821776E-01
1.645884E-08,-1.4827046E-01
1.650884E-08,-1.4837588E-01
1.655884E-08,-1.4848130E-01
1.660884E-08,-1.4858672E-01
1.665884E-08,-1.4869214E-01
1.670884E-08,-1.4885026E-01
1.675884E-08,-1.4900839E-01
1.680884E-08,-1.4916652E-01
1.685884E-08,-1.4932464E-01
1.690884E-08,-1.4948277E-01
1.695884E-08,-1.4964090E-01
1.700884E-08,-1.4979903E-01
1.705884E-08,-1.4995715E-01
1.710884E-08,-1.5006257E-01
1.715884E-08,-1.5016799E-01
1.720884E-08,-1.5027341E-01
1.725884E-08,-1.5032612E-01
1.730884E-08,-1.5037883E-01
1.735884E-08,-1.5043153E-01
1.740884E-08,-1.5043153E-01
1.745884E-08,-1.5037883E-01
1.750884E-08,-1.5037883E-01
1.755884E-08,-1.5027341E-01
1.760884E-08,-1.5022070E-01
1.765884E-08,-1.5011528E-01
1.770884E-08,-1.5000986E-01
1.775884E-08,-1.4985173E-01
1.780884E-08,-1.4974632E-01
1.785884E-08,-1.4958819E-01
1.790884E-08,-1.4943006E-01
1.795884E-08,-1.4927194E-01
1.800884E-08,-1.4916652E-01
1.805884E-08,-1.4900839E-01
1.810884E-08,-1.4885026E-01
1.815884E-08,-1.4874485E-01
1.820884E-08,-1.4863943E-01
1.825884E-08,-1.4853401E-01
1.830884E-08,-1.4848130E-01
1.835884E-08,-1.4842859E-01
1.840884E-08,-1.4837588E-01
1.845884E-08,-1.4837588E-01
1.850884E-08,-1.4842859E-01
1.855884E-08,-1.4842859E-01
1.860884E-08,-1.4853401E-01
1.865884E-08,-1.4858672E-01
1.870884E-08,-1.4869214E-01
1.875884E-08,-1.4879755E-01
1.880884E-08,-1.4890297E-01
1.885884E-08,-1.4906110E-01
1.890884E-08,-1.4916652E-01
1.895884E-08,-1.4932464E-01
1.900884E-08,-1.4943006E-01
1.905884E-08,-1.4953548E-01
1.910884E-08,-1.4969361E-01
1.915884E-08,-1.4974632E-01
1.920884E-08,-1.4985173E-01
1.925884E-08,-1.4990444E-01
1.930884E-08,-1.4995715E-01
1.935884E-08,-1.4995715E-01
1.940884E-08,-1.4995715E-01
1.945884E-08,-1.4995715E-01
1.950884E-08,-1.4985173E-01
1.955884E-08,-1.4979903E-01
1.960884E-08,-1.4969361E-01
1.965884E-08,-1.4958819E-01
1.970884E-08,-1.4943006E-01
1.975884E-08,-1.4927194E-01
1.980884E-08,-1.4911381E-01
1.985884E-08,-1.4890297E-01
1.990884E-08,-1.4874485E-01
1.995884E-08,-1.4858672E-01
2.000884E-08,-1.4837588E-01
2.005884E-08,-1.4821776E-01
2.010884E-08,-1.4811234E-01
2.015884E-08,-1.4795421E-01
2.020884E-08,-1.4784879E-01
2.025884E-08,-1.4779608E-01
2.030884E-08,-1.4774337E-01
2.035884E-08,-1.4774337E-01
2.040884E-08,-1.4774337E-01
2.045884E-08,-1.4779608E-01
2.050884E-08,-1.4784879E-01
2.055884E-08,-1.4795421E-01
2.060884E-08,-1.4805963E-01
2.065884E-08,-1.4821776E-01
2.070884E-08,-1.4837588E-01
2.075884E-08,-1.4858672E-01
2.080884E-08,-1.4879755E-01
2.085884E-08,-1.4900839E-01
2.090884E-08,-1.4921923E-01
2.095884E-08,-1.4937735E-01
2.100884E-08,-1.4958819E-01
2.105884E-08,-1.4979903E-01
2.110884E-08,-1.4995715E-01
2.115884E-08,-1.5006257E-01
2.120884E-08,-1.5016799E-01
2.125884E-08,-1.5027341E-01
2.130884E-08,-1.5032612E-01
2.135884E-08,-1.5032612E-01
2.140884E-08,-1.5027341E-01
2.145884E-08,-1.5022070E-01
2.150884E-08,-1.5011528E-01
2.155884E-08,-1.5000986E-01
2.160884E-08,-1.4979903E-01
2.165884E-08,-1.4964090E-01
2.170884E-08,-1.4943006E-01
2.175884E-08,-1.4916652E-01
2.180884E-08,-1.4895568E-01
2.185884E-08,-1.4869214E-01
2.190884E-08,-1.4842859E-01
2.195884E-08,-1.4821776E-01
2.200884E-08,-1.4800692E-01
2.205884E-08,-1.4779608E-01
2.210884E-08,-1.4763796E-01
2.215884E-08,-1.4747983E-01
2.220884E-08,-1.4737441E-01
2.225884E-08,-1.4732170E-01
2.230884E-08,-1.4732170E-01
2.235884E-08,-1.4737441E-01
2.240884E-08,-1.4742712E-01
2.245884E-08,-1.4758525E-01
2.250884E-08,-1.4774337E-01
2.255884E-08,-1.4795421E-01
2.260884E-08,-1.4821776E-01
2.265884E-08,-1.4853401E-01
2.270884E-08,-1.4879755E-01
2.275884E-08,-1.4916652E-01
2.280884E-08,-1.4948277E-01
2.285884E-08,-1.4985173E-01
2.290884E-08,-1.5016799E-01
2.295884E-08,-1.5048424E-01
2.300884E-08,-1.5080050E-01
2.305884E-08,-1.5101133E-01
2.310884E-08,-1.5122217E-01
2.315884E-08,-1.5143301E-01
2.320884E-08,-1.5153842E-01
2.325884E-08,-1.5159113E-01
2.330884E-08,-1.5159113E-01
2.335884E-08,-1.5153842E-01
2.340884E-08,-1.5138030E-01
2.345884E-08,-1.5116946E-01
2.350884E-08,-1.5090592E-01
2.355884E-08,-1.5058966E-01
2.360884E-08,-1.5022070E-01
2.365884E-08,-1.4979903E-01
2.370884E-08,-1.4937735E-01
2.375884E-08,-1.4890297E-01
2.380884E-08,-1.4842859E-01
2.385884E-08,-1.4795421E-01
2.390884E-08,-1.4747983E-01
2.395884E-08,-1.4700545E-01
2.400884E-08,-1.4663649E-01
2.405884E-08,-1.4626752E-01
2.410884E-08,-1.4595127E-01
2.415884E-08,-1.4568772E-01
2.420884E-08,-1.4552960E-01
2.425884E-08,-1.4542418E-01
2.430884E-08,-1.4542418E-01
2.435884E-08,-1.4547689E-01
2.440884E-08,-1.4568772E-01
2.445884E-08,-1.4589856E-01
2.450884E-08,-1.4626752E-01
2.455884E-08,-1.4663649E-01
2.460884E-08,-1.4711087E-01
2.465884E-08,-1.4763796E-01
2.470884E-08,-1.4821776E-01
2.475884E-08,-1.4885026E-01
2.480884E-08,-1.4943006E-01
2.485884E-08,-1.5006257E-01
2.490884E-08,-1.5064237E-01
2.495884E-08,-1.5122217E-01
2.500884E-08,-1.5169655E-01
2.505884E-08,-1.5211822E-01
2.510884E-08,-1.5248719E-01
2.515884E-08,-1.5275073E-01
2.520884E-08,-1.5290886E-01
2.525884E-08,-1.5296157E-01
2.530884E-08,-1.5285615E-01
2.535884E-08,-1.5264531E-01
2.540884E-08,-1.5232906E-01
2.545884E-08,-1.5185468E-01
2.550884E-08,-1.5127488E-01
2.555884E-08,-1.5058966E-01
2.560884E-08,-1.4985173E-01
2.565884E-08,-1.4900839E-01
2.570884E-08,-1.4811234E-01
2.575884E-08,-1.4716358E-01
2.580884E-08,-1.4621481E-01
2.585884E-08,-1.4526605E-01
2.590884E-08,-1.4437000E-01
2.595884E-08,-1.4352665E-01
2.600884E-08,-1.4278873E-01
2.605884E-08,-1.4215622E-01
2.610884E-08,-1.4168184E-01
2.615884E-08,-1.4136558E-01
2.620884E-08,-1.4120746E-01
2.625884E-08,-1.4126017E-01
2.630884E-08,-1.4147100E-01
2.635884E-08,-1.4194538E-01
2.640884E-08,-1.4263060E-01
2.645884E-08,-1.4347394E-01
2.650884E-08,-1.4458083E-01
2.655884E-08,-1.4584585E-01
2.660884E-08,-1.4721628E-01
2.665884E-08,-1.4879755E-01
2.670884E-08,-1.5043153E-01
2.675884E-08,-1.5217093E-01
2.680884E-08,-1.5385762E-01
2.685884E-08,-1.5559702E-01
2.690884E-08,-1.5717829E-01
2.695884E-08,-1.5870685E-01
2.700884E-08,-1.5997187E-01
2.705884E-08,-1.6102605E-01
2.710884E-08,-1.6176397E-01
2.715884E-08,-1.6213294E-01
2.720884E-08,-1.6208023E-01
2.725884E-08,-1.6155314E-01
2.730884E-08,-1.6049896E-01
2.735884E-08,-1.5891769E-01
2.740884E-08,-1.5665120E-01
2.745884E-08,-1.5375220E-01
2.750884E-08,-1.5022070E-01
2.755884E-08,-1.4595127E-01
2.760884E-08,-1.4099662E-01
2.765884E-08,-1.3535676E-01
2.770884E-08,-1.2897897E-01
2.775884E-08,-1.2196867E-01
2.780884E-08,-1.1427315E-01
2.785884E-08,-1.0594513E-01
2.790884E-08,-9.698459E-02
2.795884E-08,-8.754968E-02
2.800884E-08,-7.764039E-02
2.805884E-08,-6.725671E-02
2.810884E-08,-5.655678E-02
2.815884E-08,-4.559331E-02
2.820884E-08,-3.441899E-02
2.825884E-08,-2.313927E-02
2.830884E-08,-1.180683E-02
2.835884E-08,-5.2710E-04
2.840884E-08,1.064721E-02
2.845884E-08,2.161069E-02
2.850884E-08,3.225791E-02
2.855884E-08,4.258887E-02
2.860884E-08,5.249817E-02
2.865884E-08,6.188037E-02
2.870884E-08,7.078820E-02
2.875884E-08,7.911622E-02
2.880884E-08,8.681174E-02
2.885884E-08,9.382204E-02
2.890884E-08,1.0019983E-01
2.895884E-08,1.0594511E-01
2.900884E-08,1.1095247E-01
2.905884E-08,1.1532731E-01
2.910884E-08,1.1901695E-01
2.915884E-08,1.2207407E-01
2.920884E-08,1.2455139E-01
2.925884E-08,1.2644892E-01
2.930884E-08,1.2781935E-01
2.935884E-08,1.2871540E-01
2.940884E-08,1.2918978E-01
2.945884E-08,1.2929520E-01
2.950884E-08,1.2903166E-01
2.955884E-08,1.2855728E-01
2.960884E-08,1.2787206E-01
2.965884E-08,1.2702872E-01
2.970884E-08,1.2613266E-01
2.975884E-08,1.2513119E-01
2.980884E-08,1.2412972E-01
2.985884E-08,1.2318096E-01
2.990884E-08,1.2233761E-01
2.995884E-08,1.2154698E-01
3.000884E-08,1.2091447E-01
3.005884E-08,1.2044009E-01
3.010884E-08,1.2012383E-01
3.015884E-08,1.1996571E-01
3.020884E-08,1.2001842E-01
3.025884E-08,1.2022925E-01
3.030884E-08,1.2054551E-01
3.035884E-08,1.2107260E-01
3.040884E-08,1.2170510E-01
3.045884E-08,1.2244303E-01
3.050884E-08,1.2328638E-01
3.055884E-08,1.2412972E-01
3.060884E-08,1.2507848E-01
3.065884E-08,1.2597453E-01
3.070884E-08,1.2687059E-01
3.075884E-08,1.2771393E-01
3.080884E-08,1.2845186E-01
3.085884E-08,1.2913708E-01
3.090884E-08,1.2966417E-01
3.095884E-08,1.3008584E-01
3.100884E-08,1.3034938E-01
3.105884E-08,1.3045480E-01
3.110884E-08,1.3040209E-01
3.115884E-08,1.3024397E-01
3.120884E-08,1.2987500E-01
3.125884E-08,1.2934791E-01
3.130884E-08,1.2871540E-01
3.135884E-08,1.2792477E-01
3.140884E-08,1.2702872E-01
3.145884E-08,1.2607995E-01
3.150884E-08,1.2502577E-01
3.155884E-08,1.2397159E-01
3.160884E-08,1.2286470E-01
3.165884E-08,1.2175781E-01
3.170884E-08,1.2070363E-01
3.175884E-08,1.1970216E-01
3.180884E-08,1.1875340E-01
3.185884E-08,1.1791006E-01
3.190884E-08,1.1717213E-01
3.195884E-08,1.1653962E-01
3.200884E-08,1.1601253E-01
3.205884E-08,1.1569628E-01
3.210884E-08,1.1543273E-01
3.215884E-08,1.1538002E-01
3.220884E-08,1.1543273E-01
3.225884E-08,1.1564357E-01
3.230884E-08,1.1595982E-01
3.235884E-08,1.1638149E-01
3.240884E-08,1.1685588E-01
3.245884E-08,1.1743567E-01
3.250884E-08,1.1806818E-01
3.255884E-08,1.1875340E-01
3.260884E-08,1.1943862E-01
3.265884E-08,1.2007113E-01
3.270884E-08,1.2070363E-01
3.275884E-08,1.2128343E-01
3.280884E-08,1.2181052E-01
3.285884E-08,1.2223219E-01
3.290884E-08,1.2254845E-01
3.295884E-08,1.2270658E-01
3.300884E-08,1.2281199E-01
3.305884E-08,1.2275929E-01
3.310884E-08,1.2254845E-01
3.315884E-08,1.2223219E-01
3.320884E-08,1.2181052E-01
3.325884E-08,1.2123072E-01
3.330884E-08,1.2054551E-01
3.335884E-08,1.1980758E-01
3.340884E-08,1.1896424E-01
3.345884E-08,1.1806818E-01
3.350884E-08,1.1717213E-01
3.355884E-08,1.1622337E-01
3.360884E-08,1.1527461E-01
3.365884E-08,1.1437855E-01
3.370884E-08,1.1353521E-01
3.375884E-08,1.1274457E-01
3.380884E-08,1.1205936E-01
3.385884E-08,1.1142685E-01
3.390884E-08,1.1100517E-01
3.395884E-08,1.1063621E-01
3.400884E-08,1.1047808E-01
3.405884E-08,1.1037267E-01
3.410884E-08,1.1047808E-01
3.415884E-08,1.1074163E-01
3.420884E-08,1.1105788E-01
3.425884E-08,1.1158497E-01
3.430884E-08,1.1216477E-01
3.435884E-08,1.1284999E-01
3.440884E-08,1.1358792E-01
3.445884E-08,1.1443126E-01
3.450884E-08,1.1527461E-01
3.455884E-08,1.1611795E-01
3.460884E-08,1.1696129E-01
3.465884E-08,1.1769922E-01
3.470884E-08,1.1843715E-01
3.475884E-08,1.1901695E-01
3.480884E-08,1.1954404E-01
3.485884E-08,1.1991300E-01
3.490884E-08,1.2012383E-01
3.495884E-08,1.2017654E-01
3.500884E-08,1.2007113E-01
3.505884E-08,1.1975487E-01
3.510884E-08,1.1928049E-01
3.515884E-08,1.1864798E-01
3.520884E-08,1.1785735E-01
3.525884E-08,1.1696129E-01
3.530884E-08,1.1590711E-01
3.535884E-08,1.1474751E-01
3.540884E-08,1.1348250E-01
3.545884E-08,1.1221748E-01
3.550884E-08,1.1089976E-01
3.555884E-08,1.0963474E-01
3.560884E-08,1.0836972E-01
3.565884E-08,1.0721013E-01
3.570884E-08,1.0620865E-01
3.575884E-08,1.0531260E-01
3.580884E-08,1.0457468E-01
3.585884E-08,1.0404759E-01
3.590884E-08,1.0373133E-01
3.595884E-08,1.0367862E-01
3.600884E-08,1.0388946E-01
3.605884E-08,1.0431113E-01
3.610884E-08,1.0499635E-01
3.615884E-08,1.0599782E-01
3.620884E-08,1.0715742E-01
3.625884E-08,1.0858056E-01
3.630884E-08,1.1021454E-01
3.635884E-08,1.1195394E-01
3.640884E-08,1.1385146E-01
3.645884E-08,1.1580170E-01
3.650884E-08,1.1775193E-01
3.655884E-08,1.1970216E-01
3.660884E-08,1.2159969E-01
3.665884E-08,1.2328638E-01
3.670884E-08,1.2476223E-01
3.675884E-08,1.2602724E-01
3.680884E-08,1.2687059E-01
3.685884E-08,1.2739768E-01
3.690884E-08,1.2739768E-01
3.695884E-08,1.2692330E-01
3.700884E-08,1.2586912E-01
3.705884E-08,1.2418243E-01
3.710884E-08,1.2191594E-01
3.715884E-08,1.1891153E-01
3.720884E-08,1.1522190E-01
3.725884E-08,1.1084705E-01
3.730884E-08,1.0573427E-01
3.735884E-08,9.988357E-02
3.740884E-08,9.334766E-02
3.745884E-08,8.612652E-02
3.750884E-08,7.827288E-02
3.755884E-08,6.978673E-02
3.760884E-08,6.072078E-02
3.765884E-08,5.118044E-02
3.770884E-08,4.116573E-02
3.775884E-08,3.078206E-02
3.780884E-08,2.013484E-02
3.785884E-08,9.17136E-03
3.790884E-08,-1.89753E-03
3.795884E-08,-1.301913E-02
3.800884E-08,-2.414074E-02
3.805884E-08,-3.520963E-02
3.810884E-08,-4.606769E-02
3.815884E-08,-5.671491E-02
3.820884E-08,-6.699317E-02
3.825884E-08,-7.695517E-02
3.830884E-08,-8.644279E-02
3.835884E-08,-9.545603E-02
3.840884E-08,-1.0394218E-01
3.845884E-08,-1.1184854E-01
3.850884E-08,-1.1912238E-01
3.855884E-08,-1.2581642E-01
3.860884E-08,-1.3182525E-01
3.865884E-08,-1.3720157E-01
3.870884E-08,-1.4194538E-01
3.875884E-08,-1.4605669E-01
3.880884E-08,-1.4953548E-01
3.885884E-08,-1.5243448E-01
3.890884E-08,-1.5480638E-01
3.895884E-08,-1.5665120E-01
3.900884E-08,-1.5802163E-01
3.905884E-08,-1.5891769E-01
3.910884E-08,-1.5949748E-01
3.915884E-08,-1.5970832E-01
3.920884E-08,-1.5960290E-01
3.925884E-08,-1.5928665E-01
3.930884E-08,-1.5881227E-01
3.935884E-08,-1.5817976E-01
3.940884E-08,-1.5744183E-01
3.945884E-08,-1.5670391E-01
3.950884E-08,-1.5591327E-01
3.955884E-08,-1.5517535E-01
3.960884E-08,-1.5449013E-01
3.965884E-08,-1.5385762E-01
3.970884E-08,-1.5333053E-01
3.975884E-08,-1.5296157E-01
3.980884E-08,-1.5269802E-01
3.985884E-08,-1.5253989E-01
3.990884E-08,-1.5253989E-01
3.995884E-08,-1.5264531E-01
4.000884E-08,-1.5290886E-01
4.005884E-08,-1.5322511E-01
4.010884E-08,-1.5364678E-01
4.015884E-08,-1.5417387E-01
4.020884E-08,-1.5475367E-01
4.025884E-08,-1.5538618E-01
4.030884E-08,-1.5601869E-01
4.035884E-08,-1.5665120E-01
4.040884E-08,-1.5728371E-01
4.045884E-08,-1.5781080E-01
4.050884E-08,-1.5833789E-01
4.055884E-08,-1.5881227E-01
4.060884E-08,-1.5912852E-01
4.065884E-08,-1.5939207E-01
4.070884E-08,-1.5955019E-01
4.075884E-08,-1.5955019E-01
4.080884E-08,-1.5944478E-01
4.085884E-08,-1.5923394E-01
4.090884E-08,-1.5891769E-01
4.095884E-08,-1.5849601E-01
4.100884E-08,-1.5796892E-01
4.105884E-08,-1.5733641E-01
4.110884E-08,-1.5659849E-01
4.115884E-08,-1.5580785E-01
4.120884E-08,-1.5496451E-01
4.125884E-08,-1.5406846E-01
4.130884E-08,-1.5317240E-01
4.135884E-08,-1.5227635E-01
4.140884E-08,-1.5132759E-01
4.145884E-08,-1.5048424E-01
4.150884E-08,-1.4958819E-01
4.155884E-08,-1.4879755E-01
4.160884E-08,-1.4800692E-01
4.165884E-08,-1.4732170E-01
4.170884E-08,-1.4668919E-01
4.175884E-08,-1.4616210E-01
4.180884E-08,-1.4568772E-01
4.185884E-08,-1.4531876E-01
4.190884E-08,-1.4500251E-01
4.195884E-08,-1.4479167E-01
4.200884E-08,-1.4463354E-01
4.205884E-08,-1.4452812E-01
4.210884E-08,-1.4447542E-01
4.215884E-08,-1.4452812E-01
4.220884E-08,-1.4458083E-01
4.225884E-08,-1.4463354E-01
4.230884E-08,-1.4473896E-01
4.235884E-08,-1.4489709E-01
4.240884E-08,-1.4500251E-01
4.245884E-08,-1.4510792E-01
4.250884E-08,-1.4521334E-01
4.255884E-08,-1.4526605E-01
4.260884E-08,-1.4531876E-01
4.265884E-08,-1.4531876E-01
4.270884E-08,-1.4526605E-01
4.275884E-08,-1.4521334E-01
4.280884E-08,-1.4505521E-01
4.285884E-08,-1.4489709E-01
4.290884E-08,-1.4463354E-01
4.295884E-08,-1.4437000E-01
4.300884E-08,-1.4405374E-01
4.305884E-08,-1.4373749E-01
4.310884E-08,-1.4336853E-01
4.315884E-08,-1.4299956E-01
4.320884E-08,-1.4257789E-01
4.325884E-08,-1.4220893E-01
4.330884E-08,-1.4178726E-01
4.335884E-08,-1.4141829E-01
4.340884E-08,-1.4099662E-01
4.345884E-08,-1.4068037E-01
4.350884E-08,-1.4031140E-01
4.355884E-08,-1.4004786E-01
4.360884E-08,-1.3978431E-01
4.365884E-08,-1.3957348E-01
4.370884E-08,-1.3941535E-01
4.375884E-08,-1.3930993E-01
4.380884E-08,-1.3925722E-01
4.385884E-08,-1.3925722E-01
4.390884E-08,-1.3925722E-01
4.395884E-08,-1.3930993E-01
4.400884E-08,-1.3941535E-01
4.405884E-08,-1.3957348E-01
4.410884E-08,-1.3973160E-01
4.415884E-08,-1.3994244E-01
4.420884E-08,-1.4015328E-01
4.425884E-08,-1.4036411E-01
4.430884E-08,-1.4057495E-01
4.435884E-08,-1.4083849E-01
4.440884E-08,-1.4104933E-01
4.445884E-08,-1.4126017E-01
4.450884E-08,-1.4141829E-01
4.455884E-08,-1.4157642E-01
4.460884E-08,-1.4173455E-01
4.465884E-08,-1.4183996E-01
4.470884E-08,-1.4194538E-01
4.475884E-08,-1.4199809E-01
4.480884E-08,-1.4199809E-01
4.485884E-08,-1.4199809E-01
4.490884E-08,-1.4199809E-01
4.495884E-08,-1.4194538E-01
4.500884E-08,-1.4183996E-01
4.505884E-08,-1.4178726E-01
4.510884E-08,-1.4168184E-01
4.515884E-08,-1.4152371E-01
4.520884E-08,-1.4141829E-01
4.525884E-08,-1.4131287E-01
4.530884E-08,-1.4120746E-01
4.535884E-08,-1.4110204E-01
4.540884E-08,-1.4099662E-01
4.545884E-08,-1.4094391E-01
4.550884E-08,-1.4094391E-01
4.555884E-08,-1.4094391E-01
4.560884E-08,-1.4094391E-01
4.565884E-08,-1.4099662E-01
4.570884E-08,-1.4110204E-01
4.575884E-08,-1.4120746E-01
4.580884E-08,-1.4136558E-01
4.585884E-08,-1.4152371E-01
4.590884E-08,-1.4173455E-01
4.595884E-08,-1.4199809E-01
4.600884E-08,-1.4226164E-01
4.605884E-08,-1.4257789E-01
4.610884E-08,-1.4284144E-01
4.615884E-08,-1.4321040E-01
4.620884E-08,-1.4352665E-01
4.625884E-08,-1.4384291E-01
4.630884E-08,-1.4415916E-01
4.635884E-08,-1.4452812E-01
4.640884E-08,-1.4484438E-01
4.645884E-08,-1.4510792E-01
4.650884E-08,-1.4542418E-01
4.655884E-08,-1.4568772E-01
4.660884E-08,-1.4595127E-01
4.665884E-08,-1.4621481E-01
4.670884E-08,-1.4642565E-01
4.675884E-08,-1.4658378E-01
4.680884E-08,-1.4674190E-01
4.685884E-08,-1.4690003E-01
4.690884E-08,-1.4700545E-01
4.695884E-08,-1.4711087E-01
4.700884E-08,-1.4721628E-01
4.705884E-08,-1.4732170E-01
4.710884E-08,-1.4737441E-01
4.715884E-08,-1.4742712E-01
4.720884E-08,-1.4747983E-01
4.725884E-08,-1.4753254E-01
4.730884E-08,-1.4758525E-01
4.735884E-08,-1.4763796E-01
4.740884E-08,-1.4774337E-01
4.745884E-08,-1.4779608E-01
4.750884E-08,-1.4790150E-01
4.755884E-08,-1.4795421E-01
4.760884E-08,-1.4805963E-01
4.765884E-08,-1.4821776E-01
4.770884E-08,-1.4832317E-01
4.775884E-08,-1.4848130E-01
4.780884E-08,-1.4863943E-01
4.785884E-08,-1.4885026E-01
4.790884E-08,-1.4900839E-01
4.795884E-08,-1.4921923E-01
4.800884E-08,-1.4937735E-01
4.805884E-08,-1.4958819E-01
4.810884E-08,-1.4979903E-01
4.815884E-08,-1.5000986E-01
4.820884E-08,-1.5016799E-01
4.825884E-08,-1.5037883E-01
4.830884E-08,-1.5053695E-01
4.835884E-08,-1.5069508E-01
4.840884E-08,-1.5085321E-01
4.845884E-08,-1.5095862E-01
4.850884E-08,-1.5106404E-01
4.855884E-08,-1.5111675E-01
4.860884E-08,-1.5116946E-01
4.865884E-08,-1.5116946E-01
4.870884E-08,-1.5116946E-01
4.875884E-08,-1.5111675E-01
4.880884E-08,-1.5106404E-01
4.885884E-08,-1.5101133E-01
4.890884E-08,-1.5085321E-01
4.895884E-08,-1.5074779E-01
4.900884E-08,-1.5058966E-01
4.905884E-08,-1.5043153E-01
4.910884E-08,-1.5027341E-01
4.915884E-08,-1.5011528E-01
4.920884E-08,-1.4990444E-01
4.925884E-08,-1.4974632E-01
4.930884E-08,-1.4958819E-01
4.935884E-08,-1.4943006E-01
4.940884E-08,-1.4927194E-01
4.945884E-08,-1.4911381E-01
4.950884E-08,-1.4900839E-01
4.955884E-08,-1.4890297E-01
4.960884E-08,-1.4879755E-01
4.965884E-08,-1.4874485E-01
4.970884E-08,-1.4869214E-01
4.975884E-08,-1.4869214E-01
4.980884E-08,-1.4869214E-01
4.985884E-08,-1.4869214E-01
4.990884E-08,-1.4874485E-01
4.995884E-08,-1.4879755E-01
5.000884E-08,-1.4885026E-01
5.005884E-08,-1.4890297E-01
5.010884E-08,-1.4900839E-01
5.015884E-08,-1.4906110E-01
5.020884E-08,-1.4916652E-01
5.025884E-08,-1.4927194E-01
5.030884E-08,-1.4932464E-01
5.035884E-08,-1.4943006E-01
5.040884E-08,-1.4948277E-01
5.045884E-08,-1.4953548E-01
5.050884E-08,-1.4953548E-01
5.055884E-08,-1.4958819E-01
5.060884E-08,-1.4958819E-01
5.065884E-08,-1.4953548E-01
5.070884E-08,-1.4948277E-01
5.075884E-08,-1.4943006E-01
5.080884E-08,-1.4932464E-01
5.085884E-08,-1.4921923E-01
5.090884E-08,-1.4906110E-01
5.095884E-08,-1.4895568E-01
5.100884E-08,-1.4874485E-01
5.105884E-08,-1.4858672E-01
5.110884E-08,-1.4837588E-01
5.115884E-08,-1.4821776E-01
5.120884E-08,-1.4800692E-01
5.125884E-08,-1.4779608E-01
5.130884E-08,-1.4758525E-01
5.135884E-08,-1.4742712E-01
5.140884E-08,-1.4721628E-01
5.145884E-08,-1.4705816E-01
5.150884E-08,-1.4690003E-01
5.155884E-08,-1.4674190E-01
5.160884E-08,-1.4663649E-01
5.165884E-08,-1.4653107E-01
5.170884E-08,-1.4647836E-01
5.175884E-08,-1.4637294E-01
5.180884E-08,-1.4637294E-01
5.185884E-08,-1.4632023E-01
5.190884E-08,-1.4632023E-01
5.195884E-08,-1.4637294E-01
5.200884E-08,-1.4637294E-01
5.205884E-08,-1.4642565E-01
5.210884E-08,-1.4653107E-01
5.215884E-08,-1.4658378E-01
5.220884E-08,-1.4668919E-01
5.225884E-08,-1.4679461E-01
5.230884E-08,-1.4690003E-01
5.235884E-08,-1.4695274E-01
5.240884E-08,-1.4705816E-01
5.245884E-08,-1.4716358E-01
5.250884E-08,-1.4726899E-01
5.255884E-08,-1.4732170E-01
5.260884E-08,-1.4737441E-01
5.265884E-08,-1.4742712E-01
5.270884E-08,-1.4747983E-01
5.275884E-08,-1.4753254E-01
5.280884E-08,-1.4753254E-01
5.285884E-08,-1.4753254E-01
5.290884E-08,-1.4753254E-01
5.295884E-08,-1.4747983E-01
5.300884E-08,-1.4742712E-01
5.305884E-08,-1.4742712E-01
5.310884E-08,-1.4737441E-01
5.315884E-08,-1.4726899E-01
5.320884E-08,-1.4721628E-01
5.325884E-08,-1.4716358E-01
5.330884E-08,-1.4711087E-01
5.335884E-08,-1.4700545E-01
5.340884E-08,-1.4695274E-01
5.345884E-08,-1.4690003E-01
5.350884E-08,-1.4684732E-01
5.355884E-08,-1.4684732E-01
5.360884E-08,-1.4684732E-01
5.365884E-08,-1.4684732E-01
5.370884E-08,-1.4684732E-01
5.375884E-08,-1.4690003E-01
5.380884E-08,-1.4695274E-01
5.385884E-08,-1.4700545E-01
5.390884E-08,-1.4711087E-01
5.395884E-08,-1.4721628E-01
5.400884E-08,-1.4737441E-01
5.405884E-08,-1.4753254E-01
5.410884E-08,-1.4769067E-01
5.415884E-08,-1.4784879E-01
5.420884E-08,-1.4800692E-01
5.425884E-08,-1.4821776E-01
5.430884E-08,-1.4842859E-01
5.435884E-08,-1.4863943E-01
5.440884E-08,-1.4885026E-01
5.445884E-08,-1.4906110E-01
5.450884E-08,-1.4921923E-01
5.455884E-08,-1.4943006E-01
5.460884E-08,-1.4964090E-01
5.465884E-08,-1.4979903E-01
5.470884E-08,-1.5000986E-01
5.475884E-08,-1.5016799E-01
5.480884E-08,-1.5027341E-01
5.485884E-08,-1.5043153E-01
5.490884E-08,-1.5053695E-01
5.495884E-08,-1.5064237E-01
5.500884E-08,-1.5074779E-01
5.505884E-08,-1.5080050E-01
5.510884E-08,-1.5090592E-01
5.515884E-08,-1.5095862E-01
5.520884E-08,-1.5095862E-01
5.525884E-08,-1.5101133E-01
5.530884E-08,-1.5101133E-01
5.535884E-08,-1.5101133E-01
5.540884E-08,-1.5101133E-01
5.545884E-08,-1.5101133E-01
5.550884E-08,-1.5101133E-01
5.555884E-08,-1.5101133E-01
5.560884E-08,-1.5101133E-01
5.565884E-08,-1.5101133E-01
5.570884E-08,-1.5101133E-01
5.575884E-08,-1.5101133E-01
5.580884E-08,-1.5106404E-01
5.585884E-08,-1.5106404E-01
5.590884E-08,-1.5106404E-01
5.595884E-08,-1.5111675E-01
5.600884E-08,-1.5111675E-01
5.605884E-08,-1.5116946E-01
5.610884E-08,-1.5122217E-01
5.615884E-08,-1.5127488E-01
5.620884E-08,-1.5132759E-01
5.625884E-08,-1.5138030E-01
5.630884E-08,-1.5143301E-01
5.635884E-08,-1.5148571E-01
5.640884E-08,-1.5153842E-01
5.645884E-08,-1.5159113E-01
5.650884E-08,-1.5164384E-01
5.655884E-08,-1.5169655E-01
5.660884E-08,-1.5174926E-01
5.665884E-08,-1.5180197E-01
5.670884E-08,-1.5185468E-01
5.675884E-08,-1.5185468E-01
5.680884E-08,-1.5190739E-01
5.685884E-08,-1.5190739E-01
5.690884E-08,-1.5190739E-01
5.695884E-08,-1.5190739E-01
5.700884E-08,-1.5190739E-01
5.705884E-08,-1.5185468E-01
5.710884E-08,-1.5185468E-01
5.715884E-08,-1.5180197E-01
5.720884E-08,-1.5174926E-01
5.725884E-08,-1.5169655E-01
5.730884E-08,-1.5164384E-01
5.735884E-08,-1.5153842E-01
5.740884E-08,-1.5148571E-01
5.745884E-08,-1.5138030E-01
5.750884E-08,-1.5127488E-01
5.755884E-08,-1.5122217E-01
5.760884E-08,-1.5111675E-01
5.765884E-08,-1.5101133E-01
5.770884E-08,-1.5095862E-01
5.775884E-08,-1.5085321E-01
5.780884E-08,-1.5074779E-01
5.785884E-08,-1.5064237E-01
5.790884E-08,-1.5053695E-01
5.795884E-08,-1.5043153E-01
5.800884E-08,-1.5032612E-01
5.805884E-08,-1.5022070E-01
5.810884E-08,-1.5011528E-01
5.815884E-08,-1.5000986E-01
5.820884E-08,-1.4990444E-01
5.825884E-08,-1.4985173E-01
5.830884E-08,-1.4974632E-01
5.835884E-08,-1.4964090E-01
5.840884E-08,-1.4958819E-01
5.845884E-08,-1.4948277E-01
5.850884E-08,-1.4943006E-01
5.855884E-08,-1.4932464E-01
5.860884E-08,-1.4927194E-01
5.865884E-08,-1.4921923E-01
5.870884E-08,-1.4916652E-01
5.875884E-08,-1.4906110E-01
5.880884E-08,-1.4900839E-01
5.885884E-08,-1.4895568E-01
5.890884E-08,-1.4890297E-01
5.895884E-08,-1.4879755E-01
5.900884E-08,-1.4874485E-01
5.905884E-08,-1.4869214E-01
5.910884E-08,-1.4863943E-01
5.915884E-08,-1.4853401E-01
5.920884E-08,-1.4848130E-01
5.925884E-08,-1.4837588E-01
5.930884E-08,-1.4832317E-01
5.935884E-08,-1.4827046E-01
5.940884E-08,-1.4816505E-01
5.945884E-08,-1.4805963E-01
5.950884E-08,-1.4800692E-01
5.955884E-08,-1.4790150E-01
5.960884E-08,-1.4784879E-01
5.965884E-08,-1.4774337E-01
5.970884E-08,-1.4769067E-01
5.975884E-08,-1.4758525E-01
5.980884E-08,-1.4753254E-01
5.985884E-08,-1.4742712E-01
5.990884E-08,-1.4737441E-01
5.995884E-08,-1.4732170E-01
6.000884E-08,-1.4721628E-01
6.005884E-08,-1.4716358E-01
6.010884E-08,-1.4711087E-01
6.015884E-08,-1.4705816E-01
6.020884E-08,-1.4705816E-01
6.025884E-08,-1.4700545E-01
6.030884E-08,-1.4695274E-01
6.035884E-08,-1.4695274E-01
6.040884E-08,-1.4695274E-01
6.045884E-08,-1.4690003E-01
6.050884E-08,-1.4690003E-01
6.055884E-08,-1.4690003E-01
6.060884E-08,-1.4690003E-01
6.065884E-08,-1.4690003E-01
6.070884E-08,-1.4690003E-01
6.075884E-08,-1.4690003E-01
6.080884E-08,-1.4695274E-01
6.085884E-08,-1.4695274E-01
6.090884E-08,-1.4695274E-01
6.095884E-08,-1.4695274E-01
6.100884E-08,-1.4695274E-01
6.105884E-08,-1.4695274E-01
6.110884E-08,-1.4695274E-01
6.115884E-08,-1.4695274E-01
6.120884E-08,-1.4695274E-01
6.125884E-08,-1.4695274E-01
6.130884E-08,-1.4695274E-01
6.135884E-08,-1.4695274E-01
6.140884E-08,-1.4690003E-01
6.145884E-08,-1.4690003E-01
6.150884E-08,-1.4684732E-01
6.155884E-08,-1.4684732E-01
6.160884E-08,-1.4679461E-01
6.165884E-08,-1.4679461E-01
6.170884E-08,-1.4674190E-01
6.175884E-08,-1.4674190E-01
6.180884E-08,-1.4668919E-01
6.185884E-08,-1.4668919E-01
6.190884E-08,-1.4663649E-01
6.195884E-08,-1.4663649E-01
6.200884E-08,-1.4663649E-01
6.205884E-08,-1.4663649E-01
6.210884E-08,-1.4663649E-01
6.215884E-08,-1.4663649E-01
6.220884E-08,-1.4668919E-01
6.225884E-08,-1.4668919E-01
6.230884E-08,-1.4674190E-01
6.235884E-08,-1.4679461E-01
6.240884E-08,-1.4684732E-01
6.245884E-08,-1.4695274E-01
6.250884E-08,-1.4700545E-01
6.255884E-08,-1.4711087E-01
6.260884E-08,-1.4721628E-01
6.265884E-08,-1.4732170E-01
6.270884E-08,-1.4742712E-01
6.275884E-08,-1.4758525E-01
6.280884E-08,-1.4769067E-01
6.285884E-08,-1.4784879E-01
6.290884E-08,-1.4800692E-01
6.295884E-08,-1.4816505E-01
6.300884E-08,-1.4832317E-01
6.305884E-08,-1.4842859E-01
6.310884E-08,-1.4858672E-01
6.315884E-08,-1.4874485E-01
6.320884E-08,-1.4890297E-01
6.325884E-08,-1.4906110E-01
6.330884E-08,-1.4921923E-01
6.335884E-08,-1.4937735E-01
6.340884E-08,-1.4948277E-01
6.345884E-08,-1.4964090E-01
6.350884E-08,-1.4974632E-01
6.355884E-08,-1.4990444E-01
6.360884E-08,-1.5000986E-01
6.365884E-08,-1.5011528E-01
6.370884E-08,-1.5016799E-01
6.375884E-08,-1.5027341E-01
6.380884E-08,-1.5037883E-01
6.385884E-08,-1.5043153E-01
6.390884E-08,-1.5048424E-01
6.395884E-08,-1.5058966E-01
6.400884E-08,-1.5064237E-01
6.405884E-08,-1.5069508E-01
6.410884E-08,-1.5069508E-01
6.415884E-08,-1.5074779E-01
6.420884E-08,-1.5080050E-01
6.425884E-08,-1.5080050E-01
6.430884E-08,-1.5085321E-01
6.435884E-08,-1.5085321E-01
6.440884E-08,-1.5085321E-01
6.445884E-08,-1.5085321E-01
6.450884E-08,-1.5090592E-01
6.455884E-08,-1.5090592E-01
6.460884E-08,-1.5090592E-01
6.465884E-08,-1.5090592E-01
6.470884E-08,-1.5090592E-01
6.475884E-08,-1.5090592E-01
6.480884E-08,-1.5090592E-01
6.485884E-08,-1.5090592E-01
6.490884E-08,-1.5090592E-01
6.495884E-08,-1.5090592E-01
6.500884E-08,-1.5090592E-01
6.505884E-08,-1.5090592E-01
6.510884E-08,-1.5090592E-01
6.515884E-08,-1.5090592E-01
6.520884E-08,-1.5090592E-01
6.525884E-08,-1.5090592E-01
6.530884E-08,-1.5090592E-01
6.535884E-08,-1.5090592E-01
6.540884E-08,-1.5090592E-01
6.545884E-08,-1.5090592E-01
6.550884E-08,-1.5090592E-01
6.555884E-08,-1.5090592E-01
6.560884E-08,-1.5090592E-01
6.565884E-08,-1.5090592E-01
6.570884E-08,-1.5090592E-01
6.575884E-08,-1.5085321E-01
6.580884E-08,-1.5085321E-01
6.585884E-08,-1.5085321E-01
6.590884E-08,-1.5085321E-01
6.595884E-08,-1.5085321E-01
6.600884E-08,-1.5080050E-01
6.605884E-08,-1.5080050E-01
6.610884E-08,-1.5080050E-01
6.615884E-08,-1.5080050E-01
6.620884E-08,-1.5074779E-01
6.625884E-08,-1.5074779E-01
6.630884E-08,-1.5074779E-01
6.635884E-08,-1.5069508E-01
6.640884E-08,-1.5069508E-01
6.645884E-08,-1.5064237E-01
6.650884E-08,-1.5064237E-01
6.655884E-08,-1.5058966E-01
6.660884E-08,-1.5058966E-01
6.665884E-08,-1.5053695E-01
6.670884E-08,-1.5053695E-01
6.675884E-08,-1.5048424E-01
6.680884E-08,-1.5043153E-01
6.685884E-08,-1.5043153E-01
6.690884E-08,-1.5037883E-01
6.695884E-08,-1.5032612E-01
6.700884E-08,-1.5027341E-01
6.705884E-08,-1.5022070E-01
6.710884E-08,-1.5022070E-01
6.715884E-08,-1.5016799E-01
6.720884E-08,-1.5011528E-01
6.725884E-08,-1.5006257E-01
6.730884E-08,-1.5000986E-01
6.735884E-08,-1.4995715E-01
6.740884E-08,-1.4990444E-01
6.745884E-08,-1.4985173E-01
6.750884E-08,-1.4979903E-01
6.755884E-08,-1.4979903E-01
6.760884E-08,-1.4974632E-01
6.765884E-08,-1.4969361E-01
6.770884E-08,-1.4964090E-01
6.775884E-08,-1.4964090E-01
6.780884E-08,-1.4958819E-01
6.785884E-08,-1.4953548E-01
6.790884E-08,-1.4953548E-01
6.795884E-08,-1.4948277E-01
6.800884E-08,-1.4948277E-01
6.805884E-08,-1.4943006E-01
6.810884E-08,-1.4943006E-01
6.815884E-08,-1.4937735E-01
6.820884E-08,-1.4937735E-01
6.825884E-08,-1.4937735E-01
6.830884E-08,-1.4932464E-01
6.835884E-08,-1.4932464E-01
6.840884E-08,-1.4932464E-01
6.845884E-08,-1.4932464E-01
6.850884E-08,-1.4932464E-01
6.855884E-08,-1.4927194E-01
6.860884E-08,-1.4927194E-01
6.865884E-08,-1.4927194E-01
6.870884E-08,-1.4921923E-01
6.875884E-08,-1.4921923E-01
6.880884E-08,-1.4921923E-01
6.885884E-08,-1.4916652E-01
6.890884E-08,-1.4916652E-01
6.895884E-08,-1.4911381E-01
6.900884E-08,-1.4911381E-01
6.905884E-08,-1.4906110E-01
6.910884E-08,-1.4906110E-01
6.915884E-08,-1.4900839E-01
6.920884E-08,-1.4900839E-01
6.925884E-08,-1.4895568E-01
6.930884E-08,-1.4895568E-01
6.935884E-08,-1.4890297E-01
6.940884E-08,-1.4885026E-01
6.945884E-08,-1.4885026E-01
6.950884E-08,-1.4879755E-01
6.955884E-08,-1.4879755E-01
6.960884E-08,-1.4874485E-01
6.965884E-08,-1.4874485E-01
6.970884E-08,-1.4869214E-01
6.975884E-08,-1.4869214E-01
6.980884E-08,-1.4869214E-01
6.985884E-08,-1.4869214E-01
6.990884E-08,-1.4869214E-01
6.995884E-08,-1.4869214E-01
7.000884E-08,-1.4869214E-01
7.005884E-08,-1.4869214E-01
7.010884E-08,-1.4874485E-01
7.015884E-08,-1.4874485E-01
7.020884E-08,-1.4874485E-01
7.025884E-08,-1.4879755E-01
7.030884E-08,-1.4885026E-01
7.035884E-08,-1.4885026E-01
7.040884E-08,-1.4890297E-01
7.045884E-08,-1.4895568E-01
7.050884E-08,-1.4900839E-01
7.055884E-08,-1.4906110E-01
7.060884E-08,-1.4906110E-01
7.065884E-08,-1.4911381E-01
7.070884E-08,-1.4916652E-01
7.075884E-08,-1.4921923E-01
7.080884E-08,-1.4921923E-01
7.085884E-08,-1.4927194E-01
7.090884E-08,-1.4932464E-01
7.095884E-08,-1.4932464E-01
7.100884E-08,-1.4932464E-01
7.105884E-08,-1.4937735E-01
7.110884E-08,-1.4937735E-01
7.115884E-08,-1.4937735E-01
7.120884E-08,-1.4937735E-01
7.125884E-08,-1.4937735E-01
7.130884E-08,-1.4937735E-01
7.135884E-08,-1.4937735E-01
7.140884E-08,-1.4932464E-01
7.145884E-08,-1.4932464E-01
7.150884E-08,-1.4927194E-01
7.155884E-08,-1.4927194E-01
7.160884E-08,-1.4927194E-01
7.165884E-08,-1.4921923E-01
7.170884E-08,-1.4921923E-01
7.175884E-08,-1.4916652E-01
7.180884E-08,-1.4916652E-01
7.185884E-08,-1.4911381E-01
7.190884E-08,-1.4911381E-01
7.195884E-08,-1.4911381E-01
7.200884E-08,-1.4906110E-01
7.205884E-08,-1.4906110E-01
7.210884E-08,-1.4906110E-01
7.215884E-08,-1.4906110E-01
7.220884E-08,-1.4906110E-01
7.225884E-08,-1.4906110E-01
7.230884E-08,-1.4911381E-01
7.235884E-08,-1.4911381E-01
7.240884E-08,-1.4916652E-01
7.245884E-08,-1.4916652E-01
7.250884E-08,-1.4921923E-01
7.255884E-08,-1.4921923E-01
7.260884E-08,-1.4927194E-01
7.265884E-08,-1.4932464E-01
7.270884E-08,-1.4932464E-01
7.275884E-08,-1.4937735E-01
7.280884E-08,-1.4943006E-01
7.285884E-08,-1.4943006E-01
7.290884E-08,-1.4948277E-01
7.295884E-08,-1.4953548E-01
7.300884E-08,-1.4953548E-01
7.305884E-08,-1.4958819E-01
7.310884E-08,-1.4958819E-01
7.315884E-08,-1.4958819E-01
7.320884E-08,-1.4964090E-01
7.325884E-08,-1.4964090E-01
7.330884E-08,-1.4964090E-01
7.335884E-08,-1.4964090E-01
7.340884E-08,-1.4964090E-01
7.345884E-08,-1.4964090E-01
7.350884E-08,-1.4964090E-01
7.355884E-08,-1.4964090E-01
7.360884E-08,-1.4964090E-01
7.365884E-08,-1.4964090E-01
7.370884E-08,-1.4964090E-01
7.375884E-08,-1.4964090E-01
7.380884E-08,-1.4958819E-01
7.385884E-08,-1.4958819E-01
7.390884E-08,-1.4958819E-01
7.395884E-08,-1.4958819E-01
7.400884E-08,-1.4958819E-01
7.405884E-08,-1.4958819E-01
7.410884E-08,-1.4958819E-01
7.415884E-08,-1.4958819E-01
7.420884E-08,-1.4958819E-01
7.425884E-08,-1.4964090E-01
7.430884E-08,-1.4964090E-01
7.435884E-08,-1.4964090E-01
7.440884E-08,-1.4969361E-01
7.445884E-08,-1.4969361E-01
7.450884E-08,-1.4974632E-01
7.455884E-08,-1.4974632E-01
7.460884E-08,-1.4979903E-01
7.465884E-08,-1.4985173E-01
7.470884E-08,-1.4985173E-01
7.475884E-08,-1.4990444E-01
7.480884E-08,-1.4995715E-01
7.485884E-08,-1.4995715E-01
7.490884E-08,-1.5000986E-01
7.495884E-08,-1.5000986E-01
7.500884E-08,-1.5006257E-01
7.505884E-08,-1.5006257E-01
7.510884E-08,-1.5011528E-01
7.515884E-08,-1.5011528E-01
7.520884E-08,-1.5011528E-01
7.525884E-08,-1.5011528E-01
7.530884E-08,-1.5011528E-01
7.535884E-08,-1.5006257E-01
7.540884E-08,-1.5006257E-01
7.545884E-08,-1.5006257E-01
7.550884E-08,-1.5000986E-01
7.555884E-08,-1.4995715E-01
7.560884E-08,-1.4995715E-01
7.565884E-08,-1.4990444E-01
7.570884E-08,-1.4985173E-01
7.575884E-08,-1.4979903E-01
7.580884E-08,-1.4974632E-01
7.585884E-08,-1.4969361E-01
7.590884E-08,-1.4964090E-01
7.595884E-08,-1.4958819E-01
7.600884E-08,-1.4953548E-01
7.605884E-08,-1.4948277E-01
7.610884E-08,-1.4937735E-01
7.615884E-08,-1.4932464E-01
7.620884E-08,-1.4927194E-01
7.625884E-08,-1.4927194E-01
7.630884E-08,-1.4921923E-01
7.635884E-08,-1.4916652E-01
7.640884E-08,-1.4911381E-01
7.645884E-08,-1.4911381E-01
7.650884E-08,-1.4911381E-01
7.655884E-08,-1.4906110E-01
7.660884E-08,-1.4906110E-01
7.665884E-08,-1.4906110E-01
7.670884E-08,-1.4906110E-01
7.675884E-08,-1.4906110E-01
7.680884E-08,-1.4911381E-01
7.685884E-08,-1.4911381E-01
7.690884E-08,-1.4916652E-01
7.695884E-08,-1.4916652E-01
7.700884E-08,-1.4921923E-01
7.705884E-08,-1.4927194E-01
7.710884E-08,-1.4932464E-01
7.715884E-08,-1.4932464E-01
7.720884E-08,-1.4943006E-01
7.725884E-08,-1.4948277E-01
7.730884E-08,-1.4953548E-01
7.735884E-08,-1.4958819E-01
7.740884E-08,-1.4964090E-01
7.745884E-08,-1.4969361E-01
7.750884E-08,-1.4974632E-01
7.755884E-08,-1.4979903E-01
7.760884E-08,-1.4985173E-01
7.765884E-08,-1.4985173E-01
7.770884E-08,-1.4990444E-01
7.775884E-08,-1.4995715E-01
7.780884E-08,-1.4995715E-01
7.785884E-08,-1.5000986E-01
7.790884E-08,-1.5000986E-01
7.795884E-08,-1.5000986E-01
7.800884E-08,-1.5006257E-01
7.805884E-08,-1.5006257E-01
7.810884E-08,-1.5006257E-01
7.815884E-08,-1.5000986E-01
7.820884E-08,-1.5000986E-01
7.825884E-08,-1.5000986E-01
7.830884E-08,-1.4995715E-01
7.835884E-08,-1.4990444E-01
7.840884E-08,-1.4990444E-01
7.845884E-08,-1.4985173E-01
7.850884E-08,-1.4979903E-01
7.855884E-08,-1.4974632E-01
7.860884E-08,-1.4969361E-01
7.865884E-08,-1.4964090E-01
7.870884E-08,-1.4964090E-01
7.875884E-08,-1.4958819E-01
7.880884E-08,-1.4953548E-01
7.885884E-08,-1.4948277E-01
7.890884E-08,-1.4943006E-01
7.895884E-08,-1.4943006E-01
7.900884E-08,-1.4937735E-01
7.905884E-08,-1.4932464E-01
7.910884E-08,-1.4932464E-01
7.915884E-08,-1.4932464E-01
7.920884E-08,-1.4927194E-01
7.925884E-08,-1.4927194E-01
7.930884E-08,-1.4927194E-01
7.935884E-08,-1.4927194E-01
7.940884E-08,-1.4932464E-01
7.945884E-08,-1.4932464E-01
7.950884E-08,-1.4937735E-01
7.955884E-08,-1.4937735E-01
7.960884E-08,-1.4943006E-01
7.965884E-08,-1.4948277E-01
7.970884E-08,-1.4953548E-01
7.975884E-08,-1.4958819E-01
7.980884E-08,-1.4964090E-01
7.985884E-08,-1.4969361E-01
7.990884E-08,-1.4974632E-01
7.995884E-08,-1.4979903E-01
8.000884E-08,-1.4979903E-01
8.005884E-08,-1.4985173E-01
8.010884E-08,-1.4990444E-01
8.015884E-08,-1.4995715E-01
8.020884E-08,-1.4995715E-01
8.025884E-08,-1.5000986E-01
8.030884E-08,-1.5000986E-01
8.035884E-08,-1.5000986E-01
8.040884E-08,-1.5000986E-01
8.045884E-08,-1.5000986E-01
8.050884E-08,-1.5000986E-01
8.055884E-08,-1.4995715E-01
8.060884E-08,-1.4995715E-01
8.065884E-08,-1.4990444E-01
8.070884E-08,-1.4985173E-01
8.075884E-08,-1.4979903E-01
8.080884E-08,-1.4969361E-01
8.085884E-08,-1.4964090E-01
8.090884E-08,-1.4958819E-01
8.095884E-08,-1.4948277E-01
8.100884E-08,-1.4937735E-01
8.105884E-08,-1.4932464E-01
8.110884E-08,-1.4921923E-01
8.115884E-08,-1.4911381E-01
8.120884E-08,-1.4906110E-01
8.125884E-08,-1.4895568E-01
8.130884E-08,-1.4890297E-01
8.135884E-08,-1.4879755E-01
8.140884E-08,-1.4874485E-01
8.145884E-08,-1.4869214E-01
8.150884E-08,-1.4863943E-01
8.155884E-08,-1.4858672E-01
8.160884E-08,-1.4858672E-01
8.165884E-08,-1.4853401E-01
8.170884E-08,-1.4853401E-01
8.175884E-08,-1.4853401E-01
8.180884E-08,-1.4853401E-01
8.185884E-08,-1.4853401E-01
8.190884E-08,-1.4858672E-01
8.195884E-08,-1.4863943E-01
8.200884E-08,-1.4869214E-01
8.205884E-08,-1.4874485E-01
8.210884E-08,-1.4879755E-01
8.215884E-08,-1.4885026E-01
8.220884E-08,-1.4890297E-01
8.225884E-08,-1.4895568E-01
8.230884E-08,-1.4906110E-01
8.235884E-08,-1.4911381E-01
8.240884E-08,-1.4916652E-01
8.245884E-08,-1.4927194E-01
8.250884E-08,-1.4932464E-01
8.255884E-08,-1.4937735E-01
8.260884E-08,-1.4943006E-01
8.265884E-08,-1.4948277E-01
8.270884E-08,-1.4953548E-01
8.275884E-08,-1.4953548E-01
8.280884E-08,-1.4958819E-01
8.285884E-08,-1.4958819E-01
8.290884E-08,-1.4958819E-01
8.295884E-08,-1.4958819E-01
8.300884E-08,-1.4958819E-01
8.305884E-08,-1.4958819E-01
8.310884E-08,-1.4953548E-01
8.315884E-08,-1.4953548E-01
8.320884E-08,-1.4948277E-01
8.325884E-08,-1.4948277E-01
8.330884E-08,-1.4943006E-01
8.335884E-08,-1.4943006E-01
8.340884E-08,-1.4937735E-01
8.345884E-08,-1.4937735E-01
8.350884E-08,-1.4932464E-01
8.355884E-08,-1.4932464E-01
8.360884E-08,-1.4927194E-01
8.365884E-08,-1.4927194E-01
8.370884E-08,-1.4927194E-01
8.375884E-08,-1.4932464E-01
8.380884E-08,-1.4932464E-01
8.385884E-08,-1.4932464E-01
8.390884E-08,-1.4937735E-01
8.395884E-08,-1.4943006E-01
8.400884E-08,-1.4948277E-01
8.405884E-08,-1.4953548E-01
8.410884E-08,-1.4964090E-01
8.415884E-08,-1.4974632E-01
8.420884E-08,-1.4979903E-01
8.425884E-08,-1.4990444E-01
8.430884E-08,-1.5000986E-01
8.435884E-08,-1.5011528E-01
8.440884E-08,-1.5022070E-01
8.445884E-08,-1.5032612E-01
8.450884E-08,-1.5043153E-01
8.455884E-08,-1.5053695E-01
8.460884E-08,-1.5064237E-01
8.465884E-08,-1.5074779E-01
8.470884E-08,-1.5080050E-01
8.475884E-08,-1.5090592E-01
8.480884E-08,-1.5095862E-01
8.485884E-08,-1.5106404E-01
8.490884E-08,-1.5111675E-01
8.495884E-08,-1.5116946E-01
8.500884E-08,-1.5116946E-01
8.505884E-08,-1.5122217E-01
8.510884E-08,-1.5122217E-01
8.515884E-08,-1.5122217E-01
8.520884E-08,-1.5122217E-01
8.525884E-08,-1.5116946E-01
8.530884E-08,-1.5116946E-01
8.535884E-08,-1.5111675E-01
8.540884E-08,-1.5111675E-01
8.545884E-08,-1.5106404E-01
8.550884E-08,-1.5101133E-01
8.555884E-08,-1.5095862E-01
8.560884E-08,-1.5090592E-01
8.565884E-08,-1.5080050E-01
8.570884E-08,-1.5074779E-01
8.575884E-08,-1.5069508E-01
8.580884E-08,-1.5064237E-01
8.585884E-08,-1.5058966E-01
8.590884E-08,-1.5053695E-01
8.595884E-08,-1.5048424E-01
8.600884E-08,-1.5043153E-01
8.605884E-08,-1.5043153E-01
8.610884E-08,-1.5037883E-01
8.615884E-08,-1.5037883E-01
8.620884E-08,-1.5037883E-01
8.625884E-08,-1.5037883E-01
8.630884E-08,-1.5037883E-01
8.635884E-08,-1.5037883E-01
8.640884E-08,-1.5037883E-01
8.645884E-08,-1.5037883E-01
8.650884E-08,-1.5043153E-01
8.655884E-08,-1.5043153E-01
8.660884E-08,-1.5048424E-01
8.665884E-08,-1.5048424E-01
8.670884E-08,-1.5053695E-01
8.675884E-08,-1.5058966E-01
8.680884E-08,-1.5058966E-01
8.685884E-08,-1.5064237E-01
8.690884E-08,-1.5064237E-01
8.695884E-08,-1.5069508E-01
8.700884E-08,-1.5069508E-01
8.705884E-08,-1.5074779E-01
8.710884E-08,-1.5074779E-01
8.715884E-08,-1.5074779E-01
8.720884E-08,-1.5074779E-01
8.725884E-08,-1.5074779E-01
8.730884E-08,-1.5074779E-01
8.735884E-08,-1.5074779E-01
8.740884E-08,-1.5074779E-01
8.745884E-08,-1.5069508E-01
8.750884E-08,-1.5069508E-01
8.755884E-08,-1.5064237E-01
8.760884E-08,-1.5064237E-01
8.765884E-08,-1.5058966E-01
8.770884E-08,-1.5053695E-01
8.775884E-08,-1.5048424E-01
8.780884E-08,-1.5048424E-01
8.785884E-08,-1.5043153E-01
8.790884E-08,-1.5037883E-01
8.795884E-08,-1.5032612E-01
8.800884E-08,-1.5027341E-01
8.805884E-08,-1.5022070E-01
8.810884E-08,-1.5022070E-01
8.815884E-08,-1.5016799E-01
8.820884E-08,-1.5011528E-01
8.825884E-08,-1.5011528E-01
8.830884E-08,-1.5006257E-01
8.835884E-08,-1.5000986E-01
8.840884E-08,-1.5000986E-01
8.845884E-08,-1.4995715E-01
8.850884E-08,-1.4990444E-01
8.855884E-08,-1.4990444E-01
8.860884E-08,-1.4985173E-01
8.865884E-08,-1.4985173E-01
8.870884E-08,-1.4979903E-01
8.875884E-08,-1.4979903E-01
8.880884E-08,-1.4974632E-01
8.885884E-08,-1.4974632E-01
8.890884E-08,-1.4969361E-01
8.895884E-08,-1.4969361E-01
8.900884E-08,-1.4964090E-01
8.905884E-08,-1.4964090E-01
8.910884E-08,-1.4958819E-01
8.915884E-08,-1.4958819E-01
8.920884E-08,-1.4953548E-01
8.925884E-08,-1.4948277E-01
8.930884E-08,-1.4948277E-01
8.935884E-08,-1.4943006E-01
8.940884E-08,-1.4937735E-01
8.945884E-08,-1.4937735E-01
8.950884E-08,-1.4932464E-01
8.955884E-08,-1.4927194E-01
8.960884E-08,-1.4927194E-01
8.965884E-08,-1.4921923E-01
8.970884E-08,-1.4921923E-01
8.975884E-08,-1.4916652E-01
8.980884E-08,-1.4916652E-01
8.985884E-08,-1.4911381E-01
8.990884E-08,-1.4911381E-01
8.995884E-08,-1.4911381E-01
9.000884E-08,-1.4906110E-01
9.005884E-08,-1.4906110E-01
9.010884E-08,-1.4906110E-01
9.015884E-08,-1.4906110E-01
9.020884E-08,-1.4906110E-01
9.025884E-08,-1.4911381E-01
9.030884E-08,-1.4911381E-01
9.035884E-08,-1.4911381E-01
9.040884E-08,-1.4911381E-01
9.045884E-08,-1.4916652E-01
9.050884E-08,-1.4916652E-01
9.055884E-08,-1.4916652E-01
9.060884E-08,-1.4921923E-01
9.065884E-08,-1.4921923E-01
9.070884E-08,-1.4927194E-01
9.075884E-08,-1.4927194E-01
9.080884E-08,-1.4927194E-01
9.085884E-08,-1.4932464E-01
9.090884E-08,-1.4932464E-01
9.095884E-08,-1.4937735E-01
9.100884E-08,-1.4937735E-01
9.105884E-08,-1.4937735E-01
9.110884E-08,-1.4943006E-01
9.115884E-08,-1.4943006E-01
9.120884E-08,-1.4943006E-01
9.125884E-08,-1.4948277E-01
9.130884E-08,-1.4948277E-01
9.135884E-08,-1.4948277E-01
9.140884E-08,-1.4953548E-01
9.145884E-08,-1.4953548E-01
9.150884E-08,-1.4953548E-01
9.155884E-08,-1.4958819E-01
9.160884E-08,-1.4958819E-01
9.165884E-08,-1.4964090E-01
9.170884E-08,-1.4964090E-01
9.175884E-08,-1.4969361E-01
9.180884E-08,-1.4969361E-01
9.185884E-08,-1.4974632E-01
9.190884E-08,-1.4979903E-01
9.195884E-08,-1.4985173E-01
9.200884E-08,-1.4990444E-01
9.205884E-08,-1.4995715E-01
9.210884E-08,-1.5000986E-01
9.215884E-08,-1.5006257E-01
9.220884E-08,-1.5011528E-01
9.225884E-08,-1.5016799E-01
9.230884E-08,-1.5027341E-01
9.235884E-08,-1.5032612E-01
9.240884E-08,-1.5043153E-01
9.245884E-08,-1.5048424E-01
9.250884E-08,-1.5053695E-01
9.255884E-08,-1.5064237E-01
9.260884E-08,-1.5069508E-01
9.265884E-08,-1.5080050E-01
9.270884E-08,-1.5085321E-01
9.275884E-08,-1.5090592E-01
9.280884E-08,-1.5101133E-01
9.285884E-08,-1.5106404E-01
9.290884E-08,-1.5111675E-01
9.295884E-08,-1.5116946E-01
9.300884E-08,-1.5116946E-01
9.305884E-08,-1.5122217E-01
9.310884E-08,-1.5127488E-01
9.315884E-08,-1.5127488E-01
9.320884E-08,-1.5127488E-01
9.325884E-08,-1.5127488E-01
9.330884E-08,-1.5127488E-01
9.335884E-08,-1.5127488E-01
9.340884E-08,-1.5127488E-01
9.345884E-08,-1.5127488E-01
9.350884E-08,-1.5122217E-01
9.355884E-08,-1.5122217E-01
9.360884E-08,-1.5116946E-01
9.365884E-08,-1.5111675E-01
9.370884E-08,-1.5106404E-01
9.375884E-08,-1.5101133E-01
9.380884E-08,-1.5095862E-01
9.385884E-08,-1.5090592E-01
9.390884E-08,-1.5085321E-01
9.395884E-08,-1.5080050E-01
9.400884E-08,-1.5074779E-01
9.405884E-08,-1.5069508E-01
9.410884E-08,-1.5064237E-01
9.415884E-08,-1.5064237E-01
9.420884E-08,-1.5058966E-01
9.425884E-08,-1.5053695E-01
9.430884E-08,-1.5048424E-01
9.435884E-08,-1.5043153E-01
9.440884E-08,-1.5037883E-01
9.445884E-08,-1.5037883E-01
9.450884E-08,-1.5032612E-01
9.455884E-08,-1.5032612E-01
9.460884E-08,-1.5027341E-01
9.465884E-08,-1.5027341E-01
9.470884E-08,-1.5022070E-01
9.475884E-08,-1.5022070E-01
9.480884E-08,-1.5022070E-01
9.485884E-08,-1.5022070E-01
9.490884E-08,-1.5016799E-01
9.495884E-08,-1.5016799E-01
9.500884E-08,-1.5016799E-01
9.505884E-08,-1.5016799E-01
9.510884E-08,-1.5016799E-01
9.515884E-08,-1.5016799E-01
9.520884E-08,-1.5022070E-01
9.525884E-08,-1.5022070E-01
9.530884E-08,-1.5022070E-01
9.535884E-08,-1.5022070E-01
9.540884E-08,-1.5022070E-01
9.545884E-08,-1.5027341E-01
9.550884E-08,-1.5027341E-01
9.555884E-08,-1.5027341E-01
9.560884E-08,-1.5027341E-01
9.565884E-08,-1.5032612E-01
9.570884E-08,-1.5032612E-01
9.575884E-08,-1.5032612E-01
9.580884E-08,-1.5037883E-01
9.585884E-08,-1.5037883E-01
9.590884E-08,-1.5037883E-01
9.595884E-08,-1.5043153E-01
9.600884E-08,-1.5043153E-01
9.605884E-08,-1.5043153E-01
9.610884E-08,-1.5048424E-01
9.615884E-08,-1.5048424E-01
9.620884E-08,-1.5048424E-01
9.625884E-08,-1.5053695E-01
9.630884E-08,-1.5053695E-01
9.635884E-08,-1.5053695E-01
9.640884E-08,-1.5058966E-01
9.645884E-08,-1.5058966E-01
9.650884E-08,-1.5058966E-01
9.655884E-08,-1.5058966E-01
9.660884E-08,-1.5058966E-01
9.665884E-08,-1.5058966E-01
9.670884E-08,-1.5058966E-01
9.675884E-08,-1.5064237E-01
9.680884E-08,-1.5058966E-01
9.685884E-08,-1.5058966E-01
9.690884E-08,-1.5058966E-01
9.695884E-08,-1.5058966E-01
9.700884E-08,-1.5058966E-01
9.705884E-08,-1.5058966E-01
9.710884E-08,-1.5053695E-01
9.715884E-08,-1.5053695E-01
9.720884E-08,-1.5053695E-01
9.725884E-08,-1.5048424E-01
9.730884E-08,-1.5048424E-01
9.735884E-08,-1.5043153E-01
9.740884E-08,-1.5043153E-01
9.745884E-08,-1.5037883E-01
9.750884E-08,-1.5037883E-01
9.755884E-08,-1.5037883E-01
9.760884E-08,-1.5032612E-01
9.765884E-08,-1.5032612E-01
9.770884E-08,-1.5027341E-01
9.775884E-08,-1.5027341E-01
9.780884E-08,-1.5022070E-01
9.785884E-08,-1.5022070E-01
9.790884E-08,-1.5022070E-01
9.795884E-08,-1.5022070E-01
9.800884E-08,-1.5016799E-01
9.805884E-08,-1.5016799E-01
9.810884E-08,-1.5016799E-01
9.815884E-08,-1.5016799E-01
9.820884E-08,-1.5011528E-01
9.825884E-08,-1.5011528E-01
9.830884E-08,-1.5011528E-01
9.835884E-08,-1.5011528E-01
9.840884E-08,-1.5011528E-01
9.845884E-08,-1.5011528E-01
9.850884E-08,-1.5011528E-01
9.855884E-08,-1.5006257E-01
9.860884E-08,-1.5006257E-01
9.865884E-08,-1.5006257E-01
9.870884E-08,-1.5006257E-01
9.875884E-08,-1.5000986E-01
9.880884E-08,-1.5000986E-01
9.885884E-08,-1.5000986E-01
9.890884E-08,-1.4995715E-01
9.895884E-08,-1.4995715E-01
9.900884E-08,-1.4995715E-01
9.905884E-08,-1.4990444E-01
9.910884E-08,-1.4990444E-01
9.915884E-08,-1.4985173E-01
9.920884E-08,-1.4985173E-01
9.925884E-08,-1.4979903E-01
9.930884E-08,-1.4979903E-01
9.935884E-08,-1.4974632E-01
9.940884E-08,-1.4974632E-01
9.945884E-08,-1.4969361E-01
9.950884E-08,-1.4969361E-01
9.955884E-08,-1.4964090E-01
9.960884E-08,-1.4964090E-01
9.965884E-08,-1.4964090E-01
9.970884E-08,-1.4964090E-01
9.975884E-08,-1.4958819E-01
9.980884E-08,-1.4958819E-01
9.985884E-08,-1.4958819E-01
9.990884E-08,-1.4958819E-01
9.995884E-08,-1.4958819E-01
1.0000884E-07,-1.4958819E-01
1.0005884E-07,-1.4964090E-01
1.0010884E-07,-1.4964090E-01
1.0015884E-07,-1.4964090E-01
1.0020884E-07,-1.4969361E-01
1.0025884E-07,-1.4969361E-01
1.0030884E-07,-1.4974632E-01
1.0035884E-07,-1.4974632E-01
1.0040884E-07,-1.4979903E-01
1.0045884E-07,-1.4979903E-01
1.0050884E-07,-1.4985173E-01
1.0055884E-07,-1.4985173E-01
1.0060884E-07,-1.4990444E-01
1.0065884E-07,-1.4995715E-01
1.0070884E-07,-1.4995715E-01
1.0075884E-07,-1.5000986E-01
1.0080884E-07,-1.5000986E-01
1.0085884E-07,-1.5000986E-01
1.0090884E-07,-1.5006257E-01
1.0095884E-07,-1.5006257E-01
1.0100884E-07,-1.5006257E-01
1.0105884E-07,-1.5006257E-01
1.0110884E-07,-1.5006257E-01
1.0115884E-07,-1.5006257E-01
1.0120884E-07,-1.5006257E-01
1.0125884E-07,-1.5006257E-01
1.0130884E-07,-1.5006257E-01
1.0135884E-07,-1.5006257E-01
1.0140884E-07,-1.5000986E-01
1.0145884E-07,-1.5000986E-01
1.0150884E-07,-1.5000986E-01
1.0155884E-07,-1.4995715E-01
1.0160884E-07,-1.4995715E-01
1.0165884E-07,-1.4995715E-01
1.0170884E-07,-1.4990444E-01
1.0175884E-07,-1.4990444E-01
1.0180884E-07,-1.4985173E-01
1.0185884E-07,-1.4985173E-01
1.0190884E-07,-1.4985173E-01
1.0195884E-07,-1.4985173E-01
1.0200884E-07,-1.4979903E-01
1.0205884E-07,-1.4979903E-01
1.0210884E-07,-1.4979903E-01
1.0215884E-07,-1.4979903E-01
1.0220884E-07,-1.4979903E-01
1.0225884E-07,-1.4979903E-01
1.0230884E-07,-1.4979903E-01
1.0235884E-07,-1.4985173E-01
1.0240884E-07,-1.4985173E-01
1.0245884E-07,-1.4985173E-01
1.0250884E-07,-1.4990444E-01
1.0255884E-07,-1.4990444E-01
1.0260884E-07,-1.4990444E-01
1.0265884E-07,-1.4995715E-01
1.0270884E-07,-1.4995715E-01
1.0275884E-07,-1.5000986E-01
1.0280884E-07,-1.5000986E-01
1.0285884E-07,-1.5000986E-01
1.0290884E-07,-1.5006257E-01
1.0295884E-07,-1.5006257E-01
1.0300884E-07,-1.5011528E-01
1.0305884E-07,-1.5011528E-01
1.0310884E-07,-1.5011528E-01
1.0315884E-07,-1.5011528E-01
1.0320884E-07,-1.5011528E-01
1.0325884E-07,-1.5016799E-01
1.0330884E-07,-1.5016799E-01
1.0335884E-07,-1.5016799E-01
1.0340884E-07,-1.5016799E-01
1.0345884E-07,-1.5016799E-01
1.0350884E-07,-1.5016799E-01
1.0355884E-07,-1.5016799E-01
1.0360884E-07,-1.5011528E-01
1.0365884E-07,-1.5011528E-01
1.0370884E-07,-1.5011528E-01
1.0375884E-07,-1.5011528E-01
1.0380884E-07,-1.5011528E-01
1.0385884E-07,-1.5011528E-01
1.0390884E-07,-1.5006257E-01
1.0395884E-07,-1.5006257E-01
1.0400884E-07,-1.5006257E-01
1.0405884E-07,-1.5006257E-01
1.0410884E-07,-1.5006257E-01
1.0415884E-07,-1.5006257E-01
1.0420884E-07,-1.5006257E-01
1.0425884E-07,-1.5006257E-01
1.0430884E-07,-1.5006257E-01
1.0435884E-07,-1.5006257E-01
1.0440884E-07,-1.5006257E-01
1.0445884E-07,-1.5006257E-01
1.0450884E-07,-1.5006257E-01
1.0455884E-07,-1.5011528E-01
1.0460884E-07,-1.5011528E-01
1.0465884E-07,-1.5011528E-01
1.0470884E-07,-1.5011528E-01
1.0475884E-07,-1.5016799E-01
1.0480884E-07,-1.5016799E-01
1.0485884E-07,-1.5016799E-01
1.0490884E-07,-1.5022070E-01
1.0495884E-07,-1.5022070E-01
1.0500884E-07,-1.5022070E-01
1.0505884E-07,-1.5027341E-01
1.0510884E-07,-1.5027341E-01
1.0515884E-07,-1.5032612E-01
1.0520884E-07,-1.5032612E-01
1.0525884E-07,-1.5037883E-01
1.0530884E-07,-1.5037883E-01
1.0535884E-07,-1.5037883E-01
1.0540884E-07,-1.5043153E-01
1.0545884E-07,-1.5043153E-01
1.0550884E-07,-1.5048424E-01
1.0555884E-07,-1.5048424E-01
1.0560884E-07,-1.5048424E-01
1.0565884E-07,-1.5053695E-01
1.0570884E-07,-1.5053695E-01
1.0575884E-07,-1.5058966E-01
1.0580884E-07,-1.5058966E-01
1.0585884E-07,-1.5064237E-01
1.0590884E-07,-1.5064237E-01
1.0595884E-07,-1.5069508E-01
1.0600884E-07,-1.5069508E-01
1.0605884E-07,-1.5074779E-01
1.0610884E-07,-1.5074779E-01
1.0615884E-07,-1.5080050E-01
1.0620884E-07,-1.5080050E-01
1.0625884E-07,-1.5080050E-01
1.0630884E-07,-1.5085321E-01
1.0635884E-07,-1.5085321E-01
1.0640884E-07,-1.5090592E-01
1.0645884E-07,-1.5090592E-01
1.0650884E-07,-1.5090592E-01
1.0655884E-07,-1.5095862E-01
1.0660884E-07,-1.5095862E-01
1.0665884E-07,-1.5095862E-01
1.0670884E-07,-1.5095862E-01
1.0675884E-07,-1.5101133E-01
1.0680884E-07,-1.5101133E-01
1.0685884E-07,-1.5101133E-01
1.0690884E-07,-1.5101133E-01
1.0695884E-07,-1.5101133E-01
1.0700884E-07,-1.5101133E-01
1.0705884E-07,-1.5101133E-01
1.0710884E-07,-1.5095862E-01
1.0715884E-07,-1.5095862E-01
1.0720884E-07,-1.5095862E-01
1.0725884E-07,-1.5090592E-01
1.0730884E-07,-1.5090592E-01
1.0735884E-07,-1.5085321E-01
1.0740884E-07,-1.5085321E-01
1.0745884E-07,-1.5080050E-01
1.0750884E-07,-1.5080050E-01
1.0755884E-07,-1.5074779E-01
1.0760884E-07,-1.5074779E-01
1.0765884E-07,-1.5069508E-01
1.0770884E-07,-1.5064237E-01
1.0775884E-07,-1.5064237E-01
1.0780884E-07,-1.5058966E-01
1.0785884E-07,-1.5053695E-01
1.0790884E-07,-1.5053695E-01
1.0795884E-07,-1.5048424E-01
1.0800884E-07,-1.5043153E-01
1.0805884E-07,-1.5037883E-01
1.0810884E-07,-1.5037883E-01
1.0815884E-07,-1.5032612E-01
1.0820884E-07,-1.5032612E-01
1.0825884E-07,-1.5027341E-01
1.0830884E-07,-1.5022070E-01
1.0835884E-07,-1.5022070E-01
1.0840884E-07,-1.5016799E-01
1.0845884E-07,-1.5016799E-01
1.0850884E-07,-1.5011528E-01
1.0855884E-07,-1.5011528E-01
1.0860884E-07,-1.5006257E-01
1.0865884E-07,-1.5006257E-01
1.0870884E-07,-1.5000986E-01
1.0875884E-07,-1.5000986E-01
1.0880884E-07,-1.4995715E-01
1.0885884E-07,-1.4995715E-01
1.0890884E-07,-1.4995715E-01
1.0895884E-07,-1.4990444E-01
1.0900884E-07,-1.4990444E-01
1.0905884E-07,-1.4990444E-01
1.0910884E-07,-1.4985173E-01
1.0915884E-07,-1.4985173E-01
1.0920884E-07,-1.4985173E-01
1.0925884E-07,-1.4985173E-01
1.0930884E-07,-1.4985173E-01
1.0935884E-07,-1.4985173E-01
1.0940884E-07,-1.4979903E-01
1.0945884E-07,-1.4979903E-01
1.0950884E-07,-1.4979903E-01
1.0955884E-07,-1.4979903E-01
1.0960884E-07,-1.4979903E-01
1.0965884E-07,-1.4979903E-01
1.0970884E-07,-1.4979903E-01
1.0975884E-07,-1.4979903E-01
1.0980884E-07,-1.4979903E-01
1.0985884E-07,-1.4979903E-01
1.0990884E-07,-1.4979903E-01
1.0995884E-07,-1.4979903E-01
1.1000884E-07,-1.4979903E-01
1.1005884E-07,-1.4979903E-01
1.1010884E-07,-1.4979903E-01
1.1015884E-07,-1.4974632E-01
1.1020884E-07,-1.4974632E-01
1.1025884E-07,-1.4974632E-01
1.1030884E-07,-1.4974632E-01
1.1035884E-07,-1.4969361E-01
1.1040884E-07,-1.4969361E-01
1.1045884E-07,-1.4964090E-01
1.1050884E-07,-1.4964090E-01
1.1055884E-07,-1.4958819E-01
1.1060884E-07,-1.4958819E-01
1.1065884E-07,-1.4953548E-01
1.1070884E-07,-1.4948277E-01
1.1075884E-07,-1.4943006E-01
1.1080884E-07,-1.4943006E-01
1.1085884E-07,-1.4937735E-01
1.1090884E-07,-1.4932464E-01
1.1095884E-07,-1.4927194E-01
1.1100884E-07,-1.4927194E-01
1.1105884E-07,-1.4921923E-01
1.1110884E-07,-1.4916652E-01
1.1115884E-07,-1.4911381E-01
1.1120884E-07,-1.4911381E-01
1.1125884E-07,-1.4906110E-01
1.1130884E-07,-1.4900839E-01
1.1135884E-07,-1.4900839E-01
1.1140884E-07,-1.4895568E-01
1.1145884E-07,-1.4895568E-01
1.1150884E-07,-1.4895568E-01
1.1155884E-07,-1.4895568E-01
1.1160884E-07,-1.4890297E-01
1.1165884E-07,-1.4890297E-01
1.1170884E-07,-1.4890297E-01
1.1175884E-07,-1.4895568E-01
1.1180884E-07,-1.4895568E-01
1.1185884E-07,-1.4895568E-01
1.1190884E-07,-1.4895568E-01
1.1195884E-07,-1.4900839E-01
1.1200884E-07,-1.4900839E-01
1.1205884E-07,-1.4906110E-01
1.1210884E-07,-1.4906110E-01
1.1215884E-07,-1.4911381E-01
1.1220884E-07,-1.4916652E-01
1.1225884E-07,-1.4916652E-01
1.1230884E-07,-1.4921923E-01
1.1235884E-07,-1.4921923E-01
1.1240884E-07,-1.4927194E-01
1.1245884E-07,-1.4932464E-01
1.1250884E-07,-1.4932464E-01
1.1255884E-07,-1.4932464E-01
1.1260884E-07,-1.4937735E-01
1.1265884E-07,-1.4937735E-01
1.1270884E-07,-1.4943006E-01
1.1275884E-07,-1.4943006E-01
1.1280884E-07,-1.4943006E-01
1.1285884E-07,-1.4943006E-01
1.1290884E-07,-1.4943006E-01
1.1295884E-07,-1.4943006E-01
1.1300884E-07,-1.4943006E-01
1.1305884E-07,-1.4943006E-01
1.1310884E-07,-1.4943006E-01
1.1315884E-07,-1.4943006E-01
1.1320884E-07,-1.4937735E-01
1.1325884E-07,-1.4937735E-01
1.1330884E-07,-1.4937735E-01
1.1335884E-07,-1.4937735E-01
1.1340884E-07,-1.4937735E-01
1.1345884E-07,-1.4937735E-01
1.1350884E-07,-1.4937735E-01
1.1355884E-07,-1.4937735E-01
1.1360884E-07,-1.4937735E-01
1.1365884E-07,-1.4937735E-01
1.1370884E-07,-1.4937735E-01
1.1375884E-07,-1.4937735E-01
1.1380884E-07,-1.4943006E-01
1.1385884E-07,-1.4943006E-01
1.1390884E-07,-1.4948277E-01
1.1395884E-07,-1.4948277E-01
1.1400884E-07,-1.4953548E-01
1.1405884E-07,-1.4958819E-01
1.1410884E-07,-1.4964090E-01
1.1415884E-07,-1.4964090E-01
1.1420884E-07,-1.4969361E-01
1.1425884E-07,-1.4974632E-01
1.1430884E-07,-1.4979903E-01
1.1435884E-07,-1.4985173E-01
1.1440884E-07,-1.4990444E-01
1.1445884E-07,-1.4995715E-01
1.1450884E-07,-1.5000986E-01
1.1455884E-07,-1.5000986E-01
1.1460884E-07,-1.5006257E-01
1.1465884E-07,-1.5011528E-01
1.1470884E-07,-1.5011528E-01
1.1475884E-07,-1.5016799E-01
1.1480884E-07,-1.5016799E-01
1.1485884E-07,-1.5022070E-01
1.1490884E-07,-1.5022070E-01
1.1495884E-07,-1.5022070E-01
1.1500884E-07,-1.5022070E-01
1.1505884E-07,-1.5022070E-01
1.1510884E-07,-1.5022070E-01
1.1515884E-07,-1.5016799E-01
1.1520884E-07,-1.5016799E-01
1.1525884E-07,-1.5016799E-01
1.1530884E-07,-1.5011528E-01
1.1535884E-07,-1.5006257E-01
1.1540884E-07,-1.5006257E-01
1.1545884E-07,-1.5000986E-01
1.1550884E-07,-1.5000986E-01
1.1555884E-07,-1.4995715E-01
1.1560884E-07,-1.4990444E-01
1.1565884E-07,-1.4985173E-01
1.1570884E-07,-1.4985173E-01
1.1575884E-07,-1.4979903E-01
1.1580884E-07,-1.4979903E-01
1.1585884E-07,-1.4974632E-01
1.1590884E-07,-1.4974632E-01
1.1595884E-07,-1.4969361E-01
1.1600884E-07,-1.4969361E-01
1.1605884E-07,-1.4964090E-01
1.1610884E-07,-1.4964090E-01
1.1615884E-07,-1.4964090E-01
1.1620884E-07,-1.4964090E-01
1.1625884E-07,-1.4964090E-01
1.1630884E-07,-1.4964090E-01
1.1635884E-07,-1.4964090E-01
1.1640884E-07,-1.4964090E-01
1.1645884E-07,-1.4964090E-01
1.1650884E-07,-1.4969361E-01
1.1655884E-07,-1.4969361E-01
1.1660884E-07,-1.4969361E-01
1.1665884E-07,-1.4969361E-01
1.1670884E-07,-1.4974632E-01
1.1675884E-07,-1.4974632E-01
1.1680884E-07,-1.4974632E-01
1.1685884E-07,-1.4974632E-01
1.1690884E-07,-1.4974632E-01
1.1695884E-07,-1.4974632E-01
1.1700884E-07,-1.4974632E-01
1.1705884E-07,-1.4974632E-01
1.1710884E-07,-1.4974632E-01
1.1715884E-07,-1.4974632E-01
1.1720884E-07,-1.4974632E-01
1.1725884E-07,-1.4974632E-01
1.1730884E-07,-1.4969361E-01
1.1735884E-07,-1.4969361E-01
1.1740884E-07,-1.4969361E-01
1.1745884E-07,-1.4964090E-01
1.1750884E-07,-1.4964090E-01
1.1755884E-07,-1.4958819E-01
1.1760884E-07,-1.4958819E-01
1.1765884E-07,-1.4953548E-01
1.1770884E-07,-1.4953548E-01
1.1775884E-07,-1.4948277E-01
1.1780884E-07,-1.4943006E-01
1.1785884E-07,-1.4943006E-01
1.1790884E-07,-1.4937735E-01
1.1795884E-07,-1.4937735E-01
1.1800884E-07,-1.4932464E-01
1.1805884E-07,-1.4932464E-01
1.1810884E-07,-1.4932464E-01
1.1815884E-07,-1.4927194E-01
1.1820884E-07,-1.4927194E-01
1.1825884E-07,-1.4927194E-01
1.1830884E-07,-1.4927194E-01
1.1835884E-07,-1.4927194E-01
1.1840884E-07,-1.4927194E-01
1.1845884E-07,-1.4927194E-01
1.1850884E-07,-1.4927194E-01
1.1855884E-07,-1.4927194E-01
1.1860884E-07,-1.4927194E-01
1.1865884E-07,-1.4932464E-01
1.1870884E-07,-1.4932464E-01
1.1875884E-07,-1.4932464E-01
1.1880884E-07,-1.4937735E-01
1.1885884E-07,-1.4937735E-01
1.1890884E-07,-1.4937735E-01
1.1895884E-07,-1.4943006E-01
1.1900884E-07,-1.4943006E-01
1.1905884E-07,-1.4948277E-01
1.1910884E-07,-1.4948277E-01
1.1915884E-07,-1.4953548E-01
1.1920884E-07,-1.4953548E-01
1.1925884E-07,-1.4958819E-01
1.1930884E-07,-1.4958819E-01
1.1935884E-07,-1.4958819E-01
1.1940884E-07,-1.4964090E-01
1.1945884E-07,-1.4964090E-01
1.1950884E-07,-1.4969361E-01
1.1955884E-07,-1.4969361E-01
1.1960884E-07,-1.4969361E-01
1.1965884E-07,-1.4969361E-01
1.1970884E-07,-1.4974632E-01
1.1975884E-07,-1.4974632E-01
1.1980884E-07,-1.4974632E-01
1.1985884E-07,-1.4974632E-01
1.1990884E-07,-1.4974632E-01
1.1995884E-07,-1.4974632E-01
1.2000884E-07,-1.4974632E-01
1.2005884E-07,-1.4974632E-01
1.2010884E-07,-1.4974632E-01
1.2015884E-07,-1.4974632E-01
1.2020884E-07,-1.4969361E-01
1.2025884E-07,-1.4969361E-01
1.2030884E-07,-1.4969361E-01
1.2035884E-07,-1.4969361E-01
1.2040884E-07,-1.4964090E-01
1.2045884E-07,-1.4964090E-01
1.2050884E-07,-1.4958819E-01
1.2055884E-07,-1.4958819E-01
1.2060884E-07,-1.4953548E-01
1.2065884E-07,-1.4953548E-01
1.2070884E-07,-1.4948277E-01
1.2075884E-07,-1.4948277E-01
1.2080884E-07,-1.4943006E-01
1.2085884E-07,-1.4937735E-01
1.2090884E-07,-1.4932464E-01
1.2095884E-07,-1.4932464E-01
1.2100884E-07,-1.4927194E-01
1.2105884E-07,-1.4921923E-01
1.2110884E-07,-1.4916652E-01
1.2115884E-07,-1.4911381E-01
1.2120884E-07,-1.4906110E-01
1.2125884E-07,-1.4906110E-01
1.2130884E-07,-1.4900839E-01
1.2135884E-07,-1.4895568E-01
1.2140884E-07,-1.4890297E-01
1.2145884E-07,-1.4885026E-01
1.2150884E-07,-1.4879755E-01
1.2155884E-07,-1.4879755E-01
1.2160884E-07,-1.4874485E-01
1.2165884E-07,-1.4874485E-01
1.2170884E-07,-1.4869214E-01
1.2175884E-07,-1.4869214E-01
1.2180884E-07,-1.4863943E-01
1.2185884E-07,-1.4863943E-01
1.2190884E-07,-1.4858672E-01
1.2195884E-07,-1.4858672E-01
1.2200884E-07,-1.4858672E-01
1.2205884E-07,-1.4858672E-01
1.2210884E-07,-1.4858672E-01
1.2215884E-07,-1.4858672E-01
1.2220884E-07,-1.4858672E-01
1.2225884E-07,-1.4858672E-01
1.2230884E-07,-1.4863943E-01
1.2235884E-07,-1.4863943E-01
1.2240884E-07,-1.4863943E-01
1.2245884E-07,-1.4863943E-01
1.2250884E-07,-1.4869214E-01
1.2255884E-07,-1.4869214E-01
1.2260884E-07,-1.4874485E-01
1.2265884E-07,-1.4874485E-01
1.2270884E-07,-1.4874485E-01
1.2275884E-07,-1.4879755E-01
1.2280884E-07,-1.4879755E-01
1.2285884E-07,-1.4879755E-01
1.2290884E-07,-1.4879755E-01
1.2295884E-07,-1.4885026E-01
1.2300884E-07,-1.4885026E-01
1.2305884E-07,-1.4885026E-01
1.2310884E-07,-1.4885026E-01
1.2315884E-07,-1.4885026E-01
1.2320884E-07,-1.4885026E-01
1.2325884E-07,-1.4885026E-01
1.2330884E-07,-1.4885026E-01
1.2335884E-07,-1.4885026E-01
1.2340884E-07,-1.4885026E-01
1.2345884E-07,-1.4885026E-01
1.2350884E-07,-1.4885026E-01
1.2355884E-07,-1.4885026E-01
1.2360884E-07,-1.4885026E-01
1.2365884E-07,-1.4885026E-01
1.2370884E-07,-1.4885026E-01
1.2375884E-07,-1.4885026E-01
1.2380884E-07,-1.4885026E-01
1.2385884E-07,-1.4885026E-01
1.2390884E-07,-1.4885026E-01
1.2395884E-07,-1.4890297E-01
1.2400884E-07,-1.4890297E-01
1.2405884E-07,-1.4890297E-01
1.2410884E-07,-1.4890297E-01
1.2415884E-07,-1.4895568E-01
1.2420884E-07,-1.4895568E-01
1.2425884E-07,-1.4900839E-01
1.2430884E-07,-1.4900839E-01
1.2435884E-07,-1.4906110E-01
1.2440884E-07,-1.4911381E-01
1.2445884E-07,-1.4911381E-01
1.2450884E-07,-1.4916652E-01
1.2455884E-07,-1.4921923E-01
1.2460884E-07,-1.4921923E-01
1.2465884E-07,-1.4927194E-01
1.2470884E-07,-1.4932464E-01
1.2475884E-07,-1.4937735E-01
1.2480884E-07,-1.4937735E-01
1.2485884E-07,-1.4943006E-01
1.2490884E-07,-1.4948277E-01
1.2495884E-07,-1.4948277E-01
1.2500884E-07,-1.4953548E-01
1.2505884E-07,-1.4953548E-01
1.2510884E-07,-1.4958819E-01
1.2515884E-07,-1.4958819E-01
1.2520884E-07,-1.4958819E-01
1.2525884E-07,-1.4964090E-01
1.2530884E-07,-1.4964090E-01
1.2535884E-07,-1.4964090E-01
1.2540884E-07,-1.4964090E-01
1.2545884E-07,-1.4964090E-01
1.2550884E-07,-1.4964090E-01
1.2555884E-07,-1.4958819E-01
1.2560884E-07,-1.4958819E-01
1.2565884E-07,-1.4958819E-01
1.2570884E-07,-1.4958819E-01
1.2575884E-07,-1.4953548E-01
1.2580884E-07,-1.4953548E-01
1.2585884E-07,-1.4948277E-01
1.2590884E-07,-1.4948277E-01
1.2595884E-07,-1.4943006E-01
1.2600884E-07,-1.4943006E-01
1.2605884E-07,-1.4943006E-01
1.2610884E-07,-1.4937735E-01
1.2615884E-07,-1.4937735E-01
1.2620884E-07,-1.4932464E-01
1.2625884E-07,-1.4932464E-01
1.2630884E-07,-1.4927194E-01
1.2635884E-07,-1.4927194E-01
1.2640884E-07,-1.4927194E-01
1.2645884E-07,-1.4927194E-01
1.2650884E-07,-1.4921923E-01
1.2655884E-07,-1.4921923E-01
1.2660884E-07,-1.4921923E-01
1.2665884E-07,-1.4921923E-01
1.2670884E-07,-1.4921923E-01
1.2675884E-07,-1.4921923E-01
1.2680884E-07,-1.4921923E-01
1.2685884E-07,-1.4921923E-01
1.2690884E-07,-1.4921923E-01
1.2695884E-07,-1.4921923E-01
1.2700884E-07,-1.4921923E-01
1.2705884E-07,-1.4927194E-01
1.2710884E-07,-1.4927194E-01
1.2715884E-07,-1.4927194E-01
1.2720884E-07,-1.4932464E-01
1.2725884E-07,-1.4932464E-01
1.2730884E-07,-1.4932464E-01
1.2735884E-07,-1.4937735E-01
1.2740884E-07,-1.4937735E-01
1.2745884E-07,-1.4943006E-01
1.2750884E-07,-1.4943006E-01
1.2755884E-07,-1.4948277E-01
1.2760884E-07,-1.4948277E-01
1.2765884E-07,-1.4953548E-01
1.2770884E-07,-1.4953548E-01
1.2775884E-07,-1.4958819E-01
1.2780884E-07,-1.4958819E-01
1.2785884E-07,-1.4964090E-01
1.2790884E-07,-1.4969361E-01
1.2795884E-07,-1.4969361E-01
1.2800884E-07,-1.4974632E-01
1.2805884E-07,-1.4974632E-01
1.2810884E-07,-1.4974632E-01
1.2815884E-07,-1.4979903E-01
1.2820884E-07,-1.4979903E-01
1.2825884E-07,-1.4979903E-01
1.2830884E-07,-1.4985173E-01
1.2835884E-07,-1.4985173E-01
1.2840884E-07,-1.4985173E-01
1.2845884E-07,-1.4985173E-01
1.2850884E-07,-1.4985173E-01
1.2855884E-07,-1.4985173E-01
1.2860884E-07,-1.4985173E-01
1.2865884E-07,-1.4979903E-01
1.2870884E-07,-1.4979903E-01
